accident_id,datetime,annee,mois,jour,heure,minute,departement,commune_insee,adresse,latitude,longitude,luminosite,agglomeration,intersection,meteo,collision,nb_vehicules,nb_usagers,nb_indemnes,nb_tues,nb_blesses_hosp,nb_blesses_legers,age_cond_1,age_cond_2,veh_type_cond_1,veh_type_cond_2,lum_code,agg_code,int_code,atm_code,col_code
201200000389,0012-04-30 12:00:00,12,4,30,12,0,800,34,,,,Plein jour,Hors agglomération,Hors intersection,Temps couvert,Deux véhicules - frontale,,,,,,,,,,,1,1,1,8.0,1
201200000390,0012-06-23 18:15:00,12,6,23,18,15,800,811,,,,Plein jour,Hors agglomération,Intersection en T,Normale,Deux véhicules - frontale,,,,,,,,,,,1,1,3,1.0,1
201200000391,0012-11-17 11:00:00,12,11,17,11,0,800,585,,,,Plein jour,Hors agglomération,Intersection en Y,Normale,Deux véhicules - côté,,,,,,,,,,,1,1,4,1.0,3
201200000392,0012-01-29 04:15:00,12,1,29,4,15,20,790,1 rue de Toulis,49.67022,3.78419,Nuit avec éclairage non allumé,En agglomération,Hors intersection,Normale,Autre collision,,,,,,,,,,,4,2,1,1.0,6
201200000393,0012-04-03 17:40:00,12,4,3,17,40,20,248,,,,Plein jour,Hors agglomération,Intersection en T,Normale,Deux véhicules - côté,,,,,,,,,,,1,1,3,1.0,3
201200000394,0012-05-18 10:00:00,12,5,18,10,0,20,559,20 rue richecourt,,,Plein jour,En agglomération,Hors intersection,Normale,Deux véhicules - arrière,,,,,,,,,,,1,2,1,1.0,2
201200000395,0012-06-01 14:00:00,12,6,1,14,0,20,827,,,,Plein jour,Hors agglomération,Hors intersection,Normale,Deux véhicules - frontale,,,,,,,,,,,1,1,1,1.0,1
201200000396,0012-11-06 17:15:00,12,11,6,17,15,20,517,,,,Crépuscule ou aube,Hors agglomération,Hors intersection,Normale,Deux véhicules - côté,,,,,,,,,,,2,1,1,1.0,3
201200000397,0012-12-25 12:20:00,12,12,25,12,20,20,128,,,,Plein jour,Hors agglomération,Hors intersection,Pluie légère,Deux véhicules - côté,,,,,,,,,,,1,1,1,2.0,3
201200000398,0012-06-02 20:20:00,12,6,2,20,20,20,474,,,,Plein jour,Hors agglomération,Hors intersection,Normale,Deux véhicules - frontale,,,,,,,,,,,1,1,1,1.0,1
201200000399,0012-07-18 15:00:00,12,7,18,15,0,20,14,,,,Plein jour,Hors agglomération,Hors intersection,Normale,Sans collision,,,,,,,,,,,1,1,1,1.0,7
201200000400,0012-03-28 12:15:00,12,3,28,12,15,20,613,Grande rue,,,Plein jour,En agglomération,Intersection en X,Normale,Deux véhicules - frontale,,,,,,,,,,,1,2,2,1.0,1
201200000401,0012-04-03 16:20:00,12,4,3,16,20,20,78,,,,Plein jour,Hors agglomération,Intersection en Y,Normale,Trois véhicules et plus - collisions multiples,,,,,,,,,,,1,1,4,1.0,5
201200000402,0012-05-12 16:15:00,12,5,12,16,15,20,236,,,,Plein jour,Hors agglomération,Hors intersection,Normale,Trois véhicules et plus - collisions multiples,,,,,,,,,,,1,1,1,1.0,5
201200000403,0012-05-14 15:10:00,12,5,14,15,10,20,765,,,,Plein jour,Hors agglomération,Passage à niveau,Normale,Deux véhicules - arrière,,,,,,,,,,,1,1,8,1.0,2
201200000404,0012-09-14 17:00:00,12,9,14,17,0,20,217,,,,Plein jour,Hors agglomération,Hors intersection,Normale,Trois véhicules et plus - collisions multiples,,,,,,,,,,,1,1,1,1.0,5
201200000405,0012-10-06 13:30:00,12,10,6,13,30,20,720,36 RUE DU 11 NOVEMBRE,,,Plein jour,En agglomération,Hors intersection,Normale,Autre collision,,,,,,,,,,,1,2,1,1.0,6
201200000406,0012-01-12 17:40:00,12,1,12,17,40,20,349,,,,Nuit sans éclairage public,Hors agglomération,Hors intersection,Pluie légère,Deux véhicules - frontale,,,,,,,,,,,3,1,1,2.0,1
201200000407,0012-01-12 16:30:00,12,1,12,16,30,20,309,,,,Plein jour,Hors agglomération,Hors intersection,Normale,Trois véhicules et plus - collisions multiples,,,,,,,,,,,1,1,1,1.0,5
201200000408,0012-10-07 16:30:00,12,10,7,16,30,20,791,,,,Plein jour,Hors agglomération,Intersection en X,Temps couvert,Deux véhicules - frontale,,,,,,,,,,,1,1,2,8.0,1
201200000409,0012-10-13 15:25:00,12,10,13,15,25,20,720,,,,Plein jour,Hors agglomération,Intersection en X,Pluie forte,Deux véhicules - côté,,,,,,,,,,,1,1,2,3.0,3
201200000410,0012-12-11 09:30:00,12,12,11,9,30,20,97,,49.59892,3.92562,Plein jour,Hors agglomération,Hors intersection,Neige / grêle,Autre collision,,,,,,,,,,,1,1,1,4.0,6
201200000411,0012-05-18 15:15:00,12,5,18,15,15,20,218,,,,Plein jour,Hors agglomération,Hors intersection,Normale,Sans collision,,,,,,,,,,,1,1,1,1.0,7
201200000412,0012-06-21 21:30:00,12,6,21,21,30,20,498,,,,Plein jour,Hors agglomération,Hors intersection,Normale,Sans collision,,,,,,,,,,,1,1,1,1.0,7
201200000413,0012-05-07 20:30:00,12,5,7,20,30,20,484,,,,Crépuscule ou aube,Hors agglomération,Hors intersection,Normale,Deux véhicules - arrière,,,,,,,,,,,2,1,1,1.0,2
201200000414,0012-06-25 17:15:00,12,6,25,17,15,20,669,,,,Plein jour,Hors agglomération,Autre intersection,Normale,Deux véhicules - côté,,,,,,,,,,,1,1,9,1.0,3
201200000415,0012-09-11 15:00:00,12,9,11,15,0,20,677,,,,Plein jour,Hors agglomération,Hors intersection,Pluie légère,Sans collision,,,,,,,,,,,1,1,1,2.0,7
201200000416,0012-09-19 11:15:00,12,9,19,11,15,20,540,,,,Plein jour,Hors agglomération,Hors intersection,Normale,Deux véhicules - arrière,,,,,,,,,,,1,1,1,1.0,2
201200000417,0012-12-06 16:15:00,12,12,6,16,15,20,677,,,,Plein jour,Hors agglomération,Hors intersection,Normale,Autre collision,,,,,,,,,,,1,1,1,1.0,6
201200000418,0012-02-26 04:15:00,12,2,26,4,15,20,162,,,,Nuit sans éclairage public,Hors agglomération,Hors intersection,Normale,Autre collision,,,,,,,,,,,3,1,1,1.0,6
201200000419,0012-06-09 19:20:00,12,6,9,19,20,20,281,,,,Plein jour,Hors agglomération,Hors intersection,Normale,Deux véhicules - frontale,,,,,,,,,,,1,1,1,1.0,1
201200000420,0012-07-22 00:15:00,12,7,22,0,15,20,798,,,,Nuit sans éclairage public,Hors agglomération,Hors intersection,Normale,Sans collision,,,,,,,,,,,3,1,1,1.0,7
201200000421,0012-10-31 05:40:00,12,10,31,5,40,20,798,,,,Nuit sans éclairage public,Hors agglomération,Hors intersection,Normale,Deux véhicules - frontale,,,,,,,,,,,3,1,1,1.0,1
201200000422,0012-12-19 17:30:00,12,12,19,17,30,20,163,voie Andre Rossi,48.9803,3.28643,Nuit avec éclairage allumé,En agglomération,Hors intersection,Temps couvert,Autre collision,,,,,,,,,,,5,2,1,8.0,6
201200000423,0012-01-02 16:15:00,12,1,2,16,15,20,351,,,,Plein jour,Hors agglomération,Hors intersection,Temps couvert,Autre collision,,,,,,,,,,,1,1,1,8.0,6
201200000424,0012-01-21 15:00:00,12,1,21,15,0,20,543,,,,Plein jour,Hors agglomération,Hors intersection,Pluie légère,Autre collision,,,,,,,,,,,1,1,1,2.0,6
201200000425,0012-01-21 12:00:00,12,1,21,12,0,20,305,,,,Plein jour,Hors agglomération,Hors intersection,Pluie légère,Deux véhicules - frontale,,,,,,,,,,,1,1,1,2.0,1
201200000426,0012-01-24 16:00:00,12,1,24,16,0,20,192,Rue de Fresnes,,,Plein jour,En agglomération,Hors intersection,Pluie légère,Autre collision,,,,,,,,,,,1,2,1,2.0,6
201200000427,0012-03-01 09:40:00,12,3,1,9,40,20,305,,,,Plein jour,Hors agglomération,Hors intersection,Brouillard / fumée,Autre collision,,,,,,,,,,,1,1,1,5.0,6
201200000428,0012-04-14 23:15:00,12,4,14,23,15,20,806,,,,Nuit sans éclairage public,Hors agglomération,Hors intersection,Normale,Autre collision,,,,,,,,,,,3,1,1,1.0,6
201200000429,0012-07-24 22:00:00,12,7,24,22,0,20,713,,,,Nuit sans éclairage public,Hors agglomération,Hors intersection,Normale,Autre collision,,,,,,,,,,,3,1,1,1.0,6
201200000430,0012-07-29 15:00:00,12,7,29,15,0,20,203,RUE DES BORDEAUX,,,Plein jour,En agglomération,Hors intersection,Normale,Deux véhicules - frontale,,,,,,,,,,,1,2,1,1.0,1
201200000431,0012-01-02 08:10:00,12,1,2,8,10,20,571,,,,Crépuscule ou aube,Hors agglomération,Hors intersection,Pluie légère,Trois véhicules et plus - en chaîne,,,,,,,,,,,2,1,1,2.0,4
201200000432,0012-05-14 22:45:00,12,5,14,22,45,20,383,,,,Nuit sans éclairage public,Hors agglomération,Hors intersection,Normale,Autre collision,,,,,,,,,,,3,1,1,1.0,6
201200000433,0012-09-08 03:00:00,12,9,8,3,0,20,142,,,,Nuit sans éclairage public,Hors agglomération,Hors intersection,Normale,Autre collision,,,,,,,,,,,3,1,1,1.0,6
201200000434,0012-01-05 08:10:00,12,1,5,8,10,20,703,,,,Crépuscule ou aube,Hors agglomération,Hors intersection,Pluie légère,Autre collision,,,,,,,,,,,2,1,1,2.0,6
201200000435,0012-05-26 11:45:00,12,5,26,11,45,20,61,,,,Plein jour,Hors agglomération,Hors intersection,Normale,Sans collision,,,,,,,,,,,1,1,1,1.0,7
201200000436,0012-09-08 15:30:00,12,9,8,15,30,20,334,,,,Plein jour,Hors agglomération,Hors intersection,Temps éblouissant,Autre collision,,,,,,,,,,,1,1,1,7.0,6
201200000437,0012-01-27 09:15:00,12,1,27,9,15,20,648,GRANDE RUE,,,Plein jour,En agglomération,Hors intersection,Autre,Autre collision,,,,,,,,,,,1,2,1,9.0,6
201200000438,0012-08-27 20:00:00,12,8,27,20,0,20,287,,49.781,3.286,Plein jour,Hors agglomération,Hors intersection,Normale,Autre collision,,,,,,,,,,,1,1,1,1.0,6
201200000439,0012-09-05 19:30:00,12,9,5,19,30,20,717,,,,Plein jour,Hors agglomération,Hors intersection,Normale,Deux véhicules - frontale,,,,,,,,,,,1,1,1,1.0,1
201200000440,0012-01-27 16:15:00,12,1,27,16,15,20,131,43 A. DE GAL DE GAULLE,49.38957,3.39818,Plein jour,En agglomération,Hors intersection,Normale,Deux véhicules - frontale,,,,,,,,,,,1,2,1,1.0,1
201200000441,0012-02-09 01:30:00,12,2,9,1,30,20,693,,,,Nuit sans éclairage public,Hors agglomération,Hors intersection,Normale,Sans collision,,,,,,,,,,,3,1,1,1.0,7
201200000442,0012-05-14 06:15:00,12,5,14,6,15,20,424,,,,Plein jour,Hors agglomération,Intersection en X,Normale,Autre collision,,,,,,,,,,,1,1,2,1.0,6
201200000443,0012-06-10 10:15:00,12,6,10,10,15,20,90,,,,Plein jour,Hors agglomération,Intersection en Y,Normale,Deux véhicules - côté,,,,,,,,,,,1,1,4,1.0,3
201200000444,0012-06-12 11:45:00,12,6,12,11,45,20,400,,,,Plein jour,Hors agglomération,Hors intersection,Temps couvert,Deux véhicules - frontale,,,,,,,,,,,1,1,1,8.0,1
201200000445,0012-08-01 08:10:00,12,8,1,8,10,20,131,ROUTE DE VENIZEL,,,Plein jour,Hors agglomération,Intersection en T,Normale,Deux véhicules - frontale,,,,,,,,,,,1,1,3,1.0,1
201200000446,0012-10-31 14:50:00,12,10,31,14,50,20,593,RUE LOUIS POULETTE,49.4027,3.29402,Plein jour,En agglomération,Intersection en T,Normale,Deux véhicules - frontale,,,,,,,,,,,1,2,3,1.0,1
201200000447,0012-02-18 08:20:00,12,2,18,8,20,20,520,,,,Crépuscule ou aube,Hors agglomération,Hors intersection,Brouillard / fumée,Autre collision,,,,,,,,,,,2,1,1,5.0,6
201200000448,0012-06-10 18:25:00,12,6,10,18,25,20,3,,,,Plein jour,Hors agglomération,Intersection en T,Normale,Deux véhicules - côté,,,,,,,,,,,1,1,3,1.0,3
201200000449,0012-07-09 19:30:00,12,7,9,19,30,20,597,,,,Plein jour,Hors agglomération,Hors intersection,Normale,Deux véhicules - frontale,,,,,,,,,,,1,1,1,1.0,1
201200000450,0012-07-23 07:00:00,12,7,23,7,0,20,427,,,,Plein jour,Hors agglomération,Hors intersection,Normale,Deux véhicules - frontale,,,,,,,,,,,1,1,1,1.0,1
201200000451,0012-08-16 20:00:00,12,8,16,20,0,20,224,,,,Plein jour,Hors agglomération,Hors intersection,Normale,Sans collision,,,,,,,,,,,1,1,1,1.0,7
201200000452,0012-09-24 17:30:00,12,9,24,17,30,20,766,,,,Crépuscule ou aube,Hors agglomération,Hors intersection,Normale,Deux véhicules - frontale,,,,,,,,,,,2,1,1,1.0,1
201200000453,0012-10-04 16:45:00,12,10,4,16,45,20,10,,,,Plein jour,Hors agglomération,Hors intersection,Normale,Sans collision,,,,,,,,,,,1,1,1,1.0,7
201200000454,0012-10-17 13:00:00,12,10,17,13,0,20,427,,,,Plein jour,Hors agglomération,Hors intersection,Pluie légère,Deux véhicules - frontale,,,,,,,,,,,1,1,1,2.0,1
201200000455,0012-10-27 15:30:00,12,10,27,15,30,20,224,RUE DU CHATEAU,49.33829,3.57101,Plein jour,En agglomération,Intersection en T,Normale,Deux véhicules - arrière,,,,,,,,,,,1,2,3,1.0,2
201200000456,0012-12-16 16:30:00,12,12,16,16,30,20,714,,,,Crépuscule ou aube,Hors agglomération,Hors intersection,Normale,Sans collision,,,,,,,,,,,2,1,1,1.0,7
201200000457,0012-02-20 04:45:00,12,2,20,4,45,20,410,,,,Nuit sans éclairage public,Hors agglomération,Hors intersection,Normale,Autre collision,,,,,,,,,,,3,1,1,1.0,6
201200000458,0012-06-10 00:45:00,12,6,10,0,45,20,316,,,,Nuit sans éclairage public,Hors agglomération,Hors intersection,Normale,Sans collision,,,,,,,,,,,3,1,1,1.0,7
201200000459,0012-08-04 23:10:00,12,8,4,23,10,20,172,,,,Nuit sans éclairage public,Hors agglomération,Hors intersection,Normale,Sans collision,,,,,,,,,,,3,1,1,1.0,7
201200000460,0012-10-02 11:20:00,12,10,2,11,20,20,514,,,,Plein jour,Hors agglomération,Intersection en X,Pluie légère,Deux véhicules - côté,,,,,,,,,,,1,1,2,2.0,3
201200000461,0012-10-20 02:00:00,12,10,20,2,0,20,506,,,,Nuit sans éclairage public,Hors agglomération,Hors intersection,Pluie légère,Sans collision,,,,,,,,,,,3,1,1,2.0,7
201200000462,0012-10-22 13:25:00,12,10,22,13,25,20,810,,,,Plein jour,Hors agglomération,Hors intersection,Normale,Autre collision,,,,,,,,,,,1,1,1,1.0,6
201200000463,0012-11-15 16:40:00,12,11,15,16,40,20,687,,,,Plein jour,Hors agglomération,Hors intersection,Normale,Deux véhicules - arrière,,,,,,,,,,,1,1,1,1.0,2
201200000464,0012-12-24 11:15:00,12,12,24,11,15,20,232,,,,Plein jour,Hors agglomération,Hors intersection,Normale,Deux véhicules - frontale,,,,,,,,,,,1,1,1,1.0,1
201200000465,0012-06-29 08:35:00,12,6,29,8,35,20,444,,,,Plein jour,Hors agglomération,Hors intersection,Pluie légère,Deux véhicules - frontale,,,,,,,,,,,1,1,1,2.0,1
201200000466,0012-12-13 16:00:00,12,12,13,16,0,20,116,,,,Plein jour,Hors agglomération,Hors intersection,Pluie légère,Autre collision,,,,,,,,,,,1,1,1,2.0,6
201200000467,0012-10-18 17:30:00,12,10,18,17,30,20,491,CD26,,,Plein jour,En agglomération,Intersection en X,Normale,Deux véhicules - côté,,,,,,,,,,,1,2,2,1.0,3
201200000468,0012-05-15 19:05:00,12,5,15,19,5,20,422,,,,Plein jour,Hors agglomération,Hors intersection,Pluie forte,Deux véhicules - frontale,,,,,,,,,,,1,1,1,3.0,1
201200000469,0012-07-01 19:00:00,12,7,1,19,0,20,366,Rue du 08 mai 45,49.97127,3.62382,Plein jour,En agglomération,Intersection en T,Normale,Deux véhicules - côté,,,,,,,,,,,1,2,3,1.0,3
201200000470,0012-08-05 19:25:00,12,8,5,19,25,20,753,,,,Plein jour,En agglomération,Hors intersection,Normale,Autre collision,,,,,,,,,,,1,2,1,1.0,6
201200000471,0012-10-05 17:45:00,12,10,5,17,45,20,361,380 rue des Dr DEVILLERS,,,Plein jour,En agglomération,Hors intersection,Normale,Deux véhicules - arrière,,,,,,,,,,,1,2,1,1.0,2
201200000472,0012-10-10 14:30:00,12,10,10,14,30,20,361,rue Bastion Saint Andre,,,Plein jour,En agglomération,Hors intersection,Normale,Deux véhicules - côté,,,,,,,,,,,1,2,1,1.0,3
201200000473,0012-02-04 12:10:00,12,2,4,12,10,20,833,rue des marais,,,Plein jour,En agglomération,Hors intersection,Neige / grêle,Autre collision,,,,,,,,,,,1,2,1,4.0,6
201200000474,0012-03-11 17:30:00,12,3,11,17,30,20,31,,,,Plein jour,Hors agglomération,Intersection en T,Normale,Deux véhicules - côté,,,,,,,,,,,1,1,3,1.0,3
201200000475,0012-08-27 19:00:00,12,8,27,19,0,20,31,,,,Plein jour,Hors agglomération,Hors intersection,Normale,Autre collision,,,,,,,,,,,1,1,1,1.0,6
201200000476,0012-03-30 07:15:00,12,3,30,7,15,600,668,,,,Crépuscule ou aube,Hors agglomération,Hors intersection,Normale,Trois véhicules et plus - collisions multiples,,,,,,,,,,,2,1,1,1.0,5
201200000477,0012-05-15 12:00:00,12,5,15,12,0,600,628,,,,Plein jour,Hors agglomération,Hors intersection,Normale,Trois véhicules et plus - collisions multiples,,,,,,,,,,,1,1,1,1.0,5
201200000478,0012-07-10 07:30:00,12,7,10,7,30,600,302,RD9,,,Plein jour,En agglomération,Hors intersection,Normale,Trois véhicules et plus - collisions multiples,,,,,,,,,,,1,2,1,1.0,5
201200000479,0012-09-11 11:00:00,12,9,11,11,0,600,328,,,,Plein jour,En agglomération,Intersection en T,Pluie légère,Deux véhicules - côté,,,,,,,,,,,1,2,3,2.0,3
201200000480,0012-10-04 21:00:00,12,10,4,21,0,600,41,,,,Nuit sans éclairage public,Hors agglomération,Hors intersection,Normale,Deux véhicules - frontale,,,,,,,,,,,3,1,1,1.0,1
201200000481,0012-01-08 09:00:00,12,1,8,9,0,600,577,,,,Plein jour,Hors agglomération,Hors intersection,Normale,Sans collision,,,,,,,,,,,1,1,1,1.0,7
201200000482,0012-01-14 14:15:00,12,1,14,14,15,600,30,,,,Plein jour,Hors agglomération,Hors intersection,Brouillard / fumée,Deux véhicules - frontale,,,,,,,,,,,1,1,1,5.0,1
201200000483,0012-04-02 18:15:00,12,4,2,18,15,600,477,,,,Plein jour,Hors agglomération,Hors intersection,Normale,Deux véhicules - côté,,,,,,,,,,,1,1,1,1.0,3
201200000484,0012-04-05 10:45:00,12,4,5,10,45,600,30,,,,Plein jour,Hors agglomération,Hors intersection,Normale,Deux véhicules - frontale,,,,,,,,,,,1,1,1,1.0,1
201200000485,0012-04-19 19:00:00,12,4,19,19,0,600,29,rue du bel air,,,Plein jour,En agglomération,Hors intersection,Normale,Autre collision,,,,,,,,,,,1,2,1,1.0,6
201200000486,0012-05-07 22:30:00,12,5,7,22,30,600,477,Le vivier danger,,,Nuit avec éclairage allumé,En agglomération,Hors intersection,Pluie légère,Deux véhicules - côté,,,,,,,,,,,5,2,1,2.0,3
201200000487,0012-05-23 13:45:00,12,5,23,13,45,600,477,RN31,,,Plein jour,En agglomération,Hors intersection,Normale,Deux véhicules - arrière,,,,,,,,,,,1,2,1,1.0,2
201200000488,0012-10-04 06:00:00,12,10,4,6,0,600,29,,,,Nuit sans éclairage public,Hors agglomération,Intersection en X,Pluie forte,Deux véhicules - côté,,,,,,,,,,,3,1,2,3.0,3
201200000489,0012-01-22 14:30:00,12,1,22,14,30,600,239,,,,Plein jour,Hors agglomération,Hors intersection,Normale,Sans collision,,,,,,,,,,,1,1,1,1.0,7
201200000490,0012-01-17 12:30:00,12,1,17,12,30,600,169,,,,Plein jour,Hors agglomération,Hors intersection,Normale,Autre collision,,,,,,,,,,,1,1,1,1.0,6
201200000491,0012-04-09 14:30:00,12,4,9,14,30,600,239,,,,Plein jour,Hors agglomération,Intersection en X,Normale,Deux véhicules - côté,,,,,,,,,,,1,1,2,1.0,3
201200000492,0012-04-14 13:30:00,12,4,14,13,30,600,322,,,,Plein jour,Hors agglomération,Intersection en X,Normale,Deux véhicules - côté,,,,,,,,,,,1,1,2,1.0,3
201200000493,0012-05-15 22:45:00,12,5,15,22,45,600,528,,,,Nuit sans éclairage public,Hors agglomération,Hors intersection,Normale,Sans collision,,,,,,,,,,,3,1,1,1.0,7
201200000494,0012-06-02 14:00:00,12,6,2,14,0,600,89,,,,Plein jour,Hors agglomération,Intersection en T,Normale,Deux véhicules - frontale,,,,,,,,,,,1,1,3,1.0,1
201200000495,0012-06-07 14:15:00,12,6,7,14,15,600,211,,,,Plein jour,Hors agglomération,Hors intersection,Pluie légère,Trois véhicules et plus - collisions multiples,,,,,,,,,,,1,1,1,2.0,5
201200000496,0012-06-19 10:00:00,12,6,19,10,0,600,211,Rue Camille Pissaro,,,Plein jour,En agglomération,Hors intersection,Normale,Deux véhicules - arrière,,,,,,,,,,,1,2,1,1.0,2
201200000497,0012-06-20 07:45:00,12,6,20,7,45,600,169,,,,Plein jour,Hors agglomération,Hors intersection,Normale,Autre collision,,,,,,,,,,,1,1,1,1.0,6
201200000498,0012-09-07 20:30:00,12,9,7,20,30,600,239,,,,Crépuscule ou aube,En agglomération,Hors intersection,Normale,Autre collision,,,,,,,,,,,2,2,1,1.0,6
201200000499,0012-09-30 18:15:00,12,9,30,18,15,600,89,,,,Plein jour,Hors agglomération,Hors intersection,Normale,Trois véhicules et plus - en chaîne,,,,,,,,,,,1,1,1,1.0,4
201200000500,0012-10-11 07:15:00,12,10,11,7,15,600,89,,,,Crépuscule ou aube,Hors agglomération,Hors intersection,Normale,Deux véhicules - côté,,,,,,,,,,,2,1,1,1.0,3
201200000501,0012-12-01 16:15:00,12,12,1,16,15,600,614,,,,Plein jour,Hors agglomération,Hors intersection,Normale,Sans collision,,,,,,,,,,,1,1,1,1.0,7
201200000502,0012-01-01 17:00:00,12,1,1,17,0,600,405,RUE DES BONNETIERS,,,Crépuscule ou aube,En agglomération,Intersection en X,Pluie légère,Deux véhicules - frontale,,,,,,,,,,,2,2,2,2.0,1
201200000503,0012-02-02 09:00:00,12,2,2,9,0,600,245,rue dornat,,,Plein jour,En agglomération,Hors intersection,Temps éblouissant,Autre collision,,,,,,,,,,,1,2,1,7.0,6
201200000504,0012-02-25 16:00:00,12,2,25,16,0,600,286,2 rue E. de St Fuscien,,,Nuit avec éclairage allumé,En agglomération,Hors intersection,Pluie légère,Autre collision,,,,,,,,,,,5,2,1,2.0,6
201200000505,0012-03-24 22:15:00,12,3,24,22,15,600,233,Rue de la maladrerie,,,Nuit avec éclairage allumé,En agglomération,Hors intersection,Normale,Autre collision,,,,,,,,,,,5,2,1,1.0,6
201200000506,0012-05-06 08:45:00,12,5,6,8,45,600,180,,,,Plein jour,Hors agglomération,Hors intersection,Normale,Autre collision,,,,,,,,,,,1,1,1,1.0,6
201200000507,0012-06-30 19:15:00,12,6,30,19,15,600,604,,,,Plein jour,Hors agglomération,Hors intersection,Normale,Deux véhicules - frontale,,,,,,,,,,,1,1,1,1.0,1
201200000508,0012-08-20 08:15:00,12,8,20,8,15,600,590,,,,Plein jour,Hors agglomération,Hors intersection,Normale,Deux véhicules - frontale,,,,,,,,,,,1,1,1,1.0,1
201200000509,0012-10-23 06:30:00,12,10,23,6,30,600,271,,,,Crépuscule ou aube,Hors agglomération,Hors intersection,Brouillard / fumée,Deux véhicules - côté,,,,,,,,,,,2,1,1,5.0,3
201200000510,0012-01-19 13:00:00,12,1,19,13,0,600,395,,,,Plein jour,Hors agglomération,Hors intersection,Pluie légère,Deux véhicules - frontale,,,,,,,,,,,1,1,1,2.0,1
201200000511,0012-03-20 19:45:00,12,3,20,19,45,600,88,,,,Nuit sans éclairage public,Hors agglomération,Hors intersection,Normale,Deux véhicules - frontale,,,,,,,,,,,3,1,1,1.0,1
201200000512,0012-03-26 19:15:00,12,3,26,19,15,600,395,Rue de Gournay,,,Crépuscule ou aube,En agglomération,Intersection en T,Normale,Deux véhicules - côté,,,,,,,,,,,2,2,3,1.0,3
201200000513,0012-05-20 10:00:00,12,5,20,10,0,600,395,rue roger salengro,,,Plein jour,En agglomération,Hors intersection,Normale,Sans collision,,,,,,,,,,,1,2,1,1.0,7
201200000514,0012-06-02 17:45:00,12,6,2,17,45,600,395,,49.427,2.207,Plein jour,Hors agglomération,Intersection en X,Normale,Deux véhicules - frontale,,,,,,,,,,,1,1,2,1.0,1
201200000515,0012-12-22 18:45:00,12,12,22,18,45,600,395,,,,Crépuscule ou aube,Hors agglomération,Hors intersection,Pluie légère,Deux véhicules - arrière,,,,,,,,,,,2,1,1,2.0,2
201200000516,0012-01-19 18:30:00,12,1,19,18,30,600,313,rue de Hermes,,,Nuit avec éclairage allumé,En agglomération,Hors intersection,Pluie légère,Deux véhicules - côté,,,,,,,,,,,5,2,1,2.0,3
201200000517,0012-04-16 14:15:00,12,4,16,14,15,600,433,Rue basse,49.267,2.189,Plein jour,En agglomération,Intersection en T,Normale,Sans collision,,,,,,,,,,,1,2,3,1.0,7
201200000518,0012-07-17 15:00:00,12,7,17,15,0,600,469,,,,Plein jour,Hors agglomération,Hors intersection,Normale,Deux véhicules - arrière,,,,,,,,,,,1,1,1,1.0,2
201200000519,0012-10-13 22:15:00,12,10,13,22,15,600,700,,,,Nuit sans éclairage public,Hors agglomération,Hors intersection,Normale,Deux véhicules - côté,,,,,,,,,,,3,1,1,1.0,3
201200000520,0012-01-12 18:15:00,12,1,12,18,15,600,234,,,,Nuit sans éclairage public,Hors agglomération,Hors intersection,Normale,Deux véhicules - arrière,,,,,,,,,,,3,1,1,1.0,2
201200000521,0012-02-10 18:15:00,12,2,10,18,15,600,454,,,,Plein jour,Hors agglomération,Hors intersection,Normale,Sans collision,,,,,,,,,,,1,1,1,1.0,7
201200000522,0012-04-06 13:15:00,12,4,6,13,15,600,115,,,,Plein jour,Hors agglomération,Autre intersection,Normale,Deux véhicules - frontale,,,,,,,,,,,1,1,9,1.0,1
201200000523,0012-04-23 19:00:00,12,4,23,19,0,600,8,,,,Plein jour,Hors agglomération,Hors intersection,Pluie légère,Deux véhicules - frontale,,,,,,,,,,,1,1,1,2.0,1
201200000524,0012-06-13 15:00:00,12,6,13,15,0,600,106,,,,Plein jour,Hors agglomération,Intersection en X,Normale,Trois véhicules et plus - collisions multiples,,,,,,,,,,,1,1,2,1.0,5
201200000525,0012-06-13 17:30:00,12,6,13,17,30,600,157,rue Wenceslas Coutellier,,,Plein jour,En agglomération,Hors intersection,Normale,Sans collision,,,,,,,,,,,1,2,1,1.0,7
201200000526,0012-06-18 19:15:00,12,6,18,19,15,600,107,,,,Plein jour,Hors agglomération,Hors intersection,Normale,Deux véhicules - frontale,,,,,,,,,,,1,1,1,1.0,1
201200000527,0012-09-23 21:45:00,12,9,23,21,45,600,454,72 rue General De Gaulle,,,Nuit avec éclairage allumé,En agglomération,Hors intersection,Normale,Deux véhicules - côté,,,,,,,,,,,5,2,1,1.0,3
201200000528,0012-09-29 23:00:00,12,9,29,23,0,600,8,,,,Nuit sans éclairage public,Hors agglomération,Hors intersection,Normale,Trois véhicules et plus - collisions multiples,,,,,,,,,,,3,1,1,1.0,5