accident_id,datetime,annee,mois,jour,heure,minute,departement,commune_insee,adresse,latitude,longitude,luminosite,agglomeration,intersection,meteo,collision,nb_vehicules,nb_usagers,nb_indemnes,nb_tues,nb_blesses_hosp,nb_blesses_legers,age_cond_1,age_cond_2,veh_type_cond_1,veh_type_cond_2,lum_code,agg_code,int_code,atm_code,col_code
201200000529,0012-12-14 18:00:00,12,12,14,18,0,600,157,Rue Wenceslas COUTELLIER,,,Nuit avec éclairage allumé,En agglomération,Hors intersection,Normale,Deux véhicules - côté,,,,,,,,,,,5,2,1,1.0,3
201200000530,0012-12-21 08:15:00,12,12,21,8,15,600,157,avenue gambetta,,,Crépuscule ou aube,En agglomération,Hors intersection,Temps couvert,Autre collision,,,,,,,,,,,2,2,1,8.0,6
201200000531,0012-01-21 22:30:00,12,1,21,22,30,600,39,,,,Nuit sans éclairage public,Hors agglomération,Hors intersection,Normale,Autre collision,,,,,,,,,,,3,1,1,1.0,6
201200000532,0012-01-25 08:30:00,12,1,25,8,30,600,265,,,,Crépuscule ou aube,Hors agglomération,Intersection en T,Brouillard / fumée,Deux véhicules - côté,,,,,,,,,,,2,1,3,5.0,3
201200000533,0012-04-04 17:15:00,12,4,4,17,15,600,555,RUE DE BRETEUIL,,,Plein jour,En agglomération,Hors intersection,Normale,Deux véhicules - côté,,,,,,,,,,,1,2,1,1.0,3
201200000534,0012-05-05 11:00:00,12,5,5,11,0,600,253,,,,Plein jour,Hors agglomération,Hors intersection,Normale,Deux véhicules - côté,,,,,,,,,,,1,1,1,1.0,3
201200000535,0012-06-26 06:45:00,12,6,26,6,45,600,58,,,,Crépuscule ou aube,Hors agglomération,Hors intersection,Normale,Autre collision,,,,,,,,,,,2,1,1,1.0,6
201200000536,0012-07-10 16:45:00,12,7,10,16,45,600,265,,,,Plein jour,Hors agglomération,Hors intersection,Normale,Deux véhicules - côté,,,,,,,,,,,1,1,1,1.0,3
201200000537,0012-07-15 08:00:00,12,7,15,8,0,600,573,,,,Plein jour,Hors agglomération,Hors intersection,Normale,Sans collision,,,,,,,,,,,1,1,1,1.0,7
201200000538,0012-08-09 14:30:00,12,8,9,14,30,600,457,,,,Plein jour,Hors agglomération,Hors intersection,Normale,Autre collision,,,,,,,,,,,1,1,1,1.0,6
201200000539,0012-10-15 15:15:00,12,10,15,15,15,600,178,rue des ecoles,,,Plein jour,En agglomération,Hors intersection,Normale,Autre collision,,,,,,,,,,,1,2,1,1.0,6
201200000540,0012-10-19 22:00:00,12,10,19,22,0,600,17,RD 94/ RD 23,,,Nuit avec éclairage allumé,En agglomération,Intersection en X,Pluie légère,Deux véhicules - côté,,,,,,,,,,,5,2,2,2.0,3
201200000541,0012-01-14 16:15:00,12,1,14,16,15,600,524,,49.34,2.43,Plein jour,Hors agglomération,Hors intersection,Normale,Deux véhicules - arrière,,,,,,,,,,,1,1,1,1.0,2
201200000542,0012-03-06 16:45:00,12,3,6,16,45,600,562,,49.353,2.54,Crépuscule ou aube,Hors agglomération,Hors intersection,Pluie légère,Autre collision,,,,,,,,,,,2,1,1,2.0,6
201200000543,0012-06-23 19:45:00,12,6,23,19,45,600,524,avenue Jean Jaures,,,Plein jour,En agglomération,Intersection en X,Normale,Deux véhicules - frontale,,,,,,,,,,,1,2,2,1.0,1
201200000544,0012-06-18 07:45:00,12,6,18,7,45,600,120,,,,Plein jour,Hors agglomération,Intersection en X,Normale,Deux véhicules - frontale,,,,,,,,,,,1,1,2,1.0,1
201200000545,0012-07-31 18:45:00,12,7,31,18,45,600,574,,,,Plein jour,Hors agglomération,Hors intersection,Normale,Deux véhicules - côté,,,,,,,,,,,1,1,1,1.0,3
201200000546,0012-09-25 04:45:00,12,9,25,4,45,600,317,,,,Nuit sans éclairage public,Hors agglomération,Hors intersection,Temps couvert,Autre collision,,,,,,,,,,,3,1,1,8.0,6
201200000547,0012-10-06 11:15:00,12,10,6,11,15,600,15,,,,Plein jour,En agglomération,Giratoire,Pluie légère,Deux véhicules - frontale,,,,,,,,,,,1,2,6,2.0,1
201200000548,0012-10-27 14:15:00,12,10,27,14,15,600,317,,,,Plein jour,Hors agglomération,Hors intersection,Normale,Deux véhicules - frontale,,,,,,,,,,,1,1,1,1.0,1
201200000549,0012-09-09 22:15:00,12,9,9,22,15,600,701,,49.553,2.368,Nuit sans éclairage public,Hors agglomération,Hors intersection,Normale,Autre collision,,,,,,,,,,,3,1,1,1.0,6
201200000550,0012-09-22 14:00:00,12,9,22,14,0,600,564,,49.58,2.452,Plein jour,Hors agglomération,Intersection en X,Normale,Deux véhicules - côté,,,,,,,,,,,1,1,2,1.0,3
201200000551,0012-02-10 11:30:00,12,2,10,11,30,600,636,rue de la republique,,,Plein jour,En agglomération,Hors intersection,Normale,Autre collision,,,,,,,,,,,1,2,1,1.0,6
201200000552,0012-02-23 13:45:00,12,2,23,13,45,600,43,CD 40,,,Plein jour,En agglomération,Hors intersection,Pluie légère,Deux véhicules - frontale,,,,,,,,,,,1,2,1,2.0,1
201200000553,0012-04-12 11:15:00,12,4,12,11,15,600,534,rue de verdun,49.421,2.941,Plein jour,En agglomération,Hors intersection,Normale,Autre collision,,,,,,,,,,,1,2,1,1.0,6
201200000554,0012-04-29 02:45:00,12,4,29,2,45,600,188,,,,Nuit sans éclairage public,Hors agglomération,Hors intersection,Normale,Sans collision,,,,,,,,,,,3,1,1,1.0,7
201200000555,0012-05-25 13:15:00,12,5,25,13,15,600,636,rue des amours,,,Plein jour,En agglomération,Hors intersection,Normale,Deux véhicules - frontale,,,,,,,,,,,1,2,1,1.0,1
201200000556,0012-06-02 05:15:00,12,6,2,5,15,600,70,RUE DE COMPIEGNE,,,Crépuscule ou aube,En agglomération,Hors intersection,Normale,Autre collision,,,,,,,,,,,2,2,1,1.0,6
201200000557,0012-06-08 15:30:00,12,6,8,15,30,600,537,rue de thiescourt,49.519,2.922,Plein jour,En agglomération,Intersection en X,Normale,Deux véhicules - côté,,,,,,,,,,,1,2,2,1.0,3
201200000558,0012-07-10 17:45:00,12,7,10,17,45,600,445,rue d'Augnicourt,49.49,3.101,Plein jour,En agglomération,Intersection en T,Normale,Deux véhicules - côté,,,,,,,,,,,1,2,3,1.0,3
201200000559,0012-07-21 18:45:00,12,7,21,18,45,600,537,RUE DU PARADIS,49.528,2.925,Plein jour,En agglomération,Hors intersection,Normale,Deux véhicules - frontale,,,,,,,,,,,1,2,1,1.0,1
201200000560,0012-07-23 10:45:00,12,7,23,10,45,600,569,,49.438,2.991,Plein jour,Hors agglomération,Hors intersection,Normale,Deux véhicules - frontale,,,,,,,,,,,1,1,1,1.0,1
201200000561,0012-03-15 09:15:00,12,3,15,9,15,600,338,,,,Plein jour,Hors agglomération,Hors intersection,Brouillard / fumée,Trois véhicules et plus - collisions multiples,,,,,,,,,,,1,1,1,5.0,5
201200000562,0012-04-17 14:15:00,12,4,17,14,15,600,540,,,,Plein jour,Hors agglomération,Hors intersection,Pluie forte,Deux véhicules - arrière,,,,,,,,,,,1,1,1,3.0,2
201200000563,0012-04-24 12:30:00,12,4,24,12,30,600,326,,,,Plein jour,Hors agglomération,Hors intersection,Pluie forte,Autre collision,,,,,,,,,,,1,1,1,3.0,6
201200000564,0012-08-14 12:15:00,12,8,14,12,15,600,325,rue de la republique,49.409,2.781,Plein jour,En agglomération,Hors intersection,Normale,Sans collision,,,,,,,,,,,1,2,1,1.0,7
201200000565,0012-08-23 18:30:00,12,8,23,18,30,600,369,,,,Plein jour,Hors agglomération,Hors intersection,Normale,Sans collision,,,,,,,,,,,1,1,1,1.0,7
201200000566,0012-08-25 17:30:00,12,8,25,17,30,600,369,,49.32,2.721,Plein jour,Hors agglomération,Intersection en T,Normale,Deux véhicules - frontale,,,,,,,,,,,1,1,3,1.0,1
201200000567,0012-09-01 06:15:00,12,9,1,6,15,600,325,,,,Crépuscule ou aube,Hors agglomération,Giratoire,Normale,Sans collision,,,,,,,,,,,2,1,6,1.0,7
201200000568,0012-09-19 15:45:00,12,9,19,15,45,600,491,Rue Jules Michelet,49.354,2.981,Plein jour,En agglomération,Hors intersection,Normale,Autre collision,,,,,,,,,,,1,2,1,1.0,6
201200000569,0012-11-23 05:30:00,12,11,23,5,30,600,369,hameau les ruminees,,,Nuit avec éclairage allumé,En agglomération,Hors intersection,Normale,Deux véhicules - frontale,,,,,,,,,,,5,2,1,1.0,1
201200000570,0012-12-02 13:30:00,12,12,2,13,30,600,491,rue de l'armistice,,,Plein jour,En agglomération,Hors intersection,Pluie légère,Autre collision,,,,,,,,,,,1,2,1,2.0,6
201200000571,0012-01-21 06:00:00,12,1,21,6,0,600,160,,,,Nuit sans éclairage public,Hors agglomération,Hors intersection,Pluie légère,Autre collision,,,,,,,,,,,3,1,1,2.0,6
201200000572,0012-03-30 13:15:00,12,3,30,13,15,600,441,308 RUE DES SABLONS,,,Plein jour,En agglomération,Intersection en T,Normale,Deux véhicules - côté,,,,,,,,,,,1,2,3,1.0,3
201200000573,0012-08-31 07:15:00,12,8,31,7,15,600,386,,,,Plein jour,Hors agglomération,Hors intersection,Normale,Deux véhicules - frontale,,,,,,,,,,,1,1,1,1.0,1
201200000574,0012-09-23 20:45:00,12,9,23,20,45,600,284,rue de sacy,,,Nuit avec éclairage allumé,En agglomération,Hors intersection,Normale,Autre collision,,,,,,,,,,,5,2,1,1.0,6
201200000575,0012-11-19 09:15:00,12,11,19,9,15,600,71,,,,Plein jour,Hors agglomération,Hors intersection,Normale,Autre collision,,,,,,,,,,,1,1,1,1.0,6
201200000576,0012-12-08 05:30:00,12,12,8,5,30,600,459,54 rue du moulin,,,Nuit avec éclairage allumé,En agglomération,Hors intersection,Temps couvert,Autre collision,,,,,,,,,,,5,2,1,8.0,6
201200000577,0012-12-17 12:30:00,12,12,17,12,30,600,531,,,,Plein jour,Hors agglomération,Hors intersection,Temps couvert,Sans collision,,,,,,,,,,,1,1,1,8.0,7
201200000578,0012-12-06 19:00:00,12,12,6,19,0,600,223,rue Abel didelet,,,Nuit avec éclairage allumé,En agglomération,Hors intersection,Normale,Autre collision,,,,,,,,,,,5,2,1,1.0,6
201200000579,0012-02-04 22:00:00,12,2,4,22,0,600,291,Rue  Brule,,,Nuit avec éclairage allumé,En agglomération,Hors intersection,Normale,Autre collision,,,,,,,,,,,5,2,1,1.0,6
201200000580,0012-02-26 10:45:00,12,2,26,10,45,600,181,,49.619,3.024,Plein jour,Hors agglomération,Intersection en T,Brouillard / fumée,Deux véhicules - frontale,,,,,,,,,,,1,1,3,5.0,1
201200000581,0012-03-15 16:30:00,12,3,15,16,30,600,655,rue de l'Eglise,49.568,3.062,Plein jour,En agglomération,Hors intersection,Normale,Deux véhicules - frontale,,,,,,,,,,,1,2,1,1.0,1
201200000582,0012-04-01 00:15:00,12,4,1,0,15,600,488,rue sainte anne,,,Nuit avec éclairage allumé,En agglomération,Intersection en T,Normale,Deux véhicules - frontale,,,,,,,,,,,5,2,3,1.0,1
201200000583,0012-04-15 03:45:00,12,4,15,3,45,600,558,,,,Nuit avec éclairage allumé,En agglomération,Hors intersection,Normale,Autre collision,,,,,,,,,,,5,2,1,1.0,6
201200000584,0012-04-23 19:30:00,12,4,23,19,30,600,471,boulevard charmolue,,,Plein jour,En agglomération,Hors intersection,Normale,Autre collision,,,,,,,,,,,1,2,1,1.0,6
201200000585,0012-05-11 02:30:00,12,5,11,2,30,600,278,rue de paris,,,Nuit avec éclairage allumé,En agglomération,Hors intersection,Normale,Autre collision,,,,,,,,,,,5,2,1,1.0,6
201200000586,0012-06-06 09:00:00,12,6,6,9,0,600,11,,,,Plein jour,Hors agglomération,Hors intersection,Normale,Deux véhicules - frontale,,,,,,,,,,,1,1,1,1.0,1
201200000587,0012-06-12 14:00:00,12,6,12,14,0,600,127,,,,Plein jour,Hors agglomération,Hors intersection,Temps couvert,Deux véhicules - frontale,,,,,,,,,,,1,1,1,8.0,1
201200000588,0012-07-06 18:30:00,12,7,6,18,30,600,348,rue de Noyon,,,Plein jour,En agglomération,Hors intersection,Pluie forte,Deux véhicules - frontale,,,,,,,,,,,1,2,1,3.0,1
201200000589,0012-08-05 07:00:00,12,8,5,7,0,600,350,,,,Plein jour,Hors agglomération,Hors intersection,Autre,Autre collision,,,,,,,,,,,1,1,1,9.0,6
201200000590,0012-08-11 16:45:00,12,8,11,16,45,600,507,GRANDE RUE,,,Plein jour,En agglomération,Hors intersection,Normale,Deux véhicules - arrière,,,,,,,,,,,1,2,1,1.0,2
201200000591,0012-08-21 13:30:00,12,8,21,13,30,600,340,,,,Plein jour,Hors agglomération,Hors intersection,Normale,Deux véhicules - arrière,,,,,,,,,,,1,1,1,1.0,2
201200000592,0012-09-04 08:15:00,12,9,4,8,15,600,263,,,,Plein jour,Hors agglomération,Intersection en X,Brouillard / fumée,Deux véhicules - frontale,,,,,,,,,,,1,1,2,5.0,1
201200000593,0012-09-20 16:00:00,12,9,20,16,0,600,471,,,,Plein jour,Hors agglomération,Hors intersection,Normale,Deux véhicules - frontale,,,,,,,,,,,1,1,1,1.0,1
201200000594,0012-09-20 16:00:00,12,9,20,16,0,600,507,,,,Plein jour,Hors agglomération,Hors intersection,Normale,Deux véhicules - arrière,,,,,,,,,,,1,1,1,1.0,2
201200000595,0012-09-27 08:45:00,12,9,27,8,45,600,126,,,,Plein jour,Hors agglomération,Hors intersection,Pluie légère,Deux véhicules - frontale,,,,,,,,,,,1,1,1,2.0,1
201200000596,0012-10-06 15:15:00,12,10,6,15,15,600,291,,,,Plein jour,Hors agglomération,Hors intersection,Pluie légère,Deux véhicules - côté,,,,,,,,,,,1,1,1,2.0,3
201200000597,0012-11-16 07:45:00,12,11,16,7,45,600,181,,,,Crépuscule ou aube,Hors agglomération,Intersection en X,Normale,Deux véhicules - frontale,,,,,,,,,,,2,1,2,1.0,1
201200000598,0012-12-13 03:30:00,12,12,13,3,30,600,471,,,,Nuit sans éclairage public,Hors agglomération,Hors intersection,Normale,Autre collision,,,,,,,,,,,3,1,1,1.0,6
201200000599,0012-12-29 23:00:00,12,12,29,23,0,600,118,rue de l'Eglise,,,Nuit avec éclairage allumé,En agglomération,Hors intersection,Normale,Autre collision,,,,,,,,,,,5,2,1,1.0,6
201200000600,0012-01-01 06:15:00,12,1,1,6,15,570,356,,,,Nuit sans éclairage public,Hors agglomération,Hors intersection,Pluie légère,Autre collision,,,,,,,,,,,3,1,1,2.0,6
201200000601,0012-01-19 11:30:00,12,1,19,11,30,570,323,rue de Gaulle,,,Plein jour,En agglomération,Hors intersection,Pluie légère,Autre collision,,,,,,,,,,,1,2,1,2.0,6
201200000602,0012-02-16 07:00:00,12,2,16,7,0,570,104,,,,Crépuscule ou aube,Hors agglomération,Hors intersection,Pluie légère,Autre collision,,,,,,,,,,,2,1,1,2.0,6
201200000603,0012-02-29 18:00:00,12,2,29,18,0,570,323,,,,Plein jour,Hors agglomération,Hors intersection,Normale,Deux véhicules - frontale,,,,,,,,,,,1,1,1,1.0,1
201200000604,0012-03-24 23:00:00,12,3,24,23,0,570,475,14 RUE DE PARIS,,,Nuit avec éclairage allumé,En agglomération,Hors intersection,Normale,Autre collision,,,,,,,,,,,5,2,1,1.0,6
201200000605,0012-05-22 16:30:00,12,5,22,16,30,570,124,,,,Plein jour,Hors agglomération,Hors intersection,Normale,Deux véhicules - frontale,,,,,,,,,,,1,1,1,1.0,1
201200000606,0012-06-12 18:00:00,12,6,12,18,0,570,574,,,,Plein jour,Hors agglomération,Hors intersection,Normale,Deux véhicules - côté,,,,,,,,,,,1,1,1,1.0,3
201200000607,0012-07-07 11:45:00,12,7,7,11,45,570,323,22 route du benelux,,,Nuit avec éclairage allumé,En agglomération,Hors intersection,Normale,Deux véhicules - frontale,,,,,,,,,,,5,2,1,1.0,1
201200000608,0012-09-09 14:15:00,12,9,9,14,15,570,356,,,,Plein jour,Hors agglomération,Hors intersection,Normale,Deux véhicules - frontale,,,,,,,,,,,1,1,1,1.0,1
201200000609,0012-09-15 18:30:00,12,9,15,18,30,570,104,rue de gaulle,,,Plein jour,En agglomération,Hors intersection,Normale,Trois véhicules et plus - collisions multiples,,,,,,,,,,,1,2,1,1.0,5
201200000610,0012-03-22 16:30:00,12,3,22,16,30,600,612,,,,Plein jour,Hors agglomération,Hors intersection,Normale,Trois véhicules et plus - collisions multiples,,,,,,,,,,,1,1,1,1.0,5
201200000611,0012-05-25 08:15:00,12,5,25,8,15,600,612,avenue Felix LOUAT,,,Plein jour,En agglomération,Hors intersection,Normale,Deux véhicules - côté,,,,,,,,,,,1,2,1,1.0,3
201200000612,0012-05-26 17:15:00,12,5,26,17,15,600,170,,,,Plein jour,Hors agglomération,Hors intersection,Normale,Deux véhicules - arrière,,,,,,,,,,,1,1,1,1.0,2
201200000613,0012-07-16 02:00:00,12,7,16,2,0,600,612,,,,Nuit sans éclairage public,Hors agglomération,Hors intersection,Normale,Autre collision,,,,,,,,,,,3,1,1,1.0,6
201200000614,0012-07-22 17:30:00,12,7,22,17,30,600,475,La Roue qui Tourne,,,Plein jour,En agglomération,Autre intersection,Normale,Autre collision,,,,,,,,,,,1,2,9,1.0,6
201200000615,0012-08-07 13:45:00,12,8,7,13,45,600,33,Rue de la Nonette,,,Plein jour,En agglomération,Intersection en T,Normale,Deux véhicules - côté,,,,,,,,,,,1,2,3,1.0,3
201200000616,0012-09-06 19:45:00,12,9,6,19,45,600,415,,,,Plein jour,Hors agglomération,Intersection en X,Normale,Deux véhicules - côté,,,,,,,,,,,1,1,2,1.0,3
201200000617,0012-09-22 12:45:00,12,9,22,12,45,600,612,,,,Plein jour,Hors agglomération,Hors intersection,Normale,Deux véhicules - côté,,,,,,,,,,,1,1,1,1.0,3
201200000618,0012-09-28 18:15:00,12,9,28,18,15,600,612,avenue paul rouge,,,Plein jour,En agglomération,Hors intersection,Normale,Autre collision,,,,,,,,,,,1,2,1,1.0,6
201200000619,0012-10-16 15:45:00,12,10,16,15,45,600,421,,,,Plein jour,Hors agglomération,Hors intersection,Pluie légère,Trois véhicules et plus - collisions multiples,,,,,,,,,,,1,1,1,2.0,5
201200000620,0012-12-17 09:00:00,12,12,17,9,0,600,612,,,,Crépuscule ou aube,Hors agglomération,Hors intersection,Pluie légère,Trois véhicules et plus - en chaîne,,,,,,,,,,,2,1,1,2.0,4
201200000621,0012-12-27 17:30:00,12,12,27,17,30,600,612,,,,Nuit sans éclairage public,Hors agglomération,Hors intersection,Pluie forte,Autre collision,,,,,,,,,,,3,1,1,3.0,6
201200000622,0012-02-16 11:30:00,12,2,16,11,30,600,139,parking lidl,,,Plein jour,En agglomération,Autre intersection,Normale,Autre collision,,,,,,,,,,,1,2,9,1.0,6
201200000623,0012-02-29 19:00:00,12,2,29,19,0,600,517,,,,Nuit sans éclairage public,Hors agglomération,Intersection en T,Normale,Deux véhicules - frontale,,,,,,,,,,,3,1,3,1.0,1
201200000624,0012-03-05 17:30:00,12,3,5,17,30,600,398,,,,Plein jour,Hors agglomération,Hors intersection,Pluie légère,Autre collision,,,,,,,,,,,1,1,1,2.0,6
201200000625,0012-03-19 10:00:00,12,3,19,10,0,600,139,Chemin des ateliers,,,Plein jour,En agglomération,Hors intersection,Normale,Autre collision,,,,,,,,,,,1,2,1,1.0,6
201200000626,0012-03-29 21:15:00,12,3,29,21,15,600,450,rue du mouthier,,,Nuit avec éclairage allumé,En agglomération,Intersection en Y,Normale,Deux véhicules - frontale,,,,,,,,,,,5,2,4,1.0,1
201200000627,0012-06-22 12:15:00,12,6,22,12,15,600,139,rue HENRI BARBUSSE,,,Plein jour,En agglomération,Hors intersection,Normale,Autre collision,,,,,,,,,,,1,2,1,1.0,6
201200000628,0012-11-30 18:45:00,12,11,30,18,45,600,139,Rue Aristide Briand,,,Nuit avec éclairage allumé,En agglomération,Hors intersection,Normale,Autre collision,,,,,,,,,,,5,2,1,1.0,6
201200000629,0012-12-02 17:30:00,12,12,2,17,30,600,139,,,,Nuit sans éclairage public,Hors agglomération,Intersection en Y,Normale,Trois véhicules et plus - collisions multiples,,,,,,,,,,,3,1,4,1.0,5
201200000630,0012-12-20 08:30:00,12,12,20,8,30,600,450,rue de beauvais,,,Plein jour,En agglomération,Hors intersection,Normale,Autre collision,,,,,,,,,,,1,2,1,1.0,6
201200000631,0012-01-08 04:15:00,12,1,8,4,15,600,282,,,,Nuit sans éclairage public,Hors agglomération,Hors intersection,Normale,Deux véhicules - frontale,,,,,,,,,,,3,1,1,1.0,1
201200000632,0012-01-17 06:45:00,12,1,17,6,45,600,141,rond point de sylvie,,,Nuit avec éclairage allumé,En agglomération,Giratoire,Normale,Autre collision,,,,,,,,,,,5,2,6,1.0,6
201200000633,0012-01-17 10:00:00,12,1,17,10,0,600,346,rd pt des marronniers,,,Plein jour,En agglomération,Giratoire,Temps éblouissant,Autre collision,,,,,,,,,,,1,2,6,7.0,6
201200000634,0012-01-28 21:15:00,12,1,28,21,15,600,282,voie communale,,,Nuit avec éclairage allumé,En agglomération,Hors intersection,Normale,Deux véhicules - côté,,,,,,,,,,,5,2,1,1.0,3
201200000635,0012-03-28 09:15:00,12,3,28,9,15,600,141,avenue charles de gaulle,,,Plein jour,En agglomération,Hors intersection,Normale,Deux véhicules - côté,,,,,,,,,,,1,2,1,1.0,3
201200000636,0012-04-24 08:15:00,12,4,24,8,15,600,282,rue Francois Mathet,49.189,2.431,Nuit sans éclairage public,En agglomération,Hors intersection,Normale,Autre collision,,,,,,,,,,,3,2,1,1.0,6
201200000637,0012-05-13 10:45:00,12,5,13,10,45,600,282,,,,Plein jour,En agglomération,Hors intersection,Normale,Deux véhicules - arrière,,,,,,,,,,,1,2,1,1.0,2
201200000638,0012-06-06 18:30:00,12,6,6,18,30,600,695,Place de la Charolais,49.205,2.491,Plein jour,En agglomération,Place,Normale,Deux véhicules - frontale,,,,,,,,,,,1,2,7,1.0,1
201200000639,0012-10-03 17:30:00,12,10,3,17,30,600,141,,,,Plein jour,En agglomération,Hors intersection,Normale,Autre collision,,,,,,,,,,,1,2,1,1.0,6
201200000640,0012-10-27 21:00:00,12,10,27,21,0,600,141,,49.208,2.439,Nuit sans éclairage public,Hors agglomération,Hors intersection,Normale,Deux véhicules - frontale,,,,,,,,,,,3,1,1,1.0,1
201200000641,0012-11-23 07:45:00,12,11,23,7,45,600,695,,,,Crépuscule ou aube,En agglomération,Hors intersection,Pluie légère,Autre collision,,,,,,,,,,,2,2,1,2.0,6
201200000642,0012-12-07 20:30:00,12,12,7,20,30,600,282,,,,Nuit sans éclairage public,Hors agglomération,Hors intersection,Pluie légère,Deux véhicules - frontale,,,,,,,,,,,3,1,1,2.0,1
201200000643,0012-01-17 14:15:00,12,1,17,14,15,600,589,,,,Plein jour,Hors agglomération,Hors intersection,Normale,Deux véhicules - arrière,,,,,,,,,,,1,1,1,1.0,2
201200000644,0012-03-01 02:25:00,12,3,1,2,25,600,238,rue general de gaulle,,,Nuit avec éclairage allumé,En agglomération,Hors intersection,Pluie légère,Autre collision,,,,,,,,,,,5,2,1,2.0,6
201200000645,0012-03-14 08:00:00,12,3,14,8,0,600,238,rue du General De Gaulle,,,Plein jour,En agglomération,Hors intersection,Normale,Autre collision,,,,,,,,,,,1,2,1,1.0,6
201200000646,0012-03-23 10:15:00,12,3,23,10,15,600,589,rue de Valmy,,,Plein jour,En agglomération,Giratoire,Normale,Autre collision,,,,,,,,,,,1,2,6,1.0,6
201200000647,0012-04-27 19:30:00,12,4,27,19,30,600,224,,,,Plein jour,Hors agglomération,Hors intersection,Temps couvert,Autre collision,,,,,,,,,,,1,1,1,8.0,6
201200000648,0012-03-03 13:30:00,12,3,3,13,30,600,666,,,,Plein jour,Hors agglomération,Hors intersection,Normale,Autre collision,,,,,,,,,,,1,1,1,1.0,6
201200000649,0012-03-19 17:00:00,12,3,19,17,0,600,241,,49.181,2.686,Plein jour,Hors agglomération,Hors intersection,Normale,Deux véhicules - côté,,,,,,,,,,,1,1,1,1.0,3
201200000650,0012-04-01 23:30:00,12,4,1,23,30,600,446,,,,Nuit sans éclairage public,Hors agglomération,Hors intersection,Normale,Autre collision,,,,,,,,,,,3,1,1,1.0,6
201200000651,0012-06-22 17:30:00,12,6,22,17,30,600,148,,49.131,2.842,Plein jour,Hors agglomération,Hors intersection,Normale,Deux véhicules - frontale,,,,,,,,,,,1,1,1,1.0,1
201200000652,0012-06-28 17:00:00,12,6,28,17,0,600,446,,,,Plein jour,Hors agglomération,Hors intersection,Normale,Deux véhicules - frontale,,,,,,,,,,,1,1,1,1.0,1
201200000653,0012-07-04 19:30:00,12,7,4,19,30,600,619,,,,Plein jour,Hors agglomération,Hors intersection,Temps couvert,Deux véhicules - arrière,,,,,,,,,,,1,1,1,8.0,2
201200000654,0012-08-07 11:15:00,12,8,7,11,15,600,500,,49.101,2.751,Plein jour,Hors agglomération,Hors intersection,Normale,Autre collision,,,,,,,,,,,1,1,1,1.0,6
201200000655,0012-02-04 19:30:00,12,2,4,19,30,600,509,,,,Nuit sans éclairage public,Hors agglomération,Hors intersection,Normale,Autre collision,,,,,,,,,,,3,1,1,1.0,6
201200000656,0012-03-15 19:45:00,12,3,15,19,45,600,578,RD 123,,,Nuit avec éclairage allumé,En agglomération,Hors intersection,Normale,Sans collision,,,,,,,,,,,5,2,1,1.0,7
201200000657,0012-04-10 15:00:00,12,4,10,15,0,600,508,rue saint gervais,,,Plein jour,En agglomération,Hors intersection,Normale,Deux véhicules - côté,,,,,,,,,,,1,2,1,1.0,3
201200000658,0012-07-22 08:45:00,12,7,22,8,45,600,508,rues du stade/colombier,,,Crépuscule ou aube,En agglomération,Intersection en T,Normale,Sans collision,,,,,,,,,,,2,2,3,1.0,7
201200000659,0012-08-09 22:30:00,12,8,9,22,30,600,509,rue de la republique,,,Nuit avec éclairage allumé,En agglomération,Hors intersection,Normale,Autre collision,,,,,,,,,,,5,2,1,1.0,6
201200000660,0012-09-08 22:45:00,12,9,8,22,45,600,509,,,,Nuit avec éclairage allumé,En agglomération,Hors intersection,Normale,Deux véhicules - frontale,,,,,,,,,,,5,2,1,1.0,1
201200000661,0012-10-13 21:00:00,12,10,13,21,0,600,667,,,,Nuit sans éclairage public,Hors agglomération,Hors intersection,Pluie légère,Deux véhicules - frontale,,,,,,,,,,,3,1,1,2.0,1
201200000662,0012-10-23 19:30:00,12,10,23,19,30,600,508,Rue des sablons,,,Nuit avec éclairage allumé,En agglomération,Hors intersection,Normale,Deux véhicules - frontale,,,,,,,,,,,5,2,1,1.0,1
201200000663,0012-12-01 22:45:00,12,12,1,22,45,600,509,Rue de la Republique,,,Nuit avec éclairage allumé,En agglomération,Hors intersection,Normale,Autre collision,,,,,,,,,,,5,2,1,1.0,6
201200000664,0012-04-20 12:15:00,12,4,20,12,15,760,446,,49.45611,1.01871,Plein jour,Hors agglomération,Hors intersection,Normale,Autre collision,,,,,,,,,,,1,1,1,1.0,6
201200000665,0012-05-28 03:30:00,12,5,28,3,30,760,367,,49.50811,1.10709,Nuit sans éclairage public,Hors agglomération,Hors intersection,Normale,Autre collision,,,,,,,,,,,3,1,1,1.0,6