accident_id,datetime,annee,mois,jour,heure,minute,departement,commune_insee,adresse,latitude,longitude,luminosite,agglomeration,intersection,meteo,collision,nb_vehicules,nb_usagers,nb_indemnes,nb_tues,nb_blesses_hosp,nb_blesses_legers,age_cond_1,age_cond_2,veh_type_cond_1,veh_type_cond_2,lum_code,agg_code,int_code,atm_code,col_code
201200000666,0012-07-26 17:15:00,12,7,26,17,15,760,503,,49.52121,1.00265,Plein jour,Hors agglomération,Hors intersection,Normale,Sans collision,,,,,,,,,,,1,1,1,1.0,7
201200000667,0012-08-08 18:15:00,12,8,8,18,15,760,550,,49.37655,0.96158,Plein jour,Hors agglomération,Hors intersection,Normale,Autre collision,,,,,,,,,,,1,1,1,1.0,6
201200000668,0012-08-11 15:00:00,12,8,11,15,0,760,594,,49.5066,1.001,Plein jour,Hors agglomération,Intersection en X,Normale,Deux véhicules - frontale,,,,,,,,,,,1,1,2,1.0,1
201200000669,0012-09-09 14:30:00,12,9,9,14,30,760,367,,49.5075,1.08447,Plein jour,Hors agglomération,Hors intersection,Normale,Deux véhicules - arrière,,,,,,,,,,,1,1,1,1.0,2
201200000670,0012-10-01 17:00:00,12,10,1,17,0,760,634,CD67,49.38652,0.93122,Plein jour,En agglomération,Hors intersection,Normale,Deux véhicules - côté,,,,,,,,,,,1,2,1,1.0,3
201200000671,0012-11-07 07:45:00,12,11,7,7,45,760,614,,49.44695,0.97625,Plein jour,Hors agglomération,Hors intersection,Pluie légère,Deux véhicules - frontale,,,,,,,,,,,1,1,1,2.0,1
201200000672,0012-11-22 17:30:00,12,11,22,17,30,760,728,,49.47657,1.01905,Crépuscule ou aube,Hors agglomération,Hors intersection,Temps couvert,Trois véhicules et plus - collisions multiples,,,,,,,,,,,2,1,1,8.0,5
201200000673,0012-12-21 23:00:00,12,12,21,23,0,760,550,,49.35679,0.95792,Nuit avec éclairage non allumé,Hors agglomération,Hors intersection,Temps couvert,Sans collision,,,,,,,,,,,4,1,1,8.0,7
201200000674,0012-02-09 07:00:00,12,2,9,7,0,760,547,"225, RTE DE CAILLY",49.55684,1.25054,Nuit avec éclairage allumé,Hors agglomération,Hors intersection,Autre,Autre collision,,,,,,,,,,,5,1,1,9.0,6
201200000675,0012-03-16 22:00:00,12,3,16,22,0,760,271,,49.55931,1.1199,Nuit sans éclairage public,Hors agglomération,Hors intersection,Normale,Deux véhicules - côté,,,,,,,,,,,3,1,1,1.0,3
201200000676,0012-05-23 06:45:00,12,5,23,6,45,760,517,,49.51873,1.17943,Plein jour,Hors agglomération,Hors intersection,Temps couvert,Deux véhicules - côté,,,,,,,,,,,1,1,1,8.0,3
201200000677,0012-06-06 13:45:00,12,6,6,13,45,760,452,"90, R ANDRE MARTIN",49.54215,1.07018,Plein jour,En agglomération,Hors intersection,Temps couvert,Autre collision,,,,,,,,,,,1,2,1,8.0,6
201200000678,0012-07-19 10:45:00,12,7,19,10,45,760,152,CD6/CD12,49.57911,1.22979,Plein jour,En agglomération,Intersection en X,Normale,Deux véhicules - côté,,,,,,,,,,,1,2,2,1.0,3
201200000679,0012-08-27 12:45:00,12,8,27,12,45,760,452,RUE SADIT CARNOT,49.54994,1.07483,Plein jour,En agglomération,Hors intersection,Normale,Sans collision,,,,,,,,,,,1,2,1,1.0,7
201200000680,0012-11-06 17:30:00,12,11,6,17,30,760,517,,49.53034,1.13137,Nuit sans éclairage public,Hors agglomération,Hors intersection,Normale,Autre collision,,,,,,,,,,,3,1,1,1.0,6
201200000681,0012-01-14 20:00:00,12,1,14,20,0,760,47,RTE DE LA MER,49.74533,0.93371,Nuit avec éclairage allumé,En agglomération,Hors intersection,Normale,Autre collision,,,,,,,,,,,5,2,1,1.0,6
201200000682,0012-10-05 08:15:00,12,10,5,8,15,760,133,,49.87221,0.92344,Plein jour,Hors agglomération,Intersection en X,Normale,Deux véhicules - côté,,,,,,,,,,,1,1,2,1.0,3
201200000683,0012-10-12 08:15:00,12,10,12,8,15,760,51,PL DU GENERAL DE GAULLE,49.78599,0.99873,Nuit avec éclairage allumé,En agglomération,Hors intersection,Pluie forte,Autre collision,,,,,,,,,,,5,2,1,3.0,6
201200000684,0012-10-31 18:15:00,12,10,31,18,15,760,570,RD3,,,Nuit avec éclairage allumé,En agglomération,Hors intersection,Normale,Autre collision,,,,,,,,,,,5,2,1,1.0,6
201200000685,0012-02-19 01:30:00,12,2,19,1,30,760,34,,49.71974,1.12379,Nuit sans éclairage public,Hors agglomération,Hors intersection,Temps couvert,Deux véhicules - frontale,,,,,,,,,,,3,1,1,8.0,1
201200000686,0012-09-15 19:45:00,12,9,15,19,45,760,602,,49.68569,1.10229,Plein jour,Hors agglomération,Hors intersection,Normale,Deux véhicules - arrière,,,,,,,,,,,1,1,1,1.0,2
201200000687,0012-11-06 07:30:00,12,11,6,7,30,760,62,,49.66044,1.22249,Crépuscule ou aube,Hors agglomération,Hors intersection,Pluie légère,Deux véhicules - arrière,,,,,,,,,,,2,1,1,2.0,2
201200000688,0012-01-19 08:30:00,12,1,19,8,30,760,475,"210, R DE LA REPUBLIQUE",49.40241,1.17434,Crépuscule ou aube,En agglomération,Hors intersection,Pluie légère,Autre collision,,,,,,,,,,,2,2,1,2.0,6
201200000689,0012-01-21 09:45:00,12,1,21,9,45,760,464,,49.39895,1.23825,Plein jour,Hors agglomération,Hors intersection,Pluie légère,Autre collision,,,,,,,,,,,1,1,1,2.0,6
201200000690,0012-03-12 16:45:00,12,3,12,16,45,760,753,,49.34916,1.16383,Plein jour,Hors agglomération,Hors intersection,Normale,Deux véhicules - arrière,,,,,,,,,,,1,1,1,1.0,2
201200000691,0012-07-27 14:30:00,12,7,27,14,30,760,69,RTE DE PARIS,49.3881,1.12592,Plein jour,En agglomération,Intersection en T,Normale,Trois véhicules et plus - en chaîne,,,,,,,,,,,1,2,3,1.0,4
201200000692,0012-09-04 16:45:00,12,9,4,16,45,760,39,,49.34811,1.1275,Plein jour,Hors agglomération,Intersection en T,Normale,Deux véhicules - côté,,,,,,,,,,,1,1,3,1.0,3
201200000693,0012-09-21 14:00:00,12,9,21,14,0,760,313,,49.35459,1.12974,Plein jour,Hors agglomération,Hors intersection,Normale,Deux véhicules - côté,,,,,,,,,,,1,1,1,1.0,3
201200000694,0012-10-05 17:45:00,12,10,5,17,45,760,116,R DU DOIS D ENNEBOURG,49.39135,1.21354,Plein jour,En agglomération,Hors intersection,Normale,Deux véhicules - frontale,,,,,,,,,,,1,2,1,1.0,1
201200000695,0012-01-19 08:00:00,12,1,19,8,0,760,222,R DE VERDUN,49.48946,0.88187,Nuit avec éclairage allumé,En agglomération,Hors intersection,Pluie légère,Deux véhicules - frontale,,,,,,,,,,,5,2,1,2.0,1
201200000696,0012-01-19 23:00:00,12,1,19,23,0,760,636,302  R DU CHATEAU,49.50451,0.93013,Nuit avec éclairage allumé,En agglomération,Hors intersection,Normale,Autre collision,,,,,,,,,,,5,2,1,1.0,6
201200000697,0012-02-23 09:30:00,12,2,23,9,30,760,222,AV DU PRESIDENT COTY,49.47997,0.87251,Plein jour,En agglomération,Hors intersection,Normale,Autre collision,,,,,,,,,,,1,2,1,1.0,6
201200000698,0012-03-17 15:30:00,12,3,17,15,30,760,727,,49.41935,0.66321,Plein jour,Hors agglomération,Hors intersection,Pluie légère,Autre collision,,,,,,,,,,,1,1,1,2.0,6
201200000699,0012-07-06 15:30:00,12,7,6,15,30,760,164,"32, R SAINT CLAIR",49.52489,0.72903,Plein jour,En agglomération,Hors intersection,Normale,Autre collision,,,,,,,,,,,1,2,1,1.0,6
201200000700,0012-07-21 18:00:00,12,7,21,18,0,760,419,,49.39145,0.90495,Plein jour,Hors agglomération,Hors intersection,Normale,Deux véhicules - frontale,,,,,,,,,,,1,1,1,1.0,1
201200000701,0012-08-03 19:45:00,12,8,3,19,45,760,608,RTE DE DUCLAIR,49.50907,0.84128,Plein jour,En agglomération,Intersection en X,Temps couvert,Deux véhicules - côté,,,,,,,,,,,1,2,2,8.0,3
201200000702,0012-08-08 18:30:00,12,8,8,18,30,760,164,"23, AV DU LATHAM 47",49.5245,0.73422,Plein jour,En agglomération,Hors intersection,Temps éblouissant,Deux véhicules - côté,,,,,,,,,,,1,2,1,7.0,3
201200000703,0012-08-18 01:15:00,12,8,18,1,15,760,709,"956,R RAYMOND BRETECHE",49.48837,0.80381,Nuit avec éclairage allumé,En agglomération,Hors intersection,Normale,Autre collision,,,,,,,,,,,5,2,1,1.0,6
201200000704,0012-08-25 23:30:00,12,8,25,23,30,760,401,,49.46613,0.72617,Nuit sans éclairage public,Hors agglomération,Hors intersection,Pluie forte,Sans collision,,,,,,,,,,,3,1,1,3.0,7
201200000705,0012-09-06 22:00:00,12,9,6,22,0,760,473,,49.49895,0.75462,Nuit sans éclairage public,Hors agglomération,Hors intersection,Normale,Deux véhicules - frontale,,,,,,,,,,,3,1,1,1.0,1
201200000706,0012-10-01 14:30:00,12,10,1,14,30,760,473,,49.489,0.7552,Plein jour,Hors agglomération,Hors intersection,Normale,Deux véhicules - frontale,,,,,,,,,,,1,1,1,1.0,1
201200000707,0012-10-24 18:00:00,12,10,24,18,0,760,20,ROUTE DE BOURG ACHARD,49.45647,0.8877,Plein jour,Hors agglomération,Hors intersection,Normale,Autre collision,,,,,,,,,,,1,1,1,1.0,6
201200000708,0012-01-01 09:30:00,12,1,1,9,30,760,307,,49.63653,0.20675,Plein jour,Hors agglomération,Hors intersection,Normale,Autre collision,,,,,,,,,,,1,1,1,1.0,6
201200000709,0012-01-13 20:00:00,12,1,13,20,0,760,33,,49.68571,0.36205,Nuit sans éclairage public,Hors agglomération,Hors intersection,Normale,Autre collision,,,,,,,,,,,3,1,1,1.0,6
201200000710,0012-02-27 07:30:00,12,2,27,7,30,760,21,,49.67536,0.43642,Crépuscule ou aube,Hors agglomération,Hors intersection,Brouillard / fumée,Trois véhicules et plus - collisions multiples,,,,,,,,,,,2,1,1,5.0,5
201200000711,0012-03-28 16:30:00,12,3,28,16,30,760,213,,49.69188,0.48347,Plein jour,Hors agglomération,Intersection en X,Normale,Deux véhicules - côté,,,,,,,,,,,1,1,2,1.0,3
201200000712,0012-05-06 15:30:00,12,5,6,15,30,760,141,,49.62716,0.42,Plein jour,Hors agglomération,Hors intersection,Normale,Deux véhicules - frontale,,,,,,,,,,,1,1,1,1.0,1
201200000713,0012-06-28 16:30:00,12,6,28,16,30,760,141,,49.62991,0.39389,Plein jour,En agglomération,Hors intersection,Normale,Deux véhicules - frontale,,,,,,,,,,,1,2,1,1.0,1
201200000714,0012-07-25 17:15:00,12,7,25,17,15,760,302,,49.64378,0.35092,Plein jour,Hors agglomération,Hors intersection,Normale,Deux véhicules - côté,,,,,,,,,,,1,1,1,1.0,3
201200000715,0012-09-09 12:45:00,12,9,9,12,45,760,117,,49.69692,0.21947,Plein jour,Hors agglomération,Intersection en T,Normale,Deux véhicules - côté,,,,,,,,,,,1,1,3,1.0,3
201200000716,0012-01-21 00:45:00,12,1,21,0,45,760,592,,49.50622,0.49711,Nuit avec éclairage allumé,Hors agglomération,Hors intersection,Pluie légère,Autre collision,,,,,,,,,,,5,1,1,2.0,6
201200000717,0012-09-14 08:15:00,12,9,14,8,15,760,421,,49.5547,0.42359,Plein jour,Hors agglomération,Hors intersection,Normale,Deux véhicules - côté,,,,,,,,,,,1,1,1,1.0,3
201200000718,0012-11-30 07:15:00,12,11,30,7,15,760,421,,49.55484,0.42458,Crépuscule ou aube,Hors agglomération,Hors intersection,Temps couvert,Trois véhicules et plus - collisions multiples,,,,,,,,,,,2,1,1,8.0,5
201200000719,0012-12-18 23:45:00,12,12,18,23,45,760,543,,49.61769,0.50173,Nuit avec éclairage non allumé,En agglomération,Hors intersection,Normale,Deux véhicules - côté,,,,,,,,,,,4,2,1,1.0,3
201200000720,0012-03-12 17:00:00,12,3,12,17,0,760,303,,49.55361,0.35025,Plein jour,Hors agglomération,Intersection en X,Normale,Deux véhicules - côté,,,,,,,,,,,1,1,2,1.0,3
201200000721,0012-04-21 15:45:00,12,4,21,15,45,760,714,,49.55069,0.40866,Plein jour,Hors agglomération,Intersection en X,Normale,Deux véhicules - frontale,,,,,,,,,,,1,1,2,1.0,1
201200000722,0012-06-12 07:15:00,12,6,12,7,15,760,684,,49.48813,0.45979,Crépuscule ou aube,Hors agglomération,Hors intersection,Pluie légère,Deux véhicules - arrière,,,,,,,,,,,2,1,1,2.0,2
201200000723,0012-07-22 20:45:00,12,7,22,20,45,760,596,19 COTE DES CHATAIGNIERS,49.52851,0.25532,Crépuscule ou aube,En agglomération,Hors intersection,Normale,Autre collision,,,,,,,,,,,2,2,1,1.0,6
201200000724,0012-09-19 07:45:00,12,9,19,7,45,760,684,,49.48062,0.44891,Plein jour,Hors agglomération,Hors intersection,Normale,Sans collision,,,,,,,,,,,1,1,1,1.0,7
201200000725,0012-12-28 16:15:00,12,12,28,16,15,760,563,"243, RTE D OUDALLE",49.51734,0.33192,Plein jour,Hors agglomération,Hors intersection,Pluie légère,Autre collision,,,,,,,,,,,1,1,1,2.0,6
201200000726,0012-03-04 01:00:00,12,3,4,1,0,760,286,"36, RTE DE LONDINIERES",49.88176,1.42546,Nuit avec éclairage non allumé,En agglomération,Hors intersection,Autre,Autre collision,,,,,,,,,,,4,2,1,9.0,6
201200000727,0012-04-02 11:30:00,12,4,2,11,30,760,462,boulevard  Mal Joffre,49.7297,1.43947,Plein jour,En agglomération,Intersection en X,Normale,Autre collision,,,,,,,,,,,1,2,2,1.0,6
201200000728,0012-07-28 15:00:00,12,7,28,15,0,760,415,,49.67717,1.40009,Plein jour,Hors agglomération,Hors intersection,Normale,Autre collision,,,,,,,,,,,1,1,1,1.0,6
201200000729,0012-03-28 18:45:00,12,3,28,18,45,760,101,,49.91664,1.6535,Plein jour,Hors agglomération,Hors intersection,Normale,Autre collision,,,,,,,,,,,1,1,1,1.0,6
201200000730,0012-05-09 12:30:00,12,5,9,12,30,760,233,,49.80147,1.73963,Plein jour,Hors agglomération,Hors intersection,Normale,Deux véhicules - frontale,,,,,,,,,,,1,1,1,1.0,1
201200000731,0012-06-07 08:45:00,12,6,7,8,45,760,598,,49.83878,1.61203,Plein jour,Hors agglomération,Hors intersection,Temps couvert,Sans collision,,,,,,,,,,,1,1,1,8.0,7
201200000732,0012-06-29 19:30:00,12,6,29,19,30,760,35,RUE DU 11 NOVEMBRE,49.76684,1.76039,Plein jour,En agglomération,Hors intersection,Normale,Autre collision,,,,,,,,,,,1,2,1,1.0,6
201200000733,0012-06-29 09:45:00,12,6,29,9,45,760,35,PL DES MARCHES,49.7698,1.75203,Plein jour,En agglomération,Intersection en T,Normale,Deux véhicules - côté,,,,,,,,,,,1,2,3,1.0,3
201200000734,0012-07-28 10:30:00,12,7,28,10,30,760,101,"27, ROUTE DE NEUFCHATEL",49.92689,1.62844,Plein jour,En agglomération,Hors intersection,Normale,Deux véhicules - frontale,,,,,,,,,,,1,2,1,1.0,1
201200000735,0012-08-07 18:45:00,12,8,7,18,45,760,645,,49.87364,1.57984,Plein jour,Hors agglomération,Intersection en T,Normale,Deux véhicules - frontale,,,,,,,,,,,1,1,3,1.0,1
201200000736,0012-10-12 08:00:00,12,10,12,8,0,760,35,,49.7604,1.73323,Crépuscule ou aube,Hors agglomération,Intersection en T,Pluie légère,Deux véhicules - côté,,,,,,,,,,,2,1,3,2.0,3
201200000737,0012-12-15 06:45:00,12,12,15,6,45,760,101,R SAINT DENIS,49.92926,1.63049,Nuit avec éclairage allumé,En agglomération,Intersection en T,Normale,Autre collision,,,,,,,,,,,5,2,3,1.0,6
201200000738,0012-12-20 16:30:00,12,12,20,16,30,760,527,route d'aumale,49.811,1.647,Crépuscule ou aube,En agglomération,Hors intersection,Pluie légère,Autre collision,,,,,,,,,,,2,2,1,2.0,6
201200000739,0012-02-13 08:45:00,12,2,13,8,45,760,648,,49.67596,1.30084,Plein jour,Hors agglomération,Hors intersection,Brouillard / fumée,Autre collision,,,,,,,,,,,1,1,1,5.0,6
201200000740,0012-03-07 05:00:00,12,3,7,5,0,760,261,,49.56435,1.52665,Nuit sans éclairage public,Hors agglomération,Hors intersection,Brouillard / fumée,Autre collision,,,,,,,,,,,3,1,1,5.0,6
201200000741,0012-06-17 17:45:00,12,6,17,17,45,760,648,,49.65899,1.25365,Plein jour,Hors agglomération,Intersection en X,Normale,Deux véhicules - frontale,,,,,,,,,,,1,1,2,1.0,1
201200000742,0012-07-19 11:30:00,12,7,19,11,30,760,532,,49.62055,1.322,Plein jour,Hors agglomération,Hors intersection,Normale,Deux véhicules - frontale,,,,,,,,,,,1,1,1,1.0,1
201200000743,0012-11-09 19:00:00,12,11,9,19,0,760,295,R DU ONZIEME HUSSARD CAN,49.65157,1.61645,Nuit avec éclairage allumé,En agglomération,Hors intersection,Pluie forte,Autre collision,,,,,,,,,,,5,2,1,3.0,6
201200000744,0012-03-21 17:45:00,12,3,21,17,45,760,260,Route de Beauvais,49.46297,1.75733,Plein jour,Hors agglomération,Hors intersection,Normale,Deux véhicules - frontale,,,,,,,,,,,1,1,1,1.0,1
201200000745,0012-05-27 15:30:00,12,5,27,15,30,760,260,route de beauvais,49.47808,1.74082,Plein jour,En agglomération,Hors intersection,Normale,Autre collision,,,,,,,,,,,1,2,1,1.0,6
201200000746,0012-07-20 18:30:00,12,7,20,18,30,760,260,R LEROY MOULIN,49.48183,1.73901,Plein jour,En agglomération,Hors intersection,Normale,Deux véhicules - côté,,,,,,,,,,,1,2,1,1.0,3
201200000747,0012-01-22 19:45:00,12,1,22,19,45,760,1,,49.58184,0.63227,Nuit sans éclairage public,Hors agglomération,Hors intersection,Normale,Deux véhicules - frontale,,,,,,,,,,,3,1,1,1.0,1
201200000748,0012-11-16 22:30:00,12,11,16,22,30,760,702,,49.5962,0.75904,Nuit sans éclairage public,Hors agglomération,Hors intersection,Brouillard / fumée,Autre collision,,,,,,,,,,,3,1,1,5.0,6
201200000749,0012-11-24 13:00:00,12,11,24,13,0,760,223,,49.62079,0.8248,Plein jour,Hors agglomération,Intersection en X,Pluie légère,Deux véhicules - côté,,,,,,,,,,,1,1,2,2.0,3
201200000750,0012-11-23 16:15:00,12,11,23,16,15,760,758,"32, R DU MONT JOLY",49.61041,0.75952,Plein jour,En agglomération,Hors intersection,Pluie légère,Autre collision,,,,,,,,,,,1,2,1,2.0,6
201200000751,0012-02-04 15:00:00,12,2,4,15,0,760,57,"168, AV ANDRE MAUROIS",49.55686,0.95295,Plein jour,En agglomération,Hors intersection,Normale,Autre collision,,,,,,,,,,,1,2,1,1.0,6
201200000752,0012-02-26 09:30:00,12,2,26,9,30,760,385,,49.63125,0.91605,Plein jour,Hors agglomération,Intersection en X,Brouillard / fumée,Deux véhicules - frontale,,,,,,,,,,,1,1,2,5.0,1
201200000753,0012-03-13 07:00:00,12,3,13,7,0,760,495,"23, R DU DOCTEUR BLONDEL",49.56143,0.95111,Plein jour,En agglomération,Hors intersection,Normale,Sans collision,,,,,,,,,,,1,2,1,1.0,7
201200000754,0012-03-12 17:45:00,12,3,12,17,45,760,57,R AMBROISE PARE,49.52907,0.95068,Nuit avec éclairage allumé,En agglomération,Hors intersection,Brouillard / fumée,Autre collision,,,,,,,,,,,5,2,1,5.0,6
201200000755,0012-04-21 20:00:00,12,4,21,20,0,760,433,,49.5841,0.88629,Plein jour,Hors agglomération,Intersection en X,Normale,Deux véhicules - côté,,,,,,,,,,,1,1,2,1.0,3
201200000756,0012-05-27 17:30:00,12,5,27,17,30,760,234,,49.61054,0.97117,Plein jour,Hors agglomération,Hors intersection,Normale,Deux véhicules - frontale,,,,,,,,,,,1,1,1,1.0,1
201200000757,0012-05-29 15:45:00,12,5,29,15,45,760,57,,49.54448,0.97002,Plein jour,Hors agglomération,Hors intersection,Normale,Deux véhicules - côté,,,,,,,,,,,1,1,1,1.0,3
201200000758,0012-07-06 06:00:00,12,7,6,6,0,760,385,,49.60202,0.94236,Crépuscule ou aube,Hors agglomération,Hors intersection,Normale,Deux véhicules - côté,,,,,,,,,,,2,1,1,1.0,3
201200000759,0012-09-28 09:15:00,12,9,28,9,15,760,743,,49.52796,0.93087,Plein jour,En agglomération,Intersection en T,Normale,Deux véhicules - côté,,,,,,,,,,,1,2,3,1.0,3
201200000760,0012-02-17 07:45:00,12,2,17,7,45,760,493,,49.85068,0.63017,Crépuscule ou aube,Hors agglomération,Hors intersection,Normale,Deux véhicules - frontale,,,,,,,,,,,2,1,1,1.0,1
201200000761,0012-03-22 06:45:00,12,3,22,6,45,760,315,,49.76465,0.63375,Crépuscule ou aube,Hors agglomération,Hors intersection,Normale,Autre collision,,,,,,,,,,,2,1,1,1.0,6
201200000762,0012-05-19 14:45:00,12,5,19,14,45,760,646,,49.81346,0.66974,Plein jour,Hors agglomération,Intersection en T,Normale,Trois véhicules et plus - collisions multiples,,,,,,,,,,,1,1,3,1.0,5
201200000763,0012-06-15 20:30:00,12,6,15,20,30,760,272,,49.81936,0.87163,Plein jour,Hors agglomération,Hors intersection,Temps couvert,Autre collision,,,,,,,,,,,1,1,1,8.0,6
201200000764,0012-06-30 04:45:00,12,6,30,4,45,760,315,,49.74496,0.64788,Crépuscule ou aube,Hors agglomération,Hors intersection,Normale,Autre collision,,,,,,,,,,,2,1,1,1.0,6
201200000765,0012-07-20 19:45:00,12,7,20,19,45,760,172,"258, GRAND ROUTE",49.86563,0.84907,Plein jour,En agglomération,Intersection en T,Normale,Deux véhicules - côté,,,,,,,,,,,1,2,3,1.0,3
201200000766,0012-08-25 19:15:00,12,8,25,19,15,760,159,rue du general de gaulle,49.78732,0.63599,Plein jour,En agglomération,Hors intersection,Normale,Trois véhicules et plus - collisions multiples,,,,,,,,,,,1,2,1,1.0,5
201200000767,0012-10-06 15:45:00,12,10,6,15,45,760,159,,49.78309,0.65237,Plein jour,Hors agglomération,Hors intersection,Pluie légère,Deux véhicules - frontale,,,,,,,,,,,1,1,1,2.0,1
201200000768,0012-10-18 04:30:00,12,10,18,4,30,760,735,,49.86236,0.79012,Nuit sans éclairage public,Hors agglomération,Hors intersection,Pluie légère,Autre collision,,,,,,,,,,,3,1,1,2.0,6
201200000769,0012-11-06 21:45:00,12,11,6,21,45,760,569,,49.80798,0.75321,Nuit sans éclairage public,Hors agglomération,Intersection en X,Temps couvert,Deux véhicules - côté,,,,,,,,,,,3,1,2,8.0,3
201200000770,0012-01-15 00:30:00,12,1,15,0,30,760,213,,49.69968,0.50627,Nuit sans éclairage public,Hors agglomération,Hors intersection,Normale,Sans collision,,,,,,,,,,,3,1,1,1.0,7
201200000771,0012-05-12 10:15:00,12,5,12,10,15,760,706,rue aux chars,49.71571,0.39552,Plein jour,En agglomération,Hors intersection,Normale,Deux véhicules - côté,,,,,,,,,,,1,2,1,1.0,3
201200000772,0012-05-13 01:30:00,12,5,13,1,30,760,187,,49.72771,0.43683,Nuit sans éclairage public,Hors agglomération,Intersection en X,Normale,Deux véhicules - côté,,,,,,,,,,,3,1,2,1.0,3
201200000773,0012-08-26 14:00:00,12,8,26,14,0,760,719,,49.74029,0.51585,Plein jour,Hors agglomération,Hors intersection,Normale,Autre collision,,,,,,,,,,,1,1,1,1.0,6
201200000774,0012-12-06 07:45:00,12,12,6,7,45,760,529,,49.72915,0.57239,Crépuscule ou aube,Hors agglomération,Intersection en X,Autre,Deux véhicules - frontale,,,,,,,,,,,2,1,2,9.0,1
201200000775,0012-01-24 18:00:00,12,1,24,18,0,760,219,"45, R PIERE LAMOTTE",49.71891,0.78688,Crépuscule ou aube,En agglomération,Hors intersection,Pluie légère,Autre collision,,,,,,,,,,,2,2,1,2.0,6
201200000776,0012-03-11 01:30:00,12,3,11,1,30,760,456,,49.62089,0.85073,Nuit sans éclairage public,Hors agglomération,Hors intersection,Brouillard / fumée,Autre collision,,,,,,,,,,,3,1,1,5.0,6
201200000777,0012-04-28 08:45:00,12,4,28,8,45,760,180,,49.70103,0.66321,Plein jour,Hors agglomération,Intersection en X,Pluie légère,Deux véhicules - côté,,,,,,,,,,,1,1,2,2.0,3
201200000778,0012-05-06 13:30:00,12,5,6,13,30,760,510,,49.72202,0.84841,Plein jour,Hors agglomération,Intersection en X,Normale,Deux véhicules - côté,,,,,,,,,,,1,1,2,1.0,3
201200000779,0012-10-30 12:00:00,12,10,30,12,0,760,737,,49.68826,0.93268,Plein jour,Hors agglomération,Hors intersection,Temps couvert,Deux véhicules - côté,,,,,,,,,,,1,1,1,8.0,3
201200000780,0012-11-19 08:30:00,12,11,19,8,30,760,91,,49.71111,0.61781,Plein jour,En agglomération,Hors intersection,Temps couvert,Autre collision,,,,,,,,,,,1,2,1,8.0,6
201200000781,0012-05-16 18:45:00,12,5,16,18,45,270,306,LA GRANDE CONTREE,48.9782,1.18735,Plein jour,En agglomération,Hors intersection,Normale,Deux véhicules - frontale,,,,,,,,,,,1,2,1,1.0,1
201200000782,0012-05-18 16:30:00,12,5,18,16,30,270,165,,48.9654,0.93047,Plein jour,Hors agglomération,Hors intersection,Normale,Autre collision,,,,,,,,,,,1,1,1,1.0,6
201200000783,0012-06-29 23:15:00,12,6,29,23,15,270,659,5 RUE ST ANNE,48.9896,1.23406,Nuit avec éclairage allumé,En agglomération,Hors intersection,Normale,Autre collision,,,,,,,,,,,5,2,1,1.0,6
201200000784,0012-07-11 17:00:00,12,7,11,17,0,270,147,,49.1112,1.17385,Plein jour,Hors agglomération,Hors intersection,Pluie légère,Sans collision,,,,,,,,,,,1,1,1,2.0,7
201200000785,0012-08-07 17:30:00,12,8,7,17,30,270,229,,,,Plein jour,Hors agglomération,Hors intersection,Normale,Deux véhicules - arrière,,,,,,,,,,,1,1,1,1.0,2
201200000786,0012-10-12 14:15:00,12,10,12,14,15,270,165,CD840,,,Plein jour,En agglomération,Hors intersection,Normale,Deux véhicules - arrière,,,,,,,,,,,1,2,1,1.0,2
201200000787,0012-11-11 18:15:00,12,11,11,18,15,270,602,,,,Nuit sans éclairage public,En agglomération,Hors intersection,Normale,Autre collision,,,,,,,,,,,3,2,1,1.0,6
201200000788,0012-11-30 12:30:00,12,11,30,12,30,270,489,,,,Plein jour,Hors agglomération,Hors intersection,Normale,Deux véhicules - côté,,,,,,,,,,,1,1,1,1.0,3
201200000789,0012-06-11 18:00:00,12,6,11,18,0,270,484,ROUTE DE LA FOLIE,48.9405,1.2794,Plein jour,En agglomération,Hors intersection,Normale,Deux véhicules - frontale,,,,,,,,,,,1,2,1,1.0,1
201200000790,0012-06-18 18:45:00,12,6,18,18,45,270,256,,48.9229,1.24923,Plein jour,Hors agglomération,Hors intersection,Normale,Trois véhicules et plus - en chaîne,,,,,,,,,,,1,1,1,1.0,4
201200000791,0012-12-22 17:45:00,12,12,22,17,45,270,230,RUE OSCAR LENOIR,48.869,1.416,Nuit avec éclairage allumé,En agglomération,Intersection en X,Normale,Deux véhicules - côté,,,,,,,,,,,5,2,2,1.0,3
201200000792,0012-02-02 15:30:00,12,2,2,15,30,270,543,,48.7978,1.35581,Plein jour,Hors agglomération,Hors intersection,Normale,Autre collision,,,,,,,,,,,1,1,1,1.0,6
201200000793,0012-04-08 17:30:00,12,4,8,17,30,270,198,,48.8841,1.05339,Plein jour,Hors agglomération,Intersection en X,Normale,Deux véhicules - côté,,,,,,,,,,,1,1,2,1.0,3