accident_id,datetime,annee,mois,jour,heure,minute,departement,commune_insee,adresse,latitude,longitude,luminosite,agglomeration,intersection,meteo,collision,nb_vehicules,nb_usagers,nb_indemnes,nb_tues,nb_blesses_hosp,nb_blesses_legers,age_cond_1,age_cond_2,veh_type_cond_1,veh_type_cond_2,lum_code,agg_code,int_code,atm_code,col_code
201200000794,0012-01-18 10:00:00,12,1,18,10,0,270,326,,48.9826,1.4198,Plein jour,Hors agglomération,Hors intersection,Normale,Autre collision,,,,,,,,,,,1,1,1,1.0,6
201200000795,0012-02-23 14:45:00,12,2,23,14,45,270,510,RUE CHARLES LEDOUX,49.0118,1.37047,Plein jour,En agglomération,Hors intersection,Normale,Deux véhicules - côté,,,,,,,,,,,1,2,1,1.0,3
201200000796,0012-11-23 18:45:00,12,11,23,18,45,270,510,,49.005,1.37,Nuit sans éclairage public,Hors agglomération,Hors intersection,Pluie forte,Deux véhicules - arrière,,,,,,,,,,,3,1,1,3.0,2
201200000797,0012-12-17 07:15:00,12,12,17,7,15,270,510,,,,Nuit sans éclairage public,Hors agglomération,Hors intersection,Pluie légère,Autre collision,,,,,,,,,,,3,1,1,2.0,6
201200000798,0012-03-04 23:00:00,12,3,4,23,0,270,43,,48.9039,0.79518,Nuit sans éclairage public,Hors agglomération,Hors intersection,Pluie légère,Sans collision,,,,,,,,,,,3,1,1,2.0,7
201200000799,0012-03-19 10:45:00,12,3,19,10,45,270,679,CHEMIN DES POISSONNIERS,48.7415,0.91813,Plein jour,En agglomération,Hors intersection,Temps éblouissant,Deux véhicules - frontale,,,,,,,,,,,1,2,1,7.0,1
201200000800,0012-04-17 08:00:00,12,4,17,8,0,270,75,,48.9007,0.67001,Plein jour,Hors agglomération,Autre intersection,Normale,Deux véhicules - côté,,,,,,,,,,,1,1,9,1.0,3
201200000801,0012-06-06 14:15:00,12,6,6,14,15,270,491,,48.8238,1.00776,Plein jour,Hors agglomération,Intersection en X,Normale,Deux véhicules - côté,,,,,,,,,,,1,1,2,1.0,3
201200000802,0012-06-15 23:15:00,12,6,15,23,15,270,431,CD 830,48.9011,0.74945,Nuit avec éclairage non allumé,En agglomération,Hors intersection,Temps couvert,Autre collision,,,,,,,,,,,4,2,1,8.0,6
201200000803,0012-07-19 06:30:00,12,7,19,6,30,270,679,,48.73,0.90847,Crépuscule ou aube,Hors agglomération,Hors intersection,Normale,Deux véhicules - frontale,,,,,,,,,,,2,1,1,1.0,1
201200000804,0012-10-15 20:15:00,12,10,15,20,15,270,195,,48.815,1.00499,Nuit sans éclairage public,Hors agglomération,Hors intersection,Normale,Deux véhicules - arrière,,,,,,,,,,,3,1,1,1.0,2
201200000805,0012-10-19 18:45:00,12,10,19,18,45,270,323,,48.928,0.583,Crépuscule ou aube,Hors agglomération,Hors intersection,Pluie légère,Deux véhicules - frontale,,,,,,,,,,,2,1,1,2.0,1
201200000806,0012-12-05 18:45:00,12,12,5,18,45,270,679,,48.735,0.956,Nuit avec éclairage allumé,Hors agglomération,Hors intersection,Normale,Autre collision,,,,,,,,,,,5,1,1,1.0,6
201200000807,0012-06-01 07:15:00,12,6,1,7,15,270,180,RTE ANDELYS  RUE 13 AOUT,49.1822,1.35653,Plein jour,En agglomération,Intersection en X,Normale,Deux véhicules - côté,,,,,,,,,,,1,2,2,1.0,3
201200000808,0012-06-02 15:45:00,12,6,2,15,45,270,16,AVENUE DE LA REPUBLIQUE,49.2459,1.41428,Plein jour,En agglomération,Hors intersection,Normale,Deux véhicules - côté,,,,,,,,,,,1,2,1,1.0,3
201200000809,0012-06-08 22:30:00,12,6,8,22,30,270,16,HAMEAU LE BUCAILLET,49.233,1.43254,Nuit sans éclairage public,Hors agglomération,Hors intersection,Normale,Deux véhicules - frontale,,,,,,,,,,,3,1,1,1.0,1
201200000810,0012-06-28 17:45:00,12,6,28,17,45,270,635,,49.2644,1.36035,Plein jour,Hors agglomération,Hors intersection,Pluie légère,Deux véhicules - frontale,,,,,,,,,,,1,1,1,2.0,1
201200000811,0012-08-20 18:30:00,12,8,20,18,30,270,635,22 rue de seine,,,Plein jour,En agglomération,Hors intersection,Normale,Autre collision,,,,,,,,,,,1,2,1,1.0,6
201200000812,0012-09-25 08:45:00,12,9,25,8,45,270,16,rue Ch?neau de Leyritz,,,Plein jour,En agglomération,Hors intersection,Pluie forte,Deux véhicules - arrière,,,,,,,,,,,1,2,1,3.0,2
201200000813,0012-10-21 20:30:00,12,10,21,20,30,270,16,,,,Nuit avec éclairage allumé,En agglomération,Hors intersection,Temps couvert,Deux véhicules - frontale,,,,,,,,,,,5,2,1,8.0,1
201200000814,0012-10-18 10:15:00,12,10,18,10,15,270,180,,,,Plein jour,En agglomération,Hors intersection,Pluie légère,Autre collision,,,,,,,,,,,1,2,1,2.0,6
201200000815,0012-12-19 15:00:00,12,12,19,15,0,270,16,,,,Plein jour,Hors agglomération,Hors intersection,Pluie légère,Deux véhicules - frontale,,,,,,,,,,,1,1,1,2.0,1
201200000816,0012-12-24 19:15:00,12,12,24,19,15,270,16,,,,Nuit sans éclairage public,Hors agglomération,Hors intersection,Normale,Sans collision,,,,,,,,,,,3,1,1,1.0,7
201200000817,0012-02-23 07:30:00,12,2,23,7,30,270,262,,49.1275,1.62097,Crépuscule ou aube,Hors agglomération,Hors intersection,Brouillard / fumée,Autre collision,,,,,,,,,,,2,1,1,5.0,6
201200000818,0012-07-24 17:00:00,12,7,24,17,0,270,72,,49.0944,1.55716,Plein jour,Hors agglomération,Autre intersection,Normale,Deux véhicules - côté,,,,,,,,,,,1,1,9,1.0,3
201200000819,0012-03-23 07:45:00,12,3,23,7,45,270,104,RD 6014,49.3878,1.29925,Plein jour,En agglomération,Intersection en X,Normale,Deux véhicules - frontale,,,,,,,,,,,1,2,2,1.0,1
201200000820,0012-09-29 11:30:00,12,9,29,11,30,270,246,rue pouyer quertier,,,Plein jour,En agglomération,Hors intersection,Normale,Autre collision,,,,,,,,,,,1,2,1,1.0,6
201200000821,0012-02-08 16:45:00,12,2,8,16,45,270,284,ROUTE DE PARIS,49.2553,1.78744,Plein jour,Hors agglomération,Hors intersection,Autre,Trois véhicules et plus - collisions multiples,,,,,,,,,,,1,1,1,9.0,5
201200000822,0012-09-02 13:00:00,12,9,2,13,0,270,632,,,,Plein jour,Hors agglomération,Hors intersection,Normale,Deux véhicules - arrière,,,,,,,,,,,1,1,1,1.0,2
201200000823,0012-09-08 13:30:00,12,9,8,13,30,270,204,,,,Plein jour,Hors agglomération,Hors intersection,Normale,Sans collision,,,,,,,,,,,1,1,1,1.0,7
201200000824,0012-09-08 18:30:00,12,9,8,18,30,270,284,faubourg de neaufles,,,Plein jour,En agglomération,Hors intersection,Normale,Deux véhicules - frontale,,,,,,,,,,,1,2,1,1.0,1
201200000825,0012-09-18 18:15:00,12,9,18,18,15,270,26,,,,Plein jour,Hors agglomération,Hors intersection,Normale,Sans collision,,,,,,,,,,,1,1,1,1.0,7
201200000826,0012-09-21 18:00:00,12,9,21,18,0,270,226,,,,Plein jour,Hors agglomération,Hors intersection,Normale,Sans collision,,,,,,,,,,,1,1,1,1.0,7
201200000827,0012-10-21 07:30:00,12,10,21,7,30,270,682,rue de la marette,,,Crépuscule ou aube,En agglomération,Hors intersection,Temps couvert,Autre collision,,,,,,,,,,,2,2,1,8.0,6
201200000828,0012-11-25 20:45:00,12,11,25,20,45,270,372,,,,Nuit sans éclairage public,Hors agglomération,Intersection en X,Normale,Deux véhicules - côté,,,,,,,,,,,3,1,2,1.0,3
201200000829,0012-12-22 14:00:00,12,12,22,14,0,270,333,,,,Plein jour,Hors agglomération,Hors intersection,Pluie légère,Deux véhicules - frontale,,,,,,,,,,,1,1,1,2.0,1
201200000830,0012-01-11 07:30:00,12,1,11,7,30,270,463,,49.1303,0.64038,Nuit sans éclairage public,Hors agglomération,Hors intersection,Normale,Deux véhicules - frontale,,,,,,,,,,,3,1,1,1.0,1
201200000831,0012-09-19 16:45:00,12,9,19,16,45,270,56,,,,Plein jour,Hors agglomération,Hors intersection,Normale,Trois véhicules et plus - en chaîne,,,,,,,,,,,1,1,1,1.0,4
201200000832,0012-11-09 21:45:00,12,11,9,21,45,270,667,,,,Nuit sans éclairage public,Hors agglomération,Hors intersection,Pluie légère,Deux véhicules - côté,,,,,,,,,,,3,1,1,2.0,3
201200000833,0012-01-25 19:00:00,12,1,25,19,0,270,95,,49.2195,0.74728,Nuit sans éclairage public,Hors agglomération,Hors intersection,Pluie légère,Trois véhicules et plus - collisions multiples,,,,,,,,,,,3,1,1,2.0,5
201200000834,0012-04-17 19:00:00,12,4,17,19,0,270,253,,49.1495,0.70803,Plein jour,Hors agglomération,Intersection en T,Normale,Deux véhicules - côté,,,,,,,,,,,1,1,3,1.0,3
201200000835,0012-06-17 18:00:00,12,6,17,18,0,270,116,RUE LEMARROIS,49.2005,0.72138,Plein jour,En agglomération,Hors intersection,Normale,Deux véhicules - côté,,,,,,,,,,,1,2,1,1.0,3
201200000836,0012-01-02 14:00:00,12,1,2,14,0,270,701,R DE PARIS R CREMONVILLE,49.2358,1.21141,Plein jour,En agglomération,Intersection en X,Normale,Deux véhicules - côté,,,,,,,,,,,1,2,2,1.0,3
201200000837,0012-01-11 16:30:00,12,1,11,16,30,270,598,27 RUE PRINCIPALE,49.2191,1.20872,Plein jour,En agglomération,Hors intersection,Normale,Deux véhicules - frontale,,,,,,,,,,,1,2,1,1.0,1
201200000838,0012-11-28 18:45:00,12,11,28,18,45,270,598,,,,Nuit sans éclairage public,Hors agglomération,Hors intersection,Temps couvert,Autre collision,,,,,,,,,,,3,1,1,8.0,6
201200000839,0012-12-31 18:15:00,12,12,31,18,15,270,3,,,,Nuit sans éclairage public,Hors agglomération,Hors intersection,Pluie légère,Autre collision,,,,,,,,,,,3,1,1,2.0,6
201200000840,0012-02-16 08:00:00,12,2,16,8,0,270,332,,49.1841,1.25363,Crépuscule ou aube,Hors agglomération,Hors intersection,Normale,Deux véhicules - frontale,,,,,,,,,,,2,1,1,1.0,1
201200000841,0012-02-21 13:45:00,12,2,21,13,45,270,275,AVEN DU MARECHAL LECLERC,49.16,1.33698,Plein jour,En agglomération,Giratoire,Normale,Autre collision,,,,,,,,,,,1,2,6,1.0,6
201200000842,0012-03-26 07:30:00,12,3,26,7,30,270,501,RUE PRINCIPALE,49.0661,1.33612,Plein jour,En agglomération,Hors intersection,Normale,Autre collision,,,,,,,,,,,1,2,1,1.0,6
201200000843,0012-05-25 04:45:00,12,5,25,4,45,270,599,PR 13+500,49.1501,1.38101,Nuit sans éclairage public,Hors agglomération,Hors intersection,Normale,Autre collision,,,,,,,,,,,3,1,1,1.0,6
201200000844,0012-09-05 10:00:00,12,9,5,10,0,270,249,,,,Plein jour,Hors agglomération,Hors intersection,Normale,Deux véhicules - côté,,,,,,,,,,,1,1,1,1.0,3
201200000845,0012-09-12 18:45:00,12,9,12,18,45,270,599,,,,Plein jour,Hors agglomération,Hors intersection,Normale,Deux véhicules - frontale,,,,,,,,,,,1,1,1,1.0,1
201200000846,0012-09-11 10:45:00,12,9,11,10,45,270,22,,,,Plein jour,Hors agglomération,Hors intersection,Pluie légère,Sans collision,,,,,,,,,,,1,1,1,2.0,7
201200000847,0012-09-29 16:15:00,12,9,29,16,15,270,5,,,,Plein jour,Hors agglomération,Hors intersection,Normale,Deux véhicules - côté,,,,,,,,,,,1,1,1,1.0,3
201200000848,0012-11-08 17:45:00,12,11,8,17,45,270,612,,,,Nuit sans éclairage public,Hors agglomération,Hors intersection,Normale,Deux véhicules - côté,,,,,,,,,,,3,1,1,1.0,3
201200000849,0012-11-13 07:30:00,12,11,13,7,30,270,5,,,,Crépuscule ou aube,Hors agglomération,Hors intersection,Pluie légère,Trois véhicules et plus - collisions multiples,,,,,,,,,,,2,1,1,2.0,5
201200000850,0012-11-26 09:00:00,12,11,26,9,0,270,343,,,,Plein jour,Hors agglomération,Hors intersection,Normale,Deux véhicules - frontale,,,,,,,,,,,1,1,1,1.0,1
201200000851,0012-01-21 11:45:00,12,1,21,11,45,270,365,RUE DES EMOTELLES R11/11,49.2931,1.20076,Plein jour,En agglomération,Autre intersection,Pluie légère,Deux véhicules - frontale,,,,,,,,,,,1,2,9,2.0,1
201200000852,0012-04-20 22:15:00,12,4,20,22,15,270,365,,49.2957,1.19962,Nuit sans éclairage public,Hors agglomération,Autre intersection,Normale,Deux véhicules - frontale,,,,,,,,,,,3,1,9,1.0,1
201200000853,0012-05-23 07:00:00,12,5,23,7,0,270,348,,49.3334,1.1534,Plein jour,Hors agglomération,Hors intersection,Normale,Autre collision,,,,,,,,,,,1,1,1,1.0,6
201200000854,0012-09-16 18:00:00,12,9,16,18,0,270,412,,,,Plein jour,Hors agglomération,Hors intersection,Normale,Deux véhicules - côté,,,,,,,,,,,1,1,1,1.0,3
201200000855,0012-09-30 18:00:00,12,9,30,18,0,270,348,,,,Plein jour,En agglomération,Hors intersection,Normale,Deux véhicules - arrière,,,,,,,,,,,1,2,1,1.0,2
201200000856,0012-12-24 08:15:00,12,12,24,8,15,270,8,,49.528,1.283,Crépuscule ou aube,Hors agglomération,Hors intersection,Normale,Deux véhicules - côté,,,,,,,,,,,2,1,1,1.0,3
201200000857,0012-02-13 11:15:00,12,2,13,11,15,270,654,,49.2393,0.91667,Plein jour,Hors agglomération,Hors intersection,Normale,Autre collision,,,,,,,,,,,1,1,1,1.0,6
201200000858,0012-09-30 02:30:00,12,9,30,2,30,270,201,,,,Nuit sans éclairage public,Hors agglomération,Hors intersection,Pluie légère,Sans collision,,,,,,,,,,,3,1,1,2.0,7
201200000859,0012-01-08 05:15:00,12,1,8,5,15,270,467,D675 / AV JEAN MONET,49.3469,0.5425,Nuit avec éclairage allumé,En agglomération,Giratoire,Normale,Sans collision,,,,,,,,,,,5,2,6,1.0,7
201200000860,0012-01-11 13:45:00,12,1,11,13,45,270,549,ROUTE DE LISIEUX,49.347,0.51591,Plein jour,En agglomération,Intersection en X,Normale,Deux véhicules - frontale,,,,,,,,,,,1,2,2,1.0,1
201200000861,0012-01-28 20:00:00,12,1,28,20,0,270,384,,49.364,0.3253,Nuit sans éclairage public,Hors agglomération,Hors intersection,Normale,Deux véhicules - frontale,,,,,,,,,,,3,1,1,1.0,1
201200000862,0012-06-15 18:45:00,12,6,15,18,45,270,174,,49.3471,0.59593,Plein jour,Hors agglomération,Autre intersection,Pluie légère,Deux véhicules - côté,,,,,,,,,,,1,1,9,2.0,3
201200000863,0012-07-01 20:00:00,12,7,1,20,0,270,65,143 R MARE HEBERT CAMPIO,49.3444,0.34648,Plein jour,En agglomération,Intersection en T,Normale,Deux véhicules - côté,,,,,,,,,,,1,2,3,1.0,3
201200000864,0012-07-25 13:00:00,12,7,25,13,0,270,384,D 22,49.3681,0.3227,Plein jour,En agglomération,Intersection en T,Normale,Deux véhicules - côté,,,,,,,,,,,1,2,3,1.0,3
201200000865,0012-07-29 08:15:00,12,7,29,8,15,270,107,SENTE DU CLOS SERPETTE,49.3873,0.63822,Plein jour,Hors agglomération,Hors intersection,Normale,Sans collision,,,,,,,,,,,1,1,1,1.0,7
201200000866,0012-07-30 13:45:00,12,7,30,13,45,270,577,,49.4369,0.54879,Plein jour,Hors agglomération,Hors intersection,Normale,Trois véhicules et plus - collisions multiples,,,,,,,,,,,1,1,1,1.0,5
201200000867,0012-08-01 08:00:00,12,8,1,8,0,270,174,,,,Plein jour,Hors agglomération,Hors intersection,Normale,Deux véhicules - côté,,,,,,,,,,,1,1,1,1.0,3
201200000868,0012-07-29 13:30:00,12,7,29,13,30,270,65,,49.3481,0.36156,Plein jour,Hors agglomération,Hors intersection,Normale,Deux véhicules - frontale,,,,,,,,,,,1,1,1,1.0,1
201200000869,0012-09-07 14:15:00,12,9,7,14,15,270,65,rue Louis Pasteur,,,Plein jour,En agglomération,Hors intersection,Normale,Deux véhicules - arrière,,,,,,,,,,,1,2,1,1.0,2
201200000870,0012-10-04 11:15:00,12,10,4,11,15,270,174,,,,Plein jour,Hors agglomération,Hors intersection,Autre,Sans collision,,,,,,,,,,,1,1,1,9.0,7
201200000871,0012-10-17 05:30:00,12,10,17,5,30,270,606,,,,Nuit sans éclairage public,Hors agglomération,Hors intersection,Pluie forte,Deux véhicules - arrière,,,,,,,,,,,3,1,1,3.0,2
201200000872,0012-10-30 09:45:00,12,10,30,9,45,270,655,,,,Plein jour,Hors agglomération,Hors intersection,Pluie légère,Autre collision,,,,,,,,,,,1,1,1,2.0,6
201200000873,0012-12-09 22:15:00,12,12,9,22,15,270,258,,,,Nuit sans éclairage public,Hors agglomération,Hors intersection,Normale,Autre collision,,,,,,,,,,,3,1,1,1.0,6
201200000874,0012-12-12 19:45:00,12,12,12,19,45,270,467,,,,Nuit sans éclairage public,Hors agglomération,Hors intersection,Normale,Sans collision,,,,,,,,,,,3,1,1,1.0,7
201200000875,0012-03-27 16:45:00,12,3,27,16,45,270,92,ROUTE DE MONTFORT,49.278,0.85267,Crépuscule ou aube,En agglomération,Intersection en T,Temps éblouissant,Deux véhicules - arrière,,,,,,,,,,,2,2,3,7.0,2
201200000876,0012-03-31 18:45:00,12,3,31,18,45,270,62,,49.2986,0.83264,Plein jour,Hors agglomération,Hors intersection,Normale,Autre collision,,,,,,,,,,,1,1,1,1.0,6
201200000877,0012-04-03 19:45:00,12,4,3,19,45,270,582,RUE DE L'ETOILE,49.2926,0.952,Plein jour,En agglomération,Hors intersection,Normale,Autre collision,,,,,,,,,,,1,2,1,1.0,6
201200000878,0012-04-24 16:15:00,12,4,24,16,15,270,531,,49.2691,0.81403,Plein jour,Hors agglomération,Hors intersection,Normale,Trois véhicules et plus - en chaîne,,,,,,,,,,,1,1,1,1.0,4
201200000879,0012-05-19 18:00:00,12,5,19,18,0,270,626,,49.2774,0.81227,Plein jour,Hors agglomération,Hors intersection,Normale,Sans collision,,,,,,,,,,,1,1,1,1.0,7
201200000880,0012-05-25 18:30:00,12,5,25,18,30,270,102,,49.3673,0.76428,Plein jour,Hors agglomération,Hors intersection,Normale,Sans collision,,,,,,,,,,,1,1,1,1.0,7
201200000881,0012-06-16 16:30:00,12,6,16,16,30,270,497,,49.3582,0.70773,Plein jour,Hors agglomération,Hors intersection,Normale,Deux véhicules - arrière,,,,,,,,,,,1,1,1,1.0,2
201200000882,0012-08-13 01:30:00,12,8,13,1,30,270,497,,,,Nuit sans éclairage public,Hors agglomération,Hors intersection,Normale,Sans collision,,,,,,,,,,,3,1,1,1.0,7
201200000883,0012-09-13 18:00:00,12,9,13,18,0,270,228,rue des bordeaux,,,Plein jour,En agglomération,Hors intersection,Normale,Autre collision,,,,,,,,,,,1,2,1,1.0,6
201200000884,0012-11-21 18:00:00,12,11,21,18,0,270,103,,,,Nuit sans éclairage public,Hors agglomération,Hors intersection,Normale,Deux véhicules - frontale,,,,,,,,,,,3,1,1,1.0,1
201200000885,0012-12-24 15:30:00,12,12,24,15,30,270,105,137 route d'Elbeuf,,,Plein jour,En agglomération,Hors intersection,Normale,Sans collision,,,,,,,,,,,1,2,1,1.0,7
201200000886,0012-12-25 21:15:00,12,12,25,21,15,270,340,,,,Nuit sans éclairage public,Hors agglomération,Hors intersection,Pluie légère,Autre collision,,,,,,,,,,,3,1,1,2.0,6
201200000887,0012-12-22 12:15:00,12,12,22,12,15,270,90,,,,Plein jour,Hors agglomération,Hors intersection,Pluie forte,Deux véhicules - arrière,,,,,,,,,,,1,1,1,3.0,2
201200000888,0012-06-12 16:45:00,12,6,12,16,45,270,367,,49.2302,0.47459,Plein jour,Hors agglomération,Giratoire,Pluie légère,Autre collision,,,,,,,,,,,1,1,6,2.0,6
201200000889,0012-07-02 12:45:00,12,7,2,12,45,270,349,,49.3073,0.6803,Plein jour,Hors agglomération,Hors intersection,Normale,Deux véhicules - frontale,,,,,,,,,,,1,1,1,1.0,1
201200000890,0012-08-28 13:45:00,12,8,28,13,45,270,591,,49.254,0.326,Plein jour,Hors agglomération,Hors intersection,Normale,Deux véhicules - arrière,,,,,,,,,,,1,1,1,1.0,2
201200000891,0012-06-06 13:45:00,12,6,6,13,45,350,47,Place du Vert Buisson,48.02913,-1.75876,Plein jour,En agglomération,Place,Normale,Autre collision,,,,,,,,,,,1,2,7,1.0,6
201200000892,0012-05-29 13:15:00,12,5,29,13,15,350,177,,48.22438,-1.74917,Plein jour,Hors agglomération,Hors intersection,Normale,Trois véhicules et plus - collisions multiples,,,,,,,,,,,1,1,1,1.0,5
201200000893,0012-06-11 03:00:00,12,6,11,3,0,350,128,,48.31301,-1.71847,Nuit sans éclairage public,Hors agglomération,Hors intersection,Normale,Sans collision,,,,,,,,,,,3,1,1,1.0,7
201200000894,0012-07-11 01:45:00,12,7,11,1,45,350,128,,48.31323,-1.71859,Nuit sans éclairage public,Hors agglomération,Hors intersection,Temps couvert,Autre collision,,,,,,,,,,,3,1,1,8.0,6
201200000895,0012-09-08 14:30:00,12,9,8,14,30,350,180,,48.28334,-1.95451,Plein jour,Hors agglomération,Intersection en X,Normale,Deux véhicules - côté,,,,,,,,,,,1,1,2,1.0,3
201200000896,0012-09-26 17:00:00,12,9,26,17,0,350,297,rue du G?n?ral Grosbon,48.19287,-2.19542,Plein jour,En agglomération,Intersection à plus de 4 branches,Normale,Deux véhicules - frontale,,,,,,,,,,,1,2,5,1.0,1
201200000897,0012-11-27 15:00:00,12,11,27,15,0,350,245,Place de la Mairie,48.21547,-1.89215,Plein jour,En agglomération,Hors intersection,Temps éblouissant,Autre collision,,,,,,,,,,,1,2,1,7.0,6
201200000898,0012-10-20 03:45:00,12,10,20,3,45,350,227,rue de clayes,,,Nuit avec éclairage non allumé,En agglomération,Hors intersection,Normale,Autre collision,,,,,,,,,,,4,2,1,1.0,6
201200000899,0012-04-07 15:45:00,12,4,7,15,45,350,37,,48.04018,-1.87221,Plein jour,Hors agglomération,Hors intersection,Normale,Sans collision,,,,,,,,,,,1,1,1,1.0,7
201200000900,0012-08-25 01:00:00,12,8,25,1,0,350,240,route nationale,,,Nuit avec éclairage allumé,En agglomération,Giratoire,Normale,Deux véhicules - côté,,,,,,,,,,,5,2,6,1.0,3
201200000901,0012-08-28 19:45:00,12,8,28,19,45,350,37,,48.04527,-1.8477,Plein jour,Hors agglomération,Intersection en T,Normale,Deux véhicules - frontale,,,,,,,,,,,1,1,3,1.0,1
201200000902,0012-11-10 15:30:00,12,11,10,15,30,350,240,rue de l'Hermitage,48.106,-1.794,Plein jour,En agglomération,Hors intersection,Temps éblouissant,Deux véhicules - côté,,,,,,,,,,,1,2,1,7.0,3
201200000903,0012-12-17 15:30:00,12,12,17,15,30,350,76,,,,Plein jour,Hors agglomération,Hors intersection,Pluie légère,Deux véhicules - frontale,,,,,,,,,,,1,1,1,2.0,1
201200000904,0012-02-21 15:30:00,12,2,21,15,30,350,162,,48.4688,-1.1312,Plein jour,Hors agglomération,Hors intersection,Normale,Autre collision,,,,,,,,,,,1,1,1,1.0,6
201200000905,0012-09-16 08:45:00,12,9,16,8,45,350,142,24 rue Victor HUGO,48.41585,-1.15148,Plein jour,En agglomération,Intersection en T,Normale,Autre collision,,,,,,,,,,,1,2,3,1.0,6
201200000906,0012-09-27 23:30:00,12,9,27,23,30,350,163,,48.29423,-1.1306,Nuit sans éclairage public,Hors agglomération,Intersection en T,Normale,Sans collision,,,,,,,,,,,3,1,3,1.0,7
201200000907,0012-10-13 17:00:00,12,10,13,17,0,350,115,,48.3377,-1.20718,Plein jour,Hors agglomération,Hors intersection,Normale,Sans collision,,,,,,,,,,,1,1,1,1.0,7
201200000908,0012-02-14 19:00:00,12,2,14,19,0,350,164,,48.38904,-1.61908,Crépuscule ou aube,Hors agglomération,Hors intersection,Normale,Trois véhicules et plus - collisions multiples,,,,,,,,,,,2,1,1,1.0,5
201200000909,0012-03-24 22:00:00,12,3,24,22,0,350,341,,48.42267,-1.41815,Nuit sans éclairage public,Hors agglomération,Hors intersection,Normale,Deux véhicules - frontale,,,,,,,,,,,3,1,1,1.0,1
201200000910,0012-03-27 10:45:00,12,3,27,10,45,350,178,,48.31422,-1.47905,Plein jour,Hors agglomération,Hors intersection,Normale,Sans collision,,,,,,,,,,,1,1,1,1.0,7
201200000911,0012-04-03 15:30:00,12,4,3,15,30,350,4,RUE DE PONTORSON,,,Plein jour,En agglomération,Hors intersection,Normale,Sans collision,,,,,,,,,,,1,2,1,1.0,7
201200000912,0012-04-15 12:00:00,12,4,15,12,0,350,19,,48.42915,-1.54032,Plein jour,Hors agglomération,Hors intersection,Normale,Deux véhicules - frontale,,,,,,,,,,,1,1,1,1.0,1
201200000913,0012-04-20 18:30:00,12,4,20,18,30,350,257,,48.418,-1.38722,Plein jour,Hors agglomération,Hors intersection,Normale,Deux véhicules - frontale,,,,,,,,,,,1,1,1,1.0,1
201200000914,0012-04-20 17:30:00,12,4,20,17,30,350,323,,48.41812,-1.32398,Plein jour,Hors agglomération,Hors intersection,Normale,Sans collision,,,,,,,,,,,1,1,1,1.0,7
201200000915,0012-05-06 17:30:00,12,5,6,17,30,350,304,,48.33102,-1.42702,Plein jour,En agglomération,Hors intersection,Normale,Autre collision,,,,,,,,,,,1,2,1,1.0,6
201200000916,0012-05-19 14:15:00,12,5,19,14,15,350,178,,48.28147,-1.4308,Plein jour,Hors agglomération,Hors intersection,Pluie forte,Sans collision,,,,,,,,,,,1,1,1,3.0,7
201200000917,0012-06-12 16:00:00,12,6,12,16,0,350,75,,48.39004,-1.4595,Plein jour,Hors agglomération,Intersection en X,Normale,Deux véhicules - côté,,,,,,,,,,,1,1,2,1.0,3
201200000918,0012-08-30 08:30:00,12,8,30,8,30,350,267,,48.41177,-1.30995,Plein jour,Hors agglomération,Hors intersection,Normale,Sans collision,,,,,,,,,,,1,1,1,1.0,7
201200000919,0012-10-04 20:00:00,12,10,4,20,0,350,304,,,,Nuit sans éclairage public,Hors agglomération,Hors intersection,Normale,Autre collision,,,,,,,,,,,3,1,1,1.0,6
201200000920,0012-11-01 10:30:00,12,11,1,10,30,350,267,60 rue charles de gaulle,48.40294,-1.3264,Plein jour,En agglomération,Hors intersection,Normale,Deux véhicules - frontale,,,,,,,,,,,1,2,1,1.0,1
201200000921,0012-11-10 15:45:00,12,11,10,15,45,350,75,,,,Plein jour,Hors agglomération,Hors intersection,Normale,Sans collision,,,,,,,,,,,1,1,1,1.0,7
201200000922,0012-11-30 19:00:00,12,11,30,19,0,350,253,,,,Nuit avec éclairage allumé,En agglomération,Hors intersection,Pluie légère,Autre collision,,,,,,,,,,,5,2,1,2.0,6
201200000923,0012-12-12 12:00:00,12,12,12,12,0,350,4,26 RUE DE KLEBER,,,Plein jour,En agglomération,Autre intersection,Temps éblouissant,Autre collision,,,,,,,,,,,1,2,9,7.0,6
201200000924,0012-12-30 11:30:00,12,12,30,11,30,350,309,,,,Plein jour,Hors agglomération,Hors intersection,Normale,Autre collision,,,,,,,,,,,1,1,1,1.0,6
201200000925,0012-01-12 19:15:00,12,1,12,19,15,350,236,rue st barthelemy,,,Nuit sans éclairage public,En agglomération,Hors intersection,Normale,Deux véhicules - côté,,,,,,,,,,,3,2,1,1.0,3
201200000926,0012-01-19 08:15:00,12,1,19,8,15,350,236,rue de la chataigneraie,47.66416,-2.07239,Nuit avec éclairage allumé,En agglomération,Hors intersection,Pluie légère,Autre collision,,,,,,,,,,,5,2,1,2.0,6