accident_id,datetime,annee,mois,jour,heure,minute,departement,commune_insee,adresse,latitude,longitude,luminosite,agglomeration,intersection,meteo,collision,nb_vehicules,nb_usagers,nb_indemnes,nb_tues,nb_blesses_hosp,nb_blesses_legers,age_cond_1,age_cond_2,veh_type_cond_1,veh_type_cond_2,lum_code,agg_code,int_code,atm_code,col_code
201200000927,0012-02-11 22:00:00,12,2,11,22,0,350,64,,47.70287,-1.87631,Nuit sans éclairage public,Hors agglomération,Hors intersection,Normale,Autre collision,,,,,,,,,,,3,1,1,1.0,6
201200000928,0012-03-31 21:00:00,12,3,31,21,0,350,237,,,,Nuit sans éclairage public,Hors agglomération,Hors intersection,Normale,Autre collision,,,,,,,,,,,3,1,1,1.0,6
201200000929,0012-04-03 16:30:00,12,4,3,16,30,350,236,la belle anguille,47.66115,-2.05117,Plein jour,En agglomération,Hors intersection,Normale,Trois véhicules et plus - collisions multiples,,,,,,,,,,,1,2,1,1.0,5
201200000930,0012-04-06 11:15:00,12,4,6,11,15,350,236,,47.66973,-2.05569,Plein jour,Hors agglomération,Intersection en X,Normale,Deux véhicules - frontale,,,,,,,,,,,1,1,2,1.0,1
201200000931,0012-05-09 09:00:00,12,5,9,9,0,350,13,,47.72939,-2.05112,Plein jour,Hors agglomération,Intersection en T,Normale,Deux véhicules - frontale,,,,,,,,,,,1,1,3,1.0,1
201200000932,0012-09-11 16:15:00,12,9,11,16,15,350,13,,47.72284,-2.10067,Plein jour,Hors agglomération,Intersection en Y,Normale,Deux véhicules - côté,,,,,,,,,,,1,1,4,1.0,3
201200000933,0012-10-17 21:15:00,12,10,17,21,15,350,236,JEAN BAPTISTE LELIEVRE,47.661,-2.084,Nuit sans éclairage public,En agglomération,Hors intersection,Pluie forte,Deux véhicules - arrière,,,,,,,,,,,3,2,1,3.0,2
201200000934,0012-04-17 14:45:00,12,4,17,14,45,350,145,,47.73723,-1.84897,Plein jour,Hors agglomération,Hors intersection,Pluie légère,Deux véhicules - côté,,,,,,,,,,,1,1,1,2.0,3
201200000935,0012-05-15 11:30:00,12,5,15,11,30,350,124,,47.73023,-1.64689,Plein jour,Hors agglomération,Hors intersection,Normale,Sans collision,,,,,,,,,,,1,1,1,1.0,7
201200000936,0012-05-26 18:15:00,12,5,26,18,15,350,343,,,,Plein jour,Hors agglomération,Hors intersection,Normale,Deux véhicules - côté,,,,,,,,,,,1,1,1,1.0,3
201200000937,0012-06-02 16:15:00,12,6,2,16,15,350,176,rue de la gare,47.82276,-1.81625,Plein jour,En agglomération,Intersection en T,Normale,Deux véhicules - frontale,,,,,,,,,,,1,2,3,1.0,1
201200000938,0012-06-14 11:15:00,12,6,14,11,15,350,124,,47.74037,-1.74294,Plein jour,Hors agglomération,Intersection en X,Normale,Deux véhicules - frontale,,,,,,,,,,,1,1,2,1.0,1
201200000939,0012-07-07 15:30:00,12,7,7,15,30,350,12,rue Guillotin de Corson,,,Plein jour,En agglomération,Hors intersection,Normale,Deux véhicules - frontale,,,,,,,,,,,1,2,1,1.0,1
201200000940,0012-10-12 20:15:00,12,10,12,20,15,350,54,,,,Nuit sans éclairage public,Hors agglomération,Hors intersection,Normale,Deux véhicules - côté,,,,,,,,,,,3,1,1,1.0,3
201200000941,0012-10-26 11:45:00,12,10,26,11,45,350,12,,47.85467,-1.65642,Plein jour,Hors agglomération,Intersection en X,Temps couvert,Deux véhicules - côté,,,,,,,,,,,1,1,2,8.0,3
201200000942,0012-12-08 23:45:00,12,12,8,23,45,350,249,"lieu dit ""La llande""",,,Nuit sans éclairage public,En agglomération,Hors intersection,Normale,Autre collision,,,,,,,,,,,3,2,1,1.0,6
201200000943,0012-12-30 16:15:00,12,12,30,16,15,350,12,,,,Plein jour,Hors agglomération,Hors intersection,Normale,Deux véhicules - côté,,,,,,,,,,,1,1,1,1.0,3
201200000944,0012-04-01 12:15:00,12,4,1,12,15,350,139,,47.947,-1.72657,Plein jour,Hors agglomération,Intersection en T,Normale,Deux véhicules - côté,,,,,,,,,,,1,1,3,1.0,3
201200000945,0012-05-21 14:30:00,12,5,21,14,30,350,123,,,,Plein jour,Hors agglomération,Intersection en X,Normale,Deux véhicules - côté,,,,,,,,,,,1,1,2,1.0,3
201200000946,0012-05-31 18:45:00,12,5,31,18,45,350,123,,48.02598,-1.78503,Plein jour,Hors agglomération,Intersection en T,Normale,Trois véhicules et plus - en chaîne,,,,,,,,,,,1,1,3,1.0,4
201200000947,0012-06-01 12:00:00,12,6,1,12,0,350,139,,47.95663,-1.73769,Plein jour,Hors agglomération,Intersection en Y,Normale,Deux véhicules - côté,,,,,,,,,,,1,1,4,1.0,3
201200000948,0012-06-13 16:35:00,12,6,13,16,35,350,139,,47.98041,-1.73931,Plein jour,Hors agglomération,Intersection en Y,Normale,Deux véhicules - frontale,,,,,,,,,,,1,1,4,1.0,1
201200000949,0012-07-03 16:15:00,12,7,3,16,15,350,139,,47.99577,-1.72653,Plein jour,Hors agglomération,Hors intersection,Normale,Deux véhicules - côté,,,,,,,,,,,1,1,1,1.0,3
201200000950,0012-07-17 14:15:00,12,7,17,14,15,350,149,,47.9732,-1.84796,Plein jour,Hors agglomération,Hors intersection,Normale,Deux véhicules - côté,,,,,,,,,,,1,1,1,1.0,3
201200000951,0012-07-31 19:15:00,12,7,31,19,15,350,127,,47.92494,-1.85295,Plein jour,Hors agglomération,Hors intersection,Normale,Deux véhicules - côté,,,,,,,,,,,1,1,1,1.0,3
201200000952,0012-08-05 00:30:00,12,8,5,0,30,350,127,,47.91796,-1.8417,Nuit sans éclairage public,Hors agglomération,Hors intersection,Normale,Autre collision,,,,,,,,,,,3,1,1,1.0,6
201200000953,0012-08-06 17:45:00,12,8,6,17,45,350,16,,47.9938,-1.90141,Plein jour,Hors agglomération,Hors intersection,Normale,Sans collision,,,,,,,,,,,1,1,1,1.0,7
201200000954,0012-08-10 14:15:00,12,8,10,14,15,350,127,,47.94179,-1.83621,Plein jour,Hors agglomération,Hors intersection,Temps éblouissant,Deux véhicules - côté,,,,,,,,,,,1,1,1,7.0,3
201200000955,0012-09-10 13:15:00,12,9,10,13,15,350,312,,47.90782,-1.77937,Plein jour,Hors agglomération,Intersection en X,Normale,Deux véhicules - côté,,,,,,,,,,,1,1,2,1.0,3
201200000956,0012-11-18 15:30:00,12,11,18,15,30,350,126,,47.94726,-1.82433,Plein jour,Hors agglomération,Hors intersection,Normale,Deux véhicules - frontale,,,,,,,,,,,1,1,1,1.0,1
201200000957,0012-04-17 07:45:00,12,4,17,7,45,350,219,rue des nouettes,47.814,-1.947,Plein jour,En agglomération,Hors intersection,Normale,Deux véhicules - côté,,,,,,,,,,,1,2,1,1.0,3
201200000958,0012-12-07 17:15:00,12,12,7,17,15,350,219,,47.79,-1.929,Nuit sans éclairage public,Hors agglomération,Hors intersection,Normale,Sans collision,,,,,,,,,,,3,1,1,1.0,7
201200000959,0012-02-01 16:00:00,12,2,1,16,0,350,49,Place de la victoire,48.67701,-1.85128,Plein jour,En agglomération,Place,Normale,Autre collision,,,,,,,,,,,1,2,7,1.0,6
201200000960,0012-03-24 16:45:00,12,3,24,16,45,350,49,,48.67063,-1.8514,Plein jour,En agglomération,Hors intersection,Normale,Autre collision,,,,,,,,,,,1,2,1,1.0,6
201200000961,0012-04-06 09:45:00,12,4,6,9,45,350,284,,48.60646,-1.9695,Plein jour,Hors agglomération,Intersection en T,Normale,Trois véhicules et plus - collisions multiples,,,,,,,,,,,1,1,3,1.0,5
201200000962,0012-04-22 16:00:00,12,4,22,16,0,350,263,,,,Nuit avec éclairage non allumé,En agglomération,Hors intersection,Normale,Deux véhicules - frontale,,,,,,,,,,,4,2,1,1.0,1
201200000963,0012-07-12 09:30:00,12,7,12,9,30,350,299,,48.65241,-1.94114,Plein jour,Hors agglomération,Intersection en T,Temps couvert,Deux véhicules - côté,,,,,,,,,,,1,1,3,8.0,3
201200000964,0012-08-25 04:30:00,12,8,25,4,30,350,132,,48.57194,-1.79521,Nuit sans éclairage public,Hors agglomération,Hors intersection,Normale,Autre collision,,,,,,,,,,,3,1,1,1.0,6
201200000965,0012-05-07 17:30:00,12,5,7,17,30,350,17,,48.30774,-1.88112,Plein jour,Hors agglomération,Intersection en X,Normale,Deux véhicules - côté,,,,,,,,,,,1,1,2,1.0,3
201200000966,0012-06-09 17:30:00,12,6,9,17,30,350,225,,48.41783,-1.93212,Plein jour,Hors agglomération,Hors intersection,Pluie légère,Autre collision,,,,,,,,,,,1,1,1,2.0,6
201200000967,0012-06-15 17:00:00,12,6,15,17,0,350,85,AVENUE DE LA LIBERATION,48.41199,-1.74557,Plein jour,En agglomération,Intersection à plus de 4 branches,Pluie légère,Sans collision,,,,,,,,,,,1,2,5,2.0,7
201200000968,0012-06-15 17:30:00,12,6,15,17,30,350,226,,48.39932,-1.88641,Plein jour,Hors agglomération,Hors intersection,Normale,Deux véhicules - arrière,,,,,,,,,,,1,1,1,1.0,2
201200000969,0012-09-24 18:00:00,12,9,24,18,0,350,344,,48.495,-1.888,Plein jour,Hors agglomération,Hors intersection,Pluie forte,Deux véhicules - frontale,,,,,,,,,,,1,1,1,3.0,1
201200000970,0012-11-20 08:30:00,12,11,20,8,30,350,337,Rue du pont de l'abesse,48.33146,-1.83093,Plein jour,En agglomération,Hors intersection,Normale,Deux véhicules - côté,,,,,,,,,,,1,2,1,1.0,3
201200000971,0012-09-03 12:30:00,12,9,3,12,30,350,270,le point du jour,48.571,-1.54489,Plein jour,En agglomération,Hors intersection,Pluie légère,Deux véhicules - frontale,,,,,,,,,,,1,2,1,2.0,1
201200000972,0012-01-17 11:15:00,12,1,17,11,15,350,256,Rue des Pr?aux,48.61914,-2.13241,Plein jour,En agglomération,Place,Normale,Deux véhicules - frontale,,,,,,,,,,,1,2,7,1.0,1
201200000973,0012-04-05 15:50:00,12,4,5,15,50,350,228,,48.57034,-2.06859,Plein jour,En agglomération,Hors intersection,Normale,Deux véhicules - côté,,,,,,,,,,,1,2,1,1.0,3
201200000974,0012-07-18 19:15:00,12,7,18,19,15,350,287,boulevard du s?maphore,48.63744,-2.11358,Plein jour,En agglomération,Intersection en X,Normale,Deux véhicules - côté,,,,,,,,,,,1,2,2,1.0,3
201200000975,0012-07-27 04:45:00,12,7,27,4,45,350,287,,48.60153,-2.09815,Nuit sans éclairage public,Hors agglomération,Hors intersection,Normale,Sans collision,,,,,,,,,,,3,1,1,1.0,7
201200000976,0012-03-25 17:15:00,12,3,25,17,15,350,360,BD DE CHATEAUBRIANT,,,Plein jour,En agglomération,Hors intersection,Normale,Deux véhicules - côté,,,,,,,,,,,1,2,1,1.0,3
201200000977,0012-03-30 16:45:00,12,3,30,16,45,350,360,Boulevard des rochers,,,Plein jour,En agglomération,Hors intersection,Normale,Deux véhicules - côté,,,,,,,,,,,1,2,1,1.0,3
201200000978,0012-04-24 23:45:00,12,4,24,23,45,350,97,Rue de l'?tang,47.96347,-1.26137,Nuit avec éclairage allumé,En agglomération,Hors intersection,Pluie légère,Autre collision,,,,,,,,,,,5,2,1,2.0,6
201200000979,0012-04-27 17:00:00,12,4,27,17,0,350,194,,48.15505,-1.22101,Plein jour,Hors agglomération,Intersection en X,Pluie légère,Deux véhicules - côté,,,,,,,,,,,1,1,2,2.0,3
201200000980,0012-05-10 19:00:00,12,5,10,19,0,350,192,,48.25159,-1.24895,Plein jour,Hors agglomération,Intersection en T,Normale,Deux véhicules - arrière,,,,,,,,,,,1,1,3,1.0,2
201200000981,0012-07-13 14:00:00,12,7,13,14,0,350,109,,48.09032,-1.26067,Plein jour,Hors agglomération,Hors intersection,Pluie légère,Deux véhicules - frontale,,,,,,,,,,,1,1,1,2.0,1
201200000982,0012-07-22 07:00:00,12,7,22,7,0,350,119,,,,Plein jour,Hors agglomération,Hors intersection,Normale,Autre collision,,,,,,,,,,,1,1,1,1.0,6
201200000983,0012-08-09 16:45:00,12,8,9,16,45,350,105,,,,Plein jour,Hors agglomération,Hors intersection,Normale,Deux véhicules - frontale,,,,,,,,,,,1,1,1,1.0,1
201200000984,0012-08-17 15:15:00,12,8,17,15,15,350,360,,48.12747,-1.2325,Plein jour,Hors agglomération,Hors intersection,Normale,Deux véhicules - frontale,,,,,,,,,,,1,1,1,1.0,1
201200000985,0012-10-24 21:15:00,12,10,24,21,15,350,6,,48.07427,-1.11332,Nuit sans éclairage public,Hors agglomération,Hors intersection,Normale,Deux véhicules - frontale,,,,,,,,,,,3,1,1,1.0,1
201200000986,0012-10-29 14:30:00,12,10,29,14,30,350,360,RUE DE FOUGERES,48.12718,-1.21411,Plein jour,En agglomération,Autre intersection,Normale,Autre collision,,,,,,,,,,,1,2,9,1.0,6
201200000987,0012-11-21 17:30:00,12,11,21,17,30,350,360,Route de Redon,48.11211,-1.21169,Crépuscule ou aube,En agglomération,Hors intersection,Normale,Autre collision,,,,,,,,,,,2,2,1,1.0,6
201200000988,0012-12-13 07:00:00,12,12,13,7,0,350,38,,48.08429,-1.04851,Crépuscule ou aube,Hors agglomération,Hors intersection,Autre,Autre collision,,,,,,,,,,,2,1,1,9.0,6
201200000989,0012-12-21 18:00:00,12,12,21,18,0,350,360,boulevard des rochers,,,Nuit avec éclairage allumé,En agglomération,Hors intersection,Normale,Sans collision,,,,,,,,,,,5,2,1,1.0,7
201200000990,0012-02-22 16:15:00,12,2,22,16,15,350,207,,48.10655,-1.50692,Plein jour,Hors agglomération,Hors intersection,Normale,Deux véhicules - arrière,,,,,,,,,,,1,1,1,1.0,2
201200000991,0012-03-13 08:00:00,12,3,13,8,0,350,327,CENTRE BOURG,,,Plein jour,En agglomération,Giratoire,Normale,Deux véhicules - côté,,,,,,,,,,,1,2,6,1.0,3
201200000992,0012-04-15 11:30:00,12,4,15,11,30,350,99,,48.04254,-1.51853,Plein jour,Hors agglomération,Intersection en X,Normale,Deux véhicules - côté,,,,,,,,,,,1,1,2,1.0,3
201200000993,0012-04-08 13:15:00,12,4,8,13,15,350,68,,48.09382,-1.39752,Plein jour,Hors agglomération,Hors intersection,Normale,Autre collision,,,,,,,,,,,1,1,1,1.0,6
201200000994,0012-05-10 17:45:00,12,5,10,17,45,350,69,,48.03325,-1.50383,Plein jour,Hors agglomération,Intersection en X,Normale,Deux véhicules - côté,,,,,,,,,,,1,1,2,1.0,3
201200000995,0012-07-11 08:30:00,12,7,11,8,30,350,327,,,,Plein jour,Hors agglomération,Hors intersection,Normale,Deux véhicules - frontale,,,,,,,,,,,1,1,1,1.0,1
201200000996,0012-07-20 19:45:00,12,7,20,19,45,350,68,,,,Plein jour,En agglomération,Giratoire,Normale,Deux véhicules - côté,,,,,,,,,,,1,2,6,1.0,3
201200000997,0012-09-18 11:45:00,12,9,18,11,45,350,68,53 rue de PARIS,48.10975,-1.39969,Plein jour,En agglomération,Hors intersection,Normale,Deux véhicules - frontale,,,,,,,,,,,1,2,1,1.0,1
201200000998,0012-05-30 13:30:00,12,5,30,13,30,350,167,,47.83828,-1.32877,Plein jour,Hors agglomération,Hors intersection,Normale,Deux véhicules - frontale,,,,,,,,,,,1,1,1,1.0,1
201200000999,0012-06-28 20:00:00,12,6,28,20,0,350,167,,47.82299,-1.30509,Plein jour,Hors agglomération,Intersection en T,Normale,Deux véhicules - côté,,,,,,,,,,,1,1,3,1.0,3
201200001000,0012-07-03 14:30:00,12,7,3,14,30,350,167,,47.82292,-1.30497,Plein jour,Hors agglomération,Hors intersection,Normale,Trois véhicules et plus - collisions multiples,,,,,,,,,,,1,1,1,1.0,5
201200001001,0012-07-06 03:15:00,12,7,6,3,15,350,325,,47.93959,-1.17893,Nuit avec éclairage non allumé,Hors agglomération,Hors intersection,Normale,Autre collision,,,,,,,,,,,4,1,1,1.0,6
201200001002,0012-11-09 15:00:00,12,11,9,15,0,350,102,,47.90163,-1.25881,Plein jour,Hors agglomération,Intersection en X,Pluie légère,Deux véhicules - côté,,,,,,,,,,,1,1,2,2.0,3
201200001003,0012-11-15 21:30:00,12,11,15,21,30,350,239,,47.90138,-1.31746,Nuit sans éclairage public,Hors agglomération,Hors intersection,Brouillard / fumée,Autre collision,,,,,,,,,,,3,1,1,5.0,6
201200001004,0012-11-18 06:45:00,12,11,18,6,45,350,167,,47.7986,-1.33449,Nuit sans éclairage public,Hors agglomération,Hors intersection,Pluie légère,Autre collision,,,,,,,,,,,3,1,1,2.0,6
201200001005,0012-11-29 10:00:00,12,11,29,10,0,350,125,2 Faubourg d'Anjou,47.94035,-1.22746,Plein jour,En agglomération,Hors intersection,Temps éblouissant,Deux véhicules - côté,,,,,,,,,,,1,2,1,7.0,3
201200001006,0012-01-28 20:30:00,12,1,28,20,30,350,262,,47.90259,-1.47189,Nuit sans éclairage public,Hors agglomération,Hors intersection,Normale,Deux véhicules - frontale,,,,,,,,,,,3,1,1,1.0,1
201200001007,0012-02-22 14:30:00,12,2,22,14,30,350,41,,47.93783,-1.53415,Plein jour,Hors agglomération,Intersection en X,Normale,Trois véhicules et plus - collisions multiples,,,,,,,,,,,1,1,2,1.0,5
201200001008,0012-03-27 13:30:00,12,3,27,13,30,350,335,,47.872,-1.4837,Plein jour,Hors agglomération,Intersection en X,Normale,Deux véhicules - frontale,,,,,,,,,,,1,1,2,1.0,1
201200001009,0012-04-30 18:30:00,12,4,30,18,30,350,136,,,,Plein jour,Hors agglomération,Intersection en X,Normale,Deux véhicules - côté,,,,,,,,,,,1,1,2,1.0,3
201200001010,0012-05-15 18:30:00,12,5,15,18,30,350,220,,47.9917,-1.46192,Plein jour,Hors agglomération,Hors intersection,Normale,Trois véhicules et plus - collisions multiples,,,,,,,,,,,1,1,1,1.0,5
201200001011,0012-07-02 10:15:00,12,7,2,10,15,350,136,boulevard cahours,47.96053,-1.49624,Plein jour,En agglomération,Giratoire,Pluie légère,Autre collision,,,,,,,,,,,1,2,6,2.0,6
201200001012,0012-07-28 17:30:00,12,7,28,17,30,350,136,,47.96134,-1.47379,Plein jour,Hors agglomération,Intersection en X,Normale,Deux véhicules - frontale,,,,,,,,,,,1,1,2,1.0,1
201200001013,0012-11-04 09:30:00,12,11,4,9,30,350,198,,48.01662,-1.39435,Nuit sans éclairage public,Hors agglomération,Hors intersection,Temps couvert,Sans collision,,,,,,,,,,,3,1,1,8.0,7
201200001014,0012-09-07 14:30:00,12,9,7,14,30,220,158,PERSCREN,48.20165,-2.97568,Plein jour,Hors agglomération,Hors intersection,Normale,Sans collision,,,,,,,,,,,1,1,1,1.0,7
201200001015,0012-10-22 22:30:00,12,10,22,22,30,220,107,,48.235,-3.171,Nuit sans éclairage public,Hors agglomération,Hors intersection,Brouillard / fumée,Sans collision,,,,,,,,,,,3,1,1,5.0,7
201200001016,0012-01-31 16:00:00,12,1,31,16,0,220,177,LE ROHA,48.63431,-2.9225,Plein jour,Hors agglomération,Hors intersection,Normale,Deux véhicules - frontale,,,,,,,,,,,1,1,1,1.0,1
201200001017,0012-03-01 11:00:00,12,3,1,11,0,220,325,ZA Kertugal/clos de pier,48.65736,-2.85625,Plein jour,Hors agglomération,Intersection en T,Brouillard / fumée,Deux véhicules - côté,,,,,,,,,,,1,1,3,5.0,3
201200001018,0012-03-31 16:30:00,12,3,31,16,30,220,65,LESPOUL,48.61546,-3.00416,Plein jour,Hors agglomération,Hors intersection,Normale,Deux véhicules - frontale,,,,,,,,,,,1,1,1,1.0,1
201200001019,0012-04-26 20:15:00,12,4,26,20,15,220,112,LA CALIFOURNIE,48.64787,-3.00838,Crépuscule ou aube,Hors agglomération,Hors intersection,Normale,Sans collision,,,,,,,,,,,2,1,1,1.0,7
201200001020,0012-05-13 06:00:00,12,5,13,6,0,220,178,KERMARQUER,48.69755,-3.00358,Nuit sans éclairage public,En agglomération,Hors intersection,Normale,Sans collision,,,,,,,,,,,3,2,1,1.0,7
201200001021,0012-05-25 20:15:00,12,5,25,20,15,220,177,Coat ar oa,48.63351,-2.97072,Plein jour,Hors agglomération,Intersection en X,Normale,Deux véhicules - arrière,,,,,,,,,,,1,1,2,1.0,2
201200001022,0012-07-04 07:45:00,12,7,4,7,45,220,121,8 rue de la gare,48.62837,-2.9841,Crépuscule ou aube,En agglomération,Hors intersection,Normale,Autre collision,,,,,,,,,,,2,2,1,1.0,6
201200001023,0012-07-11 18:45:00,12,7,11,18,45,220,370,LA GRANDE TOURNEE,48.66441,-3.02708,Plein jour,Hors agglomération,Intersection en X,Normale,Deux véhicules - côté,,,,,,,,,,,1,1,2,1.0,3
201200001024,0012-08-12 12:15:00,12,8,12,12,15,220,370,,48.673,-3.034,Plein jour,Hors agglomération,Hors intersection,Normale,Deux véhicules - côté,,,,,,,,,,,1,1,1,1.0,3
201200001025,0012-12-21 08:45:00,12,12,21,8,45,220,121,Place du martray,48.63016,-2.98559,Crépuscule ou aube,En agglomération,Giratoire,Normale,Autre collision,,,,,,,,,,,2,2,6,1.0,6
201200001026,0012-12-21 08:45:00,12,12,21,8,45,220,112,,48.648,-3.003,Crépuscule ou aube,Hors agglomération,Hors intersection,Normale,Deux véhicules - arrière,,,,,,,,,,,2,1,1,1.0,2
201200001027,0012-02-12 16:45:00,12,2,12,16,45,220,142,LA GRENOUILLERE,48.4436,-2.55337,Plein jour,Hors agglomération,Hors intersection,Pluie forte,Sans collision,,,,,,,,,,,1,1,1,3.0,7
201200001028,0012-02-25 15:45:00,12,2,25,15,45,220,93,Avenue des Potiers,48.47428,-2.48046,Plein jour,Hors agglomération,Hors intersection,Normale,Trois véhicules et plus - collisions multiples,,,,,,,,,,,1,1,1,1.0,5
201200001029,0012-05-01 03:15:00,12,5,1,3,15,220,326,rue du Bourgneuf,48.44408,-2.41792,Nuit sans éclairage public,En agglomération,Hors intersection,Normale,Autre collision,,,,,,,,,,,3,2,1,1.0,6
201200001030,0012-05-04 21:15:00,12,5,4,21,15,220,98,place du bourg,48.42984,-2.53927,Crépuscule ou aube,En agglomération,Intersection en Y,Normale,Deux véhicules - côté,,,,,,,,,,,2,2,4,1.0,3
201200001031,0012-05-29 09:15:00,12,5,29,9,15,220,151,La chaise à margot,48.43925,-2.58221,Plein jour,Hors agglomération,Hors intersection,Normale,Trois véhicules et plus - collisions multiples,,,,,,,,,,,1,1,1,1.0,5
201200001032,0012-07-10 15:45:00,12,7,10,15,45,220,44,22 rue de la Glanerie,48.48963,-2.59618,Plein jour,En agglomération,Intersection en T,Normale,Deux véhicules - côté,,,,,,,,,,,1,2,3,1.0,3
201200001033,0012-07-12 19:00:00,12,7,12,19,0,220,93,RUE DU DOCTEUR LAVERGNE,48.46547,-2.5288,Crépuscule ou aube,En agglomération,Giratoire,Pluie forte,Deux véhicules - côté,,,,,,,,,,,2,2,6,3.0,3
201200001034,0012-07-21 11:45:00,12,7,21,11,45,220,142,LA VILLE ROPITEL,48.44212,-2.51076,Plein jour,Hors agglomération,Intersection en X,Normale,Deux véhicules - côté,,,,,,,,,,,1,1,2,1.0,3
201200001035,0012-09-01 17:00:00,12,9,1,17,0,220,270,RIMO,48.48949,-2.48327,Plein jour,Hors agglomération,Hors intersection,Normale,Sans collision,,,,,,,,,,,1,1,1,1.0,7
201200001036,0012-09-25 19:15:00,12,9,25,19,15,220,93,,,,Plein jour,Hors agglomération,Hors intersection,Temps éblouissant,Deux véhicules - frontale,,,,,,,,,,,1,1,1,7.0,1
201200001037,0012-12-07 16:45:00,12,12,7,16,45,220,142,LA MARE ADAM,48.45721,-2.48458,Plein jour,Hors agglomération,Hors intersection,Pluie légère,Deux véhicules - frontale,,,,,,,,,,,1,1,1,2.0,1
201200001038,0012-02-02 15:15:00,12,2,2,15,15,220,258,SAINT QUENEUC,48.43149,-2.63373,Plein jour,Hors agglomération,Intersection en X,Normale,Deux véhicules - côté,,,,,,,,,,,1,1,2,1.0,3
201200001039,0012-03-11 11:30:00,12,3,11,11,30,220,184,Belle Brise,48.34709,-2.66448,Plein jour,Hors agglomération,Hors intersection,Brouillard / fumée,Deux véhicules - côté,,,,,,,,,,,1,1,1,5.0,3
201200001040,0012-05-23 13:15:00,12,5,23,13,15,220,258,LA MOTTE,48.43339,-2.6348,Plein jour,Hors agglomération,Intersection en T,Normale,Deux véhicules - arrière,,,,,,,,,,,1,1,3,1.0,2
201200001041,0012-06-04 20:45:00,12,6,4,20,45,220,15,RUE DU GENERAL BOISHARDY,48.40294,-2.57678,Plein jour,En agglomération,Hors intersection,Normale,Autre collision,,,,,,,,,,,1,2,1,1.0,6
201200001042,0012-06-06 14:15:00,12,6,6,14,15,220,79,La Côte des Granges,48.36428,-2.63078,Plein jour,Hors agglomération,Hors intersection,Normale,Trois véhicules et plus - en chaîne,,,,,,,,,,,1,1,1,1.0,4
201200001043,0012-10-13 15:15:00,12,10,13,15,15,220,203,,,,Plein jour,Hors agglomération,Hors intersection,Normale,Deux véhicules - côté,,,,,,,,,,,1,1,1,1.0,3
201200001044,0012-10-16 14:30:00,12,10,16,14,30,220,258,Rue Chapelle/D81,48.44046,-2.65242,Plein jour,Hors agglomération,Intersection en X,Normale,Deux véhicules - côté,,,,,,,,,,,1,1,2,1.0,3
201200001045,0012-10-25 17:30:00,12,10,25,17,30,220,66,LES MURS,48.34994,-2.49582,Nuit sans éclairage public,Hors agglomération,Intersection en X,Brouillard / fumée,Trois véhicules et plus - collisions multiples,,,,,,,,,,,3,1,2,5.0,5
201200001046,0012-12-25 11:45:00,12,12,25,11,45,220,258,Rue Frêche/Carnonen,48.45493,-2.64908,Plein jour,Hors agglomération,Intersection en X,Temps éblouissant,Deux véhicules - côté,,,,,,,,,,,1,1,2,7.0,3
201200001047,0012-12-19 21:00:00,12,12,19,21,0,220,184,RUE SOUS LE CHENE,48.33595,-2.68195,Nuit avec éclairage allumé,En agglomération,Hors intersection,Pluie légère,Deux véhicules - frontale,,,,,,,,,,,5,2,1,2.0,1
201200001048,0012-02-29 11:00:00,12,2,29,11,0,220,136,Lot. des Livaudières,48.18876,-2.75279,Plein jour,En agglomération,Hors intersection,Normale,Deux véhicules - arrière,,,,,,,,,,,1,2,1,1.0,2
201200001049,0012-03-10 17:15:00,12,3,10,17,15,220,136,,48.177,-2.754,Plein jour,Hors agglomération,Giratoire,Temps éblouissant,Deux véhicules - arrière,,,,,,,,,,,1,1,6,7.0,2
201200001050,0012-03-23 16:30:00,12,3,23,16,30,220,376,Route de l'Etang,48.21323,-2.7965,Plein jour,En agglomération,Hors intersection,Normale,Sans collision,,,,,,,,,,,1,2,1,1.0,7
201200001051,0012-03-26 21:30:00,12,3,26,21,30,220,136,Rd point Général Patton,48.17718,-2.74748,Nuit avec éclairage allumé,En agglomération,Giratoire,Normale,Deux véhicules - côté,,,,,,,,,,,5,2,6,1.0,3
201200001052,0012-03-27 12:00:00,12,3,27,12,0,220,136,Magouët,48.12853,-2.71639,Plein jour,Hors agglomération,Hors intersection,Normale,Deux véhicules - frontale,,,,,,,,,,,1,1,1,1.0,1
201200001053,0012-04-15 10:45:00,12,4,15,10,45,220,376,LA VILLE AUX FEVES,48.19089,-2.84025,Plein jour,Hors agglomération,Hors intersection,Temps couvert,Sans collision,,,,,,,,,,,1,1,1,8.0,7
201200001054,0012-08-05 07:30:00,12,8,5,7,30,220,136,Kerblanc,48.1664,-2.79529,Plein jour,Hors agglomération,Hors intersection,Pluie légère,Deux véhicules - frontale,,,,,,,,,,,1,1,1,2.0,1