accident_id,datetime,annee,mois,jour,heure,minute,departement,commune_insee,adresse,latitude,longitude,luminosite,agglomeration,intersection,meteo,collision,nb_vehicules,nb_usagers,nb_indemnes,nb_tues,nb_blesses_hosp,nb_blesses_legers,age_cond_1,age_cond_2,veh_type_cond_1,veh_type_cond_2,lum_code,agg_code,int_code,atm_code,col_code
201200001055,0012-11-29 06:45:00,12,11,29,6,45,220,279,SAINT QUIDIC,48.18423,-2.88125,Nuit sans éclairage public,Hors agglomération,Hors intersection,Normale,Sans collision,,,,,,,,,,,3,1,1,1.0,7
201200001056,0012-12-31 14:00:00,12,12,31,14,0,220,136,rue bigrel,48.17294,-2.7546,Plein jour,En agglomération,Hors intersection,Pluie légère,Deux véhicules - frontale,,,,,,,,,,,1,2,1,2.0,1
201200001057,0012-03-07 19:00:00,12,3,7,19,0,220,162,Rue Ste Barbe,48.76029,-2.99993,Crépuscule ou aube,Hors agglomération,Hors intersection,Normale,Deux véhicules - côté,,,,,,,,,,,2,1,1,1.0,3
201200001058,0012-03-11 11:00:00,12,3,11,11,0,220,233,,48.73253,-3.06477,Plein jour,Hors agglomération,Hors intersection,Brouillard / fumée,Deux véhicules - frontale,,,,,,,,,,,1,1,1,5.0,1
201200001059,0012-04-04 08:00:00,12,4,4,8,0,220,214,,48.74975,-2.98341,Plein jour,Hors agglomération,Hors intersection,Pluie légère,Autre collision,,,,,,,,,,,1,1,1,2.0,6
201200001060,0012-06-02 19:15:00,12,6,2,19,15,220,162,RUE DE POULGOIC,,,Plein jour,En agglomération,Hors intersection,Normale,Autre collision,,,,,,,,,,,1,2,1,1.0,6
201200001061,0012-09-08 15:30:00,12,9,8,15,30,220,162,rue du Général Leclerc,48.77835,-3.04288,Plein jour,En agglomération,Hors intersection,Normale,Autre collision,,,,,,,,,,,1,2,1,1.0,6
201200001062,0012-12-26 18:30:00,12,12,26,18,30,220,162,88 rte de Kergrist,48.77907,-3.07563,Nuit avec éclairage allumé,Hors agglomération,Autre intersection,Pluie forte,Deux véhicules - côté,,,,,,,,,,,5,1,9,3.0,3
201200001063,0012-03-03 05:45:00,12,3,3,5,45,220,273,LE BAS DE LA SOURCE,48.56023,-2.52558,Nuit sans éclairage public,Hors agglomération,Hors intersection,Temps couvert,Sans collision,,,,,,,,,,,3,1,1,8.0,7
201200001064,0012-03-10 05:15:00,12,3,10,5,15,220,154,,48.5222,-2.60715,Nuit sans éclairage public,Hors agglomération,Autre intersection,Normale,Sans collision,,,,,,,,,,,3,1,9,1.0,7
201200001065,0012-04-01 18:30:00,12,4,1,18,30,220,173,La Croix Bernet,48.57219,-2.56771,Plein jour,Hors agglomération,Hors intersection,Temps éblouissant,Sans collision,,,,,,,,,,,1,1,1,7.0,7
201200001066,0012-04-06 18:45:00,12,4,6,18,45,220,81,,48.50688,-2.66839,Plein jour,Hors agglomération,Hors intersection,Normale,Autre collision,,,,,,,,,,,1,1,1,1.0,6
201200001067,0012-06-10 06:15:00,12,6,10,6,15,220,389,RUE DE PENTHIEVRE,48.48245,-2.67465,Plein jour,En agglomération,Hors intersection,Normale,Autre collision,,,,,,,,,,,1,2,1,1.0,6
201200001068,0012-07-11 16:45:00,12,7,11,16,45,220,54,Rue du 19 mars 1962,48.636,-2.465,Plein jour,En agglomération,Hors intersection,Normale,Autre collision,,,,,,,,,,,1,2,1,1.0,6
201200001069,0012-07-21 17:30:00,12,7,21,17,30,220,273,,48.559,-2.537,Plein jour,Hors agglomération,Hors intersection,Normale,Trois véhicules et plus - en chaîne,,,,,,,,,,,1,1,1,1.0,4
201200001070,0012-11-27 20:45:00,12,11,27,20,45,220,54,,48.636,-2.433,Nuit sans éclairage public,Hors agglomération,Hors intersection,Pluie forte,Trois véhicules et plus - collisions multiples,,,,,,,,,,,3,1,1,3.0,5
201200001071,0012-01-04 11:00:00,12,1,4,11,0,220,59,,,,Plein jour,Hors agglomération,Hors intersection,Normale,Deux véhicules - frontale,,,,,,,,,,,1,1,1,1.0,1
201200001072,0012-01-19 11:30:00,12,1,19,11,30,220,277,LA VILLE AU PILON,48.37445,-2.87948,Plein jour,Hors agglomération,Hors intersection,Normale,Autre collision,,,,,,,,,,,1,1,1,1.0,6
201200001073,0012-01-27 20:30:00,12,1,27,20,30,220,171,,,,Nuit avec éclairage allumé,Hors agglomération,Hors intersection,Pluie légère,Autre collision,,,,,,,,,,,5,1,1,2.0,6
201200001074,0012-04-05 11:30:00,12,4,5,11,30,220,9,Le Grand Gargalideuc,48.32475,-2.91732,Plein jour,Hors agglomération,Hors intersection,Normale,Sans collision,,,,,,,,,,,1,1,1,1.0,7
201200001075,0012-05-20 15:45:00,12,5,20,15,45,220,277,Bertouhan,48.41229,-2.84844,Plein jour,Hors agglomération,Hors intersection,Pluie forte,Deux véhicules - côté,,,,,,,,,,,1,1,1,3.0,3
201200001076,0012-08-20 14:00:00,12,8,20,14,0,220,126,L'Epine,48.421,-2.94137,Plein jour,Hors agglomération,Hors intersection,Normale,Deux véhicules - frontale,,,,,,,,,,,1,1,1,1.0,1
201200001077,0012-04-07 12:30:00,12,4,7,12,30,220,280,Rue de l'Ecole,48.41643,-2.06195,Plein jour,En agglomération,Intersection en X,Normale,Deux véhicules - côté,,,,,,,,,,,1,2,2,1.0,3
201200001078,0012-04-18 15:45:00,12,4,18,15,45,220,82,LES GRANITS,48.40597,-2.08666,Plein jour,Hors agglomération,Hors intersection,Neige / grêle,Sans collision,,,,,,,,,,,1,1,1,4.0,7
201200001079,0012-08-18 19:45:00,12,8,18,19,45,220,259,Rue Cassepot/Guinefort,48.44841,-2.06932,Plein jour,En agglomération,Intersection en T,Normale,Deux véhicules - côté,,,,,,,,,,,1,2,3,1.0,3
201200001080,0012-08-27 08:00:00,12,8,27,8,0,220,21,Square de l'Eglise,48.3912,-2.12679,Plein jour,En agglomération,Intersection en X,Normale,Deux véhicules - côté,,,,,,,,,,,1,2,2,1.0,3
201200001081,0012-09-14 11:15:00,12,9,14,11,15,220,56,LA HAUTE RIVIERE,48.3735,-1.99252,Plein jour,Hors agglomération,Intersection en T,Normale,Deux véhicules - frontale,,,,,,,,,,,1,1,3,1.0,1
201200001082,0012-09-16 16:45:00,12,9,16,16,45,220,364,QUAMEUR,48.43711,-2.08843,Plein jour,Hors agglomération,Hors intersection,Normale,Deux véhicules - frontale,,,,,,,,,,,1,1,1,1.0,1
201200001083,0012-10-25 08:00:00,12,10,25,8,0,220,197,LA CROIX FERMALE,48.52839,-1.93923,Crépuscule ou aube,Hors agglomération,Hors intersection,Brouillard / fumée,Sans collision,,,,,,,,,,,2,1,1,5.0,7
201200001084,0012-10-30 15:45:00,12,10,30,15,45,220,123,Au niveau du cimetière,48.43672,-2.04399,Plein jour,Hors agglomération,Hors intersection,Normale,Deux véhicules - frontale,,,,,,,,,,,1,1,1,1.0,1
201200001085,0012-10-30 17:00:00,12,10,30,17,0,220,118,,48.45382,-2.02515,Plein jour,Hors agglomération,Intersection en X,Normale,Deux véhicules - côté,,,,,,,,,,,1,1,2,1.0,3
201200001086,0012-11-22 12:00:00,12,11,22,12,0,220,26,le bourg,48.40864,-2.02881,Plein jour,En agglomération,Intersection en T,Pluie légère,Deux véhicules - côté,,,,,,,,,,,1,2,3,2.0,3
201200001087,0012-01-31 17:30:00,12,1,31,17,30,220,239,LE PRE LONG,48.35449,-2.09898,Plein jour,Hors agglomération,Hors intersection,Normale,Trois véhicules et plus - collisions multiples,,,,,,,,,,,1,1,1,1.0,5
201200001088,0012-02-07 08:45:00,12,2,7,8,45,220,239,LA RABINIERE,48.38355,-2.13515,Plein jour,Hors agglomération,Hors intersection,Autre,Sans collision,,,,,,,,,,,1,1,1,9.0,7
201200001089,0012-04-01 18:45:00,12,4,1,18,45,220,185,rue pasteur,48.36718,-2.39943,Plein jour,En agglomération,Hors intersection,Normale,Autre collision,,,,,,,,,,,1,2,1,1.0,6
201200001090,0012-06-02 20:45:00,12,6,2,20,45,220,175,LA LANDE,48.43876,-2.34871,Crépuscule ou aube,Hors agglomération,Hors intersection,Normale,Sans collision,,,,,,,,,,,2,1,1,1.0,7
201200001091,0012-06-05 18:30:00,12,6,5,18,30,220,193,LA HAUTIERE,48.42171,-2.39813,Plein jour,Hors agglomération,Intersection en X,Normale,Deux véhicules - côté,,,,,,,,,,,1,1,2,1.0,3
201200001092,0012-12-05 10:45:00,12,12,5,10,45,220,185,rue Jules Ferry,48.36714,-2.40328,Plein jour,En agglomération,Giratoire,Pluie forte,Deux véhicules - côté,,,,,,,,,,,1,2,6,3.0,3
201200001093,0012-01-02 15:15:00,12,1,2,15,15,220,237,LES TROIS CROIX,48.5246,-2.27163,Plein jour,Hors agglomération,Intersection en X,Temps éblouissant,Deux véhicules - côté,,,,,,,,,,,1,1,2,7.0,3
201200001094,0012-12-29 19:15:00,12,12,29,19,15,220,172,place de l'?glise,,,Nuit avec éclairage allumé,En agglomération,Place,Pluie forte,Autre collision,,,,,,,,,,,5,2,7,3.0,6
201200001095,0012-01-31 19:00:00,12,1,31,19,0,220,237,LES TROIS CROIX,48.52462,-2.27223,Nuit avec éclairage allumé,Hors agglomération,Hors intersection,Normale,Autre collision,,,,,,,,,,,5,1,1,1.0,6
201200001096,0012-02-22 19:15:00,12,2,22,19,15,220,282,,48.589,-2.236,Nuit sans éclairage public,Hors agglomération,Hors intersection,Pluie légère,Deux véhicules - frontale,,,,,,,,,,,3,1,1,2.0,1
201200001097,0012-03-24 16:45:00,12,3,24,16,45,220,143,LES SABLONS,48.60988,-2.3156,Plein jour,Hors agglomération,Hors intersection,Normale,Sans collision,,,,,,,,,,,1,1,1,1.0,7
201200001098,0012-05-12 09:30:00,12,5,12,9,30,220,190,LA VILLE PIQUANT,48.52665,-2.09805,Plein jour,Hors agglomération,Hors intersection,Temps éblouissant,Sans collision,,,,,,,,,,,1,1,1,7.0,7
201200001099,0012-07-18 17:30:00,12,7,18,17,30,220,302,Grande rue,48.59651,-2.19044,Plein jour,En agglomération,Intersection en T,Normale,Deux véhicules - côté,,,,,,,,,,,1,2,3,1.0,3
201200001100,0012-07-24 11:30:00,12,7,24,11,30,220,209,LE PONT CRETIN,48.55126,-2.10853,Plein jour,Hors agglomération,Hors intersection,Normale,Deux véhicules - arrière,,,,,,,,,,,1,1,1,1.0,2
201200001101,0012-08-10 08:00:00,12,8,10,8,0,220,209,,,,Plein jour,Hors agglomération,Hors intersection,Normale,Deux véhicules - arrière,,,,,,,,,,,1,1,1,1.0,2
201200001102,0012-08-15 18:45:00,12,8,15,18,45,220,48,LA RUELLE,48.49306,-2.17233,Plein jour,Hors agglomération,Intersection en T,Normale,Deux véhicules - côté,,,,,,,,,,,1,1,3,1.0,3
201200001103,0012-08-18 16:00:00,12,8,18,16,0,220,94,LA METTRIE,48.59197,-2.1477,Plein jour,Hors agglomération,Hors intersection,Normale,Deux véhicules - arrière,,,,,,,,,,,1,1,1,1.0,2
201200001104,0012-08-22 11:15:00,12,8,22,11,15,220,179,LA VILLE ANDRE,48.62447,-2.33886,Plein jour,Hors agglomération,Intersection en Y,Normale,Deux véhicules - côté,,,,,,,,,,,1,1,4,1.0,3
201200001105,0012-10-04 14:45:00,12,10,4,14,45,220,357,LE GRAND PLACIS,48.56553,-2.19325,Plein jour,Hors agglomération,Hors intersection,Normale,Deux véhicules - frontale,,,,,,,,,,,1,1,1,1.0,1
201200001106,0012-10-06 12:00:00,12,10,6,12,0,220,286,LE HAUT BOULAY,48.52315,-2.38259,Plein jour,Hors agglomération,Intersection en T,Pluie forte,Deux véhicules - côté,,,,,,,,,,,1,1,3,3.0,3
201200001107,0012-11-05 10:30:00,12,11,5,10,30,220,172,Carref CD768/CD19,48.53746,-2.2243,Plein jour,Hors agglomération,Intersection en T,Normale,Deux véhicules - côté,,,,,,,,,,,1,1,3,1.0,3
201200001108,0012-11-10 06:15:00,12,11,10,6,15,220,268,Cavart,48.5551,-2.34547,Nuit sans éclairage public,Hors agglomération,Hors intersection,Pluie forte,Deux véhicules - frontale,,,,,,,,,,,3,1,1,3.0,1
201200001109,0012-11-24 16:30:00,12,11,24,16,30,220,237,,48.529,-2.276,Plein jour,Hors agglomération,Hors intersection,Normale,Sans collision,,,,,,,,,,,1,1,1,1.0,7
201200001110,0012-12-25 14:00:00,12,12,25,14,0,220,48,8 rue de l'hotellerie,48.48079,-2.16378,Nuit sans éclairage public,En agglomération,Hors intersection,Pluie légère,Sans collision,,,,,,,,,,,3,2,1,2.0,7
201200001111,0012-07-05 18:15:00,12,7,5,18,15,220,371,LE LANCRAS,48.15827,-2.29367,Plein jour,Hors agglomération,Intersection en X,Normale,Deux véhicules - côté,,,,,,,,,,,1,1,2,1.0,3
201200001112,0012-07-19 12:00:00,12,7,19,12,0,220,292,Les Vieux Glés,48.22996,-2.56371,Plein jour,Hors agglomération,Hors intersection,Normale,Deux véhicules - frontale,,,,,,,,,,,1,1,1,1.0,1
201200001113,0012-07-19 12:15:00,12,7,19,12,15,220,58,Les Loges,48.13665,-2.61796,Plein jour,Hors agglomération,Hors intersection,Normale,Deux véhicules - frontale,,,,,,,,,,,1,1,1,1.0,1
201200001114,0012-04-18 23:15:00,12,4,18,23,15,220,225,,48.54715,-3.15084,Nuit sans éclairage public,Hors agglomération,Hors intersection,Pluie légère,Autre collision,,,,,,,,,,,3,1,1,2.0,6
201200001115,0012-07-25 17:00:00,12,7,25,17,0,220,70,PONT DE L'YSER,48.57158,-3.16097,Plein jour,En agglomération,Hors intersection,Normale,Autre collision,,,,,,,,,,,1,2,1,1.0,6
201200001116,0012-08-11 22:00:00,12,8,11,22,0,220,225,,,,Nuit sans éclairage public,Hors agglomération,Hors intersection,Normale,Autre collision,,,,,,,,,,,3,1,1,1.0,6
201200001117,0012-10-10 17:30:00,12,10,10,17,30,220,272,parking intermarch?,,,Plein jour,En agglomération,Hors intersection,Normale,Deux véhicules - côté,,,,,,,,,,,1,2,1,1.0,3
201200001118,0012-11-11 15:30:00,12,11,11,15,30,220,223,,,,Plein jour,Hors agglomération,Giratoire,Temps couvert,Autre collision,,,,,,,,,,,1,1,6,8.0,6
201200001119,0012-11-24 17:15:00,12,11,24,17,15,220,67,Avenue Kennedy - parking,48.56312,-3.16113,Plein jour,En agglomération,Hors intersection,Normale,Autre collision,,,,,,,,,,,1,2,1,1.0,6
201200001120,0012-10-19 07:30:00,12,10,19,7,30,220,250,rue Barthelemy,48.69983,-3.16713,Nuit avec éclairage allumé,En agglomération,Hors intersection,Normale,Autre collision,,,,,,,,,,,5,2,1,1.0,6
201200001121,0012-03-12 09:00:00,12,3,12,9,0,220,72,,48.507,-3.256,Plein jour,Hors agglomération,Hors intersection,Normale,Deux véhicules - côté,,,,,,,,,,,1,1,1,1.0,3
201200001122,0012-04-22 19:45:00,12,4,22,19,45,220,220,,48.244,-3.303,Plein jour,Hors agglomération,Hors intersection,Temps éblouissant,Deux véhicules - frontale,,,,,,,,,,,1,1,1,7.0,1
201200001123,0012-02-15 18:30:00,12,2,15,18,30,220,224,Détour du Yaudet,48.71747,-3.49107,Plein jour,Hors agglomération,Hors intersection,Normale,Deux véhicules - frontale,,,,,,,,,,,1,1,1,1.0,1
201200001124,0012-03-04 20:00:00,12,3,4,20,0,220,194,Saint Efflam,48.66879,-3.59982,Nuit sans éclairage public,En agglomération,Hors intersection,Normale,Autre collision,,,,,,,,,,,3,2,1,1.0,6
201200001125,0012-03-14 22:15:00,12,3,14,22,15,220,194,18 rue de l'Hospice,48.65448,-3.62743,Nuit avec éclairage allumé,En agglomération,Hors intersection,Normale,Sans collision,,,,,,,,,,,5,2,1,1.0,7
201200001126,0012-04-07 15:30:00,12,4,7,15,30,220,228,TRAOU HI,48.53391,-3.46457,Plein jour,Hors agglomération,Hors intersection,Pluie légère,Deux véhicules - frontale,,,,,,,,,,,1,1,1,2.0,1
201200001127,0012-06-30 12:00:00,12,6,30,12,0,220,131,COADOU,48.53444,-3.51592,Plein jour,Hors agglomération,Hors intersection,Normale,Deux véhicules - frontale,,,,,,,,,,,1,1,1,1.0,1
201200001128,0012-07-09 19:45:00,12,7,9,19,45,220,217,LE BOURG,48.51143,-3.56386,Plein jour,En agglomération,Hors intersection,Normale,Deux véhicules - arrière,,,,,,,,,,,1,2,1,1.0,2
201200001129,0012-07-22 05:15:00,12,7,22,5,15,220,194,,48.65684,-3.63707,Nuit sans éclairage public,Hors agglomération,Hors intersection,Normale,Autre collision,,,,,,,,,,,3,1,1,1.0,6
201200001130,0012-09-30 06:30:00,12,9,30,6,30,220,207,PLACE DE L EGLISE,48.6121,-3.47266,Nuit avec éclairage non allumé,En agglomération,Hors intersection,Normale,Autre collision,,,,,,,,,,,4,2,1,1.0,6
201200001131,0012-11-03 10:15:00,12,11,3,10,15,220,319,LE GRAND ROCHER,48.67152,-3.58896,Plein jour,Hors agglomération,Hors intersection,Temps éblouissant,Sans collision,,,,,,,,,,,1,1,1,7.0,7
201200001132,0012-11-13 18:30:00,12,11,13,18,30,220,226,SAINT JEAN,48.69737,-3.53824,Nuit sans éclairage public,Hors agglomération,Intersection en X,Normale,Deux véhicules - côté,,,,,,,,,,,3,1,2,1.0,3
201200001133,0012-02-04 06:45:00,12,2,4,6,45,220,379,RUE DE LA CORNICHE,48.82209,-3.34014,Nuit sans éclairage public,Hors agglomération,Hors intersection,Normale,Sans collision,,,,,,,,,,,3,1,1,1.0,7
201200001134,0012-02-08 07:45:00,12,2,8,7,45,220,90,LA CROIX BLANCHE,48.77204,-3.36598,Nuit sans éclairage public,Hors agglomération,Intersection en X,Normale,Trois véhicules et plus - collisions multiples,,,,,,,,,,,3,1,2,1.0,5
201200001135,0012-05-30 16:00:00,12,5,30,16,0,220,90,,48.7704,-3.36312,Plein jour,Hors agglomération,Intersection en X,Normale,Deux véhicules - côté,,,,,,,,,,,1,1,2,1.0,3
201200001136,0012-08-26 17:30:00,12,8,26,17,30,220,90,,,,Plein jour,Hors agglomération,Intersection en X,Normale,Trois véhicules et plus - collisions multiples,,,,,,,,,,,1,1,2,1.0,5
201200001137,0012-09-01 18:45:00,12,9,1,18,45,220,90,,48.77722,-3.37758,Plein jour,Hors agglomération,Hors intersection,Normale,Deux véhicules - frontale,,,,,,,,,,,1,1,1,1.0,1
201200001138,0012-09-21 15:00:00,12,9,21,15,0,220,90,,,,Plein jour,Hors agglomération,Intersection en X,Normale,Deux véhicules - côté,,,,,,,,,,,1,1,2,1.0,3
201200001139,0012-10-02 15:15:00,12,10,2,15,15,220,363,,,,Plein jour,Hors agglomération,Hors intersection,Temps couvert,Sans collision,,,,,,,,,,,1,1,1,8.0,7
201200001140,0012-12-21 08:00:00,12,12,21,8,0,220,90,,,,Nuit sans éclairage public,Hors agglomération,Hors intersection,Pluie légère,Deux véhicules - côté,,,,,,,,,,,3,1,1,2.0,3
201200001141,0012-04-15 04:00:00,12,4,15,4,0,220,221,BRO DREGUER,48.79601,-3.28894,Nuit sans éclairage public,Hors agglomération,Hors intersection,Normale,Sans collision,,,,,,,,,,,3,1,1,1.0,7
201200001142,0012-06-07 12:15:00,12,6,7,12,15,220,253,Rue Adjudant N. LOUIS,48.76598,-3.19843,Plein jour,Hors agglomération,Hors intersection,Normale,Deux véhicules - frontale,,,,,,,,,,,1,1,1,1.0,1
201200001143,0012-06-28 16:00:00,12,6,28,16,0,220,362,,48.8202,-3.26534,Plein jour,Hors agglomération,Hors intersection,Normale,Sans collision,,,,,,,,,,,1,1,1,1.0,7
201200001144,0012-11-07 16:30:00,12,11,7,16,30,220,152,Z.A.  DE KERFOLIC,48.783,-3.242,Plein jour,En agglomération,Giratoire,Normale,Deux véhicules - côté,,,,,,,,,,,1,2,6,1.0,3
201200001145,0012-11-13 14:30:00,12,11,13,14,30,220,152,ZA de KERFOLLIC,,,Plein jour,En agglomération,Hors intersection,Normale,Deux véhicules - arrière,,,,,,,,,,,1,2,1,1.0,2
201200001146,0012-01-11 20:15:00,12,1,11,20,15,290,216,rue AN DOUR RUZ,47.96774,-4.14507,Nuit sans éclairage public,En agglomération,Hors intersection,Normale,Sans collision,,,,,,,,,,,3,2,1,1.0,7
201200001147,0012-01-27 14:00:00,12,1,27,14,0,290,173,,,,Plein jour,Hors agglomération,Hors intersection,Normale,Deux véhicules - frontale,,,,,,,,,,,1,1,1,1.0,1
201200001148,0012-02-07 12:30:00,12,2,7,12,30,290,298,,47.91419,-4.317,Plein jour,Hors agglomération,Hors intersection,Normale,Sans collision,,,,,,,,,,,1,1,1,1.0,7
201200001149,0012-03-28 12:00:00,12,3,28,12,0,290,145,,48.04273,-4.43454,Plein jour,Hors agglomération,Hors intersection,Normale,Autre collision,,,,,,,,,,,1,1,1,1.0,6
201200001150,0012-04-07 09:00:00,12,4,7,9,0,290,218,rue de Stangalon,48.03808,-4.48658,Plein jour,En agglomération,Hors intersection,Normale,Deux véhicules - frontale,,,,,,,,,,,1,2,1,1.0,1
201200001151,0012-05-20 16:00:00,12,5,20,16,0,290,214,,47.94151,-4.34243,Plein jour,Hors agglomération,Hors intersection,Normale,Deux véhicules - frontale,,,,,,,,,,,1,1,1,1.0,1
201200001152,0012-05-16 18:45:00,12,5,16,18,45,290,215,rue du centre,47.98559,-4.42531,Plein jour,En agglomération,Hors intersection,Temps éblouissant,Autre collision,,,,,,,,,,,1,2,1,7.0,6
201200001153,0012-06-10 07:15:00,12,6,10,7,15,290,145,,48.08108,-4.43509,Crépuscule ou aube,Hors agglomération,Hors intersection,Normale,Sans collision,,,,,,,,,,,2,1,1,1.0,7
201200001154,0012-06-17 11:45:00,12,6,17,11,45,290,143,,48.02389,-4.43242,Plein jour,Hors agglomération,Hors intersection,Normale,Deux véhicules - frontale,,,,,,,,,,,1,1,1,1.0,1
201200001155,0012-07-22 11:00:00,12,7,22,11,0,290,159,,47.93287,-4.33339,Plein jour,Hors agglomération,Hors intersection,Normale,Sans collision,,,,,,,,,,,1,1,1,1.0,7
201200001156,0012-08-18 20:15:00,12,8,18,20,15,290,216,rue de quimper,47.9802,-4.17849,Plein jour,En agglomération,Hors intersection,Normale,Deux véhicules - côté,,,,,,,,,,,1,2,1,1.0,3
201200001157,0012-09-25 18:45:00,12,9,25,18,45,290,8,rue des bruy?res,48.07559,-4.51311,Plein jour,En agglomération,Hors intersection,Temps éblouissant,Autre collision,,,,,,,,,,,1,2,1,7.0,6
201200001158,0012-10-02 07:45:00,12,10,2,7,45,290,225,88 RUE DE LA MER,47.94891,-4.37053,Crépuscule ou aube,En agglomération,Hors intersection,Normale,Deux véhicules - côté,,,,,,,,,,,2,2,1,1.0,3
201200001159,0012-10-26 07:15:00,12,10,26,7,15,290,197,rue amiral d'argenlieu,48.01514,-4.48447,Nuit avec éclairage allumé,En agglomération,Hors intersection,Pluie légère,Deux véhicules - frontale,,,,,,,,,,,5,2,1,2.0,1
201200001160,0012-11-23 18:30:00,12,11,23,18,30,290,197,parking carrefour market,48.01628,-4.50081,Plein jour,En agglomération,Hors intersection,Normale,Deux véhicules - côté,,,,,,,,,,,1,2,1,1.0,3
201200001161,0012-12-01 20:15:00,12,12,1,20,15,290,218,rue du Finist?re,48.04039,-4.4942,Nuit avec éclairage allumé,En agglomération,Hors intersection,Normale,Deux véhicules - frontale,,,,,,,,,,,5,2,1,1.0,1
201200001162,0012-12-05 14:15:00,12,12,5,14,15,290,218,,48.04225,-4.47148,Plein jour,Hors agglomération,Intersection en T,Normale,Deux véhicules - côté,,,,,,,,,,,1,1,3,1.0,3
201200001163,0012-12-11 21:30:00,12,12,11,21,30,290,298,,47.91106,-4.3362,Nuit sans éclairage public,Hors agglomération,Hors intersection,Normale,Autre collision,,,,,,,,,,,3,1,1,1.0,6
201200001164,0012-12-21 22:15:00,12,12,21,22,15,290,197,,48.00401,-4.45159,Nuit sans éclairage public,Hors agglomération,Hors intersection,Pluie forte,Autre collision,,,,,,,,,,,3,1,1,3.0,6
201200001165,0012-12-26 08:00:00,12,12,26,8,0,290,173,,48.00418,-4.16433,Nuit avec éclairage non allumé,Hors agglomération,Hors intersection,Temps couvert,Deux véhicules - côté,,,,,,,,,,,4,1,1,8.0,3
201200001166,0012-12-30 07:30:00,12,12,30,7,30,290,167,,47.96987,-4.2493,Nuit sans éclairage public,Hors agglomération,Hors intersection,Normale,Autre collision,,,,,,,,,,,3,1,1,1.0,6
201200001167,0012-04-10 19:15:00,12,4,10,19,15,290,46,boulevard Jean Moulin,48.08043,-4.33062,Plein jour,En agglomération,Hors intersection,Normale,Deux véhicules - côté,,,,,,,,,,,1,2,1,1.0,3
201200001168,0012-04-18 17:15:00,12,4,18,17,15,290,46,,48.09382,-4.34106,Plein jour,En agglomération,Hors intersection,Normale,Deux véhicules - arrière,,,,,,,,,,,1,2,1,1.0,2
201200001169,0012-08-04 01:00:00,12,8,4,1,0,290,169,,48.07764,-4.14539,Nuit sans éclairage public,Hors agglomération,Hors intersection,Normale,Autre collision,,,,,,,,,,,3,1,1,1.0,6
201200001170,0012-09-29 18:15:00,12,9,29,18,15,290,46,quai de l'Yser,48.09713,-4.34276,Plein jour,En agglomération,Hors intersection,Temps éblouissant,Autre collision,,,,,,,,,,,1,2,1,7.0,6
201200001171,0012-10-12 13:30:00,12,10,12,13,30,290,169,D39 / Rte de Kerrun,48.07673,-4.19724,Plein jour,En agglomération,Hors intersection,Temps couvert,Deux véhicules - côté,,,,,,,,,,,1,2,1,8.0,3
201200001172,0012-12-08 11:00:00,12,12,8,11,0,290,46,,48.09125,-4.32711,Plein jour,En agglomération,Hors intersection,Temps éblouissant,Autre collision,,,,,,,,,,,1,2,1,7.0,6
201200001173,0012-12-31 13:15:00,12,12,31,13,15,290,57,,47.91804,-3.96213,Plein jour,Hors agglomération,Hors intersection,Pluie légère,Deux véhicules - côté,,,,,,,,,,,1,1,1,2.0,3
201200001174,0012-01-27 07:30:00,12,1,27,7,30,290,57,,47.91479,-3.94734,Nuit sans éclairage public,Hors agglomération,Hors intersection,Autre,Deux véhicules - côté,,,,,,,,,,,3,1,1,9.0,3
201200001175,0012-02-27 19:00:00,12,2,27,19,0,290,32,,47.89478,-4.07905,Nuit sans éclairage public,Hors agglomération,Hors intersection,Temps couvert,Deux véhicules - frontale,,,,,,,,,,,3,1,1,8.0,1
201200001176,0012-04-04 18:30:00,12,4,4,18,30,290,57,,47.90891,-3.94905,Plein jour,Hors agglomération,Hors intersection,Normale,Deux véhicules - côté,,,,,,,,,,,1,1,1,1.0,3
201200001177,0012-06-09 01:15:00,12,6,9,1,15,290,57,,47.92627,-3.97613,Nuit sans éclairage public,Hors agglomération,Hors intersection,Normale,Deux véhicules - frontale,,,,,,,,,,,3,1,1,1.0,1
201200001178,0012-08-04 10:45:00,12,8,4,10,45,290,57,,47.90516,-3.99534,Plein jour,Hors agglomération,Hors intersection,Normale,Deux véhicules - côté,,,,,,,,,,,1,1,1,1.0,3
201200001179,0012-09-29 16:45:00,12,9,29,16,45,290,60,,47.91026,-4.11095,Plein jour,Hors agglomération,Hors intersection,Normale,Trois véhicules et plus - collisions multiples,,,,,,,,,,,1,1,1,1.0,5
201200001180,0012-11-07 16:30:00,12,11,7,16,30,290,6,,47.87768,-4.08792,Crépuscule ou aube,Hors agglomération,Hors intersection,Normale,Deux véhicules - côté,,,,,,,,,,,2,1,1,1.0,3