accident_id,datetime,annee,mois,jour,heure,minute,departement,commune_insee,adresse,latitude,longitude,luminosite,agglomeration,intersection,meteo,collision,nb_vehicules,nb_usagers,nb_indemnes,nb_tues,nb_blesses_hosp,nb_blesses_legers,age_cond_1,age_cond_2,veh_type_cond_1,veh_type_cond_2,lum_code,agg_code,int_code,atm_code,col_code
201200001181,0012-11-23 22:45:00,12,11,23,22,45,290,58,,47.8635,-4.03862,Nuit avec éclairage allumé,Hors agglomération,Hors intersection,Pluie légère,Autre collision,,,,,,,,,,,5,1,1,2.0,6
201200001182,0012-12-09 00:30:00,12,12,9,0,30,290,32,,47.88696,-4.11729,Nuit sans éclairage public,Hors agglomération,Hors intersection,Normale,Autre collision,,,,,,,,,,,3,1,1,1.0,6
201200001183,0012-06-07 18:45:00,12,6,7,18,45,290,220,Avenue de Kerarthur,47.86583,-4.21675,Plein jour,En agglomération,Giratoire,Normale,Autre collision,,,,,,,,,,,1,2,6,1.0,6
201200001184,0012-07-18 14:00:00,12,7,18,14,0,290,72,rue de la gare,47.79914,-4.27949,Plein jour,En agglomération,Hors intersection,Normale,Autre collision,,,,,,,,,,,1,2,1,1.0,6
201200001185,0012-07-23 18:30:00,12,7,23,18,30,290,37,,47.88397,-4.15345,Plein jour,Hors agglomération,Hors intersection,Normale,Autre collision,,,,,,,,,,,1,1,1,1.0,6
201200001186,0012-08-23 01:15:00,12,8,23,1,15,290,37,,47.88146,-4.12695,Nuit sans éclairage public,Hors agglomération,Hors intersection,Normale,Autre collision,,,,,,,,,,,3,1,1,1.0,6
201200001187,0012-11-15 19:15:00,12,11,15,19,15,290,171,,47.8104,-4.28205,Nuit avec éclairage allumé,Hors agglomération,Hors intersection,Pluie légère,Deux véhicules - arrière,,,,,,,,,,,5,1,1,2.0,2
201200001188,0012-12-01 18:30:00,12,12,1,18,30,290,37,,47.9084,-4.19312,Nuit sans éclairage public,Hors agglomération,Hors intersection,Normale,Deux véhicules - frontale,,,,,,,,,,,3,1,1,1.0,1
201200001189,0012-01-06 08:30:00,12,1,6,8,30,290,75,Boulevard de Coataudon,48.41709,-4.43172,Crépuscule ou aube,En agglomération,Hors intersection,Normale,Autre collision,,,,,,,,,,,2,2,1,1.0,6
201200001190,0012-04-04 09:45:00,12,4,4,9,45,290,75,31 rue de Brest,48.43319,-4.40334,Plein jour,En agglomération,Hors intersection,Normale,Autre collision,,,,,,,,,,,1,2,1,1.0,6
201200001191,0012-08-03 18:15:00,12,8,3,18,15,290,61,,48.44633,-4.46101,Plein jour,Hors agglomération,Hors intersection,Normale,Deux véhicules - frontale,,,,,,,,,,,1,1,1,1.0,1
201200001192,0012-09-01 16:30:00,12,9,1,16,30,290,61,,48.44989,-4.46569,Plein jour,Hors agglomération,Giratoire,Normale,Autre collision,,,,,,,,,,,1,1,6,1.0,6
201200001193,0012-09-23 15:30:00,12,9,23,15,30,290,75,avenue de normandie,48.43936,-4.39233,Plein jour,En agglomération,Giratoire,Temps couvert,Deux véhicules - côté,,,,,,,,,,,1,2,6,8.0,3
201200001194,0012-12-08 15:15:00,12,12,8,15,15,290,235,Rue louis Lichou,48.41115,-4.4192,Plein jour,En agglomération,Hors intersection,Normale,Deux véhicules - côté,,,,,,,,,,,1,2,1,1.0,3
201200001195,0012-01-16 15:30:00,12,1,16,15,30,290,103,Rue de la tour d'auvergn,48.45351,-4.24539,Plein jour,En agglomération,Giratoire,Temps éblouissant,Autre collision,,,,,,,,,,,1,2,6,7.0,6
201200001196,0012-04-13 18:00:00,12,4,13,18,0,290,237,,48.46634,-4.20687,Plein jour,Hors agglomération,Hors intersection,Pluie forte,Autre collision,,,,,,,,,,,1,1,1,3.0,6
201200001197,0012-05-02 07:15:00,12,5,2,7,15,290,128,,48.47307,-4.09441,Plein jour,Hors agglomération,Intersection en X,Normale,Deux véhicules - côté,,,,,,,,,,,1,1,2,1.0,3
201200001198,0012-06-30 23:45:00,12,6,30,23,45,290,237,RUE DE L'EGLISE,48.4736,-4.2053,Nuit sans éclairage public,En agglomération,Hors intersection,Normale,Sans collision,,,,,,,,,,,3,2,1,1.0,7
201200001199,0012-07-09 20:15:00,12,7,9,20,15,290,294,,48.41198,-4.13409,Plein jour,Hors agglomération,Hors intersection,Normale,Autre collision,,,,,,,,,,,1,1,1,1.0,6
201200001200,0012-10-17 06:00:00,12,10,17,6,0,290,156,,48.45292,-4.23414,Nuit sans éclairage public,Hors agglomération,Hors intersection,Temps couvert,Deux véhicules - côté,,,,,,,,,,,3,1,1,8.0,3
201200001201,0012-12-14 11:15:00,12,12,14,11,15,290,180,,48.43887,-4.0992,Plein jour,Hors agglomération,Hors intersection,Pluie forte,Deux véhicules - côté,,,,,,,,,,,1,1,1,3.0,3
201200001202,0012-04-02 09:45:00,12,4,2,9,45,290,94,,48.59388,-4.33428,Plein jour,Hors agglomération,Hors intersection,Normale,Deux véhicules - côté,,,,,,,,,,,1,1,1,1.0,3
201200001203,0012-04-04 11:00:00,12,4,4,11,0,290,248,,48.60961,-4.37463,Plein jour,Hors agglomération,Hors intersection,Normale,Autre collision,,,,,,,,,,,1,1,1,1.0,6
201200001204,0012-06-27 14:45:00,12,6,27,14,45,290,124,,48.59045,-4.3324,Plein jour,Hors agglomération,Hors intersection,Normale,Deux véhicules - frontale,,,,,,,,,,,1,1,1,1.0,1
201200001205,0012-07-24 19:45:00,12,7,24,19,45,290,198,,48.60696,-4.29842,Plein jour,Hors agglomération,Hors intersection,Normale,Deux véhicules - côté,,,,,,,,,,,1,1,1,1.0,3
201200001206,0012-07-27 19:45:00,12,7,27,19,45,290,64,,48.63025,-4.29786,Plein jour,Hors agglomération,Hors intersection,Normale,Deux véhicules - frontale,,,,,,,,,,,1,1,1,1.0,1
201200001207,0012-08-29 12:00:00,12,8,29,12,0,290,203,,48.64369,-4.35175,Plein jour,Hors agglomération,Hors intersection,Pluie forte,Deux véhicules - frontale,,,,,,,,,,,1,1,1,3.0,1
201200001208,0012-09-08 20:15:00,12,9,8,20,15,290,55,,48.55572,-4.34202,Plein jour,Hors agglomération,Hors intersection,Normale,Deux véhicules - côté,,,,,,,,,,,1,1,1,1.0,3
201200001209,0012-11-14 18:15:00,12,11,14,18,15,290,124,,48.57303,-4.32085,Nuit avec éclairage allumé,En agglomération,Hors intersection,Temps couvert,Autre collision,,,,,,,,,,,5,2,1,8.0,6
201200001210,0012-11-24 15:45:00,12,11,24,15,45,290,124,rue saint ?xup?ry,48.57269,-4.33046,Plein jour,En agglomération,Place,Pluie légère,Deux véhicules - côté,,,,,,,,,,,1,2,7,2.0,3
201200001211,0012-01-25 22:30:00,12,1,25,22,30,290,160,Avenue Mar?chal LECLERC,48.5029,-4.42551,Nuit avec éclairage allumé,En agglomération,Hors intersection,Normale,Autre collision,,,,,,,,,,,5,2,1,1.0,6
201200001212,0012-07-07 09:30:00,12,7,7,9,30,290,209,,48.50876,-4.46175,Plein jour,Hors agglomération,Hors intersection,Pluie forte,Deux véhicules - côté,,,,,,,,,,,1,1,1,3.0,3
201200001213,0012-08-19 03:45:00,12,8,19,3,45,290,15,,48.47714,-4.52889,Nuit sans éclairage public,Hors agglomération,Hors intersection,Pluie légère,Deux véhicules - côté,,,,,,,,,,,3,1,1,2.0,3
201200001214,0012-10-24 08:30:00,12,10,24,8,30,290,160,rue du mar?chal LECLERC,48.5067,-4.41987,Nuit avec éclairage non allumé,En agglomération,Hors intersection,Normale,Autre collision,,,,,,,,,,,4,2,1,1.0,6
201200001215,0012-01-01 07:30:00,12,1,1,7,30,290,177,,48.43371,-4.73103,Nuit sans éclairage public,Hors agglomération,Hors intersection,Normale,Autre collision,,,,,,,,,,,3,1,1,1.0,6
201200001216,0012-01-07 13:45:00,12,1,7,13,45,290,17,,48.45619,-4.67247,Plein jour,Hors agglomération,Hors intersection,Temps couvert,Trois véhicules et plus - collisions multiples,,,,,,,,,,,1,1,1,8.0,5
201200001217,0012-01-10 19:00:00,12,1,10,19,0,290,260,CD27 - ROUTE DE L'ABER,48.4371,-4.63033,Crépuscule ou aube,En agglomération,Hors intersection,Normale,Trois véhicules et plus - collisions multiples,,,,,,,,,,,2,2,1,1.0,5
201200001218,0012-01-18 12:30:00,12,1,18,12,30,290,196,,48.55303,-4.59855,Plein jour,Hors agglomération,Hors intersection,Pluie légère,Deux véhicules - frontale,,,,,,,,,,,1,1,1,2.0,1
201200001219,0012-02-17 19:30:00,12,2,17,19,30,290,260,place g?n?ral LECLERC,48.43155,-4.62098,Nuit avec éclairage allumé,En agglomération,Place,Normale,Autre collision,,,,,,,,,,,5,2,7,1.0,6
201200001220,0012-03-23 16:15:00,12,3,23,16,15,290,178,,48.5251,-4.66276,Plein jour,Hors agglomération,Hors intersection,Temps éblouissant,Deux véhicules - arrière,,,,,,,,,,,1,1,1,7.0,2
201200001221,0012-06-04 17:15:00,12,6,4,17,15,290,69,,48.43709,-4.57122,Plein jour,Hors agglomération,Hors intersection,Normale,Trois véhicules et plus - collisions multiples,,,,,,,,,,,1,1,1,1.0,5
201200001222,0012-06-15 12:00:00,12,6,15,12,0,290,69,,48.43699,-4.57211,Plein jour,Hors agglomération,Hors intersection,Temps couvert,Trois véhicules et plus - en chaîne,,,,,,,,,,,1,1,1,8.0,4
201200001223,0012-09-10 20:15:00,12,9,10,20,15,290,177,,48.43203,-4.69958,Crépuscule ou aube,Hors agglomération,Hors intersection,Pluie légère,Trois véhicules et plus - collisions multiples,,,,,,,,,,,2,1,1,2.0,5
201200001224,0012-09-16 19:15:00,12,9,16,19,15,290,17,,48.47306,-4.71364,Plein jour,Hors agglomération,Hors intersection,Normale,Deux véhicules - côté,,,,,,,,,,,1,1,1,1.0,3
201200001225,0012-11-09 19:00:00,12,11,9,19,0,290,177,route de ST Renan,48.43397,-4.71493,Nuit avec éclairage allumé,En agglomération,Hors intersection,Pluie légère,Deux véhicules - frontale,,,,,,,,,,,5,2,1,2.0,1
201200001226,0012-04-04 14:45:00,12,4,4,14,45,290,26,31 quai cosmao,48.19802,-4.09211,Plein jour,En agglomération,Hors intersection,Normale,Autre collision,,,,,,,,,,,1,2,1,1.0,6
201200001227,0012-04-18 14:00:00,12,4,18,14,0,290,240,,48.25049,-4.17685,Plein jour,Hors agglomération,Hors intersection,Temps couvert,Autre collision,,,,,,,,,,,1,1,1,8.0,6
201200001228,0012-05-01 18:30:00,12,5,1,18,30,290,26,,48.19623,-4.09459,Plein jour,En agglomération,Giratoire,Normale,Deux véhicules - frontale,,,,,,,,,,,1,2,6,1.0,1
201200001229,0012-05-25 21:45:00,12,5,25,21,45,290,25,,48.14564,-4.08163,Plein jour,Hors agglomération,Intersection en X,Normale,Deux véhicules - frontale,,,,,,,,,,,1,1,2,1.0,1
201200001230,0012-05-26 19:30:00,12,5,26,19,30,290,240,,48.28285,-4.22611,Plein jour,Hors agglomération,Hors intersection,Normale,Sans collision,,,,,,,,,,,1,1,1,1.0,7
201200001231,0012-05-28 16:00:00,12,5,28,16,0,290,44,,48.21736,-4.16705,Plein jour,Hors agglomération,Hors intersection,Normale,Trois véhicules et plus - collisions multiples,,,,,,,,,,,1,1,1,1.0,5
201200001232,0012-08-18 15:00:00,12,8,18,15,0,290,26,quai robert alba,48.19841,-4.08911,Plein jour,En agglomération,Hors intersection,Temps éblouissant,Deux véhicules - arrière,,,,,,,,,,,1,2,1,7.0,2
201200001233,0012-09-08 04:30:00,12,9,8,4,30,290,53,,48.28821,-4.1611,Nuit sans éclairage public,Hors agglomération,Hors intersection,Normale,Deux véhicules - frontale,,,,,,,,,,,3,1,1,1.0,1
201200001234,0012-12-06 01:15:00,12,12,6,1,15,290,172,,48.19128,-4.275,Nuit sans éclairage public,Hors agglomération,Hors intersection,Normale,Autre collision,,,,,,,,,,,3,1,1,1.0,6
201200001235,0012-02-10 17:30:00,12,2,10,17,30,290,211,,48.32791,-3.69262,Plein jour,Hors agglomération,Hors intersection,Normale,Deux véhicules - frontale,,,,,,,,,,,1,1,1,1.0,1
201200001236,0012-03-03 17:15:00,12,3,3,17,15,290,278,,48.17689,-4.31686,Plein jour,Hors agglomération,Hors intersection,Normale,Deux véhicules - côté,,,,,,,,,,,1,1,1,1.0,3
201200001237,0012-05-27 00:30:00,12,5,27,0,30,290,29,,48.2392,-3.67193,Nuit sans éclairage public,Hors agglomération,Hors intersection,Normale,Autre collision,,,,,,,,,,,3,1,1,1.0,6
201200001238,0012-07-16 09:30:00,12,7,16,9,30,290,13,,48.3795,-3.94547,Plein jour,Hors agglomération,Hors intersection,Normale,Sans collision,,,,,,,,,,,1,1,1,1.0,7
201200001239,0012-09-23 16:45:00,12,9,23,16,45,290,129,,48.37125,-3.71575,Plein jour,Hors agglomération,Hors intersection,Pluie légère,Sans collision,,,,,,,,,,,1,1,1,2.0,7
201200001240,0012-09-30 16:30:00,12,9,30,16,30,290,129,,48.36489,-3.71266,Plein jour,Hors agglomération,Hors intersection,Normale,Deux véhicules - frontale,,,,,,,,,,,1,1,1,1.0,1
201200001241,0012-11-15 07:00:00,12,11,15,7,0,290,54,,48.40617,-3.86152,Nuit sans éclairage public,Hors agglomération,Hors intersection,Normale,Deux véhicules - frontale,,,,,,,,,,,3,1,1,1.0,1
201200001242,0012-11-16 19:45:00,12,11,16,19,45,290,278,,48.21416,-3.70536,Nuit sans éclairage public,Hors agglomération,Hors intersection,Normale,Deux véhicules - frontale,,,,,,,,,,,3,1,1,1.0,1
201200001243,0012-03-10 06:30:00,12,3,10,6,30,290,125,,48.10443,-3.7739,Nuit sans éclairage public,Hors agglomération,Hors intersection,Normale,Sans collision,,,,,,,,,,,3,1,1,1.0,7
201200001244,0012-04-18 06:30:00,12,4,18,6,30,290,162,,48.19359,-3.98261,Crépuscule ou aube,Hors agglomération,Hors intersection,Neige / grêle,Autre collision,,,,,,,,,,,2,1,1,4.0,6
201200001245,0012-04-20 16:45:00,12,4,20,16,45,290,27,,48.20592,-3.81721,Plein jour,Hors agglomération,Hors intersection,Normale,Deux véhicules - côté,,,,,,,,,,,1,1,1,1.0,3
201200001246,0012-05-03 16:00:00,12,5,3,16,0,290,175,,48.27268,-3.79792,Plein jour,Hors agglomération,Hors intersection,Normale,Deux véhicules - frontale,,,,,,,,,,,1,1,1,1.0,1
201200001247,0012-07-01 18:00:00,12,7,1,18,0,290,27,rue du g?n?ral de Gaulle,48.18746,-3.81663,Plein jour,En agglomération,Hors intersection,Normale,Deux véhicules - arrière,,,,,,,,,,,1,2,1,1.0,2
201200001248,0012-08-19 22:45:00,12,8,19,22,45,290,175,17 rue des fr?res Floch,48.25132,-3.82435,Nuit avec éclairage allumé,En agglomération,Hors intersection,Normale,Autre collision,,,,,,,,,,,5,2,1,1.0,6
201200001249,0012-09-15 18:45:00,12,9,15,18,45,290,20,,48.07625,-3.93424,Plein jour,Hors agglomération,Hors intersection,Normale,Deux véhicules - côté,,,,,,,,,,,1,1,1,1.0,3
201200001250,0012-02-08 17:00:00,12,2,8,17,0,290,207,,48.53315,-3.81315,Plein jour,Hors agglomération,Hors intersection,Temps couvert,Sans collision,,,,,,,,,,,1,1,1,8.0,7
201200001251,0012-03-18 08:15:00,12,3,18,8,15,290,207,rue du tr?gor,48.53786,-3.79717,Plein jour,En agglomération,Giratoire,Normale,Deux véhicules - côté,,,,,,,,,,,1,2,6,1.0,3
201200001252,0012-04-21 15:30:00,12,4,21,15,30,290,14,,48.50096,-3.61311,Plein jour,Hors agglomération,Hors intersection,Normale,Autre collision,,,,,,,,,,,1,1,1,1.0,6
201200001253,0012-05-06 18:45:00,12,5,6,18,45,290,191,,48.55398,-3.77438,Plein jour,Hors agglomération,Hors intersection,Normale,Deux véhicules - frontale,,,,,,,,,,,1,1,1,1.0,1
201200001254,0012-06-12 08:15:00,12,6,12,8,15,290,59,,48.60953,-3.75252,Plein jour,Hors agglomération,Hors intersection,Normale,Deux véhicules - frontale,,,,,,,,,,,1,1,1,1.0,1
201200001255,0012-06-28 11:00:00,12,6,28,11,0,290,188,la croix neuve,48.68937,-3.78408,Plein jour,En agglomération,Giratoire,Normale,Deux véhicules - arrière,,,,,,,,,,,1,2,6,1.0,2
201200001256,0012-07-17 11:45:00,12,7,17,11,45,290,199,,48.58428,-3.75143,Plein jour,Hors agglomération,Hors intersection,Pluie légère,Deux véhicules - frontale,,,,,,,,,,,1,1,1,2.0,1
201200001257,0012-07-21 17:00:00,12,7,21,17,0,290,199,,48.61158,-3.71587,Plein jour,Hors agglomération,Intersection en X,Normale,Deux véhicules - côté,,,,,,,,,,,1,1,2,1.0,3
201200001258,0012-08-10 11:15:00,12,8,10,11,15,290,207,,48.54775,-3.80504,Plein jour,Hors agglomération,Hors intersection,Normale,Deux véhicules - arrière,,,,,,,,,,,1,1,1,1.0,2
201200001259,0012-08-27 08:45:00,12,8,27,8,45,290,191,,48.55697,-3.72312,Plein jour,Hors agglomération,Intersection en T,Normale,Deux véhicules - côté,,,,,,,,,,,1,1,3,1.0,3
201200001260,0012-10-29 16:15:00,12,10,29,16,15,290,182,,48.64093,-3.6707,Plein jour,Hors agglomération,Hors intersection,Temps éblouissant,Deux véhicules - frontale,,,,,,,,,,,1,1,1,7.0,1
201200001261,0012-10-29 17:15:00,12,10,29,17,15,290,199,PRAT A LAN,48.57719,-3.78143,Plein jour,En agglomération,Hors intersection,Normale,Deux véhicules - côté,,,,,,,,,,,1,2,1,1.0,3
201200001262,0012-12-09 17:15:00,12,12,9,17,15,290,251,,48.68461,-3.77791,Plein jour,Hors agglomération,Intersection en X,Normale,Deux véhicules - côté,,,,,,,,,,,1,1,2,1.0,3
201200001263,0012-01-10 08:00:00,12,1,10,8,0,290,266,,48.51802,-3.93608,Nuit sans éclairage public,Hors agglomération,Hors intersection,Normale,Deux véhicules - frontale,,,,,,,,,,,3,1,1,1.0,1
201200001264,0012-06-02 14:15:00,12,6,2,14,15,290,105,,48.50879,-4.05748,Plein jour,En agglomération,Hors intersection,Normale,Deux véhicules - frontale,,,,,,,,,,,1,2,1,1.0,1
201200001265,0012-06-15 10:15:00,12,6,15,10,15,290,10,,48.51542,-4.15547,Plein jour,Hors agglomération,Hors intersection,Normale,Autre collision,,,,,,,,,,,1,1,1,1.0,6
201200001266,0012-06-15 20:30:00,12,6,15,20,30,290,105,,48.52245,-4.0846,Plein jour,Hors agglomération,Hors intersection,Normale,Deux véhicules - côté,,,,,,,,,,,1,1,1,1.0,3
201200001267,0012-10-04 17:15:00,12,10,4,17,15,290,105,,48.49958,-4.06019,Plein jour,Hors agglomération,Hors intersection,Normale,Trois véhicules et plus - en chaîne,,,,,,,,,,,1,1,1,1.0,4
201200001268,0012-10-07 16:15:00,12,10,7,16,15,290,105,"Lieu-dit ""Kerver""",48.52134,-4.05886,Plein jour,En agglomération,Intersection en T,Pluie légère,Deux véhicules - côté,,,,,,,,,,,1,2,3,2.0,3
201200001269,0012-11-13 18:30:00,12,11,13,18,30,290,163,,48.52923,-3.88947,Nuit sans éclairage public,Hors agglomération,Hors intersection,Normale,Deux véhicules - côté,,,,,,,,,,,3,1,1,1.0,3
201200001270,0012-03-25 18:45:00,12,3,25,18,45,290,184,,48.64505,-3.95549,Plein jour,Hors agglomération,Hors intersection,Temps éblouissant,Deux véhicules - côté,,,,,,,,,,,1,1,1,7.0,3
201200001271,0012-04-16 18:00:00,12,4,16,18,0,290,192,,48.65077,-4.03889,Plein jour,Hors agglomération,Hors intersection,Normale,Deux véhicules - frontale,,,,,,,,,,,1,1,1,1.0,1
201200001272,0012-05-06 16:00:00,12,5,6,16,0,290,206,,48.61582,-4.15631,Plein jour,Hors agglomération,Hors intersection,Normale,Trois véhicules et plus - collisions multiples,,,,,,,,,,,1,1,1,1.0,5
201200001273,0012-06-01 18:00:00,12,6,1,18,0,290,30,rue de pont Jégu,48.6609,-4.09889,Plein jour,En agglomération,Intersection en X,Normale,Deux véhicules - frontale,,,,,,,,,,,1,2,2,1.0,1
201200001274,0012-07-01 03:00:00,12,7,1,3,0,290,271,,48.60584,-4.11983,Nuit sans éclairage public,Hors agglomération,Hors intersection,Normale,Autre collision,,,,,,,,,,,3,1,1,1.0,6
201200001275,0012-07-23 08:30:00,12,7,23,8,30,290,184,,48.64553,-3.95632,Plein jour,Hors agglomération,Hors intersection,Normale,Deux véhicules - frontale,,,,,,,,,,,1,1,1,1.0,1
201200001276,0012-07-22 17:00:00,12,7,22,17,0,290,271,,48.6036,-4.14032,Plein jour,Hors agglomération,Hors intersection,Normale,Deux véhicules - côté,,,,,,,,,,,1,1,1,1.0,3
201200001277,0012-10-13 15:15:00,12,10,13,15,15,290,259,,48.65141,-3.9617,Plein jour,Hors agglomération,Hors intersection,Normale,Autre collision,,,,,,,,,,,1,1,1,1.0,6
201200001278,0012-11-15 20:30:00,12,11,15,20,30,290,185,,48.66697,-4.19387,Nuit sans éclairage public,Hors agglomération,Hors intersection,Brouillard / fumée,Autre collision,,,,,,,,,,,3,1,1,5.0,6
201200001279,0012-12-10 08:15:00,12,12,10,8,15,290,259,,48.63394,-3.9824,Crépuscule ou aube,Hors agglomération,Hors intersection,Normale,Deux véhicules - côté,,,,,,,,,,,2,1,1,1.0,3
201200001280,0012-01-31 11:30:00,12,1,31,11,30,560,164,,47.64813,-2.87207,Plein jour,Hors agglomération,Hors intersection,Temps couvert,Sans collision,,,,,,,,,,,1,1,1,8.0,7
201200001281,0012-04-01 18:00:00,12,4,1,18,0,560,157,,,,Plein jour,Hors agglomération,Hors intersection,Normale,Deux véhicules - frontale,,,,,,,,,,,1,1,1,1.0,1
201200001282,0012-06-09 16:15:00,12,6,9,16,15,560,8,,,,Plein jour,Hors agglomération,Hors intersection,Normale,Deux véhicules - côté,,,,,,,,,,,1,1,1,1.0,3
201200001283,0012-06-18 16:00:00,12,6,18,16,0,560,3,,,,Plein jour,Hors agglomération,Hors intersection,Normale,Deux véhicules - frontale,,,,,,,,,,,1,1,1,1.0,1
201200001284,0012-07-31 17:15:00,12,7,31,17,15,560,206,,47.67051,-2.73482,Plein jour,Hors agglomération,Hors intersection,Normale,Deux véhicules - frontale,,,,,,,,,,,1,1,1,1.0,1
201200001285,0012-08-09 20:30:00,12,8,9,20,30,560,3,,,,Plein jour,Hors agglomération,Hors intersection,Normale,Deux véhicules - frontale,,,,,,,,,,,1,1,1,1.0,1
201200001286,0012-08-30 19:00:00,12,8,30,19,0,560,3,,,,Plein jour,Hors agglomération,Hors intersection,Normale,Deux véhicules - frontale,,,,,,,,,,,1,1,1,1.0,1
201200001287,0012-09-26 10:45:00,12,9,26,10,45,560,158,,,,Plein jour,Hors agglomération,Hors intersection,Pluie légère,Sans collision,,,,,,,,,,,1,1,1,2.0,7
201200001288,0012-09-30 09:45:00,12,9,30,9,45,560,67,,,,Plein jour,Hors agglomération,Hors intersection,Temps éblouissant,Deux véhicules - arrière,,,,,,,,,,,1,1,1,7.0,2
201200001289,0012-09-30 18:00:00,12,9,30,18,0,560,3,,,,Plein jour,Hors agglomération,Hors intersection,Normale,Deux véhicules - côté,,,,,,,,,,,1,1,1,1.0,3
201200001290,0012-10-06 22:00:00,12,10,6,22,0,560,158,,,,Nuit sans éclairage public,Hors agglomération,Hors intersection,Pluie légère,Deux véhicules - frontale,,,,,,,,,,,3,1,1,2.0,1
201200001291,0012-10-08 00:45:00,12,10,8,0,45,560,42,Avenue de la princesse,47.81798,-2.80879,Nuit sans éclairage public,En agglomération,Hors intersection,Pluie légère,Autre collision,,,,,,,,,,,3,2,1,2.0,6
201200001292,0012-12-04 18:45:00,12,12,4,18,45,560,67,,47.73501,-2.83565,Nuit sans éclairage public,Hors agglomération,Hors intersection,Normale,Deux véhicules - frontale,,,,,,,,,,,3,1,1,1.0,1
201200001293,0012-12-19 12:30:00,12,12,19,12,30,560,158,74 ave du gle de gaulle,47.69893,-2.80578,Plein jour,En agglomération,Hors intersection,Pluie légère,Autre collision,,,,,,,,,,,1,2,1,2.0,6
201200001294,0012-03-13 18:00:00,12,3,13,18,0,560,194,,47.61461,-2.12156,Plein jour,Hors agglomération,Hors intersection,Temps éblouissant,Deux véhicules - frontale,,,,,,,,,,,1,1,1,7.0,1
201200001295,0012-04-20 16:00:00,12,4,20,16,0,560,154,,47.71781,-2.21873,Plein jour,Hors agglomération,Hors intersection,Pluie légère,Deux véhicules - frontale,,,,,,,,,,,1,1,1,2.0,1
201200001296,0012-04-30 18:00:00,12,4,30,18,0,560,33,,47.81218,-2.1863,Plein jour,Hors agglomération,Hors intersection,Normale,Sans collision,,,,,,,,,,,1,1,1,1.0,7
201200001297,0012-05-09 07:00:00,12,5,9,7,0,560,194,,47.60245,-2.138,Plein jour,Hors agglomération,Hors intersection,Pluie légère,Deux véhicules - frontale,,,,,,,,,,,1,1,1,2.0,1
201200001298,0012-05-26 19:00:00,12,5,26,19,0,560,229,,,,Plein jour,Hors agglomération,Hors intersection,Normale,Sans collision,,,,,,,,,,,1,1,1,1.0,7
201200001299,0012-06-16 17:45:00,12,6,16,17,45,560,154,,,,Plein jour,Hors agglomération,Hors intersection,Normale,Sans collision,,,,,,,,,,,1,1,1,1.0,7
201200001300,0012-08-19 08:15:00,12,8,19,8,15,560,38,,47.7845,-2.12012,Plein jour,Hors agglomération,Hors intersection,Normale,Autre collision,,,,,,,,,,,1,1,1,1.0,6
201200001301,0012-10-10 14:00:00,12,10,10,14,0,560,253,,,,Plein jour,Hors agglomération,Intersection en X,Normale,Deux véhicules - côté,,,,,,,,,,,1,1,2,1.0,3
201200001302,0012-10-13 01:30:00,12,10,13,1,30,560,223,,47.65279,-2.12581,Nuit sans éclairage public,Hors agglomération,Hors intersection,Pluie légère,Autre collision,,,,,,,,,,,3,1,1,2.0,6
201200001303,0012-11-11 07:45:00,12,11,11,7,45,560,221,,,,Crépuscule ou aube,Hors agglomération,Hors intersection,Normale,Deux véhicules - côté,,,,,,,,,,,2,1,1,1.0,3
201200001304,0012-01-07 15:30:00,12,1,7,15,30,560,153,,,,Plein jour,Hors agglomération,Hors intersection,Normale,Deux véhicules - frontale,,,,,,,,,,,1,1,1,1.0,1
201200001305,0012-01-15 06:45:00,12,1,15,6,45,560,58,,,,Nuit sans éclairage public,Hors agglomération,Hors intersection,Normale,Autre collision,,,,,,,,,,,3,1,1,1.0,6
201200001306,0012-03-01 14:30:00,12,3,1,14,30,560,77,,,,Plein jour,Hors agglomération,Intersection en X,Normale,Deux véhicules - côté,,,,,,,,,,,1,1,2,1.0,3
201200001307,0012-03-12 18:30:00,12,3,12,18,30,560,153,,,,Plein jour,Hors agglomération,Hors intersection,Normale,Deux véhicules - côté,,,,,,,,,,,1,1,1,1.0,3
201200001308,0012-05-25 01:30:00,12,5,25,1,30,560,147,,47.51678,-2.29613,Nuit avec éclairage non allumé,Hors agglomération,Hors intersection,Normale,Autre collision,,,,,,,,,,,4,1,1,1.0,6
201200001309,0012-06-27 18:00:00,12,6,27,18,0,560,143,,,,Plein jour,Hors agglomération,Hors intersection,Normale,Deux véhicules - côté,,,,,,,,,,,1,1,1,1.0,3
201200001310,0012-04-13 21:00:00,12,4,13,21,0,560,171,,,,Plein jour,Hors agglomération,Hors intersection,Pluie légère,Deux véhicules - côté,,,,,,,,,,,1,1,1,2.0,3
201200001311,0012-05-08 04:15:00,12,5,8,4,15,560,159,,,,Nuit sans éclairage public,Hors agglomération,Hors intersection,Normale,Sans collision,,,,,,,,,,,3,1,1,1.0,7