accident_id,datetime,annee,mois,jour,heure,minute,departement,commune_insee,adresse,latitude,longitude,luminosite,agglomeration,intersection,meteo,collision,nb_vehicules,nb_usagers,nb_indemnes,nb_tues,nb_blesses_hosp,nb_blesses_legers,age_cond_1,age_cond_2,veh_type_cond_1,veh_type_cond_2,lum_code,agg_code,int_code,atm_code,col_code
201200001312,0012-05-27 19:15:00,12,5,27,19,15,560,137,,47.74133,-2.71734,Plein jour,Hors agglomération,Hors intersection,Normale,Deux véhicules - côté,,,,,,,,,,,1,1,1,1.0,3
201200001313,0012-08-14 15:30:00,12,8,14,15,30,560,255,,,,Plein jour,Hors agglomération,Hors intersection,Normale,Deux véhicules - côté,,,,,,,,,,,1,1,1,1.0,3
201200001314,0012-09-20 20:30:00,12,9,20,20,30,560,53,,47.72216,-2.55244,Crépuscule ou aube,Hors agglomération,Hors intersection,Normale,Sans collision,,,,,,,,,,,2,1,1,1.0,7
201200001315,0012-09-26 19:00:00,12,9,26,19,0,560,135,,,,Plein jour,Hors agglomération,Intersection en X,Normale,Trois véhicules et plus - collisions multiples,,,,,,,,,,,1,1,2,1.0,5
201200001316,0012-10-14 18:15:00,12,10,14,18,15,560,184,rue des ecottais,47.66161,-2.46711,Plein jour,En agglomération,Hors intersection,Normale,Deux véhicules - côté,,,,,,,,,,,1,2,1,1.0,3
201200001317,0012-12-05 16:45:00,12,12,5,16,45,560,135,,,,Crépuscule ou aube,Hors agglomération,Hors intersection,Normale,Deux véhicules - côté,,,,,,,,,,,2,1,1,1.0,3
201200001318,0012-12-26 18:45:00,12,12,26,18,45,560,123,Intersection CD21/CD153,,,Nuit avec éclairage allumé,En agglomération,Hors intersection,Normale,Deux véhicules - côté,,,,,,,,,,,5,2,1,1.0,3
201200001319,0012-03-26 00:30:00,12,3,26,0,30,560,23,,,,Nuit avec éclairage allumé,Hors agglomération,Hors intersection,Normale,Autre collision,,,,,,,,,,,5,1,1,1.0,6
201200001320,0012-04-12 16:45:00,12,4,12,16,45,560,23,,,,Plein jour,Hors agglomération,Hors intersection,Normale,Deux véhicules - arrière,,,,,,,,,,,1,1,1,1.0,2
201200001321,0012-05-06 09:45:00,12,5,6,9,45,560,7,,47.67271,-2.99242,Plein jour,En agglomération,Hors intersection,Normale,Deux véhicules - côté,,,,,,,,,,,1,2,1,1.0,3
201200001322,0012-06-30 13:15:00,12,6,30,13,15,560,7,Avenue John Kennedy,47.67075,-2.98131,Plein jour,En agglomération,Intersection en T,Normale,Deux véhicules - côté,,,,,,,,,,,1,2,3,1.0,3
201200001323,0012-07-19 20:15:00,12,7,19,20,15,560,23,touchignanet,47.68289,-3.01804,Crépuscule ou aube,En agglomération,Hors intersection,Normale,Autre collision,,,,,,,,,,,2,2,1,1.0,6
201200001324,0012-08-24 20:30:00,12,8,24,20,30,560,7,avecnue generale de gaul,47.67199,-2.99187,Crépuscule ou aube,En agglomération,Hors intersection,Normale,Autre collision,,,,,,,,,,,2,2,1,1.0,6
201200001325,0012-09-07 20:30:00,12,9,7,20,30,560,23,,,,Plein jour,Hors agglomération,Intersection en T,Normale,Deux véhicules - côté,,,,,,,,,,,1,1,3,1.0,3
201200001326,0012-09-08 14:45:00,12,9,8,14,45,560,176,,,,Plein jour,Hors agglomération,Hors intersection,Normale,Deux véhicules - côté,,,,,,,,,,,1,1,1,1.0,3
201200001327,0012-12-20 07:30:00,12,12,20,7,30,560,46,,47.63456,-3.0154,Nuit sans éclairage public,Hors agglomération,Hors intersection,Pluie légère,Deux véhicules - frontale,,,,,,,,,,,3,1,1,2.0,1
201200001328,0012-12-21 17:45:00,12,12,21,17,45,560,7,,47.66011,-2.96506,Nuit sans éclairage public,Hors agglomération,Intersection en X,Normale,Trois véhicules et plus - collisions multiples,,,,,,,,,,,3,1,2,1.0,5
201200001329,0012-01-05 11:45:00,12,1,5,11,45,560,241,,,,Plein jour,Hors agglomération,Hors intersection,Normale,Deux véhicules - frontale,,,,,,,,,,,1,1,1,1.0,1
201200001330,0012-08-07 18:15:00,12,8,7,18,15,560,152,,47.32512,-3.14423,Plein jour,Hors agglomération,Hors intersection,Normale,Deux véhicules - frontale,,,,,,,,,,,1,1,1,1.0,1
201200001331,0012-01-01 14:15:00,12,1,1,14,15,560,258,rue des resistants,47.59293,-3.0248,Plein jour,En agglomération,Hors intersection,Pluie légère,Deux véhicules - côté,,,,,,,,,,,1,2,1,2.0,3
201200001332,0012-01-09 19:30:00,12,1,9,19,30,560,34,rond-point des salines,47.57666,-3.07809,Nuit avec éclairage allumé,En agglomération,Giratoire,Normale,Deux véhicules - côté,,,,,,,,,,,5,2,6,1.0,3
201200001333,0012-03-24 16:45:00,12,3,24,16,45,560,116,VOIE DES MEGALITHES,47.57094,-2.94813,Plein jour,En agglomération,Hors intersection,Normale,Deux véhicules - frontale,,,,,,,,,,,1,2,1,1.0,1
201200001334,0012-04-26 23:15:00,12,4,26,23,15,560,168,,,,Nuit sans éclairage public,Hors agglomération,Hors intersection,Normale,Deux véhicules - frontale,,,,,,,,,,,3,1,1,1.0,1
201200001335,0012-05-28 15:00:00,12,5,28,15,0,560,234,46 avenue des Druides,,,Plein jour,En agglomération,Hors intersection,Normale,Deux véhicules - côté,,,,,,,,,,,1,2,1,1.0,3
201200001336,0012-06-28 16:00:00,12,6,28,16,0,560,34,,,,Plein jour,En agglomération,Intersection en T,Normale,Deux véhicules - côté,,,,,,,,,,,1,2,3,1.0,3
201200001337,0012-07-20 12:00:00,12,7,20,12,0,560,168,,,,Plein jour,Hors agglomération,Hors intersection,Normale,Deux véhicules - côté,,,,,,,,,,,1,1,1,1.0,3
201200001338,0012-09-10 11:00:00,12,9,10,11,0,560,168,rue de l'ocean,47.59864,-3.11241,Plein jour,En agglomération,Hors intersection,Normale,Autre collision,,,,,,,,,,,1,2,1,1.0,6
201200001339,0012-11-19 15:30:00,12,11,19,15,30,560,168,33 Avenue de l'Ocean,,,Plein jour,En agglomération,Hors intersection,Normale,Autre collision,,,,,,,,,,,1,2,1,1.0,6
201200001340,0012-02-25 17:30:00,12,2,25,17,30,560,69,,47.63595,-3.45722,Plein jour,Hors agglomération,Hors intersection,Normale,Autre collision,,,,,,,,,,,1,1,1,1.0,6
201200001341,0012-06-16 21:30:00,12,6,16,21,30,560,69,rue du General De Gaulle,47.6416,-3.45249,Plein jour,En agglomération,Hors intersection,Normale,Deux véhicules - frontale,,,,,,,,,,,1,2,1,1.0,1
201200001342,0012-03-08 18:15:00,12,3,8,18,15,560,166,,,,Plein jour,Hors agglomération,Hors intersection,Normale,Sans collision,,,,,,,,,,,1,1,1,1.0,7
201200001343,0012-03-27 02:30:00,12,3,27,2,30,560,188,,,,Nuit sans éclairage public,Hors agglomération,Hors intersection,Normale,Sans collision,,,,,,,,,,,3,1,1,1.0,7
201200001344,0012-05-30 14:00:00,12,5,30,14,0,560,78,,,,Plein jour,Hors agglomération,Hors intersection,Normale,Sans collision,,,,,,,,,,,1,1,1,1.0,7
201200001345,0012-06-16 23:30:00,12,6,16,23,30,560,179,rue du KERDUAL,47.82742,-3.40104,Nuit sans éclairage public,En agglomération,Hors intersection,Normale,Autre collision,,,,,,,,,,,3,2,1,1.0,6
201200001346,0012-07-21 12:00:00,12,7,21,12,0,560,36,,,,Plein jour,Hors agglomération,Hors intersection,Normale,Deux véhicules - arrière,,,,,,,,,,,1,1,1,1.0,2
201200001347,0012-08-24 11:45:00,12,8,24,11,45,560,89,,47.95033,-3.22597,Plein jour,Hors agglomération,Hors intersection,Vent fort / tempête,Deux véhicules - frontale,,,,,,,,,,,1,1,1,6.0,1
201200001348,0012-08-26 09:45:00,12,8,26,9,45,560,78,,47.80523,-3.5036,Plein jour,Hors agglomération,Hors intersection,Normale,Deux véhicules - côté,,,,,,,,,,,1,1,1,1.0,3
201200001349,0012-10-24 18:30:00,12,10,24,18,30,560,185,,47.78077,-3.4414,Plein jour,Hors agglomération,Hors intersection,Normale,Deux véhicules - côté,,,,,,,,,,,1,1,1,1.0,3
201200001350,0012-04-17 15:30:00,12,4,17,15,30,560,55,rue du presbytere,47.6574,-3.1997,Plein jour,En agglomération,Hors intersection,Normale,Autre collision,,,,,,,,,,,1,2,1,1.0,6
201200001351,0012-05-17 15:00:00,12,5,17,15,0,560,54,30 rue des Menhirs,,,Plein jour,En agglomération,Hors intersection,Normale,Deux véhicules - arrière,,,,,,,,,,,1,2,1,1.0,2
201200001352,0012-06-07 14:30:00,12,6,7,14,30,560,54,rue tenat er velin,47.64162,-3.15257,Plein jour,En agglomération,Hors intersection,Normale,Deux véhicules - frontale,,,,,,,,,,,1,2,1,1.0,1
201200001353,0012-07-05 12:45:00,12,7,5,12,45,560,119,,47.68005,-3.11934,Plein jour,Hors agglomération,Hors intersection,Normale,Deux véhicules - côté,,,,,,,,,,,1,1,1,1.0,3
201200001354,0012-07-16 16:00:00,12,7,16,16,0,560,13,,,,Plein jour,Hors agglomération,Hors intersection,Normale,Deux véhicules - frontale,,,,,,,,,,,1,1,1,1.0,1
201200001355,0012-08-01 12:15:00,12,8,1,12,15,560,54,Rue des menhirs,47.64035,-3.15476,Plein jour,En agglomération,Hors intersection,Normale,Deux véhicules - arrière,,,,,,,,,,,1,2,1,1.0,2
201200001356,0012-08-06 21:45:00,12,8,6,21,45,560,118,,,,Crépuscule ou aube,Hors agglomération,Hors intersection,Normale,Trois véhicules et plus - collisions multiples,,,,,,,,,,,2,1,1,1.0,5
201200001357,0012-08-07 09:45:00,12,8,7,9,45,560,62,25 rue des sardiniers,47.69738,-3.35194,Plein jour,En agglomération,Hors intersection,Normale,Sans collision,,,,,,,,,,,1,2,1,1.0,7
201200001358,0012-08-21 13:45:00,12,8,21,13,45,560,161,,47.66714,-3.05502,Plein jour,Hors agglomération,Hors intersection,Temps éblouissant,Deux véhicules - frontale,,,,,,,,,,,1,1,1,7.0,1
201200001359,0012-08-21 18:15:00,12,8,21,18,15,560,130,,,,Plein jour,Hors agglomération,Giratoire,Normale,Deux véhicules - côté,,,,,,,,,,,1,1,6,1.0,3
201200001360,0012-08-26 14:30:00,12,8,26,14,30,560,169,61 rue du Driasker,,,Plein jour,En agglomération,Hors intersection,Normale,Deux véhicules - côté,,,,,,,,,,,1,2,1,1.0,3
201200001361,0012-01-17 16:30:00,12,1,17,16,30,560,122,Intersection D157 - D129,,,Plein jour,En agglomération,Intersection en X,Normale,Deux véhicules - côté,,,,,,,,,,,1,2,2,1.0,3
201200001362,0012-01-18 05:00:00,12,1,18,5,0,560,35,,47.84368,-2.32354,Nuit sans éclairage public,Hors agglomération,Hors intersection,Autre,Autre collision,,,,,,,,,,,3,1,1,9.0,6
201200001363,0012-05-14 11:30:00,12,5,14,11,30,560,129,,,,Plein jour,Hors agglomération,Hors intersection,Normale,Deux véhicules - frontale,,,,,,,,,,,1,1,1,1.0,1
201200001364,0012-05-21 04:45:00,12,5,21,4,45,560,165,,,,Nuit sans éclairage public,Hors agglomération,Autre intersection,Temps couvert,Deux véhicules - frontale,,,,,,,,,,,3,1,9,8.0,1
201200001365,0012-05-26 09:30:00,12,5,26,9,30,560,129,,,,Plein jour,Hors agglomération,Hors intersection,Normale,Deux véhicules - côté,,,,,,,,,,,1,1,1,1.0,3
201200001366,0012-07-01 14:15:00,12,7,1,14,15,560,32,,,,Plein jour,Hors agglomération,Hors intersection,Normale,Autre collision,,,,,,,,,,,1,1,1,1.0,6
201200001367,0012-07-31 21:15:00,12,7,31,21,15,560,202,,,,Plein jour,Hors agglomération,Hors intersection,Temps éblouissant,Deux véhicules - frontale,,,,,,,,,,,1,1,1,7.0,1
201200001368,0012-12-03 18:00:00,12,12,3,18,0,560,165,Boulevard Laennec,47.93233,-2.39121,Nuit avec éclairage allumé,En agglomération,Hors intersection,Pluie forte,Deux véhicules - frontale,,,,,,,,,,,5,2,1,3.0,1
201200001369,0012-02-25 23:45:00,12,2,25,23,45,560,12,,47.96935,-2.18156,Nuit avec éclairage non allumé,Hors agglomération,Hors intersection,Normale,Sans collision,,,,,,,,,,,4,1,1,1.0,7
201200001370,0012-02-26 01:15:00,12,2,26,1,15,560,180,,,,Nuit sans éclairage public,Hors agglomération,Hors intersection,Normale,Autre collision,,,,,,,,,,,3,1,1,1.0,6
201200001371,0012-03-07 20:45:00,12,3,7,20,45,560,244,,47.82857,-2.5061,Crépuscule ou aube,Hors agglomération,Hors intersection,Normale,Autre collision,,,,,,,,,,,2,1,1,1.0,6
201200001372,0012-05-27 17:30:00,12,5,27,17,30,560,6,,47.93312,-2.22947,Plein jour,Hors agglomération,Hors intersection,Normale,Sans collision,,,,,,,,,,,1,1,1,1.0,7
201200001373,0012-06-29 10:00:00,12,6,29,10,0,560,124,place Jean Queinnec,47.81017,-2.38376,Plein jour,En agglomération,Hors intersection,Normale,Autre collision,,,,,,,,,,,1,2,1,1.0,6
201200001374,0012-11-09 01:45:00,12,11,9,1,45,560,219,,,,Nuit sans éclairage public,Hors agglomération,Hors intersection,Temps couvert,Deux véhicules - côté,,,,,,,,,,,3,1,1,8.0,3
201200001375,0012-01-07 12:15:00,12,1,7,12,15,560,190,,,,Plein jour,Hors agglomération,Hors intersection,Normale,Sans collision,,,,,,,,,,,1,1,1,1.0,7
201200001376,0012-01-20 19:15:00,12,1,20,19,15,560,70,,,,Nuit sans éclairage public,Hors agglomération,Hors intersection,Normale,Deux véhicules - arrière,,,,,,,,,,,3,1,1,1.0,2
201200001377,0012-02-29 09:00:00,12,2,29,9,0,560,160,,,,Plein jour,Hors agglomération,Hors intersection,Brouillard / fumée,Deux véhicules - côté,,,,,,,,,,,1,1,1,5.0,3
201200001378,0012-03-20 15:15:00,12,3,20,15,15,560,70,,,,Plein jour,Hors agglomération,Hors intersection,Normale,Deux véhicules - frontale,,,,,,,,,,,1,1,1,1.0,1
201200001379,0012-05-09 18:00:00,12,5,9,18,0,560,204,rue du calvaire,,,Plein jour,En agglomération,Hors intersection,Pluie légère,Deux véhicules - côté,,,,,,,,,,,1,2,1,2.0,3
201200001380,0012-05-12 16:45:00,12,5,12,16,45,560,71,,,,Plein jour,Hors agglomération,Hors intersection,Normale,Deux véhicules - côté,,,,,,,,,,,1,1,1,1.0,3
201200001381,0012-06-16 12:45:00,12,6,16,12,45,560,91,50 rue saint Jacques,47.95844,-2.54617,Plein jour,En agglomération,Hors intersection,Normale,Deux véhicules - frontale,,,,,,,,,,,1,2,1,1.0,1
201200001382,0012-07-13 06:00:00,12,7,13,6,0,560,17,,,,Crépuscule ou aube,Hors agglomération,Hors intersection,Normale,Sans collision,,,,,,,,,,,2,1,1,1.0,7
201200001383,0012-10-12 08:15:00,12,10,12,8,15,560,24,,48.06091,-2.71235,Plein jour,Hors agglomération,Hors intersection,Normale,Autre collision,,,,,,,,,,,1,1,1,1.0,6
201200001384,0012-11-10 19:15:00,12,11,10,19,15,560,17,,,,Nuit sans éclairage public,Hors agglomération,Hors intersection,Normale,Deux véhicules - frontale,,,,,,,,,,,3,1,1,1.0,1
201200001385,0012-11-21 23:15:00,12,11,21,23,15,560,17,,47.87421,-2.80472,Nuit sans éclairage public,Hors agglomération,Hors intersection,Normale,Sans collision,,,,,,,,,,,3,1,1,1.0,7
201200001386,0012-12-12 16:30:00,12,12,12,16,30,560,102,,,,Crépuscule ou aube,Hors agglomération,Hors intersection,Pluie légère,Deux véhicules - frontale,,,,,,,,,,,2,1,1,2.0,1
201200001387,0012-01-26 17:45:00,12,1,26,17,45,560,151,,,,Nuit sans éclairage public,Hors agglomération,Hors intersection,Normale,Deux véhicules - côté,,,,,,,,,,,3,1,1,1.0,3
201200001388,0012-01-27 18:30:00,12,1,27,18,30,560,113,,,,Nuit sans éclairage public,Hors agglomération,Hors intersection,Normale,Autre collision,,,,,,,,,,,3,1,1,1.0,6
201200001389,0012-02-02 08:15:00,12,2,2,8,15,560,246,,48.04967,-2.96223,Crépuscule ou aube,Hors agglomération,Hors intersection,Normale,Deux véhicules - côté,,,,,,,,,,,2,1,1,1.0,3
201200001390,0012-02-27 07:45:00,12,2,27,7,45,560,178,,48.06797,-2.96388,Plein jour,En agglomération,Hors intersection,Normale,Autre collision,,,,,,,,,,,1,2,1,1.0,6
201200001391,0012-02-29 14:45:00,12,2,29,14,45,560,178,rue Leon GAMBETTA,48.06205,-2.96718,Plein jour,En agglomération,Hors intersection,Temps éblouissant,Autre collision,,,,,,,,,,,1,2,1,7.0,6
201200001392,0012-03-12 14:15:00,12,3,12,14,15,560,178,,,,Plein jour,Hors agglomération,Hors intersection,Pluie légère,Deux véhicules - frontale,,,,,,,,,,,1,1,1,2.0,1
201200001393,0012-03-15 07:30:00,12,3,15,7,30,560,92,,,,Crépuscule ou aube,Hors agglomération,Hors intersection,Brouillard / fumée,Deux véhicules - arrière,,,,,,,,,,,2,1,1,5.0,2
201200001394,0012-03-19 08:45:00,12,3,19,8,45,560,178,rue Albert de Mun,,,Plein jour,En agglomération,Autre intersection,Temps éblouissant,Autre collision,,,,,,,,,,,1,2,9,7.0,6
201200001395,0012-03-30 17:15:00,12,3,30,17,15,560,237,48 rue des freres LE DRO,48.01991,-2.94423,Plein jour,En agglomération,Autre intersection,Temps éblouissant,Deux véhicules - frontale,,,,,,,,,,,1,2,9,7.0,1
201200001396,0012-03-30 21:00:00,12,3,30,21,0,560,151,16 rue du presbytere,48.08225,-3.05243,Nuit avec éclairage allumé,En agglomération,Hors intersection,Normale,Autre collision,,,,,,,,,,,5,2,1,1.0,6
201200001397,0012-04-02 15:15:00,12,4,2,15,15,560,163,,48.14909,-3.3035,Plein jour,Hors agglomération,Hors intersection,Normale,Sans collision,,,,,,,,,,,1,1,1,1.0,7
201200001398,0012-05-26 11:00:00,12,5,26,11,0,560,73,,,,Plein jour,Hors agglomération,Hors intersection,Normale,Autre collision,,,,,,,,,,,1,1,1,1.0,6
201200001399,0012-05-29 16:30:00,12,5,29,16,30,560,151,,,,Plein jour,Hors agglomération,Hors intersection,Normale,Autre collision,,,,,,,,,,,1,1,1,1.0,6
201200001400,0012-06-25 16:15:00,12,6,25,16,15,560,151,,,,Plein jour,Hors agglomération,Hors intersection,Pluie légère,Deux véhicules - arrière,,,,,,,,,,,1,1,1,2.0,2
201200001401,0012-07-02 22:00:00,12,7,2,22,0,560,178,14 rue Jean Jaures,48.05778,-2.96919,Crépuscule ou aube,En agglomération,Hors intersection,Normale,Sans collision,,,,,,,,,,,2,2,1,1.0,7
201200001402,0012-07-08 08:00:00,12,7,8,8,0,560,41,,,,Plein jour,Hors agglomération,Hors intersection,Normale,Deux véhicules - arrière,,,,,,,,,,,1,1,1,1.0,2
201200001403,0012-08-24 18:15:00,12,8,24,18,15,560,41,,,,Plein jour,Hors agglomération,Hors intersection,Normale,Deux véhicules - côté,,,,,,,,,,,1,1,1,1.0,3
201200001404,0012-09-04 18:45:00,12,9,4,18,45,560,146,,48.10062,-2.98048,Plein jour,Hors agglomération,Hors intersection,Normale,Autre collision,,,,,,,,,,,1,1,1,1.0,6
201200001405,0012-09-10 08:45:00,12,9,10,8,45,560,178,RUE Quinivet,48.06905,-2.97144,Plein jour,En agglomération,Giratoire,Pluie légère,Deux véhicules - côté,,,,,,,,,,,1,2,6,2.0,3
201200001406,0012-09-12 14:45:00,12,9,12,14,45,560,178,quai des recollets,48.07381,-2.96343,Plein jour,En agglomération,Hors intersection,Normale,Deux véhicules - arrière,,,,,,,,,,,1,2,1,1.0,2
201200001407,0012-10-17 11:30:00,12,10,17,11,30,560,213,,,,Plein jour,Hors agglomération,Hors intersection,Normale,Sans collision,,,,,,,,,,,1,1,1,1.0,7
201200001408,0012-11-04 14:30:00,12,11,4,14,30,560,203,LE CORBOULO,,,Plein jour,En agglomération,Hors intersection,Normale,Deux véhicules - côté,,,,,,,,,,,1,2,1,1.0,3
201200001409,0012-11-07 17:45:00,12,11,7,17,45,560,41,,,,Nuit sans éclairage public,Hors agglomération,Hors intersection,Normale,Trois véhicules et plus - collisions multiples,,,,,,,,,,,3,1,1,1.0,5
201200001410,0012-12-13 15:15:00,12,12,13,15,15,560,41,,,,Plein jour,Hors agglomération,Hors intersection,Brouillard / fumée,Deux véhicules - côté,,,,,,,,,,,1,1,1,5.0,3
201200001411,0012-01-07 11:30:00,12,1,7,11,30,560,117,Place de la Mayette,47.88692,-2.83557,Plein jour,En agglomération,Hors intersection,Normale,Autre collision,,,,,,,,,,,1,2,1,1.0,6
201200001412,0012-01-28 02:30:00,12,1,28,2,30,560,141,,,,Nuit sans éclairage public,Hors agglomération,Hors intersection,Normale,Deux véhicules - frontale,,,,,,,,,,,3,1,1,1.0,1
201200001413,0012-05-09 11:00:00,12,5,9,11,0,560,117,CD 16 - PK 28,,,Plein jour,En agglomération,Giratoire,Pluie légère,Deux véhicules - côté,,,,,,,,,,,1,2,6,2.0,3
201200001414,0012-05-26 11:00:00,12,5,26,11,0,560,10,10 rue de PONTIVY,47.87616,-3.01927,Plein jour,En agglomération,Hors intersection,Normale,Autre collision,,,,,,,,,,,1,2,1,1.0,6
201200001415,0012-06-06 12:30:00,12,6,6,12,30,560,173,,,,Plein jour,Hors agglomération,Hors intersection,Normale,Autre collision,,,,,,,,,,,1,1,1,1.0,6
201200001416,0012-07-05 09:45:00,12,7,5,9,45,560,207,place de l'eglise,47.92654,-3.04439,Plein jour,En agglomération,Place,Temps couvert,Autre collision,,,,,,,,,,,1,2,7,8.0,6
201200001417,0012-09-02 08:15:00,12,9,2,8,15,560,140,,,,Plein jour,Hors agglomération,Hors intersection,Normale,Autre collision,,,,,,,,,,,1,1,1,1.0,6
201200001418,0012-09-23 09:45:00,12,9,23,9,45,560,140,,,,Plein jour,Hors agglomération,Hors intersection,Pluie légère,Deux véhicules - frontale,,,,,,,,,,,1,1,1,2.0,1
201200001419,0012-04-08 14:15:00,12,4,8,14,15,560,131,,,,Plein jour,Hors agglomération,Hors intersection,Temps couvert,Deux véhicules - arrière,,,,,,,,,,,1,1,1,8.0,2
201200001420,0012-04-11 14:00:00,12,4,11,14,0,560,66,Rue de la LIberation,,,Plein jour,En agglomération,Hors intersection,Temps couvert,Deux véhicules - côté,,,,,,,,,,,1,2,1,8.0,3
201200001421,0012-05-29 18:15:00,12,5,29,18,15,560,199,,48.1107,-3.7143,Plein jour,Hors agglomération,Hors intersection,Normale,Deux véhicules - frontale,,,,,,,,,,,1,1,1,1.0,1
201200001422,0012-09-01 09:15:00,12,9,1,9,15,560,131,,,,Plein jour,Hors agglomération,Hors intersection,Normale,Deux véhicules - côté,,,,,,,,,,,1,1,1,1.0,3
201200001423,0012-09-14 22:15:00,12,9,14,22,15,560,170,,48.1577,-3.37779,Nuit sans éclairage public,Hors agglomération,Hors intersection,Normale,Deux véhicules - frontale,,,,,,,,,,,3,1,1,1.0,1
201200001424,0012-11-21 12:15:00,12,11,21,12,15,560,57,25 Rue Poher LE FAOUET,,,Plein jour,En agglomération,Hors intersection,Normale,Deux véhicules - côté,,,,,,,,,,,1,2,1,1.0,3
201200001425,0012-01-27 16:15:00,12,1,27,16,15,140,354,"3, RUE DES TROIS GR CES",49.3181,-0.37395,Plein jour,En agglomération,Intersection en T,Normale,Autre collision,,,,,,,,,,,1,2,3,1.0,6
201200001426,0012-05-20 02:45:00,12,5,20,2,45,140,228,AVENUE DE LA BASILIQUE,49.2988,-0.37256,Nuit avec éclairage allumé,En agglomération,Hors intersection,Pluie légère,Deux véhicules - frontale,,,,,,,,,,,5,2,1,2.0,1
201200001427,0012-06-26 01:00:00,12,6,26,1,0,140,228,,49.3138,-0.40427,Nuit sans éclairage public,Hors agglomération,Hors intersection,Pluie forte,Autre collision,,,,,,,,,,,3,1,1,3.0,6
201200001428,0012-08-12 16:00:00,12,8,12,16,0,140,228,,49.2846,-0.3804,Plein jour,Hors agglomération,Hors intersection,Normale,Autre collision,,,,,,,,,,,1,1,1,1.0,6
201200001429,0012-08-17 10:15:00,12,8,17,10,15,140,228,VOIE DES ALLI S,49.2946,-0.378,Plein jour,En agglomération,Giratoire,Normale,Deux véhicules - côté,,,,,,,,,,,1,2,6,1.0,3
201200001430,0012-12-17 19:30:00,12,12,17,19,30,140,562,route de langrune,,,Nuit avec éclairage allumé,En agglomération,Hors intersection,Pluie forte,Autre collision,,,,,,,,,,,5,2,1,3.0,6
201200001431,0012-02-24 21:00:00,12,2,24,21,0,140,543,,49.2094,-0.46942,Nuit sans éclairage public,En agglomération,Hors intersection,Normale,Autre collision,,,,,,,,,,,3,2,1,1.0,6
201200001432,0012-03-10 16:30:00,12,3,10,16,30,140,254,RD 8,49.134,-0.43573,Plein jour,Hors agglomération,Hors intersection,Normale,Sans collision,,,,,,,,,,,1,1,1,1.0,7
201200001433,0012-04-13 22:45:00,12,4,13,22,45,140,454,route de bretagne,,,Nuit avec éclairage allumé,En agglomération,Hors intersection,Normale,Deux véhicules - frontale,,,,,,,,,,,5,2,1,1.0,1
201200001434,0012-04-20 14:00:00,12,4,20,14,0,140,254,,49.1384,-0.42924,Plein jour,Hors agglomération,Hors intersection,Normale,Deux véhicules - frontale,,,,,,,,,,,1,1,1,1.0,1
201200001435,0012-05-30 18:45:00,12,5,30,18,45,140,738,RUE DE LA CROIX BEAUJARD,49.1585,-0.43871,Plein jour,En agglomération,Hors intersection,Normale,Autre collision,,,,,,,,,,,1,2,1,1.0,6
201200001436,0012-11-07 07:45:00,12,11,7,7,45,140,610,,,,Crépuscule ou aube,Hors agglomération,Hors intersection,Normale,Deux véhicules - frontale,,,,,,,,,,,2,1,1,1.0,1
201200001437,0012-12-14 22:15:00,12,12,14,22,15,140,254,,,,Nuit sans éclairage public,Hors agglomération,Hors intersection,Normale,Deux véhicules - frontale,,,,,,,,,,,3,1,1,1.0,1
201200001438,0012-12-30 04:45:00,12,12,30,4,45,140,257,,,,Nuit sans éclairage public,Hors agglomération,Hors intersection,Normale,Autre collision,,,,,,,,,,,3,1,1,1.0,6
201200001439,0012-03-06 19:30:00,12,3,6,19,30,140,538,,49.1005,-0.31297,Nuit sans éclairage public,Hors agglomération,Hors intersection,Temps couvert,Deux véhicules - arrière,,,,,,,,,,,3,1,1,8.0,2
201200001440,0012-05-09 18:15:00,12,5,9,18,15,140,719,,49.027,-0.27168,Plein jour,Hors agglomération,Hors intersection,Normale,Deux véhicules - arrière,,,,,,,,,,,1,1,1,1.0,2
201200001441,0012-05-12 17:30:00,12,5,12,17,30,140,456,RUE MARECHAL JOFFRE,49.1195,-0.16599,Plein jour,En agglomération,Hors intersection,Normale,Deux véhicules - arrière,,,,,,,,,,,1,2,1,1.0,2
201200001442,0012-06-08 12:30:00,12,6,8,12,30,140,659,,49.0462,-0.19989,Plein jour,Hors agglomération,Hors intersection,Normale,Deux véhicules - frontale,,,,,,,,,,,1,1,1,1.0,1
201200001443,0012-07-14 05:00:00,12,7,14,5,0,140,678,,48.9789,-0.24429,Nuit sans éclairage public,Hors agglomération,Hors intersection,Temps couvert,Autre collision,,,,,,,,,,,3,1,1,8.0,6
201200001444,0012-07-25 18:40:00,12,7,25,18,40,140,57,,49.1106,-0.26394,Plein jour,Hors agglomération,Hors intersection,Normale,Deux véhicules - côté,,,,,,,,,,,1,1,1,1.0,3
201200001445,0012-10-27 16:30:00,12,10,27,16,30,140,310,,49.021,-0.261,Plein jour,Hors agglomération,Hors intersection,Neige / grêle,Deux véhicules - côté,,,,,,,,,,,1,1,1,4.0,3