accident_id,datetime,annee,mois,jour,heure,minute,departement,commune_insee,adresse,latitude,longitude,luminosite,agglomeration,intersection,meteo,collision,nb_vehicules,nb_usagers,nb_indemnes,nb_tues,nb_blesses_hosp,nb_blesses_legers,age_cond_1,age_cond_2,veh_type_cond_1,veh_type_cond_2,lum_code,agg_code,int_code,atm_code,col_code
201200001446,0012-03-12 17:30:00,12,3,12,17,30,140,76,,,,Plein jour,En agglomération,Hors intersection,Normale,Autre collision,,,,,,,,,,,1,2,1,1.0,6
201200001447,0012-03-13 17:00:00,12,3,13,17,0,140,68,ROUTE DU HOME,49.246,-0.33039,Plein jour,En agglomération,Hors intersection,Normale,Sans collision,,,,,,,,,,,1,2,1,1.0,7
201200001448,0012-08-10 22:45:00,12,8,10,22,45,140,166,RUE DES  PETITES RUES,49.2748,-0.29761,Nuit sans éclairage public,En agglomération,Hors intersection,Normale,Autre collision,,,,,,,,,,,3,2,1,1.0,6
201200001449,0012-09-28 08:30:00,12,9,28,8,30,140,68,rue Lympstone,,,Plein jour,En agglomération,Hors intersection,Normale,Autre collision,,,,,,,,,,,1,2,1,1.0,6
201200001450,0012-12-30 10:45:00,12,12,30,10,45,140,325,rue de La Croix Rose,,,Plein jour,En agglomération,Hors intersection,Normale,Deux véhicules - frontale,,,,,,,,,,,1,2,1,1.0,1
201200001451,0012-06-23 19:15:00,12,6,23,19,15,140,120,,49.0728,-0.7767,Plein jour,Hors agglomération,Hors intersection,Normale,Trois véhicules et plus - collisions multiples,,,,,,,,,,,1,1,1,1.0,5
201200001452,0012-11-10 17:45:00,12,11,10,17,45,140,143,Route de Caen,,,Crépuscule ou aube,En agglomération,Hors intersection,Temps couvert,Deux véhicules - côté,,,,,,,,,,,2,2,1,8.0,3
201200001453,0012-01-26 18:15:00,12,1,26,18,15,140,409,CD 514,,,Nuit avec éclairage allumé,En agglomération,Hors intersection,Normale,Deux véhicules - côté,,,,,,,,,,,5,2,1,1.0,3
201200001454,0012-03-04 11:10:00,12,3,4,11,10,140,712,ROUTE DE ROUEN,49.1829,-0.1778,Plein jour,En agglomération,Hors intersection,Pluie légère,Deux véhicules - côté,,,,,,,,,,,1,2,1,2.0,3
201200001455,0012-07-14 19:15:00,12,7,14,19,15,140,306,,49.2622,-0.19745,Plein jour,Hors agglomération,Intersection en X,Normale,Deux véhicules - côté,,,,,,,,,,,1,1,2,1.0,3
201200001456,0012-02-03 09:30:00,12,2,3,9,30,140,236,,,,Plein jour,Hors agglomération,Hors intersection,Normale,Deux véhicules - côté,,,,,,,,,,,1,1,1,1.0,3
201200001457,0012-02-05 02:45:00,12,2,5,2,45,140,529,,49.2679,-0.73859,Nuit sans éclairage public,Hors agglomération,Hors intersection,Neige / grêle,Autre collision,,,,,,,,,,,3,1,1,4.0,6
201200001458,0012-02-07 21:45:00,12,2,7,21,45,140,47,BD MAR  HAL MONTGOMERY,49.2705,-0.69381,Nuit avec éclairage allumé,En agglomération,Hors intersection,Temps couvert,Autre collision,,,,,,,,,,,5,2,1,8.0,6
201200001459,0012-02-07 16:45:00,12,2,7,16,45,140,47,SORTIE PARKING ST PATRIC,49.2796,-0.70803,Plein jour,En agglomération,Autre intersection,Normale,Autre collision,,,,,,,,,,,1,2,9,1.0,6
201200001460,0012-07-26 13:00:00,12,7,26,13,0,140,465,,49.2523,-0.63574,Plein jour,Hors agglomération,Intersection en T,Temps éblouissant,Deux véhicules - côté,,,,,,,,,,,1,1,3,7.0,3
201200001461,0012-08-24 13:30:00,12,8,24,13,30,140,236,HAMEAU DE CACHY,49.232,-0.66795,Plein jour,Hors agglomération,Intersection en T,Normale,Trois véhicules et plus - collisions multiples,,,,,,,,,,,1,1,3,1.0,5
201200001462,0012-10-30 18:45:00,12,10,30,18,45,140,184,,49.279,-0.781,Nuit sans éclairage public,Hors agglomération,Hors intersection,Temps couvert,Deux véhicules - côté,,,,,,,,,,,3,1,1,8.0,3
201200001463,0012-11-11 15:00:00,12,11,11,15,0,140,47,,,,Nuit sans éclairage public,Hors agglomération,Hors intersection,Normale,Deux véhicules - frontale,,,,,,,,,,,3,1,1,1.0,1
201200001464,0012-11-14 07:30:00,12,11,14,7,30,140,236,,49.25,-0.678,Crépuscule ou aube,Hors agglomération,Intersection en X,Normale,Deux véhicules - côté,,,,,,,,,,,2,1,2,1.0,3
201200001465,0012-12-03 16:00:00,12,12,3,16,0,140,47,rue Baron G?rard,,,Plein jour,En agglomération,Intersection en X,Normale,Deux véhicules - côté,,,,,,,,,,,1,2,2,1.0,3
201200001466,0012-12-14 13:30:00,12,12,14,13,30,140,436,,,,Plein jour,Hors agglomération,Hors intersection,Pluie forte,Deux véhicules - côté,,,,,,,,,,,1,1,1,3.0,3
201200001467,0012-01-14 04:45:00,12,1,14,4,45,140,342,,49.3086,-1.12589,Nuit sans éclairage public,Hors agglomération,Hors intersection,Normale,Autre collision,,,,,,,,,,,3,1,1,1.0,6
201200001468,0012-04-18 02:15:00,12,4,18,2,15,140,445,ROUTE DE ST LO,49.1787,-0.89504,Nuit sans éclairage public,Hors agglomération,Hors intersection,Normale,Deux véhicules - frontale,,,,,,,,,,,3,1,1,1.0,1
201200001469,0012-05-24 22:50:00,12,5,24,22,50,140,643,LE PONT D'HILLAYE(LIEUDI,49.1728,-0.76031,Nuit sans éclairage public,Hors agglomération,Hors intersection,Temps couvert,Autre collision,,,,,,,,,,,3,1,1,8.0,6
201200001470,0012-06-14 09:30:00,12,6,14,9,30,140,453,,,,Plein jour,Hors agglomération,Hors intersection,Normale,Deux véhicules - côté,,,,,,,,,,,1,1,1,1.0,3
201200001471,0012-08-08 20:00:00,12,8,8,20,0,140,132,,49.3262,-0.97041,Plein jour,Hors agglomération,Hors intersection,Normale,Deux véhicules - côté,,,,,,,,,,,1,1,1,1.0,3
201200001472,0012-08-16 11:45:00,12,8,16,11,45,140,468,ROUTE DE ST LO,49.2264,-0.7759,Plein jour,En agglomération,Hors intersection,Normale,Deux véhicules - arrière,,,,,,,,,,,1,2,1,1.0,2
201200001473,0012-09-06 22:30:00,12,9,6,22,30,140,342,Rue du Docteur BOUTROIS,49.323,-1.1,Nuit avec éclairage allumé,En agglomération,Hors intersection,Normale,Autre collision,,,,,,,,,,,5,2,1,1.0,6
201200001474,0012-09-20 20:30:00,12,9,20,20,30,140,462,,,,Nuit sans éclairage public,Hors agglomération,Hors intersection,Normale,Autre collision,,,,,,,,,,,3,1,1,1.0,6
201200001475,0012-09-23 17:45:00,12,9,23,17,45,140,445,,,,Plein jour,Hors agglomération,Hors intersection,Temps couvert,Trois véhicules et plus - collisions multiples,,,,,,,,,,,1,1,1,8.0,5
201200001476,0012-10-07 17:30:00,12,10,7,17,30,140,586,,,,Plein jour,Hors agglomération,Hors intersection,Normale,Sans collision,,,,,,,,,,,1,1,1,1.0,7
201200001477,0012-12-01 00:30:00,12,12,1,0,30,140,727,,,,Nuit sans éclairage public,Hors agglomération,Hors intersection,Normale,Autre collision,,,,,,,,,,,3,1,1,1.0,6
201200001478,0012-01-07 18:45:00,12,1,7,18,45,140,258,,48.9145,-0.19521,Nuit sans éclairage public,Hors agglomération,Hors intersection,Normale,Deux véhicules - arrière,,,,,,,,,,,3,1,1,1.0,2
201200001479,0012-02-23 22:40:00,12,2,23,22,40,140,258,COTE ST LAURENT,48.9011,-0.19468,Nuit sans éclairage public,En agglomération,Hors intersection,Normale,Sans collision,,,,,,,,,,,3,2,1,1.0,7
201200001480,0012-03-26 08:15:00,12,3,26,8,15,140,646,LIEU-DIT LE FRESNE,48.9299,-0.20472,Plein jour,Hors agglomération,Intersection en X,Normale,Deux véhicules - côté,,,,,,,,,,,1,1,2,1.0,3
201200001481,0012-06-01 16:45:00,12,6,1,16,45,140,206,LA BOURDONNI RE,48.8756,-0.06519,Plein jour,En agglomération,Intersection en X,Normale,Deux véhicules - côté,,,,,,,,,,,1,2,2,1.0,3
201200001482,0012-06-15 14:15:00,12,6,15,14,15,140,627,,48.8787,-0.23041,Plein jour,Hors agglomération,Intersection en X,Pluie forte,Deux véhicules - côté,,,,,,,,,,,1,1,2,3.0,3
201200001483,0012-06-15 12:15:00,12,6,15,12,15,140,258,AVENUE D'HASTINGS,,,Plein jour,En agglomération,Giratoire,Pluie légère,Deux véhicules - côté,,,,,,,,,,,1,2,6,2.0,3
201200001484,0012-09-09 20:15:00,12,9,9,20,15,140,64,,,,Crépuscule ou aube,Hors agglomération,Hors intersection,Normale,Trois véhicules et plus - en chaîne,,,,,,,,,,,2,1,1,1.0,4
201200001485,0012-12-31 09:15:00,12,12,31,9,15,140,467,,,,Plein jour,Hors agglomération,Hors intersection,Normale,Autre collision,,,,,,,,,,,1,1,1,1.0,6
201200001486,0012-04-14 17:45:00,12,4,14,17,45,140,207,LIEUDIT LA FORGE ? CAMBR,48.9992,-0.44275,Plein jour,En agglomération,Hors intersection,Normale,Autre collision,,,,,,,,,,,1,2,1,1.0,6
201200001487,0012-05-05 04:00:00,12,5,5,4,0,140,628,,48.9754,-0.56093,Nuit sans éclairage public,Hors agglomération,Hors intersection,Brouillard / fumée,Autre collision,,,,,,,,,,,3,1,1,5.0,6
201200001488,0012-06-04 08:30:00,12,6,4,8,30,140,628,,48.9675,-0.48558,Plein jour,Hors agglomération,Hors intersection,Temps couvert,Deux véhicules - frontale,,,,,,,,,,,1,1,1,8.0,1
201200001489,0012-07-10 09:30:00,12,7,10,9,30,140,405,,48.884,-0.28547,Plein jour,Hors agglomération,Intersection en X,Temps couvert,Deux véhicules - frontale,,,,,,,,,,,1,1,2,8.0,1
201200001490,0012-07-29 19:15:00,12,7,29,19,15,140,710,,48.897,-0.3406,Plein jour,Hors agglomération,Intersection en X,Normale,Deux véhicules - côté,,,,,,,,,,,1,1,2,1.0,3
201200001491,0012-08-05 23:30:00,12,8,5,23,30,140,603,,49.0341,-0.41776,Nuit sans éclairage public,Hors agglomération,Hors intersection,Normale,Autre collision,,,,,,,,,,,3,1,1,1.0,6
201200001492,0012-08-12 18:30:00,12,8,12,18,30,140,251,,48.9712,-0.44184,Plein jour,Hors agglomération,Hors intersection,Normale,Autre collision,,,,,,,,,,,1,1,1,1.0,6
201200001493,0012-09-08 02:00:00,12,9,8,2,0,140,360,,,,Nuit sans éclairage public,Hors agglomération,Hors intersection,Normale,Sans collision,,,,,,,,,,,3,1,1,1.0,7
201200001494,0012-09-11 12:00:00,12,9,11,12,0,140,764,,,,Plein jour,Hors agglomération,Hors intersection,Normale,Deux véhicules - côté,,,,,,,,,,,1,1,1,1.0,3
201200001495,0012-09-23 22:15:00,12,9,23,22,15,140,211,,,,Nuit sans éclairage public,Hors agglomération,Hors intersection,Pluie légère,Autre collision,,,,,,,,,,,3,1,1,2.0,6
201200001496,0012-12-18 18:00:00,12,12,18,18,0,140,207,,,,Nuit sans éclairage public,Hors agglomération,Hors intersection,Pluie légère,Deux véhicules - frontale,,,,,,,,,,,3,1,1,2.0,1
201200001497,0012-01-08 16:00:00,12,1,8,16,0,140,648,CHEMIN DU MOULIN,49.124,0.15183,Plein jour,Hors agglomération,Hors intersection,Pluie légère,Deux véhicules - frontale,,,,,,,,,,,1,1,1,2.0,1
201200001498,0012-01-18 07:00:00,12,1,18,7,0,140,616,,49.0133,0.08126,Nuit sans éclairage public,Hors agglomération,Hors intersection,Autre,Trois véhicules et plus - collisions multiples,,,,,,,,,,,3,1,1,9.0,5
201200001499,0012-02-01 19:30:00,12,2,1,19,30,140,337,LIEU-DIT LE MOULIN D613,49.1263,0.09244,Nuit sans éclairage public,Hors agglomération,Hors intersection,Normale,Deux véhicules - côté,,,,,,,,,,,3,1,1,1.0,3
201200001500,0012-01-31 16:45:00,12,1,31,16,45,140,431,54 AVENUE JEAN JAUR S,49.0756,-0.06627,Plein jour,En agglomération,Hors intersection,Normale,Deux véhicules - arrière,,,,,,,,,,,1,2,1,1.0,2
201200001501,0012-05-29 20:10:00,12,5,29,20,10,140,648,,49.12,0.1691,Plein jour,Hors agglomération,Autre intersection,Normale,Autre collision,,,,,,,,,,,1,1,9,1.0,6
201200001502,0012-03-18 04:00:00,12,3,18,4,0,140,654,LE BEL AIR,49.033,-0.06357,Nuit sans éclairage public,Hors agglomération,Hors intersection,Normale,Deux véhicules - frontale,,,,,,,,,,,3,1,1,1.0,1
201200001503,0012-03-24 14:15:00,12,3,24,14,15,140,82,,49.1372,0.12214,Plein jour,Hors agglomération,Autre intersection,Normale,Deux véhicules - côté,,,,,,,,,,,1,1,9,1.0,3
201200001504,0012-04-10 09:45:00,12,4,10,9,45,140,520,,,,Plein jour,Hors agglomération,Hors intersection,Pluie légère,Autre collision,,,,,,,,,,,1,1,1,2.0,6
201200001505,0012-04-15 14:30:00,12,4,15,14,30,140,410,,,,Plein jour,Hors agglomération,Hors intersection,Normale,Sans collision,,,,,,,,,,,1,1,1,1.0,7
201200001506,0012-05-26 11:30:00,12,5,26,11,30,140,688,CHEMIN DES GRUMIERS,49.0377,-0.03779,Plein jour,Hors agglomération,Hors intersection,Normale,Sans collision,,,,,,,,,,,1,1,1,1.0,7
201200001507,0012-05-29 13:25:00,12,5,29,13,25,140,410,LE LION D'OR,49.1213,-0.09327,Plein jour,Hors agglomération,Hors intersection,Normale,Trois véhicules et plus - collisions multiples,,,,,,,,,,,1,1,1,1.0,5
201200001508,0012-05-29 18:00:00,12,5,29,18,0,140,189,,49.069,0.1,Plein jour,Hors agglomération,Hors intersection,Normale,Sans collision,,,,,,,,,,,1,1,1,1.0,7
201200001509,0012-06-08 01:00:00,12,6,8,1,0,140,431,30 bis av jean jaures,49.081,-0.062,Nuit avec éclairage allumé,En agglomération,Hors intersection,Normale,Sans collision,,,,,,,,,,,5,2,1,1.0,7
201200001510,0012-06-26 07:15:00,12,6,26,7,15,140,735,,,,Plein jour,En agglomération,Hors intersection,Normale,Autre collision,,,,,,,,,,,1,2,1,1.0,6
201200001511,0012-07-04 21:30:00,12,7,4,21,30,140,345,RUE DES PONTS,48.977,-0.08249,Crépuscule ou aube,En agglomération,Hors intersection,Normale,Autre collision,,,,,,,,,,,2,2,1,1.0,6
201200001512,0012-09-13 10:45:00,12,9,13,10,45,140,608,,,,Plein jour,Hors agglomération,Intersection en X,Normale,Deux véhicules - côté,,,,,,,,,,,1,1,2,1.0,3
201200001513,0012-10-07 20:00:00,12,10,7,20,0,140,527,,,,Nuit sans éclairage public,Hors agglomération,Hors intersection,Normale,Trois véhicules et plus - en chaîne,,,,,,,,,,,3,1,1,1.0,4
201200001514,0012-10-20 07:45:00,12,10,20,7,45,140,520,,,,Crépuscule ou aube,Hors agglomération,Hors intersection,Pluie légère,Sans collision,,,,,,,,,,,2,1,1,2.0,7
201200001515,0012-11-11 10:00:00,12,11,11,10,0,140,422,,,,Plein jour,Hors agglomération,Hors intersection,Normale,Autre collision,,,,,,,,,,,1,1,1,1.0,6
201200001516,0012-12-22 20:45:00,12,12,22,20,45,140,697,,,,Nuit sans éclairage public,Hors agglomération,Hors intersection,Pluie légère,Autre collision,,,,,,,,,,,3,1,1,2.0,6
201200001517,0012-06-11 08:15:00,12,6,11,8,15,140,210,,,,Plein jour,Hors agglomération,Hors intersection,Pluie légère,Deux véhicules - frontale,,,,,,,,,,,1,1,1,2.0,1
201200001518,0012-06-14 11:30:00,12,6,14,11,30,140,371,INTERSECTION CD4 / CD579,49.0049,0.14782,Plein jour,En agglomération,Intersection en X,Normale,Deux véhicules - côté,,,,,,,,,,,1,2,2,1.0,3
201200001519,0012-06-18 10:45:00,12,6,18,10,45,140,478,82 RUE GRANDE,49.0214,0.40717,Plein jour,En agglomération,Intersection en X,Normale,Autre collision,,,,,,,,,,,1,2,2,1.0,6
201200001520,0012-06-28 18:30:00,12,6,28,18,30,140,595,,49.0887,0.22875,Plein jour,Hors agglomération,Hors intersection,Temps couvert,Autre collision,,,,,,,,,,,1,1,1,8.0,6
201200001521,0012-08-29 13:45:00,12,8,29,13,45,140,478,RUE DE L'AIGLE,49.017,0.4119,Plein jour,En agglomération,Intersection en X,Normale,Deux véhicules - côté,,,,,,,,,,,1,2,2,1.0,3
201200001522,0012-10-05 08:00:00,12,10,5,8,0,140,292,,49.001,0.382,Plein jour,Hors agglomération,Hors intersection,Normale,Autre collision,,,,,,,,,,,1,1,1,1.0,6
201200001523,0012-03-30 18:10:00,12,3,30,18,10,140,161,LE LIEU DOSSIN (LIEUDIT),49.2367,0.13366,Plein jour,Hors agglomération,Hors intersection,Normale,Deux véhicules - côté,,,,,,,,,,,1,1,1,1.0,3
201200001524,0012-06-12 13:45:00,12,6,12,13,45,140,514,RUE SAINT MICHEL,49.2854,0.18386,Plein jour,En agglomération,Intersection en X,Pluie légère,Autre collision,,,,,,,,,,,1,2,2,2.0,6
201200001525,0012-07-16 14:15:00,12,7,16,14,15,140,563,,49.3325,0.26608,Plein jour,Hors agglomération,Hors intersection,Normale,Deux véhicules - frontale,,,,,,,,,,,1,1,1,1.0,1
201200001526,0012-07-21 09:45:00,12,7,21,9,45,140,578,,49.3553,0.17072,Plein jour,Hors agglomération,Intersection en X,Normale,Deux véhicules - côté,,,,,,,,,,,1,1,2,1.0,3
201200001527,0012-07-28 12:00:00,12,7,28,12,0,140,86,,49.3319,0.11487,Plein jour,Hors agglomération,Hors intersection,Normale,Deux véhicules - frontale,,,,,,,,,,,1,1,1,1.0,1
201200001528,0012-08-21 11:45:00,12,8,21,11,45,140,302,,49.2581,0.0862,Plein jour,Hors agglomération,Intersection en T,Normale,Deux véhicules - côté,,,,,,,,,,,1,1,3,1.0,3
201200001529,0012-09-21 06:45:00,12,9,21,6,45,140,466,,,,Nuit sans éclairage public,Hors agglomération,Hors intersection,Normale,Autre collision,,,,,,,,,,,3,1,1,1.0,6
201200001530,0012-05-08 18:20:00,12,5,8,18,20,140,227,,49.2626,-0.04228,Plein jour,Hors agglomération,Hors intersection,Temps couvert,Deux véhicules - frontale,,,,,,,,,,,1,1,1,8.0,1
201200001531,0012-06-27 20:15:00,12,6,27,20,15,140,305,,,,Plein jour,Hors agglomération,Hors intersection,Normale,Autre collision,,,,,,,,,,,1,1,1,1.0,6
201200001532,0012-09-22 15:45:00,12,9,22,15,45,140,494,,,,Plein jour,Hors agglomération,Hors intersection,Normale,Deux véhicules - frontale,,,,,,,,,,,1,1,1,1.0,1
201200001533,0012-10-20 22:45:00,12,10,20,22,45,140,723,,49.241,0.092,Nuit sans éclairage public,Hors agglomération,Hors intersection,Pluie légère,Autre collision,,,,,,,,,,,3,1,1,2.0,6
201200001534,0012-02-07 07:50:00,12,2,7,7,50,140,762,RUE DU NEUFBOURG,48.8382,-0.89244,Crépuscule ou aube,En agglomération,Intersection en T,Temps couvert,Autre collision,,,,,,,,,,,2,2,3,8.0,6
201200001535,0012-03-08 17:15:00,12,3,8,17,15,140,762,RUE GUY DEGRENNE,48.8489,-0.8708,Plein jour,En agglomération,Hors intersection,Normale,Sans collision,,,,,,,,,,,1,2,1,1.0,7
201200001536,0012-03-25 12:45:00,12,3,25,12,45,140,730,,48.846,-0.85964,Plein jour,Hors agglomération,Hors intersection,Normale,Sans collision,,,,,,,,,,,1,1,1,1.0,7
201200001537,0012-10-08 21:00:00,12,10,8,21,0,140,762,,,,Nuit sans éclairage public,Hors agglomération,Hors intersection,Normale,Deux véhicules - frontale,,,,,,,,,,,3,1,1,1.0,1
201200001538,0012-11-15 18:00:00,12,11,15,18,0,140,762,rue des acres,,,Nuit sans éclairage public,En agglomération,Hors intersection,Normale,Autre collision,,,,,,,,,,,3,2,1,1.0,6
201200001539,0012-12-07 19:00:00,12,12,7,19,0,140,762,Av du G?n?ral de Gaulle,,,Nuit avec éclairage allumé,En agglomération,Hors intersection,Pluie légère,Autre collision,,,,,,,,,,,5,2,1,2.0,6
201200001540,0012-12-11 20:00:00,12,12,11,20,0,140,762,,,,Nuit avec éclairage allumé,En agglomération,Hors intersection,Normale,Autre collision,,,,,,,,,,,5,2,1,1.0,6
201200001541,0012-12-16 15:00:00,12,12,16,15,0,140,762,,,,Plein jour,Hors agglomération,Hors intersection,Vent fort / tempête,Deux véhicules - frontale,,,,,,,,,,,1,1,1,6.0,1
201200001542,0012-01-04 07:45:00,12,1,4,7,45,140,704,,48.9882,-0.84242,Nuit sans éclairage public,Hors agglomération,Hors intersection,Normale,Deux véhicules - frontale,,,,,,,,,,,3,1,1,1.0,1
201200001543,0012-06-12 13:30:00,12,6,12,13,30,140,61,CD 294 A,48.93,-0.84067,Plein jour,En agglomération,Hors intersection,Pluie forte,Autre collision,,,,,,,,,,,1,2,1,3.0,6
201200001544,0012-06-13 17:00:00,12,6,13,17,0,140,56,36 RUE DE VILLERS BOCAGE,49.0235,-0.6323,Plein jour,En agglomération,Hors intersection,Normale,Deux véhicules - frontale,,,,,,,,,,,1,2,1,1.0,1
201200001545,0012-06-30 10:00:00,12,6,30,10,0,140,52,LE BOURG,48.9139,-0.8248,Plein jour,En agglomération,Intersection en X,Normale,Deux véhicules - côté,,,,,,,,,,,1,2,2,1.0,3
201200001546,0012-02-28 12:30:00,12,2,28,12,30,140,253,LA VIMONDI?RE(LIEU-DIT),48.8883,-0.72619,Plein jour,Hors agglomération,Hors intersection,Normale,Deux véhicules - frontale,,,,,,,,,,,1,1,1,1.0,1
201200001547,0012-09-07 19:30:00,12,9,7,19,30,140,523,,,,Plein jour,Hors agglomération,Hors intersection,Normale,Autre collision,,,,,,,,,,,1,1,1,1.0,6
201200001548,0012-04-10 15:30:00,12,4,10,15,30,500,99,,49.3139,-1.2596,Plein jour,En agglomération,Autre intersection,Pluie légère,Deux véhicules - côté,,,,,,,,,,,1,2,9,2.0,3
201200001549,0012-05-15 11:45:00,12,5,15,11,45,500,534,,49.2995,-1.19057,Plein jour,Hors agglomération,Intersection en X,Normale,Trois véhicules et plus - collisions multiples,,,,,,,,,,,1,1,2,1.0,5
201200001550,0012-04-01 10:30:00,12,4,1,10,30,500,292,LE BOCQ,49.0875,-1.25817,Plein jour,Hors agglomération,Intersection en T,Normale,Deux véhicules - côté,,,,,,,,,,,1,1,3,1.0,3
201200001551,0012-04-20 19:00:00,12,4,20,19,0,500,409,LA HUCHERIE,49.1563,-1.15547,Nuit sans éclairage public,Hors agglomération,Hors intersection,Normale,Sans collision,,,,,,,,,,,3,1,1,1.0,7
201200001552,0012-04-28 11:45:00,12,4,28,11,45,500,239,LA RAIRIE,49.1396,-1.18095,Plein jour,Hors agglomération,Hors intersection,Normale,Deux véhicules - frontale,,,,,,,,,,,1,1,1,1.0,1
201200001553,0012-05-28 14:45:00,12,5,28,14,45,500,216,LE SEMNARD,49.2366,-1.18531,Plein jour,Hors agglomération,Intersection en X,Normale,Deux véhicules - frontale,,,,,,,,,,,1,1,2,1.0,1
201200001554,0012-09-09 19:30:00,12,9,9,19,30,500,325,L'HUDERIE,49.1648,-1.27523,Plein jour,Hors agglomération,Intersection en T,Normale,Deux véhicules - côté,,,,,,,,,,,1,1,3,1.0,3
201200001555,0012-10-27 19:45:00,12,10,27,19,45,500,239,VILLA FRANCK,49.1032,-1.19017,Nuit sans éclairage public,Hors agglomération,Hors intersection,Normale,Trois véhicules et plus - collisions multiples,,,,,,,,,,,3,1,1,1.0,5
201200001556,0012-11-29 18:00:00,12,11,29,18,0,500,538,LA CROIX DU MALTE,49.1304,-0.9936,Nuit sans éclairage public,Hors agglomération,Hors intersection,Normale,Autre collision,,,,,,,,,,,3,1,1,1.0,6
201200001557,0012-04-30 19:30:00,12,4,30,19,30,500,225,,48.9703,-1.23201,Plein jour,Hors agglomération,Intersection en T,Normale,Deux véhicules - côté,,,,,,,,,,,1,1,3,1.0,3
201200001558,0012-05-19 16:45:00,12,5,19,16,45,500,465,RUE DE LA MOTTE,49.0534,-1.14978,Plein jour,Hors agglomération,Hors intersection,Normale,Deux véhicules - frontale,,,,,,,,,,,1,1,1,1.0,1
201200001559,0012-06-25 10:30:00,12,6,25,10,30,500,214,LES BRUYERES,48.9185,-1.08799,Plein jour,Hors agglomération,Hors intersection,Normale,Deux véhicules - côté,,,,,,,,,,,1,1,1,1.0,3
201200001560,0012-06-30 22:45:00,12,6,30,22,45,500,363,,48.9974,-1.15336,Nuit sans éclairage public,Hors agglomération,Hors intersection,Normale,Autre collision,,,,,,,,,,,3,1,1,1.0,6
201200001561,0012-09-25 16:45:00,12,9,25,16,45,500,592,RUE DU NID DE LOUP,48.9714,-1.06601,Plein jour,En agglomération,Hors intersection,Normale,Autre collision,,,,,,,,,,,1,2,1,1.0,6
201200001562,0012-12-21 14:30:00,12,12,21,14,30,500,164,LE HAUT DU BOURG,,,Plein jour,Hors agglomération,Intersection en T,Normale,Deux véhicules - arrière,,,,,,,,,,,1,1,3,1.0,2
201200001563,0012-12-21 17:45:00,12,12,21,17,45,500,465,,,,Nuit sans éclairage public,Hors agglomération,Intersection en T,Normale,Deux véhicules - côté,,,,,,,,,,,3,1,3,1.0,3
201200001564,0012-01-04 21:12:00,12,1,4,21,12,940,54,AV DE L'UNION,48.7293,2.36845,Nuit avec éclairage allumé,Hors agglomération,Hors intersection,Vent fort / tempête,Deux véhicules - arrière,,,,,,,,,,,5,1,1,6.0,2
201200001565,0012-02-05 13:26:00,12,2,5,13,26,940,54,PARKING P1,48.7285,2.36657,Plein jour,Hors agglomération,Hors intersection,Normale,Autre collision,,,,,,,,,,,1,1,1,1.0,6
201200001566,0012-02-10 05:20:00,12,2,10,5,20,940,54,AV DE L'UNION,48.7288,2.36527,Nuit avec éclairage allumé,Hors agglomération,Hors intersection,Autre,Sans collision,,,,,,,,,,,5,1,1,9.0,7
201200001567,0012-02-21 12:30:00,12,2,21,12,30,940,54,RUE DE SEVILLE,48.7301,2.37072,Plein jour,Hors agglomération,Intersection en Y,Normale,Deux véhicules - arrière,,,,,,,,,,,1,1,4,1.0,2
201200001568,0012-02-23 15:15:00,12,2,23,15,15,940,54,AV DU SUD,48.7299,2.36614,Plein jour,Hors agglomération,Hors intersection,Temps couvert,Trois véhicules et plus - collisions multiples,,,,,,,,,,,1,1,1,8.0,5
201200001569,0012-06-05 11:25:00,12,6,5,11,25,940,54,"01, R DU FRONTON",48.7191,2.39344,Plein jour,Hors agglomération,Hors intersection,Normale,Sans collision,,,,,,,,,,,1,1,1,1.0,7
201200001570,0012-06-14 17:20:00,12,6,14,17,20,940,54,CHARMEAU/VEDRINES,48.7302,2.36513,Plein jour,En agglomération,Intersection en Y,Temps couvert,Deux véhicules - frontale,,,,,,,,,,,1,2,4,8.0,1
201200001571,0012-06-23 14:15:00,12,6,23,14,15,940,54,"1, AV AEROPORT",48.7392,2.36356,Plein jour,Hors agglomération,Hors intersection,Normale,Trois véhicules et plus - collisions multiples,,,,,,,,,,,1,1,1,1.0,5
201200001572,0012-07-10 13:50:00,12,7,10,13,50,940,54,AV DU SUD,48.7283,2.36691,Plein jour,Hors agglomération,Hors intersection,Normale,Deux véhicules - côté,,,,,,,,,,,1,1,1,1.0,3
201200001573,0012-07-06 16:10:00,12,7,6,16,10,940,54,ITALIE/HILSZ,48.7323,2.36371,Plein jour,En agglomération,Giratoire,Pluie forte,Autre collision,,,,,,,,,,,1,2,6,3.0,6
201200001574,0012-07-14 20:15:00,12,7,14,20,15,940,54,A106 AV DE PARIS,48.7348,2.36609,Plein jour,Hors agglomération,Hors intersection,Normale,Deux véhicules - arrière,,,,,,,,,,,1,1,1,1.0,2