accident_id,datetime,annee,mois,jour,heure,minute,departement,commune_insee,adresse,latitude,longitude,luminosite,agglomeration,intersection,meteo,collision,nb_vehicules,nb_usagers,nb_indemnes,nb_tues,nb_blesses_hosp,nb_blesses_legers,age_cond_1,age_cond_2,veh_type_cond_1,veh_type_cond_2,lum_code,agg_code,int_code,atm_code,col_code
201200001701,0012-02-23 09:20:00,12,2,23,9,20,10,451,"SANS, PARIS (ROUTE DE)",46.2489,5.18602,Plein jour,Hors agglomération,Intersection en X,Normale,Deux véhicules - côté,,,,,,,,,,,1,1,2,1.0,3
201200001702,0012-02-24 16:45:00,12,2,24,16,45,10,53,CHARTREUSE ( RUE DE LA ),,,Plein jour,En agglomération,Intersection en T,Pluie légère,Autre collision,,,,,,,,,,,1,2,3,2.0,6
201200001703,0012-02-24 22:10:00,12,2,24,22,10,10,53,CROIX BLANCHE ( ROND POI,46.2028,5.24533,Nuit avec éclairage allumé,En agglomération,Giratoire,Pluie légère,Deux véhicules - frontale,,,,,,,,,,,5,2,6,2.0,1
201200001704,0012-03-02 04:03:00,12,3,2,4,3,10,53,CRETES DU REVERMONT (BOU,,,Nuit avec éclairage non allumé,Hors agglomération,Hors intersection,Normale,Deux véhicules - frontale,,,,,,,,,,,4,1,1,1.0,1
201200001705,0012-03-05 07:55:00,12,3,5,7,55,10,53,"14, SEMARD ( AVENUE PIER",,,Plein jour,En agglomération,Intersection en T,Normale,Sans collision,,,,,,,,,,,1,2,3,1.0,7
201200001706,0012-03-06 07:35:00,12,3,6,7,35,10,53,SAINT NICOLAS ( BD ) IMP,46.2061,5.23468,Plein jour,En agglomération,Giratoire,Temps couvert,Deux véhicules - arrière,,,,,,,,,,,1,2,6,8.0,2
201200001707,0012-03-09 11:05:00,12,3,9,11,5,10,53,"SNR, CHARTREUSE (RUE DE",,,Plein jour,En agglomération,Intersection en X,Normale,Deux véhicules - côté,,,,,,,,,,,1,2,2,1.0,3
201200001708,0012-03-14 07:55:00,12,3,14,7,55,10,344,TREVOUX (AVENUE DE),46.1987,5.17876,Plein jour,Hors agglomération,Hors intersection,Normale,Trois véhicules et plus - en chaîne,,,,,,,,,,,1,1,1,1.0,4
201200001709,0012-03-15 09:00:00,12,3,15,9,0,10,53,FERRY ( BOULEVARD JULES),,,Plein jour,En agglomération,Hors intersection,Normale,Deux véhicules - arrière,,,,,,,,,,,1,2,1,1.0,2
201200001710,0012-03-16 07:55:00,12,3,16,7,55,10,53,23EME R.I. ( RUE DU),,,Plein jour,En agglomération,Hors intersection,Normale,Deux véhicules - côté,,,,,,,,,,,1,2,1,1.0,3
201200001711,0012-03-16 12:05:00,12,3,16,12,5,10,289,SAINT ANDRE SUR VIEUX JO,,,Plein jour,Hors agglomération,Hors intersection,Normale,Sans collision,,,,,,,,,,,1,1,1,1.0,7
201200001712,0012-03-16 19:05:00,12,3,16,19,5,10,344,TREVOUX (AVENUE DE),46.1982,5.17443,Nuit sans éclairage public,Hors agglomération,Intersection en T,Normale,Trois véhicules et plus - collisions multiples,,,,,,,,,,,3,1,3,1.0,5
201200001713,0012-03-17 14:30:00,12,3,17,14,30,10,451,"SNR, BOURG  ( ROUTE DE )",46.2485,5.22096,Plein jour,En agglomération,Intersection en T,Normale,Deux véhicules - frontale,,,,,,,,,,,1,2,3,1.0,1
201200001714,0012-03-18 14:50:00,12,3,18,14,50,10,53,JOLIOT CURIE ( BOULEVARD,46.2097,5.23141,Plein jour,En agglomération,Hors intersection,Pluie légère,Sans collision,,,,,,,,,,,1,2,1,2.0,7
201200001715,0012-03-20 07:45:00,12,3,20,7,45,10,53,SEMARD ( AVENUE PIERRE),,,Plein jour,En agglomération,Hors intersection,Normale,Sans collision,,,,,,,,,,,1,2,1,1.0,7
201200001716,0012-03-20 21:55:00,12,3,20,21,55,10,53,BERT (AVENUE PAUL),,,Nuit avec éclairage allumé,En agglomération,Intersection en X,Normale,Deux véhicules - côté,,,,,,,,,,,5,2,2,1.0,3
201200001717,0012-03-23 14:25:00,12,3,23,14,25,10,53,"SNR, ALSACE LORRAINE (AV",,,Plein jour,En agglomération,Hors intersection,Normale,Deux véhicules - arrière,,,,,,,,,,,1,2,1,1.0,2
201200001718,0012-03-28 15:30:00,12,3,28,15,30,10,53,"SANS, MERCIER (AVENUE AM",,,Plein jour,Hors agglomération,Hors intersection,Normale,Trois véhicules et plus - collisions multiples,,,,,,,,,,,1,1,1,1.0,5
201200001719,0012-03-29 13:45:00,12,3,29,13,45,10,53,"26, ANCIENS COMBATTANTS",,,Plein jour,En agglomération,Hors intersection,Normale,Trois véhicules et plus - en chaîne,,,,,,,,,,,1,2,1,1.0,4
201200001720,0012-03-30 07:55:00,12,3,30,7,55,10,289,LENT ( ROUTE DE ),46.1768,5.23436,Plein jour,Hors agglomération,Intersection en X,Normale,Deux véhicules - côté,,,,,,,,,,,1,1,2,1.0,3
201200001721,0012-03-31 18:25:00,12,3,31,18,25,10,53,"13, MERCIER (AVENUE AMED",,,Plein jour,En agglomération,Hors intersection,Normale,Autre collision,,,,,,,,,,,1,2,1,1.0,6
201200001722,0012-04-01 16:15:00,12,4,1,16,15,10,53,JUIN (AVENUE MARECHAL CO,,,Plein jour,En agglomération,Intersection en X,Normale,Deux véhicules - côté,,,,,,,,,,,1,2,2,1.0,3
201200001723,0012-04-02 13:55:00,12,4,2,13,55,10,344,"635, BRESSE (AVENUE DE)",46.206,5.19773,Plein jour,En agglomération,Hors intersection,Normale,Trois véhicules et plus - en chaîne,,,,,,,,,,,1,2,1,1.0,4
201200001724,0012-04-14 14:35:00,12,4,14,14,35,10,53,SEILLON ( ROUTE DE),46.1773,5.23445,Plein jour,Hors agglomération,Hors intersection,Pluie légère,Autre collision,,,,,,,,,,,1,1,1,2.0,6
201200001725,0012-04-14 16:00:00,12,4,14,16,0,10,53,LYON (AVENUE DE - N48,46.1935,5.21366,Plein jour,En agglomération,Hors intersection,Pluie légère,Autre collision,,,,,,,,,,,1,2,1,2.0,6
201200001726,0012-04-20 10:25:00,12,4,20,10,25,10,53,PARK BD JOLIOT CURY,,,Plein jour,En agglomération,Hors intersection,Temps couvert,Autre collision,,,,,,,,,,,1,2,1,8.0,6
201200001727,0012-04-19 12:20:00,12,4,19,12,20,10,53,"13, VICAIRE (RUE GABRIEL",,,Plein jour,En agglomération,Intersection en T,Pluie légère,Sans collision,,,,,,,,,,,1,2,3,2.0,7
201200001728,0012-05-07 12:55:00,12,5,7,12,55,10,53,"03 BIS, GRAVES ( RUE DES",,,Plein jour,En agglomération,Hors intersection,Normale,Deux véhicules - frontale,,,,,,,,,,,1,2,1,1.0,1
201200001729,0012-05-12 19:35:00,12,5,12,19,35,10,53,"07, HIPPODROME ( BD DE L",,,Plein jour,En agglomération,Hors intersection,Normale,Deux véhicules - côté,,,,,,,,,,,1,2,1,1.0,3
201200001730,0012-05-15 15:55:00,12,5,15,15,55,10,53,"41, MERCIER (AVENUE AMED",,,Plein jour,En agglomération,Hors intersection,Normale,Autre collision,,,,,,,,,,,1,2,1,1.0,6
201200001731,0012-05-18 17:40:00,12,5,18,17,40,10,53,JOLIOT CURIE ( BOULEVARD,46.2096,5.23269,Plein jour,En agglomération,Hors intersection,Normale,Deux véhicules - côté,,,,,,,,,,,1,2,1,1.0,3
201200001732,0012-05-22 10:00:00,12,5,22,10,0,10,451,"00, MARBOZ RD 996 ( ROUT",46.2679,5.23446,Plein jour,Hors agglomération,Hors intersection,Pluie légère,Deux véhicules - côté,,,,,,,,,,,1,1,1,2.0,3
201200001733,0012-05-23 09:30:00,12,5,23,9,30,10,53,"SNR, EUROPE ( CARREFOUR",,,Plein jour,En agglomération,Hors intersection,Normale,Trois véhicules et plus - en chaîne,,,,,,,,,,,1,2,1,1.0,4
201200001734,0012-05-22 13:07:00,12,5,22,13,7,10,451,RN75,46.2214,5.20966,Plein jour,Hors agglomération,Hors intersection,Pluie légère,Deux véhicules - frontale,,,,,,,,,,,1,1,1,2.0,1
201200001735,0012-05-25 15:05:00,12,5,25,15,5,10,53,"00, DE VIGNY (RUE ALFRED",,,Plein jour,En agglomération,Intersection en X,Normale,Deux véhicules - côté,,,,,,,,,,,1,2,2,1.0,3
201200001736,0012-05-31 13:15:00,12,5,31,13,15,10,53,"10, CANAL ( CHEMIN DU )",,,Plein jour,En agglomération,Intersection en T,Normale,Deux véhicules - côté,,,,,,,,,,,1,2,3,1.0,3
201200001737,0012-05-31 17:15:00,12,5,31,17,15,10,451,"4164, MARBOZ RD 996 ( RO",46.2643,5.23365,Plein jour,Hors agglomération,Hors intersection,Normale,Deux véhicules - frontale,,,,,,,,,,,1,1,1,1.0,1
201200001738,0012-06-02 11:00:00,12,6,2,11,0,10,53,SEMARD ( AVENUE PIERRE),,,Plein jour,En agglomération,Hors intersection,Normale,Deux véhicules - côté,,,,,,,,,,,1,2,1,1.0,3
201200001739,0012-06-08 19:30:00,12,6,8,19,30,10,53,"6, FERRY ( BOULEVARD JUL",,,Plein jour,En agglomération,Intersection en T,Normale,Deux véhicules - arrière,,,,,,,,,,,1,2,3,1.0,2
201200001740,0012-06-10 10:45:00,12,6,10,10,45,10,289,LENT ( ROUTE DE ),46.1649,5.22083,Plein jour,Hors agglomération,Intersection en X,Temps couvert,Deux véhicules - côté,,,,,,,,,,,1,1,2,8.0,3
201200001741,0012-06-11 17:10:00,12,6,11,17,10,10,53,BERT (AVENUE PAUL),,,Plein jour,En agglomération,Hors intersection,Pluie légère,Trois véhicules et plus - en chaîne,,,,,,,,,,,1,2,1,2.0,4
201200001742,0012-06-13 07:40:00,12,6,13,7,40,10,289,LENT ( ROUTE DE ),46.1649,5.22083,Plein jour,Hors agglomération,Intersection en X,Pluie légère,Deux véhicules - côté,,,,,,,,,,,1,1,2,2.0,3
201200001743,0012-06-20 17:45:00,12,6,20,17,45,10,344,"2082, TREVOUX (AVENUE DE",46.1989,5.18077,Plein jour,Hors agglomération,Autre intersection,Normale,Deux véhicules - côté,,,,,,,,,,,1,1,9,1.0,3
201200001744,0012-06-20 07:15:00,12,6,20,7,15,10,451,"RD 975,SORTIE A 40",46.2597,5.17692,Plein jour,Hors agglomération,Intersection en T,Pluie forte,Sans collision,,,,,,,,,,,1,1,3,3.0,7
201200001745,0012-06-29 21:50:00,12,6,29,21,50,10,53,CRETS ( RUE DES ),,,Crépuscule ou aube,En agglomération,Hors intersection,Normale,Deux véhicules - côté,,,,,,,,,,,2,2,1,1.0,3
201200001746,0012-07-03 12:35:00,12,7,3,12,35,10,53,"158, BROU ( BD N?192 A 1",,,Plein jour,En agglomération,Hors intersection,Normale,Autre collision,,,,,,,,,,,1,2,1,1.0,6
201200001747,0012-07-10 15:40:00,12,7,10,15,40,10,53,"12, VERNE (AVENUE JEAN M",,,Plein jour,En agglomération,Hors intersection,Normale,Autre collision,,,,,,,,,,,1,2,1,1.0,6
201200001748,0012-07-11 16:20:00,12,7,11,16,20,10,53,"28, ARAGO (RUE FRANCOIS)",,,Plein jour,En agglomération,Hors intersection,Normale,Deux véhicules - côté,,,,,,,,,,,1,2,1,1.0,3
201200001749,0012-07-18 10:45:00,12,7,18,10,45,10,53,BAD KREUZNACH  (AVENUE D,46.2129,5.24133,Plein jour,En agglomération,Hors intersection,Normale,Autre collision,,,,,,,,,,,1,2,1,1.0,6
201200001750,0012-07-18 09:00:00,12,7,18,9,0,10,344,"00, TREVOUX (AVENUE DE)",46.2003,5.19453,Plein jour,En agglomération,Hors intersection,Normale,Trois véhicules et plus - en chaîne,,,,,,,,,,,1,2,1,1.0,4
201200001751,0012-07-24 13:10:00,12,7,24,13,10,10,289,LYON ( AVE DE) A PARTIR,46.1918,5.2124,Plein jour,En agglomération,Intersection en X,Normale,Deux véhicules - côté,,,,,,,,,,,1,2,2,1.0,3
201200001752,0012-07-25 10:20:00,12,7,25,10,20,10,53,SPORTS ((AVENUE DES - N?,46.2109,5.23945,Plein jour,En agglomération,Hors intersection,Normale,Deux véhicules - arrière,,,,,,,,,,,1,2,1,1.0,2
201200001753,0012-07-27 15:45:00,12,7,27,15,45,10,53,"08, SPORTS ((AVENUE DES",46.2081,5.2366,Plein jour,En agglomération,Intersection à plus de 4 branches,Normale,Deux véhicules - arrière,,,,,,,,,,,1,2,5,1.0,2
201200001754,0012-08-04 20:24:00,12,8,4,20,24,10,451,"92, BOURG  ( ROUTE DE )",,,Crépuscule ou aube,Hors agglomération,Hors intersection,Pluie légère,Deux véhicules - frontale,,,,,,,,,,,2,1,1,2.0,1
201200001755,0012-08-15 08:45:00,12,8,15,8,45,10,53,MERCIER (AVENUE AMEDEE D,,,Plein jour,En agglomération,Intersection en T,Normale,Trois véhicules et plus - collisions multiples,,,,,,,,,,,1,2,3,1.0,5
201200001756,0012-08-26 20:15:00,12,8,26,20,15,10,53,"19, STAND ( RUE DU )",,,Crépuscule ou aube,En agglomération,Giratoire,Normale,Deux véhicules - frontale,,,,,,,,,,,2,2,6,1.0,1
201200001757,0012-08-26 01:40:00,12,8,26,1,40,10,53,"46, MERCIER (AVENUE AMED",,,Nuit avec éclairage allumé,En agglomération,Hors intersection,Normale,Autre collision,,,,,,,,,,,5,2,1,1.0,6
201200001758,0012-09-05 15:10:00,12,9,5,15,10,10,53,"23, HUDELLET ( RUE DU )",,,Plein jour,En agglomération,Hors intersection,Normale,Autre collision,,,,,,,,,,,1,2,1,1.0,6
201200001759,0012-09-06 20:00:00,12,9,6,20,0,10,53,"0, VERNE (AVENUE JEAN MA",,,Nuit avec éclairage allumé,En agglomération,Intersection en X,Normale,Deux véhicules - frontale,,,,,,,,,,,5,2,2,1.0,1
201200001760,0012-09-11 18:15:00,12,9,11,18,15,10,451,MARBOZ RD 996 ( ROUTE DE,,,Plein jour,Hors agglomération,Hors intersection,Pluie légère,Deux véhicules - côté,,,,,,,,,,,1,1,1,2.0,3
201200001761,0012-09-12 10:45:00,12,9,12,10,45,10,289,"88, MONTERNOZ (CHEMIN DE",,,Plein jour,Hors agglomération,Hors intersection,Normale,Deux véhicules - frontale,,,,,,,,,,,1,1,1,1.0,1
201200001762,0012-09-14 15:50:00,12,9,14,15,50,10,289,"SN, RN75",,,Plein jour,En agglomération,Hors intersection,Normale,Sans collision,,,,,,,,,,,1,2,1,1.0,7
201200001763,0012-09-15 13:50:00,12,9,15,13,50,10,451,POLLIAT (ROUTE DE) PAIR,,,Plein jour,Hors agglomération,Hors intersection,Normale,Deux véhicules - frontale,,,,,,,,,,,1,1,1,1.0,1
201200001764,0012-09-19 16:23:00,12,9,19,16,23,10,53,STAND ( RUE DU ),,,Plein jour,En agglomération,Intersection en T,Normale,Deux véhicules - côté,,,,,,,,,,,1,2,3,1.0,3
201200001765,0012-09-22 16:35:00,12,9,22,16,35,10,53,SPORTS ((AVENUE DES - N?,,,Plein jour,En agglomération,Autre intersection,Normale,Deux véhicules - frontale,,,,,,,,,,,1,2,9,1.0,1
201200001766,0012-09-23 01:15:00,12,9,23,1,15,10,53,VERNE (AVENUE JEAN MARIE,,,Nuit avec éclairage allumé,En agglomération,Intersection en T,Brouillard / fumée,Deux véhicules - côté,,,,,,,,,,,5,2,3,5.0,3
201200001767,0012-09-25 14:00:00,12,9,25,14,0,10,53,"69, LYON (AVENUE DE - N?",,,Plein jour,En agglomération,Hors intersection,Normale,Deux véhicules - côté,,,,,,,,,,,1,2,1,1.0,3
201200001768,0012-09-26 17:05:00,12,9,26,17,5,10,53,"58, MERCIER (AVENUE AMED",,,Plein jour,En agglomération,Hors intersection,Pluie légère,Autre collision,,,,,,,,,,,1,2,1,2.0,6
201200001769,0012-09-26 19:45:00,12,9,26,19,45,10,289,"17, LYON ( AVE DE) A PAR",,,Nuit avec éclairage allumé,En agglomération,Hors intersection,Pluie forte,Autre collision,,,,,,,,,,,5,2,1,3.0,6
201200001770,0012-09-28 21:55:00,12,9,28,21,55,10,53,PREVOYANCE ( RUE DE LA ),,,Nuit avec éclairage non allumé,En agglomération,Intersection en X,Normale,Deux véhicules - côté,,,,,,,,,,,4,2,2,1.0,3
201200001771,0012-10-01 10:40:00,12,10,1,10,40,10,53,"48, LYON (AVENUE DE - N?",,,Plein jour,En agglomération,Hors intersection,Normale,Autre collision,,,,,,,,,,,1,2,1,1.0,6
201200001772,0012-10-01 13:30:00,12,10,1,13,30,10,53,"84, BROU ( BD N?68 A 182",,,Plein jour,En agglomération,Hors intersection,Normale,Deux véhicules - côté,,,,,,,,,,,1,2,1,1.0,3
201200001773,0012-10-03 07:50:00,12,10,3,7,50,10,53,"sn, GRAVES ( RUE DES )",,,Plein jour,En agglomération,Intersection en T,Pluie légère,Autre collision,,,,,,,,,,,1,2,3,2.0,6
201200001774,0012-10-04 09:20:00,12,10,4,9,20,10,53,"92, BROU ( BD N?68 A 182",,,Plein jour,En agglomération,Hors intersection,Normale,Autre collision,,,,,,,,,,,1,2,1,1.0,6
201200001775,0012-10-04 10:50:00,12,10,4,10,50,10,53,"SN, CHALLES (ALLEE) N? 1",,,Plein jour,En agglomération,Intersection en Y,Normale,Deux véhicules - côté,,,,,,,,,,,1,2,4,1.0,3
201200001776,0012-10-05 17:25:00,12,10,5,17,25,10,451,"SANS, MARBOZ RD 996 ( RO",,,Plein jour,Hors agglomération,Intersection en X,Normale,Deux véhicules - côté,,,,,,,,,,,1,1,2,1.0,3
201200001777,0012-10-06 09:15:00,12,10,6,9,15,10,344,TREVOUX (AVENUE DE),,,Plein jour,En agglomération,Intersection en T,Normale,Deux véhicules - côté,,,,,,,,,,,1,2,3,1.0,3
201200001778,0012-10-06 14:30:00,12,10,6,14,30,10,289,"120, LYON ( AVE DE) A PA",,,Plein jour,En agglomération,Hors intersection,Temps éblouissant,Deux véhicules - côté,,,,,,,,,,,1,2,1,7.0,3
201200001779,0012-10-05 17:35:00,12,10,5,17,35,10,289,LYON ( AVE DE) A PARTIR,,,Plein jour,En agglomération,Hors intersection,Normale,Autre collision,,,,,,,,,,,1,2,1,1.0,6
201200001780,0012-10-14 19:40:00,12,10,14,19,40,10,53,"06, PIODA ( RUE PAUL )",,,Nuit sans éclairage public,En agglomération,Intersection en T,Temps couvert,Deux véhicules - arrière,,,,,,,,,,,3,2,3,8.0,2
201200001781,0012-10-16 08:30:00,12,10,16,8,30,10,53,"sn, MERCIER (AVENUE AMED",,,Crépuscule ou aube,Hors agglomération,Hors intersection,Normale,Deux véhicules - arrière,,,,,,,,,,,2,1,1,1.0,2
201200001782,0012-10-19 22:10:00,12,10,19,22,10,10,451,GREFFETS ( ROUTE DES ),,,Nuit sans éclairage public,Hors agglomération,Intersection en T,Normale,Deux véhicules - arrière,,,,,,,,,,,3,1,3,1.0,2
201200001783,0012-10-20 11:25:00,12,10,20,11,25,10,451,"SANS, LA NEUVE (ROND POI",,,Plein jour,En agglomération,Giratoire,Normale,Deux véhicules - côté,,,,,,,,,,,1,2,6,1.0,3
201200001784,0012-10-20 21:30:00,12,10,20,21,30,10,53,"0, JAURES (AVENUE JEAN -",,,Nuit avec éclairage allumé,En agglomération,Intersection en X,Normale,Deux véhicules - côté,,,,,,,,,,,5,2,2,1.0,3
201200001785,0012-10-23 17:20:00,12,10,23,17,20,10,451,"sans, PARIS (ROUTE DE)",,,Plein jour,Hors agglomération,Giratoire,Normale,Autre collision,,,,,,,,,,,1,1,6,1.0,6
201200001786,0012-10-27 16:45:00,12,10,27,16,45,10,53,"1, KENNEDY BVD J  - IMPA",,,Plein jour,En agglomération,Hors intersection,Pluie légère,Autre collision,,,,,,,,,,,1,2,1,2.0,6
201200001787,0012-10-29 13:17:00,12,10,29,13,17,10,451,"sans, ROCADE NORD",,,Plein jour,Hors agglomération,Giratoire,Normale,Deux véhicules - arrière,,,,,,,,,,,1,1,6,1.0,2
201200001788,0012-11-07 09:35:00,12,11,7,9,35,10,53,"23, BOURGMAYER ( RUE)",,,Plein jour,En agglomération,Intersection en T,Normale,Deux véhicules - côté,,,,,,,,,,,1,2,3,1.0,3
201200001789,0012-11-10 13:40:00,12,11,10,13,40,10,53,MERCIER (AVENUE AMEDEE D,,,Plein jour,En agglomération,Giratoire,Pluie légère,Trois véhicules et plus - collisions multiples,,,,,,,,,,,1,2,6,2.0,5
201200001790,0012-11-10 17:30:00,12,11,10,17,30,10,53,KENNEDY BVD J  - IMPAIR,,,Nuit avec éclairage allumé,En agglomération,Hors intersection,Pluie légère,Trois véhicules et plus - collisions multiples,,,,,,,,,,,5,2,1,2.0,5
201200001791,0012-11-13 15:05:00,12,11,13,15,5,10,53,"00, VERNE (AVENUE JEAN M",,,Plein jour,En agglomération,Intersection en X,Normale,Deux véhicules - frontale,,,,,,,,,,,1,2,2,1.0,1
201200001792,0012-11-16 13:50:00,12,11,16,13,50,10,53,"33, FERRY ( BOULEVARD JU",,,Plein jour,En agglomération,Hors intersection,Normale,Deux véhicules - arrière,,,,,,,,,,,1,2,1,1.0,2
201200001793,0012-11-22 12:30:00,12,11,22,12,30,10,451,LEPINE ( RUE ),,,Plein jour,En agglomération,Intersection en X,Normale,Deux véhicules - côté,,,,,,,,,,,1,2,2,1.0,3
201200001794,0012-11-25 18:55:00,12,11,25,18,55,10,53,MERCIER (AVENUE AMEDEE D,,,Nuit avec éclairage allumé,En agglomération,Hors intersection,Normale,Deux véhicules - frontale,,,,,,,,,,,5,2,1,1.0,1
201200001795,0012-11-25 19:15:00,12,11,25,19,15,10,53,"6, HUGO ( BD VICTOR) PAI",,,Nuit avec éclairage allumé,En agglomération,Hors intersection,Normale,Deux véhicules - arrière,,,,,,,,,,,5,2,1,1.0,2
201200001796,0012-11-25 19:55:00,12,11,25,19,55,10,451,"381, BOURG  ( ROUTE DE )",,,Nuit avec éclairage allumé,En agglomération,Hors intersection,Pluie légère,Deux véhicules - côté,,,,,,,,,,,5,2,1,2.0,3
201200001797,0012-11-26 12:05:00,12,11,26,12,5,10,451,BAISSES ( CHEMIN DES ),,,Plein jour,Hors agglomération,Intersection en Y,Pluie forte,Deux véhicules - côté,,,,,,,,,,,1,1,4,3.0,3
201200001798,0012-11-26 17:55:00,12,11,26,17,55,10,53,BAD KREUZNACH  (AVENUE D,,,Nuit avec éclairage allumé,En agglomération,Hors intersection,Pluie forte,Deux véhicules - arrière,,,,,,,,,,,5,2,1,3.0,2
201200001799,0012-11-28 17:45:00,12,11,28,17,45,10,451,ROCADE NORD,,,Nuit sans éclairage public,Hors agglomération,Hors intersection,Pluie forte,Trois véhicules et plus - collisions multiples,,,,,,,,,,,3,1,1,3.0,5
201200001800,0012-12-04 14:30:00,12,12,4,14,30,10,451,"sans, RN479 / A40----> R",,,Plein jour,Hors agglomération,Intersection en T,Normale,Autre collision,,,,,,,,,,,1,1,3,1.0,6
201200001801,0012-12-04 16:10:00,12,12,4,16,10,10,53,"1, VALERY ( BD PAUL ) IM",,,Crépuscule ou aube,En agglomération,Hors intersection,Autre,Autre collision,,,,,,,,,,,2,2,1,9.0,6
201200001802,0012-12-11 09:30:00,12,12,11,9,30,10,53,MAGINOT AVENUE ) DE 43 A,,,Plein jour,En agglomération,Intersection en X,Normale,Deux véhicules - côté,,,,,,,,,,,1,2,2,1.0,3
201200001803,0012-12-11 17:05:00,12,12,11,17,5,10,53,"50, NODET ( RUE DU DOCTE",,,Nuit avec éclairage allumé,En agglomération,Hors intersection,Normale,Deux véhicules - côté,,,,,,,,,,,5,2,1,1.0,3
201200001804,0012-12-13 08:30:00,12,12,13,8,30,10,53,HERRIOT ( BOULEVARD EDOU,,,Plein jour,En agglomération,Intersection en X,Normale,Deux véhicules - frontale,,,,,,,,,,,1,2,2,1.0,1
201200001805,0012-12-17 08:10:00,12,12,17,8,10,10,53,"109, BROU ( BD N?65 B A",,,Plein jour,En agglomération,Hors intersection,Pluie légère,Trois véhicules et plus - en chaîne,,,,,,,,,,,1,2,1,2.0,4
201200001806,0012-12-17 09:45:00,12,12,17,9,45,10,451,PARIS (ROUTE DE),,,Plein jour,Hors agglomération,Giratoire,Pluie légère,Deux véhicules - côté,,,,,,,,,,,1,1,6,2.0,3
201200001807,0012-12-18 12:00:00,12,12,18,12,0,10,53,"1, 4 SEPTEMBRE ( RUE DU",,,Plein jour,En agglomération,Autre intersection,Pluie légère,Autre collision,,,,,,,,,,,1,2,9,2.0,6
201200001808,0012-12-19 16:00:00,12,12,19,16,0,10,53,"31, FERRY ( BOULEVARD JU",,,Plein jour,En agglomération,Intersection en T,Normale,Trois véhicules et plus - collisions multiples,,,,,,,,,,,1,2,3,1.0,5
201200001809,0012-12-31 10:10:00,12,12,31,10,10,10,53,"75, MERCIER (AVENUE AMED",,,Plein jour,En agglomération,Hors intersection,Normale,Deux véhicules - arrière,,,,,,,,,,,1,2,1,1.0,2
201200001810,0012-12-31 14:30:00,12,12,31,14,30,10,289,COUPES BLANCHES (CHEMIN,,,Plein jour,Hors agglomération,Intersection en X,Normale,Trois véhicules et plus - collisions multiples,,,,,,,,,,,1,1,2,1.0,5
201200001811,0012-03-27 17:45:00,12,3,27,17,45,610,419,L'ETRE CHAPELLE,,,Plein jour,Hors agglomération,Intersection en T,Normale,Deux véhicules - côté,,,,,,,,,,,1,1,3,1.0,3
201200001812,0012-04-08 19:45:00,12,4,8,19,45,610,175,MENIL SEBERT,,,Plein jour,Hors agglomération,Hors intersection,Normale,Deux véhicules - frontale,,,,,,,,,,,1,1,1,1.0,1
201200001813,0012-05-02 15:15:00,12,5,2,15,15,610,203,LA LONDONNERIE,,,Plein jour,En agglomération,Hors intersection,Normale,Deux véhicules - frontale,,,,,,,,,,,1,2,1,1.0,1
201200001814,0012-06-04 22:45:00,12,6,4,22,45,610,427,,48.588,-0.197,Nuit sans éclairage public,Hors agglomération,Hors intersection,Normale,Sans collision,,,,,,,,,,,3,1,1,1.0,7
201200001815,0012-07-14 01:45:00,12,7,14,1,45,610,382,LA FORTINIERE,,,Nuit sans éclairage public,Hors agglomération,Hors intersection,Pluie légère,Trois véhicules et plus - en chaîne,,,,,,,,,,,3,1,1,2.0,4
201200001816,0012-06-10 14:00:00,12,6,10,14,0,610,26,,48.472,0.352,Plein jour,Hors agglomération,Hors intersection,Pluie légère,Deux véhicules - frontale,,,,,,,,,,,1,1,1,2.0,1
201200001817,0012-07-08 11:00:00,12,7,8,11,0,610,256,Carrefour D240 et D16,48.683,0.09,Plein jour,En agglomération,Intersection en X,Normale,Deux véhicules - côté,,,,,,,,,,,1,2,2,1.0,3
201200001818,0012-09-12 10:00:00,12,9,12,10,0,610,215,,48.518,0.357,Plein jour,Hors agglomération,Autre intersection,Normale,Deux véhicules - côté,,,,,,,,,,,1,1,9,1.0,3
201200001819,0012-02-26 01:30:00,12,2,26,1,30,610,358,,,,Nuit sans éclairage public,Hors agglomération,Hors intersection,Normale,Sans collision,,,,,,,,,,,3,1,1,1.0,7
201200001820,0012-03-03 14:30:00,12,3,3,14,30,610,285,LA COUTURE,,,Plein jour,Hors agglomération,Hors intersection,Pluie légère,Sans collision,,,,,,,,,,,1,1,1,2.0,7
201200001821,0012-03-08 08:15:00,12,3,8,8,15,610,285,,48.769,-0.134,Plein jour,Hors agglomération,Intersection en T,Normale,Deux véhicules - arrière,,,,,,,,,,,1,1,3,1.0,2
201200001822,0012-04-11 09:45:00,12,4,11,9,45,610,283,LE GRAND CHEMIN,,,Plein jour,En agglomération,Intersection en X,Normale,Deux véhicules - côté,,,,,,,,,,,1,2,2,1.0,3
201200001823,0012-04-03 12:30:00,12,4,3,12,30,610,303,SAINT LEGER,,,Plein jour,Hors agglomération,Hors intersection,Normale,Deux véhicules - côté,,,,,,,,,,,1,1,1,1.0,3
201200001824,0012-05-13 19:15:00,12,5,13,19,15,610,494,LES PRES GONTIERS,,,Plein jour,Hors agglomération,Intersection en T,Normale,Deux véhicules - côté,,,,,,,,,,,1,1,3,1.0,3
201200001825,0012-06-02 17:15:00,12,6,2,17,15,610,496,,48.773,0.033,Plein jour,Hors agglomération,Hors intersection,Normale,Sans collision,,,,,,,,,,,1,1,1,1.0,7
201200001826,0012-07-28 15:45:00,12,7,28,15,45,610,285,,,,Plein jour,Hors agglomération,Intersection en Y,Normale,Deux véhicules - arrière,,,,,,,,,,,1,1,4,1.0,2