accident_id,datetime,annee,mois,jour,heure,minute,departement,commune_insee,adresse,latitude,longitude,luminosite,agglomeration,intersection,meteo,collision,nb_vehicules,nb_usagers,nb_indemnes,nb_tues,nb_blesses_hosp,nb_blesses_legers,age_cond_1,age_cond_2,veh_type_cond_1,veh_type_cond_2,lum_code,agg_code,int_code,atm_code,col_code
201200001961,0012-02-15 22:30:00,12,2,15,22,30,440,205,la marchanderie,47.442,-1.456,Nuit sans éclairage public,Hors agglomération,Hors intersection,Normale,Autre collision,,,,,,,,,,,3,1,1,1.0,6
201200001962,0012-05-05 14:45:00,12,5,5,14,45,440,73,,47.432,-1.603,Plein jour,Hors agglomération,Intersection en X,Normale,Deux véhicules - côté,,,,,,,,,,,1,1,2,1.0,3
201200001963,0012-06-01 16:30:00,12,6,1,16,30,440,122,,47.428,-1.436,Plein jour,Hors agglomération,Intersection en X,Normale,Deux véhicules - côté,,,,,,,,,,,1,1,2,1.0,3
201200001964,0012-06-09 18:30:00,12,6,9,18,30,440,73,la tondrie,47.426,-1.687,Plein jour,Hors agglomération,Hors intersection,Normale,Deux véhicules - frontale,,,,,,,,,,,1,1,1,1.0,1
201200001965,0012-06-01 07:45:00,12,6,1,7,45,440,27,,,,Plein jour,Hors agglomération,Hors intersection,Normale,Deux véhicules - côté,,,,,,,,,,,1,1,1,1.0,3
201200001966,0012-06-27 17:15:00,12,6,27,17,15,440,110,Port Cormier,47.438,-1.488,Plein jour,Hors agglomération,Hors intersection,Normale,Deux véhicules - frontale,,,,,,,,,,,1,1,1,1.0,1
201200001967,0012-08-17 09:45:00,12,8,17,9,45,440,110,6 BLD PAUL DOUMER,,,Plein jour,En agglomération,Hors intersection,Normale,Autre collision,,,,,,,,,,,1,2,1,1.0,6
201200001968,0012-08-21 10:30:00,12,8,21,10,30,440,110,la coquinière,47.41,-1.423,Plein jour,Hors agglomération,Hors intersection,Normale,Deux véhicules - frontale,,,,,,,,,,,1,1,1,1.0,1
201200001969,0012-09-02 18:15:00,12,9,2,18,15,440,73,,47.458,-1.678,Plein jour,Hors agglomération,Hors intersection,Normale,Deux véhicules - frontale,,,,,,,,,,,1,1,1,1.0,1
201200001970,0012-10-05 18:15:00,12,10,5,18,15,440,73,,47.42,-1.653,Plein jour,En agglomération,Hors intersection,Temps éblouissant,Deux véhicules - côté,,,,,,,,,,,1,2,1,7.0,3
201200001971,0012-10-20 16:00:00,12,10,20,16,0,440,73,,47.431,-1.618,Plein jour,Hors agglomération,Hors intersection,Normale,Trois véhicules et plus - en chaîne,,,,,,,,,,,1,1,1,1.0,4
201200001972,0012-11-14 07:30:00,12,11,14,7,30,440,122,,47.428,-1.436,Crépuscule ou aube,Hors agglomération,Hors intersection,Temps couvert,Deux véhicules - côté,,,,,,,,,,,2,1,1,8.0,3
201200001973,0012-11-17 00:15:00,12,11,17,0,15,440,73,,47.432,-1.603,Nuit sans éclairage public,Hors agglomération,Hors intersection,Pluie légère,Autre collision,,,,,,,,,,,3,1,1,2.0,6
201200001974,0012-11-22 07:45:00,12,11,22,7,45,440,110,,47.442,-1.532,Nuit sans éclairage public,Hors agglomération,Hors intersection,Normale,Deux véhicules - frontale,,,,,,,,,,,3,1,1,1.0,1
201200001975,0012-07-15 20:00:00,12,7,15,20,0,440,149,le trésor,,,Plein jour,Hors agglomération,Intersection en X,Normale,Deux véhicules - côté,,,,,,,,,,,1,1,2,1.0,3
201200001976,0012-07-22 16:45:00,12,7,22,16,45,440,1,52 RUE DU BOULAY PATY,47.557,-1.524,Nuit avec éclairage non allumé,En agglomération,Hors intersection,Normale,Autre collision,,,,,,,,,,,4,2,1,1.0,6
201200001977,0012-08-19 14:00:00,12,8,19,14,0,440,113,beaulieu,,,Plein jour,Hors agglomération,Hors intersection,Normale,Deux véhicules - côté,,,,,,,,,,,1,1,1,1.0,3
201200001978,0012-11-24 00:15:00,12,11,24,0,15,440,113,,47.562,-1.636,Nuit sans éclairage public,Hors agglomération,Hors intersection,Normale,Autre collision,,,,,,,,,,,3,1,1,1.0,6
201200001979,0012-06-15 20:00:00,12,6,15,20,0,440,120,,,,Plein jour,Hors agglomération,Hors intersection,Normale,Sans collision,,,,,,,,,,,1,1,1,1.0,7
201200001980,0012-08-15 05:45:00,12,8,15,5,45,440,120,,,,Nuit sans éclairage public,Hors agglomération,Hors intersection,Pluie forte,Sans collision,,,,,,,,,,,3,1,1,3.0,7
201200001981,0012-08-27 06:15:00,12,8,27,6,15,440,130,la croix bayonne,,,Plein jour,Hors agglomération,Intersection en X,Normale,Deux véhicules - côté,,,,,,,,,,,1,1,2,1.0,3
201200001982,0012-09-19 14:45:00,12,9,19,14,45,440,18,,,,Plein jour,Hors agglomération,Hors intersection,Normale,Trois véhicules et plus - en chaîne,,,,,,,,,,,1,1,1,1.0,4
201200001983,0012-03-14 12:15:00,12,3,14,12,15,440,131,Le val St Martin,,,Plein jour,Hors agglomération,Hors intersection,Normale,Deux véhicules - frontale,,,,,,,,,,,1,1,1,1.0,1
201200001984,0012-03-16 21:00:00,12,3,16,21,0,440,131,,,,Nuit sans éclairage public,Hors agglomération,Hors intersection,Normale,Deux véhicules - frontale,,,,,,,,,,,3,1,1,1.0,1
201200001985,0012-04-16 12:45:00,12,4,16,12,45,440,136,Rues Fossettes/Noe Gast,47.14,-2.24,Plein jour,Hors agglomération,Intersection en X,Normale,Deux véhicules - côté,,,,,,,,,,,1,1,2,1.0,3
201200001986,0012-05-26 02:00:00,12,5,26,2,0,440,40,,,,Nuit sans éclairage public,Hors agglomération,Hors intersection,Normale,Deux véhicules - frontale,,,,,,,,,,,3,1,1,1.0,1
201200001987,0012-08-14 01:00:00,12,8,14,1,0,440,131,rte bleue,,,Nuit sans éclairage public,Hors agglomération,Hors intersection,Normale,Autre collision,,,,,,,,,,,3,1,1,1.0,6
201200001988,0012-08-30 18:15:00,12,8,30,18,15,440,131,,46.998,-1.917,Plein jour,Hors agglomération,Hors intersection,Normale,Autre collision,,,,,,,,,,,1,1,1,1.0,6
201200001989,0012-11-09 18:45:00,12,11,9,18,45,440,21,,47.041,-1.936,Nuit sans éclairage public,Hors agglomération,Hors intersection,Pluie légère,Deux véhicules - frontale,,,,,,,,,,,3,1,1,2.0,1
201200001990,0012-01-13 13:45:00,12,1,13,13,45,440,182,les gatineaux,47.171,-2.141,Plein jour,Hors agglomération,Hors intersection,Normale,Deux véhicules - arrière,,,,,,,,,,,1,1,1,1.0,2
201200001991,0012-02-18 11:30:00,12,2,18,11,30,440,192,L'Aubretais,47.265,-1.97,Plein jour,Hors agglomération,Hors intersection,Normale,Trois véhicules et plus - collisions multiples,,,,,,,,,,,1,1,1,1.0,5
201200001992,0012-03-30 18:45:00,12,3,30,18,45,440,38,l'ardillette,,,Plein jour,Hors agglomération,Hors intersection,Normale,Autre collision,,,,,,,,,,,1,1,1,1.0,6
201200001993,0012-04-24 17:30:00,12,4,24,17,30,440,46,LES MOISANS,47.277,-2.092,Plein jour,Hors agglomération,Hors intersection,Normale,Trois véhicules et plus - collisions multiples,,,,,,,,,,,1,1,1,1.0,5
201200001994,0012-08-12 14:15:00,12,8,12,14,15,440,154,pont de st nazaire,47.274,-2.161,Plein jour,Hors agglomération,Hors intersection,Normale,Trois véhicules et plus - en chaîne,,,,,,,,,,,1,1,1,1.0,4
201200001995,0012-11-15 17:15:00,12,11,15,17,15,440,5,,47.124,-1.951,Crépuscule ou aube,Hors agglomération,Intersection en X,Normale,Deux véhicules - côté,,,,,,,,,,,2,1,2,1.0,3
201200001996,0012-11-20 19:00:00,12,11,20,19,0,440,182,,47.17,-2.142,Nuit sans éclairage public,Hors agglomération,Hors intersection,Normale,Deux véhicules - côté,,,,,,,,,,,3,1,1,1.0,3
201200001997,0012-11-23 11:30:00,12,11,23,11,30,440,116,rue Ren? Moritz,,,Plein jour,En agglomération,Hors intersection,Pluie légère,Deux véhicules - frontale,,,,,,,,,,,1,2,1,2.0,1
201200001998,0012-11-24 13:30:00,12,11,24,13,30,440,187,,47.272,-2.049,Plein jour,Hors agglomération,Intersection en T,Temps couvert,Deux véhicules - côté,,,,,,,,,,,1,1,3,8.0,3
201200001999,0012-11-30 18:30:00,12,11,30,18,30,440,154,,47.261,-2.167,Nuit avec éclairage allumé,En agglomération,Hors intersection,Normale,Sans collision,,,,,,,,,,,5,2,1,1.0,7
201200002000,0012-02-26 20:45:00,12,2,26,20,45,440,186,Le Moulin Henriet,,,Nuit sans éclairage public,Hors agglomération,Hors intersection,Normale,Autre collision,,,,,,,,,,,3,1,1,1.0,6
201200002001,0012-03-20 19:00:00,12,3,20,19,0,440,145,RUE JOSEPH CUGNOT,47.2,-1.843,Crépuscule ou aube,Hors agglomération,Hors intersection,Temps éblouissant,Deux véhicules - frontale,,,,,,,,,,,2,1,1,7.0,1
201200002002,0012-03-30 20:15:00,12,3,30,20,15,440,87,Bd atlantique/prises.,,,Plein jour,En agglomération,Intersection en T,Normale,Deux véhicules - côté,,,,,,,,,,,1,2,3,1.0,3
201200002003,0012-04-20 19:30:00,12,4,20,19,30,440,87,BVD DE L ATLANTIQUE RD13,,,Plein jour,En agglomération,Hors intersection,Normale,Trois véhicules et plus - collisions multiples,,,,,,,,,,,1,2,1,1.0,5
201200002004,0012-04-27 21:30:00,12,4,27,21,30,440,87,LA DOUCETIERE,,,Crépuscule ou aube,Hors agglomération,Hors intersection,Pluie légère,Autre collision,,,,,,,,,,,2,1,1,2.0,6
201200002005,0012-05-12 10:45:00,12,5,12,10,45,440,87,,,,Plein jour,Hors agglomération,Hors intersection,Normale,Deux véhicules - arrière,,,,,,,,,,,1,1,1,1.0,2
201200002006,0012-06-09 21:15:00,12,6,9,21,15,440,87,le lochais,47.002,-1.804,Plein jour,Hors agglomération,Hors intersection,Normale,Autre collision,,,,,,,,,,,1,1,1,1.0,6
201200002007,0012-06-28 12:15:00,12,6,28,12,15,440,133,la jutière,47.127,-1.737,Plein jour,Hors agglomération,Intersection en X,Normale,Deux véhicules - côté,,,,,,,,,,,1,1,2,1.0,3
201200002008,0012-07-27 02:15:00,12,7,27,2,15,440,133,le brandais,,,Nuit sans éclairage public,Hors agglomération,Hors intersection,Normale,Deux véhicules - frontale,,,,,,,,,,,3,1,1,1.0,1
201200002009,0012-09-13 09:00:00,12,9,13,9,0,440,145,,,,Plein jour,Hors agglomération,Hors intersection,Temps éblouissant,Deux véhicules - côté,,,,,,,,,,,1,1,1,7.0,3
201200002010,0012-09-23 07:00:00,12,9,23,7,0,440,90,,,,Nuit sans éclairage public,Hors agglomération,Hors intersection,Pluie légère,Autre collision,,,,,,,,,,,3,1,1,2.0,6
201200002011,0012-09-25 12:45:00,12,9,25,12,45,440,87,,46.997,-1.778,Plein jour,Hors agglomération,Hors intersection,Normale,Trois véhicules et plus - collisions multiples,,,,,,,,,,,1,1,1,1.0,5
201200002012,0012-10-03 16:15:00,12,10,3,16,15,440,186,Rue de bazouin,,,Plein jour,En agglomération,Giratoire,Temps couvert,Deux véhicules - côté,,,,,,,,,,,1,2,6,8.0,3
201200002013,0012-10-13 11:45:00,12,10,13,11,45,440,145,,,,Plein jour,Hors agglomération,Hors intersection,Pluie légère,Deux véhicules - côté,,,,,,,,,,,1,1,1,2.0,3
201200002014,0012-10-18 18:45:00,12,10,18,18,45,440,186,,,,Crépuscule ou aube,Hors agglomération,Hors intersection,Pluie légère,Sans collision,,,,,,,,,,,2,1,1,2.0,7
201200002015,0012-10-19 15:15:00,12,10,19,15,15,440,133,,,,Plein jour,Hors agglomération,Hors intersection,Normale,Deux véhicules - côté,,,,,,,,,,,1,1,1,1.0,3
201200002016,0012-10-21 16:00:00,12,10,21,16,0,440,119,,,,Plein jour,Hors agglomération,Hors intersection,Temps couvert,Autre collision,,,,,,,,,,,1,1,1,8.0,6
201200002017,0012-02-02 05:15:00,12,2,2,5,15,440,47,la montagne,,,Nuit sans éclairage public,Hors agglomération,Hors intersection,Normale,Autre collision,,,,,,,,,,,3,1,1,1.0,6
201200002018,0012-03-16 02:40:00,12,3,16,2,40,440,47,,,,Nuit sans éclairage public,Hors agglomération,Hors intersection,Brouillard / fumée,Sans collision,,,,,,,,,,,3,1,1,5.0,7
201200002019,0012-07-25 04:00:00,12,7,25,4,0,440,47,la moye,,,Nuit avec éclairage allumé,Hors agglomération,Hors intersection,Normale,Sans collision,,,,,,,,,,,5,1,1,1.0,7
201200002020,0012-09-26 07:15:00,12,9,26,7,15,440,47,,,,Nuit sans éclairage public,Hors agglomération,Hors intersection,Normale,Trois véhicules et plus - collisions multiples,,,,,,,,,,,3,1,1,1.0,5
201200002021,0012-11-02 19:30:00,12,11,2,19,30,440,74,,,,Nuit sans éclairage public,Hors agglomération,Hors intersection,Pluie légère,Deux véhicules - côté,,,,,,,,,,,3,1,1,2.0,3
201200002022,0012-11-20 08:00:00,12,11,20,8,0,440,47,rue Henri Gautier,,,Crépuscule ou aube,En agglomération,Hors intersection,Normale,Deux véhicules - arrière,,,,,,,,,,,2,2,1,1.0,2
201200002023,0012-01-28 15:15:00,12,1,28,15,15,440,72,rd pt de nantes,47.453,-2.317,Plein jour,Hors agglomération,Giratoire,Normale,Sans collision,,,,,,,,,,,1,1,6,1.0,7
201200002024,0012-02-15 11:15:00,12,2,15,11,15,440,175,Kerlo,47.376,-2.351,Plein jour,Hors agglomération,Intersection en X,Temps couvert,Deux véhicules - côté,,,,,,,,,,,1,1,2,8.0,3
201200002025,0012-02-24 07:15:00,12,2,24,7,15,440,211,rue Garlahy,47.355,-2.516,Crépuscule ou aube,En agglomération,Hors intersection,Pluie légère,Deux véhicules - frontale,,,,,,,,,,,2,2,1,2.0,1
201200002026,0012-03-13 17:00:00,12,3,13,17,0,440,69,,47.307,-2.408,Plein jour,Hors agglomération,Hors intersection,Normale,Deux véhicules - côté,,,,,,,,,,,1,1,1,1.0,3
201200002027,0012-04-14 18:30:00,12,4,14,18,30,440,49,rue du traict,,,Plein jour,En agglomération,Hors intersection,Normale,Autre collision,,,,,,,,,,,1,2,1,1.0,6
201200002028,0012-04-15 11:45:00,12,4,15,11,45,440,69,bonne source,47.333,-2.43,Plein jour,En agglomération,Giratoire,Normale,Deux véhicules - côté,,,,,,,,,,,1,2,6,1.0,3
201200002029,0012-05-13 08:30:00,12,5,13,8,30,440,10,Rue de Casse Cailloux,47.282,-2.492,Plein jour,En agglomération,Hors intersection,Normale,Autre collision,,,,,,,,,,,1,2,1,1.0,6
201200002030,0012-05-19 15:15:00,12,5,19,15,15,440,69,cogea,47.346,-2.349,Plein jour,Hors agglomération,Hors intersection,Pluie légère,Sans collision,,,,,,,,,,,1,1,1,2.0,7
201200002031,0012-05-28 05:30:00,12,5,28,5,30,440,69,,47.303,-2.399,Crépuscule ou aube,Hors agglomération,Hors intersection,Normale,Autre collision,,,,,,,,,,,2,1,1,1.0,6
201200002032,0012-06-07 17:15:00,12,6,7,17,15,440,69,parking magasin LECLERC,,,Plein jour,En agglomération,Place,Normale,Autre collision,,,,,,,,,,,1,2,7,1.0,6
201200002033,0012-07-15 16:30:00,12,7,15,16,30,440,69,LIEU DIT MIROUX,,,Plein jour,En agglomération,Hors intersection,Normale,Deux véhicules - arrière,,,,,,,,,,,1,2,1,1.0,2
201200002034,0012-08-09 20:00:00,12,8,9,20,0,440,10,1 route de Roffiat 44740,,,Plein jour,En agglomération,Hors intersection,Temps éblouissant,Autre collision,,,,,,,,,,,1,2,1,7.0,6
201200002035,0012-08-22 18:45:00,12,8,22,18,45,440,175,,,,Plein jour,Hors agglomération,Hors intersection,Normale,Deux véhicules - côté,,,,,,,,,,,1,1,1,1.0,3
201200002036,0012-09-11 10:45:00,12,9,11,10,45,440,69,,47.33,-2.337,Plein jour,Hors agglomération,Hors intersection,Temps couvert,Deux véhicules - frontale,,,,,,,,,,,1,1,1,8.0,1
201200002037,0012-09-16 11:15:00,12,9,16,11,15,440,72,,47.508,-2.27,Plein jour,Hors agglomération,Hors intersection,Normale,Deux véhicules - frontale,,,,,,,,,,,1,1,1,1.0,1
201200002038,0012-11-01 19:00:00,12,11,1,19,0,440,184,,47.261,-2.27,Nuit sans éclairage public,Hors agglomération,Hors intersection,Pluie légère,Deux véhicules - frontale,,,,,,,,,,,3,1,1,2.0,1
201200002039,0012-01-06 20:45:00,12,1,6,20,45,440,52,,47.342,-2.01399,Nuit sans éclairage public,Hors agglomération,Hors intersection,Normale,Deux véhicules - frontale,,,,,,,,,,,3,1,1,1.0,1
201200002040,0012-01-14 19:45:00,12,1,14,19,45,440,210,,47.312,-2.203,Nuit sans éclairage public,Hors agglomération,Hors intersection,Normale,Autre collision,,,,,,,,,,,3,1,1,1.0,6
201200002041,0012-02-26 16:30:00,12,2,26,16,30,440,52,La Pommeraye,,,Plein jour,Hors agglomération,Hors intersection,Normale,Trois véhicules et plus - collisions multiples,,,,,,,,,,,1,1,1,1.0,5
201200002042,0012-04-22 19:30:00,12,4,22,19,30,440,52,RUE DE CONDE,47.339,-2.098,Plein jour,Hors agglomération,Hors intersection,Normale,Autre collision,,,,,,,,,,,1,1,1,1.0,6
201200002043,0012-05-30 15:15:00,12,5,30,15,15,440,210,,47.31,-2.203,Plein jour,Hors agglomération,Hors intersection,Normale,Trois véhicules et plus - collisions multiples,,,,,,,,,,,1,1,1,1.0,5
201200002044,0012-06-29 08:00:00,12,6,29,8,0,440,103,,,,Plein jour,Hors agglomération,Hors intersection,Normale,Deux véhicules - frontale,,,,,,,,,,,1,1,1,1.0,1
201200002045,0012-08-12 03:15:00,12,8,12,3,15,440,103,rue docteur schweitzer,,,Nuit avec éclairage non allumé,Hors agglomération,Hors intersection,Normale,Sans collision,,,,,,,,,,,4,1,1,1.0,7
201200002046,0012-08-24 10:30:00,12,8,24,10,30,440,168,Mazin,,,Plein jour,Hors agglomération,Hors intersection,Normale,Deux véhicules - frontale,,,,,,,,,,,1,1,1,1.0,1
201200002047,0012-10-22 12:15:00,12,10,22,12,15,440,176,Cd 50 - rue Jules Verne,47.349,-2.172,Plein jour,En agglomération,Hors intersection,Temps couvert,Deux véhicules - côté,,,,,,,,,,,1,2,1,8.0,3
201200002048,0012-11-28 14:45:00,12,11,28,14,45,440,103,Rue des Pat?res,47.336,-2.178,Plein jour,En agglomération,Autre intersection,Normale,Deux véhicules - côté,,,,,,,,,,,1,2,9,1.0,3
201200002049,0012-01-20 17:30:00,12,1,20,17,30,440,161,La croix des Riaux,47.494,-2.049,Plein jour,Hors agglomération,Hors intersection,Normale,Trois véhicules et plus - collisions multiples,,,,,,,,,,,1,1,1,1.0,5
201200002050,0012-05-24 17:00:00,12,5,24,17,0,440,129,Chateau Gaillard,,,Plein jour,Hors agglomération,Intersection en X,Normale,Deux véhicules - côté,,,,,,,,,,,1,1,2,1.0,3
201200002051,0012-08-11 18:30:00,12,8,11,18,30,440,98,rue du ch?teau,,,Plein jour,En agglomération,Hors intersection,Normale,Autre collision,,,,,,,,,,,1,2,1,1.0,6
201200002052,0012-08-29 06:45:00,12,8,29,6,45,440,189,,,,Plein jour,Hors agglomération,Hors intersection,Normale,Deux véhicules - frontale,,,,,,,,,,,1,1,1,1.0,1
201200002053,0012-08-28 17:30:00,12,8,28,17,30,440,152,,,,Plein jour,Hors agglomération,Hors intersection,Normale,Deux véhicules - frontale,,,,,,,,,,,1,1,1,1.0,1
201200002054,0012-11-12 19:00:00,12,11,12,19,0,440,68,,,,Nuit sans éclairage public,Hors agglomération,Hors intersection,Normale,Deux véhicules - frontale,,,,,,,,,,,3,1,1,1.0,1
201200002055,0012-12-04 19:30:00,12,12,4,19,30,440,152,,,,Nuit sans éclairage public,Hors agglomération,Autre intersection,Normale,Deux véhicules - frontale,,,,,,,,,,,3,1,9,1.0,1
201200002056,0012-12-21 19:45:00,12,12,21,19,45,440,68,GUENROUET,,,Nuit avec éclairage allumé,En agglomération,Hors intersection,Normale,Deux véhicules - frontale,,,,,,,,,,,5,2,1,1.0,1
201200002057,0012-12-21 14:00:00,12,12,21,14,0,440,161,la missioroute de redon,,,Plein jour,En agglomération,Autre intersection,Normale,Autre collision,,,,,,,,,,,1,2,9,1.0,6
201200002058,0012-12-29 01:15:00,12,12,29,1,15,440,189,,,,Nuit sans éclairage public,Hors agglomération,Hors intersection,Temps couvert,Deux véhicules - frontale,,,,,,,,,,,3,1,1,8.0,1
201200002059,0012-06-14 07:45:00,12,6,14,7,45,440,109,bel abord,,,Plein jour,Hors agglomération,Intersection en X,Normale,Deux véhicules - côté,,,,,,,,,,,1,1,2,1.0,3
201200002060,0012-11-23 19:00:00,12,11,23,19,0,440,194,D26 rue de la Vall?e,,,Nuit avec éclairage allumé,En agglomération,Hors intersection,Autre,Sans collision,,,,,,,,,,,5,2,1,9.0,7
201200002061,0012-03-21 16:30:00,12,3,21,16,30,440,137,rue de donges,47.367,-2.00999,Plein jour,En agglomération,Hors intersection,Normale,Autre collision,,,,,,,,,,,1,2,1,1.0,6
201200002062,0012-09-15 05:00:00,12,9,15,5,0,440,89,,,,Nuit sans éclairage public,Hors agglomération,Hors intersection,Normale,Sans collision,,,,,,,,,,,3,1,1,1.0,7
201200002063,0012-09-28 14:30:00,12,9,28,14,30,440,137,,47.43,-2.064,Plein jour,Hors agglomération,Hors intersection,Normale,Deux véhicules - frontale,,,,,,,,,,,1,1,1,1.0,1
201200002064,0012-11-30 10:30:00,12,11,30,10,30,440,25,AVENUE DES SPORTS,,,Plein jour,En agglomération,Autre intersection,Normale,Autre collision,,,,,,,,,,,1,2,9,1.0,6
201200002065,0012-05-08 11:15:00,12,5,8,11,15,490,278,1 square des Acacias,47.42318,-0.55945,Plein jour,En agglomération,Hors intersection,Temps couvert,Autre collision,,,,,,,,,,,1,2,1,8.0,6
201200002066,0012-12-14 07:45:00,12,12,14,7,45,490,214,,47.52522,-0.60205,Nuit avec éclairage non allumé,En agglomération,Hors intersection,Pluie forte,Autre collision,,,,,,,,,,,4,2,1,3.0,6
201200002067,0012-03-16 06:30:00,12,3,16,6,30,490,194,,47.48039,-0.30259,Nuit sans éclairage public,Hors agglomération,Hors intersection,Brouillard / fumée,Deux véhicules - frontale,,,,,,,,,,,3,1,1,5.0,1
201200002068,0012-10-03 20:15:00,12,10,3,20,15,490,21,La prise,47.44764,-0.21565,Nuit sans éclairage public,Hors agglomération,Hors intersection,Normale,Deux véhicules - frontale,,,,,,,,,,,3,1,1,1.0,1
201200002069,0012-10-04 07:45:00,12,10,4,7,45,490,106,,47.47437,-0.33194,Nuit sans éclairage public,Hors agglomération,Hors intersection,Pluie forte,Autre collision,,,,,,,,,,,3,1,1,3.0,6
201200002070,0012-03-02 11:30:00,12,3,2,11,30,490,292,Les grandes Tailles,47.29276,-0.64288,Plein jour,Hors agglomération,Hors intersection,Normale,Autre collision,,,,,,,,,,,1,1,1,1.0,6
201200002071,0012-03-05 16:30:00,12,3,5,16,30,490,153,La séguinière,47.23017,-0.65631,Plein jour,Hors agglomération,Autre intersection,Normale,Deux véhicules - frontale,,,,,,,,,,,1,1,9,1.0,1
201200002072,0012-03-26 18:00:00,12,3,26,18,0,490,363,Route du grand clos,47.36525,-0.49374,Plein jour,Hors agglomération,Hors intersection,Normale,Sans collision,,,,,,,,,,,1,1,1,1.0,7
201200002073,0012-04-12 17:30:00,12,4,12,17,30,490,345,,47.26553,-0.53415,Plein jour,Hors agglomération,Intersection en X,Normale,Deux véhicules - côté,,,,,,,,,,,1,1,2,1.0,3
201200002074,0012-04-17 17:15:00,12,4,17,17,15,490,223,,47.39609,-0.5201,Plein jour,Hors agglomération,Autre intersection,Pluie légère,Deux véhicules - frontale,,,,,,,,,,,1,1,9,2.0,1
201200002075,0012-04-18 19:45:00,12,4,18,19,45,490,50,rue louis moron,47.3493,-0.44327,Plein jour,En agglomération,Giratoire,Normale,Deux véhicules - côté,,,,,,,,,,,1,2,6,1.0,3
201200002076,0012-05-01 18:30:00,12,5,1,18,30,490,345,Orille,47.24425,-0.52854,Plein jour,Hors agglomération,Intersection en X,Normale,Deux véhicules - frontale,,,,,,,,,,,1,1,2,1.0,1
201200002077,0012-07-15 11:15:00,12,7,15,11,15,490,1,,47.31389,-0.41732,Plein jour,Hors agglomération,Hors intersection,Normale,Deux véhicules - côté,,,,,,,,,,,1,1,1,1.0,3
201200002078,0012-07-16 17:45:00,12,7,16,17,45,490,292,,47.31424,-0.61316,Plein jour,Hors agglomération,Hors intersection,Normale,Deux véhicules - frontale,,,,,,,,,,,1,1,1,1.0,1
201200002079,0012-07-25 08:15:00,12,7,25,8,15,490,308,la gachetière,47.38424,-0.50969,Plein jour,Hors agglomération,Intersection en X,Normale,Deux véhicules - côté,,,,,,,,,,,1,1,2,1.0,3
201200002080,0012-08-06 13:00:00,12,8,6,13,0,490,338,Les Houx,47.33916,-0.51223,Plein jour,Hors agglomération,Hors intersection,Pluie forte,Deux véhicules - frontale,,,,,,,,,,,1,1,1,3.0,1
201200002081,0012-09-03 08:30:00,12,9,3,8,30,490,29,Le Leard,47.39032,-0.36376,Plein jour,Hors agglomération,Intersection en X,Brouillard / fumée,Deux véhicules - côté,,,,,,,,,,,1,1,2,5.0,3
201200002082,0012-10-11 18:15:00,12,10,11,18,15,490,223,12 Rue du Grand Pressoir,47.39948,-0.5276,Plein jour,En agglomération,Hors intersection,Normale,Trois véhicules et plus - collisions multiples,,,,,,,,,,,1,2,1,1.0,5
201200002083,0012-11-16 19:15:00,12,11,16,19,15,490,338,,47.37282,-0.51049,Nuit sans éclairage public,Hors agglomération,Hors intersection,Brouillard / fumée,Deux véhicules - côté,,,,,,,,,,,3,1,1,5.0,3
201200002084,0012-12-01 18:00:00,12,12,1,18,0,490,22,10 rue du Fourneau,47.3121,-0.58787,Nuit sans éclairage public,En agglomération,Hors intersection,Normale,Autre collision,,,,,,,,,,,3,2,1,1.0,6
201200002085,0012-12-04 11:00:00,12,12,4,11,0,490,223,rue valentin des ormeaux,47.39792,-0.52727,Plein jour,En agglomération,Hors intersection,Normale,Autre collision,,,,,,,,,,,1,2,1,1.0,6
201200002086,0012-12-15 19:00:00,12,12,15,19,0,490,86,Jouannet,47.25101,-0.46009,Nuit sans éclairage public,Hors agglomération,Hors intersection,Normale,Sans collision,,,,,,,,,,,3,1,1,1.0,7
201200002087,0012-03-26 04:45:00,12,3,26,4,45,490,129,Boulevard de l'Industrie,47.50196,-0.517,Nuit avec éclairage allumé,En agglomération,Hors intersection,Normale,Deux véhicules - côté,,,,,,,,,,,5,2,1,1.0,3
201200002088,0012-05-26 14:45:00,12,5,26,14,45,490,4,grande rue,47.45679,-0.39522,Plein jour,En agglomération,Intersection en T,Normale,Deux véhicules - frontale,,,,,,,,,,,1,2,3,1.0,1
201200002089,0012-02-13 21:30:00,12,2,13,21,30,490,284,le petit bois,47.41048,-0.81893,Nuit sans éclairage public,Hors agglomération,Hors intersection,Normale,Autre collision,,,,,,,,,,,3,1,1,1.0,6
201200002090,0012-03-12 22:30:00,12,3,12,22,30,490,283,CARREFOUR D723 D961,47.40877,-0.76063,Nuit avec éclairage allumé,En agglomération,Hors intersection,Normale,Deux véhicules - côté,,,,,,,,,,,5,2,1,1.0,3