accident_id,datetime,annee,mois,jour,heure,minute,departement,commune_insee,adresse,latitude,longitude,luminosite,agglomeration,intersection,meteo,collision,nb_vehicules,nb_usagers,nb_indemnes,nb_tues,nb_blesses_hosp,nb_blesses_legers,age_cond_1,age_cond_2,veh_type_cond_1,veh_type_cond_2,lum_code,agg_code,int_code,atm_code,col_code
201200002091,0012-07-15 11:15:00,12,7,15,11,15,490,265,Bigottier,47.33524,-0.6459,Plein jour,Hors agglomération,Intersection en X,Normale,Deux véhicules - côté,,,,,,,,,,,1,1,2,1.0,3
201200002092,0012-07-19 09:30:00,12,7,19,9,30,490,63,,47.35887,-0.79896,Plein jour,Hors agglomération,Hors intersection,Normale,Deux véhicules - côté,,,,,,,,,,,1,1,1,1.0,3
201200002093,0012-01-12 17:00:00,12,1,12,17,0,490,17,,47.64164,-0.34701,Crépuscule ou aube,Hors agglomération,Hors intersection,Brouillard / fumée,Deux véhicules - frontale,,,,,,,,,,,2,1,1,5.0,1
201200002094,0012-03-11 20:15:00,12,3,11,20,15,490,220,,47.73733,-0.41766,Nuit sans éclairage public,Hors agglomération,Hors intersection,Normale,Autre collision,,,,,,,,,,,3,1,1,1.0,6
201200002095,0012-03-29 07:15:00,12,3,29,7,15,490,110,,47.53512,-0.34578,Crépuscule ou aube,Hors agglomération,Hors intersection,Normale,Autre collision,,,,,,,,,,,2,1,1,1.0,6
201200002096,0012-07-10 11:30:00,12,7,10,11,30,490,127,Le plessis,47.70072,-0.26602,Plein jour,Hors agglomération,Hors intersection,Normale,Sans collision,,,,,,,,,,,1,1,1,1.0,7
201200002097,0012-05-05 17:30:00,12,5,5,17,30,490,23,,47.20781,-1.00908,Plein jour,Hors agglomération,Hors intersection,Pluie forte,Sans collision,,,,,,,,,,,1,1,1,3.0,7
201200002098,0012-06-17 07:15:00,12,6,17,7,15,490,6,,47.18037,-0.97779,Crépuscule ou aube,Hors agglomération,Hors intersection,Normale,Sans collision,,,,,,,,,,,2,1,1,1.0,7
201200002099,0012-09-30 11:00:00,12,9,30,11,0,490,23,rte du haras,47.19573,-0.99184,Plein jour,En agglomération,Hors intersection,Normale,Deux véhicules - côté,,,,,,,,,,,1,2,1,1.0,3
201200002100,0012-11-22 23:00:00,12,11,22,23,0,490,162,Rue Meleux,47.19609,-0.86838,Nuit avec éclairage allumé,En agglomération,Hors intersection,Normale,Sans collision,,,,,,,,,,,5,2,1,1.0,7
201200002101,0012-11-24 10:45:00,12,11,24,10,45,490,23,rue marechal foch,47.20181,-0.99058,Plein jour,En agglomération,Hors intersection,Normale,Deux véhicules - arrière,,,,,,,,,,,1,2,1,1.0,2
201200002102,0012-12-07 17:45:00,12,12,7,17,45,490,72,La pecussiere,47.17488,-1.01278,Crépuscule ou aube,Hors agglomération,Hors intersection,Normale,Deux véhicules - frontale,,,,,,,,,,,2,1,1,1.0,1
201200002103,0012-01-27 07:30:00,12,1,27,7,30,490,92,,47.23085,-0.75031,Nuit sans éclairage public,Hors agglomération,Giratoire,Normale,Deux véhicules - côté,,,,,,,,,,,3,1,6,1.0,3
201200002104,0012-06-08 19:10:00,12,6,8,19,10,490,195,,47.04153,-0.82145,Plein jour,Hors agglomération,Intersection en X,Normale,Deux véhicules - côté,,,,,,,,,,,1,1,2,1.0,3
201200002105,0012-10-12 19:45:00,12,10,12,19,45,490,92,Rue Nationale,47.21361,-0.73093,Nuit avec éclairage allumé,En agglomération,Intersection en T,Normale,Deux véhicules - côté,,,,,,,,,,,5,2,3,1.0,3
201200002106,0012-10-27 17:15:00,12,10,27,17,15,490,343,le Palnay,46.99694,-0.84246,Crépuscule ou aube,Hors agglomération,Intersection en X,Temps éblouissant,Deux véhicules - côté,,,,,,,,,,,2,1,2,7.0,3
201200002107,0012-02-08 12:15:00,12,2,8,12,15,490,332,,47.08005,-0.96479,Plein jour,Hors agglomération,Hors intersection,Autre,Deux véhicules - arrière,,,,,,,,,,,1,1,1,9.0,2
201200002108,0012-03-24 17:45:00,12,3,24,17,45,490,206,rue d'Anjou,47.08965,-1.13634,Plein jour,Hors agglomération,Hors intersection,Normale,Trois véhicules et plus - collisions multiples,,,,,,,,,,,1,1,1,1.0,5
201200002109,0012-03-29 17:00:00,12,3,29,17,0,490,264,,47.09223,-1.00716,Plein jour,Hors agglomération,Intersection en X,Normale,Deux véhicules - côté,,,,,,,,,,,1,1,2,1.0,3
201200002110,0012-05-26 16:45:00,12,5,26,16,45,490,258,Doizy,47.13746,-1.04562,Plein jour,Hors agglomération,Intersection en X,Normale,Deux véhicules - côté,,,,,,,,,,,1,1,2,1.0,3
201200002111,0012-05-31 09:45:00,12,5,31,9,45,490,299,7 rue de bretagne,47.09201,-0.91131,Plein jour,En agglomération,Hors intersection,Normale,Autre collision,,,,,,,,,,,1,2,1,1.0,6
201200002112,0012-06-17 22:00:00,12,6,17,22,0,490,258,Les Douinieres,47.12557,-1.03986,Nuit sans éclairage public,Hors agglomération,Hors intersection,Normale,Autre collision,,,,,,,,,,,3,1,1,1.0,6
201200002113,0012-09-28 17:30:00,12,9,28,17,30,490,349,,47.12912,-1.12729,Crépuscule ou aube,Hors agglomération,Hors intersection,Pluie légère,Autre collision,,,,,,,,,,,2,1,1,2.0,6
201200002114,0012-12-07 10:00:00,12,12,7,10,0,490,350,La bouchaillere,47.05668,-1.03905,Plein jour,Hors agglomération,Hors intersection,Normale,Deux véhicules - côté,,,,,,,,,,,1,1,1,1.0,3
201200002115,0012-01-22 05:45:00,12,1,22,5,45,490,69,Les pièces,47.3219,-1.2802,Nuit sans éclairage public,Hors agglomération,Hors intersection,Normale,Autre collision,,,,,,,,,,,3,1,1,1.0,6
201200002116,0012-01-27 08:15:00,12,1,27,8,15,490,177,Le Fourneau,47.35694,-1.17387,Crépuscule ou aube,En agglomération,Hors intersection,Brouillard / fumée,Autre collision,,,,,,,,,,,2,2,1,5.0,6
201200002117,0012-03-12 09:45:00,12,3,12,9,45,490,34,,47.31162,-0.9635,Plein jour,Hors agglomération,Hors intersection,Normale,Deux véhicules - frontale,,,,,,,,,,,1,1,1,1.0,1
201200002118,0012-04-25 23:45:00,12,4,25,23,45,490,34,la croix baron,47.32034,-1.0119,Nuit sans éclairage public,Hors agglomération,Hors intersection,Normale,Sans collision,,,,,,,,,,,3,1,1,1.0,7
201200002119,0012-05-03 16:45:00,12,5,3,16,45,490,218,Allee du rocher,47.25519,-1.04472,Plein jour,En agglomération,Hors intersection,Normale,Deux véhicules - frontale,,,,,,,,,,,1,2,1,1.0,1
201200002120,0012-06-03 03:30:00,12,6,3,3,30,490,204,La grande Noue,47.34645,-0.92412,Nuit sans éclairage public,Hors agglomération,Hors intersection,Normale,Autre collision,,,,,,,,,,,3,1,1,1.0,6
201200002121,0012-06-03 16:15:00,12,6,3,16,15,490,252,Le Taillis,47.23514,-1.10633,Plein jour,Hors agglomération,Hors intersection,Normale,Deux véhicules - arrière,,,,,,,,,,,1,1,1,1.0,2
201200002122,0012-06-09 19:30:00,12,6,9,19,30,490,172,Le Bois Galard,47.25952,-1.20711,Plein jour,Hors agglomération,Hors intersection,Normale,Deux véhicules - frontale,,,,,,,,,,,1,1,1,1.0,1
201200002123,0012-06-19 09:15:00,12,6,19,9,15,490,177,rue de la pleiade,47.34464,-1.16285,Plein jour,En agglomération,Hors intersection,Normale,Deux véhicules - côté,,,,,,,,,,,1,2,1,1.0,3
201200002124,0012-06-24 05:00:00,12,6,24,5,0,490,190,les brosses,47.35589,-1.04616,Nuit sans éclairage public,Hors agglomération,Hors intersection,Normale,Deux véhicules - arrière,,,,,,,,,,,3,1,1,1.0,2
201200002125,0012-07-30 10:45:00,12,7,30,10,45,490,190,,47.35458,-1.04992,Plein jour,Hors agglomération,Hors intersection,Pluie forte,Deux véhicules - frontale,,,,,,,,,,,1,1,1,3.0,1
201200002126,0012-08-03 12:15:00,12,8,3,12,15,490,296,La croix du bain,47.29999,-1.20661,Plein jour,Hors agglomération,Intersection en X,Normale,Deux véhicules - côté,,,,,,,,,,,1,1,2,1.0,3
201200002127,0012-08-13 18:45:00,12,8,13,18,45,490,177,La Beuverie,47.34125,-1.14302,Plein jour,Hors agglomération,Hors intersection,Normale,Deux véhicules - arrière,,,,,,,,,,,1,1,1,1.0,2
201200002128,0012-08-27 00:45:00,12,8,27,0,45,490,177,Les Fontenelles,47.3267,-1.17046,Nuit sans éclairage public,Hors agglomération,Hors intersection,Normale,Autre collision,,,,,,,,,,,3,1,1,1.0,6
201200002129,0012-08-27 19:00:00,12,8,27,19,0,490,145,Le Buisson,47.26275,-1.12977,Plein jour,Hors agglomération,Hors intersection,Normale,Autre collision,,,,,,,,,,,1,1,1,1.0,6
201200002130,0012-09-23 14:30:00,12,9,23,14,30,490,177,,47.31201,-1.16187,Plein jour,Hors agglomération,Hors intersection,Normale,Deux véhicules - frontale,,,,,,,,,,,1,1,1,1.0,1
201200002131,0012-10-20 05:15:00,12,10,20,5,15,490,172,Place de l'Eglise,47.26526,-1.24298,Nuit sans éclairage public,En agglomération,Hors intersection,Normale,Autre collision,,,,,,,,,,,3,2,1,1.0,6
201200002132,0012-11-10 18:00:00,12,11,10,18,0,490,276,,47.34985,-1.02709,Nuit sans éclairage public,Hors agglomération,Hors intersection,Normale,Deux véhicules - frontale,,,,,,,,,,,3,1,1,1.0,1
201200002133,0012-11-11 18:15:00,12,11,11,18,15,490,313,,47.26318,-1.0249,Nuit avec éclairage allumé,Hors agglomération,Hors intersection,Normale,Deux véhicules - côté,,,,,,,,,,,5,1,1,1.0,3
201200002134,0012-12-03 11:15:00,12,12,3,11,15,490,126,Rue du bourgautron,47.34026,-1.19793,Plein jour,En agglomération,Hors intersection,Normale,Sans collision,,,,,,,,,,,1,2,1,1.0,7
201200002135,0012-03-17 19:15:00,12,3,17,19,15,490,97,3 rue des Langottieres,47.59481,-0.18251,Nuit avec éclairage allumé,En agglomération,Hors intersection,Pluie légère,Autre collision,,,,,,,,,,,5,2,1,2.0,6
201200002136,0012-05-01 15:45:00,12,5,1,15,45,490,101,,47.61883,-0.07283,Plein jour,Hors agglomération,Hors intersection,Normale,Autre collision,,,,,,,,,,,1,1,1,1.0,6
201200002137,0012-09-16 00:30:00,12,9,16,0,30,490,173,La Briantaisiere,47.52139,0.02562,Nuit sans éclairage public,Hors agglomération,Hors intersection,Normale,Autre collision,,,,,,,,,,,3,1,1,1.0,6
201200002138,0012-01-04 15:15:00,12,1,4,15,15,490,224,,47.3327,-0.0021,Plein jour,Hors agglomération,Hors intersection,Normale,Deux véhicules - frontale,,,,,,,,,,,1,1,1,1.0,1
201200002139,0012-01-28 11:00:00,12,1,28,11,0,490,180,,47.39441,-0.10133,Plein jour,Hors agglomération,Intersection en X,Normale,Deux véhicules - côté,,,,,,,,,,,1,1,2,1.0,3
201200002140,0012-02-16 21:00:00,12,2,16,21,0,490,261,,47.36761,-0.20816,Nuit sans éclairage public,Hors agglomération,Hors intersection,Normale,Autre collision,,,,,,,,,,,3,1,1,1.0,6
201200002141,0012-04-15 02:00:00,12,4,15,2,0,490,91,,47.33948,-0.37612,Nuit sans éclairage public,Hors agglomération,Hors intersection,Normale,Sans collision,,,,,,,,,,,3,1,1,1.0,7
201200002142,0012-06-28 13:15:00,12,6,28,13,15,490,41,route des voies,47.2894,0.05847,Plein jour,Hors agglomération,Hors intersection,Normale,Deux véhicules - côté,,,,,,,,,,,1,1,1,1.0,3
201200002143,0012-07-05 18:45:00,12,7,5,18,45,490,180,,47.38178,-0.10656,Plein jour,Hors agglomération,Hors intersection,Normale,Deux véhicules - frontale,,,,,,,,,,,1,1,1,1.0,1
201200002144,0012-08-23 10:30:00,12,8,23,10,30,490,180,place du champ de foire,47.37607,-0.11069,Plein jour,En agglomération,Hors intersection,Normale,Autre collision,,,,,,,,,,,1,2,1,1.0,6
201200002145,0012-09-09 08:30:00,12,9,9,8,30,490,180,AVENUE DE SAUMUR,47.37675,-0.10471,Plein jour,En agglomération,Intersection en X,Normale,Deux véhicules - côté,,,,,,,,,,,1,2,2,1.0,3
201200002146,0012-09-29 11:00:00,12,9,29,11,0,490,180,,47.37188,-0.14579,Plein jour,Hors agglomération,Hors intersection,Normale,Deux véhicules - arrière,,,,,,,,,,,1,1,1,1.0,2
201200002147,0012-10-02 20:15:00,12,10,2,20,15,490,30,La Musse,47.35683,-0.0856,Nuit sans éclairage public,Hors agglomération,Hors intersection,Normale,Autre collision,,,,,,,,,,,3,1,1,1.0,6
201200002148,0012-10-03 10:15:00,12,10,3,10,15,490,30,La Martinière,47.36719,-0.05614,Plein jour,Hors agglomération,Hors intersection,Normale,Autre collision,,,,,,,,,,,1,1,1,1.0,6
201200002149,0012-10-07 18:45:00,12,10,7,18,45,490,201,Le pas au blanc,47.38266,-0.26548,Plein jour,Hors agglomération,Hors intersection,Normale,Deux véhicules - frontale,,,,,,,,,,,1,1,1,1.0,1
201200002150,0012-10-13 18:15:00,12,10,13,18,15,490,41,,47.33317,0.0739,Plein jour,Hors agglomération,Hors intersection,Normale,Deux véhicules - côté,,,,,,,,,,,1,1,1,1.0,3
201200002151,0012-12-04 09:30:00,12,12,4,9,30,490,180,,47.39097,-0.11223,Plein jour,Hors agglomération,Hors intersection,Normale,Deux véhicules - frontale,,,,,,,,,,,1,1,1,1.0,1
201200002152,0012-12-15 16:00:00,12,12,15,16,0,490,261,,47.38945,-0.21089,Plein jour,Hors agglomération,Intersection en X,Pluie légère,Deux véhicules - côté,,,,,,,,,,,1,1,2,2.0,3
201200002153,0012-12-21 07:45:00,12,12,21,7,45,490,311,rue d'Anjou,47.39203,-0.04851,Nuit sans éclairage public,En agglomération,Hors intersection,Pluie forte,Autre collision,,,,,,,,,,,3,2,1,3.0,6
201200002154,0012-01-12 09:15:00,12,1,12,9,15,490,123,Voie Romaine,47.24276,-0.11358,Plein jour,En agglomération,Hors intersection,Normale,Sans collision,,,,,,,,,,,1,2,1,1.0,7
201200002155,0012-03-25 15:30:00,12,3,25,15,30,490,274,Rte de la Bossonnière,47.18454,-0.07217,Plein jour,Hors agglomération,Intersection en X,Normale,Deux véhicules - côté,,,,,,,,,,,1,1,2,1.0,3
201200002156,0012-05-04 13:30:00,12,5,4,13,30,490,100,,47.15754,-0.18904,Plein jour,Hors agglomération,Hors intersection,Normale,Deux véhicules - frontale,,,,,,,,,,,1,1,1,1.0,1
201200002157,0012-06-24 16:00:00,12,6,24,16,0,490,53,,47.16855,-0.21457,Plein jour,Hors agglomération,Intersection en X,Normale,Deux véhicules - côté,,,,,,,,,,,1,1,2,1.0,3
201200002158,0012-09-27 11:45:00,12,9,27,11,45,490,215,Les justices,47.10182,-0.09839,Plein jour,Hors agglomération,Intersection en X,Normale,Deux véhicules - côté,,,,,,,,,,,1,1,2,1.0,3
201200002159,0012-10-05 16:45:00,12,10,5,16,45,490,253,Place Jules Raimbault,47.12768,-0.23746,Plein jour,En agglomération,Hors intersection,Normale,Autre collision,,,,,,,,,,,1,2,1,1.0,6
201200002160,0012-10-12 07:45:00,12,10,12,7,45,490,100,,47.20621,-0.19838,Crépuscule ou aube,Hors agglomération,Hors intersection,Normale,Deux véhicules - frontale,,,,,,,,,,,2,1,1,1.0,1
201200002161,0012-03-30 06:45:00,12,3,30,6,45,490,331,Route de Pouancé,47.69026,-0.89273,Plein jour,Hors agglomération,Hors intersection,Normale,Deux véhicules - frontale,,,,,,,,,,,1,1,1,1.0,1
201200002162,0012-04-09 18:30:00,12,4,9,18,30,490,331,D775,47.69293,-0.86388,Plein jour,En agglomération,Hors intersection,Normale,Sans collision,,,,,,,,,,,1,2,1,1.0,7
201200002163,0012-07-10 20:00:00,12,7,10,20,0,490,103,,47.72107,-1.03929,Plein jour,Hors agglomération,Hors intersection,Normale,Sans collision,,,,,,,,,,,1,1,1,1.0,7
201200002164,0012-09-08 12:00:00,12,9,8,12,0,490,233,BREGES,47.70748,-0.91344,Plein jour,En agglomération,Hors intersection,Normale,Deux véhicules - arrière,,,,,,,,,,,1,2,1,1.0,2
201200002165,0012-11-23 19:00:00,12,11,23,19,0,490,108,,47.51317,-1.03223,Nuit sans éclairage public,Hors agglomération,Hors intersection,Normale,Deux véhicules - frontale,,,,,,,,,,,3,1,1,1.0,1
201200002166,0012-12-08 13:45:00,12,12,8,13,45,490,208,rue des Amis Reunis,47.72865,-0.74797,Plein jour,En agglomération,Hors intersection,Normale,Deux véhicules - côté,,,,,,,,,,,1,2,1,1.0,3
201200002167,0012-01-11 16:15:00,12,1,11,16,15,490,367,Le bois loze,47.57797,-0.82333,Plein jour,Hors agglomération,Hors intersection,Normale,Sans collision,,,,,,,,,,,1,1,1,1.0,7
201200002168,0012-01-28 14:00:00,12,1,28,14,0,490,321,,47.4222,-0.94821,Plein jour,Hors agglomération,Hors intersection,Normale,Deux véhicules - côté,,,,,,,,,,,1,1,1,1.0,3
201200002169,0012-03-15 07:15:00,12,3,15,7,15,490,26,Rue de cholet,47.50087,-0.80143,Crépuscule ou aube,En agglomération,Hors intersection,Brouillard / fumée,Autre collision,,,,,,,,,,,2,2,1,5.0,6
201200002170,0012-03-16 18:30:00,12,3,16,18,30,490,43,,47.57508,-0.73332,Plein jour,Hors agglomération,Hors intersection,Normale,Sans collision,,,,,,,,,,,1,1,1,1.0,7
201200002171,0012-03-23 20:00:00,12,3,23,20,0,490,294,,47.48761,-0.66539,Nuit sans éclairage public,Hors agglomération,Hors intersection,Normale,Autre collision,,,,,,,,,,,3,1,1,1.0,6
201200002172,0012-05-15 14:45:00,12,5,15,14,45,490,183,La Gabillard,47.53542,-0.8924,Plein jour,Hors agglomération,Hors intersection,Normale,Sans collision,,,,,,,,,,,1,1,1,1.0,7
201200002173,0012-02-01 17:30:00,12,2,1,17,30,490,216,Bougras,47.61286,-0.41139,Plein jour,Hors agglomération,Hors intersection,Neige / grêle,Autre collision,,,,,,,,,,,1,1,1,4.0,6
201200002174,0012-02-12 01:15:00,12,2,12,1,15,490,80,,47.67951,-0.50323,Nuit sans éclairage public,Hors agglomération,Hors intersection,Normale,Sans collision,,,,,,,,,,,3,1,1,1.0,7
201200002175,0012-01-06 09:00:00,12,1,6,9,0,490,80,rue Nationale,47.68093,-0.48989,Plein jour,En agglomération,Hors intersection,Normale,Autre collision,,,,,,,,,,,1,2,1,1.0,6
201200002176,0012-03-07 09:00:00,12,3,7,9,0,490,347,La Raboti?re,47.60923,-0.46126,Plein jour,En agglomération,Hors intersection,Normale,Deux véhicules - côté,,,,,,,,,,,1,2,1,1.0,3
201200002177,0012-04-04 16:00:00,12,4,4,16,0,490,337,route de la Bohalle,47.56798,-0.41885,Plein jour,En agglomération,Intersection en X,Normale,Deux véhicules - côté,,,,,,,,,,,1,2,2,1.0,3
201200002178,0012-04-21 19:00:00,12,4,21,19,0,490,80,,47.69196,-0.52219,Plein jour,Hors agglomération,Hors intersection,Normale,Deux véhicules - frontale,,,,,,,,,,,1,1,1,1.0,1
201200002179,0012-05-07 13:30:00,12,5,7,13,30,490,135,Le haut dollan,47.59322,-0.58922,Plein jour,Hors agglomération,Hors intersection,Normale,Deux véhicules - frontale,,,,,,,,,,,1,1,1,1.0,1
201200002180,0012-05-28 19:00:00,12,5,28,19,0,490,347,,47.61551,-0.45072,Plein jour,Hors agglomération,Intersection en X,Normale,Deux véhicules - côté,,,,,,,,,,,1,1,2,1.0,3
201200002181,0012-06-03 22:00:00,12,6,3,22,0,490,65,,47.66374,-0.57192,Nuit avec éclairage allumé,En agglomération,Giratoire,Normale,Autre collision,,,,,,,,,,,5,2,6,1.0,6
201200002182,0012-06-10 07:00:00,12,6,10,7,0,490,335,Rue du general berton,47.7379,-0.57513,Crépuscule ou aube,En agglomération,Hors intersection,Normale,Autre collision,,,,,,,,,,,2,2,1,1.0,6
201200002183,0012-06-11 17:00:00,12,6,11,17,0,490,216,,47.62047,-0.41679,Plein jour,Hors agglomération,Hors intersection,Pluie légère,Deux véhicules - frontale,,,,,,,,,,,1,1,1,2.0,1
201200002184,0012-06-27 16:00:00,12,6,27,16,0,490,51,,47.71784,-0.44618,Plein jour,Hors agglomération,Hors intersection,Normale,Sans collision,,,,,,,,,,,1,1,1,1.0,7
201200002185,0012-06-30 11:30:00,12,6,30,11,30,490,80,20 rue du Moulin,47.68033,-0.48805,Plein jour,En agglomération,Hors intersection,Normale,Deux véhicules - frontale,,,,,,,,,,,1,2,1,1.0,1
201200002186,0012-08-23 08:30:00,12,8,23,8,30,490,105,La guiartiere,47.7101,-0.50366,Plein jour,Hors agglomération,Hors intersection,Temps éblouissant,Deux véhicules - arrière,,,,,,,,,,,1,1,1,7.0,2
201200002187,0012-09-11 18:45:00,12,9,11,18,45,490,347,rue des emottais,47.61738,-0.4588,Plein jour,En agglomération,Hors intersection,Normale,Autre collision,,,,,,,,,,,1,2,1,1.0,6
201200002188,0012-10-04 15:45:00,12,10,4,15,45,490,337,,47.56497,-0.41934,Plein jour,Hors agglomération,Hors intersection,Normale,Deux véhicules - arrière,,,,,,,,,,,1,1,1,1.0,2
201200002189,0012-10-05 08:00:00,12,10,5,8,0,490,80,Rue de Cherre,47.68092,-0.48971,Plein jour,En agglomération,Hors intersection,Normale,Autre collision,,,,,,,,,,,1,2,1,1.0,6
201200002190,0012-04-02 18:45:00,12,4,2,18,45,530,1,,48.04164,-0.87475,Plein jour,Hors agglomération,Hors intersection,Normale,Sans collision,,,,,,,,,,,1,1,1,1.0,7
201200002191,0012-08-23 17:30:00,12,8,23,17,30,530,175,,48.02194,-0.68418,Plein jour,Hors agglomération,Hors intersection,Normale,Deux véhicules - arrière,,,,,,,,,,,1,1,1,1.0,2
201200002192,0012-05-26 14:30:00,12,5,26,14,30,530,19,,47.97881,-0.35237,Plein jour,Hors agglomération,Hors intersection,Normale,Sans collision,,,,,,,,,,,1,1,1,1.0,7
201200002193,0012-07-21 10:15:00,12,7,21,10,15,530,49,,48.1549,-0.66244,Plein jour,Hors agglomération,Hors intersection,Normale,Trois véhicules et plus - en chaîne,,,,,,,,,,,1,1,1,1.0,4
201200002194,0012-11-05 16:30:00,12,11,5,16,30,530,140,Face au 40 rue du Maine,48.11838,-0.72138,Crépuscule ou aube,En agglomération,Hors intersection,Normale,Autre collision,,,,,,,,,,,2,2,1,1.0,6
201200002195,0012-11-17 19:15:00,12,11,17,19,15,530,25,,48.03375,-0.57636,Nuit sans éclairage public,Hors agglomération,Hors intersection,Pluie légère,Autre collision,,,,,,,,,,,3,1,1,2.0,6
201200002196,0012-11-23 04:30:00,12,11,23,4,30,530,262,,48.05503,-0.5515,Nuit sans éclairage public,Hors agglomération,Hors intersection,Normale,Deux véhicules - frontale,,,,,,,,,,,3,1,1,1.0,1
201200002197,0012-01-22 19:00:00,12,1,22,19,0,530,207,,48.148,-0.471,Nuit sans éclairage public,Hors agglomération,Hors intersection,Normale,Sans collision,,,,,,,,,,,3,1,1,1.0,7
201200002198,0012-02-10 14:15:00,12,2,10,14,15,530,59,,48.094,-0.532,Plein jour,Hors agglomération,Hors intersection,Normale,Trois véhicules et plus - collisions multiples,,,,,,,,,,,1,1,1,1.0,5
201200002199,0012-09-20 09:00:00,12,9,20,9,0,530,97,Rue de Sillé le Guillaum,48.15609,-0.38387,Plein jour,En agglomération,Giratoire,Temps éblouissant,Deux véhicules - frontale,,,,,,,,,,,1,2,6,7.0,1
201200002200,0012-02-03 20:15:00,12,2,3,20,15,530,117,,,,Nuit sans éclairage public,Hors agglomération,Hors intersection,Normale,Autre collision,,,,,,,,,,,3,1,1,1.0,6
201200002201,0012-02-07 17:30:00,12,2,7,17,30,530,14,Rond point Fougetterie,47.82523,-0.68762,Plein jour,En agglomération,Giratoire,Normale,Deux véhicules - côté,,,,,,,,,,,1,2,6,1.0,3
201200002202,0012-02-18 10:15:00,12,2,18,10,15,530,273,,,,Plein jour,Hors agglomération,Hors intersection,Pluie légère,Trois véhicules et plus - en chaîne,,,,,,,,,,,1,1,1,2.0,4
201200002203,0012-09-15 18:15:00,12,9,15,18,15,530,150,,47.74823,-0.68259,Plein jour,Hors agglomération,Intersection en X,Temps éblouissant,Deux véhicules - côté,,,,,,,,,,,1,1,2,7.0,3
201200002204,0012-12-07 16:15:00,12,12,7,16,15,530,78,,47.814,-0.616,Plein jour,Hors agglomération,Intersection en X,Normale,Deux véhicules - côté,,,,,,,,,,,1,1,2,1.0,3
201200002205,0012-03-21 00:30:00,12,3,21,0,30,530,192,44 rue du Maine,47.82932,-1.1966,Nuit sans éclairage public,En agglomération,Hors intersection,Normale,Autre collision,,,,,,,,,,,3,2,1,1.0,6
201200002206,0012-05-13 12:45:00,12,5,13,12,45,530,84,Inter. D771 et rue Neuve,47.853,-0.951,Plein jour,En agglomération,Giratoire,Normale,Autre collision,,,,,,,,,,,1,2,6,1.0,6
201200002207,0012-07-12 14:45:00,12,7,12,14,45,530,73,,47.814,-1.148,Plein jour,Hors agglomération,Hors intersection,Pluie légère,Sans collision,,,,,,,,,,,1,1,1,2.0,7
201200002208,0012-04-19 11:00:00,12,4,19,11,0,530,35,la rougerie,47.80724,-0.97918,Plein jour,Hors agglomération,Hors intersection,Normale,Autre collision,,,,,,,,,,,1,1,1,1.0,6
201200002209,0012-02-25 17:15:00,12,2,25,17,15,530,53,,48.30585,-0.33869,Plein jour,Hors agglomération,Hors intersection,Normale,Deux véhicules - arrière,,,,,,,,,,,1,1,1,1.0,2
201200002210,0012-05-26 16:45:00,12,5,26,16,45,530,8,,,,Plein jour,Hors agglomération,Hors intersection,Temps éblouissant,Deux véhicules - frontale,,,,,,,,,,,1,1,1,7.0,1
201200002211,0012-06-22 16:45:00,12,6,22,16,45,530,239,,48.21338,-0.24565,Plein jour,Hors agglomération,Hors intersection,Normale,Deux véhicules - frontale,,,,,,,,,,,1,1,1,1.0,1
201200002212,0012-06-28 16:15:00,12,6,28,16,15,530,147,550 bd Jean Monnet,48.28778,-0.62169,Plein jour,En agglomération,Hors intersection,Normale,Autre collision,,,,,,,,,,,1,2,1,1.0,6
201200002213,0012-07-28 22:45:00,12,7,28,22,45,530,147,63 impasse Voltaire,48.29716,-0.60243,Nuit avec éclairage allumé,En agglomération,Hors intersection,Normale,Sans collision,,,,,,,,,,,5,2,1,1.0,7
201200002214,0012-08-15 09:30:00,12,8,15,9,30,530,200,,,,Plein jour,Hors agglomération,Hors intersection,Normale,Deux véhicules - côté,,,,,,,,,,,1,1,1,1.0,3
201200002215,0012-08-24 11:45:00,12,8,24,11,45,530,147,Bd de l'Europe,48.30034,-0.62246,Plein jour,En agglomération,Hors intersection,Normale,Trois véhicules et plus - collisions multiples,,,,,,,,,,,1,2,1,1.0,5
201200002216,0012-08-28 17:00:00,12,8,28,17,0,530,72,,,,Plein jour,Hors agglomération,Hors intersection,Normale,Sans collision,,,,,,,,,,,1,1,1,1.0,7
201200002217,0012-10-01 10:00:00,12,10,1,10,0,530,219,,48.279,-0.69898,Plein jour,Hors agglomération,Hors intersection,Brouillard / fumée,Sans collision,,,,,,,,,,,1,1,1,5.0,7
201200002218,0012-10-15 07:30:00,12,10,15,7,30,530,16,15 rue de normandie,48.25248,-0.36558,Crépuscule ou aube,En agglomération,Hors intersection,Normale,Autre collision,,,,,,,,,,,2,2,1,1.0,6