accident_id,datetime,annee,mois,jour,heure,minute,departement,commune_insee,adresse,latitude,longitude,luminosite,agglomeration,intersection,meteo,collision,nb_vehicules,nb_usagers,nb_indemnes,nb_tues,nb_blesses_hosp,nb_blesses_legers,age_cond_1,age_cond_2,veh_type_cond_1,veh_type_cond_2,lum_code,agg_code,int_code,atm_code,col_code
201200002355,0012-12-14 12:00:00,12,12,14,12,0,850,51,1 RUE DU MOULIN,46.68169,-0.99755,Plein jour,En agglomération,Hors intersection,Pluie forte,Autre collision,,,,,,,,,,,1,2,1,3.0,6
201200002356,0012-01-05 19:30:00,12,1,5,19,30,850,153,LA PAGERIE,,,Nuit sans éclairage public,Hors agglomération,Hors intersection,Normale,Autre collision,,,,,,,,,,,3,1,1,1.0,6
201200002357,0012-01-25 07:50:00,12,1,25,7,50,850,31,,,,Nuit sans éclairage public,Hors agglomération,Hors intersection,Normale,Deux véhicules - frontale,,,,,,,,,,,3,1,1,1.0,1
201200002358,0012-02-12 19:45:00,12,2,12,19,45,850,109,AVENUE DE LA MAINE,,,Nuit avec éclairage allumé,En agglomération,Hors intersection,Normale,Autre collision,,,,,,,,,,,5,2,1,1.0,6
201200002359,0012-02-25 20:00:00,12,2,25,20,0,850,109,49 RUE NATIONALE,46.86948,-1.00666,Nuit avec éclairage allumé,En agglomération,Intersection en X,Normale,Deux véhicules - côté,,,,,,,,,,,5,2,2,1.0,3
201200002360,0012-03-08 03:45:00,12,3,8,3,45,850,64,LA VRIGNONNIERE,,,Nuit sans éclairage public,Hors agglomération,Hors intersection,Normale,Autre collision,,,,,,,,,,,3,1,1,1.0,6
201200002361,0012-03-20 13:15:00,12,3,20,13,15,850,109,AVENUE CLEMENCEAU,,,Plein jour,En agglomération,Hors intersection,Normale,Deux véhicules - arrière,,,,,,,,,,,1,2,1,1.0,2
201200002362,0012-03-29 18:15:00,12,3,29,18,15,850,109,LES BORDERIES,,,Plein jour,Hors agglomération,Hors intersection,Normale,Autre collision,,,,,,,,,,,1,1,1,1.0,6
201200002363,0012-04-07 05:45:00,12,4,7,5,45,850,153,LA MAISONNETTE,,,Nuit sans éclairage public,Hors agglomération,Hors intersection,Normale,Deux véhicules - côté,,,,,,,,,,,3,1,1,1.0,3
201200002364,0012-05-27 21:00:00,12,5,27,21,0,850,17,CHEMIN DE LA GUIGNAUDIER,46.89243,-1.09223,Plein jour,Hors agglomération,Hors intersection,Normale,Autre collision,,,,,,,,,,,1,1,1,1.0,6
201200002365,0012-06-18 10:00:00,12,6,18,10,0,850,109,Avenue des Sables,,,Plein jour,En agglomération,Hors intersection,Normale,Deux véhicules - côté,,,,,,,,,,,1,2,1,1.0,3
201200002366,0012-06-20 20:15:00,12,6,20,20,15,850,64,LA GRANDE METAIRIE,46.81987,-1.26153,Plein jour,Hors agglomération,Hors intersection,Normale,Deux véhicules - frontale,,,,,,,,,,,1,1,1,1.0,1
201200002367,0012-07-12 11:00:00,12,7,12,11,0,850,13,,,,Plein jour,Hors agglomération,Hors intersection,Normale,Autre collision,,,,,,,,,,,1,1,1,1.0,6
201200002368,0012-08-03 18:45:00,12,8,3,18,45,850,109,LA CROIX DES EPESSES,,,Plein jour,Hors agglomération,Hors intersection,Temps éblouissant,Deux véhicules - frontale,,,,,,,,,,,1,1,1,7.0,1
201200002369,0012-08-27 15:15:00,12,8,27,15,15,850,82,RUE GEORGES CLEMENCEAU,,,Plein jour,En agglomération,Hors intersection,Normale,Deux véhicules - côté,,,,,,,,,,,1,2,1,1.0,3
201200002370,0012-09-11 17:30:00,12,9,11,17,30,850,215,,,,Plein jour,Hors agglomération,Hors intersection,Normale,Autre collision,,,,,,,,,,,1,1,1,1.0,6
201200002371,0012-09-16 02:00:00,12,9,16,2,0,850,215,RUE DU GRAND MOULIN,46.86136,-1.18143,Nuit sans éclairage public,Hors agglomération,Hors intersection,Normale,Autre collision,,,,,,,,,,,3,1,1,1.0,6
201200002372,0012-10-07 10:15:00,12,10,7,10,15,850,82,BEL-AIR,,,Plein jour,Hors agglomération,Hors intersection,Temps couvert,Trois véhicules et plus - en chaîne,,,,,,,,,,,1,1,1,8.0,4
201200002373,0012-11-10 14:30:00,12,11,10,14,30,850,109,AVENUE DU Gal DE GAULLE,,,Plein jour,En agglomération,Hors intersection,Temps couvert,Autre collision,,,,,,,,,,,1,2,1,8.0,6
201200002374,0012-11-10 19:00:00,12,11,10,19,0,850,65,LA RINCENDIERE,,,Nuit sans éclairage public,Hors agglomération,Hors intersection,Temps couvert,Deux véhicules - côté,,,,,,,,,,,3,1,1,8.0,3
201200002375,0012-11-14 11:00:00,12,11,14,11,0,850,109,7PLACE DU CHAMP DE FOIRE,46.87311,-1.01312,Plein jour,En agglomération,Hors intersection,Normale,Autre collision,,,,,,,,,,,1,2,1,1.0,6
201200002376,0012-11-26 20:30:00,12,11,26,20,30,850,109,CAMP DE L'AURORE,,,Nuit sans éclairage public,Hors agglomération,Hors intersection,Normale,Autre collision,,,,,,,,,,,3,1,1,1.0,6
201200002377,0012-01-05 16:45:00,12,1,5,16,45,850,295,LA BALANDIERE,,,Plein jour,Hors agglomération,Hors intersection,Normale,Autre collision,,,,,,,,,,,1,1,1,1.0,6
201200002378,0012-01-13 18:30:00,12,1,13,18,30,850,217,,,,Crépuscule ou aube,Hors agglomération,Hors intersection,Normale,Deux véhicules - frontale,,,,,,,,,,,2,1,1,1.0,1
201200002379,0012-02-09 14:15:00,12,2,9,14,15,850,224,LES CORNERIES,,,Plein jour,Hors agglomération,Hors intersection,Temps éblouissant,Deux véhicules - frontale,,,,,,,,,,,1,1,1,7.0,1
201200002380,0012-05-10 17:30:00,12,5,10,17,30,850,39,LA CAILLETIERE,,,Plein jour,Hors agglomération,Hors intersection,Normale,Deux véhicules - frontale,,,,,,,,,,,1,1,1,1.0,1
201200002381,0012-06-02 16:30:00,12,6,2,16,30,850,197,RUE DU PETIT SAINT ANDRE,,,Plein jour,En agglomération,Hors intersection,Normale,Deux véhicules - frontale,,,,,,,,,,,1,2,1,1.0,1
201200002382,0012-06-21 20:45:00,12,6,21,20,45,850,295,LES GODELINIERES,,,Plein jour,Hors agglomération,Hors intersection,Normale,Deux véhicules - frontale,,,,,,,,,,,1,1,1,1.0,1
201200002383,0012-06-27 18:00:00,12,6,27,18,0,850,224,LA DOUILLARDIERE,47.02361,-1.31607,Plein jour,Hors agglomération,Hors intersection,Normale,Deux véhicules - frontale,,,,,,,,,,,1,1,1,1.0,1
201200002384,0012-09-03 18:30:00,12,9,3,18,30,850,262,RUE DU FIEF LOUIS,,,Plein jour,Hors agglomération,Hors intersection,Normale,Sans collision,,,,,,,,,,,1,1,1,1.0,7
201200002385,0012-09-06 10:00:00,12,9,6,10,0,850,224,LE TAILLIS,,,Plein jour,Hors agglomération,Hors intersection,Normale,Trois véhicules et plus - collisions multiples,,,,,,,,,,,1,1,1,1.0,5
201200002386,0012-10-06 18:15:00,12,10,6,18,15,850,295,LA GIMONNIERE,,,Crépuscule ou aube,Hors agglomération,Hors intersection,Pluie légère,Autre collision,,,,,,,,,,,2,1,1,2.0,6
201200002387,0012-11-05 16:30:00,12,11,5,16,30,850,39,,,,Plein jour,Hors agglomération,Hors intersection,Neige / grêle,Deux véhicules - frontale,,,,,,,,,,,1,1,1,4.0,1
201200002388,0012-11-23 18:45:00,12,11,23,18,45,850,107,LA PAPINIERE,,,Nuit sans éclairage public,Hors agglomération,Hors intersection,Normale,Deux véhicules - arrière,,,,,,,,,,,3,1,1,1.0,2
201200002389,0012-12-07 17:30:00,12,12,7,17,30,850,76,BEL-AIR,,,Nuit sans éclairage public,Hors agglomération,Hors intersection,Normale,Deux véhicules - côté,,,,,,,,,,,3,1,1,1.0,3
201200002390,0012-01-16 18:45:00,12,1,16,18,45,850,302,,,,Crépuscule ou aube,Hors agglomération,Hors intersection,Normale,Trois véhicules et plus - collisions multiples,,,,,,,,,,,2,1,1,1.0,5
201200002391,0012-04-01 01:30:00,12,4,1,1,30,850,238,RUE DE LA GRELLARDERIE,46.95193,-0.89346,Nuit avec éclairage allumé,En agglomération,Giratoire,Normale,Sans collision,,,,,,,,,,,5,2,6,1.0,7
201200002392,0012-07-13 17:00:00,12,7,13,17,0,850,97,LA JAMBIERE,,,Plein jour,Hors agglomération,Hors intersection,Pluie forte,Deux véhicules - côté,,,,,,,,,,,1,1,1,3.0,3
201200002393,0012-11-17 12:15:00,12,11,17,12,15,850,293,,,,Plein jour,Hors agglomération,Hors intersection,Temps couvert,Sans collision,,,,,,,,,,,1,1,1,8.0,7
201200002394,0012-02-08 13:45:00,12,2,8,13,45,850,178,SAINT PIERRE,,,Plein jour,Hors agglomération,Hors intersection,Normale,Autre collision,,,,,,,,,,,1,1,1,1.0,6
201200002395,0012-03-21 20:45:00,12,3,21,20,45,850,3,,,,Nuit sans éclairage public,Hors agglomération,Hors intersection,Pluie légère,Deux véhicules - frontale,,,,,,,,,,,3,1,1,2.0,1
201200002396,0012-03-31 14:15:00,12,3,31,14,15,850,3,LA CHARLOISIERE,,,Plein jour,Hors agglomération,Hors intersection,Normale,Trois véhicules et plus - collisions multiples,,,,,,,,,,,1,1,1,1.0,5
201200002397,0012-04-01 06:30:00,12,4,1,6,30,850,191,,,,Crépuscule ou aube,Hors agglomération,Hors intersection,Normale,Autre collision,,,,,,,,,,,2,1,1,1.0,6
201200002398,0012-06-20 10:45:00,12,6,20,10,45,850,178,,,,Plein jour,Hors agglomération,Hors intersection,Normale,Deux véhicules - côté,,,,,,,,,,,1,1,1,1.0,3
201200002399,0012-07-03 15:15:00,12,7,3,15,15,850,3,LA GUILLOTIERE,46.7185,-1.62272,Plein jour,Hors agglomération,Hors intersection,Normale,Deux véhicules - frontale,,,,,,,,,,,1,1,1,1.0,1
201200002400,0012-07-23 04:00:00,12,7,23,4,0,850,129,,,,Nuit sans éclairage public,Hors agglomération,Hors intersection,Normale,Autre collision,,,,,,,,,,,3,1,1,1.0,6
201200002401,0012-07-25 16:00:00,12,7,25,16,0,850,178,,,,Plein jour,Hors agglomération,Hors intersection,Normale,Deux véhicules - frontale,,,,,,,,,,,1,1,1,1.0,1
201200002402,0012-08-28 12:30:00,12,8,28,12,30,850,178,RUE DU TREBUCHET,46.73097,-1.43305,Plein jour,En agglomération,Hors intersection,Normale,Deux véhicules - côté,,,,,,,,,,,1,2,1,1.0,3
201200002403,0012-09-22 13:45:00,12,9,22,13,45,850,178,LE PONT DE VIE,,,Plein jour,Hors agglomération,Hors intersection,Normale,Autre collision,,,,,,,,,,,1,1,1,1.0,6
201200002404,0012-10-05 20:15:00,12,10,5,20,15,850,178,LA THIBAUDIERE,,,Nuit sans éclairage public,Hors agglomération,Hors intersection,Normale,Deux véhicules - côté,,,,,,,,,,,3,1,1,1.0,3
201200002405,0012-11-06 15:00:00,12,11,6,15,0,850,178,RUE DE LA COLONNE,,,Plein jour,Hors agglomération,Giratoire,Normale,Deux véhicules - côté,,,,,,,,,,,1,1,6,1.0,3
201200002406,0012-11-13 09:00:00,12,11,13,9,0,850,129,336 RUE LA CROIX MOINET,,,Plein jour,En agglomération,Hors intersection,Normale,Deux véhicules - côté,,,,,,,,,,,1,2,1,1.0,3
201200002407,0012-02-29 12:30:00,12,2,29,12,30,850,176,,,,Plein jour,Hors agglomération,Hors intersection,Normale,Deux véhicules - frontale,,,,,,,,,,,1,1,1,1.0,1
201200002408,0012-04-14 22:30:00,12,4,14,22,30,850,92,29 rue du Gué Migné,46.46504,-0.83472,Nuit avec éclairage allumé,En agglomération,Hors intersection,Normale,Autre collision,,,,,,,,,,,5,2,1,1.0,6
201200002409,0012-06-12 11:45:00,12,6,12,11,45,850,92,RUE SIGISBERT GANDRIAU,46.46358,-0.79489,Plein jour,En agglomération,Intersection en Y,Normale,Deux véhicules - côté,,,,,,,,,,,1,2,4,1.0,3
201200002410,0012-06-19 15:15:00,12,6,19,15,15,850,299,,,,Plein jour,Hors agglomération,Hors intersection,Temps couvert,Deux véhicules - côté,,,,,,,,,,,1,1,1,8.0,3
201200002411,0012-06-24 17:45:00,12,6,24,17,45,850,92,RUE DU MOULIN,,,Plein jour,Hors agglomération,Hors intersection,Normale,Deux véhicules - frontale,,,,,,,,,,,1,1,1,1.0,1
201200002412,0012-09-01 17:30:00,12,9,1,17,30,850,92,39 RUE DES HORTS,46.4687,-0.79862,Plein jour,En agglomération,Hors intersection,Normale,Deux véhicules - frontale,,,,,,,,,,,1,2,1,1.0,1
201200002413,0012-09-14 12:00:00,12,9,14,12,0,850,92,AV DU GENERAL DE GAULLE,,,Plein jour,En agglomération,Giratoire,Normale,Deux véhicules - frontale,,,,,,,,,,,1,2,6,1.0,1
201200002414,0012-11-22 19:30:00,12,11,22,19,30,850,92,,,,Nuit sans éclairage public,Hors agglomération,Hors intersection,Normale,Deux véhicules - frontale,,,,,,,,,,,3,1,1,1.0,1
201200002415,0012-01-14 19:45:00,12,1,14,19,45,850,149,LE MOULIN,,,Nuit sans éclairage public,Hors agglomération,Hors intersection,Normale,Deux véhicules - frontale,,,,,,,,,,,3,1,1,1.0,1
201200002416,0012-03-01 14:30:00,12,3,1,14,30,850,42,,,,Plein jour,En agglomération,Hors intersection,Normale,Trois véhicules et plus - en chaîne,,,,,,,,,,,1,2,1,1.0,4
201200002417,0012-03-06 12:15:00,12,3,6,12,15,850,128,RUE DE MAREUIL,46.46335,-1.16921,Plein jour,Hors agglomération,Hors intersection,Normale,Deux véhicules - frontale,,,,,,,,,,,1,1,1,1.0,1
201200002418,0012-06-18 18:45:00,12,6,18,18,45,850,105,LA GARE,,,Plein jour,Hors agglomération,Hors intersection,Normale,Sans collision,,,,,,,,,,,1,1,1,1.0,7
201200002419,0012-07-06 16:30:00,12,7,6,16,30,850,128,RUE DU MARECHAL JUIN,,,Plein jour,En agglomération,Autre intersection,Normale,Deux véhicules - arrière,,,,,,,,,,,1,2,9,1.0,2
201200002420,0012-08-05 06:45:00,12,8,5,6,45,850,131,66 ROUTE DES SABLES,,,Crépuscule ou aube,En agglomération,Hors intersection,Pluie légère,Autre collision,,,,,,,,,,,2,2,1,2.0,6
201200002421,0012-08-11 14:30:00,12,8,11,14,30,850,149,,,,Plein jour,Hors agglomération,Hors intersection,Normale,Deux véhicules - frontale,,,,,,,,,,,1,1,1,1.0,1
201200002422,0012-09-09 16:15:00,12,9,9,16,15,850,1,65 AVENUE AMIRAL COURBET,,,Plein jour,En agglomération,Autre intersection,Normale,Autre collision,,,,,,,,,,,1,2,9,1.0,6
201200002423,0012-10-02 16:45:00,12,10,2,16,45,850,185,,,,Plein jour,Hors agglomération,Hors intersection,Normale,Deux véhicules - frontale,,,,,,,,,,,1,1,1,1.0,1
201200002424,0012-11-28 07:45:00,12,11,28,7,45,850,207,,,,Crépuscule ou aube,Hors agglomération,Hors intersection,Normale,Deux véhicules - frontale,,,,,,,,,,,2,1,1,1.0,1
201200002425,0012-12-06 19:00:00,12,12,6,19,0,850,49,LA POINTE,,,Nuit sans éclairage public,Hors agglomération,Hors intersection,Normale,Deux véhicules - frontale,,,,,,,,,,,3,1,1,1.0,1
201200002426,0012-06-09 19:15:00,12,6,9,19,15,850,143,LE PETIT MAILLEZAIS,,,Plein jour,Hors agglomération,Intersection en X,Normale,Deux véhicules - côté,,,,,,,,,,,1,1,2,1.0,3
201200002427,0012-10-27 08:45:00,12,10,27,8,45,850,256,,46.479,-0.716,Plein jour,Hors agglomération,Hors intersection,Normale,Sans collision,,,,,,,,,,,1,1,1,1.0,7
201200002428,0012-11-04 14:00:00,12,11,4,14,0,850,265,12 CABANES DE MAUVAIS,46.40636,-0.71051,Plein jour,Hors agglomération,Hors intersection,Normale,Autre collision,,,,,,,,,,,1,1,1,1.0,6
201200002429,0012-12-29 12:00:00,12,12,29,12,0,850,41,,,,Plein jour,Hors agglomération,Hors intersection,Normale,Deux véhicules - côté,,,,,,,,,,,1,1,1,1.0,3
201200002430,0012-01-16 12:45:00,12,1,16,12,45,850,59,ROND-POINT DE CHEFFOIS,,,Plein jour,Hors agglomération,Hors intersection,Normale,Deux véhicules - frontale,,,,,,,,,,,1,1,1,1.0,1
201200002431,0012-01-10 23:00:00,12,1,10,23,0,850,41,,,,Nuit sans éclairage public,Hors agglomération,Hors intersection,Normale,Deux véhicules - côté,,,,,,,,,,,3,1,1,1.0,3
201200002432,0012-02-15 19:45:00,12,2,15,19,45,850,154,BEL AIR,,,Nuit sans éclairage public,Hors agglomération,Hors intersection,Normale,Autre collision,,,,,,,,,,,3,1,1,1.0,6
201200002433,0012-03-28 11:45:00,12,3,28,11,45,850,31,LA LIMOUZINIERE,46.81116,-0.94019,Plein jour,Hors agglomération,Hors intersection,Normale,Deux véhicules - côté,,,,,,,,,,,1,1,1,1.0,3
201200002434,0012-03-31 08:45:00,12,3,31,8,45,850,182,LA GRANGE,,,Plein jour,Hors agglomération,Hors intersection,Normale,Autre collision,,,,,,,,,,,1,1,1,1.0,6
201200002435,0012-05-09 21:00:00,12,5,9,21,0,850,257,LA BONNELIERE,,,Plein jour,Hors agglomération,Hors intersection,Normale,Deux véhicules - frontale,,,,,,,,,,,1,1,1,1.0,1
201200002436,0012-06-09 14:30:00,12,6,9,14,30,850,41,,,,Plein jour,Hors agglomération,Hors intersection,Normale,Deux véhicules - frontale,,,,,,,,,,,1,1,1,1.0,1
201200002437,0012-07-08 13:15:00,12,7,8,13,15,850,63,,,,Plein jour,Hors agglomération,Hors intersection,Normale,Autre collision,,,,,,,,,,,1,1,1,1.0,6
201200002438,0012-06-19 08:00:00,12,6,19,8,0,850,90,,,,Plein jour,Hors agglomération,Hors intersection,Normale,Deux véhicules - frontale,,,,,,,,,,,1,1,1,1.0,1
201200002439,0012-07-03 08:15:00,12,7,3,8,15,850,257,LA BAIRE,,,Plein jour,Hors agglomération,Hors intersection,Normale,Trois véhicules et plus - collisions multiples,,,,,,,,,,,1,1,1,1.0,5
201200002440,0012-07-27 19:45:00,12,7,27,19,45,850,180,VILCREUX,,,Plein jour,Hors agglomération,Intersection en X,Temps couvert,Deux véhicules - côté,,,,,,,,,,,1,1,2,8.0,3
201200002441,0012-08-31 23:00:00,12,8,31,23,0,850,14,LE LOUP PENDU,,,Nuit sans éclairage public,Hors agglomération,Hors intersection,Normale,Sans collision,,,,,,,,,,,3,1,1,1.0,7
201200002442,0012-09-13 18:30:00,12,9,13,18,30,850,147,LE GRAND BOIS,,,Nuit sans éclairage public,Hors agglomération,Hors intersection,Normale,Deux véhicules - frontale,,,,,,,,,,,3,1,1,1.0,1
201200002443,0012-09-30 19:30:00,12,9,30,19,30,850,37,MONTE-A-PEINE,,,Plein jour,Hors agglomération,Hors intersection,Normale,Deux véhicules - frontale,,,,,,,,,,,1,1,1,1.0,1
201200002444,0012-10-09 17:00:00,12,10,9,17,0,850,125,LA FRIOLERIE,,,Plein jour,Hors agglomération,Hors intersection,Normale,Deux véhicules - côté,,,,,,,,,,,1,1,1,1.0,3
201200002445,0012-10-20 12:30:00,12,10,20,12,30,850,125,LA CROIX BLANCHE,,,Plein jour,Hors agglomération,Hors intersection,Pluie forte,Autre collision,,,,,,,,,,,1,1,1,3.0,6
201200002446,0012-12-16 17:20:00,12,12,16,17,20,850,147,LA JARRIE,,,Crépuscule ou aube,Hors agglomération,Hors intersection,Pluie légère,Autre collision,,,,,,,,,,,2,1,1,2.0,6
201200002447,0012-03-30 18:15:00,12,3,30,18,15,850,188,,,,Plein jour,Hors agglomération,Hors intersection,Normale,Deux véhicules - frontale,,,,,,,,,,,1,1,1,1.0,1
201200002448,0012-03-31 04:00:00,12,3,31,4,0,850,174,RUE DE  POUILLE,46.48485,-0.91625,Nuit sans éclairage public,Hors agglomération,Hors intersection,Normale,Sans collision,,,,,,,,,,,3,1,1,1.0,7
201200002449,0012-04-05 16:30:00,12,4,5,16,30,850,174,,,,Plein jour,Hors agglomération,Hors intersection,Normale,Deux véhicules - frontale,,,,,,,,,,,1,1,1,1.0,1
201200002450,0012-06-25 15:15:00,12,6,25,15,15,850,174,,,,Plein jour,Hors agglomération,Hors intersection,Normale,Deux véhicules - frontale,,,,,,,,,,,1,1,1,1.0,1
201200002451,0012-07-16 05:00:00,12,7,16,5,0,850,188,LA CASSEROLE,,,Nuit sans éclairage public,Hors agglomération,Hors intersection,Normale,Deux véhicules - frontale,,,,,,,,,,,3,1,1,1.0,1
201200002452,0012-07-22 07:15:00,12,7,22,7,15,850,158,,46.46306,-1.00166,Crépuscule ou aube,En agglomération,Hors intersection,Normale,Autre collision,,,,,,,,,,,2,2,1,1.0,6
201200002453,0012-01-13 21:00:00,12,1,13,21,0,850,95,LE PETIT BOIS,46.86518,-1.77786,Nuit sans éclairage public,Hors agglomération,Hors intersection,Normale,Autre collision,,,,,,,,,,,3,1,1,1.0,6
201200002454,0012-01-19 07:45:00,12,1,19,7,45,850,260,LES PLANTES,,,Crépuscule ou aube,Hors agglomération,Hors intersection,Pluie légère,Deux véhicules - frontale,,,,,,,,,,,2,1,1,2.0,1
201200002455,0012-01-30 12:15:00,12,1,30,12,15,850,96,,,,Plein jour,Hors agglomération,Hors intersection,Pluie légère,Deux véhicules - arrière,,,,,,,,,,,1,1,1,2.0,2
201200002456,0012-01-31 17:45:00,12,1,31,17,45,850,47,,,,Plein jour,Hors agglomération,Hors intersection,Normale,Deux véhicules - arrière,,,,,,,,,,,1,1,1,1.0,2
201200002457,0012-02-03 22:45:00,12,2,3,22,45,850,86,LA HAUTE FOLIE,,,Nuit sans éclairage public,Hors agglomération,Hors intersection,Normale,Deux véhicules - frontale,,,,,,,,,,,3,1,1,1.0,1
201200002458,0012-03-20 11:30:00,12,3,20,11,30,850,260,BELLEVUE,,,Plein jour,Hors agglomération,Hors intersection,Temps éblouissant,Sans collision,,,,,,,,,,,1,1,1,7.0,7
201200002459,0012-04-14 12:45:00,12,4,14,12,45,850,47,R-P RUE DE LA ROCHE,46.84119,-1.86286,Plein jour,En agglomération,Giratoire,Normale,Sans collision,,,,,,,,,,,1,2,6,1.0,7
201200002460,0012-05-01 16:00:00,12,5,1,16,0,850,280,2 RUE DU FRUCHE,46.86034,-1.95696,Plein jour,En agglomération,Hors intersection,Normale,Autre collision,,,,,,,,,,,1,2,1,1.0,6
201200002461,0012-05-25 10:00:00,12,5,25,10,0,850,24,,46.956,-1.826,Plein jour,Hors agglomération,Hors intersection,Normale,Deux véhicules - frontale,,,,,,,,,,,1,1,1,1.0,1
201200002462,0012-06-02 16:00:00,12,6,2,16,0,850,95,LA MAISON NEUVE,46.9011,-1.75553,Plein jour,Hors agglomération,Hors intersection,Normale,Sans collision,,,,,,,,,,,1,1,1,1.0,7
201200002463,0012-06-06 17:45:00,12,6,6,17,45,850,47,RUE MONTORCY,46.84819,-1.87743,Plein jour,En agglomération,Place,Normale,Autre collision,,,,,,,,,,,1,2,7,1.0,6
201200002464,0012-06-17 09:30:00,12,6,17,9,30,850,47,ROUTE DES SABLES,,,Plein jour,Hors agglomération,Hors intersection,Normale,Autre collision,,,,,,,,,,,1,1,1,1.0,6
201200002465,0012-07-18 10:00:00,12,7,18,10,0,850,47,,,,Plein jour,Hors agglomération,Hors intersection,Normale,Deux véhicules - frontale,,,,,,,,,,,1,1,1,1.0,1
201200002466,0012-07-22 15:00:00,12,7,22,15,0,850,55,ROUTE DES SABLES,,,Plein jour,Hors agglomération,Hors intersection,Normale,Sans collision,,,,,,,,,,,1,1,1,1.0,7
201200002467,0012-08-15 11:15:00,12,8,15,11,15,850,47,ROND-POINT DE LA ROCHE,,,Plein jour,En agglomération,Giratoire,Normale,Deux véhicules - frontale,,,,,,,,,,,1,2,6,1.0,1
201200002468,0012-09-16 01:15:00,12,9,16,1,15,850,280,,,,Nuit sans éclairage public,Hors agglomération,Hors intersection,Normale,Deux véhicules - frontale,,,,,,,,,,,3,1,1,1.0,1
201200002469,0012-09-20 21:15:00,12,9,20,21,15,850,204,LE LIGNERON,,,Nuit sans éclairage public,Hors agglomération,Hors intersection,Normale,Autre collision,,,,,,,,,,,3,1,1,1.0,6
201200002470,0012-10-12 15:07:00,12,10,12,15,7,850,6,LE POINTET,,,Plein jour,Hors agglomération,Hors intersection,Normale,Sans collision,,,,,,,,,,,1,1,1,1.0,7
201200002471,0012-10-24 08:15:00,12,10,24,8,15,850,47,Boulevard Biochaud,,,Crépuscule ou aube,En agglomération,Hors intersection,Normale,Autre collision,,,,,,,,,,,2,2,1,1.0,6
201200002472,0012-11-10 06:30:00,12,11,10,6,30,850,204,LA PETITE VERGNE,,,Nuit sans éclairage public,Hors agglomération,Hors intersection,Normale,Sans collision,,,,,,,,,,,3,1,1,1.0,7
201200002473,0012-12-11 15:45:00,12,12,11,15,45,850,47,Rond Point Charbonnel,,,Plein jour,En agglomération,Giratoire,Normale,Autre collision,,,,,,,,,,,1,2,6,1.0,6
201200002474,0012-12-16 15:45:00,12,12,16,15,45,850,96,31 RUE DE LA MINOTERIE,,,Plein jour,En agglomération,Hors intersection,Pluie légère,Deux véhicules - frontale,,,,,,,,,,,1,2,1,2.0,1
201200002475,0012-01-02 13:30:00,12,1,2,13,30,850,250,56 RUE DES SABLES,,,Plein jour,En agglomération,Hors intersection,Normale,Deux véhicules - frontale,,,,,,,,,,,1,2,1,1.0,1
201200002476,0012-01-18 09:45:00,12,1,18,9,45,850,138,LE LUTRON,,,Plein jour,Hors agglomération,Hors intersection,Temps couvert,Deux véhicules - frontale,,,,,,,,,,,1,1,1,8.0,1
201200002477,0012-03-02 09:00:00,12,3,2,9,0,850,161,LA GIRAUDIERE,,,Plein jour,Hors agglomération,Hors intersection,Brouillard / fumée,Deux véhicules - frontale,,,,,,,,,,,1,1,1,5.0,1
201200002478,0012-03-18 09:30:00,12,3,18,9,30,850,161,LA CHARPENTERIE,,,Plein jour,Hors agglomération,Hors intersection,Pluie forte,Deux véhicules - arrière,,,,,,,,,,,1,1,1,3.0,2
201200002479,0012-04-16 18:00:00,12,4,16,18,0,850,118,7 RUE DES PORTES,46.65145,-1.55517,Plein jour,En agglomération,Hors intersection,Normale,Deux véhicules - côté,,,,,,,,,,,1,2,1,1.0,3
201200002480,0012-04-16 17:30:00,12,4,16,17,30,850,118,LES LOGES,,,Plein jour,Hors agglomération,Hors intersection,Normale,Trois véhicules et plus - collisions multiples,,,,,,,,,,,1,1,1,1.0,5
201200002481,0012-04-20 17:30:00,12,4,20,17,30,850,152,R- P RUE DE LA CAMAMINE,,,Plein jour,En agglomération,Hors intersection,Normale,Sans collision,,,,,,,,,,,1,2,1,1.0,7
201200002482,0012-08-07 02:00:00,12,8,7,2,0,850,112,RUE DE LA VERTONNE,,,Nuit sans éclairage public,En agglomération,Hors intersection,Normale,Deux véhicules - frontale,,,,,,,,,,,3,2,1,1.0,1
201200002483,0012-09-14 09:00:00,12,9,14,9,0,850,236,LA GIRAUDIERE,,,Plein jour,Hors agglomération,Hors intersection,Normale,Autre collision,,,,,,,,,,,1,1,1,1.0,6
201200002484,0012-03-23 20:15:00,12,3,23,20,15,850,83,ETIER DES COEFS,,,Nuit sans éclairage public,Hors agglomération,Hors intersection,Normale,Deux véhicules - frontale,,,,,,,,,,,3,1,1,1.0,1
201200002485,0012-04-25 00:30:00,12,4,25,0,30,850,106,,46.9719,-2.25245,Nuit sans éclairage public,Hors agglomération,Hors intersection,Pluie forte,Autre collision,,,,,,,,,,,3,1,1,3.0,6
201200002486,0012-08-05 06:00:00,12,8,5,6,0,850,106,,,,Nuit sans éclairage public,Hors agglomération,Hors intersection,Normale,Autre collision,,,,,,,,,,,3,1,1,1.0,6