accident_id,datetime,annee,mois,jour,heure,minute,departement,commune_insee,adresse,latitude,longitude,luminosite,agglomeration,intersection,meteo,collision,nb_vehicules,nb_usagers,nb_indemnes,nb_tues,nb_blesses_hosp,nb_blesses_legers,age_cond_1,age_cond_2,veh_type_cond_1,veh_type_cond_2,lum_code,agg_code,int_code,atm_code,col_code
201200002487,0012-10-31 21:15:00,12,10,31,21,15,850,163,LUZAY,,,Nuit sans éclairage public,En agglomération,Hors intersection,Normale,Autre collision,,,,,,,,,,,3,2,1,1.0,6
201200002488,0012-12-30 13:45:00,12,12,30,13,45,850,163,AVENUE MOURAIN,,,Plein jour,En agglomération,Hors intersection,Normale,Autre collision,,,,,,,,,,,1,2,1,1.0,6
201200002489,0012-02-11 20:45:00,12,2,11,20,45,850,222,CHEMIN DU GRAND FIEF,46.69593,-1.89727,Nuit sans éclairage public,Hors agglomération,Hors intersection,Normale,Deux véhicules - frontale,,,,,,,,,,,3,1,1,1.0,1
201200002490,0012-03-17 20:15:00,12,3,17,20,15,850,222,ROND-POINT DU CASINO,,,Crépuscule ou aube,En agglomération,Giratoire,Normale,Deux véhicules - côté,,,,,,,,,,,2,2,6,1.0,3
201200002491,0012-06-12 21:30:00,12,6,12,21,30,850,100,14 RUE DU BOURG,,,Crépuscule ou aube,En agglomération,Hors intersection,Normale,Deux véhicules - frontale,,,,,,,,,,,2,2,1,1.0,1
201200002492,0012-07-31 15:45:00,12,7,31,15,45,850,226,,,,Plein jour,Hors agglomération,Hors intersection,Normale,Deux véhicules - côté,,,,,,,,,,,1,1,1,1.0,3
201200002493,0012-07-27 13:45:00,12,7,27,13,45,850,100,LE PETIT BOIS,46.69122,-1.87772,Plein jour,Hors agglomération,Hors intersection,Pluie légère,Deux véhicules - frontale,,,,,,,,,,,1,1,1,2.0,1
201200002494,0012-08-06 17:30:00,12,8,6,17,30,850,35,RUE DES MATELOTS,46.63058,-1.85723,Plein jour,En agglomération,Hors intersection,Normale,Deux véhicules - côté,,,,,,,,,,,1,2,1,1.0,3
201200002495,0012-08-20 20:30:00,12,8,20,20,30,850,222,6 AVENUE DES BECS,,,Plein jour,En agglomération,Giratoire,Temps éblouissant,Autre collision,,,,,,,,,,,1,2,6,7.0,6
201200002496,0012-08-22 09:15:00,12,8,22,9,15,850,243,RUE DE L. DE TASSIGNY,,,Plein jour,En agglomération,Hors intersection,Normale,Deux véhicules - frontale,,,,,,,,,,,1,2,1,1.0,1
201200002497,0012-08-24 17:15:00,12,8,24,17,15,850,45,10R NOTRE DAME DES DUNES,,,Plein jour,En agglomération,Hors intersection,Pluie légère,Deux véhicules - frontale,,,,,,,,,,,1,2,1,2.0,1
201200002498,0012-08-31 19:15:00,12,8,31,19,15,850,222,RUE DE L'AIGUILLON,46.6933,-1.91536,Plein jour,En agglomération,Hors intersection,Normale,Autre collision,,,,,,,,,,,1,2,1,1.0,6
201200002499,0012-11-01 11:45:00,12,11,1,11,45,850,239,,,,Plein jour,Hors agglomération,Hors intersection,Pluie forte,Deux véhicules - frontale,,,,,,,,,,,1,1,1,3.0,1
201200002500,0012-12-19 20:15:00,12,12,19,20,15,850,35,LA PEIRONNIERE,,,Nuit sans éclairage public,Hors agglomération,Hors intersection,Pluie légère,Autre collision,,,,,,,,,,,3,1,1,2.0,6
201200002501,0012-01-02 11:00:00,12,1,2,11,0,850,29,LES 3 ORMEAUX,,,Plein jour,Hors agglomération,Hors intersection,Normale,Deux véhicules - frontale,,,,,,,,,,,1,1,1,1.0,1
201200002502,0012-01-27 12:15:00,12,1,27,12,15,850,29,LA PENTECOTERIE,,,Plein jour,Hors agglomération,Hors intersection,Normale,Deux véhicules - frontale,,,,,,,,,,,1,1,1,1.0,1
201200002503,0012-02-24 16:00:00,12,2,24,16,0,850,234,GIRATOIRE DES TONNELLES,,,Plein jour,Hors agglomération,Giratoire,Normale,Autre collision,,,,,,,,,,,1,1,6,1.0,6
201200002504,0012-03-22 14:15:00,12,3,22,14,15,850,234,LE PETIT BOT,,,Plein jour,Hors agglomération,Hors intersection,Normale,Deux véhicules - frontale,,,,,,,,,,,1,1,1,1.0,1
201200002505,0012-04-06 18:00:00,12,4,6,18,0,850,234,CARREFOUR DU BOIS JOLI,,,Plein jour,En agglomération,Intersection en X,Normale,Trois véhicules et plus - collisions multiples,,,,,,,,,,,1,2,2,1.0,5
201200002506,0012-04-06 17:15:00,12,4,6,17,15,850,18,39 RUE DE LA ROCHE,,,Plein jour,Hors agglomération,Hors intersection,Normale,Deux véhicules - frontale,,,,,,,,,,,1,1,1,1.0,1
201200002507,0012-04-22 14:30:00,12,4,22,14,30,850,234,AVENUE DES EPINES,46.76386,-2.00835,Plein jour,En agglomération,Hors intersection,Normale,Autre collision,,,,,,,,,,,1,2,1,1.0,6
201200002508,0012-06-12 12:15:00,12,6,12,12,15,850,273,LES GROURIES,,,Plein jour,Hors agglomération,Hors intersection,Normale,Deux véhicules - frontale,,,,,,,,,,,1,1,1,1.0,1
201200002509,0012-06-18 19:00:00,12,6,18,19,0,850,273,LA MAISON ROUSSE,,,Plein jour,Hors agglomération,Hors intersection,Normale,Autre collision,,,,,,,,,,,1,1,1,1.0,6
201200002510,0012-07-22 14:00:00,12,7,22,14,0,850,18,,,,Plein jour,Hors agglomération,Hors intersection,Temps éblouissant,Deux véhicules - frontale,,,,,,,,,,,1,1,1,7.0,1
201200002511,0012-07-22 09:45:00,12,7,22,9,45,850,273,,,,Plein jour,Hors agglomération,Intersection en X,Normale,Deux véhicules - côté,,,,,,,,,,,1,1,2,1.0,3
201200002512,0012-08-12 22:15:00,12,8,12,22,15,850,221,,,,Crépuscule ou aube,Hors agglomération,Hors intersection,Pluie légère,Autre collision,,,,,,,,,,,2,1,1,2.0,6
201200002513,0012-08-18 06:30:00,12,8,18,6,30,850,221,38 RUE DE LA MARNE,,,Crépuscule ou aube,En agglomération,Hors intersection,Normale,Autre collision,,,,,,,,,,,2,2,1,1.0,6
201200002514,0012-08-22 05:15:00,12,8,22,5,15,850,172,ROUTE DU MAILLEAU,,,Nuit sans éclairage public,Hors agglomération,Hors intersection,Normale,Deux véhicules - côté,,,,,,,,,,,3,1,1,1.0,3
201200002515,0012-08-23 16:45:00,12,8,23,16,45,850,234,54 route des sables,,,Plein jour,En agglomération,Hors intersection,Temps couvert,Autre collision,,,,,,,,,,,1,2,1,8.0,6
201200002516,0012-09-13 11:30:00,12,9,13,11,30,850,234,LA MARE,,,Plein jour,Hors agglomération,Hors intersection,Normale,Autre collision,,,,,,,,,,,1,1,1,1.0,6
201200002517,0012-09-16 02:45:00,12,9,16,2,45,850,234,,,,Nuit sans éclairage public,Hors agglomération,Intersection en X,Normale,Deux véhicules - arrière,,,,,,,,,,,3,1,2,1.0,2
201200002518,0012-09-16 11:45:00,12,9,16,11,45,850,234,122 RUE DES SABLES,,,Plein jour,Hors agglomération,Intersection en T,Normale,Deux véhicules - frontale,,,,,,,,,,,1,1,3,1.0,1
201200002519,0012-11-11 11:30:00,12,11,11,11,30,850,29,LES LAITERIES,,,Plein jour,Hors agglomération,Hors intersection,Normale,Deux véhicules - frontale,,,,,,,,,,,1,1,1,1.0,1
201200002520,0012-11-12 08:30:00,12,11,12,8,30,850,172,,,,Plein jour,Hors agglomération,Hors intersection,Normale,Sans collision,,,,,,,,,,,1,1,1,1.0,7
201200002521,0012-12-04 13:30:00,12,12,4,13,30,850,234,CHEMIN DES GRENOUILLIERE,46.79887,-2.0648,Plein jour,Hors agglomération,Hors intersection,Pluie légère,Sans collision,,,,,,,,,,,1,1,1,2.0,7
201200002522,0012-12-22 04:00:00,12,12,22,4,0,850,234,LE MOULIN DES RIVIERES,,,Nuit sans éclairage public,Hors agglomération,Hors intersection,Pluie légère,Autre collision,,,,,,,,,,,3,1,1,2.0,6
201200002523,0012-01-05 18:15:00,12,1,5,18,15,850,288,ROUTE DU BOIS JAULIN,46.51563,-1.58095,Nuit sans éclairage public,Hors agglomération,Hors intersection,Normale,Deux véhicules - côté,,,,,,,,,,,3,1,1,1.0,3
201200002524,0012-01-22 12:15:00,12,1,22,12,15,850,4,LA CHARRIERE DES BANDES,,,Plein jour,Hors agglomération,Hors intersection,Normale,Deux véhicules - frontale,,,,,,,,,,,1,1,1,1.0,1
201200002525,0012-02-06 04:30:00,12,2,6,4,30,850,50,LA CHEVRIE,,,Nuit sans éclairage public,Hors agglomération,Hors intersection,Neige / grêle,Autre collision,,,,,,,,,,,3,1,1,4.0,6
201200002526,0012-02-10 06:30:00,12,2,10,6,30,850,156,RUE COLONEL DE SAIRIGNE,46.49395,-1.42945,Nuit sans éclairage public,En agglomération,Hors intersection,Autre,Deux véhicules - arrière,,,,,,,,,,,3,2,1,9.0,2
201200002527,0012-03-14 16:45:00,12,3,14,16,45,850,288,LA GRANDE GARCILLIERE,,,Plein jour,Hors agglomération,Hors intersection,Normale,Autre collision,,,,,,,,,,,1,1,1,1.0,6
201200002528,0012-03-22 09:15:00,12,3,22,9,15,850,288,LA NICOLIERE,,,Plein jour,Hors agglomération,Hors intersection,Normale,Deux véhicules - frontale,,,,,,,,,,,1,1,1,1.0,1
201200002529,0012-04-06 17:30:00,12,4,6,17,30,850,278,LA TIGERIE,,,Plein jour,Hors agglomération,Hors intersection,Normale,Autre collision,,,,,,,,,,,1,1,1,1.0,6
201200002530,0012-05-25 17:15:00,12,5,25,17,15,850,99,LA BELLE EUGENIE,,,Plein jour,Hors agglomération,Hors intersection,Temps éblouissant,Deux véhicules - arrière,,,,,,,,,,,1,1,1,7.0,2
201200002531,0012-05-27 12:45:00,12,5,27,12,45,850,179,LA FROMENTINE,,,Plein jour,Hors agglomération,Intersection en Y,Normale,Deux véhicules - frontale,,,,,,,,,,,1,1,4,1.0,1
201200002532,0012-07-22 18:00:00,12,7,22,18,0,850,294,RUE DES PEUPLIERS,46.34146,-1.44014,Plein jour,En agglomération,Hors intersection,Normale,Autre collision,,,,,,,,,,,1,2,1,1.0,6
201200002533,0012-07-21 08:30:00,12,7,21,8,30,850,288,R-P DE LA MICHELIERE,,,Plein jour,Hors agglomération,Giratoire,Temps éblouissant,Deux véhicules - côté,,,,,,,,,,,1,1,6,7.0,3
201200002534,0012-07-29 15:15:00,12,7,29,15,15,850,101,,,,Plein jour,Hors agglomération,Hors intersection,Normale,Deux véhicules - côté,,,,,,,,,,,1,1,1,1.0,3
201200002535,0012-07-31 14:45:00,12,7,31,14,45,850,294,44 AVENUE DES NOLLEAUX,46.34458,-1.40722,Plein jour,En agglomération,Autre intersection,Normale,Deux véhicules - frontale,,,,,,,,,,,1,2,9,1.0,1
201200002536,0012-08-03 17:30:00,12,8,3,17,30,850,288,AVENUE DES SPORTS,46.46338,-1.63565,Plein jour,En agglomération,Hors intersection,Normale,Deux véhicules - arrière,,,,,,,,,,,1,2,1,1.0,2
201200002537,0012-09-06 18:15:00,12,9,6,18,15,850,22,CARREFOUR DE LA SARRASIN,,,Crépuscule ou aube,Hors agglomération,Hors intersection,Normale,Deux véhicules - frontale,,,,,,,,,,,2,1,1,1.0,1
201200002538,0012-09-18 19:30:00,12,9,18,19,30,850,22,125 RUE DE LA MOULINETTE,46.42888,-1.42749,Plein jour,Hors agglomération,Hors intersection,Normale,Autre collision,,,,,,,,,,,1,1,1,1.0,6
201200002539,0012-10-07 06:15:00,12,10,7,6,15,850,10,,,,Nuit sans éclairage public,Hors agglomération,Hors intersection,Normale,Autre collision,,,,,,,,,,,3,1,1,1.0,6
201200002540,0012-11-22 07:00:00,12,11,22,7,0,850,277,,,,Nuit sans éclairage public,Hors agglomération,Hors intersection,Brouillard / fumée,Deux véhicules - arrière,,,,,,,,,,,3,1,1,5.0,2
201200002541,0012-03-27 09:00:00,12,3,27,9,0,330,498,Rue de la croix Blanche,44.556,-0.861,Plein jour,En agglomération,Hors intersection,Normale,Deux véhicules - frontale,,,,,,,,,,,1,2,1,1.0,1
201200002542,0012-11-26 08:45:00,12,11,26,8,45,330,260,,44.474,-0.898,Plein jour,Hors agglomération,Hors intersection,Normale,Deux véhicules - frontale,,,,,,,,,,,1,1,1,1.0,1
201200002543,0012-12-08 06:30:00,12,12,8,6,30,330,42,,44.625,-0.76,Nuit sans éclairage public,Hors agglomération,Hors intersection,Normale,Deux véhicules - frontale,,,,,,,,,,,3,1,1,1.0,1
201200002544,0012-03-16 15:45:00,12,3,16,15,45,330,284,10 rue des perduyres,,,Plein jour,En agglomération,Hors intersection,Normale,Autre collision,,,,,,,,,,,1,2,1,1.0,6
201200002545,0012-03-30 12:15:00,12,3,30,12,15,330,19,chemin de Taguet,,,Plein jour,En agglomération,Hors intersection,Normale,Autre collision,,,,,,,,,,,1,2,1,1.0,6
201200002546,0012-04-07 18:30:00,12,4,7,18,30,330,51,,,,Plein jour,Hors agglomération,Hors intersection,Temps couvert,Trois véhicules et plus - collisions multiples,,,,,,,,,,,1,1,1,8.0,5
201200002547,0012-06-20 09:15:00,12,6,20,9,15,330,284,,44.663,-0.821,Plein jour,Hors agglomération,Hors intersection,Normale,Deux véhicules - arrière,,,,,,,,,,,1,1,1,1.0,2
201200002548,0012-06-30 17:45:00,12,6,30,17,45,330,555,,,,Plein jour,Hors agglomération,Intersection en T,Temps éblouissant,Trois véhicules et plus - collisions multiples,,,,,,,,,,,1,1,3,7.0,5
201200002549,0012-07-02 19:00:00,12,7,2,19,0,330,51,Rond point du Delta,,,Plein jour,En agglomération,Giratoire,Normale,Deux véhicules - frontale,,,,,,,,,,,1,2,6,1.0,1
201200002550,0012-07-03 19:30:00,12,7,3,19,30,330,19,ALLLES DE BOISSIERES,,,Plein jour,En agglomération,Hors intersection,Normale,Deux véhicules - côté,,,,,,,,,,,1,2,1,1.0,3
201200002551,0012-10-13 06:15:00,12,10,13,6,15,330,555,"La bergerie, CD5",44.689,-0.846,Nuit sans éclairage public,En agglomération,Hors intersection,Pluie légère,Autre collision,,,,,,,,,,,3,2,1,2.0,6
201200002552,0012-11-09 22:00:00,12,11,9,22,0,330,19,rue du stade,,,Nuit avec éclairage allumé,En agglomération,Hors intersection,Normale,Deux véhicules - côté,,,,,,,,,,,5,2,1,1.0,3
201200002553,0012-01-21 12:00:00,12,1,21,12,0,330,56,,,,Plein jour,Hors agglomération,Hors intersection,Normale,Deux véhicules - frontale,,,,,,,,,,,1,1,1,1.0,1
201200002554,0012-02-17 21:30:00,12,2,17,21,30,330,56,Avenue du Port du Roy,,,Nuit sans éclairage public,En agglomération,Hors intersection,Normale,Autre collision,,,,,,,,,,,3,2,1,1.0,6
201200002555,0012-03-24 02:00:00,12,3,24,2,0,330,519,,44.914,-0.711,Nuit sans éclairage public,Hors agglomération,Hors intersection,Normale,Sans collision,,,,,,,,,,,3,1,1,1.0,7
201200002556,0012-03-30 19:30:00,12,3,30,19,30,330,312,RUE DE SEGUR,,,Plein jour,En agglomération,Hors intersection,Normale,Deux véhicules - frontale,,,,,,,,,,,1,2,1,1.0,1
201200002557,0012-03-31 00:45:00,12,3,31,0,45,330,519,,44.935,-0.68,Nuit sans éclairage public,Hors agglomération,Hors intersection,Normale,Deux véhicules - arrière,,,,,,,,,,,3,1,1,1.0,2
201200002558,0012-04-22 23:30:00,12,4,22,23,30,330,312,route de BORDEAUX,44.946,-0.607,Nuit avec éclairage allumé,En agglomération,Hors intersection,Normale,Autre collision,,,,,,,,,,,5,2,1,1.0,6
201200002559,0012-08-06 08:15:00,12,8,6,8,15,330,56,,,,Plein jour,Hors agglomération,Hors intersection,Pluie légère,Deux véhicules - frontale,,,,,,,,,,,1,1,1,2.0,1
201200002560,0012-08-28 08:30:00,12,8,28,8,30,330,56,AVENUE DU PORT DU ROY,,,Plein jour,En agglomération,Hors intersection,Normale,Deux véhicules - frontale,,,,,,,,,,,1,2,1,1.0,1
201200002561,0012-09-11 11:15:00,12,9,11,11,15,330,312,,44.944,-0.607,Plein jour,Hors agglomération,Hors intersection,Normale,Deux véhicules - frontale,,,,,,,,,,,1,1,1,1.0,1
201200002562,0012-09-16 21:30:00,12,9,16,21,30,330,312,ROUTE DE MACAU,,,Nuit sans éclairage public,En agglomération,Hors intersection,Normale,Deux véhicules - côté,,,,,,,,,,,3,2,1,1.0,3
201200002563,0012-10-24 11:30:00,12,10,24,11,30,330,56,300 AV. DU XI NOVEMBRE,,,Plein jour,En agglomération,Hors intersection,Normale,Deux véhicules - côté,,,,,,,,,,,1,2,1,1.0,3
201200002564,0012-11-05 22:15:00,12,11,5,22,15,330,519,,,,Nuit sans éclairage public,Hors agglomération,Hors intersection,Pluie légère,Deux véhicules - frontale,,,,,,,,,,,3,1,1,2.0,1
201200002565,0012-11-16 18:45:00,12,11,16,18,45,330,56,,,,Nuit sans éclairage public,Hors agglomération,Hors intersection,Normale,Deux véhicules - frontale,,,,,,,,,,,3,1,1,1.0,1
201200002566,0012-11-17 19:45:00,12,11,17,19,45,330,519,,,,Nuit sans éclairage public,Hors agglomération,Intersection en X,Normale,Deux véhicules - côté,,,,,,,,,,,3,1,2,1.0,3
201200002567,0012-12-11 12:15:00,12,12,11,12,15,330,56,149 rue de la rivi?re,,,Plein jour,En agglomération,Hors intersection,Normale,Deux véhicules - frontale,,,,,,,,,,,1,2,1,1.0,1
201200002568,0012-12-29 06:30:00,12,12,29,6,30,330,519,,44.902,-0.668,Nuit sans éclairage public,Hors agglomération,Hors intersection,Autre,Deux véhicules - frontale,,,,,,,,,,,3,1,1,9.0,1
201200002569,0012-02-16 11:00:00,12,2,16,11,0,330,11,cd 3 av de la lib?ration,,,Plein jour,En agglomération,Hors intersection,Normale,Deux véhicules - frontale,,,,,,,,,,,1,2,1,1.0,1
201200002570,0012-06-18 15:15:00,12,6,18,15,15,330,236,av. du g?n?ral de gaulle,,,Plein jour,En agglomération,Hors intersection,Normale,Deux véhicules - frontale,,,,,,,,,,,1,2,1,1.0,1
201200002571,0012-10-23 18:00:00,12,10,23,18,0,330,11,avenue de la lib?ration,,,Plein jour,En agglomération,Intersection en X,Normale,Deux véhicules - côté,,,,,,,,,,,1,2,2,1.0,3
201200002572,0012-11-11 02:15:00,12,11,11,2,15,330,236,AVENUE DE LA VIGNE,,,Nuit avec éclairage allumé,En agglomération,Hors intersection,Pluie légère,Autre collision,,,,,,,,,,,5,2,1,2.0,6
201200002573,0012-11-23 11:15:00,12,11,23,11,15,330,11,D3 lieu dit Houdins,,,Plein jour,En agglomération,Hors intersection,Normale,Deux véhicules - frontale,,,,,,,,,,,1,2,1,1.0,1
201200002574,0012-12-16 16:45:00,12,12,16,16,45,330,11,,,,Plein jour,Hors agglomération,Hors intersection,Pluie forte,Deux véhicules - côté,,,,,,,,,,,1,1,1,3.0,3
201200002575,0012-01-08 08:45:00,12,1,8,8,45,330,422,,44.81,-0.814,Plein jour,Hors agglomération,Hors intersection,Pluie légère,Sans collision,,,,,,,,,,,1,1,1,2.0,7
201200002576,0012-01-15 04:30:00,12,1,15,4,30,330,273,,44.838,-0.776,Nuit sans éclairage public,Hors agglomération,Hors intersection,Normale,Autre collision,,,,,,,,,,,3,1,1,1.0,6
201200002577,0012-02-28 18:15:00,12,2,28,18,15,330,273,,,,Plein jour,Hors agglomération,Hors intersection,Normale,Deux véhicules - côté,,,,,,,,,,,1,1,1,1.0,3
201200002578,0012-05-24 15:15:00,12,5,24,15,15,330,273,,44.811,-0.861,Plein jour,Hors agglomération,Hors intersection,Normale,Deux véhicules - frontale,,,,,,,,,,,1,1,1,1.0,1
201200002579,0012-07-10 12:00:00,12,7,10,12,0,330,273,,,,Plein jour,Hors agglomération,Hors intersection,Normale,Deux véhicules - frontale,,,,,,,,,,,1,1,1,1.0,1
201200002580,0012-10-31 17:15:00,12,10,31,17,15,330,422,,44.819,-0.709,Crépuscule ou aube,Hors agglomération,Hors intersection,Normale,Deux véhicules - côté,,,,,,,,,,,2,1,1,1.0,3
201200002581,0012-11-15 09:15:00,12,11,15,9,15,330,273,,44.839,-0.798,Plein jour,Hors agglomération,Intersection en T,Normale,Deux véhicules - côté,,,,,,,,,,,1,1,3,1.0,3
201200002582,0012-11-28 17:30:00,12,11,28,17,30,330,422,,44.828,-0.741,Nuit sans éclairage public,Hors agglomération,Hors intersection,Pluie légère,Sans collision,,,,,,,,,,,3,1,1,2.0,7
201200002583,0012-01-20 06:45:00,12,1,20,6,45,330,422,,,,Nuit sans éclairage public,Hors agglomération,Hors intersection,Pluie légère,Autre collision,,,,,,,,,,,3,1,1,2.0,6
201200002584,0012-03-13 16:45:00,12,3,13,16,45,330,449,route de CORBIAC,,,Plein jour,En agglomération,Hors intersection,Normale,Autre collision,,,,,,,,,,,1,2,1,1.0,6
201200002585,0012-03-15 09:45:00,12,3,15,9,45,330,449,route de feydit,,,Plein jour,En agglomération,Hors intersection,Normale,Autre collision,,,,,,,,,,,1,2,1,1.0,6
201200002586,0012-03-23 14:15:00,12,3,23,14,15,330,449,avenue du haillan,,,Plein jour,En agglomération,Hors intersection,Normale,Sans collision,,,,,,,,,,,1,2,1,1.0,7
201200002587,0012-05-09 15:00:00,12,5,9,15,0,330,449,avenue de martignas,,,Plein jour,En agglomération,Hors intersection,Normale,Autre collision,,,,,,,,,,,1,2,1,1.0,6
201200002588,0012-05-28 17:45:00,12,5,28,17,45,330,376,Route de Pont ? Cot,,,Plein jour,En agglomération,Hors intersection,Normale,Trois véhicules et plus - en chaîne,,,,,,,,,,,1,2,1,1.0,4
201200002589,0012-06-15 19:30:00,12,6,15,19,30,330,449,,,,Plein jour,En agglomération,Hors intersection,Normale,Sans collision,,,,,,,,,,,1,2,1,1.0,7
201200002590,0012-06-20 12:45:00,12,6,20,12,45,330,376,ROUTE DE PICOT,,,Plein jour,En agglomération,Hors intersection,Normale,Trois véhicules et plus - collisions multiples,,,,,,,,,,,1,2,1,1.0,5
201200002591,0012-07-25 16:45:00,12,7,25,16,45,330,449,rue albert menaut,,,Plein jour,En agglomération,Intersection en X,Normale,Deux véhicules - côté,,,,,,,,,,,1,2,2,1.0,3
201200002592,0012-09-06 11:15:00,12,9,6,11,15,330,449,avenue montaigne,,,Plein jour,En agglomération,Place,Normale,Deux véhicules - côté,,,,,,,,,,,1,2,7,1.0,3
201200002593,0012-09-09 12:45:00,12,9,9,12,45,330,449,,,,Plein jour,En agglomération,Hors intersection,Normale,Deux véhicules - côté,,,,,,,,,,,1,2,1,1.0,3
201200002594,0012-10-08 07:00:00,12,10,8,7,0,330,449,Rue jean duperrier,,,Crépuscule ou aube,En agglomération,Hors intersection,Normale,Deux véhicules - côté,,,,,,,,,,,2,2,1,1.0,3
201200002595,0012-10-09 18:00:00,12,10,9,18,0,330,449,Rotue de Feydit,,,Plein jour,En agglomération,Hors intersection,Normale,Deux véhicules - côté,,,,,,,,,,,1,2,1,1.0,3
201200002596,0012-11-08 18:15:00,12,11,8,18,15,330,449,avenue de Pagnot,,,Nuit avec éclairage allumé,En agglomération,Hors intersection,Normale,Trois véhicules et plus - collisions multiples,,,,,,,,,,,5,2,1,1.0,5
201200002597,0012-05-20 14:15:00,12,5,20,14,15,330,370,,,,Plein jour,Hors agglomération,Hors intersection,Pluie forte,Deux véhicules - frontale,,,,,,,,,,,1,1,1,3.0,1
201200002598,0012-10-21 17:15:00,12,10,21,17,15,330,101,,45.208,-0.557,Plein jour,Hors agglomération,Hors intersection,Pluie légère,Sans collision,,,,,,,,,,,1,1,1,2.0,7
201200002599,0012-11-01 18:00:00,12,11,1,18,0,330,47,rue de ferrand,,,Nuit sans éclairage public,En agglomération,Hors intersection,Pluie légère,Deux véhicules - côté,,,,,,,,,,,3,2,1,2.0,3
201200002600,0012-11-03 20:30:00,12,11,3,20,30,330,159,,45.237,-0.572,Nuit sans éclairage public,Hors agglomération,Hors intersection,Pluie forte,Trois véhicules et plus - collisions multiples,,,,,,,,,,,3,1,1,3.0,5
201200002601,0012-04-10 10:00:00,12,4,10,10,0,330,67,,,,Plein jour,Hors agglomération,Hors intersection,Pluie légère,Deux véhicules - frontale,,,,,,,,,,,1,1,1,2.0,1
201200002602,0012-04-29 07:45:00,12,4,29,7,45,330,388,,,,Plein jour,Hors agglomération,Hors intersection,Normale,Autre collision,,,,,,,,,,,1,1,1,1.0,6
201200002603,0012-05-27 18:00:00,12,5,27,18,0,330,525,,45.041,-0.507,Plein jour,Hors agglomération,Hors intersection,Normale,Deux véhicules - arrière,,,,,,,,,,,1,1,1,1.0,2
201200002604,0012-08-01 17:45:00,12,8,1,17,45,330,67,D23 E3 - Malbeck,45.049,-0.556,Plein jour,En agglomération,Hors intersection,Normale,Deux véhicules - arrière,,,,,,,,,,,1,2,1,1.0,2
201200002605,0012-09-07 12:00:00,12,9,7,12,0,330,388,,,,Plein jour,Hors agglomération,Intersection en X,Normale,Deux véhicules - côté,,,,,,,,,,,1,1,2,1.0,3
201200002606,0012-12-09 02:15:00,12,12,9,2,15,330,388,,45.097,-0.594,Nuit sans éclairage public,Hors agglomération,Hors intersection,Normale,Autre collision,,,,,,,,,,,3,1,1,1.0,6
201200002607,0012-03-30 19:15:00,12,3,30,19,15,330,473,Route de la Baconne,45.145,-0.446,Plein jour,En agglomération,Hors intersection,Normale,Autre collision,,,,,,,,,,,1,2,1,1.0,6
201200002608,0012-04-08 01:00:00,12,4,8,1,0,330,416,,45.139,-0.561,Nuit sans éclairage public,Hors agglomération,Hors intersection,Normale,Sans collision,,,,,,,,,,,3,1,1,1.0,7
201200002609,0012-05-07 17:30:00,12,5,7,17,30,330,382,,45.166,-0.484,Plein jour,Hors agglomération,Autre intersection,Normale,Deux véhicules - arrière,,,,,,,,,,,1,1,9,1.0,2
201200002610,0012-06-11 15:45:00,12,6,11,15,45,330,382,,45.139,-0.539,Plein jour,Hors agglomération,Hors intersection,Normale,Autre collision,,,,,,,,,,,1,1,1,1.0,6
201200002611,0012-06-21 22:00:00,12,6,21,22,0,330,492,41RUE DU BOURG,45.156,-0.415,Crépuscule ou aube,En agglomération,Hors intersection,Normale,Deux véhicules - frontale,,,,,,,,,,,2,2,1,1.0,1
201200002612,0012-08-03 10:00:00,12,8,3,10,0,330,473,,45.165,-0.449,Plein jour,Hors agglomération,Hors intersection,Normale,Autre collision,,,,,,,,,,,1,1,1,1.0,6
201200002613,0012-08-20 11:00:00,12,8,20,11,0,330,382,,45.139,-0.55,Plein jour,Hors agglomération,Hors intersection,Normale,Sans collision,,,,,,,,,,,1,1,1,1.0,7
201200002614,0012-12-07 14:00:00,12,12,7,14,0,330,382,,45.139,-0.485,Plein jour,Hors agglomération,Hors intersection,Pluie légère,Autre collision,,,,,,,,,,,1,1,1,2.0,6
201200002615,0012-01-03 19:00:00,12,1,3,19,0,330,4,,,,Plein jour,Hors agglomération,Hors intersection,Normale,Sans collision,,,,,,,,,,,1,1,1,1.0,7
201200002616,0012-01-27 19:15:00,12,1,27,19,15,330,4,Avenue Marcel Cachin,,,Crépuscule ou aube,En agglomération,Hors intersection,Normale,Sans collision,,,,,,,,,,,2,2,1,1.0,7
201200002617,0012-02-01 17:45:00,12,2,1,17,45,330,3,,44.929,-0.453,Plein jour,Hors agglomération,Hors intersection,Normale,Deux véhicules - côté,,,,,,,,,,,1,1,1,1.0,3
201200002618,0012-02-25 17:00:00,12,2,25,17,0,330,433,,,,Plein jour,Hors agglomération,Hors intersection,Normale,Autre collision,,,,,,,,,,,1,1,1,1.0,6
201200002619,0012-04-07 09:30:00,12,4,7,9,30,330,433,avenue de r?publique,,,Plein jour,En agglomération,Hors intersection,Pluie légère,Autre collision,,,,,,,,,,,1,2,1,2.0,6