accident_id,datetime,annee,mois,jour,heure,minute,departement,commune_insee,adresse,latitude,longitude,luminosite,agglomeration,intersection,meteo,collision,nb_vehicules,nb_usagers,nb_indemnes,nb_tues,nb_blesses_hosp,nb_blesses_legers,age_cond_1,age_cond_2,veh_type_cond_1,veh_type_cond_2,lum_code,agg_code,int_code,atm_code,col_code
201200002756,0012-05-09 15:15:00,12,5,9,15,15,330,243,RD 1089,44.921,-0.22,Plein jour,En agglomération,Hors intersection,Normale,Deux véhicules - arrière,,,,,,,,,,,1,2,1,1.0,2
201200002757,0012-05-26 04:00:00,12,5,26,4,0,330,207,32 Avenue L?o DROUYN,44.927,-0.368,Nuit avec éclairage allumé,En agglomération,Hors intersection,Normale,Autre collision,,,,,,,,,,,5,2,1,1.0,6
201200002758,0012-07-04 13:30:00,12,7,4,13,30,330,243,169 avenue de l'Epinette,,,Plein jour,En agglomération,Hors intersection,Normale,Deux véhicules - côté,,,,,,,,,,,1,2,1,1.0,3
201200002759,0012-07-23 16:45:00,12,7,23,16,45,330,79,,,,Plein jour,Hors agglomération,Hors intersection,Normale,Autre collision,,,,,,,,,,,1,1,1,1.0,6
201200002760,0012-08-06 11:45:00,12,8,6,11,45,330,243,38 av. Georges Pompidou,,,Plein jour,En agglomération,Hors intersection,Normale,Autre collision,,,,,,,,,,,1,2,1,1.0,6
201200002761,0012-08-12 12:00:00,12,8,12,12,0,330,243,,,,Plein jour,Hors agglomération,Hors intersection,Normale,Deux véhicules - arrière,,,,,,,,,,,1,1,1,1.0,2
201200002762,0012-09-08 20:00:00,12,9,8,20,0,330,243,Avenue du Mar?chal Foch,,,Plein jour,En agglomération,Hors intersection,Normale,Trois véhicules et plus - collisions multiples,,,,,,,,,,,1,2,1,1.0,5
201200002763,0012-10-13 06:45:00,12,10,13,6,45,330,243,,,,Nuit avec éclairage allumé,Hors agglomération,Hors intersection,Normale,Deux véhicules - frontale,,,,,,,,,,,5,1,1,1.0,1
201200002764,0012-10-21 06:00:00,12,10,21,6,0,330,539,,,,Nuit sans éclairage public,Hors agglomération,Hors intersection,Normale,Autre collision,,,,,,,,,,,3,1,1,1.0,6
201200002765,0012-11-23 12:15:00,12,11,23,12,15,330,539,,,,Plein jour,Hors agglomération,Hors intersection,Normale,Deux véhicules - frontale,,,,,,,,,,,1,1,1,1.0,1
201200002766,0012-11-24 20:15:00,12,11,24,20,15,330,243,103 avenue Galli?ni,,,Nuit avec éclairage allumé,En agglomération,Hors intersection,Normale,Deux véhicules - frontale,,,,,,,,,,,5,2,1,1.0,1
201200002767,0012-12-13 12:15:00,12,12,13,12,15,330,539,,44.9,-0.332,Plein jour,Hors agglomération,Hors intersection,Pluie légère,Deux véhicules - frontale,,,,,,,,,,,1,1,1,2.0,1
201200002768,0012-01-03 18:45:00,12,1,3,18,45,330,185,,,,Nuit sans éclairage public,Hors agglomération,Hors intersection,Normale,Deux véhicules - côté,,,,,,,,,,,3,1,1,1.0,3
201200002769,0012-02-28 17:45:00,12,2,28,17,45,330,350,carrefour rouchey/ cd128,44.783,-0.13,Plein jour,En agglomération,Hors intersection,Normale,Deux véhicules - côté,,,,,,,,,,,1,2,1,1.0,3
201200002770,0012-05-12 17:15:00,12,5,12,17,15,330,185,,44.871,-0.255,Plein jour,Hors agglomération,Hors intersection,Normale,Deux véhicules - frontale,,,,,,,,,,,1,1,1,1.0,1
201200002771,0012-05-21 08:15:00,12,5,21,8,15,330,350,,44.784,-0.136,Plein jour,Hors agglomération,Hors intersection,Pluie légère,Deux véhicules - frontale,,,,,,,,,,,1,1,1,2.0,1
201200002772,0012-05-26 20:45:00,12,5,26,20,45,330,413,lieu dit beaupied,,,Plein jour,En agglomération,Hors intersection,Normale,Deux véhicules - frontale,,,,,,,,,,,1,2,1,1.0,1
201200002773,0012-06-15 22:30:00,12,6,15,22,30,330,78,,,,Nuit sans éclairage public,Hors agglomération,Intersection en T,Normale,Deux véhicules - côté,,,,,,,,,,,3,1,3,1.0,3
201200002774,0012-09-20 14:30:00,12,9,20,14,30,330,298,cd 18 - RTE DE BRANNE,44.852,-0.221,Plein jour,En agglomération,Hors intersection,Normale,Autre collision,,,,,,,,,,,1,2,1,1.0,6
201200002775,0012-10-09 08:00:00,12,10,9,8,0,330,350,CD 231 & CD 123,44.779,-0.127,Plein jour,En agglomération,Intersection en X,Pluie légère,Deux véhicules - côté,,,,,,,,,,,1,2,2,2.0,3
201200002776,0012-11-11 19:30:00,12,11,11,19,30,330,301,,44.792,-0.171,Nuit sans éclairage public,Hors agglomération,Hors intersection,Normale,Deux véhicules - frontale,,,,,,,,,,,3,1,1,1.0,1
201200002777,0012-12-09 02:30:00,12,12,9,2,30,330,298,,,,Nuit sans éclairage public,Hors agglomération,Hors intersection,Brouillard / fumée,Sans collision,,,,,,,,,,,3,1,1,5.0,7
201200002778,0012-02-17 20:30:00,12,2,17,20,30,330,406,,,,Nuit sans éclairage public,Hors agglomération,Hors intersection,Normale,Trois véhicules et plus - collisions multiples,,,,,,,,,,,3,1,1,1.0,5
201200002779,0012-04-18 16:45:00,12,4,18,16,45,330,437,,,,Plein jour,Hors agglomération,Intersection en X,Pluie forte,Deux véhicules - côté,,,,,,,,,,,1,1,2,3.0,3
201200002780,0012-07-21 19:45:00,12,7,21,19,45,330,485,,,,Plein jour,Hors agglomération,Hors intersection,Normale,Autre collision,,,,,,,,,,,1,1,1,1.0,6
201200002781,0012-08-05 14:45:00,12,8,5,14,45,330,394,,,,Plein jour,Hors agglomération,Hors intersection,Pluie forte,Deux véhicules - frontale,,,,,,,,,,,1,1,1,3.0,1
201200002782,0012-11-17 20:15:00,12,11,17,20,15,330,480,,,,Nuit sans éclairage public,Hors agglomération,Hors intersection,Temps couvert,Deux véhicules - frontale,,,,,,,,,,,3,1,1,8.0,1
201200002783,0012-12-13 18:15:00,12,12,13,18,15,330,437,,,,Nuit sans éclairage public,Hors agglomération,Hors intersection,Pluie légère,Autre collision,,,,,,,,,,,3,1,1,2.0,6
201200002784,0012-01-15 21:45:00,12,1,15,21,45,330,124,lieu-dit Les Loges,,,Nuit avec éclairage allumé,En agglomération,Hors intersection,Normale,Autre collision,,,,,,,,,,,5,2,1,1.0,6
201200002785,0012-02-01 17:30:00,12,2,1,17,30,330,138,,,,Nuit sans éclairage public,Hors agglomération,Hors intersection,Normale,Autre collision,,,,,,,,,,,3,1,1,1.0,6
201200002786,0012-03-13 18:00:00,12,3,13,18,0,330,138,Rue Pierre Brossolette,,,Plein jour,En agglomération,Hors intersection,Normale,Deux véhicules - côté,,,,,,,,,,,1,2,1,1.0,3
201200002787,0012-05-15 18:00:00,12,5,15,18,0,330,1,3 rue jean achard,,,Plein jour,En agglomération,Autre intersection,Normale,Autre collision,,,,,,,,,,,1,2,9,1.0,6
201200002788,0012-10-20 19:30:00,12,10,20,19,30,330,124,,,,Nuit sans éclairage public,Hors agglomération,Hors intersection,Pluie légère,Deux véhicules - frontale,,,,,,,,,,,3,1,1,2.0,1
201200002789,0012-12-30 17:30:00,12,12,30,17,30,330,362,,,,Crépuscule ou aube,Hors agglomération,Hors intersection,Temps couvert,Sans collision,,,,,,,,,,,2,1,1,8.0,7
201200002790,0012-01-12 17:45:00,12,1,12,17,45,330,198,D910 route de Gu?tres,,,Nuit avec éclairage allumé,En agglomération,Hors intersection,Brouillard / fumée,Autre collision,,,,,,,,,,,5,2,1,5.0,6
201200002791,0012-01-13 09:45:00,12,1,13,9,45,330,198,avenue de l'Isle,45.037,-0.185,Plein jour,En agglomération,Intersection en T,Normale,Deux véhicules - côté,,,,,,,,,,,1,2,3,1.0,3
201200002792,0012-01-13 19:30:00,12,1,13,19,30,330,393,,45.959,-0.17,Nuit sans éclairage public,Hors agglomération,Intersection en X,Normale,Trois véhicules et plus - collisions multiples,,,,,,,,,,,3,1,2,1.0,5
201200002793,0012-01-13 22:30:00,12,1,13,22,30,330,445,,45.019,-0.259,Nuit sans éclairage public,Hors agglomération,Hors intersection,Normale,Deux véhicules - frontale,,,,,,,,,,,3,1,1,1.0,1
201200002794,0012-02-24 09:00:00,12,2,24,9,0,330,218,,45.054,-0.222,Plein jour,Hors agglomération,Hors intersection,Normale,Deux véhicules - frontale,,,,,,,,,,,1,1,1,1.0,1
201200002795,0012-03-09 15:45:00,12,3,9,15,45,330,218,,,,Plein jour,Hors agglomération,Hors intersection,Normale,Deux véhicules - côté,,,,,,,,,,,1,1,1,1.0,3
201200002796,0012-05-07 19:00:00,12,5,7,19,0,330,393,89 Route de COUTRAS,,,Crépuscule ou aube,En agglomération,Hors intersection,Normale,Deux véhicules - côté,,,,,,,,,,,2,2,1,1.0,3
201200002797,0012-06-02 03:30:00,12,6,2,3,30,330,393,4 route de l'europe,44.987,-0.191,Nuit sans éclairage public,En agglomération,Hors intersection,Normale,Deux véhicules - frontale,,,,,,,,,,,3,2,1,1.0,1
201200002798,0012-06-12 21:15:00,12,6,12,21,15,330,218,,45.058,-0.136,Plein jour,Hors agglomération,Hors intersection,Normale,Deux véhicules - frontale,,,,,,,,,,,1,1,1,1.0,1
201200002799,0012-12-13 07:30:00,12,12,13,7,30,330,264,Anciens combattants-D22,,,Crépuscule ou aube,En agglomération,Hors intersection,Pluie légère,Autre collision,,,,,,,,,,,2,2,1,2.0,6
201200002800,0012-01-13 11:45:00,12,1,13,11,45,330,402,rue chanzy,44.845,0.222,Plein jour,En agglomération,Hors intersection,Normale,Deux véhicules - arrière,,,,,,,,,,,1,2,1,1.0,2
201200002801,0012-08-02 19:00:00,12,8,2,19,0,330,186,RD16 - route de PESSAC,44.81,0.073,Plein jour,En agglomération,Hors intersection,Temps éblouissant,Deux véhicules - arrière,,,,,,,,,,,1,2,1,7.0,2
201200002802,0012-12-20 08:15:00,12,12,20,8,15,330,324,CD 936,,,Crépuscule ou aube,En agglomération,Giratoire,Pluie forte,Autre collision,,,,,,,,,,,2,2,6,3.0,6
201200002803,0012-06-06 16:00:00,12,6,6,16,0,330,261,,,,Plein jour,Hors agglomération,Hors intersection,Normale,Deux véhicules - côté,,,,,,,,,,,1,1,1,1.0,3
201200002804,0012-07-01 12:00:00,12,7,1,12,0,330,478,Avenue G Cl?menceau,,,Plein jour,En agglomération,Hors intersection,Normale,Deux véhicules - côté,,,,,,,,,,,1,2,1,1.0,3
201200002805,0012-09-02 19:00:00,12,9,2,19,0,330,332,,,,Plein jour,Hors agglomération,Autre intersection,Normale,Sans collision,,,,,,,,,,,1,1,9,1.0,7
201200002806,0012-04-08 10:30:00,12,4,8,10,30,330,407,,,,Plein jour,Hors agglomération,Hors intersection,Normale,Deux véhicules - côté,,,,,,,,,,,1,1,1,1.0,3
201200002807,0012-05-23 13:45:00,12,5,23,13,45,330,179,,,,Plein jour,Hors agglomération,Hors intersection,Normale,Deux véhicules - côté,,,,,,,,,,,1,1,1,1.0,3
201200002808,0012-05-23 22:30:00,12,5,23,22,30,330,548,,,,Nuit sans éclairage public,Hors agglomération,Hors intersection,Normale,Autre collision,,,,,,,,,,,3,1,1,1.0,6
201200002809,0012-05-26 16:45:00,12,5,26,16,45,330,542,,,,Plein jour,Hors agglomération,Hors intersection,Normale,Autre collision,,,,,,,,,,,1,1,1,1.0,6
201200002810,0012-06-30 10:45:00,12,6,30,10,45,330,179,,,,Plein jour,Hors agglomération,Hors intersection,Normale,Deux véhicules - côté,,,,,,,,,,,1,1,1,1.0,3
201200002811,0012-09-02 18:00:00,12,9,2,18,0,330,219,Place du 14 juillet,,,Plein jour,En agglomération,Hors intersection,Normale,Deux véhicules - arrière,,,,,,,,,,,1,2,1,1.0,2
201200002812,0012-09-30 11:45:00,12,9,30,11,45,330,364,,,,Plein jour,Hors agglomération,Hors intersection,Normale,Deux véhicules - frontale,,,,,,,,,,,1,1,1,1.0,1
201200002813,0012-06-29 01:15:00,12,6,29,1,15,380,124,AV FRERES GUIGUET,45.6108,5.53693,Nuit avec éclairage allumé,En agglomération,Hors intersection,Normale,Autre collision,,,,,,,,,,,5,2,1,1.0,6
201200002814,0012-01-27 16:15:00,12,1,27,16,15,240,447,,,,Plein jour,Hors agglomération,Hors intersection,Normale,Deux véhicules - frontale,,,,,,,,,,,1,1,1,1.0,1
201200002815,0012-05-11 21:00:00,12,5,11,21,0,240,459,,,,Plein jour,Hors agglomération,Hors intersection,Normale,Deux véhicules - côté,,,,,,,,,,,1,1,1,1.0,3
201200002816,0012-06-19 18:15:00,12,6,19,18,15,240,156,,,,Plein jour,Hors agglomération,Hors intersection,Pluie légère,Deux véhicules - frontale,,,,,,,,,,,1,1,1,2.0,1
201200002817,0012-07-03 12:15:00,12,7,3,12,15,240,92,,,,Plein jour,Hors agglomération,Intersection en X,Normale,Deux véhicules - frontale,,,,,,,,,,,1,1,2,1.0,1
201200002818,0012-07-24 02:30:00,12,7,24,2,30,240,98,LE LAC,45.367,0.2,Nuit avec éclairage allumé,En agglomération,Hors intersection,Normale,Autre collision,,,,,,,,,,,5,2,1,1.0,6
201200002819,0012-09-06 08:45:00,12,9,6,8,45,240,156,,,,Plein jour,Hors agglomération,Hors intersection,Temps éblouissant,Deux véhicules - frontale,,,,,,,,,,,1,1,1,7.0,1
201200002820,0012-02-29 15:45:00,12,2,29,15,45,240,170,,,,Plein jour,Hors agglomération,Hors intersection,Normale,Sans collision,,,,,,,,,,,1,1,1,1.0,7
201200002821,0012-07-11 17:45:00,12,7,11,17,45,240,64,,,,Plein jour,Hors agglomération,Hors intersection,Normale,Autre collision,,,,,,,,,,,1,1,1,1.0,6
201200002822,0012-07-24 11:30:00,12,7,24,11,30,240,235,,,,Plein jour,Hors agglomération,Hors intersection,Normale,Trois véhicules et plus - collisions multiples,,,,,,,,,,,1,1,1,1.0,5
201200002823,0012-02-16 06:15:00,12,2,16,6,15,240,266,,45.376,5.484,Nuit sans éclairage public,Hors agglomération,Hors intersection,Autre,Deux véhicules - frontale,,,,,,,,,,,3,1,1,9.0,1
201200002824,0012-03-29 20:15:00,12,3,29,20,15,240,139,,45.139,0.657,Crépuscule ou aube,Hors agglomération,Giratoire,Normale,Sans collision,,,,,,,,,,,2,1,6,1.0,7
201200002825,0012-05-06 16:30:00,12,5,6,16,30,240,442,Route des Meuniers,,,Plein jour,En agglomération,Hors intersection,Normale,Autre collision,,,,,,,,,,,1,2,1,1.0,6
201200002826,0012-05-15 11:15:00,12,5,15,11,15,240,372,place de la R?publique,,,Plein jour,En agglomération,Hors intersection,Pluie légère,Autre collision,,,,,,,,,,,1,2,1,2.0,6
201200002827,0012-05-26 19:00:00,12,5,26,19,0,240,372,,,,Plein jour,Hors agglomération,Hors intersection,Normale,Deux véhicules - frontale,,,,,,,,,,,1,1,1,1.0,1
201200002828,0012-06-11 19:00:00,12,6,11,19,0,240,10,,,,Plein jour,Hors agglomération,Hors intersection,Pluie forte,Autre collision,,,,,,,,,,,1,1,1,3.0,6
201200002829,0012-08-28 19:30:00,12,8,28,19,30,240,350,le Bourg,,,Plein jour,En agglomération,Hors intersection,Normale,Deux véhicules - arrière,,,,,,,,,,,1,2,1,1.0,2
201200002830,0012-11-04 06:15:00,12,11,4,6,15,240,108,,45.222,0.587,Nuit sans éclairage public,Hors agglomération,Hors intersection,Pluie légère,Sans collision,,,,,,,,,,,3,1,1,2.0,7
201200002831,0012-02-09 17:30:00,12,2,9,17,30,240,155,,44.613,0.98,Plein jour,Hors agglomération,Hors intersection,Normale,Deux véhicules - frontale,,,,,,,,,,,1,1,1,1.0,1
201200002832,0012-02-23 18:30:00,12,2,23,18,30,240,77,,,,Crépuscule ou aube,Hors agglomération,Hors intersection,Normale,Deux véhicules - frontale,,,,,,,,,,,2,1,1,1.0,1
201200002833,0012-08-03 13:45:00,12,8,3,13,45,240,37,,,,Plein jour,Hors agglomération,Hors intersection,Normale,Autre collision,,,,,,,,,,,1,1,1,1.0,6
201200002834,0012-10-25 09:30:00,12,10,25,9,30,240,487,,,,Plein jour,Hors agglomération,Hors intersection,Normale,Deux véhicules - côté,,,,,,,,,,,1,1,1,1.0,3
201200002835,0012-10-30 13:45:00,12,10,30,13,45,240,340,,,,Plein jour,Hors agglomération,Intersection en X,Normale,Deux véhicules - côté,,,,,,,,,,,1,1,2,1.0,3
201200002836,0012-04-05 08:45:00,12,4,5,8,45,240,572,,44.625,0.829,Plein jour,Hors agglomération,Hors intersection,Normale,Deux véhicules - frontale,,,,,,,,,,,1,1,1,1.0,1
201200002837,0012-04-26 15:45:00,12,4,26,15,45,240,223,rue Pierre Brossollette,44.495,0.23,Plein jour,En agglomération,Hors intersection,Normale,Autre collision,,,,,,,,,,,1,2,1,1.0,6
201200002838,0012-06-09 16:45:00,12,6,9,16,45,240,228,,44.801,0.69,Plein jour,Hors agglomération,Hors intersection,Temps couvert,Sans collision,,,,,,,,,,,1,1,1,8.0,7
201200002839,0012-09-10 09:00:00,12,9,10,9,0,240,362,Rue Jules Ferry,44.941,0.805,Plein jour,En agglomération,Hors intersection,Normale,Autre collision,,,,,,,,,,,1,2,1,1.0,6
201200002840,0012-10-02 10:30:00,12,10,2,10,30,240,23,,,,Plein jour,Hors agglomération,Hors intersection,Normale,Deux véhicules - frontale,,,,,,,,,,,1,1,1,1.0,1
201200002841,0012-12-20 07:45:00,12,12,20,7,45,240,331,,,,Crépuscule ou aube,Hors agglomération,Hors intersection,Pluie forte,Trois véhicules et plus - collisions multiples,,,,,,,,,,,2,1,1,3.0,5
201200002842,0012-01-26 07:30:00,12,1,26,7,30,240,335,,44.856,0.201,Crépuscule ou aube,Hors agglomération,Hors intersection,Normale,Deux véhicules - frontale,,,,,,,,,,,2,1,1,1.0,1
201200002843,0012-10-19 18:30:00,12,10,19,18,30,240,461,,44.942,0.183,Nuit sans éclairage public,Hors agglomération,Hors intersection,Pluie forte,Trois véhicules et plus - collisions multiples,,,,,,,,,,,3,1,1,3.0,5
201200002844,0012-11-02 09:00:00,12,11,2,9,0,240,584,,44.942,0.049,Crépuscule ou aube,Hors agglomération,Hors intersection,Pluie légère,Sans collision,,,,,,,,,,,2,1,1,2.0,7
201200002845,0012-06-07 22:00:00,12,6,7,22,0,910,275,Rte de Chartres,,,Crépuscule ou aube,En agglomération,Hors intersection,Normale,Deux véhicules - arrière,,,,,,,,,,,2,2,1,1.0,2
201200002846,0012-05-06 12:30:00,12,5,6,12,30,240,451,,45.519,0.647,Plein jour,Hors agglomération,Hors intersection,Normale,Deux véhicules - côté,,,,,,,,,,,1,1,1,1.0,3
201200002847,0012-05-18 12:00:00,12,5,18,12,0,240,582,,45.425,0.73,Plein jour,Hors agglomération,Hors intersection,Normale,Deux véhicules - frontale,,,,,,,,,,,1,1,1,1.0,1
201200002848,0012-03-19 16:00:00,12,3,19,16,0,240,227,,,,Plein jour,Hors agglomération,Hors intersection,Temps couvert,Deux véhicules - frontale,,,,,,,,,,,1,1,1,8.0,1
201200002849,0012-03-22 12:00:00,12,3,22,12,0,240,180,,,,Plein jour,Hors agglomération,Hors intersection,Normale,Deux véhicules - frontale,,,,,,,,,,,1,1,1,1.0,1
201200002850,0012-09-01 11:15:00,12,9,1,11,15,240,134,le bourg,,,Plein jour,En agglomération,Hors intersection,Normale,Autre collision,,,,,,,,,,,1,2,1,1.0,6
201200002851,0012-01-12 20:00:00,12,1,12,20,0,240,586,,45.275,0.343,Nuit sans éclairage public,Hors agglomération,Hors intersection,Brouillard / fumée,Deux véhicules - frontale,,,,,,,,,,,3,1,1,5.0,1
201200002852,0012-02-16 06:30:00,12,2,16,6,30,240,537,,45.19,0.379,Nuit sans éclairage public,Hors agglomération,Hors intersection,Autre,Sans collision,,,,,,,,,,,3,1,1,9.0,7
201200002853,0012-04-06 12:30:00,12,4,6,12,30,240,38,,45.301,0.358,Plein jour,Hors agglomération,Hors intersection,Normale,Autre collision,,,,,,,,,,,1,1,1,1.0,6
201200002854,0012-04-16 07:45:00,12,4,16,7,45,240,199,,45.433,0.394,Plein jour,Hors agglomération,Hors intersection,Normale,Autre collision,,,,,,,,,,,1,1,1,1.0,6
201200002855,0012-05-06 16:00:00,12,5,6,16,0,240,243,Le moulin du PONT,45.285,0.541,Plein jour,En agglomération,Hors intersection,Normale,Autre collision,,,,,,,,,,,1,2,1,1.0,6
201200002856,0012-07-01 17:30:00,12,7,1,17,30,240,460,carrefour D104-D710,45.252,0.419,Plein jour,En agglomération,Hors intersection,Normale,Deux véhicules - côté,,,,,,,,,,,1,2,1,1.0,3
201200002857,0012-09-18 19:45:00,12,9,18,19,45,240,586,,45.269,0.338,Nuit sans éclairage public,Hors agglomération,Hors intersection,Pluie légère,Deux véhicules - frontale,,,,,,,,,,,3,1,1,2.0,1
201200002858,0012-04-13 09:30:00,12,4,13,9,30,240,165,,,,Plein jour,Hors agglomération,Hors intersection,Normale,Autre collision,,,,,,,,,,,1,1,1,1.0,6
201200002859,0012-04-29 06:45:00,12,4,29,6,45,240,294,,45.046,0.194,Crépuscule ou aube,Hors agglomération,Hors intersection,Temps couvert,Autre collision,,,,,,,,,,,2,1,1,8.0,6
201200002860,0012-06-04 17:00:00,12,6,4,17,0,240,436,,45.02,0.271,Plein jour,Hors agglomération,Hors intersection,Normale,Deux véhicules - côté,,,,,,,,,,,1,1,1,1.0,3
201200002861,0012-06-17 15:30:00,12,6,17,15,30,240,299,14 rourte de Bassy,45.054,0.595,Plein jour,En agglomération,Hors intersection,Normale,Sans collision,,,,,,,,,,,1,2,1,1.0,7
201200002862,0012-07-18 10:45:00,12,7,18,10,45,240,299,,,,Plein jour,En agglomération,Intersection en X,Normale,Deux véhicules - côté,,,,,,,,,,,1,2,2,1.0,3
201200002863,0012-08-03 20:00:00,12,8,3,20,0,240,294,,,,Plein jour,En agglomération,Hors intersection,Normale,Deux véhicules - côté,,,,,,,,,,,1,2,1,1.0,3
201200002864,0012-10-27 14:30:00,12,10,27,14,30,240,436,,45.062,0.475,Plein jour,Hors agglomération,Intersection en X,Normale,Deux véhicules - côté,,,,,,,,,,,1,1,2,1.0,3
201200002865,0012-03-03 10:00:00,12,3,3,10,0,240,82,,,,Plein jour,Hors agglomération,Hors intersection,Normale,Deux véhicules - arrière,,,,,,,,,,,1,1,1,1.0,2
201200002866,0012-03-10 04:45:00,12,3,10,4,45,240,587,,,,Nuit sans éclairage public,Hors agglomération,Hors intersection,Normale,Sans collision,,,,,,,,,,,3,1,1,1.0,7
201200002867,0012-05-16 14:45:00,12,5,16,14,45,240,520,Avenue du Lot - RD 704,,,Plein jour,En agglomération,Hors intersection,Normale,Deux véhicules - côté,,,,,,,,,,,1,2,1,1.0,3
201200002868,0012-06-17 15:45:00,12,6,17,15,45,240,516,,,,Plein jour,Hors agglomération,Hors intersection,Normale,Deux véhicules - côté,,,,,,,,,,,1,1,1,1.0,3
201200002869,0012-06-27 12:45:00,12,6,27,12,45,240,355,,,,Plein jour,Hors agglomération,Hors intersection,Temps éblouissant,Sans collision,,,,,,,,,,,1,1,1,7.0,7
201200002870,0012-08-28 05:15:00,12,8,28,5,15,240,577,,,,Nuit sans éclairage public,Hors agglomération,Hors intersection,Pluie légère,Autre collision,,,,,,,,,,,3,1,1,2.0,6
201200002871,0012-09-29 11:30:00,12,9,29,11,30,240,520,Rue de la Liberation,,,Plein jour,En agglomération,Hors intersection,Normale,Deux véhicules - côté,,,,,,,,,,,1,2,1,1.0,3
201200002872,0012-11-04 13:30:00,12,11,4,13,30,240,366,,,,Plein jour,Hors agglomération,Hors intersection,Pluie légère,Autre collision,,,,,,,,,,,1,1,1,2.0,6
201200002873,0012-10-06 12:00:00,12,10,6,12,0,240,117,,,,Plein jour,Hors agglomération,Hors intersection,Normale,Sans collision,,,,,,,,,,,1,1,1,1.0,7
201200002874,0012-01-27 10:45:00,12,1,27,10,45,240,538,D25,,,Plein jour,En agglomération,Hors intersection,Brouillard / fumée,Autre collision,,,,,,,,,,,1,2,1,5.0,6
201200002875,0012-03-16 11:45:00,12,3,16,11,45,240,91,,44.792,1.206,Plein jour,Hors agglomération,Hors intersection,Normale,Deux véhicules - côté,,,,,,,,,,,1,1,1,1.0,3
201200002876,0012-04-16 08:45:00,12,4,16,8,45,240,207,,44.821,1.296,Plein jour,Hors agglomération,Hors intersection,Normale,Autre collision,,,,,,,,,,,1,1,1,1.0,6
201200002877,0012-05-12 19:00:00,12,5,12,19,0,240,35,,44.759,0.979,Plein jour,Hors agglomération,Hors intersection,Temps éblouissant,Autre collision,,,,,,,,,,,1,1,1,7.0,6
201200002878,0012-05-17 14:15:00,12,5,17,14,15,240,35,le bourg,44.783,1.00099,Plein jour,En agglomération,Hors intersection,Normale,Autre collision,,,,,,,,,,,1,2,1,1.0,6
201200002879,0012-08-09 08:45:00,12,8,9,8,45,240,538,,,,Plein jour,Hors agglomération,Hors intersection,Normale,Deux véhicules - côté,,,,,,,,,,,1,1,1,1.0,3
201200002880,0012-11-15 08:00:00,12,11,15,8,0,240,538,avenue des c?dres,44.764,1.014,Plein jour,En agglomération,Hors intersection,Normale,Deux véhicules - frontale,,,,,,,,,,,1,2,1,1.0,1
201200002881,0012-11-16 12:00:00,12,11,16,12,0,240,293,,,,Plein jour,Hors agglomération,Hors intersection,Normale,Autre collision,,,,,,,,,,,1,1,1,1.0,6
201200002882,0012-03-12 00:15:00,12,3,12,0,15,240,15,Le Bourg,44.875,0.95,Nuit sans éclairage public,En agglomération,Hors intersection,Normale,Autre collision,,,,,,,,,,,3,2,1,1.0,6
201200002883,0012-04-07 11:30:00,12,4,7,11,30,240,388,,44.862,0.903,Plein jour,Hors agglomération,Hors intersection,Pluie légère,Deux véhicules - frontale,,,,,,,,,,,1,1,1,2.0,1
201200002884,0012-05-13 19:45:00,12,5,13,19,45,240,510,,44.844,1.133,Plein jour,Hors agglomération,Hors intersection,Normale,Deux véhicules - arrière,,,,,,,,,,,1,1,1,1.0,2
201200002885,0012-06-22 21:15:00,12,6,22,21,15,240,552,le bourg,45.02,1.117,Plein jour,En agglomération,Giratoire,Normale,Deux véhicules - côté,,,,,,,,,,,1,2,6,1.0,3
201200002886,0012-07-04 16:45:00,12,7,4,16,45,240,172,,44.921,1.02499,Plein jour,Hors agglomération,Hors intersection,Pluie légère,Trois véhicules et plus - collisions multiples,,,,,,,,,,,1,1,1,2.0,5
201200002887,0012-12-26 11:45:00,12,12,26,11,45,240,254,,,,Plein jour,Hors agglomération,Hors intersection,Pluie légère,Autre collision,,,,,,,,,,,1,1,1,2.0,6
201200002888,0012-04-14 19:30:00,12,4,14,19,30,240,14,,,,Plein jour,Hors agglomération,Hors intersection,Normale,Autre collision,,,,,,,,,,,1,1,1,1.0,6
201200002889,0012-04-27 22:00:00,12,4,27,22,0,240,547,moulin rouge,45.268,1.627,Nuit avec éclairage non allumé,En agglomération,Hors intersection,Pluie légère,Deux véhicules - côté,,,,,,,,,,,4,2,1,2.0,3
201200002890,0012-04-27 11:45:00,12,4,27,11,45,240,531,,44.666,1.183,Plein jour,Hors agglomération,Hors intersection,Temps couvert,Autre collision,,,,,,,,,,,1,1,1,8.0,6
201200002891,0012-06-24 10:45:00,12,6,24,10,45,240,117,,45.117,1.63,Plein jour,Hors agglomération,Hors intersection,Normale,Autre collision,,,,,,,,,,,1,1,1,1.0,6