accident_id,datetime,annee,mois,jour,heure,minute,departement,commune_insee,adresse,latitude,longitude,luminosite,agglomeration,intersection,meteo,collision,nb_vehicules,nb_usagers,nb_indemnes,nb_tues,nb_blesses_hosp,nb_blesses_legers,age_cond_1,age_cond_2,veh_type_cond_1,veh_type_cond_2,lum_code,agg_code,int_code,atm_code,col_code
201200003021,0012-01-21 21:00:00,12,1,21,21,0,470,169,LDT GROUSSET,44.1589,0.62253,Nuit sans éclairage public,Hors agglomération,Hors intersection,Normale,Sans collision,,,,,,,,,,,3,1,1,1.0,7
201200003022,0012-02-10 16:15:00,12,2,10,16,15,470,69,,44.217,0.517,Plein jour,Hors agglomération,Hors intersection,Neige / grêle,Deux véhicules - arrière,,,,,,,,,,,1,1,1,4.0,2
201200003023,0012-03-11 05:45:00,12,3,11,5,45,470,246,LE BOURG,44.2286,0.50944,Nuit avec éclairage allumé,En agglomération,Hors intersection,Normale,Deux véhicules - arrière,,,,,,,,,,,5,2,1,1.0,2
201200003024,0012-03-28 15:45:00,12,3,28,15,45,470,69,,44.233,0.556,Plein jour,Hors agglomération,Intersection en T,Normale,Deux véhicules - côté,,,,,,,,,,,1,1,3,1.0,3
201200003025,0012-05-02 15:15:00,12,5,2,15,15,470,91,,,,Plein jour,Hors agglomération,Hors intersection,Normale,Trois véhicules et plus - collisions multiples,,,,,,,,,,,1,1,1,1.0,5
201200003026,0012-06-04 15:00:00,12,6,4,15,0,470,100,VALLON DE VERONE,44.2269,0.62088,Plein jour,Hors agglomération,Hors intersection,Normale,Autre collision,,,,,,,,,,,1,1,1,1.0,6
201200003027,0012-06-13 20:00:00,12,6,13,20,0,470,60,,44.1122,0.74395,Plein jour,Hors agglomération,Hors intersection,Normale,Sans collision,,,,,,,,,,,1,1,1,1.0,7
201200003028,0012-06-15 18:30:00,12,6,15,18,30,470,15,LIEU-DIT BARBONVIELLE,44.0333,0.67255,Plein jour,Hors agglomération,Intersection en T,Normale,Deux véhicules - côté,,,,,,,,,,,1,1,3,1.0,3
201200003029,0012-06-17 18:45:00,12,6,17,18,45,470,69,ROUTE DU SABLOU,44.2285,0.56538,Plein jour,En agglomération,Hors intersection,Normale,Deux véhicules - côté,,,,,,,,,,,1,2,1,1.0,3
201200003030,0012-06-16 12:30:00,12,6,16,12,30,470,91,CHEMIN DU PETIT MOUSSAT,44.1834,0.58539,Plein jour,Hors agglomération,Hors intersection,Normale,Deux véhicules - frontale,,,,,,,,,,,1,1,1,1.0,1
201200003031,0012-06-23 22:45:00,12,6,23,22,45,470,158,LE BOURG,44.0874,0.58668,Nuit avec éclairage allumé,En agglomération,Hors intersection,Normale,Autre collision,,,,,,,,,,,5,2,1,1.0,6
201200003032,0012-06-24 01:00:00,12,6,24,1,0,470,238,LIEU-DIT ROUBIS,44.183,0.53549,Nuit sans éclairage public,Hors agglomération,Hors intersection,Normale,Autre collision,,,,,,,,,,,3,1,1,1.0,6
201200003033,0012-07-11 17:30:00,12,7,11,17,30,470,209,LDT FOURTY,44.2265,0.68609,Plein jour,Hors agglomération,Hors intersection,Normale,Deux véhicules - côté,,,,,,,,,,,1,1,1,1.0,3
201200003034,0012-07-18 14:30:00,12,7,18,14,30,470,15,,,,Plein jour,Hors agglomération,Hors intersection,Normale,Autre collision,,,,,,,,,,,1,1,1,1.0,6
201200003035,0012-07-26 09:00:00,12,7,26,9,0,470,100,AVENUE DE LA CAND?LIE,44.2387,0.64902,Plein jour,En agglomération,Hors intersection,Normale,Autre collision,,,,,,,,,,,1,2,1,1.0,6
201200003036,0012-07-28 23:00:00,12,7,28,23,0,470,169,LDT GROS F?LIX,44.15,0.63338,Nuit sans éclairage public,Hors agglomération,Hors intersection,Normale,Autre collision,,,,,,,,,,,3,1,1,1.0,6
201200003037,0012-08-03 18:30:00,12,8,3,18,30,470,60,LIEU-DIT LA PACHERE,44.1135,0.73607,Plein jour,Hors agglomération,Hors intersection,Normale,Deux véhicules - côté,,,,,,,,,,,1,1,1,1.0,3
201200003038,0012-08-28 19:15:00,12,8,28,19,15,470,69,,44.2223,0.56853,Plein jour,Hors agglomération,Intersection en Y,Normale,Deux véhicules - arrière,,,,,,,,,,,1,1,4,1.0,2
201200003039,0012-09-04 08:30:00,12,9,4,8,30,470,225,VC MURES,44.1802,0.56743,Plein jour,Hors agglomération,Hors intersection,Normale,Deux véhicules - côté,,,,,,,,,,,1,1,1,1.0,3
201200003040,0012-09-15 17:15:00,12,9,15,17,15,470,92,,44.1183,0.70921,Plein jour,Hors agglomération,Hors intersection,Normale,Sans collision,,,,,,,,,,,1,1,1,1.0,7
201200003041,0012-09-26 09:30:00,12,9,26,9,30,470,100,,44.218,0.631,Plein jour,Hors agglomération,Hors intersection,Pluie légère,Autre collision,,,,,,,,,,,1,1,1,2.0,6
201200003042,0012-10-15 12:45:00,12,10,15,12,45,470,225,,44.1788,0.56629,Plein jour,Hors agglomération,Hors intersection,Normale,Deux véhicules - frontale,,,,,,,,,,,1,1,1,1.0,1
201200003043,0012-10-23 18:30:00,12,10,23,18,30,470,137,,44.1097,0.52329,Plein jour,Hors agglomération,Hors intersection,Normale,Sans collision,,,,,,,,,,,1,1,1,1.0,7
201200003044,0012-10-27 18:30:00,12,10,27,18,30,470,15,,44.0674,0.65737,Plein jour,Hors agglomération,Hors intersection,Normale,Sans collision,,,,,,,,,,,1,1,1,1.0,7
201200003045,0012-10-31 16:15:00,12,10,31,16,15,470,91,,44.1632,0.57893,Plein jour,Hors agglomération,Intersection en T,Normale,Deux véhicules - côté,,,,,,,,,,,1,1,3,1.0,3
201200003046,0012-11-06 10:15:00,12,11,6,10,15,470,100,,44.2601,0.64012,Plein jour,Hors agglomération,Hors intersection,Pluie légère,Autre collision,,,,,,,,,,,1,1,1,2.0,6
201200003047,0012-12-09 18:15:00,12,12,9,18,15,470,16,,44.1169,0.53783,Nuit sans éclairage public,Hors agglomération,Hors intersection,Normale,Sans collision,,,,,,,,,,,3,1,1,1.0,7
201200003048,0012-04-29 20:45:00,12,4,29,20,45,470,38,,44.3537,0.38272,Crépuscule ou aube,Hors agglomération,Hors intersection,Pluie légère,Autre collision,,,,,,,,,,,2,1,1,2.0,6
201200003049,0012-06-12 10:30:00,12,6,12,10,30,470,210,,44.2697,0.33769,Plein jour,Hors agglomération,Hors intersection,Temps couvert,Deux véhicules - frontale,,,,,,,,,,,1,1,1,8.0,1
201200003050,0012-06-12 18:15:00,12,6,12,18,15,470,300,LIEU-DIT GRAND CHEMIN,44.2103,0.50224,Plein jour,Hors agglomération,Hors intersection,Normale,Deux véhicules - arrière,,,,,,,,,,,1,1,1,1.0,2
201200003051,0012-07-08 07:45:00,12,7,8,7,45,470,4,,44.319,0.373,Plein jour,Hors agglomération,Hors intersection,Normale,Autre collision,,,,,,,,,,,1,1,1,1.0,6
201200003052,0012-07-13 08:15:00,12,7,13,8,15,470,210,,,,Plein jour,Hors agglomération,Hors intersection,Normale,Autre collision,,,,,,,,,,,1,1,1,1.0,6
201200003053,0012-07-19 19:45:00,12,7,19,19,45,470,38,RD666 LA TOURASSE,44.3425,0.39343,Plein jour,En agglomération,Hors intersection,Normale,Deux véhicules - frontale,,,,,,,,,,,1,2,1,1.0,1
201200003054,0012-09-07 19:45:00,12,9,7,19,45,470,249,AVENUE ROBERT PHILIPPOT,44.2476,0.3979,Plein jour,En agglomération,Hors intersection,Normale,Deux véhicules - arrière,,,,,,,,,,,1,2,1,1.0,2
201200003055,0012-12-14 10:30:00,12,12,14,10,30,470,4,,44.319,0.364,Nuit sans éclairage public,Hors agglomération,Hors intersection,Pluie légère,Autre collision,,,,,,,,,,,3,1,1,2.0,6
201200003056,0012-02-17 18:30:00,12,2,17,18,30,470,128,,44.1655,0.67897,Plein jour,Hors agglomération,Hors intersection,Normale,Deux véhicules - frontale,,,,,,,,,,,1,1,1,1.0,1
201200003057,0012-06-19 15:30:00,12,6,19,15,30,470,53,LIEU-DIT GUIROT HAUT,44.3278,0.70772,Plein jour,Hors agglomération,Hors intersection,Normale,Autre collision,,,,,,,,,,,1,1,1,1.0,6
201200003058,0012-06-29 20:45:00,12,6,29,20,45,470,274,LIEU-DIT MERLE,44.1454,0.77306,Plein jour,Hors agglomération,Hors intersection,Normale,Deux véhicules - côté,,,,,,,,,,,1,1,1,1.0,3
201200003059,0012-08-16 10:15:00,12,8,16,10,15,470,62,,44.2635,0.8258,Plein jour,Hors agglomération,Intersection en X,Normale,Deux véhicules - côté,,,,,,,,,,,1,1,2,1.0,3
201200003060,0012-10-05 11:00:00,12,10,5,11,0,470,171,RN21/RD110,44.3183,0.72296,Plein jour,Hors agglomération,Intersection en T,Normale,Deux véhicules - frontale,,,,,,,,,,,1,1,3,1.0,1
201200003061,0012-10-12 21:00:00,12,10,12,21,0,470,51,RD813/RD215,44.1754,0.68595,Nuit avec éclairage allumé,Hors agglomération,Intersection en Y,Normale,Deux véhicules - côté,,,,,,,,,,,5,1,4,1.0,3
201200003062,0012-01-06 18:30:00,12,1,6,18,30,470,157,AVENUE JEAN JAURES,44.5067,0.14641,Nuit avec éclairage allumé,En agglomération,Autre intersection,Normale,Deux véhicules - côté,,,,,,,,,,,5,2,9,1.0,3
201200003063,0012-01-09 15:30:00,12,1,9,15,30,470,157,RD933 ROCADE MARMANDE,44.4874,0.14734,Plein jour,Hors agglomération,Hors intersection,Normale,Trois véhicules et plus - collisions multiples,,,,,,,,,,,1,1,1,1.0,5
201200003064,0012-04-22 01:00:00,12,4,22,1,0,470,326,,44.5008,0.25547,Nuit sans éclairage public,Hors agglomération,Hors intersection,Pluie légère,Sans collision,,,,,,,,,,,3,1,1,2.0,7
201200003065,0012-04-22 06:00:00,12,4,22,6,0,470,157,,44.521,0.186,Crépuscule ou aube,Hors agglomération,Hors intersection,Pluie légère,Sans collision,,,,,,,,,,,2,1,1,2.0,7
201200003066,0012-05-03 10:45:00,12,5,3,10,45,470,157,LDT LASBARTHES,44.4912,0.14018,Plein jour,Hors agglomération,Hors intersection,Normale,Deux véhicules - arrière,,,,,,,,,,,1,1,1,1.0,2
201200003067,0012-05-17 22:30:00,12,5,17,22,30,470,157,BOULEVARD MEYNIEL,44.5029,0.1615,Nuit avec éclairage allumé,En agglomération,Hors intersection,Normale,Sans collision,,,,,,,,,,,5,2,1,1.0,7
201200003068,0012-06-01 19:45:00,12,6,1,19,45,470,157,BLD REPUBLIQUE/R CREUZET,44.506,0.16485,Plein jour,En agglomération,Intersection en X,Normale,Deux véhicules - frontale,,,,,,,,,,,1,2,2,1.0,1
201200003069,0012-06-28 23:30:00,12,6,28,23,30,470,157,ROCADE MARMANDE,44.5041,0.14509,Nuit sans éclairage public,Hors agglomération,Hors intersection,Normale,Sans collision,,,,,,,,,,,3,1,1,1.0,7
201200003070,0012-07-11 15:00:00,12,7,11,15,0,470,94,,,,Plein jour,Hors agglomération,Hors intersection,Normale,Deux véhicules - frontale,,,,,,,,,,,1,1,1,1.0,1
201200003071,0012-07-15 21:00:00,12,7,15,21,0,470,157,,,,Plein jour,Hors agglomération,Hors intersection,Normale,Deux véhicules - côté,,,,,,,,,,,1,1,1,1.0,3
201200003072,0012-07-30 16:30:00,12,7,30,16,30,470,157,CHEMIN JEAN CAZEAUX,,,Plein jour,En agglomération,Hors intersection,Normale,Deux véhicules - côté,,,,,,,,,,,1,2,1,1.0,3
201200003073,0012-08-26 10:00:00,12,8,26,10,0,470,157,,44.5239,0.1568,Plein jour,Hors agglomération,Hors intersection,Normale,Autre collision,,,,,,,,,,,1,1,1,1.0,6
201200003074,0012-09-09 00:45:00,12,9,9,0,45,470,157,BOULEVARD FOURCADE,44.498,0.16894,Nuit avec éclairage allumé,En agglomération,Giratoire,Normale,Deux véhicules - côté,,,,,,,,,,,5,2,6,1.0,3
201200003075,0012-09-18 07:45:00,12,9,18,7,45,470,157,,44.4966,0.15339,Plein jour,Hors agglomération,Hors intersection,Normale,Deux véhicules - côté,,,,,,,,,,,1,1,1,1.0,3
201200003076,0012-11-07 14:30:00,12,11,7,14,30,470,157,AVENUE DELUNS MONTAUD,44.5043,0.16419,Plein jour,En agglomération,Hors intersection,Temps éblouissant,Autre collision,,,,,,,,,,,1,2,1,7.0,6
201200003077,0012-11-12 16:45:00,12,11,12,16,45,470,157,BOULEVRAD ULYSSE CASSE,44.5038,0.16443,Plein jour,En agglomération,Hors intersection,Normale,Trois véhicules et plus - en chaîne,,,,,,,,,,,1,2,1,1.0,4
201200003078,0012-12-09 21:45:00,12,12,9,21,45,470,157,,,,Nuit sans éclairage public,Hors agglomération,Hors intersection,Normale,Autre collision,,,,,,,,,,,3,1,1,1.0,6
201200003079,0012-12-10 18:45:00,12,12,10,18,45,470,157,,44.516,0.2,Nuit sans éclairage public,Hors agglomération,Intersection en X,Pluie légère,Deux véhicules - côté,,,,,,,,,,,3,1,2,2.0,3
201200003080,0012-02-22 16:15:00,12,2,22,16,15,470,309,LDT LASSALLE,44.5301,0.42536,Plein jour,Hors agglomération,Hors intersection,Normale,Autre collision,,,,,,,,,,,1,1,1,1.0,6
201200003081,0012-04-24 23:45:00,12,4,24,23,45,470,301,LDT BOUCHEYROU,44.5619,0.26787,Nuit sans éclairage public,Hors agglomération,Hors intersection,Normale,Autre collision,,,,,,,,,,,3,1,1,1.0,6
201200003082,0012-08-14 11:45:00,12,8,14,11,45,470,229,,44.7328,0.27557,Plein jour,Hors agglomération,Intersection en X,Normale,Deux véhicules - côté,,,,,,,,,,,1,1,2,1.0,3
201200003083,0012-02-17 19:45:00,12,2,17,19,45,470,56,,,,Nuit sans éclairage public,Hors agglomération,Hors intersection,Normale,Deux véhicules - arrière,,,,,,,,,,,3,1,1,1.0,2
201200003084,0012-08-21 10:30:00,12,8,21,10,30,470,233,,44.533,0.1215,Crépuscule ou aube,Hors agglomération,Hors intersection,Normale,Autre collision,,,,,,,,,,,2,1,1,1.0,6
201200003085,0012-10-10 05:45:00,12,10,10,5,45,470,165,NIVEAU CARREF RD116/RD3,44.4933,0.0703,Nuit sans éclairage public,Hors agglomération,Hors intersection,Brouillard / fumée,Autre collision,,,,,,,,,,,3,1,1,5.0,6
201200003086,0012-11-15 19:45:00,12,11,15,19,45,470,10,,,,Nuit sans éclairage public,Hors agglomération,Hors intersection,Normale,Autre collision,,,,,,,,,,,3,1,1,1.0,6
201200003087,0012-12-25 22:15:00,12,12,25,22,15,470,114,,,,Nuit sans éclairage public,Hors agglomération,Hors intersection,Normale,Deux véhicules - côté,,,,,,,,,,,3,1,1,1.0,3
201200003088,0012-01-29 07:00:00,12,1,29,7,0,470,110,LIEU-DIT GAY,44.441,0.29096,Crépuscule ou aube,Hors agglomération,Hors intersection,Normale,Autre collision,,,,,,,,,,,2,1,1,1.0,6
201200003089,0012-03-19 07:45:00,12,3,19,7,45,470,46,INTERSECTION CD 143  120,44.352,0.24464,Crépuscule ou aube,Hors agglomération,Intersection en X,Normale,Deux véhicules - côté,,,,,,,,,,,2,1,2,1.0,3
201200003090,0012-04-15 19:30:00,12,4,15,19,30,470,46,LIEU DIT SAINT MARTIN,44.414,0.18727,Plein jour,En agglomération,Hors intersection,Normale,Autre collision,,,,,,,,,,,1,2,1,1.0,6
201200003091,0012-04-26 09:15:00,12,4,26,9,15,470,127,,44.3471,0.41512,Plein jour,Hors agglomération,Autre intersection,Pluie légère,Deux véhicules - frontale,,,,,,,,,,,1,1,9,2.0,1
201200003092,0012-06-06 14:00:00,12,6,6,14,0,470,110,,,,Plein jour,Hors agglomération,Autre intersection,Normale,Deux véhicules - frontale,,,,,,,,,,,1,1,9,1.0,1
201200003093,0012-07-04 17:15:00,12,7,4,17,15,470,65,,44.3716,0.35504,Plein jour,Hors agglomération,Hors intersection,Pluie légère,Autre collision,,,,,,,,,,,1,1,1,2.0,6
201200003094,0012-09-04 23:15:00,12,9,4,23,15,470,71,,44.4559,0.48517,Nuit sans éclairage public,Hors agglomération,Hors intersection,Normale,Sans collision,,,,,,,,,,,3,1,1,1.0,7
201200003095,0012-03-07 07:00:00,12,3,7,7,0,470,43,CD642,44.2496,0.31039,Crépuscule ou aube,En agglomération,Intersection en X,Normale,Deux véhicules - côté,,,,,,,,,,,2,2,2,1.0,3
201200003096,0012-09-28 11:00:00,12,9,28,11,0,470,267,,44.2501,0.28705,Plein jour,Hors agglomération,Hors intersection,Normale,Deux véhicules - frontale,,,,,,,,,,,1,1,1,1.0,1
201200003097,0012-11-30 11:00:00,12,11,30,11,0,470,52,AVENUE D'ALBRET,44.3125,0.0919,Plein jour,En agglomération,Hors intersection,Temps éblouissant,Deux véhicules - côté,,,,,,,,,,,1,2,1,7.0,3
201200003098,0012-01-31 16:45:00,12,1,31,16,45,470,175,FOND DE POMMI?,44.5349,0.77311,Crépuscule ou aube,En agglomération,Hors intersection,Temps couvert,Deux véhicules - frontale,,,,,,,,,,,2,2,1,8.0,1
201200003099,0012-02-04 15:15:00,12,2,4,15,15,470,175,,44.5272,0.7407,Plein jour,Hors agglomération,Hors intersection,Normale,Autre collision,,,,,,,,,,,1,1,1,1.0,6
201200003100,0012-03-25 22:30:00,12,3,25,22,30,470,280,,44.4,0.7878,Nuit avec éclairage allumé,Hors agglomération,Hors intersection,Normale,Deux véhicules - arrière,,,,,,,,,,,5,1,1,1.0,2
201200003101,0012-05-21 07:45:00,12,5,21,7,45,470,175,"LDT ""BARON""",44.5629,0.75712,Plein jour,Hors agglomération,Hors intersection,Pluie légère,Trois véhicules et plus - collisions multiples,,,,,,,,,,,1,1,1,2.0,5
201200003102,0012-05-30 08:45:00,12,5,30,8,45,470,17,,,,Plein jour,Hors agglomération,Intersection en T,Normale,Deux véhicules - frontale,,,,,,,,,,,1,1,3,1.0,1
201200003103,0012-06-02 08:30:00,12,6,2,8,30,470,146,Avenue Pont du Martinet,44.426,0.656,Plein jour,Hors agglomération,Giratoire,Normale,Deux véhicules - frontale,,,,,,,,,,,1,1,6,1.0,1
201200003104,0012-07-01 15:30:00,12,7,1,15,30,470,315,,44.4476,0.88222,Plein jour,Hors agglomération,Intersection en X,Normale,Deux véhicules - côté,,,,,,,,,,,1,1,2,1.0,3
201200003105,0012-07-08 19:30:00,12,7,8,19,30,470,146,LDT LASNAUZETTES,44.4217,0.65671,Plein jour,Hors agglomération,Hors intersection,Normale,Deux véhicules - frontale,,,,,,,,,,,1,1,1,1.0,1
201200003106,0012-08-25 08:15:00,12,8,25,8,15,470,175,LDT CANTE PERDIT,44.4915,0.74945,Plein jour,Hors agglomération,Hors intersection,Pluie légère,Deux véhicules - frontale,,,,,,,,,,,1,1,1,2.0,1
201200003107,0012-10-31 21:45:00,12,10,31,21,45,470,117,,44.3444,0.78495,Nuit sans éclairage public,Hors agglomération,Hors intersection,Normale,Autre collision,,,,,,,,,,,3,1,1,1.0,6
201200003108,0012-01-16 18:00:00,12,1,16,18,0,470,33,ANCIENNE GARE,44.5383,0.69792,Crépuscule ou aube,Hors agglomération,Intersection en T,Brouillard / fumée,Deux véhicules - côté,,,,,,,,,,,2,1,3,5.0,3
201200003109,0012-06-30 04:00:00,12,6,30,4,0,470,219,LIOEU-DIT ROUCHOU BAS,44.6791,0.76507,Nuit sans éclairage public,Hors agglomération,Hors intersection,Normale,Sans collision,,,,,,,,,,,3,1,1,1.0,7
201200003110,0012-09-01 23:30:00,12,9,1,23,30,470,324,LDT JEANCEL,44.6256,0.79556,Nuit sans éclairage public,Hors agglomération,Hors intersection,Normale,Autre collision,,,,,,,,,,,3,1,1,1.0,6
201200003111,0012-09-06 18:00:00,12,9,6,18,0,470,219,,44.6759,0.76668,Plein jour,Hors agglomération,Intersection en T,Normale,Deux véhicules - côté,,,,,,,,,,,1,1,3,1.0,3
201200003112,0012-12-14 10:30:00,12,12,14,10,30,470,272,,,,Plein jour,Hors agglomération,Hors intersection,Pluie légère,Deux véhicules - frontale,,,,,,,,,,,1,1,1,2.0,1
201200003113,0012-02-21 17:45:00,12,2,21,17,45,470,312,,44.3985,0.96103,Plein jour,Hors agglomération,Hors intersection,Normale,Deux véhicules - côté,,,,,,,,,,,1,1,1,1.0,3
201200003114,0012-07-08 20:30:00,12,7,8,20,30,470,70,,,,Plein jour,Hors agglomération,Intersection en T,Normale,Deux véhicules - côté,,,,,,,,,,,1,1,3,1.0,3
201200003115,0012-07-21 16:30:00,12,7,21,16,30,470,64,,44.3862,0.92059,Plein jour,Hors agglomération,Intersection en T,Normale,Deux véhicules - frontale,,,,,,,,,,,1,1,3,1.0,1
201200003116,0012-08-18 08:00:00,12,8,18,8,0,470,106,,44.4901,1.0,Plein jour,Hors agglomération,Hors intersection,Normale,Deux véhicules - frontale,,,,,,,,,,,1,1,1,1.0,1
201200003117,0012-10-02 20:00:00,12,10,2,20,0,470,106,RUE L?ON JOUHAUX,44.4944,0.96468,Nuit avec éclairage allumé,En agglomération,Hors intersection,Normale,Deux véhicules - côté,,,,,,,,,,,5,2,1,1.0,3
201200003118,0012-12-19 21:00:00,12,12,19,21,0,470,242,,44.57,0.95,Nuit sans éclairage public,Hors agglomération,Hors intersection,Autre,Deux véhicules - arrière,,,,,,,,,,,3,1,1,9.0,2
201200003119,0012-06-11 17:30:00,12,6,11,17,30,470,173,LIEU-DIT MOUTARDE,44.4395,0.48895,Plein jour,Hors agglomération,Hors intersection,Pluie légère,Deux véhicules - frontale,,,,,,,,,,,1,1,1,2.0,1
201200003120,0012-09-14 23:00:00,12,9,14,23,0,470,252,PLACE DU 8 MAI,44.3964,0.59004,Nuit avec éclairage allumé,En agglomération,Giratoire,Normale,Deux véhicules - côté,,,,,,,,,,,5,2,6,1.0,3
201200003121,0012-10-05 17:00:00,12,10,5,17,0,470,309,RD667/RD124,44.5123,0.44747,Plein jour,Hors agglomération,Intersection en T,Normale,Deux véhicules - frontale,,,,,,,,,,,1,1,3,1.0,1
201200003122,0012-10-30 17:30:00,12,10,30,17,30,470,49,,44.4671,0.59048,Crépuscule ou aube,Hors agglomération,Hors intersection,Normale,Deux véhicules - frontale,,,,,,,,,,,2,1,1,1.0,1
201200003123,0012-11-20 08:30:00,12,11,20,8,30,470,49,LIEU-DIT COUDOTES,44.4347,0.64175,Plein jour,Hors agglomération,Hors intersection,Brouillard / fumée,Deux véhicules - côté,,,,,,,,,,,1,1,1,5.0,3
201200003124,0012-12-24 10:15:00,12,12,24,10,15,470,49,LIEU DIT LA PALUE,,,Plein jour,En agglomération,Hors intersection,Normale,Deux véhicules - frontale,,,,,,,,,,,1,2,1,1.0,1
201200003125,0012-01-18 08:30:00,12,1,18,8,30,640,67,,,,Plein jour,Hors agglomération,Hors intersection,Normale,Deux véhicules - frontale,,,,,,,,,,,1,1,1,1.0,1
201200003126,0012-03-14 17:00:00,12,3,14,17,0,640,67,,,,Plein jour,Hors agglomération,Hors intersection,Normale,Deux véhicules - frontale,,,,,,,,,,,1,1,1,1.0,1
201200003127,0012-03-31 17:15:00,12,3,31,17,15,640,467,,,,Plein jour,Hors agglomération,Hors intersection,Normale,Deux véhicules - frontale,,,,,,,,,,,1,1,1,1.0,1
201200003128,0012-05-01 14:45:00,12,5,1,14,45,640,324,,,,Plein jour,Hors agglomération,Hors intersection,Normale,Autre collision,,,,,,,,,,,1,1,1,1.0,6
201200003129,0012-05-06 03:00:00,12,5,6,3,0,640,230,Avenue Henri IV,,,Nuit avec éclairage allumé,En agglomération,Hors intersection,Normale,Autre collision,,,,,,,,,,,5,2,1,1.0,6
201200003130,0012-06-30 02:30:00,12,6,30,2,30,640,550,,,,Nuit sans éclairage public,Hors agglomération,Hors intersection,Normale,Deux véhicules - frontale,,,,,,,,,,,3,1,1,1.0,1
201200003131,0012-07-14 05:30:00,12,7,14,5,30,640,324,,,,Nuit sans éclairage public,Hors agglomération,Hors intersection,Normale,Autre collision,,,,,,,,,,,3,1,1,1.0,6
201200003132,0012-07-26 00:15:00,12,7,26,0,15,640,230,55 AV DES PYRENEES,,,Nuit avec éclairage allumé,En agglomération,Hors intersection,Normale,Deux véhicules - frontale,,,,,,,,,,,5,2,1,1.0,1
201200003133,0012-12-26 22:45:00,12,12,26,22,45,640,299,,,,Plein jour,Hors agglomération,Hors intersection,Normale,Sans collision,,,,,,,,,,,1,1,1,1.0,7
201200003134,0012-01-12 23:00:00,12,1,12,23,0,640,519,rond point RD 834 et 716,,,Nuit avec éclairage allumé,En agglomération,Giratoire,Brouillard / fumée,Autre collision,,,,,,,,,,,5,2,6,5.0,6
201200003135,0012-02-01 11:00:00,12,2,1,11,0,640,198,,43.374,-0.506,Plein jour,Hors agglomération,Hors intersection,Pluie légère,Deux véhicules - côté,,,,,,,,,,,1,1,1,2.0,3
201200003136,0012-02-24 22:15:00,12,2,24,22,15,640,387,,,,Nuit sans éclairage public,Hors agglomération,Hors intersection,Normale,Autre collision,,,,,,,,,,,3,1,1,1.0,6
201200003137,0012-06-18 14:45:00,12,6,18,14,45,640,519,,,,Plein jour,Hors agglomération,Intersection en T,Normale,Deux véhicules - côté,,,,,,,,,,,1,1,3,1.0,3
201200003138,0012-09-08 18:15:00,12,9,8,18,15,640,387,,,,Plein jour,Hors agglomération,Hors intersection,Normale,Autre collision,,,,,,,,,,,1,1,1,1.0,6
201200003139,0012-10-25 20:15:00,12,10,25,20,15,640,80,,,,Nuit sans éclairage public,Hors agglomération,Hors intersection,Normale,Deux véhicules - côté,,,,,,,,,,,3,1,1,1.0,3
201200003140,0012-01-18 09:30:00,12,1,18,9,30,640,482,,,,Plein jour,Hors agglomération,Hors intersection,Normale,Autre collision,,,,,,,,,,,1,1,1,1.0,6
201200003141,0012-03-20 07:45:00,12,3,20,7,45,640,451,,,,Crépuscule ou aube,Hors agglomération,Intersection en X,Brouillard / fumée,Deux véhicules - côté,,,,,,,,,,,2,1,2,5.0,3
201200003142,0012-05-09 07:45:00,12,5,9,7,45,640,405,,,,Plein jour,Hors agglomération,Intersection en X,Normale,Deux véhicules - côté,,,,,,,,,,,1,1,2,1.0,3
201200003143,0012-05-21 09:30:00,12,5,21,9,30,640,309,,,,Plein jour,Hors agglomération,Hors intersection,Pluie forte,Autre collision,,,,,,,,,,,1,1,1,3.0,6
201200003144,0012-06-03 02:00:00,12,6,3,2,0,640,227,RUE DU PIC DU MIDI,,,Nuit sans éclairage public,En agglomération,Hors intersection,Pluie légère,Autre collision,,,,,,,,,,,3,2,1,2.0,6
201200003145,0012-06-09 23:50:00,12,6,9,23,50,640,482,D943 / CHEMIN DUMINJOU,,,Nuit sans éclairage public,En agglomération,Hors intersection,Pluie forte,Autre collision,,,,,,,,,,,3,2,1,3.0,6
201200003146,0012-06-16 15:45:00,12,6,16,15,45,640,103,42 ROUTE DE LOURDES,43.336,-0.1,Plein jour,En agglomération,Intersection en T,Normale,Deux véhicules - côté,,,,,,,,,,,1,2,3,1.0,3
201200003147,0012-06-18 17:15:00,12,6,18,17,15,640,405,,,,Plein jour,En agglomération,Hors intersection,Normale,Deux véhicules - frontale,,,,,,,,,,,1,2,1,1.0,1
201200003148,0012-06-19 12:30:00,12,6,19,12,30,640,216,,,,Plein jour,Hors agglomération,Hors intersection,Pluie forte,Deux véhicules - frontale,,,,,,,,,,,1,1,1,3.0,1
201200003149,0012-06-22 16:15:00,12,6,22,16,15,640,405,CD 943 ROCADE MORLAAS,,,Plein jour,En agglomération,Hors intersection,Normale,Deux véhicules - frontale,,,,,,,,,,,1,2,1,1.0,1
201200003150,0012-07-27 17:00:00,12,7,27,17,0,640,238,,,,Plein jour,Hors agglomération,Hors intersection,Temps couvert,Deux véhicules - arrière,,,,,,,,,,,1,1,1,8.0,2