accident_id,datetime,annee,mois,jour,heure,minute,departement,commune_insee,adresse,latitude,longitude,luminosite,agglomeration,intersection,meteo,collision,nb_vehicules,nb_usagers,nb_indemnes,nb_tues,nb_blesses_hosp,nb_blesses_legers,age_cond_1,age_cond_2,veh_type_cond_1,veh_type_cond_2,lum_code,agg_code,int_code,atm_code,col_code
201200003421,0012-11-05 07:45:00,12,11,5,7,45,170,403,,,,Nuit sans éclairage public,Hors agglomération,Intersection en X,Pluie forte,Deux véhicules - côté,,,,,,,,,,,3,1,2,3.0,3
201200003422,0012-01-19 15:00:00,12,1,19,15,0,170,210,06 route de BORDEAUX,45.461,-0.689,Plein jour,En agglomération,Hors intersection,Normale,Autre collision,,,,,,,,,,,1,2,1,1.0,6
201200003423,0012-04-22 05:00:00,12,4,22,5,0,170,332,rue principale,45.498,-0.503,Nuit sans éclairage public,En agglomération,Hors intersection,Normale,Autre collision,,,,,,,,,,,3,2,1,1.0,6
201200003424,0012-05-03 16:45:00,12,5,3,16,45,170,129,,45.348,-0.501,Plein jour,Hors agglomération,Hors intersection,Normale,Deux véhicules - frontale,,,,,,,,,,,1,1,1,1.0,1
201200003425,0012-05-19 13:30:00,12,5,19,13,30,170,50,LA ROMADE,,,Plein jour,En agglomération,Hors intersection,Normale,Autre collision,,,,,,,,,,,1,2,1,1.0,6
201200003426,0012-06-14 22:15:00,12,6,14,22,15,170,84,,45.535,-0.66,Crépuscule ou aube,Hors agglomération,Hors intersection,Normale,Deux véhicules - côté,,,,,,,,,,,2,1,1,1.0,3
201200003427,0012-08-19 09:45:00,12,8,19,9,45,170,250,,45.526,-0.542,Plein jour,Hors agglomération,Hors intersection,Normale,Deux véhicules - frontale,,,,,,,,,,,1,1,1,1.0,1
201200003428,0012-08-23 19:30:00,12,8,23,19,30,170,129,Chez Dionne,,,Plein jour,En agglomération,Autre intersection,Normale,Autre collision,,,,,,,,,,,1,2,9,1.0,6
201200003429,0012-09-01 15:15:00,12,9,1,15,15,170,405,,45.323,-0.701,Plein jour,Hors agglomération,Autre intersection,Normale,Sans collision,,,,,,,,,,,1,1,9,1.0,7
201200003430,0012-09-09 09:30:00,12,9,9,9,30,170,324,,45.405,-0.562,Plein jour,Hors agglomération,Hors intersection,Normale,Deux véhicules - frontale,,,,,,,,,,,1,1,1,1.0,1
201200003431,0012-09-29 13:45:00,12,9,29,13,45,170,424,,,,Plein jour,Hors agglomération,Hors intersection,Normale,Deux véhicules - côté,,,,,,,,,,,1,1,1,1.0,3
201200003432,0012-10-07 18:15:00,12,10,7,18,15,170,81,,45.322,-0.469,Plein jour,Hors agglomération,Hors intersection,Pluie légère,Autre collision,,,,,,,,,,,1,1,1,2.0,6
201200003433,0012-10-19 21:15:00,12,10,19,21,15,170,38,,45.194,-0.313,Nuit sans éclairage public,Hors agglomération,Hors intersection,Pluie forte,Deux véhicules - frontale,,,,,,,,,,,3,1,1,3.0,1
201200003434,0012-11-27 16:15:00,12,11,27,16,15,170,74,,,,Plein jour,Hors agglomération,Hors intersection,Normale,Deux véhicules - arrière,,,,,,,,,,,1,1,1,1.0,2
201200003435,0012-12-15 14:15:00,12,12,15,14,15,170,38,,,,Plein jour,Hors agglomération,Hors intersection,Temps couvert,Autre collision,,,,,,,,,,,1,1,1,8.0,6
201200003436,0012-12-21 12:00:00,12,12,21,12,0,170,243,,45.251,-0.286,Plein jour,Hors agglomération,Hors intersection,Pluie légère,Autre collision,,,,,,,,,,,1,1,1,2.0,6
201200003437,0012-02-02 13:45:00,12,2,2,13,45,170,219,,,,Plein jour,Hors agglomération,Hors intersection,Normale,Autre collision,,,,,,,,,,,1,1,1,1.0,6
201200003438,0012-03-15 15:00:00,12,3,15,15,0,170,58,,45.838,-1.129,Nuit avec éclairage allumé,Hors agglomération,Hors intersection,Normale,Deux véhicules - frontale,,,,,,,,,,,5,1,1,1.0,1
201200003439,0012-03-31 14:45:00,12,3,31,14,45,170,185,,45.718,-0.928,Plein jour,Hors agglomération,Hors intersection,Normale,Deux véhicules - côté,,,,,,,,,,,1,1,1,1.0,3
201200003440,0012-05-09 13:30:00,12,5,9,13,30,170,185,,,,Plein jour,Hors agglomération,Hors intersection,Normale,Sans collision,,,,,,,,,,,1,1,1,1.0,7
201200003441,0012-06-29 16:00:00,12,6,29,16,0,170,58,,,,Plein jour,Hors agglomération,Hors intersection,Normale,Autre collision,,,,,,,,,,,1,1,1,1.0,6
201200003442,0012-07-16 16:00:00,12,7,16,16,0,170,185,,,,Plein jour,Hors agglomération,Hors intersection,Normale,Deux véhicules - arrière,,,,,,,,,,,1,1,1,1.0,2
201200003443,0012-07-17 11:15:00,12,7,17,11,15,170,406,,,,Plein jour,Hors agglomération,Intersection en X,Normale,Deux véhicules - côté,,,,,,,,,,,1,1,2,1.0,3
201200003444,0012-08-10 23:00:00,12,8,10,23,0,170,58,,,,Nuit avec éclairage allumé,Hors agglomération,Hors intersection,Normale,Trois véhicules et plus - collisions multiples,,,,,,,,,,,5,1,1,1.0,5
201200003445,0012-09-06 16:15:00,12,9,6,16,15,170,219,,,,Nuit sans éclairage public,En agglomération,Hors intersection,Normale,Sans collision,,,,,,,,,,,3,2,1,1.0,7
201200003446,0012-10-02 21:00:00,12,10,2,21,0,170,185,RUE SAMUEL CHAMPLAIN,,,Nuit avec éclairage allumé,En agglomération,Giratoire,Normale,Deux véhicules - côté,,,,,,,,,,,5,2,6,1.0,3
201200003447,0012-10-05 14:00:00,12,10,5,14,0,170,219,Carrefour du breuil,,,Plein jour,En agglomération,Autre intersection,Normale,Deux véhicules - frontale,,,,,,,,,,,1,2,9,1.0,1
201200003448,0012-10-27 10:00:00,12,10,27,10,0,170,185,,,,Plein jour,Hors agglomération,Hors intersection,Pluie légère,Deux véhicules - frontale,,,,,,,,,,,1,1,1,2.0,1
201200003449,0012-11-22 16:00:00,12,11,22,16,0,170,185,,,,Plein jour,Hors agglomération,Hors intersection,Normale,Deux véhicules - côté,,,,,,,,,,,1,1,1,1.0,3
201200003450,0012-12-10 09:45:00,12,12,10,9,45,170,219,rue dr roux / RD728,,,Plein jour,En agglomération,Intersection en X,Normale,Deux véhicules - côté,,,,,,,,,,,1,2,2,1.0,3
201200003451,0012-12-26 14:00:00,12,12,26,14,0,170,219,,,,Plein jour,En agglomération,Hors intersection,Normale,Autre collision,,,,,,,,,,,1,2,1,1.0,6
201200003452,0012-03-18 12:00:00,12,3,18,12,0,170,146,route de Month?rault,,,Plein jour,En agglomération,Hors intersection,Pluie légère,Deux véhicules - côté,,,,,,,,,,,1,2,1,2.0,3
201200003453,0012-04-09 01:15:00,12,4,9,1,15,170,375,,,,Nuit sans éclairage public,Hors agglomération,Hors intersection,Normale,Autre collision,,,,,,,,,,,3,1,1,1.0,6
201200003454,0012-05-18 15:30:00,12,5,18,15,30,170,429,,,,Plein jour,Hors agglomération,Intersection en X,Normale,Deux véhicules - côté,,,,,,,,,,,1,1,2,1.0,3
201200003455,0012-05-20 17:45:00,12,5,20,17,45,170,308,,,,Plein jour,Hors agglomération,Hors intersection,Normale,Autre collision,,,,,,,,,,,1,1,1,1.0,6
201200003456,0012-05-28 12:00:00,12,5,28,12,0,170,484,,,,Plein jour,Hors agglomération,Hors intersection,Normale,Deux véhicules - frontale,,,,,,,,,,,1,1,1,1.0,1
201200003457,0012-07-05 10:00:00,12,7,5,10,0,170,429,,,,Plein jour,Hors agglomération,Intersection en X,Normale,Deux véhicules - côté,,,,,,,,,,,1,1,2,1.0,3
201200003458,0012-07-08 12:15:00,12,7,8,12,15,170,308,,,,Plein jour,Hors agglomération,Hors intersection,Normale,Trois véhicules et plus - collisions multiples,,,,,,,,,,,1,1,1,1.0,5
201200003459,0012-09-12 12:45:00,12,9,12,12,45,170,36,,45.886,-0.99,Plein jour,Hors agglomération,Hors intersection,Normale,Deux véhicules - frontale,,,,,,,,,,,1,1,1,1.0,1
201200003460,0012-04-29 19:00:00,12,4,29,19,0,170,337,,,,Plein jour,Hors agglomération,Hors intersection,Normale,Deux véhicules - frontale,,,,,,,,,,,1,1,1,1.0,1
201200003461,0012-05-01 12:15:00,12,5,1,12,15,170,140,14 route de la R?migeass,,,Plein jour,En agglomération,Hors intersection,Normale,Autre collision,,,,,,,,,,,1,2,1,1.0,6
201200003462,0012-05-15 10:45:00,12,5,15,10,45,170,385,,,,Plein jour,En agglomération,Hors intersection,Normale,Deux véhicules - côté,,,,,,,,,,,1,2,1,1.0,3
201200003463,0012-07-21 23:45:00,12,7,21,23,45,170,337,10 chemin Petit Rocher,,,Nuit sans éclairage public,En agglomération,Hors intersection,Normale,Autre collision,,,,,,,,,,,3,2,1,1.0,6
201200003464,0012-08-01 18:00:00,12,8,1,18,0,170,93,,,,Plein jour,En agglomération,Hors intersection,Normale,Deux véhicules - frontale,,,,,,,,,,,1,2,1,1.0,1
201200003465,0012-08-02 12:45:00,12,8,2,12,45,170,93,,,,Plein jour,Hors agglomération,Hors intersection,Normale,Deux véhicules - frontale,,,,,,,,,,,1,1,1,1.0,1
201200003466,0012-08-07 19:45:00,12,8,7,19,45,170,323,,,,Plein jour,Hors agglomération,Hors intersection,Normale,Sans collision,,,,,,,,,,,1,1,1,1.0,7
201200003467,0012-08-14 11:15:00,12,8,14,11,15,170,93,,,,Crépuscule ou aube,Hors agglomération,Hors intersection,Normale,Autre collision,,,,,,,,,,,2,1,1,1.0,6
201200003468,0012-08-19 01:00:00,12,8,19,1,0,170,140,,,,Nuit sans éclairage public,Hors agglomération,Hors intersection,Normale,Autre collision,,,,,,,,,,,3,1,1,1.0,6
201200003469,0012-08-22 20:45:00,12,8,22,20,45,170,93,rue de vertbois,,,Plein jour,En agglomération,Hors intersection,Normale,Sans collision,,,,,,,,,,,1,2,1,1.0,7
201200003470,0012-08-31 02:30:00,12,8,31,2,30,170,337,ROUTE DE Domino,,,Nuit avec éclairage allumé,En agglomération,Hors intersection,Normale,Autre collision,,,,,,,,,,,5,2,1,1.0,6
201200003471,0012-11-02 18:30:00,12,11,2,18,30,170,93,96 avenue d'antioche,,,Nuit avec éclairage allumé,En agglomération,Hors intersection,Pluie forte,Deux véhicules - arrière,,,,,,,,,,,5,2,1,3.0,2
201200003472,0012-11-21 19:45:00,12,11,21,19,45,170,140,,,,Nuit sans éclairage public,Hors agglomération,Hors intersection,Normale,Deux véhicules - arrière,,,,,,,,,,,3,1,1,1.0,2
201200003473,0012-11-28 07:45:00,12,11,28,7,45,170,140,route d?partementale 734,,,Crépuscule ou aube,En agglomération,Hors intersection,Normale,Deux véhicules - côté,,,,,,,,,,,2,2,1,1.0,3
201200003474,0012-03-01 15:45:00,12,3,1,15,45,170,21,44 avenue de l etrade,45.744,-1.125,Plein jour,En agglomération,Hors intersection,Normale,Autre collision,,,,,,,,,,,1,2,1,1.0,6
201200003475,0012-05-25 15:30:00,12,5,25,15,30,170,64,rue du centre,45.701,-1.048,Plein jour,En agglomération,Intersection en X,Normale,Deux véhicules - côté,,,,,,,,,,,1,2,2,1.0,3
201200003476,0012-06-17 12:30:00,12,6,17,12,30,170,225,"avenue des R?gates,",45.694,-1.18,Plein jour,En agglomération,Hors intersection,Normale,Autre collision,,,,,,,,,,,1,2,1,1.0,6
201200003477,0012-07-15 19:30:00,12,7,15,19,30,170,64,,,,Plein jour,Hors agglomération,Hors intersection,Normale,Deux véhicules - frontale,,,,,,,,,,,1,1,1,1.0,1
201200003478,0012-07-24 13:45:00,12,7,24,13,45,170,225,,45.699,-1.177,Plein jour,Hors agglomération,Hors intersection,Normale,Deux véhicules - frontale,,,,,,,,,,,1,1,1,1.0,1
201200003479,0012-08-03 08:30:00,12,8,3,8,30,170,311,rue de l'essart,45.689,-1.109,Plein jour,En agglomération,Intersection en Y,Normale,Deux véhicules - côté,,,,,,,,,,,1,2,4,1.0,3
201200003480,0012-09-06 18:45:00,12,9,6,18,45,170,21,rue de la blague du mond,45.744,-1.125,Plein jour,En agglomération,Hors intersection,Temps éblouissant,Deux véhicules - arrière,,,,,,,,,,,1,2,1,7.0,2
201200003481,0012-11-18 02:00:00,12,11,18,2,0,170,21,,45.749,-1.137,Nuit sans éclairage public,Hors agglomération,Hors intersection,Pluie légère,Deux véhicules - arrière,,,,,,,,,,,3,1,1,2.0,2
201200003482,0012-02-07 15:15:00,12,2,7,15,15,170,65,La Casse,,,Plein jour,En agglomération,Hors intersection,Normale,Deux véhicules - côté,,,,,,,,,,,1,2,1,1.0,3
201200003483,0012-03-23 09:45:00,12,3,23,9,45,170,253,,46.012,-0.868,Plein jour,Hors agglomération,Hors intersection,Normale,Autre collision,,,,,,,,,,,1,1,1,1.0,6
201200003484,0012-04-26 12:30:00,12,4,26,12,30,170,346,,,,Plein jour,Hors agglomération,Hors intersection,Normale,Deux véhicules - frontale,,,,,,,,,,,1,1,1,1.0,1
201200003485,0012-07-26 09:15:00,12,7,26,9,15,170,346,,,,Plein jour,Hors agglomération,Hors intersection,Normale,Sans collision,,,,,,,,,,,1,1,1,1.0,7
201200003486,0012-07-28 15:00:00,12,7,28,15,0,170,168,,,,Plein jour,Hors agglomération,Hors intersection,Normale,Autre collision,,,,,,,,,,,1,1,1,1.0,6
201200003487,0012-08-24 13:45:00,12,8,24,13,45,170,65,,,,Plein jour,Hors agglomération,Hors intersection,Normale,Deux véhicules - côté,,,,,,,,,,,1,1,1,1.0,3
201200003488,0012-09-26 15:30:00,12,9,26,15,30,170,253,,,,Plein jour,Hors agglomération,Hors intersection,Pluie légère,Trois véhicules et plus - collisions multiples,,,,,,,,,,,1,1,1,2.0,5
201200003489,0012-11-28 17:30:00,12,11,28,17,30,170,346,,,,Nuit sans éclairage public,Hors agglomération,Hors intersection,Normale,Deux véhicules - frontale,,,,,,,,,,,3,1,1,1.0,1
201200003490,0012-01-14 03:00:00,12,1,14,3,0,170,434,48 avenue GAMBETTA,,,Nuit sans éclairage public,En agglomération,Hors intersection,Normale,Autre collision,,,,,,,,,,,3,2,1,1.0,6
201200003491,0012-01-14 09:45:00,12,1,14,9,45,170,107,,,,Plein jour,Hors agglomération,Hors intersection,Autre,Autre collision,,,,,,,,,,,1,1,1,9.0,6
201200003492,0012-01-27 17:15:00,12,1,27,17,15,170,482,,,,Plein jour,Hors agglomération,Hors intersection,Normale,Sans collision,,,,,,,,,,,1,1,1,1.0,7
201200003493,0012-02-24 23:00:00,12,2,24,23,0,170,80,,,,Nuit avec éclairage allumé,En agglomération,Hors intersection,Brouillard / fumée,Deux véhicules - frontale,,,,,,,,,,,5,2,1,5.0,1
201200003494,0012-03-13 19:00:00,12,3,13,19,0,170,434,,,,Plein jour,Hors agglomération,Hors intersection,Normale,Deux véhicules - frontale,,,,,,,,,,,1,1,1,1.0,1
201200003495,0012-04-09 10:15:00,12,4,9,10,15,170,359,,,,Plein jour,Hors agglomération,Hors intersection,Normale,Autre collision,,,,,,,,,,,1,1,1,1.0,6
201200003496,0012-04-30 18:00:00,12,4,30,18,0,170,107,,,,Plein jour,Hors agglomération,Intersection en X,Normale,Deux véhicules - côté,,,,,,,,,,,1,1,2,1.0,3
201200003497,0012-06-01 16:15:00,12,6,1,16,15,170,166,14 bis gde rue PUYDROUAR,,,Plein jour,En agglomération,Place,Normale,Deux véhicules - côté,,,,,,,,,,,1,2,7,1.0,3
201200003498,0012-06-09 02:30:00,12,6,9,2,30,170,57,21 rue pont des arceaux,,,Nuit sans éclairage public,En agglomération,Hors intersection,Normale,Deux véhicules - frontale,,,,,,,,,,,3,2,1,1.0,1
201200003499,0012-06-25 12:00:00,12,6,25,12,0,170,359,,,,Plein jour,Hors agglomération,Intersection en X,Normale,Deux véhicules - côté,,,,,,,,,,,1,1,2,1.0,3
201200003500,0012-07-20 18:15:00,12,7,20,18,15,170,3,22 rue de la fragn?e,,,Plein jour,En agglomération,Hors intersection,Normale,Autre collision,,,,,,,,,,,1,2,1,1.0,6
201200003501,0012-08-16 11:15:00,12,8,16,11,15,170,166,PUYDROUARD CD 939,,,Plein jour,En agglomération,Hors intersection,Normale,Deux véhicules - frontale,,,,,,,,,,,1,2,1,1.0,1
201200003502,0012-08-25 00:30:00,12,8,25,0,30,170,293,,,,Nuit sans éclairage public,Hors agglomération,Hors intersection,Normale,Sans collision,,,,,,,,,,,3,1,1,1.0,7
201200003503,0012-08-30 14:30:00,12,8,30,14,30,170,3,,,,Plein jour,Hors agglomération,Hors intersection,Normale,Deux véhicules - frontale,,,,,,,,,,,1,1,1,1.0,1
201200003504,0012-09-09 06:15:00,12,9,9,6,15,170,359,D115,,,Crépuscule ou aube,En agglomération,Hors intersection,Normale,Autre collision,,,,,,,,,,,2,2,1,1.0,6
201200003505,0012-12-09 18:00:00,12,12,9,18,0,170,447,,,,Nuit sans éclairage public,Hors agglomération,Hors intersection,Normale,Sans collision,,,,,,,,,,,3,1,1,1.0,7
201200003506,0012-12-30 21:45:00,12,12,30,21,45,170,480,,,,Nuit sans éclairage public,Hors agglomération,Hors intersection,Pluie légère,Sans collision,,,,,,,,,,,3,1,1,2.0,7
201200003507,0012-01-11 11:15:00,12,1,11,11,15,170,102,Les Guillots,,,Plein jour,En agglomération,Hors intersection,Normale,Autre collision,,,,,,,,,,,1,2,1,1.0,6
201200003508,0012-06-16 05:45:00,12,6,16,5,45,170,44,,45.65,-0.582,Crépuscule ou aube,Hors agglomération,Hors intersection,Normale,Deux véhicules - frontale,,,,,,,,,,,2,1,1,1.0,1
201200003509,0012-08-27 13:00:00,12,8,27,13,0,170,179,,,,Plein jour,Hors agglomération,Hors intersection,Normale,Autre collision,,,,,,,,,,,1,1,1,1.0,6
201200003510,0012-09-08 17:15:00,12,9,8,17,15,170,387,rue des Platanes,,,Nuit sans éclairage public,En agglomération,Hors intersection,Normale,Autre collision,,,,,,,,,,,3,2,1,1.0,6
201200003511,0012-11-03 01:15:00,12,11,3,1,15,170,330,,45.757,-0.924,Nuit sans éclairage public,Hors agglomération,Hors intersection,Normale,Sans collision,,,,,,,,,,,3,1,1,1.0,7
201200003512,0012-12-21 10:30:00,12,12,21,10,30,170,100,,45.691,-0.434,Plein jour,Hors agglomération,Hors intersection,Temps couvert,Deux véhicules - côté,,,,,,,,,,,1,1,1,8.0,3
201200003513,0012-11-18 16:15:00,12,11,18,16,15,170,428,,45.853,-0.284,Plein jour,Hors agglomération,Hors intersection,Normale,Sans collision,,,,,,,,,,,1,1,1,1.0,7
201200003514,0012-11-23 18:30:00,12,11,23,18,30,170,183,,,,Nuit sans éclairage public,Hors agglomération,Hors intersection,Normale,Deux véhicules - côté,,,,,,,,,,,3,1,1,1.0,3
201200003515,0012-06-08 12:00:00,12,6,8,12,0,170,283,,,,Plein jour,Hors agglomération,Hors intersection,Normale,Deux véhicules - côté,,,,,,,,,,,1,1,1,1.0,3
201200003516,0012-06-17 18:30:00,12,6,17,18,30,170,400,Rue de Saintonge,,,Plein jour,En agglomération,Intersection en T,Normale,Deux véhicules - côté,,,,,,,,,,,1,2,3,1.0,3
201200003517,0012-06-16 18:45:00,12,6,16,18,45,170,273,,45.652,-0.475,Plein jour,Hors agglomération,Hors intersection,Normale,Sans collision,,,,,,,,,,,1,1,1,1.0,7
201200003518,0012-06-20 09:30:00,12,6,20,9,30,170,283,Rue charles de Gaulle,45.585,-0.542,Plein jour,En agglomération,Hors intersection,Normale,Autre collision,,,,,,,,,,,1,2,1,1.0,6
201200003519,0012-07-06 17:30:00,12,7,6,17,30,170,242,,,,Plein jour,Hors agglomération,Hors intersection,Normale,Autre collision,,,,,,,,,,,1,1,1,1.0,6
201200003520,0012-07-13 23:45:00,12,7,13,23,45,170,310,,,,Nuit sans éclairage public,Hors agglomération,Hors intersection,Normale,Autre collision,,,,,,,,,,,3,1,1,1.0,6
201200003521,0012-08-15 12:15:00,12,8,15,12,15,170,145,,45.581,-0.439,Plein jour,Hors agglomération,Hors intersection,Pluie légère,Autre collision,,,,,,,,,,,1,1,1,2.0,6
201200003522,0012-10-01 07:45:00,12,10,1,7,45,170,283,rond point des p?lerins,,,Plein jour,En agglomération,Giratoire,Normale,Deux véhicules - côté,,,,,,,,,,,1,2,6,1.0,3
201200003523,0012-10-01 18:45:00,12,10,1,18,45,170,145,,45.582,-0.44,Crépuscule ou aube,Hors agglomération,Hors intersection,Temps éblouissant,Deux véhicules - frontale,,,,,,,,,,,2,1,1,7.0,1
201200003524,0012-10-09 08:00:00,12,10,9,8,0,170,47,,,,Plein jour,Hors agglomération,Hors intersection,Temps couvert,Deux véhicules - frontale,,,,,,,,,,,1,1,1,8.0,1
201200003525,0012-01-07 11:30:00,12,1,7,11,30,170,248,,,,Plein jour,Hors agglomération,Hors intersection,Normale,Deux véhicules - frontale,,,,,,,,,,,1,1,1,1.0,1
201200003526,0012-04-08 17:30:00,12,4,8,17,30,170,421,rue saint exup?ry,,,Plein jour,En agglomération,Hors intersection,Normale,Deux véhicules - frontale,,,,,,,,,,,1,2,1,1.0,1
201200003527,0012-04-20 15:30:00,12,4,20,15,30,170,421,,45.682,-0.931,Plein jour,Hors agglomération,Hors intersection,Normale,Deux véhicules - frontale,,,,,,,,,,,1,1,1,1.0,1
201200003528,0012-05-17 03:30:00,12,5,17,3,30,170,230,23 all?e des Pins,45.571,-0.954,Nuit sans éclairage public,En agglomération,Hors intersection,Normale,Autre collision,,,,,,,,,,,3,2,1,1.0,6
201200003529,0012-05-17 11:45:00,12,5,17,11,45,170,15,,,,Plein jour,Hors agglomération,Hors intersection,Normale,Sans collision,,,,,,,,,,,1,1,1,1.0,7
201200003530,0012-06-13 13:15:00,12,6,13,13,15,170,425,,,,Plein jour,Hors agglomération,Hors intersection,Normale,Deux véhicules - frontale,,,,,,,,,,,1,1,1,1.0,1
201200003531,0012-06-16 12:00:00,12,6,16,12,0,170,442,,,,Plein jour,Hors agglomération,Hors intersection,Pluie légère,Autre collision,,,,,,,,,,,1,1,1,2.0,6
201200003532,0012-06-29 09:30:00,12,6,29,9,30,170,230,boulevard du marais,,,Plein jour,En agglomération,Autre intersection,Normale,Deux véhicules - côté,,,,,,,,,,,1,2,9,1.0,3
201200003533,0012-07-02 12:15:00,12,7,2,12,15,170,230,rue paul massy,,,Plein jour,En agglomération,Hors intersection,Normale,Deux véhicules - côté,,,,,,,,,,,1,2,1,1.0,3
201200003534,0012-07-18 11:45:00,12,7,18,11,45,170,228,RUE JOEL CONTE,,,Plein jour,En agglomération,Hors intersection,Normale,Deux véhicules - frontale,,,,,,,,,,,1,2,1,1.0,1
201200003535,0012-07-20 07:15:00,12,7,20,7,15,170,393,,,,Plein jour,Hors agglomération,Hors intersection,Normale,Autre collision,,,,,,,,,,,1,1,1,1.0,6
201200003536,0012-08-08 23:30:00,12,8,8,23,30,170,97,,,,Nuit sans éclairage public,Hors agglomération,Hors intersection,Normale,Autre collision,,,,,,,,,,,3,1,1,1.0,6
201200003537,0012-08-07 20:00:00,12,8,7,20,0,170,248,,,,Plein jour,Hors agglomération,Hors intersection,Normale,Sans collision,,,,,,,,,,,1,1,1,1.0,7
201200003538,0012-08-13 23:00:00,12,8,13,23,0,170,425,,,,Nuit sans éclairage public,Hors agglomération,Hors intersection,Normale,Deux véhicules - côté,,,,,,,,,,,3,1,1,1.0,3
201200003539,0012-08-24 20:00:00,12,8,24,20,0,170,421,rue Yves du manoir,,,Plein jour,En agglomération,Hors intersection,Normale,Deux véhicules - arrière,,,,,,,,,,,1,2,1,1.0,2
201200003540,0012-10-03 12:15:00,12,10,3,12,15,170,228,,,,Plein jour,Hors agglomération,Hors intersection,Normale,Sans collision,,,,,,,,,,,1,1,1,1.0,7
201200003541,0012-11-24 17:15:00,12,11,24,17,15,170,307,,,,Plein jour,Hors agglomération,Intersection en X,Normale,Deux véhicules - frontale,,,,,,,,,,,1,1,2,1.0,1
201200003542,0012-01-28 19:30:00,12,1,28,19,30,170,347,,,,Nuit sans éclairage public,Hors agglomération,Intersection en X,Normale,Deux véhicules - frontale,,,,,,,,,,,3,1,2,1.0,1
201200003543,0012-01-29 18:45:00,12,1,29,18,45,170,435,,45.899,-0.632,Nuit sans éclairage public,Hors agglomération,Hors intersection,Normale,Autre collision,,,,,,,,,,,3,1,1,1.0,6
201200003544,0012-04-10 13:00:00,12,4,10,13,0,170,288,,,,Plein jour,Hors agglomération,Hors intersection,Pluie légère,Deux véhicules - arrière,,,,,,,,,,,1,1,1,2.0,2
201200003545,0012-04-21 22:00:00,12,4,21,22,0,170,165,,,,Plein jour,Hors agglomération,Hors intersection,Normale,Trois véhicules et plus - en chaîne,,,,,,,,,,,1,1,1,1.0,4
201200003546,0012-04-24 21:30:00,12,4,24,21,30,170,87,,45.975,-0.643,Nuit sans éclairage public,Hors agglomération,Hors intersection,Normale,Sans collision,,,,,,,,,,,3,1,1,1.0,7
201200003547,0012-05-31 19:15:00,12,5,31,19,15,170,347,,45.929,-0.526,Plein jour,Hors agglomération,Hors intersection,Normale,Deux véhicules - côté,,,,,,,,,,,1,1,1,1.0,3
201200003548,0012-05-31 12:30:00,12,5,31,12,30,170,150,,,,Plein jour,Hors agglomération,Hors intersection,Normale,Deux véhicules - côté,,,,,,,,,,,1,1,1,1.0,3
201200003549,0012-06-03 03:45:00,12,6,3,3,45,170,226,,,,Nuit sans éclairage public,Hors agglomération,Hors intersection,Normale,Autre collision,,,,,,,,,,,3,1,1,1.0,6
201200003550,0012-06-17 00:15:00,12,6,17,0,15,170,226,,,,Nuit sans éclairage public,Hors agglomération,Hors intersection,Normale,Sans collision,,,,,,,,,,,3,1,1,1.0,7
201200003551,0012-06-30 01:15:00,12,6,30,1,15,170,157,,45.894,-0.583,Nuit sans éclairage public,Hors agglomération,Hors intersection,Normale,Deux véhicules - arrière,,,,,,,,,,,3,1,1,1.0,2
201200003552,0012-06-30 19:00:00,12,6,30,19,0,170,22,,,,Plein jour,Hors agglomération,Hors intersection,Normale,Deux véhicules - côté,,,,,,,,,,,1,1,1,1.0,3
201200003553,0012-07-19 16:00:00,12,7,19,16,0,170,397,,45.886,-0.665,Plein jour,Hors agglomération,Hors intersection,Normale,Deux véhicules - arrière,,,,,,,,,,,1,1,1,1.0,2
201200003554,0012-07-26 18:45:00,12,7,26,18,45,170,374,ruote de jarnac,,,Plein jour,En agglomération,Hors intersection,Normale,Deux véhicules - arrière,,,,,,,,,,,1,2,1,1.0,2
201200003555,0012-08-05 02:45:00,12,8,5,2,45,170,467,2 rue du chateau,,,Nuit sans éclairage public,En agglomération,Hors intersection,Normale,Autre collision,,,,,,,,,,,3,2,1,1.0,6
201200003556,0012-08-10 15:00:00,12,8,10,15,0,170,22,La Touzetterie,,,Plein jour,En agglomération,Hors intersection,Normale,Autre collision,,,,,,,,,,,1,2,1,1.0,6
201200003557,0012-08-10 19:45:00,12,8,10,19,45,170,321,,,,Plein jour,Hors agglomération,Hors intersection,Normale,Deux véhicules - frontale,,,,,,,,,,,1,1,1,1.0,1
201200003558,0012-09-30 10:15:00,12,9,30,10,15,170,87,,45.974,-0.624,Plein jour,Hors agglomération,Hors intersection,Normale,Deux véhicules - côté,,,,,,,,,,,1,1,1,1.0,3
201200003559,0012-10-12 14:45:00,12,10,12,14,45,170,450,,,,Plein jour,Hors agglomération,Intersection en X,Normale,Deux véhicules - côté,,,,,,,,,,,1,1,2,1.0,3