accident_id,datetime,annee,mois,jour,heure,minute,departement,commune_insee,adresse,latitude,longitude,luminosite,agglomeration,intersection,meteo,collision,nb_vehicules,nb_usagers,nb_indemnes,nb_tues,nb_blesses_hosp,nb_blesses_legers,age_cond_1,age_cond_2,veh_type_cond_1,veh_type_cond_2,lum_code,agg_code,int_code,atm_code,col_code
201200003560,0012-11-08 15:30:00,12,11,8,15,30,170,448,,,,Plein jour,Hors agglomération,Intersection en X,Normale,Deux véhicules - côté,,,,,,,,,,,1,1,2,1.0,3
201200003561,0012-12-11 20:30:00,12,12,11,20,30,170,347,Rue Pasteur,,,Nuit avec éclairage allumé,En agglomération,Hors intersection,Normale,Autre collision,,,,,,,,,,,5,2,1,1.0,6
201200003562,0012-12-24 06:30:00,12,12,24,6,30,170,277,,46.033,-0.514,Nuit sans éclairage public,Hors agglomération,Hors intersection,Normale,Autre collision,,,,,,,,,,,3,1,1,1.0,6
201200003563,0012-06-02 15:15:00,12,6,2,15,15,170,195,,46.035,-0.497,Plein jour,Hors agglomération,Intersection en X,Normale,Deux véhicules - côté,,,,,,,,,,,1,1,2,1.0,3
201200003564,0012-09-27 11:15:00,12,9,27,11,15,170,24,,46.017,-0.329,Plein jour,Hors agglomération,Hors intersection,Normale,Deux véhicules - arrière,,,,,,,,,,,1,1,1,1.0,2
201200003565,0012-11-10 18:15:00,12,11,10,18,15,170,401,,46.08,-0.425,Nuit sans éclairage public,Hors agglomération,Hors intersection,Pluie légère,Autre collision,,,,,,,,,,,3,1,1,2.0,6
201200003566,0012-11-26 12:30:00,12,11,26,12,30,170,43,,,,Plein jour,Hors agglomération,Hors intersection,Normale,Sans collision,,,,,,,,,,,1,1,1,1.0,7
201200003567,0012-03-11 08:15:00,12,3,11,8,15,170,224,,,,Plein jour,Hors agglomération,Hors intersection,Normale,Autre collision,,,,,,,,,,,1,1,1,1.0,6
201200003568,0012-04-30 19:15:00,12,4,30,19,15,170,446,,,,Plein jour,Hors agglomération,Hors intersection,Normale,Autre collision,,,,,,,,,,,1,1,1,1.0,6
201200003569,0012-07-27 20:00:00,12,7,27,20,0,170,224,,45.868,-0.296,Plein jour,Hors agglomération,Hors intersection,Normale,Deux véhicules - frontale,,,,,,,,,,,1,1,1,1.0,1
201200003570,0012-10-24 12:15:00,12,10,24,12,15,170,290,,45.839,-0.349,Plein jour,Hors agglomération,Hors intersection,Normale,Deux véhicules - frontale,,,,,,,,,,,1,1,1,1.0,1
201200003571,0012-12-11 19:15:00,12,12,11,19,15,170,224,,45.867,-0.311,Nuit sans éclairage public,Hors agglomération,Hors intersection,Normale,Trois véhicules et plus - collisions multiples,,,,,,,,,,,3,1,1,1.0,5
201200003572,0012-05-22 19:30:00,12,5,22,19,30,790,104,"LD ""L'ALLIER""",,,Plein jour,Hors agglomération,Hors intersection,Normale,Deux véhicules - frontale,,,,,,,,,,,1,1,1,1.0,1
201200003573,0012-08-25 15:30:00,12,8,25,15,30,790,309,ROUTE DE LA BUSSEAU,,,Plein jour,Hors agglomération,Hors intersection,Normale,Deux véhicules - frontale,,,,,,,,,,,1,1,1,1.0,1
201200003574,0012-09-01 13:15:00,12,9,1,13,15,790,66,,,,Plein jour,Hors agglomération,Hors intersection,Normale,Deux véhicules - frontale,,,,,,,,,,,1,1,1,1.0,1
201200003575,0012-10-12 15:45:00,12,10,12,15,45,790,133,,,,Plein jour,Hors agglomération,Intersection en X,Normale,Deux véhicules - côté,,,,,,,,,,,1,1,2,1.0,3
201200003576,0012-12-03 18:30:00,12,12,3,18,30,790,290,RUE DESIRE MECHAIN,,,Nuit avec éclairage allumé,En agglomération,Hors intersection,Pluie légère,Sans collision,,,,,,,,,,,5,2,1,2.0,7
201200003577,0012-12-21 19:15:00,12,12,21,19,15,790,109,"LD ""LA GRANDE PRAIRIE""",,,Nuit sans éclairage public,Hors agglomération,Hors intersection,Normale,Autre collision,,,,,,,,,,,3,1,1,1.0,6
201200003578,0012-08-30 15:45:00,12,8,30,15,45,790,31,469 AVENUE DE NIORT,,,Plein jour,En agglomération,Hors intersection,Normale,Autre collision,,,,,,,,,,,1,2,1,1.0,6
201200003579,0012-02-24 19:45:00,12,2,24,19,45,790,189,,,,Nuit sans éclairage public,Hors agglomération,Hors intersection,Normale,Trois véhicules et plus - collisions multiples,,,,,,,,,,,3,1,1,1.0,5
201200003580,0012-05-05 12:00:00,12,5,5,12,0,790,319,"LD ""SAVRELLE""",,,Plein jour,Hors agglomération,Hors intersection,Pluie légère,Sans collision,,,,,,,,,,,1,1,1,2.0,7
201200003581,0012-05-22 19:45:00,12,5,22,19,45,790,48,51 AVENUE DE PARIS,,,Plein jour,En agglomération,Hors intersection,Temps éblouissant,Deux véhicules - frontale,,,,,,,,,,,1,2,1,7.0,1
201200003582,0012-06-15 09:15:00,12,6,15,9,15,790,48,"LD ""KADORE""",,,Plein jour,Hors agglomération,Hors intersection,Normale,Deux véhicules - frontale,,,,,,,,,,,1,1,1,1.0,1
201200003583,0012-07-18 22:45:00,12,7,18,22,45,790,184,,,,Nuit sans éclairage public,Hors agglomération,Hors intersection,Normale,Sans collision,,,,,,,,,,,3,1,1,1.0,7
201200003584,0012-07-24 12:00:00,12,7,24,12,0,790,48,,,,Plein jour,Hors agglomération,Giratoire,Normale,Deux véhicules - côté,,,,,,,,,,,1,1,6,1.0,3
201200003585,0012-08-21 12:30:00,12,8,21,12,30,790,270,RUE PAUL DEVIN,,,Plein jour,En agglomération,Hors intersection,Normale,Deux véhicules - côté,,,,,,,,,,,1,2,1,1.0,3
201200003586,0012-09-12 09:00:00,12,9,12,9,0,790,24,,,,Plein jour,Hors agglomération,Hors intersection,Normale,Autre collision,,,,,,,,,,,1,1,1,1.0,6
201200003587,0012-09-16 11:00:00,12,9,16,11,0,790,184,,,,Plein jour,Hors agglomération,Hors intersection,Normale,Sans collision,,,,,,,,,,,1,1,1,1.0,7
201200003588,0012-10-17 07:00:00,12,10,17,7,0,790,201,18 ROUTE DE LA MOTHE,,,Crépuscule ou aube,En agglomération,Hors intersection,Pluie légère,Autre collision,,,,,,,,,,,2,2,1,2.0,6
201200003589,0012-10-28 03:00:00,12,10,28,3,0,790,270,34 RUE JEAN JAURES,,,Nuit sans éclairage public,En agglomération,Hors intersection,Normale,Autre collision,,,,,,,,,,,3,2,1,1.0,6
201200003590,0012-11-25 06:30:00,12,11,25,6,30,790,48,,,,Nuit sans éclairage public,Hors agglomération,Hors intersection,Normale,Deux véhicules - frontale,,,,,,,,,,,3,1,1,1.0,1
201200003591,0012-12-13 12:30:00,12,12,13,12,30,790,270,4 RUE HAUTE DE LA CROIX,,,Plein jour,En agglomération,Hors intersection,Pluie légère,Sans collision,,,,,,,,,,,1,2,1,2.0,7
201200003592,0012-01-20 12:45:00,12,1,20,12,45,790,49,,,,Plein jour,Hors agglomération,Hors intersection,Normale,Deux véhicules - frontale,,,,,,,,,,,1,1,1,1.0,1
201200003593,0012-02-14 11:30:00,12,2,14,11,30,790,38,,,,Plein jour,Hors agglomération,Intersection en X,Normale,Deux véhicules - côté,,,,,,,,,,,1,1,2,1.0,3
201200003594,0012-04-09 16:00:00,12,4,9,16,0,790,49,BREUIL-CHAUSSEE,,,Plein jour,Hors agglomération,Hors intersection,Normale,Deux véhicules - frontale,,,,,,,,,,,1,1,1,1.0,1
201200003595,0012-06-22 18:30:00,12,6,22,18,30,790,49,ST SAUVEUR-DE-GIVRE EN-M,,,Plein jour,Hors agglomération,Intersection en X,Normale,Deux véhicules - côté,,,,,,,,,,,1,1,2,1.0,3
201200003596,0012-07-01 06:45:00,12,7,1,6,45,790,49,39 BOULEVARD GOBLECHERE,,,Crépuscule ou aube,En agglomération,Hors intersection,Normale,Autre collision,,,,,,,,,,,2,2,1,1.0,6
201200003597,0012-09-22 14:45:00,12,9,22,14,45,790,49,,,,Plein jour,Hors agglomération,Hors intersection,Normale,Deux véhicules - frontale,,,,,,,,,,,1,1,1,1.0,1
201200003598,0012-10-01 08:30:00,12,10,1,8,30,790,49,,,,Plein jour,Hors agglomération,Intersection en X,Temps éblouissant,Deux véhicules - côté,,,,,,,,,,,1,1,2,7.0,3
201200003599,0012-10-28 08:00:00,12,10,28,8,0,790,49,,,,Crépuscule ou aube,Hors agglomération,Hors intersection,Autre,Autre collision,,,,,,,,,,,2,1,1,9.0,6
201200003600,0012-04-18 17:00:00,12,4,18,17,0,790,207,,,,Plein jour,Hors agglomération,Hors intersection,Temps éblouissant,Trois véhicules et plus - collisions multiples,,,,,,,,,,,1,1,1,7.0,5
201200003601,0012-06-30 20:30:00,12,6,30,20,30,790,79,ST AUBIN-DE-BAUBIGNE,,,Plein jour,Hors agglomération,Intersection en X,Normale,Trois véhicules et plus - collisions multiples,,,,,,,,,,,1,1,2,1.0,5
201200003602,0012-11-11 04:45:00,12,11,11,4,45,790,261,,,,Nuit sans éclairage public,Hors agglomération,Hors intersection,Normale,Sans collision,,,,,,,,,,,3,1,1,1.0,7
201200003603,0012-01-24 06:15:00,12,1,24,6,15,790,171,"LD ""SOULBROIS""",,,Nuit sans éclairage public,Hors agglomération,Hors intersection,Temps couvert,Deux véhicules - frontale,,,,,,,,,,,3,1,1,8.0,1
201200003604,0012-05-09 20:30:00,12,5,9,20,30,790,187,Le Migaudon,,,Plein jour,Hors agglomération,Intersection en X,Normale,Deux véhicules - côté,,,,,,,,,,,1,1,2,1.0,3
201200003605,0012-06-14 07:00:00,12,6,14,7,0,790,277,,,,Plein jour,Hors agglomération,Intersection en X,Normale,Deux véhicules - côté,,,,,,,,,,,1,1,2,1.0,3
201200003606,0012-02-25 15:00:00,12,2,25,15,0,790,173,,,,Plein jour,Hors agglomération,Intersection en X,Normale,Deux véhicules - côté,,,,,,,,,,,1,1,2,1.0,3
201200003607,0012-03-13 15:30:00,12,3,13,15,30,790,129,130 RUE DU CHATEAU,,,Plein jour,En agglomération,Hors intersection,Normale,Autre collision,,,,,,,,,,,1,2,1,1.0,6
201200003608,0012-03-21 12:15:00,12,3,21,12,15,790,57,2 ROUTE DE VEZANCAIS,,,Plein jour,En agglomération,Intersection en X,Temps couvert,Deux véhicules - côté,,,,,,,,,,,1,2,2,8.0,3
201200003609,0012-03-29 19:30:00,12,3,29,19,30,790,64,"LD ""BEAU-SOLEIL""",,,Plein jour,Hors agglomération,Intersection en X,Normale,Deux véhicules - côté,,,,,,,,,,,1,1,2,1.0,3
201200003610,0012-05-01 00:45:00,12,5,1,0,45,790,217,,,,Nuit sans éclairage public,Hors agglomération,Hors intersection,Brouillard / fumée,Sans collision,,,,,,,,,,,3,1,1,5.0,7
201200003611,0012-06-15 17:30:00,12,6,15,17,30,790,64,"LD ""BEAU SOLEIL""",,,Plein jour,En agglomération,Hors intersection,Normale,Deux véhicules - côté,,,,,,,,,,,1,2,1,1.0,3
201200003612,0012-06-30 19:45:00,12,6,30,19,45,790,198,,,,Plein jour,Hors agglomération,Intersection en X,Normale,Deux véhicules - côté,,,,,,,,,,,1,1,2,1.0,3
201200003613,0012-07-02 11:45:00,12,7,2,11,45,790,214,,,,Plein jour,Hors agglomération,Hors intersection,Temps éblouissant,Trois véhicules et plus - collisions multiples,,,,,,,,,,,1,1,1,7.0,5
201200003614,0012-07-22 11:30:00,12,7,22,11,30,790,57,ROUTE DE SELIGNE,,,Plein jour,En agglomération,Intersection en T,Normale,Deux véhicules - côté,,,,,,,,,,,1,2,3,1.0,3
201200003615,0012-08-31 14:30:00,12,8,31,14,30,790,353,14 GRANDE RUE,,,Plein jour,En agglomération,Intersection en T,Normale,Deux véhicules - côté,,,,,,,,,,,1,2,3,1.0,3
201200003616,0012-03-04 13:00:00,12,3,4,13,0,790,150,10 RUE DE CHATAIN,,,Plein jour,En agglomération,Hors intersection,Pluie légère,Deux véhicules - frontale,,,,,,,,,,,1,2,1,2.0,1
201200003617,0012-07-14 13:30:00,12,7,14,13,30,790,313,"LD ""LA BARRE""",,,Plein jour,Hors agglomération,Hors intersection,Temps couvert,Deux véhicules - frontale,,,,,,,,,,,1,1,1,8.0,1
201200003618,0012-10-20 13:15:00,12,10,20,13,15,790,60,RUE DE L'ECOLIER,,,Plein jour,Hors agglomération,Hors intersection,Pluie légère,Deux véhicules - frontale,,,,,,,,,,,1,1,1,2.0,1
201200003619,0012-11-30 04:15:00,12,11,30,4,15,790,136,"LD ""BOIS CHEVRELIERE""",,,Nuit sans éclairage public,Hors agglomération,Hors intersection,Normale,Autre collision,,,,,,,,,,,3,1,1,1.0,6
201200003620,0012-12-05 18:45:00,12,12,5,18,45,790,83,"LD ""JAVARZAY""",,,Nuit avec éclairage allumé,En agglomération,Hors intersection,Pluie légère,Deux véhicules - côté,,,,,,,,,,,5,2,1,2.0,3
201200003621,0012-02-17 12:00:00,12,2,17,12,0,790,202,BD FRANCOIS MITTERAND,,,Plein jour,En agglomération,Giratoire,Normale,Sans collision,,,,,,,,,,,1,2,6,1.0,7
201200003622,0012-03-21 14:15:00,12,3,21,14,15,790,202,RUE DE L'YSER,,,Plein jour,En agglomération,Giratoire,Normale,Sans collision,,,,,,,,,,,1,2,6,1.0,7
201200003623,0012-03-23 09:45:00,12,3,23,9,45,790,202,26 RUE DE BELLEFONTAINE,,,Plein jour,En agglomération,Hors intersection,Normale,Autre collision,,,,,,,,,,,1,2,1,1.0,6
201200003624,0012-04-20 21:30:00,12,4,20,21,30,790,172,,,,Nuit sans éclairage public,Hors agglomération,Hors intersection,Normale,Sans collision,,,,,,,,,,,3,1,1,1.0,7
201200003625,0012-05-09 21:00:00,12,5,9,21,0,790,285,"LD ""LES BORDES""",,,Plein jour,Hors agglomération,Hors intersection,Normale,Deux véhicules - frontale,,,,,,,,,,,1,1,1,1.0,1
201200003626,0012-05-10 20:30:00,12,5,10,20,30,790,202,PLACE DE LA LIBERTE,,,Plein jour,En agglomération,Giratoire,Normale,Autre collision,,,,,,,,,,,1,2,6,1.0,6
201200003627,0012-05-14 17:00:00,12,5,14,17,0,790,202,73 AV. DU MCHAL LECLERC,,,Plein jour,En agglomération,Intersection en T,Normale,Deux véhicules - côté,,,,,,,,,,,1,2,3,1.0,3
201200003628,0012-06-16 19:00:00,12,6,16,19,0,790,202,RUE DE MANAKARRA,,,Plein jour,En agglomération,Intersection en X,Normale,Deux véhicules - frontale,,,,,,,,,,,1,2,2,1.0,1
201200003629,0012-08-05 11:30:00,12,8,5,11,30,790,322,COLOMBIER (RUE DU),,,Plein jour,Hors agglomération,Hors intersection,Pluie forte,Deux véhicules - côté,,,,,,,,,,,1,1,1,3.0,3
201200003630,0012-08-18 14:00:00,12,8,18,14,0,790,2,"LD "" LE PONT BONNEAU""",,,Plein jour,Hors agglomération,Hors intersection,Normale,Sans collision,,,,,,,,,,,1,1,1,1.0,7
201200003631,0012-08-25 16:00:00,12,8,25,16,0,790,322,,,,Plein jour,Hors agglomération,Hors intersection,Normale,Deux véhicules - frontale,,,,,,,,,,,1,1,1,1.0,1
201200003632,0012-08-26 07:30:00,12,8,26,7,30,790,135,"LD ""VERRINES""",,,Plein jour,Hors agglomération,Hors intersection,Normale,Deux véhicules - côté,,,,,,,,,,,1,1,1,1.0,3
201200003633,0012-04-24 17:15:00,12,4,24,17,15,790,325,,,,Plein jour,Hors agglomération,Intersection en T,Temps couvert,Deux véhicules - côté,,,,,,,,,,,1,1,3,8.0,3
201200003634,0012-05-01 16:15:00,12,5,1,16,15,790,19,"LD ""LA COUDRELLE""",,,Plein jour,Hors agglomération,Intersection en X,Normale,Deux véhicules - côté,,,,,,,,,,,1,1,2,1.0,3
201200003635,0012-05-06 14:45:00,12,5,6,14,45,790,326,,,,Plein jour,Hors agglomération,Hors intersection,Normale,Deux véhicules - côté,,,,,,,,,,,1,1,1,1.0,3
201200003636,0012-09-03 08:30:00,12,9,3,8,30,790,16,,,,Plein jour,Hors agglomération,Hors intersection,Normale,Deux véhicules - côté,,,,,,,,,,,1,1,1,1.0,3
201200003637,0012-10-04 18:30:00,12,10,4,18,30,790,47,,,,Crépuscule ou aube,Hors agglomération,Hors intersection,Pluie légère,Autre collision,,,,,,,,,,,2,1,1,2.0,6
201200003638,0012-10-03 20:45:00,12,10,3,20,45,790,326,,,,Nuit sans éclairage public,En agglomération,Intersection en T,Pluie légère,Deux véhicules - frontale,,,,,,,,,,,3,2,3,2.0,1
201200003639,0012-10-11 17:00:00,12,10,11,17,0,790,156,,,,Plein jour,Hors agglomération,Intersection en X,Normale,Deux véhicules - côté,,,,,,,,,,,1,1,2,1.0,3
201200003640,0012-10-26 07:15:00,12,10,26,7,15,790,167,ROUTE DE POITIERS,,,Nuit sans éclairage public,En agglomération,Intersection en X,Brouillard / fumée,Deux véhicules - côté,,,,,,,,,,,3,2,2,5.0,3
201200003641,0012-11-28 11:45:00,12,11,28,11,45,790,156,,,,Plein jour,Hors agglomération,Intersection en X,Temps couvert,Deux véhicules - côté,,,,,,,,,,,1,1,2,8.0,3
201200003642,0012-12-30 21:30:00,12,12,30,21,30,790,120,,,,Nuit sans éclairage public,Hors agglomération,Hors intersection,Pluie légère,Sans collision,,,,,,,,,,,3,1,1,2.0,7
201200003643,0012-05-15 13:00:00,12,5,15,13,0,790,311,"LD ""LA BOUFFARDIERE""",,,Plein jour,Hors agglomération,Intersection en Y,Normale,Deux véhicules - côté,,,,,,,,,,,1,1,4,1.0,3
201200003644,0012-07-25 10:45:00,12,7,25,10,45,790,7,,,,Plein jour,Hors agglomération,Hors intersection,Normale,Autre collision,,,,,,,,,,,1,1,1,1.0,6
201200003645,0012-07-31 20:45:00,12,7,31,20,45,790,76,18 ROUTE DE BRESSUIRE,,,Plein jour,En agglomération,Hors intersection,Normale,Autre collision,,,,,,,,,,,1,2,1,1.0,6
201200003646,0012-09-23 16:30:00,12,9,23,16,30,790,179,7 AVENUE DE L'INDUSTRIE,,,Plein jour,En agglomération,Hors intersection,Normale,Autre collision,,,,,,,,,,,1,2,1,1.0,6
201200003647,0012-11-20 10:45:00,12,11,20,10,45,790,1,RUE RAYMOND MIGAUD,,,Plein jour,En agglomération,Intersection en T,Temps éblouissant,Deux véhicules - frontale,,,,,,,,,,,1,2,3,7.0,1
201200003648,0012-12-10 07:00:00,12,12,10,7,0,870,152,,,,Nuit sans éclairage public,Hors agglomération,Intersection en X,Pluie légère,Deux véhicules - côté,,,,,,,,,,,3,1,2,2.0,3
201200003649,0012-12-22 16:30:00,12,12,22,16,30,870,107,,,,Crépuscule ou aube,Hors agglomération,Hors intersection,Pluie légère,Trois véhicules et plus - collisions multiples,,,,,,,,,,,2,1,1,2.0,5
201200003650,0012-01-15 20:45:00,12,1,15,20,45,870,125,,,,Nuit sans éclairage public,Hors agglomération,Hors intersection,Normale,Deux véhicules - frontale,,,,,,,,,,,3,1,1,1.0,1
201200003651,0012-01-16 05:15:00,12,1,16,5,15,870,178,RD 39,45.9153,1.36358,Nuit sans éclairage public,Hors agglomération,Hors intersection,Normale,Sans collision,,,,,,,,,,,3,1,1,1.0,7
201200003652,0012-01-20 17:45:00,12,1,20,17,45,870,2,RD 920 AMBAZAC,45.9467,1.35711,Nuit sans éclairage public,Hors agglomération,Hors intersection,Normale,Sans collision,,,,,,,,,,,3,1,1,1.0,7
201200003653,0012-07-28 15:30:00,12,7,28,15,30,870,157,,45.948,1.50358,Plein jour,Hors agglomération,Hors intersection,Normale,Sans collision,,,,,,,,,,,1,1,1,1.0,7
201200003654,0012-08-27 17:00:00,12,8,27,17,0,870,2,,,,Plein jour,Hors agglomération,Hors intersection,Normale,Deux véhicules - côté,,,,,,,,,,,1,1,1,1.0,3
201200003655,0012-09-15 10:00:00,12,9,15,10,0,870,178,,,,Plein jour,Hors agglomération,Intersection en X,Normale,Deux véhicules - côté,,,,,,,,,,,1,1,2,1.0,3
201200003656,0012-11-26 18:30:00,12,11,26,18,30,870,2,rue du G?n?ral DE GAULLE,,,Nuit avec éclairage allumé,En agglomération,Hors intersection,Pluie légère,Autre collision,,,,,,,,,,,5,2,1,2.0,6
201200003657,0012-12-30 05:45:00,12,12,30,5,45,870,178,,,,Crépuscule ou aube,Hors agglomération,Hors intersection,Pluie légère,Autre collision,,,,,,,,,,,2,1,1,2.0,6
201200003658,0012-08-02 16:30:00,12,8,2,16,30,870,161,,45.846,1.497,Plein jour,Hors agglomération,Hors intersection,Normale,Autre collision,,,,,,,,,,,1,1,1,1.0,6
201200003659,0012-10-25 06:30:00,12,10,25,6,30,870,105,,45.734,1.65,Nuit sans éclairage public,Hors agglomération,Hors intersection,Normale,Deux véhicules - frontale,,,,,,,,,,,3,1,1,1.0,1
201200003660,0012-01-13 10:00:00,12,1,13,10,0,870,142,RD 979 LES SAGNES,45.7778,1.50271,Plein jour,Hors agglomération,Hors intersection,Temps couvert,Autre collision,,,,,,,,,,,1,1,1,8.0,6
201200003661,0012-01-31 18:30:00,12,1,31,18,30,870,129,LE BOURG - RD 941,,,Nuit avec éclairage allumé,En agglomération,Hors intersection,Temps couvert,Autre collision,,,,,,,,,,,5,2,1,8.0,6
201200003662,0012-05-12 17:00:00,12,5,12,17,0,870,156,,,,Plein jour,Hors agglomération,Hors intersection,Normale,Deux véhicules - côté,,,,,,,,,,,1,1,1,1.0,3
201200003663,0012-07-28 17:15:00,12,7,28,17,15,870,70,,45.7813,1.48624,Plein jour,Hors agglomération,Hors intersection,Normale,Trois véhicules et plus - collisions multiples,,,,,,,,,,,1,1,1,1.0,5
201200003664,0012-10-15 10:00:00,12,10,15,10,0,870,161,Rue de Strasbourg,,,Plein jour,En agglomération,Hors intersection,Normale,Autre collision,,,,,,,,,,,1,2,1,1.0,6
201200003665,0012-01-02 13:45:00,12,1,2,13,45,870,187,,,,Plein jour,Hors agglomération,Hors intersection,Normale,Deux véhicules - côté,,,,,,,,,,,1,1,1,1.0,3
201200003666,0012-01-08 17:15:00,12,1,8,17,15,870,187,,,,Crépuscule ou aube,Hors agglomération,Hors intersection,Temps couvert,Autre collision,,,,,,,,,,,2,1,1,8.0,6
201200003667,0012-04-20 19:00:00,12,4,20,19,0,870,106,,,,Plein jour,Hors agglomération,Hors intersection,Normale,Deux véhicules - côté,,,,,,,,,,,1,1,1,1.0,3
201200003668,0012-07-11 18:30:00,12,7,11,18,30,870,106,RUE ANDR? FURELAUD,45.6882,1.1796,Plein jour,En agglomération,Hors intersection,Normale,Autre collision,,,,,,,,,,,1,2,1,1.0,6
201200003669,0012-08-11 10:45:00,12,8,11,10,45,870,27,La vallade,,,Plein jour,En agglomération,Hors intersection,Normale,Deux véhicules - frontale,,,,,,,,,,,1,2,1,1.0,1
201200003670,0012-01-23 18:30:00,12,1,23,18,30,870,28,N147 FORET DES COUTUMES,46.1993,0.92255,Crépuscule ou aube,Hors agglomération,Hors intersection,Normale,Deux véhicules - frontale,,,,,,,,,,,2,1,1,1.0,1
201200003671,0012-03-25 20:15:00,12,3,25,20,15,870,17,,46.1291,1.09977,Nuit sans éclairage public,Hors agglomération,Hors intersection,Normale,Autre collision,,,,,,,,,,,3,1,1,1.0,6
201200003672,0012-12-22 09:45:00,12,12,22,9,45,870,28,,,,Plein jour,Hors agglomération,Hors intersection,Pluie légère,Deux véhicules - côté,,,,,,,,,,,1,1,1,2.0,3
201200003673,0012-12-24 12:15:00,12,12,24,12,15,870,17,,,,Plein jour,Hors agglomération,Hors intersection,Normale,Deux véhicules - arrière,,,,,,,,,,,1,1,1,1.0,2
201200003674,0012-09-23 03:15:00,12,9,23,3,15,870,184,,,,Nuit sans éclairage public,Hors agglomération,Hors intersection,Normale,Sans collision,,,,,,,,,,,3,1,1,1.0,7
201200003675,0012-09-23 14:00:00,12,9,23,14,0,870,79,,46.014,1.447,Plein jour,Hors agglomération,Hors intersection,Normale,Autre collision,,,,,,,,,,,1,1,1,1.0,6
201200003676,0012-03-18 16:30:00,12,3,18,16,30,870,61,,46.1513,1.16574,Plein jour,Hors agglomération,Hors intersection,Temps couvert,Deux véhicules - frontale,,,,,,,,,,,1,1,1,8.0,1
201200003677,0012-06-08 12:30:00,12,6,8,12,30,870,180,,,,Plein jour,Hors agglomération,Intersection en X,Normale,Deux véhicules - côté,,,,,,,,,,,1,1,2,1.0,3
201200003678,0012-06-25 12:30:00,12,6,25,12,30,870,89,,46.1939,1.16877,Plein jour,Hors agglomération,Hors intersection,Pluie légère,Autre collision,,,,,,,,,,,1,1,1,2.0,6
201200003679,0012-07-21 15:00:00,12,7,21,15,0,870,3,,,,Plein jour,Hors agglomération,Hors intersection,Normale,Deux véhicules - arrière,,,,,,,,,,,1,1,1,1.0,2
201200003680,0012-08-15 16:00:00,12,8,15,16,0,870,3,,,,Plein jour,Hors agglomération,Hors intersection,Normale,Autre collision,,,,,,,,,,,1,1,1,1.0,6
201200003681,0012-10-23 09:45:00,12,10,23,9,45,870,149,,46.244,1.333,Plein jour,Hors agglomération,Hors intersection,Normale,Deux véhicules - frontale,,,,,,,,,,,1,1,1,1.0,1
201200003682,0012-09-26 11:30:00,12,9,26,11,30,870,126,,,,Plein jour,Hors agglomération,Hors intersection,Pluie légère,Autre collision,,,,,,,,,,,1,1,1,2.0,6
201200003683,0012-10-12 20:30:00,12,10,12,20,30,870,185,,,,Nuit sans éclairage public,Hors agglomération,Hors intersection,Normale,Deux véhicules - frontale,,,,,,,,,,,3,1,1,1.0,1
201200003684,0012-10-17 01:45:00,12,10,17,1,45,870,154,,,,Nuit sans éclairage public,Hors agglomération,Hors intersection,Normale,Autre collision,,,,,,,,,,,3,1,1,1.0,6
201200003685,0012-06-11 18:30:00,12,6,11,18,30,870,168,,,,Plein jour,Hors agglomération,Hors intersection,Pluie légère,Deux véhicules - frontale,,,,,,,,,,,1,1,1,2.0,1
201200003686,0012-07-25 13:30:00,12,7,25,13,30,870,54,RUE LOU ENAS,45.7062,0.85671,Plein jour,En agglomération,Hors intersection,Normale,Deux véhicules - frontale,,,,,,,,,,,1,2,1,1.0,1
201200003687,0012-09-06 16:15:00,12,9,6,16,15,870,91,,,,Plein jour,Hors agglomération,Hors intersection,Normale,Autre collision,,,,,,,,,,,1,1,1,1.0,6
201200003688,0012-11-04 10:00:00,12,11,4,10,0,870,111,,,,Plein jour,Hors agglomération,Hors intersection,Pluie légère,Autre collision,,,,,,,,,,,1,1,1,2.0,6
201200003689,0012-03-07 07:45:00,12,3,7,7,45,190,211,DERSES,45.2361,1.66056,Crépuscule ou aube,Hors agglomération,Hors intersection,Normale,Autre collision,,,,,,,,,,,2,1,1,1.0,6
201200003690,0012-04-15 17:30:00,12,4,15,17,30,190,61,TUNNEL DE BONNEL,45.2063,1.67558,Plein jour,Hors agglomération,Hors intersection,Normale,Trois véhicules et plus - collisions multiples,,,,,,,,,,,1,1,1,1.0,5
201200003691,0012-08-01 16:30:00,12,8,1,16,30,190,220,LA CIREYGEADE,45.2896,1.89818,Plein jour,Hors agglomération,Intersection en T,Normale,Deux véhicules - côté,,,,,,,,,,,1,1,3,1.0,3
201200003692,0012-08-14 15:30:00,12,8,14,15,30,190,101,RUE DES PRAIRIES,45.2457,1.7752,Plein jour,En agglomération,Hors intersection,Temps éblouissant,Autre collision,,,,,,,,,,,1,2,1,7.0,6
201200003693,0012-08-20 19:00:00,12,8,20,19,0,190,146,LES AR?NES,45.3292,1.75417,Plein jour,Hors agglomération,Intersection en X,Normale,Deux véhicules - frontale,,,,,,,,,,,1,1,2,1.0,1
201200003694,0012-10-12 20:15:00,12,10,12,20,15,190,101,AVENUE DU COLOMBIER,45.2479,1.77111,Nuit avec éclairage allumé,En agglomération,Hors intersection,Normale,Deux véhicules - côté,,,,,,,,,,,5,2,1,1.0,3