accident_id,datetime,annee,mois,jour,heure,minute,departement,commune_insee,adresse,latitude,longitude,luminosite,agglomeration,intersection,meteo,collision,nb_vehicules,nb_usagers,nb_indemnes,nb_tues,nb_blesses_hosp,nb_blesses_legers,age_cond_1,age_cond_2,veh_type_cond_1,veh_type_cond_2,lum_code,agg_code,int_code,atm_code,col_code
201200003695,0012-11-04 11:45:00,12,11,4,11,45,190,146,LA VIGNE,45.3005,1.77706,Plein jour,Hors agglomération,Hors intersection,Normale,Trois véhicules et plus - collisions multiples,,,,,,,,,,,1,1,1,1.0,5
201200003696,0012-05-06 06:45:00,12,5,6,6,45,190,192,SOULANGES,45.1187,1.91009,Crépuscule ou aube,Hors agglomération,Hors intersection,Normale,Deux véhicules - frontale,,,,,,,,,,,2,1,1,1.0,1
201200003697,0012-05-16 16:45:00,12,5,16,16,45,190,84,RD1120,45.1553,1.87047,Plein jour,En agglomération,Hors intersection,Normale,Deux véhicules - côté,,,,,,,,,,,1,2,1,1.0,3
201200003698,0012-06-10 00:30:00,12,6,10,0,30,190,45,LE GENET,45.0342,1.92903,Nuit sans éclairage public,Hors agglomération,Hors intersection,Temps couvert,Autre collision,,,,,,,,,,,3,1,1,8.0,6
201200003699,0012-06-23 09:30:00,12,6,23,9,30,190,192,LE VEYSSET,45.1379,1.88152,Plein jour,Hors agglomération,Hors intersection,Normale,Deux véhicules - frontale,,,,,,,,,,,1,1,1,1.0,1
201200003700,0012-07-06 16:45:00,12,7,6,16,45,190,91,LES TAULES,45.0709,1.97566,Plein jour,Hors agglomération,Hors intersection,Pluie légère,Deux véhicules - frontale,,,,,,,,,,,1,1,1,2.0,1
201200003701,0012-08-31 09:45:00,12,8,31,9,45,190,7,USINE PIERROT GOURMAND,44.9625,1.85726,Plein jour,Hors agglomération,Hors intersection,Normale,Deux véhicules - côté,,,,,,,,,,,1,1,1,1.0,3
201200003702,0012-10-08 21:15:00,12,10,8,21,15,190,140,LE CHAMBON,45.0772,1.92955,Nuit avec éclairage allumé,En agglomération,Hors intersection,Pluie forte,Autre collision,,,,,,,,,,,5,2,1,3.0,6
201200003703,0012-01-28 12:30:00,12,1,28,12,30,190,176,LES CERBES,45.382,2.01538,Plein jour,Hors agglomération,Hors intersection,Neige / grêle,Deux véhicules - frontale,,,,,,,,,,,1,1,1,4.0,1
201200003704,0012-09-06 12:30:00,12,9,6,12,30,190,143,ROUTE DE L?PINA,45.3577,1.9798,Plein jour,En agglomération,Hors intersection,Normale,Deux véhicules - côté,,,,,,,,,,,1,2,1,1.0,3
201200003705,0012-10-24 16:00:00,12,10,24,16,0,190,73,ZA DU TRA LE BOS,45.3939,2.0606,Plein jour,Hors agglomération,Hors intersection,Temps éblouissant,Deux véhicules - frontale,,,,,,,,,,,1,1,1,7.0,1
201200003706,0012-11-04 19:00:00,12,11,4,19,0,190,81,LA GANOTTE,45.3563,1.97217,Nuit sans éclairage public,En agglomération,Hors intersection,Pluie forte,Deux véhicules - frontale,,,,,,,,,,,3,2,1,3.0,1
201200003707,0012-08-14 20:15:00,12,8,14,20,15,190,222,LE BOURG - RD18,45.1655,1.98411,Plein jour,En agglomération,Hors intersection,Normale,Deux véhicules - frontale,,,,,,,,,,,1,2,1,1.0,1
201200003708,0012-11-05 16:00:00,12,11,5,16,0,190,97,CHABANIER,45.2926,2.04678,Plein jour,Hors agglomération,Hors intersection,Pluie légère,Deux véhicules - frontale,,,,,,,,,,,1,1,1,2.0,1
201200003709,0012-04-04 18:15:00,12,4,4,18,15,190,250,LA COURIE,45.5111,1.51511,Plein jour,Hors agglomération,Hors intersection,Normale,Autre collision,,,,,,,,,,,1,1,1,1.0,6
201200003710,0012-04-14 02:30:00,12,4,14,2,30,190,129,ROUTE DE LA FONT FAURE,45.535,1.50466,Nuit sans éclairage public,Hors agglomération,Hors intersection,Normale,Deux véhicules - frontale,,,,,,,,,,,3,1,1,1.0,1
201200003711,0012-05-24 13:15:00,12,5,24,13,15,190,213,LES FONTBELLES,45.3844,1.64322,Plein jour,Hors agglomération,Hors intersection,Normale,Autre collision,,,,,,,,,,,1,1,1,1.0,6
201200003712,0012-08-18 23:30:00,12,8,18,23,30,190,209,LA BUTTE,45.5951,1.82811,Nuit sans éclairage public,Hors agglomération,Hors intersection,Normale,Deux véhicules - frontale,,,,,,,,,,,3,1,1,1.0,1
201200003713,0012-09-07 19:15:00,12,9,7,19,15,190,250,RUE DES ?COLES,45.5051,1.53514,Plein jour,En agglomération,Hors intersection,Normale,Autre collision,,,,,,,,,,,1,2,1,1.0,6
201200003714,0012-11-27 12:15:00,12,11,27,12,15,190,37,ENTR?E DU BOURG,45.4232,1.71218,Plein jour,Hors agglomération,Hors intersection,Normale,Autre collision,,,,,,,,,,,1,1,1,1.0,6
201200003715,0012-01-12 06:45:00,12,1,12,6,45,190,93,LA DERCIE,45.089,1.56684,Nuit sans éclairage public,Hors agglomération,Hors intersection,Brouillard / fumée,Deux véhicules - frontale,,,,,,,,,,,3,1,1,5.0,1
201200003716,0012-01-12 04:45:00,12,1,12,4,45,190,229,VINEVIALLE,45.1279,1.42864,Nuit sans éclairage public,Hors agglomération,Hors intersection,Brouillard / fumée,Sans collision,,,,,,,,,,,3,1,1,5.0,7
201200003717,0012-04-23 15:30:00,12,4,23,15,30,190,63,LA CROIX DE SAINT CL?MEN,45.1386,1.5837,Plein jour,Hors agglomération,Hors intersection,Pluie forte,Deux véhicules - côté,,,,,,,,,,,1,1,1,3.0,3
201200003718,0012-08-19 07:15:00,12,8,19,7,15,190,229,LES GUIERLES,45.1283,1.43785,Plein jour,Hors agglomération,Giratoire,Normale,Sans collision,,,,,,,,,,,1,1,6,1.0,7
201200003719,0012-10-19 16:15:00,12,10,19,16,15,190,31,ROND POINT HOTEL DE VILL,45.1704,1.5642,Plein jour,Hors agglomération,Hors intersection,Normale,Deux véhicules - frontale,,,,,,,,,,,1,1,1,1.0,1
201200003720,0012-10-26 17:00:00,12,10,26,17,0,190,151,AVENUE DU 8 MAI 1945,45.0982,1.52114,Crépuscule ou aube,Hors agglomération,Hors intersection,Pluie légère,Deux véhicules - frontale,,,,,,,,,,,2,1,1,2.0,1
201200003721,0012-10-30 13:45:00,12,10,30,13,45,190,123,AV CAP FERNAND TAURISSON,45.1766,1.60078,Plein jour,Hors agglomération,Hors intersection,Normale,Trois véhicules et plus - collisions multiples,,,,,,,,,,,1,1,1,1.0,5
201200003722,0012-12-02 11:45:00,12,12,2,11,45,190,123,Magasin Tousalon,45.17817,1.59438,Plein jour,En agglomération,Hors intersection,Pluie légère,Autre collision,,,,,,,,,,,1,2,1,2.0,6
201200003723,0012-08-01 02:00:00,12,8,1,2,0,190,32,LA RIVI?RE,45.0325,1.84353,Nuit sans éclairage public,Hors agglomération,Hors intersection,Normale,Autre collision,,,,,,,,,,,3,1,1,1.0,6
201200003724,0012-12-21 16:30:00,12,12,21,16,30,190,23,le suc,45.11466,1.6912,Plein jour,Hors agglomération,Hors intersection,Pluie légère,Sans collision,,,,,,,,,,,1,1,1,2.0,7
201200003725,0012-12-27 15:15:00,12,12,27,15,15,190,273,mathé,45.06246,1.56442,Plein jour,Hors agglomération,Hors intersection,Pluie forte,Autre collision,,,,,,,,,,,1,1,1,3.0,6
201200003726,0012-04-01 18:30:00,12,4,1,18,30,190,202,LARMANDIE,45.2492,1.58598,Plein jour,Hors agglomération,Hors intersection,Normale,Autre collision,,,,,,,,,,,1,1,1,1.0,6
201200003727,0012-04-03 08:15:00,12,4,3,8,15,190,246,lanau,,,Plein jour,Hors agglomération,Hors intersection,Normale,Autre collision,,,,,,,,,,,1,1,1,1.0,6
201200003728,0012-05-21 08:45:00,12,5,21,8,45,190,202,LES PALISSERIES,45.2329,1.59765,Plein jour,Hors agglomération,Hors intersection,Brouillard / fumée,Autre collision,,,,,,,,,,,1,1,1,5.0,6
201200003729,0012-07-11 11:30:00,12,7,11,11,30,190,246,LES POUYGES,45.2198,1.46229,Crépuscule ou aube,Hors agglomération,Hors intersection,Normale,Autre collision,,,,,,,,,,,2,1,1,1.0,6
201200003730,0012-07-14 03:15:00,12,7,14,3,15,190,5,LA BARRI?RE DE ST LAUREN,45.2258,1.42662,Nuit avec éclairage allumé,Hors agglomération,Hors intersection,Pluie légère,Autre collision,,,,,,,,,,,5,1,1,2.0,6
201200003731,0012-08-25 23:45:00,12,8,25,23,45,190,278,LE BURG,45.2169,1.43097,Nuit sans éclairage public,Hors agglomération,Hors intersection,Normale,Trois véhicules et plus - collisions multiples,,,,,,,,,,,3,1,1,1.0,5
201200003732,0012-09-24 12:30:00,12,9,24,12,30,190,5,PLACE AL?GRE,45.2577,1.47551,Plein jour,En agglomération,Hors intersection,Temps couvert,Deux véhicules - côté,,,,,,,,,,,1,2,1,8.0,3
201200003733,0012-09-29 16:15:00,12,9,29,16,15,190,274,LES COMBES,45.1861,1.53944,Plein jour,Hors agglomération,Hors intersection,Normale,Autre collision,,,,,,,,,,,1,1,1,1.0,6
201200003734,0012-10-03 12:15:00,12,10,3,12,15,190,5,LASTEYRIE,45.233,1.43545,Plein jour,Hors agglomération,Hors intersection,Normale,Deux véhicules - frontale,,,,,,,,,,,1,1,1,1.0,1
201200003735,0012-07-17 08:45:00,12,7,17,8,45,190,285,LAS BORDAS,45.3843,1.52727,Plein jour,Hors agglomération,Hors intersection,Normale,Autre collision,,,,,,,,,,,1,1,1,1.0,6
201200003736,0012-04-10 17:15:00,12,4,10,17,15,190,153,AVENUE HENRI DE JOUVENEL,45.2585,1.40977,Plein jour,En agglomération,Hors intersection,Pluie légère,Deux véhicules - côté,,,,,,,,,,,1,2,1,2.0,3
201200003737,0012-05-22 17:45:00,12,5,22,17,45,190,35,LA PERCHE,45.3064,1.35053,Plein jour,Hors agglomération,Intersection en T,Normale,Deux véhicules - frontale,,,,,,,,,,,1,1,3,1.0,1
201200003738,0012-06-13 07:45:00,12,6,13,7,45,190,94,ROUTE DE LA MAIRIE,45.3173,1.32448,Plein jour,En agglomération,Hors intersection,Normale,Deux véhicules - côté,,,,,,,,,,,1,2,1,1.0,3
201200003739,0012-08-18 19:15:00,12,8,18,19,15,190,59,LES PRADES,45.3574,1.33204,Plein jour,Hors agglomération,Hors intersection,Normale,Sans collision,,,,,,,,,,,1,1,1,1.0,7
201200003740,0012-08-28 10:15:00,12,8,28,10,15,190,94,PR?VIEUX,45.3278,1.32057,Plein jour,Hors agglomération,Hors intersection,Normale,Deux véhicules - frontale,,,,,,,,,,,1,1,1,1.0,1
201200003741,0012-10-30 23:15:00,12,10,30,23,15,190,187,LA PORCHERIE,45.2802,1.36078,Nuit sans éclairage public,Hors agglomération,Hors intersection,Normale,Deux véhicules - frontale,,,,,,,,,,,3,1,1,1.0,1
201200003742,0012-05-26 13:30:00,12,5,26,13,30,190,28,115 rue Jean Cocteau,45.66,2.825,Plein jour,En agglomération,Hors intersection,Normale,Deux véhicules - côté,,,,,,,,,,,1,2,1,1.0,3
201200003743,0012-06-03 15:15:00,12,6,3,15,15,190,218,MAISON NEUVE,45.4348,2.45109,Plein jour,Hors agglomération,Hors intersection,Normale,Autre collision,,,,,,,,,,,1,1,1,1.0,6
201200003744,0012-08-16 13:45:00,12,8,16,13,45,190,160,LES CARRI?RES,45.5877,1.97005,Plein jour,Hors agglomération,Hors intersection,Normale,Sans collision,,,,,,,,,,,1,1,1,1.0,7
201200003745,0012-08-28 18:45:00,12,8,28,18,45,190,74,LE? PLAFEIX,45.6594,1.82182,Plein jour,Hors agglomération,Hors intersection,Normale,Autre collision,,,,,,,,,,,1,1,1,1.0,6
201200003746,0012-02-29 13:45:00,12,2,29,13,45,230,64,,46.333,2.114,Plein jour,Hors agglomération,Hors intersection,Normale,Sans collision,,,,,,,,,,,1,1,1,1.0,7
201200003747,0012-06-16 08:00:00,12,6,16,8,0,230,112,,,,Crépuscule ou aube,Hors agglomération,Hors intersection,Normale,Autre collision,,,,,,,,,,,2,1,1,1.0,6
201200003748,0012-06-21 20:00:00,12,6,21,20,0,230,112,,,,Plein jour,Hors agglomération,Hors intersection,Normale,Deux véhicules - frontale,,,,,,,,,,,1,1,1,1.0,1
201200003749,0012-08-15 18:30:00,12,8,15,18,30,230,254,,46.302,2.221,Plein jour,Hors agglomération,Hors intersection,Normale,Deux véhicules - côté,,,,,,,,,,,1,1,1,1.0,3
201200003750,0012-11-09 19:00:00,12,11,9,19,0,230,252,Le bourg  RD 2,,,Nuit avec éclairage allumé,En agglomération,Hors intersection,Temps couvert,Autre collision,,,,,,,,,,,5,2,1,8.0,6
201200003751,0012-11-22 18:00:00,12,11,22,18,0,230,254,,,,Nuit sans éclairage public,Hors agglomération,Hors intersection,Autre,Autre collision,,,,,,,,,,,3,1,1,9.0,6
201200003752,0012-04-17 18:00:00,12,4,17,18,0,230,145,,,,Plein jour,Hors agglomération,Hors intersection,Pluie légère,Sans collision,,,,,,,,,,,1,1,1,2.0,7
201200003753,0012-05-11 15:00:00,12,5,11,15,0,230,114,,,,Plein jour,Hors agglomération,Intersection en X,Normale,Deux véhicules - côté,,,,,,,,,,,1,1,2,1.0,3
201200003754,0012-08-30 23:15:00,12,8,30,23,15,230,26,,46.227,2.299,Nuit sans éclairage public,Hors agglomération,Hors intersection,Normale,Trois véhicules et plus - collisions multiples,,,,,,,,,,,3,1,1,1.0,5
201200003755,0012-04-07 19:15:00,12,4,7,19,15,230,176,avenue de la libération,,,Crépuscule ou aube,En agglomération,Hors intersection,Normale,Sans collision,,,,,,,,,,,2,2,1,1.0,7
201200003756,0012-05-07 22:45:00,12,5,7,22,45,230,219,,46.221,1.445,Nuit sans éclairage public,Hors agglomération,Hors intersection,Normale,Autre collision,,,,,,,,,,,3,1,1,1.0,6
201200003757,0012-06-14 17:45:00,12,6,14,17,45,230,235,,,,Plein jour,Hors agglomération,Hors intersection,Normale,Deux véhicules - côté,,,,,,,,,,,1,1,1,1.0,3
201200003758,0012-06-23 14:45:00,12,6,23,14,45,230,176,,46.233,1.51,Plein jour,Hors agglomération,Intersection en T,Normale,Deux véhicules - frontale,,,,,,,,,,,1,1,3,1.0,1
201200003759,0012-08-17 10:45:00,12,8,17,10,45,230,65,Les Soches,46.301,1.638,Plein jour,Hors agglomération,Hors intersection,Normale,Autre collision,,,,,,,,,,,1,1,1,1.0,6
201200003760,0012-11-07 19:45:00,12,11,7,19,45,230,176,RUE FRAN9OIS dURAND,,,Nuit avec éclairage allumé,En agglomération,Hors intersection,Normale,Deux véhicules - frontale,,,,,,,,,,,5,2,1,1.0,1
201200003761,0012-01-20 16:45:00,12,1,20,16,45,230,185,,,,Plein jour,Hors agglomération,Hors intersection,Pluie légère,Autre collision,,,,,,,,,,,1,1,1,2.0,6
201200003762,0012-08-12 13:45:00,12,8,12,13,45,230,20,15 rue Magdelaine,,,Plein jour,En agglomération,Hors intersection,Normale,Autre collision,,,,,,,,,,,1,2,1,1.0,6
201200003763,0012-11-14 15:00:00,12,11,14,15,0,230,8,Avenue de la r?publique,,,Plein jour,En agglomération,Hors intersection,Normale,Autre collision,,,,,,,,,,,1,2,1,1.0,6
201200003764,0012-04-22 06:45:00,12,4,22,6,45,230,13,,46.034,2.521,Plein jour,Hors agglomération,Hors intersection,Normale,Autre collision,,,,,,,,,,,1,1,1,1.0,6
201200003765,0012-09-21 18:30:00,12,9,21,18,30,230,48,,,,Plein jour,Hors agglomération,Hors intersection,Normale,Autre collision,,,,,,,,,,,1,1,1,1.0,6
201200003766,0012-11-16 11:15:00,12,11,16,11,15,230,131,La Vernède,45.505,2.814,Plein jour,En agglomération,Hors intersection,Normale,Deux véhicules - frontale,,,,,,,,,,,1,2,1,1.0,1
201200003767,0012-06-11 15:45:00,12,6,11,15,45,230,63,,45.792,2.148,Plein jour,Hors agglomération,Hors intersection,Temps couvert,Autre collision,,,,,,,,,,,1,1,1,8.0,6
201200003768,0012-06-22 10:30:00,12,6,22,10,30,230,224,,45.729,2.317,Plein jour,Hors agglomération,Intersection en T,Normale,Deux véhicules - côté,,,,,,,,,,,1,1,3,1.0,3
201200003769,0012-03-07 14:45:00,12,3,7,14,45,230,126,,,,Plein jour,Hors agglomération,Intersection en T,Normale,Deux véhicules - côté,,,,,,,,,,,1,1,3,1.0,3
201200003770,0012-04-11 15:10:00,12,4,11,15,10,230,168,la rebeyrolle,,,Plein jour,Hors agglomération,Hors intersection,Pluie légère,Deux véhicules - frontale,,,,,,,,,,,1,1,1,2.0,1
201200003771,0012-04-18 20:00:00,12,4,18,20,0,230,189,,46.023,1.717,Crépuscule ou aube,Hors agglomération,Hors intersection,Temps couvert,Deux véhicules - frontale,,,,,,,,,,,2,1,1,8.0,1
201200003772,0012-05-04 08:30:00,12,5,4,8,30,230,189,sagnat-forêt,46.018,1.783,Plein jour,Hors agglomération,Intersection en X,Normale,Deux véhicules - côté,,,,,,,,,,,1,1,2,1.0,3
201200003773,0012-05-03 10:30:00,12,5,3,10,30,230,189,8 RUE DE VEDRENNE,,,Plein jour,En agglomération,Hors intersection,Normale,Autre collision,,,,,,,,,,,1,2,1,1.0,6
201200003774,0012-07-14 16:30:00,12,7,14,16,30,230,137,Château Gaillard,46.107,1.677,Plein jour,Hors agglomération,Hors intersection,Temps couvert,Autre collision,,,,,,,,,,,1,1,1,8.0,6
201200003775,0012-01-06 09:45:00,12,1,6,9,45,310,567,,,,Plein jour,Hors agglomération,Hors intersection,Normale,Autre collision,,,,,,,,,,,1,1,1,1.0,6
201200003776,0012-03-27 17:30:00,12,3,27,17,30,310,184,,,,Plein jour,Hors agglomération,Intersection en X,Normale,Deux véhicules - frontale,,,,,,,,,,,1,1,2,1.0,1
201200003777,0012-04-14 12:45:00,12,4,14,12,45,310,445,rte de castres/D64,43.58419,1.54937,Plein jour,Hors agglomération,Intersection en T,Normale,Autre collision,,,,,,,,,,,1,1,3,1.0,6
201200003778,0012-07-17 16:30:00,12,7,17,16,30,310,567,,,,Plein jour,Hors agglomération,Hors intersection,Normale,Autre collision,,,,,,,,,,,1,1,1,1.0,6
201200003779,0012-07-27 12:00:00,12,7,27,12,0,310,82,,43.59796,1.6946,Plein jour,Hors agglomération,Hors intersection,Normale,Deux véhicules - frontale,,,,,,,,,,,1,1,1,1.0,1
201200003780,0012-08-11 04:00:00,12,8,11,4,0,310,228,ave platanes/rte argout,43.68502,1.60443,Nuit sans éclairage public,Hors agglomération,Intersection en Y,Normale,Autre collision,,,,,,,,,,,3,1,4,1.0,6
201200003781,0012-08-15 19:00:00,12,8,15,19,0,310,389,,,,Plein jour,En agglomération,Hors intersection,Normale,Deux véhicules - frontale,,,,,,,,,,,1,2,1,1.0,1
201200003782,0012-09-08 22:00:00,12,9,8,22,0,310,445,,,,Nuit sans éclairage public,Hors agglomération,Hors intersection,Normale,Deux véhicules - frontale,,,,,,,,,,,3,1,1,1.0,1
201200003783,0012-09-09 10:00:00,12,9,9,10,0,310,44,avenue gaston doumergue,,,Plein jour,En agglomération,Hors intersection,Normale,Deux véhicules - frontale,,,,,,,,,,,1,2,1,1.0,1
201200003784,0012-09-20 07:00:00,12,9,20,7,0,310,501,,43.64339,1.61268,Crépuscule ou aube,Hors agglomération,Hors intersection,Normale,Autre collision,,,,,,,,,,,2,1,1,1.0,6
201200003785,0012-10-11 14:30:00,12,10,11,14,30,310,29,,43.5258,1.68123,Plein jour,Hors agglomération,Intersection en X,Normale,Deux véhicules - frontale,,,,,,,,,,,1,1,2,1.0,1
201200003786,0012-01-25 10:45:00,12,1,25,10,45,310,113,MAIL DES DROLETS,43.51734,1.50712,Plein jour,En agglomération,Hors intersection,Normale,Autre collision,,,,,,,,,,,1,2,1,1.0,6
201200003787,0012-03-03 19:15:00,12,3,3,19,15,310,48,,43.4613,1.59817,Nuit sans éclairage public,Hors agglomération,Hors intersection,Normale,Deux véhicules - côté,,,,,,,,,,,3,1,1,1.0,3
201200003788,0012-03-25 19:30:00,12,3,25,19,30,310,192,,43.49745,1.62638,Plein jour,Hors agglomération,Hors intersection,Normale,Deux véhicules - frontale,,,,,,,,,,,1,1,1,1.0,1
201200003789,0012-06-05 07:00:00,12,6,5,7,0,310,192,Route de Lanta,,,Plein jour,En agglomération,Hors intersection,Normale,Deux véhicules - frontale,,,,,,,,,,,1,2,1,1.0,1
201200003790,0012-06-25 19:00:00,12,6,25,19,0,310,381,intersection D 813 CD 24,,,Plein jour,En agglomération,Intersection en T,Normale,Deux véhicules - côté,,,,,,,,,,,1,2,3,1.0,3
201200003791,0012-06-27 14:45:00,12,6,27,14,45,310,113,avenue Salettes Manset,43.5216,1.50191,Plein jour,En agglomération,Hors intersection,Normale,Deux véhicules - frontale,,,,,,,,,,,1,2,1,1.0,1
201200003792,0012-06-28 18:15:00,12,6,28,18,15,310,35,CD 957C,,,Plein jour,En agglomération,Autre intersection,Normale,Deux véhicules - frontale,,,,,,,,,,,1,2,9,1.0,1
201200003793,0012-07-10 05:45:00,12,7,10,5,45,310,4,chemin de ticaille,43.4468,1.59827,Crépuscule ou aube,En agglomération,Hors intersection,Normale,Autre collision,,,,,,,,,,,2,2,1,1.0,6
201200003794,0012-10-29 16:15:00,12,10,29,16,15,310,113,avenue de Toulouse,43.52056,1.49612,Plein jour,En agglomération,Hors intersection,Normale,Deux véhicules - côté,,,,,,,,,,,1,2,1,1.0,3
201200003795,0012-11-10 11:15:00,12,11,10,11,15,310,58,,,,Plein jour,Hors agglomération,Intersection en T,Normale,Deux véhicules - côté,,,,,,,,,,,1,1,3,1.0,3
201200003796,0012-01-04 09:15:00,12,1,4,9,15,310,118,chemin des bordes,43.78138,1.37261,Nuit sans éclairage public,En agglomération,Hors intersection,Normale,Deux véhicules - arrière,,,,,,,,,,,3,2,1,1.0,2
201200003797,0012-03-24 14:00:00,12,3,24,14,0,310,579,,,,Plein jour,Hors agglomération,Hors intersection,Temps éblouissant,Deux véhicules - frontale,,,,,,,,,,,1,1,1,7.0,1
201200003798,0012-05-16 11:30:00,12,5,16,11,30,310,584,allée charles de gaulle,43.85743,1.51185,Plein jour,Hors agglomération,Hors intersection,Normale,Autre collision,,,,,,,,,,,1,1,1,1.0,6
201200003799,0012-05-16 18:30:00,12,5,16,18,30,310,587,1504 rte de villemur,43.79368,1.45113,Plein jour,Hors agglomération,Hors intersection,Normale,Deux véhicules - frontale,,,,,,,,,,,1,1,1,1.0,1
201200003800,0012-05-24 15:15:00,12,5,24,15,15,310,584,,,,Plein jour,Hors agglomération,Hors intersection,Normale,Deux véhicules - côté,,,,,,,,,,,1,1,1,1.0,3
201200003801,0012-05-26 17:30:00,12,5,26,17,30,310,563,chemin des sudres,43.79202,1.49613,Plein jour,En agglomération,Hors intersection,Normale,Deux véhicules - frontale,,,,,,,,,,,1,2,1,1.0,1
201200003802,0012-06-15 18:45:00,12,6,15,18,45,310,118,,43.7847,1.32557,Crépuscule ou aube,Hors agglomération,Hors intersection,Normale,Deux véhicules - arrière,,,,,,,,,,,2,1,1,1.0,2
201200003803,0012-06-30 18:30:00,12,6,30,18,30,310,584,,,,Plein jour,Hors agglomération,Hors intersection,Normale,Trois véhicules et plus - en chaîne,,,,,,,,,,,1,1,1,1.0,4
201200003804,0012-07-03 18:30:00,12,7,3,18,30,310,587,,,,Plein jour,Hors agglomération,Hors intersection,Normale,Deux véhicules - côté,,,,,,,,,,,1,1,1,1.0,3
201200003805,0012-10-10 18:30:00,12,10,10,18,30,310,579,,,,Plein jour,Hors agglomération,Intersection en X,Normale,Deux véhicules - côté,,,,,,,,,,,1,1,2,1.0,3
201200003806,0012-10-20 01:15:00,12,10,20,1,15,310,202,,,,Nuit sans éclairage public,Hors agglomération,Hors intersection,Pluie légère,Autre collision,,,,,,,,,,,3,1,1,2.0,6
201200003807,0012-10-26 21:00:00,12,10,26,21,0,310,202,45 avenue de TOULOUSE,43.82743,1.39448,Nuit avec éclairage allumé,En agglomération,Hors intersection,Pluie légère,Sans collision,,,,,,,,,,,5,2,1,2.0,7
201200003808,0012-10-31 17:00:00,12,10,31,17,0,310,118,,,,Plein jour,Hors agglomération,Hors intersection,Temps éblouissant,Deux véhicules - côté,,,,,,,,,,,1,1,1,7.0,3
201200003809,0012-11-06 18:45:00,12,11,6,18,45,310,79,"29, Rue Jean Jaurès",43.77809,1.40571,Nuit avec éclairage allumé,En agglomération,Hors intersection,Pluie légère,Autre collision,,,,,,,,,,,5,2,1,2.0,6
201200003810,0012-11-19 15:45:00,12,11,19,15,45,310,232,,,,Plein jour,Hors agglomération,Hors intersection,Normale,Autre collision,,,,,,,,,,,1,1,1,1.0,6
201200003811,0012-11-19 17:15:00,12,11,19,17,15,310,361,,,,Plein jour,Hors agglomération,Hors intersection,Normale,Deux véhicules - côté,,,,,,,,,,,1,1,1,1.0,3
201200003812,0012-11-24 20:00:00,12,11,24,20,0,310,118,,,,Nuit sans éclairage public,Hors agglomération,Hors intersection,Normale,Autre collision,,,,,,,,,,,3,1,1,1.0,6
201200003813,0012-12-29 18:15:00,12,12,29,18,15,310,587,,,,Crépuscule ou aube,Hors agglomération,Intersection en X,Pluie légère,Deux véhicules - côté,,,,,,,,,,,2,1,2,2.0,3
201200003814,0012-02-24 21:00:00,12,2,24,21,0,310,341,1913 rte d'aussonne,43.5401,1.50596,Nuit sans éclairage public,Hors agglomération,Hors intersection,Normale,Autre collision,,,,,,,,,,,3,1,1,1.0,6
201200003815,0012-05-13 13:00:00,12,5,13,13,0,310,89,,,,Plein jour,Hors agglomération,Intersection en X,Normale,Deux véhicules - côté,,,,,,,,,,,1,1,2,1.0,3
201200003816,0012-06-10 06:45:00,12,6,10,6,45,310,160,,43.6755,1.27368,Crépuscule ou aube,Hors agglomération,Hors intersection,Pluie légère,Deux véhicules - frontale,,,,,,,,,,,2,1,1,2.0,1
201200003817,0012-06-15 20:45:00,12,6,15,20,45,310,553,,,,Plein jour,Hors agglomération,Intersection en X,Normale,Deux véhicules - côté,,,,,,,,,,,1,1,2,1.0,3
201200003818,0012-06-21 08:00:00,12,6,21,8,0,310,160,,,,Plein jour,Hors agglomération,Hors intersection,Normale,Deux véhicules - côté,,,,,,,,,,,1,1,1,1.0,3
201200003819,0012-06-27 17:00:00,12,6,27,17,0,310,98,Rue du Bicentenaire,43.72675,1.04719,Plein jour,En agglomération,Hors intersection,Normale,Autre collision,,,,,,,,,,,1,2,1,1.0,6
201200003820,0012-06-29 14:15:00,12,6,29,14,15,310,553,,,,Plein jour,Hors agglomération,Intersection en X,Normale,Deux véhicules - côté,,,,,,,,,,,1,1,2,1.0,3
201200003821,0012-08-26 06:45:00,12,8,26,6,45,310,341,route des platanes,43.71832,1.30933,Crépuscule ou aube,Hors agglomération,Hors intersection,Normale,Autre collision,,,,,,,,,,,2,1,1,1.0,6
201200003822,0012-09-03 07:15:00,12,9,3,7,15,310,341,,,,Plein jour,Hors agglomération,Hors intersection,Normale,Deux véhicules - côté,,,,,,,,,,,1,1,1,1.0,3
201200003823,0012-10-08 18:15:00,12,10,8,18,15,310,232,intersection D29A - D29,,,Plein jour,En agglomération,Giratoire,Normale,Deux véhicules - côté,,,,,,,,,,,1,2,6,1.0,3
201200003824,0012-10-14 17:15:00,12,10,14,17,15,310,281,,,,Plein jour,Hors agglomération,Hors intersection,Pluie légère,Autre collision,,,,,,,,,,,1,1,1,2.0,6
201200003825,0012-10-17 18:45:00,12,10,17,18,45,310,126,,43.7142,1.08327,Crépuscule ou aube,Hors agglomération,Hors intersection,Normale,Autre collision,,,,,,,,,,,2,1,1,1.0,6