accident_id,datetime,annee,mois,jour,heure,minute,departement,commune_insee,adresse,latitude,longitude,luminosite,agglomeration,intersection,meteo,collision,nb_vehicules,nb_usagers,nb_indemnes,nb_tues,nb_blesses_hosp,nb_blesses_legers,age_cond_1,age_cond_2,veh_type_cond_1,veh_type_cond_2,lum_code,agg_code,int_code,atm_code,col_code
201200003826,0012-10-19 14:15:00,12,10,19,14,15,310,592,,,,Plein jour,Hors agglomération,Hors intersection,Vent fort / tempête,Autre collision,,,,,,,,,,,1,1,1,6.0,6
201200003827,0012-10-21 15:30:00,12,10,21,15,30,310,232,,,,Plein jour,Hors agglomération,Hors intersection,Temps couvert,Sans collision,,,,,,,,,,,1,1,1,8.0,7
201200003828,0012-10-22 09:00:00,12,10,22,9,0,310,232,,,,Plein jour,Hors agglomération,Hors intersection,Normale,Autre collision,,,,,,,,,,,1,1,1,1.0,6
201200003829,0012-10-23 16:15:00,12,10,23,16,15,310,341,,,,Plein jour,Hors agglomération,Hors intersection,Normale,Autre collision,,,,,,,,,,,1,1,1,1.0,6
201200003830,0012-11-02 11:30:00,12,11,2,11,30,310,232,,,,Plein jour,Hors agglomération,Intersection en Y,Normale,Deux véhicules - côté,,,,,,,,,,,1,1,4,1.0,3
201200003831,0012-12-12 17:00:00,12,12,12,17,0,310,232,Allée Alsace Lorraine,,,Plein jour,En agglomération,Hors intersection,Normale,Deux véhicules - arrière,,,,,,,,,,,1,2,1,1.0,2
201200003832,0012-12-30 09:30:00,12,12,30,9,30,310,232,,43.7549,1.34801,Plein jour,Hors agglomération,Hors intersection,Temps éblouissant,Deux véhicules - arrière,,,,,,,,,,,1,1,1,7.0,2
201200003833,0012-01-28 04:30:00,12,1,28,4,30,310,291,avenue de bouconne,43.61337,1.20562,Nuit sans éclairage public,Hors agglomération,Hors intersection,Temps couvert,Deux véhicules - frontale,,,,,,,,,,,3,1,1,8.0,1
201200003834,0012-04-16 17:45:00,12,4,16,17,45,310,417,,,,Plein jour,Hors agglomération,Hors intersection,Vent fort / tempête,Sans collision,,,,,,,,,,,1,1,1,6.0,7
201200003835,0012-05-08 02:15:00,12,5,8,2,15,310,291,,,,Nuit sans éclairage public,Hors agglomération,Hors intersection,Normale,Deux véhicules - arrière,,,,,,,,,,,3,1,1,1.0,2
201200003836,0012-06-30 16:00:00,12,6,30,16,0,310,297,,,,Plein jour,Hors agglomération,Hors intersection,Normale,Deux véhicules - frontale,,,,,,,,,,,1,1,1,1.0,1
201200003837,0012-03-10 10:00:00,12,3,10,10,0,310,420,83 RUE D ANDORRE,43.50719,1.39053,Plein jour,En agglomération,Hors intersection,Normale,Autre collision,,,,,,,,,,,1,2,1,1.0,6
201200003838,0012-06-14 17:30:00,12,6,14,17,30,310,458,,43.4993,1.35224,Plein jour,Hors agglomération,Hors intersection,Normale,Deux véhicules - arrière,,,,,,,,,,,1,1,1,1.0,2
201200003839,0012-10-04 14:15:00,12,10,4,14,15,310,458,,43.5088,1.34409,Plein jour,Hors agglomération,Hors intersection,Normale,Deux véhicules - arrière,,,,,,,,,,,1,1,1,1.0,2
201200003840,0012-11-16 10:45:00,12,11,16,10,45,310,460,6 AVENUE VINCENT AURIOL,,,Plein jour,En agglomération,Hors intersection,Normale,Autre collision,,,,,,,,,,,1,2,1,1.0,6
201200003841,0012-12-04 17:45:00,12,12,4,17,45,310,433,,43.5379,1.3691,Nuit sans éclairage public,Hors agglomération,Hors intersection,Pluie légère,Deux véhicules - côté,,,,,,,,,,,3,1,1,2.0,3
201200003842,0012-03-11 18:15:00,12,3,11,18,15,310,490,,,,Plein jour,Hors agglomération,Hors intersection,Normale,Deux véhicules - côté,,,,,,,,,,,1,1,1,1.0,3
201200003843,0012-03-14 19:30:00,12,3,14,19,30,310,205,rue de l'OUSTALET,,,Nuit avec éclairage allumé,En agglomération,Hors intersection,Normale,Deux véhicules - côté,,,,,,,,,,,5,2,1,1.0,3
201200003844,0012-06-14 08:00:00,12,6,14,8,0,310,252,route de cépet.,43.73581,1.46254,Plein jour,Hors agglomération,Intersection en T,Normale,Deux véhicules - côté,,,,,,,,,,,1,1,3,1.0,3
201200003845,0012-08-07 18:30:00,12,8,7,18,30,310,490,18 rte de Paris,43.74262,1.36952,Plein jour,En agglomération,Hors intersection,Normale,Deux véhicules - côté,,,,,,,,,,,1,2,1,1.0,3
201200003846,0012-10-19 18:45:00,12,10,19,18,45,310,293,RD 820,,,Crépuscule ou aube,En agglomération,Hors intersection,Pluie légère,Trois véhicules et plus - en chaîne,,,,,,,,,,,2,2,1,2.0,4
201200003847,0012-10-26 08:15:00,12,10,26,8,15,310,182,,,,Plein jour,Hors agglomération,Hors intersection,Pluie forte,Deux véhicules - côté,,,,,,,,,,,1,1,1,3.0,3
201200003848,0012-12-18 17:00:00,12,12,18,17,0,310,490,9 chemin du tucol,43.74764,1.36994,Plein jour,En agglomération,Hors intersection,Normale,Autre collision,,,,,,,,,,,1,2,1,1.0,6
201200003849,0012-12-24 20:30:00,12,12,24,20,30,310,136,,,,Nuit sans éclairage public,Hors agglomération,Hors intersection,Normale,Deux véhicules - côté,,,,,,,,,,,3,1,1,1.0,3
201200003850,0012-04-14 19:30:00,12,4,14,19,30,310,273,rte cépet/rte du girou,43.71605,1.51542,Plein jour,Hors agglomération,Intersection en X,Normale,Deux véhicules - côté,,,,,,,,,,,1,1,2,1.0,3
201200003851,0012-04-26 18:30:00,12,4,26,18,30,310,66,,,,Plein jour,Hors agglomération,Hors intersection,Normale,Deux véhicules - arrière,,,,,,,,,,,1,1,1,1.0,2
201200003852,0012-05-31 07:30:00,12,5,31,7,30,310,358,RD888,,,Plein jour,En agglomération,Hors intersection,Normale,Deux véhicules - côté,,,,,,,,,,,1,2,1,1.0,3
201200003853,0012-08-03 15:15:00,12,8,3,15,15,310,561,75 Avenue de Toulouse,43.66002,1.48924,Plein jour,En agglomération,Hors intersection,Normale,Deux véhicules - côté,,,,,,,,,,,1,2,1,1.0,3
201200003854,0012-08-27 19:45:00,12,8,27,19,45,310,66,"15, Rue  Grand Pastellie",43.80016,1.60628,Crépuscule ou aube,En agglomération,Hors intersection,Temps éblouissant,Autre collision,,,,,,,,,,,2,2,1,7.0,6
201200003855,0012-09-21 19:15:00,12,9,21,19,15,310,117,,,,Plein jour,Hors agglomération,Hors intersection,Normale,Deux véhicules - côté,,,,,,,,,,,1,1,1,1.0,3
201200003856,0012-11-04 00:45:00,12,11,4,0,45,310,94,parc activités ALCROS,43.77895,1.63293,Nuit sans éclairage public,En agglomération,Hors intersection,Normale,Deux véhicules - côté,,,,,,,,,,,3,2,1,1.0,3
201200003857,0012-01-15 01:00:00,12,1,15,1,0,310,299,route de lavernose,43.42421,1.2251,Nuit avec éclairage allumé,Hors agglomération,Hors intersection,Normale,Sans collision,,,,,,,,,,,5,1,1,1.0,7
201200003858,0012-01-15 12:45:00,12,1,15,12,45,310,165,Route de villate,43.42908,1.36015,Plein jour,En agglomération,Hors intersection,Normale,Deux véhicules - côté,,,,,,,,,,,1,2,1,1.0,3
201200003859,0012-03-23 07:15:00,12,3,23,7,15,310,181,,43.3975,1.28945,Crépuscule ou aube,Hors agglomération,Hors intersection,Brouillard / fumée,Deux véhicules - frontale,,,,,,,,,,,2,1,1,5.0,1
201200003860,0012-03-30 12:30:00,12,3,30,12,30,310,395,,43.44,1.345,Plein jour,Hors agglomération,Intersection en T,Normale,Trois véhicules et plus - collisions multiples,,,,,,,,,,,1,1,3,1.0,5
201200003861,0012-04-28 14:30:00,12,4,28,14,30,310,263,,43.412,1.38804,Plein jour,Hors agglomération,Hors intersection,Normale,Trois véhicules et plus - collisions multiples,,,,,,,,,,,1,1,1,1.0,5
201200003862,0012-10-17 07:15:00,12,10,17,7,15,310,421,,,,Crépuscule ou aube,Hors agglomération,Hors intersection,Normale,Trois véhicules et plus - en chaîne,,,,,,,,,,,2,1,1,1.0,4
201200003863,0012-01-14 16:45:00,12,1,14,16,45,310,33,,,,Plein jour,Hors agglomération,Hors intersection,Temps couvert,Autre collision,,,,,,,,,,,1,1,1,8.0,6
201200003864,0012-06-03 06:00:00,12,6,3,6,0,310,206,2 côte du grillet,43.25483,1.48106,Crépuscule ou aube,Hors agglomération,Hors intersection,Pluie légère,Autre collision,,,,,,,,,,,2,1,1,2.0,6
201200003865,0012-06-26 09:30:00,12,6,26,9,30,310,396,,,,Plein jour,Hors agglomération,Intersection en T,Normale,Deux véhicules - côté,,,,,,,,,,,1,1,3,1.0,3
201200003866,0012-07-12 21:00:00,12,7,12,21,0,310,100,,,,Plein jour,Hors agglomération,Hors intersection,Normale,Autre collision,,,,,,,,,,,1,1,1,1.0,6
201200003867,0012-08-03 19:30:00,12,8,3,19,30,310,145,,,,Plein jour,Hors agglomération,Hors intersection,Normale,Autre collision,,,,,,,,,,,1,1,1,1.0,6
201200003868,0012-08-04 19:00:00,12,8,4,19,0,310,396,Av Francois Miterrand,43.35926,1.63668,Plein jour,En agglomération,Hors intersection,Normale,Deux véhicules - frontale,,,,,,,,,,,1,2,1,1.0,1
201200003869,0012-08-24 20:45:00,12,8,24,20,45,310,345,,,,Crépuscule ou aube,Hors agglomération,Hors intersection,Normale,Autre collision,,,,,,,,,,,2,1,1,1.0,6
201200003870,0012-08-23 13:30:00,12,8,23,13,30,310,546,,,,Plein jour,Hors agglomération,Hors intersection,Normale,Autre collision,,,,,,,,,,,1,1,1,1.0,6
201200003871,0012-11-08 23:30:00,12,11,8,23,30,310,345,,43.3586,1.39939,Nuit sans éclairage public,Hors agglomération,Hors intersection,Pluie légère,Sans collision,,,,,,,,,,,3,1,1,2.0,7
201200003872,0012-11-16 16:00:00,12,11,16,16,0,310,33,,,,Plein jour,Hors agglomération,Hors intersection,Normale,Trois véhicules et plus - collisions multiples,,,,,,,,,,,1,1,1,1.0,5
201200003873,0012-11-21 18:00:00,12,11,21,18,0,310,33,RD40 - Rte de Mauressac,43.34047,1.46331,Nuit avec éclairage allumé,En agglomération,Hors intersection,Normale,Deux véhicules - côté,,,,,,,,,,,5,2,1,1.0,3
201200003874,0012-12-15 15:00:00,12,12,15,15,0,310,233,,,,Plein jour,Hors agglomération,Hors intersection,Normale,Autre collision,,,,,,,,,,,1,1,1,1.0,6
201200003875,0012-01-04 21:30:00,12,1,4,21,30,310,107,route de cazères,43.28317,1.19649,Nuit sans éclairage public,Hors agglomération,Hors intersection,Normale,Autre collision,,,,,,,,,,,3,1,1,1.0,6
201200003876,0012-03-20 07:15:00,12,3,20,7,15,310,107,23 rue Etienne Projean,43.29871,1.22681,Plein jour,En agglomération,Hors intersection,Normale,Deux véhicules - arrière,,,,,,,,,,,1,2,1,1.0,2
201200003877,0012-05-13 08:45:00,12,5,13,8,45,310,361,,,,Plein jour,Hors agglomération,Hors intersection,Normale,Autre collision,,,,,,,,,,,1,1,1,1.0,6
201200003878,0012-06-20 16:30:00,12,6,20,16,30,310,361,,43.35051,1.32539,Plein jour,Hors agglomération,Hors intersection,Temps éblouissant,Deux véhicules - côté,,,,,,,,,,,1,1,1,7.0,3
201200003879,0012-06-19 11:45:00,12,6,19,11,45,310,375,Place de la mairie,43.20643,1.22842,Plein jour,En agglomération,Hors intersection,Normale,Deux véhicules - côté,,,,,,,,,,,1,2,1,1.0,3
201200003880,0012-09-27 18:00:00,12,9,27,18,0,310,517,1 rue de brazii,43.33121,1.31816,Plein jour,En agglomération,Hors intersection,Normale,Deux véhicules - côté,,,,,,,,,,,1,2,1,1.0,3
201200003881,0012-02-28 16:00:00,12,2,28,16,0,310,135,11 AVENUE Jean JAURES,,,Plein jour,En agglomération,Hors intersection,Normale,Autre collision,,,,,,,,,,,1,2,1,1.0,6
201200003882,0012-04-03 18:15:00,12,4,3,18,15,310,84,D817,43.174,0.96634,Plein jour,En agglomération,Hors intersection,Pluie légère,Deux véhicules - côté,,,,,,,,,,,1,2,1,2.0,3
201200003883,0012-06-05 14:00:00,12,6,5,14,0,310,324,Place Général de GAULLE,,,Plein jour,En agglomération,Hors intersection,Normale,Deux véhicules - côté,,,,,,,,,,,1,2,1,1.0,3
201200003884,0012-06-14 07:00:00,12,6,14,7,0,310,193,,43.2933,1.05431,Plein jour,Hors agglomération,Hors intersection,Normale,Deux véhicules - frontale,,,,,,,,,,,1,1,1,1.0,1
201200003885,0012-08-11 15:30:00,12,8,11,15,30,310,425,rd6,,,Plein jour,En agglomération,Hors intersection,Temps éblouissant,Autre collision,,,,,,,,,,,1,2,1,7.0,6
201200003886,0012-12-14 18:45:00,12,12,14,18,45,310,324,,43.194,0.989,Nuit avec éclairage allumé,Hors agglomération,Hors intersection,Temps couvert,Autre collision,,,,,,,,,,,5,1,1,8.0,6
201200003887,0012-01-17 21:00:00,12,1,17,21,0,310,526,19 avenue de gascogne,43.57655,1.2626,Nuit avec éclairage allumé,En agglomération,Hors intersection,Normale,Deux véhicules - côté,,,,,,,,,,,5,2,1,1.0,3
201200003888,0012-02-04 17:00:00,12,2,4,17,0,310,526,Avenue Sainte Germaine,43.5794,1.26744,Plein jour,En agglomération,Hors intersection,Normale,Sans collision,,,,,,,,,,,1,2,1,1.0,7
201200003889,0012-02-14 11:00:00,12,2,14,11,0,310,188,,,,Plein jour,Hors agglomération,Hors intersection,Normale,Autre collision,,,,,,,,,,,1,1,1,1.0,6
201200003890,0012-02-23 19:30:00,12,2,23,19,30,310,424,,,,Nuit avec éclairage allumé,Hors agglomération,Hors intersection,Normale,Sans collision,,,,,,,,,,,5,1,1,1.0,7
201200003891,0012-04-19 14:00:00,12,4,19,14,0,310,424,Rue du 11 novembre 1918,43.56895,1.28837,Plein jour,En agglomération,Hors intersection,Pluie légère,Autre collision,,,,,,,,,,,1,2,1,2.0,6
201200003892,0012-06-05 20:45:00,12,6,5,20,45,310,499,D53/ave des pyrénées,43.51175,1.17418,Plein jour,Hors agglomération,Intersection en T,Normale,Deux véhicules - côté,,,,,,,,,,,1,1,3,1.0,3
201200003893,0012-06-16 19:30:00,12,6,16,19,30,310,424,,,,Plein jour,Hors agglomération,Hors intersection,Normale,Deux véhicules - frontale,,,,,,,,,,,1,1,1,1.0,1
201200003894,0012-06-15 20:00:00,12,6,15,20,0,310,187,,,,Plein jour,Hors agglomération,Hors intersection,Normale,Deux véhicules - côté,,,,,,,,,,,1,1,1,1.0,3
201200003895,0012-07-12 16:00:00,12,7,12,16,0,310,499,rue du languedoc,43.51378,1.17692,Plein jour,En agglomération,Giratoire,Normale,Autre collision,,,,,,,,,,,1,2,6,1.0,6
201200003896,0012-07-19 08:30:00,12,7,19,8,30,310,424,route de colomiers,43.59353,1.28596,Plein jour,Hors agglomération,Hors intersection,Normale,Deux véhicules - frontale,,,,,,,,,,,1,1,1,1.0,1
201200003897,0012-08-11 17:15:00,12,8,11,17,15,310,424,Avenue des Pyrenees,,,Plein jour,En agglomération,Intersection en X,Normale,Deux véhicules - côté,,,,,,,,,,,1,2,2,1.0,3
201200003898,0012-08-20 12:00:00,12,8,20,12,0,310,499,route de Muret,,,Plein jour,En agglomération,Hors intersection,Normale,Autre collision,,,,,,,,,,,1,2,1,1.0,6
201200003899,0012-08-28 12:30:00,12,8,28,12,30,310,187,3124 route de tarbes,,,Plein jour,En agglomération,Hors intersection,Normale,Trois véhicules et plus - collisions multiples,,,,,,,,,,,1,2,1,1.0,5
201200003900,0012-09-15 23:30:00,12,9,15,23,30,310,526,AVENUE DE GASCOGNE,43.57655,1.26183,Nuit avec éclairage allumé,En agglomération,Hors intersection,Normale,Sans collision,,,,,,,,,,,5,2,1,1.0,7
201200003901,0012-11-05 15:15:00,12,11,5,15,15,310,424,,,,Plein jour,Hors agglomération,Hors intersection,Normale,Deux véhicules - frontale,,,,,,,,,,,1,1,1,1.0,1
201200003902,0012-11-12 17:00:00,12,11,12,17,0,310,499,,,,Plein jour,Hors agglomération,Intersection en X,Normale,Deux véhicules - côté,,,,,,,,,,,1,1,2,1.0,3
201200003903,0012-11-12 18:30:00,12,11,12,18,30,310,188,,,,Nuit sans éclairage public,Hors agglomération,Hors intersection,Normale,Trois véhicules et plus - collisions multiples,,,,,,,,,,,3,1,1,1.0,5
201200003904,0012-01-08 01:45:00,12,1,8,1,45,310,585,cote de fine,43.12174,0.65948,Nuit sans éclairage public,En agglomération,Hors intersection,Normale,Autre collision,,,,,,,,,,,3,2,1,1.0,6
201200003905,0012-01-05 17:45:00,12,1,5,17,45,310,247,avenue marechal foch,,,Crépuscule ou aube,En agglomération,Hors intersection,Normale,Autre collision,,,,,,,,,,,2,2,1,1.0,6
201200003906,0012-01-09 17:45:00,12,1,9,17,45,310,542,,43.05317,0.59169,Crépuscule ou aube,Hors agglomération,Hors intersection,Normale,Deux véhicules - frontale,,,,,,,,,,,2,1,1,1.0,1
201200003907,0012-01-16 19:30:00,12,1,16,19,30,310,41,,42.9765,0.62589,Nuit sans éclairage public,Hors agglomération,Hors intersection,Normale,Deux véhicules - frontale,,,,,,,,,,,3,1,1,1.0,1
201200003908,0012-02-02 07:45:00,12,2,2,7,45,310,585,chemin de la chapelle,43.11714,0.68078,Crépuscule ou aube,Hors agglomération,Hors intersection,Neige / grêle,Deux véhicules - frontale,,,,,,,,,,,2,1,1,4.0,1
201200003909,0012-02-20 19:15:00,12,2,20,19,15,310,430,,,,Nuit sans éclairage public,Hors agglomération,Hors intersection,Normale,Deux véhicules - côté,,,,,,,,,,,3,1,1,1.0,3
201200003910,0012-02-26 19:45:00,12,2,26,19,45,310,247,rte bazert/ave de valmy,43.08572,0.66054,Nuit sans éclairage public,Hors agglomération,Intersection en X,Normale,Deux véhicules - côté,,,,,,,,,,,3,1,2,1.0,3
201200003911,0012-03-01 20:30:00,12,3,1,20,30,310,390,18 avenue de luchon,43.08407,0.57458,Nuit sans éclairage public,En agglomération,Hors intersection,Normale,Autre collision,,,,,,,,,,,3,2,1,1.0,6
201200003912,0012-04-06 22:00:00,12,4,6,22,0,310,585,,,,Nuit sans éclairage public,Hors agglomération,Hors intersection,Temps couvert,Autre collision,,,,,,,,,,,3,1,1,8.0,6
201200003913,0012-04-24 19:45:00,12,4,24,19,45,310,308,,,,Plein jour,Hors agglomération,Hors intersection,Normale,Sans collision,,,,,,,,,,,1,1,1,1.0,7
201200003914,0012-04-29 05:30:00,12,4,29,5,30,310,483,,43.1003,0.70737,Nuit sans éclairage public,Hors agglomération,Hors intersection,Normale,Autre collision,,,,,,,,,,,3,1,1,1.0,6
201200003915,0012-05-07 22:15:00,12,5,7,22,15,310,405,,42.981,0.657,Nuit sans éclairage public,Hors agglomération,Hors intersection,Normale,Autre collision,,,,,,,,,,,3,1,1,1.0,6
201200003916,0012-05-21 17:45:00,12,5,21,17,45,310,238,rue du.Bout des Rives,,,Plein jour,En agglomération,Hors intersection,Pluie forte,Sans collision,,,,,,,,,,,1,2,1,3.0,7
201200003917,0012-06-25 08:45:00,12,6,25,8,45,310,45,grand rue ST-MICHEL,,,Plein jour,En agglomération,Hors intersection,Normale,Sans collision,,,,,,,,,,,1,2,1,1.0,7
201200003918,0012-06-30 19:45:00,12,6,30,19,45,310,502,,,,Plein jour,Hors agglomération,Hors intersection,Normale,Sans collision,,,,,,,,,,,1,1,1,1.0,7
201200003919,0012-07-21 13:45:00,12,7,21,13,45,310,246,,43.109,0.849,Plein jour,Hors agglomération,Hors intersection,Normale,Sans collision,,,,,,,,,,,1,1,1,1.0,7
201200003920,0012-08-10 16:00:00,12,8,10,16,0,310,130,,43.17439,0.51232,Plein jour,Hors agglomération,Hors intersection,Temps éblouissant,Sans collision,,,,,,,,,,,1,1,1,7.0,7
201200003921,0012-08-12 16:15:00,12,8,12,16,15,310,323,avenue de luchon,43.08304,0.65243,Plein jour,En agglomération,Hors intersection,Normale,Deux véhicules - frontale,,,,,,,,,,,1,2,1,1.0,1
201200003922,0012-08-29 11:45:00,12,8,29,11,45,310,536,,43.171,0.747,Plein jour,Hors agglomération,Hors intersection,Temps couvert,Autre collision,,,,,,,,,,,1,1,1,8.0,6
201200003923,0012-10-03 16:30:00,12,10,3,16,30,310,147,,,,Plein jour,Hors agglomération,Hors intersection,Normale,Deux véhicules - frontale,,,,,,,,,,,1,1,1,1.0,1
201200003924,0012-10-27 21:00:00,12,10,27,21,0,310,247,,,,Nuit sans éclairage public,Hors agglomération,Hors intersection,Normale,Trois véhicules et plus - collisions multiples,,,,,,,,,,,3,1,1,1.0,5
201200003925,0012-12-25 08:00:00,12,12,25,8,0,310,585,,43.115,0.667,Plein jour,Hors agglomération,Hors intersection,Normale,Autre collision,,,,,,,,,,,1,1,1,1.0,6
201200003926,0012-01-06 13:30:00,12,1,6,13,30,310,42,rue cl?ment ader,42.804,0.597,Plein jour,En agglomération,Hors intersection,Normale,Deux véhicules - côté,,,,,,,,,,,1,2,1,1.0,3
201200003927,0012-04-16 21:45:00,12,4,16,21,45,310,42,avenue du mar?chal foch,42.795,0.592,Nuit avec éclairage allumé,En agglomération,Hors intersection,Normale,Autre collision,,,,,,,,,,,5,2,1,1.0,6
201200003928,0012-06-25 16:30:00,12,6,25,16,30,310,221,,,,Plein jour,Hors agglomération,Hors intersection,Normale,Deux véhicules - frontale,,,,,,,,,,,1,1,1,1.0,1
201200003929,0012-07-13 16:30:00,12,7,13,16,30,310,129,,,,Plein jour,Hors agglomération,Hors intersection,Normale,Trois véhicules et plus - collisions multiples,,,,,,,,,,,1,1,1,1.0,5
201200003930,0012-08-26 09:45:00,12,8,26,9,45,310,471,RN 125,42.9054,0.69183,Plein jour,En agglomération,Hors intersection,Normale,Deux véhicules - côté,,,,,,,,,,,1,2,1,1.0,3
201200003931,0012-09-11 14:00:00,12,9,11,14,0,310,81,,42.8579,0.50288,Plein jour,Hors agglomération,Hors intersection,Normale,Autre collision,,,,,,,,,,,1,1,1,1.0,6
201200003932,0012-10-11 12:00:00,12,10,11,12,0,310,42,bd de gaulle/rue fleming,,,Plein jour,En agglomération,Intersection en X,Pluie légère,Deux véhicules - côté,,,,,,,,,,,1,2,2,2.0,3
201200003933,0012-01-07 04:45:00,12,1,7,4,45,310,307,,43.3332,0.69668,Nuit sans éclairage public,Hors agglomération,Hors intersection,Normale,Autre collision,,,,,,,,,,,3,1,1,1.0,6
201200003934,0012-02-25 16:15:00,12,2,25,16,15,310,8,,,,Plein jour,Hors agglomération,Autre intersection,Normale,Deux véhicules - frontale,,,,,,,,,,,1,1,9,1.0,1
201200003935,0012-03-09 11:45:00,12,3,9,11,45,310,239,,,,Plein jour,Hors agglomération,Hors intersection,Normale,Sans collision,,,,,,,,,,,1,1,1,1.0,7
201200003936,0012-04-11 00:15:00,12,4,11,0,15,310,239,,,,Nuit sans éclairage public,Hors agglomération,Hors intersection,Normale,Autre collision,,,,,,,,,,,3,1,1,1.0,6
201200003937,0012-04-19 07:15:00,12,4,19,7,15,310,70,,,,Plein jour,Hors agglomération,Hors intersection,Normale,Sans collision,,,,,,,,,,,1,1,1,1.0,7
201200003938,0012-06-17 05:45:00,12,6,17,5,45,310,443,,,,Crépuscule ou aube,Hors agglomération,Hors intersection,Normale,Autre collision,,,,,,,,,,,2,1,1,1.0,6
201200003939,0012-10-13 11:15:00,12,10,13,11,15,310,8,,,,Plein jour,Hors agglomération,Hors intersection,Normale,Sans collision,,,,,,,,,,,1,1,1,1.0,7
201200003940,0012-12-25 18:15:00,12,12,25,18,15,310,80,Route de St GAUDENS,43.28919,0.65336,Nuit avec éclairage non allumé,En agglomération,Hors intersection,Normale,Deux véhicules - arrière,,,,,,,,,,,4,2,1,1.0,2
201200003941,0012-02-07 15:45:00,12,2,7,15,45,310,523,chemin d' Espancousses,43.09425,0.97235,Plein jour,En agglomération,Autre intersection,Normale,Autre collision,,,,,,,,,,,1,2,9,1.0,6
201200003942,0012-03-14 11:00:00,12,3,14,11,0,310,457,D 62,,,Plein jour,En agglomération,Hors intersection,Normale,Deux véhicules - arrière,,,,,,,,,,,1,2,1,1.0,2
201200003943,0012-07-16 17:45:00,12,7,16,17,45,310,315,avenue du Couseran,,,Plein jour,En agglomération,Hors intersection,Normale,Deux véhicules - frontale,,,,,,,,,,,1,2,1,1.0,1
201200003944,0012-02-01 12:30:00,12,2,1,12,30,310,534,,43.5824,1.73164,Plein jour,Hors agglomération,Hors intersection,Temps couvert,Autre collision,,,,,,,,,,,1,1,1,8.0,6
201200003945,0012-05-28 14:45:00,12,5,28,14,45,310,571,,,,Plein jour,Hors agglomération,Intersection en X,Normale,Deux véhicules - côté,,,,,,,,,,,1,1,2,1.0,3
201200003946,0012-06-03 02:45:00,12,6,3,2,45,310,582,,,,Nuit sans éclairage public,Hors agglomération,Hors intersection,Normale,Autre collision,,,,,,,,,,,3,1,1,1.0,6
201200003947,0012-07-03 07:45:00,12,7,3,7,45,310,368,,,,Plein jour,Hors agglomération,Hors intersection,Normale,Autre collision,,,,,,,,,,,1,1,1,1.0,6
201200003948,0012-07-30 16:15:00,12,7,30,16,15,310,450,,,,Plein jour,Hors agglomération,Hors intersection,Normale,Autre collision,,,,,,,,,,,1,1,1,1.0,6
201200003949,0012-10-25 07:45:00,12,10,25,7,45,310,331,,43.53993,1.72656,Crépuscule ou aube,Hors agglomération,Hors intersection,Normale,Trois véhicules et plus - collisions multiples,,,,,,,,,,,2,1,1,1.0,5
201200003950,0012-02-18 14:30:00,12,2,18,14,30,310,451,AVENUE DE SOREZE,43.45646,2.01154,Plein jour,En agglomération,Hors intersection,Normale,Autre collision,,,,,,,,,,,1,2,1,1.0,6
201200003951,0012-03-30 14:00:00,12,3,30,14,0,310,451,,,,Plein jour,Hors agglomération,Intersection en T,Normale,Deux véhicules - côté,,,,,,,,,,,1,1,3,1.0,3
201200003952,0012-05-31 11:00:00,12,5,31,11,0,310,478,rte de toulouse,43.46915,1.9653,Plein jour,Hors agglomération,Hors intersection,Normale,Deux véhicules - frontale,,,,,,,,,,,1,1,1,1.0,1
201200003953,0012-07-27 22:00:00,12,7,27,22,0,310,478,,,,Nuit sans éclairage public,Hors agglomération,Hors intersection,Pluie légère,Trois véhicules et plus - en chaîne,,,,,,,,,,,3,1,1,2.0,4
201200003954,0012-08-16 20:00:00,12,8,16,20,0,310,451,AVENUE DE CASTRES,43.46203,2.00622,Plein jour,En agglomération,Giratoire,Normale,Deux véhicules - frontale,,,,,,,,,,,1,2,6,1.0,1
201200003955,0012-09-09 00:45:00,12,9,9,0,45,310,451,,,,Nuit sans éclairage public,Hors agglomération,Hors intersection,Normale,Autre collision,,,,,,,,,,,3,1,1,1.0,6
201200003956,0012-10-03 18:30:00,12,10,3,18,30,310,451,,,,Plein jour,En agglomération,Hors intersection,Normale,Deux véhicules - côté,,,,,,,,,,,1,2,1,1.0,3
201200003957,0012-12-04 17:15:00,12,12,4,17,15,310,451,Boulevard CARNOT,43.45789,2.00681,Nuit avec éclairage allumé,En agglomération,Hors intersection,Pluie forte,Autre collision,,,,,,,,,,,5,2,1,3.0,6
201200003958,0012-01-14 19:00:00,12,1,14,19,0,90,71,,43.00667,1.49046,Nuit sans éclairage public,Hors agglomération,Hors intersection,Normale,Autre collision,,,,,,,,,,,3,1,1,1.0,6