accident_id,datetime,annee,mois,jour,heure,minute,departement,commune_insee,adresse,latitude,longitude,luminosite,agglomeration,intersection,meteo,collision,nb_vehicules,nb_usagers,nb_indemnes,nb_tues,nb_blesses_hosp,nb_blesses_legers,age_cond_1,age_cond_2,veh_type_cond_1,veh_type_cond_2,lum_code,agg_code,int_code,atm_code,col_code
201200003959,0012-01-25 14:15:00,12,1,25,14,15,90,181,Place du Champs de Mars,43.07945,1.3606,Plein jour,En agglomération,Place,Normale,Deux véhicules - côté,,,,,,,,,,,1,2,7,1.0,3
201200003960,0012-01-29 17:45:00,12,1,29,17,45,90,71,,43.00766,1.49556,Crépuscule ou aube,Hors agglomération,Hors intersection,Neige / grêle,Deux véhicules - arrière,,,,,,,,,,,2,1,1,4.0,2
201200003961,0012-09-15 06:15:00,12,9,15,6,15,90,19,,,,Crépuscule ou aube,Hors agglomération,Hors intersection,Normale,Deux véhicules - frontale,,,,,,,,,,,2,1,1,1.0,1
201200003962,0012-10-21 12:45:00,12,10,21,12,45,90,99,,,,Plein jour,Hors agglomération,Hors intersection,Pluie légère,Deux véhicules - frontale,,,,,,,,,,,1,1,1,2.0,1
201200003963,0012-10-22 09:15:00,12,10,22,9,15,90,224,,,,Plein jour,Hors agglomération,Hors intersection,Normale,Deux véhicules - frontale,,,,,,,,,,,1,1,1,1.0,1
201200003964,0012-11-18 18:45:00,12,11,18,18,45,90,105,,,,Nuit sans éclairage public,Hors agglomération,Hors intersection,Normale,Deux véhicules - frontale,,,,,,,,,,,3,1,1,1.0,1
201200003965,0012-01-01 19:15:00,12,1,1,19,15,90,47,,42.91099,1.92331,Nuit sans éclairage public,Hors agglomération,Hors intersection,Normale,Deux véhicules - arrière,,,,,,,,,,,3,1,1,1.0,2
201200003966,0012-03-15 13:45:00,12,3,15,13,45,90,157,,42.97037,1.84254,Plein jour,Hors agglomération,Hors intersection,Normale,Deux véhicules - frontale,,,,,,,,,,,1,1,1,1.0,1
201200003967,0012-04-07 13:15:00,12,4,7,13,15,90,160,CD 117 -Avenue L?on Blum,42.92814,1.84197,Plein jour,En agglomération,Hors intersection,Temps couvert,Deux véhicules - côté,,,,,,,,,,,1,2,1,8.0,3
201200003968,0012-04-09 12:30:00,12,4,9,12,30,90,125,8 r?sidence du chateau,42.88509,1.90497,Plein jour,En agglomération,Hors intersection,Normale,Autre collision,,,,,,,,,,,1,2,1,1.0,6
201200003969,0012-05-10 07:00:00,12,5,10,7,0,90,249,,49.94124,1.73912,Crépuscule ou aube,Hors agglomération,Hors intersection,Normale,Sans collision,,,,,,,,,,,2,1,1,1.0,7
201200003970,0012-05-18 13:45:00,12,5,18,13,45,90,215,,42.91267,1.78218,Plein jour,Hors agglomération,Hors intersection,Pluie légère,Deux véhicules - frontale,,,,,,,,,,,1,1,1,2.0,1
201200003971,0012-05-21 13:15:00,12,5,21,13,15,90,281,,42.97173,1.81885,Plein jour,Hors agglomération,Hors intersection,Normale,Autre collision,,,,,,,,,,,1,1,1,1.0,6
201200003972,0012-09-10 17:15:00,12,9,10,17,15,90,160,,42.94185,1.85572,Plein jour,En agglomération,Hors intersection,Normale,Autre collision,,,,,,,,,,,1,2,1,1.0,6
201200003973,0012-11-08 11:30:00,12,11,8,11,30,90,229,,,,Plein jour,Hors agglomération,Hors intersection,Normale,Deux véhicules - côté,,,,,,,,,,,1,1,1,1.0,3
201200003974,0012-11-12 23:00:00,12,11,12,23,0,90,160,,,,Nuit sans éclairage public,Hors agglomération,Hors intersection,Normale,Autre collision,,,,,,,,,,,3,1,1,1.0,6
201200003975,0012-11-24 23:45:00,12,11,24,23,45,90,80,,,,Nuit sans éclairage public,Hors agglomération,Hors intersection,Normale,Sans collision,,,,,,,,,,,3,1,1,1.0,7
201200003976,0012-01-12 21:00:00,12,1,12,21,0,90,334,,42.77485,1.51571,Nuit sans éclairage public,Hors agglomération,Hors intersection,Normale,Autre collision,,,,,,,,,,,3,1,1,1.0,6
201200003977,0012-05-27 17:30:00,12,5,27,17,30,90,240,,42.84525,1.59791,Plein jour,En agglomération,Hors intersection,Pluie légère,Autre collision,,,,,,,,,,,1,2,1,2.0,6
201200003978,0012-05-30 17:30:00,12,5,30,17,30,90,321,,42.83396,1.60929,Plein jour,Hors agglomération,Hors intersection,Normale,Deux véhicules - frontale,,,,,,,,,,,1,1,1,1.0,1
201200003979,0012-07-01 18:30:00,12,7,1,18,30,90,77,,42.79786,1.5885,Plein jour,Hors agglomération,Hors intersection,Normale,Sans collision,,,,,,,,,,,1,1,1,1.0,7
201200003980,0012-07-13 19:45:00,12,7,13,19,45,90,306,,42.76473,1.49522,Plein jour,Hors agglomération,Hors intersection,Normale,Autre collision,,,,,,,,,,,1,1,1,1.0,6
201200003981,0012-11-02 12:30:00,12,11,2,12,30,90,306,,42.86338,1.60206,Plein jour,Hors agglomération,Hors intersection,Normale,Trois véhicules et plus - en chaîne,,,,,,,,,,,1,1,1,1.0,4
201200003982,0012-09-23 02:00:00,12,9,23,2,0,90,167,,43.27271,1.32883,Nuit sans éclairage public,Hors agglomération,Hors intersection,Normale,Autre collision,,,,,,,,,,,3,1,1,1.0,6
201200003983,0012-06-29 17:30:00,12,6,29,17,30,90,39,,43.04954,1.8905,Plein jour,Hors agglomération,Hors intersection,Normale,Autre collision,,,,,,,,,,,1,1,1,1.0,6
201200003984,0012-05-19 08:15:00,12,5,19,8,15,90,282,,43.24044,1.56563,Plein jour,En agglomération,Hors intersection,Normale,Deux véhicules - frontale,,,,,,,,,,,1,2,1,1.0,1
201200003985,0012-07-14 12:30:00,12,7,14,12,30,90,199,,43.20494,1.62483,Plein jour,Hors agglomération,Intersection en X,Normale,Deux véhicules - côté,,,,,,,,,,,1,1,2,1.0,3
201200003986,0012-08-19 00:30:00,12,8,19,0,30,90,282,,43.25623,1.56533,Nuit sans éclairage public,Hors agglomération,Hors intersection,Normale,Autre collision,,,,,,,,,,,3,1,1,1.0,6
201200003987,0012-12-16 08:45:00,12,12,16,8,45,90,282,rue de la Porte du Bois,43.23273,1.57476,Plein jour,En agglomération,Hors intersection,Temps éblouissant,Autre collision,,,,,,,,,,,1,2,1,7.0,6
201200003988,0012-02-23 12:30:00,12,2,23,12,30,90,214,,42.95874,1.0861,Plein jour,Hors agglomération,Hors intersection,Normale,Sans collision,,,,,,,,,,,1,1,1,1.0,7
201200003989,0012-06-12 15:00:00,12,6,12,15,0,90,149,,42.91795,1.19167,Plein jour,Hors agglomération,Hors intersection,Pluie légère,Deux véhicules - frontale,,,,,,,,,,,1,1,1,2.0,1
201200003990,0012-07-01 08:30:00,12,7,1,8,30,90,111,,42.94673,1.05204,Plein jour,Hors agglomération,Hors intersection,Normale,Autre collision,,,,,,,,,,,1,1,1,1.0,6
201200003991,0012-07-03 16:45:00,12,7,3,16,45,90,268,Zone Commerciale - D33A,43.00178,1.13158,Plein jour,En agglomération,Autre intersection,Normale,Deux véhicules - frontale,,,,,,,,,,,1,2,9,1.0,1
201200003992,0012-07-04 17:45:00,12,7,4,17,45,90,268,20 route de toulouse,43.00297,1.13693,Plein jour,En agglomération,Hors intersection,Normale,Deux véhicules - côté,,,,,,,,,,,1,2,1,1.0,3
201200003993,0012-09-29 08:30:00,12,9,29,8,30,90,128,,,,Crépuscule ou aube,Hors agglomération,Hors intersection,Normale,Sans collision,,,,,,,,,,,2,1,1,1.0,7
201200003994,0012-11-08 15:15:00,12,11,8,15,15,90,261,,,,Plein jour,Hors agglomération,Hors intersection,Normale,Deux véhicules - arrière,,,,,,,,,,,1,1,1,1.0,2
201200003995,0012-12-07 17:45:00,12,12,7,17,45,90,261,Bd du Gl DE GAULLE,42.98018,1.14433,Nuit avec éclairage allumé,En agglomération,Giratoire,Pluie forte,Autre collision,,,,,,,,,,,5,2,6,3.0,6
201200003996,0012-12-25 17:45:00,12,12,25,17,45,90,261,,,,Nuit sans éclairage public,Hors agglomération,Hors intersection,Normale,Deux véhicules - frontale,,,,,,,,,,,3,1,1,1.0,1
201200003997,0012-06-09 17:15:00,12,6,9,17,15,90,29,,,,Plein jour,Hors agglomération,Hors intersection,Normale,Sans collision,,,,,,,,,,,1,1,1,1.0,7
201200003998,0012-08-31 10:45:00,12,8,31,10,45,90,5,,,,Plein jour,Hors agglomération,Hors intersection,Normale,Sans collision,,,,,,,,,,,1,1,1,1.0,7
201200003999,0012-12-06 16:15:00,12,12,6,16,15,90,301,,,,Plein jour,Hors agglomération,Hors intersection,Normale,Deux véhicules - arrière,,,,,,,,,,,1,1,1,1.0,2
201200004000,0012-05-06 15:45:00,12,5,6,15,45,90,257,,43.13879,1.14482,Plein jour,Hors agglomération,Hors intersection,Normale,Sans collision,,,,,,,,,,,1,1,1,1.0,7
201200004001,0012-07-04 13:05:00,12,7,4,13,5,20,168,EXPRESS (VOIE) 01,,,Plein jour,Hors agglomération,Hors intersection,Normale,Deux véhicules - côté,,,,,,,,,,,1,1,1,1.0,3
201200004002,0012-05-13 15:55:00,12,5,13,15,55,20,168,avenue Jean Lefebvre,,,Plein jour,En agglomération,Hors intersection,Normale,Autre collision,,,,,,,,,,,1,2,1,1.0,6
201200004003,0012-12-12 11:10:00,12,12,12,11,10,20,168,"13, OTMUS (AVENUE)",49.0506,3.38867,Plein jour,En agglomération,Hors intersection,Normale,Autre collision,,,,,,,,,,,1,2,1,1.0,6
201200004004,0012-12-21 13:00:00,12,12,21,13,0,20,168,CHESNEAUX (RUE),49.0529,3.40108,Plein jour,En agglomération,Hors intersection,Temps couvert,Autre collision,,,,,,,,,,,1,2,1,8.0,6
201200004005,0012-08-02 18:30:00,12,8,2,18,30,120,241,,,,Plein jour,Hors agglomération,Hors intersection,Normale,Deux véhicules - frontale,,,,,,,,,,,1,1,1,1.0,1
201200004006,0012-09-10 16:00:00,12,9,10,16,0,120,90,,44.372,2.532,Plein jour,Hors agglomération,Hors intersection,Normale,Deux véhicules - côté,,,,,,,,,,,1,1,1,1.0,3
201200004007,0012-10-08 09:15:00,12,10,8,9,15,120,1,,44.347,2.708,Plein jour,Hors agglomération,Hors intersection,Brouillard / fumée,Sans collision,,,,,,,,,,,1,1,1,5.0,7
201200004008,0012-10-17 07:45:00,12,10,17,7,45,120,68,,,,Plein jour,Hors agglomération,Hors intersection,Normale,Autre collision,,,,,,,,,,,1,1,1,1.0,6
201200004009,0012-01-02 15:00:00,12,1,2,15,0,120,230,,44.042,2.464,Plein jour,Hors agglomération,Intersection en X,Pluie légère,Deux véhicules - frontale,,,,,,,,,,,1,1,2,2.0,1
201200004010,0012-01-16 19:15:00,12,1,16,19,15,120,15,,44.146,2.617,Nuit sans éclairage public,Hors agglomération,Hors intersection,Autre,Sans collision,,,,,,,,,,,3,1,1,9.0,7
201200004011,0012-03-18 06:30:00,12,3,18,6,30,120,46,,44.202,2.397,Crépuscule ou aube,Hors agglomération,Hors intersection,Temps couvert,Sans collision,,,,,,,,,,,2,1,1,8.0,7
201200004012,0012-04-11 09:45:00,12,4,11,9,45,120,234,,44.214,2.535,Plein jour,Hors agglomération,Hors intersection,Pluie légère,Deux véhicules - frontale,,,,,,,,,,,1,1,1,2.0,1
201200004013,0012-04-14 06:15:00,12,4,14,6,15,120,85,,44.152,2.237,Nuit sans éclairage public,Hors agglomération,Hors intersection,Temps couvert,Autre collision,,,,,,,,,,,3,1,1,8.0,6
201200004014,0012-05-20 16:45:00,12,5,20,16,45,120,46,,44.205,2.404,Plein jour,Hors agglomération,Hors intersection,Pluie légère,Trois véhicules et plus - collisions multiples,,,,,,,,,,,1,1,1,2.0,5
201200004015,0012-06-08 20:15:00,12,6,8,20,15,120,194,,44.24,2.399,Plein jour,Hors agglomération,Hors intersection,Normale,Autre collision,,,,,,,,,,,1,1,1,1.0,6
201200004016,0012-06-09 10:00:00,12,6,9,10,0,120,11,,44.181,2.736,Plein jour,Hors agglomération,Hors intersection,Normale,Deux véhicules - côté,,,,,,,,,,,1,1,1,1.0,3
201200004017,0012-06-28 15:30:00,12,6,28,15,30,120,73,,44.246,2.553,Plein jour,Hors agglomération,Hors intersection,Normale,Autre collision,,,,,,,,,,,1,1,1,1.0,6
201200004018,0012-07-01 17:45:00,12,7,1,17,45,120,43,,44.291,2.523,Plein jour,Hors agglomération,Hors intersection,Pluie légère,Deux véhicules - côté,,,,,,,,,,,1,1,1,2.0,3
201200004019,0012-07-02 17:45:00,12,7,2,17,45,120,197,,,,Plein jour,Hors agglomération,Hors intersection,Normale,Autre collision,,,,,,,,,,,1,1,1,1.0,6
201200004020,0012-07-06 17:15:00,12,7,6,17,15,120,194,,,,Plein jour,Hors agglomération,Hors intersection,Normale,Trois véhicules et plus - collisions multiples,,,,,,,,,,,1,1,1,1.0,5
201200004021,0012-09-06 19:15:00,12,9,6,19,15,120,267,,44.145,2.522,Plein jour,Hors agglomération,Hors intersection,Normale,Sans collision,,,,,,,,,,,1,1,1,1.0,7
201200004022,0012-10-23 09:00:00,12,10,23,9,0,120,194,,44.213,2.411,Plein jour,Hors agglomération,Hors intersection,Normale,Trois véhicules et plus - collisions multiples,,,,,,,,,,,1,1,1,1.0,5
201200004023,0012-12-18 10:00:00,12,12,18,10,0,120,46,,44.205,2.404,Plein jour,Hors agglomération,Hors intersection,Normale,Autre collision,,,,,,,,,,,1,1,1,1.0,6
201200004024,0012-12-29 15:30:00,12,12,29,15,30,120,276,,44.15,2.316,Plein jour,Hors agglomération,Hors intersection,Normale,Autre collision,,,,,,,,,,,1,1,1,1.0,6
201200004025,0012-04-23 17:30:00,12,4,23,17,30,120,288,,44.437,2.444,Plein jour,Hors agglomération,Hors intersection,Pluie forte,Deux véhicules - côté,,,,,,,,,,,1,1,1,3.0,3
201200004026,0012-05-15 11:30:00,12,5,15,11,30,120,268,,44.607,2.481,Plein jour,Hors agglomération,Hors intersection,Normale,Deux véhicules - côté,,,,,,,,,,,1,1,1,1.0,3
201200004027,0012-05-19 15:15:00,12,5,19,15,15,120,254,,44.401,2.506,Plein jour,Hors agglomération,Hors intersection,Temps couvert,Deux véhicules - frontale,,,,,,,,,,,1,1,1,8.0,1
201200004028,0012-07-13 11:45:00,12,7,13,11,45,120,221,,44.573,2.558,Plein jour,Hors agglomération,Hors intersection,Normale,Deux véhicules - frontale,,,,,,,,,,,1,1,1,1.0,1
201200004029,0012-07-18 15:45:00,12,7,18,15,45,120,218,,44.551,2.41,Plein jour,Hors agglomération,Hors intersection,Normale,Deux véhicules - frontale,,,,,,,,,,,1,1,1,1.0,1
201200004030,0012-12-16 20:30:00,12,12,16,20,30,120,254,,44.442,2.507,Nuit sans éclairage public,Hors agglomération,Hors intersection,Pluie légère,Deux véhicules - côté,,,,,,,,,,,3,1,1,2.0,3
201200004031,0012-12-20 17:45:00,12,12,20,17,45,120,254,,44.449,2.495,Nuit sans éclairage public,Hors agglomération,Hors intersection,Pluie forte,Deux véhicules - frontale,,,,,,,,,,,3,1,1,3.0,1
201200004032,0012-03-25 15:30:00,12,3,25,15,30,120,121,,44.438,2.187,Plein jour,Hors agglomération,Hors intersection,Normale,Deux véhicules - arrière,,,,,,,,,,,1,1,1,1.0,2
201200004033,0012-05-31 09:45:00,12,5,31,9,45,120,91,,,,Plein jour,Hors agglomération,Hors intersection,Normale,Deux véhicules - frontale,,,,,,,,,,,1,1,1,1.0,1
201200004034,0012-07-13 19:15:00,12,7,13,19,15,120,4,,44.594,2.35,Plein jour,Hors agglomération,Hors intersection,Normale,Autre collision,,,,,,,,,,,1,1,1,1.0,6
201200004035,0012-09-12 17:30:00,12,9,12,17,30,120,289,,44.506,2.199,Plein jour,Hors agglomération,Hors intersection,Normale,Deux véhicules - frontale,,,,,,,,,,,1,1,1,1.0,1
201200004036,0012-12-23 10:00:00,12,12,23,10,0,120,206,,,,Plein jour,Hors agglomération,Hors intersection,Temps éblouissant,Autre collision,,,,,,,,,,,1,1,1,7.0,6
201200004037,0012-03-15 16:45:00,12,3,15,16,45,120,33,,44.457,2.727,Plein jour,Hors agglomération,Hors intersection,Normale,Sans collision,,,,,,,,,,,1,1,1,1.0,7
201200004038,0012-07-04 22:30:00,12,7,4,22,30,120,131,,,,Nuit sans éclairage public,Hors agglomération,Hors intersection,Temps couvert,Autre collision,,,,,,,,,,,3,1,1,8.0,6
201200004039,0012-07-26 16:15:00,12,7,26,16,15,120,33,,44.462,2.763,Plein jour,Hors agglomération,Hors intersection,Normale,Autre collision,,,,,,,,,,,1,1,1,1.0,6
201200004040,0012-09-06 17:15:00,12,9,6,17,15,120,96,,44.502,2.743,Plein jour,Hors agglomération,Hors intersection,Normale,Sans collision,,,,,,,,,,,1,1,1,1.0,7
201200004041,0012-11-05 15:30:00,12,11,5,15,30,120,209,,,,Plein jour,Hors agglomération,Hors intersection,Pluie légère,Deux véhicules - frontale,,,,,,,,,,,1,1,1,2.0,1
201200004042,0012-12-07 12:45:00,12,12,7,12,45,120,156,,44.612,2.806,Plein jour,Hors agglomération,Hors intersection,Neige / grêle,Deux véhicules - frontale,,,,,,,,,,,1,1,1,4.0,1
201200004043,0012-04-29 11:45:00,12,4,29,11,45,120,94,,44.656,2.562,Plein jour,Hors agglomération,Hors intersection,Temps couvert,Sans collision,,,,,,,,,,,1,1,1,8.0,7
201200004044,0012-12-14 16:00:00,12,12,14,16,0,120,94,Intersection RD34E/RD34,44.659,2.576,Nuit sans éclairage public,En agglomération,Intersection en X,Pluie légère,Deux véhicules - côté,,,,,,,,,,,3,2,2,2.0,3
201200004045,0012-03-11 07:30:00,12,3,11,7,30,120,214,,,,Plein jour,Hors agglomération,Hors intersection,Normale,Autre collision,,,,,,,,,,,1,1,1,1.0,6
201200004046,0012-04-01 18:45:00,12,4,1,18,45,120,214,,,,Plein jour,Hors agglomération,Hors intersection,Normale,Autre collision,,,,,,,,,,,1,1,1,1.0,6
201200004047,0012-05-23 15:30:00,12,5,23,15,30,120,231,,44.025,3.349,Plein jour,Hors agglomération,Hors intersection,Temps éblouissant,Deux véhicules - frontale,,,,,,,,,,,1,1,1,7.0,1
201200004048,0012-06-01 16:15:00,12,6,1,16,15,120,168,,44.015,3.314,Plein jour,Hors agglomération,Hors intersection,Normale,Trois véhicules et plus - collisions multiples,,,,,,,,,,,1,1,1,1.0,5
201200004049,0012-08-17 10:45:00,12,8,17,10,45,120,160,,,,Plein jour,En agglomération,Hors intersection,Normale,Deux véhicules - côté,,,,,,,,,,,1,2,1,1.0,3
201200004050,0012-09-07 18:45:00,12,9,7,18,45,120,160,,44.202,3.186,Plein jour,Hors agglomération,Intersection en Y,Normale,Deux véhicules - côté,,,,,,,,,,,1,1,4,1.0,3
201200004051,0012-10-04 14:00:00,12,10,4,14,0,120,63,,44.008,3.124,Plein jour,Hors agglomération,Intersection en X,Normale,Deux véhicules - côté,,,,,,,,,,,1,1,2,1.0,3
201200004052,0012-12-08 00:15:00,12,12,8,0,15,120,225,,44.052,2.975,Nuit sans éclairage public,Hors agglomération,Hors intersection,Pluie légère,Deux véhicules - frontale,,,,,,,,,,,3,1,1,2.0,1
201200004053,0012-12-15 02:00:00,12,12,15,2,0,120,225,,44.043,2.965,Nuit sans éclairage public,Hors agglomération,Hors intersection,Pluie légère,Sans collision,,,,,,,,,,,3,1,1,2.0,7
201200004054,0012-05-20 18:15:00,12,5,20,18,15,120,238,,,,Plein jour,Hors agglomération,Hors intersection,Pluie légère,Deux véhicules - côté,,,,,,,,,,,1,1,1,2.0,3
201200004055,0012-07-21 18:15:00,12,7,21,18,15,120,253,,44.169,2.753,Plein jour,Hors agglomération,Hors intersection,Normale,Deux véhicules - frontale,,,,,,,,,,,1,1,1,1.0,1
201200004056,0012-07-25 20:00:00,12,7,25,20,0,120,47,devant l'?glise,44.422,3.088,Plein jour,En agglomération,Hors intersection,Normale,Autre collision,,,,,,,,,,,1,2,1,1.0,6
201200004057,0012-10-12 04:30:00,12,10,12,4,30,120,196,,,,Nuit sans éclairage public,Hors agglomération,Giratoire,Temps couvert,Autre collision,,,,,,,,,,,3,1,6,8.0,6
201200004058,0012-02-04 10:15:00,12,2,4,10,15,120,208,Blvd. Aristide BRIAND,43.961,2.882,Plein jour,En agglomération,Hors intersection,Temps éblouissant,Autre collision,,,,,,,,,,,1,2,1,7.0,6
201200004059,0012-02-28 08:00:00,12,2,28,8,0,120,208,rond point de la gare,43.959,2.894,Crépuscule ou aube,En agglomération,Giratoire,Normale,Deux véhicules - côté,,,,,,,,,,,2,2,6,1.0,3
201200004060,0012-03-02 07:45:00,12,3,2,7,45,120,208,16 avenue Carnot,43.96,2.887,Plein jour,En agglomération,Giratoire,Normale,Deux véhicules - côté,,,,,,,,,,,1,2,6,1.0,3
201200004061,0012-03-17 13:45:00,12,3,17,13,45,120,208,avenue docteur Galtier,43.959,2.856,Plein jour,En agglomération,Hors intersection,Normale,Deux véhicules - côté,,,,,,,,,,,1,2,1,1.0,3
201200004062,0012-03-28 16:30:00,12,3,28,16,30,120,208,,,,Plein jour,Hors agglomération,Hors intersection,Normale,Deux véhicules - frontale,,,,,,,,,,,1,1,1,1.0,1
201200004063,0012-06-19 12:00:00,12,6,19,12,0,120,228,,43.994,2.65,Plein jour,Hors agglomération,Hors intersection,Normale,Trois véhicules et plus - collisions multiples,,,,,,,,,,,1,1,1,1.0,5
201200004064,0012-07-02 21:30:00,12,7,2,21,30,120,286,,,,Plein jour,Hors agglomération,Hors intersection,Normale,Deux véhicules - arrière,,,,,,,,,,,1,1,1,1.0,2
201200004065,0012-08-22 15:00:00,12,8,22,15,0,120,243,,,,Plein jour,Hors agglomération,Hors intersection,Normale,Deux véhicules - frontale,,,,,,,,,,,1,1,1,1.0,1
201200004066,0012-08-06 09:15:00,12,8,6,9,15,120,25,Rte de Lacaune,43.821,2.754,Plein jour,En agglomération,Hors intersection,Normale,Autre collision,,,,,,,,,,,1,2,1,1.0,6
201200004067,0012-08-05 18:45:00,12,8,5,18,45,120,39,,43.763,2.976,Plein jour,Hors agglomération,Hors intersection,Normale,Deux véhicules - côté,,,,,,,,,,,1,1,1,1.0,3
201200004068,0012-08-06 07:45:00,12,8,6,7,45,120,186,,43.873,2.586,Plein jour,Hors agglomération,Hors intersection,Pluie légère,Deux véhicules - frontale,,,,,,,,,,,1,1,1,2.0,1
201200004069,0012-01-16 17:30:00,12,1,16,17,30,120,136,,,,Plein jour,Hors agglomération,Hors intersection,Normale,Deux véhicules - arrière,,,,,,,,,,,1,1,1,1.0,2
201200004070,0012-05-24 22:15:00,12,5,24,22,15,120,300,37 bis Av Vincent Cibiel,,,Nuit avec éclairage allumé,En agglomération,Hors intersection,Normale,Autre collision,,,,,,,,,,,5,2,1,1.0,6
201200004071,0012-07-08 06:15:00,12,7,8,6,15,120,300,,,,Crépuscule ou aube,Hors agglomération,Hors intersection,Normale,Autre collision,,,,,,,,,,,2,1,1,1.0,6
201200004072,0012-11-17 15:00:00,12,11,17,15,0,120,300,avenue du Caylet - CD922,,,Plein jour,En agglomération,Hors intersection,Normale,Sans collision,,,,,,,,,,,1,2,1,1.0,7
201200004073,0012-08-15 19:30:00,12,8,15,19,30,120,18,,,,Crépuscule ou aube,Hors agglomération,Intersection en T,Pluie légère,Deux véhicules - côté,,,,,,,,,,,2,1,3,2.0,3
201200004074,0012-12-28 21:30:00,12,12,28,21,30,120,301,,44.464,2.031,Nuit sans éclairage public,Hors agglomération,Hors intersection,Normale,Sans collision,,,,,,,,,,,3,1,1,1.0,7
201200004075,0012-02-15 12:00:00,12,2,15,12,0,120,198,le bourg,,,Plein jour,En agglomération,Hors intersection,Normale,Deux véhicules - arrière,,,,,,,,,,,1,2,1,1.0,2
201200004076,0012-06-07 18:45:00,12,6,7,18,45,120,285,,,,Plein jour,Hors agglomération,Hors intersection,Normale,Deux véhicules - côté,,,,,,,,,,,1,1,1,1.0,3
201200004077,0012-06-28 17:15:00,12,6,28,17,15,120,105,RD 922 - PK 13 + 300,44.239,2.033,Plein jour,En agglomération,Hors intersection,Normale,Autre collision,,,,,,,,,,,1,2,1,1.0,6
201200004078,0012-06-29 08:15:00,12,6,29,8,15,120,198,,44.336,2.249,Plein jour,Hors agglomération,Hors intersection,Normale,Deux véhicules - frontale,,,,,,,,,,,1,1,1,1.0,1
201200004079,0012-08-11 09:00:00,12,8,11,9,0,120,198,,,,Plein jour,Hors agglomération,Hors intersection,Normale,Autre collision,,,,,,,,,,,1,1,1,1.0,6
201200004080,0012-08-12 01:30:00,12,8,12,1,30,120,21,,,,Nuit sans éclairage public,Hors agglomération,Hors intersection,Normale,Sans collision,,,,,,,,,,,3,1,1,1.0,7
201200004081,0012-01-06 19:15:00,12,1,6,19,15,320,60,,43.5602,0.61069,Nuit sans éclairage public,Hors agglomération,Intersection en T,Normale,Deux véhicules - arrière,,,,,,,,,,,3,1,3,1.0,2
201200004082,0012-01-07 15:45:00,12,1,7,15,45,320,207,,43.6604,0.65833,Plein jour,Hors agglomération,Intersection en T,Temps couvert,Deux véhicules - côté,,,,,,,,,,,1,1,3,8.0,3
201200004083,0012-01-18 14:45:00,12,1,18,14,45,320,282,,43.6593,0.66288,Plein jour,Hors agglomération,Autre intersection,Normale,Trois véhicules et plus - collisions multiples,,,,,,,,,,,1,1,9,1.0,5
201200004084,0012-02-10 16:15:00,12,2,10,16,15,320,307,,43.6025,0.59866,Plein jour,Hors agglomération,Intersection en T,Normale,Deux véhicules - côté,,,,,,,,,,,1,1,3,1.0,3
201200004085,0012-04-27 17:45:00,12,4,27,17,45,320,300,,43.5385,0.60891,Plein jour,Hors agglomération,Hors intersection,Normale,Autre collision,,,,,,,,,,,1,1,1,1.0,6
201200004086,0012-05-05 11:30:00,12,5,5,11,30,320,312,,43.6164,0.67597,Plein jour,Hors agglomération,Hors intersection,Normale,Autre collision,,,,,,,,,,,1,1,1,1.0,6
201200004087,0012-05-22 11:15:00,12,5,22,11,15,320,207,,43.6595,0.66509,Plein jour,Hors agglomération,Hors intersection,Normale,Trois véhicules et plus - collisions multiples,,,,,,,,,,,1,1,1,1.0,5
201200004088,0012-06-20 07:15:00,12,6,20,7,15,320,300,,43.5487,0.61024,Plein jour,Hors agglomération,Hors intersection,Normale,Sans collision,,,,,,,,,,,1,1,1,1.0,7
201200004089,0012-07-06 17:15:00,12,7,6,17,15,320,29,,43.6373,0.4181,Plein jour,Hors agglomération,Hors intersection,Normale,Deux véhicules - frontale,,,,,,,,,,,1,1,1,1.0,1
201200004090,0012-07-24 19:45:00,12,7,24,19,45,320,307,,43.6005,0.56052,Plein jour,Hors agglomération,Hors intersection,Normale,Deux véhicules - frontale,,,,,,,,,,,1,1,1,1.0,1
201200004091,0012-08-02 18:00:00,12,8,2,18,0,320,312,,43.6198,0.65728,Plein jour,Hors agglomération,Hors intersection,Normale,Deux véhicules - frontale,,,,,,,,,,,1,1,1,1.0,1
201200004092,0012-09-27 12:15:00,12,9,27,12,15,320,29,,43.613,0.40919,Plein jour,Hors agglomération,Hors intersection,Normale,Deux véhicules - frontale,,,,,,,,,,,1,1,1,1.0,1
201200004093,0012-10-26 08:15:00,12,10,26,8,15,320,29,,43.6024,0.41164,Crépuscule ou aube,Hors agglomération,Hors intersection,Pluie légère,Deux véhicules - frontale,,,,,,,,,,,2,1,1,2.0,1