accident_id,datetime,annee,mois,jour,heure,minute,departement,commune_insee,adresse,latitude,longitude,luminosite,agglomeration,intersection,meteo,collision,nb_vehicules,nb_usagers,nb_indemnes,nb_tues,nb_blesses_hosp,nb_blesses_legers,age_cond_1,age_cond_2,veh_type_cond_1,veh_type_cond_2,lum_code,agg_code,int_code,atm_code,col_code
201200004094,0012-11-07 14:00:00,12,11,7,14,0,320,19,,43.5816,0.61103,Plein jour,Hors agglomération,Hors intersection,Normale,Sans collision,,,,,,,,,,,1,1,1,1.0,7
201200004095,0012-11-16 15:30:00,12,11,16,15,30,320,368,,,,Plein jour,Hors agglomération,Hors intersection,Normale,Autre collision,,,,,,,,,,,1,1,1,1.0,6
201200004096,0012-03-17 16:30:00,12,3,17,16,30,320,249,,43.7474,0.87456,Plein jour,Hors agglomération,Hors intersection,Normale,Autre collision,,,,,,,,,,,1,1,1,1.0,6
201200004097,0012-04-23 11:45:00,12,4,23,11,45,320,249,,,,Plein jour,Hors agglomération,Hors intersection,Temps couvert,Trois véhicules et plus - en chaîne,,,,,,,,,,,1,1,1,8.0,4
201200004098,0012-08-28 07:30:00,12,8,28,7,30,320,173,,43.7504,0.8835,Plein jour,Hors agglomération,Hors intersection,Normale,Deux véhicules - frontale,,,,,,,,,,,1,1,1,1.0,1
201200004099,0012-09-05 19:15:00,12,9,5,19,15,320,237,,43.6475,0.71723,Plein jour,Hors agglomération,Hors intersection,Normale,Deux véhicules - frontale,,,,,,,,,,,1,1,1,1.0,1
201200004100,0012-03-23 18:15:00,12,3,23,18,15,320,160,ROUTE DE TOULOUSE - D924,43.6,1.10848,Plein jour,Hors agglomération,Hors intersection,Normale,Deux véhicules - côté,,,,,,,,,,,1,1,1,1.0,3
201200004101,0012-04-08 06:15:00,12,4,8,6,15,320,268,,43.604,0.97916,Nuit sans éclairage public,Hors agglomération,Hors intersection,Temps couvert,Autre collision,,,,,,,,,,,3,1,1,8.0,6
201200004102,0012-05-29 18:40:00,12,5,29,18,40,320,160,44 AV CHARLES BACQU?,43.6082,1.07217,Plein jour,En agglomération,Hors intersection,Normale,Autre collision,,,,,,,,,,,1,2,1,1.0,6
201200004103,0012-06-09 20:15:00,12,6,9,20,15,320,210,,43.5609,1.12845,Plein jour,Hors agglomération,Hors intersection,Normale,Sans collision,,,,,,,,,,,1,1,1,1.0,7
201200004104,0012-06-11 16:30:00,12,6,11,16,30,320,210,,43.5822,1.14178,Plein jour,Hors agglomération,Hors intersection,Pluie légère,Deux véhicules - frontale,,,,,,,,,,,1,1,1,2.0,1
201200004105,0012-06-22 01:45:00,12,6,22,1,45,320,105,,43.6201,1.01682,Nuit sans éclairage public,Hors agglomération,Hors intersection,Normale,Sans collision,,,,,,,,,,,3,1,1,1.0,7
201200004106,0012-07-17 13:15:00,12,7,17,13,15,320,268,,43.612,0.94977,Plein jour,Hors agglomération,Hors intersection,Normale,Autre collision,,,,,,,,,,,1,1,1,1.0,6
201200004107,0012-07-18 08:30:00,12,7,18,8,30,320,210,,43.564,1.12798,Plein jour,Hors agglomération,Hors intersection,Normale,Sans collision,,,,,,,,,,,1,1,1,1.0,7
201200004108,0012-07-21 00:15:00,12,7,21,0,15,320,377,,,,Nuit sans éclairage public,Hors agglomération,Hors intersection,Normale,Autre collision,,,,,,,,,,,3,1,1,1.0,6
201200004109,0012-09-22 01:45:00,12,9,22,1,45,320,268,,,,Nuit sans éclairage public,Hors agglomération,Hors intersection,Normale,Sans collision,,,,,,,,,,,3,1,1,1.0,7
201200004110,0012-12-11 16:15:00,12,12,11,16,15,320,268,,43.6025,1.01899,Plein jour,Hors agglomération,Hors intersection,Normale,Deux véhicules - frontale,,,,,,,,,,,1,1,1,1.0,1
201200004111,0012-12-13 17:15:00,12,12,13,17,15,320,160,,,,Plein jour,Hors agglomération,Hors intersection,Normale,Deux véhicules - frontale,,,,,,,,,,,1,1,1,1.0,1
201200004112,0012-01-13 07:30:00,12,1,13,7,30,320,213,,43.4648,0.89061,Nuit sans éclairage public,Hors agglomération,Hors intersection,Brouillard / fumée,Deux véhicules - frontale,,,,,,,,,,,3,1,1,5.0,1
201200004113,0012-05-16 07:45:00,12,5,16,7,45,320,198,,,,Plein jour,Hors agglomération,Hors intersection,Normale,Autre collision,,,,,,,,,,,1,1,1,1.0,6
201200004114,0012-05-26 11:30:00,12,5,26,11,30,320,387,,43.4366,1.01204,Plein jour,Hors agglomération,Hors intersection,Normale,Deux véhicules - frontale,,,,,,,,,,,1,1,1,1.0,1
201200004115,0012-06-26 20:45:00,12,6,26,20,45,320,213,14 AVENUE DE CAZAUX SAVE,43.4775,0.91296,Plein jour,En agglomération,Hors intersection,Normale,Autre collision,,,,,,,,,,,1,2,1,1.0,6
201200004116,0012-08-03 12:45:00,12,8,3,12,45,320,213,,43.4707,0.90034,Plein jour,Hors agglomération,Hors intersection,Normale,Autre collision,,,,,,,,,,,1,1,1,1.0,6
201200004117,0012-09-05 21:30:00,12,9,5,21,30,320,213,,,,Nuit sans éclairage public,Hors agglomération,Hors intersection,Normale,Deux véhicules - côté,,,,,,,,,,,3,1,1,1.0,3
201200004118,0012-10-26 13:45:00,12,10,26,13,45,320,465,,43.439,0.75139,Plein jour,Hors agglomération,Hors intersection,Pluie légère,Autre collision,,,,,,,,,,,1,1,1,2.0,6
201200004119,0012-11-03 10:00:00,12,11,3,10,0,320,410,ESCOUBAS BAS,43.4841,0.93612,Plein jour,En agglomération,Hors intersection,Normale,Autre collision,,,,,,,,,,,1,2,1,1.0,6
201200004120,0012-01-12 11:30:00,12,1,12,11,30,320,462,,43.7799,0.26345,Plein jour,Hors agglomération,Hors intersection,Brouillard / fumée,Trois véhicules et plus - collisions multiples,,,,,,,,,,,1,1,1,5.0,5
201200004121,0012-01-13 17:00:00,12,1,13,17,0,320,462,,43.7574,0.22752,Plein jour,Hors agglomération,Hors intersection,Normale,Deux véhicules - frontale,,,,,,,,,,,1,1,1,1.0,1
201200004122,0012-01-19 18:30:00,12,1,19,18,30,320,301,,43.6755,0.5302,Plein jour,Hors agglomération,Hors intersection,Pluie légère,Autre collision,,,,,,,,,,,1,1,1,2.0,6
201200004123,0012-02-12 18:30:00,12,2,12,18,30,320,462,,43.745,0.357,Plein jour,Hors agglomération,Hors intersection,Normale,Deux véhicules - frontale,,,,,,,,,,,1,1,1,1.0,1
201200004124,0012-06-10 10:30:00,12,6,10,10,30,320,462,,43.764,0.3,Plein jour,Hors agglomération,Hors intersection,Normale,Deux véhicules - côté,,,,,,,,,,,1,1,1,1.0,3
201200004125,0012-07-21 01:15:00,12,7,21,1,15,320,162,Boulevard du midi,43.762,0.46,Nuit avec éclairage allumé,En agglomération,Hors intersection,Normale,Autre collision,,,,,,,,,,,5,2,1,1.0,6
201200004126,0012-07-22 18:30:00,12,7,22,18,30,320,162,,43.7498,0.48192,Plein jour,Hors agglomération,Hors intersection,Normale,Sans collision,,,,,,,,,,,1,1,1,1.0,7
201200004127,0012-08-04 17:45:00,12,8,4,17,45,320,97,,43.6816,0.27301,Plein jour,Hors agglomération,Hors intersection,Normale,Sans collision,,,,,,,,,,,1,1,1,1.0,7
201200004128,0012-08-11 09:45:00,12,8,11,9,45,320,462,,43.739,0.35698,Plein jour,Hors agglomération,Hors intersection,Normale,Deux véhicules - frontale,,,,,,,,,,,1,1,1,1.0,1
201200004129,0012-09-13 12:00:00,12,9,13,12,0,320,462,,,,Plein jour,Hors agglomération,Hors intersection,Normale,Autre collision,,,,,,,,,,,1,1,1,1.0,6
201200004130,0012-04-03 18:30:00,12,4,3,18,30,320,143,,44.0076,0.43628,Plein jour,Hors agglomération,Hors intersection,Pluie légère,Deux véhicules - côté,,,,,,,,,,,1,1,1,2.0,3
201200004131,0012-05-23 18:45:00,12,5,23,18,45,320,292,AU VILLAGE,43.908,0.30223,Plein jour,En agglomération,Hors intersection,Normale,Autre collision,,,,,,,,,,,1,2,1,1.0,6
201200004132,0012-06-02 11:45:00,12,6,2,11,45,320,107,QUAI JAUBERT,43.9585,0.36928,Plein jour,En agglomération,Hors intersection,Normale,Deux véhicules - côté,,,,,,,,,,,1,2,1,1.0,3
201200004133,0012-07-10 19:45:00,12,7,10,19,45,320,224,,43.9018,0.25776,Plein jour,Hors agglomération,Hors intersection,Normale,Deux véhicules - frontale,,,,,,,,,,,1,1,1,1.0,1
201200004134,0012-07-21 15:15:00,12,7,21,15,15,320,107,,43.998,0.362,Plein jour,Hors agglomération,Hors intersection,Normale,Deux véhicules - frontale,,,,,,,,,,,1,1,1,1.0,1
201200004135,0012-08-14 19:30:00,12,8,14,19,30,320,83,RUE DE VERDUZAN,43.809,0.42601,Plein jour,En agglomération,Hors intersection,Normale,Sans collision,,,,,,,,,,,1,2,1,1.0,7
201200004136,0012-09-18 20:15:00,12,9,18,20,15,320,194,,43.937,0.30472,Nuit sans éclairage public,Hors agglomération,Hors intersection,Normale,Autre collision,,,,,,,,,,,3,1,1,1.0,6
201200004137,0012-09-21 19:00:00,12,9,21,19,0,320,107,APRES ROND POINT BUZON,43.9561,0.36933,Plein jour,En agglomération,Hors intersection,Normale,Deux véhicules - côté,,,,,,,,,,,1,2,1,1.0,3
201200004138,0012-10-09 17:30:00,12,10,9,17,30,320,75,,43.9009,0.35095,Plein jour,Hors agglomération,Intersection en T,Normale,Deux véhicules - côté,,,,,,,,,,,1,1,3,1.0,3
201200004139,0012-10-31 12:00:00,12,10,31,12,0,320,212,,44.0339,0.46762,Plein jour,Hors agglomération,Hors intersection,Pluie légère,Autre collision,,,,,,,,,,,1,1,1,2.0,6
201200004140,0012-10-31 14:30:00,12,10,31,14,30,320,459,,43.8683,0.36238,Plein jour,Hors agglomération,Hors intersection,Normale,Autre collision,,,,,,,,,,,1,1,1,1.0,6
201200004141,0012-11-14 18:15:00,12,11,14,18,15,320,107,,43.966,0.32459,Nuit sans éclairage public,Hors agglomération,Hors intersection,Normale,Sans collision,,,,,,,,,,,3,1,1,1.0,7
201200004142,0012-12-01 16:15:00,12,12,1,16,15,320,107,QUAI BUZON,43.96,0.371,Plein jour,En agglomération,Hors intersection,Normale,Autre collision,,,,,,,,,,,1,2,1,1.0,6
201200004143,0012-12-06 06:45:00,12,12,6,6,45,320,292,,43.9112,0.30436,Nuit sans éclairage public,Hors agglomération,Hors intersection,Brouillard / fumée,Autre collision,,,,,,,,,,,3,1,1,5.0,6
201200004144,0012-12-26 08:30:00,12,12,26,8,30,320,107,le Saliesse,43.966,0.387,Plein jour,Hors agglomération,Hors intersection,Normale,Deux véhicules - côté,,,,,,,,,,,1,1,1,1.0,3
201200004145,0012-12-29 14:30:00,12,12,29,14,30,320,290,,43.9181,0.16076,Plein jour,Hors agglomération,Hors intersection,Normale,Sans collision,,,,,,,,,,,1,1,1,1.0,7
201200004146,0012-02-17 02:30:00,12,2,17,2,30,320,296,,43.767,-0.0169,Nuit sans éclairage public,Hors agglomération,Hors intersection,Normale,Sans collision,,,,,,,,,,,3,1,1,1.0,7
201200004147,0012-03-30 09:30:00,12,3,30,9,30,320,119,BD CHARLES DE GAULLE,43.8595,0.10014,Plein jour,En agglomération,Hors intersection,Normale,Autre collision,,,,,,,,,,,1,2,1,1.0,6
201200004148,0012-04-16 15:00:00,12,4,16,15,0,320,149,,43.9041,0.26682,Plein jour,Hors agglomération,Hors intersection,Normale,Deux véhicules - arrière,,,,,,,,,,,1,1,1,1.0,2
201200004149,0012-04-28 12:40:00,12,4,28,12,40,320,296,,43.7662,-0.01909,Plein jour,Hors agglomération,Hors intersection,Normale,Deux véhicules - frontale,,,,,,,,,,,1,1,1,1.0,1
201200004150,0012-05-05 14:05:00,12,5,5,14,5,320,211,,43.866,-0.06679,Plein jour,Hors agglomération,Hors intersection,Normale,Deux véhicules - côté,,,,,,,,,,,1,1,1,1.0,3
201200004151,0012-05-19 14:45:00,12,5,19,14,45,320,31,,43.8079,0.12948,Plein jour,Hors agglomération,Intersection en T,Pluie légère,Deux véhicules - côté,,,,,,,,,,,1,1,3,2.0,3
201200004152,0012-05-27 12:45:00,12,5,27,12,45,320,119,AV DES PYR?N?ES,43.8452,0.09311,Plein jour,Hors agglomération,Hors intersection,Normale,Sans collision,,,,,,,,,,,1,1,1,1.0,7
201200004153,0012-07-13 17:00:00,12,7,13,17,0,320,340,,43.8579,0.04919,Plein jour,Hors agglomération,Hors intersection,Normale,Deux véhicules - côté,,,,,,,,,,,1,1,1,1.0,3
201200004154,0012-07-25 18:30:00,12,7,25,18,30,320,5,,43.7492,-0.08094,Plein jour,Hors agglomération,Hors intersection,Normale,Deux véhicules - côté,,,,,,,,,,,1,1,1,1.0,3
201200004155,0012-07-28 03:15:00,12,7,28,3,15,320,100,,43.88,0.17023,Nuit sans éclairage public,Hors agglomération,Hors intersection,Normale,Autre collision,,,,,,,,,,,3,1,1,1.0,6
201200004156,0012-08-05 07:30:00,12,8,5,7,30,320,155,,43.7571,-0.1972,Plein jour,Hors agglomération,Hors intersection,Pluie légère,Deux véhicules - frontale,,,,,,,,,,,1,1,1,2.0,1
201200004157,0012-09-01 14:45:00,12,9,1,14,45,320,149,,43.9046,0.27678,Plein jour,Hors agglomération,Hors intersection,Normale,Sans collision,,,,,,,,,,,1,1,1,1.0,7
201200004158,0012-09-27 06:15:00,12,9,27,6,15,320,119,,43.8541,0.0937,Crépuscule ou aube,Hors agglomération,Hors intersection,Pluie légère,Deux véhicules - frontale,,,,,,,,,,,2,1,1,2.0,1
201200004159,0012-10-30 14:30:00,12,10,30,14,30,320,119,,43.8863,0.09993,Plein jour,Hors agglomération,Hors intersection,Normale,Autre collision,,,,,,,,,,,1,1,1,1.0,6
201200004160,0012-10-30 19:00:00,12,10,30,19,0,320,149,,43.909,0.27501,Nuit sans éclairage public,Hors agglomération,Hors intersection,Normale,Trois véhicules et plus - en chaîne,,,,,,,,,,,3,1,1,1.0,4
201200004161,0012-11-14 19:15:00,12,11,14,19,15,320,340,,,,Nuit sans éclairage public,Hors agglomération,Hors intersection,Normale,Deux véhicules - côté,,,,,,,,,,,3,1,1,1.0,3
201200004162,0012-11-21 13:30:00,12,11,21,13,30,320,290,,,,Plein jour,Hors agglomération,Hors intersection,Pluie légère,Sans collision,,,,,,,,,,,1,1,1,2.0,7
201200004163,0012-11-24 07:15:00,12,11,24,7,15,320,79,,43.9508,0.05989,Plein jour,Hors agglomération,Hors intersection,Normale,Autre collision,,,,,,,,,,,1,1,1,1.0,6
201200004164,0012-12-11 13:45:00,12,12,11,13,45,320,115,,43.7658,0.16393,Plein jour,Hors agglomération,Hors intersection,Normale,Sans collision,,,,,,,,,,,1,1,1,1.0,7
201200004165,0012-12-11 18:30:00,12,12,11,18,30,320,96,RUE LEONCE COUTURE,43.9337,-0.07029,Nuit avec éclairage allumé,En agglomération,Intersection en X,Normale,Deux véhicules - côté,,,,,,,,,,,5,2,2,1.0,3
201200004166,0012-12-15 02:45:00,12,12,15,2,45,320,340,Au village REANS,,,Nuit avec éclairage allumé,En agglomération,Hors intersection,Pluie légère,Autre collision,,,,,,,,,,,5,2,1,2.0,6
201200004167,0012-12-22 01:30:00,12,12,22,1,30,320,296,,43.778,-0.02952,Nuit sans éclairage public,Hors agglomération,Hors intersection,Pluie légère,Autre collision,,,,,,,,,,,3,1,1,2.0,6
201200004168,0012-01-24 12:30:00,12,1,24,12,30,320,239,,,,Plein jour,Hors agglomération,Hors intersection,Normale,Autre collision,,,,,,,,,,,1,1,1,1.0,6
201200004169,0012-03-22 17:00:00,12,3,22,17,0,320,132,,43.8613,0.68621,Plein jour,Hors agglomération,Hors intersection,Pluie légère,Autre collision,,,,,,,,,,,1,1,1,2.0,6
201200004170,0012-04-07 18:30:00,12,4,7,18,30,320,132,,43.8435,0.66147,Plein jour,En agglomération,Hors intersection,Pluie légère,Autre collision,,,,,,,,,,,1,2,1,2.0,6
201200004171,0012-04-29 07:30:00,12,4,29,7,30,320,132,,43.8281,0.65528,Plein jour,Hors agglomération,Hors intersection,Normale,Autre collision,,,,,,,,,,,1,1,1,1.0,6
201200004172,0012-05-04 09:15:00,12,5,4,9,15,320,364,,43.9821,0.67542,Plein jour,Hors agglomération,Hors intersection,Temps couvert,Autre collision,,,,,,,,,,,1,1,1,8.0,6
201200004173,0012-05-16 10:15:00,12,5,16,10,15,320,132,R JOLIOT CURIE/DES ALLI?,43.8515,0.65979,Plein jour,En agglomération,Intersection en Y,Normale,Deux véhicules - côté,,,,,,,,,,,1,2,4,1.0,3
201200004174,0012-05-25 10:30:00,12,5,25,10,30,320,158,,43.924,0.73214,Plein jour,Hors agglomération,Hors intersection,Normale,Sans collision,,,,,,,,,,,1,1,1,1.0,7
201200004175,0012-06-23 16:30:00,12,6,23,16,30,320,208,,43.9605,0.64515,Plein jour,Hors agglomération,Hors intersection,Normale,Deux véhicules - frontale,,,,,,,,,,,1,1,1,1.0,1
201200004176,0012-06-26 20:00:00,12,6,26,20,0,320,101,,43.826,0.677,Plein jour,Hors agglomération,Hors intersection,Normale,Deux véhicules - frontale,,,,,,,,,,,1,1,1,1.0,1
201200004177,0012-07-05 14:45:00,12,7,5,14,45,320,208,,43.9206,0.62395,Plein jour,Hors agglomération,Hors intersection,Normale,Deux véhicules - côté,,,,,,,,,,,1,1,1,1.0,3
201200004178,0012-07-08 19:00:00,12,7,8,19,0,320,132,"""P?RISS?""",43.8511,0.64093,Plein jour,Hors agglomération,Hors intersection,Normale,Autre collision,,,,,,,,,,,1,1,1,1.0,6
201200004179,0012-07-16 13:45:00,12,7,16,13,45,320,457,,43.8629,0.69452,Plein jour,Hors agglomération,Hors intersection,Normale,Autre collision,,,,,,,,,,,1,1,1,1.0,6
201200004180,0012-07-18 09:15:00,12,7,18,9,15,320,184,,43.8035,0.68116,Plein jour,Hors agglomération,Hors intersection,Normale,Autre collision,,,,,,,,,,,1,1,1,1.0,6
201200004181,0012-07-24 19:30:00,12,7,24,19,30,320,239,,43.9401,0.55788,Plein jour,Hors agglomération,Intersection en X,Normale,Deux véhicules - côté,,,,,,,,,,,1,1,2,1.0,3
201200004182,0012-07-27 20:30:00,12,7,27,20,30,320,132,"""LES TILLASSES""",43.8207,0.65229,Crépuscule ou aube,Hors agglomération,Hors intersection,Pluie forte,Deux véhicules - frontale,,,,,,,,,,,2,1,1,3.0,1
201200004183,0012-08-18 23:45:00,12,8,18,23,45,320,286,,43.7777,0.61881,Nuit sans éclairage public,Hors agglomération,Hors intersection,Normale,Deux véhicules - arrière,,,,,,,,,,,3,1,1,1.0,2
201200004184,0012-08-25 10:45:00,12,8,25,10,45,320,23,,43.8771,0.80118,Plein jour,Hors agglomération,Hors intersection,Normale,Deux véhicules - côté,,,,,,,,,,,1,1,1,1.0,3
201200004185,0012-10-08 19:00:00,12,10,8,19,0,320,132,"""HOURTANET""",43.8219,0.65278,Plein jour,Hors agglomération,Intersection en X,Normale,Sans collision,,,,,,,,,,,1,1,2,1.0,7
201200004186,0012-10-20 10:00:00,12,10,20,10,0,320,253,,44.002,0.7617,Plein jour,Hors agglomération,Hors intersection,Pluie forte,Sans collision,,,,,,,,,,,1,1,1,3.0,7
201200004187,0012-10-23 15:45:00,12,10,23,15,45,320,132,12 RUE DOCTEUR LAPEYRE,43.8473,0.66651,Plein jour,En agglomération,Hors intersection,Normale,Autre collision,,,,,,,,,,,1,2,1,1.0,6
201200004188,0012-10-25 20:00:00,12,10,25,20,0,320,208,,43.9429,0.6579,Nuit sans éclairage public,Hors agglomération,Hors intersection,Pluie légère,Sans collision,,,,,,,,,,,3,1,1,2.0,7
201200004189,0012-11-03 08:30:00,12,11,3,8,30,320,132,AVENUE D'ARTAGNAN,43.857,0.655,Nuit sans éclairage public,En agglomération,Hors intersection,Normale,Autre collision,,,,,,,,,,,3,2,1,1.0,6
201200004190,0012-12-14 16:30:00,12,12,14,16,30,320,132,,43.8134,0.60815,Plein jour,Hors agglomération,Hors intersection,Pluie légère,Sans collision,,,,,,,,,,,1,1,1,2.0,7
201200004191,0012-03-28 13:15:00,12,3,28,13,15,320,361,,43.431,0.5157,Plein jour,Hors agglomération,Intersection en X,Normale,Deux véhicules - côté,,,,,,,,,,,1,1,2,1.0,3
201200004192,0012-04-03 07:45:00,12,4,3,7,45,320,304,,,,Plein jour,Hors agglomération,Hors intersection,Normale,Deux véhicules - frontale,,,,,,,,,,,1,1,1,1.0,1
201200004193,0012-04-16 22:00:00,12,4,16,22,0,320,393,,43.4764,0.33449,Nuit sans éclairage public,Hors agglomération,Hors intersection,Normale,Autre collision,,,,,,,,,,,3,1,1,1.0,6
201200004194,0012-04-29 04:15:00,12,4,29,4,15,320,256,,43.516,0.408,Nuit avec éclairage allumé,En agglomération,Hors intersection,Autre,Sans collision,,,,,,,,,,,5,2,1,9.0,7
201200004195,0012-05-11 19:30:00,12,5,11,19,30,320,361,,43.4277,0.5242,Plein jour,Hors agglomération,Hors intersection,Normale,Deux véhicules - côté,,,,,,,,,,,1,1,1,1.0,3
201200004196,0012-06-05 11:15:00,12,6,5,11,15,320,256,AVENUE ST ROCH,43.5141,0.40012,Plein jour,En agglomération,Hors intersection,Normale,Autre collision,,,,,,,,,,,1,2,1,1.0,6
201200004197,0012-06-29 08:15:00,12,6,29,8,15,320,394,"RTE DE MONCASSIN ""VERDIE",43.4835,0.47138,Plein jour,Hors agglomération,Hors intersection,Temps couvert,Deux véhicules - frontale,,,,,,,,,,,1,1,1,8.0,1
201200004198,0012-07-13 08:30:00,12,7,13,8,30,320,256,AVENUE DE CHANZY,43.5107,0.40344,Plein jour,En agglomération,Hors intersection,Normale,Autre collision,,,,,,,,,,,1,2,1,1.0,6
201200004199,0012-07-15 08:30:00,12,7,15,8,30,320,45,,43.483,0.409,Plein jour,Hors agglomération,Hors intersection,Normale,Autre collision,,,,,,,,,,,1,1,1,1.0,6
201200004200,0012-08-08 13:30:00,12,8,8,13,30,320,426,,43.4848,0.61361,Plein jour,Hors agglomération,Hors intersection,Normale,Sans collision,,,,,,,,,,,1,1,1,1.0,7
201200004201,0012-03-16 12:15:00,12,3,16,12,15,320,175,,43.5377,0.05201,Plein jour,Hors agglomération,Hors intersection,Normale,Autre collision,,,,,,,,,,,1,1,1,1.0,6
201200004202,0012-04-08 08:00:00,12,4,8,8,0,320,225,,43.4312,0.18665,Crépuscule ou aube,Hors agglomération,Hors intersection,Pluie légère,Autre collision,,,,,,,,,,,2,1,1,2.0,6
201200004203,0012-06-19 12:00:00,12,6,19,12,0,320,464,,43.3969,0.20752,Plein jour,Hors agglomération,Hors intersection,Pluie légère,Deux véhicules - côté,,,,,,,,,,,1,1,1,2.0,3
201200004204,0012-07-17 23:30:00,12,7,17,23,30,320,285,Rte Bassoues Pont Stade,,,Nuit sans éclairage public,En agglomération,Hors intersection,Normale,Sans collision,,,,,,,,,,,3,2,1,1.0,7
201200004205,0012-07-21 16:45:00,12,7,21,16,45,320,111,,43.5785,0.15116,Plein jour,Hors agglomération,Hors intersection,Normale,Autre collision,,,,,,,,,,,1,1,1,1.0,6
201200004206,0012-08-07 09:30:00,12,8,7,9,30,320,373,,,,Plein jour,Hors agglomération,Hors intersection,Normale,Autre collision,,,,,,,,,,,1,1,1,1.0,6
201200004207,0012-08-13 03:00:00,12,8,13,3,0,320,205,,43.5297,0.21188,Nuit sans éclairage public,Hors agglomération,Hors intersection,Normale,Autre collision,,,,,,,,,,,3,1,1,1.0,6
201200004208,0012-09-07 17:30:00,12,9,7,17,30,320,181,,43.4185,0.23714,Plein jour,Hors agglomération,Hors intersection,Normale,Deux véhicules - frontale,,,,,,,,,,,1,1,1,1.0,1
201200004209,0012-01-12 14:00:00,12,1,12,14,0,320,170,,43.6337,-0.18521,Plein jour,Hors agglomération,Hors intersection,Normale,Deux véhicules - frontale,,,,,,,,,,,1,1,1,1.0,1
201200004210,0012-01-27 10:30:00,12,1,27,10,30,320,439,,43.6755,-0.1056,Plein jour,Hors agglomération,Hors intersection,Normale,Sans collision,,,,,,,,,,,1,1,1,1.0,7
201200004211,0012-02-16 08:00:00,12,2,16,8,0,320,235,,43.6888,0.08304,Plein jour,Hors agglomération,Hors intersection,Normale,Sans collision,,,,,,,,,,,1,1,1,1.0,7
201200004212,0012-03-13 13:50:00,12,3,13,13,50,320,70,,43.6411,-0.02007,Plein jour,Hors agglomération,Hors intersection,Normale,Deux véhicules - frontale,,,,,,,,,,,1,1,1,1.0,1
201200004213,0012-04-16 08:45:00,12,4,16,8,45,320,235,,43.7089,0.11195,Plein jour,Hors agglomération,Hors intersection,Normale,Sans collision,,,,,,,,,,,1,1,1,1.0,7
201200004214,0012-07-06 19:45:00,12,7,6,19,45,320,199,,43.6325,0.04625,Plein jour,Hors agglomération,Hors intersection,Normale,Autre collision,,,,,,,,,,,1,1,1,1.0,6
201200004215,0012-02-13 08:00:00,12,2,13,8,0,460,217,,44.3206,1.46895,Plein jour,Hors agglomération,Hors intersection,Normale,Sans collision,,,,,,,,,,,1,1,1,1.0,7
201200004216,0012-02-16 17:30:00,12,2,16,17,30,460,137,,44.3903,1.43579,Plein jour,Hors agglomération,Hors intersection,Normale,Autre collision,,,,,,,,,,,1,1,1,1.0,6
201200004217,0012-03-05 10:00:00,12,3,5,10,0,460,103,,44.2821,1.4089,Plein jour,Hors agglomération,Hors intersection,Normale,Sans collision,,,,,,,,,,,1,1,1,1.0,7
201200004218,0012-03-31 16:45:00,12,3,31,16,45,460,137,,44.3906,1.36062,Plein jour,Hors agglomération,Hors intersection,Normale,Autre collision,,,,,,,,,,,1,1,1,1.0,6
201200004219,0012-05-05 06:45:00,12,5,5,6,45,460,109,,44.339,1.503,Plein jour,Hors agglomération,Hors intersection,Normale,Autre collision,,,,,,,,,,,1,1,1,1.0,6
201200004220,0012-06-13 18:30:00,12,6,13,18,30,460,285,,44.368,1.273,Plein jour,Hors agglomération,Hors intersection,Normale,Deux véhicules - frontale,,,,,,,,,,,1,1,1,1.0,1
201200004221,0012-06-22 06:15:00,12,6,22,6,15,460,217,,44.32636,1.41214,Crépuscule ou aube,Hors agglomération,Hors intersection,Normale,Autre collision,,,,,,,,,,,2,1,1,1.0,6
201200004222,0012-07-03 07:45:00,12,7,3,7,45,460,140,,44.39099,1.54646,Plein jour,Hors agglomération,Hors intersection,Normale,Deux véhicules - frontale,,,,,,,,,,,1,1,1,1.0,1
201200004223,0012-09-06 23:30:00,12,9,6,23,30,460,137,,44.39,1.395,Nuit sans éclairage public,Hors agglomération,Hors intersection,Normale,Sans collision,,,,,,,,,,,3,1,1,1.0,7
201200004224,0012-09-14 03:45:00,12,9,14,3,45,460,70,,44.38301,1.51793,Nuit sans éclairage public,Hors agglomération,Hors intersection,Normale,Autre collision,,,,,,,,,,,3,1,1,1.0,6
201200004225,0012-10-06 09:15:00,12,10,6,9,15,460,197,,44.35493,1.46132,Plein jour,Hors agglomération,Hors intersection,Temps éblouissant,Deux véhicules - arrière,,,,,,,,,,,1,1,1,7.0,2
201200004226,0012-12-07 17:45:00,12,12,7,17,45,460,217,,44.32872,1.46533,Nuit sans éclairage public,Hors agglomération,Intersection en X,Temps couvert,Trois véhicules et plus - collisions multiples,,,,,,,,,,,3,1,2,8.0,5
201200004227,0012-01-20 15:45:00,12,1,20,15,45,460,99,,44.4004,1.17247,Plein jour,Hors agglomération,Hors intersection,Normale,Sans collision,,,,,,,,,,,1,1,1,1.0,7