accident_id,datetime,annee,mois,jour,heure,minute,departement,commune_insee,adresse,latitude,longitude,luminosite,agglomeration,intersection,meteo,collision,nb_vehicules,nb_usagers,nb_indemnes,nb_tues,nb_blesses_hosp,nb_blesses_legers,age_cond_1,age_cond_2,veh_type_cond_1,veh_type_cond_2,lum_code,agg_code,int_code,atm_code,col_code
201200004361,0012-05-16 10:45:00,12,5,16,10,45,810,38,,43.885,1.911,Plein jour,Hors agglomération,Hors intersection,Normale,Sans collision,,,,,,,,,,,1,1,1,1.0,7
201200004362,0012-05-17 10:00:00,12,5,17,10,0,810,90,,43.859,2.077,Plein jour,Hors agglomération,Hors intersection,Normale,Autre collision,,,,,,,,,,,1,1,1,1.0,6
201200004363,0012-08-01 07:45:00,12,8,1,7,45,810,225,,43.923,1.952,Plein jour,Hors agglomération,Hors intersection,Normale,Deux véhicules - frontale,,,,,,,,,,,1,1,1,1.0,1
201200004364,0012-08-10 14:15:00,12,8,10,14,15,810,131,,43.889,1.993,Plein jour,Hors agglomération,Hors intersection,Normale,Autre collision,,,,,,,,,,,1,1,1,1.0,6
201200004365,0012-10-23 16:30:00,12,10,23,16,30,810,283,,43.941,1.945,Plein jour,Hors agglomération,Hors intersection,Normale,Deux véhicules - frontale,,,,,,,,,,,1,1,1,1.0,1
201200004366,0012-12-27 17:15:00,12,12,27,17,15,810,38,,43.882,1.891,Crépuscule ou aube,Hors agglomération,Hors intersection,Pluie légère,Deux véhicules - côté,,,,,,,,,,,2,1,1,2.0,3
201200004367,0012-09-04 10:40:00,12,9,4,10,40,690,149,Rue du Professeur FLEMIN,,,Plein jour,En agglomération,Hors intersection,Temps couvert,Autre collision,,,,,,,,,,,1,2,1,8.0,6
201200004368,0012-02-05 06:30:00,12,2,5,6,30,690,89,27 av table de Pierre,,,Nuit avec éclairage allumé,En agglomération,Hors intersection,Normale,Autre collision,,,,,,,,,,,5,2,1,1.0,6
201200004369,0012-02-27 18:30:00,12,2,27,18,30,690,69,avenue pierre dumond,45.746,4.696,Crépuscule ou aube,En agglomération,Hors intersection,Normale,Autre collision,,,,,,,,,,,2,2,1,1.0,6
201200004370,0012-03-14 16:30:00,12,3,14,16,30,690,69,rue marcel plasse,45.751,4.737,Plein jour,En agglomération,Hors intersection,Normale,Autre collision,,,,,,,,,,,1,2,1,1.0,6
201200004371,0012-04-08 04:00:00,12,4,8,4,0,690,89,54 chemin des hermières,,,Nuit avec éclairage allumé,En agglomération,Hors intersection,Normale,Deux véhicules - côté,,,,,,,,,,,5,2,1,1.0,3
201200004372,0012-05-09 19:00:00,12,5,9,19,0,690,89,av. table de pierre,,,Plein jour,En agglomération,Hors intersection,Normale,Autre collision,,,,,,,,,,,1,2,1,1.0,6
201200004373,0012-06-08 07:30:00,12,6,8,7,30,690,89,82 avenue du chater,,,Plein jour,En agglomération,Hors intersection,Pluie légère,Autre collision,,,,,,,,,,,1,2,1,2.0,6
201200004374,0012-09-17 18:00:00,12,9,17,18,0,690,205,RUE GEORGES KAYSER,,,Plein jour,En agglomération,Giratoire,Normale,Deux véhicules - côté,,,,,,,,,,,1,2,6,1.0,3
201200004375,0012-09-25 10:45:00,12,9,25,10,45,690,69,80avenue edouard Millaud,,,Plein jour,En agglomération,Hors intersection,Normale,Autre collision,,,,,,,,,,,1,2,1,1.0,6
201200004376,0012-10-09 12:30:00,12,10,9,12,30,690,89,avenue taffignon,,,Plein jour,En agglomération,Hors intersection,Normale,Autre collision,,,,,,,,,,,1,2,1,1.0,6
201200004377,0012-10-27 06:45:00,12,10,27,6,45,690,69,22 avenue edouard millau,45.752,4.744,Nuit avec éclairage allumé,En agglomération,Hors intersection,Pluie légère,Deux véhicules - frontale,,,,,,,,,,,5,2,1,2.0,1
201200004378,0012-01-07 01:55:00,12,1,7,1,55,20,408,BOURG (RUE DU),49.56454,3.61962,Nuit avec éclairage allumé,En agglomération,Intersection en T,Temps couvert,Autre collision,,,,,,,,,,,5,2,3,8.0,6
201200004379,0012-01-08 01:30:00,12,1,8,1,30,20,408,"34, GAMBETTA (AVENUE)",49.5666,3.63131,Nuit avec éclairage allumé,En agglomération,Hors intersection,Pluie légère,Autre collision,,,,,,,,,,,5,2,1,2.0,6
201200004380,0012-10-06 20:40:00,12,10,6,20,40,20,408,RD 967,,,Nuit sans éclairage public,Hors agglomération,Hors intersection,Pluie légère,Autre collision,,,,,,,,,,,3,1,1,2.0,6
201200004381,0012-08-25 18:00:00,12,8,25,18,0,20,408,VOLTAIRE (RUE),49.57622,3.65444,Plein jour,En agglomération,Intersection en X,Normale,Deux véhicules - côté,,,,,,,,,,,1,2,2,1.0,3
201200004382,0012-10-04 07:50:00,12,10,4,7,50,20,408,Leon Blum,49.56942,3.64219,Plein jour,En agglomération,Intersection en T,Pluie forte,Deux véhicules - côté,,,,,,,,,,,1,2,3,3.0,3
201200004383,0012-10-17 09:43:00,12,10,17,9,43,20,408,"21, CARNOT (AVENUE)",49.56945,3.62413,Plein jour,En agglomération,Giratoire,Temps couvert,Autre collision,,,,,,,,,,,1,2,6,8.0,6
201200004384,0012-10-23 18:00:00,12,10,23,18,0,20,408,"400, POMPIDOU (AVENUE GE",49.55346,3.62612,Plein jour,En agglomération,Intersection en T,Normale,Deux véhicules - côté,,,,,,,,,,,1,2,3,1.0,3
201200004385,0012-10-26 07:58:00,12,10,26,7,58,20,408,RD 1044,,,Plein jour,Hors agglomération,Hors intersection,Normale,Deux véhicules - frontale,,,,,,,,,,,1,1,1,1.0,1
201200004386,0012-11-04 18:10:00,12,11,4,18,10,20,28,"3, GEORGES BRASSENS (RUE",,,Nuit avec éclairage allumé,Hors agglomération,Intersection en T,Normale,Autre collision,,,,,,,,,,,5,1,3,1.0,6
201200004387,0012-11-09 21:25:00,12,11,9,21,25,20,408,"0, GAMBETTA (AVENUE)",49.56611,3.62923,Nuit avec éclairage allumé,En agglomération,Hors intersection,Pluie légère,Deux véhicules - frontale,,,,,,,,,,,5,2,1,2.0,1
201200004388,0012-11-13 18:38:00,12,11,13,18,38,20,408,"3, LENAIN (RUE)",49.56575,3.62253,Nuit avec éclairage allumé,En agglomération,Hors intersection,Normale,Autre collision,,,,,,,,,,,5,2,1,1.0,6
201200004389,0012-11-22 18:20:00,12,11,22,18,20,20,408,RN2,,,Nuit sans éclairage public,Hors agglomération,Hors intersection,Temps couvert,Trois véhicules et plus - en chaîne,,,,,,,,,,,3,1,1,8.0,4
201200004390,0012-11-23 17:30:00,12,11,23,17,30,20,408,"93, DE GAULLE (AVENUE CH",49.56903,3.64539,Nuit avec éclairage allumé,En agglomération,Hors intersection,Pluie forte,Autre collision,,,,,,,,,,,5,2,1,3.0,6
201200004391,0012-01-09 12:30:00,12,1,9,12,30,810,272,,43.941,1.575,Plein jour,Hors agglomération,Hors intersection,Normale,Deux véhicules - côté,,,,,,,,,,,1,1,1,1.0,3
201200004392,0012-03-17 06:15:00,12,3,17,6,15,810,220,,43.844,1.759,Crépuscule ou aube,Hors agglomération,Hors intersection,Normale,Sans collision,,,,,,,,,,,2,1,1,1.0,7
201200004393,0012-03-31 15:30:00,12,3,31,15,30,810,145,,43.872,1.827,Plein jour,Hors agglomération,Hors intersection,Temps éblouissant,Autre collision,,,,,,,,,,,1,1,1,7.0,6
201200004394,0012-08-11 18:15:00,12,8,11,18,15,810,175,,43.956,1.585,Plein jour,Hors agglomération,Hors intersection,Normale,Autre collision,,,,,,,,,,,1,1,1,1.0,6
201200004395,0012-09-19 17:00:00,12,9,19,17,0,810,145,,,,Plein jour,Hors agglomération,Hors intersection,Normale,Autre collision,,,,,,,,,,,1,1,1,1.0,6
201200004396,0012-03-17 17:45:00,12,3,17,17,45,810,2,,43.517,2.327,Plein jour,Hors agglomération,Hors intersection,Normale,Deux véhicules - côté,,,,,,,,,,,1,1,1,1.0,3
201200004397,0012-11-28 17:15:00,12,11,28,17,15,810,55,,43.418,2.069,Plein jour,Hors agglomération,Hors intersection,Pluie légère,Deux véhicules - frontale,,,,,,,,,,,1,1,1,2.0,1
201200004398,0012-03-01 06:30:00,12,3,1,6,30,810,50,,43.582,1.848,Crépuscule ou aube,Hors agglomération,Hors intersection,Normale,Deux véhicules - côté,,,,,,,,,,,2,1,1,1.0,3
201200004399,0012-05-20 00:15:00,12,5,20,0,15,810,219,,43.563,2.04999,Nuit sans éclairage public,Hors agglomération,Hors intersection,Pluie forte,Autre collision,,,,,,,,,,,3,1,1,3.0,6
201200004400,0012-06-07 18:00:00,12,6,7,18,0,810,162,,43.588,1.811,Plein jour,Hors agglomération,Hors intersection,Pluie forte,Deux véhicules - frontale,,,,,,,,,,,1,1,1,3.0,1
201200004401,0012-07-31 11:30:00,12,7,31,11,30,810,219,,43.589,2.03399,Plein jour,Hors agglomération,Hors intersection,Normale,Deux véhicules - frontale,,,,,,,,,,,1,1,1,1.0,1
201200004402,0012-08-11 19:15:00,12,8,11,19,15,810,162,,43.592,1.808,Plein jour,Hors agglomération,Hors intersection,Normale,Sans collision,,,,,,,,,,,1,1,1,1.0,7
201200004403,0012-09-15 17:15:00,12,9,15,17,15,810,54,,43.576,2.138,Plein jour,Hors agglomération,Hors intersection,Normale,Deux véhicules - côté,,,,,,,,,,,1,1,1,1.0,3
201200004404,0012-10-19 18:15:00,12,10,19,18,15,810,219,,43.572,1.95,Plein jour,Hors agglomération,Hors intersection,Normale,Deux véhicules - côté,,,,,,,,,,,1,1,1,1.0,3
201200004405,0012-10-30 09:30:00,12,10,30,9,30,810,76,,43.578,1.868,Plein jour,Hors agglomération,Hors intersection,Normale,Deux véhicules - frontale,,,,,,,,,,,1,1,1,1.0,1
201200004406,0012-11-24 16:00:00,12,11,24,16,0,810,32,,43.548,2.012,Plein jour,Hors agglomération,Hors intersection,Normale,Deux véhicules - frontale,,,,,,,,,,,1,1,1,1.0,1
201200004407,0012-11-28 16:15:00,12,11,28,16,15,810,127,,43.57,1.927,Plein jour,Hors agglomération,Hors intersection,Normale,Sans collision,,,,,,,,,,,1,1,1,1.0,7
201200004408,0012-01-19 14:30:00,12,1,19,14,30,820,87,,,,Plein jour,Hors agglomération,Hors intersection,Pluie légère,Deux véhicules - frontale,,,,,,,,,,,1,1,1,2.0,1
201200004409,0012-03-16 16:45:00,12,3,16,16,45,820,39,,,,Plein jour,Hors agglomération,Hors intersection,Normale,Deux véhicules - arrière,,,,,,,,,,,1,1,1,1.0,2
201200004410,0012-03-30 07:00:00,12,3,30,7,0,820,144,,,,Plein jour,Hors agglomération,Hors intersection,Normale,Sans collision,,,,,,,,,,,1,1,1,1.0,7
201200004411,0012-04-05 09:00:00,12,4,5,9,0,820,195,,,,Plein jour,Hors agglomération,Hors intersection,Temps couvert,Autre collision,,,,,,,,,,,1,1,1,8.0,6
201200004412,0012-04-21 19:30:00,12,4,21,19,30,820,90,,,,Plein jour,Hors agglomération,Hors intersection,Temps couvert,Deux véhicules - frontale,,,,,,,,,,,1,1,1,8.0,1
201200004413,0012-06-30 09:00:00,12,6,30,9,0,820,159,,,,Plein jour,Hors agglomération,Intersection en X,Normale,Deux véhicules - côté,,,,,,,,,,,1,1,2,1.0,3
201200004414,0012-07-19 23:30:00,12,7,19,23,30,820,195,,44.077,1.285,Nuit sans éclairage public,Hors agglomération,Hors intersection,Normale,Autre collision,,,,,,,,,,,3,1,1,1.0,6
201200004415,0012-07-23 21:00:00,12,7,23,21,0,820,90,,,,Crépuscule ou aube,Hors agglomération,Hors intersection,Temps éblouissant,Deux véhicules - frontale,,,,,,,,,,,2,1,1,7.0,1
201200004416,0012-08-11 09:00:00,12,8,11,9,0,820,37,boulevard l?once granier,,,Plein jour,En agglomération,Hors intersection,Normale,Deux véhicules - frontale,,,,,,,,,,,1,2,1,1.0,1
201200004417,0012-08-18 21:15:00,12,8,18,21,15,820,87,,,,Crépuscule ou aube,Hors agglomération,Hors intersection,Normale,Autre collision,,,,,,,,,,,2,1,1,1.0,6
201200004418,0012-08-20 18:30:00,12,8,20,18,30,820,149,chemin du stade,,,Plein jour,En agglomération,Hors intersection,Normale,Deux véhicules - frontale,,,,,,,,,,,1,2,1,1.0,1
201200004419,0012-09-19 03:45:00,12,9,19,3,45,820,131,,,,Nuit sans éclairage public,Hors agglomération,Hors intersection,Temps couvert,Autre collision,,,,,,,,,,,3,1,1,8.0,6
201200004420,0012-10-16 15:45:00,12,10,16,15,45,820,37,avenue jaures/rue ingres,,,Plein jour,En agglomération,Hors intersection,Pluie légère,Deux véhicules - côté,,,,,,,,,,,1,2,1,2.0,3
201200004421,0012-12-01 17:15:00,12,12,1,17,15,820,179,chemin des Carriers,,,Crépuscule ou aube,En agglomération,Hors intersection,Normale,Sans collision,,,,,,,,,,,2,2,1,1.0,7
201200004422,0012-12-30 05:30:00,12,12,30,5,30,820,179,chemin des noyers,,,Nuit sans éclairage public,En agglomération,Hors intersection,Pluie légère,Autre collision,,,,,,,,,,,3,2,1,2.0,6
201200004423,0012-01-21 14:00:00,12,1,21,14,0,820,134,,44.092,1.498,Plein jour,Hors agglomération,Hors intersection,Pluie légère,Autre collision,,,,,,,,,,,1,1,1,2.0,6
201200004424,0012-02-01 07:45:00,12,2,1,7,45,820,115,,,,Crépuscule ou aube,Hors agglomération,Hors intersection,Normale,Autre collision,,,,,,,,,,,2,1,1,1.0,6
201200004425,0012-04-06 13:15:00,12,4,6,13,15,820,134,,44.073,1.525,Plein jour,En agglomération,Hors intersection,Normale,Autre collision,,,,,,,,,,,1,2,1,1.0,6
201200004426,0012-05-25 21:00:00,12,5,25,21,0,820,161,,,,Plein jour,Hors agglomération,Hors intersection,Normale,Sans collision,,,,,,,,,,,1,1,1,1.0,7
201200004427,0012-05-27 17:15:00,12,5,27,17,15,820,134,,44.059,1.537,Plein jour,Hors agglomération,Hors intersection,Normale,Deux véhicules - frontale,,,,,,,,,,,1,1,1,1.0,1
201200004428,0012-05-28 13:00:00,12,5,28,13,0,820,161,,,,Plein jour,Hors agglomération,Hors intersection,Normale,Deux véhicules - côté,,,,,,,,,,,1,1,1,1.0,3
201200004429,0012-06-27 11:45:00,12,6,27,11,45,820,176,,43.97,1.552,Plein jour,Hors agglomération,Hors intersection,Normale,Autre collision,,,,,,,,,,,1,1,1,1.0,6
201200004430,0012-11-26 11:00:00,12,11,26,11,0,820,161,,44.043,1.428,Plein jour,Hors agglomération,Hors intersection,Pluie forte,Deux véhicules - côté,,,,,,,,,,,1,1,1,3.0,3
201200004431,0012-01-20 08:45:00,12,1,20,8,45,820,137,,44.272,1.854,Plein jour,Hors agglomération,Hors intersection,Brouillard / fumée,Autre collision,,,,,,,,,,,1,1,1,5.0,6
201200004432,0012-04-15 06:15:00,12,4,15,6,15,820,155,Avenue Paul Benet,44.157,1.756,Crépuscule ou aube,En agglomération,Hors intersection,Temps couvert,Autre collision,,,,,,,,,,,2,2,1,8.0,6
201200004433,0012-05-27 08:30:00,12,5,27,8,30,820,155,,,,Plein jour,Hors agglomération,Hors intersection,Normale,Autre collision,,,,,,,,,,,1,1,1,1.0,6
201200004434,0012-06-05 19:15:00,12,6,5,19,15,820,155,,,,Plein jour,Hors agglomération,Hors intersection,Normale,Autre collision,,,,,,,,,,,1,1,1,1.0,6
201200004435,0012-08-25 14:45:00,12,8,25,14,45,820,147,,,,Plein jour,Hors agglomération,Hors intersection,Pluie légère,Autre collision,,,,,,,,,,,1,1,1,2.0,6
201200004436,0012-09-02 21:30:00,12,9,2,21,30,820,187,,,,Nuit sans éclairage public,Hors agglomération,Hors intersection,Normale,Autre collision,,,,,,,,,,,3,1,1,1.0,6
201200004437,0012-09-13 11:45:00,12,9,13,11,45,820,38,,,,Plein jour,Hors agglomération,Hors intersection,Pluie légère,Sans collision,,,,,,,,,,,1,1,1,2.0,7
201200004438,0012-10-12 08:00:00,12,10,12,8,0,820,38,avenue du p?re huc,44.241,1.768,Crépuscule ou aube,En agglomération,Hors intersection,Pluie légère,Autre collision,,,,,,,,,,,2,2,1,2.0,6
201200004439,0012-12-04 18:15:00,12,12,4,18,15,820,61,Le bourg,,,Nuit sans éclairage public,En agglomération,Hors intersection,Pluie forte,Autre collision,,,,,,,,,,,3,2,1,3.0,6
201200004440,0012-03-12 16:30:00,12,3,12,16,30,820,59,,43.842,0.942,Plein jour,Hors agglomération,Hors intersection,Normale,Deux véhicules - côté,,,,,,,,,,,1,1,1,1.0,3
201200004441,0012-04-24 10:00:00,12,4,24,10,0,820,97,,43.971,0.912,Plein jour,Hors agglomération,Hors intersection,Pluie légère,Autre collision,,,,,,,,,,,1,1,1,2.0,6
201200004442,0012-05-11 14:30:00,12,5,11,14,30,820,13,avenue du 19 mars 1962,43.889,0.986,Plein jour,En agglomération,Hors intersection,Normale,Deux véhicules - arrière,,,,,,,,,,,1,2,1,1.0,2
201200004443,0012-05-17 10:00:00,12,5,17,10,0,820,74,,,,Plein jour,Hors agglomération,Hors intersection,Normale,Sans collision,,,,,,,,,,,1,1,1,1.0,7
201200004444,0012-06-19 15:00:00,12,6,19,15,0,820,93,,43.932,1.108,Plein jour,Hors agglomération,Hors intersection,Normale,Autre collision,,,,,,,,,,,1,1,1,1.0,6
201200004445,0012-06-23 05:15:00,12,6,23,5,15,820,13,,43.864,0.992,Crépuscule ou aube,Hors agglomération,Hors intersection,Normale,Sans collision,,,,,,,,,,,2,1,1,1.0,7
201200004446,0012-08-04 14:00:00,12,8,4,14,0,820,180,,43.912,1.044,Plein jour,Hors agglomération,Hors intersection,Normale,Deux véhicules - frontale,,,,,,,,,,,1,1,1,1.0,1
201200004447,0012-09-09 14:00:00,12,9,9,14,0,820,13,343 rue du cimeti?re,43.89,0.99,Plein jour,En agglomération,Hors intersection,Normale,Autre collision,,,,,,,,,,,1,2,1,1.0,6
201200004448,0012-09-11 15:30:00,12,9,11,15,30,820,93,,43.929,1.074,Plein jour,Hors agglomération,Hors intersection,Normale,Deux véhicules - frontale,,,,,,,,,,,1,1,1,1.0,1
201200004449,0012-09-19 07:00:00,12,9,19,7,0,820,180,,43.925,1.068,Crépuscule ou aube,Hors agglomération,Hors intersection,Normale,Deux véhicules - frontale,,,,,,,,,,,2,1,1,1.0,1
201200004450,0012-07-29 22:00:00,12,7,29,22,0,820,93,,43.942,1.091,Nuit sans éclairage public,Hors agglomération,Hors intersection,Normale,Autre collision,,,,,,,,,,,3,1,1,1.0,6
201200004451,0012-03-15 07:45:00,12,3,15,7,45,820,44,,43.952,1.372,Crépuscule ou aube,Hors agglomération,Hors intersection,Normale,Deux véhicules - frontale,,,,,,,,,,,2,1,1,1.0,1
201200004452,0012-06-11 07:00:00,12,6,11,7,0,820,167,,,,Crépuscule ou aube,Hors agglomération,Hors intersection,Normale,Autre collision,,,,,,,,,,,2,1,1,1.0,6
201200004453,0012-06-16 10:00:00,12,6,16,10,0,820,136,,43.903,1.396,Plein jour,Hors agglomération,Hors intersection,Normale,Autre collision,,,,,,,,,,,1,1,1,1.0,6
201200004454,0012-07-21 18:30:00,12,7,21,18,30,820,75,,43.84,1.29,Plein jour,Hors agglomération,Intersection en T,Normale,Deux véhicules - côté,,,,,,,,,,,1,1,3,1.0,3
201200004455,0012-08-02 05:45:00,12,8,2,5,45,820,28,,43.826,1.307,Crépuscule ou aube,Hors agglomération,Intersection en T,Normale,Deux véhicules - côté,,,,,,,,,,,2,1,3,1.0,3
201200004456,0012-09-04 11:45:00,12,9,4,11,45,820,44,,,,Plein jour,Hors agglomération,Hors intersection,Normale,Deux véhicules - côté,,,,,,,,,,,1,1,1,1.0,3
201200004457,0012-10-26 01:00:00,12,10,26,1,0,820,188,,43.924,1.532,Nuit sans éclairage public,Hors agglomération,Autre intersection,Normale,Sans collision,,,,,,,,,,,3,1,9,1.0,7
201200004458,0012-12-24 17:00:00,12,12,24,17,0,820,28,,,,Crépuscule ou aube,Hors agglomération,Hors intersection,Normale,Sans collision,,,,,,,,,,,2,1,1,1.0,7
201200004459,0012-09-08 18:30:00,12,9,8,18,30,820,154,,,,Plein jour,Hors agglomération,Hors intersection,Normale,Sans collision,,,,,,,,,,,1,1,1,1.0,7
201200004460,0012-10-23 11:00:00,12,10,23,11,0,820,168,,44.202,1.034,Plein jour,Hors agglomération,Hors intersection,Normale,Deux véhicules - frontale,,,,,,,,,,,1,1,1,1.0,1
201200004461,0012-10-28 14:15:00,12,10,28,14,15,820,51,,44.192,1.162,Plein jour,Hors agglomération,Hors intersection,Normale,Autre collision,,,,,,,,,,,1,1,1,1.0,6
201200004462,0012-01-13 20:15:00,12,1,13,20,15,820,112,,,,Nuit sans éclairage public,Hors agglomération,Hors intersection,Pluie légère,Autre collision,,,,,,,,,,,3,1,1,2.0,6
201200004463,0012-02-01 14:00:00,12,2,1,14,0,820,170,,44.164,0.994,Plein jour,Hors agglomération,Hors intersection,Normale,Autre collision,,,,,,,,,,,1,1,1,1.0,6
201200004464,0012-04-29 20:00:00,12,4,29,20,0,820,19,,44.096,1.00899,Crépuscule ou aube,Hors agglomération,Hors intersection,Neige / grêle,Sans collision,,,,,,,,,,,2,1,1,4.0,7
201200004465,0012-05-13 11:45:00,12,5,13,11,45,820,96,,,,Plein jour,Hors agglomération,Intersection en T,Normale,Deux véhicules - côté,,,,,,,,,,,1,1,3,1.0,3
201200004466,0012-05-20 17:00:00,12,5,20,17,0,820,169,,44.061,1.02699,Plein jour,Hors agglomération,Hors intersection,Pluie légère,Trois véhicules et plus - en chaîne,,,,,,,,,,,1,1,1,2.0,4
201200004467,0012-06-06 01:45:00,12,6,6,1,45,820,96,,,,Nuit sans éclairage public,Hors agglomération,Hors intersection,Normale,Autre collision,,,,,,,,,,,3,1,1,1.0,6
201200004468,0012-06-09 15:45:00,12,6,9,15,45,820,31,,,,Plein jour,Hors agglomération,Hors intersection,Normale,Deux véhicules - côté,,,,,,,,,,,1,1,1,1.0,3
201200004469,0012-08-13 17:45:00,12,8,13,17,45,820,96,,,,Plein jour,Hors agglomération,Hors intersection,Normale,Autre collision,,,,,,,,,,,1,1,1,1.0,6
201200004470,0012-08-27 23:00:00,12,8,27,23,0,820,112,,,,Nuit sans éclairage public,Hors agglomération,Hors intersection,Normale,Autre collision,,,,,,,,,,,3,1,1,1.0,6
201200004471,0012-09-27 15:30:00,12,9,27,15,30,820,112,25 avenue Sainte Blanche,,,Plein jour,En agglomération,Hors intersection,Normale,Autre collision,,,,,,,,,,,1,2,1,1.0,6
201200004472,0012-11-24 05:15:00,12,11,24,5,15,820,112,36 c?te st Laurent,,,Nuit sans éclairage public,En agglomération,Hors intersection,Normale,Autre collision,,,,,,,,,,,3,2,1,1.0,6
201200004473,0012-11-30 13:45:00,12,11,30,13,45,820,169,,44.074,1.00899,Plein jour,Hors agglomération,Hors intersection,Normale,Sans collision,,,,,,,,,,,1,1,1,1.0,7
201200004474,0012-12-22 10:15:00,12,12,22,10,15,820,19,,,,Plein jour,Hors agglomération,Hors intersection,Normale,Deux véhicules - frontale,,,,,,,,,,,1,1,1,1.0,1
201200004475,0012-01-07 21:45:00,12,1,7,21,45,820,5,,43.806,1.262,Nuit sans éclairage public,Hors agglomération,Hors intersection,Normale,Sans collision,,,,,,,,,,,3,1,1,1.0,7
201200004476,0012-01-12 14:00:00,12,1,12,14,0,820,171,,44.004,1.184,Plein jour,Hors agglomération,Hors intersection,Brouillard / fumée,Deux véhicules - côté,,,,,,,,,,,1,1,1,5.0,3
201200004477,0012-01-13 06:30:00,12,1,13,6,30,820,178,,43.84,1.192,Crépuscule ou aube,Hors agglomération,Hors intersection,Normale,Autre collision,,,,,,,,,,,2,1,1,1.0,6
201200004478,0012-01-28 21:30:00,12,1,28,21,30,820,125,,,,Nuit sans éclairage public,Hors agglomération,Hors intersection,Normale,Sans collision,,,,,,,,,,,3,1,1,1.0,7
201200004479,0012-03-10 10:30:00,12,3,10,10,30,820,125,,,,Plein jour,Hors agglomération,Hors intersection,Normale,Deux véhicules - côté,,,,,,,,,,,1,1,1,1.0,3
201200004480,0012-04-01 18:00:00,12,4,1,18,0,820,20,,43.878,1.15,Plein jour,Hors agglomération,Hors intersection,Normale,Sans collision,,,,,,,,,,,1,1,1,1.0,7
201200004481,0012-04-14 20:30:00,12,4,14,20,30,820,190,cd 26 route du Mas,,,Crépuscule ou aube,En agglomération,Hors intersection,Normale,Autre collision,,,,,,,,,,,2,2,1,1.0,6
201200004482,0012-04-30 17:15:00,12,4,30,17,15,820,190,Rue L?o Lagrange,43.857,1.232,Plein jour,En agglomération,Hors intersection,Normale,Deux véhicules - côté,,,,,,,,,,,1,2,1,1.0,3
201200004483,0012-05-03 17:45:00,12,5,3,17,45,820,124,,,,Plein jour,Hors agglomération,Hors intersection,Normale,Deux véhicules - côté,,,,,,,,,,,1,1,1,1.0,3
201200004484,0012-05-21 13:00:00,12,5,21,13,0,820,124,,44.027,1.288,Plein jour,Hors agglomération,Hors intersection,Pluie légère,Deux véhicules - frontale,,,,,,,,,,,1,1,1,2.0,1
201200004485,0012-06-04 10:45:00,12,6,4,10,45,820,52,,43.972,1.187,Plein jour,Hors agglomération,Hors intersection,Normale,Sans collision,,,,,,,,,,,1,1,1,1.0,7
201200004486,0012-06-11 18:45:00,12,6,11,18,45,820,20,,,,Plein jour,Hors agglomération,Hors intersection,Pluie forte,Autre collision,,,,,,,,,,,1,1,1,3.0,6
201200004487,0012-06-13 12:30:00,12,6,13,12,30,820,85,5535 route d'Auch,,,Plein jour,En agglomération,Hors intersection,Normale,Trois véhicules et plus - collisions multiples,,,,,,,,,,,1,2,1,1.0,5
201200004488,0012-06-18 22:30:00,12,6,18,22,30,820,125,,,,Nuit sans éclairage public,Hors agglomération,Hors intersection,Normale,Deux véhicules - frontale,,,,,,,,,,,3,1,1,1.0,1
201200004489,0012-07-05 14:15:00,12,7,5,14,15,820,124,chemin de montagne,,,Plein jour,En agglomération,Hors intersection,Temps couvert,Sans collision,,,,,,,,,,,1,2,1,8.0,7
201200004490,0012-07-09 01:45:00,12,7,9,1,45,820,173,15 Avenue de gascogne,,,Nuit sans éclairage public,En agglomération,Hors intersection,Normale,Autre collision,,,,,,,,,,,3,2,1,1.0,6
201200004491,0012-07-19 16:30:00,12,7,19,16,30,820,23,,,,Plein jour,Hors agglomération,Hors intersection,Normale,Deux véhicules - arrière,,,,,,,,,,,1,1,1,1.0,2
201200004492,0012-07-27 17:00:00,12,7,27,17,0,820,62,,,,Plein jour,Hors agglomération,Hors intersection,Normale,Autre collision,,,,,,,,,,,1,1,1,1.0,6
201200004493,0012-08-18 20:30:00,12,8,18,20,30,820,124,,44.026,1.274,Crépuscule ou aube,Hors agglomération,Intersection en T,Normale,Deux véhicules - côté,,,,,,,,,,,2,1,3,1.0,3
201200004494,0012-10-02 14:15:00,12,10,2,14,15,820,125,12 avnue andr? bonnet,,,Crépuscule ou aube,En agglomération,Hors intersection,Normale,Autre collision,,,,,,,,,,,2,2,1,1.0,6
201200004495,0012-10-07 16:30:00,12,10,7,16,30,820,171,,,,Plein jour,Hors agglomération,Hors intersection,Temps couvert,Deux véhicules - frontale,,,,,,,,,,,1,1,1,8.0,1
201200004496,0012-10-28 19:00:00,12,10,28,19,0,820,124,,44.009,1.243,Nuit sans éclairage public,Hors agglomération,Intersection en X,Normale,Deux véhicules - côté,,,,,,,,,,,3,1,2,1.0,3
201200004497,0012-11-05 07:15:00,12,11,5,7,15,820,124,,,,Crépuscule ou aube,Hors agglomération,Hors intersection,Pluie légère,Deux véhicules - frontale,,,,,,,,,,,2,1,1,2.0,1