accident_id,datetime,annee,mois,jour,heure,minute,departement,commune_insee,adresse,latitude,longitude,luminosite,agglomeration,intersection,meteo,collision,nb_vehicules,nb_usagers,nb_indemnes,nb_tues,nb_blesses_hosp,nb_blesses_legers,age_cond_1,age_cond_2,veh_type_cond_1,veh_type_cond_2,lum_code,agg_code,int_code,atm_code,col_code
201200004635,0012-06-05 18:00:00,12,6,5,18,0,690,215,,46.017,4.639,Plein jour,Hors agglomération,Intersection en Y,Normale,Deux véhicules - côté,,,,,,,,,,,1,1,4,1.0,3
201200004636,0012-11-16 18:00:00,12,11,16,18,0,690,172,le Briey,,,Nuit avec éclairage allumé,En agglomération,Hors intersection,Normale,Autre collision,,,,,,,,,,,5,2,1,1.0,6
201200004637,0012-01-20 18:15:00,12,1,20,18,15,690,9,Avenue de l'europe,,,Nuit avec éclairage allumé,En agglomération,Hors intersection,Pluie légère,Autre collision,,,,,,,,,,,5,2,1,2.0,6
201200004638,0012-01-27 11:15:00,12,1,27,11,15,690,121,,,,Nuit avec éclairage allumé,En agglomération,Autre intersection,Pluie légère,Autre collision,,,,,,,,,,,5,2,9,2.0,6
201200004639,0012-02-27 07:15:00,12,2,27,7,15,690,122,,,,Plein jour,Hors agglomération,Hors intersection,Normale,Sans collision,,,,,,,,,,,1,1,1,1.0,7
201200004640,0012-03-04 17:30:00,12,3,4,17,30,690,121,route de la tour,,,Plein jour,En agglomération,Hors intersection,Normale,Deux véhicules - côté,,,,,,,,,,,1,2,1,1.0,3
201200004641,0012-06-14 19:30:00,12,6,14,19,30,690,9,,,,Plein jour,Hors agglomération,Hors intersection,Normale,Deux véhicules - frontale,,,,,,,,,,,1,1,1,1.0,1
201200004642,0012-08-02 12:45:00,12,8,2,12,45,690,9,route de villefranche,,,Plein jour,En agglomération,Hors intersection,Normale,Sans collision,,,,,,,,,,,1,2,1,1.0,7
201200004643,0012-08-20 16:15:00,12,8,20,16,15,690,9,,,,Plein jour,Hors agglomération,Intersection en X,Normale,Deux véhicules - frontale,,,,,,,,,,,1,1,2,1.0,1
201200004644,0012-09-07 14:30:00,12,9,7,14,30,690,52,RD30 route de villefranc,,,Plein jour,En agglomération,Hors intersection,Normale,Deux véhicules - arrière,,,,,,,,,,,1,2,1,1.0,2
201200004645,0012-10-17 21:45:00,12,10,17,21,45,690,121,298 Route de Lyon,,,Nuit avec éclairage allumé,En agglomération,Hors intersection,Vent fort / tempête,Autre collision,,,,,,,,,,,5,2,1,6.0,6
201200004646,0012-11-30 07:45:00,12,11,30,7,45,690,9,Avenue de l'europe-CD30,,,Plein jour,En agglomération,Hors intersection,Normale,Autre collision,,,,,,,,,,,1,2,1,1.0,6
201200004647,0012-01-16 07:45:00,12,1,16,7,45,690,162,SAINT VINCENT,46.13,4.633,Plein jour,En agglomération,Hors intersection,Brouillard / fumée,Deux véhicules - arrière,,,,,,,,,,,1,2,1,5.0,2
201200004648,0012-04-17 18:30:00,12,4,17,18,30,690,267,,,,Plein jour,Hors agglomération,Intersection en Y,Normale,Deux véhicules - frontale,,,,,,,,,,,1,1,4,1.0,1
201200004649,0012-06-23 17:45:00,12,6,23,17,45,690,2,,,,Plein jour,Hors agglomération,Hors intersection,Normale,Autre collision,,,,,,,,,,,1,1,1,1.0,6
201200004650,0012-07-09 14:45:00,12,7,9,14,45,690,109,,46.194,4.646,Plein jour,Hors agglomération,Hors intersection,Normale,Sans collision,,,,,,,,,,,1,1,1,1.0,7
201200004651,0012-08-10 14:45:00,12,8,10,14,45,690,267,Lieu dit Bellevue,46.173,4.655,Plein jour,En agglomération,Hors intersection,Normale,Deux véhicules - frontale,,,,,,,,,,,1,2,1,1.0,1
201200004652,0012-02-22 19:00:00,12,2,22,19,0,690,206,,,,Nuit avec éclairage allumé,Hors agglomération,Hors intersection,Normale,Deux véhicules - côté,,,,,,,,,,,5,1,1,1.0,3
201200004653,0012-03-10 12:15:00,12,3,10,12,15,690,197,,46.104,4.086,Plein jour,Hors agglomération,Hors intersection,Normale,Deux véhicules - côté,,,,,,,,,,,1,1,1,1.0,3
201200004654,0012-03-16 22:45:00,12,3,16,22,45,690,197,,,,Nuit sans éclairage public,Hors agglomération,Hors intersection,Normale,Autre collision,,,,,,,,,,,3,1,1,1.0,6
201200004655,0012-04-04 09:15:00,12,4,4,9,15,690,206,,46.054,4.723,Plein jour,Hors agglomération,Hors intersection,Pluie légère,Deux véhicules - côté,,,,,,,,,,,1,1,1,2.0,3
201200004656,0012-04-23 10:00:00,12,4,23,10,0,690,19,,,,Plein jour,Hors agglomération,Hors intersection,Normale,Deux véhicules - frontale,,,,,,,,,,,1,1,1,1.0,1
201200004657,0012-05-19 18:15:00,12,5,19,18,15,690,206,RD 306,,,Plein jour,En agglomération,Hors intersection,Normale,Deux véhicules - côté,,,,,,,,,,,1,2,1,1.0,3
201200004658,0012-06-12 10:00:00,12,6,12,10,0,690,211,Chemin carron /  RD 306,,,Plein jour,En agglomération,Hors intersection,Normale,Autre collision,,,,,,,,,,,1,2,1,1.0,6
201200004659,0012-07-11 19:00:00,12,7,11,19,0,690,19,RUE DE L'INDUSTRIE,,,Plein jour,En agglomération,Hors intersection,Temps éblouissant,Deux véhicules - frontale,,,,,,,,,,,1,2,1,7.0,1
201200004660,0012-07-22 01:30:00,12,7,22,1,30,690,206,,,,Nuit sans éclairage public,Hors agglomération,Hors intersection,Normale,Autre collision,,,,,,,,,,,3,1,1,1.0,6
201200004661,0012-07-27 15:45:00,12,7,27,15,45,690,218,,,,Plein jour,Hors agglomération,Hors intersection,Normale,Deux véhicules - côté,,,,,,,,,,,1,1,1,1.0,3
201200004662,0012-08-04 03:15:00,12,8,4,3,15,690,145,,,,Nuit sans éclairage public,Hors agglomération,Hors intersection,Normale,Sans collision,,,,,,,,,,,3,1,1,1.0,7
201200004663,0012-08-06 16:00:00,12,8,6,16,0,690,19,rue de la r?publique,,,Plein jour,En agglomération,Hors intersection,Temps éblouissant,Deux véhicules - côté,,,,,,,,,,,1,2,1,7.0,3
201200004664,0012-10-05 08:15:00,12,10,5,8,15,690,206,rue du beaujolais,,,Plein jour,En agglomération,Hors intersection,Normale,Autre collision,,,,,,,,,,,1,2,1,1.0,6
201200004665,0012-10-20 20:00:00,12,10,20,20,0,690,206,,,,Nuit avec éclairage allumé,En agglomération,Hors intersection,Normale,Trois véhicules et plus - collisions multiples,,,,,,,,,,,5,2,1,1.0,5
201200004666,0012-11-01 20:00:00,12,11,1,20,0,690,65,,,,Nuit sans éclairage public,Hors agglomération,Intersection en X,Pluie légère,Deux véhicules - côté,,,,,,,,,,,3,1,2,2.0,3
201200004667,0012-11-06 18:30:00,12,11,6,18,30,690,145,,,,Nuit sans éclairage public,Hors agglomération,Hors intersection,Normale,Deux véhicules - frontale,,,,,,,,,,,3,1,1,1.0,1
201200004668,0012-01-12 15:00:00,12,1,12,15,0,690,111,,,,Plein jour,Hors agglomération,Hors intersection,Normale,Deux véhicules - arrière,,,,,,,,,,,1,1,1,1.0,2
201200004669,0012-01-27 17:00:00,12,1,27,17,0,690,111,,,,Plein jour,Hors agglomération,Hors intersection,Temps couvert,Trois véhicules et plus - collisions multiples,,,,,,,,,,,1,1,1,8.0,5
201200004670,0012-03-25 15:00:00,12,3,25,15,0,690,90,,,,Plein jour,Hors agglomération,Intersection en Y,Temps éblouissant,Deux véhicules - côté,,,,,,,,,,,1,1,4,7.0,3
201200004671,0012-04-23 18:45:00,12,4,23,18,45,690,39,,,,Crépuscule ou aube,Hors agglomération,Hors intersection,Pluie forte,Deux véhicules - frontale,,,,,,,,,,,2,1,1,3.0,1
201200004672,0012-05-03 11:15:00,12,5,3,11,15,690,113,,,,Plein jour,Hors agglomération,Hors intersection,Normale,Sans collision,,,,,,,,,,,1,1,1,1.0,7
201200004673,0012-07-10 09:30:00,12,7,10,9,30,690,246,,,,Plein jour,Hors agglomération,Hors intersection,Normale,Deux véhicules - côté,,,,,,,,,,,1,1,1,1.0,3
201200004674,0012-08-10 19:45:00,12,8,10,19,45,690,17,,,,Plein jour,Hors agglomération,Hors intersection,Normale,Autre collision,,,,,,,,,,,1,1,1,1.0,6
201200004675,0012-09-21 15:00:00,12,9,21,15,0,690,26,Lieu dit '' le g?licain',,,Plein jour,En agglomération,Hors intersection,Normale,Autre collision,,,,,,,,,,,1,2,1,1.0,6
201200004676,0012-09-25 07:30:00,12,9,25,7,30,690,56,,,,Crépuscule ou aube,Hors agglomération,Hors intersection,Temps couvert,Deux véhicules - frontale,,,,,,,,,,,2,1,1,8.0,1
201200004677,0012-11-06 07:15:00,12,11,6,7,15,690,239,,,,Crépuscule ou aube,Hors agglomération,Hors intersection,Temps couvert,Deux véhicules - frontale,,,,,,,,,,,2,1,1,8.0,1
201200004678,0012-01-14 19:45:00,12,1,14,19,45,690,102,,,,Nuit sans éclairage public,Hors agglomération,Hors intersection,Normale,Deux véhicules - frontale,,,,,,,,,,,3,1,1,1.0,1
201200004679,0012-02-09 09:00:00,12,2,9,9,0,690,174,,,,Plein jour,Hors agglomération,Hors intersection,Normale,Trois véhicules et plus - collisions multiples,,,,,,,,,,,1,1,1,1.0,5
201200004680,0012-03-24 07:45:00,12,3,24,7,45,690,102,,,,Plein jour,Hors agglomération,Hors intersection,Normale,Deux véhicules - frontale,,,,,,,,,,,1,1,1,1.0,1
201200004681,0012-04-10 16:45:00,12,4,10,16,45,690,174,,,,Plein jour,Hors agglomération,Hors intersection,Pluie légère,Deux véhicules - côté,,,,,,,,,,,1,1,1,2.0,3
201200004682,0012-05-25 11:30:00,12,5,25,11,30,690,111,,,,Plein jour,Hors agglomération,Intersection en X,Normale,Deux véhicules - côté,,,,,,,,,,,1,1,2,1.0,3
201200004683,0012-06-13 14:45:00,12,6,13,14,45,690,188,,,,Plein jour,Hors agglomération,Hors intersection,Normale,Deux véhicules - frontale,,,,,,,,,,,1,1,1,1.0,1
201200004684,0012-06-24 09:30:00,12,6,24,9,30,690,254,,,,Plein jour,Hors agglomération,Hors intersection,Normale,Deux véhicules - côté,,,,,,,,,,,1,1,1,1.0,3
201200004685,0012-06-24 11:30:00,12,6,24,11,30,690,243,,,,Plein jour,Hors agglomération,Hors intersection,Normale,Deux véhicules - côté,,,,,,,,,,,1,1,1,1.0,3
201200004686,0012-08-10 14:00:00,12,8,10,14,0,690,102,,,,Plein jour,Hors agglomération,Hors intersection,Temps éblouissant,Deux véhicules - frontale,,,,,,,,,,,1,1,1,7.0,1
201200004687,0012-09-08 03:00:00,12,9,8,3,0,690,102,,,,Nuit sans éclairage public,Hors agglomération,Hors intersection,Normale,Sans collision,,,,,,,,,,,3,1,1,1.0,7
201200004688,0012-10-26 19:30:00,12,10,26,19,30,690,243,34 Rue de Serroux,,,Nuit avec éclairage allumé,En agglomération,Hors intersection,Pluie forte,Autre collision,,,,,,,,,,,5,2,1,3.0,6
201200004689,0012-11-02 09:30:00,12,11,2,9,30,690,157,,,,Plein jour,Hors agglomération,Hors intersection,Normale,Autre collision,,,,,,,,,,,1,1,1,1.0,6
201200004690,0012-11-15 10:30:00,12,11,15,10,30,690,243,,,,Plein jour,Hors agglomération,Hors intersection,Normale,Autre collision,,,,,,,,,,,1,1,1,1.0,6
201200004691,0012-11-23 18:00:00,12,11,23,18,0,690,243,AVENUE EDOUARD HERRIOT,,,Nuit avec éclairage allumé,En agglomération,Hors intersection,Normale,Deux véhicules - côté,,,,,,,,,,,5,2,1,1.0,3
201200004692,0012-12-07 16:45:00,12,12,7,16,45,690,234,,,,Plein jour,Hors agglomération,Hors intersection,Temps couvert,Deux véhicules - frontale,,,,,,,,,,,1,1,1,8.0,1
201200004693,0012-12-11 08:00:00,12,12,11,8,0,690,234,,,,Nuit sans éclairage public,Hors agglomération,Hors intersection,Normale,Deux véhicules - frontale,,,,,,,,,,,3,1,1,1.0,1
201200004694,0012-03-01 17:30:00,12,3,1,17,30,690,107,le bourg,,,Plein jour,En agglomération,Hors intersection,Normale,Autre collision,,,,,,,,,,,1,2,1,1.0,6
201200004695,0012-03-21 21:00:00,12,3,21,21,0,690,37,,46.034,4.498,Nuit sans éclairage public,Hors agglomération,Hors intersection,Normale,Autre collision,,,,,,,,,,,3,1,1,1.0,6
201200004696,0012-04-28 02:15:00,12,4,28,2,15,690,160,lieu dit le Prunier,,,Nuit sans éclairage public,Hors agglomération,Hors intersection,Normale,Autre collision,,,,,,,,,,,3,1,1,1.0,6
201200004697,0012-07-08 18:00:00,12,7,8,18,0,690,93,rue Centrale,46.04,4.477,Plein jour,En agglomération,Hors intersection,Normale,Deux véhicules - frontale,,,,,,,,,,,1,2,1,1.0,1
201200004698,0012-07-17 14:00:00,12,7,17,14,0,690,37,Lieu dit le Lozet,46.028,4.5,Plein jour,En agglomération,Hors intersection,Normale,Sans collision,,,,,,,,,,,1,2,1,1.0,7
201200004699,0012-07-28 16:00:00,12,7,28,16,0,690,107,rue centrale,,,Plein jour,En agglomération,Hors intersection,Pluie forte,Deux véhicules - frontale,,,,,,,,,,,1,2,1,3.0,1
201200004700,0012-01-12 13:30:00,12,1,12,13,30,690,248,RUE DU CHATEAU D EAU,,,Plein jour,En agglomération,Hors intersection,Normale,Deux véhicules - frontale,,,,,,,,,,,1,2,1,1.0,1
201200004701,0012-01-31 19:15:00,12,1,31,19,15,690,25,bvd Alsace Lorraine,,,Nuit avec éclairage allumé,En agglomération,Hors intersection,Normale,Autre collision,,,,,,,,,,,5,2,1,1.0,6
201200004702,0012-03-17 08:15:00,12,3,17,8,15,690,6,,,,Plein jour,En agglomération,Hors intersection,Normale,Deux véhicules - frontale,,,,,,,,,,,1,2,1,1.0,1
201200004703,0012-03-31 19:30:00,12,3,31,19,30,690,214,rue de la Madone,,,Plein jour,En agglomération,Hors intersection,Normale,Deux véhicules - côté,,,,,,,,,,,1,2,1,1.0,3
201200004704,0012-05-05 16:45:00,12,5,5,16,45,690,70,D 504,,,Plein jour,En agglomération,Hors intersection,Normale,Deux véhicules - frontale,,,,,,,,,,,1,2,1,1.0,1
201200004705,0012-05-19 04:30:00,12,5,19,4,30,690,6,,,,Nuit sans éclairage public,Hors agglomération,Hors intersection,Normale,Sans collision,,,,,,,,,,,3,1,1,1.0,7
201200004706,0012-06-22 17:25:00,12,6,22,17,25,690,25,4 avenue ALSACE-Lorraine,,,Plein jour,En agglomération,Hors intersection,Normale,Deux véhicules - frontale,,,,,,,,,,,1,2,1,1.0,1
201200004707,0012-10-11 11:15:00,12,10,11,11,15,690,25,le ronzy,,,Plein jour,En agglomération,Hors intersection,Normale,Deux véhicules - frontale,,,,,,,,,,,1,2,1,1.0,1
201200004708,0012-07-02 17:40:00,12,7,2,17,40,10,259,,46.213,5.10359,Plein jour,Hors agglomération,Hors intersection,Normale,Sans collision,,,,,,,,,,,1,1,1,1.0,7
201200004709,0012-10-09 08:30:00,12,10,9,8,30,10,301,CD1079,46.251,5.14,Plein jour,En agglomération,Intersection en T,Temps couvert,Deux véhicules - frontale,,,,,,,,,,,1,2,3,8.0,1
201200004710,0012-03-18 13:15:00,12,3,18,13,15,10,426,,46.2946,5.3548,Plein jour,Hors agglomération,Hors intersection,Pluie légère,Autre collision,,,,,,,,,,,1,1,1,2.0,6
201200004711,0012-03-26 16:15:00,12,3,26,16,15,10,254,,46.1574,5.27294,Plein jour,Hors agglomération,Hors intersection,Normale,Trois véhicules et plus - collisions multiples,,,,,,,,,,,1,1,1,1.0,5
201200004712,0012-04-17 16:15:00,12,4,17,16,15,10,72,,46.1768,5.32993,Plein jour,Hors agglomération,Hors intersection,Normale,Autre collision,,,,,,,,,,,1,1,1,1.0,6
201200004713,0012-04-26 10:00:00,12,4,26,10,0,10,72,CAR D979 / CH RIPPES,46.1837,5.30699,Crépuscule ou aube,En agglomération,Hors intersection,Normale,Deux véhicules - côté,,,,,,,,,,,2,2,1,1.0,3
201200004714,0012-06-20 18:45:00,12,6,20,18,45,10,408,,46.2465,5.42325,Plein jour,Hors agglomération,Intersection en X,Normale,Trois véhicules et plus - collisions multiples,,,,,,,,,,,1,1,2,1.0,5
201200004715,0012-07-23 18:00:00,12,7,23,18,0,10,350,,46.2979,5.30741,Plein jour,Hors agglomération,Hors intersection,Normale,Deux véhicules - frontale,,,,,,,,,,,1,1,1,1.0,1
201200004716,0012-08-29 18:15:00,12,8,29,18,15,10,150,,,,Plein jour,Hors agglomération,Hors intersection,Normale,Deux véhicules - côté,,,,,,,,,,,1,1,1,1.0,3
201200004717,0012-10-21 11:15:00,12,10,21,11,15,10,447,,,,Plein jour,Hors agglomération,Hors intersection,Normale,Deux véhicules - frontale,,,,,,,,,,,1,1,1,1.0,1
201200004718,0012-11-22 17:15:00,12,11,22,17,15,10,72,,,,Crépuscule ou aube,Hors agglomération,Hors intersection,Brouillard / fumée,Autre collision,,,,,,,,,,,2,1,1,5.0,6
201200004719,0012-12-15 21:00:00,12,12,15,21,0,10,350,,,,Nuit sans éclairage public,Hors agglomération,Hors intersection,Pluie légère,Deux véhicules - frontale,,,,,,,,,,,3,1,1,2.0,1
201200004720,0012-02-23 18:45:00,12,2,23,18,45,10,305,,46.4433,4.92502,Nuit sans éclairage public,Hors agglomération,Intersection en X,Normale,Deux véhicules - côté,,,,,,,,,,,3,1,2,1.0,3
201200004721,0012-04-12 15:30:00,12,4,12,15,30,10,296,,46.4021,5.24176,Plein jour,Hors agglomération,Hors intersection,Pluie légère,Deux véhicules - arrière,,,,,,,,,,,1,1,1,2.0,2
201200004722,0012-04-18 11:00:00,12,4,18,11,0,10,57,,46.3973,4.91755,Plein jour,Hors agglomération,Hors intersection,Temps couvert,Autre collision,,,,,,,,,,,1,1,1,8.0,6
201200004723,0012-05-13 16:00:00,12,5,13,16,0,10,406,,46.4303,5.06605,Plein jour,Hors agglomération,Intersection en X,Normale,Deux véhicules - côté,,,,,,,,,,,1,1,2,1.0,3
201200004724,0012-05-20 11:45:00,12,5,20,11,45,10,305,D2  ROUTE DE L'HOPITAL,46.4355,4.94223,Plein jour,En agglomération,Hors intersection,Normale,Autre collision,,,,,,,,,,,1,2,1,1.0,6
201200004725,0012-07-09 16:30:00,12,7,9,16,30,10,445,CD 1083,46.3453,5.32084,Plein jour,En agglomération,Hors intersection,Normale,Autre collision,,,,,,,,,,,1,2,1,1.0,6
201200004726,0012-08-10 18:45:00,12,8,10,18,45,10,196,ZA DES CEZILLES,,,Plein jour,En agglomération,Giratoire,Normale,Deux véhicules - côté,,,,,,,,,,,1,2,6,1.0,3
201200004727,0012-10-25 16:45:00,12,10,25,16,45,10,229,Route de Bourg,,,Plein jour,En agglomération,Hors intersection,Normale,Autre collision,,,,,,,,,,,1,2,1,1.0,6
201200004728,0012-11-07 10:45:00,12,11,7,10,45,10,24,rue de la ville,,,Plein jour,En agglomération,Hors intersection,Normale,Deux véhicules - frontale,,,,,,,,,,,1,2,1,1.0,1
201200004729,0012-11-08 00:30:00,12,11,8,0,30,10,140,,,,Nuit sans éclairage public,Hors agglomération,Hors intersection,Brouillard / fumée,Sans collision,,,,,,,,,,,3,1,1,5.0,7
201200004730,0012-11-14 18:00:00,12,11,14,18,0,10,323,,,,Nuit sans éclairage public,Hors agglomération,Hors intersection,Normale,Deux véhicules - frontale,,,,,,,,,,,3,1,1,1.0,1
201200004731,0012-02-04 17:45:00,12,2,4,17,45,10,304,,46.0593,5.33127,Nuit avec éclairage allumé,Hors agglomération,Hors intersection,Autre,Sans collision,,,,,,,,,,,5,1,1,9.0,7
201200004732,0012-02-28 22:30:00,12,2,28,22,30,10,314,,46.0029,5.29672,Nuit sans éclairage public,Hors agglomération,Hors intersection,Normale,Autre collision,,,,,,,,,,,3,1,1,1.0,6
201200004733,0012-03-08 04:30:00,12,3,8,4,30,10,374,,46.1145,5.2997,Nuit sans éclairage public,Hors agglomération,Hors intersection,Pluie légère,Autre collision,,,,,,,,,,,3,1,1,2.0,6
201200004734,0012-04-13 14:30:00,12,4,13,14,30,10,374,CHEM DES GALLATI?RES,,,Plein jour,Hors agglomération,Intersection en X,Normale,Deux véhicules - côté,,,,,,,,,,,1,1,2,1.0,3
201200004735,0012-05-28 16:15:00,12,5,28,16,15,10,68,,46.0713,5.48212,Plein jour,Hors agglomération,Intersection en Y,Normale,Deux véhicules - arrière,,,,,,,,,,,1,1,4,1.0,2
201200004736,0012-07-27 20:45:00,12,7,27,20,45,10,374,,46.1186,5.2973,Plein jour,Hors agglomération,Intersection en T,Normale,Deux véhicules - côté,,,,,,,,,,,1,1,3,1.0,3
201200004737,0012-09-09 13:15:00,12,9,9,13,15,10,304,,,,Plein jour,Hors agglomération,Hors intersection,Normale,Deux véhicules - frontale,,,,,,,,,,,1,1,1,1.0,1
201200004738,0012-09-10 15:00:00,12,9,10,15,0,10,69,RD 1075,,,Plein jour,En agglomération,Hors intersection,Normale,Trois véhicules et plus - collisions multiples,,,,,,,,,,,1,2,1,1.0,5
201200004739,0012-12-14 18:00:00,12,12,14,18,0,10,363,Grande rue,,,Nuit avec éclairage allumé,En agglomération,Hors intersection,Pluie forte,Autre collision,,,,,,,,,,,5,2,1,3.0,6
201200004740,0012-03-30 11:45:00,12,3,30,11,45,10,343,INTER CD 80 RUE DES LYS,46.2727,4.9547,Plein jour,Hors agglomération,Intersection en X,Normale,Deux véhicules - côté,,,,,,,,,,,1,1,2,1.0,3
201200004741,0012-04-14 17:45:00,12,4,14,17,45,10,159,D 68 ROUTE DE VESINES,46.3378,4.88639,Plein jour,En agglomération,Hors intersection,Pluie légère,Deux véhicules - frontale,,,,,,,,,,,1,2,1,2.0,1
201200004742,0012-07-17 09:00:00,12,7,17,9,0,10,320,258 RTE DE LA MADELEINE,46.3009,4.87372,Plein jour,En agglomération,Hors intersection,Normale,Deux véhicules - côté,,,,,,,,,,,1,2,1,1.0,3
201200004743,0012-07-21 18:45:00,12,7,21,18,45,10,25,,,,Plein jour,Hors agglomération,Hors intersection,Normale,Deux véhicules - frontale,,,,,,,,,,,1,1,1,1.0,1
201200004744,0012-08-10 15:15:00,12,8,10,15,15,10,343,,,,Plein jour,Hors agglomération,Hors intersection,Normale,Deux véhicules - arrière,,,,,,,,,,,1,1,1,1.0,2
201200004745,0012-08-24 16:30:00,12,8,24,16,30,10,320,,,,Plein jour,Hors agglomération,Hors intersection,Pluie forte,Deux véhicules - frontale,,,,,,,,,,,1,1,1,3.0,1
201200004746,0012-10-19 07:00:00,12,10,19,7,0,10,343,,,,Nuit sans éclairage public,Hors agglomération,Hors intersection,Normale,Autre collision,,,,,,,,,,,3,1,1,1.0,6
201200004747,0012-02-09 17:15:00,12,2,9,17,15,10,358,CHEMIN COMMUNAL 0001,,,Plein jour,En agglomération,Hors intersection,Normale,Deux véhicules - frontale,,,,,,,,,,,1,2,1,1.0,1
201200004748,0012-03-15 16:45:00,12,3,15,16,45,10,227,,45.7616,5.71586,Plein jour,Hors agglomération,Hors intersection,Normale,Deux véhicules - frontale,,,,,,,,,,,1,1,1,1.0,1
201200004749,0012-04-12 20:30:00,12,4,12,20,30,10,64,,45.7622,5.48579,Nuit sans éclairage public,Hors agglomération,Hors intersection,Pluie légère,Deux véhicules - frontale,,,,,,,,,,,3,1,1,2.0,1
201200004750,0012-05-04 17:00:00,12,5,4,17,0,10,239,,45.7549,5.77405,Plein jour,Hors agglomération,Intersection en T,Normale,Deux véhicules - côté,,,,,,,,,,,1,1,3,1.0,3
201200004751,0012-05-13 17:00:00,12,5,13,17,0,10,58,CHEMIN DE LA PLAINE,,,Plein jour,En agglomération,Hors intersection,Normale,Sans collision,,,,,,,,,,,1,2,1,1.0,7
201200004752,0012-05-19 20:00:00,12,5,19,20,0,10,58,,45.6274,5.62394,Plein jour,Hors agglomération,Hors intersection,Normale,Sans collision,,,,,,,,,,,1,1,1,1.0,7
201200004753,0012-08-07 18:00:00,12,8,7,18,0,10,268,,,,Plein jour,Hors agglomération,Hors intersection,Normale,Deux véhicules - frontale,,,,,,,,,,,1,1,1,1.0,1
201200004754,0012-08-15 05:45:00,12,8,15,5,45,10,403,2 GRANDE RUE,,,Crépuscule ou aube,En agglomération,Hors intersection,Normale,Sans collision,,,,,,,,,,,2,2,1,1.0,7
201200004755,0012-08-29 17:30:00,12,8,29,17,30,10,294,,,,Plein jour,Hors agglomération,Hors intersection,Pluie légère,Sans collision,,,,,,,,,,,1,1,1,2.0,7
201200004756,0012-11-03 20:00:00,12,11,3,20,0,10,34,lieu dit la source,,,Nuit sans éclairage public,En agglomération,Hors intersection,Pluie légère,Sans collision,,,,,,,,,,,3,2,1,2.0,7
201200004757,0012-03-04 05:15:00,12,3,4,5,15,10,329,,45.8359,5.58766,Nuit sans éclairage public,Hors agglomération,Hors intersection,Normale,Sans collision,,,,,,,,,,,3,1,1,1.0,7
201200004758,0012-07-15 16:30:00,12,7,15,16,30,10,316,,45.8172,5.62851,Plein jour,Hors agglomération,Hors intersection,Normale,Autre collision,,,,,,,,,,,1,1,1,1.0,6
201200004759,0012-07-15 06:15:00,12,7,15,6,15,10,329,,45.8392,5.58161,Plein jour,Hors agglomération,Hors intersection,Normale,Sans collision,,,,,,,,,,,1,1,1,1.0,7
201200004760,0012-08-24 22:15:00,12,8,24,22,15,10,415,CD 904,,,Nuit sans éclairage public,En agglomération,Hors intersection,Pluie légère,Deux véhicules - frontale,,,,,,,,,,,3,2,1,2.0,1
201200004761,0012-10-19 19:45:00,12,10,19,19,45,10,10,,,,Nuit sans éclairage public,Hors agglomération,Hors intersection,Normale,Autre collision,,,,,,,,,,,3,1,1,1.0,6
201200004762,0012-07-06 20:30:00,12,7,6,20,30,10,185,,45.98,5.57026,Plein jour,Hors agglomération,Hors intersection,Normale,Deux véhicules - frontale,,,,,,,,,,,1,1,1,1.0,1
201200004763,0012-10-29 13:30:00,12,10,29,13,30,10,12,,,,Plein jour,Hors agglomération,Hors intersection,Neige / grêle,Autre collision,,,,,,,,,,,1,1,1,4.0,6
201200004764,0012-11-16 07:00:00,12,11,16,7,0,10,121,,,,Plein jour,Hors agglomération,Hors intersection,Brouillard / fumée,Autre collision,,,,,,,,,,,1,1,1,5.0,6
201200004765,0012-01-20 17:30:00,12,1,20,17,30,10,4,RD 1504,45.9467,5.37009,Nuit avec éclairage allumé,En agglomération,Hors intersection,Pluie légère,Trois véhicules et plus - en chaîne,,,,,,,,,,,5,2,1,2.0,4
201200004766,0012-01-26 22:45:00,12,1,26,22,45,10,7,,46.0134,5.36813,Nuit sans éclairage public,Hors agglomération,Hors intersection,Pluie légère,Trois véhicules et plus - en chaîne,,,,,,,,,,,3,1,1,2.0,4
201200004767,0012-03-02 07:45:00,12,3,2,7,45,10,345,,45.953,5.32371,Plein jour,Hors agglomération,Hors intersection,Normale,Autre collision,,,,,,,,,,,1,1,1,1.0,6
201200004768,0012-03-09 19:15:00,12,3,9,19,15,10,396,GRANDE RUE,45.8644,5.39575,Plein jour,En agglomération,Hors intersection,Normale,Deux véhicules - frontale,,,,,,,,,,,1,2,1,1.0,1
201200004769,0012-04-05 21:45:00,12,4,5,21,45,10,4,Avenue de VERDUN,,,Nuit avec éclairage allumé,En agglomération,Hors intersection,Normale,Deux véhicules - frontale,,,,,,,,,,,5,2,1,1.0,1
201200004770,0012-04-20 08:15:00,12,4,20,8,15,10,47,,45.8556,5.25139,Plein jour,Hors agglomération,Giratoire,Normale,Deux véhicules - arrière,,,,,,,,,,,1,1,6,1.0,2