accident_id,datetime,annee,mois,jour,heure,minute,departement,commune_insee,adresse,latitude,longitude,luminosite,agglomeration,intersection,meteo,collision,nb_vehicules,nb_usagers,nb_indemnes,nb_tues,nb_blesses_hosp,nb_blesses_legers,age_cond_1,age_cond_2,veh_type_cond_1,veh_type_cond_2,lum_code,agg_code,int_code,atm_code,col_code
201200004771,0012-06-15 22:45:00,12,6,15,22,45,10,444,,45.8335,5.4393,Nuit sans éclairage public,Hors agglomération,Hors intersection,Normale,Autre collision,,,,,,,,,,,3,1,1,1.0,6
201200004772,0012-06-21 17:45:00,12,6,21,17,45,10,390,,45.8394,5.29321,Plein jour,Hors agglomération,Hors intersection,Pluie légère,Deux véhicules - frontale,,,,,,,,,,,1,1,1,2.0,1
201200004773,0012-06-30 18:30:00,12,6,30,18,30,10,76,,45.9467,5.53245,Plein jour,Hors agglomération,Hors intersection,Normale,Deux véhicules - frontale,,,,,,,,,,,1,1,1,1.0,1
201200004774,0012-07-06 19:30:00,12,7,6,19,30,10,224,,45.7749,5.2066,Plein jour,En agglomération,Hors intersection,Normale,Autre collision,,,,,,,,,,,1,2,1,1.0,6
201200004775,0012-07-06 17:45:00,12,7,6,17,45,10,386,,45.8841,5.34515,Plein jour,Hors agglomération,Intersection en T,Normale,Deux véhicules - côté,,,,,,,,,,,1,1,3,1.0,3
201200004776,0012-07-14 19:00:00,12,7,14,19,0,10,431,,45.9245,5.33975,Plein jour,Hors agglomération,Hors intersection,Normale,Deux véhicules - frontale,,,,,,,,,,,1,1,1,1.0,1
201200004777,0012-08-10 15:00:00,12,8,10,15,0,10,7,,,,Plein jour,Hors agglomération,Hors intersection,Normale,Sans collision,,,,,,,,,,,1,1,1,1.0,7
201200004778,0012-08-23 01:00:00,12,8,23,1,0,10,4,Avenue Painlev?,,,Nuit avec éclairage allumé,En agglomération,Hors intersection,Temps couvert,Deux véhicules - frontale,,,,,,,,,,,5,2,1,8.0,1
201200004779,0012-08-29 12:30:00,12,8,29,12,30,10,2,RD 63,46.009,5.425,Plein jour,En agglomération,Hors intersection,Normale,Sans collision,,,,,,,,,,,1,2,1,1.0,7
201200004780,0012-09-07 05:45:00,12,9,7,5,45,10,345,,,,Nuit sans éclairage public,Hors agglomération,Hors intersection,Brouillard / fumée,Deux véhicules - côté,,,,,,,,,,,3,1,1,5.0,3
201200004781,0012-09-28 06:30:00,12,9,28,6,30,10,202,,,,Crépuscule ou aube,Hors agglomération,Hors intersection,Normale,Trois véhicules et plus - collisions multiples,,,,,,,,,,,2,1,1,1.0,5
201200004782,0012-10-25 16:00:00,12,10,25,16,0,10,4,26 rue Jean Jaur?s,,,Plein jour,En agglomération,Hors intersection,Normale,Autre collision,,,,,,,,,,,1,2,1,1.0,6
201200004783,0012-11-08 15:30:00,12,11,8,15,30,10,47,,,,Plein jour,Hors agglomération,Hors intersection,Normale,Deux véhicules - frontale,,,,,,,,,,,1,1,1,1.0,1
201200004784,0012-11-29 16:45:00,12,11,29,16,45,10,390,,,,Nuit avec éclairage allumé,Hors agglomération,Intersection en T,Normale,Deux véhicules - côté,,,,,,,,,,,5,1,3,1.0,3
201200004785,0012-01-22 16:30:00,12,1,22,16,30,10,148,,,,Plein jour,Hors agglomération,Hors intersection,Pluie légère,Sans collision,,,,,,,,,,,1,1,1,2.0,7
201200004786,0012-03-25 18:45:00,12,3,25,18,45,10,204,,46.1642,5.69516,Plein jour,Hors agglomération,Hors intersection,Normale,Deux véhicules - frontale,,,,,,,,,,,1,1,1,1.0,1
201200004787,0012-03-27 16:15:00,12,3,27,16,15,10,181,,46.2239,5.61871,Plein jour,Hors agglomération,Hors intersection,Normale,Deux véhicules - frontale,,,,,,,,,,,1,1,1,1.0,1
201200004788,0012-05-24 20:00:00,12,5,24,20,0,10,269,CD 74,46.1634,5.57586,Plein jour,En agglomération,Autre intersection,Normale,Sans collision,,,,,,,,,,,1,2,9,1.0,7
201200004789,0012-05-28 14:45:00,12,5,28,14,45,10,269,,46.158,5.58965,Plein jour,Hors agglomération,Hors intersection,Normale,Autre collision,,,,,,,,,,,1,1,1,1.0,6
201200004790,0012-06-01 05:15:00,12,6,1,5,15,10,392,,46.2564,5.58082,Nuit avec éclairage allumé,Hors agglomération,Hors intersection,Normale,Deux véhicules - frontale,,,,,,,,,,,5,1,1,1.0,1
201200004791,0012-07-21 10:00:00,12,7,21,10,0,10,269,,46.163,5.59574,Plein jour,Hors agglomération,Hors intersection,Normale,Deux véhicules - frontale,,,,,,,,,,,1,1,1,1.0,1
201200004792,0012-08-13 04:15:00,12,8,13,4,15,10,267,Route du Berthiand,,,Nuit avec éclairage allumé,En agglomération,Giratoire,Normale,Autre collision,,,,,,,,,,,5,2,6,1.0,6
201200004793,0012-01-12 18:00:00,12,1,12,18,0,10,71,,,,Nuit avec éclairage allumé,Hors agglomération,Hors intersection,Normale,Autre collision,,,,,,,,,,,5,1,1,1.0,6
201200004794,0012-01-29 18:30:00,12,1,29,18,30,10,71,,46.3119,6.09036,Nuit avec éclairage allumé,Hors agglomération,Hors intersection,Normale,Deux véhicules - frontale,,,,,,,,,,,5,1,1,1.0,1
201200004795,0012-03-01 22:00:00,12,3,1,22,0,10,103,D984C ROND POINT,46.2828,6.03829,Nuit avec éclairage allumé,En agglomération,Hors intersection,Normale,Autre collision,,,,,,,,,,,5,2,1,1.0,6
201200004796,0012-04-16 22:45:00,12,4,16,22,45,10,143,RUE DU JURA,,,Nuit avec éclairage allumé,En agglomération,Intersection en T,Normale,Deux véhicules - frontale,,,,,,,,,,,5,2,3,1.0,1
201200004797,0012-04-30 13:30:00,12,4,30,13,30,10,173,ROUTE DE PARIS,46.355,6.045,Plein jour,En agglomération,Hors intersection,Normale,Deux véhicules - frontale,,,,,,,,,,,1,2,1,1.0,1
201200004798,0012-05-17 17:45:00,12,5,17,17,45,10,173,,46.3562,6.0545,Plein jour,Hors agglomération,Hors intersection,Normale,Deux véhicules - frontale,,,,,,,,,,,1,1,1,1.0,1
201200004799,0012-06-20 13:15:00,12,6,20,13,15,10,71,,46.3243,6.06203,Plein jour,Hors agglomération,Hors intersection,Normale,Autre collision,,,,,,,,,,,1,1,1,1.0,6
201200004800,0012-09-20 00:30:00,12,9,20,0,30,10,71,823 rue du Jura,46.325,6.069,Nuit avec éclairage allumé,En agglomération,Hors intersection,Normale,Autre collision,,,,,,,,,,,5,2,1,1.0,6
201200004801,0012-12-23 09:15:00,12,12,23,9,15,10,143,450 rue d'Arb?re,46.352,6.128,Plein jour,En agglomération,Hors intersection,Normale,Deux véhicules - frontale,,,,,,,,,,,1,2,1,1.0,1
201200004802,0012-10-17 17:45:00,12,10,17,17,45,10,247,,,,Crépuscule ou aube,Hors agglomération,Hors intersection,Normale,Deux véhicules - côté,,,,,,,,,,,2,1,1,1.0,3
201200004803,0012-01-01 05:30:00,12,1,1,5,30,10,160,,46.2468,6.09669,Nuit sans éclairage public,Hors agglomération,Hors intersection,Pluie légère,Deux véhicules - frontale,,,,,,,,,,,3,1,1,2.0,1
201200004804,0012-05-21 17:05:00,12,5,21,17,5,10,160,,,,Plein jour,En agglomération,Hors intersection,Normale,Sans collision,,,,,,,,,,,1,2,1,1.0,7
201200004805,0012-03-24 13:00:00,12,3,24,13,0,10,194,RUE DU BEAUJOLAIS,45.9858,4.75554,Plein jour,En agglomération,Intersection en Y,Normale,Autre collision,,,,,,,,,,,1,2,4,1.0,6
201200004806,0012-03-25 17:15:00,12,3,25,17,15,10,339,,45.9554,4.7546,Plein jour,Hors agglomération,Giratoire,Temps éblouissant,Deux véhicules - côté,,,,,,,,,,,1,1,6,7.0,3
201200004807,0012-04-15 04:00:00,12,4,15,4,0,10,322,,45.9395,4.83187,Nuit sans éclairage public,Hors agglomération,Hors intersection,Pluie forte,Autre collision,,,,,,,,,,,3,1,1,3.0,6
201200004808,0012-06-11 18:00:00,12,6,11,18,0,10,322,,45.9305,4.80407,Plein jour,Hors agglomération,Hors intersection,Normale,Deux véhicules - frontale,,,,,,,,,,,1,1,1,1.0,1
201200004809,0012-07-07 02:00:00,12,7,7,2,0,10,423,,45.951,4.81512,Nuit sans éclairage public,Hors agglomération,Hors intersection,Normale,Sans collision,,,,,,,,,,,3,1,1,1.0,7
201200004810,0012-10-20 17:45:00,12,10,20,17,45,10,238,158 route de la geneti?r,45.917,4.818,Plein jour,En agglomération,Intersection en X,Normale,Deux véhicules - côté,,,,,,,,,,,1,2,2,1.0,3
201200004811,0012-01-28 01:00:00,12,1,28,1,0,10,90,,46.015,5.20454,Nuit sans éclairage public,Hors agglomération,Hors intersection,Normale,Autre collision,,,,,,,,,,,3,1,1,1.0,6
201200004812,0012-03-06 13:45:00,12,3,6,13,45,10,85,,,,Plein jour,Hors agglomération,Hors intersection,Normale,Deux véhicules - frontale,,,,,,,,,,,1,1,1,1.0,1
201200004813,0012-10-12 16:45:00,12,10,12,16,45,10,383,ROUTE DU PONT ROUGE,,,Plein jour,En agglomération,Hors intersection,Normale,Deux véhicules - frontale,,,,,,,,,,,1,2,1,1.0,1
201200004814,0012-10-20 17:45:00,12,10,20,17,45,10,90,,,,Plein jour,Hors agglomération,Intersection en X,Normale,Deux véhicules - côté,,,,,,,,,,,1,1,2,1.0,3
201200004815,0012-12-11 18:15:00,12,12,11,18,15,10,74,GRANDE RUE,,,Nuit avec éclairage allumé,En agglomération,Giratoire,Normale,Deux véhicules - côté,,,,,,,,,,,5,2,6,1.0,3
201200004816,0012-12-18 17:15:00,12,12,18,17,15,10,299,,,,Crépuscule ou aube,Hors agglomération,Hors intersection,Pluie légère,Deux véhicules - frontale,,,,,,,,,,,2,1,1,2.0,1
201200004817,0012-03-01 15:45:00,12,3,1,15,45,10,93,,46.1246,4.95064,Plein jour,Hors agglomération,Giratoire,Normale,Deux véhicules - côté,,,,,,,,,,,1,1,6,1.0,3
201200004818,0012-04-27 22:15:00,12,4,27,22,15,10,84,LES BASSETTES,,,Nuit sans éclairage public,Hors agglomération,Hors intersection,Normale,Autre collision,,,,,,,,,,,3,1,1,1.0,6
201200004819,0012-05-08 18:45:00,12,5,8,18,45,10,356,,46.1099,5.02921,Plein jour,Hors agglomération,Hors intersection,Pluie légère,Sans collision,,,,,,,,,,,1,1,1,2.0,7
201200004820,0012-06-22 07:00:00,12,6,22,7,0,10,96,"VC 208 ""LA CADOT""",,,Plein jour,Hors agglomération,Hors intersection,Normale,Autre collision,,,,,,,,,,,1,1,1,1.0,6
201200004821,0012-10-06 05:45:00,12,10,6,5,45,10,93,,,,Nuit sans éclairage public,Hors agglomération,Hors intersection,Normale,Autre collision,,,,,,,,,,,3,1,1,1.0,6
201200004822,0012-03-24 10:45:00,12,3,24,10,45,10,450,RUE DE MONTAPLAN,45.935,5.2347,Plein jour,En agglomération,Hors intersection,Normale,Deux véhicules - côté,,,,,,,,,,,1,2,1,1.0,3
201200004823,0012-03-15 14:10:00,12,3,15,14,10,10,260,,45.9285,5.07372,Plein jour,Hors agglomération,Hors intersection,Normale,Deux véhicules - côté,,,,,,,,,,,1,1,1,1.0,3
201200004824,0012-07-11 10:15:00,12,7,11,10,15,10,290,,45.8889,5.17362,Plein jour,Hors agglomération,Hors intersection,Normale,Trois véhicules et plus - en chaîne,,,,,,,,,,,1,1,1,1.0,4
201200004825,0012-07-20 15:15:00,12,7,20,15,15,10,290,,45.9028,5.17498,Plein jour,Hors agglomération,Hors intersection,Normale,Deux véhicules - côté,,,,,,,,,,,1,1,1,1.0,3
201200004826,0012-08-28 17:45:00,12,8,28,17,45,10,378,,,,Plein jour,Hors agglomération,Hors intersection,Normale,Deux véhicules - côté,,,,,,,,,,,1,1,1,1.0,3
201200004827,0012-09-14 17:30:00,12,9,14,17,30,10,325,,,,Plein jour,Hors agglomération,Hors intersection,Normale,Trois véhicules et plus - en chaîne,,,,,,,,,,,1,1,1,1.0,4
201200004828,0012-09-25 18:00:00,12,9,25,18,0,10,88,,,,Plein jour,Hors agglomération,Hors intersection,Normale,Sans collision,,,,,,,,,,,1,1,1,1.0,7
201200004829,0012-10-16 14:15:00,12,10,16,14,15,10,290,,,,Plein jour,Hors agglomération,Hors intersection,Normale,Deux véhicules - arrière,,,,,,,,,,,1,1,1,1.0,2
201200004830,0012-12-30 22:30:00,12,12,30,22,30,10,450,,,,Nuit sans éclairage public,Hors agglomération,Hors intersection,Pluie légère,Autre collision,,,,,,,,,,,3,1,1,2.0,6
201200004831,0012-02-06 16:30:00,12,2,6,16,30,10,249,384 GRANDE RUE,45.8216,4.94717,Plein jour,En agglomération,Intersection en T,Temps éblouissant,Deux véhicules - côté,,,,,,,,,,,1,2,3,7.0,3
201200004832,0012-02-09 16:15:00,12,2,9,16,15,10,43,,45.8267,4.99357,Plein jour,En agglomération,Autre intersection,Normale,Deux véhicules - frontale,,,,,,,,,,,1,2,9,1.0,1
201200004833,0012-04-10 08:15:00,12,4,10,8,15,10,376,ROUTE DE GENEVE,45.8296,4.97889,Plein jour,En agglomération,Hors intersection,Normale,Autre collision,,,,,,,,,,,1,2,1,1.0,6
201200004834,0012-04-28 23:00:00,12,4,28,23,0,10,249,,,,Nuit sans éclairage public,Hors agglomération,Hors intersection,Normale,Autre collision,,,,,,,,,,,3,1,1,1.0,6
201200004835,0012-07-31 17:55:00,12,7,31,17,55,10,376,,,,Plein jour,En agglomération,Hors intersection,Normale,Sans collision,,,,,,,,,,,1,2,1,1.0,7
201200004836,0012-03-07 23:20:00,12,3,7,23,20,10,262,,45.8474,5.05428,Nuit avec éclairage allumé,En agglomération,Intersection en T,Pluie forte,Trois véhicules et plus - collisions multiples,,,,,,,,,,,5,2,3,3.0,5
201200004837,0012-03-09 09:00:00,12,3,9,9,0,10,62,CHEMIN DU VERFAY,,,Plein jour,En agglomération,Hors intersection,Normale,Deux véhicules - arrière,,,,,,,,,,,1,2,1,1.0,2
201200004838,0012-09-09 03:00:00,12,9,9,3,0,10,142,Route de Balan,,,Nuit avec éclairage allumé,En agglomération,Autre intersection,Normale,Autre collision,,,,,,,,,,,5,2,9,1.0,6
201200004839,0012-10-12 16:00:00,12,10,12,16,0,10,262,,,,Plein jour,Hors agglomération,Hors intersection,Normale,Sans collision,,,,,,,,,,,1,1,1,1.0,7
201200004840,0012-02-19 04:15:00,12,2,19,4,15,10,362,,45.9544,4.88545,Nuit sans éclairage public,Hors agglomération,Hors intersection,Normale,Autre collision,,,,,,,,,,,3,1,1,1.0,6
201200004841,0012-02-28 07:45:00,12,2,28,7,45,10,424,RUE DU MARQUIS DE SALLEM,45.8759,4.96547,Plein jour,En agglomération,Intersection en T,Normale,Deux véhicules - côté,,,,,,,,,,,1,2,3,1.0,3
201200004842,0012-06-30 19:00:00,12,6,30,19,0,10,248,,,,Plein jour,Hors agglomération,Intersection en T,Normale,Deux véhicules - côté,,,,,,,,,,,1,1,3,1.0,3
201200004843,0012-07-15 03:45:00,12,7,15,3,45,10,75,,,,Nuit sans éclairage public,Hors agglomération,Hors intersection,Pluie forte,Autre collision,,,,,,,,,,,3,1,1,3.0,6
201200004844,0012-08-23 15:00:00,12,8,23,15,0,10,446,,,,Plein jour,En agglomération,Intersection en X,Normale,Autre collision,,,,,,,,,,,1,2,2,1.0,6
201200004845,0012-09-14 00:01:00,12,9,14,0,1,10,443,,,,Nuit sans éclairage public,Hors agglomération,Hors intersection,Normale,Autre collision,,,,,,,,,,,3,1,1,1.0,6
201200004846,0012-09-23 04:30:00,12,9,23,4,30,10,333,RD1083 - garage HEMON,45.938,4.963,Crépuscule ou aube,En agglomération,Hors intersection,Normale,Deux véhicules - frontale,,,,,,,,,,,2,2,1,1.0,1
201200004847,0012-09-24 07:30:00,12,9,24,7,30,10,398,,,,Crépuscule ou aube,Hors agglomération,Hors intersection,Pluie légère,Deux véhicules - frontale,,,,,,,,,,,2,1,1,2.0,1
201200004848,0012-11-02 18:30:00,12,11,2,18,30,10,52,,46.033,4.98,Nuit sans éclairage public,Hors agglomération,Hors intersection,Normale,Autre collision,,,,,,,,,,,3,1,1,1.0,6
201200004849,0012-11-08 18:15:00,12,11,8,18,15,10,443,,46.006,5.029,Nuit avec éclairage allumé,Hors agglomération,Hors intersection,Normale,Deux véhicules - frontale,,,,,,,,,,,5,1,1,1.0,1
201200004850,0012-12-16 17:30:00,12,12,16,17,30,10,75,,46.026,4.786,Nuit sans éclairage public,Hors agglomération,Intersection en X,Pluie légère,Trois véhicules et plus - collisions multiples,,,,,,,,,,,3,1,2,2.0,5
201200004851,0012-12-22 07:30:00,12,12,22,7,30,10,248,,45.897,4.93,Crépuscule ou aube,Hors agglomération,Hors intersection,Normale,Autre collision,,,,,,,,,,,2,1,1,1.0,6
201200004852,0012-01-02 10:30:00,12,1,2,10,30,10,389,,46.0955,4.92592,Plein jour,Hors agglomération,Hors intersection,Pluie légère,Autre collision,,,,,,,,,,,1,1,1,2.0,6
201200004853,0012-05-11 16:00:00,12,5,11,16,0,10,243,RD 933- PK 59.850,46.0469,4.76492,Plein jour,En agglomération,Intersection en X,Normale,Deux véhicules - côté,,,,,,,,,,,1,2,2,1.0,3
201200004854,0012-06-06 12:30:00,12,6,6,12,30,10,83,D17-D75,46.0971,4.84937,Plein jour,En agglomération,Hors intersection,Normale,Autre collision,,,,,,,,,,,1,2,1,1.0,6
201200004855,0012-06-07 11:30:00,12,6,7,11,30,10,319,,46.061,4.94676,Plein jour,Hors agglomération,Intersection en X,Vent fort / tempête,Deux véhicules - côté,,,,,,,,,,,1,1,2,6.0,3
201200004856,0012-06-17 06:15:00,12,6,17,6,15,10,351,,46.1628,4.8464,Crépuscule ou aube,Hors agglomération,Hors intersection,Normale,Sans collision,,,,,,,,,,,2,1,1,1.0,7
201200004857,0012-06-20 18:30:00,12,6,20,18,30,10,225,,46.0678,4.77122,Plein jour,Hors agglomération,Hors intersection,Normale,Deux véhicules - arrière,,,,,,,,,,,1,1,1,1.0,2
201200004858,0012-09-17 16:30:00,12,9,17,16,30,10,183,RD 933 LE BOURG,,,Plein jour,En agglomération,Hors intersection,Normale,Deux véhicules - frontale,,,,,,,,,,,1,2,1,1.0,1
201200004859,0012-09-21 14:45:00,12,9,21,14,45,10,348,,46.177,4.835,Plein jour,Hors agglomération,Hors intersection,Normale,Deux véhicules - frontale,,,,,,,,,,,1,1,1,1.0,1
201200004860,0012-10-10 10:45:00,12,10,10,10,45,10,393,,46.077,4.98,Plein jour,Hors agglomération,Hors intersection,Normale,Sans collision,,,,,,,,,,,1,1,1,1.0,7
201200004861,0012-11-17 08:30:00,12,11,17,8,30,10,348,,46.163,4.817,Nuit sans éclairage public,Hors agglomération,Hors intersection,Normale,Deux véhicules - côté,,,,,,,,,,,3,1,1,1.0,3
201200004862,0012-11-20 07:00:00,12,11,20,7,0,10,188,,46.189,4.88,Nuit sans éclairage public,Hors agglomération,Hors intersection,Brouillard / fumée,Sans collision,,,,,,,,,,,3,1,1,5.0,7
201200004863,0012-11-30 10:45:00,12,11,30,10,45,10,263,"13, rue de Chatillon",,,Plein jour,En agglomération,Hors intersection,Normale,Autre collision,,,,,,,,,,,1,2,1,1.0,6
201200004864,0012-12-04 17:00:00,12,12,4,17,0,10,389,,46.08,4.903,Plein jour,Hors agglomération,Hors intersection,Normale,Autre collision,,,,,,,,,,,1,1,1,1.0,6
201200004865,0012-05-18 16:45:00,12,5,18,16,45,70,158,,,,Plein jour,Hors agglomération,Hors intersection,Vent fort / tempête,Sans collision,,,,,,,,,,,1,1,1,6.0,7
201200004866,0012-08-16 20:15:00,12,8,16,20,15,70,339,,,,Crépuscule ou aube,Hors agglomération,Hors intersection,Normale,Deux véhicules - frontale,,,,,,,,,,,2,1,1,1.0,1
201200004867,0012-01-17 10:00:00,12,1,17,10,0,70,264,,,,Plein jour,Hors agglomération,Hors intersection,Normale,Autre collision,,,,,,,,,,,1,1,1,1.0,6
201200004868,0012-05-12 16:00:00,12,5,12,16,0,70,264,,44.32,4.618,Plein jour,Hors agglomération,Hors intersection,Normale,Deux véhicules - côté,,,,,,,,,,,1,1,1,1.0,3
201200004869,0012-07-03 19:00:00,12,7,3,19,0,70,42,,,,Plein jour,Hors agglomération,Hors intersection,Temps éblouissant,Deux véhicules - frontale,,,,,,,,,,,1,1,1,7.0,1
201200004870,0012-07-14 04:00:00,12,7,14,4,0,70,279,,,,Nuit sans éclairage public,Hors agglomération,Hors intersection,Normale,Autre collision,,,,,,,,,,,3,1,1,1.0,6
201200004871,0012-08-12 19:45:00,12,8,12,19,45,70,42,,,,Plein jour,Hors agglomération,Hors intersection,Normale,Deux véhicules - côté,,,,,,,,,,,1,1,1,1.0,3
201200004872,0012-10-02 16:30:00,12,10,2,16,30,70,268,,,,Plein jour,Hors agglomération,Hors intersection,Normale,Deux véhicules - côté,,,,,,,,,,,1,1,1,1.0,3
201200004873,0012-11-23 15:30:00,12,11,23,15,30,70,42,Avenue Felix chalamel,,,Plein jour,En agglomération,Hors intersection,Normale,Autre collision,,,,,,,,,,,1,2,1,1.0,6
201200004874,0012-12-18 17:30:00,12,12,18,17,30,70,264,,,,Nuit sans éclairage public,Hors agglomération,Hors intersection,Normale,Deux véhicules - frontale,,,,,,,,,,,3,1,1,1.0,1
201200004875,0012-01-19 11:45:00,12,1,19,11,45,70,76,,,,Plein jour,Hors agglomération,Hors intersection,Normale,Sans collision,,,,,,,,,,,1,1,1,1.0,7
201200004876,0012-02-10 17:00:00,12,2,10,17,0,70,319,"Coll?ge CHAMONTIN,",,,Plein jour,En agglomération,Place,Normale,Autre collision,,,,,,,,,,,1,2,7,1.0,6
201200004877,0012-03-04 16:30:00,12,3,4,16,30,70,319,rp Etienne Benistand,,,Plein jour,En agglomération,Giratoire,Normale,Sans collision,,,,,,,,,,,1,2,6,1.0,7
201200004878,0012-03-14 09:00:00,12,3,14,9,0,70,319,Place des Sablons,,,Plein jour,En agglomération,Hors intersection,Normale,Autre collision,,,,,,,,,,,1,2,1,1.0,6
201200004879,0012-10-29 15:15:00,12,10,29,15,15,70,346,,,,Plein jour,Hors agglomération,Hors intersection,Temps éblouissant,Autre collision,,,,,,,,,,,1,1,1,7.0,6
201200004880,0012-12-12 16:45:00,12,12,12,16,45,70,346,RUE DE LA GARE,,,Nuit avec éclairage allumé,En agglomération,Hors intersection,Normale,Deux véhicules - côté,,,,,,,,,,,5,2,1,1.0,3
201200004881,0012-01-02 20:15:00,12,1,2,20,15,70,138,,,,Nuit sans éclairage public,Hors agglomération,Hors intersection,Normale,Trois véhicules et plus - collisions multiples,,,,,,,,,,,3,1,1,1.0,5
201200004882,0012-01-03 10:00:00,12,1,3,10,0,70,348,,,,Plein jour,Hors agglomération,Hors intersection,Temps éblouissant,Deux véhicules - frontale,,,,,,,,,,,1,1,1,7.0,1
201200004883,0012-03-17 14:30:00,12,3,17,14,30,70,247,,,,Plein jour,Hors agglomération,Intersection en X,Normale,Deux véhicules - côté,,,,,,,,,,,1,1,2,1.0,3
201200004884,0012-06-22 04:15:00,12,6,22,4,15,70,138,,,,Nuit sans éclairage public,Hors agglomération,Hors intersection,Normale,Deux véhicules - côté,,,,,,,,,,,3,1,1,1.0,3
201200004885,0012-08-15 15:00:00,12,8,15,15,0,70,138,,,,Plein jour,Hors agglomération,Hors intersection,Normale,Deux véhicules - frontale,,,,,,,,,,,1,1,1,1.0,1
201200004886,0012-11-29 13:30:00,12,11,29,13,30,70,348,,,,Plein jour,Hors agglomération,Hors intersection,Temps éblouissant,Deux véhicules - frontale,,,,,,,,,,,1,1,1,7.0,1
201200004887,0012-12-20 18:15:00,12,12,20,18,15,70,247,,,,Nuit sans éclairage public,Hors agglomération,Hors intersection,Temps couvert,Deux véhicules - côté,,,,,,,,,,,3,1,1,8.0,3
201200004888,0012-12-21 15:30:00,12,12,21,15,30,70,247,,,,Plein jour,Hors agglomération,Hors intersection,Normale,Trois véhicules et plus - collisions multiples,,,,,,,,,,,1,1,1,1.0,5
201200004889,0012-01-02 14:15:00,12,1,2,14,15,70,261,,,,Plein jour,Hors agglomération,Hors intersection,Pluie légère,Autre collision,,,,,,,,,,,1,1,1,2.0,6
201200004890,0012-01-16 07:45:00,12,1,16,7,45,70,181,,,,Crépuscule ou aube,Hors agglomération,Hors intersection,Autre,Deux véhicules - frontale,,,,,,,,,,,2,1,1,9.0,1
201200004891,0012-03-26 16:30:00,12,3,26,16,30,70,66,quartier Neuve,,,Plein jour,En agglomération,Hors intersection,Normale,Autre collision,,,,,,,,,,,1,2,1,1.0,6
201200004892,0012-06-07 17:15:00,12,6,7,17,15,70,90,Route d?partementale 104,,,Plein jour,En agglomération,Hors intersection,Normale,Trois véhicules et plus - en chaîne,,,,,,,,,,,1,2,1,1.0,4
201200004893,0012-12-08 21:45:00,12,12,8,21,45,70,349,Avenue du 11 novembre,,,Nuit avec éclairage allumé,En agglomération,Hors intersection,Normale,Autre collision,,,,,,,,,,,5,2,1,1.0,6
201200004894,0012-12-18 17:00:00,12,12,18,17,0,70,349,,,,Nuit sans éclairage public,Hors agglomération,Hors intersection,Temps couvert,Deux véhicules - arrière,,,,,,,,,,,3,1,1,8.0,2
201200004895,0012-12-30 20:00:00,12,12,30,20,0,70,349,rue bertraud,,,Nuit avec éclairage allumé,En agglomération,Hors intersection,Normale,Deux véhicules - frontale,,,,,,,,,,,5,2,1,1.0,1
201200004896,0012-07-23 13:45:00,12,7,23,13,45,70,202,,44.523,4.091,Plein jour,Hors agglomération,Hors intersection,Normale,Sans collision,,,,,,,,,,,1,1,1,1.0,7
201200004897,0012-07-27 13:00:00,12,7,27,13,0,70,327,morte meric,44.522,4.335,Plein jour,En agglomération,Hors intersection,Normale,Deux véhicules - frontale,,,,,,,,,,,1,2,1,1.0,1
201200004898,0012-09-10 23:30:00,12,9,10,23,30,70,327,,,,Nuit sans éclairage public,Hors agglomération,Hors intersection,Normale,Sans collision,,,,,,,,,,,3,1,1,1.0,7
201200004899,0012-01-29 01:45:00,12,1,29,1,45,70,235,rue principale village,,,Nuit avec éclairage allumé,En agglomération,Hors intersection,Neige / grêle,Autre collision,,,,,,,,,,,5,2,1,4.0,6
201200004900,0012-12-28 16:00:00,12,12,28,16,0,70,137,,,,Plein jour,Hors agglomération,Hors intersection,Temps couvert,Autre collision,,,,,,,,,,,1,1,1,8.0,6
201200004901,0012-04-29 19:00:00,12,4,29,19,0,70,182,les plots,44.646,4.313,Plein jour,En agglomération,Hors intersection,Normale,Deux véhicules - frontale,,,,,,,,,,,1,2,1,1.0,1
201200004902,0012-07-11 19:15:00,12,7,11,19,15,70,156,,44.676,4.274,Plein jour,Hors agglomération,Hors intersection,Normale,Sans collision,,,,,,,,,,,1,1,1,1.0,7
201200004903,0012-07-21 07:15:00,12,7,21,7,15,70,161,,44.702,4.241,Plein jour,Hors agglomération,Hors intersection,Normale,Deux véhicules - côté,,,,,,,,,,,1,1,1,1.0,3
201200004904,0012-02-05 18:15:00,12,2,5,18,15,70,291,Place de l'?cole,,,Nuit avec éclairage allumé,En agglomération,Hors intersection,Normale,Autre collision,,,,,,,,,,,5,2,1,1.0,6
201200004905,0012-03-24 17:30:00,12,3,24,17,30,70,330,,,,Plein jour,Hors agglomération,Hors intersection,Normale,Deux véhicules - frontale,,,,,,,,,,,1,1,1,1.0,1
201200004906,0012-05-19 17:45:00,12,5,19,17,45,70,330,,,,Plein jour,Hors agglomération,Hors intersection,Normale,Deux véhicules - côté,,,,,,,,,,,1,1,1,1.0,3