accident_id,datetime,annee,mois,jour,heure,minute,departement,commune_insee,adresse,latitude,longitude,luminosite,agglomeration,intersection,meteo,collision,nb_vehicules,nb_usagers,nb_indemnes,nb_tues,nb_blesses_hosp,nb_blesses_legers,age_cond_1,age_cond_2,veh_type_cond_1,veh_type_cond_2,lum_code,agg_code,int_code,atm_code,col_code
201200005171,0012-09-14 15:30:00,12,9,14,15,30,380,62,,,,Plein jour,Hors agglomération,Hors intersection,Normale,Deux véhicules - arrière,,,,,,,,,,,1,1,1,1.0,2
201200005172,0012-10-07 16:45:00,12,10,7,16,45,380,75,,45.4523,6.00098,Plein jour,Hors agglomération,Hors intersection,Pluie légère,Deux véhicules - frontale,,,,,,,,,,,1,1,1,2.0,1
201200005173,0012-11-03 17:15:00,12,11,3,17,15,380,314,,,,Plein jour,Hors agglomération,Hors intersection,Normale,Autre collision,,,,,,,,,,,1,1,1,1.0,6
201200005174,0012-11-05 15:00:00,12,11,5,15,0,380,439,,,,Plein jour,Hors agglomération,Hors intersection,Pluie légère,Deux véhicules - frontale,,,,,,,,,,,1,1,1,2.0,1
201200005175,0012-11-09 08:15:00,12,11,9,8,15,380,439,,,,Crépuscule ou aube,Hors agglomération,Intersection en T,Normale,Trois véhicules et plus - collisions multiples,,,,,,,,,,,2,1,3,1.0,5
201200005176,0012-11-24 20:45:00,12,11,24,20,45,380,439,,,,Nuit sans éclairage public,Hors agglomération,Hors intersection,Normale,Sans collision,,,,,,,,,,,3,1,1,1.0,7
201200005177,0012-12-04 09:15:00,12,12,4,9,15,380,78,pre vieux,,,Plein jour,En agglomération,Hors intersection,Temps couvert,Sans collision,,,,,,,,,,,1,2,1,8.0,7
201200005178,0012-12-23 16:45:00,12,12,23,16,45,380,314,ROUTE DES GORGES,45.4362,6.03637,Plein jour,En agglomération,Hors intersection,Normale,Deux véhicules - frontale,,,,,,,,,,,1,2,1,1.0,1
201200005179,0012-09-15 14:15:00,12,9,15,14,15,380,328,d105a,,,Plein jour,En agglomération,Intersection en Y,Normale,Deux véhicules - côté,,,,,,,,,,,1,2,4,1.0,3
201200005180,0012-09-19 07:00:00,12,9,19,7,0,380,382,AVENUE DE KARBEN,45.2426,5.67062,Crépuscule ou aube,En agglomération,Intersection en X,Pluie légère,Deux véhicules - frontale,,,,,,,,,,,2,2,2,2.0,1
201200005181,0012-07-16 08:15:00,12,7,16,8,15,380,405,,,,Nuit sans éclairage public,Hors agglomération,Hors intersection,Normale,Autre collision,,,,,,,,,,,3,1,1,1.0,6
201200005182,0012-09-10 17:00:00,12,9,10,17,0,380,376,,45.437,5.79699,Plein jour,Hors agglomération,Hors intersection,Normale,Autre collision,,,,,,,,,,,1,1,1,1.0,6
201200005183,0012-10-05 19:30:00,12,10,5,19,30,380,442,,45.331,5.806,Nuit sans éclairage public,Hors agglomération,Hors intersection,Normale,Autre collision,,,,,,,,,,,3,1,1,1.0,6
201200005184,0012-11-19 18:30:00,12,11,19,18,30,380,412,,45.387,5.736,Nuit sans éclairage public,Hors agglomération,Hors intersection,Normale,Autre collision,,,,,,,,,,,3,1,1,1.0,6
201200005185,0012-01-22 09:00:00,12,1,22,9,0,380,474,,,,Plein jour,Hors agglomération,Hors intersection,Pluie légère,Deux véhicules - frontale,,,,,,,,,,,1,1,1,2.0,1
201200005186,0012-03-07 10:00:00,12,3,7,10,0,380,474,,45.2205,5.65046,Plein jour,Hors agglomération,Intersection en X,Normale,Trois véhicules et plus - en chaîne,,,,,,,,,,,1,1,2,1.0,4
201200005187,0012-03-25 15:30:00,12,3,25,15,30,380,474,LES COTES /CH PATACHES,45.2164,5.64575,Plein jour,Hors agglomération,Intersection en Y,Normale,Trois véhicules et plus - collisions multiples,,,,,,,,,,,1,1,4,1.0,5
201200005188,0012-04-18 18:45:00,12,4,18,18,45,380,474,35 avenue de Romans,,,Plein jour,En agglomération,Hors intersection,Normale,Autre collision,,,,,,,,,,,1,2,1,1.0,6
201200005189,0012-08-11 11:15:00,12,8,11,11,15,380,474,rue de la maladi?re,,,Plein jour,En agglomération,Hors intersection,Normale,Deux véhicules - côté,,,,,,,,,,,1,2,1,1.0,3
201200005190,0012-02-18 16:00:00,12,2,18,16,0,380,511,,45.3194,5.97192,Plein jour,Hors agglomération,Autre intersection,Normale,Deux véhicules - frontale,,,,,,,,,,,1,1,9,1.0,1
201200005191,0012-04-01 02:45:00,12,4,1,2,45,380,2,RD 250,,,Crépuscule ou aube,En agglomération,Hors intersection,Normale,Autre collision,,,,,,,,,,,2,2,1,1.0,6
201200005192,0012-06-08 11:00:00,12,6,8,11,0,380,503,AVENUE DE SAVOIE,45.3299,5.93748,Plein jour,En agglomération,Hors intersection,Pluie légère,Autre collision,,,,,,,,,,,1,2,1,2.0,6
201200005193,0012-06-21 14:45:00,12,6,21,14,45,380,70,,,,Plein jour,Hors agglomération,Hors intersection,Normale,Deux véhicules - frontale,,,,,,,,,,,1,1,1,1.0,1
201200005194,0012-06-29 17:30:00,12,6,29,17,30,380,511,AVENUE DE MONTFILLON,,,Plein jour,En agglomération,Hors intersection,Normale,Autre collision,,,,,,,,,,,1,2,1,1.0,6
201200005195,0012-07-04 07:00:00,12,7,4,7,0,380,214,RD 1090,,,Plein jour,En agglomération,Hors intersection,Normale,Deux véhicules - côté,,,,,,,,,,,1,2,1,1.0,3
201200005196,0012-07-08 10:45:00,12,7,8,10,45,380,466,D1090,,,Plein jour,En agglomération,Hors intersection,Normale,Trois véhicules et plus - collisions multiples,,,,,,,,,,,1,2,1,1.0,5
201200005197,0012-07-23 16:15:00,12,7,23,16,15,380,503,,,,Plein jour,Hors agglomération,Hors intersection,Normale,Deux véhicules - côté,,,,,,,,,,,1,1,1,1.0,3
201200005198,0012-08-11 14:00:00,12,8,11,14,0,380,181,,,,Plein jour,Hors agglomération,Hors intersection,Normale,Deux véhicules - arrière,,,,,,,,,,,1,1,1,1.0,2
201200005199,0012-09-01 19:00:00,12,9,1,19,0,380,503,RD 1090,45.4782,5.56004,Plein jour,En agglomération,Intersection en T,Normale,Deux véhicules - côté,,,,,,,,,,,1,2,3,1.0,3
201200005200,0012-09-06 07:30:00,12,9,6,7,30,380,511,LA FRETTE,45.4782,5.56004,Plein jour,En agglomération,Hors intersection,Brouillard / fumée,Trois véhicules et plus - en chaîne,,,,,,,,,,,1,2,1,5.0,4
201200005201,0012-10-18 10:00:00,12,10,18,10,0,380,181,RTE DES THERMES,45.3503,5.98757,Plein jour,Hors agglomération,Hors intersection,Normale,Deux véhicules - frontale,,,,,,,,,,,1,1,1,1.0,1
201200005202,0012-10-22 15:15:00,12,10,22,15,15,380,2,,45.2742,5.9867,Plein jour,Hors agglomération,Hors intersection,Normale,Autre collision,,,,,,,,,,,1,1,1,1.0,6
201200005203,0012-03-01 19:00:00,12,3,1,19,0,380,545,avenue mar?chal leclerc,,,Nuit sans éclairage public,En agglomération,Hors intersection,Normale,Autre collision,,,,,,,,,,,3,2,1,1.0,6
201200005204,0012-04-24 09:45:00,12,4,24,9,45,380,545,Rue du Polygone,,,Plein jour,En agglomération,Hors intersection,Pluie légère,Autre collision,,,,,,,,,,,1,2,1,2.0,6
201200005205,0012-06-12 16:30:00,12,6,12,16,30,380,548,,45.1219,5.57409,Plein jour,Hors agglomération,Hors intersection,Pluie forte,Deux véhicules - frontale,,,,,,,,,,,1,1,1,3.0,1
201200005206,0012-09-01 02:00:00,12,9,1,2,0,380,205,,45.0995,5.55859,Nuit avec éclairage allumé,Hors agglomération,Hors intersection,Pluie forte,Sans collision,,,,,,,,,,,5,1,1,3.0,7
201200005207,0012-03-08 10:50:00,12,3,8,10,50,20,738,rue LEDRU,49.66997,3.28042,Plein jour,En agglomération,Intersection en X,Normale,Deux véhicules - frontale,,,,,,,,,,,1,2,2,1.0,1
201200005208,0012-02-27 14:25:00,12,2,27,14,25,20,738,"79, QUATRE FILS PAUL DOU",49.65785,3.28866,Plein jour,En agglomération,Intersection en Y,Normale,Deux véhicules - côté,,,,,,,,,,,1,2,4,1.0,3
201200005209,0012-03-10 11:00:00,12,3,10,11,0,380,565,,45.302,5.636,Plein jour,En agglomération,Hors intersection,Normale,Sans collision,,,,,,,,,,,1,2,1,1.0,7
201200005210,0012-07-06 21:00:00,12,7,6,21,0,20,59,D1044,,,Crépuscule ou aube,Hors agglomération,Hors intersection,Temps éblouissant,Sans collision,,,,,,,,,,,2,1,1,7.0,7
201200005211,0012-08-05 08:45:00,12,8,5,8,45,20,738,"5, REPUBLIQUE",49.66224,3.36582,Plein jour,En agglomération,Intersection en X,Normale,Deux véhicules - côté,,,,,,,,,,,1,2,2,1.0,3
201200005212,0012-10-05 14:45:00,12,10,5,14,45,20,59,D1032,,,Plein jour,Hors agglomération,Intersection en T,Normale,Deux véhicules - côté,,,,,,,,,,,1,1,3,1.0,3
201200005213,0012-10-10 16:40:00,12,10,10,16,40,20,59,LOUIS LUMIERE,49.64811,3.32752,Plein jour,Hors agglomération,Hors intersection,Normale,Autre collision,,,,,,,,,,,1,1,1,1.0,6
201200005214,0012-12-03 17:12:00,12,12,3,17,12,20,304,"45, BOURGET (RUE DU)",49.66347,3.36142,Nuit avec éclairage allumé,En agglomération,Hors intersection,Normale,Deux véhicules - frontale,,,,,,,,,,,5,2,1,1.0,1
201200005215,0012-12-25 10:45:00,12,12,25,10,45,20,59,FONTAINE (RUE JEAN DE LA,49.66132,3.34861,Plein jour,En agglomération,Intersection en T,Normale,Deux véhicules - côté,,,,,,,,,,,1,2,3,1.0,3
201200005216,0012-05-17 15:00:00,12,5,17,15,0,380,565,,45.305,5.635,Plein jour,Hors agglomération,Hors intersection,Normale,Deux véhicules - frontale,,,,,,,,,,,1,1,1,1.0,1
201200005217,0012-06-19 18:00:00,12,6,19,18,0,380,170,RD1075,45.2592,5.65897,Plein jour,En agglomération,Hors intersection,Normale,Deux véhicules - côté,,,,,,,,,,,1,2,1,1.0,3
201200005218,0012-06-21 17:30:00,12,6,21,17,30,380,565,,45.305,5.638,Plein jour,Hors agglomération,Hors intersection,Pluie légère,Autre collision,,,,,,,,,,,1,1,1,2.0,6
201200005219,0012-08-05 20:15:00,12,8,5,20,15,380,254,,45.0887,5.73106,Crépuscule ou aube,Hors agglomération,Hors intersection,Normale,Sans collision,,,,,,,,,,,2,1,1,1.0,7
201200005220,0012-09-18 14:30:00,12,9,18,14,30,380,413,,44.8957,5.81732,Plein jour,Hors agglomération,Hors intersection,Normale,Deux véhicules - frontale,,,,,,,,,,,1,1,1,1.0,1
201200005221,0012-03-28 09:00:00,12,3,28,9,0,380,208,,44.8498,5.69194,Crépuscule ou aube,Hors agglomération,Hors intersection,Normale,Deux véhicules - frontale,,,,,,,,,,,2,1,1,1.0,1
201200005222,0012-06-18 22:30:00,12,6,18,22,30,380,456,,44.916,5.669,Nuit sans éclairage public,Hors agglomération,Hors intersection,Normale,Autre collision,,,,,,,,,,,3,1,1,1.0,6
201200005223,0012-06-30 14:00:00,12,6,30,14,0,380,513,,,,Plein jour,Hors agglomération,Hors intersection,Normale,Deux véhicules - côté,,,,,,,,,,,1,1,1,1.0,3
201200005224,0012-08-05 10:45:00,12,8,5,10,45,380,342,,44.8833,5.6185,Plein jour,Hors agglomération,Hors intersection,Normale,Autre collision,,,,,,,,,,,1,1,1,1.0,6
201200005225,0012-09-02 17:15:00,12,9,2,17,15,380,242,,44.933,5.64,Plein jour,En agglomération,Hors intersection,Normale,Autre collision,,,,,,,,,,,1,2,1,1.0,6
201200005226,0012-11-15 18:45:00,12,11,15,18,45,380,366,RTE DE LONGUEVILLE,44.7829,5.78364,Nuit sans éclairage public,Hors agglomération,Hors intersection,Normale,Autre collision,,,,,,,,,,,3,1,1,1.0,6
201200005227,0012-02-09 14:30:00,12,2,9,14,30,380,71,,45.0897,5.72772,Plein jour,Hors agglomération,Hors intersection,Normale,Deux véhicules - frontale,,,,,,,,,,,1,1,1,1.0,1
201200005228,0012-06-21 18:00:00,12,6,21,18,0,380,212,,,,Plein jour,Hors agglomération,Autre intersection,Temps couvert,Deux véhicules - frontale,,,,,,,,,,,1,1,9,8.0,1
201200005229,0012-08-25 09:15:00,12,8,25,9,15,380,562,1 CHEMIN DU BOIS DE CORN,45.087,5.766,Plein jour,En agglomération,Giratoire,Normale,Autre collision,,,,,,,,,,,1,2,6,1.0,6
201200005230,0012-01-04 18:45:00,12,1,4,18,45,380,416,BD DU CHAMPS DE MARS,45.1534,5.31901,Nuit avec éclairage allumé,En agglomération,Hors intersection,Normale,Autre collision,,,,,,,,,,,5,2,1,1.0,6
201200005231,0012-01-14 15:30:00,12,1,14,15,30,380,454,,45.1569,5.32771,Crépuscule ou aube,Hors agglomération,Hors intersection,Temps éblouissant,Deux véhicules - arrière,,,,,,,,,,,2,1,1,7.0,2
201200005232,0012-02-24 19:15:00,12,2,24,19,15,380,410,,,,Nuit sans éclairage public,Hors agglomération,Hors intersection,Normale,Deux véhicules - arrière,,,,,,,,,,,3,1,1,1.0,2
201200005233,0012-03-07 15:30:00,12,3,7,15,30,380,95,C?te galets,,,Plein jour,En agglomération,Hors intersection,Temps éblouissant,Deux véhicules - côté,,,,,,,,,,,1,2,1,7.0,3
201200005234,0012-03-17 17:30:00,12,3,17,17,30,380,463,,,,Plein jour,Hors agglomération,Hors intersection,Normale,Deux véhicules - frontale,,,,,,,,,,,1,1,1,1.0,1
201200005235,0012-04-07 12:00:00,12,4,7,12,0,380,18,,45.067,5.271,Crépuscule ou aube,Hors agglomération,Hors intersection,Pluie légère,Deux véhicules - frontale,,,,,,,,,,,2,1,1,2.0,1
201200005236,0012-04-21 18:30:00,12,4,21,18,30,380,416,,,,Plein jour,Hors agglomération,Hors intersection,Temps couvert,Deux véhicules - frontale,,,,,,,,,,,1,1,1,8.0,1
201200005237,0012-05-12 11:00:00,12,5,12,11,0,380,416,rue biesse,,,Plein jour,En agglomération,Hors intersection,Pluie légère,Autre collision,,,,,,,,,,,1,2,1,2.0,6
201200005238,0012-07-20 23:30:00,12,7,20,23,30,380,95,RUE PR? JEAN GOUR,,,Nuit avec éclairage allumé,En agglomération,Hors intersection,Normale,Deux véhicules - frontale,,,,,,,,,,,5,2,1,1.0,1
201200005239,0012-09-28 18:45:00,12,9,28,18,45,380,95,BLACHE RAILLET,45.1332,5.25812,Plein jour,Hors agglomération,Hors intersection,Normale,Deux véhicules - frontale,,,,,,,,,,,1,1,1,1.0,1
201200005240,0012-10-16 18:45:00,12,10,16,18,45,380,410,,45.082,5.168,Crépuscule ou aube,Hors agglomération,Hors intersection,Pluie légère,Autre collision,,,,,,,,,,,2,1,1,2.0,6
201200005241,0012-10-21 02:00:00,12,10,21,2,0,380,95,CH PONT BLANC,45.1355,5.26333,Nuit sans éclairage public,Hors agglomération,Intersection en T,Normale,Sans collision,,,,,,,,,,,3,1,3,1.0,7
201200005242,0012-06-27 16:00:00,12,6,27,16,0,380,93,,45.345,5.194,Plein jour,Hors agglomération,Hors intersection,Normale,Deux véhicules - frontale,,,,,,,,,,,1,1,1,1.0,1
201200005243,0012-07-20 16:00:00,12,7,20,16,0,380,387,,45.314,5.33625,Plein jour,Hors agglomération,Intersection en T,Normale,Deux véhicules - frontale,,,,,,,,,,,1,1,3,1.0,1
201200005244,0012-08-26 03:45:00,12,8,26,3,45,380,347,,45.2763,5.32114,Nuit sans éclairage public,Hors agglomération,Hors intersection,Normale,Autre collision,,,,,,,,,,,3,1,1,1.0,6
201200005245,0012-09-19 15:30:00,12,9,19,15,30,380,32,INT. CH DES FOURCHES,45.3309,5.10114,Plein jour,Hors agglomération,Intersection en X,Normale,Deux véhicules - côté,,,,,,,,,,,1,1,2,1.0,3
201200005246,0012-01-13 14:00:00,12,1,13,14,0,380,450,,,,Plein jour,Hors agglomération,Hors intersection,Normale,Deux véhicules - côté,,,,,,,,,,,1,1,1,1.0,3
201200005247,0012-02-17 22:00:00,12,2,17,22,0,380,517,,45.278,5.475,Nuit sans éclairage public,Hors agglomération,Hors intersection,Normale,Autre collision,,,,,,,,,,,3,1,1,1.0,6
201200005248,0012-03-23 16:45:00,12,3,23,16,45,380,500,INTER CH LE SABOT,45.179,5.37668,Plein jour,Hors agglomération,Intersection en T,Normale,Trois véhicules et plus - en chaîne,,,,,,,,,,,1,1,3,1.0,4
201200005249,0012-05-19 07:45:00,12,5,19,7,45,380,450,,45.282,5.53557,Plein jour,Hors agglomération,Hors intersection,Pluie légère,Deux véhicules - côté,,,,,,,,,,,1,1,1,2.0,3
201200005250,0012-06-30 11:15:00,12,6,30,11,15,380,330,,45.2819,5.39047,Plein jour,Hors agglomération,Hors intersection,Normale,Autre collision,,,,,,,,,,,1,1,1,1.0,6
201200005251,0012-07-20 18:30:00,12,7,20,18,30,380,517,PLACE JEAN JAUR?S,45.301,5.485,Plein jour,En agglomération,Place,Pluie légère,Deux véhicules - côté,,,,,,,,,,,1,2,7,2.0,3
201200005252,0012-08-08 12:15:00,12,8,8,12,15,380,450,,45.298,5.585,Plein jour,Hors agglomération,Hors intersection,Normale,Deux véhicules - arrière,,,,,,,,,,,1,1,1,1.0,2
201200005253,0012-10-20 11:30:00,12,10,20,11,30,380,86,,45.284,5.351,Plein jour,Hors agglomération,Hors intersection,Normale,Deux véhicules - frontale,,,,,,,,,,,1,1,1,1.0,1
201200005254,0012-04-11 17:30:00,12,4,11,17,30,380,455,ROUTE DE LA PISCICULTURE,45.6248,5.28419,Plein jour,En agglomération,Hors intersection,Normale,Deux véhicules - frontale,,,,,,,,,,,1,2,1,1.0,1
201200005255,0012-04-22 16:45:00,12,4,22,16,45,380,467,,45.5022,5.15111,Plein jour,Hors agglomération,Hors intersection,Normale,Deux véhicules - frontale,,,,,,,,,,,1,1,1,1.0,1
201200005256,0012-05-01 01:00:00,12,5,1,1,0,380,455,,45.637,5.296,Nuit avec éclairage allumé,Hors agglomération,Hors intersection,Normale,Deux véhicules - frontale,,,,,,,,,,,5,1,1,1.0,1
201200005257,0012-05-16 21:00:00,12,5,16,21,0,380,455,580 CHEMIN DES VAGUES,45.637,5.301,Crépuscule ou aube,En agglomération,Hors intersection,Normale,Autre collision,,,,,,,,,,,2,2,1,1.0,6
201200005258,0012-05-19 21:00:00,12,5,19,21,0,380,230,,45.568,5.282,Crépuscule ou aube,Hors agglomération,Hors intersection,Normale,Deux véhicules - frontale,,,,,,,,,,,2,1,1,1.0,1
201200005259,0012-06-22 15:45:00,12,6,22,15,45,380,348,,45.5922,5.35414,Plein jour,Hors agglomération,Hors intersection,Normale,Deux véhicules - côté,,,,,,,,,,,1,1,1,1.0,3
201200005260,0012-07-09 11:30:00,12,7,9,11,30,380,374,20 RUE DE L'ABBATIALE,45.641,5.36301,Plein jour,En agglomération,Hors intersection,Normale,Deux véhicules - côté,,,,,,,,,,,1,2,1,1.0,3
201200005261,0012-07-23 18:00:00,12,7,23,18,0,380,374,,45.6434,5.32676,Plein jour,Hors agglomération,Intersection en T,Normale,Deux véhicules - côté,,,,,,,,,,,1,1,3,1.0,3
201200005262,0012-07-24 10:15:00,12,7,24,10,15,380,455,365 CH DE LA ROBINIERE,45.6301,5.30103,Plein jour,En agglomération,Intersection en T,Normale,Autre collision,,,,,,,,,,,1,2,3,1.0,6
201200005263,0012-08-15 15:45:00,12,8,15,15,45,380,467,,45.5022,5.15111,Plein jour,Hors agglomération,Hors intersection,Normale,Deux véhicules - frontale,,,,,,,,,,,1,1,1,1.0,1
201200005264,0012-09-09 17:30:00,12,9,9,17,30,380,498,,45.536,5.319,Plein jour,Hors agglomération,Hors intersection,Normale,Trois véhicules et plus - collisions multiples,,,,,,,,,,,1,1,1,1.0,5
201200005265,0012-10-01 21:30:00,12,10,1,21,30,380,374,ROUTE D ARCISSE,45.646,5.30214,Nuit avec éclairage allumé,En agglomération,Hors intersection,Normale,Deux véhicules - côté,,,,,,,,,,,5,2,1,1.0,3
201200005266,0012-11-23 08:30:00,12,11,23,8,30,380,348,,45.5842,5.30901,Plein jour,Hors agglomération,Giratoire,Normale,Deux véhicules - côté,,,,,,,,,,,1,1,6,1.0,3
201200005267,0012-04-15 15:00:00,12,4,15,15,0,380,515,,45.7519,5.08922,Plein jour,Hors agglomération,Hors intersection,Pluie légère,Sans collision,,,,,,,,,,,1,1,1,2.0,7
201200005268,0012-05-20 18:45:00,12,5,20,18,45,380,515,34 route de Cr?mieu,45.687,5.312,Plein jour,En agglomération,Intersection en X,Normale,Deux véhicules - frontale,,,,,,,,,,,1,2,2,1.0,1
201200005269,0012-06-05 14:30:00,12,6,5,14,30,380,392,rue du mont,,,Plein jour,En agglomération,Hors intersection,Normale,Sans collision,,,,,,,,,,,1,2,1,1.0,7
201200005270,0012-07-19 16:00:00,12,7,19,16,0,380,67,"D75, route de vienne",45.683,5.165,Plein jour,En agglomération,Hors intersection,Normale,Autre collision,,,,,,,,,,,1,2,1,1.0,6
201200005271,0012-08-19 12:30:00,12,8,19,12,30,380,176,,,,Plein jour,Hors agglomération,Hors intersection,Normale,Deux véhicules - frontale,,,,,,,,,,,1,1,1,1.0,1
201200005272,0012-12-21 17:00:00,12,12,21,17,0,380,451,41 route de loyettes,45.753,5.225,Nuit avec éclairage allumé,En agglomération,Hors intersection,Temps couvert,Autre collision,,,,,,,,,,,5,2,1,8.0,6
201200005273,0012-01-14 23:15:00,12,1,14,23,15,380,65,LA RONGY,45.4509,5.44666,Nuit sans éclairage public,Hors agglomération,Hors intersection,Brouillard / fumée,Autre collision,,,,,,,,,,,3,1,1,5.0,6
201200005274,0012-01-15 10:30:00,12,1,15,10,30,380,182,chemin du violet,,,Plein jour,En agglomération,Hors intersection,Normale,Deux véhicules - côté,,,,,,,,,,,1,2,1,1.0,3
201200005275,0012-03-30 17:15:00,12,3,30,17,15,380,44,,45.4885,5.39212,Plein jour,Hors agglomération,Hors intersection,Normale,Deux véhicules - arrière,,,,,,,,,,,1,1,1,1.0,2
201200005276,0012-06-17 14:45:00,12,6,17,14,45,380,43,,45.4782,5.56004,Plein jour,Hors agglomération,Hors intersection,Normale,Deux véhicules - frontale,,,,,,,,,,,1,1,1,1.0,1
201200005277,0012-07-10 18:45:00,12,7,10,18,45,380,118,161 chemin des chaumes,,,Plein jour,En agglomération,Hors intersection,Normale,Deux véhicules - côté,,,,,,,,,,,1,2,1,1.0,3
201200005278,0012-07-07 14:30:00,12,7,7,14,30,380,147,CHEMIN DE LA TULIE,45.568,5.43081,Plein jour,En agglomération,Hors intersection,Normale,Deux véhicules - arrière,,,,,,,,,,,1,2,1,1.0,2
201200005279,0012-08-27 17:30:00,12,8,27,17,30,380,42,,45.395,5.38101,Plein jour,Hors agglomération,Hors intersection,Normale,Deux véhicules - côté,,,,,,,,,,,1,1,1,1.0,3
201200005280,0012-11-15 06:00:00,12,11,15,6,0,380,43,,45.445,5.528,Nuit sans éclairage public,Hors agglomération,Hors intersection,Brouillard / fumée,Deux véhicules - arrière,,,,,,,,,,,3,1,1,5.0,2
201200005281,0012-11-17 02:15:00,12,11,17,2,15,380,118,1598 route du tram,45.402,5.452,Nuit avec éclairage allumé,En agglomération,Hors intersection,Normale,Autre collision,,,,,,,,,,,5,2,1,1.0,6
201200005282,0012-11-29 07:45:00,12,11,29,7,45,380,13,D50,45.384,5.495,Crépuscule ou aube,En agglomération,Hors intersection,Pluie légère,Deux véhicules - frontale,,,,,,,,,,,2,2,1,2.0,1
201200005283,0012-06-18 11:45:00,12,6,18,11,45,380,295,,45.81,5.36996,Plein jour,Hors agglomération,Hors intersection,Normale,Sans collision,,,,,,,,,,,1,1,1,1.0,7
201200005284,0012-09-12 12:15:00,12,9,12,12,15,380,539,,45.8705,5.37355,Plein jour,Hors agglomération,Hors intersection,Temps couvert,Deux véhicules - frontale,,,,,,,,,,,1,1,1,8.0,1
201200005285,0012-10-25 08:15:00,12,10,25,8,15,380,83,ROUTE D'OPTEVOZ,45.816,5.37,Plein jour,En agglomération,Hors intersection,Normale,Deux véhicules - frontale,,,,,,,,,,,1,2,1,1.0,1
201200005286,0012-09-15 16:30:00,12,9,15,16,30,380,261,,45.6905,5.45831,Plein jour,Hors agglomération,Hors intersection,Normale,Deux véhicules - côté,,,,,,,,,,,1,1,1,1.0,3
201200005287,0012-02-22 02:30:00,12,2,22,2,30,380,1,,45.5416,5.58398,Nuit sans éclairage public,Hors agglomération,Hors intersection,Normale,Sans collision,,,,,,,,,,,3,1,1,1.0,7
201200005288,0012-05-07 23:30:00,12,5,7,23,30,380,1,,45.5525,5.58482,Nuit sans éclairage public,Hors agglomération,Hors intersection,Normale,Autre collision,,,,,,,,,,,3,1,1,1.0,6
201200005289,0012-05-20 10:45:00,12,5,20,10,45,380,292,ROUTE DU LAC,45.4607,5.53483,Plein jour,Hors agglomération,Hors intersection,Normale,Trois véhicules et plus - collisions multiples,,,,,,,,,,,1,1,1,1.0,5
201200005290,0012-06-02 20:15:00,12,6,2,20,15,380,28,,45.5228,5.59543,Plein jour,Hors agglomération,Hors intersection,Pluie légère,Trois véhicules et plus - collisions multiples,,,,,,,,,,,1,1,1,2.0,5
201200005291,0012-06-13 11:45:00,12,6,13,11,45,380,315,,45.5357,5.64623,Plein jour,Hors agglomération,Giratoire,Temps couvert,Trois véhicules et plus - en chaîne,,,,,,,,,,,1,1,6,8.0,4
201200005292,0012-06-16 10:15:00,12,6,16,10,15,380,228,,45.5095,5.59663,Plein jour,Hors agglomération,Hors intersection,Normale,Sans collision,,,,,,,,,,,1,1,1,1.0,7
201200005293,0012-07-22 05:15:00,12,7,22,5,15,380,315,RD 82,45.53,5.681,Nuit sans éclairage public,En agglomération,Hors intersection,Normale,Sans collision,,,,,,,,,,,3,2,1,1.0,7
201200005294,0012-08-21 15:00:00,12,8,21,15,0,380,420,,,,Plein jour,Hors agglomération,Hors intersection,Normale,Deux véhicules - frontale,,,,,,,,,,,1,1,1,1.0,1
201200005295,0012-09-21 08:30:00,12,9,21,8,30,380,315,AV BERGERIE / BUQUINE,45.5333,5.66499,Nuit avec éclairage allumé,En agglomération,Intersection en X,Normale,Deux véhicules - côté,,,,,,,,,,,5,2,2,1.0,3
201200005296,0012-10-30 16:30:00,12,10,30,16,30,380,256,ROUTE DU BOURG,45.4885,5.59238,Plein jour,En agglomération,Intersection en Y,Normale,Deux véhicules - côté,,,,,,,,,,,1,2,4,1.0,3
201200005297,0012-11-09 19:45:00,12,11,9,19,45,380,315,61B AV DE LA FOLATIERE,45.5369,5.65339,Nuit avec éclairage allumé,En agglomération,Intersection en X,Temps couvert,Deux véhicules - frontale,,,,,,,,,,,5,2,2,8.0,1
201200005298,0012-11-17 11:15:00,12,11,17,11,15,380,398,LES ETEPPES,,,Plein jour,En agglomération,Hors intersection,Normale,Deux véhicules - côté,,,,,,,,,,,1,2,1,1.0,3
201200005299,0012-03-11 17:00:00,12,3,11,17,0,380,64,,,,Plein jour,Hors agglomération,Hors intersection,Normale,Autre collision,,,,,,,,,,,1,1,1,1.0,6
201200005300,0012-06-13 07:00:00,12,6,13,7,0,380,76,,,,Plein jour,Hors agglomération,Hors intersection,Pluie légère,Deux véhicules - côté,,,,,,,,,,,1,1,1,2.0,3
201200005301,0012-07-01 18:45:00,12,7,1,18,45,380,381,,45.547,5.469,Plein jour,Hors agglomération,Hors intersection,Normale,Deux véhicules - frontale,,,,,,,,,,,1,1,1,1.0,1
201200005302,0012-08-08 23:30:00,12,8,8,23,30,380,341,,45.598,5.406,Nuit sans éclairage public,Hors agglomération,Hors intersection,Normale,Sans collision,,,,,,,,,,,3,1,1,1.0,7