accident_id,datetime,annee,mois,jour,heure,minute,departement,commune_insee,adresse,latitude,longitude,luminosite,agglomeration,intersection,meteo,collision,nb_vehicules,nb_usagers,nb_indemnes,nb_tues,nb_blesses_hosp,nb_blesses_legers,age_cond_1,age_cond_2,veh_type_cond_1,veh_type_cond_2,lum_code,agg_code,int_code,atm_code,col_code
201200005303,0012-09-21 19:00:00,12,9,21,19,0,380,464,,45.554,5.372,Plein jour,Hors agglomération,Hors intersection,Normale,Autre collision,,,,,,,,,,,1,1,1,1.0,6
201200005304,0012-11-03 19:30:00,12,11,3,19,30,380,76,,45.579,5.461,Nuit sans éclairage public,Hors agglomération,Hors intersection,Normale,Deux véhicules - frontale,,,,,,,,,,,3,1,1,1.0,1
201200005305,0012-11-13 12:15:00,12,11,13,12,15,380,64,,45.5679,5.36068,Plein jour,Hors agglomération,Hors intersection,Temps couvert,Deux véhicules - frontale,,,,,,,,,,,1,1,1,8.0,1
201200005306,0012-11-19 23:00:00,12,11,19,23,0,380,509,AVENUE JEAN MOULIN,45.581,5.442,Nuit avec éclairage allumé,En agglomération,Hors intersection,Normale,Sans collision,,,,,,,,,,,5,2,1,1.0,7
201200005307,0012-11-24 23:30:00,12,11,24,23,30,380,381,04 BIS ROUTE DE LYON,45.5556,5.48208,Nuit avec éclairage allumé,En agglomération,Intersection en X,Normale,Deux véhicules - côté,,,,,,,,,,,5,2,2,1.0,3
201200005308,0012-12-10 07:30:00,12,12,10,7,30,380,509,25 boulevard gambetta,,,Nuit avec éclairage allumé,En agglomération,Hors intersection,Pluie légère,Autre collision,,,,,,,,,,,5,2,1,2.0,6
201200005309,0012-01-18 07:30:00,12,1,18,7,30,440,66,rue Charles De Gaulle,47.37,-1.606,Nuit avec éclairage allumé,En agglomération,Intersection en T,Normale,Deux véhicules - côté,,,,,,,,,,,5,2,3,1.0,3
201200005310,0012-01-20 23:15:00,12,1,20,23,15,440,35,La Rue,47.287,-1.593,Nuit sans éclairage public,Hors agglomération,Hors intersection,Pluie légère,Deux véhicules - frontale,,,,,,,,,,,3,1,1,2.0,1
201200005311,0012-03-21 18:00:00,12,3,21,18,0,440,35,,47.287,-1.548,Plein jour,Hors agglomération,Intersection en X,Pluie légère,Deux véhicules - côté,,,,,,,,,,,1,1,2,2.0,3
201200005312,0012-03-25 20:30:00,12,3,25,20,30,440,35,,,,Nuit sans éclairage public,Hors agglomération,Hors intersection,Normale,Sans collision,,,,,,,,,,,3,1,1,1.0,7
201200005313,0012-04-02 08:15:00,12,4,2,8,15,440,209,Le Haut Lin,,,Plein jour,Hors agglomération,Hors intersection,Normale,Deux véhicules - arrière,,,,,,,,,,,1,1,1,1.0,2
201200005314,0012-10-20 21:15:00,12,10,20,21,15,440,209,,,,Nuit avec éclairage allumé,Hors agglomération,Intersection en T,Pluie légère,Deux véhicules - côté,,,,,,,,,,,5,1,3,2.0,3
201200005315,0012-11-19 19:45:00,12,11,19,19,45,440,35,,,,Nuit sans éclairage public,Hors agglomération,Hors intersection,Temps couvert,Deux véhicules - côté,,,,,,,,,,,3,1,1,8.0,3
201200005316,0012-12-11 09:45:00,12,12,11,9,45,440,35,rue olivier desesmaisons,47.304,-1.551,Plein jour,En agglomération,Hors intersection,Autre,Autre collision,,,,,,,,,,,1,2,1,9.0,6
201200005317,0012-01-27 11:45:00,12,1,27,11,45,380,544,,45.518,4.922,Plein jour,Hors agglomération,Hors intersection,Pluie légère,Sans collision,,,,,,,,,,,1,1,1,2.0,7
201200005318,0012-02-14 08:15:00,12,2,14,8,15,380,487,,45.563,4.828,Plein jour,Hors agglomération,Hors intersection,Neige / grêle,Sans collision,,,,,,,,,,,1,1,1,4.0,7
201200005319,0012-03-01 15:15:00,12,3,1,15,15,380,336,,45.4947,4.83542,Plein jour,Hors agglomération,Hors intersection,Normale,Deux véhicules - côté,,,,,,,,,,,1,1,1,1.0,3
201200005320,0012-08-31 13:00:00,12,8,31,13,0,380,336,,45.476,4.82922,Plein jour,Hors agglomération,Hors intersection,Normale,Trois véhicules et plus - collisions multiples,,,,,,,,,,,1,1,1,1.0,5
201200005321,0012-02-15 09:00:00,12,2,15,9,0,380,34,,45.3198,5.07314,Plein jour,Hors agglomération,Hors intersection,Pluie légère,Autre collision,,,,,,,,,,,1,1,1,2.0,6
201200005322,0012-05-04 18:00:00,12,5,4,18,0,380,211,LE PIERRIER,45.4478,5.19393,Plein jour,Hors agglomération,Intersection en X,Normale,Trois véhicules et plus - collisions multiples,,,,,,,,,,,1,1,2,1.0,5
201200005323,0012-07-29 18:30:00,12,7,29,18,30,380,130,,45.397,5.239,Plein jour,Hors agglomération,Intersection en X,Normale,Deux véhicules - côté,,,,,,,,,,,1,1,2,1.0,3
201200005324,0012-07-29 22:30:00,12,7,29,22,30,380,324,,45.409,5.01659,Nuit sans éclairage public,Hors agglomération,Intersection en T,Normale,Deux véhicules - côté,,,,,,,,,,,3,1,3,1.0,3
201200005325,0012-08-30 17:15:00,12,8,30,17,15,380,34,,45.332,5.03419,Plein jour,Hors agglomération,Intersection en T,Normale,Deux véhicules - côté,,,,,,,,,,,1,1,3,1.0,3
201200005326,0012-12-09 13:00:00,12,12,9,13,0,380,25,,,,Plein jour,Hors agglomération,Hors intersection,Normale,Deux véhicules - côté,,,,,,,,,,,1,1,1,1.0,3
201200005327,0012-01-05 07:45:00,12,1,5,7,45,380,480,,45.5579,4.96212,Crépuscule ou aube,Hors agglomération,Hors intersection,Normale,Trois véhicules et plus - collisions multiples,,,,,,,,,,,2,1,1,1.0,5
201200005328,0012-01-31 06:45:00,12,1,31,6,45,380,399,,45.5086,5.17002,Nuit sans éclairage public,Hors agglomération,Hors intersection,Neige / grêle,Deux véhicules - frontale,,,,,,,,,,,3,1,1,4.0,1
201200005329,0012-02-18 19:15:00,12,2,18,19,15,380,351,,45.5323,5.11422,Nuit sans éclairage public,Hors agglomération,Hors intersection,Normale,Sans collision,,,,,,,,,,,3,1,1,1.0,7
201200005330,0012-06-13 17:30:00,12,6,13,17,30,380,480,,,,Plein jour,Hors agglomération,Hors intersection,Normale,Deux véhicules - côté,,,,,,,,,,,1,1,1,1.0,3
201200005331,0012-06-29 07:15:00,12,6,29,7,15,380,519,387 route de Heyrieux,45.62,5.04,Plein jour,En agglomération,Hors intersection,Normale,Deux véhicules - frontale,,,,,,,,,,,1,2,1,1.0,1
201200005332,0012-07-22 13:30:00,12,7,22,13,30,380,152,,45.491,5.29582,Plein jour,Hors agglomération,Hors intersection,Normale,Autre collision,,,,,,,,,,,1,1,1,1.0,6
201200005333,0012-08-31 17:45:00,12,8,31,17,45,380,231,,45.5212,5.21293,Plein jour,Hors agglomération,Hors intersection,Temps couvert,Trois véhicules et plus - collisions multiples,,,,,,,,,,,1,1,1,8.0,5
201200005334,0012-09-14 18:00:00,12,9,14,18,0,380,555,,45.5246,4.8766,Plein jour,Hors agglomération,Hors intersection,Normale,Deux véhicules - côté,,,,,,,,,,,1,1,1,1.0,3
201200005335,0012-10-08 22:00:00,12,10,8,22,0,380,476,,,,Nuit sans éclairage public,Hors agglomération,Hors intersection,Pluie légère,Autre collision,,,,,,,,,,,3,1,1,2.0,6
201200005336,0012-12-13 17:00:00,12,12,13,17,0,380,346,,45.505,5.105,Plein jour,Hors agglomération,Hors intersection,Normale,Deux véhicules - frontale,,,,,,,,,,,1,1,1,1.0,1
201200005337,0012-12-23 10:45:00,12,12,23,10,45,380,35,,,,Plein jour,Hors agglomération,Intersection en X,Normale,Deux véhicules - côté,,,,,,,,,,,1,1,2,1.0,3
201200005338,0012-12-27 14:45:00,12,12,27,14,45,380,288,,45.578,5.028,Plein jour,Hors agglomération,Hors intersection,Temps couvert,Trois véhicules et plus - en chaîne,,,,,,,,,,,1,1,1,8.0,4
201200005339,0012-01-21 13:15:00,12,1,21,13,15,380,85,Route de VIENNE,45.749,5.167,Plein jour,En agglomération,Hors intersection,Pluie légère,Autre collision,,,,,,,,,,,1,2,1,2.0,6
201200005340,0012-02-17 07:45:00,12,2,17,7,45,380,85,,,,Crépuscule ou aube,Hors agglomération,Hors intersection,Autre,Autre collision,,,,,,,,,,,2,1,1,9.0,6
201200005341,0012-02-25 01:30:00,12,2,25,1,30,380,197,CD517,,,Nuit avec éclairage allumé,En agglomération,Hors intersection,Pluie légère,Autre collision,,,,,,,,,,,5,2,1,2.0,6
201200005342,0012-02-26 17:45:00,12,2,26,17,45,380,85,route de vienne,,,Plein jour,En agglomération,Hors intersection,Normale,Deux véhicules - côté,,,,,,,,,,,1,2,1,1.0,3
201200005343,0012-07-25 20:00:00,12,7,25,20,0,380,316,rue Grammont,45.756,5.172,Plein jour,En agglomération,Hors intersection,Normale,Deux véhicules - côté,,,,,,,,,,,1,2,1,1.0,3
201200005344,0012-07-26 06:00:00,12,7,26,6,0,380,507,route de Lyon,45.72,5.171,Plein jour,En agglomération,Hors intersection,Normale,Deux véhicules - arrière,,,,,,,,,,,1,2,1,1.0,2
201200005345,0012-08-03 15:45:00,12,8,3,15,45,380,11,,45.7832,5.15938,Plein jour,Hors agglomération,Hors intersection,Normale,Deux véhicules - frontale,,,,,,,,,,,1,1,1,1.0,1
201200005346,0012-08-06 22:15:00,12,8,6,22,15,380,316,rue du docteur Robert,,,Nuit avec éclairage allumé,En agglomération,Hors intersection,Normale,Deux véhicules - côté,,,,,,,,,,,5,2,1,1.0,3
201200005347,0012-09-07 17:30:00,12,9,7,17,30,380,316,rue de la r?publique,,,Plein jour,En agglomération,Hors intersection,Normale,Deux véhicules - frontale,,,,,,,,,,,1,2,1,1.0,1
201200005348,0012-09-16 07:00:00,12,9,16,7,0,380,316,RUE DE LA R?PUBLIQUE,45.756,5.172,Plein jour,En agglomération,Hors intersection,Normale,Deux véhicules - côté,,,,,,,,,,,1,2,1,1.0,3
201200005349,0012-11-24 21:30:00,12,11,24,21,30,380,507,CH DU PRIEURE,45.7294,5.16193,Nuit sans éclairage public,Hors agglomération,Hors intersection,Normale,Autre collision,,,,,,,,,,,3,1,1,1.0,6
201200005350,0012-12-06 05:45:00,12,12,6,5,45,380,85,RUE DE LA PLAINE,45.7346,5.15614,Nuit sans éclairage public,Hors agglomération,Hors intersection,Normale,Autre collision,,,,,,,,,,,3,1,1,1.0,6
201200005351,0012-12-29 13:30:00,12,12,29,13,30,380,197,,45.7556,5.12628,Plein jour,Hors agglomération,Intersection en Y,Normale,Sans collision,,,,,,,,,,,1,1,4,1.0,7
201200005352,0012-01-15 18:30:00,12,1,15,18,30,380,72,,,,Nuit sans éclairage public,Hors agglomération,Hors intersection,Normale,Deux véhicules - frontale,,,,,,,,,,,3,1,1,1.0,1
201200005353,0012-06-01 10:00:00,12,6,1,10,0,380,468,,44.8299,5.60714,Plein jour,Hors agglomération,Hors intersection,Normale,Deux véhicules - côté,,,,,,,,,,,1,1,1,1.0,3
201200005354,0012-07-17 12:15:00,12,7,17,12,15,380,496,route du dauphin?,,,Plein jour,En agglomération,Hors intersection,Normale,Deux véhicules - côté,,,,,,,,,,,1,2,1,1.0,3
201200005355,0012-10-17 12:15:00,12,10,17,12,15,380,344,rue Jules Vercruysse,,,Plein jour,En agglomération,Hors intersection,Normale,Deux véhicules - côté,,,,,,,,,,,1,2,1,1.0,3
201200005356,0012-10-22 08:45:00,12,10,22,8,45,380,298,,,,Plein jour,Hors agglomération,Hors intersection,Normale,Autre collision,,,,,,,,,,,1,1,1,1.0,6
201200005357,0012-11-02 10:30:00,12,11,2,10,30,380,344,14 rue fernand leger,,,Plein jour,En agglomération,Hors intersection,Normale,Autre collision,,,,,,,,,,,1,2,1,1.0,6
201200005358,0012-02-09 05:30:00,12,2,9,5,30,380,475,LE CHAFFARD ROLINIERE,45.6685,5.14354,Nuit avec éclairage allumé,En agglomération,Intersection en X,Normale,Autre collision,,,,,,,,,,,5,2,2,1.0,6
201200005359,0012-03-13 17:30:00,12,3,13,17,30,380,537,Rue du midi,,,Plein jour,En agglomération,Hors intersection,Normale,Deux véhicules - frontale,,,,,,,,,,,1,2,1,1.0,1
201200005360,0012-03-31 03:30:00,12,3,31,3,30,380,449,,45.6583,5.10697,Nuit avec éclairage allumé,Hors agglomération,Hors intersection,Normale,Deux véhicules - frontale,,,,,,,,,,,5,1,1,1.0,1
201200005361,0012-05-02 16:30:00,12,5,2,16,30,380,449,,,,Plein jour,Hors agglomération,Hors intersection,Normale,Autre collision,,,,,,,,,,,1,1,1,1.0,6
201200005362,0012-06-25 18:30:00,12,6,25,18,30,380,475,RUE DE LA PLAINE,45.592,5.23885,Plein jour,En agglomération,Hors intersection,Normale,Autre collision,,,,,,,,,,,1,2,1,1.0,6
201200005363,0012-10-03 17:45:00,12,10,3,17,45,380,537,,45.6417,5.15149,Plein jour,Hors agglomération,Hors intersection,Normale,Deux véhicules - arrière,,,,,,,,,,,1,1,1,1.0,2
201200005364,0012-10-24 18:00:00,12,10,24,18,0,380,537,,,,Crépuscule ou aube,Hors agglomération,Hors intersection,Normale,Trois véhicules et plus - en chaîne,,,,,,,,,,,2,1,1,1.0,4
201200005365,0012-06-24 20:15:00,12,6,24,20,15,420,246,Rue de condamine,45.31962,4.62388,Plein jour,En agglomération,Hors intersection,Normale,Sans collision,,,,,,,,,,,1,2,1,1.0,7
201200005366,0012-07-31 10:30:00,12,7,31,10,30,420,23,,45.30743,4.53887,Plein jour,Hors agglomération,Autre intersection,Temps éblouissant,Autre collision,,,,,,,,,,,1,1,9,7.0,6
201200005367,0012-08-04 05:00:00,12,8,4,5,0,420,329,,45.32266,4.49233,Nuit sans éclairage public,Hors agglomération,Hors intersection,Normale,Autre collision,,,,,,,,,,,3,1,1,1.0,6
201200005368,0012-08-20 15:45:00,12,8,20,15,45,420,329,,45.31863,4.50544,Plein jour,Hors agglomération,Hors intersection,Normale,Deux véhicules - côté,,,,,,,,,,,1,1,1,1.0,3
201200005369,0012-01-01 15:45:00,12,1,1,15,45,420,96,,45.554,4.435,Plein jour,Hors agglomération,Hors intersection,Normale,Deux véhicules - côté,,,,,,,,,,,1,1,1,1.0,3
201200005370,0012-01-03 14:15:00,12,1,3,14,15,420,311,,45.479,4.40288,Plein jour,Hors agglomération,Hors intersection,Normale,Trois véhicules et plus - collisions multiples,,,,,,,,,,,1,1,1,1.0,5
201200005371,0012-01-22 03:30:00,12,1,22,3,30,420,97,CHEMIN DES EGAUDS,45.49328,4.33185,Nuit sans éclairage public,En agglomération,Hors intersection,Normale,Sans collision,,,,,,,,,,,3,2,1,1.0,7
201200005372,0012-05-21 16:00:00,12,5,21,16,0,420,97,,45.49166,4.32399,Plein jour,Hors agglomération,Hors intersection,Pluie forte,Autre collision,,,,,,,,,,,1,1,1,3.0,6
201200005373,0012-07-11 17:00:00,12,7,11,17,0,420,302,,45.51,4.423,Plein jour,Hors agglomération,Hors intersection,Normale,Deux véhicules - côté,,,,,,,,,,,1,1,1,1.0,3
201200005374,0012-07-20 00:30:00,12,7,20,0,30,420,97,,45.52284,4.29484,Nuit sans éclairage public,Hors agglomération,Giratoire,Normale,Sans collision,,,,,,,,,,,3,1,6,1.0,7
201200005375,0012-07-22 03:30:00,12,7,22,3,30,420,302,39 rue anthony barallon,45.48402,4.44859,Nuit avec éclairage allumé,En agglomération,Hors intersection,Normale,Deux véhicules - arrière,,,,,,,,,,,5,2,1,1.0,2
201200005376,0012-01-07 11:00:00,12,1,7,11,0,420,285,,45.58151,4.10696,Plein jour,Hors agglomération,Intersection en X,Normale,Deux véhicules - côté,,,,,,,,,,,1,1,2,1.0,3
201200005377,0012-01-18 11:45:00,12,1,18,11,45,420,299,17 route de Feurs,45.61191,4.0694,Plein jour,En agglomération,Hors intersection,Normale,Autre collision,,,,,,,,,,,1,2,1,1.0,6
201200005378,0012-01-19 14:30:00,12,1,19,14,30,420,180,,45.58889,4.15144,Plein jour,Hors agglomération,Hors intersection,Normale,Deux véhicules - frontale,,,,,,,,,,,1,1,1,1.0,1
201200005379,0012-01-28 15:15:00,12,1,28,15,15,420,147,3 chemin du bouchet,45.60523,4.05726,Plein jour,En agglomération,Hors intersection,Normale,Deux véhicules - côté,,,,,,,,,,,1,2,1,1.0,3
201200005380,0012-03-25 11:00:00,12,3,25,11,0,420,147,14 boulevard Carnot,45.60702,4.06844,Plein jour,En agglomération,Hors intersection,Normale,Autre collision,,,,,,,,,,,1,2,1,1.0,6
201200005381,0012-04-08 03:30:00,12,4,8,3,30,420,179,,45.66876,4.03389,Nuit sans éclairage public,Hors agglomération,Hors intersection,Pluie légère,Autre collision,,,,,,,,,,,3,1,1,2.0,6
201200005382,0012-04-09 05:15:00,12,4,9,5,15,420,299,square Savignano,45.6069,4.08194,Nuit avec éclairage allumé,En agglomération,Hors intersection,Normale,Autre collision,,,,,,,,,,,5,2,1,1.0,6
201200005383,0012-04-21 21:00:00,12,4,21,21,0,420,37,,45.6879,4.07088,Nuit sans éclairage public,Hors agglomération,Hors intersection,Normale,Autre collision,,,,,,,,,,,3,1,1,1.0,6
201200005384,0012-05-26 08:45:00,12,5,26,8,45,420,147,Rue du repos - Moingt,45.59428,4.07475,Plein jour,En agglomération,Hors intersection,Normale,Deux véhicules - côté,,,,,,,,,,,1,2,1,1.0,3
201200005385,0012-11-09 20:00:00,12,11,9,20,0,420,299,Rue du Champ de Mars,45.60435,4.09112,Nuit avec éclairage allumé,En agglomération,Hors intersection,Autre,Deux véhicules - côté,,,,,,,,,,,5,2,1,9.0,3
201200005386,0012-12-04 04:00:00,12,12,4,4,0,420,147,15 rue de Beauregard,45.6095,4.05861,Nuit avec éclairage allumé,En agglomération,Hors intersection,Pluie légère,Autre collision,,,,,,,,,,,5,2,1,2.0,6
201200005387,0012-12-15 19:45:00,12,12,15,19,45,420,46,,45.62934,4.0564,Nuit sans éclairage public,Hors agglomération,Hors intersection,Normale,Trois véhicules et plus - collisions multiples,,,,,,,,,,,3,1,1,1.0,5
201200005388,0012-01-23 16:00:00,12,1,23,16,0,420,22,,45.51406,4.19621,Plein jour,Hors agglomération,Hors intersection,Normale,Deux véhicules - frontale,,,,,,,,,,,1,1,1,1.0,1
201200005389,0012-03-17 10:15:00,12,3,17,10,15,420,304,boulevard Jean Moulin,45.5418,4.18605,Plein jour,En agglomération,Intersection en X,Normale,Deux véhicules - côté,,,,,,,,,,,1,2,2,1.0,3
201200005390,0012-03-28 16:00:00,12,3,28,16,0,420,304,,45.53463,4.15067,Plein jour,Hors agglomération,Hors intersection,Normale,Autre collision,,,,,,,,,,,1,1,1,1.0,6
201200005391,0012-07-16 10:30:00,12,7,16,10,30,420,22,RUE DE LA PIERRE,45.52692,4.22309,Plein jour,En agglomération,Giratoire,Normale,Deux véhicules - côté,,,,,,,,,,,1,2,6,1.0,3
201200005392,0012-08-21 08:45:00,12,8,21,8,45,420,304,boulevard Jean Moulin,45.54182,4.18584,Plein jour,En agglomération,Hors intersection,Normale,Autre collision,,,,,,,,,,,1,2,1,1.0,6
201200005393,0012-09-10 13:30:00,12,9,10,13,30,420,211,avenue pierre ZAKARIE,45.52955,4.24637,Plein jour,En agglomération,Hors intersection,Normale,Autre collision,,,,,,,,,,,1,2,1,1.0,6
201200005394,0012-10-27 17:00:00,12,10,27,17,0,420,5,avenue de veauche,45.54579,4.27875,Plein jour,En agglomération,Hors intersection,Temps couvert,Deux véhicules - côté,,,,,,,,,,,1,2,1,8.0,3
201200005395,0012-11-10 14:45:00,12,11,10,14,45,420,22,,45.5085,4.18417,Plein jour,Hors agglomération,Hors intersection,Normale,Deux véhicules - frontale,,,,,,,,,,,1,1,1,1.0,1
201200005396,0012-11-17 12:45:00,12,11,17,12,45,420,5,16 avenue de Montbrison,45.52937,4.25773,Plein jour,En agglomération,Hors intersection,Normale,Sans collision,,,,,,,,,,,1,2,1,1.0,7
201200005397,0012-03-23 08:00:00,12,3,23,8,0,420,134,,45.6897,4.03686,Plein jour,Hors agglomération,Hors intersection,Normale,Deux véhicules - frontale,,,,,,,,,,,1,1,1,1.0,1
201200005398,0012-04-27 07:15:00,12,4,27,7,15,420,9,,45.76176,4.02223,Crépuscule ou aube,Hors agglomération,Hors intersection,Normale,Autre collision,,,,,,,,,,,2,1,1,1.0,6
201200005399,0012-04-27 11:15:00,12,4,27,11,15,420,295,,45.868,3.71848,Plein jour,Hors agglomération,Hors intersection,Normale,Autre collision,,,,,,,,,,,1,1,1,1.0,6
201200005400,0012-04-27 14:30:00,12,4,27,14,30,420,313,,45.7329,4.00997,Plein jour,Hors agglomération,Hors intersection,Normale,Trois véhicules et plus - en chaîne,,,,,,,,,,,1,1,1,1.0,4
201200005401,0012-05-26 14:15:00,12,5,26,14,15,420,195,,45.74377,3.96602,Plein jour,Hors agglomération,Hors intersection,Normale,Deux véhicules - côté,,,,,,,,,,,1,1,1,1.0,3
201200005402,0012-06-21 14:45:00,12,6,21,14,45,420,197,route d?partementale 108,45.73859,4.02069,Plein jour,En agglomération,Hors intersection,Normale,Deux véhicules - côté,,,,,,,,,,,1,2,1,1.0,3
201200005403,0012-06-23 16:00:00,12,6,23,16,0,420,19,lieu dit LA GARDE,45.75795,4.01457,Plein jour,En agglomération,Hors intersection,Normale,Deux véhicules - frontale,,,,,,,,,,,1,2,1,1.0,1
201200005404,0012-06-24 13:00:00,12,6,24,13,0,420,219,,45.73798,4.12026,Plein jour,Hors agglomération,Hors intersection,Normale,Autre collision,,,,,,,,,,,1,1,1,1.0,6
201200005405,0012-07-31 10:30:00,12,7,31,10,30,420,288,Le bourg,45.77649,3.98368,Plein jour,En agglomération,Hors intersection,Normale,Autre collision,,,,,,,,,,,1,2,1,1.0,6
201200005406,0012-02-10 08:45:00,12,2,10,8,45,420,90,,45.75673,4.34383,Plein jour,Hors agglomération,Hors intersection,Temps éblouissant,Autre collision,,,,,,,,,,,1,1,1,7.0,6
201200005407,0012-03-30 17:30:00,12,3,30,17,30,420,94,lieu dit Le Petit Bois,45.78692,4.21127,Plein jour,En agglomération,Hors intersection,Temps éblouissant,Trois véhicules et plus - collisions multiples,,,,,,,,,,,1,2,1,7.0,5
201200005408,0012-07-30 17:45:00,12,7,30,17,45,420,202,,45.73061,4.31449,Plein jour,Hors agglomération,Hors intersection,Normale,Deux véhicules - frontale,,,,,,,,,,,1,1,1,1.0,1
201200005409,0012-10-06 17:15:00,12,10,6,17,15,420,94,avenue jean jaures,45.74409,4.22838,Plein jour,En agglomération,Hors intersection,Normale,Deux véhicules - côté,,,,,,,,,,,1,2,1,1.0,3
201200005410,0012-05-19 19:45:00,12,5,19,19,45,420,140,La Citré,45.4747,4.02235,Plein jour,Hors agglomération,Hors intersection,Normale,Deux véhicules - frontale,,,,,,,,,,,1,1,1,1.0,1
201200005411,0012-06-02 10:15:00,12,6,2,10,15,420,107,,45.5276,4.00626,Plein jour,Hors agglomération,Hors intersection,Temps éblouissant,Autre collision,,,,,,,,,,,1,1,1,7.0,6
201200005412,0012-06-02 18:00:00,12,6,2,18,0,420,91,,45.41009,4.04005,Plein jour,Hors agglomération,Hors intersection,Normale,Sans collision,,,,,,,,,,,1,1,1,1.0,7
201200005413,0012-06-06 15:00:00,12,6,6,15,0,420,126,Le bourg,45.45217,4.08429,Plein jour,En agglomération,Hors intersection,Normale,Sans collision,,,,,,,,,,,1,2,1,1.0,7
201200005414,0012-06-24 15:00:00,12,6,24,15,0,420,318,,45.37598,3.93014,Plein jour,Hors agglomération,Hors intersection,Normale,Sans collision,,,,,,,,,,,1,1,1,1.0,7
201200005415,0012-06-30 12:15:00,12,6,30,12,15,420,235,,45.37952,4.05836,Plein jour,Hors agglomération,Intersection en T,Normale,Deux véhicules - côté,,,,,,,,,,,1,1,3,1.0,3
201200005416,0012-07-13 20:00:00,12,7,13,20,0,420,204,Route de firminy,45.42201,4.0686,Plein jour,En agglomération,Hors intersection,Normale,Sans collision,,,,,,,,,,,1,2,1,1.0,7
201200005417,0012-07-26 16:15:00,12,7,26,16,15,420,312,,45.41523,4.08833,Plein jour,Hors agglomération,Hors intersection,Normale,Deux véhicules - côté,,,,,,,,,,,1,1,1,1.0,3
201200005418,0012-09-08 09:15:00,12,9,8,9,15,420,137,,45.52261,4.06236,Plein jour,Hors agglomération,Hors intersection,Normale,Autre collision,,,,,,,,,,,1,1,1,1.0,6
201200005419,0012-09-19 09:00:00,12,9,19,9,0,420,192,,45.37771,4.08391,Plein jour,Hors agglomération,Hors intersection,Normale,Sans collision,,,,,,,,,,,1,1,1,1.0,7
201200005420,0012-12-18 08:30:00,12,12,18,8,30,420,266,,,,Plein jour,Hors agglomération,Autre intersection,Autre,Autre collision,,,,,,,,,,,1,1,9,9.0,6
201200005421,0012-12-21 06:15:00,12,12,21,6,15,420,204,Lieu-dit La Mariche,45.402,3.932,Nuit avec éclairage allumé,En agglomération,Hors intersection,Normale,Autre collision,,,,,,,,,,,5,2,1,1.0,6
201200005422,0012-04-29 12:45:00,12,4,29,12,45,420,200,CD 1089,45.645,4.2535,Plein jour,En agglomération,Hors intersection,Normale,Autre collision,,,,,,,,,,,1,2,1,1.0,6
201200005423,0012-06-03 18:30:00,12,6,3,18,30,420,138,,45.65681,4.371,Plein jour,Hors agglomération,Hors intersection,Pluie légère,Deux véhicules - frontale,,,,,,,,,,,1,1,1,2.0,1
201200005424,0012-06-27 00:30:00,12,6,27,0,30,420,200,,45.64617,4.25221,Nuit avec éclairage allumé,En agglomération,Hors intersection,Normale,Autre collision,,,,,,,,,,,5,2,1,1.0,6
201200005425,0012-09-21 18:45:00,12,9,21,18,45,420,149,,45.62274,4.24913,Plein jour,Hors agglomération,Autre intersection,Normale,Deux véhicules - côté,,,,,,,,,,,1,1,9,1.0,3
201200005426,0012-10-09 15:45:00,12,10,9,15,45,420,81,,45.59064,4.26795,Plein jour,Hors agglomération,Hors intersection,Normale,Deux véhicules - frontale,,,,,,,,,,,1,1,1,1.0,1
201200005427,0012-10-15 09:45:00,12,10,15,9,45,420,13,,45.65693,4.29293,Plein jour,Hors agglomération,Hors intersection,Normale,Deux véhicules - arrière,,,,,,,,,,,1,1,1,1.0,2
201200005428,0012-11-04 10:45:00,12,11,4,10,45,420,264,,45.58814,4.35559,Plein jour,Hors agglomération,Hors intersection,Normale,Deux véhicules - frontale,,,,,,,,,,,1,1,1,1.0,1
201200005429,0012-11-05 07:30:00,12,11,5,7,30,420,38,,45.64385,4.20248,Plein jour,Hors agglomération,Hors intersection,Normale,Autre collision,,,,,,,,,,,1,1,1,1.0,6
201200005430,0012-11-07 15:45:00,12,11,7,15,45,420,222,,45.58419,4.32228,Plein jour,Hors agglomération,Hors intersection,Normale,Sans collision,,,,,,,,,,,1,1,1,1.0,7
201200005431,0012-04-04 12:00:00,12,4,4,12,0,420,56,139 RD1086 Les Prairies,45.40987,4.73657,Plein jour,En agglomération,Hors intersection,Pluie légère,Autre collision,,,,,,,,,,,1,2,1,2.0,6
201200005432,0012-05-14 09:15:00,12,5,14,9,15,420,326,165 route de maclas,45.36312,4.66577,Plein jour,En agglomération,Hors intersection,Normale,Deux véhicules - frontale,,,,,,,,,,,1,2,1,1.0,1