accident_id,datetime,annee,mois,jour,heure,minute,departement,commune_insee,adresse,latitude,longitude,luminosite,agglomeration,intersection,meteo,collision,nb_vehicules,nb_usagers,nb_indemnes,nb_tues,nb_blesses_hosp,nb_blesses_legers,age_cond_1,age_cond_2,veh_type_cond_1,veh_type_cond_2,lum_code,agg_code,int_code,atm_code,col_code
201200005564,0012-03-30 15:15:00,12,3,30,15,15,730,203,,45.308,6.34474,Plein jour,Hors agglomération,Hors intersection,Normale,Autre collision,,,,,,,,,,,1,1,1,1.0,6
201200005565,0012-04-11 00:01:00,12,4,11,0,1,730,307,Valmeinier 1800,45.17048,6.49692,Nuit sans éclairage public,En agglomération,Hors intersection,Neige / grêle,Sans collision,,,,,,,,,,,3,2,1,4.0,7
201200005566,0012-04-26 18:30:00,12,4,26,18,30,730,261,,45.2111,6.50044,Plein jour,Hors agglomération,Hors intersection,Normale,Deux véhicules - arrière,,,,,,,,,,,1,1,1,1.0,2
201200005567,0012-06-05 07:45:00,12,6,5,7,45,730,135,,45.29624,6.35494,Plein jour,Hors agglomération,Hors intersection,Normale,Autre collision,,,,,,,,,,,1,1,1,1.0,6
201200005568,0012-06-23 16:15:00,12,6,23,16,15,730,307,,45.19366,6.46821,Plein jour,Hors agglomération,Hors intersection,Normale,Sans collision,,,,,,,,,,,1,1,1,1.0,7
201200005569,0012-06-27 14:30:00,12,6,27,14,30,730,258,,45.24067,6.44856,Plein jour,En agglomération,Hors intersection,Normale,Autre collision,,,,,,,,,,,1,2,1,1.0,6
201200005570,0012-07-31 19:15:00,12,7,31,19,15,730,203,,45.3131,6.33863,Plein jour,Hors agglomération,Hors intersection,Normale,Trois véhicules et plus - collisions multiples,,,,,,,,,,,1,1,1,1.0,5
201200005571,0012-02-25 15:45:00,12,2,25,15,45,730,67,LES ATIGNOURS,45.359,6.3,Plein jour,En agglomération,Hors intersection,Normale,Deux véhicules - frontale,,,,,,,,,,,1,2,1,1.0,1
201200005572,0012-03-19 10:30:00,12,3,19,10,30,730,7,,45.5785,6.25262,Plein jour,Hors agglomération,Hors intersection,Normale,Deux véhicules - frontale,,,,,,,,,,,1,1,1,1.0,1
201200005573,0012-08-10 18:15:00,12,8,10,18,15,730,175,,45.5263,6.32862,Plein jour,Hors agglomération,Hors intersection,Normale,Sans collision,,,,,,,,,,,1,1,1,1.0,7
201200005574,0012-08-11 16:15:00,12,8,11,16,15,730,143,,45.27326,6.90449,Plein jour,Hors agglomération,Autre intersection,Normale,Deux véhicules - côté,,,,,,,,,,,1,1,9,1.0,3
201200005575,0012-03-31 16:45:00,12,3,31,16,45,730,322,,45.20763,6.69423,Plein jour,Hors agglomération,Hors intersection,Normale,Deux véhicules - frontale,,,,,,,,,,,1,1,1,1.0,1
201200005576,0012-10-13 17:15:00,12,10,13,17,15,730,157,rue de l'iseran,45.20361,6.67724,Plein jour,En agglomération,Hors intersection,Normale,Autre collision,,,,,,,,,,,1,2,1,1.0,6
201200005577,0012-02-12 11:00:00,12,2,12,11,0,740,267,RD 1508/ RTE CHARPONNETS,,,Plein jour,Hors agglomération,Intersection en T,Normale,Deux véhicules - frontale,,,,,,,,,,,1,1,3,1.0,1
201200005578,0012-03-02 08:00:00,12,3,2,8,0,740,232,,,,Plein jour,Hors agglomération,Hors intersection,Normale,Deux véhicules - frontale,,,,,,,,,,,1,1,1,1.0,1
201200005579,0012-03-24 20:30:00,12,3,24,20,30,740,123,,,,Nuit sans éclairage public,Hors agglomération,Hors intersection,Normale,Deux véhicules - frontale,,,,,,,,,,,3,1,1,1.0,1
201200005580,0012-04-03 08:15:00,12,4,3,8,15,740,123,,,,Plein jour,Hors agglomération,Hors intersection,Normale,Deux véhicules - frontale,,,,,,,,,,,1,1,1,1.0,1
201200005581,0012-04-16 09:30:00,12,4,16,9,30,740,104,86 rue de la poste,,,Plein jour,En agglomération,Hors intersection,Normale,Autre collision,,,,,,,,,,,1,2,1,1.0,6
201200005582,0012-05-27 14:30:00,12,5,27,14,30,740,275,route de talloires,,,Plein jour,En agglomération,Hors intersection,Normale,Deux véhicules - côté,,,,,,,,,,,1,2,1,1.0,3
201200005583,0012-06-01 08:00:00,12,6,1,8,0,740,242,,,,Plein jour,Hors agglomération,Hors intersection,Normale,Deux véhicules - côté,,,,,,,,,,,1,1,1,1.0,3
201200005584,0012-06-07 10:50:00,12,6,7,10,50,740,275,,,,Plein jour,En agglomération,Hors intersection,Normale,Autre collision,,,,,,,,,,,1,2,1,1.0,6
201200005585,0012-06-17 22:00:00,12,6,17,22,0,740,267,route d'albertville,,,Nuit avec éclairage allumé,En agglomération,Hors intersection,Normale,Deux véhicules - arrière,,,,,,,,,,,5,2,1,1.0,2
201200005586,0012-06-28 14:45:00,12,6,28,14,45,740,267,,,,Plein jour,En agglomération,Hors intersection,Normale,Deux véhicules - côté,,,,,,,,,,,1,2,1,1.0,3
201200005587,0012-07-02 13:15:00,12,7,2,13,15,740,242,RD 1508,,,Plein jour,Hors agglomération,Hors intersection,Normale,Deux véhicules - frontale,,,,,,,,,,,1,1,1,1.0,1
201200005588,0012-07-17 07:00:00,12,7,17,7,0,740,242,route d'albertville,,,Plein jour,En agglomération,Hors intersection,Normale,Deux véhicules - frontale,,,,,,,,,,,1,2,1,1.0,1
201200005589,0012-07-19 11:15:00,12,7,19,11,15,740,242,RD 1508/ ROUTE DES MARAI,,,Plein jour,En agglomération,Intersection en T,Normale,Deux véhicules - côté,,,,,,,,,,,1,2,3,1.0,3
201200005590,0012-07-30 18:30:00,12,7,30,18,30,740,242,ROUTE DE L'EGLISE,,,Plein jour,En agglomération,Intersection en T,Normale,Deux véhicules - côté,,,,,,,,,,,1,2,3,1.0,3
201200005591,0012-08-23 10:15:00,12,8,23,10,15,740,267,,,,Plein jour,En agglomération,Intersection en X,Normale,Deux véhicules - frontale,,,,,,,,,,,1,2,2,1.0,1
201200005592,0012-09-05 19:30:00,12,9,5,19,30,740,123,ROUTE DE TAMIE,,,Plein jour,Hors agglomération,Hors intersection,Normale,Deux véhicules - frontale,,,,,,,,,,,1,1,1,1.0,1
201200005593,0012-09-07 18:00:00,12,9,7,18,0,740,267,ROUTE D ANNECY,,,Plein jour,En agglomération,Hors intersection,Normale,Deux véhicules - côté,,,,,,,,,,,1,2,1,1.0,3
201200005594,0012-10-21 04:45:00,12,10,21,4,45,740,123,,,,Nuit avec éclairage allumé,En agglomération,Hors intersection,Normale,Autre collision,,,,,,,,,,,5,2,1,1.0,6
201200005595,0012-12-31 13:30:00,12,12,31,13,30,740,225,Boulevard de l'Europe,,,Plein jour,En agglomération,Hors intersection,Normale,Autre collision,,,,,,,,,,,1,2,1,1.0,6
201200005596,0012-04-22 05:30:00,12,4,22,5,30,740,165,,,,Nuit sans éclairage public,Hors agglomération,Hors intersection,Normale,Autre collision,,,,,,,,,,,3,1,1,1.0,6
201200005597,0012-06-12 08:15:00,12,6,12,8,15,740,225,AV GANTIN / PONT NESTLE,,,Plein jour,En agglomération,Intersection en T,Pluie légère,Deux véhicules - côté,,,,,,,,,,,1,2,3,2.0,3
201200005598,0012-09-08 22:30:00,12,9,8,22,30,740,310,70 route des Bauges,,,Nuit avec éclairage allumé,En agglomération,Hors intersection,Normale,Deux véhicules - frontale,,,,,,,,,,,5,2,1,1.0,1
201200005599,0012-10-14 01:00:00,12,10,14,1,0,740,289,,,,Nuit sans éclairage public,Hors agglomération,Hors intersection,Normale,Deux véhicules - côté,,,,,,,,,,,3,1,1,1.0,3
201200005600,0012-01-21 06:45:00,12,1,21,6,45,740,280,,,,Nuit sans éclairage public,Hors agglomération,Hors intersection,Neige / grêle,Deux véhicules - frontale,,,,,,,,,,,3,1,1,4.0,1
201200005601,0012-02-06 17:00:00,12,2,6,17,0,740,136,Centre ville - RD-4,,,Crépuscule ou aube,En agglomération,Autre intersection,Normale,Autre collision,,,,,,,,,,,2,2,9,1.0,6
201200005602,0012-03-23 18:00:00,12,3,23,18,0,740,3,,,,Plein jour,Hors agglomération,Hors intersection,Normale,Deux véhicules - côté,,,,,,,,,,,1,1,1,1.0,3
201200005603,0012-04-08 03:15:00,12,4,8,3,15,740,3,,,,Nuit sans éclairage public,Hors agglomération,Hors intersection,Normale,Autre collision,,,,,,,,,,,3,1,1,1.0,6
201200005604,0012-06-02 07:45:00,12,6,2,7,45,740,239,,,,Plein jour,Hors agglomération,Hors intersection,Normale,Deux véhicules - côté,,,,,,,,,,,1,1,1,1.0,3
201200005605,0012-07-22 16:45:00,12,7,22,16,45,740,265,,,,Plein jour,Hors agglomération,Hors intersection,Normale,Deux véhicules - frontale,,,,,,,,,,,1,1,1,1.0,1
201200005606,0012-08-01 10:15:00,12,8,1,10,15,740,79,,,,Plein jour,Hors agglomération,Intersection en Y,Normale,Deux véhicules - frontale,,,,,,,,,,,1,1,4,1.0,1
201200005607,0012-08-29 19:30:00,12,8,29,19,30,740,280,,,,Plein jour,Hors agglomération,Hors intersection,Temps couvert,Deux véhicules - frontale,,,,,,,,,,,1,1,1,8.0,1
201200005608,0012-09-07 21:15:00,12,9,7,21,15,740,239,,,,Nuit sans éclairage public,Hors agglomération,Intersection en Y,Normale,Deux véhicules - côté,,,,,,,,,,,3,1,4,1.0,3
201200005609,0012-09-16 19:45:00,12,9,16,19,45,740,302,,,,Crépuscule ou aube,En agglomération,Hors intersection,Normale,Deux véhicules - côté,,,,,,,,,,,2,2,1,1.0,3
201200005610,0012-09-30 07:15:00,12,9,30,7,15,740,280,,,,Crépuscule ou aube,Hors agglomération,Hors intersection,Brouillard / fumée,Deux véhicules - frontale,,,,,,,,,,,2,1,1,5.0,1
201200005611,0012-11-06 17:45:00,12,11,6,17,45,740,79,,,,Crépuscule ou aube,Hors agglomération,Hors intersection,Pluie légère,Deux véhicules - frontale,,,,,,,,,,,2,1,1,2.0,1
201200005612,0012-11-15 10:45:00,12,11,15,10,45,740,136,Route des pochons,,,Plein jour,En agglomération,Hors intersection,Normale,Autre collision,,,,,,,,,,,1,2,1,1.0,6
201200005613,0012-11-23 21:30:00,12,11,23,21,30,740,45,,,,Nuit sans éclairage public,Hors agglomération,Hors intersection,Normale,Autre collision,,,,,,,,,,,3,1,1,1.0,6
201200005614,0012-12-26 18:45:00,12,12,26,18,45,740,280,RUE DU PRE DE FOIRE,,,Nuit avec éclairage allumé,En agglomération,Hors intersection,Normale,Autre collision,,,,,,,,,,,5,2,1,1.0,6
201200005615,0012-02-11 12:30:00,12,2,11,12,30,740,42,,,,Plein jour,Hors agglomération,Hors intersection,Temps couvert,Deux véhicules - côté,,,,,,,,,,,1,1,1,8.0,3
201200005616,0012-02-29 12:45:00,12,2,29,12,45,740,42,2700 AV DE GENEVE,,,Plein jour,Hors agglomération,Hors intersection,Normale,Autre collision,,,,,,,,,,,1,1,1,1.0,6
201200005617,0012-03-23 14:30:00,12,3,23,14,30,740,42,,,,Plein jour,Hors agglomération,Hors intersection,Normale,Deux véhicules - côté,,,,,,,,,,,1,1,1,1.0,3
201200005618,0012-03-30 07:15:00,12,3,30,7,15,740,42,RD27/RTE DE MONAZ,,,Plein jour,Hors agglomération,Intersection en T,Normale,Deux véhicules - côté,,,,,,,,,,,1,1,3,1.0,3
201200005619,0012-03-27 17:15:00,12,3,27,17,15,740,42,rue du pont,,,Plein jour,En agglomération,Hors intersection,Normale,Autre collision,,,,,,,,,,,1,2,1,1.0,6
201200005620,0012-05-06 17:15:00,12,5,6,17,15,740,42,,,,Plein jour,Hors agglomération,Hors intersection,Normale,Autre collision,,,,,,,,,,,1,1,1,1.0,6
201200005621,0012-05-11 19:15:00,12,5,11,19,15,740,42,,46.078,6.409,Plein jour,Hors agglomération,Giratoire,Normale,Autre collision,,,,,,,,,,,1,1,6,1.0,6
201200005622,0012-06-22 08:15:00,12,6,22,8,15,740,42,414 bd  des allobroges,46.084,6.405,Plein jour,En agglomération,Hors intersection,Temps éblouissant,Autre collision,,,,,,,,,,,1,2,1,7.0,6
201200005623,0012-07-17 15:45:00,12,7,17,15,45,740,87,,,,Plein jour,Hors agglomération,Intersection en T,Normale,Deux véhicules - arrière,,,,,,,,,,,1,1,3,1.0,2
201200005624,0012-08-07 19:30:00,12,8,7,19,30,740,42,route de la cote d'hyot,46.113,6.362,Plein jour,En agglomération,Intersection en Y,Normale,Deux véhicules - côté,,,,,,,,,,,1,2,4,1.0,3
201200005625,0012-08-17 21:30:00,12,8,17,21,30,740,42,419 avenue de la gare,46.082,6.418,Nuit avec éclairage allumé,En agglomération,Hors intersection,Normale,Autre collision,,,,,,,,,,,5,2,1,1.0,6
201200005626,0012-09-03 13:00:00,12,9,3,13,0,740,42,Rue du Pont,46.084,6.403,Plein jour,En agglomération,Hors intersection,Normale,Autre collision,,,,,,,,,,,1,2,1,1.0,6
201200005627,0012-11-14 18:55:00,12,11,14,18,55,740,122,,46.132,6.362,Nuit sans éclairage public,Hors agglomération,Intersection en T,Normale,Deux véhicules - frontale,,,,,,,,,,,3,1,3,1.0,1
201200005628,0012-04-30 08:30:00,12,4,30,8,30,740,56,D1506,,,Plein jour,En agglomération,Hors intersection,Normale,Deux véhicules - arrière,,,,,,,,,,,1,2,1,1.0,2
201200005629,0012-06-16 10:30:00,12,6,16,10,30,740,56,,,,Plein jour,Hors agglomération,Hors intersection,Normale,Deux véhicules - côté,,,,,,,,,,,1,1,1,1.0,3
201200005630,0012-07-07 12:00:00,12,7,7,12,0,740,56,ROUTE DU BOUCHET,,,Plein jour,En agglomération,Hors intersection,Normale,Deux véhicules - côté,,,,,,,,,,,1,2,1,1.0,3
201200005631,0012-07-21 19:00:00,12,7,21,19,0,740,56,route du Bouchet,,,Plein jour,En agglomération,Hors intersection,Normale,Deux véhicules - côté,,,,,,,,,,,1,2,1,1.0,3
201200005632,0012-10-14 16:30:00,12,10,14,16,30,740,56,RUE DU DOCTEUR PACCARD,,,Plein jour,En agglomération,Hors intersection,Normale,Autre collision,,,,,,,,,,,1,2,1,1.0,6
201200005633,0012-04-19 11:30:00,12,4,19,11,30,740,99,115 route de sallanches,,,Plein jour,En agglomération,Hors intersection,Pluie légère,Autre collision,,,,,,,,,,,1,2,1,2.0,6
201200005634,0012-07-15 01:30:00,12,7,15,1,30,740,85,D902 RT NOTRE DAME GORGE,,,Nuit avec éclairage allumé,En agglomération,Hors intersection,Normale,Autre collision,,,,,,,,,,,5,2,1,1.0,6
201200005635,0012-07-18 15:30:00,12,7,18,15,30,740,99,855 Route Vers le Nant,,,Plein jour,En agglomération,Intersection en Y,Normale,Deux véhicules - frontale,,,,,,,,,,,1,2,4,1.0,1
201200005636,0012-09-13 16:30:00,12,9,13,16,30,740,173,CHEMIN DES ECOLIERS,,,Plein jour,En agglomération,Hors intersection,Normale,Autre collision,,,,,,,,,,,1,2,1,1.0,6
201200005637,0012-01-05 14:30:00,12,1,5,14,30,740,250,,,,Plein jour,Hors agglomération,Hors intersection,Pluie forte,Trois véhicules et plus - collisions multiples,,,,,,,,,,,1,1,1,3.0,5
201200005638,0012-03-23 08:45:00,12,3,23,8,45,740,18,,,,Plein jour,Hors agglomération,Hors intersection,Normale,Deux véhicules - frontale,,,,,,,,,,,1,1,1,1.0,1
201200005639,0012-03-28 17:45:00,12,3,28,17,45,740,116,,,,Plein jour,Hors agglomération,Hors intersection,Normale,Deux véhicules - côté,,,,,,,,,,,1,1,1,1.0,3
201200005640,0012-07-02 20:15:00,12,7,2,20,15,740,116,,46.055,6.271,Plein jour,Hors agglomération,Hors intersection,Normale,Deux véhicules - frontale,,,,,,,,,,,1,1,1,1.0,1
201200005641,0012-07-16 14:50:00,12,7,16,14,50,740,7,,,,Plein jour,Hors agglomération,Intersection en X,Normale,Deux véhicules - frontale,,,,,,,,,,,1,1,2,1.0,1
201200005642,0012-08-05 18:30:00,12,8,5,18,30,740,224,AV DE LA BENITE FONTAINE,,,Plein jour,En agglomération,Hors intersection,Pluie forte,Deux véhicules - frontale,,,,,,,,,,,1,2,1,3.0,1
201200005643,0012-09-16 14:30:00,12,9,16,14,30,740,90,CHEMIN DE LA CHAPELLE,,,Plein jour,En agglomération,Intersection en X,Normale,Deux véhicules - frontale,,,,,,,,,,,1,2,2,1.0,1
201200005644,0012-10-04 19:15:00,12,10,4,19,15,740,7,,46.074,6.323,Crépuscule ou aube,Hors agglomération,Hors intersection,Normale,Trois véhicules et plus - en chaîne,,,,,,,,,,,2,1,1,1.0,4
201200005645,0012-10-12 11:15:00,12,10,12,11,15,740,224,,,,Plein jour,Hors agglomération,Hors intersection,Temps couvert,Deux véhicules - côté,,,,,,,,,,,1,1,1,8.0,3
201200005646,0012-10-29 11:00:00,12,10,29,11,0,740,116,,,,Plein jour,Hors agglomération,Giratoire,Normale,Deux véhicules - frontale,,,,,,,,,,,1,1,6,1.0,1
201200005647,0012-11-23 22:30:00,12,11,23,22,30,740,250,RD 1203 TOISINGES,,,Nuit avec éclairage allumé,En agglomération,Hors intersection,Normale,Deux véhicules - frontale,,,,,,,,,,,5,2,1,1.0,1
201200005648,0012-11-30 01:00:00,12,11,30,1,0,740,224,"1, faubourg St-bernard",,,Nuit avec éclairage allumé,En agglomération,Intersection en X,Normale,Sans collision,,,,,,,,,,,5,2,2,1.0,7
201200005649,0012-12-01 20:50:00,12,12,1,20,50,740,241,2010 ROUTE DES CORMANDS,,,Nuit sans éclairage public,En agglomération,Hors intersection,Normale,Deux véhicules - côté,,,,,,,,,,,3,2,1,1.0,3
201200005650,0012-10-18 10:15:00,12,10,18,10,15,740,256,,,,Plein jour,Hors agglomération,Hors intersection,Normale,Deux véhicules - frontale,,,,,,,,,,,1,1,1,1.0,1
201200005651,0012-10-19 13:45:00,12,10,19,13,45,740,256,ANCIENNE ROUTE IMPERIALE,,,Plein jour,En agglomération,Hors intersection,Normale,Autre collision,,,,,,,,,,,1,2,1,1.0,6
201200005652,0012-01-15 02:00:00,12,1,15,2,0,740,258,,46.093,6.687,Nuit sans éclairage public,Hors agglomération,Hors intersection,Autre,Sans collision,,,,,,,,,,,3,1,1,9.0,7
201200005653,0012-01-31 05:30:00,12,1,31,5,30,740,183,,46.137,6.527,Nuit sans éclairage public,Hors agglomération,Hors intersection,Neige / grêle,Autre collision,,,,,,,,,,,3,1,1,4.0,6
201200005654,0012-03-20 21:45:00,12,3,20,21,45,740,190,Les Essertins,46.091,6.679,Nuit avec éclairage allumé,En agglomération,Hors intersection,Normale,Deux véhicules - côté,,,,,,,,,,,5,2,1,1.0,3
201200005655,0012-04-11 19:15:00,12,4,11,19,15,740,183,route de la montagne,46.136,6.518,Plein jour,En agglomération,Hors intersection,Temps couvert,Sans collision,,,,,,,,,,,1,2,1,8.0,7
201200005656,0012-04-28 12:00:00,12,4,28,12,0,740,276,,46.117,6.608,Plein jour,Hors agglomération,Hors intersection,Normale,Deux véhicules - frontale,,,,,,,,,,,1,1,1,1.0,1
201200005657,0012-05-15 11:45:00,12,5,15,11,45,740,183,,46.131,6.502,Plein jour,Hors agglomération,Hors intersection,Normale,Deux véhicules - frontale,,,,,,,,,,,1,1,1,1.0,1
201200005658,0012-05-17 15:30:00,12,5,17,15,30,740,134,,46.15,6.652,Plein jour,Hors agglomération,Hors intersection,Normale,Deux véhicules - arrière,,,,,,,,,,,1,1,1,1.0,2
201200005659,0012-07-10 15:50:00,12,7,10,15,50,740,134,,46.15,6.653,Plein jour,Hors agglomération,Hors intersection,Normale,Autre collision,,,,,,,,,,,1,1,1,1.0,6
201200005660,0012-08-14 16:45:00,12,8,14,16,45,740,258,Chef-lieu,46.088,6.725,Plein jour,En agglomération,Hors intersection,Normale,Autre collision,,,,,,,,,,,1,2,1,1.0,6
201200005661,0012-08-19 18:30:00,12,8,19,18,30,740,190,,46.088,6.676,Plein jour,En agglomération,Hors intersection,Normale,Deux véhicules - côté,,,,,,,,,,,1,2,1,1.0,3
201200005662,0012-08-23 09:30:00,12,8,23,9,30,740,258,Place du VGros tilleul,46.09,6.72,Plein jour,En agglomération,Hors intersection,Normale,Autre collision,,,,,,,,,,,1,2,1,1.0,6
201200005663,0012-09-11 02:00:00,12,9,11,2,0,740,134,,46.172,6.678,Nuit sans éclairage public,Hors agglomération,Hors intersection,Normale,Sans collision,,,,,,,,,,,3,1,1,1.0,7
201200005664,0012-09-16 15:00:00,12,9,16,15,0,740,276,place du quart d'avaz,46.112,6.594,Plein jour,En agglomération,Intersection en T,Normale,Deux véhicules - côté,,,,,,,,,,,1,2,3,1.0,3
201200005665,0012-10-04 07:30:00,12,10,4,7,30,740,134,,46.162,6.669,Crépuscule ou aube,En agglomération,Hors intersection,Normale,Deux véhicules - frontale,,,,,,,,,,,2,2,1,1.0,1
201200005666,0012-10-23 23:30:00,12,10,23,23,30,740,183,LES VAGNYS,46.123,6.549,Nuit sans éclairage public,Hors agglomération,Hors intersection,Normale,Autre collision,,,,,,,,,,,3,1,1,1.0,6
201200005667,0012-12-26 17:15:00,12,12,26,17,15,740,276,rue de la gare,46.112,6.59,Nuit avec éclairage allumé,En agglomération,Hors intersection,Normale,Autre collision,,,,,,,,,,,5,2,1,1.0,6
201200005668,0012-01-18 06:30:00,12,1,18,6,30,740,243,55 AVENUE DE GENEVE,,,Crépuscule ou aube,En agglomération,Hors intersection,Normale,Autre collision,,,,,,,,,,,2,2,1,1.0,6
201200005669,0012-03-09 19:15:00,12,3,9,19,15,740,31,,46.106,6.105,Nuit sans éclairage public,Hors agglomération,Autre intersection,Normale,Autre collision,,,,,,,,,,,3,1,9,1.0,6
201200005670,0012-06-30 19:15:00,12,6,30,19,15,740,201,,46.12,6.109,Plein jour,Hors agglomération,Hors intersection,Normale,Deux véhicules - frontale,,,,,,,,,,,1,1,1,1.0,1
201200005671,0012-10-16 18:15:00,12,10,16,18,15,740,201,,,,Plein jour,En agglomération,Intersection en T,Normale,Autre collision,,,,,,,,,,,1,2,3,1.0,6
201200005672,0012-11-23 12:15:00,12,11,23,12,15,740,16,CD18 A,46.144,6.12,Plein jour,En agglomération,Hors intersection,Normale,Deux véhicules - arrière,,,,,,,,,,,1,2,1,1.0,2
201200005673,0012-01-23 06:00:00,12,1,23,6,0,740,262,,,,Nuit sans éclairage public,Hors agglomération,Hors intersection,Normale,Deux véhicules - frontale,,,,,,,,,,,3,1,1,1.0,1
201200005674,0012-04-14 12:30:00,12,4,14,12,30,740,211,,,,Plein jour,Hors agglomération,Hors intersection,Pluie légère,Sans collision,,,,,,,,,,,1,1,1,2.0,7
201200005675,0012-06-08 13:15:00,12,6,8,13,15,740,220,CARREFOUR L'ECULAZ,,,Plein jour,En agglomération,Intersection en X,Pluie légère,Deux véhicules - côté,,,,,,,,,,,1,2,2,2.0,3
201200005676,0012-06-09 22:30:00,12,6,9,22,30,740,211,665 ROUTE DE LOISINGES,,,Nuit sans éclairage public,En agglomération,Hors intersection,Normale,Sans collision,,,,,,,,,,,3,2,1,1.0,7
201200005677,0012-07-25 16:45:00,12,7,25,16,45,740,185,,,,Plein jour,En agglomération,Hors intersection,Normale,Autre collision,,,,,,,,,,,1,2,1,1.0,6
201200005678,0012-08-09 19:30:00,12,8,9,19,30,740,193,,,,Plein jour,Hors agglomération,Hors intersection,Normale,Deux véhicules - frontale,,,,,,,,,,,1,1,1,1.0,1
201200005679,0012-08-16 06:45:00,12,8,16,6,45,740,197,,,,Crépuscule ou aube,Hors agglomération,Hors intersection,Pluie légère,Deux véhicules - frontale,,,,,,,,,,,2,1,1,2.0,1
201200005680,0012-08-08 18:15:00,12,8,8,18,15,740,220,ROUTE DE ROCAILLES,,,Plein jour,Hors agglomération,Hors intersection,Normale,Deux véhicules - frontale,,,,,,,,,,,1,1,1,1.0,1
201200005681,0012-12-22 23:45:00,12,12,22,23,45,740,128,,,,Nuit sans éclairage public,Hors agglomération,Hors intersection,Pluie légère,Autre collision,,,,,,,,,,,3,1,1,2.0,6
201200005682,0012-01-25 06:45:00,12,1,25,6,45,740,309,,46.116,5.998,Nuit sans éclairage public,Hors agglomération,Hors intersection,Normale,Deux véhicules - frontale,,,,,,,,,,,3,1,1,1.0,1
201200005683,0012-03-05 19:00:00,12,3,5,19,0,740,96,ROUTE D'ANNECY RD1201,46.037,6.107,Nuit avec éclairage allumé,En agglomération,Hors intersection,Normale,Deux véhicules - côté,,,,,,,,,,,5,2,1,1.0,3
201200005684,0012-03-25 18:15:00,12,3,25,18,15,740,309,,,,Plein jour,Hors agglomération,Hors intersection,Temps éblouissant,Autre collision,,,,,,,,,,,1,1,1,7.0,6
201200005685,0012-06-22 17:15:00,12,6,22,17,15,740,88,D1201 - Malbuisson,,,Plein jour,En agglomération,Hors intersection,Normale,Deux véhicules - côté,,,,,,,,,,,1,2,1,1.0,3
201200005686,0012-08-14 18:45:00,12,8,14,18,45,740,288,RD 47 route de bloux,46.107,5.97,Plein jour,En agglomération,Hors intersection,Normale,Deux véhicules - côté,,,,,,,,,,,1,2,1,1.0,3
201200005687,0012-09-21 17:15:00,12,9,21,17,15,740,9,,,,Plein jour,Hors agglomération,Hors intersection,Normale,Deux véhicules - côté,,,,,,,,,,,1,1,1,1.0,3
201200005688,0012-12-29 18:15:00,12,12,29,18,15,740,309,,46.117,6.008,Nuit sans éclairage public,Hors agglomération,Intersection en X,Normale,Trois véhicules et plus - en chaîne,,,,,,,,,,,3,1,2,1.0,4
201200005689,0012-01-14 15:30:00,12,1,14,15,30,740,100,ROUTE DE CHAMPAGNE TAGNY,,,Plein jour,Hors agglomération,Hors intersection,Normale,Deux véhicules - frontale,,,,,,,,,,,1,1,1,1.0,1
201200005690,0012-03-26 16:30:00,12,3,26,16,30,740,109,,,,Plein jour,Hors agglomération,Autre intersection,Normale,Trois véhicules et plus - en chaîne,,,,,,,,,,,1,1,9,1.0,4
201200005691,0012-04-04 06:30:00,12,4,4,6,30,740,100,,,,Crépuscule ou aube,Hors agglomération,Hors intersection,Pluie forte,Deux véhicules - frontale,,,,,,,,,,,2,1,1,3.0,1
201200005692,0012-04-20 17:45:00,12,4,20,17,45,740,291,,,,Plein jour,Hors agglomération,Hors intersection,Normale,Autre collision,,,,,,,,,,,1,1,1,1.0,6
201200005693,0012-06-29 16:30:00,12,6,29,16,30,740,100,,,,Plein jour,Hors agglomération,Hors intersection,Normale,Sans collision,,,,,,,,,,,1,1,1,1.0,7
201200005694,0012-08-10 09:15:00,12,8,10,9,15,740,109,,,,Plein jour,Hors agglomération,Hors intersection,Normale,Deux véhicules - frontale,,,,,,,,,,,1,1,1,1.0,1
201200005695,0012-08-21 08:30:00,12,8,21,8,30,740,68,,,,Plein jour,Hors agglomération,Hors intersection,Normale,Deux véhicules - côté,,,,,,,,,,,1,1,1,1.0,3
201200005696,0012-09-09 12:45:00,12,9,9,12,45,740,131,,,,Plein jour,Hors agglomération,Hors intersection,Normale,Sans collision,,,,,,,,,,,1,1,1,1.0,7
201200005697,0012-10-28 05:00:00,12,10,28,5,0,740,100,,,,Crépuscule ou aube,Hors agglomération,Hors intersection,Vent fort / tempête,Sans collision,,,,,,,,,,,2,1,1,6.0,7
201200005698,0012-01-05 09:00:00,12,1,5,9,0,740,1,,46.285,6.709,Plein jour,Hors agglomération,Hors intersection,Neige / grêle,Deux véhicules - frontale,,,,,,,,,,,1,1,1,4.0,1
201200005699,0012-02-18 15:00:00,12,2,18,15,0,740,63,ROUTE DE VONNES,46.266,6.842,Plein jour,En agglomération,Hors intersection,Neige / grêle,Deux véhicules - côté,,,,,,,,,,,1,2,1,4.0,3