accident_id,datetime,annee,mois,jour,heure,minute,departement,commune_insee,adresse,latitude,longitude,luminosite,agglomeration,intersection,meteo,collision,nb_vehicules,nb_usagers,nb_indemnes,nb_tues,nb_blesses_hosp,nb_blesses_legers,age_cond_1,age_cond_2,veh_type_cond_1,veh_type_cond_2,lum_code,agg_code,int_code,atm_code,col_code
201200006374,0012-11-02 10:00:00,12,11,2,10,0,30,310,"35, VICTORIA (AVENUE)",,,Plein jour,En agglomération,Hors intersection,Normale,Autre collision,,,,,,,,,,,1,2,1,1.0,6
201200006375,0012-11-06 09:30:00,12,11,6,9,30,30,310,"79, JAURES (RUE JEAN)",,,Plein jour,En agglomération,Hors intersection,Pluie légère,Autre collision,,,,,,,,,,,1,2,1,2.0,6
201200006376,0012-11-30 17:30:00,12,11,30,17,30,30,310,"115, JAURES (RUE JEAN)",,,Nuit avec éclairage allumé,En agglomération,Intersection en T,Normale,Autre collision,,,,,,,,,,,5,2,3,1.0,6
201200006377,0012-12-04 18:00:00,12,12,4,18,0,30,310,"65, GAMBETTA (BOULEVARD)",,,Nuit avec éclairage allumé,En agglomération,Intersection en T,Normale,Deux véhicules - côté,,,,,,,,,,,5,2,3,1.0,3
201200006378,0012-12-12 02:20:00,12,12,12,2,20,30,310,"0, HOPITAL (BOULEVARD DE",,,Nuit avec éclairage allumé,En agglomération,Intersection en T,Normale,Deux véhicules - côté,,,,,,,,,,,5,2,3,1.0,3
201200006379,0012-12-19 18:45:00,12,12,19,18,45,30,95,"0, ROMAINVILLE (RUE DE)",,,Nuit avec éclairage allumé,En agglomération,Giratoire,Normale,Deux véhicules - côté,,,,,,,,,,,5,2,6,1.0,3
201200006380,0012-12-23 08:30:00,12,12,23,8,30,30,310,"0, PRE FLEURI (RUE DU)",,,Plein jour,En agglomération,Intersection en X,Normale,Sans collision,,,,,,,,,,,1,2,2,1.0,7
201200006381,0012-12-23 14:55:00,12,12,23,14,55,30,1,"42, QUINSSAT (ROUTE DE)",,,Plein jour,En agglomération,Hors intersection,Normale,Deux véhicules - côté,,,,,,,,,,,1,2,1,1.0,3
201200006382,0012-03-07 08:00:00,12,3,7,8,0,540,441,,49.078,5.886,Plein jour,Hors agglomération,Hors intersection,Normale,Autre collision,,,,,,,,,,,1,1,1,1.0,6
201200006383,0012-03-16 14:30:00,12,3,16,14,30,540,535,,49.07885,5.90542,Plein jour,Hors agglomération,Intersection en X,Normale,Deux véhicules - frontale,,,,,,,,,,,1,1,2,1.0,1
201200006384,0012-04-19 17:00:00,12,4,19,17,0,540,410,,49.04342,5.94934,Plein jour,Hors agglomération,Hors intersection,Normale,Deux véhicules - côté,,,,,,,,,,,1,1,1,1.0,3
201200006385,0012-04-23 08:00:00,12,4,23,8,0,540,413,,49.241,5.832,Plein jour,Hors agglomération,Hors intersection,Normale,Autre collision,,,,,,,,,,,1,1,1,1.0,6
201200006386,0012-01-09 07:30:00,12,1,9,7,30,540,337,rue Principale,49.358,5.866,Crépuscule ou aube,En agglomération,Hors intersection,Pluie légère,Deux véhicules - frontale,,,,,,,,,,,2,2,1,2.0,1
201200006387,0012-02-23 08:45:00,12,2,23,8,45,540,342,,49.275,5.897,Plein jour,Hors agglomération,Hors intersection,Normale,Deux véhicules - frontale,,,,,,,,,,,1,1,1,1.0,1
201200006388,0012-05-31 15:30:00,12,5,31,15,30,540,29,,49.362,5.909,Plein jour,Hors agglomération,Hors intersection,Temps couvert,Deux véhicules - frontale,,,,,,,,,,,1,1,1,8.0,1
201200006389,0012-06-01 16:00:00,12,6,1,16,0,540,84,rue de la r?publique,49.331,5.836,Plein jour,En agglomération,Hors intersection,Normale,Autre collision,,,,,,,,,,,1,2,1,1.0,6
201200006390,0012-06-13 07:30:00,12,6,13,7,30,540,402,,49.293,5.809,Plein jour,Hors agglomération,Hors intersection,Temps couvert,Sans collision,,,,,,,,,,,1,1,1,8.0,7
201200006391,0012-07-19 23:15:00,12,7,19,23,15,540,394,,49.337,5.827,Nuit sans éclairage public,Hors agglomération,Intersection en X,Normale,Deux véhicules - frontale,,,,,,,,,,,3,1,2,1.0,1
201200006392,0012-07-27 14:15:00,12,7,27,14,15,540,29,,49.61,5.516,Plein jour,Hors agglomération,Hors intersection,Normale,Deux véhicules - côté,,,,,,,,,,,1,1,1,1.0,3
201200006393,0012-11-20 12:00:00,12,11,20,12,0,540,504,,,,Plein jour,Hors agglomération,Hors intersection,Brouillard / fumée,Autre collision,,,,,,,,,,,1,1,1,5.0,6
201200006394,0012-11-20 17:45:00,12,11,20,17,45,540,504,,49.40301,5.89053,Nuit sans éclairage public,Hors agglomération,Hors intersection,Brouillard / fumée,Deux véhicules - frontale,,,,,,,,,,,3,1,1,5.0,1
201200006395,0012-08-06 06:45:00,12,8,6,6,45,540,147,,48.64454,6.52372,Crépuscule ou aube,Hors agglomération,Hors intersection,Normale,Autre collision,,,,,,,,,,,2,1,1,1.0,6
201200006396,0012-08-09 17:45:00,12,8,9,17,45,540,176,,48.67022,6.50651,Plein jour,Hors agglomération,Hors intersection,Normale,Deux véhicules - côté,,,,,,,,,,,1,1,1,1.0,3
201200006397,0012-09-08 04:15:00,12,9,8,4,15,540,588,,48.59,6.417,Nuit sans éclairage public,Hors agglomération,Hors intersection,Normale,Autre collision,,,,,,,,,,,3,1,1,1.0,6
201200006398,0012-01-06 14:15:00,12,1,6,14,15,540,54,grande rue,48.479,6.315,Plein jour,En agglomération,Hors intersection,Normale,Autre collision,,,,,,,,,,,1,2,1,1.0,6
201200006399,0012-01-07 07:30:00,12,1,7,7,30,540,144,,48.52783,6.26509,Nuit sans éclairage public,Hors agglomération,Intersection en X,Pluie légère,Deux véhicules - côté,,,,,,,,,,,3,1,2,2.0,3
201200006400,0012-03-23 21:00:00,12,3,23,21,0,540,76,Rue du rendez-vous,,,Nuit avec éclairage allumé,En agglomération,Hors intersection,Normale,Sans collision,,,,,,,,,,,5,2,1,1.0,7
201200006401,0012-05-25 16:45:00,12,5,25,16,45,540,76,rue de gerbeviller,,,Plein jour,En agglomération,Hors intersection,Normale,Deux véhicules - côté,,,,,,,,,,,1,2,1,1.0,3
201200006402,0012-09-27 11:30:00,12,9,27,11,30,540,359,,48.5137,6.38988,Plein jour,Hors agglomération,Hors intersection,Normale,Autre collision,,,,,,,,,,,1,1,1,1.0,6
201200006403,0012-11-28 17:30:00,12,11,28,17,30,540,465,,48.48,6.301,Nuit sans éclairage public,En agglomération,Hors intersection,Normale,Deux véhicules - frontale,,,,,,,,,,,3,2,1,1.0,1
201200006404,0012-04-01 19:30:00,12,4,1,19,30,540,452,,48.59886,6.74542,Plein jour,Hors agglomération,Hors intersection,Normale,Deux véhicules - frontale,,,,,,,,,,,1,1,1,1.0,1
201200006405,0012-07-23 21:30:00,12,7,23,21,30,540,259,,48.55279,6.74499,Crépuscule ou aube,Hors agglomération,Hors intersection,Normale,Autre collision,,,,,,,,,,,2,1,1,1.0,6
201200006406,0012-12-02 09:15:00,12,12,2,9,15,540,39,,48.467,6.736,Plein jour,Hors agglomération,Hors intersection,Normale,Autre collision,,,,,,,,,,,1,1,1,1.0,6
201200006407,0012-01-01 06:15:00,12,1,1,6,15,540,380,,48.625,5.859,Nuit sans éclairage public,Hors agglomération,Hors intersection,Pluie légère,Deux véhicules - frontale,,,,,,,,,,,3,1,1,2.0,1
201200006408,0012-01-25 18:30:00,12,1,25,18,30,540,380,,48.63765,5.86374,Nuit sans éclairage public,Hors agglomération,Hors intersection,Autre,Deux véhicules - frontale,,,,,,,,,,,3,1,1,9.0,1
201200006409,0012-03-19 17:45:00,12,3,19,17,45,540,128,,48.668,5.814,Plein jour,Hors agglomération,Hors intersection,Normale,Deux véhicules - arrière,,,,,,,,,,,1,1,1,1.0,2
201200006410,0012-04-21 13:30:00,12,4,21,13,30,540,205,,48.676,5.777,Plein jour,Hors agglomération,Hors intersection,Pluie légère,Deux véhicules - frontale,,,,,,,,,,,1,1,1,2.0,1
201200006411,0012-06-12 17:45:00,12,6,12,17,45,540,242,,48.64652,5.89096,Plein jour,Hors agglomération,Hors intersection,Temps couvert,Autre collision,,,,,,,,,,,1,1,1,8.0,6
201200006412,0012-09-04 15:00:00,12,9,4,15,0,540,548,rue de la liberte,48.54635,5.78122,Plein jour,En agglomération,Intersection en T,Normale,Deux véhicules - côté,,,,,,,,,,,1,2,3,1.0,3
201200006413,0012-10-20 19:45:00,12,10,20,19,45,540,135,rue Alexandre III,48.53192,5.89826,Nuit sans éclairage public,En agglomération,Hors intersection,Normale,Deux véhicules - côté,,,,,,,,,,,3,2,1,1.0,3
201200006414,0012-01-04 10:00:00,12,1,4,10,0,540,63,,48.871,5.842,Plein jour,Hors agglomération,Hors intersection,Normale,Deux véhicules - frontale,,,,,,,,,,,1,1,1,1.0,1
201200006415,0012-06-09 06:15:00,12,6,9,6,15,540,463,,48.8,6.016,Plein jour,Hors agglomération,Hors intersection,Normale,Sans collision,,,,,,,,,,,1,1,1,1.0,7
201200006416,0012-01-07 22:15:00,12,1,7,22,15,550,446,,48.83519,5.2874,Nuit sans éclairage public,Hors agglomération,Autre intersection,Temps couvert,Autre collision,,,,,,,,,,,3,1,9,8.0,6
201200006417,0012-01-08 14:15:00,12,1,8,14,15,550,125,,48.80814,4.95954,Plein jour,Hors agglomération,Hors intersection,Pluie légère,Autre collision,,,,,,,,,,,1,1,1,2.0,6
201200006418,0012-02-11 20:30:00,12,2,11,20,30,550,108,,48.92463,5.24184,Nuit sans éclairage public,Hors agglomération,Hors intersection,Normale,Autre collision,,,,,,,,,,,3,1,1,1.0,6
201200006419,0012-06-18 16:45:00,12,6,18,16,45,550,382,,48.82022,5.03665,Plein jour,Hors agglomération,Hors intersection,Normale,Deux véhicules - frontale,,,,,,,,,,,1,1,1,1.0,1
201200006420,0012-06-22 12:00:00,12,6,22,12,0,550,178,,,,Plein jour,Hors agglomération,Hors intersection,Normale,Deux véhicules - côté,,,,,,,,,,,1,1,1,1.0,3
201200006421,0012-08-07 09:00:00,12,8,7,9,0,550,304,,48.866,5.074,Crépuscule ou aube,Hors agglomération,Hors intersection,Normale,Autre collision,,,,,,,,,,,2,1,1,1.0,6
201200006422,0012-09-03 19:30:00,12,9,3,19,30,550,369,,48.79283,5.21432,Plein jour,En agglomération,Hors intersection,Normale,Autre collision,,,,,,,,,,,1,2,1,1.0,6
201200006423,0012-10-01 18:15:00,12,10,1,18,15,550,254,,,,Plein jour,Hors agglomération,Hors intersection,Normale,Autre collision,,,,,,,,,,,1,1,1,1.0,6
201200006424,0012-11-10 19:15:00,12,11,10,19,15,550,435,place de verdun,,,Nuit avec éclairage allumé,En agglomération,Hors intersection,Autre,Autre collision,,,,,,,,,,,5,2,1,9.0,6
201200006425,0012-11-15 17:45:00,12,11,15,17,45,550,423,,48.91,5.173,Nuit sans éclairage public,Hors agglomération,Intersection en T,Normale,Deux véhicules - côté,,,,,,,,,,,3,1,3,1.0,3
201200006426,0012-11-25 09:15:00,12,11,25,9,15,550,435,ruelle du chateau,48.75,5.036,Plein jour,En agglomération,Hors intersection,Normale,Sans collision,,,,,,,,,,,1,2,1,1.0,7
201200006427,0012-01-02 19:15:00,12,1,2,19,15,550,258,,48.79361,5.66469,Nuit sans éclairage public,Hors agglomération,Hors intersection,Pluie légère,Autre collision,,,,,,,,,,,3,1,1,2.0,6
201200006428,0012-02-02 18:45:00,12,2,2,18,45,550,122,,48.783,5.566,Nuit sans éclairage public,Hors agglomération,Hors intersection,Normale,Deux véhicules - frontale,,,,,,,,,,,3,1,1,1.0,1
201200006429,0012-05-24 00:01:00,12,5,24,0,1,550,122,,,,Nuit sans éclairage public,Hors agglomération,Hors intersection,Normale,Autre collision,,,,,,,,,,,3,1,1,1.0,6
201200006430,0012-08-11 18:30:00,12,8,11,18,30,550,288,,,,Plein jour,Hors agglomération,Hors intersection,Normale,Autre collision,,,,,,,,,,,1,1,1,1.0,6
201200006431,0012-08-11 10:15:00,12,8,11,10,15,550,196,RUE BRAIE,,,Plein jour,En agglomération,Hors intersection,Normale,Autre collision,,,,,,,,,,,1,2,1,1.0,6
201200006432,0012-09-28 16:00:00,12,9,28,16,0,550,122,,,,Plein jour,Hors agglomération,Hors intersection,Normale,Sans collision,,,,,,,,,,,1,1,1,1.0,7
201200006433,0012-01-15 14:30:00,12,1,15,14,30,550,570,,,,Plein jour,Hors agglomération,Hors intersection,Normale,Deux véhicules - frontale,,,,,,,,,,,1,1,1,1.0,1
201200006434,0012-01-24 08:45:00,12,1,24,8,45,550,234,,48.992,5.716,Plein jour,Hors agglomération,Hors intersection,Normale,Deux véhicules - frontale,,,,,,,,,,,1,1,1,1.0,1
201200006435,0012-01-27 09:15:00,12,1,27,9,15,550,384,R Benele / ch du bouvrot,48.889,5.3361,Plein jour,En agglomération,Hors intersection,Brouillard / fumée,Deux véhicules - côté,,,,,,,,,,,1,2,1,5.0,3
201200006436,0012-02-21 12:30:00,12,2,21,12,30,550,85,,,,Plein jour,Hors agglomération,Hors intersection,Normale,Deux véhicules - frontale,,,,,,,,,,,1,1,1,1.0,1
201200006437,0012-03-02 11:15:00,12,3,2,11,15,550,463,,48.862,5.523,Plein jour,Hors agglomération,Hors intersection,Temps couvert,Deux véhicules - frontale,,,,,,,,,,,1,1,1,8.0,1
201200006438,0012-03-30 21:15:00,12,3,30,21,15,550,463,rue du palais de justice,48.894,5.544,Nuit avec éclairage allumé,En agglomération,Intersection en X,Normale,Deux véhicules - côté,,,,,,,,,,,5,2,2,1.0,3
201200006439,0012-04-01 05:30:00,12,4,1,5,30,550,96,,48.949,5.634,Nuit sans éclairage public,Hors agglomération,Hors intersection,Normale,Autre collision,,,,,,,,,,,3,1,1,1.0,6
201200006440,0012-07-22 08:15:00,12,7,22,8,15,550,444,,48.945,5.52,Plein jour,Hors agglomération,Hors intersection,Normale,Deux véhicules - côté,,,,,,,,,,,1,1,1,1.0,3
201200006441,0012-08-16 09:15:00,12,8,16,9,15,550,463,rue des carmes,,,Plein jour,En agglomération,Hors intersection,Normale,Autre collision,,,,,,,,,,,1,2,1,1.0,6
201200006442,0012-08-22 13:30:00,12,8,22,13,30,550,455,,48.987,5.756,Plein jour,Hors agglomération,Hors intersection,Normale,Sans collision,,,,,,,,,,,1,1,1,1.0,7
201200006443,0012-08-29 17:00:00,12,8,29,17,0,550,521,,48.99,5.477,Plein jour,Hors agglomération,Hors intersection,Normale,Deux véhicules - arrière,,,,,,,,,,,1,1,1,1.0,2
201200006444,0012-09-09 10:00:00,12,9,9,10,0,550,229,rue de blusson,48.874,5.553,Plein jour,En agglomération,Hors intersection,Normale,Deux véhicules - frontale,,,,,,,,,,,1,2,1,1.0,1
201200006445,0012-10-03 08:45:00,12,10,3,8,45,550,333,,48.811,5.455,Plein jour,Hors agglomération,Hors intersection,Normale,Deux véhicules - frontale,,,,,,,,,,,1,1,1,1.0,1
201200006446,0012-10-13 11:30:00,12,10,13,11,30,550,234,18 route d'Etain,,,Plein jour,En agglomération,Hors intersection,Normale,Autre collision,,,,,,,,,,,1,2,1,1.0,6
201200006447,0012-10-28 17:00:00,12,10,28,17,0,550,412,,,,Crépuscule ou aube,Hors agglomération,Hors intersection,Normale,Deux véhicules - frontale,,,,,,,,,,,2,1,1,1.0,1
201200006448,0012-10-31 18:45:00,12,10,31,18,45,550,303,,48.857,5.687,Nuit sans éclairage public,Hors agglomération,Hors intersection,Normale,Trois véhicules et plus - collisions multiples,,,,,,,,,,,3,1,1,1.0,5
201200006449,0012-01-07 22:00:00,12,1,7,22,0,550,496,,,,Nuit sans éclairage public,Hors agglomération,Autre intersection,Normale,Autre collision,,,,,,,,,,,3,1,9,1.0,6
201200006450,0012-03-22 02:30:00,12,3,22,2,30,550,496,,,,Nuit sans éclairage public,Hors agglomération,Hors intersection,Normale,Sans collision,,,,,,,,,,,3,1,1,1.0,7
201200006451,0012-05-10 19:15:00,12,5,10,19,15,550,573,,,,Plein jour,Hors agglomération,Hors intersection,Normale,Deux véhicules - frontale,,,,,,,,,,,1,1,1,1.0,1
201200006452,0012-06-01 17:15:00,12,6,1,17,15,550,142,Carrefour D10,48.446,5.511,Plein jour,En agglomération,Hors intersection,Normale,Deux véhicules - côté,,,,,,,,,,,1,2,1,1.0,3
201200006453,0012-08-13 15:00:00,12,8,13,15,0,550,30,,,,Plein jour,Hors agglomération,Hors intersection,Normale,Trois véhicules et plus - collisions multiples,,,,,,,,,,,1,1,1,1.0,5
201200006454,0012-11-18 18:30:00,12,11,18,18,30,550,573,,,,Nuit sans éclairage public,Hors agglomération,Hors intersection,Normale,Deux véhicules - frontale,,,,,,,,,,,3,1,1,1.0,1
201200006455,0012-12-13 06:45:00,12,12,13,6,45,550,89,,,,Nuit sans éclairage public,Hors agglomération,Hors intersection,Normale,Sans collision,,,,,,,,,,,3,1,1,1.0,7
201200006456,0012-08-13 22:15:00,12,8,13,22,15,550,25,,49.48073,5.22452,Nuit sans éclairage public,Hors agglomération,Hors intersection,Normale,Autre collision,,,,,,,,,,,3,1,1,1.0,6
201200006457,0012-02-24 22:00:00,12,2,24,22,0,550,498,,49.04244,5.27014,Nuit sans éclairage public,Hors agglomération,Hors intersection,Brouillard / fumée,Autre collision,,,,,,,,,,,3,1,1,5.0,6
201200006458,0012-04-09 11:00:00,12,4,9,11,0,550,512,,48.99731,5.44726,Plein jour,Hors agglomération,Hors intersection,Pluie légère,Sans collision,,,,,,,,,,,1,1,1,2.0,7
201200006459,0012-05-10 11:30:00,12,5,10,11,30,550,385,,49.11405,5.29149,Plein jour,Hors agglomération,Hors intersection,Normale,Deux véhicules - arrière,,,,,,,,,,,1,1,1,1.0,2
201200006460,0012-06-07 13:15:00,12,6,7,13,15,550,99,,49.23933,5.35241,Plein jour,Hors agglomération,Hors intersection,Normale,Sans collision,,,,,,,,,,,1,1,1,1.0,7
201200006461,0012-07-05 11:30:00,12,7,5,11,30,550,204,Rue de Belfort,49.03408,5.43518,Plein jour,En agglomération,Hors intersection,Normale,Deux véhicules - arrière,,,,,,,,,,,1,2,1,1.0,2
201200006462,0012-07-29 17:30:00,12,7,29,17,30,550,200,,,,Plein jour,Hors agglomération,Hors intersection,Normale,Sans collision,,,,,,,,,,,1,1,1,1.0,7
201200006463,0012-08-11 06:00:00,12,8,11,6,0,550,317,,,,Plein jour,En agglomération,Hors intersection,Normale,Deux véhicules - côté,,,,,,,,,,,1,2,1,1.0,3
201200006464,0012-08-12 01:15:00,12,8,12,1,15,550,387,,49.36155,5.6567,Nuit sans éclairage public,Hors agglomération,Hors intersection,Normale,Autre collision,,,,,,,,,,,3,1,1,1.0,6
201200006465,0012-08-12 20:00:00,12,8,12,20,0,550,13,,49.42,5.65,Crépuscule ou aube,Hors agglomération,Hors intersection,Normale,Autre collision,,,,,,,,,,,2,1,1,1.0,6
201200006466,0012-08-12 17:00:00,12,8,12,17,0,550,63,,,,Plein jour,Hors agglomération,Autre intersection,Normale,Autre collision,,,,,,,,,,,1,1,9,1.0,6
201200006467,0012-08-23 14:15:00,12,8,23,14,15,550,72,,,,Plein jour,Hors agglomération,Hors intersection,Normale,Deux véhicules - côté,,,,,,,,,,,1,1,1,1.0,3
201200006468,0012-10-25 15:15:00,12,10,25,15,15,550,237,,49.113,5.559,Plein jour,Hors agglomération,Intersection en X,Normale,Deux véhicules - côté,,,,,,,,,,,1,1,2,1.0,3
201200006469,0012-08-11 11:45:00,12,8,11,11,45,880,178,19 route de darney,48.17283,6.39007,Plein jour,En agglomération,Intersection en T,Normale,Deux véhicules - côté,,,,,,,,,,,1,2,3,1.0,3
201200006470,0012-08-30 07:30:00,12,8,30,7,30,880,136,217 route de Dignonville,,,Plein jour,En agglomération,Hors intersection,Normale,Deux véhicules - frontale,,,,,,,,,,,1,2,1,1.0,1
201200006471,0012-10-09 17:15:00,12,10,9,17,15,880,132,67 RUE D'ALSACE,48.20087,6.52991,Plein jour,En agglomération,Hors intersection,Pluie forte,Deux véhicules - frontale,,,,,,,,,,,1,2,1,3.0,1
201200006472,0012-12-28 23:45:00,12,12,28,23,45,880,178,29 rue des m?l?zes,,,Nuit avec éclairage allumé,En agglomération,Hors intersection,Pluie légère,Autre collision,,,,,,,,,,,5,2,1,2.0,6
201200006473,0012-03-02 21:00:00,12,3,2,21,0,880,262,Rue du maroc,48.18054,6.75944,Nuit sans éclairage public,En agglomération,Hors intersection,Normale,Autre collision,,,,,,,,,,,3,2,1,1.0,6
201200006474,0012-03-19 12:30:00,12,3,19,12,30,880,418,,48.30307,6.63274,Plein jour,Hors agglomération,Hors intersection,Normale,Autre collision,,,,,,,,,,,1,1,1,1.0,6
201200006475,0012-08-25 12:00:00,12,8,25,12,0,880,262,,48.18887,6.74426,Plein jour,Hors agglomération,Hors intersection,Normale,Autre collision,,,,,,,,,,,1,1,1,1.0,6
201200006476,0012-02-07 10:30:00,12,2,7,10,30,880,513,,48.3308,6.32867,Plein jour,Hors agglomération,Hors intersection,Normale,Deux véhicules - arrière,,,,,,,,,,,1,1,1,1.0,2
201200006477,0012-04-14 05:45:00,12,4,14,5,45,880,90,Rue mar?chal Fosh,48.372,6.296,Nuit avec éclairage allumé,En agglomération,Hors intersection,Normale,Autre collision,,,,,,,,,,,5,2,1,1.0,6
201200006478,0012-04-15 16:00:00,12,4,15,16,0,880,480,,48.34579,6.30302,Plein jour,Hors agglomération,Intersection en T,Vent fort / tempête,Deux véhicules - frontale,,,,,,,,,,,1,1,3,6.0,1
201200006479,0012-05-10 00:10:00,12,5,10,0,10,880,166,,48.338,6.29,Nuit avec éclairage allumé,Hors agglomération,Hors intersection,Normale,Autre collision,,,,,,,,,,,5,1,1,1.0,6
201200006480,0012-05-17 06:00:00,12,5,17,6,0,880,90,Route de Saint Germain,48.3867,6.30493,Crépuscule ou aube,Hors agglomération,Hors intersection,Normale,Sans collision,,,,,,,,,,,2,1,1,1.0,7
201200006481,0012-06-01 09:30:00,12,6,1,9,30,880,90,Rue de Madagascar,48.37197,6.29311,Plein jour,En agglomération,Hors intersection,Normale,Autre collision,,,,,,,,,,,1,2,1,1.0,6
201200006482,0012-08-19 11:30:00,12,8,19,11,30,880,90,,48.37931,6.27163,Plein jour,Hors agglomération,Intersection en T,Normale,Deux véhicules - côté,,,,,,,,,,,1,1,3,1.0,3
201200006483,0012-09-28 17:15:00,12,9,28,17,15,880,90,rue claude barr?s,48.371,6.298,Plein jour,En agglomération,Hors intersection,Normale,Deux véhicules - arrière,,,,,,,,,,,1,2,1,1.0,2
201200006484,0012-09-28 12:00:00,12,9,28,12,0,880,163,route de saint germain,48.3778,6.3033,Plein jour,En agglomération,Intersection en X,Normale,Sans collision,,,,,,,,,,,1,2,2,1.0,7
201200006485,0012-10-21 18:00:00,12,10,21,18,0,880,173,,48.36609,6.26928,Plein jour,Hors agglomération,Hors intersection,Normale,Deux véhicules - frontale,,,,,,,,,,,1,1,1,1.0,1
201200006486,0012-10-23 14:00:00,12,10,23,14,0,880,513,31 rue de Lorraine,48.354,6.321,Plein jour,En agglomération,Hors intersection,Normale,Deux véhicules - frontale,,,,,,,,,,,1,2,1,1.0,1
201200006487,0012-12-12 12:45:00,12,12,12,12,45,880,173,,48.364,6.245,Plein jour,Hors agglomération,Hors intersection,Normale,Deux véhicules - arrière,,,,,,,,,,,1,1,1,1.0,2
201200006488,0012-01-12 10:15:00,12,1,12,10,15,880,307,,48.03047,5.80207,Plein jour,Hors agglomération,Hors intersection,Normale,Sans collision,,,,,,,,,,,1,1,1,1.0,7
201200006489,0012-01-23 22:15:00,12,1,23,22,15,880,251,rue st lunguy,48.339,6.683,Nuit avec éclairage allumé,En agglomération,Hors intersection,Temps couvert,Sans collision,,,,,,,,,,,5,2,1,8.0,7
201200006490,0012-07-07 10:45:00,12,7,7,10,45,880,367,,,,Plein jour,Hors agglomération,Hors intersection,Normale,Deux véhicules - frontale,,,,,,,,,,,1,1,1,1.0,1
201200006491,0012-07-09 18:45:00,12,7,9,18,45,880,432,2 bis grande rue,48.43523,6.57817,Plein jour,En agglomération,Hors intersection,Normale,Sans collision,,,,,,,,,,,1,2,1,1.0,7
201200006492,0012-08-12 15:45:00,12,8,12,15,45,880,251,19 Route d'autrey,48.32995,6.6752,Plein jour,En agglomération,Intersection en T,Temps éblouissant,Sans collision,,,,,,,,,,,1,2,3,7.0,7
201200006493,0012-11-01 10:45:00,12,11,1,10,45,880,301,,,,Plein jour,Hors agglomération,Hors intersection,Normale,Deux véhicules - arrière,,,,,,,,,,,1,1,1,1.0,2
201200006494,0012-11-11 07:10:00,12,11,11,7,10,880,301,,48.10972,6.70395,Nuit sans éclairage public,Hors agglomération,Hors intersection,Temps couvert,Sans collision,,,,,,,,,,,3,1,1,8.0,7
201200006495,0012-02-07 20:15:00,12,2,7,20,15,880,94,08 rue du docteur sayer,48.31568,6.38933,Nuit avec éclairage allumé,En agglomération,Hors intersection,Normale,Autre collision,,,,,,,,,,,5,2,1,1.0,6
201200006496,0012-06-14 23:10:00,12,6,14,23,10,880,313,21 rue du faubourg,48.34942,6.43228,Nuit avec éclairage allumé,En agglomération,Hors intersection,Normale,Sans collision,,,,,,,,,,,5,2,1,1.0,7
201200006497,0012-06-17 18:30:00,12,6,17,18,30,880,342,,48.29738,6.43794,Plein jour,Hors agglomération,Intersection en T,Normale,Deux véhicules - frontale,,,,,,,,,,,1,1,3,1.0,1
201200006498,0012-09-29 16:00:00,12,9,29,16,0,880,247,,48.28314,6.39681,Plein jour,Hors agglomération,Hors intersection,Normale,Deux véhicules - côté,,,,,,,,,,,1,1,1,1.0,3
201200006499,0012-10-10 07:45:00,12,10,10,7,45,880,327,rue G?n de gaulle,48.313,6.387,Crépuscule ou aube,En agglomération,Hors intersection,Autre,Deux véhicules - côté,,,,,,,,,,,2,2,1,9.0,3
201200006500,0012-10-15 08:30:00,12,10,15,8,30,880,465,Rue du faubourg de dom?v,48.24151,6.41179,Plein jour,En agglomération,Hors intersection,Normale,Autre collision,,,,,,,,,,,1,2,1,1.0,6
201200006501,0012-10-22 07:45:00,12,10,22,7,45,880,454,,48.25828,6.53738,Crépuscule ou aube,Hors agglomération,Intersection en X,Brouillard / fumée,Deux véhicules - côté,,,,,,,,,,,2,1,2,5.0,3
201200006502,0012-10-24 05:00:00,12,10,24,5,0,880,99,,,,Nuit avec éclairage allumé,Hors agglomération,Autre intersection,Normale,Autre collision,,,,,,,,,,,5,1,9,1.0,6
201200006503,0012-11-24 13:45:00,12,11,24,13,45,880,94,route de Vaxoncourt,48.316,6.398,Plein jour,En agglomération,Hors intersection,Normale,Sans collision,,,,,,,,,,,1,2,1,1.0,7
201200006504,0012-01-27 18:00:00,12,1,27,18,0,880,29,,48.00871,6.27115,Nuit sans éclairage public,Hors agglomération,Intersection en X,Normale,Deux véhicules - côté,,,,,,,,,,,3,1,2,1.0,3
201200006505,0012-03-22 07:50:00,12,3,22,7,50,880,225,,48.10552,6.45852,Plein jour,Hors agglomération,Intersection en X,Normale,Deux véhicules - côté,,,,,,,,,,,1,1,2,1.0,3
201200006506,0012-04-20 15:00:00,12,4,20,15,0,880,176,,48.00567,6.21055,Plein jour,Hors agglomération,Hors intersection,Normale,Sans collision,,,,,,,,,,,1,1,1,1.0,7