accident_id,datetime,annee,mois,jour,heure,minute,departement,commune_insee,adresse,latitude,longitude,luminosite,agglomeration,intersection,meteo,collision,nb_vehicules,nb_usagers,nb_indemnes,nb_tues,nb_blesses_hosp,nb_blesses_legers,age_cond_1,age_cond_2,veh_type_cond_1,veh_type_cond_2,lum_code,agg_code,int_code,atm_code,col_code
201200006772,0012-11-02 12:00:00,12,11,2,12,0,680,317,WETTSTEIN (ROUTE DE),48.07642,7.1001,Plein jour,Hors agglomération,Hors intersection,Pluie légère,Sans collision,,,,,,,,,,,1,1,1,2.0,7
201200006773,0012-06-29 19:00:00,12,6,29,19,0,680,36,,48.04159,7.55589,Plein jour,Hors agglomération,Hors intersection,Normale,Autre collision,,,,,,,,,,,1,1,1,1.0,6
201200006774,0012-08-11 18:45:00,12,8,11,18,45,680,231,,48.01536,7.5219,Plein jour,Hors agglomération,Hors intersection,Normale,Deux véhicules - arrière,,,,,,,,,,,1,1,1,1.0,2
201200006775,0012-10-07 09:30:00,12,10,7,9,30,680,246,D 468,47.98901,7.5359,Plein jour,Hors agglomération,Hors intersection,Temps couvert,Sans collision,,,,,,,,,,,1,1,1,8.0,7
201200006776,0012-10-27 18:45:00,12,10,27,18,45,680,36,,48.04545,7.5385,Nuit sans éclairage public,Hors agglomération,Hors intersection,Pluie forte,Autre collision,,,,,,,,,,,3,1,1,3.0,6
201200006777,0012-11-01 05:45:00,12,11,1,5,45,680,104,D 52,47.9735,7.6101,Nuit sans éclairage public,Hors agglomération,Hors intersection,Normale,Sans collision,,,,,,,,,,,3,1,1,1.0,7
201200006778,0012-12-05 08:30:00,12,12,5,8,30,680,8,,48.02777,7.4728,Plein jour,Hors agglomération,Hors intersection,Pluie légère,Autre collision,,,,,,,,,,,1,1,1,2.0,6
201200006779,0012-12-10 06:00:00,12,12,10,6,0,680,246,D3A3,47.99024,7.571,Nuit sans éclairage public,Hors agglomération,Hors intersection,Temps couvert,Autre collision,,,,,,,,,,,3,1,1,8.0,6
201200006780,0012-01-06 17:45:00,12,1,6,17,45,680,296,,48.222,7.409,Nuit sans éclairage public,Hors agglomération,Hors intersection,Pluie légère,Deux véhicules - frontale,,,,,,,,,,,3,1,1,2.0,1
201200006781,0012-01-08 23:15:00,12,1,8,23,15,680,269,ROUTE DE SAINTE MARIE,48.19801,7.30324,Nuit sans éclairage public,En agglomération,Hors intersection,Normale,Sans collision,,,,,,,,,,,3,2,1,1.0,7
201200006782,0012-04-03 12:30:00,12,4,3,12,30,680,269,RUE DE GAULLE,48.18779,7.32528,Plein jour,En agglomération,Hors intersection,Normale,Deux véhicules - frontale,,,,,,,,,,,1,2,1,1.0,1
201200006783,0012-05-28 15:00:00,12,5,28,15,0,680,285,,48.2195,7.38286,Plein jour,Hors agglomération,Intersection en X,Normale,Deux véhicules - côté,,,,,,,,,,,1,1,2,1.0,3
201200006784,0012-06-16 16:45:00,12,6,16,16,45,680,269,D416,48.18039,7.3411,Plein jour,Hors agglomération,Hors intersection,Normale,Deux véhicules - côté,,,,,,,,,,,1,1,1,1.0,3
201200006785,0012-09-04 10:00:00,12,9,4,10,0,680,269,HOTEL DE VILLE PLACE,48.19505,7.31892,Plein jour,En agglomération,Place,Normale,Autre collision,,,,,,,,,,,1,2,7,1.0,6
201200006786,0012-10-13 16:30:00,12,10,13,16,30,680,383,VIN (15 ROUTE DU),48.17093,7.31943,Plein jour,En agglomération,Hors intersection,Normale,Autre collision,,,,,,,,,,,1,2,1,1.0,6
201200006787,0012-10-15 13:15:00,12,10,15,13,15,680,296,RD 6,48.21879,7.38915,Plein jour,Hors agglomération,Hors intersection,Normale,Deux véhicules - frontale,,,,,,,,,,,1,1,1,1.0,1
201200006788,0012-12-02 10:30:00,12,12,2,10,30,680,269,MARNE (RUE DE LA),48.19382,7.3175,Plein jour,En agglomération,Hors intersection,Pluie légère,Autre collision,,,,,,,,,,,1,2,1,2.0,6
201200006789,0012-12-29 10:45:00,12,12,29,10,45,680,269,HOTEL VILLE(PLACE),48.195,7.3191,Plein jour,En agglomération,Place,Normale,Autre collision,,,,,,,,,,,1,2,7,1.0,6
201200006790,0012-03-29 17:00:00,12,3,29,17,0,680,298,2 B route du Stade,48.23681,7.16956,Plein jour,En agglomération,Hors intersection,Normale,Autre collision,,,,,,,,,,,1,2,1,1.0,6
201200006791,0012-07-02 13:00:00,12,7,2,13,0,680,185,,48.27016,7.32677,Plein jour,Hors agglomération,Hors intersection,Normale,Deux véhicules - frontale,,,,,,,,,,,1,1,1,1.0,1
201200006792,0012-10-21 14:45:00,12,10,21,14,45,680,298,PETITE LIEPVRE,48.22725,7.1522,Plein jour,Hors agglomération,Hors intersection,Normale,Deux véhicules - arrière,,,,,,,,,,,1,1,1,1.0,2
201200006793,0012-08-10 10:30:00,12,8,10,10,30,680,134,,48.02909,7.31289,Plein jour,Hors agglomération,Hors intersection,Normale,Deux véhicules - frontale,,,,,,,,,,,1,1,1,1.0,1
201200006794,0012-09-30 16:30:00,12,9,30,16,30,680,338,D11,48.089,7.252,Plein jour,Hors agglomération,Hors intersection,Normale,Sans collision,,,,,,,,,,,1,1,1,1.0,7
201200006795,0012-10-05 19:15:00,12,10,5,19,15,680,338,COLMAR (ROUTE DE ),48.08587,7.28007,Crépuscule ou aube,En agglomération,Passage à niveau,Normale,Deux véhicules - frontale,,,,,,,,,,,2,2,8,1.0,1
201200006796,0012-11-28 18:45:00,12,11,28,18,45,680,374,,48.07808,7.2665,Nuit sans éclairage public,Hors agglomération,Hors intersection,Pluie forte,Deux véhicules - frontale,,,,,,,,,,,3,1,1,3.0,1
201200006797,0012-12-14 18:45:00,12,12,14,18,45,680,374,D 83,48.0869,7.3137,Nuit sans éclairage public,Hors agglomération,Hors intersection,Pluie légère,Autre collision,,,,,,,,,,,3,1,1,2.0,6
201200006798,0012-03-23 17:00:00,12,3,23,17,0,680,139,CD 17,47.58839,7.2178,Plein jour,Hors agglomération,Hors intersection,Normale,Autre collision,,,,,,,,,,,1,1,1,1.0,6
201200006799,0012-07-19 12:15:00,12,7,19,12,15,680,355,REPUBLIQUE (RUE DE),47.55353,7.3144,Plein jour,En agglomération,Intersection en X,Normale,Deux véhicules - côté,,,,,,,,,,,1,2,2,1.0,3
201200006800,0012-07-31 17:45:00,12,7,31,17,45,680,75,,47.531,7.3442,Plein jour,Hors agglomération,Hors intersection,Normale,Deux véhicules - frontale,,,,,,,,,,,1,1,1,1.0,1
201200006801,0012-08-03 13:30:00,12,8,3,13,30,680,62,D419,47.6296,7.1956,Plein jour,Hors agglomération,Intersection en X,Normale,Deux véhicules - côté,,,,,,,,,,,1,1,2,1.0,3
201200006802,0012-08-21 13:15:00,12,8,21,13,15,680,138,BETTENDORF ( 7 RUE),47.586,7.25833,Plein jour,En agglomération,Hors intersection,Normale,Autre collision,,,,,,,,,,,1,2,1,1.0,6
201200006803,0012-11-26 07:15:00,12,11,26,7,15,680,27,RUE PRINCIPALE,47.58716,7.386,Plein jour,En agglomération,Hors intersection,Normale,Autre collision,,,,,,,,,,,1,2,1,1.0,6
201200006804,0012-11-30 11:00:00,12,11,30,11,0,680,75,,47.52591,7.3214,Plein jour,Hors agglomération,Hors intersection,Temps couvert,Sans collision,,,,,,,,,,,1,1,1,8.0,7
201200006805,0012-01-17 17:00:00,12,1,17,17,0,680,68,27 rue de bale,47.63042,7.12168,Nuit avec éclairage allumé,En agglomération,Hors intersection,Normale,Autre collision,,,,,,,,,,,5,2,1,1.0,6
201200006806,0012-02-22 16:15:00,12,2,22,16,15,680,68,Rue de la Brigade Alsace,47.63102,7.11521,Plein jour,En agglomération,Giratoire,Temps éblouissant,Autre collision,,,,,,,,,,,1,2,6,7.0,6
201200006807,0012-04-21 05:00:00,12,4,21,5,0,680,152,D18 5,47.68404,7.2646,Nuit sans éclairage public,Hors agglomération,Hors intersection,Pluie légère,Autre collision,,,,,,,,,,,3,1,1,2.0,6
201200006808,0012-03-11 16:15:00,12,3,11,16,15,680,87,CD 432,47.52778,7.272,Plein jour,Hors agglomération,Hors intersection,Normale,Autre collision,,,,,,,,,,,1,1,1,1.0,6
201200006809,0012-05-01 17:45:00,12,5,1,17,45,680,299,rue des bergronnette/D7b,47.59865,7.11914,Plein jour,En agglomération,Intersection en T,Normale,Deux véhicules - côté,,,,,,,,,,,1,2,3,1.0,3
201200006810,0012-05-11 12:30:00,12,5,11,12,30,680,176,,47.55359,7.18191,Plein jour,Hors agglomération,Hors intersection,Normale,Sans collision,,,,,,,,,,,1,1,1,1.0,7
201200006811,0012-05-27 20:00:00,12,5,27,20,0,680,165,,47.44099,7.32745,Plein jour,Hors agglomération,Hors intersection,Normale,Sans collision,,,,,,,,,,,1,1,1,1.0,7
201200006812,0012-06-16 05:15:00,12,6,16,5,15,680,128,10 rue des abeilles,47.56629,7.23836,Crépuscule ou aube,En agglomération,Hors intersection,Normale,Autre collision,,,,,,,,,,,2,2,1,1.0,6
201200006813,0012-07-06 15:15:00,12,7,6,15,15,680,299,route de suarce,47.57521,7.09806,Plein jour,Hors agglomération,Hors intersection,Normale,Deux véhicules - frontale,,,,,,,,,,,1,1,1,1.0,1
201200006814,0012-07-16 18:45:00,12,7,16,18,45,680,380,2 rue du Moulin,47.46198,7.40874,Plein jour,En agglomération,Hors intersection,Normale,Autre collision,,,,,,,,,,,1,2,1,1.0,6
201200006815,0012-10-21 04:45:00,12,10,21,4,45,680,380,,47.4707,7.4171,Nuit sans éclairage public,Hors agglomération,Hors intersection,Normale,Sans collision,,,,,,,,,,,3,1,1,1.0,7
201200006816,0012-11-25 17:00:00,12,11,25,17,0,680,248,PRINCIPALE (54 RUE),47.48906,7.39399,Nuit avec éclairage allumé,Hors agglomération,Hors intersection,Normale,Deux véhicules - frontale,,,,,,,,,,,5,1,1,1.0,1
201200006817,0012-12-24 10:15:00,12,12,24,10,15,680,90,PREMIERE ARMEE (14 RUE),,,Crépuscule ou aube,En agglomération,Hors intersection,Normale,Deux véhicules - arrière,,,,,,,,,,,2,2,1,1.0,2
201200006818,0012-02-27 17:30:00,12,2,27,17,30,680,235,,47.99074,7.38781,Plein jour,Hors agglomération,Hors intersection,Normale,Deux véhicules - côté,,,,,,,,,,,1,1,1,1.0,3
201200006819,0012-03-12 19:30:00,12,3,12,19,30,680,266,CD201 - RD 47,47.89772,7.35298,Nuit avec éclairage allumé,En agglomération,Hors intersection,Normale,Autre collision,,,,,,,,,,,5,2,1,1.0,6
201200006820,0012-05-05 19:30:00,12,5,5,19,30,680,91,50 Rue De La Lib?ration,47.91485,7.53788,Plein jour,En agglomération,Hors intersection,Normale,Deux véhicules - côté,,,,,,,,,,,1,2,1,1.0,3
201200006821,0012-05-29 07:30:00,12,5,29,7,30,680,91,,47.91851,7.52089,Plein jour,Hors agglomération,Intersection en T,Normale,Deux véhicules - côté,,,,,,,,,,,1,1,3,1.0,3
201200006822,0012-06-09 13:45:00,12,6,9,13,45,680,82,RD 2,47.8677,7.34892,Plein jour,En agglomération,Hors intersection,Temps éblouissant,Deux véhicules - frontale,,,,,,,,,,,1,2,1,7.0,1
201200006823,0012-07-02 19:00:00,12,7,2,19,0,680,225,rue de Hirtzfelden,,,Plein jour,En agglomération,Intersection en X,Normale,Deux véhicules - côté,,,,,,,,,,,1,2,2,1.0,3
201200006824,0012-10-19 11:45:00,12,10,19,11,45,680,291,,47.85559,7.5176,Plein jour,Hors agglomération,Hors intersection,Temps éblouissant,Deux véhicules - arrière,,,,,,,,,,,1,1,1,7.0,2
201200006825,0012-01-26 08:30:00,12,1,26,8,30,680,343,Rue Ensisheim,47.8748,7.31997,Plein jour,En agglomération,Hors intersection,Normale,Deux véhicules - frontale,,,,,,,,,,,1,2,1,1.0,1
201200006826,0012-02-19 17:45:00,12,2,19,17,45,680,111,CD 1A5,48.00661,7.27586,Nuit sans éclairage public,Hors agglomération,Hors intersection,Neige / grêle,Sans collision,,,,,,,,,,,3,1,1,4.0,7
201200006827,0012-07-12 05:30:00,12,7,12,5,30,680,260,D 430,47.88411,7.2627,Crépuscule ou aube,Hors agglomération,Hors intersection,Normale,Autre collision,,,,,,,,,,,2,1,1,1.0,6
201200006828,0012-07-31 18:30:00,12,7,31,18,30,680,364,34 RUE SAINT BLAISE,47.95299,7.25982,Plein jour,Hors agglomération,Hors intersection,Normale,Deux véhicules - côté,,,,,,,,,,,1,1,1,1.0,3
201200006829,0012-11-10 13:00:00,12,11,10,13,0,680,260,CD4 B,47.88359,7.2938,Plein jour,Hors agglomération,Hors intersection,Pluie forte,Autre collision,,,,,,,,,,,1,1,1,3.0,6
201200006830,0012-05-18 09:15:00,12,5,18,9,15,680,154,AVENUE DE LYON,47.76983,7.3809,Plein jour,En agglomération,Hors intersection,Normale,Deux véhicules - arrière,,,,,,,,,,,1,2,1,1.0,2
201200006831,0012-09-06 12:30:00,12,9,6,12,30,680,154,BERNE (rue de),47.77259,7.3878,Plein jour,En agglomération,Hors intersection,Normale,Deux véhicules - côté,,,,,,,,,,,1,2,1,1.0,3
201200006832,0012-10-04 08:45:00,12,10,4,8,45,680,154,ILE NAPOLEON(ROND POINT),47.77076,7.38748,Plein jour,En agglomération,Giratoire,Normale,Deux véhicules - côté,,,,,,,,,,,1,2,6,1.0,3
201200006833,0012-11-05 13:45:00,12,11,5,13,45,680,154,PIERRE CURIE(7 RUE),47.76722,7.3643,Plein jour,En agglomération,Hors intersection,Normale,Deux véhicules - frontale,,,,,,,,,,,1,2,1,1.0,1
201200006834,0012-01-10 19:30:00,12,1,10,19,30,680,270,rue de Kingersheim,47.78794,7.28321,Nuit sans éclairage public,Hors agglomération,Hors intersection,Normale,Deux véhicules - frontale,,,,,,,,,,,3,1,1,1.0,1
201200006835,0012-02-11 20:30:00,12,2,11,20,30,680,270,45 RUE PRINCIPALE,47.77911,7.2837,Nuit avec éclairage allumé,En agglomération,Hors intersection,Normale,Deux véhicules - côté,,,,,,,,,,,5,2,1,1.0,3
201200006836,0012-03-12 16:45:00,12,3,12,16,45,680,55,Rue de Brunstatt,47.70399,7.35717,Plein jour,En agglomération,Intersection en X,Normale,Deux véhicules - côté,,,,,,,,,,,1,2,2,1.0,3
201200006837,0012-09-21 10:00:00,12,9,21,10,0,680,267,RD 20,47.75727,7.18965,Plein jour,Hors agglomération,Hors intersection,Normale,Autre collision,,,,,,,,,,,1,1,1,1.0,6
201200006838,0012-02-07 14:45:00,12,2,7,14,45,680,286,rue de saint louis,47.62863,7.54394,Plein jour,En agglomération,Intersection en T,Normale,Deux véhicules - côté,,,,,,,,,,,1,2,3,1.0,3
201200006839,0012-02-02 19:30:00,12,2,2,19,30,680,349,D105,47.60056,7.58804,Crépuscule ou aube,Hors agglomération,Hors intersection,Neige / grêle,Autre collision,,,,,,,,,,,2,1,1,4.0,6
201200006840,0012-03-21 23:15:00,12,3,21,23,15,680,349,57 rue de huningue,47.60298,7.57462,Nuit avec éclairage allumé,En agglomération,Hors intersection,Normale,Autre collision,,,,,,,,,,,5,2,1,1.0,6
201200006841,0012-04-12 17:00:00,12,4,12,17,0,680,120,17 avenue Souprosse,47.52489,7.478,Plein jour,En agglomération,Hors intersection,Normale,Deux véhicules - arrière,,,,,,,,,,,1,2,1,1.0,2
201200006842,0012-04-30 16:15:00,12,4,30,16,15,680,135,,47.5727,7.501,Plein jour,Hors agglomération,Giratoire,Normale,Sans collision,,,,,,,,,,,1,1,6,1.0,7
201200006843,0012-07-10 17:30:00,12,7,10,17,30,680,264,,47.58958,7.42016,Plein jour,Hors agglomération,Hors intersection,Normale,Deux véhicules - côté,,,,,,,,,,,1,1,1,1.0,3
201200006844,0012-07-11 05:15:00,12,7,11,5,15,680,349,PALMRAIN ROND POINT,47.6007,7.5898,Nuit avec éclairage allumé,En agglomération,Giratoire,Normale,Sans collision,,,,,,,,,,,5,2,6,1.0,7
201200006845,0012-09-27 16:45:00,12,9,27,16,45,680,121,PRINCIPALE (RUE),47.52068,7.46909,Plein jour,En agglomération,Hors intersection,Normale,Deux véhicules - arrière,,,,,,,,,,,1,2,1,1.0,2
201200006846,0012-10-07 03:00:00,12,10,7,3,0,680,135,CD 105,47.5825,7.5165,Nuit sans éclairage public,Hors agglomération,Hors intersection,Pluie légère,Deux véhicules - frontale,,,,,,,,,,,3,1,1,2.0,1
201200006847,0012-10-15 21:00:00,12,10,15,21,0,680,208,,47.55872,7.42707,Nuit sans éclairage public,Hors agglomération,Hors intersection,Normale,Autre collision,,,,,,,,,,,3,1,1,1.0,6
201200006848,0012-01-01 05:00:00,12,1,1,5,0,680,163,,47.67266,7.49842,Nuit sans éclairage public,Hors agglomération,Hors intersection,Normale,Autre collision,,,,,,,,,,,3,1,1,1.0,6
201200006849,0012-02-04 05:30:00,12,2,4,5,30,680,309,,47.66581,7.47261,Nuit sans éclairage public,Hors agglomération,Hors intersection,Neige / grêle,Autre collision,,,,,,,,,,,3,1,1,4.0,6
201200006850,0012-02-21 09:45:00,12,2,21,9,45,680,21,20 rue du Rhin,47.63969,7.51237,Plein jour,En agglomération,Hors intersection,Normale,Autre collision,,,,,,,,,,,1,2,1,1.0,6
201200006851,0012-07-29 15:00:00,12,7,29,15,0,680,353,,47.62868,7.3405,Plein jour,Hors agglomération,Hors intersection,Normale,Sans collision,,,,,,,,,,,1,1,1,1.0,7
201200006852,0012-08-03 23:00:00,12,8,3,23,0,680,324,PRINCIPALE( 57 RUE),47.66033,7.34805,Nuit avec éclairage allumé,En agglomération,Hors intersection,Normale,Deux véhicules - frontale,,,,,,,,,,,5,2,1,1.0,1
201200006853,0012-01-27 09:30:00,12,1,27,9,30,680,40,RN 66,47.82528,7.08137,Plein jour,En agglomération,Intersection en T,Pluie légère,Deux véhicules - côté,,,,,,,,,,,1,2,3,2.0,3
201200006854,0012-03-13 15:15:00,12,3,13,15,15,680,348,Rue Pienoz Kachler,47.80261,7.11796,Plein jour,En agglomération,Hors intersection,Normale,Deux véhicules - arrière,,,,,,,,,,,1,2,1,1.0,2
201200006855,0012-05-28 11:15:00,12,5,28,11,15,680,106,,47.88551,7.12054,Plein jour,Hors agglomération,Hors intersection,Normale,Deux véhicules - frontale,,,,,,,,,,,1,1,1,1.0,1
201200006856,0012-08-01 13:30:00,12,8,1,13,30,680,106,,47.8729,7.1277,Plein jour,Hors agglomération,Hors intersection,Normale,Deux véhicules - frontale,,,,,,,,,,,1,1,1,1.0,1
201200006857,0012-10-09 05:45:00,12,10,9,5,45,680,334,VOSGES  (FAUBOURG),47.8178,7.0846,Nuit avec éclairage allumé,En agglomération,Hors intersection,Pluie légère,Trois véhicules et plus - collisions multiples,,,,,,,,,,,5,2,1,2.0,5
201200006858,0012-12-08 15:00:00,12,12,8,15,0,680,12,D 34,47.78697,7.151,Plein jour,Hors agglomération,Hors intersection,Neige / grêle,Deux véhicules - frontale,,,,,,,,,,,1,1,1,4.0,1
201200006859,0012-03-31 17:15:00,12,3,31,17,15,680,63,72 rue de thann,47.81133,7.16055,Plein jour,Hors agglomération,Hors intersection,Normale,Deux véhicules - côté,,,,,,,,,,,1,1,1,1.0,3
201200006860,0012-07-27 19:45:00,12,7,27,19,45,680,342,,47.82939,7.16312,Plein jour,Hors agglomération,Hors intersection,Normale,Deux véhicules - frontale,,,,,,,,,,,1,1,1,1.0,1
201200006861,0012-08-04 18:30:00,12,8,4,18,30,680,322,RD 35 A2,47.81242,7.1656,Plein jour,En agglomération,Hors intersection,Normale,Deux véhicules - côté,,,,,,,,,,,1,2,1,1.0,3
201200006862,0012-09-14 17:15:00,12,9,14,17,15,680,342,D 431,47.85361,7.14372,Plein jour,Hors agglomération,Hors intersection,Normale,Autre collision,,,,,,,,,,,1,1,1,1.0,6
201200006863,0012-09-20 18:15:00,12,9,20,18,15,680,63,CH DE GAULLE (RUE),47.80178,7.18097,Plein jour,En agglomération,Hors intersection,Normale,Deux véhicules - frontale,,,,,,,,,,,1,2,1,1.0,1
201200006864,0012-10-17 17:15:00,12,10,17,17,15,680,63,POINCARE (14 RUE),47.80809,7.17565,Plein jour,En agglomération,Hors intersection,Normale,Deux véhicules - côté,,,,,,,,,,,1,2,1,1.0,3
201200006865,0012-11-09 18:15:00,12,11,9,18,15,680,63,BELFORT ( 39 FG DE),47.802,7.175,Nuit avec éclairage allumé,En agglomération,Hors intersection,Normale,Autre collision,,,,,,,,,,,5,2,1,1.0,6
201200006866,0012-12-20 13:00:00,12,12,20,13,0,680,63,8 MAI ( 4 RUE),47.8,7.1746,Plein jour,En agglomération,Hors intersection,Pluie légère,Autre collision,,,,,,,,,,,1,2,1,2.0,6
201200006867,0012-01-06 18:45:00,12,1,6,18,45,680,89,route nationale,47.88858,6.99774,Nuit avec éclairage allumé,En agglomération,Hors intersection,Pluie légère,Autre collision,,,,,,,,,,,5,2,1,2.0,6
201200006868,0012-04-17 16:15:00,12,4,17,16,15,680,102,SAINT AMARIN (25 RUE),47.88503,7.05276,Plein jour,En agglomération,Hors intersection,Normale,Autre collision,,,,,,,,,,,1,2,1,1.0,6
201200006869,0012-05-26 17:30:00,12,5,26,17,30,680,171,CD 13 B,47.94123,6.96167,Plein jour,Hors agglomération,Hors intersection,Normale,Deux véhicules - côté,,,,,,,,,,,1,1,1,1.0,3
201200006870,0012-07-31 16:00:00,12,7,31,16,0,680,171,,47.9563,6.9906,Plein jour,Hors agglomération,Hors intersection,Normale,Sans collision,,,,,,,,,,,1,1,1,1.0,7
201200006871,0012-09-23 15:45:00,12,9,23,15,45,680,247,D 27,47.9483,6.9955,Plein jour,Hors agglomération,Hors intersection,Normale,Deux véhicules - frontale,,,,,,,,,,,1,1,1,1.0,1
201200006872,0012-10-05 16:30:00,12,10,5,16,30,680,171,D 430,47.96259,6.9963,Plein jour,Hors agglomération,Hors intersection,Normale,Deux véhicules - frontale,,,,,,,,,,,1,1,1,1.0,1
201200006873,0012-10-21 18:00:00,12,10,21,18,0,680,370,D 430,48.00325,6.9775,Plein jour,Hors agglomération,Hors intersection,Normale,Deux véhicules - frontale,,,,,,,,,,,1,1,1,1.0,1
201200006874,0012-11-07 22:30:00,12,11,7,22,30,680,151,RANSPACH (RUE),47.88391,6.9997,Nuit sans éclairage public,Hors agglomération,Hors intersection,Normale,Deux véhicules - frontale,,,,,,,,,,,3,1,1,1.0,1
201200006875,0012-06-14 14:45:00,12,6,14,14,45,680,304,rue de soppe le haut,47.75219,7.05378,Plein jour,En agglomération,Hors intersection,Normale,Deux véhicules - côté,,,,,,,,,,,1,2,1,1.0,3
201200006876,0012-07-23 18:00:00,12,7,23,18,0,680,31,,47.70346,7.17351,Plein jour,Hors agglomération,Hors intersection,Normale,Autre collision,,,,,,,,,,,1,1,1,1.0,6
201200006877,0012-11-13 15:45:00,12,11,13,15,45,680,313,,47.716,7.076,Crépuscule ou aube,Hors agglomération,Hors intersection,Normale,Trois véhicules et plus - en chaîne,,,,,,,,,,,2,1,1,1.0,4
201200006878,0012-03-22 19:15:00,12,3,22,19,15,510,357,RUE DU MOULIN,,,Nuit avec éclairage allumé,En agglomération,Hors intersection,Normale,Autre collision,,,,,,,,,,,5,2,1,1.0,6
201200006879,0012-07-18 07:00:00,12,7,18,7,0,510,617,N44,,,Plein jour,Hors agglomération,Intersection en T,Normale,Deux véhicules - frontale,,,,,,,,,,,1,1,3,1.0,1
201200006880,0012-09-06 20:45:00,12,9,6,20,45,510,278,D944,,,Crépuscule ou aube,Hors agglomération,Hors intersection,Normale,Trois véhicules et plus - collisions multiples,,,,,,,,,,,2,1,1,1.0,5
201200006881,0012-12-15 18:00:00,12,12,15,18,0,510,617,D21,,,Nuit sans éclairage public,Hors agglomération,Hors intersection,Pluie légère,Autre collision,,,,,,,,,,,3,1,1,2.0,6
201200006882,0012-06-01 14:30:00,12,6,1,14,30,510,193,D994,,,Plein jour,Hors agglomération,Hors intersection,Normale,Deux véhicules - côté,,,,,,,,,,,1,1,1,1.0,3
201200006883,0012-01-02 07:00:00,12,1,2,7,0,510,203,D977,,,Crépuscule ou aube,Hors agglomération,Hors intersection,Pluie légère,Autre collision,,,,,,,,,,,2,1,1,2.0,6
201200006884,0012-01-15 05:30:00,12,1,15,5,30,510,486,D19,,,Nuit sans éclairage public,Hors agglomération,Hors intersection,Autre,Autre collision,,,,,,,,,,,3,1,1,9.0,6
201200006885,0012-03-29 07:00:00,12,3,29,7,0,510,326,D944,,,Crépuscule ou aube,Hors agglomération,Giratoire,Normale,Deux véhicules - arrière,,,,,,,,,,,2,1,6,1.0,2
201200006886,0012-05-20 15:15:00,12,5,20,15,15,510,599,D944,,,Plein jour,Hors agglomération,Giratoire,Temps couvert,Sans collision,,,,,,,,,,,1,1,6,8.0,7
201200006887,0012-06-13 08:15:00,12,6,13,8,15,510,544,D977,,,Plein jour,Hors agglomération,Hors intersection,Pluie légère,Autre collision,,,,,,,,,,,1,1,1,2.0,6
201200006888,0012-06-30 18:00:00,12,6,30,18,0,510,544,D977,,,Plein jour,Hors agglomération,Hors intersection,Normale,Trois véhicules et plus - collisions multiples,,,,,,,,,,,1,1,1,1.0,5
201200006889,0012-07-10 07:15:00,12,7,10,7,15,510,544,D977,,,Plein jour,Hors agglomération,Hors intersection,Normale,Deux véhicules - frontale,,,,,,,,,,,1,1,1,1.0,1
201200006890,0012-07-05 17:00:00,12,7,5,17,0,510,559,D931/VC,,,Plein jour,Hors agglomération,Intersection en X,Pluie forte,Deux véhicules - côté,,,,,,,,,,,1,1,2,3.0,3
201200006891,0012-09-06 09:45:00,12,9,6,9,45,510,326,D21,,,Plein jour,Hors agglomération,Hors intersection,Normale,Deux véhicules - côté,,,,,,,,,,,1,1,1,1.0,3
201200006892,0012-09-17 13:45:00,12,9,17,13,45,510,78,D994,,,Plein jour,En agglomération,Passage à niveau,Normale,Deux véhicules - frontale,,,,,,,,,,,1,2,8,1.0,1
201200006893,0012-09-27 14:00:00,12,9,27,14,0,510,485,D208,,,Plein jour,En agglomération,Hors intersection,Temps couvert,Deux véhicules - arrière,,,,,,,,,,,1,2,1,8.0,2
201200006894,0012-09-28 06:45:00,12,9,28,6,45,510,31,D35/D235,,,Nuit sans éclairage public,Hors agglomération,Intersection en X,Normale,Deux véhicules - côté,,,,,,,,,,,3,1,2,1.0,3
201200006895,0012-10-08 14:45:00,12,10,8,14,45,510,544,D977,,,Plein jour,Hors agglomération,Hors intersection,Pluie légère,Autre collision,,,,,,,,,,,1,1,1,2.0,6
201200006896,0012-10-30 07:45:00,12,10,30,7,45,510,587,D994,,,Crépuscule ou aube,En agglomération,Hors intersection,Normale,Deux véhicules - frontale,,,,,,,,,,,2,2,1,1.0,1
201200006897,0012-10-31 10:00:00,12,10,31,10,0,510,559,D977/D931,,,Plein jour,En agglomération,Intersection en T,Normale,Deux véhicules - côté,,,,,,,,,,,1,2,3,1.0,3
201200006898,0012-02-09 17:00:00,12,2,9,17,0,510,107,D933,,,Nuit sans éclairage public,Hors agglomération,Hors intersection,Normale,Trois véhicules et plus - collisions multiples,,,,,,,,,,,3,1,1,1.0,5
201200006899,0012-03-27 12:30:00,12,3,27,12,30,510,29,46rue du rempart du midi,,,Plein jour,En agglomération,Hors intersection,Normale,Autre collision,,,,,,,,,,,1,2,1,1.0,6
201200006900,0012-04-14 16:00:00,12,4,14,16,0,510,434,D3,,,Plein jour,Hors agglomération,Hors intersection,Normale,Autre collision,,,,,,,,,,,1,1,1,1.0,6