accident_id,datetime,annee,mois,jour,heure,minute,departement,commune_insee,adresse,latitude,longitude,luminosite,agglomeration,intersection,meteo,collision,nb_vehicules,nb_usagers,nb_indemnes,nb_tues,nb_blesses_hosp,nb_blesses_legers,age_cond_1,age_cond_2,veh_type_cond_1,veh_type_cond_2,lum_code,agg_code,int_code,atm_code,col_code
201200007038,0012-05-03 18:30:00,12,5,3,18,30,100,80,face au 45 grande rue,48.06023,4.14316,Plein jour,En agglomération,Hors intersection,Normale,Deux véhicules - frontale,,,,,,,,,,,1,2,1,1.0,1
201200007039,0012-06-09 17:30:00,12,6,9,17,30,100,122,10 rue combattants d'AFN,48.04415,3.9349,Plein jour,En agglomération,Hors intersection,Normale,Deux véhicules - frontale,,,,,,,,,,,1,2,1,1.0,1
201200007040,0012-07-22 07:30:00,12,7,22,7,30,100,177,,48.15275,4.0169,Plein jour,Hors agglomération,Hors intersection,Normale,Autre collision,,,,,,,,,,,1,1,1,1.0,6
201200007041,0012-09-07 15:45:00,12,9,7,15,45,100,441,,48.124,3.834,Plein jour,Hors agglomération,Hors intersection,Normale,Autre collision,,,,,,,,,,,1,1,1,1.0,6
201200007042,0012-09-11 22:00:00,12,9,11,22,0,100,98,RUE HAUTE,47.97693,4.1087,Nuit avec éclairage allumé,En agglomération,Hors intersection,Normale,Autre collision,,,,,,,,,,,5,2,1,1.0,6
201200007043,0012-04-17 16:15:00,12,4,17,16,15,100,30,,48.32753,4.03253,Plein jour,Hors agglomération,Hors intersection,Normale,Deux véhicules - frontale,,,,,,,,,,,1,1,1,1.0,1
201200007044,0012-07-14 03:30:00,12,7,14,3,30,100,340,31 rue de champagne,48.25084,4.03133,Nuit avec éclairage allumé,En agglomération,Hors intersection,Pluie forte,Autre collision,,,,,,,,,,,5,2,1,3.0,6
201200007045,0012-08-10 20:15:00,12,8,10,20,15,100,248,,48.29957,3.95094,Plein jour,Hors agglomération,Hors intersection,Normale,Autre collision,,,,,,,,,,,1,1,1,1.0,6
201200007046,0012-11-02 09:15:00,12,11,2,9,15,100,173,,,,Plein jour,Hors agglomération,Hors intersection,Temps couvert,Deux véhicules - frontale,,,,,,,,,,,1,1,1,8.0,1
201200007047,0012-12-16 00:01:00,12,12,16,0,1,100,349,,,,Nuit sans éclairage public,Hors agglomération,Hors intersection,Normale,Autre collision,,,,,,,,,,,3,1,1,1.0,6
201200007048,0012-02-03 19:15:00,12,2,3,19,15,100,319,,48.218,3.626,Nuit sans éclairage public,Hors agglomération,Hors intersection,Normale,Sans collision,,,,,,,,,,,3,1,1,1.0,7
201200007049,0012-04-17 21:00:00,12,4,17,21,0,100,444,rue de l'ancien moulin,48.23272,3.62231,Nuit avec éclairage allumé,En agglomération,Intersection en X,Normale,Deux véhicules - côté,,,,,,,,,,,5,2,2,1.0,3
201200007050,0012-07-29 10:30:00,12,7,29,10,30,100,3,,48.202,3.727,Plein jour,Hors agglomération,Hors intersection,Normale,Deux véhicules - frontale,,,,,,,,,,,1,1,1,1.0,1
201200007051,0012-12-07 17:30:00,12,12,7,17,30,100,142,,48.272,3.807,Nuit avec éclairage allumé,En agglomération,Hors intersection,Pluie légère,Autre collision,,,,,,,,,,,5,2,1,2.0,6
201200007052,0012-01-23 18:15:00,12,1,23,18,15,100,245,,48.26228,4.22001,Crépuscule ou aube,Hors agglomération,Hors intersection,Pluie légère,Autre collision,,,,,,,,,,,2,1,1,2.0,6
201200007053,0012-02-15 16:15:00,12,2,15,16,15,100,110,,48.26159,4.23997,Plein jour,Hors agglomération,Hors intersection,Normale,Trois véhicules et plus - collisions multiples,,,,,,,,,,,1,1,1,1.0,5
201200007054,0012-06-18 17:50:00,12,6,18,17,50,100,209,,48.26265,4.24788,Plein jour,Hors agglomération,Intersection en X,Normale,Deux véhicules - côté,,,,,,,,,,,1,1,2,1.0,3
201200007055,0012-08-19 08:00:00,12,8,19,8,0,100,165,48 rue du Gal. Bertrand,,,Plein jour,En agglomération,Hors intersection,Normale,Autre collision,,,,,,,,,,,1,2,1,1.0,6
201200007056,0012-12-03 08:30:00,12,12,3,8,30,100,239,RD 960 la belle epine,,,Plein jour,En agglomération,Hors intersection,Neige / grêle,Trois véhicules et plus - collisions multiples,,,,,,,,,,,1,2,1,4.0,5
201200007057,0012-01-14 18:45:00,12,1,14,18,45,100,215,intersection RD619/CD112,48.246,4.539,Nuit avec éclairage allumé,En agglomération,Intersection en X,Normale,Deux véhicules - côté,,,,,,,,,,,5,2,2,1.0,3
201200007058,0012-01-21 08:45:00,12,1,21,8,45,100,33,Bld de la Republique,48.2311,4.70434,Plein jour,En agglomération,Intersection en X,Pluie légère,Deux véhicules - côté,,,,,,,,,,,1,2,2,2.0,3
201200007059,0012-04-19 20:45:00,12,4,19,20,45,100,401,,48.26044,4.49222,Plein jour,Hors agglomération,Hors intersection,Normale,Deux véhicules - frontale,,,,,,,,,,,1,1,1,1.0,1
201200007060,0012-08-17 16:45:00,12,8,17,16,45,100,5,,48.27985,4.51025,Plein jour,Hors agglomération,Intersection en X,Normale,Deux véhicules - côté,,,,,,,,,,,1,1,2,1.0,3
201200007061,0012-01-04 11:30:00,12,1,4,11,30,100,64,,48.405,4.532,Plein jour,Hors agglomération,Autre intersection,Normale,Deux véhicules - côté,,,,,,,,,,,1,1,9,1.0,3
201200007062,0012-02-23 16:00:00,12,2,23,16,0,100,286,rue de la Potence,48.34591,4.60061,Plein jour,En agglomération,Hors intersection,Normale,Autre collision,,,,,,,,,,,1,2,1,1.0,6
201200007063,0012-04-08 09:45:00,12,4,8,9,45,100,389,,48.33644,4.56241,Plein jour,Hors agglomération,Hors intersection,Normale,Autre collision,,,,,,,,,,,1,1,1,1.0,6
201200007064,0012-04-23 12:30:00,12,4,23,12,30,100,345,,48.4164,4.49384,Plein jour,Hors agglomération,Hors intersection,Temps couvert,Sans collision,,,,,,,,,,,1,1,1,8.0,7
201200007065,0012-09-29 18:45:00,12,9,29,18,45,100,445,Routes de vielles vignes,,,Plein jour,En agglomération,Hors intersection,Normale,Autre collision,,,,,,,,,,,1,2,1,1.0,6
201200007066,0012-11-19 16:15:00,12,11,19,16,15,100,184,,48.426,4.627,Plein jour,Hors agglomération,Hors intersection,Temps éblouissant,Deux véhicules - côté,,,,,,,,,,,1,1,1,7.0,3
201200007067,0012-11-23 16:15:00,12,11,23,16,15,100,63,44 rue alexandre hugot,48.377,4.531,Plein jour,En agglomération,Hors intersection,Normale,Deux véhicules - frontale,,,,,,,,,,,1,2,1,1.0,1
201200007068,0012-12-12 17:30:00,12,12,12,17,30,100,94,,48.513,4.548,Crépuscule ou aube,Hors agglomération,Hors intersection,Temps couvert,Autre collision,,,,,,,,,,,2,1,1,8.0,6
201200007069,0012-02-12 06:30:00,12,2,12,6,30,100,317,25 rue de Vaucelles,,,Crépuscule ou aube,En agglomération,Hors intersection,Normale,Autre collision,,,,,,,,,,,2,2,1,1.0,6
201200007070,0012-02-15 07:45:00,12,2,15,7,45,100,199,GRANDE RUE,48.06415,4.50301,Crépuscule ou aube,En agglomération,Hors intersection,Autre,Deux véhicules - frontale,,,,,,,,,,,2,2,1,9.0,1
201200007071,0012-03-07 14:45:00,12,3,7,14,45,100,232,,48.10232,4.38728,Plein jour,Hors agglomération,Hors intersection,Normale,Deux véhicules - côté,,,,,,,,,,,1,1,1,1.0,3
201200007072,0012-04-13 07:45:00,12,4,13,7,45,100,358,,48.16358,4.23019,Plein jour,Hors agglomération,Hors intersection,Normale,Deux véhicules - arrière,,,,,,,,,,,1,1,1,1.0,2
201200007073,0012-07-25 07:45:00,12,7,25,7,45,100,111,Grande rue,48.02004,4.44418,Plein jour,En agglomération,Hors intersection,Normale,Sans collision,,,,,,,,,,,1,2,1,1.0,7
201200007074,0012-09-02 07:45:00,12,9,2,7,45,100,358,Boulevard Fran?ois MOTRE,48.173,4.222,Plein jour,En agglomération,Hors intersection,Normale,Autre collision,,,,,,,,,,,1,2,1,1.0,6
201200007075,0012-09-17 06:45:00,12,9,17,6,45,100,437,rue Roger dossot,,,Crépuscule ou aube,En agglomération,Hors intersection,Normale,Deux véhicules - frontale,,,,,,,,,,,2,2,1,1.0,1
201200007076,0012-10-15 17:45:00,12,10,15,17,45,100,68,,,,Plein jour,Hors agglomération,Intersection en X,Normale,Deux véhicules - côté,,,,,,,,,,,1,1,2,1.0,3
201200007077,0012-03-20 15:30:00,12,3,20,15,30,100,208,,48.38759,3.44407,Plein jour,Hors agglomération,Hors intersection,Normale,Sans collision,,,,,,,,,,,1,1,1,1.0,7
201200007078,0012-03-25 01:45:00,12,3,25,1,45,100,420,RUE DE PRESLE,48.592,3.548,Nuit avec éclairage allumé,En agglomération,Hors intersection,Normale,Sans collision,,,,,,,,,,,5,2,1,1.0,7
201200007079,0012-04-15 17:45:00,12,4,15,17,45,100,367,17 Rue Pavee,48.5446,3.49927,Plein jour,En agglomération,Hors intersection,Normale,Autre collision,,,,,,,,,,,1,2,1,1.0,6
201200007080,0012-04-17 07:00:00,12,4,17,7,0,100,231,,48.50294,3.45908,Crépuscule ou aube,Hors agglomération,Hors intersection,Normale,Deux véhicules - frontale,,,,,,,,,,,2,1,1,1.0,1
201200007081,0012-07-12 14:00:00,12,7,12,14,0,100,31,,48.55077,3.579,Plein jour,Hors agglomération,Intersection en X,Normale,Deux véhicules - côté,,,,,,,,,,,1,1,2,1.0,3
201200007082,0012-06-23 21:15:00,12,6,23,21,15,100,339,RUE PRINCIPALE,48.407,3.762,Crépuscule ou aube,En agglomération,Hors intersection,Normale,Autre collision,,,,,,,,,,,2,2,1,1.0,6
201200007083,0012-08-08 15:45:00,12,8,8,15,45,100,231,,48.531,3.407,Plein jour,Hors agglomération,Hors intersection,Normale,Deux véhicules - frontale,,,,,,,,,,,1,1,1,1.0,1
201200007084,0012-08-10 16:45:00,12,8,10,16,45,100,106,,48.46327,3.42821,Plein jour,Hors agglomération,Hors intersection,Normale,Deux véhicules - frontale,,,,,,,,,,,1,1,1,1.0,1
201200007085,0012-08-25 08:15:00,12,8,25,8,15,100,20,Carrefour RD 54/RD52,48.44,3.565,Plein jour,En agglomération,Intersection en X,Normale,Deux véhicules - côté,,,,,,,,,,,1,2,2,1.0,3
201200007086,0012-11-18 12:00:00,12,11,18,12,0,100,367,RUE DES BORDES,48.547,3.502,Plein jour,En agglomération,Hors intersection,Temps couvert,Autre collision,,,,,,,,,,,1,2,1,8.0,6
201200007087,0012-11-27 17:30:00,12,11,27,17,30,100,355,,,,Crépuscule ou aube,Hors agglomération,Hors intersection,Normale,Deux véhicules - frontale,,,,,,,,,,,2,1,1,1.0,1
201200007088,0012-02-01 17:15:00,12,2,1,17,15,100,132,,48.521,3.932,Crépuscule ou aube,Hors agglomération,Hors intersection,Normale,Autre collision,,,,,,,,,,,2,1,1,1.0,6
201200007089,0012-02-08 17:45:00,12,2,8,17,45,100,353,,48.438,3.913,Nuit sans éclairage public,Hors agglomération,Hors intersection,Normale,Autre collision,,,,,,,,,,,3,1,1,1.0,6
201200007090,0012-02-22 20:00:00,12,2,22,20,0,100,233,,48.50444,3.88594,Nuit avec éclairage allumé,En agglomération,Hors intersection,Normale,Autre collision,,,,,,,,,,,5,2,1,1.0,6
201200007091,0012-03-29 16:15:00,12,3,29,16,15,100,132,,48.504,3.909,Plein jour,Hors agglomération,Hors intersection,Normale,Deux véhicules - arrière,,,,,,,,,,,1,1,1,1.0,2
201200007092,0012-04-02 17:30:00,12,4,2,17,30,100,323,Rue Jean Jaur?s,48.51643,3.7151,Plein jour,En agglomération,Hors intersection,Normale,Deux véhicules - arrière,,,,,,,,,,,1,2,1,1.0,2
201200007093,0012-06-01 11:15:00,12,6,1,11,15,100,323,avenue de la Liberte,48.51138,3.72148,Plein jour,En agglomération,Intersection en T,Normale,Deux véhicules - côté,,,,,,,,,,,1,2,3,1.0,3
201200007094,0012-06-07 14:45:00,12,6,7,14,45,100,368,,48.40419,3.93973,Plein jour,Hors agglomération,Hors intersection,Normale,Deux véhicules - frontale,,,,,,,,,,,1,1,1,1.0,1
201200007095,0012-11-04 08:30:00,12,11,4,8,30,100,368,,,,Plein jour,Hors agglomération,Hors intersection,Temps couvert,Deux véhicules - frontale,,,,,,,,,,,1,1,1,8.0,1
201200007096,0012-11-27 07:00:00,12,11,27,7,0,100,351,,48.43,3.68,Crépuscule ou aube,Hors agglomération,Hors intersection,Normale,Sans collision,,,,,,,,,,,2,1,1,1.0,7
201200007097,0012-03-20 11:30:00,12,3,20,11,30,520,469,,48.04609,5.05759,Plein jour,Hors agglomération,Autre intersection,Normale,Deux véhicules - arrière,,,,,,,,,,,1,1,9,1.0,2
201200007098,0012-03-31 14:45:00,12,3,31,14,45,520,522,0,48.23114,5.13823,Plein jour,Hors agglomération,Hors intersection,Normale,Trois véhicules et plus - en chaîne,,,,,,,,,,,1,1,1,1.0,4
201200007099,0012-04-07 18:45:00,12,4,7,18,45,520,87,,48.08931,5.0139,Plein jour,Hors agglomération,Hors intersection,Normale,Sans collision,,,,,,,,,,,1,1,1,1.0,7
201200007100,0012-04-13 17:45:00,12,4,13,17,45,520,114,,48.05144,4.93339,Plein jour,Hors agglomération,Hors intersection,Normale,Deux véhicules - côté,,,,,,,,,,,1,1,1,1.0,3
201200007101,0012-05-24 22:30:00,12,5,24,22,30,520,251,mis milieu Sexf/Sarcicou,48.17613,5.03868,Nuit sans éclairage public,Hors agglomération,Hors intersection,Normale,Autre collision,,,,,,,,,,,3,1,1,1.0,6
201200007102,0012-05-31 07:15:00,12,5,31,7,15,520,87,,48.09655,5.03777,Plein jour,Hors agglomération,Hors intersection,Normale,Deux véhicules - côté,,,,,,,,,,,1,1,1,1.0,3
201200007103,0012-06-20 06:30:00,12,6,20,6,30,520,151,,47.97215,4.96233,Crépuscule ou aube,Hors agglomération,Hors intersection,Temps couvert,Deux véhicules - frontale,,,,,,,,,,,2,1,1,8.0,1
201200007104,0012-08-20 19:00:00,12,8,20,19,0,520,469,,48.05691,5.06691,Plein jour,Hors agglomération,Hors intersection,Normale,Deux véhicules - frontale,,,,,,,,,,,1,1,1,1.0,1
201200007105,0012-09-15 11:15:00,12,9,15,11,15,520,72,,48.16318,5.12818,Plein jour,Hors agglomération,Hors intersection,Normale,Sans collision,,,,,,,,,,,1,1,1,1.0,7
201200007106,0012-09-21 17:45:00,12,9,21,17,45,520,469,,48.05416,5.06438,Plein jour,Hors agglomération,Hors intersection,Pluie légère,Trois véhicules et plus - collisions multiples,,,,,,,,,,,1,1,1,2.0,5
201200007107,0012-09-28 13:00:00,12,9,28,13,0,520,469,,48.04439,5.05757,Plein jour,Hors agglomération,Hors intersection,Temps éblouissant,Deux véhicules - frontale,,,,,,,,,,,1,1,1,7.0,1
201200007108,0012-09-09 19:15:00,12,9,9,19,15,520,50,N,48.08948,5.27189,Plein jour,Hors agglomération,Hors intersection,Normale,Deux véhicules - côté,,,,,,,,,,,1,1,1,1.0,3
201200007109,0012-06-27 15:45:00,12,6,27,15,45,520,211,04 rue des pens?es,48.29859,5.1423,Plein jour,En agglomération,Hors intersection,Normale,Autre collision,,,,,,,,,,,1,2,1,1.0,6
201200007110,0012-05-04 11:45:00,12,5,4,11,45,520,246,,47.91495,5.28933,Plein jour,Hors agglomération,Hors intersection,Normale,Deux véhicules - frontale,,,,,,,,,,,1,1,1,1.0,1
201200007111,0012-06-06 18:30:00,12,6,6,18,30,520,355,CD 287,47.83057,5.2599,Plein jour,En agglomération,Hors intersection,Normale,Deux véhicules - frontale,,,,,,,,,,,1,2,1,1.0,1
201200007112,0012-06-21 07:00:00,12,6,21,7,0,520,392,,47.90743,5.4988,Crépuscule ou aube,Hors agglomération,Hors intersection,Brouillard / fumée,Sans collision,,,,,,,,,,,2,1,1,5.0,7
201200007113,0012-06-30 18:15:00,12,6,30,18,15,520,105,mis milieu pas PR,47.92007,5.38567,Plein jour,Hors agglomération,Hors intersection,Normale,Sans collision,,,,,,,,,,,1,1,1,1.0,7
201200007114,0012-07-08 02:00:00,12,7,8,2,0,520,115,,47.85691,5.38328,Nuit sans éclairage public,Hors agglomération,Hors intersection,Normale,Autre collision,,,,,,,,,,,3,1,1,1.0,6
201200007115,0012-07-23 08:00:00,12,7,23,8,0,520,449,,47.82842,5.30809,Plein jour,Hors agglomération,Hors intersection,Normale,Deux véhicules - frontale,,,,,,,,,,,1,1,1,1.0,1
201200007116,0012-08-08 19:30:00,12,8,8,19,30,520,355,,47.83178,5.27171,Plein jour,Hors agglomération,Intersection en X,Normale,Deux véhicules - côté,,,,,,,,,,,1,1,2,1.0,3
201200007117,0012-08-17 08:15:00,12,8,17,8,15,520,116,mis milieu pas PR,47.84526,5.44782,Plein jour,Hors agglomération,Hors intersection,Normale,Deux véhicules - arrière,,,,,,,,,,,1,1,1,1.0,2
201200007118,0012-09-13 13:15:00,12,9,13,13,15,520,280,,47.85978,5.44468,Plein jour,Hors agglomération,Hors intersection,Normale,Autre collision,,,,,,,,,,,1,1,1,1.0,6
201200007119,0012-09-28 20:30:00,12,9,28,20,30,520,328,,47.88015,5.72006,Nuit sans éclairage public,Hors agglomération,Hors intersection,Normale,Deux véhicules - frontale,,,,,,,,,,,3,1,1,1.0,1
201200007120,0012-11-04 07:15:00,12,11,4,7,15,520,921,1 rue Varandelle,47.89662,5.62267,Plein jour,En agglomération,Hors intersection,Pluie légère,Autre collision,,,,,,,,,,,1,2,1,2.0,6
201200007121,0012-12-09 04:30:00,12,12,9,4,30,520,332,conducteur sans ceinture,47.99111,5.55349,Nuit avec éclairage allumé,Hors agglomération,Autre intersection,Autre,Autre collision,,,,,,,,,,,5,1,9,9.0,6
201200007122,0012-04-01 16:45:00,12,4,1,16,45,520,197,,47.77534,5.65496,Plein jour,Hors agglomération,Hors intersection,Normale,Deux véhicules - frontale,,,,,,,,,,,1,1,1,1.0,1
201200007123,0012-05-20 23:45:00,12,5,20,23,45,520,438,,47.80356,5.55906,Nuit sans éclairage public,Hors agglomération,Hors intersection,Autre,Deux véhicules - frontale,,,,,,,,,,,3,1,1,9.0,1
201200007124,0012-07-02 02:00:00,12,7,2,2,0,520,197,,47.78867,5.5872,Nuit sans éclairage public,Hors agglomération,Hors intersection,Normale,Autre collision,,,,,,,,,,,3,1,1,1.0,6
201200007125,0012-08-04 11:45:00,12,8,4,11,45,520,374,,47.78884,5.4137,Plein jour,Hors agglomération,Hors intersection,Normale,Deux véhicules - frontale,,,,,,,,,,,1,1,1,1.0,1
201200007126,0012-09-23 15:00:00,12,9,23,15,0,520,93,CD 125 - Route des loges,47.7997,5.44866,Plein jour,En agglomération,Hors intersection,Normale,Autre collision,,,,,,,,,,,1,2,1,1.0,6
201200007127,0012-11-11 05:00:00,12,11,11,5,0,520,438,,47.79601,5.56573,Nuit sans éclairage public,Hors agglomération,Hors intersection,Normale,Autre collision,,,,,,,,,,,3,1,1,1.0,6
201200007128,0012-01-11 08:00:00,12,1,11,8,0,520,14,,47.76859,5.19565,Plein jour,Hors agglomération,Hors intersection,Brouillard / fumée,Deux véhicules - frontale,,,,,,,,,,,1,1,1,5.0,1
201200007129,0012-07-01 16:30:00,12,7,1,16,30,520,40,,47.82454,5.06696,Plein jour,Hors agglomération,Hors intersection,Normale,Sans collision,,,,,,,,,,,1,1,1,1.0,7
201200007130,0012-11-05 16:30:00,12,11,5,16,30,520,14,,47.78556,5.22397,Plein jour,Hors agglomération,Intersection en X,Normale,Deux véhicules - côté,,,,,,,,,,,1,1,2,1.0,3
201200007131,0012-05-12 18:15:00,12,5,12,18,15,520,235,,48.64506,4.88222,Plein jour,Hors agglomération,Hors intersection,Normale,Autre collision,,,,,,,,,,,1,1,1,1.0,6
201200007132,0012-07-27 17:15:00,12,7,27,17,15,520,226,,48.54569,5.07549,Plein jour,Hors agglomération,Hors intersection,Normale,Deux véhicules - frontale,,,,,,,,,,,1,1,1,1.0,1
201200007133,0012-08-17 18:15:00,12,8,17,18,15,520,6,,48.56571,4.8941,Plein jour,Hors agglomération,Hors intersection,Normale,Deux véhicules - côté,,,,,,,,,,,1,1,1,1.0,3
201200007134,0012-08-22 16:45:00,12,8,22,16,45,520,429,,48.60262,5.03174,Plein jour,Hors agglomération,Hors intersection,Normale,Trois véhicules et plus - collisions multiples,,,,,,,,,,,1,1,1,1.0,5
201200007135,0012-09-23 03:45:00,12,9,23,3,45,520,386,,48.6532,4.83277,Nuit avec éclairage non allumé,Hors agglomération,Hors intersection,Normale,Autre collision,,,,,,,,,,,4,1,1,1.0,6
201200007136,0012-01-08 12:45:00,12,1,8,12,45,520,177,,48.31751,5.2102,Plein jour,Hors agglomération,Hors intersection,Pluie légère,Autre collision,,,,,,,,,,,1,1,1,2.0,6
201200007137,0012-07-09 18:30:00,12,7,9,18,30,520,316,,48.41423,5.05511,Plein jour,Hors agglomération,Hors intersection,Normale,Autre collision,,,,,,,,,,,1,1,1,1.0,6
201200007138,0012-10-31 18:00:00,12,10,31,18,0,520,250,?? où ?,48.43856,5.14095,Nuit sans éclairage public,Hors agglomération,Hors intersection,Normale,Sans collision,,,,,,,,,,,3,1,1,1.0,7
201200007139,0012-11-21 08:45:00,12,11,21,8,45,520,250,rue aristide briand,48.44276,5.14168,Plein jour,En agglomération,Hors intersection,Normale,Deux véhicules - frontale,,,,,,,,,,,1,2,1,1.0,1
201200007140,0012-12-16 17:45:00,12,12,16,17,45,520,230,pas de PR mis milieu,48.33605,5.13013,Nuit sans éclairage public,Hors agglomération,Hors intersection,Neige / grêle,Trois véhicules et plus - collisions multiples,,,,,,,,,,,3,1,1,4.0,5
201200007141,0012-02-05 15:00:00,12,2,5,15,0,520,359,pas de PR mis au pif,48.35624,4.80535,Plein jour,Hors agglomération,Hors intersection,Normale,Sans collision,,,,,,,,,,,1,1,1,1.0,7
201200007142,0012-04-10 10:45:00,12,4,10,10,45,520,550,Rue du 8 mai (mis milieu,48.49869,4.93764,Plein jour,En agglomération,Hors intersection,Normale,Sans collision,,,,,,,,,,,1,2,1,1.0,7
201200007143,0012-04-24 18:30:00,12,4,24,18,30,520,172,,48.40717,4.91822,Plein jour,Hors agglomération,Hors intersection,Temps couvert,Trois véhicules et plus - collisions multiples,,,,,,,,,,,1,1,1,8.0,5
201200007144,0012-06-15 07:45:00,12,6,15,7,45,520,331,AVENUE DE LORAINE,48.4854,4.77441,Plein jour,En agglomération,Hors intersection,Pluie légère,Deux véhicules - frontale,,,,,,,,,,,1,2,1,2.0,1
201200007145,0012-07-25 18:00:00,12,7,25,18,0,520,149,,48.40675,4.95528,Plein jour,Hors agglomération,Hors intersection,Normale,Autre collision,,,,,,,,,,,1,1,1,1.0,6
201200007146,0012-08-06 18:15:00,12,8,6,18,15,520,359,D198 route de THIL,48.36604,4.78137,Plein jour,En agglomération,Intersection en X,Normale,Deux véhicules - côté,,,,,,,,,,,1,2,2,1.0,3
201200007147,0012-01-29 15:30:00,12,1,29,15,30,450,32,,,,Plein jour,Hors agglomération,Hors intersection,Normale,Deux véhicules - arrière,,,,,,,,,,,1,1,1,1.0,2
201200007148,0012-02-15 10:45:00,12,2,15,10,45,890,380,,48.06,3.089,Plein jour,Hors agglomération,Hors intersection,Temps couvert,Deux véhicules - arrière,,,,,,,,,,,1,1,1,8.0,2
201200007149,0012-07-25 15:00:00,12,7,25,15,0,450,149,,,,Plein jour,Hors agglomération,Hors intersection,Normale,Autre collision,,,,,,,,,,,1,1,1,1.0,6
201200007150,0012-05-18 16:15:00,12,5,18,16,15,210,21,,47.351,5.163,Plein jour,Hors agglomération,Hors intersection,Normale,Trois véhicules et plus - en chaîne,,,,,,,,,,,1,1,1,1.0,4
201200007151,0012-05-23 18:15:00,12,5,23,18,15,210,111,,47.407,5.15,Plein jour,Hors agglomération,Hors intersection,Normale,Sans collision,,,,,,,,,,,1,1,1,1.0,7
201200007152,0012-08-22 17:30:00,12,8,22,17,30,210,21,,47.344,5.176,Plein jour,Hors agglomération,Hors intersection,Normale,Deux véhicules - frontale,,,,,,,,,,,1,1,1,1.0,1
201200007153,0012-02-10 19:45:00,12,2,10,19,45,210,28,,47.201,5.381,Nuit sans éclairage public,Hors agglomération,Hors intersection,Normale,Deux véhicules - frontale,,,,,,,,,,,3,1,1,1.0,1
201200007154,0012-03-04 15:00:00,12,3,4,15,0,210,493,,47.253,5.386,Plein jour,Hors agglomération,Hors intersection,Normale,Sans collision,,,,,,,,,,,1,1,1,1.0,7
201200007155,0012-05-02 05:00:00,12,5,2,5,0,210,699,,,,Nuit sans éclairage public,Hors agglomération,Hors intersection,Pluie forte,Autre collision,,,,,,,,,,,3,1,1,3.0,6
201200007156,0012-05-25 19:45:00,12,5,25,19,45,210,371,,,,Plein jour,Hors agglomération,Hors intersection,Normale,Sans collision,,,,,,,,,,,1,1,1,1.0,7
201200007157,0012-08-31 08:30:00,12,8,31,8,30,210,699,,,,Plein jour,Hors agglomération,Intersection en T,Normale,Deux véhicules - côté,,,,,,,,,,,1,1,3,1.0,3
201200007158,0012-09-04 18:45:00,12,9,4,18,45,210,28,,47.23,5.379,Plein jour,Hors agglomération,Hors intersection,Normale,Autre collision,,,,,,,,,,,1,1,1,1.0,6
201200007159,0012-10-07 05:30:00,12,10,7,5,30,210,699,,,,Nuit sans éclairage public,Hors agglomération,Hors intersection,Pluie légère,Autre collision,,,,,,,,,,,3,1,1,2.0,6
201200007160,0012-11-04 20:15:00,12,11,4,20,15,210,609,,47.213,5.28,Nuit sans éclairage public,Hors agglomération,Hors intersection,Pluie légère,Deux véhicules - frontale,,,,,,,,,,,3,1,1,2.0,1
201200007161,0012-02-16 19:00:00,12,2,16,19,0,210,353,,47.197,5.131,Nuit avec éclairage non allumé,Hors agglomération,Hors intersection,Normale,Autre collision,,,,,,,,,,,4,1,1,1.0,6
201200007162,0012-03-02 01:15:00,12,3,2,1,15,210,656,,47.236,5.194,Nuit avec éclairage non allumé,Hors agglomération,Hors intersection,Brouillard / fumée,Autre collision,,,,,,,,,,,4,1,1,5.0,6
201200007163,0012-03-10 15:15:00,12,3,10,15,15,210,632,,47.224,5.132,Plein jour,Hors agglomération,Hors intersection,Normale,Deux véhicules - frontale,,,,,,,,,,,1,1,1,1.0,1
201200007164,0012-04-10 14:30:00,12,4,10,14,30,210,261,,47.259,5.168,Plein jour,Hors agglomération,Hors intersection,Pluie forte,Trois véhicules et plus - collisions multiples,,,,,,,,,,,1,1,1,3.0,5
201200007165,0012-06-27 18:00:00,12,6,27,18,0,210,353,,47.209,5.158,Plein jour,Hors agglomération,Hors intersection,Normale,Deux véhicules - côté,,,,,,,,,,,1,1,1,1.0,3
201200007166,0012-07-07 16:30:00,12,7,7,16,30,210,656,,,,Plein jour,Hors agglomération,Hors intersection,Normale,Deux véhicules - côté,,,,,,,,,,,1,1,1,1.0,3
201200007167,0012-09-05 09:15:00,12,9,5,9,15,210,5,,,,Plein jour,Hors agglomération,Passage à niveau,Normale,Deux véhicules - côté,,,,,,,,,,,1,1,8,1.0,3
201200007168,0012-01-14 14:00:00,12,1,14,14,0,210,110,RD974 - D122f,,,Plein jour,En agglomération,Hors intersection,Temps éblouissant,Autre collision,,,,,,,,,,,1,2,1,7.0,6