accident_id,datetime,annee,mois,jour,heure,minute,departement,commune_insee,adresse,latitude,longitude,luminosite,agglomeration,intersection,meteo,collision,nb_vehicules,nb_usagers,nb_indemnes,nb_tues,nb_blesses_hosp,nb_blesses_legers,age_cond_1,age_cond_2,veh_type_cond_1,veh_type_cond_2,lum_code,agg_code,int_code,atm_code,col_code
201200007304,0012-05-03 15:00:00,12,5,3,15,0,580,59,Rue de Paris,47.185,3.02,Plein jour,En agglomération,Hors intersection,Normale,Autre collision,,,,,,,,,,,1,2,1,1.0,6
201200007305,0012-05-08 09:15:00,12,5,8,9,15,580,218,,47.182,3.308,Plein jour,Hors agglomération,Hors intersection,Normale,Autre collision,,,,,,,,,,,1,1,1,1.0,6
201200007306,0012-06-30 02:00:00,12,6,30,2,0,580,189,,,,Nuit sans éclairage public,Hors agglomération,Hors intersection,Normale,Autre collision,,,,,,,,,,,3,1,1,1.0,6
201200007307,0012-07-19 08:15:00,12,7,19,8,15,580,147,,,,Plein jour,Hors agglomération,Hors intersection,Pluie légère,Autre collision,,,,,,,,,,,1,1,1,2.0,6
201200007308,0012-08-31 11:45:00,12,8,31,11,45,580,265,,47.343,3.022,Plein jour,Hors agglomération,Hors intersection,Normale,Deux véhicules - côté,,,,,,,,,,,1,1,1,1.0,3
201200007309,0012-09-28 17:00:00,12,9,28,17,0,580,218,Route de Cervenon,,,Plein jour,En agglomération,Hors intersection,Normale,Autre collision,,,,,,,,,,,1,2,1,1.0,6
201200007310,0012-10-04 14:15:00,12,10,4,14,15,580,59,"RN 151, PK 3+100",,,Plein jour,En agglomération,Hors intersection,Normale,Sans collision,,,,,,,,,,,1,2,1,1.0,7
201200007311,0012-11-13 05:15:00,12,11,13,5,15,580,295,,,,Nuit sans éclairage public,Hors agglomération,Hors intersection,Brouillard / fumée,Autre collision,,,,,,,,,,,3,1,1,5.0,6
201200007312,0012-12-15 17:45:00,12,12,15,17,45,580,228,,,,Nuit sans éclairage public,Hors agglomération,Hors intersection,Pluie forte,Autre collision,,,,,,,,,,,3,1,1,3.0,6
201200007313,0012-01-17 22:30:00,12,1,17,22,30,710,583,,,,Nuit sans éclairage public,Hors agglomération,Hors intersection,Temps couvert,Autre collision,,,,,,,,,,,3,1,1,8.0,6
201200007314,0012-03-06 21:15:00,12,3,6,21,15,710,69,,,,Nuit sans éclairage public,Hors agglomération,Hors intersection,Pluie légère,Deux véhicules - côté,,,,,,,,,,,3,1,1,2.0,3
201200007315,0012-05-03 20:45:00,12,5,3,20,45,710,235,,,,Crépuscule ou aube,Hors agglomération,Hors intersection,Normale,Sans collision,,,,,,,,,,,2,1,1,1.0,7
201200007316,0012-05-06 10:15:00,12,5,6,10,15,710,270,cd85,46.3498,4.72353,Plein jour,En agglomération,Hors intersection,Normale,Deux véhicules - côté,,,,,,,,,,,1,2,1,1.0,3
201200007317,0012-05-16 05:15:00,12,5,16,5,15,710,583,,46.27342,4.77922,Nuit avec éclairage non allumé,Hors agglomération,Hors intersection,Normale,Autre collision,,,,,,,,,,,4,1,1,1.0,6
201200007318,0012-07-07 11:30:00,12,7,7,11,30,710,371,rd 17,,,Plein jour,En agglomération,Hors intersection,Normale,Deux véhicules - côté,,,,,,,,,,,1,2,1,1.0,3
201200007319,0012-08-12 11:15:00,12,8,12,11,15,710,169,,,,Plein jour,Hors agglomération,Hors intersection,Normale,Deux véhicules - côté,,,,,,,,,,,1,1,1,1.0,3
201200007320,0012-08-14 15:15:00,12,8,14,15,15,710,360,,,,Plein jour,Hors agglomération,Hors intersection,Normale,Trois véhicules et plus - collisions multiples,,,,,,,,,,,1,1,1,1.0,5
201200007321,0012-09-18 01:30:00,12,9,18,1,30,710,448,route de Saint Jean,,,Nuit sans éclairage public,En agglomération,Hors intersection,Normale,Sans collision,,,,,,,,,,,3,2,1,1.0,7
201200007322,0012-10-22 08:00:00,12,10,22,8,0,710,169,,,,Plein jour,Hors agglomération,Hors intersection,Normale,Deux véhicules - frontale,,,,,,,,,,,1,1,1,1.0,1
201200007323,0012-11-25 20:00:00,12,11,25,20,0,710,360,,,,Nuit avec éclairage allumé,Hors agglomération,Hors intersection,Pluie légère,Deux véhicules - côté,,,,,,,,,,,5,1,1,2.0,3
201200007324,0012-04-22 13:30:00,12,4,22,13,30,710,372,,,,Plein jour,Hors agglomération,Hors intersection,Normale,Sans collision,,,,,,,,,,,1,1,1,1.0,7
201200007325,0012-05-01 18:45:00,12,5,1,18,45,710,372,,,,Plein jour,Hors agglomération,Intersection en X,Normale,Deux véhicules - côté,,,,,,,,,,,1,1,2,1.0,3
201200007326,0012-08-01 21:15:00,12,8,1,21,15,710,84,,,,Plein jour,Hors agglomération,Hors intersection,Autre,Sans collision,,,,,,,,,,,1,1,1,9.0,7
201200007327,0012-11-17 19:30:00,12,11,17,19,30,710,90,PONTANEVAUX,,,Nuit avec éclairage allumé,En agglomération,Hors intersection,Normale,Deux véhicules - arrière,,,,,,,,,,,5,2,1,1.0,2
201200007328,0012-01-13 17:30:00,12,1,13,17,30,710,178,la fay,,,Nuit avec éclairage allumé,En agglomération,Hors intersection,Normale,Autre collision,,,,,,,,,,,5,2,1,1.0,6
201200007329,0012-05-25 18:45:00,12,5,25,18,45,710,495,,46.51723,4.6068,Plein jour,Hors agglomération,Hors intersection,Temps éblouissant,Deux véhicules - côté,,,,,,,,,,,1,1,1,7.0,3
201200007330,0012-08-21 20:00:00,12,8,21,20,0,710,137,,,,Plein jour,Hors agglomération,Hors intersection,Vent fort / tempête,Autre collision,,,,,,,,,,,1,1,1,6.0,6
201200007331,0012-09-27 18:45:00,12,9,27,18,45,710,65,CD41 - Le Bourg,,,Plein jour,En agglomération,Hors intersection,Normale,Deux véhicules - frontale,,,,,,,,,,,1,2,1,1.0,1
201200007332,0012-10-09 16:00:00,12,10,9,16,0,710,470,,,,Plein jour,Hors agglomération,Hors intersection,Normale,Autre collision,,,,,,,,,,,1,1,1,1.0,6
201200007333,0012-07-01 06:30:00,12,7,1,6,30,710,145,RD 981,,,Crépuscule ou aube,En agglomération,Hors intersection,Pluie forte,Autre collision,,,,,,,,,,,2,2,1,3.0,6
201200007334,0012-07-14 23:15:00,12,7,14,23,15,710,248,,,,Nuit sans éclairage public,Hors agglomération,Intersection en X,Normale,Deux véhicules - côté,,,,,,,,,,,3,1,2,1.0,3
201200007335,0012-08-17 14:30:00,12,8,17,14,30,710,591,,,,Plein jour,Hors agglomération,Hors intersection,Normale,Deux véhicules - frontale,,,,,,,,,,,1,1,1,1.0,1
201200007336,0012-10-27 03:15:00,12,10,27,3,15,710,36,,,,Nuit sans éclairage public,Hors agglomération,Hors intersection,Vent fort / tempête,Autre collision,,,,,,,,,,,3,1,1,6.0,6
201200007337,0012-02-26 11:30:00,12,2,26,11,30,710,14,11 rue de Parpas,46.956,4.292,Plein jour,En agglomération,Hors intersection,Normale,Deux véhicules - côté,,,,,,,,,,,1,2,1,1.0,3
201200007338,0012-05-08 16:30:00,12,5,8,16,30,710,368,,47.047,4.276,Plein jour,Hors agglomération,Hors intersection,Pluie légère,Autre collision,,,,,,,,,,,1,1,1,2.0,6
201200007339,0012-07-04 14:15:00,12,7,4,14,15,710,14,rue de la croix blanche,46.961,4.303,Plein jour,En agglomération,Hors intersection,Normale,Autre collision,,,,,,,,,,,1,2,1,1.0,6
201200007340,0012-08-08 11:45:00,12,8,8,11,45,710,14,AVENUE DE LA REPUBLIQUE,46.96,4.296,Plein jour,En agglomération,Hors intersection,Normale,Autre collision,,,,,,,,,,,1,2,1,1.0,6
201200007341,0012-08-12 08:45:00,12,8,12,8,45,710,162,,,,Plein jour,Hors agglomération,Hors intersection,Normale,Autre collision,,,,,,,,,,,1,1,1,1.0,6
201200007342,0012-09-20 08:45:00,12,9,20,8,45,710,14,avenue Charles de Gaulle,46.957,4.297,Plein jour,En agglomération,Hors intersection,Normale,Autre collision,,,,,,,,,,,1,2,1,1.0,6
201200007343,0012-10-16 17:30:00,12,10,16,17,30,710,14,rue du champ de mars,46.955,4.298,Plein jour,En agglomération,Hors intersection,Pluie légère,Autre collision,,,,,,,,,,,1,2,1,2.0,6
201200007344,0012-03-24 22:00:00,12,3,24,22,0,710,152,,46.695,3.845,Nuit sans éclairage public,Hors agglomération,Hors intersection,Normale,Autre collision,,,,,,,,,,,3,1,1,1.0,6
201200007345,0012-09-29 11:15:00,12,9,29,11,15,710,98,RD47,46.795,4.113,Plein jour,En agglomération,Hors intersection,Normale,Autre collision,,,,,,,,,,,1,2,1,1.0,6
201200007346,0012-08-01 12:45:00,12,8,1,12,45,710,294,,46.835,4.716,Plein jour,Hors agglomération,Hors intersection,Normale,Sans collision,,,,,,,,,,,1,1,1,1.0,7
201200007347,0012-01-06 19:15:00,12,1,6,19,15,710,420,,,,Nuit sans éclairage public,Hors agglomération,Intersection en X,Normale,Deux véhicules - frontale,,,,,,,,,,,3,1,2,1.0,1
201200007348,0012-03-15 07:00:00,12,3,15,7,0,710,329,,46.941,5.149,Crépuscule ou aube,Hors agglomération,Intersection en T,Brouillard / fumée,Deux véhicules - côté,,,,,,,,,,,2,1,3,5.0,3
201200007349,0012-03-18 13:30:00,12,3,18,13,30,710,398,,,,Plein jour,Hors agglomération,Hors intersection,Pluie forte,Sans collision,,,,,,,,,,,1,1,1,3.0,7
201200007350,0012-06-18 08:30:00,12,6,18,8,30,710,253,,,,Plein jour,Hors agglomération,Hors intersection,Normale,Sans collision,,,,,,,,,,,1,1,1,1.0,7
201200007351,0012-07-06 16:30:00,12,7,6,16,30,710,333,Rte de St Germain du Boi,,,Plein jour,En agglomération,Hors intersection,Normale,Autre collision,,,,,,,,,,,1,2,1,1.0,6
201200007352,0012-10-13 22:45:00,12,10,13,22,45,710,256,,,,Nuit sans éclairage public,Hors agglomération,Hors intersection,Normale,Autre collision,,,,,,,,,,,3,1,1,1.0,6
201200007353,0012-11-11 12:45:00,12,11,11,12,45,710,215,,,,Plein jour,Hors agglomération,Hors intersection,Normale,Autre collision,,,,,,,,,,,1,1,1,1.0,6
201200007354,0012-11-11 16:00:00,12,11,11,16,0,710,333,,46.787,4.921,Plein jour,En agglomération,Hors intersection,Normale,Deux véhicules - côté,,,,,,,,,,,1,2,1,1.0,3
201200007355,0012-01-04 13:15:00,12,1,4,13,15,710,52,Le Jonchet,46.607,4.896,Plein jour,En agglomération,Hors intersection,Temps éblouissant,Deux véhicules - frontale,,,,,,,,,,,1,2,1,7.0,1
201200007356,0012-04-20 07:45:00,12,4,20,7,45,710,249,,,,Plein jour,En agglomération,Intersection en X,Normale,Deux véhicules - côté,,,,,,,,,,,1,2,2,1.0,3
201200007357,0012-05-21 12:30:00,12,5,21,12,30,710,26,,46.6694,4.87013,Plein jour,Hors agglomération,Hors intersection,Pluie forte,Deux véhicules - côté,,,,,,,,,,,1,1,1,3.0,3
201200007358,0012-06-25 12:30:00,12,6,25,12,30,710,384,,,,Plein jour,Hors agglomération,Intersection en X,Normale,Deux véhicules - côté,,,,,,,,,,,1,1,2,1.0,3
201200007359,0012-09-03 15:30:00,12,9,3,15,30,710,555,25 Rte de la Ferte,,,Plein jour,En agglomération,Hors intersection,Normale,Autre collision,,,,,,,,,,,1,2,1,1.0,6
201200007360,0012-09-14 21:00:00,12,9,14,21,0,710,402,,46.689,4.876,Nuit avec éclairage allumé,Hors agglomération,Hors intersection,Normale,Autre collision,,,,,,,,,,,5,1,1,1.0,6
201200007361,0012-11-30 15:00:00,12,11,30,15,0,710,555,,,,Plein jour,Hors agglomération,Intersection en X,Normale,Deux véhicules - côté,,,,,,,,,,,1,1,2,1.0,3
201200007362,0012-02-09 12:45:00,12,2,9,12,45,710,564,,,,Plein jour,Hors agglomération,Hors intersection,Normale,Autre collision,,,,,,,,,,,1,1,1,1.0,6
201200007363,0012-02-22 08:45:00,12,2,22,8,45,710,571,,,,Plein jour,Hors agglomération,Hors intersection,Normale,Deux véhicules - côté,,,,,,,,,,,1,1,1,1.0,3
201200007364,0012-02-24 19:30:00,12,2,24,19,30,710,106,rue de la condemine,,,Nuit sans éclairage public,En agglomération,Hors intersection,Normale,Sans collision,,,,,,,,,,,3,2,1,1.0,7
201200007365,0012-05-10 17:15:00,12,5,10,17,15,710,82,,,,Plein jour,Hors agglomération,Hors intersection,Normale,Deux véhicules - arrière,,,,,,,,,,,1,1,1,1.0,2
201200007366,0012-07-18 14:45:00,12,7,18,14,45,710,452,,,,Plein jour,Hors agglomération,Hors intersection,Normale,Autre collision,,,,,,,,,,,1,1,1,1.0,6
201200007367,0012-09-01 17:00:00,12,9,1,17,0,710,358,,46.49,4.51,Plein jour,Hors agglomération,Hors intersection,Normale,Deux véhicules - frontale,,,,,,,,,,,1,1,1,1.0,1
201200007368,0012-09-27 08:30:00,12,9,27,8,30,710,562,,46.417,4.348,Plein jour,Hors agglomération,Hors intersection,Temps éblouissant,Sans collision,,,,,,,,,,,1,1,1,7.0,7
201200007369,0012-12-31 19:00:00,12,12,31,19,0,710,106,RD985 - PR 50+340,46.443,4.274,Nuit sans éclairage public,En agglomération,Intersection en Y,Normale,Deux véhicules - frontale,,,,,,,,,,,3,2,4,1.0,1
201200007370,0012-03-12 19:15:00,12,3,12,19,15,710,428,,,,Crépuscule ou aube,Hors agglomération,Hors intersection,Normale,Autre collision,,,,,,,,,,,2,1,1,1.0,6
201200007371,0012-07-17 18:00:00,12,7,17,18,0,710,120,Le vitron,,,Plein jour,En agglomération,Hors intersection,Normale,Deux véhicules - frontale,,,,,,,,,,,1,2,1,1.0,1
201200007372,0012-07-23 00:15:00,12,7,23,0,15,710,473,le sordet,46.26974,4.39544,Nuit sans éclairage public,Hors agglomération,Hors intersection,Normale,Autre collision,,,,,,,,,,,3,1,1,1.0,6
201200007373,0012-08-31 18:00:00,12,8,31,18,0,710,22,,,,Plein jour,Hors agglomération,Hors intersection,Normale,Deux véhicules - frontale,,,,,,,,,,,1,1,1,1.0,1
201200007374,0012-10-31 19:45:00,12,10,31,19,45,710,473,,,,Nuit sans éclairage public,Hors agglomération,Hors intersection,Normale,Deux véhicules - frontale,,,,,,,,,,,3,1,1,1.0,1
201200007375,0012-01-02 16:00:00,12,1,2,16,0,710,176,,46.464,4.013,Plein jour,Hors agglomération,Hors intersection,Normale,Autre collision,,,,,,,,,,,1,1,1,1.0,6
201200007376,0012-03-02 17:45:00,12,3,2,17,45,710,176,64 avenue de Gaulle,46.488,3.988,Plein jour,En agglomération,Hors intersection,Normale,Autre collision,,,,,,,,,,,1,2,1,1.0,6
201200007377,0012-04-05 07:45:00,12,4,5,7,45,710,229,,46.552,3.898,Plein jour,Hors agglomération,Hors intersection,Normale,Deux véhicules - frontale,,,,,,,,,,,1,1,1,1.0,1
201200007378,0012-07-10 00:01:00,12,7,10,0,1,710,325,,46.512,3.967,Nuit sans éclairage public,Hors agglomération,Hors intersection,Normale,Autre collision,,,,,,,,,,,3,1,1,1.0,6
201200007379,0012-10-23 21:00:00,12,10,23,21,0,710,176,rue Victor HUGO,46.496,4.002,Nuit avec éclairage allumé,En agglomération,Hors intersection,Normale,Deux véhicules - frontale,,,,,,,,,,,5,2,1,1.0,1
201200007380,0012-12-25 13:00:00,12,12,25,13,0,710,325,,46.496,3.969,Plein jour,Hors agglomération,Hors intersection,Normale,Deux véhicules - côté,,,,,,,,,,,1,1,1,1.0,3
201200007381,0012-12-07 09:00:00,12,12,7,9,0,710,238,,,,Plein jour,Hors agglomération,Hors intersection,Neige / grêle,Deux véhicules - frontale,,,,,,,,,,,1,1,1,4.0,1
201200007382,0012-07-15 10:45:00,12,7,15,10,45,710,399,,46.301,4.186,Plein jour,Hors agglomération,Hors intersection,Temps couvert,Sans collision,,,,,,,,,,,1,1,1,8.0,7
201200007383,0012-07-31 14:30:00,12,7,31,14,30,710,238,LA SACQUE,46.21221,4.10144,Plein jour,Hors agglomération,Hors intersection,Normale,Sans collision,,,,,,,,,,,1,1,1,1.0,7
201200007384,0012-11-23 19:15:00,12,11,23,19,15,710,24,,46.323,4.03899,Nuit sans éclairage public,Hors agglomération,Hors intersection,Normale,Deux véhicules - frontale,,,,,,,,,,,3,1,1,1.0,1
201200007385,0012-01-06 12:15:00,12,1,6,12,15,710,491,,,,Plein jour,Hors agglomération,Hors intersection,Normale,Deux véhicules - arrière,,,,,,,,,,,1,1,1,1.0,2
201200007386,0012-03-22 22:45:00,12,3,22,22,45,710,439,,46.499,4.159,Nuit sans éclairage public,Hors agglomération,Hors intersection,Normale,Autre collision,,,,,,,,,,,3,1,1,1.0,6
201200007387,0012-07-19 15:30:00,12,7,19,15,30,710,342,Rue du 8 mai,,,Plein jour,En agglomération,Hors intersection,Normale,Deux véhicules - côté,,,,,,,,,,,1,2,1,1.0,3
201200007388,0012-10-26 14:00:00,12,10,26,14,0,710,232,,,,Plein jour,Hors agglomération,Hors intersection,Pluie légère,Deux véhicules - arrière,,,,,,,,,,,1,1,1,2.0,2
201200007389,0012-01-05 12:00:00,12,1,5,12,0,710,468,,,,Plein jour,Hors agglomération,Hors intersection,Pluie forte,Autre collision,,,,,,,,,,,1,1,1,3.0,6
201200007390,0012-04-01 16:30:00,12,4,1,16,30,710,149,,,,Plein jour,Hors agglomération,Hors intersection,Normale,Sans collision,,,,,,,,,,,1,1,1,1.0,7
201200007391,0012-07-07 18:45:00,12,7,7,18,45,710,431,Route de Saint Leger,,,Plein jour,En agglomération,Hors intersection,Normale,Deux véhicules - côté,,,,,,,,,,,1,2,1,1.0,3
201200007392,0012-07-21 17:45:00,12,7,21,17,45,710,482,,46.84202,4.34537,Plein jour,Hors agglomération,Hors intersection,Normale,Trois véhicules et plus - en chaîne,,,,,,,,,,,1,1,1,1.0,4
201200007393,0012-07-22 12:45:00,12,7,22,12,45,710,38,,46.76766,4.3881,Plein jour,Hors agglomération,Hors intersection,Normale,Sans collision,,,,,,,,,,,1,1,1,1.0,7
201200007394,0012-12-29 09:30:00,12,12,29,9,30,710,390,RD 57 rue du paquier,,,Plein jour,En agglomération,Hors intersection,Temps éblouissant,Deux véhicules - côté,,,,,,,,,,,1,2,1,7.0,3
201200007395,0012-05-19 09:45:00,12,5,19,9,45,710,47,,,,Plein jour,Hors agglomération,Intersection en Y,Normale,Deux véhicules - frontale,,,,,,,,,,,1,1,4,1.0,1
201200007396,0012-06-24 14:15:00,12,6,24,14,15,710,301,,,,Plein jour,Hors agglomération,Hors intersection,Normale,Sans collision,,,,,,,,,,,1,1,1,1.0,7
201200007397,0012-09-21 18:00:00,12,9,21,18,0,710,47,,,,Plein jour,Hors agglomération,Hors intersection,Pluie légère,Deux véhicules - côté,,,,,,,,,,,1,1,1,2.0,3
201200007398,0012-09-26 16:45:00,12,9,26,16,45,710,47,avenue Puzenat,,,Plein jour,En agglomération,Hors intersection,Normale,Deux véhicules - frontale,,,,,,,,,,,1,2,1,1.0,1
201200007399,0012-12-08 23:30:00,12,12,8,23,30,710,47,,,,Nuit sans éclairage public,Hors agglomération,Hors intersection,Normale,Autre collision,,,,,,,,,,,3,1,1,1.0,6
201200007400,0012-02-03 06:15:00,12,2,3,6,15,710,212,,,,Nuit sans éclairage public,Hors agglomération,Hors intersection,Normale,Deux véhicules - frontale,,,,,,,,,,,3,1,1,1.0,1
201200007401,0012-03-02 14:15:00,12,3,2,14,15,710,565,RD 325,,,Plein jour,En agglomération,Hors intersection,Normale,Deux véhicules - frontale,,,,,,,,,,,1,2,1,1.0,1
201200007402,0012-03-14 18:15:00,12,3,14,18,15,710,111,,,,Plein jour,Hors agglomération,Intersection en X,Normale,Deux véhicules - côté,,,,,,,,,,,1,1,2,1.0,3
201200007403,0012-05-06 21:00:00,12,5,6,21,0,710,490,,46.875,4.17699,Crépuscule ou aube,Hors agglomération,Hors intersection,Normale,Deux véhicules - frontale,,,,,,,,,,,2,1,1,1.0,1
201200007404,0012-08-19 16:45:00,12,8,19,16,45,710,132,,,,Plein jour,Hors agglomération,Hors intersection,Normale,Autre collision,,,,,,,,,,,1,1,1,1.0,6
201200007405,0012-09-30 14:45:00,12,9,30,14,45,710,340,,,,Plein jour,Hors agglomération,Hors intersection,Normale,Deux véhicules - côté,,,,,,,,,,,1,1,1,1.0,3
201200007406,0012-09-30 15:00:00,12,9,30,15,0,710,542,,,,Plein jour,Hors agglomération,Hors intersection,Normale,Autre collision,,,,,,,,,,,1,1,1,1.0,6
201200007407,0012-12-10 20:45:00,12,12,10,20,45,710,542,27 rue du 08 mai 1945,,,Nuit avec éclairage allumé,En agglomération,Hors intersection,Pluie légère,Autre collision,,,,,,,,,,,5,2,1,2.0,6
201200007408,0012-01-07 11:15:00,12,1,7,11,15,710,263,rue d'alsace,46.633,5.223,Plein jour,En agglomération,Hors intersection,Normale,Autre collision,,,,,,,,,,,1,2,1,1.0,6
201200007409,0012-01-14 08:45:00,12,1,14,8,45,710,379,,46.61,5.305,Plein jour,Hors agglomération,Hors intersection,Normale,Sans collision,,,,,,,,,,,1,1,1,1.0,7
201200007410,0012-02-07 18:00:00,12,2,7,18,0,710,263,rue Ferdinand Bourgeois,,,Nuit avec éclairage allumé,En agglomération,Hors intersection,Normale,Autre collision,,,,,,,,,,,5,2,1,1.0,6
201200007411,0012-03-21 08:30:00,12,3,21,8,30,710,263,RUE DU GUIDON,,,Plein jour,En agglomération,Intersection en T,Temps éblouissant,Deux véhicules - côté,,,,,,,,,,,1,2,3,7.0,3
201200007412,0012-07-23 15:00:00,12,7,23,15,0,710,367,,46.646,5.293,Plein jour,Hors agglomération,Hors intersection,Normale,Trois véhicules et plus - en chaîne,,,,,,,,,,,1,1,1,1.0,4
201200007413,0012-12-10 17:45:00,12,12,10,17,45,710,263,,,,Nuit avec éclairage allumé,En agglomération,Hors intersection,Normale,Autre collision,,,,,,,,,,,5,2,1,1.0,6
201200007414,0012-01-09 11:15:00,12,1,9,11,15,710,332,,46.639,4.986,Plein jour,Hors agglomération,Intersection en X,Normale,Deux véhicules - côté,,,,,,,,,,,1,1,2,1.0,3
201200007415,0012-04-15 19:30:00,12,4,15,19,30,710,158,,,,Plein jour,Hors agglomération,Hors intersection,Pluie légère,Deux véhicules - frontale,,,,,,,,,,,1,1,1,2.0,1
201200007416,0012-06-26 05:30:00,12,6,26,5,30,710,522,,46.609,4.987,Crépuscule ou aube,Hors agglomération,Hors intersection,Normale,Autre collision,,,,,,,,,,,2,1,1,1.0,6
201200007417,0012-07-06 17:30:00,12,7,6,17,30,710,410,,46.71,5.042,Plein jour,Hors agglomération,Hors intersection,Normale,Deux véhicules - frontale,,,,,,,,,,,1,1,1,1.0,1
201200007418,0012-07-22 06:00:00,12,7,22,6,0,710,401,,46.568,5.261,Crépuscule ou aube,En agglomération,Hors intersection,Normale,Autre collision,,,,,,,,,,,2,2,1,1.0,6
201200007419,0012-09-17 17:15:00,12,9,17,17,15,710,386,CD 160 pk 10+500,46.657,5.088,Plein jour,En agglomération,Hors intersection,Normale,Deux véhicules - arrière,,,,,,,,,,,1,2,1,1.0,2
201200007420,0012-09-23 09:00:00,12,9,23,9,0,710,61,RD 975 PK 10+800,46.56,5.022,Plein jour,En agglomération,Hors intersection,Normale,Autre collision,,,,,,,,,,,1,2,1,1.0,6
201200007421,0012-10-31 17:45:00,12,10,31,17,45,710,523,,,,Nuit sans éclairage public,Hors agglomération,Hors intersection,Pluie légère,Deux véhicules - arrière,,,,,,,,,,,3,1,1,2.0,2
201200007422,0012-02-19 00:45:00,12,2,19,0,45,710,295,2 route de pierre,46.805,5.192,Nuit avec éclairage allumé,En agglomération,Hors intersection,Normale,Autre collision,,,,,,,,,,,5,2,1,1.0,6
201200007423,0012-04-11 15:00:00,12,4,11,15,0,710,516,,46.805,5.258,Plein jour,Hors agglomération,Intersection en X,Pluie légère,Deux véhicules - côté,,,,,,,,,,,1,1,2,2.0,3
201200007424,0012-07-17 17:30:00,12,7,17,17,30,710,173,,,,Plein jour,Hors agglomération,Intersection en X,Normale,Deux véhicules - côté,,,,,,,,,,,1,1,2,1.0,3
201200007425,0012-07-23 18:15:00,12,7,23,18,15,710,173,,,,Plein jour,Hors agglomération,Intersection en X,Normale,Trois véhicules et plus - en chaîne,,,,,,,,,,,1,1,2,1.0,4
201200007426,0012-09-22 05:00:00,12,9,22,5,0,710,295,06 route de Louhans,,,Nuit avec éclairage allumé,En agglomération,Hors intersection,Normale,Deux véhicules - frontale,,,,,,,,,,,5,2,1,1.0,1
201200007427,0012-12-18 09:30:00,12,12,18,9,30,710,419,56 route de mervans,46.758,5.24,Nuit avec éclairage allumé,En agglomération,Hors intersection,Pluie légère,Autre collision,,,,,,,,,,,5,2,1,2.0,6
201200007428,0012-08-05 07:30:00,12,8,5,7,30,710,436,,,,Plein jour,Hors agglomération,Hors intersection,Normale,Deux véhicules - frontale,,,,,,,,,,,1,1,1,1.0,1
201200007429,0012-09-02 00:30:00,12,9,2,0,30,710,214,,46.635,4.589,Nuit sans éclairage public,Hors agglomération,Hors intersection,Normale,Sans collision,,,,,,,,,,,3,1,1,1.0,7
201200007430,0012-02-06 14:40:00,12,2,6,14,40,890,108,,47.7684,3.7265,Plein jour,Hors agglomération,Hors intersection,Normale,Deux véhicules - arrière,,,,,,,,,,,1,1,1,1.0,2
201200007431,0012-04-01 13:45:00,12,4,1,13,45,890,388,,47.93522,3.2468,Plein jour,Hors agglomération,Hors intersection,Normale,Sans collision,,,,,,,,,,,1,1,1,1.0,7
201200007432,0012-04-30 14:45:00,12,4,30,14,45,890,263,,47.85533,3.5563,Plein jour,Hors agglomération,Hors intersection,Normale,Sans collision,,,,,,,,,,,1,1,1,1.0,7
201200007433,0012-05-30 17:53:00,12,5,30,17,53,890,341,,47.71554,3.76824,Plein jour,Hors agglomération,Hors intersection,Normale,Deux véhicules - arrière,,,,,,,,,,,1,1,1,1.0,2
201200007434,0012-07-18 05:15:00,12,7,18,5,15,890,350,,48.01958,3.13927,Nuit sans éclairage public,Hors agglomération,Hors intersection,Normale,Trois véhicules et plus - collisions multiples,,,,,,,,,,,3,1,1,1.0,5
201200007435,0012-08-31 05:45:00,12,8,31,5,45,890,53,,,,Nuit sans éclairage public,Hors agglomération,Hors intersection,Normale,Deux véhicules - arrière,,,,,,,,,,,3,1,1,1.0,2
201200007436,0012-10-15 21:30:00,12,10,15,21,30,890,484,,47.91027,3.33293,Nuit sans éclairage public,Hors agglomération,Hors intersection,Normale,Trois véhicules et plus - collisions multiples,,,,,,,,,,,3,1,1,1.0,5
201200007437,0012-11-28 22:45:00,12,11,28,22,45,890,263,,47.85553,3.54802,Nuit sans éclairage public,Hors agglomération,Hors intersection,Temps couvert,Deux véhicules - côté,,,,,,,,,,,3,1,1,8.0,3
201200007438,0012-12-07 09:00:00,12,12,7,9,0,890,438,,,,Plein jour,Hors agglomération,Hors intersection,Neige / grêle,Autre collision,,,,,,,,,,,1,1,1,4.0,6
201200007439,0012-12-14 16:30:00,12,12,14,16,30,890,313,,47.97,3.21,Plein jour,Hors agglomération,Hors intersection,Pluie légère,Deux véhicules - frontale,,,,,,,,,,,1,1,1,2.0,1