accident_id,datetime,annee,mois,jour,heure,minute,departement,commune_insee,adresse,latitude,longitude,luminosite,agglomeration,intersection,meteo,collision,nb_vehicules,nb_usagers,nb_indemnes,nb_tues,nb_blesses_hosp,nb_blesses_legers,age_cond_1,age_cond_2,veh_type_cond_1,veh_type_cond_2,lum_code,agg_code,int_code,atm_code,col_code
201200007440,0012-12-15 00:15:00,12,12,15,0,15,890,319,,47.806,3.643,Nuit sans éclairage public,Hors agglomération,Hors intersection,Pluie forte,Deux véhicules - arrière,,,,,,,,,,,3,1,1,3.0,2
201200007441,0012-02-20 11:00:00,12,2,20,11,0,890,399,,48.25755,3.33074,Plein jour,Hors agglomération,Hors intersection,Normale,Trois véhicules et plus - collisions multiples,,,,,,,,,,,1,1,1,1.0,5
201200007442,0012-05-15 15:45:00,12,5,15,15,45,890,214,,48.24688,3.52377,Plein jour,Hors agglomération,Hors intersection,Pluie légère,Sans collision,,,,,,,,,,,1,1,1,2.0,7
201200007443,0012-05-19 17:15:00,12,5,19,17,15,890,255,,48.30689,3.24791,Plein jour,Hors agglomération,Hors intersection,Normale,Autre collision,,,,,,,,,,,1,1,1,1.0,6
201200007444,0012-08-09 01:00:00,12,8,9,1,0,450,265,,,,Nuit sans éclairage public,Hors agglomération,Hors intersection,Normale,Deux véhicules - arrière,,,,,,,,,,,3,1,1,1.0,2
201200007445,0012-09-11 05:30:00,12,9,11,5,30,890,274,,48.20934,3.22364,Nuit sans éclairage public,Hors agglomération,Hors intersection,Normale,Trois véhicules et plus - collisions multiples,,,,,,,,,,,3,1,1,1.0,5
201200007446,0012-09-24 16:00:00,12,9,24,16,0,890,298,,48.03575,3.12173,Plein jour,Hors agglomération,Hors intersection,Normale,Deux véhicules - arrière,,,,,,,,,,,1,1,1,1.0,2
201200007447,0012-10-14 08:45:00,12,10,14,8,45,890,171,,48.24371,3.49314,Plein jour,Hors agglomération,Hors intersection,Pluie forte,Sans collision,,,,,,,,,,,1,1,1,3.0,7
201200007448,0012-11-01 15:15:00,12,11,1,15,15,890,466,,48.16556,3.17647,Plein jour,Hors agglomération,Hors intersection,Temps couvert,Autre collision,,,,,,,,,,,1,1,1,8.0,6
201200007449,0012-11-02 15:30:00,12,11,2,15,30,890,298,,48.03504,3.12196,Plein jour,Hors agglomération,Hors intersection,Pluie forte,Deux véhicules - arrière,,,,,,,,,,,1,1,1,3.0,2
201200007450,0012-12-06 02:45:00,12,12,6,2,45,890,399,,,,Nuit sans éclairage public,Hors agglomération,Hors intersection,Temps couvert,Autre collision,,,,,,,,,,,3,1,1,8.0,6
201200007451,0012-12-22 19:15:00,12,12,22,19,15,890,380,,,,Nuit sans éclairage public,Hors agglomération,Hors intersection,Pluie forte,Sans collision,,,,,,,,,,,3,1,1,3.0,7
201200007452,0012-02-25 11:55:00,12,2,25,11,55,890,13,48 grande rue,47.87617,3.52304,Plein jour,En agglomération,Intersection en X,Normale,Deux véhicules - côté,,,,,,,,,,,1,2,2,1.0,3
201200007453,0012-03-16 21:15:00,12,3,16,21,15,890,337,,47.748,3.66634,Nuit sans éclairage public,Hors agglomération,Hors intersection,Normale,Deux véhicules - frontale,,,,,,,,,,,3,1,1,1.0,1
201200007454,0012-05-02 14:30:00,12,5,2,14,30,890,295,,47.81544,3.55706,Plein jour,Hors agglomération,Hors intersection,Pluie forte,Deux véhicules - frontale,,,,,,,,,,,1,1,1,3.0,1
201200007455,0012-05-30 18:15:00,12,5,30,18,15,890,83,,47.82448,3.4248,Plein jour,Hors agglomération,Hors intersection,Normale,Deux véhicules - frontale,,,,,,,,,,,1,1,1,1.0,1
201200007456,0012-07-04 19:30:00,12,7,4,19,30,890,453,Route d'Auxerre,47.79862,3.46611,Plein jour,En agglomération,Hors intersection,Temps éblouissant,Autre collision,,,,,,,,,,,1,2,1,7.0,6
201200007457,0012-07-22 14:50:00,12,7,22,14,50,890,337,,47.74,3.723,Plein jour,Hors agglomération,Hors intersection,Normale,Deux véhicules - frontale,,,,,,,,,,,1,1,1,1.0,1
201200007458,0012-10-09 17:30:00,12,10,9,17,30,890,453,,47.76909,3.45766,Plein jour,Hors agglomération,Hors intersection,Normale,Autre collision,,,,,,,,,,,1,1,1,1.0,6
201200007459,0012-10-22 07:15:00,12,10,22,7,15,890,23,,47.77362,3.61823,Nuit sans éclairage public,Hors agglomération,Hors intersection,Normale,Deux véhicules - frontale,,,,,,,,,,,3,1,1,1.0,1
201200007460,0012-11-07 17:15:00,12,11,7,17,15,890,295,,47.81782,3.54328,Crépuscule ou aube,Hors agglomération,Hors intersection,Normale,Deux véhicules - frontale,,,,,,,,,,,2,1,1,1.0,1
201200007461,0012-11-27 20:15:00,12,11,27,20,15,890,295,Grande Rue RD158,,,Nuit sans éclairage public,En agglomération,Hors intersection,Normale,Deux véhicules - côté,,,,,,,,,,,3,2,1,1.0,3
201200007462,0012-11-29 07:00:00,12,11,29,7,0,890,77,RD 606,47.73326,3.60312,Nuit sans éclairage public,En agglomération,Hors intersection,Pluie légère,Deux véhicules - côté,,,,,,,,,,,3,2,1,2.0,3
201200007463,0012-09-29 12:00:00,12,9,29,12,0,890,202,,47.71114,3.65693,Crépuscule ou aube,Hors agglomération,Hors intersection,Normale,Autre collision,,,,,,,,,,,2,1,1,1.0,6
201200007464,0012-01-09 22:40:00,12,1,9,22,40,890,101,RUE DES BOIS,47.96524,3.76588,Nuit avec éclairage allumé,En agglomération,Hors intersection,Autre,Autre collision,,,,,,,,,,,5,2,1,9.0,6
201200007465,0012-02-05 01:55:00,12,2,5,1,55,890,205,,47.93947,3.77705,Nuit sans éclairage public,Hors agglomération,Hors intersection,Normale,Sans collision,,,,,,,,,,,3,1,1,1.0,7
201200007466,0012-04-20 09:00:00,12,4,20,9,0,890,169,,47.94393,3.8686,Plein jour,Hors agglomération,Hors intersection,Temps couvert,Autre collision,,,,,,,,,,,1,1,1,8.0,6
201200007467,0012-06-22 17:30:00,12,6,22,17,30,890,345,,47.98943,3.73382,Plein jour,Hors agglomération,Hors intersection,Normale,Deux véhicules - frontale,,,,,,,,,,,1,1,1,1.0,1
201200007468,0012-09-29 16:30:00,12,9,29,16,30,890,436,,,,Plein jour,Hors agglomération,Hors intersection,Normale,Deux véhicules - frontale,,,,,,,,,,,1,1,1,1.0,1
201200007469,0012-11-13 19:15:00,12,11,13,19,15,890,345,,47.99665,3.7352,Nuit avec éclairage allumé,En agglomération,Hors intersection,Normale,Deux véhicules - côté,,,,,,,,,,,5,2,1,1.0,3
201200007470,0012-04-09 18:30:00,12,4,9,18,30,890,68,,47.82245,3.79974,Plein jour,Hors agglomération,Hors intersection,Normale,Deux véhicules - frontale,,,,,,,,,,,1,1,1,1.0,1
201200007471,0012-04-19 10:00:00,12,4,19,10,0,890,198,Grande Rue,47.86611,3.56364,Plein jour,En agglomération,Hors intersection,Normale,Deux véhicules - frontale,,,,,,,,,,,1,2,1,1.0,1
201200007472,0012-04-26 10:15:00,12,4,26,10,15,890,226,,47.8882,3.71017,Plein jour,Hors agglomération,Hors intersection,Pluie légère,Deux véhicules - frontale,,,,,,,,,,,1,1,1,2.0,1
201200007473,0012-05-25 16:00:00,12,5,25,16,0,890,34,,47.81198,3.7112,Plein jour,Hors agglomération,Hors intersection,Normale,Deux véhicules - côté,,,,,,,,,,,1,1,1,1.0,3
201200007474,0012-08-08 08:30:00,12,8,8,8,30,890,200,,47.92888,3.62364,Plein jour,Hors agglomération,Hors intersection,Normale,Deux véhicules - frontale,,,,,,,,,,,1,1,1,1.0,1
201200007475,0012-09-04 17:30:00,12,9,4,17,30,890,68,,47.81937,3.80471,Plein jour,Hors agglomération,Hors intersection,Normale,Autre collision,,,,,,,,,,,1,1,1,1.0,6
201200007476,0012-09-25 13:45:00,12,9,25,13,45,890,198,,47.86919,3.57284,Plein jour,Hors agglomération,Intersection en X,Normale,Deux véhicules - côté,,,,,,,,,,,1,1,2,1.0,3
201200007477,0012-09-26 14:00:00,12,9,26,14,0,890,198,,47.8701,3.57222,Plein jour,Hors agglomération,Hors intersection,Temps couvert,Sans collision,,,,,,,,,,,1,1,1,8.0,7
201200007478,0012-03-02 11:45:00,12,3,2,11,45,890,420,,47.53206,3.21002,Plein jour,Hors agglomération,Hors intersection,Brouillard / fumée,Autre collision,,,,,,,,,,,1,1,1,5.0,6
201200007479,0012-11-17 04:00:00,12,11,17,4,0,890,367,,47.60291,3.24868,Nuit sans éclairage public,Hors agglomération,Hors intersection,Brouillard / fumée,Autre collision,,,,,,,,,,,3,1,1,5.0,6
201200007480,0012-11-18 01:30:00,12,11,18,1,30,890,420,Lieu dit VRILLY,47.5512,3.14827,Nuit avec éclairage non allumé,Hors agglomération,Hors intersection,Normale,Autre collision,,,,,,,,,,,4,1,1,1.0,6
201200007481,0012-06-15 13:30:00,12,6,15,13,30,890,159,VC49,,,Plein jour,Hors agglomération,Hors intersection,Normale,Deux véhicules - frontale,,,,,,,,,,,1,1,1,1.0,1
201200007482,0012-08-06 20:00:00,12,8,6,20,0,890,336,,47.42431,3.96661,Plein jour,Hors agglomération,Hors intersection,Normale,Autre collision,,,,,,,,,,,1,1,1,1.0,6
201200007483,0012-10-06 16:15:00,12,10,6,16,15,890,25,,47.4818,3.89243,Plein jour,Hors agglomération,Hors intersection,Normale,Autre collision,,,,,,,,,,,1,1,1,1.0,6
201200007484,0012-10-17 10:30:00,12,10,17,10,30,890,25,RUE DE LYON,47.49153,3.91521,Plein jour,En agglomération,Hors intersection,Normale,Deux véhicules - côté,,,,,,,,,,,1,2,1,1.0,3
201200007485,0012-04-26 03:15:00,12,4,26,3,15,890,351,,,,Nuit sans éclairage public,Hors agglomération,Hors intersection,Pluie forte,Autre collision,,,,,,,,,,,3,1,1,3.0,6
201200007486,0012-06-20 20:00:00,12,6,20,20,0,890,10,grande rue,47.72728,3.95822,Plein jour,En agglomération,Hors intersection,Normale,Autre collision,,,,,,,,,,,1,2,1,1.0,6
201200007487,0012-09-23 14:00:00,12,9,23,14,0,890,381,Le Vellerot,47.51637,4.03156,Plein jour,En agglomération,Hors intersection,Normale,Autre collision,,,,,,,,,,,1,2,1,1.0,6
201200007488,0012-12-02 11:00:00,12,12,2,11,0,890,277,,,,Plein jour,Hors agglomération,Hors intersection,Temps couvert,Sans collision,,,,,,,,,,,1,1,1,8.0,7
201200007489,0012-02-01 12:30:00,12,2,1,12,30,890,67,,47.99379,3.31936,Plein jour,Hors agglomération,Hors intersection,Normale,Deux véhicules - frontale,,,,,,,,,,,1,1,1,1.0,1
201200007490,0012-02-21 15:45:00,12,2,21,15,45,890,206,Quai Leclerc,47.98275,3.39033,Plein jour,En agglomération,Hors intersection,Normale,Deux véhicules - côté,,,,,,,,,,,1,2,1,1.0,3
201200007491,0012-02-26 20:15:00,12,2,26,20,15,890,289,,47.95057,3.37185,Nuit sans éclairage public,Hors agglomération,Hors intersection,Normale,Autre collision,,,,,,,,,,,3,1,1,1.0,6
201200007492,0012-03-25 17:00:00,12,3,25,17,0,890,289,Route de Montholon,47.95155,3.37265,Plein jour,En agglomération,Hors intersection,Normale,Autre collision,,,,,,,,,,,1,2,1,1.0,6
201200007493,0012-04-21 02:10:00,12,4,21,2,10,890,289,,47.95026,3.3716,Nuit sans éclairage public,Hors agglomération,Hors intersection,Pluie légère,Autre collision,,,,,,,,,,,3,1,1,2.0,6
201200007494,0012-04-25 17:35:00,12,4,25,17,35,890,206,,47.96766,3.36824,Plein jour,Hors agglomération,Hors intersection,Pluie légère,Autre collision,,,,,,,,,,,1,1,1,2.0,6
201200007495,0012-07-13 22:15:00,12,7,13,22,15,890,37,,47.96916,3.33953,Nuit sans éclairage public,Hors agglomération,Hors intersection,Pluie légère,Deux véhicules - arrière,,,,,,,,,,,3,1,1,2.0,2
201200007496,0012-07-14 17:30:00,12,7,14,17,30,890,206,7bis Rue ROGER VARREY,47.98021,3.40214,Plein jour,En agglomération,Hors intersection,Temps couvert,Deux véhicules - côté,,,,,,,,,,,1,2,1,8.0,3
201200007497,0012-08-28 18:05:00,12,8,28,18,5,890,206,Avenue de Mayen,47.986,3.408,Plein jour,En agglomération,Hors intersection,Normale,Deux véhicules - frontale,,,,,,,,,,,1,2,1,1.0,1
201200007498,0012-10-05 15:40:00,12,10,5,15,40,890,206,RUE PORTE PERCY,47.98263,3.40482,Plein jour,En agglomération,Hors intersection,Normale,Deux véhicules - côté,,,,,,,,,,,1,2,1,1.0,3
201200007499,0012-10-17 09:45:00,12,10,17,9,45,890,230,,47.98304,3.44622,Plein jour,Hors agglomération,Hors intersection,Normale,Deux véhicules - côté,,,,,,,,,,,1,1,1,1.0,3
201200007500,0012-10-26 16:05:00,12,10,26,16,5,890,206,QUAI DU PREMIER DRAGON,47.98075,3.4002,Plein jour,En agglomération,Hors intersection,Normale,Autre collision,,,,,,,,,,,1,2,1,1.0,6
201200007501,0012-01-29 21:30:00,12,1,29,21,30,890,78,,47.93607,3.36597,Nuit sans éclairage public,Hors agglomération,Hors intersection,Normale,Autre collision,,,,,,,,,,,3,1,1,1.0,6
201200007502,0012-04-01 00:20:00,12,4,1,0,20,890,473,,47.88451,3.33911,Nuit sans éclairage public,Hors agglomération,Hors intersection,Normale,Sans collision,,,,,,,,,,,3,1,1,1.0,7
201200007503,0012-05-17 14:40:00,12,5,17,14,40,890,384,46 route de Joigny,47.91586,3.36178,Plein jour,En agglomération,Hors intersection,Normale,Deux véhicules - arrière,,,,,,,,,,,1,2,1,1.0,2
201200007504,0012-05-17 21:40:00,12,5,17,21,40,890,163,,47.88327,3.22781,Nuit sans éclairage public,Hors agglomération,Hors intersection,Normale,Autre collision,,,,,,,,,,,3,1,1,1.0,6
201200007505,0012-05-18 20:40:00,12,5,18,20,40,890,178,,47.87782,3.0386,Plein jour,Hors agglomération,Hors intersection,Pluie légère,Autre collision,,,,,,,,,,,1,1,1,2.0,6
201200007506,0012-08-15 23:00:00,12,8,15,23,0,890,3,,,,Nuit sans éclairage public,Hors agglomération,Hors intersection,Normale,Autre collision,,,,,,,,,,,3,1,1,1.0,6
201200007507,0012-08-28 15:20:00,12,8,28,15,20,890,86,Route de Courboisy,47.89119,3.09798,Plein jour,En agglomération,Hors intersection,Normale,Autre collision,,,,,,,,,,,1,2,1,1.0,6
201200007508,0012-08-31 16:05:00,12,8,31,16,5,890,88,,47.85478,3.33018,Plein jour,Hors agglomération,Hors intersection,Normale,Sans collision,,,,,,,,,,,1,1,1,1.0,7
201200007509,0012-12-23 02:30:00,12,12,23,2,30,890,78,rue montegros,,,Nuit sans éclairage public,En agglomération,Hors intersection,Normale,Autre collision,,,,,,,,,,,3,2,1,1.0,6
201200007510,0012-04-13 16:00:00,12,4,13,16,0,890,257,,47.97694,3.5563,Plein jour,Hors agglomération,Hors intersection,Normale,Deux véhicules - arrière,,,,,,,,,,,1,1,1,1.0,2
201200007511,0012-06-15 16:00:00,12,6,15,16,0,890,85,,47.94686,3.50096,Plein jour,Hors agglomération,Hors intersection,Normale,Autre collision,,,,,,,,,,,1,1,1,1.0,6
201200007512,0012-09-01 17:20:00,12,9,1,17,20,890,156,,47.98911,3.59016,Plein jour,Hors agglomération,Hors intersection,Normale,Trois véhicules et plus - collisions multiples,,,,,,,,,,,1,1,1,1.0,5
201200007513,0012-10-18 11:45:00,12,10,18,11,45,890,257,PLACE HOTEL DE VILLE,47.96489,3.52249,Plein jour,En agglomération,Intersection en T,Normale,Deux véhicules - côté,,,,,,,,,,,1,2,3,1.0,3
201200007514,0012-11-03 11:30:00,12,11,3,11,30,890,218,27 rue Georges GUYOT,47.96388,3.48193,Plein jour,En agglomération,Hors intersection,Normale,Autre collision,,,,,,,,,,,1,2,1,1.0,6
201200007515,0012-12-15 15:15:00,12,12,15,15,15,890,55,grande rue,,,Plein jour,En agglomération,Hors intersection,Normale,Trois véhicules et plus - collisions multiples,,,,,,,,,,,1,2,1,1.0,5
201200007516,0012-02-29 20:45:00,12,2,29,20,45,890,160,,48.14656,3.28172,Nuit sans éclairage public,Hors agglomération,Hors intersection,Normale,Autre collision,,,,,,,,,,,3,1,1,1.0,6
201200007517,0012-09-06 09:00:00,12,9,6,9,0,890,245,,48.11731,3.27211,Nuit sans éclairage public,Hors agglomération,Hors intersection,Normale,Deux véhicules - côté,,,,,,,,,,,3,1,1,1.0,3
201200007518,0012-09-09 18:45:00,12,9,9,18,45,890,214,,48.26927,3.48412,Plein jour,Hors agglomération,Hors intersection,Normale,Sans collision,,,,,,,,,,,1,1,1,1.0,7
201200007519,0012-09-25 10:15:00,12,9,25,10,15,890,240,,,,Crépuscule ou aube,Hors agglomération,Hors intersection,Pluie forte,Deux véhicules - frontale,,,,,,,,,,,2,1,1,3.0,1
201200007520,0012-09-30 11:45:00,12,9,30,11,45,890,239,,,,Plein jour,En agglomération,Hors intersection,Normale,Sans collision,,,,,,,,,,,1,2,1,1.0,7
201200007521,0012-10-09 11:45:00,12,10,9,11,45,890,399,,48.26304,3.34157,Plein jour,Hors agglomération,Hors intersection,Pluie légère,Sans collision,,,,,,,,,,,1,1,1,2.0,7
201200007522,0012-11-05 14:45:00,12,11,5,14,45,890,240,,48.17682,3.36487,Crépuscule ou aube,Hors agglomération,Hors intersection,Pluie légère,Trois véhicules et plus - collisions multiples,,,,,,,,,,,2,1,1,2.0,5
201200007523,0012-12-08 02:15:00,12,12,8,2,15,890,107,,,,Nuit sans éclairage public,Hors agglomération,Hors intersection,Normale,Sans collision,,,,,,,,,,,3,1,1,1.0,7
201200007524,0012-12-25 17:15:00,12,12,25,17,15,890,245,,,,Nuit sans éclairage public,Hors agglomération,Hors intersection,Pluie légère,Sans collision,,,,,,,,,,,3,1,1,2.0,7
201200007525,0012-01-02 20:15:00,12,1,2,20,15,890,465,,48.26815,3.23366,Nuit sans éclairage public,Hors agglomération,Hors intersection,Normale,Deux véhicules - côté,,,,,,,,,,,3,1,1,1.0,3
201200007526,0012-01-07 17:15:00,12,1,7,17,15,890,460,,48.34167,3.05531,Plein jour,Hors agglomération,Hors intersection,Normale,Trois véhicules et plus - collisions multiples,,,,,,,,,,,1,1,1,1.0,5
201200007527,0012-04-21 10:00:00,12,4,21,10,0,890,332,,48.32524,3.05894,Plein jour,Hors agglomération,Hors intersection,Pluie légère,Autre collision,,,,,,,,,,,1,1,1,2.0,6
201200007528,0012-06-07 17:30:00,12,6,7,17,30,890,309,Parking,,,Plein jour,En agglomération,Place,Normale,Autre collision,,,,,,,,,,,1,2,7,1.0,6
201200007529,0012-09-21 14:30:00,12,9,21,14,30,890,460,17 ROUTE DE BLANCHE,48.31973,3.03305,Plein jour,Hors agglomération,Hors intersection,Normale,Sans collision,,,,,,,,,,,1,1,1,1.0,7
201200007530,0012-12-02 19:00:00,12,12,2,19,0,890,456,,,,Nuit sans éclairage public,Hors agglomération,Hors intersection,Normale,Deux véhicules - côté,,,,,,,,,,,3,1,1,1.0,3
201200007531,0012-12-31 15:15:00,12,12,31,15,15,890,391,,,,Plein jour,Hors agglomération,Intersection en T,Normale,Deux véhicules - côté,,,,,,,,,,,1,1,3,1.0,3
201200007532,0012-01-15 03:00:00,12,1,15,3,0,890,151,,48.10956,3.17416,Nuit sans éclairage public,Hors agglomération,Hors intersection,Normale,Autre collision,,,,,,,,,,,3,1,1,1.0,6
201200007533,0012-05-17 10:30:00,12,5,17,10,30,890,459,,48.13592,3.16283,Plein jour,Hors agglomération,Hors intersection,Normale,Sans collision,,,,,,,,,,,1,1,1,1.0,7
201200007534,0012-01-25 20:45:00,12,1,25,20,45,890,464,,48.105,3.277,Nuit sans éclairage public,Hors agglomération,Hors intersection,Pluie légère,Deux véhicules - frontale,,,,,,,,,,,3,1,1,2.0,1
201200007535,0012-07-31 21:30:00,12,7,31,21,30,890,60,,48.07733,3.27632,Crépuscule ou aube,Hors agglomération,Intersection en X,Normale,Trois véhicules et plus - en chaîne,,,,,,,,,,,2,1,2,1.0,4
201200007536,0012-08-26 18:15:00,12,8,26,18,15,890,348,ROUTE DE LA CHAPELLE,48.02873,3.29662,Plein jour,En agglomération,Hors intersection,Normale,Autre collision,,,,,,,,,,,1,2,1,1.0,6
201200007537,0012-10-31 23:30:00,12,10,31,23,30,890,348,,48.02159,3.25027,Nuit sans éclairage public,Hors agglomération,Hors intersection,Normale,Sans collision,,,,,,,,,,,3,1,1,1.0,7
201200007538,0012-06-30 16:00:00,12,6,30,16,0,890,168,,47.81526,3.89576,Plein jour,Hors agglomération,Hors intersection,Normale,Autre collision,,,,,,,,,,,1,1,1,1.0,6
201200007539,0012-07-25 11:00:00,12,7,25,11,0,890,280,,47.70989,4.17855,Plein jour,Hors agglomération,Hors intersection,Normale,Deux véhicules - côté,,,,,,,,,,,1,1,1,1.0,3
201200007540,0012-01-08 11:30:00,12,1,8,11,30,250,410,Route de Lausanne,47.234,6.062,Plein jour,En agglomération,Hors intersection,Normale,Trois véhicules et plus - en chaîne,,,,,,,,,,,1,2,1,1.0,4
201200007541,0012-10-24 16:15:00,12,10,24,16,15,250,27,15 route de Levier,47.203,6.003,Plein jour,En agglomération,Hors intersection,Normale,Deux véhicules - côté,,,,,,,,,,,1,2,1,1.0,3
201200007542,0012-10-28 19:45:00,12,10,28,19,45,250,112,Route de Belfort,47.269,6.067,Nuit avec éclairage allumé,En agglomération,Hors intersection,Brouillard / fumée,Deux véhicules - côté,,,,,,,,,,,5,2,1,5.0,3
201200007543,0012-11-23 10:00:00,12,11,23,10,0,250,245,,,,Plein jour,Hors agglomération,Hors intersection,Normale,Deux véhicules - frontale,,,,,,,,,,,1,1,1,1.0,1
201200007544,0012-11-27 14:30:00,12,11,27,14,30,250,437,,,,Plein jour,Hors agglomération,Hors intersection,Pluie légère,Deux véhicules - côté,,,,,,,,,,,1,1,1,2.0,3
201200007545,0012-10-01 22:30:00,12,10,1,22,30,250,537,,47.117,6.104,Nuit avec éclairage allumé,Hors agglomération,Hors intersection,Normale,Sans collision,,,,,,,,,,,5,1,1,1.0,7
201200007546,0012-10-11 17:00:00,12,10,11,17,0,250,558,,47.176,6.073,Plein jour,Hors agglomération,Hors intersection,Normale,Deux véhicules - frontale,,,,,,,,,,,1,1,1,1.0,1
201200007547,0012-03-28 16:45:00,12,3,28,16,45,250,488,RN83,,,Plein jour,En agglomération,Hors intersection,Normale,Deux véhicules - côté,,,,,,,,,,,1,2,1,1.0,3
201200007548,0012-03-28 16:30:00,12,3,28,16,30,250,195,,,,Plein jour,Hors agglomération,Hors intersection,Normale,Autre collision,,,,,,,,,,,1,1,1,1.0,6
201200007549,0012-04-27 16:00:00,12,4,27,16,0,250,220,,47.122,6.036,Plein jour,Hors agglomération,Hors intersection,Temps couvert,Deux véhicules - frontale,,,,,,,,,,,1,1,1,8.0,1
201200007550,0012-05-30 13:45:00,12,5,30,13,45,250,488,,,,Plein jour,Hors agglomération,Hors intersection,Normale,Deux véhicules - frontale,,,,,,,,,,,1,1,1,1.0,1
201200007551,0012-07-13 17:45:00,12,7,13,17,45,250,527,RUE DES BELLES OUVRIERES,47.187,5.812,Plein jour,En agglomération,Hors intersection,Pluie légère,Autre collision,,,,,,,,,,,1,2,1,2.0,6
201200007552,0012-07-16 19:45:00,12,7,16,19,45,250,21,1 sentier de roche,47.039,5.792,Plein jour,En agglomération,Intersection en T,Temps éblouissant,Deux véhicules - côté,,,,,,,,,,,1,2,3,7.0,3
201200007553,0012-07-24 19:15:00,12,7,24,19,15,250,527,rue des belles ouvri?res,47.188,5.818,Plein jour,En agglomération,Hors intersection,Normale,Sans collision,,,,,,,,,,,1,2,1,1.0,7
201200007554,0012-08-12 03:15:00,12,8,12,3,15,250,147,,47.229,5.885,Nuit sans éclairage public,Hors agglomération,Hors intersection,Normale,Autre collision,,,,,,,,,,,3,1,1,1.0,6
201200007555,0012-08-26 18:00:00,12,8,26,18,0,250,55,,47.202,5.789,Plein jour,Hors agglomération,Hors intersection,Normale,Deux véhicules - frontale,,,,,,,,,,,1,1,1,1.0,1
201200007556,0012-09-06 07:30:00,12,9,6,7,30,250,527,rue du Moulin du pré,47.17987,5.80733,Plein jour,En agglomération,Hors intersection,Normale,Deux véhicules - frontale,,,,,,,,,,,1,2,1,1.0,1
201200007557,0012-11-25 07:30:00,12,11,25,7,30,250,527,,47.193,5.833,Crépuscule ou aube,Hors agglomération,Hors intersection,Normale,Autre collision,,,,,,,,,,,2,1,1,1.0,6
201200007558,0012-12-14 22:20:00,12,12,14,22,20,250,21,,,,Nuit sans éclairage public,Hors agglomération,Hors intersection,Pluie forte,Autre collision,,,,,,,,,,,3,1,1,3.0,6
201200007559,0012-01-26 10:00:00,12,1,26,10,0,250,428,11 rue sous le coteau,47.53958,6.84499,Plein jour,En agglomération,Hors intersection,Temps couvert,Autre collision,,,,,,,,,,,1,2,1,8.0,6
201200007560,0012-07-14 18:15:00,12,7,14,18,15,250,57,7 rue Léonard De Vinci,47.53651,6.80652,Plein jour,En agglomération,Hors intersection,Normale,Autre collision,,,,,,,,,,,1,2,1,1.0,6
201200007561,0012-09-28 20:30:00,12,9,28,20,30,250,57,,47.526,6.803,Nuit sans éclairage public,Hors agglomération,Hors intersection,Normale,Deux véhicules - frontale,,,,,,,,,,,3,1,1,1.0,1
201200007562,0012-01-04 07:45:00,12,1,4,7,45,250,48,62 Grande rue,,,Crépuscule ou aube,En agglomération,Hors intersection,Pluie légère,Autre collision,,,,,,,,,,,2,2,1,2.0,6
201200007563,0012-02-06 20:00:00,12,2,6,20,0,250,526,64 bis rue de Besan?on,47.843,6.291,Nuit avec éclairage allumé,En agglomération,Hors intersection,Normale,Autre collision,,,,,,,,,,,5,2,1,1.0,6
201200007564,0012-02-11 22:00:00,12,2,11,22,0,250,159,,,,Nuit sans éclairage public,Hors agglomération,Hors intersection,Normale,Deux véhicules - frontale,,,,,,,,,,,3,1,1,1.0,1
201200007565,0012-02-17 18:45:00,12,2,17,18,45,250,48,grande rue,,,Nuit avec éclairage allumé,En agglomération,Hors intersection,Normale,Trois véhicules et plus - collisions multiples,,,,,,,,,,,5,2,1,1.0,5
201200007566,0012-05-01 17:45:00,12,5,1,17,45,250,48,10 rue des Cerisisers,,,Plein jour,En agglomération,Hors intersection,Normale,Trois véhicules et plus - collisions multiples,,,,,,,,,,,1,2,1,1.0,5
201200007567,0012-05-04 09:45:00,12,5,4,9,45,250,632,20 rue de Dampierre,,,Plein jour,En agglomération,Hors intersection,Normale,Deux véhicules - côté,,,,,,,,,,,1,2,1,1.0,3
201200007568,0012-06-02 13:45:00,12,6,2,13,45,250,48,route de présentevillers,,,Plein jour,En agglomération,Hors intersection,Normale,Deux véhicules - côté,,,,,,,,,,,1,2,1,1.0,3
201200007569,0012-11-03 23:30:00,12,11,3,23,30,250,13,,,,Nuit sans éclairage public,Hors agglomération,Hors intersection,Pluie légère,Deux véhicules - côté,,,,,,,,,,,3,1,1,2.0,3
201200007570,0012-04-25 14:30:00,12,4,25,14,30,250,586,9 rue du parcours,47.471,6.88,Plein jour,En agglomération,Hors intersection,Normale,Autre collision,,,,,,,,,,,1,2,1,1.0,6