accident_id,datetime,annee,mois,jour,heure,minute,departement,commune_insee,adresse,latitude,longitude,luminosite,agglomeration,intersection,meteo,collision,nb_vehicules,nb_usagers,nb_indemnes,nb_tues,nb_blesses_hosp,nb_blesses_legers,age_cond_1,age_cond_2,veh_type_cond_1,veh_type_cond_2,lum_code,agg_code,int_code,atm_code,col_code
201200007571,0012-04-26 21:25:00,12,4,26,21,25,250,190,7 rue du gros pr?,47.517,6.93,Nuit avec éclairage allumé,En agglomération,Hors intersection,Normale,Autre collision,,,,,,,,,,,5,2,1,1.0,6
201200007572,0012-05-12 18:45:00,12,5,12,18,45,250,4,,47.443,6.932,Plein jour,Hors agglomération,Hors intersection,Normale,Autre collision,,,,,,,,,,,1,1,1,1.0,6
201200007573,0012-05-30 14:45:00,12,5,30,14,45,250,196,RUE DE LA GARE,47.482,6.896,Plein jour,En agglomération,Hors intersection,Normale,Deux véhicules - frontale,,,,,,,,,,,1,2,1,1.0,1
201200007574,0012-06-10 17:30:00,12,6,10,17,30,250,304,41 rue du Docteur Quelet,47.43427,6.88584,Plein jour,En agglomération,Hors intersection,Pluie légère,Deux véhicules - frontale,,,,,,,,,,,1,2,1,2.0,1
201200007575,0012-07-06 21:00:00,12,7,6,21,0,250,586,,,,Crépuscule ou aube,Hors agglomération,Hors intersection,Normale,Sans collision,,,,,,,,,,,2,1,1,1.0,7
201200007576,0012-08-12 13:45:00,12,8,12,13,45,250,237,,47.523,6.889,Plein jour,Hors agglomération,Hors intersection,Normale,Autre collision,,,,,,,,,,,1,1,1,1.0,6
201200007577,0012-12-13 18:00:00,12,12,13,18,0,250,228,av général de gaulle,47.51,6.862,Nuit avec éclairage allumé,En agglomération,Hors intersection,Neige / grêle,Autre collision,,,,,,,,,,,5,2,1,4.0,6
201200007578,0012-01-05 20:30:00,12,1,5,20,30,250,463,lieu-dit La Culbute,47.404,6.767,Nuit avec éclairage allumé,En agglomération,Hors intersection,Pluie forte,Autre collision,,,,,,,,,,,5,2,1,3.0,6
201200007579,0012-05-20 11:45:00,12,5,20,11,45,250,275,,,,Plein jour,Hors agglomération,Hors intersection,Normale,Autre collision,,,,,,,,,,,1,1,1,1.0,6
201200007580,0012-06-01 17:00:00,12,6,1,17,0,250,370,,47.455,6.771,Plein jour,Hors agglomération,Hors intersection,Normale,Deux véhicules - frontale,,,,,,,,,,,1,1,1,1.0,1
201200007581,0012-06-21 13:00:00,12,6,21,13,0,250,387,,47.294,6.817,Plein jour,Hors agglomération,Hors intersection,Temps éblouissant,Autre collision,,,,,,,,,,,1,1,1,7.0,6
201200007582,0012-07-07 15:45:00,12,7,7,15,45,250,519,,47.299,6.806,Plein jour,Hors agglomération,Hors intersection,Normale,Autre collision,,,,,,,,,,,1,1,1,1.0,6
201200007583,0012-07-25 12:00:00,12,7,25,12,0,250,485,,47.38,6.7,Plein jour,Hors agglomération,Hors intersection,Normale,Sans collision,,,,,,,,,,,1,1,1,1.0,7
201200007584,0012-08-19 10:15:00,12,8,19,10,15,250,387,,47.291,6.819,Plein jour,Hors agglomération,Hors intersection,Normale,Sans collision,,,,,,,,,,,1,1,1,1.0,7
201200007585,0012-09-05 12:15:00,12,9,5,12,15,250,387,,47.296,6.814,Plein jour,Hors agglomération,Hors intersection,Normale,Autre collision,,,,,,,,,,,1,1,1,1.0,6
201200007586,0012-09-14 19:45:00,12,9,14,19,45,250,370,,47.452,6.778,Crépuscule ou aube,Hors agglomération,Hors intersection,Normale,Deux véhicules - frontale,,,,,,,,,,,2,1,1,1.0,1
201200007587,0012-09-19 14:00:00,12,9,19,14,0,250,387,,47.3,6.814,Plein jour,Hors agglomération,Hors intersection,Temps éblouissant,Trois véhicules et plus - collisions multiples,,,,,,,,,,,1,1,1,7.0,5
201200007588,0012-10-13 22:30:00,12,10,13,22,30,250,497,1B RUE CUVIER RD122,,,Nuit sans éclairage public,En agglomération,Hors intersection,Normale,Autre collision,,,,,,,,,,,3,2,1,1.0,6
201200007589,0012-10-20 15:30:00,12,10,20,15,30,250,138,,47.324,6.749,Plein jour,Hors agglomération,Intersection en T,Normale,Deux véhicules - côté,,,,,,,,,,,1,1,3,1.0,3
201200007590,0012-10-31 14:00:00,12,10,31,14,0,250,519,13 rue sous la roche,47.33,6.814,Plein jour,En agglomération,Hors intersection,Normale,Deux véhicules - côté,,,,,,,,,,,1,2,1,1.0,3
201200007591,0012-12-09 14:45:00,12,12,9,14,45,250,370,,47.461,6.797,Plein jour,Hors agglomération,Hors intersection,Normale,Autre collision,,,,,,,,,,,1,1,1,1.0,6
201200007592,0012-04-29 05:30:00,12,4,29,5,30,250,47,,47.363,6.401,Nuit sans éclairage public,Hors agglomération,Hors intersection,Normale,Autre collision,,,,,,,,,,,3,1,1,1.0,6
201200007593,0012-12-31 11:30:00,12,12,31,11,30,250,47,2 rue Sauvegrain,47.345,6.367,Plein jour,Hors agglomération,Hors intersection,Normale,Deux véhicules - frontale,,,,,,,,,,,1,1,1,1.0,1
201200007594,0012-06-21 21:00:00,12,6,21,21,0,250,22,RUE DES DALHIAS,47.52455,6.65977,Plein jour,En agglomération,Hors intersection,Normale,Sans collision,,,,,,,,,,,1,2,1,1.0,7
201200007595,0012-07-06 16:15:00,12,7,6,16,15,250,83,Grande Rue,,,Plein jour,En agglomération,Hors intersection,Normale,Deux véhicules - côté,,,,,,,,,,,1,2,1,1.0,3
201200007596,0012-07-27 07:15:00,12,7,27,7,15,250,431,,47.506,6.629,Crépuscule ou aube,Hors agglomération,Intersection en T,Temps éblouissant,Deux véhicules - côté,,,,,,,,,,,2,1,3,7.0,3
201200007597,0012-07-27 13:00:00,12,7,27,13,0,250,372,,,,Plein jour,Hors agglomération,Hors intersection,Normale,Deux véhicules - côté,,,,,,,,,,,1,1,1,1.0,3
201200007598,0012-07-24 20:30:00,12,7,24,20,30,250,315,,47.437,6.583,Plein jour,Hors agglomération,Hors intersection,Normale,Autre collision,,,,,,,,,,,1,1,1,1.0,6
201200007599,0012-04-28 23:00:00,12,4,28,23,0,250,506,,47.406,6.265,Nuit sans éclairage public,Hors agglomération,Hors intersection,Normale,Sans collision,,,,,,,,,,,3,1,1,1.0,7
201200007600,0012-06-10 17:30:00,12,6,10,17,30,250,468,,,,Plein jour,Hors agglomération,Hors intersection,Normale,Deux véhicules - frontale,,,,,,,,,,,1,1,1,1.0,1
201200007601,0012-07-13 00:15:00,12,7,13,0,15,250,368,,47.317,6.1,Nuit sans éclairage public,Hors agglomération,Hors intersection,Normale,Deux véhicules - frontale,,,,,,,,,,,3,1,1,1.0,1
201200007602,0012-02-19 18:30:00,12,2,19,18,30,250,222,,,,Plein jour,Hors agglomération,Hors intersection,Normale,Trois véhicules et plus - en chaîne,,,,,,,,,,,1,1,1,1.0,4
201200007603,0012-02-28 09:30:00,12,2,28,9,30,250,262,,,,Plein jour,Hors agglomération,Hors intersection,Normale,Deux véhicules - frontale,,,,,,,,,,,1,1,1,1.0,1
201200007604,0012-03-18 12:45:00,12,3,18,12,45,250,550,,,,Plein jour,Hors agglomération,Hors intersection,Pluie légère,Sans collision,,,,,,,,,,,1,1,1,2.0,7
201200007605,0012-03-24 12:00:00,12,3,24,12,0,250,578,rue de lattre de tassign,,,Plein jour,En agglomération,Hors intersection,Normale,Deux véhicules - arrière,,,,,,,,,,,1,2,1,1.0,2
201200007606,0012-03-30 16:45:00,12,3,30,16,45,250,39,rue de la gare,47.13271,6.43472,Plein jour,En agglomération,Hors intersection,Normale,Deux véhicules - côté,,,,,,,,,,,1,2,1,1.0,3
201200007607,0012-04-16 13:45:00,12,4,16,13,45,250,262,,,,Plein jour,Hors agglomération,Hors intersection,Pluie légère,Deux véhicules - frontale,,,,,,,,,,,1,1,1,2.0,1
201200007608,0012-04-28 02:00:00,12,4,28,2,0,250,262,,,,Nuit sans éclairage public,Hors agglomération,Hors intersection,Normale,Sans collision,,,,,,,,,,,3,1,1,1.0,7
201200007609,0012-06-18 22:45:00,12,6,18,22,45,250,39,,,,Nuit sans éclairage public,Hors agglomération,Hors intersection,Normale,Deux véhicules - arrière,,,,,,,,,,,3,1,1,1.0,2
201200007610,0012-06-20 19:00:00,12,6,20,19,0,250,262,,,,Plein jour,Hors agglomération,Hors intersection,Normale,Deux véhicules - frontale,,,,,,,,,,,1,1,1,1.0,1
201200007611,0012-06-21 19:30:00,12,6,21,19,30,250,585,,,,Plein jour,Hors agglomération,Hors intersection,Normale,Deux véhicules - arrière,,,,,,,,,,,1,1,1,1.0,2
201200007612,0012-07-27 16:15:00,12,7,27,16,15,250,432,,,,Plein jour,Hors agglomération,Hors intersection,Normale,Deux véhicules - frontale,,,,,,,,,,,1,1,1,1.0,1
201200007613,0012-08-04 17:45:00,12,8,4,17,45,250,262,,,,Plein jour,Hors agglomération,Hors intersection,Normale,Deux véhicules - frontale,,,,,,,,,,,1,1,1,1.0,1
201200007614,0012-08-11 05:45:00,12,8,11,5,45,250,262,,47.12977,6.60902,Plein jour,Hors agglomération,Hors intersection,Normale,Sans collision,,,,,,,,,,,1,1,1,1.0,7
201200007615,0012-08-18 05:15:00,12,8,18,5,15,250,578,,,,Nuit sans éclairage public,Hors agglomération,Hors intersection,Normale,Autre collision,,,,,,,,,,,3,1,1,1.0,6
201200007616,0012-09-06 19:30:00,12,9,6,19,30,250,288,,,,Crépuscule ou aube,Hors agglomération,Hors intersection,Normale,Deux véhicules - côté,,,,,,,,,,,2,1,1,1.0,3
201200007617,0012-10-31 14:30:00,12,10,31,14,30,250,222,,,,Plein jour,Hors agglomération,Hors intersection,Normale,Deux véhicules - frontale,,,,,,,,,,,1,1,1,1.0,1
201200007618,0012-11-01 17:00:00,12,11,1,17,0,250,585,,,,Plein jour,Hors agglomération,Hors intersection,Pluie légère,Deux véhicules - côté,,,,,,,,,,,1,1,1,2.0,3
201200007619,0012-11-16 04:00:00,12,11,16,4,0,250,432,,,,Nuit sans éclairage public,Hors agglomération,Hors intersection,Brouillard / fumée,Autre collision,,,,,,,,,,,3,1,1,5.0,6
201200007620,0012-11-24 07:00:00,12,11,24,7,0,250,288,,,,Crépuscule ou aube,Hors agglomération,Hors intersection,Normale,Autre collision,,,,,,,,,,,2,1,1,1.0,6
201200007621,0012-12-10 11:15:00,12,12,10,11,15,250,218,,,,Plein jour,Hors agglomération,Hors intersection,Neige / grêle,Deux véhicules - frontale,,,,,,,,,,,1,1,1,4.0,1
201200007622,0012-12-17 12:00:00,12,12,17,12,0,250,578,rue de l'église,47.14857,6.34518,Plein jour,En agglomération,Hors intersection,Pluie légère,Autre collision,,,,,,,,,,,1,2,1,2.0,6
201200007623,0012-12-23 16:15:00,12,12,23,16,15,250,585,,,,Plein jour,Hors agglomération,Hors intersection,Normale,Autre collision,,,,,,,,,,,1,1,1,1.0,6
201200007624,0012-12-29 21:00:00,12,12,29,21,0,250,325,,,,Nuit sans éclairage public,Hors agglomération,Hors intersection,Normale,Deux véhicules - frontale,,,,,,,,,,,3,1,1,1.0,1
201200007625,0012-03-01 16:00:00,12,3,1,16,0,250,541,,,,Plein jour,Hors agglomération,Intersection en X,Normale,Deux véhicules - frontale,,,,,,,,,,,1,1,2,1.0,1
201200007626,0012-06-26 09:00:00,12,6,26,9,0,250,157,,,,Plein jour,Hors agglomération,Hors intersection,Pluie légère,Deux véhicules - frontale,,,,,,,,,,,1,1,1,2.0,1
201200007627,0012-06-27 13:00:00,12,6,27,13,0,250,157,,46.877,6.395,Plein jour,Hors agglomération,Hors intersection,Normale,Deux véhicules - frontale,,,,,,,,,,,1,1,1,1.0,1
201200007628,0012-07-08 05:00:00,12,7,8,5,0,250,515,,46.876,6.253,Nuit sans éclairage public,Hors agglomération,Hors intersection,Normale,Autre collision,,,,,,,,,,,3,1,1,1.0,6
201200007629,0012-03-10 03:45:00,12,3,10,3,45,250,320,,,,Nuit sans éclairage public,Hors agglomération,Hors intersection,Normale,Deux véhicules - frontale,,,,,,,,,,,3,1,1,1.0,1
201200007630,0012-05-11 11:30:00,12,5,11,11,30,250,131,,,,Plein jour,Hors agglomération,Hors intersection,Normale,Deux véhicules - frontale,,,,,,,,,,,1,1,1,1.0,1
201200007631,0012-10-04 06:15:00,12,10,4,6,15,250,307,,,,Crépuscule ou aube,Hors agglomération,Hors intersection,Pluie légère,Deux véhicules - arrière,,,,,,,,,,,2,1,1,2.0,2
201200007632,0012-12-25 15:45:00,12,12,25,15,45,250,307,RUE DU VILLAGE TELESIEGE,46.77315,6.35207,Plein jour,En agglomération,Hors intersection,Normale,Deux véhicules - côté,,,,,,,,,,,1,2,1,1.0,3
201200007633,0012-01-03 14:45:00,12,1,3,14,45,250,240,,47.076,6.616,Plein jour,Hors agglomération,Hors intersection,Normale,Trois véhicules et plus - collisions multiples,,,,,,,,,,,1,1,1,1.0,5
201200007634,0012-02-20 16:45:00,12,2,20,16,45,250,160,,47.057,6.54,Plein jour,Hors agglomération,Hors intersection,Normale,Sans collision,,,,,,,,,,,1,1,1,1.0,7
201200007635,0012-02-19 15:15:00,12,2,19,15,15,250,411,5 rue Saint Michel,47.05677,6.608,Plein jour,En agglomération,Hors intersection,Normale,Sans collision,,,,,,,,,,,1,2,1,1.0,7
201200007636,0012-02-26 18:45:00,12,2,26,18,45,250,512,Av maréchal delattre de,,,Nuit avec éclairage allumé,En agglomération,Hors intersection,Normale,Deux véhicules - frontale,,,,,,,,,,,5,2,1,1.0,1
201200007637,0012-04-05 04:30:00,12,4,5,4,30,250,296,,46.984,6.535,Nuit sans éclairage public,Hors agglomération,Hors intersection,Pluie forte,Sans collision,,,,,,,,,,,3,1,1,3.0,7
201200007638,0012-04-11 21:15:00,12,4,11,21,15,250,620,,46.994,6.502,Nuit sans éclairage public,Hors agglomération,Hors intersection,Pluie légère,Sans collision,,,,,,,,,,,3,1,1,2.0,7
201200007639,0012-06-06 14:00:00,12,6,6,14,0,250,240,RUE DU COTEAU,47.06977,6.61596,Plein jour,En agglomération,Hors intersection,Normale,Deux véhicules - frontale,,,,,,,,,,,1,2,1,1.0,1
201200007640,0012-08-23 20:00:00,12,8,23,20,0,250,296,,,,Plein jour,Hors agglomération,Hors intersection,Normale,Autre collision,,,,,,,,,,,1,1,1,1.0,6
201200007641,0012-09-02 04:15:00,12,9,2,4,15,250,50,,,,Nuit sans éclairage public,Hors agglomération,Hors intersection,Pluie légère,Sans collision,,,,,,,,,,,3,1,1,2.0,7
201200007642,0012-09-24 11:30:00,12,9,24,11,30,250,411,rue de la cote (CD48),,,Plein jour,En agglomération,Hors intersection,Pluie forte,Autre collision,,,,,,,,,,,1,2,1,3.0,6
201200007643,0012-11-11 05:15:00,12,11,11,5,15,250,411,chemin du mont vouillot,47.05729,6.57834,Nuit sans éclairage public,Hors agglomération,Hors intersection,Pluie légère,Sans collision,,,,,,,,,,,3,1,1,2.0,7
201200007644,0012-11-16 02:30:00,12,11,16,2,30,250,321,,,,Nuit sans éclairage public,Hors agglomération,Hors intersection,Brouillard / fumée,Deux véhicules - frontale,,,,,,,,,,,3,1,1,5.0,1
201200007645,0012-12-07 08:30:00,12,12,7,8,30,250,411,,47.05,6.588,Plein jour,Hors agglomération,Hors intersection,Temps couvert,Trois véhicules et plus - collisions multiples,,,,,,,,,,,1,1,1,8.0,5
201200007646,0012-01-01 05:45:00,12,1,1,5,45,390,458,,,,Nuit sans éclairage public,Hors agglomération,Hors intersection,Pluie forte,Autre collision,,,,,,,,,,,3,1,1,3.0,6
201200007647,0012-06-10 15:10:00,12,6,10,15,10,40,70,JUIN (AV. MAR.),,,Plein jour,En agglomération,Hors intersection,Pluie légère,Deux véhicules - frontale,,,,,,,,,,,1,2,1,2.0,1
201200007648,0012-06-18 20:20:00,12,6,18,20,20,40,70,ONZE NOVEMBRE 1918 (RD P,,,Plein jour,En agglomération,Hors intersection,Normale,Deux véhicules - côté,,,,,,,,,,,1,2,1,1.0,3
201200007649,0012-06-18 16:40:00,12,6,18,16,40,40,70,NOEL (AV. DU COL.),,,Plein jour,En agglomération,Hors intersection,Normale,Sans collision,,,,,,,,,,,1,2,1,1.0,7
201200007650,0012-06-10 09:45:00,12,6,10,9,45,40,70,Rue Arnoux/Bvd V.HUGO,,,Plein jour,En agglomération,Hors intersection,Normale,Autre collision,,,,,,,,,,,1,2,1,1.0,6
201200007651,0012-11-14 15:35:00,12,11,14,15,35,40,70,COURBON (RTE),,,Plein jour,En agglomération,Hors intersection,Temps éblouissant,Sans collision,,,,,,,,,,,1,2,1,7.0,7
201200007652,0012-02-25 01:00:00,12,2,25,1,0,390,177,,,,Nuit sans éclairage public,Hors agglomération,Hors intersection,Normale,Autre collision,,,,,,,,,,,3,1,1,1.0,6
201200007653,0012-04-07 07:00:00,12,4,7,7,0,390,492,,,,Plein jour,Hors agglomération,Hors intersection,Pluie légère,Autre collision,,,,,,,,,,,1,1,1,2.0,6
201200007654,0012-05-26 16:15:00,12,5,26,16,15,390,158,,,,Plein jour,Hors agglomération,Hors intersection,Normale,Sans collision,,,,,,,,,,,1,1,1,1.0,7
201200007655,0012-05-29 16:45:00,12,5,29,16,45,390,148,route du mal pommier RD,,,Plein jour,En agglomération,Intersection en Y,Temps éblouissant,Deux véhicules - côté,,,,,,,,,,,1,2,4,7.0,3
201200007656,0012-10-15 16:00:00,12,10,15,16,0,390,564,,46.371,5.438,Plein jour,Hors agglomération,Intersection en X,Normale,Deux véhicules - côté,,,,,,,,,,,1,1,2,1.0,3
201200007657,0012-01-06 00:30:00,12,1,6,0,30,390,279,,46.722,5.474,Nuit sans éclairage public,Hors agglomération,Hors intersection,Normale,Deux véhicules - arrière,,,,,,,,,,,3,1,1,1.0,2
201200007658,0012-01-06 20:30:00,12,1,6,20,30,390,471,,46.719,5.475,Nuit sans éclairage public,Hors agglomération,Hors intersection,Normale,Autre collision,,,,,,,,,,,3,1,1,1.0,6
201200007659,0012-04-28 03:00:00,12,4,28,3,0,390,17,RUE DE LA RIGOLE,46.767,5.533,Nuit sans éclairage public,En agglomération,Hors intersection,Normale,Autre collision,,,,,,,,,,,3,2,1,1.0,6
201200007660,0012-08-13 01:30:00,12,8,13,1,30,390,471,,46.751,5.492,Nuit sans éclairage public,Hors agglomération,Hors intersection,Normale,Autre collision,,,,,,,,,,,3,1,1,1.0,6
201200007661,0012-08-20 22:00:00,12,8,20,22,0,390,56,rue du rondeau,46.753,5.457,Nuit avec éclairage allumé,En agglomération,Hors intersection,Normale,Autre collision,,,,,,,,,,,5,2,1,1.0,6
201200007662,0012-09-08 22:45:00,12,9,8,22,45,390,56,RUE D AMONT,46.75,5.457,Nuit avec éclairage allumé,En agglomération,Hors intersection,Normale,Autre collision,,,,,,,,,,,5,2,1,1.0,6
201200007663,0012-08-20 18:15:00,12,8,20,18,15,390,197,01 RUE FLEURIE,,,Plein jour,En agglomération,Hors intersection,Normale,Deux véhicules - frontale,,,,,,,,,,,1,2,1,1.0,1
201200007664,0012-09-22 20:15:00,12,9,22,20,15,390,488,,,,Nuit sans éclairage public,Hors agglomération,Hors intersection,Brouillard / fumée,Autre collision,,,,,,,,,,,3,1,1,5.0,6
201200007665,0012-09-24 09:45:00,12,9,24,9,45,390,43,,,,Plein jour,Hors agglomération,Hors intersection,Temps couvert,Deux véhicules - frontale,,,,,,,,,,,1,1,1,8.0,1
201200007666,0012-10-22 14:45:00,12,10,22,14,45,390,475,,,,Plein jour,Hors agglomération,Hors intersection,Normale,Trois véhicules et plus - collisions multiples,,,,,,,,,,,1,1,1,1.0,5
201200007667,0012-12-01 17:30:00,12,12,1,17,30,390,474,,,,Crépuscule ou aube,Hors agglomération,Hors intersection,Normale,Deux véhicules - côté,,,,,,,,,,,2,1,1,1.0,3
201200007668,0012-01-23 14:30:00,12,1,23,14,30,390,364,,,,Plein jour,Hors agglomération,Hors intersection,Temps couvert,Autre collision,,,,,,,,,,,1,1,1,8.0,6
201200007669,0012-03-28 06:45:00,12,3,28,6,45,390,97,,,,Crépuscule ou aube,Hors agglomération,Hors intersection,Normale,Deux véhicules - frontale,,,,,,,,,,,2,1,1,1.0,1
201200007670,0012-03-30 07:15:00,12,3,30,7,15,390,153,,,,Crépuscule ou aube,Hors agglomération,Hors intersection,Normale,Autre collision,,,,,,,,,,,2,1,1,1.0,6
201200007671,0012-05-04 17:15:00,12,5,4,17,15,390,97,,,,Plein jour,Hors agglomération,Hors intersection,Normale,Trois véhicules et plus - collisions multiples,,,,,,,,,,,1,1,1,1.0,5
201200007672,0012-10-10 09:30:00,12,10,10,9,30,390,97,Rue Anne Franck,,,Plein jour,En agglomération,Hors intersection,Pluie légère,Autre collision,,,,,,,,,,,1,2,1,2.0,6
201200007673,0012-02-05 16:00:00,12,2,5,16,0,390,331,,,,Plein jour,Hors agglomération,Intersection en X,Normale,Deux véhicules - côté,,,,,,,,,,,1,1,2,1.0,3
201200007674,0012-06-10 09:15:00,12,6,10,9,15,390,83,Rue des tourbi?res,46.82,6.058,Plein jour,En agglomération,Hors intersection,Normale,Deux véhicules - arrière,,,,,,,,,,,1,2,1,1.0,2
201200007675,0012-08-17 20:15:00,12,8,17,20,15,390,83,,46.816,6.079,Crépuscule ou aube,Hors agglomération,Hors intersection,Normale,Deux véhicules - arrière,,,,,,,,,,,2,1,1,1.0,2
201200007676,0012-03-22 18:30:00,12,3,22,18,30,390,13,,46.914,5.766,Nuit sans éclairage public,Hors agglomération,Hors intersection,Normale,Autre collision,,,,,,,,,,,3,1,1,1.0,6
201200007677,0012-04-08 15:30:00,12,4,8,15,30,390,13,02 AVENUE GENERAL DELORT,46.908,5.774,Plein jour,En agglomération,Hors intersection,Normale,Deux véhicules - côté,,,,,,,,,,,1,2,1,1.0,3
201200007678,0012-06-24 06:00:00,12,6,24,6,0,390,434,,46.903,5.863,Crépuscule ou aube,Hors agglomération,Hors intersection,Normale,Sans collision,,,,,,,,,,,2,1,1,1.0,7
201200007679,0012-08-21 17:00:00,12,8,21,17,0,390,434,14 AVENUE DE LA GARE,,,Plein jour,En agglomération,Hors intersection,Normale,Deux véhicules - arrière,,,,,,,,,,,1,2,1,1.0,2
201200007680,0012-08-24 11:45:00,12,8,24,11,45,390,434,Rue Petite Marne,,,Plein jour,En agglomération,Intersection en X,Pluie légère,Deux véhicules - côté,,,,,,,,,,,1,2,2,2.0,3
201200007681,0012-09-09 13:15:00,12,9,9,13,15,390,355,,46.95,5.779,Plein jour,Hors agglomération,Hors intersection,Normale,Deux véhicules - côté,,,,,,,,,,,1,1,1,1.0,3
201200007682,0012-09-30 17:30:00,12,9,30,17,30,390,434,,46.84,5.695,Plein jour,Hors agglomération,Hors intersection,Pluie légère,Deux véhicules - côté,,,,,,,,,,,1,1,1,2.0,3
201200007683,0012-10-19 16:00:00,12,10,19,16,0,390,13,,46.917,5.76,Plein jour,Hors agglomération,Hors intersection,Normale,Deux véhicules - arrière,,,,,,,,,,,1,1,1,1.0,2
201200007684,0012-11-07 16:45:00,12,11,7,16,45,390,13,route de villeneuve D14,46.923,5.768,Crépuscule ou aube,En agglomération,Hors intersection,Normale,Deux véhicules - frontale,,,,,,,,,,,2,2,1,1.0,1
201200007685,0012-03-16 18:00:00,12,3,16,18,0,390,101,,47.104,5.431,Plein jour,Hors agglomération,Hors intersection,Normale,Deux véhicules - frontale,,,,,,,,,,,1,1,1,1.0,1
201200007686,0012-04-10 16:45:00,12,4,10,16,45,390,233,route de St Ylie,47.082,5.455,Plein jour,En agglomération,Hors intersection,Pluie légère,Deux véhicules - côté,,,,,,,,,,,1,2,1,2.0,3
201200007687,0012-07-10 11:45:00,12,7,10,11,45,390,476,,,,Plein jour,Hors agglomération,Hors intersection,Normale,Deux véhicules - frontale,,,,,,,,,,,1,1,1,1.0,1
201200007688,0012-07-26 07:30:00,12,7,26,7,30,390,501,57 RUE DE DIJON,47.131,5.458,Plein jour,En agglomération,Hors intersection,Temps éblouissant,Autre collision,,,,,,,,,,,1,2,1,7.0,6
201200007689,0012-08-19 16:30:00,12,8,19,16,30,390,573,18 GRANDE RUE,,,Plein jour,En agglomération,Hors intersection,Normale,Deux véhicules - arrière,,,,,,,,,,,1,2,1,1.0,2
201200007690,0012-08-27 16:30:00,12,8,27,16,30,390,526,Avenue R?publique,47.06,5.414,Plein jour,En agglomération,Hors intersection,Normale,Autre collision,,,,,,,,,,,1,2,1,1.0,6
201200007691,0012-09-06 14:00:00,12,9,6,14,0,390,476,,47.02,5.375,Plein jour,Hors agglomération,Intersection en X,Normale,Deux véhicules - côté,,,,,,,,,,,1,1,2,1.0,3
201200007692,0012-11-24 00:01:00,12,11,24,0,1,390,526,AVENUE DE LA REPUBLIQUE,,,Nuit avec éclairage allumé,En agglomération,Giratoire,Normale,Autre collision,,,,,,,,,,,5,2,6,1.0,6
201200007693,0012-11-30 19:30:00,12,11,30,19,30,390,573,,47.04,5.495,Nuit sans éclairage public,Hors agglomération,Hors intersection,Normale,Deux véhicules - frontale,,,,,,,,,,,3,1,1,1.0,1
201200007694,0012-03-24 14:30:00,12,3,24,14,30,390,448,,,,Plein jour,Hors agglomération,Autre intersection,Normale,Deux véhicules - frontale,,,,,,,,,,,1,1,9,1.0,1
201200007695,0012-04-15 06:30:00,12,4,15,6,30,390,448,,47.011,5.495,Nuit sans éclairage public,Hors agglomération,Hors intersection,Normale,Autre collision,,,,,,,,,,,3,1,1,1.0,6
201200007696,0012-05-09 18:30:00,12,5,9,18,30,390,160,,46.79,5.447,Plein jour,Hors agglomération,Hors intersection,Normale,Deux véhicules - côté,,,,,,,,,,,1,1,1,1.0,3
201200007697,0012-05-26 03:00:00,12,5,26,3,0,390,119,lieu dit PONT DE BOURG,46.874,5.542,Nuit avec éclairage allumé,En agglomération,Intersection en X,Normale,Deux véhicules - côté,,,,,,,,,,,5,2,2,1.0,3
201200007698,0012-07-15 15:30:00,12,7,15,15,30,390,139,rue des pr?s verts,46.925,5.483,Plein jour,En agglomération,Hors intersection,Normale,Deux véhicules - côté,,,,,,,,,,,1,2,1,1.0,3
201200007699,0012-07-31 16:15:00,12,7,31,16,15,390,448,,47.009,5.488,Plein jour,Hors agglomération,Hors intersection,Normale,Deux véhicules - côté,,,,,,,,,,,1,1,1,1.0,3
201200007700,0012-02-14 20:30:00,12,2,14,20,30,390,361,,,,Nuit sans éclairage public,Hors agglomération,Hors intersection,Pluie légère,Sans collision,,,,,,,,,,,3,1,1,2.0,7
201200007701,0012-04-17 05:45:00,12,4,17,5,45,390,188,,47.254,5.557,Nuit sans éclairage public,Hors agglomération,Hors intersection,Normale,Deux véhicules - frontale,,,,,,,,,,,3,1,1,1.0,1
201200007702,0012-05-09 15:30:00,12,5,9,15,30,390,335,,47.182,5.543,Plein jour,Hors agglomération,Hors intersection,Normale,Sans collision,,,,,,,,,,,1,1,1,1.0,7
201200007703,0012-07-20 20:45:00,12,7,20,20,45,390,188,,47.245,5.557,Nuit sans éclairage public,Hors agglomération,Hors intersection,Pluie forte,Sans collision,,,,,,,,,,,3,1,1,3.0,7
201200007704,0012-10-18 20:30:00,12,10,18,20,30,390,396,44 Rue de la R?publique,47.152,5.658,Nuit sans éclairage public,En agglomération,Hors intersection,Normale,Autre collision,,,,,,,,,,,3,2,1,1.0,6
201200007705,0012-10-23 18:30:00,12,10,23,18,30,390,24,,47.142,5.589,Plein jour,Hors agglomération,Hors intersection,Normale,Deux véhicules - arrière,,,,,,,,,,,1,1,1,1.0,2