accident_id,datetime,annee,mois,jour,heure,minute,departement,commune_insee,adresse,latitude,longitude,luminosite,agglomeration,intersection,meteo,collision,nb_vehicules,nb_usagers,nb_indemnes,nb_tues,nb_blesses_hosp,nb_blesses_legers,age_cond_1,age_cond_2,veh_type_cond_1,veh_type_cond_2,lum_code,agg_code,int_code,atm_code,col_code
201200007706,0012-12-16 18:30:00,12,12,16,18,30,390,24,,47.144,5.596,Nuit sans éclairage public,Hors agglomération,Hors intersection,Pluie forte,Autre collision,,,,,,,,,,,3,1,1,3.0,6
201200007707,0012-01-18 18:15:00,12,1,18,18,15,390,547,cd 436- PK 9.200,,,Nuit avec éclairage allumé,En agglomération,Hors intersection,Pluie légère,Autre collision,,,,,,,,,,,5,2,1,2.0,6
201200007708,0012-03-07 15:15:00,12,3,7,15,15,390,579,,46.303,5.722,Plein jour,Hors agglomération,Hors intersection,Temps éblouissant,Deux véhicules - frontale,,,,,,,,,,,1,1,1,7.0,1
201200007709,0012-06-21 09:45:00,12,6,21,9,45,390,328,,,,Plein jour,Hors agglomération,Intersection en T,Normale,Deux véhicules - côté,,,,,,,,,,,1,1,3,1.0,3
201200007710,0012-07-05 19:00:00,12,7,5,19,0,390,478,08 rue du Gal DE GAULLE,,,Plein jour,En agglomération,Autre intersection,Normale,Autre collision,,,,,,,,,,,1,2,9,1.0,6
201200007711,0012-11-11 19:30:00,12,11,11,19,30,390,510,,46.36,5.907,Nuit sans éclairage public,Hors agglomération,Hors intersection,Brouillard / fumée,Sans collision,,,,,,,,,,,3,1,1,5.0,7
201200007712,0012-11-20 08:45:00,12,11,20,8,45,390,339,,,,Plein jour,Hors agglomération,Hors intersection,Normale,Deux véhicules - frontale,,,,,,,,,,,1,1,1,1.0,1
201200007713,0012-03-18 08:45:00,12,3,18,8,45,390,470,,,,Plein jour,Hors agglomération,Hors intersection,Pluie légère,Deux véhicules - frontale,,,,,,,,,,,1,1,1,2.0,1
201200007714,0012-04-25 09:00:00,12,4,25,9,0,390,493,,,,Plein jour,Hors agglomération,Hors intersection,Normale,Deux véhicules - côté,,,,,,,,,,,1,1,1,1.0,3
201200007715,0012-05-09 06:15:00,12,5,9,6,15,390,470,,,,Crépuscule ou aube,Hors agglomération,Hors intersection,Temps couvert,Trois véhicules et plus - collisions multiples,,,,,,,,,,,2,1,1,8.0,5
201200007716,0012-10-26 14:15:00,12,10,26,14,15,390,232,,,,Plein jour,Hors agglomération,Hors intersection,Normale,Autre collision,,,,,,,,,,,1,1,1,1.0,6
201200007717,0012-11-28 17:45:00,12,11,28,17,45,390,368,ROUTE BLANCHE,,,Nuit avec éclairage allumé,En agglomération,Hors intersection,Pluie légère,Autre collision,,,,,,,,,,,5,2,1,2.0,6
201200007718,0012-12-11 17:45:00,12,12,11,17,45,390,368,AVENUE GEORGES LISSAC,46.519,6.021,Crépuscule ou aube,En agglomération,Hors intersection,Temps couvert,Autre collision,,,,,,,,,,,2,2,1,8.0,6
201200007719,0012-02-29 14:11:00,12,2,29,14,11,40,112,D4096,,,Plein jour,En agglomération,Giratoire,Normale,Autre collision,,,,,,,,,,,1,2,6,1.0,6
201200007720,0012-03-11 11:45:00,12,3,11,11,45,40,112,CHEMIN DEPARTEMENTAL 6,,,Plein jour,Hors agglomération,Hors intersection,Normale,Deux véhicules - frontale,,,,,,,,,,,1,1,1,1.0,1
201200007721,0012-03-28 09:35:00,12,3,28,9,35,40,112,"SANS, COUGOURDELLES (BD.",,,Plein jour,En agglomération,Intersection en X,Normale,Autre collision,,,,,,,,,,,1,2,2,1.0,6
201200007722,0012-06-19 05:48:00,12,6,19,5,48,40,112,D907,,,Crépuscule ou aube,Hors agglomération,Hors intersection,Normale,Sans collision,,,,,,,,,,,2,1,1,1.0,7
201200007723,0012-06-26 08:00:00,12,6,26,8,0,40,112,DEPARTEMENTALE 4096,,,Plein jour,Hors agglomération,Hors intersection,Normale,Trois véhicules et plus - collisions multiples,,,,,,,,,,,1,1,1,1.0,5
201200007724,0012-09-21 09:25:00,12,9,21,9,25,40,112,"39, PLAINE (BD. DE LA)",,,Plein jour,En agglomération,Hors intersection,Normale,Deux véhicules - arrière,,,,,,,,,,,1,2,1,1.0,2
201200007725,0012-09-24 16:00:00,12,9,24,16,0,40,112,BRET (BD. M.),,,Plein jour,En agglomération,Hors intersection,Normale,Autre collision,,,,,,,,,,,1,2,1,1.0,6
201200007726,0012-10-25 10:00:00,12,10,25,10,0,40,112,DAUDET (ALL. A.),,,Plein jour,En agglomération,Hors intersection,Normale,Autre collision,,,,,,,,,,,1,2,1,1.0,6
201200007727,0012-12-07 23:15:00,12,12,7,23,15,40,112,HAUTE PROVENCE (BD. DE),,,Nuit avec éclairage allumé,En agglomération,Hors intersection,Neige / grêle,Deux véhicules - frontale,,,,,,,,,,,5,2,1,4.0,1
201200007728,0012-02-10 20:45:00,12,2,10,20,45,700,292,,,,Nuit avec éclairage allumé,Hors agglomération,Hors intersection,Normale,Autre collision,,,,,,,,,,,5,1,1,1.0,6
201200007729,0012-03-30 14:00:00,12,3,30,14,0,700,291,25 RUE DU CHATEAU,,,Plein jour,En agglomération,Hors intersection,Normale,Deux véhicules - côté,,,,,,,,,,,1,2,1,1.0,3
201200007730,0012-07-06 11:15:00,12,7,6,11,15,700,292,,,,Plein jour,Hors agglomération,Intersection en X,Normale,Trois véhicules et plus - collisions multiples,,,,,,,,,,,1,1,2,1.0,5
201200007731,0012-02-12 13:15:00,12,2,12,13,15,700,386,,,,Plein jour,Hors agglomération,Hors intersection,Normale,Sans collision,,,,,,,,,,,1,1,1,1.0,7
201200007732,0012-06-15 11:45:00,12,6,15,11,45,700,421,10 rue gilberte LAVAIRE,,,Plein jour,En agglomération,Hors intersection,Normale,Autre collision,,,,,,,,,,,1,2,1,1.0,6
201200007733,0012-07-21 20:00:00,12,7,21,20,0,700,518,,,,Crépuscule ou aube,Hors agglomération,Hors intersection,Normale,Autre collision,,,,,,,,,,,2,1,1,1.0,6
201200007734,0012-08-08 11:15:00,12,8,8,11,15,700,267,Grande rue,,,Plein jour,En agglomération,Hors intersection,Normale,Deux véhicules - arrière,,,,,,,,,,,1,2,1,1.0,2
201200007735,0012-09-04 17:30:00,12,9,4,17,30,700,417,Rue des minimes,,,Plein jour,En agglomération,Hors intersection,Normale,Deux véhicules - frontale,,,,,,,,,,,1,2,1,1.0,1
201200007736,0012-09-20 16:00:00,12,9,20,16,0,700,580,Grande rue,,,Plein jour,En agglomération,Hors intersection,Normale,Autre collision,,,,,,,,,,,1,2,1,1.0,6
201200007737,0012-01-02 20:00:00,12,1,2,20,0,700,309,,,,Nuit sans éclairage public,En agglomération,Place,Normale,Autre collision,,,,,,,,,,,3,2,7,1.0,6
201200007738,0012-01-06 17:15:00,12,1,6,17,15,700,357,,,,Plein jour,Hors agglomération,Hors intersection,Normale,Autre collision,,,,,,,,,,,1,1,1,1.0,6
201200007739,0012-01-11 06:30:00,12,1,11,6,30,700,189,,,,Crépuscule ou aube,Hors agglomération,Hors intersection,Brouillard / fumée,Deux véhicules - frontale,,,,,,,,,,,2,1,1,5.0,1
201200007740,0012-01-30 18:15:00,12,1,30,18,15,700,431,,,,Nuit sans éclairage public,Hors agglomération,Hors intersection,Normale,Deux véhicules - frontale,,,,,,,,,,,3,1,1,1.0,1
201200007741,0012-03-06 21:45:00,12,3,6,21,45,700,431,,,,Nuit avec éclairage allumé,Hors agglomération,Hors intersection,Normale,Autre collision,,,,,,,,,,,5,1,1,1.0,6
201200007742,0012-05-13 08:45:00,12,5,13,8,45,700,154,,,,Crépuscule ou aube,Hors agglomération,Hors intersection,Normale,Autre collision,,,,,,,,,,,2,1,1,1.0,6
201200007743,0012-05-17 09:30:00,12,5,17,9,30,700,383,,,,Plein jour,Hors agglomération,Hors intersection,Normale,Autre collision,,,,,,,,,,,1,1,1,1.0,6
201200007744,0012-07-11 13:15:00,12,7,11,13,15,700,197,,,,Plein jour,Hors agglomération,Hors intersection,Normale,Deux véhicules - frontale,,,,,,,,,,,1,1,1,1.0,1
201200007745,0012-01-19 18:30:00,12,1,19,18,30,700,416,,,,Nuit sans éclairage public,Hors agglomération,Hors intersection,Pluie légère,Deux véhicules - frontale,,,,,,,,,,,3,1,1,2.0,1
201200007746,0012-02-29 17:30:00,12,2,29,17,30,700,416,,,,Plein jour,Hors agglomération,Hors intersection,Temps éblouissant,Deux véhicules - côté,,,,,,,,,,,1,1,1,7.0,3
201200007747,0012-04-27 21:30:00,12,4,27,21,30,700,321,,,,Nuit sans éclairage public,Hors agglomération,Hors intersection,Normale,Autre collision,,,,,,,,,,,3,1,1,1.0,6
201200007748,0012-04-28 21:45:00,12,4,28,21,45,700,310,rue de Belfort,,,Nuit avec éclairage allumé,En agglomération,Giratoire,Normale,Sans collision,,,,,,,,,,,5,2,6,1.0,7
201200007749,0012-05-24 15:45:00,12,5,24,15,45,700,310,58 ave de la republique,,,Plein jour,En agglomération,Hors intersection,Normale,Autre collision,,,,,,,,,,,1,2,1,1.0,6
201200007750,0012-07-03 20:00:00,12,7,3,20,0,700,4,21 rue du 17 septembre,,,Plein jour,En agglomération,Hors intersection,Normale,Deux véhicules - frontale,,,,,,,,,,,1,2,1,1.0,1
201200007751,0012-08-10 01:15:00,12,8,10,1,15,700,455,rue de la verrerie,,,Nuit avec éclairage allumé,En agglomération,Hors intersection,Normale,Autre collision,,,,,,,,,,,5,2,1,1.0,6
201200007752,0012-08-23 03:30:00,12,8,23,3,30,700,416,,,,Nuit sans éclairage public,Hors agglomération,Hors intersection,Normale,Deux véhicules - frontale,,,,,,,,,,,3,1,1,1.0,1
201200007753,0012-09-02 02:45:00,12,9,2,2,45,700,259,,,,Nuit sans éclairage public,Hors agglomération,Hors intersection,Normale,Autre collision,,,,,,,,,,,3,1,1,1.0,6
201200007754,0012-09-18 13:15:00,12,9,18,13,15,700,581,,,,Plein jour,En agglomération,Hors intersection,Normale,Deux véhicules - frontale,,,,,,,,,,,1,2,1,1.0,1
201200007755,0012-09-23 13:30:00,12,9,23,13,30,700,310,,,,Plein jour,Hors agglomération,Hors intersection,Normale,Autre collision,,,,,,,,,,,1,1,1,1.0,6
201200007756,0012-12-11 09:30:00,12,12,11,9,30,700,464,20 rue des vosges,,,Plein jour,En agglomération,Hors intersection,Neige / grêle,Autre collision,,,,,,,,,,,1,2,1,4.0,6
201200007757,0012-01-04 18:30:00,12,1,4,18,30,700,256,D97 lieu dit le village,,,Nuit avec éclairage allumé,En agglomération,Hors intersection,Normale,Deux véhicules - frontale,,,,,,,,,,,5,2,1,1.0,1
201200007758,0012-03-29 18:30:00,12,3,29,18,30,700,283,,,,Plein jour,Hors agglomération,Hors intersection,Normale,Sans collision,,,,,,,,,,,1,1,1,1.0,7
201200007759,0012-06-27 21:00:00,12,6,27,21,0,700,451,60 ter rue d'amont,,,Crépuscule ou aube,En agglomération,Hors intersection,Normale,Deux véhicules - frontale,,,,,,,,,,,2,2,1,1.0,1
201200007760,0012-07-26 12:00:00,12,7,26,12,0,700,283,,,,Plein jour,Hors agglomération,Hors intersection,Normale,Trois véhicules et plus - collisions multiples,,,,,,,,,,,1,1,1,1.0,5
201200007761,0012-08-29 20:30:00,12,8,29,20,30,700,413,Rue Pasteur,,,Plein jour,En agglomération,Hors intersection,Normale,Deux véhicules - arrière,,,,,,,,,,,1,2,1,1.0,2
201200007762,0012-09-17 21:00:00,12,9,17,21,0,700,459,route de Montesseaux,,,Nuit sans éclairage public,En agglomération,Hors intersection,Normale,Autre collision,,,,,,,,,,,3,2,1,1.0,6
201200007763,0012-11-16 21:30:00,12,11,16,21,30,700,248,,,,Nuit sans éclairage public,Hors agglomération,Hors intersection,Brouillard / fumée,Autre collision,,,,,,,,,,,3,1,1,5.0,6
201200007764,0012-11-25 11:15:00,12,11,25,11,15,700,413,,,,Plein jour,Hors agglomération,Hors intersection,Normale,Deux véhicules - frontale,,,,,,,,,,,1,1,1,1.0,1
201200007765,0012-07-01 02:15:00,12,7,1,2,15,700,530,,,,Nuit sans éclairage public,Hors agglomération,Hors intersection,Pluie légère,Sans collision,,,,,,,,,,,3,1,1,2.0,7
201200007766,0012-08-01 15:00:00,12,8,1,15,0,700,116,,,,Plein jour,En agglomération,Hors intersection,Normale,Autre collision,,,,,,,,,,,1,2,1,1.0,6
201200007767,0012-08-18 20:45:00,12,8,18,20,45,700,497,,47.571,6.749,Plein jour,Hors agglomération,Hors intersection,Normale,Sans collision,,,,,,,,,,,1,1,1,1.0,7
201200007768,0012-11-21 17:15:00,12,11,21,17,15,700,561,,,,Crépuscule ou aube,Hors agglomération,Intersection en X,Pluie légère,Trois véhicules et plus - collisions multiples,,,,,,,,,,,2,1,2,2.0,5
201200007769,0012-04-17 21:30:00,12,4,17,21,30,700,103,,,,Nuit sans éclairage public,Hors agglomération,Hors intersection,Normale,Autre collision,,,,,,,,,,,3,1,1,1.0,6
201200007770,0012-05-06 06:00:00,12,5,6,6,0,700,478,Grande Rue,,,Crépuscule ou aube,En agglomération,Hors intersection,Normale,Sans collision,,,,,,,,,,,2,2,1,1.0,7
201200007771,0012-07-25 12:15:00,12,7,25,12,15,700,311,rond pt de la 7eme AA,,,Plein jour,En agglomération,Giratoire,Normale,Sans collision,,,,,,,,,,,1,2,6,1.0,7
201200007772,0012-09-24 19:30:00,12,9,24,19,30,700,258,,,,Crépuscule ou aube,Hors agglomération,Hors intersection,Normale,Autre collision,,,,,,,,,,,2,1,1,1.0,6
201200007773,0012-12-30 23:00:00,12,12,30,23,0,700,473,,,,Nuit sans éclairage public,Hors agglomération,Hors intersection,Autre,Deux véhicules - frontale,,,,,,,,,,,3,1,1,9.0,1
201200007774,0012-02-05 20:00:00,12,2,5,20,0,700,245,,,,Nuit sans éclairage public,Hors agglomération,Hors intersection,Normale,Sans collision,,,,,,,,,,,3,1,1,1.0,7
201200007775,0012-03-13 09:15:00,12,3,13,9,15,700,467,04 rue du gal Prevost,,,Plein jour,En agglomération,Hors intersection,Temps éblouissant,Autre collision,,,,,,,,,,,1,2,1,7.0,6
201200007776,0012-03-24 17:30:00,12,3,24,17,30,700,171,Avenue Albert Thomas,,,Plein jour,En agglomération,Hors intersection,Normale,Autre collision,,,,,,,,,,,1,2,1,1.0,6
201200007777,0012-04-01 10:00:00,12,4,1,10,0,700,467,Rue Albert Thomas,,,Plein jour,En agglomération,Intersection en X,Normale,Deux véhicules - côté,,,,,,,,,,,1,2,2,1.0,3
201200007778,0012-04-21 20:30:00,12,4,21,20,30,700,245,96 le chateau,,,Nuit avec éclairage allumé,En agglomération,Hors intersection,Pluie légère,Deux véhicules - côté,,,,,,,,,,,5,2,1,2.0,3
201200007779,0012-04-28 18:30:00,12,4,28,18,30,700,171,,,,Plein jour,Hors agglomération,Hors intersection,Normale,Autre collision,,,,,,,,,,,1,1,1,1.0,6
201200007780,0012-06-18 16:30:00,12,6,18,16,30,700,467,18 place de l'eglise,,,Plein jour,En agglomération,Hors intersection,Normale,Autre collision,,,,,,,,,,,1,2,1,1.0,6
201200007781,0012-06-22 07:45:00,12,6,22,7,45,700,83,,,,Plein jour,Hors agglomération,Hors intersection,Normale,Deux véhicules - côté,,,,,,,,,,,1,1,1,1.0,3
201200007782,0012-07-20 14:45:00,12,7,20,14,45,700,245,,,,Plein jour,Hors agglomération,Hors intersection,Pluie légère,Deux véhicules - côté,,,,,,,,,,,1,1,1,2.0,3
201200007783,0012-07-28 10:30:00,12,7,28,10,30,700,467,Avenue Jules Ferry,,,Plein jour,En agglomération,Intersection en T,Normale,Deux véhicules - côté,,,,,,,,,,,1,2,3,1.0,3
201200007784,0012-09-09 14:00:00,12,9,9,14,0,700,245,,,,Plein jour,Hors agglomération,Hors intersection,Normale,Deux véhicules - côté,,,,,,,,,,,1,1,1,1.0,3
201200007785,0012-09-21 09:30:00,12,9,21,9,30,700,315,,,,Plein jour,Hors agglomération,Hors intersection,Normale,Deux véhicules - côté,,,,,,,,,,,1,1,1,1.0,3
201200007786,0012-09-23 17:30:00,12,9,23,17,30,700,245,61 le Ch?teau,,,Plein jour,En agglomération,Hors intersection,Normale,Autre collision,,,,,,,,,,,1,2,1,1.0,6
201200007787,0012-12-15 14:30:00,12,12,15,14,30,700,315,rue des tilleuls,,,Plein jour,En agglomération,Hors intersection,Pluie légère,Deux véhicules - frontale,,,,,,,,,,,1,2,1,2.0,1
201200007788,0012-12-26 18:00:00,12,12,26,18,0,700,526,11 grande rue,,,Nuit avec éclairage allumé,En agglomération,Hors intersection,Pluie légère,Autre collision,,,,,,,,,,,5,2,1,2.0,6
201200007789,0012-01-31 08:00:00,12,1,31,8,0,700,331,,,,Crépuscule ou aube,Hors agglomération,Hors intersection,Neige / grêle,Deux véhicules - frontale,,,,,,,,,,,2,1,1,4.0,1
201200007790,0012-02-13 02:45:00,12,2,13,2,45,700,26,,,,Nuit sans éclairage public,Hors agglomération,Hors intersection,Normale,Autre collision,,,,,,,,,,,3,1,1,1.0,6
201200007791,0012-06-21 05:45:00,12,6,21,5,45,700,523,,,,Plein jour,Hors agglomération,Hors intersection,Normale,Deux véhicules - côté,,,,,,,,,,,1,1,1,1.0,3
201200007792,0012-06-21 16:45:00,12,6,21,16,45,700,422,,,,Plein jour,Hors agglomération,Intersection en X,Normale,Deux véhicules - côté,,,,,,,,,,,1,1,2,1.0,3
201200007793,0012-07-07 19:30:00,12,7,7,19,30,700,132,,,,Plein jour,Hors agglomération,Giratoire,Normale,Sans collision,,,,,,,,,,,1,1,6,1.0,7
201200007794,0012-09-25 07:00:00,12,9,25,7,0,700,279,Rond point Sainte Anne,,,Crépuscule ou aube,En agglomération,Giratoire,Normale,Autre collision,,,,,,,,,,,2,2,6,1.0,6
201200007795,0012-02-29 13:00:00,12,2,29,13,0,700,257,,,,Plein jour,Hors agglomération,Hors intersection,Normale,Sans collision,,,,,,,,,,,1,1,1,1.0,7
201200007796,0012-09-07 15:45:00,12,9,7,15,45,700,255,,,,Plein jour,En agglomération,Hors intersection,Normale,Deux véhicules - arrière,,,,,,,,,,,1,2,1,1.0,2
201200007797,0012-01-15 22:00:00,12,1,15,22,0,700,282,,,,Nuit sans éclairage public,Hors agglomération,Hors intersection,Normale,Sans collision,,,,,,,,,,,3,1,1,1.0,7
201200007798,0012-08-28 17:45:00,12,8,28,17,45,700,510,,,,Plein jour,Hors agglomération,Intersection en Y,Normale,Deux véhicules - frontale,,,,,,,,,,,1,1,4,1.0,1
201200007799,0012-01-07 10:45:00,12,1,7,10,45,900,93,,,,Plein jour,Hors agglomération,Hors intersection,Neige / grêle,Deux véhicules - côté,,,,,,,,,,,1,1,1,4.0,3
201200007800,0012-05-27 22:01:00,12,5,27,22,1,900,97,,,,Nuit avec éclairage allumé,Hors agglomération,Hors intersection,Normale,Sans collision,,,,,,,,,,,5,1,1,1.0,7
201200007801,0012-05-31 18:01:00,12,5,31,18,1,900,12,,,,Plein jour,Hors agglomération,Hors intersection,Normale,Deux véhicules - frontale,,,,,,,,,,,1,1,1,1.0,1
201200007802,0012-06-08 22:46:00,12,6,8,22,46,900,97,,,,Nuit sans éclairage public,Hors agglomération,Giratoire,Normale,Sans collision,,,,,,,,,,,3,1,6,1.0,7
201200007803,0012-08-21 21:16:00,12,8,21,21,16,900,68,,,,Nuit sans éclairage public,Hors agglomération,Hors intersection,Normale,Autre collision,,,,,,,,,,,3,1,1,1.0,6
201200007804,0012-09-03 14:15:00,12,9,3,14,15,900,35,,,,Plein jour,Hors agglomération,Hors intersection,Normale,Deux véhicules - frontale,,,,,,,,,,,1,1,1,1.0,1
201200007805,0012-11-20 18:00:00,12,11,20,18,0,900,103,Grande rue,,,Nuit sans éclairage public,En agglomération,Hors intersection,Normale,Autre collision,,,,,,,,,,,3,2,1,1.0,6
201200007806,0012-01-16 05:00:00,12,1,16,5,0,900,46,,,,Nuit avec éclairage non allumé,Hors agglomération,Hors intersection,Neige / grêle,Autre collision,,,,,,,,,,,4,1,1,4.0,6
201200007807,0012-03-11 02:46:00,12,3,11,2,46,900,95,,,,Nuit sans éclairage public,Hors agglomération,Hors intersection,Normale,Autre collision,,,,,,,,,,,3,1,1,1.0,6
201200007808,0012-06-15 19:46:00,12,6,15,19,46,900,33,,,,Plein jour,Hors agglomération,Hors intersection,Normale,Autre collision,,,,,,,,,,,1,1,1,1.0,6
201200007809,0012-07-18 12:00:00,12,7,18,12,0,900,27,,,,Plein jour,Hors agglomération,Hors intersection,Normale,Autre collision,,,,,,,,,,,1,1,1,1.0,6
201200007810,0012-09-09 00:15:00,12,9,9,0,15,900,43,,,,Nuit sans éclairage public,Hors agglomération,Hors intersection,Normale,Autre collision,,,,,,,,,,,3,1,1,1.0,6
201200007811,0012-12-27 19:00:00,12,12,27,19,0,900,81,,,,Nuit sans éclairage public,Hors agglomération,Hors intersection,Pluie légère,Autre collision,,,,,,,,,,,3,1,1,2.0,6
201200007812,0012-05-17 21:45:00,12,5,17,21,45,900,86,,,,Crépuscule ou aube,Hors agglomération,Autre intersection,Normale,Sans collision,,,,,,,,,,,2,1,9,1.0,7
201200007813,0012-06-16 18:00:00,12,6,16,18,0,900,65,,47.804,6.845,Plein jour,Hors agglomération,Hors intersection,Normale,Sans collision,,,,,,,,,,,1,1,1,1.0,7
201200007814,0012-07-10 13:15:00,12,7,10,13,15,900,14,,,,Plein jour,Hors agglomération,Hors intersection,Normale,Autre collision,,,,,,,,,,,1,1,1,1.0,6
201200007815,0012-07-15 15:45:00,12,7,15,15,45,900,17,,,,Plein jour,Hors agglomération,Hors intersection,Pluie légère,Deux véhicules - frontale,,,,,,,,,,,1,1,1,2.0,1
201200007816,0012-07-27 07:15:00,12,7,27,7,15,900,72,rue du General de Gaule,,,Plein jour,En agglomération,Hors intersection,Normale,Autre collision,,,,,,,,,,,1,2,1,1.0,6
201200007817,0012-08-06 14:01:00,12,8,6,14,1,900,71,grande rue,,,Plein jour,Hors agglomération,Hors intersection,Normale,Autre collision,,,,,,,,,,,1,1,1,1.0,6
201200007818,0012-08-05 17:30:00,12,8,5,17,30,900,53,35 Rue du general Lecler,,,Plein jour,En agglomération,Hors intersection,Normale,Autre collision,,,,,,,,,,,1,2,1,1.0,6
201200007819,0012-09-23 23:00:00,12,9,23,23,0,900,53,Rue du Lieutenant Ruscon,,,Nuit avec éclairage allumé,En agglomération,Hors intersection,Normale,Autre collision,,,,,,,,,,,5,2,1,1.0,6
201200007820,0012-10-22 17:30:00,12,10,22,17,30,900,53,rue général leclerc,47.552,6.942,Plein jour,En agglomération,Hors intersection,Temps couvert,Sans collision,,,,,,,,,,,1,2,1,8.0,7
201200007821,0012-03-29 17:30:00,12,3,29,17,30,260,325,26325,,,Plein jour,Hors agglomération,Hors intersection,Normale,Trois véhicules et plus - collisions multiples,,,,,,,,,,,1,1,1,1.0,5
201200007822,0012-04-22 15:15:00,12,4,22,15,15,380,298,PK 0016+0500,45.3833,4.80569,Plein jour,Hors agglomération,Hors intersection,Normale,Sans collision,,,,,,,,,,,1,1,1,1.0,7
201200007823,0012-04-30 18:15:00,12,4,30,18,15,380,19,,45.4083,4.82072,Plein jour,Hors agglomération,Hors intersection,Pluie forte,Trois véhicules et plus - collisions multiples,,,,,,,,,,,1,1,1,3.0,5
201200007824,0012-05-24 20:00:00,12,5,24,20,0,380,344,A7 PK0014+0300,45.4044,4.81699,Plein jour,Hors agglomération,Hors intersection,Normale,Autre collision,,,,,,,,,,,1,1,1,1.0,6
201200007825,0012-06-03 12:00:00,12,6,3,12,0,260,332,,,,Plein jour,Hors agglomération,Hors intersection,Temps couvert,Autre collision,,,,,,,,,,,1,1,1,8.0,6
201200007826,0012-11-25 18:30:00,12,11,25,18,30,380,72,,45.3055,4.81391,Nuit sans éclairage public,Hors agglomération,Hors intersection,Pluie légère,Deux véhicules - frontale,,,,,,,,,,,3,1,1,2.0,1
201200007827,0012-12-10 23:15:00,12,12,10,23,15,380,344,,45.4016,4.8143,Nuit sans éclairage public,Hors agglomération,Hors intersection,Normale,Autre collision,,,,,,,,,,,3,1,1,1.0,6
201200007828,0012-01-01 00:45:00,12,1,1,0,45,260,166,26166,,,Nuit sans éclairage public,Hors agglomération,Hors intersection,Normale,Deux véhicules - arrière,,,,,,,,,,,3,1,1,1.0,2
201200007829,0012-04-29 17:30:00,12,4,29,17,30,260,156,,,,Nuit sans éclairage public,Hors agglomération,Hors intersection,Normale,Trois véhicules et plus - collisions multiples,,,,,,,,,,,3,1,1,1.0,5
201200007830,0012-05-26 18:30:00,12,5,26,18,30,260,165,,,,Plein jour,Hors agglomération,Hors intersection,Normale,Trois véhicules et plus - collisions multiples,,,,,,,,,,,1,1,1,1.0,5
201200007831,0012-06-01 09:00:00,12,6,1,9,0,260,165,,,,Plein jour,Hors agglomération,Hors intersection,Normale,Deux véhicules - arrière,,,,,,,,,,,1,1,1,1.0,2
201200007832,0012-09-11 14:00:00,12,9,11,14,0,260,252,,,,Plein jour,Hors agglomération,Hors intersection,Normale,Deux véhicules - côté,,,,,,,,,,,1,1,1,1.0,3
201200007833,0012-09-25 09:00:00,12,9,25,9,0,260,362,,,,Plein jour,Hors agglomération,Hors intersection,Pluie légère,Autre collision,,,,,,,,,,,1,1,1,2.0,6
201200007834,0012-09-30 17:45:00,12,9,30,17,45,260,165,,,,Plein jour,Hors agglomération,Hors intersection,Normale,Autre collision,,,,,,,,,,,1,1,1,1.0,6
201200007835,0012-10-08 17:45:00,12,10,8,17,45,260,362,,,,Plein jour,Hors agglomération,Hors intersection,Normale,Autre collision,,,,,,,,,,,1,1,1,1.0,6
201200007836,0012-11-27 09:15:00,12,11,27,9,15,260,165,,,,Plein jour,Hors agglomération,Hors intersection,Normale,Deux véhicules - arrière,,,,,,,,,,,1,1,1,1.0,2
201200007837,0012-12-02 21:30:00,12,12,2,21,30,260,179,,,,Nuit sans éclairage public,Hors agglomération,Hors intersection,Temps couvert,Trois véhicules et plus - collisions multiples,,,,,,,,,,,3,1,1,8.0,5
201200007838,0012-01-20 15:15:00,12,1,20,15,15,260,5,26005,,,Plein jour,Hors agglomération,Hors intersection,Normale,Autre collision,,,,,,,,,,,1,1,1,1.0,6
201200007839,0012-02-22 14:45:00,12,2,22,14,45,260,353,26353,,,Plein jour,Hors agglomération,Hors intersection,Normale,Deux véhicules - arrière,,,,,,,,,,,1,1,1,1.0,2
201200007840,0012-02-11 08:30:00,12,2,11,8,30,130,62,,,,Crépuscule ou aube,Hors agglomération,Hors intersection,Neige / grêle,Autre collision,,,,,,,,,,,2,1,1,4.0,6
201200007841,0012-02-15 01:00:00,12,2,15,1,0,130,62,,,,Nuit sans éclairage public,Hors agglomération,Hors intersection,Normale,Sans collision,,,,,,,,,,,3,1,1,1.0,7
201200007842,0012-02-21 14:45:00,12,2,21,14,45,130,41,,,,Plein jour,Hors agglomération,Hors intersection,Normale,Deux véhicules - frontale,,,,,,,,,,,1,1,1,1.0,1
201200007843,0012-02-23 12:30:00,12,2,23,12,30,130,41,PETIT CHEMIN D'AIX,,,Plein jour,En agglomération,Hors intersection,Normale,Deux véhicules - frontale,,,,,,,,,,,1,2,1,1.0,1