accident_id,datetime,annee,mois,jour,heure,minute,departement,commune_insee,adresse,latitude,longitude,luminosite,agglomeration,intersection,meteo,collision,nb_vehicules,nb_usagers,nb_indemnes,nb_tues,nb_blesses_hosp,nb_blesses_legers,age_cond_1,age_cond_2,veh_type_cond_1,veh_type_cond_2,lum_code,agg_code,int_code,atm_code,col_code
201200008258,0012-01-25 16:00:00,12,1,25,16,0,830,38,,,,Plein jour,Hors agglomération,Hors intersection,Normale,Deux véhicules - frontale,,,,,,,,,,,1,1,1,1.0,1
201200008259,0012-02-25 07:45:00,12,2,25,7,45,830,44,,43.692,6.502,Plein jour,Hors agglomération,Hors intersection,Temps éblouissant,Deux véhicules - frontale,,,,,,,,,,,1,1,1,7.0,1
201200008260,0012-03-10 13:30:00,12,3,10,13,30,830,3,,,,Plein jour,Hors agglomération,Hors intersection,Normale,Autre collision,,,,,,,,,,,1,1,1,1.0,6
201200008261,0012-06-30 17:15:00,12,6,30,17,15,830,41,,,,Plein jour,Hors agglomération,Hors intersection,Normale,Autre collision,,,,,,,,,,,1,1,1,1.0,6
201200008262,0012-07-17 17:30:00,12,7,17,17,30,830,38,,43.6,6.467,Plein jour,Hors agglomération,Hors intersection,Normale,Deux véhicules - arrière,,,,,,,,,,,1,1,1,1.0,2
201200008263,0012-10-05 12:00:00,12,10,5,12,0,830,86,,43.471,6.545,Plein jour,Hors agglomération,Hors intersection,Normale,Deux véhicules - côté,,,,,,,,,,,1,1,1,1.0,3
201200008264,0012-10-10 19:30:00,12,10,10,19,30,830,86,Liberation / Ferrieres,,,Nuit avec éclairage allumé,En agglomération,Hors intersection,Normale,Deux véhicules - frontale,,,,,,,,,,,5,2,1,1.0,1
201200008265,0012-12-19 19:15:00,12,12,19,19,15,830,4,,43.464,6.524,Nuit sans éclairage public,Hors agglomération,Hors intersection,Normale,Trois véhicules et plus - collisions multiples,,,,,,,,,,,3,1,1,1.0,5
201200008266,0012-05-25 09:45:00,12,5,25,9,45,830,28,,43.593,6.68,Plein jour,Hors agglomération,Hors intersection,Normale,Autre collision,,,,,,,,,,,1,1,1,1.0,6
201200008267,0012-05-26 12:15:00,12,5,26,12,15,830,13,,43.752,6.631,Plein jour,Hors agglomération,Hors intersection,Normale,Sans collision,,,,,,,,,,,1,1,1,1.0,7
201200008268,0012-06-24 17:45:00,12,6,24,17,45,830,28,,43.578,6.534,Plein jour,Hors agglomération,Intersection en T,Normale,Deux véhicules - côté,,,,,,,,,,,1,1,3,1.0,3
201200008269,0012-06-29 22:45:00,12,6,29,22,45,830,11,,43.628,6.551,Nuit sans éclairage public,Hors agglomération,Hors intersection,Normale,Sans collision,,,,,,,,,,,3,1,1,1.0,7
201200008270,0012-08-25 19:00:00,12,8,25,19,0,830,82,,43.664,6.306,Plein jour,Hors agglomération,Hors intersection,Pluie légère,Autre collision,,,,,,,,,,,1,1,1,2.0,6
201200008271,0012-09-06 18:15:00,12,9,6,18,15,830,82,,43.623,6.482,Plein jour,Hors agglomération,Hors intersection,Normale,Sans collision,,,,,,,,,,,1,1,1,1.0,7
201200008272,0012-09-23 11:15:00,12,9,23,11,15,830,82,,43.639,6.481,Plein jour,Hors agglomération,Hors intersection,Normale,Sans collision,,,,,,,,,,,1,1,1,1.0,7
201200008273,0012-12-15 17:45:00,12,12,15,17,45,830,44,,,,Nuit sans éclairage public,Hors agglomération,Hors intersection,Temps couvert,Autre collision,,,,,,,,,,,3,1,1,8.0,6
201200008274,0012-02-23 18:45:00,12,2,23,18,45,830,81,,,,Nuit sans éclairage public,Hors agglomération,Hors intersection,Normale,Deux véhicules - frontale,,,,,,,,,,,3,1,1,1.0,1
201200008275,0012-03-11 17:30:00,12,3,11,17,30,830,81,,,,Crépuscule ou aube,Hors agglomération,Hors intersection,Normale,Deux véhicules - frontale,,,,,,,,,,,2,1,1,1.0,1
201200008276,0012-03-18 15:30:00,12,3,18,15,30,830,55,,,,Plein jour,Hors agglomération,Hors intersection,Normale,Deux véhicules - frontale,,,,,,,,,,,1,1,1,1.0,1
201200008277,0012-04-09 14:15:00,12,4,9,14,15,830,138,,,,Plein jour,Hors agglomération,Hors intersection,Normale,Deux véhicules - arrière,,,,,,,,,,,1,1,1,1.0,2
201200008278,0012-04-12 07:00:00,12,4,12,7,0,830,81,,,,Plein jour,Hors agglomération,Hors intersection,Normale,Deux véhicules - côté,,,,,,,,,,,1,1,1,1.0,3
201200008279,0012-05-05 21:15:00,12,5,5,21,15,830,55,,,,Nuit sans éclairage public,Hors agglomération,Hors intersection,Normale,Deux véhicules - frontale,,,,,,,,,,,3,1,1,1.0,1
201200008280,0012-05-12 19:00:00,12,5,12,19,0,830,81,,,,Plein jour,Hors agglomération,Hors intersection,Normale,Deux véhicules - frontale,,,,,,,,,,,1,1,1,1.0,1
201200008281,0012-06-03 15:45:00,12,6,3,15,45,830,81,,,,Plein jour,Hors agglomération,Hors intersection,Normale,Autre collision,,,,,,,,,,,1,1,1,1.0,6
201200008282,0012-06-05 19:00:00,12,6,5,19,0,830,81,,,,Plein jour,Hors agglomération,Hors intersection,Normale,Autre collision,,,,,,,,,,,1,1,1,1.0,6
201200008283,0012-07-02 12:15:00,12,7,2,12,15,830,117,,,,Plein jour,Hors agglomération,Hors intersection,Normale,Deux véhicules - arrière,,,,,,,,,,,1,1,1,1.0,2
201200008284,0012-07-11 12:30:00,12,7,11,12,30,830,29,,,,Plein jour,Hors agglomération,Hors intersection,Normale,Deux véhicules - frontale,,,,,,,,,,,1,1,1,1.0,1
201200008285,0012-10-12 11:15:00,12,10,12,11,15,830,55,CD 19,,,Plein jour,En agglomération,Hors intersection,Normale,Deux véhicules - côté,,,,,,,,,,,1,2,1,1.0,3
201200008286,0012-01-19 17:00:00,12,1,19,17,0,830,136,,43.449,6.315,Plein jour,Hors agglomération,Hors intersection,Normale,Autre collision,,,,,,,,,,,1,1,1,1.0,6
201200008287,0012-02-10 01:30:00,12,2,10,1,30,830,136,rue grande,,,Nuit avec éclairage allumé,En agglomération,Hors intersection,Normale,Autre collision,,,,,,,,,,,5,2,1,1.0,6
201200008288,0012-03-12 22:15:00,12,3,12,22,15,830,72,,43.484,6.318,Crépuscule ou aube,Hors agglomération,Hors intersection,Normale,Autre collision,,,,,,,,,,,2,1,1,1.0,6
201200008289,0012-03-17 02:30:00,12,3,17,2,30,830,72,,43.498,6.404,Nuit sans éclairage public,Hors agglomération,Hors intersection,Normale,Autre collision,,,,,,,,,,,3,1,1,1.0,6
201200008290,0012-05-04 14:45:00,12,5,4,14,45,830,58,,,,Plein jour,Hors agglomération,Intersection en T,Normale,Deux véhicules - côté,,,,,,,,,,,1,1,3,1.0,3
201200008291,0012-07-09 14:15:00,12,7,9,14,15,830,72,Place d'Entrechaux,,,Plein jour,En agglomération,Hors intersection,Normale,Autre collision,,,,,,,,,,,1,2,1,1.0,6
201200008292,0012-07-22 11:30:00,12,7,22,11,30,830,72,777 route de Salernes,,,Plein jour,En agglomération,Hors intersection,Normale,Autre collision,,,,,,,,,,,1,2,1,1.0,6
201200008293,0012-08-31 16:45:00,12,8,31,16,45,830,72,CD2562 PR0+200 av 4 Pier,43.496,6.367,Plein jour,En agglomération,Hors intersection,Normale,Deux véhicules - côté,,,,,,,,,,,1,2,1,1.0,3
201200008294,0012-09-18 18:30:00,12,9,18,18,30,830,136,RD 79  pr19.500,,,Plein jour,En agglomération,Hors intersection,Normale,Deux véhicules - frontale,,,,,,,,,,,1,2,1,1.0,1
201200008295,0012-12-05 18:00:00,12,12,5,18,0,830,72,,43.496,6.381,Nuit sans éclairage public,Hors agglomération,Hors intersection,Normale,Deux véhicules - frontale,,,,,,,,,,,3,1,1,1.0,1
201200008296,0012-12-28 20:45:00,12,12,28,20,45,830,72,,,,Nuit sans éclairage public,Hors agglomération,Hors intersection,Normale,Autre collision,,,,,,,,,,,3,1,1,1.0,6
201200008297,0012-02-03 18:45:00,12,2,3,18,45,830,67,,43.338,6.318,Nuit sans éclairage public,Hors agglomération,Hors intersection,Normale,Autre collision,,,,,,,,,,,3,1,1,1.0,6
201200008298,0012-07-21 23:30:00,12,7,21,23,30,830,73,RN7,43.4,6.284,Nuit sans éclairage public,En agglomération,Hors intersection,Normale,Deux véhicules - frontale,,,,,,,,,,,3,2,1,1.0,1
201200008299,0012-09-06 07:00:00,12,9,6,7,0,830,31,,,,Crépuscule ou aube,Hors agglomération,Hors intersection,Normale,Autre collision,,,,,,,,,,,2,1,1,1.0,6
201200008300,0012-10-13 11:45:00,12,10,13,11,45,830,73,Rue Pierre Gaudin,,,Plein jour,En agglomération,Hors intersection,Normale,Autre collision,,,,,,,,,,,1,2,1,1.0,6
201200008301,0012-11-17 20:15:00,12,11,17,20,15,830,73,Avenue du Paradis,43.389,6.321,Nuit avec éclairage allumé,En agglomération,Hors intersection,Normale,Deux véhicules - côté,,,,,,,,,,,5,2,1,1.0,3
201200008302,0012-04-07 11:15:00,12,4,7,11,15,830,7,Carrefour RD.31/Les Pr?s,43.62486,6.22317,Plein jour,En agglomération,Intersection en T,Normale,Deux véhicules - côté,,,,,,,,,,,1,2,3,1.0,3
201200008303,0012-08-12 01:45:00,12,8,12,1,45,830,122,,,,Nuit sans éclairage public,Hors agglomération,Hors intersection,Normale,Autre collision,,,,,,,,,,,3,1,1,1.0,6
201200008304,0012-08-17 23:30:00,12,8,17,23,30,830,7,,,,Nuit sans éclairage public,Hors agglomération,Hors intersection,Normale,Autre collision,,,,,,,,,,,3,1,1,1.0,6
201200008305,0012-10-08 10:00:00,12,10,8,10,0,830,149,,,,Plein jour,Hors agglomération,Hors intersection,Normale,Deux véhicules - frontale,,,,,,,,,,,1,1,1,1.0,1
201200008306,0012-12-08 17:00:00,12,12,8,17,0,830,121,,,,Crépuscule ou aube,Hors agglomération,Hors intersection,Normale,Deux véhicules - côté,,,,,,,,,,,2,1,1,1.0,3
201200008307,0012-01-01 05:00:00,12,1,1,5,0,830,23,,,,Nuit sans éclairage public,Hors agglomération,Hors intersection,Normale,Sans collision,,,,,,,,,,,3,1,1,1.0,7
201200008308,0012-01-01 02:20:00,12,1,1,2,20,830,30,,,,Nuit sans éclairage public,Hors agglomération,Hors intersection,Normale,Sans collision,,,,,,,,,,,3,1,1,1.0,7
201200008309,0012-01-13 12:15:00,12,1,13,12,15,830,30,CD12 - grande rue,,,Plein jour,En agglomération,Hors intersection,Normale,Deux véhicules - frontale,,,,,,,,,,,1,2,1,1.0,1
201200008310,0012-01-20 18:00:00,12,1,20,18,0,830,23,,,,Nuit avec éclairage allumé,Hors agglomération,Hors intersection,Normale,Trois véhicules et plus - collisions multiples,,,,,,,,,,,5,1,1,1.0,5
201200008311,0012-02-12 05:00:00,12,2,12,5,0,830,143,,,,Nuit sans éclairage public,Hors agglomération,Hors intersection,Normale,Autre collision,,,,,,,,,,,3,1,1,1.0,6
201200008312,0012-02-25 12:00:00,12,2,25,12,0,830,23,,,,Plein jour,Hors agglomération,Intersection en T,Normale,Trois véhicules et plus - collisions multiples,,,,,,,,,,,1,1,3,1.0,5
201200008313,0012-03-03 17:45:00,12,3,3,17,45,830,37,,,,Plein jour,Hors agglomération,Hors intersection,Normale,Sans collision,,,,,,,,,,,1,1,1,1.0,7
201200008314,0012-04-08 11:45:00,12,4,8,11,45,830,23,AVENUE SAINT JEAN,43.40441,6.04345,Plein jour,En agglomération,Hors intersection,Normale,Deux véhicules - côté,,,,,,,,,,,1,2,1,1.0,3
201200008315,0012-04-19 21:00:00,12,4,19,21,0,830,23,avenue des berges -,43.40838,6.05929,Nuit avec éclairage allumé,En agglomération,Hors intersection,Normale,Deux véhicules - frontale,,,,,,,,,,,5,2,1,1.0,1
201200008316,0012-05-09 19:15:00,12,5,9,19,15,830,23,avenue des martyrs de la,,,Plein jour,En agglomération,Autre intersection,Temps éblouissant,Autre collision,,,,,,,,,,,1,2,9,7.0,6
201200008317,0012-05-12 12:00:00,12,5,12,12,0,830,23,,,,Plein jour,Hors agglomération,Hors intersection,Normale,Trois véhicules et plus - collisions multiples,,,,,,,,,,,1,1,1,1.0,5
201200008318,0012-05-29 17:00:00,12,5,29,17,0,830,143,,,,Plein jour,Hors agglomération,Hors intersection,Temps couvert,Sans collision,,,,,,,,,,,1,1,1,8.0,7
201200008319,0012-06-09 15:45:00,12,6,9,15,45,830,143,,,,Plein jour,Hors agglomération,Hors intersection,Normale,Deux véhicules - côté,,,,,,,,,,,1,1,1,1.0,3
201200008320,0012-06-14 17:00:00,12,6,14,17,0,830,143,,,,Plein jour,Hors agglomération,Hors intersection,Normale,Sans collision,,,,,,,,,,,1,1,1,1.0,7
201200008321,0012-06-18 15:45:00,12,6,18,15,45,830,23,,,,Plein jour,Hors agglomération,Hors intersection,Normale,Deux véhicules - côté,,,,,,,,,,,1,1,1,1.0,3
201200008322,0012-06-26 19:00:00,12,6,26,19,0,830,37,,,,Plein jour,Hors agglomération,Hors intersection,Normale,Sans collision,,,,,,,,,,,1,1,1,1.0,7
201200008323,0012-07-12 10:45:00,12,7,12,10,45,830,37,,,,Plein jour,Hors agglomération,Hors intersection,Normale,Deux véhicules - frontale,,,,,,,,,,,1,1,1,1.0,1
201200008324,0012-07-13 17:45:00,12,7,13,17,45,830,30,,,,Plein jour,Hors agglomération,Hors intersection,Normale,Trois véhicules et plus - collisions multiples,,,,,,,,,,,1,1,1,1.0,5
201200008325,0012-07-27 14:30:00,12,7,27,14,30,830,23,,,,Plein jour,Hors agglomération,Hors intersection,Normale,Deux véhicules - arrière,,,,,,,,,,,1,1,1,1.0,2
201200008326,0012-08-01 13:00:00,12,8,1,13,0,830,143,,,,Plein jour,Hors agglomération,Intersection en X,Normale,Trois véhicules et plus - collisions multiples,,,,,,,,,,,1,1,2,1.0,5
201200008327,0012-09-09 11:00:00,12,9,9,11,0,830,143,Carrefour RD 562 et 554,,,Plein jour,En agglomération,Hors intersection,Normale,Deux véhicules - côté,,,,,,,,,,,1,2,1,1.0,3
201200008328,0012-09-13 05:15:00,12,9,13,5,15,830,23,ancien chemin de la cell,,,Nuit avec éclairage allumé,En agglomération,Hors intersection,Normale,Autre collision,,,,,,,,,,,5,2,1,1.0,6
201200008329,0012-09-25 09:45:00,12,9,25,9,45,830,23,parking centre hexagone,,,Plein jour,En agglomération,Hors intersection,Normale,Deux véhicules - côté,,,,,,,,,,,1,2,1,1.0,3
201200008330,0012-10-09 18:15:00,12,10,9,18,15,830,23,,,,Plein jour,Hors agglomération,Giratoire,Normale,Autre collision,,,,,,,,,,,1,1,6,1.0,6
201200008331,0012-10-17 10:30:00,12,10,17,10,30,830,23,,,,Plein jour,Hors agglomération,Hors intersection,Pluie légère,Deux véhicules - côté,,,,,,,,,,,1,1,1,2.0,3
201200008332,0012-10-19 10:00:00,12,10,19,10,0,830,23,,,,Plein jour,Hors agglomération,Hors intersection,Normale,Deux véhicules - frontale,,,,,,,,,,,1,1,1,1.0,1
201200008333,0012-10-24 19:00:00,12,10,24,19,0,830,23,,,,Plein jour,Hors agglomération,Hors intersection,Normale,Deux véhicules - frontale,,,,,,,,,,,1,1,1,1.0,1
201200008334,0012-10-31 11:00:00,12,10,31,11,0,830,23,,,,Plein jour,Hors agglomération,Hors intersection,Pluie forte,Deux véhicules - frontale,,,,,,,,,,,1,1,1,3.0,1
201200008335,0012-11-02 16:30:00,12,11,2,16,30,830,23,,,,Plein jour,Hors agglomération,Hors intersection,Normale,Autre collision,,,,,,,,,,,1,1,1,1.0,6
201200008336,0012-11-19 20:30:00,12,11,19,20,30,830,143,Route de vins,,,Nuit avec éclairage allumé,En agglomération,Hors intersection,Normale,Autre collision,,,,,,,,,,,5,2,1,1.0,6
201200008337,0012-01-14 23:45:00,12,1,14,23,45,830,25,,,,Nuit sans éclairage public,Hors agglomération,Hors intersection,Normale,Deux véhicules - côté,,,,,,,,,,,3,1,1,1.0,3
201200008338,0012-01-20 23:00:00,12,1,20,23,0,830,12,,,,Nuit sans éclairage public,Hors agglomération,Hors intersection,Normale,Autre collision,,,,,,,,,,,3,1,1,1.0,6
201200008339,0012-02-21 20:00:00,12,2,21,20,0,830,26,AVENUE LOUIS ARAGON,,,Nuit avec éclairage allumé,En agglomération,Hors intersection,Normale,Deux véhicules - frontale,,,,,,,,,,,5,2,1,1.0,1
201200008340,0012-02-25 12:00:00,12,2,25,12,0,830,95,,,,Plein jour,Hors agglomération,Hors intersection,Normale,Sans collision,,,,,,,,,,,1,1,1,1.0,7
201200008341,0012-03-21 01:30:00,12,3,21,1,30,830,83,RD22 PR 20,,,Nuit avec éclairage allumé,En agglomération,Hors intersection,Pluie légère,Deux véhicules - frontale,,,,,,,,,,,5,2,1,2.0,1
201200008342,0012-07-01 07:45:00,12,7,1,7,45,830,150,,,,Plein jour,Hors agglomération,Hors intersection,Normale,Deux véhicules - frontale,,,,,,,,,,,1,1,1,1.0,1
201200008343,0012-07-05 10:45:00,12,7,5,10,45,830,6,,,,Plein jour,Hors agglomération,Hors intersection,Normale,Deux véhicules - frontale,,,,,,,,,,,1,1,1,1.0,1
201200008344,0012-07-21 17:30:00,12,7,21,17,30,830,113,,,,Plein jour,Hors agglomération,Hors intersection,Normale,Sans collision,,,,,,,,,,,1,1,1,1.0,7
201200008345,0012-09-10 14:15:00,12,9,10,14,15,830,104,,,,Plein jour,Hors agglomération,Hors intersection,Normale,Deux véhicules - frontale,,,,,,,,,,,1,1,1,1.0,1
201200008346,0012-12-13 08:15:00,12,12,13,8,15,830,150,,,,Crépuscule ou aube,Hors agglomération,Hors intersection,Temps couvert,Deux véhicules - côté,,,,,,,,,,,2,1,1,8.0,3
201200008347,0012-12-27 16:45:00,12,12,27,16,45,830,104,quartier saint esprit,,,Plein jour,En agglomération,Hors intersection,Normale,Deux véhicules - côté,,,,,,,,,,,1,2,1,1.0,3
201200008348,0012-01-25 13:30:00,12,1,25,13,30,830,59,,,,Plein jour,Hors agglomération,Hors intersection,Normale,Autre collision,,,,,,,,,,,1,1,1,1.0,6
201200008349,0012-03-11 16:45:00,12,3,11,16,45,830,88,,,,Plein jour,Hors agglomération,Hors intersection,Normale,Deux véhicules - frontale,,,,,,,,,,,1,1,1,1.0,1
201200008350,0012-03-13 18:15:00,12,3,13,18,15,830,64,,43.329,6.051,Crépuscule ou aube,Hors agglomération,Hors intersection,Normale,Autre collision,,,,,,,,,,,2,1,1,1.0,6
201200008351,0012-04-21 15:00:00,12,4,21,15,0,830,88,,,,Plein jour,Hors agglomération,Hors intersection,Normale,Sans collision,,,,,,,,,,,1,1,1,1.0,7
201200008352,0012-04-22 09:45:00,12,4,22,9,45,830,77,,,,Plein jour,Hors agglomération,Hors intersection,Normale,Sans collision,,,,,,,,,,,1,1,1,1.0,7
201200008353,0012-05-17 18:00:00,12,5,17,18,0,830,77,,,,Plein jour,Hors agglomération,Hors intersection,Normale,Sans collision,,,,,,,,,,,1,1,1,1.0,7
201200008354,0012-06-14 13:00:00,12,6,14,13,0,830,37,,,,Plein jour,Hors agglomération,Hors intersection,Normale,Deux véhicules - frontale,,,,,,,,,,,1,1,1,1.0,1
201200008355,0012-06-17 20:00:00,12,6,17,20,0,830,108,,,,Plein jour,Hors agglomération,Hors intersection,Normale,Sans collision,,,,,,,,,,,1,1,1,1.0,7
201200008356,0012-07-16 19:00:00,12,7,16,19,0,830,77,,,,Plein jour,Hors agglomération,Hors intersection,Normale,Deux véhicules - frontale,,,,,,,,,,,1,1,1,1.0,1
201200008357,0012-07-22 14:45:00,12,7,22,14,45,830,108,,,,Plein jour,Hors agglomération,Hors intersection,Normale,Sans collision,,,,,,,,,,,1,1,1,1.0,7
201200008358,0012-07-29 14:45:00,12,7,29,14,45,830,77,,,,Plein jour,Hors agglomération,Hors intersection,Normale,Deux véhicules - frontale,,,,,,,,,,,1,1,1,1.0,1
201200008359,0012-09-11 14:30:00,12,9,11,14,30,830,77,,,,Plein jour,Hors agglomération,Hors intersection,Normale,Sans collision,,,,,,,,,,,1,1,1,1.0,7
201200008360,0012-10-06 13:00:00,12,10,6,13,0,830,106,,,,Plein jour,Hors agglomération,Hors intersection,Normale,Deux véhicules - frontale,,,,,,,,,,,1,1,1,1.0,1
201200008361,0012-10-12 08:15:00,12,10,12,8,15,830,77,,,,Plein jour,Hors agglomération,Hors intersection,Normale,Autre collision,,,,,,,,,,,1,1,1,1.0,6
201200008362,0012-10-12 18:15:00,12,10,12,18,15,830,64,,,,Plein jour,Hors agglomération,Hors intersection,Normale,Sans collision,,,,,,,,,,,1,1,1,1.0,7
201200008363,0012-10-25 18:15:00,12,10,25,18,15,830,77,,,,Plein jour,Hors agglomération,Hors intersection,Normale,Autre collision,,,,,,,,,,,1,1,1,1.0,6
201200008364,0012-11-01 17:15:00,12,11,1,17,15,830,76,,,,Plein jour,Hors agglomération,Hors intersection,Normale,Autre collision,,,,,,,,,,,1,1,1,1.0,6
201200008365,0012-01-30 10:00:00,12,1,30,10,0,830,116,RN7,,,Plein jour,En agglomération,Hors intersection,Normale,Deux véhicules - côté,,,,,,,,,,,1,2,1,1.0,3
201200008366,0012-05-09 16:15:00,12,5,9,16,15,830,97,,,,Plein jour,Hors agglomération,Hors intersection,Normale,Sans collision,,,,,,,,,,,1,1,1,1.0,7
201200008367,0012-08-01 09:45:00,12,8,1,9,45,830,87,,,,Plein jour,Hors agglomération,Hors intersection,Normale,Sans collision,,,,,,,,,,,1,1,1,1.0,7
201200008368,0012-09-06 11:45:00,12,9,6,11,45,830,116,,,,Plein jour,En agglomération,Hors intersection,Normale,Autre collision,,,,,,,,,,,1,2,1,1.0,6
201200008369,0012-09-21 18:45:00,12,9,21,18,45,830,116,,43.455,5.845,Plein jour,Hors agglomération,Hors intersection,Normale,Deux véhicules - frontale,,,,,,,,,,,1,1,1,1.0,1
201200008370,0012-12-30 10:00:00,12,12,30,10,0,830,116,Avenue Gabriel PERI,,,Plein jour,En agglomération,Hors intersection,Normale,Autre collision,,,,,,,,,,,1,2,1,1.0,6
201200008371,0012-01-03 17:30:00,12,1,3,17,30,830,107,,,,Crépuscule ou aube,Hors agglomération,Intersection en X,Normale,Trois véhicules et plus - collisions multiples,,,,,,,,,,,2,1,2,1.0,5
201200008372,0012-02-26 08:45:00,12,2,26,8,45,830,107,,,,Crépuscule ou aube,Hors agglomération,Hors intersection,Normale,Sans collision,,,,,,,,,,,2,1,1,1.0,7
201200008373,0012-03-14 21:00:00,12,3,14,21,0,830,99,DN 7 FACE STADE,,,Nuit avec éclairage allumé,En agglomération,Hors intersection,Normale,Autre collision,,,,,,,,,,,5,2,1,1.0,6
201200008374,0012-07-25 12:15:00,12,7,25,12,15,830,99,,,,Plein jour,Hors agglomération,Hors intersection,Normale,Autre collision,,,,,,,,,,,1,1,1,1.0,6
201200008375,0012-08-06 22:45:00,12,8,6,22,45,830,107,"RD 559, place san peire",,,Nuit avec éclairage allumé,En agglomération,Hors intersection,Normale,Autre collision,,,,,,,,,,,5,2,1,1.0,6
201200008376,0012-08-08 18:15:00,12,8,8,18,15,830,107,,,,Plein jour,Hors agglomération,Hors intersection,Normale,Deux véhicules - côté,,,,,,,,,,,1,1,1,1.0,3
201200008377,0012-08-14 21:00:00,12,8,14,21,0,830,107,,,,Nuit sans éclairage public,Hors agglomération,Hors intersection,Normale,Trois véhicules et plus - collisions multiples,,,,,,,,,,,3,1,1,1.0,5
201200008378,0012-08-20 13:45:00,12,8,20,13,45,830,107,,,,Plein jour,Hors agglomération,Hors intersection,Normale,Deux véhicules - arrière,,,,,,,,,,,1,1,1,1.0,2
201200008379,0012-09-23 16:00:00,12,9,23,16,0,830,107,,43.467,6.6,Plein jour,Hors agglomération,Hors intersection,Normale,Trois véhicules et plus - collisions multiples,,,,,,,,,,,1,1,1,1.0,5
201200008380,0012-10-12 06:45:00,12,10,12,6,45,830,99,,,,Crépuscule ou aube,Hors agglomération,Hors intersection,Normale,Deux véhicules - côté,,,,,,,,,,,2,1,1,1.0,3
201200008381,0012-11-26 01:15:00,12,11,26,1,15,830,107,,,,Nuit sans éclairage public,Hors agglomération,Hors intersection,Pluie légère,Autre collision,,,,,,,,,,,3,1,1,2.0,6
201200008382,0012-12-24 10:15:00,12,12,24,10,15,830,107,635 col du bougnon,,,Plein jour,En agglomération,Hors intersection,Normale,Deux véhicules - frontale,,,,,,,,,,,1,2,1,1.0,1
201200008383,0012-01-01 03:00:00,12,1,1,3,0,830,42,,,,Nuit sans éclairage public,Hors agglomération,Hors intersection,Normale,Sans collision,,,,,,,,,,,3,1,1,1.0,7
201200008384,0012-01-03 17:15:00,12,1,3,17,15,830,42,437 Route des Mines,43.258,6.522,Plein jour,En agglomération,Intersection en T,Normale,Deux véhicules - côté,,,,,,,,,,,1,2,3,1.0,3
201200008385,0012-01-21 17:30:00,12,1,21,17,30,830,68,,,,Plein jour,Hors agglomération,Hors intersection,Normale,Sans collision,,,,,,,,,,,1,1,1,1.0,7
201200008386,0012-01-21 18:15:00,12,1,21,18,15,830,63,boulevard de l'esplanade,,,Nuit avec éclairage non allumé,En agglomération,Hors intersection,Normale,Autre collision,,,,,,,,,,,4,2,1,1.0,6
201200008387,0012-01-23 15:15:00,12,1,23,15,15,830,68,,,,Plein jour,Hors agglomération,Hors intersection,Normale,Sans collision,,,,,,,,,,,1,1,1,1.0,7
201200008388,0012-02-07 16:00:00,12,2,7,16,0,830,42,,,,Plein jour,Hors agglomération,Hors intersection,Normale,Deux véhicules - frontale,,,,,,,,,,,1,1,1,1.0,1
201200008389,0012-02-11 23:30:00,12,2,11,23,30,830,63,,,,Nuit sans éclairage public,Hors agglomération,Hors intersection,Normale,Autre collision,,,,,,,,,,,3,1,1,1.0,6
201200008390,0012-03-02 17:00:00,12,3,2,17,0,830,63,boulevard de l'esplanade,43.31582,6.47081,Plein jour,En agglomération,Hors intersection,Normale,Autre collision,,,,,,,,,,,1,2,1,1.0,6
201200008391,0012-03-10 09:30:00,12,3,10,9,30,830,42,rue carnot,,,Plein jour,En agglomération,Giratoire,Normale,Deux véhicules - frontale,,,,,,,,,,,1,2,6,1.0,1
201200008392,0012-03-21 07:45:00,12,3,21,7,45,830,68,,,,Plein jour,Hors agglomération,Hors intersection,Normale,Autre collision,,,,,,,,,,,1,1,1,1.0,6
201200008393,0012-03-30 10:00:00,12,3,30,10,0,830,42,Rue de la plage,43.26342,6.58965,Plein jour,En agglomération,Hors intersection,Normale,Deux véhicules - côté,,,,,,,,,,,1,2,1,1.0,3
201200008394,0012-04-02 15:45:00,12,4,2,15,45,830,68,,,,Plein jour,Hors agglomération,Hors intersection,Normale,Deux véhicules - arrière,,,,,,,,,,,1,1,1,1.0,2
201200008395,0012-04-11 17:45:00,12,4,11,17,45,830,68,,,,Plein jour,Hors agglomération,Hors intersection,Normale,Autre collision,,,,,,,,,,,1,1,1,1.0,6
201200008396,0012-04-25 08:30:00,12,4,25,8,30,830,42,,,,Plein jour,Hors agglomération,Hors intersection,Normale,Deux véhicules - arrière,,,,,,,,,,,1,1,1,1.0,2
201200008397,0012-05-01 16:15:00,12,5,1,16,15,830,68,,43.28,6.56,Plein jour,Hors agglomération,Hors intersection,Normale,Deux véhicules - frontale,,,,,,,,,,,1,1,1,1.0,1