accident_id,datetime,annee,mois,jour,heure,minute,departement,commune_insee,adresse,latitude,longitude,luminosite,agglomeration,intersection,meteo,collision,nb_vehicules,nb_usagers,nb_indemnes,nb_tues,nb_blesses_hosp,nb_blesses_legers,age_cond_1,age_cond_2,veh_type_cond_1,veh_type_cond_2,lum_code,agg_code,int_code,atm_code,col_code
201200008535,0012-05-03 16:45:00,12,5,3,16,45,840,3,,43.882,5.419,Plein jour,Hors agglomération,Hors intersection,Temps éblouissant,Trois véhicules et plus - collisions multiples,,,,,,,,,,,1,1,1,7.0,5
201200008536,0012-07-09 18:45:00,12,7,9,18,45,840,3,,43.881,5.398,Plein jour,En agglomération,Hors intersection,Normale,Autre collision,,,,,,,,,,,1,2,1,1.0,6
201200008537,0012-07-19 18:15:00,12,7,19,18,15,840,3,,43.886,5.349,Plein jour,Hors agglomération,Hors intersection,Normale,Trois véhicules et plus - collisions multiples,,,,,,,,,,,1,1,1,1.0,5
201200008538,0012-07-29 18:30:00,12,7,29,18,30,840,105,,43.858,5.423,Plein jour,Hors agglomération,Hors intersection,Normale,Sans collision,,,,,,,,,,,1,1,1,1.0,7
201200008539,0012-08-13 14:00:00,12,8,13,14,0,840,118,,43.953,5.377,Plein jour,Hors agglomération,Hors intersection,Normale,Sans collision,,,,,,,,,,,1,1,1,1.0,7
201200008540,0012-09-14 10:30:00,12,9,14,10,30,840,3,02 PLACE DE LA BOUQUERIE,43.88,5.394,Plein jour,En agglomération,Hors intersection,Normale,Autre collision,,,,,,,,,,,1,2,1,1.0,6
201200008541,0012-10-05 20:00:00,12,10,5,20,0,840,3,Campagne Madeleine,43.88,5.407,Nuit avec éclairage allumé,En agglomération,Hors intersection,Normale,Deux véhicules - côté,,,,,,,,,,,5,2,1,1.0,3
201200008542,0012-11-01 16:45:00,12,11,1,16,45,840,3,avenue de la Madeleine,,,Plein jour,En agglomération,Hors intersection,Normale,Autre collision,,,,,,,,,,,1,2,1,1.0,6
201200008543,0012-03-18 10:00:00,12,3,18,10,0,840,26,,,,Plein jour,Hors agglomération,Hors intersection,Normale,Sans collision,,,,,,,,,,,1,1,1,1.0,7
201200008544,0012-04-06 15:30:00,12,4,6,15,30,840,26,,,,Plein jour,Hors agglomération,Hors intersection,Normale,Deux véhicules - frontale,,,,,,,,,,,1,1,1,1.0,1
201200008545,0012-04-13 21:45:00,12,4,13,21,45,840,65,,43.753,5.3,Crépuscule ou aube,Hors agglomération,Hors intersection,Normale,Deux véhicules - côté,,,,,,,,,,,2,1,1,1.0,3
201200008546,0012-10-02 16:15:00,12,10,2,16,15,840,26,,43.724,5.4,Plein jour,Hors agglomération,Hors intersection,Normale,Deux véhicules - frontale,,,,,,,,,,,1,1,1,1.0,1
201200008547,0012-06-17 17:00:00,12,6,17,17,0,840,20,,,,Plein jour,Hors agglomération,Intersection en T,Normale,Trois véhicules et plus - collisions multiples,,,,,,,,,,,1,1,3,1.0,5
201200008548,0012-08-13 15:30:00,12,8,13,15,30,840,20,,43.836,5.315,Plein jour,Hors agglomération,Hors intersection,Normale,Deux véhicules - frontale,,,,,,,,,,,1,1,1,1.0,1
201200008549,0012-10-12 14:00:00,12,10,12,14,0,840,51,,,,Plein jour,Hors agglomération,Hors intersection,Normale,Deux véhicules - frontale,,,,,,,,,,,1,1,1,1.0,1
201200008550,0012-03-11 20:00:00,12,3,11,20,0,840,89,boulevard jules ferry,,,Nuit avec éclairage allumé,En agglomération,Hors intersection,Normale,Autre collision,,,,,,,,,,,5,2,1,1.0,6
201200008551,0012-05-01 15:00:00,12,5,1,15,0,840,89,,,,Plein jour,Hors agglomération,Hors intersection,Normale,Sans collision,,,,,,,,,,,1,1,1,1.0,7
201200008552,0012-06-05 16:00:00,12,6,5,16,0,840,89,Bd Jean GUIGUES,,,Plein jour,En agglomération,Hors intersection,Normale,Deux véhicules - arrière,,,,,,,,,,,1,2,1,1.0,2
201200008553,0012-08-05 01:45:00,12,8,5,1,45,840,89,RD 973,,,Nuit avec éclairage allumé,En agglomération,Hors intersection,Normale,Deux véhicules - frontale,,,,,,,,,,,5,2,1,1.0,1
201200008554,0012-08-22 16:30:00,12,8,22,16,30,840,14,,,,Plein jour,Hors agglomération,Hors intersection,Normale,Deux véhicules - arrière,,,,,,,,,,,1,1,1,1.0,2
201200008555,0012-08-24 18:00:00,12,8,24,18,0,840,76,,,,Plein jour,Hors agglomération,Hors intersection,Normale,Autre collision,,,,,,,,,,,1,1,1,1.0,6
201200008556,0012-09-03 08:45:00,12,9,3,8,45,840,52,,,,Plein jour,Hors agglomération,Hors intersection,Normale,Deux véhicules - côté,,,,,,,,,,,1,1,1,1.0,3
201200008557,0012-09-19 18:00:00,12,9,19,18,0,840,89,,,,Plein jour,Hors agglomération,Hors intersection,Normale,Autre collision,,,,,,,,,,,1,1,1,1.0,6
201200008558,0012-10-14 17:00:00,12,10,14,17,0,840,9,,,,Plein jour,Hors agglomération,Hors intersection,Pluie forte,Autre collision,,,,,,,,,,,1,1,1,3.0,6
201200008559,0012-10-27 17:00:00,12,10,27,17,0,840,89,,,,Plein jour,Hors agglomération,Hors intersection,Normale,Deux véhicules - côté,,,,,,,,,,,1,1,1,1.0,3
201200008560,0012-11-10 15:30:00,12,11,10,15,30,840,133,,,,Plein jour,Hors agglomération,Hors intersection,Pluie forte,Autre collision,,,,,,,,,,,1,1,1,3.0,6
201200008561,0012-11-25 22:45:00,12,11,25,22,45,840,89,Route de la bastidonne,,,Nuit sans éclairage public,En agglomération,Hors intersection,Normale,Deux véhicules - côté,,,,,,,,,,,3,2,1,1.0,3
201200008562,0012-12-10 12:15:00,12,12,10,12,15,840,133,BLD ANTOINE DE TRES,,,Plein jour,En agglomération,Hors intersection,Normale,Autre collision,,,,,,,,,,,1,2,1,1.0,6
201200008563,0012-04-20 09:00:00,12,4,20,9,0,840,43,,,,Plein jour,Hors agglomération,Hors intersection,Normale,Deux véhicules - arrière,,,,,,,,,,,1,1,1,1.0,2
201200008564,0012-12-03 10:00:00,12,12,3,10,0,840,43,,,,Plein jour,En agglomération,Giratoire,Normale,Autre collision,,,,,,,,,,,1,2,6,1.0,6
201200008565,0012-02-20 12:00:00,12,2,20,12,0,840,44,,,,Plein jour,En agglomération,Hors intersection,Normale,Deux véhicules - frontale,,,,,,,,,,,1,2,1,1.0,1
201200008566,0012-05-04 19:00:00,12,5,4,19,0,840,69,,,,Crépuscule ou aube,Hors agglomération,Hors intersection,Pluie légère,Autre collision,,,,,,,,,,,2,1,1,2.0,6
201200008567,0012-08-01 13:15:00,12,8,1,13,15,840,15,,,,Plein jour,Hors agglomération,Hors intersection,Normale,Autre collision,,,,,,,,,,,1,1,1,1.0,6
201200008568,0012-12-12 08:15:00,12,12,12,8,15,840,44,,,,Plein jour,Hors agglomération,Hors intersection,Autre,Autre collision,,,,,,,,,,,1,1,1,9.0,6
201200008569,0012-05-08 11:45:00,12,5,8,11,45,840,148,,,,Plein jour,Hors agglomération,Hors intersection,Normale,Sans collision,,,,,,,,,,,1,1,1,1.0,7
201200008570,0012-05-12 08:45:00,12,5,12,8,45,840,72,,44.05,5.137,Plein jour,Hors agglomération,Hors intersection,Normale,Trois véhicules et plus - en chaîne,,,,,,,,,,,1,1,1,1.0,4
201200008571,0012-05-25 01:00:00,12,5,25,1,0,840,17,,,,Nuit sans éclairage public,Hors agglomération,Hors intersection,Normale,Autre collision,,,,,,,,,,,3,1,1,1.0,6
201200008572,0012-06-03 00:15:00,12,6,3,0,15,840,107,,,,Nuit sans éclairage public,Hors agglomération,Hors intersection,Normale,Autre collision,,,,,,,,,,,3,1,1,1.0,6
201200008573,0012-07-18 00:45:00,12,7,18,0,45,840,30,,,,Nuit sans éclairage public,Hors agglomération,Hors intersection,Normale,Deux véhicules - arrière,,,,,,,,,,,3,1,1,1.0,2
201200008574,0012-08-13 20:00:00,12,8,13,20,0,840,72,,44.031,5.121,Plein jour,Hors agglomération,Hors intersection,Normale,Deux véhicules - frontale,,,,,,,,,,,1,1,1,1.0,1
201200008575,0012-09-08 17:15:00,12,9,8,17,15,840,79,,44.082,5.365,Plein jour,Hors agglomération,Hors intersection,Normale,Sans collision,,,,,,,,,,,1,1,1,1.0,7
201200008576,0012-09-22 17:15:00,12,9,22,17,15,840,17,,44.121,5.193,Plein jour,Hors agglomération,Intersection en X,Normale,Deux véhicules - côté,,,,,,,,,,,1,1,2,1.0,3
201200008577,0012-01-13 22:00:00,12,1,13,22,0,840,17,,,,Nuit sans éclairage public,Hors agglomération,Hors intersection,Normale,Sans collision,,,,,,,,,,,3,1,1,1.0,7
201200008578,0012-02-06 14:15:00,12,2,6,14,15,840,88,,,,Plein jour,Hors agglomération,Hors intersection,Normale,Autre collision,,,,,,,,,,,1,1,1,1.0,6
201200008579,0012-02-17 20:15:00,12,2,17,20,15,840,88,avenue Perles du comtat,44.002,5.055,Nuit avec éclairage allumé,En agglomération,Hors intersection,Normale,Autre collision,,,,,,,,,,,5,2,1,1.0,6
201200008580,0012-03-17 10:00:00,12,3,17,10,0,840,88,,,,Plein jour,Hors agglomération,Hors intersection,Normale,Sans collision,,,,,,,,,,,1,1,1,1.0,7
201200008581,0012-04-14 20:45:00,12,4,14,20,45,840,143,,,,Nuit sans éclairage public,Hors agglomération,Hors intersection,Normale,Autre collision,,,,,,,,,,,3,1,1,1.0,6
201200008582,0012-04-15 10:00:00,12,4,15,10,0,840,88,,,,Plein jour,Hors agglomération,Hors intersection,Normale,Deux véhicules - frontale,,,,,,,,,,,1,1,1,1.0,1
201200008583,0012-07-21 08:00:00,12,7,21,8,0,840,142,,,,Plein jour,Hors agglomération,Hors intersection,Normale,Trois véhicules et plus - collisions multiples,,,,,,,,,,,1,1,1,1.0,5
201200008584,0012-07-31 17:30:00,12,7,31,17,30,840,88,,,,Plein jour,Hors agglomération,Hors intersection,Normale,Deux véhicules - côté,,,,,,,,,,,1,1,1,1.0,3
201200008585,0012-08-25 19:30:00,12,8,25,19,30,840,108,,,,Plein jour,Hors agglomération,Hors intersection,Pluie légère,Trois véhicules et plus - collisions multiples,,,,,,,,,,,1,1,1,2.0,5
201200008586,0012-10-19 12:00:00,12,10,19,12,0,840,143,,43.98,5.17,Plein jour,Hors agglomération,Hors intersection,Normale,Deux véhicules - côté,,,,,,,,,,,1,1,1,1.0,3
201200008587,0012-11-16 16:30:00,12,11,16,16,30,840,88,,,,Plein jour,Hors agglomération,Hors intersection,Normale,Autre collision,,,,,,,,,,,1,1,1,1.0,6
201200008588,0012-12-24 17:45:00,12,12,24,17,45,840,88,66 AVENUE DU BARIOT,,,Nuit sans éclairage public,En agglomération,Hors intersection,Normale,Autre collision,,,,,,,,,,,3,2,1,1.0,6
201200008589,0012-03-26 09:00:00,12,3,26,9,0,840,135,,,,Plein jour,Hors agglomération,Hors intersection,Normale,Deux véhicules - frontale,,,,,,,,,,,1,1,1,1.0,1
201200008590,0012-05-09 14:00:00,12,5,9,14,0,840,29,,,,Plein jour,Hors agglomération,Hors intersection,Normale,Deux véhicules - côté,,,,,,,,,,,1,1,1,1.0,3
201200008591,0012-06-22 07:45:00,12,6,22,7,45,840,83,,,,Plein jour,Hors agglomération,Hors intersection,Normale,Autre collision,,,,,,,,,,,1,1,1,1.0,6
201200008592,0012-06-27 16:00:00,12,6,27,16,0,840,28,,,,Plein jour,Hors agglomération,Hors intersection,Normale,Autre collision,,,,,,,,,,,1,1,1,1.0,6
201200008593,0012-10-06 14:45:00,12,10,6,14,45,840,83,RUE MAOUCROUSET,,,Plein jour,En agglomération,Hors intersection,Normale,Deux véhicules - côté,,,,,,,,,,,1,2,1,1.0,3
201200008594,0012-02-18 19:30:00,12,2,18,19,30,840,122,,,,Nuit sans éclairage public,Hors agglomération,Hors intersection,Normale,Deux véhicules - côté,,,,,,,,,,,3,1,1,1.0,3
201200008595,0012-03-20 08:00:00,12,3,20,8,0,840,30,,,,Plein jour,Hors agglomération,Giratoire,Normale,Autre collision,,,,,,,,,,,1,1,6,1.0,6
201200008596,0012-06-04 11:45:00,12,6,4,11,45,840,122,,,,Plein jour,Hors agglomération,Hors intersection,Normale,Sans collision,,,,,,,,,,,1,1,1,1.0,7
201200008597,0012-07-11 00:15:00,12,7,11,0,15,840,67,,,,Nuit sans éclairage public,Hors agglomération,Hors intersection,Normale,Sans collision,,,,,,,,,,,3,1,1,1.0,7
201200008598,0012-08-16 17:00:00,12,8,16,17,0,840,4,,,,Plein jour,Hors agglomération,Hors intersection,Normale,Deux véhicules - frontale,,,,,,,,,,,1,1,1,1.0,1
201200008599,0012-08-16 17:00:00,12,8,16,17,0,840,122,,,,Plein jour,Hors agglomération,Hors intersection,Normale,Deux véhicules - côté,,,,,,,,,,,1,1,1,1.0,3
201200008600,0012-09-01 14:45:00,12,9,1,14,45,840,130,,,,Plein jour,Hors agglomération,Hors intersection,Normale,Deux véhicules - côté,,,,,,,,,,,1,1,1,1.0,3
201200008601,0012-09-17 18:15:00,12,9,17,18,15,840,49,,44.271,4.649,Crépuscule ou aube,Hors agglomération,Hors intersection,Normale,Deux véhicules - côté,,,,,,,,,,,2,1,1,1.0,3
201200008602,0012-02-16 14:30:00,12,2,16,14,30,840,64,,,,Plein jour,Hors agglomération,Hors intersection,Normale,Deux véhicules - arrière,,,,,,,,,,,1,1,1,1.0,2
201200008603,0012-03-08 12:15:00,12,3,8,12,15,840,64,,,,Plein jour,Hors agglomération,Hors intersection,Normale,Deux véhicules - frontale,,,,,,,,,,,1,1,1,1.0,1
201200008604,0012-03-26 04:30:00,12,3,26,4,30,840,63,,44.263,4.654,Nuit sans éclairage public,Hors agglomération,Hors intersection,Normale,Autre collision,,,,,,,,,,,3,1,1,1.0,6
201200008605,0012-08-30 23:45:00,12,8,30,23,45,840,63,,,,Nuit sans éclairage public,Hors agglomération,Hors intersection,Normale,Deux véhicules - côté,,,,,,,,,,,3,1,1,1.0,3
201200008606,0012-09-06 17:15:00,12,9,6,17,15,840,63,,,,Plein jour,Hors agglomération,Hors intersection,Normale,Trois véhicules et plus - collisions multiples,,,,,,,,,,,1,1,1,1.0,5
201200008607,0012-09-10 18:45:00,12,9,10,18,45,840,78,,,,Plein jour,Hors agglomération,Hors intersection,Normale,Autre collision,,,,,,,,,,,1,1,1,1.0,6
201200008608,0012-10-26 19:15:00,12,10,26,19,15,840,19,,,,Nuit sans éclairage public,Hors agglomération,Hors intersection,Pluie légère,Deux véhicules - côté,,,,,,,,,,,3,1,1,2.0,3
201200008609,0012-11-14 18:30:00,12,11,14,18,30,840,19,,,,Nuit avec éclairage allumé,Hors agglomération,Hors intersection,Normale,Deux véhicules - frontale,,,,,,,,,,,5,1,1,1.0,1
201200008610,0012-12-21 18:15:00,12,12,21,18,15,840,78,,,,Nuit sans éclairage public,Hors agglomération,Hors intersection,Normale,Deux véhicules - frontale,,,,,,,,,,,3,1,1,1.0,1
201200008611,0012-01-12 05:15:00,12,1,12,5,15,840,69,,,,Nuit sans éclairage public,Hors agglomération,Hors intersection,Normale,Autre collision,,,,,,,,,,,3,1,1,1.0,6
201200008612,0012-03-11 09:15:00,12,3,11,9,15,840,44,Quarteir St Jean,,,Plein jour,En agglomération,Hors intersection,Normale,Deux véhicules - côté,,,,,,,,,,,1,2,1,1.0,3
201200008613,0012-04-09 10:45:00,12,4,9,10,45,840,110,,,,Plein jour,Hors agglomération,Hors intersection,Normale,Sans collision,,,,,,,,,,,1,1,1,1.0,7
201200008614,0012-04-29 05:15:00,12,4,29,5,15,840,111,avenue de l'ouv?ze,,,Nuit sans éclairage public,En agglomération,Hors intersection,Pluie forte,Autre collision,,,,,,,,,,,3,2,1,3.0,6
201200008615,0012-05-27 18:00:00,12,5,27,18,0,840,44,,,,Plein jour,Hors agglomération,Hors intersection,Normale,Autre collision,,,,,,,,,,,1,1,1,1.0,6
201200008616,0012-06-10 08:45:00,12,6,10,8,45,840,8,,,,Plein jour,Hors agglomération,Hors intersection,Normale,Deux véhicules - frontale,,,,,,,,,,,1,1,1,1.0,1
201200008617,0012-07-17 15:30:00,12,7,17,15,30,840,137,Avenue Jules Ferry,,,Plein jour,En agglomération,Hors intersection,Normale,Deux véhicules - côté,,,,,,,,,,,1,2,1,1.0,3
201200008618,0012-07-24 19:00:00,12,7,24,19,0,840,44,,,,Plein jour,Hors agglomération,Hors intersection,Normale,Deux véhicules - frontale,,,,,,,,,,,1,1,1,1.0,1
201200008619,0012-09-11 19:00:00,12,9,11,19,0,840,69,,,,Crépuscule ou aube,Hors agglomération,Hors intersection,Normale,Deux véhicules - côté,,,,,,,,,,,2,1,1,1.0,3
201200008620,0012-09-22 05:15:00,12,9,22,5,15,840,137,avenue Ulysse Fabre,,,Nuit avec éclairage allumé,En agglomération,Hors intersection,Pluie légère,Autre collision,,,,,,,,,,,5,2,1,2.0,6
201200008621,0012-09-28 15:30:00,12,9,28,15,30,840,44,,,,Plein jour,Hors agglomération,Intersection en X,Normale,Deux véhicules - frontale,,,,,,,,,,,1,1,2,1.0,1
201200008622,0012-10-15 19:00:00,12,10,15,19,0,840,22,,,,Nuit sans éclairage public,Hors agglomération,Hors intersection,Normale,Deux véhicules - frontale,,,,,,,,,,,3,1,1,1.0,1
201200008623,0012-12-09 11:00:00,12,12,9,11,0,840,126,,,,Plein jour,Hors agglomération,Intersection en X,Normale,Deux véhicules - côté,,,,,,,,,,,1,1,2,1.0,3
201200008624,0012-01-07 00:01:00,12,1,7,0,1,840,97,,,,Nuit sans éclairage public,Hors agglomération,Hors intersection,Normale,Sans collision,,,,,,,,,,,3,1,1,1.0,7
201200008625,0012-04-12 18:00:00,12,4,12,18,0,840,138,,,,Plein jour,Hors agglomération,Hors intersection,Normale,Deux véhicules - côté,,,,,,,,,,,1,1,1,1.0,3
201200008626,0012-04-29 02:30:00,12,4,29,2,30,840,138,,,,Nuit sans éclairage public,Hors agglomération,Hors intersection,Pluie forte,Autre collision,,,,,,,,,,,3,1,1,3.0,6
201200008627,0012-07-04 14:30:00,12,7,4,14,30,840,138,RD 941,,,Plein jour,En agglomération,Hors intersection,Normale,Deux véhicules - frontale,,,,,,,,,,,1,2,1,1.0,1
201200008628,0012-08-20 01:30:00,12,8,20,1,30,840,97,,,,Nuit sans éclairage public,Hors agglomération,Hors intersection,Normale,Sans collision,,,,,,,,,,,3,1,1,1.0,7
201200008629,0012-09-23 06:00:00,12,9,23,6,0,840,97,route de grillon,,,Crépuscule ou aube,En agglomération,Hors intersection,Normale,Autre collision,,,,,,,,,,,2,2,1,1.0,6
201200008630,0012-03-06 11:45:00,12,3,6,11,45,340,57,517 avenue de l'Europe,43.62999,3.90209,Plein jour,En agglomération,Hors intersection,Normale,Autre collision,,,,,,,,,,,1,2,1,1.0,6
201200008631,0012-03-10 07:00:00,12,3,10,7,0,340,57,,43.65161,3.92462,Plein jour,Hors agglomération,Hors intersection,Normale,Autre collision,,,,,,,,,,,1,1,1,1.0,6
201200008632,0012-05-01 09:45:00,12,5,1,9,45,340,90,parking hyper u,43.648,3.945,Plein jour,En agglomération,Hors intersection,Normale,Deux véhicules - côté,,,,,,,,,,,1,2,1,1.0,3
201200008633,0012-05-12 17:00:00,12,5,12,17,0,340,90,,43.665,3.948,Plein jour,Hors agglomération,Giratoire,Normale,Deux véhicules - frontale,,,,,,,,,,,1,1,6,1.0,1
201200008634,0012-06-10 07:15:00,12,6,10,7,15,340,90,RUE DES AIGUERELLES,,,Plein jour,En agglomération,Hors intersection,Normale,Deux véhicules - côté,,,,,,,,,,,1,2,1,1.0,3
201200008635,0012-07-03 11:00:00,12,7,3,11,0,340,57,,,,Plein jour,Hors agglomération,Hors intersection,Normale,Autre collision,,,,,,,,,,,1,1,1,1.0,6
201200008636,0012-09-21 14:30:00,12,9,21,14,30,340,57,Av de la Galine,,,Plein jour,En agglomération,Hors intersection,Normale,Deux véhicules - frontale,,,,,,,,,,,1,2,1,1.0,1
201200008637,0012-10-08 17:45:00,12,10,8,17,45,340,90,,,,Plein jour,Hors agglomération,Hors intersection,Normale,Deux véhicules - frontale,,,,,,,,,,,1,1,1,1.0,1
201200008638,0012-12-21 16:30:00,12,12,21,16,30,340,57,,,,Plein jour,Hors agglomération,Giratoire,Pluie légère,Sans collision,,,,,,,,,,,1,1,6,2.0,7
201200008639,0012-01-12 13:15:00,12,1,12,13,15,340,227,,43.71556,4.03122,Plein jour,Hors agglomération,Hors intersection,Normale,Autre collision,,,,,,,,,,,1,1,1,1.0,6
201200008640,0012-01-13 20:15:00,12,1,13,20,15,340,256,,43.70487,4.02505,Nuit sans éclairage public,Hors agglomération,Hors intersection,Normale,Deux véhicules - côté,,,,,,,,,,,3,1,1,1.0,3
201200008641,0012-01-19 18:00:00,12,1,19,18,0,340,22,,43.66067,4.0252,Nuit sans éclairage public,Hors agglomération,Hors intersection,Normale,Deux véhicules - côté,,,,,,,,,,,3,1,1,1.0,3
201200008642,0012-01-20 22:45:00,12,1,20,22,45,340,22,CD 26E1,43.65296,4.00619,Nuit avec éclairage allumé,En agglomération,Passage à niveau,Normale,Deux véhicules - côté,,,,,,,,,,,5,2,8,1.0,3
201200008643,0012-02-12 03:00:00,12,2,12,3,0,340,249,RD54,43.72591,3.98483,Nuit sans éclairage public,En agglomération,Hors intersection,Autre,Autre collision,,,,,,,,,,,3,2,1,9.0,6
201200008644,0012-03-25 16:00:00,12,3,25,16,0,340,27,,43.7335,4.0244,Plein jour,Hors agglomération,Hors intersection,Normale,Autre collision,,,,,,,,,,,1,1,1,1.0,6
201200008645,0012-03-27 08:15:00,12,3,27,8,15,340,327,AVENUE DE NIMES,43.65362,3.97019,Plein jour,En agglomération,Hors intersection,Normale,Trois véhicules et plus - collisions multiples,,,,,,,,,,,1,2,1,1.0,5
201200008646,0012-04-01 08:00:00,12,4,1,8,0,340,249,,43.72354,3.9861,Plein jour,Hors agglomération,Hors intersection,Normale,Autre collision,,,,,,,,,,,1,1,1,1.0,6
201200008647,0012-04-02 18:15:00,12,4,2,18,15,340,327,,43.64396,3.95025,Plein jour,Hors agglomération,Intersection en T,Normale,Deux véhicules - côté,,,,,,,,,,,1,1,3,1.0,3
201200008648,0012-05-02 15:30:00,12,5,2,15,30,340,327,RD 613,43.65384,3.96663,Plein jour,En agglomération,Hors intersection,Normale,Deux véhicules - côté,,,,,,,,,,,1,2,1,1.0,3
201200008649,0012-06-26 19:30:00,12,6,26,19,30,340,256,,43.69942,4.01813,Plein jour,Hors agglomération,Intersection en T,Normale,Deux véhicules - côté,,,,,,,,,,,1,1,3,1.0,3
201200008650,0012-07-25 19:15:00,12,7,25,19,15,340,58,Avenue du Moulin ? Vent,43.677,3.982,Plein jour,En agglomération,Hors intersection,Normale,Sans collision,,,,,,,,,,,1,2,1,1.0,7
201200008651,0012-08-16 16:00:00,12,8,16,16,0,340,327,AVENUE MONTPELLIER CD613,43.658,3.967,Plein jour,En agglomération,Hors intersection,Normale,Deux véhicules - côté,,,,,,,,,,,1,2,1,1.0,3
201200008652,0012-08-25 18:00:00,12,8,25,18,0,340,22,avenue du colombier,,,Plein jour,En agglomération,Hors intersection,Normale,Deux véhicules - côté,,,,,,,,,,,1,2,1,1.0,3
201200008653,0012-09-17 11:00:00,12,9,17,11,0,340,256,rue des tilleuls,43.702,4.034,Plein jour,En agglomération,Hors intersection,Normale,Deux véhicules - frontale,,,,,,,,,,,1,2,1,1.0,1
201200008654,0012-09-30 03:45:00,12,9,30,3,45,340,58,,,,Nuit sans éclairage public,Hors agglomération,Hors intersection,Pluie légère,Deux véhicules - frontale,,,,,,,,,,,3,1,1,2.0,1
201200008655,0012-10-08 20:15:00,12,10,8,20,15,340,58,,,,Nuit sans éclairage public,Hors agglomération,Intersection en T,Normale,Deux véhicules - côté,,,,,,,,,,,3,1,3,1.0,3
201200008656,0012-10-16 17:15:00,12,10,16,17,15,340,307,,,,Nuit sans éclairage public,Hors agglomération,Hors intersection,Pluie légère,Trois véhicules et plus - collisions multiples,,,,,,,,,,,3,1,1,2.0,5
201200008657,0012-10-23 16:30:00,12,10,23,16,30,340,58,,,,Plein jour,Hors agglomération,Hors intersection,Normale,Autre collision,,,,,,,,,,,1,1,1,1.0,6
201200008658,0012-11-02 13:45:00,12,11,2,13,45,340,327,,43.662,3.982,Plein jour,Hors agglomération,Hors intersection,Normale,Deux véhicules - frontale,,,,,,,,,,,1,1,1,1.0,1
201200008659,0012-11-17 06:15:00,12,11,17,6,15,340,327,CD 613,43.657,3.965,Nuit sans éclairage public,En agglomération,Hors intersection,Autre,Autre collision,,,,,,,,,,,3,2,1,9.0,6
201200008660,0012-11-25 16:15:00,12,11,25,16,15,340,58,,,,Plein jour,Hors agglomération,Hors intersection,Normale,Deux véhicules - côté,,,,,,,,,,,1,1,1,1.0,3
201200008661,0012-12-20 14:30:00,12,12,20,14,30,340,327,avenue de Montpellier,43.65378,3.96621,Plein jour,En agglomération,Hors intersection,Pluie forte,Deux véhicules - côté,,,,,,,,,,,1,2,1,3.0,3
201200008662,0012-12-23 02:00:00,12,12,23,2,0,340,249,25 avenue du b?range,,,Nuit avec éclairage allumé,En agglomération,Hors intersection,Normale,Autre collision,,,,,,,,,,,5,2,1,1.0,6
201200008663,0012-12-26 18:45:00,12,12,26,18,45,340,327,,43.64989,3.95742,Nuit sans éclairage public,Hors agglomération,Hors intersection,Temps couvert,Deux véhicules - frontale,,,,,,,,,,,3,1,1,8.0,1
201200008664,0012-08-04 18:00:00,12,8,4,18,0,340,185,,43.837,3.743,Plein jour,Hors agglomération,Hors intersection,Normale,Sans collision,,,,,,,,,,,1,1,1,1.0,7
201200008665,0012-01-06 18:50:00,12,1,6,18,50,340,344,Avenue de lattre de tass,43.56117,4.07695,Nuit avec éclairage allumé,En agglomération,Hors intersection,Normale,Deux véhicules - côté,,,,,,,,,,,5,2,1,1.0,3
201200008666,0012-02-25 11:30:00,12,2,25,11,30,340,344,rue Robert FAGES,43.55995,4.07958,Plein jour,En agglomération,Hors intersection,Normale,Deux véhicules - côté,,,,,,,,,,,1,2,1,1.0,3
201200008667,0012-05-02 19:45:00,12,5,2,19,45,340,344,place du 1 octobre 1974,,,Plein jour,En agglomération,Place,Normale,Autre collision,,,,,,,,,,,1,2,7,1.0,6
201200008668,0012-05-10 19:00:00,12,5,10,19,0,340,344,Avenue G LECLERC,,,Plein jour,En agglomération,Hors intersection,Normale,Deux véhicules - côté,,,,,,,,,,,1,2,1,1.0,3
201200008669,0012-08-09 09:00:00,12,8,9,9,0,340,344,,,,Plein jour,En agglomération,Hors intersection,Normale,Trois véhicules et plus - en chaîne,,,,,,,,,,,1,2,1,1.0,4
201200008670,0012-09-07 11:00:00,12,9,7,11,0,340,344,avenue Jean Bene,,,Plein jour,En agglomération,Hors intersection,Normale,Deux véhicules - arrière,,,,,,,,,,,1,2,1,1.0,2
201200008671,0012-09-07 18:45:00,12,9,7,18,45,340,344,avenue du general lecler,,,Plein jour,En agglomération,Hors intersection,Normale,Deux véhicules - frontale,,,,,,,,,,,1,2,1,1.0,1
201200008672,0012-10-23 15:15:00,12,10,23,15,15,340,344,avenue jean Bène,43.56088,4.08199,Plein jour,En agglomération,Hors intersection,Normale,Autre collision,,,,,,,,,,,1,2,1,1.0,6
201200008673,0012-10-27 17:00:00,12,10,27,17,0,340,344,,,,Plein jour,Hors agglomération,Hors intersection,Vent fort / tempête,Sans collision,,,,,,,,,,,1,1,1,6.0,7