accident_id,datetime,annee,mois,jour,heure,minute,departement,commune_insee,adresse,latitude,longitude,luminosite,agglomeration,intersection,meteo,collision,nb_vehicules,nb_usagers,nb_indemnes,nb_tues,nb_blesses_hosp,nb_blesses_legers,age_cond_1,age_cond_2,veh_type_cond_1,veh_type_cond_2,lum_code,agg_code,int_code,atm_code,col_code
201200008674,0012-11-17 10:45:00,12,11,17,10,45,340,344,,,,Plein jour,Hors agglomération,Hors intersection,Pluie légère,Sans collision,,,,,,,,,,,1,1,1,2.0,7
201200008675,0012-11-25 02:05:00,12,11,25,2,5,340,344,,43.56738,4.06296,Nuit sans éclairage public,Hors agglomération,Hors intersection,Brouillard / fumée,Autre collision,,,,,,,,,,,3,1,1,5.0,6
201200008676,0012-01-09 11:15:00,12,1,9,11,15,340,145,quai voltaire,43.67317,4.13229,Plein jour,En agglomération,Hors intersection,Temps éblouissant,Deux véhicules - côté,,,,,,,,,,,1,2,1,7.0,3
201200008677,0012-01-24 17:15:00,12,1,24,17,15,340,272,,43.65265,4.11479,Plein jour,Hors agglomération,Autre intersection,Normale,Deux véhicules - frontale,,,,,,,,,,,1,1,9,1.0,1
201200008678,0012-03-15 12:15:00,12,3,15,12,15,340,145,804 lattre de tassigny,43.67701,4.12199,Plein jour,En agglomération,Hors intersection,Normale,Autre collision,,,,,,,,,,,1,2,1,1.0,6
201200008679,0012-03-26 14:00:00,12,3,26,14,0,340,145,,43.68872,4.13231,Plein jour,Hors agglomération,Hors intersection,Normale,Autre collision,,,,,,,,,,,1,1,1,1.0,6
201200008680,0012-04-18 07:45:00,12,4,18,7,45,340,294,11 Route de V?rargues,43.71973,4.10953,Plein jour,En agglomération,Hors intersection,Normale,Deux véhicules - frontale,,,,,,,,,,,1,2,1,1.0,1
201200008681,0012-05-10 12:30:00,12,5,10,12,30,340,145,chemin des malautieres,43.67703,4.12222,Plein jour,En agglomération,Hors intersection,Normale,Deux véhicules - côté,,,,,,,,,,,1,2,1,1.0,3
201200008682,0012-05-11 16:30:00,12,5,11,16,30,340,145,rn113 rond point d'inter,,,Plein jour,En agglomération,Autre intersection,Normale,Deux véhicules - arrière,,,,,,,,,,,1,2,9,1.0,2
201200008683,0012-05-25 16:30:00,12,5,25,16,30,340,151,Rue Alphonse Daudet,43.66188,4.17782,Plein jour,En agglomération,Intersection en X,Normale,Deux véhicules - côté,,,,,,,,,,,1,2,2,1.0,3
201200008684,0012-06-08 23:00:00,12,6,8,23,0,340,151,,43.60415,4.13251,Nuit sans éclairage public,Hors agglomération,Hors intersection,Normale,Autre collision,,,,,,,,,,,3,1,1,1.0,6
201200008685,0012-06-15 07:45:00,12,6,15,7,45,340,151,,,,Plein jour,Hors agglomération,Hors intersection,Normale,Autre collision,,,,,,,,,,,1,1,1,1.0,6
201200008686,0012-07-09 14:00:00,12,7,9,14,0,340,294,,43.71961,4.10799,Plein jour,Hors agglomération,Hors intersection,Normale,Sans collision,,,,,,,,,,,1,1,1,1.0,7
201200008687,0012-07-24 22:00:00,12,7,24,22,0,340,321,,,,Nuit sans éclairage public,Hors agglomération,Hors intersection,Normale,Autre collision,,,,,,,,,,,3,1,1,1.0,6
201200008688,0012-08-06 11:30:00,12,8,6,11,30,340,33,,,,Plein jour,Hors agglomération,Hors intersection,Pluie légère,Autre collision,,,,,,,,,,,1,1,1,2.0,6
201200008689,0012-08-10 19:00:00,12,8,10,19,0,340,145,Avenue de l'occitanie,,,Plein jour,En agglomération,Hors intersection,Normale,Deux véhicules - frontale,,,,,,,,,,,1,2,1,1.0,1
201200008690,0012-08-14 07:30:00,12,8,14,7,30,340,146,,,,Crépuscule ou aube,Hors agglomération,Hors intersection,Normale,Autre collision,,,,,,,,,,,2,1,1,1.0,6
201200008691,0012-10-26 11:00:00,12,10,26,11,0,340,145,rue de verdun,43.674,4.126,Plein jour,En agglomération,Hors intersection,Normale,Deux véhicules - frontale,,,,,,,,,,,1,2,1,1.0,1
201200008692,0012-10-24 07:45:00,12,10,24,7,45,340,294,,43.718,4.104,Crépuscule ou aube,Hors agglomération,Hors intersection,Normale,Deux véhicules - frontale,,,,,,,,,,,2,1,1,1.0,1
201200008693,0012-10-26 00:45:00,12,10,26,0,45,340,151,,43.655,4.154,Nuit sans éclairage public,Hors agglomération,Hors intersection,Normale,Sans collision,,,,,,,,,,,3,1,1,1.0,7
201200008694,0012-10-28 03:30:00,12,10,28,3,30,340,321,,43.6735,4.061,Nuit sans éclairage public,Hors agglomération,Hors intersection,Vent fort / tempête,Autre collision,,,,,,,,,,,3,1,1,6.0,6
201200008695,0012-11-17 18:30:00,12,11,17,18,30,340,146,avenue de la r?publique,,,Nuit avec éclairage allumé,En agglomération,Passage à niveau,Pluie légère,Autre collision,,,,,,,,,,,5,2,8,2.0,6
201200008696,0012-12-23 19:30:00,12,12,23,19,30,340,340,Route de Saturargues,43.787,4.043,Nuit avec éclairage allumé,En agglomération,Hors intersection,Normale,Sans collision,,,,,,,,,,,5,2,1,1.0,7
201200008697,0012-02-22 18:15:00,12,2,22,18,15,340,154,,43.60388,3.96359,Crépuscule ou aube,Hors agglomération,Hors intersection,Normale,Deux véhicules - frontale,,,,,,,,,,,2,1,1,1.0,1
201200008698,0012-03-10 18:15:00,12,3,10,18,15,340,154,,43.61644,3.94666,Plein jour,Hors agglomération,Hors intersection,Normale,Deux véhicules - côté,,,,,,,,,,,1,1,1,1.0,3
201200008699,0012-03-28 17:45:00,12,3,28,17,45,340,154,,43.6019,3.99561,Plein jour,Hors agglomération,Hors intersection,Normale,Deux véhicules - côté,,,,,,,,,,,1,1,1,1.0,3
201200008700,0012-03-30 19:30:00,12,3,30,19,30,340,50,,43.63693,4.05907,Plein jour,Hors agglomération,Hors intersection,Normale,Deux véhicules - côté,,,,,,,,,,,1,1,1,1.0,3
201200008701,0012-04-20 18:00:00,12,4,20,18,0,340,154,Av J. MOULIN / Rue Brel,43.61843,4.0152,Plein jour,En agglomération,Hors intersection,Normale,Deux véhicules - côté,,,,,,,,,,,1,2,1,1.0,3
201200008702,0012-05-12 15:30:00,12,5,12,15,30,340,154,,43.609,3.965,Plein jour,Hors agglomération,Autre intersection,Normale,Deux véhicules - arrière,,,,,,,,,,,1,1,9,1.0,2
201200008703,0012-05-23 11:45:00,12,5,23,11,45,340,154,,43.606,3.996,Plein jour,Hors agglomération,Hors intersection,Normale,Deux véhicules - frontale,,,,,,,,,,,1,1,1,1.0,1
201200008704,0012-06-19 14:30:00,12,6,19,14,30,340,154,,,,Plein jour,Hors agglomération,Hors intersection,Normale,Deux véhicules - arrière,,,,,,,,,,,1,1,1,1.0,2
201200008705,0012-09-12 13:45:00,12,9,12,13,45,340,154,avenue Buisson,43.62,4.00699,Plein jour,En agglomération,Hors intersection,Normale,Deux véhicules - arrière,,,,,,,,,,,1,2,1,1.0,2
201200008706,0012-11-21 14:00:00,12,11,21,14,0,340,176,,43.643,4.062,Plein jour,Hors agglomération,Hors intersection,Normale,Autre collision,,,,,,,,,,,1,1,1,1.0,6
201200008707,0012-11-23 17:15:00,12,11,23,17,15,340,154,,43.61,3.965,Crépuscule ou aube,Hors agglomération,Hors intersection,Normale,Deux véhicules - côté,,,,,,,,,,,2,1,1,1.0,3
201200008708,0012-11-25 12:30:00,12,11,25,12,30,340,240,,43.641,3.957,Plein jour,Hors agglomération,Hors intersection,Pluie légère,Deux véhicules - côté,,,,,,,,,,,1,1,1,2.0,3
201200008709,0012-11-29 16:30:00,12,11,29,16,30,340,127,,,,Plein jour,Hors agglomération,Giratoire,Normale,Deux véhicules - côté,,,,,,,,,,,1,1,6,1.0,3
201200008710,0012-01-15 15:00:00,12,1,15,15,0,340,110,,43.78,4.03899,Plein jour,Hors agglomération,Autre intersection,Normale,Deux véhicules - côté,,,,,,,,,,,1,1,9,1.0,3
201200008711,0012-05-12 15:15:00,12,5,12,15,15,340,297,,43.82341,3.89987,Plein jour,Hors agglomération,Hors intersection,Normale,Deux véhicules - côté,,,,,,,,,,,1,1,1,1.0,3
201200008712,0012-09-06 07:15:00,12,9,6,7,15,340,276,,,,Plein jour,Hors agglomération,Hors intersection,Normale,Deux véhicules - frontale,,,,,,,,,,,1,1,1,1.0,1
201200008713,0012-03-17 10:00:00,12,3,17,10,0,340,96,,,,Plein jour,Hors agglomération,Hors intersection,Normale,Autre collision,,,,,,,,,,,1,1,1,1.0,6
201200008714,0012-03-05 15:10:00,12,3,5,15,10,340,28,QUAI VAILHE,43.61594,3.15713,Plein jour,En agglomération,Hors intersection,Normale,Autre collision,,,,,,,,,,,1,2,1,1.0,6
201200008715,0012-04-20 22:50:00,12,4,20,22,50,340,119,,43.58001,3.14183,Nuit sans éclairage public,Hors agglomération,Hors intersection,Pluie légère,Autre collision,,,,,,,,,,,3,1,1,2.0,6
201200008716,0012-06-11 20:45:00,12,6,11,20,45,340,28,RUE ST LOUIS,,,Nuit avec éclairage allumé,En agglomération,Hors intersection,Normale,Sans collision,,,,,,,,,,,5,2,1,1.0,7
201200008717,0012-07-24 13:45:00,12,7,24,13,45,340,200,,43.61239,3.26706,Plein jour,Hors agglomération,Hors intersection,Normale,Deux véhicules - côté,,,,,,,,,,,1,1,1,1.0,3
201200008718,0012-11-13 18:30:00,12,11,13,18,30,340,28,Avenue Jean Jaur?s,,,Nuit avec éclairage allumé,En agglomération,Hors intersection,Normale,Sans collision,,,,,,,,,,,5,2,1,1.0,7
201200008719,0012-06-02 14:45:00,12,6,2,14,45,340,144,,43.72292,3.2529,Plein jour,Hors agglomération,Hors intersection,Normale,Autre collision,,,,,,,,,,,1,1,1,1.0,6
201200008720,0012-02-27 16:00:00,12,2,27,16,0,340,52,,43.32271,3.07609,Plein jour,Hors agglomération,Hors intersection,Normale,Deux véhicules - côté,,,,,,,,,,,1,1,1,1.0,3
201200008721,0012-03-06 17:45:00,12,3,6,17,45,340,52,,43.32083,3.01826,Crépuscule ou aube,Hors agglomération,Hors intersection,Normale,Autre collision,,,,,,,,,,,2,1,1,1.0,6
201200008722,0012-03-24 19:45:00,12,3,24,19,45,340,189,CD.52 et CD.52E3,43.28267,2.73926,Nuit sans éclairage public,En agglomération,Hors intersection,Normale,Autre collision,,,,,,,,,,,3,2,1,1.0,6
201200008723,0012-04-17 21:30:00,12,4,17,21,30,340,183,,43.281,3.084,Nuit sans éclairage public,Hors agglomération,Hors intersection,Normale,Deux véhicules - frontale,,,,,,,,,,,3,1,1,1.0,1
201200008724,0012-05-06 18:30:00,12,5,6,18,30,340,155,Avenue de Montaurie,43.361,3.123,Plein jour,En agglomération,Giratoire,Normale,Deux véhicules - côté,,,,,,,,,,,1,2,6,1.0,3
201200008725,0012-06-09 17:30:00,12,6,9,17,30,340,226,,43.36,2.995,Plein jour,Hors agglomération,Hors intersection,Normale,Sans collision,,,,,,,,,,,1,1,1,1.0,7
201200008726,0012-08-15 19:45:00,12,8,15,19,45,340,161,,43.35,3.128,Plein jour,Hors agglomération,Hors intersection,Pluie légère,Deux véhicules - frontale,,,,,,,,,,,1,1,1,2.0,1
201200008727,0012-08-25 05:15:00,12,8,25,5,15,340,141,,43.313,2.618,Nuit sans éclairage public,Hors agglomération,Hors intersection,Normale,Autre collision,,,,,,,,,,,3,1,1,1.0,6
201200008728,0012-09-19 14:00:00,12,9,19,14,0,340,183,CD162 -CD609,43.298,3.128,Plein jour,En agglomération,Hors intersection,Normale,Deux véhicules - côté,,,,,,,,,,,1,2,1,1.0,3
201200008729,0012-10-03 11:45:00,12,10,3,11,45,340,52,,43.326,3.022,Plein jour,Hors agglomération,Hors intersection,Normale,Deux véhicules - côté,,,,,,,,,,,1,1,1,1.0,3
201200008730,0012-11-07 23:00:00,12,11,7,23,0,340,155,,43.368,3.122,Nuit sans éclairage public,Hors agglomération,Hors intersection,Normale,Autre collision,,,,,,,,,,,3,1,1,1.0,6
201200008731,0012-12-14 19:15:00,12,12,14,19,15,340,226,,43.34557,3.01106,Nuit sans éclairage public,Hors agglomération,Hors intersection,Normale,Autre collision,,,,,,,,,,,3,1,1,1.0,6
201200008732,0012-03-15 17:30:00,12,3,15,17,30,340,69,avenue jean jaures,43.39141,3.1035,Plein jour,En agglomération,Hors intersection,Normale,Deux véhicules - côté,,,,,,,,,,,1,2,1,1.0,3
201200008733,0012-03-27 11:15:00,12,3,27,11,15,340,258,,43.46312,3.18515,Plein jour,Hors agglomération,Hors intersection,Normale,Autre collision,,,,,,,,,,,1,1,1,1.0,6
201200008734,0012-06-02 18:30:00,12,6,2,18,30,340,21,,43.45124,2.9044,Plein jour,Hors agglomération,Hors intersection,Normale,Autre collision,,,,,,,,,,,1,1,1,1.0,6
201200008735,0012-06-30 16:45:00,12,6,30,16,45,340,61,,43.46594,3.09517,Plein jour,Hors agglomération,Hors intersection,Normale,Deux véhicules - côté,,,,,,,,,,,1,1,1,1.0,3
201200008736,0012-07-04 15:00:00,12,7,4,15,0,340,21,,43.455,2.907,Plein jour,Hors agglomération,Hors intersection,Normale,Deux véhicules - frontale,,,,,,,,,,,1,1,1,1.0,1
201200008737,0012-07-11 14:30:00,12,7,11,14,30,340,70,,43.415,3.009,Plein jour,Hors agglomération,Hors intersection,Normale,Sans collision,,,,,,,,,,,1,1,1,1.0,7
201200008738,0012-08-25 10:30:00,12,8,25,10,30,340,310,,43.419,3.166,Plein jour,Hors agglomération,Hors intersection,Normale,Deux véhicules - arrière,,,,,,,,,,,1,1,1,1.0,2
201200008739,0012-09-01 14:00:00,12,9,1,14,0,340,84,,43.39169,3.19369,Plein jour,Hors agglomération,Hors intersection,Normale,Autre collision,,,,,,,,,,,1,1,1,1.0,6
201200008740,0012-12-19 16:45:00,12,12,19,16,45,340,223,,43.44908,3.2095,Plein jour,Hors agglomération,Hors intersection,Normale,Deux véhicules - frontale,,,,,,,,,,,1,1,1,1.0,1
201200008741,0012-03-16 08:00:00,12,3,16,8,0,340,189,RD 52 - PK8+700,43.28254,2.74738,Plein jour,En agglomération,Hors intersection,Normale,Autre collision,,,,,,,,,,,1,2,1,1.0,6
201200008742,0012-04-15 11:30:00,12,4,15,11,30,340,189,Place du portail haut,43.28543,2.72838,Plein jour,En agglomération,Hors intersection,Normale,Deux véhicules - côté,,,,,,,,,,,1,2,1,1.0,3
201200008743,0012-07-25 10:30:00,12,7,25,10,30,340,189,,43.286,2.719,Plein jour,Hors agglomération,Hors intersection,Normale,Deux véhicules - côté,,,,,,,,,,,1,1,1,1.0,3
201200008744,0012-08-31 18:15:00,12,8,31,18,15,340,97,,43.321,2.602,Plein jour,Hors agglomération,Hors intersection,Normale,Deux véhicules - frontale,,,,,,,,,,,1,1,1,1.0,1
201200008745,0012-11-04 04:45:00,12,11,4,4,45,340,52,,43.32399,3.03672,Nuit sans éclairage public,Hors agglomération,Hors intersection,Normale,Autre collision,,,,,,,,,,,3,1,1,1.0,6
201200008746,0012-02-02 07:45:00,12,2,2,7,45,340,325,RN9,43.42114,3.36534,Plein jour,En agglomération,Hors intersection,Normale,Autre collision,,,,,,,,,,,1,2,1,1.0,6
201200008747,0012-04-16 15:00:00,12,4,16,15,0,340,289,,43.38638,3.38641,Plein jour,Hors agglomération,Hors intersection,Normale,Sans collision,,,,,,,,,,,1,1,1,1.0,7
201200008748,0012-06-20 02:15:00,12,6,20,2,15,340,68,,43.50367,3.44806,Nuit sans éclairage public,Hors agglomération,Hors intersection,Normale,Autre collision,,,,,,,,,,,3,1,1,1.0,6
201200008749,0012-07-22 19:15:00,12,7,22,19,15,340,166,,43.39829,3.35057,Plein jour,Hors agglomération,Hors intersection,Normale,Autre collision,,,,,,,,,,,1,1,1,1.0,6
201200008750,0012-08-27 07:15:00,12,8,27,7,15,340,166,,,,Plein jour,Hors agglomération,Hors intersection,Normale,Sans collision,,,,,,,,,,,1,1,1,1.0,7
201200008751,0012-10-13 00:45:00,12,10,13,0,45,340,199,,43.46861,3.38664,Nuit sans éclairage public,Hors agglomération,Hors intersection,Normale,Deux véhicules - arrière,,,,,,,,,,,3,1,1,1.0,2
201200008752,0012-11-22 10:30:00,12,11,22,10,30,340,901,avenue Pierre SIRVEN,,,Plein jour,En agglomération,Place,Normale,Autre collision,,,,,,,,,,,1,2,7,1.0,6
201200008753,0012-01-25 17:00:00,12,1,25,17,0,340,284,RD612,43.48878,2.75793,Plein jour,En agglomération,Giratoire,Normale,Autre collision,,,,,,,,,,,1,2,6,1.0,6
201200008754,0012-02-11 05:00:00,12,2,11,5,0,340,187,avenue de horts,43.55607,2.91318,Nuit avec éclairage allumé,En agglomération,Hors intersection,Normale,Autre collision,,,,,,,,,,,5,2,1,1.0,6
201200008755,0012-04-10 17:15:00,12,4,10,17,15,340,86,,43.47863,2.66767,Plein jour,Hors agglomération,Hors intersection,Pluie légère,Autre collision,,,,,,,,,,,1,1,1,2.0,6
201200008756,0012-04-13 12:00:00,12,4,13,12,0,340,219,CD 908,43.52308,2.82622,Plein jour,En agglomération,Hors intersection,Normale,Autre collision,,,,,,,,,,,1,2,1,1.0,6
201200008757,0012-05-25 16:00:00,12,5,25,16,0,340,284,,43.51949,2.73342,Plein jour,Hors agglomération,Hors intersection,Normale,Sans collision,,,,,,,,,,,1,1,1,1.0,7
201200008758,0012-06-23 01:30:00,12,6,23,1,30,340,284,,43.485,2.751,Nuit sans éclairage public,Hors agglomération,Hors intersection,Normale,Autre collision,,,,,,,,,,,3,1,1,1.0,6
201200008759,0012-08-08 19:30:00,12,8,8,19,30,340,293,,43.606,2.705,Crépuscule ou aube,Hors agglomération,Hors intersection,Temps éblouissant,Deux véhicules - frontale,,,,,,,,,,,2,1,1,7.0,1
201200008760,0012-09-05 14:00:00,12,9,5,14,0,340,284,,43.47572,2.73546,Plein jour,Hors agglomération,Hors intersection,Normale,Deux véhicules - frontale,,,,,,,,,,,1,1,1,1.0,1
201200008761,0012-09-09 17:30:00,12,9,9,17,30,340,107,,43.604,2.84,Plein jour,Hors agglomération,Hors intersection,Normale,Sans collision,,,,,,,,,,,1,1,1,1.0,7
201200008762,0012-10-15 11:45:00,12,10,15,11,45,340,284,Avenue de la Gare,43.48745,2.76804,Plein jour,En agglomération,Hors intersection,Normale,Deux véhicules - côté,,,,,,,,,,,1,2,1,1.0,3
201200008763,0012-01-13 11:30:00,12,1,13,11,30,340,234,,43.54898,3.21928,Plein jour,Hors agglomération,Hors intersection,Temps éblouissant,Autre collision,,,,,,,,,,,1,1,1,7.0,6
201200008764,0012-02-05 16:00:00,12,2,5,16,0,340,237,chemin de la plaine,43.50626,3.31541,Plein jour,En agglomération,Hors intersection,Normale,Autre collision,,,,,,,,,,,1,2,1,1.0,6
201200008765,0012-02-15 16:45:00,12,2,15,16,45,340,94,,,,Plein jour,Hors agglomération,Hors intersection,Vent fort / tempête,Deux véhicules - frontale,,,,,,,,,,,1,1,1,6.0,1
201200008766,0012-03-29 14:50:00,12,3,29,14,50,340,300,25 avenue Jean Moulin,43.42528,3.29844,Plein jour,En agglomération,Hors intersection,Temps éblouissant,Autre collision,,,,,,,,,,,1,2,1,7.0,6
201200008767,0012-05-15 05:45:00,12,5,15,5,45,340,147,cd 18,43.487,3.217,Crépuscule ou aube,En agglomération,Giratoire,Normale,Autre collision,,,,,,,,,,,2,2,6,1.0,6
201200008768,0012-06-15 17:15:00,12,6,15,17,15,340,147,,43.48774,3.19716,Plein jour,Hors agglomération,Hors intersection,Normale,Deux véhicules - frontale,,,,,,,,,,,1,1,1,1.0,1
201200008769,0012-06-16 16:45:00,12,6,16,16,45,340,147,,43.488,3.202,Plein jour,Hors agglomération,Hors intersection,Normale,Deux véhicules - côté,,,,,,,,,,,1,1,1,1.0,3
201200008770,0012-07-22 09:30:00,12,7,22,9,30,340,94,,,,Plein jour,Hors agglomération,Hors intersection,Normale,Deux véhicules - arrière,,,,,,,,,,,1,1,1,1.0,2
201200008771,0012-07-29 07:00:00,12,7,29,7,0,340,237,,,,Plein jour,Hors agglomération,Hors intersection,Normale,Autre collision,,,,,,,,,,,1,1,1,1.0,6
201200008772,0012-12-16 10:30:00,12,12,16,10,30,340,237,,,,Plein jour,Hors agglomération,Hors intersection,Autre,Autre collision,,,,,,,,,,,1,1,1,9.0,6
201200008773,0012-03-15 15:30:00,12,3,15,15,30,340,135,,43.26133,3.16134,Plein jour,Hors agglomération,Hors intersection,Normale,Autre collision,,,,,,,,,,,1,1,1,1.0,6
201200008774,0012-04-11 14:45:00,12,4,11,14,45,340,299,avenue de BEZIERS,43.28356,3.2809,Plein jour,En agglomération,Hors intersection,Normale,Deux véhicules - côté,,,,,,,,,,,1,2,1,1.0,3
201200008775,0012-04-30 04:30:00,12,4,30,4,30,340,209,,43.31371,3.32372,Nuit sans éclairage public,Hors agglomération,Hors intersection,Pluie légère,Autre collision,,,,,,,,,,,3,1,1,2.0,6
201200008776,0012-05-24 22:50:00,12,5,24,22,50,340,299,,43.25831,3.28385,Nuit sans éclairage public,Hors agglomération,Hors intersection,Normale,Deux véhicules - frontale,,,,,,,,,,,3,1,1,1.0,1
201200008777,0012-06-02 17:30:00,12,6,2,17,30,340,329,,,,Plein jour,Hors agglomération,Giratoire,Normale,Deux véhicules - arrière,,,,,,,,,,,1,1,6,1.0,2
201200008778,0012-07-16 05:30:00,12,7,16,5,30,340,329,,,,Nuit sans éclairage public,Hors agglomération,Hors intersection,Normale,Sans collision,,,,,,,,,,,3,1,1,1.0,7
201200008779,0012-08-08 00:15:00,12,8,8,0,15,340,299,CD37E11,,,Nuit sans éclairage public,En agglomération,Hors intersection,Normale,Autre collision,,,,,,,,,,,3,2,1,1.0,6
201200008780,0012-08-14 09:45:00,12,8,14,9,45,340,299,,43.45,3.47,Plein jour,Hors agglomération,Hors intersection,Normale,Deux véhicules - frontale,,,,,,,,,,,1,1,1,1.0,1
201200008781,0012-08-17 19:30:00,12,8,17,19,30,340,299,,43.474,3.48,Plein jour,Hors agglomération,Hors intersection,Normale,Deux véhicules - côté,,,,,,,,,,,1,1,1,1.0,3
201200008782,0012-08-17 10:45:00,12,8,17,10,45,340,324,avenue charles cauquil,,,Plein jour,En agglomération,Giratoire,Normale,Deux véhicules - frontale,,,,,,,,,,,1,2,6,1.0,1
201200008783,0012-08-19 20:45:00,12,8,19,20,45,340,298,avenue paul vidal,,,Crépuscule ou aube,En agglomération,Hors intersection,Normale,Deux véhicules - côté,,,,,,,,,,,2,2,1,1.0,3
201200008784,0012-08-28 16:45:00,12,8,28,16,45,340,209,CD37,43.472,3.604,Plein jour,En agglomération,Giratoire,Normale,Deux véhicules - côté,,,,,,,,,,,1,2,6,1.0,3
201200008785,0012-08-23 14:15:00,12,8,23,14,15,340,299,CD 37,,,Plein jour,En agglomération,Hors intersection,Normale,Deux véhicules - arrière,,,,,,,,,,,1,2,1,1.0,2
201200008786,0012-08-31 20:30:00,12,8,31,20,30,340,299,,43.25779,3.28348,Nuit sans éclairage public,Hors agglomération,Hors intersection,Normale,Autre collision,,,,,,,,,,,3,1,1,1.0,6
201200008787,0012-09-07 16:15:00,12,9,7,16,15,340,324,,,,Plein jour,Hors agglomération,Hors intersection,Normale,Deux véhicules - arrière,,,,,,,,,,,1,1,1,1.0,2
201200008788,0012-09-28 03:30:00,12,9,28,3,30,340,135,,43.25993,3.16033,Nuit sans éclairage public,Hors agglomération,Hors intersection,Normale,Autre collision,,,,,,,,,,,3,1,1,1.0,6
201200008789,0012-12-14 15:15:00,12,12,14,15,15,340,135,,,,Plein jour,Hors agglomération,Hors intersection,Normale,Deux véhicules - arrière,,,,,,,,,,,1,1,1,1.0,2
201200008790,0012-07-10 21:00:00,12,7,10,21,0,340,36,,43.681,3.379,Plein jour,Hors agglomération,Hors intersection,Normale,Autre collision,,,,,,,,,,,1,1,1,1.0,6
201200008791,0012-01-07 12:30:00,12,1,7,12,30,340,197,,43.57559,3.4183,Plein jour,Hors agglomération,Hors intersection,Normale,Autre collision,,,,,,,,,,,1,1,1,1.0,6
201200008792,0012-03-16 17:30:00,12,3,16,17,30,340,323,,43.60733,3.31127,Plein jour,Hors agglomération,Hors intersection,Normale,Autre collision,,,,,,,,,,,1,1,1,1.0,6
201200008793,0012-05-01 14:45:00,12,5,1,14,45,340,194,Rue de Metz,43.545,3.46,Plein jour,En agglomération,Hors intersection,Normale,Autre collision,,,,,,,,,,,1,2,1,1.0,6
201200008794,0012-05-19 14:15:00,12,5,19,14,15,340,79,Rue du Puech Castel,,,Plein jour,En agglomération,Hors intersection,Normale,Deux véhicules - frontale,,,,,,,,,,,1,2,1,1.0,1
201200008795,0012-07-21 07:00:00,12,7,21,7,0,340,51,,,,Plein jour,Hors agglomération,Hors intersection,Normale,Sans collision,,,,,,,,,,,1,1,1,1.0,7
201200008796,0012-08-10 23:15:00,12,8,10,23,15,340,79,RUE VOLTAIRE,43.63,3.437,Nuit avec éclairage allumé,En agglomération,Hors intersection,Normale,Autre collision,,,,,,,,,,,5,2,1,1.0,6
201200008797,0012-08-14 11:15:00,12,8,14,11,15,340,210,,43.606,3.502,Plein jour,Hors agglomération,Hors intersection,Normale,Deux véhicules - arrière,,,,,,,,,,,1,1,1,1.0,2
201200008798,0012-09-28 08:45:00,12,9,28,8,45,340,76,,43.648,3.47,Plein jour,Hors agglomération,Hors intersection,Pluie légère,Trois véhicules et plus - en chaîne,,,,,,,,,,,1,1,1,2.0,4
201200008799,0012-03-09 15:15:00,12,3,9,15,15,340,114,,43.6306,3.52037,Plein jour,Hors agglomération,Hors intersection,Normale,Deux véhicules - côté,,,,,,,,,,,1,1,1,1.0,3
201200008800,0012-06-09 15:00:00,12,6,9,15,0,340,114,,43.665,3.541,Plein jour,Hors agglomération,Hors intersection,Normale,Sans collision,,,,,,,,,,,1,1,1,1.0,7
201200008801,0012-08-13 16:30:00,12,8,13,16,30,340,35,,43.675,3.63,Plein jour,Hors agglomération,Hors intersection,Normale,Deux véhicules - frontale,,,,,,,,,,,1,1,1,1.0,1
201200008802,0012-02-04 14:45:00,12,2,4,14,45,340,150,444 Avenue Maldormir,43.32239,3.5424,Plein jour,En agglomération,Hors intersection,Normale,Autre collision,,,,,,,,,,,1,2,1,1.0,6
201200008803,0012-03-02 21:30:00,12,3,2,21,30,340,332,AVENUE DES PECHEURS,43.29384,3.41487,Nuit avec éclairage allumé,En agglomération,Hors intersection,Normale,Deux véhicules - frontale,,,,,,,,,,,5,2,1,1.0,1
201200008804,0012-03-13 14:00:00,12,3,13,14,0,340,150,,43.32149,3.5313,Plein jour,Hors agglomération,Hors intersection,Normale,Deux véhicules - côté,,,,,,,,,,,1,1,1,1.0,3
201200008805,0012-03-31 15:15:00,12,3,31,15,15,340,150,,43.35363,3.52402,Plein jour,En agglomération,Giratoire,Normale,Deux véhicules - côté,,,,,,,,,,,1,2,6,1.0,3
201200008806,0012-03-31 10:15:00,12,3,31,10,15,340,31,D13,43.37176,3.42195,Plein jour,En agglomération,Hors intersection,Normale,Autre collision,,,,,,,,,,,1,2,1,1.0,6
201200008807,0012-04-15 00:45:00,12,4,15,0,45,340,101,avenue jean jaures,43.38327,3.46592,Nuit avec éclairage allumé,En agglomération,Intersection en T,Normale,Deux véhicules - côté,,,,,,,,,,,5,2,3,1.0,3
201200008808,0012-05-14 17:30:00,12,5,14,17,30,340,101,,43.389,3.471,Plein jour,En agglomération,Hors intersection,Normale,Deux véhicules - côté,,,,,,,,,,,1,2,1,1.0,3