accident_id,datetime,annee,mois,jour,heure,minute,departement,commune_insee,adresse,latitude,longitude,luminosite,agglomeration,intersection,meteo,collision,nb_vehicules,nb_usagers,nb_indemnes,nb_tues,nb_blesses_hosp,nb_blesses_legers,age_cond_1,age_cond_2,veh_type_cond_1,veh_type_cond_2,lum_code,agg_code,int_code,atm_code,col_code
201200008809,0012-06-22 19:45:00,12,6,22,19,45,340,101,avenue jean jaures,43.388,3.465,Plein jour,En agglomération,Hors intersection,Normale,Autre collision,,,,,,,,,,,1,2,1,1.0,6
201200008810,0012-06-22 18:30:00,12,6,22,18,30,340,101,,,,Plein jour,Hors agglomération,Hors intersection,Normale,Deux véhicules - côté,,,,,,,,,,,1,1,1,1.0,3
201200008811,0012-07-14 01:00:00,12,7,14,1,0,340,332,,43.29926,3.4021,Plein jour,Hors agglomération,Hors intersection,Normale,Autre collision,,,,,,,,,,,1,1,1,1.0,6
201200008812,0012-07-20 16:30:00,12,7,20,16,30,340,332,,,,Plein jour,Hors agglomération,Hors intersection,Normale,Trois véhicules et plus - collisions multiples,,,,,,,,,,,1,1,1,1.0,5
201200008813,0012-07-25 08:00:00,12,7,25,8,0,340,150,,,,Plein jour,Hors agglomération,Autre intersection,Normale,Deux véhicules - côté,,,,,,,,,,,1,1,9,1.0,3
201200008814,0012-08-02 13:30:00,12,8,2,13,30,340,150,Rd Pt M?diterran?e-D612,,,Plein jour,En agglomération,Hors intersection,Normale,Deux véhicules - frontale,,,,,,,,,,,1,2,1,1.0,1
201200008815,0012-09-02 22:00:00,12,9,2,22,0,340,332,,,,Nuit sans éclairage public,Hors agglomération,Hors intersection,Normale,Deux véhicules - frontale,,,,,,,,,,,3,1,1,1.0,1
201200008816,0012-09-22 18:30:00,12,9,22,18,30,340,150,,43.655,3.897,Plein jour,Hors agglomération,Hors intersection,Normale,Deux véhicules - arrière,,,,,,,,,,,1,1,1,1.0,2
201200008817,0012-11-23 11:00:00,12,11,23,11,0,340,150,ANCIENE ROUTE DE SETE,43.534,3.917,Plein jour,En agglomération,Intersection en T,Normale,Deux véhicules - côté,,,,,,,,,,,1,2,3,1.0,3
201200008818,0012-07-28 16:45:00,12,7,28,16,45,340,23,rue du thym,43.44932,3.70192,Plein jour,En agglomération,Hors intersection,Normale,Deux véhicules - arrière,,,,,,,,,,,1,2,1,1.0,2
201200008819,0012-10-11 16:00:00,12,10,11,16,0,340,87,,,,Plein jour,Hors agglomération,Hors intersection,Normale,Deux véhicules - frontale,,,,,,,,,,,1,1,1,1.0,1
201200008820,0012-12-22 12:00:00,12,12,22,12,0,340,88,,,,Plein jour,Hors agglomération,Hors intersection,Normale,Trois véhicules et plus - collisions multiples,,,,,,,,,,,1,1,1,1.0,5
201200008821,0012-02-02 14:40:00,12,2,2,14,40,340,341,,43.5221,3.57148,Plein jour,Hors agglomération,Hors intersection,Normale,Sans collision,,,,,,,,,,,1,1,1,1.0,7
201200008822,0012-02-19 14:30:00,12,2,19,14,30,340,341,,43.51028,3.6363,Plein jour,Hors agglomération,Hors intersection,Normale,Sans collision,,,,,,,,,,,1,1,1,1.0,7
201200008823,0012-05-13 02:00:00,12,5,13,2,0,340,143,,43.43879,3.62419,Nuit sans éclairage public,Hors agglomération,Hors intersection,Normale,Autre collision,,,,,,,,,,,3,1,1,1.0,6
201200008824,0012-06-29 16:45:00,12,6,29,16,45,340,143,,,,Plein jour,Hors agglomération,Hors intersection,Normale,Autre collision,,,,,,,,,,,1,1,1,1.0,6
201200008825,0012-10-14 00:30:00,12,10,14,0,30,340,143,,43.43839,3.62349,Nuit sans éclairage public,Hors agglomération,Hors intersection,Temps couvert,Autre collision,,,,,,,,,,,3,1,1,8.0,6
201200008826,0012-11-05 08:00:00,12,11,5,8,0,340,213,,,,Plein jour,Hors agglomération,Autre intersection,Normale,Trois véhicules et plus - collisions multiples,,,,,,,,,,,1,1,9,1.0,5
201200008827,0012-11-25 07:30:00,12,11,25,7,30,340,39,,43.44727,3.64118,Crépuscule ou aube,Hors agglomération,Hors intersection,Normale,Deux véhicules - frontale,,,,,,,,,,,2,1,1,1.0,1
201200008828,0012-12-15 17:15:00,12,12,15,17,15,340,157,,,,Crépuscule ou aube,Hors agglomération,Hors intersection,Normale,Deux véhicules - arrière,,,,,,,,,,,2,1,1,1.0,2
201200008829,0012-12-23 11:15:00,12,12,23,11,15,340,213,,,,Plein jour,Hors agglomération,Hors intersection,Normale,Deux véhicules - frontale,,,,,,,,,,,1,1,1,1.0,1
201200008830,0012-03-01 16:30:00,12,3,1,16,30,110,99,"15, avenue BARBES",,,Plein jour,En agglomération,Hors intersection,Normale,Autre collision,,,,,,,,,,,1,2,1,1.0,6
201200008831,0012-08-15 11:30:00,12,8,15,11,30,110,367,,,,Plein jour,Hors agglomération,Hors intersection,Normale,Trois véhicules et plus - collisions multiples,,,,,,,,,,,1,1,1,1.0,5
201200008832,0012-10-23 18:00:00,12,10,23,18,0,110,99,Rue Georges Brassens,,,Plein jour,En agglomération,Hors intersection,Normale,Deux véhicules - frontale,,,,,,,,,,,1,2,1,1.0,1
201200008833,0012-06-16 16:00:00,12,6,16,16,0,110,185,,,,Plein jour,Hors agglomération,Hors intersection,Normale,Sans collision,,,,,,,,,,,1,1,1,1.0,7
201200008834,0012-01-24 17:45:00,12,1,24,17,45,110,280,boulevard du Minervois,,,Plein jour,En agglomération,Giratoire,Normale,Autre collision,,,,,,,,,,,1,2,6,1.0,6
201200008835,0012-03-30 01:45:00,12,3,30,1,45,110,286,,,,Nuit sans éclairage public,Hors agglomération,Hors intersection,Normale,Autre collision,,,,,,,,,,,3,1,1,1.0,6
201200008836,0012-10-04 18:15:00,12,10,4,18,15,110,190,,43.254,2.669,Plein jour,Hors agglomération,Autre intersection,Normale,Deux véhicules - côté,,,,,,,,,,,1,1,9,1.0,3
201200008837,0012-11-14 10:30:00,12,11,14,10,30,110,22,,,,Plein jour,Hors agglomération,Hors intersection,Normale,Autre collision,,,,,,,,,,,1,1,1,1.0,6
201200008838,0012-11-21 19:15:00,12,11,21,19,15,110,22,,43.292,2.669,Nuit sans éclairage public,Hors agglomération,Hors intersection,Normale,Sans collision,,,,,,,,,,,3,1,1,1.0,7
201200008839,0012-12-13 16:00:00,12,12,13,16,0,110,315,Av Georges Cl?menceau,43.287,2.584,Plein jour,En agglomération,Hors intersection,Normale,Sans collision,,,,,,,,,,,1,2,1,1.0,7
201200008840,0012-12-18 10:45:00,12,12,18,10,45,110,315,AVENUE FRAN9OIS FERRIER,43.286,2.586,Plein jour,En agglomération,Hors intersection,Normale,Deux véhicules - côté,,,,,,,,,,,1,2,1,1.0,3
201200008841,0012-01-21 08:30:00,12,1,21,8,30,110,430,,,,Plein jour,Hors agglomération,Hors intersection,Normale,Deux véhicules - arrière,,,,,,,,,,,1,1,1,1.0,2
201200008842,0012-06-05 14:00:00,12,6,5,14,0,110,243,,,,Plein jour,Hors agglomération,Hors intersection,Normale,Deux véhicules - frontale,,,,,,,,,,,1,1,1,1.0,1
201200008843,0012-08-06 22:30:00,12,8,6,22,30,110,356,,,,Nuit sans éclairage public,Hors agglomération,Hors intersection,Normale,Autre collision,,,,,,,,,,,3,1,1,1.0,6
201200008844,0012-11-27 10:15:00,12,11,27,10,15,110,356,,43.32,2.005,Plein jour,Hors agglomération,Hors intersection,Temps couvert,Deux véhicules - frontale,,,,,,,,,,,1,1,1,8.0,1
201200008845,0012-02-05 17:30:00,12,2,5,17,30,110,340,,,,Crépuscule ou aube,Hors agglomération,Hors intersection,Neige / grêle,Deux véhicules - côté,,,,,,,,,,,2,1,1,4.0,3
201200008846,0012-03-19 11:45:00,12,3,19,11,45,110,288,,,,Plein jour,Hors agglomération,Hors intersection,Pluie légère,Deux véhicules - arrière,,,,,,,,,,,1,1,1,2.0,2
201200008847,0012-07-18 19:30:00,12,7,18,19,30,110,254,,,,Plein jour,Hors agglomération,Hors intersection,Normale,Deux véhicules - côté,,,,,,,,,,,1,1,1,1.0,3
201200008848,0012-07-28 14:40:00,12,7,28,14,40,110,434,,,,Plein jour,Hors agglomération,Hors intersection,Temps couvert,Autre collision,,,,,,,,,,,1,1,1,8.0,6
201200008849,0012-08-15 16:00:00,12,8,15,16,0,110,18,,43.212,2.183,Plein jour,Hors agglomération,Hors intersection,Normale,Deux véhicules - côté,,,,,,,,,,,1,1,1,1.0,3
201200008850,0012-08-23 07:45:00,12,8,23,7,45,110,418,,43.209,2.048,Plein jour,Hors agglomération,Hors intersection,Normale,Deux véhicules - côté,,,,,,,,,,,1,1,1,1.0,3
201200008851,0012-09-14 14:30:00,12,9,14,14,30,110,153,RD119,,,Plein jour,En agglomération,Hors intersection,Normale,Autre collision,,,,,,,,,,,1,2,1,1.0,6
201200008852,0012-09-21 00:01:00,12,9,21,0,1,110,288,,,,Nuit sans éclairage public,Hors agglomération,Hors intersection,Normale,Autre collision,,,,,,,,,,,3,1,1,1.0,6
201200008853,0012-10-05 13:45:00,12,10,5,13,45,110,9,,,,Plein jour,Hors agglomération,Hors intersection,Normale,Sans collision,,,,,,,,,,,1,1,1,1.0,7
201200008854,0012-10-07 17:00:00,12,10,7,17,0,110,136,,,,Plein jour,Hors agglomération,Hors intersection,Normale,Deux véhicules - frontale,,,,,,,,,,,1,1,1,1.0,1
201200008855,0012-11-04 19:15:00,12,11,4,19,15,110,254,,,,Nuit sans éclairage public,Hors agglomération,Hors intersection,Temps couvert,Autre collision,,,,,,,,,,,3,1,1,8.0,6
201200008856,0012-11-13 15:30:00,12,11,13,15,30,110,259,,,,Plein jour,Hors agglomération,Hors intersection,Normale,Autre collision,,,,,,,,,,,1,1,1,1.0,6
201200008857,0012-09-14 19:45:00,12,9,14,19,45,110,239,,,,Crépuscule ou aube,Hors agglomération,Hors intersection,Normale,Deux véhicules - côté,,,,,,,,,,,2,1,1,1.0,3
201200008858,0012-04-28 12:15:00,12,4,28,12,15,110,216,,,,Plein jour,Hors agglomération,Hors intersection,Normale,Deux véhicules - frontale,,,,,,,,,,,1,1,1,1.0,1
201200008859,0012-06-24 08:00:00,12,6,24,8,0,110,153,,43.194,2.072,Plein jour,Hors agglomération,Hors intersection,Normale,Deux véhicules - frontale,,,,,,,,,,,1,1,1,1.0,1
201200008860,0012-07-13 09:45:00,12,7,13,9,45,110,206,CD.118,43.048,2.225,Plein jour,En agglomération,Hors intersection,Normale,Autre collision,,,,,,,,,,,1,2,1,1.0,6
201200008861,0012-08-03 10:00:00,12,8,3,10,0,110,197,,,,Plein jour,Hors agglomération,Hors intersection,Normale,Deux véhicules - côté,,,,,,,,,,,1,1,1,1.0,3
201200008862,0012-08-25 03:00:00,12,8,25,3,0,110,216,6 rue de la promenade,,,Nuit sans éclairage public,En agglomération,Hors intersection,Autre,Autre collision,,,,,,,,,,,3,2,1,9.0,6
201200008863,0012-10-26 10:45:00,12,10,26,10,45,110,108,,,,Plein jour,Hors agglomération,Intersection en X,Normale,Deux véhicules - frontale,,,,,,,,,,,1,1,2,1.0,1
201200008864,0012-10-27 19:45:00,12,10,27,19,45,110,59,,,,Nuit sans éclairage public,Hors agglomération,Hors intersection,Normale,Deux véhicules - frontale,,,,,,,,,,,3,1,1,1.0,1
201200008865,0012-11-04 01:45:00,12,11,4,1,45,110,299,,43.149,2.295,Nuit sans éclairage public,Hors agglomération,Hors intersection,Normale,Sans collision,,,,,,,,,,,3,1,1,1.0,7
201200008866,0012-07-31 19:15:00,12,7,31,19,15,110,303,,,,Plein jour,En agglomération,Hors intersection,Normale,Deux véhicules - frontale,,,,,,,,,,,1,2,1,1.0,1
201200008867,0012-12-13 10:00:00,12,12,13,10,0,110,80,,,,Plein jour,Hors agglomération,Hors intersection,Normale,Autre collision,,,,,,,,,,,1,1,1,1.0,6
201200008868,0012-04-24 18:15:00,12,4,24,18,15,110,129,,,,Plein jour,Hors agglomération,Intersection en T,Normale,Deux véhicules - côté,,,,,,,,,,,1,1,3,1.0,3
201200008869,0012-05-05 14:15:00,12,5,5,14,15,110,129,,,,Plein jour,Hors agglomération,Intersection en T,Normale,Deux véhicules - côté,,,,,,,,,,,1,1,3,1.0,3
201200008870,0012-06-05 17:30:00,12,6,5,17,30,110,63,,,,Plein jour,Hors agglomération,Hors intersection,Normale,Sans collision,,,,,,,,,,,1,1,1,1.0,7
201200008871,0012-07-04 17:00:00,12,7,4,17,0,110,127,,,,Plein jour,Hors agglomération,Hors intersection,Normale,Autre collision,,,,,,,,,,,1,1,1,1.0,6
201200008872,0012-07-08 02:15:00,12,7,8,2,15,110,304,35 avenue F Mitterrand,,,Nuit avec éclairage allumé,En agglomération,Hors intersection,Normale,Autre collision,,,,,,,,,,,5,2,1,1.0,6
201200008873,0012-09-10 10:30:00,12,9,10,10,30,110,129,,,,Plein jour,Hors agglomération,Autre intersection,Normale,Deux véhicules - côté,,,,,,,,,,,1,1,9,1.0,3
201200008874,0012-10-06 07:00:00,12,10,6,7,0,110,304,route de Perpignan,,,Nuit sans éclairage public,En agglomération,Hors intersection,Pluie légère,Autre collision,,,,,,,,,,,3,2,1,2.0,6
201200008875,0012-06-09 16:30:00,12,6,9,16,30,110,262,,,,Plein jour,Hors agglomération,Hors intersection,Normale,Sans collision,,,,,,,,,,,1,1,1,1.0,7
201200008876,0012-06-28 09:00:00,12,6,28,9,0,110,262,,,,Plein jour,Hors agglomération,Autre intersection,Normale,Deux véhicules - côté,,,,,,,,,,,1,1,9,1.0,3
201200008877,0012-08-11 21:00:00,12,8,11,21,0,110,262,,,,Crépuscule ou aube,Hors agglomération,Hors intersection,Normale,Autre collision,,,,,,,,,,,2,1,1,1.0,6
201200008878,0012-08-22 19:15:00,12,8,22,19,15,110,24,,,,Plein jour,Hors agglomération,Hors intersection,Normale,Deux véhicules - côté,,,,,,,,,,,1,1,1,1.0,3
201200008879,0012-03-08 21:30:00,12,3,8,21,30,110,264,,,,Nuit sans éclairage public,Hors agglomération,Hors intersection,Normale,Trois véhicules et plus - collisions multiples,,,,,,,,,,,3,1,1,1.0,5
201200008880,0012-03-26 17:45:00,12,3,26,17,45,110,14,,,,Plein jour,Hors agglomération,Hors intersection,Normale,Sans collision,,,,,,,,,,,1,1,1,1.0,7
201200008881,0012-04-08 12:00:00,12,4,8,12,0,110,116,,,,Plein jour,Hors agglomération,Hors intersection,Normale,Deux véhicules - arrière,,,,,,,,,,,1,1,1,1.0,2
201200008882,0012-05-02 15:30:00,12,5,2,15,30,110,116,32 rue Jean Jaur?s,,,Plein jour,En agglomération,Hors intersection,Normale,Autre collision,,,,,,,,,,,1,2,1,1.0,6
201200008883,0012-05-16 16:30:00,12,5,16,16,30,110,255,,,,Plein jour,Hors agglomération,Hors intersection,Normale,Trois véhicules et plus - collisions multiples,,,,,,,,,,,1,1,1,1.0,5
201200008884,0012-05-22 14:15:00,12,5,22,14,15,110,269,carrefour la croissade,,,Plein jour,En agglomération,Hors intersection,Normale,Deux véhicules - frontale,,,,,,,,,,,1,2,1,1.0,1
201200008885,0012-05-27 19:15:00,12,5,27,19,15,110,170,,,,Plein jour,Hors agglomération,Hors intersection,Normale,Trois véhicules et plus - collisions multiples,,,,,,,,,,,1,1,1,1.0,5
201200008886,0012-06-03 10:15:00,12,6,3,10,15,110,255,,,,Plein jour,Hors agglomération,Hors intersection,Normale,Sans collision,,,,,,,,,,,1,1,1,1.0,7
201200008887,0012-06-20 20:15:00,12,6,20,20,15,110,910,,,,Plein jour,Hors agglomération,Hors intersection,Normale,Deux véhicules - frontale,,,,,,,,,,,1,1,1,1.0,1
201200008888,0012-07-24 09:45:00,12,7,24,9,45,110,269,RD 13,,,Plein jour,En agglomération,Hors intersection,Temps éblouissant,Deux véhicules - arrière,,,,,,,,,,,1,2,1,7.0,2
201200008889,0012-08-19 19:00:00,12,8,19,19,0,110,170,,,,Plein jour,Hors agglomération,Hors intersection,Normale,Deux véhicules - arrière,,,,,,,,,,,1,1,1,1.0,2
201200008890,0012-08-31 18:45:00,12,8,31,18,45,110,269,,,,Plein jour,Hors agglomération,Hors intersection,Normale,Deux véhicules - côté,,,,,,,,,,,1,1,1,1.0,3
201200008891,0012-09-15 04:00:00,12,9,15,4,0,110,269,,,,Nuit sans éclairage public,Hors agglomération,Hors intersection,Normale,Autre collision,,,,,,,,,,,3,1,1,1.0,6
201200008892,0012-09-29 21:45:00,12,9,29,21,45,110,255,,,,Nuit sans éclairage public,Hors agglomération,Hors intersection,Pluie forte,Deux véhicules - frontale,,,,,,,,,,,3,1,1,3.0,1
201200008893,0012-10-06 05:45:00,12,10,6,5,45,110,24,,,,Nuit sans éclairage public,Hors agglomération,Hors intersection,Pluie légère,Sans collision,,,,,,,,,,,3,1,1,2.0,7
201200008894,0012-10-20 15:30:00,12,10,20,15,30,110,255,,,,Plein jour,Hors agglomération,Hors intersection,Pluie légère,Deux véhicules - frontale,,,,,,,,,,,1,1,1,2.0,1
201200008895,0012-11-14 18:45:00,12,11,14,18,45,110,269,,,,Nuit sans éclairage public,Hors agglomération,Hors intersection,Normale,Deux véhicules - frontale,,,,,,,,,,,3,1,1,1.0,1
201200008896,0012-11-19 09:15:00,12,11,19,9,15,110,24,,,,Plein jour,Hors agglomération,Hors intersection,Normale,Trois véhicules et plus - collisions multiples,,,,,,,,,,,1,1,1,1.0,5
201200008897,0012-12-21 11:00:00,12,12,21,11,0,110,106,bld fr?d?ric mistral,,,Plein jour,En agglomération,Hors intersection,Normale,Deux véhicules - côté,,,,,,,,,,,1,2,1,1.0,3
201200008898,0012-12-23 13:15:00,12,12,23,13,15,110,255,,,,Plein jour,Hors agglomération,Hors intersection,Normale,Autre collision,,,,,,,,,,,1,1,1,1.0,6
201200008899,0012-12-31 19:30:00,12,12,31,19,30,110,436,,,,Nuit sans éclairage public,Hors agglomération,Hors intersection,Normale,Sans collision,,,,,,,,,,,3,1,1,1.0,7
201200008900,0012-07-16 10:30:00,12,7,16,10,30,110,401,,,,Plein jour,Hors agglomération,Hors intersection,Normale,Deux véhicules - frontale,,,,,,,,,,,1,1,1,1.0,1
201200008901,0012-02-03 19:30:00,12,2,3,19,30,110,421,RD 11,43.218,2.857,Nuit avec éclairage allumé,En agglomération,Hors intersection,Normale,Deux véhicules - frontale,,,,,,,,,,,5,2,1,1.0,1
201200008902,0012-03-14 17:45:00,12,3,14,17,45,110,360,,43.269,2.901,Plein jour,Hors agglomération,Hors intersection,Normale,Deux véhicules - arrière,,,,,,,,,,,1,1,1,1.0,2
201200008903,0012-03-24 20:15:00,12,3,24,20,15,110,164,,43.272,2.898,Nuit sans éclairage public,Hors agglomération,Hors intersection,Normale,Deux véhicules - frontale,,,,,,,,,,,3,1,1,1.0,1
201200008904,0012-04-07 03:30:00,12,4,7,3,30,110,353,5 avenue Saint Pons,,,Nuit avec éclairage allumé,En agglomération,Hors intersection,Normale,Autre collision,,,,,,,,,,,5,2,1,1.0,6
201200008905,0012-04-19 12:15:00,12,4,19,12,15,110,203,Rue Aristide Briand,43.2,2.763,Plein jour,En agglomération,Hors intersection,Normale,Deux véhicules - frontale,,,,,,,,,,,1,2,1,1.0,1
201200008906,0012-05-27 13:30:00,12,5,27,13,30,110,140,,43.164,2.729,Plein jour,Hors agglomération,Autre intersection,Normale,Deux véhicules - côté,,,,,,,,,,,1,1,9,1.0,3
201200008907,0012-05-28 22:00:00,12,5,28,22,0,110,67,,43.217,2.845,Nuit sans éclairage public,Hors agglomération,Hors intersection,Normale,Deux véhicules - côté,,,,,,,,,,,3,1,1,1.0,3
201200008908,0012-07-03 16:00:00,12,7,3,16,0,110,111,,43.213,2.818,Plein jour,Hors agglomération,Hors intersection,Normale,Trois véhicules et plus - collisions multiples,,,,,,,,,,,1,1,1,1.0,5
201200008909,0012-08-19 11:00:00,12,8,19,11,0,110,203,,,,Plein jour,Hors agglomération,Hors intersection,Normale,Deux véhicules - frontale,,,,,,,,,,,1,1,1,1.0,1
201200008910,0012-09-20 06:45:00,12,9,20,6,45,110,210,,43.168,2.771,Crépuscule ou aube,Hors agglomération,Hors intersection,Normale,Sans collision,,,,,,,,,,,2,1,1,1.0,7
201200008911,0012-10-04 17:00:00,12,10,4,17,0,110,98,,,,Plein jour,Hors agglomération,Hors intersection,Normale,Autre collision,,,,,,,,,,,1,1,1,1.0,6
201200008912,0012-11-08 20:45:00,12,11,8,20,45,110,148,,43.185,2.682,Nuit sans éclairage public,Hors agglomération,Hors intersection,Pluie légère,Deux véhicules - côté,,,,,,,,,,,3,1,1,2.0,3
201200008913,0012-11-14 08:45:00,12,11,14,8,45,110,67,,,,Plein jour,Hors agglomération,Hors intersection,Normale,Deux véhicules - frontale,,,,,,,,,,,1,1,1,1.0,1
201200008914,0012-11-15 21:30:00,12,11,15,21,30,110,296,,43.289,2.84,Nuit sans éclairage public,Hors agglomération,Hors intersection,Normale,Trois véhicules et plus - collisions multiples,,,,,,,,,,,3,1,1,1.0,5
201200008915,0012-12-08 18:00:00,12,12,8,18,0,110,203,carrefour RD6113 et RD 6,,,Nuit avec éclairage allumé,En agglomération,Hors intersection,Vent fort / tempête,Autre collision,,,,,,,,,,,5,2,1,6.0,6
201200008916,0012-09-08 02:15:00,12,9,8,2,15,110,266,,,,Nuit sans éclairage public,Hors agglomération,Hors intersection,Normale,Autre collision,,,,,,,,,,,3,1,1,1.0,6
201200008917,0012-02-11 01:30:00,12,2,11,1,30,110,379,,43.065,2.942,Nuit sans éclairage public,Hors agglomération,Hors intersection,Normale,Autre collision,,,,,,,,,,,3,1,1,1.0,6
201200008918,0012-04-03 00:30:00,12,4,3,0,30,110,379,,,,Nuit sans éclairage public,Hors agglomération,Hors intersection,Normale,Sans collision,,,,,,,,,,,3,1,1,1.0,7
201200008919,0012-05-28 21:00:00,12,5,28,21,0,110,379,,,,Plein jour,Hors agglomération,Hors intersection,Normale,Deux véhicules - frontale,,,,,,,,,,,1,1,1,1.0,1
201200008920,0012-07-02 03:30:00,12,7,2,3,30,110,379,,,,Nuit sans éclairage public,Hors agglomération,Hors intersection,Normale,Deux véhicules - frontale,,,,,,,,,,,3,1,1,1.0,1
201200008921,0012-07-23 22:00:00,12,7,23,22,0,110,266,,,,Nuit sans éclairage public,Hors agglomération,Hors intersection,Normale,Deux véhicules - arrière,,,,,,,,,,,3,1,1,1.0,2
201200008922,0012-02-12 07:00:00,12,2,12,7,0,300,3,,43.56954,4.10991,Crépuscule ou aube,Hors agglomération,Hors intersection,Normale,Autre collision,,,,,,,,,,,2,1,1,1.0,6
201200008923,0012-03-31 14:30:00,12,3,31,14,30,300,133,ROND POINT DE LA PLAGE,43.52626,4.14986,Plein jour,En agglomération,Giratoire,Normale,Deux véhicules - frontale,,,,,,,,,,,1,2,6,1.0,1
201200008924,0012-05-02 18:45:00,12,5,2,18,45,300,3,CD 979 route des salins,43.55736,4.18175,Plein jour,En agglomération,Hors intersection,Normale,Autre collision,,,,,,,,,,,1,2,1,1.0,6
201200008925,0012-05-13 15:30:00,12,5,13,15,30,300,3,,43.56008,4.15322,Plein jour,Hors agglomération,Giratoire,Normale,Deux véhicules - côté,,,,,,,,,,,1,1,6,1.0,3
201200008926,0012-06-02 12:45:00,12,6,2,12,45,300,133,,43.54476,4.13971,Plein jour,Hors agglomération,Hors intersection,Normale,Deux véhicules - côté,,,,,,,,,,,1,1,1,1.0,3
201200008927,0012-06-17 21:45:00,12,6,17,21,45,300,276,,43.58566,4.22822,Nuit sans éclairage public,Hors agglomération,Hors intersection,Normale,Autre collision,,,,,,,,,,,3,1,1,1.0,6
201200008928,0012-07-01 16:00:00,12,7,1,16,0,300,3,,43.5785,4.10091,Plein jour,Hors agglomération,Hors intersection,Pluie forte,Sans collision,,,,,,,,,,,1,1,1,3.0,7
201200008929,0012-07-24 20:30:00,12,7,24,20,30,300,133,,43.5563,4.14874,Plein jour,Hors agglomération,Hors intersection,Normale,Sans collision,,,,,,,,,,,1,1,1,1.0,7
201200008930,0012-07-29 19:00:00,12,7,29,19,0,300,3,,43.55351,4.17438,Plein jour,Hors agglomération,Hors intersection,Temps éblouissant,Trois véhicules et plus - collisions multiples,,,,,,,,,,,1,1,1,7.0,5
201200008931,0012-08-04 22:00:00,12,8,4,22,0,300,133,,43.54883,4.13389,Nuit sans éclairage public,Hors agglomération,Giratoire,Normale,Autre collision,,,,,,,,,,,3,1,6,1.0,6
201200008932,0012-08-10 17:15:00,12,8,10,17,15,300,133,Route des marines,43.52176,4.14182,Plein jour,En agglomération,Hors intersection,Normale,Deux véhicules - frontale,,,,,,,,,,,1,2,1,1.0,1
201200008933,0012-08-15 11:45:00,12,8,15,11,45,300,133,avenue Jean LASSERRE,,,Plein jour,En agglomération,Hors intersection,Normale,Deux véhicules - frontale,,,,,,,,,,,1,2,1,1.0,1
201200008934,0012-08-23 12:00:00,12,8,23,12,0,300,3,,43.5787,4.18731,Plein jour,Hors agglomération,Giratoire,Normale,Sans collision,,,,,,,,,,,1,1,6,1.0,7
201200008935,0012-08-23 08:45:00,12,8,23,8,45,300,276,,43.57845,4.28256,Plein jour,Hors agglomération,Hors intersection,Normale,Deux véhicules - côté,,,,,,,,,,,1,1,1,1.0,3
201200008936,0012-10-08 23:00:00,12,10,8,23,0,300,3,,43.55374,4.17492,Nuit sans éclairage public,Hors agglomération,Hors intersection,Normale,Autre collision,,,,,,,,,,,3,1,1,1.0,6
201200008937,0012-11-19 10:15:00,12,11,19,10,15,300,133,rue commandant marceau,43.54009,4.13413,Plein jour,En agglomération,Hors intersection,Temps éblouissant,Deux véhicules - frontale,,,,,,,,,,,1,2,1,7.0,1
201200008938,0012-12-02 02:30:00,12,12,2,2,30,300,3,,43.55998,4.15312,Nuit sans éclairage public,Hors agglomération,Giratoire,Normale,Autre collision,,,,,,,,,,,3,1,6,1.0,6
201200008939,0012-12-03 14:45:00,12,12,3,14,45,300,3,CD 979 - place jean Bapt,43.56869,4.19153,Plein jour,En agglomération,Hors intersection,Normale,Autre collision,,,,,,,,,,,1,2,1,1.0,6
201200008940,0012-02-11 16:30:00,12,2,11,16,30,300,245,D1 - Route de Calvisson,43.82505,4.20236,Plein jour,En agglomération,Hors intersection,Normale,Deux véhicules - côté,,,,,,,,,,,1,2,1,1.0,3
201200008941,0012-02-18 01:00:00,12,2,18,1,0,300,321,,43.77699,4.06587,Nuit sans éclairage public,Hors agglomération,Hors intersection,Normale,Autre collision,,,,,,,,,,,3,1,1,1.0,6
201200008942,0012-02-22 20:15:00,12,2,22,20,15,300,321,,43.79597,4.07399,Nuit sans éclairage public,Hors agglomération,Hors intersection,Normale,Autre collision,,,,,,,,,,,3,1,1,1.0,6
201200008943,0012-02-25 19:30:00,12,2,25,19,30,300,324,,43.8189,4.12159,Plein jour,Hors agglomération,Hors intersection,Normale,Autre collision,,,,,,,,,,,1,1,1,1.0,6
201200008944,0012-03-01 19:45:00,12,3,1,19,45,300,321,,43.77175,4.08474,Nuit sans éclairage public,Hors agglomération,Hors intersection,Normale,Autre collision,,,,,,,,,,,3,1,1,1.0,6