accident_id,datetime,annee,mois,jour,heure,minute,departement,commune_insee,adresse,latitude,longitude,luminosite,agglomeration,intersection,meteo,collision,nb_vehicules,nb_usagers,nb_indemnes,nb_tues,nb_blesses_hosp,nb_blesses_legers,age_cond_1,age_cond_2,veh_type_cond_1,veh_type_cond_2,lum_code,agg_code,int_code,atm_code,col_code
201200008945,0012-03-10 15:30:00,12,3,10,15,30,300,114,,43.82499,4.09544,Plein jour,Hors agglomération,Hors intersection,Normale,Sans collision,,,,,,,,,,,1,1,1,1.0,7
201200008946,0012-03-22 17:30:00,12,3,22,17,30,300,75,,43.8193,4.29558,Plein jour,Hors agglomération,Hors intersection,Normale,Deux véhicules - arrière,,,,,,,,,,,1,1,1,1.0,2
201200008947,0012-04-03 09:45:00,12,4,3,9,45,300,82,,43.86054,4.21624,Plein jour,Hors agglomération,Giratoire,Normale,Deux véhicules - côté,,,,,,,,,,,1,1,6,1.0,3
201200008948,0012-04-08 11:30:00,12,4,8,11,30,300,352,01 All?e de Mantelle,43.79113,4.09542,Plein jour,En agglomération,Hors intersection,Normale,Deux véhicules - côté,,,,,,,,,,,1,2,1,1.0,3
201200008949,0012-04-09 19:30:00,12,4,9,19,30,300,62,,43.78095,4.19854,Plein jour,Hors agglomération,Hors intersection,Normale,Deux véhicules - côté,,,,,,,,,,,1,1,1,1.0,3
201200008950,0012-05-09 16:45:00,12,5,9,16,45,300,249,,43.80037,4.21515,Plein jour,Hors agglomération,Hors intersection,Normale,Trois véhicules et plus - en chaîne,,,,,,,,,,,1,1,1,1.0,4
201200008951,0012-05-12 12:00:00,12,5,12,12,0,300,138,,43.80939,4.24443,Plein jour,Hors agglomération,Hors intersection,Normale,Deux véhicules - côté,,,,,,,,,,,1,1,1,1.0,3
201200008952,0012-06-12 20:45:00,12,6,12,20,45,300,19,,43.7503,4.16495,Crépuscule ou aube,Hors agglomération,Hors intersection,Normale,Sans collision,,,,,,,,,,,2,1,1,1.0,7
201200008953,0012-07-29 10:15:00,12,7,29,10,15,300,114,,43.8277,4.0953,Plein jour,Hors agglomération,Hors intersection,Normale,Deux véhicules - frontale,,,,,,,,,,,1,1,1,1.0,1
201200008954,0012-08-06 18:30:00,12,8,6,18,30,300,249,,43.80224,4.21707,Plein jour,Hors agglomération,Hors intersection,Normale,Deux véhicules - frontale,,,,,,,,,,,1,1,1,1.0,1
201200008955,0012-08-13 16:00:00,12,8,13,16,0,300,324,chemin de grey,43.81302,4.12284,Plein jour,En agglomération,Hors intersection,Normale,Deux véhicules - côté,,,,,,,,,,,1,2,1,1.0,3
201200008956,0012-08-28 16:45:00,12,8,28,16,45,300,306,,43.8182,4.05567,Plein jour,Hors agglomération,Hors intersection,Normale,Trois véhicules et plus - collisions multiples,,,,,,,,,,,1,1,1,1.0,5
201200008957,0012-10-11 13:45:00,12,10,11,13,45,300,62,avenue du college,43.78361,4.20184,Plein jour,En agglomération,Hors intersection,Normale,Deux véhicules - frontale,,,,,,,,,,,1,2,1,1.0,1
201200008958,0012-10-15 19:00:00,12,10,15,19,0,300,138,,,,Crépuscule ou aube,Hors agglomération,Hors intersection,Normale,Trois véhicules et plus - collisions multiples,,,,,,,,,,,2,1,1,1.0,5
201200008959,0012-11-17 13:15:00,12,11,17,13,15,300,138,,43.80186,4.25219,Plein jour,Hors agglomération,Hors intersection,Temps couvert,Autre collision,,,,,,,,,,,1,1,1,8.0,6
201200008960,0012-01-13 19:30:00,12,1,13,19,30,300,156,AVENUE DE PROVENCE,43.85968,4.44518,Nuit avec éclairage allumé,En agglomération,Intersection en T,Normale,Deux véhicules - frontale,,,,,,,,,,,5,2,3,1.0,1
201200008961,0012-01-23 07:30:00,12,1,23,7,30,300,156,,43.86022,4.42727,Crépuscule ou aube,Hors agglomération,Hors intersection,Autre,Deux véhicules - arrière,,,,,,,,,,,2,1,1,9.0,2
201200008962,0012-03-09 20:45:00,12,3,9,20,45,300,39,02 avenue Cavadou,43.88895,4.49204,Nuit sans éclairage public,En agglomération,Hors intersection,Normale,Autre collision,,,,,,,,,,,3,2,1,1.0,6
201200008963,0012-05-31 13:00:00,12,5,31,13,0,300,156,rue des c?vennes,43.86372,4.44183,Plein jour,En agglomération,Hors intersection,Normale,Deux véhicules - côté,,,,,,,,,,,1,2,1,1.0,3
201200008964,0012-06-17 04:00:00,12,6,17,4,0,300,156,,43.87961,4.44052,Nuit sans éclairage public,Hors agglomération,Hors intersection,Normale,Autre collision,,,,,,,,,,,3,1,1,1.0,6
201200008965,0012-09-04 17:15:00,12,9,4,17,15,300,39,,43.88524,4.49655,Plein jour,Hors agglomération,Hors intersection,Normale,Trois véhicules et plus - collisions multiples,,,,,,,,,,,1,1,1,1.0,5
201200008966,0012-09-12 18:30:00,12,9,12,18,30,300,156,,43.87364,4.44293,Plein jour,Hors agglomération,Hors intersection,Normale,Deux véhicules - frontale,,,,,,,,,,,1,1,1,1.0,1
201200008967,0012-12-03 12:15:00,12,12,3,12,15,300,156,,43.87897,4.09267,Plein jour,Hors agglomération,Hors intersection,Normale,Autre collision,,,,,,,,,,,1,1,1,1.0,6
201200008968,0012-12-12 13:15:00,12,12,12,13,15,300,145,,43.90973,4.50477,Plein jour,Hors agglomération,Hors intersection,Temps éblouissant,Deux véhicules - arrière,,,,,,,,,,,1,1,1,7.0,2
201200008969,0012-03-31 11:30:00,12,3,31,11,30,300,258,rue des muscats,43.67865,4.42009,Plein jour,En agglomération,Intersection en X,Normale,Deux véhicules - côté,,,,,,,,,,,1,2,2,1.0,3
201200008970,0012-06-05 16:00:00,12,6,5,16,0,300,258,,43.67215,4.4106,Plein jour,Hors agglomération,Hors intersection,Normale,Deux véhicules - frontale,,,,,,,,,,,1,1,1,1.0,1
201200008971,0012-06-16 07:45:00,12,6,16,7,45,300,258,,43.71488,4.42017,Plein jour,Hors agglomération,Hors intersection,Normale,Deux véhicules - côté,,,,,,,,,,,1,1,1,1.0,3
201200008972,0012-08-13 18:15:00,12,8,13,18,15,300,258,,43.67133,4.44139,Plein jour,Hors agglomération,Hors intersection,Normale,Deux véhicules - frontale,,,,,,,,,,,1,1,1,1.0,1
201200008973,0012-09-12 07:00:00,12,9,12,7,0,300,125,,43.77581,4.427,Plein jour,Hors agglomération,Hors intersection,Normale,Trois véhicules et plus - collisions multiples,,,,,,,,,,,1,1,1,1.0,5
201200008974,0012-12-30 16:30:00,12,12,30,16,30,300,128,,43.72864,4.07289,Plein jour,Hors agglomération,Hors intersection,Normale,Autre collision,,,,,,,,,,,1,1,1,1.0,6
201200008975,0012-01-27 23:45:00,12,1,27,23,45,300,4,,43.71829,4.20367,Nuit sans éclairage public,Hors agglomération,Hors intersection,Normale,Autre collision,,,,,,,,,,,3,1,1,1.0,6
201200008976,0012-02-26 16:30:00,12,2,26,16,30,300,341,,43.66185,4.28527,Plein jour,Hors agglomération,Hors intersection,Normale,Autre collision,,,,,,,,,,,1,1,1,1.0,6
201200008977,0012-03-10 15:45:00,12,3,10,15,45,300,347,,43.74049,4.24467,Plein jour,Hors agglomération,Hors intersection,Normale,Deux véhicules - arrière,,,,,,,,,,,1,1,1,1.0,2
201200008978,0012-03-22 18:00:00,12,3,22,18,0,300,169,chemin des garrigues,43.79373,4.3042,Plein jour,En agglomération,Hors intersection,Normale,Deux véhicules - arrière,,,,,,,,,,,1,2,1,1.0,2
201200008979,0012-03-28 20:30:00,12,3,28,20,30,300,341,,43.6547,4.29311,Nuit sans éclairage public,Hors agglomération,Hors intersection,Normale,Autre collision,,,,,,,,,,,3,1,1,1.0,6
201200008980,0012-03-30 19:00:00,12,3,30,19,0,300,169,route de nimes,43.79978,4.31659,Plein jour,En agglomération,Hors intersection,Normale,Autre collision,,,,,,,,,,,1,2,1,1.0,6
201200008981,0012-04-16 04:00:00,12,4,16,4,0,300,169,Chemin du carreaud,43.79275,4.31877,Nuit avec éclairage allumé,En agglomération,Hors intersection,Normale,Autre collision,,,,,,,,,,,5,2,1,1.0,6
201200008982,0012-05-14 07:30:00,12,5,14,7,30,300,123,,43.69589,4.17075,Plein jour,Hors agglomération,Hors intersection,Normale,Deux véhicules - arrière,,,,,,,,,,,1,1,1,1.0,2
201200008983,0012-06-26 07:15:00,12,6,26,7,15,300,6,,43.6973,4.17382,Plein jour,Hors agglomération,Hors intersection,Normale,Trois véhicules et plus - en chaîne,,,,,,,,,,,1,1,1,1.0,4
201200008984,0012-07-01 16:00:00,12,7,1,16,0,300,344,,43.73234,4.23652,Plein jour,Hors agglomération,Hors intersection,Pluie légère,Trois véhicules et plus - collisions multiples,,,,,,,,,,,1,1,1,2.0,5
201200008985,0012-07-08 17:30:00,12,7,8,17,30,300,123,,43.69457,4.16809,Plein jour,Hors agglomération,Hors intersection,Normale,Deux véhicules - côté,,,,,,,,,,,1,1,1,1.0,3
201200008986,0012-07-09 16:00:00,12,7,9,16,0,300,4,,43.72518,4.19381,Plein jour,Hors agglomération,Hors intersection,Normale,Deux véhicules - frontale,,,,,,,,,,,1,1,1,1.0,1
201200008987,0012-07-15 03:15:00,12,7,15,3,15,300,333,,43.75003,4.26867,Nuit sans éclairage public,Hors agglomération,Hors intersection,Normale,Deux véhicules - côté,,,,,,,,,,,3,1,1,1.0,3
201200008988,0012-07-25 23:30:00,12,7,25,23,30,300,59,,43.68721,4.22751,Nuit sans éclairage public,Hors agglomération,Hors intersection,Normale,Autre collision,,,,,,,,,,,3,1,1,1.0,6
201200008989,0012-08-14 16:00:00,12,8,14,16,0,300,341,,43.71149,4.26515,Plein jour,Hors agglomération,Giratoire,Normale,Deux véhicules - côté,,,,,,,,,,,1,1,6,1.0,3
201200008990,0012-08-20 16:45:00,12,8,20,16,45,300,185,,43.73471,4.21143,Plein jour,Hors agglomération,Hors intersection,Normale,Deux véhicules - côté,,,,,,,,,,,1,1,1,1.0,3
201200008991,0012-11-19 13:00:00,12,11,19,13,0,300,344,,43.72017,4.26074,Plein jour,Hors agglomération,Hors intersection,Normale,Autre collision,,,,,,,,,,,1,1,1,1.0,6
201200008992,0012-11-21 15:30:00,12,11,21,15,30,300,344,,43.73625,4.23371,Plein jour,Hors agglomération,Intersection en T,Normale,Trois véhicules et plus - collisions multiples,,,,,,,,,,,1,1,3,1.0,5
201200008993,0012-12-13 22:15:00,12,12,13,22,15,300,6,,43.70596,4.19181,Plein jour,Hors agglomération,Giratoire,Pluie légère,Deux véhicules - côté,,,,,,,,,,,1,1,6,2.0,3
201200008994,0012-12-20 11:30:00,12,12,20,11,30,300,4,,43.72093,4.20821,Plein jour,Hors agglomération,Hors intersection,Pluie légère,Trois véhicules et plus - en chaîne,,,,,,,,,,,1,1,1,2.0,4
201200008995,0012-12-24 17:30:00,12,12,24,17,30,300,6,D979,43.68541,4.21582,Nuit sans éclairage public,En agglomération,Hors intersection,Pluie légère,Deux véhicules - frontale,,,,,,,,,,,3,2,1,2.0,1
201200008996,0012-12-25 09:00:00,12,12,25,9,0,300,20,,,,Plein jour,Hors agglomération,Hors intersection,Normale,Sans collision,,,,,,,,,,,1,1,1,1.0,7
201200008997,0012-01-02 16:30:00,12,1,2,16,30,300,330,CD 907 - La Madeleine,44.03509,4.0049,Plein jour,En agglomération,Hors intersection,Normale,Autre collision,,,,,,,,,,,1,2,1,1.0,6
201200008998,0012-02-14 15:45:00,12,2,14,15,45,300,10,,44.05466,3.98451,Plein jour,En agglomération,Hors intersection,Normale,Autre collision,,,,,,,,,,,1,2,1,1.0,6
201200008999,0012-02-27 20:30:00,12,2,27,20,30,300,214,,,,Nuit avec éclairage non allumé,Hors agglomération,Hors intersection,Normale,Deux véhicules - côté,,,,,,,,,,,4,1,1,1.0,3
201200009000,0012-05-23 18:15:00,12,5,23,18,15,300,214,CD6110 PR32,44.03293,4.10489,Plein jour,En agglomération,Hors intersection,Normale,Deux véhicules - frontale,,,,,,,,,,,1,2,1,1.0,1
201200009001,0012-07-14 16:30:00,12,7,14,16,30,300,330,,44.01691,3.99283,Plein jour,Hors agglomération,Hors intersection,Normale,Deux véhicules - frontale,,,,,,,,,,,1,1,1,1.0,1
201200009002,0012-08-14 16:30:00,12,8,14,16,30,300,94,,44.0724,3.95503,Plein jour,Hors agglomération,Hors intersection,Normale,Deux véhicules - côté,,,,,,,,,,,1,1,1,1.0,3
201200009003,0012-03-13 16:00:00,12,3,13,16,0,300,142,,44.2222,4.08411,Nuit sans éclairage public,Hors agglomération,Hors intersection,Normale,Autre collision,,,,,,,,,,,3,1,1,1.0,6
201200009004,0012-03-27 11:15:00,12,3,27,11,15,300,307,75 Rue Jean Delpuech,44.20189,4.03399,Plein jour,En agglomération,Hors intersection,Normale,Deux véhicules - côté,,,,,,,,,,,1,2,1,1.0,3
201200009005,0012-06-06 20:00:00,12,6,6,20,0,300,274,,44.20381,4.09267,Plein jour,Hors agglomération,Hors intersection,Normale,Deux véhicules - frontale,,,,,,,,,,,1,1,1,1.0,1
201200009006,0012-09-16 12:00:00,12,9,16,12,0,300,307,,44.1795,4.05112,Plein jour,Hors agglomération,Hors intersection,Normale,Deux véhicules - arrière,,,,,,,,,,,1,1,1,1.0,2
201200009007,0012-09-17 17:00:00,12,9,17,17,0,300,142,,44.24367,4.0528,Plein jour,Hors agglomération,Hors intersection,Normale,Autre collision,,,,,,,,,,,1,1,1,1.0,6
201200009008,0012-01-05 19:30:00,12,1,5,19,30,300,223,,44.17178,4.12765,Nuit sans éclairage public,Hors agglomération,Hors intersection,Normale,Deux véhicules - frontale,,,,,,,,,,,3,1,1,1.0,1
201200009009,0012-01-28 00:45:00,12,1,28,0,45,300,223,CD131,44.18338,4.14278,Nuit avec éclairage allumé,En agglomération,Hors intersection,Normale,Autre collision,,,,,,,,,,,5,2,1,1.0,6
201200009010,0012-02-25 14:00:00,12,2,25,14,0,300,284,,44.15929,4.05973,Plein jour,Hors agglomération,Hors intersection,Normale,Deux véhicules - côté,,,,,,,,,,,1,1,1,1.0,3
201200009011,0012-04-01 00:45:00,12,4,1,0,45,300,294,,44.1284,4.14114,Nuit sans éclairage public,Hors agglomération,Hors intersection,Normale,Sans collision,,,,,,,,,,,3,1,1,1.0,7
201200009012,0012-04-05 10:00:00,12,4,5,10,0,300,284,route de st ambroix,44.1588,4.09367,Plein jour,En agglomération,Hors intersection,Normale,Autre collision,,,,,,,,,,,1,2,1,1.0,6
201200009013,0012-04-21 22:30:00,12,4,21,22,30,300,274,avenue des rosiers,44.17339,4.10818,Nuit avec éclairage allumé,En agglomération,Hors intersection,Normale,Deux véhicules - côté,,,,,,,,,,,5,2,1,1.0,3
201200009014,0012-05-18 19:00:00,12,5,18,19,0,300,274,310 chemin de st julien,44.17661,4.09029,Plein jour,En agglomération,Hors intersection,Normale,Deux véhicules - arrière,,,,,,,,,,,1,2,1,1.0,2
201200009015,0012-07-24 13:30:00,12,7,24,13,30,300,284,,44.14663,4.06228,Plein jour,Hors agglomération,Hors intersection,Normale,Deux véhicules - frontale,,,,,,,,,,,1,1,1,1.0,1
201200009016,0012-08-03 16:30:00,12,8,3,16,30,300,294,chemin de l'usclade,44.14032,4.1437,Plein jour,En agglomération,Hors intersection,Normale,Deux véhicules - côté,,,,,,,,,,,1,2,1,1.0,3
201200009017,0012-09-02 11:00:00,12,9,2,11,0,300,275,,44.12099,4.23682,Plein jour,Hors agglomération,Hors intersection,Normale,Trois véhicules et plus - collisions multiples,,,,,,,,,,,1,1,1,1.0,5
201200009018,0012-11-14 16:45:00,12,11,14,16,45,300,223,CD 16,,,Crépuscule ou aube,En agglomération,Hors intersection,Normale,Deux véhicules - côté,,,,,,,,,,,2,2,1,1.0,3
201200009019,0012-12-02 15:00:00,12,12,2,15,0,300,274,,44.21274,4.09267,Plein jour,Hors agglomération,Hors intersection,Normale,Deux véhicules - frontale,,,,,,,,,,,1,1,1,1.0,1
201200009020,0012-12-08 15:00:00,12,12,8,15,0,300,270,,44.11715,4.05485,Plein jour,Hors agglomération,Hors intersection,Temps éblouissant,Deux véhicules - arrière,,,,,,,,,,,1,1,1,7.0,2
201200009021,0012-01-22 20:30:00,12,1,22,20,30,300,348,,44.03151,4.14781,Nuit sans éclairage public,Hors agglomération,Hors intersection,Normale,Deux véhicules - frontale,,,,,,,,,,,3,1,1,1.0,1
201200009022,0012-01-28 16:45:00,12,1,28,16,45,300,165,,44.09647,4.1535,Plein jour,Hors agglomération,Hors intersection,Normale,Autre collision,,,,,,,,,,,1,1,1,1.0,6
201200009023,0012-02-22 08:30:00,12,2,22,8,30,300,2,,43.96367,4.13051,Plein jour,Hors agglomération,Intersection en X,Normale,Deux véhicules - côté,,,,,,,,,,,1,1,2,1.0,3
201200009024,0012-03-03 11:15:00,12,3,3,11,15,300,285,,44.0407,4.23223,Nuit sans éclairage public,Hors agglomération,Hors intersection,Normale,Autre collision,,,,,,,,,,,3,1,1,1.0,6
201200009025,0012-04-15 02:00:00,12,4,15,2,0,300,104,,43.97143,4.15041,Nuit sans éclairage public,Hors agglomération,Hors intersection,Normale,Sans collision,,,,,,,,,,,3,1,1,1.0,7
201200009026,0012-04-21 16:00:00,12,4,21,16,0,300,259,RD981,44.10378,4.12803,Plein jour,En agglomération,Hors intersection,Pluie légère,Deux véhicules - arrière,,,,,,,,,,,1,2,1,2.0,2
201200009027,0012-06-20 10:00:00,12,6,20,10,0,300,259,109 Chemin de St Hilaire,44.08165,4.12741,Plein jour,En agglomération,Hors intersection,Normale,Deux véhicules - frontale,,,,,,,,,,,1,2,1,1.0,1
201200009028,0012-07-28 02:00:00,12,7,28,2,0,300,160,,43.99857,4.12538,Nuit sans éclairage public,Hors agglomération,Hors intersection,Pluie légère,Sans collision,,,,,,,,,,,3,1,1,2.0,7
201200009029,0012-08-22 02:30:00,12,8,22,2,30,300,146,,43.99474,4.11646,Nuit sans éclairage public,Hors agglomération,Hors intersection,Normale,Deux véhicules - frontale,,,,,,,,,,,3,1,1,1.0,1
201200009030,0012-08-20 19:30:00,12,8,20,19,30,300,46,,44.01411,4.1574,Plein jour,Hors agglomération,Hors intersection,Normale,Autre collision,,,,,,,,,,,1,1,1,1.0,6
201200009031,0012-09-07 19:00:00,12,9,7,19,0,300,109,,44.06517,4.25,Crépuscule ou aube,Hors agglomération,Hors intersection,Normale,Deux véhicules - frontale,,,,,,,,,,,2,1,1,1.0,1
201200009032,0012-09-11 08:45:00,12,9,11,8,45,300,2,,43.95704,4.09923,Plein jour,Hors agglomération,Hors intersection,Normale,Deux véhicules - côté,,,,,,,,,,,1,1,1,1.0,3
201200009033,0012-09-13 14:30:00,12,9,13,14,30,300,146,,44.00228,4.10353,Plein jour,Hors agglomération,Hors intersection,Vent fort / tempête,Deux véhicules - frontale,,,,,,,,,,,1,1,1,6.0,1
201200009034,0012-11-08 17:15:00,12,11,8,17,15,300,147,,44.0095,4.05262,Nuit avec éclairage allumé,En agglomération,Hors intersection,Normale,Deux véhicules - côté,,,,,,,,,,,5,2,1,1.0,3
201200009035,0012-11-12 15:15:00,12,11,12,15,15,300,261,,44.07607,4.21242,Plein jour,Hors agglomération,Hors intersection,Normale,Trois véhicules et plus - en chaîne,,,,,,,,,,,1,1,1,1.0,4
201200009036,0012-12-06 16:00:00,12,12,6,16,0,300,104,,43.97404,4.17342,Crépuscule ou aube,Hors agglomération,Hors intersection,Normale,Autre collision,,,,,,,,,,,2,1,1,1.0,6
201200009037,0012-04-24 13:30:00,12,4,24,13,30,300,130,,44.328,3.9679,Plein jour,Hors agglomération,Hors intersection,Pluie légère,Autre collision,,,,,,,,,,,1,1,1,2.0,6
201200009038,0012-05-01 23:00:00,12,5,1,23,0,300,79,,44.30541,3.9967,Nuit sans éclairage public,Hors agglomération,Hors intersection,Normale,Autre collision,,,,,,,,,,,3,1,1,1.0,6
201200009039,0012-08-15 00:01:00,12,8,15,0,1,300,345,,44.27888,3.99884,Nuit sans éclairage public,Hors agglomération,Hors intersection,Normale,Sans collision,,,,,,,,,,,3,1,1,1.0,7
201200009040,0012-03-09 23:45:00,12,3,9,23,45,300,152,,44.22381,4.16251,Nuit avec éclairage allumé,Hors agglomération,Hors intersection,Normale,Trois véhicules et plus - collisions multiples,,,,,,,,,,,5,1,1,1.0,5
201200009041,0012-05-30 16:15:00,12,5,30,16,15,300,29,,44.2892,4.32804,Plein jour,Hors agglomération,Hors intersection,Normale,Deux véhicules - côté,,,,,,,,,,,1,1,1,1.0,3
201200009042,0012-06-11 17:00:00,12,6,11,17,0,300,164,rue du champ de mars,44.22588,4.34787,Plein jour,En agglomération,Hors intersection,Normale,Deux véhicules - côté,,,,,,,,,,,1,2,1,1.0,3
201200009043,0012-08-03 16:00:00,12,8,3,16,0,300,271,RD 537,44.21613,4.19985,Plein jour,En agglomération,Hors intersection,Normale,Autre collision,,,,,,,,,,,1,2,1,1.0,6
201200009044,0012-08-29 17:15:00,12,8,29,17,15,300,237,,44.2825,4.19656,Plein jour,Hors agglomération,Hors intersection,Normale,Trois véhicules et plus - collisions multiples,,,,,,,,,,,1,1,1,1.0,5
201200009045,0012-09-05 14:45:00,12,9,5,14,45,300,237,,44.27018,4.19287,Plein jour,Hors agglomération,Hors intersection,Normale,Deux véhicules - côté,,,,,,,,,,,1,1,1,1.0,3
201200009046,0012-09-22 22:00:00,12,9,22,22,0,300,227,avenue du Pont,44.26038,4.19773,Nuit avec éclairage allumé,En agglomération,Hors intersection,Normale,Deux véhicules - côté,,,,,,,,,,,5,2,1,1.0,3
201200009047,0012-10-24 07:30:00,12,10,24,7,30,300,227,44 boulevard du portalet,44.26176,4.19938,Crépuscule ou aube,En agglomération,Hors intersection,Normale,Autre collision,,,,,,,,,,,2,2,1,1.0,6
201200009048,0012-10-25 18:15:00,12,10,25,18,15,300,237,D904 lieu dit la Crois?e,,,Crépuscule ou aube,En agglomération,Hors intersection,Normale,Deux véhicules - côté,,,,,,,,,,,2,2,1,1.0,3
201200009049,0012-10-26 18:45:00,12,10,26,18,45,300,227,Boulevard du portalet,,,Nuit avec éclairage allumé,En agglomération,Hors intersection,Pluie légère,Autre collision,,,,,,,,,,,5,2,1,2.0,6
201200009050,0012-11-17 23:00:00,12,11,17,23,0,300,8,,44.18919,4.23717,Nuit sans éclairage public,Hors agglomération,Hors intersection,Temps couvert,Autre collision,,,,,,,,,,,3,1,1,8.0,6
201200009051,0012-12-28 02:15:00,12,12,28,2,15,300,194,,44.29187,4.07289,Nuit sans éclairage public,Hors agglomération,Autre intersection,Normale,Autre collision,,,,,,,,,,,3,1,9,1.0,6
201200009052,0012-01-25 16:45:00,12,1,25,16,45,300,111,Avenue de l'Europe,44.04138,4.29823,Plein jour,En agglomération,Hors intersection,Normale,Deux véhicules - côté,,,,,,,,,,,1,2,1,1.0,3
201200009053,0012-03-29 17:30:00,12,3,29,17,30,300,286,,43.98416,4.46211,Plein jour,Hors agglomération,Hors intersection,Normale,Deux véhicules - frontale,,,,,,,,,,,1,1,1,1.0,1
201200009054,0012-06-05 17:15:00,12,6,5,17,15,300,282,,44.15057,4.50475,Plein jour,Hors agglomération,Hors intersection,Normale,Trois véhicules et plus - en chaîne,,,,,,,,,,,1,1,1,1.0,4
201200009055,0012-06-18 08:00:00,12,6,18,8,0,300,35,,44.08818,4.3898,Plein jour,Hors agglomération,Hors intersection,Normale,Autre collision,,,,,,,,,,,1,1,1,1.0,6
201200009056,0012-07-02 17:30:00,12,7,2,17,30,300,30,,44.03511,4.27749,Plein jour,Hors agglomération,Intersection en X,Normale,Deux véhicules - côté,,,,,,,,,,,1,1,2,1.0,3
201200009057,0012-07-03 01:45:00,12,7,3,1,45,300,338,,44.13245,4.33466,Nuit sans éclairage public,Hors agglomération,Hors intersection,Normale,Autre collision,,,,,,,,,,,3,1,1,1.0,6
201200009058,0012-07-16 13:45:00,12,7,16,13,45,300,41,,43.96796,4.38864,Plein jour,Hors agglomération,Hors intersection,Normale,Autre collision,,,,,,,,,,,1,1,1,1.0,6
201200009059,0012-07-19 12:30:00,12,7,19,12,30,300,282,intersec CD 6 et CD 23,44.1451,4.48908,Plein jour,En agglomération,Hors intersection,Normale,Deux véhicules - côté,,,,,,,,,,,1,2,1,1.0,3
201200009060,0012-08-01 17:00:00,12,8,1,17,0,300,299,,44.02355,4.46379,Plein jour,Hors agglomération,Hors intersection,Normale,Autre collision,,,,,,,,,,,1,1,1,1.0,6
201200009061,0012-08-13 11:00:00,12,8,13,11,0,300,334,17 bd  GAMBETTA,44.0132,4.41833,Plein jour,En agglomération,Hors intersection,Normale,Autre collision,,,,,,,,,,,1,2,1,1.0,6
201200009062,0012-09-02 21:30:00,12,9,2,21,30,300,30,,44.04255,4.2758,Nuit sans éclairage public,Hors agglomération,Hors intersection,Normale,Sans collision,,,,,,,,,,,3,1,1,1.0,7
201200009063,0012-09-03 06:30:00,12,9,3,6,30,300,14,,44.00188,4.35507,Plein jour,Hors agglomération,Hors intersection,Normale,Autre collision,,,,,,,,,,,1,1,1,1.0,6
201200009064,0012-09-13 17:45:00,12,9,13,17,45,300,174,,44.02872,4.37864,Crépuscule ou aube,Hors agglomération,Hors intersection,Normale,Autre collision,,,,,,,,,,,2,1,1,1.0,6
201200009065,0012-09-27 05:00:00,12,9,27,5,0,300,334,05 avenue Maxime Pascal,44.01392,4.42281,Nuit avec éclairage allumé,En agglomération,Hors intersection,Normale,Deux véhicules - frontale,,,,,,,,,,,5,2,1,1.0,1
201200009066,0012-01-10 06:45:00,12,1,10,6,45,300,70,Chemin du combal,44.23287,4.58986,Nuit sans éclairage public,En agglomération,Hors intersection,Normale,Autre collision,,,,,,,,,,,3,2,1,1.0,6
201200009067,0012-01-10 18:45:00,12,1,10,18,45,300,202,,44.2755,4.62506,Nuit sans éclairage public,Hors agglomération,Hors intersection,Normale,Trois véhicules et plus - collisions multiples,,,,,,,,,,,3,1,1,1.0,5
201200009068,0012-03-12 07:30:00,12,3,12,7,30,300,288,rue du mistral,44.19789,4.62313,Plein jour,En agglomération,Hors intersection,Normale,Autre collision,,,,,,,,,,,1,2,1,1.0,6
201200009069,0012-04-04 16:15:00,12,4,4,16,15,300,96,,44.21079,4.50877,Plein jour,Hors agglomération,Hors intersection,Pluie forte,Autre collision,,,,,,,,,,,1,1,1,3.0,6
201200009070,0012-04-22 18:00:00,12,4,22,18,0,300,287,,44.19812,4.53837,Plein jour,Hors agglomération,Hors intersection,Normale,Deux véhicules - côté,,,,,,,,,,,1,1,1,1.0,3
201200009071,0012-04-28 13:45:00,12,4,28,13,45,300,288,route de Bagnols,44.19425,4.62454,Plein jour,En agglomération,Hors intersection,Normale,Deux véhicules - côté,,,,,,,,,,,1,2,1,1.0,3
201200009072,0012-05-02 19:00:00,12,5,2,19,0,300,290,,44.27443,4.60949,Plein jour,Hors agglomération,Hors intersection,Normale,Trois véhicules et plus - collisions multiples,,,,,,,,,,,1,1,1,1.0,5
201200009073,0012-07-21 12:00:00,12,7,21,12,0,300,202,PN 18 - CD6086,44.26338,4.64165,Plein jour,En agglomération,Passage à niveau,Normale,Trois véhicules et plus - collisions multiples,,,,,,,,,,,1,2,8,1.0,5