accident_id,datetime,annee,mois,jour,heure,minute,departement,commune_insee,adresse,latitude,longitude,luminosite,agglomeration,intersection,meteo,collision,nb_vehicules,nb_usagers,nb_indemnes,nb_tues,nb_blesses_hosp,nb_blesses_legers,age_cond_1,age_cond_2,veh_type_cond_1,veh_type_cond_2,lum_code,agg_code,int_code,atm_code,col_code
201200009074,0012-07-29 15:15:00,12,7,29,15,15,300,273,,44.29049,4.57569,Plein jour,Hors agglomération,Hors intersection,Normale,Autre collision,,,,,,,,,,,1,1,1,1.0,6
201200009075,0012-08-26 06:30:00,12,8,26,6,30,300,70,,44.2408,4.59483,Crépuscule ou aube,Hors agglomération,Hors intersection,Normale,Sans collision,,,,,,,,,,,2,1,1,1.0,7
201200009076,0012-09-27 00:15:00,12,9,27,0,15,300,143,,44.2975,4.52756,Nuit sans éclairage public,Hors agglomération,Hors intersection,Pluie légère,Autre collision,,,,,,,,,,,3,1,1,2.0,6
201200009077,0012-10-20 14:45:00,12,10,20,14,45,300,226,,44.23858,4.6391,Plein jour,Hors agglomération,Hors intersection,Normale,Deux véhicules - frontale,,,,,,,,,,,1,1,1,1.0,1
201200009078,0012-11-02 10:45:00,12,11,2,10,45,300,202,rue dr s. hanneman,,,Plein jour,En agglomération,Hors intersection,Normale,Deux véhicules - frontale,,,,,,,,,,,1,2,1,1.0,1
201200009079,0012-11-05 23:00:00,12,11,5,23,0,300,288,,44.20565,4.62928,Nuit sans éclairage public,Hors agglomération,Hors intersection,Normale,Autre collision,,,,,,,,,,,3,1,1,1.0,6
201200009080,0012-11-08 08:45:00,12,11,8,8,45,300,96,,44.21066,4.50716,Plein jour,Hors agglomération,Hors intersection,Normale,Autre collision,,,,,,,,,,,1,1,1,1.0,6
201200009081,0012-11-28 12:45:00,12,11,28,12,45,300,202,rond point de l'Europe,44.25856,4.6481,Plein jour,En agglomération,Giratoire,Pluie légère,Autre collision,,,,,,,,,,,1,2,6,2.0,6
201200009082,0012-01-21 11:45:00,12,1,21,11,45,300,73,,43.95474,4.55274,Plein jour,Hors agglomération,Hors intersection,Normale,Deux véhicules - côté,,,,,,,,,,,1,1,1,1.0,3
201200009083,0012-01-31 09:30:00,12,1,31,9,30,300,179,D986L,43.87043,4.58424,Plein jour,En agglomération,Hors intersection,Pluie légère,Deux véhicules - côté,,,,,,,,,,,1,2,1,2.0,3
201200009084,0012-02-02 21:15:00,12,2,2,21,15,300,166,,43.88919,4.57488,Nuit sans éclairage public,Hors agglomération,Hors intersection,Normale,Autre collision,,,,,,,,,,,3,1,1,1.0,6
201200009085,0012-04-26 09:00:00,12,4,26,9,0,300,73,12 chemin des perri?res,43.97057,4.52073,Plein jour,En agglomération,Intersection en T,Normale,Deux véhicules - côté,,,,,,,,,,,1,2,3,1.0,3
201200009086,0012-05-01 17:30:00,12,5,1,17,30,300,179,,43.87044,4.58424,Plein jour,Hors agglomération,Hors intersection,Normale,Deux véhicules - côté,,,,,,,,,,,1,1,1,1.0,3
201200009087,0012-05-30 05:15:00,12,5,30,5,15,300,317,,43.90514,4.56919,Nuit sans éclairage public,Hors agglomération,Hors intersection,Normale,Deux véhicules - arrière,,,,,,,,,,,3,1,1,1.0,2
201200009088,0012-06-20 14:30:00,12,6,20,14,30,300,212,,43.94763,4.56982,Plein jour,Hors agglomération,Hors intersection,Normale,Autre collision,,,,,,,,,,,1,1,1,1.0,6
201200009089,0012-06-24 13:15:00,12,6,24,13,15,300,85,,43.96774,4.48782,Plein jour,Hors agglomération,Hors intersection,Normale,Deux véhicules - frontale,,,,,,,,,,,1,1,1,1.0,1
201200009090,0012-06-28 13:45:00,12,6,28,13,45,300,235,,43.93478,4.55695,Plein jour,Hors agglomération,Hors intersection,Normale,Sans collision,,,,,,,,,,,1,1,1,1.0,7
201200009091,0012-07-02 04:30:00,12,7,2,4,30,300,12,,43.8875,4.65945,Nuit sans éclairage public,Hors agglomération,Hors intersection,Normale,Sans collision,,,,,,,,,,,3,1,1,1.0,7
201200009092,0012-07-27 15:15:00,12,7,27,15,15,300,336,,43.85081,4.61818,Plein jour,Hors agglomération,Hors intersection,Temps éblouissant,Deux véhicules - côté,,,,,,,,,,,1,1,1,7.0,3
201200009093,0012-07-28 15:00:00,12,7,28,15,0,300,179,,43.87044,4.58423,Plein jour,Hors agglomération,Hors intersection,Normale,Deux véhicules - côté,,,,,,,,,,,1,1,1,1.0,3
201200009094,0012-07-30 18:45:00,12,7,30,18,45,300,317,,43.92309,4.5629,Plein jour,Hors agglomération,Hors intersection,Normale,Deux véhicules - arrière,,,,,,,,,,,1,1,1,1.0,2
201200009095,0012-08-26 12:15:00,12,8,26,12,15,300,211,,43.84725,4.50925,Plein jour,Hors agglomération,Hors intersection,Normale,Deux véhicules - côté,,,,,,,,,,,1,1,1,1.0,3
201200009096,0012-09-11 00:15:00,12,9,11,0,15,300,13,,43.96738,4.50659,Nuit sans éclairage public,Hors agglomération,Hors intersection,Normale,Autre collision,,,,,,,,,,,3,1,1,1.0,6
201200009097,0012-09-11 10:45:00,12,9,11,10,45,300,12,,43.8881,4.64881,Plein jour,Hors agglomération,Hors intersection,Normale,Autre collision,,,,,,,,,,,1,1,1,1.0,6
201200009098,0012-09-29 18:30:00,12,9,29,18,30,300,107,,43.95149,4.64009,Plein jour,Hors agglomération,Hors intersection,Pluie légère,Deux véhicules - côté,,,,,,,,,,,1,1,1,2.0,3
201200009099,0012-10-08 17:15:00,12,10,8,17,15,300,12,,43.89455,4.69116,Plein jour,Hors agglomération,Hors intersection,Normale,Deux véhicules - frontale,,,,,,,,,,,1,1,1,1.0,1
201200009100,0012-12-05 14:15:00,12,12,5,14,15,300,166,ROUTE DE SERNHAC CD 502,43.88423,4.56173,Plein jour,En agglomération,Hors intersection,Normale,Autre collision,,,,,,,,,,,1,2,1,1.0,6
201200009101,0012-12-28 10:00:00,12,12,28,10,0,300,73,,43.97823,4.57411,Plein jour,Hors agglomération,Hors intersection,Normale,Deux véhicules - arrière,,,,,,,,,,,1,1,1,1.0,2
201200009102,0012-02-08 16:30:00,12,2,8,16,30,300,221,,44.04181,4.77159,Plein jour,Hors agglomération,Hors intersection,Normale,Deux véhicules - frontale,,,,,,,,,,,1,1,1,1.0,1
201200009103,0012-02-22 19:00:00,12,2,22,19,0,300,326,,44.00764,4.73493,Nuit sans éclairage public,Hors agglomération,Hors intersection,Normale,Deux véhicules - côté,,,,,,,,,,,3,1,1,1.0,3
201200009104,0012-02-28 12:45:00,12,2,28,12,45,300,221,,44.06029,4.77065,Plein jour,Hors agglomération,Hors intersection,Normale,Deux véhicules - frontale,,,,,,,,,,,1,1,1,1.0,1
201200009105,0012-04-29 15:00:00,12,4,29,15,0,300,221,,44.04034,4.72741,Plein jour,Hors agglomération,Hors intersection,Normale,Deux véhicules - côté,,,,,,,,,,,1,1,1,1.0,3
201200009106,0012-05-13 01:45:00,12,5,13,1,45,300,217,route de saze,43.97104,4.68774,Nuit avec éclairage allumé,En agglomération,Giratoire,Normale,Autre collision,,,,,,,,,,,5,2,6,1.0,6
201200009107,0012-06-07 16:45:00,12,6,7,16,45,300,221,,44.0742,4.75886,Plein jour,Hors agglomération,Hors intersection,Normale,Trois véhicules et plus - collisions multiples,,,,,,,,,,,1,1,1,1.0,5
201200009108,0012-06-11 14:30:00,12,6,11,14,30,300,312,,,,Plein jour,Hors agglomération,Intersection en X,Normale,Deux véhicules - côté,,,,,,,,,,,1,1,2,1.0,3
201200009109,0012-06-17 18:45:00,12,6,17,18,45,300,221,,44.05516,4.76015,Plein jour,Hors agglomération,Intersection en T,Temps éblouissant,Deux véhicules - côté,,,,,,,,,,,1,1,3,7.0,3
201200009110,0012-07-08 16:30:00,12,7,8,16,30,300,221,boulevard national,44.05267,4.77961,Plein jour,En agglomération,Hors intersection,Normale,Autre collision,,,,,,,,,,,1,2,1,1.0,6
201200009111,0012-07-19 21:45:00,12,7,19,21,45,300,221,,44.66633,4.76988,Crépuscule ou aube,Hors agglomération,Hors intersection,Normale,Autre collision,,,,,,,,,,,2,1,1,1.0,6
201200009112,0012-07-21 10:15:00,12,7,21,10,15,300,326,,44.00764,4.73494,Plein jour,Hors agglomération,Hors intersection,Normale,Deux véhicules - frontale,,,,,,,,,,,1,1,1,1.0,1
201200009113,0012-07-25 11:30:00,12,7,25,11,30,300,209,572 route de tavel,44.00832,4.76733,Crépuscule ou aube,En agglomération,Hors intersection,Normale,Autre collision,,,,,,,,,,,2,2,1,1.0,6
201200009114,0012-09-11 11:45:00,12,9,11,11,45,300,221,,44.03897,4.78869,Plein jour,Hors agglomération,Hors intersection,Autre,Sans collision,,,,,,,,,,,1,1,1,9.0,7
201200009115,0012-09-17 07:45:00,12,9,17,7,45,300,326,,43.99244,4.71162,Crépuscule ou aube,Hors agglomération,Hors intersection,Normale,Sans collision,,,,,,,,,,,2,1,1,1.0,7
201200009116,0012-02-25 16:30:00,12,2,25,16,30,300,182,,43.85509,4.18149,Plein jour,Hors agglomération,Hors intersection,Normale,Deux véhicules - frontale,,,,,,,,,,,1,1,1,1.0,1
201200009117,0012-03-11 03:00:00,12,3,11,3,0,300,281,,43.88247,4.19338,Nuit sans éclairage public,Hors agglomération,Hors intersection,Normale,Autre collision,,,,,,,,,,,3,1,1,1.0,6
201200009118,0012-03-19 18:30:00,12,3,19,18,30,300,122,rRD 422,43.89697,4.21689,Plein jour,En agglomération,Hors intersection,Normale,Deux véhicules - arrière,,,,,,,,,,,1,2,1,1.0,2
201200009119,0012-03-25 07:15:00,12,3,25,7,15,300,181,,43.90226,4.10473,Plein jour,Hors agglomération,Hors intersection,Normale,Deux véhicules - frontale,,,,,,,,,,,1,1,1,1.0,1
201200009120,0012-03-27 09:00:00,12,3,27,9,0,300,182,,43.86091,4.15085,Plein jour,Hors agglomération,Hors intersection,Normale,Sans collision,,,,,,,,,,,1,1,1,1.0,7
201200009121,0012-03-31 21:30:00,12,3,31,21,30,300,354,,43.94377,4.14491,Nuit sans éclairage public,Hors agglomération,Hors intersection,Normale,Deux véhicules - côté,,,,,,,,,,,3,1,1,1.0,3
201200009122,0012-04-21 19:45:00,12,4,21,19,45,300,181,,43.92075,4.11533,Crépuscule ou aube,Hors agglomération,Hors intersection,Normale,Sans collision,,,,,,,,,,,2,1,1,1.0,7
201200009123,0012-05-04 08:15:00,12,5,4,8,15,300,228,,43.96177,4.33418,Plein jour,Hors agglomération,Hors intersection,Normale,Deux véhicules - frontale,,,,,,,,,,,1,1,1,1.0,1
201200009124,0012-05-13 19:00:00,12,5,13,19,0,300,102,,43.92214,4.2813,Plein jour,Hors agglomération,Hors intersection,Normale,Deux véhicules - frontale,,,,,,,,,,,1,1,1,1.0,1
201200009125,0012-05-19 09:45:00,12,5,19,9,45,300,313,,43.96024,4.23705,Plein jour,Hors agglomération,Hors intersection,Normale,Deux véhicules - côté,,,,,,,,,,,1,1,1,1.0,3
201200009126,0012-05-25 16:30:00,12,5,25,16,30,300,102,,43.90804,4.28502,Plein jour,Hors agglomération,Hors intersection,Normale,Sans collision,,,,,,,,,,,1,1,1,1.0,7
201200009127,0012-06-02 20:15:00,12,6,2,20,15,300,182,,43.8562,4.17635,Plein jour,Hors agglomération,Hors intersection,Normale,Deux véhicules - côté,,,,,,,,,,,1,1,1,1.0,3
201200009128,0012-07-22 23:15:00,12,7,22,23,15,300,102,,43.93417,4.30345,Nuit sans éclairage public,Hors agglomération,Hors intersection,Normale,Sans collision,,,,,,,,,,,3,1,1,1.0,7
201200009129,0012-08-02 09:45:00,12,8,2,9,45,300,21,04 GRAND RUE,44.00675,4.32724,Plein jour,En agglomération,Hors intersection,Normale,Autre collision,,,,,,,,,,,1,2,1,1.0,6
201200009130,0012-09-02 15:15:00,12,9,2,15,15,300,228,,43.94412,4.37758,Plein jour,Hors agglomération,Hors intersection,Normale,Deux véhicules - frontale,,,,,,,,,,,1,1,1,1.0,1
201200009131,0012-10-20 20:45:00,12,10,20,20,45,300,102,,43.91677,4.286,Plein jour,Hors agglomération,Hors intersection,Normale,Deux véhicules - côté,,,,,,,,,,,1,1,1,1.0,3
201200009132,0012-10-28 04:15:00,12,10,28,4,15,300,49,,43.99228,4.33113,Nuit sans éclairage public,Hors agglomération,Hors intersection,Vent fort / tempête,Deux véhicules - frontale,,,,,,,,,,,3,1,1,6.0,1
201200009133,0012-12-16 06:30:00,12,12,16,6,30,300,88,,43.86097,4.1471,Crépuscule ou aube,Hors agglomération,Hors intersection,Normale,Trois véhicules et plus - collisions multiples,,,,,,,,,,,2,1,1,1.0,5
201200009134,0012-03-25 10:30:00,12,3,25,10,30,300,272,,43.96954,3.69281,Plein jour,Hors agglomération,Hors intersection,Normale,Sans collision,,,,,,,,,,,1,1,1,1.0,7
201200009135,0012-08-28 17:00:00,12,8,28,17,0,300,325,route de ganges,43.97684,3.71595,Plein jour,En agglomération,Hors intersection,Normale,Deux véhicules - frontale,,,,,,,,,,,1,2,1,1.0,1
201200009136,0012-09-22 18:30:00,12,9,22,18,30,300,350,CD 999,43.99254,3.61718,Plein jour,En agglomération,Hors intersection,Normale,Autre collision,,,,,,,,,,,1,2,1,1.0,6
201200009137,0012-12-13 17:45:00,12,12,13,17,45,300,350,Avenue Sergent TRIAIRE,43.9911,3.60818,Nuit avec éclairage allumé,En agglomération,Hors intersection,Pluie forte,Autre collision,,,,,,,,,,,5,2,1,3.0,6
201200009138,0012-11-02 14:45:00,12,11,2,14,45,300,172,,44.0166,3.84911,Plein jour,Hors agglomération,Hors intersection,Normale,Deux véhicules - frontale,,,,,,,,,,,1,1,1,1.0,1
201200009139,0012-02-26 16:30:00,12,2,26,16,30,300,263,,43.95886,3.82899,Plein jour,Hors agglomération,Hors intersection,Normale,Deux véhicules - frontale,,,,,,,,,,,1,1,1,1.0,1
201200009140,0012-05-06 11:00:00,12,5,6,11,0,300,66,,43.93002,4.35299,Plein jour,Hors agglomération,Hors intersection,Normale,Deux véhicules - frontale,,,,,,,,,,,1,1,1,1.0,1
201200009141,0012-08-27 09:00:00,12,8,27,9,0,300,349,,43.87277,4.08012,Plein jour,Hors agglomération,Hors intersection,Temps éblouissant,Sans collision,,,,,,,,,,,1,1,1,7.0,7
201200009142,0012-09-09 20:45:00,12,9,9,20,45,300,300,,43.95081,4.10001,Nuit sans éclairage public,Hors agglomération,Hors intersection,Normale,Deux véhicules - côté,,,,,,,,,,,3,1,1,1.0,3
201200009143,0012-01-17 06:45:00,12,1,17,6,45,480,42,,44.548,3.505,Crépuscule ou aube,Hors agglomération,Hors intersection,Normale,Deux véhicules - frontale,,,,,,,,,,,2,1,1,1.0,1
201200009144,0012-03-12 11:15:00,12,3,12,11,15,480,53,,44.49,3.821,Plein jour,Hors agglomération,Hors intersection,Normale,Autre collision,,,,,,,,,,,1,1,1,1.0,6
201200009145,0012-05-22 16:15:00,12,5,22,16,15,480,126,,44.664,3.382,Plein jour,Hors agglomération,Hors intersection,Pluie forte,Autre collision,,,,,,,,,,,1,1,1,3.0,6
201200009146,0012-05-26 07:15:00,12,5,26,7,15,480,16,,44.492,3.458,Plein jour,Hors agglomération,Hors intersection,Normale,Deux véhicules - frontale,,,,,,,,,,,1,1,1,1.0,1
201200009147,0012-05-27 18:00:00,12,5,27,18,0,480,16,RN 88,44.489,3.458,Plein jour,En agglomération,Hors intersection,Normale,Sans collision,,,,,,,,,,,1,2,1,1.0,7
201200009148,0012-08-23 22:45:00,12,8,23,22,45,480,111,,44.541,3.583,Nuit sans éclairage public,Hors agglomération,Hors intersection,Normale,Autre collision,,,,,,,,,,,3,1,1,1.0,6
201200009149,0012-09-02 11:45:00,12,9,2,11,45,480,53,,,,Plein jour,Hors agglomération,Hors intersection,Normale,Sans collision,,,,,,,,,,,1,1,1,1.0,7
201200009150,0012-10-19 18:45:00,12,10,19,18,45,480,13,,44.54,3.57,Crépuscule ou aube,Hors agglomération,Hors intersection,Pluie légère,Deux véhicules - côté,,,,,,,,,,,2,1,1,2.0,3
201200009151,0012-11-04 16:15:00,12,11,4,16,15,480,13,,44.543,3.564,Plein jour,Hors agglomération,Hors intersection,Pluie légère,Deux véhicules - frontale,,,,,,,,,,,1,1,1,2.0,1
201200009152,0012-08-01 07:45:00,12,8,1,7,45,480,43,,,,Plein jour,Hors agglomération,Hors intersection,Normale,Sans collision,,,,,,,,,,,1,1,1,1.0,7
201200009153,0012-12-08 09:30:00,12,12,8,9,30,480,80,,,,Plein jour,Hors agglomération,Hors intersection,Neige / grêle,Deux véhicules - côté,,,,,,,,,,,1,1,1,4.0,3
201200009154,0012-05-17 12:30:00,12,5,17,12,30,480,75,,,,Plein jour,Hors agglomération,Hors intersection,Normale,Deux véhicules - côté,,,,,,,,,,,1,1,1,1.0,3
201200009155,0012-07-01 09:00:00,12,7,1,9,0,480,61,,,,Plein jour,Hors agglomération,Hors intersection,Pluie forte,Deux véhicules - frontale,,,,,,,,,,,1,1,1,3.0,1
201200009156,0012-08-19 17:30:00,12,8,19,17,30,480,75,,,,Plein jour,Hors agglomération,Hors intersection,Normale,Sans collision,,,,,,,,,,,1,1,1,1.0,7
201200009157,0012-09-28 10:45:00,12,9,28,10,45,480,122,,,,Plein jour,Hors agglomération,Hors intersection,Normale,Sans collision,,,,,,,,,,,1,1,1,1.0,7
201200009158,0012-03-31 09:45:00,12,3,31,9,45,480,173,,,,Plein jour,Hors agglomération,Hors intersection,Normale,Autre collision,,,,,,,,,,,1,1,1,1.0,6
201200009159,0012-07-01 07:00:00,12,7,1,7,0,480,148,,,,Plein jour,Hors agglomération,Hors intersection,Normale,Sans collision,,,,,,,,,,,1,1,1,1.0,7
201200009160,0012-09-14 11:15:00,12,9,14,11,15,480,136,,,,Plein jour,Hors agglomération,Hors intersection,Normale,Deux véhicules - côté,,,,,,,,,,,1,1,1,1.0,3
201200009161,0012-10-14 15:45:00,12,10,14,15,45,480,163,,,,Plein jour,Hors agglomération,Hors intersection,Pluie forte,Autre collision,,,,,,,,,,,1,1,1,3.0,6
201200009162,0012-03-26 16:00:00,12,3,26,16,0,480,96,,,,Plein jour,Hors agglomération,Hors intersection,Normale,Deux véhicules - côté,,,,,,,,,,,1,1,1,1.0,3
201200009163,0012-04-18 13:45:00,12,4,18,13,45,480,154,,,,Plein jour,Hors agglomération,Hors intersection,Pluie forte,Autre collision,,,,,,,,,,,1,1,1,3.0,6
201200009164,0012-09-10 13:15:00,12,9,10,13,15,480,74,,44.248,3.356,Plein jour,Hors agglomération,Hors intersection,Normale,Trois véhicules et plus - en chaîne,,,,,,,,,,,1,1,1,1.0,4
201200009165,0012-12-28 18:30:00,12,12,28,18,30,480,96,,44.197,3.417,Nuit sans éclairage public,Hors agglomération,Hors intersection,Normale,Sans collision,,,,,,,,,,,3,1,1,1.0,7
201200009166,0012-04-09 01:45:00,12,4,9,1,45,480,17,La Mothe - RD988,44.446,3.195,Nuit sans éclairage public,En agglomération,Hors intersection,Normale,Autre collision,,,,,,,,,,,3,2,1,1.0,6
201200009167,0012-10-25 14:15:00,12,10,25,14,15,480,92,place de l'Esplanade,,,Plein jour,En agglomération,Place,Temps éblouissant,Autre collision,,,,,,,,,,,1,2,7,7.0,6
201200009168,0012-06-18 20:00:00,12,6,18,20,0,480,140,,,,Plein jour,Hors agglomération,Hors intersection,Normale,Autre collision,,,,,,,,,,,1,1,1,1.0,6
201200009169,0012-06-19 12:15:00,12,6,19,12,15,480,89,,44.838,3.369,Plein jour,Hors agglomération,Hors intersection,Normale,Deux véhicules - frontale,,,,,,,,,,,1,1,1,1.0,1
201200009170,0012-10-13 09:45:00,12,10,13,9,45,480,47,LASBROS,44.717,3.235,Plein jour,En agglomération,Hors intersection,Normale,Autre collision,,,,,,,,,,,1,2,1,1.0,6
201200009171,0012-01-08 12:45:00,12,1,8,12,45,660,37,CD617,,,Plein jour,En agglomération,Hors intersection,Normale,Deux véhicules - arrière,,,,,,,,,,,1,2,1,1.0,2
201200009172,0012-04-24 01:00:00,12,4,24,1,0,660,37,AVENUE DES FLAMANT ROSES,,,Nuit sans éclairage public,En agglomération,Hors intersection,Pluie légère,Sans collision,,,,,,,,,,,3,2,1,2.0,7
201200009173,0012-05-04 07:30:00,12,5,4,7,30,660,224,,42.7278,2.9846,Plein jour,Hors agglomération,Hors intersection,Normale,Deux véhicules - frontale,,,,,,,,,,,1,1,1,1.0,1
201200009174,0012-07-04 11:15:00,12,7,4,11,15,660,37,,42.70522,2.98448,Plein jour,Hors agglomération,Hors intersection,Normale,Deux véhicules - frontale,,,,,,,,,,,1,1,1,1.0,1
201200009175,0012-09-15 02:30:00,12,9,15,2,30,660,37,,,,Nuit sans éclairage public,Hors agglomération,Hors intersection,Normale,Autre collision,,,,,,,,,,,3,1,1,1.0,6
201200009176,0012-10-09 15:45:00,12,10,9,15,45,660,37,avenue de PERPIGNAN,42.70184,3.02889,Plein jour,En agglomération,Hors intersection,Normale,Deux véhicules - côté,,,,,,,,,,,1,2,1,1.0,3
201200009177,0012-01-01 06:30:00,12,1,1,6,30,660,227,,,,Nuit sans éclairage public,Hors agglomération,Hors intersection,Normale,Sans collision,,,,,,,,,,,3,1,1,1.0,7
201200009178,0012-05-02 07:45:00,12,5,2,7,45,660,114,,,,Plein jour,Hors agglomération,Hors intersection,Normale,Deux véhicules - arrière,,,,,,,,,,,1,1,1,1.0,2
201200009179,0012-05-06 17:00:00,12,5,6,17,0,660,114,,,,Plein jour,Hors agglomération,Hors intersection,Normale,Autre collision,,,,,,,,,,,1,1,1,1.0,6
201200009180,0012-11-02 21:45:00,12,11,2,21,45,660,227,,42.6387,2.90894,Nuit sans éclairage public,Hors agglomération,Hors intersection,Normale,Deux véhicules - frontale,,,,,,,,,,,3,1,1,1.0,1
201200009181,0012-05-28 21:00:00,12,5,28,21,0,660,107,,,,Plein jour,Hors agglomération,Hors intersection,Normale,Autre collision,,,,,,,,,,,1,1,1,1.0,6
201200009182,0012-05-28 15:30:00,12,5,28,15,30,660,174,,42.684,2.749,Plein jour,Hors agglomération,Giratoire,Normale,Autre collision,,,,,,,,,,,1,1,6,1.0,6
201200009183,0012-07-15 15:15:00,12,7,15,15,15,660,108,,,,Plein jour,Hors agglomération,Hors intersection,Normale,Autre collision,,,,,,,,,,,1,1,1,1.0,6
201200009184,0012-08-07 12:00:00,12,8,7,12,0,660,140,,,,Plein jour,Hors agglomération,Hors intersection,Normale,Deux véhicules - côté,,,,,,,,,,,1,1,1,1.0,3
201200009185,0012-01-27 08:30:00,12,1,27,8,30,660,164,,42.80185,2.90385,Plein jour,Hors agglomération,Passage à niveau,Normale,Deux véhicules - frontale,,,,,,,,,,,1,1,8,1.0,1
201200009186,0012-03-24 17:45:00,12,3,24,17,45,660,164,rue du moulin,42.77065,2.8723,Plein jour,En agglomération,Hors intersection,Normale,Autre collision,,,,,,,,,,,1,2,1,1.0,6
201200009187,0012-04-24 11:30:00,12,4,24,11,30,660,164,,,,Plein jour,Hors agglomération,Hors intersection,Normale,Deux véhicules - frontale,,,,,,,,,,,1,1,1,1.0,1
201200009188,0012-05-12 11:30:00,12,5,12,11,30,660,164,,,,Plein jour,Hors agglomération,Hors intersection,Normale,Deux véhicules - côté,,,,,,,,,,,1,1,1,1.0,3
201200009189,0012-07-07 17:15:00,12,7,7,17,15,660,164,,,,Plein jour,Hors agglomération,Hors intersection,Normale,Autre collision,,,,,,,,,,,1,1,1,1.0,6
201200009190,0012-10-10 19:30:00,12,10,10,19,30,660,138,,42.75701,2.84736,Nuit sans éclairage public,Hors agglomération,Hors intersection,Normale,Sans collision,,,,,,,,,,,3,1,1,1.0,7
201200009191,0012-02-09 21:45:00,12,2,9,21,45,660,171,,,,Nuit sans éclairage public,Hors agglomération,Hors intersection,Normale,Deux véhicules - frontale,,,,,,,,,,,3,1,1,1.0,1
201200009192,0012-06-23 13:30:00,12,6,23,13,30,660,171,,,,Plein jour,Hors agglomération,Hors intersection,Normale,Deux véhicules - côté,,,,,,,,,,,1,1,1,1.0,3
201200009193,0012-07-22 19:00:00,12,7,22,19,0,660,171,,42.599,3.027,Plein jour,Hors agglomération,Hors intersection,Normale,Deux véhicules - arrière,,,,,,,,,,,1,1,1,1.0,2
201200009194,0012-10-22 18:00:00,12,10,22,18,0,660,2,avenue Jean Jaures,,,Plein jour,En agglomération,Hors intersection,Normale,Autre collision,,,,,,,,,,,1,2,1,1.0,6
201200009195,0012-04-29 16:00:00,12,4,29,16,0,660,212,,,,Plein jour,Hors agglomération,Hors intersection,Normale,Deux véhicules - frontale,,,,,,,,,,,1,1,1,1.0,1
201200009196,0012-07-02 11:00:00,12,7,2,11,0,660,17,,42.8,3.03694,Plein jour,En agglomération,Giratoire,Normale,Deux véhicules - frontale,,,,,,,,,,,1,2,6,1.0,1
201200009197,0012-07-13 11:45:00,12,7,13,11,45,660,180,36 rue de la R?publique,42.77498,2.99319,Plein jour,En agglomération,Hors intersection,Normale,Autre collision,,,,,,,,,,,1,2,1,1.0,6
201200009198,0012-11-21 15:00:00,12,11,21,15,0,660,17,QUAI DU GRAU ST ANGE,42.80429,3.03135,Plein jour,En agglomération,Hors intersection,Normale,Autre collision,,,,,,,,,,,1,2,1,1.0,6
201200009199,0012-01-13 16:15:00,12,1,13,16,15,660,101,RUE Pau Casals,42.61741,2.77012,Plein jour,En agglomération,Hors intersection,Temps éblouissant,Autre collision,,,,,,,,,,,1,2,1,7.0,6
201200009200,0012-04-12 06:45:00,12,4,12,6,45,660,226,,,,Nuit sans éclairage public,Hors agglomération,Hors intersection,Normale,Deux véhicules - frontale,,,,,,,,,,,3,1,1,1.0,1
201200009201,0012-04-13 18:00:00,12,4,13,18,0,660,210,,,,Plein jour,Hors agglomération,Intersection en T,Normale,Deux véhicules - côté,,,,,,,,,,,1,1,3,1.0,3
201200009202,0012-10-23 08:30:00,12,10,23,8,30,660,210,,,,Crépuscule ou aube,Hors agglomération,Intersection en T,Normale,Deux véhicules - côté,,,,,,,,,,,2,1,3,1.0,3
201200009203,0012-11-28 12:30:00,12,11,28,12,30,660,33,,,,Plein jour,Hors agglomération,Hors intersection,Vent fort / tempête,Deux véhicules - frontale,,,,,,,,,,,1,1,1,6.0,1
201200009204,0012-12-16 16:00:00,12,12,16,16,0,660,210,,,,Plein jour,Hors agglomération,Hors intersection,Temps éblouissant,Sans collision,,,,,,,,,,,1,1,1,7.0,7
201200009205,0012-03-18 16:30:00,12,3,18,16,30,660,160,,,,Plein jour,Hors agglomération,Hors intersection,Normale,Sans collision,,,,,,,,,,,1,1,1,1.0,7
201200009206,0012-04-21 17:00:00,12,4,21,17,0,660,49,avenue d'Espagne,,,Plein jour,En agglomération,Hors intersection,Normale,Autre collision,,,,,,,,,,,1,2,1,1.0,6
201200009207,0012-01-17 19:15:00,12,1,17,19,15,660,168,,,,Nuit sans éclairage public,Hors agglomération,Hors intersection,Normale,Deux véhicules - frontale,,,,,,,,,,,3,1,1,1.0,1
201200009208,0012-02-19 19:15:00,12,2,19,19,15,660,168,,,,Nuit sans éclairage public,Hors agglomération,Hors intersection,Normale,Trois véhicules et plus - collisions multiples,,,,,,,,,,,3,1,1,1.0,5
201200009209,0012-03-31 13:15:00,12,3,31,13,15,660,8,,,,Plein jour,Hors agglomération,Hors intersection,Normale,Sans collision,,,,,,,,,,,1,1,1,1.0,7