accident_id,datetime,annee,mois,jour,heure,minute,departement,commune_insee,adresse,latitude,longitude,luminosite,agglomeration,intersection,meteo,collision,nb_vehicules,nb_usagers,nb_indemnes,nb_tues,nb_blesses_hosp,nb_blesses_legers,age_cond_1,age_cond_2,veh_type_cond_1,veh_type_cond_2,lum_code,agg_code,int_code,atm_code,col_code
201200009210,0012-05-01 12:45:00,12,5,1,12,45,660,8,,,,Plein jour,Hors agglomération,Hors intersection,Normale,Trois véhicules et plus - collisions multiples,,,,,,,,,,,1,1,1,1.0,5
201200009211,0012-05-21 05:00:00,12,5,21,5,0,660,8,,,,Nuit sans éclairage public,Hors agglomération,Hors intersection,Normale,Deux véhicules - frontale,,,,,,,,,,,3,1,1,1.0,1
201200009212,0012-06-30 05:45:00,12,6,30,5,45,660,8,,,,Crépuscule ou aube,Hors agglomération,Hors intersection,Normale,Deux véhicules - frontale,,,,,,,,,,,2,1,1,1.0,1
201200009213,0012-07-05 14:45:00,12,7,5,14,45,660,8,,,,Plein jour,Hors agglomération,Hors intersection,Normale,Deux véhicules - frontale,,,,,,,,,,,1,1,1,1.0,1
201200009214,0012-08-04 01:45:00,12,8,4,1,45,660,8,Route de Collioure,,,Nuit avec éclairage allumé,En agglomération,Hors intersection,Normale,Autre collision,,,,,,,,,,,5,2,1,1.0,6
201200009215,0012-09-25 11:45:00,12,9,25,11,45,660,8,Route de Collioure,,,Plein jour,En agglomération,Hors intersection,Temps éblouissant,Deux véhicules - côté,,,,,,,,,,,1,2,1,7.0,3
201200009216,0012-01-14 09:45:00,12,1,14,9,45,660,175,,42.54324,2.92668,Plein jour,Hors agglomération,Hors intersection,Normale,Deux véhicules - frontale,,,,,,,,,,,1,1,1,1.0,1
201200009217,0012-02-19 23:45:00,12,2,19,23,45,660,115,,,,Nuit sans éclairage public,Hors agglomération,Autre intersection,Normale,Autre collision,,,,,,,,,,,3,1,9,1.0,6
201200009218,0012-09-22 06:45:00,12,9,22,6,45,660,115,,,,Crépuscule ou aube,Hors agglomération,Hors intersection,Pluie légère,Deux véhicules - frontale,,,,,,,,,,,2,1,1,2.0,1
201200009219,0012-10-21 10:00:00,12,10,21,10,0,660,106,,,,Plein jour,Hors agglomération,Hors intersection,Pluie légère,Deux véhicules - frontale,,,,,,,,,,,1,1,1,2.0,1
201200009220,0012-04-17 18:45:00,12,4,17,18,45,660,53,RD 914,,,Plein jour,En agglomération,Hors intersection,Normale,Sans collision,,,,,,,,,,,1,2,1,1.0,7
201200009221,0012-01-06 07:15:00,12,1,6,7,15,660,125,,,,Nuit sans éclairage public,Hors agglomération,Hors intersection,Vent fort / tempête,Autre collision,,,,,,,,,,,3,1,1,6.0,6
201200009222,0012-02-22 14:45:00,12,2,22,14,45,660,149,,,,Plein jour,Hors agglomération,Hors intersection,Normale,Trois véhicules et plus - en chaîne,,,,,,,,,,,1,1,1,1.0,4
201200009223,0012-03-09 21:00:00,12,3,9,21,0,660,149,,42.62072,2.43384,Nuit avec éclairage allumé,En agglomération,Hors intersection,Normale,Deux véhicules - côté,,,,,,,,,,,5,2,1,1.0,3
201200009224,0012-04-19 11:30:00,12,4,19,11,30,660,149,Av du general de gaulle,42.61832,2.42923,Plein jour,En agglomération,Hors intersection,Normale,Deux véhicules - côté,,,,,,,,,,,1,2,1,1.0,3
201200009225,0012-06-04 15:30:00,12,6,4,15,30,660,209,,,,Crépuscule ou aube,Hors agglomération,Hors intersection,Normale,Autre collision,,,,,,,,,,,2,1,1,1.0,6
201200009226,0012-06-07 18:00:00,12,6,7,18,0,660,119,,,,Plein jour,Hors agglomération,Hors intersection,Normale,Autre collision,,,,,,,,,,,1,1,1,1.0,6
201200009227,0012-08-12 10:15:00,12,8,12,10,15,660,149,Rue Pau Casals,42.61419,2.41871,Plein jour,En agglomération,Hors intersection,Normale,Autre collision,,,,,,,,,,,1,2,1,1.0,6
201200009228,0012-08-17 14:45:00,12,8,17,14,45,660,36,,,,Plein jour,Hors agglomération,Hors intersection,Normale,Deux véhicules - côté,,,,,,,,,,,1,1,1,1.0,3
201200009229,0012-10-04 19:30:00,12,10,4,19,30,660,193,,,,Crépuscule ou aube,Hors agglomération,Hors intersection,Normale,Deux véhicules - frontale,,,,,,,,,,,2,1,1,1.0,1
201200009230,0012-01-30 11:45:00,12,1,30,11,45,660,167,,,,Plein jour,Hors agglomération,Hors intersection,Normale,Deux véhicules - côté,,,,,,,,,,,1,1,1,1.0,3
201200009231,0012-05-12 11:00:00,12,5,12,11,0,660,146,,,,Plein jour,Hors agglomération,Intersection en T,Normale,Deux véhicules - côté,,,,,,,,,,,1,1,3,1.0,3
201200009232,0012-06-12 17:30:00,12,6,12,17,30,660,20,,,,Plein jour,Hors agglomération,Hors intersection,Normale,Sans collision,,,,,,,,,,,1,1,1,1.0,7
201200009233,0012-06-28 09:45:00,12,6,28,9,45,660,192,,,,Plein jour,Hors agglomération,Hors intersection,Normale,Deux véhicules - côté,,,,,,,,,,,1,1,1,1.0,3
201200009234,0012-11-20 15:00:00,12,11,20,15,0,660,165,,,,Plein jour,Hors agglomération,Hors intersection,Normale,Deux véhicules - côté,,,,,,,,,,,1,1,1,1.0,3
201200009235,0012-12-29 21:15:00,12,12,29,21,15,660,88,,,,Nuit sans éclairage public,Hors agglomération,Hors intersection,Normale,Trois véhicules et plus - collisions multiples,,,,,,,,,,,3,1,1,1.0,5
201200009236,0012-01-28 13:15:00,12,1,28,13,15,201,104,,41.9095,8.86087,Plein jour,Hors agglomération,Hors intersection,Pluie légère,Trois véhicules et plus - collisions multiples,,,,,,,,,,,1,1,1,2.0,5
201200009237,0012-08-02 19:15:00,12,8,2,19,15,201,32,,,,Plein jour,Hors agglomération,Autre intersection,Normale,Deux véhicules - frontale,,,,,,,,,,,1,1,9,1.0,1
201200009238,0012-09-08 19:45:00,12,9,8,19,45,201,130,349 av jeanne bozzi,,,Plein jour,En agglomération,Hors intersection,Normale,Deux véhicules - frontale,,,,,,,,,,,1,2,1,1.0,1
201200009239,0012-01-19 05:15:00,12,1,19,5,15,201,40,,,,Nuit sans éclairage public,Hors agglomération,Hors intersection,Normale,Autre collision,,,,,,,,,,,3,1,1,1.0,6
201200009240,0012-06-06 09:00:00,12,6,6,9,0,201,271,rn194 zi baleone,,,Plein jour,En agglomération,Hors intersection,Normale,Deux véhicules - côté,,,,,,,,,,,1,2,1,1.0,3
201200009241,0012-07-11 18:00:00,12,7,11,18,0,201,271,RN 193 rue Paul Ricard,,,Plein jour,En agglomération,Hors intersection,Normale,Deux véhicules - côté,,,,,,,,,,,1,2,1,1.0,3
201200009242,0012-08-22 23:45:00,12,8,22,23,45,201,103,,,,Nuit sans éclairage public,Hors agglomération,Hors intersection,Normale,Deux véhicules - frontale,,,,,,,,,,,3,1,1,1.0,1
201200009243,0012-09-04 13:45:00,12,9,4,13,45,201,40,,,,Plein jour,Hors agglomération,Hors intersection,Pluie légère,Deux véhicules - frontale,,,,,,,,,,,1,1,1,2.0,1
201200009244,0012-09-18 19:30:00,12,9,18,19,30,201,6,,,,Nuit sans éclairage public,Hors agglomération,Hors intersection,Normale,Deux véhicules - côté,,,,,,,,,,,3,1,1,1.0,3
201200009245,0012-09-28 15:30:00,12,9,28,15,30,201,271,RN 194 - PK 4+125,41.9436,8.75747,Plein jour,En agglomération,Autre intersection,Normale,Deux véhicules - arrière,,,,,,,,,,,1,2,9,1.0,2
201200009246,0012-09-30 17:00:00,12,9,30,17,0,201,330,,42.0652,8.97561,Plein jour,Hors agglomération,Hors intersection,Normale,Deux véhicules - côté,,,,,,,,,,,1,1,1,1.0,3
201200009247,0012-11-23 09:45:00,12,11,23,9,45,201,40,,,,Plein jour,Hors agglomération,Hors intersection,Temps couvert,Deux véhicules - frontale,,,,,,,,,,,1,1,1,8.0,1
201200009248,0012-11-26 08:30:00,12,11,26,8,30,201,271,,,,Plein jour,Hors agglomération,Hors intersection,Temps éblouissant,Deux véhicules - frontale,,,,,,,,,,,1,1,1,7.0,1
201200009249,0012-12-05 07:45:00,12,12,5,7,45,201,271,,,,Plein jour,Hors agglomération,Hors intersection,Pluie légère,Deux véhicules - côté,,,,,,,,,,,1,1,1,2.0,3
201200009250,0012-12-20 21:15:00,12,12,20,21,15,201,271,,41.9713,8.81909,Nuit sans éclairage public,Hors agglomération,Hors intersection,Pluie forte,Deux véhicules - côté,,,,,,,,,,,3,1,1,3.0,3
201200009251,0012-03-17 13:45:00,12,3,17,13,45,201,247,Lieu-dit Arutoli,,,Plein jour,En agglomération,Hors intersection,Normale,Deux véhicules - frontale,,,,,,,,,,,1,2,1,1.0,1
201200009252,0012-04-20 13:00:00,12,4,20,13,0,201,247,RN 198,41.60979,9.27843,Plein jour,En agglomération,Giratoire,Normale,Autre collision,,,,,,,,,,,1,2,6,1.0,6
201200009253,0012-05-12 05:30:00,12,5,12,5,30,201,247,rocade  - rn 198,,,Nuit sans éclairage public,En agglomération,Hors intersection,Normale,Autre collision,,,,,,,,,,,3,2,1,1.0,6
201200009254,0012-05-12 19:30:00,12,5,12,19,30,201,247,,41.6374,9.257,Plein jour,Hors agglomération,Hors intersection,Normale,Autre collision,,,,,,,,,,,1,1,1,1.0,6
201200009255,0012-06-11 18:30:00,12,6,11,18,30,201,247,RN198 - ROUTE DE BASTIA,41.6058,9.27704,Plein jour,En agglomération,Hors intersection,Normale,Deux véhicules - côté,,,,,,,,,,,1,2,1,1.0,3
201200009256,0012-06-22 12:00:00,12,6,22,12,0,201,247,RUE PIETRI,,,Plein jour,En agglomération,Hors intersection,Normale,Deux véhicules - côté,,,,,,,,,,,1,2,1,1.0,3
201200009257,0012-06-27 14:45:00,12,6,27,14,45,201,247,,,,Plein jour,Hors agglomération,Hors intersection,Normale,Autre collision,,,,,,,,,,,1,1,1,1.0,6
201200009258,0012-07-23 23:30:00,12,7,23,23,30,201,247,,,,Nuit avec éclairage allumé,En agglomération,Hors intersection,Normale,Deux véhicules - frontale,,,,,,,,,,,5,2,1,1.0,1
201200009259,0012-07-24 02:30:00,12,7,24,2,30,201,247,ROUTE DE PICOVAGGIA,,,Nuit sans éclairage public,En agglomération,Hors intersection,Normale,Sans collision,,,,,,,,,,,3,2,1,1.0,7
201200009260,0012-08-13 21:15:00,12,8,13,21,15,201,247,"RN 198, avenue de Bastia",,,Nuit avec éclairage allumé,En agglomération,Hors intersection,Normale,Deux véhicules - côté,,,,,,,,,,,5,2,1,1.0,3
201200009261,0012-09-02 19:45:00,12,9,2,19,45,201,247,,41.623,9.28624,Nuit sans éclairage public,Hors agglomération,Hors intersection,Pluie légère,Deux véhicules - frontale,,,,,,,,,,,3,1,1,2.0,1
201200009262,0012-11-23 14:45:00,12,11,23,14,45,201,114,,,,Plein jour,Hors agglomération,Hors intersection,Normale,Deux véhicules - côté,,,,,,,,,,,1,1,1,1.0,3
201200009263,0012-07-15 03:45:00,12,7,15,3,45,201,272,PIANO,41.61959,8.96436,Nuit avec éclairage allumé,En agglomération,Hors intersection,Normale,Autre collision,,,,,,,,,,,5,2,1,1.0,6
201200009264,0012-08-11 04:30:00,12,8,11,4,30,201,272,,,,Nuit sans éclairage public,Hors agglomération,Hors intersection,Normale,Sans collision,,,,,,,,,,,3,1,1,1.0,7
201200009265,0012-08-30 07:15:00,12,8,30,7,15,201,272,,,,Plein jour,Hors agglomération,Hors intersection,Normale,Deux véhicules - frontale,,,,,,,,,,,1,1,1,1.0,1
201200009266,0012-08-13 17:15:00,12,8,13,17,15,201,249,,41.6615,8.91739,Plein jour,Hors agglomération,Hors intersection,Normale,Deux véhicules - frontale,,,,,,,,,,,1,1,1,1.0,1
201200009267,0012-08-20 20:30:00,12,8,20,20,30,201,189,,41.6941,8.9108,Crépuscule ou aube,Hors agglomération,Hors intersection,Normale,Sans collision,,,,,,,,,,,2,1,1,1.0,7
201200009268,0012-09-07 19:45:00,12,9,7,19,45,201,189,,41.69749,8.86475,Crépuscule ou aube,Hors agglomération,Hors intersection,Normale,Deux véhicules - côté,,,,,,,,,,,2,1,1,1.0,3
201200009269,0012-11-23 09:30:00,12,11,23,9,30,201,249,,41.7111,8.91521,Plein jour,Hors agglomération,Hors intersection,Normale,Autre collision,,,,,,,,,,,1,1,1,1.0,6
201200009270,0012-01-16 14:00:00,12,1,16,14,0,202,148,ROUTE DE L AEROPORT,,,Plein jour,En agglomération,Hors intersection,Normale,Trois véhicules et plus - collisions multiples,,,,,,,,,,,1,2,1,1.0,5
201200009271,0012-01-14 23:30:00,12,1,14,23,30,202,42,,,,Nuit avec éclairage allumé,Hors agglomération,Hors intersection,Normale,Deux véhicules - arrière,,,,,,,,,,,5,1,1,1.0,2
201200009272,0012-01-19 08:45:00,12,1,19,8,45,202,148,CASAMOZZA,,,Plein jour,En agglomération,Intersection en T,Normale,Deux véhicules - frontale,,,,,,,,,,,1,2,3,1.0,1
201200009273,0012-02-17 11:15:00,12,2,17,11,15,202,42,,,,Plein jour,Hors agglomération,Hors intersection,Normale,Deux véhicules - côté,,,,,,,,,,,1,1,1,1.0,3
201200009274,0012-03-02 11:30:00,12,3,2,11,30,202,42,,,,Plein jour,Hors agglomération,Hors intersection,Normale,Trois véhicules et plus - collisions multiples,,,,,,,,,,,1,1,1,1.0,5
201200009275,0012-04-01 03:45:00,12,4,1,3,45,202,42,RN 193 SUD-NORD,,,Nuit avec éclairage allumé,En agglomération,Hors intersection,Normale,Deux véhicules - frontale,,,,,,,,,,,5,2,1,1.0,1
201200009276,0012-04-28 19:00:00,12,4,28,19,0,202,148,,,,Plein jour,En agglomération,Intersection en X,Normale,Deux véhicules - côté,,,,,,,,,,,1,2,2,1.0,3
201200009277,0012-06-06 10:15:00,12,6,6,10,15,202,55,,,,Plein jour,Hors agglomération,Hors intersection,Normale,Deux véhicules - frontale,,,,,,,,,,,1,1,1,1.0,1
201200009278,0012-06-06 08:00:00,12,6,6,8,0,202,42,RN193 Lieu dit PATERNO,,,Plein jour,En agglomération,Hors intersection,Normale,Deux véhicules - frontale,,,,,,,,,,,1,2,1,1.0,1
201200009279,0012-06-16 10:15:00,12,6,16,10,15,202,42,,,,Plein jour,Hors agglomération,Hors intersection,Normale,Deux véhicules - côté,,,,,,,,,,,1,1,1,1.0,3
201200009280,0012-07-19 20:30:00,12,7,19,20,30,202,148,CRUCETTA,,,Crépuscule ou aube,En agglomération,Hors intersection,Normale,Autre collision,,,,,,,,,,,2,2,1,1.0,6
201200009281,0012-07-31 01:45:00,12,7,31,1,45,202,42,,,,Nuit avec éclairage allumé,Hors agglomération,Hors intersection,Normale,Deux véhicules - arrière,,,,,,,,,,,5,1,1,1.0,2
201200009282,0012-10-20 14:30:00,12,10,20,14,30,202,148,,,,Plein jour,Hors agglomération,Hors intersection,Normale,Deux véhicules - frontale,,,,,,,,,,,1,1,1,1.0,1
201200009283,0012-10-20 16:00:00,12,10,20,16,0,202,42,,,,Plein jour,En agglomération,Hors intersection,Normale,Deux véhicules - côté,,,,,,,,,,,1,2,1,1.0,3
201200009284,0012-11-19 11:45:00,12,11,19,11,45,202,55,,,,Plein jour,Hors agglomération,Hors intersection,Pluie légère,Deux véhicules - côté,,,,,,,,,,,1,1,1,2.0,3
201200009285,0012-12-11 07:15:00,12,12,11,7,15,202,42,,,,Crépuscule ou aube,Hors agglomération,Hors intersection,Normale,Deux véhicules - arrière,,,,,,,,,,,2,1,1,1.0,2
201200009286,0012-12-11 17:45:00,12,12,11,17,45,202,148,,,,Nuit sans éclairage public,Hors agglomération,Hors intersection,Normale,Deux véhicules - côté,,,,,,,,,,,3,1,1,1.0,3
201200009287,0012-12-14 01:15:00,12,12,14,1,15,202,148,,,,Nuit sans éclairage public,Hors agglomération,Hors intersection,Normale,Deux véhicules - frontale,,,,,,,,,,,3,1,1,1.0,1
201200009288,0012-12-23 07:30:00,12,12,23,7,30,202,355,,,,Plein jour,Hors agglomération,Hors intersection,Normale,Deux véhicules - côté,,,,,,,,,,,1,1,1,1.0,3
201200009289,0012-12-30 14:00:00,12,12,30,14,0,202,350,,,,Plein jour,Hors agglomération,Hors intersection,Normale,Deux véhicules - frontale,,,,,,,,,,,1,1,1,1.0,1
201200009290,0012-01-07 06:00:00,12,1,7,6,0,202,281,,,,Nuit sans éclairage public,Hors agglomération,Hors intersection,Normale,Deux véhicules - frontale,,,,,,,,,,,3,1,1,1.0,1
201200009291,0012-04-03 10:30:00,12,4,3,10,30,202,305,Route du Cap,,,Plein jour,En agglomération,Hors intersection,Pluie légère,Autre collision,,,,,,,,,,,1,2,1,2.0,6
201200009292,0012-06-09 23:30:00,12,6,9,23,30,202,305,SAN MARTINO DI LOTA,42.723,9.456,Nuit avec éclairage allumé,En agglomération,Hors intersection,Normale,Deux véhicules - frontale,,,,,,,,,,,5,2,1,1.0,1
201200009293,0012-06-28 07:30:00,12,6,28,7,30,202,43,,42.8,9.491,Plein jour,Hors agglomération,Hors intersection,Normale,Deux véhicules - côté,,,,,,,,,,,1,1,1,1.0,3
201200009294,0012-08-06 13:45:00,12,8,6,13,45,202,43,A CAMPINCA,42.777,9.474,Plein jour,En agglomération,Hors intersection,Normale,Trois véhicules et plus - collisions multiples,,,,,,,,,,,1,2,1,1.0,5
201200009295,0012-09-18 13:00:00,12,9,18,13,0,202,305,RD80 - pietranera,,,Plein jour,En agglomération,Hors intersection,Normale,Deux véhicules - arrière,,,,,,,,,,,1,2,1,1.0,2
201200009296,0012-09-20 15:00:00,12,9,20,15,0,202,46,porticciolo D80,42.875,9.478,Plein jour,En agglomération,Hors intersection,Normale,Deux véhicules - côté,,,,,,,,,,,1,2,1,1.0,3
201200009297,0012-01-02 14:00:00,12,1,2,14,0,202,185,Route Principale,,,Plein jour,En agglomération,Hors intersection,Normale,Deux véhicules - frontale,,,,,,,,,,,1,2,1,1.0,1
201200009298,0012-02-16 09:45:00,12,2,16,9,45,202,29,,,,Plein jour,Hors agglomération,Hors intersection,Normale,Deux véhicules - frontale,,,,,,,,,,,1,1,1,1.0,1
201200009299,0012-07-25 17:30:00,12,7,25,17,30,202,298,CD81 FRONT DE MER,,,Plein jour,En agglomération,Hors intersection,Normale,Deux véhicules - arrière,,,,,,,,,,,1,2,1,1.0,2
201200009300,0012-08-19 08:30:00,12,8,19,8,30,202,205,,42.696,9.375,Plein jour,Hors agglomération,Hors intersection,Normale,Deux véhicules - frontale,,,,,,,,,,,1,1,1,1.0,1
201200009301,0012-01-30 12:15:00,12,1,30,12,15,202,150,,,,Plein jour,Hors agglomération,Hors intersection,Normale,Deux véhicules - frontale,,,,,,,,,,,1,1,1,1.0,1
201200009302,0012-05-13 12:45:00,12,5,13,12,45,202,50,la croie,,,Plein jour,En agglomération,Hors intersection,Normale,Deux véhicules - frontale,,,,,,,,,,,1,2,1,1.0,1
201200009303,0012-06-09 22:45:00,12,6,9,22,45,202,150,,,,Nuit sans éclairage public,Hors agglomération,Hors intersection,Normale,Deux véhicules - frontale,,,,,,,,,,,3,1,1,1.0,1
201200009304,0012-06-26 02:00:00,12,6,26,2,0,202,50,,42.544,8.791,Nuit sans éclairage public,Hors agglomération,Hors intersection,Normale,Deux véhicules - frontale,,,,,,,,,,,3,1,1,1.0,1
201200009305,0012-07-15 05:15:00,12,7,15,5,15,202,50,,42.555,8.779,Crépuscule ou aube,Hors agglomération,Hors intersection,Normale,Sans collision,,,,,,,,,,,2,1,1,1.0,7
201200009306,0012-08-01 16:00:00,12,8,1,16,0,202,50,Avenue Christophe COLOMB,42.56,8.761,Plein jour,En agglomération,Hors intersection,Normale,Trois véhicules et plus - collisions multiples,,,,,,,,,,,1,2,1,1.0,5
201200009307,0012-09-02 07:45:00,12,9,2,7,45,202,150,,42.567,8.806,Crépuscule ou aube,Hors agglomération,Hors intersection,Normale,Autre collision,,,,,,,,,,,2,1,1,1.0,6
201200009308,0012-12-20 14:45:00,12,12,20,14,45,202,150,,42.57,8.82,Plein jour,Hors agglomération,Hors intersection,Normale,Deux véhicules - côté,,,,,,,,,,,1,1,1,1.0,3
201200009309,0012-01-04 14:00:00,12,1,4,14,0,202,199,,,,Plein jour,Hors agglomération,Hors intersection,Normale,Autre collision,,,,,,,,,,,1,1,1,1.0,6
201200009310,0012-05-11 17:15:00,12,5,11,17,15,202,352,,,,Plein jour,Hors agglomération,Hors intersection,Normale,Sans collision,,,,,,,,,,,1,1,1,1.0,7
201200009311,0012-06-17 17:30:00,12,6,17,17,30,202,93,,,,Plein jour,Hors agglomération,Hors intersection,Normale,Deux véhicules - côté,,,,,,,,,,,1,1,1,1.0,3
201200009312,0012-07-25 16:15:00,12,7,25,16,15,202,199,,42.657,9.04,Plein jour,Hors agglomération,Hors intersection,Normale,Deux véhicules - frontale,,,,,,,,,,,1,1,1,1.0,1
201200009313,0012-08-26 07:00:00,12,8,26,7,0,202,180,,42.633,9.097,Crépuscule ou aube,Hors agglomération,Hors intersection,Normale,Deux véhicules - frontale,,,,,,,,,,,2,1,1,1.0,1
201200009314,0012-01-20 10:00:00,12,1,20,10,0,202,96,,,,Plein jour,Hors agglomération,Hors intersection,Normale,Autre collision,,,,,,,,,,,1,1,1,1.0,6
201200009315,0012-03-23 19:30:00,12,3,23,19,30,202,12,,,,Nuit sans éclairage public,Hors agglomération,Hors intersection,Pluie légère,Autre collision,,,,,,,,,,,3,1,1,2.0,6
201200009316,0012-05-21 17:45:00,12,5,21,17,45,202,238,,,,Plein jour,Hors agglomération,Hors intersection,Normale,Deux véhicules - frontale,,,,,,,,,,,1,1,1,1.0,1
201200009317,0012-06-05 08:45:00,12,6,5,8,45,202,354,,,,Plein jour,Hors agglomération,Hors intersection,Temps éblouissant,Deux véhicules - arrière,,,,,,,,,,,1,1,1,7.0,2
201200009318,0012-06-29 07:45:00,12,6,29,7,45,202,96,,,,Plein jour,Hors agglomération,Hors intersection,Normale,Deux véhicules - côté,,,,,,,,,,,1,1,1,1.0,3
201200009319,0012-07-15 19:45:00,12,7,15,19,45,202,96,,,,Plein jour,Hors agglomération,Hors intersection,Temps éblouissant,Deux véhicules - arrière,,,,,,,,,,,1,1,1,7.0,2
201200009320,0012-09-23 16:30:00,12,9,23,16,30,202,354,,42.133,9.139,Plein jour,Hors agglomération,Hors intersection,Normale,Deux véhicules - côté,,,,,,,,,,,1,1,1,1.0,3
201200009321,0012-12-08 11:30:00,12,12,8,11,30,202,96,,42.319,9.157,Plein jour,Hors agglomération,Hors intersection,Normale,Deux véhicules - frontale,,,,,,,,,,,1,1,1,1.0,1
201200009322,0012-03-17 13:30:00,12,3,17,13,30,202,47,"route du Couvent, RD 84",,,Plein jour,En agglomération,Hors intersection,Normale,Deux véhicules - côté,,,,,,,,,,,1,2,1,1.0,3
201200009323,0012-10-17 18:15:00,12,10,17,18,15,202,7,,,,Crépuscule ou aube,Hors agglomération,Hors intersection,Normale,Autre collision,,,,,,,,,,,2,1,1,1.0,6
201200009324,0012-11-08 21:30:00,12,11,8,21,30,202,47,,,,Nuit sans éclairage public,Hors agglomération,Hors intersection,Normale,Sans collision,,,,,,,,,,,3,1,1,1.0,7
201200009325,0012-12-01 22:45:00,12,12,1,22,45,202,7,,42.331,8.999,Nuit sans éclairage public,Hors agglomération,Hors intersection,Normale,Sans collision,,,,,,,,,,,3,1,1,1.0,7
201200009326,0012-03-09 02:45:00,12,3,9,2,45,202,193,,,,Nuit sans éclairage public,Hors agglomération,Hors intersection,Normale,Autre collision,,,,,,,,,,,3,1,1,1.0,6
201200009327,0012-03-11 13:30:00,12,3,11,13,30,202,193,,,,Plein jour,Hors agglomération,Hors intersection,Normale,Deux véhicules - côté,,,,,,,,,,,1,1,1,1.0,3
201200009328,0012-03-31 19:45:00,12,3,31,19,45,202,332,,,,Crépuscule ou aube,Hors agglomération,Hors intersection,Normale,Autre collision,,,,,,,,,,,2,1,1,1.0,6
201200009329,0012-04-26 15:45:00,12,4,26,15,45,202,332,,,,Plein jour,Hors agglomération,Hors intersection,Normale,Deux véhicules - frontale,,,,,,,,,,,1,1,1,1.0,1
201200009330,0012-05-27 11:00:00,12,5,27,11,0,202,169,,,,Plein jour,Hors agglomération,Hors intersection,Normale,Sans collision,,,,,,,,,,,1,1,1,1.0,7
201200009331,0012-06-02 06:00:00,12,6,2,6,0,202,169,,42.483,9.198,Crépuscule ou aube,Hors agglomération,Hors intersection,Normale,Autre collision,,,,,,,,,,,2,1,1,1.0,6
201200009332,0012-06-07 16:30:00,12,6,7,16,30,202,332,,42.639,9.111,Plein jour,Hors agglomération,Hors intersection,Normale,Deux véhicules - frontale,,,,,,,,,,,1,1,1,1.0,1
201200009333,0012-07-30 23:15:00,12,7,30,23,15,202,193,,,,Nuit sans éclairage public,Hors agglomération,Hors intersection,Normale,Sans collision,,,,,,,,,,,3,1,1,1.0,7
201200009334,0012-09-02 15:30:00,12,9,2,15,30,202,59,,,,Plein jour,Hors agglomération,Hors intersection,Pluie légère,Deux véhicules - frontale,,,,,,,,,,,1,1,1,2.0,1
201200009335,0012-03-26 09:30:00,12,3,26,9,30,202,123,avenue du 9 septembre,,,Plein jour,En agglomération,Hors intersection,Normale,Autre collision,,,,,,,,,,,1,2,1,1.0,6
201200009336,0012-06-02 07:00:00,12,6,2,7,0,202,123,,42.028,9.413,Plein jour,Hors agglomération,Hors intersection,Normale,Deux véhicules - frontale,,,,,,,,,,,1,1,1,1.0,1
201200009337,0012-06-20 12:00:00,12,6,20,12,0,202,283,,41.87,9.398,Plein jour,Hors agglomération,Hors intersection,Normale,Deux véhicules - côté,,,,,,,,,,,1,1,1,1.0,3
201200009338,0012-06-29 06:30:00,12,6,29,6,30,202,342,,,,Plein jour,Hors agglomération,Hors intersection,Normale,Deux véhicules - côté,,,,,,,,,,,1,1,1,1.0,3
201200009339,0012-07-15 22:00:00,12,7,15,22,0,202,283,,41.873,9.399,Nuit sans éclairage public,Hors agglomération,Hors intersection,Normale,Sans collision,,,,,,,,,,,3,1,1,1.0,7
201200009340,0012-07-30 23:30:00,12,7,30,23,30,202,283,,41.89899,9.385,Nuit sans éclairage public,Hors agglomération,Hors intersection,Normale,Autre collision,,,,,,,,,,,3,1,1,1.0,6
201200009341,0012-08-04 12:45:00,12,8,4,12,45,202,251,,42.005,9.404,Plein jour,Hors agglomération,Hors intersection,Normale,Deux véhicules - côté,,,,,,,,,,,1,1,1,1.0,3
201200009342,0012-08-11 20:15:00,12,8,11,20,15,202,123,route nationale 198,,,Crépuscule ou aube,En agglomération,Hors intersection,Normale,Deux véhicules - côté,,,,,,,,,,,2,2,1,1.0,3
201200009343,0012-08-28 05:45:00,12,8,28,5,45,202,123,,42.01,9.425,Nuit sans éclairage public,Hors agglomération,Hors intersection,Normale,Autre collision,,,,,,,,,,,3,1,1,1.0,6
201200009344,0012-08-31 18:00:00,12,8,31,18,0,202,123,ROUTE DES PLATANES,42.06,9.38,Plein jour,En agglomération,Hors intersection,Normale,Deux véhicules - frontale,,,,,,,,,,,1,2,1,1.0,1
201200009345,0012-11-01 06:30:00,12,11,1,6,30,202,283,,41.867,9.395,Crépuscule ou aube,Hors agglomération,Hors intersection,Normale,Autre collision,,,,,,,,,,,2,1,1,1.0,6
201200009346,0012-07-20 19:30:00,12,7,20,19,30,202,143,Stolfacie  -  Bravone,,,Plein jour,En agglomération,Hors intersection,Normale,Deux véhicules - frontale,,,,,,,,,,,1,2,1,1.0,1