accident_id,datetime,annee,mois,jour,heure,minute,departement,commune_insee,adresse,latitude,longitude,luminosite,agglomeration,intersection,meteo,collision,nb_vehicules,nb_usagers,nb_indemnes,nb_tues,nb_blesses_hosp,nb_blesses_legers,age_cond_1,age_cond_2,veh_type_cond_1,veh_type_cond_2,lum_code,agg_code,int_code,atm_code,col_code
201200009347,0012-08-16 15:00:00,12,8,16,15,0,202,9,,,,Plein jour,Hors agglomération,Hors intersection,Normale,Deux véhicules - côté,,,,,,,,,,,1,1,1,1.0,3
201200009348,0012-09-29 01:15:00,12,9,29,1,15,202,9,,,,Nuit sans éclairage public,Hors agglomération,Hors intersection,Normale,Deux véhicules - frontale,,,,,,,,,,,3,1,1,1.0,1
201200009349,0012-11-10 17:30:00,12,11,10,17,30,202,9,,,,Nuit avec éclairage allumé,Hors agglomération,Hors intersection,Pluie légère,Deux véhicules - frontale,,,,,,,,,,,5,1,1,2.0,1
201200009350,0012-12-06 22:00:00,12,12,6,22,0,202,9,,,,Nuit sans éclairage public,Hors agglomération,Hors intersection,Normale,Sans collision,,,,,,,,,,,3,1,1,1.0,7
201200009351,0012-03-22 08:45:00,12,3,22,8,45,202,87,,,,Plein jour,Hors agglomération,Hors intersection,Normale,Autre collision,,,,,,,,,,,1,1,1,1.0,6
201200009352,0012-08-22 16:00:00,12,8,22,16,0,202,303,,,,Plein jour,Hors agglomération,Hors intersection,Normale,Autre collision,,,,,,,,,,,1,1,1,1.0,6
201200009353,0012-03-12 14:45:00,12,3,12,14,45,202,318,,,,Plein jour,Hors agglomération,Hors intersection,Normale,Deux véhicules - frontale,,,,,,,,,,,1,1,1,1.0,1
201200009354,0012-04-21 22:30:00,12,4,21,22,30,202,319,lieu dit Figaretto,,,Nuit avec éclairage allumé,En agglomération,Hors intersection,Normale,Sans collision,,,,,,,,,,,5,2,1,1.0,7
201200009355,0012-05-08 21:30:00,12,5,8,21,30,202,346,ARENA,,,Nuit avec éclairage allumé,En agglomération,Hors intersection,Normale,Trois véhicules et plus - collisions multiples,,,,,,,,,,,5,2,1,1.0,5
201200009356,0012-06-12 17:00:00,12,6,12,17,0,202,346,,,,Plein jour,En agglomération,Hors intersection,Normale,Trois véhicules et plus - en chaîne,,,,,,,,,,,1,2,1,1.0,4
201200009357,0012-07-01 11:00:00,12,7,1,11,0,202,242,,42.399,9.532,Plein jour,Hors agglomération,Autre intersection,Normale,Deux véhicules - frontale,,,,,,,,,,,1,1,9,1.0,1
201200009358,0012-07-08 18:00:00,12,7,8,18,0,202,346,Arena VESCOVATO,42.504,9.466,Plein jour,En agglomération,Autre intersection,Normale,Deux véhicules - côté,,,,,,,,,,,1,2,9,1.0,3
201200009359,0012-08-16 06:30:00,12,8,16,6,30,202,207,Route de San Pellegrino,42.449,9.514,Crépuscule ou aube,En agglomération,Hors intersection,Normale,Autre collision,,,,,,,,,,,2,2,1,1.0,6
201200009360,0012-08-18 08:45:00,12,8,18,8,45,202,207,,42.456,9.507,Plein jour,En agglomération,Hors intersection,Temps éblouissant,Sans collision,,,,,,,,,,,1,2,1,7.0,7
201200009361,0012-09-13 23:15:00,12,9,13,23,15,202,318,,42.437,9.524,Nuit avec éclairage non allumé,Hors agglomération,Hors intersection,Vent fort / tempête,Deux véhicules - côté,,,,,,,,,,,4,1,1,6.0,3
201200009362,0012-09-26 07:30:00,12,9,26,7,30,202,346,,42.502,9.469,Plein jour,Hors agglomération,Hors intersection,Normale,Deux véhicules - frontale,,,,,,,,,,,1,1,1,1.0,1
201200009363,0012-10-21 10:00:00,12,10,21,10,0,202,343,,,,Plein jour,Hors agglomération,Autre intersection,Normale,Autre collision,,,,,,,,,,,1,1,9,1.0,6
201200009364,0012-11-09 23:00:00,12,11,9,23,0,202,195,,42.456,9.36,Nuit sans éclairage public,Hors agglomération,Hors intersection,Temps couvert,Sans collision,,,,,,,,,,,3,1,1,8.0,7
201200009365,0012-11-12 18:30:00,12,11,12,18,30,202,166,,42.522,9.442,Nuit avec éclairage allumé,Hors agglomération,Hors intersection,Pluie légère,Trois véhicules et plus - collisions multiples,,,,,,,,,,,5,1,1,2.0,5
201200009366,0012-01-18 07:40:00,12,1,18,7,40,50,23,N4 159 RIA (AVENUE DU),44.89723,6.63436,Plein jour,En agglomération,Hors intersection,Normale,Autre collision,,,,,,,,,,,1,2,1,1.0,6
201200009367,0012-01-22 11:00:00,12,1,22,11,0,50,23,BARBOT (AVENUE DU GENERA,44.9023,6.63158,Plein jour,En agglomération,Hors intersection,Normale,Deux véhicules - frontale,,,,,,,,,,,1,2,1,1.0,1
201200009368,0012-02-24 16:10:00,12,2,24,16,10,50,23,MOULIN (RUE JEAN),44.89119,6.62909,Plein jour,En agglomération,Hors intersection,Normale,Trois véhicules et plus - en chaîne,,,,,,,,,,,1,2,1,1.0,4
201200009369,0012-03-03 10:11:00,12,3,3,10,11,50,23,DE GAULLE (AVENUE DU GEN,44.89564,6.63901,Plein jour,En agglomération,Hors intersection,Normale,Autre collision,,,,,,,,,,,1,2,1,1.0,6
201200009370,0012-03-18 15:00:00,12,3,18,15,0,50,23,ITALIE (ROUTE D'),44.9048,6.65573,Plein jour,Hors agglomération,Hors intersection,Pluie légère,Deux véhicules - côté,,,,,,,,,,,1,1,1,2.0,3
201200009371,0012-03-23 13:20:00,12,3,23,13,20,50,23,DAUPHINE SERRES PAIX,44.90408,6.62809,Plein jour,En agglomération,Intersection en T,Normale,Deux véhicules - arrière,,,,,,,,,,,1,2,3,1.0,2
201200009372,0012-03-23 03:00:00,12,3,23,3,0,50,23,"39, SAVOIE (AVENUE DE)",44.9113,6.62422,Nuit avec éclairage allumé,En agglomération,Hors intersection,Normale,Autre collision,,,,,,,,,,,5,2,1,1.0,6
201200009373,0012-05-24 07:35:00,12,5,24,7,35,50,23,MAISONS BLANCHES (RUE DE,44.88363,6.62704,Plein jour,En agglomération,Intersection en T,Temps éblouissant,Deux véhicules - côté,,,,,,,,,,,1,2,3,7.0,3
201200009374,0012-06-05 17:15:00,12,6,5,17,15,50,23,"3, DE GAULLE (AVENUE DU",44.89564,6.63291,Plein jour,En agglomération,Hors intersection,Normale,Autre collision,,,,,,,,,,,1,2,1,1.0,6
201200009375,0012-06-08 14:25:00,12,6,8,14,25,50,23,FINE (RUE ORONCE),44.8894,6.63355,Plein jour,En agglomération,Hors intersection,Temps couvert,Autre collision,,,,,,,,,,,1,2,1,8.0,6
201200009376,0012-06-09 02:55:00,12,6,9,2,55,50,23,"1, 4 RTM (AVENUE DU)",44.89437,6.63442,Nuit avec éclairage allumé,En agglomération,Hors intersection,Normale,Autre collision,,,,,,,,,,,5,2,1,1.0,6
201200009377,0012-06-10 17:30:00,12,6,10,17,30,50,23,FORGUES (AVENUE DU PROF.,44.90339,6.63642,Plein jour,En agglomération,Hors intersection,Pluie légère,Deux véhicules - frontale,,,,,,,,,,,1,2,1,2.0,1
201200009378,0012-06-13 06:15:00,12,6,13,6,15,50,23,ITALIE (ROUTE D'),44.90277,6.65043,Plein jour,Hors agglomération,Hors intersection,Normale,Autre collision,,,,,,,,,,,1,1,1,1.0,6
201200009379,0012-06-22 16:40:00,12,6,22,16,40,50,23,DAUPHINE (AVENUE DU),44.90354,6.62873,Plein jour,En agglomération,Hors intersection,Normale,Deux véhicules - côté,,,,,,,,,,,1,2,1,1.0,3
201200009380,0012-07-25 13:10:00,12,7,25,13,10,50,23,"12, CHAIX RUE BARTHELEMY",44.89849,6.63257,Plein jour,En agglomération,Hors intersection,Normale,Autre collision,,,,,,,,,,,1,2,1,1.0,6
201200009381,0012-07-29 19:00:00,12,7,29,19,0,50,23,SYLVESTRE (RUE JOSEPH),44.88596,6.63425,Plein jour,En agglomération,Hors intersection,Normale,Autre collision,,,,,,,,,,,1,2,1,1.0,6
201200009382,0012-08-13 22:15:00,12,8,13,22,15,50,23,PUY ST PIERRE (ROUTE DE),44.89333,6.62829,Nuit avec éclairage allumé,En agglomération,Hors intersection,Normale,Autre collision,,,,,,,,,,,5,2,1,1.0,6
201200009383,0012-08-16 12:00:00,12,8,16,12,0,50,23,PROVENCE (AVENUE DE),44.8954,6.6297,Plein jour,En agglomération,Hors intersection,Normale,Trois véhicules et plus - collisions multiples,,,,,,,,,,,1,2,1,1.0,5
201200009384,0012-08-24 09:05:00,12,8,24,9,5,50,23,DAUPHINE (AVENUE DU),44.90333,6.63034,Plein jour,En agglomération,Intersection en T,Normale,Deux véhicules - côté,,,,,,,,,,,1,2,3,1.0,3
201200009385,0012-09-06 15:45:00,12,9,6,15,45,50,23,PETSCHE AVENUE MAURICE,44.89618,6.63305,Plein jour,En agglomération,Hors intersection,Normale,Sans collision,,,,,,,,,,,1,2,1,1.0,7
201200009386,0012-10-05 15:50:00,12,10,5,15,50,50,23,"8, TOUR (CHEMIN DE LA)",44.90023,6.63954,Plein jour,En agglomération,Hors intersection,Normale,Autre collision,,,,,,,,,,,1,2,1,1.0,6
201200009387,0012-10-12 17:05:00,12,10,12,17,5,50,23,ITALIE (ROUTE D'),44.90306,6.64806,Plein jour,En agglomération,Hors intersection,Normale,Deux véhicules - côté,,,,,,,,,,,1,2,1,1.0,3
201200009388,0012-10-23 13:35:00,12,10,23,13,35,50,23,GAP (ROUTE DE   RN94),44.8837,6.62249,Plein jour,Hors agglomération,Hors intersection,Normale,Autre collision,,,,,,,,,,,1,1,1,1.0,6
201200009389,0012-10-28 20:45:00,12,10,28,20,45,50,23,"73, GRENOBLE (ROUTE DE)",44.91567,6.62332,Nuit avec éclairage allumé,En agglomération,Intersection en Y,Normale,Deux véhicules - côté,,,,,,,,,,,5,2,4,1.0,3
201200009390,0012-10-29 08:30:00,12,10,29,8,30,50,23,FORGUES (AVENUE DU PROF.,44.90561,6.62943,Plein jour,En agglomération,Intersection en X,Normale,Deux véhicules - frontale,,,,,,,,,,,1,2,2,1.0,1
201200009391,0012-12-20 19:50:00,12,12,20,19,50,50,23,GAP (ROUTE DE   RN94),44.89477,6.63011,Nuit avec éclairage allumé,En agglomération,Intersection en X,Neige / grêle,Deux véhicules - côté,,,,,,,,,,,5,2,2,4.0,3
201200009392,0012-01-13 12:50:00,12,1,13,12,50,50,61,LIBERATION ( BD DE LA ),44.56052,6.07738,Plein jour,En agglomération,Hors intersection,Normale,Autre collision,,,,,,,,,,,1,2,1,1.0,6
201200009393,0012-01-25 21:40:00,12,1,25,21,40,50,61,LIBERATION ( BD DE LA ),44.56076,6.07807,Nuit avec éclairage allumé,En agglomération,Hors intersection,Normale,Deux véhicules - côté,,,,,,,,,,,5,2,1,1.0,3
201200009394,0012-02-13 21:05:00,12,2,13,21,5,50,61,JEAN MOULIN ( CARREFR),44.56,6.0757,Nuit avec éclairage allumé,En agglomération,Intersection en X,Normale,Deux véhicules - côté,,,,,,,,,,,5,2,2,1.0,3
201200009395,0012-03-18 14:40:00,12,3,18,14,40,50,61,route de Veynes,44.55769,6.07164,Plein jour,En agglomération,Hors intersection,Pluie légère,Deux véhicules - frontale,,,,,,,,,,,1,2,1,2.0,1
201200009396,0012-04-16 12:45:00,12,4,16,12,45,50,61,rue  Manteyer,44.5577,6.0777,Plein jour,En agglomération,Hors intersection,Normale,Autre collision,,,,,,,,,,,1,2,1,1.0,6
201200009397,0012-05-07 21:55:00,12,5,7,21,55,50,61,RN 85,44.60817,6.08062,Nuit sans éclairage public,Hors agglomération,Hors intersection,Normale,Autre collision,,,,,,,,,,,3,1,1,1.0,6
201200009398,0012-06-20 16:50:00,12,6,20,16,50,50,61,avenue de veynes,44.5575,6.05573,Plein jour,Hors agglomération,Hors intersection,Normale,Trois véhicules et plus - en chaîne,,,,,,,,,,,1,1,1,1.0,4
201200009399,0012-07-05 16:50:00,12,7,5,16,50,50,61,SILOS ( RUE DES ),44.56658,6.08982,Plein jour,En agglomération,Hors intersection,Normale,Deux véhicules - côté,,,,,,,,,,,1,2,1,1.0,3
201200009400,0012-08-09 21:45:00,12,8,9,21,45,50,61,RUE DE VALISERE,44.56199,6.08285,Nuit avec éclairage allumé,En agglomération,Hors intersection,Normale,Autre collision,,,,,,,,,,,5,2,1,1.0,6
201200009401,0012-08-25 03:12:00,12,8,25,3,12,50,61,JEAN MARCEL COLLONE ROUX,44.55921,6.07969,Nuit avec éclairage allumé,En agglomération,Intersection en T,Normale,Deux véhicules - côté,,,,,,,,,,,5,2,3,1.0,3
201200009402,0012-08-25 14:00:00,12,8,25,14,0,50,61,JEAN JAURES ( AVENUE ),44.54994,6.06859,Plein jour,En agglomération,Hors intersection,Normale,Autre collision,,,,,,,,,,,1,2,1,1.0,6
201200009403,0012-09-11 13:50:00,12,9,11,13,50,50,61,MARECHALFOCH ( AVENUE ),44.56292,6.08619,Plein jour,En agglomération,Intersection en T,Normale,Deux véhicules - côté,,,,,,,,,,,1,2,3,1.0,3
201200009404,0012-09-22 21:21:00,12,9,22,21,21,50,61,3 GENERAL DE GAULLE),44.55954,6.07565,Nuit avec éclairage allumé,En agglomération,Hors intersection,Normale,Autre collision,,,,,,,,,,,5,2,1,1.0,6
201200009405,0012-10-14 06:40:00,12,10,14,6,40,50,61,BONNE (RUE DE ),44.56649,6.08171,Crépuscule ou aube,En agglomération,Intersection en X,Normale,Deux véhicules - côté,,,,,,,,,,,2,2,2,1.0,3
201200009406,0012-05-09 11:00:00,12,5,9,11,0,780,531,RD 114,48.985,1.606,Plein jour,Hors agglomération,Hors intersection,Normale,Autre collision,,,,,,,,,,,1,1,1,1.0,6
201200009407,0012-05-17 19:00:00,12,5,17,19,0,780,531,,49.01,1.619,Plein jour,Hors agglomération,Hors intersection,Normale,Sans collision,,,,,,,,,,,1,1,1,1.0,7
201200009408,0012-09-29 20:45:00,12,9,29,20,45,780,531,175 route nationale,49.008,1.622,Nuit sans éclairage public,En agglomération,Hors intersection,Normale,Deux véhicules - côté,,,,,,,,,,,3,2,1,1.0,3
201200009409,0012-12-22 15:45:00,12,12,22,15,45,780,82,,48.976,1.572,Plein jour,Hors agglomération,Hors intersection,Pluie légère,Sans collision,,,,,,,,,,,1,1,1,2.0,7
201200009410,0012-04-07 17:45:00,12,4,7,17,45,780,320,RD 113,,,Plein jour,Hors agglomération,Hors intersection,Normale,Trois véhicules et plus - collisions multiples,,,,,,,,,,,1,1,1,1.0,5
201200009411,0012-04-27 14:45:00,12,4,27,14,45,780,668,,,,Plein jour,Hors agglomération,Hors intersection,Normale,Deux véhicules - côté,,,,,,,,,,,1,1,1,1.0,3
201200009412,0012-06-14 18:15:00,12,6,14,18,15,780,410,,,,Plein jour,Hors agglomération,Hors intersection,Normale,Autre collision,,,,,,,,,,,1,1,1,1.0,6
201200009413,0012-08-17 17:45:00,12,8,17,17,45,780,410,RD 125/BASE DE LOISIRS,49.06037,1.67737,Plein jour,Hors agglomération,Intersection en T,Normale,Deux véhicules - côté,,,,,,,,,,,1,1,3,1.0,3
201200009414,0012-11-22 15:00:00,12,11,22,15,0,780,57,,,,Plein jour,Hors agglomération,Hors intersection,Temps éblouissant,Deux véhicules - frontale,,,,,,,,,,,1,1,1,7.0,1
201200009415,0012-10-21 15:45:00,12,10,21,15,45,780,335,,49.019,1.676,Nuit sans éclairage public,Hors agglomération,Hors intersection,Normale,Deux véhicules - frontale,,,,,,,,,,,3,1,1,1.0,1
201200009416,0012-02-16 20:00:00,12,2,16,20,0,780,206,RD 113,,,Nuit avec éclairage allumé,Hors agglomération,Hors intersection,Pluie légère,Deux véhicules - frontale,,,,,,,,,,,5,1,1,2.0,1
201200009417,0012-04-28 12:45:00,12,4,28,12,45,780,90,A 9013 / RD 44,48.96975,1.90631,Plein jour,Hors agglomération,Intersection en T,Pluie légère,Deux véhicules - côté,,,,,,,,,,,1,1,3,2.0,3
201200009418,0012-09-20 17:00:00,12,9,20,17,0,780,206,RD 43,,,Plein jour,En agglomération,Giratoire,Normale,Deux véhicules - arrière,,,,,,,,,,,1,2,6,1.0,2
201200009419,0012-12-15 13:45:00,12,12,15,13,45,780,206,,,,Plein jour,Hors agglomération,Giratoire,Normale,Autre collision,,,,,,,,,,,1,1,6,1.0,6
201200009420,0012-01-16 17:30:00,12,1,16,17,30,780,171,RD 983,48.73338,1.64135,Plein jour,Hors agglomération,Hors intersection,Temps couvert,Autre collision,,,,,,,,,,,1,1,1,8.0,6
201200009421,0012-02-08 13:00:00,12,2,8,13,0,780,263,R DE LAVERDY/GABELLES,48.77303,1.67381,Plein jour,En agglomération,Intersection en T,Normale,Autre collision,,,,,,,,,,,1,2,3,1.0,6
201200009422,0012-03-08 07:30:00,12,3,8,7,30,780,194,RD 115,48.76703,1.60539,Plein jour,Hors agglomération,Hors intersection,Normale,Autre collision,,,,,,,,,,,1,1,1,1.0,6
201200009423,0012-05-13 04:13:00,12,5,13,4,13,780,283,,48.7151,1.61941,Nuit sans éclairage public,Hors agglomération,Hors intersection,Normale,Autre collision,,,,,,,,,,,3,1,1,1.0,6
201200009424,0012-06-21 10:00:00,12,6,21,10,0,780,48,RN 12,48.798,1.642,Plein jour,Hors agglomération,Hors intersection,Normale,Deux véhicules - arrière,,,,,,,,,,,1,1,1,1.0,2
201200009425,0012-06-23 08:15:00,12,6,23,8,15,780,310,ALL DE LA VIERGE,48.78698,1.60408,Plein jour,En agglomération,Hors intersection,Normale,Autre collision,,,,,,,,,,,1,2,1,1.0,6
201200009426,0012-11-04 17:30:00,12,11,4,17,30,780,263,RN 12,48.777,1.674,Crépuscule ou aube,Hors agglomération,Hors intersection,Normale,Sans collision,,,,,,,,,,,2,1,1,1.0,7
201200009427,0012-03-28 23:30:00,12,3,28,23,30,780,33,PL CRETTE,48.92902,1.84482,Nuit avec éclairage allumé,En agglomération,Giratoire,Normale,Sans collision,,,,,,,,,,,5,2,6,1.0,7
201200009428,0012-10-18 17:15:00,12,10,18,17,15,780,380,ROUTE D HERBEVILLE,48.91,1.872,Plein jour,En agglomération,Hors intersection,Pluie légère,Autre collision,,,,,,,,,,,1,2,1,2.0,6
201200009429,0012-10-21 11:30:00,12,10,21,11,30,780,451,R ST BLAIZE/VIEUX PONT,48.94515,1.83564,Plein jour,En agglomération,Intersection en X,Temps couvert,Autre collision,,,,,,,,,,,1,2,2,8.0,6
201200009430,0012-06-04 14:30:00,12,6,4,14,30,780,20,Route d'Hargeville,,,Plein jour,En agglomération,Hors intersection,Normale,Deux véhicules - frontale,,,,,,,,,,,1,2,1,1.0,1
201200009431,0012-01-01 10:45:00,12,1,1,10,45,780,497,50 RTE DE ST LEGER,,,Plein jour,En agglomération,Hors intersection,Normale,Autre collision,,,,,,,,,,,1,2,1,1.0,6
201200009432,0012-01-07 10:45:00,12,1,7,10,45,780,516,RD 80,,,Plein jour,Hors agglomération,Hors intersection,Normale,Deux véhicules - frontale,,,,,,,,,,,1,1,1,1.0,1
201200009433,0012-01-17 09:15:00,12,1,17,9,15,780,464,CV 1,48.58181,1.80491,Plein jour,Hors agglomération,Hors intersection,Normale,Sans collision,,,,,,,,,,,1,1,1,1.0,7
201200009434,0012-06-16 18:45:00,12,6,16,18,45,780,464,RD 150,,,Plein jour,Hors agglomération,Hors intersection,Normale,Sans collision,,,,,,,,,,,1,1,1,1.0,7
201200009435,0012-08-18 10:45:00,12,8,18,10,45,780,77,RD 71/RD 80,48.67389,1.64786,Plein jour,Hors agglomération,Intersection en T,Normale,Deux véhicules - arrière,,,,,,,,,,,1,1,3,1.0,2
201200009436,0012-12-21 21:45:00,12,12,21,21,45,780,30,,,,Nuit sans éclairage public,Hors agglomération,Hors intersection,Normale,Autre collision,,,,,,,,,,,3,1,1,1.0,6
201200009437,0012-02-13 17:00:00,12,2,13,17,0,780,3,RD 177 AUTOPONT RN 191,48.50939,1.83168,Crépuscule ou aube,Hors agglomération,Intersection en X,Pluie légère,Deux véhicules - frontale,,,,,,,,,,,2,1,2,2.0,1
201200009438,0012-03-24 11:15:00,12,3,24,11,15,780,506,RD 177/C1,48.48905,1.80372,Plein jour,Hors agglomération,Intersection en X,Normale,Deux véhicules - côté,,,,,,,,,,,1,1,2,1.0,3
201200009439,0012-04-22 15:15:00,12,4,22,15,15,780,71,PL DU PRIEURE,48.49342,1.87172,Plein jour,En agglomération,Place,Pluie légère,Deux véhicules - côté,,,,,,,,,,,1,2,7,2.0,3
201200009440,0012-06-01 00:45:00,12,6,1,0,45,780,9,RN 191,,,Nuit sans éclairage public,Hors agglomération,Giratoire,Normale,Autre collision,,,,,,,,,,,3,1,6,1.0,6
201200009441,0012-08-04 20:30:00,12,8,4,20,30,780,472,,,,Crépuscule ou aube,Hors agglomération,Hors intersection,Pluie légère,Deux véhicules - frontale,,,,,,,,,,,2,1,1,2.0,1
201200009442,0012-12-28 08:30:00,12,12,28,8,30,780,506,,,,Crépuscule ou aube,Hors agglomération,Giratoire,Temps couvert,Deux véhicules - arrière,,,,,,,,,,,2,1,6,8.0,2
201200009443,0012-01-24 09:00:00,12,1,24,9,0,780,590,RD 202,,,Plein jour,En agglomération,Hors intersection,Normale,Deux véhicules - frontale,,,,,,,,,,,1,2,1,1.0,1
201200009444,0012-04-10 18:45:00,12,4,10,18,45,780,160,R DIVISION LECLERC,,,Plein jour,En agglomération,Hors intersection,Normale,Autre collision,,,,,,,,,,,1,2,1,1.0,6
201200009445,0012-06-02 15:00:00,12,6,2,15,0,780,548,CD91 PK17,,,Plein jour,En agglomération,Hors intersection,Normale,Deux véhicules - frontale,,,,,,,,,,,1,2,1,1.0,1
201200009446,0012-06-17 11:00:00,12,6,17,11,0,780,193,RD 58/ RD 91,,,Plein jour,En agglomération,Intersection en Y,Normale,Deux véhicules - frontale,,,,,,,,,,,1,2,4,1.0,1
201200009447,0012-08-15 10:45:00,12,8,15,10,45,780,162,,,,Plein jour,Hors agglomération,Hors intersection,Normale,Sans collision,,,,,,,,,,,1,1,1,1.0,7
201200009448,0012-01-23 06:30:00,12,1,23,6,30,780,389,40 AV LEON CRETE,48.78837,1.81274,Nuit avec éclairage allumé,En agglomération,Hors intersection,Normale,Deux véhicules - arrière,,,,,,,,,,,5,2,1,1.0,2
201200009449,0012-04-19 10:00:00,12,4,19,10,0,780,576,,,,Plein jour,Hors agglomération,Hors intersection,Normale,Sans collision,,,,,,,,,,,1,1,1,1.0,7
201200009450,0012-05-11 07:15:00,12,5,11,7,15,780,366,RD 191,,,Plein jour,Hors agglomération,Hors intersection,Normale,Deux véhicules - frontale,,,,,,,,,,,1,1,1,1.0,1
201200009451,0012-06-23 20:55:00,12,6,23,20,55,780,398,15 GRANDE RUE,,,Crépuscule ou aube,En agglomération,Hors intersection,Normale,Autre collision,,,,,,,,,,,2,2,1,1.0,6
201200009452,0012-09-09 17:45:00,12,9,9,17,45,780,398,GRANDE RUE,48.761,1.837,Plein jour,En agglomération,Hors intersection,Normale,Sans collision,,,,,,,,,,,1,2,1,1.0,7
201200009453,0012-09-30 16:00:00,12,9,30,16,0,780,389,N12,48.806,1.815,Plein jour,Hors agglomération,Hors intersection,Normale,Autre collision,,,,,,,,,,,1,1,1,1.0,6
201200009454,0012-10-15 17:15:00,12,10,15,17,15,780,420,RD 155,,,Plein jour,Hors agglomération,Hors intersection,Normale,Deux véhicules - frontale,,,,,,,,,,,1,1,1,1.0,1
201200009455,0012-02-23 01:00:00,12,2,23,1,0,780,623,R DU PAVE/CH D'YTE,48.77859,1.88495,Nuit avec éclairage allumé,En agglomération,Intersection en T,Normale,Autre collision,,,,,,,,,,,5,2,3,1.0,6
201200009456,0012-05-14 18:45:00,12,5,14,18,45,780,683,,,,Plein jour,Hors agglomération,Hors intersection,Normale,Deux véhicules - arrière,,,,,,,,,,,1,1,1,1.0,2
201200009457,0012-08-06 22:45:00,12,8,6,22,45,780,321,RD13,,,Nuit sans éclairage public,En agglomération,Hors intersection,Temps couvert,Autre collision,,,,,,,,,,,3,2,1,8.0,6
201200009458,0012-09-25 18:15:00,12,9,25,18,15,780,623,Grande rue,,,Plein jour,En agglomération,Autre intersection,Normale,Deux véhicules - côté,,,,,,,,,,,1,2,9,1.0,3
201200009459,0012-09-29 17:15:00,12,9,29,17,15,780,62,AV DU CENTRE,48.85571,1.90526,Plein jour,En agglomération,Giratoire,Normale,Deux véhicules - frontale,,,,,,,,,,,1,2,6,1.0,1
201200009460,0012-10-17 20:30:00,12,10,17,20,30,780,321,rue de la richarderie,,,Nuit avec éclairage allumé,En agglomération,Hors intersection,Pluie légère,Deux véhicules - côté,,,,,,,,,,,5,2,1,2.0,3
201200009461,0012-11-24 16:15:00,12,11,24,16,15,780,550,Rue de St Germain,,,Plein jour,En agglomération,Hors intersection,Autre,Trois véhicules et plus - en chaîne,,,,,,,,,,,1,2,1,9.0,4
201200009462,0012-11-29 22:30:00,12,11,29,22,30,780,62,RD 119,48.85088,1.8935,Nuit avec éclairage allumé,Hors agglomération,Hors intersection,Autre,Autre collision,,,,,,,,,,,5,1,1,9.0,6
201200009463,0012-01-13 07:20:00,12,1,13,7,20,780,84,RD 42,,,Crépuscule ou aube,Hors agglomération,Hors intersection,Normale,Deux véhicules - frontale,,,,,,,,,,,2,1,1,1.0,1
201200009464,0012-03-16 07:00:00,12,3,16,7,0,780,616,RD 11,,,Crépuscule ou aube,Hors agglomération,Hors intersection,Brouillard / fumée,Trois véhicules et plus - collisions multiples,,,,,,,,,,,2,1,1,5.0,5
201200009465,0012-04-18 18:00:00,12,4,18,18,0,780,262,R DE LA HEDERAIE,48.79452,1.79668,Plein jour,En agglomération,Hors intersection,Pluie légère,Deux véhicules - frontale,,,,,,,,,,,1,2,1,2.0,1
201200009466,0012-10-02 17:45:00,12,10,2,17,45,780,616,PORTE ST MARTIN/BRUYERES,,,Plein jour,En agglomération,Intersection en T,Normale,Deux véhicules - côté,,,,,,,,,,,1,2,3,1.0,3
201200009467,0012-04-08 02:00:00,12,4,8,2,0,780,87,RD 988,,,Nuit sans éclairage public,Hors agglomération,Hors intersection,Normale,Autre collision,,,,,,,,,,,3,1,1,1.0,6
201200009468,0012-05-08 16:15:00,12,5,8,16,15,780,349,A10/RD 149,48.56775,1.98749,Plein jour,Hors agglomération,Intersection en X,Normale,Deux véhicules - côté,,,,,,,,,,,1,1,2,1.0,3
201200009469,0012-06-09 19:45:00,12,6,9,19,45,780,601,,,,Plein jour,Hors agglomération,Hors intersection,Temps couvert,Autre collision,,,,,,,,,,,1,1,1,8.0,6
201200009470,0012-07-24 11:15:00,12,7,24,11,15,780,120,R DU CLOS DES VIGNES,48.63637,2.00088,Plein jour,En agglomération,Hors intersection,Normale,Sans collision,,,,,,,,,,,1,2,1,1.0,7
201200009471,0012-07-30 07:00:00,12,7,30,7,0,780,87,RD 988,,,Plein jour,Hors agglomération,Hors intersection,Normale,Deux véhicules - frontale,,,,,,,,,,,1,1,1,1.0,1
201200009472,0012-08-18 16:15:00,12,8,18,16,15,780,125,,,,Plein jour,Hors agglomération,Hors intersection,Normale,Sans collision,,,,,,,,,,,1,1,1,1.0,7
201200009473,0012-08-18 17:00:00,12,8,18,17,0,780,601,N10,,,Plein jour,Hors agglomération,Hors intersection,Normale,Autre collision,,,,,,,,,,,1,1,1,1.0,6
201200009474,0012-10-10 13:15:00,12,10,10,13,15,780,349,,,,Plein jour,Hors agglomération,Hors intersection,Temps couvert,Deux véhicules - arrière,,,,,,,,,,,1,1,1,8.0,2
201200009475,0012-10-22 19:30:00,12,10,22,19,30,780,537,RD 936,,,Nuit sans éclairage public,Hors agglomération,Hors intersection,Autre,Autre collision,,,,,,,,,,,3,1,1,9.0,6
201200009476,0012-04-26 10:45:00,12,4,26,10,45,910,235,avenue des peupliers,48.644,2.369,Plein jour,En agglomération,Hors intersection,Temps couvert,Sans collision,,,,,,,,,,,1,2,1,8.0,7