accident_id,datetime,annee,mois,jour,heure,minute,departement,commune_insee,adresse,latitude,longitude,luminosite,agglomeration,intersection,meteo,collision,nb_vehicules,nb_usagers,nb_indemnes,nb_tues,nb_blesses_hosp,nb_blesses_legers,age_cond_1,age_cond_2,veh_type_cond_1,veh_type_cond_2,lum_code,agg_code,int_code,atm_code,col_code
201200009477,0012-04-29 19:00:00,12,4,29,19,0,910,235,avenue du docteur Fichez,48.636,2.358,Plein jour,En agglomération,Hors intersection,Normale,Deux véhicules - côté,,,,,,,,,,,1,2,1,1.0,3
201200009478,0012-05-19 12:00:00,12,5,19,12,0,910,235,Rue Edouard AUBERT,,,Plein jour,En agglomération,Intersection en T,Normale,Deux véhicules - côté,,,,,,,,,,,1,2,3,1.0,3
201200009479,0012-07-05 10:30:00,12,7,5,10,30,910,659,D 260,,,Plein jour,Hors agglomération,Hors intersection,Normale,Trois véhicules et plus - en chaîne,,,,,,,,,,,1,1,1,1.0,4
201200009480,0012-08-02 13:45:00,12,8,2,13,45,910,659,Rue des 44 Arpents,,,Plein jour,En agglomération,Hors intersection,Normale,Deux véhicules - frontale,,,,,,,,,,,1,2,1,1.0,1
201200009481,0012-09-08 11:30:00,12,9,8,11,30,910,179,D 948,,,Plein jour,Hors agglomération,Hors intersection,Normale,Deux véhicules - côté,,,,,,,,,,,1,1,1,1.0,3
201200009482,0012-07-03 17:45:00,12,7,3,17,45,910,599,D 948,,,Plein jour,Hors agglomération,Hors intersection,Normale,Deux véhicules - côté,,,,,,,,,,,1,1,1,1.0,3
201200009483,0012-08-12 11:45:00,12,8,12,11,45,910,195,rue du Moulin,,,Plein jour,En agglomération,Hors intersection,Normale,Deux véhicules - frontale,,,,,,,,,,,1,2,1,1.0,1
201200009484,0012-09-13 17:15:00,12,9,13,17,15,910,359,D 837,48.39,2.354,Plein jour,Hors agglomération,Hors intersection,Normale,Deux véhicules - frontale,,,,,,,,,,,1,1,1,1.0,1
201200009485,0012-09-20 19:15:00,12,9,20,19,15,910,599,D 948,,,Plein jour,Hors agglomération,Hors intersection,Normale,Autre collision,,,,,,,,,,,1,1,1,1.0,6
201200009486,0012-09-29 19:00:00,12,9,29,19,0,910,195,D 948 / D 90,,,Plein jour,Hors agglomération,Intersection en X,Normale,Deux véhicules - côté,,,,,,,,,,,1,1,2,1.0,3
201200009487,0012-11-24 18:45:00,12,11,24,18,45,910,405,D1,,,Nuit sans éclairage public,Hors agglomération,Hors intersection,Normale,Deux véhicules - côté,,,,,,,,,,,3,1,1,1.0,3
201200009488,0012-01-28 10:30:00,12,1,28,10,30,910,284,D 836,48.517,2.021,Plein jour,Hors agglomération,Hors intersection,Pluie légère,Deux véhicules - frontale,,,,,,,,,,,1,1,1,2.0,1
201200009489,0012-01-31 08:00:00,12,1,31,8,0,910,284,D 838,48.509,2.02199,Crépuscule ou aube,En agglomération,Hors intersection,Normale,Deux véhicules - frontale,,,,,,,,,,,2,2,1,1.0,1
201200009490,0012-03-08 10:15:00,12,3,8,10,15,910,175,,48.513,1.98,Plein jour,Hors agglomération,Hors intersection,Normale,Deux véhicules - frontale,,,,,,,,,,,1,1,1,1.0,1
201200009491,0012-05-26 15:15:00,12,5,26,15,15,910,200,chemin de vendange,48.531,2.02999,Plein jour,En agglomération,Autre intersection,Normale,Deux véhicules - côté,,,,,,,,,,,1,2,9,1.0,3
201200009492,0012-09-01 23:45:00,12,9,1,23,45,910,145,,,,Nuit sans éclairage public,Hors agglomération,Hors intersection,Normale,Sans collision,,,,,,,,,,,3,1,1,1.0,7
201200009493,0012-10-31 20:45:00,12,10,31,20,45,910,556,,48.442,2.157,Nuit avec éclairage allumé,Hors agglomération,Hors intersection,Normale,Autre collision,,,,,,,,,,,5,1,1,1.0,6
201200009494,0012-12-02 16:30:00,12,12,2,16,30,910,200,,,,Crépuscule ou aube,Hors agglomération,Hors intersection,Normale,Deux véhicules - côté,,,,,,,,,,,2,1,1,1.0,3
201200009495,0012-04-07 17:30:00,12,4,7,17,30,910,639,19 route nationale,48.443,2.355,Plein jour,En agglomération,Hors intersection,Temps couvert,Deux véhicules - arrière,,,,,,,,,,,1,2,1,8.0,2
201200009496,0012-05-31 11:15:00,12,5,31,11,15,910,639,,,,Plein jour,Hors agglomération,Hors intersection,Normale,Deux véhicules - frontale,,,,,,,,,,,1,1,1,1.0,1
201200009497,0012-09-16 01:30:00,12,9,16,1,30,910,47,D 191,,,Nuit sans éclairage public,Hors agglomération,Hors intersection,Normale,Autre collision,,,,,,,,,,,3,1,1,1.0,6
201200009498,0012-10-06 18:00:00,12,10,6,18,0,910,99,,,,Nuit sans éclairage public,En agglomération,Hors intersection,Pluie légère,Deux véhicules - arrière,,,,,,,,,,,3,2,1,2.0,2
201200009499,0012-10-15 21:45:00,12,10,15,21,45,910,129,rue des deux parcs,48.485,2.337,Nuit avec éclairage allumé,En agglomération,Hors intersection,Normale,Autre collision,,,,,,,,,,,5,2,1,1.0,6
201200009500,0012-11-21 20:15:00,12,11,21,20,15,910,99,32 RUE DE MARCHAIS,,,Nuit sans éclairage public,En agglomération,Hors intersection,Normale,Deux véhicules - frontale,,,,,,,,,,,3,2,1,1.0,1
201200009501,0012-12-20 17:15:00,12,12,20,17,15,910,129,28 avenue Carnot,48.487,2.33,Nuit avec éclairage allumé,En agglomération,Hors intersection,Temps couvert,Autre collision,,,,,,,,,,,5,2,1,8.0,6
201200009502,0012-03-22 17:30:00,12,3,22,17,30,910,79,RD49,,,Plein jour,En agglomération,Hors intersection,Normale,Autre collision,,,,,,,,,,,1,2,1,1.0,6
201200009503,0012-07-09 19:15:00,12,7,9,19,15,910,390,D 491,,,Plein jour,Hors agglomération,Hors intersection,Normale,Sans collision,,,,,,,,,,,1,1,1,1.0,7
201200009504,0012-09-01 11:15:00,12,9,1,11,15,910,399,D57,48.349,2.277,Plein jour,Hors agglomération,Hors intersection,Normale,Deux véhicules - côté,,,,,,,,,,,1,1,1,1.0,3
201200009505,0012-09-07 08:15:00,12,9,7,8,15,910,22,,48.334,2.151,Plein jour,Hors agglomération,Hors intersection,Normale,Sans collision,,,,,,,,,,,1,1,1,1.0,7
201200009506,0012-10-13 07:15:00,12,10,13,7,15,910,79,D721,48.379,2.166,Nuit sans éclairage public,Hors agglomération,Hors intersection,Normale,Trois véhicules et plus - en chaîne,,,,,,,,,,,3,1,1,1.0,4
201200009507,0012-10-28 00:15:00,12,10,28,0,15,910,16,CD06,,,Nuit avec éclairage allumé,En agglomération,Hors intersection,Normale,Sans collision,,,,,,,,,,,5,2,1,1.0,7
201200009508,0012-11-10 22:45:00,12,11,10,22,45,910,1,,,,Nuit sans éclairage public,Hors agglomération,Hors intersection,Brouillard / fumée,Sans collision,,,,,,,,,,,3,1,1,5.0,7
201200009509,0012-12-05 12:30:00,12,12,5,12,30,910,533,,,,Plein jour,Hors agglomération,Hors intersection,Normale,Deux véhicules - côté,,,,,,,,,,,1,1,1,1.0,3
201200009510,0012-05-06 22:45:00,12,5,6,22,45,910,630,,,,Nuit sans éclairage public,Hors agglomération,Hors intersection,Normale,Autre collision,,,,,,,,,,,3,1,1,1.0,6
201200009511,0012-05-31 10:30:00,12,5,31,10,30,910,546,,,,Plein jour,Hors agglomération,Hors intersection,Normale,Deux véhicules - frontale,,,,,,,,,,,1,1,1,1.0,1
201200009512,0012-06-17 00:30:00,12,6,17,0,30,910,630,D 27,,,Nuit sans éclairage public,Hors agglomération,Hors intersection,Normale,Trois véhicules et plus - collisions multiples,,,,,,,,,,,3,1,1,1.0,5
201200009513,0012-08-12 15:15:00,12,8,12,15,15,910,593,Avenue de PARIS,,,Plein jour,En agglomération,Giratoire,Normale,Sans collision,,,,,,,,,,,1,2,6,1.0,7
201200009514,0012-08-23 16:45:00,12,8,23,16,45,910,106,CD116-CD19,,,Plein jour,En agglomération,Intersection en Y,Normale,Deux véhicules - côté,,,,,,,,,,,1,2,4,1.0,3
201200009515,0012-08-31 11:00:00,12,8,31,11,0,910,546,,,,Plein jour,Hors agglomération,Hors intersection,Normale,Sans collision,,,,,,,,,,,1,1,1,1.0,7
201200009516,0012-09-01 13:30:00,12,9,1,13,30,910,540,18 route de rambouillet,,,Plein jour,En agglomération,Intersection en T,Normale,Autre collision,,,,,,,,,,,1,2,3,1.0,6
201200009517,0012-12-07 16:00:00,12,12,7,16,0,910,17,avenue de Dourdan,,,Plein jour,En agglomération,Hors intersection,Pluie légère,Autre collision,,,,,,,,,,,1,2,1,2.0,6
201200009518,0012-01-23 08:00:00,12,1,23,8,0,910,661,31 avenue de la baltique,,,Crépuscule ou aube,En agglomération,Hors intersection,Normale,Autre collision,,,,,,,,,,,2,2,1,1.0,6
201200009519,0012-02-12 17:45:00,12,2,12,17,45,910,207,,48.584,2.224,Plein jour,Hors agglomération,Hors intersection,Temps couvert,Deux véhicules - arrière,,,,,,,,,,,1,1,1,8.0,2
201200009520,0012-03-28 18:00:00,12,3,28,18,0,910,461,RUE CERFEUIL,48.598,2.225,Plein jour,En agglomération,Hors intersection,Normale,Deux véhicules - frontale,,,,,,,,,,,1,2,1,1.0,1
201200009521,0012-05-13 15:45:00,12,5,13,15,45,910,41,,,,Plein jour,Hors agglomération,Hors intersection,Normale,Deux véhicules - arrière,,,,,,,,,,,1,1,1,1.0,2
201200009522,0012-06-25 19:45:00,12,6,25,19,45,910,41,N20,,,Plein jour,Hors agglomération,Hors intersection,Normale,Deux véhicules - côté,,,,,,,,,,,1,1,1,1.0,3
201200009523,0012-07-26 19:45:00,12,7,26,19,45,910,156,D 449,48.546,2.284,Plein jour,Hors agglomération,Hors intersection,Normale,Deux véhicules - arrière,,,,,,,,,,,1,1,1,1.0,2
201200009524,0012-08-30 13:30:00,12,8,30,13,30,910,207,D19,,,Plein jour,Hors agglomération,Giratoire,Normale,Deux véhicules - arrière,,,,,,,,,,,1,1,6,1.0,2
201200009525,0012-09-26 14:45:00,12,9,26,14,45,910,41,D 26,,,Plein jour,Hors agglomération,Hors intersection,Normale,Trois véhicules et plus - collisions multiples,,,,,,,,,,,1,1,1,1.0,5
201200009526,0012-10-04 07:30:00,12,10,4,7,30,910,207,67 AVENUE D ARPAJON,48.59,2.243,Nuit avec éclairage allumé,En agglomération,Hors intersection,Pluie forte,Autre collision,,,,,,,,,,,5,2,1,3.0,6
201200009527,0012-10-26 14:45:00,12,10,26,14,45,910,461,CD116D,48.6,2.227,Plein jour,En agglomération,Hors intersection,Normale,Deux véhicules - frontale,,,,,,,,,,,1,2,1,1.0,1
201200009528,0012-10-27 08:00:00,12,10,27,8,0,910,461,D116D,,,Crépuscule ou aube,Hors agglomération,Hors intersection,Normale,Deux véhicules - frontale,,,,,,,,,,,2,1,1,1.0,1
201200009529,0012-11-03 12:30:00,12,11,3,12,30,910,461,,,,Plein jour,Hors agglomération,Hors intersection,Temps couvert,Deux véhicules - frontale,,,,,,,,,,,1,1,1,8.0,1
201200009530,0012-01-05 09:30:00,12,1,5,9,30,910,579,,48.545,2.353,Plein jour,Hors agglomération,Giratoire,Pluie légère,Deux véhicules - arrière,,,,,,,,,,,1,1,6,2.0,2
201200009531,0012-04-02 09:30:00,12,4,2,9,30,910,579,avenue de l'obélisque,48.544,2.32,Plein jour,En agglomération,Hors intersection,Normale,Deux véhicules - frontale,,,,,,,,,,,1,2,1,1.0,1
201200009532,0012-04-16 22:00:00,12,4,16,22,0,910,376,RD8,,,Nuit sans éclairage public,En agglomération,Hors intersection,Normale,Autre collision,,,,,,,,,,,3,2,1,1.0,6
201200009533,0012-05-28 19:30:00,12,5,28,19,30,910,494,D19,48.62,2.353,Plein jour,Hors agglomération,Hors intersection,Pluie légère,Autre collision,,,,,,,,,,,1,1,1,2.0,6
201200009534,0012-07-22 14:30:00,12,7,22,14,30,910,579,D 17,48.54,2.314,Plein jour,Hors agglomération,Hors intersection,Normale,Autre collision,,,,,,,,,,,1,1,1,1.0,6
201200009535,0012-09-14 08:45:00,12,9,14,8,45,910,494,D 19,48.621,2.352,Plein jour,Hors agglomération,Giratoire,Temps couvert,Deux véhicules - côté,,,,,,,,,,,1,1,6,8.0,3
201200009536,0012-09-21 17:15:00,12,9,21,17,15,910,376,CD 8 - rue de la Gare,48.569,2.292,Plein jour,En agglomération,Hors intersection,Pluie légère,Trois véhicules et plus - en chaîne,,,,,,,,,,,1,2,1,2.0,4
201200009537,0012-11-14 18:15:00,12,11,14,18,15,910,579,D31,,,Nuit sans éclairage public,Hors agglomération,Hors intersection,Normale,Autre collision,,,,,,,,,,,3,1,1,1.0,6
201200009538,0012-01-04 08:15:00,12,1,4,8,15,910,338,avenue chambord,,,Crépuscule ou aube,En agglomération,Intersection en X,Normale,Autre collision,,,,,,,,,,,2,2,2,1.0,6
201200009539,0012-01-24 08:15:00,12,1,24,8,15,910,186,,,,Crépuscule ou aube,Hors agglomération,Hors intersection,Autre,Deux véhicules - frontale,,,,,,,,,,,2,1,1,9.0,1
201200009540,0012-02-13 14:00:00,12,2,13,14,0,910,411,,,,Plein jour,Hors agglomération,Hors intersection,Normale,Sans collision,,,,,,,,,,,1,1,1,1.0,7
201200009541,0012-03-12 08:45:00,12,3,12,8,45,910,338,,,,Plein jour,Hors agglomération,Hors intersection,Normale,Autre collision,,,,,,,,,,,1,1,1,1.0,6
201200009542,0012-04-06 21:30:00,12,4,6,21,30,910,111,RD 131,,,Nuit sans éclairage public,Hors agglomération,Hors intersection,Normale,Deux véhicules - frontale,,,,,,,,,,,3,1,1,1.0,1
201200009543,0012-04-26 10:45:00,12,4,26,10,45,910,338,rue de paris,,,Plein jour,En agglomération,Hors intersection,Normale,Autre collision,,,,,,,,,,,1,2,1,1.0,6
201200009544,0012-06-16 23:15:00,12,6,16,23,15,910,249,av Gal Leclerc,,,Nuit avec éclairage allumé,En agglomération,Hors intersection,Normale,Deux véhicules - côté,,,,,,,,,,,5,2,1,1.0,3
201200009545,0012-06-22 15:30:00,12,6,22,15,30,910,338,D 838 / D 988,,,Plein jour,Hors agglomération,Giratoire,Normale,Deux véhicules - côté,,,,,,,,,,,1,1,6,1.0,3
201200009546,0012-07-01 02:15:00,12,7,1,2,15,910,338,,,,Nuit avec éclairage allumé,Hors agglomération,Hors intersection,Normale,Deux véhicules - côté,,,,,,,,,,,5,1,1,1.0,3
201200009547,0012-07-03 16:15:00,12,7,3,16,15,910,482,D24,48.651,2.045,Plein jour,Hors agglomération,Hors intersection,Normale,Deux véhicules - côté,,,,,,,,,,,1,1,1,1.0,3
201200009548,0012-07-07 19:15:00,12,7,7,19,15,910,111,rue d'Antioche,48.625,2.113,Plein jour,En agglomération,Hors intersection,Temps couvert,Trois véhicules et plus - collisions multiples,,,,,,,,,,,1,2,1,8.0,5
201200009549,0012-07-21 14:15:00,12,7,21,14,15,910,249,D 152,,,Plein jour,Hors agglomération,Hors intersection,Normale,Deux véhicules - frontale,,,,,,,,,,,1,1,1,1.0,1
201200009550,0012-08-06 12:00:00,12,8,6,12,0,910,338,,48.637,2.064,Plein jour,Hors agglomération,Hors intersection,Normale,Deux véhicules - arrière,,,,,,,,,,,1,1,1,1.0,2
201200009551,0012-08-21 19:00:00,12,8,21,19,0,910,249,,48.633,2.067,Plein jour,Hors agglomération,Hors intersection,Normale,Deux véhicules - frontale,,,,,,,,,,,1,1,1,1.0,1
201200009552,0012-10-14 15:00:00,12,10,14,15,0,910,249,D838,48.624,2.072,Plein jour,Hors agglomération,Hors intersection,Pluie forte,Autre collision,,,,,,,,,,,1,1,1,3.0,6
201200009553,0012-11-12 16:15:00,12,11,12,16,15,910,93,,,,Plein jour,Hors agglomération,Hors intersection,Normale,Autre collision,,,,,,,,,,,1,1,1,1.0,6
201200009554,0012-11-30 20:15:00,12,11,30,20,15,910,338,,48.663,2.06599,Nuit sans éclairage public,Hors agglomération,Hors intersection,Brouillard / fumée,Sans collision,,,,,,,,,,,3,1,1,5.0,7
201200009555,0012-12-05 19:15:00,12,12,5,19,15,910,243,,48.623,2.147,Nuit sans éclairage public,Hors agglomération,Hors intersection,Normale,Autre collision,,,,,,,,,,,3,1,1,1.0,6
201200009556,0012-12-06 17:45:00,12,12,6,17,45,910,249,D988,,,Crépuscule ou aube,Hors agglomération,Hors intersection,Pluie légère,Deux véhicules - arrière,,,,,,,,,,,2,1,1,2.0,2
201200009557,0012-01-23 12:30:00,12,1,23,12,30,910,587,47 rue salvador allende,,,Plein jour,En agglomération,Hors intersection,Normale,Autre collision,,,,,,,,,,,1,2,1,1.0,6
201200009558,0012-10-20 20:45:00,12,10,20,20,45,910,587,N20,,,Nuit sans éclairage public,Hors agglomération,Hors intersection,Pluie forte,Trois véhicules et plus - collisions multiples,,,,,,,,,,,3,1,1,3.0,5
201200009559,0012-03-03 11:30:00,12,3,3,11,30,910,635,D60,48.737,2.196,Plein jour,Hors agglomération,Hors intersection,Normale,Deux véhicules - côté,,,,,,,,,,,1,1,1,1.0,3
201200009560,0012-08-27 17:00:00,12,8,27,17,0,910,534,D306,48.73,2.157,Plein jour,Hors agglomération,Hors intersection,Normale,Trois véhicules et plus - collisions multiples,,,,,,,,,,,1,1,1,1.0,5
201200009561,0012-10-13 04:45:00,12,10,13,4,45,910,635,D36,48.729,2.191,Nuit sans éclairage public,Hors agglomération,Hors intersection,Normale,Autre collision,,,,,,,,,,,3,1,1,1.0,6
201200009562,0012-03-22 16:15:00,12,3,22,16,15,910,275,,,,Plein jour,Hors agglomération,Giratoire,Normale,Deux véhicules - frontale,,,,,,,,,,,1,1,6,1.0,1
201200009563,0012-03-26 21:45:00,12,3,26,21,45,910,274,D988,,,Nuit sans éclairage public,Hors agglomération,Hors intersection,Normale,Deux véhicules - côté,,,,,,,,,,,3,1,1,1.0,3
201200009564,0012-03-29 21:00:00,12,3,29,21,0,910,272,rte de Belle Image,,,Nuit avec éclairage allumé,En agglomération,Hors intersection,Normale,Deux véhicules - frontale,,,,,,,,,,,5,2,1,1.0,1
201200009565,0012-04-21 09:45:00,12,4,21,9,45,910,272,AVENUE DU BEL AIR,,,Plein jour,En agglomération,Hors intersection,Normale,Deux véhicules - frontale,,,,,,,,,,,1,2,1,1.0,1
201200009566,0012-05-31 15:15:00,12,5,31,15,15,910,272,Avenue du GénéralLeclerc,,,Plein jour,En agglomération,Hors intersection,Normale,Deux véhicules - côté,,,,,,,,,,,1,2,1,1.0,3
201200009567,0012-06-16 22:15:00,12,6,16,22,15,910,272,avenue Général Leclerc,,,Nuit avec éclairage allumé,En agglomération,Hors intersection,Normale,Autre collision,,,,,,,,,,,5,2,1,1.0,6
201200009568,0012-06-26 10:45:00,12,6,26,10,45,910,560,D 35,,,Plein jour,Hors agglomération,Giratoire,Pluie forte,Autre collision,,,,,,,,,,,1,1,6,3.0,6
201200009569,0012-07-13 19:15:00,12,7,13,19,15,910,272,D 128 chemin du moulon,,,Plein jour,En agglomération,Hors intersection,Pluie légère,Autre collision,,,,,,,,,,,1,2,1,2.0,6
201200009570,0012-08-29 20:00:00,12,8,29,20,0,910,274,D40,,,Plein jour,Hors agglomération,Hors intersection,Normale,Deux véhicules - côté,,,,,,,,,,,1,1,1,1.0,3
201200009571,0012-09-20 10:30:00,12,9,20,10,30,910,272,D 128,,,Plein jour,Hors agglomération,Hors intersection,Normale,Deux véhicules - côté,,,,,,,,,,,1,1,1,1.0,3
201200009572,0012-09-29 08:45:00,12,9,29,8,45,910,272,avenue du general lecler,48.708,2.111,Plein jour,En agglomération,Hors intersection,Normale,Deux véhicules - côté,,,,,,,,,,,1,2,1,1.0,3
201200009573,0012-09-25 15:00:00,12,9,25,15,0,910,272,Av du Général Leclerc,,,Plein jour,En agglomération,Hors intersection,Normale,Deux véhicules - côté,,,,,,,,,,,1,2,1,1.0,3
201200009574,0012-10-10 14:45:00,12,10,10,14,45,910,538,D 306,,,Plein jour,Hors agglomération,Hors intersection,Normale,Deux véhicules - arrière,,,,,,,,,,,1,1,1,1.0,2
201200009575,0012-10-15 18:00:00,12,10,15,18,0,910,272,"155, av du Gal LECLERC",,,Plein jour,En agglomération,Hors intersection,Normale,Autre collision,,,,,,,,,,,1,2,1,1.0,6
201200009576,0012-10-19 08:30:00,12,10,19,8,30,910,272,D95,,,Plein jour,En agglomération,Giratoire,Pluie légère,Deux véhicules - arrière,,,,,,,,,,,1,2,6,2.0,2
201200009577,0012-12-03 09:15:00,12,12,3,9,15,910,272,route de Belleville,,,Plein jour,En agglomération,Hors intersection,Pluie légère,Autre collision,,,,,,,,,,,1,2,1,2.0,6
201200009578,0012-01-18 14:45:00,12,1,18,14,45,950,8,RD 983,49.0843,1.7851,Plein jour,Hors agglomération,Hors intersection,Temps couvert,Trois véhicules et plus - collisions multiples,,,,,,,,,,,1,1,1,8.0,5
201200009579,0012-02-02 07:30:00,12,2,2,7,30,950,355,R DE ROUEN,49.1565,1.7839,Nuit avec éclairage allumé,En agglomération,Hors intersection,Normale,Autre collision,,,,,,,,,,,5,2,1,1.0,6
201200009580,0012-03-02 15:00:00,12,3,2,15,0,950,8,RD 983,49.0712,1.7805,Plein jour,Hors agglomération,Hors intersection,Normale,Deux véhicules - frontale,,,,,,,,,,,1,1,1,1.0,1
201200009581,0012-06-08 14:00:00,12,6,8,14,0,950,355,R DE LA MAIRIE,49.1511,1.7015,Plein jour,Hors agglomération,Hors intersection,Normale,Deux véhicules - frontale,,,,,,,,,,,1,1,1,1.0,1
201200009582,0012-07-06 17:00:00,12,7,6,17,0,950,462,RD 86,49.1437,1.7419,Plein jour,Hors agglomération,Hors intersection,Normale,Deux véhicules - côté,,,,,,,,,,,1,1,1,1.0,3
201200009583,0012-07-21 12:00:00,12,7,21,12,0,950,523,RTE DES CRETES,49.0862,1.6388,Plein jour,Hors agglomération,Hors intersection,Normale,Deux véhicules - côté,,,,,,,,,,,1,1,1,1.0,3
201200009584,0012-08-06 00:15:00,12,8,6,0,15,950,301,RTE DE LA VALLEE,49.0819,1.6641,Nuit avec éclairage allumé,En agglomération,Hors intersection,Normale,Sans collision,,,,,,,,,,,5,2,1,1.0,7
201200009585,0012-09-24 06:15:00,12,9,24,6,15,950,554,RD 14,49.1678,1.7597,Crépuscule ou aube,Hors agglomération,Hors intersection,Pluie forte,Autre collision,,,,,,,,,,,2,1,1,3.0,6
201200009586,0012-10-15 17:00:00,12,10,15,17,0,950,11,RD 86,49.1464,1.6821,Plein jour,Hors agglomération,Hors intersection,Normale,Deux véhicules - frontale,,,,,,,,,,,1,1,1,1.0,1
201200009587,0012-05-18 18:15:00,12,5,18,18,15,950,370,BD GAMBETTA,49.1467,2.9749,Plein jour,En agglomération,Hors intersection,Normale,Deux véhicules - côté,,,,,,,,,,,1,2,1,1.0,3
201200009588,0012-12-06 07:45:00,12,12,6,7,45,950,584,RD 159,49.1374,1.9563,Nuit sans éclairage public,Hors agglomération,Hors intersection,Normale,Sans collision,,,,,,,,,,,3,1,1,1.0,7
201200009589,0012-03-05 21:00:00,12,3,5,21,0,950,211,R DU BEL AIR,49.0786,2.1096,Nuit avec éclairage allumé,En agglomération,Hors intersection,Pluie légère,Autre collision,,,,,,,,,,,5,2,1,2.0,6
201200009590,0012-05-12 22:45:00,12,5,12,22,45,950,39,R RAJON,49.0741,2.1856,Nuit avec éclairage allumé,En agglomération,Hors intersection,Normale,Sans collision,,,,,,,,,,,5,2,1,1.0,7
201200009591,0012-07-03 18:45:00,12,7,3,18,45,950,39,R FRANCOIS VILLON,49.0703,2.1584,Plein jour,En agglomération,Hors intersection,Normale,Deux véhicules - côté,,,,,,,,,,,1,2,1,1.0,3
201200009592,0012-07-22 16:30:00,12,7,22,16,30,950,39,R MARCEL MARTIN,49.0719,2.1817,Plein jour,En agglomération,Hors intersection,Normale,Sans collision,,,,,,,,,,,1,2,1,1.0,7
201200009593,0012-08-13 07:30:00,12,8,13,7,30,950,39,R FRANCOIS MITTERAND,49.0813,2.1561,Plein jour,Hors agglomération,Hors intersection,Normale,Autre collision,,,,,,,,,,,1,1,1,1.0,6
201200009594,0012-11-27 08:00:00,12,11,27,8,0,950,211,RD 27,49.0753,2.0924,Plein jour,Hors agglomération,Hors intersection,Temps couvert,Deux véhicules - côté,,,,,,,,,,,1,1,1,8.0,3
201200009595,0012-12-23 21:30:00,12,12,23,21,30,950,211,RD 27,49.0792,2.0973,Nuit sans éclairage public,Hors agglomération,Hors intersection,Normale,Sans collision,,,,,,,,,,,3,1,1,1.0,7
201200009596,0012-03-26 13:15:00,12,3,26,13,15,950,2,RD 28,49.0761,1.9712,Plein jour,Hors agglomération,Hors intersection,Normale,Deux véhicules - frontale,,,,,,,,,,,1,1,1,1.0,1
201200009597,0012-03-28 22:00:00,12,3,28,22,0,950,658,R DE LA COMTE,49.0732,1.9257,Nuit sans éclairage public,Hors agglomération,Hors intersection,Normale,Sans collision,,,,,,,,,,,3,1,1,1.0,7
201200009598,0012-05-14 18:00:00,12,5,14,18,0,950,535,RD 81,49.0549,1.9439,Plein jour,Hors agglomération,Hors intersection,Normale,Sans collision,,,,,,,,,,,1,1,1,1.0,7
201200009599,0012-06-08 12:00:00,12,6,8,12,0,950,658,Route du Bord'Haut,49.0813,1.9238,Plein jour,En agglomération,Hors intersection,Temps couvert,Deux véhicules - frontale,,,,,,,,,,,1,2,1,8.0,1
201200009600,0012-06-10 18:45:00,12,6,10,18,45,950,40,RD 14,49.1079,1.8817,Plein jour,Hors agglomération,Hors intersection,Pluie forte,Deux véhicules - côté,,,,,,,,,,,1,1,1,3.0,3
201200009601,0012-06-16 16:30:00,12,6,16,16,30,950,2,RD 28,49.0737,1.9685,Plein jour,Hors agglomération,Hors intersection,Normale,Trois véhicules et plus - en chaîne,,,,,,,,,,,1,1,1,1.0,4
201200009602,0012-08-07 09:15:00,12,8,7,9,15,950,253,R DES TOURELLES,49.0631,1.8658,Plein jour,En agglomération,Hors intersection,Normale,Deux véhicules - côté,,,,,,,,,,,1,2,1,1.0,3
201200009603,0012-08-11 17:15:00,12,8,11,17,15,950,625,RD28,49.1072,1.9726,Plein jour,En agglomération,Hors intersection,Normale,Autre collision,,,,,,,,,,,1,2,1,1.0,6
201200009604,0012-12-19 07:00:00,12,12,19,7,0,950,535,RD 28,49.0592,1.9631,Crépuscule ou aube,Hors agglomération,Hors intersection,Pluie légère,Deux véhicules - arrière,,,,,,,,,,,2,1,1,2.0,2
201200009605,0012-03-08 14:00:00,12,3,8,14,0,950,199,RD 301,49.0305,2.3471,Plein jour,Hors agglomération,Hors intersection,Normale,Deux véhicules - frontale,,,,,,,,,,,1,1,1,1.0,1
201200009606,0012-07-10 17:30:00,12,7,10,17,30,950,28,RD 909,49.0684,2.3391,Plein jour,Hors agglomération,Hors intersection,Normale,Trois véhicules et plus - collisions multiples,,,,,,,,,,,1,1,1,1.0,5
201200009607,0012-08-16 14:45:00,12,8,16,14,45,950,489,R DE PARIS,49.0181,2.3493,Plein jour,Hors agglomération,Hors intersection,Normale,Deux véhicules - côté,,,,,,,,,,,1,1,1,1.0,3
201200009608,0012-08-29 22:00:00,12,8,29,22,0,950,489,RTE DE LA TETE RICHARD,49.0235,2.3553,Nuit sans éclairage public,Hors agglomération,Hors intersection,Normale,Deux véhicules - frontale,,,,,,,,,,,3,1,1,1.0,1
201200009609,0012-09-07 14:30:00,12,9,7,14,30,950,199,AV JEAN JAURES,49.0302,2.3326,Plein jour,En agglomération,Hors intersection,Normale,Deux véhicules - frontale,,,,,,,,,,,1,2,1,1.0,1