accident_id,datetime,annee,mois,jour,heure,minute,departement,commune_insee,adresse,latitude,longitude,luminosite,agglomeration,intersection,meteo,collision,nb_vehicules,nb_usagers,nb_indemnes,nb_tues,nb_blesses_hosp,nb_blesses_legers,age_cond_1,age_cond_2,veh_type_cond_1,veh_type_cond_2,lum_code,agg_code,int_code,atm_code,col_code
201200009610,0012-11-02 12:30:00,12,11,2,12,30,950,489,R DES PETITS POIRIERS,49.0087,2.3463,Plein jour,En agglomération,Intersection en T,Pluie forte,Deux véhicules - côté,,,,,,,,,,,1,2,3,3.0,3
201200009611,0012-12-16 22:00:00,12,12,16,22,0,950,28,RD 909,49.0617,2.3315,Nuit sans éclairage public,Hors agglomération,Hors intersection,Pluie légère,Autre collision,,,,,,,,,,,3,1,1,2.0,6
201200009612,0012-01-10 18:15:00,12,1,10,18,15,950,229,R JEAN ROSTAND,49.0381,2.3407,Nuit avec éclairage allumé,En agglomération,Hors intersection,Normale,Autre collision,,,,,,,,,,,5,2,1,1.0,6
201200009613,0012-03-29 12:00:00,12,3,29,12,0,950,229,R DE DOMONT,49.0341,2.3484,Plein jour,En agglomération,Giratoire,Normale,Autre collision,,,,,,,,,,,1,2,6,1.0,6
201200009614,0012-08-01 16:00:00,12,8,1,16,0,950,229,R DE DOMONT,49.0341,2.3465,Plein jour,En agglomération,Hors intersection,Normale,Deux véhicules - côté,,,,,,,,,,,1,2,1,1.0,3
201200009615,0012-10-02 16:00:00,12,10,2,16,0,950,205,R DE  PARIS,49.0182,2.3822,Plein jour,En agglomération,Hors intersection,Normale,Autre collision,,,,,,,,,,,1,2,1,1.0,6
201200009616,0012-10-31 16:30:00,12,10,31,16,30,950,205,RD 316,49.0269,2.3875,Plein jour,Hors agglomération,Hors intersection,Normale,Deux véhicules - frontale,,,,,,,,,,,1,1,1,1.0,1
201200009617,0012-03-29 19:45:00,12,3,29,19,45,950,241,AV GENERAL DE GAULLE,49.0509,2.4474,Plein jour,En agglomération,Hors intersection,Normale,Deux véhicules - côté,,,,,,,,,,,1,2,1,1.0,3
201200009618,0012-10-05 20:15:00,12,10,5,20,15,950,351,RD 317,49.0344,2.5051,Nuit sans éclairage public,Hors agglomération,Hors intersection,Normale,Autre collision,,,,,,,,,,,3,1,1,1.0,6
201200009619,0012-11-26 09:45:00,12,11,26,9,45,950,351,RD 317,49.0291,2.4889,Plein jour,Hors agglomération,Giratoire,Normale,Deux véhicules - arrière,,,,,,,,,,,1,1,6,1.0,2
201200009620,0012-03-29 17:15:00,12,3,29,17,15,770,455,,,,Plein jour,Hors agglomération,Hors intersection,Normale,Deux véhicules - frontale,,,,,,,,,,,1,1,1,1.0,1
201200009621,0012-07-05 10:30:00,12,7,5,10,30,770,217,,,,Plein jour,Hors agglomération,Autre intersection,Normale,Deux véhicules - côté,,,,,,,,,,,1,1,9,1.0,3
201200009622,0012-07-22 20:30:00,12,7,22,20,30,770,253,,,,Plein jour,Hors agglomération,Giratoire,Normale,Deux véhicules - côté,,,,,,,,,,,1,1,6,1.0,3
201200009623,0012-09-22 06:50:00,12,9,22,6,50,770,127,,,,Crépuscule ou aube,En agglomération,Hors intersection,Brouillard / fumée,Autre collision,,,,,,,,,,,2,2,1,5.0,6
201200009624,0012-09-22 19:15:00,12,9,22,19,15,770,127,,,,Plein jour,Hors agglomération,Intersection en T,Normale,Deux véhicules - côté,,,,,,,,,,,1,1,3,1.0,3
201200009625,0012-10-05 23:30:00,12,10,5,23,30,770,217,RD 319 Petit Grisy,,,Nuit avec éclairage allumé,En agglomération,Hors intersection,Normale,Deux véhicules - frontale,,,,,,,,,,,5,2,1,1.0,1
201200009626,0012-10-21 00:30:00,12,10,21,0,30,770,127,,,,Nuit sans éclairage public,Hors agglomération,Hors intersection,Normale,Autre collision,,,,,,,,,,,3,1,1,1.0,6
201200009627,0012-11-06 16:30:00,12,11,6,16,30,770,127,,,,Plein jour,Hors agglomération,Hors intersection,Normale,Deux véhicules - côté,,,,,,,,,,,1,1,1,1.0,3
201200009628,0012-11-23 07:45:00,12,11,23,7,45,770,455,,,,Plein jour,Hors agglomération,Hors intersection,Normale,Deux véhicules - côté,,,,,,,,,,,1,1,1,1.0,3
201200009629,0012-12-24 04:15:00,12,12,24,4,15,770,455,rue du pont,,,Nuit avec éclairage allumé,En agglomération,Hors intersection,Autre,Autre collision,,,,,,,,,,,5,2,1,9.0,6
201200009630,0012-04-01 16:45:00,12,4,1,16,45,770,165,,,,Plein jour,Hors agglomération,Hors intersection,Normale,Deux véhicules - frontale,,,,,,,,,,,1,1,1,1.0,1
201200009631,0012-05-21 17:45:00,12,5,21,17,45,770,295,,,,Plein jour,En agglomération,Hors intersection,Temps couvert,Autre collision,,,,,,,,,,,1,2,1,8.0,6
201200009632,0012-07-23 15:00:00,12,7,23,15,0,770,266,,,,Plein jour,Hors agglomération,Hors intersection,Normale,Deux véhicules - frontale,,,,,,,,,,,1,1,1,1.0,1
201200009633,0012-08-20 18:15:00,12,8,20,18,15,770,103,,,,Plein jour,Hors agglomération,Hors intersection,Normale,Sans collision,,,,,,,,,,,1,1,1,1.0,7
201200009634,0012-10-08 14:40:00,12,10,8,14,40,770,165,,,,Plein jour,En agglomération,Hors intersection,Pluie légère,Autre collision,,,,,,,,,,,1,2,1,2.0,6
201200009635,0012-01-06 07:45:00,12,1,6,7,45,770,145,,,,Crépuscule ou aube,Hors agglomération,Intersection en T,Normale,Trois véhicules et plus - collisions multiples,,,,,,,,,,,2,1,3,1.0,5
201200009636,0012-03-02 07:00:00,12,3,2,7,0,770,145,,,,Crépuscule ou aube,Hors agglomération,Hors intersection,Brouillard / fumée,Deux véhicules - frontale,,,,,,,,,,,2,1,1,5.0,1
201200009637,0012-03-31 23:30:00,12,3,31,23,30,770,7,37 rue de la Vallée,48.65754,2.86494,Nuit sans éclairage public,En agglomération,Hors intersection,Normale,Autre collision,,,,,,,,,,,3,2,1,1.0,6
201200009638,0012-04-06 17:45:00,12,4,6,17,45,770,138,,,,Plein jour,Hors agglomération,Hors intersection,Normale,Autre collision,,,,,,,,,,,1,1,1,1.0,6
201200009639,0012-05-21 16:30:00,12,5,21,16,30,770,107,,,,Plein jour,Hors agglomération,Hors intersection,Pluie légère,Deux véhicules - frontale,,,,,,,,,,,1,1,1,2.0,1
201200009640,0012-06-27 16:30:00,12,6,27,16,30,770,352,,,,Plein jour,Hors agglomération,Hors intersection,Normale,Deux véhicules - arrière,,,,,,,,,,,1,1,1,1.0,2
201200009641,0012-07-05 18:30:00,12,7,5,18,30,770,493,,48.64678,2.83061,Plein jour,En agglomération,Hors intersection,Pluie forte,Deux véhicules - côté,,,,,,,,,,,1,2,1,3.0,3
201200009642,0012-07-31 02:30:00,12,7,31,2,30,770,10,,,,Nuit sans éclairage public,Hors agglomération,Intersection en T,Brouillard / fumée,Autre collision,,,,,,,,,,,3,1,3,5.0,6
201200009643,0012-10-30 17:00:00,12,10,30,17,0,770,222,,,,Plein jour,En agglomération,Hors intersection,Normale,Deux véhicules - frontale,,,,,,,,,,,1,2,1,1.0,1
201200009644,0012-11-17 06:15:00,12,11,17,6,15,770,192,,,,Nuit sans éclairage public,Hors agglomération,Hors intersection,Brouillard / fumée,Deux véhicules - frontale,,,,,,,,,,,3,1,1,5.0,1
201200009645,0012-01-25 16:15:00,12,1,25,16,15,770,317,rue Charles de Gaulle,,,Plein jour,En agglomération,Hors intersection,Normale,Deux véhicules - frontale,,,,,,,,,,,1,2,1,1.0,1
201200009646,0012-03-14 18:00:00,12,3,14,18,0,770,86,,48.54,2.88,Plein jour,Hors agglomération,Hors intersection,Normale,Deux véhicules - frontale,,,,,,,,,,,1,1,1,1.0,1
201200009647,0012-05-31 07:00:00,12,5,31,7,0,770,381,,,,Crépuscule ou aube,Hors agglomération,Intersection en X,Normale,Deux véhicules - côté,,,,,,,,,,,2,1,2,1.0,3
201200009648,0012-06-30 09:00:00,12,6,30,9,0,770,119,,,,Plein jour,Hors agglomération,Hors intersection,Normale,Sans collision,,,,,,,,,,,1,1,1,1.0,7
201200009649,0012-08-25 10:30:00,12,8,25,10,30,770,10,,,,Plein jour,Hors agglomération,Hors intersection,Temps couvert,Sans collision,,,,,,,,,,,1,1,1,8.0,7
201200009650,0012-09-21 17:45:00,12,9,21,17,45,770,86,RUE GRANDE,,,Plein jour,En agglomération,Hors intersection,Pluie légère,Deux véhicules - arrière,,,,,,,,,,,1,2,1,2.0,2
201200009651,0012-10-23 19:45:00,12,10,23,19,45,770,428,,,,Crépuscule ou aube,Hors agglomération,Intersection en X,Pluie légère,Deux véhicules - côté,,,,,,,,,,,2,1,2,2.0,3
201200009652,0012-12-20 12:00:00,12,12,20,12,0,770,211,,,,Plein jour,Hors agglomération,Hors intersection,Pluie légère,Deux véhicules - frontale,,,,,,,,,,,1,1,1,2.0,1
201200009653,0012-01-03 18:00:00,12,1,3,18,0,770,91,,,,Nuit sans éclairage public,Hors agglomération,Hors intersection,Pluie forte,Deux véhicules - frontale,,,,,,,,,,,3,1,1,3.0,1
201200009654,0012-02-07 08:30:00,12,2,7,8,30,770,470,,,,Crépuscule ou aube,Hors agglomération,Hors intersection,Normale,Deux véhicules - arrière,,,,,,,,,,,2,1,1,1.0,2
201200009655,0012-07-17 03:45:00,12,7,17,3,45,770,104,,,,Nuit sans éclairage public,Hors agglomération,Hors intersection,Normale,Deux véhicules - arrière,,,,,,,,,,,3,1,1,1.0,2
201200009656,0012-02-07 22:15:00,12,2,7,22,15,770,529,,,,Nuit sans éclairage public,Hors agglomération,Hors intersection,Neige / grêle,Sans collision,,,,,,,,,,,3,1,1,4.0,7
201200009657,0012-02-20 16:00:00,12,2,20,16,0,770,142,rue de la Ferté,,,Plein jour,Hors agglomération,Hors intersection,Normale,Sans collision,,,,,,,,,,,1,1,1,1.0,7
201200009658,0012-03-29 15:45:00,12,3,29,15,45,770,225,,,,Plein jour,Hors agglomération,Hors intersection,Normale,Trois véhicules et plus - collisions multiples,,,,,,,,,,,1,1,1,1.0,5
201200009659,0012-05-19 05:45:00,12,5,19,5,45,770,142,RD934-av Charles deGaule,48.866,2.898,Crépuscule ou aube,Hors agglomération,Hors intersection,Pluie légère,Sans collision,,,,,,,,,,,2,1,1,2.0,7
201200009660,0012-06-27 12:15:00,12,6,27,12,15,770,142,,,,Plein jour,Hors agglomération,Hors intersection,Normale,Autre collision,,,,,,,,,,,1,1,1,1.0,6
201200009661,0012-07-29 16:38:00,12,7,29,16,38,770,142,,,,Plein jour,Hors agglomération,Hors intersection,Normale,Sans collision,,,,,,,,,,,1,1,1,1.0,7
201200009662,0012-09-15 11:15:00,12,9,15,11,15,770,128,,,,Plein jour,Hors agglomération,Giratoire,Normale,Deux véhicules - frontale,,,,,,,,,,,1,1,6,1.0,1
201200009663,0012-09-24 06:35:00,12,9,24,6,35,770,49,,,,Crépuscule ou aube,Hors agglomération,Intersection en X,Pluie légère,Autre collision,,,,,,,,,,,2,1,2,2.0,6
201200009664,0012-10-12 09:15:00,12,10,12,9,15,770,142,,,,Plein jour,Hors agglomération,Intersection en T,Normale,Deux véhicules - côté,,,,,,,,,,,1,1,3,1.0,3
201200009665,0012-10-13 15:45:00,12,10,13,15,45,770,443,,,,Plein jour,Hors agglomération,Hors intersection,Pluie légère,Trois véhicules et plus - collisions multiples,,,,,,,,,,,1,1,1,2.0,5
201200009666,0012-11-12 11:45:00,12,11,12,11,45,770,505,,,,Plein jour,Hors agglomération,Hors intersection,Normale,Autre collision,,,,,,,,,,,1,1,1,1.0,6
201200009667,0012-11-24 17:30:00,12,11,24,17,30,770,142,avenue Charles de Gaulle,,,Nuit avec éclairage allumé,En agglomération,Hors intersection,Normale,Autre collision,,,,,,,,,,,5,2,1,1.0,6
201200009668,0012-03-28 07:45:00,12,3,28,7,45,770,406,,,,Plein jour,Hors agglomération,Intersection en X,Normale,Deux véhicules - frontale,,,,,,,,,,,1,1,2,1.0,1
201200009669,0012-07-13 13:15:00,12,7,13,13,15,770,432,,,,Plein jour,Hors agglomération,Hors intersection,Normale,Deux véhicules - frontale,,,,,,,,,,,1,1,1,1.0,1
201200009670,0012-07-23 13:15:00,12,7,23,13,15,770,432,,,,Plein jour,Hors agglomération,Hors intersection,Normale,Deux véhicules - frontale,,,,,,,,,,,1,1,1,1.0,1
201200009671,0012-08-26 06:30:00,12,8,26,6,30,770,113,,,,Crépuscule ou aube,Hors agglomération,Hors intersection,Normale,Sans collision,,,,,,,,,,,2,1,1,1.0,7
201200009672,0012-09-07 20:30:00,12,9,7,20,30,770,278,,,,Crépuscule ou aube,Hors agglomération,Hors intersection,Normale,Sans collision,,,,,,,,,,,2,1,1,1.0,7
201200009673,0012-11-15 14:45:00,12,11,15,14,45,770,385,,,,Plein jour,Hors agglomération,Hors intersection,Normale,Autre collision,,,,,,,,,,,1,1,1,1.0,6
201200009674,0012-12-02 15:00:00,12,12,2,15,0,770,2,,,,Plein jour,Hors agglomération,Hors intersection,Normale,Sans collision,,,,,,,,,,,1,1,1,1.0,7
201200009675,0012-09-03 00:30:00,12,9,3,0,30,770,238,Avenue de la fert?,48.941,3.147,Nuit avec éclairage allumé,En agglomération,Intersection en X,Normale,Deux véhicules - côté,,,,,,,,,,,5,2,2,1.0,3
201200009676,0012-09-22 19:30:00,12,9,22,19,30,770,78,,,,Crépuscule ou aube,Hors agglomération,Intersection en T,Normale,Trois véhicules et plus - collisions multiples,,,,,,,,,,,2,1,3,1.0,5
201200009677,0012-05-09 17:00:00,12,5,9,17,0,770,63,,48.803,2.98,Plein jour,Hors agglomération,Hors intersection,Normale,Deux véhicules - arrière,,,,,,,,,,,1,1,1,1.0,2
201200009678,0012-05-14 22:30:00,12,5,14,22,30,770,237,,,,Nuit sans éclairage public,Hors agglomération,Hors intersection,Normale,Deux véhicules - arrière,,,,,,,,,,,3,1,1,1.0,2
201200009679,0012-06-23 03:00:00,12,6,23,3,0,770,508,,,,Nuit sans éclairage public,Hors agglomération,Hors intersection,Normale,Autre collision,,,,,,,,,,,3,1,1,1.0,6
201200009680,0012-07-02 07:15:00,12,7,2,7,15,770,508,,,,Plein jour,Hors agglomération,Hors intersection,Normale,Trois véhicules et plus - collisions multiples,,,,,,,,,,,1,1,1,1.0,5
201200009681,0012-07-05 10:00:00,12,7,5,10,0,770,229,,,,Plein jour,En agglomération,Intersection en X,Normale,Deux véhicules - frontale,,,,,,,,,,,1,2,2,1.0,1
201200009682,0012-07-13 17:15:00,12,7,13,17,15,770,510,,,,Plein jour,Hors agglomération,Hors intersection,Pluie forte,Trois véhicules et plus - collisions multiples,,,,,,,,,,,1,1,1,3.0,5
201200009683,0012-07-28 08:45:00,12,7,28,8,45,770,508,,,,Plein jour,Hors agglomération,Hors intersection,Normale,Deux véhicules - frontale,,,,,,,,,,,1,1,1,1.0,1
201200009684,0012-09-19 13:30:00,12,9,19,13,30,770,318,,,,Plein jour,Hors agglomération,Intersection en X,Normale,Deux véhicules - côté,,,,,,,,,,,1,1,2,1.0,3
201200009685,0012-10-21 02:45:00,12,10,21,2,45,770,508,,,,Nuit sans éclairage public,Hors agglomération,Hors intersection,Pluie légère,Sans collision,,,,,,,,,,,3,1,1,2.0,7
201200009686,0012-10-23 05:45:00,12,10,23,5,45,770,229,279 ROUTE DE MEAUX,,,Nuit avec éclairage allumé,En agglomération,Hors intersection,Brouillard / fumée,Autre collision,,,,,,,,,,,5,2,1,5.0,6
201200009687,0012-10-29 08:00:00,12,10,29,8,0,770,508,,,,Crépuscule ou aube,Hors agglomération,Hors intersection,Normale,Deux véhicules - frontale,,,,,,,,,,,2,1,1,1.0,1
201200009688,0012-12-05 17:00:00,12,12,5,17,0,770,318,,,,Nuit sans éclairage public,Hors agglomération,Hors intersection,Pluie légère,Trois véhicules et plus - collisions multiples,,,,,,,,,,,3,1,1,2.0,5
201200009689,0012-04-28 11:15:00,12,4,28,11,15,770,393,,,,Plein jour,Hors agglomération,Hors intersection,Normale,Deux véhicules - côté,,,,,,,,,,,1,1,1,1.0,3
201200009690,0012-06-06 14:15:00,12,6,6,14,15,770,31,,,,Plein jour,Hors agglomération,Hors intersection,Normale,Sans collision,,,,,,,,,,,1,1,1,1.0,7
201200009691,0012-07-20 00:01:00,12,7,20,0,1,770,31,Rue du Parc,,,Nuit avec éclairage allumé,En agglomération,Hors intersection,Normale,Sans collision,,,,,,,,,,,5,2,1,1.0,7
201200009692,0012-09-20 08:00:00,12,9,20,8,0,770,277,,,,Plein jour,Hors agglomération,Hors intersection,Temps éblouissant,Trois véhicules et plus - collisions multiples,,,,,,,,,,,1,1,1,7.0,5
201200009693,0012-10-20 21:45:00,12,10,20,21,45,770,365,,,,Nuit sans éclairage public,Hors agglomération,Hors intersection,Pluie légère,Deux véhicules - frontale,,,,,,,,,,,3,1,1,2.0,1
201200009694,0012-03-09 17:15:00,12,3,9,17,15,770,339,grande vall?es/CD16,,,Plein jour,En agglomération,Intersection en X,Normale,Deux véhicules - côté,,,,,,,,,,,1,2,2,1.0,3
201200009695,0012-04-14 17:00:00,12,4,14,17,0,770,339,,,,Plein jour,Hors agglomération,Hors intersection,Normale,Deux véhicules - frontale,,,,,,,,,,,1,1,1,1.0,1
201200009696,0012-05-03 16:00:00,12,5,3,16,0,770,6,,,,Plein jour,Hors agglomération,Hors intersection,Normale,Sans collision,,,,,,,,,,,1,1,1,1.0,7
201200009697,0012-05-26 15:45:00,12,5,26,15,45,770,198,,,,Plein jour,Hors agglomération,Intersection en X,Normale,Deux véhicules - côté,,,,,,,,,,,1,1,2,1.0,3
201200009698,0012-06-25 18:30:00,12,6,25,18,30,770,88,rue du Général de Gaulle,,,Plein jour,En agglomération,Intersection en X,Normale,Deux véhicules - côté,,,,,,,,,,,1,2,2,1.0,3
201200009699,0012-06-30 18:30:00,12,6,30,18,30,770,339,,,,Plein jour,Hors agglomération,Hors intersection,Normale,Deux véhicules - frontale,,,,,,,,,,,1,1,1,1.0,1
201200009700,0012-11-09 08:30:00,12,11,9,8,30,770,60,,,,Plein jour,Hors agglomération,Hors intersection,Brouillard / fumée,Deux véhicules - frontale,,,,,,,,,,,1,1,1,5.0,1
201200009701,0012-11-10 18:30:00,12,11,10,18,30,770,471,,,,Nuit sans éclairage public,Hors agglomération,Hors intersection,Normale,Trois véhicules et plus - collisions multiples,,,,,,,,,,,3,1,1,1.0,5
201200009702,0012-11-18 10:45:00,12,11,18,10,45,770,339,,,,Plein jour,Hors agglomération,Hors intersection,Pluie légère,Sans collision,,,,,,,,,,,1,1,1,2.0,7
201200009703,0012-11-10 21:00:00,12,11,10,21,0,770,99,,48.16558,2.73949,Nuit avec éclairage allumé,Hors agglomération,Hors intersection,Normale,Sans collision,,,,,,,,,,,5,1,1,1.0,7
201200009704,0012-12-05 15:45:00,12,12,5,15,45,770,45,,,,Crépuscule ou aube,Hors agglomération,Hors intersection,Pluie légère,Sans collision,,,,,,,,,,,2,1,1,2.0,7
201200009705,0012-01-10 20:55:00,12,1,10,20,55,770,71,,48.19467,2.80789,Nuit sans éclairage public,Hors agglomération,Hors intersection,Normale,Sans collision,,,,,,,,,,,3,1,1,1.0,7
201200009706,0012-01-19 14:45:00,12,1,19,14,45,770,158,,,,Plein jour,Hors agglomération,Hors intersection,Pluie forte,Sans collision,,,,,,,,,,,1,1,1,3.0,7
201200009707,0012-03-06 20:15:00,12,3,6,20,15,770,504,,,,Nuit sans éclairage public,Hors agglomération,Intersection en X,Pluie légère,Deux véhicules - côté,,,,,,,,,,,3,1,2,2.0,3
201200009708,0012-04-28 19:00:00,12,4,28,19,0,770,465,,48.304,2.95,Crépuscule ou aube,Hors agglomération,Intersection en X,Temps couvert,Trois véhicules et plus - en chaîne,,,,,,,,,,,2,1,2,8.0,4
201200009709,0012-06-12 11:30:00,12,6,12,11,30,770,261,face 8 rue de la motte,48.242,2.902,Plein jour,En agglomération,Intersection en X,Normale,Autre collision,,,,,,,,,,,1,2,2,1.0,6
201200009710,0012-07-21 01:00:00,12,7,21,1,0,770,161,,,,Nuit sans éclairage public,Hors agglomération,Hors intersection,Normale,Autre collision,,,,,,,,,,,3,1,1,1.0,6
201200009711,0012-09-02 02:00:00,12,9,2,2,0,770,353,,,,Nuit sans éclairage public,Hors agglomération,Hors intersection,Normale,Trois véhicules et plus - collisions multiples,,,,,,,,,,,3,1,1,1.0,5
201200009712,0012-09-02 12:45:00,12,9,2,12,45,770,353,,,,Plein jour,Hors agglomération,Hors intersection,Normale,Deux véhicules - côté,,,,,,,,,,,1,1,1,1.0,3
201200009713,0012-09-11 07:00:00,12,9,11,7,0,770,465,,,,Crépuscule ou aube,Hors agglomération,Hors intersection,Normale,Deux véhicules - côté,,,,,,,,,,,2,1,1,1.0,3
201200009714,0012-11-19 06:00:00,12,11,19,6,0,770,387,,,,Nuit sans éclairage public,Hors agglomération,Hors intersection,Brouillard / fumée,Deux véhicules - côté,,,,,,,,,,,3,1,1,5.0,3
201200009715,0012-01-15 17:15:00,12,1,15,17,15,770,153,giratoire de l' Europe,,,Plein jour,En agglomération,Giratoire,Normale,Deux véhicules - côté,,,,,,,,,,,1,2,6,1.0,3
201200009716,0012-08-29 21:45:00,12,8,29,21,45,770,420,,,,Nuit sans éclairage public,Hors agglomération,Hors intersection,Normale,Trois véhicules et plus - collisions multiples,,,,,,,,,,,3,1,1,1.0,5
201200009717,0012-10-08 12:15:00,12,10,8,12,15,770,322,,,,Plein jour,Hors agglomération,Hors intersection,Pluie légère,Deux véhicules - frontale,,,,,,,,,,,1,1,1,2.0,1
201200009718,0012-10-20 13:00:00,12,10,20,13,0,770,323,rue de Senlis CD26,,,Plein jour,En agglomération,Hors intersection,Pluie légère,Deux véhicules - frontale,,,,,,,,,,,1,2,1,2.0,1
201200009719,0012-11-28 20:00:00,12,11,28,20,0,770,323,,,,Nuit sans éclairage public,Hors agglomération,Hors intersection,Normale,Deux véhicules - frontale,,,,,,,,,,,3,1,1,1.0,1
201200009720,0012-01-16 13:00:00,12,1,16,13,0,770,94,,,,Plein jour,Hors agglomération,Autre intersection,Normale,Deux véhicules - arrière,,,,,,,,,,,1,1,9,1.0,2
201200009721,0012-06-10 01:00:00,12,6,10,1,0,770,248,Rue Charles De Gaulle,,,Nuit avec éclairage allumé,En agglomération,Intersection en T,Normale,Deux véhicules - côté,,,,,,,,,,,5,2,3,1.0,3
201200009722,0012-09-07 08:00:00,12,9,7,8,0,770,315,Avenue du 27 ao?t 1944,,,Plein jour,En agglomération,Hors intersection,Normale,Deux véhicules - côté,,,,,,,,,,,1,2,1,1.0,3
201200009723,0012-09-11 05:15:00,12,9,11,5,15,770,234,,,,Nuit sans éclairage public,Hors agglomération,Hors intersection,Temps couvert,Deux véhicules - frontale,,,,,,,,,,,3,1,1,8.0,1
201200009724,0012-11-26 10:30:00,12,11,26,10,30,770,94,,48.953,2.753,Plein jour,Hors agglomération,Hors intersection,Normale,Sans collision,,,,,,,,,,,1,1,1,1.0,7
201200009725,0012-12-04 19:00:00,12,12,4,19,0,770,474,,,,Nuit sans éclairage public,Hors agglomération,Hors intersection,Pluie légère,Deux véhicules - frontale,,,,,,,,,,,3,1,1,2.0,1
201200009726,0012-12-13 07:30:00,12,12,13,7,30,770,5,rue du g?n?ral de gaulle,,,Nuit avec éclairage allumé,En agglomération,Hors intersection,Neige / grêle,Autre collision,,,,,,,,,,,5,2,1,4.0,6
201200009727,0012-12-22 23:00:00,12,12,22,23,0,770,474,,,,Nuit sans éclairage public,Hors agglomération,Hors intersection,Pluie légère,Deux véhicules - côté,,,,,,,,,,,3,1,1,2.0,3
201200009728,0012-12-27 07:45:00,12,12,27,7,45,770,171,Rue Louis Braille,,,Crépuscule ou aube,En agglomération,Hors intersection,Normale,Autre collision,,,,,,,,,,,2,2,1,1.0,6
201200009729,0012-02-12 13:45:00,12,2,12,13,45,770,235,,48.989,3.059,Plein jour,Hors agglomération,Intersection en X,Normale,Deux véhicules - côté,,,,,,,,,,,1,1,2,1.0,3
201200009730,0012-08-12 00:45:00,12,8,12,0,45,770,476,,,,Nuit sans éclairage public,Hors agglomération,Hors intersection,Normale,Deux véhicules - frontale,,,,,,,,,,,3,1,1,1.0,1
201200009731,0012-09-07 09:30:00,12,9,7,9,30,770,490,3 rue Marmoulée,49.0309,3.10902,Plein jour,En agglomération,Hors intersection,Normale,Autre collision,,,,,,,,,,,1,2,1,1.0,6
201200009732,0012-01-25 09:45:00,12,1,25,9,45,770,273,,,,Plein jour,Hors agglomération,Hors intersection,Brouillard / fumée,Trois véhicules et plus - collisions multiples,,,,,,,,,,,1,1,1,5.0,5
201200009733,0012-04-09 19:00:00,12,4,9,19,0,770,476,,,,Plein jour,Hors agglomération,Hors intersection,Pluie légère,Trois véhicules et plus - collisions multiples,,,,,,,,,,,1,1,1,2.0,5
201200009734,0012-08-01 08:15:00,12,8,1,8,15,770,273,,,,Plein jour,Hors agglomération,Hors intersection,Normale,Trois véhicules et plus - collisions multiples,,,,,,,,,,,1,1,1,1.0,5
201200009735,0012-08-05 19:15:00,12,8,5,19,15,770,515,,,,Plein jour,Hors agglomération,Hors intersection,Temps couvert,Autre collision,,,,,,,,,,,1,1,1,8.0,6
201200009736,0012-08-15 23:45:00,12,8,15,23,45,770,437,,,,Nuit sans éclairage public,Hors agglomération,Hors intersection,Normale,Sans collision,,,,,,,,,,,3,1,1,1.0,7
201200009737,0012-11-30 19:30:00,12,11,30,19,30,770,344,,,,Nuit sans éclairage public,Hors agglomération,Intersection en X,Normale,Trois véhicules et plus - collisions multiples,,,,,,,,,,,3,1,2,1.0,5
201200009738,0012-12-02 19:15:00,12,12,2,19,15,770,173,,,,Plein jour,Hors agglomération,Hors intersection,Normale,Trois véhicules et plus - collisions multiples,,,,,,,,,,,1,1,1,1.0,5
201200009739,0012-12-08 16:45:00,12,12,8,16,45,770,430,rue des sources,49.07725,2.79328,Plein jour,En agglomération,Hors intersection,Normale,Deux véhicules - côté,,,,,,,,,,,1,2,1,1.0,3
201200009740,0012-12-24 18:30:00,12,12,24,18,30,770,173,RUE DU COLONEL DUBUJADOU,,,Nuit sans éclairage public,En agglomération,Hors intersection,Normale,Sans collision,,,,,,,,,,,3,2,1,1.0,7
201200009741,0012-01-05 14:00:00,12,1,5,14,0,770,109,,,,Plein jour,Hors agglomération,Hors intersection,Pluie forte,Trois véhicules et plus - collisions multiples,,,,,,,,,,,1,1,1,3.0,5
201200009742,0012-02-03 03:00:00,12,2,3,3,0,770,20,,,,Nuit sans éclairage public,Hors agglomération,Hors intersection,Normale,Deux véhicules - frontale,,,,,,,,,,,3,1,1,1.0,1
201200009743,0012-06-19 08:30:00,12,6,19,8,30,770,20,,,,Plein jour,Hors agglomération,Hors intersection,Normale,Deux véhicules - frontale,,,,,,,,,,,1,1,1,1.0,1
201200009744,0012-06-22 19:30:00,12,6,22,19,30,770,239,,48.64552,3.12061,Plein jour,Hors agglomération,Hors intersection,Normale,Autre collision,,,,,,,,,,,1,1,1,1.0,6
201200009745,0012-07-05 12:30:00,12,7,5,12,30,770,20,,,,Plein jour,Hors agglomération,Hors intersection,Normale,Deux véhicules - frontale,,,,,,,,,,,1,1,1,1.0,1