accident_id,datetime,annee,mois,jour,heure,minute,departement,commune_insee,adresse,latitude,longitude,luminosite,agglomeration,intersection,meteo,collision,nb_vehicules,nb_usagers,nb_indemnes,nb_tues,nb_blesses_hosp,nb_blesses_legers,age_cond_1,age_cond_2,veh_type_cond_1,veh_type_cond_2,lum_code,agg_code,int_code,atm_code,col_code
201200010409,0012-04-01 16:50:00,12,4,1,16,50,60,27,KENNEDY BOULEVARD J.F.,,,Plein jour,En agglomération,Hors intersection,Normale,Deux véhicules - arrière,,,,,,,,,,,1,2,1,1.0,2
201200010410,0012-04-01 11:45:00,12,4,1,11,45,60,123,"106, LECLERC GENERAL AVE",,,Plein jour,En agglomération,Hors intersection,Normale,Autre collision,,,,,,,,,,,1,2,1,1.0,6
201200010411,0012-04-06 15:30:00,12,4,6,15,30,60,123,DONADEI EUGENE AVENUE,,,Plein jour,En agglomération,Hors intersection,Normale,Autre collision,,,,,,,,,,,1,2,1,1.0,6
201200010412,0012-04-07 19:55:00,12,4,7,19,55,60,123,"320, GARE ROUTE DE LA",,,Nuit avec éclairage allumé,En agglomération,Hors intersection,Normale,Deux véhicules - côté,,,,,,,,,,,5,2,1,1.0,3
201200010413,0012-04-07 20:00:00,12,4,7,20,0,60,123,"340, GARE ROUTE DE LA",,,Crépuscule ou aube,En agglomération,Hors intersection,Normale,Deux véhicules - arrière,,,,,,,,,,,2,2,1,1.0,2
201200010414,0012-04-08 17:30:00,12,4,8,17,30,60,27,"16, CHEIRON AVENUE DU",,,Plein jour,En agglomération,Hors intersection,Normale,Trois véhicules et plus - en chaîne,,,,,,,,,,,1,2,1,1.0,4
201200010415,0012-04-10 07:45:00,12,4,10,7,45,60,123,"367, AICARD AVENUE",,,Plein jour,En agglomération,Hors intersection,Normale,Deux véhicules - côté,,,,,,,,,,,1,2,1,1.0,3
201200010416,0012-04-11 10:30:00,12,4,11,10,30,60,27,NICE AVENUE DE (RN7),,,Plein jour,En agglomération,Intersection en T,Normale,Deux véhicules - côté,,,,,,,,,,,1,2,3,1.0,3
201200010417,0012-04-12 07:55:00,12,4,12,7,55,60,123,VESPINS ROUTE DES,,,Plein jour,En agglomération,Intersection en Y,Normale,Deux véhicules - côté,,,,,,,,,,,1,2,4,1.0,3
201200010418,0012-04-15 11:15:00,12,4,15,11,15,60,123,"875, CURIE PIERRE ET MAR",,,Plein jour,En agglomération,Hors intersection,Normale,Deux véhicules - côté,,,,,,,,,,,1,2,1,1.0,3
201200010419,0012-04-16 10:00:00,12,4,16,10,0,60,27,GRASSE AVENUE DE,,,Plein jour,En agglomération,Intersection en T,Normale,Deux véhicules - côté,,,,,,,,,,,1,2,3,1.0,3
201200010420,0012-04-16 12:00:00,12,4,16,12,0,60,27,"41, VAL FLEURI CHEMIN DU",,,Plein jour,En agglomération,Hors intersection,Normale,Deux véhicules - côté,,,,,,,,,,,1,2,1,1.0,3
201200010421,0012-04-16 18:15:00,12,4,16,18,15,60,123,FILAGNES AVENUE DES,,,Plein jour,En agglomération,Intersection en T,Normale,Deux véhicules - côté,,,,,,,,,,,1,2,3,1.0,3
201200010422,0012-04-19 16:50:00,12,4,19,16,50,60,27,JUIN BOULEVARD MARECHAL,,,Plein jour,En agglomération,Hors intersection,Normale,Autre collision,,,,,,,,,,,1,2,1,1.0,6
201200010423,0012-04-28 13:40:00,12,4,28,13,40,60,27,"92, VAL FLEURI CHEMIN DU",,,Plein jour,En agglomération,Hors intersection,Normale,Trois véhicules et plus - collisions multiples,,,,,,,,,,,1,2,1,1.0,5
201200010424,0012-04-30 21:10:00,12,4,30,21,10,60,27,"3, PASQUALINI RUE J.P.",,,Nuit avec éclairage allumé,En agglomération,Hors intersection,Pluie légère,Deux véhicules - arrière,,,,,,,,,,,5,2,1,2.0,2
201200010425,0012-05-05 17:40:00,12,5,5,17,40,60,27,GARE AVENUE DE LA,,,Plein jour,En agglomération,Intersection en T,Normale,Deux véhicules - côté,,,,,,,,,,,1,2,3,1.0,3
201200010426,0012-04-28 13:50:00,12,4,28,13,50,60,27,"92, VAL FLEURI CHEMIN DU",,,Plein jour,En agglomération,Hors intersection,Normale,Trois véhicules et plus - collisions multiples,,,,,,,,,,,1,2,1,1.0,5
201200010427,0012-05-09 08:55:00,12,5,9,8,55,60,27,"22, GRANGE RIMADE RUE",,,Plein jour,En agglomération,Hors intersection,Normale,Deux véhicules - arrière,,,,,,,,,,,1,2,1,1.0,2
201200010428,0012-05-09 17:25:00,12,5,9,17,25,60,123,"436, LIBERATION AVENUE D",,,Plein jour,En agglomération,Intersection en Y,Normale,Trois véhicules et plus - en chaîne,,,,,,,,,,,1,2,4,1.0,4
201200010429,0012-05-10 13:05:00,12,5,10,13,5,60,27,"15, MERMOZ AVENUE JEAN",,,Plein jour,En agglomération,Hors intersection,Normale,Deux véhicules - frontale,,,,,,,,,,,1,2,1,1.0,1
201200010430,0012-05-11 15:30:00,12,5,11,15,30,60,123,GARE ROUTE DE LA,,,Plein jour,En agglomération,Hors intersection,Normale,Deux véhicules - côté,,,,,,,,,,,1,2,1,1.0,3
201200010431,0012-05-12 12:10:00,12,5,12,12,10,60,123,OSSOLA JEAN BOULEVARD,,,Plein jour,En agglomération,Intersection en T,Normale,Deux véhicules - côté,,,,,,,,,,,1,2,3,1.0,3
201200010432,0012-05-14 19:50:00,12,5,14,19,50,60,27,JAURES AVENUE JEAN,,,Plein jour,En agglomération,Intersection en T,Normale,Deux véhicules - arrière,,,,,,,,,,,1,2,3,1.0,2
201200010433,0012-05-17 15:55:00,12,5,17,15,55,60,123,VESPINS ROUTE DES,,,Plein jour,En agglomération,Intersection en T,Normale,Deux véhicules - arrière,,,,,,,,,,,1,2,3,1.0,2
201200010434,0012-05-17 22:50:00,12,5,17,22,50,60,27,NICE AVENUE DE (RN7),,,Nuit avec éclairage allumé,En agglomération,Intersection en T,Normale,Deux véhicules - côté,,,,,,,,,,,5,2,3,1.0,3
201200010435,0012-05-18 07:45:00,12,5,18,7,45,60,27,PROMENADE DE L HIPPODROM,,,Plein jour,En agglomération,Hors intersection,Normale,Deux véhicules - côté,,,,,,,,,,,1,2,1,1.0,3
201200010436,0012-05-19 15:50:00,12,5,19,15,50,60,123,"465/501, BARONNE ROUTE D",,,Plein jour,En agglomération,Hors intersection,Normale,Deux véhicules - côté,,,,,,,,,,,1,2,1,1.0,3
201200010437,0012-05-19 17:00:00,12,5,19,17,0,60,123,"440, GARE ROUTE DE LA",,,Plein jour,En agglomération,Hors intersection,Normale,Trois véhicules et plus - en chaîne,,,,,,,,,,,1,2,1,1.0,4
201200010438,0012-05-29 17:10:00,12,5,29,17,10,60,27,VILLENEUVE AVENUE DE,,,Plein jour,En agglomération,Intersection en T,Normale,Deux véhicules - côté,,,,,,,,,,,1,2,3,1.0,3
201200010439,0012-05-29 12:30:00,12,5,29,12,30,60,27,JUIN BOULEVARD MARECHAL,,,Plein jour,En agglomération,Hors intersection,Normale,Autre collision,,,,,,,,,,,1,2,1,1.0,6
201200010440,0012-05-30 13:00:00,12,5,30,13,0,60,27,VERDUN AVENUE DE,,,Plein jour,En agglomération,Hors intersection,Normale,Autre collision,,,,,,,,,,,1,2,1,1.0,6
201200010441,0012-05-31 13:15:00,12,5,31,13,15,60,27,"34, VAL FLEURI CHEMIN DU",,,Plein jour,En agglomération,Hors intersection,Normale,Deux véhicules - arrière,,,,,,,,,,,1,2,1,1.0,2
201200010442,0012-06-01 11:30:00,12,6,1,11,30,60,27,LAUTIN CHEMIN DU,,,Plein jour,En agglomération,Intersection en T,Normale,Autre collision,,,,,,,,,,,1,2,3,1.0,6
201200010443,0012-06-04 12:20:00,12,6,4,12,20,60,123,"265, LIBERATION AVENUE D",,,Plein jour,En agglomération,Hors intersection,Normale,Deux véhicules - côté,,,,,,,,,,,1,2,1,1.0,3
201200010444,0012-06-05 10:45:00,12,6,5,10,45,60,123,"1819, BORD DE MER RN 98",,,Plein jour,En agglomération,Hors intersection,Normale,Deux véhicules - arrière,,,,,,,,,,,1,2,1,1.0,2
201200010445,0012-06-08 08:45:00,12,6,8,8,45,60,27,"62 BIS, TUILIERES AVENUE",,,Plein jour,En agglomération,Hors intersection,Normale,Trois véhicules et plus - en chaîne,,,,,,,,,,,1,2,1,1.0,4
201200010446,0012-06-08 10:25:00,12,6,8,10,25,60,123,POMPIDOU GEORGES BOULEVA,,,Plein jour,En agglomération,Giratoire,Normale,Deux véhicules - côté,,,,,,,,,,,1,2,6,1.0,3
201200010447,0012-06-09 13:30:00,12,6,9,13,30,60,27,PROMENADE DE L HIPPODROM,,,Plein jour,En agglomération,Hors intersection,Normale,Deux véhicules - côté,,,,,,,,,,,1,2,1,1.0,3
201200010448,0012-06-12 14:10:00,12,6,12,14,10,60,27,JUIN BOULEVARD MARECHAL,,,Plein jour,En agglomération,Hors intersection,Normale,Autre collision,,,,,,,,,,,1,2,1,1.0,6
201200010449,0012-06-12 19:05:00,12,6,12,19,5,60,27,"3, GRASSE AVENUE DE",,,Plein jour,En agglomération,Hors intersection,Normale,Autre collision,,,,,,,,,,,1,2,1,1.0,6
201200010450,0012-06-13 14:45:00,12,6,13,14,45,60,27,LECLERCAVENUE GENERAL,,,Plein jour,En agglomération,Hors intersection,Normale,Autre collision,,,,,,,,,,,1,2,1,1.0,6
201200010451,0012-06-16 22:50:00,12,6,16,22,50,60,123,BORD DE MER RN 98,,,Nuit avec éclairage allumé,En agglomération,Hors intersection,Normale,Trois véhicules et plus - en chaîne,,,,,,,,,,,5,2,1,1.0,4
201200010452,0012-06-19 07:40:00,12,6,19,7,40,60,123,11 NOVEMBRE AVENUE DU,,,Plein jour,En agglomération,Giratoire,Normale,Deux véhicules - arrière,,,,,,,,,,,1,2,6,1.0,2
201200010453,0012-06-22 09:50:00,12,6,22,9,50,60,27,PLAGE BOULEVARD DE LA,,,Plein jour,En agglomération,Hors intersection,Normale,Deux véhicules - arrière,,,,,,,,,,,1,2,1,1.0,2
201200010454,0012-06-26 15:00:00,12,6,26,15,0,60,123,"932, VESPINS ROUTE DES",,,Plein jour,En agglomération,Hors intersection,Normale,Deux véhicules - côté,,,,,,,,,,,1,2,1,1.0,3
201200010455,0012-06-27 16:30:00,12,6,27,16,30,60,27,TUILIERES AVENUE DES,,,Plein jour,En agglomération,Intersection en T,Normale,Deux véhicules - côté,,,,,,,,,,,1,2,3,1.0,3
201200010456,0012-06-28 19:15:00,12,6,28,19,15,60,123,BORD DE MER RN 98,,,Plein jour,En agglomération,Hors intersection,Normale,Trois véhicules et plus - collisions multiples,,,,,,,,,,,1,2,1,1.0,5
201200010457,0012-06-29 11:30:00,12,6,29,11,30,60,123,"1857, BARONNE ROUTE DE L",,,Plein jour,En agglomération,Hors intersection,Normale,Deux véhicules - côté,,,,,,,,,,,1,2,1,1.0,3
201200010458,0012-06-29 20:15:00,12,6,29,20,15,60,123,OLIVIER AVENUE DE L',,,Plein jour,En agglomération,Intersection en T,Normale,Deux véhicules - côté,,,,,,,,,,,1,2,3,1.0,3
201200010459,0012-06-30 09:30:00,12,6,30,9,30,60,123,BORD DE MER RN 98,,,Plein jour,En agglomération,Hors intersection,Normale,Deux véhicules - côté,,,,,,,,,,,1,2,1,1.0,3
201200010460,0012-07-02 14:50:00,12,7,2,14,50,60,27,COTEAU MONTEE DU,,,Plein jour,En agglomération,Intersection en T,Normale,Deux véhicules - arrière,,,,,,,,,,,1,2,3,1.0,2
201200010461,0012-07-04 17:45:00,12,7,4,17,45,60,27,"69, NICE AVENUE DE (RN7)",,,Plein jour,En agglomération,Hors intersection,Normale,Deux véhicules - côté,,,,,,,,,,,1,2,1,1.0,3
201200010462,0012-07-04 23:15:00,12,7,4,23,15,60,27,PLAGE BOULEVARD DE LA,,,Nuit avec éclairage allumé,En agglomération,Intersection en T,Normale,Deux véhicules - arrière,,,,,,,,,,,5,2,3,1.0,2
201200010463,0012-07-05 13:30:00,12,7,5,13,30,60,123,"57, BORD DE MER RN 98",,,Plein jour,En agglomération,Hors intersection,Normale,Deux véhicules - côté,,,,,,,,,,,1,2,1,1.0,3
201200010464,0012-07-06 09:50:00,12,7,6,9,50,60,27,"15, KENNEDY BOULEVARD J.",,,Plein jour,En agglomération,Hors intersection,Normale,Autre collision,,,,,,,,,,,1,2,1,1.0,6
201200010465,0012-07-09 07:00:00,12,7,9,7,0,60,27,"112, PLAGE BOULEVARD DE",,,Plein jour,En agglomération,Hors intersection,Normale,Deux véhicules - arrière,,,,,,,,,,,1,2,1,1.0,2
201200010466,0012-07-09 19:25:00,12,7,9,19,25,60,27,DONAT AVENUE DOCTEUR MAU,,,Plein jour,En agglomération,Intersection en T,Normale,Deux véhicules - côté,,,,,,,,,,,1,2,3,1.0,3
201200010467,0012-07-10 10:20:00,12,7,10,10,20,60,27,CHENES AVENUE DES,,,Plein jour,En agglomération,Hors intersection,Normale,Autre collision,,,,,,,,,,,1,2,1,1.0,6
201200010468,0012-07-12 19:00:00,12,7,12,19,0,60,27,VAL FLEURI CHEMIN DU,,,Plein jour,En agglomération,Intersection en X,Normale,Deux véhicules - côté,,,,,,,,,,,1,2,2,1.0,3
201200010469,0012-07-13 23:35:00,12,7,13,23,35,60,27,PETITS PLANS CHEMIN DES,,,Nuit avec éclairage allumé,En agglomération,Hors intersection,Normale,Sans collision,,,,,,,,,,,5,2,1,1.0,7
201200010470,0012-07-14 03:50:00,12,7,14,3,50,60,27,ALPES AVENUE DES,,,Nuit avec éclairage allumé,En agglomération,Giratoire,Normale,Sans collision,,,,,,,,,,,5,2,6,1.0,7
201200010471,0012-07-15 01:40:00,12,7,15,1,40,60,123,BORD DE MER RN 98,,,Nuit avec éclairage allumé,En agglomération,Hors intersection,Normale,Deux véhicules - arrière,,,,,,,,,,,5,2,1,1.0,2
201200010472,0012-07-15 22:15:00,12,7,15,22,15,60,123,BORD DE MER RN 98,,,Nuit avec éclairage non allumé,En agglomération,Hors intersection,Normale,Autre collision,,,,,,,,,,,4,2,1,1.0,6
201200010473,0012-07-16 07:35:00,12,7,16,7,35,60,123,BORD DE MER RN 98,,,Plein jour,En agglomération,Hors intersection,Normale,Deux véhicules - arrière,,,,,,,,,,,1,2,1,1.0,2
201200010474,0012-07-16 16:05:00,12,7,16,16,5,60,27,PLAGE BOULEVARD DE LA,,,Plein jour,En agglomération,Hors intersection,Normale,Deux véhicules - côté,,,,,,,,,,,1,2,1,1.0,3
201200010475,0012-07-18 00:30:00,12,7,18,0,30,60,27,JUIN BOULEVARD MARECHAL,,,Nuit avec éclairage allumé,En agglomération,Hors intersection,Normale,Sans collision,,,,,,,,,,,5,2,1,1.0,7
201200010476,0012-07-18 17:40:00,12,7,18,17,40,60,123,VESPINS ROUTE DES,,,Plein jour,En agglomération,Intersection en T,Normale,Deux véhicules - côté,,,,,,,,,,,1,2,3,1.0,3
201200010477,0012-07-17 18:15:00,12,7,17,18,15,60,27,"45, COLLETTES CHEMIN DES",,,Plein jour,En agglomération,Hors intersection,Normale,Deux véhicules - frontale,,,,,,,,,,,1,2,1,1.0,1
201200010478,0012-07-21 17:20:00,12,7,21,17,20,60,123,OSSOLA JEAN BOULEVARD,,,Plein jour,En agglomération,Hors intersection,Normale,Deux véhicules - côté,,,,,,,,,,,1,2,1,1.0,3
201200010479,0012-07-24 13:45:00,12,7,24,13,45,60,27,NICE AVENUE DE (RN7),,,Plein jour,En agglomération,Intersection en T,Normale,Deux véhicules - côté,,,,,,,,,,,1,2,3,1.0,3
201200010480,0012-07-24 22:50:00,12,7,24,22,50,60,27,LECLERCAVENUE GENERAL,,,Nuit avec éclairage allumé,En agglomération,Hors intersection,Normale,Deux véhicules - arrière,,,,,,,,,,,5,2,1,1.0,2
201200010481,0012-07-25 10:00:00,12,7,25,10,0,60,123,PAGNOL MARCEL BOULEVARD,,,Plein jour,En agglomération,Giratoire,Normale,Deux véhicules - arrière,,,,,,,,,,,1,2,6,1.0,2
201200010482,0012-07-25 18:30:00,12,7,25,18,30,60,123,"609, BORD DE MER RN 98",,,Plein jour,En agglomération,Hors intersection,Normale,Autre collision,,,,,,,,,,,1,2,1,1.0,6
201200010483,0012-07-26 16:35:00,12,7,26,16,35,60,27,"110, NICE AVENUE DE (RN7",,,Plein jour,En agglomération,Hors intersection,Normale,Sans collision,,,,,,,,,,,1,2,1,1.0,7
201200010484,0012-07-27 22:15:00,12,7,27,22,15,60,27,NICE AVENUE DE (RN7),,,Nuit avec éclairage allumé,En agglomération,Intersection en T,Normale,Deux véhicules - côté,,,,,,,,,,,5,2,3,1.0,3
201200010485,0012-07-30 22:30:00,12,7,30,22,30,60,27,NICE AVENUE DE (RN7),,,Nuit avec éclairage allumé,En agglomération,Intersection en X,Normale,Deux véhicules - côté,,,,,,,,,,,5,2,2,1.0,3
201200010486,0012-07-31 14:35:00,12,7,31,14,35,60,123,"85, MOSCHETTI RUE",,,Plein jour,En agglomération,Hors intersection,Normale,Deux véhicules - côté,,,,,,,,,,,1,2,1,1.0,3
201200010487,0012-07-31 15:20:00,12,7,31,15,20,60,27,GARE AVENUE DE LA,,,Plein jour,En agglomération,Hors intersection,Normale,Deux véhicules - côté,,,,,,,,,,,1,2,1,1.0,3
201200010488,0012-07-31 19:55:00,12,7,31,19,55,60,27,PLAGE BOULEVARD DE LA,,,Plein jour,En agglomération,Intersection en T,Normale,Deux véhicules - arrière,,,,,,,,,,,1,2,3,1.0,2
201200010489,0012-08-07 06:00:00,12,8,7,6,0,60,27,"55, CHENES AVENUE DES",,,Plein jour,En agglomération,Hors intersection,Normale,Autre collision,,,,,,,,,,,1,2,1,1.0,6
201200010490,0012-08-09 19:50:00,12,8,9,19,50,60,123,"750, VESPINS ROUTE DES",,,Plein jour,En agglomération,Hors intersection,Normale,Deux véhicules - côté,,,,,,,,,,,1,2,1,1.0,3
201200010491,0012-08-10 16:25:00,12,8,10,16,25,60,27,"55, GARE AVENUE DE LA",,,Plein jour,En agglomération,Hors intersection,Normale,Autre collision,,,,,,,,,,,1,2,1,1.0,6
201200010492,0012-08-10 19:30:00,12,8,10,19,30,60,27,"115, NICE AVENUE DE (RN7",,,Plein jour,En agglomération,Hors intersection,Normale,Deux véhicules - côté,,,,,,,,,,,1,2,1,1.0,3
201200010493,0012-08-11 00:30:00,12,8,11,0,30,60,27,NICE AVENUE DE (RN7),,,Nuit avec éclairage allumé,En agglomération,Intersection en X,Normale,Deux véhicules - côté,,,,,,,,,,,5,2,2,1.0,3
201200010494,0012-08-14 13:35:00,12,8,14,13,35,60,27,PLAGE BOULEVARD DE LA,,,Plein jour,En agglomération,Intersection en T,Normale,Deux véhicules - arrière,,,,,,,,,,,1,2,3,1.0,2
201200010495,0012-08-19 03:00:00,12,8,19,3,0,60,123,"4677, ST JEANNET ROUTE D",,,Nuit avec éclairage allumé,En agglomération,Hors intersection,Normale,Deux véhicules - frontale,,,,,,,,,,,5,2,1,1.0,1
201200010496,0012-08-19 16:45:00,12,8,19,16,45,60,27,HOTEL DE VILLE AVENUE DE,,,Plein jour,En agglomération,Intersection en Y,Normale,Autre collision,,,,,,,,,,,1,2,4,1.0,6
201200010497,0012-08-21 09:50:00,12,8,21,9,50,60,27,"91, GARE AVENUE DE LA",,,Plein jour,En agglomération,Hors intersection,Normale,Autre collision,,,,,,,,,,,1,2,1,1.0,6
201200010498,0012-08-21 16:35:00,12,8,21,16,35,60,27,"96, VAL FLEURI CHEMIN DU",,,Plein jour,En agglomération,Hors intersection,Normale,Deux véhicules - côté,,,,,,,,,,,1,2,1,1.0,3
201200010499,0012-08-23 10:15:00,12,8,23,10,15,60,123,BERENGER LEON AVENUE,,,Plein jour,En agglomération,Hors intersection,Normale,Deux véhicules - arrière,,,,,,,,,,,1,2,1,1.0,2
201200010500,0012-08-23 17:45:00,12,8,23,17,45,60,27,NICE AVENUE DE (RN7),,,Plein jour,En agglomération,Intersection en X,Normale,Deux véhicules - côté,,,,,,,,,,,1,2,2,1.0,3
201200010501,0012-08-24 16:20:00,12,8,24,16,20,60,123,"652, VESPINS ROUTE DES",,,Plein jour,En agglomération,Hors intersection,Normale,Deux véhicules - arrière,,,,,,,,,,,1,2,1,1.0,2
201200010502,0012-08-25 14:30:00,12,8,25,14,30,60,27,VENCE ROUTE DE,,,Plein jour,En agglomération,Giratoire,Normale,Deux véhicules - côté,,,,,,,,,,,1,2,6,1.0,3
201200010503,0012-08-26 23:05:00,12,8,26,23,5,60,27,"54, GARE AVENUE DE LA",,,Nuit avec éclairage allumé,En agglomération,Intersection en X,Normale,Deux véhicules - côté,,,,,,,,,,,5,2,2,1.0,3
201200010504,0012-08-28 18:55:00,12,8,28,18,55,60,27,NICE AVENUE DE (RN7),,,Plein jour,En agglomération,Intersection en X,Normale,Autre collision,,,,,,,,,,,1,2,2,1.0,6
201200010505,0012-08-30 16:15:00,12,8,30,16,15,60,123,POMPIDOU GEORGES BOULEVA,,,Plein jour,En agglomération,Giratoire,Normale,Deux véhicules - côté,,,,,,,,,,,1,2,6,1.0,3
201200010506,0012-09-02 16:00:00,12,9,2,16,0,60,27,NICE AVENUE DE (RN7),,,Plein jour,En agglomération,Hors intersection,Normale,Trois véhicules et plus - en chaîne,,,,,,,,,,,1,2,1,1.0,4
201200010507,0012-09-03 16:15:00,12,9,3,16,15,60,123,BORD DE MER RN 98,,,Plein jour,En agglomération,Hors intersection,Normale,Deux véhicules - arrière,,,,,,,,,,,1,2,1,1.0,2
201200010508,0012-09-04 12:15:00,12,9,4,12,15,60,123,"380, VESPINS ROUTE DES",,,Plein jour,En agglomération,Hors intersection,Normale,Autre collision,,,,,,,,,,,1,2,1,1.0,6
201200010509,0012-09-05 14:40:00,12,9,5,14,40,60,27,PLAGE BOULEVARD DE LA,,,Plein jour,En agglomération,Hors intersection,Normale,Deux véhicules - arrière,,,,,,,,,,,1,2,1,1.0,2
201200010510,0012-09-06 14:20:00,12,9,6,14,20,60,123,BORD DE MER RN 98,,,Plein jour,En agglomération,Hors intersection,Normale,Autre collision,,,,,,,,,,,1,2,1,1.0,6
201200010511,0012-09-06 15:00:00,12,9,6,15,0,60,123,GUYNEMER AVENUE,,,Plein jour,En agglomération,Giratoire,Normale,Autre collision,,,,,,,,,,,1,2,6,1.0,6
201200010512,0012-09-08 16:15:00,12,9,8,16,15,60,27,"35, GARE AVENUE DE LA",,,Plein jour,En agglomération,Hors intersection,Normale,Trois véhicules et plus - en chaîne,,,,,,,,,,,1,2,1,1.0,4
201200010513,0012-09-10 15:05:00,12,9,10,15,5,60,27,"70, VAL FLEURI CHEMIN DU",,,Plein jour,En agglomération,Hors intersection,Normale,Deux véhicules - côté,,,,,,,,,,,1,2,1,1.0,3
201200010514,0012-09-12 09:30:00,12,9,12,9,30,60,123,PUGETS ROUTE DES,,,Plein jour,En agglomération,Intersection en T,Normale,Deux véhicules - arrière,,,,,,,,,,,1,2,3,1.0,2
201200010515,0012-09-12 13:30:00,12,9,12,13,30,60,27,CIMETIERE MONTEE DU,,,Plein jour,En agglomération,Intersection en T,Normale,Deux véhicules - arrière,,,,,,,,,,,1,2,3,1.0,2
201200010516,0012-09-13 07:45:00,12,9,13,7,45,60,27,COLLE AVENUE DE LA,,,Plein jour,En agglomération,Giratoire,Normale,Deux véhicules - côté,,,,,,,,,,,1,2,6,1.0,3
201200010517,0012-09-14 05:40:00,12,9,14,5,40,60,123,BORD DE MER RN 98,,,Nuit avec éclairage allumé,En agglomération,Intersection en T,Normale,Deux véhicules - arrière,,,,,,,,,,,5,2,3,1.0,2
201200010518,0012-09-15 18:00:00,12,9,15,18,0,60,27,"13, KENNEDY BOULEVARD J.",,,Plein jour,En agglomération,Hors intersection,Normale,Deux véhicules - côté,,,,,,,,,,,1,2,1,1.0,3
201200010519,0012-09-18 21:00:00,12,9,18,21,0,60,123,BORD DE MER RN 98,,,Nuit avec éclairage allumé,En agglomération,Hors intersection,Normale,Deux véhicules - côté,,,,,,,,,,,5,2,1,1.0,3
201200010520,0012-09-19 15:45:00,12,9,19,15,45,60,123,BORD DE MER RN 98,,,Plein jour,En agglomération,Hors intersection,Normale,Deux véhicules - arrière,,,,,,,,,,,1,2,1,1.0,2
201200010521,0012-09-19 20:20:00,12,9,19,20,20,60,27,VERDUN AVENUE DE,,,Crépuscule ou aube,En agglomération,Hors intersection,Normale,Deux véhicules - frontale,,,,,,,,,,,2,2,1,1.0,1
201200010522,0012-09-20 17:05:00,12,9,20,17,5,60,27,CLAVERIE RUE DU BRIGADIE,,,Plein jour,En agglomération,Giratoire,Normale,Deux véhicules - côté,,,,,,,,,,,1,2,6,1.0,3
201200010523,0012-09-21 16:15:00,12,9,21,16,15,60,27,BESSET AVENUE CYRILLE,,,Plein jour,En agglomération,Intersection en T,Normale,Sans collision,,,,,,,,,,,1,2,3,1.0,7
201200010524,0012-09-24 09:00:00,12,9,24,9,0,60,27,PROMENADE DE L HIPPODROM,,,Plein jour,En agglomération,Hors intersection,Pluie légère,Deux véhicules - arrière,,,,,,,,,,,1,2,1,2.0,2
201200010525,0012-09-25 10:25:00,12,9,25,10,25,60,123,"3184, PUGETS MOYENNE COR",,,Plein jour,En agglomération,Hors intersection,Normale,Deux véhicules - frontale,,,,,,,,,,,1,2,1,1.0,1
201200010526,0012-09-26 08:25:00,12,9,26,8,25,60,27,BRECQ CHEMIN DU,,,Plein jour,En agglomération,Hors intersection,Normale,Deux véhicules - côté,,,,,,,,,,,1,2,1,1.0,3
201200010527,0012-09-28 20:30:00,12,9,28,20,30,60,27,NICE AVENUE DE (RN7),,,Nuit avec éclairage allumé,En agglomération,Intersection en T,Normale,Trois véhicules et plus - en chaîne,,,,,,,,,,,5,2,3,1.0,4
201200010528,0012-10-01 07:55:00,12,10,1,7,55,60,123,SAUVAIGO PIERRE AVENUE,,,Plein jour,En agglomération,Hors intersection,Normale,Autre collision,,,,,,,,,,,1,2,1,1.0,6
201200010529,0012-10-02 09:25:00,12,10,2,9,25,60,123,PUGETS AVENUE DES,,,Plein jour,En agglomération,Hors intersection,Normale,Sans collision,,,,,,,,,,,1,2,1,1.0,7
201200010530,0012-10-02 12:05:00,12,10,2,12,5,60,27,"7, JUIN BOULEVARD MARECH",,,Plein jour,En agglomération,Hors intersection,Normale,Trois véhicules et plus - en chaîne,,,,,,,,,,,1,2,1,1.0,4
201200010531,0012-10-02 14:45:00,12,10,2,14,45,60,27,TILLEULS ALLEE DES,,,Plein jour,En agglomération,Hors intersection,Normale,Autre collision,,,,,,,,,,,1,2,1,1.0,6
201200010532,0012-10-04 19:55:00,12,10,4,19,55,60,123,"133, LECLERC GENERAL AVE",,,Crépuscule ou aube,En agglomération,Hors intersection,Normale,Autre collision,,,,,,,,,,,2,2,1,1.0,6
201200010533,0012-10-04 14:45:00,12,10,4,14,45,60,27,MICHEL-ANGE RUE,,,Plein jour,En agglomération,Hors intersection,Normale,Deux véhicules - côté,,,,,,,,,,,1,2,1,1.0,3
201200010534,0012-10-05 07:50:00,12,10,5,7,50,60,27,"28, ST LAURENT CHEMIN DE",,,Plein jour,En agglomération,Hors intersection,Normale,Deux véhicules - côté,,,,,,,,,,,1,2,1,1.0,3
201200010535,0012-10-05 12:35:00,12,10,5,12,35,60,27,BESSET AVENUE CYRILLE,,,Plein jour,En agglomération,Hors intersection,Normale,Deux véhicules - arrière,,,,,,,,,,,1,2,1,1.0,2
201200010536,0012-10-09 16:00:00,12,10,9,16,0,60,123,VERDUN AVENUE DE,,,Plein jour,En agglomération,Hors intersection,Normale,Deux véhicules - côté,,,,,,,,,,,1,2,1,1.0,3
201200010537,0012-10-10 12:05:00,12,10,10,12,5,60,123,POMPIDOU GEORGES BOULEVA,,,Plein jour,En agglomération,Hors intersection,Normale,Trois véhicules et plus - en chaîne,,,,,,,,,,,1,2,1,1.0,4
201200010538,0012-10-10 18:10:00,12,10,10,18,10,60,27,GRASSE AVENUE DE,,,Plein jour,En agglomération,Giratoire,Normale,Deux véhicules - côté,,,,,,,,,,,1,2,6,1.0,3
201200010539,0012-10-14 11:05:00,12,10,14,11,5,60,123,DE GAULLE GENERAL AVENUE,,,Plein jour,En agglomération,Intersection en T,Normale,Deux véhicules - côté,,,,,,,,,,,1,2,3,1.0,3
201200010540,0012-10-14 07:45:00,12,10,14,7,45,60,123,LIBERATION AVENUE DE LA,,,Plein jour,En agglomération,Hors intersection,Pluie légère,Autre collision,,,,,,,,,,,1,2,1,2.0,6