accident_id,datetime,annee,mois,jour,heure,minute,departement,commune_insee,adresse,latitude,longitude,luminosite,agglomeration,intersection,meteo,collision,nb_vehicules,nb_usagers,nb_indemnes,nb_tues,nb_blesses_hosp,nb_blesses_legers,age_cond_1,age_cond_2,veh_type_cond_1,veh_type_cond_2,lum_code,agg_code,int_code,atm_code,col_code
201200010673,0012-07-03 07:30:00,12,7,3,7,30,60,29,"131, GRASSE (AVENUE DE)",,,Plein jour,En agglomération,Hors intersection,Normale,Deux véhicules - frontale,,,,,,,,,,,1,2,1,1.0,1
201200010674,0012-07-03 18:40:00,12,7,3,18,40,60,29,BASTIDE ROUGE,,,Plein jour,En agglomération,Hors intersection,Normale,Deux véhicules - côté,,,,,,,,,,,1,2,1,1.0,3
201200010675,0012-07-04 11:51:00,12,7,4,11,51,60,29,"112, TONNER (AVENUE FRAN",,,Plein jour,En agglomération,Hors intersection,Normale,Autre collision,,,,,,,,,,,1,2,1,1.0,6
201200010676,0012-07-06 12:00:00,12,7,6,12,0,60,29,"1, GRASSE (AVENUE DE)",,,Plein jour,En agglomération,Hors intersection,Normale,Sans collision,,,,,,,,,,,1,2,1,1.0,7
201200010677,0012-07-09 11:10:00,12,7,9,11,10,60,29,REPUBLIQUE (BOULEVARD DE,,,Plein jour,En agglomération,Hors intersection,Normale,Autre collision,,,,,,,,,,,1,2,1,1.0,6
201200010678,0012-07-09 19:15:00,12,7,9,19,15,60,29,CARNOT (BOULEVARD),,,Plein jour,En agglomération,Hors intersection,Normale,Deux véhicules - côté,,,,,,,,,,,1,2,1,1.0,3
201200010679,0012-07-13 01:15:00,12,7,13,1,15,60,29,CROISETTE (BOULEVARD DE,,,Nuit avec éclairage allumé,En agglomération,Hors intersection,Normale,Sans collision,,,,,,,,,,,5,2,1,1.0,7
201200010680,0012-07-13 19:00:00,12,7,13,19,0,60,29,"43, ROI ALBERT (RUE DU)",,,Plein jour,En agglomération,Giratoire,Normale,Deux véhicules - arrière,,,,,,,,,,,1,2,6,1.0,2
201200010681,0012-07-14 06:10:00,12,7,14,6,10,60,29,TONNER (AVENUE FRANCIS),,,Plein jour,En agglomération,Hors intersection,Normale,Deux véhicules - côté,,,,,,,,,,,1,2,1,1.0,3
201200010682,0012-07-15 20:40:00,12,7,15,20,40,60,29,PANTIERO (PROMENADE DE L,,,Crépuscule ou aube,En agglomération,Hors intersection,Normale,Autre collision,,,,,,,,,,,2,2,1,1.0,6
201200010683,0012-07-16 18:30:00,12,7,16,18,30,60,29,"112, MIDI (BOULEVARD DU)",,,Plein jour,En agglomération,Hors intersection,Normale,Autre collision,,,,,,,,,,,1,2,1,1.0,6
201200010684,0012-07-17 14:40:00,12,7,17,14,40,60,29,"06, MIDI (BOULEVARD DU)",,,Plein jour,En agglomération,Hors intersection,Temps éblouissant,Sans collision,,,,,,,,,,,1,2,1,7.0,7
201200010685,0012-07-21 17:41:00,12,7,21,17,41,60,29,BASTIDE ROUGE,,,Plein jour,En agglomération,Hors intersection,Normale,Autre collision,,,,,,,,,,,1,2,1,1.0,6
201200010686,0012-07-23 10:40:00,12,7,23,10,40,60,29,"99, CLEMENCEAU (RUE GEOR",,,Plein jour,En agglomération,Hors intersection,Normale,Deux véhicules - côté,,,,,,,,,,,1,2,1,1.0,3
201200010687,0012-07-24 09:02:00,12,7,24,9,2,60,30,"32, SADI CARNOT (BOULEVA",,,Plein jour,En agglomération,Hors intersection,Temps éblouissant,Autre collision,,,,,,,,,,,1,2,1,7.0,6
201200010688,0012-07-27 10:00:00,12,7,27,10,0,60,29,"66, REPUBLIQUE (BOULEVAR",,,Plein jour,En agglomération,Hors intersection,Normale,Sans collision,,,,,,,,,,,1,2,1,1.0,7
201200010689,0012-07-28 19:00:00,12,7,28,19,0,60,29,BUISSONS ARDENTS,,,Plein jour,En agglomération,Hors intersection,Normale,Deux véhicules - arrière,,,,,,,,,,,1,2,1,1.0,2
201200010690,0012-08-01 07:45:00,12,8,1,7,45,60,29,BORDE (AVENUE DE LA),,,Plein jour,En agglomération,Hors intersection,Normale,Autre collision,,,,,,,,,,,1,2,1,1.0,6
201200010691,0012-08-02 11:50:00,12,8,2,11,50,60,29,GRASSE (AVENUE DE),,,Plein jour,En agglomération,Intersection en X,Normale,Deux véhicules - côté,,,,,,,,,,,1,2,2,1.0,3
201200010692,0012-08-08 08:40:00,12,8,8,8,40,60,29,"00, CROISETTE (BOULEVARD",,,Plein jour,En agglomération,Hors intersection,Normale,Autre collision,,,,,,,,,,,1,2,1,1.0,6
201200010693,0012-08-08 10:12:00,12,8,8,10,12,60,29,GRASSE (AVENUE DE),,,Plein jour,En agglomération,Hors intersection,Normale,Autre collision,,,,,,,,,,,1,2,1,1.0,6
201200010694,0012-08-09 18:19:00,12,8,9,18,19,60,30,"432, COLLINES (CHEMIN DE",,,Plein jour,En agglomération,Hors intersection,Normale,Deux véhicules - frontale,,,,,,,,,,,1,2,1,1.0,1
201200010695,0012-08-12 15:15:00,12,8,12,15,15,60,29,MIDI (BOULEVARD DU),,,Plein jour,En agglomération,Hors intersection,Normale,Autre collision,,,,,,,,,,,1,2,1,1.0,6
201200010696,0012-08-14 18:15:00,12,8,14,18,15,60,29,ALSACE ( BOULEVARD D'),,,Plein jour,En agglomération,Hors intersection,Normale,Deux véhicules - côté,,,,,,,,,,,1,2,1,1.0,3
201200010697,0012-08-16 13:15:00,12,8,16,13,15,60,29,"34, GAZAGNAIRE (BL EUGEN",,,Plein jour,En agglomération,Hors intersection,Normale,Deux véhicules - côté,,,,,,,,,,,1,2,1,1.0,3
201200010698,0012-08-18 20:30:00,12,8,18,20,30,60,29,TONNER (AVENUE FRANCIS),,,Plein jour,En agglomération,Hors intersection,Normale,Autre collision,,,,,,,,,,,1,2,1,1.0,6
201200010699,0012-08-20 08:02:00,12,8,20,8,2,60,29,CROISETTE (BOULEVARD DE,,,Plein jour,En agglomération,Hors intersection,Normale,Deux véhicules - côté,,,,,,,,,,,1,2,1,1.0,3
201200010700,0012-08-21 10:05:00,12,8,21,10,5,60,29,MIDI (BOULEVARD DU),,,Plein jour,En agglomération,Hors intersection,Normale,Autre collision,,,,,,,,,,,1,2,1,1.0,6
201200010701,0012-08-21 10:25:00,12,8,21,10,25,60,29,LIEGE (RUE DE ),,,Plein jour,En agglomération,Hors intersection,Normale,Autre collision,,,,,,,,,,,1,2,1,1.0,6
201200010702,0012-08-21 16:50:00,12,8,21,16,50,60,29,LEADER (BOULEVARD),,,Plein jour,En agglomération,Hors intersection,Normale,Autre collision,,,,,,,,,,,1,2,1,1.0,6
201200010703,0012-08-23 10:20:00,12,8,23,10,20,60,29,"17/19, ASTRID (AVENUE DE",,,Plein jour,En agglomération,Hors intersection,Normale,Autre collision,,,,,,,,,,,1,2,1,1.0,6
201200010704,0012-09-05 18:30:00,12,9,5,18,30,60,29,CORNUT GENTILLE (PLACE B,,,Plein jour,En agglomération,Hors intersection,Normale,Autre collision,,,,,,,,,,,1,2,1,1.0,6
201200010705,0012-09-06 16:55:00,12,9,6,16,55,60,29,MIDI (BOULEVARD DU),,,Plein jour,En agglomération,Hors intersection,Normale,Deux véhicules - arrière,,,,,,,,,,,1,2,1,1.0,2
201200010706,0012-09-10 17:30:00,12,9,10,17,30,60,30,ROOSEVELT (AVENUE FRANKL,,,Plein jour,En agglomération,Hors intersection,Normale,Deux véhicules - côté,,,,,,,,,,,1,2,1,1.0,3
201200010707,0012-09-05 02:00:00,12,9,5,2,0,60,29,ST NICOLAS (AVENUE),,,Nuit avec éclairage allumé,En agglomération,Hors intersection,Normale,Autre collision,,,,,,,,,,,5,2,1,1.0,6
201200010708,0012-09-10 12:11:00,12,9,10,12,11,60,29,RIVAGE (BOULEVARD DU),,,Plein jour,En agglomération,Hors intersection,Normale,Autre collision,,,,,,,,,,,1,2,1,1.0,6
201200010709,0012-09-11 10:25:00,12,9,11,10,25,60,29,JAURES (RUE JEAN),,,Plein jour,En agglomération,Hors intersection,Normale,Sans collision,,,,,,,,,,,1,2,1,1.0,7
201200010710,0012-09-11 16:49:00,12,9,11,16,49,60,30,"43, MERIMEE (RUE PROSPER",,,Plein jour,En agglomération,Hors intersection,Normale,Autre collision,,,,,,,,,,,1,2,1,1.0,6
201200010711,0012-09-13 08:50:00,12,9,13,8,50,60,29,PANTIERO (PROMENADE DE L,,,Plein jour,En agglomération,Hors intersection,Normale,Deux véhicules - arrière,,,,,,,,,,,1,2,1,1.0,2
201200010712,0012-09-13 17:30:00,12,9,13,17,30,60,29,CARNOT (BOULEVARD),,,Plein jour,En agglomération,Hors intersection,Normale,Deux véhicules - côté,,,,,,,,,,,1,2,1,1.0,3
201200010713,0012-09-13 21:12:00,12,9,13,21,12,60,30,JEANPIERRE (AVENUE MAURI,,,Nuit avec éclairage allumé,En agglomération,Hors intersection,Normale,Deux véhicules - côté,,,,,,,,,,,5,2,1,1.0,3
201200010714,0012-09-15 10:15:00,12,9,15,10,15,60,29,MAUBERT (RONT POINT GAL),,,Plein jour,En agglomération,Hors intersection,Normale,Autre collision,,,,,,,,,,,1,2,1,1.0,6
201200010715,0012-09-14 21:30:00,12,9,14,21,30,60,29,"15, MIDI (BOULEVARD DU)",,,Nuit avec éclairage allumé,En agglomération,Hors intersection,Normale,Sans collision,,,,,,,,,,,5,2,1,1.0,7
201200010716,0012-09-19 10:30:00,12,9,19,10,30,60,29,ANGES (IMPASSE DES),,,Plein jour,En agglomération,Hors intersection,Normale,Autre collision,,,,,,,,,,,1,2,1,1.0,6
201200010717,0012-09-20 13:00:00,12,9,20,13,0,60,29,MARCO DEL PONTE (RUE),,,Plein jour,En agglomération,Hors intersection,Normale,Autre collision,,,,,,,,,,,1,2,1,1.0,6
201200010718,0012-09-22 03:12:00,12,9,22,3,12,60,29,COUVERTURE VOIE FERREE,,,Nuit avec éclairage allumé,En agglomération,Intersection en X,Normale,Autre collision,,,,,,,,,,,5,2,2,1.0,6
201200010719,0012-09-29 10:45:00,12,9,29,10,45,60,29,"9, VALLOMBROSA (BOULEBAR",,,Plein jour,En agglomération,Hors intersection,Normale,Deux véhicules - côté,,,,,,,,,,,1,2,1,1.0,3
201200010720,0012-09-30 08:30:00,12,9,30,8,30,60,29,"00, BLEUETS",,,Plein jour,En agglomération,Hors intersection,Normale,Deux véhicules - frontale,,,,,,,,,,,1,2,1,1.0,1
201200010721,0012-10-02 10:00:00,12,10,2,10,0,60,29,MURIERS (AVENUE DES),,,Plein jour,En agglomération,Hors intersection,Normale,Deux véhicules - côté,,,,,,,,,,,1,2,1,1.0,3
201200010722,0012-10-05 14:10:00,12,10,5,14,10,60,30,JONQUIERES (RUE DE),,,Plein jour,En agglomération,Hors intersection,Normale,Autre collision,,,,,,,,,,,1,2,1,1.0,6
201200010723,0012-10-06 10:25:00,12,10,6,10,25,60,29,"00, ST DIZIER (RUE)",,,Plein jour,En agglomération,Hors intersection,Normale,Autre collision,,,,,,,,,,,1,2,1,1.0,6
201200010724,0012-10-04 16:42:00,12,10,4,16,42,60,29,"126, JUIN (AVENUE MARECH",,,Plein jour,En agglomération,Hors intersection,Normale,Deux véhicules - arrière,,,,,,,,,,,1,2,1,1.0,2
201200010725,0012-10-11 10:10:00,12,10,11,10,10,60,29,"00, BRANLY (AVENUE)",,,Plein jour,En agglomération,Hors intersection,Normale,Deux véhicules - côté,,,,,,,,,,,1,2,1,1.0,3
201200010726,0012-10-11 13:30:00,12,10,11,13,30,60,29,BROUSSAILLES (AVENUE DES,,,Plein jour,En agglomération,Hors intersection,Normale,Autre collision,,,,,,,,,,,1,2,1,1.0,6
201200010727,0012-10-11 17:30:00,12,10,11,17,30,60,29,MIDI (BOULEVARD DU),,,Plein jour,En agglomération,Hors intersection,Normale,Deux véhicules - arrière,,,,,,,,,,,1,2,1,1.0,2
201200010728,0012-10-12 07:40:00,12,10,12,7,40,60,30,ROOSEVELT (AVENUE FRANKL,,,Plein jour,En agglomération,Hors intersection,Normale,Deux véhicules - côté,,,,,,,,,,,1,2,1,1.0,3
201200010729,0012-10-12 08:50:00,12,10,12,8,50,60,29,JOURDAN (AVENUE MICHEL),,,Plein jour,En agglomération,Hors intersection,Normale,Autre collision,,,,,,,,,,,1,2,1,1.0,6
201200010730,0012-10-14 15:25:00,12,10,14,15,25,60,29,BRUN (RUE ANTOINE),,,Plein jour,En agglomération,Hors intersection,Normale,Autre collision,,,,,,,,,,,1,2,1,1.0,6
201200010731,0012-10-18 08:00:00,12,10,18,8,0,60,29,"5, ST PIERRE (QUAI)",,,Plein jour,En agglomération,Hors intersection,Normale,Sans collision,,,,,,,,,,,1,2,1,1.0,7
201200010732,0012-10-18 12:00:00,12,10,18,12,0,60,29,GALLIENI (AVENUE MARECHA,,,Plein jour,En agglomération,Hors intersection,Normale,Autre collision,,,,,,,,,,,1,2,1,1.0,6
201200010733,0012-10-19 14:35:00,12,10,19,14,35,60,29,"68, REPUBLIQUE (BOULEVAR",,,Plein jour,En agglomération,Hors intersection,Normale,Deux véhicules - côté,,,,,,,,,,,1,2,1,1.0,3
201200010734,0012-10-19 18:50:00,12,10,19,18,50,60,29,"20, RIOU (BOULEVARD DU)",,,Nuit avec éclairage allumé,En agglomération,Hors intersection,Normale,Sans collision,,,,,,,,,,,5,2,1,1.0,7
201200010735,0012-10-24 14:45:00,12,10,24,14,45,60,29,PANTIERO (PROMENADE DE L,,,Plein jour,En agglomération,Hors intersection,Normale,Sans collision,,,,,,,,,,,1,2,1,1.0,7
201200010736,0012-10-24 15:50:00,12,10,24,15,50,60,29,CROISETTE (BOULEVARD DE,,,Plein jour,En agglomération,Hors intersection,Normale,Sans collision,,,,,,,,,,,1,2,1,1.0,7
201200010737,0012-10-26 11:40:00,12,10,26,11,40,60,29,REPUBLIQUE (BOULEVARD DE,,,Plein jour,En agglomération,Hors intersection,Normale,Sans collision,,,,,,,,,,,1,2,1,1.0,7
201200010738,0012-10-26 18:50:00,12,10,26,18,50,60,29,BUISSONS ARDENTS,,,Plein jour,En agglomération,Hors intersection,Normale,Autre collision,,,,,,,,,,,1,2,1,1.0,6
201200010739,0012-10-27 23:10:00,12,10,27,23,10,60,29,CROISETTE (BOULEVARD DE,,,Nuit avec éclairage allumé,En agglomération,Hors intersection,Normale,Deux véhicules - arrière,,,,,,,,,,,5,2,1,1.0,2
201200010740,0012-10-27 12:00:00,12,10,27,12,0,60,30,SADI CARNOT (BOULEVARD),,,Plein jour,En agglomération,Hors intersection,Normale,Autre collision,,,,,,,,,,,1,2,1,1.0,6
201200010741,0012-11-03 15:40:00,12,11,3,15,40,60,29,"00, VILLAGE (ROUTE DU)",,,Plein jour,En agglomération,Hors intersection,Normale,Autre collision,,,,,,,,,,,1,2,1,1.0,6
201200010742,0012-11-03 16:00:00,12,11,3,16,0,60,30,"00, ROOSEVELT (AVENUE FR",,,Plein jour,En agglomération,Hors intersection,Normale,Trois véhicules et plus - collisions multiples,,,,,,,,,,,1,2,1,1.0,5
201200010743,0012-11-05 10:55:00,12,11,5,10,55,60,29,TRIPET (BOULEVARD EUGENE,,,Plein jour,En agglomération,Hors intersection,Normale,Autre collision,,,,,,,,,,,1,2,1,1.0,6
201200010744,0012-11-09 17:22:00,12,11,9,17,22,60,30,"00, LACOUR (AVENUE)",,,Plein jour,En agglomération,Autre intersection,Normale,Autre collision,,,,,,,,,,,1,2,9,1.0,6
201200010745,0012-11-11 17:20:00,12,11,11,17,20,60,29,PICAUD (AVENUE DR) BOCCA,,,Plein jour,En agglomération,Hors intersection,Pluie légère,Autre collision,,,,,,,,,,,1,2,1,2.0,6
201200010746,0012-11-12 11:00:00,12,11,12,11,0,60,29,"00, TONNER (AVENUE FRANC",,,Plein jour,En agglomération,Hors intersection,Normale,Deux véhicules - côté,,,,,,,,,,,1,2,1,1.0,3
201200010747,0012-11-12 10:00:00,12,11,12,10,0,60,29,CARNOT (BOULEVARD),,,Plein jour,En agglomération,Hors intersection,Normale,Deux véhicules - côté,,,,,,,,,,,1,2,1,1.0,3
201200010748,0012-11-16 17:27:00,12,11,16,17,27,60,29,"00, PICAUD (AVENUE DU DO",,,Nuit avec éclairage allumé,En agglomération,Hors intersection,Normale,Deux véhicules - côté,,,,,,,,,,,5,2,1,1.0,3
201200010749,0012-11-17 13:25:00,12,11,17,13,25,60,29,PICAUD (AVENUE DR) BOCCA,,,Plein jour,En agglomération,Hors intersection,Normale,Autre collision,,,,,,,,,,,1,2,1,1.0,6
201200010750,0012-11-08 18:50:00,12,11,8,18,50,60,30,"1, ORMESSON (RUE D')",,,Nuit avec éclairage allumé,En agglomération,Hors intersection,Normale,Deux véhicules - côté,,,,,,,,,,,5,2,1,1.0,3
201200010751,0012-11-21 15:45:00,12,11,21,15,45,60,29,MAUBERT (RONT POINT GAL),,,Plein jour,En agglomération,Hors intersection,Normale,Deux véhicules - côté,,,,,,,,,,,1,2,1,1.0,3
201200010752,0012-11-22 20:10:00,12,11,22,20,10,60,29,"39, PICAUD (AVENUE DU DO",,,Nuit avec éclairage allumé,En agglomération,Hors intersection,Normale,Deux véhicules - côté,,,,,,,,,,,5,2,1,1.0,3
201200010753,0012-11-24 04:50:00,12,11,24,4,50,60,29,"00, BORDE (AVENUE DE LA)",,,Nuit avec éclairage allumé,En agglomération,Intersection en X,Normale,Deux véhicules - côté,,,,,,,,,,,5,2,2,1.0,3
201200010754,0012-11-30 17:43:00,12,11,30,17,43,60,29,JOURDAN (AVENUE MICHEL),,,Nuit avec éclairage allumé,En agglomération,Hors intersection,Normale,Autre collision,,,,,,,,,,,5,2,1,1.0,6
201200010755,0012-12-03 17:50:00,12,12,3,17,50,60,30,DUNKERQUE (RUE DE),,,Nuit avec éclairage allumé,En agglomération,Hors intersection,Normale,Autre collision,,,,,,,,,,,5,2,1,1.0,6
201200010756,0012-12-06 17:50:00,12,12,6,17,50,60,30,"00, CARNOT (BOULEVARD)",,,Nuit avec éclairage allumé,En agglomération,Hors intersection,Normale,Deux véhicules - arrière,,,,,,,,,,,5,2,1,1.0,2
201200010757,0012-12-06 18:50:00,12,12,6,18,50,60,29,MIDI (BOULEVARD DU),,,Nuit avec éclairage allumé,En agglomération,Hors intersection,Normale,Deux véhicules - frontale,,,,,,,,,,,5,2,1,1.0,1
201200010758,0012-12-07 08:36:00,12,12,7,8,36,60,29,REPUBLIQUE (BOULEVARD DE,,,Plein jour,En agglomération,Intersection en X,Normale,Deux véhicules - côté,,,,,,,,,,,1,2,2,1.0,3
201200010759,0012-12-09 10:30:00,12,12,9,10,30,60,29,"00, NEGRIN (BOULEVARD)",,,Plein jour,En agglomération,Hors intersection,Normale,Deux véhicules - côté,,,,,,,,,,,1,2,1,1.0,3
201200010760,0012-12-11 07:15:00,12,12,11,7,15,60,29,"00, HUGO (RUE VICTOR)(BO",,,Nuit avec éclairage allumé,En agglomération,Hors intersection,Normale,Deux véhicules - côté,,,,,,,,,,,5,2,1,1.0,3
201200010761,0012-12-12 08:05:00,12,12,12,8,5,60,29,"00, PICAUD (AVENUE DU DO",,,Plein jour,En agglomération,Hors intersection,Normale,Deux véhicules - côté,,,,,,,,,,,1,2,1,1.0,3
201200010762,0012-12-13 18:15:00,12,12,13,18,15,60,30,"00, AUBAREDE (CHEMIN DE",,,Nuit avec éclairage allumé,En agglomération,Hors intersection,Pluie forte,Sans collision,,,,,,,,,,,5,2,1,3.0,7
201200010763,0012-12-18 18:30:00,12,12,18,18,30,60,30,"00, CARNOT (BOULEVARD)",,,Nuit avec éclairage allumé,En agglomération,Hors intersection,Normale,Sans collision,,,,,,,,,,,5,2,1,1.0,7
201200010764,0012-12-21 15:20:00,12,12,21,15,20,60,29,CLEMENCEAU (RUE GEORGES),,,Plein jour,En agglomération,Hors intersection,Normale,Deux véhicules - frontale,,,,,,,,,,,1,2,1,1.0,1
201200010765,0012-12-14 13:50:00,12,12,14,13,50,60,29,"54, ANTIBES (RUE D')",,,Plein jour,En agglomération,Hors intersection,Normale,Autre collision,,,,,,,,,,,1,2,1,1.0,6
201200010766,0012-12-26 19:40:00,12,12,26,19,40,60,29,"103, CARNOT (BOULEVARD)",,,Nuit avec éclairage allumé,En agglomération,Hors intersection,Normale,Sans collision,,,,,,,,,,,5,2,1,1.0,7
201200010767,0012-01-01 00:50:00,12,1,1,0,50,60,69,"26, DUVAL (AVENUE MATHIA",,,Nuit avec éclairage allumé,En agglomération,Hors intersection,Normale,Sans collision,,,,,,,,,,,5,2,1,1.0,7
201200010768,0012-01-02 07:00:00,12,1,2,7,0,60,69,"x, MASSEBOEUF (CHEMIN)",,,Nuit avec éclairage allumé,En agglomération,Hors intersection,Normale,Sans collision,,,,,,,,,,,5,2,1,1.0,7
201200010769,0012-01-02 13:30:00,12,1,2,13,30,60,69,"x, SEMARD (AVENUE PIERRE",,,Plein jour,En agglomération,Hors intersection,Pluie légère,Sans collision,,,,,,,,,,,1,2,1,2.0,7
201200010770,0012-01-03 19:45:00,12,1,3,19,45,60,69,"21, SAINTE LORETTE (AVEN",,,Nuit avec éclairage allumé,En agglomération,Hors intersection,Normale,Autre collision,,,,,,,,,,,5,2,1,1.0,6
201200010771,0012-01-16 13:30:00,12,1,16,13,30,60,69,"x, SAINTE LORETTE (AVENU",,,Plein jour,En agglomération,Hors intersection,Normale,Deux véhicules - arrière,,,,,,,,,,,1,2,1,1.0,2
201200010772,0012-01-19 19:15:00,12,1,19,19,15,60,69,"x, PAGNOL (BOULEVARD MAR",,,Crépuscule ou aube,En agglomération,Hors intersection,Normale,Sans collision,,,,,,,,,,,2,2,1,1.0,7
201200010773,0012-01-20 11:00:00,12,1,20,11,0,60,69,"x, SIDI BRAHIM (AVENUE)",,,Plein jour,En agglomération,Hors intersection,Normale,Deux véhicules - côté,,,,,,,,,,,1,2,1,1.0,3
201200010774,0012-01-20 16:30:00,12,1,20,16,30,60,69,"103, CANNES (ROUTE DE)",,,Plein jour,En agglomération,Hors intersection,Vent fort / tempête,Autre collision,,,,,,,,,,,1,2,1,6.0,6
201200010775,0012-01-20 19:40:00,12,1,20,19,40,60,69,"114, SEMARD (AVENUE PIER",,,Nuit avec éclairage allumé,En agglomération,Hors intersection,Normale,Trois véhicules et plus - collisions multiples,,,,,,,,,,,5,2,1,1.0,5
201200010776,0012-01-21 18:20:00,12,1,21,18,20,60,69,"x, MADELEINE",,,Plein jour,En agglomération,Autre intersection,Normale,Autre collision,,,,,,,,,,,1,2,9,1.0,6
201200010777,0012-01-22 18:20:00,12,1,22,18,20,60,69,"62, VICTOR HUGO  (BD)",,,Nuit avec éclairage allumé,En agglomération,Hors intersection,Normale,Deux véhicules - frontale,,,,,,,,,,,5,2,1,1.0,1
201200010778,0012-01-24 14:30:00,12,1,24,14,30,60,69,"184, PLASCASSIER (route",,,Plein jour,En agglomération,Hors intersection,Normale,Sans collision,,,,,,,,,,,1,2,1,1.0,7
201200010779,0012-01-27 06:25:00,12,1,27,6,25,60,69,"73, VICTOR HUGO  (BD)",,,Crépuscule ou aube,En agglomération,Hors intersection,Normale,Autre collision,,,,,,,,,,,2,2,1,1.0,6
201200010780,0012-01-28 12:40:00,12,1,28,12,40,60,69,"67, CANNES (ROUTE DE)  -",,,Plein jour,En agglomération,Hors intersection,Pluie légère,Deux véhicules - arrière,,,,,,,,,,,1,2,1,2.0,2
201200010781,0012-01-30 19:30:00,12,1,30,19,30,60,69,"x, ROUQUIER (BOULEVARD E",,,Crépuscule ou aube,Hors agglomération,Hors intersection,Pluie légère,Deux véhicules - frontale,,,,,,,,,,,2,1,1,2.0,1
201200010782,0012-01-31 07:00:00,12,1,31,7,0,60,69,"105, DRAGUIGNAN (ROUTE D",,,Crépuscule ou aube,En agglomération,Hors intersection,Normale,Deux véhicules - frontale,,,,,,,,,,,2,2,1,1.0,1
201200010783,0012-01-31 07:30:00,12,1,31,7,30,60,69,"x, SIDI BRAHIM (AVENUE)",,,Plein jour,En agglomération,Hors intersection,Pluie légère,Autre collision,,,,,,,,,,,1,2,1,2.0,6
201200010784,0012-01-31 11:40:00,12,1,31,11,40,60,69,"X, CANNES (ROUTE DE)  -R",,,Plein jour,En agglomération,Hors intersection,Pluie légère,Trois véhicules et plus - en chaîne,,,,,,,,,,,1,2,1,2.0,4
201200010785,0012-02-05 16:40:00,12,2,5,16,40,60,69,"x, PAOUTE (ROUTE ET TRAV",,,Plein jour,En agglomération,Hors intersection,Normale,Trois véhicules et plus - collisions multiples,,,,,,,,,,,1,2,1,1.0,5
201200010786,0012-02-06 14:20:00,12,2,6,14,20,60,69,"x, MARIGARDE (ROUTE DE L",,,Plein jour,En agglomération,Hors intersection,Normale,Sans collision,,,,,,,,,,,1,2,1,1.0,7
201200010787,0012-02-13 19:30:00,12,2,13,19,30,60,69,"x, CHAPELLE SAINT ANTOIN",,,Plein jour,En agglomération,Hors intersection,Normale,Sans collision,,,,,,,,,,,1,2,1,1.0,7
201200010788,0012-02-14 18:25:00,12,2,14,18,25,60,69,"167, CANNES (ROUTE DE)",,,Crépuscule ou aube,En agglomération,Hors intersection,Normale,Deux véhicules - arrière,,,,,,,,,,,2,2,1,1.0,2
201200010789,0012-02-16 17:50:00,12,2,16,17,50,60,69,"17, CANNES (ROUTE DE)  -",,,Crépuscule ou aube,En agglomération,Hors intersection,Normale,Sans collision,,,,,,,,,,,2,2,1,1.0,7
201200010790,0012-02-16 18:20:00,12,2,16,18,20,60,69,"x, CHENES (CHEMIN DES)",,,Plein jour,En agglomération,Hors intersection,Normale,Deux véhicules - côté,,,,,,,,,,,1,2,1,1.0,3
201200010791,0012-02-18 12:40:00,12,2,18,12,40,60,69,"x, MISTRAL (AVENUE ET PL",,,Plein jour,En agglomération,Hors intersection,Normale,Deux véhicules - frontale,,,,,,,,,,,1,2,1,1.0,1
201200010792,0012-02-19 11:30:00,12,2,19,11,30,60,69,"22, PROVENCE (AVENUE DE)",,,Plein jour,En agglomération,Hors intersection,Normale,Deux véhicules - arrière,,,,,,,,,,,1,2,1,1.0,2
201200010793,0012-02-20 11:50:00,12,2,20,11,50,60,69,"45, SIDI BRAHIM (AVENUE)",,,Plein jour,En agglomération,Hors intersection,Normale,Autre collision,,,,,,,,,,,1,2,1,1.0,6
201200010794,0012-02-22 14:00:00,12,2,22,14,0,60,69,"50, CANNES (ROUTE DE)  -",,,Plein jour,En agglomération,Hors intersection,Normale,Deux véhicules - frontale,,,,,,,,,,,1,2,1,1.0,1
201200010795,0012-02-27 22:30:00,12,2,27,22,30,60,69,"72, VICTOR HUGO  (BD)",,,Nuit avec éclairage allumé,En agglomération,Hors intersection,Normale,Sans collision,,,,,,,,,,,5,2,1,1.0,7
201200010796,0012-03-08 09:30:00,12,3,8,9,30,60,69,"x, DE GAULLE (AVENUE DU",,,Plein jour,En agglomération,Hors intersection,Normale,Sans collision,,,,,,,,,,,1,2,1,1.0,7
201200010797,0012-03-13 23:10:00,12,3,13,23,10,60,69,"83, PLASCASSIER (route d",,,Nuit avec éclairage allumé,En agglomération,Hors intersection,Normale,Sans collision,,,,,,,,,,,5,2,1,1.0,7
201200010798,0012-03-16 17:45:00,12,3,16,17,45,60,69,"50, CANNES (ROUTE DE)  -",,,Plein jour,En agglomération,Hors intersection,Normale,Deux véhicules - frontale,,,,,,,,,,,1,2,1,1.0,1
201200010799,0012-03-17 14:30:00,12,3,17,14,30,60,69,"x, ROURE DE LA GACHE (CH",,,Plein jour,En agglomération,Hors intersection,Normale,Sans collision,,,,,,,,,,,1,2,1,1.0,7
201200010800,0012-03-19 09:20:00,12,3,19,9,20,60,69,"x, PLAN (ROUTE DU) -D304",,,Plein jour,En agglomération,Hors intersection,Normale,Sans collision,,,,,,,,,,,1,2,1,1.0,7
201200010801,0012-03-23 16:25:00,12,3,23,16,25,60,69,"x, SEMARD (AVENUE PIERRE",,,Plein jour,En agglomération,Hors intersection,Normale,Deux véhicules - arrière,,,,,,,,,,,1,2,1,1.0,2
201200010802,0012-03-23 19:05:00,12,3,23,19,5,60,69,"X, CARNOT (BOULEVARD ET",,,Nuit avec éclairage allumé,En agglomération,Hors intersection,Normale,Deux véhicules - côté,,,,,,,,,,,5,2,1,1.0,3
201200010803,0012-03-24 09:20:00,12,3,24,9,20,60,69,"x, SEMARD (AVENUE PIERRE",,,Plein jour,En agglomération,Hors intersection,Normale,Deux véhicules - arrière,,,,,,,,,,,1,2,1,1.0,2