accident_id,datetime,annee,mois,jour,heure,minute,departement,commune_insee,adresse,latitude,longitude,luminosite,agglomeration,intersection,meteo,collision,nb_vehicules,nb_usagers,nb_indemnes,nb_tues,nb_blesses_hosp,nb_blesses_legers,age_cond_1,age_cond_2,veh_type_cond_1,veh_type_cond_2,lum_code,agg_code,int_code,atm_code,col_code
201200010804,0012-03-24 13:15:00,12,3,24,13,15,60,69,"48, CHENES (CHEMIN DES)",,,Plein jour,En agglomération,Hors intersection,Normale,Deux véhicules - côté,,,,,,,,,,,1,2,1,1.0,3
201200010805,0012-03-28 18:40:00,12,3,28,18,40,60,69,"27, CHATEAUFOLIE (CHEMIN",,,Crépuscule ou aube,En agglomération,Hors intersection,Normale,Sans collision,,,,,,,,,,,2,2,1,1.0,7
201200010806,0012-04-05 12:30:00,12,4,5,12,30,60,69,"x, SEMARD (AVENUE PIERRE",,,Plein jour,En agglomération,Hors intersection,Normale,Trois véhicules et plus - en chaîne,,,,,,,,,,,1,2,1,1.0,4
201200010807,0012-04-09 11:30:00,12,4,9,11,30,60,69,"x, GARAGAI (CHEMIN DU)",,,Plein jour,En agglomération,Hors intersection,Normale,Sans collision,,,,,,,,,,,1,2,1,1.0,7
201200010808,0012-04-11 08:35:00,12,4,11,8,35,60,69,"x, NAPOLEON (ROUTE)",,,Plein jour,Hors agglomération,Hors intersection,Normale,Sans collision,,,,,,,,,,,1,1,1,1.0,7
201200010809,0012-04-12 13:00:00,12,4,12,13,0,60,69,"105, MISTRAL (AVENUE ET",,,Plein jour,En agglomération,Hors intersection,Normale,Autre collision,,,,,,,,,,,1,2,1,1.0,6
201200010810,0012-04-15 04:25:00,12,4,15,4,25,60,69,"160, PEGOMAS (ROUTE DE)",,,Nuit avec éclairage allumé,En agglomération,Hors intersection,Normale,Autre collision,,,,,,,,,,,5,2,1,1.0,6
201200010811,0012-04-17 11:20:00,12,4,17,11,20,60,69,"x, MARIGARDE (ROUTE DE L",,,Plein jour,En agglomération,Hors intersection,Normale,Autre collision,,,,,,,,,,,1,2,1,1.0,6
201200010812,0012-04-18 14:00:00,12,4,18,14,0,60,69,"x, MISTRAL (AVENUE ET PL",,,Plein jour,En agglomération,Hors intersection,Normale,Deux véhicules - côté,,,,,,,,,,,1,2,1,1.0,3
201200010813,0012-04-19 08:20:00,12,4,19,8,20,60,69,"x, SEMARD (AVENUE PIERRE",,,Plein jour,En agglomération,Hors intersection,Normale,Deux véhicules - arrière,,,,,,,,,,,1,2,1,1.0,2
201200010814,0012-04-20 19:00:00,12,4,20,19,0,60,69,"X, DE LATTRE DE TASSIGNY",,,Plein jour,En agglomération,Hors intersection,Normale,Deux véhicules - arrière,,,,,,,,,,,1,2,1,1.0,2
201200010815,0012-04-20 19:05:00,12,4,20,19,5,60,69,"x, SAINT MATHIEU (ROUTE",,,Plein jour,Hors agglomération,Hors intersection,Normale,Sans collision,,,,,,,,,,,1,1,1,1.0,7
201200010816,0012-04-22 13:00:00,12,4,22,13,0,60,69,"48, CHENES (CHEMIN DES)",,,Plein jour,En agglomération,Hors intersection,Normale,Deux véhicules - côté,,,,,,,,,,,1,2,1,1.0,3
201200010817,0012-04-23 14:30:00,12,4,23,14,30,60,69,"24, CASTORS (CHEMIN DES)",,,Plein jour,En agglomération,Hors intersection,Normale,Sans collision,,,,,,,,,,,1,2,1,1.0,7
201200010818,0012-04-28 13:30:00,12,4,28,13,30,60,69,"1, SAINT MARC - LE PLAN",,,Plein jour,En agglomération,Hors intersection,Normale,Sans collision,,,,,,,,,,,1,2,1,1.0,7
201200010819,0012-04-29 08:50:00,12,4,29,8,50,60,69,"x, AURIBEAU (ROUTE D')",,,Plein jour,En agglomération,Hors intersection,Pluie légère,Sans collision,,,,,,,,,,,1,2,1,2.0,7
201200010820,0012-05-06 13:40:00,12,5,6,13,40,60,69,"55, VALBONNE (ROUTE)",,,Plein jour,En agglomération,Hors intersection,Normale,Autre collision,,,,,,,,,,,1,2,1,1.0,6
201200010821,0012-05-07 08:40:00,12,5,7,8,40,60,69,"X, CAVALERIE (CHEMIN ET",,,Plein jour,En agglomération,Hors intersection,Normale,Deux véhicules - côté,,,,,,,,,,,1,2,1,1.0,3
201200010822,0012-05-07 20:45:00,12,5,7,20,45,60,69,"96, CANNES (ROUTE DE)  -",,,Crépuscule ou aube,En agglomération,Hors intersection,Normale,Deux véhicules - frontale,,,,,,,,,,,2,2,1,1.0,1
201200010823,0012-05-11 18:40:00,12,5,11,18,40,60,69,"101, SAINT CHRISTOPHE (C",,,Plein jour,En agglomération,Hors intersection,Normale,Sans collision,,,,,,,,,,,1,2,1,1.0,7
201200010824,0012-05-13 15:25:00,12,5,13,15,25,60,69,"18, LIONS (AVENUE HONORE",,,Plein jour,En agglomération,Hors intersection,Normale,Deux véhicules - frontale,,,,,,,,,,,1,2,1,1.0,1
201200010825,0012-05-14 22:25:00,12,5,14,22,25,60,69,"x, DRAGUIGNAN (ROUTE DE)",,,Nuit avec éclairage allumé,En agglomération,Hors intersection,Normale,Autre collision,,,,,,,,,,,5,2,1,1.0,6
201200010826,0012-05-17 13:45:00,12,5,17,13,45,60,69,"x, VALBONNE (ROUTE)",,,Plein jour,En agglomération,Hors intersection,Normale,Deux véhicules - frontale,,,,,,,,,,,1,2,1,1.0,1
201200010827,0012-05-17 18:15:00,12,5,17,18,15,60,69,"x, LECLERC (BOULEVARD DU",,,Plein jour,En agglomération,Hors intersection,Normale,Autre collision,,,,,,,,,,,1,2,1,1.0,6
201200010828,0012-05-18 20:50:00,12,5,18,20,50,60,69,"54, MARIGARDE (ROUTE DE",,,Nuit avec éclairage allumé,En agglomération,Hors intersection,Normale,Autre collision,,,,,,,,,,,5,2,1,1.0,6
201200010829,0012-05-19 14:40:00,12,5,19,14,40,60,69,"144, SEMARD (AVENUE PIER",,,Plein jour,En agglomération,Hors intersection,Normale,Autre collision,,,,,,,,,,,1,2,1,1.0,6
201200010830,0012-05-21 13:05:00,12,5,21,13,5,60,69,"X, PASTEUR (BOULEVARD)",,,Plein jour,Hors agglomération,Hors intersection,Pluie légère,Sans collision,,,,,,,,,,,1,1,1,2.0,7
201200010831,0012-05-25 09:15:00,12,5,25,9,15,60,69,"x, POMPIDOU (AVENUE GEOR",,,Plein jour,En agglomération,Hors intersection,Normale,Autre collision,,,,,,,,,,,1,2,1,1.0,6
201200010832,0012-05-26 19:30:00,12,5,26,19,30,60,69,"50, TASSIGNY (AVENUE DEL",,,Plein jour,En agglomération,Hors intersection,Normale,Deux véhicules - côté,,,,,,,,,,,1,2,1,1.0,3
201200010833,0012-05-31 09:00:00,12,5,31,9,0,60,69,"x, GRAND CHENE (CHEMIN D",,,Plein jour,En agglomération,Hors intersection,Normale,Autre collision,,,,,,,,,,,1,2,1,1.0,6
201200010834,0012-06-01 07:30:00,12,6,1,7,30,60,69,"x, SANTON (CHEMIN DU)",,,Plein jour,En agglomération,Hors intersection,Normale,Deux véhicules - arrière,,,,,,,,,,,1,2,1,1.0,2
201200010835,0012-06-05 16:55:00,12,6,5,16,55,60,69,"46, TASSIGNY (AVENUE DEL",,,Plein jour,En agglomération,Hors intersection,Normale,Autre collision,,,,,,,,,,,1,2,1,1.0,6
201200010836,0012-06-06 19:05:00,12,6,6,19,5,60,69,"x, FANTON D'ANDON (ROND-",,,Plein jour,En agglomération,Hors intersection,Normale,Sans collision,,,,,,,,,,,1,2,1,1.0,7
201200010837,0012-06-07 07:15:00,12,6,7,7,15,60,69,"18, CAPUCINS (CHEMIN ET",,,Plein jour,En agglomération,Hors intersection,Normale,Autre collision,,,,,,,,,,,1,2,1,1.0,6
201200010838,0012-06-07 07:55:00,12,6,7,7,55,60,69,"X, DRAGUIGNAN (ROUTE DE)",,,Plein jour,En agglomération,Hors intersection,Normale,Deux véhicules - côté,,,,,,,,,,,1,2,1,1.0,3
201200010839,0012-06-07 21:45:00,12,6,7,21,45,60,69,"X, CRESP (COURS HONORE)",,,Crépuscule ou aube,En agglomération,Giratoire,Normale,Deux véhicules - côté,,,,,,,,,,,2,2,6,1.0,3
201200010840,0012-06-08 19:40:00,12,6,8,19,40,60,69,"x, COMBATTANTS D'AFRIQUE",,,Plein jour,En agglomération,Hors intersection,Normale,Deux véhicules - côté,,,,,,,,,,,1,2,1,1.0,3
201200010841,0012-06-09 18:45:00,12,6,9,18,45,60,69,"67, LIBERATION (AVENUE D",,,Plein jour,En agglomération,Hors intersection,Normale,Deux véhicules - arrière,,,,,,,,,,,1,2,1,1.0,2
201200010842,0012-06-11 13:45:00,12,6,11,13,45,60,69,"X, CANNES (ROUTE DE)  -R",,,Plein jour,En agglomération,Intersection en T,Normale,Deux véhicules - côté,,,,,,,,,,,1,2,3,1.0,3
201200010843,0012-06-11 16:40:00,12,6,11,16,40,60,69,"x, CHENES (CHEMIN DES)",,,Plein jour,En agglomération,Hors intersection,Normale,Deux véhicules - arrière,,,,,,,,,,,1,2,1,1.0,2
201200010844,0012-06-15 14:20:00,12,6,15,14,20,60,69,"X, FRAGONARD (BOULEVARD",,,Plein jour,En agglomération,Hors intersection,Normale,Autre collision,,,,,,,,,,,1,2,1,1.0,6
201200010845,0012-06-16 06:50:00,12,6,16,6,50,60,69,"X, MARIGARDE (ROUTE DE L",,,Crépuscule ou aube,En agglomération,Hors intersection,Normale,Deux véhicules - frontale,,,,,,,,,,,2,2,1,1.0,1
201200010846,0012-06-19 07:00:00,12,6,19,7,0,60,69,"51, TOURACHE (CHEMIN DE",,,Plein jour,En agglomération,Hors intersection,Normale,Sans collision,,,,,,,,,,,1,2,1,1.0,7
201200010847,0012-06-19 21:00:00,12,6,19,21,0,60,69,"19, CHIRIS (AVENUE, IMPA",,,Crépuscule ou aube,En agglomération,Hors intersection,Normale,Deux véhicules - frontale,,,,,,,,,,,2,2,1,1.0,1
201200010848,0012-06-20 00:01:00,12,6,20,0,1,60,69,"95, MISTRAL (AVENUE ET P",,,Nuit avec éclairage allumé,En agglomération,Hors intersection,Normale,Autre collision,,,,,,,,,,,5,2,1,1.0,6
201200010849,0012-06-20 12:30:00,12,6,20,12,30,60,69,"321, DRAGUIGNAN (ROUTE D",,,Plein jour,En agglomération,Hors intersection,Normale,Deux véhicules - côté,,,,,,,,,,,1,2,1,1.0,3
201200010850,0012-06-21 21:00:00,12,6,21,21,0,60,69,"12, CANNES (ROUTE DE)  -",,,Plein jour,En agglomération,Hors intersection,Normale,Deux véhicules - frontale,,,,,,,,,,,1,2,1,1.0,1
201200010851,0012-06-23 12:05:00,12,6,23,12,5,60,69,"x, FRAGONARD (BOULEVARD",,,Plein jour,En agglomération,Hors intersection,Normale,Deux véhicules - arrière,,,,,,,,,,,1,2,1,1.0,2
201200010852,0012-06-24 18:55:00,12,6,24,18,55,60,69,"50, CANNES (ROUTE DE)  -",,,Plein jour,En agglomération,Hors intersection,Normale,Sans collision,,,,,,,,,,,1,2,1,1.0,7
201200010853,0012-06-27 15:55:00,12,6,27,15,55,60,69,"x, CAPUCINS (CHEMIN ET I",,,Plein jour,En agglomération,Giratoire,Normale,Deux véhicules - côté,,,,,,,,,,,1,2,6,1.0,3
201200010854,0012-07-04 12:10:00,12,7,4,12,10,60,69,"x, CRESP (COURS HONORE)",,,Plein jour,En agglomération,Hors intersection,Normale,Deux véhicules - côté,,,,,,,,,,,1,2,1,1.0,3
201200010855,0012-07-06 18:48:00,12,7,6,18,48,60,69,"128, PAOUTE (ROUTE ET TR",,,Plein jour,En agglomération,Hors intersection,Normale,Autre collision,,,,,,,,,,,1,2,1,1.0,6
201200010856,0012-07-09 15:30:00,12,7,9,15,30,60,69,"/, LIBERATION (AVENUE DE",,,Plein jour,En agglomération,Hors intersection,Normale,Sans collision,,,,,,,,,,,1,2,1,1.0,7
201200010857,0012-07-09 18:25:00,12,7,9,18,25,60,69,DRAGUIGNAN (ROUTE DE) -,,,Plein jour,En agglomération,Intersection en T,Normale,Deux véhicules - côté,,,,,,,,,,,1,2,3,1.0,3
201200010858,0012-07-11 15:37:00,12,7,11,15,37,60,69,POUIRAQUE (TRAVERSE D,,,Plein jour,En agglomération,Intersection en T,Normale,Autre collision,,,,,,,,,,,1,2,3,1.0,6
201200010859,0012-07-12 11:40:00,12,7,12,11,40,60,69,"33, SAINT MATHIEU (ROUTE",,,Plein jour,En agglomération,Hors intersection,Normale,Deux véhicules - côté,,,,,,,,,,,1,2,1,1.0,3
201200010860,0012-07-13 14:56:00,12,7,13,14,56,60,69,"/, PAOUTE (ROUTE ET TRAV",,,Plein jour,En agglomération,Intersection en T,Normale,Deux véhicules - côté,,,,,,,,,,,1,2,3,1.0,3
201200010861,0012-07-14 11:25:00,12,7,14,11,25,60,69,"x, SEMARD (AVENUE PIERRE",,,Plein jour,En agglomération,Intersection en T,Normale,Deux véhicules - arrière,,,,,,,,,,,1,2,3,1.0,2
201200010862,0012-07-17 06:30:00,12,7,17,6,30,60,69,"78, DUNANT (AVENUE HENRI",,,Plein jour,En agglomération,Hors intersection,Normale,Deux véhicules - frontale,,,,,,,,,,,1,2,1,1.0,1
201200010863,0012-07-17 12:15:00,12,7,17,12,15,60,69,"/, CANNES (ROUTE DE)  -R",,,Plein jour,En agglomération,Hors intersection,Normale,Deux véhicules - côté,,,,,,,,,,,1,2,1,1.0,3
201200010864,0012-07-17 16:20:00,12,7,17,16,20,60,69,"x, MARIGARDE (ROUTE DE L",,,Plein jour,En agglomération,Giratoire,Normale,Deux véhicules - côté,,,,,,,,,,,1,2,6,1.0,3
201200010865,0012-07-21 12:20:00,12,7,21,12,20,60,69,"67, LIBERATION (AVENUE D",,,Plein jour,En agglomération,Hors intersection,Normale,Deux véhicules - arrière,,,,,,,,,,,1,2,1,1.0,2
201200010866,0012-07-23 07:05:00,12,7,23,7,5,60,69,"/, PROVENCE (AVENUE DE)",,,Plein jour,En agglomération,Hors intersection,Normale,Autre collision,,,,,,,,,,,1,2,1,1.0,6
201200010867,0012-07-24 17:21:00,12,7,24,17,21,60,69,"55, BASTIDE (AVENUE DE L",,,Plein jour,En agglomération,Hors intersection,Temps éblouissant,Deux véhicules - frontale,,,,,,,,,,,1,2,1,7.0,1
201200010868,0012-07-27 19:15:00,12,7,27,19,15,60,69,"/, CHENES (ALLEE ET ROND",,,Plein jour,En agglomération,Giratoire,Normale,Deux véhicules - côté,,,,,,,,,,,1,2,6,1.0,3
201200010869,0012-08-02 07:50:00,12,8,2,7,50,60,69,"/, Zone Industrielle du",,,Plein jour,En agglomération,Hors intersection,Normale,Deux véhicules - côté,,,,,,,,,,,1,2,1,1.0,3
201200010870,0012-08-02 19:30:00,12,8,2,19,30,60,69,"/, CARNOT (BOULEVARD ET",,,Plein jour,En agglomération,Intersection en T,Normale,Deux véhicules - côté,,,,,,,,,,,1,2,3,1.0,3
201200010871,0012-08-06 14:40:00,12,8,6,14,40,60,69,"/, SAINT MATHIEU (ROUTE",,,Plein jour,En agglomération,Hors intersection,Normale,Trois véhicules et plus - en chaîne,,,,,,,,,,,1,2,1,1.0,4
201200010872,0012-08-06 18:00:00,12,8,6,18,0,60,69,"38, AURIBEAU (ROUTE D')",,,Plein jour,En agglomération,Hors intersection,Normale,Autre collision,,,,,,,,,,,1,2,1,1.0,6
201200010873,0012-08-10 10:45:00,12,8,10,10,45,60,69,"/, DE LATTRE DE TASSIGNY",,,Plein jour,En agglomération,Hors intersection,Normale,Deux véhicules - arrière,,,,,,,,,,,1,2,1,1.0,2
201200010874,0012-08-11 09:55:00,12,8,11,9,55,60,69,"132, ROUQUIER (BOULEVARD",,,Plein jour,En agglomération,Hors intersection,Normale,Sans collision,,,,,,,,,,,1,2,1,1.0,7
201200010875,0012-08-16 16:10:00,12,8,16,16,10,60,69,"107, RENOIR (AVENUE AUGU",,,Plein jour,En agglomération,Intersection en Y,Normale,Deux véhicules - arrière,,,,,,,,,,,1,2,4,1.0,2
201200010876,0012-08-22 09:30:00,12,8,22,9,30,60,69,"57, CANNES (ROUTE DE)  -",,,Plein jour,En agglomération,Hors intersection,Normale,Autre collision,,,,,,,,,,,1,2,1,1.0,6
201200010877,0012-08-22 17:45:00,12,8,22,17,45,60,69,"12, GAMBETTA (BOULEVARD",,,Plein jour,En agglomération,Hors intersection,Normale,Deux véhicules - arrière,,,,,,,,,,,1,2,1,1.0,2
201200010878,0012-08-23 09:10:00,12,8,23,9,10,60,69,"/, SIDI BRAHIM (AVENUE)",,,Plein jour,En agglomération,Intersection en T,Normale,Deux véhicules - côté,,,,,,,,,,,1,2,3,1.0,3
201200010879,0012-08-23 18:05:00,12,8,23,18,5,60,69,"18, CARNOT (BOULEVARD ET",,,Plein jour,En agglomération,Hors intersection,Normale,Autre collision,,,,,,,,,,,1,2,1,1.0,6
201200010880,0012-08-23 18:20:00,12,8,23,18,20,60,69,"65, DE LATTRE DE TASSIGN",,,Plein jour,En agglomération,Hors intersection,Normale,Deux véhicules - frontale,,,,,,,,,,,1,2,1,1.0,1
201200010881,0012-08-25 03:35:00,12,8,25,3,35,60,69,"156, PLASCASSIER (route",,,Nuit avec éclairage allumé,En agglomération,Hors intersection,Normale,Sans collision,,,,,,,,,,,5,2,1,1.0,7
201200010882,0012-08-25 19:30:00,12,8,25,19,30,60,69,"177, SAINT MATHIEU (ROUT",,,Plein jour,En agglomération,Hors intersection,Normale,Deux véhicules - frontale,,,,,,,,,,,1,2,1,1.0,1
201200010883,0012-08-26 11:35:00,12,8,26,11,35,60,69,"X, MARIGARDE (ROUTE DE L",,,Plein jour,En agglomération,Hors intersection,Normale,Sans collision,,,,,,,,,,,1,2,1,1.0,7
201200010884,0012-08-27 09:30:00,12,8,27,9,30,60,69,"50, PAOUTE (ROUTE ET TRA",,,Plein jour,En agglomération,Hors intersection,Normale,Deux véhicules - côté,,,,,,,,,,,1,2,1,1.0,3
201200010885,0012-08-31 12:25:00,12,8,31,12,25,60,69,"35, SAINT LAURENT (AVENU",,,Plein jour,En agglomération,Hors intersection,Normale,Autre collision,,,,,,,,,,,1,2,1,1.0,6
201200010886,0012-09-01 10:35:00,12,9,1,10,35,60,69,"x, PAOUTE (ROUTE ET TRAV",,,Plein jour,En agglomération,Hors intersection,Normale,Deux véhicules - côté,,,,,,,,,,,1,2,1,1.0,3
201200010887,0012-09-03 07:55:00,12,9,3,7,55,60,69,"89, ROUQUIER (BOULEVARD",,,Plein jour,En agglomération,Hors intersection,Normale,Sans collision,,,,,,,,,,,1,2,1,1.0,7
201200010888,0012-09-03 20:05:00,12,9,3,20,5,60,69,"39, SIDI BRAHIM (AVENUE)",,,Crépuscule ou aube,En agglomération,Hors intersection,Normale,Deux véhicules - arrière,,,,,,,,,,,2,2,1,1.0,2
201200010889,0012-09-04 11:10:00,12,9,4,11,10,60,69,"14, ROUQUIER (BOULEVARD",,,Plein jour,En agglomération,Hors intersection,Normale,Autre collision,,,,,,,,,,,1,2,1,1.0,6
201200010890,0012-09-05 08:30:00,12,9,5,8,30,60,69,"158, CANNES (ROUTE DE)",,,Plein jour,En agglomération,Hors intersection,Normale,Deux véhicules - arrière,,,,,,,,,,,1,2,1,1.0,2
201200010891,0012-09-05 10:00:00,12,9,5,10,0,60,69,"x, NAPOLEON (ROUTE)",,,Plein jour,Hors agglomération,Hors intersection,Normale,Deux véhicules - frontale,,,,,,,,,,,1,1,1,1.0,1
201200010892,0012-09-10 07:55:00,12,9,10,7,55,60,69,"20, SEMARD (AVENUE PIERR",,,Plein jour,En agglomération,Hors intersection,Normale,Trois véhicules et plus - en chaîne,,,,,,,,,,,1,2,1,1.0,4
201200010893,0012-09-10 10:50:00,12,9,10,10,50,60,69,"/, FRAGONARD (BOULEVARD",,,Plein jour,En agglomération,Hors intersection,Normale,Sans collision,,,,,,,,,,,1,2,1,1.0,7
201200010894,0012-09-11 13:45:00,12,9,11,13,45,60,69,"50, SIDI BRAHIM (AVENUE)",,,Plein jour,En agglomération,Hors intersection,Normale,Deux véhicules - arrière,,,,,,,,,,,1,2,1,1.0,2
201200010895,0012-09-11 18:00:00,12,9,11,18,0,60,69,"/, MISTRAL (AVENUE ET PL",,,Plein jour,En agglomération,Hors intersection,Normale,Sans collision,,,,,,,,,,,1,2,1,1.0,7
201200010896,0012-09-15 11:20:00,12,9,15,11,20,60,69,"1815, NAPOLEON (ROUTE)",,,Plein jour,En agglomération,Hors intersection,Normale,Deux véhicules - arrière,,,,,,,,,,,1,2,1,1.0,2
201200010897,0012-09-18 12:10:00,12,9,18,12,10,60,69,"/, SEMARD (AVENUE PIERRE",,,Plein jour,En agglomération,Hors intersection,Normale,Sans collision,,,,,,,,,,,1,2,1,1.0,7
201200010898,0012-09-23 21:00:00,12,9,23,21,0,60,69,"34, DRAGUIGNAN (ROUTE DE",,,Nuit avec éclairage allumé,En agglomération,Hors intersection,Normale,Deux véhicules - frontale,,,,,,,,,,,5,2,1,1.0,1
201200010899,0012-09-24 10:25:00,12,9,24,10,25,60,69,"362, PLASCASSIER (route",,,Plein jour,En agglomération,Hors intersection,Pluie forte,Sans collision,,,,,,,,,,,1,2,1,3.0,7
201200010900,0012-09-24 14:40:00,12,9,24,14,40,60,69,"10, SIDI BRAHIM (AVENUE)",,,Plein jour,En agglomération,Hors intersection,Normale,Sans collision,,,,,,,,,,,1,2,1,1.0,7
201200010901,0012-09-25 07:30:00,12,9,25,7,30,60,69,"44, PLASCASSIER (route d",,,Plein jour,En agglomération,Hors intersection,Pluie légère,Deux véhicules - frontale,,,,,,,,,,,1,2,1,2.0,1
201200010902,0012-09-26 16:25:00,12,9,26,16,25,60,69,"43, ROURE DE LA GACHE (C",,,Plein jour,En agglomération,Hors intersection,Pluie légère,Deux véhicules - frontale,,,,,,,,,,,1,2,1,2.0,1
201200010903,0012-09-26 20:50:00,12,9,26,20,50,60,69,"67, CANNES (ROUTE DE)  -",,,Nuit avec éclairage allumé,En agglomération,Hors intersection,Pluie forte,Deux véhicules - arrière,,,,,,,,,,,5,2,1,3.0,2
201200010904,0012-09-28 12:55:00,12,9,28,12,55,60,69,"62, SAINTE ANNE (CHEMIN,",,,Plein jour,En agglomération,Hors intersection,Normale,Sans collision,,,,,,,,,,,1,2,1,1.0,7
201200010905,0012-09-29 14:15:00,12,9,29,14,15,60,69,"40, SAINT LAURENT (AVENU",,,Plein jour,En agglomération,Hors intersection,Pluie légère,Deux véhicules - frontale,,,,,,,,,,,1,2,1,2.0,1
201200010906,0012-10-01 11:00:00,12,10,1,11,0,60,69,"755, PARETTES (CHEMIN DE",,,Plein jour,En agglomération,Hors intersection,Normale,Autre collision,,,,,,,,,,,1,2,1,1.0,6
201200010907,0012-10-04 15:50:00,12,10,4,15,50,60,69,"X, Rd point des Quatre C",,,Plein jour,En agglomération,Hors intersection,Normale,Deux véhicules - côté,,,,,,,,,,,1,2,1,1.0,3
201200010908,0012-10-04 18:20:00,12,10,4,18,20,60,69,"5, ROUQUIER (BOULEVARD E",,,Plein jour,En agglomération,Hors intersection,Normale,Deux véhicules - arrière,,,,,,,,,,,1,2,1,1.0,2
201200010909,0012-10-05 15:00:00,12,10,5,15,0,60,69,"165, PEGOMAS (ROUTE DE)",,,Plein jour,En agglomération,Hors intersection,Normale,Deux véhicules - côté,,,,,,,,,,,1,2,1,1.0,3
201200010910,0012-10-12 12:00:00,12,10,12,12,0,60,69,"/, CAPUCINS (CHEMIN ET I",,,Plein jour,En agglomération,Hors intersection,Normale,Deux véhicules - côté,,,,,,,,,,,1,2,1,1.0,3
201200010911,0012-10-12 12:15:00,12,10,12,12,15,60,69,"x, PLASCASSIER (route de",,,Plein jour,En agglomération,Hors intersection,Normale,Deux véhicules - arrière,,,,,,,,,,,1,2,1,1.0,2
201200010912,0012-10-12 15:15:00,12,10,12,15,15,60,69,"/, ROUQUIER (BOULEVARD E",,,Plein jour,En agglomération,Intersection en T,Normale,Deux véhicules - côté,,,,,,,,,,,1,2,3,1.0,3
201200010913,0012-10-12 16:50:00,12,10,12,16,50,60,69,"46, DUNANT (AVENUE HENRI",,,Plein jour,En agglomération,Hors intersection,Normale,Deux véhicules - côté,,,,,,,,,,,1,2,1,1.0,3
201200010914,0012-10-13 13:00:00,12,10,13,13,0,60,69,"85, MOTTET (PLACE PIERRE",,,Plein jour,En agglomération,Hors intersection,Normale,Sans collision,,,,,,,,,,,1,2,1,1.0,7
201200010915,0012-10-15 07:50:00,12,10,15,7,50,60,69,"22, LECLERC (BOULEVARD D",,,Plein jour,En agglomération,Hors intersection,Normale,Deux véhicules - côté,,,,,,,,,,,1,2,1,1.0,3
201200010916,0012-10-15 13:25:00,12,10,15,13,25,60,69,"/, SEMARD (AVENUE PIERRE",,,Plein jour,En agglomération,Intersection en T,Normale,Deux véhicules - côté,,,,,,,,,,,1,2,3,1.0,3
201200010917,0012-10-16 16:45:00,12,10,16,16,45,60,69,"28, POMPIDOU (AVENUE GEO",,,Plein jour,En agglomération,Hors intersection,Normale,Deux véhicules - arrière,,,,,,,,,,,1,2,1,1.0,2
201200010918,0012-10-17 17:15:00,12,10,17,17,15,60,69,"145, PARETTES (CHEMIN DE",,,Plein jour,Hors agglomération,Hors intersection,Normale,Autre collision,,,,,,,,,,,1,1,1,1.0,6
201200010919,0012-10-20 16:50:00,12,10,20,16,50,60,69,"130, SEMARD (AVENUE PIER",,,Plein jour,En agglomération,Hors intersection,Normale,Deux véhicules - arrière,,,,,,,,,,,1,2,1,1.0,2
201200010920,0012-10-24 08:00:00,12,10,24,8,0,60,69,"203, RENOIR (AVENUE AUGU",,,Plein jour,En agglomération,Hors intersection,Normale,Deux véhicules - frontale,,,,,,,,,,,1,2,1,1.0,1
201200010921,0012-10-26 07:55:00,12,10,26,7,55,60,69,"/, CAPUCINS (CHEMIN ET I",,,Crépuscule ou aube,En agglomération,Hors intersection,Pluie forte,Deux véhicules - côté,,,,,,,,,,,2,2,1,3.0,3
201200010922,0012-11-05 21:40:00,12,11,5,21,40,60,69,"/, NAPOLEON (ROUTE)",,,Nuit sans éclairage public,Hors agglomération,Hors intersection,Normale,Sans collision,,,,,,,,,,,3,1,1,1.0,7
201200010923,0012-11-08 22:15:00,12,11,8,22,15,60,69,"x, DRAGUIGNAN (ROUTE DE)",,,Nuit avec éclairage allumé,En agglomération,Intersection en T,Normale,Deux véhicules - côté,,,,,,,,,,,5,2,3,1.0,3
201200010924,0012-11-09 09:30:00,12,11,9,9,30,60,69,"158, CANNES (ROUTE DE)",,,Plein jour,En agglomération,Hors intersection,Temps éblouissant,Deux véhicules - côté,,,,,,,,,,,1,2,1,7.0,3
201200010925,0012-11-09 19:20:00,12,11,9,19,20,60,69,"x, PAGNOL (BOULEVARD MAR",,,Nuit avec éclairage allumé,En agglomération,Hors intersection,Normale,Sans collision,,,,,,,,,,,5,2,1,1.0,7
201200010926,0012-11-11 17:20:00,12,11,11,17,20,60,69,"x, SAINT MATHIEU (ROUTE",,,Crépuscule ou aube,En agglomération,Hors intersection,Normale,Autre collision,,,,,,,,,,,2,2,1,1.0,6
201200010927,0012-11-13 19:00:00,12,11,13,19,0,60,69,"34, SEMARD (AVENUE PIERR",,,Crépuscule ou aube,En agglomération,Hors intersection,Normale,Autre collision,,,,,,,,,,,2,2,1,1.0,6
201200010928,0012-11-14 13:45:00,12,11,14,13,45,60,69,"x, SEMARD - LA GARE (AVE",,,Plein jour,En agglomération,Hors intersection,Normale,Trois véhicules et plus - en chaîne,,,,,,,,,,,1,2,1,1.0,4
201200010929,0012-11-14 17:30:00,12,11,14,17,30,60,69,"/, SAINTE ANNE (CHEMIN,",,,Plein jour,En agglomération,Hors intersection,Normale,Sans collision,,,,,,,,,,,1,2,1,1.0,7
201200010930,0012-11-15 10:40:00,12,11,15,10,40,60,69,"23, SAINTE LORETTE (AVEN",,,Plein jour,En agglomération,Hors intersection,Normale,Deux véhicules - côté,,,,,,,,,,,1,2,1,1.0,3
201200010931,0012-11-16 09:10:00,12,11,16,9,10,60,69,"167, CANNES (ROUTE DE)",,,Plein jour,En agglomération,Hors intersection,Normale,Autre collision,,,,,,,,,,,1,2,1,1.0,6
201200010932,0012-11-17 18:00:00,12,11,17,18,0,60,69,"x, PASTEUR (BOULEVARD)",,,Nuit avec éclairage allumé,En agglomération,Hors intersection,Normale,Deux véhicules - frontale,,,,,,,,,,,5,2,1,1.0,1
201200010933,0012-11-18 14:20:00,12,11,18,14,20,60,69,"x, CANNES (ROUTE DE)  -R",,,Plein jour,En agglomération,Hors intersection,Normale,Sans collision,,,,,,,,,,,1,2,1,1.0,7