accident_id,datetime,annee,mois,jour,heure,minute,departement,commune_insee,adresse,latitude,longitude,luminosite,agglomeration,intersection,meteo,collision,nb_vehicules,nb_usagers,nb_indemnes,nb_tues,nb_blesses_hosp,nb_blesses_legers,age_cond_1,age_cond_2,veh_type_cond_1,veh_type_cond_2,lum_code,agg_code,int_code,atm_code,col_code
201200010934,0012-11-19 19:20:00,12,11,19,19,20,60,69,"x, GRAND CHENE (CHEMIN D",,,Nuit avec éclairage allumé,En agglomération,Hors intersection,Normale,Deux véhicules - frontale,,,,,,,,,,,5,2,1,1.0,1
201200010935,0012-11-20 08:30:00,12,11,20,8,30,60,69,"/, VALBONNE (ROUTE)",,,Plein jour,En agglomération,Hors intersection,Normale,Deux véhicules - arrière,,,,,,,,,,,1,2,1,1.0,2
201200010936,0012-11-20 18:00:00,12,11,20,18,0,60,69,"180, PEGOMAS (ROUTE DE)",,,Nuit avec éclairage allumé,En agglomération,Hors intersection,Normale,Deux véhicules - côté,,,,,,,,,,,5,2,1,1.0,3
201200010937,0012-11-21 12:10:00,12,11,21,12,10,60,69,"x, CARNOT (BOULEVARD ET",,,Plein jour,En agglomération,Hors intersection,Normale,Deux véhicules - côté,,,,,,,,,,,1,2,1,1.0,3
201200010938,0012-11-25 22:30:00,12,11,25,22,30,60,69,"99, SIDI BRAHIM (AVENUE)",,,Nuit avec éclairage allumé,En agglomération,Hors intersection,Normale,Sans collision,,,,,,,,,,,5,2,1,1.0,7
201200010939,0012-11-26 08:15:00,12,11,26,8,15,60,69,"20, RAYBAUD (AVENUE FELI",,,Plein jour,En agglomération,Hors intersection,Normale,Trois véhicules et plus - en chaîne,,,,,,,,,,,1,2,1,1.0,4
201200010940,0012-11-26 10:05:00,12,11,26,10,5,60,69,"124, SEMARD (AVENUE PIER",,,Plein jour,En agglomération,Hors intersection,Normale,Autre collision,,,,,,,,,,,1,2,1,1.0,6
201200010941,0012-11-26 18:40:00,12,11,26,18,40,60,69,"41, SAINT EXUPERY (AVENU",,,Nuit avec éclairage allumé,En agglomération,Hors intersection,Normale,Trois véhicules et plus - collisions multiples,,,,,,,,,,,5,2,1,1.0,5
201200010942,0012-11-28 13:00:00,12,11,28,13,0,60,69,"/, PASTEUR (BOULEVARD)",,,Plein jour,En agglomération,Hors intersection,Normale,Sans collision,,,,,,,,,,,1,2,1,1.0,7
201200010943,0012-12-01 23:35:00,12,12,1,23,35,60,69,"30, PEGOMAS (ROUTE DE)",,,Nuit avec éclairage allumé,En agglomération,Hors intersection,Normale,Sans collision,,,,,,,,,,,5,2,1,1.0,7
201200010944,0012-12-02 02:00:00,12,12,2,2,0,60,69,"4, DUVAL (AVENUE MATHIAS",,,Nuit avec éclairage allumé,En agglomération,Hors intersection,Normale,Autre collision,,,,,,,,,,,5,2,1,1.0,6
201200010945,0012-12-03 08:15:00,12,12,3,8,15,60,69,"84, ORME (CHEMIN DE L')",,,Plein jour,En agglomération,Hors intersection,Normale,Trois véhicules et plus - en chaîne,,,,,,,,,,,1,2,1,1.0,4
201200010946,0012-12-04 10:35:00,12,12,4,10,35,60,69,"4, CRESP (COURS HONORE)",,,Plein jour,En agglomération,Hors intersection,Normale,Autre collision,,,,,,,,,,,1,2,1,1.0,6
201200010947,0012-12-05 10:15:00,12,12,5,10,15,60,69,"29, DUVAL (AVENUE MATHIA",,,Plein jour,En agglomération,Hors intersection,Normale,Autre collision,,,,,,,,,,,1,2,1,1.0,6
201200010948,0012-12-06 09:15:00,12,12,6,9,15,60,69,"/, PEGOMAS (ROUTE DE)",,,Plein jour,En agglomération,Intersection en T,Normale,Deux véhicules - côté,,,,,,,,,,,1,2,3,1.0,3
201200010949,0012-12-06 09:35:00,12,12,6,9,35,60,69,"x, SAINT LAURENT (AVENUE",,,Plein jour,En agglomération,Hors intersection,Normale,Autre collision,,,,,,,,,,,1,2,1,1.0,6
201200010950,0012-12-07 23:35:00,12,12,7,23,35,60,69,"x, PEGOMAS (ROUTE DE)",,,Nuit avec éclairage allumé,En agglomération,Hors intersection,Normale,Autre collision,,,,,,,,,,,5,2,1,1.0,6
201200010951,0012-12-08 10:00:00,12,12,8,10,0,60,69,"x, SAINT MATHIEU (ROUTE",,,Plein jour,En agglomération,Intersection en T,Normale,Deux véhicules - côté,,,,,,,,,,,1,2,3,1.0,3
201200010952,0012-12-09 05:10:00,12,12,9,5,10,60,69,"335, ROUQUIER (BOULEVARD",,,Nuit avec éclairage allumé,En agglomération,Hors intersection,Normale,Sans collision,,,,,,,,,,,5,2,1,1.0,7
201200010953,0012-12-14 07:30:00,12,12,14,7,30,60,69,"133, SAINT MARC - LE PLA",,,Crépuscule ou aube,En agglomération,Hors intersection,Normale,Sans collision,,,,,,,,,,,2,2,1,1.0,7
201200010954,0012-12-11 08:25:00,12,12,11,8,25,60,69,"297, PLASCASSIER - LE RO",,,Plein jour,Hors agglomération,Hors intersection,Normale,Sans collision,,,,,,,,,,,1,1,1,1.0,7
201200010955,0012-12-11 11:45:00,12,12,11,11,45,60,69,"x, PEGOMAS (ROUTE DE)",,,Plein jour,En agglomération,Hors intersection,Normale,Deux véhicules - côté,,,,,,,,,,,1,2,1,1.0,3
201200010956,0012-12-13 08:35:00,12,12,13,8,35,60,69,"/, CHIRIS (AVENUE, IMPAS",,,Plein jour,En agglomération,Intersection en T,Normale,Deux véhicules - frontale,,,,,,,,,,,1,2,3,1.0,1
201200010957,0012-12-16 10:35:00,12,12,16,10,35,60,69,"9, SANTON (CHEMIN DU)",,,Plein jour,En agglomération,Hors intersection,Normale,Deux véhicules - côté,,,,,,,,,,,1,2,1,1.0,3
201200010958,0012-12-16 17:00:00,12,12,16,17,0,60,69,"x, SAINT ANTOINE (PLACET",,,Plein jour,En agglomération,Hors intersection,Normale,Sans collision,,,,,,,,,,,1,2,1,1.0,7
201200010959,0012-12-20 07:50:00,12,12,20,7,50,60,69,"/, ROUQUIER (BOULEVARD E",,,Plein jour,En agglomération,Hors intersection,Temps couvert,Deux véhicules - arrière,,,,,,,,,,,1,2,1,8.0,2
201200010960,0012-12-21 20:45:00,12,12,21,20,45,60,69,"47, CAPUCINS (CHEMIN ET",,,Nuit avec éclairage allumé,En agglomération,Hors intersection,Temps couvert,Deux véhicules - côté,,,,,,,,,,,5,2,1,8.0,3
201200010961,0012-12-22 12:40:00,12,12,22,12,40,60,69,"x, CANNES (ROUTE DE)  -R",,,Plein jour,En agglomération,Hors intersection,Normale,Autre collision,,,,,,,,,,,1,2,1,1.0,6
201200010962,0012-12-24 16:25:00,12,12,24,16,25,60,69,"x, CRESP (COURS HONORE)",,,Plein jour,En agglomération,Hors intersection,Normale,Autre collision,,,,,,,,,,,1,2,1,1.0,6
201200010963,0012-12-28 21:35:00,12,12,28,21,35,60,69,"43, CHENES (CHEMIN DES)",,,Nuit avec éclairage allumé,En agglomération,Hors intersection,Normale,Sans collision,,,,,,,,,,,5,2,1,1.0,7
201200010964,0012-01-01 07:35:00,12,1,1,7,35,60,104,KENNEDY (AVENUE PRESIDEN,,,Plein jour,En agglomération,Hors intersection,Normale,Autre collision,,,,,,,,,,,1,2,1,1.0,6
201200010965,0012-01-01 02:50:00,12,1,1,2,50,60,83,"0, Ancienne Voie du Tram",,,Nuit avec éclairage allumé,En agglomération,Hors intersection,Normale,Autre collision,,,,,,,,,,,5,2,1,1.0,6
201200010966,0012-01-11 12:30:00,12,1,11,12,30,60,83,"1292, SOLEIL (PROMENADE",,,Plein jour,En agglomération,Hors intersection,Normale,Autre collision,,,,,,,,,,,1,2,1,1.0,6
201200010967,0012-01-16 23:00:00,12,1,16,23,0,60,104,MAUROIS (RUE ANDRE),,,Nuit sans éclairage public,Hors agglomération,Hors intersection,Normale,Sans collision,,,,,,,,,,,3,1,1,1.0,7
201200010968,0012-01-17 20:25:00,12,1,17,20,25,60,83,"30, CASTAGNINS (ROUTE DE",,,Nuit avec éclairage allumé,En agglomération,Hors intersection,Normale,Autre collision,,,,,,,,,,,5,2,1,1.0,6
201200010969,0012-01-19 05:00:00,12,1,19,5,0,60,104,"80, JAURES (AVENUE JEAN)",,,Nuit avec éclairage allumé,En agglomération,Hors intersection,Normale,Autre collision,,,,,,,,,,,5,2,1,1.0,6
201200010970,0012-01-28 09:50:00,12,1,28,9,50,60,12,"CORNICHE (MOYENNE, N? 20",,,Plein jour,En agglomération,Hors intersection,Pluie forte,Deux véhicules - frontale,,,,,,,,,,,1,2,1,3.0,1
201200010971,0012-01-28 18:30:00,12,1,28,18,30,60,83,BONAPARTE (QUAI),,,Nuit avec éclairage non allumé,En agglomération,Hors intersection,Pluie légère,Autre collision,,,,,,,,,,,4,2,1,2.0,6
201200010972,0012-01-28 19:30:00,12,1,28,19,30,60,83,"117, STADE (ALLEE DU)",,,Nuit avec éclairage allumé,En agglomération,Hors intersection,Pluie légère,Sans collision,,,,,,,,,,,5,2,1,2.0,7
201200010973,0012-02-07 08:25:00,12,2,7,8,25,60,104,"5, LODOLA (AVENUE DE LA)",,,Plein jour,En agglomération,Hors intersection,Normale,Autre collision,,,,,,,,,,,1,2,1,1.0,6
201200010974,0012-02-15 10:00:00,12,2,15,10,0,60,83,ANNONCIADE (ROUTE DE L'),,,Plein jour,En agglomération,Hors intersection,Normale,Deux véhicules - frontale,,,,,,,,,,,1,2,1,1.0,1
201200010975,0012-02-21 06:30:00,12,2,21,6,30,60,83,AUTOROUTE (BRETELLE D'AC,,,Nuit avec éclairage allumé,En agglomération,Intersection en T,Normale,Deux véhicules - côté,,,,,,,,,,,5,2,3,1.0,3
201200010976,0012-03-03 11:20:00,12,3,3,11,20,60,83,"1510, SOLEIL (PROMENADE",,,Plein jour,En agglomération,Hors intersection,Normale,Deux véhicules - côté,,,,,,,,,,,1,2,1,1.0,3
201200010977,0012-02-23 22:25:00,12,2,23,22,25,60,83,POMPIDOU (ESPLANADE GEOR,,,Nuit avec éclairage allumé,En agglomération,Intersection en T,Normale,Deux véhicules - côté,,,,,,,,,,,5,2,3,1.0,3
201200010978,0012-03-02 20:50:00,12,3,2,20,50,60,83,LECLERC (PROMENADE MAREC,,,Nuit avec éclairage allumé,En agglomération,Intersection en T,Normale,Deux véhicules - côté,,,,,,,,,,,5,2,3,1.0,3
201200010979,0012-03-03 11:05:00,12,3,3,11,5,60,83,MARCHE MUNICPAL CAREI,,,Plein jour,En agglomération,Hors intersection,Normale,Autre collision,,,,,,,,,,,1,2,1,1.0,6
201200010980,0012-03-07 23:05:00,12,3,7,23,5,60,83,DE GAULLE (AVENUE GENERA,,,Nuit avec éclairage allumé,En agglomération,Intersection en T,Normale,Deux véhicules - côté,,,,,,,,,,,5,2,3,1.0,3
201200010981,0012-03-16 13:50:00,12,3,16,13,50,60,83,"SOSPEL (AVENUE DE, N? 1",,,Plein jour,En agglomération,Hors intersection,Normale,Autre collision,,,,,,,,,,,1,2,1,1.0,6
201200010982,0012-03-22 18:45:00,12,3,22,18,45,60,83,"76, ACACIAS (AVENUE DES)",,,Crépuscule ou aube,En agglomération,Hors intersection,Normale,Deux véhicules - côté,,,,,,,,,,,2,2,1,1.0,3
201200010983,0012-04-03 15:30:00,12,4,3,15,30,60,83,MADONE (AVENUE DE LA),,,Plein jour,En agglomération,Hors intersection,Normale,Autre collision,,,,,,,,,,,1,2,1,1.0,6
201200010984,0012-04-10 16:20:00,12,4,10,16,20,60,83,"SOLEIL (PROMENADE DU, N?",,,Plein jour,En agglomération,Hors intersection,Pluie légère,Autre collision,,,,,,,,,,,1,2,1,2.0,6
201200010985,0012-04-19 18:34:00,12,4,19,18,34,60,83,Ancienne Voie du Tramway,,,Plein jour,En agglomération,Hors intersection,Pluie forte,Autre collision,,,,,,,,,,,1,2,1,3.0,6
201200010986,0012-04-16 10:05:00,12,4,16,10,5,60,83,"15, FRANCE (AVENUE PORTE",,,Plein jour,En agglomération,Hors intersection,Normale,Autre collision,,,,,,,,,,,1,2,1,1.0,6
201200010987,0012-04-18 12:20:00,12,4,18,12,20,60,83,DELATTRE DE TASSIGNY (AL,,,Plein jour,En agglomération,Hors intersection,Normale,Sans collision,,,,,,,,,,,1,2,1,1.0,7
201200010988,0012-04-21 13:40:00,12,4,21,13,40,60,12,BLANC (AVENUE CAMILLE),,,Plein jour,En agglomération,Intersection en T,Normale,Autre collision,,,,,,,,,,,1,2,3,1.0,6
201200010989,0012-04-22 15:15:00,12,4,22,15,15,60,83,"1, GARAVAN (BOULEVARD, N",,,Plein jour,En agglomération,Hors intersection,Normale,Deux véhicules - frontale,,,,,,,,,,,1,2,1,1.0,1
201200010990,0012-04-23 22:20:00,12,4,23,22,20,60,83,"23-19, ACACIAS (AVENUE D",,,Nuit avec éclairage allumé,En agglomération,Hors intersection,Pluie légère,Autre collision,,,,,,,,,,,5,2,1,2.0,6
201200010991,0012-04-27 22:00:00,12,4,27,22,0,60,12,"CORNICHE (MOYENNE, N? 20",,,Nuit avec éclairage allumé,En agglomération,Intersection en T,Normale,Deux véhicules - frontale,,,,,,,,,,,5,2,3,1.0,1
201200010992,0012-04-29 19:20:00,12,4,29,19,20,60,83,"0, MADONE (AVENUE DE LA)",,,Plein jour,En agglomération,Hors intersection,Normale,Deux véhicules - côté,,,,,,,,,,,1,2,1,1.0,3
201200010993,0012-04-27 18:30:00,12,4,27,18,30,60,83,"80, ALLIES (AVENUE DES)",,,Plein jour,En agglomération,Intersection en Y,Normale,Autre collision,,,,,,,,,,,1,2,4,1.0,6
201200010994,0012-05-09 07:48:00,12,5,9,7,48,60,83,"1, PARTOUNEAUX (RUE)",,,Plein jour,En agglomération,Hors intersection,Normale,Autre collision,,,,,,,,,,,1,2,1,1.0,6
201200010995,0012-05-12 02:05:00,12,5,12,2,5,60,104,"166 BIS, CURIE (AVENUE P",,,Nuit avec éclairage allumé,En agglomération,Hors intersection,Normale,Autre collision,,,,,,,,,,,5,2,1,1.0,6
201200010996,0012-05-16 13:34:00,12,5,16,13,34,60,12,"3023, CORNICHE (MOYENNE,",,,Plein jour,En agglomération,Hors intersection,Normale,Autre collision,,,,,,,,,,,1,2,1,1.0,6
201200010997,0012-05-11 09:30:00,12,5,11,9,30,60,104,TURBIE (ROUTE DE LA),,,Plein jour,En agglomération,Hors intersection,Normale,Autre collision,,,,,,,,,,,1,2,1,1.0,6
201200010998,0012-05-21 14:30:00,12,5,21,14,30,60,12,"CORNICHE (MOYENNE, N? 1",,,Plein jour,En agglomération,Hors intersection,Pluie légère,Deux véhicules - frontale,,,,,,,,,,,1,2,1,2.0,1
201200010999,0012-05-18 16:15:00,12,5,18,16,15,60,83,"12, EDOUARD VII (AVENUE)",,,Plein jour,En agglomération,Intersection en X,Normale,Autre collision,,,,,,,,,,,1,2,2,1.0,6
201200011000,0012-05-23 13:50:00,12,5,23,13,50,60,83,PALMERO (ESPLANADE),,,Plein jour,En agglomération,Giratoire,Normale,Autre collision,,,,,,,,,,,1,2,6,1.0,6
201200011001,0012-05-27 01:17:00,12,5,27,1,17,60,104,"178, VERDUN (AVENUE DE,",,,Nuit avec éclairage allumé,En agglomération,Hors intersection,Normale,Sans collision,,,,,,,,,,,5,2,1,1.0,7
201200011002,0012-05-31 15:10:00,12,5,31,15,10,60,83,"SOSPEL (AVENUE DE, N? 1",,,Plein jour,En agglomération,Giratoire,Normale,Autre collision,,,,,,,,,,,1,2,6,1.0,6
201200011003,0012-06-01 20:40:00,12,6,1,20,40,60,83,"2150, SERRES DE LA MADON",,,Crépuscule ou aube,En agglomération,Intersection en Y,Normale,Deux véhicules - côté,,,,,,,,,,,2,2,4,1.0,3
201200011004,0012-06-07 12:53:00,12,6,7,12,53,60,83,"73, COTY (COURS RENE, SE",,,Plein jour,Hors agglomération,Intersection en T,Temps éblouissant,Deux véhicules - côté,,,,,,,,,,,1,1,3,7.0,3
201200011005,0012-06-05 21:05:00,12,6,5,21,5,60,12,PRINCE RAINIER III (AVEN,,,Crépuscule ou aube,En agglomération,Intersection en T,Normale,Deux véhicules - côté,,,,,,,,,,,2,2,3,1.0,3
201200011006,0012-06-09 23:25:00,12,6,9,23,25,60,104,"169, PASTEUR (AVENUE, N?",,,Nuit avec éclairage allumé,En agglomération,Hors intersection,Normale,Deux véhicules - arrière,,,,,,,,,,,5,2,1,1.0,2
201200011007,0012-06-12 00:10:00,12,6,12,0,10,60,12,"49 bis, GUYNEMER (BOULEV",,,Nuit avec éclairage allumé,En agglomération,Hors intersection,Pluie légère,Sans collision,,,,,,,,,,,5,2,1,2.0,7
201200011008,0012-06-15 00:35:00,12,6,15,0,35,60,104,"43, JAURES (AVENUE JEAN)",,,Nuit avec éclairage allumé,En agglomération,Hors intersection,Normale,Deux véhicules - côté,,,,,,,,,,,5,2,1,1.0,3
201200011009,0012-06-19 00:30:00,12,6,19,0,30,60,104,"133, VERDUN (AVENUE DE,",,,Nuit avec éclairage allumé,En agglomération,Hors intersection,Normale,Autre collision,,,,,,,,,,,5,2,1,1.0,6
201200011010,0012-06-26 21:00:00,12,6,26,21,0,60,12,"150, AGERBOL (AVENUE D')",,,Crépuscule ou aube,En agglomération,Hors intersection,Normale,Trois véhicules et plus - collisions multiples,,,,,,,,,,,2,2,1,1.0,5
201200011011,0012-07-05 07:12:00,12,7,5,7,12,60,104,"33, JAURES (AVENUE JEAN)",,,Plein jour,En agglomération,Hors intersection,Normale,Deux véhicules - arrière,,,,,,,,,,,1,2,1,1.0,2
201200011012,0012-07-07 11:45:00,12,7,7,11,45,60,83,"1, COTY (COURS RENE, SEN",,,Plein jour,En agglomération,Intersection en X,Normale,Deux véhicules - côté,,,,,,,,,,,1,2,2,1.0,3
201200011013,0012-07-09 20:35:00,12,7,9,20,35,60,104,CURIE (AVENUE PIERRE),,,Plein jour,En agglomération,Intersection en T,Normale,Deux véhicules - côté,,,,,,,,,,,1,2,3,1.0,3
201200011014,0012-07-07 09:55:00,12,7,7,9,55,60,83,"1, GARE (AVENUE DE LA)",,,Plein jour,En agglomération,Hors intersection,Normale,Autre collision,,,,,,,,,,,1,2,1,1.0,6
201200011015,0012-07-11 10:04:00,12,7,11,10,4,60,12,GUYNEMER (BOULEVARD),,,Plein jour,En agglomération,Intersection en Y,Temps éblouissant,Deux véhicules - côté,,,,,,,,,,,1,2,4,7.0,3
201200011016,0012-07-13 20:30:00,12,7,13,20,30,60,83,"1, CASTAGNINS (ROUTE DES",,,Plein jour,En agglomération,Intersection en T,Normale,Deux véhicules - frontale,,,,,,,,,,,1,2,3,1.0,1
201200011017,0012-07-16 17:55:00,12,7,16,17,55,60,83,"1, COTY (COURS RENE, SEN",,,Plein jour,En agglomération,Intersection en X,Normale,Autre collision,,,,,,,,,,,1,2,2,1.0,6
201200011018,0012-07-17 20:40:00,12,7,17,20,40,60,83,SOSPEL (ROUTE DE ),,,Crépuscule ou aube,En agglomération,Hors intersection,Normale,Autre collision,,,,,,,,,,,2,2,1,1.0,6
201200011019,0012-07-18 16:10:00,12,7,18,16,10,60,83,SOSPEL (ROUTE DE ),,,Plein jour,Hors agglomération,Intersection en T,Normale,Deux véhicules - frontale,,,,,,,,,,,1,1,3,1.0,1
201200011020,0012-08-01 16:55:00,12,8,1,16,55,60,83,ASTRID (PROMENADE REINE),,,Plein jour,En agglomération,Hors intersection,Normale,Trois véhicules et plus - en chaîne,,,,,,,,,,,1,2,1,1.0,4
201200011021,0012-08-07 01:10:00,12,8,7,1,10,60,83,"COTY (COURS RENE, SENS M",,,Nuit avec éclairage allumé,En agglomération,Hors intersection,Normale,Autre collision,,,,,,,,,,,5,2,1,1.0,6
201200011022,0012-08-22 19:50:00,12,8,22,19,50,60,83,"33, CASTAGNINS (ROUTE DE",,,Crépuscule ou aube,En agglomération,Hors intersection,Normale,Trois véhicules et plus - collisions multiples,,,,,,,,,,,2,2,1,1.0,5
201200011023,0012-08-22 08:35:00,12,8,22,8,35,60,83,GREVILLE (RUE HENRI),,,Plein jour,En agglomération,Intersection en T,Normale,Deux véhicules - côté,,,,,,,,,,,1,2,3,1.0,3
201200011024,0012-08-29 18:05:00,12,8,29,18,5,60,12,"256, CORNICHE (GRANDE)",,,Plein jour,Hors agglomération,Hors intersection,Normale,Autre collision,,,,,,,,,,,1,1,1,1.0,6
201200011025,0012-08-08 20:14:00,12,8,8,20,14,60,104,"0, MASSOLIN (ROND POINT)",,,Crépuscule ou aube,En agglomération,Giratoire,Normale,Deux véhicules - côté,,,,,,,,,,,2,2,6,1.0,3
201200011026,0012-08-30 10:00:00,12,8,30,10,0,60,83,"5, FRANCE (AVENUE PORTE",,,Plein jour,En agglomération,Hors intersection,Normale,Autre collision,,,,,,,,,,,1,2,1,1.0,6
201200011027,0012-09-01 21:25:00,12,9,1,21,25,60,83,"11, MER (PROMENADE DE LA",,,Nuit avec éclairage allumé,En agglomération,Hors intersection,Normale,Autre collision,,,,,,,,,,,5,2,1,1.0,6
201200011028,0012-09-03 20:25:00,12,9,3,20,25,60,12,CORNICHE (GRANDE),,,Nuit sans éclairage public,Hors agglomération,Hors intersection,Normale,Deux véhicules - frontale,,,,,,,,,,,3,1,1,1.0,1
201200011029,0012-09-04 14:45:00,12,9,4,14,45,60,104,"3, HUGO (RUE VICTOR)",,,Plein jour,En agglomération,Hors intersection,Normale,Autre collision,,,,,,,,,,,1,2,1,1.0,6
201200011030,0012-09-06 20:20:00,12,9,6,20,20,60,104,"46, CHURCHILL (AVENUE WI",,,Crépuscule ou aube,En agglomération,Hors intersection,Normale,Deux véhicules - côté,,,,,,,,,,,2,2,1,1.0,3
201200011031,0012-09-11 16:45:00,12,9,11,16,45,60,83,TARDIEU (CORNICHE ANDRE),,,Plein jour,Hors agglomération,Hors intersection,Normale,Deux véhicules - frontale,,,,,,,,,,,1,1,1,1.0,1
201200011032,0012-09-14 18:45:00,12,9,14,18,45,60,104,"39, DOUMER (AVENUE PAUL)",,,Plein jour,En agglomération,Hors intersection,Normale,Autre collision,,,,,,,,,,,1,2,1,1.0,6
201200011033,0012-09-17 20:45:00,12,9,17,20,45,60,83,"84-86, MONNET (RUE JEAN)",,,Nuit avec éclairage allumé,En agglomération,Hors intersection,Normale,Autre collision,,,,,,,,,,,5,2,1,1.0,6
201200011034,0012-09-16 15:20:00,12,9,16,15,20,60,83,ALBINI (RUE),,,Plein jour,En agglomération,Intersection en T,Normale,Trois véhicules et plus - collisions multiples,,,,,,,,,,,1,2,3,1.0,5
201200011035,0012-09-20 15:25:00,12,9,20,15,25,60,83,"28, REPUBLIQUE (RUE DE L",,,Plein jour,En agglomération,Hors intersection,Normale,Autre collision,,,,,,,,,,,1,2,1,1.0,6
201200011036,0012-09-22 10:55:00,12,9,22,10,55,60,83,"45, BONAPARTE (QUAI)",,,Plein jour,En agglomération,Hors intersection,Normale,Autre collision,,,,,,,,,,,1,2,1,1.0,6
201200011037,0012-09-26 10:45:00,12,9,26,10,45,60,83,"face 80, COTY (COURS REN",,,Plein jour,En agglomération,Hors intersection,Normale,Autre collision,,,,,,,,,,,1,2,1,1.0,6
201200011038,0012-09-25 14:00:00,12,9,25,14,0,60,83,"1014, SOLEIL (PROMENADE",,,Plein jour,En agglomération,Hors intersection,Pluie légère,Autre collision,,,,,,,,,,,1,2,1,2.0,6
201200011039,0012-10-03 07:50:00,12,10,3,7,50,60,104,TURBIE (ROUTE DE LA),,,Plein jour,En agglomération,Hors intersection,Normale,Sans collision,,,,,,,,,,,1,2,1,1.0,7
201200011040,0012-10-07 09:45:00,12,10,7,9,45,60,12,"62, CORNICHE (MOYENNE, N",,,Plein jour,En agglomération,Hors intersection,Normale,Sans collision,,,,,,,,,,,1,2,1,1.0,7
201200011041,0012-10-12 10:54:00,12,10,12,10,54,60,104,"17, MONLEON (AV. FRANCOI",,,Plein jour,En agglomération,Hors intersection,Normale,Autre collision,,,,,,,,,,,1,2,1,1.0,6
201200011042,0012-10-25 18:50:00,12,10,25,18,50,60,83,"101, SOSPEL (ROUTE DE )",,,Nuit avec éclairage allumé,En agglomération,Hors intersection,Normale,Autre collision,,,,,,,,,,,5,2,1,1.0,6
201200011043,0012-10-26 01:03:00,12,10,26,1,3,60,104,"36, FRANCE (AVENUE DE)",,,Nuit avec éclairage allumé,En agglomération,Hors intersection,Normale,Deux véhicules - frontale,,,,,,,,,,,5,2,1,1.0,1
201200011044,0012-11-02 14:10:00,12,11,2,14,10,60,83,"6, GALLIENI (RUE DU GENE",,,Plein jour,En agglomération,Hors intersection,Normale,Deux véhicules - arrière,,,,,,,,,,,1,2,1,1.0,2
201200011045,0012-11-02 16:55:00,12,11,2,16,55,60,104,"194, VERDUN (AVENUE DE,",,,Plein jour,En agglomération,Hors intersection,Normale,Deux véhicules - arrière,,,,,,,,,,,1,2,1,1.0,2
201200011046,0012-11-06 19:40:00,12,11,6,19,40,60,12,PRINCE RAINIER III (AVEN,,,Nuit avec éclairage allumé,En agglomération,Intersection en T,Normale,Deux véhicules - côté,,,,,,,,,,,5,2,3,1.0,3
201200011047,0012-10-28 05:30:00,12,10,28,5,30,60,104,"face 135, KENNEDY (AVENU",,,Nuit avec éclairage allumé,En agglomération,Hors intersection,Pluie légère,Autre collision,,,,,,,,,,,5,2,1,2.0,6
201200011048,0012-11-09 17:45:00,12,11,9,17,45,60,104,"MONLEON (AV. FRANCOIS, N",,,Nuit avec éclairage allumé,En agglomération,Intersection en X,Pluie légère,Autre collision,,,,,,,,,,,5,2,2,2.0,6
201200011049,0012-11-12 09:56:00,12,11,12,9,56,60,83,"396, CENTENAIRE (COURS D",,,Plein jour,En agglomération,Hors intersection,Normale,Autre collision,,,,,,,,,,,1,2,1,1.0,6
201200011050,0012-11-11 14:00:00,12,11,11,14,0,60,83,"01, BRIAND (AVENUE ARSIT",,,Plein jour,En agglomération,Hors intersection,Normale,Autre collision,,,,,,,,,,,1,2,1,1.0,6
201200011051,0012-11-15 07:40:00,12,11,15,7,40,60,12,"9, VERDUN (BOULEVARD DE)",,,Plein jour,En agglomération,Hors intersection,Normale,Autre collision,,,,,,,,,,,1,2,1,1.0,6
201200011052,0012-11-15 07:55:00,12,11,15,7,55,60,83,"3, GARE (AVENUE DE LA)",,,Plein jour,En agglomération,Hors intersection,Normale,Autre collision,,,,,,,,,,,1,2,1,1.0,6
201200011053,0012-11-13 15:30:00,12,11,13,15,30,60,104,"6, LAURENS (AVENUE LOUIS",,,Plein jour,En agglomération,Hors intersection,Normale,Deux véhicules - frontale,,,,,,,,,,,1,2,1,1.0,1
201200011054,0012-11-16 15:32:00,12,11,16,15,32,60,83,"9, DE GAULLE (AVENUE GEN",,,Plein jour,En agglomération,Hors intersection,Normale,Deux véhicules - arrière,,,,,,,,,,,1,2,1,1.0,2
201200011055,0012-11-20 08:40:00,12,11,20,8,40,60,104,"1, MONLEON (AV. FRANCOIS",,,Plein jour,En agglomération,Giratoire,Normale,Deux véhicules - côté,,,,,,,,,,,1,2,6,1.0,3
201200011056,0012-11-23 08:18:00,12,11,23,8,18,60,12,"17, REPUBLIQUE (BOULEVAR",,,Plein jour,En agglomération,Hors intersection,Normale,Deux véhicules - arrière,,,,,,,,,,,1,2,1,1.0,2
201200011057,0012-11-23 12:40:00,12,11,23,12,40,60,83,"COTY (COURS RENE, SENS M",,,Plein jour,En agglomération,Intersection en T,Normale,Autre collision,,,,,,,,,,,1,2,3,1.0,6
201200011058,0012-12-02 00:45:00,12,12,2,0,45,60,83,"90, GORBIO (ROUTE DE)",,,Nuit avec éclairage allumé,En agglomération,Hors intersection,Normale,Autre collision,,,,,,,,,,,5,2,1,1.0,6
201200011059,0012-12-04 17:18:00,12,12,4,17,18,60,83,POMPIDOU (ESPLANADE GEOR,,,Nuit avec éclairage allumé,En agglomération,Hors intersection,Normale,Deux véhicules - arrière,,,,,,,,,,,5,2,1,1.0,2
201200011060,0012-12-09 12:00:00,12,12,9,12,0,60,83,ISTRATI (RUE PANAIT),,,Plein jour,En agglomération,Intersection en X,Normale,Deux véhicules - côté,,,,,,,,,,,1,2,2,1.0,3
201200011061,0012-12-09 21:18:00,12,12,9,21,18,60,83,"140 bis, CASTELLAR (ROUT",,,Nuit avec éclairage allumé,En agglomération,Hors intersection,Normale,Autre collision,,,,,,,,,,,5,2,1,1.0,6