accident_id,datetime,annee,mois,jour,heure,minute,departement,commune_insee,adresse,latitude,longitude,luminosite,agglomeration,intersection,meteo,collision,nb_vehicules,nb_usagers,nb_indemnes,nb_tues,nb_blesses_hosp,nb_blesses_legers,age_cond_1,age_cond_2,veh_type_cond_1,veh_type_cond_2,lum_code,agg_code,int_code,atm_code,col_code
201200011192,0012-02-25 12:10:00,12,2,25,12,10,60,88,"0, AUGUSTA (AV. ANTONIA)",,,Plein jour,En agglomération,Hors intersection,Normale,Autre collision,,,,,,,,,,,1,2,1,1.0,6
201200011193,0012-02-25 15:00:00,12,2,25,15,0,60,88,"0, ANGLAIS (DU N? 114 AU",,,Plein jour,En agglomération,Hors intersection,Normale,Sans collision,,,,,,,,,,,1,2,1,1.0,7
201200011194,0012-02-25 18:35:00,12,2,25,18,35,60,88,"55, HUGO (BD VICTOR)",,,Crépuscule ou aube,En agglomération,Hors intersection,Normale,Autre collision,,,,,,,,,,,2,2,1,1.0,6
201200011195,0012-02-26 16:15:00,12,2,26,16,15,60,88,"0, MANTEGA (R. DE LA)",,,Plein jour,En agglomération,Intersection en X,Normale,Deux véhicules - côté,,,,,,,,,,,1,2,2,1.0,3
201200011196,0012-02-26 19:40:00,12,2,26,19,40,60,88,"0, RD 6007",,,Nuit avec éclairage allumé,En agglomération,Hors intersection,Normale,Deux véhicules - arrière,,,,,,,,,,,5,2,1,1.0,2
201200011197,0012-02-27 11:15:00,12,2,27,11,15,60,88,"27, ARSON (RUE)",,,Plein jour,En agglomération,Hors intersection,Normale,Deux véhicules - côté,,,,,,,,,,,1,2,1,1.0,3
201200011198,0012-02-27 12:15:00,12,2,27,12,15,60,88,"2, RISSO (BD)",,,Plein jour,En agglomération,Hors intersection,Normale,Autre collision,,,,,,,,,,,1,2,1,1.0,6
201200011199,0012-02-28 07:10:00,12,2,28,7,10,60,88,"0, BELLET (RTE DE)",,,Plein jour,En agglomération,Intersection en T,Normale,Deux véhicules - côté,,,,,,,,,,,1,2,3,1.0,3
201200011200,0012-02-28 09:40:00,12,2,28,9,40,60,88,"3, BELLET (AV. DE)",,,Plein jour,En agglomération,Hors intersection,Normale,Autre collision,,,,,,,,,,,1,2,1,1.0,6
201200011201,0012-02-28 12:10:00,12,2,28,12,10,60,88,"0, GAMBETTA (A PARTIR DU",,,Plein jour,En agglomération,Hors intersection,Normale,Deux véhicules - côté,,,,,,,,,,,1,2,1,1.0,3
201200011202,0012-02-28 12:30:00,12,2,28,12,30,60,88,PESSICART (A PARTIR DU 3,,,Plein jour,En agglomération,Hors intersection,Normale,Deux véhicules - côté,,,,,,,,,,,1,2,1,1.0,3
201200011203,0012-03-02 00:55:00,12,3,2,0,55,60,88,"0, RICHELMI (R. DR P.)",,,Nuit avec éclairage allumé,En agglomération,Intersection en X,Normale,Deux véhicules - côté,,,,,,,,,,,5,2,2,1.0,3
201200011204,0012-03-02 08:52:00,12,3,2,8,52,60,88,"59, CIMIEZ (BD) A PARTIR",,,Plein jour,En agglomération,Hors intersection,Normale,Autre collision,,,,,,,,,,,1,2,1,1.0,6
201200011205,0012-03-02 13:15:00,12,3,2,13,15,60,88,"2, ARMEE DU RHIN (PLACE)",,,Plein jour,En agglomération,Hors intersection,Normale,Autre collision,,,,,,,,,,,1,2,1,1.0,6
201200011206,0012-03-02 16:20:00,12,3,2,16,20,60,88,"34, HENRIOT (AV. EMILE)",,,Plein jour,En agglomération,Hors intersection,Normale,Deux véhicules - arrière,,,,,,,,,,,1,2,1,1.0,2
201200011207,0012-03-02 20:05:00,12,3,2,20,5,60,88,"299, GINESTIERE (CH. DE",,,Nuit avec éclairage allumé,En agglomération,Hors intersection,Normale,Deux véhicules - frontale,,,,,,,,,,,5,2,1,1.0,1
201200011208,0012-03-05 12:20:00,12,3,5,12,20,60,88,"239, ANGLAIS (DU N? 114",,,Plein jour,En agglomération,Hors intersection,Normale,Deux véhicules - arrière,,,,,,,,,,,1,2,1,1.0,2
201200011209,0012-03-05 13:15:00,12,3,5,13,15,60,88,"0, GRENOBLE (ROUTE DE)",,,Plein jour,En agglomération,Hors intersection,Normale,Deux véhicules - arrière,,,,,,,,,,,1,2,1,1.0,2
201200011210,0012-03-05 14:20:00,12,3,5,14,20,60,88,"0, FRANCE (R. DE) A PART",,,Plein jour,En agglomération,Hors intersection,Normale,Autre collision,,,,,,,,,,,1,2,1,1.0,6
201200011211,0012-03-05 15:00:00,12,3,5,15,0,60,88,"0, ANGLAIS (DU N? 1 AU N",,,Plein jour,En agglomération,Hors intersection,Normale,Deux véhicules - arrière,,,,,,,,,,,1,2,1,1.0,2
201200011212,0012-03-05 18:05:00,12,3,5,18,5,60,88,"0, VOIE RAPIDE",,,Nuit avec éclairage allumé,En agglomération,Hors intersection,Normale,Deux véhicules - côté,,,,,,,,,,,5,2,1,1.0,3
201200011213,0012-03-06 14:30:00,12,3,6,14,30,60,88,"0, JOFFRE (R. MARECHAL)",,,Plein jour,En agglomération,Intersection en X,Normale,Deux véhicules - côté,,,,,,,,,,,1,2,2,1.0,3
201200011214,0012-03-06 15:00:00,12,3,6,15,0,60,88,"0, CIMIEZ (BD) A PARTIR",,,Plein jour,En agglomération,Hors intersection,Normale,Autre collision,,,,,,,,,,,1,2,1,1.0,6
201200011215,0012-03-07 10:10:00,12,3,7,10,10,60,88,"0, PHOCEENS (AV. DES)",,,Plein jour,En agglomération,Hors intersection,Normale,Trois véhicules et plus - collisions multiples,,,,,,,,,,,1,2,1,1.0,5
201200011216,0012-03-07 18:00:00,12,3,7,18,0,60,88,"0, VOIE RAPIDE",,,Nuit avec éclairage allumé,En agglomération,Hors intersection,Normale,Deux véhicules - côté,,,,,,,,,,,5,2,1,1.0,3
201200011217,0012-03-07 18:00:00,12,3,7,18,0,60,88,"0, GARIGLIANO (PONTS)",,,Nuit avec éclairage allumé,En agglomération,Hors intersection,Normale,Deux véhicules - arrière,,,,,,,,,,,5,2,1,1.0,2
201200011218,0012-03-07 20:00:00,12,3,7,20,0,60,88,CRONSTADT (RUE),,,Nuit avec éclairage allumé,En agglomération,Intersection en X,Normale,Deux véhicules - côté,,,,,,,,,,,5,2,2,1.0,3
201200011219,0012-03-08 10:00:00,12,3,8,10,0,60,88,"0, RD 6202",,,Plein jour,En agglomération,Hors intersection,Normale,Trois véhicules et plus - en chaîne,,,,,,,,,,,1,2,1,1.0,4
201200011220,0012-03-08 12:40:00,12,3,8,12,40,60,88,"0, CLEMENCEAU (AV. GEORG",,,Plein jour,En agglomération,Intersection en X,Normale,Deux véhicules - côté,,,,,,,,,,,1,2,2,1.0,3
201200011221,0012-03-09 12:00:00,12,3,9,12,0,60,88,"0, ROQUEBILLIERE (R. DE)",,,Plein jour,En agglomération,Hors intersection,Normale,Autre collision,,,,,,,,,,,1,2,1,1.0,6
201200011222,0012-03-09 19:00:00,12,3,9,19,0,60,88,"0, SEMARD (BD PIERRE)",,,Nuit avec éclairage allumé,En agglomération,Hors intersection,Normale,Deux véhicules - côté,,,,,,,,,,,5,2,1,1.0,3
201200011223,0012-03-10 03:15:00,12,3,10,3,15,60,88,"0, ANGLAIS (A PARTIR DU",,,Nuit avec éclairage allumé,En agglomération,Intersection en X,Normale,Deux véhicules - côté,,,,,,,,,,,5,2,2,1.0,3
201200011224,0012-03-10 15:30:00,12,3,10,15,30,60,88,"0, BUFFA (RUE DE LA)",,,Plein jour,En agglomération,Hors intersection,Normale,Deux véhicules - côté,,,,,,,,,,,1,2,1,1.0,3
201200011225,0012-03-12 12:25:00,12,3,12,12,25,60,88,"0, FALICON (BD COMTE DE)",,,Plein jour,En agglomération,Hors intersection,Normale,Autre collision,,,,,,,,,,,1,2,1,1.0,6
201200011226,0012-03-12 16:00:00,12,3,12,16,0,60,88,"7, NOTRE-DAME (AV.)",,,Plein jour,En agglomération,Hors intersection,Normale,Deux véhicules - arrière,,,,,,,,,,,1,2,1,1.0,2
201200011227,0012-03-13 19:30:00,12,3,13,19,30,60,88,"63, PASTEUR (BD)",,,Nuit avec éclairage allumé,En agglomération,Hors intersection,Normale,Autre collision,,,,,,,,,,,5,2,1,1.0,6
201200011228,0012-03-13 21:25:00,12,3,13,21,25,60,88,"0, ASSALIT (RUE)",,,Nuit avec éclairage allumé,En agglomération,Hors intersection,Normale,Deux véhicules - côté,,,,,,,,,,,5,2,1,1.0,3
201200011229,0012-03-14 18:25:00,12,3,14,18,25,60,88,"0, RAY (AV. DU)",,,Plein jour,En agglomération,Hors intersection,Normale,Autre collision,,,,,,,,,,,1,2,1,1.0,6
201200011230,0012-03-14 21:05:00,12,3,14,21,5,60,88,"12, CERNUSCHI (AV.)",,,Nuit avec éclairage allumé,En agglomération,Hors intersection,Normale,Autre collision,,,,,,,,,,,5,2,1,1.0,6
201200011231,0012-03-15 07:25:00,12,3,15,7,25,60,88,"0, PAPE JEAN XXIII (BD)",,,Plein jour,En agglomération,Hors intersection,Normale,Autre collision,,,,,,,,,,,1,2,1,1.0,6
201200011232,0012-03-16 11:50:00,12,3,16,11,50,60,88,"147, NAPOLEON III (BD)",,,Plein jour,En agglomération,Hors intersection,Normale,Deux véhicules - arrière,,,,,,,,,,,1,2,1,1.0,2
201200011233,0012-03-17 17:10:00,12,3,17,17,10,60,88,"59, DUFY (RUE RAOUL)",,,Plein jour,En agglomération,Hors intersection,Normale,Autre collision,,,,,,,,,,,1,2,1,1.0,6
201200011234,0012-03-17 17:50:00,12,3,17,17,50,60,88,"0, GARIBALDI (PL.)",,,Plein jour,En agglomération,Hors intersection,Normale,Autre collision,,,,,,,,,,,1,2,1,1.0,6
201200011235,0012-03-17 18:15:00,12,3,17,18,15,60,88,"119, GAMBETTA (JUSQU'AU",,,Crépuscule ou aube,En agglomération,Hors intersection,Normale,Trois véhicules et plus - en chaîne,,,,,,,,,,,2,2,1,1.0,4
201200011236,0012-03-17 00:40:00,12,3,17,0,40,60,88,"43, ANGLAIS (A PARTIR DU",,,Nuit avec éclairage allumé,En agglomération,Hors intersection,Normale,Trois véhicules et plus - collisions multiples,,,,,,,,,,,5,2,1,1.0,5
201200011237,0012-03-18 16:30:00,12,3,18,16,30,60,88,"21, SORGENTINO (R.)",,,Plein jour,En agglomération,Hors intersection,Normale,Autre collision,,,,,,,,,,,1,2,1,1.0,6
201200011238,0012-03-19 09:15:00,12,3,19,9,15,60,88,"0, BARLA (RUE)",,,Plein jour,En agglomération,Hors intersection,Normale,Deux véhicules - arrière,,,,,,,,,,,1,2,1,1.0,2
201200011239,0012-03-19 17:35:00,12,3,19,17,35,60,88,"0, GAMBETTA (JUSQU'AU N?",,,Plein jour,En agglomération,Hors intersection,Normale,Deux véhicules - côté,,,,,,,,,,,1,2,1,1.0,3
201200011240,0012-03-19 17:40:00,12,3,19,17,40,60,88,"0, PENETRANTE DU PAILLON",,,Plein jour,En agglomération,Hors intersection,Normale,Trois véhicules et plus - en chaîne,,,,,,,,,,,1,2,1,1.0,4
201200011241,0012-03-20 05:35:00,12,3,20,5,35,60,88,"51, CESSOLE (BD DE) (A P",,,Nuit avec éclairage allumé,En agglomération,Hors intersection,Normale,Deux véhicules - côté,,,,,,,,,,,5,2,1,1.0,3
201200011242,0012-03-20 08:10:00,12,3,20,8,10,60,88,"40 Bis, GORBELLA (BD DE)",,,Plein jour,En agglomération,Hors intersection,Normale,Autre collision,,,,,,,,,,,1,2,1,1.0,6
201200011243,0012-03-20 16:10:00,12,3,20,16,10,60,88,"7, HUGO (BD VICTOR)",,,Plein jour,En agglomération,Hors intersection,Normale,Deux véhicules - arrière,,,,,,,,,,,1,2,1,1.0,2
201200011244,0012-03-21 08:36:00,12,3,21,8,36,60,88,"181, CREMAT (CH. DE)",,,Plein jour,En agglomération,Hors intersection,Normale,Deux véhicules - côté,,,,,,,,,,,1,2,1,1.0,3
201200011245,0012-03-22 10:40:00,12,3,22,10,40,60,88,"0, GRENOBLE (ROUTE DE)",,,Plein jour,En agglomération,Hors intersection,Normale,Deux véhicules - arrière,,,,,,,,,,,1,2,1,1.0,2
201200011246,0012-03-22 14:14:00,12,3,22,14,14,60,88,"21, CARAVADOSSI (AV.)",,,Plein jour,En agglomération,Hors intersection,Normale,Autre collision,,,,,,,,,,,1,2,1,1.0,6
201200011247,0012-03-22 16:45:00,12,3,22,16,45,60,88,"0, POMPIDOU (BD GEORGES)",,,Plein jour,En agglomération,Hors intersection,Normale,Deux véhicules - arrière,,,,,,,,,,,1,2,1,1.0,2
201200011248,0012-03-23 10:00:00,12,3,23,10,0,60,88,"0, NOTRE-DAME (AV.)",,,Plein jour,En agglomération,Hors intersection,Normale,Deux véhicules - frontale,,,,,,,,,,,1,2,1,1.0,1
201200011249,0012-03-23 16:45:00,12,3,23,16,45,60,88,"155, MADELEINE (BD DE LA",,,Plein jour,En agglomération,Hors intersection,Normale,Deux véhicules - arrière,,,,,,,,,,,1,2,1,1.0,2
201200011250,0012-03-24 10:05:00,12,3,24,10,5,60,88,"0, ARENES DE CIMIEZ (AV.",,,Plein jour,En agglomération,Hors intersection,Normale,Autre collision,,,,,,,,,,,1,2,1,1.0,6
201200011251,0012-03-24 22:20:00,12,3,24,22,20,60,88,"0, CALIFORNIE (AV.) (A P",,,Nuit avec éclairage allumé,En agglomération,Hors intersection,Normale,Deux véhicules - arrière,,,,,,,,,,,5,2,1,1.0,2
201200011252,0012-03-26 07:30:00,12,3,26,7,30,60,88,"189, NAPOLEON III (BD)",,,Crépuscule ou aube,En agglomération,Hors intersection,Normale,Deux véhicules - côté,,,,,,,,,,,2,2,1,1.0,3
201200011253,0012-03-26 11:20:00,12,3,26,11,20,60,88,"248, GRENOBLE (ROUTE DE)",,,Plein jour,En agglomération,Hors intersection,Normale,Deux véhicules - arrière,,,,,,,,,,,1,2,1,1.0,2
201200011254,0012-03-26 19:55:00,12,3,26,19,55,60,88,"191, ARMEE DES ALPES (BD",,,Crépuscule ou aube,En agglomération,Hors intersection,Normale,Deux véhicules - côté,,,,,,,,,,,2,2,1,1.0,3
201200011255,0012-03-27 15:45:00,12,3,27,15,45,60,88,"0, SCALIERO (R.)",,,Plein jour,En agglomération,Hors intersection,Normale,Autre collision,,,,,,,,,,,1,2,1,1.0,6
201200011256,0012-03-27 16:00:00,12,3,27,16,0,60,88,"0, BARBERIS (RUE)",,,Plein jour,En agglomération,Intersection en X,Normale,Deux véhicules - côté,,,,,,,,,,,1,2,2,1.0,3
201200011257,0012-03-27 18:15:00,12,3,27,18,15,60,88,"0, POMPIDOU (BD GEORGES)",,,Plein jour,En agglomération,Hors intersection,Normale,Trois véhicules et plus - en chaîne,,,,,,,,,,,1,2,1,1.0,4
201200011258,0012-03-28 00:35:00,12,3,28,0,35,60,88,"80, BORNALA (AV. DE LA)",,,Nuit avec éclairage allumé,En agglomération,Hors intersection,Normale,Autre collision,,,,,,,,,,,5,2,1,1.0,6
201200011259,0012-03-28 00:45:00,12,3,28,0,45,60,88,"0, RAYNAUD (BD AUGUSTE)",,,Nuit avec éclairage allumé,En agglomération,Hors intersection,Normale,Deux véhicules - arrière,,,,,,,,,,,5,2,1,1.0,2
201200011260,0012-03-28 14:15:00,12,3,28,14,15,60,88,"34, TRACHEL (RUE)",,,Plein jour,En agglomération,Hors intersection,Normale,Autre collision,,,,,,,,,,,1,2,1,1.0,6
201200011261,0012-03-28 15:25:00,12,3,28,15,25,60,88,"502, GRENOBLE (ROUTE DE)",,,Plein jour,En agglomération,Hors intersection,Normale,Autre collision,,,,,,,,,,,1,2,1,1.0,6
201200011262,0012-03-28 16:00:00,12,3,28,16,0,60,159,"0, ALBERT 1ER (AVENUE)",,,Plein jour,En agglomération,Hors intersection,Normale,Deux véhicules - côté,,,,,,,,,,,1,2,1,1.0,3
201200011263,0012-03-28 16:40:00,12,3,28,16,40,60,88,"09, RIMIEZ (AV. DE)",,,Plein jour,En agglomération,Hors intersection,Normale,Autre collision,,,,,,,,,,,1,2,1,1.0,6
201200011264,0012-03-29 07:25:00,12,3,29,7,25,60,88,"169, MADELEINE (BD DE LA",,,Plein jour,En agglomération,Hors intersection,Normale,Deux véhicules - côté,,,,,,,,,,,1,2,1,1.0,3
201200011265,0012-03-29 08:00:00,12,3,29,8,0,60,88,"0, TUNNEL ET VOIE MALRAU",,,Plein jour,En agglomération,Hors intersection,Normale,Deux véhicules - côté,,,,,,,,,,,1,2,1,1.0,3
201200011266,0012-03-29 10:45:00,12,3,29,10,45,60,88,"485, MADELEINE (BD DE LA",,,Plein jour,En agglomération,Hors intersection,Normale,Deux véhicules - frontale,,,,,,,,,,,1,2,1,1.0,1
201200011267,0012-03-29 10:50:00,12,3,29,10,50,60,88,"0, AVENUE EMMANUEL PONTR",,,Plein jour,En agglomération,Hors intersection,Normale,Sans collision,,,,,,,,,,,1,2,1,1.0,7
201200011268,0012-03-29 13:10:00,12,3,29,13,10,60,88,"0, CALIFORNIE (AV.) (A P",,,Plein jour,En agglomération,Hors intersection,Normale,Deux véhicules - côté,,,,,,,,,,,1,2,1,1.0,3
201200011269,0012-03-30 08:45:00,12,3,30,8,45,60,88,"0, VOIE RAPIDE",,,Plein jour,Hors agglomération,Hors intersection,Normale,Deux véhicules - côté,,,,,,,,,,,1,1,1,1.0,3
201200011270,0012-03-31 02:50:00,12,3,31,2,50,60,88,"212, SAINT-ANTOINE (RTE",,,Nuit avec éclairage allumé,En agglomération,Hors intersection,Normale,Autre collision,,,,,,,,,,,5,2,1,1.0,6
201200011271,0012-03-31 16:30:00,12,3,31,16,30,60,159,"30, ALBERT 1ER (AVENUE)",,,Plein jour,En agglomération,Hors intersection,Normale,Deux véhicules - arrière,,,,,,,,,,,1,2,1,1.0,2
201200011272,0012-04-02 15:00:00,12,4,2,15,0,60,88,HANOTAUX (R. GABRIEL),,,Plein jour,En agglomération,Intersection en T,Normale,Deux véhicules - côté,,,,,,,,,,,1,2,3,1.0,3
201200011273,0012-04-03 15:45:00,12,4,3,15,45,60,88,"0, RAIMBALDI (BD)",,,Plein jour,En agglomération,Intersection en X,Normale,Autre collision,,,,,,,,,,,1,2,2,1.0,6
201200011274,0012-04-04 03:15:00,12,4,4,3,15,60,88,"0, GRENOBLE (ROUTE DE)",,,Nuit avec éclairage allumé,En agglomération,Hors intersection,Pluie légère,Autre collision,,,,,,,,,,,5,2,1,2.0,6
201200011275,0012-04-04 07:30:00,12,4,4,7,30,60,88,"0, BARAQUES (TRAV.)",,,Plein jour,En agglomération,Hors intersection,Normale,Deux véhicules - côté,,,,,,,,,,,1,2,1,1.0,3
201200011276,0012-04-04 17:15:00,12,4,4,17,15,60,88,"0, VOIE RAPIDE",,,Plein jour,En agglomération,Hors intersection,Pluie légère,Deux véhicules - arrière,,,,,,,,,,,1,2,1,2.0,2
201200011277,0012-04-05 13:10:00,12,4,5,13,10,60,88,"0, MASSENA (PLACE)",,,Plein jour,En agglomération,Hors intersection,Normale,Autre collision,,,,,,,,,,,1,2,1,1.0,6
201200011278,0012-04-05 21:50:00,12,4,5,21,50,60,88,"47, ETATS UNIS (QUAI DES",,,Nuit avec éclairage allumé,En agglomération,Hors intersection,Normale,Autre collision,,,,,,,,,,,5,2,1,1.0,6
201200011279,0012-04-06 02:15:00,12,4,6,2,15,60,88,"0, GOUNOD (RUE)",,,Nuit avec éclairage allumé,En agglomération,Intersection en X,Normale,Deux véhicules - côté,,,,,,,,,,,5,2,2,1.0,3
201200011280,0012-04-06 07:30:00,12,4,6,7,30,60,88,"0, VOIE RAPIDE",,,Plein jour,En agglomération,Hors intersection,Normale,Deux véhicules - arrière,,,,,,,,,,,1,2,1,1.0,2
201200011281,0012-04-06 14:30:00,12,4,6,14,30,60,88,"0, DUNANT (AV. HENRI)",,,Plein jour,En agglomération,Hors intersection,Normale,Deux véhicules - côté,,,,,,,,,,,1,2,1,1.0,3
201200011282,0012-04-06 15:30:00,12,4,6,15,30,60,88,"121, PASTEUR (BD)",,,Plein jour,En agglomération,Hors intersection,Normale,Deux véhicules - côté,,,,,,,,,,,1,2,1,1.0,3
201200011283,0012-04-07 16:30:00,12,4,7,16,30,60,88,"0, MONET (TRAV. JEAN)",,,Plein jour,En agglomération,Hors intersection,Normale,Deux véhicules - arrière,,,,,,,,,,,1,2,1,1.0,2
201200011284,0012-04-08 18:10:00,12,4,8,18,10,60,88,"28, ANGLAIS (DU N? 1 AU",,,Plein jour,En agglomération,Hors intersection,Normale,Deux véhicules - arrière,,,,,,,,,,,1,2,1,1.0,2
201200011285,0012-04-09 17:45:00,12,4,9,17,45,60,88,"0, BEAUMONT (RUE)",,,Plein jour,En agglomération,Intersection en X,Normale,Deux véhicules - côté,,,,,,,,,,,1,2,2,1.0,3
201200011286,0012-04-10 08:20:00,12,4,10,8,20,60,88,"0, VIGNY (AV. IMP. ALFRE",,,Plein jour,En agglomération,Hors intersection,Normale,Deux véhicules - arrière,,,,,,,,,,,1,2,1,1.0,2
201200011287,0012-04-10 12:45:00,12,4,10,12,45,60,88,"0, TUNNEL DU PAILLON",,,Nuit avec éclairage allumé,En agglomération,Hors intersection,Normale,Deux véhicules - arrière,,,,,,,,,,,5,2,1,1.0,2
201200011288,0012-04-10 14:00:00,12,4,10,14,0,60,88,"0, MATISSE (AV. HENRI)",,,Plein jour,En agglomération,Hors intersection,Normale,Autre collision,,,,,,,,,,,1,2,1,1.0,6
201200011289,0012-04-10 18:50:00,12,4,10,18,50,60,88,"28, HOTEL DES POSTES (R.",,,Nuit avec éclairage allumé,En agglomération,Intersection en X,Pluie forte,Autre collision,,,,,,,,,,,5,2,2,3.0,6
201200011290,0012-04-10 21:25:00,12,4,10,21,25,60,88,"7, PILATTE (BD FRANCK)",,,Nuit avec éclairage allumé,En agglomération,Hors intersection,Pluie forte,Autre collision,,,,,,,,,,,5,2,1,3.0,6
201200011291,0012-04-11 17:10:00,12,4,11,17,10,60,88,"13, TZAREWITCH (BD DU)",,,Plein jour,En agglomération,Hors intersection,Normale,Autre collision,,,,,,,,,,,1,2,1,1.0,6
201200011292,0012-04-12 09:20:00,12,4,12,9,20,60,88,"0, LYAUTEY (AV. DU MAL)",,,Plein jour,En agglomération,Hors intersection,Normale,Autre collision,,,,,,,,,,,1,2,1,1.0,6
201200011293,0012-04-12 17:50:00,12,4,12,17,50,60,88,"6, BLANQUI (PL. AUGUSTE)",,,Plein jour,En agglomération,Hors intersection,Normale,Deux véhicules - côté,,,,,,,,,,,1,2,1,1.0,3
201200011294,0012-04-13 09:40:00,12,4,13,9,40,60,88,"1, SLAMA (RUE MAURICE)",,,Plein jour,En agglomération,Hors intersection,Pluie légère,Deux véhicules - arrière,,,,,,,,,,,1,2,1,2.0,2
201200011295,0012-04-13 11:45:00,12,4,13,11,45,60,88,"64, CIMIEZ (BD) A PARTIR",,,Plein jour,En agglomération,Hors intersection,Normale,Deux véhicules - côté,,,,,,,,,,,1,2,1,1.0,3
201200011296,0012-04-13 14:30:00,12,4,13,14,30,60,88,"0, GRACE DE MONACO (BD P",,,Plein jour,En agglomération,Hors intersection,Normale,Trois véhicules et plus - collisions multiples,,,,,,,,,,,1,2,1,1.0,5
201200011297,0012-04-13 16:50:00,12,4,13,16,50,60,88,"70, GROSSO (A PARTIR DU",,,Plein jour,En agglomération,Hors intersection,Normale,Autre collision,,,,,,,,,,,1,2,1,1.0,6
201200011298,0012-04-13 22:00:00,12,4,13,22,0,60,88,"16, SARAMITO (AV. GEN.)",,,Nuit avec éclairage allumé,En agglomération,Hors intersection,Normale,Autre collision,,,,,,,,,,,5,2,1,1.0,6
201200011299,0012-04-14 03:05:00,12,4,14,3,5,60,88,"0, ANGLAIS (A PARTIR DU",,,Nuit avec éclairage allumé,En agglomération,Hors intersection,Normale,Sans collision,,,,,,,,,,,5,2,1,1.0,7
201200011300,0012-04-14 16:15:00,12,4,14,16,15,60,88,"0, TURIN (RTE DE)",,,Plein jour,En agglomération,Hors intersection,Normale,Deux véhicules - côté,,,,,,,,,,,1,2,1,1.0,3
201200011301,0012-04-14 21:20:00,12,4,14,21,20,60,88,"0, SHAKESPEARE (R.)",,,Nuit avec éclairage allumé,En agglomération,Intersection en X,Normale,Deux véhicules - côté,,,,,,,,,,,5,2,2,1.0,3
201200011302,0012-04-16 08:00:00,12,4,16,8,0,60,88,"0, GIORDAN (AV. JOSEPH)",,,Plein jour,En agglomération,Hors intersection,Normale,Deux véhicules - côté,,,,,,,,,,,1,2,1,1.0,3
201200011303,0012-04-16 16:30:00,12,4,16,16,30,60,88,"145, FRANCE (R. DE) A PA",,,Plein jour,En agglomération,Hors intersection,Normale,Deux véhicules - côté,,,,,,,,,,,1,2,1,1.0,3
201200011304,0012-04-17 00:01:00,12,4,17,0,1,60,88,"0, GARNIER (BD JOSEPH)",,,Nuit avec éclairage allumé,En agglomération,Intersection en X,Normale,Deux véhicules - côté,,,,,,,,,,,5,2,2,1.0,3
201200011305,0012-04-17 13:10:00,12,4,17,13,10,60,88,"43, BESSET (AV.) (JUSQU'",,,Plein jour,En agglomération,Hors intersection,Normale,Deux véhicules - arrière,,,,,,,,,,,1,2,1,1.0,2
201200011306,0012-04-17 14:05:00,12,4,17,14,5,60,88,"0, ANGLAIS (A PARTIR DU",,,Plein jour,En agglomération,Hors intersection,Normale,Deux véhicules - côté,,,,,,,,,,,1,2,1,1.0,3
201200011307,0012-04-17 21:00:00,12,4,17,21,0,60,88,"0, GAMBETTA (A PARTIR DU",,,Nuit avec éclairage allumé,En agglomération,Hors intersection,Normale,Deux véhicules - côté,,,,,,,,,,,5,2,1,1.0,3
201200011308,0012-04-17 23:10:00,12,4,17,23,10,60,88,"0, ROQUEBILLIERE (R. DE)",,,Nuit avec éclairage allumé,En agglomération,Intersection en X,Normale,Deux véhicules - côté,,,,,,,,,,,5,2,2,1.0,3
201200011309,0012-04-19 10:45:00,12,4,19,10,45,60,88,"10, JAURES (BD JEAN)",,,Plein jour,En agglomération,Hors intersection,Normale,Deux véhicules - côté,,,,,,,,,,,1,2,1,1.0,3
201200011310,0012-04-19 16:50:00,12,4,19,16,50,60,88,"15, PESSICART (JUSQU'AU",,,Plein jour,En agglomération,Hors intersection,Normale,Autre collision,,,,,,,,,,,1,2,1,1.0,6
201200011311,0012-04-19 18:35:00,12,4,19,18,35,60,88,"0, TURIN (RTE DE)",,,Plein jour,En agglomération,Hors intersection,Normale,Deux véhicules - côté,,,,,,,,,,,1,2,1,1.0,3
201200011312,0012-04-20 09:40:00,12,4,20,9,40,60,88,"7, GARIBALDI (PL.)",,,Plein jour,En agglomération,Hors intersection,Normale,Autre collision,,,,,,,,,,,1,2,1,1.0,6
201200011313,0012-04-20 12:20:00,12,4,20,12,20,60,88,"0, MONT-BORON (BD DU) (A",,,Plein jour,En agglomération,Intersection en X,Normale,Deux véhicules - côté,,,,,,,,,,,1,2,2,1.0,3
201200011314,0012-04-20 18:20:00,12,4,20,18,20,60,88,"0, RAYNAUD (BD AUGUSTE)",,,Plein jour,En agglomération,Hors intersection,Normale,Deux véhicules - côté,,,,,,,,,,,1,2,1,1.0,3
201200011315,0012-04-21 00:25:00,12,4,21,0,25,60,88,"0, GAMBETTA (A PARTIR DU",,,Nuit avec éclairage allumé,En agglomération,Intersection en X,Normale,Deux véhicules - côté,,,,,,,,,,,5,2,2,1.0,3
201200011316,0012-04-21 08:15:00,12,4,21,8,15,60,88,"0, ANGLAIS (A PARTIR DU",,,Plein jour,En agglomération,Hors intersection,Normale,Deux véhicules - arrière,,,,,,,,,,,1,2,1,1.0,2
201200011317,0012-04-21 13:35:00,12,4,21,13,35,60,88,"400, ANGLAIS (A PARTIR D",,,Plein jour,En agglomération,Hors intersection,Normale,Deux véhicules - arrière,,,,,,,,,,,1,2,1,1.0,2
201200011318,0012-04-21 19:00:00,12,4,21,19,0,60,88,"0, CIMIEZ (BD) A PARTIR",,,Plein jour,En agglomération,Hors intersection,Normale,Trois véhicules et plus - collisions multiples,,,,,,,,,,,1,2,1,1.0,5
201200011319,0012-04-21 19:50:00,12,4,21,19,50,60,88,"0, LEPANTE (R. DE)",,,Plein jour,En agglomération,Hors intersection,Normale,Autre collision,,,,,,,,,,,1,2,1,1.0,6
201200011320,0012-04-22 13:10:00,12,4,22,13,10,60,88,"15, CHATEAUNEUF (RUE)",,,Plein jour,En agglomération,Hors intersection,Normale,Autre collision,,,,,,,,,,,1,2,1,1.0,6
201200011321,0012-04-23 10:30:00,12,4,23,10,30,60,88,"35, CHENES BLANCS (CH. D",,,Plein jour,En agglomération,Hors intersection,Normale,Deux véhicules - côté,,,,,,,,,,,1,2,1,1.0,3