accident_id,datetime,annee,mois,jour,heure,minute,departement,commune_insee,adresse,latitude,longitude,luminosite,agglomeration,intersection,meteo,collision,nb_vehicules,nb_usagers,nb_indemnes,nb_tues,nb_blesses_hosp,nb_blesses_legers,age_cond_1,age_cond_2,veh_type_cond_1,veh_type_cond_2,lum_code,agg_code,int_code,atm_code,col_code
201200011322,0012-04-23 12:05:00,12,4,23,12,5,60,88,"31, GEORGES V (AV.)",,,Plein jour,En agglomération,Hors intersection,Normale,Autre collision,,,,,,,,,,,1,2,1,1.0,6
201200011323,0012-04-23 12:37:00,12,4,23,12,37,60,88,"0, NAPOLEON III (BD)",,,Plein jour,En agglomération,Intersection en X,Normale,Deux véhicules - côté,,,,,,,,,,,1,2,2,1.0,3
201200011324,0012-04-24 19:50:00,12,4,24,19,50,60,88,"0, DANTE (RUE)",,,Plein jour,En agglomération,Intersection en X,Normale,Deux véhicules - côté,,,,,,,,,,,1,2,2,1.0,3
201200011325,0012-04-24 20:30:00,12,4,24,20,30,60,88,"3, PELLOS (R. FRANCOIS)",,,Crépuscule ou aube,En agglomération,Hors intersection,Normale,Deux véhicules - côté,,,,,,,,,,,2,2,1,1.0,3
201200011326,0012-04-25 07:30:00,12,4,25,7,30,60,88,"0, JOFFRE (R. MARECHAL)",,,Plein jour,En agglomération,Intersection en X,Normale,Deux véhicules - côté,,,,,,,,,,,1,2,2,1.0,3
201200011327,0012-04-25 09:55:00,12,4,25,9,55,60,88,"0, PAPE JEAN XXIII (BD)",,,Plein jour,En agglomération,Intersection en X,Normale,Deux véhicules - côté,,,,,,,,,,,1,2,2,1.0,3
201200011328,0012-04-25 11:45:00,12,4,25,11,45,60,88,"6 bis, BORRIGLIONE (JUSQ",,,Plein jour,En agglomération,Hors intersection,Normale,Autre collision,,,,,,,,,,,1,2,1,1.0,6
201200011329,0012-04-25 15:10:00,12,4,25,15,10,60,88,"1, PATRIMOINE (PTE AV. D",,,Plein jour,En agglomération,Hors intersection,Normale,Autre collision,,,,,,,,,,,1,2,1,1.0,6
201200011330,0012-04-25 23:20:00,12,4,25,23,20,60,88,"0, MAETERLINCK (BD M.)",,,Nuit avec éclairage allumé,En agglomération,Hors intersection,Normale,Deux véhicules - côté,,,,,,,,,,,5,2,1,1.0,3
201200011331,0012-04-26 12:45:00,12,4,26,12,45,60,88,"31, CAP DE CROIX (AV. ET",,,Plein jour,En agglomération,Hors intersection,Normale,Deux véhicules - côté,,,,,,,,,,,1,2,1,1.0,3
201200011332,0012-04-26 17:14:00,12,4,26,17,14,60,88,"151, TURIN (RTE DE)",,,Plein jour,En agglomération,Hors intersection,Normale,Autre collision,,,,,,,,,,,1,2,1,1.0,6
201200011333,0012-04-26 20:45:00,12,4,26,20,45,60,88,"0, COTY (PONT RENE)",,,Plein jour,En agglomération,Hors intersection,Normale,Deux véhicules - arrière,,,,,,,,,,,1,2,1,1.0,2
201200011334,0012-04-27 15:30:00,12,4,27,15,30,60,88,"73, PESSICART (JUSQU'AU",,,Plein jour,En agglomération,Hors intersection,Normale,Autre collision,,,,,,,,,,,1,2,1,1.0,6
201200011335,0012-04-27 16:20:00,12,4,27,16,20,60,88,"7, ITALIE (R. D')",,,Plein jour,En agglomération,Intersection en T,Normale,Deux véhicules - côté,,,,,,,,,,,1,2,3,1.0,3
201200011336,0012-04-28 19:50:00,12,4,28,19,50,60,88,"0, BUFFA (RUE DE LA)",,,Plein jour,En agglomération,Intersection en X,Normale,Deux véhicules - côté,,,,,,,,,,,1,2,2,1.0,3
201200011337,0012-04-28 23:00:00,12,4,28,23,0,60,88,"0, LYAUTEY (AV. DU MAL)",,,Nuit avec éclairage allumé,En agglomération,Hors intersection,Pluie légère,Autre collision,,,,,,,,,,,5,2,1,2.0,6
201200011338,0012-05-01 12:30:00,12,5,1,12,30,60,88,"40, SAINT-SYLVESTRE (AV.",,,Plein jour,En agglomération,Hors intersection,Normale,Autre collision,,,,,,,,,,,1,2,1,1.0,6
201200011339,0012-05-02 10:55:00,12,5,2,10,55,60,88,"0, AUGUSTA (AV. ANTONIA)",,,Plein jour,En agglomération,Hors intersection,Normale,Autre collision,,,,,,,,,,,1,2,1,1.0,6
201200011340,0012-05-02 12:05:00,12,5,2,12,5,60,88,"84, CIMIEZ (BD) A PARTIR",,,Plein jour,En agglomération,Hors intersection,Normale,Autre collision,,,,,,,,,,,1,2,1,1.0,6
201200011341,0012-05-02 12:30:00,12,5,2,12,30,60,88,"6, RISSO (BD)",,,Plein jour,En agglomération,Hors intersection,Normale,Trois véhicules et plus - collisions multiples,,,,,,,,,,,1,2,1,1.0,5
201200011342,0012-05-02 15:30:00,12,5,2,15,30,60,88,"51, CASSIN (BD RENE)",,,Plein jour,En agglomération,Hors intersection,Normale,Deux véhicules - arrière,,,,,,,,,,,1,2,1,1.0,2
201200011343,0012-05-02 15:40:00,12,5,2,15,40,60,88,"0, CASSIN (BD RENE)",,,Plein jour,En agglomération,Hors intersection,Normale,Deux véhicules - côté,,,,,,,,,,,1,2,1,1.0,3
201200011344,0012-05-02 20:15:00,12,5,2,20,15,60,88,"0, ANGLAIS (A PARTIR DU",,,Plein jour,En agglomération,Hors intersection,Normale,Deux véhicules - arrière,,,,,,,,,,,1,2,1,1.0,2
201200011345,0012-05-03 08:40:00,12,5,3,8,40,60,88,"14, MAISTRE (AV. J. ET X",,,Plein jour,En agglomération,Hors intersection,Normale,Autre collision,,,,,,,,,,,1,2,1,1.0,6
201200011346,0012-05-03 15:20:00,12,5,3,15,20,60,88,"0, CASSIN (BD RENE)",,,Plein jour,En agglomération,Intersection en X,Normale,Deux véhicules - côté,,,,,,,,,,,1,2,2,1.0,3
201200011347,0012-05-03 16:30:00,12,5,3,16,30,60,88,"0, GRENOBLE (ROUTE DE)",,,Plein jour,En agglomération,Hors intersection,Normale,Trois véhicules et plus - en chaîne,,,,,,,,,,,1,2,1,1.0,4
201200011348,0012-05-04 02:00:00,12,5,4,2,0,60,88,"0, ANGLAIS PLAGE(  PARTI",,,Nuit avec éclairage allumé,En agglomération,Hors intersection,Normale,Autre collision,,,,,,,,,,,5,2,1,1.0,6
201200011349,0012-05-04 09:15:00,12,5,4,9,15,60,88,"32, MALAUSSENA (AV.)",,,Plein jour,En agglomération,Hors intersection,Normale,Autre collision,,,,,,,,,,,1,2,1,1.0,6
201200011350,0012-05-04 09:10:00,12,5,4,9,10,60,88,"0, RD 6202",,,Plein jour,En agglomération,Hors intersection,Normale,Deux véhicules - arrière,,,,,,,,,,,1,2,1,1.0,2
201200011351,0012-05-04 10:50:00,12,5,4,10,50,60,159,"0, BASSE CORNICHE",,,Plein jour,En agglomération,Hors intersection,Normale,Deux véhicules - côté,,,,,,,,,,,1,2,1,1.0,3
201200011352,0012-05-05 09:40:00,12,5,5,9,40,60,88,"0, LEPANTE (R. DE)",,,Plein jour,En agglomération,Intersection en X,Normale,Deux véhicules - côté,,,,,,,,,,,1,2,2,1.0,3
201200011353,0012-05-05 10:30:00,12,5,5,10,30,60,88,"0, BINET (RUE ALFRED)",,,Plein jour,En agglomération,Hors intersection,Normale,Deux véhicules - côté,,,,,,,,,,,1,2,1,1.0,3
201200011354,0012-05-05 15:35:00,12,5,5,15,35,60,88,"0, RD 6202",,,Plein jour,En agglomération,Hors intersection,Normale,Trois véhicules et plus - en chaîne,,,,,,,,,,,1,2,1,1.0,4
201200011355,0012-05-05 18:40:00,12,5,5,18,40,60,88,"15, RAYNAUD (BD AUGUSTE)",,,Plein jour,En agglomération,Hors intersection,Normale,Autre collision,,,,,,,,,,,1,2,1,1.0,6
201200011356,0012-05-06 00:15:00,12,5,6,0,15,60,88,"92, CIMIEZ (BD) A PARTIR",,,Nuit avec éclairage allumé,En agglomération,Hors intersection,Normale,Deux véhicules - frontale,,,,,,,,,,,5,2,1,1.0,1
201200011357,0012-05-06 18:30:00,12,5,6,18,30,60,88,"0, ITALIE (R. D')",,,Plein jour,En agglomération,Hors intersection,Normale,Autre collision,,,,,,,,,,,1,2,1,1.0,6
201200011358,0012-05-06 23:15:00,12,5,6,23,15,60,88,"0, MONET (TRAV. JEAN)",,,Nuit avec éclairage allumé,En agglomération,Hors intersection,Normale,Deux véhicules - côté,,,,,,,,,,,5,2,1,1.0,3
201200011359,0012-05-07 07:45:00,12,5,7,7,45,60,88,"0, ANGLAIS (DU N? 45 AU",,,Plein jour,En agglomération,Hors intersection,Normale,Deux véhicules - arrière,,,,,,,,,,,1,2,1,1.0,2
201200011360,0012-05-07 15:00:00,12,5,7,15,0,60,88,"0, VERANY (BD J.B.)",,,Plein jour,En agglomération,Hors intersection,Normale,Autre collision,,,,,,,,,,,1,2,1,1.0,6
201200011361,0012-05-09 07:45:00,12,5,9,7,45,60,88,"369, ANGLAIS (A PARTIR D",,,Plein jour,En agglomération,Hors intersection,Normale,Deux véhicules - arrière,,,,,,,,,,,1,2,1,1.0,2
201200011362,0012-05-09 08:40:00,12,5,9,8,40,60,88,"21, CARLONE (BD)",,,Plein jour,En agglomération,Hors intersection,Normale,Autre collision,,,,,,,,,,,1,2,1,1.0,6
201200011363,0012-05-09 13:30:00,12,5,9,13,30,60,88,"0, MACCARANI (R.)",,,Plein jour,En agglomération,Hors intersection,Normale,Autre collision,,,,,,,,,,,1,2,1,1.0,6
201200011364,0012-05-09 17:10:00,12,5,9,17,10,60,88,"0, DELFINO (BD GENERAL)",,,Plein jour,En agglomération,Hors intersection,Normale,Autre collision,,,,,,,,,,,1,2,1,1.0,6
201200011365,0012-05-09 23:20:00,12,5,9,23,20,60,88,"0, ROMAINE (AV. DE LA VO",,,Nuit avec éclairage allumé,En agglomération,Hors intersection,Normale,Autre collision,,,,,,,,,,,5,2,1,1.0,6
201200011366,0012-05-10 08:30:00,12,5,10,8,30,60,88,"0, VOIE RAPIDE",,,Plein jour,En agglomération,Hors intersection,Normale,Trois véhicules et plus - en chaîne,,,,,,,,,,,1,2,1,1.0,4
201200011367,0012-05-10 14:30:00,12,5,10,14,30,60,88,"15, BELLET (AV. DE)",,,Plein jour,En agglomération,Hors intersection,Normale,Autre collision,,,,,,,,,,,1,2,1,1.0,6
201200011368,0012-05-10 18:50:00,12,5,10,18,50,60,88,"34, GAL (R. AUGUSTE)",,,Plein jour,En agglomération,Hors intersection,Normale,Autre collision,,,,,,,,,,,1,2,1,1.0,6
201200011369,0012-05-11 10:00:00,12,5,11,10,0,60,88,"221, ANGLAIS (DU N? 114",,,Plein jour,En agglomération,Hors intersection,Normale,Deux véhicules - arrière,,,,,,,,,,,1,2,1,1.0,2
201200011370,0012-05-11 10:30:00,12,5,11,10,30,60,88,"105, ROQUEBILLIERE (R. D",,,Plein jour,En agglomération,Hors intersection,Normale,Autre collision,,,,,,,,,,,1,2,1,1.0,6
201200011371,0012-05-11 13:45:00,12,5,11,13,45,60,88,"0, BISCHOFFSHEIM (BD)",,,Plein jour,En agglomération,Hors intersection,Normale,Sans collision,,,,,,,,,,,1,2,1,1.0,7
201200011372,0012-05-12 19:40:00,12,5,12,19,40,60,88,"0, GRENOBLE (ROUTE DE)",,,Plein jour,En agglomération,Hors intersection,Normale,Deux véhicules - côté,,,,,,,,,,,1,2,1,1.0,3
201200011373,0012-05-12 21:50:00,12,5,12,21,50,60,88,"141, BELLET (RTE DE)",,,Nuit avec éclairage allumé,En agglomération,Hors intersection,Normale,Deux véhicules - côté,,,,,,,,,,,5,2,1,1.0,3
201200011374,0012-05-13 01:10:00,12,5,13,1,10,60,88,"21, BRAILLE (BD LOUIS)",,,Nuit avec éclairage allumé,En agglomération,Hors intersection,Normale,Autre collision,,,,,,,,,,,5,2,1,1.0,6
201200011375,0012-05-13 06:20:00,12,5,13,6,20,60,88,"0, TUNNEL DU PAILLON",,,Nuit avec éclairage allumé,En agglomération,Hors intersection,Normale,Autre collision,,,,,,,,,,,5,2,1,1.0,6
201200011376,0012-05-13 15:30:00,12,5,13,15,30,60,159,BELLAVISTA (AVENUE),,,Plein jour,Hors agglomération,Hors intersection,Normale,Trois véhicules et plus - collisions multiples,,,,,,,,,,,1,1,1,1.0,5
201200011377,0012-05-13 17:00:00,12,5,13,17,0,60,88,"22, BARLA (RUE)",,,Plein jour,En agglomération,Hors intersection,Normale,Autre collision,,,,,,,,,,,1,2,1,1.0,6
201200011378,0012-05-14 12:45:00,12,5,14,12,45,60,88,"0, GARNIER (BD JOSEPH)",,,Plein jour,En agglomération,Intersection en X,Normale,Deux véhicules - côté,,,,,,,,,,,1,2,2,1.0,3
201200011379,0012-05-14 14:20:00,12,5,14,14,20,60,88,"0, RUSSIE (R. DE)",,,Plein jour,En agglomération,Intersection en X,Normale,Autre collision,,,,,,,,,,,1,2,2,1.0,6
201200011380,0012-05-15 00:30:00,12,5,15,0,30,60,88,"0, ANGLAIS (DU N? 265 AU",,,Nuit avec éclairage non allumé,En agglomération,Hors intersection,Normale,Deux véhicules - arrière,,,,,,,,,,,4,2,1,1.0,2
201200011381,0012-05-15 11:00:00,12,5,15,11,0,60,88,"98, SAINT-LAMBERT (AV.)",,,Plein jour,En agglomération,Hors intersection,Normale,Autre collision,,,,,,,,,,,1,2,1,1.0,6
201200011382,0012-05-16 08:10:00,12,5,16,8,10,60,88,"220, FABRON (AV. DE) (A",,,Plein jour,En agglomération,Hors intersection,Normale,Autre collision,,,,,,,,,,,1,2,1,1.0,6
201200011383,0012-05-16 13:15:00,12,5,16,13,15,60,88,ARIANE (BD DE L'),,,Plein jour,En agglomération,Hors intersection,Normale,Deux véhicules - arrière,,,,,,,,,,,1,2,1,1.0,2
201200011384,0012-05-16 14:00:00,12,5,16,14,0,60,88,"0, SAINT-ROCH (BD DE)",,,Plein jour,En agglomération,Intersection en X,Normale,Deux véhicules - côté,,,,,,,,,,,1,2,2,1.0,3
201200011385,0012-05-16 15:45:00,12,5,16,15,45,60,88,"0, KARR (R. ALPHONSE)",,,Plein jour,En agglomération,Hors intersection,Normale,Autre collision,,,,,,,,,,,1,2,1,1.0,6
201200011386,0012-05-16 16:10:00,12,5,16,16,10,60,88,"254, TURIN (RTE DE)",,,Plein jour,En agglomération,Hors intersection,Normale,Deux véhicules - frontale,,,,,,,,,,,1,2,1,1.0,1
201200011387,0012-05-17 19:00:00,12,5,17,19,0,60,88,"273, ANGLAIS (DU N? 265",,,Plein jour,En agglomération,Hors intersection,Normale,Autre collision,,,,,,,,,,,1,2,1,1.0,6
201200011388,0012-05-17 22:00:00,12,5,17,22,0,60,88,"83, MADELEINE (BD DE LA)",,,Nuit avec éclairage allumé,En agglomération,Hors intersection,Normale,Deux véhicules - arrière,,,,,,,,,,,5,2,1,1.0,2
201200011389,0012-05-18 02:40:00,12,5,18,2,40,60,88,"0, BOURGADA (TRAV. DE LA",,,Nuit avec éclairage allumé,En agglomération,Intersection en X,Normale,Deux véhicules - côté,,,,,,,,,,,5,2,2,1.0,3
201200011390,0012-05-18 11:25:00,12,5,18,11,25,60,88,"0, VOIE ROMAINE (AV. DE",,,Plein jour,En agglomération,Intersection en X,Pluie légère,Deux véhicules - côté,,,,,,,,,,,1,2,2,2.0,3
201200011391,0012-05-18 12:10:00,12,5,18,12,10,60,88,"280, CALIFORNIE (AV.) (D",,,Plein jour,En agglomération,Hors intersection,Normale,Deux véhicules - côté,,,,,,,,,,,1,2,1,1.0,3
201200011392,0012-05-18 20:10:00,12,5,18,20,10,60,88,"0, GRINDA (AV. EDOUARD)",,,Plein jour,En agglomération,Hors intersection,Normale,Trois véhicules et plus - en chaîne,,,,,,,,,,,1,2,1,1.0,4
201200011393,0012-05-19 01:25:00,12,5,19,1,25,60,88,"274, MADELEINE (BD DE LA",,,Nuit avec éclairage allumé,En agglomération,Hors intersection,Normale,Deux véhicules - côté,,,,,,,,,,,5,2,1,1.0,3
201200011394,0012-05-19 11:45:00,12,5,19,11,45,60,88,"0, ROUX (R. DR EMILE)",,,Plein jour,En agglomération,Intersection en T,Pluie forte,Deux véhicules - côté,,,,,,,,,,,1,2,3,3.0,3
201200011395,0012-05-19 15:00:00,12,5,19,15,0,60,88,"0, GIORDAN (AV. JOSEPH)",,,Plein jour,En agglomération,Intersection en X,Normale,Deux véhicules - côté,,,,,,,,,,,1,2,2,1.0,3
201200011396,0012-05-19 15:30:00,12,5,19,15,30,60,88,"0, SAINT-PHILIPPE (PL.)",,,Plein jour,En agglomération,Hors intersection,Normale,Deux véhicules - côté,,,,,,,,,,,1,2,1,1.0,3
201200011397,0012-05-21 09:55:00,12,5,21,9,55,60,88,"0, BARLA (RUE)",,,Plein jour,En agglomération,Hors intersection,Pluie légère,Autre collision,,,,,,,,,,,1,2,1,2.0,6
201200011398,0012-05-21 12:20:00,12,5,21,12,20,60,88,"0, NOUVELLES (AV.)",,,Plein jour,En agglomération,Intersection en X,Pluie légère,Deux véhicules - côté,,,,,,,,,,,1,2,2,2.0,3
201200011399,0012-05-21 14:30:00,12,5,21,14,30,60,88,"0, COTY (PONT RENE)",,,Plein jour,En agglomération,Intersection en T,Pluie légère,Deux véhicules - côté,,,,,,,,,,,1,2,3,2.0,3
201200011400,0012-05-21 16:05:00,12,5,21,16,5,60,88,"125, FRANCE (R. DE) A PA",,,Plein jour,En agglomération,Hors intersection,Pluie légère,Deux véhicules - côté,,,,,,,,,,,1,2,1,2.0,3
201200011401,0012-05-22 12:10:00,12,5,22,12,10,60,88,", PHOCEENS (AV. DES)",,,Plein jour,En agglomération,Hors intersection,Normale,Deux véhicules - arrière,,,,,,,,,,,1,2,1,1.0,2
201200011402,0012-05-22 19:00:00,12,5,22,19,0,60,88,"164, CESSOLE (BD DE) (JU",,,Plein jour,En agglomération,Hors intersection,Normale,Deux véhicules - côté,,,,,,,,,,,1,2,1,1.0,3
201200011403,0012-05-23 14:00:00,12,5,23,14,0,60,88,"115, CESSOLE (BD DE) (A",,,Plein jour,En agglomération,Hors intersection,Normale,Autre collision,,,,,,,,,,,1,2,1,1.0,6
201200011404,0012-05-23 16:30:00,12,5,23,16,30,60,88,"0, GRENOBLE (ROUTE DE)",,,Plein jour,En agglomération,Hors intersection,Normale,Deux véhicules - arrière,,,,,,,,,,,1,2,1,1.0,2
201200011405,0012-05-24 11:00:00,12,5,24,11,0,60,88,"122, MADELEINE (BD DE LA",,,Plein jour,En agglomération,Hors intersection,Normale,Autre collision,,,,,,,,,,,1,2,1,1.0,6
201200011406,0012-05-24 13:45:00,12,5,24,13,45,60,88,"324, TURIN (RTE DE)",,,Plein jour,En agglomération,Hors intersection,Normale,Deux véhicules - arrière,,,,,,,,,,,1,2,1,1.0,2
201200011407,0012-05-24 16:20:00,12,5,24,16,20,60,88,"0, JOFFRE (R. MARECHAL)",,,Plein jour,En agglomération,Hors intersection,Normale,Deux véhicules - côté,,,,,,,,,,,1,2,1,1.0,3
201200011408,0012-05-24 17:00:00,12,5,24,17,0,60,159,"0, CAROUBIERS (AVENUE DE",,,Plein jour,En agglomération,Intersection en T,Normale,Deux véhicules - côté,,,,,,,,,,,1,2,3,1.0,3
201200011409,0012-05-24 21:50:00,12,5,24,21,50,60,88,"0, GLORIA (AV.)",,,Nuit avec éclairage allumé,En agglomération,Intersection en X,Normale,Deux véhicules - côté,,,,,,,,,,,5,2,2,1.0,3
201200011410,0012-05-25 08:20:00,12,5,25,8,20,60,88,"0, COSTIERE (CH. DE LA)",,,Plein jour,En agglomération,Hors intersection,Normale,Deux véhicules - côté,,,,,,,,,,,1,2,1,1.0,3
201200011411,0012-05-25 20:50:00,12,5,25,20,50,60,88,"0, BORRIGLIONE (A PARTIR",,,Nuit avec éclairage allumé,En agglomération,Intersection en X,Normale,Deux véhicules - côté,,,,,,,,,,,5,2,2,1.0,3
201200011412,0012-05-26 01:45:00,12,5,26,1,45,60,88,"0, ANGLAIS (A PARTIR DU",,,Nuit avec éclairage allumé,En agglomération,Hors intersection,Normale,Deux véhicules - côté,,,,,,,,,,,5,2,1,1.0,3
201200011413,0012-05-26 22:20:00,12,5,26,22,20,60,88,"242, GINESTIERE (CH. DE",,,Nuit avec éclairage allumé,En agglomération,Hors intersection,Pluie légère,Autre collision,,,,,,,,,,,5,2,1,2.0,6
201200011414,0012-05-27 12:00:00,12,5,27,12,0,60,88,"0, GEROME (PL. CDT)",,,Plein jour,En agglomération,Hors intersection,Normale,Deux véhicules - côté,,,,,,,,,,,1,2,1,1.0,3
201200011415,0012-05-28 13:25:00,12,5,28,13,25,60,88,"0, CADAM",,,Plein jour,En agglomération,Hors intersection,Normale,Deux véhicules - frontale,,,,,,,,,,,1,2,1,1.0,1
201200011416,0012-05-29 13:50:00,12,5,29,13,50,60,88,"09, LYAUTEY (AV. DU MAL)",,,Plein jour,En agglomération,Hors intersection,Normale,Autre collision,,,,,,,,,,,1,2,1,1.0,6
201200011417,0012-05-29 14:30:00,12,5,29,14,30,60,88,"07, GAL (R. AUGUSTE)",,,Plein jour,En agglomération,Hors intersection,Normale,Deux véhicules - frontale,,,,,,,,,,,1,2,1,1.0,1
201200011418,0012-05-29 14:35:00,12,5,29,14,35,60,88,"0, PHOCEENS (AV. DES)",,,Plein jour,En agglomération,Hors intersection,Normale,Deux véhicules - côté,,,,,,,,,,,1,2,1,1.0,3
201200011419,0012-05-29 18:00:00,12,5,29,18,0,60,88,"0, DIABLES BLEUS (AV. DE",,,Plein jour,En agglomération,Hors intersection,Normale,Autre collision,,,,,,,,,,,1,2,1,1.0,6
201200011420,0012-05-29 18:15:00,12,5,29,18,15,60,88,"8, SAPPIA (AV. HENRI)",,,Plein jour,En agglomération,Hors intersection,Normale,Autre collision,,,,,,,,,,,1,2,1,1.0,6
201200011421,0012-05-30 07:00:00,12,5,30,7,0,60,88,"0, CARNOT (BD)",,,Plein jour,En agglomération,Hors intersection,Normale,Deux véhicules - côté,,,,,,,,,,,1,2,1,1.0,3
201200011422,0012-05-30 12:05:00,12,5,30,12,5,60,88,"16, DELFINO (BD GENERAL)",,,Plein jour,En agglomération,Hors intersection,Normale,Autre collision,,,,,,,,,,,1,2,1,1.0,6
201200011423,0012-05-30 13:55:00,12,5,30,13,55,60,88,"0, GRENOBLE (ROUTE DE)",,,Plein jour,En agglomération,Hors intersection,Normale,Deux véhicules - côté,,,,,,,,,,,1,2,1,1.0,3
201200011424,0012-05-30 18:20:00,12,5,30,18,20,60,88,"0, ILE-DE-BEAUTE (PL. DE",,,Plein jour,En agglomération,Hors intersection,Normale,Deux véhicules - côté,,,,,,,,,,,1,2,1,1.0,3
201200011425,0012-05-30 20:10:00,12,5,30,20,10,60,88,"0, ROUGET-DE-LISLE (R.)",,,Plein jour,En agglomération,Intersection en X,Normale,Deux véhicules - côté,,,,,,,,,,,1,2,2,1.0,3
201200011426,0012-05-30 21:25:00,12,5,30,21,25,60,88,"0, COMBATTANTS D'AFN (RU",,,Nuit avec éclairage allumé,En agglomération,Hors intersection,Normale,Deux véhicules - côté,,,,,,,,,,,5,2,1,1.0,3
201200011427,0012-05-30 22:20:00,12,5,30,22,20,60,88,"14, CESSOLE (BD DE) (JUS",,,Nuit avec éclairage allumé,En agglomération,Hors intersection,Normale,Deux véhicules - côté,,,,,,,,,,,5,2,1,1.0,3
201200011428,0012-05-31 03:25:00,12,5,31,3,25,60,88,"0, TUNNEL ET VOIE MALRAU",,,Nuit avec éclairage allumé,En agglomération,Hors intersection,Normale,Autre collision,,,,,,,,,,,5,2,1,1.0,6
201200011429,0012-05-31 11:00:00,12,5,31,11,0,60,88,"0, VOIE RAPIDE",,,Plein jour,En agglomération,Hors intersection,Normale,Deux véhicules - côté,,,,,,,,,,,1,2,1,1.0,3
201200011430,0012-05-31 12:20:00,12,5,31,12,20,60,88,"65, CESSOLE (BD DE) (A P",,,Plein jour,En agglomération,Hors intersection,Normale,Autre collision,,,,,,,,,,,1,2,1,1.0,6
201200011431,0012-05-31 17:45:00,12,5,31,17,45,60,88,"0, ANGLAIS (A PARTIR DU",,,Plein jour,En agglomération,Hors intersection,Normale,Deux véhicules - arrière,,,,,,,,,,,1,2,1,1.0,2
201200011432,0012-06-01 01:33:00,12,6,1,1,33,60,88,"0, MONTEL (BD PAUL)",,,Nuit avec éclairage allumé,En agglomération,Hors intersection,Normale,Autre collision,,,,,,,,,,,5,2,1,1.0,6
201200011433,0012-06-01 07:30:00,12,6,1,7,30,60,88,"0, FARAULT (R. GASPARD)",,,Plein jour,En agglomération,Intersection en X,Normale,Deux véhicules - côté,,,,,,,,,,,1,2,2,1.0,3
201200011434,0012-06-01 16:40:00,12,6,1,16,40,60,88,"26, QUINZIEME CORPS (AV.",,,Plein jour,En agglomération,Hors intersection,Normale,Autre collision,,,,,,,,,,,1,2,1,1.0,6
201200011435,0012-06-01 17:00:00,12,6,1,17,0,60,88,"0, GARNIER (BD JOSEPH)",,,Plein jour,En agglomération,Hors intersection,Normale,Autre collision,,,,,,,,,,,1,2,1,1.0,6
201200011436,0012-06-02 19:40:00,12,6,2,19,40,60,88,"0, SAINT-AUGUSTIN (AV. D",,,Plein jour,En agglomération,Hors intersection,Normale,Deux véhicules - côté,,,,,,,,,,,1,2,1,1.0,3
201200011437,0012-06-02 21:10:00,12,6,2,21,10,60,88,"0, COTY (PONT RENE)",,,Nuit avec éclairage allumé,En agglomération,Intersection en X,Normale,Deux véhicules - côté,,,,,,,,,,,5,2,2,1.0,3
201200011438,0012-06-04 14:00:00,12,6,4,14,0,60,88,"0, RUSSIE (R. DE)",,,Plein jour,En agglomération,Hors intersection,Pluie forte,Deux véhicules - arrière,,,,,,,,,,,1,2,1,3.0,2
201200011439,0012-06-05 12:50:00,12,6,5,12,50,60,88,"0, GRENOBLE (ROUTE DE)",,,Plein jour,En agglomération,Hors intersection,Normale,Deux véhicules - arrière,,,,,,,,,,,1,2,1,1.0,2
201200011440,0012-06-05 14:10:00,12,6,5,14,10,60,88,"0, ANGLAIS (A PARTIR DU",,,Plein jour,En agglomération,Hors intersection,Normale,Deux véhicules - arrière,,,,,,,,,,,1,2,1,1.0,2
201200011441,0012-06-05 15:20:00,12,6,5,15,20,60,88,"12, VOIE ROMAINE (AV. DE",,,Plein jour,En agglomération,Hors intersection,Normale,Autre collision,,,,,,,,,,,1,2,1,1.0,6
201200011442,0012-06-05 16:10:00,12,6,5,16,10,60,88,"0, VERNIER (R.)",,,Plein jour,En agglomération,Intersection en T,Normale,Deux véhicules - côté,,,,,,,,,,,1,2,3,1.0,3
201200011443,0012-06-05 21:05:00,12,6,5,21,5,60,88,"0, VOIE RAPIDE",,,Nuit avec éclairage allumé,En agglomération,Hors intersection,Normale,Trois véhicules et plus - collisions multiples,,,,,,,,,,,5,2,1,1.0,5
201200011444,0012-06-06 08:20:00,12,6,6,8,20,60,88,"0, PASCHETTA (PL. DR CH.",,,Plein jour,En agglomération,Hors intersection,Normale,Deux véhicules - côté,,,,,,,,,,,1,2,1,1.0,3
201200011445,0012-06-06 19:20:00,12,6,6,19,20,60,88,"0, GORBELLA (BD DE)",,,Plein jour,En agglomération,Hors intersection,Normale,Deux véhicules - côté,,,,,,,,,,,1,2,1,1.0,3
201200011446,0012-06-08 09:50:00,12,6,8,9,50,60,88,"0, COLOMARS (ROUTE DE)",,,Plein jour,Hors agglomération,Hors intersection,Normale,Autre collision,,,,,,,,,,,1,1,1,1.0,6
201200011447,0012-06-09 02:05:00,12,6,9,2,5,60,88,"56, ANGLAIS PLAGE(DU 45",,,Nuit avec éclairage allumé,En agglomération,Hors intersection,Normale,Trois véhicules et plus - collisions multiples,,,,,,,,,,,5,2,1,1.0,5
201200011448,0012-06-09 06:58:00,12,6,9,6,58,60,88,"0, CASSIN (BD RENE)",,,Plein jour,En agglomération,Intersection en T,Normale,Deux véhicules - côté,,,,,,,,,,,1,2,3,1.0,3
201200011449,0012-06-09 15:15:00,12,6,9,15,15,60,88,"0, CORNIGLION MOLINIER (",,,Plein jour,En agglomération,Hors intersection,Normale,Deux véhicules - arrière,,,,,,,,,,,1,2,1,1.0,2
201200011450,0012-06-11 12:45:00,12,6,11,12,45,60,88,"0, ARSON (RUE)",,,Plein jour,En agglomération,Hors intersection,Normale,Deux véhicules - côté,,,,,,,,,,,1,2,1,1.0,3
201200011451,0012-06-11 15:10:00,12,6,11,15,10,60,88,"1, SAINT-ROCH (BD DE)",,,Plein jour,En agglomération,Intersection en X,Normale,Trois véhicules et plus - collisions multiples,,,,,,,,,,,1,2,2,1.0,5