accident_id,datetime,annee,mois,jour,heure,minute,departement,commune_insee,adresse,latitude,longitude,luminosite,agglomeration,intersection,meteo,collision,nb_vehicules,nb_usagers,nb_indemnes,nb_tues,nb_blesses_hosp,nb_blesses_legers,age_cond_1,age_cond_2,veh_type_cond_1,veh_type_cond_2,lum_code,agg_code,int_code,atm_code,col_code
201200011584,0012-08-05 21:24:00,12,8,5,21,24,60,88,"0, SAINT-PHILIPPE (PL.)",,,Nuit avec éclairage non allumé,En agglomération,Intersection en X,Normale,Deux véhicules - côté,,,,,,,,,,,4,2,2,1.0,3
201200011585,0012-08-06 07:30:00,12,8,6,7,30,60,88,"0, SAINT-PHILIPPE (PL.)",,,Plein jour,En agglomération,Hors intersection,Normale,Deux véhicules - côté,,,,,,,,,,,1,2,1,1.0,3
201200011586,0012-08-06 15:45:00,12,8,6,15,45,60,88,"36, DEUX CORNICHES (BD D",,,Plein jour,En agglomération,Hors intersection,Pluie légère,Deux véhicules - frontale,,,,,,,,,,,1,2,1,2.0,1
201200011587,0012-08-06 18:40:00,12,8,6,18,40,60,88,"81, FRANCE (R. DE) A PAR",,,Plein jour,En agglomération,Hors intersection,Normale,Autre collision,,,,,,,,,,,1,2,1,1.0,6
201200011588,0012-08-06 19:30:00,12,8,6,19,30,60,88,"34, BRAILLE (BD LOUIS)",,,Plein jour,En agglomération,Hors intersection,Normale,Deux véhicules - arrière,,,,,,,,,,,1,2,1,1.0,2
201200011589,0012-08-06 21:10:00,12,8,6,21,10,60,88,"36, CESSOLE (BD DE) (JUS",,,Nuit avec éclairage allumé,En agglomération,Hors intersection,Normale,Deux véhicules - côté,,,,,,,,,,,5,2,1,1.0,3
201200011590,0012-08-07 10:30:00,12,8,7,10,30,60,88,"0, SAINT-AGATHE (R. GUIG",,,Plein jour,En agglomération,Hors intersection,Normale,Autre collision,,,,,,,,,,,1,2,1,1.0,6
201200011591,0012-08-07 18:25:00,12,8,7,18,25,60,88,"341, PESSICART (A PARTIR",,,Plein jour,En agglomération,Hors intersection,Normale,Deux véhicules - côté,,,,,,,,,,,1,2,1,1.0,3
201200011592,0012-08-08 12:00:00,12,8,8,12,0,60,88,"0, BARETY (RUE DOCTEUR)",,,Plein jour,En agglomération,Intersection en X,Normale,Deux véhicules - côté,,,,,,,,,,,1,2,2,1.0,3
201200011593,0012-08-08 04:20:00,12,8,8,4,20,60,88,"0, GALLIENI (AV.)",,,Nuit avec éclairage allumé,En agglomération,Hors intersection,Normale,Deux véhicules - arrière,,,,,,,,,,,5,2,1,1.0,2
201200011594,0012-08-08 08:30:00,12,8,8,8,30,60,88,"90, TURIN (RTE DE)",,,Plein jour,En agglomération,Hors intersection,Normale,Autre collision,,,,,,,,,,,1,2,1,1.0,6
201200011595,0012-08-08 18:40:00,12,8,8,18,40,60,88,"150, ARIANE (BD DE L')",,,Plein jour,En agglomération,Hors intersection,Normale,Autre collision,,,,,,,,,,,1,2,1,1.0,6
201200011596,0012-08-08 18:50:00,12,8,8,18,50,60,88,"0, COTY (PONT RENE)",,,Plein jour,En agglomération,Hors intersection,Normale,Trois véhicules et plus - collisions multiples,,,,,,,,,,,1,2,1,1.0,5
201200011597,0012-08-08 19:50:00,12,8,8,19,50,60,88,"0, NAPOLEON III (PONT)",,,Plein jour,En agglomération,Hors intersection,Normale,Deux véhicules - arrière,,,,,,,,,,,1,2,1,1.0,2
201200011598,0012-08-09 12:39:00,12,8,9,12,39,60,88,"0, ST LAMBERT (JUSQU'AU",,,Plein jour,En agglomération,Hors intersection,Normale,Deux véhicules - arrière,,,,,,,,,,,1,2,1,1.0,2
201200011599,0012-08-09 16:20:00,12,8,9,16,20,60,88,"17, GEORGES V (AV.)",,,Plein jour,En agglomération,Hors intersection,Normale,Trois véhicules et plus - collisions multiples,,,,,,,,,,,1,2,1,1.0,5
201200011600,0012-08-09 16:23:00,12,8,9,16,23,60,88,"62, MATISSE (AV. HENRI)",,,Plein jour,En agglomération,Hors intersection,Normale,Deux véhicules - côté,,,,,,,,,,,1,2,1,1.0,3
201200011601,0012-08-09 23:00:00,12,8,9,23,0,60,88,"0, VERNIER (R.)",,,Nuit avec éclairage allumé,En agglomération,Intersection en X,Normale,Deux véhicules - côté,,,,,,,,,,,5,2,2,1.0,3
201200011602,0012-08-10 01:20:00,12,8,10,1,20,60,159,"0, PRINCESSE GRACE DE MO",,,Nuit avec éclairage allumé,En agglomération,Hors intersection,Normale,Autre collision,,,,,,,,,,,5,2,1,1.0,6
201200011603,0012-08-10 13:00:00,12,8,10,13,0,60,88,"2, DIABLES BLEUS (AV. DE",,,Plein jour,En agglomération,Hors intersection,Normale,Autre collision,,,,,,,,,,,1,2,1,1.0,6
201200011604,0012-08-10 17:00:00,12,8,10,17,0,60,88,"46, MONTEL (BD PAUL)",,,Plein jour,En agglomération,Hors intersection,Normale,Deux véhicules - côté,,,,,,,,,,,1,2,1,1.0,3
201200011605,0012-08-10 18:50:00,12,8,10,18,50,60,88,"10, CARABACEL (BD)",,,Plein jour,En agglomération,Hors intersection,Normale,Autre collision,,,,,,,,,,,1,2,1,1.0,6
201200011606,0012-08-10 20:00:00,12,8,10,20,0,60,88,"0, HUGO (BD VICTOR)",,,Nuit avec éclairage allumé,En agglomération,Hors intersection,Normale,Autre collision,,,,,,,,,,,5,2,1,1.0,6
201200011607,0012-08-11 13:30:00,12,8,11,13,30,60,88,"0, GUBERNATIS (R.)",,,Plein jour,En agglomération,Hors intersection,Normale,Deux véhicules - côté,,,,,,,,,,,1,2,1,1.0,3
201200011608,0012-08-12 17:20:00,12,8,12,17,20,60,88,"37, CARLONE (BD)",,,Plein jour,En agglomération,Hors intersection,Normale,Deux véhicules - frontale,,,,,,,,,,,1,2,1,1.0,1
201200011609,0012-08-12 18:00:00,12,8,12,18,0,60,88,"0, GUITRY (R. SACHA)",,,Plein jour,En agglomération,Hors intersection,Normale,Autre collision,,,,,,,,,,,1,2,1,1.0,6
201200011610,0012-08-14 09:00:00,12,8,14,9,0,60,88,"28, RAYNAUD (BD AUGUSTE)",,,Plein jour,En agglomération,Hors intersection,Normale,Autre collision,,,,,,,,,,,1,2,1,1.0,6
201200011611,0012-08-15 16:00:00,12,8,15,16,0,60,88,"88, CESSOLE (BD DE) (JUS",,,Plein jour,En agglomération,Hors intersection,Normale,Autre collision,,,,,,,,,,,1,2,1,1.0,6
201200011612,0012-08-18 11:15:00,12,8,18,11,15,60,88,"9, RIMIEZ (AV. DE)",,,Plein jour,En agglomération,Hors intersection,Normale,Autre collision,,,,,,,,,,,1,2,1,1.0,6
201200011613,0012-08-18 13:40:00,12,8,18,13,40,60,88,"0, OBSERVATOIRE (R. PRIV",,,Plein jour,En agglomération,Hors intersection,Normale,Autre collision,,,,,,,,,,,1,2,1,1.0,6
201200011614,0012-08-18 18:00:00,12,8,18,18,0,60,88,"0, VAUBAN (R. MARECHAL)",,,Plein jour,En agglomération,Hors intersection,Normale,Deux véhicules - côté,,,,,,,,,,,1,2,1,1.0,3
201200011615,0012-08-18 17:50:00,12,8,18,17,50,60,88,"0, VOIE RAPIDE",,,Plein jour,En agglomération,Hors intersection,Normale,Autre collision,,,,,,,,,,,1,2,1,1.0,6
201200011616,0012-08-19 13:15:00,12,8,19,13,15,60,88,"0, LEPANTE (R. DE)",,,Plein jour,En agglomération,Intersection en X,Normale,Deux véhicules - côté,,,,,,,,,,,1,2,2,1.0,3
201200011617,0012-08-20 05:40:00,12,8,20,5,40,60,88,"0, VOIE RAPIDE",,,Crépuscule ou aube,En agglomération,Hors intersection,Normale,Deux véhicules - côté,,,,,,,,,,,2,2,1,1.0,3
201200011618,0012-08-20 21:20:00,12,8,20,21,20,60,88,"0, BEHRA (BD JEAN)",,,Nuit avec éclairage allumé,En agglomération,Hors intersection,Normale,Deux véhicules - côté,,,,,,,,,,,5,2,1,1.0,3
201200011619,0012-08-20 21:30:00,12,8,20,21,30,60,88,"90, PASTEUR (BD)",,,Plein jour,En agglomération,Hors intersection,Normale,Deux véhicules - arrière,,,,,,,,,,,1,2,1,1.0,2
201200011620,0012-08-21 04:35:00,12,8,21,4,35,60,88,"816, GRENOBLE (ROUTE DE)",,,Nuit avec éclairage allumé,En agglomération,Hors intersection,Normale,Deux véhicules - arrière,,,,,,,,,,,5,2,1,1.0,2
201200011621,0012-08-21 22:09:00,12,8,21,22,9,60,88,"50, MONT-BORON (BD DU) (",,,Nuit avec éclairage allumé,En agglomération,Hors intersection,Normale,Deux véhicules - côté,,,,,,,,,,,5,2,1,1.0,3
201200011622,0012-08-22 10:15:00,12,8,22,10,15,60,88,"23 bis, ARIANE (BD DE L'",,,Plein jour,En agglomération,Hors intersection,Normale,Deux véhicules - arrière,,,,,,,,,,,1,2,1,1.0,2
201200011623,0012-08-22 23:40:00,12,8,22,23,40,60,88,"84, JOLY (CORNICHE ANDRE",,,Nuit avec éclairage allumé,En agglomération,Hors intersection,Normale,Deux véhicules - frontale,,,,,,,,,,,5,2,1,1.0,1
201200011624,0012-08-23 16:15:00,12,8,23,16,15,60,88,"0, CHURCHILL (BD WINSTON",,,Plein jour,En agglomération,Hors intersection,Normale,Deux véhicules - frontale,,,,,,,,,,,1,2,1,1.0,1
201200011625,0012-08-23 17:20:00,12,8,23,17,20,60,88,"0, NAPOLEON III (BD)",,,Plein jour,En agglomération,Hors intersection,Normale,Autre collision,,,,,,,,,,,1,2,1,1.0,6
201200011626,0012-08-24 01:59:00,12,8,24,1,59,60,88,"0, ANGLAIS PLAGE (DU 114",,,Nuit avec éclairage allumé,En agglomération,Hors intersection,Normale,Deux véhicules - arrière,,,,,,,,,,,5,2,1,1.0,2
201200011627,0012-08-24 12:40:00,12,8,24,12,40,60,88,"82, CIMIEZ (BD) A PARTIR",,,Plein jour,En agglomération,Hors intersection,Normale,Deux véhicules - côté,,,,,,,,,,,1,2,1,1.0,3
201200011628,0012-08-24 14:45:00,12,8,24,14,45,60,88,"80, SAINT-LAMBERT (AV.)",,,Plein jour,En agglomération,Hors intersection,Normale,Deux véhicules - arrière,,,,,,,,,,,1,2,1,1.0,2
201200011629,0012-08-24 18:40:00,12,8,24,18,40,60,88,"25, LYAUTEY (AV. DU MAL)",,,Plein jour,En agglomération,Hors intersection,Normale,Deux véhicules - côté,,,,,,,,,,,1,2,1,1.0,3
201200011630,0012-08-24 21:40:00,12,8,24,21,40,60,88,"0, CONQUE (CH. DE LA)",,,Nuit avec éclairage non allumé,En agglomération,Hors intersection,Normale,Sans collision,,,,,,,,,,,4,2,1,1.0,7
201200011631,0012-08-25 02:00:00,12,8,25,2,0,60,88,"34, CESSOLE (BD DE) (JUS",,,Nuit avec éclairage allumé,En agglomération,Hors intersection,Normale,Autre collision,,,,,,,,,,,5,2,1,1.0,6
201200011632,0012-08-25 18:40:00,12,8,25,18,40,60,88,"284, TURIN (RTE DE)",,,Plein jour,En agglomération,Hors intersection,Normale,Deux véhicules - côté,,,,,,,,,,,1,2,1,1.0,3
201200011633,0012-08-26 20:50:00,12,8,26,20,50,60,88,"80, DURANDY (AV. JOSEPH)",,,Nuit avec éclairage allumé,En agglomération,Hors intersection,Normale,Deux véhicules - côté,,,,,,,,,,,5,2,1,1.0,3
201200011634,0012-08-27 01:00:00,12,8,27,1,0,60,88,"185, ANGLAIS (DU N? 114",,,Nuit avec éclairage allumé,En agglomération,Hors intersection,Normale,Autre collision,,,,,,,,,,,5,2,1,1.0,6
201200011635,0012-08-27 11:45:00,12,8,27,11,45,60,88,"0, NAPOLEON III (BD)",,,Plein jour,En agglomération,Intersection en T,Normale,Deux véhicules - côté,,,,,,,,,,,1,2,3,1.0,3
201200011636,0012-08-27 12:25:00,12,8,27,12,25,60,88,"25, SCUDERI (AV.)",,,Plein jour,En agglomération,Hors intersection,Normale,Deux véhicules - frontale,,,,,,,,,,,1,2,1,1.0,1
201200011637,0012-08-27 16:20:00,12,8,27,16,20,60,88,"0, MONTEL (BD PAUL)",,,Plein jour,En agglomération,Intersection en T,Normale,Deux véhicules - côté,,,,,,,,,,,1,2,3,1.0,3
201200011638,0012-08-27 17:15:00,12,8,27,17,15,60,88,"0, HOTEL DES POSTES (R.)",,,Plein jour,En agglomération,Intersection en X,Normale,Deux véhicules - côté,,,,,,,,,,,1,2,2,1.0,3
201200011639,0012-08-27 17:45:00,12,8,27,17,45,60,88,"0, CIMIEZ (BD) JUSQU'AU",,,Plein jour,En agglomération,Hors intersection,Normale,Deux véhicules - côté,,,,,,,,,,,1,2,1,1.0,3
201200011640,0012-08-29 15:20:00,12,8,29,15,20,60,88,"0, RD 6202",,,Plein jour,En agglomération,Giratoire,Normale,Deux véhicules - côté,,,,,,,,,,,1,2,6,1.0,3
201200011641,0012-08-29 17:45:00,12,8,29,17,45,60,88,"157, RIMIEZ (AV. DE)",,,Plein jour,En agglomération,Hors intersection,Normale,Deux véhicules - côté,,,,,,,,,,,1,2,1,1.0,3
201200011642,0012-08-29 19:40:00,12,8,29,19,40,60,88,"0, MISTRAL (AV. ET CH. F",,,Plein jour,En agglomération,Hors intersection,Normale,Deux véhicules - côté,,,,,,,,,,,1,2,1,1.0,3
201200011643,0012-08-30 16:15:00,12,8,30,16,15,60,88,"0, ALLEGRE (AV. JEAN)",,,Plein jour,En agglomération,Hors intersection,Normale,Deux véhicules - arrière,,,,,,,,,,,1,2,1,1.0,2
201200011644,0012-08-31 12:21:00,12,8,31,12,21,60,88,"0, RICHELMI (R. DR P.)",,,Plein jour,En agglomération,Intersection en X,Normale,Deux véhicules - côté,,,,,,,,,,,1,2,2,1.0,3
201200011645,0012-08-31 18:30:00,12,8,31,18,30,60,88,OBSERVATOIRE (R. PRIV. D,,,Plein jour,En agglomération,Hors intersection,Pluie forte,Deux véhicules - frontale,,,,,,,,,,,1,2,1,3.0,1
201200011646,0012-09-01 17:15:00,12,9,1,17,15,60,88,"0, CARABACEL (BD)",,,Plein jour,Hors agglomération,Hors intersection,Pluie légère,Autre collision,,,,,,,,,,,1,1,1,2.0,6
201200011647,0012-09-01 19:25:00,12,9,1,19,25,60,88,"39, GRACE DE MONACO (BD",,,Crépuscule ou aube,En agglomération,Hors intersection,Normale,Deux véhicules - côté,,,,,,,,,,,2,2,1,1.0,3
201200011648,0012-09-04 16:35:00,12,9,4,16,35,60,88,"1, FRANKLIN (PL.)",,,Plein jour,En agglomération,Hors intersection,Normale,Deux véhicules - côté,,,,,,,,,,,1,2,1,1.0,3
201200011649,0012-09-04 20:00:00,12,9,4,20,0,60,88,"0, ANGLAIS (A PARTIR DU",,,Plein jour,En agglomération,Hors intersection,Normale,Autre collision,,,,,,,,,,,1,2,1,1.0,6
201200011650,0012-09-06 09:20:00,12,9,6,9,20,60,88,"97, LYAUTEY (AV. DU MAL)",,,Plein jour,En agglomération,Hors intersection,Normale,Autre collision,,,,,,,,,,,1,2,1,1.0,6
201200011651,0012-09-06 08:15:00,12,9,6,8,15,60,88,"25 BIS, CARNOT (BD)",,,Plein jour,En agglomération,Hors intersection,Normale,Deux véhicules - arrière,,,,,,,,,,,1,2,1,1.0,2
201200011652,0012-09-06 11:10:00,12,9,6,11,10,60,88,"1, GRAVIER (AV.)",,,Plein jour,En agglomération,Hors intersection,Normale,Trois véhicules et plus - en chaîne,,,,,,,,,,,1,2,1,1.0,4
201200011653,0012-09-06 12:00:00,12,9,6,12,0,60,88,"0, ESTIENNE -D'ORVES (AV",,,Plein jour,En agglomération,Hors intersection,Normale,Deux véhicules - côté,,,,,,,,,,,1,2,1,1.0,3
201200011654,0012-09-06 18:00:00,12,9,6,18,0,60,88,"0, POMPIDOU (BD GEORGES)",,,Plein jour,En agglomération,Hors intersection,Normale,Autre collision,,,,,,,,,,,1,2,1,1.0,6
201200011655,0012-09-06 18:40:00,12,9,6,18,40,60,88,"0, GRENOBLE (ROUTE DE)",,,Plein jour,En agglomération,Hors intersection,Normale,Deux véhicules - côté,,,,,,,,,,,1,2,1,1.0,3
201200011656,0012-09-07 11:45:00,12,9,7,11,45,60,88,"0, CESSOLE (BD DE) (JUSQ",,,Plein jour,En agglomération,Hors intersection,Normale,Deux véhicules - côté,,,,,,,,,,,1,2,1,1.0,3
201200011657,0012-09-07 13:15:00,12,9,7,13,15,60,88,"244, CALIFORNIE (AV.) (A",,,Plein jour,En agglomération,Hors intersection,Normale,Autre collision,,,,,,,,,,,1,2,1,1.0,6
201200011658,0012-09-07 14:00:00,12,9,7,14,0,60,88,"400, ANGLAIS PLAGE(  PAR",,,Plein jour,En agglomération,Hors intersection,Normale,Deux véhicules - arrière,,,,,,,,,,,1,2,1,1.0,2
201200011659,0012-09-07 15:30:00,12,9,7,15,30,60,88,"15, ACCHIARDI DE ST LEGE",,,Plein jour,En agglomération,Hors intersection,Normale,Deux véhicules - côté,,,,,,,,,,,1,2,1,1.0,3
201200011660,0012-09-07 16:30:00,12,9,7,16,30,60,88,"42, LAIROLLE (AV. ERNEST",,,Plein jour,En agglomération,Hors intersection,Normale,Deux véhicules - côté,,,,,,,,,,,1,2,1,1.0,3
201200011661,0012-09-07 23:25:00,12,9,7,23,25,60,88,"0, ANGLAIS (A PARTIR DU",,,Nuit avec éclairage allumé,En agglomération,Hors intersection,Normale,Deux véhicules - arrière,,,,,,,,,,,5,2,1,1.0,2
201200011662,0012-09-09 11:05:00,12,9,9,11,5,60,88,"83, OLIVIERS (CORNICHE D",,,Plein jour,En agglomération,Hors intersection,Normale,Deux véhicules - frontale,,,,,,,,,,,1,2,1,1.0,1
201200011663,0012-09-09 19:45:00,12,9,9,19,45,60,88,"210, SAINT-ANTOINE (RTE",,,Crépuscule ou aube,En agglomération,Hors intersection,Normale,Deux véhicules - arrière,,,,,,,,,,,2,2,1,1.0,2
201200011664,0012-09-09 21:15:00,12,9,9,21,15,60,88,"0, GUIGLIA (R.)",,,Plein jour,En agglomération,Intersection en X,Normale,Deux véhicules - côté,,,,,,,,,,,1,2,2,1.0,3
201200011665,0012-09-10 03:20:00,12,9,10,3,20,60,88,"0, ANGLAIS (DU N? 1 AU N",,,Nuit avec éclairage allumé,En agglomération,Hors intersection,Normale,Autre collision,,,,,,,,,,,5,2,1,1.0,6
201200011666,0012-09-10 08:05:00,12,9,10,8,5,60,88,"74, MONTEL (BD PAUL)",,,Plein jour,En agglomération,Hors intersection,Normale,Deux véhicules - arrière,,,,,,,,,,,1,2,1,1.0,2
201200011667,0012-09-10 08:00:00,12,9,10,8,0,60,88,"0, GRENOBLE (ROUTE DE)",,,Plein jour,En agglomération,Hors intersection,Normale,Deux véhicules - côté,,,,,,,,,,,1,2,1,1.0,3
201200011668,0012-09-10 16:15:00,12,9,10,16,15,60,88,"0, VOIE RAPIDE",,,Plein jour,En agglomération,Hors intersection,Normale,Deux véhicules - arrière,,,,,,,,,,,1,2,1,1.0,2
201200011669,0012-09-11 03:00:00,12,9,11,3,0,60,88,"11, ARENE (AV. PAUL)",,,Nuit avec éclairage allumé,En agglomération,Hors intersection,Normale,Autre collision,,,,,,,,,,,5,2,1,1.0,6
201200011670,0012-09-11 10:15:00,12,9,11,10,15,60,88,"0, PESSICART (A PARTIR D",,,Plein jour,En agglomération,Intersection en T,Normale,Deux véhicules - côté,,,,,,,,,,,1,2,3,1.0,3
201200011671,0012-09-12 07:20:00,12,9,12,7,20,60,88,"21, JOLY (CORNICHE ANDRE",,,Plein jour,En agglomération,Hors intersection,Normale,Deux véhicules - arrière,,,,,,,,,,,1,2,1,1.0,2
201200011672,0012-09-12 17:05:00,12,9,12,17,5,60,88,"4, SAINT-SYLVESTRE (AV.",,,Plein jour,En agglomération,Hors intersection,Normale,Deux véhicules - côté,,,,,,,,,,,1,2,1,1.0,3
201200011673,0012-09-12 18:00:00,12,9,12,18,0,60,88,"0, PASTORELLI (R.)",,,Plein jour,En agglomération,Intersection en X,Normale,Autre collision,,,,,,,,,,,1,2,2,1.0,6
201200011674,0012-09-13 00:05:00,12,9,13,0,5,60,88,"0, TUNNEL DU PAILLON",,,Nuit avec éclairage allumé,En agglomération,Hors intersection,Normale,Autre collision,,,,,,,,,,,5,2,1,1.0,6
201200011675,0012-09-14 11:50:00,12,9,14,11,50,60,88,"34, AUBER (AV.)",,,Plein jour,En agglomération,Hors intersection,Normale,Deux véhicules - arrière,,,,,,,,,,,1,2,1,1.0,2
201200011676,0012-09-14 12:20:00,12,9,14,12,20,60,88,"53, MEDECIN (AV. JEAN)",,,Plein jour,En agglomération,Hors intersection,Normale,Deux véhicules - côté,,,,,,,,,,,1,2,1,1.0,3
201200011677,0012-09-14 13:40:00,12,9,14,13,40,60,88,"114, GRENOBLE (ROUTE DE)",,,Plein jour,En agglomération,Hors intersection,Normale,Deux véhicules - côté,,,,,,,,,,,1,2,1,1.0,3
201200011678,0012-09-14 16:25:00,12,9,14,16,25,60,88,"0, ANGLAIS (DU N? 265 AU",,,Plein jour,En agglomération,Hors intersection,Normale,Trois véhicules et plus - collisions multiples,,,,,,,,,,,1,2,1,1.0,5
201200011679,0012-09-14 17:03:00,12,9,14,17,3,60,88,"0, VOIE RAPIDE",,,Plein jour,En agglomération,Hors intersection,Normale,Deux véhicules - arrière,,,,,,,,,,,1,2,1,1.0,2
201200011680,0012-09-15 10:45:00,12,9,15,10,45,60,88,"42, CROIX DE MAGNAN (RUE",,,Plein jour,En agglomération,Intersection en T,Normale,Autre collision,,,,,,,,,,,1,2,3,1.0,6
201200011681,0012-09-15 15:00:00,12,9,15,15,0,60,88,"121, GAMBETTA (A PARTIR",,,Plein jour,En agglomération,Hors intersection,Normale,Deux véhicules - côté,,,,,,,,,,,1,2,1,1.0,3
201200011682,0012-09-16 06:00:00,12,9,16,6,0,60,88,"18, STE MARGUERITE (AV.)",,,Nuit avec éclairage allumé,En agglomération,Hors intersection,Normale,Autre collision,,,,,,,,,,,5,2,1,1.0,6
201200011683,0012-09-16 14:30:00,12,9,16,14,30,60,88,"12, CHATEAUNEUF (RUE)",,,Plein jour,En agglomération,Intersection en T,Normale,Autre collision,,,,,,,,,,,1,2,3,1.0,6
201200011684,0012-09-17 07:50:00,12,9,17,7,50,60,88,"0, DESAMBROIS (AV.)",,,Plein jour,En agglomération,Hors intersection,Normale,Deux véhicules - côté,,,,,,,,,,,1,2,1,1.0,3
201200011685,0012-09-17 14:25:00,12,9,17,14,25,60,88,"0, PEGURIER (R. AUGUSTE)",,,Plein jour,En agglomération,Intersection en X,Normale,Deux véhicules - côté,,,,,,,,,,,1,2,2,1.0,3
201200011686,0012-09-17 16:45:00,12,9,17,16,45,60,88,"9, ANGLAIS (DU N? 1 AU N",,,Plein jour,En agglomération,Hors intersection,Normale,Autre collision,,,,,,,,,,,1,2,1,1.0,6
201200011687,0012-09-18 10:25:00,12,9,18,10,25,60,88,"2, PARC IMPERIAL (BD DU)",,,Plein jour,En agglomération,Hors intersection,Normale,Autre collision,,,,,,,,,,,1,2,1,1.0,6
201200011688,0012-09-18 16:15:00,12,9,18,16,15,60,88,"0, NAPOLEON III (PONT)",,,Plein jour,En agglomération,Hors intersection,Normale,Deux véhicules - arrière,,,,,,,,,,,1,2,1,1.0,2
201200011689,0012-09-18 18:10:00,12,9,18,18,10,60,88,"0, COSTIERE (CH. DE LA)",,,Plein jour,En agglomération,Hors intersection,Normale,Deux véhicules - frontale,,,,,,,,,,,1,2,1,1.0,1
201200011690,0012-09-18 18:20:00,12,9,18,18,20,60,88,"23, PARIS (R. DE)",,,Plein jour,En agglomération,Hors intersection,Normale,Autre collision,,,,,,,,,,,1,2,1,1.0,6
201200011691,0012-09-19 07:00:00,12,9,19,7,0,60,88,"51, PASTEUR (BD)",,,Crépuscule ou aube,En agglomération,Hors intersection,Normale,Deux véhicules - côté,,,,,,,,,,,2,2,1,1.0,3
201200011692,0012-09-19 20:00:00,12,9,19,20,0,60,88,"0, DIGUE DES FRANCAIS (T",,,Nuit avec éclairage allumé,En agglomération,Hors intersection,Normale,Deux véhicules - côté,,,,,,,,,,,5,2,1,1.0,3
201200011693,0012-09-20 10:50:00,12,9,20,10,50,60,88,"0, ANGLAIS (N? 113)",,,Plein jour,En agglomération,Hors intersection,Normale,Deux véhicules - côté,,,,,,,,,,,1,2,1,1.0,3
201200011694,0012-09-20 11:55:00,12,9,20,11,55,60,88,"0, BUFFA (RUE DE LA)",,,Plein jour,En agglomération,Intersection en X,Normale,Deux véhicules - côté,,,,,,,,,,,1,2,2,1.0,3
201200011695,0012-09-20 19:26:00,12,9,20,19,26,60,88,"308, STE MARGUERITE (AV.",,,Plein jour,En agglomération,Hors intersection,Normale,Deux véhicules - côté,,,,,,,,,,,1,2,1,1.0,3
201200011696,0012-09-21 07:35:00,12,9,21,7,35,60,88,"3, SAINT-SYLVESTRE (AV.",,,Crépuscule ou aube,En agglomération,Hors intersection,Normale,Autre collision,,,,,,,,,,,2,2,1,1.0,6
201200011697,0012-09-21 11:45:00,12,9,21,11,45,60,88,"8, VIGNY (AV. IMP. ALFRE",,,Plein jour,En agglomération,Hors intersection,Normale,Autre collision,,,,,,,,,,,1,2,1,1.0,6
201200011698,0012-09-21 17:25:00,12,9,21,17,25,60,88,"0, BARBERIS (RUE)",,,Plein jour,En agglomération,Hors intersection,Normale,Autre collision,,,,,,,,,,,1,2,1,1.0,6
201200011699,0012-09-22 05:40:00,12,9,22,5,40,60,88,"21, PASTORELLI (R.)",,,Nuit avec éclairage allumé,En agglomération,Hors intersection,Normale,Autre collision,,,,,,,,,,,5,2,1,1.0,6
201200011700,0012-09-22 12:05:00,12,9,22,12,5,60,88,"0, GROSSO (A PARTIR DU N",,,Plein jour,En agglomération,Intersection en T,Normale,Deux véhicules - côté,,,,,,,,,,,1,2,3,1.0,3
201200011701,0012-09-22 12:10:00,12,9,22,12,10,60,88,"86, BEHRA (BD JEAN)",,,Plein jour,En agglomération,Hors intersection,Normale,Autre collision,,,,,,,,,,,1,2,1,1.0,6
201200011702,0012-09-22 21:40:00,12,9,22,21,40,60,88,"109, ETATS UNIS (QUAI DE",,,Plein jour,En agglomération,Hors intersection,Normale,Autre collision,,,,,,,,,,,1,2,1,1.0,6
201200011703,0012-09-23 11:40:00,12,9,23,11,40,60,88,"21, CESSOLE (BD DE) (JUS",,,Plein jour,En agglomération,Hors intersection,Normale,Autre collision,,,,,,,,,,,1,2,1,1.0,6
201200011704,0012-09-24 08:20:00,12,9,24,8,20,60,88,"13, VERNIER (R.)",,,Plein jour,En agglomération,Hors intersection,Pluie légère,Autre collision,,,,,,,,,,,1,2,1,2.0,6
201200011705,0012-09-24 08:30:00,12,9,24,8,30,60,88,"171, OBSERVATOIRE (R. PR",,,Plein jour,En agglomération,Hors intersection,Normale,Autre collision,,,,,,,,,,,1,2,1,1.0,6
201200011706,0012-09-24 19:50:00,12,9,24,19,50,60,88,"97, LYAUTEY (AV. DU MAL)",,,Plein jour,En agglomération,Hors intersection,Normale,Deux véhicules - côté,,,,,,,,,,,1,2,1,1.0,3
201200011707,0012-09-26 11:15:00,12,9,26,11,15,60,88,"104, MADELEINE (BD DE LA",,,Plein jour,En agglomération,Hors intersection,Normale,Autre collision,,,,,,,,,,,1,2,1,1.0,6
201200011708,0012-09-26 12:14:00,12,9,26,12,14,60,159,"0, BASSE CORNICHE",,,Plein jour,En agglomération,Hors intersection,Normale,Deux véhicules - côté,,,,,,,,,,,1,2,1,1.0,3
201200011709,0012-09-26 15:30:00,12,9,26,15,30,60,88,"81, RAYBAUD JOSEPH",,,Plein jour,En agglomération,Hors intersection,Normale,Deux véhicules - arrière,,,,,,,,,,,1,2,1,1.0,2
201200011710,0012-09-28 11:00:00,12,9,28,11,0,60,88,"0, MALAUSSENA (AV.)",,,Plein jour,En agglomération,Intersection en X,Normale,Deux véhicules - côté,,,,,,,,,,,1,2,2,1.0,3
201200011711,0012-09-28 12:45:00,12,9,28,12,45,60,88,"0, LYAUTEY (AV. DU MAL)",,,Plein jour,En agglomération,Hors intersection,Normale,Autre collision,,,,,,,,,,,1,2,1,1.0,6
201200011712,0012-09-29 05:45:00,12,9,29,5,45,60,88,"0, ANGLAIS PLAGE(DU 45 A",,,Crépuscule ou aube,En agglomération,Hors intersection,Normale,Autre collision,,,,,,,,,,,2,2,1,1.0,6
201200011713,0012-09-29 13:00:00,12,9,29,13,0,60,88,"15, CERNUSCHI (AV.)",,,Plein jour,En agglomération,Hors intersection,Normale,Deux véhicules - côté,,,,,,,,,,,1,2,1,1.0,3
201200011714,0012-09-29 18:20:00,12,9,29,18,20,60,88,"9, MIMOSAS (AV. DES)",,,Plein jour,En agglomération,Hors intersection,Normale,Deux véhicules - frontale,,,,,,,,,,,1,2,1,1.0,1