accident_id,datetime,annee,mois,jour,heure,minute,departement,commune_insee,adresse,latitude,longitude,luminosite,agglomeration,intersection,meteo,collision,nb_vehicules,nb_usagers,nb_indemnes,nb_tues,nb_blesses_hosp,nb_blesses_legers,age_cond_1,age_cond_2,veh_type_cond_1,veh_type_cond_2,lum_code,agg_code,int_code,atm_code,col_code
201200011842,0012-11-19 08:55:00,12,11,19,8,55,60,88,"277, ANGLAIS (DU N? 265",,,Plein jour,En agglomération,Hors intersection,Normale,Deux véhicules - côté,,,,,,,,,,,1,2,1,1.0,3
201200011843,0012-11-19 16:20:00,12,11,19,16,20,60,88,"93, RAYBAUD JOSEPH",,,Plein jour,En agglomération,Hors intersection,Normale,Autre collision,,,,,,,,,,,1,2,1,1.0,6
201200011844,0012-11-19 16:05:00,12,11,19,16,5,60,88,"0, GARNIER (BD JOSEPH)",,,Plein jour,En agglomération,Hors intersection,Normale,Deux véhicules - côté,,,,,,,,,,,1,2,1,1.0,3
201200011845,0012-11-19 18:05:00,12,11,19,18,5,60,88,"0, RD 6202",,,Nuit avec éclairage allumé,En agglomération,Hors intersection,Normale,Trois véhicules et plus - en chaîne,,,,,,,,,,,5,2,1,1.0,4
201200011846,0012-11-20 11:43:00,12,11,20,11,43,60,88,"104, SAINT-LAMBERT (AV.)",,,Plein jour,En agglomération,Hors intersection,Normale,Deux véhicules - arrière,,,,,,,,,,,1,2,1,1.0,2
201200011847,0012-11-20 19:40:00,12,11,20,19,40,60,88,"0, CESSOLE (BD DE) (A PA",,,Nuit avec éclairage allumé,En agglomération,Hors intersection,Normale,Deux véhicules - côté,,,,,,,,,,,5,2,1,1.0,3
201200011848,0012-11-21 14:20:00,12,11,21,14,20,60,88,"170, TURIN (RTE DE)",,,Plein jour,En agglomération,Hors intersection,Normale,Trois véhicules et plus - en chaîne,,,,,,,,,,,1,2,1,1.0,4
201200011849,0012-11-22 19:30:00,12,11,22,19,30,60,88,"290, TURIN (RTE DE)",,,Nuit avec éclairage allumé,En agglomération,Hors intersection,Normale,Deux véhicules - côté,,,,,,,,,,,5,2,1,1.0,3
201200011850,0012-11-23 17:00:00,12,11,23,17,0,60,88,"2, DELVALLE (RUE PROF.)",,,Nuit avec éclairage allumé,En agglomération,Hors intersection,Normale,Autre collision,,,,,,,,,,,5,2,1,1.0,6
201200011851,0012-11-23 17:00:00,12,11,23,17,0,60,88,"0, VOIE RAPIDE",,,Plein jour,En agglomération,Hors intersection,Normale,Autre collision,,,,,,,,,,,1,2,1,1.0,6
201200011852,0012-11-23 21:20:00,12,11,23,21,20,60,88,"52, MATISSE (AV. HENRI)",,,Nuit avec éclairage allumé,En agglomération,Hors intersection,Normale,Autre collision,,,,,,,,,,,5,2,1,1.0,6
201200011853,0012-11-24 18:50:00,12,11,24,18,50,60,88,"0, SAINT-AUGUSTIN (AV. D",,,Plein jour,En agglomération,Intersection en T,Normale,Deux véhicules - côté,,,,,,,,,,,1,2,3,1.0,3
201200011854,0012-11-25 13:40:00,12,11,25,13,40,60,88,"0, SORGENTINO (R.)",,,Plein jour,En agglomération,Intersection en X,Normale,Deux véhicules - côté,,,,,,,,,,,1,2,2,1.0,3
201200011855,0012-11-25 15:30:00,12,11,25,15,30,60,88,"92, GRENOBLE (ROUTE DE)",,,Nuit avec éclairage allumé,En agglomération,Hors intersection,Normale,Autre collision,,,,,,,,,,,5,2,1,1.0,6
201200011856,0012-11-25 18:00:00,12,11,25,18,0,60,88,"81, GAMBETTA (A PARTIR D",,,Nuit avec éclairage allumé,En agglomération,Hors intersection,Normale,Deux véhicules - arrière,,,,,,,,,,,5,2,1,1.0,2
201200011857,0012-11-26 13:20:00,12,11,26,13,20,60,88,"0, ALLEGRE (AV. JEAN)",,,Plein jour,En agglomération,Hors intersection,Normale,Deux véhicules - arrière,,,,,,,,,,,1,2,1,1.0,2
201200011858,0012-11-26 18:00:00,12,11,26,18,0,60,88,"0, TASSIGNY (ESPLANADE L",,,Nuit avec éclairage allumé,En agglomération,Hors intersection,Pluie légère,Autre collision,,,,,,,,,,,5,2,1,2.0,6
201200011859,0012-11-26 18:20:00,12,11,26,18,20,60,88,"228, TURIN (RTE DE)",,,Nuit avec éclairage allumé,En agglomération,Hors intersection,Pluie légère,Trois véhicules et plus - en chaîne,,,,,,,,,,,5,2,1,2.0,4
201200011860,0012-11-28 09:00:00,12,11,28,9,0,60,88,"5, MIRON (R.)",,,Plein jour,En agglomération,Hors intersection,Pluie légère,Autre collision,,,,,,,,,,,1,2,1,2.0,6
201200011861,0012-11-29 12:55:00,12,11,29,12,55,60,88,"243, ANGLAIS (DU N? 114",,,Plein jour,En agglomération,Hors intersection,Normale,Deux véhicules - arrière,,,,,,,,,,,1,2,1,1.0,2
201200011862,0012-11-29 13:50:00,12,11,29,13,50,60,88,CYRNOS (AV. ET ESC.),,,Plein jour,En agglomération,Hors intersection,Normale,Deux véhicules - frontale,,,,,,,,,,,1,2,1,1.0,1
201200011863,0012-11-30 08:50:00,12,11,30,8,50,60,88,"0, VOIE RAPIDE",,,Plein jour,En agglomération,Hors intersection,Pluie forte,Deux véhicules - arrière,,,,,,,,,,,1,2,1,3.0,2
201200011864,0012-11-30 17:40:00,12,11,30,17,40,60,88,"0, CORNICHE FLEURIE (AV.",,,Nuit avec éclairage allumé,En agglomération,Hors intersection,Pluie légère,Deux véhicules - frontale,,,,,,,,,,,5,2,1,2.0,1
201200011865,0012-12-01 22:55:00,12,12,1,22,55,60,88,"0, FLEURS (AV. DES)",,,Nuit avec éclairage allumé,En agglomération,Intersection en X,Normale,Deux véhicules - côté,,,,,,,,,,,5,2,2,1.0,3
201200011866,0012-12-02 01:17:00,12,12,2,1,17,60,88,"30, QUAI LUNEL",,,Nuit avec éclairage allumé,En agglomération,Hors intersection,Normale,Deux véhicules - côté,,,,,,,,,,,5,2,1,1.0,3
201200011867,0012-12-02 10:00:00,12,12,2,10,0,60,88,"0, LANTERNE (AV. DE LA)",,,Plein jour,En agglomération,Intersection en X,Normale,Autre collision,,,,,,,,,,,1,2,2,1.0,6
201200011868,0012-12-03 12:15:00,12,12,3,12,15,60,88,"0, MONT-BORON (BD DU) (A",,,Plein jour,En agglomération,Hors intersection,Normale,Deux véhicules - côté,,,,,,,,,,,1,2,1,1.0,3
201200011869,0012-12-03 13:30:00,12,12,3,13,30,60,88,"2, DEBUSSY (AV. CLAUDE)",,,Plein jour,En agglomération,Hors intersection,Normale,Deux véhicules - côté,,,,,,,,,,,1,2,1,1.0,3
201200011870,0012-12-03 20:00:00,12,12,3,20,0,60,88,"0, MADELEINE (BD DE LA)",,,Nuit avec éclairage non allumé,En agglomération,Hors intersection,Normale,Autre collision,,,,,,,,,,,4,2,1,1.0,6
201200011871,0012-12-03 20:30:00,12,12,3,20,30,60,88,"0, ROQUEBILLIERE (R. DE)",,,Nuit avec éclairage allumé,En agglomération,Intersection en X,Normale,Deux véhicules - côté,,,,,,,,,,,5,2,2,1.0,3
201200011872,0012-12-03 21:17:00,12,12,3,21,17,60,88,"0, GAL (R. AUGUSTE)",,,Nuit avec éclairage allumé,En agglomération,Intersection en X,Normale,Deux véhicules - côté,,,,,,,,,,,5,2,2,1.0,3
201200011873,0012-12-04 08:35:00,12,12,4,8,35,60,88,"2/5/7, ROBINI (AV. DR VI",,,Plein jour,En agglomération,Hors intersection,Normale,Autre collision,,,,,,,,,,,1,2,1,1.0,6
201200011874,0012-12-04 10:45:00,12,12,4,10,45,60,88,"155, TURIN (RTE DE)",,,Plein jour,En agglomération,Hors intersection,Normale,Deux véhicules - côté,,,,,,,,,,,1,2,1,1.0,3
201200011875,0012-12-04 13:50:00,12,12,4,13,50,60,88,"0, BISCHOFFSHEIM (BD)",,,Plein jour,En agglomération,Hors intersection,Normale,Deux véhicules - arrière,,,,,,,,,,,1,2,1,1.0,2
201200011876,0012-12-04 16:45:00,12,12,4,16,45,60,88,"0, VOIE RAPIDE",,,Plein jour,En agglomération,Hors intersection,Normale,Deux véhicules - arrière,,,,,,,,,,,1,2,1,1.0,2
201200011877,0012-12-05 00:01:00,12,12,5,0,1,60,88,"0, JAURES (BD JEAN)",,,Nuit avec éclairage allumé,En agglomération,Hors intersection,Normale,Deux véhicules - côté,,,,,,,,,,,5,2,1,1.0,3
201200011878,0012-12-05 09:25:00,12,12,5,9,25,60,88,"0, CARNOT (BD)",,,Plein jour,En agglomération,Hors intersection,Normale,Deux véhicules - côté,,,,,,,,,,,1,2,1,1.0,3
201200011879,0012-12-05 10:40:00,12,12,5,10,40,60,88,"0, ALPHONSE 1ER (RUE)",,,Plein jour,En agglomération,Hors intersection,Normale,Autre collision,,,,,,,,,,,1,2,1,1.0,6
201200011880,0012-12-05 14:45:00,12,12,5,14,45,60,88,"3, DELVALLE (RUE PROF.)",,,Plein jour,En agglomération,Hors intersection,Normale,Autre collision,,,,,,,,,,,1,2,1,1.0,6
201200011881,0012-12-06 09:15:00,12,12,6,9,15,60,88,"80, MATISSE (AV. HENRI)",,,Plein jour,En agglomération,Hors intersection,Normale,Autre collision,,,,,,,,,,,1,2,1,1.0,6
201200011882,0012-12-06 10:00:00,12,12,6,10,0,60,88,"58, CASSIN (BD RENE)",,,Plein jour,En agglomération,Hors intersection,Normale,Autre collision,,,,,,,,,,,1,2,1,1.0,6
201200011883,0012-12-06 18:10:00,12,12,6,18,10,60,88,"0, VOIE RAPIDE",,,Nuit avec éclairage allumé,En agglomération,Hors intersection,Normale,Deux véhicules - côté,,,,,,,,,,,5,2,1,1.0,3
201200011884,0012-12-07 01:10:00,12,12,7,1,10,60,88,"0, CALIFORNIE (AV.) (JUS",,,Nuit avec éclairage allumé,En agglomération,Intersection en X,Normale,Deux véhicules - côté,,,,,,,,,,,5,2,2,1.0,3
201200011885,0012-12-07 10:10:00,12,12,7,10,10,60,88,"7, OSCAR II (R.)",,,Plein jour,En agglomération,Intersection en T,Normale,Autre collision,,,,,,,,,,,1,2,3,1.0,6
201200011886,0012-12-07 14:30:00,12,12,7,14,30,60,88,"0, TUNNEL DU PAILLON",,,Plein jour,En agglomération,Hors intersection,Normale,Trois véhicules et plus - collisions multiples,,,,,,,,,,,1,2,1,1.0,5
201200011887,0012-12-08 10:20:00,12,12,8,10,20,60,88,"155, SAINT-LAMBERT (AV.)",,,Plein jour,En agglomération,Hors intersection,Normale,Deux véhicules - arrière,,,,,,,,,,,1,2,1,1.0,2
201200011888,0012-12-08 13:00:00,12,12,8,13,0,60,88,"0, BUFFA (RUE DE LA)",,,Plein jour,En agglomération,Intersection en X,Normale,Deux véhicules - côté,,,,,,,,,,,1,2,2,1.0,3
201200011889,0012-12-08 21:30:00,12,12,8,21,30,60,88,", THIERS (AV.)",,,Nuit avec éclairage allumé,En agglomération,Hors intersection,Normale,Deux véhicules - frontale,,,,,,,,,,,5,2,1,1.0,1
201200011890,0012-12-08 18:30:00,12,12,8,18,30,60,88,"0, THIERS (AV.)",,,Nuit avec éclairage allumé,En agglomération,Hors intersection,Normale,Trois véhicules et plus - collisions multiples,,,,,,,,,,,5,2,1,1.0,5
201200011891,0012-12-09 11:05:00,12,12,9,11,5,60,88,"0, PERTINAX (R.)",,,Plein jour,En agglomération,Hors intersection,Normale,Autre collision,,,,,,,,,,,1,2,1,1.0,6
201200011892,0012-12-09 18:20:00,12,12,9,18,20,60,88,"3, GAZAN JOSEPH",,,Nuit avec éclairage allumé,En agglomération,Hors intersection,Normale,Deux véhicules - côté,,,,,,,,,,,5,2,1,1.0,3
201200011893,0012-12-10 10:30:00,12,12,10,10,30,60,88,"0, SEGURANE (R.)",,,Plein jour,En agglomération,Intersection en X,Normale,Autre collision,,,,,,,,,,,1,2,2,1.0,6
201200011894,0012-12-10 13:10:00,12,12,10,13,10,60,88,"196, CALIFORNIE (AV.) (D",,,Plein jour,En agglomération,Intersection en X,Normale,Deux véhicules - côté,,,,,,,,,,,1,2,2,1.0,3
201200011895,0012-12-10 16:50:00,12,12,10,16,50,60,88,"0, GALLIENI (AV.)",,,Crépuscule ou aube,En agglomération,Hors intersection,Normale,Deux véhicules - côté,,,,,,,,,,,2,2,1,1.0,3
201200011896,0012-12-10 20:20:00,12,12,10,20,20,60,88,"2, BINET (RUE ALFRED)",,,Nuit avec éclairage allumé,En agglomération,Hors intersection,Normale,Deux véhicules - côté,,,,,,,,,,,5,2,1,1.0,3
201200011897,0012-12-11 17:00:00,12,12,11,17,0,60,88,"0, SOLA (BD PIERRE)",,,Crépuscule ou aube,En agglomération,Hors intersection,Normale,Autre collision,,,,,,,,,,,2,2,1,1.0,6
201200011898,0012-12-11 17:30:00,12,12,11,17,30,60,88,"18, THIERS (AV.)",,,Nuit avec éclairage allumé,En agglomération,Hors intersection,Normale,Autre collision,,,,,,,,,,,5,2,1,1.0,6
201200011899,0012-12-13 15:50:00,12,12,13,15,50,60,88,"10, GUBERNATIS (R.)",,,Plein jour,En agglomération,Hors intersection,Normale,Autre collision,,,,,,,,,,,1,2,1,1.0,6
201200011900,0012-12-13 17:30:00,12,12,13,17,30,60,88,"0, QUINZIEME CORPS (AV.",,,Nuit sans éclairage public,En agglomération,Hors intersection,Pluie légère,Autre collision,,,,,,,,,,,3,2,1,2.0,6
201200011901,0012-12-13 20:40:00,12,12,13,20,40,60,88,"62, ASPREMONT (RTE D')",,,Nuit avec éclairage allumé,En agglomération,Hors intersection,Pluie légère,Deux véhicules - frontale,,,,,,,,,,,5,2,1,2.0,1
201200011902,0012-12-14 04:07:00,12,12,14,4,7,60,88,"0, JAURES (BD JEAN)",,,Nuit avec éclairage allumé,En agglomération,Hors intersection,Pluie forte,Autre collision,,,,,,,,,,,5,2,1,3.0,6
201200011903,0012-12-14 11:10:00,12,12,14,11,10,60,88,"0, GARNIER (BD JOSEPH)",,,Plein jour,En agglomération,Intersection en T,Normale,Deux véhicules - côté,,,,,,,,,,,1,2,3,1.0,3
201200011904,0012-12-15 12:30:00,12,12,15,12,30,60,88,"66, SAINT-PIERRE DE FERI",,,Plein jour,En agglomération,Hors intersection,Normale,Deux véhicules - frontale,,,,,,,,,,,1,2,1,1.0,1
201200011905,0012-12-15 19:00:00,12,12,15,19,0,60,88,"0, PENETRANTE DU PAILLON",,,Nuit avec éclairage allumé,En agglomération,Hors intersection,Normale,Deux véhicules - côté,,,,,,,,,,,5,2,1,1.0,3
201200011906,0012-12-16 09:10:00,12,12,16,9,10,60,88,"0, DABRAY (RUE ET IMP.)",,,Plein jour,En agglomération,Intersection en X,Normale,Trois véhicules et plus - collisions multiples,,,,,,,,,,,1,2,2,1.0,5
201200011907,0012-12-16 17:45:00,12,12,16,17,45,60,88,"74, BORNALA (AV. DE LA)",,,Nuit avec éclairage allumé,En agglomération,Hors intersection,Normale,Deux véhicules - côté,,,,,,,,,,,5,2,1,1.0,3
201200011908,0012-12-17 13:15:00,12,12,17,13,15,60,88,"0, LYAUTEY (AV. DU MAL)",,,Plein jour,En agglomération,Hors intersection,Normale,Trois véhicules et plus - en chaîne,,,,,,,,,,,1,2,1,1.0,4
201200011909,0012-12-17 14:10:00,12,12,17,14,10,60,88,"0, FAURE (AV. FELIX)",,,Plein jour,En agglomération,Intersection en X,Normale,Deux véhicules - côté,,,,,,,,,,,1,2,2,1.0,3
201200011910,0012-12-17 14:49:00,12,12,17,14,49,60,88,"0, BARLA (RUE)",,,Plein jour,En agglomération,Hors intersection,Normale,Deux véhicules - côté,,,,,,,,,,,1,2,1,1.0,3
201200011911,0012-12-17 17:00:00,12,12,17,17,0,60,88,"9, GORBELLA (BD DE)",,,Crépuscule ou aube,En agglomération,Hors intersection,Normale,Autre collision,,,,,,,,,,,2,2,1,1.0,6
201200011912,0012-12-18 09:10:00,12,12,18,9,10,60,88,"0, SAINT-SEBASTIEN (AV.)",,,Plein jour,En agglomération,Hors intersection,Normale,Deux véhicules - arrière,,,,,,,,,,,1,2,1,1.0,2
201200011913,0012-12-18 13:44:00,12,12,18,13,44,60,88,"4, FALICON (BD COMTE DE)",,,Plein jour,En agglomération,Hors intersection,Normale,Autre collision,,,,,,,,,,,1,2,1,1.0,6
201200011914,0012-12-18 16:30:00,12,12,18,16,30,60,88,"0, SLAMA (RUE MAURICE)",,,Plein jour,En agglomération,Hors intersection,Normale,Deux véhicules - côté,,,,,,,,,,,1,2,1,1.0,3
201200011915,0012-12-19 11:56:00,12,12,19,11,56,60,88,EIFFEL (AV. GUSTAVE),,,Plein jour,En agglomération,Hors intersection,Normale,Deux véhicules - côté,,,,,,,,,,,1,2,1,1.0,3
201200011916,0012-12-20 09:31:00,12,12,20,9,31,60,88,"0, CAVENDISH (RUE)",,,Plein jour,En agglomération,Intersection en X,Normale,Deux véhicules - côté,,,,,,,,,,,1,2,2,1.0,3
201200011917,0012-12-21 06:45:00,12,12,21,6,45,60,88,"0, COMBATTANTS D'AFN (RU",,,Nuit avec éclairage allumé,En agglomération,Intersection en X,Normale,Deux véhicules - côté,,,,,,,,,,,5,2,2,1.0,3
201200011918,0012-12-21 11:30:00,12,12,21,11,30,60,88,"0, GRINDA (AV. EDOUARD)",,,Plein jour,En agglomération,Hors intersection,Normale,Deux véhicules - côté,,,,,,,,,,,1,2,1,1.0,3
201200011919,0012-12-21 18:30:00,12,12,21,18,30,60,88,"135, NAPOLEON III (BD)",,,Nuit avec éclairage allumé,En agglomération,Hors intersection,Normale,Autre collision,,,,,,,,,,,5,2,1,1.0,6
201200011920,0012-12-21 19:40:00,12,12,21,19,40,60,88,"30, CESSOLE (BD DE) (A P",,,Nuit avec éclairage allumé,En agglomération,Hors intersection,Normale,Deux véhicules - côté,,,,,,,,,,,5,2,1,1.0,3
201200011921,0012-12-22 11:25:00,12,12,22,11,25,60,88,"21, CANTA GALET (RTE DE)",,,Plein jour,En agglomération,Hors intersection,Normale,Deux véhicules - côté,,,,,,,,,,,1,2,1,1.0,3
201200011922,0012-12-22 12:18:00,12,12,22,12,18,60,88,"0, KARR (R. ALPHONSE)",,,Plein jour,En agglomération,Hors intersection,Normale,Autre collision,,,,,,,,,,,1,2,1,1.0,6
201200011923,0012-12-22 16:15:00,12,12,22,16,15,60,88,"0, NOTRE-DAME (AV.)",,,Plein jour,En agglomération,Hors intersection,Normale,Autre collision,,,,,,,,,,,1,2,1,1.0,6
201200011924,0012-12-22 20:55:00,12,12,22,20,55,60,88,"0, GRENOBLE (ROUTE DE)",,,Nuit avec éclairage allumé,Hors agglomération,Hors intersection,Normale,Autre collision,,,,,,,,,,,5,1,1,1.0,6
201200011925,0012-12-22 21:00:00,12,12,22,21,0,60,88,CIMIEZ (BD) A PARTIR DU,,,Nuit avec éclairage allumé,En agglomération,Intersection en X,Normale,Trois véhicules et plus - collisions multiples,,,,,,,,,,,5,2,2,1.0,5
201200011926,0012-12-22 21:06:00,12,12,22,21,6,60,88,"0, MONTREAL (BD DE)",,,Nuit avec éclairage allumé,En agglomération,Hors intersection,Normale,Autre collision,,,,,,,,,,,5,2,1,1.0,6
201200011927,0012-12-23 13:15:00,12,12,23,13,15,60,88,BISCHOFFSHEIM (BD),,,Plein jour,En agglomération,Hors intersection,Normale,Deux véhicules - côté,,,,,,,,,,,1,2,1,1.0,3
201200011928,0012-12-23 21:10:00,12,12,23,21,10,60,88,"15, ARMEE DES ALPES (BD",,,Nuit avec éclairage allumé,En agglomération,Hors intersection,Normale,Autre collision,,,,,,,,,,,5,2,1,1.0,6
201200011929,0012-12-24 08:25:00,12,12,24,8,25,60,88,"0, SAINT-LAMBERT (AV.) (",,,Plein jour,En agglomération,Hors intersection,Normale,Deux véhicules - côté,,,,,,,,,,,1,2,1,1.0,3
201200011930,0012-12-24 15:10:00,12,12,24,15,10,60,88,"9 bis, GRAMMONT (R. DE)",,,Plein jour,En agglomération,Hors intersection,Normale,Autre collision,,,,,,,,,,,1,2,1,1.0,6
201200011931,0012-12-25 11:00:00,12,12,25,11,0,60,88,"89, POTIERS (R. DES)",,,Plein jour,En agglomération,Hors intersection,Normale,Autre collision,,,,,,,,,,,1,2,1,1.0,6
201200011932,0012-12-26 15:40:00,12,12,26,15,40,60,88,"0, PASTORELLI (R.)",,,Plein jour,En agglomération,Hors intersection,Normale,Autre collision,,,,,,,,,,,1,2,1,1.0,6
201200011933,0012-12-26 19:20:00,12,12,26,19,20,60,88,"0, NOTRE-DAME (AV.)",,,Nuit avec éclairage allumé,En agglomération,Intersection en X,Normale,Deux véhicules - côté,,,,,,,,,,,5,2,2,1.0,3
201200011934,0012-12-27 11:10:00,12,12,27,11,10,60,88,"81, SAINT-AUGUSTIN (AV.",,,Plein jour,En agglomération,Hors intersection,Normale,Autre collision,,,,,,,,,,,1,2,1,1.0,6
201200011935,0012-12-27 14:25:00,12,12,27,14,25,60,88,"43, SAINT-AUGUSTIN (AV.",,,Plein jour,En agglomération,Hors intersection,Normale,Autre collision,,,,,,,,,,,1,2,1,1.0,6
201200011936,0012-12-28 11:15:00,12,12,28,11,15,60,88,"0, NOTRE-DAME (AV.)",,,Plein jour,En agglomération,Intersection en X,Normale,Deux véhicules - côté,,,,,,,,,,,1,2,2,1.0,3
201200011937,0012-12-29 17:30:00,12,12,29,17,30,60,159,"0, LEOPOLD II (AVENUE)",,,Nuit avec éclairage allumé,En agglomération,Hors intersection,Normale,Deux véhicules - côté,,,,,,,,,,,5,2,1,1.0,3
201200011938,0012-12-30 06:35:00,12,12,30,6,35,60,88,ANGLAIS (DU N? 114 AU N?,,,Crépuscule ou aube,En agglomération,Hors intersection,Normale,Deux véhicules - côté,,,,,,,,,,,2,2,1,1.0,3
201200011939,0012-12-30 22:00:00,12,12,30,22,0,60,88,"0, MIRABEAU (AV.)",,,Nuit avec éclairage allumé,En agglomération,Hors intersection,Normale,Deux véhicules - côté,,,,,,,,,,,5,2,1,1.0,3
201200011940,0012-12-31 08:50:00,12,12,31,8,50,60,88,"0, LEPANTE (R. DE)",,,Plein jour,En agglomération,Hors intersection,Pluie légère,Deux véhicules - côté,,,,,,,,,,,1,2,1,2.0,3
201200011941,0012-12-31 09:51:00,12,12,31,9,51,60,88,"0, CARNOT (BD)",,,Plein jour,En agglomération,Intersection en X,Normale,Deux véhicules - côté,,,,,,,,,,,1,2,2,1.0,3
201200011942,0012-12-31 10:15:00,12,12,31,10,15,60,88,"0, DIDEROT (RUE)",,,Plein jour,En agglomération,Intersection en X,Normale,Deux véhicules - côté,,,,,,,,,,,1,2,2,1.0,3
201200011943,0012-12-31 16:15:00,12,12,31,16,15,60,88,"108, BRANCOLAR (AV.) (A",,,Plein jour,En agglomération,Hors intersection,Normale,Deux véhicules - côté,,,,,,,,,,,1,2,1,1.0,3
201200011944,0012-04-20 17:45:00,12,4,20,17,45,330,349,,44.744,-0.482,Plein jour,Hors agglomération,Hors intersection,Normale,Deux véhicules - arrière,,,,,,,,,,,1,1,1,1.0,2
201200011945,0012-05-21 08:00:00,12,5,21,8,0,330,234,,44.807,-0.511,Crépuscule ou aube,Hors agglomération,Intersection en T,Pluie légère,Deux véhicules - frontale,,,,,,,,,,,2,1,3,2.0,1
201200011946,0012-07-25 11:45:00,12,7,25,11,45,330,234,,,,Plein jour,Hors agglomération,Hors intersection,Normale,Deux véhicules - côté,,,,,,,,,,,1,1,1,1.0,3
201200011947,0012-09-04 08:45:00,12,9,4,8,45,330,85,,44.779,-0.492,Plein jour,Hors agglomération,Hors intersection,Normale,Deux véhicules - côté,,,,,,,,,,,1,1,1,1.0,3
201200011948,0012-12-21 22:30:00,12,12,21,22,30,330,349,,44.753,-0.49,Nuit avec éclairage allumé,Hors agglomération,Hors intersection,Pluie légère,Deux véhicules - frontale,,,,,,,,,,,5,1,1,2.0,1
201200011949,0012-03-01 06:30:00,12,3,1,6,30,580,303,,,,Nuit sans éclairage public,Hors agglomération,Hors intersection,Brouillard / fumée,Deux véhicules - frontale,,,,,,,,,,,3,1,1,5.0,1
201200011950,0012-04-07 18:15:00,12,4,7,18,15,580,204,,47.087,3.312,Plein jour,Hors agglomération,Autre intersection,Normale,Sans collision,,,,,,,,,,,1,1,9,1.0,7
201200011951,0012-08-05 01:00:00,12,8,5,1,0,580,131,Rue Pierre Corbier,47.102,3.207,Nuit sans éclairage public,En agglomération,Hors intersection,Normale,Autre collision,,,,,,,,,,,3,2,1,1.0,6
201200011952,0012-01-28 13:45:00,12,1,28,13,45,210,171,2 Rue de pommard,47.302,5.135,Plein jour,En agglomération,Hors intersection,Temps couvert,Deux véhicules - côté,,,,,,,,,,,1,2,1,8.0,3
201200011953,0012-12-21 19:00:00,12,12,21,19,0,210,515,AVENUE DU CHATEAU,,,Nuit avec éclairage allumé,En agglomération,Hors intersection,Temps couvert,Autre collision,,,,,,,,,,,5,2,1,8.0,6
201200011954,0012-09-23 11:00:00,12,9,23,11,0,150,227,,44.991,3.019,Plein jour,Hors agglomération,Hors intersection,Normale,Deux véhicules - côté,,,,,,,,,,,1,1,1,1.0,3
201200011955,0012-04-05 18:15:00,12,4,5,18,15,130,40,,,,Plein jour,Hors agglomération,Hors intersection,Pluie légère,Deux véhicules - frontale,,,,,,,,,,,1,1,1,2.0,1
201200011956,0012-04-05 18:00:00,12,4,5,18,0,130,40,,,,Plein jour,Hors agglomération,Hors intersection,Pluie légère,Deux véhicules - frontale,,,,,,,,,,,1,1,1,2.0,1
201200011957,0012-06-10 15:30:00,12,6,10,15,30,130,87,*,43.4892,5.63391,Plein jour,Hors agglomération,Hors intersection,Temps couvert,Deux véhicules - frontale,,,,,,,,,,,1,1,1,8.0,1
201200011958,0012-07-06 05:30:00,12,7,6,5,30,130,25,,43.4901,5.56963,Nuit avec éclairage allumé,Hors agglomération,Hors intersection,Normale,Deux véhicules - arrière,,,,,,,,,,,5,1,1,1.0,2
201200011959,0012-01-05 16:15:00,12,1,5,16,15,470,143,,,,Plein jour,Hors agglomération,Hors intersection,Pluie légère,Trois véhicules et plus - collisions multiples,,,,,,,,,,,1,1,1,2.0,5
201200011960,0012-01-10 10:30:00,12,1,10,10,30,470,102,LIEU-DIT ARN?S,44.0526,0.45009,Plein jour,Hors agglomération,Hors intersection,Brouillard / fumée,Deux véhicules - côté,,,,,,,,,,,1,1,1,5.0,3
201200011961,0012-01-10 20:30:00,12,1,10,20,30,470,97,LIEU-DIT JEAN BLANC,44.2087,0.39787,Nuit sans éclairage public,Hors agglomération,Hors intersection,Normale,Autre collision,,,,,,,,,,,3,1,1,1.0,6
201200011962,0012-03-10 07:00:00,12,3,10,7,0,470,143,27 AVENUE JASMIN,44.1827,0.30786,Crépuscule ou aube,En agglomération,Hors intersection,Normale,Autre collision,,,,,,,,,,,2,2,1,1.0,6
201200011963,0012-03-10 09:00:00,12,3,10,9,0,470,195,Avenue du Mar?chal Foch,,,Plein jour,En agglomération,Hors intersection,Normale,Autre collision,,,,,,,,,,,1,2,1,1.0,6
201200011964,0012-04-25 14:45:00,12,4,25,14,45,470,180,LDT LA BARBINE,44.1466,0.44736,Plein jour,Hors agglomération,Hors intersection,Normale,Autre collision,,,,,,,,,,,1,1,1,1.0,6
201200011965,0012-05-02 18:30:00,12,5,2,18,30,470,9,,,,Plein jour,Hors agglomération,Hors intersection,Normale,Trois véhicules et plus - collisions multiples,,,,,,,,,,,1,1,1,1.0,5
201200011966,0012-07-22 15:00:00,12,7,22,15,0,470,90,,44.183,0.388,Plein jour,Hors agglomération,Hors intersection,Normale,Sans collision,,,,,,,,,,,1,1,1,1.0,7
201200011967,0012-08-14 22:30:00,12,8,14,22,30,470,318,,44.1928,0.30483,Nuit sans éclairage public,Hors agglomération,Hors intersection,Normale,Deux véhicules - frontale,,,,,,,,,,,3,1,1,1.0,1
201200011968,0012-08-16 18:00:00,12,8,16,18,0,470,195,,44.0927,0.36062,Plein jour,Hors agglomération,Hors intersection,Normale,Trois véhicules et plus - en chaîne,,,,,,,,,,,1,1,1,1.0,4
201200011969,0012-12-03 17:15:00,12,12,3,17,15,470,195,"lieu dit ""perchat""",44.139,0.33,Crépuscule ou aube,En agglomération,Hors intersection,Temps couvert,Trois véhicules et plus - collisions multiples,,,,,,,,,,,2,2,1,8.0,5