accident_id,datetime,annee,mois,jour,heure,minute,departement,commune_insee,adresse,latitude,longitude,luminosite,agglomeration,intersection,meteo,collision,nb_vehicules,nb_usagers,nb_indemnes,nb_tues,nb_blesses_hosp,nb_blesses_legers,age_cond_1,age_cond_2,veh_type_cond_1,veh_type_cond_2,lum_code,agg_code,int_code,atm_code,col_code
201200011970,0012-12-16 01:00:00,12,12,16,1,0,470,139,,44.0631,0.39415,Nuit sans éclairage public,Hors agglomération,Hors intersection,Normale,Autre collision,,,,,,,,,,,3,1,1,1.0,6
201200011971,0012-02-14 16:00:00,12,2,14,16,0,70,19,PONSON (ZA),,,Plein jour,Hors agglomération,Hors intersection,Normale,Autre collision,,,,,,,,,,,1,1,1,1.0,6
201200011972,0012-02-20 14:20:00,12,2,20,14,20,70,331,CHATAIGNERAIE ( CHEMIN D,,,Plein jour,Hors agglomération,Hors intersection,Normale,Autre collision,,,,,,,,,,,1,1,1,1.0,6
201200011973,0012-03-12 11:40:00,12,3,12,11,40,70,19,"37, MONTELIMAR ( ROUTE D",,,Plein jour,Hors agglomération,Hors intersection,Normale,Autre collision,,,,,,,,,,,1,1,1,1.0,6
201200011974,0012-03-23 16:30:00,12,3,23,16,30,70,19,"4, PAIX (PLACE DE LA)",,,Plein jour,En agglomération,Hors intersection,Normale,Autre collision,,,,,,,,,,,1,2,1,1.0,6
201200011975,0012-03-27 07:50:00,12,3,27,7,50,70,19,"35, JEAN MATHON(BOULEVAR",,,Plein jour,En agglomération,Intersection en T,Normale,Deux véhicules - côté,,,,,,,,,,,1,2,3,1.0,3
201200011976,0012-04-19 10:00:00,12,4,19,10,0,70,19,"1, PONSON (ZA)",,,Plein jour,Hors agglomération,Hors intersection,Normale,Autre collision,,,,,,,,,,,1,1,1,1.0,6
201200011977,0012-04-28 09:49:00,12,4,28,9,49,70,331,"53, ANTRAIGUES (FAUBOURG",,,Plein jour,En agglomération,Hors intersection,Normale,Trois véhicules et plus - collisions multiples,,,,,,,,,,,1,2,1,1.0,5
201200011978,0012-06-02 10:00:00,12,6,2,10,0,70,19,D 104 (DEVIATION ST PRIV,,,Plein jour,Hors agglomération,Hors intersection,Normale,Autre collision,,,,,,,,,,,1,1,1,1.0,6
201200011979,0012-07-06 04:40:00,12,7,6,4,40,70,19,RN 102,,,Nuit avec éclairage allumé,Hors agglomération,Hors intersection,Normale,Trois véhicules et plus - collisions multiples,,,,,,,,,,,5,1,1,1.0,5
201200011980,0012-07-11 18:00:00,12,7,11,18,0,70,116,"52, 102 ( ROUTE NATIONAL",,,Plein jour,En agglomération,Hors intersection,Normale,Autre collision,,,,,,,,,,,1,2,1,1.0,6
201200011981,0012-07-17 15:35:00,12,7,17,15,35,70,325,PLAINES (QUARTIER),,,Plein jour,Hors agglomération,Intersection en X,Normale,Deux véhicules - côté,,,,,,,,,,,1,1,2,1.0,3
201200011982,0012-08-25 09:45:00,12,8,25,9,45,70,19,LEONCE VERNY (AVENUE),,,Plein jour,Hors agglomération,Intersection en X,Normale,Deux véhicules - arrière,,,,,,,,,,,1,1,2,1.0,2
201200011983,0012-08-27 15:00:00,12,8,27,15,0,70,331,"6, AUGUSTE CLEMENT (RUE)",,,Plein jour,En agglomération,Hors intersection,Normale,Autre collision,,,,,,,,,,,1,2,1,1.0,6
201200011984,0012-09-28 12:56:00,12,9,28,12,56,70,19,"102, MONTELIMAR ( ROUTE",,,Plein jour,Hors agglomération,Giratoire,Normale,Deux véhicules - côté,,,,,,,,,,,1,1,6,1.0,3
201200011985,0012-10-10 12:10:00,12,10,10,12,10,70,325,DUGRADUS (QUARTIER),,,Plein jour,Hors agglomération,Autre intersection,Normale,Deux véhicules - frontale,,,,,,,,,,,1,1,9,1.0,1
201200011986,0012-12-13 17:55:00,12,12,13,17,55,70,19,"20, GUINGUETTE (ALLEE DE",,,Nuit avec éclairage allumé,En agglomération,Hors intersection,Pluie légère,Autre collision,,,,,,,,,,,5,2,1,2.0,6
201200011987,0012-01-17 08:20:00,12,1,17,8,20,70,102,"0, NOYERONS (RUE DES)",,,Plein jour,En agglomération,Intersection en X,Normale,Deux véhicules - côté,,,,,,,,,,,1,2,2,1.0,3
201200011988,0012-01-20 08:15:00,12,1,20,8,15,70,102,"0, REPUBLIQUE (AV.DE LA)",,,Crépuscule ou aube,En agglomération,Giratoire,Normale,Deux véhicules - côté,,,,,,,,,,,2,2,6,1.0,3
201200011989,0012-03-10 07:55:00,12,3,10,7,55,70,281,"44, GAULLE (AVENUE CHARL",,,Plein jour,En agglomération,Hors intersection,Normale,Autre collision,,,,,,,,,,,1,2,1,1.0,6
201200011990,0012-04-09 14:25:00,12,4,9,14,25,70,281,C.D.533,,,Plein jour,Hors agglomération,Hors intersection,Normale,Deux véhicules - côté,,,,,,,,,,,1,1,1,1.0,3
201200011991,0012-05-01 12:15:00,12,5,1,12,15,70,281,C.D.533,,,Plein jour,Hors agglomération,Hors intersection,Normale,Deux véhicules - côté,,,,,,,,,,,1,1,1,1.0,3
201200011992,0012-05-08 08:45:00,12,5,8,8,45,70,102,"1449, REPUBLIQUE (AV. DE",,,Plein jour,En agglomération,Hors intersection,Normale,Autre collision,,,,,,,,,,,1,2,1,1.0,6
201200011993,0012-05-23 16:50:00,12,5,23,16,50,70,102,"1119, REPUBLIQUE (AV.DE",,,Plein jour,En agglomération,Intersection en T,Normale,Deux véhicules - côté,,,,,,,,,,,1,2,3,1.0,3
201200011994,0012-07-13 18:40:00,12,7,13,18,40,70,281,"219, GROSS-UMSTADT (AVEN",,,Plein jour,En agglomération,Intersection en T,Normale,Deux véhicules - côté,,,,,,,,,,,1,2,3,1.0,3
201200011995,0012-08-08 11:25:00,12,8,8,11,25,70,281,HUIT MAI (AVENUE DU),,,Plein jour,En agglomération,Giratoire,Normale,Deux véhicules - côté,,,,,,,,,,,1,2,6,1.0,3
201200011996,0012-08-21 07:40:00,12,8,21,7,40,70,316,DES FREYDIERES (rond-poi,,,Plein jour,Hors agglomération,Giratoire,Normale,Deux véhicules - côté,,,,,,,,,,,1,1,6,1.0,3
201200011997,0012-08-25 17:25:00,12,8,25,17,25,70,102,"252, CRUSSOL (RUE DE)",,,Plein jour,En agglomération,Giratoire,Normale,Deux véhicules - côté,,,,,,,,,,,1,2,6,1.0,3
201200011998,0012-10-06 17:10:00,12,10,6,17,10,70,281,Avenue du Puy en Velay,,,Plein jour,En agglomération,Intersection en Y,Normale,Deux véhicules - côté,,,,,,,,,,,1,2,4,1.0,3
201200011999,0012-11-10 03:45:00,12,11,10,3,45,70,102,"1449, REPUBLIQUE (AV. DE",,,Nuit avec éclairage allumé,En agglomération,Hors intersection,Pluie légère,Sans collision,,,,,,,,,,,5,2,1,2.0,7
201200012000,0012-12-13 17:25:00,12,12,13,17,25,70,281,"23, HUIT MAI (AVENUE DU)",,,Nuit avec éclairage allumé,En agglomération,Hors intersection,Pluie légère,Autre collision,,,,,,,,,,,5,2,1,2.0,6
201200012001,0012-12-14 18:35:00,12,12,14,18,35,70,316,LONES (PONT DES),,,Nuit avec éclairage allumé,Hors agglomération,Hors intersection,Pluie légère,Autre collision,,,,,,,,,,,5,1,1,2.0,6
201200012002,0012-04-13 04:30:00,12,4,13,4,30,110,202,,,,Nuit sans éclairage public,Hors agglomération,Hors intersection,Normale,Autre collision,,,,,,,,,,,3,1,1,1.0,6
201200012003,0012-08-18 13:15:00,12,8,18,13,15,110,202,,,,Plein jour,Hors agglomération,Hors intersection,Normale,Trois véhicules et plus - en chaîne,,,,,,,,,,,1,1,1,1.0,4
201200012004,0012-10-19 17:30:00,12,10,19,17,30,110,202,,,,Plein jour,Hors agglomération,Hors intersection,Vent fort / tempête,Trois véhicules et plus - collisions multiples,,,,,,,,,,,1,1,1,6.0,5
201200012005,0012-01-19 19:00:00,12,1,19,19,0,570,38,GN49.446 5.949,,,Nuit sans éclairage public,Hors agglomération,Hors intersection,Pluie forte,Deux véhicules - frontale,,,,,,,,,,,3,1,1,3.0,1
201200012006,0012-02-09 19:00:00,12,2,9,19,0,570,41,,,,Nuit avec éclairage allumé,Hors agglomération,Hors intersection,Normale,Autre collision,,,,,,,,,,,5,1,1,1.0,6
201200012007,0012-03-10 12:00:00,12,3,10,12,0,570,529,,,,Plein jour,Hors agglomération,Hors intersection,Normale,Autre collision,,,,,,,,,,,1,1,1,1.0,6
201200012008,0012-03-11 14:45:00,12,3,11,14,45,570,38,GN 49.447 5.95,,,Plein jour,Hors agglomération,Hors intersection,Normale,Sans collision,,,,,,,,,,,1,1,1,1.0,7
201200012009,0012-09-07 23:15:00,12,9,7,23,15,570,96,9 rue de Verdun,,,Nuit avec éclairage allumé,En agglomération,Hors intersection,Normale,Deux véhicules - frontale,,,,,,,,,,,5,2,1,1.0,1
201200012010,0012-09-08 14:00:00,12,9,8,14,0,570,38,rue foch/clemenceau,,,Plein jour,En agglomération,Intersection en T,Normale,Deux véhicules - côté,,,,,,,,,,,1,2,3,1.0,3
201200012011,0012-10-23 15:45:00,12,10,23,15,45,570,38,GN 49.447 5.95,,,Plein jour,Hors agglomération,Hors intersection,Normale,Trois véhicules et plus - en chaîne,,,,,,,,,,,1,1,1,1.0,4
201200012012,0012-11-26 18:15:00,12,11,26,18,15,570,96,26 rue de Verdun,49.38057,5.95134,Nuit avec éclairage allumé,En agglomération,Hors intersection,Normale,Autre collision,,,,,,,,,,,5,2,1,1.0,6
201200012013,0012-12-26 04:45:00,12,12,26,4,45,570,38,,49.487,5.966,Nuit sans éclairage public,Hors agglomération,Hors intersection,Normale,Autre collision,,,,,,,,,,,3,1,1,1.0,6
201200012014,0012-01-09 16:40:00,12,1,9,16,40,70,186,VIVARAIS (BLD.DU),,,Plein jour,En agglomération,Intersection en T,Normale,Deux véhicules - côté,,,,,,,,,,,1,2,3,1.0,3
201200012015,0012-02-23 22:50:00,12,2,23,22,50,70,186,MINES (ROUTES DES) JUSQU,,,Nuit avec éclairage allumé,En agglomération,Hors intersection,Normale,Deux véhicules - frontale,,,,,,,,,,,5,2,1,1.0,1
201200012016,0012-01-13 14:00:00,12,1,13,14,0,70,8,D2 ( ROUTE DEPARTEMENTAL,,,Plein jour,Hors agglomération,Hors intersection,Normale,Deux véhicules - frontale,,,,,,,,,,,1,1,1,1.0,1
201200012017,0012-01-18 17:15:00,12,1,18,17,15,70,72,LA CHARRIERE,,,Plein jour,Hors agglomération,Hors intersection,Normale,Trois véhicules et plus - collisions multiples,,,,,,,,,,,1,1,1,1.0,5
201200012018,0012-02-11 12:00:00,12,2,11,12,0,70,8,GRANDE RUE,,,Plein jour,En agglomération,Hors intersection,Normale,Deux véhicules - côté,,,,,,,,,,,1,2,1,1.0,3
201200012019,0012-03-04 13:22:00,12,3,4,13,22,70,186,"19, CHOMERAC (AVENUE DE)",,,Plein jour,En agglomération,Hors intersection,Normale,Autre collision,,,,,,,,,,,1,2,1,1.0,6
201200012020,0012-03-06 18:15:00,12,3,6,18,15,70,72,RD 104/MOULIN D'ONCLAIRE,,,Crépuscule ou aube,En agglomération,Intersection en X,Normale,Deux véhicules - côté,,,,,,,,,,,2,2,2,1.0,3
201200012021,0012-04-08 21:19:00,12,4,8,21,19,70,340,BEAL,,,Nuit sans éclairage public,Hors agglomération,Hors intersection,Normale,Deux véhicules - frontale,,,,,,,,,,,3,1,1,1.0,1
201200012022,0012-05-30 16:30:00,12,5,30,16,30,70,8,D2 ( ROUTE DEPARTEMENTAL,,,Plein jour,Hors agglomération,Hors intersection,Normale,Deux véhicules - frontale,,,,,,,,,,,1,1,1,1.0,1
201200012023,0012-06-15 09:10:00,12,6,15,9,10,70,340,"191, RUISSOL (LE)",,,Plein jour,En agglomération,Hors intersection,Normale,Deux véhicules - côté,,,,,,,,,,,1,2,1,1.0,3
201200012024,0012-06-20 11:10:00,12,6,20,11,10,70,186,"09, HUGO (PLACE VICTOR)",,,Plein jour,En agglomération,Hors intersection,Normale,Autre collision,,,,,,,,,,,1,2,1,1.0,6
201200012025,0012-07-10 08:15:00,12,7,10,8,15,70,186,CHOMERAC (AVENUE DE )  D,,,Plein jour,En agglomération,Intersection en T,Normale,Deux véhicules - frontale,,,,,,,,,,,1,2,3,1.0,1
201200012026,0012-08-03 18:40:00,12,8,3,18,40,70,186,SEGUIN (AVENUE MARC),,,Plein jour,Hors agglomération,Hors intersection,Normale,Deux véhicules - côté,,,,,,,,,,,1,1,1,1.0,3
201200012027,0012-09-10 15:45:00,12,9,10,15,45,70,146,"2, REPUBLIQUE (PLACE)",,,Plein jour,Hors agglomération,Hors intersection,Normale,Sans collision,,,,,,,,,,,1,1,1,1.0,7
201200012028,0012-08-31 17:15:00,12,8,31,17,15,70,186,CHOMERAC (AVENUE DE)  DU,,,Plein jour,En agglomération,Intersection en T,Normale,Deux véhicules - côté,,,,,,,,,,,1,2,3,1.0,3
201200012029,0012-10-07 00:01:00,12,10,7,0,1,70,186,CHOMERAC (ROUTE DE),,,Nuit avec éclairage allumé,En agglomération,Intersection en T,Normale,Deux véhicules - côté,,,,,,,,,,,5,2,3,1.0,3
201200012030,0012-10-08 07:11:00,12,10,8,7,11,70,72,ONCLAIRE,,,Crépuscule ou aube,En agglomération,Hors intersection,Normale,Autre collision,,,,,,,,,,,2,2,1,1.0,6
201200012031,0012-11-01 18:52:00,12,11,1,18,52,70,186,MONTOULON (BLD DU)- DU 2,,,Nuit avec éclairage allumé,En agglomération,Intersection en T,Pluie légère,Deux véhicules - côté,,,,,,,,,,,5,2,3,2.0,3
201200012032,0012-12-01 14:25:00,12,12,1,14,25,70,186,"0, PETIT TOURNON (AVENUE",,,Plein jour,En agglomération,Hors intersection,Normale,Sans collision,,,,,,,,,,,1,2,1,1.0,7
201200012033,0012-12-10 15:15:00,12,12,10,15,15,70,72,PONT DE BOURDELY,,,Plein jour,Hors agglomération,Hors intersection,Normale,Deux véhicules - arrière,,,,,,,,,,,1,1,1,1.0,2
201200012034,0012-12-13 18:10:00,12,12,13,18,10,70,186,PASTE (BLD. DE),,,Nuit avec éclairage allumé,En agglomération,Hors intersection,Pluie forte,Autre collision,,,,,,,,,,,5,2,1,3.0,6
201200012035,0012-02-13 17:00:00,12,2,13,17,0,340,202,,43.59606,3.78033,Plein jour,Hors agglomération,Hors intersection,Normale,Trois véhicules et plus - collisions multiples,,,,,,,,,,,1,1,1,1.0,5
201200012036,0012-06-11 22:30:00,12,6,11,22,30,340,123,Route de ST Georges,43.614,3.801,Nuit avec éclairage allumé,En agglomération,Intersection en X,Normale,Deux véhicules - côté,,,,,,,,,,,5,2,2,1.0,3
201200012037,0012-10-25 18:00:00,12,10,25,18,0,340,202,Rue Jeu de Ballon,43.588,3.755,Plein jour,En agglomération,Hors intersection,Normale,Autre collision,,,,,,,,,,,1,2,1,1.0,6
201200012038,0012-12-23 18:30:00,12,12,23,18,30,340,163,,43.659,3.698,Nuit sans éclairage public,Hors agglomération,Hors intersection,Normale,Deux véhicules - frontale,,,,,,,,,,,3,1,1,1.0,1
201200012039,0012-05-03 22:45:00,12,5,3,22,45,350,51,,48.14586,-1.60736,Nuit avec éclairage allumé,Hors agglomération,Hors intersection,Normale,Deux véhicules - frontale,,,,,,,,,,,5,1,1,1.0,1
201200012040,0012-10-23 07:15:00,12,10,23,7,15,350,334,,48.14588,-1.57868,Nuit sans éclairage public,Hors agglomération,Hors intersection,Brouillard / fumée,Deux véhicules - frontale,,,,,,,,,,,3,1,1,5.0,1
201200012041,0012-01-15 14:30:00,12,1,15,14,30,110,23,RD 206 (Av DEGRAND),,,Plein jour,En agglomération,Intersection en X,Normale,Deux véhicules - côté,,,,,,,,,,,1,2,2,1.0,3
201200012042,0012-06-13 07:45:00,12,6,13,7,45,110,151,CD6113 Lieu dit L'Horte,,,Plein jour,En agglomération,Hors intersection,Normale,Trois véhicules et plus - collisions multiples,,,,,,,,,,,1,2,1,1.0,5
201200012043,0012-10-03 13:45:00,12,10,3,13,45,110,43,,,,Plein jour,Hors agglomération,Hors intersection,Normale,Deux véhicules - frontale,,,,,,,,,,,1,1,1,1.0,1
201200012044,0012-11-03 06:30:00,12,11,3,6,30,110,122,,43.192,2.6,Crépuscule ou aube,Hors agglomération,Hors intersection,Normale,Deux véhicules - frontale,,,,,,,,,,,2,1,1,1.0,1
201200012045,0012-12-01 22:00:00,12,12,1,22,0,110,397,,43.209,2.433,Nuit sans éclairage public,Hors agglomération,Hors intersection,Normale,Autre collision,,,,,,,,,,,3,1,1,1.0,6
201200012046,0012-01-06 23:00:00,12,1,6,23,0,230,79,Route d'Aubusson 23500,45.886,2.171,Nuit avec éclairage allumé,En agglomération,Hors intersection,Normale,Deux véhicules - frontale,,,,,,,,,,,5,2,1,1.0,1
201200012047,0012-02-29 14:00:00,12,2,29,14,0,230,71,,,,Plein jour,Hors agglomération,Hors intersection,Temps éblouissant,Autre collision,,,,,,,,,,,1,1,1,7.0,6
201200012048,0012-07-19 22:00:00,12,7,19,22,0,230,238,,,,Nuit sans éclairage public,Hors agglomération,Hors intersection,Normale,Autre collision,,,,,,,,,,,3,1,1,1.0,6
201200012049,0012-02-19 19:20:00,12,2,19,19,20,780,349,A10,,,Nuit sans éclairage public,Hors agglomération,Hors intersection,Normale,Autre collision,,,,,,,,,,,3,1,1,1.0,6
201200012050,0012-02-28 01:00:00,12,2,28,1,0,280,26,,48.334,1.864,Nuit sans éclairage public,Hors agglomération,Hors intersection,Normale,Deux véhicules - arrière,,,,,,,,,,,3,1,1,1.0,2
201200012051,0012-03-11 15:30:00,12,3,11,15,30,780,499,A10,48.558,1.932,Plein jour,Hors agglomération,Hors intersection,Normale,Trois véhicules et plus - en chaîne,,,,,,,,,,,1,1,1,1.0,4
201200012052,0012-03-13 16:30:00,12,3,13,16,30,280,276,,,,Plein jour,Hors agglomération,Hors intersection,Normale,Deux véhicules - arrière,,,,,,,,,,,1,1,1,1.0,2
201200012053,0012-03-21 10:25:00,12,3,21,10,25,780,349,A 10,,,Plein jour,Hors agglomération,Hors intersection,Normale,Trois véhicules et plus - collisions multiples,,,,,,,,,,,1,1,1,1.0,5
201200012054,0012-03-28 17:40:00,12,3,28,17,40,780,349,A10,,,Plein jour,Hors agglomération,Hors intersection,Normale,Autre collision,,,,,,,,,,,1,1,1,1.0,6
201200012055,0012-05-06 20:30:00,12,5,6,20,30,780,564,A10,,,Crépuscule ou aube,Hors agglomération,Hors intersection,Normale,Deux véhicules - côté,,,,,,,,,,,2,1,1,1.0,3
201200012056,0012-05-15 10:45:00,12,5,15,10,45,780,9,A10,48.468,1.912,Plein jour,Hors agglomération,Hors intersection,Normale,Autre collision,,,,,,,,,,,1,1,1,1.0,6
201200012057,0012-05-24 06:45:00,12,5,24,6,45,280,92,,,,Plein jour,Hors agglomération,Hors intersection,Normale,Deux véhicules - côté,,,,,,,,,,,1,1,1,1.0,3
201200012058,0012-05-28 03:30:00,12,5,28,3,30,280,26,,,,Nuit sans éclairage public,Hors agglomération,Hors intersection,Normale,Autre collision,,,,,,,,,,,3,1,1,1.0,6
201200012059,0012-06-29 12:15:00,12,6,29,12,15,280,169,,,,Plein jour,Hors agglomération,Hors intersection,Normale,Sans collision,,,,,,,,,,,1,1,1,1.0,7
201200012060,0012-07-12 22:45:00,12,7,12,22,45,780,349,A 10,48.571,1.986,Nuit sans éclairage public,Hors agglomération,Hors intersection,Pluie légère,Deux véhicules - arrière,,,,,,,,,,,3,1,1,2.0,2
201200012061,0012-07-27 12:10:00,12,7,27,12,10,780,569,A 10,,,Plein jour,Hors agglomération,Hors intersection,Normale,Deux véhicules - côté,,,,,,,,,,,1,1,1,1.0,3
201200012062,0012-08-11 00:15:00,12,8,11,0,15,280,169,,48.454,1.91,Nuit sans éclairage public,Hors agglomération,Hors intersection,Normale,Trois véhicules et plus - collisions multiples,,,,,,,,,,,3,1,1,1.0,5
201200012063,0012-08-20 06:45:00,12,8,20,6,45,780,537,A 10,,,Crépuscule ou aube,Hors agglomération,Hors intersection,Normale,Autre collision,,,,,,,,,,,2,1,1,1.0,6
201200012064,0012-09-30 07:30:00,12,9,30,7,30,780,349,A 10,,,Nuit sans éclairage public,Hors agglomération,Hors intersection,Normale,Trois véhicules et plus - collisions multiples,,,,,,,,,,,3,1,1,1.0,5
201200012065,0012-11-27 11:15:00,12,11,27,11,15,280,169,,,,Plein jour,Hors agglomération,Hors intersection,Normale,Autre collision,,,,,,,,,,,1,1,1,1.0,6
201200012066,0012-12-11 06:15:00,12,12,11,6,15,780,3,,48.524,1.801,Nuit sans éclairage public,Hors agglomération,Hors intersection,Normale,Trois véhicules et plus - collisions multiples,,,,,,,,,,,3,1,1,1.0,5
201200012067,0012-01-17 07:15:00,12,1,17,7,15,510,439,D30,,,Crépuscule ou aube,Hors agglomération,Hors intersection,Normale,Deux véhicules - arrière,,,,,,,,,,,2,1,1,1.0,2
201200012068,0012-01-19 18:30:00,12,1,19,18,30,510,101,D264,,,Nuit sans éclairage public,Hors agglomération,Hors intersection,Pluie forte,Deux véhicules - frontale,,,,,,,,,,,3,1,1,3.0,1
201200012069,0012-03-27 18:00:00,12,3,27,18,0,510,403,D64,,,Plein jour,Hors agglomération,Hors intersection,Normale,Sans collision,,,,,,,,,,,1,1,1,1.0,7
201200012070,0012-05-19 18:45:00,12,5,19,18,45,510,299,D20,,,Plein jour,Hors agglomération,Hors intersection,Normale,Autre collision,,,,,,,,,,,1,1,1,1.0,6
201200012071,0012-07-07 14:30:00,12,7,7,14,30,510,54,D980/VC,,,Plein jour,En agglomération,Intersection en T,Normale,Deux véhicules - côté,,,,,,,,,,,1,2,3,1.0,3
201200012072,0012-08-09 17:15:00,12,8,9,17,15,510,46,D34,,,Plein jour,Hors agglomération,Intersection en T,Normale,Deux véhicules - côté,,,,,,,,,,,1,1,3,1.0,3
201200012073,0012-09-21 04:15:00,12,9,21,4,15,510,299,N51,,,Nuit sans éclairage public,Hors agglomération,Hors intersection,Normale,Autre collision,,,,,,,,,,,3,1,1,1.0,6
201200012074,0012-09-27 19:15:00,12,9,27,19,15,510,662,D88,,,Crépuscule ou aube,Hors agglomération,Hors intersection,Normale,Deux véhicules - frontale,,,,,,,,,,,2,1,1,1.0,1
201200012075,0012-10-04 07:15:00,12,10,4,7,15,510,662,Avenue de Rethel,,,Crépuscule ou aube,En agglomération,Hors intersection,Pluie forte,Deux véhicules - côté,,,,,,,,,,,2,2,1,3.0,3
201200012076,0012-10-07 17:45:00,12,10,7,17,45,510,88,D30,,,Nuit sans éclairage public,Hors agglomération,Hors intersection,Autre,Sans collision,,,,,,,,,,,3,1,1,9.0,7
201200012077,0012-10-20 19:00:00,12,10,20,19,0,510,660,31 RUE DES CENSES,,,Crépuscule ou aube,En agglomération,Hors intersection,Normale,Deux véhicules - frontale,,,,,,,,,,,2,2,1,1.0,1
201200012078,0012-11-27 07:30:00,12,11,27,7,30,510,88,D966,,,Crépuscule ou aube,Hors agglomération,Hors intersection,Pluie légère,Deux véhicules - frontale,,,,,,,,,,,2,1,1,2.0,1
201200012079,0012-01-05 18:00:00,12,1,5,18,0,690,7,,,,Nuit avec éclairage allumé,Hors agglomération,Hors intersection,Temps couvert,Deux véhicules - frontale,,,,,,,,,,,5,1,1,8.0,1
201200012080,0012-01-19 17:00:00,12,1,19,17,0,690,7,,,,Crépuscule ou aube,Hors agglomération,Intersection en T,Normale,Deux véhicules - côté,,,,,,,,,,,2,1,3,1.0,3
201200012081,0012-01-29 17:45:00,12,1,29,17,45,690,189,,,,Nuit sans éclairage public,Hors agglomération,Hors intersection,Pluie légère,Autre collision,,,,,,,,,,,3,1,1,2.0,6
201200012082,0012-02-27 11:30:00,12,2,27,11,30,690,64,Chemin de la plaine,,,Plein jour,En agglomération,Intersection en T,Normale,Deux véhicules - côté,,,,,,,,,,,1,2,3,1.0,3
201200012083,0012-05-09 09:35:00,12,5,9,9,35,690,64,RD 386,,,Plein jour,En agglomération,Hors intersection,Normale,Deux véhicules - arrière,,,,,,,,,,,1,2,1,1.0,2
201200012084,0012-05-19 17:15:00,12,5,19,17,15,690,7,,,,Plein jour,Hors agglomération,Hors intersection,Normale,Deux véhicules - arrière,,,,,,,,,,,1,1,1,1.0,2
201200012085,0012-05-24 06:45:00,12,5,24,6,45,690,97,,,,Plein jour,Hors agglomération,Hors intersection,Normale,Deux véhicules - frontale,,,,,,,,,,,1,1,1,1.0,1
201200012086,0012-05-29 09:00:00,12,5,29,9,0,690,189,RD 386,,,Plein jour,En agglomération,Hors intersection,Normale,Autre collision,,,,,,,,,,,1,2,1,1.0,6
201200012087,0012-06-06 11:45:00,12,6,6,11,45,690,235,,,,Plein jour,Hors agglomération,Hors intersection,Normale,Deux véhicules - frontale,,,,,,,,,,,1,1,1,1.0,1
201200012088,0012-07-26 11:15:00,12,7,26,11,15,690,7,,,,Plein jour,Hors agglomération,Hors intersection,Normale,Trois véhicules et plus - collisions multiples,,,,,,,,,,,1,1,1,1.0,5
201200012089,0012-08-13 14:00:00,12,8,13,14,0,690,235,,,,Plein jour,Hors agglomération,Hors intersection,Normale,Deux véhicules - frontale,,,,,,,,,,,1,1,1,1.0,1
201200012090,0012-09-28 22:30:00,12,9,28,22,30,690,64,LOTISSEMENT DE LA CELLE,,,Nuit sans éclairage public,En agglomération,Hors intersection,Normale,Deux véhicules - frontale,,,,,,,,,,,3,2,1,1.0,1
201200012091,0012-10-22 19:45:00,12,10,22,19,45,690,7,,,,Nuit sans éclairage public,Hors agglomération,Autre intersection,Normale,Deux véhicules - côté,,,,,,,,,,,3,1,9,1.0,3
201200012092,0012-11-04 01:45:00,12,11,4,1,45,690,118,68 ROUTE DE BEAUCAIRE,,,Nuit avec éclairage allumé,En agglomération,Hors intersection,Temps couvert,Autre collision,,,,,,,,,,,5,2,1,8.0,6
201200012093,0012-04-16 23:30:00,12,4,16,23,30,370,243,rue principale,,,Nuit avec éclairage allumé,En agglomération,Hors intersection,Normale,Deux véhicules - côté,,,,,,,,,,,5,2,1,1.0,3
201200012094,0012-05-09 16:15:00,12,5,9,16,15,370,18,,,,Plein jour,Hors agglomération,Hors intersection,Normale,Deux véhicules - frontale,,,,,,,,,,,1,1,1,1.0,1
201200012095,0012-08-18 19:45:00,12,8,18,19,45,370,50,Bad Camberg,,,Plein jour,En agglomération,Hors intersection,Normale,Deux véhicules - frontale,,,,,,,,,,,1,2,1,1.0,1
201200012096,0012-08-26 10:00:00,12,8,26,10,0,370,243,route de la planche,,,Nuit sans éclairage public,En agglomération,Hors intersection,Normale,Autre collision,,,,,,,,,,,3,2,1,1.0,6
201200012097,0012-11-16 23:45:00,12,11,16,23,45,370,50,avenue Grand sud,,,Nuit sans éclairage public,En agglomération,Hors intersection,Brouillard / fumée,Autre collision,,,,,,,,,,,3,2,1,5.0,6
201200012098,0012-03-06 17:30:00,12,3,6,17,30,290,189,,48.40314,-4.31686,Plein jour,Hors agglomération,Hors intersection,Normale,Deux véhicules - frontale,,,,,,,,,,,1,1,1,1.0,1
201200012099,0012-04-29 15:00:00,12,4,29,15,0,290,45,,48.37358,-4.25767,Plein jour,Hors agglomération,Hors intersection,Pluie légère,Deux véhicules - frontale,,,,,,,,,,,1,1,1,2.0,1
201200012100,0012-02-07 16:45:00,12,2,7,16,45,330,229,CD3E10 ROUTE DE BLAGON,44.719,-1.02499,Plein jour,En agglomération,Hors intersection,Normale,Deux véhicules - côté,,,,,,,,,,,1,2,1,1.0,3
201200012101,0012-08-14 15:15:00,12,8,14,15,15,330,229,,,,Plein jour,Hors agglomération,Hors intersection,Normale,Deux véhicules - frontale,,,,,,,,,,,1,1,1,1.0,1
201200012102,0012-08-21 21:15:00,12,8,21,21,15,330,229,Route d?partementale 5,,,Plein jour,En agglomération,Intersection en T,Normale,Deux véhicules - côté,,,,,,,,,,,1,2,3,1.0,3