accident_id,datetime,annee,mois,jour,heure,minute,departement,commune_insee,adresse,latitude,longitude,luminosite,agglomeration,intersection,meteo,collision,nb_vehicules,nb_usagers,nb_indemnes,nb_tues,nb_blesses_hosp,nb_blesses_legers,age_cond_1,age_cond_2,veh_type_cond_1,veh_type_cond_2,lum_code,agg_code,int_code,atm_code,col_code
201200012103,0012-08-30 12:15:00,12,8,30,12,15,330,5,Bd de la R?publique,44.747,-1.099,Plein jour,En agglomération,Hors intersection,Normale,Deux véhicules - côté,,,,,,,,,,,1,2,1,1.0,3
201200012104,0012-10-02 14:30:00,12,10,2,14,30,330,5,9 av d'ar?s,44.754,-1.108,Plein jour,En agglomération,Hors intersection,Normale,Deux véhicules - frontale,,,,,,,,,,,1,2,1,1.0,1
201200012105,0012-10-18 09:00:00,12,10,18,9,0,330,5,all?e du languedoc,44.745,-1.071,Plein jour,En agglomération,Giratoire,Brouillard / fumée,Deux véhicules - côté,,,,,,,,,,,1,2,6,5.0,3
201200012106,0012-11-11 16:30:00,12,11,11,16,30,330,229,,44.786,-0.933,Plein jour,Hors agglomération,Hors intersection,Normale,Autre collision,,,,,,,,,,,1,1,1,1.0,6
201200012107,0012-11-16 23:45:00,12,11,16,23,45,330,229,,44.726,-1.02099,Nuit sans éclairage public,Hors agglomération,Hors intersection,Temps couvert,Autre collision,,,,,,,,,,,3,1,1,8.0,6
201200012108,0012-02-13 17:00:00,12,2,13,17,0,600,482,,,,Plein jour,Hors agglomération,Hors intersection,Normale,Deux véhicules - frontale,,,,,,,,,,,1,1,1,1.0,1
201200012109,0012-04-25 13:45:00,12,4,25,13,45,600,142,,,,Plein jour,Hors agglomération,Hors intersection,Normale,Trois véhicules et plus - collisions multiples,,,,,,,,,,,1,1,1,1.0,5
201200012110,0012-05-06 07:00:00,12,5,6,7,0,600,432,,49.122,2.589,Crépuscule ou aube,Hors agglomération,Hors intersection,Pluie légère,Autre collision,,,,,,,,,,,2,1,1,2.0,6
201200012111,0012-11-17 14:15:00,12,11,17,14,15,600,494,,,,Plein jour,Hors agglomération,Hors intersection,Pluie légère,Sans collision,,,,,,,,,,,1,1,1,2.0,7
201200012112,0012-01-29 10:00:00,12,1,29,10,0,730,257,RD117/Les bouquetins,45.322,6.543,Plein jour,En agglomération,Hors intersection,Neige / grêle,Deux véhicules - frontale,,,,,,,,,,,1,2,1,4.0,1
201200012113,0012-02-19 02:30:00,12,2,19,2,30,510,242,A26,,,Nuit sans éclairage public,Hors agglomération,Hors intersection,Pluie légère,Sans collision,,,,,,,,,,,3,1,1,2.0,7
201200012114,0012-04-27 05:15:00,12,4,27,5,15,510,205,A4,,,Nuit sans éclairage public,Hors agglomération,Hors intersection,Pluie légère,Autre collision,,,,,,,,,,,3,1,1,2.0,6
201200012115,0012-05-25 08:30:00,12,5,25,8,30,510,212,A26,,,Plein jour,Hors agglomération,Hors intersection,Normale,Sans collision,,,,,,,,,,,1,1,1,1.0,7
201200012116,0012-07-09 17:45:00,12,7,9,17,45,510,278,A4,,,Plein jour,Hors agglomération,Hors intersection,Normale,Deux véhicules - arrière,,,,,,,,,,,1,1,1,1.0,2
201200012117,0012-08-23 10:30:00,12,8,23,10,30,510,87,A26,,,Plein jour,Hors agglomération,Hors intersection,Normale,Autre collision,,,,,,,,,,,1,1,1,1.0,6
201200012118,0012-08-24 14:05:00,12,8,24,14,5,510,193,A4,,,Plein jour,Hors agglomération,Hors intersection,Normale,Deux véhicules - arrière,,,,,,,,,,,1,1,1,1.0,2
201200012119,0012-08-26 23:45:00,12,8,26,23,45,510,409,A26,,,Nuit sans éclairage public,Hors agglomération,Hors intersection,Normale,Sans collision,,,,,,,,,,,3,1,1,1.0,7
201200012120,0012-09-02 09:45:00,12,9,2,9,45,510,212,A26,,,Plein jour,Hors agglomération,Hors intersection,Normale,Sans collision,,,,,,,,,,,1,1,1,1.0,7
201200012121,0012-09-30 18:30:00,12,9,30,18,30,510,545,A26,,,Plein jour,Hors agglomération,Hors intersection,Normale,Sans collision,,,,,,,,,,,1,1,1,1.0,7
201200012122,0012-10-15 09:45:00,12,10,15,9,45,510,545,A26,,,Plein jour,Hors agglomération,Hors intersection,Normale,Autre collision,,,,,,,,,,,1,1,1,1.0,6
201200012123,0012-10-16 13:45:00,12,10,16,13,45,510,242,A26,,,Plein jour,Hors agglomération,Hors intersection,Normale,Autre collision,,,,,,,,,,,1,1,1,1.0,6
201200012124,0012-10-17 23:45:00,12,10,17,23,45,510,147,A4,,,Nuit sans éclairage public,Hors agglomération,Hors intersection,Normale,Trois véhicules et plus - collisions multiples,,,,,,,,,,,3,1,1,1.0,5
201200012125,0012-10-22 15:45:00,12,10,22,15,45,510,634,A26,,,Plein jour,Hors agglomération,Hors intersection,Normale,Sans collision,,,,,,,,,,,1,1,1,1.0,7
201200012126,0012-12-21 08:45:00,12,12,21,8,45,510,87,A26,,,Plein jour,Hors agglomération,Hors intersection,Temps couvert,Sans collision,,,,,,,,,,,1,1,1,8.0,7
201200012127,0012-01-11 10:15:00,12,1,11,10,15,770,71,,,,Plein jour,Hors agglomération,Hors intersection,Normale,Autre collision,,,,,,,,,,,1,1,1,1.0,6
201200012128,0012-03-04 08:10:00,12,3,4,8,10,770,407,,,,Plein jour,Hors agglomération,Hors intersection,Normale,Autre collision,,,,,,,,,,,1,1,1,1.0,6
201200012129,0012-04-05 06:45:00,12,4,5,6,45,770,333,,48.271,2.721,Crépuscule ou aube,Hors agglomération,Hors intersection,Normale,Deux véhicules - arrière,,,,,,,,,,,2,1,1,1.0,2
201200012130,0012-04-10 22:15:00,12,4,10,22,15,770,333,,48.268,2.723,Nuit sans éclairage public,Hors agglomération,Hors intersection,Pluie légère,Deux véhicules - côté,,,,,,,,,,,3,1,1,2.0,3
201200012131,0012-04-17 07:55:00,12,4,17,7,55,770,407,,,,Plein jour,Hors agglomération,Hors intersection,Normale,Sans collision,,,,,,,,,,,1,1,1,1.0,7
201200012132,0012-04-27 09:00:00,12,4,27,9,0,770,6,,,,Plein jour,Hors agglomération,Hors intersection,Normale,Deux véhicules - frontale,,,,,,,,,,,1,1,1,1.0,1
201200012133,0012-05-17 19:00:00,12,5,17,19,0,770,333,,,,Plein jour,Hors agglomération,Hors intersection,Normale,Sans collision,,,,,,,,,,,1,1,1,1.0,7
201200012134,0012-05-19 14:45:00,12,5,19,14,45,770,477,,48.33,2.605,Plein jour,Hors agglomération,Hors intersection,Normale,Autre collision,,,,,,,,,,,1,1,1,1.0,6
201200012135,0012-05-23 20:30:00,12,5,23,20,30,770,520,,,,Plein jour,Hors agglomération,Hors intersection,Temps éblouissant,Autre collision,,,,,,,,,,,1,1,1,7.0,6
201200012136,0012-05-27 08:30:00,12,5,27,8,30,770,370,,,,Plein jour,Hors agglomération,Hors intersection,Normale,Deux véhicules - arrière,,,,,,,,,,,1,1,1,1.0,2
201200012137,0012-06-03 15:40:00,12,6,3,15,40,770,412,,,,Plein jour,Hors agglomération,Hors intersection,Normale,Sans collision,,,,,,,,,,,1,1,1,1.0,7
201200012138,0012-06-23 17:00:00,12,6,23,17,0,770,65,,48.459,2.524,Plein jour,Hors agglomération,Hors intersection,Normale,Autre collision,,,,,,,,,,,1,1,1,1.0,6
201200012139,0012-07-01 10:30:00,12,7,1,10,30,770,333,,,,Plein jour,Hors agglomération,Hors intersection,Normale,Deux véhicules - arrière,,,,,,,,,,,1,1,1,1.0,2
201200012140,0012-07-15 07:00:00,12,7,15,7,0,770,71,,,,Crépuscule ou aube,Hors agglomération,Hors intersection,Normale,Autre collision,,,,,,,,,,,2,1,1,1.0,6
201200012141,0012-07-14 19:00:00,12,7,14,19,0,770,333,,,,Plein jour,Hors agglomération,Hors intersection,Pluie forte,Sans collision,,,,,,,,,,,1,1,1,3.0,7
201200012142,0012-07-20 13:45:00,12,7,20,13,45,770,65,,,,Plein jour,Hors agglomération,Autre intersection,Normale,Autre collision,,,,,,,,,,,1,1,9,1.0,6
201200012143,0012-08-18 10:30:00,12,8,18,10,30,770,168,,,,Plein jour,Hors agglomération,Hors intersection,Normale,Autre collision,,,,,,,,,,,1,1,1,1.0,6
201200012144,0012-08-27 04:30:00,12,8,27,4,30,770,520,,,,Plein jour,Hors agglomération,Hors intersection,Normale,Sans collision,,,,,,,,,,,1,1,1,1.0,7
201200012145,0012-09-05 08:45:00,12,9,5,8,45,910,441,A6,,,Plein jour,Hors agglomération,Hors intersection,Normale,Deux véhicules - frontale,,,,,,,,,,,1,1,1,1.0,1
201200012146,0012-09-25 01:30:00,12,9,25,1,30,770,1,,,,Nuit sans éclairage public,Hors agglomération,Hors intersection,Pluie forte,Autre collision,,,,,,,,,,,3,1,1,3.0,6
201200012147,0012-10-12 03:00:00,12,10,12,3,0,770,1,,,,Nuit sans éclairage public,Hors agglomération,Hors intersection,Normale,Autre collision,,,,,,,,,,,3,1,1,1.0,6
201200012148,0012-11-14 09:45:00,12,11,14,9,45,770,168,,,,Plein jour,Hors agglomération,Hors intersection,Brouillard / fumée,Autre collision,,,,,,,,,,,1,1,1,5.0,6
201200012149,0012-12-12 11:30:00,12,12,12,11,30,770,407,,,,Plein jour,Hors agglomération,Hors intersection,Normale,Trois véhicules et plus - en chaîne,,,,,,,,,,,1,1,1,1.0,4
201200012150,0012-12-20 17:45:00,12,12,20,17,45,910,441,A6,48.507,2.511,Nuit sans éclairage public,Hors agglomération,Hors intersection,Pluie légère,Deux véhicules - arrière,,,,,,,,,,,3,1,1,2.0,2
201200012151,0012-12-25 16:30:00,12,12,25,16,30,770,1,,,,Plein jour,Hors agglomération,Hors intersection,Temps couvert,Deux véhicules - arrière,,,,,,,,,,,1,1,1,8.0,2
201200012152,0012-01-26 11:00:00,12,1,26,11,0,620,323,,,,Plein jour,Hors agglomération,Hors intersection,Temps couvert,Autre collision,,,,,,,,,,,1,1,1,8.0,6
201200012153,0012-05-18 11:30:00,12,5,18,11,30,620,734,,,,Plein jour,Hors agglomération,Hors intersection,Normale,Deux véhicules - arrière,,,,,,,,,,,1,1,1,1.0,2
201200012154,0012-06-15 20:45:00,12,6,15,20,45,620,829,,50.05388,2.87445,Plein jour,Hors agglomération,Hors intersection,Pluie légère,Deux véhicules - frontale,,,,,,,,,,,1,1,1,2.0,1
201200012155,0012-07-07 02:15:00,12,7,7,2,15,620,369,,,,Nuit avec éclairage allumé,Hors agglomération,Hors intersection,Normale,Autre collision,,,,,,,,,,,5,1,1,1.0,6
201200012156,0012-09-02 03:15:00,12,9,2,3,15,620,427,,,,Nuit avec éclairage non allumé,Hors agglomération,Hors intersection,Normale,Trois véhicules et plus - collisions multiples,,,,,,,,,,,4,1,1,1.0,5
201200012157,0012-10-26 19:45:00,12,10,26,19,45,620,873,,,,Crépuscule ou aube,Hors agglomération,Hors intersection,Normale,Deux véhicules - frontale,,,,,,,,,,,2,1,1,1.0,1
201200012158,0012-10-31 00:01:00,12,10,31,0,1,620,259,,50.19735,2.86942,Nuit sans éclairage public,Hors agglomération,Hors intersection,Normale,Deux véhicules - arrière,,,,,,,,,,,3,1,1,1.0,2
201200012159,0012-11-06 05:30:00,12,11,6,5,30,620,323,,50.29014,2.88152,Nuit avec éclairage non allumé,Hors agglomération,Hors intersection,Temps couvert,Trois véhicules et plus - collisions multiples,,,,,,,,,,,4,1,1,8.0,5
201200012160,0012-11-07 20:30:00,12,11,7,20,30,620,80,,,,Nuit sans éclairage public,Hors agglomération,Hors intersection,Normale,Sans collision,,,,,,,,,,,3,1,1,1.0,7
201200012161,0012-12-09 17:30:00,12,12,9,17,30,620,80,,,,Nuit sans éclairage public,Hors agglomération,Hors intersection,Normale,Deux véhicules - arrière,,,,,,,,,,,3,1,1,1.0,2
201200012162,0012-01-01 12:30:00,12,1,1,12,30,800,421,,,,Plein jour,Hors agglomération,Hors intersection,Normale,Autre collision,,,,,,,,,,,1,1,1,1.0,6
201200012163,0012-01-03 12:00:00,12,1,3,12,0,800,521,,,,Plein jour,Hors agglomération,Hors intersection,Pluie légère,Deux véhicules - arrière,,,,,,,,,,,1,1,1,2.0,2
201200012164,0012-01-20 15:45:00,12,1,20,15,45,800,101,,,,Plein jour,Hors agglomération,Hors intersection,Pluie légère,Deux véhicules - côté,,,,,,,,,,,1,1,1,2.0,3
201200012165,0012-01-24 07:00:00,12,1,24,7,0,800,421,,,,Nuit sans éclairage public,Hors agglomération,Hors intersection,Normale,Deux véhicules - arrière,,,,,,,,,,,3,1,1,1.0,2
201200012166,0012-02-17 05:30:00,12,2,17,5,30,800,288,,,,Crépuscule ou aube,Hors agglomération,Hors intersection,Normale,Deux véhicules - arrière,,,,,,,,,,,2,1,1,1.0,2
201200012167,0012-02-18 19:45:00,12,2,18,19,45,800,521,,,,Nuit sans éclairage public,Hors agglomération,Hors intersection,Pluie légère,Sans collision,,,,,,,,,,,3,1,1,2.0,7
201200012168,0012-02-27 14:30:00,12,2,27,14,30,800,383,,,,Plein jour,Hors agglomération,Hors intersection,Temps couvert,Autre collision,,,,,,,,,,,1,1,1,8.0,6
201200012169,0012-03-16 12:45:00,12,3,16,12,45,800,359,,,,Plein jour,Hors agglomération,Hors intersection,Normale,Deux véhicules - arrière,,,,,,,,,,,1,1,1,1.0,2
201200012170,0012-04-09 18:30:00,12,4,9,18,30,800,288,,,,Plein jour,Hors agglomération,Hors intersection,Pluie forte,Autre collision,,,,,,,,,,,1,1,1,3.0,6
201200012171,0012-04-28 05:00:00,12,4,28,5,0,800,685,,,,Nuit sans éclairage public,Hors agglomération,Hors intersection,Normale,Deux véhicules - frontale,,,,,,,,,,,3,1,1,1.0,1
201200012172,0012-06-22 04:45:00,12,6,22,4,45,800,90,,,,Nuit sans éclairage public,Hors agglomération,Hors intersection,Normale,Deux véhicules - frontale,,,,,,,,,,,3,1,1,1.0,1
201200012173,0012-06-22 16:30:00,12,6,22,16,30,800,383,,,,Plein jour,Hors agglomération,Hors intersection,Normale,Deux véhicules - côté,,,,,,,,,,,1,1,1,1.0,3
201200012174,0012-07-30 19:00:00,12,7,30,19,0,800,521,,,,Plein jour,Hors agglomération,Hors intersection,Normale,Deux véhicules - côté,,,,,,,,,,,1,1,1,1.0,3
201200012175,0012-08-05 02:00:00,12,8,5,2,0,800,658,,,,Nuit sans éclairage public,Hors agglomération,Hors intersection,Temps couvert,Autre collision,,,,,,,,,,,3,1,1,8.0,6
201200012176,0012-09-23 01:45:00,12,9,23,1,45,800,2,,,,Nuit sans éclairage public,Hors agglomération,Hors intersection,Normale,Deux véhicules - arrière,,,,,,,,,,,3,1,1,1.0,2
201200012177,0012-09-28 19:15:00,12,9,28,19,15,800,421,,,,Crépuscule ou aube,Hors agglomération,Hors intersection,Normale,Deux véhicules - arrière,,,,,,,,,,,2,1,1,1.0,2
201200012178,0012-10-08 16:15:00,12,10,8,16,15,800,521,,,,Plein jour,Hors agglomération,Hors intersection,Pluie légère,Deux véhicules - côté,,,,,,,,,,,1,1,1,2.0,3
201200012179,0012-11-04 04:00:00,12,11,4,4,0,800,741,,,,Nuit sans éclairage public,Hors agglomération,Hors intersection,Brouillard / fumée,Autre collision,,,,,,,,,,,3,1,1,5.0,6
201200012180,0012-11-13 12:00:00,12,11,13,12,0,800,186,,,,Plein jour,Hors agglomération,Hors intersection,Pluie légère,Sans collision,,,,,,,,,,,1,1,1,2.0,7
201200012181,0012-11-29 02:15:00,12,11,29,2,15,800,359,,,,Nuit sans éclairage public,Hors agglomération,Hors intersection,Normale,Autre collision,,,,,,,,,,,3,1,1,1.0,6
201200012182,0012-02-06 07:15:00,12,2,6,7,15,710,591,,,,Crépuscule ou aube,Hors agglomération,Hors intersection,Normale,Trois véhicules et plus - collisions multiples,,,,,,,,,,,2,1,1,1.0,5
201200012183,0012-09-16 05:45:00,12,9,16,5,45,710,481,,,,Nuit sans éclairage public,Hors agglomération,Hors intersection,Normale,Deux véhicules - arrière,,,,,,,,,,,3,1,1,1.0,2
201200012184,0012-05-18 17:45:00,12,5,18,17,45,710,576,,,,Plein jour,Hors agglomération,Hors intersection,Normale,Deux véhicules - arrière,,,,,,,,,,,1,1,1,1.0,2
201200012185,0012-05-28 15:30:00,12,5,28,15,30,710,270,,,,Plein jour,Hors agglomération,Hors intersection,Normale,Trois véhicules et plus - collisions multiples,,,,,,,,,,,1,1,1,1.0,5
201200012186,0012-06-13 10:15:00,12,6,13,10,15,710,270,,,,Plein jour,Hors agglomération,Hors intersection,Normale,Deux véhicules - frontale,,,,,,,,,,,1,1,1,1.0,1
201200012187,0012-08-16 07:30:00,12,8,16,7,30,710,305,,,,Crépuscule ou aube,Hors agglomération,Hors intersection,Normale,Deux véhicules - arrière,,,,,,,,,,,2,1,1,1.0,2
201200012188,0012-08-16 09:45:00,12,8,16,9,45,710,543,,,,Plein jour,Hors agglomération,Hors intersection,Normale,Deux véhicules - arrière,,,,,,,,,,,1,1,1,1.0,2
201200012189,0012-03-04 13:15:00,12,3,4,13,15,130,76,,43.8303,5.01354,Plein jour,Hors agglomération,Hors intersection,Normale,Deux véhicules - arrière,,,,,,,,,,,1,1,1,1.0,2
201200012190,0012-03-16 02:45:00,12,3,16,2,45,130,103,,,,Nuit sans éclairage public,Hors agglomération,Hors intersection,Normale,Deux véhicules - arrière,,,,,,,,,,,3,1,1,1.0,2
201200012191,0012-03-24 17:30:00,12,3,24,17,30,130,103,,,,Plein jour,Hors agglomération,Hors intersection,Normale,Sans collision,,,,,,,,,,,1,1,1,1.0,7
201200012192,0012-04-28 23:45:00,12,4,28,23,45,130,51,,,,Nuit sans éclairage public,Hors agglomération,Hors intersection,Pluie forte,Trois véhicules et plus - en chaîne,,,,,,,,,,,3,1,1,3.0,4
201200012193,0012-05-04 07:45:00,12,5,4,7,45,130,1,,,,Plein jour,Hors agglomération,Hors intersection,Normale,Deux véhicules - frontale,,,,,,,,,,,1,1,1,1.0,1
201200012194,0012-05-11 15:45:00,12,5,11,15,45,130,67,,,,Plein jour,Hors agglomération,Hors intersection,Normale,Autre collision,,,,,,,,,,,1,1,1,1.0,6
201200012195,0012-05-17 05:45:00,12,5,17,5,45,130,105,,,,Crépuscule ou aube,Hors agglomération,Hors intersection,Normale,Autre collision,,,,,,,,,,,2,1,1,1.0,6
201200012196,0012-05-17 15:00:00,12,5,17,15,0,130,18,,,,Plein jour,Hors agglomération,Hors intersection,Normale,Autre collision,,,,,,,,,,,1,1,1,1.0,6
201200012197,0012-05-19 17:00:00,12,5,19,17,0,130,105,,,,Plein jour,Hors agglomération,Hors intersection,Normale,Deux véhicules - arrière,,,,,,,,,,,1,1,1,1.0,2
201200012198,0012-05-22 15:45:00,12,5,22,15,45,130,1,,,,Plein jour,Hors agglomération,Hors intersection,Pluie légère,Autre collision,,,,,,,,,,,1,1,1,2.0,6
201200012199,0012-06-20 13:30:00,12,6,20,13,30,130,67,*,,,Plein jour,Hors agglomération,Hors intersection,Normale,Autre collision,,,,,,,,,,,1,1,1,1.0,6
201200012200,0012-06-30 09:45:00,12,6,30,9,45,130,37,*$,,,Plein jour,Hors agglomération,Hors intersection,Normale,Trois véhicules et plus - collisions multiples,,,,,,,,,,,1,1,1,1.0,5
201200012201,0012-07-03 15:30:00,12,7,3,15,30,130,49,,43.7182,5.09088,Plein jour,Hors agglomération,Hors intersection,Normale,Deux véhicules - arrière,,,,,,,,,,,1,1,1,1.0,2
201200012202,0012-07-25 15:00:00,12,7,25,15,0,130,69,,43.6086,5.14804,Plein jour,Hors agglomération,Hors intersection,Normale,Autre collision,,,,,,,,,,,1,1,1,1.0,6
201200012203,0012-07-29 06:30:00,12,7,29,6,30,130,49,,,,Crépuscule ou aube,Hors agglomération,Hors intersection,Normale,Deux véhicules - côté,,,,,,,,,,,2,1,1,1.0,3
201200012204,0012-08-01 10:30:00,12,8,1,10,30,130,51,,43.6011,5.155,Plein jour,Hors agglomération,Hors intersection,Normale,Deux véhicules - côté,,,,,,,,,,,1,1,1,1.0,3
201200012205,0012-08-03 18:45:00,12,8,3,18,45,130,51,,43.612,5.14505,Plein jour,Hors agglomération,Hors intersection,Normale,Autre collision,,,,,,,,,,,1,1,1,1.0,6
201200012206,0012-08-24 16:00:00,12,8,24,16,0,130,51,,,,Plein jour,Hors agglomération,Hors intersection,Normale,Deux véhicules - arrière,,,,,,,,,,,1,1,1,1.0,2
201200012207,0012-08-26 10:30:00,12,8,26,10,30,130,51,,43.58249,5.20679,Plein jour,Hors agglomération,Hors intersection,Normale,Trois véhicules et plus - en chaîne,,,,,,,,,,,1,1,1,1.0,4
201200012208,0012-08-31 12:15:00,12,8,31,12,15,130,118,**,,,Plein jour,Hors agglomération,Hors intersection,Normale,Deux véhicules - côté,,,,,,,,,,,1,1,1,1.0,3
201200012209,0012-09-01 19:45:00,12,9,1,19,45,130,67,,,,Plein jour,Hors agglomération,Hors intersection,Normale,Deux véhicules - arrière,,,,,,,,,,,1,1,1,1.0,2
201200012210,0012-09-23 19:45:00,12,9,23,19,45,130,51,,,,Crépuscule ou aube,Hors agglomération,Hors intersection,Normale,Autre collision,,,,,,,,,,,2,1,1,1.0,6
201200012211,0012-09-28 16:30:00,12,9,28,16,30,130,69,,43.61511,5.14163,Plein jour,Hors agglomération,Hors intersection,Normale,Deux véhicules - arrière,,,,,,,,,,,1,1,1,1.0,2
201200012212,0012-10-16 08:15:00,12,10,16,8,15,130,103,,43.6275,5.10704,Plein jour,Hors agglomération,Hors intersection,Normale,Deux véhicules - arrière,,,,,,,,,,,1,1,1,1.0,2
201200012213,0012-10-21 16:00:00,12,10,21,16,0,130,1,,43.5285,5.39856,Plein jour,Hors agglomération,Hors intersection,Pluie forte,Autre collision,,,,,,,,,,,1,1,1,3.0,6
201200012214,0012-12-30 21:45:00,12,12,30,21,45,130,49,,,,Nuit sans éclairage public,Hors agglomération,Hors intersection,Normale,Trois véhicules et plus - collisions multiples,,,,,,,,,,,3,1,1,1.0,5
201200012215,0012-01-07 09:00:00,12,1,7,9,0,300,107,,43.96276,4.63577,Nuit sans éclairage public,Hors agglomération,Hors intersection,Normale,Deux véhicules - arrière,,,,,,,,,,,3,1,1,1.0,2
201200012216,0012-02-02 17:45:00,12,2,2,17,45,300,107,,43.95778,4.62841,Plein jour,Hors agglomération,Hors intersection,Normale,Deux véhicules - arrière,,,,,,,,,,,1,1,1,1.0,2
201200012217,0012-05-09 05:30:00,12,5,9,5,30,840,81,,,,Nuit sans éclairage public,Hors agglomération,Hors intersection,Normale,Autre collision,,,,,,,,,,,3,1,1,1.0,6
201200012218,0012-05-20 06:00:00,12,5,20,6,0,840,87,,,,Crépuscule ou aube,Hors agglomération,Hors intersection,Normale,Autre collision,,,,,,,,,,,2,1,1,1.0,6
201200012219,0012-07-14 17:30:00,12,7,14,17,30,840,7,,,,Plein jour,Hors agglomération,Place,Normale,Deux véhicules - côté,,,,,,,,,,,1,1,7,1.0,3
201200012220,0012-07-25 14:45:00,12,7,25,14,45,840,87,,,,Plein jour,Hors agglomération,Hors intersection,Normale,Deux véhicules - frontale,,,,,,,,,,,1,1,1,1.0,1
201200012221,0012-09-08 07:45:00,12,9,8,7,45,300,221,,44.02373,4.73882,Plein jour,Hors agglomération,Hors intersection,Normale,Sans collision,,,,,,,,,,,1,1,1,1.0,7
201200012222,0012-09-12 05:15:00,12,9,12,5,15,840,91,,,,Nuit sans éclairage public,Hors agglomération,Hors intersection,Normale,Deux véhicules - arrière,,,,,,,,,,,3,1,1,1.0,2
201200012223,0012-09-21 17:30:00,12,9,21,17,30,840,87,,,,Plein jour,Hors agglomération,Autre intersection,Normale,Deux véhicules - frontale,,,,,,,,,,,1,1,9,1.0,1
201200012224,0012-11-03 04:30:00,12,11,3,4,30,840,129,,,,Nuit sans éclairage public,Hors agglomération,Hors intersection,Normale,Trois véhicules et plus - collisions multiples,,,,,,,,,,,3,1,1,1.0,5
201200012225,0012-04-04 07:30:00,12,4,4,7,30,830,54,,,,Plein jour,Hors agglomération,Hors intersection,Pluie légère,Deux véhicules - arrière,,,,,,,,,,,1,1,1,2.0,2
201200012226,0012-05-01 11:00:00,12,5,1,11,0,830,73,,,,Plein jour,Hors agglomération,Hors intersection,Normale,Deux véhicules - frontale,,,,,,,,,,,1,1,1,1.0,1
201200012227,0012-05-16 11:30:00,12,5,16,11,30,830,4,,,,Plein jour,Hors agglomération,Hors intersection,Normale,Deux véhicules - arrière,,,,,,,,,,,1,1,1,1.0,2
201200012228,0012-05-17 20:45:00,12,5,17,20,45,830,99,,,,Nuit avec éclairage allumé,Hors agglomération,Hors intersection,Normale,Deux véhicules - arrière,,,,,,,,,,,5,1,1,1.0,2
201200012229,0012-05-27 04:15:00,12,5,27,4,15,830,54,,,,Nuit sans éclairage public,Hors agglomération,Hors intersection,Normale,Autre collision,,,,,,,,,,,3,1,1,1.0,6
201200012230,0012-06-13 13:45:00,12,6,13,13,45,830,33,,,,Plein jour,Hors agglomération,Hors intersection,Normale,Autre collision,,,,,,,,,,,1,1,1,1.0,6
201200012231,0012-07-11 01:45:00,12,7,11,1,45,830,54,,,,Nuit sans éclairage public,Hors agglomération,Hors intersection,Normale,Deux véhicules - arrière,,,,,,,,,,,3,1,1,1.0,2
201200012232,0012-08-20 08:45:00,12,8,20,8,45,830,31,,,,Plein jour,Hors agglomération,Hors intersection,Normale,Deux véhicules - arrière,,,,,,,,,,,1,1,1,1.0,2
201200012233,0012-09-02 09:30:00,12,9,2,9,30,830,148,,,,Plein jour,Hors agglomération,Hors intersection,Normale,Deux véhicules - côté,,,,,,,,,,,1,1,1,1.0,3
201200012234,0012-09-22 10:30:00,12,9,22,10,30,830,86,,,,Plein jour,Hors agglomération,Hors intersection,Normale,Deux véhicules - frontale,,,,,,,,,,,1,1,1,1.0,1
201200012235,0012-07-14 11:45:00,12,7,14,11,45,250,527,,47.203,5.808,Plein jour,Hors agglomération,Hors intersection,Normale,Deux véhicules - frontale,,,,,,,,,,,1,1,1,1.0,1
201200012236,0012-01-01 10:30:00,12,1,1,10,30,760,391,,49.33921,0.96082,Crépuscule ou aube,Hors agglomération,Hors intersection,Normale,Deux véhicules - côté,,,,,,,,,,,2,1,1,1.0,3
201200012237,0012-01-08 17:00:00,12,1,8,17,0,270,102,,49.3696,0.76871,Plein jour,Hors agglomération,Hors intersection,Normale,Sans collision,,,,,,,,,,,1,1,1,1.0,7
201200012238,0012-02-05 15:45:00,12,2,5,15,45,270,656,,49.3578,0.46351,Plein jour,Hors agglomération,Hors intersection,Normale,Trois véhicules et plus - collisions multiples,,,,,,,,,,,1,1,1,1.0,5
201200012239,0012-02-11 00:30:00,12,2,11,0,30,760,484,,49.33968,1.06894,Nuit sans éclairage public,Hors agglomération,Hors intersection,Neige / grêle,Autre collision,,,,,,,,,,,3,1,1,4.0,6
201200012240,0012-02-26 12:00:00,12,2,26,12,0,270,656,,49.3526,0.44966,Plein jour,Hors agglomération,Hors intersection,Normale,Trois véhicules et plus - collisions multiples,,,,,,,,,,,1,1,1,1.0,5
201200012241,0012-03-28 17:00:00,12,3,28,17,0,760,457,,49.33826,0.97614,Plein jour,Hors agglomération,Hors intersection,Normale,Deux véhicules - côté,,,,,,,,,,,1,1,1,1.0,3