accident_id,datetime,annee,mois,jour,heure,minute,departement,commune_insee,adresse,latitude,longitude,luminosite,agglomeration,intersection,meteo,collision,nb_vehicules,nb_usagers,nb_indemnes,nb_tues,nb_blesses_hosp,nb_blesses_legers,age_cond_1,age_cond_2,veh_type_cond_1,veh_type_cond_2,lum_code,agg_code,int_code,atm_code,col_code
201200012242,0012-04-12 16:00:00,12,4,12,16,0,270,497,,49.3705,0.71216,Plein jour,Hors agglomération,Hors intersection,Normale,Deux véhicules - arrière,,,,,,,,,,,1,1,1,1.0,2
201200012243,0012-05-05 00:15:00,12,5,5,0,15,760,484,,49.34158,1.06579,Nuit avec éclairage allumé,Hors agglomération,Hors intersection,Pluie légère,Deux véhicules - frontale,,,,,,,,,,,5,1,1,2.0,1
201200012244,0012-05-10 12:45:00,12,5,10,12,45,760,484,,49.33928,1.06999,Plein jour,Hors agglomération,Hors intersection,Normale,Trois véhicules et plus - collisions multiples,,,,,,,,,,,1,1,1,1.0,5
201200012245,0012-05-12 06:45:00,12,5,12,6,45,760,319,,49.34072,1.02333,Plein jour,Hors agglomération,Hors intersection,Normale,Deux véhicules - arrière,,,,,,,,,,,1,1,1,1.0,2
201200012246,0012-05-15 15:15:00,12,5,15,15,15,270,388,,49.4559,0.4695,Plein jour,Hors agglomération,Hors intersection,Normale,Deux véhicules - arrière,,,,,,,,,,,1,1,1,1.0,2
201200012247,0012-06-10 18:00:00,12,6,10,18,0,270,65,,49.3294,0.34348,Plein jour,Hors agglomération,Hors intersection,Pluie forte,Deux véhicules - arrière,,,,,,,,,,,1,1,1,3.0,2
201200012248,0012-06-13 15:45:00,12,6,13,15,45,760,705,,49.32501,1.09154,Plein jour,Hors agglomération,Hors intersection,Normale,Deux véhicules - frontale,,,,,,,,,,,1,1,1,1.0,1
201200012249,0012-06-17 06:15:00,12,6,17,6,15,270,91,,49.3637,0.83443,Plein jour,Hors agglomération,Hors intersection,Normale,Autre collision,,,,,,,,,,,1,1,1,1.0,6
201200012250,0012-06-26 20:45:00,12,6,26,20,45,760,484,,49.34436,1.04977,Plein jour,Hors agglomération,Intersection en Y,Normale,Autre collision,,,,,,,,,,,1,1,4,1.0,6
201200012251,0012-07-01 05:45:00,12,7,1,5,45,270,340,,49.3649,0.81791,Plein jour,Hors agglomération,Hors intersection,Normale,Autre collision,,,,,,,,,,,1,1,1,1.0,6
201200012252,0012-09-15 16:00:00,12,9,15,16,0,760,319,,49.33718,0.98436,Plein jour,Hors agglomération,Hors intersection,Normale,Autre collision,,,,,,,,,,,1,1,1,1.0,6
201200012253,0012-09-19 02:00:00,12,9,19,2,0,760,391,,49.33845,0.96793,Nuit sans éclairage public,Hors agglomération,Hors intersection,Normale,Sans collision,,,,,,,,,,,3,1,1,1.0,7
201200012254,0012-10-04 09:30:00,12,10,4,9,30,270,103,,,,Plein jour,Hors agglomération,Hors intersection,Pluie forte,Deux véhicules - côté,,,,,,,,,,,1,1,1,3.0,3
201200012255,0012-10-20 16:30:00,12,10,20,16,30,760,705,,49.32696,1.09484,Plein jour,Hors agglomération,Hors intersection,Pluie légère,Trois véhicules et plus - collisions multiples,,,,,,,,,,,1,1,1,2.0,5
201200012256,0012-12-11 18:30:00,12,12,11,18,30,270,580,,,,Nuit sans éclairage public,Hors agglomération,Hors intersection,Normale,Autre collision,,,,,,,,,,,3,1,1,1.0,6
201200012257,0012-12-23 14:00:00,12,12,23,14,0,270,102,,49.372,0.782,Plein jour,Hors agglomération,Hors intersection,Pluie légère,Sans collision,,,,,,,,,,,1,1,1,2.0,7
201200012258,0012-04-05 07:30:00,12,4,5,7,30,270,553,,49.1475,1.29368,Crépuscule ou aube,Hors agglomération,Hors intersection,Normale,Sans collision,,,,,,,,,,,2,1,1,1.0,7
201200012259,0012-04-06 06:45:00,12,4,6,6,45,270,553,,49.148,1.29252,Plein jour,Hors agglomération,Hors intersection,Normale,Sans collision,,,,,,,,,,,1,1,1,1.0,7
201200012260,0012-04-16 10:45:00,12,4,16,10,45,270,517,,49.1025,1.34891,Plein jour,Hors agglomération,Hors intersection,Normale,Deux véhicules - arrière,,,,,,,,,,,1,1,1,1.0,2
201200012261,0012-05-27 22:00:00,12,5,27,22,0,780,531,A13,,,Nuit sans éclairage public,Hors agglomération,Hors intersection,Normale,Autre collision,,,,,,,,,,,3,1,1,1.0,6
201200012262,0012-05-29 11:45:00,12,5,29,11,45,270,701,,49.2329,1.20386,Plein jour,Hors agglomération,Hors intersection,Normale,Trois véhicules et plus - collisions multiples,,,,,,,,,,,1,1,1,1.0,5
201200012263,0012-08-17 04:30:00,12,8,17,4,30,270,351,,49.259,1.157,Nuit sans éclairage public,Hors agglomération,Hors intersection,Normale,Autre collision,,,,,,,,,,,3,1,1,1.0,6
201200012264,0012-08-18 13:00:00,12,8,18,13,0,270,701,,49.223,1.213,Plein jour,Hors agglomération,Hors intersection,Normale,Deux véhicules - arrière,,,,,,,,,,,1,1,1,1.0,2
201200012265,0012-10-07 23:45:00,12,10,7,23,45,270,701,,49.235,1.203,Nuit sans éclairage public,Hors agglomération,Hors intersection,Normale,Deux véhicules - arrière,,,,,,,,,,,3,1,1,1.0,2
201200012266,0012-10-23 21:00:00,12,10,23,21,0,780,668,A 13,49.025,1.575,Crépuscule ou aube,Hors agglomération,Hors intersection,Normale,Trois véhicules et plus - collisions multiples,,,,,,,,,,,2,1,1,1.0,5
201200012267,0012-12-13 12:45:00,12,12,13,12,45,270,351,,49.246,1.194,Plein jour,Hors agglomération,Hors intersection,Temps couvert,Trois véhicules et plus - collisions multiples,,,,,,,,,,,1,1,1,8.0,5
201200012268,0012-02-24 11:15:00,12,2,24,11,15,600,100,,,,Plein jour,Hors agglomération,Hors intersection,Normale,Trois véhicules et plus - en chaîne,,,,,,,,,,,1,1,1,1.0,4
201200012269,0012-03-30 06:00:00,12,3,30,6,0,600,541,,,,Crépuscule ou aube,Hors agglomération,Hors intersection,Normale,Trois véhicules et plus - collisions multiples,,,,,,,,,,,2,1,1,1.0,5
201200012270,0012-06-22 09:45:00,12,6,22,9,45,600,680,,,,Plein jour,Hors agglomération,Hors intersection,Normale,Autre collision,,,,,,,,,,,1,1,1,1.0,6
201200012271,0012-06-27 09:15:00,12,6,27,9,15,600,424,,,,Plein jour,Hors agglomération,Hors intersection,Normale,Autre collision,,,,,,,,,,,1,1,1,1.0,6
201200012272,0012-07-05 15:45:00,12,7,5,15,45,600,138,,,,Plein jour,Hors agglomération,Hors intersection,Normale,Trois véhicules et plus - collisions multiples,,,,,,,,,,,1,1,1,1.0,5
201200012273,0012-07-20 18:15:00,12,7,20,18,15,600,369,,,,Plein jour,Hors agglomération,Hors intersection,Normale,Deux véhicules - arrière,,,,,,,,,,,1,1,1,1.0,2
201200012274,0012-09-18 19:00:00,12,9,18,19,0,600,138,,,,Plein jour,Hors agglomération,Hors intersection,Normale,Deux véhicules - arrière,,,,,,,,,,,1,1,1,1.0,2
201200012275,0012-11-19 07:00:00,12,11,19,7,0,600,125,,,,Nuit sans éclairage public,Hors agglomération,Hors intersection,Normale,Deux véhicules - arrière,,,,,,,,,,,3,1,1,1.0,2
201200012276,0012-02-23 07:30:00,12,2,23,7,30,210,408,,47.416,5.046,Plein jour,Hors agglomération,Hors intersection,Normale,Deux véhicules - frontale,,,,,,,,,,,1,1,1,1.0,1
201200012277,0012-03-18 18:45:00,12,3,18,18,45,210,494,,47.501,4.734,Plein jour,Hors agglomération,Hors intersection,Temps couvert,Deux véhicules - frontale,,,,,,,,,,,1,1,1,8.0,1
201200012278,0012-03-21 12:00:00,12,3,21,12,0,210,85,,47.45,4.743,Plein jour,Hors agglomération,Hors intersection,Normale,Autre collision,,,,,,,,,,,1,1,1,1.0,6
201200012279,0012-04-24 15:30:00,12,4,24,15,30,210,3,,47.376,5.038,Plein jour,Hors agglomération,Intersection en X,Pluie légère,Deux véhicules - côté,,,,,,,,,,,1,1,2,2.0,3
201200012280,0012-05-13 18:15:00,12,5,13,18,15,210,3,,47.372,5.011,Plein jour,Hors agglomération,Hors intersection,Normale,Deux véhicules - frontale,,,,,,,,,,,1,1,1,1.0,1
201200012281,0012-10-21 17:15:00,12,10,21,17,15,210,408,,47.717,4.317,Plein jour,Hors agglomération,Hors intersection,Normale,Deux véhicules - frontale,,,,,,,,,,,1,1,1,1.0,1
201200012282,0012-11-07 07:45:00,12,11,7,7,45,210,462,,42.401,5.07,Crépuscule ou aube,Hors agglomération,Giratoire,Temps couvert,Autre collision,,,,,,,,,,,2,1,6,8.0,6
201200012283,0012-01-21 06:00:00,12,1,21,6,0,690,19,,,,Nuit sans éclairage public,Hors agglomération,Hors intersection,Normale,Autre collision,,,,,,,,,,,3,1,1,1.0,6
201200012284,0012-02-24 17:15:00,12,2,24,17,15,690,13,,,,Plein jour,Hors agglomération,Hors intersection,Normale,Sans collision,,,,,,,,,,,1,1,1,1.0,7
201200012285,0012-04-07 14:15:00,12,4,7,14,15,690,13,,,,Plein jour,Hors agglomération,Hors intersection,Normale,Sans collision,,,,,,,,,,,1,1,1,1.0,7
201200012286,0012-04-30 06:30:00,12,4,30,6,30,690,19,,,,Crépuscule ou aube,Hors agglomération,Hors intersection,Normale,Autre collision,,,,,,,,,,,2,1,1,1.0,6
201200012287,0012-05-08 16:00:00,12,5,8,16,0,690,242,,,,Plein jour,Hors agglomération,Hors intersection,Normale,Deux véhicules - arrière,,,,,,,,,,,1,1,1,1.0,2
201200012288,0012-06-11 10:30:00,12,6,11,10,30,690,242,,,,Plein jour,Hors agglomération,Hors intersection,Normale,Deux véhicules - arrière,,,,,,,,,,,1,1,1,1.0,2
201200012289,0012-07-09 18:30:00,12,7,9,18,30,690,13,,,,Plein jour,Hors agglomération,Hors intersection,Normale,Autre collision,,,,,,,,,,,1,1,1,1.0,6
201200012290,0012-07-14 07:45:00,12,7,14,7,45,690,242,,,,Plein jour,Hors agglomération,Hors intersection,Normale,Sans collision,,,,,,,,,,,1,1,1,1.0,7
201200012291,0012-07-19 12:30:00,12,7,19,12,30,690,115,,,,Plein jour,Hors agglomération,Hors intersection,Normale,Deux véhicules - arrière,,,,,,,,,,,1,1,1,1.0,2
201200012292,0012-09-11 15:30:00,12,9,11,15,30,690,264,,,,Plein jour,Hors agglomération,Hors intersection,Normale,Trois véhicules et plus - collisions multiples,,,,,,,,,,,1,1,1,1.0,5
201200012293,0012-11-18 01:45:00,12,11,18,1,45,690,13,,,,Nuit sans éclairage public,Hors agglomération,Hors intersection,Normale,Deux véhicules - arrière,,,,,,,,,,,3,1,1,1.0,2
201200012294,0012-12-01 06:00:00,12,12,1,6,0,690,206,,,,Nuit sans éclairage public,Hors agglomération,Hors intersection,Normale,Sans collision,,,,,,,,,,,3,1,1,1.0,7
201200012295,0012-12-15 09:00:00,12,12,15,9,0,690,264,,,,Plein jour,Hors agglomération,Hors intersection,Autre,Autre collision,,,,,,,,,,,1,1,1,9.0,6
201200012296,0012-01-22 06:30:00,12,1,22,6,30,590,10,,50.15244,3.11356,Crépuscule ou aube,Hors agglomération,Hors intersection,Normale,Autre collision,,,,,,,,,,,2,1,1,1.0,6
201200012297,0012-04-28 02:00:00,12,4,28,2,0,590,488,,50.18465,3.1911,Nuit sans éclairage public,Hors agglomération,Hors intersection,Temps couvert,Autre collision,,,,,,,,,,,3,1,1,8.0,6
201200012298,0012-11-02 07:30:00,12,11,2,7,30,800,695,,,,Crépuscule ou aube,Hors agglomération,Hors intersection,Normale,Autre collision,,,,,,,,,,,2,1,1,1.0,6
201200012299,0012-01-18 07:30:00,12,1,18,7,30,380,348,,45.588,5.309,Crépuscule ou aube,Hors agglomération,Hors intersection,Brouillard / fumée,Deux véhicules - côté,,,,,,,,,,,2,1,1,5.0,3
201200012300,0012-04-09 14:45:00,12,4,9,14,45,380,481,,,,Plein jour,Hors agglomération,Hors intersection,Normale,Sans collision,,,,,,,,,,,1,1,1,1.0,7
201200012301,0012-05-10 16:15:00,12,5,10,16,15,380,537,PK 0024+0250,45.636,5.15508,Plein jour,Hors agglomération,Hors intersection,Normale,Sans collision,,,,,,,,,,,1,1,1,1.0,7
201200012302,0012-05-14 17:00:00,12,5,14,17,0,380,449,,45.652,5.125,Plein jour,Hors agglomération,Hors intersection,Normale,Deux véhicules - côté,,,,,,,,,,,1,1,1,1.0,3
201200012303,0012-05-29 20:00:00,12,5,29,20,0,380,357,PK 0056+02300,45.566,5.52921,Plein jour,Hors agglomération,Hors intersection,Normale,Trois véhicules et plus - collisions multiples,,,,,,,,,,,1,1,1,1.0,5
201200012304,0012-05-29 14:15:00,12,5,29,14,15,380,343,,45.578,5.651,Plein jour,Hors agglomération,Hors intersection,Normale,Deux véhicules - arrière,,,,,,,,,,,1,1,1,1.0,2
201200012305,0012-06-01 09:30:00,12,6,1,9,30,380,341,,45.5603,5.41285,Plein jour,Hors agglomération,Hors intersection,Normale,Deux véhicules - frontale,,,,,,,,,,,1,1,1,1.0,1
201200012306,0012-07-24 07:15:00,12,7,24,7,15,380,29,,45.574,5.554,Crépuscule ou aube,Hors agglomération,Hors intersection,Normale,Deux véhicules - côté,,,,,,,,,,,2,1,1,1.0,3
201200012307,0012-07-30 16:45:00,12,7,30,16,45,380,509,,,,Plein jour,Hors agglomération,Hors intersection,Normale,Sans collision,,,,,,,,,,,1,1,1,1.0,7
201200012308,0012-08-12 16:15:00,12,8,12,16,15,380,193,,45.6128,5.21113,Plein jour,Hors agglomération,Hors intersection,Normale,Deux véhicules - arrière,,,,,,,,,,,1,1,1,1.0,2
201200012309,0012-09-25 02:15:00,12,9,25,2,15,380,193,PK 0029+0450,45.6124,5.21454,Nuit avec éclairage allumé,Hors agglomération,Hors intersection,Normale,Autre collision,,,,,,,,,,,5,1,1,1.0,6
201200012310,0012-10-20 05:15:00,12,10,20,5,15,380,537,PK 0023+0800,45.6383,5.15146,Plein jour,Hors agglomération,Hors intersection,Normale,Sans collision,,,,,,,,,,,1,1,1,1.0,7
201200012311,0012-11-02 08:15:00,12,11,2,8,15,380,530,,45.6241,5.1775,Nuit sans éclairage public,Hors agglomération,Hors intersection,Normale,Deux véhicules - arrière,,,,,,,,,,,3,1,1,1.0,2
201200012312,0012-11-05 06:30:00,12,11,5,6,30,380,377,PK 0053+0100,45.5636,5.49017,Nuit sans éclairage public,Hors agglomération,Hors intersection,Brouillard / fumée,Deux véhicules - arrière,,,,,,,,,,,3,1,1,5.0,2
201200012313,0012-12-07 11:00:00,12,12,7,11,0,380,357,PK 0056+0100,45.5658,5.52781,Plein jour,Hors agglomération,Hors intersection,Pluie légère,Sans collision,,,,,,,,,,,1,1,1,2.0,7
201200012314,0012-12-21 11:00:00,12,12,21,11,0,380,53,PK 0035+0500,45.5944,5.28707,Plein jour,Hors agglomération,Hors intersection,Normale,Sans collision,,,,,,,,,,,1,1,1,1.0,7
201200012315,0012-12-29 10:45:00,12,12,29,10,45,380,343,,45.5784,5.61809,Nuit sans éclairage public,Hors agglomération,Hors intersection,Normale,Deux véhicules - arrière,,,,,,,,,,,3,1,1,1.0,2
201200012316,0012-01-18 16:15:00,12,1,18,16,15,680,278,rue de habsheim,47.74379,7.41333,Plein jour,En agglomération,Hors intersection,Normale,Sans collision,,,,,,,,,,,1,2,1,1.0,7
201200012317,0012-02-27 19:45:00,12,2,27,19,45,680,118,RUE MARECHAL FOCH,47.72872,7.4175,Nuit avec éclairage allumé,En agglomération,Hors intersection,Normale,Sans collision,,,,,,,,,,,5,2,1,1.0,7
201200012318,0012-10-20 21:45:00,12,10,20,21,45,680,278,ETANG(RUE DE L),47.73023,7.37738,Nuit sans éclairage public,Hors agglomération,Intersection en T,Normale,Deux véhicules - côté,,,,,,,,,,,3,1,3,1.0,3
201200012319,0012-11-21 05:15:00,12,11,21,5,15,680,278,PETIT LANDAU (RUE DE),47.74733,7.4111,Nuit avec éclairage allumé,En agglomération,Hors intersection,Normale,Autre collision,,,,,,,,,,,5,2,1,1.0,6
201200012320,0012-11-21 15:15:00,12,11,21,15,15,680,278,GENERAL DE GAULLE (RUE D,47.74766,7.4029,Plein jour,En agglomération,Hors intersection,Normale,Autre collision,,,,,,,,,,,1,2,1,1.0,6
201200012321,0012-01-19 18:30:00,12,1,19,18,30,530,247,,,,Nuit sans éclairage public,Hors agglomération,Hors intersection,Pluie légère,Trois véhicules et plus - collisions multiples,,,,,,,,,,,3,1,1,2.0,5
201200012322,0012-08-04 08:45:00,12,8,4,8,45,530,129,,,,Nuit sans éclairage public,Hors agglomération,Hors intersection,Normale,Sans collision,,,,,,,,,,,3,1,1,1.0,7
201200012323,0012-03-24 16:45:00,12,3,24,16,45,950,604,RD 317,49.1072,2.5322,Plein jour,Hors agglomération,Hors intersection,Normale,Autre collision,,,,,,,,,,,1,1,1,1.0,6
201200012324,0012-03-24 22:30:00,12,3,24,22,30,950,580,R Sillons des boulangers,49.0868,2.5729,Nuit avec éclairage allumé,En agglomération,Hors intersection,Normale,Autre collision,,,,,,,,,,,5,2,1,1.0,6
201200012325,0012-06-29 19:30:00,12,6,29,19,30,950,250,AV HENRI BARBUSSE,49.0991,2.5222,Plein jour,En agglomération,Hors intersection,Normale,Deux véhicules - arrière,,,,,,,,,,,1,2,1,1.0,2
201200012326,0012-08-05 01:45:00,12,8,5,1,45,950,371,R ROGER SALENGRO,49.0897,2.5079,Nuit avec éclairage allumé,En agglomération,Hors intersection,Pluie forte,Autre collision,,,,,,,,,,,5,2,1,3.0,6
201200012327,0012-08-12 15:45:00,12,8,12,15,45,950,371,RUELLE MAILLARD,49.0769,2.4917,Plein jour,Hors agglomération,Hors intersection,Normale,Sans collision,,,,,,,,,,,1,1,1,1.0,7
201200012328,0012-08-19 03:30:00,12,8,19,3,30,950,371,R SERGE LAVERDURE,49.0888,2.5009,Nuit avec éclairage allumé,En agglomération,Hors intersection,Normale,Deux véhicules - arrière,,,,,,,,,,,5,2,1,1.0,2
201200012329,0012-09-11 17:45:00,12,9,11,17,45,950,580,R DE PARIS,49.0876,2.5555,Plein jour,Hors agglomération,Hors intersection,Pluie légère,Autre collision,,,,,,,,,,,1,1,1,2.0,6
201200012330,0012-10-31 18:45:00,12,10,31,18,45,950,371,R GABRIEL PERI,49.0784,2.4991,Nuit avec éclairage allumé,En agglomération,Hors intersection,Normale,Deux véhicules - côté,,,,,,,,,,,5,2,1,1.0,3
201200012331,0012-11-09 04:45:00,12,11,9,4,45,950,580,RD 16,49.0881,2.5402,Nuit avec éclairage non allumé,Hors agglomération,Hors intersection,Brouillard / fumée,Autre collision,,,,,,,,,,,4,1,1,5.0,6
201200012332,0012-07-03 16:00:00,12,7,3,16,0,170,299,,,,Plein jour,Hors agglomération,Hors intersection,Normale,Deux véhicules - arrière,,,,,,,,,,,1,1,1,1.0,2
201200012333,0012-07-31 16:00:00,12,7,31,16,0,170,226,,,,Plein jour,Hors agglomération,Hors intersection,Normale,Deux véhicules - arrière,,,,,,,,,,,1,1,1,1.0,2
201200012334,0012-10-28 19:15:00,12,10,28,19,15,170,40,,,,Nuit sans éclairage public,Hors agglomération,Hors intersection,Normale,Deux véhicules - arrière,,,,,,,,,,,3,1,1,1.0,2
201200012335,0012-11-19 18:00:00,12,11,19,18,0,170,299,,,,Nuit avec éclairage allumé,Hors agglomération,Autre intersection,Normale,Deux véhicules - arrière,,,,,,,,,,,5,1,9,1.0,2
201200012336,0012-12-18 07:30:00,12,12,18,7,30,170,440,,,,Crépuscule ou aube,Hors agglomération,Hors intersection,Normale,Deux véhicules - arrière,,,,,,,,,,,2,1,1,1.0,2
201200012337,0012-01-13 18:00:00,12,1,13,18,0,310,22,102 route de fronton,43.6765,1.42405,Nuit avec éclairage allumé,En agglomération,Hors intersection,Temps couvert,Deux véhicules - frontale,,,,,,,,,,,5,2,1,8.0,1
201200012338,0012-02-14 07:30:00,12,2,14,7,30,310,364,intersection CD15-CD20,,,Crépuscule ou aube,En agglomération,Giratoire,Neige / grêle,Deux véhicules - côté,,,,,,,,,,,2,2,6,4.0,3
201200012339,0012-04-29 17:30:00,12,4,29,17,30,310,116,route de pechbonnieu,43.69514,1.43768,Plein jour,En agglomération,Hors intersection,Normale,Autre collision,,,,,,,,,,,1,2,1,1.0,6
201200012340,0012-08-13 23:00:00,12,8,13,23,0,310,410,,,,Nuit avec éclairage allumé,Hors agglomération,Hors intersection,Normale,Trois véhicules et plus - collisions multiples,,,,,,,,,,,5,1,1,1.0,5
201200012341,0012-01-12 20:00:00,12,1,12,20,0,830,23,,,,Nuit sans éclairage public,Hors agglomération,Hors intersection,Normale,Deux véhicules - côté,,,,,,,,,,,3,1,1,1.0,3
201200012342,0012-01-15 06:15:00,12,1,15,6,15,830,116,,,,Crépuscule ou aube,Hors agglomération,Hors intersection,Normale,Autre collision,,,,,,,,,,,2,1,1,1.0,6
201200012343,0012-03-16 11:15:00,12,3,16,11,15,830,140,,,,Plein jour,Hors agglomération,Hors intersection,Normale,Deux véhicules - côté,,,,,,,,,,,1,1,1,1.0,3
201200012344,0012-03-24 15:45:00,12,3,24,15,45,830,116,,,,Plein jour,Hors agglomération,Hors intersection,Normale,Autre collision,,,,,,,,,,,1,1,1,1.0,6
201200012345,0012-04-01 09:45:00,12,4,1,9,45,130,87,,,,Plein jour,Hors agglomération,Hors intersection,Normale,Deux véhicules - frontale,,,,,,,,,,,1,1,1,1.0,1
201200012346,0012-04-17 11:00:00,12,4,17,11,0,830,116,,,,Plein jour,Hors agglomération,Hors intersection,Normale,Autre collision,,,,,,,,,,,1,1,1,1.0,6
201200012347,0012-05-20 20:00:00,12,5,20,20,0,830,140,,,,Nuit sans éclairage public,Hors agglomération,Hors intersection,Pluie forte,Deux véhicules - côté,,,,,,,,,,,3,1,1,3.0,3
201200012348,0012-06-04 17:30:00,12,6,4,17,30,830,140,,,,Plein jour,Hors agglomération,Hors intersection,Normale,Deux véhicules - arrière,,,,,,,,,,,1,1,1,1.0,2
201200012349,0012-07-11 16:00:00,12,7,11,16,0,830,23,,,,Plein jour,Hors agglomération,Hors intersection,Normale,Autre collision,,,,,,,,,,,1,1,1,1.0,6
201200012350,0012-07-11 13:30:00,12,7,11,13,30,830,23,,,,Plein jour,Hors agglomération,Hors intersection,Normale,Deux véhicules - frontale,,,,,,,,,,,1,1,1,1.0,1
201200012351,0012-07-30 00:30:00,12,7,30,0,30,830,116,,,,Nuit sans éclairage public,Hors agglomération,Hors intersection,Normale,Deux véhicules - arrière,,,,,,,,,,,3,1,1,1.0,2
201200012352,0012-08-03 20:15:00,12,8,3,20,15,830,97,,,,Plein jour,Hors agglomération,Hors intersection,Normale,Autre collision,,,,,,,,,,,1,1,1,1.0,6
201200012353,0012-08-06 18:00:00,12,8,6,18,0,830,116,,,,Plein jour,Hors agglomération,Hors intersection,Normale,Deux véhicules - arrière,,,,,,,,,,,1,1,1,1.0,2
201200012354,0012-08-11 19:45:00,12,8,11,19,45,830,96,,,,Plein jour,Hors agglomération,Hors intersection,Normale,Autre collision,,,,,,,,,,,1,1,1,1.0,6
201200012355,0012-08-24 15:45:00,12,8,24,15,45,830,140,,,,Plein jour,Hors agglomération,Hors intersection,Normale,Deux véhicules - frontale,,,,,,,,,,,1,1,1,1.0,1
201200012356,0012-08-30 05:45:00,12,8,30,5,45,830,140,,,,Nuit sans éclairage public,Hors agglomération,Hors intersection,Pluie forte,Autre collision,,,,,,,,,,,3,1,1,3.0,6
201200012357,0012-09-01 10:45:00,12,9,1,10,45,130,40,,43.4801,5.57782,Plein jour,Hors agglomération,Hors intersection,Normale,Trois véhicules et plus - en chaîne,,,,,,,,,,,1,1,1,1.0,4
201200012358,0012-09-05 13:00:00,12,9,5,13,0,830,140,,,,Plein jour,Hors agglomération,Hors intersection,Normale,Deux véhicules - arrière,,,,,,,,,,,1,1,1,1.0,2
201200012359,0012-09-08 05:30:00,12,9,8,5,30,830,140,,,,Nuit sans éclairage public,Hors agglomération,Hors intersection,Normale,Autre collision,,,,,,,,,,,3,1,1,1.0,6
201200012360,0012-09-23 09:30:00,12,9,23,9,30,130,87,,,,Plein jour,Hors agglomération,Hors intersection,Normale,Autre collision,,,,,,,,,,,1,1,1,1.0,6
201200012361,0012-10-14 11:45:00,12,10,14,11,45,830,23,,,,Plein jour,Hors agglomération,Hors intersection,Normale,Deux véhicules - arrière,,,,,,,,,,,1,1,1,1.0,2
201200012362,0012-01-16 17:00:00,12,1,16,17,0,740,197,,,,Plein jour,Hors agglomération,Hors intersection,Normale,Deux véhicules - arrière,,,,,,,,,,,1,1,1,1.0,2
201200012363,0012-01-30 19:45:00,12,1,30,19,45,740,21,,,,Nuit sans éclairage public,Hors agglomération,Hors intersection,Normale,Deux véhicules - arrière,,,,,,,,,,,3,1,1,1.0,2
201200012364,0012-02-06 08:45:00,12,2,6,8,45,740,159,,,,Plein jour,Hors agglomération,Hors intersection,Neige / grêle,Autre collision,,,,,,,,,,,1,1,1,4.0,6
201200012365,0012-02-12 13:45:00,12,2,12,13,45,740,197,,,,Plein jour,Hors agglomération,Hors intersection,Normale,Autre collision,,,,,,,,,,,1,1,1,1.0,6
201200012366,0012-03-11 18:15:00,12,3,11,18,15,740,159,,,,Plein jour,Hors agglomération,Hors intersection,Normale,Sans collision,,,,,,,,,,,1,1,1,1.0,7
201200012367,0012-03-15 14:00:00,12,3,15,14,0,740,262,,,,Plein jour,Hors agglomération,Hors intersection,Normale,Deux véhicules - arrière,,,,,,,,,,,1,1,1,1.0,2
201200012368,0012-03-30 20:15:00,12,3,30,20,15,740,197,,46.157,6.297,Crépuscule ou aube,Hors agglomération,Hors intersection,Normale,Deux véhicules - arrière,,,,,,,,,,,2,1,1,1.0,2
201200012369,0012-06-17 06:45:00,12,6,17,6,45,740,250,,,,Plein jour,Hors agglomération,Hors intersection,Normale,Autre collision,,,,,,,,,,,1,1,1,1.0,6
201200012370,0012-08-18 12:30:00,12,8,18,12,30,740,197,,,,Plein jour,Hors agglomération,Hors intersection,Normale,Deux véhicules - côté,,,,,,,,,,,1,1,1,1.0,3
201200012371,0012-09-10 21:15:00,12,9,10,21,15,740,197,,,,Nuit sans éclairage public,Hors agglomération,Hors intersection,Normale,Deux véhicules - côté,,,,,,,,,,,3,1,1,1.0,3
201200012372,0012-01-28 11:00:00,12,1,28,11,0,300,189,,43.81495,4.36299,Plein jour,Hors agglomération,Hors intersection,Normale,Deux véhicules - arrière,,,,,,,,,,,1,1,1,1.0,2
201200012373,0012-01-30 08:45:00,12,1,30,8,45,300,123,,43.72438,4.16064,Plein jour,Hors agglomération,Hors intersection,Normale,Autre collision,,,,,,,,,,,1,1,1,1.0,6
201200012374,0012-02-26 16:30:00,12,2,26,16,30,300,145,,43.89723,4.51346,Plein jour,Hors agglomération,Hors intersection,Normale,Deux véhicules - arrière,,,,,,,,,,,1,1,1,1.0,2
201200012375,0012-03-05 08:45:00,12,3,5,8,45,340,146,,43.69664,4.09367,Plein jour,Hors agglomération,Hors intersection,Normale,Deux véhicules - côté,,,,,,,,,,,1,1,1,1.0,3
201200012376,0012-03-11 18:00:00,12,3,11,18,0,340,294,,43.70728,4.12215,Plein jour,Hors agglomération,Hors intersection,Normale,Deux véhicules - côté,,,,,,,,,,,1,1,1,1.0,3
201200012377,0012-03-14 13:45:00,12,3,14,13,45,300,123,,43.72438,4.16056,Plein jour,Hors agglomération,Hors intersection,Normale,Autre collision,,,,,,,,,,,1,1,1,1.0,6