accident_id,datetime,annee,mois,jour,heure,minute,departement,commune_insee,adresse,latitude,longitude,luminosite,agglomeration,intersection,meteo,collision,nb_vehicules,nb_usagers,nb_indemnes,nb_tues,nb_blesses_hosp,nb_blesses_legers,age_cond_1,age_cond_2,veh_type_cond_1,veh_type_cond_2,lum_code,agg_code,int_code,atm_code,col_code
201200012378,0012-04-05 15:30:00,12,4,5,15,30,300,189,,43.83988,4.4133,Plein jour,Hors agglomération,Hors intersection,Normale,Trois véhicules et plus - collisions multiples,,,,,,,,,,,1,1,1,1.0,5
201200012379,0012-05-12 14:30:00,12,5,12,14,30,340,22,,43.67202,4.01523,Plein jour,Hors agglomération,Hors intersection,Normale,Trois véhicules et plus - collisions multiples,,,,,,,,,,,1,1,1,1.0,5
201200012380,0012-05-17 05:15:00,12,5,17,5,15,340,240,,43.65154,3.98809,Nuit sans éclairage public,Hors agglomération,Hors intersection,Normale,Autre collision,,,,,,,,,,,3,1,1,1.0,6
201200012381,0012-06-15 19:45:00,12,6,15,19,45,300,123,,43.72324,4.15097,Plein jour,Hors agglomération,Hors intersection,Normale,Deux véhicules - côté,,,,,,,,,,,1,1,1,1.0,3
201200012382,0012-06-16 15:15:00,12,6,16,15,15,340,240,,43.64419,3.97597,Plein jour,Hors agglomération,Hors intersection,Normale,Sans collision,,,,,,,,,,,1,1,1,1.0,7
201200012383,0012-06-19 09:45:00,12,6,19,9,45,300,156,,43.853,4.42293,Nuit sans éclairage public,Hors agglomération,Hors intersection,Normale,Sans collision,,,,,,,,,,,3,1,1,1.0,7
201200012384,0012-06-20 22:15:00,12,6,20,22,15,300,189,,43.80445,4.3271,Nuit sans éclairage public,Hors agglomération,Hors intersection,Normale,Trois véhicules et plus - collisions multiples,,,,,,,,,,,3,1,1,1.0,5
201200012385,0012-07-06 08:30:00,12,7,6,8,30,300,189,,43.80913,4.34158,Plein jour,Hors agglomération,Hors intersection,Normale,Autre collision,,,,,,,,,,,1,1,1,1.0,6
201200012386,0012-07-16 21:45:00,12,7,16,21,45,300,123,,43.72333,4.15125,Nuit sans éclairage public,Hors agglomération,Hors intersection,Normale,Deux véhicules - frontale,,,,,,,,,,,3,1,1,1.0,1
201200012387,0012-07-26 08:45:00,12,7,26,8,45,300,189,,43.80982,4.34428,Plein jour,Hors agglomération,Hors intersection,Normale,Deux véhicules - frontale,,,,,,,,,,,1,1,1,1.0,1
201200012388,0012-08-02 14:45:00,12,8,2,14,45,300,123,,43.72557,4.17687,Plein jour,Hors agglomération,Hors intersection,Normale,Deux véhicules - arrière,,,,,,,,,,,1,1,1,1.0,2
201200012389,0012-09-08 21:15:00,12,9,8,21,15,300,123,,43.7244,4.1806,Nuit sans éclairage public,Hors agglomération,Hors intersection,Normale,Trois véhicules et plus - en chaîne,,,,,,,,,,,3,1,1,1.0,4
201200012390,0012-10-10 23:15:00,12,10,10,23,15,300,189,,43.80292,4.31982,Nuit sans éclairage public,Hors agglomération,Hors intersection,Normale,Deux véhicules - arrière,,,,,,,,,,,3,1,1,1.0,2
201200012391,0012-10-30 16:45:00,12,10,30,16,45,300,123,,43.72686,4.18206,Plein jour,Hors agglomération,Hors intersection,Pluie légère,Deux véhicules - arrière,,,,,,,,,,,1,1,1,2.0,2
201200012392,0012-10-31 08:15:00,12,10,31,8,15,300,123,,43.72438,4.16,Plein jour,Hors agglomération,Hors intersection,Normale,Deux véhicules - frontale,,,,,,,,,,,1,1,1,1.0,1
201200012393,0012-12-08 06:45:00,12,12,8,6,45,300,317,,43.90656,4.55867,Nuit sans éclairage public,Hors agglomération,Hors intersection,Normale,Deux véhicules - arrière,,,,,,,,,,,3,1,1,1.0,2
201200012394,0012-04-05 15:15:00,12,4,5,15,15,110,262,,43.176,3.02,Plein jour,Hors agglomération,Hors intersection,Normale,Deux véhicules - arrière,,,,,,,,,,,1,1,1,1.0,2
201200012395,0012-05-28 00:45:00,12,5,28,0,45,110,188,,,,Nuit sans éclairage public,Hors agglomération,Hors intersection,Normale,Deux véhicules - arrière,,,,,,,,,,,3,1,1,1.0,2
201200012396,0012-06-03 18:15:00,12,6,3,18,15,110,285,,43.111,2.95,Plein jour,Hors agglomération,Hors intersection,Normale,Sans collision,,,,,,,,,,,1,1,1,1.0,7
201200012397,0012-07-31 15:00:00,12,7,31,15,0,110,370,,43.236,3.121,Plein jour,Hors agglomération,Hors intersection,Normale,Trois véhicules et plus - collisions multiples,,,,,,,,,,,1,1,1,1.0,5
201200012398,0012-12-21 20:45:00,12,12,21,20,45,110,262,,43.156,2.984,Nuit sans éclairage public,Hors agglomération,Hors intersection,Pluie légère,Autre collision,,,,,,,,,,,3,1,1,2.0,6
201200012399,0012-01-26 06:45:00,12,1,26,6,45,370,156,,,,Crépuscule ou aube,Hors agglomération,Hors intersection,Normale,Trois véhicules et plus - collisions multiples,,,,,,,,,,,2,1,1,1.0,5
201200012400,0012-05-11 18:45:00,12,5,11,18,45,370,225,,,,Plein jour,Hors agglomération,Hors intersection,Normale,Deux véhicules - frontale,,,,,,,,,,,1,1,1,1.0,1
201200012401,0012-05-23 22:30:00,12,5,23,22,30,370,8,,,,Nuit sans éclairage public,Hors agglomération,Hors intersection,Normale,Autre collision,,,,,,,,,,,3,1,1,1.0,6
201200012402,0012-06-26 18:30:00,12,6,26,18,30,370,110,,,,Plein jour,Hors agglomération,Hors intersection,Normale,Sans collision,,,,,,,,,,,1,1,1,1.0,7
201200012403,0012-07-13 07:30:00,12,7,13,7,30,370,110,,,,Plein jour,Hors agglomération,Hors intersection,Pluie légère,Deux véhicules - côté,,,,,,,,,,,1,1,1,2.0,3
201200012404,0012-08-12 17:45:00,12,8,12,17,45,370,225,,,,Plein jour,Hors agglomération,Hors intersection,Normale,Autre collision,,,,,,,,,,,1,1,1,1.0,6
201200012405,0012-10-01 14:15:00,12,10,1,14,15,370,141,,47.28,1.079,Plein jour,Hors agglomération,Intersection en X,Normale,Deux véhicules - côté,,,,,,,,,,,1,1,2,1.0,3
201200012406,0012-10-22 17:00:00,12,10,22,17,0,370,273,avenue Marie Curie,,,Plein jour,En agglomération,Hors intersection,Normale,Autre collision,,,,,,,,,,,1,2,1,1.0,6
201200012407,0012-12-25 17:00:00,12,12,25,17,0,370,91,,47.371,0.999,Crépuscule ou aube,Hors agglomération,Hors intersection,Pluie légère,Sans collision,,,,,,,,,,,2,1,1,2.0,7
201200012408,0012-02-06 06:30:00,12,2,6,6,30,280,392,,,,Nuit sans éclairage public,Hors agglomération,Hors intersection,Autre,Deux véhicules - frontale,,,,,,,,,,,3,1,1,9.0,1
201200012409,0012-02-20 09:45:00,12,2,20,9,45,280,121,,48.10895,1.84884,Plein jour,Hors agglomération,Hors intersection,Normale,Sans collision,,,,,,,,,,,1,1,1,1.0,7
201200012410,0012-03-01 05:30:00,12,3,1,5,30,280,367,,,,Nuit sans éclairage public,Hors agglomération,Hors intersection,Brouillard / fumée,Deux véhicules - arrière,,,,,,,,,,,3,1,1,5.0,2
201200012411,0012-03-04 16:15:00,12,3,4,16,15,280,367,,,,Plein jour,Hors agglomération,Hors intersection,Pluie légère,Autre collision,,,,,,,,,,,1,1,1,2.0,6
201200012412,0012-04-08 02:15:00,12,4,8,2,15,450,344,,47.79245,1.60604,Nuit sans éclairage public,Hors agglomération,Hors intersection,Normale,Autre collision,,,,,,,,,,,3,1,1,1.0,6
201200012413,0012-04-09 23:00:00,12,4,9,23,0,450,28,,,,Nuit sans éclairage public,Hors agglomération,Hors intersection,Normale,Autre collision,,,,,,,,,,,3,1,1,1.0,6
201200012414,0012-04-14 17:30:00,12,4,14,17,30,450,154,,,,Plein jour,Hors agglomération,Hors intersection,Normale,Deux véhicules - arrière,,,,,,,,,,,1,1,1,1.0,2
201200012415,0012-04-18 17:30:00,12,4,18,17,30,280,367,,,,Plein jour,Hors agglomération,Hors intersection,Temps couvert,Autre collision,,,,,,,,,,,1,1,1,8.0,6
201200012416,0012-04-28 11:15:00,12,4,28,11,15,450,169,ZONE ECHANGE A71//A10,47.90158,1.84719,Plein jour,Hors agglomération,Hors intersection,Temps couvert,Deux véhicules - arrière,,,,,,,,,,,1,1,1,8.0,2
201200012417,0012-05-17 18:00:00,12,5,17,18,0,450,313,,,,Plein jour,Hors agglomération,Hors intersection,Normale,Autre collision,,,,,,,,,,,1,1,1,1.0,6
201200012418,0012-05-18 18:00:00,12,5,18,18,0,450,146,,47.72828,1.88219,Plein jour,Hors agglomération,Hors intersection,Normale,Autre collision,,,,,,,,,,,1,1,1,1.0,6
201200012419,0012-06-04 16:00:00,12,6,4,16,0,450,169,,,,Plein jour,Hors agglomération,Hors intersection,Temps couvert,Deux véhicules - côté,,,,,,,,,,,1,1,1,8.0,3
201200012420,0012-06-05 14:45:00,12,6,5,14,45,280,303,,,,Plein jour,Hors agglomération,Hors intersection,Normale,Autre collision,,,,,,,,,,,1,1,1,1.0,6
201200012421,0012-06-08 20:30:00,12,6,8,20,30,280,2,,,,Plein jour,Hors agglomération,Hors intersection,Normale,Deux véhicules - frontale,,,,,,,,,,,1,1,1,1.0,1
201200012422,0012-07-10 11:30:00,12,7,10,11,30,450,146,,47.71915,1.89245,Plein jour,Hors agglomération,Hors intersection,Normale,Deux véhicules - arrière,,,,,,,,,,,1,1,1,1.0,2
201200012423,0012-07-25 11:45:00,12,7,25,11,45,280,29,,,,Plein jour,Hors agglomération,Hors intersection,Normale,Trois véhicules et plus - collisions multiples,,,,,,,,,,,1,1,1,1.0,5
201200012424,0012-07-28 06:45:00,12,7,28,6,45,280,276,,,,Plein jour,Hors agglomération,Hors intersection,Pluie légère,Autre collision,,,,,,,,,,,1,1,1,2.0,6
201200012425,0012-09-17 11:30:00,12,9,17,11,30,450,169,,,,Plein jour,Hors agglomération,Hors intersection,Normale,Deux véhicules - côté,,,,,,,,,,,1,1,1,1.0,3
201200012426,0012-09-29 18:00:00,12,9,29,18,0,450,169,,,,Plein jour,Hors agglomération,Hors intersection,Normale,Autre collision,,,,,,,,,,,1,1,1,1.0,6
201200012427,0012-10-06 08:30:00,12,10,6,8,30,450,154,,,,Plein jour,Hors agglomération,Hors intersection,Normale,Autre collision,,,,,,,,,,,1,1,1,1.0,6
201200012428,0012-11-10 13:45:00,12,11,10,13,45,450,154,,,,Plein jour,Hors agglomération,Hors intersection,Temps couvert,Deux véhicules - arrière,,,,,,,,,,,1,1,1,8.0,2
201200012429,0012-11-17 16:30:00,12,11,17,16,30,450,298,,,,Plein jour,Hors agglomération,Hors intersection,Normale,Deux véhicules - arrière,,,,,,,,,,,1,1,1,1.0,2
201200012430,0012-11-18 15:00:00,12,11,18,15,0,280,29,,,,Plein jour,Hors agglomération,Hors intersection,Pluie légère,Autre collision,,,,,,,,,,,1,1,1,2.0,6
201200012431,0012-11-28 11:45:00,12,11,28,11,45,450,269,,,,Plein jour,Hors agglomération,Hors intersection,Normale,Deux véhicules - arrière,,,,,,,,,,,1,1,1,1.0,2
201200012432,0012-11-13 17:30:00,12,11,13,17,30,730,296,,45.47581,6.94914,Nuit sans éclairage public,Hors agglomération,Hors intersection,Normale,Sans collision,,,,,,,,,,,3,1,1,1.0,7
201200012433,0012-01-07 09:30:00,12,1,7,9,30,130,114,*,,,Plein jour,Hors agglomération,Hors intersection,Normale,Autre collision,,,,,,,,,,,1,1,1,1.0,6
201200012434,0012-03-16 08:30:00,12,3,16,8,30,130,32,,,,Plein jour,Hors agglomération,Hors intersection,Normale,Sans collision,,,,,,,,,,,1,1,1,1.0,7
201200012435,0012-05-12 19:15:00,12,5,12,19,15,130,114,,,,Plein jour,Hors agglomération,Hors intersection,Normale,Sans collision,,,,,,,,,,,1,1,1,1.0,7
201200012436,0012-05-24 11:45:00,12,5,24,11,45,130,32,,,,Plein jour,Hors agglomération,Hors intersection,Normale,Sans collision,,,,,,,,,,,1,1,1,1.0,7
201200012437,0012-07-06 15:15:00,12,7,6,15,15,130,32,,43.548,5.347,Plein jour,Hors agglomération,Hors intersection,Normale,Sans collision,,,,,,,,,,,1,1,1,1.0,7
201200012438,0012-07-24 18:00:00,12,7,24,18,0,130,32,Avenue Charles De Gaulle,,,Plein jour,En agglomération,Hors intersection,Normale,Sans collision,,,,,,,,,,,1,2,1,1.0,7
201200012439,0012-10-05 17:00:00,12,10,5,17,0,130,32,BOULEVARD L?ONCE ARTAUD,,,Plein jour,En agglomération,Hors intersection,Normale,Autre collision,,,,,,,,,,,1,2,1,1.0,6
201200012440,0012-11-29 07:45:00,12,11,29,7,45,130,114,,43.544,5.268,Crépuscule ou aube,Hors agglomération,Hors intersection,Normale,Deux véhicules - côté,,,,,,,,,,,2,1,1,1.0,3
201200012441,0012-03-01 10:00:00,12,3,1,10,0,310,181,,,,Plein jour,Hors agglomération,Hors intersection,Normale,Deux véhicules - arrière,,,,,,,,,,,1,1,1,1.0,2
201200012442,0012-06-05 21:15:00,12,6,5,21,15,310,334,,43.3877,1.28407,Plein jour,Hors agglomération,Hors intersection,Normale,Deux véhicules - arrière,,,,,,,,,,,1,1,1,1.0,2
201200012443,0012-07-14 04:45:00,12,7,14,4,45,310,107,,,,Nuit sans éclairage public,Hors agglomération,Hors intersection,Normale,Autre collision,,,,,,,,,,,3,1,1,1.0,6
201200012444,0012-01-12 21:15:00,12,1,12,21,15,670,356,,,,Nuit sans éclairage public,Hors agglomération,Hors intersection,Normale,Autre collision,,,,,,,,,,,3,1,1,1.0,6
201200012445,0012-01-16 16:00:00,12,1,16,16,0,670,106,Avenue Jean Moulin,,,Plein jour,En agglomération,Hors intersection,Normale,Deux véhicules - frontale,,,,,,,,,,,1,2,1,1.0,1
201200012446,0012-02-26 14:45:00,12,2,26,14,45,670,106,Quai de la Moder,,,Plein jour,En agglomération,Hors intersection,Normale,Autre collision,,,,,,,,,,,1,2,1,1.0,6
201200012447,0012-04-28 18:00:00,12,4,28,18,0,670,194,,,,Plein jour,Hors agglomération,Hors intersection,Normale,Deux véhicules - côté,,,,,,,,,,,1,1,1,1.0,3
201200012448,0012-04-29 00:45:00,12,4,29,0,45,670,472,Grand'Rue,,,Nuit avec éclairage allumé,En agglomération,Hors intersection,Normale,Sans collision,,,,,,,,,,,5,2,1,1.0,7
201200012449,0012-05-10 11:15:00,12,5,10,11,15,670,356,,,,Plein jour,Hors agglomération,Hors intersection,Normale,Autre collision,,,,,,,,,,,1,1,1,1.0,6
201200012450,0012-07-09 05:15:00,12,7,9,5,15,670,465,,,,Crépuscule ou aube,Hors agglomération,Hors intersection,Normale,Deux véhicules - arrière,,,,,,,,,,,2,1,1,1.0,2
201200012451,0012-08-31 05:15:00,12,8,31,5,15,670,409,,,,Nuit sans éclairage public,Hors agglomération,Hors intersection,Normale,Deux véhicules - arrière,,,,,,,,,,,3,1,1,1.0,2
201200012452,0012-09-17 18:45:00,12,9,17,18,45,670,405,Rue de la gare,,,Plein jour,En agglomération,Hors intersection,Normale,Deux véhicules - côté,,,,,,,,,,,1,2,1,1.0,3
201200012453,0012-10-17 13:45:00,12,10,17,13,45,670,465,24 rue Alberts Fuchs,,,Plein jour,En agglomération,Hors intersection,Normale,Autre collision,,,,,,,,,,,1,2,1,1.0,6
201200012454,0012-10-20 16:30:00,12,10,20,16,30,670,472,,,,Plein jour,En agglomération,Hors intersection,Normale,Deux véhicules - côté,,,,,,,,,,,1,2,1,1.0,3
201200012455,0012-10-31 17:45:00,12,10,31,17,45,670,106,rue du G?n?ral De Gaulle,,,Crépuscule ou aube,En agglomération,Hors intersection,Normale,Autre collision,,,,,,,,,,,2,2,1,1.0,6
201200012456,0012-12-15 17:00:00,12,12,15,17,0,670,106,,,,Nuit avec éclairage allumé,En agglomération,Hors intersection,Pluie légère,Deux véhicules - frontale,,,,,,,,,,,5,2,1,2.0,1
201200012457,0012-01-02 09:30:00,12,1,2,9,30,210,347,,,,Plein jour,Hors agglomération,Hors intersection,Pluie forte,Deux véhicules - frontale,,,,,,,,,,,1,1,1,3.0,1
201200012458,0012-01-18 12:30:00,12,1,18,12,30,210,606,,,,Plein jour,Hors agglomération,Hors intersection,Brouillard / fumée,Deux véhicules - côté,,,,,,,,,,,1,1,1,5.0,3
201200012459,0012-01-31 14:15:00,12,1,31,14,15,210,590,,47.133,4.267,Plein jour,Hors agglomération,Hors intersection,Normale,Autre collision,,,,,,,,,,,1,1,1,1.0,6
201200012460,0012-03-03 08:15:00,12,3,3,8,15,210,54,,47.08,4.395,Plein jour,Hors agglomération,Hors intersection,Brouillard / fumée,Trois véhicules et plus - en chaîne,,,,,,,,,,,1,1,1,5.0,4
201200012461,0012-03-29 10:45:00,12,3,29,10,45,210,54,,47.023,4.445,Plein jour,Hors agglomération,Hors intersection,Normale,Deux véhicules - arrière,,,,,,,,,,,1,1,1,1.0,2
201200012462,0012-04-14 07:00:00,12,4,14,7,0,210,295,,47.378,5.022,Plein jour,Hors agglomération,Hors intersection,Normale,Deux véhicules - arrière,,,,,,,,,,,1,1,1,1.0,2
201200012463,0012-05-05 08:30:00,12,5,5,8,30,210,54,,,,Plein jour,Hors agglomération,Hors intersection,Normale,Deux véhicules - côté,,,,,,,,,,,1,1,1,1.0,3
201200012464,0012-08-28 04:30:00,12,8,28,4,30,210,54,,,,Nuit avec éclairage non allumé,Hors agglomération,Hors intersection,Normale,Sans collision,,,,,,,,,,,4,1,1,1.0,7
201200012465,0012-09-02 17:15:00,12,9,2,17,15,210,581,,,,Plein jour,Hors agglomération,Hors intersection,Normale,Sans collision,,,,,,,,,,,1,1,1,1.0,7
201200012466,0012-09-04 13:30:00,12,9,4,13,30,210,86,,46.633,4.41,Plein jour,Hors agglomération,Hors intersection,Normale,Trois véhicules et plus - en chaîne,,,,,,,,,,,1,1,1,1.0,4
201200012467,0012-09-05 05:30:00,12,9,5,5,30,210,405,,,,Nuit sans éclairage public,Hors agglomération,Hors intersection,Normale,Deux véhicules - côté,,,,,,,,,,,3,1,1,1.0,3
201200012468,0012-11-07 19:15:00,12,11,7,19,15,210,267,,,,Nuit sans éclairage public,Hors agglomération,Hors intersection,Normale,Trois véhicules et plus - en chaîne,,,,,,,,,,,3,1,1,1.0,4
201200012469,0012-05-05 03:15:00,12,5,5,3,15,730,25,,45.5648,5.67735,Nuit sans éclairage public,Hors agglomération,Hors intersection,Pluie forte,Sans collision,,,,,,,,,,,3,1,1,3.0,7
201200012470,0012-08-25 15:30:00,12,8,25,15,30,730,104,,45.56,5.736,Plein jour,Hors agglomération,Hors intersection,Normale,Trois véhicules et plus - en chaîne,,,,,,,,,,,1,1,1,1.0,4
201200012471,0012-08-31 18:30:00,12,8,31,18,30,730,184,,45.582,5.795,Plein jour,Hors agglomération,Hors intersection,Pluie forte,Autre collision,,,,,,,,,,,1,1,1,3.0,6
201200012472,0012-09-06 16:00:00,12,9,6,16,0,730,329,,45.62091,5.89891,Plein jour,Hors agglomération,Hors intersection,Normale,Autre collision,,,,,,,,,,,1,1,1,1.0,6
201200012473,0012-12-15 08:30:00,12,12,15,8,30,730,179,,45.60391,5.88367,Plein jour,Hors agglomération,Hors intersection,Pluie légère,Autre collision,,,,,,,,,,,1,1,1,2.0,6
201200012474,0012-12-16 10:15:00,12,12,16,10,15,730,103,,45.6488,5.9221,Plein jour,Hors agglomération,Hors intersection,Normale,Autre collision,,,,,,,,,,,1,1,1,1.0,6
201200012475,0012-12-31 16:30:00,12,12,31,16,30,730,184,,45.5781,5.79574,Plein jour,Hors agglomération,Hors intersection,Temps couvert,Autre collision,,,,,,,,,,,1,1,1,8.0,6
201200012476,0012-06-11 18:45:00,12,6,11,18,45,740,120,,46.028,6.226,Plein jour,Hors agglomération,Hors intersection,Pluie légère,Sans collision,,,,,,,,,,,1,1,1,2.0,7
201200012477,0012-07-29 17:45:00,12,7,29,17,45,740,62,,,,Plein jour,Hors agglomération,Hors intersection,Normale,Autre collision,,,,,,,,,,,1,1,1,1.0,6
201200012478,0012-09-11 23:45:00,12,9,11,23,45,740,233,,,,Nuit sans éclairage public,Hors agglomération,Hors intersection,Normale,Deux véhicules - frontale,,,,,,,,,,,3,1,1,1.0,1
201200012479,0012-10-11 08:30:00,12,10,11,8,30,740,61,,,,Plein jour,Hors agglomération,Hors intersection,Temps couvert,Trois véhicules et plus - en chaîne,,,,,,,,,,,1,1,1,8.0,4
201200012480,0012-11-11 13:00:00,12,11,11,13,0,740,2,,45.829,6.028,Plein jour,Hors agglomération,Hors intersection,Normale,Autre collision,,,,,,,,,,,1,1,1,1.0,6
201200012481,0012-12-04 14:45:00,12,12,4,14,45,740,9,TUNNEL DU MONT SION,,,Plein jour,Hors agglomération,Hors intersection,Normale,Deux véhicules - arrière,,,,,,,,,,,1,1,1,1.0,2
201200012482,0012-11-05 04:00:00,12,11,5,4,0,380,464,PK 0044+0900,45.5466,5.37422,Nuit sans éclairage public,Hors agglomération,Hors intersection,Pluie légère,Autre collision,,,,,,,,,,,3,1,1,2.0,6
201200012483,0012-08-20 06:45:00,12,8,20,6,45,550,237,,49.11339,5.55657,Crépuscule ou aube,Hors agglomération,Hors intersection,Normale,Autre collision,,,,,,,,,,,2,1,1,1.0,6
201200012484,0012-12-27 20:40:00,12,12,27,20,40,80,105,"38, BETHUNE (BOULEVARD D",,,Nuit avec éclairage allumé,En agglomération,Hors intersection,Normale,Autre collision,,,,,,,,,,,5,2,1,1.0,6
201200012485,0012-02-13 23:20:00,12,2,13,23,20,80,105,"2, DUCALE PLACE",,,Nuit avec éclairage allumé,En agglomération,Hors intersection,Neige / grêle,Sans collision,,,,,,,,,,,5,2,1,4.0,7
201200012486,0012-02-24 18:00:00,12,2,24,18,0,80,105,"51, ROUSSEAU J.J.",,,Crépuscule ou aube,En agglomération,Hors intersection,Normale,Autre collision,,,,,,,,,,,2,2,1,1.0,6
201200012487,0012-03-09 02:00:00,12,3,9,2,0,80,105,"37, SAINT LOUIS",,,Nuit avec éclairage allumé,En agglomération,Intersection en X,Normale,Autre collision,,,,,,,,,,,5,2,2,1.0,6
201200012488,0012-03-09 14:25:00,12,3,9,14,25,80,105,"45, MANCHESTER (AVENUE &",49.7623,4.7008,Plein jour,En agglomération,Hors intersection,Normale,Deux véhicules - côté,,,,,,,,,,,1,2,1,1.0,3
201200012489,0012-03-20 13:05:00,12,3,20,13,5,80,105,BOIS FORTANT (RUE DU,49.74825,4.7714,Plein jour,En agglomération,Intersection en T,Temps éblouissant,Deux véhicules - côté,,,,,,,,,,,1,2,3,7.0,3
201200012490,0012-03-25 15:30:00,12,3,25,15,30,80,105,"66, LOUTIL MONSEIGNEUR",49.7484,4.7298,Plein jour,En agglomération,Hors intersection,Normale,Autre collision,,,,,,,,,,,1,2,1,1.0,6
201200012491,0012-04-09 13:30:00,12,4,9,13,30,80,180,EVIGNY,,,Plein jour,Hors agglomération,Hors intersection,Pluie légère,Sans collision,,,,,,,,,,,1,1,1,2.0,7
201200012492,0012-04-12 08:30:00,12,4,12,8,30,80,105,"42, MANCHESTER (AVENUE &",49.7623,4.7,Plein jour,En agglomération,Hors intersection,Normale,Autre collision,,,,,,,,,,,1,2,1,1.0,6
201200012493,0012-04-21 14:05:00,12,4,21,14,5,80,105,"1, MANCHESTER (AVENUE &",,,Plein jour,En agglomération,Intersection en T,Normale,Deux véhicules - côté,,,,,,,,,,,1,2,3,1.0,3
201200012494,0012-04-20 14:30:00,12,4,20,14,30,80,105,"1, FOREST RUE",,,Plein jour,En agglomération,Intersection en T,Pluie légère,Deux véhicules - côté,,,,,,,,,,,1,2,3,2.0,3
201200012495,0012-04-20 18:15:00,12,4,20,18,15,80,105,"15, FERROUL",49.7473,4.7241,Plein jour,En agglomération,Autre intersection,Pluie légère,Deux véhicules - frontale,,,,,,,,,,,1,2,9,2.0,1
201200012496,0012-04-29 20:00:00,12,4,29,20,0,80,497,"5, BERTHOLETS PROMENADE",,,Plein jour,En agglomération,Hors intersection,Normale,Deux véhicules - frontale,,,,,,,,,,,1,2,1,1.0,1
201200012497,0012-05-31 22:55:00,12,5,31,22,55,80,105,A34,,,Nuit sans éclairage public,Hors agglomération,Hors intersection,Normale,Autre collision,,,,,,,,,,,3,1,1,1.0,6
201200012498,0012-06-15 13:30:00,12,6,15,13,30,80,480,"20, FERRY J.",49.7433,4.7436,Plein jour,En agglomération,Hors intersection,Normale,Autre collision,,,,,,,,,,,1,2,1,1.0,6
201200012499,0012-06-18 15:35:00,12,6,18,15,35,80,105,"20, FORGES SAINT CHARLES",49.7699,4.728,Plein jour,En agglomération,Intersection en T,Normale,Deux véhicules - frontale,,,,,,,,,,,1,2,3,1.0,1
201200012500,0012-06-21 23:20:00,12,6,21,23,20,80,105,"27, RIMBAUD A. QUAI",,,Nuit avec éclairage allumé,En agglomération,Hors intersection,Temps couvert,Autre collision,,,,,,,,,,,5,2,1,8.0,6
201200012501,0012-06-26 17:00:00,12,6,26,17,0,80,105,"20, CHARCOT J. QUAI",49.7755,4.7265,Plein jour,En agglomération,Hors intersection,Normale,Autre collision,,,,,,,,,,,1,2,1,1.0,6
201200012502,0012-07-04 18:40:00,12,7,4,18,40,80,105,"38, SAINT JULIEN AVENUE",,,Plein jour,En agglomération,Hors intersection,Normale,Autre collision,,,,,,,,,,,1,2,1,1.0,6
201200012503,0012-07-08 15:45:00,12,7,8,15,45,80,105,"15, ARCHES (AVENUE)",49.7606,4.719,Plein jour,En agglomération,Intersection en T,Normale,Deux véhicules - côté,,,,,,,,,,,1,2,3,1.0,3
201200012504,0012-07-13 21:10:00,12,7,13,21,10,80,105,"29, CARDOT J.",49.778,4.7174,Nuit avec éclairage allumé,En agglomération,Hors intersection,Pluie forte,Autre collision,,,,,,,,,,,5,2,1,3.0,6
201200012505,0012-07-31 15:25:00,12,7,31,15,25,80,480,"30, TURENNE",,,Plein jour,Hors agglomération,Hors intersection,Normale,Sans collision,,,,,,,,,,,1,1,1,1.0,7
201200012506,0012-08-13 15:20:00,12,8,13,15,20,80,105,"10, BRIAND A. COURS",,,Plein jour,En agglomération,Hors intersection,Normale,Autre collision,,,,,,,,,,,1,2,1,1.0,6
201200012507,0012-08-14 22:15:00,12,8,14,22,15,80,105,"10, DEUX PONTS",49.7747,4.7359,Nuit avec éclairage allumé,En agglomération,Intersection à plus de 4 branches,Normale,Autre collision,,,,,,,,,,,5,2,5,1.0,6
201200012508,0012-08-29 19:30:00,12,8,29,19,30,80,105,"62, CARNOT AVENUE",,,Plein jour,En agglomération,Hors intersection,Normale,Deux véhicules - côté,,,,,,,,,,,1,2,1,1.0,3
201200012509,0012-09-06 10:40:00,12,9,6,10,40,80,105,"12, HOTEL DE VILLE PLACE",49.7608,4.719,Plein jour,En agglomération,Place,Normale,Autre collision,,,,,,,,,,,1,2,7,1.0,6
201200012510,0012-09-07 16:15:00,12,9,7,16,15,80,105,,49.77,4.711,Plein jour,En agglomération,Intersection en X,Normale,Trois véhicules et plus - en chaîne,,,,,,,,,,,1,2,2,1.0,4
201200012511,0012-09-28 07:50:00,12,9,28,7,50,80,105,"15, GAMBETTA BOULEVARD",49.771,4.7176,Plein jour,En agglomération,Hors intersection,Normale,Autre collision,,,,,,,,,,,1,2,1,1.0,6
201200012512,0012-10-13 19:25:00,12,10,13,19,25,80,105,"62, BERTHAUCOURT (RUE DE",49.7602,4.7366,Plein jour,En agglomération,Hors intersection,Normale,Deux véhicules - frontale,,,,,,,,,,,1,2,1,1.0,1