accident_id,datetime,annee,mois,jour,heure,minute,departement,commune_insee,adresse,latitude,longitude,luminosite,agglomeration,intersection,meteo,collision,nb_vehicules,nb_usagers,nb_indemnes,nb_tues,nb_blesses_hosp,nb_blesses_legers,age_cond_1,age_cond_2,veh_type_cond_1,veh_type_cond_2,lum_code,agg_code,int_code,atm_code,col_code
201200012513,0012-10-22 18:00:00,12,10,22,18,0,80,105,"15, RIMBAUD A. QUAI",49.7754,4.7263,Plein jour,En agglomération,Hors intersection,Normale,Autre collision,,,,,,,,,,,1,2,1,1.0,6
201200012514,0012-11-18 18:10:00,12,11,18,18,10,80,105,A34,49.735,4.742,Nuit sans éclairage public,Hors agglomération,Hors intersection,Pluie légère,Deux véhicules - arrière,,,,,,,,,,,3,1,1,2.0,2
201200012515,0012-11-21 06:55:00,12,11,21,6,55,80,105,"12, INDUSTRIE (RUE DE L'",,,Nuit avec éclairage allumé,En agglomération,Hors intersection,Normale,Autre collision,,,,,,,,,,,5,2,1,1.0,6
201200012516,0012-11-24 20:50:00,12,11,24,20,50,80,480,"1, JAURES J. AVENUE",,,Nuit avec éclairage allumé,En agglomération,Intersection en X,Normale,Autre collision,,,,,,,,,,,5,2,2,1.0,6
201200012517,0012-12-02 18:35:00,12,12,2,18,35,80,105,"43, 91EME R.I. (AVENUE E",,,Nuit avec éclairage allumé,En agglomération,Hors intersection,Normale,Sans collision,,,,,,,,,,,5,2,1,1.0,7
201200012518,0012-12-31 22:30:00,12,12,31,22,30,140,185,,,,Nuit sans éclairage public,Hors agglomération,Hors intersection,Pluie forte,Sans collision,,,,,,,,,,,3,1,1,3.0,7
201200012519,0012-03-09 23:46:00,12,3,9,23,46,140,712,A 13,49.1933,-0.18656,Nuit sans éclairage public,Hors agglomération,Hors intersection,Normale,Sans collision,,,,,,,,,,,3,1,1,1.0,7
201200012520,0012-07-23 11:15:00,12,7,23,11,15,140,555,,49.3097,0.30105,Plein jour,Hors agglomération,Hors intersection,Normale,Trois véhicules et plus - collisions multiples,,,,,,,,,,,1,1,1,1.0,5
201200012521,0012-08-18 12:30:00,12,8,18,12,30,140,203,,49.233,-0.05858,Plein jour,Hors agglomération,Hors intersection,Normale,Deux véhicules - arrière,,,,,,,,,,,1,1,1,1.0,2
201200012522,0012-08-31 23:15:00,12,8,31,23,15,140,514,,49.2927,0.20019,Nuit sans éclairage public,Hors agglomération,Hors intersection,Normale,Autre collision,,,,,,,,,,,3,1,1,1.0,6
201200012523,0012-01-06 12:30:00,12,1,6,12,30,130,65,CHEMIN DE TERRE,,,Plein jour,Hors agglomération,Hors intersection,Normale,Autre collision,,,,,,,,,,,1,1,1,1.0,6
201200012524,0012-03-20 16:00:00,12,3,20,16,0,130,11,,,,Plein jour,Hors agglomération,Hors intersection,Normale,Deux véhicules - côté,,,,,,,,,,,1,1,1,1.0,3
201200012525,0012-06-14 18:45:00,12,6,14,18,45,130,11,*,,,Plein jour,Hors agglomération,Hors intersection,Normale,Autre collision,,,,,,,,,,,1,1,1,1.0,6
201200012526,0012-07-07 19:45:00,12,7,7,19,45,130,58,,,,Plein jour,En agglomération,Hors intersection,Normale,Deux véhicules - côté,,,,,,,,,,,1,2,1,1.0,3
201200012527,0012-08-16 18:30:00,12,8,16,18,30,130,58,RUE DE L'ESCAMPADOU,43.721,4.808,Plein jour,En agglomération,Hors intersection,Normale,Deux véhicules - côté,,,,,,,,,,,1,2,1,1.0,3
201200012528,0012-10-12 17:15:00,12,10,12,17,15,130,58,CHEMIN D?PARTEMENTALE 27,,,Crépuscule ou aube,En agglomération,Hors intersection,Normale,Deux véhicules - côté,,,,,,,,,,,2,2,1,1.0,3
201200012529,0012-12-28 21:00:00,12,12,28,21,0,130,68,,,,Nuit sans éclairage public,Hors agglomération,Hors intersection,Normale,Sans collision,,,,,,,,,,,3,1,1,1.0,7
201200012530,0012-12-28 15:00:00,12,12,28,15,0,130,65,,,,Plein jour,Hors agglomération,Hors intersection,Normale,Autre collision,,,,,,,,,,,1,1,1,1.0,6
201200012531,0012-01-12 07:45:00,12,1,12,7,45,280,161,,,,Crépuscule ou aube,Hors agglomération,Hors intersection,Normale,Deux véhicules - frontale,,,,,,,,,,,2,1,1,1.0,1
201200012532,0012-01-22 07:00:00,12,1,22,7,0,280,425,,,,Nuit sans éclairage public,Hors agglomération,Hors intersection,Normale,Autre collision,,,,,,,,,,,3,1,1,1.0,6
201200012533,0012-02-05 20:00:00,12,2,5,20,0,280,398,,,,Nuit sans éclairage public,Hors agglomération,Hors intersection,Neige / grêle,Autre collision,,,,,,,,,,,3,1,1,4.0,6
201200012534,0012-03-19 18:15:00,12,3,19,18,15,280,139,,,,Plein jour,Hors agglomération,Hors intersection,Normale,Autre collision,,,,,,,,,,,1,1,1,1.0,6
201200012535,0012-03-21 15:15:00,12,3,21,15,15,280,73,,48.489,1.654,Plein jour,Hors agglomération,Hors intersection,Normale,Deux véhicules - arrière,,,,,,,,,,,1,1,1,1.0,2
201200012536,0012-03-24 06:30:00,12,3,24,6,30,280,85,,,,Crépuscule ou aube,Hors agglomération,Hors intersection,Normale,Deux véhicules - côté,,,,,,,,,,,2,1,1,1.0,3
201200012537,0012-05-04 16:45:00,12,5,4,16,45,280,110,,,,Plein jour,Hors agglomération,Hors intersection,Normale,Deux véhicules - côté,,,,,,,,,,,1,1,1,1.0,3
201200012538,0012-05-17 06:45:00,12,5,17,6,45,280,85,,48.451,1.533,Plein jour,Hors agglomération,Hors intersection,Normale,Autre collision,,,,,,,,,,,1,1,1,1.0,6
201200012539,0012-06-14 15:00:00,12,6,14,15,0,280,161,,,,Plein jour,Hors agglomération,Hors intersection,Normale,Sans collision,,,,,,,,,,,1,1,1,1.0,7
201200012540,0012-07-01 18:15:00,12,7,1,18,15,280,161,,,,Plein jour,Hors agglomération,Hors intersection,Normale,Sans collision,,,,,,,,,,,1,1,1,1.0,7
201200012541,0012-07-07 04:30:00,12,7,7,4,30,280,42,,,,Nuit sans éclairage public,Hors agglomération,Hors intersection,Normale,Autre collision,,,,,,,,,,,3,1,1,1.0,6
201200012542,0012-09-06 14:30:00,12,9,6,14,30,280,110,,48.419,1.51,Plein jour,Hors agglomération,Hors intersection,Normale,Deux véhicules - côté,,,,,,,,,,,1,1,1,1.0,3
201200012543,0012-10-12 02:45:00,12,10,12,2,45,280,41,,,,Nuit sans éclairage public,Hors agglomération,Hors intersection,Normale,Deux véhicules - arrière,,,,,,,,,,,3,1,1,1.0,2
201200012544,0012-11-05 08:30:00,12,11,5,8,30,280,18,,,,Plein jour,Hors agglomération,Hors intersection,Normale,Autre collision,,,,,,,,,,,1,1,1,1.0,6
201200012545,0012-11-17 07:15:00,12,11,17,7,15,280,409,,,,Plein jour,Hors agglomération,Hors intersection,Normale,Autre collision,,,,,,,,,,,1,1,1,1.0,6
201200012546,0012-11-20 05:15:00,12,11,20,5,15,280,18,,,,Nuit sans éclairage public,Hors agglomération,Hors intersection,Normale,Trois véhicules et plus - collisions multiples,,,,,,,,,,,3,1,1,1.0,5
201200012547,0012-12-13 11:00:00,12,12,13,11,0,280,219,,,,Plein jour,Hors agglomération,Hors intersection,Normale,Autre collision,,,,,,,,,,,1,1,1,1.0,6
201200012548,0012-01-05 14:15:00,12,1,5,14,15,410,32,,47.567,1.31048,Plein jour,Hors agglomération,Hors intersection,Pluie légère,Deux véhicules - frontale,,,,,,,,,,,1,1,1,2.0,1
201200012549,0012-01-15 19:30:00,12,1,15,19,30,410,67,D765  PK 8+450,47.5127,1.45539,Nuit sans éclairage public,En agglomération,Hors intersection,Normale,Autre collision,,,,,,,,,,,3,2,1,1.0,6
201200012550,0012-01-25 18:30:00,12,1,25,18,30,410,204,,47.6136,1.38616,Crépuscule ou aube,Hors agglomération,Intersection en X,Normale,Deux véhicules - côté,,,,,,,,,,,2,1,2,1.0,3
201200012551,0012-03-23 16:15:00,12,3,23,16,15,410,262,,47.5562,1.5172,Plein jour,Hors agglomération,Hors intersection,Normale,Deux véhicules - frontale,,,,,,,,,,,1,1,1,1.0,1
201200012552,0012-03-25 09:30:00,12,3,25,9,30,410,50,LA FOSSE DU TOUR,,,Plein jour,Hors agglomération,Hors intersection,Normale,Sans collision,,,,,,,,,,,1,1,1,1.0,7
201200012553,0012-05-03 09:30:00,12,5,3,9,30,410,32,,47.5486,1.30224,Plein jour,Hors agglomération,Hors intersection,Normale,Autre collision,,,,,,,,,,,1,1,1,1.0,6
201200012554,0012-06-10 13:45:00,12,6,10,13,45,410,295,,,,Plein jour,Hors agglomération,Hors intersection,Pluie légère,Autre collision,,,,,,,,,,,1,1,1,2.0,6
201200012555,0012-07-16 11:00:00,12,7,16,11,0,410,86,RUE DE LA TRAITE DES DIM,,,Plein jour,En agglomération,Hors intersection,Normale,Deux véhicules - frontale,,,,,,,,,,,1,2,1,1.0,1
201200012556,0012-08-22 08:15:00,12,8,22,8,15,410,160,,47.5598,1.5779,Plein jour,Hors agglomération,Hors intersection,Temps éblouissant,Deux véhicules - arrière,,,,,,,,,,,1,1,1,7.0,2
201200012557,0012-03-10 10:00:00,12,3,10,10,0,690,27,48 RUE BOVIER LAPIERRE,,,Plein jour,En agglomération,Autre intersection,Normale,Deux véhicules - frontale,,,,,,,,,,,1,2,9,1.0,1
201200012558,0012-04-01 12:15:00,12,4,1,12,15,690,27,rue g?n?rale de gaulle,,,Plein jour,En agglomération,Hors intersection,Normale,Deux véhicules - frontale,,,,,,,,,,,1,2,1,1.0,1
201200012559,0012-04-17 16:45:00,12,4,17,16,45,690,46,,,,Plein jour,Hors agglomération,Hors intersection,Normale,Deux véhicules - côté,,,,,,,,,,,1,1,1,1.0,3
201200012560,0012-05-13 16:45:00,12,5,13,16,45,690,27,,,,Plein jour,Hors agglomération,Hors intersection,Normale,Autre collision,,,,,,,,,,,1,1,1,1.0,6
201200012561,0012-06-22 17:45:00,12,6,22,17,45,690,43,,,,Plein jour,En agglomération,Hors intersection,Normale,Deux véhicules - côté,,,,,,,,,,,1,2,1,1.0,3
201200012562,0012-01-18 18:30:00,12,1,18,18,30,290,212,,48.40467,-4.61941,Nuit sans éclairage public,Hors agglomération,Hors intersection,Brouillard / fumée,Deux véhicules - frontale,,,,,,,,,,,3,1,1,5.0,1
201200012563,0012-02-04 19:30:00,12,2,4,19,30,290,212,route du Conquet,48.36855,-4.58835,Nuit avec éclairage allumé,En agglomération,Hors intersection,Pluie forte,Deux véhicules - côté,,,,,,,,,,,5,2,1,3.0,3
201200012564,0012-02-23 17:00:00,12,2,23,17,0,290,190,rue du stade,48.34241,-4.72241,Plein jour,En agglomération,Hors intersection,Normale,Autre collision,,,,,,,,,,,1,2,1,1.0,6
201200012565,0012-04-05 07:15:00,12,4,5,7,15,290,69,,48.41995,-4.5589,Plein jour,Hors agglomération,Giratoire,Normale,Deux véhicules - côté,,,,,,,,,,,1,1,6,1.0,3
201200012566,0012-07-18 17:45:00,12,7,18,17,45,290,212,,48.36181,-4.61585,Plein jour,Hors agglomération,Hors intersection,Pluie légère,Deux véhicules - arrière,,,,,,,,,,,1,1,1,2.0,2
201200012567,0012-12-20 18:00:00,12,12,20,18,0,290,212,05 rue de l'arvor,48.38055,-4.62254,Crépuscule ou aube,En agglomération,Hors intersection,Pluie légère,Deux véhicules - côté,,,,,,,,,,,2,2,1,2.0,3
201200012568,0012-12-02 08:30:00,12,12,2,8,30,290,69,,48.41467,-4.54336,Crépuscule ou aube,Hors agglomération,Hors intersection,Pluie légère,Autre collision,,,,,,,,,,,2,1,1,2.0,6
201200012569,0012-01-25 15:45:00,12,1,25,15,45,340,172,,43.59683,3.91117,Plein jour,Hors agglomération,Hors intersection,Normale,Deux véhicules - arrière,,,,,,,,,,,1,1,1,1.0,2
201200012570,0012-04-02 08:15:00,12,4,2,8,15,340,31,,,,Plein jour,Hors agglomération,Hors intersection,Normale,Deux véhicules - arrière,,,,,,,,,,,1,1,1,1.0,2
201200012571,0012-05-04 14:00:00,12,5,4,14,0,340,270,,43.565,3.833,Plein jour,Hors agglomération,Hors intersection,Normale,Deux véhicules - arrière,,,,,,,,,,,1,1,1,1.0,2
201200012572,0012-05-21 00:15:00,12,5,21,0,15,340,166,,43.36,3.339,Nuit sans éclairage public,Hors agglomération,Hors intersection,Temps couvert,Deux véhicules - côté,,,,,,,,,,,3,1,1,8.0,3
201200012573,0012-05-28 16:45:00,12,5,28,16,45,340,129,,,,Plein jour,Hors agglomération,Hors intersection,Normale,Trois véhicules et plus - en chaîne,,,,,,,,,,,1,1,1,1.0,4
201200012574,0012-06-13 19:45:00,12,6,13,19,45,340,101,,43.39,3.455,Plein jour,Hors agglomération,Hors intersection,Normale,Autre collision,,,,,,,,,,,1,1,1,1.0,6
201200012575,0012-07-08 01:00:00,12,7,8,1,0,340,143,,43.465,3.625,Nuit sans éclairage public,Hors agglomération,Hors intersection,Normale,Autre collision,,,,,,,,,,,3,1,1,1.0,6
201200012576,0012-07-08 17:00:00,12,7,8,17,0,340,172,,43.599,3.908,Plein jour,Hors agglomération,Hors intersection,Normale,Trois véhicules et plus - collisions multiples,,,,,,,,,,,1,1,1,1.0,5
201200012577,0012-07-13 22:00:00,12,7,13,22,0,340,95,,43.531,3.766,Nuit sans éclairage public,Hors agglomération,Hors intersection,Normale,Autre collision,,,,,,,,,,,3,1,1,1.0,6
201200012578,0012-08-03 23:30:00,12,8,3,23,30,340,270,,43.569,3.842,Nuit sans éclairage public,Hors agglomération,Hors intersection,Normale,Deux véhicules - arrière,,,,,,,,,,,3,1,1,1.0,2
201200012579,0012-08-04 07:15:00,12,8,4,7,15,340,336,,43.336,3.282,Plein jour,Hors agglomération,Hors intersection,Normale,Deux véhicules - côté,,,,,,,,,,,1,1,1,1.0,3
201200012580,0012-08-09 15:30:00,12,8,9,15,30,340,270,,43.565,3.833,Plein jour,Hors agglomération,Hors intersection,Normale,Trois véhicules et plus - collisions multiples,,,,,,,,,,,1,1,1,1.0,5
201200012581,0012-08-17 16:00:00,12,8,17,16,0,340,213,,43.489,3.697,Plein jour,Hors agglomération,Hors intersection,Normale,Trois véhicules et plus - collisions multiples,,,,,,,,,,,1,1,1,1.0,5
201200012582,0012-08-25 04:00:00,12,8,25,4,0,340,270,,43.565,3.832,Nuit avec éclairage allumé,Hors agglomération,Autre intersection,Normale,Trois véhicules et plus - en chaîne,,,,,,,,,,,5,1,9,1.0,4
201200012583,0012-08-28 18:15:00,12,8,28,18,15,340,157,,43.448,3.575,Plein jour,Hors agglomération,Hors intersection,Normale,Autre collision,,,,,,,,,,,1,1,1,1.0,6
201200012584,0012-09-07 18:00:00,12,9,7,18,0,340,270,,,,Plein jour,Hors agglomération,Hors intersection,Normale,Trois véhicules et plus - en chaîne,,,,,,,,,,,1,1,1,1.0,4
201200012585,0012-10-19 10:15:00,12,10,19,10,15,340,270,,,,Plein jour,Hors agglomération,Hors intersection,Normale,Deux véhicules - arrière,,,,,,,,,,,1,1,1,1.0,2
201200012586,0012-11-08 07:00:00,12,11,8,7,0,340,129,,43.641,3.972,Plein jour,Hors agglomération,Hors intersection,Normale,Autre collision,,,,,,,,,,,1,1,1,1.0,6
201200012587,0012-11-15 19:00:00,12,11,15,19,0,340,336,,43.341,3.289,Nuit avec éclairage allumé,Hors agglomération,Autre intersection,Normale,Deux véhicules - frontale,,,,,,,,,,,5,1,9,1.0,1
201200012588,0012-11-23 22:45:00,12,11,23,22,45,340,129,,43.579,3.878,Nuit sans éclairage public,Hors agglomération,Hors intersection,Normale,Trois véhicules et plus - en chaîne,,,,,,,,,,,3,1,1,1.0,4
201200012589,0012-12-13 17:45:00,12,12,13,17,45,340,113,,43.494,3.713,Nuit sans éclairage public,Hors agglomération,Hors intersection,Pluie légère,Deux véhicules - côté,,,,,,,,,,,3,1,1,2.0,3
201200012590,0012-12-16 19:15:00,12,12,16,19,15,340,166,,43.36184,3.35196,Nuit sans éclairage public,Hors agglomération,Hors intersection,Normale,Trois véhicules et plus - en chaîne,,,,,,,,,,,3,1,1,1.0,4
201200012591,0012-12-17 17:00:00,12,12,17,17,0,340,129,,43.58,3.876,Crépuscule ou aube,Hors agglomération,Autre intersection,Normale,Sans collision,,,,,,,,,,,2,1,9,1.0,7
201200012592,0012-01-02 10:00:00,12,1,2,10,0,330,452,,44.664,-0.449,Plein jour,Hors agglomération,Autre intersection,Normale,Deux véhicules - frontale,,,,,,,,,,,1,1,9,1.0,1
201200012593,0012-07-11 11:00:00,12,7,11,11,0,330,508,,,,Plein jour,Hors agglomération,Hors intersection,Normale,Trois véhicules et plus - collisions multiples,,,,,,,,,,,1,1,1,1.0,5
201200012594,0012-07-21 02:00:00,12,7,21,2,0,330,508,,,,Nuit sans éclairage public,Hors agglomération,Hors intersection,Normale,Autre collision,,,,,,,,,,,3,1,1,1.0,6
201200012595,0012-07-21 05:45:00,12,7,21,5,45,330,205,,,,Nuit sans éclairage public,Hors agglomération,Hors intersection,Normale,Sans collision,,,,,,,,,,,3,1,1,1.0,7
201200012596,0012-08-05 11:45:00,12,8,5,11,45,330,227,,,,Plein jour,Hors agglomération,Hors intersection,Pluie légère,Sans collision,,,,,,,,,,,1,1,1,2.0,7
201200012597,0012-10-01 21:00:00,12,10,1,21,0,330,552,,,,Nuit sans éclairage public,Hors agglomération,Hors intersection,Normale,Autre collision,,,,,,,,,,,3,1,1,1.0,6
201200012598,0012-10-10 06:00:00,12,10,10,6,0,330,533,,,,Nuit sans éclairage public,Hors agglomération,Hors intersection,Brouillard / fumée,Deux véhicules - arrière,,,,,,,,,,,3,1,1,5.0,2
201200012599,0012-11-03 12:30:00,12,11,3,12,30,330,205,,,,Plein jour,Hors agglomération,Hors intersection,Normale,Deux véhicules - côté,,,,,,,,,,,1,1,1,1.0,3
201200012600,0012-03-07 12:45:00,12,3,7,12,45,310,506,6 rue du sicard,43.55884,1.52782,Plein jour,En agglomération,Hors intersection,Normale,Sans collision,,,,,,,,,,,1,2,1,1.0,7
201200012601,0012-03-16 10:00:00,12,3,16,10,0,310,446,,43.53811,1.48157,Plein jour,En agglomération,Giratoire,Normale,Deux véhicules - côté,,,,,,,,,,,1,2,6,1.0,3
201200012602,0012-03-31 22:45:00,12,3,31,22,45,310,446,Boulevard F.Mitterrand,43.54362,1.48113,Nuit avec éclairage allumé,En agglomération,Hors intersection,Normale,Sans collision,,,,,,,,,,,5,2,1,1.0,7
201200012603,0012-09-08 18:30:00,12,9,8,18,30,310,446,Rue louis braille,43.53529,1.4775,Plein jour,En agglomération,Hors intersection,Normale,Sans collision,,,,,,,,,,,1,2,1,1.0,7
201200012604,0012-09-22 21:30:00,12,9,22,21,30,310,254,2452 LA LAURAGAISE,43.54434,1.51866,Nuit avec éclairage allumé,En agglomération,Hors intersection,Normale,Autre collision,,,,,,,,,,,5,2,1,1.0,6
201200012605,0012-10-25 13:30:00,12,10,25,13,30,310,506,26 avenue de gameville,,,Plein jour,En agglomération,Hors intersection,Normale,Autre collision,,,,,,,,,,,1,2,1,1.0,6
201200012606,0012-10-26 20:15:00,12,10,26,20,15,310,254,LA TOLOSANE,43.54645,1.51064,Nuit avec éclairage allumé,En agglomération,Hors intersection,Pluie légère,Autre collision,,,,,,,,,,,5,2,1,2.0,6
201200012607,0012-11-08 11:45:00,12,11,8,11,45,310,446,VOIE DE BUS TCSP,43.5527,1.47793,Plein jour,En agglomération,Hors intersection,Normale,Autre collision,,,,,,,,,,,1,2,1,1.0,6
201200012608,0012-11-09 20:30:00,12,11,9,20,30,310,506,"46, rue des améthystes",43.55684,1.51916,Nuit avec éclairage allumé,En agglomération,Hors intersection,Normale,Deux véhicules - frontale,,,,,,,,,,,5,2,1,1.0,1
201200012609,0012-11-22 07:15:00,12,11,22,7,15,310,446,,,,Nuit sans éclairage public,Hors agglomération,Hors intersection,Normale,Autre collision,,,,,,,,,,,3,1,1,1.0,6
201200012610,0012-12-22 09:00:00,12,12,22,9,0,310,36,ldt le broc/ch du cugnol,43.53203,1.57393,Plein jour,Hors agglomération,Intersection en X,Normale,Autre collision,,,,,,,,,,,1,1,2,1.0,6
201200012611,0012-03-28 07:00:00,12,3,28,7,0,630,21,,,,Crépuscule ou aube,Hors agglomération,Hors intersection,Normale,Autre collision,,,,,,,,,,,2,1,1,1.0,6
201200012612,0012-04-21 20:15:00,12,4,21,20,15,630,113,,,,Crépuscule ou aube,Hors agglomération,Hors intersection,Temps couvert,Deux véhicules - côté,,,,,,,,,,,2,1,1,8.0,3
201200012613,0012-05-06 17:00:00,12,5,6,17,0,630,413,,,,Plein jour,Hors agglomération,Hors intersection,Normale,Deux véhicules - arrière,,,,,,,,,,,1,1,1,1.0,2
201200012614,0012-06-27 07:45:00,12,6,27,7,45,630,126,,,,Plein jour,Hors agglomération,Hors intersection,Normale,Deux véhicules - arrière,,,,,,,,,,,1,1,1,1.0,2
201200012615,0012-07-08 04:00:00,12,7,8,4,0,630,113,,,,Nuit sans éclairage public,Hors agglomération,Hors intersection,Pluie forte,Sans collision,,,,,,,,,,,3,1,1,3.0,7
201200012616,0012-07-31 11:00:00,12,7,31,11,0,630,302,,,,Plein jour,Hors agglomération,Hors intersection,Normale,Deux véhicules - côté,,,,,,,,,,,1,1,1,1.0,3
201200012617,0012-08-17 19:15:00,12,8,17,19,15,630,21,,,,Plein jour,Hors agglomération,Hors intersection,Normale,Deux véhicules - arrière,,,,,,,,,,,1,1,1,1.0,2
201200012618,0012-09-14 11:30:00,12,9,14,11,30,630,413,,,,Plein jour,Hors agglomération,Hors intersection,Normale,Autre collision,,,,,,,,,,,1,1,1,1.0,6
201200012619,0012-11-11 18:15:00,12,11,11,18,15,630,193,,,,Nuit sans éclairage public,Hors agglomération,Autre intersection,Normale,Deux véhicules - arrière,,,,,,,,,,,3,1,9,1.0,2
201200012620,0012-03-04 12:00:00,12,3,4,12,0,640,147,,,,Plein jour,Hors agglomération,Hors intersection,Pluie légère,Sans collision,,,,,,,,,,,1,1,1,2.0,7
201200012621,0012-06-13 20:15:00,12,6,13,20,15,640,147,,,,Plein jour,Hors agglomération,Hors intersection,Normale,Autre collision,,,,,,,,,,,1,1,1,1.0,6
201200012622,0012-07-25 11:45:00,12,7,25,11,45,640,496,,,,Plein jour,Hors agglomération,Hors intersection,Normale,Sans collision,,,,,,,,,,,1,1,1,1.0,7
201200012623,0012-09-27 16:45:00,12,9,27,16,45,640,483,,,,Plein jour,Hors agglomération,Hors intersection,Normale,Trois véhicules et plus - en chaîne,,,,,,,,,,,1,1,1,1.0,4
201200012624,0012-02-25 05:30:00,12,2,25,5,30,80,43,"41, DE GAULLE (AVENUE CH",,,Nuit avec éclairage allumé,En agglomération,Hors intersection,Pluie légère,Sans collision,,,,,,,,,,,5,2,1,2.0,7
201200012625,0012-04-07 15:40:00,12,4,7,15,40,80,409,"2, BONJEAN (RUE)",,,Plein jour,En agglomération,Intersection en X,Normale,Deux véhicules - côté,,,,,,,,,,,1,2,2,1.0,3
201200012626,0012-04-13 14:26:00,12,4,13,14,26,80,409,", THIERS (RUE)",,,Plein jour,En agglomération,Intersection en X,Normale,Deux véhicules - arrière,,,,,,,,,,,1,2,2,1.0,2
201200012627,0012-09-29 22:00:00,12,9,29,22,0,80,43,"61, DE GAULLE (AVENUE CH",,,Nuit avec éclairage allumé,En agglomération,Hors intersection,Normale,Autre collision,,,,,,,,,,,5,2,1,1.0,6
201200012628,0012-12-27 09:55:00,12,12,27,9,55,80,409,TERNAUX (RUE),,,Plein jour,En agglomération,Intersection en X,Pluie légère,Deux véhicules - côté,,,,,,,,,,,1,2,2,2.0,3
201200012629,0012-03-03 21:00:00,12,3,3,21,0,510,172,TUR,,,Nuit avec éclairage non allumé,Hors agglomération,Hors intersection,Normale,Autre collision,,,,,,,,,,,4,1,1,1.0,6
201200012630,0012-03-03 11:00:00,12,3,3,11,0,510,573,A4,,,Plein jour,Hors agglomération,Hors intersection,Normale,Deux véhicules - arrière,,,,,,,,,,,1,1,1,1.0,2
201200012631,0012-06-24 10:45:00,12,6,24,10,45,510,599,A4,,,Plein jour,Hors agglomération,Hors intersection,Normale,Deux véhicules - arrière,,,,,,,,,,,1,1,1,1.0,2
201200012632,0012-07-09 16:00:00,12,7,9,16,0,510,102,A26,,,Plein jour,Hors agglomération,Hors intersection,Normale,Trois véhicules et plus - en chaîne,,,,,,,,,,,1,1,1,1.0,4
201200012633,0012-10-22 21:45:00,12,10,22,21,45,510,58,A4 CONTOUR SUD REIMS,,,Nuit sans éclairage public,Hors agglomération,Hors intersection,Normale,Deux véhicules - arrière,,,,,,,,,,,3,1,1,1.0,2
201200012634,0012-04-13 17:30:00,12,4,13,17,30,910,105,ROUTE DE DOURDAN,,,Plein jour,En agglomération,Hors intersection,Normale,Autre collision,,,,,,,,,,,1,2,1,1.0,6
201200012635,0012-10-24 15:45:00,12,10,24,15,45,910,105,RD POINT BUISSON RONDEAU,,,Plein jour,En agglomération,Giratoire,Normale,Deux véhicules - côté,,,,,,,,,,,1,2,6,1.0,3
201200012636,0012-11-17 19:30:00,12,11,17,19,30,910,581,Route de boissy,,,Nuit avec éclairage allumé,En agglomération,Hors intersection,Normale,Deux véhicules - côté,,,,,,,,,,,5,2,1,1.0,3
201200012637,0012-03-31 16:45:00,12,3,31,16,45,380,433,,,,Plein jour,Hors agglomération,Hors intersection,Normale,Deux véhicules - frontale,,,,,,,,,,,1,1,1,1.0,1
201200012638,0012-05-04 10:00:00,12,5,4,10,0,380,485,boulevard de l'Europe,,,Plein jour,En agglomération,Hors intersection,Normale,Autre collision,,,,,,,,,,,1,2,1,1.0,6
201200012639,0012-05-12 16:45:00,12,5,12,16,45,380,485,avenue de grenoble,,,Plein jour,En agglomération,Hors intersection,Normale,Deux véhicules - frontale,,,,,,,,,,,1,2,1,1.0,1
201200012640,0012-06-05 06:30:00,12,6,5,6,30,380,485,avenue du Vercors,,,Crépuscule ou aube,En agglomération,Hors intersection,Temps éblouissant,Deux véhicules - frontale,,,,,,,,,,,2,2,1,7.0,1
201200012641,0012-06-08 16:30:00,12,6,8,16,30,380,486,rue docteur schweitzer,,,Plein jour,En agglomération,Autre intersection,Normale,Autre collision,,,,,,,,,,,1,2,9,1.0,6
201200012642,0012-06-17 19:00:00,12,6,17,19,0,380,486,av du G?n?ral de Gaulle,,,Plein jour,En agglomération,Hors intersection,Normale,Deux véhicules - frontale,,,,,,,,,,,1,2,1,1.0,1
201200012643,0012-07-24 18:00:00,12,7,24,18,0,380,485,99-101 RUE DU PROGR?S,45.173,5.667,Plein jour,En agglomération,Intersection en X,Normale,Deux véhicules - frontale,,,,,,,,,,,1,2,2,1.0,1
201200012644,0012-10-20 16:30:00,12,10,20,16,30,380,485,ROUTE DE SAINT NIZIER,45.168,5.66799,Plein jour,En agglomération,Hors intersection,Normale,Deux véhicules - frontale,,,,,,,,,,,1,2,1,1.0,1
201200012645,0012-11-26 18:00:00,12,11,26,18,0,380,485,BD DES FR?RES DESAIRE,,,Nuit avec éclairage allumé,En agglomération,Hors intersection,Pluie forte,Deux véhicules - côté,,,,,,,,,,,5,2,1,3.0,3
201200012646,0012-06-10 10:15:00,12,6,10,10,15,380,527,,45.209,6.096,Plein jour,Hors agglomération,Hors intersection,Normale,Deux véhicules - côté,,,,,,,,,,,1,1,1,1.0,3