accident_id,datetime,annee,mois,jour,heure,minute,departement,commune_insee,adresse,latitude,longitude,luminosite,agglomeration,intersection,meteo,collision,nb_vehicules,nb_usagers,nb_indemnes,nb_tues,nb_blesses_hosp,nb_blesses_legers,age_cond_1,age_cond_2,veh_type_cond_1,veh_type_cond_2,lum_code,agg_code,int_code,atm_code,col_code
201200012647,0012-06-15 13:00:00,12,6,15,13,0,380,173,,45.045,6.125,Plein jour,Hors agglomération,Hors intersection,Normale,Trois véhicules et plus - collisions multiples,,,,,,,,,,,1,1,1,1.0,5
201200012648,0012-07-07 05:45:00,12,7,7,5,45,510,97,A4,,,Nuit sans éclairage public,Hors agglomération,Hors intersection,Normale,Autre collision,,,,,,,,,,,3,1,1,1.0,6
201200012649,0012-10-01 17:30:00,12,10,1,17,30,510,588,A4,,,Plein jour,Hors agglomération,Hors intersection,Normale,Autre collision,,,,,,,,,,,1,1,1,1.0,6
201200012650,0012-02-04 07:45:00,12,2,4,7,45,570,208,,,,Plein jour,Hors agglomération,Hors intersection,Normale,Deux véhicules - arrière,,,,,,,,,,,1,1,1,1.0,2
201200012651,0012-06-24 09:15:00,12,6,24,9,15,570,556,,,,Plein jour,Hors agglomération,Hors intersection,Normale,Autre collision,,,,,,,,,,,1,1,1,1.0,6
201200012652,0012-07-31 14:15:00,12,7,31,14,15,570,413,,49.14,6.61,Plein jour,Hors agglomération,Hors intersection,Normale,Sans collision,,,,,,,,,,,1,1,1,1.0,7
201200012653,0012-08-14 16:15:00,12,8,14,16,15,570,413,,,,Plein jour,Hors agglomération,Hors intersection,Normale,Autre collision,,,,,,,,,,,1,1,1,1.0,6
201200012654,0012-08-29 12:30:00,12,8,29,12,30,570,289,,,,Plein jour,Hors agglomération,Hors intersection,Normale,Sans collision,,,,,,,,,,,1,1,1,1.0,7
201200012655,0012-09-12 20:45:00,12,9,12,20,45,570,155,,,,Crépuscule ou aube,Hors agglomération,Hors intersection,Normale,Trois véhicules et plus - collisions multiples,,,,,,,,,,,2,1,1,1.0,5
201200012656,0012-10-18 22:15:00,12,10,18,22,15,570,289,,,,Plein jour,Hors agglomération,Hors intersection,Normale,Autre collision,,,,,,,,,,,1,1,1,1.0,6
201200012657,0012-11-13 12:30:00,12,11,13,12,30,570,249,,,,Plein jour,Hors agglomération,Hors intersection,Normale,Deux véhicules - côté,,,,,,,,,,,1,1,1,1.0,3
201200012658,0012-11-22 08:30:00,12,11,22,8,30,570,249,,,,Plein jour,Hors agglomération,Hors intersection,Brouillard / fumée,Trois véhicules et plus - collisions multiples,,,,,,,,,,,1,1,1,5.0,5
201200012659,0012-11-17 01:15:00,12,11,17,1,15,570,606,,,,Nuit sans éclairage public,Hors agglomération,Autre intersection,Brouillard / fumée,Autre collision,,,,,,,,,,,3,1,9,5.0,6
201200012660,0012-12-26 21:00:00,12,12,26,21,0,570,694,,,,Nuit sans éclairage public,Hors agglomération,Hors intersection,Pluie légère,Trois véhicules et plus - collisions multiples,,,,,,,,,,,3,1,1,2.0,5
201200012661,0012-01-25 17:00:00,12,1,25,17,0,860,146,,,,Plein jour,Hors agglomération,Hors intersection,Normale,Autre collision,,,,,,,,,,,1,1,1,1.0,6
201200012662,0012-03-31 09:15:00,12,3,31,9,15,860,66,,46.848,0.527,Plein jour,Hors agglomération,Hors intersection,Normale,Autre collision,,,,,,,,,,,1,1,1,1.0,6
201200012663,0012-04-15 09:45:00,12,4,15,9,45,860,62,,46.645,0.356,Plein jour,Hors agglomération,Hors intersection,Normale,Autre collision,,,,,,,,,,,1,1,1,1.0,6
201200012664,0012-04-20 07:45:00,12,4,20,7,45,860,146,,,,Plein jour,Hors agglomération,Hors intersection,Normale,Autre collision,,,,,,,,,,,1,1,1,1.0,6
201200012665,0012-04-22 04:00:00,12,4,22,4,0,860,66,,46.83,0.52,Nuit sans éclairage public,Hors agglomération,Hors intersection,Normale,Deux véhicules - arrière,,,,,,,,,,,3,1,1,1.0,2
201200012666,0012-05-09 00:30:00,12,5,9,0,30,860,66,,,,Nuit sans éclairage public,Hors agglomération,Hors intersection,Pluie légère,Trois véhicules et plus - en chaîne,,,,,,,,,,,3,1,1,2.0,4
201200012667,0012-08-05 08:15:00,12,8,5,8,15,860,174,,,,Plein jour,Hors agglomération,Hors intersection,Normale,Sans collision,,,,,,,,,,,1,1,1,1.0,7
201200012668,0012-08-07 11:45:00,12,8,7,11,45,860,62,,46.635,0.353,Plein jour,Hors agglomération,Hors intersection,Normale,Deux véhicules - arrière,,,,,,,,,,,1,1,1,1.0,2
201200012669,0012-08-15 09:15:00,12,8,15,9,15,860,115,,,,Plein jour,Hors agglomération,Hors intersection,Normale,Deux véhicules - côté,,,,,,,,,,,1,1,1,1.0,3
201200012670,0012-08-31 16:45:00,12,8,31,16,45,860,7,,,,Plein jour,Hors agglomération,Hors intersection,Normale,Trois véhicules et plus - en chaîne,,,,,,,,,,,1,1,1,1.0,4
201200012671,0012-10-02 19:45:00,12,10,2,19,45,860,275,,,,Crépuscule ou aube,Hors agglomération,Hors intersection,Normale,Autre collision,,,,,,,,,,,2,1,1,1.0,6
201200012672,0012-11-04 13:30:00,12,11,4,13,30,860,174,,46.782,0.497,Plein jour,Hors agglomération,Hors intersection,Normale,Autre collision,,,,,,,,,,,1,1,1,1.0,6
201200012673,0012-01-22 21:00:00,12,1,22,21,0,180,124,,47.0566,2.07315,Nuit sans éclairage public,Hors agglomération,Hors intersection,Normale,Autre collision,,,,,,,,,,,3,1,1,1.0,6
201200012674,0012-02-12 13:30:00,12,2,12,13,30,180,138,,47.1004,2.22728,Plein jour,Hors agglomération,Hors intersection,Normale,Autre collision,,,,,,,,,,,1,1,1,1.0,6
201200012675,0012-08-14 13:30:00,12,8,14,13,30,180,279,,47.2441,2.07062,Plein jour,Hors agglomération,Hors intersection,Normale,Autre collision,,,,,,,,,,,1,1,1,1.0,6
201200012676,0012-04-29 17:00:00,12,4,29,17,0,360,230,,47.0725,1.82288,Plein jour,Hors agglomération,Hors intersection,Normale,Autre collision,,,,,,,,,,,1,1,1,1.0,6
201200012677,0012-07-20 04:30:00,12,7,20,4,30,360,202,,46.832,1.65271,Nuit sans éclairage public,Hors agglomération,Hors intersection,Normale,Deux véhicules - arrière,,,,,,,,,,,3,1,1,1.0,2
201200012678,0012-10-07 16:00:00,12,10,7,16,0,360,57,,46.8817,1.72359,Plein jour,Hors agglomération,Hors intersection,Normale,Trois véhicules et plus - en chaîne,,,,,,,,,,,1,1,1,1.0,4
201200012679,0012-11-03 13:45:00,12,11,3,13,45,360,26,,47.0959,1.86063,Plein jour,Hors agglomération,Hors intersection,Pluie légère,Autre collision,,,,,,,,,,,1,1,1,2.0,6
201200012680,0012-01-08 06:30:00,12,1,8,6,30,490,129,,47.49972,-0.51463,Nuit sans éclairage public,Hors agglomération,Hors intersection,Normale,Autre collision,,,,,,,,,,,3,1,1,1.0,6
201200012681,0012-04-03 11:00:00,12,4,3,11,0,490,129,,47.50318,-0.50338,Plein jour,Hors agglomération,Hors intersection,Normale,Sans collision,,,,,,,,,,,1,1,1,1.0,7
201200012682,0012-05-29 13:00:00,12,5,29,13,0,490,266,,47.44118,-0.75233,Plein jour,Hors agglomération,Hors intersection,Normale,Sans collision,,,,,,,,,,,1,1,1,1.0,7
201200012683,0012-10-27 06:15:00,12,10,27,6,15,490,266,,47.43541,-0.78293,Nuit sans éclairage public,Hors agglomération,Hors intersection,Normale,Sans collision,,,,,,,,,,,3,1,1,1.0,7
201200012684,0012-12-13 06:00:00,12,12,13,6,0,490,7,,47.49151,-0.544,Nuit sans éclairage public,Hors agglomération,Autre intersection,Autre,Trois véhicules et plus - collisions multiples,,,,,,,,,,,3,1,9,9.0,5
201200012685,0012-03-23 12:00:00,12,3,23,12,0,20,168,,,,Plein jour,Hors agglomération,Hors intersection,Normale,Sans collision,,,,,,,,,,,1,1,1,1.0,7
201200012686,0012-04-12 04:10:00,12,4,12,4,10,20,465,,,,Nuit sans éclairage public,Hors agglomération,Hors intersection,Pluie légère,Sans collision,,,,,,,,,,,3,1,1,2.0,7
201200012687,0012-05-24 06:30:00,12,5,24,6,30,20,290,,,,Plein jour,Hors agglomération,Autre intersection,Brouillard / fumée,Autre collision,,,,,,,,,,,1,1,9,5.0,6
201200012688,0012-09-05 18:45:00,12,9,5,18,45,20,290,,,,Plein jour,Hors agglomération,Hors intersection,Normale,Autre collision,,,,,,,,,,,1,1,1,1.0,6
201200012689,0012-09-09 15:25:00,12,9,9,15,25,20,83,,,,Plein jour,Hors agglomération,Hors intersection,Normale,Autre collision,,,,,,,,,,,1,1,1,1.0,6
201200012690,0012-01-12 18:15:00,12,1,12,18,15,60,88,,,,Nuit avec éclairage allumé,Hors agglomération,Hors intersection,Normale,Trois véhicules et plus - en chaîne,,,,,,,,,,,5,1,1,1.0,4
201200012691,0012-01-20 19:30:00,12,1,20,19,30,60,88,,,,Nuit avec éclairage allumé,Hors agglomération,Autre intersection,Normale,Trois véhicules et plus - en chaîne,,,,,,,,,,,5,1,9,1.0,4
201200012692,0012-03-28 08:15:00,12,3,28,8,15,60,88,,,,Plein jour,Hors agglomération,Hors intersection,Normale,Deux véhicules - arrière,,,,,,,,,,,1,1,1,1.0,2
201200012693,0012-04-11 16:15:00,12,4,11,16,15,60,88,,,,Plein jour,Hors agglomération,Hors intersection,Normale,Deux véhicules - côté,,,,,,,,,,,1,1,1,1.0,3
201200012694,0012-06-08 01:30:00,12,6,8,1,30,60,149,,,,Nuit sans éclairage public,Hors agglomération,Hors intersection,Normale,Deux véhicules - arrière,,,,,,,,,,,3,1,1,1.0,2
201200012695,0012-08-02 07:00:00,12,8,2,7,0,60,12,,,,Plein jour,Hors agglomération,Hors intersection,Normale,Deux véhicules - arrière,,,,,,,,,,,1,1,1,1.0,2
201200012696,0012-08-15 16:15:00,12,8,15,16,15,60,150,,43.753,7.391,Plein jour,Hors agglomération,Hors intersection,Brouillard / fumée,Autre collision,,,,,,,,,,,1,1,1,5.0,6
201200012697,0012-09-06 10:15:00,12,9,6,10,15,60,88,,,,Plein jour,Hors agglomération,Hors intersection,Normale,Autre collision,,,,,,,,,,,1,1,1,1.0,6
201200012698,0012-09-26 08:15:00,12,9,26,8,15,60,59,,,,Plein jour,Hors agglomération,Autre intersection,Temps couvert,Autre collision,,,,,,,,,,,1,1,9,8.0,6
201200012699,0012-10-26 07:30:00,12,10,26,7,30,60,149,,,,Crépuscule ou aube,Hors agglomération,Hors intersection,Pluie légère,Trois véhicules et plus - collisions multiples,,,,,,,,,,,2,1,1,2.0,5
201200012700,0012-11-16 01:15:00,12,11,16,1,15,60,88,,,,Plein jour,Hors agglomération,Hors intersection,Normale,Trois véhicules et plus - collisions multiples,,,,,,,,,,,1,1,1,1.0,5
201200012701,0012-12-29 11:30:00,12,12,29,11,30,60,83,,,,Plein jour,Hors agglomération,Hors intersection,Normale,Deux véhicules - arrière,,,,,,,,,,,1,1,1,1.0,2
201200012702,0012-01-08 17:00:00,12,1,8,17,0,670,488,,48.917,7.12,Plein jour,Hors agglomération,Hors intersection,Autre,Autre collision,,,,,,,,,,,1,1,1,9.0,6
201200012703,0012-05-30 22:15:00,12,5,30,22,15,900,62,,,,Nuit sans éclairage public,Hors agglomération,Hors intersection,Normale,Trois véhicules et plus - en chaîne,,,,,,,,,,,3,1,1,1.0,4
201200012704,0012-07-10 07:46:00,12,7,10,7,46,900,1,,,,Plein jour,Hors agglomération,Hors intersection,Normale,Trois véhicules et plus - en chaîne,,,,,,,,,,,1,1,1,1.0,4
201200012705,0012-11-09 17:30:00,12,11,9,17,30,900,35,,,,Nuit avec éclairage allumé,Hors agglomération,Hors intersection,Normale,Trois véhicules et plus - en chaîne,,,,,,,,,,,5,1,1,1.0,4
201200012706,0012-11-24 18:15:00,12,11,24,18,15,900,2,,,,Nuit sans éclairage public,Hors agglomération,Hors intersection,Normale,Trois véhicules et plus - collisions multiples,,,,,,,,,,,3,1,1,1.0,5
201200012707,0012-12-04 13:45:00,12,12,4,13,45,900,10,,,,Plein jour,Hors agglomération,Hors intersection,Normale,Autre collision,,,,,,,,,,,1,1,1,1.0,6
201200012708,0012-04-02 07:30:00,12,4,2,7,30,660,214,,,,Crépuscule ou aube,Hors agglomération,Hors intersection,Normale,Deux véhicules - frontale,,,,,,,,,,,2,1,1,1.0,1
201200012709,0012-04-08 07:30:00,12,4,8,7,30,660,164,,,,Crépuscule ou aube,Hors agglomération,Hors intersection,Normale,Autre collision,,,,,,,,,,,2,1,1,1.0,6
201200012710,0012-05-06 11:00:00,12,5,6,11,0,660,141,,,,Plein jour,Hors agglomération,Hors intersection,Normale,Deux véhicules - arrière,,,,,,,,,,,1,1,1,1.0,2
201200012711,0012-11-12 10:30:00,12,11,12,10,30,660,136,,,,Plein jour,Hors agglomération,Hors intersection,Normale,Trois véhicules et plus - collisions multiples,,,,,,,,,,,1,1,1,1.0,5
201200012712,0012-11-20 18:00:00,12,11,20,18,0,660,164,,,,Crépuscule ou aube,Hors agglomération,Hors intersection,Normale,Deux véhicules - côté,,,,,,,,,,,2,1,1,1.0,3
201200012713,0012-12-01 12:45:00,12,12,1,12,45,660,144,,,,Plein jour,Hors agglomération,Hors intersection,Normale,Autre collision,,,,,,,,,,,1,1,1,1.0,6
201200012714,0012-12-05 13:00:00,12,12,5,13,0,660,190,,,,Plein jour,Hors agglomération,Hors intersection,Normale,Deux véhicules - arrière,,,,,,,,,,,1,1,1,1.0,2
201200012715,0012-12-06 12:00:00,12,12,6,12,0,660,144,,,,Plein jour,Hors agglomération,Hors intersection,Normale,Trois véhicules et plus - en chaîne,,,,,,,,,,,1,1,1,1.0,4
201200012716,0012-01-01 17:45:00,12,1,1,17,45,670,249,,48.749,7.687,Nuit sans éclairage public,Hors agglomération,Autre intersection,Pluie légère,Autre collision,,,,,,,,,,,3,1,9,2.0,6
201200012717,0012-03-01 17:00:00,12,3,1,17,0,670,33,,,,Plein jour,Hors agglomération,Hors intersection,Normale,Deux véhicules - arrière,,,,,,,,,,,1,1,1,1.0,2
201200012718,0012-04-10 09:30:00,12,4,10,9,30,670,33,,,,Plein jour,Hors agglomération,Hors intersection,Normale,Trois véhicules et plus - en chaîne,,,,,,,,,,,1,1,1,1.0,4
201200012719,0012-05-02 19:45:00,12,5,2,19,45,670,67,,,,Plein jour,Hors agglomération,Hors intersection,Normale,Sans collision,,,,,,,,,,,1,1,1,1.0,7
201200012720,0012-05-18 17:00:00,12,5,18,17,0,670,389,,,,Plein jour,Hors agglomération,Hors intersection,Normale,Sans collision,,,,,,,,,,,1,1,1,1.0,7
201200012721,0012-05-31 07:45:00,12,5,31,7,45,670,33,,,,Plein jour,Hors agglomération,Hors intersection,Normale,Trois véhicules et plus - en chaîne,,,,,,,,,,,1,1,1,1.0,4
201200012722,0012-06-18 08:30:00,12,6,18,8,30,670,67,,,,Plein jour,Hors agglomération,Hors intersection,Normale,Deux véhicules - arrière,,,,,,,,,,,1,1,1,1.0,2
201200012723,0012-10-09 06:45:00,12,10,9,6,45,670,506,,48.681,7.737,Nuit sans éclairage public,Hors agglomération,Hors intersection,Pluie légère,Deux véhicules - arrière,,,,,,,,,,,3,1,1,2.0,2
201200012724,0012-12-05 08:45:00,12,12,5,8,45,670,506,,,,Plein jour,Hors agglomération,Hors intersection,Autre,Autre collision,,,,,,,,,,,1,1,1,9.0,6
201200012725,0012-02-03 19:30:00,12,2,3,19,30,620,750,,50.582,2.374,Nuit sans éclairage public,Hors agglomération,Hors intersection,Neige / grêle,Deux véhicules - arrière,,,,,,,,,,,3,1,1,4.0,2
201200012726,0012-03-20 08:00:00,12,3,20,8,0,620,224,,,,Plein jour,Hors agglomération,Hors intersection,Normale,Trois véhicules et plus - en chaîne,,,,,,,,,,,1,1,1,1.0,4
201200012727,0012-05-07 11:00:00,12,5,7,11,0,620,19,,,,Plein jour,Hors agglomération,Hors intersection,Normale,Deux véhicules - côté,,,,,,,,,,,1,1,1,1.0,3
201200012728,0012-06-25 11:00:00,12,6,25,11,0,620,848,,50.506,2.66,Plein jour,Hors agglomération,Hors intersection,Normale,Trois véhicules et plus - collisions multiples,,,,,,,,,,,1,1,1,1.0,5
201200012729,0012-07-03 00:30:00,12,7,3,0,30,620,701,,50.579,2.376,Nuit sans éclairage public,Hors agglomération,Hors intersection,Normale,Autre collision,,,,,,,,,,,3,1,1,1.0,6
201200012730,0012-08-08 05:15:00,12,8,8,5,15,620,516,,50.549,2.476,Nuit sans éclairage public,Hors agglomération,Hors intersection,Normale,Autre collision,,,,,,,,,,,3,1,1,1.0,6
201200012731,0012-03-11 09:45:00,12,3,11,9,45,620,906,,50.861,2.02199,Plein jour,Hors agglomération,Hors intersection,Normale,Sans collision,,,,,,,,,,,1,1,1,1.0,7
201200012732,0012-11-01 16:15:00,12,11,1,16,15,620,906,,,,Crépuscule ou aube,Hors agglomération,Hors intersection,Neige / grêle,Trois véhicules et plus - collisions multiples,,,,,,,,,,,2,1,1,4.0,5
201200012733,0012-11-29 14:45:00,12,11,29,14,45,620,906,,,,Plein jour,Hors agglomération,Hors intersection,Neige / grêle,Deux véhicules - arrière,,,,,,,,,,,1,1,1,4.0,2
201200012734,0012-12-28 08:45:00,12,12,28,8,45,620,423,,,,Plein jour,Hors agglomération,Hors intersection,Temps couvert,Autre collision,,,,,,,,,,,1,1,1,8.0,6
201200012735,0012-01-01 14:15:00,12,1,1,14,15,180,129,,46.9645,2.42359,Plein jour,Hors agglomération,Hors intersection,Pluie légère,Sans collision,,,,,,,,,,,1,1,1,2.0,7
201200012736,0012-07-22 13:15:00,12,7,22,13,15,180,89,,46.5494,2.55029,Plein jour,Hors agglomération,Hors intersection,Normale,Sans collision,,,,,,,,,,,1,1,1,1.0,7
201200012737,0012-08-17 17:00:00,12,8,17,17,0,180,93,,46.6378,2.49655,Plein jour,Hors agglomération,Hors intersection,Normale,Autre collision,,,,,,,,,,,1,1,1,1.0,6
201200012738,0012-09-07 07:45:00,12,9,7,7,45,180,63,,46.8424,2.41685,Plein jour,Hors agglomération,Hors intersection,Normale,Sans collision,,,,,,,,,,,1,1,1,1.0,7
201200012739,0012-11-02 14:15:00,12,11,2,14,15,180,172,,46.698,2.46276,Plein jour,Hors agglomération,Hors intersection,Pluie forte,Deux véhicules - frontale,,,,,,,,,,,1,1,1,3.0,1
201200012740,0012-04-17 16:30:00,12,4,17,16,30,950,450,RD 203,49.0156,2.0743,Plein jour,En agglomération,Hors intersection,Normale,Deux véhicules - frontale,,,,,,,,,,,1,2,1,1.0,1
201200012741,0012-05-07 13:45:00,12,5,7,13,45,950,74,AV MARECHAL LECLERC,49.0132,2.00159,Plein jour,Hors agglomération,Hors intersection,Normale,Deux véhicules - frontale,,,,,,,,,,,1,1,1,1.0,1
201200012742,0012-07-20 20:00:00,12,7,20,20,0,950,450,R DE CONFLANS,49.0156,2.0743,Crépuscule ou aube,En agglomération,Intersection en X,Normale,Deux véhicules - frontale,,,,,,,,,,,2,2,2,1.0,1
201200012743,0012-09-05 11:30:00,12,9,5,11,30,950,637,PASS DE LA FLAMME,49.0224,2.02749,Plein jour,En agglomération,Hors intersection,Normale,Deux véhicules - côté,,,,,,,,,,,1,2,1,1.0,3
201200012744,0012-10-15 20:45:00,12,10,15,20,45,950,637,BD DE L'OISE,49.0211,2.0219,Nuit avec éclairage allumé,En agglomération,Hors intersection,Temps couvert,Deux véhicules - arrière,,,,,,,,,,,5,2,1,8.0,2
201200012745,0012-10-19 12:00:00,12,10,19,12,0,950,323,AV DES SAULES BRULES,49.0079,2.0611,Plein jour,Hors agglomération,Intersection en T,Normale,Deux véhicules - côté,,,,,,,,,,,1,1,3,1.0,3
201200012746,0012-10-22 17:45:00,12,10,22,17,45,950,323,BD ECANCOURT,49.0117,2.0522,Plein jour,Hors agglomération,Hors intersection,Normale,Autre collision,,,,,,,,,,,1,1,1,1.0,6
201200012747,0012-02-06 18:30:00,12,2,6,18,30,380,27,,,,Nuit sans éclairage public,Hors agglomération,Hors intersection,Normale,Trois véhicules et plus - en chaîne,,,,,,,,,,,3,1,1,1.0,4
201200012748,0012-04-30 15:45:00,12,4,30,15,45,380,39,,45.257,5.88,Plein jour,Hors agglomération,Hors intersection,Normale,Deux véhicules - arrière,,,,,,,,,,,1,1,1,1.0,2
201200012749,0012-06-17 03:00:00,12,6,17,3,0,380,249,,45.2196,5.81878,Nuit avec éclairage allumé,Hors agglomération,Autre intersection,Normale,Autre collision,,,,,,,,,,,5,1,9,1.0,6
201200012750,0012-09-14 19:00:00,12,9,14,19,0,380,62,PK 0032+0500,45.4178,5.99859,Crépuscule ou aube,Hors agglomération,Hors intersection,Normale,Sans collision,,,,,,,,,,,2,1,1,1.0,7
201200012751,0012-01-24 20:15:00,12,1,24,20,15,130,86,,,,Nuit sans éclairage public,Hors agglomération,Hors intersection,Normale,Deux véhicules - arrière,,,,,,,,,,,3,1,1,1.0,2
201200012752,0012-02-13 00:15:00,12,2,13,0,15,130,1,,43.5133,5.47354,Nuit sans éclairage public,Hors agglomération,Hors intersection,Normale,Deux véhicules - arrière,,,,,,,,,,,3,1,1,1.0,2
201200012753,0012-03-25 17:30:00,12,3,25,17,30,130,7,,,,Plein jour,Hors agglomération,Hors intersection,Normale,Autre collision,,,,,,,,,,,1,1,1,1.0,6
201200012754,0012-03-29 17:45:00,12,3,29,17,45,130,5,,43.3304,5.6029,Plein jour,Hors agglomération,Hors intersection,Normale,Deux véhicules - côté,,,,,,,,,,,1,1,1,1.0,3
201200012755,0012-05-30 18:15:00,12,5,30,18,15,130,1,,,,Plein jour,Hors agglomération,Hors intersection,Normale,Deux véhicules - côté,,,,,,,,,,,1,1,1,1.0,3
201200012756,0012-06-05 19:30:00,12,6,5,19,30,130,60,*,,,Plein jour,Hors agglomération,Hors intersection,Normale,Autre collision,,,,,,,,,,,1,1,1,1.0,6
201200012757,0012-06-27 14:00:00,12,6,27,14,0,130,60,*,,,Plein jour,Hors agglomération,Hors intersection,Normale,Deux véhicules - côté,,,,,,,,,,,1,1,1,1.0,3
201200012758,0012-07-01 13:45:00,12,7,1,13,45,130,1,,,,Plein jour,Hors agglomération,Hors intersection,Normale,Trois véhicules et plus - collisions multiples,,,,,,,,,,,1,1,1,1.0,5
201200012759,0012-07-01 18:00:00,12,7,1,18,0,130,1,,,,Plein jour,Hors agglomération,Hors intersection,Normale,Deux véhicules - frontale,,,,,,,,,,,1,1,1,1.0,1
201200012760,0012-07-24 21:15:00,12,7,24,21,15,130,86,,43.3316,5.60373,Nuit sans éclairage public,Hors agglomération,Hors intersection,Normale,Autre collision,,,,,,,,,,,3,1,1,1.0,6
201200012761,0012-09-08 10:15:00,12,9,8,10,15,130,73,,43.3911,5.59197,Plein jour,Hors agglomération,Hors intersection,Normale,Deux véhicules - côté,,,,,,,,,,,1,1,1,1.0,3
201200012762,0012-09-26 11:15:00,12,9,26,11,15,130,73,,43.3942,5.58291,Plein jour,Hors agglomération,Hors intersection,Normale,Deux véhicules - arrière,,,,,,,,,,,1,1,1,1.0,2
201200012763,0012-10-07 20:30:00,12,10,7,20,30,130,86,,,,Nuit sans éclairage public,Hors agglomération,Hors intersection,Normale,Autre collision,,,,,,,,,,,3,1,1,1.0,6
201200012764,0012-10-06 12:15:00,12,10,6,12,15,130,1,,43.5116,5.44686,Plein jour,Hors agglomération,Hors intersection,Normale,Trois véhicules et plus - en chaîne,,,,,,,,,,,1,1,1,1.0,4
201200012765,0012-10-07 05:30:00,12,10,7,5,30,130,13,,43.4149,5.57812,Nuit sans éclairage public,Hors agglomération,Hors intersection,Normale,Deux véhicules - arrière,,,,,,,,,,,3,1,1,1.0,2
201200012766,0012-10-20 09:30:00,12,10,20,9,30,130,109,,43.5128,5.48999,Plein jour,Hors agglomération,Hors intersection,Normale,Deux véhicules - frontale,,,,,,,,,,,1,1,1,1.0,1
201200012767,0012-12-13 08:15:00,12,12,13,8,15,130,73,,43.3906,5.59302,Plein jour,Hors agglomération,Hors intersection,Normale,Deux véhicules - frontale,,,,,,,,,,,1,1,1,1.0,1
201200012768,0012-03-10 02:15:00,12,3,10,2,15,830,1,,,,Nuit sans éclairage public,Hors agglomération,Autre intersection,Autre,Autre collision,,,,,,,,,,,3,1,9,9.0,6
201200012769,0012-03-22 19:15:00,12,3,22,19,15,60,161,,,,Crépuscule ou aube,Hors agglomération,Hors intersection,Normale,Trois véhicules et plus - en chaîne,,,,,,,,,,,2,1,1,1.0,4
201200012770,0012-04-01 15:15:00,12,4,1,15,15,60,161,,,,Plein jour,Hors agglomération,Hors intersection,Normale,Trois véhicules et plus - collisions multiples,,,,,,,,,,,1,1,1,1.0,5
201200012771,0012-04-06 12:15:00,12,4,6,12,15,830,61,,,,Plein jour,Hors agglomération,Hors intersection,Brouillard / fumée,Deux véhicules - arrière,,,,,,,,,,,1,1,1,5.0,2
201200012772,0012-05-14 22:15:00,12,5,14,22,15,60,30,,,,Nuit sans éclairage public,Hors agglomération,Hors intersection,Normale,Deux véhicules - frontale,,,,,,,,,,,3,1,1,1.0,1
201200012773,0012-05-26 10:45:00,12,5,26,10,45,60,85,,,,Plein jour,Hors agglomération,Hors intersection,Normale,Autre collision,,,,,,,,,,,1,1,1,1.0,6
201200012774,0012-06-06 09:00:00,12,6,6,9,0,60,79,,,,Plein jour,Hors agglomération,Hors intersection,Normale,Deux véhicules - arrière,,,,,,,,,,,1,1,1,1.0,2
201200012775,0012-07-01 03:00:00,12,7,1,3,0,60,30,,,,Nuit sans éclairage public,Hors agglomération,Hors intersection,Normale,Autre collision,,,,,,,,,,,3,1,1,1.0,6
201200012776,0012-07-06 19:00:00,12,7,6,19,0,60,4,,,,Plein jour,Hors agglomération,Hors intersection,Normale,Deux véhicules - côté,,,,,,,,,,,1,1,1,1.0,3
201200012777,0012-07-14 21:45:00,12,7,14,21,45,60,85,,,,Nuit sans éclairage public,Hors agglomération,Hors intersection,Normale,Autre collision,,,,,,,,,,,3,1,1,1.0,6
201200012778,0012-07-17 23:15:00,12,7,17,23,15,60,85,,,,Nuit sans éclairage public,Hors agglomération,Hors intersection,Normale,Trois véhicules et plus - collisions multiples,,,,,,,,,,,3,1,1,1.0,5
201200012779,0012-10-16 19:15:00,12,10,16,19,15,60,27,,,,Nuit avec éclairage allumé,Hors agglomération,Hors intersection,Normale,Trois véhicules et plus - collisions multiples,,,,,,,,,,,5,1,1,1.0,5
201200012780,0012-10-23 08:30:00,12,10,23,8,30,60,85,,,,Plein jour,Hors agglomération,Hors intersection,Normale,Trois véhicules et plus - collisions multiples,,,,,,,,,,,1,1,1,1.0,5
201200012781,0012-11-06 11:15:00,12,11,6,11,15,60,79,,,,Crépuscule ou aube,Hors agglomération,Hors intersection,Normale,Deux véhicules - arrière,,,,,,,,,,,2,1,1,1.0,2
201200012782,0012-12-06 13:30:00,12,12,6,13,30,60,4,,,,Plein jour,Hors agglomération,Hors intersection,Normale,Deux véhicules - côté,,,,,,,,,,,1,1,1,1.0,3
201200012783,0012-12-16 10:00:00,12,12,16,10,0,60,85,,,,Plein jour,Hors agglomération,Hors intersection,Normale,Autre collision,,,,,,,,,,,1,1,1,1.0,6
201200012784,0012-04-20 12:45:00,12,4,20,12,45,770,130,,,,Plein jour,Hors agglomération,Hors intersection,Pluie forte,Autre collision,,,,,,,,,,,1,1,1,3.0,6