accident_id,datetime,annee,mois,jour,heure,minute,departement,commune_insee,adresse,latitude,longitude,luminosite,agglomeration,intersection,meteo,collision,nb_vehicules,nb_usagers,nb_indemnes,nb_tues,nb_blesses_hosp,nb_blesses_legers,age_cond_1,age_cond_2,veh_type_cond_1,veh_type_cond_2,lum_code,agg_code,int_code,atm_code,col_code
201200012919,0012-08-30 08:30:00,12,8,30,8,30,201,348,,,,Plein jour,En agglomération,Hors intersection,Normale,Autre collision,,,,,,,,,,,1,2,1,1.0,6
201200012920,0012-10-01 10:45:00,12,10,1,10,45,201,48,,,,Plein jour,Hors agglomération,Hors intersection,Normale,Deux véhicules - frontale,,,,,,,,,,,1,1,1,1.0,1
201200012921,0012-08-04 10:45:00,12,8,4,10,45,390,233,,,,Plein jour,Hors agglomération,Hors intersection,Normale,Autre collision,,,,,,,,,,,1,1,1,1.0,6
201200012922,0012-08-28 08:30:00,12,8,28,8,30,390,31,,,,Plein jour,Hors agglomération,Hors intersection,Normale,Autre collision,,,,,,,,,,,1,1,1,1.0,6
201200012923,0012-10-10 14:30:00,12,10,10,14,30,390,121,,47.142,5.541,Plein jour,Hors agglomération,Hors intersection,Pluie légère,Autre collision,,,,,,,,,,,1,1,1,2.0,6
201200012924,0012-01-16 17:30:00,12,1,16,17,30,380,229,23 AVENUE DU GRESIVAUDAN,,,Crépuscule ou aube,En agglomération,Hors intersection,Normale,Autre collision,,,,,,,,,,,2,2,1,1.0,6
201200012925,0012-02-20 08:15:00,12,2,20,8,15,380,397,,,,Plein jour,Hors agglomération,Hors intersection,Temps éblouissant,Deux véhicules - frontale,,,,,,,,,,,1,1,1,7.0,1
201200012926,0012-04-09 17:45:00,12,4,9,17,45,380,126,,,,Plein jour,Hors agglomération,Hors intersection,Normale,Deux véhicules - frontale,,,,,,,,,,,1,1,1,1.0,1
201200012927,0012-05-12 08:45:00,12,5,12,8,45,380,249,,45.2191,5.82241,Nuit sans éclairage public,Hors agglomération,Intersection en Y,Normale,Deux véhicules - frontale,,,,,,,,,,,3,1,4,1.0,1
201200012928,0012-07-12 15:15:00,12,7,12,15,15,380,249,,45.23,5.80654,Plein jour,Hors agglomération,Hors intersection,Normale,Deux véhicules - côté,,,,,,,,,,,1,1,1,1.0,3
201200012929,0012-09-22 19:15:00,12,9,22,19,15,380,229,AVENUE DU TAILLEFER,,,Plein jour,En agglomération,Hors intersection,Normale,Sans collision,,,,,,,,,,,1,2,1,1.0,7
201200012930,0012-10-04 18:30:00,12,10,4,18,30,380,249,,45.23,5.80654,Plein jour,Hors agglomération,Hors intersection,Normale,Deux véhicules - côté,,,,,,,,,,,1,1,1,1.0,3
201200012931,0012-10-25 16:15:00,12,10,25,16,15,380,39,RD 1090,,,Plein jour,En agglomération,Hors intersection,Normale,Deux véhicules - arrière,,,,,,,,,,,1,2,1,1.0,2
201200012932,0012-11-27 09:15:00,12,11,27,9,15,380,140,Avenue Ambroise CROIZAT,,,Plein jour,En agglomération,Giratoire,Pluie forte,Autre collision,,,,,,,,,,,1,2,6,3.0,6
201200012933,0012-12-24 17:45:00,12,12,24,17,45,380,229,77 AVENUE DU GR?SIVAUDAN,,,Nuit avec éclairage allumé,En agglomération,Hors intersection,Autre,Deux véhicules - côté,,,,,,,,,,,5,2,1,9.0,3
201200012934,0012-12-31 09:45:00,12,12,31,9,45,380,229,chemin saint martin,,,Plein jour,En agglomération,Hors intersection,Normale,Deux véhicules - côté,,,,,,,,,,,1,2,1,1.0,3
201200012935,0012-01-16 17:00:00,12,1,16,17,0,60,85,CHEMIN DU REFUGE,,,Plein jour,En agglomération,Autre intersection,Normale,Autre collision,,,,,,,,,,,1,2,9,1.0,6
201200012936,0012-02-09 13:15:00,12,2,9,13,15,60,85,P?n?trante - RD 6285 -,,,Plein jour,En agglomération,Hors intersection,Normale,Deux véhicules - frontale,,,,,,,,,,,1,2,1,1.0,1
201200012937,0012-05-18 12:00:00,12,5,18,12,0,60,85,2308 avenue du Mar?chal,,,Plein jour,En agglomération,Hors intersection,Temps couvert,Trois véhicules et plus - collisions multiples,,,,,,,,,,,1,2,1,8.0,5
201200012938,0012-06-20 19:30:00,12,6,20,19,30,60,85,426 avenue font roubert,,,Plein jour,En agglomération,Hors intersection,Normale,Sans collision,,,,,,,,,,,1,2,1,1.0,7
201200012939,0012-07-17 08:45:00,12,7,17,8,45,60,85,,,,Plein jour,Hors agglomération,Hors intersection,Normale,Deux véhicules - côté,,,,,,,,,,,1,1,1,1.0,3
201200012940,0012-07-21 09:15:00,12,7,21,9,15,60,85,,,,Plein jour,Hors agglomération,Hors intersection,Normale,Autre collision,,,,,,,,,,,1,1,1,1.0,6
201200012941,0012-08-01 17:00:00,12,8,1,17,0,60,85,Rond point Lib?ration,,,Plein jour,En agglomération,Giratoire,Normale,Deux véhicules - côté,,,,,,,,,,,1,2,6,1.0,3
201200012942,0012-08-02 08:30:00,12,8,2,8,30,60,85,ch Carimaï/ch du refuge,,,Plein jour,En agglomération,Intersection en X,Normale,Deux véhicules - côté,,,,,,,,,,,1,2,2,1.0,3
201200012943,0012-12-29 18:15:00,12,12,29,18,15,60,85,,,,Nuit sans éclairage public,Hors agglomération,Hors intersection,Normale,Trois véhicules et plus - collisions multiples,,,,,,,,,,,3,1,1,1.0,5
201200012944,0012-02-16 11:30:00,12,2,16,11,30,780,431,RTE DE STE ANNE/RD113,48.9342,1.96244,Plein jour,Hors agglomération,Intersection en X,Normale,Deux véhicules - côté,,,,,,,,,,,1,1,2,1.0,3
201200012945,0012-03-02 18:30:00,12,3,2,18,30,780,466,,48.923,2.005,Crépuscule ou aube,Hors agglomération,Hors intersection,Normale,Deux véhicules - arrière,,,,,,,,,,,2,1,1,1.0,2
201200012946,0012-03-31 17:00:00,12,3,31,17,0,780,466,,,,Plein jour,Hors agglomération,Hors intersection,Normale,Deux véhicules - côté,,,,,,,,,,,1,1,1,1.0,3
201200012947,0012-08-16 16:45:00,12,8,16,16,45,780,466,Route de 40 sous,48.931,1.987,Plein jour,En agglomération,Hors intersection,Normale,Deux véhicules - côté,,,,,,,,,,,1,2,1,1.0,3
201200012948,0012-08-22 18:45:00,12,8,22,18,45,780,466,RD 113/CH DE MAROLLES,48.92682,1.98669,Plein jour,Hors agglomération,Intersection en X,Normale,Deux véhicules - côté,,,,,,,,,,,1,1,2,1.0,3
201200012949,0012-09-01 19:45:00,12,9,1,19,45,780,466,,48.93,1.984,Plein jour,Hors agglomération,Hors intersection,Normale,Autre collision,,,,,,,,,,,1,1,1,1.0,6
201200012950,0012-10-26 09:30:00,12,10,26,9,30,780,466,,,,Plein jour,Hors agglomération,Giratoire,Normale,Deux véhicules - côté,,,,,,,,,,,1,1,6,1.0,3
201200012951,0012-11-13 15:45:00,12,11,13,15,45,780,189,,,,Plein jour,Hors agglomération,Hors intersection,Normale,Deux véhicules - frontale,,,,,,,,,,,1,1,1,1.0,1
201200012952,0012-03-02 19:15:00,12,3,2,19,15,330,122,,,,Nuit avec éclairage allumé,Hors agglomération,Hors intersection,Normale,Deux véhicules - côté,,,,,,,,,,,5,1,1,1.0,3
201200012953,0012-08-08 11:45:00,12,8,8,11,45,330,122,,,,Plein jour,Hors agglomération,Hors intersection,Normale,Autre collision,,,,,,,,,,,1,1,1,1.0,6
201200012954,0012-08-31 19:45:00,12,8,31,19,45,330,90,,,,Plein jour,Hors agglomération,Hors intersection,Normale,Deux véhicules - frontale,,,,,,,,,,,1,1,1,1.0,1
201200012955,0012-10-04 23:00:00,12,10,4,23,0,330,122,,,,Nuit sans éclairage public,Hors agglomération,Hors intersection,Normale,Autre collision,,,,,,,,,,,3,1,1,1.0,6
201200012956,0012-10-12 17:00:00,12,10,12,17,0,330,122,Place de la r?publique,,,Plein jour,En agglomération,Giratoire,Normale,Deux véhicules - frontale,,,,,,,,,,,1,2,6,1.0,1
201200012957,0012-11-30 08:15:00,12,11,30,8,15,330,122,,,,Nuit sans éclairage public,Hors agglomération,Intersection en T,Normale,Trois véhicules et plus - collisions multiples,,,,,,,,,,,3,1,3,1.0,5
201200012958,0012-12-11 17:15:00,12,12,11,17,15,330,122,,,,Plein jour,Hors agglomération,Hors intersection,Brouillard / fumée,Deux véhicules - frontale,,,,,,,,,,,1,1,1,5.0,1
201200012959,0012-12-11 17:45:00,12,12,11,17,45,330,90,25 rue Thomas Edisson,,,Nuit avec éclairage allumé,En agglomération,Intersection en X,Normale,Deux véhicules - côté,,,,,,,,,,,5,2,2,1.0,3
201200012960,0012-12-14 11:00:00,12,12,14,11,0,330,122,place de la r?publique,,,Plein jour,En agglomération,Place,Normale,Autre collision,,,,,,,,,,,1,2,7,1.0,6
201200012961,0012-09-08 05:00:00,12,9,8,5,0,660,213,,,,Nuit sans éclairage public,Hors agglomération,Hors intersection,Normale,Deux véhicules - frontale,,,,,,,,,,,3,1,1,1.0,1
201200012962,0012-04-19 10:00:00,12,4,19,10,0,670,462,,,,Plein jour,Hors agglomération,Hors intersection,Normale,Deux véhicules - arrière,,,,,,,,,,,1,1,1,1.0,2
201200012963,0012-05-05 22:00:00,12,5,5,22,0,670,462,,,,Nuit sans éclairage public,Hors agglomération,Autre intersection,Normale,Deux véhicules - côté,,,,,,,,,,,3,1,9,1.0,3
201200012964,0012-09-30 14:15:00,12,9,30,14,15,670,115,,,,Plein jour,Hors agglomération,Hors intersection,Normale,Sans collision,,,,,,,,,,,1,1,1,1.0,7
201200012965,0012-10-21 19:45:00,12,10,21,19,45,670,73,,,,Nuit sans éclairage public,Hors agglomération,Hors intersection,Normale,Deux véhicules - arrière,,,,,,,,,,,3,1,1,1.0,2
201200012966,0012-11-02 10:30:00,12,11,2,10,30,670,239,,,,Plein jour,Hors agglomération,Hors intersection,Normale,Trois véhicules et plus - collisions multiples,,,,,,,,,,,1,1,1,1.0,5
201200012967,0012-11-16 18:30:00,12,11,16,18,30,670,8,,,,Nuit sans éclairage public,Hors agglomération,Hors intersection,Normale,Deux véhicules - arrière,,,,,,,,,,,3,1,1,1.0,2
201200012968,0012-04-18 12:45:00,12,4,18,12,45,790,78,,,,Plein jour,Hors agglomération,Hors intersection,Normale,Autre collision,,,,,,,,,,,1,1,1,1.0,6
201200012969,0012-07-20 07:15:00,12,7,20,7,15,790,231,,,,Plein jour,Hors agglomération,Hors intersection,Normale,Deux véhicules - arrière,,,,,,,,,,,1,1,1,1.0,2
201200012970,0012-08-06 10:45:00,12,8,6,10,45,790,355,,,,Plein jour,Hors agglomération,Hors intersection,Pluie forte,Deux véhicules - arrière,,,,,,,,,,,1,1,1,3.0,2
201200012971,0012-05-24 15:00:00,12,5,24,15,0,330,553,,,,Plein jour,Hors agglomération,Hors intersection,Normale,Autre collision,,,,,,,,,,,1,1,1,1.0,6
201200012972,0012-09-16 00:30:00,12,9,16,0,30,170,50,,,,Nuit sans éclairage public,Hors agglomération,Hors intersection,Normale,Sans collision,,,,,,,,,,,3,1,1,1.0,7
201200012973,0012-09-29 04:00:00,12,9,29,4,0,330,553,,,,Nuit avec éclairage allumé,Hors agglomération,Hors intersection,Normale,Deux véhicules - arrière,,,,,,,,,,,5,1,1,1.0,2
201200012974,0012-07-28 19:15:00,12,7,28,19,15,740,118,,,,Plein jour,Hors agglomération,Hors intersection,Normale,Autre collision,,,,,,,,,,,1,1,1,1.0,6
201200012975,0012-09-09 06:00:00,12,9,9,6,0,740,101,,,,Crépuscule ou aube,Hors agglomération,Hors intersection,Normale,Deux véhicules - arrière,,,,,,,,,,,2,1,1,1.0,2
201200012976,0012-09-12 08:30:00,12,9,12,8,30,740,201,,,,Plein jour,Hors agglomération,Hors intersection,Pluie forte,Sans collision,,,,,,,,,,,1,1,1,3.0,7
201200012977,0012-10-03 07:30:00,12,10,3,7,30,740,16,,,,Crépuscule ou aube,Hors agglomération,Hors intersection,Normale,Trois véhicules et plus - collisions multiples,,,,,,,,,,,2,1,1,1.0,5
201200012978,0012-10-07 01:30:00,12,10,7,1,30,740,82,,,,Nuit sans éclairage public,Hors agglomération,Hors intersection,Pluie forte,Autre collision,,,,,,,,,,,3,1,1,3.0,6
201200012979,0012-10-08 07:45:00,12,10,8,7,45,740,16,,,,Crépuscule ou aube,Hors agglomération,Hors intersection,Temps couvert,Autre collision,,,,,,,,,,,2,1,1,8.0,6
201200012980,0012-12-19 21:00:00,12,12,19,21,0,740,243,,,,Nuit avec éclairage allumé,Hors agglomération,Hors intersection,Temps couvert,Sans collision,,,,,,,,,,,5,1,1,8.0,7
201200012981,0012-07-16 19:45:00,12,7,16,19,45,220,372,,48.52229,-2.83146,Plein jour,Hors agglomération,Hors intersection,Normale,Deux véhicules - frontale,,,,,,,,,,,1,1,1,1.0,1
201200012982,0012-10-04 20:00:00,12,10,4,20,0,220,206,,48.542,-3.02,Crépuscule ou aube,Hors agglomération,Hors intersection,Normale,Deux véhicules - côté,,,,,,,,,,,2,1,1,1.0,3
201200012983,0012-10-31 11:00:00,12,10,31,11,0,220,182,LE BOUILLON,48.53883,-2.89296,Plein jour,Hors agglomération,Intersection en X,Normale,Deux véhicules - côté,,,,,,,,,,,1,1,2,1.0,3
201200012984,0012-04-11 09:15:00,12,4,11,9,15,201,269,,,,Plein jour,Hors agglomération,Hors intersection,Pluie légère,Trois véhicules et plus - collisions multiples,,,,,,,,,,,1,1,1,2.0,5
201200012985,0012-04-21 08:00:00,12,4,21,8,0,201,269,,41.79639,9.394,Plein jour,Hors agglomération,Hors intersection,Normale,Deux véhicules - côté,,,,,,,,,,,1,1,1,1.0,3
201200012986,0012-04-29 16:45:00,12,4,29,16,45,201,362,,,,Plein jour,Hors agglomération,Hors intersection,Normale,Trois véhicules et plus - en chaîne,,,,,,,,,,,1,1,1,1.0,4
201200012987,0012-01-12 04:15:00,12,1,12,4,15,740,268,,45.842,6.06,Nuit sans éclairage public,Hors agglomération,Hors intersection,Normale,Deux véhicules - frontale,,,,,,,,,,,3,1,1,1.0,1
201200012988,0012-03-24 16:45:00,12,3,24,16,45,740,268,25 rue de la Croix Rouge,,,Plein jour,En agglomération,Hors intersection,Normale,Autre collision,,,,,,,,,,,1,2,1,1.0,6
201200012989,0012-03-31 11:45:00,12,3,31,11,45,740,268,RTES  VIEUGY/ MECLAZ,,,Plein jour,Hors agglomération,Intersection en X,Normale,Deux véhicules - côté,,,,,,,,,,,1,1,2,1.0,3
201200012990,0012-04-27 18:15:00,12,4,27,18,15,740,268,,,,Plein jour,Hors agglomération,Hors intersection,Normale,Trois véhicules et plus - collisions multiples,,,,,,,,,,,1,1,1,1.0,5
201200012991,0012-05-23 16:45:00,12,5,23,16,45,740,268,,,,Plein jour,Hors agglomération,Hors intersection,Normale,Deux véhicules - arrière,,,,,,,,,,,1,1,1,1.0,2
201200012992,0012-09-11 09:15:00,12,9,11,9,15,740,268,,,,Plein jour,Hors agglomération,Intersection en Y,Normale,Deux véhicules - côté,,,,,,,,,,,1,1,4,1.0,3
201200012993,0012-09-16 19:30:00,12,9,16,19,30,740,268,RUE DU BOIS GENTIL,,,Crépuscule ou aube,En agglomération,Hors intersection,Normale,Autre collision,,,,,,,,,,,2,2,1,1.0,6
201200012994,0012-10-15 18:30:00,12,10,15,18,30,740,268,,,,Plein jour,Hors agglomération,Hors intersection,Normale,Deux véhicules - frontale,,,,,,,,,,,1,1,1,1.0,1
201200012995,0012-10-21 15:00:00,12,10,21,15,0,740,219,,,,Plein jour,Hors agglomération,Hors intersection,Normale,Deux véhicules - frontale,,,,,,,,,,,1,1,1,1.0,1
201200012996,0012-11-08 18:15:00,12,11,8,18,15,740,268,2 ALLEE DES AUBEPINES,,,Nuit avec éclairage allumé,En agglomération,Hors intersection,Normale,Autre collision,,,,,,,,,,,5,2,1,1.0,6
201200012997,0012-01-02 15:45:00,12,1,2,15,45,690,288,,45.675,5.05,Plein jour,Hors agglomération,Hors intersection,Normale,Sans collision,,,,,,,,,,,1,1,1,1.0,7
201200012998,0012-06-15 18:15:00,12,6,15,18,15,10,89,A42,45.9849,5.31248,Plein jour,Hors agglomération,Hors intersection,Normale,Autre collision,,,,,,,,,,,1,1,1,1.0,6
201200012999,0012-06-20 13:30:00,12,6,20,13,30,10,27,,45.9858,5.31261,Plein jour,Hors agglomération,Hors intersection,Normale,Deux véhicules - arrière,,,,,,,,,,,1,1,1,1.0,2
201200013000,0012-09-10 06:15:00,12,9,10,6,15,10,276,,45.834,5.03,Nuit sans éclairage public,Hors agglomération,Hors intersection,Normale,Deux véhicules - arrière,,,,,,,,,,,3,1,1,1.0,2
201200013001,0012-12-23 10:15:00,12,12,23,10,15,10,62,,45.861,5.111,Plein jour,Hors agglomération,Hors intersection,Normale,Deux véhicules - arrière,,,,,,,,,,,1,1,1,1.0,2
201200013002,0012-01-28 16:00:00,12,1,28,16,0,420,256,avenue de la gare,45.49544,4.17842,Plein jour,En agglomération,Hors intersection,Normale,Deux véhicules - côté,,,,,,,,,,,1,2,1,1.0,3
201200013003,0012-03-06 16:30:00,12,3,6,16,30,420,279,,45.4843,4.26375,Crépuscule ou aube,Hors agglomération,Hors intersection,Pluie légère,Autre collision,,,,,,,,,,,2,1,1,2.0,6
201200013004,0012-03-10 04:15:00,12,3,10,4,15,420,279,1 Rue de la Marine,45.5033,4.25999,Nuit avec éclairage allumé,En agglomération,Intersection en X,Normale,Deux véhicules - côté,,,,,,,,,,,5,2,2,1.0,3
201200013005,0012-04-02 07:45:00,12,4,2,7,45,420,279,avenue des barques,45.49943,4.24421,Plein jour,En agglomération,Hors intersection,Normale,Deux véhicules - frontale,,,,,,,,,,,1,2,1,1.0,1
201200013006,0012-03-12 13:30:00,12,3,12,13,30,420,279,,45.49483,4.28021,Plein jour,Hors agglomération,Hors intersection,Normale,Sans collision,,,,,,,,,,,1,1,1,1.0,7
201200013007,0012-05-12 20:30:00,12,5,12,20,30,420,279,,45.49861,4.22179,Crépuscule ou aube,Hors agglomération,Hors intersection,Temps couvert,Sans collision,,,,,,,,,,,2,1,1,8.0,7
201200013008,0012-05-15 11:00:00,12,5,15,11,0,420,279,rue Crozet Fourneyron,45.50256,4.2646,Plein jour,En agglomération,Hors intersection,Normale,Deux véhicules - côté,,,,,,,,,,,1,2,1,1.0,3
201200013009,0012-05-29 17:00:00,12,5,29,17,0,420,279,Bd de la lib?ration,45.49941,4.24039,Plein jour,En agglomération,Hors intersection,Normale,Deux véhicules - frontale,,,,,,,,,,,1,2,1,1.0,1
201200013010,0012-08-12 13:45:00,12,8,12,13,45,420,279,3 avenue mellet mandart,45.5033,4.26002,Plein jour,En agglomération,Giratoire,Normale,Deux véhicules - frontale,,,,,,,,,,,1,2,6,1.0,1
201200013011,0012-10-06 10:00:00,12,10,6,10,0,420,169,,45.44477,4.17687,Plein jour,Hors agglomération,Hors intersection,Normale,Deux véhicules - arrière,,,,,,,,,,,1,1,1,1.0,2
201200013012,0012-10-07 14:45:00,12,10,7,14,45,420,279,ROUTE DE BONSON,45.50394,4.24966,Plein jour,En agglomération,Hors intersection,Normale,Deux véhicules - côté,,,,,,,,,,,1,2,1,1.0,3
201200013013,0012-10-13 14:00:00,12,10,13,14,0,420,279,route de chambles,45.49496,4.24428,Plein jour,En agglomération,Hors intersection,Normale,Deux véhicules - frontale,,,,,,,,,,,1,2,1,1.0,1
201200013014,0012-12-11 22:30:00,12,12,11,22,30,560,231,,,,Nuit sans éclairage public,Hors agglomération,Hors intersection,Normale,Autre collision,,,,,,,,,,,3,1,1,1.0,6
201200013015,0012-01-28 16:15:00,12,1,28,16,15,910,37,D 74,,,Plein jour,Hors agglomération,Hors intersection,Normale,Deux véhicules - côté,,,,,,,,,,,1,1,1,1.0,3
201200013016,0012-04-07 22:45:00,12,4,7,22,45,910,45,RD191,,,Nuit sans éclairage public,Hors agglomération,Hors intersection,Normale,Autre collision,,,,,,,,,,,3,1,1,1.0,6
201200013017,0012-07-18 18:30:00,12,7,18,18,30,910,649,D 31,,,Plein jour,Hors agglomération,Hors intersection,Normale,Deux véhicules - arrière,,,,,,,,,,,1,1,1,1.0,2
201200013018,0012-08-09 01:30:00,12,8,9,1,30,910,135,26 RUE DE NAINVILLE,,,Nuit avec éclairage non allumé,En agglomération,Hors intersection,Normale,Autre collision,,,,,,,,,,,4,2,1,1.0,6
201200013019,0012-12-05 12:30:00,12,12,5,12,30,910,244,avenue Saint Rémi D17,48.554,2.406,Plein jour,En agglomération,Hors intersection,Temps couvert,Autre collision,,,,,,,,,,,1,2,1,8.0,6
201200013020,0012-02-09 06:45:00,12,2,9,6,45,510,629,D951,,,Nuit sans éclairage public,Hors agglomération,Hors intersection,Autre,Sans collision,,,,,,,,,,,3,1,1,9.0,7
201200013021,0012-03-21 16:15:00,12,3,21,16,15,510,613,RUE DE CHANZY,,,Plein jour,En agglomération,Hors intersection,Normale,Sans collision,,,,,,,,,,,1,2,1,1.0,7
201200013022,0012-04-15 07:00:00,12,4,15,7,0,510,333,D9,,,Plein jour,Hors agglomération,Hors intersection,Normale,Autre collision,,,,,,,,,,,1,1,1,1.0,6
201200013023,0012-04-21 15:15:00,12,4,21,15,15,510,631,D951,,,Plein jour,Hors agglomération,Hors intersection,Normale,Trois véhicules et plus - en chaîne,,,,,,,,,,,1,1,1,1.0,4
201200013024,0012-07-11 03:30:00,12,7,11,3,30,510,530,D8,,,Nuit sans éclairage public,Hors agglomération,Hors intersection,Normale,Autre collision,,,,,,,,,,,3,1,1,1.0,6
201200013025,0012-08-01 07:45:00,12,8,1,7,45,510,7,D19,,,Plein jour,Hors agglomération,Hors intersection,Normale,Autre collision,,,,,,,,,,,1,1,1,1.0,6
201200013026,0012-12-14 11:45:00,12,12,14,11,45,510,613,D26,,,Plein jour,Hors agglomération,Autre intersection,Pluie forte,Deux véhicules - frontale,,,,,,,,,,,1,1,9,3.0,1
201200013027,0012-12-29 18:30:00,12,12,29,18,30,510,333,D9,,,Nuit avec éclairage allumé,Hors agglomération,Hors intersection,Normale,Sans collision,,,,,,,,,,,5,1,1,1.0,7
201200013028,0012-03-06 16:45:00,12,3,6,16,45,310,157,rue de la cressonnière,,,Plein jour,En agglomération,Giratoire,Temps éblouissant,Deux véhicules - côté,,,,,,,,,,,1,2,6,7.0,3
201200013029,0012-07-03 17:30:00,12,7,3,17,30,310,157,route de toulouse,43.53817,1.34529,Plein jour,En agglomération,Hors intersection,Normale,Deux véhicules - frontale,,,,,,,,,,,1,2,1,1.0,1
201200013030,0012-08-20 16:45:00,12,8,20,16,45,310,588,Boulevard des pyrenees,43.52714,1.33569,Plein jour,En agglomération,Giratoire,Normale,Deux véhicules - côté,,,,,,,,,,,1,2,6,1.0,3
201200013031,0012-01-15 16:45:00,12,1,15,16,45,60,18,,,,Plein jour,Hors agglomération,Hors intersection,Normale,Deux véhicules - frontale,,,,,,,,,,,1,1,1,1.0,1
201200013032,0012-02-22 13:15:00,12,2,22,13,15,60,152,,,,Plein jour,Hors agglomération,Hors intersection,Normale,Deux véhicules - arrière,,,,,,,,,,,1,1,1,1.0,2
201200013033,0012-01-26 12:00:00,12,1,26,12,0,60,152,,,,Plein jour,Hors agglomération,Hors intersection,Normale,Autre collision,,,,,,,,,,,1,1,1,1.0,6
201200013034,0012-03-06 08:15:00,12,3,6,8,15,60,152,,,,Plein jour,Hors agglomération,Intersection en T,Normale,Deux véhicules - côté,,,,,,,,,,,1,1,3,1.0,3
201200013035,0012-04-04 14:00:00,12,4,4,14,0,60,152,,,,Plein jour,Hors agglomération,Hors intersection,Normale,Deux véhicules - côté,,,,,,,,,,,1,1,1,1.0,3
201200013036,0012-04-25 14:00:00,12,4,25,14,0,60,18,3735 ROUTE DES DOLINES,,,Plein jour,En agglomération,Hors intersection,Normale,Trois véhicules et plus - en chaîne,,,,,,,,,,,1,2,1,1.0,4
201200013037,0012-05-07 08:00:00,12,5,7,8,0,60,152,,,,Plein jour,Hors agglomération,Hors intersection,Normale,Deux véhicules - frontale,,,,,,,,,,,1,1,1,1.0,1
201200013038,0012-05-09 21:00:00,12,5,9,21,0,60,152,,,,Nuit sans éclairage public,Hors agglomération,Hors intersection,Normale,Autre collision,,,,,,,,,,,3,1,1,1.0,6
201200013039,0012-05-20 11:45:00,12,5,20,11,45,60,152,,,,Plein jour,Hors agglomération,Hors intersection,Pluie légère,Autre collision,,,,,,,,,,,1,1,1,2.0,6
201200013040,0012-06-11 18:45:00,12,6,11,18,45,60,152,,,,Plein jour,Hors agglomération,Hors intersection,Normale,Deux véhicules - frontale,,,,,,,,,,,1,1,1,1.0,1
201200013041,0012-07-22 21:30:00,12,7,22,21,30,60,152,,43.61,7.05,Nuit sans éclairage public,Hors agglomération,Hors intersection,Autre,Autre collision,,,,,,,,,,,3,1,1,9.0,6
201200013042,0012-07-26 21:45:00,12,7,26,21,45,60,155,,43.602,7.058,Nuit avec éclairage non allumé,Hors agglomération,Hors intersection,Normale,Deux véhicules - côté,,,,,,,,,,,4,1,1,1.0,3
201200013043,0012-08-10 08:30:00,12,8,10,8,30,60,18,,,,Plein jour,Hors agglomération,Hors intersection,Normale,Deux véhicules - frontale,,,,,,,,,,,1,1,1,1.0,1
201200013044,0012-08-18 04:45:00,12,8,18,4,45,60,152,,,,Nuit avec éclairage non allumé,Hors agglomération,Hors intersection,Normale,Autre collision,,,,,,,,,,,4,1,1,1.0,6
201200013045,0012-08-21 12:30:00,12,8,21,12,30,60,152,,,,Plein jour,Hors agglomération,Hors intersection,Normale,Deux véhicules - côté,,,,,,,,,,,1,1,1,1.0,3
201200013046,0012-09-21 15:15:00,12,9,21,15,15,60,152,,,,Plein jour,Hors agglomération,Intersection en T,Normale,Deux véhicules - frontale,,,,,,,,,,,1,1,3,1.0,1
201200013047,0012-11-16 10:30:00,12,11,16,10,30,60,152,,,,Plein jour,Hors agglomération,Hors intersection,Normale,Autre collision,,,,,,,,,,,1,1,1,1.0,6
201200013048,0012-10-10 11:30:00,12,10,10,11,30,60,152,,,,Plein jour,Hors agglomération,Hors intersection,Normale,Sans collision,,,,,,,,,,,1,1,1,1.0,7
201200013049,0012-12-16 09:45:00,12,12,16,9,45,60,152,AVENUE DE PIERREFEU,,,Plein jour,En agglomération,Hors intersection,Normale,Sans collision,,,,,,,,,,,1,2,1,1.0,7
201200013050,0012-11-12 07:00:00,12,11,12,7,0,690,63,QUAI ILLHAEUSERN,,,Plein jour,En agglomération,Hors intersection,Normale,Deux véhicules - frontale,,,,,,,,,,,1,2,1,1.0,1
201200013051,0012-01-03 13:45:00,12,1,3,13,45,690,244,Boulevard du valvert,,,Plein jour,En agglomération,Hors intersection,Normale,Deux véhicules - frontale,,,,,,,,,,,1,2,1,1.0,1
201200013052,0012-02-02 11:30:00,12,2,2,11,30,690,89,av.chater,,,Plein jour,En agglomération,Intersection en Y,Normale,Deux véhicules - arrière,,,,,,,,,,,1,2,4,1.0,2
201200013053,0012-04-10 17:00:00,12,4,10,17,0,690,244,rue fran?ois Mermet,,,Plein jour,En agglomération,Hors intersection,Temps couvert,Deux véhicules - côté,,,,,,,,,,,1,2,1,8.0,3
201200013054,0012-07-27 18:45:00,12,7,27,18,45,690,244,,,,Plein jour,Hors agglomération,Hors intersection,Normale,Autre collision,,,,,,,,,,,1,1,1,1.0,6
201200013055,0012-07-29 20:30:00,12,7,29,20,30,690,244,route de paris,45.768,4.769,Crépuscule ou aube,En agglomération,Hors intersection,Normale,Deux véhicules - côté,,,,,,,,,,,2,2,1,1.0,3