accident_id,datetime,annee,mois,jour,heure,minute,departement,commune_insee,adresse,latitude,longitude,luminosite,agglomeration,intersection,meteo,collision,nb_vehicules,nb_usagers,nb_indemnes,nb_tues,nb_blesses_hosp,nb_blesses_legers,age_cond_1,age_cond_2,veh_type_cond_1,veh_type_cond_2,lum_code,agg_code,int_code,atm_code,col_code
201200013056,0012-09-05 14:45:00,12,9,5,14,45,690,244,12 rue Fran?ois Mermet,,,Plein jour,En agglomération,Hors intersection,Normale,Sans collision,,,,,,,,,,,1,2,1,1.0,7
201200013057,0012-09-10 17:00:00,12,9,10,17,0,690,244,172 av C DE GAULLE,,,Plein jour,En agglomération,Hors intersection,Normale,Deux véhicules - côté,,,,,,,,,,,1,2,1,1.0,3
201200013058,0012-09-27 15:30:00,12,9,27,15,30,690,244,AVENUE GENERAL DE GAULLE,,,Plein jour,En agglomération,Hors intersection,Pluie légère,Autre collision,,,,,,,,,,,1,2,1,2.0,6
201200013059,0012-01-04 08:30:00,12,1,4,8,30,380,340,,,,Plein jour,En agglomération,Hors intersection,Temps couvert,Deux véhicules - côté,,,,,,,,,,,1,2,1,8.0,3
201200013060,0012-05-09 18:30:00,12,5,9,18,30,380,425,rue pottier et cl?ment,,,Plein jour,En agglomération,Hors intersection,Normale,Autre collision,,,,,,,,,,,1,2,1,1.0,6
201200013061,0012-07-13 16:45:00,12,7,13,16,45,380,353,,,,Plein jour,Hors agglomération,Hors intersection,Normale,Deux véhicules - frontale,,,,,,,,,,,1,1,1,1.0,1
201200013062,0012-09-14 18:45:00,12,9,14,18,45,380,378,CD4,,,Plein jour,En agglomération,Giratoire,Normale,Deux véhicules - côté,,,,,,,,,,,1,2,6,1.0,3
201200013063,0012-09-16 16:45:00,12,9,16,16,45,380,425,18 ru G Brassens,,,Plein jour,En agglomération,Hors intersection,Normale,Sans collision,,,,,,,,,,,1,2,1,1.0,7
201200013064,0012-09-19 14:15:00,12,9,19,14,15,380,448,,45.46,4.81,Plein jour,Hors agglomération,Hors intersection,Normale,Deux véhicules - côté,,,,,,,,,,,1,1,1,1.0,3
201200013065,0012-09-29 09:00:00,12,9,29,9,0,380,536,route des alpes,,,Plein jour,En agglomération,Hors intersection,Pluie légère,Deux véhicules - frontale,,,,,,,,,,,1,2,1,2.0,1
201200013066,0012-06-16 13:15:00,12,6,16,13,15,740,299,ROUTE DU PORT,,,Plein jour,En agglomération,Hors intersection,Normale,Deux véhicules - frontale,,,,,,,,,,,1,2,1,1.0,1
201200013067,0012-06-27 16:15:00,12,6,27,16,15,740,137,223 route de la gare,,,Plein jour,En agglomération,Autre intersection,Normale,Autre collision,,,,,,,,,,,1,2,9,1.0,6
201200013068,0012-07-16 20:00:00,12,7,16,20,0,740,62,,45.982,6.165,Plein jour,Hors agglomération,Hors intersection,Normale,Deux véhicules - frontale,,,,,,,,,,,1,1,1,1.0,1
201200013069,0012-09-15 19:15:00,12,9,15,19,15,740,282,ROUTE DES FLEURIES,46.001,6.25,Plein jour,En agglomération,Hors intersection,Normale,Deux véhicules - côté,,,,,,,,,,,1,2,1,1.0,3
201200013070,0012-11-17 01:30:00,12,11,17,1,30,740,120,LE CHAUMET,,,Crépuscule ou aube,En agglomération,Hors intersection,Brouillard / fumée,Deux véhicules - frontale,,,,,,,,,,,2,2,1,5.0,1
201200013071,0012-12-22 00:15:00,12,12,22,0,15,740,245,,,,Nuit avec éclairage allumé,En agglomération,Hors intersection,Normale,Deux véhicules - arrière,,,,,,,,,,,5,2,1,1.0,2
201200013072,0012-04-30 17:30:00,12,4,30,17,30,340,320,,43.66554,3.76051,Plein jour,Hors agglomération,Hors intersection,Normale,Deux véhicules - frontale,,,,,,,,,,,1,1,1,1.0,1
201200013073,0012-06-02 12:00:00,12,6,2,12,0,340,320,,43.64061,3.73026,Plein jour,Hors agglomération,Hors intersection,Normale,Autre collision,,,,,,,,,,,1,1,1,1.0,6
201200013074,0012-08-07 12:15:00,12,8,7,12,15,340,255,Avenue du pic Saint Loup,43.64467,3.80668,Plein jour,En agglomération,Hors intersection,Normale,Deux véhicules - côté,,,,,,,,,,,1,2,1,1.0,3
201200013075,0012-08-22 00:15:00,12,8,22,0,15,340,255,,43.68719,3.82583,Nuit sans éclairage public,Hors agglomération,Hors intersection,Normale,Autre collision,,,,,,,,,,,3,1,1,1.0,6
201200013076,0012-01-17 01:00:00,12,1,17,1,0,10,445,,46.3532,5.28728,Nuit sans éclairage public,Hors agglomération,Hors intersection,Normale,Sans collision,,,,,,,,,,,3,1,1,1.0,7
201200013077,0012-03-04 16:30:00,12,3,4,16,30,10,451,,46.2444,5.26772,Plein jour,Hors agglomération,Hors intersection,Normale,Deux véhicules - arrière,,,,,,,,,,,1,1,1,1.0,2
201200013078,0012-03-09 12:30:00,12,3,9,12,30,10,38,,46.3093,5.25923,Plein jour,Hors agglomération,Hors intersection,Normale,Trois véhicules et plus - collisions multiples,,,,,,,,,,,1,1,1,1.0,5
201200013079,0012-06-22 04:45:00,12,6,22,4,45,10,451,,46.2546,5.24394,Nuit sans éclairage public,Hors agglomération,Hors intersection,Normale,Sans collision,,,,,,,,,,,3,1,1,1.0,7
201200013080,0012-08-05 13:00:00,12,8,5,13,0,10,195,,,,Plein jour,Hors agglomération,Hors intersection,Normale,Sans collision,,,,,,,,,,,1,1,1,1.0,7
201200013081,0012-08-10 10:15:00,12,8,10,10,15,10,24,,,,Plein jour,Hors agglomération,Hors intersection,Normale,Sans collision,,,,,,,,,,,1,1,1,1.0,7
201200013082,0012-09-24 22:45:00,12,9,24,22,45,10,38,,,,Nuit sans éclairage public,Hors agglomération,Hors intersection,Normale,Sans collision,,,,,,,,,,,3,1,1,1.0,7
201200013083,0012-10-11 08:30:00,12,10,11,8,30,10,254,,,,Plein jour,Hors agglomération,Hors intersection,Normale,Deux véhicules - frontale,,,,,,,,,,,1,1,1,1.0,1
201200013084,0012-12-19 22:30:00,12,12,19,22,30,10,147,,46.415,5.353,Nuit sans éclairage public,Hors agglomération,Hors intersection,Brouillard / fumée,Autre collision,,,,,,,,,,,3,1,1,5.0,6
201200013085,0012-02-03 02:00:00,12,2,3,2,0,20,355,,,,Nuit sans éclairage public,Hors agglomération,Hors intersection,Normale,Deux véhicules - arrière,,,,,,,,,,,3,1,1,1.0,2
201200013086,0012-04-02 23:30:00,12,4,2,23,30,20,303,,,,Nuit sans éclairage public,Hors agglomération,Hors intersection,Normale,Deux véhicules - arrière,,,,,,,,,,,3,1,1,1.0,2
201200013087,0012-08-19 17:15:00,12,8,19,17,15,20,124,,,,Plein jour,Hors agglomération,Hors intersection,Normale,Deux véhicules - côté,,,,,,,,,,,1,1,1,1.0,3
201200013088,0012-08-26 02:25:00,12,8,26,2,25,20,124,,,,Nuit sans éclairage public,Hors agglomération,Hors intersection,Pluie légère,Deux véhicules - arrière,,,,,,,,,,,3,1,1,2.0,2
201200013089,0012-10-21 23:15:00,12,10,21,23,15,20,9,,,,Nuit sans éclairage public,Hors agglomération,Hors intersection,Normale,Sans collision,,,,,,,,,,,3,1,1,1.0,7
201200013090,0012-12-11 07:30:00,12,12,11,7,30,20,355,,,,Nuit sans éclairage public,Hors agglomération,Hors intersection,Normale,Deux véhicules - arrière,,,,,,,,,,,3,1,1,1.0,2
201200013091,0012-01-05 16:15:00,12,1,5,16,15,780,571,RUE DE LA CURE,,,Crépuscule ou aube,En agglomération,Hors intersection,Pluie forte,Autre collision,,,,,,,,,,,2,2,1,3.0,6
201200013092,0012-02-04 12:00:00,12,2,4,12,0,780,571,RD 98/ RD 307,,,Plein jour,En agglomération,Intersection à plus de 4 branches,Normale,Deux véhicules - côté,,,,,,,,,,,1,2,5,1.0,3
201200013093,0012-02-15 18:00:00,12,2,15,18,0,780,571,RTE DE VILLEPREUX/RD 307,,,Nuit avec éclairage allumé,En agglomération,Intersection en X,Pluie légère,Autre collision,,,,,,,,,,,5,2,2,2.0,6
201200013094,0012-06-11 02:00:00,12,6,11,2,0,780,43,RD 307,48.842,2.061,Nuit sans éclairage public,Hors agglomération,Hors intersection,Autre,Autre collision,,,,,,,,,,,3,1,1,9.0,6
201200013095,0012-06-15 10:15:00,12,6,15,10,15,780,43,R DE MAULE,48.84018,2.08004,Plein jour,En agglomération,Hors intersection,Normale,Autre collision,,,,,,,,,,,1,2,1,1.0,6
201200013096,0012-06-22 18:00:00,12,6,22,18,0,780,152,RD 30,,,Plein jour,Hors agglomération,Hors intersection,Normale,Deux véhicules - arrière,,,,,,,,,,,1,1,1,1.0,2
201200013097,0012-10-12 16:00:00,12,10,12,16,0,780,571,RD 307 / RD 98,48.85423,2.02548,Plein jour,En agglomération,Intersection en X,Temps couvert,Deux véhicules - frontale,,,,,,,,,,,1,2,2,8.0,1
201200013098,0012-11-10 10:00:00,12,11,10,10,0,780,455,all?e de bon repos,,,Plein jour,En agglomération,Hors intersection,Normale,Autre collision,,,,,,,,,,,1,2,1,1.0,6
201200013099,0012-11-22 11:30:00,12,11,22,11,30,780,43,,,,Nuit avec éclairage non allumé,Hors agglomération,Hors intersection,Brouillard / fumée,Deux véhicules - frontale,,,,,,,,,,,4,1,1,5.0,1
201200013100,0012-02-18 14:15:00,12,2,18,14,15,130,112,,,,Plein jour,Hors agglomération,Hors intersection,Normale,Deux véhicules - côté,,,,,,,,,,,1,1,1,1.0,3
201200013101,0012-03-14 19:30:00,12,3,14,19,30,130,114,Carrefour CD 10/CD65,,,Nuit sans éclairage public,En agglomération,Intersection en Y,Normale,Deux véhicules - côté,,,,,,,,,,,3,2,4,1.0,3
201200013102,0012-03-16 22:45:00,12,3,16,22,45,130,37,55AVENUE DES GRAMENI?RES,43.5508,5.18185,Nuit avec éclairage allumé,En agglomération,Hors intersection,Normale,Autre collision,,,,,,,,,,,5,2,1,1.0,6
201200013103,0012-03-29 08:30:00,12,3,29,8,30,130,112,RD20 av g?n?ral Leclerc,,,Plein jour,En agglomération,Hors intersection,Normale,Deux véhicules - côté,,,,,,,,,,,1,2,1,1.0,3
201200013104,0012-07-13 17:30:00,12,7,13,17,30,130,112,,,,Plein jour,Hors agglomération,Hors intersection,Normale,Deux véhicules - arrière,,,,,,,,,,,1,1,1,1.0,2
201200013105,0012-11-20 18:00:00,12,11,20,18,0,130,118,,43.553,5.242,Nuit sans éclairage public,Hors agglomération,Hors intersection,Normale,Trois véhicules et plus - en chaîne,,,,,,,,,,,3,1,1,1.0,4
201200013106,0012-05-17 03:30:00,12,5,17,3,30,950,42,RD 301,49.0545,2.3311,Nuit sans éclairage public,Hors agglomération,Hors intersection,Normale,Autre collision,,,,,,,,,,,3,1,1,1.0,6
201200013107,0012-04-28 18:40:00,12,4,28,18,40,950,445,RN 1,49.0942,2.3002,Plein jour,Hors agglomération,Hors intersection,Pluie légère,Trois véhicules et plus - en chaîne,,,,,,,,,,,1,1,1,2.0,4
201200013108,0012-10-31 07:45:00,12,10,31,7,45,950,353,RN1,49.0868,2.3116,Plein jour,Hors agglomération,Hors intersection,Normale,Trois véhicules et plus - en chaîne,,,,,,,,,,,1,1,1,1.0,4
201200013109,0012-12-13 16:45:00,12,12,13,16,45,950,430,RN1,49.0675,2.3282,Crépuscule ou aube,Hors agglomération,Hors intersection,Pluie légère,Trois véhicules et plus - collisions multiples,,,,,,,,,,,2,1,1,2.0,5
201200013110,0012-03-07 07:45:00,12,3,7,7,45,90,131,,42.76569,1.74831,Plein jour,Hors agglomération,Hors intersection,Normale,Deux véhicules - frontale,,,,,,,,,,,1,1,1,1.0,1
201200013111,0012-04-29 10:30:00,12,4,29,10,30,90,189,,42.66335,1.83526,Plein jour,Hors agglomération,Hors intersection,Normale,Deux véhicules - frontale,,,,,,,,,,,1,1,1,1.0,1
201200013112,0012-07-14 13:00:00,12,7,14,13,0,90,189,,42.61089,1.81925,Plein jour,Hors agglomération,Hors intersection,Temps couvert,Trois véhicules et plus - collisions multiples,,,,,,,,,,,1,1,1,8.0,5
201200013113,0012-09-02 09:45:00,12,9,2,9,45,90,32,,42.68657,1.82322,Plein jour,Hors agglomération,Hors intersection,Pluie légère,Autre collision,,,,,,,,,,,1,1,1,2.0,6
201200013114,0012-09-09 13:00:00,12,9,9,13,0,90,70,,42.78521,1.69453,Plein jour,Hors agglomération,Hors intersection,Normale,Autre collision,,,,,,,,,,,1,1,1,1.0,6
201200013115,0012-11-22 23:00:00,12,11,22,23,0,90,283,10 Avenue d'Espagne,42.72931,1.81603,Nuit avec éclairage allumé,En agglomération,Hors intersection,Normale,Autre collision,,,,,,,,,,,5,2,1,1.0,6
201200013116,0012-11-24 15:00:00,12,11,24,15,0,90,131,,,,Plein jour,Hors agglomération,Hors intersection,Normale,Sans collision,,,,,,,,,,,1,1,1,1.0,7
201200013117,0012-12-13 13:30:00,12,12,13,13,30,90,32,,,,Plein jour,Hors agglomération,Hors intersection,Normale,Trois véhicules et plus - collisions multiples,,,,,,,,,,,1,1,1,1.0,5
201200013118,0012-04-26 20:30:00,12,4,26,20,30,350,59,,48.17072,-1.73645,Plein jour,Hors agglomération,Hors intersection,Normale,Sans collision,,,,,,,,,,,1,1,1,1.0,7
201200013119,0012-05-31 22:00:00,12,5,31,22,0,350,210,Dumaine de la Josserie,48.14397,-1.77054,Nuit avec éclairage allumé,En agglomération,Intersection en T,Normale,Deux véhicules - arrière,,,,,,,,,,,5,2,3,1.0,2
201200013120,0012-07-12 11:00:00,12,7,12,11,0,350,59,Rue de Saint Malo,48.17787,-1.72244,Plein jour,En agglomération,Intersection en T,Normale,Trois véhicules et plus - en chaîne,,,,,,,,,,,1,2,3,1.0,4
201200013121,0012-12-22 21:45:00,12,12,22,21,45,350,210,,,,Nuit sans éclairage public,Hors agglomération,Hors intersection,Normale,Autre collision,,,,,,,,,,,3,1,1,1.0,6
201200013122,0012-02-14 11:15:00,12,2,14,11,15,560,214,,,,Plein jour,Hors agglomération,Hors intersection,Normale,Deux véhicules - côté,,,,,,,,,,,1,1,1,1.0,3
201200013123,0012-04-29 02:30:00,12,4,29,2,30,560,5,Rue de la poste,47.54778,-2.89173,Nuit avec éclairage allumé,En agglomération,Hors intersection,Pluie légère,Autre collision,,,,,,,,,,,5,2,1,2.0,6
201200013124,0012-06-19 21:45:00,12,6,19,21,45,560,248,,47.58146,-2.61094,Plein jour,Hors agglomération,Hors intersection,Normale,Deux véhicules - frontale,,,,,,,,,,,1,1,1,1.0,1
201200013125,0012-07-19 13:45:00,12,7,19,13,45,560,243,,47.64244,-2.72153,Plein jour,Hors agglomération,Giratoire,Normale,Deux véhicules - côté,,,,,,,,,,,1,1,6,1.0,3
201200013126,0012-08-29 18:00:00,12,8,29,18,0,560,243,rue des ajoncs,47.62158,-2.73345,Plein jour,En agglomération,Hors intersection,Normale,Deux véhicules - frontale,,,,,,,,,,,1,2,1,1.0,1
201200013127,0012-11-07 09:30:00,12,11,7,9,30,560,243,47 route de Nantes,47.65241,-2.73112,Plein jour,En agglomération,Hors intersection,Normale,Deux véhicules - côté,,,,,,,,,,,1,2,1,1.0,3
201200013128,0012-07-02 00:45:00,12,7,2,0,45,420,155,,45.80861,4.12018,Nuit sans éclairage public,Hors agglomération,Hors intersection,Pluie forte,Sans collision,,,,,,,,,,,3,1,1,3.0,7
201200013129,0012-11-23 14:00:00,12,11,23,14,0,420,295,,45.85618,3.81303,Plein jour,Hors agglomération,Autre intersection,Normale,Autre collision,,,,,,,,,,,1,1,9,1.0,6
201200013130,0012-12-28 10:45:00,12,12,28,10,45,420,155,,45.8212,4.11352,Plein jour,Hors agglomération,Autre intersection,Normale,Autre collision,,,,,,,,,,,1,1,9,1.0,6
201200013131,0012-11-29 17:15:00,12,11,29,17,15,420,66,,45.77089,4.15526,Nuit sans éclairage public,Hors agglomération,Hors intersection,Temps couvert,Autre collision,,,,,,,,,,,3,1,1,8.0,6
201200013132,0012-02-01 07:30:00,12,2,1,7,30,880,446,,48.20356,5.79721,Crépuscule ou aube,Hors agglomération,Hors intersection,Normale,Deux véhicules - frontale,,,,,,,,,,,2,1,1,1.0,1
201200013133,0012-08-15 17:00:00,12,8,15,17,0,880,62,,48.12858,5.66815,Plein jour,Hors agglomération,Hors intersection,Normale,Trois véhicules et plus - collisions multiples,,,,,,,,,,,1,1,1,1.0,5
201200013134,0012-09-27 17:30:00,12,9,27,17,30,380,553,BLVRD DE VILLEFONTAINE,45.6167,5.14764,Plein jour,En agglomération,Hors intersection,Normale,Autre collision,,,,,,,,,,,1,2,1,1.0,6
201200013135,0012-01-23 07:30:00,12,1,23,7,30,130,113,,,,Crépuscule ou aube,Hors agglomération,Hors intersection,Normale,Deux véhicules - côté,,,,,,,,,,,2,1,1,1.0,3
201200013136,0012-03-03 21:15:00,12,3,3,21,15,130,48,,,,Nuit sans éclairage public,Hors agglomération,Hors intersection,Normale,Autre collision,,,,,,,,,,,3,1,1,1.0,6
201200013137,0012-10-05 01:45:00,12,10,5,1,45,130,113,,,,Nuit sans éclairage public,Hors agglomération,Hors intersection,Brouillard / fumée,Deux véhicules - arrière,,,,,,,,,,,3,1,1,5.0,2
201200013138,0012-12-17 08:15:00,12,12,17,8,15,130,59,,,,Plein jour,Hors agglomération,Hors intersection,Normale,Deux véhicules - arrière,,,,,,,,,,,1,1,1,1.0,2
201200013139,0012-12-18 20:45:00,12,12,18,20,45,130,113,,,,Nuit sans éclairage public,Hors agglomération,Hors intersection,Normale,Deux véhicules - côté,,,,,,,,,,,3,1,1,1.0,3
201200013140,0012-10-06 06:15:00,12,10,6,6,15,180,167,,47.1115,1.89043,Nuit sans éclairage public,Hors agglomération,Hors intersection,Normale,Sans collision,,,,,,,,,,,3,1,1,1.0,7
201200013141,0012-05-01 16:15:00,12,5,1,16,15,340,337,,,,Plein jour,Hors agglomération,Autre intersection,Normale,Deux véhicules - côté,,,,,,,,,,,1,1,9,1.0,3
201200013142,0012-06-10 17:00:00,12,6,10,17,0,340,337,,,,Plein jour,Hors agglomération,Hors intersection,Normale,Deux véhicules - côté,,,,,,,,,,,1,1,1,1.0,3
201200013143,0012-06-12 10:30:00,12,6,12,10,30,340,333,,,,Plein jour,Hors agglomération,Hors intersection,Normale,Deux véhicules - arrière,,,,,,,,,,,1,1,1,1.0,2
201200013144,0012-06-20 18:30:00,12,6,20,18,30,340,333,,43.47,3.80944,Plein jour,Hors agglomération,Hors intersection,Normale,Sans collision,,,,,,,,,,,1,1,1,1.0,7
201200013145,0012-06-21 08:15:00,12,6,21,8,15,340,337,,,,Plein jour,Hors agglomération,Intersection en T,Normale,Deux véhicules - côté,,,,,,,,,,,1,1,3,1.0,3
201200013146,0012-07-09 18:45:00,12,7,9,18,45,340,333,,,,Plein jour,Hors agglomération,Hors intersection,Normale,Trois véhicules et plus - collisions multiples,,,,,,,,,,,1,1,1,1.0,5
201200013147,0012-10-04 06:45:00,12,10,4,6,45,340,337,,43.5436,3.83848,Nuit sans éclairage public,Hors agglomération,Intersection en X,Normale,Deux véhicules - côté,,,,,,,,,,,3,1,2,1.0,3
201200013148,0012-10-06 06:30:00,12,10,6,6,30,340,337,,,,Nuit sans éclairage public,Hors agglomération,Hors intersection,Normale,Autre collision,,,,,,,,,,,3,1,1,1.0,6
201200013149,0012-12-01 12:30:00,12,12,1,12,30,340,337,,,,Plein jour,Hors agglomération,Hors intersection,Temps éblouissant,Autre collision,,,,,,,,,,,1,1,1,7.0,6
201200013150,0012-12-18 18:00:00,12,12,18,18,0,340,337,,,,Nuit sans éclairage public,Hors agglomération,Hors intersection,Normale,Autre collision,,,,,,,,,,,3,1,1,1.0,6
201200013151,0012-05-02 09:45:00,12,5,2,9,45,10,63,,46.162,5.55497,Plein jour,Hors agglomération,Hors intersection,Pluie légère,Trois véhicules et plus - collisions multiples,,,,,,,,,,,1,1,1,2.0,5
201200013152,0012-07-05 17:15:00,12,7,5,17,15,10,373,,46.1289,5.58844,Plein jour,Hors agglomération,Hors intersection,Autre,Autre collision,,,,,,,,,,,1,1,1,9.0,6
201200013153,0012-08-04 19:15:00,12,8,4,19,15,10,373,,,,Plein jour,Hors agglomération,Hors intersection,Pluie légère,Deux véhicules - côté,,,,,,,,,,,1,1,1,2.0,3
201200013154,0012-08-06 16:45:00,12,8,6,16,45,10,283,,,,Plein jour,Hors agglomération,Hors intersection,Normale,Deux véhicules - arrière,,,,,,,,,,,1,1,1,1.0,2
201200013155,0012-09-30 16:00:00,12,9,30,16,0,10,373,,46.134,5.552,Plein jour,Hors agglomération,Hors intersection,Pluie forte,Autre collision,,,,,,,,,,,1,1,1,3.0,6
201200013156,0012-07-14 16:45:00,12,7,14,16,45,140,21,,49.335,-0.618,Plein jour,Hors agglomération,Hors intersection,Normale,Deux véhicules - frontale,,,,,,,,,,,1,1,1,1.0,1
201200013157,0012-01-16 19:30:00,12,1,16,19,30,130,29,,,,Nuit sans éclairage public,Hors agglomération,Hors intersection,Normale,Autre collision,,,,,,,,,,,3,1,1,1.0,6
201200013158,0012-01-18 18:00:00,12,1,18,18,0,130,44,*,,,Nuit sans éclairage public,Hors agglomération,Hors intersection,Normale,Deux véhicules - frontale,,,,,,,,,,,3,1,1,1.0,1
201200013159,0012-02-02 02:00:00,12,2,2,2,0,130,44,,,,Nuit sans éclairage public,Hors agglomération,Hors intersection,Normale,Deux véhicules - côté,,,,,,,,,,,3,1,1,1.0,3
201200013160,0012-04-01 06:30:00,12,4,1,6,30,130,69,,,,Crépuscule ou aube,Hors agglomération,Hors intersection,Normale,Sans collision,,,,,,,,,,,2,1,1,1.0,7
201200013161,0012-04-02 08:00:00,12,4,2,8,0,130,51,,,,Plein jour,Hors agglomération,Hors intersection,Normale,Deux véhicules - côté,,,,,,,,,,,1,1,1,1.0,3
201200013162,0012-04-12 16:45:00,12,4,12,16,45,130,69,CHEMIN PETITE BRULI?RE,,,Plein jour,En agglomération,Intersection en T,Normale,Deux véhicules - côté,,,,,,,,,,,1,2,3,1.0,3
201200013163,0012-04-22 01:30:00,12,4,22,1,30,130,44,,,,Nuit sans éclairage public,Hors agglomération,Hors intersection,Normale,Autre collision,,,,,,,,,,,3,1,1,1.0,6
201200013164,0012-04-29 16:45:00,12,4,29,16,45,130,44,,,,Plein jour,Hors agglomération,Hors intersection,Normale,Autre collision,,,,,,,,,,,1,1,1,1.0,6
201200013165,0012-05-25 13:30:00,12,5,25,13,30,130,103,,,,Plein jour,Hors agglomération,Hors intersection,Normale,Deux véhicules - côté,,,,,,,,,,,1,1,1,1.0,3
201200013166,0012-06-15 16:00:00,12,6,15,16,0,130,51,*,43.589,5.136,Plein jour,Hors agglomération,Hors intersection,Normale,Trois véhicules et plus - collisions multiples,,,,,,,,,,,1,1,1,1.0,5
201200013167,0012-07-03 16:45:00,12,7,3,16,45,130,44,,,,Plein jour,Hors agglomération,Hors intersection,Normale,Deux véhicules - frontale,,,,,,,,,,,1,1,1,1.0,1
201200013168,0012-09-10 11:30:00,12,9,10,11,30,130,69,CHEMIN PETITE BRULI?RE,,,Plein jour,En agglomération,Hors intersection,Normale,Autre collision,,,,,,,,,,,1,2,1,1.0,6
201200013169,0012-09-14 17:45:00,12,9,14,17,45,130,9,,43.63,5.187,Plein jour,Hors agglomération,Autre intersection,Normale,Deux véhicules - côté,,,,,,,,,,,1,1,9,1.0,3
201200013170,0012-11-20 16:15:00,12,11,20,16,15,130,69,,,,Plein jour,Hors agglomération,Hors intersection,Normale,Deux véhicules - côté,,,,,,,,,,,1,1,1,1.0,3
201200013171,0012-08-10 08:15:00,12,8,10,8,15,50,174,,44.91697,6.67539,Plein jour,Hors agglomération,Hors intersection,Normale,Sans collision,,,,,,,,,,,1,1,1,1.0,7
201200013172,0012-08-29 16:30:00,12,8,29,16,30,50,85,descente col,44.92439,6.69041,Plein jour,Hors agglomération,Hors intersection,Normale,Deux véhicules - frontale,,,,,,,,,,,1,1,1,1.0,1
201200013173,0012-10-30 12:30:00,12,10,30,12,30,50,174,carf D994G N94,44.91251,6.67167,Plein jour,Hors agglomération,Intersection en T,Normale,Deux véhicules - côté,,,,,,,,,,,1,1,3,1.0,3
201200013174,0012-05-25 07:30:00,12,5,25,7,30,30,118,,,,Crépuscule ou aube,Hors agglomération,Hors intersection,Normale,Deux véhicules - côté,,,,,,,,,,,2,1,1,1.0,3
201200013175,0012-06-29 12:45:00,12,6,29,12,45,30,175,,,,Plein jour,Hors agglomération,Hors intersection,Normale,Deux véhicules - arrière,,,,,,,,,,,1,1,1,1.0,2
201200013176,0012-08-05 11:00:00,12,8,5,11,0,30,21,,46.12,3.12,Plein jour,Hors agglomération,Hors intersection,Normale,Deux véhicules - arrière,,,,,,,,,,,1,1,1,1.0,2
201200013177,0012-09-09 22:30:00,12,9,9,22,30,30,277,,,,Nuit sans éclairage public,Hors agglomération,Hors intersection,Normale,Autre collision,,,,,,,,,,,3,1,1,1.0,6
201200013178,0012-11-06 04:45:00,12,11,6,4,45,30,21,,46.114,3.138,Nuit sans éclairage public,Hors agglomération,Hors intersection,Normale,Deux véhicules - arrière,,,,,,,,,,,3,1,1,1.0,2
201200013179,0012-03-02 19:45:00,12,3,2,19,45,630,113,,,,Nuit sans éclairage public,Hors agglomération,Hors intersection,Normale,Trois véhicules et plus - collisions multiples,,,,,,,,,,,3,1,1,1.0,5
201200013180,0012-05-13 17:00:00,12,5,13,17,0,630,327,,,,Plein jour,Hors agglomération,Hors intersection,Normale,Trois véhicules et plus - en chaîne,,,,,,,,,,,1,1,1,1.0,4
201200013181,0012-05-21 10:15:00,12,5,21,10,15,630,300,,45.899,3.153,Plein jour,Hors agglomération,Hors intersection,Pluie forte,Deux véhicules - côté,,,,,,,,,,,1,1,1,3.0,3
201200013182,0012-08-10 08:30:00,12,8,10,8,30,630,181,,46.045,3.114,Plein jour,Hors agglomération,Hors intersection,Normale,Deux véhicules - arrière,,,,,,,,,,,1,1,1,1.0,2
201200013183,0012-08-13 11:00:00,12,8,13,11,0,630,181,,46.03,3.119,Plein jour,Hors agglomération,Hors intersection,Normale,Autre collision,,,,,,,,,,,1,1,1,1.0,6
201200013184,0012-08-14 15:45:00,12,8,14,15,45,630,135,,45.949,3.122,Plein jour,Hors agglomération,Hors intersection,Normale,Autre collision,,,,,,,,,,,1,1,1,1.0,6
201200013185,0012-08-30 15:00:00,12,8,30,15,0,630,82,,46.077,3.123,Plein jour,Hors agglomération,Hors intersection,Normale,Autre collision,,,,,,,,,,,1,1,1,1.0,6
201200013186,0012-07-05 21:30:00,12,7,5,21,30,60,84,,,,Nuit sans éclairage public,Hors agglomération,Hors intersection,Normale,Autre collision,,,,,,,,,,,3,1,1,1.0,6
201200013187,0012-01-17 16:40:00,12,1,17,16,40,490,110,,47.51767,-0.41132,Plein jour,Hors agglomération,Hors intersection,Normale,Autre collision,,,,,,,,,,,1,1,1,1.0,6
201200013188,0012-05-29 09:15:00,12,5,29,9,15,720,228,,,,Plein jour,Hors agglomération,Hors intersection,Normale,Deux véhicules - arrière,,,,,,,,,,,1,1,1,1.0,2
201200013189,0012-06-06 12:45:00,12,6,6,12,45,720,22,,,,Plein jour,Hors agglomération,Hors intersection,Normale,Deux véhicules - arrière,,,,,,,,,,,1,1,1,1.0,2
201200013190,0012-01-12 08:10:00,12,1,12,8,10,400,209,,44.5598,-1.43071,Crépuscule ou aube,Hors agglomération,Hors intersection,Brouillard / fumée,Deux véhicules - arrière,,,,,,,,,,,2,1,1,5.0,2