accident_id,datetime,annee,mois,jour,heure,minute,departement,commune_insee,adresse,latitude,longitude,luminosite,agglomeration,intersection,meteo,collision,nb_vehicules,nb_usagers,nb_indemnes,nb_tues,nb_blesses_hosp,nb_blesses_legers,age_cond_1,age_cond_2,veh_type_cond_1,veh_type_cond_2,lum_code,agg_code,int_code,atm_code,col_code
201200013191,0012-03-28 16:45:00,12,3,28,16,45,400,209,,43.54974,-1.43246,Plein jour,Hors agglomération,Hors intersection,Normale,Deux véhicules - côté,,,,,,,,,,,1,1,1,1.0,3
201200013192,0012-03-31 13:15:00,12,3,31,13,15,400,168,,43.76437,-1.22079,Plein jour,Hors agglomération,Hors intersection,Normale,Sans collision,,,,,,,,,,,1,1,1,1.0,7
201200013193,0012-05-31 23:00:00,12,5,31,23,0,400,291,,43.67645,-1.31186,Nuit avec éclairage allumé,Hors agglomération,Hors intersection,Normale,Sans collision,,,,,,,,,,,5,1,1,1.0,7
201200013194,0012-07-05 14:00:00,12,7,5,14,0,400,36,,43.65097,-1.34732,Plein jour,Hors agglomération,Hors intersection,Pluie légère,Deux véhicules - arrière,,,,,,,,,,,1,1,1,2.0,2
201200013195,0012-07-26 04:00:00,12,7,26,4,0,400,168,,43.76167,-1.22142,Nuit sans éclairage public,Hors agglomération,Hors intersection,Normale,Deux véhicules - arrière,,,,,,,,,,,3,1,1,1.0,2
201200013196,0012-09-30 01:00:00,12,9,30,1,0,400,4,,43.65329,-1.34011,Nuit sans éclairage public,Hors agglomération,Hors intersection,Normale,Autre collision,,,,,,,,,,,3,1,1,1.0,6
201200013197,0012-05-23 14:30:00,12,5,23,14,30,400,156,,44.28644,-0.89073,Plein jour,Hors agglomération,Hors intersection,Normale,Autre collision,,,,,,,,,,,1,1,1,1.0,6
201200013198,0012-05-29 00:45:00,12,5,29,0,45,400,94,,44.12466,-0.98347,Nuit sans éclairage public,Hors agglomération,Hors intersection,Normale,Autre collision,,,,,,,,,,,3,1,1,1.0,6
201200013199,0012-05-29 05:25:00,12,5,29,5,25,400,210,,44.0041,-1.02962,Nuit sans éclairage public,Hors agglomération,Hors intersection,Normale,Deux véhicules - arrière,,,,,,,,,,,3,1,1,1.0,2
201200013200,0012-08-31 05:45:00,12,8,31,5,45,400,152,,43.93594,-1.09284,Nuit sans éclairage public,Hors agglomération,Hors intersection,Normale,Deux véhicules - arrière,,,,,,,,,,,3,1,1,1.0,2
201200013201,0012-09-18 03:00:00,12,9,18,3,0,400,295,,44.39956,-0.82122,Nuit sans éclairage public,Hors agglomération,Hors intersection,Normale,Autre collision,,,,,,,,,,,3,1,1,1.0,6
201200013202,0012-04-21 19:15:00,12,4,21,19,15,630,349,avenue des volcans,45.939,2.849,Plein jour,En agglomération,Hors intersection,Temps couvert,Autre collision,,,,,,,,,,,1,2,1,8.0,6
201200013203,0012-08-23 12:45:00,12,8,23,12,45,630,206,,45.942,2.915,Plein jour,Hors agglomération,Hors intersection,Normale,Autre collision,,,,,,,,,,,1,1,1,1.0,6
201200013204,0012-11-26 01:45:00,12,11,26,1,45,630,349,,45.939,2.885,Nuit sans éclairage public,Hors agglomération,Hors intersection,Pluie légère,Autre collision,,,,,,,,,,,3,1,1,2.0,6
201200013205,0012-01-06 11:01:00,12,1,6,11,1,100,387,Rue du parc des sports,48.3043,4.08963,Plein jour,En agglomération,Autre intersection,Normale,Autre collision,,,,,,,,,,,1,2,9,1.0,6
201200013206,0012-12-29 10:00:00,12,12,29,10,0,100,387,"28, GAMBETTA (RUE)",48.29891,4.07109,Plein jour,En agglomération,Hors intersection,Temps couvert,Autre collision,,,,,,,,,,,1,2,1,8.0,6
201200013207,0012-01-08 20:30:00,12,1,8,20,30,100,387,"13, JACQUIN (RUE)",48.3043,4.08251,Nuit avec éclairage allumé,En agglomération,Intersection en X,Normale,Deux véhicules - côté,,,,,,,,,,,5,2,2,1.0,3
201200013208,0012-01-13 13:56:00,12,1,13,13,56,100,387,"193, GENERAL LECLERC (RU",48.30919,4.05459,Plein jour,En agglomération,Hors intersection,Normale,Autre collision,,,,,,,,,,,1,2,1,1.0,6
201200013209,0012-01-11 12:14:00,12,1,11,12,14,100,387,"., PIERRE CURIE (RUE)",48.28003,4.08037,Plein jour,En agglomération,Hors intersection,Normale,Autre collision,,,,,,,,,,,1,2,1,1.0,6
201200013210,0012-01-12 19:25:00,12,1,12,19,25,100,387,"5, TRINITE (RUE DE LA)",48.29475,4.07276,Nuit avec éclairage allumé,En agglomération,Hors intersection,Normale,Autre collision,,,,,,,,,,,5,2,1,1.0,6
201200013211,0012-01-19 18:52:00,12,1,19,18,52,100,387,"20, VICTOR HUGO (RUE)",48.29337,4.06875,Nuit avec éclairage allumé,En agglomération,Autre intersection,Normale,Autre collision,,,,,,,,,,,5,2,9,1.0,6
201200013212,0012-01-21 17:50:00,12,1,21,17,50,100,297,"., JEAN JAURES (RUE)",48.32609,4.09948,Nuit avec éclairage allumé,En agglomération,Hors intersection,Normale,Deux véhicules - arrière,,,,,,,,,,,5,2,1,1.0,2
201200013213,0012-01-24 14:05:00,12,1,24,14,5,100,387,WOOD ET WEST Rond point,48.29537,4.08095,Plein jour,En agglomération,Giratoire,Normale,Deux véhicules - côté,,,,,,,,,,,1,2,6,1.0,3
201200013214,0012-01-20 17:55:00,12,1,20,17,55,100,60,GENERAL LECLERC (RUE DU),48.26052,4.09348,Crépuscule ou aube,En agglomération,Intersection en Y,Normale,Deux véhicules - côté,,,,,,,,,,,2,2,4,1.0,3
201200013215,0012-01-04 16:25:00,12,1,4,16,25,100,387,"18, Av des Lombards",48.27274,4.07711,Plein jour,En agglomération,Intersection en X,Normale,Deux véhicules - frontale,,,,,,,,,,,1,2,2,1.0,1
201200013216,0012-01-10 14:59:00,12,1,10,14,59,100,387,"., REPUBLIQUE (RUE DE LA",48.2992,4.07275,Plein jour,En agglomération,Place,Normale,Autre collision,,,,,,,,,,,1,2,7,1.0,6
201200013217,0012-01-26 18:40:00,12,1,26,18,40,100,387,PHILIPPE DE CHAMPAIGNE (,48.2978,4.09505,Crépuscule ou aube,En agglomération,Intersection en T,Normale,Deux véhicules - côté,,,,,,,,,,,2,2,3,1.0,3
201200013218,0012-02-13 15:15:00,12,2,13,15,15,100,387,WOOD ET WEST (RDP),,,Plein jour,En agglomération,Giratoire,Temps couvert,Deux véhicules - côté,,,,,,,,,,,1,2,6,8.0,3
201200013219,0012-02-07 11:50:00,12,2,7,11,50,100,387,GENERAL DE GAULLE (RUE),48.29683,4.06773,Plein jour,En agglomération,Intersection en X,Normale,Sans collision,,,,,,,,,,,1,2,2,1.0,7
201200013220,0012-02-28 12:11:00,12,2,28,12,11,100,387,DAMPIERRE (QUAI),48.29843,4.0783,Plein jour,En agglomération,Hors intersection,Normale,Autre collision,,,,,,,,,,,1,2,1,1.0,6
201200013221,0012-03-01 18:00:00,12,3,1,18,0,100,297,ROGER SALENGRO (RUE),,,Plein jour,En agglomération,Hors intersection,Normale,Deux véhicules - côté,,,,,,,,,,,1,2,1,1.0,3
201200013222,0012-02-23 20:00:00,12,2,23,20,0,100,387,GEORGES POMPIDOU (BD),48.29611,4.09432,Nuit avec éclairage allumé,En agglomération,Giratoire,Normale,Autre collision,,,,,,,,,,,5,2,6,1.0,6
201200013223,0012-02-29 14:51:00,12,2,29,14,51,100,387,PREIZE (RUE DE),48.31438,4.06112,Plein jour,En agglomération,Hors intersection,Normale,Trois véhicules et plus - collisions multiples,,,,,,,,,,,1,2,1,1.0,5
201200013224,0012-03-10 20:55:00,12,3,10,20,55,100,387,GAMBETTA (BD),,,Nuit avec éclairage allumé,En agglomération,Intersection en X,Normale,Deux véhicules - côté,,,,,,,,,,,5,2,2,1.0,3
201200013225,0012-03-12 15:25:00,12,3,12,15,25,100,297,JULES GUESDE (AV),48.32089,4.10799,Plein jour,En agglomération,Autre intersection,Normale,Deux véhicules - arrière,,,,,,,,,,,1,2,9,1.0,2
201200013226,0012-03-09 11:25:00,12,3,9,11,25,100,362,ROCADE OUEST (RD 610),48.29967,4.02693,Plein jour,Hors agglomération,Hors intersection,Normale,Sans collision,,,,,,,,,,,1,1,1,1.0,7
201200013227,0012-03-14 18:10:00,12,3,14,18,10,100,387,"19 bis, MISSION (RUE DE",48.2873,4.07308,Plein jour,En agglomération,Hors intersection,Normale,Autre collision,,,,,,,,,,,1,2,1,1.0,6
201200013228,0012-02-23 10:56:00,12,2,23,10,56,100,387,"5, PREMIER RAM (RUE DU)",48.29226,4.07308,Plein jour,En agglomération,Hors intersection,Normale,Deux véhicules - arrière,,,,,,,,,,,1,2,1,1.0,2
201200013229,0012-03-21 08:05:00,12,3,21,8,5,100,81,ROCADE OUEST (RD 610),,,Plein jour,Hors agglomération,Hors intersection,Normale,Deux véhicules - arrière,,,,,,,,,,,1,1,1,1.0,2
201200013230,0012-03-09 09:10:00,12,3,9,9,10,100,333,AUXERRE (ROUTE),48.2762,4.06213,Plein jour,En agglomération,Intersection en T,Normale,Deux véhicules - côté,,,,,,,,,,,1,2,3,1.0,3
201200013231,0012-03-18 16:00:00,12,3,18,16,0,100,81,"52, ARISTIDE BRIAND (RUE",,,Plein jour,En agglomération,Intersection en T,Pluie forte,Deux véhicules - côté,,,,,,,,,,,1,2,3,3.0,3
201200013232,0012-03-27 16:09:00,12,3,27,16,9,100,333,CHARLES BALTET (RUE),,,Plein jour,En agglomération,Hors intersection,Normale,Trois véhicules et plus - collisions multiples,,,,,,,,,,,1,2,1,1.0,5
201200013233,0012-04-01 19:15:00,12,4,1,19,15,100,387,PASTEUR (RUE),48.30132,4.06419,Plein jour,En agglomération,Intersection en X,Normale,Deux véhicules - côté,,,,,,,,,,,1,2,2,1.0,3
201200013234,0012-04-07 10:50:00,12,4,7,10,50,100,387,DAMPIERRE (QUAI),48.29893,4.07759,Plein jour,En agglomération,Hors intersection,Normale,Autre collision,,,,,,,,,,,1,2,1,1.0,6
201200013235,0012-04-11 15:45:00,12,4,11,15,45,100,387,LOUIS MAISON (RUE),48.29909,4.06107,Plein jour,En agglomération,Giratoire,Normale,Deux véhicules - côté,,,,,,,,,,,1,2,6,1.0,3
201200013236,0012-04-12 19:53:00,12,4,12,19,53,100,387,LOUIS ULBACH (RUE),48.29534,4.07627,Crépuscule ou aube,En agglomération,Intersection en X,Normale,Deux véhicules - côté,,,,,,,,,,,2,2,2,1.0,3
201200013237,0012-04-25 16:53:00,12,4,25,16,53,100,81,JULES FERRY (RUE),48.32412,4.04642,Plein jour,En agglomération,Hors intersection,Pluie légère,Sans collision,,,,,,,,,,,1,2,1,2.0,7
201200013238,0012-05-10 09:10:00,12,5,10,9,10,100,297,JEAN JAURES (AV),48.31802,4.09829,Plein jour,En agglomération,Hors intersection,Normale,Autre collision,,,,,,,,,,,1,2,1,1.0,6
201200013239,0012-04-30 17:50:00,12,4,30,17,50,100,357,ROUTE DE BOURANTON (D147,48.29751,4.13468,Plein jour,En agglomération,Intersection en X,Normale,Deux véhicules - côté,,,,,,,,,,,1,2,2,1.0,3
201200013240,0012-05-22 17:10:00,12,5,22,17,10,100,387,"23, PAIX (RUE DE LA)",48.30056,4.07081,Plein jour,En agglomération,Hors intersection,Pluie légère,Deux véhicules - arrière,,,,,,,,,,,1,2,1,2.0,2
201200013241,0012-05-27 12:21:00,12,5,27,12,21,100,387,GEORGES POMPIDOU (BD),48.28896,4.0842,Plein jour,En agglomération,Intersection en X,Normale,Deux véhicules - côté,,,,,,,,,,,1,2,2,1.0,3
201200013242,0012-05-11 07:51:00,12,5,11,7,51,100,333,ROCADE OUEST (RD 610),48.28285,4.03997,Plein jour,En agglomération,Hors intersection,Normale,Sans collision,,,,,,,,,,,1,2,1,1.0,7
201200013243,0012-06-24 01:25:00,12,6,24,1,25,100,387,QUATORZE JUILLET (RUE DU,,,Nuit avec éclairage allumé,En agglomération,Giratoire,Normale,Deux véhicules - côté,,,,,,,,,,,5,2,6,1.0,3
201200013244,0012-07-16 07:25:00,12,7,16,7,25,100,357,Prolongement Bd POMPIDOU,,,Plein jour,Hors agglomération,Autre intersection,Normale,Autre collision,,,,,,,,,,,1,1,9,1.0,6
201200013245,0012-07-19 14:19:00,12,7,19,14,19,100,387,HAUTS CORTINS (RUE DES),48.31306,4.0652,Plein jour,En agglomération,Intersection en T,Normale,Deux véhicules - côté,,,,,,,,,,,1,2,3,1.0,3
201200013246,0012-07-18 14:03:00,12,7,18,14,3,100,387,PREMIER RAM (RUE DU),48.29249,4.07384,Plein jour,En agglomération,Giratoire,Normale,Deux véhicules - côté,,,,,,,,,,,1,2,6,1.0,3
201200013247,0012-08-08 17:50:00,12,8,8,17,50,100,387,JACQUIN (Cours),48.30403,4.08098,Plein jour,En agglomération,Hors intersection,Normale,Autre collision,,,,,,,,,,,1,2,1,1.0,6
201200013248,0012-08-17 11:10:00,12,8,17,11,10,100,357,LIEUTENANT MICHEL TAITTI,48.30305,4.10025,Plein jour,En agglomération,Hors intersection,Normale,Autre collision,,,,,,,,,,,1,2,1,1.0,6
201200013249,0012-08-13 16:20:00,12,8,13,16,20,100,357,GENERAL DE GAULLE (RUE D,,,Plein jour,En agglomération,Hors intersection,Normale,Deux véhicules - arrière,,,,,,,,,,,1,2,1,1.0,2
201200013250,0012-08-15 09:15:00,12,8,15,9,15,100,387,"73, ANATOLE FRANCE (RUE)",48.28145,4.06996,Plein jour,En agglomération,Hors intersection,Normale,Deux véhicules - côté,,,,,,,,,,,1,2,1,1.0,3
201200013251,0012-08-13 05:00:00,12,8,13,5,0,100,387,VOULDY (CHAUSSEE DU),48.2913,4.08771,Nuit avec éclairage allumé,En agglomération,Giratoire,Normale,Deux véhicules - côté,,,,,,,,,,,5,2,6,1.0,3
201200013252,0012-08-25 18:20:00,12,8,25,18,20,100,387,"04, CHARMILLES (MAIL DES",48.29488,4.084,Plein jour,En agglomération,Hors intersection,Normale,Deux véhicules - arrière,,,,,,,,,,,1,2,1,1.0,2
201200013253,0012-09-04 22:12:00,12,9,4,22,12,100,387,"57, PREIZE (RUE DE)",48.30327,4.07219,Nuit avec éclairage allumé,En agglomération,Intersection en T,Normale,Deux véhicules - côté,,,,,,,,,,,5,2,3,1.0,3
201200013254,0012-09-03 17:15:00,12,9,3,17,15,100,387,"215, PIERRE BROSSOLETTE",48.28379,4.07861,Plein jour,En agglomération,Hors intersection,Normale,Deux véhicules - côté,,,,,,,,,,,1,2,1,1.0,3
201200013255,0012-09-14 08:50:00,12,9,14,8,50,100,81,ROGER SALENGRO (NATIONAL,48.31247,4.04904,Plein jour,En agglomération,Giratoire,Temps éblouissant,Deux véhicules - côté,,,,,,,,,,,1,2,6,7.0,3
201200013256,0012-09-14 17:25:00,12,9,14,17,25,100,333,ANDRE MAUGOUT (RUE),48.28497,4.06101,Plein jour,En agglomération,Giratoire,Temps couvert,Deux véhicules - côté,,,,,,,,,,,1,2,6,8.0,3
201200013257,0012-09-16 10:00:00,12,9,16,10,0,100,387,GEORGES POMPIDOU (RUE),48.29106,4.08842,Plein jour,En agglomération,Giratoire,Normale,Deux véhicules - côté,,,,,,,,,,,1,2,6,1.0,3
201200013258,0012-09-14 12:10:00,12,9,14,12,10,100,387,CHALMEL (RUE),48.29618,4.06242,Plein jour,En agglomération,Intersection en T,Normale,Deux véhicules - côté,,,,,,,,,,,1,2,3,1.0,3
201200013259,0012-09-23 01:50:00,12,9,23,1,50,100,387,"34, CHOMEDEY DE MAISONNE",48.30504,4.07197,Nuit avec éclairage allumé,En agglomération,Hors intersection,Normale,Deux véhicules - arrière,,,,,,,,,,,5,2,1,1.0,2
201200013260,0012-09-21 16:40:00,12,9,21,16,40,100,387,"57, TURENNE (RUE DE)",48.29338,4.07316,Plein jour,En agglomération,Hors intersection,Pluie légère,Autre collision,,,,,,,,,,,1,2,1,2.0,6
201200013261,0012-09-22 13:40:00,12,9,22,13,40,100,333,ABBAYE DE MONTIER LA CEL,48.28605,4.04938,Plein jour,En agglomération,Hors intersection,Normale,Deux véhicules - frontale,,,,,,,,,,,1,2,1,1.0,1
201200013262,0012-09-22 18:15:00,12,9,22,18,15,100,387,"142, ETIENNE PEDRON (RUE",48.31591,4.07469,Plein jour,En agglomération,Hors intersection,Normale,Deux véhicules - côté,,,,,,,,,,,1,2,1,1.0,3
201200013263,0012-09-25 16:45:00,12,9,25,16,45,100,387,JULES GUESDE (RUE),48.28873,4.08039,Plein jour,En agglomération,Hors intersection,Temps couvert,Autre collision,,,,,,,,,,,1,2,1,8.0,6
201200013264,0012-09-24 13:40:00,12,9,24,13,40,100,387,CARNOT (RUE),48.29619,4.06686,Plein jour,En agglomération,Hors intersection,Normale,Autre collision,,,,,,,,,,,1,2,1,1.0,6
201200013265,0012-09-08 19:00:00,12,9,8,19,0,100,343,"130, MICHEL BAROIN (RUE)",48.28074,4.09511,Plein jour,En agglomération,Hors intersection,Normale,Autre collision,,,,,,,,,,,1,2,1,1.0,6
201200013266,0012-10-10 20:45:00,12,10,10,20,45,100,387,REINE BLANCHE (RUE),48.30617,4.06384,Nuit avec éclairage allumé,En agglomération,Intersection en X,Normale,Deux véhicules - côté,,,,,,,,,,,5,2,2,1.0,3
201200013267,0012-10-13 20:55:00,12,10,13,20,55,100,387,JULES GUESDE (BD),48.29056,4.08222,Nuit avec éclairage allumé,En agglomération,Intersection en X,Pluie légère,Deux véhicules - côté,,,,,,,,,,,5,2,2,2.0,3
201200013268,0012-10-01 07:55:00,12,10,1,7,55,100,81,GENERAL SARRAIL (AVE),48.3042,4.03287,Plein jour,En agglomération,Intersection en X,Normale,Deux véhicules - côté,,,,,,,,,,,1,2,2,1.0,3
201200013269,0012-10-11 19:00:00,12,10,11,19,0,100,387,MAROTS (RUE DES),48.30507,4.05314,Plein jour,En agglomération,Intersection en X,Normale,Deux véhicules - côté,,,,,,,,,,,1,2,2,1.0,3
201200013270,0012-09-22 17:22:00,12,9,22,17,22,100,387,"45, PREMIER MAI (RUE DU)",48.30454,4.08939,Plein jour,En agglomération,Intersection en T,Normale,Autre collision,,,,,,,,,,,1,2,3,1.0,6
201200013271,0012-10-18 18:55:00,12,10,18,18,55,100,333,ADOLPHE THIERS (RUE DE),48.27955,4.06221,Plein jour,En agglomération,Intersection en T,Normale,Deux véhicules - côté,,,,,,,,,,,1,2,3,1.0,3
201200013272,0012-10-01 18:03:00,12,10,1,18,3,100,387,GAMBETTA (BD),48.30073,4.07528,Crépuscule ou aube,En agglomération,Giratoire,Normale,Deux véhicules - côté,,,,,,,,,,,2,2,6,1.0,3
201200013273,0012-11-04 13:35:00,12,11,4,13,35,100,387,"50, JEAN BERTHELIN (RUE)",48.27504,4.07629,Plein jour,En agglomération,Intersection en X,Pluie légère,Deux véhicules - côté,,,,,,,,,,,1,2,2,2.0,3
201200013274,0012-11-02 14:32:00,12,11,2,14,32,100,387,ROBERT SCHUMANN (AVE),48.31017,4.09733,Plein jour,En agglomération,Intersection en T,Pluie forte,Deux véhicules - côté,,,,,,,,,,,1,2,3,3.0,3
201200013275,0012-10-31 14:10:00,12,10,31,14,10,100,387,"50, PREMIER MAI (AV DU)",48.30494,4.09078,Plein jour,En agglomération,Hors intersection,Normale,Autre collision,,,,,,,,,,,1,2,1,1.0,6
201200013276,0012-11-20 07:40:00,12,11,20,7,40,100,387,VOULDY (CHAUSSEE DU),48.29213,4.08629,Nuit avec éclairage allumé,En agglomération,Intersection en T,Brouillard / fumée,Deux véhicules - côté,,,,,,,,,,,5,2,3,5.0,3
201200013277,0012-11-11 20:45:00,12,11,11,20,45,100,357,RD619,,,Nuit sans éclairage public,Hors agglomération,Hors intersection,Temps couvert,Autre collision,,,,,,,,,,,3,1,1,8.0,6
201200013278,0012-11-13 16:00:00,12,11,13,16,0,100,81,MARECHAL LECLERC (RUE),48.31202,4.04853,Plein jour,En agglomération,Hors intersection,Normale,Autre collision,,,,,,,,,,,1,2,1,1.0,6
201200013279,0012-10-18 18:40:00,12,10,18,18,40,100,387,"28, ANATOLE FRANCE (RUE)",48.28485,4.07356,Crépuscule ou aube,En agglomération,Hors intersection,Normale,Deux véhicules - côté,,,,,,,,,,,2,2,1,1.0,3
201200013280,0012-10-20 19:40:00,12,10,20,19,40,100,387,EMILE ZOLA (RUE),,,Nuit avec éclairage allumé,En agglomération,Intersection en X,Normale,Deux véhicules - côté,,,,,,,,,,,5,2,2,1.0,3
201200013281,0012-10-27 14:52:00,12,10,27,14,52,100,387,LOMBARDS (AVENUE),48.2694,4.08376,Plein jour,En agglomération,Hors intersection,Normale,Autre collision,,,,,,,,,,,1,2,1,1.0,6
201200013282,0012-11-22 08:50:00,12,11,22,8,50,100,387,"29, DANTON (BD)",48.30377,4.07852,Plein jour,En agglomération,Intersection en T,Normale,Deux véhicules - frontale,,,,,,,,,,,1,2,3,1.0,1
201200013283,0012-11-19 08:35:00,12,11,19,8,35,100,387,VOULDY (CHAUSSEE DU),48.29474,4.0827,Plein jour,En agglomération,Hors intersection,Autre,Deux véhicules - arrière,,,,,,,,,,,1,2,1,9.0,2
201200013284,0012-11-21 07:29:00,12,11,21,7,29,100,81,"16, JULES FERRY (RUE)",48.31471,4.06092,Crépuscule ou aube,En agglomération,Hors intersection,Normale,Autre collision,,,,,,,,,,,2,2,1,1.0,6
201200013285,0012-12-16 18:38:00,12,12,16,18,38,100,81,"2, JEAN JAURES (AVE)",,,Plein jour,En agglomération,Intersection en X,Normale,Deux véhicules - côté,,,,,,,,,,,1,2,2,1.0,3
201200013286,0012-12-03 16:22:00,12,12,3,16,22,100,362,"79,GENERAL LECLERC (AVE)",48.2921,4.0399,Crépuscule ou aube,En agglomération,Hors intersection,Pluie légère,Deux véhicules - côté,,,,,,,,,,,2,2,1,2.0,3
201200013287,0012-12-18 09:20:00,12,12,18,9,20,100,81,ROCADE EST (RD 610),,,Plein jour,Hors agglomération,Hors intersection,Pluie forte,Deux véhicules - arrière,,,,,,,,,,,1,1,1,3.0,2
201200013288,0012-12-22 06:40:00,12,12,22,6,40,100,387,ROBERT SCHUMANN (RUE),48.30751,4.09579,Nuit avec éclairage allumé,En agglomération,Hors intersection,Pluie légère,Deux véhicules - frontale,,,,,,,,,,,5,2,1,2.0,1
201200013289,0012-12-22 17:20:00,12,12,22,17,20,100,387,PREMIER MAI (AVE DU),48.30522,4.09157,Nuit avec éclairage allumé,En agglomération,Hors intersection,Pluie légère,Autre collision,,,,,,,,,,,5,2,1,2.0,6
201200013290,0012-12-31 18:10:00,12,12,31,18,10,100,387,"83, PREMIER MAI (AVENUE)",48.30487,4.09041,Nuit avec éclairage allumé,En agglomération,Hors intersection,Normale,Autre collision,,,,,,,,,,,5,2,1,1.0,6
201200013291,0012-12-31 15:30:00,12,12,31,15,30,100,387,VOULDY (CHAUSSEE DU),48.29463,4.0824,Plein jour,En agglomération,Hors intersection,Normale,Deux véhicules - côté,,,,,,,,,,,1,2,1,1.0,3
201200013292,0012-03-25 17:15:00,12,3,25,17,15,670,152,rue de la chapelle,,,Plein jour,En agglomération,Hors intersection,Normale,Deux véhicules - côté,,,,,,,,,,,1,2,1,1.0,3
201200013293,0012-06-24 11:15:00,12,6,24,11,15,670,212,34 rue de l'?glise,48.563,7.644,Plein jour,En agglomération,Hors intersection,Normale,Autre collision,,,,,,,,,,,1,2,1,1.0,6
201200013294,0012-08-18 15:30:00,12,8,18,15,30,670,212,,48.567,7.637,Plein jour,Hors agglomération,Hors intersection,Normale,Autre collision,,,,,,,,,,,1,1,1,1.0,6
201200013295,0012-10-30 03:15:00,12,10,30,3,15,670,49,,,,Nuit sans éclairage public,Hors agglomération,Hors intersection,Normale,Autre collision,,,,,,,,,,,3,1,1,1.0,6
201200013296,0012-11-08 21:45:00,12,11,8,21,45,670,152,,,,Nuit avec éclairage allumé,Hors agglomération,Hors intersection,Normale,Deux véhicules - frontale,,,,,,,,,,,5,1,1,1.0,1
201200013297,0012-02-20 17:15:00,12,2,20,17,15,670,389,,,,Plein jour,Hors agglomération,Hors intersection,Normale,Deux véhicules - frontale,,,,,,,,,,,1,1,1,1.0,1
201200013298,0012-03-26 17:30:00,12,3,26,17,30,670,506,4 RUE DE L'INDUSTRIE,48.665,7.723,Plein jour,En agglomération,Hors intersection,Temps éblouissant,Deux véhicules - côté,,,,,,,,,,,1,2,1,7.0,3
201200013299,0012-05-10 19:15:00,12,5,10,19,15,670,506,rue du G?n?ral de Gaulle,48.673,7.712,Plein jour,En agglomération,Hors intersection,Temps éblouissant,Deux véhicules - arrière,,,,,,,,,,,1,2,1,7.0,2
201200013300,0012-08-20 14:30:00,12,8,20,14,30,670,256,,48.657,7.709,Plein jour,Hors agglomération,Hors intersection,Normale,Sans collision,,,,,,,,,,,1,1,1,1.0,7
201200013301,0012-09-06 16:30:00,12,9,6,16,30,670,119,,48.689,7.709,Plein jour,Hors agglomération,Autre intersection,Normale,Deux véhicules - frontale,,,,,,,,,,,1,1,9,1.0,1
201200013302,0012-09-29 23:45:00,12,9,29,23,45,670,506,Route de Brumath,,,Nuit avec éclairage allumé,En agglomération,Hors intersection,Normale,Deux véhicules - côté,,,,,,,,,,,5,2,1,1.0,3
201200013303,0012-12-16 16:30:00,12,12,16,16,30,670,256,rue des Mercuriales,,,Crépuscule ou aube,En agglomération,Autre intersection,Pluie légère,Autre collision,,,,,,,,,,,2,2,9,2.0,6
201200013304,0012-04-18 17:45:00,12,4,18,17,45,60,38,705 chemin du vignal,43.649,6.977,Plein jour,En agglomération,Hors intersection,Normale,Deux véhicules - côté,,,,,,,,,,,1,2,1,1.0,3
201200013305,0012-04-23 11:15:00,12,4,23,11,15,60,38,CD 3 - route d'opio,43.679,6.979,Plein jour,En agglomération,Hors intersection,Normale,Deux véhicules - frontale,,,,,,,,,,,1,2,1,1.0,1
201200013306,0012-05-14 16:45:00,12,5,14,16,45,60,105,,,,Plein jour,En agglomération,Hors intersection,Normale,Deux véhicules - côté,,,,,,,,,,,1,2,1,1.0,3
201200013307,0012-07-27 15:15:00,12,7,27,15,15,60,105,,43.685,7.052,Plein jour,Hors agglomération,Hors intersection,Normale,Sans collision,,,,,,,,,,,1,1,1,1.0,7
201200013308,0012-04-06 18:45:00,12,4,6,18,45,650,482,,43.10633,0.44025,Plein jour,Hors agglomération,Hors intersection,Neige / grêle,Trois véhicules et plus - en chaîne,,,,,,,,,,,1,1,1,4.0,4
201200013309,0012-06-25 13:15:00,12,6,25,13,15,650,251,,43.216,0.07,Plein jour,Hors agglomération,Hors intersection,Normale,Autre collision,,,,,,,,,,,1,1,1,1.0,6
201200013310,0012-10-12 16:30:00,12,10,12,16,30,650,127,,43.10684,0.33245,Plein jour,Hors agglomération,Hors intersection,Pluie légère,Autre collision,,,,,,,,,,,1,1,1,2.0,6
201200013311,0012-11-09 12:45:00,12,11,9,12,45,650,251,,43.21464,0.08689,Plein jour,Hors agglomération,Hors intersection,Normale,Autre collision,,,,,,,,,,,1,1,1,1.0,6
201200013312,0012-11-13 09:30:00,12,11,13,9,30,650,127,,43.1027,0.33849,Plein jour,Hors agglomération,Hors intersection,Normale,Autre collision,,,,,,,,,,,1,1,1,1.0,6
201200013313,0012-07-31 09:55:00,12,7,31,9,55,20,559,,,,Plein jour,Hors agglomération,Hors intersection,Normale,Autre collision,,,,,,,,,,,1,1,1,1.0,6
201200013314,0012-03-03 02:30:00,12,3,3,2,30,380,53,,45.6068,5.22946,Nuit avec éclairage allumé,Hors agglomération,Hors intersection,Normale,Autre collision,,,,,,,,,,,5,1,1,1.0,6
201200013315,0012-03-23 17:00:00,12,3,23,17,0,380,530,,45.6211,5.179,Plein jour,Hors agglomération,Hors intersection,Normale,Deux véhicules - côté,,,,,,,,,,,1,1,1,1.0,3