accident_id,datetime,annee,mois,jour,heure,minute,departement,commune_insee,adresse,latitude,longitude,luminosite,agglomeration,intersection,meteo,collision,nb_vehicules,nb_usagers,nb_indemnes,nb_tues,nb_blesses_hosp,nb_blesses_legers,age_cond_1,age_cond_2,veh_type_cond_1,veh_type_cond_2,lum_code,agg_code,int_code,atm_code,col_code
201200013581,0012-10-22 12:50:00,12,10,22,12,50,110,262,CARNOT (AVENUE),,,Plein jour,En agglomération,Hors intersection,Normale,Autre collision,,,,,,,,,,,1,2,1,1.0,6
201200013582,0012-02-28 15:43:00,12,2,28,15,43,110,262,JONQUIERES (RUE ET CHEMI,,,Plein jour,En agglomération,Hors intersection,Normale,Autre collision,,,,,,,,,,,1,2,1,1.0,6
201200013583,0012-11-12 07:55:00,12,11,12,7,55,110,262,MILLE HUIT CENT QUAR. HU,,,Plein jour,En agglomération,Hors intersection,Normale,Autre collision,,,,,,,,,,,1,2,1,1.0,6
201200013584,0012-11-22 09:10:00,12,11,22,9,10,110,262,"1Bis, DIEU (RUE DE L'HOT",,,Plein jour,En agglomération,Hors intersection,Normale,Autre collision,,,,,,,,,,,1,2,1,1.0,6
201200013585,0012-11-27 02:15:00,12,11,27,2,15,110,262,"10, TOURNAL (AVENUE PAUL",,,Nuit avec éclairage allumé,En agglomération,Hors intersection,Normale,Autre collision,,,,,,,,,,,5,2,1,1.0,6
201200013586,0012-09-13 11:30:00,12,9,13,11,30,110,262,CHANZY (RUE),,,Plein jour,En agglomération,Intersection en X,Normale,Deux véhicules - côté,,,,,,,,,,,1,2,2,1.0,3
201200013587,0012-03-05 13:40:00,12,3,5,13,40,110,262,MAYOLLE (BOULEVARD DE LA,,,Plein jour,En agglomération,Hors intersection,Normale,Deux véhicules - arrière,,,,,,,,,,,1,2,1,1.0,2
201200013588,0012-11-30 19:20:00,12,11,30,19,20,110,262,"19, PYRENEES (PLACE ET A",,,Nuit avec éclairage allumé,En agglomération,Hors intersection,Normale,Deux véhicules - côté,,,,,,,,,,,5,2,1,1.0,3
201200013589,0012-12-24 16:25:00,12,12,24,16,25,110,262,FERROUL (BOULEVARD  DOCT,,,Plein jour,En agglomération,Hors intersection,Normale,Trois véhicules et plus - collisions multiples,,,,,,,,,,,1,2,1,1.0,5
201200013590,0012-03-09 19:00:00,12,3,9,19,0,110,262,MARCORIGNAN (ROUTE DE),,,Plein jour,En agglomération,Giratoire,Normale,Deux véhicules - côté,,,,,,,,,,,1,2,6,1.0,3
201200013591,0012-03-14 08:55:00,12,3,14,8,55,110,262,"2, TRENET (RUE CHARLES)",,,Plein jour,En agglomération,Hors intersection,Normale,Deux véhicules - arrière,,,,,,,,,,,1,2,1,1.0,2
201200013592,0012-03-15 14:45:00,12,3,15,14,45,110,262,CARNOT (AVENUE),,,Plein jour,En agglomération,Hors intersection,Normale,Deux véhicules - arrière,,,,,,,,,,,1,2,1,1.0,2
201200013593,0012-03-15 17:30:00,12,3,15,17,30,110,262,MISTRAL (BOULEVARD FREDE,,,Plein jour,En agglomération,Hors intersection,Normale,Trois véhicules et plus - en chaîne,,,,,,,,,,,1,2,1,1.0,4
201200013594,0012-03-17 17:55:00,12,3,17,17,55,110,262,TASSIGNY (AV. MCHAL DE L,,,Plein jour,En agglomération,Intersection en X,Normale,Sans collision,,,,,,,,,,,1,2,2,1.0,7
201200013595,0012-03-19 18:40:00,12,3,19,18,40,110,262,MARAUSSAN (BOULEVARD DE),,,Plein jour,En agglomération,Giratoire,Normale,Deux véhicules - côté,,,,,,,,,,,1,2,6,1.0,3
201200013596,0012-03-24 14:10:00,12,3,24,14,10,110,262,MALARD (BOULEVARD DE),,,Plein jour,En agglomération,Hors intersection,Normale,Deux véhicules - côté,,,,,,,,,,,1,2,1,1.0,3
201200013597,0012-03-27 13:15:00,12,3,27,13,15,110,262,BORDEAUX (AVENUE DE),,,Plein jour,En agglomération,Hors intersection,Normale,Deux véhicules - arrière,,,,,,,,,,,1,2,1,1.0,2
201200013598,0012-03-28 12:20:00,12,3,28,12,20,110,262,ZOLA (RUE EMILE),,,Plein jour,En agglomération,Hors intersection,Normale,Autre collision,,,,,,,,,,,1,2,1,1.0,6
201200013599,0012-04-12 08:50:00,12,4,12,8,50,110,262,MARCERO (RUE FRANCIS),,,Plein jour,En agglomération,Intersection en X,Normale,Deux véhicules - côté,,,,,,,,,,,1,2,2,1.0,3
201200013600,0012-04-13 23:30:00,12,4,13,23,30,110,262,ESCOUTE (PONT DE L'),,,Nuit avec éclairage allumé,En agglomération,Hors intersection,Normale,Sans collision,,,,,,,,,,,5,2,1,1.0,7
201200013601,0012-04-16 17:10:00,12,4,16,17,10,110,262,COURIER (RUE PAUL LOUIS),,,Plein jour,En agglomération,Intersection en X,Normale,Deux véhicules - côté,,,,,,,,,,,1,2,2,1.0,3
201200013602,0012-04-19 04:05:00,12,4,19,4,5,110,262,MAZAGRAN (RUE DE),,,Nuit avec éclairage allumé,En agglomération,Hors intersection,Normale,Sans collision,,,,,,,,,,,5,2,1,1.0,7
201200013603,0012-04-19 17:10:00,12,4,19,17,10,110,262,TURGOT (RUE),,,Plein jour,Hors agglomération,Hors intersection,Normale,Autre collision,,,,,,,,,,,1,1,1,1.0,6
201200013604,0012-04-30 09:50:00,12,4,30,9,50,110,262,FRANCE (AVENUE ANATOLE),,,Plein jour,En agglomération,Intersection en X,Pluie légère,Deux véhicules - côté,,,,,,,,,,,1,2,2,2.0,3
201200013605,0012-05-01 10:34:00,12,5,1,10,34,110,262,GAMBETTA (BOULEVARD),,,Plein jour,En agglomération,Hors intersection,Normale,Autre collision,,,,,,,,,,,1,2,1,1.0,6
201200013606,0012-05-02 09:45:00,12,5,2,9,45,110,262,MARS (AVENUE DU CHAMP DE,,,Plein jour,En agglomération,Intersection en X,Normale,Deux véhicules - côté,,,,,,,,,,,1,2,2,1.0,3
201200013607,0012-05-02 15:00:00,12,5,2,15,0,110,262,FORUM SUD (ESPACE COMMER,,,Plein jour,En agglomération,Hors intersection,Normale,Deux véhicules - arrière,,,,,,,,,,,1,2,1,1.0,2
201200013608,0012-05-04 17:00:00,12,5,4,17,0,110,262,ESPAGNE (AVENUE D'),,,Plein jour,En agglomération,Hors intersection,Normale,Trois véhicules et plus - collisions multiples,,,,,,,,,,,1,2,1,1.0,5
201200013609,0012-05-07 14:12:00,12,5,7,14,12,110,262,CORBIERES (IMPASSE DES),,,Plein jour,En agglomération,Intersection en T,Normale,Deux véhicules - côté,,,,,,,,,,,1,2,3,1.0,3
201200013610,0012-05-10 16:37:00,12,5,10,16,37,110,262,MISTRAL (BOULEVARD FREDE,,,Plein jour,En agglomération,Hors intersection,Normale,Deux véhicules - côté,,,,,,,,,,,1,2,1,1.0,3
201200013611,0012-05-15 13:18:00,12,5,15,13,18,110,262,ALGER (RUE D'),,,Plein jour,En agglomération,Intersection en X,Normale,Deux véhicules - côté,,,,,,,,,,,1,2,2,1.0,3
201200013612,0012-05-16 19:15:00,12,5,16,19,15,110,262,CARNOT (AVENUE),,,Plein jour,En agglomération,Intersection en T,Normale,Autre collision,,,,,,,,,,,1,2,3,1.0,6
201200013613,0012-05-23 10:05:00,12,5,23,10,5,110,262,CARNOT (AVENUE),,,Plein jour,En agglomération,Hors intersection,Vent fort / tempête,Trois véhicules et plus - en chaîne,,,,,,,,,,,1,2,1,6.0,4
201200013614,0012-05-29 09:50:00,12,5,29,9,50,110,262,PRIMEVERES (RUE DES),,,Plein jour,En agglomération,Intersection en X,Normale,Deux véhicules - côté,,,,,,,,,,,1,2,2,1.0,3
201200013615,0012-06-02 08:00:00,12,6,2,8,0,110,262,CHANZY (RUE),,,Plein jour,En agglomération,Intersection en X,Normale,Deux véhicules - côté,,,,,,,,,,,1,2,2,1.0,3
201200013616,0012-06-02 11:20:00,12,6,2,11,20,110,262,ESPAGNE (AVENUE D'),,,Plein jour,En agglomération,Giratoire,Normale,Sans collision,,,,,,,,,,,1,2,6,1.0,7
201200013617,0012-06-03 15:25:00,12,6,3,15,25,110,262,RD 6009 NARBONNE - BEZIE,,,Plein jour,En agglomération,Hors intersection,Normale,Sans collision,,,,,,,,,,,1,2,1,1.0,7
201200013618,0012-06-11 14:30:00,12,6,11,14,30,110,262,TOULOUSE (AVENUE DE),,,Plein jour,En agglomération,Hors intersection,Normale,Sans collision,,,,,,,,,,,1,2,1,1.0,7
201200013619,0012-06-14 11:00:00,12,6,14,11,0,110,262,BOURGET (RUE DU),,,Plein jour,En agglomération,Hors intersection,Normale,Autre collision,,,,,,,,,,,1,2,1,1.0,6
201200013620,0012-06-14 13:15:00,12,6,14,13,15,110,262,BORDEAUX (AVENUE DE),,,Plein jour,En agglomération,Intersection en T,Normale,Deux véhicules - côté,,,,,,,,,,,1,2,3,1.0,3
201200013621,0012-06-16 11:15:00,12,6,16,11,15,110,262,"1, ALAVAIL (RUE JUSTIN)",,,Plein jour,En agglomération,Intersection en T,Normale,Deux véhicules - côté,,,,,,,,,,,1,2,3,1.0,3
201200013622,0012-06-18 16:44:00,12,6,18,16,44,110,262,BALISTE (RUE DE),,,Plein jour,En agglomération,Intersection en X,Normale,Deux véhicules - côté,,,,,,,,,,,1,2,2,1.0,3
201200013623,0012-06-20 16:00:00,12,6,20,16,0,110,262,MISTRAL (BOULEVARD FREDE,,,Plein jour,En agglomération,Hors intersection,Normale,Deux véhicules - arrière,,,,,,,,,,,1,2,1,1.0,2
201200013624,0012-06-23 14:57:00,12,6,23,14,57,110,262,LECLERC (AVENUE DU GENER,,,Plein jour,En agglomération,Hors intersection,Normale,Deux véhicules - arrière,,,,,,,,,,,1,2,1,1.0,2
201200013625,0012-06-24 19:30:00,12,6,24,19,30,110,262,ELYSIQUES (VOIES DES),,,Plein jour,En agglomération,Hors intersection,Normale,Sans collision,,,,,,,,,,,1,2,1,1.0,7
201200013626,0012-06-28 13:15:00,12,6,28,13,15,110,262,"2, MISTRAL (BOULEVARD FR",,,Plein jour,En agglomération,Hors intersection,Normale,Deux véhicules - côté,,,,,,,,,,,1,2,1,1.0,3
201200013627,0012-07-09 16:39:00,12,7,9,16,39,110,262,"5, FABRE (RUE D'EGLANTIN",,,Plein jour,En agglomération,Hors intersection,Normale,Sans collision,,,,,,,,,,,1,2,1,1.0,7
201200013628,0012-07-10 12:30:00,12,7,10,12,30,110,262,LECLERC (AVENUE DU GENER,,,Plein jour,En agglomération,Hors intersection,Normale,Autre collision,,,,,,,,,,,1,2,1,1.0,6
201200013629,0012-07-11 12:40:00,12,7,11,12,40,110,262,BLUM (SQUARE THERESE LEO,,,Plein jour,En agglomération,Hors intersection,Normale,Deux véhicules - arrière,,,,,,,,,,,1,2,1,1.0,2
201200013630,0012-07-19 17:10:00,12,7,19,17,10,110,262,1848 (BOULEVARD),,,Plein jour,En agglomération,Intersection en X,Normale,Deux véhicules - côté,,,,,,,,,,,1,2,2,1.0,3
201200013631,0012-07-29 01:00:00,12,7,29,1,0,110,262,ESPAGNE (AVENUE D'),,,Nuit sans éclairage public,Hors agglomération,Hors intersection,Normale,Deux véhicules - arrière,,,,,,,,,,,3,1,1,1.0,2
201200013632,0012-08-01 22:10:00,12,8,1,22,10,110,262,MAZAGRAN (RUE DE),,,Nuit avec éclairage allumé,En agglomération,Intersection en T,Normale,Deux véhicules - côté,,,,,,,,,,,5,2,3,1.0,3
201200013633,0012-08-03 17:45:00,12,8,3,17,45,110,262,FERROUL (BOULEVARD  DOCT,,,Plein jour,En agglomération,Intersection en T,Normale,Trois véhicules et plus - collisions multiples,,,,,,,,,,,1,2,3,1.0,5
201200013634,0012-08-07 11:00:00,12,8,7,11,0,110,262,RD 6009 NARBONNE - PERPI,,,Plein jour,En agglomération,Hors intersection,Normale,Autre collision,,,,,,,,,,,1,2,1,1.0,6
201200013635,0012-08-08 08:12:00,12,8,8,8,12,110,262,BOUGNA (CHEMIN DE),,,Plein jour,Hors agglomération,Hors intersection,Normale,Sans collision,,,,,,,,,,,1,1,1,1.0,7
201200013636,0012-08-09 19:50:00,12,8,9,19,50,110,262,MILLE HUIT CENT TRENTE (,,,Plein jour,En agglomération,Intersection en X,Normale,Trois véhicules et plus - collisions multiples,,,,,,,,,,,1,2,2,1.0,5
201200013637,0012-08-10 11:15:00,12,8,10,11,15,110,262,EIFFEL (AVENUE GUSTAVE),,,Plein jour,En agglomération,Intersection en T,Normale,Deux véhicules - côté,,,,,,,,,,,1,2,3,1.0,3
201200013638,0012-08-11 08:40:00,12,8,11,8,40,110,262,GRUISSAN (ROUTE DE),,,Plein jour,En agglomération,Hors intersection,Normale,Deux véhicules - côté,,,,,,,,,,,1,2,1,1.0,3
201200013639,0012-08-16 21:45:00,12,8,16,21,45,110,262,BOURGET (RUE DU),,,Nuit avec éclairage allumé,En agglomération,Intersection en T,Normale,Deux véhicules - côté,,,,,,,,,,,5,2,3,1.0,3
201200013640,0012-08-24 15:09:00,12,8,24,15,9,110,262,JOFFRE (BOULEVARD MARECH,,,Plein jour,En agglomération,Intersection en X,Normale,Deux véhicules - arrière,,,,,,,,,,,1,2,2,1.0,2
201200013641,0012-08-27 07:12:00,12,8,27,7,12,110,262,CARNOT (AVENUE),,,Plein jour,En agglomération,Hors intersection,Normale,Deux véhicules - côté,,,,,,,,,,,1,2,1,1.0,3
201200013642,0012-08-27 14:10:00,12,8,27,14,10,110,262,TRENET (RUE CHARLES),,,Plein jour,En agglomération,Hors intersection,Normale,Deux véhicules - arrière,,,,,,,,,,,1,2,1,1.0,2
201200013643,0012-08-27 18:41:00,12,8,27,18,41,110,262,"30, MILLE HUIT CENT QUAR",,,Plein jour,En agglomération,Hors intersection,Normale,Deux véhicules - côté,,,,,,,,,,,1,2,1,1.0,3
201200013644,0012-08-29 06:35:00,12,8,29,6,35,110,262,RD 6009 NARBONNE - PERPI,,,Crépuscule ou aube,En agglomération,Hors intersection,Pluie légère,Autre collision,,,,,,,,,,,2,2,1,2.0,6
201200013645,0012-08-31 20:30:00,12,8,31,20,30,110,262,PYRENEES (PLACE ET AVENU,,,Plein jour,En agglomération,Hors intersection,Normale,Autre collision,,,,,,,,,,,1,2,1,1.0,6
201200013646,0012-09-02 21:30:00,12,9,2,21,30,110,262,PECLET (RUE),,,Crépuscule ou aube,En agglomération,Intersection en X,Normale,Deux véhicules - côté,,,,,,,,,,,2,2,2,1.0,3
201200013647,0012-09-04 13:45:00,12,9,4,13,45,110,262,"42, SEMBAT (BOULEVARD MA",,,Plein jour,En agglomération,Hors intersection,Normale,Deux véhicules - côté,,,,,,,,,,,1,2,1,1.0,3
201200013648,0012-09-17 09:50:00,12,9,17,9,50,110,262,MALARD (BOULEVARD DE),,,Plein jour,En agglomération,Hors intersection,Normale,Deux véhicules - arrière,,,,,,,,,,,1,2,1,1.0,2
201200013649,0012-09-17 17:40:00,12,9,17,17,40,110,262,JOFFRE (BOULEVARD MARECH,,,Plein jour,En agglomération,Hors intersection,Normale,Deux véhicules - côté,,,,,,,,,,,1,2,1,1.0,3
201200013650,0012-09-25 10:50:00,12,9,25,10,50,110,262,JACQUARD (RUE),,,Plein jour,En agglomération,Hors intersection,Normale,Autre collision,,,,,,,,,,,1,2,1,1.0,6
201200013651,0012-09-25 15:41:00,12,9,25,15,41,110,262,PYRENEES (PLACE ET AVENU,,,Plein jour,En agglomération,Intersection en X,Normale,Deux véhicules - côté,,,,,,,,,,,1,2,2,1.0,3
201200013652,0012-09-27 18:16:00,12,9,27,18,16,110,262,LECLERC (AVENUE DU GENER,,,Plein jour,En agglomération,Hors intersection,Normale,Deux véhicules - côté,,,,,,,,,,,1,2,1,1.0,3
201200013653,0012-10-11 17:05:00,12,10,11,17,5,110,262,MARAUSSAN (BOULEVARD DE),,,Plein jour,En agglomération,Hors intersection,Pluie légère,Sans collision,,,,,,,,,,,1,2,1,2.0,7
201200013654,0012-10-15 18:15:00,12,10,15,18,15,110,262,RD 6009 NARBONNE - BEZIE,,,Crépuscule ou aube,En agglomération,Hors intersection,Normale,Deux véhicules - arrière,,,,,,,,,,,2,2,1,1.0,2
201200013655,0012-10-20 10:00:00,12,10,20,10,0,110,262,FRANCE (AVENUE ANATOLE),,,Plein jour,En agglomération,Hors intersection,Normale,Sans collision,,,,,,,,,,,1,2,1,1.0,7
201200013656,0012-10-29 15:20:00,12,10,29,15,20,110,262,SALVAYRE (ALLEE DE SAINT,,,Plein jour,En agglomération,Hors intersection,Normale,Deux véhicules - arrière,,,,,,,,,,,1,2,1,1.0,2
201200013657,0012-11-02 12:35:00,12,11,2,12,35,110,262,VEYRET (RUE DU REC DE),,,Plein jour,En agglomération,Hors intersection,Normale,Sans collision,,,,,,,,,,,1,2,1,1.0,7
201200013658,0012-11-06 16:00:00,12,11,6,16,0,110,262,FERROUL (BOULEVARD  DOCT,,,Plein jour,En agglomération,Hors intersection,Normale,Autre collision,,,,,,,,,,,1,2,1,1.0,6
201200013659,0012-11-07 15:15:00,12,11,7,15,15,110,262,BORDEAUX (AVENUE DE),,,Plein jour,En agglomération,Hors intersection,Normale,Deux véhicules - arrière,,,,,,,,,,,1,2,1,1.0,2
201200013660,0012-11-07 15:50:00,12,11,7,15,50,110,262,RD 6009 NARBONNE - PERPI,,,Plein jour,En agglomération,Hors intersection,Normale,Trois véhicules et plus - en chaîne,,,,,,,,,,,1,2,1,1.0,4
201200013661,0012-11-09 12:20:00,12,11,9,12,20,110,262,CANIGOU (RUE DU),,,Plein jour,En agglomération,Hors intersection,Normale,Sans collision,,,,,,,,,,,1,2,1,1.0,7
201200013662,0012-11-10 12:30:00,12,11,10,12,30,110,262,PEUPLIERS (RUE DES),,,Plein jour,En agglomération,Hors intersection,Pluie légère,Autre collision,,,,,,,,,,,1,2,1,2.0,6
201200013663,0012-11-11 21:00:00,12,11,11,21,0,110,262,ARMISSAN ROUTE D'),,,Nuit avec éclairage allumé,En agglomération,Intersection en X,Normale,Trois véhicules et plus - en chaîne,,,,,,,,,,,5,2,2,1.0,4
201200013664,0012-11-12 06:50:00,12,11,12,6,50,110,262,VEYRET (RUE DU REC DE),,,Crépuscule ou aube,En agglomération,Hors intersection,Normale,Deux véhicules - arrière,,,,,,,,,,,2,2,1,1.0,2
201200013665,0012-11-12 12:00:00,12,11,12,12,0,110,262,BLUM (SQUARE THERESE LEO,,,Plein jour,En agglomération,Hors intersection,Normale,Sans collision,,,,,,,,,,,1,2,1,1.0,7
201200013666,0012-11-15 11:50:00,12,11,15,11,50,110,262,ESPAGNE (AVENUE D'),,,Plein jour,En agglomération,Hors intersection,Normale,Deux véhicules - côté,,,,,,,,,,,1,2,1,1.0,3
201200013667,0012-11-19 10:25:00,12,11,19,10,25,110,262,DE GAULLE (BOULEVARD DU,,,Plein jour,En agglomération,Hors intersection,Normale,Autre collision,,,,,,,,,,,1,2,1,1.0,6
201200013668,0012-11-23 16:00:00,12,11,23,16,0,110,262,ALZEAU (RUE DE L'),,,Plein jour,En agglomération,Hors intersection,Normale,Autre collision,,,,,,,,,,,1,2,1,1.0,6
201200013669,0012-11-23 18:40:00,12,11,23,18,40,110,262,CREISSEL (BOULEVARD DE),,,Nuit avec éclairage allumé,En agglomération,Hors intersection,Normale,Trois véhicules et plus - collisions multiples,,,,,,,,,,,5,2,1,1.0,5
201200013670,0012-11-22 08:05:00,12,11,22,8,5,110,262,DE GAULLE (BOULEVARD DU,,,Plein jour,En agglomération,Giratoire,Normale,Deux véhicules - côté,,,,,,,,,,,1,2,6,1.0,3
201200013671,0012-11-28 14:16:00,12,11,28,14,16,110,262,NEUVE (RUE DE L'ANCINNE,,,Plein jour,En agglomération,Hors intersection,Normale,Autre collision,,,,,,,,,,,1,2,1,1.0,6
201200013672,0012-11-28 18:38:00,12,11,28,18,38,110,262,MOULINS (RUE ET PASSAGE,,,Nuit avec éclairage allumé,En agglomération,Hors intersection,Normale,Autre collision,,,,,,,,,,,5,2,1,1.0,6
201200013673,0012-11-30 11:05:00,12,11,30,11,5,110,262,ESPAGNE (AVENUE D'),,,Plein jour,En agglomération,Hors intersection,Normale,Deux véhicules - côté,,,,,,,,,,,1,2,1,1.0,3
201200013674,0012-12-03 17:00:00,12,12,3,17,0,110,262,DOUANE (RUE DE LA),,,Plein jour,Hors agglomération,Hors intersection,Normale,Autre collision,,,,,,,,,,,1,1,1,1.0,6
201200013675,0012-12-03 18:47:00,12,12,3,18,47,110,262,RD 6009 NARBONNE - PERPI,,,Nuit sans éclairage public,En agglomération,Intersection en T,Normale,Deux véhicules - côté,,,,,,,,,,,3,2,3,1.0,3
201200013676,0012-12-06 18:57:00,12,12,6,18,57,110,262,TRENET (RUE CHARLES),,,Nuit avec éclairage allumé,En agglomération,Hors intersection,Normale,Deux véhicules - arrière,,,,,,,,,,,5,2,1,1.0,2
201200013677,0012-12-06 17:55:00,12,12,6,17,55,110,262,MARAUSSAN (BOULEVARD DE),,,Crépuscule ou aube,En agglomération,Intersection en T,Normale,Trois véhicules et plus - en chaîne,,,,,,,,,,,2,2,3,1.0,4
201200013678,0012-12-07 16:20:00,12,12,7,16,20,110,262,VIDAL (RUE PAUL),,,Plein jour,En agglomération,Hors intersection,Normale,Deux véhicules - côté,,,,,,,,,,,1,2,1,1.0,3
201200013679,0012-12-10 08:35:00,12,12,10,8,35,110,262,CARNOT (AVENUE),,,Plein jour,En agglomération,Hors intersection,Normale,Deux véhicules - côté,,,,,,,,,,,1,2,1,1.0,3
201200013680,0012-12-11 10:20:00,12,12,11,10,20,110,262,VOLTAIRE (RUE),,,Plein jour,En agglomération,Intersection en T,Normale,Autre collision,,,,,,,,,,,1,2,3,1.0,6
201200013681,0012-12-12 17:00:00,12,12,12,17,0,110,262,MARCERO (RUE FRANCIS),,,Plein jour,En agglomération,Intersection en X,Normale,Deux véhicules - côté,,,,,,,,,,,1,2,2,1.0,3
201200013682,0012-12-18 12:40:00,12,12,18,12,40,110,262,POMPIDOR (AVENUE),,,Plein jour,En agglomération,Hors intersection,Normale,Sans collision,,,,,,,,,,,1,2,1,1.0,7
201200013683,0012-12-19 14:09:00,12,12,19,14,9,110,262,LOUBAT (AVENUE DE PECH),,,Plein jour,En agglomération,Hors intersection,Normale,Deux véhicules - côté,,,,,,,,,,,1,2,1,1.0,3
201200013684,0012-12-19 19:45:00,12,12,19,19,45,110,262,LORRAINE (QUAI DE),,,Nuit avec éclairage allumé,En agglomération,Intersection en T,Normale,Deux véhicules - côté,,,,,,,,,,,5,2,3,1.0,3
201200013685,0012-12-21 17:50:00,12,12,21,17,50,110,262,CAPITOLE (RUE DU),,,Nuit avec éclairage allumé,En agglomération,Intersection en X,Normale,Deux véhicules - frontale,,,,,,,,,,,5,2,2,1.0,1
201200013686,0012-12-22 00:20:00,12,12,22,0,20,110,262,LECLERC (AVENUE DU GENER,,,Nuit avec éclairage allumé,En agglomération,Hors intersection,Normale,Deux véhicules - côté,,,,,,,,,,,5,2,1,1.0,3
201200013687,0012-12-26 15:25:00,12,12,26,15,25,110,262,MILLIAIRE (ROND POINT),,,Plein jour,En agglomération,Hors intersection,Normale,Deux véhicules - arrière,,,,,,,,,,,1,2,1,1.0,2
201200013688,0012-12-28 11:45:00,12,12,28,11,45,110,262,LACROIX (BOULEVARD DU DO,,,Plein jour,En agglomération,Hors intersection,Normale,Autre collision,,,,,,,,,,,1,2,1,1.0,6
201200013689,0012-01-07 07:15:00,12,1,7,7,15,600,57,,,,Nuit sans éclairage public,Hors agglomération,Hors intersection,Pluie légère,Deux véhicules - frontale,,,,,,,,,,,3,1,1,2.0,1
201200013690,0012-01-10 17:00:00,12,1,10,17,0,600,9,,,,Plein jour,Hors agglomération,Hors intersection,Normale,Deux véhicules - arrière,,,,,,,,,,,1,1,1,1.0,2
201200013691,0012-08-06 07:00:00,12,8,6,7,0,950,504,A16,49.1108,2.2557,Plein jour,Hors agglomération,Hors intersection,Normale,Trois véhicules et plus - en chaîne,,,,,,,,,,,1,1,1,1.0,4
201200013692,0012-08-17 23:45:00,12,8,17,23,45,950,504,A 16,49.1066,2.2585,Nuit sans éclairage public,Hors agglomération,Hors intersection,Normale,Sans collision,,,,,,,,,,,3,1,1,1.0,7
201200013693,0012-08-20 08:00:00,12,8,20,8,0,600,692,,,,Plein jour,Hors agglomération,Hors intersection,Temps couvert,Autre collision,,,,,,,,,,,1,1,1,8.0,6
201200013694,0012-09-02 10:30:00,12,9,2,10,30,600,10,,,,Plein jour,Hors agglomération,Hors intersection,Normale,Deux véhicules - arrière,,,,,,,,,,,1,1,1,1.0,2
201200013695,0012-01-11 10:15:00,12,1,11,10,15,130,91,TRAVERSE MATHERON,,,Plein jour,En agglomération,Hors intersection,Normale,Autre collision,,,,,,,,,,,1,2,1,1.0,6
201200013696,0012-01-21 17:45:00,12,1,21,17,45,130,50,all?e des ar?mes,43.64905,5.26321,Crépuscule ou aube,En agglomération,Hors intersection,Normale,Autre collision,,,,,,,,,,,2,2,1,1.0,6
201200013697,0012-03-02 13:00:00,12,3,2,13,0,130,50,,,,Plein jour,Hors agglomération,Hors intersection,Normale,Autre collision,,,,,,,,,,,1,1,1,1.0,6
201200013698,0012-06-27 08:30:00,12,6,27,8,30,130,91,*,43.616,5.305,Plein jour,Hors agglomération,Hors intersection,Normale,Deux véhicules - arrière,,,,,,,,,,,1,1,1,1.0,2
201200013699,0012-01-08 19:00:00,12,1,8,19,0,850,244,,,,Nuit sans éclairage public,Hors agglomération,Hors intersection,Normale,Deux véhicules - frontale,,,,,,,,,,,3,1,1,1.0,1
201200013700,0012-05-04 20:15:00,12,5,4,20,15,850,199,,,,Plein jour,Hors agglomération,Hors intersection,Normale,Autre collision,,,,,,,,,,,1,1,1,1.0,6
201200013701,0012-09-10 17:15:00,12,9,10,17,15,850,91,,,,Plein jour,Hors agglomération,Hors intersection,Normale,Autre collision,,,,,,,,,,,1,1,1,1.0,6
201200013702,0012-12-21 20:45:00,12,12,21,20,45,850,223,,,,Nuit sans éclairage public,Hors agglomération,Hors intersection,Temps couvert,Deux véhicules - arrière,,,,,,,,,,,3,1,1,8.0,2
201200013703,0012-08-21 12:30:00,12,8,21,12,30,310,395,,43.466,1.312,Plein jour,Hors agglomération,Hors intersection,Normale,Sans collision,,,,,,,,,,,1,1,1,1.0,7
201200013704,0012-10-04 02:30:00,12,10,4,2,30,310,399,,43.36,1.268,Nuit sans éclairage public,Hors agglomération,Hors intersection,Normale,Autre collision,,,,,,,,,,,3,1,1,1.0,6
201200013705,0012-11-11 01:45:00,12,11,11,1,45,310,104,,43.3423,1.25619,Nuit sans éclairage public,Hors agglomération,Hors intersection,Pluie légère,Autre collision,,,,,,,,,,,3,1,1,2.0,6
201200013706,0012-02-05 03:00:00,12,2,5,3,0,760,439,,49.5934,0.45165,Nuit sans éclairage public,Hors agglomération,Hors intersection,Neige / grêle,Autre collision,,,,,,,,,,,3,1,1,4.0,6
201200013707,0012-02-13 07:00:00,12,2,13,7,0,760,657,,49.48555,0.36303,Plein jour,Hors agglomération,Hors intersection,Normale,Autre collision,,,,,,,,,,,1,1,1,1.0,6
201200013708,0012-03-21 07:30:00,12,3,21,7,30,760,181,,49.62913,0.61344,Plein jour,Hors agglomération,Hors intersection,Normale,Autre collision,,,,,,,,,,,1,1,1,1.0,6
201200013709,0012-05-06 10:30:00,12,5,6,10,30,760,181,,49.62465,0.60127,Plein jour,Hors agglomération,Hors intersection,Normale,Autre collision,,,,,,,,,,,1,1,1,1.0,6
201200013710,0012-05-07 02:00:00,12,5,7,2,0,760,82,,49.6034,0.48433,Nuit sans éclairage public,Hors agglomération,Hors intersection,Brouillard / fumée,Autre collision,,,,,,,,,,,3,1,1,5.0,6
201200013711,0012-05-29 14:00:00,12,5,29,14,0,760,533,,49.48142,0.26521,Plein jour,Hors agglomération,Hors intersection,Normale,Sans collision,,,,,,,,,,,1,1,1,1.0,7
201200013712,0012-07-10 08:30:00,12,7,10,8,30,760,489,,49.49361,0.27429,Plein jour,Hors agglomération,Hors intersection,Normale,Deux véhicules - arrière,,,,,,,,,,,1,1,1,1.0,2