accident_id,datetime,annee,mois,jour,heure,minute,departement,commune_insee,adresse,latitude,longitude,luminosite,agglomeration,intersection,meteo,collision,nb_vehicules,nb_usagers,nb_indemnes,nb_tues,nb_blesses_hosp,nb_blesses_legers,age_cond_1,age_cond_2,veh_type_cond_1,veh_type_cond_2,lum_code,agg_code,int_code,atm_code,col_code
201200013713,0012-07-26 14:00:00,12,7,26,14,0,760,489,,49.4762,0.26729,Plein jour,Hors agglomération,Hors intersection,Normale,Deux véhicules - arrière,,,,,,,,,,,1,1,1,1.0,2
201200013714,0012-09-10 09:15:00,12,9,10,9,15,760,169,,49.49091,0.42176,Plein jour,Hors agglomération,Hors intersection,Normale,Deux véhicules - frontale,,,,,,,,,,,1,1,1,1.0,1
201200013715,0012-09-28 14:15:00,12,9,28,14,15,760,593,,49.58515,0.44475,Plein jour,Hors agglomération,Hors intersection,Normale,Autre collision,,,,,,,,,,,1,1,1,1.0,6
201200013716,0012-10-16 07:45:00,12,10,16,7,45,760,533,,49.4921,0.26544,Crépuscule ou aube,Hors agglomération,Hors intersection,Normale,Trois véhicules et plus - en chaîne,,,,,,,,,,,2,1,1,1.0,4
201200013717,0012-10-25 14:45:00,12,10,25,14,45,760,660,,49.45013,0.27135,Plein jour,Hors agglomération,Autre intersection,Normale,Deux véhicules - côté,,,,,,,,,,,1,1,9,1.0,3
201200013718,0012-11-24 17:30:00,12,11,24,17,30,760,533,,49.49471,0.26715,Nuit avec éclairage allumé,Hors agglomération,Hors intersection,Temps couvert,Trois véhicules et plus - en chaîne,,,,,,,,,,,5,1,1,8.0,4
201200013719,0012-01-03 08:00:00,12,1,3,8,0,310,390,,,,Crépuscule ou aube,Hors agglomération,Hors intersection,Normale,Autre collision,,,,,,,,,,,2,1,1,1.0,6
201200013720,0012-03-21 14:00:00,12,3,21,14,0,310,430,,,,Plein jour,Hors agglomération,Hors intersection,Pluie forte,Deux véhicules - arrière,,,,,,,,,,,1,1,1,3.0,2
201200013721,0012-06-17 08:00:00,12,6,17,8,0,310,147,,,,Plein jour,Hors agglomération,Hors intersection,Normale,Autre collision,,,,,,,,,,,1,1,1,1.0,6
201200013722,0012-04-07 15:00:00,12,4,7,15,0,490,180,,47.38326,-0.08957,Plein jour,Hors agglomération,Hors intersection,Normale,Sans collision,,,,,,,,,,,1,1,1,1.0,7
201200013723,0012-05-06 16:00:00,12,5,6,16,0,490,30,,47.36223,-0.08256,Plein jour,Hors agglomération,Hors intersection,Normale,Autre collision,,,,,,,,,,,1,1,1,1.0,6
201200013724,0012-05-25 14:00:00,12,5,25,14,0,490,378,,47.31846,-0.03554,Plein jour,Hors agglomération,Hors intersection,Normale,Autre collision,,,,,,,,,,,1,1,1,1.0,6
201200013725,0012-07-24 19:00:00,12,7,24,19,0,490,2,,47.28738,0.00067,Plein jour,Hors agglomération,Hors intersection,Normale,Deux véhicules - arrière,,,,,,,,,,,1,1,1,1.0,2
201200013726,0012-07-29 17:45:00,12,7,29,17,45,490,138,A85,47.46979,-0.18899,Plein jour,Hors agglomération,Hors intersection,Normale,Autre collision,,,,,,,,,,,1,1,1,1.0,6
201200013727,0012-08-29 13:45:00,12,8,29,13,45,370,228,,,,Plein jour,Hors agglomération,Hors intersection,Normale,Autre collision,,,,,,,,,,,1,1,1,1.0,6
201200013728,0012-10-21 12:30:00,12,10,21,12,30,490,224,,47.3331,-0.03997,Plein jour,Hors agglomération,Hors intersection,Normale,Autre collision,,,,,,,,,,,1,1,1,1.0,6
201200013729,0012-01-14 14:45:00,12,1,14,14,45,800,656,,,,Plein jour,Hors agglomération,Hors intersection,Normale,Sans collision,,,,,,,,,,,1,1,1,1.0,7
201200013730,0012-03-13 02:00:00,12,3,13,2,0,800,131,,,,Nuit avec éclairage allumé,Hors agglomération,Hors intersection,Brouillard / fumée,Deux véhicules - frontale,,,,,,,,,,,5,1,1,5.0,1
201200013731,0012-05-07 19:15:00,12,5,7,19,15,800,100,,,,Plein jour,Hors agglomération,Hors intersection,Normale,Sans collision,,,,,,,,,,,1,1,1,1.0,7
201200013732,0012-05-05 16:45:00,12,5,5,16,45,800,718,,,,Plein jour,Hors agglomération,Hors intersection,Normale,Autre collision,,,,,,,,,,,1,1,1,1.0,6
201200013733,0012-05-13 13:30:00,12,5,13,13,30,800,100,,,,Plein jour,Hors agglomération,Hors intersection,Normale,Sans collision,,,,,,,,,,,1,1,1,1.0,7
201200013734,0012-06-11 16:00:00,12,6,11,16,0,800,456,,,,Plein jour,Hors agglomération,Hors intersection,Normale,Autre collision,,,,,,,,,,,1,1,1,1.0,6
201200013735,0012-07-03 16:15:00,12,7,3,16,15,800,417,,,,Plein jour,Hors agglomération,Hors intersection,Normale,Sans collision,,,,,,,,,,,1,1,1,1.0,7
201200013736,0012-09-10 10:30:00,12,9,10,10,30,800,718,,,,Plein jour,Hors agglomération,Hors intersection,Normale,Sans collision,,,,,,,,,,,1,1,1,1.0,7
201200013737,0012-10-02 05:00:00,12,10,2,5,0,800,9,,,,Nuit sans éclairage public,Hors agglomération,Hors intersection,Normale,Deux véhicules - arrière,,,,,,,,,,,3,1,1,1.0,2
201200013738,0012-10-16 08:45:00,12,10,16,8,45,800,261,,,,Plein jour,Hors agglomération,Hors intersection,Pluie légère,Trois véhicules et plus - en chaîne,,,,,,,,,,,1,1,1,2.0,4
201200013739,0012-11-27 06:45:00,12,11,27,6,45,800,485,,,,Nuit sans éclairage public,Hors agglomération,Hors intersection,Normale,Deux véhicules - frontale,,,,,,,,,,,3,1,1,1.0,1
201200013740,0012-01-06 22:15:00,12,1,6,22,15,800,578,,,,Nuit sans éclairage public,Hors agglomération,Hors intersection,Normale,Sans collision,,,,,,,,,,,3,1,1,1.0,7
201200013741,0012-01-25 08:15:00,12,1,25,8,15,800,1,,,,Crépuscule ou aube,Hors agglomération,Hors intersection,Normale,Autre collision,,,,,,,,,,,2,1,1,1.0,6
201200013742,0012-04-09 11:45:00,12,4,9,11,45,800,385,,,,Plein jour,Hors agglomération,Hors intersection,Pluie légère,Sans collision,,,,,,,,,,,1,1,1,2.0,7
201200013743,0012-05-02 21:00:00,12,5,2,21,0,800,578,,,,Plein jour,Hors agglomération,Hors intersection,Pluie forte,Autre collision,,,,,,,,,,,1,1,1,3.0,6
201200013744,0012-06-21 07:30:00,12,6,21,7,30,800,806,,,,Plein jour,Hors agglomération,Hors intersection,Normale,Autre collision,,,,,,,,,,,1,1,1,1.0,6
201200013745,0012-07-21 06:30:00,12,7,21,6,30,800,692,,,,Plein jour,Hors agglomération,Hors intersection,Normale,Autre collision,,,,,,,,,,,1,1,1,1.0,6
201200013746,0012-08-12 14:00:00,12,8,12,14,0,800,344,,,,Plein jour,Hors agglomération,Hors intersection,Normale,Autre collision,,,,,,,,,,,1,1,1,1.0,6
201200013747,0012-08-26 16:00:00,12,8,26,16,0,800,637,,,,Plein jour,Hors agglomération,Hors intersection,Normale,Autre collision,,,,,,,,,,,1,1,1,1.0,6
201200013748,0012-11-08 05:00:00,12,11,8,5,0,800,444,,,,Nuit sans éclairage public,Hors agglomération,Hors intersection,Normale,Autre collision,,,,,,,,,,,3,1,1,1.0,6
201200013749,0012-11-13 07:45:00,12,11,13,7,45,800,385,,,,Crépuscule ou aube,Hors agglomération,Hors intersection,Temps couvert,Trois véhicules et plus - collisions multiples,,,,,,,,,,,2,1,1,8.0,5
201200013750,0012-04-16 09:30:00,12,4,16,9,30,730,255,,45.3326,6.31421,Plein jour,Hors agglomération,Hors intersection,Normale,Sans collision,,,,,,,,,,,1,1,1,1.0,7
201200013751,0012-09-18 14:00:00,12,9,18,14,0,730,278,,45.39107,6.27423,Plein jour,Hors agglomération,Hors intersection,Normale,Autre collision,,,,,,,,,,,1,1,1,1.0,6
201200013752,0012-12-10 10:00:00,12,12,10,10,0,730,231,,45.3499,6.2958,Plein jour,Hors agglomération,Hors intersection,Neige / grêle,Autre collision,,,,,,,,,,,1,1,1,4.0,6
201200013753,0012-06-30 05:30:00,12,6,30,5,30,390,508,,,,Crépuscule ou aube,Hors agglomération,Hors intersection,Normale,Deux véhicules - arrière,,,,,,,,,,,2,1,1,1.0,2
201200013754,0012-08-17 11:30:00,12,8,17,11,30,710,300,,,,Plein jour,Hors agglomération,Hors intersection,Normale,Sans collision,,,,,,,,,,,1,1,1,1.0,7
201200013755,0012-07-20 14:15:00,12,7,20,14,15,120,305,JAURES JEAN (AVENUE),,,Plein jour,Hors agglomération,Hors intersection,Normale,Deux véhicules - frontale,,,,,,,,,,,1,1,1,1.0,1
201200013756,0012-07-26 11:00:00,12,7,26,11,0,120,305,JAURES JEAN (AVENUE),,,Plein jour,Hors agglomération,Intersection en T,Normale,Deux véhicules - côté,,,,,,,,,,,1,1,3,1.0,3
201200013757,0012-08-11 10:05:00,12,8,11,10,5,120,100,GIRMOU(LIEU-DIT),44.53821,3.45699,Plein jour,Hors agglomération,Hors intersection,Normale,Deux véhicules - frontale,,,,,,,,,,,1,1,1,1.0,1
201200013758,0012-10-24 19:20:00,12,10,24,19,20,120,100,BORREDON (Giratoire),44.54289,3.45699,Nuit avec éclairage allumé,Hors agglomération,Giratoire,Normale,Deux véhicules - côté,,,,,,,,,,,5,1,6,1.0,3
201200013759,0012-01-10 11:40:00,12,1,10,11,40,120,145,"01, DE GAULLE CHARLES (A",,,Plein jour,En agglomération,Passage à niveau,Normale,Autre collision,,,,,,,,,,,1,2,8,1.0,6
201200013760,0012-02-28 12:15:00,12,2,28,12,15,120,145,D991 ( VALLEE DE LA DOUR,,,Plein jour,En agglomération,Hors intersection,Normale,Autre collision,,,,,,,,,,,1,2,1,1.0,6
201200013761,0012-03-10 17:30:00,12,3,10,17,30,120,145,MARTEL EDOUARD ALFRED (A,,,Plein jour,En agglomération,Intersection en T,Normale,Sans collision,,,,,,,,,,,1,2,3,1.0,7
201200013762,0012-03-08 14:05:00,12,3,8,14,5,120,145,"61, DE GAULLE CHARLES (A",,,Plein jour,En agglomération,Hors intersection,Normale,Deux véhicules - côté,,,,,,,,,,,1,2,1,1.0,3
201200013763,0012-06-01 23:30:00,12,6,1,23,30,120,145,JAURES JEAN (AVENUE),,,Nuit avec éclairage allumé,En agglomération,Intersection en T,Normale,Deux véhicules - côté,,,,,,,,,,,5,2,3,1.0,3
201200013764,0012-06-15 12:00:00,12,6,15,12,0,120,145,"27 BIS, FRATERNITE",,,Plein jour,En agglomération,Hors intersection,Normale,Deux véhicules - côté,,,,,,,,,,,1,2,1,1.0,3
201200013765,0012-07-18 19:50:00,12,7,18,19,50,120,145,"13, MOULIN JEAN",,,Plein jour,En agglomération,Hors intersection,Normale,Deux véhicules - arrière,,,,,,,,,,,1,2,1,1.0,2
201200013766,0012-08-08 17:00:00,12,8,8,17,0,120,145,CADENEDE (CHEMIN DE LA),,,Plein jour,En agglomération,Intersection en X,Normale,Deux véhicules - côté,,,,,,,,,,,1,2,2,1.0,3
201200013767,0012-09-22 14:50:00,12,9,22,14,50,120,145,", AYROLLE (BOULEVARD DE",,,Plein jour,En agglomération,Hors intersection,Normale,Autre collision,,,,,,,,,,,1,2,1,1.0,6
201200013768,0012-09-22 18:55:00,12,9,22,18,55,120,145,JAURES JEAN (AVENUE),,,Plein jour,En agglomération,Hors intersection,Normale,Deux véhicules - côté,,,,,,,,,,,1,2,1,1.0,3
201200013769,0012-09-24 08:00:00,12,9,24,8,0,120,145,"0, BLANC LOUIS",,,Crépuscule ou aube,En agglomération,Hors intersection,Temps couvert,Autre collision,,,,,,,,,,,2,2,1,8.0,6
201200013770,0012-10-28 16:45:00,12,10,28,16,45,120,145,"6, DE GAULLE CHARLES (AV",,,Plein jour,En agglomération,Hors intersection,Normale,Autre collision,,,,,,,,,,,1,2,1,1.0,6
201200013771,0012-01-07 15:00:00,12,1,7,15,0,120,176,BALQUIERES (BLD DES) -CO,,,Plein jour,En agglomération,Hors intersection,Pluie légère,Sans collision,,,,,,,,,,,1,2,1,2.0,7
201200013772,0012-01-13 08:45:00,12,1,13,8,45,120,176,SEVERAC LE CHATEAU (ROUT,,,Plein jour,Hors agglomération,Hors intersection,Normale,Deux véhicules - frontale,,,,,,,,,,,1,1,1,1.0,1
201200013773,0012-02-29 16:20:00,12,2,29,16,20,120,176,BALQUIERES (BLD DES) -CO,,,Plein jour,Hors agglomération,Autre intersection,Normale,Deux véhicules - côté,,,,,,,,,,,1,1,9,1.0,3
201200013774,0012-03-09 19:40:00,12,3,9,19,40,120,202,"29, PARIS (AVENUE DE)",,,Nuit avec éclairage allumé,En agglomération,Hors intersection,Normale,Deux véhicules - arrière,,,,,,,,,,,5,2,1,1.0,2
201200013775,0012-03-11 00:55:00,12,3,11,0,55,120,202,"16, BORDEAUX (AVENUE DE)",,,Nuit avec éclairage allumé,En agglomération,Hors intersection,Normale,Sans collision,,,,,,,,,,,5,2,1,1.0,7
201200013776,0012-03-27 10:00:00,12,3,27,10,0,120,202,VICTOR HUGO (AVENUE),,,Plein jour,En agglomération,Hors intersection,Normale,Autre collision,,,,,,,,,,,1,2,1,1.0,6
201200013777,0012-03-28 17:35:00,12,3,28,17,35,120,176,NARCISSES (RUE DES),,,Plein jour,En agglomération,Hors intersection,Normale,Deux véhicules - côté,,,,,,,,,,,1,2,1,1.0,3
201200013778,0012-04-05 18:00:00,12,4,5,18,0,120,176,ROQUES (ROUTE DE LA),,,Plein jour,En agglomération,Intersection en T,Normale,Deux véhicules - arrière,,,,,,,,,,,1,2,3,1.0,2
201200013779,0012-05-08 21:40:00,12,5,8,21,40,120,202,LAROMIGUIERE (BOULEVARD),,,Nuit avec éclairage allumé,En agglomération,Intersection en T,Pluie légère,Deux véhicules - côté,,,,,,,,,,,5,2,3,2.0,3
201200013780,0012-05-09 17:20:00,12,5,9,17,20,120,202,MARECHAL JOFFRE (AVENUE,,,Plein jour,En agglomération,Hors intersection,Normale,Trois véhicules et plus - en chaîne,,,,,,,,,,,1,2,1,1.0,4
201200013781,0012-05-22 16:35:00,12,5,22,16,35,120,202,SAINT PIERRE (ROUTE DE),,,Plein jour,Hors agglomération,Hors intersection,Pluie légère,Deux véhicules - frontale,,,,,,,,,,,1,1,1,2.0,1
201200013782,0012-05-29 13:15:00,12,5,29,13,15,120,174,"26, MOULINE (AVENUE DES",,,Plein jour,En agglomération,Hors intersection,Normale,Sans collision,,,,,,,,,,,1,2,1,1.0,7
201200013783,0012-05-31 18:10:00,12,5,31,18,10,120,202,MOYRAZES (ROUTE DE),,,Plein jour,En agglomération,Intersection en T,Normale,Deux véhicules - côté,,,,,,,,,,,1,2,3,1.0,3
201200013784,0012-06-09 10:20:00,12,6,9,10,20,120,176,"97, ROSIERS (AVENUE DES)",,,Plein jour,En agglomération,Hors intersection,Normale,Autre collision,,,,,,,,,,,1,2,1,1.0,6
201200013785,0012-07-09 19:10:00,12,7,9,19,10,120,176,RD 840,,,Plein jour,Hors agglomération,Intersection en X,Temps éblouissant,Deux véhicules - côté,,,,,,,,,,,1,1,2,7.0,3
201200013786,0012-07-11 16:15:00,12,7,11,16,15,120,174,RN88 (Rocade),,,Plein jour,Hors agglomération,Hors intersection,Normale,Deux véhicules - arrière,,,,,,,,,,,1,1,1,1.0,2
201200013787,0012-08-09 22:35:00,12,8,9,22,35,120,202,MOUTIERS (GIRATOIRE DES),,,Nuit avec éclairage non allumé,En agglomération,Giratoire,Normale,Sans collision,,,,,,,,,,,4,2,6,1.0,7
201200013788,0012-08-23 12:20:00,12,8,23,12,20,120,176,ESPALION (ROUTE D'),,,Plein jour,En agglomération,Hors intersection,Normale,Trois véhicules et plus - en chaîne,,,,,,,,,,,1,2,1,1.0,4
201200013789,0012-08-30 16:50:00,12,8,30,16,50,120,176,SEVERAC LE CHATEAU (ROUT,,,Plein jour,En agglomération,Intersection en X,Normale,Deux véhicules - frontale,,,,,,,,,,,1,2,2,1.0,1
201200013790,0012-09-05 07:05:00,12,9,5,7,5,120,202,"14, SAINT CYRICE (RUE)",,,Plein jour,En agglomération,Hors intersection,Normale,Deux véhicules - côté,,,,,,,,,,,1,2,1,1.0,3
201200013791,0012-09-16 17:50:00,12,9,16,17,50,120,202,"21, PARIS (AVENUE DE)",,,Plein jour,En agglomération,Hors intersection,Normale,Autre collision,,,,,,,,,,,1,2,1,1.0,6
201200013792,0012-09-20 08:00:00,12,9,20,8,0,120,176,RN 88,,,Plein jour,En agglomération,Hors intersection,Normale,Autre collision,,,,,,,,,,,1,2,1,1.0,6
201200013793,0012-09-22 13:45:00,12,9,22,13,45,120,176,ROQUETTE  RN88(AVENUE DE,,,Plein jour,Hors agglomération,Hors intersection,Normale,Deux véhicules - frontale,,,,,,,,,,,1,1,1,1.0,1
201200013794,0012-09-25 17:55:00,12,9,25,17,55,120,146,FLAVIN (ROUTE DE),,,Plein jour,Hors agglomération,Hors intersection,Normale,Deux véhicules - frontale,,,,,,,,,,,1,1,1,1.0,1
201200013795,0012-10-01 11:50:00,12,10,1,11,50,120,176,Giratoire de la Roque,,,Plein jour,En agglomération,Giratoire,Normale,Deux véhicules - côté,,,,,,,,,,,1,2,6,1.0,3
201200013796,0012-10-05 16:30:00,12,10,5,16,30,120,202,"26, PARIS (AVENUE DE)",,,Plein jour,En agglomération,Hors intersection,Normale,Autre collision,,,,,,,,,,,1,2,1,1.0,6
201200013797,0012-10-09 18:35:00,12,10,9,18,35,120,174,Chemin D?partemental 212,,,Plein jour,En agglomération,Hors intersection,Pluie légère,Sans collision,,,,,,,,,,,1,2,1,2.0,7
201200013798,0012-10-15 10:05:00,12,10,15,10,5,120,176,Rue de la Prade,,,Plein jour,En agglomération,Intersection en Y,Normale,Deux véhicules - frontale,,,,,,,,,,,1,2,4,1.0,1
201200013799,0012-11-01 14:17:00,12,11,1,14,17,120,176,RN 88,,,Plein jour,Hors agglomération,Hors intersection,Normale,Autre collision,,,,,,,,,,,1,1,1,1.0,6
201200013800,0012-11-26 17:55:00,12,11,26,17,55,120,146,"31, MILLAU (AVENUE DE)",,,Nuit avec éclairage allumé,En agglomération,Hors intersection,Pluie légère,Deux véhicules - frontale,,,,,,,,,,,5,2,1,2.0,1
201200013801,0012-12-01 16:20:00,12,12,1,16,20,120,202,BETEILLE (RUE),,,Plein jour,En agglomération,Hors intersection,Normale,Autre collision,,,,,,,,,,,1,2,1,1.0,6
201200013802,0012-12-14 17:05:00,12,12,14,17,5,120,202,EMBERGUE (RUE DE L'),,,Plein jour,En agglomération,Hors intersection,Pluie légère,Sans collision,,,,,,,,,,,1,2,1,2.0,7
201200013803,0012-12-26 12:10:00,12,12,26,12,10,120,146,MILLAU (AVENUE DE),,,Plein jour,En agglomération,Hors intersection,Normale,Autre collision,,,,,,,,,,,1,2,1,1.0,6
201200013804,0012-12-28 09:15:00,12,12,28,9,15,120,202,RIGNAC (ROUTE DE),,,Plein jour,Hors agglomération,Hors intersection,Temps couvert,Deux véhicules - frontale,,,,,,,,,,,1,1,1,8.0,1
201200013805,0012-10-27 06:30:00,12,10,27,6,30,460,309,,45.03215,1.52699,Nuit sans éclairage public,Hors agglomération,Hors intersection,Normale,Autre collision,,,,,,,,,,,3,1,1,1.0,6
201200013806,0012-02-19 15:00:00,12,2,19,15,0,450,115,,48.04739,3.0664,Plein jour,Hors agglomération,Hors intersection,Normale,Autre collision,,,,,,,,,,,1,1,1,1.0,6
201200013807,0012-02-19 13:00:00,12,2,19,13,0,450,23,,,,Plein jour,Hors agglomération,Hors intersection,Normale,Autre collision,,,,,,,,,,,1,1,1,1.0,6
201200013808,0012-02-22 11:30:00,12,2,22,11,30,450,281,,48.04012,3.03176,Plein jour,Hors agglomération,Hors intersection,Normale,Autre collision,,,,,,,,,,,1,1,1,1.0,6
201200013809,0012-05-10 17:15:00,12,5,10,17,15,450,332,,47.88942,2.68443,Plein jour,Hors agglomération,Hors intersection,Normale,Autre collision,,,,,,,,,,,1,1,1,1.0,6
201200013810,0012-07-26 16:45:00,12,7,26,16,45,450,113,,48.04203,2.93348,Plein jour,Hors agglomération,Hors intersection,Temps éblouissant,Autre collision,,,,,,,,,,,1,1,1,7.0,6
201200013811,0012-07-29 13:00:00,12,7,29,13,0,450,40,,,,Plein jour,Hors agglomération,Hors intersection,Normale,Sans collision,,,,,,,,,,,1,1,1,1.0,7
201200013812,0012-12-02 08:45:00,12,12,2,8,45,770,99,,,,Plein jour,Hors agglomération,Hors intersection,Autre,Sans collision,,,,,,,,,,,1,1,1,9.0,7
201200013813,0012-01-28 14:15:00,12,1,28,14,15,240,461,,44.927,0.187,Plein jour,Hors agglomération,Hors intersection,Normale,Deux véhicules - arrière,,,,,,,,,,,1,1,1,1.0,2
201200013814,0012-03-24 15:45:00,12,3,24,15,45,240,226,route de l'?tang,,,Plein jour,En agglomération,Hors intersection,Normale,Deux véhicules - côté,,,,,,,,,,,1,2,1,1.0,3
201200013815,0012-04-07 07:15:00,12,4,7,7,15,240,289,,44.856,0.097,Nuit sans éclairage public,Hors agglomération,Hors intersection,Normale,Autre collision,,,,,,,,,,,3,1,1,1.0,6
201200013816,0012-06-18 17:00:00,12,6,18,17,0,240,584,,,,Plein jour,Hors agglomération,Hors intersection,Normale,Autre collision,,,,,,,,,,,1,1,1,1.0,6
201200013817,0012-06-19 15:15:00,12,6,19,15,15,240,568,,,,Plein jour,Hors agglomération,Intersection en X,Normale,Trois véhicules et plus - en chaîne,,,,,,,,,,,1,1,2,1.0,4
201200013818,0012-09-17 06:15:00,12,9,17,6,15,240,568,,44.854,0.116,Nuit sans éclairage public,Hors agglomération,Hors intersection,Brouillard / fumée,Autre collision,,,,,,,,,,,3,1,1,5.0,6
201200013819,0012-09-27 12:30:00,12,9,27,12,30,240,494,,,,Plein jour,Hors agglomération,Hors intersection,Normale,Autre collision,,,,,,,,,,,1,1,1,1.0,6
201200013820,0012-10-27 19:00:00,12,10,27,19,0,240,226,,44.854,-0.014,Nuit sans éclairage public,Hors agglomération,Hors intersection,Normale,Autre collision,,,,,,,,,,,3,1,1,1.0,6
201200013821,0012-04-28 20:30:00,12,4,28,20,30,630,48,,45.644,2.537,Nuit sans éclairage public,Hors agglomération,Hors intersection,Normale,Autre collision,,,,,,,,,,,3,1,1,1.0,6
201200013822,0012-06-22 19:45:00,12,6,22,19,45,190,136,SENS CLERMONT-FERRAND/BO,45.4938,2.18878,Plein jour,Hors agglomération,Hors intersection,Normale,Autre collision,,,,,,,,,,,1,1,1,1.0,6
201200013823,0012-07-01 14:45:00,12,7,1,14,45,630,225,,,,Plein jour,Hors agglomération,Hors intersection,Normale,Autre collision,,,,,,,,,,,1,1,1,1.0,6
201200013824,0012-07-22 10:30:00,12,7,22,10,30,190,134,SENS CLERMONT-BORDEAUX,45.6237,2.47555,Plein jour,Hors agglomération,Hors intersection,Normale,Sans collision,,,,,,,,,,,1,1,1,1.0,7
201200013825,0012-08-14 16:30:00,12,8,14,16,30,190,2,BARREAU DE L'A89,45.6,2.40299,Plein jour,Hors agglomération,Intersection en T,Normale,Deux véhicules - côté,,,,,,,,,,,1,1,3,1.0,3
201200013826,0012-09-09 16:45:00,12,9,9,16,45,190,263,SENS CLERMONT/BORDEAUX,45.451,2.06886,Plein jour,Hors agglomération,Hors intersection,Normale,Sans collision,,,,,,,,,,,1,1,1,1.0,7
201200013827,0012-09-21 21:00:00,12,9,21,21,0,190,201,SENS BORDEAUX - CLERMONT,45.5327,2.35155,Nuit sans éclairage public,Hors agglomération,Hors intersection,Normale,Autre collision,,,,,,,,,,,3,1,1,1.0,6
201200013828,0012-10-05 11:00:00,12,10,5,11,0,630,399,,,,Nuit sans éclairage public,Hors agglomération,Hors intersection,Normale,Deux véhicules - frontale,,,,,,,,,,,3,1,1,1.0,1
201200013829,0012-04-03 16:15:00,12,4,3,16,15,100,45,,48.16721,4.48964,Plein jour,Hors agglomération,Hors intersection,Normale,Autre collision,,,,,,,,,,,1,1,1,1.0,6
201200013830,0012-04-23 14:15:00,12,4,23,14,15,100,360,,48.23488,4.0265,Plein jour,Hors agglomération,Hors intersection,Pluie forte,Sans collision,,,,,,,,,,,1,1,1,3.0,7
201200013831,0012-07-28 01:30:00,12,7,28,1,30,100,76,,,,Nuit sans éclairage public,Hors agglomération,Hors intersection,Normale,Deux véhicules - arrière,,,,,,,,,,,3,1,1,1.0,2
201200013832,0012-07-31 15:45:00,12,7,31,15,45,100,76,,,,Plein jour,Hors agglomération,Hors intersection,Normale,Deux véhicules - arrière,,,,,,,,,,,1,1,1,1.0,2
201200013833,0012-08-01 16:15:00,12,8,1,16,15,100,357,,,,Plein jour,Hors agglomération,Hors intersection,Normale,Autre collision,,,,,,,,,,,1,1,1,1.0,6
201200013834,0012-08-20 13:15:00,12,8,20,13,15,100,379,,,,Plein jour,Hors agglomération,Hors intersection,Normale,Autre collision,,,,,,,,,,,1,1,1,1.0,6
201200013835,0012-09-10 14:00:00,12,9,10,14,0,100,379,,,,Plein jour,Hors agglomération,Hors intersection,Normale,Autre collision,,,,,,,,,,,1,1,1,1.0,6
201200013836,0012-09-19 23:15:00,12,9,19,23,15,100,84,,,,Nuit sans éclairage public,Hors agglomération,Hors intersection,Normale,Autre collision,,,,,,,,,,,3,1,1,1.0,6
201200013837,0012-12-18 06:30:00,12,12,18,6,30,100,130,,,,Nuit sans éclairage public,Hors agglomération,Hors intersection,Pluie forte,Autre collision,,,,,,,,,,,3,1,1,3.0,6
201200013838,0012-01-06 15:00:00,12,1,6,15,0,130,1,SCHUMAN ROBERT (AV),43.5194,5.44668,Plein jour,En agglomération,Hors intersection,Normale,Autre collision,,,,,,,,,,,1,2,1,1.0,6
201200013839,0012-01-02 18:15:00,12,1,2,18,15,130,1,ALLUMETTES (RUE DES)*,43.5245,5.43946,Nuit avec éclairage allumé,En agglomération,Intersection en T,Normale,Deux véhicules - côté,,,,,,,,,,,5,2,3,1.0,3
201200013840,0012-01-08 06:30:00,12,1,8,6,30,130,1,RN 296,,,Crépuscule ou aube,En agglomération,Hors intersection,Normale,Autre collision,,,,,,,,,,,2,2,1,1.0,6
201200013841,0012-01-07 16:50:00,12,1,7,16,50,130,1,"55, SOLARI PHILIPPE (AV*",43.5428,5.44061,Plein jour,En agglomération,Intersection en T,Normale,Autre collision,,,,,,,,,,,1,2,3,1.0,6
201200013842,0012-01-14 15:20:00,12,1,14,15,20,130,1,GARDANNE (ROUTE DE ),,,Plein jour,En agglomération,Hors intersection,Normale,Deux véhicules - frontale,,,,,,,,,,,1,2,1,1.0,1
201200013843,0012-01-13 16:30:00,12,1,13,16,30,130,1,"1, ARTS ET METIERS (COU*",43.5296,5.45349,Plein jour,En agglomération,Hors intersection,Normale,Deux véhicules - côté,,,,,,,,,,,1,2,1,1.0,3
201200013844,0012-01-16 07:45:00,12,1,16,7,45,130,1,"1, R.N 296",,,Crépuscule ou aube,Hors agglomération,Hors intersection,Normale,Deux véhicules - côté,,,,,,,,,,,2,1,1,1.0,3
201200013845,0012-01-22 06:15:00,12,1,22,6,15,130,1,"/, GALICE (RTE DE)",,,Nuit avec éclairage allumé,En agglomération,Hors intersection,Normale,Sans collision,,,,,,,,,,,5,2,1,1.0,7
201200013846,0012-01-27 06:30:00,12,1,27,6,30,130,1,FERRINI FORTUNE (AV*,43.51,5.44163,Nuit avec éclairage allumé,En agglomération,Hors intersection,Normale,Autre collision,,,,,,,,,,,5,2,1,1.0,6
201200013847,0012-01-27 10:30:00,12,1,27,10,30,130,1,LEDOUX CLAUDE NICOLAS (R,,,Plein jour,En agglomération,Hors intersection,Normale,Deux véhicules - côté,,,,,,,,,,,1,2,1,1.0,3