accident_id,datetime,annee,mois,jour,heure,minute,departement,commune_insee,adresse,latitude,longitude,luminosite,agglomeration,intersection,meteo,collision,nb_vehicules,nb_usagers,nb_indemnes,nb_tues,nb_blesses_hosp,nb_blesses_legers,age_cond_1,age_cond_2,veh_type_cond_1,veh_type_cond_2,lum_code,agg_code,int_code,atm_code,col_code
201200013848,0012-02-13 18:30:00,12,2,13,18,30,130,1,SISTERON (RTE DE ),,,Nuit avec éclairage allumé,En agglomération,Hors intersection,Normale,Autre collision,,,,,,,,,,,5,2,1,1.0,6
201200013849,0012-02-23 15:30:00,12,2,23,15,30,130,1,POUDRIERE (RUE DE LA),,,Crépuscule ou aube,En agglomération,Hors intersection,Normale,Deux véhicules - frontale,,,,,,,,,,,2,2,1,1.0,1
201200013850,0012-01-27 15:05:00,12,1,27,15,5,130,1,"01, REPUBLIQUE (BD DE LA",43.5272,5.44309,Plein jour,En agglomération,Intersection en X,Normale,Deux véhicules - côté,,,,,,,,,,,1,2,2,1.0,3
201200013851,0012-02-26 15:45:00,12,2,26,15,45,130,1,ST CANADET (ROUTE) D.13,,,Plein jour,Hors agglomération,Intersection en X,Normale,Deux véhicules - côté,,,,,,,,,,,1,1,2,1.0,3
201200013852,0012-02-15 08:15:00,12,2,15,8,15,130,1,ROI RENE (BD DU),,,Plein jour,En agglomération,Intersection en X,Normale,Autre collision,,,,,,,,,,,1,2,2,1.0,6
201200013853,0012-03-06 09:50:00,12,3,6,9,50,130,1,RN 296,,,Plein jour,En agglomération,Hors intersection,Normale,Autre collision,,,,,,,,,,,1,2,1,1.0,6
201200013854,0012-02-28 21:00:00,12,2,28,21,0,130,1,RD9,43.4614,5.3362,Nuit sans éclairage public,Hors agglomération,Hors intersection,Normale,Autre collision,,,,,,,,,,,3,1,1,1.0,6
201200013855,0012-03-07 15:00:00,12,3,7,15,0,130,1,MOULIN JEAN  (AV),43.5391,5.45677,Plein jour,En agglomération,Intersection en X,Normale,Deux véhicules - frontale,,,,,,,,,,,1,2,2,1.0,1
201200013856,0012-03-10 04:45:00,12,3,10,4,45,130,1,"/, RN 296",,,Nuit avec éclairage allumé,En agglomération,Hors intersection,Normale,Sans collision,,,,,,,,,,,5,2,1,1.0,7
201200013857,0012-03-31 00:30:00,12,3,31,0,30,130,1,RD 543,,,Nuit sans éclairage public,Hors agglomération,Hors intersection,Normale,Sans collision,,,,,,,,,,,3,1,1,1.0,7
201200013858,0012-04-03 16:40:00,12,4,3,16,40,130,1,SCHUMAN ROBERT (AV),,,Plein jour,En agglomération,Hors intersection,Normale,Autre collision,,,,,,,,,,,1,2,1,1.0,6
201200013859,0012-03-12 07:00:00,12,3,12,7,0,130,1,"890, MARSEILLE (ROUTE DE",43.4755,5.41351,Plein jour,En agglomération,Hors intersection,Normale,Deux véhicules - frontale,,,,,,,,,,,1,2,1,1.0,1
201200013860,0012-03-19 08:00:00,12,3,19,8,0,130,1,"10, EUROPE (AV )",43.5233,5.44092,Plein jour,En agglomération,Hors intersection,Normale,Deux véhicules - côté,,,,,,,,,,,1,2,1,1.0,3
201200013861,0012-03-25 00:30:00,12,3,25,0,30,130,1,R.N 7,,,Nuit avec éclairage allumé,En agglomération,Hors intersection,Normale,Deux véhicules - côté,,,,,,,,,,,5,2,1,1.0,3
201200013862,0012-03-26 16:45:00,12,3,26,16,45,130,1,"30, MILLES (RTE DES)",,,Plein jour,En agglomération,Hors intersection,Normale,Autre collision,,,,,,,,,,,1,2,1,1.0,6
201200013863,0012-04-29 21:50:00,12,4,29,21,50,130,1,RD14/RD14B,,,Nuit avec éclairage allumé,Hors agglomération,Giratoire,Normale,Deux véhicules - arrière,,,,,,,,,,,5,1,6,1.0,2
201200013864,0012-05-05 05:15:00,12,5,5,5,15,130,1,"001, RD 17",,,Nuit sans éclairage public,Hors agglomération,Hors intersection,Normale,Autre collision,,,,,,,,,,,3,1,1,1.0,6
201200013865,0012-05-12 00:55:00,12,5,12,0,55,130,1,"20, HUGO VICTOR (AV)",43.5244,5.44631,Nuit avec éclairage allumé,En agglomération,Hors intersection,Normale,Deux véhicules - côté,,,,,,,,,,,5,2,1,1.0,3
201200013866,0012-05-12 20:35:00,12,5,12,20,35,130,1,"/, MOULIN JEAN  (AV)",43.5361,5.45735,Nuit sans éclairage public,En agglomération,Hors intersection,Normale,Deux véhicules - frontale,,,,,,,,,,,3,2,1,1.0,1
201200013867,0012-05-14 16:45:00,12,5,14,16,45,130,1,ROCHE MARCEL (AV),,,Plein jour,En agglomération,Hors intersection,Normale,Autre collision,,,,,,,,,,,1,2,1,1.0,6
201200013868,0012-05-18 03:00:00,12,5,18,3,0,130,1,"10, FONTENAILLE JEAN ET",,,Nuit avec éclairage allumé,En agglomération,Hors intersection,Normale,Autre collision,,,,,,,,,,,5,2,1,1.0,6
201200013869,0012-05-15 13:00:00,12,5,15,13,0,130,1,FERRINI FORTUNE (AV),,,Plein jour,En agglomération,Hors intersection,Normale,Deux véhicules - côté,,,,,,,,,,,1,2,1,1.0,3
201200013870,0012-05-18 21:25:00,12,5,18,21,25,130,1,"/, ROC FLEURY (CH)",,,Nuit avec éclairage non allumé,Hors agglomération,Intersection en T,Normale,Deux véhicules - côté,,,,,,,,,,,4,1,3,1.0,3
201200013871,0012-04-04 14:30:00,12,4,4,14,30,130,1,"1, ABEILLES  (CH DES)",43.4884,5.43545,Plein jour,Hors agglomération,Hors intersection,Pluie forte,Sans collision,,,,,,,,,,,1,1,1,3.0,7
201200013872,0012-05-26 05:45:00,12,5,26,5,45,130,1,"8, PREMIERE DIV FRANCAIS",,,Crépuscule ou aube,Hors agglomération,Hors intersection,Normale,Autre collision,,,,,,,,,,,2,1,1,1.0,6
201200013873,0012-06-10 14:00:00,12,6,10,14,0,130,1,"1, VAL ST ANDRE (AV DU)",,,Plein jour,En agglomération,Intersection en T,Normale,Deux véhicules - côté,,,,,,,,,,,1,2,3,1.0,3
201200013874,0012-04-19 13:35:00,12,4,19,13,35,130,1,CAPUS ALFRED (RUE),,,Plein jour,En agglomération,Hors intersection,Temps éblouissant,Autre collision,,,,,,,,,,,1,2,1,7.0,6
201200013875,0012-04-19 13:00:00,12,4,19,13,0,130,1,"350, CLUB HIPPIQUE (AV)",,,Plein jour,En agglomération,Hors intersection,Normale,Autre collision,,,,,,,,,,,1,2,1,1.0,6
201200013876,0012-04-20 02:20:00,12,4,20,2,20,130,1,MOULIN (RTE),,,Nuit sans éclairage public,En agglomération,Hors intersection,Normale,Autre collision,,,,,,,,,,,3,2,1,1.0,6
201200013877,0012-06-12 13:45:00,12,6,12,13,45,130,1,"605, MARSEILLE (ROUTE DE",,,Plein jour,En agglomération,Hors intersection,Temps éblouissant,Deux véhicules - côté,,,,,,,,,,,1,2,1,7.0,3
201200013878,0012-06-12 09:30:00,12,6,12,9,30,130,1,"/, PAYOT JULES (AV)",,,Plein jour,En agglomération,Hors intersection,Normale,Autre collision,,,,,,,,,,,1,2,1,1.0,6
201200013879,0012-06-17 01:00:00,12,6,17,1,0,130,1,"1, GALICE (RTE DE)",,,Nuit avec éclairage allumé,En agglomération,Intersection en X,Normale,Deux véhicules - côté,,,,,,,,,,,5,2,2,1.0,3
201200013880,0012-05-26 21:30:00,12,5,26,21,30,130,1,", GALICE (RTE DE)",,,Nuit sans éclairage public,En agglomération,Hors intersection,Normale,Deux véhicules - arrière,,,,,,,,,,,3,2,1,1.0,2
201200013881,0012-07-20 09:30:00,12,7,20,9,30,130,1,"1, BELGES (AV DES)",,,Plein jour,En agglomération,Hors intersection,Normale,Autre collision,,,,,,,,,,,1,2,1,1.0,6
201200013882,0012-07-18 12:45:00,12,7,18,12,45,130,1,"33, FERRY JULES (AV)",,,Plein jour,En agglomération,Hors intersection,Normale,Autre collision,,,,,,,,,,,1,2,1,1.0,6
201200013883,0012-07-19 08:00:00,12,7,19,8,0,130,1,"1150, PUYRICARD (RTE)",,,Plein jour,Hors agglomération,Hors intersection,Normale,Deux véhicules - côté,,,,,,,,,,,1,1,1,1.0,3
201200013884,0012-07-26 17:00:00,12,7,26,17,0,130,1,ANCIEN CHEMIN D'AVIGNON,,,Plein jour,Hors agglomération,Intersection en T,Normale,Deux véhicules - côté,,,,,,,,,,,1,1,3,1.0,3
201200013885,0012-07-27 15:18:00,12,7,27,15,18,130,1,"52, GALICE (RTE DE)",,,Plein jour,En agglomération,Hors intersection,Normale,Deux véhicules - côté,,,,,,,,,,,1,2,1,1.0,3
201200013886,0012-07-04 19:00:00,12,7,4,19,0,130,1,"/, ANCIEN CHEMIN D'AVIGN",,,Plein jour,Hors agglomération,Hors intersection,Normale,Deux véhicules - côté,,,,,,,,,,,1,1,1,1.0,3
201200013887,0012-07-31 13:15:00,12,7,31,13,15,130,1,"0, MIRABEAU (COURS)",,,Plein jour,En agglomération,Hors intersection,Normale,Autre collision,,,,,,,,,,,1,2,1,1.0,6
201200013888,0012-08-03 11:40:00,12,8,3,11,40,130,1,"/, AUBEPINES (CHEMIN DES",,,Plein jour,En agglomération,Passage à niveau,Normale,Deux véhicules - côté,,,,,,,,,,,1,2,8,1.0,3
201200013889,0012-08-03 09:50:00,12,8,3,9,50,130,1,"/, RD9",,,Plein jour,Hors agglomération,Autre intersection,Normale,Deux véhicules - côté,,,,,,,,,,,1,1,9,1.0,3
201200013890,0012-08-05 05:55:00,12,8,5,5,55,130,1,"2, BROSSOLETTE PIERRE (A",43.5214,5.44234,Nuit avec éclairage allumé,En agglomération,Hors intersection,Normale,Sans collision,,,,,,,,,,,5,2,1,1.0,7
201200013891,0012-08-03 07:45:00,12,8,3,7,45,130,1,"2112, SISTERON (RTE DE )",,,Plein jour,En agglomération,Hors intersection,Normale,Autre collision,,,,,,,,,,,1,2,1,1.0,6
201200013892,0012-08-10 04:15:00,12,8,10,4,15,130,1,"/, JOFFRE MARECHAL (RUE)",,,Nuit sans éclairage public,En agglomération,Hors intersection,Normale,Autre collision,,,,,,,,,,,3,2,1,1.0,6
201200013893,0012-08-17 11:00:00,12,8,17,11,0,130,1,"12, RD 543",,,Plein jour,Hors agglomération,Hors intersection,Normale,Autre collision,,,,,,,,,,,1,1,1,1.0,6
201200013894,0012-08-05 20:00:00,12,8,5,20,0,130,1,"10, LEDOUX CLAUDE NICOLA",,,Plein jour,Hors agglomération,Hors intersection,Normale,Deux véhicules - côté,,,,,,,,,,,1,1,1,1.0,3
201200013895,0012-08-14 18:00:00,12,8,14,18,0,130,1,"1, TUBINGEN (AV DE)",,,Plein jour,En agglomération,Intersection en X,Normale,Autre collision,,,,,,,,,,,1,2,2,1.0,6
201200013896,0012-08-27 20:20:00,12,8,27,20,20,130,1,"/, EGUILLES (CH D')",43.5611,5.3821,Plein jour,Hors agglomération,Hors intersection,Normale,Autre collision,,,,,,,,,,,1,1,1,1.0,6
201200013897,0012-08-29 18:30:00,12,8,29,18,30,130,1,R.N 8,,,Plein jour,Hors agglomération,Hors intersection,Normale,Deux véhicules - côté,,,,,,,,,,,1,1,1,1.0,3
201200013898,0012-08-28 18:55:00,12,8,28,18,55,130,1,"23B, THIERS (RUE)",,,Plein jour,En agglomération,Hors intersection,Normale,Autre collision,,,,,,,,,,,1,2,1,1.0,6
201200013899,0012-09-05 14:30:00,12,9,5,14,30,130,1,PONTIER HENRI (AV),,,Plein jour,En agglomération,Intersection en T,Normale,Autre collision,,,,,,,,,,,1,2,3,1.0,6
201200013900,0012-09-07 23:20:00,12,9,7,23,20,130,1,RD7 RD POINT DE LIGNANE,43.5843,5.37255,Nuit sans éclairage public,Hors agglomération,Hors intersection,Normale,Deux véhicules - frontale,,,,,,,,,,,3,1,1,1.0,1
201200013901,0012-09-06 15:50:00,12,9,6,15,50,130,1,VAIR GUILLAUME DU (RUE),43.5077,5.40251,Plein jour,En agglomération,Hors intersection,Normale,Deux véhicules - côté,,,,,,,,,,,1,2,1,1.0,3
201200013902,0012-08-31 18:30:00,12,8,31,18,30,130,1,"570, CLUB HIPPIQUE (AV)",,,Plein jour,En agglomération,Hors intersection,Normale,Deux véhicules - côté,,,,,,,,,,,1,2,1,1.0,3
201200013903,0012-09-13 18:30:00,12,9,13,18,30,130,1,RD 543,43.503,5.34779,Plein jour,Hors agglomération,Intersection en X,Normale,Deux véhicules - frontale,,,,,,,,,,,1,1,2,1.0,1
201200013904,0012-09-06 14:50:00,12,9,6,14,50,130,1,BELGES (AV DES),,,Plein jour,En agglomération,Hors intersection,Normale,Autre collision,,,,,,,,,,,1,2,1,1.0,6
201200013905,0012-08-24 12:15:00,12,8,24,12,15,130,1,AMPERE  ANDRE (RUE),,,Plein jour,En agglomération,Hors intersection,Normale,Deux véhicules - arrière,,,,,,,,,,,1,2,1,1.0,2
201200013906,0012-09-30 05:50:00,12,9,30,5,50,130,1,"2465, ANCIEN CHEMIN D'AV",,,Nuit sans éclairage public,Hors agglomération,Hors intersection,Temps couvert,Autre collision,,,,,,,,,,,3,1,1,8.0,6
201200013907,0012-10-05 15:45:00,12,10,5,15,45,130,1,"00, POILUS (BD DES)",,,Plein jour,En agglomération,Hors intersection,Normale,Deux véhicules - côté,,,,,,,,,,,1,2,1,1.0,3
201200013908,0012-09-12 11:30:00,12,9,12,11,30,130,1,"00, GALICE (RTE)",,,Plein jour,En agglomération,Hors intersection,Normale,Deux véhicules - arrière,,,,,,,,,,,1,2,1,1.0,2
201200013909,0012-10-14 05:00:00,12,10,14,5,0,130,1,"3795, RD 7",43.5699,5.39647,Nuit sans éclairage public,Hors agglomération,Hors intersection,Normale,Autre collision,,,,,,,,,,,3,1,1,1.0,6
201200013910,0012-10-16 16:50:00,12,10,16,16,50,130,1,", MONNET JEAN (AV)",43.5325,5.42623,Plein jour,En agglomération,Giratoire,Normale,Deux véhicules - côté,,,,,,,,,,,1,2,6,1.0,3
201200013911,0012-10-16 08:30:00,12,10,16,8,30,130,15,"10, A.51",43.468,5.40721,Plein jour,Hors agglomération,Hors intersection,Normale,Deux véhicules - arrière,,,,,,,,,,,1,1,1,1.0,2
201200013912,0012-10-15 10:00:00,12,10,15,10,0,130,1,"/, NOSTRADAMUS (RUE)",,,Plein jour,En agglomération,Hors intersection,Normale,Deux véhicules - côté,,,,,,,,,,,1,2,1,1.0,3
201200013913,0012-10-16 18:00:00,12,10,16,18,0,130,1,", ARC DE MEYRAN (AV)",,,Plein jour,En agglomération,Hors intersection,Normale,Autre collision,,,,,,,,,,,1,2,1,1.0,6
201200013914,0012-10-27 14:45:00,12,10,27,14,45,130,1,", GAMBETTA (COURS)",43.5204,5.45994,Plein jour,En agglomération,Intersection en T,Normale,Deux véhicules - côté,,,,,,,,,,,1,2,3,1.0,3
201200013915,0012-11-06 14:00:00,12,11,6,14,0,130,1,", PIGONNET (AV DU)",,,Plein jour,En agglomération,Hors intersection,Normale,Autre collision,,,,,,,,,,,1,2,1,1.0,6
201200013916,0012-11-18 17:45:00,12,11,18,17,45,130,1,"2690, GARDANNE (ROUTE DE",43.4833,5.41489,Nuit sans éclairage public,En agglomération,Hors intersection,Normale,Trois véhicules et plus - collisions multiples,,,,,,,,,,,3,2,1,1.0,5
201200013917,0012-09-29 18:50:00,12,9,29,18,50,130,1,DOLIA (ALLEE),43.5459,5.42914,Crépuscule ou aube,En agglomération,Hors intersection,Normale,Deux véhicules - frontale,,,,,,,,,,,2,2,1,1.0,1
201200013918,0012-11-17 15:00:00,12,11,17,15,0,130,1,", SOLARI PHILIPPE (AV)",,,Plein jour,En agglomération,Hors intersection,Normale,Deux véhicules - côté,,,,,,,,,,,1,2,1,1.0,3
201200013919,0012-11-30 21:00:00,12,11,30,21,0,130,1,"810, VENDANGES (ROUTE DE",43.5803,5.36544,Nuit sans éclairage public,Hors agglomération,Hors intersection,Normale,Autre collision,,,,,,,,,,,3,1,1,1.0,6
201200013920,0012-12-01 16:45:00,12,12,1,16,45,130,1,"1475, PONT ROUT(CH DU)",43.5474,5.41312,Plein jour,En agglomération,Hors intersection,Normale,Deux véhicules - frontale,,,,,,,,,,,1,2,1,1.0,1
201200013921,0012-12-04 11:50:00,12,12,4,11,50,130,1,GUIRAMANDE (CH),,,Plein jour,Hors agglomération,Hors intersection,Normale,Deux véhicules - frontale,,,,,,,,,,,1,1,1,1.0,1
201200013922,0012-11-26 13:50:00,12,11,26,13,50,130,1,GAMBETTA (COURS),,,Plein jour,En agglomération,Hors intersection,Normale,Deux véhicules - côté,,,,,,,,,,,1,2,1,1.0,3
201200013923,0012-12-07 16:00:00,12,12,7,16,0,130,1,EGUILLES (ROUTE D'),,,Plein jour,Hors agglomération,Hors intersection,Pluie légère,Deux véhicules - côté,,,,,,,,,,,1,1,1,2.0,3
201200013924,0012-12-09 03:00:00,12,12,9,3,0,130,1,"01, PIOLENC RAYNAUD DE (",43.5067,5.39972,Nuit avec éclairage non allumé,Hors agglomération,Hors intersection,Normale,Autre collision,,,,,,,,,,,4,1,1,1.0,6
201200013925,0012-11-08 16:00:00,12,11,8,16,0,130,1,"1, MONNET JEAN (AV)",43.5328,5.42752,Plein jour,En agglomération,Giratoire,Normale,Deux véhicules - côté,,,,,,,,,,,1,2,6,1.0,3
201200013926,0012-12-21 16:00:00,12,12,21,16,0,130,1,RD9,,,Plein jour,Hors agglomération,Hors intersection,Normale,Deux véhicules - arrière,,,,,,,,,,,1,1,1,1.0,2
201200013927,0012-12-24 13:45:00,12,12,24,13,45,130,1,"/, GALICE (RTE DE)",,,Plein jour,En agglomération,Intersection en X,Normale,Deux véhicules - arrière,,,,,,,,,,,1,2,2,1.0,2
201200013928,0012-12-18 11:30:00,12,12,18,11,30,130,1,"00, SISTERON (RTE DE )",,,Plein jour,En agglomération,Hors intersection,Normale,Deux véhicules - côté,,,,,,,,,,,1,2,1,1.0,3
201200013929,0012-12-27 14:55:00,12,12,27,14,55,130,1,"/, FOURANE (RUE)",,,Plein jour,En agglomération,Hors intersection,Normale,Deux véhicules - côté,,,,,,,,,,,1,2,1,1.0,3
201200013930,0012-12-28 11:30:00,12,12,28,11,30,130,1,"2100, PUY SAINTE REPARAD",43.5769,5.43194,Plein jour,Hors agglomération,Passage à niveau,Normale,Autre collision,,,,,,,,,,,1,1,8,1.0,6
201200013931,0012-12-02 19:15:00,12,12,2,19,15,130,1,GIONO JEAN (AV),43.5191,5.43281,Nuit avec éclairage allumé,En agglomération,Intersection en X,Normale,Autre collision,,,,,,,,,,,5,2,2,1.0,6
201200013932,0012-12-06 10:13:00,12,12,6,10,13,130,1,"1, CEZANNE PAUL (AV)",43.5387,5.4461,Plein jour,En agglomération,Hors intersection,Normale,Autre collision,,,,,,,,,,,1,2,1,1.0,6
201200013933,0012-06-05 09:30:00,12,6,5,9,30,130,1,"1, BELGES (AV DES)",,,Plein jour,En agglomération,Hors intersection,Normale,Autre collision,,,,,,,,,,,1,2,1,1.0,6
201200013934,0012-04-12 13:00:00,12,4,12,13,0,130,1,"2372, ST DONAT  (CH)",43.559,5.4517,Plein jour,En agglomération,Hors intersection,Normale,Deux véhicules - côté,,,,,,,,,,,1,2,1,1.0,3
201200013935,0012-01-11 06:55:00,12,1,11,6,55,130,4,"0, EDOUARD HERRIOT AVEN*",,,Nuit avec éclairage allumé,En agglomération,Intersection en T,Normale,Deux véhicules - côté,,,,,,,,,,,5,2,3,1.0,3
201200013936,0012-02-06 07:00:00,12,2,6,7,0,130,4,"1, EMILE COMBES BOULEVAR",43.6795,4.6339,Nuit avec éclairage allumé,En agglomération,Hors intersection,Normale,Sans collision,,,,,,,,,,,5,2,1,1.0,7
201200013937,0012-03-07 13:30:00,12,3,7,13,30,130,4,V.C.N33 DITE CHEMIN DE F,,,Plein jour,Hors agglomération,Intersection en X,Normale,Sans collision,,,,,,,,,,,1,1,2,1.0,7
201200013938,0012-03-08 13:05:00,12,3,8,13,5,130,4,"0, CONSTANTIN PLACE",,,Plein jour,En agglomération,Hors intersection,Vent fort / tempête,Autre collision,,,,,,,,,,,1,2,1,6.0,6
201200013939,0012-03-09 17:50:00,12,3,9,17,50,130,4,"00, SEGONNAUX CHEMIN DES",,,Plein jour,Hors agglomération,Hors intersection,Normale,Deux véhicules - côté,,,,,,,,,,,1,1,1,1.0,3
201200013940,0012-03-28 23:15:00,12,3,28,23,15,130,4,STALINGRAD AVENUE DE,,,Nuit avec éclairage allumé,En agglomération,Hors intersection,Normale,Deux véhicules - frontale,,,,,,,,,,,5,2,1,1.0,1
201200013941,0012-03-29 15:15:00,12,3,29,15,15,130,4,LOUIS VISSAC AVENUE,,,Plein jour,En agglomération,Hors intersection,Normale,Sans collision,,,,,,,,,,,1,2,1,1.0,7
201200013942,0012-04-03 21:00:00,12,4,3,21,0,130,4,CRAU ROUTE DE L*,43.67313,4.64019,Nuit avec éclairage allumé,En agglomération,Intersection en T,Pluie légère,Deux véhicules - frontale,,,,,,,,,,,5,2,3,2.0,1
201200013943,0012-04-19 17:30:00,12,4,19,17,30,130,4,"0, LIBERATION AVENUE DE",43.6983,4.64259,Plein jour,En agglomération,Hors intersection,Normale,Deux véhicules - arrière,,,,,,,,,,,1,2,1,1.0,2
201200013944,0012-04-19 22:20:00,12,4,19,22,20,130,4,STALINGRAD AVENUE DE,43.6938,4.6396,Nuit avec éclairage non allumé,En agglomération,Hors intersection,Normale,Autre collision,,,,,,,,,,,4,2,1,1.0,6
201200013945,0012-06-01 15:25:00,12,6,1,15,25,130,4,"00, MINIMES CHEMIN DES",,,Plein jour,En agglomération,Hors intersection,Normale,Deux véhicules - côté,,,,,,,,,,,1,2,1,1.0,3
201200013946,0012-06-12 21:17:00,12,6,12,21,17,130,4,"0, MURAILLETTES CHEMIN D",,,Plein jour,En agglomération,Hors intersection,Normale,Deux véhicules - côté,,,,,,,,,,,1,2,1,1.0,3
201200013947,0012-06-13 19:30:00,12,6,13,19,30,130,4,"0, CASCINA RUE DE",43.6666,4.61254,Plein jour,En agglomération,Hors intersection,Normale,Autre collision,,,,,,,,,,,1,2,1,1.0,6
201200013948,0012-06-14 12:00:00,12,6,14,12,0,130,4,D570N ENTRE PR 30 ET 31,,,Plein jour,Hors agglomération,Hors intersection,Normale,Deux véhicules - côté,,,,,,,,,,,1,1,1,1.0,3
201200013949,0012-07-06 16:35:00,12,7,6,16,35,130,4,"0, RN 113",,,Plein jour,Hors agglomération,Hors intersection,Normale,Deux véhicules - arrière,,,,,,,,,,,1,1,1,1.0,2
201200013950,0012-07-14 23:10:00,12,7,14,23,10,130,4,"0, GENERAL LECLERC AVENU",,,Nuit avec éclairage allumé,En agglomération,Hors intersection,Normale,Deux véhicules - côté,,,,,,,,,,,5,2,1,1.0,3
201200013951,0012-07-18 19:30:00,12,7,18,19,30,130,4,"0, ANATOLE FRANCE RUE",,,Plein jour,En agglomération,Autre intersection,Normale,Sans collision,,,,,,,,,,,1,2,9,1.0,7
201200013952,0012-07-20 10:00:00,12,7,20,10,0,130,4,"0, R.D 570N",,,Plein jour,Hors agglomération,Autre intersection,Normale,Deux véhicules - côté,,,,,,,,,,,1,1,9,1.0,3
201200013953,0012-07-23 10:45:00,12,7,23,10,45,130,4,"0, RN 113",,,Plein jour,Hors agglomération,Hors intersection,Normale,Autre collision,,,,,,,,,,,1,1,1,1.0,6
201200013954,0012-07-25 17:30:00,12,7,25,17,30,130,4,"0, R.D 570N",,,Plein jour,Hors agglomération,Hors intersection,Normale,Deux véhicules - frontale,,,,,,,,,,,1,1,1,1.0,1
201200013955,0012-08-14 20:50:00,12,8,14,20,50,130,4,"0, RN 570",,,Nuit sans éclairage public,Hors agglomération,Hors intersection,Normale,Deux véhicules - côté,,,,,,,,,,,3,1,1,1.0,3
201200013956,0012-08-20 18:50:00,12,8,20,18,50,130,4,"0, RN 113",43.6599,4.63909,Plein jour,Hors agglomération,Hors intersection,Normale,Sans collision,,,,,,,,,,,1,1,1,1.0,7
201200013957,0012-08-25 05:05:00,12,8,25,5,5,130,4,"0, R.N.572 DU VITTIER VE",,,Crépuscule ou aube,Hors agglomération,Hors intersection,Normale,Deux véhicules - arrière,,,,,,,,,,,2,1,1,1.0,2
201200013958,0012-09-08 12:00:00,12,9,8,12,0,130,4,"0, DOCTEUR JOSEPH IMBERT",,,Plein jour,En agglomération,Intersection en T,Normale,Deux véhicules - côté,,,,,,,,,,,1,2,3,1.0,3
201200013959,0012-09-22 12:15:00,12,9,22,12,15,130,4,R.N N570 D'AVIGNON A LA,,,Plein jour,Hors agglomération,Hors intersection,Normale,Deux véhicules - frontale,,,,,,,,,,,1,1,1,1.0,1
201200013960,0012-10-29 10:40:00,12,10,29,10,40,130,4,"2-4, CRAU ROUTE DE",,,Plein jour,En agglomération,Hors intersection,Normale,Autre collision,,,,,,,,,,,1,2,1,1.0,6
201200013961,0012-11-12 13:45:00,12,11,12,13,45,130,4,BIGOT CHEMIN DE,43.672,4.62504,Plein jour,En agglomération,Intersection en X,Normale,Autre collision,,,,,,,,,,,1,2,2,1.0,6
201200013962,0012-11-19 18:20:00,12,11,19,18,20,130,4,R.N.N113 DU PETIT RHONE,,,Crépuscule ou aube,Hors agglomération,Hors intersection,Normale,Trois véhicules et plus - en chaîne,,,,,,,,,,,2,1,1,1.0,4
201200013963,0012-11-20 17:50:00,12,11,20,17,50,130,4,PIERRE BROSSOLETTE RUE,,,Plein jour,En agglomération,Hors intersection,Normale,Autre collision,,,,,,,,,,,1,2,1,1.0,6
201200013964,0012-11-28 20:15:00,12,11,28,20,15,130,4,"0, R.D 570N D'AVIGNON A",,,Nuit sans éclairage public,Hors agglomération,Hors intersection,Pluie légère,Deux véhicules - côté,,,,,,,,,,,3,1,1,2.0,3
201200013965,0012-11-30 14:00:00,12,11,30,14,0,130,4,R.N.N453 DU BD CLEMENCEA,,,Plein jour,Hors agglomération,Hors intersection,Normale,Autre collision,,,,,,,,,,,1,1,1,1.0,6
201200013966,0012-12-15 18:05:00,12,12,15,18,5,130,4,R.N.N113 DU PETIT RHONE,,,Nuit sans éclairage public,En agglomération,Hors intersection,Normale,Trois véhicules et plus - collisions multiples,,,,,,,,,,,3,2,1,1.0,5
201200013967,0012-12-19 22:15:00,12,12,19,22,15,130,4,"0, R.D 570N D'AVIGNON A",,,Nuit avec éclairage non allumé,Hors agglomération,Hors intersection,Normale,Sans collision,,,,,,,,,,,4,1,1,1.0,7
201200013968,0012-01-02 17:20:00,12,1,2,17,20,130,5,RN 96 (ROUTE NATIONALE ),43.3055,5.57273,Nuit avec éclairage allumé,En agglomération,Giratoire,Normale,Deux véhicules - frontale,,,,,,,,,,,5,2,6,1.0,1
201200013969,0012-01-04 08:25:00,12,1,4,8,25,130,5,"581, BLANCARD (PROMENADE",43.2971,5.56581,Plein jour,En agglomération,Hors intersection,Temps couvert,Deux véhicules - côté,,,,,,,,,,,1,2,1,8.0,3
201200013970,0012-01-04 08:55:00,12,1,4,8,55,130,5,MANOUCHIAN (AVENUE*,43.28729,5.54821,Plein jour,En agglomération,Hors intersection,Normale,Sans collision,,,,,,,,,,,1,2,1,1.0,7
201200013971,0012-01-05 11:05:00,12,1,5,11,5,130,5,BAUMONE (AVENUE DE LA ),,,Plein jour,Hors agglomération,Hors intersection,Normale,Deux véhicules - arrière,,,,,,,,,,,1,1,1,1.0,2
201200013972,0012-01-11 12:40:00,12,1,11,12,40,130,5,CIOTAT (ROUTE DE LA RN55,43.2792,5.58684,Plein jour,Hors agglomération,Hors intersection,Normale,Deux véhicules - frontale,,,,,,,,,,,1,1,1,1.0,1
201200013973,0012-01-06 17:35:00,12,1,6,17,35,130,5,"22, ROBION (CHEMIN NOEL)",43.284,5.52029,Crépuscule ou aube,En agglomération,Hors intersection,Normale,Deux véhicules - côté,,,,,,,,,,,2,2,1,1.0,3
201200013974,0012-01-11 17:05:00,12,1,11,17,5,130,5,BARTHELEMY (RUE DU DR),43.2956,5.56665,Crépuscule ou aube,En agglomération,Intersection en T,Normale,Autre collision,,,,,,,,,,,2,2,3,1.0,6
201200013975,0012-01-13 07:45:00,12,1,13,7,45,130,5,BON CIVET (CHEMIN DU),43.2831,5.55419,Plein jour,En agglomération,Hors intersection,Normale,Autre collision,,,,,,,,,,,1,2,1,1.0,6
201200013976,0012-01-17 13:30:00,12,1,17,13,30,130,5,THUILIERE (CHEMIN DE L*,,,Plein jour,En agglomération,Intersection en T,Normale,Deux véhicules - côté,,,,,,,,,,,1,2,3,1.0,3