accident_id,datetime,annee,mois,jour,heure,minute,departement,commune_insee,adresse,latitude,longitude,luminosite,agglomeration,intersection,meteo,collision,nb_vehicules,nb_usagers,nb_indemnes,nb_tues,nb_blesses_hosp,nb_blesses_legers,age_cond_1,age_cond_2,veh_type_cond_1,veh_type_cond_2,lum_code,agg_code,int_code,atm_code,col_code
201200014106,0012-10-14 12:00:00,12,10,14,12,0,130,5,SALENGRO (AVENUE ROGER),,,Plein jour,En agglomération,Hors intersection,Normale,Deux véhicules - frontale,,,,,,,,,,,1,2,1,1.0,1
201200014107,0012-05-01 22:15:00,12,5,1,22,15,130,5,"15, RD 43 C",,,Nuit sans éclairage public,En agglomération,Hors intersection,Normale,Autre collision,,,,,,,,,,,3,2,1,1.0,6
201200014108,0012-01-16 17:00:00,12,1,16,17,0,130,28,BODIN (AVENUE EMILE)INTE,43.1858,5.6076,Plein jour,En agglomération,Hors intersection,Normale,Deux véhicules - côté,,,,,,,,,,,1,2,1,1.0,3
201200014109,0012-01-20 09:00:00,12,1,20,9,0,130,28,"478, BILLOUX (AVENUE FRA",43.1745,5.59797,Plein jour,En agglomération,Intersection en X,Normale,Deux véhicules - arrière,,,,,,,,,,,1,2,2,1.0,2
201200014110,0012-01-24 18:00:00,12,1,24,18,0,130,28,SEVERIERS (CHEMIN DES),,,Crépuscule ou aube,Hors agglomération,Hors intersection,Normale,Autre collision,,,,,,,,,,,2,1,1,1.0,6
201200014111,0012-01-31 10:50:00,12,1,31,10,50,130,28,REPOS DES CHASSEURS (CHE,,,Plein jour,Hors agglomération,Hors intersection,Temps couvert,Deux véhicules - côté,,,,,,,,,,,1,1,1,8.0,3
201200014112,0012-02-20 15:00:00,12,2,20,15,0,130,28,CD 559,,,Plein jour,Hors agglomération,Hors intersection,Temps couvert,Sans collision,,,,,,,,,,,1,1,1,8.0,7
201200014113,0012-02-22 11:40:00,12,2,22,11,40,130,28,CLEMENCEAU (BOULEVARD GE,,,Plein jour,En agglomération,Intersection en T,Normale,Trois véhicules et plus - collisions multiples,,,,,,,,,,,1,2,3,1.0,5
201200014114,0012-02-21 12:25:00,12,2,21,12,25,130,28,"12, LAMARTINE (BOULEVARD",,,Plein jour,En agglomération,Hors intersection,Normale,Autre collision,,,,,,,,,,,1,2,1,1.0,6
201200014115,0012-03-02 19:00:00,12,3,2,19,0,130,28,ROMAGOUA (CHEMIN DE),,,Nuit avec éclairage allumé,En agglomération,Hors intersection,Normale,Autre collision,,,,,,,,,,,5,2,1,1.0,6
201200014116,0012-03-03 17:30:00,12,3,3,17,30,130,28,BEAU RIVAGE (BOULEVARD),,,Plein jour,En agglomération,Intersection en T,Normale,Deux véhicules - côté,,,,,,,,,,,1,2,3,1.0,3
201200014117,0012-03-12 17:15:00,12,3,12,17,15,130,28,ROUMANILLE (AVENUE JOSEP,,,Plein jour,En agglomération,Intersection en T,Normale,Deux véhicules - côté,,,,,,,,,,,1,2,3,1.0,3
201200014118,0012-03-19 14:55:00,12,3,19,14,55,130,28,"336, AVENUE DE LA PAIX",,,Plein jour,En agglomération,Intersection en X,Normale,Deux véhicules - côté,,,,,,,,,,,1,2,2,1.0,3
201200014119,0012-04-13 09:30:00,12,4,13,9,30,130,28,"1, ROMAGOUA (CHEMIN DE)",43.1949,5.61161,Plein jour,En agglomération,Hors intersection,Pluie légère,Sans collision,,,,,,,,,,,1,2,1,2.0,7
201200014120,0012-04-28 19:00:00,12,4,28,19,0,130,28,LANGUEDOC (AVENUE DU),43.1874,5.62018,Plein jour,En agglomération,Intersection en X,Normale,Deux véhicules - côté,,,,,,,,,,,1,2,2,1.0,3
201200014121,0012-05-04 09:00:00,12,5,4,9,0,130,28,LAVAUX (BOULEVARD DE),,,Plein jour,En agglomération,Intersection en X,Temps couvert,Deux véhicules - côté,,,,,,,,,,,1,2,2,8.0,3
201200014122,0012-05-10 15:30:00,12,5,10,15,30,130,28,"10, ROVARCH (AVENUE PIER",43.1919,5.61691,Plein jour,En agglomération,Hors intersection,Normale,Autre collision,,,,,,,,,,,1,2,1,1.0,6
201200014123,0012-06-01 09:45:00,12,6,1,9,45,130,28,FERRY (AVENUE JULES ),43.1844,5.60467,Plein jour,En agglomération,Intersection en X,Normale,Deux véhicules - côté,,,,,,,,,,,1,2,2,1.0,3
201200014124,0012-06-03 16:45:00,12,6,3,16,45,130,28,ROVARCH (AVENUE PIERRE),,,Plein jour,En agglomération,Hors intersection,Normale,Deux véhicules - côté,,,,,,,,,,,1,2,1,1.0,3
201200014125,0012-06-12 08:50:00,12,6,12,8,50,130,28,"70, REPUBLIQUE (BOULEVAR",43.1753,5.60522,Plein jour,En agglomération,Hors intersection,Normale,Autre collision,,,,,,,,,,,1,2,1,1.0,6
201200014126,0012-06-26 21:24:00,12,6,26,21,24,130,28,"33, MIREILLE (AVENUE)",43.1889,5.63381,Nuit avec éclairage allumé,En agglomération,Hors intersection,Normale,Autre collision,,,,,,,,,,,5,2,1,1.0,6
201200014127,0012-06-27 16:00:00,12,6,27,16,0,130,28,BEAU RIVAGE (BOULEVARD),,,Plein jour,En agglomération,Hors intersection,Normale,Autre collision,,,,,,,,,,,1,2,1,1.0,6
201200014128,0012-06-30 16:00:00,12,6,30,16,0,130,28,MISTRAL (AVENUE FREDERIC,43.183,5.61257,Plein jour,En agglomération,Intersection en X,Normale,Sans collision,,,,,,,,,,,1,2,2,1.0,7
201200014129,0012-06-28 11:25:00,12,6,28,11,25,130,28,"NS, MICHELET (BOULEVARD",43.1759,5.60252,Plein jour,En agglomération,Intersection en T,Normale,Deux véhicules - côté,,,,,,,,,,,1,2,3,1.0,3
201200014130,0012-07-12 21:10:00,12,7,12,21,10,130,28,ROVARCH (AVENUE PIERRE),43.1891,5.63457,Crépuscule ou aube,En agglomération,Hors intersection,Normale,Autre collision,,,,,,,,,,,2,2,1,1.0,6
201200014131,0012-07-18 19:20:00,12,7,18,19,20,130,28,ROVARCH (AVENUE PIERRE),,,Plein jour,En agglomération,Hors intersection,Normale,Deux véhicules - côté,,,,,,,,,,,1,2,1,1.0,3
201200014132,0012-07-19 16:55:00,12,7,19,16,55,130,28,CD 559,43.1835,5.66736,Plein jour,Hors agglomération,Hors intersection,Normale,Autre collision,,,,,,,,,,,1,1,1,1.0,6
201200014133,0012-07-25 18:30:00,12,7,25,18,30,130,28,PEUPLIERS (CHEMIN DES),,,Plein jour,En agglomération,Giratoire,Temps éblouissant,Deux véhicules - côté,,,,,,,,,,,1,2,6,7.0,3
201200014134,0012-07-28 23:01:00,12,7,28,23,1,130,28,"20, LAMARTINE (BOULEVARD",43.1788,5.60837,Nuit avec éclairage allumé,En agglomération,Hors intersection,Normale,Autre collision,,,,,,,,,,,5,2,1,1.0,6
201200014135,0012-07-31 11:10:00,12,7,31,11,10,130,28,ARENE CROS (CHEMIN),,,Plein jour,En agglomération,Hors intersection,Normale,Autre collision,,,,,,,,,,,1,2,1,1.0,6
201200014136,0012-08-02 20:05:00,12,8,2,20,5,130,28,"FACE 372, DULAC (AVENUE",43.189,5.60866,Plein jour,En agglomération,Hors intersection,Normale,Autre collision,,,,,,,,,,,1,2,1,1.0,6
201200014137,0012-08-04 19:45:00,12,8,4,19,45,130,28,ROVARCH (AVENUE PIERRE),,,Plein jour,En agglomération,Giratoire,Normale,Autre collision,,,,,,,,,,,1,2,6,1.0,6
201200014138,0012-08-09 10:15:00,12,8,9,10,15,130,28,CD.559,43.1864,5.65759,Plein jour,Hors agglomération,Hors intersection,Normale,Deux véhicules - frontale,,,,,,,,,,,1,1,1,1.0,1
201200014139,0012-08-17 20:00:00,12,8,17,20,0,130,28,"00, CAMUGLI (AVENUE ANTO",43.183,5.61263,Plein jour,En agglomération,Hors intersection,Normale,Deux véhicules - frontale,,,,,,,,,,,1,2,1,1.0,1
201200014140,0012-08-29 15:15:00,12,8,29,15,15,130,28,DULAC (AVENUE GUILLAUME),43.1921,5.60893,Plein jour,En agglomération,Giratoire,Normale,Deux véhicules - arrière,,,,,,,,,,,1,2,6,1.0,2
201200014141,0012-09-14 23:00:00,12,9,14,23,0,130,28,HOMME ROUGE (CHEMIN DE L,43.1884,5.63192,Nuit avec éclairage allumé,En agglomération,Hors intersection,Normale,Deux véhicules - côté,,,,,,,,,,,5,2,1,1.0,3
201200014142,0012-09-23 21:15:00,12,9,23,21,15,130,28,CD.559,43.1899,5.64262,Nuit sans éclairage public,Hors agglomération,Hors intersection,Normale,Trois véhicules et plus - collisions multiples,,,,,,,,,,,3,1,1,1.0,5
201200014143,0012-09-20 06:45:00,12,9,20,6,45,130,28,ROND POINT DULAC/ROVARCH,,,Crépuscule ou aube,En agglomération,Giratoire,Normale,Deux véhicules - côté,,,,,,,,,,,2,2,6,1.0,3
201200014144,0012-10-15 07:05:00,12,10,15,7,5,130,28,"NS, RITT (AVENUE ALBERT)",43.1952,5.61866,Nuit avec éclairage allumé,En agglomération,Hors intersection,Temps couvert,Deux véhicules - côté,,,,,,,,,,,5,2,1,8.0,3
201200014145,0012-10-12 17:00:00,12,10,12,17,0,130,28,CD 559 (CHEMIN DEPARTEME,43.1807,5.67165,Plein jour,Hors agglomération,Hors intersection,Normale,Deux véhicules - côté,,,,,,,,,,,1,1,1,1.0,3
201200014146,0012-11-07 11:30:00,12,11,7,11,30,130,28,DULAC (AVENUE GUILLAUME),43.1859,5.60747,Plein jour,En agglomération,Hors intersection,Normale,Autre collision,,,,,,,,,,,1,2,1,1.0,6
201200014147,0012-11-08 17:40:00,12,11,8,17,40,130,28,"1, BODIN (AVENUE EMILE)",43.1859,5.60748,Crépuscule ou aube,En agglomération,Hors intersection,Normale,Trois véhicules et plus - collisions multiples,,,,,,,,,,,2,2,1,1.0,5
201200014148,0012-11-16 18:00:00,12,11,16,18,0,130,22,"1, FERRY (AVENUE JULES )",43.2165,5.53828,Nuit avec éclairage allumé,En agglomération,Hors intersection,Normale,Deux véhicules - côté,,,,,,,,,,,5,2,1,1.0,3
201200014149,0012-12-28 13:20:00,12,12,28,13,20,130,28,"08, REPUBLIQUE (BOULEVAR",43.1777,5.60766,Plein jour,En agglomération,Hors intersection,Normale,Autre collision,,,,,,,,,,,1,2,1,1.0,6
201200014150,0012-02-05 01:10:00,12,2,5,1,10,130,98,"SANS, D.5",,,Nuit sans éclairage public,Hors agglomération,Hors intersection,Normale,Deux véhicules - frontale,,,,,,,,,,,3,1,1,1.0,1
201200014151,0012-03-04 11:45:00,12,3,4,11,45,130,47,CD16 (LE DELA),,,Plein jour,Hors agglomération,Hors intersection,Normale,Deux véhicules - frontale,,,,,,,,,,,1,1,1,1.0,1
201200014152,0012-03-29 18:55:00,12,3,29,18,55,130,47,"100, D.16",,,Plein jour,Hors agglomération,Hors intersection,Normale,Trois véhicules et plus - collisions multiples,,,,,,,,,,,1,1,1,1.0,5
201200014153,0012-05-11 12:30:00,12,5,11,12,30,130,47,"100,RTE DE LA TRANSHUMAN",,,Plein jour,Hors agglomération,Hors intersection,Normale,Deux véhicules - frontale,,,,,,,,,,,1,1,1,1.0,1
201200014154,0012-06-27 16:20:00,12,6,27,16,20,130,35,"100, RN 569",43.6893,5.03036,Plein jour,Hors agglomération,Hors intersection,Normale,Deux véhicules - frontale,,,,,,,,,,,1,1,1,1.0,1
201200014155,0012-07-01 22:00:00,12,7,1,22,0,130,47,"100, RN 1569",,,Nuit sans éclairage public,Hors agglomération,Hors intersection,Pluie légère,Autre collision,,,,,,,,,,,3,1,1,2.0,6
201200014156,0012-07-10 22:20:00,12,7,10,22,20,130,47,"100, RN 1569",,,Nuit sans éclairage public,Hors agglomération,Hors intersection,Normale,Autre collision,,,,,,,,,,,3,1,1,1.0,6
201200014157,0012-07-19 02:20:00,12,7,19,2,20,130,47,"100, RN 1569",,,Nuit avec éclairage allumé,Hors agglomération,Giratoire,Normale,Autre collision,,,,,,,,,,,5,1,6,1.0,6
201200014158,0012-07-17 00:01:00,12,7,17,0,1,130,47,"100, RAYMOND FILIPPI AVE",,,Nuit avec éclairage allumé,En agglomération,Hors intersection,Normale,Deux véhicules - frontale,,,,,,,,,,,5,2,1,1.0,1
201200014159,0012-08-18 20:45:00,12,8,18,20,45,130,63,"100, SAINT EXUPERY BOULE",,,Nuit avec éclairage allumé,En agglomération,Intersection en X,Normale,Deux véhicules - côté,,,,,,,,,,,5,2,2,1.0,3
201200014160,0012-08-25 16:40:00,12,8,25,16,40,130,63,"100, FRANCE  BOULEVARD D",43.5994,5.00179,Plein jour,En agglomération,Intersection en T,Normale,Deux véhicules - côté,,,,,,,,,,,1,2,3,1.0,3
201200014161,0012-08-28 18:20:00,12,8,28,18,20,130,47,"100, ALDERIC CHAVE AVENU",,,Plein jour,En agglomération,Hors intersection,Normale,Autre collision,,,,,,,,,,,1,2,1,1.0,6
201200014162,0012-09-28 15:30:00,12,9,28,15,30,130,47,"100, SAINT EXUPERY AVENU",43.5295,4.97529,Plein jour,En agglomération,Intersection en T,Normale,Deux véhicules - côté,,,,,,,,,,,1,2,3,1.0,3
201200014163,0012-10-15 13:25:00,12,10,15,13,25,130,47,"100, RN 1569",43.4815,4.96119,Plein jour,Hors agglomération,Hors intersection,Normale,Trois véhicules et plus - collisions multiples,,,,,,,,,,,1,1,1,1.0,5
201200014164,0012-10-26 20:55:00,12,10,26,20,55,130,47,"100, MARTIGUES ROUTE DE",,,Nuit sans éclairage public,Hors agglomération,Hors intersection,Normale,Deux véhicules - arrière,,,,,,,,,,,3,1,1,1.0,2
201200014165,0012-12-10 07:30:00,12,12,10,7,30,130,47,"100, RN 1569",43.5156,4.96436,Crépuscule ou aube,Hors agglomération,Autre intersection,Normale,Deux véhicules - côté,,,,,,,,,,,2,1,9,1.0,3
201200014166,0012-01-12 18:45:00,12,1,12,18,45,130,54,DE GAULLE  AVE GAL DE,43.4118,5.20521,Nuit avec éclairage allumé,En agglomération,Giratoire,Normale,Deux véhicules - côté,,,,,,,,,,,5,2,6,1.0,3
201200014167,0012-01-17 18:15:00,12,1,17,18,15,130,54,FIGUERAS  RUE DE,43.4142,5.2121,Nuit avec éclairage allumé,En agglomération,Intersection en X,Normale,Deux véhicules - côté,,,,,,,,,,,5,2,2,1.0,3
201200014168,0012-01-21 17:30:00,12,1,21,17,30,130,54,C D 9,,,Plein jour,Hors agglomération,Passage à niveau,Normale,Deux véhicules - arrière,,,,,,,,,,,1,1,8,1.0,2
201200014169,0012-01-23 09:30:00,12,1,23,9,30,130,54,"1, FIGUERAS  RUE DE",43.4142,5.2121,Plein jour,En agglomération,Intersection en X,Normale,Deux véhicules - frontale,,,,,,,,,,,1,2,2,1.0,1
201200014170,0012-02-02 18:40:00,12,2,2,18,40,130,54,MAI-45 AV DU 8,43.4149,5.22364,Nuit avec éclairage allumé,En agglomération,Hors intersection,Normale,Autre collision,,,,,,,,,,,5,2,1,1.0,6
201200014171,0012-02-07 20:00:00,12,2,7,20,0,130,54,DE GAULLE  AVE GAL DE,,,Nuit avec éclairage allumé,En agglomération,Hors intersection,Normale,Deux véhicules - frontale,,,,,,,,,,,5,2,1,1.0,1
201200014172,0012-02-16 08:55:00,12,2,16,8,55,130,54,FIGUERAS  RUE DE,,,Plein jour,En agglomération,Intersection en T,Normale,Autre collision,,,,,,,,,,,1,2,3,1.0,6
201200014173,0012-03-09 12:25:00,12,3,9,12,25,130,54,DE GAULLE  AVE GAL DE,,,Plein jour,En agglomération,Intersection en T,Normale,Deux véhicules - côté,,,,,,,,,,,1,2,3,1.0,3
201200014174,0012-03-10 14:30:00,12,3,10,14,30,130,102,"342, ABBADIE  BLD",,,Plein jour,En agglomération,Intersection en T,Normale,Deux véhicules - côté,,,,,,,,,,,1,2,3,1.0,3
201200014175,0012-03-12 16:30:00,12,3,12,16,30,130,54,AIR FRANCE  CITE,,,Plein jour,Hors agglomération,Hors intersection,Normale,Deux véhicules - côté,,,,,,,,,,,1,1,1,1.0,3
201200014176,0012-03-18 16:10:00,12,3,18,16,10,130,43,"0, DIX NEUF MARS 1962 (A",,,Plein jour,En agglomération,Hors intersection,Pluie légère,Deux véhicules - frontale,,,,,,,,,,,1,2,1,2.0,1
201200014177,0012-03-22 11:00:00,12,3,22,11,0,130,54,FIGUERAS  RUE DE,,,Plein jour,En agglomération,Intersection en X,Normale,Deux véhicules - côté,,,,,,,,,,,1,2,2,1.0,3
201200014178,0012-04-02 08:20:00,12,4,2,8,20,130,54,LOMBARDO  AVE ETIENNE,,,Plein jour,En agglomération,Hors intersection,Normale,Autre collision,,,,,,,,,,,1,2,1,1.0,6
201200014179,0012-04-02 19:00:00,12,4,2,19,0,130,54,SAINT PIERRE  CHE DE,,,Plein jour,En agglomération,Hors intersection,Normale,Trois véhicules et plus - collisions multiples,,,,,,,,,,,1,2,1,1.0,5
201200014180,0012-04-10 12:10:00,12,4,10,12,10,130,54,FIGUERAS  RUE DE,43.4168,5.20971,Plein jour,En agglomération,Intersection en X,Normale,Deux véhicules - côté,,,,,,,,,,,1,2,2,1.0,3
201200014181,0012-04-15 15:55:00,12,4,15,15,55,130,43,MEDITERRANEE  AVENUE DE,,,Plein jour,Hors agglomération,Intersection en T,Normale,Autre collision,,,,,,,,,,,1,1,3,1.0,6
201200014182,0012-04-16 15:00:00,12,4,16,15,0,130,54,CD9,,,Plein jour,Hors agglomération,Hors intersection,Normale,Deux véhicules - arrière,,,,,,,,,,,1,1,1,1.0,2
201200014183,0012-04-17 08:10:00,12,4,17,8,10,130,54,"20, FIGUERAS  RUE DE",43.4205,5.20799,Plein jour,En agglomération,Intersection en T,Normale,Deux véhicules - côté,,,,,,,,,,,1,2,3,1.0,3
201200014184,0012-04-17 17:00:00,12,4,17,17,0,130,54,CD 9,,,Plein jour,En agglomération,Hors intersection,Normale,Deux véhicules - arrière,,,,,,,,,,,1,2,1,1.0,2
201200014185,0012-04-19 15:40:00,12,4,19,15,40,130,54,FIGUERAS  RUE DE,,,Plein jour,En agglomération,Hors intersection,Normale,Deux véhicules - côté,,,,,,,,,,,1,2,1,1.0,3
201200014186,0012-05-01 14:30:00,12,5,1,14,30,130,54,OLIVIERS  ALLEE DES,,,Plein jour,En agglomération,Hors intersection,Normale,Autre collision,,,,,,,,,,,1,2,1,1.0,6
201200014187,0012-05-06 17:20:00,12,5,6,17,20,130,102,FERRISSE  BLD ROBERT,,,Plein jour,En agglomération,Intersection en T,Normale,Deux véhicules - côté,,,,,,,,,,,1,2,3,1.0,3
201200014188,0012-05-11 21:45:00,12,5,11,21,45,130,43,NATIONALE 368,,,Nuit sans éclairage public,Hors agglomération,Intersection en X,Normale,Deux véhicules - côté,,,,,,,,,,,3,1,2,1.0,3
201200014189,0012-05-15 18:00:00,12,5,15,18,0,130,43,ROVE  AVENUE DU,,,Plein jour,En agglomération,Hors intersection,Normale,Deux véhicules - côté,,,,,,,,,,,1,2,1,1.0,3
201200014190,0012-05-16 07:30:00,12,5,16,7,30,130,54,"14, BARRELET  AVENUE HEN",,,Plein jour,En agglomération,Hors intersection,Normale,Deux véhicules - côté,,,,,,,,,,,1,2,1,1.0,3
201200014191,0012-05-20 17:15:00,12,5,20,17,15,130,54,"15, COMBATTANT A.F.N.",,,Plein jour,En agglomération,Passage à niveau,Pluie forte,Deux véhicules - côté,,,,,,,,,,,1,2,8,3.0,3
201200014192,0012-06-06 14:15:00,12,6,6,14,15,130,54,CD9,,,Plein jour,En agglomération,Hors intersection,Normale,Deux véhicules - arrière,,,,,,,,,,,1,2,1,1.0,2
201200014193,0012-06-12 15:40:00,12,6,12,15,40,130,55,JUIN  AVENUE MARECHAL,,,Plein jour,En agglomération,Hors intersection,Normale,Deux véhicules - côté,,,,,,,,,,,1,2,1,1.0,3
201200014194,0012-06-12 20:35:00,12,6,12,20,35,130,54,DE GAULLE  AVE GAL DE,,,Crépuscule ou aube,En agglomération,Giratoire,Normale,Autre collision,,,,,,,,,,,2,2,6,1.0,6
201200014195,0012-06-14 12:15:00,12,6,14,12,15,130,54,FIGUERAS  RUE DE,,,Plein jour,En agglomération,Intersection en X,Normale,Deux véhicules - côté,,,,,,,,,,,1,2,2,1.0,3
201200014196,0012-06-15 12:20:00,12,6,15,12,20,130,54,DE GAULLE  AVE GAL DE,,,Plein jour,En agglomération,Hors intersection,Normale,Autre collision,,,,,,,,,,,1,2,1,1.0,6
201200014197,0012-06-20 18:15:00,12,6,20,18,15,130,54,FOUCAULT  RUE DU PERE,,,Plein jour,En agglomération,Hors intersection,Normale,Autre collision,,,,,,,,,,,1,2,1,1.0,6
201200014198,0012-06-21 16:25:00,12,6,21,16,25,130,54,JUIN  AVE MARECHAL,,,Plein jour,En agglomération,Hors intersection,Normale,Deux véhicules - côté,,,,,,,,,,,1,2,1,1.0,3
201200014199,0012-06-26 08:30:00,12,6,26,8,30,130,54,MISTRAL  BD FREDERIC,,,Plein jour,En agglomération,Hors intersection,Normale,Autre collision,,,,,,,,,,,1,2,1,1.0,6
201200014200,0012-06-27 05:50:00,12,6,27,5,50,130,43,DIX NEUF MARS 1962  RUE,,,Crépuscule ou aube,En agglomération,Hors intersection,Normale,Deux véhicules - arrière,,,,,,,,,,,2,2,1,1.0,2
201200014201,0012-06-27 17:40:00,12,6,27,17,40,130,43,FERNANDEL  AVENUE,,,Plein jour,Hors agglomération,Hors intersection,Normale,Trois véhicules et plus - en chaîne,,,,,,,,,,,1,1,1,1.0,4
201200014202,0012-07-04 20:10:00,12,7,4,20,10,130,54,SALAN  AVE GENERAL,,,Crépuscule ou aube,En agglomération,Hors intersection,Normale,Sans collision,,,,,,,,,,,2,2,1,1.0,7
201200014203,0012-07-16 19:15:00,12,7,16,19,15,130,54,GALOUBET  RUE DU,,,Plein jour,Hors agglomération,Hors intersection,Normale,Deux véhicules - arrière,,,,,,,,,,,1,1,1,1.0,2
201200014204,0012-07-25 14:20:00,12,7,25,14,20,130,54,JUIN  AVE MARECHAL,,,Plein jour,En agglomération,Hors intersection,Normale,Deux véhicules - côté,,,,,,,,,,,1,2,1,1.0,3
201200014205,0012-07-25 15:00:00,12,7,25,15,0,130,43,RN 368,,,Plein jour,Hors agglomération,Hors intersection,Normale,Deux véhicules - côté,,,,,,,,,,,1,1,1,1.0,3
201200014206,0012-07-29 21:45:00,12,7,29,21,45,130,43,POUSARAQUE  AVENUE DE LA,,,Nuit avec éclairage allumé,En agglomération,Hors intersection,Normale,Autre collision,,,,,,,,,,,5,2,1,1.0,6
201200014207,0012-08-11 11:55:00,12,8,11,11,55,130,102,HUIT MAI 45  AVENUE DU,,,Plein jour,En agglomération,Hors intersection,Normale,Deux véhicules - côté,,,,,,,,,,,1,2,1,1.0,3
201200014208,0012-08-21 14:30:00,12,8,21,14,30,130,54,FABRE AVIATEUR  AVE HENR,,,Plein jour,En agglomération,Intersection en T,Normale,Deux véhicules - côté,,,,,,,,,,,1,2,3,1.0,3
201200014209,0012-08-23 15:15:00,12,8,23,15,15,130,43,MITTERAND  AV. FRANCOIS,,,Plein jour,En agglomération,Hors intersection,Normale,Deux véhicules - frontale,,,,,,,,,,,1,2,1,1.0,1
201200014210,0012-08-26 05:45:00,12,8,26,5,45,130,54,CD9,,,Nuit sans éclairage public,Hors agglomération,Hors intersection,Normale,Deux véhicules - frontale,,,,,,,,,,,3,1,1,1.0,1
201200014211,0012-08-28 10:45:00,12,8,28,10,45,130,54,SALAN  AVE GENERAL,,,Plein jour,En agglomération,Hors intersection,Normale,Autre collision,,,,,,,,,,,1,2,1,1.0,6
201200014212,0012-09-08 14:00:00,12,9,8,14,0,130,54,"14, FABRE AVIATEUR  AVE",,,Plein jour,En agglomération,Hors intersection,Normale,Deux véhicules - côté,,,,,,,,,,,1,2,1,1.0,3
201200014213,0012-09-09 19:45:00,12,9,9,19,45,130,54,"24, ROSTAND  RUE EDMOND",,,Crépuscule ou aube,En agglomération,Intersection en X,Normale,Deux véhicules - côté,,,,,,,,,,,2,2,2,1.0,3
201200014214,0012-09-10 16:00:00,12,9,10,16,0,130,43,VENTURA  AVENUE LINO,,,Plein jour,Hors agglomération,Hors intersection,Normale,Deux véhicules - côté,,,,,,,,,,,1,1,1,1.0,3
201200014215,0012-09-15 16:15:00,12,9,15,16,15,130,102,DUNANT  AVENUE HENRI,,,Plein jour,En agglomération,Hors intersection,Normale,Deux véhicules - arrière,,,,,,,,,,,1,2,1,1.0,2
201200014216,0012-09-18 20:50:00,12,9,18,20,50,130,54,"74, JAURES  AVE JEAN",43.4173,5.21455,Nuit avec éclairage allumé,En agglomération,Hors intersection,Normale,Deux véhicules - côté,,,,,,,,,,,5,2,1,1.0,3
201200014217,0012-09-28 10:50:00,12,9,28,10,50,130,54,COUVENT  CHEMIN DU,,,Plein jour,En agglomération,Hors intersection,Normale,Deux véhicules - arrière,,,,,,,,,,,1,2,1,1.0,2
201200014218,0012-10-03 13:40:00,12,10,3,13,40,130,43,CARRAIRE DE L'AIGUILLE,,,Plein jour,En agglomération,Hors intersection,Normale,Deux véhicules - côté,,,,,,,,,,,1,2,1,1.0,3
201200014219,0012-10-04 23:00:00,12,10,4,23,0,130,54,GARE  BD DE LA,43.4097,5.25314,Nuit avec éclairage allumé,Hors agglomération,Hors intersection,Normale,Autre collision,,,,,,,,,,,5,1,1,1.0,6
201200014220,0012-10-08 14:30:00,12,10,8,14,30,130,54,COMBATTANT A.F.N.,,,Plein jour,Hors agglomération,Hors intersection,Normale,Deux véhicules - arrière,,,,,,,,,,,1,1,1,1.0,2
201200014221,0012-10-14 15:20:00,12,10,14,15,20,130,43,NATIONALE 568 B,,,Plein jour,Hors agglomération,Intersection en X,Pluie légère,Deux véhicules - côté,,,,,,,,,,,1,1,2,2.0,3
201200014222,0012-10-22 17:20:00,12,10,22,17,20,130,54,C D 9,,,Plein jour,Hors agglomération,Hors intersection,Normale,Deux véhicules - côté,,,,,,,,,,,1,1,1,1.0,3
201200014223,0012-10-25 13:20:00,12,10,25,13,20,130,43,COTE BLEUE  AVENUE DE LA,,,Plein jour,En agglomération,Hors intersection,Normale,Deux véhicules - arrière,,,,,,,,,,,1,2,1,1.0,2
201200014224,0012-10-27 13:25:00,12,10,27,13,25,130,54,JUIN  AVE MARECHAL,,,Plein jour,En agglomération,Intersection en X,Normale,Deux véhicules - côté,,,,,,,,,,,1,2,2,1.0,3
201200014225,0012-10-27 23:15:00,12,10,27,23,15,130,54,JUIN  AVE MARECHAL,43.4184,5.21828,Nuit avec éclairage allumé,En agglomération,Hors intersection,Vent fort / tempête,Deux véhicules - côté,,,,,,,,,,,5,2,1,6.0,3
201200014226,0012-10-27 19:00:00,12,10,27,19,0,130,54,OLIVIERS  ALLEE DES,,,Nuit sans éclairage public,En agglomération,Hors intersection,Vent fort / tempête,Deux véhicules - côté,,,,,,,,,,,3,2,1,6.0,3
201200014227,0012-11-04 19:15:00,12,11,4,19,15,130,54,DE LATTRE TASSIGNY AV MA,,,Nuit avec éclairage allumé,En agglomération,Hors intersection,Pluie légère,Autre collision,,,,,,,,,,,5,2,1,2.0,6
201200014228,0012-11-23 16:30:00,12,11,23,16,30,130,54,PLAGE  ROUTE DE LA,,,Plein jour,Hors agglomération,Hors intersection,Normale,Deux véhicules - frontale,,,,,,,,,,,1,1,1,1.0,1
201200014229,0012-11-27 17:50:00,12,11,27,17,50,130,54,JAURES  AVE JEAN,43.4183,5.21813,Nuit avec éclairage allumé,En agglomération,Hors intersection,Pluie légère,Deux véhicules - arrière,,,,,,,,,,,5,2,1,2.0,2
201200014230,0012-12-04 19:00:00,12,12,4,19,0,130,43,FRANCOIS MITTERAND  AVEN,,,Nuit sans éclairage public,Hors agglomération,Hors intersection,Normale,Deux véhicules - côté,,,,,,,,,,,3,1,1,1.0,3
201200014231,0012-12-16 13:00:00,12,12,16,13,0,130,54,JUIN  AVE MARECHAL,,,Plein jour,En agglomération,Hors intersection,Normale,Deux véhicules - côté,,,,,,,,,,,1,2,1,1.0,3
201200014232,0012-12-17 19:00:00,12,12,17,19,0,130,43,"1327, FRANCOIS MITTERAND",43.3979,5.25529,Nuit avec éclairage allumé,Hors agglomération,Hors intersection,Normale,Deux véhicules - côté,,,,,,,,,,,5,1,1,1.0,3
201200014233,0012-12-28 17:00:00,12,12,28,17,0,130,54,COUVENT  RUE DU,43.4178,5.22493,Crépuscule ou aube,En agglomération,Intersection en T,Normale,Autre collision,,,,,,,,,,,2,2,3,1.0,6