accident_id,datetime,annee,mois,jour,heure,minute,departement,commune_insee,adresse,latitude,longitude,luminosite,agglomeration,intersection,meteo,collision,nb_vehicules,nb_usagers,nb_indemnes,nb_tues,nb_blesses_hosp,nb_blesses_legers,age_cond_1,age_cond_2,veh_type_cond_1,veh_type_cond_2,lum_code,agg_code,int_code,atm_code,col_code
201200014359,0012-12-21 21:35:00,12,12,21,21,35,130,55,RUE RABELAIS,43.3625,5.32276,Nuit avec éclairage allumé,En agglomération,Intersection en T,Normale,Deux véhicules - côté,,,,,,,,,,,5,2,3,1.0,3
201200014360,0012-08-12 17:00:00,12,8,12,17,0,130,55,"54, AVE COROT",,,Plein jour,En agglomération,Hors intersection,Normale,Deux véhicules - côté,,,,,,,,,,,1,2,1,1.0,3
201200014361,0012-12-26 19:00:00,12,12,26,19,0,130,55,"371, BD ROMAIN ROLLAND",43.2707,5.40772,Nuit avec éclairage allumé,En agglomération,Hors intersection,Normale,Deux véhicules - frontale,,,,,,,,,,,5,2,1,1.0,1
201200014362,0012-12-14 15:00:00,12,12,14,15,0,130,55,"208, BD PAUL CLAUDEL",43.2685,5.4193,Plein jour,En agglomération,Hors intersection,Normale,Autre collision,,,,,,,,,,,1,2,1,1.0,6
201200014363,0012-11-12 17:30:00,12,11,12,17,30,130,55,"295, BD PERIER",43.2781,5.37456,Plein jour,En agglomération,Hors intersection,Normale,Sans collision,,,,,,,,,,,1,2,1,1.0,7
201200014364,0012-12-21 13:15:00,12,12,21,13,15,130,55,RUE DE POLOGNE,,,Plein jour,En agglomération,Hors intersection,Normale,Autre collision,,,,,,,,,,,1,2,1,1.0,6
201200014365,0012-01-10 16:00:00,12,1,10,16,0,130,55,"00, RUE BERTHELOT",,,Plein jour,En agglomération,Hors intersection,Normale,Autre collision,,,,,,,,,,,1,2,1,1.0,6
201200014366,0012-01-19 10:45:00,12,1,19,10,45,130,55,"0, BD CHAV*",,,Plein jour,En agglomération,Hors intersection,Normale,Sans collision,,,,,,,,,,,1,2,1,1.0,7
201200014367,0012-12-28 16:15:00,12,12,28,16,15,130,55,"35, PRO DU GRAND LARGE",43.2405,5.3628,Nuit avec éclairage allumé,En agglomération,Hors intersection,Normale,Deux véhicules - côté,,,,,,,,,,,5,2,1,1.0,3
201200014368,0012-12-10 11:15:00,12,12,10,11,15,130,55,"155, AVE DU PRADO",,,Plein jour,En agglomération,Hors intersection,Normale,Deux véhicules - arrière,,,,,,,,,,,1,2,1,1.0,2
201200014369,0012-01-10 12:00:00,12,1,10,12,0,130,55,"18, VOI LA CANEBIERE",,,Plein jour,En agglomération,Intersection en X,Normale,Deux véhicules - côté,,,,,,,,,,,1,2,2,1.0,3
201200014370,0012-11-19 20:10:00,12,11,19,20,10,130,55,"164, RUE ALBERT EINSTEIN",43.338,5.4366,Nuit avec éclairage allumé,En agglomération,Hors intersection,Normale,Deux véhicules - arrière,,,,,,,,,,,5,2,1,1.0,2
201200014371,0012-01-10 09:20:00,12,1,10,9,20,130,55,"20, RUE MARIUS BRIAT*",,,Plein jour,En agglomération,Intersection en X,Normale,Deux véhicules - frontale,,,,,,,,,,,1,2,2,1.0,1
201200014372,0012-12-05 14:20:00,12,12,5,14,20,130,55,"6, BD DU CAPITAINE GEZE",43.3292,5.36598,Plein jour,En agglomération,Hors intersection,Normale,Autre collision,,,,,,,,,,,1,2,1,1.0,6
201200014373,0012-10-29 18:10:00,12,10,29,18,10,130,55,"2, AVE DE VALDONNE",,,Plein jour,En agglomération,Hors intersection,Normale,Deux véhicules - côté,,,,,,,,,,,1,2,1,1.0,3
201200014374,0012-01-02 17:15:00,12,1,2,17,15,130,55,"272, AVE DE MAZARGUES",,,Plein jour,En agglomération,Hors intersection,Normale,Autre collision,,,,,,,,,,,1,2,1,1.0,6
201200014375,0012-12-11 08:50:00,12,12,11,8,50,130,55,"07, CR DE SAINT MITRE A",43.3426,5.41877,Plein jour,En agglomération,Hors intersection,Normale,Autre collision,,,,,,,,,,,1,2,1,1.0,6
201200014376,0012-01-11 00:01:00,12,1,11,0,1,130,55,BD BARA,,,Nuit avec éclairage allumé,En agglomération,Hors intersection,Normale,Deux véhicules - frontale,,,,,,,,,,,5,2,1,1.0,1
201200014377,0012-11-15 17:35:00,12,11,15,17,35,130,55,"160, BD HENRI BARNIER",43.3701,5.34606,Nuit avec éclairage allumé,En agglomération,Hors intersection,Normale,Trois véhicules et plus - en chaîne,,,,,,,,,,,5,2,1,1.0,4
201200014378,0012-12-30 05:15:00,12,12,30,5,15,130,55,"29, BD DE DUNKERQUE",,,Nuit avec éclairage allumé,En agglomération,Hors intersection,Normale,Autre collision,,,,,,,,,,,5,2,1,1.0,6
201200014379,0012-01-16 04:15:00,12,1,16,4,15,130,55,"125, BD DE SAINT MARCEL*",,,Nuit avec éclairage allumé,En agglomération,Intersection en X,Autre,Autre collision,,,,,,,,,,,5,2,2,9.0,6
201200014380,0012-01-11 08:05:00,12,1,11,8,5,130,55,"25, BD DE SAINT MARCEL",,,Plein jour,En agglomération,Hors intersection,Normale,Deux véhicules - côté,,,,,,,,,,,1,2,1,1.0,3
201200014381,0012-01-10 21:50:00,12,1,10,21,50,130,55,"00, RUE HORACE BERTIN",,,Nuit avec éclairage allumé,En agglomération,Intersection en X,Normale,Deux véhicules - côté,,,,,,,,,,,5,2,2,1.0,3
201200014382,0012-12-04 16:00:00,12,12,4,16,0,130,55,"6, BD CAUNE",43.3387,5.3931,Plein jour,En agglomération,Hors intersection,Pluie légère,Deux véhicules - côté,,,,,,,,,,,1,2,1,2.0,3
201200014383,0012-12-18 09:45:00,12,12,18,9,45,130,55,"21, AVE DE LA CAPELETTE",43.2836,5.39985,Plein jour,En agglomération,Hors intersection,Normale,Autre collision,,,,,,,,,,,1,2,1,1.0,6
201200014384,0012-01-03 08:35:00,12,1,3,8,35,130,55,"101, AVE DES POILU*",,,Plein jour,En agglomération,Intersection en X,Normale,Deux véhicules - côté,,,,,,,,,,,1,2,2,1.0,3
201200014385,0012-12-11 11:45:00,12,12,11,11,45,130,55,"98, AVE DE LA CROIX ROUG",43.333,5.43724,Plein jour,En agglomération,Hors intersection,Normale,Autre collision,,,,,,,,,,,1,2,1,1.0,6
201200014386,0012-11-17 17:11:00,12,11,17,17,11,130,55,"23, RUE DES OMBRELLES",43.3669,5.3396,Nuit avec éclairage allumé,En agglomération,Hors intersection,Normale,Autre collision,,,,,,,,,,,5,2,1,1.0,6
201200014387,0012-01-12 11:30:00,12,1,12,11,30,130,55,"16, BD LUCIEN MARGAILLAN",,,Plein jour,En agglomération,Hors intersection,Normale,Autre collision,,,,,,,,,,,1,2,1,1.0,6
201200014388,0012-01-11 10:10:00,12,1,11,10,10,130,55,"9, BD BARRAL",,,Plein jour,En agglomération,Hors intersection,Normale,Autre collision,,,,,,,,,,,1,2,1,1.0,6
201200014389,0012-12-22 00:45:00,12,12,22,0,45,130,55,QAI DU PORT,,,Nuit avec éclairage allumé,En agglomération,Hors intersection,Normale,Deux véhicules - frontale,,,,,,,,,,,5,2,1,1.0,1
201200014390,0012-01-15 01:15:00,12,1,15,1,15,130,55,"01, RUE DE ROGNA*",,,Nuit avec éclairage non allumé,En agglomération,Intersection en T,Normale,Deux véhicules - frontale,,,,,,,,,,,4,2,3,1.0,1
201200014391,0012-12-28 19:30:00,12,12,28,19,30,130,55,"81, AVE DU PRADO",43.2819,5.38634,Nuit avec éclairage allumé,En agglomération,Hors intersection,Normale,Autre collision,,,,,,,,,,,5,2,1,1.0,6
201200014392,0012-01-05 02:10:00,12,1,5,2,10,130,55,"58, CV DU RUISSEAU MIRA*",,,Nuit avec éclairage allumé,En agglomération,Hors intersection,Normale,Autre collision,,,,,,,,,,,5,2,1,1.0,6
201200014393,0012-12-15 14:30:00,12,12,15,14,30,130,55,"231, BD DE SAINT MARCEL",43.2864,5.4685,Plein jour,En agglomération,Hors intersection,Normale,Deux véhicules - côté,,,,,,,,,,,1,2,1,1.0,3
201200014394,0012-12-20 09:00:00,12,12,20,9,0,130,55,"10, TRA DE LA GAYE",43.2561,5.40767,Plein jour,En agglomération,Hors intersection,Temps couvert,Deux véhicules - côté,,,,,,,,,,,1,2,1,8.0,3
201200014395,0012-01-11 10:00:00,12,1,11,10,0,130,55,"86, RUE GRIGNA*",,,Plein jour,En agglomération,Hors intersection,Normale,Deux véhicules - arrière,,,,,,,,,,,1,2,1,1.0,2
201200014396,0012-12-14 10:50:00,12,12,14,10,50,130,55,"236, AVE DES OLIVES",43.3244,5.44296,Plein jour,En agglomération,Hors intersection,Normale,Deux véhicules - arrière,,,,,,,,,,,1,2,1,1.0,2
201200014397,0012-11-06 17:30:00,12,11,6,17,30,130,55,"1, AVE FREDERIC MISTRAL",43.3233,5.44898,Nuit avec éclairage allumé,En agglomération,Hors intersection,Normale,Deux véhicules - côté,,,,,,,,,,,5,2,1,1.0,3
201200014398,0012-10-23 18:20:00,12,10,23,18,20,130,55,"223, BD PAUL CLAUDEL",,,Plein jour,En agglomération,Hors intersection,Normale,Deux véhicules - côté,,,,,,,,,,,1,2,1,1.0,3
201200014399,0012-01-13 07:30:00,12,1,13,7,30,130,55,"82, RUE DE ROME",,,Crépuscule ou aube,En agglomération,Intersection en X,Normale,Deux véhicules - côté,,,,,,,,,,,2,2,2,1.0,3
201200014400,0012-01-09 10:00:00,12,1,9,10,0,130,55,"1, AVE RAIMU",43.32828,5.39802,Plein jour,En agglomération,Giratoire,Normale,Deux véhicules - côté,,,,,,,,,,,1,2,6,1.0,3
201200014401,0012-08-31 12:40:00,12,8,31,12,40,130,55,"66, BD DE LA COMTESSE",,,Plein jour,En agglomération,Intersection en X,Normale,Deux véhicules - frontale,,,,,,,,,,,1,2,2,1.0,1
201200014402,0012-01-23 14:30:00,12,1,23,14,30,130,55,AVE D' AIR BEL,,,Plein jour,En agglomération,Hors intersection,Normale,Autre collision,,,,,,,,,,,1,2,1,1.0,6
201200014403,0012-01-23 16:30:00,12,1,23,16,30,130,55,"22, CRS LIEUTAUD",,,Plein jour,En agglomération,Hors intersection,Normale,Autre collision,,,,,,,,,,,1,2,1,1.0,6
201200014404,0012-01-13 11:35:00,12,1,13,11,35,130,55,"230, BD BAILLE",,,Plein jour,En agglomération,Hors intersection,Normale,Sans collision,,,,,,,,,,,1,2,1,1.0,7
201200014405,0012-11-05 08:00:00,12,11,5,8,0,130,55,"22, CHE DE LA COLLINE SA",43.2545,5.41263,Plein jour,En agglomération,Hors intersection,Normale,Deux véhicules - côté,,,,,,,,,,,1,2,1,1.0,3
201200014406,0012-01-23 13:30:00,12,1,23,13,30,130,55,"73, RUE VERDILLON",,,Plein jour,En agglomération,Hors intersection,Normale,Autre collision,,,,,,,,,,,1,2,1,1.0,6
201200014407,0012-01-17 00:30:00,12,1,17,0,30,130,55,"00, AVE DU GENERAL LECLE",,,Nuit avec éclairage allumé,En agglomération,Hors intersection,Normale,Deux véhicules - arrière,,,,,,,,,,,5,2,1,1.0,2
201200014408,0012-11-12 18:00:00,12,11,12,18,0,130,55,CHE DU MERLAN A LA ROSE,43.3291,5.41559,Nuit avec éclairage allumé,En agglomération,Intersection en T,Normale,Deux véhicules - côté,,,,,,,,,,,5,2,3,1.0,3
201200014409,0012-09-09 00:55:00,12,9,9,0,55,130,55,AVE DU PRADO,,,Nuit avec éclairage allumé,En agglomération,Intersection en T,Normale,Deux véhicules - côté,,,,,,,,,,,5,2,3,1.0,3
201200014410,0012-10-29 12:45:00,12,10,29,12,45,130,55,"57, BD ROMAIN ROLLAND",,,Plein jour,En agglomération,Hors intersection,Normale,Deux véhicules - côté,,,,,,,,,,,1,2,1,1.0,3
201200014411,0012-01-12 08:30:00,12,1,12,8,30,130,55,"00, AVE DE MAZARGUES",,,Plein jour,En agglomération,Hors intersection,Normale,Autre collision,,,,,,,,,,,1,2,1,1.0,6
201200014412,0012-12-04 17:30:00,12,12,4,17,30,130,55,"138, AVE PIERRE MENDES F",43.2548,5.37636,Plein jour,En agglomération,Hors intersection,Normale,Deux véhicules - côté,,,,,,,,,,,1,2,1,1.0,3
201200014413,0012-01-18 13:15:00,12,1,18,13,15,130,55,"44, AVE RAOUL FOLLEREAU",,,Plein jour,En agglomération,Hors intersection,Normale,Deux véhicules - côté,,,,,,,,,,,1,2,1,1.0,3
201200014414,0012-11-05 08:30:00,12,11,5,8,30,130,55,"7, AVE ANDRE ZENATTI",43.2473,5.38195,Plein jour,En agglomération,Hors intersection,Normale,Autre collision,,,,,,,,,,,1,2,1,1.0,6
201200014415,0012-01-07 11:35:00,12,1,7,11,35,130,55,"174, AVE JULES CANTIN*",,,Plein jour,En agglomération,Hors intersection,Normale,Deux véhicules - côté,,,,,,,,,,,1,2,1,1.0,3
201200014416,0012-01-10 07:40:00,12,1,10,7,40,130,55,"4, RUE JAUFFRET",,,Plein jour,En agglomération,Autre intersection,Normale,Autre collision,,,,,,,,,,,1,2,9,1.0,6
201200014417,0012-12-05 18:25:00,12,12,5,18,25,130,55,"160, AVE DE CHATEAU GOMB",43.3434,5.42076,Nuit avec éclairage allumé,En agglomération,Hors intersection,Normale,Deux véhicules - arrière,,,,,,,,,,,5,2,1,1.0,2
201200014418,0012-11-05 15:20:00,12,11,5,15,20,130,55,"409, CHE DE LA MADRAGUE",43.3409,5.35252,Plein jour,En agglomération,Hors intersection,Normale,Deux véhicules - côté,,,,,,,,,,,1,2,1,1.0,3
201200014419,0012-12-29 18:00:00,12,12,29,18,0,130,55,BD SCHLOESING,43.2765,5.39951,Nuit avec éclairage non allumé,En agglomération,Hors intersection,Normale,Deux véhicules - arrière,,,,,,,,,,,4,2,1,1.0,2
201200014420,0012-01-10 09:00:00,12,1,10,9,0,130,55,"00, BD PIERRE DRAMARD",,,Plein jour,En agglomération,Hors intersection,Normale,Autre collision,,,,,,,,,,,1,2,1,1.0,6
201200014421,0012-12-14 21:15:00,12,12,14,21,15,130,55,"599, BD MIREILLE LAUZE",43.2891,5.43782,Nuit avec éclairage allumé,En agglomération,Hors intersection,Pluie légère,Sans collision,,,,,,,,,,,5,2,1,2.0,7
201200014422,0012-01-11 13:30:00,12,1,11,13,30,130,55,"00, BD CHARLES NEDELEC",,,Plein jour,En agglomération,Hors intersection,Normale,Autre collision,,,,,,,,,,,1,2,1,1.0,6
201200014423,0012-12-14 06:45:00,12,12,14,6,45,130,55,"0, VSN ROSE A LA GRAVE (",,,Nuit avec éclairage allumé,En agglomération,Intersection en T,Normale,Deux véhicules - côté,,,,,,,,,,,5,2,3,1.0,3
201200014424,0012-12-17 11:10:00,12,12,17,11,10,130,55,RPT F.JOLIOT CURIE / IUT,43.3426,5.43621,Plein jour,En agglomération,Hors intersection,Normale,Deux véhicules - côté,,,,,,,,,,,1,2,1,1.0,3
201200014425,0012-12-05 15:30:00,12,12,5,15,30,130,55,"458, RUE DE LYON",43.3421,5.35996,Plein jour,En agglomération,Hors intersection,Temps couvert,Deux véhicules - côté,,,,,,,,,,,1,2,1,8.0,3
201200014426,0012-12-21 12:55:00,12,12,21,12,55,130,55,"00, AVE DE MONTOLIVET",,,Plein jour,En agglomération,Hors intersection,Normale,Autre collision,,,,,,,,,,,1,2,1,1.0,6
201200014427,0012-12-27 16:45:00,12,12,27,16,45,130,55,"00, RUE BELLE DE MAI",,,Crépuscule ou aube,En agglomération,Hors intersection,Normale,Deux véhicules - arrière,,,,,,,,,,,2,2,1,1.0,2
201200014428,0012-01-18 17:10:00,12,1,18,17,10,130,55,"2, BD DE LA BARASSE RN 8",,,Nuit avec éclairage allumé,En agglomération,Hors intersection,Normale,Autre collision,,,,,,,,,,,5,2,1,1.0,6
201200014429,0012-01-19 18:10:00,12,1,19,18,10,130,55,"100, AVE DE SAINT MENET",,,Nuit avec éclairage non allumé,En agglomération,Intersection en X,Normale,Deux véhicules - côté,,,,,,,,,,,4,2,2,1.0,3
201200014430,0012-01-19 15:10:00,12,1,19,15,10,130,55,"1, AVE DE LA FOURRAGERE*",,,Plein jour,En agglomération,Intersection en X,Normale,Sans collision,,,,,,,,,,,1,2,2,1.0,7
201200014431,0012-01-29 18:30:00,12,1,29,18,30,130,55,"00, RUE SAINTE BARBE",,,Nuit avec éclairage allumé,En agglomération,Hors intersection,Normale,Autre collision,,,,,,,,,,,5,2,1,1.0,6
201200014432,0012-01-16 10:10:00,12,1,16,10,10,130,55,"166, BD DE PLOMBIERES",43.319,5.37909,Plein jour,En agglomération,Hors intersection,Normale,Autre collision,,,,,,,,,,,1,2,1,1.0,6
201200014433,0012-10-02 17:20:00,12,10,2,17,20,130,55,"106, AVE DE LA FOURRAGER",,,Plein jour,En agglomération,Intersection en T,Normale,Autre collision,,,,,,,,,,,1,2,3,1.0,6
201200014434,0012-07-31 09:30:00,12,7,31,9,30,130,55,"9, AVE ALEXANDRE FLEMING",,,Plein jour,En agglomération,Hors intersection,Normale,Deux véhicules - arrière,,,,,,,,,,,1,2,1,1.0,2
201200014435,0012-01-10 18:15:00,12,1,10,18,15,130,55,RUE JEAN QUEILLA*,,,Nuit avec éclairage allumé,En agglomération,Autre intersection,Normale,Deux véhicules - côté,,,,,,,,,,,5,2,9,1.0,3
201200014436,0012-12-19 11:50:00,12,12,19,11,50,130,55,"2, BD FERDINAND DE LESSE",43.3192,5.36867,Plein jour,En agglomération,Hors intersection,Normale,Deux véhicules - arrière,,,,,,,,,,,1,2,1,1.0,2
201200014437,0012-12-31 12:20:00,12,12,31,12,20,130,55,"68, BD DU CAPITAINE GEZE",43.3315,5.37561,Plein jour,En agglomération,Autre intersection,Normale,Deux véhicules - côté,,,,,,,,,,,1,2,9,1.0,3
201200014438,0012-12-17 09:00:00,12,12,17,9,0,130,55,AVE DE LA CAPELETTE,43.2815,5.40472,Plein jour,En agglomération,Hors intersection,Normale,Sans collision,,,,,,,,,,,1,2,1,1.0,7
201200014439,0012-12-20 21:05:00,12,12,20,21,5,130,55,BD GUIGOU,43.3147,5.39134,Nuit avec éclairage allumé,En agglomération,Hors intersection,Normale,Autre collision,,,,,,,,,,,5,2,1,1.0,6
201200014440,0012-12-24 15:55:00,12,12,24,15,55,130,55,"101, BD DE STRASBOURG",43.3098,5.37956,Plein jour,En agglomération,Hors intersection,Normale,Autre collision,,,,,,,,,,,1,2,1,1.0,6
201200014441,0012-11-11 12:00:00,12,11,11,12,0,130,55,AVE DE LA PINEDE,,,Plein jour,En agglomération,Hors intersection,Normale,Autre collision,,,,,,,,,,,1,2,1,1.0,6
201200014442,0012-01-05 17:30:00,12,1,5,17,30,130,55,"251, AVE DE LA CAPELETT*",,,Nuit sans éclairage public,En agglomération,Hors intersection,Normale,Deux véhicules - côté,,,,,,,,,,,3,2,1,1.0,3
201200014443,0012-01-30 08:45:00,12,1,30,8,45,130,55,"201, BD D* SAINT MARCEL",,,Plein jour,En agglomération,Hors intersection,Normale,Autre collision,,,,,,,,,,,1,2,1,1.0,6
201200014444,0012-11-10 18:30:00,12,11,10,18,30,130,55,"70, BD DANIELLE CASANOVA",43.324,5.37386,Nuit avec éclairage allumé,En agglomération,Hors intersection,Normale,Deux véhicules - arrière,,,,,,,,,,,5,2,1,1.0,2
201200014445,0012-01-30 17:20:00,12,1,30,17,20,130,55,"1BIS, RUE BERTHELOT",,,Plein jour,En agglomération,Hors intersection,Normale,Deux véhicules - frontale,,,,,,,,,,,1,2,1,1.0,1
201200014446,0012-12-28 18:05:00,12,12,28,18,5,130,106,"19, 8 MAI 1945 (AVENUE D",43.3864,5.35897,Nuit avec éclairage allumé,En agglomération,Hors intersection,Normale,Autre collision,,,,,,,,,,,5,2,1,1.0,6
201200014447,0012-01-11 10:00:00,12,1,11,10,0,130,55,"23, RUE CALLELONGUE",,,Plein jour,En agglomération,Hors intersection,Temps éblouissant,Deux véhicules - côté,,,,,,,,,,,1,2,1,7.0,3
201200014448,0012-01-03 15:15:00,12,1,3,15,15,130,55,"70, CHE DE L ARMEE D AFR",,,Plein jour,En agglomération,Intersection en T,Normale,Deux véhicules - frontale,,,,,,,,,,,1,2,3,1.0,1
201200014449,0012-11-12 07:45:00,12,11,12,7,45,130,55,"70, AVE DES AYGALADES",,,Plein jour,En agglomération,Intersection en T,Normale,Deux véhicules - côté,,,,,,,,,,,1,2,3,1.0,3
201200014450,0012-01-08 03:00:00,12,1,8,3,0,130,55,"2, PCE DU GENERAL FERRIE",43.2776,5.39885,Nuit avec éclairage allumé,En agglomération,Hors intersection,Normale,Sans collision,,,,,,,,,,,5,2,1,1.0,7
201200014451,0012-01-13 21:30:00,12,1,13,21,30,130,55,"430, AVE DE LATTRE DE T*",,,Nuit avec éclairage allumé,En agglomération,Hors intersection,Normale,Deux véhicules - côté,,,,,,,,,,,5,2,1,1.0,3
201200014452,0012-01-18 10:00:00,12,1,18,10,0,130,55,"00, BD DE PARIS",,,Plein jour,En agglomération,Hors intersection,Normale,Autre collision,,,,,,,,,,,1,2,1,1.0,6
201200014453,0012-01-13 20:05:00,12,1,13,20,5,130,55,"540, AVE DU PRAD*",,,Nuit avec éclairage allumé,En agglomération,Hors intersection,Normale,Deux véhicules - arrière,,,,,,,,,,,5,2,1,1.0,2
201200014454,0012-01-14 14:20:00,12,1,14,14,20,130,55,"83, BD DU REDON",,,Plein jour,En agglomération,Giratoire,Normale,Deux véhicules - côté,,,,,,,,,,,1,2,6,1.0,3
201200014455,0012-01-09 18:20:00,12,1,9,18,20,130,55,"179, AVE DU PRADO",,,Nuit avec éclairage allumé,En agglomération,Hors intersection,Normale,Deux véhicules - arrière,,,,,,,,,,,5,2,1,1.0,2
201200014456,0012-01-07 19:45:00,12,1,7,19,45,130,55,"000, AVE WILLIAM BOOTH",,,Nuit avec éclairage allumé,En agglomération,Hors intersection,Normale,Autre collision,,,,,,,,,,,5,2,1,1.0,6
201200014457,0012-11-17 11:05:00,12,11,17,11,5,130,55,"52, CRS LIEUTAUD",43.2935,5.3823,Plein jour,En agglomération,Hors intersection,Normale,Deux véhicules - arrière,,,,,,,,,,,1,2,1,1.0,2
201200014458,0012-01-14 01:00:00,12,1,14,1,0,130,55,"00, RUE GRANOUX",,,Nuit avec éclairage allumé,En agglomération,Hors intersection,Normale,Autre collision,,,,,,,,,,,5,2,1,1.0,6
201200014459,0012-01-24 17:10:00,12,1,24,17,10,130,2,ENCO DE BOTTE (ROUTE D'),,,Nuit sans éclairage public,Hors agglomération,Hors intersection,Normale,Autre collision,,,,,,,,,,,3,1,1,1.0,6
201200014460,0012-12-23 13:00:00,12,12,23,13,0,130,55,BD DES DAMES,,,Plein jour,En agglomération,Hors intersection,Normale,Sans collision,,,,,,,,,,,1,2,1,1.0,7
201200014461,0012-12-31 06:00:00,12,12,31,6,0,130,55,"421, CHE DE LA MADRAGUE",,,Nuit avec éclairage allumé,En agglomération,Hors intersection,Normale,Autre collision,,,,,,,,,,,5,2,1,1.0,6
201200014462,0012-01-16 20:00:00,12,1,16,20,0,130,55,"246, AVE DU PRADO",,,Nuit avec éclairage allumé,En agglomération,Hors intersection,Normale,Sans collision,,,,,,,,,,,5,2,1,1.0,7
201200014463,0012-02-01 13:15:00,12,2,1,13,15,130,55,VAC BUS / METRO DROMEL,,,Plein jour,En agglomération,Hors intersection,Normale,Autre collision,,,,,,,,,,,1,2,1,1.0,6
201200014464,0012-12-24 18:20:00,12,12,24,18,20,130,55,"11, AVE DE SAINT ANTOINE",43.3672,5.35648,Nuit sans éclairage public,En agglomération,Hors intersection,Normale,Deux véhicules - côté,,,,,,,,,,,3,2,1,1.0,3
201200014465,0012-12-20 07:10:00,12,12,20,7,10,130,55,AVE ARNAVON,,,Crépuscule ou aube,En agglomération,Hors intersection,Temps couvert,Sans collision,,,,,,,,,,,2,2,1,8.0,7
201200014466,0012-02-02 06:00:00,12,2,2,6,0,130,55,"00, VOL AUT NORD/ BD PLO",43.3149,5.38795,Nuit avec éclairage allumé,En agglomération,Intersection en X,Pluie légère,Deux véhicules - côté,,,,,,,,,,,5,2,2,2.0,3
201200014467,0012-01-21 11:40:00,12,1,21,11,40,130,55,"23, RUE AVIATEUR LE BRIX",,,Plein jour,En agglomération,Autre intersection,Normale,Deux véhicules - côté,,,,,,,,,,,1,2,9,1.0,3
201200014468,0012-11-10 17:00:00,12,11,10,17,0,130,55,"21, AVE DE CHATEAU GOMBE",43.3521,5.43688,Crépuscule ou aube,En agglomération,Hors intersection,Pluie forte,Autre collision,,,,,,,,,,,2,2,1,3.0,6
201200014469,0012-12-18 17:10:00,12,12,18,17,10,130,55,"14, RUE EMILE DUCLAUX",43.2967,5.40209,Plein jour,En agglomération,Intersection en X,Normale,Deux véhicules - côté,,,,,,,,,,,1,2,2,1.0,3
201200014470,0012-01-10 11:50:00,12,1,10,11,50,130,55,AVE DE SAINT ANTOIN*,,,Plein jour,En agglomération,Intersection en X,Normale,Autre collision,,,,,,,,,,,1,2,2,1.0,6
201200014471,0012-01-27 17:00:00,12,1,27,17,0,130,55,"24, RUE RUISSEAU MIRABEA",,,Plein jour,En agglomération,Hors intersection,Normale,Deux véhicules - côté,,,,,,,,,,,1,2,1,1.0,3
201200014472,0012-10-19 14:30:00,12,10,19,14,30,130,55,"00, PCE DE LA JOLIETTE",,,Plein jour,En agglomération,Hors intersection,Normale,Sans collision,,,,,,,,,,,1,2,1,1.0,7
201200014473,0012-01-04 19:00:00,12,1,4,19,0,130,55,"0, RTE DES CAMOINS",,,Nuit sans éclairage public,En agglomération,Hors intersection,Normale,Autre collision,,,,,,,,,,,3,2,1,1.0,6
201200014474,0012-10-09 21:30:00,12,10,9,21,30,130,55,"149, AVE ROGER SALENGRO",,,Nuit sans éclairage public,En agglomération,Hors intersection,Normale,Autre collision,,,,,,,,,,,3,2,1,1.0,6
201200014475,0012-01-10 20:25:00,12,1,10,20,25,130,55,"1, BD JEAN MOULIN",,,Nuit avec éclairage allumé,En agglomération,Hors intersection,Normale,Deux véhicules - côté,,,,,,,,,,,5,2,1,1.0,3
201200014476,0012-12-25 16:00:00,12,12,25,16,0,130,55,"00, TRA DU PRADEL",,,Plein jour,En agglomération,Hors intersection,Normale,Autre collision,,,,,,,,,,,1,2,1,1.0,6
201200014477,0012-01-18 17:40:00,12,1,18,17,40,130,55,"75, RTE DE LA VALENTIN*",,,Nuit avec éclairage allumé,En agglomération,Hors intersection,Normale,Deux véhicules - côté,,,,,,,,,,,5,2,1,1.0,3
201200014478,0012-01-15 15:40:00,12,1,15,15,40,130,55,"25, RUE DU SIAM",,,Plein jour,En agglomération,Hors intersection,Normale,Autre collision,,,,,,,,,,,1,2,1,1.0,6
201200014479,0012-01-27 13:20:00,12,1,27,13,20,130,55,RUE SAINT PIERRE,,,Plein jour,En agglomération,Hors intersection,Temps couvert,Deux véhicules - arrière,,,,,,,,,,,1,2,1,8.0,2
201200014480,0012-01-12 07:45:00,12,1,12,7,45,130,55,"45, BD SAKAKINI",,,Plein jour,En agglomération,Hors intersection,Normale,Autre collision,,,,,,,,,,,1,2,1,1.0,6
201200014481,0012-01-23 10:45:00,12,1,23,10,45,130,55,"38, AVE PROSPER MERIMEE",,,Plein jour,En agglomération,Hors intersection,Normale,Deux véhicules - arrière,,,,,,,,,,,1,2,1,1.0,2
201200014482,0012-01-21 18:30:00,12,1,21,18,30,130,55,AVE DU GENERAL LECLERC,,,Nuit avec éclairage allumé,En agglomération,Intersection en X,Normale,Deux véhicules - côté,,,,,,,,,,,5,2,2,1.0,3
201200014483,0012-01-23 07:30:00,12,1,23,7,30,130,55,"15, AVE FRANCOIS MIGNET",,,Plein jour,En agglomération,Hors intersection,Normale,Autre collision,,,,,,,,,,,1,2,1,1.0,6
201200014484,0012-11-08 18:00:00,12,11,8,18,0,130,55,"310, BD DE SAINT MARCEL",43.2863,5.47395,Nuit avec éclairage allumé,En agglomération,Autre intersection,Normale,Deux véhicules - côté,,,,,,,,,,,5,2,9,1.0,3
201200014485,0012-01-20 10:00:00,12,1,20,10,0,130,55,"29, AVE DE LA MARTHELIN*",,,Plein jour,En agglomération,Intersection en X,Normale,Deux véhicules - côté,,,,,,,,,,,1,2,2,1.0,3