accident_id,datetime,annee,mois,jour,heure,minute,departement,commune_insee,adresse,latitude,longitude,luminosite,agglomeration,intersection,meteo,collision,nb_vehicules,nb_usagers,nb_indemnes,nb_tues,nb_blesses_hosp,nb_blesses_legers,age_cond_1,age_cond_2,veh_type_cond_1,veh_type_cond_2,lum_code,agg_code,int_code,atm_code,col_code
201200014615,0012-02-01 20:00:00,12,2,1,20,0,130,55,"38, RUE GRANOUX",,,Nuit avec éclairage allumé,En agglomération,Intersection en X,Normale,Deux véhicules - arrière,,,,,,,,,,,5,2,2,1.0,2
201200014616,0012-02-07 13:40:00,12,2,7,13,40,130,55,"331, COR PRESIDENT JOHN",,,Plein jour,En agglomération,Hors intersection,Normale,Autre collision,,,,,,,,,,,1,2,1,1.0,6
201200014617,0012-01-13 18:00:00,12,1,13,18,0,130,55,"36, BD CHARLES LIVON",,,Nuit avec éclairage allumé,En agglomération,Hors intersection,Normale,Deux véhicules - frontale,,,,,,,,,,,5,2,1,1.0,1
201200014618,0012-01-09 08:45:00,12,1,9,8,45,130,55,"23, BD JEAN MOULIN",43.28923,5.40012,Plein jour,En agglomération,Hors intersection,Normale,Deux véhicules - arrière,,,,,,,,,,,1,2,1,1.0,2
201200014619,0012-11-13 14:00:00,12,11,13,14,0,130,55,BD JEAN MOULIN,,,Plein jour,En agglomération,Hors intersection,Normale,Autre collision,,,,,,,,,,,1,2,1,1.0,6
201200014620,0012-02-06 12:00:00,12,2,6,12,0,130,55,"69, BD ROUGIER",,,Plein jour,En agglomération,Intersection en X,Normale,Deux véhicules - côté,,,,,,,,,,,1,2,2,1.0,3
201200014621,0012-01-27 11:50:00,12,1,27,11,50,130,55,AVE DE TOULON,,,Plein jour,En agglomération,Intersection en X,Pluie légère,Deux véhicules - côté,,,,,,,,,,,1,2,2,2.0,3
201200014622,0012-02-10 18:45:00,12,2,10,18,45,130,55,"112, CRS LIEUTAUD",,,Nuit avec éclairage allumé,En agglomération,Hors intersection,Normale,Trois véhicules et plus - collisions multiples,,,,,,,,,,,5,2,1,1.0,5
201200014623,0012-02-15 08:00:00,12,2,15,8,0,130,55,"283, CHE DE CHATEAU GOMB",,,Plein jour,En agglomération,Giratoire,Temps couvert,Sans collision,,,,,,,,,,,1,2,6,8.0,7
201200014624,0012-01-27 07:30:00,12,1,27,7,30,130,55,"5, RUE FONDERE",,,Nuit avec éclairage allumé,En agglomération,Hors intersection,Normale,Autre collision,,,,,,,,,,,5,2,1,1.0,6
201200014625,0012-02-07 09:05:00,12,2,7,9,5,130,55,"275, RUE SAINT PIERRE",,,Plein jour,En agglomération,Intersection en X,Normale,Deux véhicules - côté,,,,,,,,,,,1,2,2,1.0,3
201200014626,0012-02-02 13:45:00,12,2,2,13,45,130,55,"52, RUE PARADIS",,,Plein jour,En agglomération,Hors intersection,Normale,Deux véhicules - côté,,,,,,,,,,,1,2,1,1.0,3
201200014627,0012-01-03 17:45:00,12,1,3,17,45,130,55,"54, RUE DE ROME",,,Nuit avec éclairage allumé,En agglomération,Intersection en X,Normale,Autre collision,,,,,,,,,,,5,2,2,1.0,6
201200014628,0012-11-15 21:00:00,12,11,15,21,0,130,55,"68, RUE CHARRAS",,,Nuit avec éclairage allumé,En agglomération,Intersection en T,Normale,Deux véhicules - côté,,,,,,,,,,,5,2,3,1.0,3
201200014629,0012-02-19 20:05:00,12,2,19,20,5,130,55,"60, CRS LIEUTAUD",,,Nuit avec éclairage allumé,En agglomération,Hors intersection,Normale,Autre collision,,,,,,,,,,,5,2,1,1.0,6
201200014630,0012-01-23 11:00:00,12,1,23,11,0,130,55,"10, BD BARBIER",,,Plein jour,En agglomération,Hors intersection,Normale,Deux véhicules - côté,,,,,,,,,,,1,2,1,1.0,3
201200014631,0012-01-18 11:15:00,12,1,18,11,15,130,55,"0, CHE DE LA MADRAGUE VI",,,Plein jour,En agglomération,Intersection en X,Normale,Deux véhicules - arrière,,,,,,,,,,,1,2,2,1.0,2
201200014632,0012-12-11 09:35:00,12,12,11,9,35,130,55,"96, CRS LIEUTAUD",,,Plein jour,En agglomération,Hors intersection,Normale,Autre collision,,,,,,,,,,,1,2,1,1.0,6
201200014633,0012-02-05 08:50:00,12,2,5,8,50,130,55,"62, CRS LIEUTAUD",,,Plein jour,En agglomération,Hors intersection,Normale,Sans collision,,,,,,,,,,,1,2,1,1.0,7
201200014634,0012-01-06 14:30:00,12,1,6,14,30,130,55,"00, AVE ALEXANDRE FLEMIN",,,Plein jour,En agglomération,Hors intersection,Normale,Deux véhicules - arrière,,,,,,,,,,,1,2,1,1.0,2
201200014635,0012-12-21 10:30:00,12,12,21,10,30,130,55,"00, RUE STANISLAS TORREN",,,Plein jour,En agglomération,Hors intersection,Normale,Autre collision,,,,,,,,,,,1,2,1,1.0,6
201200014636,0012-02-01 07:50:00,12,2,1,7,50,130,55,"97, RUE LOUBO*",,,Plein jour,En agglomération,Hors intersection,Normale,Autre collision,,,,,,,,,,,1,2,1,1.0,6
201200014637,0012-02-06 15:30:00,12,2,6,15,30,130,55,AVE RAIMU,,,Plein jour,En agglomération,Hors intersection,Normale,Autre collision,,,,,,,,,,,1,2,1,1.0,6
201200014638,0012-01-23 22:30:00,12,1,23,22,30,130,55,"60-62, BD DES DAMES",,,Nuit avec éclairage allumé,En agglomération,Hors intersection,Normale,Autre collision,,,,,,,,,,,5,2,1,1.0,6
201200014639,0012-02-02 11:45:00,12,2,2,11,45,130,55,"141, RUE PARADIS",,,Plein jour,En agglomération,Hors intersection,Normale,Autre collision,,,,,,,,,,,1,2,1,1.0,6
201200014640,0012-01-23 16:45:00,12,1,23,16,45,130,55,"02, BD NOTRE DAME",,,Plein jour,En agglomération,Intersection en T,Normale,Deux véhicules - arrière,,,,,,,,,,,1,2,3,1.0,2
201200014641,0012-01-30 09:00:00,12,1,30,9,0,130,55,"7, RUE DE CHANTERAC",,,Plein jour,En agglomération,Hors intersection,Normale,Deux véhicules - côté,,,,,,,,,,,1,2,1,1.0,3
201200014642,0012-02-17 19:05:00,12,2,17,19,5,130,55,"50, RUE MADON",,,Nuit avec éclairage allumé,En agglomération,Hors intersection,Normale,Autre collision,,,,,,,,,,,5,2,1,1.0,6
201200014643,0012-02-07 08:20:00,12,2,7,8,20,130,55,BD SAKAKINI,,,Plein jour,En agglomération,Intersection en X,Normale,Autre collision,,,,,,,,,,,1,2,2,1.0,6
201200014644,0012-02-19 20:50:00,12,2,19,20,50,130,55,"22, BD JEAN MOULIN",,,Nuit avec éclairage allumé,En agglomération,Hors intersection,Normale,Deux véhicules - côté,,,,,,,,,,,5,2,1,1.0,3
201200014645,0012-02-18 21:45:00,12,2,18,21,45,130,55,"66, BD GUIGOU",,,Nuit avec éclairage allumé,En agglomération,Hors intersection,Normale,Deux véhicules - côté,,,,,,,,,,,5,2,1,1.0,3
201200014646,0012-01-10 15:00:00,12,1,10,15,0,130,55,"131, BD DE LA LIBERATION",,,Plein jour,En agglomération,Intersection en X,Normale,Deux véhicules - côté,,,,,,,,,,,1,2,2,1.0,3
201200014647,0012-02-05 19:50:00,12,2,5,19,50,130,55,"15, AVE DES OLIVES",,,Nuit avec éclairage allumé,En agglomération,Hors intersection,Normale,Deux véhicules - côté,,,,,,,,,,,5,2,1,1.0,3
201200014648,0012-01-11 17:10:00,12,1,11,17,10,130,55,"60, AVE ESCADRILLE NORM*",,,Plein jour,En agglomération,Hors intersection,Normale,Autre collision,,,,,,,,,,,1,2,1,1.0,6
201200014649,0012-02-18 14:45:00,12,2,18,14,45,130,55,"1, AVE SALVADOR ALLENDE",,,Plein jour,En agglomération,Hors intersection,Normale,Deux véhicules - arrière,,,,,,,,,,,1,2,1,1.0,2
201200014650,0012-12-18 16:30:00,12,12,18,16,30,130,55,"32, AVE DE FRAIS VALLON",,,Nuit avec éclairage allumé,En agglomération,Hors intersection,Normale,Deux véhicules - côté,,,,,,,,,,,5,2,1,1.0,3
201200014651,0012-01-23 10:00:00,12,1,23,10,0,130,55,AVE ARNAVON,,,Plein jour,En agglomération,Giratoire,Normale,Trois véhicules et plus - en chaîne,,,,,,,,,,,1,2,6,1.0,4
201200014652,0012-12-15 22:00:00,12,12,15,22,0,130,55,"143, CRS LIEUTAUD",,,Nuit avec éclairage allumé,En agglomération,Hors intersection,Normale,Autre collision,,,,,,,,,,,5,2,1,1.0,6
201200014653,0012-02-09 15:45:00,12,2,9,15,45,130,55,"141, AVE DE LA VISTE",,,Plein jour,En agglomération,Intersection en T,Normale,Deux véhicules - côté,,,,,,,,,,,1,2,3,1.0,3
201200014654,0012-01-16 14:00:00,12,1,16,14,0,130,55,"98, BD DE SAINTE MARGUER",,,Plein jour,En agglomération,Intersection en X,Normale,Autre collision,,,,,,,,,,,1,2,2,1.0,6
201200014655,0012-02-18 20:00:00,12,2,18,20,0,130,55,"84, BD DE SAINT LOUP",,,Nuit avec éclairage allumé,En agglomération,Hors intersection,Normale,Deux véhicules - arrière,,,,,,,,,,,5,2,1,1.0,2
201200014656,0012-12-20 09:55:00,12,12,20,9,55,130,55,CHE DE SAINT ANTOINE A S,,,Plein jour,En agglomération,Hors intersection,Normale,Deux véhicules - côté,,,,,,,,,,,1,2,1,1.0,3
201200014657,0012-02-25 11:50:00,12,2,25,11,50,130,55,"180, AVE FRANCOIS CHARDI",,,Plein jour,En agglomération,Hors intersection,Normale,Deux véhicules - arrière,,,,,,,,,,,1,2,1,1.0,2
201200014658,0012-01-23 21:50:00,12,1,23,21,50,130,55,"12, QAI DE RIVE NEUVE*",,,Nuit avec éclairage allumé,En agglomération,Intersection en T,Normale,Deux véhicules - côté,,,,,,,,,,,5,2,3,1.0,3
201200014659,0012-02-20 12:15:00,12,2,20,12,15,130,55,"25, AVE DE SAINT BARNABE",,,Plein jour,En agglomération,Hors intersection,Normale,Deux véhicules - arrière,,,,,,,,,,,1,2,1,1.0,2
201200014660,0012-02-18 19:00:00,12,2,18,19,0,130,55,"29, BD EUGENE PIERR*",,,Nuit avec éclairage allumé,En agglomération,Intersection en X,Normale,Deux véhicules - arrière,,,,,,,,,,,5,2,2,1.0,2
201200014661,0012-02-17 16:20:00,12,2,17,16,20,130,55,"2, RUE PEYRONNET",,,Plein jour,En agglomération,Intersection en X,Normale,Autre collision,,,,,,,,,,,1,2,2,1.0,6
201200014662,0012-01-29 05:50:00,12,1,29,5,50,130,55,"200, COR PRESIDENT JOH*",,,Nuit avec éclairage allumé,En agglomération,Hors intersection,Normale,Autre collision,,,,,,,,,,,5,2,1,1.0,6
201200014663,0012-01-28 02:15:00,12,1,28,2,15,130,55,"118, BD DE LA LIBERATION",,,Nuit avec éclairage allumé,En agglomération,Hors intersection,Normale,Autre collision,,,,,,,,,,,5,2,1,1.0,6
201200014664,0012-02-17 16:20:00,12,2,17,16,20,130,55,"1, RUE CHALUSSET",,,Plein jour,En agglomération,Hors intersection,Normale,Autre collision,,,,,,,,,,,1,2,1,1.0,6
201200014665,0012-12-25 03:25:00,12,12,25,3,25,130,55,CHE ANCIEN CHEMIN SAINT,,,Nuit avec éclairage allumé,En agglomération,Intersection en X,Normale,Deux véhicules - côté,,,,,,,,,,,5,2,2,1.0,3
201200014666,0012-02-12 18:50:00,12,2,12,18,50,130,55,"1, BD DE LA LIBERATION G",,,Nuit avec éclairage allumé,En agglomération,Hors intersection,Normale,Deux véhicules - arrière,,,,,,,,,,,5,2,1,1.0,2
201200014667,0012-12-11 11:30:00,12,12,11,11,30,130,55,RUE DU DOCTEUR GRENIER,,,Plein jour,En agglomération,Intersection en T,Normale,Trois véhicules et plus - en chaîne,,,,,,,,,,,1,2,3,1.0,4
201200014668,0012-02-10 14:15:00,12,2,10,14,15,130,55,"1, AVE ARNAVON",,,Plein jour,En agglomération,Hors intersection,Neige / grêle,Trois véhicules et plus - en chaîne,,,,,,,,,,,1,2,1,4.0,4
201200014669,0012-12-03 13:30:00,12,12,3,13,30,130,55,AVE WILLIAM BOOTH,,,Plein jour,En agglomération,Hors intersection,Normale,Autre collision,,,,,,,,,,,1,2,1,1.0,6
201200014670,0012-02-14 07:05:00,12,2,14,7,5,130,55,"1, AVE ALEXANDRE FLEMING",,,Plein jour,En agglomération,Hors intersection,Normale,Autre collision,,,,,,,,,,,1,2,1,1.0,6
201200014671,0012-12-31 15:15:00,12,12,31,15,15,130,55,"37, CHE SAINT JEAN DU DE",,,Plein jour,En agglomération,Intersection en X,Normale,Deux véhicules - côté,,,,,,,,,,,1,2,2,1.0,3
201200014672,0012-02-14 12:00:00,12,2,14,12,0,130,55,"35, RUE TAPIS VERT",,,Plein jour,En agglomération,Intersection en X,Normale,Autre collision,,,,,,,,,,,1,2,2,1.0,6
201200014673,0012-02-10 08:15:00,12,2,10,8,15,130,55,"50, AVE DES CAILLOLS",,,Plein jour,En agglomération,Hors intersection,Normale,Deux véhicules - arrière,,,,,,,,,,,1,2,1,1.0,2
201200014674,0012-02-08 20:10:00,12,2,8,20,10,130,2,ETIENNE CUCCA-CD908 (AVE,,,Nuit sans éclairage public,Hors agglomération,Hors intersection,Normale,Autre collision,,,,,,,,,,,3,1,1,1.0,6
201200014675,0012-01-08 01:15:00,12,1,8,1,15,130,55,"27, TRA DE L' HERMITAGE",,,Nuit avec éclairage allumé,En agglomération,Hors intersection,Normale,Deux véhicules - frontale,,,,,,,,,,,5,2,1,1.0,1
201200014676,0012-02-15 17:00:00,12,2,15,17,0,130,55,"345, CHE DE LA MADRAGUE",,,Nuit avec éclairage allumé,En agglomération,Hors intersection,Normale,Autre collision,,,,,,,,,,,5,2,1,1.0,6
201200014677,0012-02-09 18:00:00,12,2,9,18,0,130,55,"35, BD DU CAPITAINE GEZE",,,Nuit avec éclairage allumé,En agglomération,Hors intersection,Normale,Deux véhicules - côté,,,,,,,,,,,5,2,1,1.0,3
201200014678,0012-01-25 00:40:00,12,1,25,0,40,130,55,"40, AVE DES CHUTES LAVIE",,,Nuit avec éclairage allumé,En agglomération,Intersection en X,Normale,Deux véhicules - côté,,,,,,,,,,,5,2,2,1.0,3
201200014679,0012-02-11 20:20:00,12,2,11,20,20,130,55,"00, CHE DE SAINT JOSEPH",,,Nuit avec éclairage allumé,En agglomération,Hors intersection,Normale,Deux véhicules - arrière,,,,,,,,,,,5,2,1,1.0,2
201200014680,0012-02-11 00:30:00,12,2,11,0,30,130,55,"00, AVE DE LA MARTHELINE",,,Nuit avec éclairage allumé,En agglomération,Hors intersection,Normale,Deux véhicules - arrière,,,,,,,,,,,5,2,1,1.0,2
201200014681,0012-02-07 08:25:00,12,2,7,8,25,130,55,"03, CHE DE LA COLLINE SA",,,Plein jour,En agglomération,Hors intersection,Normale,Deux véhicules - arrière,,,,,,,,,,,1,2,1,1.0,2
201200014682,0012-02-15 15:55:00,12,2,15,15,55,130,55,RUE JOSEPH PETRONIO,,,Plein jour,En agglomération,Hors intersection,Normale,Deux véhicules - arrière,,,,,,,,,,,1,2,1,1.0,2
201200014683,0012-12-07 14:40:00,12,12,7,14,40,130,55,"113, BD BARRY",,,Plein jour,En agglomération,Hors intersection,Normale,Deux véhicules - côté,,,,,,,,,,,1,2,1,1.0,3
201200014684,0012-02-01 18:45:00,12,2,1,18,45,130,55,"00, RUE WULFRAM PUGET",,,Nuit avec éclairage allumé,En agglomération,Hors intersection,Normale,Deux véhicules - arrière,,,,,,,,,,,5,2,1,1.0,2
201200014685,0012-01-20 16:00:00,12,1,20,16,0,130,55,"1, AVE DU GENERAL LECLER",,,Plein jour,En agglomération,Hors intersection,Normale,Deux véhicules - arrière,,,,,,,,,,,1,2,1,1.0,2
201200014686,0012-01-27 15:30:00,12,1,27,15,30,130,55,"94, BD SAKAKINI",,,Plein jour,En agglomération,Hors intersection,Normale,Autre collision,,,,,,,,,,,1,2,1,1.0,6
201200014687,0012-02-27 07:50:00,12,2,27,7,50,130,55,CHE DE SAINT JOSEPH A SA,,,Plein jour,En agglomération,Hors intersection,Normale,Deux véhicules - frontale,,,,,,,,,,,1,2,1,1.0,1
201200014688,0012-03-11 06:30:00,12,3,11,6,30,130,55,"177, RTE LEON LACHAMP",,,Crépuscule ou aube,En agglomération,Hors intersection,Normale,Autre collision,,,,,,,,,,,2,2,1,1.0,6
201200014689,0012-02-15 08:00:00,12,2,15,8,0,130,55,"724, CHE DU LITTORAL",,,Plein jour,En agglomération,Hors intersection,Normale,Autre collision,,,,,,,,,,,1,2,1,1.0,6
201200014690,0012-02-23 17:00:00,12,2,23,17,0,130,55,"90, AVE DES AYGALADES",,,Plein jour,En agglomération,Hors intersection,Normale,Autre collision,,,,,,,,,,,1,2,1,1.0,6
201200014691,0012-12-27 12:10:00,12,12,27,12,10,130,55,"188, AVE DES OLIVES",,,Plein jour,En agglomération,Hors intersection,Normale,Deux véhicules - arrière,,,,,,,,,,,1,2,1,1.0,2
201200014692,0012-03-02 09:10:00,12,3,2,9,10,130,55,"06, BD DE LA LIBERATION",,,Plein jour,En agglomération,Hors intersection,Normale,Deux véhicules - côté,,,,,,,,,,,1,2,1,1.0,3
201200014693,0012-02-12 03:25:00,12,2,12,3,25,130,55,"20, RUE JOBIN",,,Nuit avec éclairage allumé,En agglomération,Hors intersection,Normale,Deux véhicules - frontale,,,,,,,,,,,5,2,1,1.0,1
201200014694,0012-11-12 22:30:00,12,11,12,22,30,130,55,"359, RUE PARADIS",,,Nuit avec éclairage allumé,En agglomération,Hors intersection,Normale,Autre collision,,,,,,,,,,,5,2,1,1.0,6
201200014695,0012-02-08 12:05:00,12,2,8,12,5,130,55,"592, AVE DE MAZARGUES",,,Plein jour,En agglomération,Intersection en T,Normale,Deux véhicules - frontale,,,,,,,,,,,1,2,3,1.0,1
201200014696,0012-02-24 21:15:00,12,2,24,21,15,130,55,"27, BD EUGENE PIERRE",,,Nuit avec éclairage allumé,En agglomération,Intersection en X,Normale,Deux véhicules - côté,,,,,,,,,,,5,2,2,1.0,3
201200014697,0012-03-03 05:00:00,12,3,3,5,0,130,55,"10, BD SAKAKINI",,,Nuit avec éclairage non allumé,En agglomération,Intersection en X,Normale,Deux véhicules - côté,,,,,,,,,,,4,2,2,1.0,3
201200014698,0012-02-27 08:15:00,12,2,27,8,15,130,55,"149, BD FRANCOISE DUPARC",,,Plein jour,En agglomération,Hors intersection,Normale,Autre collision,,,,,,,,,,,1,2,1,1.0,6
201200014699,0012-12-21 17:20:00,12,12,21,17,20,130,75,"2, JEAN GIONO (AVE)",43.3463,5.45626,Nuit avec éclairage allumé,En agglomération,Hors intersection,Normale,Deux véhicules - côté,,,,,,,,,,,5,2,1,1.0,3
201200014700,0012-12-16 18:00:00,12,12,16,18,0,130,2,"38, MARCEL JULIEN (AVENU",43.3565,5.48774,Nuit avec éclairage allumé,En agglomération,Hors intersection,Normale,Deux véhicules - arrière,,,,,,,,,,,5,2,1,1.0,2
201200014701,0012-02-17 18:30:00,12,2,17,18,30,130,55,"30, BD CHARLES LIVON",,,Nuit avec éclairage allumé,En agglomération,Hors intersection,Normale,Deux véhicules - côté,,,,,,,,,,,5,2,1,1.0,3
201200014702,0012-02-14 13:30:00,12,2,14,13,30,130,55,"2, BD QUEIREL",,,Crépuscule ou aube,En agglomération,Hors intersection,Normale,Autre collision,,,,,,,,,,,2,2,1,1.0,6
201200014703,0012-11-16 19:00:00,12,11,16,19,0,130,55,"27, AVE DE SAINT MENET",,,Nuit sans éclairage public,En agglomération,Hors intersection,Normale,Deux véhicules - arrière,,,,,,,,,,,3,2,1,1.0,2
201200014704,0012-02-27 06:45:00,12,2,27,6,45,130,55,"20, VSN MARECHAL JUIN AL",,,Plein jour,En agglomération,Hors intersection,Normale,Trois véhicules et plus - collisions multiples,,,,,,,,,,,1,2,1,1.0,5
201200014705,0012-01-23 07:20:00,12,1,23,7,20,130,55,"54, AVE DE LA TIMONE",,,Crépuscule ou aube,En agglomération,Hors intersection,Normale,Deux véhicules - arrière,,,,,,,,,,,2,2,1,1.0,2
201200014706,0012-02-08 18:00:00,12,2,8,18,0,130,55,"00, BD VAUBAN",,,Plein jour,En agglomération,Hors intersection,Normale,Deux véhicules - arrière,,,,,,,,,,,1,2,1,1.0,2
201200014707,0012-02-11 12:50:00,12,2,11,12,50,130,55,RPT LUCIEN MURATORE,,,Plein jour,En agglomération,Giratoire,Normale,Deux véhicules - côté,,,,,,,,,,,1,2,6,1.0,3
201200014708,0012-06-15 14:20:00,12,6,15,14,20,130,55,"25, AVE FRANCOIS MIGNET",,,Plein jour,En agglomération,Hors intersection,Normale,Autre collision,,,,,,,,,,,1,2,1,1.0,6
201200014709,0012-12-14 11:00:00,12,12,14,11,0,130,55,"32, CHE DE LA MADRAGUE V",,,Plein jour,En agglomération,Hors intersection,Normale,Deux véhicules - frontale,,,,,,,,,,,1,2,1,1.0,1
201200014710,0012-02-15 13:20:00,12,2,15,13,20,130,55,"93, RUE JULES ISAAC",,,Plein jour,En agglomération,Hors intersection,Normale,Autre collision,,,,,,,,,,,1,2,1,1.0,6
201200014711,0012-02-21 12:20:00,12,2,21,12,20,130,55,"112, AVE JULES CANTINI",,,Plein jour,En agglomération,Hors intersection,Normale,Autre collision,,,,,,,,,,,1,2,1,1.0,6
201200014712,0012-12-19 12:00:00,12,12,19,12,0,130,55,"1, BD D ATHENES",,,Plein jour,En agglomération,Hors intersection,Normale,Deux véhicules - arrière,,,,,,,,,,,1,2,1,1.0,2
201200014713,0012-01-31 11:30:00,12,1,31,11,30,130,55,"02, BD LEI ROURE",,,Plein jour,En agglomération,Intersection en X,Pluie forte,Deux véhicules - côté,,,,,,,,,,,1,2,2,3.0,3
201200014714,0012-12-15 06:00:00,12,12,15,6,0,130,55,"00, BD SAKAKINI",,,Nuit avec éclairage allumé,En agglomération,Hors intersection,Normale,Deux véhicules - arrière,,,,,,,,,,,5,2,1,1.0,2
201200014715,0012-02-07 20:30:00,12,2,7,20,30,130,55,"436, RUE PARADIS",,,Crépuscule ou aube,En agglomération,Hors intersection,Normale,Deux véhicules - côté,,,,,,,,,,,2,2,1,1.0,3
201200014716,0012-01-11 12:45:00,12,1,11,12,45,130,55,"259, AVE DU PRADO",,,Plein jour,En agglomération,Intersection en X,Normale,Autre collision,,,,,,,,,,,1,2,2,1.0,6
201200014717,0012-01-25 14:00:00,12,1,25,14,0,130,55,"106, BD DU SABLIER",,,Plein jour,En agglomération,Intersection en X,Normale,Deux véhicules - côté,,,,,,,,,,,1,2,2,1.0,3
201200014718,0012-02-28 15:00:00,12,2,28,15,0,130,55,"193, BD DE PONT DE VIVAU",,,Plein jour,En agglomération,Intersection en T,Normale,Deux véhicules - côté,,,,,,,,,,,1,2,3,1.0,3
201200014719,0012-02-25 00:25:00,12,2,25,0,25,130,55,"1, AVE DE LA POINTE ROUG",,,Nuit sans éclairage public,En agglomération,Hors intersection,Normale,Sans collision,,,,,,,,,,,3,2,1,1.0,7
201200014720,0012-02-22 17:00:00,12,2,22,17,0,130,55,PCE LOUIS BONNEFON,,,Plein jour,En agglomération,Hors intersection,Normale,Autre collision,,,,,,,,,,,1,2,1,1.0,6
201200014721,0012-01-26 09:40:00,12,1,26,9,40,130,55,"185, AVE DU PRADO",,,Plein jour,En agglomération,Hors intersection,Normale,Deux véhicules - côté,,,,,,,,,,,1,2,1,1.0,3
201200014722,0012-01-18 12:50:00,12,1,18,12,50,130,55,AVE DU GENERAL ANDRE,,,Plein jour,En agglomération,Intersection en T,Normale,Deux véhicules - côté,,,,,,,,,,,1,2,3,1.0,3
201200014723,0012-01-25 14:30:00,12,1,25,14,30,130,55,"25, BD EDOUARD HERRIOT",,,Plein jour,En agglomération,Hors intersection,Temps couvert,Deux véhicules - arrière,,,,,,,,,,,1,2,1,8.0,2
201200014724,0012-02-02 05:00:00,12,2,2,5,0,130,55,"1, AVE DE LA MADRAGUE DE",,,Nuit avec éclairage allumé,Hors agglomération,Hors intersection,Neige / grêle,Sans collision,,,,,,,,,,,5,1,1,4.0,7
201200014725,0012-01-27 10:00:00,12,1,27,10,0,130,55,"260, AVE DE TOULON",,,Plein jour,En agglomération,Hors intersection,Normale,Trois véhicules et plus - en chaîne,,,,,,,,,,,1,2,1,1.0,4
201200014726,0012-02-07 16:20:00,12,2,7,16,20,130,55,"153, BD RABATAU",,,Plein jour,En agglomération,Hors intersection,Normale,Deux véhicules - côté,,,,,,,,,,,1,2,1,1.0,3
201200014727,0012-01-30 15:40:00,12,1,30,15,40,130,55,"11, BD SCHLOESING*",,,Plein jour,En agglomération,Hors intersection,Normale,Sans collision,,,,,,,,,,,1,2,1,1.0,7
201200014728,0012-01-20 12:00:00,12,1,20,12,0,130,55,"110, BD DU REDO*",,,Plein jour,En agglomération,Hors intersection,Normale,Autre collision,,,,,,,,,,,1,2,1,1.0,6
201200014729,0012-11-30 19:20:00,12,11,30,19,20,130,55,RUE DE ROME,,,Nuit avec éclairage allumé,En agglomération,Intersection en T,Normale,Deux véhicules - côté,,,,,,,,,,,5,2,3,1.0,3
201200014730,0012-02-21 17:00:00,12,2,21,17,0,130,55,"87, AVE DE FRAIS VALLON",,,Plein jour,En agglomération,Hors intersection,Normale,Autre collision,,,,,,,,,,,1,2,1,1.0,6
201200014731,0012-01-26 19:50:00,12,1,26,19,50,130,55,"32, BD FERNAND BONNEFOY",,,Nuit avec éclairage allumé,En agglomération,Hors intersection,Normale,Deux véhicules - côté,,,,,,,,,,,5,2,1,1.0,3
201200014732,0012-03-27 11:10:00,12,3,27,11,10,130,55,"399, BD MICHELET",,,Plein jour,En agglomération,Hors intersection,Normale,Deux véhicules - arrière,,,,,,,,,,,1,2,1,1.0,2
201200014733,0012-03-07 13:35:00,12,3,7,13,35,130,55,"31, RUE SAINT JEAN DU DE",,,Plein jour,En agglomération,Hors intersection,Normale,Deux véhicules - arrière,,,,,,,,,,,1,2,1,1.0,2
201200014734,0012-01-25 21:50:00,12,1,25,21,50,130,55,"1, RUE NEGRESKO",,,Nuit avec éclairage allumé,En agglomération,Hors intersection,Normale,Deux véhicules - côté,,,,,,,,,,,5,2,1,1.0,3
201200014735,0012-03-03 18:45:00,12,3,3,18,45,130,55,"00, BD SAKAKINI",,,Crépuscule ou aube,Hors agglomération,Hors intersection,Normale,Autre collision,,,,,,,,,,,2,1,1,1.0,6
201200014736,0012-02-02 10:50:00,12,2,2,10,50,130,55,"01, BD DE L' HUVEAUNE",,,Plein jour,En agglomération,Autre intersection,Normale,Autre collision,,,,,,,,,,,1,2,9,1.0,6
201200014737,0012-02-14 15:30:00,12,2,14,15,30,130,55,BD PIERRE MENARD,,,Plein jour,En agglomération,Autre intersection,Normale,Deux véhicules - côté,,,,,,,,,,,1,2,9,1.0,3
201200014738,0012-02-21 18:00:00,12,2,21,18,0,130,55,"22, CRS BELSUNCE",,,Plein jour,En agglomération,Hors intersection,Normale,Autre collision,,,,,,,,,,,1,2,1,1.0,6
201200014739,0012-04-23 19:40:00,12,4,23,19,40,130,55,"., RUE NICOLE ZEMMOUR",,,Plein jour,En agglomération,Hors intersection,Normale,Deux véhicules - frontale,,,,,,,,,,,1,2,1,1.0,1
201200014740,0012-09-19 12:40:00,12,9,19,12,40,130,55,"206, BD DE LA VALBARELLE",,,Plein jour,En agglomération,Hors intersection,Normale,Trois véhicules et plus - collisions multiples,,,,,,,,,,,1,2,1,1.0,5
201200014741,0012-02-03 14:45:00,12,2,3,14,45,130,55,"97, BD PERIER",,,Plein jour,En agglomération,Hors intersection,Normale,Deux véhicules - arrière,,,,,,,,,,,1,2,1,1.0,2
201200014742,0012-03-04 00:01:00,12,3,4,0,1,130,55,"0, BD LAGARDE",,,Nuit avec éclairage allumé,En agglomération,Hors intersection,Normale,Deux véhicules - arrière,,,,,,,,,,,5,2,1,1.0,2
201200014743,0012-01-30 15:10:00,12,1,30,15,10,130,55,RPT PERE WRESINK*,43.3304,5.41017,Plein jour,En agglomération,Intersection en X,Normale,Deux véhicules - côté,,,,,,,,,,,1,2,2,1.0,3
201200014744,0012-02-29 15:30:00,12,2,29,15,30,130,55,"142, AVE DE SAINT LOUIS",,,Plein jour,En agglomération,Hors intersection,Normale,Autre collision,,,,,,,,,,,1,2,1,1.0,6