accident_id,datetime,annee,mois,jour,heure,minute,departement,commune_insee,adresse,latitude,longitude,luminosite,agglomeration,intersection,meteo,collision,nb_vehicules,nb_usagers,nb_indemnes,nb_tues,nb_blesses_hosp,nb_blesses_legers,age_cond_1,age_cond_2,veh_type_cond_1,veh_type_cond_2,lum_code,agg_code,int_code,atm_code,col_code
201200015265,0012-04-23 16:45:00,12,4,23,16,45,130,55,"264, BD BAILLE",,,Plein jour,En agglomération,Hors intersection,Normale,Autre collision,,,,,,,,,,,1,2,1,1.0,6
201200015266,0012-04-26 12:00:00,12,4,26,12,0,130,55,AVE ALEXANDRE FLEMING,,,Plein jour,En agglomération,Hors intersection,Normale,Deux véhicules - côté,,,,,,,,,,,1,2,1,1.0,3
201200015267,0012-05-25 08:30:00,12,5,25,8,30,130,55,"7, RUE DE CHANTERAC",,,Plein jour,En agglomération,Hors intersection,Normale,Autre collision,,,,,,,,,,,1,2,1,1.0,6
201200015268,0012-04-28 16:30:00,12,4,28,16,30,130,55,"43, AVE PASTEUR",,,Plein jour,En agglomération,Hors intersection,Normale,Deux véhicules - côté,,,,,,,,,,,1,2,1,1.0,3
201200015269,0012-05-06 05:00:00,12,5,6,5,0,130,55,"66-68, VOI LA CANEBIERE",,,Nuit avec éclairage allumé,En agglomération,Hors intersection,Normale,Deux véhicules - côté,,,,,,,,,,,5,2,1,1.0,3
201200015270,0012-01-21 22:00:00,12,1,21,22,0,130,55,"34, RUE DES TROIS FRERES",,,Nuit avec éclairage allumé,En agglomération,Hors intersection,Normale,Deux véhicules - frontale,,,,,,,,,,,5,2,1,1.0,1
201200015271,0012-05-05 07:20:00,12,5,5,7,20,130,55,"136, RUE PARADIS",,,Plein jour,En agglomération,Hors intersection,Pluie légère,Deux véhicules - arrière,,,,,,,,,,,1,2,1,2.0,2
201200015272,0012-04-04 18:30:00,12,4,4,18,30,130,55,"30, BD GASTON CREMIEUX",,,Plein jour,En agglomération,Hors intersection,Normale,Autre collision,,,,,,,,,,,1,2,1,1.0,6
201200015273,0012-03-20 08:50:00,12,3,20,8,50,130,55,"38, BD JEAN MOULIN",,,Plein jour,En agglomération,Hors intersection,Normale,Deux véhicules - arrière,,,,,,,,,,,1,2,1,1.0,2
201200015274,0012-05-11 23:20:00,12,5,11,23,20,130,55,"47, BD SAKAKINI",,,Nuit avec éclairage allumé,En agglomération,Hors intersection,Normale,Trois véhicules et plus - en chaîne,,,,,,,,,,,5,2,1,1.0,4
201200015275,0012-04-29 13:50:00,12,4,29,13,50,130,55,RUE DU CAMAS,,,Plein jour,En agglomération,Intersection en Y,Normale,Deux véhicules - côté,,,,,,,,,,,1,2,4,1.0,3
201200015276,0012-03-31 18:00:00,12,3,31,18,0,130,55,"143, RUE FELIX PYAT",,,Plein jour,Hors agglomération,Hors intersection,Normale,Sans collision,,,,,,,,,,,1,1,1,1.0,7
201200015277,0012-05-14 19:20:00,12,5,14,19,20,130,55,"03, RUE DU BOIS SACRE",,,Plein jour,En agglomération,Hors intersection,Normale,Sans collision,,,,,,,,,,,1,2,1,1.0,7
201200015278,0012-04-15 06:20:00,12,4,15,6,20,130,55,"17, RUE SAINT FERREOL",,,Crépuscule ou aube,En agglomération,Intersection en X,Normale,Autre collision,,,,,,,,,,,2,2,2,1.0,6
201200015279,0012-05-22 14:00:00,12,5,22,14,0,130,55,"29, BD ROLAND DORGELES",43.347,5.37884,Plein jour,En agglomération,Hors intersection,Pluie légère,Trois véhicules et plus - en chaîne,,,,,,,,,,,1,2,1,2.0,4
201200015280,0012-05-09 10:10:00,12,5,9,10,10,130,55,"25, RTE DE LA TREILLE",,,Plein jour,En agglomération,Hors intersection,Normale,Deux véhicules - arrière,,,,,,,,,,,1,2,1,1.0,2
201200015281,0012-05-13 00:20:00,12,5,13,0,20,130,55,"556, AVE DU PRADO",,,Nuit avec éclairage allumé,En agglomération,Hors intersection,Normale,Deux véhicules - frontale,,,,,,,,,,,5,2,1,1.0,1
201200015282,0012-05-18 20:50:00,12,5,18,20,50,130,55,"171, BD DE SAINT LOUP",,,Nuit avec éclairage allumé,En agglomération,Hors intersection,Normale,Deux véhicules - côté,,,,,,,,,,,5,2,1,1.0,3
201200015283,0012-05-16 08:00:00,12,5,16,8,0,130,75,"82, FR?D?RIC CHEVILLON (",43.3474,5.46378,Plein jour,En agglomération,Intersection en X,Normale,Trois véhicules et plus - collisions multiples,,,,,,,,,,,1,2,2,1.0,5
201200015284,0012-05-17 17:45:00,12,5,17,17,45,130,55,"178, BD DU REDON",43.2502,5.42227,Plein jour,En agglomération,Hors intersection,Normale,Deux véhicules - côté,,,,,,,,,,,1,2,1,1.0,3
201200015285,0012-05-05 15:55:00,12,5,5,15,55,130,55,"84, BD DE SAINTE MARGUER",,,Plein jour,En agglomération,Autre intersection,Normale,Deux véhicules - arrière,,,,,,,,,,,1,2,9,1.0,2
201200015286,0012-05-19 12:40:00,12,5,19,12,40,130,75,"1, JULES ROLLANDIN (BD)",43.3474,5.46378,Plein jour,En agglomération,Hors intersection,Normale,Autre collision,,,,,,,,,,,1,2,1,1.0,6
201200015287,0012-04-20 14:07:00,12,4,20,14,7,130,55,"271, AVE DE SAINT LOUIS",,,Plein jour,En agglomération,Hors intersection,Normale,Deux véhicules - côté,,,,,,,,,,,1,2,1,1.0,3
201200015288,0012-05-08 13:40:00,12,5,8,13,40,130,55,BD BUREL,,,Plein jour,En agglomération,Intersection en T,Normale,Deux véhicules - arrière,,,,,,,,,,,1,2,3,1.0,2
201200015289,0012-05-24 18:40:00,12,5,24,18,40,130,55,"287, RUE DE LYON",,,Plein jour,En agglomération,Intersection en T,Normale,Deux véhicules - côté,,,,,,,,,,,1,2,3,1.0,3
201200015290,0012-05-15 16:00:00,12,5,15,16,0,130,55,"41, AVE DE CHATEAU GOMBE",,,Plein jour,En agglomération,Hors intersection,Normale,Deux véhicules - arrière,,,,,,,,,,,1,2,1,1.0,2
201200015291,0012-05-14 15:20:00,12,5,14,15,20,130,55,"251, AVE ROGER SALENGRO",,,Plein jour,En agglomération,Hors intersection,Normale,Deux véhicules - arrière,,,,,,,,,,,1,2,1,1.0,2
201200015292,0012-05-10 09:30:00,12,5,10,9,30,130,55,"108, AVE DE LA ROSE",43.3272,5.42388,Plein jour,En agglomération,Hors intersection,Normale,Autre collision,,,,,,,,,,,1,2,1,1.0,6
201200015293,0012-05-16 09:15:00,12,5,16,9,15,130,55,RPT PERE WRESINKI,,,Plein jour,En agglomération,Hors intersection,Normale,Deux véhicules - côté,,,,,,,,,,,1,2,1,1.0,3
201200015294,0012-05-13 20:00:00,12,5,13,20,0,130,55,AVE ALEXANDRE ANSALDI,43.331,5.40628,Plein jour,En agglomération,Hors intersection,Normale,Deux véhicules - côté,,,,,,,,,,,1,2,1,1.0,3
201200015295,0012-05-16 08:00:00,12,5,16,8,0,130,55,"2, BD PERIER",,,Plein jour,En agglomération,Hors intersection,Normale,Autre collision,,,,,,,,,,,1,2,1,1.0,6
201200015296,0012-05-19 14:00:00,12,5,19,14,0,130,55,"17, AVE ALEXANDRE ANSALD",,,Plein jour,En agglomération,Intersection en T,Normale,Sans collision,,,,,,,,,,,1,2,3,1.0,7
201200015297,0012-05-12 07:00:00,12,5,12,7,0,130,55,"444, BD NATIONAL",,,Crépuscule ou aube,En agglomération,Hors intersection,Normale,Autre collision,,,,,,,,,,,2,2,1,1.0,6
201200015298,0012-05-03 16:45:00,12,5,3,16,45,130,55,"124, AVE DE LA ROSE",43.3277,5.42469,Plein jour,En agglomération,Hors intersection,Normale,Deux véhicules - frontale,,,,,,,,,,,1,2,1,1.0,1
201200015299,0012-04-26 14:45:00,12,4,26,14,45,130,55,MTE ANTOINE CASTEJON,,,Plein jour,En agglomération,Hors intersection,Normale,Deux véhicules - côté,,,,,,,,,,,1,2,1,1.0,3
201200015300,0012-05-15 07:55:00,12,5,15,7,55,130,55,RPT PERE WRESINKI,,,Plein jour,En agglomération,Hors intersection,Normale,Deux véhicules - arrière,,,,,,,,,,,1,2,1,1.0,2
201200015301,0012-05-04 10:40:00,12,5,4,10,40,130,55,AVE DE LA ROSE,43.3292,5.42786,Plein jour,En agglomération,Hors intersection,Normale,Deux véhicules - côté,,,,,,,,,,,1,2,1,1.0,3
201200015302,0012-05-27 13:30:00,12,5,27,13,30,130,55,"125, AVE DE SAINT ANTOIN",,,Plein jour,En agglomération,Hors intersection,Normale,Autre collision,,,,,,,,,,,1,2,1,1.0,6
201200015303,0012-05-28 16:00:00,12,5,28,16,0,130,55,AVE BERNARD LECACHE,,,Plein jour,En agglomération,Hors intersection,Normale,Autre collision,,,,,,,,,,,1,2,1,1.0,6
201200015304,0012-05-27 06:00:00,12,5,27,6,0,130,55,"115, BD VAUBAN",,,Crépuscule ou aube,En agglomération,Hors intersection,Normale,Sans collision,,,,,,,,,,,2,2,1,1.0,7
201200015305,0012-05-29 19:50:00,12,5,29,19,50,130,55,TRA DE LA DOMINIQUE,,,Plein jour,En agglomération,Hors intersection,Normale,Autre collision,,,,,,,,,,,1,2,1,1.0,6
201200015306,0012-05-27 07:45:00,12,5,27,7,45,130,55,"36, AVE FLORIAN",,,Plein jour,En agglomération,Hors intersection,Normale,Sans collision,,,,,,,,,,,1,2,1,1.0,7
201200015307,0012-05-30 01:35:00,12,5,30,1,35,130,55,"62, PRK PLAGE DE L'ESTAQ",,,Nuit sans éclairage public,En agglomération,Hors intersection,Normale,Autre collision,,,,,,,,,,,3,2,1,1.0,6
201200015308,0012-05-31 04:50:00,12,5,31,4,50,130,55,"55, AVE DE SAINT BARNABE",,,Nuit avec éclairage allumé,En agglomération,Hors intersection,Normale,Sans collision,,,,,,,,,,,5,2,1,1.0,7
201200015309,0012-05-30 16:30:00,12,5,30,16,30,130,55,"155, BD DE SAINT MARCEL",,,Plein jour,En agglomération,Hors intersection,Normale,Autre collision,,,,,,,,,,,1,2,1,1.0,6
201200015310,0012-04-26 15:00:00,12,4,26,15,0,130,55,"70, AVE DU PRADO",,,Plein jour,En agglomération,Hors intersection,Normale,Trois véhicules et plus - collisions multiples,,,,,,,,,,,1,2,1,1.0,5
201200015311,0012-04-04 04:30:00,12,4,4,4,30,130,55,AVE JEAN PAUL SARTRE,43.3178,5.38075,Nuit avec éclairage allumé,En agglomération,Hors intersection,Pluie légère,Deux véhicules - arrière,,,,,,,,,,,5,2,1,2.0,2
201200015312,0012-05-09 22:39:00,12,5,9,22,39,130,55,"68, RUE DE L AUDIENCE",43.296,5.48674,Nuit avec éclairage allumé,En agglomération,Hors intersection,Normale,Deux véhicules - côté,,,,,,,,,,,5,2,1,1.0,3
201200015313,0012-05-11 18:00:00,12,5,11,18,0,130,55,"27, AVE DES CHUTES LAVIE",,,Plein jour,En agglomération,Hors intersection,Normale,Autre collision,,,,,,,,,,,1,2,1,1.0,6
201200015314,0012-05-16 11:40:00,12,5,16,11,40,130,55,"98, AVE CAMILLE PELLETAN",,,Plein jour,En agglomération,Hors intersection,Normale,Autre collision,,,,,,,,,,,1,2,1,1.0,6
201200015315,0012-03-30 11:30:00,12,3,30,11,30,130,55,"1, BD DE LA COMTESSE",,,Plein jour,En agglomération,Hors intersection,Normale,Autre collision,,,,,,,,,,,1,2,1,1.0,6
201200015316,0012-05-13 18:45:00,12,5,13,18,45,130,55,RUE PIERRE DOIZE,,,Plein jour,En agglomération,Hors intersection,Normale,Deux véhicules - arrière,,,,,,,,,,,1,2,1,1.0,2
201200015317,0012-05-21 16:15:00,12,5,21,16,15,130,55,"84, AVE DE SAINT JULIEN",,,Plein jour,En agglomération,Intersection en T,Pluie forte,Deux véhicules - côté,,,,,,,,,,,1,2,3,3.0,3
201200015318,0012-05-18 19:00:00,12,5,18,19,0,130,55,"84, AVE DE SAINT JULIEN",,,Plein jour,En agglomération,Intersection en X,Normale,Deux véhicules - côté,,,,,,,,,,,1,2,2,1.0,3
201200015319,0012-05-13 05:50:00,12,5,13,5,50,130,55,PRO GEORGES POMPIDOU,,,Crépuscule ou aube,En agglomération,Intersection en T,Normale,Sans collision,,,,,,,,,,,2,2,3,1.0,7
201200015320,0012-04-11 10:30:00,12,4,11,10,30,130,55,"98, BD DE PONT DE VIVAUX",,,Plein jour,En agglomération,Hors intersection,Normale,Autre collision,,,,,,,,,,,1,2,1,1.0,6
201200015321,0012-05-16 13:15:00,12,5,16,13,15,130,55,"2, PCE LOUIS SACOMAN",,,Plein jour,En agglomération,Hors intersection,Normale,Autre collision,,,,,,,,,,,1,2,1,1.0,6
201200015322,0012-05-15 09:30:00,12,5,15,9,30,130,55,QAI DU PORT,,,Plein jour,En agglomération,Hors intersection,Normale,Autre collision,,,,,,,,,,,1,2,1,1.0,6
201200015323,0012-04-15 08:20:00,12,4,15,8,20,130,55,"58, AVE DE SAINT BARNABE",,,Plein jour,En agglomération,Intersection en X,Normale,Deux véhicules - côté,,,,,,,,,,,1,2,2,1.0,3
201200015324,0012-05-20 11:20:00,12,5,20,11,20,130,55,"19, BD GAROUTTE",,,Plein jour,En agglomération,Hors intersection,Normale,Autre collision,,,,,,,,,,,1,2,1,1.0,6
201200015325,0012-03-19 08:00:00,12,3,19,8,0,130,2,LAPHAL (ROND-POINT),,,Plein jour,En agglomération,Giratoire,Normale,Sans collision,,,,,,,,,,,1,2,6,1.0,7
201200015326,0012-08-23 07:13:00,12,8,23,7,13,130,55,BD GARIBALDI,,,Plein jour,En agglomération,Intersection en X,Normale,Deux véhicules - côté,,,,,,,,,,,1,2,2,1.0,3
201200015327,0012-03-26 18:30:00,12,3,26,18,30,130,55,"13, RUE CAISSERIE",,,Plein jour,En agglomération,Hors intersection,Normale,Deux véhicules - côté,,,,,,,,,,,1,2,1,1.0,3
201200015328,0012-01-24 09:55:00,12,1,24,9,55,130,55,"00, BD RABATAU",,,Plein jour,En agglomération,Hors intersection,Normale,Autre collision,,,,,,,,,,,1,2,1,1.0,6
201200015329,0012-04-12 00:30:00,12,4,12,0,30,130,55,"3, AVE DU MERLAN",,,Nuit sans éclairage public,En agglomération,Hors intersection,Normale,Deux véhicules - frontale,,,,,,,,,,,3,2,1,1.0,1
201200015330,0012-05-25 17:30:00,12,5,25,17,30,130,55,"269, AVE ROGER SALENGRO",,,Plein jour,En agglomération,Intersection en T,Normale,Deux véhicules - frontale,,,,,,,,,,,1,2,3,1.0,1
201200015331,0012-05-16 20:00:00,12,5,16,20,0,130,55,"18, RUE COLBERT",,,Plein jour,En agglomération,Hors intersection,Normale,Deux véhicules - côté,,,,,,,,,,,1,2,1,1.0,3
201200015332,0012-05-06 13:45:00,12,5,6,13,45,130,55,"12, BD D ATHENES",,,Plein jour,En agglomération,Hors intersection,Normale,Autre collision,,,,,,,,,,,1,2,1,1.0,6
201200015333,0012-04-17 18:35:00,12,4,17,18,35,130,55,"88, BD RABATAU",43.2765,5.39741,Plein jour,En agglomération,Hors intersection,Normale,Trois véhicules et plus - en chaîne,,,,,,,,,,,1,2,1,1.0,4
201200015334,0012-05-21 11:20:00,12,5,21,11,20,130,55,"3, BD DU MARECHAL JUIN",,,Plein jour,En agglomération,Intersection en X,Pluie légère,Autre collision,,,,,,,,,,,1,2,2,2.0,6
201200015335,0012-05-24 07:45:00,12,5,24,7,45,130,55,"17, RUE JOEL RECHER",,,Plein jour,En agglomération,Intersection en T,Normale,Deux véhicules - côté,,,,,,,,,,,1,2,3,1.0,3
201200015336,0012-05-16 17:55:00,12,5,16,17,55,130,55,"108, CRS LIEUTAUD",,,Plein jour,En agglomération,Intersection en T,Normale,Autre collision,,,,,,,,,,,1,2,3,1.0,6
201200015337,0012-05-23 16:45:00,12,5,23,16,45,130,55,"151, PGE DE L' ESTAQUE",43.362,5.30909,Plein jour,En agglomération,Hors intersection,Normale,Deux véhicules - côté,,,,,,,,,,,1,2,1,1.0,3
201200015338,0012-04-25 15:00:00,12,4,25,15,0,130,55,BD PIERRE DRAMARD,,,Plein jour,En agglomération,Hors intersection,Normale,Trois véhicules et plus - collisions multiples,,,,,,,,,,,1,2,1,1.0,5
201200015339,0012-03-09 13:00:00,12,3,9,13,0,130,55,"00, CRS BELSUNCE",,,Plein jour,En agglomération,Hors intersection,Normale,Autre collision,,,,,,,,,,,1,2,1,1.0,6
201200015340,0012-05-04 10:30:00,12,5,4,10,30,130,55,"99, RTE DES CAMOINS",43.2981,5.49841,Plein jour,En agglomération,Hors intersection,Normale,Deux véhicules - côté,,,,,,,,,,,1,2,1,1.0,3
201200015341,0012-06-04 21:50:00,12,6,4,21,50,130,55,"46, BD MICHELET",43.2696,5.39272,Nuit avec éclairage allumé,En agglomération,Hors intersection,Normale,Sans collision,,,,,,,,,,,5,2,1,1.0,7
201200015342,0012-03-29 12:30:00,12,3,29,12,30,130,55,"397, VSN CORNICHE/ ALPIL",,,Plein jour,En agglomération,Hors intersection,Normale,Autre collision,,,,,,,,,,,1,2,1,1.0,6
201200015343,0012-05-23 10:05:00,12,5,23,10,5,130,55,"54, COR PRESIDENT JOHN F",,,Plein jour,En agglomération,Hors intersection,Normale,Autre collision,,,,,,,,,,,1,2,1,1.0,6
201200015344,0012-06-04 16:35:00,12,6,4,16,35,130,55,RUE DE LA REINE ELISABET,,,Plein jour,En agglomération,Hors intersection,Normale,Autre collision,,,,,,,,,,,1,2,1,1.0,6
201200015345,0012-05-29 18:30:00,12,5,29,18,30,130,55,"327, COR PRESIDENT JOHN",,,Plein jour,En agglomération,Hors intersection,Normale,Deux véhicules - côté,,,,,,,,,,,1,2,1,1.0,3
201200015346,0012-01-03 11:45:00,12,1,3,11,45,130,55,"17, RUE DE LYON",,,Plein jour,En agglomération,Hors intersection,Normale,Autre collision,,,,,,,,,,,1,2,1,1.0,6
201200015347,0012-05-14 18:30:00,12,5,14,18,30,130,55,"84, RTE D ENCO DE BOTTE",,,Plein jour,En agglomération,Hors intersection,Normale,Deux véhicules - côté,,,,,,,,,,,1,2,1,1.0,3
201200015348,0012-03-26 21:40:00,12,3,26,21,40,130,55,"87, RUE DE ROME",,,Nuit avec éclairage allumé,En agglomération,Intersection en T,Normale,Deux véhicules - côté,,,,,,,,,,,5,2,3,1.0,3
201200015349,0012-05-08 14:20:00,12,5,8,14,20,130,55,"301, AVE DU PRADO",,,Plein jour,En agglomération,Hors intersection,Normale,Trois véhicules et plus - en chaîne,,,,,,,,,,,1,2,1,1.0,4
201200015350,0012-05-08 12:00:00,12,5,8,12,0,130,55,QAI DES BELGES,,,Plein jour,En agglomération,Hors intersection,Normale,Deux véhicules - côté,,,,,,,,,,,1,2,1,1.0,3
201200015351,0012-05-04 18:30:00,12,5,4,18,30,130,55,"24, AVE DU PRADO",,,Plein jour,En agglomération,Hors intersection,Normale,Autre collision,,,,,,,,,,,1,2,1,1.0,6
201200015352,0012-05-04 16:00:00,12,5,4,16,0,130,55,"22, RUE SAINTE BARBE",,,Plein jour,En agglomération,Hors intersection,Normale,Deux véhicules - côté,,,,,,,,,,,1,2,1,1.0,3
201200015353,0012-05-25 15:20:00,12,5,25,15,20,130,55,"63, BD FRANCOISE DUPARC",,,Plein jour,En agglomération,Hors intersection,Normale,Deux véhicules - côté,,,,,,,,,,,1,2,1,1.0,3
201200015354,0012-05-24 17:35:00,12,5,24,17,35,130,55,"19, BD SAKAKINI",,,Plein jour,En agglomération,Hors intersection,Normale,Deux véhicules - côté,,,,,,,,,,,1,2,1,1.0,3
201200015355,0012-05-24 11:50:00,12,5,24,11,50,130,55,"54, AVE DE LA CORSE",,,Plein jour,En agglomération,Hors intersection,Normale,Deux véhicules - côté,,,,,,,,,,,1,2,1,1.0,3
201200015356,0012-05-01 14:05:00,12,5,1,14,5,130,55,"140, BD DE PONT DE VIVAU",,,Plein jour,En agglomération,Hors intersection,Normale,Deux véhicules - côté,,,,,,,,,,,1,2,1,1.0,3
201200015357,0012-06-05 13:50:00,12,6,5,13,50,130,55,"19, RUE D' ITALIE",,,Plein jour,En agglomération,Intersection en X,Normale,Deux véhicules - côté,,,,,,,,,,,1,2,2,1.0,3
201200015358,0012-05-22 12:00:00,12,5,22,12,0,130,55,"142, CHE DE NOTRE DAME D",,,Plein jour,En agglomération,Hors intersection,Pluie légère,Deux véhicules - arrière,,,,,,,,,,,1,2,1,2.0,2
201200015359,0012-05-26 19:45:00,12,5,26,19,45,130,55,"12, RUE DE FORBIN",,,Plein jour,En agglomération,Hors intersection,Normale,Autre collision,,,,,,,,,,,1,2,1,1.0,6
201200015360,0012-04-21 23:00:00,12,4,21,23,0,130,55,"33, CHE DE BERNEX",,,Nuit avec éclairage allumé,En agglomération,Intersection en T,Pluie légère,Deux véhicules - frontale,,,,,,,,,,,5,2,3,2.0,1
201200015361,0012-04-21 09:45:00,12,4,21,9,45,130,55,"139, AVE DES OLIVES",,,Plein jour,En agglomération,Hors intersection,Normale,Trois véhicules et plus - collisions multiples,,,,,,,,,,,1,2,1,1.0,5
201200015362,0012-05-25 13:30:00,12,5,25,13,30,130,55,CHE DE SAINT LOUIS AU RO,,,Plein jour,En agglomération,Hors intersection,Normale,Deux véhicules - côté,,,,,,,,,,,1,2,1,1.0,3
201200015363,0012-05-22 17:30:00,12,5,22,17,30,130,55,"1570, CHE DE SAINTE MART",,,Plein jour,En agglomération,Hors intersection,Normale,Deux véhicules - côté,,,,,,,,,,,1,2,1,1.0,3
201200015364,0012-04-27 17:45:00,12,4,27,17,45,130,55,"10, RUE JORGI REBOUL",,,Plein jour,En agglomération,Hors intersection,Normale,Deux véhicules - frontale,,,,,,,,,,,1,2,1,1.0,1
201200015365,0012-05-30 13:30:00,12,5,30,13,30,130,55,"07, RUE EMMANUEL EYDOUX",,,Plein jour,En agglomération,Hors intersection,Normale,Deux véhicules - arrière,,,,,,,,,,,1,2,1,1.0,2
201200015366,0012-06-09 04:30:00,12,6,9,4,30,130,55,"139, AVE DE LA CROIX ROU",43.334,5.44174,Nuit avec éclairage allumé,En agglomération,Hors intersection,Normale,Autre collision,,,,,,,,,,,5,2,1,1.0,6
201200015367,0012-06-03 18:30:00,12,6,3,18,30,130,55,"30, RUE DE VERDUN",,,Plein jour,En agglomération,Intersection en X,Normale,Deux véhicules - côté,,,,,,,,,,,1,2,2,1.0,3
201200015368,0012-05-24 12:26:00,12,5,24,12,26,130,55,"34, TRA DE GIBRALTAR",,,Plein jour,Hors agglomération,Hors intersection,Normale,Sans collision,,,,,,,,,,,1,1,1,1.0,7
201200015369,0012-04-22 02:30:00,12,4,22,2,30,130,55,"66, AVE DE SAINT JEROME",,,Nuit avec éclairage allumé,En agglomération,Hors intersection,Pluie légère,Deux véhicules - arrière,,,,,,,,,,,5,2,1,2.0,2
201200015370,0012-06-01 12:00:00,12,6,1,12,0,130,55,"248, CHE DE LA MADRAGUE",,,Plein jour,En agglomération,Intersection en T,Normale,Trois véhicules et plus - collisions multiples,,,,,,,,,,,1,2,3,1.0,5
201200015371,0012-06-01 18:30:00,12,6,1,18,30,130,55,"1, TRA CHARLES SUSINI",,,Plein jour,En agglomération,Intersection en T,Normale,Deux véhicules - arrière,,,,,,,,,,,1,2,3,1.0,2
201200015372,0012-06-10 05:20:00,12,6,10,5,20,130,55,"1, RPT PIERRE PARAF",,,Crépuscule ou aube,En agglomération,Hors intersection,Normale,Autre collision,,,,,,,,,,,2,2,1,1.0,6
201200015373,0012-03-27 13:00:00,12,3,27,13,0,130,55,"1, BD CHARLES NEDELEC",,,Plein jour,En agglomération,Hors intersection,Normale,Deux véhicules - frontale,,,,,,,,,,,1,2,1,1.0,1
201200015374,0012-01-20 17:45:00,12,1,20,17,45,130,55,", VSN ENTREE 4 A PORT AU",,,Crépuscule ou aube,En agglomération,Intersection en X,Normale,Deux véhicules - côté,,,,,,,,,,,2,2,2,1.0,3
201200015375,0012-06-05 10:00:00,12,6,5,10,0,130,55,"93, BD SAKAKINI",,,Plein jour,En agglomération,Hors intersection,Normale,Deux véhicules - côté,,,,,,,,,,,1,2,1,1.0,3
201200015376,0012-05-22 19:15:00,12,5,22,19,15,130,55,"155, BD BAILLE",,,Plein jour,En agglomération,Hors intersection,Normale,Deux véhicules - côté,,,,,,,,,,,1,2,1,1.0,3
201200015377,0012-05-22 02:00:00,12,5,22,2,0,130,55,AVE DU CASTELLAS,,,Nuit avec éclairage allumé,En agglomération,Intersection en T,Normale,Deux véhicules - côté,,,,,,,,,,,5,2,3,1.0,3
201200015378,0012-04-21 15:25:00,12,4,21,15,25,130,55,"5, RUE DE LA REPUBLIQUE",,,Plein jour,En agglomération,Intersection en X,Normale,Deux véhicules - frontale,,,,,,,,,,,1,2,2,1.0,1
201200015379,0012-05-04 16:00:00,12,5,4,16,0,130,55,"23, AVE DE CORINTHE",,,Plein jour,En agglomération,Hors intersection,Normale,Autre collision,,,,,,,,,,,1,2,1,1.0,6
201200015380,0012-06-09 14:40:00,12,6,9,14,40,130,55,"2, RUE GEORGE",,,Plein jour,En agglomération,Hors intersection,Normale,Sans collision,,,,,,,,,,,1,2,1,1.0,7
201200015381,0012-05-17 07:00:00,12,5,17,7,0,130,55,"02, RUE GEORGE",,,Plein jour,En agglomération,Hors intersection,Pluie légère,Deux véhicules - frontale,,,,,,,,,,,1,2,1,2.0,1
201200015382,0012-05-29 13:30:00,12,5,29,13,30,130,55,"384, BD MICHELET",43.2544,5.40119,Plein jour,En agglomération,Hors intersection,Normale,Autre collision,,,,,,,,,,,1,2,1,1.0,6
201200015383,0012-05-16 13:00:00,12,5,16,13,0,130,55,"137, AVE CLOT BEY",,,Plein jour,En agglomération,Hors intersection,Normale,Trois véhicules et plus - collisions multiples,,,,,,,,,,,1,2,1,1.0,5
201200015384,0012-05-16 18:00:00,12,5,16,18,0,130,55,"1, AVE GAUDIBERT",,,Plein jour,En agglomération,Hors intersection,Normale,Deux véhicules - côté,,,,,,,,,,,1,2,1,1.0,3
201200015385,0012-03-14 14:45:00,12,3,14,14,45,130,55,"196, VSN DU SAINT ANTOIN",,,Plein jour,En agglomération,Hors intersection,Normale,Deux véhicules - côté,,,,,,,,,,,1,2,1,1.0,3
201200015386,0012-05-25 21:40:00,12,5,25,21,40,130,55,"8, BD MIREILLE JOURDAN-B",,,Nuit avec éclairage allumé,En agglomération,Hors intersection,Normale,Deux véhicules - côté,,,,,,,,,,,5,2,1,1.0,3
201200015387,0012-05-26 12:30:00,12,5,26,12,30,130,55,"67, RUE AUGUSTIN AUBERT",,,Plein jour,En agglomération,Hors intersection,Normale,Trois véhicules et plus - en chaîne,,,,,,,,,,,1,2,1,1.0,4
201200015388,0012-03-11 03:20:00,12,3,11,3,20,130,55,"38, BD GUSTAVE GANAY",,,Nuit avec éclairage allumé,En agglomération,Intersection en X,Normale,Deux véhicules - côté,,,,,,,,,,,5,2,2,1.0,3
201200015389,0012-05-03 10:10:00,12,5,3,10,10,130,55,"371, BD ROMAIN ROLLAND",,,Plein jour,En agglomération,Intersection en X,Normale,Deux véhicules - côté,,,,,,,,,,,1,2,2,1.0,3
201200015390,0012-06-02 20:15:00,12,6,2,20,15,130,55,"258, AVE DU PRADO",,,Plein jour,En agglomération,Hors intersection,Normale,Autre collision,,,,,,,,,,,1,2,1,1.0,6
201200015391,0012-06-01 09:30:00,12,6,1,9,30,130,55,"56, AVE JEAN LOMBARD",,,Plein jour,En agglomération,Hors intersection,Normale,Deux véhicules - arrière,,,,,,,,,,,1,2,1,1.0,2
201200015392,0012-06-01 19:30:00,12,6,1,19,30,130,55,"10, RUE MARIUS DUBOIS",,,Plein jour,En agglomération,Hors intersection,Normale,Sans collision,,,,,,,,,,,1,2,1,1.0,7
201200015393,0012-06-05 13:30:00,12,6,5,13,30,130,55,"1, TRA DE LA MONTRE",,,Plein jour,En agglomération,Hors intersection,Normale,Deux véhicules - frontale,,,,,,,,,,,1,2,1,1.0,1
201200015394,0012-06-02 01:10:00,12,6,2,1,10,130,55,"60, AVE DE MAZARGUES",,,Nuit avec éclairage allumé,En agglomération,Hors intersection,Normale,Deux véhicules - frontale,,,,,,,,,,,5,2,1,1.0,1
201200015395,0012-05-29 17:30:00,12,5,29,17,30,130,55,"182, BD DE LA VALBARELLE",,,Plein jour,En agglomération,Hors intersection,Normale,Deux véhicules - frontale,,,,,,,,,,,1,2,1,1.0,1