accident_id,datetime,annee,mois,jour,heure,minute,departement,commune_insee,adresse,latitude,longitude,luminosite,agglomeration,intersection,meteo,collision,nb_vehicules,nb_usagers,nb_indemnes,nb_tues,nb_blesses_hosp,nb_blesses_legers,age_cond_1,age_cond_2,veh_type_cond_1,veh_type_cond_2,lum_code,agg_code,int_code,atm_code,col_code
201200015396,0012-05-26 18:00:00,12,5,26,18,0,130,55,CHE DES JONQUILLES,,,Plein jour,En agglomération,Hors intersection,Normale,Deux véhicules - côté,,,,,,,,,,,1,2,1,1.0,3
201200015397,0012-05-15 11:08:00,12,5,15,11,8,130,55,BD PIERRE MENARD,,,Plein jour,En agglomération,Autre intersection,Normale,Deux véhicules - côté,,,,,,,,,,,1,2,9,1.0,3
201200015398,0012-03-23 13:45:00,12,3,23,13,45,130,55,"00, QAI DE RIVE NEUVE",,,Plein jour,En agglomération,Hors intersection,Normale,Autre collision,,,,,,,,,,,1,2,1,1.0,6
201200015399,0012-06-13 17:30:00,12,6,13,17,30,130,55,"112, AVE FREDERIC MISTRA",43.3223,5.45689,Plein jour,En agglomération,Hors intersection,Normale,Deux véhicules - côté,,,,,,,,,,,1,2,1,1.0,3
201200015400,0012-06-14 03:00:00,12,6,14,3,0,130,55,RPT PIERRE PARAF,,,Nuit avec éclairage allumé,En agglomération,Hors intersection,Normale,Autre collision,,,,,,,,,,,5,2,1,1.0,6
201200015401,0012-06-13 16:00:00,12,6,13,16,0,130,55,"56, AVE CORO*",,,Plein jour,En agglomération,Hors intersection,Normale,Deux véhicules - côté,,,,,,,,,,,1,2,1,1.0,3
201200015402,0012-06-08 01:30:00,12,6,8,1,30,130,55,"69, BD DE LA LIBERATION",,,Nuit sans éclairage public,En agglomération,Hors intersection,Normale,Autre collision,,,,,,,,,,,3,2,1,1.0,6
201200015403,0012-04-12 07:45:00,12,4,12,7,45,130,55,"24, BD MICHELET",43.2683,5.3935,Crépuscule ou aube,En agglomération,Hors intersection,Normale,Deux véhicules - côté,,,,,,,,,,,2,2,1,1.0,3
201200015404,0012-04-27 07:35:00,12,4,27,7,35,130,55,"64, BD DE LA VERRERIE",,,Plein jour,En agglomération,Hors intersection,Normale,Autre collision,,,,,,,,,,,1,2,1,1.0,6
201200015405,0012-05-10 09:00:00,12,5,10,9,0,130,55,"53, AVE EMMANUEL ALLARD",43.2899,5.441,Plein jour,En agglomération,Hors intersection,Normale,Deux véhicules - côté,,,,,,,,,,,1,2,1,1.0,3
201200015406,0012-05-09 09:30:00,12,5,9,9,30,130,55,"114, AVE ANDRE ZENATTI",,,Plein jour,En agglomération,Hors intersection,Normale,Deux véhicules - arrière,,,,,,,,,,,1,2,1,1.0,2
201200015407,0012-02-20 19:25:00,12,2,20,19,25,130,55,"02, RUE RAPHAEL PONSON",,,Plein jour,En agglomération,Hors intersection,Normale,Autre collision,,,,,,,,,,,1,2,1,1.0,6
201200015408,0012-06-01 11:40:00,12,6,1,11,40,130,55,"37, BD DE LA LIBERTE",,,Plein jour,En agglomération,Hors intersection,Normale,Sans collision,,,,,,,,,,,1,2,1,1.0,7
201200015409,0012-04-22 18:20:00,12,4,22,18,20,130,55,"11, BD DE SAINT LOUP",,,Plein jour,En agglomération,Intersection en X,Normale,Deux véhicules - côté,,,,,,,,,,,1,2,2,1.0,3
201200015410,0012-05-22 11:00:00,12,5,22,11,0,130,55,"163, COR PRESIDENT JOHN",,,Plein jour,En agglomération,Hors intersection,Pluie légère,Autre collision,,,,,,,,,,,1,2,1,2.0,6
201200015411,0012-06-13 23:15:00,12,6,13,23,15,130,2,PALMIERS (ROND POINT DES,43.3316,5.48653,Nuit avec éclairage allumé,En agglomération,Giratoire,Normale,Deux véhicules - arrière,,,,,,,,,,,5,2,6,1.0,2
201200015412,0012-06-06 17:30:00,12,6,6,17,30,130,55,"34, RUE CAISSERIE",,,Plein jour,En agglomération,Hors intersection,Normale,Autre collision,,,,,,,,,,,1,2,1,1.0,6
201200015413,0012-05-05 21:30:00,12,5,5,21,30,130,55,"39, BD SCHLOESING",,,Nuit avec éclairage allumé,En agglomération,Hors intersection,Normale,Deux véhicules - côté,,,,,,,,,,,5,2,1,1.0,3
201200015414,0012-05-25 15:00:00,12,5,25,15,0,130,55,"29, RUE DE ROME",,,Plein jour,En agglomération,Hors intersection,Normale,Autre collision,,,,,,,,,,,1,2,1,1.0,6
201200015415,0012-06-05 12:10:00,12,6,5,12,10,130,55,"2, BD DE SAINT LOUP",,,Plein jour,En agglomération,Intersection en X,Normale,Deux véhicules - côté,,,,,,,,,,,1,2,2,1.0,3
201200015416,0012-05-02 17:30:00,12,5,2,17,30,130,55,"34, BD DU CAPITAINE GEZE",,,Plein jour,En agglomération,Hors intersection,Normale,Deux véhicules - côté,,,,,,,,,,,1,2,1,1.0,3
201200015417,0012-05-31 14:15:00,12,5,31,14,15,130,55,"1, VOI LA CANEBIERE",,,Plein jour,En agglomération,Intersection en X,Normale,Autre collision,,,,,,,,,,,1,2,2,1.0,6
201200015418,0012-05-31 17:45:00,12,5,31,17,45,130,55,"1, BD CHARLES LIVON",,,Plein jour,En agglomération,Hors intersection,Normale,Deux véhicules - arrière,,,,,,,,,,,1,2,1,1.0,2
201200015419,0012-04-26 19:45:00,12,4,26,19,45,130,55,"178, BD FRANCOISE DUPARC",,,Plein jour,En agglomération,Intersection en X,Normale,Autre collision,,,,,,,,,,,1,2,2,1.0,6
201200015420,0012-06-02 05:30:00,12,6,2,5,30,130,55,"16, RUE MONTGRAND",,,Nuit sans éclairage public,En agglomération,Hors intersection,Normale,Autre collision,,,,,,,,,,,3,2,1,1.0,6
201200015421,0012-04-21 20:30:00,12,4,21,20,30,130,55,"01, RPT PERE WRESINKI",43.3305,5.41016,Nuit avec éclairage allumé,En agglomération,Hors intersection,Pluie légère,Deux véhicules - arrière,,,,,,,,,,,5,2,1,2.0,2
201200015422,0012-06-09 05:00:00,12,6,9,5,0,130,55,PGE DE L' ESTAQUE,43.3597,5.31636,Crépuscule ou aube,En agglomération,Hors intersection,Normale,Autre collision,,,,,,,,,,,2,2,1,1.0,6
201200015423,0012-06-11 21:15:00,12,6,11,21,15,130,55,"180, AVE DE SAINT MENET",43.2883,5.50163,Nuit avec éclairage allumé,En agglomération,Hors intersection,Pluie forte,Autre collision,,,,,,,,,,,5,2,1,3.0,6
201200015424,0012-05-23 12:15:00,12,5,23,12,15,130,55,"312, CHE DE CHATEAU GOMB",,,Plein jour,En agglomération,Hors intersection,Normale,Trois véhicules et plus - en chaîne,,,,,,,,,,,1,2,1,1.0,4
201200015425,0012-06-07 12:40:00,12,6,7,12,40,130,55,"38, BD GAY LUSSAC",43.33595,5.3746,Plein jour,En agglomération,Hors intersection,Normale,Deux véhicules - côté,,,,,,,,,,,1,2,1,1.0,3
201200015426,0012-06-06 18:30:00,12,6,6,18,30,130,55,AVE SALVADOR ALLENDE,,,Plein jour,En agglomération,Hors intersection,Normale,Deux véhicules - côté,,,,,,,,,,,1,2,1,1.0,3
201200015427,0012-06-12 14:15:00,12,6,12,14,15,130,55,"37, AVE CAMILLE PELLETAN",,,Plein jour,En agglomération,Hors intersection,Normale,Autre collision,,,,,,,,,,,1,2,1,1.0,6
201200015428,0012-06-15 11:00:00,12,6,15,11,0,130,55,"123, BD ROMAIN ROLLAND",,,Plein jour,En agglomération,Hors intersection,Normale,Autre collision,,,,,,,,,,,1,2,1,1.0,6
201200015429,0012-05-30 23:10:00,12,5,30,23,10,130,55,BD BAILLE,,,Nuit avec éclairage allumé,En agglomération,Intersection en X,Normale,Deux véhicules - côté,,,,,,,,,,,5,2,2,1.0,3
201200015430,0012-04-29 19:50:00,12,4,29,19,50,130,55,"45, CRS GOUFFE",,,Plein jour,En agglomération,Intersection en T,Normale,Deux véhicules - côté,,,,,,,,,,,1,2,3,1.0,3
201200015431,0012-05-10 12:00:00,12,5,10,12,0,130,55,"18, RUE D' ALGER",,,Plein jour,En agglomération,Intersection en X,Normale,Deux véhicules - côté,,,,,,,,,,,1,2,2,1.0,3
201200015432,0012-05-29 15:50:00,12,5,29,15,50,130,55,RUE HORACE BERTIN,,,Plein jour,En agglomération,Intersection en X,Normale,Deux véhicules - côté,,,,,,,,,,,1,2,2,1.0,3
201200015433,0012-05-25 09:50:00,12,5,25,9,50,130,55,"37, CRS LIEUTAUD",,,Plein jour,En agglomération,Hors intersection,Normale,Autre collision,,,,,,,,,,,1,2,1,1.0,6
201200015434,0012-05-25 06:35:00,12,5,25,6,35,130,55,"IGNOR?, AVE ALEXANDRE FL",,,Plein jour,En agglomération,Hors intersection,Normale,Sans collision,,,,,,,,,,,1,2,1,1.0,7
201200015435,0012-06-06 12:20:00,12,6,6,12,20,130,55,"169, AVE DES CAILLOLS",,,Plein jour,En agglomération,Hors intersection,Normale,Autre collision,,,,,,,,,,,1,2,1,1.0,6
201200015436,0012-06-03 03:30:00,12,6,3,3,30,130,55,"79, CRS PIERRE PUGET",,,Nuit avec éclairage allumé,En agglomération,Intersection en X,Normale,Deux véhicules - côté,,,,,,,,,,,5,2,2,1.0,3
201200015437,0012-06-01 16:30:00,12,6,1,16,30,130,2,"575, CANTON VERT (AVENUE",43.3416,5.47162,Plein jour,En agglomération,Hors intersection,Normale,Sans collision,,,,,,,,,,,1,2,1,1.0,7
201200015438,0012-06-10 19:30:00,12,6,10,19,30,130,55,"145, AVE DES CAILLOLS",,,Plein jour,En agglomération,Hors intersection,Normale,Deux véhicules - côté,,,,,,,,,,,1,2,1,1.0,3
201200015439,0012-06-17 00:45:00,12,6,17,0,45,130,55,"61, CHE DE SAINT ANTOINE",,,Nuit avec éclairage allumé,En agglomération,Hors intersection,Normale,Deux véhicules - arrière,,,,,,,,,,,5,2,1,1.0,2
201200015440,0012-05-25 09:05:00,12,5,25,9,5,130,55,"237, BD DE LA LIBERATION",,,Plein jour,En agglomération,Intersection en T,Pluie légère,Autre collision,,,,,,,,,,,1,2,3,2.0,6
201200015441,0012-06-07 16:55:00,12,6,7,16,55,130,55,AVE ALEXANDRE FLEMING,,,Plein jour,En agglomération,Hors intersection,Normale,Autre collision,,,,,,,,,,,1,2,1,1.0,6
201200015442,0012-04-17 19:45:00,12,4,17,19,45,130,55,"288, BD MIREILLE LAUZE",,,Plein jour,En agglomération,Hors intersection,Normale,Deux véhicules - arrière,,,,,,,,,,,1,2,1,1.0,2
201200015443,0012-06-08 08:15:00,12,6,8,8,15,130,75,"98, FREDERIC MISTRAL (AV",,,Plein jour,En agglomération,Intersection en T,Normale,Deux véhicules - frontale,,,,,,,,,,,1,2,3,1.0,1
201200015444,0012-06-16 18:45:00,12,6,16,18,45,130,55,"98, RUE DE L' EVECHE",,,Plein jour,En agglomération,Intersection en X,Normale,Deux véhicules - côté,,,,,,,,,,,1,2,2,1.0,3
201200015445,0012-06-11 13:15:00,12,6,11,13,15,130,55,AVE DE LA CROIX ROUGE,,,Plein jour,En agglomération,Hors intersection,Normale,Deux véhicules - frontale,,,,,,,,,,,1,2,1,1.0,1
201200015446,0012-06-01 19:40:00,12,6,1,19,40,130,55,"48, AVE DE SAINT JUST",,,Plein jour,En agglomération,Hors intersection,Normale,Autre collision,,,,,,,,,,,1,2,1,1.0,6
201200015447,0012-05-26 09:10:00,12,5,26,9,10,130,55,"137, BD DE PONT DE VIVAU",,,Plein jour,En agglomération,Hors intersection,Normale,Trois véhicules et plus - collisions multiples,,,,,,,,,,,1,2,1,1.0,5
201200015448,0012-06-19 05:20:00,12,6,19,5,20,130,55,"159, BD DE LA BLANCARDE",,,Nuit sans éclairage public,En agglomération,Hors intersection,Normale,Autre collision,,,,,,,,,,,3,2,1,1.0,6
201200015449,0012-05-31 13:30:00,12,5,31,13,30,130,2,"72, REPUBLIQUE (AVE DE L",43.3402,5.47666,Plein jour,En agglomération,Hors intersection,Normale,Deux véhicules - côté,,,,,,,,,,,1,2,1,1.0,3
201200015450,0012-06-14 07:40:00,12,6,14,7,40,130,55,"3, RUE SAINT THOME",,,Plein jour,En agglomération,Hors intersection,Normale,Sans collision,,,,,,,,,,,1,2,1,1.0,7
201200015451,0012-06-20 16:30:00,12,6,20,16,30,130,55,"1, AVE CAMILLE PELLETAN",,,Plein jour,En agglomération,Intersection en X,Normale,Deux véhicules - côté,,,,,,,,,,,1,2,2,1.0,3
201200015452,0012-06-08 07:45:00,12,6,8,7,45,130,55,"151, AVE DE LA CROIX ROU",,,Plein jour,En agglomération,Hors intersection,Normale,Deux véhicules - côté,,,,,,,,,,,1,2,1,1.0,3
201200015453,0012-05-21 16:00:00,12,5,21,16,0,130,55,"1, AVE PAUL GAFFAREL",43.3482,5.36264,Plein jour,En agglomération,Hors intersection,Pluie forte,Deux véhicules - frontale,,,,,,,,,,,1,2,1,3.0,1
201200015454,0012-06-09 14:00:00,12,6,9,14,0,130,2,"809, ETIENNE CUCCA-CD908",43.3634,5.49551,Plein jour,En agglomération,Hors intersection,Normale,Deux véhicules - côté,,,,,,,,,,,1,2,1,1.0,3
201200015455,0012-06-09 08:25:00,12,6,9,8,25,130,55,"108, COR PRESIDENT JOHN",,,Plein jour,En agglomération,Intersection en T,Normale,Deux véhicules - côté,,,,,,,,,,,1,2,3,1.0,3
201200015456,0012-06-08 07:10:00,12,6,8,7,10,130,55,"165, CRS LIEUTAUD",,,Plein jour,En agglomération,Hors intersection,Normale,Deux véhicules - arrière,,,,,,,,,,,1,2,1,1.0,2
201200015457,0012-06-13 20:20:00,12,6,13,20,20,130,55,"23, ALL LEON GAMBETTA",,,Plein jour,En agglomération,Hors intersection,Normale,Deux véhicules - côté,,,,,,,,,,,1,2,1,1.0,3
201200015458,0012-06-15 17:30:00,12,6,15,17,30,130,55,"8, BD VALETTE",,,Plein jour,En agglomération,Hors intersection,Normale,Autre collision,,,,,,,,,,,1,2,1,1.0,6
201200015459,0012-06-14 09:40:00,12,6,14,9,40,130,55,"98, RUE CHATEAU PAYAN",,,Plein jour,En agglomération,Intersection en T,Normale,Deux véhicules - frontale,,,,,,,,,,,1,2,3,1.0,1
201200015460,0012-06-14 19:30:00,12,6,14,19,30,130,55,"8, RUE DE ROUBAIX",,,Plein jour,En agglomération,Hors intersection,Normale,Sans collision,,,,,,,,,,,1,2,1,1.0,7
201200015461,0012-06-16 09:15:00,12,6,16,9,15,130,55,"100, AVE DE SAINT JEROME",,,Plein jour,En agglomération,Intersection en T,Normale,Deux véhicules - arrière,,,,,,,,,,,1,2,3,1.0,2
201200015462,0012-06-07 07:40:00,12,6,7,7,40,130,55,"44, RUE NEGRESKO",,,Plein jour,En agglomération,Hors intersection,Normale,Autre collision,,,,,,,,,,,1,2,1,1.0,6
201200015463,0012-06-13 00:05:00,12,6,13,0,5,130,55,"65, BD DE LA LIBERATION",,,Nuit avec éclairage allumé,En agglomération,Hors intersection,Normale,Deux véhicules - frontale,,,,,,,,,,,5,2,1,1.0,1
201200015464,0012-05-28 22:45:00,12,5,28,22,45,130,55,"86, RUE DE ROME",43.29189,5.38032,Nuit avec éclairage allumé,En agglomération,Intersection en X,Normale,Deux véhicules - côté,,,,,,,,,,,5,2,2,1.0,3
201200015465,0012-05-31 11:30:00,12,5,31,11,30,130,55,"353, COR PRESIDENT JOHN",,,Plein jour,En agglomération,Hors intersection,Normale,Deux véhicules - côté,,,,,,,,,,,1,2,1,1.0,3
201200015466,0012-06-02 13:30:00,12,6,2,13,30,130,55,CHE DE LA COMMANDERIE,,,Plein jour,En agglomération,Hors intersection,Normale,Autre collision,,,,,,,,,,,1,2,1,1.0,6
201200015467,0012-06-01 01:30:00,12,6,1,1,30,130,55,"136, RUE FRANCOIS MAURIA",,,Nuit avec éclairage allumé,En agglomération,Intersection en X,Normale,Deux véhicules - côté,,,,,,,,,,,5,2,2,1.0,3
201200015468,0012-06-21 20:40:00,12,6,21,20,40,130,55,"124, BD FRANCOISE DUPARC",,,Plein jour,En agglomération,Hors intersection,Normale,Trois véhicules et plus - collisions multiples,,,,,,,,,,,1,2,1,1.0,5
201200015469,0012-06-02 21:50:00,12,6,2,21,50,130,55,"43, BD GILLY",,,Nuit avec éclairage allumé,En agglomération,Hors intersection,Normale,Sans collision,,,,,,,,,,,5,2,1,1.0,7
201200015470,0012-06-23 11:00:00,12,6,23,11,0,130,55,"31, AVE RAIMU",,,Plein jour,En agglomération,Hors intersection,Normale,Autre collision,,,,,,,,,,,1,2,1,1.0,6
201200015471,0012-06-22 20:55:00,12,6,22,20,55,130,55,"55, RUE BERNEX",,,Crépuscule ou aube,En agglomération,Hors intersection,Normale,Autre collision,,,,,,,,,,,2,2,1,1.0,6
201200015472,0012-06-22 20:40:00,12,6,22,20,40,130,55,"59, RUE DU BON PASTEUR",,,Plein jour,En agglomération,Hors intersection,Normale,Autre collision,,,,,,,,,,,1,2,1,1.0,6
201200015473,0012-06-13 12:45:00,12,6,13,12,45,130,55,"38, AVE FLORIAN",,,Plein jour,En agglomération,Hors intersection,Normale,Deux véhicules - côté,,,,,,,,,,,1,2,1,1.0,3
201200015474,0012-06-02 12:30:00,12,6,2,12,30,130,55,"14, RPT DU LAPIN BLANC",,,Plein jour,En agglomération,Hors intersection,Normale,Deux véhicules - côté,,,,,,,,,,,1,2,1,1.0,3
201200015475,0012-06-19 09:45:00,12,6,19,9,45,130,55,"219, BD DE SAINT LOUP",,,Plein jour,En agglomération,Hors intersection,Normale,Deux véhicules - côté,,,,,,,,,,,1,2,1,1.0,3
201200015476,0012-06-18 12:30:00,12,6,18,12,30,130,55,"177, CHE DES JONQUILLES",,,Plein jour,En agglomération,Hors intersection,Normale,Deux véhicules - côté,,,,,,,,,,,1,2,1,1.0,3
201200015477,0012-06-04 08:40:00,12,6,4,8,40,130,55,RUE GASTON DE FLOTTE,,,Plein jour,En agglomération,Giratoire,Normale,Autre collision,,,,,,,,,,,1,2,6,1.0,6
201200015478,0012-06-12 07:00:00,12,6,12,7,0,130,55,"169, BD RABATAU DANIEL M",43.2809,5.39935,Plein jour,En agglomération,Hors intersection,Normale,Deux véhicules - arrière,,,,,,,,,,,1,2,1,1.0,2
201200015479,0012-06-05 17:45:00,12,6,5,17,45,130,55,TRA DU PRADEL,,,Plein jour,En agglomération,Passage à niveau,Normale,Deux véhicules - côté,,,,,,,,,,,1,2,8,1.0,3
201200015480,0012-06-09 09:00:00,12,6,9,9,0,130,55,"1, BD CHARLES MORETTI",,,Plein jour,En agglomération,Hors intersection,Normale,Autre collision,,,,,,,,,,,1,2,1,1.0,6
201200015481,0012-04-29 05:30:00,12,4,29,5,30,130,55,"1, RPT PERE WRESINKI",,,Nuit avec éclairage allumé,En agglomération,Giratoire,Pluie forte,Sans collision,,,,,,,,,,,5,2,6,3.0,7
201200015482,0012-05-31 17:15:00,12,5,31,17,15,130,55,"118, PRK PLAGE DE L'ESTA",43.361,5.31257,Plein jour,En agglomération,Hors intersection,Normale,Deux véhicules - arrière,,,,,,,,,,,1,2,1,1.0,2
201200015483,0012-06-17 09:30:00,12,6,17,9,30,130,55,VOL PASSERELLE PLOMBIERE,,,Plein jour,En agglomération,Hors intersection,Normale,Trois véhicules et plus - en chaîne,,,,,,,,,,,1,2,1,1.0,4
201200015484,0012-06-18 09:00:00,12,6,18,9,0,130,55,"40, RTE DES CAMOINS",43.2968,5.49317,Plein jour,En agglomération,Hors intersection,Normale,Deux véhicules - arrière,,,,,,,,,,,1,2,1,1.0,2
201200015485,0012-05-31 22:10:00,12,5,31,22,10,130,55,"59, AVE DE LA CAPELETTE",,,Nuit avec éclairage allumé,En agglomération,Hors intersection,Normale,Deux véhicules - arrière,,,,,,,,,,,5,2,1,1.0,2
201200015486,0012-06-14 15:10:00,12,6,14,15,10,130,55,"37, AVE DE LA POINTE ROU",,,Plein jour,En agglomération,Hors intersection,Normale,Deux véhicules - arrière,,,,,,,,,,,1,2,1,1.0,2
201200015487,0012-06-22 17:20:00,12,6,22,17,20,130,55,"196, BD DU REDON",43.2494,5.42265,Plein jour,En agglomération,Hors intersection,Normale,Trois véhicules et plus - en chaîne,,,,,,,,,,,1,2,1,1.0,4
201200015488,0012-06-16 10:50:00,12,6,16,10,50,130,55,"28, QAI DE RIVE NEUVE",,,Plein jour,En agglomération,Hors intersection,Normale,Autre collision,,,,,,,,,,,1,2,1,1.0,6
201200015489,0012-06-09 07:50:00,12,6,9,7,50,130,55,"64, BD SAKAKINI",,,Plein jour,En agglomération,Hors intersection,Normale,Deux véhicules - côté,,,,,,,,,,,1,2,1,1.0,3
201200015490,0012-06-22 07:55:00,12,6,22,7,55,130,55,"1, MTE D' EOURES",,,Plein jour,En agglomération,Hors intersection,Normale,Deux véhicules - arrière,,,,,,,,,,,1,2,1,1.0,2
201200015491,0012-05-11 16:30:00,12,5,11,16,30,130,55,"399, COR PRESIDENT JOHN",43.269,5.36803,Plein jour,En agglomération,Hors intersection,Normale,Deux véhicules - côté,,,,,,,,,,,1,2,1,1.0,3
201200015492,0012-05-23 13:30:00,12,5,23,13,30,130,55,"125, BD DE LA BLANCARDE",,,Plein jour,En agglomération,Hors intersection,Pluie légère,Autre collision,,,,,,,,,,,1,2,1,2.0,6
201200015493,0012-06-05 16:20:00,12,6,5,16,20,130,55,"0, BD DE LA LIBERATION G",,,Plein jour,En agglomération,Hors intersection,Normale,Autre collision,,,,,,,,,,,1,2,1,1.0,6
201200015494,0012-05-28 18:45:00,12,5,28,18,45,130,55,AVE ALEXANDRE FLEMING,,,Plein jour,En agglomération,Hors intersection,Normale,Sans collision,,,,,,,,,,,1,2,1,1.0,7
201200015495,0012-06-06 12:10:00,12,6,6,12,10,130,75,FREDERIC MISTRAL (AVE),43.3512,5.47225,Plein jour,En agglomération,Hors intersection,Normale,Autre collision,,,,,,,,,,,1,2,1,1.0,6
201200015496,0012-06-22 10:55:00,12,6,22,10,55,130,55,"20, AVE ROBERT SCHUMAN",,,Plein jour,En agglomération,Hors intersection,Normale,Deux véhicules - côté,,,,,,,,,,,1,2,1,1.0,3
201200015497,0012-06-22 18:50:00,12,6,22,18,50,130,55,"210, BD DE SAINT LOUP",,,Plein jour,En agglomération,Hors intersection,Normale,Deux véhicules - côté,,,,,,,,,,,1,2,1,1.0,3
201200015498,0012-06-07 17:40:00,12,6,7,17,40,130,55,RUE GASTON DE FLOTTE,,,Plein jour,En agglomération,Hors intersection,Normale,Deux véhicules - frontale,,,,,,,,,,,1,2,1,1.0,1
201200015499,0012-05-09 18:00:00,12,5,9,18,0,130,55,"0, RUE NATIONALE",,,Plein jour,En agglomération,Hors intersection,Normale,Deux véhicules - côté,,,,,,,,,,,1,2,1,1.0,3
201200015500,0012-06-14 12:45:00,12,6,14,12,45,130,55,"166, RUE DE ROME",,,Plein jour,En agglomération,Hors intersection,Normale,Deux véhicules - côté,,,,,,,,,,,1,2,1,1.0,3
201200015501,0012-06-16 03:15:00,12,6,16,3,15,130,55,"107, BD SAKAKINI",43.2923,5.40122,Nuit avec éclairage allumé,En agglomération,Hors intersection,Normale,Autre collision,,,,,,,,,,,5,2,1,1.0,6
201200015502,0012-06-15 06:50:00,12,6,15,6,50,130,55,"13, PCE PIERRE BROSSOLET",,,Plein jour,En agglomération,Intersection en X,Normale,Deux véhicules - arrière,,,,,,,,,,,1,2,2,1.0,2
201200015503,0012-05-11 14:15:00,12,5,11,14,15,130,55,"34, BD LONGCHAMP",,,Plein jour,En agglomération,Hors intersection,Normale,Deux véhicules - côté,,,,,,,,,,,1,2,1,1.0,3
201200015504,0012-06-20 15:00:00,12,6,20,15,0,130,55,"41, RUE AUGUSTE BLANQUI",,,Plein jour,En agglomération,Hors intersection,Normale,Deux véhicules - côté,,,,,,,,,,,1,2,1,1.0,3
201200015505,0012-06-17 22:45:00,12,6,17,22,45,130,55,"31, RUE PIERRE ROCHE",,,Nuit avec éclairage allumé,En agglomération,Intersection en X,Normale,Deux véhicules - côté,,,,,,,,,,,5,2,2,1.0,3
201200015506,0012-06-17 18:30:00,12,6,17,18,30,130,55,"12, RUE BENEDIT",,,Plein jour,En agglomération,Hors intersection,Normale,Sans collision,,,,,,,,,,,1,2,1,1.0,7
201200015507,0012-05-12 00:15:00,12,5,12,0,15,130,55,"00, RUE DE ROME",,,Nuit avec éclairage allumé,En agglomération,Hors intersection,Normale,Autre collision,,,,,,,,,,,5,2,1,1.0,6
201200015508,0012-06-20 22:30:00,12,6,20,22,30,130,55,"108, VOL CHE DU LITTORAL",,,Nuit avec éclairage allumé,En agglomération,Hors intersection,Normale,Deux véhicules - côté,,,,,,,,,,,5,2,1,1.0,3
201200015509,0012-05-29 13:50:00,12,5,29,13,50,130,55,"23, BD LAVERAN",,,Plein jour,En agglomération,Hors intersection,Normale,Deux véhicules - côté,,,,,,,,,,,1,2,1,1.0,3
201200015510,0012-05-29 20:00:00,12,5,29,20,0,130,55,"62, BD DES DAMES",,,Plein jour,En agglomération,Intersection en T,Normale,Deux véhicules - frontale,,,,,,,,,,,1,2,3,1.0,1
201200015511,0012-06-24 14:30:00,12,6,24,14,30,130,55,"256, BD NATIONAL",,,Plein jour,En agglomération,Intersection en T,Normale,Autre collision,,,,,,,,,,,1,2,3,1.0,6
201200015512,0012-03-02 16:50:00,12,3,2,16,50,130,55,"49, BD DE PARIS",,,Plein jour,En agglomération,Hors intersection,Normale,Deux véhicules - arrière,,,,,,,,,,,1,2,1,1.0,2
201200015513,0012-05-24 22:15:00,12,5,24,22,15,130,55,"207, BD DE PLOMBIERES",43.3186,5.36782,Nuit avec éclairage allumé,En agglomération,Intersection en T,Normale,Deux véhicules - côté,,,,,,,,,,,5,2,3,1.0,3
201200015514,0012-02-15 16:20:00,12,2,15,16,20,130,55,CHE DE RAGUSE,,,Plein jour,En agglomération,Intersection en X,Normale,Deux véhicules - côté,,,,,,,,,,,1,2,2,1.0,3
201200015515,0012-05-25 10:50:00,12,5,25,10,50,130,55,"106, AVE DE LA ROSE",,,Plein jour,En agglomération,Hors intersection,Normale,Autre collision,,,,,,,,,,,1,2,1,1.0,6
201200015516,0012-06-29 10:00:00,12,6,29,10,0,130,55,"15, BD DE BRIANCON",,,Plein jour,En agglomération,Hors intersection,Normale,Deux véhicules - côté,,,,,,,,,,,1,2,1,1.0,3
201200015517,0012-06-03 12:45:00,12,6,3,12,45,130,55,"119, BD JEANNE D' ARC",,,Plein jour,En agglomération,Intersection en X,Normale,Deux véhicules - côté,,,,,,,,,,,1,2,2,1.0,3
201200015518,0012-06-19 15:40:00,12,6,19,15,40,130,55,"2BIS, RUE DELILLE",,,Plein jour,En agglomération,Hors intersection,Normale,Autre collision,,,,,,,,,,,1,2,1,1.0,6
201200015519,0012-06-29 21:40:00,12,6,29,21,40,130,55,BD DES BASSINS DE RADOUB,,,Nuit avec éclairage allumé,En agglomération,Hors intersection,Normale,Sans collision,,,,,,,,,,,5,2,1,1.0,7
201200015520,0012-06-20 10:20:00,12,6,20,10,20,130,55,"66, BD DE SAINT MARCEL",,,Plein jour,En agglomération,Hors intersection,Temps couvert,Trois véhicules et plus - en chaîne,,,,,,,,,,,1,2,1,8.0,4
201200015521,0012-06-13 19:10:00,12,6,13,19,10,130,55,"59, AVE DE LA CAPELETTE",,,Plein jour,En agglomération,Hors intersection,Normale,Deux véhicules - côté,,,,,,,,,,,1,2,1,1.0,3
201200015522,0012-06-16 15:00:00,12,6,16,15,0,130,55,"280, AVE DU PRADO",,,Plein jour,En agglomération,Hors intersection,Normale,Sans collision,,,,,,,,,,,1,2,1,1.0,7
201200015523,0012-06-22 05:05:00,12,6,22,5,5,130,55,"53, BD DE PLOMBIERES",43.3158,5.38521,Nuit sans éclairage public,En agglomération,Hors intersection,Normale,Autre collision,,,,,,,,,,,3,2,1,1.0,6
201200015524,0012-06-20 15:15:00,12,6,20,15,15,130,55,"162, RUE FELIX PYAT",,,Plein jour,En agglomération,Intersection en T,Normale,Autre collision,,,,,,,,,,,1,2,3,1.0,6
201200015525,0012-06-14 15:00:00,12,6,14,15,0,130,55,"1, AVE PROSPER MERIMEE",,,Plein jour,En agglomération,Hors intersection,Normale,Autre collision,,,,,,,,,,,1,2,1,1.0,6