accident_id,datetime,annee,mois,jour,heure,minute,departement,commune_insee,adresse,latitude,longitude,luminosite,agglomeration,intersection,meteo,collision,nb_vehicules,nb_usagers,nb_indemnes,nb_tues,nb_blesses_hosp,nb_blesses_legers,age_cond_1,age_cond_2,veh_type_cond_1,veh_type_cond_2,lum_code,agg_code,int_code,atm_code,col_code
201200015655,0012-07-19 15:00:00,12,7,19,15,0,130,55,"322, AVE DE SAINT ANTOIN",,,Plein jour,En agglomération,Hors intersection,Normale,Trois véhicules et plus - collisions multiples,,,,,,,,,,,1,2,1,1.0,5
201200015656,0012-07-14 09:50:00,12,7,14,9,50,130,55,"18, AVE FOURNACLE",,,Plein jour,En agglomération,Hors intersection,Normale,Deux véhicules - côté,,,,,,,,,,,1,2,1,1.0,3
201200015657,0012-06-21 08:05:00,12,6,21,8,5,130,55,"79, RUE DE LODI",,,Crépuscule ou aube,En agglomération,Hors intersection,Normale,Deux véhicules - côté,,,,,,,,,,,2,2,1,1.0,3
201200015658,0012-07-18 18:30:00,12,7,18,18,30,130,55,"68, RUE DU DOCTEUR JEAN",,,Plein jour,En agglomération,Hors intersection,Normale,Autre collision,,,,,,,,,,,1,2,1,1.0,6
201200015659,0012-07-04 15:35:00,12,7,4,15,35,130,55,"18, AVE DES CHUTES LAVIE",,,Plein jour,En agglomération,Hors intersection,Normale,Deux véhicules - côté,,,,,,,,,,,1,2,1,1.0,3
201200015660,0012-07-16 03:55:00,12,7,16,3,55,130,55,"62, CRS LIEUTAUD",,,Nuit avec éclairage allumé,En agglomération,Hors intersection,Normale,Deux véhicules - arrière,,,,,,,,,,,5,2,1,1.0,2
201200015661,0012-06-26 08:30:00,12,6,26,8,30,130,55,"1, AVE RAIMU",,,Plein jour,En agglomération,Intersection en T,Normale,Deux véhicules - côté,,,,,,,,,,,1,2,3,1.0,3
201200015662,0012-07-25 12:40:00,12,7,25,12,40,130,55,"60, BD JEAN MOULIN",,,Plein jour,En agglomération,Hors intersection,Normale,Sans collision,,,,,,,,,,,1,2,1,1.0,7
201200015663,0012-06-28 12:30:00,12,6,28,12,30,130,55,"44, PCE JEAN JAURES",,,Plein jour,En agglomération,Hors intersection,Normale,Deux véhicules - arrière,,,,,,,,,,,1,2,1,1.0,2
201200015664,0012-07-01 14:40:00,12,7,1,14,40,130,55,AVE ALEXANDRE FLEMING,,,Plein jour,En agglomération,Hors intersection,Normale,Sans collision,,,,,,,,,,,1,2,1,1.0,7
201200015665,0012-05-31 21:30:00,12,5,31,21,30,130,55,"0, RUE D' ITALIE",,,Nuit avec éclairage allumé,En agglomération,Intersection en X,Normale,Deux véhicules - côté,,,,,,,,,,,5,2,2,1.0,3
201200015666,0012-07-19 19:00:00,12,7,19,19,0,130,55,"132, RUE DE ROME",,,Plein jour,En agglomération,Hors intersection,Normale,Autre collision,,,,,,,,,,,1,2,1,1.0,6
201200015667,0012-07-17 17:30:00,12,7,17,17,30,130,55,"8, RUE DU DOCTEUR ESCAT",,,Plein jour,En agglomération,Hors intersection,Normale,Sans collision,,,,,,,,,,,1,2,1,1.0,7
201200015668,0012-07-07 09:30:00,12,7,7,9,30,130,55,RUE MARCEL SEMBAT,,,Plein jour,En agglomération,Intersection en X,Normale,Deux véhicules - côté,,,,,,,,,,,1,2,2,1.0,3
201200015669,0012-06-11 17:40:00,12,6,11,17,40,130,2,"355, G?N?RAL DE GAULLE (",43.3395,5.48429,Plein jour,En agglomération,Hors intersection,Normale,Deux véhicules - arrière,,,,,,,,,,,1,2,1,1.0,2
201200015670,0012-06-27 08:10:00,12,6,27,8,10,130,55,"34, BD NOTRE DAME",,,Plein jour,En agglomération,Intersection en X,Normale,Autre collision,,,,,,,,,,,1,2,2,1.0,6
201200015671,0012-07-21 14:30:00,12,7,21,14,30,130,55,"1, BD CHARLES LIVON",,,Plein jour,En agglomération,Hors intersection,Normale,Deux véhicules - arrière,,,,,,,,,,,1,2,1,1.0,2
201200015672,0012-06-20 12:30:00,12,6,20,12,30,130,55,"04, PCE DE LA CORDERIE H",,,Plein jour,En agglomération,Hors intersection,Normale,Deux véhicules - côté,,,,,,,,,,,1,2,1,1.0,3
201200015673,0012-07-12 18:30:00,12,7,12,18,30,130,55,"10, PRK PLAGE DE L'ESTAQ",43.3597,5.31636,Plein jour,En agglomération,Hors intersection,Normale,Deux véhicules - côté,,,,,,,,,,,1,2,1,1.0,3
201200015674,0012-06-10 18:40:00,12,6,10,18,40,130,55,"218, CHE DE SAINTE MARTH",43.3308,5.38869,Plein jour,En agglomération,Hors intersection,Normale,Deux véhicules - arrière,,,,,,,,,,,1,2,1,1.0,2
201200015675,0012-07-23 09:00:00,12,7,23,9,0,130,55,"19, AVE DE GARLABAN",,,Plein jour,En agglomération,Hors intersection,Normale,Deux véhicules - arrière,,,,,,,,,,,1,2,1,1.0,2
201200015676,0012-07-23 13:20:00,12,7,23,13,20,130,55,"147, BD RABATAU",43.282,5.39959,Plein jour,En agglomération,Hors intersection,Normale,Trois véhicules et plus - en chaîne,,,,,,,,,,,1,2,1,1.0,4
201200015677,0012-06-29 17:00:00,12,6,29,17,0,130,55,"00, QAI DE RIVE NEUVE",,,Plein jour,En agglomération,Hors intersection,Normale,Autre collision,,,,,,,,,,,1,2,1,1.0,6
201200015678,0012-06-29 16:00:00,12,6,29,16,0,130,55,"43, RUE DU DOCTEUR FREDE",,,Plein jour,En agglomération,Hors intersection,Normale,Autre collision,,,,,,,,,,,1,2,1,1.0,6
201200015679,0012-06-13 08:30:00,12,6,13,8,30,130,55,CHE DES GOUDES,,,Plein jour,En agglomération,Hors intersection,Normale,Sans collision,,,,,,,,,,,1,2,1,1.0,7
201200015680,0012-06-22 00:10:00,12,6,22,0,10,130,55,AVE PIERRE MENDES FRANCE,,,Nuit avec éclairage allumé,En agglomération,Hors intersection,Normale,Deux véhicules - arrière,,,,,,,,,,,5,2,1,1.0,2
201200015681,0012-06-20 03:50:00,12,6,20,3,50,130,55,"77 BIS, VOI LA CANEBIERE",,,Nuit avec éclairage allumé,En agglomération,Hors intersection,Normale,Autre collision,,,,,,,,,,,5,2,1,1.0,6
201200015682,0012-06-01 14:05:00,12,6,1,14,5,130,55,"117, AVE DE LA MADRAGUE",,,Plein jour,En agglomération,Hors intersection,Normale,Autre collision,,,,,,,,,,,1,2,1,1.0,6
201200015683,0012-07-18 21:45:00,12,7,18,21,45,130,55,RUE PARADIS,,,Nuit avec éclairage allumé,En agglomération,Hors intersection,Normale,Deux véhicules - arrière,,,,,,,,,,,5,2,1,1.0,2
201200015684,0012-05-27 12:15:00,12,5,27,12,15,130,55,"1, AVE DE LA POINTE ROUG",,,Plein jour,En agglomération,Intersection en T,Normale,Deux véhicules - côté,,,,,,,,,,,1,2,3,1.0,3
201200015685,0012-07-09 12:00:00,12,7,9,12,0,130,55,"20, AVE DE LA POINTE ROU",,,Plein jour,En agglomération,Hors intersection,Normale,Deux véhicules - côté,,,,,,,,,,,1,2,1,1.0,3
201200015686,0012-06-29 02:40:00,12,6,29,2,40,130,55,"30, BD RABATAU",,,Nuit avec éclairage allumé,En agglomération,Hors intersection,Normale,Sans collision,,,,,,,,,,,5,2,1,1.0,7
201200015687,0012-07-02 12:30:00,12,7,2,12,30,130,55,"320, RPT DU PRADO",,,Plein jour,En agglomération,Giratoire,Temps couvert,Deux véhicules - côté,,,,,,,,,,,1,2,6,8.0,3
201200015688,0012-04-22 00:45:00,12,4,22,0,45,130,55,AVE DE LA MADRAGUE DE MO,,,Nuit avec éclairage allumé,En agglomération,Hors intersection,Pluie forte,Deux véhicules - arrière,,,,,,,,,,,5,2,1,3.0,2
201200015689,0012-07-11 10:30:00,12,7,11,10,30,130,55,"39, CHE DES AMARYLLIS",,,Plein jour,En agglomération,Hors intersection,Normale,Autre collision,,,,,,,,,,,1,2,1,1.0,6
201200015690,0012-07-09 11:00:00,12,7,9,11,0,130,55,RTE DES CAMOINS,43.297,5.4946,Plein jour,En agglomération,Hors intersection,Normale,Trois véhicules et plus - collisions multiples,,,,,,,,,,,1,2,1,1.0,5
201200015691,0012-06-08 08:40:00,12,6,8,8,40,130,55,"730, AVE DE MAZARGUES",,,Plein jour,En agglomération,Hors intersection,Normale,Deux véhicules - côté,,,,,,,,,,,1,2,1,1.0,3
201200015692,0012-07-23 13:55:00,12,7,23,13,55,130,55,"106, BD PERIER",,,Plein jour,En agglomération,Hors intersection,Normale,Autre collision,,,,,,,,,,,1,2,1,1.0,6
201200015693,0012-07-19 12:50:00,12,7,19,12,50,130,55,"255, AVE DU PRADO",,,Plein jour,En agglomération,Hors intersection,Normale,Trois véhicules et plus - en chaîne,,,,,,,,,,,1,2,1,1.0,4
201200015694,0012-07-23 16:15:00,12,7,23,16,15,130,55,QUATRE SAISONS (ROUTE DE,43.316,5.49688,Plein jour,En agglomération,Hors intersection,Normale,Trois véhicules et plus - en chaîne,,,,,,,,,,,1,2,1,1.0,4
201200015695,0012-07-24 13:50:00,12,7,24,13,50,130,55,"140, CHE DE LA COLLINE S",,,Plein jour,En agglomération,Hors intersection,Normale,Deux véhicules - côté,,,,,,,,,,,1,2,1,1.0,3
201200015696,0012-06-26 10:15:00,12,6,26,10,15,130,55,"24, BD DE VAUQUOIS",,,Plein jour,En agglomération,Hors intersection,Normale,Autre collision,,,,,,,,,,,1,2,1,1.0,6
201200015697,0012-07-19 07:00:00,12,7,19,7,0,130,55,"84, AVE DE SAINT JULIEN",,,Plein jour,En agglomération,Intersection en X,Normale,Autre collision,,,,,,,,,,,1,2,2,1.0,6
201200015698,0012-07-29 15:15:00,12,7,29,15,15,130,55,RUE TERRUSSE,,,Plein jour,En agglomération,Intersection en T,Normale,Autre collision,,,,,,,,,,,1,2,3,1.0,6
201200015699,0012-07-29 16:11:00,12,7,29,16,11,130,2,ETIENNE CUCCA-CD908 (AVE,43.3674,5.50174,Plein jour,En agglomération,Hors intersection,Normale,Sans collision,,,,,,,,,,,1,2,1,1.0,7
201200015700,0012-07-29 15:10:00,12,7,29,15,10,130,55,"102, RUE CHARLES KADDOUZ",,,Plein jour,En agglomération,Hors intersection,Normale,Autre collision,,,,,,,,,,,1,2,1,1.0,6
201200015701,0012-07-30 18:55:00,12,7,30,18,55,130,55,"303, AVE DE MONTOLIVET",,,Plein jour,En agglomération,Hors intersection,Normale,Deux véhicules - frontale,,,,,,,,,,,1,2,1,1.0,1
201200015702,0012-07-30 19:50:00,12,7,30,19,50,130,55,"09, AVE RAIMU",,,Plein jour,En agglomération,Intersection en T,Normale,Autre collision,,,,,,,,,,,1,2,3,1.0,6
201200015703,0012-08-01 12:00:00,12,8,1,12,0,130,55,"250, BD MIREILLE LAUZE",,,Plein jour,En agglomération,Hors intersection,Normale,Deux véhicules - frontale,,,,,,,,,,,1,2,1,1.0,1
201200015704,0012-07-26 13:20:00,12,7,26,13,20,130,55,RUE JUNOT,,,Plein jour,En agglomération,Hors intersection,Autre,Autre collision,,,,,,,,,,,1,2,1,9.0,6
201200015705,0012-05-10 12:50:00,12,5,10,12,50,130,55,RUE CAZEMAJOU,,,Plein jour,En agglomération,Hors intersection,Normale,Deux véhicules - arrière,,,,,,,,,,,1,2,1,1.0,2
201200015706,0012-07-23 19:00:00,12,7,23,19,0,130,55,"102, VOI LA CANEBIERE",,,Plein jour,En agglomération,Hors intersection,Normale,Sans collision,,,,,,,,,,,1,2,1,1.0,7
201200015707,0012-07-14 18:30:00,12,7,14,18,30,130,55,"381, CHE DE LA MADRAGUE",,,Plein jour,En agglomération,Hors intersection,Normale,Deux véhicules - frontale,,,,,,,,,,,1,2,1,1.0,1
201200015708,0012-07-23 18:00:00,12,7,23,18,0,130,2,"617, CANTON VERT (AVENUE",43.3414,5.47199,Plein jour,En agglomération,Hors intersection,Normale,Trois véhicules et plus - en chaîne,,,,,,,,,,,1,2,1,1.0,4
201200015709,0012-02-23 08:30:00,12,2,23,8,30,130,55,"59, BD JOURDAN",,,Plein jour,Hors agglomération,Hors intersection,Normale,Autre collision,,,,,,,,,,,1,1,1,1.0,6
201200015710,0012-07-17 19:00:00,12,7,17,19,0,130,55,"0, BD MAURICE BOURDET",,,Plein jour,En agglomération,Intersection en X,Normale,Deux véhicules - frontale,,,,,,,,,,,1,2,2,1.0,1
201200015711,0012-07-10 13:45:00,12,7,10,13,45,130,55,RUE BENEDIT,,,Plein jour,En agglomération,Hors intersection,Normale,Sans collision,,,,,,,,,,,1,2,1,1.0,7
201200015712,0012-06-28 09:15:00,12,6,28,9,15,130,55,"10, RUE DE LA REPUBLIQUE",,,Plein jour,En agglomération,Hors intersection,Normale,Deux véhicules - côté,,,,,,,,,,,1,2,1,1.0,3
201200015713,0012-07-16 05:40:00,12,7,16,5,40,130,55,"0, AVE DU MARECHAL FOCH",,,Nuit avec éclairage allumé,En agglomération,Intersection en X,Normale,Deux véhicules - côté,,,,,,,,,,,5,2,2,1.0,3
201200015714,0012-07-19 11:10:00,12,7,19,11,10,130,55,"02, BD CAMILLE FLAMMARIO",,,Plein jour,En agglomération,Hors intersection,Normale,Deux véhicules - arrière,,,,,,,,,,,1,2,1,1.0,2
201200015715,0012-02-03 20:39:00,12,2,3,20,39,130,55,PCE PAUL RICARD,,,Nuit avec éclairage allumé,En agglomération,Hors intersection,Normale,Sans collision,,,,,,,,,,,5,2,1,1.0,7
201200015716,0012-07-03 10:50:00,12,7,3,10,50,130,55,"77, CRS PIERRE PUGET",,,Plein jour,En agglomération,Hors intersection,Normale,Autre collision,,,,,,,,,,,1,2,1,1.0,6
201200015717,0012-07-24 16:00:00,12,7,24,16,0,130,55,"29, RUE D AUBAGNE",,,Plein jour,En agglomération,Hors intersection,Normale,Autre collision,,,,,,,,,,,1,2,1,1.0,6
201200015718,0012-07-04 13:30:00,12,7,4,13,30,130,55,"87, VOI LA CANEBIERE",,,Plein jour,En agglomération,Hors intersection,Normale,Autre collision,,,,,,,,,,,1,2,1,1.0,6
201200015719,0012-05-12 17:00:00,12,5,12,17,0,130,55,"161, BD ROGER CHIEUSSE",,,Plein jour,En agglomération,Hors intersection,Normale,Autre collision,,,,,,,,,,,1,2,1,1.0,6
201200015720,0012-07-03 19:05:00,12,7,3,19,5,130,55,CHE DU MERLAN A LA ROSE,,,Plein jour,En agglomération,Hors intersection,Temps éblouissant,Autre collision,,,,,,,,,,,1,2,1,7.0,6
201200015721,0012-07-26 11:00:00,12,7,26,11,0,130,55,"2, TRA DU CINEMA",,,Plein jour,En agglomération,Hors intersection,Normale,Autre collision,,,,,,,,,,,1,2,1,1.0,6
201200015722,0012-07-20 17:20:00,12,7,20,17,20,130,55,"1, RUE LAFAYETTE",,,Plein jour,En agglomération,Intersection en X,Normale,Deux véhicules - côté,,,,,,,,,,,1,2,2,1.0,3
201200015723,0012-05-29 17:40:00,12,5,29,17,40,130,55,"227, BD DE SAINT LOUP",,,Plein jour,En agglomération,Hors intersection,Normale,Deux véhicules - frontale,,,,,,,,,,,1,2,1,1.0,1
201200015724,0012-07-20 12:30:00,12,7,20,12,30,130,55,"1, BD JEAN MOULIN",,,Plein jour,En agglomération,Hors intersection,Normale,Sans collision,,,,,,,,,,,1,2,1,1.0,7
201200015725,0012-07-20 12:30:00,12,7,20,12,30,130,55,1 BD JEAN MOULIN,,,Plein jour,En agglomération,Hors intersection,Normale,Autre collision,,,,,,,,,,,1,2,1,1.0,6
201200015726,0012-07-22 16:15:00,12,7,22,16,15,130,55,"18 TER, RUE COLBERT",,,Plein jour,En agglomération,Hors intersection,Normale,Deux véhicules - côté,,,,,,,,,,,1,2,1,1.0,3
201200015727,0012-06-20 19:00:00,12,6,20,19,0,130,55,"480, RUE PARADIS",,,Nuit avec éclairage allumé,En agglomération,Hors intersection,Normale,Deux véhicules - côté,,,,,,,,,,,5,2,1,1.0,3
201200015728,0012-07-28 15:30:00,12,7,28,15,30,130,55,"3, BD GUIGOU",,,Plein jour,En agglomération,Hors intersection,Normale,Deux véhicules - arrière,,,,,,,,,,,1,2,1,1.0,2
201200015729,0012-07-11 18:00:00,12,7,11,18,0,130,55,"58, RUE RUISSEAU MIRABEA",,,Plein jour,En agglomération,Hors intersection,Normale,Autre collision,,,,,,,,,,,1,2,1,1.0,6
201200015730,0012-07-13 09:45:00,12,7,13,9,45,130,55,"17, AVE DE SAINT LOUIS",,,Plein jour,En agglomération,Hors intersection,Normale,Autre collision,,,,,,,,,,,1,2,1,1.0,6
201200015731,0012-07-25 11:30:00,12,7,25,11,30,130,55,VSN ANCIEN CHEMIN DU LIT,,,Plein jour,En agglomération,Hors intersection,Normale,Autre collision,,,,,,,,,,,1,2,1,1.0,6
201200015732,0012-07-13 11:30:00,12,7,13,11,30,130,55,BD DU CAPITAINE GEZE,,,Plein jour,En agglomération,Hors intersection,Normale,Deux véhicules - arrière,,,,,,,,,,,1,2,1,1.0,2
201200015733,0012-07-25 10:50:00,12,7,25,10,50,130,55,"119, COR PRESIDENT JOHN",,,Plein jour,En agglomération,Hors intersection,Normale,Deux véhicules - arrière,,,,,,,,,,,1,2,1,1.0,2
201200015734,0012-05-28 04:25:00,12,5,28,4,25,130,55,"178, BD FRANCOISE DUPARC",,,Nuit avec éclairage allumé,En agglomération,Intersection en X,Normale,Deux véhicules - arrière,,,,,,,,,,,5,2,2,1.0,2
201200015735,0012-04-02 17:00:00,12,4,2,17,0,130,55,"84, BD DES DAMES",,,Plein jour,En agglomération,Hors intersection,Normale,Deux véhicules - côté,,,,,,,,,,,1,2,1,1.0,3
201200015736,0012-07-25 10:00:00,12,7,25,10,0,130,55,"53, AVE ESCADRILLE NORMA",,,Plein jour,En agglomération,Hors intersection,Normale,Autre collision,,,,,,,,,,,1,2,1,1.0,6
201200015737,0012-07-30 17:15:00,12,7,30,17,15,130,55,RUE DE FORBIN,,,Plein jour,En agglomération,Hors intersection,Normale,Autre collision,,,,,,,,,,,1,2,1,1.0,6
201200015738,0012-06-14 08:00:00,12,6,14,8,0,130,55,"250, AVE DE CHATEAU GOMB",,,Plein jour,En agglomération,Hors intersection,Normale,Autre collision,,,,,,,,,,,1,2,1,1.0,6
201200015739,0012-08-03 15:30:00,12,8,3,15,30,130,55,BD MAURICE BOURDET,,,Plein jour,En agglomération,Hors intersection,Normale,Deux véhicules - frontale,,,,,,,,,,,1,2,1,1.0,1
201200015740,0012-07-28 15:30:00,12,7,28,15,30,130,55,"01, TRA DU PRADEL",,,Plein jour,En agglomération,Intersection en Y,Normale,Deux véhicules - côté,,,,,,,,,,,1,2,4,1.0,3
201200015741,0012-07-23 19:00:00,12,7,23,19,0,130,55,"53, AVE COROT",,,Plein jour,En agglomération,Hors intersection,Normale,Autre collision,,,,,,,,,,,1,2,1,1.0,6
201200015742,0012-07-17 18:00:00,12,7,17,18,0,130,55,"139, AVE DES OLIVES",43.3263,5.43861,Plein jour,En agglomération,Hors intersection,Normale,Deux véhicules - côté,,,,,,,,,,,1,2,1,1.0,3
201200015743,0012-08-06 01:00:00,12,8,6,1,0,130,55,"435, RUE JEAN QUEILLAU",,,Nuit avec éclairage allumé,En agglomération,Hors intersection,Normale,Deux véhicules - arrière,,,,,,,,,,,5,2,1,1.0,2
201200015744,0012-07-30 14:45:00,12,7,30,14,45,130,55,BD LAVERAN,,,Plein jour,En agglomération,Hors intersection,Normale,Deux véhicules - arrière,,,,,,,,,,,1,2,1,1.0,2
201200015745,0012-07-25 17:00:00,12,7,25,17,0,130,55,"84, RUE DE ROME",,,Plein jour,En agglomération,Intersection en X,Normale,Deux véhicules - côté,,,,,,,,,,,1,2,2,1.0,3
201200015746,0012-08-04 15:50:00,12,8,4,15,50,130,55,"12, CRS LIEUTAU*",,,Plein jour,En agglomération,Hors intersection,Normale,Autre collision,,,,,,,,,,,1,2,1,1.0,6
201200015747,0012-07-31 18:45:00,12,7,31,18,45,130,55,BD ANATOLE DE LA FORGE,,,Plein jour,En agglomération,Intersection en T,Normale,Deux véhicules - côté,,,,,,,,,,,1,2,3,1.0,3
201200015748,0012-08-04 19:00:00,12,8,4,19,0,130,55,"194, AVE DE LA MADRAGUE",,,Plein jour,En agglomération,Hors intersection,Normale,Deux véhicules - frontale,,,,,,,,,,,1,2,1,1.0,1
201200015749,0012-07-28 09:00:00,12,7,28,9,0,130,55,"0, AVE D HAITI",,,Plein jour,En agglomération,Intersection en X,Normale,Deux véhicules - frontale,,,,,,,,,,,1,2,2,1.0,1
201200015750,0012-08-06 22:30:00,12,8,6,22,30,130,55,AVE JEAN PAUL SARTRE,,,Nuit sans éclairage public,En agglomération,Hors intersection,Normale,Autre collision,,,,,,,,,,,3,2,1,1.0,6
201200015751,0012-07-30 10:00:00,12,7,30,10,0,130,55,"83, AVE DE LATTRE DE TAS",,,Plein jour,En agglomération,Hors intersection,Normale,Deux véhicules - frontale,,,,,,,,,,,1,2,1,1.0,1
201200015752,0012-08-08 04:10:00,12,8,8,4,10,130,55,"453, CHE DE LA MADRAGUE",,,Nuit avec éclairage allumé,En agglomération,Hors intersection,Normale,Autre collision,,,,,,,,,,,5,2,1,1.0,6
201200015753,0012-06-04 11:45:00,12,6,4,11,45,130,2,"679, CANTON VERT (AVENUE",,,Plein jour,En agglomération,Hors intersection,Normale,Deux véhicules - arrière,,,,,,,,,,,1,2,1,1.0,2
201200015754,0012-07-02 15:05:00,12,7,2,15,5,130,55,"215, AVE DU PRADO",,,Plein jour,En agglomération,Hors intersection,Normale,Deux véhicules - côté,,,,,,,,,,,1,2,1,1.0,3
201200015755,0012-02-19 13:20:00,12,2,19,13,20,130,55,"11, PRO DU GRAND LARGE",,,Plein jour,En agglomération,Hors intersection,Normale,Deux véhicules - côté,,,,,,,,,,,1,2,1,1.0,3
201200015756,0012-07-11 19:45:00,12,7,11,19,45,130,75,"., TERMES (ALLEE DES)",,,Plein jour,Hors agglomération,Hors intersection,Normale,Deux véhicules - frontale,,,,,,,,,,,1,1,1,1.0,1
201200015757,0012-08-01 16:20:00,12,8,1,16,20,130,55,"25, AVE ALEXANDRE ANSALD",43.3353,5.39998,Plein jour,En agglomération,Hors intersection,Normale,Deux véhicules - côté,,,,,,,,,,,1,2,1,1.0,3
201200015758,0012-08-02 17:30:00,12,8,2,17,30,130,55,"74, BD DES DAMES",,,Plein jour,En agglomération,Hors intersection,Normale,Autre collision,,,,,,,,,,,1,2,1,1.0,6
201200015759,0012-08-01 14:00:00,12,8,1,14,0,130,55,"355, AVE DU PRADO",,,Plein jour,En agglomération,Hors intersection,Normale,Deux véhicules - côté,,,,,,,,,,,1,2,1,1.0,3
201200015760,0012-07-28 16:15:00,12,7,28,16,15,130,55,AVE D' ODESSA,,,Plein jour,En agglomération,Hors intersection,Normale,Deux véhicules - côté,,,,,,,,,,,1,2,1,1.0,3
201200015761,0012-07-30 00:01:00,12,7,30,0,1,130,55,"11, BD DE PONT DE VIVAUX",,,Nuit avec éclairage allumé,En agglomération,Hors intersection,Normale,Autre collision,,,,,,,,,,,5,2,1,1.0,6
201200015762,0012-07-15 00:50:00,12,7,15,0,50,130,55,"374, AVE DE MAZARGUES",,,Nuit avec éclairage allumé,En agglomération,Hors intersection,Normale,Deux véhicules - côté,,,,,,,,,,,5,2,1,1.0,3
201200015763,0012-07-17 19:15:00,12,7,17,19,15,130,55,"430, VSN MICHELET CONTRE",,,Plein jour,En agglomération,Intersection à plus de 4 branches,Normale,Deux véhicules - côté,,,,,,,,,,,1,2,5,1.0,3
201200015764,0012-07-17 15:25:00,12,7,17,15,25,130,55,"15, AVE DE LA POINTE ROU",,,Plein jour,En agglomération,Hors intersection,Normale,Trois véhicules et plus - en chaîne,,,,,,,,,,,1,2,1,1.0,4
201200015765,0012-07-17 07:50:00,12,7,17,7,50,130,55,"406, BD MICHELET",43.2539,5.40154,Plein jour,En agglomération,Hors intersection,Normale,Autre collision,,,,,,,,,,,1,2,1,1.0,6
201200015766,0012-08-02 07:30:00,12,8,2,7,30,130,55,"223, CHE DE SAINT ANTOIN",,,Plein jour,En agglomération,Hors intersection,Normale,Deux véhicules - côté,,,,,,,,,,,1,2,1,1.0,3
201200015767,0012-08-01 11:15:00,12,8,1,11,15,130,55,"0, BD DES DAMES",,,Plein jour,En agglomération,Hors intersection,Normale,Sans collision,,,,,,,,,,,1,2,1,1.0,7
201200015768,0012-06-21 16:50:00,12,6,21,16,50,130,55,CHE DE MIMET,,,Plein jour,En agglomération,Hors intersection,Normale,Autre collision,,,,,,,,,,,1,2,1,1.0,6
201200015769,0012-08-01 12:15:00,12,8,1,12,15,130,55,"229, RUE DE LYON",,,Plein jour,En agglomération,Hors intersection,Normale,Deux véhicules - arrière,,,,,,,,,,,1,2,1,1.0,2
201200015770,0012-03-16 20:00:00,12,3,16,20,0,130,55,TRA CAMPAGNE MARIE,,,Nuit avec éclairage allumé,En agglomération,Hors intersection,Normale,Deux véhicules - frontale,,,,,,,,,,,5,2,1,1.0,1
201200015771,0012-07-18 18:00:00,12,7,18,18,0,130,55,"37, RUE GUIBAL",,,Plein jour,En agglomération,Hors intersection,Normale,Deux véhicules - côté,,,,,,,,,,,1,2,1,1.0,3
201200015772,0012-08-06 22:00:00,12,8,6,22,0,130,2,"1, ETIENNE CUCCA-CD908 (",43.358,5.49113,Nuit sans éclairage public,Hors agglomération,Hors intersection,Normale,Autre collision,,,,,,,,,,,3,1,1,1.0,6
201200015773,0012-05-18 15:05:00,12,5,18,15,5,130,55,"2, AVE DU MARECHAL FOCH",,,Plein jour,En agglomération,Hors intersection,Normale,Sans collision,,,,,,,,,,,1,2,1,1.0,7
201200015774,0012-07-09 08:50:00,12,7,9,8,50,130,55,"4, ALL TURCAT MERY",,,Plein jour,En agglomération,Hors intersection,Normale,Autre collision,,,,,,,,,,,1,2,1,1.0,6
201200015775,0012-06-04 13:20:00,12,6,4,13,20,130,75,"48, PAUL SIRVENT (AVE)",,,Plein jour,En agglomération,Hors intersection,Normale,Deux véhicules - arrière,,,,,,,,,,,1,2,1,1.0,2
201200015776,0012-05-03 07:50:00,12,5,3,7,50,130,55,"82, AVE FREDERIC MISTRAL",,,Plein jour,En agglomération,Hors intersection,Normale,Deux véhicules - côté,,,,,,,,,,,1,2,1,1.0,3
201200015777,0012-08-08 14:55:00,12,8,8,14,55,130,55,"1, PIERRE CHEVALIER (RUE",,,Plein jour,En agglomération,Intersection à plus de 4 branches,Normale,Deux véhicules - côté,,,,,,,,,,,1,2,5,1.0,3
201200015778,0012-07-04 16:00:00,12,7,4,16,0,130,55,RPT PIERRE PARAF,43.3302,5.38805,Plein jour,En agglomération,Giratoire,Normale,Deux véhicules - côté,,,,,,,,,,,1,2,6,1.0,3
201200015779,0012-08-06 13:00:00,12,8,6,13,0,130,55,RUE BELLE DE MAI,,,Plein jour,En agglomération,Intersection en T,Normale,Deux véhicules - côté,,,,,,,,,,,1,2,3,1.0,3
201200015780,0012-07-07 12:50:00,12,7,7,12,50,130,55,"2, BD FERDINAND DE LESSE",43.3189,5.36878,Plein jour,En agglomération,Hors intersection,Normale,Deux véhicules - côté,,,,,,,,,,,1,2,1,1.0,3
201200015781,0012-08-08 16:45:00,12,8,8,16,45,130,55,"23, BD DE PLOMBIERES",43.3152,5.38699,Plein jour,En agglomération,Hors intersection,Normale,Autre collision,,,,,,,,,,,1,2,1,1.0,6
201200015782,0012-08-12 19:30:00,12,8,12,19,30,130,55,"186, CHE SAINT JEAN DU D",,,Plein jour,En agglomération,Hors intersection,Normale,Autre collision,,,,,,,,,,,1,2,1,1.0,6
201200015783,0012-08-10 14:30:00,12,8,10,14,30,130,55,"42, RUE FLORALIA",,,Plein jour,En agglomération,Intersection en X,Normale,Deux véhicules - frontale,,,,,,,,,,,1,2,2,1.0,1
201200015784,0012-08-11 09:20:00,12,8,11,9,20,130,55,"73/77, TRA DE LA MONTRE",,,Plein jour,En agglomération,Hors intersection,Normale,Autre collision,,,,,,,,,,,1,2,1,1.0,6
201200015785,0012-04-24 07:10:00,12,4,24,7,10,130,55,"21, CR DE SAINT MITRE A",,,Crépuscule ou aube,En agglomération,Hors intersection,Normale,Sans collision,,,,,,,,,,,2,2,1,1.0,7