accident_id,datetime,annee,mois,jour,heure,minute,departement,commune_insee,adresse,latitude,longitude,luminosite,agglomeration,intersection,meteo,collision,nb_vehicules,nb_usagers,nb_indemnes,nb_tues,nb_blesses_hosp,nb_blesses_legers,age_cond_1,age_cond_2,veh_type_cond_1,veh_type_cond_2,lum_code,agg_code,int_code,atm_code,col_code
201200016047,0012-08-24 01:30:00,12,8,24,1,30,130,55,RUE DE LA VIEILLE TOUR,,,Nuit avec éclairage allumé,En agglomération,Intersection en X,Normale,Autre collision,,,,,,,,,,,5,2,2,1.0,6
201200016048,0012-09-19 22:30:00,12,9,19,22,30,130,55,"00, RUE LE CHATELIER",,,Nuit avec éclairage allumé,En agglomération,Hors intersection,Normale,Autre collision,,,,,,,,,,,5,2,1,1.0,6
201200016049,0012-09-14 20:30:00,12,9,14,20,30,130,55,"00, POR DE LA CASTELLANE",,,Plein jour,En agglomération,Hors intersection,Normale,Autre collision,,,,,,,,,,,1,2,1,1.0,6
201200016050,0012-09-22 18:30:00,12,9,22,18,30,130,55,"26, RUE DU PETIT SAINT J",,,Plein jour,En agglomération,Hors intersection,Normale,Autre collision,,,,,,,,,,,1,2,1,1.0,6
201200016051,0012-09-22 07:15:00,12,9,22,7,15,130,55,CHE DE SAINT ANTOINE A S,,,Plein jour,En agglomération,Hors intersection,Normale,Deux véhicules - côté,,,,,,,,,,,1,2,1,1.0,3
201200016052,0012-09-12 09:30:00,12,9,12,9,30,130,55,"31, QAI DE RIVE NEUVE",,,Plein jour,En agglomération,Hors intersection,Normale,Sans collision,,,,,,,,,,,1,2,1,1.0,7
201200016053,0012-09-28 11:40:00,12,9,28,11,40,130,55,"180, AVE DE SAINT MENET",43.2878,5.50719,Plein jour,En agglomération,Hors intersection,Normale,Deux véhicules - frontale,,,,,,,,,,,1,2,1,1.0,1
201200016054,0012-09-29 15:15:00,12,9,29,15,15,130,55,AVE DE FRAIS VALLON,,,Plein jour,En agglomération,Hors intersection,Normale,Autre collision,,,,,,,,,,,1,2,1,1.0,6
201200016055,0012-09-17 14:15:00,12,9,17,14,15,130,2,"248, ENCO DE PONT (ROUTE",43.319,5.47307,Plein jour,En agglomération,Hors intersection,Normale,Sans collision,,,,,,,,,,,1,2,1,1.0,7
201200016056,0012-09-20 23:00:00,12,9,20,23,0,130,55,AVE JOSEPH VIDAL,,,Nuit avec éclairage allumé,En agglomération,Hors intersection,Normale,Autre collision,,,,,,,,,,,5,2,1,1.0,6
201200016057,0012-09-09 07:00:00,12,9,9,7,0,130,75,"106, FREDERIC MISTRAL (A",43.3513,5.47244,Plein jour,En agglomération,Hors intersection,Normale,Sans collision,,,,,,,,,,,1,2,1,1.0,7
201200016058,0012-06-13 10:30:00,12,6,13,10,30,130,55,"2, RUE LEON BANCAL",,,Plein jour,En agglomération,Autre intersection,Normale,Deux véhicules - côté,,,,,,,,,,,1,2,9,1.0,3
201200016059,0012-08-19 11:30:00,12,8,19,11,30,130,55,"0, BD DE LA BLANCARDE",,,Plein jour,En agglomération,Intersection en X,Normale,Deux véhicules - côté,,,,,,,,,,,1,2,2,1.0,3
201200016060,0012-09-07 17:15:00,12,9,7,17,15,130,55,"20, QAI DE RIVE NEUVE",,,Plein jour,En agglomération,Hors intersection,Normale,Deux véhicules - côté,,,,,,,,,,,1,2,1,1.0,3
201200016061,0012-09-20 00:20:00,12,9,20,0,20,130,55,"20, RUE BRETEUIL",,,Nuit avec éclairage allumé,En agglomération,Hors intersection,Normale,Deux véhicules - côté,,,,,,,,,,,5,2,1,1.0,3
201200016062,0012-08-09 19:35:00,12,8,9,19,35,130,55,"68, CHE DE LA COMMANDERI",,,Plein jour,En agglomération,Intersection en T,Normale,Deux véhicules - côté,,,,,,,,,,,1,2,3,1.0,3
201200016063,0012-09-18 11:15:00,12,9,18,11,15,130,55,"173, RUE DE LYON",,,Plein jour,En agglomération,Hors intersection,Normale,Autre collision,,,,,,,,,,,1,2,1,1.0,6
201200016064,0012-07-10 11:00:00,12,7,10,11,0,130,55,BD GUIGOU,,,Plein jour,En agglomération,Hors intersection,Normale,Deux véhicules - côté,,,,,,,,,,,1,2,1,1.0,3
201200016065,0012-09-23 00:10:00,12,9,23,0,10,130,2,QUATRE SAISONS (ROUTE DE,,,Nuit avec éclairage allumé,En agglomération,Intersection en T,Normale,Sans collision,,,,,,,,,,,5,2,3,1.0,7
201200016066,0012-08-08 00:30:00,12,8,8,0,30,130,55,RUE PAUL LANGEVIN,,,Nuit avec éclairage allumé,En agglomération,Autre intersection,Normale,Deux véhicules - arrière,,,,,,,,,,,5,2,9,1.0,2
201200016067,0012-09-14 15:15:00,12,9,14,15,15,130,55,"46, AVE FREDERIC MISTRAL",43.324,5.45254,Plein jour,En agglomération,Hors intersection,Normale,Deux véhicules - côté,,,,,,,,,,,1,2,1,1.0,3
201200016068,0012-09-19 09:10:00,12,9,19,9,10,130,55,"122, CHE DE LA COMMANDER",,,Plein jour,En agglomération,Hors intersection,Normale,Autre collision,,,,,,,,,,,1,2,1,1.0,6
201200016069,0012-09-17 08:00:00,12,9,17,8,0,130,55,"39, BD LAVERAN",,,Plein jour,En agglomération,Hors intersection,Normale,Deux véhicules - côté,,,,,,,,,,,1,2,1,1.0,3
201200016070,0012-08-27 18:25:00,12,8,27,18,25,130,55,PRK PLAGE DE L'ESTAQUE,,,Plein jour,En agglomération,Intersection en T,Normale,Deux véhicules - côté,,,,,,,,,,,1,2,3,1.0,3
201200016071,0012-09-15 15:15:00,12,9,15,15,15,130,55,"27, BD ANATOLE DE LA FOR",43.3379,5.39393,Plein jour,En agglomération,Hors intersection,Normale,Deux véhicules - côté,,,,,,,,,,,1,2,1,1.0,3
201200016072,0012-09-21 05:45:00,12,9,21,5,45,130,55,"1, CHE DE SAINT ANTOINE",,,Crépuscule ou aube,En agglomération,Intersection en T,Normale,Deux véhicules - côté,,,,,,,,,,,2,2,3,1.0,3
201200016073,0012-08-25 09:30:00,12,8,25,9,30,130,55,"8, RUE DE LA GRANDE ARME",,,Plein jour,En agglomération,Hors intersection,Normale,Deux véhicules - côté,,,,,,,,,,,1,2,1,1.0,3
201200016074,0012-09-26 14:15:00,12,9,26,14,15,130,55,"458, RUE DE LYON",,,Plein jour,En agglomération,Hors intersection,Normale,Deux véhicules - arrière,,,,,,,,,,,1,2,1,1.0,2
201200016075,0012-09-24 08:45:00,12,9,24,8,45,130,55,"76, RUE DE LODI",43.28914,5.38743,Plein jour,En agglomération,Intersection en T,Pluie légère,Autre collision,,,,,,,,,,,1,2,3,2.0,6
201200016076,0012-06-26 23:00:00,12,6,26,23,0,130,55,AVE DE FRAIS VALLON,,,Nuit avec éclairage non allumé,En agglomération,Hors intersection,Normale,Autre collision,,,,,,,,,,,4,2,1,1.0,6
201200016077,0012-10-03 08:45:00,12,10,3,8,45,130,55,"566, AVE DU PRADO",,,Plein jour,En agglomération,Hors intersection,Normale,Autre collision,,,,,,,,,,,1,2,1,1.0,6
201200016078,0012-10-04 08:15:00,12,10,4,8,15,130,55,AVE JEAN PAUL SARTRE,,,Plein jour,En agglomération,Hors intersection,Normale,Trois véhicules et plus - collisions multiples,,,,,,,,,,,1,2,1,1.0,5
201200016079,0012-09-09 11:45:00,12,9,9,11,45,130,55,"23, AVE DES CAILLOLS",,,Plein jour,En agglomération,Hors intersection,Normale,Deux véhicules - arrière,,,,,,,,,,,1,2,1,1.0,2
201200016080,0012-09-22 18:10:00,12,9,22,18,10,130,55,"00, RUE AMEDEE PALMIERI",,,Plein jour,En agglomération,Intersection en X,Normale,Deux véhicules - côté,,,,,,,,,,,1,2,2,1.0,3
201200016081,0012-10-03 07:15:00,12,10,3,7,15,130,55,"22, AVE DE VALDONNE",,,Plein jour,En agglomération,Intersection en T,Normale,Deux véhicules - frontale,,,,,,,,,,,1,2,3,1.0,1
201200016082,0012-09-21 09:15:00,12,9,21,9,15,130,55,"147, BD RABATAU",43.282,5.39959,Plein jour,En agglomération,Hors intersection,Normale,Deux véhicules - côté,,,,,,,,,,,1,2,1,1.0,3
201200016083,0012-08-13 14:05:00,12,8,13,14,5,130,55,"1, AVE COLGATE",,,Plein jour,En agglomération,Hors intersection,Normale,Deux véhicules - arrière,,,,,,,,,,,1,2,1,1.0,2
201200016084,0012-09-19 14:30:00,12,9,19,14,30,130,55,"523, AVE DE MAZARGUES",,,Plein jour,En agglomération,Hors intersection,Normale,Deux véhicules - arrière,,,,,,,,,,,1,2,1,1.0,2
201200016085,0012-09-16 05:20:00,12,9,16,5,20,130,55,"47, BD ERNEST GASQUY",,,Nuit avec éclairage allumé,En agglomération,Hors intersection,Normale,Autre collision,,,,,,,,,,,5,2,1,1.0,6
201200016086,0012-09-16 20:30:00,12,9,16,20,30,130,55,"00, CHE JEAN ROUBIN",,,Nuit avec éclairage allumé,En agglomération,Hors intersection,Normale,Autre collision,,,,,,,,,,,5,2,1,1.0,6
201200016087,0012-03-31 00:50:00,12,3,31,0,50,130,55,"55, BD JEAN MOULIN",,,Nuit avec éclairage allumé,En agglomération,Hors intersection,Normale,Deux véhicules - côté,,,,,,,,,,,5,2,1,1.0,3
201200016088,0012-09-22 12:35:00,12,9,22,12,35,130,55,RPT M.LAUZE/FLORIAN D.BI,,,Plein jour,En agglomération,Giratoire,Normale,Deux véhicules - côté,,,,,,,,,,,1,2,6,1.0,3
201200016089,0012-09-26 16:00:00,12,9,26,16,0,130,55,"174, BD DE SAINT LOUP",,,Plein jour,En agglomération,Hors intersection,Normale,Deux véhicules - frontale,,,,,,,,,,,1,2,1,1.0,1
201200016090,0012-08-14 20:45:00,12,8,14,20,45,130,55,CHE DE SAINT ANTOINE A S,,,Nuit avec éclairage allumé,En agglomération,Intersection en T,Normale,Deux véhicules - côté,,,,,,,,,,,5,2,3,1.0,3
201200016091,0012-09-02 15:30:00,12,9,2,15,30,130,55,"60, RUE HOCHE",,,Plein jour,En agglomération,Intersection à plus de 4 branches,Normale,Deux véhicules - côté,,,,,,,,,,,1,2,5,1.0,3
201200016092,0012-09-14 13:30:00,12,9,14,13,30,130,55,"76, RUE DE LODI",,,Plein jour,En agglomération,Hors intersection,Normale,Deux véhicules - côté,,,,,,,,,,,1,2,1,1.0,3
201200016093,0012-09-12 18:50:00,12,9,12,18,50,130,55,"361, COR PRESIDENT JOHN",,,Plein jour,En agglomération,Hors intersection,Normale,Deux véhicules - côté,,,,,,,,,,,1,2,1,1.0,3
201200016094,0012-09-29 01:30:00,12,9,29,1,30,130,55,"51, CRS LIEUTAUD",,,Nuit avec éclairage allumé,En agglomération,Intersection en T,Normale,Deux véhicules - côté,,,,,,,,,,,5,2,3,1.0,3
201200016095,0012-10-01 14:35:00,12,10,1,14,35,130,55,"18, RUE BERNEX",,,Plein jour,En agglomération,Hors intersection,Normale,Autre collision,,,,,,,,,,,1,2,1,1.0,6
201200016096,0012-09-25 18:25:00,12,9,25,18,25,130,55,"1, BD BERNABO",,,Crépuscule ou aube,En agglomération,Intersection en T,Normale,Deux véhicules - arrière,,,,,,,,,,,2,2,3,1.0,2
201200016097,0012-09-27 17:40:00,12,9,27,17,40,130,55,"00, BD DE LA GLACIERE",,,Plein jour,En agglomération,Hors intersection,Normale,Autre collision,,,,,,,,,,,1,2,1,1.0,6
201200016098,0012-09-29 01:30:00,12,9,29,1,30,130,55,AVE DE LA VISTE,,,Nuit avec éclairage allumé,En agglomération,Hors intersection,Normale,Deux véhicules - arrière,,,,,,,,,,,5,2,1,1.0,2
201200016099,0012-09-19 17:00:00,12,9,19,17,0,130,55,"1, RUE JEAN QUEILLAU",,,Plein jour,En agglomération,Hors intersection,Normale,Deux véhicules - côté,,,,,,,,,,,1,2,1,1.0,3
201200016100,0012-06-10 01:30:00,12,6,10,1,30,130,55,"31, BD DE PLOMBIERES",,,Nuit avec éclairage allumé,En agglomération,Hors intersection,Normale,Deux véhicules - arrière,,,,,,,,,,,5,2,1,1.0,2
201200016101,0012-09-13 17:15:00,12,9,13,17,15,130,55,"1, CHE DES AMARYLLIS",,,Plein jour,En agglomération,Intersection en X,Normale,Trois véhicules et plus - collisions multiples,,,,,,,,,,,1,2,2,1.0,5
201200016102,0012-09-22 13:20:00,12,9,22,13,20,130,55,"93, BD DE LA VALBARELLE",,,Plein jour,En agglomération,Hors intersection,Normale,Sans collision,,,,,,,,,,,1,2,1,1.0,7
201200016103,0012-09-13 22:30:00,12,9,13,22,30,130,55,"01, AVE DE SAINT MENET",43.2897,5.48035,Nuit avec éclairage allumé,En agglomération,Hors intersection,Normale,Deux véhicules - côté,,,,,,,,,,,5,2,1,1.0,3
201200016104,0012-09-27 17:30:00,12,9,27,17,30,130,55,"3, TRA DES COMTES",,,Plein jour,En agglomération,Hors intersection,Normale,Autre collision,,,,,,,,,,,1,2,1,1.0,6
201200016105,0012-09-14 21:25:00,12,9,14,21,25,130,55,"8, VSN MICHELET CONTRE A",43.2665,5.3945,Nuit avec éclairage allumé,En agglomération,Hors intersection,Normale,Deux véhicules - côté,,,,,,,,,,,5,2,1,1.0,3
201200016106,0012-09-15 19:00:00,12,9,15,19,0,130,55,"00, BD JEAN MOULIN",,,Plein jour,En agglomération,Hors intersection,Normale,Autre collision,,,,,,,,,,,1,2,1,1.0,6
201200016107,0012-09-21 15:30:00,12,9,21,15,30,130,75,"00, JEAN GIONO (AVE)",,,Plein jour,En agglomération,Hors intersection,Normale,Deux véhicules - frontale,,,,,,,,,,,1,2,1,1.0,1
201200016108,0012-09-20 18:00:00,12,9,20,18,0,130,55,"04, AVE DES FELIBRES",,,Plein jour,En agglomération,Hors intersection,Normale,Deux véhicules - frontale,,,,,,,,,,,1,2,1,1.0,1
201200016109,0012-09-19 17:20:00,12,9,19,17,20,130,2,"1, CLAU (ROUTE DU)",,,Plein jour,En agglomération,Hors intersection,Normale,Deux véhicules - arrière,,,,,,,,,,,1,2,1,1.0,2
201200016110,0012-09-29 16:30:00,12,9,29,16,30,130,55,AVE ALEXANDRE FLEMING,,,Plein jour,En agglomération,Hors intersection,Pluie forte,Deux véhicules - arrière,,,,,,,,,,,1,2,1,3.0,2
201200016111,0012-08-22 18:15:00,12,8,22,18,15,130,55,"60, CHE DU LITTORAL",,,Plein jour,En agglomération,Hors intersection,Normale,Autre collision,,,,,,,,,,,1,2,1,1.0,6
201200016112,0012-09-24 11:30:00,12,9,24,11,30,130,55,"18, RUE COLBERT",,,Plein jour,En agglomération,Hors intersection,Normale,Deux véhicules - côté,,,,,,,,,,,1,2,1,1.0,3
201200016113,0012-09-28 18:10:00,12,9,28,18,10,130,55,"138, AVE DES CHARTREUX",,,Plein jour,En agglomération,Hors intersection,Normale,Autre collision,,,,,,,,,,,1,2,1,1.0,6
201200016114,0012-09-22 12:20:00,12,9,22,12,20,130,55,BD DE PLOMBIERES AERIEN,,,Plein jour,En agglomération,Hors intersection,Normale,Trois véhicules et plus - en chaîne,,,,,,,,,,,1,2,1,1.0,4
201200016115,0012-10-08 08:30:00,12,10,8,8,30,130,55,"22, AVE ANDRE ZENATTI",,,Plein jour,En agglomération,Hors intersection,Normale,Autre collision,,,,,,,,,,,1,2,1,1.0,6
201200016116,0012-10-08 15:15:00,12,10,8,15,15,130,55,AVE DE SAINT ANTOINE,,,Plein jour,En agglomération,Hors intersection,Normale,Deux véhicules - côté,,,,,,,,,,,1,2,1,1.0,3
201200016117,0012-10-06 13:15:00,12,10,6,13,15,130,55,"5, AVE DE LA CORSE",,,Plein jour,En agglomération,Hors intersection,Normale,Deux véhicules - côté,,,,,,,,,,,1,2,1,1.0,3
201200016118,0012-09-23 09:15:00,12,9,23,9,15,130,55,BD DE PLOMBIERES,,,Plein jour,En agglomération,Intersection en T,Normale,Deux véhicules - côté,,,,,,,,,,,1,2,3,1.0,3
201200016119,0012-10-06 16:00:00,12,10,6,16,0,130,55,"54, CHE DE LA BIGOTTE",,,Plein jour,En agglomération,Hors intersection,Normale,Deux véhicules - côté,,,,,,,,,,,1,2,1,1.0,3
201200016120,0012-10-08 23:40:00,12,10,8,23,40,130,55,"1, RPT ANTOINE SARTORIO",,,Nuit avec éclairage allumé,En agglomération,Giratoire,Normale,Deux véhicules - côté,,,,,,,,,,,5,2,6,1.0,3
201200016121,0012-07-31 08:50:00,12,7,31,8,50,130,55,"98, BD MARCEL",,,Plein jour,En agglomération,Intersection en X,Normale,Deux véhicules - côté,,,,,,,,,,,1,2,2,1.0,3
201200016122,0012-10-03 16:00:00,12,10,3,16,0,130,55,", BD JEAN MOULIN",,,Plein jour,En agglomération,Hors intersection,Normale,Deux véhicules - arrière,,,,,,,,,,,1,2,1,1.0,2
201200016123,0012-10-04 00:01:00,12,10,4,0,1,130,55,"95, BD DE PONT DE VIVAUX",,,Nuit avec éclairage allumé,En agglomération,Hors intersection,Normale,Deux véhicules - côté,,,,,,,,,,,5,2,1,1.0,3
201200016124,0012-09-13 16:30:00,12,9,13,16,30,130,55,BD PIERRE DRAMARD,,,Plein jour,En agglomération,Hors intersection,Normale,Deux véhicules - côté,,,,,,,,,,,1,2,1,1.0,3
201200016125,0012-09-26 14:25:00,12,9,26,14,25,130,55,AVE ANDRE ROUSSIN,,,Plein jour,En agglomération,Hors intersection,Normale,Deux véhicules - arrière,,,,,,,,,,,1,2,1,1.0,2
201200016126,0012-09-20 15:00:00,12,9,20,15,0,130,55,"00, RUE JEAN TRINQUET",,,Plein jour,En agglomération,Hors intersection,Normale,Autre collision,,,,,,,,,,,1,2,1,1.0,6
201200016127,0012-09-29 12:00:00,12,9,29,12,0,130,55,"200, COR PRESIDENT JOHN",,,Plein jour,En agglomération,Hors intersection,Normale,Deux véhicules - arrière,,,,,,,,,,,1,2,1,1.0,2
201200016128,0012-09-24 12:00:00,12,9,24,12,0,130,55,"217, RUE DE ROME",,,Plein jour,En agglomération,Hors intersection,Normale,Deux véhicules - côté,,,,,,,,,,,1,2,1,1.0,3
201200016129,0012-09-24 10:20:00,12,9,24,10,20,130,55,"233, BD DE LA LIBERATION",,,Plein jour,En agglomération,Hors intersection,Normale,Autre collision,,,,,,,,,,,1,2,1,1.0,6
201200016130,0012-09-28 11:50:00,12,9,28,11,50,130,55,"143, CRS LIEUTAUD",,,Plein jour,En agglomération,Intersection en X,Normale,Deux véhicules - côté,,,,,,,,,,,1,2,2,1.0,3
201200016131,0012-09-15 12:20:00,12,9,15,12,20,130,55,"37, AVE JULES CANTINI",,,Plein jour,En agglomération,Hors intersection,Normale,Deux véhicules - frontale,,,,,,,,,,,1,2,1,1.0,1
201200016132,0012-06-17 10:20:00,12,6,17,10,20,130,55,"40, RUE DE LA BIBLIOTHEQ",,,Plein jour,En agglomération,Hors intersection,Normale,Deux véhicules - arrière,,,,,,,,,,,1,2,1,1.0,2
201200016133,0012-10-05 22:30:00,12,10,5,22,30,130,55,"199, COR PRESIDENT JOHN",,,Nuit avec éclairage allumé,En agglomération,Hors intersection,Normale,Deux véhicules - côté,,,,,,,,,,,5,2,1,1.0,3
201200016134,0012-09-30 08:30:00,12,9,30,8,30,130,2,ETIENNE CUCCA-CD908 (AVE,,,Plein jour,Hors agglomération,Hors intersection,Pluie légère,Sans collision,,,,,,,,,,,1,1,1,2.0,7
201200016135,0012-10-06 12:25:00,12,10,6,12,25,130,2,"272, CLEMENT, JULES BART",43.3313,5.46625,Plein jour,En agglomération,Hors intersection,Normale,Autre collision,,,,,,,,,,,1,2,1,1.0,6
201200016136,0012-09-28 12:30:00,12,9,28,12,30,130,55,"29, RTE DE LA VALENTINE",43.2892,5.46639,Plein jour,En agglomération,Hors intersection,Normale,Autre collision,,,,,,,,,,,1,2,1,1.0,6
201200016137,0012-09-28 21:00:00,12,9,28,21,0,130,55,"113, AVE DE LA CAPELETTE",,,Nuit avec éclairage allumé,En agglomération,Hors intersection,Normale,Deux véhicules - côté,,,,,,,,,,,5,2,1,1.0,3
201200016138,0012-08-10 07:30:00,12,8,10,7,30,130,55,IMP DE L EGLISE,,,Plein jour,En agglomération,Intersection en X,Normale,Deux véhicules - côté,,,,,,,,,,,1,2,2,1.0,3
201200016139,0012-09-27 07:00:00,12,9,27,7,0,130,55,BD DE LA MILLIERE,,,Plein jour,En agglomération,Hors intersection,Normale,Trois véhicules et plus - en chaîne,,,,,,,,,,,1,2,1,1.0,4
201200016140,0012-09-28 15:30:00,12,9,28,15,30,130,55,"84, IMP LOU PESCAIRE",,,Plein jour,En agglomération,Hors intersection,Normale,Autre collision,,,,,,,,,,,1,2,1,1.0,6
201200016141,0012-09-27 07:45:00,12,9,27,7,45,130,55,"00, ALL PRADO BLEU",,,Plein jour,En agglomération,Hors intersection,Normale,Autre collision,,,,,,,,,,,1,2,1,1.0,6
201200016142,0012-10-01 12:55:00,12,10,1,12,55,130,55,"00, RUE VERDILLON",,,Plein jour,En agglomération,Hors intersection,Normale,Autre collision,,,,,,,,,,,1,2,1,1.0,6
201200016143,0012-10-01 17:15:00,12,10,1,17,15,130,55,"00, RUE AUGUSTIN AUBERT",,,Plein jour,En agglomération,Hors intersection,Normale,Autre collision,,,,,,,,,,,1,2,1,1.0,6
201200016144,0012-09-10 11:30:00,12,9,10,11,30,130,55,"00, BD DE SAINT MARCEL",,,Plein jour,En agglomération,Hors intersection,Normale,Autre collision,,,,,,,,,,,1,2,1,1.0,6
201200016145,0012-09-25 21:00:00,12,9,25,21,0,130,55,"77, CHE DE LA PARETTE",,,Nuit avec éclairage allumé,En agglomération,Hors intersection,Normale,Deux véhicules - frontale,,,,,,,,,,,5,2,1,1.0,1
201200016146,0012-10-05 18:40:00,12,10,5,18,40,130,55,"87, RUE LOUBON",,,Plein jour,En agglomération,Hors intersection,Normale,Deux véhicules - côté,,,,,,,,,,,1,2,1,1.0,3
201200016147,0012-09-22 10:00:00,12,9,22,10,0,130,55,"8-10, PCE ANDROMEDE",,,Plein jour,En agglomération,Hors intersection,Normale,Autre collision,,,,,,,,,,,1,2,1,1.0,6
201200016148,0012-09-24 13:00:00,12,9,24,13,0,130,55,"00, BD BAILLE",,,Plein jour,En agglomération,Hors intersection,Normale,Deux véhicules - arrière,,,,,,,,,,,1,2,1,1.0,2
201200016149,0012-09-28 13:25:00,12,9,28,13,25,130,55,"00, BD DU MARECHAL JUIN",,,Plein jour,En agglomération,Hors intersection,Normale,Autre collision,,,,,,,,,,,1,2,1,1.0,6
201200016150,0012-10-09 08:50:00,12,10,9,8,50,130,55,"1, CR DE LA VALBARELLE A",,,Plein jour,En agglomération,Hors intersection,Normale,Autre collision,,,,,,,,,,,1,2,1,1.0,6
201200016151,0012-10-07 17:00:00,12,10,7,17,0,130,55,"74, AVE JULES CANTINI",,,Plein jour,En agglomération,Hors intersection,Normale,Autre collision,,,,,,,,,,,1,2,1,1.0,6
201200016152,0012-10-11 14:10:00,12,10,11,14,10,130,55,"250, CHE DE SAINT ANTOIN",,,Plein jour,En agglomération,Hors intersection,Normale,Autre collision,,,,,,,,,,,1,2,1,1.0,6
201200016153,0012-10-06 18:50:00,12,10,6,18,50,130,55,"25, AVE DE TARASCON",,,Crépuscule ou aube,En agglomération,Hors intersection,Normale,Autre collision,,,,,,,,,,,2,2,1,1.0,6
201200016154,0012-10-11 17:20:00,12,10,11,17,20,130,55,"105, AVE CLOT BEY",,,Plein jour,En agglomération,Hors intersection,Normale,Deux véhicules - frontale,,,,,,,,,,,1,2,1,1.0,1
201200016155,0012-10-05 20:20:00,12,10,5,20,20,130,55,"20, RUE ESPERANDIEU",,,Nuit sans éclairage public,En agglomération,Intersection en X,Normale,Deux véhicules - côté,,,,,,,,,,,3,2,2,1.0,3
201200016156,0012-06-11 16:00:00,12,6,11,16,0,130,55,"329, CHE DE LA MADRAGUE",,,Plein jour,En agglomération,Hors intersection,Normale,Trois véhicules et plus - en chaîne,,,,,,,,,,,1,2,1,1.0,4
201200016157,0012-08-26 01:35:00,12,8,26,1,35,130,55,AVE DU MARCHE NATIONAL,,,Nuit avec éclairage allumé,En agglomération,Hors intersection,Normale,Autre collision,,,,,,,,,,,5,2,1,1.0,6
201200016158,0012-09-11 08:05:00,12,9,11,8,5,130,55,PRK 1 ERE ARM?E FRANCAIS,43.3735,5.35484,Plein jour,En agglomération,Giratoire,Normale,Deux véhicules - arrière,,,,,,,,,,,1,2,6,1.0,2
201200016159,0012-10-10 00:40:00,12,10,10,0,40,130,55,"37, BD JEAN MOULIN",,,Nuit avec éclairage allumé,En agglomération,Hors intersection,Normale,Sans collision,,,,,,,,,,,5,2,1,1.0,7
201200016160,0012-09-19 15:25:00,12,9,19,15,25,130,75,"45, FR?D?RIC CHEVILLON (",,,Plein jour,En agglomération,Intersection en T,Normale,Trois véhicules et plus - collisions multiples,,,,,,,,,,,1,2,3,1.0,5
201200016161,0012-10-08 09:30:00,12,10,8,9,30,130,55,"112, AVE DE SAINT JULIEN",,,Plein jour,En agglomération,Hors intersection,Normale,Trois véhicules et plus - collisions multiples,,,,,,,,,,,1,2,1,1.0,5
201200016162,0012-10-03 12:35:00,12,10,3,12,35,130,55,RUE DES BATELIERS,,,Plein jour,En agglomération,Hors intersection,Normale,Autre collision,,,,,,,,,,,1,2,1,1.0,6
201200016163,0012-09-19 19:00:00,12,9,19,19,0,130,55,"00, BD DE LA LIBERTE",,,Plein jour,En agglomération,Intersection en X,Normale,Deux véhicules - côté,,,,,,,,,,,1,2,2,1.0,3
201200016164,0012-09-05 14:40:00,12,9,5,14,40,130,55,"00, RUE DE L ESQUINADE",,,Plein jour,En agglomération,Hors intersection,Normale,Autre collision,,,,,,,,,,,1,2,1,1.0,6
201200016165,0012-10-14 05:00:00,12,10,14,5,0,130,55,"13, RUE PARADIS",,,Nuit avec éclairage allumé,En agglomération,Hors intersection,Normale,Deux véhicules - arrière,,,,,,,,,,,5,2,1,1.0,2
201200016166,0012-10-14 02:45:00,12,10,14,2,45,130,55,"159, RUE DE ROME",,,Nuit avec éclairage allumé,En agglomération,Intersection en X,Normale,Deux véhicules - côté,,,,,,,,,,,5,2,2,1.0,3
201200016167,0012-10-14 08:00:00,12,10,14,8,0,130,55,"3, RPT LANGEVIN DEPOT BU",,,Crépuscule ou aube,En agglomération,Hors intersection,Normale,Autre collision,,,,,,,,,,,2,2,1,1.0,6
201200016168,0012-10-12 17:45:00,12,10,12,17,45,130,75,"62, L'ENJOLRAS (AVE DE)",43.3403,5.45669,Plein jour,En agglomération,Intersection en Y,Normale,Deux véhicules - côté,,,,,,,,,,,1,2,4,1.0,3
201200016169,0012-10-04 09:30:00,12,10,4,9,30,130,55,"00, BD MICHELET",,,Plein jour,En agglomération,Hors intersection,Normale,Deux véhicules - arrière,,,,,,,,,,,1,2,1,1.0,2
201200016170,0012-09-24 20:30:00,12,9,24,20,30,130,55,"00, RUE SAINT PIERRE",,,Plein jour,Hors agglomération,Hors intersection,Normale,Autre collision,,,,,,,,,,,1,1,1,1.0,6
201200016171,0012-10-05 11:00:00,12,10,5,11,0,130,55,"220, BD BAILLE",,,Plein jour,En agglomération,Hors intersection,Normale,Autre collision,,,,,,,,,,,1,2,1,1.0,6
201200016172,0012-09-29 04:00:00,12,9,29,4,0,130,55,"145, BD BAILLE",,,Nuit avec éclairage allumé,En agglomération,Hors intersection,Normale,Deux véhicules - côté,,,,,,,,,,,5,2,1,1.0,3
201200016173,0012-09-11 10:15:00,12,9,11,10,15,130,55,", RUE CHAUVELIN",,,Plein jour,En agglomération,Autre intersection,Normale,Autre collision,,,,,,,,,,,1,2,9,1.0,6
201200016174,0012-09-28 01:30:00,12,9,28,1,30,130,55,"00, BD FRANCOISE DUPARC",,,Nuit avec éclairage allumé,En agglomération,Hors intersection,Normale,Autre collision,,,,,,,,,,,5,2,1,1.0,6
201200016175,0012-09-30 18:30:00,12,9,30,18,30,130,55,"00, BD SAKAKINI",,,Plein jour,En agglomération,Hors intersection,Normale,Deux véhicules - arrière,,,,,,,,,,,1,2,1,1.0,2
201200016176,0012-09-22 23:30:00,12,9,22,23,30,130,55,"00, RUE DE LA GRANDE ARM",,,Nuit avec éclairage allumé,En agglomération,Hors intersection,Normale,Autre collision,,,,,,,,,,,5,2,1,1.0,6