accident_id,datetime,annee,mois,jour,heure,minute,departement,commune_insee,adresse,latitude,longitude,luminosite,agglomeration,intersection,meteo,collision,nb_vehicules,nb_usagers,nb_indemnes,nb_tues,nb_blesses_hosp,nb_blesses_legers,age_cond_1,age_cond_2,veh_type_cond_1,veh_type_cond_2,lum_code,agg_code,int_code,atm_code,col_code
201200016431,0012-11-18 23:40:00,12,11,18,23,40,130,55,AVE ALEXANDRE ANSALDI,,,Nuit avec éclairage allumé,En agglomération,Intersection en Y,Normale,Autre collision,,,,,,,,,,,5,2,4,1.0,6
201200016432,0012-11-09 19:40:00,12,11,9,19,40,130,55,"22, BD LONGCHAMP",43.3012,5.38793,Nuit avec éclairage allumé,En agglomération,Intersection en X,Normale,Deux véhicules - côté,,,,,,,,,,,5,2,2,1.0,3
201200016433,0012-11-05 22:00:00,12,11,5,22,0,130,55,"61A, RUE D' ITALIE",43.2888,5.38288,Nuit avec éclairage allumé,En agglomération,Intersection en X,Normale,Deux véhicules - côté,,,,,,,,,,,5,2,2,1.0,3
201200016434,0012-11-09 06:10:00,12,11,9,6,10,130,55,"109, BD SAKAKINI",43.2926,5.40115,Crépuscule ou aube,En agglomération,Intersection en X,Normale,Deux véhicules - côté,,,,,,,,,,,2,2,2,1.0,3
201200016435,0012-09-06 23:50:00,12,9,6,23,50,130,55,"01, BD CHARLES LIVON",,,Nuit sans éclairage public,En agglomération,Hors intersection,Normale,Autre collision,,,,,,,,,,,3,2,1,1.0,6
201200016436,0012-11-06 19:45:00,12,11,6,19,45,130,55,"147, BD BAILLE",43.2885,5.39347,Nuit avec éclairage allumé,En agglomération,Hors intersection,Normale,Deux véhicules - côté,,,,,,,,,,,5,2,1,1.0,3
201200016437,0012-10-31 17:40:00,12,10,31,17,40,130,55,"171, BD BAILLE",,,Crépuscule ou aube,En agglomération,Hors intersection,Pluie légère,Autre collision,,,,,,,,,,,2,2,1,2.0,6
201200016438,0012-10-26 07:20:00,12,10,26,7,20,130,55,"51, BD FALQUE",,,Nuit sans éclairage public,En agglomération,Hors intersection,Pluie forte,Autre collision,,,,,,,,,,,3,2,1,3.0,6
201200016439,0012-10-01 19:40:00,12,10,1,19,40,130,55,"159, RUE DE ROME",,,Nuit avec éclairage allumé,En agglomération,Hors intersection,Normale,Autre collision,,,,,,,,,,,5,2,1,1.0,6
201200016440,0012-10-19 02:10:00,12,10,19,2,10,130,55,BD ROLAND DORGELES,,,Nuit avec éclairage allumé,En agglomération,Hors intersection,Normale,Deux véhicules - arrière,,,,,,,,,,,5,2,1,1.0,2
201200016441,0012-09-22 18:10:00,12,9,22,18,10,130,106,HAMEAU DE ST LAURENT (R?,,,Plein jour,En agglomération,Hors intersection,Normale,Autre collision,,,,,,,,,,,1,2,1,1.0,6
201200016442,0012-10-30 10:00:00,12,10,30,10,0,130,55,"116, AVE ROGER SALENGRO",,,Plein jour,En agglomération,Hors intersection,Normale,Autre collision,,,,,,,,,,,1,2,1,1.0,6
201200016443,0012-10-26 17:30:00,12,10,26,17,30,130,55,"88, AVE DE MAZARGUES",,,Plein jour,En agglomération,Hors intersection,Normale,Autre collision,,,,,,,,,,,1,2,1,1.0,6
201200016444,0012-10-31 14:30:00,12,10,31,14,30,130,55,"00, PCE DE POLOGNE",,,Plein jour,En agglomération,Hors intersection,Normale,Deux véhicules - arrière,,,,,,,,,,,1,2,1,1.0,2
201200016445,0012-11-19 08:58:00,12,11,19,8,58,130,55,"1, CHE DE LA MURE",43.359,5.36523,Plein jour,En agglomération,Intersection en T,Normale,Deux véhicules - côté,,,,,,,,,,,1,2,3,1.0,3
201200016446,0012-11-09 12:00:00,12,11,9,12,0,130,55,"78, AVE DES BUTRIS",43.299,5.45272,Plein jour,En agglomération,Hors intersection,Pluie légère,Deux véhicules - côté,,,,,,,,,,,1,2,1,2.0,3
201200016447,0012-11-04 15:00:00,12,11,4,15,0,130,55,"163, RUE DE LYON",43.3304,5.36511,Plein jour,En agglomération,Hors intersection,Normale,Deux véhicules - côté,,,,,,,,,,,1,2,1,1.0,3
201200016448,0012-08-20 09:10:00,12,8,20,9,10,130,55,BD DE PLOMBIERES AERIEN,,,Plein jour,En agglomération,Hors intersection,Normale,Deux véhicules - arrière,,,,,,,,,,,1,2,1,1.0,2
201200016449,0012-09-22 15:45:00,12,9,22,15,45,130,106,"22, BEDOULE (CHEMIN DE L",,,Plein jour,En agglomération,Intersection en T,Normale,Deux véhicules - côté,,,,,,,,,,,1,2,3,1.0,3
201200016450,0012-06-24 18:00:00,12,6,24,18,0,130,55,RPT ALAIN SAVARY,,,Plein jour,En agglomération,Giratoire,Normale,Deux véhicules - arrière,,,,,,,,,,,1,2,6,1.0,2
201200016451,0012-09-16 15:00:00,12,9,16,15,0,130,55,AVE PIERRE MENDES FRANCE,,,Plein jour,En agglomération,Hors intersection,Normale,Deux véhicules - côté,,,,,,,,,,,1,2,1,1.0,3
201200016452,0012-06-03 11:30:00,12,6,3,11,30,130,2,"676, CANTON VERT (AVENUE",43.3418,5.47119,Plein jour,En agglomération,Hors intersection,Normale,Deux véhicules - arrière,,,,,,,,,,,1,2,1,1.0,2
201200016453,0012-09-10 18:30:00,12,9,10,18,30,130,55,BD DE LA CONCORDE,,,Plein jour,En agglomération,Hors intersection,Normale,Deux véhicules - arrière,,,,,,,,,,,1,2,1,1.0,2
201200016454,0012-11-09 07:50:00,12,11,9,7,50,130,55,"13, AVE DE SAINT JULIEN",43.3044,5.41466,Plein jour,En agglomération,Hors intersection,Normale,Sans collision,,,,,,,,,,,1,2,1,1.0,7
201200016455,0012-10-09 18:00:00,12,10,9,18,0,130,55,"36, AVE DE SAINT JEROME",,,Plein jour,En agglomération,Intersection en T,Normale,Deux véhicules - côté,,,,,,,,,,,1,2,3,1.0,3
201200016456,0012-11-13 17:30:00,12,11,13,17,30,130,55,"5, CHE DE SAINTE MARTHE",43.3182,5.39028,Crépuscule ou aube,En agglomération,Hors intersection,Normale,Deux véhicules - côté,,,,,,,,,,,2,2,1,1.0,3
201200016457,0012-11-06 12:30:00,12,11,6,12,30,130,55,"61, AVE CAMILLE PELLETAN",43.3055,5.3732,Plein jour,En agglomération,Hors intersection,Normale,Autre collision,,,,,,,,,,,1,2,1,1.0,6
201200016458,0012-10-13 11:54:00,12,10,13,11,54,130,106,"42, BEDOULE (CHEMIN DE L",43.3873,5.35216,Plein jour,En agglomération,Hors intersection,Normale,Deux véhicules - arrière,,,,,,,,,,,1,2,1,1.0,2
201200016459,0012-11-21 07:45:00,12,11,21,7,45,130,55,"11, RUE MUSSO",43.2462,5.38382,Plein jour,En agglomération,Hors intersection,Normale,Deux véhicules - arrière,,,,,,,,,,,1,2,1,1.0,2
201200016460,0012-11-09 18:00:00,12,11,9,18,0,130,55,"00, AVE CLAUDE MONET",,,Nuit avec éclairage allumé,En agglomération,Hors intersection,Normale,Deux véhicules - arrière,,,,,,,,,,,5,2,1,1.0,2
201200016461,0012-11-12 20:00:00,12,11,12,20,0,130,55,"002, RUE MAHBOUBI TIR",,,Nuit avec éclairage non allumé,En agglomération,Hors intersection,Normale,Autre collision,,,,,,,,,,,4,2,1,1.0,6
201200016462,0012-11-21 23:30:00,12,11,21,23,30,130,55,AVE DE LA FOURRAGERE,,,Nuit avec éclairage allumé,En agglomération,Hors intersection,Normale,Sans collision,,,,,,,,,,,5,2,1,1.0,7
201200016463,0012-11-18 08:00:00,12,11,18,8,0,130,2,"230, 7EME TIRAILLEURS AL",43.3381,5.47692,Plein jour,En agglomération,Hors intersection,Normale,Deux véhicules - côté,,,,,,,,,,,1,2,1,1.0,3
201200016464,0012-11-14 15:10:00,12,11,14,15,10,130,55,RUE CENTRALE,43.352,5.43753,Plein jour,En agglomération,Intersection en T,Normale,Deux véhicules - côté,,,,,,,,,,,1,2,3,1.0,3
201200016465,0012-11-11 01:25:00,12,11,11,1,25,130,55,"9, BD SAKAKINI",43.2987,5.40101,Nuit avec éclairage allumé,En agglomération,Hors intersection,Pluie légère,Deux véhicules - côté,,,,,,,,,,,5,2,1,2.0,3
201200016466,0012-11-16 08:00:00,12,11,16,8,0,130,55,"400, AVE DU PRADO",43.269,5.38582,Plein jour,En agglomération,Hors intersection,Normale,Autre collision,,,,,,,,,,,1,2,1,1.0,6
201200016467,0012-11-12 12:40:00,12,11,12,12,40,130,55,"145, BD RABATAU DANIEL M",43.2811,5.39938,Plein jour,En agglomération,Intersection en X,Normale,Trois véhicules et plus - collisions multiples,,,,,,,,,,,1,2,2,1.0,5
201200016468,0012-11-19 18:40:00,12,11,19,18,40,130,55,"69, AVE DE LA CAPELETTE",43.2828,5.40228,Nuit avec éclairage allumé,En agglomération,Hors intersection,Normale,Autre collision,,,,,,,,,,,5,2,1,1.0,6
201200016469,0012-11-12 15:00:00,12,11,12,15,0,130,55,"27, AVE JULES CANTINI",43.2849,5.38549,Plein jour,En agglomération,Hors intersection,Normale,Autre collision,,,,,,,,,,,1,2,1,1.0,6
201200016470,0012-10-27 17:10:00,12,10,27,17,10,130,55,"1, CHE DU MERLAN A LA RO",,,Plein jour,En agglomération,Giratoire,Normale,Deux véhicules - côté,,,,,,,,,,,1,2,6,1.0,3
201200016471,0012-11-21 10:40:00,12,11,21,10,40,130,55,"240, AVE DE SAINT ANTOIN",43.3738,5.35579,Plein jour,En agglomération,Hors intersection,Normale,Deux véhicules - arrière,,,,,,,,,,,1,2,1,1.0,2
201200016472,0012-08-02 20:30:00,12,8,2,20,30,130,55,"00, RUE LAFAYETTE",,,Plein jour,Hors agglomération,Hors intersection,Normale,Autre collision,,,,,,,,,,,1,1,1,1.0,6
201200016473,0012-11-10 12:35:00,12,11,10,12,35,130,2,ETIENNE CUCCA-CD908 (AVE,43.368,5.52458,Plein jour,Hors agglomération,Hors intersection,Pluie forte,Sans collision,,,,,,,,,,,1,1,1,3.0,7
201200016474,0012-11-16 13:00:00,12,11,16,13,0,130,55,"51, AVE FRANCOIS MIGNET",43.3317,5.4286,Plein jour,En agglomération,Hors intersection,Normale,Autre collision,,,,,,,,,,,1,2,1,1.0,6
201200016475,0012-11-25 21:45:00,12,11,25,21,45,130,55,"2, CRS LIEUTAUD",43.2958,5.38154,Nuit avec éclairage allumé,En agglomération,Hors intersection,Normale,Autre collision,,,,,,,,,,,5,2,1,1.0,6
201200016476,0012-11-26 05:30:00,12,11,26,5,30,130,55,"164, AVE DE SAINT ANTOIN",43.3719,5.35603,Nuit avec éclairage allumé,En agglomération,Hors intersection,Normale,Deux véhicules - côté,,,,,,,,,,,5,2,1,1.0,3
201200016477,0012-11-26 17:30:00,12,11,26,17,30,130,55,"7C, AVE DE BONNEVEINE",43.2543,5.38078,Nuit avec éclairage allumé,En agglomération,Hors intersection,Normale,Deux véhicules - arrière,,,,,,,,,,,5,2,1,1.0,2
201200016478,0012-11-15 19:45:00,12,11,15,19,45,130,55,"7, BD ICARD",43.2788,5.41744,Nuit sans éclairage public,En agglomération,Hors intersection,Normale,Deux véhicules - côté,,,,,,,,,,,3,2,1,1.0,3
201200016479,0012-11-13 18:45:00,12,11,13,18,45,130,55,"8, RUE DE LA CROIX",43.2917,5.36916,Crépuscule ou aube,En agglomération,Hors intersection,Normale,Autre collision,,,,,,,,,,,2,2,1,1.0,6
201200016480,0012-11-12 15:45:00,12,11,12,15,45,130,55,"200, COR PRESIDENT JOHN",43.2753,5.36005,Plein jour,En agglomération,Hors intersection,Normale,Trois véhicules et plus - collisions multiples,,,,,,,,,,,1,2,1,1.0,5
201200016481,0012-11-20 12:00:00,12,11,20,12,0,130,55,"00, BD GAY LUSSAC",,,Plein jour,En agglomération,Hors intersection,Normale,Autre collision,,,,,,,,,,,1,2,1,1.0,6
201200016482,0012-11-12 21:50:00,12,11,12,21,50,130,55,"1, CRS GOUFFE",43.2863,5.38623,Nuit avec éclairage allumé,En agglomération,Hors intersection,Normale,Deux véhicules - frontale,,,,,,,,,,,5,2,1,1.0,1
201200016483,0012-11-19 15:15:00,12,11,19,15,15,130,55,"259, RUE D ENDOUME",43.2839,5.35723,Plein jour,En agglomération,Hors intersection,Normale,Autre collision,,,,,,,,,,,1,2,1,1.0,6
201200016484,0012-11-15 10:50:00,12,11,15,10,50,130,55,"1, RUE ARMENY",43.2912,5.38075,Plein jour,En agglomération,Intersection en X,Normale,Autre collision,,,,,,,,,,,1,2,2,1.0,6
201200016485,0012-11-14 14:25:00,12,11,14,14,25,130,55,"96, BD CHARLES LIVON",43.292,5.3579,Plein jour,En agglomération,Hors intersection,Normale,Autre collision,,,,,,,,,,,1,2,1,1.0,6
201200016486,0012-08-07 17:30:00,12,8,7,17,30,130,55,"02, RUE COLBERT",,,Plein jour,En agglomération,Hors intersection,Normale,Autre collision,,,,,,,,,,,1,2,1,1.0,6
201200016487,0012-11-16 11:30:00,12,11,16,11,30,130,55,"16 OU 26, BD GARIBALDI",43.2964,5.38136,Plein jour,En agglomération,Hors intersection,Normale,Autre collision,,,,,,,,,,,1,2,1,1.0,6
201200016488,0012-11-21 13:30:00,12,11,21,13,30,130,55,"01, RUE DE ROME",43.2958,5.37824,Plein jour,En agglomération,Hors intersection,Normale,Deux véhicules - côté,,,,,,,,,,,1,2,1,1.0,3
201200016489,0012-11-15 13:30:00,12,11,15,13,30,130,55,"1, BD DE LA LIBERATION G",43.2992,5.38572,Plein jour,En agglomération,Hors intersection,Normale,Autre collision,,,,,,,,,,,1,2,1,1.0,6
201200016490,0012-11-04 22:20:00,12,11,4,22,20,130,55,"01, VSN MARECHAL JUIN PL",,,Nuit avec éclairage allumé,En agglomération,Hors intersection,Pluie légère,Autre collision,,,,,,,,,,,5,2,1,2.0,6
201200016491,0012-11-08 12:00:00,12,11,8,12,0,130,55,"5, RUE DU DOCTEUR COMBAL",43.2899,5.37692,Plein jour,En agglomération,Hors intersection,Normale,Autre collision,,,,,,,,,,,1,2,1,1.0,6
201200016492,0012-11-01 18:50:00,12,11,1,18,50,130,55,"1, RUE EDMOND ROSTAND",43.2847,5.38184,Nuit sans éclairage public,En agglomération,Intersection en X,Normale,Deux véhicules - côté,,,,,,,,,,,3,2,2,1.0,3
201200016493,0012-11-08 08:00:00,12,11,8,8,0,130,55,PCE DU GENERAL FERRIE,43.2811,5.39938,Plein jour,En agglomération,Intersection à plus de 4 branches,Normale,Deux véhicules - côté,,,,,,,,,,,1,2,5,1.0,3
201200016494,0012-11-21 15:40:00,12,11,21,15,40,130,55,"53, VOL CABASSUD MIREILL",,,Plein jour,En agglomération,Hors intersection,Normale,Autre collision,,,,,,,,,,,1,2,1,1.0,6
201200016495,0012-11-22 14:40:00,12,11,22,14,40,130,55,"165, CHE DE GIBBES",43.3259,5.38355,Plein jour,En agglomération,Hors intersection,Normale,Deux véhicules - côté,,,,,,,,,,,1,2,1,1.0,3
201200016496,0012-11-21 11:45:00,12,11,21,11,45,130,55,RUE BERTHE SYLVA,,,Plein jour,En agglomération,Hors intersection,Normale,Deux véhicules - arrière,,,,,,,,,,,1,2,1,1.0,2
201200016497,0012-11-29 20:45:00,12,11,29,20,45,130,55,"1, AVE DES OLIVES",43.3298,5.42956,Nuit avec éclairage allumé,En agglomération,Hors intersection,Normale,Deux véhicules - arrière,,,,,,,,,,,5,2,1,1.0,2
201200016498,0012-11-02 14:45:00,12,11,2,14,45,130,55,"12, AVE DE SAINT ANTOINE",43.3663,5.35676,Plein jour,En agglomération,Hors intersection,Normale,Deux véhicules - arrière,,,,,,,,,,,1,2,1,1.0,2
201200016499,0012-11-14 14:00:00,12,11,14,14,0,130,55,"376, RUE SAINT ANTOINE",43.3796,5.3572,Plein jour,En agglomération,Hors intersection,Normale,Autre collision,,,,,,,,,,,1,2,1,1.0,6
201200016500,0012-11-08 16:45:00,12,11,8,16,45,130,55,"34, BD DU CAPITAINE GEZE",43.3303,5.37039,Plein jour,En agglomération,Hors intersection,Normale,Deux véhicules - côté,,,,,,,,,,,1,2,1,1.0,3
201200016501,0012-11-08 14:15:00,12,11,8,14,15,130,55,AVE DU MARCHE NATIONAL,,,Plein jour,En agglomération,Intersection en X,Normale,Deux véhicules - côté,,,,,,,,,,,1,2,2,1.0,3
201200016502,0012-11-22 09:50:00,12,11,22,9,50,130,55,RUE ALBERT EINSTEIN,43.3337,5.43135,Plein jour,En agglomération,Intersection en T,Normale,Deux véhicules - côté,,,,,,,,,,,1,2,3,1.0,3
201200016503,0012-11-17 17:15:00,12,11,17,17,15,130,55,"1, BD PHILIPPON",,,Crépuscule ou aube,En agglomération,Hors intersection,Normale,Autre collision,,,,,,,,,,,2,2,1,1.0,6
201200016504,0012-11-17 17:50:00,12,11,17,17,50,130,55,"188, BD BAILLE",43.2889,5.395,Nuit avec éclairage allumé,En agglomération,Hors intersection,Normale,Autre collision,,,,,,,,,,,5,2,1,1.0,6
201200016505,0012-11-29 16:50:00,12,11,29,16,50,130,55,"2, RUE ARMENY",43.2912,5.38079,Plein jour,En agglomération,Intersection en X,Normale,Sans collision,,,,,,,,,,,1,2,2,1.0,7
201200016506,0012-11-23 20:30:00,12,11,23,20,30,130,55,"105, BD BAILLE",,,Nuit avec éclairage allumé,En agglomération,Hors intersection,Normale,Autre collision,,,,,,,,,,,5,2,1,1.0,6
201200016507,0012-12-02 04:20:00,12,12,2,4,20,130,55,"121, COR PRESIDENT JOHN",43.2877,5.35228,Nuit avec éclairage allumé,En agglomération,Hors intersection,Normale,Autre collision,,,,,,,,,,,5,2,1,1.0,6
201200016508,0012-12-01 16:30:00,12,12,1,16,30,130,55,"89, RUE DE LODI",43.2885,5.38798,Plein jour,En agglomération,Hors intersection,Normale,Autre collision,,,,,,,,,,,1,2,1,1.0,6
201200016509,0012-11-15 13:35:00,12,11,15,13,35,130,55,"2, BD LEDRU ROLLIN",43.3401,5.35682,Plein jour,En agglomération,Hors intersection,Normale,Deux véhicules - frontale,,,,,,,,,,,1,2,1,1.0,1
201200016510,0012-12-04 05:50:00,12,12,4,5,50,130,55,"306, BD DE PONT DE VIVAU",43.2816,5.42551,Nuit avec éclairage allumé,En agglomération,Hors intersection,Normale,Deux véhicules - arrière,,,,,,,,,,,5,2,1,1.0,2
201200016511,0012-12-04 16:00:00,12,12,4,16,0,130,55,AVE ALEXANDRE ANSALDI,,,Plein jour,En agglomération,Hors intersection,Normale,Deux véhicules - côté,,,,,,,,,,,1,2,1,1.0,3
201200016512,0012-11-20 08:05:00,12,11,20,8,5,130,55,"567, RUE SAINT PIERRE",43.2905,5.42196,Plein jour,En agglomération,Hors intersection,Normale,Deux véhicules - côté,,,,,,,,,,,1,2,1,1.0,3
201200016513,0012-11-13 19:30:00,12,11,13,19,30,130,55,"616, RUE SAINT PIERRE",43.2904,5.42517,Nuit avec éclairage allumé,En agglomération,Hors intersection,Normale,Deux véhicules - arrière,,,,,,,,,,,5,2,1,1.0,2
201200016514,0012-11-14 18:15:00,12,11,14,18,15,130,55,"69, AVE D' HAIFA",43.2524,5.39163,Nuit avec éclairage allumé,En agglomération,Hors intersection,Normale,Autre collision,,,,,,,,,,,5,2,1,1.0,6
201200016515,0012-11-16 18:38:00,12,11,16,18,38,130,55,RUE MIGNARD,,,Nuit avec éclairage allumé,En agglomération,Hors intersection,Normale,Deux véhicules - côté,,,,,,,,,,,5,2,1,1.0,3
201200016516,0012-11-28 10:15:00,12,11,28,10,15,130,55,"2, RUE ODETTE JASSE",43.3423,5.37099,Plein jour,En agglomération,Hors intersection,Pluie légère,Trois véhicules et plus - collisions multiples,,,,,,,,,,,1,2,1,2.0,5
201200016517,0012-11-28 07:50:00,12,11,28,7,50,130,55,"00, CHE DES CHAPPES",,,Crépuscule ou aube,En agglomération,Hors intersection,Normale,Autre collision,,,,,,,,,,,2,2,1,1.0,6
201200016518,0012-11-05 11:30:00,12,11,5,11,30,130,55,"00, AVE CLOT BEY",,,Plein jour,En agglomération,Hors intersection,Normale,Autre collision,,,,,,,,,,,1,2,1,1.0,6
201200016519,0012-11-14 11:00:00,12,11,14,11,0,130,55,"00, PCE LOUIS BONNEFON",,,Plein jour,En agglomération,Hors intersection,Normale,Autre collision,,,,,,,,,,,1,2,1,1.0,6
201200016520,0012-11-08 11:03:00,12,11,8,11,3,130,55,"00, AVE DE BONNEVEINE",,,Plein jour,En agglomération,Hors intersection,Normale,Autre collision,,,,,,,,,,,1,2,1,1.0,6
201200016521,0012-11-20 08:25:00,12,11,20,8,25,130,55,CHE DE LA COLLINE SAINT,,,Plein jour,En agglomération,Hors intersection,Normale,Autre collision,,,,,,,,,,,1,2,1,1.0,6
201200016522,0012-11-20 11:30:00,12,11,20,11,30,130,55,"00, BD GAROUTTE",,,Plein jour,En agglomération,Hors intersection,Normale,Autre collision,,,,,,,,,,,1,2,1,1.0,6
201200016523,0012-11-21 19:20:00,12,11,21,19,20,130,55,"00, BD QUEIREL",,,Nuit avec éclairage allumé,En agglomération,Hors intersection,Normale,Autre collision,,,,,,,,,,,5,2,1,1.0,6
201200016524,0012-11-09 18:35:00,12,11,9,18,35,130,55,"75, BD NATIONAL",43.3059,5.3837,Nuit avec éclairage allumé,En agglomération,Hors intersection,Normale,Autre collision,,,,,,,,,,,5,2,1,1.0,6
201200016525,0012-11-03 22:55:00,12,11,3,22,55,130,55,"151, AVE DE LA VISTE",43.3622,5.35728,Nuit avec éclairage allumé,En agglomération,Intersection en T,Normale,Autre collision,,,,,,,,,,,5,2,3,1.0,6
201200016526,0012-10-20 10:00:00,12,10,20,10,0,130,55,"00, RUE D AIX",,,Plein jour,En agglomération,Hors intersection,Normale,Autre collision,,,,,,,,,,,1,2,1,1.0,6
201200016527,0012-11-18 20:00:00,12,11,18,20,0,130,55,"00, RUE SAINTE BARBE",,,Nuit avec éclairage allumé,En agglomération,Hors intersection,Normale,Autre collision,,,,,,,,,,,5,2,1,1.0,6
201200016528,0012-11-30 13:30:00,12,11,30,13,30,130,55,"130, AVE DE LA VISTE",43.3604,5.35754,Plein jour,En agglomération,Intersection en T,Normale,Deux véhicules - côté,,,,,,,,,,,1,2,3,1.0,3
201200016529,0012-11-30 17:20:00,12,11,30,17,20,130,55,AVE PROSPER MERIMEE,,,Nuit avec éclairage allumé,En agglomération,Hors intersection,Normale,Deux véhicules - côté,,,,,,,,,,,5,2,1,1.0,3
201200016530,0012-11-04 05:45:00,12,11,4,5,45,130,55,"192, AVE DE LA ROSE",43.3289,5.42727,Nuit avec éclairage allumé,En agglomération,Hors intersection,Normale,Deux véhicules - côté,,,,,,,,,,,5,2,1,1.0,3
201200016531,0012-11-08 12:30:00,12,11,8,12,30,130,55,"101, CHE DE SAINTE MARTH",,,Plein jour,En agglomération,Intersection en T,Normale,Deux véhicules - côté,,,,,,,,,,,1,2,3,1.0,3
201200016532,0012-11-07 13:15:00,12,11,7,13,15,130,55,"61, BD RABATAU",43.2754,5.39565,Plein jour,En agglomération,Hors intersection,Normale,Deux véhicules - côté,,,,,,,,,,,1,2,1,1.0,3
201200016533,0012-11-01 19:50:00,12,11,1,19,50,130,55,"137, AVE DU PRADO",43.2794,5.38739,Nuit avec éclairage allumé,En agglomération,Hors intersection,Normale,Deux véhicules - arrière,,,,,,,,,,,5,2,1,1.0,2
201200016534,0012-11-29 13:30:00,12,11,29,13,30,130,55,"9, AVE DE SAINT BARNABE",43.3044,5.40743,Plein jour,En agglomération,Hors intersection,Normale,Sans collision,,,,,,,,,,,1,2,1,1.0,7
201200016535,0012-11-22 09:00:00,12,11,22,9,0,130,55,"8, RUE PASTEUR",43.3626,5.31577,Plein jour,En agglomération,Hors intersection,Temps couvert,Sans collision,,,,,,,,,,,1,2,1,8.0,7
201200016536,0012-11-26 17:50:00,12,11,26,17,50,130,55,"100, CHE DES ANEMONES",43.3102,5.44654,Nuit avec éclairage allumé,En agglomération,Hors intersection,Pluie légère,Sans collision,,,,,,,,,,,5,2,1,2.0,7
201200016537,0012-11-28 07:30:00,12,11,28,7,30,130,55,"33, AVE DE LUMINY",43.2395,5.43816,Crépuscule ou aube,En agglomération,Hors intersection,Pluie forte,Sans collision,,,,,,,,,,,2,2,1,3.0,7
201200016538,0012-11-02 21:30:00,12,11,2,21,30,130,55,"2, RUE LEON BANCAL",43.2893,5.48126,Nuit avec éclairage allumé,En agglomération,Hors intersection,Normale,Autre collision,,,,,,,,,,,5,2,1,1.0,6
201200016539,0012-11-27 15:00:00,12,11,27,15,0,130,55,"210, AVE DES CAILLOLS",43.3038,5.44018,Plein jour,En agglomération,Hors intersection,Pluie légère,Deux véhicules - frontale,,,,,,,,,,,1,2,1,2.0,1
201200016540,0012-11-20 19:35:00,12,11,20,19,35,130,55,BD BERTHIER,,,Nuit avec éclairage allumé,En agglomération,Hors intersection,Normale,Deux véhicules - arrière,,,,,,,,,,,5,2,1,1.0,2
201200016541,0012-11-22 20:25:00,12,11,22,20,25,130,55,RUE CHARLES KADDOUZ,,,Nuit avec éclairage allumé,En agglomération,Hors intersection,Normale,Deux véhicules - frontale,,,,,,,,,,,5,2,1,1.0,1
201200016542,0012-11-14 17:20:00,12,11,14,17,20,130,55,"38, BD BARRAL",43.2642,5.39226,Nuit avec éclairage allumé,En agglomération,Hors intersection,Normale,Trois véhicules et plus - en chaîne,,,,,,,,,,,5,2,1,1.0,4
201200016543,0012-11-21 08:30:00,12,11,21,8,30,130,55,"155-157, AVE DE MONTREDO",43.24,5.36681,Plein jour,En agglomération,Hors intersection,Normale,Deux véhicules - côté,,,,,,,,,,,1,2,1,1.0,3
201200016544,0012-11-18 18:00:00,12,11,18,18,0,130,55,BD PIERRE MENARD,,,Crépuscule ou aube,En agglomération,Autre intersection,Normale,Deux véhicules - côté,,,,,,,,,,,2,2,9,1.0,3
201200016545,0012-11-28 07:45:00,12,11,28,7,45,130,55,"71, TRA PARANGON",43.2414,5.37894,Plein jour,En agglomération,Hors intersection,Pluie forte,Autre collision,,,,,,,,,,,1,2,1,3.0,6
201200016546,0012-11-19 19:15:00,12,11,19,19,15,130,55,"31, RUE SAINT JEAN DU DE",43.3022,5.43782,Nuit avec éclairage allumé,En agglomération,Hors intersection,Normale,Deux véhicules - côté,,,,,,,,,,,5,2,1,1.0,3
201200016547,0012-11-13 18:40:00,12,11,13,18,40,130,55,"35, AVE DES FELIBRES",43.3115,5.42539,Nuit avec éclairage allumé,En agglomération,Hors intersection,Normale,Autre collision,,,,,,,,,,,5,2,1,1.0,6
201200016548,0012-11-27 18:15:00,12,11,27,18,15,130,55,"305, COR PRESIDENT JOHN",43.2756,5.35939,Crépuscule ou aube,En agglomération,Hors intersection,Pluie forte,Autre collision,,,,,,,,,,,2,2,1,3.0,6
201200016549,0012-11-10 11:00:00,12,11,10,11,0,130,55,"20, AVE DU MARECHAL FOCH",,,Plein jour,En agglomération,Hors intersection,Pluie légère,Autre collision,,,,,,,,,,,1,2,1,2.0,6
201200016550,0012-11-13 07:30:00,12,11,13,7,30,130,55,"105, AVE DE LA MADRAGUE",43.235,5.3602,Crépuscule ou aube,En agglomération,Intersection en T,Normale,Autre collision,,,,,,,,,,,2,2,3,1.0,6
201200016551,0012-11-06 10:50:00,12,11,6,10,50,130,55,"35, AVE DE LA FOURRAGERE",43.3019,5.43068,Plein jour,En agglomération,Hors intersection,Normale,Deux véhicules - côté,,,,,,,,,,,1,2,1,1.0,3
201200016552,0012-11-12 17:15:00,12,11,12,17,15,130,55,RUE ALBERT EINSTEIN,,,Crépuscule ou aube,En agglomération,Hors intersection,Normale,Autre collision,,,,,,,,,,,2,2,1,1.0,6
201200016553,0012-12-06 04:50:00,12,12,6,4,50,130,55,"421, RUE JEAN QUEILLAU",43.3371,5.3856,Nuit avec éclairage allumé,En agglomération,Hors intersection,Normale,Deux véhicules - frontale,,,,,,,,,,,5,2,1,1.0,1
201200016554,0012-11-13 16:00:00,12,11,13,16,0,130,55,"55, BD DES FAUVETTES",43.3149,5.43909,Plein jour,En agglomération,Hors intersection,Normale,Deux véhicules - côté,,,,,,,,,,,1,2,1,1.0,3