accident_id,datetime,annee,mois,jour,heure,minute,departement,commune_insee,adresse,latitude,longitude,luminosite,agglomeration,intersection,meteo,collision,nb_vehicules,nb_usagers,nb_indemnes,nb_tues,nb_blesses_hosp,nb_blesses_legers,age_cond_1,age_cond_2,veh_type_cond_1,veh_type_cond_2,lum_code,agg_code,int_code,atm_code,col_code
201200016678,0012-12-10 08:00:00,12,12,10,8,0,130,55,"1, AVE RAIMU",,,Crépuscule ou aube,En agglomération,Hors intersection,Pluie légère,Sans collision,,,,,,,,,,,2,2,1,2.0,7
201200016679,0012-12-17 11:30:00,12,12,17,11,30,130,55,AVE FREDERIC MISTRAL,,,Crépuscule ou aube,En agglomération,Hors intersection,Normale,Deux véhicules - côté,,,,,,,,,,,2,2,1,1.0,3
201200016680,0012-11-17 13:55:00,12,11,17,13,55,130,55,"12, BD LECCIA",43.3116,5.38914,Plein jour,En agglomération,Hors intersection,Normale,Deux véhicules - côté,,,,,,,,,,,1,2,1,1.0,3
201200016681,0012-11-09 13:15:00,12,11,9,13,15,130,55,BD DU CABOT,43.2601,5.41588,Plein jour,En agglomération,Intersection en T,Normale,Deux véhicules - côté,,,,,,,,,,,1,2,3,1.0,3
201200016682,0012-04-27 23:45:00,12,4,27,23,45,130,55,"217, AVE ROGER SALENGRO",43.3186,5.36785,Nuit avec éclairage allumé,En agglomération,Hors intersection,Normale,Deux véhicules - frontale,,,,,,,,,,,5,2,1,1.0,1
201200016683,0012-10-19 09:40:00,12,10,19,9,40,130,55,"69, BD RABATAU",,,Plein jour,En agglomération,Intersection en X,Normale,Autre collision,,,,,,,,,,,1,2,2,1.0,6
201200016684,0012-11-06 11:05:00,12,11,6,11,5,130,55,"5, AVE DE HAMBOURG",43.2542,5.38222,Plein jour,En agglomération,Hors intersection,Normale,Autre collision,,,,,,,,,,,1,2,1,1.0,6
201200016685,0012-11-12 07:10:00,12,11,12,7,10,130,55,"1, CHE DE LA NERTHE",43.3634,5.31579,Plein jour,En agglomération,Hors intersection,Normale,Deux véhicules - frontale,,,,,,,,,,,1,2,1,1.0,1
201200016686,0012-12-14 03:00:00,12,12,14,3,0,130,55,"26, RUE DES TROIS ROIS",43.294,5.38476,Nuit avec éclairage allumé,En agglomération,Hors intersection,Pluie légère,Sans collision,,,,,,,,,,,5,2,1,2.0,7
201200016687,0012-08-04 11:30:00,12,8,4,11,30,130,55,"23, PCE JULES GUESDE",43.3015,5.37401,Plein jour,En agglomération,Intersection en X,Normale,Deux véhicules - côté,,,,,,,,,,,1,2,2,1.0,3
201200016688,0012-11-16 19:00:00,12,11,16,19,0,130,55,"124, AVE ROGER SALENGRO",43.315,5.37022,Nuit avec éclairage allumé,En agglomération,Hors intersection,Normale,Autre collision,,,,,,,,,,,5,2,1,1.0,6
201200016689,0012-12-09 06:45:00,12,12,9,6,45,130,55,"91, AVE DES OLIVES",43.3276,5.43572,Crépuscule ou aube,En agglomération,Hors intersection,Normale,Deux véhicules - frontale,,,,,,,,,,,2,2,1,1.0,1
201200016690,0012-12-07 12:00:00,12,12,7,12,0,130,55,"1, BD DU BOSPHORE",43.3708,5.36394,Plein jour,En agglomération,Hors intersection,Normale,Autre collision,,,,,,,,,,,1,2,1,1.0,6
201200016691,0012-11-07 21:40:00,12,11,7,21,40,130,55,"20, CHE DE NOTRE DAME DE",43.3404,5.42419,Nuit avec éclairage allumé,En agglomération,Hors intersection,Normale,Deux véhicules - frontale,,,,,,,,,,,5,2,1,1.0,1
201200016692,0012-11-12 10:00:00,12,11,12,10,0,130,55,"241, BD NATIONAL",43.3107,5.37861,Plein jour,En agglomération,Hors intersection,Normale,Autre collision,,,,,,,,,,,1,2,1,1.0,6
201200016693,0012-12-03 15:00:00,12,12,3,15,0,130,55,RUE LA PARADE,,,Plein jour,En agglomération,Hors intersection,Normale,Deux véhicules - frontale,,,,,,,,,,,1,2,1,1.0,1
201200016694,0012-12-18 14:20:00,12,12,18,14,20,130,55,"32, AVE DE LA CROIX ROUG",43.3309,5.43199,Plein jour,En agglomération,Hors intersection,Normale,Autre collision,,,,,,,,,,,1,2,1,1.0,6
201200016695,0012-12-07 07:40:00,12,12,7,7,40,130,55,"2, BD ROLAND DORGELES",43.346,5.38108,Crépuscule ou aube,En agglomération,Hors intersection,Normale,Trois véhicules et plus - en chaîne,,,,,,,,,,,2,2,1,1.0,4
201200016696,0012-12-20 19:30:00,12,12,20,19,30,130,55,"92, BD PAUL CLAUDEL",43.2676,5.41127,Nuit avec éclairage allumé,En agglomération,Hors intersection,Pluie légère,Autre collision,,,,,,,,,,,5,2,1,2.0,6
201200016697,0012-11-07 00:05:00,12,11,7,0,5,130,55,"39, RUE DE LA LOGE",43.296,5.36626,Nuit avec éclairage allumé,En agglomération,Intersection en T,Normale,Deux véhicules - frontale,,,,,,,,,,,5,2,3,1.0,1
201200016698,0012-12-04 08:00:00,12,12,4,8,0,130,55,BD SAKAKINI,43.299,5.40099,Plein jour,En agglomération,Hors intersection,Normale,Deux véhicules - côté,,,,,,,,,,,1,2,1,1.0,3
201200016699,0012-11-28 17:30:00,12,11,28,17,30,130,75,"00, FR?D?RIC CHEVILLON (",,,Crépuscule ou aube,En agglomération,Hors intersection,Normale,Autre collision,,,,,,,,,,,2,2,1,1.0,6
201200016700,0012-10-14 17:00:00,12,10,14,17,0,130,55,"00, RUE PARADIS",,,Plein jour,En agglomération,Hors intersection,Normale,Autre collision,,,,,,,,,,,1,2,1,1.0,6
201200016701,0012-10-26 06:00:00,12,10,26,6,0,130,55,"00, RPT SAKAKINI JEANNE",,,Nuit avec éclairage allumé,En agglomération,Hors intersection,Normale,Deux véhicules - arrière,,,,,,,,,,,5,2,1,1.0,2
201200016702,0012-11-11 01:00:00,12,11,11,1,0,130,55,"126, BD DE LA CORDERIE",43.2899,5.36654,Nuit avec éclairage allumé,En agglomération,Hors intersection,Normale,Deux véhicules - arrière,,,,,,,,,,,5,2,1,1.0,2
201200016703,0012-12-17 16:30:00,12,12,17,16,30,130,55,"188, BD DE PARIS",43.3135,5.36808,Plein jour,En agglomération,Hors intersection,Normale,Deux véhicules - frontale,,,,,,,,,,,1,2,1,1.0,1
201200016704,0012-12-11 13:30:00,12,12,11,13,30,130,55,"8, RUE JORGI REBOUL",,,Plein jour,En agglomération,Hors intersection,Normale,Autre collision,,,,,,,,,,,1,2,1,1.0,6
201200016705,0012-12-22 16:45:00,12,12,22,16,45,130,55,"15, BD MAURICE BOURDET",43.3028,5.37943,Plein jour,En agglomération,Hors intersection,Normale,Sans collision,,,,,,,,,,,1,2,1,1.0,7
201200016706,0012-12-14 13:45:00,12,12,14,13,45,130,55,"111, RUE PIERRE DOIZE",43.2775,5.42747,Plein jour,En agglomération,Hors intersection,Pluie légère,Deux véhicules - arrière,,,,,,,,,,,1,2,1,2.0,2
201200016707,0012-12-16 05:15:00,12,12,16,5,15,130,55,BD MICHELET,43.2631,5.39632,Nuit avec éclairage allumé,En agglomération,Hors intersection,Normale,Deux véhicules - côté,,,,,,,,,,,5,2,1,1.0,3
201200016708,0012-12-07 17:45:00,12,12,7,17,45,130,55,"171, CHE DE LA MADRAGUE",43.3284,5.35937,Nuit avec éclairage allumé,En agglomération,Hors intersection,Pluie légère,Deux véhicules - côté,,,,,,,,,,,5,2,1,2.0,3
201200016709,0012-11-16 12:15:00,12,11,16,12,15,130,55,RUE DU CAMAS,43.2976,5.39349,Plein jour,En agglomération,Intersection en X,Normale,Deux véhicules - côté,,,,,,,,,,,1,2,2,1.0,3
201200016710,0012-12-04 11:15:00,12,12,4,11,15,130,55,BD EUGENE PIERRE,43.2978,5.39052,Plein jour,En agglomération,Hors intersection,Normale,Deux véhicules - côté,,,,,,,,,,,1,2,1,1.0,3
201200016711,0012-12-18 20:00:00,12,12,18,20,0,130,55,"69, AVE DE LA CORSE",43.2889,5.36075,Nuit avec éclairage allumé,En agglomération,Intersection en X,Normale,Deux véhicules - côté,,,,,,,,,,,5,2,2,1.0,3
201200016712,0012-12-23 16:00:00,12,12,23,16,0,130,55,BD DU MARECHAL JUIN,,,Plein jour,En agglomération,Hors intersection,Normale,Sans collision,,,,,,,,,,,1,2,1,1.0,7
201200016713,0012-12-19 11:10:00,12,12,19,11,10,130,55,"161, BD ROMAIN ROLLAND",43.2763,5.4181,Plein jour,En agglomération,Hors intersection,Normale,Autre collision,,,,,,,,,,,1,2,1,1.0,6
201200016714,0012-12-04 08:25:00,12,12,4,8,25,130,55,"66, BD BOUYALA D' ARNAUD",43.2998,5.43985,Plein jour,En agglomération,Hors intersection,Normale,Autre collision,,,,,,,,,,,1,2,1,1.0,6
201200016715,0012-12-20 16:25:00,12,12,20,16,25,130,55,RTE LEON LACHAMP,,,Nuit sans éclairage public,Hors agglomération,Hors intersection,Pluie légère,Sans collision,,,,,,,,,,,3,1,1,2.0,7
201200016716,0012-11-21 15:30:00,12,11,21,15,30,130,55,"435, RUE JEAN QUEILLAU",,,Plein jour,En agglomération,Hors intersection,Normale,Trois véhicules et plus - collisions multiples,,,,,,,,,,,1,2,1,1.0,5
201200016717,0012-10-11 20:15:00,12,10,11,20,15,130,55,"300, AVE DES TROIS LUCS",,,Crépuscule ou aube,En agglomération,Hors intersection,Normale,Autre collision,,,,,,,,,,,2,2,1,1.0,6
201200016718,0012-12-05 09:30:00,12,12,5,9,30,130,55,"378, AVE DE MAZARGUES",43.2589,5.3942,Plein jour,En agglomération,Intersection en T,Normale,Deux véhicules - côté,,,,,,,,,,,1,2,3,1.0,3
201200016719,0012-12-19 18:30:00,12,12,19,18,30,130,55,"268, AVE DE LA CAPELETTE",43.2792,5.41339,Nuit avec éclairage allumé,En agglomération,Hors intersection,Normale,Trois véhicules et plus - collisions multiples,,,,,,,,,,,5,2,1,1.0,5
201200016720,0012-12-11 12:50:00,12,12,11,12,50,130,55,"0, RUE BRETEUIL",,,Plein jour,En agglomération,Hors intersection,Normale,Autre collision,,,,,,,,,,,1,2,1,1.0,6
201200016721,0012-12-04 10:45:00,12,12,4,10,45,130,55,"00, RUE SAINT FERREOL",,,Plein jour,En agglomération,Hors intersection,Normale,Autre collision,,,,,,,,,,,1,2,1,1.0,6
201200016722,0012-11-01 09:30:00,12,11,1,9,30,130,55,10  RUE D IENA,43.2867,5.39035,Plein jour,En agglomération,Intersection en T,Normale,Deux véhicules - côté,,,,,,,,,,,1,2,3,1.0,3
201200016723,0012-11-20 00:30:00,12,11,20,0,30,130,55,"00, RUE DU DOCTEUR JEAN",,,Nuit avec éclairage allumé,En agglomération,Hors intersection,Normale,Deux véhicules - arrière,,,,,,,,,,,5,2,1,1.0,2
201200016724,0012-11-12 18:30:00,12,11,12,18,30,130,55,"00, BD DE LA LIBERTE",,,Nuit avec éclairage allumé,En agglomération,Hors intersection,Normale,Deux véhicules - frontale,,,,,,,,,,,5,2,1,1.0,1
201200016725,0012-11-29 10:45:00,12,11,29,10,45,130,55,"00, BD DE LA CORDERIE",,,Plein jour,En agglomération,Hors intersection,Normale,Autre collision,,,,,,,,,,,1,2,1,1.0,6
201200016726,0012-12-05 09:40:00,12,12,5,9,40,130,55,"26, AVE DE SAINT JULIEN",43.3047,5.41566,Plein jour,En agglomération,Hors intersection,Normale,Deux véhicules - côté,,,,,,,,,,,1,2,1,1.0,3
201200016727,0012-12-15 06:00:00,12,12,15,6,0,130,55,"50, AVE DU DOCTEUR HECKE",43.2875,5.44177,Nuit avec éclairage allumé,En agglomération,Hors intersection,Pluie légère,Deux véhicules - frontale,,,,,,,,,,,5,2,1,2.0,1
201200016728,0012-12-17 21:20:00,12,12,17,21,20,130,55,"90, AVE DU PRADO",43.282,5.38597,Nuit avec éclairage allumé,En agglomération,Hors intersection,Normale,Autre collision,,,,,,,,,,,5,2,1,1.0,6
201200016729,0012-12-10 07:45:00,12,12,10,7,45,130,55,"675, AVE DE MAZARGUES",43.2501,5.39596,Plein jour,En agglomération,Intersection en T,Normale,Deux véhicules - côté,,,,,,,,,,,1,2,3,1.0,3
201200016730,0012-12-29 21:00:00,12,12,29,21,0,130,2,"7, BAUQUIERE (CHEMIN DE",43.2319,5.55529,Nuit avec éclairage allumé,En agglomération,Intersection en Y,Normale,Autre collision,,,,,,,,,,,5,2,4,1.0,6
201200016731,0012-12-30 02:50:00,12,12,30,2,50,130,55,AVE DU CAP PINEDE ROC 3,43.327,5.35812,Nuit avec éclairage allumé,En agglomération,Intersection en T,Normale,Autre collision,,,,,,,,,,,5,2,3,1.0,6
201200016732,0012-12-29 06:00:00,12,12,29,6,0,130,55,"34, BD DU CAPITAINE GEZE",43.3303,5.37039,Nuit avec éclairage allumé,En agglomération,Hors intersection,Normale,Deux véhicules - arrière,,,,,,,,,,,5,2,1,1.0,2
201200016733,0012-05-04 15:00:00,12,5,4,15,0,130,55,"65, RUE BRETEUIL",,,Plein jour,En agglomération,Hors intersection,Normale,Sans collision,,,,,,,,,,,1,2,1,1.0,7
201200016734,0012-11-24 17:40:00,12,11,24,17,40,130,55,"12, BD DE LA RADE",43.2869,5.35255,Nuit avec éclairage allumé,En agglomération,Intersection en T,Normale,Deux véhicules - côté,,,,,,,,,,,5,2,3,1.0,3
201200016735,0012-02-28 12:30:00,12,2,28,12,30,130,55,"47, RUE AUGUSTIN AUBERT",,,Plein jour,En agglomération,Hors intersection,Normale,Deux véhicules - côté,,,,,,,,,,,1,2,1,1.0,3
201200016736,0012-02-16 05:20:00,12,2,16,5,20,130,55,"201, BD DE SAINTE MARGUE",,,Nuit avec éclairage allumé,En agglomération,Intersection en X,Normale,Deux véhicules - côté,,,,,,,,,,,5,2,2,1.0,3
201200016737,0012-10-10 13:50:00,12,10,10,13,50,130,55,TRA DE LA MONTRE,,,Plein jour,En agglomération,Hors intersection,Normale,Deux véhicules - arrière,,,,,,,,,,,1,2,1,1.0,2
201200016738,0012-07-26 07:00:00,12,7,26,7,0,130,55,AVE DU PRADO,,,Crépuscule ou aube,En agglomération,Hors intersection,Normale,Deux véhicules - côté,,,,,,,,,,,2,2,1,1.0,3
201200016739,0012-02-28 14:05:00,12,2,28,14,5,130,55,"25, AVE LOUIS MALOSSE",,,Plein jour,En agglomération,Hors intersection,Normale,Autre collision,,,,,,,,,,,1,2,1,1.0,6
201200016740,0012-05-14 08:30:00,12,5,14,8,30,130,55,"2, BD DES FABRES",,,Crépuscule ou aube,En agglomération,Intersection en X,Normale,Deux véhicules - côté,,,,,,,,,,,2,2,2,1.0,3
201200016741,0012-09-17 08:30:00,12,9,17,8,30,130,55,"87, AVE DES CAILLOLS",,,Plein jour,En agglomération,Hors intersection,Normale,Deux véhicules - côté,,,,,,,,,,,1,2,1,1.0,3
201200016742,0012-04-20 19:45:00,12,4,20,19,45,130,55,"97, CHE DE MIMET",,,Plein jour,En agglomération,Hors intersection,Normale,Deux véhicules - frontale,,,,,,,,,,,1,2,1,1.0,1
201200016743,0012-04-22 19:30:00,12,4,22,19,30,130,55,"201, AVE DE SAINT ANTOIN",,,Crépuscule ou aube,En agglomération,Intersection en T,Normale,Deux véhicules - arrière,,,,,,,,,,,2,2,3,1.0,2
201200016744,0012-06-30 01:35:00,12,6,30,1,35,130,55,"10, RUE DU GENIE",,,Nuit avec éclairage allumé,Hors agglomération,Hors intersection,Normale,Autre collision,,,,,,,,,,,5,1,1,1.0,6
201200016745,0012-07-21 23:15:00,12,7,21,23,15,130,55,"25, AVE FRANCOIS MIGNET",,,Nuit avec éclairage allumé,En agglomération,Intersection en T,Normale,Deux véhicules - côté,,,,,,,,,,,5,2,3,1.0,3
201200016746,0012-09-17 13:30:00,12,9,17,13,30,130,55,"371, CHE DE LA MADRAGUE",,,Plein jour,En agglomération,Hors intersection,Normale,Autre collision,,,,,,,,,,,1,2,1,1.0,6
201200016747,0012-09-23 15:50:00,12,9,23,15,50,130,55,AVE DE LA CROIX ROUGE,,,Plein jour,En agglomération,Hors intersection,Normale,Deux véhicules - frontale,,,,,,,,,,,1,2,1,1.0,1
201200016748,0012-11-10 13:00:00,12,11,10,13,0,130,55,"1, AVE ARNAVON",,,Plein jour,En agglomération,Hors intersection,Pluie forte,Deux véhicules - arrière,,,,,,,,,,,1,2,1,3.0,2
201200016749,0012-12-17 16:20:00,12,12,17,16,20,130,55,"28, BD DE LA PADOUANE",,,Plein jour,En agglomération,Hors intersection,Normale,Trois véhicules et plus - en chaîne,,,,,,,,,,,1,2,1,1.0,4
201200016750,0012-01-17 17:30:00,12,1,17,17,30,130,2,1 JEAN GIONO (AVENUE),43.33228,5.48464,Crépuscule ou aube,En agglomération,Intersection en X,Normale,Deux véhicules - côté,,,,,,,,,,,2,2,2,1.0,3
201200016751,0012-06-30 19:30:00,12,6,30,19,30,130,55,AVE LOUIS MALOSSE,,,Plein jour,En agglomération,Intersection en T,Normale,Deux véhicules - côté,,,,,,,,,,,1,2,3,1.0,3
201200016752,0012-01-12 12:45:00,12,1,12,12,45,130,56,TURCAN FRANCIS,,,Plein jour,En agglomération,Intersection en X,Normale,Trois véhicules et plus - collisions multiples,,,,,,,,,,,1,2,2,1.0,5
201200016753,0012-01-20 19:00:00,12,1,20,19,0,130,56,RN 568,,,Nuit sans éclairage public,Hors agglomération,Hors intersection,Normale,Autre collision,,,,,,,,,,,3,1,1,1.0,6
201200016754,0012-01-24 22:25:00,12,1,24,22,25,130,39,RN 568,43.4879,4.88485,Nuit sans éclairage public,Hors agglomération,Hors intersection,Normale,Autre collision,,,,,,,,,,,3,1,1,1.0,6
201200016755,0012-01-04 07:30:00,12,1,4,7,30,130,77,THOREZ MAURICE (AVENUE),,,Plein jour,En agglomération,Hors intersection,Normale,Deux véhicules - côté,,,,,,,,,,,1,2,1,1.0,3
201200016756,0012-01-05 17:00:00,12,1,5,17,0,130,56,PORT DE LAVERA ROUTE DU,,,Plein jour,En agglomération,Hors intersection,Normale,Deux véhicules - côté,,,,,,,,,,,1,2,1,1.0,3
201200016757,0012-01-06 07:50:00,12,1,6,7,50,130,26,CHATEAU MOUSTIER (BLD DU,43.3871,5.15142,Plein jour,En agglomération,Intersection en T,Normale,Deux véhicules - côté,,,,,,,,,,,1,2,3,1.0,3
201200016758,0012-01-14 15:55:00,12,1,14,15,55,130,26,VALAMPE (BLD DE LA),,,Plein jour,En agglomération,Hors intersection,Normale,Deux véhicules - arrière,,,,,,,,,,,1,2,1,1.0,2
201200016759,0012-01-20 17:35:00,12,1,20,17,35,130,56,COLLINE ROUTE DE LA,,,Plein jour,En agglomération,Hors intersection,Normale,Autre collision,,,,,,,,,,,1,2,1,1.0,6
201200016760,0012-01-20 18:10:00,12,1,20,18,10,130,39,PINS (ALL?E DES),,,Nuit avec éclairage allumé,En agglomération,Hors intersection,Normale,Autre collision,,,,,,,,,,,5,2,1,1.0,6
201200016761,0012-01-23 17:50:00,12,1,23,17,50,130,56,JOLIOT CURIE BOULEVARD I,,,Nuit avec éclairage allumé,En agglomération,Hors intersection,Vent fort / tempête,Deux véhicules - côté,,,,,,,,,,,5,2,1,6.0,3
201200016762,0012-02-08 15:00:00,12,2,8,15,0,130,39,RN 568,,,Plein jour,Hors agglomération,Hors intersection,Normale,Deux véhicules - arrière,,,,,,,,,,,1,1,1,1.0,2
201200016763,0012-01-02 12:05:00,12,1,2,12,5,130,56,INTERSECTION,43.4142,5.03826,Plein jour,En agglomération,Hors intersection,Pluie forte,Deux véhicules - arrière,,,,,,,,,,,1,2,1,3.0,2
201200016764,0012-01-16 16:55:00,12,1,16,16,55,130,26,RN 568 CLM,,,Plein jour,Hors agglomération,Hors intersection,Normale,Deux véhicules - côté,,,,,,,,,,,1,1,1,1.0,3
201200016765,0012-02-21 11:45:00,12,2,21,11,45,130,39,"0, ROUTE NATIONALE 569",,,Plein jour,En agglomération,Hors intersection,Normale,Deux véhicules - frontale,,,,,,,,,,,1,2,1,1.0,1
201200016766,0012-02-12 15:35:00,12,2,12,15,35,130,56,ROSERON,,,Plein jour,Hors agglomération,Hors intersection,Normale,Autre collision,,,,,,,,,,,1,1,1,1.0,6
201200016767,0012-02-25 12:20:00,12,2,25,12,20,130,77,REPUBLIQUE (AVENUE DE LA,,,Plein jour,En agglomération,Hors intersection,Normale,Deux véhicules - arrière,,,,,,,,,,,1,2,1,1.0,2
201200016768,0012-02-26 08:00:00,12,2,26,8,0,130,56,GAULLE AVENUE CHARLES DE,,,Plein jour,En agglomération,Hors intersection,Normale,Trois véhicules et plus - collisions multiples,,,,,,,,,,,1,2,1,1.0,5
201200016769,0012-02-23 16:00:00,12,2,23,16,0,130,39,RN 545,,,Plein jour,Hors agglomération,Hors intersection,Normale,Deux véhicules - arrière,,,,,,,,,,,1,1,1,1.0,2
201200016770,0012-02-03 16:50:00,12,2,3,16,50,130,56,BARBOUSSADE CHEMIN DE,,,Plein jour,En agglomération,Hors intersection,Normale,Trois véhicules et plus - collisions multiples,,,,,,,,,,,1,2,1,1.0,5
201200016771,0012-02-20 18:00:00,12,2,20,18,0,130,56,RD 49,,,Crépuscule ou aube,Hors agglomération,Hors intersection,Normale,Sans collision,,,,,,,,,,,2,1,1,1.0,7
201200016772,0012-02-23 08:50:00,12,2,23,8,50,130,56,FOURNIER BOULEVARD HELEN,,,Plein jour,En agglomération,Hors intersection,Normale,Trois véhicules et plus - en chaîne,,,,,,,,,,,1,2,1,1.0,4
201200016773,0012-03-14 13:45:00,12,3,14,13,45,130,77,NERUDA PABLO (AVENUE),,,Plein jour,En agglomération,Hors intersection,Normale,Autre collision,,,,,,,,,,,1,2,1,1.0,6
201200016774,0012-03-21 13:00:00,12,3,21,13,0,130,56,FORT DE BOUC ROUTE DU,,,Plein jour,Hors agglomération,Hors intersection,Normale,Deux véhicules - côté,,,,,,,,,,,1,1,1,1.0,3
201200016775,0012-03-28 09:20:00,12,3,28,9,20,130,56,CD 5 (Route d'Istres),,,Plein jour,Hors agglomération,Hors intersection,Normale,Deux véhicules - frontale,,,,,,,,,,,1,1,1,1.0,1
201200016776,0012-03-02 17:25:00,12,3,2,17,25,130,39,ROUTE NATIONALE 569,,,Plein jour,Hors agglomération,Hors intersection,Normale,Deux véhicules - arrière,,,,,,,,,,,1,1,1,1.0,2
201200016777,0012-03-05 07:45:00,12,3,5,7,45,130,77,RN 568,,,Plein jour,Hors agglomération,Hors intersection,Vent fort / tempête,Sans collision,,,,,,,,,,,1,1,1,6.0,7
201200016778,0012-03-09 19:35:00,12,3,9,19,35,130,39,RN 568,,,Nuit sans éclairage public,Hors agglomération,Hors intersection,Normale,Deux véhicules - arrière,,,,,,,,,,,3,1,1,1.0,2
201200016779,0012-03-10 10:20:00,12,3,10,10,20,130,39,"0, MICHEL LOUISE (AVENUE",43.4651,4.94085,Plein jour,En agglomération,Hors intersection,Normale,Deux véhicules - arrière,,,,,,,,,,,1,2,1,1.0,2
201200016780,0012-04-10 08:16:00,12,4,10,8,16,130,56,OLIVES CHEMIN DES,,,Plein jour,En agglomération,Hors intersection,Normale,Trois véhicules et plus - collisions multiples,,,,,,,,,,,1,2,1,1.0,5
201200016781,0012-02-28 17:35:00,12,2,28,17,35,130,77,D 50,,,Plein jour,Hors agglomération,Intersection en T,Normale,Deux véhicules - frontale,,,,,,,,,,,1,1,3,1.0,1
201200016782,0012-03-16 06:50:00,12,3,16,6,50,130,56,RAYETTES,,,Crépuscule ou aube,En agglomération,Hors intersection,Normale,Deux véhicules - côté,,,,,,,,,,,2,2,1,1.0,3
201200016783,0012-03-16 08:00:00,12,3,16,8,0,130,39,ROUTE NATIONALE 569,,,Plein jour,Hors agglomération,Hors intersection,Normale,Autre collision,,,,,,,,,,,1,1,1,1.0,6
201200016784,0012-03-17 13:00:00,12,3,17,13,0,130,56,CALMETTE ET GUERIN AVENU,,,Plein jour,En agglomération,Intersection en X,Normale,Deux véhicules - côté,,,,,,,,,,,1,2,2,1.0,3
201200016785,0012-03-23 06:50:00,12,3,23,6,50,130,39,SONDE (CHEMIN DE LA),43.4495,4.92661,Plein jour,Hors agglomération,Intersection en T,Normale,Deux véhicules - frontale,,,,,,,,,,,1,1,3,1.0,1
201200016786,0012-03-21 07:20:00,12,3,21,7,20,130,26,FERRY (RUE JULES),,,Plein jour,En agglomération,Hors intersection,Normale,Deux véhicules - frontale,,,,,,,,,,,1,2,1,1.0,1
201200016787,0012-04-04 16:05:00,12,4,4,16,5,130,77,THOREZ MAURICE (AVENUE),,,Plein jour,En agglomération,Intersection en T,Normale,Deux véhicules - frontale,,,,,,,,,,,1,2,3,1.0,1
201200016788,0012-04-11 07:25:00,12,4,11,7,25,130,39,ROUTE NATIONALE 569,,,Crépuscule ou aube,Hors agglomération,Hors intersection,Normale,Deux véhicules - frontale,,,,,,,,,,,2,1,1,1.0,1
201200016789,0012-04-19 16:25:00,12,4,19,16,25,130,56,CD 5 (ROUTE D'ISTRES),,,Plein jour,En agglomération,Hors intersection,Normale,Deux véhicules - côté,,,,,,,,,,,1,2,1,1.0,3
201200016790,0012-04-12 17:00:00,12,4,12,17,0,130,56,PORT DE LAVERA ROUTE DU,,,Plein jour,En agglomération,Hors intersection,Normale,Deux véhicules - arrière,,,,,,,,,,,1,2,1,1.0,2
201200016791,0012-04-14 15:45:00,12,4,14,15,45,130,56,BARBOUSSADE CHEMIN DE,,,Plein jour,En agglomération,Intersection en T,Normale,Sans collision,,,,,,,,,,,1,2,3,1.0,7
201200016792,0012-04-14 12:15:00,12,4,14,12,15,130,39,PLAGES (ROUTE DES),,,Plein jour,Hors agglomération,Hors intersection,Normale,Autre collision,,,,,,,,,,,1,1,1,1.0,6
201200016793,0012-04-20 11:30:00,12,4,20,11,30,130,39,MOULIN JEAN (AVENUE),,,Plein jour,En agglomération,Intersection en X,Normale,Deux véhicules - arrière,,,,,,,,,,,1,2,2,1.0,2
201200016794,0012-04-21 14:55:00,12,4,21,14,55,130,56,FLEMING AVENUE DU ALEXAN,,,Plein jour,En agglomération,Intersection en X,Normale,Deux véhicules - arrière,,,,,,,,,,,1,2,2,1.0,2
201200016795,0012-04-23 21:25:00,12,4,23,21,25,130,56,RAYETTES,,,Nuit avec éclairage allumé,En agglomération,Hors intersection,Normale,Deux véhicules - côté,,,,,,,,,,,5,2,1,1.0,3
201200016796,0012-05-24 21:20:00,12,5,24,21,20,130,56,BASTIDES ROUTE DES,,,Nuit sans éclairage public,Hors agglomération,Hors intersection,Normale,Sans collision,,,,,,,,,,,3,1,1,1.0,7
201200016797,0012-05-01 21:00:00,12,5,1,21,0,130,26,JAI (PLAGE DU),,,Nuit avec éclairage allumé,Hors agglomération,Hors intersection,Normale,Sans collision,,,,,,,,,,,5,1,1,1.0,7
201200016798,0012-05-02 08:15:00,12,5,2,8,15,130,56,FLEMING AVENUE DU ALEXAN,,,Plein jour,En agglomération,Intersection en T,Normale,Deux véhicules - arrière,,,,,,,,,,,1,2,3,1.0,2
201200016799,0012-05-05 17:45:00,12,5,5,17,45,130,39,RN 568,,,Plein jour,Hors agglomération,Hors intersection,Normale,Autre collision,,,,,,,,,,,1,1,1,1.0,6
201200016800,0012-05-07 17:40:00,12,5,7,17,40,130,26,AV DE LA LARDI?RE,43.3908,5.14441,Plein jour,En agglomération,Hors intersection,Normale,Autre collision,,,,,,,,,,,1,2,1,1.0,6
201200016801,0012-05-09 14:10:00,12,5,9,14,10,130,26,CD 9,,,Plein jour,Hors agglomération,Hors intersection,Normale,Deux véhicules - côté,,,,,,,,,,,1,1,1,1.0,3
201200016802,0012-05-11 19:30:00,12,5,11,19,30,130,77,MILLE CLEMENT (AVENUE),,,Plein jour,Hors agglomération,Hors intersection,Normale,Deux véhicules - frontale,,,,,,,,,,,1,1,1,1.0,1
201200016803,0012-05-19 17:47:00,12,5,19,17,47,130,56,FLEMING AVENUE DU ALEXAN,,,Plein jour,En agglomération,Hors intersection,Normale,Deux véhicules - côté,,,,,,,,,,,1,2,1,1.0,3