accident_id,datetime,annee,mois,jour,heure,minute,departement,commune_insee,adresse,latitude,longitude,luminosite,agglomeration,intersection,meteo,collision,nb_vehicules,nb_usagers,nb_indemnes,nb_tues,nb_blesses_hosp,nb_blesses_legers,age_cond_1,age_cond_2,veh_type_cond_1,veh_type_cond_2,lum_code,agg_code,int_code,atm_code,col_code
201200016804,0012-05-20 16:30:00,12,5,20,16,30,130,56,ROSERON,,,Plein jour,Hors agglomération,Hors intersection,Pluie légère,Deux véhicules - frontale,,,,,,,,,,,1,1,1,2.0,1
201200016805,0012-05-26 15:05:00,12,5,26,15,5,130,56,PARADIS SAINT-ROCH AVENU,,,Plein jour,En agglomération,Hors intersection,Normale,Deux véhicules - côté,,,,,,,,,,,1,2,1,1.0,3
201200016806,0012-05-26 20:15:00,12,5,26,20,15,130,56,"08, LECLERC QUAI GENERAL",,,Crépuscule ou aube,En agglomération,Hors intersection,Normale,Autre collision,,,,,,,,,,,2,2,1,1.0,6
201200016807,0012-05-28 12:02:00,12,5,28,12,2,130,77,LA TREMIE (ACC?S RN 568,,,Plein jour,En agglomération,Autre intersection,Normale,Deux véhicules - arrière,,,,,,,,,,,1,2,9,1.0,2
201200016808,0012-05-25 18:50:00,12,5,25,18,50,130,39,DE GAULLE GENERAL (AVENU,,,Crépuscule ou aube,En agglomération,Hors intersection,Normale,Deux véhicules - côté,,,,,,,,,,,2,2,1,1.0,3
201200016809,0012-05-30 13:50:00,12,5,30,13,50,130,77,MISTRAL FREDERIC (AVENUE,,,Plein jour,En agglomération,Hors intersection,Normale,Deux véhicules - côté,,,,,,,,,,,1,2,1,1.0,3
201200016810,0012-06-04 10:12:00,12,6,4,10,12,130,77,RN 568,,,Plein jour,Hors agglomération,Hors intersection,Normale,Deux véhicules - arrière,,,,,,,,,,,1,1,1,1.0,2
201200016811,0012-06-06 10:30:00,12,6,6,10,30,130,56,PORT DE BOUC ROUTE DE,,,Plein jour,En agglomération,Hors intersection,Normale,Deux véhicules - côté,,,,,,,,,,,1,2,1,1.0,3
201200016812,0012-06-04 18:00:00,12,6,4,18,0,130,26,FERRY (RUE JULES),43.3866,5.16173,Plein jour,En agglomération,Intersection en T,Normale,Deux véhicules - côté,,,,,,,,,,,1,2,3,1.0,3
201200016813,0012-06-05 06:15:00,12,6,5,6,15,130,77,MILLE CLEMENT (AVENUE),,,Plein jour,En agglomération,Hors intersection,Normale,Autre collision,,,,,,,,,,,1,2,1,1.0,6
201200016814,0012-09-25 15:10:00,12,9,25,15,10,130,77,SAND GEORGE (RUE),,,Plein jour,En agglomération,Hors intersection,Normale,Autre collision,,,,,,,,,,,1,2,1,1.0,6
201200016815,0012-06-12 12:00:00,12,6,12,12,0,130,56,FLEMING AVENUE DU ALEXAN,,,Plein jour,En agglomération,Intersection en T,Normale,Deux véhicules - côté,,,,,,,,,,,1,2,3,1.0,3
201200016816,0012-06-13 18:10:00,12,6,13,18,10,130,56,RD 49,,,Plein jour,En agglomération,Hors intersection,Normale,Sans collision,,,,,,,,,,,1,2,1,1.0,7
201200016817,0012-06-23 08:45:00,12,6,23,8,45,130,56,GIRONDINS (QUAI DES),43.4075,5.05449,Plein jour,En agglomération,Hors intersection,Temps éblouissant,Autre collision,,,,,,,,,,,1,2,1,7.0,6
201200016818,0012-06-24 19:20:00,12,6,24,19,20,130,56,MICHEL BOULEVARD LOUISE,,,Plein jour,En agglomération,Intersection en X,Normale,Deux véhicules - côté,,,,,,,,,,,1,2,2,1.0,3
201200016819,0012-06-21 08:50:00,12,6,21,8,50,130,56,PARADIS SAINT-ROCH AVENU,,,Plein jour,En agglomération,Hors intersection,Normale,Deux véhicules - côté,,,,,,,,,,,1,2,1,1.0,3
201200016820,0012-06-19 08:20:00,12,6,19,8,20,130,26,BRICARD (ROND-POINT DU),,,Plein jour,En agglomération,Hors intersection,Normale,Deux véhicules - côté,,,,,,,,,,,1,2,1,1.0,3
201200016821,0012-07-01 18:15:00,12,7,1,18,15,130,39,ROUTE NATIONALE 569,,,Plein jour,Hors agglomération,Hors intersection,Normale,Sans collision,,,,,,,,,,,1,1,1,1.0,7
201200016822,0012-06-30 12:00:00,12,6,30,12,0,130,56,PORT DE LAVERA ROUTE DU,,,Plein jour,En agglomération,Autre intersection,Normale,Deux véhicules - arrière,,,,,,,,,,,1,2,9,1.0,2
201200016823,0012-06-30 12:00:00,12,6,30,12,0,130,26,FERRY (RUE JULES),43.3862,5.16934,Plein jour,En agglomération,Intersection en X,Normale,Deux véhicules - côté,,,,,,,,,,,1,2,2,1.0,3
201200016824,0012-07-02 17:15:00,12,7,2,17,15,130,56,FLEMING AVENUE DU ALEXAN,43.4135,5.05691,Plein jour,En agglomération,Intersection en T,Normale,Deux véhicules - côté,,,,,,,,,,,1,2,3,1.0,3
201200016825,0012-07-06 11:40:00,12,7,6,11,40,130,77,SAINT JEAN (CHEMIN DE),,,Plein jour,Hors agglomération,Hors intersection,Normale,Deux véhicules - côté,,,,,,,,,,,1,1,1,1.0,3
201200016826,0012-07-13 07:45:00,12,7,13,7,45,130,26,"12, PATAFLOUX (CHEMIN DE",,,Plein jour,En agglomération,Hors intersection,Normale,Deux véhicules - côté,,,,,,,,,,,1,2,1,1.0,3
201200016827,0012-07-19 10:30:00,12,7,19,10,30,130,26,ANCIENS COMBATTANTS (ave,,,Plein jour,Hors agglomération,Hors intersection,Normale,Autre collision,,,,,,,,,,,1,1,1,1.0,6
201200016828,0012-07-23 16:35:00,12,7,23,16,35,130,56,ROUTE DU PORT DE LAVERA,,,Plein jour,En agglomération,Hors intersection,Normale,Deux véhicules - frontale,,,,,,,,,,,1,2,1,1.0,1
201200016829,0012-07-24 18:45:00,12,7,24,18,45,130,56,PARADIS CHEMIN DE,,,Plein jour,En agglomération,Hors intersection,Normale,Deux véhicules - côté,,,,,,,,,,,1,2,1,1.0,3
201200016830,0012-07-26 09:45:00,12,7,26,9,45,130,56,PORT DE BOUC ROUTE DE,,,Plein jour,En agglomération,Autre intersection,Normale,Sans collision,,,,,,,,,,,1,2,9,1.0,7
201200016831,0012-08-05 14:15:00,12,8,5,14,15,130,26,RN 568 CLM,,,Plein jour,Hors agglomération,Hors intersection,Normale,Autre collision,,,,,,,,,,,1,1,1,1.0,6
201200016832,0012-08-06 19:30:00,12,8,6,19,30,130,56,PARADIS SAINT-ROCH AVENU,,,Plein jour,En agglomération,Hors intersection,Normale,Autre collision,,,,,,,,,,,1,2,1,1.0,6
201200016833,0012-08-11 14:00:00,12,8,11,14,0,130,26,RN 568,,,Plein jour,Hors agglomération,Hors intersection,Normale,Deux véhicules - frontale,,,,,,,,,,,1,1,1,1.0,1
201200016834,0012-08-11 11:20:00,12,8,11,11,20,130,56,TURCAN FRANCIS,,,Plein jour,En agglomération,Intersection en X,Normale,Deux véhicules - côté,,,,,,,,,,,1,2,2,1.0,3
201200016835,0012-08-23 18:10:00,12,8,23,18,10,130,39,FOSSETTE (ROND-POINT DE,,,Plein jour,Hors agglomération,Hors intersection,Normale,Deux véhicules - arrière,,,,,,,,,,,1,1,1,1.0,2
201200016836,0012-08-24 22:00:00,12,8,24,22,0,130,56,"201, SAUSSET",,,Nuit avec éclairage allumé,Hors agglomération,Intersection en X,Normale,Sans collision,,,,,,,,,,,5,1,2,1.0,7
201200016837,0012-08-26 18:00:00,12,8,26,18,0,130,26,RN 568 CLM,,,Plein jour,Hors agglomération,Hors intersection,Normale,Deux véhicules - frontale,,,,,,,,,,,1,1,1,1.0,1
201200016838,0012-08-21 07:15:00,12,8,21,7,15,130,56,COURONNE,,,Crépuscule ou aube,Hors agglomération,Hors intersection,Brouillard / fumée,Deux véhicules - frontale,,,,,,,,,,,2,1,1,5.0,1
201200016839,0012-08-28 19:30:00,12,8,28,19,30,130,77,SAINT MITRE (ROUTE DE),,,Crépuscule ou aube,Hors agglomération,Hors intersection,Normale,Deux véhicules - frontale,,,,,,,,,,,2,1,1,1.0,1
201200016840,0012-08-13 06:10:00,12,8,13,6,10,130,26,QUATORZE JUILLET (AVENUE,,,Crépuscule ou aube,En agglomération,Hors intersection,Normale,Sans collision,,,,,,,,,,,2,2,1,1.0,7
201200016841,0012-08-16 16:40:00,12,8,16,16,40,130,56,ELUARD BOULEVARD PAUL,,,Plein jour,En agglomération,Hors intersection,Normale,Deux véhicules - côté,,,,,,,,,,,1,2,1,1.0,3
201200016842,0012-08-17 16:30:00,12,8,17,16,30,130,26,CURIE (BLD PIERRE ET MAR,,,Plein jour,En agglomération,Intersection en T,Normale,Deux véhicules - côté,,,,,,,,,,,1,2,3,1.0,3
201200016843,0012-08-24 14:00:00,12,8,24,14,0,130,39,RN 568,,,Plein jour,Hors agglomération,Hors intersection,Normale,Deux véhicules - arrière,,,,,,,,,,,1,1,1,1.0,2
201200016844,0012-08-31 07:55:00,12,8,31,7,55,130,56,GAMBACCINI AVENUE HENRI,,,Plein jour,En agglomération,Hors intersection,Normale,Deux véhicules - côté,,,,,,,,,,,1,2,1,1.0,3
201200016845,0012-09-06 07:10:00,12,9,6,7,10,130,39,"245, ROUTE NATIONALE 569",,,Plein jour,Hors agglomération,Hors intersection,Normale,Deux véhicules - côté,,,,,,,,,,,1,1,1,1.0,3
201200016846,0012-08-09 10:05:00,12,8,9,10,5,130,56,QUATORZE JUILLET,,,Plein jour,En agglomération,Hors intersection,Normale,Autre collision,,,,,,,,,,,1,2,1,1.0,6
201200016847,0012-10-01 05:25:00,12,10,1,5,25,130,39,RN 568,,,Nuit sans éclairage public,Hors agglomération,Hors intersection,Normale,Autre collision,,,,,,,,,,,3,1,1,1.0,6
201200016848,0012-10-06 17:20:00,12,10,6,17,20,130,56,TURCAN FRANCIS,,,Plein jour,En agglomération,Hors intersection,Normale,Deux véhicules - arrière,,,,,,,,,,,1,2,1,1.0,2
201200016849,0012-10-06 10:15:00,12,10,6,10,15,130,56,TURCAN FRANCIS,,,Plein jour,En agglomération,Hors intersection,Normale,Trois véhicules et plus - en chaîne,,,,,,,,,,,1,2,1,1.0,4
201200016850,0012-10-10 17:25:00,12,10,10,17,25,130,26,ROUSSEAU JEAN-JACQUES (B,,,Plein jour,Hors agglomération,Hors intersection,Normale,Deux véhicules - arrière,,,,,,,,,,,1,1,1,1.0,2
201200016851,0012-10-10 16:30:00,12,10,10,16,30,130,56,TURCAN FRANCIS,43.414,5.05552,Plein jour,En agglomération,Hors intersection,Normale,Deux véhicules - arrière,,,,,,,,,,,1,2,1,1.0,2
201200016852,0012-10-13 17:15:00,12,10,13,17,15,130,56,SAUSSET,,,Plein jour,Hors agglomération,Hors intersection,Normale,Deux véhicules - frontale,,,,,,,,,,,1,1,1,1.0,1
201200016853,0012-10-16 17:30:00,12,10,16,17,30,130,56,AV PARADIS ST ROCH,43.4044,5.04254,Plein jour,En agglomération,Intersection en Y,Normale,Deux véhicules - côté,,,,,,,,,,,1,2,4,1.0,3
201200016854,0012-10-23 16:45:00,12,10,23,16,45,130,56,ROUTE DU PORT DE LAVERA,,,Plein jour,En agglomération,Hors intersection,Normale,Deux véhicules - arrière,,,,,,,,,,,1,2,1,1.0,2
201200016855,0012-10-25 08:40:00,12,10,25,8,40,130,56,OLIVE AVENUE JULIEN,,,Plein jour,En agglomération,Autre intersection,Normale,Deux véhicules - frontale,,,,,,,,,,,1,2,9,1.0,1
201200016856,0012-10-25 07:30:00,12,10,25,7,30,130,39,RN 568,,,Crépuscule ou aube,Hors agglomération,Hors intersection,Normale,Deux véhicules - arrière,,,,,,,,,,,2,1,1,1.0,2
201200016857,0012-10-27 16:00:00,12,10,27,16,0,130,56,QUATRE SEPTEMBRE COURS D,,,Plein jour,En agglomération,Hors intersection,Normale,Autre collision,,,,,,,,,,,1,2,1,1.0,6
201200016858,0012-11-02 13:55:00,12,11,2,13,55,130,77,D 50,43.4226,5.00444,Plein jour,Hors agglomération,Intersection en T,Normale,Trois véhicules et plus - collisions multiples,,,,,,,,,,,1,1,3,1.0,5
201200016859,0012-11-06 15:15:00,12,11,6,15,15,130,56,KLEBER QUAI JEAN BAPTIST,,,Plein jour,En agglomération,Hors intersection,Normale,Autre collision,,,,,,,,,,,1,2,1,1.0,6
201200016860,0012-11-06 10:30:00,12,11,6,10,30,130,39,RN 568,,,Plein jour,Hors agglomération,Hors intersection,Normale,Deux véhicules - arrière,,,,,,,,,,,1,1,1,1.0,2
201200016861,0012-11-13 01:45:00,12,11,13,1,45,130,26,RN 568 CLM,,,Nuit sans éclairage public,En agglomération,Hors intersection,Normale,Autre collision,,,,,,,,,,,3,2,1,1.0,6
201200016862,0012-11-13 07:15:00,12,11,13,7,15,130,39,FOSSETTE (ROND-POINT DE,43.4867,4.88535,Plein jour,Hors agglomération,Hors intersection,Normale,Deux véhicules - arrière,,,,,,,,,,,1,1,1,1.0,2
201200016863,0012-11-14 13:30:00,12,11,14,13,30,130,77,CHOPIN FREDERIC (BLD),,,Plein jour,En agglomération,Hors intersection,Normale,Deux véhicules - arrière,,,,,,,,,,,1,2,1,1.0,2
201200016864,0012-11-15 11:35:00,12,11,15,11,35,130,56,TURCAN FRANCIS,,,Plein jour,En agglomération,Hors intersection,Normale,Deux véhicules - côté,,,,,,,,,,,1,2,1,1.0,3
201200016865,0012-11-16 10:40:00,12,11,16,10,40,130,77,MILLE CLEMENT (AVENUE),,,Plein jour,En agglomération,Intersection en X,Normale,Deux véhicules - côté,,,,,,,,,,,1,2,2,1.0,3
201200016866,0012-11-12 10:00:00,12,11,12,10,0,130,77,RN 568,43.4267,4.9711,Plein jour,Hors agglomération,Hors intersection,Normale,Autre collision,,,,,,,,,,,1,1,1,1.0,6
201200016867,0012-11-19 07:30:00,12,11,19,7,30,130,39,RN 568,,,Plein jour,Hors agglomération,Hors intersection,Normale,Autre collision,,,,,,,,,,,1,1,1,1.0,6
201200016868,0012-11-23 17:15:00,12,11,23,17,15,130,26,"17, AUDIBERT (BLD ARMAND",43.3855,5.16883,Plein jour,En agglomération,Hors intersection,Normale,Deux véhicules - côté,,,,,,,,,,,1,2,1,1.0,3
201200016869,0012-11-29 11:20:00,12,11,29,11,20,130,39,RN 545,,,Plein jour,Hors agglomération,Hors intersection,Normale,Deux véhicules - côté,,,,,,,,,,,1,1,1,1.0,3
201200016870,0012-11-28 16:15:00,12,11,28,16,15,130,39,FOSSETTE (ROND-POINT DE,43.4867,4.88541,Plein jour,Hors agglomération,Hors intersection,Pluie légère,Autre collision,,,,,,,,,,,1,1,1,2.0,6
201200016871,0012-11-28 17:50:00,12,11,28,17,50,130,56,PAPIN RUE DENIS,43.4103,5.05366,Plein jour,Hors agglomération,Hors intersection,Normale,Autre collision,,,,,,,,,,,1,1,1,1.0,6
201200016872,0012-12-06 06:50:00,12,12,6,6,50,130,56,RAYETTES,,,Nuit avec éclairage allumé,En agglomération,Hors intersection,Normale,Autre collision,,,,,,,,,,,5,2,1,1.0,6
201200016873,0012-12-08 21:18:00,12,12,8,21,18,130,39,RN 568,,,Nuit avec éclairage non allumé,En agglomération,Autre intersection,Normale,Deux véhicules - côté,,,,,,,,,,,4,2,9,1.0,3
201200016874,0012-12-13 16:15:00,12,12,13,16,15,130,26,ANCIENS COMBATTANTS (ave,,,Plein jour,Hors agglomération,Hors intersection,Pluie légère,Deux véhicules - frontale,,,,,,,,,,,1,1,1,2.0,1
201200016875,0012-12-14 19:10:00,12,12,14,19,10,130,56,VENTRONS,,,Nuit avec éclairage non allumé,Hors agglomération,Hors intersection,Pluie légère,Deux véhicules - arrière,,,,,,,,,,,4,1,1,2.0,2
201200016876,0012-12-16 14:50:00,12,12,16,14,50,130,56,TURCAN FRANCIS,,,Plein jour,En agglomération,Hors intersection,Normale,Deux véhicules - côté,,,,,,,,,,,1,2,1,1.0,3
201200016877,0012-12-20 18:40:00,12,12,20,18,40,130,56,ZOLA (Boulevard Emile),,,Plein jour,En agglomération,Hors intersection,Normale,Autre collision,,,,,,,,,,,1,2,1,1.0,6
201200016878,0012-12-21 12:15:00,12,12,21,12,15,130,56,ELUARD BOULEVARD PAUL,,,Plein jour,En agglomération,Autre intersection,Normale,Deux véhicules - côté,,,,,,,,,,,1,2,9,1.0,3
201200016879,0012-12-21 18:25:00,12,12,21,18,25,130,39,MENDES FRANCE PIERRE (AV,,,Nuit avec éclairage allumé,En agglomération,Hors intersection,Normale,Deux véhicules - arrière,,,,,,,,,,,5,2,1,1.0,2
201200016880,0012-12-29 17:20:00,12,12,29,17,20,130,39,ROUTE NATIONALE 569,,,Plein jour,Hors agglomération,Hors intersection,Normale,Deux véhicules - frontale,,,,,,,,,,,1,1,1,1.0,1
201200016881,0012-12-31 17:00:00,12,12,31,17,0,130,39,GUIGONNET (ROND-POINT DU,43.4502,4.93524,Plein jour,Hors agglomération,Hors intersection,Normale,Trois véhicules et plus - collisions multiples,,,,,,,,,,,1,1,1,1.0,5
201200016882,0012-11-02 02:00:00,12,11,2,2,0,130,56,ROUTE DU PORT DE LAVERA,,,Nuit avec éclairage allumé,En agglomération,Hors intersection,Normale,Autre collision,,,,,,,,,,,5,2,1,1.0,6
201200016883,0012-12-23 09:45:00,12,12,23,9,45,130,26,ROUSSEAU JEAN-JACQUES (B,,,Plein jour,En agglomération,Hors intersection,Normale,Deux véhicules - côté,,,,,,,,,,,1,2,1,1.0,3
201200016884,0012-12-26 10:15:00,12,12,26,10,15,130,56,FLEMING AVENUE DU ALEXAN,,,Plein jour,En agglomération,Hors intersection,Normale,Deux véhicules - arrière,,,,,,,,,,,1,2,1,1.0,2
201200016885,0012-01-08 10:20:00,12,1,8,10,20,130,103,ROUTE DE JEAN MOULIN-RN,,,Plein jour,Hors agglomération,Hors intersection,Normale,Deux véhicules - arrière,,,,,,,,,,,1,1,1,1.0,2
201200016886,0012-01-12 18:10:00,12,1,12,18,10,130,103,BOULEVARD DU ROY RENE,,,Crépuscule ou aube,En agglomération,Hors intersection,Normale,Autre collision,,,,,,,,,,,2,2,1,1.0,6
201200016887,0012-01-23 09:40:00,12,1,23,9,40,130,103,PLACE DE LA FERRAGE,43.6358,5.09833,Plein jour,En agglomération,Place,Normale,Autre collision,,,,,,,,,,,1,2,7,1.0,6
201200016888,0012-03-12 16:00:00,12,3,12,16,0,130,103,RTE D' EYGUIERES-RD 17,,,Plein jour,Hors agglomération,Hors intersection,Normale,Deux véhicules - côté,,,,,,,,,,,1,1,1,1.0,3
201200016889,0012-03-16 17:40:00,12,3,16,17,40,130,103,BOULEVARD PASQUET -LOUIS,43.6376,5.09713,Plein jour,En agglomération,Hors intersection,Normale,Autre collision,,,,,,,,,,,1,2,1,1.0,6
201200016890,0012-03-27 21:15:00,12,3,27,21,15,130,103,RTE DE GRANS-RD 16,,,Nuit sans éclairage public,Hors agglomération,Passage à niveau,Normale,Sans collision,,,,,,,,,,,3,1,8,1.0,7
201200016891,0012-04-14 16:20:00,12,4,14,16,20,130,103,BOULEVARD PASQUET -LOUIS,,,Plein jour,En agglomération,Giratoire,Normale,Autre collision,,,,,,,,,,,1,2,6,1.0,6
201200016892,0012-04-17 21:38:00,12,4,17,21,38,130,103,AVENUE CHABAN DELMAS -JA,,,Nuit avec éclairage allumé,En agglomération,Hors intersection,Normale,Autre collision,,,,,,,,,,,5,2,1,1.0,6
201200016893,0012-04-23 14:45:00,12,4,23,14,45,130,103,ROUTE DE JEAN MOULIN-RN,43.66,5.09625,Plein jour,Hors agglomération,Hors intersection,Normale,Deux véhicules - arrière,,,,,,,,,,,1,1,1,1.0,2
201200016894,0012-05-02 18:00:00,12,5,2,18,0,130,103,"1, AVENUE MICHELET",,,Plein jour,En agglomération,Hors intersection,Normale,Deux véhicules - arrière,,,,,,,,,,,1,2,1,1.0,2
201200016895,0012-05-10 08:20:00,12,5,10,8,20,130,103,BOULEVARD DES CAPUCINS,,,Plein jour,En agglomération,Intersection en T,Normale,Autre collision,,,,,,,,,,,1,2,3,1.0,6
201200016896,0012-05-11 17:00:00,12,5,11,17,0,130,103,AVENUE MAL.JUIN,,,Plein jour,En agglomération,Intersection en T,Normale,Deux véhicules - côté,,,,,,,,,,,1,2,3,1.0,3
201200016897,0012-05-26 09:25:00,12,5,26,9,25,130,103,ALLEE  DE LA LIBERTE,,,Plein jour,En agglomération,Intersection en T,Normale,Autre collision,,,,,,,,,,,1,2,3,1.0,6
201200016898,0012-05-27 03:55:00,12,5,27,3,55,130,103,AVENUE GUYNEMER -GEORGES,,,Nuit avec éclairage allumé,En agglomération,Intersection en X,Normale,Deux véhicules - côté,,,,,,,,,,,5,2,2,1.0,3
201200016899,0012-07-12 20:25:00,12,7,12,20,25,130,103,AVENUE DE L' EUROPE,43.6414,5.10293,Plein jour,En agglomération,Intersection en X,Normale,Deux véhicules - frontale,,,,,,,,,,,1,2,2,1.0,1
201200016900,0012-07-13 14:50:00,12,7,13,14,50,130,103,BOULEVARD DE LA REPUBLIQ,,,Plein jour,En agglomération,Hors intersection,Normale,Deux véhicules - frontale,,,,,,,,,,,1,2,1,1.0,1
201200016901,0012-07-18 13:20:00,12,7,18,13,20,130,103,ROUTE DE JEAN MOULIN-RN,,,Plein jour,Hors agglomération,Intersection en T,Normale,Deux véhicules - côté,,,,,,,,,,,1,1,3,1.0,3
201200016902,0012-08-03 18:00:00,12,8,3,18,0,130,103,BOULEVARDBRIAND -ARISTID,,,Plein jour,En agglomération,Autre intersection,Normale,Autre collision,,,,,,,,,,,1,2,9,1.0,6
201200016903,0012-09-17 18:00:00,12,9,17,18,0,130,103,AVENUE DE LATTRE DE TASS,,,Plein jour,En agglomération,Hors intersection,Normale,Sans collision,,,,,,,,,,,1,2,1,1.0,7
201200016904,0012-09-20 00:01:00,12,9,20,0,1,130,103,AVENUE CHABAN DELMAS -JA,43.6405,5.07684,Nuit avec éclairage allumé,En agglomération,Giratoire,Normale,Autre collision,,,,,,,,,,,5,2,6,1.0,6
201200016905,0012-09-21 17:30:00,12,9,21,17,30,130,103,"310, ALLEE  DE SZENTENDR",,,Plein jour,En agglomération,Hors intersection,Normale,Deux véhicules - côté,,,,,,,,,,,1,2,1,1.0,3
201200016906,0012-10-16 11:20:00,12,10,16,11,20,130,103,AVENUE BLUM - LEON,43.6382,5.10234,Plein jour,En agglomération,Intersection en T,Normale,Autre collision,,,,,,,,,,,1,2,3,1.0,6
201200016907,0012-12-01 17:40:00,12,12,1,17,40,130,103,RTE D'AIX EN PROVENCE,43.6291,5.13039,Nuit sans éclairage public,Hors agglomération,Hors intersection,Normale,Autre collision,,,,,,,,,,,3,1,1,1.0,6
201200016908,0012-10-24 16:30:00,12,10,24,16,30,130,103,BOULEVARD DES VENTADOUIR,43.6306,5.09783,Plein jour,En agglomération,Intersection en Y,Normale,Deux véhicules - côté,,,,,,,,,,,1,2,4,1.0,3
201200016909,0012-11-14 09:40:00,12,11,14,9,40,130,103,"355, BOULEVARD LEDRU ROL",43.6467,5.09345,Plein jour,En agglomération,Hors intersection,Normale,Autre collision,,,,,,,,,,,1,2,1,1.0,6
201200016910,0012-12-18 11:20:00,12,12,18,11,20,130,103,AVENUE DU PAYS CATALAN,43.6541,5.09846,Plein jour,En agglomération,Autre intersection,Normale,Sans collision,,,,,,,,,,,1,2,9,1.0,7
201200016911,0012-01-10 18:15:00,12,1,10,18,15,130,108,"3136, RD 570 ROUTE D'AVI",,,Nuit sans éclairage public,Hors agglomération,Hors intersection,Normale,Sans collision,,,,,,,,,,,3,1,1,1.0,7
201200016912,0012-01-13 11:10:00,12,1,13,11,10,130,108,RD 970 ROUTE D ARLES,,,Plein jour,Hors agglomération,Intersection en X,Normale,Deux véhicules - côté,,,,,,,,,,,1,1,2,1.0,3
201200016913,0012-02-07 08:00:00,12,2,7,8,0,130,108,"1, GUYNEMER GEORGE (AVEN",,,Plein jour,En agglomération,Intersection en X,Normale,Deux véhicules - côté,,,,,,,,,,,1,2,2,1.0,3
201200016914,0012-02-19 22:45:00,12,2,19,22,45,130,4,RD 570 ROUTE D'AVIGNON,43.6339,4.54544,Nuit sans éclairage public,Hors agglomération,Hors intersection,Normale,Sans collision,,,,,,,,,,,3,1,1,1.0,7
201200016915,0012-03-14 09:00:00,12,3,14,9,0,130,108,RD 99 DEVIATION,,,Plein jour,Hors agglomération,Hors intersection,Normale,Deux véhicules - arrière,,,,,,,,,,,1,1,1,1.0,2
201200016916,0012-03-10 10:30:00,12,3,10,10,30,130,108,CAYADES (ROUTE DES),,,Plein jour,En agglomération,Autre intersection,Normale,Deux véhicules - côté,,,,,,,,,,,1,2,9,1.0,3
201200016917,0012-04-02 21:15:00,12,4,2,21,15,130,108,"18, GAMBETTA (BOULEVARD)",,,Nuit avec éclairage allumé,En agglomération,Hors intersection,Normale,Sans collision,,,,,,,,,,,5,2,1,1.0,7
201200016918,0012-04-12 18:30:00,12,4,12,18,30,300,32,CHEMIN ROC DES MOURGES,43.80725,4.60999,Crépuscule ou aube,En agglomération,Intersection en T,Normale,Deux véhicules - côté,,,,,,,,,,,2,2,3,1.0,3
201200016919,0012-04-30 16:15:00,12,4,30,16,15,300,32,AVENUE TERRE D'ARGENCE,,,Plein jour,En agglomération,Hors intersection,Normale,Deux véhicules - frontale,,,,,,,,,,,1,2,1,1.0,1
201200016920,0012-03-10 20:55:00,12,3,10,20,55,130,108,ITAM (BOULEVARD),,,Nuit sans éclairage public,En agglomération,Intersection en T,Normale,Deux véhicules - côté,,,,,,,,,,,3,2,3,1.0,3
201200016921,0012-05-31 17:00:00,12,5,31,17,0,130,108,CD 35 ROUTE DE BOULBON,43.8358,4.67367,Plein jour,En agglomération,Hors intersection,Normale,Deux véhicules - arrière,,,,,,,,,,,1,2,1,1.0,2
201200016922,0012-05-11 20:10:00,12,5,11,20,10,130,108,RD 99 ROUTE DE SAINT REM,43.8218,5.02298,Plein jour,En agglomération,Giratoire,Normale,Deux véhicules - côté,,,,,,,,,,,1,2,6,1.0,3
201200016923,0012-06-10 14:00:00,12,6,10,14,0,130,108,MARGUARIDO (AVENUE),43.8067,4.66331,Plein jour,En agglomération,Intersection en T,Normale,Trois véhicules et plus - collisions multiples,,,,,,,,,,,1,2,3,1.0,5
201200016924,0012-06-16 15:20:00,12,6,16,15,20,300,32,D90 (entre PK5 et PK6),43.79243,4.61645,Plein jour,En agglomération,Hors intersection,Normale,Autre collision,,,,,,,,,,,1,2,1,1.0,6
201200016925,0012-06-22 12:00:00,12,6,22,12,0,130,108,"37, GAMBETTA (CONTRE ALL",,,Plein jour,En agglomération,Hors intersection,Normale,Autre collision,,,,,,,,,,,1,2,1,1.0,6
201200016926,0012-06-14 18:50:00,12,6,14,18,50,300,32,26 MARECHAL JOFFRE,43.80971,4.64101,Plein jour,En agglomération,Hors intersection,Normale,Autre collision,,,,,,,,,,,1,2,1,1.0,6
201200016927,0012-07-23 12:00:00,12,7,23,12,0,130,108,D970,,,Plein jour,Hors agglomération,Intersection en T,Normale,Deux véhicules - arrière,,,,,,,,,,,1,1,3,1.0,2
201200016928,0012-08-09 07:40:00,12,8,9,7,40,130,108,RD 99 DEVIATION,,,Crépuscule ou aube,Hors agglomération,Hors intersection,Normale,Deux véhicules - côté,,,,,,,,,,,2,1,1,1.0,3
201200016929,0012-08-24 07:55:00,12,8,24,7,55,300,32,17A AVE DE LA MOULINELLE,43.81233,4.6258,Plein jour,Hors agglomération,Hors intersection,Normale,Autre collision,,,,,,,,,,,1,1,1,1.0,6
201200016930,0012-09-01 20:25:00,12,9,1,20,25,130,108,RD 570 ROUTE D'AVIGNON,,,Nuit sans éclairage public,Hors agglomération,Hors intersection,Normale,Autre collision,,,,,,,,,,,3,1,1,1.0,6
201200016931,0012-09-18 07:30:00,12,9,18,7,30,130,108,MARGUARIDO (AVENUE),,,Plein jour,En agglomération,Hors intersection,Normale,Deux véhicules - arrière,,,,,,,,,,,1,2,1,1.0,2
201200016932,0012-10-09 08:43:00,12,10,9,8,43,130,108,ARLES (PETITE ROUTE D AR,,,Plein jour,Hors agglomération,Intersection en X,Normale,Deux véhicules - côté,,,,,,,,,,,1,1,2,1.0,3
201200016933,0012-11-13 18:50:00,12,11,13,18,50,300,32,ROUTE DE SAINT GILLES,43.78025,4.54993,Nuit sans éclairage public,Hors agglomération,Hors intersection,Normale,Trois véhicules et plus - collisions multiples,,,,,,,,,,,3,1,1,1.0,5