accident_id,datetime,annee,mois,jour,heure,minute,departement,commune_insee,adresse,latitude,longitude,luminosite,agglomeration,intersection,meteo,collision,nb_vehicules,nb_usagers,nb_indemnes,nb_tues,nb_blesses_hosp,nb_blesses_legers,age_cond_1,age_cond_2,veh_type_cond_1,veh_type_cond_2,lum_code,agg_code,int_code,atm_code,col_code
201200016934,0012-11-25 18:45:00,12,11,25,18,45,130,108,ITAM (BOULEVARD),,,Nuit sans éclairage public,En agglomération,Hors intersection,Normale,Deux véhicules - frontale,,,,,,,,,,,3,2,1,1.0,1
201200016935,0012-11-10 07:35:00,12,11,10,7,35,130,108,RD 570 ROUTE D'AVIGNON,,,Crépuscule ou aube,Hors agglomération,Hors intersection,Normale,Sans collision,,,,,,,,,,,2,1,1,1.0,7
201200016936,0012-01-02 11:15:00,12,1,2,11,15,130,117,STADIUM (CD9),,,Plein jour,En agglomération,Hors intersection,Pluie légère,Autre collision,,,,,,,,,,,1,2,1,2.0,6
201200016937,0012-01-02 12:25:00,12,1,2,12,25,130,71,ROUTE NATIONALE 368 (PLA,,,Plein jour,Hors agglomération,Hors intersection,Pluie légère,Deux véhicules - arrière,,,,,,,,,,,1,1,1,2.0,2
201200016938,0012-01-02 12:30:00,12,1,2,12,30,130,117,D55F,,,Plein jour,Hors agglomération,Hors intersection,Pluie légère,Autre collision,,,,,,,,,,,1,1,1,2.0,6
201200016939,0012-01-02 14:30:00,12,1,2,14,30,130,117,"0, MARSEILLE ( AVENUE DE",,,Plein jour,Hors agglomération,Hors intersection,Pluie légère,Sans collision,,,,,,,,,,,1,1,1,2.0,7
201200016940,0012-01-02 18:30:00,12,1,2,18,30,130,117,CHEMIN DEPARTEMENTAL 9 (,,,Crépuscule ou aube,Hors agglomération,Hors intersection,Normale,Sans collision,,,,,,,,,,,2,1,1,1.0,7
201200016941,0012-01-03 19:35:00,12,1,3,19,35,130,117,EUROCOPTER CD 20,,,Nuit sans éclairage public,En agglomération,Hors intersection,Normale,Deux véhicules - côté,,,,,,,,,,,3,2,1,1.0,3
201200016942,0012-01-06 09:50:00,12,1,6,9,50,130,71,MONNET (AVENUE JEAN),,,Plein jour,Hors agglomération,Intersection en T,Normale,Deux véhicules - côté,,,,,,,,,,,1,1,3,1.0,3
201200016943,0012-01-06 18:30:00,12,1,6,18,30,130,117,ROND POINT DE PIERRE PLA,43.4464,5.24816,Nuit avec éclairage allumé,En agglomération,Giratoire,Normale,Deux véhicules - côté,,,,,,,,,,,5,2,6,1.0,3
201200016944,0012-01-11 14:10:00,12,1,11,14,10,130,117,"C5, CARREFOUR (PARKING C",,,Plein jour,En agglomération,Intersection en X,Normale,Autre collision,,,,,,,,,,,1,2,2,1.0,6
201200016945,0012-01-11 17:50:00,12,1,11,17,50,130,117,"xx, EUROCOPTER CD 20",,,Nuit avec éclairage allumé,Hors agglomération,Hors intersection,Normale,Deux véhicules - côté,,,,,,,,,,,5,1,1,1.0,3
201200016946,0012-01-14 19:20:00,12,1,14,19,20,130,117,PADOVANI ( AVE ),,,Nuit avec éclairage allumé,En agglomération,Hors intersection,Normale,Trois véhicules et plus - en chaîne,,,,,,,,,,,5,2,1,1.0,4
201200016947,0012-01-18 11:35:00,12,1,18,11,35,130,71,"364, EMPALIERE (CHEMIN)",,,Plein jour,En agglomération,Intersection en X,Normale,Deux véhicules - côté,,,,,,,,,,,1,2,2,1.0,3
201200016948,0012-01-26 14:40:00,12,1,26,14,40,130,71,BARNOUINS ( CHEMIN DES ),,,Plein jour,Hors agglomération,Hors intersection,Normale,Sans collision,,,,,,,,,,,1,1,1,1.0,7
201200016949,0012-01-27 08:15:00,12,1,27,8,15,130,19,D9,,,Plein jour,Hors agglomération,Hors intersection,Normale,Trois véhicules et plus - en chaîne,,,,,,,,,,,1,1,1,1.0,4
201200016950,0012-01-28 07:00:00,12,1,28,7,0,130,71,CHATEAU (MONTEE DU ),,,Nuit avec éclairage allumé,Hors agglomération,Intersection en T,Pluie légère,Sans collision,,,,,,,,,,,5,1,3,2.0,7
201200016951,0012-01-28 13:55:00,12,1,28,13,55,130,71,VAL SEC ( CHEMIN DE ),,,Plein jour,En agglomération,Intersection en X,Normale,Sans collision,,,,,,,,,,,1,2,2,1.0,7
201200016952,0012-01-28 19:00:00,12,1,28,19,0,130,71,ROUTE NATIONALE 113 - RE,,,Nuit sans éclairage public,En agglomération,Intersection en T,Normale,Deux véhicules - côté,,,,,,,,,,,3,2,3,1.0,3
201200016953,0012-01-30 09:45:00,12,1,30,9,45,130,19,ROUTE D'APT,,,Plein jour,En agglomération,Intersection en X,Temps couvert,Sans collision,,,,,,,,,,,1,2,2,8.0,7
201200016954,0012-01-31 17:30:00,12,1,31,17,30,130,117,GELU  ( AVENUE VICTOR ),,,Plein jour,En agglomération,Intersection en X,Autre,Trois véhicules et plus - en chaîne,,,,,,,,,,,1,2,2,9.0,4
201200016955,0012-02-03 18:30:00,12,2,3,18,30,130,117,ROUTE NATIONALE 113-L'AN,,,Nuit sans éclairage public,Hors agglomération,Hors intersection,Autre,Deux véhicules - arrière,,,,,,,,,,,3,1,1,9.0,2
201200016956,0012-02-08 14:15:00,12,2,8,14,15,130,117,SALYENS ( AVENUE DES ),,,Plein jour,Hors agglomération,Hors intersection,Normale,Sans collision,,,,,,,,,,,1,1,1,1.0,7
201200016957,0012-02-09 17:40:00,12,2,9,17,40,130,19,ROUTE D'APT,,,Plein jour,Hors agglomération,Hors intersection,Normale,Deux véhicules - côté,,,,,,,,,,,1,1,1,1.0,3
201200016958,0012-02-13 17:30:00,12,2,13,17,30,130,117,COUPERIGNE (Z.A.C.),,,Plein jour,En agglomération,Intersection en T,Normale,Deux véhicules - côté,,,,,,,,,,,1,2,3,1.0,3
201200016959,0012-02-15 17:40:00,12,2,15,17,40,130,71,"199, MITTERRAND (AVENUE",,,Plein jour,En agglomération,Intersection en X,Vent fort / tempête,Deux véhicules - côté,,,,,,,,,,,1,2,2,6.0,3
201200016960,0012-02-17 12:30:00,12,2,17,12,30,130,117,ANCIENS COMBAT. INDOCHIN,,,Plein jour,En agglomération,Giratoire,Normale,Deux véhicules - arrière,,,,,,,,,,,1,2,6,1.0,2
201200016961,0012-02-19 16:40:00,12,2,19,16,40,130,117,CD 9 ESTROUBLANS,,,Plein jour,Hors agglomération,Hors intersection,Normale,Deux véhicules - arrière,,,,,,,,,,,1,1,1,1.0,2
201200016962,0012-02-24 08:40:00,12,2,24,8,40,130,117,"?, ANJOLY (QUARTIER DE L",,,Plein jour,En agglomération,Hors intersection,Normale,Deux véhicules - arrière,,,,,,,,,,,1,2,1,1.0,2
201200016963,0012-02-26 14:30:00,12,2,26,14,30,130,117,"0, ROUTE NATIONALE 113 -",,,Plein jour,Hors agglomération,Hors intersection,Normale,Deux véhicules - frontale,,,,,,,,,,,1,1,1,1.0,1
201200016964,0012-02-27 09:20:00,12,2,27,9,20,130,117,GLACIERE ( RUE DE LA ),,,Plein jour,En agglomération,Hors intersection,Normale,Sans collision,,,,,,,,,,,1,2,1,1.0,7
201200016965,0012-02-27 18:40:00,12,2,27,18,40,130,71,ROUTE NATIONALE 368 (PLA,,,Crépuscule ou aube,Hors agglomération,Hors intersection,Normale,Autre collision,,,,,,,,,,,2,1,1,1.0,6
201200016966,0012-02-29 08:15:00,12,2,29,8,15,130,71,TUILERIE ( RUE DE LA ),,,Plein jour,En agglomération,Hors intersection,Normale,Deux véhicules - côté,,,,,,,,,,,1,2,1,1.0,3
201200016967,0012-03-03 02:20:00,12,3,3,2,20,130,19,"746, RUE DE FONTAUBE",43.4401,5.36665,Nuit avec éclairage allumé,En agglomération,Hors intersection,Normale,Sans collision,,,,,,,,,,,5,2,1,1.0,7
201200016968,0012-03-03 07:50:00,12,3,3,7,50,130,71,ROUTE NATIONALE 113 - RE,,,Plein jour,Hors agglomération,Hors intersection,Normale,Deux véhicules - arrière,,,,,,,,,,,1,1,1,1.0,2
201200016969,0012-03-05 11:40:00,12,3,5,11,40,130,71,"0000, PARKING MIDAS",,,Plein jour,Hors agglomération,Hors intersection,Normale,Deux véhicules - frontale,,,,,,,,,,,1,1,1,1.0,1
201200016970,0012-03-05 19:20:00,12,3,5,19,20,130,117,ROUTE NATIONALE 113-L'AN,,,Nuit sans éclairage public,Hors agglomération,Hors intersection,Normale,Deux véhicules - côté,,,,,,,,,,,3,1,1,1.0,3
201200016971,0012-03-08 10:45:00,12,3,8,10,45,130,71,ROUTE NATIONALE 113 - AG,,,Plein jour,Hors agglomération,Hors intersection,Normale,Deux véhicules - arrière,,,,,,,,,,,1,1,1,1.0,2
201200016972,0012-03-10 23:30:00,12,3,10,23,30,130,71,PATHE CINEMA,,,Nuit avec éclairage allumé,Hors agglomération,Hors intersection,Normale,Deux véhicules - arrière,,,,,,,,,,,5,1,1,1.0,2
201200016973,0012-03-10 11:15:00,12,3,10,11,15,130,19,CHEMIN DE LA MEUNIERE,,,Plein jour,Hors agglomération,Autre intersection,Normale,Deux véhicules - côté,,,,,,,,,,,1,1,9,1.0,3
201200016974,0012-03-14 12:10:00,12,3,14,12,10,130,117,GELU  ( AVENUE VICTOR ),,,Plein jour,En agglomération,Hors intersection,Normale,Deux véhicules - arrière,,,,,,,,,,,1,2,1,1.0,2
201200016975,0012-03-14 13:00:00,12,3,14,13,0,130,117,"00, LA BASTIDE BLANCHE C",43.4277,5.26241,Plein jour,En agglomération,Intersection en X,Normale,Deux véhicules - arrière,,,,,,,,,,,1,2,2,1.0,2
201200016976,0012-03-14 18:00:00,12,3,14,18,0,130,117,"140, MARSEILLE ( AVENUE",,,Plein jour,En agglomération,Intersection en T,Normale,Deux véhicules - côté,,,,,,,,,,,1,2,3,1.0,3
201200016977,0012-03-16 09:40:00,12,3,16,9,40,130,71,MITTERRAND (AVENUE FRANC,,,Plein jour,En agglomération,Intersection en T,Normale,Autre collision,,,,,,,,,,,1,2,3,1.0,6
201200016978,0012-03-23 03:50:00,12,3,23,3,50,130,19,D9,,,Nuit sans éclairage public,Hors agglomération,Hors intersection,Temps couvert,Sans collision,,,,,,,,,,,3,1,1,8.0,7
201200016979,0012-03-25 14:00:00,12,3,25,14,0,130,117,"11, LONDRES (AVENUE DE)",43.431,5.24054,Plein jour,En agglomération,Intersection en Y,Normale,Deux véhicules - arrière,,,,,,,,,,,1,2,4,1.0,2
201200016980,0012-03-27 08:50:00,12,3,27,8,50,130,117,BOSCO ( RUE HENRI),43.4486,5.24665,Plein jour,En agglomération,Hors intersection,Normale,Sans collision,,,,,,,,,,,1,2,1,1.0,7
201200016981,0012-03-27 12:30:00,12,3,27,12,30,130,71,RIGONS ( CHEMIN DES ),,,Plein jour,Hors agglomération,Hors intersection,Normale,Sans collision,,,,,,,,,,,1,1,1,1.0,7
201200016982,0012-03-28 21:00:00,12,3,28,21,0,130,117,8 MAI 1945 (AVENUE),43.4261,5.27833,Nuit avec éclairage allumé,En agglomération,Intersection en X,Normale,Deux véhicules - côté,,,,,,,,,,,5,2,2,1.0,3
201200016983,0012-03-30 17:00:00,12,3,30,17,0,130,71,ROUTE NATIONALE 113 - RE,,,Plein jour,En agglomération,Hors intersection,Normale,Autre collision,,,,,,,,,,,1,2,1,1.0,6
201200016984,0012-03-31 12:00:00,12,3,31,12,0,130,71,RD 543,,,Plein jour,Hors agglomération,Autre intersection,Normale,Trois véhicules et plus - collisions multiples,,,,,,,,,,,1,1,9,1.0,5
201200016985,0012-04-01 17:30:00,12,4,1,17,30,130,71,CD 6,,,Plein jour,En agglomération,Hors intersection,Normale,Sans collision,,,,,,,,,,,1,2,1,1.0,7
201200016986,0012-04-02 09:45:00,12,4,2,9,45,130,117,CHEMIN DEPARTEMENTAL 9 (,,,Plein jour,Hors agglomération,Hors intersection,Normale,Trois véhicules et plus - en chaîne,,,,,,,,,,,1,1,1,1.0,4
201200016987,0012-04-02 10:15:00,12,4,2,10,15,130,117,LA BASTIDE BLANCHE CD 9,,,Plein jour,En agglomération,Hors intersection,Normale,Deux véhicules - côté,,,,,,,,,,,1,2,1,1.0,3
201200016988,0012-04-03 18:46:00,12,4,3,18,46,130,19,"X, AVENUE DU PLAN DE CAM",,,Plein jour,En agglomération,Hors intersection,Pluie légère,Deux véhicules - côté,,,,,,,,,,,1,2,1,2.0,3
201200016989,0012-04-07 11:45:00,12,4,7,11,45,130,117,PADOVANI ( AVE ),43.4345,5.26078,Plein jour,En agglomération,Hors intersection,Normale,Autre collision,,,,,,,,,,,1,2,1,1.0,6
201200016990,0012-04-08 13:20:00,12,4,8,13,20,130,19,"00, ROUTE DE SAINT-MARTI",43.4525,5.35872,Plein jour,En agglomération,Intersection en Y,Normale,Deux véhicules - arrière,,,,,,,,,,,1,2,4,1.0,2
201200016991,0012-04-11 08:00:00,12,4,11,8,0,130,117,PTT SUD AVENUE JEAN MONN,,,Plein jour,En agglomération,Hors intersection,Normale,Autre collision,,,,,,,,,,,1,2,1,1.0,6
201200016992,0012-04-11 07:55:00,12,4,11,7,55,130,117,CHEMIN DEPARTEMENTAL 9 (,,,Plein jour,Hors agglomération,Hors intersection,Pluie légère,Sans collision,,,,,,,,,,,1,1,1,2.0,7
201200016993,0012-04-11 16:00:00,12,4,11,16,0,130,71,ROUTE NATIONALE 113 - VI,,,Plein jour,En agglomération,Hors intersection,Normale,Deux véhicules - arrière,,,,,,,,,,,1,2,1,1.0,2
201200016994,0012-04-14 13:15:00,12,4,14,13,15,130,117,"00, EUROPE ( AVENUE DE L",,,Plein jour,En agglomération,Hors intersection,Normale,Sans collision,,,,,,,,,,,1,2,1,1.0,7
201200016995,0012-04-15 14:00:00,12,4,15,14,0,130,19,AVENUE DU PLAN DE CAMPAG,,,Plein jour,En agglomération,Hors intersection,Normale,Deux véhicules - arrière,,,,,,,,,,,1,2,1,1.0,2
201200016996,0012-04-17 19:30:00,12,4,17,19,30,130,117,MOULIN ( AVENUE JEAN),,,Plein jour,En agglomération,Intersection en T,Normale,Deux véhicules - côté,,,,,,,,,,,1,2,3,1.0,3
201200016997,0012-04-18 16:50:00,12,4,18,16,50,130,71,MITTERRAND (AVENUE FRANC,,,Plein jour,En agglomération,Intersection en X,Normale,Deux véhicules - arrière,,,,,,,,,,,1,2,2,1.0,2
201200016998,0012-04-19 09:50:00,12,4,19,9,50,130,117,ROUTE NATIONALE 113 - CA,,,Plein jour,En agglomération,Hors intersection,Temps couvert,Sans collision,,,,,,,,,,,1,2,1,8.0,7
201200016999,0012-04-20 07:50:00,12,4,20,7,50,130,117,ROUTE NATIONALE 113 - AG,,,Plein jour,En agglomération,Hors intersection,Normale,Deux véhicules - côté,,,,,,,,,,,1,2,1,1.0,3
201200017000,0012-04-22 03:10:00,12,4,22,3,10,130,117,CHEMIN DEPARTEMENTAL 9 (,,,Nuit sans éclairage public,Hors agglomération,Hors intersection,Temps couvert,Sans collision,,,,,,,,,,,3,1,1,8.0,7
201200017001,0012-04-22 04:00:00,12,4,22,4,0,130,71,ROUTE NATIONALE 113-L'AN,43.4164,5.27621,Nuit sans éclairage public,Hors agglomération,Hors intersection,Pluie légère,Autre collision,,,,,,,,,,,3,1,1,2.0,6
201200017002,0012-04-22 07:15:00,12,4,22,7,15,130,117,PIERRE PLANTEE (ROND POI,,,Plein jour,En agglomération,Giratoire,Normale,Autre collision,,,,,,,,,,,1,2,6,1.0,6
201200017003,0012-04-22 16:25:00,12,4,22,16,25,130,71,FERME ( CHEMIN DE LA ),,,Plein jour,En agglomération,Hors intersection,Normale,Deux véhicules - arrière,,,,,,,,,,,1,2,1,1.0,2
201200017004,0012-04-23 20:50:00,12,4,23,20,50,130,117,BAOU (QUARTIER DU PONT D,,,Nuit avec éclairage allumé,En agglomération,Hors intersection,Temps couvert,Autre collision,,,,,,,,,,,5,2,1,8.0,6
201200017005,0012-04-24 09:05:00,12,4,24,9,5,130,117,MARSEILLE ( AVENUE DE ),,,Plein jour,En agglomération,Giratoire,Normale,Sans collision,,,,,,,,,,,1,2,6,1.0,7
201200017006,0012-04-24 09:35:00,12,4,24,9,35,130,117,CHEMIN DEPARTEMENTAL 9 (,,,Plein jour,Hors agglomération,Hors intersection,Normale,Deux véhicules - arrière,,,,,,,,,,,1,1,1,1.0,2
201200017007,0012-04-24 11:35:00,12,4,24,11,35,130,117,CARREFOUR (CENTRE COMMER,,,Plein jour,En agglomération,Hors intersection,Normale,Autre collision,,,,,,,,,,,1,2,1,1.0,6
201200017008,0012-04-27 07:45:00,12,4,27,7,45,130,117,EUROPE (AVENUE DE L'),,,Plein jour,Hors agglomération,Giratoire,Normale,Deux véhicules - arrière,,,,,,,,,,,1,1,6,1.0,2
201200017009,0012-04-28 10:30:00,12,4,28,10,30,130,81,EUROCOPTER CD 20,43.5045,5.22118,Plein jour,Hors agglomération,Hors intersection,Normale,Autre collision,,,,,,,,,,,1,1,1,1.0,6
201200017010,0012-04-29 11:55:00,12,4,29,11,55,130,71,POURRANQUE ( CHEMIN DE L,,,Plein jour,En agglomération,Hors intersection,Normale,Deux véhicules - arrière,,,,,,,,,,,1,2,1,1.0,2
201200017011,0012-04-29 13:00:00,12,4,29,13,0,130,117,ROUTE NATIONALE 113 - CA,,,Plein jour,En agglomération,Hors intersection,Normale,Sans collision,,,,,,,,,,,1,2,1,1.0,7
201200017012,0012-04-29 14:00:00,12,4,29,14,0,130,117,MONNET (AVENUE JEAN),,,Plein jour,En agglomération,Hors intersection,Normale,Sans collision,,,,,,,,,,,1,2,1,1.0,7
201200017013,0012-05-16 09:30:00,12,5,16,9,30,130,117,"?, CHEMIN DEPARTEMENTAL",,,Plein jour,Hors agglomération,Hors intersection,Normale,Sans collision,,,,,,,,,,,1,1,1,1.0,7
201200017014,0012-05-16 17:30:00,12,5,16,17,30,130,71,PINCHINADES ( CHEMIN DES,,,Plein jour,En agglomération,Intersection en T,Normale,Deux véhicules - côté,,,,,,,,,,,1,2,3,1.0,3
201200017015,0012-05-19 13:15:00,12,5,19,13,15,130,71,"00, ANNE-MARIE ( BOULEVA",,,Plein jour,En agglomération,Intersection en T,Normale,Deux véhicules - côté,,,,,,,,,,,1,2,3,1.0,3
201200017016,0012-05-21 07:10:00,12,5,21,7,10,130,117,CD 9 ESTROUBLANS,,,Crépuscule ou aube,Hors agglomération,Hors intersection,Pluie légère,Sans collision,,,,,,,,,,,2,1,1,2.0,7
201200017017,0012-05-21 13:00:00,12,5,21,13,0,130,117,MONTE CRISTO (ROND POINT,,,Plein jour,Hors agglomération,Hors intersection,Pluie forte,Autre collision,,,,,,,,,,,1,1,1,3.0,6
201200017018,0012-05-21 17:30:00,12,5,21,17,30,130,117,GLACIERE ( RUE DE LA ),,,Plein jour,En agglomération,Hors intersection,Pluie légère,Deux véhicules - côté,,,,,,,,,,,1,2,1,2.0,3
201200017019,0012-05-22 08:50:00,12,5,22,8,50,130,71,D 543,,,Plein jour,Hors agglomération,Hors intersection,Pluie légère,Deux véhicules - frontale,,,,,,,,,,,1,1,1,2.0,1
201200017020,0012-05-22 12:55:00,12,5,22,12,55,130,19,"XX, ROUTE D'APT",,,Plein jour,Hors agglomération,Hors intersection,Temps couvert,Deux véhicules - frontale,,,,,,,,,,,1,1,1,8.0,1
201200017021,0012-05-23 13:00:00,12,5,23,13,0,130,117,FERME DE CROZE ( AVENU D,,,Plein jour,En agglomération,Intersection en T,Normale,Deux véhicules - côté,,,,,,,,,,,1,2,3,1.0,3
201200017022,0012-05-24 22:10:00,12,5,24,22,10,130,71,"15, MITTERRAND (AVENUE F",,,Nuit avec éclairage allumé,En agglomération,Hors intersection,Normale,Autre collision,,,,,,,,,,,5,2,1,1.0,6
201200017023,0012-05-25 13:00:00,12,5,25,13,0,130,117,RABIN ( AVENUE YITZHAK ),,,Plein jour,En agglomération,Hors intersection,Normale,Deux véhicules - arrière,,,,,,,,,,,1,2,1,1.0,2
201200017024,0012-05-25 14:10:00,12,5,25,14,10,130,71,RIGONS ( CHEMIN DES ),,,Plein jour,En agglomération,Hors intersection,Normale,Deux véhicules - frontale,,,,,,,,,,,1,2,1,1.0,1
201200017025,0012-05-25 17:20:00,12,5,25,17,20,130,117,RABIN ( AVENUE YITZHAK ),,,Plein jour,En agglomération,Hors intersection,Normale,Deux véhicules - arrière,,,,,,,,,,,1,2,1,1.0,2
201200017026,0012-05-26 01:45:00,12,5,26,1,45,130,117,CHEMIN DEPARTEMENTAL 9 (,,,Nuit sans éclairage public,Hors agglomération,Hors intersection,Normale,Autre collision,,,,,,,,,,,3,1,1,1.0,6
201200017027,0012-05-29 09:10:00,12,5,29,9,10,130,19,D9,,,Plein jour,Hors agglomération,Hors intersection,Normale,Deux véhicules - arrière,,,,,,,,,,,1,1,1,1.0,2
201200017028,0012-05-29 09:25:00,12,5,29,9,25,130,71,RD 543,,,Plein jour,En agglomération,Hors intersection,Normale,Deux véhicules - arrière,,,,,,,,,,,1,2,1,1.0,2
201200017029,0012-05-29 14:30:00,12,5,29,14,30,130,19,D9,,,Plein jour,Hors agglomération,Hors intersection,Normale,Deux véhicules - arrière,,,,,,,,,,,1,1,1,1.0,2
201200017030,0012-05-31 15:40:00,12,5,31,15,40,130,71,BRUTUS (AV DU CAPINTAINE,,,Plein jour,Hors agglomération,Hors intersection,Normale,Sans collision,,,,,,,,,,,1,1,1,1.0,7
201200017031,0012-05-31 20:00:00,12,5,31,20,0,130,71,CD 6,,,Crépuscule ou aube,En agglomération,Hors intersection,Normale,Sans collision,,,,,,,,,,,2,2,1,1.0,7
201200017032,0012-06-01 09:00:00,12,6,1,9,0,130,117,CHEMIN DEPARTEMENTAL 20,43.4577,5.23287,Plein jour,En agglomération,Hors intersection,Normale,Deux véhicules - arrière,,,,,,,,,,,1,2,1,1.0,2
201200017033,0012-06-01 19:10:00,12,6,1,19,10,130,71,"12, VELAUX (CHEMIN)",43.416,5.34993,Plein jour,En agglomération,Hors intersection,Normale,Sans collision,,,,,,,,,,,1,2,1,1.0,7
201200017034,0012-06-02 15:05:00,12,6,2,15,5,130,71,CD 6,,,Plein jour,Hors agglomération,Hors intersection,Normale,Sans collision,,,,,,,,,,,1,1,1,1.0,7
201200017035,0012-06-02 17:45:00,12,6,2,17,45,130,19,D8,,,Plein jour,Hors agglomération,Hors intersection,Normale,Deux véhicules - côté,,,,,,,,,,,1,1,1,1.0,3
201200017036,0012-06-03 18:10:00,12,6,3,18,10,130,117,TUILIERE ( CHEMIN DE LA,43.4219,5.2696,Plein jour,En agglomération,Giratoire,Normale,Trois véhicules et plus - collisions multiples,,,,,,,,,,,1,2,6,1.0,5
201200017037,0012-06-04 07:30:00,12,6,4,7,30,130,117,ROUTE NATIONALE 113 - AG,,,Plein jour,Hors agglomération,Hors intersection,Normale,Deux véhicules - arrière,,,,,,,,,,,1,1,1,1.0,2
201200017038,0012-06-04 09:10:00,12,6,4,9,10,130,117,ROUTE NATIONALE 113 - AG,,,Plein jour,Hors agglomération,Hors intersection,Normale,Deux véhicules - côté,,,,,,,,,,,1,1,1,1.0,3
201200017039,0012-06-04 17:50:00,12,6,4,17,50,130,71,VIEILLE ROUTE DE LA GAVO,,,Plein jour,En agglomération,Hors intersection,Normale,Deux véhicules - côté,,,,,,,,,,,1,2,1,1.0,3
201200017040,0012-06-04 18:50:00,12,6,4,18,50,130,19,ROUTE D'APT,,,Plein jour,En agglomération,Hors intersection,Normale,Trois véhicules et plus - en chaîne,,,,,,,,,,,1,2,1,1.0,4
201200017041,0012-06-05 09:20:00,12,6,5,9,20,130,117,LAVANDE (ROND POINT),,,Plein jour,En agglomération,Hors intersection,Normale,Deux véhicules - arrière,,,,,,,,,,,1,2,1,1.0,2
201200017042,0012-06-07 14:30:00,12,6,7,14,30,130,1,CHEMIN DEPARTEMENTAL 9 (,43.4565,5.32723,Plein jour,Hors agglomération,Hors intersection,Normale,Deux véhicules - arrière,,,,,,,,,,,1,1,1,1.0,2
201200017043,0012-06-08 06:55:00,12,6,8,6,55,130,117,MARINA PLAGE (CAMPING),,,Plein jour,En agglomération,Giratoire,Normale,Deux véhicules - côté,,,,,,,,,,,1,2,6,1.0,3
201200017044,0012-06-08 09:00:00,12,6,8,9,0,130,117,"00, CHEMIN DEPARTEMENTAL",,,Plein jour,En agglomération,Hors intersection,Normale,Sans collision,,,,,,,,,,,1,2,1,1.0,7
201200017045,0012-06-10 10:10:00,12,6,10,10,10,130,71,COCA COLA (ROND POINT CH,,,Plein jour,En agglomération,Hors intersection,Normale,Deux véhicules - côté,,,,,,,,,,,1,2,1,1.0,3
201200017046,0012-06-10 12:05:00,12,6,10,12,5,130,117,CHEMIN DEPARTEMENTAL 9 (,,,Plein jour,Hors agglomération,Hors intersection,Normale,Deux véhicules - côté,,,,,,,,,,,1,1,1,1.0,3
201200017047,0012-06-12 14:20:00,12,6,12,14,20,130,117,GLACIERE ( RUE DE LA ),,,Plein jour,En agglomération,Intersection en T,Normale,Deux véhicules - côté,,,,,,,,,,,1,2,3,1.0,3
201200017048,0012-06-11 18:15:00,12,6,11,18,15,130,117,CHEMIN DEPARTEMENTAL 20,,,Plein jour,En agglomération,Hors intersection,Normale,Deux véhicules - côté,,,,,,,,,,,1,2,1,1.0,3
201200017049,0012-06-12 19:30:00,12,6,12,19,30,130,71,VELAUX (CHEMIN),,,Plein jour,Hors agglomération,Hors intersection,Normale,Deux véhicules - arrière,,,,,,,,,,,1,1,1,1.0,2
201200017050,0012-06-13 13:40:00,12,6,13,13,40,130,117,"56, MARSEILLE ( AVENUE D",,,Plein jour,En agglomération,Hors intersection,Normale,Deux véhicules - côté,,,,,,,,,,,1,2,1,1.0,3
201200017051,0012-06-13 11:50:00,12,6,13,11,50,130,71,VIEILLE ROUTE DE LA GAVO,,,Plein jour,En agglomération,Intersection en X,Normale,Deux véhicules - frontale,,,,,,,,,,,1,2,2,1.0,1
201200017052,0012-06-14 11:05:00,12,6,14,11,5,130,117,PADOVANI ( AVE ),,,Plein jour,En agglomération,Hors intersection,Normale,Sans collision,,,,,,,,,,,1,2,1,1.0,7
201200017053,0012-06-14 15:10:00,12,6,14,15,10,130,117,ROUTE NATIONALE 113-L'AN,,,Plein jour,Hors agglomération,Hors intersection,Normale,Deux véhicules - côté,,,,,,,,,,,1,1,1,1.0,3
201200017054,0012-06-15 17:45:00,12,6,15,17,45,130,19,D60,,,Plein jour,En agglomération,Hors intersection,Normale,Autre collision,,,,,,,,,,,1,2,1,1.0,6
201200017055,0012-06-16 22:15:00,12,6,16,22,15,130,117,GELU  ( AVENUE VICTOR ),,,Nuit avec éclairage allumé,En agglomération,Giratoire,Normale,Autre collision,,,,,,,,,,,5,2,6,1.0,6
201200017056,0012-06-16 10:50:00,12,6,16,10,50,130,19,ROUTE D'APT,,,Plein jour,Hors agglomération,Hors intersection,Normale,Sans collision,,,,,,,,,,,1,1,1,1.0,7
201200017057,0012-06-19 13:10:00,12,6,19,13,10,130,117,SEDS ( ROUTE DE LA ),,,Plein jour,En agglomération,Hors intersection,Normale,Deux véhicules - côté,,,,,,,,,,,1,2,1,1.0,3
201200017058,0012-06-20 08:30:00,12,6,20,8,30,130,117,D55F,,,Plein jour,En agglomération,Intersection en T,Pluie légère,Deux véhicules - côté,,,,,,,,,,,1,2,3,2.0,3
201200017059,0012-06-20 07:45:00,12,6,20,7,45,130,117,"00, CHEMIN DEPARTEMENTAL",,,Plein jour,En agglomération,Hors intersection,Pluie légère,Autre collision,,,,,,,,,,,1,2,1,2.0,6
201200017060,0012-06-21 08:20:00,12,6,21,8,20,130,117,"0.000, BERNARDE (AUBERGE",,,Plein jour,En agglomération,Hors intersection,Normale,Deux véhicules - côté,,,,,,,,,,,1,2,1,1.0,3
201200017061,0012-06-21 12:50:00,12,6,21,12,50,130,117,EUROPE ( AVENUE DE L' ),,,Plein jour,En agglomération,Hors intersection,Normale,Deux véhicules - arrière,,,,,,,,,,,1,2,1,1.0,2
201200017062,0012-06-21 13:20:00,12,6,21,13,20,130,117,EUROCOPTER CD 20,,,Plein jour,Hors agglomération,Hors intersection,Normale,Autre collision,,,,,,,,,,,1,1,1,1.0,6
201200017063,0012-06-21 12:30:00,12,6,21,12,30,130,117,"44, ATHENES (RUE D')",,,Plein jour,En agglomération,Hors intersection,Normale,Deux véhicules - côté,,,,,,,,,,,1,2,1,1.0,3
201200017064,0012-06-21 16:00:00,12,6,21,16,0,130,71,ROUTE NATIONALE 368 (VIL,,,Plein jour,En agglomération,Hors intersection,Normale,Autre collision,,,,,,,,,,,1,2,1,1.0,6