accident_id,datetime,annee,mois,jour,heure,minute,departement,commune_insee,adresse,latitude,longitude,luminosite,agglomeration,intersection,meteo,collision,nb_vehicules,nb_usagers,nb_indemnes,nb_tues,nb_blesses_hosp,nb_blesses_legers,age_cond_1,age_cond_2,veh_type_cond_1,veh_type_cond_2,lum_code,agg_code,int_code,atm_code,col_code
201200017065,0012-06-21 18:00:00,12,6,21,18,0,130,117,ROUTE NATIONALE 113-L'AN,,,Plein jour,Hors agglomération,Hors intersection,Normale,Deux véhicules - côté,,,,,,,,,,,1,1,1,1.0,3
201200017066,0012-06-22 15:20:00,12,6,22,15,20,130,71,PLAN DE CAMPAGNE (AVE. D,,,Plein jour,En agglomération,Hors intersection,Normale,Sans collision,,,,,,,,,,,1,2,1,1.0,7
201200017067,0012-06-23 11:50:00,12,6,23,11,50,130,117,MOULIN ( AVENUE JEAN),,,Plein jour,En agglomération,Hors intersection,Normale,Deux véhicules - côté,,,,,,,,,,,1,2,1,1.0,3
201200017068,0012-06-28 08:30:00,12,6,28,8,30,130,19,"615, ROUTE DE LA BELANDI",,,Plein jour,Hors agglomération,Hors intersection,Normale,Sans collision,,,,,,,,,,,1,1,1,1.0,7
201200017069,0012-07-02 00:30:00,12,7,2,0,30,130,117,CHEMIN DEPARTEMENTAL 9 (,,,Nuit sans éclairage public,En agglomération,Hors intersection,Pluie légère,Sans collision,,,,,,,,,,,3,2,1,2.0,7
201200017070,0012-07-04 11:15:00,12,7,4,11,15,130,117,SALYENS ( AVENUE DES ),43.4441,5.25173,Plein jour,En agglomération,Intersection en T,Normale,Deux véhicules - côté,,,,,,,,,,,1,2,3,1.0,3
201200017071,0012-07-05 17:00:00,12,7,5,17,0,130,19,QUICK (CD6),43.4214,5.36398,Plein jour,En agglomération,Giratoire,Normale,Deux véhicules - côté,,,,,,,,,,,1,2,6,1.0,3
201200017072,0012-07-05 18:00:00,12,7,5,18,0,130,117,ROUTE NATIONALE 113 - LA,,,Plein jour,En agglomération,Hors intersection,Normale,Deux véhicules - côté,,,,,,,,,,,1,2,1,1.0,3
201200017073,0012-07-09 18:40:00,12,7,9,18,40,130,117,DROITS DE L'HOMME (ROND,,,Plein jour,En agglomération,Giratoire,Normale,Deux véhicules - côté,,,,,,,,,,,1,2,6,1.0,3
201200017074,0012-07-14 06:30:00,12,7,14,6,30,130,71,"0000, VERSAILLES (ROND P",,,Crépuscule ou aube,Hors agglomération,Giratoire,Normale,Sans collision,,,,,,,,,,,2,1,6,1.0,7
201200017075,0012-07-14 14:00:00,12,7,14,14,0,130,117,PADOVANI ( AVE ),,,Plein jour,En agglomération,Hors intersection,Normale,Deux véhicules - arrière,,,,,,,,,,,1,2,1,1.0,2
201200017076,0012-07-15 19:20:00,12,7,15,19,20,130,71,CD 6,,,Plein jour,Hors agglomération,Hors intersection,Normale,Deux véhicules - côté,,,,,,,,,,,1,1,1,1.0,3
201200017077,0012-07-18 20:00:00,12,7,18,20,0,130,117,"00, INDOCHINE( ROND POIN",,,Plein jour,En agglomération,Hors intersection,Normale,Deux véhicules - arrière,,,,,,,,,,,1,2,1,1.0,2
201200017078,0012-07-20 07:50:00,12,7,20,7,50,130,117,"00, GLACIERE ( RUE DE LA",43.4232,5.24109,Plein jour,En agglomération,Intersection en T,Normale,Deux véhicules - côté,,,,,,,,,,,1,2,3,1.0,3
201200017079,0012-07-20 18:45:00,12,7,20,18,45,130,19,AVENUE DU PLAN DE CAMPAG,43.4218,5.36766,Plein jour,En agglomération,Giratoire,Normale,Deux véhicules - côté,,,,,,,,,,,1,2,6,1.0,3
201200017080,0012-07-21 05:30:00,12,7,21,5,30,130,117,"01, JARDINIERS ( RUE DES",43.4263,5.28915,Crépuscule ou aube,En agglomération,Hors intersection,Normale,Autre collision,,,,,,,,,,,2,2,1,1.0,6
201200017081,0012-07-23 07:45:00,12,7,23,7,45,130,117,CHEMIN DEPARTEMENTAL CD,,,Plein jour,Hors agglomération,Hors intersection,Normale,Trois véhicules et plus - en chaîne,,,,,,,,,,,1,1,1,1.0,4
201200017082,0012-07-24 08:10:00,12,7,24,8,10,130,117,ROUTE NATIONALE 113-L'AN,,,Plein jour,En agglomération,Hors intersection,Normale,Trois véhicules et plus - en chaîne,,,,,,,,,,,1,2,1,1.0,4
201200017083,0012-07-27 12:50:00,12,7,27,12,50,130,117,MARSEILLE ( AVENUE DE ),,,Plein jour,En agglomération,Hors intersection,Normale,Deux véhicules - arrière,,,,,,,,,,,1,2,1,1.0,2
201200017084,0012-08-01 16:50:00,12,8,1,16,50,130,117,BAUME CANOUILLE (CIMETIE,,,Plein jour,En agglomération,Hors intersection,Normale,Autre collision,,,,,,,,,,,1,2,1,1.0,6
201200017085,0012-08-02 12:50:00,12,8,2,12,50,130,117,ROUCAS ( CORNICHE DU ),,,Plein jour,En agglomération,Intersection en T,Normale,Deux véhicules - côté,,,,,,,,,,,1,2,3,1.0,3
201200017086,0012-08-07 18:20:00,12,8,7,18,20,130,71,CD 6,,,Plein jour,Hors agglomération,Hors intersection,Normale,Deux véhicules - côté,,,,,,,,,,,1,1,1,1.0,3
201200017087,0012-08-08 09:30:00,12,8,8,9,30,130,71,"00, PLAN DE CAMPAGNE (AV",,,Plein jour,Hors agglomération,Hors intersection,Normale,Deux véhicules - arrière,,,,,,,,,,,1,1,1,1.0,2
201200017088,0012-08-08 12:00:00,12,8,8,12,0,130,19,ROUTE D'APT,,,Plein jour,Hors agglomération,Intersection en T,Normale,Deux véhicules - côté,,,,,,,,,,,1,1,3,1.0,3
201200017089,0012-08-10 11:20:00,12,8,10,11,20,130,117,"?, GUIGOU (BOULEVARD PAU",,,Plein jour,Hors agglomération,Hors intersection,Normale,Deux véhicules - côté,,,,,,,,,,,1,1,1,1.0,3
201200017090,0012-08-12 23:10:00,12,8,12,23,10,130,117,BAOU (QUARTIER DU PONT D,,,Nuit avec éclairage allumé,En agglomération,Giratoire,Normale,Sans collision,,,,,,,,,,,5,2,6,1.0,7
201200017091,0012-08-13 17:00:00,12,8,13,17,0,130,71,PENNES AUX PINS ( CHEMIN,,,Plein jour,En agglomération,Autre intersection,Normale,Sans collision,,,,,,,,,,,1,2,9,1.0,7
201200017092,0012-08-14 23:10:00,12,8,14,23,10,130,117,"76, MARSEILLE ( AVENUE D",,,Nuit avec éclairage allumé,En agglomération,Autre intersection,Normale,Deux véhicules - côté,,,,,,,,,,,5,2,9,1.0,3
201200017093,0012-08-15 21:30:00,12,8,15,21,30,130,19,D9,,,Nuit sans éclairage public,Hors agglomération,Hors intersection,Normale,Autre collision,,,,,,,,,,,3,1,1,1.0,6
201200017094,0012-08-21 13:45:00,12,8,21,13,45,130,117,ROUTE NATIONALE 113-L'AN,,,Plein jour,En agglomération,Hors intersection,Normale,Sans collision,,,,,,,,,,,1,2,1,1.0,7
201200017095,0012-08-22 02:20:00,12,8,22,2,20,130,71,ROUTE NATIONALE 368 (PLA,,,Nuit avec éclairage allumé,Hors agglomération,Hors intersection,Normale,Autre collision,,,,,,,,,,,5,1,1,1.0,6
201200017096,0012-08-22 11:10:00,12,8,22,11,10,130,117,MONTE CRISTO (ROND POINT,,,Plein jour,Hors agglomération,Hors intersection,Normale,Deux véhicules - arrière,,,,,,,,,,,1,1,1,1.0,2
201200017097,0012-08-22 20:50:00,12,8,22,20,50,130,71,BONNE BRISE ( CHEMIN DE,,,Plein jour,En agglomération,Hors intersection,Normale,Sans collision,,,,,,,,,,,1,2,1,1.0,7
201200017098,0012-08-24 16:25:00,12,8,24,16,25,130,117,CORNICHE (MONTEE DE LA),43.4684,5.23339,Plein jour,En agglomération,Hors intersection,Normale,Deux véhicules - côté,,,,,,,,,,,1,2,1,1.0,3
201200017099,0012-08-24 13:20:00,12,8,24,13,20,130,19,"PR400, D9",,,Plein jour,Hors agglomération,Hors intersection,Normale,Deux véhicules - frontale,,,,,,,,,,,1,1,1,1.0,1
201200017100,0012-08-24 16:40:00,12,8,24,16,40,130,19,D60 A,,,Plein jour,Hors agglomération,Hors intersection,Normale,Autre collision,,,,,,,,,,,1,1,1,1.0,6
201200017101,0012-08-27 10:00:00,12,8,27,10,0,130,117,CHEMIN DEPARTEMENTAL 9 (,,,Plein jour,Hors agglomération,Hors intersection,Normale,Sans collision,,,,,,,,,,,1,1,1,1.0,7
201200017102,0012-08-27 11:55:00,12,8,27,11,55,130,117,MARSEILLE ( AVENUE DE ),,,Plein jour,En agglomération,Hors intersection,Normale,Trois véhicules et plus - en chaîne,,,,,,,,,,,1,2,1,1.0,4
201200017103,0012-08-29 19:30:00,12,8,29,19,30,130,71,MONNET (AVENUE JEAN),,,Plein jour,En agglomération,Intersection en T,Normale,Deux véhicules - côté,,,,,,,,,,,1,2,3,1.0,3
201200017104,0012-08-30 12:10:00,12,8,30,12,10,130,117,CD 9 ESTROUBLANS,,,Plein jour,En agglomération,Hors intersection,Pluie légère,Sans collision,,,,,,,,,,,1,2,1,2.0,7
201200017105,0012-08-30 14:00:00,12,8,30,14,0,130,117,"XXXX, ANCIENS COMBAT. IN",,,Plein jour,En agglomération,Giratoire,Pluie légère,Trois véhicules et plus - en chaîne,,,,,,,,,,,1,2,6,2.0,4
201200017106,0012-09-03 19:30:00,12,9,3,19,30,130,117,JOFFRE ( AVENUE DU MAREC,,,Crépuscule ou aube,En agglomération,Hors intersection,Temps couvert,Deux véhicules - côté,,,,,,,,,,,2,2,1,8.0,3
201200017107,0012-09-04 16:10:00,12,9,4,16,10,130,117,CHEMIN DEPARTEMENTAL CD,,,Plein jour,Hors agglomération,Hors intersection,Normale,Sans collision,,,,,,,,,,,1,1,1,1.0,7
201200017108,0012-09-04 22:40:00,12,9,4,22,40,130,117,GELU  ( AVENUE VICTOR ),,,Nuit avec éclairage allumé,En agglomération,Giratoire,Normale,Autre collision,,,,,,,,,,,5,2,6,1.0,6
201200017109,0012-09-08 18:20:00,12,9,8,18,20,130,19,D60 A,,,Plein jour,Hors agglomération,Intersection en X,Normale,Deux véhicules - côté,,,,,,,,,,,1,1,2,1.0,3
201200017110,0012-09-09 16:50:00,12,9,9,16,50,130,71,RD 543,,,Plein jour,En agglomération,Hors intersection,Normale,Deux véhicules - côté,,,,,,,,,,,1,2,1,1.0,3
201200017111,0012-09-10 19:00:00,12,9,10,19,0,130,117,BLANCARD ( RUE PIERRE),,,Plein jour,En agglomération,Hors intersection,Normale,Sans collision,,,,,,,,,,,1,2,1,1.0,7
201200017112,0012-09-11 12:45:00,12,9,11,12,45,130,117,CARREFOUR (PARKING CENTR,,,Plein jour,En agglomération,Hors intersection,Normale,Deux véhicules - côté,,,,,,,,,,,1,2,1,1.0,3
201200017113,0012-09-12 16:45:00,12,9,12,16,45,130,117,"43, EUROPE ( AVENUE DE L",,,Plein jour,Hors agglomération,Hors intersection,Normale,Deux véhicules - arrière,,,,,,,,,,,1,1,1,1.0,2
201200017114,0012-09-12 19:50:00,12,9,12,19,50,130,71,RD8,,,Crépuscule ou aube,En agglomération,Intersection en T,Normale,Deux véhicules - côté,,,,,,,,,,,2,2,3,1.0,3
201200017115,0012-09-13 12:05:00,12,9,13,12,5,130,117,DROITS DE L'HOMME (AVENU,,,Plein jour,En agglomération,Hors intersection,Normale,Deux véhicules - arrière,,,,,,,,,,,1,2,1,1.0,2
201200017116,0012-09-13 18:05:00,12,9,13,18,5,130,117,GLACIERE ( RUE DE LA ),,,Plein jour,En agglomération,Intersection en X,Normale,Deux véhicules - côté,,,,,,,,,,,1,2,2,1.0,3
201200017117,0012-09-13 20:30:00,12,9,13,20,30,130,71,RD 543,,,Nuit sans éclairage public,En agglomération,Giratoire,Normale,Deux véhicules - côté,,,,,,,,,,,3,2,6,1.0,3
201200017118,0012-09-18 10:45:00,12,9,18,10,45,130,19,ROUTE D'APT,,,Plein jour,Hors agglomération,Hors intersection,Normale,Deux véhicules - frontale,,,,,,,,,,,1,1,1,1.0,1
201200017119,0012-09-19 09:00:00,12,9,19,9,0,130,117,CHEMIN DEPARTEMENTAL 9 (,,,Plein jour,Hors agglomération,Hors intersection,Normale,Trois véhicules et plus - en chaîne,,,,,,,,,,,1,1,1,1.0,4
201200017120,0012-09-20 15:45:00,12,9,20,15,45,130,117,CHEMIN DEPARTEMENTAL 9 (,,,Plein jour,Hors agglomération,Hors intersection,Normale,Autre collision,,,,,,,,,,,1,1,1,1.0,6
201200017121,0012-09-22 17:30:00,12,9,22,17,30,130,55,FRANCOIS MITTERAND (AVEN,,,Plein jour,En agglomération,Hors intersection,Normale,Deux véhicules - côté,,,,,,,,,,,1,2,1,1.0,3
201200017122,0012-09-23 01:30:00,12,9,23,1,30,130,71,ROUTE D 368 (PLA,43.4052,5.28322,Nuit sans éclairage public,Hors agglomération,Hors intersection,Normale,Autre collision,,,,,,,,,,,3,1,1,1.0,6
201200017123,0012-09-26 14:30:00,12,9,26,14,30,130,117,ROUCAS ( CORNICHE DU ),,,Plein jour,En agglomération,Intersection en X,Normale,Sans collision,,,,,,,,,,,1,2,2,1.0,7
201200017124,0012-09-28 09:40:00,12,9,28,9,40,130,71,CD 543,,,Plein jour,Hors agglomération,Intersection en X,Normale,Deux véhicules - côté,,,,,,,,,,,1,1,2,1.0,3
201200017125,0012-09-28 17:35:00,12,9,28,17,35,130,117,"XXXX, STADIUM (CD9)",,,Plein jour,Hors agglomération,Hors intersection,Temps couvert,Sans collision,,,,,,,,,,,1,1,1,8.0,7
201200017126,0012-09-28 18:30:00,12,9,28,18,30,130,71,RD8,,,Plein jour,Hors agglomération,Hors intersection,Normale,Sans collision,,,,,,,,,,,1,1,1,1.0,7
201200017127,0012-09-29 18:30:00,12,9,29,18,30,130,117,LA BASTIDE BLANCHE CD 9,,,Plein jour,Hors agglomération,Hors intersection,Normale,Sans collision,,,,,,,,,,,1,1,1,1.0,7
201200017128,0012-09-30 17:00:00,12,9,30,17,0,130,19,ROUTE D'APT,,,Plein jour,Hors agglomération,Hors intersection,Pluie légère,Sans collision,,,,,,,,,,,1,1,1,2.0,7
201200017129,0012-09-30 17:45:00,12,9,30,17,45,130,71,ROUTE NATIONALE 368 (PLA,,,Plein jour,Hors agglomération,Hors intersection,Pluie légère,Trois véhicules et plus - collisions multiples,,,,,,,,,,,1,1,1,2.0,5
201200017130,0012-10-01 08:50:00,12,10,1,8,50,130,71,ROSIERS ( AVNUE DES ET M,,,Plein jour,En agglomération,Hors intersection,Normale,Autre collision,,,,,,,,,,,1,2,1,1.0,6
201200017131,0012-10-03 18:15:00,12,10,3,18,15,130,71,CD 543,,,Plein jour,En agglomération,Hors intersection,Normale,Deux véhicules - côté,,,,,,,,,,,1,2,1,1.0,3
201200017132,0012-10-03 08:20:00,12,10,3,8,20,130,71,BRUTUS (AV DU CAPINTAINE,,,Plein jour,En agglomération,Hors intersection,Normale,Deux véhicules - arrière,,,,,,,,,,,1,2,1,1.0,2
201200017133,0012-10-05 14:30:00,12,10,5,14,30,130,71,PLAN DE CAMPAGNE (AVE. D,,,Plein jour,Hors agglomération,Hors intersection,Normale,Deux véhicules - côté,,,,,,,,,,,1,1,1,1.0,3
201200017134,0012-10-06 14:50:00,12,10,6,14,50,130,71,VAL DU SOLEIL (ZAC),,,Plein jour,En agglomération,Hors intersection,Normale,Deux véhicules - frontale,,,,,,,,,,,1,2,1,1.0,1
201200017135,0012-10-07 17:13:00,12,10,7,17,13,130,19,CD 6,,,Plein jour,Hors agglomération,Hors intersection,Normale,Autre collision,,,,,,,,,,,1,1,1,1.0,6
201200017136,0012-10-08 18:40:00,12,10,8,18,40,130,117,CASILE ( BOULEVARD ALFRE,,,Plein jour,En agglomération,Hors intersection,Normale,Deux véhicules - arrière,,,,,,,,,,,1,2,1,1.0,2
201200017137,0012-10-09 11:10:00,12,10,9,11,10,130,71,CD 543,,,Plein jour,Hors agglomération,Hors intersection,Normale,Deux véhicules - côté,,,,,,,,,,,1,1,1,1.0,3
201200017138,0012-10-13 18:20:00,12,10,13,18,20,130,71,CD 6,,,Plein jour,En agglomération,Hors intersection,Normale,Deux véhicules - frontale,,,,,,,,,,,1,2,1,1.0,1
201200017139,0012-10-13 21:15:00,12,10,13,21,15,130,117,CD 9 ESTROUBLANS,,,Nuit sans éclairage public,Hors agglomération,Hors intersection,Normale,Sans collision,,,,,,,,,,,3,1,1,1.0,7
201200017140,0012-10-14 09:35:00,12,10,14,9,35,130,117,QUICK (AVE DE MARSEILLE),,,Plein jour,En agglomération,Autre intersection,Normale,Deux véhicules - côté,,,,,,,,,,,1,2,9,1.0,3
201200017141,0012-10-15 13:50:00,12,10,15,13,50,130,117,ROUTE NATIONALE 113-L'AN,,,Plein jour,Hors agglomération,Hors intersection,Normale,Trois véhicules et plus - en chaîne,,,,,,,,,,,1,1,1,1.0,4
201200017142,0012-10-15 16:05:00,12,10,15,16,5,130,117,ROUTE NATIONALE 113-L'AN,,,Plein jour,En agglomération,Hors intersection,Normale,Trois véhicules et plus - en chaîne,,,,,,,,,,,1,2,1,1.0,4
201200017143,0012-10-18 17:00:00,12,10,18,17,0,130,71,TOTAL (RN 113 - LE TUNNE,,,Plein jour,Hors agglomération,Hors intersection,Normale,Deux véhicules - côté,,,,,,,,,,,1,1,1,1.0,3
201200017144,0012-10-19 19:15:00,12,10,19,19,15,130,71,ROUTE NATIONALE 113 - RE,,,Nuit sans éclairage public,En agglomération,Hors intersection,Normale,Deux véhicules - côté,,,,,,,,,,,3,2,1,1.0,3
201200017145,0012-10-23 13:50:00,12,10,23,13,50,130,117,"XXXXXX, DAUDET ( AVENUE",,,Plein jour,En agglomération,Hors intersection,Normale,Autre collision,,,,,,,,,,,1,2,1,1.0,6
201200017146,0012-10-25 12:30:00,12,10,25,12,30,130,19,AVENUE JEAN MOULIN,,,Plein jour,Hors agglomération,Hors intersection,Normale,Sans collision,,,,,,,,,,,1,1,1,1.0,7
201200017147,0012-10-25 19:25:00,12,10,25,19,25,130,71,RD 543,,,Nuit sans éclairage public,Hors agglomération,Hors intersection,Normale,Autre collision,,,,,,,,,,,3,1,1,1.0,6
201200017148,0012-10-26 10:00:00,12,10,26,10,0,130,117,CHEMIN DEPARTEMENTAL 9 (,,,Plein jour,En agglomération,Hors intersection,Pluie légère,Autre collision,,,,,,,,,,,1,2,1,2.0,6
201200017149,0012-10-27 06:25:00,12,10,27,6,25,130,117,CHEMIN DEPARTEMENTAL 9 (,,,Nuit sans éclairage public,Hors agglomération,Intersection en X,Autre,Autre collision,,,,,,,,,,,3,1,2,9.0,6
201200017150,0012-10-27 15:15:00,12,10,27,15,15,130,117,STADIUM (CD9),,,Plein jour,Hors agglomération,Hors intersection,Vent fort / tempête,Sans collision,,,,,,,,,,,1,1,1,6.0,7
201200017151,0012-11-01 02:55:00,12,11,1,2,55,130,19,D9,,,Nuit sans éclairage public,Hors agglomération,Hors intersection,Pluie légère,Sans collision,,,,,,,,,,,3,1,1,2.0,7
201200017152,0012-11-05 16:50:00,12,11,5,16,50,130,117,ATHENES (RUE D'),43.431,5.24054,Plein jour,En agglomération,Intersection en T,Normale,Deux véhicules - côté,,,,,,,,,,,1,2,3,1.0,3
201200017153,0012-11-08 18:40:00,12,11,8,18,40,130,117,ROUTE NATIONALE 113-L'AN,,,Nuit sans éclairage public,Hors agglomération,Hors intersection,Normale,Deux véhicules - arrière,,,,,,,,,,,3,1,1,1.0,2
201200017154,0012-11-09 19:05:00,12,11,9,19,5,130,71,"XXXXXX, QUICK (CD6)",,,Nuit sans éclairage public,Hors agglomération,Hors intersection,Normale,Trois véhicules et plus - en chaîne,,,,,,,,,,,3,1,1,1.0,4
201200017155,0012-11-10 20:00:00,12,11,10,20,0,130,71,CD 6,,,Nuit sans éclairage public,Hors agglomération,Hors intersection,Pluie légère,Trois véhicules et plus - collisions multiples,,,,,,,,,,,3,1,1,2.0,5
201200017156,0012-11-17 17:10:00,12,11,17,17,10,130,71,CD 6,,,Nuit sans éclairage public,Hors agglomération,Intersection en X,Normale,Deux véhicules - arrière,,,,,,,,,,,3,1,2,1.0,2
201200017157,0012-11-18 11:20:00,12,11,18,11,20,130,71,"77, MITTERRAND (AVENUE F",43.3797,5.35067,Plein jour,En agglomération,Hors intersection,Normale,Trois véhicules et plus - collisions multiples,,,,,,,,,,,1,2,1,1.0,5
201200017158,0012-11-20 19:20:00,12,11,20,19,20,130,71,ROUTE NATIONALE 368 (VIL,43.4079,5.30416,Nuit sans éclairage public,Hors agglomération,Intersection en T,Normale,Deux véhicules - côté,,,,,,,,,,,3,1,3,1.0,3
201200017159,0012-11-21 09:10:00,12,11,21,9,10,130,19,AVENUE RAYMOND MARTIN,,,Plein jour,En agglomération,Hors intersection,Normale,Deux véhicules - côté,,,,,,,,,,,1,2,1,1.0,3
201200017160,0012-11-21 10:00:00,12,11,21,10,0,130,117,CASILE ( BOULEVARD ALFRE,,,Plein jour,En agglomération,Hors intersection,Normale,Deux véhicules - côté,,,,,,,,,,,1,2,1,1.0,3
201200017161,0012-11-21 18:50:00,12,11,21,18,50,130,71,"XXXXX, MITTERRAND (AVENU",,,Nuit avec éclairage allumé,En agglomération,Hors intersection,Normale,Deux véhicules - arrière,,,,,,,,,,,5,2,1,1.0,2
201200017162,0012-11-21 21:10:00,12,11,21,21,10,130,71,PLAN DE PENNES ( CHEMIN,,,Nuit sans éclairage public,Hors agglomération,Hors intersection,Normale,Autre collision,,,,,,,,,,,3,1,1,1.0,6
201200017163,0012-11-22 08:30:00,12,11,22,8,30,130,54,CHEMIN DEPARTEMENTAL 20,43.4468,5.2305,Plein jour,Hors agglomération,Hors intersection,Normale,Sans collision,,,,,,,,,,,1,1,1,1.0,7
201200017164,0012-11-23 13:20:00,12,11,23,13,20,130,71,METRO (MAGASIN) - RN 368,43.4009,5.26811,Plein jour,En agglomération,Hors intersection,Normale,Deux véhicules - arrière,,,,,,,,,,,1,2,1,1.0,2
201200017165,0012-11-24 11:08:00,12,11,24,11,8,130,71,"00, ROUTE NATIONALE 113",,,Plein jour,En agglomération,Hors intersection,Normale,Autre collision,,,,,,,,,,,1,2,1,1.0,6
201200017166,0012-11-24 22:05:00,12,11,24,22,5,130,71,REGANAT ( CHEMIN DU ),43.4087,5.29965,Nuit sans éclairage public,Hors agglomération,Hors intersection,Pluie légère,Deux véhicules - frontale,,,,,,,,,,,3,1,1,2.0,1
201200017167,0012-11-26 16:55:00,12,11,26,16,55,130,117,ROUCAS ( CORNICHE DU ),,,Plein jour,En agglomération,Intersection en X,Pluie forte,Sans collision,,,,,,,,,,,1,2,2,3.0,7
201200017168,0012-11-26 17:00:00,12,11,26,17,0,130,71,"2526, VELAUX (CHEMIN)",,,Nuit avec éclairage allumé,En agglomération,Hors intersection,Pluie légère,Deux véhicules - côté,,,,,,,,,,,5,2,1,2.0,3
201200017169,0012-11-26 20:45:00,12,11,26,20,45,130,117,LA BASTIDE BLANCHE RN 11,,,Nuit sans éclairage public,Hors agglomération,Hors intersection,Pluie légère,Autre collision,,,,,,,,,,,3,1,1,2.0,6
201200017170,0012-11-27 18:20:00,12,11,27,18,20,130,71,TOTAL (RN 113 - LE TUNNE,43.3735,5.35484,Nuit avec éclairage allumé,Hors agglomération,Intersection en Y,Pluie légère,Deux véhicules - côté,,,,,,,,,,,5,1,4,2.0,3
201200017171,0012-11-29 09:40:00,12,11,29,9,40,130,117,CHEMIN DEPARTEMENTAL 9 (,,,Plein jour,Hors agglomération,Intersection en X,Normale,Deux véhicules - arrière,,,,,,,,,,,1,1,2,1.0,2
201200017172,0012-12-01 15:35:00,12,12,1,15,35,130,19,ROUTE D'APT,,,Plein jour,En agglomération,Hors intersection,Normale,Deux véhicules - arrière,,,,,,,,,,,1,2,1,1.0,2
201200017173,0012-12-03 17:50:00,12,12,3,17,50,130,117,CHEMIN DEPARTEMENTAL 9 (,,,Nuit sans éclairage public,En agglomération,Hors intersection,Normale,Sans collision,,,,,,,,,,,3,2,1,1.0,7
201200017174,0012-12-04 18:00:00,12,12,4,18,0,130,117,LA BASTIDE BLANCHE RN 11,,,Nuit sans éclairage public,Hors agglomération,Hors intersection,Normale,Trois véhicules et plus - en chaîne,,,,,,,,,,,3,1,1,1.0,4
201200017175,0012-11-13 08:45:00,12,11,13,8,45,130,117,ROUTE DEPARTEMENTALE 20,,,Plein jour,Hors agglomération,Hors intersection,Normale,Trois véhicules et plus - en chaîne,,,,,,,,,,,1,1,1,1.0,4
201200017176,0012-12-06 13:30:00,12,12,6,13,30,130,71,PIERREFEU ( CHEMIN DE ),43.3941,5.33706,Plein jour,En agglomération,Intersection en X,Normale,Sans collision,,,,,,,,,,,1,2,2,1.0,7
201200017177,0012-12-07 17:20:00,12,12,7,17,20,130,117,ROUCAS ( CORNICHE DU ),,,Crépuscule ou aube,Hors agglomération,Hors intersection,Pluie légère,Deux véhicules - frontale,,,,,,,,,,,2,1,1,2.0,1
201200017178,0012-12-07 21:35:00,12,12,7,21,35,130,106,D 543,43.3987,5.36573,Nuit avec éclairage allumé,Hors agglomération,Hors intersection,Autre,Trois véhicules et plus - en chaîne,,,,,,,,,,,5,1,1,9.0,4
201200017179,0012-12-08 08:15:00,12,12,8,8,15,130,117,STADIUM (CD9),,,Plein jour,Hors agglomération,Intersection en X,Autre,Autre collision,,,,,,,,,,,1,1,2,9.0,6
201200017180,0012-12-09 02:40:00,12,12,9,2,40,130,117,CHEMIN DEPARTEMENTAL 9 (,,,Nuit avec éclairage allumé,Hors agglomération,Hors intersection,Normale,Autre collision,,,,,,,,,,,5,1,1,1.0,6
201200017181,0012-12-10 17:00:00,12,12,10,17,0,130,19,D60 A,,,Nuit sans éclairage public,Hors agglomération,Hors intersection,Normale,Deux véhicules - arrière,,,,,,,,,,,3,1,1,1.0,2
201200017182,0012-12-11 09:30:00,12,12,11,9,30,130,71,CD 6,,,Plein jour,Hors agglomération,Intersection en X,Normale,Sans collision,,,,,,,,,,,1,1,2,1.0,7
201200017183,0012-12-12 12:55:00,12,12,12,12,55,130,117,ROUTE NATIONALE 113 - CA,,,Plein jour,Hors agglomération,Hors intersection,Normale,Autre collision,,,,,,,,,,,1,1,1,1.0,6
201200017184,0012-12-13 13:00:00,12,12,13,13,0,130,71,RIGONS ( CHEMIN DES ),,,Plein jour,Hors agglomération,Hors intersection,Pluie légère,Deux véhicules - côté,,,,,,,,,,,1,1,1,2.0,3
201200017185,0012-12-14 08:20:00,12,12,14,8,20,130,117,CHEMIN DEPARTEMENTAL 9 (,,,Plein jour,Hors agglomération,Hors intersection,Temps couvert,Autre collision,,,,,,,,,,,1,1,1,8.0,6
201200017186,0012-12-14 21:00:00,12,12,14,21,0,130,117,RHIN DANUBE ( AVENUE ),43.4215,5.26909,Nuit avec éclairage allumé,En agglomération,Giratoire,Pluie légère,Deux véhicules - côté,,,,,,,,,,,5,2,6,2.0,3
201200017187,0012-12-15 05:50:00,12,12,15,5,50,130,117,CUGNOT ( AVENUE JOSEPH ),43.4731,5.23439,Nuit avec éclairage allumé,Hors agglomération,Hors intersection,Temps couvert,Deux véhicules - frontale,,,,,,,,,,,5,1,1,8.0,1
201200017188,0012-12-15 17:30:00,12,12,15,17,30,130,19,D 543,43.4421,5.36136,Nuit sans éclairage public,Hors agglomération,Intersection en X,Normale,Deux véhicules - côté,,,,,,,,,,,3,1,2,1.0,3
201200017189,0012-12-16 00:40:00,12,12,16,0,40,130,117,"0, RABIN ( AVENUE YITZHA",,,Nuit avec éclairage allumé,En agglomération,Hors intersection,Normale,Autre collision,,,,,,,,,,,5,2,1,1.0,6
201200017190,0012-12-18 16:45:00,12,12,18,16,45,130,19,D9,,,Crépuscule ou aube,Hors agglomération,Hors intersection,Normale,Autre collision,,,,,,,,,,,2,1,1,1.0,6
201200017191,0012-12-19 08:00:00,12,12,19,8,0,130,43,"209, MITTERRAND (AVENUE",43.3961,5.24127,Crépuscule ou aube,En agglomération,Hors intersection,Normale,Deux véhicules - côté,,,,,,,,,,,2,2,1,1.0,3
201200017192,0012-12-19 13:00:00,12,12,19,13,0,130,19,AVENUE DU PLAN DE CAMPAG,,,Plein jour,En agglomération,Hors intersection,Normale,Deux véhicules - côté,,,,,,,,,,,1,2,1,1.0,3