accident_id,datetime,annee,mois,jour,heure,minute,departement,commune_insee,adresse,latitude,longitude,luminosite,agglomeration,intersection,meteo,collision,nb_vehicules,nb_usagers,nb_indemnes,nb_tues,nb_blesses_hosp,nb_blesses_legers,age_cond_1,age_cond_2,veh_type_cond_1,veh_type_cond_2,lum_code,agg_code,int_code,atm_code,col_code
201200017193,0012-12-20 16:20:00,12,12,20,16,20,130,117,PADOVANI ( AVE ),,,Plein jour,En agglomération,Hors intersection,Temps couvert,Trois véhicules et plus - en chaîne,,,,,,,,,,,1,2,1,8.0,4
201200017194,0012-12-20 18:45:00,12,12,20,18,45,130,117,ROUTE DEPARTEMENTALE 20,,,Nuit avec éclairage allumé,En agglomération,Hors intersection,Temps couvert,Trois véhicules et plus - collisions multiples,,,,,,,,,,,5,2,1,8.0,5
201200017195,0012-12-21 11:45:00,12,12,21,11,45,130,19,"1, CHEMIN D'EMMAUS",,,Plein jour,En agglomération,Hors intersection,Normale,Deux véhicules - frontale,,,,,,,,,,,1,2,1,1.0,1
201200017196,0012-12-22 11:55:00,12,12,22,11,55,130,71,GEANT CASINO (MAGASIN),,,Plein jour,En agglomération,Autre intersection,Normale,Deux véhicules - côté,,,,,,,,,,,1,2,9,1.0,3
201200017197,0012-12-23 19:10:00,12,12,23,19,10,130,117,ROUTE NATIONALE 113 - CA,,,Nuit sans éclairage public,En agglomération,Intersection en X,Normale,Deux véhicules - côté,,,,,,,,,,,3,2,2,1.0,3
201200017198,0012-12-26 07:30:00,12,12,26,7,30,130,117,DROITS DE L'HOMME (AVENU,,,Nuit sans éclairage public,En agglomération,Hors intersection,Pluie légère,Sans collision,,,,,,,,,,,3,2,1,2.0,7
201200017199,0012-12-29 22:10:00,12,12,29,22,10,130,71,PLAN DE CAMPAGNE,,,Nuit avec éclairage allumé,Hors agglomération,Autre intersection,Normale,Deux véhicules - côté,,,,,,,,,,,5,1,9,1.0,3
201200017200,0012-12-29 23:15:00,12,12,29,23,15,130,71,PENNES AUX PINS ( CHEMIN,,,Nuit avec éclairage non allumé,Hors agglomération,Hors intersection,Normale,Deux véhicules - côté,,,,,,,,,,,4,1,1,1.0,3
201200017201,0012-12-31 16:00:00,12,12,31,16,0,130,117,VICTOIRE ( PLACE DE LA ),,,Plein jour,En agglomération,Hors intersection,Normale,Autre collision,,,,,,,,,,,1,2,1,1.0,6
201200017202,0012-04-07 02:00:00,12,4,7,2,0,680,66,,48.06193,7.3814,Nuit sans éclairage public,Hors agglomération,Hors intersection,Normale,Autre collision,,,,,,,,,,,3,1,1,1.0,6
201200017203,0012-05-01 05:45:00,12,5,1,5,45,680,252,,48.1446,7.3683,Crépuscule ou aube,Hors agglomération,Hors intersection,Normale,Deux véhicules - arrière,,,,,,,,,,,2,1,1,1.0,2
201200017204,0012-06-16 09:45:00,12,6,16,9,45,680,113,,48.1935,7.3952,Plein jour,Hors agglomération,Hors intersection,Normale,Deux véhicules - côté,,,,,,,,,,,1,1,1,1.0,3
201200017205,0012-07-19 13:45:00,12,7,19,13,45,680,252,,48.15347,7.3743,Plein jour,Hors agglomération,Hors intersection,Normale,Autre collision,,,,,,,,,,,1,1,1,1.0,6
201200017206,0012-07-18 16:30:00,12,7,18,16,30,680,82,A 35,47.8404,7.3945,Plein jour,Hors agglomération,Hors intersection,Normale,Deux véhicules - arrière,,,,,,,,,,,1,1,1,1.0,2
201200017207,0012-09-10 12:00:00,12,9,10,12,0,680,66,,48.09165,7.3826,Plein jour,Hors agglomération,Hors intersection,Normale,Deux véhicules - frontale,,,,,,,,,,,1,1,1,1.0,1
201200017208,0012-09-15 18:00:00,12,9,15,18,0,680,205,A 35,47.917,7.3623,Plein jour,Hors agglomération,Hors intersection,Normale,Sans collision,,,,,,,,,,,1,1,1,1.0,7
201200017209,0012-09-20 20:00:00,12,9,20,20,0,680,242,A 35,47.9701,7.3716,Nuit sans éclairage public,Hors agglomération,Hors intersection,Normale,Deux véhicules - arrière,,,,,,,,,,,3,1,1,1.0,2
201200017210,0012-10-17 09:30:00,12,10,17,9,30,680,295,,48.0126,7.3759,Plein jour,Hors agglomération,Hors intersection,Normale,Deux véhicules - arrière,,,,,,,,,,,1,1,1,1.0,2
201200017211,0012-10-18 21:15:00,12,10,18,21,15,680,295,,48.0276,7.372,Nuit sans éclairage public,Hors agglomération,Hors intersection,Normale,Deux véhicules - arrière,,,,,,,,,,,3,1,1,1.0,2
201200017212,0012-11-02 02:00:00,12,11,2,2,0,680,66,A5,48.1033,7.3824,Nuit sans éclairage public,Hors agglomération,Hors intersection,Normale,Sans collision,,,,,,,,,,,3,1,1,1.0,7
201200017213,0012-03-15 18:45:00,12,3,15,18,45,780,356,AV D'AIGREFOIN,48.71975,2.10371,Nuit avec éclairage allumé,En agglomération,Hors intersection,Normale,Autre collision,,,,,,,,,,,5,2,1,1.0,6
201200017214,0012-04-17 17:15:00,12,4,17,17,15,780,356,RD 91,,,Plein jour,Hors agglomération,Hors intersection,Pluie légère,Deux véhicules - frontale,,,,,,,,,,,1,1,1,2.0,1
201200017215,0012-05-01 20:45:00,12,5,1,20,45,780,356,RD 195,48.721,2.09399,Plein jour,En agglomération,Autre intersection,Normale,Deux véhicules - arrière,,,,,,,,,,,1,2,9,1.0,2
201200017216,0012-06-09 14:00:00,12,6,9,14,0,780,356,RD 195,,,Plein jour,En agglomération,Hors intersection,Normale,Autre collision,,,,,,,,,,,1,2,1,1.0,6
201200017217,0012-08-19 17:45:00,12,8,19,17,45,330,174,,,,Plein jour,Hors agglomération,Hors intersection,Normale,Sans collision,,,,,,,,,,,1,1,1,1.0,7
201200017218,0012-03-11 03:45:00,12,3,11,3,45,720,58,,,,Nuit sans éclairage public,Hors agglomération,Hors intersection,Normale,Autre collision,,,,,,,,,,,3,1,1,1.0,6
201200017219,0012-06-15 22:00:00,12,6,15,22,0,720,386,,,,Nuit sans éclairage public,Hors agglomération,Hors intersection,Pluie légère,Deux véhicules - frontale,,,,,,,,,,,3,1,1,2.0,1
201200017220,0012-07-01 12:00:00,12,7,1,12,0,720,115,,,,Plein jour,Hors agglomération,Giratoire,Normale,Sans collision,,,,,,,,,,,1,1,6,1.0,7
201200017221,0012-07-05 09:45:00,12,7,5,9,45,720,217,,,,Plein jour,Hors agglomération,Hors intersection,Normale,Deux véhicules - côté,,,,,,,,,,,1,1,1,1.0,3
201200017222,0012-07-18 22:30:00,12,7,18,22,30,720,217,,,,Nuit sans éclairage public,Hors agglomération,Hors intersection,Normale,Trois véhicules et plus - en chaîne,,,,,,,,,,,3,1,1,1.0,4
201200017223,0012-07-20 17:30:00,12,7,20,17,30,720,386,,,,Plein jour,Hors agglomération,Hors intersection,Normale,Deux véhicules - côté,,,,,,,,,,,1,1,1,1.0,3
201200017224,0012-08-24 16:15:00,12,8,24,16,15,720,58,,,,Plein jour,Hors agglomération,Hors intersection,Normale,Sans collision,,,,,,,,,,,1,1,1,1.0,7
201200017225,0012-08-30 09:30:00,12,8,30,9,30,720,124,,,,Plein jour,Hors agglomération,Hors intersection,Normale,Sans collision,,,,,,,,,,,1,1,1,1.0,7
201200017226,0012-11-02 16:30:00,12,11,2,16,30,720,320,,,,Plein jour,Hors agglomération,Hors intersection,Temps éblouissant,Sans collision,,,,,,,,,,,1,1,1,7.0,7
201200017227,0012-12-29 15:45:00,12,12,29,15,45,720,299,,,,Plein jour,Hors agglomération,Hors intersection,Pluie légère,Sans collision,,,,,,,,,,,1,1,1,2.0,7
201200017228,0012-01-27 07:00:00,12,1,27,7,0,720,320,,48.072,0.156,Nuit sans éclairage public,Hors agglomération,Intersection en X,Normale,Deux véhicules - côté,,,,,,,,,,,3,1,2,1.0,3
201200017229,0012-02-13 10:00:00,12,2,13,10,0,720,198,,,,Plein jour,Hors agglomération,Intersection en X,Normale,Trois véhicules et plus - collisions multiples,,,,,,,,,,,1,1,2,1.0,5
201200017230,0012-05-19 14:45:00,12,5,19,14,45,720,66,,48.109,0.104,Plein jour,Hors agglomération,Hors intersection,Pluie légère,Sans collision,,,,,,,,,,,1,1,1,2.0,7
201200017231,0012-06-24 04:15:00,12,6,24,4,15,720,216,Rue du M?ridien,48.16,,Nuit sans éclairage public,En agglomération,Hors intersection,Normale,Deux véhicules - frontale,,,,,,,,,,,3,2,1,1.0,1
201200017232,0012-08-04 21:30:00,12,8,4,21,30,720,65,,,,Nuit avec éclairage allumé,En agglomération,Hors intersection,Normale,Deux véhicules - frontale,,,,,,,,,,,5,2,1,1.0,1
201200017233,0012-10-16 18:00:00,12,10,16,18,0,720,24,,48.112,0.151,Plein jour,Hors agglomération,Hors intersection,Normale,Deux véhicules - frontale,,,,,,,,,,,1,1,1,1.0,1
201200017234,0012-11-08 11:30:00,12,11,8,11,30,720,24,,48.128,0.144,Plein jour,Hors agglomération,Hors intersection,Normale,Trois véhicules et plus - collisions multiples,,,,,,,,,,,1,1,1,1.0,5
201200017235,0012-11-07 15:45:00,12,11,7,15,45,720,89,,48.125,-0.029,Plein jour,Hors agglomération,Hors intersection,Temps couvert,Autre collision,,,,,,,,,,,1,1,1,8.0,6
201200017236,0012-04-20 10:45:00,12,4,20,10,45,950,394,R ISLE ADAM,49.0651,2.1892,Plein jour,En agglomération,Hors intersection,Normale,Autre collision,,,,,,,,,,,1,2,1,1.0,6
201200017237,0012-06-30 16:00:00,12,6,30,16,0,950,678,R DE FREPILLON,49.0615,2.2245,Plein jour,Hors agglomération,Hors intersection,Normale,Deux véhicules - côté,,,,,,,,,,,1,1,1,1.0,3
201200017238,0012-09-30 17:30:00,12,9,30,17,30,950,394,CHE DES BOEUFS,49.0462,2.1634,Plein jour,Hors agglomération,Hors intersection,Normale,Deux véhicules - côté,,,,,,,,,,,1,1,1,1.0,3
201200017239,0012-11-14 08:45:00,12,11,14,8,45,950,394,AV MARCEL PERRIN,49.0589,2.1884,Plein jour,En agglomération,Hors intersection,Normale,Autre collision,,,,,,,,,,,1,2,1,1.0,6
201200017240,0012-11-16 19:00:00,12,11,16,19,0,950,394,CHE DE PONTOISE,49.0588,2.1709,Crépuscule ou aube,En agglomération,Hors intersection,Normale,Deux véhicules - côté,,,,,,,,,,,2,2,1,1.0,3
201200017241,0012-04-16 18:00:00,12,4,16,18,0,720,289,,,,Plein jour,Hors agglomération,Hors intersection,Normale,Autre collision,,,,,,,,,,,1,1,1,1.0,6
201200017242,0012-04-23 08:45:00,12,4,23,8,45,720,97,,,,Plein jour,Hors agglomération,Hors intersection,Pluie forte,Deux véhicules - arrière,,,,,,,,,,,1,1,1,3.0,2
201200017243,0012-01-02 13:30:00,12,1,2,13,30,490,99,,47.10854,-0.8272,Plein jour,Hors agglomération,Hors intersection,Neige / grêle,Autre collision,,,,,,,,,,,1,1,1,4.0,6
201200017244,0012-01-20 07:30:00,12,1,20,7,30,490,22,,47.32317,-0.60487,Nuit sans éclairage public,Hors agglomération,Hors intersection,Normale,Deux véhicules - arrière,,,,,,,,,,,3,1,1,1.0,2
201200017245,0012-05-10 11:30:00,12,5,10,11,30,850,302,,,,Plein jour,Hors agglomération,Hors intersection,Normale,Sans collision,,,,,,,,,,,1,1,1,1.0,7
201200017246,0012-06-25 17:30:00,12,6,25,17,30,490,167,,47.41113,-0.50773,Plein jour,Hors agglomération,Hors intersection,Pluie forte,Deux véhicules - arrière,,,,,,,,,,,1,1,1,3.0,2
201200017247,0012-12-21 18:30:00,12,12,21,18,30,490,167,,47.40632,-0.50954,Nuit sans éclairage public,Hors agglomération,Hors intersection,Temps couvert,Deux véhicules - arrière,,,,,,,,,,,3,1,1,8.0,2
201200017248,0012-01-06 14:00:00,12,1,6,14,0,240,274,,44.363,0.83,Plein jour,Hors agglomération,Hors intersection,Normale,Deux véhicules - côté,,,,,,,,,,,1,1,1,1.0,3
201200017249,0012-01-12 07:00:00,12,1,12,7,0,240,148,,44.793,0.371,Nuit sans éclairage public,Hors agglomération,Hors intersection,Autre,Autre collision,,,,,,,,,,,3,1,1,9.0,6
201200017250,0012-03-04 01:30:00,12,3,4,1,30,240,168,,,,Nuit sans éclairage public,Hors agglomération,Hors intersection,Normale,Autre collision,,,,,,,,,,,3,1,1,1.0,6
201200017251,0012-03-30 18:00:00,12,3,30,18,0,240,282,,44.722,0.563,Plein jour,Hors agglomération,Hors intersection,Temps éblouissant,Autre collision,,,,,,,,,,,1,1,1,7.0,6
201200017252,0012-05-28 11:30:00,12,5,28,11,30,240,167,,,,Plein jour,Hors agglomération,Hors intersection,Normale,Deux véhicules - côté,,,,,,,,,,,1,1,1,1.0,3
201200017253,0012-07-24 09:00:00,12,7,24,9,0,240,168,,44.167,0.933,Plein jour,Hors agglomération,Hors intersection,Normale,Autre collision,,,,,,,,,,,1,1,1,1.0,6
201200017254,0012-08-06 16:00:00,12,8,6,16,0,240,278,,44.779,0.614,Plein jour,Hors agglomération,Hors intersection,Normale,Deux véhicules - côté,,,,,,,,,,,1,1,1,1.0,3
201200017255,0012-09-01 06:45:00,12,9,1,6,45,240,331,,,,Crépuscule ou aube,Hors agglomération,Hors intersection,Normale,Autre collision,,,,,,,,,,,2,1,1,1.0,6
201200017256,0012-08-29 17:45:00,12,8,29,17,45,240,45,,,,Plein jour,Hors agglomération,Intersection en X,Normale,Deux véhicules - côté,,,,,,,,,,,1,1,2,1.0,3
201200017257,0012-09-14 06:30:00,12,9,14,6,30,240,483,,44.747,0.543,Nuit sans éclairage public,Hors agglomération,Hors intersection,Normale,Deux véhicules - frontale,,,,,,,,,,,3,1,1,1.0,1
201200017258,0012-06-14 12:15:00,12,6,14,12,15,680,375,216 Rue de Reiningue,47.78044,7.22438,Plein jour,En agglomération,Hors intersection,Normale,Deux véhicules - côté,,,,,,,,,,,1,2,1,1.0,3
201200017259,0012-07-27 17:00:00,12,7,27,17,0,680,375,,47.77219,7.2301,Plein jour,Hors agglomération,Hors intersection,Normale,Sans collision,,,,,,,,,,,1,1,1,1.0,7
201200017260,0012-08-05 10:30:00,12,8,5,10,30,680,375,,47.80573,7.2104,Plein jour,Hors agglomération,Hors intersection,Normale,Deux véhicules - frontale,,,,,,,,,,,1,1,1,1.0,1
201200017261,0012-08-21 16:15:00,12,8,21,16,15,680,375,N 66,47.77385,7.21684,Plein jour,Hors agglomération,Hors intersection,Normale,Autre collision,,,,,,,,,,,1,1,1,1.0,6
201200017262,0012-09-30 10:15:00,12,9,30,10,15,680,375,119 rue de reiningue,47.79244,7.22856,Plein jour,En agglomération,Hors intersection,Normale,Deux véhicules - côté,,,,,,,,,,,1,2,1,1.0,3
201200017263,0012-10-15 19:30:00,12,10,15,19,30,680,321,,47.83505,7.253,Nuit sans éclairage public,Hors agglomération,Hors intersection,Normale,Deux véhicules - frontale,,,,,,,,,,,3,1,1,1.0,1
201200017264,0012-12-21 15:15:00,12,12,21,15,15,680,375,REININGUE (RUE),47.78738,7.2251,Plein jour,En agglomération,Hors intersection,Temps couvert,Autre collision,,,,,,,,,,,1,2,1,8.0,6
201200017265,0012-06-06 17:30:00,12,6,6,17,30,190,227,SENS BRIVE - CLERMONT-FE,45.2916,1.63703,Plein jour,Hors agglomération,Hors intersection,Normale,Sans collision,,,,,,,,,,,1,1,1,1.0,7
201200017266,0012-09-30 13:30:00,12,9,30,13,30,190,194,SENS BORDEAUX / CLERMONT,45.3128,1.71429,Plein jour,Hors agglomération,Hors intersection,Normale,Sans collision,,,,,,,,,,,1,1,1,1.0,7
201200017267,0012-02-09 13:45:00,12,2,9,13,45,670,176,rue de la Gare,,,Plein jour,En agglomération,Hors intersection,Normale,Autre collision,,,,,,,,,,,1,2,1,1.0,6
201200017268,0012-03-08 15:00:00,12,3,8,15,0,670,291,,,,Plein jour,Hors agglomération,Hors intersection,Normale,Trois véhicules et plus - en chaîne,,,,,,,,,,,1,1,1,1.0,4
201200017269,0012-09-19 16:00:00,12,9,19,16,0,670,388,24 route de Strasbourg,,,Plein jour,En agglomération,Hors intersection,Normale,Deux véhicules - frontale,,,,,,,,,,,1,2,1,1.0,1
201200017270,0012-01-13 04:15:00,12,1,13,4,15,140,437,"0, MONTALIVET (COURS)",49.1816,-0.32374,Nuit avec éclairage allumé,En agglomération,Hors intersection,Normale,Autre collision,,,,,,,,,,,5,2,1,1.0,6
201200017271,0012-01-15 04:55:00,12,1,15,4,55,140,118,"32BIS, VENDEUVRE (QUAI)",49.1827,-0.35497,Nuit avec éclairage non allumé,En agglomération,Hors intersection,Normale,Autre collision,,,,,,,,,,,4,2,1,1.0,6
201200017272,0012-01-16 09:15:00,12,1,16,9,15,140,118,"26  28, MONTOIR POISSONN",49.1852,-0.35931,Plein jour,En agglomération,Hors intersection,Normale,Autre collision,,,,,,,,,,,1,2,1,1.0,6
201200017273,0012-01-22 16:15:00,12,1,22,16,15,140,101,ECHANGEUR N  9 ( PORTE D,49.1617,-0.42739,Plein jour,En agglomération,Hors intersection,Normale,Autre collision,,,,,,,,,,,1,2,1,1.0,6
201200017274,0012-01-23 18:30:00,12,1,23,18,30,140,118,"0, TOURVILLE (AVENUE DE)",49.184,-0.35155,Nuit avec éclairage allumé,En agglomération,Intersection en T,Normale,Deux véhicules - côté,,,,,,,,,,,5,2,3,1.0,3
201200017275,0012-01-24 08:15:00,12,1,24,8,15,140,327,"0, CD N   226",49.2066,-0.31457,Crépuscule ou aube,Hors agglomération,Hors intersection,Temps couvert,Autre collision,,,,,,,,,,,2,1,1,8.0,6
201200017276,0012-01-27 17:55:00,12,1,27,17,55,140,118,"0, COTE DE NACRE(AVENUE)",49.2035,-0.36109,Nuit sans éclairage public,En agglomération,Giratoire,Normale,Deux véhicules - côté,,,,,,,,,,,3,2,6,1.0,3
201200017277,0012-01-28 18:20:00,12,1,28,18,20,140,341,STADE (BOULEVARD DU),49.1485,-0.34526,Nuit avec éclairage allumé,En agglomération,Intersection en X,Normale,Deux véhicules - côté,,,,,,,,,,,5,2,2,1.0,3
201200017278,0012-01-31 22:05:00,12,1,31,22,5,140,437,"0, MONTALIVET (COURS)",49.1794,-0.33431,Nuit avec éclairage allumé,En agglomération,Intersection en T,Normale,Deux véhicules - côté,,,,,,,,,,,5,2,3,1.0,3
201200017279,0012-02-17 05:00:00,12,2,17,5,0,140,118,"191, BASSE (RUE >= 93 IM",49.1859,-0.33663,Nuit avec éclairage allumé,En agglomération,Hors intersection,Normale,Autre collision,,,,,,,,,,,5,2,1,1.0,6
201200017280,0012-02-23 09:45:00,12,2,23,9,45,140,118,"62, CHEMIN VERT (RUE DU",49.1926,-0.39359,Plein jour,En agglomération,Intersection en T,Normale,Autre collision,,,,,,,,,,,1,2,3,1.0,6
201200017281,0012-03-02 02:45:00,12,3,2,2,45,140,118,"35,G?N?RAL MOULIN (RUE)",49.1864,-0.40125,Nuit avec éclairage allumé,En agglomération,Hors intersection,Normale,Autre collision,,,,,,,,,,,5,2,1,1.0,6
201200017282,0012-03-09 18:33:00,12,3,9,18,33,140,118,"0, DELIVRANDE (RUE DE LA",49.194,-0.35987,Plein jour,En agglomération,Intersection en T,Normale,Deux véhicules - côté,,,,,,,,,,,1,2,3,1.0,3
201200017283,0012-03-15 07:40:00,12,3,15,7,40,140,437,ECHANGEUR N?16 PAYS D'AU,49.1657,-0.30428,Plein jour,Hors agglomération,Hors intersection,Normale,Deux véhicules - arrière,,,,,,,,,,,1,1,1,1.0,2
201200017284,0012-03-23 14:05:00,12,3,23,14,5,140,437,"0, COMMERCES (AVENUE DES",49.1628,-0.29674,Plein jour,En agglomération,Hors intersection,Normale,Deux véhicules - côté,,,,,,,,,,,1,2,1,1.0,3
201200017285,0012-03-29 16:58:00,12,3,29,16,58,140,327,"0, CONNETABLE (AVENUE DE",49.1965,-0.33008,Plein jour,En agglomération,Hors intersection,Normale,Autre collision,,,,,,,,,,,1,2,1,1.0,6
201200017286,0012-03-29 17:20:00,12,3,29,17,20,140,118,"19, BELLIVET (RUE)",49.1822,-0.36139,Plein jour,En agglomération,Hors intersection,Normale,Autre collision,,,,,,,,,,,1,2,1,1.0,6
201200017287,0012-04-03 21:20:00,12,4,3,21,20,140,118,AUGE (RUE D'),49.1749,-0.35207,Nuit avec éclairage allumé,En agglomération,Hors intersection,Normale,Autre collision,,,,,,,,,,,5,2,1,1.0,6
201200017288,0012-04-06 05:50:00,12,4,6,5,50,140,118,"162 BIS, BAYEUX (RUE DE",49.1832,-0.38657,Nuit avec éclairage allumé,En agglomération,Hors intersection,Normale,Deux véhicules - arrière,,,,,,,,,,,5,2,1,1.0,2
201200017289,0012-04-13 08:20:00,12,4,13,8,20,140,118,"0, ECHANGEUR N  5 ( COTE",49.2021,-0.36084,Plein jour,En agglomération,Hors intersection,Normale,Deux véhicules - côté,,,,,,,,,,,1,2,1,1.0,3
201200017290,0012-04-14 16:25:00,12,4,14,16,25,140,118,"1, CHEMIN VERT (RUE DU <",49.1944,-0.39525,Plein jour,En agglomération,Intersection en X,Pluie légère,Deux véhicules - côté,,,,,,,,,,,1,2,2,2.0,3
201200017291,0012-04-18 18:35:00,12,4,18,18,35,140,118,"1, DE GAULLE (COURS )",49.1763,-0.35798,Plein jour,En agglomération,Hors intersection,Pluie légère,Deux véhicules - arrière,,,,,,,,,,,1,2,1,2.0,2
201200017292,0012-04-25 10:50:00,12,4,25,10,50,140,118,"0, CHARLEMAGNE (AVENUE)",49.1789,-0.40252,Plein jour,En agglomération,Intersection en T,Pluie légère,Deux véhicules - côté,,,,,,,,,,,1,2,3,2.0,3
201200017293,0012-04-28 00:10:00,12,4,28,0,10,140,118,"0, VILLONS LES BUISSONS",,,Nuit avec éclairage allumé,En agglomération,Hors intersection,Pluie légère,Autre collision,,,,,,,,,,,5,2,1,2.0,6
201200017294,0012-04-27 12:15:00,12,4,27,12,15,140,118,"44, MONNET (AVENUE JEAN)",49.203,-0.38593,Plein jour,En agglomération,Intersection en T,Normale,Deux véhicules - côté,,,,,,,,,,,1,2,3,1.0,3
201200017295,0012-04-26 18:15:00,12,4,26,18,15,140,118,"29,THIBOUT DE LA FRESNAY",49.1869,-0.38073,Plein jour,En agglomération,Hors intersection,Normale,Autre collision,,,,,,,,,,,1,2,1,1.0,6
201200017296,0012-05-18 15:00:00,12,5,18,15,0,140,118,"10, ALEXANDRIA (RUE D')",49.1994,-0.38262,Plein jour,En agglomération,Hors intersection,Normale,Autre collision,,,,,,,,,,,1,2,1,1.0,6
201200017297,0012-05-18 19:00:00,12,5,18,19,0,140,118,"1, FALAISE (RUE DE  <=90",49.1703,-0.35323,Plein jour,En agglomération,Hors intersection,Normale,Deux véhicules - arrière,,,,,,,,,,,1,2,1,1.0,2
201200017298,0012-05-24 17:55:00,12,5,24,17,55,140,437,ECHANGEUR N 16 (PAYS D'A,49.1666,-0.3035,Plein jour,Hors agglomération,Hors intersection,Normale,Trois véhicules et plus - en chaîne,,,,,,,,,,,1,1,1,1.0,4
201200017299,0012-05-28 17:25:00,12,5,28,17,25,140,118,ROUTE NATIONALE 814,49.1956,-0.38475,Plein jour,Hors agglomération,Hors intersection,Normale,Trois véhicules et plus - collisions multiples,,,,,,,,,,,1,1,1,1.0,5
201200017300,0012-05-30 07:14:00,12,5,30,7,14,140,327,ECHANGEUR N  3 ( PORTE,49.1948,-0.33504,Plein jour,En agglomération,Hors intersection,Normale,Autre collision,,,,,,,,,,,1,2,1,1.0,6
201200017301,0012-05-25 15:40:00,12,5,25,15,40,140,118,"0, VAUGUEUX (RUE DU)",49.1872,-0.36021,Plein jour,En agglomération,Hors intersection,Normale,Autre collision,,,,,,,,,,,1,2,1,1.0,6
201200017302,0012-06-05 07:40:00,12,6,5,7,40,140,181,"1, COUDRIERS (RUE DES)",49.1603,-0.33399,Plein jour,En agglomération,Hors intersection,Temps couvert,Deux véhicules - côté,,,,,,,,,,,1,2,1,8.0,3
201200017303,0012-06-07 12:30:00,12,6,7,12,30,140,118,"0, JEAN BAPTISTE COLBERT",49.2097,-0.36725,Plein jour,En agglomération,Hors intersection,Pluie forte,Autre collision,,,,,,,,,,,1,2,1,3.0,6
201200017304,0012-06-07 10:45:00,12,6,7,10,45,140,118,"6-8, LEROY (BOULEVARD)",49.1707,-0.35282,Plein jour,En agglomération,Hors intersection,Pluie forte,Autre collision,,,,,,,,,,,1,2,1,3.0,6
201200017305,0012-06-21 12:15:00,12,6,21,12,15,140,327,"0, COLOMBELLES CD226 (RO",49.2066,-0.3144,Plein jour,Hors agglomération,Hors intersection,Temps couvert,Deux véhicules - côté,,,,,,,,,,,1,1,1,8.0,3
201200017306,0012-06-23 20:35:00,12,6,23,20,35,140,437,"20, LISBONNE (RUE DE)",49.1704,-0.31045,Plein jour,En agglomération,Hors intersection,Normale,Autre collision,,,,,,,,,,,1,2,1,1.0,6
201200017307,0012-06-24 06:05:00,12,6,24,6,5,140,327,"78, BELLEVUE (RUE DE)",,,Plein jour,En agglomération,Intersection en T,Normale,Deux véhicules - arrière,,,,,,,,,,,1,2,3,1.0,2
201200017308,0012-06-27 14:25:00,12,6,27,14,25,140,118,"1, LEROY (BOULEVARD)",49.1746,-0.33831,Plein jour,En agglomération,Intersection en T,Normale,Deux véhicules - côté,,,,,,,,,,,1,2,3,1.0,3
201200017309,0012-06-27 13:15:00,12,6,27,13,15,140,118,"95, CHEMIN VERT (RUE DU",49.1936,-0.39445,Plein jour,En agglomération,Hors intersection,Normale,Autre collision,,,,,,,,,,,1,2,1,1.0,6
201200017310,0012-06-29 23:40:00,12,6,29,23,40,140,118,"0, CHEMIN VERT (RUE DU >",49.1907,-0.39188,Nuit avec éclairage allumé,En agglomération,Intersection en T,Normale,Deux véhicules - côté,,,,,,,,,,,5,2,3,1.0,3
201200017311,0012-07-09 16:45:00,12,7,9,16,45,140,221,"0, BOUT DE LA-BAS (RUE D",49.1787,-0.26514,Plein jour,En agglomération,Hors intersection,Normale,Autre collision,,,,,,,,,,,1,2,1,1.0,6
201200017312,0012-07-05 08:50:00,12,7,5,8,50,140,118,LEROY (BOULEVARD),49.1744,-0.33917,Plein jour,En agglomération,Hors intersection,Normale,Autre collision,,,,,,,,,,,1,2,1,1.0,6
201200017313,0012-07-12 20:10:00,12,7,12,20,10,140,118,"44, SAINT JEAN (RUE (DE",49.182,-0.35945,Plein jour,En agglomération,Hors intersection,Pluie légère,Trois véhicules et plus - en chaîne,,,,,,,,,,,1,2,1,2.0,4
201200017314,0012-07-19 15:32:00,12,7,19,15,32,140,118,"37, ALLIES (BOULEVARD DE",49.1844,-0.35872,Plein jour,En agglomération,Hors intersection,Normale,Autre collision,,,,,,,,,,,1,2,1,1.0,6
201200017315,0012-07-21 20:25:00,12,7,21,20,25,140,327,"1, CD N  515 (ROUTE DE O",49.2181,-0.31746,Plein jour,Hors agglomération,Hors intersection,Normale,Autre collision,,,,,,,,,,,1,1,1,1.0,6
201200017316,0012-07-19 10:45:00,12,7,19,10,45,140,118,"1, WEYGAND (BOULEVARD DU",49.2063,-0.37021,Plein jour,En agglomération,Intersection en T,Normale,Autre collision,,,,,,,,,,,1,2,3,1.0,6
201200017317,0012-07-24 17:45:00,12,7,24,17,45,140,118,"0, MOUNTBATTEN (AVENUE D",49.199,-0.39073,Plein jour,En agglomération,Intersection en T,Normale,Deux véhicules - côté,,,,,,,,,,,1,2,3,1.0,3
201200017318,0012-07-29 19:20:00,12,7,29,19,20,140,118,"192, AUGE (RUE D')",49.1749,-0.34323,Plein jour,En agglomération,Hors intersection,Normale,Autre collision,,,,,,,,,,,1,2,1,1.0,6
201200017319,0012-08-03 16:45:00,12,8,3,16,45,140,242,"1, DOUVRES (ROUTE DE. CD",49.219,-0.36701,Plein jour,En agglomération,Intersection en X,Pluie légère,Deux véhicules - côté,,,,,,,,,,,1,2,2,2.0,3