accident_id,datetime,annee,mois,jour,heure,minute,departement,commune_insee,adresse,latitude,longitude,luminosite,agglomeration,intersection,meteo,collision,nb_vehicules,nb_usagers,nb_indemnes,nb_tues,nb_blesses_hosp,nb_blesses_legers,age_cond_1,age_cond_2,veh_type_cond_1,veh_type_cond_2,lum_code,agg_code,int_code,atm_code,col_code
201200017448,0012-02-15 12:15:00,12,2,15,12,15,520,550,0,48.50836,4.94062,Plein jour,Hors agglomération,Hors intersection,Temps couvert,Deux véhicules - côté,,,,,,,,,,,1,1,1,8.0,3
201200017449,0012-08-16 11:00:00,12,8,16,11,0,520,550,rue des martyrs,48.4988,4.95477,Plein jour,En agglomération,Hors intersection,Normale,Deux véhicules - côté,,,,,,,,,,,1,2,1,1.0,3
201200017450,0012-03-02 00:30:00,12,3,2,0,30,480,137,,,,Nuit sans éclairage public,Hors agglomération,Hors intersection,Normale,Autre collision,,,,,,,,,,,3,1,1,1.0,6
201200017451,0012-11-04 12:30:00,12,11,4,12,30,480,133,,,,Plein jour,Hors agglomération,Hors intersection,Pluie légère,Deux véhicules - frontale,,,,,,,,,,,1,1,1,2.0,1
201200017452,0012-01-23 16:30:00,12,1,23,16,30,480,70,,,,Plein jour,Hors agglomération,Hors intersection,Normale,Autre collision,,,,,,,,,,,1,1,1,1.0,6
201200017453,0012-03-04 14:30:00,12,3,4,14,30,480,129,,,,Nuit sans éclairage public,Hors agglomération,Hors intersection,Normale,Autre collision,,,,,,,,,,,3,1,1,1.0,6
201200017454,0012-04-27 01:15:00,12,4,27,1,15,480,80,AVENUE FOCH,,,Nuit avec éclairage allumé,En agglomération,Hors intersection,Normale,Autre collision,,,,,,,,,,,5,2,1,1.0,6
201200017455,0012-07-04 14:00:00,12,7,4,14,0,480,45,,,,Plein jour,Hors agglomération,Hors intersection,Normale,Autre collision,,,,,,,,,,,1,1,1,1.0,6
201200017456,0012-07-09 21:45:00,12,7,9,21,45,480,70,,44.782,3.631,Nuit sans éclairage public,Hors agglomération,Hors intersection,Normale,Autre collision,,,,,,,,,,,3,1,1,1.0,6
201200017457,0012-11-16 20:30:00,12,11,16,20,30,480,86,,,,Nuit sans éclairage public,Hors agglomération,Hors intersection,Pluie légère,Autre collision,,,,,,,,,,,3,1,1,2.0,6
201200017458,0012-11-04 17:15:00,12,11,4,17,15,480,163,,,,Crépuscule ou aube,Hors agglomération,Hors intersection,Pluie légère,Deux véhicules - frontale,,,,,,,,,,,2,1,1,2.0,1
201200017459,0012-09-21 14:45:00,12,9,21,14,45,480,146,,,,Plein jour,Hors agglomération,Hors intersection,Normale,Sans collision,,,,,,,,,,,1,1,1,1.0,7
201200017460,0012-03-04 13:15:00,12,3,4,13,15,480,39,,,,Plein jour,Hors agglomération,Hors intersection,Normale,Deux véhicules - frontale,,,,,,,,,,,1,1,1,1.0,1
201200017461,0012-08-04 23:00:00,12,8,4,23,0,480,72,,44.506,3.357,Nuit sans éclairage public,Hors agglomération,Hors intersection,Pluie légère,Autre collision,,,,,,,,,,,3,1,1,2.0,6
201200017462,0012-08-05 09:30:00,12,8,5,9,30,480,49,,,,Plein jour,Hors agglomération,Hors intersection,Pluie forte,Autre collision,,,,,,,,,,,1,1,1,3.0,6
201200017463,0012-02-25 14:15:00,12,2,25,14,15,480,128,,,,Plein jour,Hors agglomération,Hors intersection,Normale,Trois véhicules et plus - collisions multiples,,,,,,,,,,,1,1,1,1.0,5
201200017464,0012-03-23 17:15:00,12,3,23,17,15,480,128,,,,Plein jour,Hors agglomération,Hors intersection,Normale,Sans collision,,,,,,,,,,,1,1,1,1.0,7
201200017465,0012-04-27 12:15:00,12,4,27,12,15,480,9,,44.726,3.28,Plein jour,Hors agglomération,Hors intersection,Normale,Autre collision,,,,,,,,,,,1,1,1,1.0,6
201200017466,0012-04-29 20:15:00,12,4,29,20,15,480,140,,44.819,3.282,Crépuscule ou aube,Hors agglomération,Hors intersection,Normale,Autre collision,,,,,,,,,,,2,1,1,1.0,6
201200017467,0012-09-26 21:00:00,12,9,26,21,0,480,77,,44.947,3.332,Crépuscule ou aube,Hors agglomération,Hors intersection,Temps couvert,Autre collision,,,,,,,,,,,2,1,1,8.0,6
201200017468,0012-11-20 09:15:00,12,11,20,9,15,480,140,Rue Beausoleil,,,Plein jour,En agglomération,Hors intersection,Normale,Autre collision,,,,,,,,,,,1,2,1,1.0,6
201200017469,0012-12-28 19:45:00,12,12,28,19,45,480,9,avenue du G?vaudan,,,Nuit avec éclairage allumé,En agglomération,Intersection en X,Pluie légère,Deux véhicules - côté,,,,,,,,,,,5,2,2,2.0,3
201200017470,0012-10-08 19:45:00,12,10,8,19,45,300,259,,44.09739,4.10619,Nuit avec éclairage allumé,En agglomération,Hors intersection,Normale,Deux véhicules - côté,,,,,,,,,,,5,2,1,1.0,3
201200017471,0012-04-04 15:00:00,12,4,4,15,0,300,107,,,,Plein jour,Hors agglomération,Hors intersection,Pluie légère,Deux véhicules - arrière,,,,,,,,,,,1,1,1,2.0,2
201200017472,0012-04-11 08:15:00,12,4,11,8,15,370,243,,,,Plein jour,Hors agglomération,Hors intersection,Temps éblouissant,Deux véhicules - côté,,,,,,,,,,,1,1,1,7.0,3
201200017473,0012-05-04 06:00:00,12,5,4,6,0,370,99,,,,Crépuscule ou aube,Hors agglomération,Hors intersection,Temps couvert,Autre collision,,,,,,,,,,,2,1,1,8.0,6
201200017474,0012-01-14 16:30:00,12,1,14,16,30,370,109,rue de la cheminee ronde,,,Plein jour,En agglomération,Intersection en X,Normale,Deux véhicules - côté,,,,,,,,,,,1,2,2,1.0,3
201200017475,0012-05-05 15:15:00,12,5,5,15,15,370,84,,,,Plein jour,Hors agglomération,Hors intersection,Normale,Deux véhicules - frontale,,,,,,,,,,,1,1,1,1.0,1
201200017476,0012-05-25 14:30:00,12,5,25,14,30,370,62,,,,Plein jour,Hors agglomération,Hors intersection,Normale,Deux véhicules - frontale,,,,,,,,,,,1,1,1,1.0,1
201200017477,0012-07-25 05:30:00,12,7,25,5,30,370,182,,,,Crépuscule ou aube,Hors agglomération,Hors intersection,Normale,Deux véhicules - frontale,,,,,,,,,,,2,1,1,1.0,1
201200017478,0012-09-05 19:00:00,12,9,5,19,0,370,217,46 quai de la loire,,,Plein jour,En agglomération,Intersection en X,Normale,Deux véhicules - côté,,,,,,,,,,,1,2,2,1.0,3
201200017479,0012-01-28 12:00:00,12,1,28,12,0,370,27,rue du four a chaux,,,Plein jour,En agglomération,Hors intersection,Normale,Sans collision,,,,,,,,,,,1,2,1,1.0,7
201200017480,0012-04-16 22:15:00,12,4,16,22,15,370,8,,,,Nuit sans éclairage public,Hors agglomération,Hors intersection,Normale,Sans collision,,,,,,,,,,,3,1,1,1.0,7
201200017481,0012-01-11 17:45:00,12,1,11,17,45,370,203,"65, quai de laLOIRE",,,Crépuscule ou aube,En agglomération,Hors intersection,Normale,Deux véhicules - côté,,,,,,,,,,,2,2,1,1.0,3
201200017482,0012-01-14 15:45:00,12,1,14,15,45,370,194,51 rue nationale,,,Plein jour,En agglomération,Hors intersection,Normale,Deux véhicules - arrière,,,,,,,,,,,1,2,1,1.0,2
201200017483,0012-01-12 14:30:00,12,1,12,14,30,370,179,Carrefour RD77 ZA Chizay,,,Plein jour,En agglomération,Hors intersection,Normale,Deux véhicules - côté,,,,,,,,,,,1,2,1,1.0,3
201200017484,0012-01-21 05:30:00,12,1,21,5,30,370,10,,,,Nuit sans éclairage public,Hors agglomération,Hors intersection,Pluie légère,Sans collision,,,,,,,,,,,3,1,1,2.0,7
201200017485,0012-03-03 19:15:00,12,3,3,19,15,370,281,,,,Nuit avec éclairage allumé,Hors agglomération,Giratoire,Pluie légère,Deux véhicules - côté,,,,,,,,,,,5,1,6,2.0,3
201200017486,0012-04-19 10:15:00,12,4,19,10,15,370,153,,,,Plein jour,Hors agglomération,Hors intersection,Pluie légère,Sans collision,,,,,,,,,,,1,1,1,2.0,7
201200017487,0012-07-30 10:45:00,12,7,30,10,45,370,169,RD43 4 rue du 8 mai,,,Plein jour,En agglomération,Hors intersection,Pluie légère,Deux véhicules - frontale,,,,,,,,,,,1,2,1,2.0,1
201200017488,0012-08-07 16:30:00,12,8,7,16,30,370,153,,,,Plein jour,Hors agglomération,Hors intersection,Normale,Deux véhicules - arrière,,,,,,,,,,,1,1,1,1.0,2
201200017489,0012-08-10 17:15:00,12,8,10,17,15,370,160,,,,Plein jour,Hors agglomération,Hors intersection,Normale,Deux véhicules - côté,,,,,,,,,,,1,1,1,1.0,3
201200017490,0012-01-04 16:35:00,12,1,4,16,35,140,574,"49, D.613 ( SAINT DESIR)",49.1394,0.20345,Plein jour,Hors agglomération,Hors intersection,Pluie légère,Deux véhicules - côté,,,,,,,,,,,1,1,1,2.0,3
201200017491,0012-01-06 17:00:00,12,1,6,17,0,140,366,"2, GUILLAUME LE CONQUERA",49.1433,0.25055,Plein jour,En agglomération,Hors intersection,Normale,Autre collision,,,,,,,,,,,1,2,1,1.0,6
201200017492,0012-01-09 07:45:00,12,1,9,7,45,140,366,"12, NICOLAS ORESME (BOUL",49.1528,0.22523,Nuit avec éclairage allumé,En agglomération,Hors intersection,Normale,Deux véhicules - côté,,,,,,,,,,,5,2,1,1.0,3
201200017493,0012-01-09 08:00:00,12,1,9,8,0,140,366,"63, HERBET FOURNET (BOUL",49.153,0.22767,Crépuscule ou aube,En agglomération,Hors intersection,Pluie légère,Autre collision,,,,,,,,,,,2,2,1,2.0,6
201200017494,0012-01-11 05:57:00,12,1,11,5,57,140,487,R.D 579,49.1915,0.22819,Nuit sans éclairage public,Hors agglomération,Hors intersection,Normale,Autre collision,,,,,,,,,,,3,1,1,1.0,6
201200017495,0012-01-14 05:00:00,12,1,14,5,0,140,574,DIVES (D.45 ROUTE DE),49.1538,0.19936,Nuit sans éclairage public,Hors agglomération,Hors intersection,Normale,Sans collision,,,,,,,,,,,3,1,1,1.0,7
201200017496,0012-01-25 07:10:00,12,1,25,7,10,140,366,"15, CARMEL (RUE DU)",49.1429,0.22887,Nuit avec éclairage allumé,En agglomération,Hors intersection,Pluie légère,Deux véhicules - arrière,,,,,,,,,,,5,2,1,2.0,2
201200017497,0012-01-25 16:40:00,12,1,25,16,40,140,366,ALENCON (RUE D'),49.1414,0.22706,Plein jour,En agglomération,Hors intersection,Normale,Autre collision,,,,,,,,,,,1,2,1,1.0,6
201200017498,0012-01-27 20:55:00,12,1,27,20,55,140,366,"52, SIX JUIN (AVENUE DU)",49.1429,0.2176,Nuit avec éclairage allumé,En agglomération,Hors intersection,Normale,Autre collision,,,,,,,,,,,5,2,1,1.0,6
201200017499,0012-01-28 16:30:00,12,1,28,16,30,140,366,"0, ESPERANCE (CARREFOUR",49.144,0.2636,Plein jour,En agglomération,Giratoire,Pluie légère,Deux véhicules - côté,,,,,,,,,,,1,2,6,2.0,3
201200017500,0012-02-02 21:40:00,12,2,2,21,40,140,69,"102, ORBEC (ROUTE D')",,,Nuit avec éclairage allumé,En agglomération,Hors intersection,Normale,Autre collision,,,,,,,,,,,5,2,1,1.0,6
201200017501,0012-02-03 18:05:00,12,2,3,18,5,140,366,PAUL CORNU ( RD48 RUE),49.1653,0.21942,Nuit avec éclairage allumé,Hors agglomération,Intersection en T,Normale,Deux véhicules - côté,,,,,,,,,,,5,1,3,1.0,3
201200017502,0012-02-03 20:00:00,12,2,3,20,0,140,366,"19, HENRY CHERON (RUE)",49.1461,0.2282,Nuit avec éclairage allumé,En agglomération,Intersection en X,Normale,Deux véhicules - côté,,,,,,,,,,,5,2,2,1.0,3
201200017503,0012-02-13 05:35:00,12,2,13,5,35,140,69,D.613 ( LISIEUX),49.1354,0.25283,Nuit sans éclairage public,Hors agglomération,Hors intersection,Neige / grêle,Deux véhicules - arrière,,,,,,,,,,,3,1,1,4.0,2
201200017504,0012-03-03 13:40:00,12,3,3,13,40,140,574,ROUTE DE DIVES (D.45 ),49.152,0.20114,Plein jour,Hors agglomération,Hors intersection,Pluie forte,Trois véhicules et plus - en chaîne,,,,,,,,,,,1,1,1,3.0,4
201200017505,0012-03-06 18:00:00,12,3,6,18,0,140,366,"95, GUIZOT (RUE)",49.1489,0.2059,Plein jour,Hors agglomération,Hors intersection,Normale,Deux véhicules - côté,,,,,,,,,,,1,1,1,1.0,3
201200017506,0012-03-07 17:10:00,12,3,7,17,10,140,366,"41, BD SAINTE ANNE",49.1425,0.224,Plein jour,En agglomération,Hors intersection,Normale,Deux véhicules - arrière,,,,,,,,,,,1,2,1,1.0,2
201200017507,0012-03-16 09:45:00,12,3,16,9,45,140,366,"42, MARIN BOUGEOIS (RUE)",49.1569,0.22449,Plein jour,En agglomération,Intersection en T,Normale,Autre collision,,,,,,,,,,,1,2,3,1.0,6
201200017508,0012-03-26 16:30:00,12,3,26,16,30,140,69,"95, ORBEC (ROUTE D')",49.13,0.26424,Plein jour,En agglomération,Hors intersection,Normale,Deux véhicules - arrière,,,,,,,,,,,1,2,1,1.0,2
201200017509,0012-04-04 08:45:00,12,4,4,8,45,140,69,"0, VAL-MENARD (CHEMIN DU",49.1379,0.25909,Plein jour,En agglomération,Hors intersection,Normale,Deux véhicules - frontale,,,,,,,,,,,1,2,1,1.0,1
201200017510,0012-04-18 23:20:00,12,4,18,23,20,140,366,"36, GENERAL LECLERC (RUE",49.1506,0.22419,Nuit avec éclairage allumé,En agglomération,Intersection en X,Pluie légère,Deux véhicules - côté,,,,,,,,,,,5,2,2,2.0,3
201200017511,0012-04-29 20:35:00,12,4,29,20,35,140,574,D.613 ( SAINT DESIR),49.1335,0.18064,Plein jour,Hors agglomération,Hors intersection,Normale,Sans collision,,,,,,,,,,,1,1,1,1.0,7
201200017512,0012-04-30 19:00:00,12,4,30,19,0,140,574,BUTTE DE CAEN (LA),,,Plein jour,Hors agglomération,Hors intersection,Temps couvert,Autre collision,,,,,,,,,,,1,1,1,8.0,6
201200017513,0012-05-04 17:00:00,12,5,4,17,0,140,366,D.406 ( LISIEUX),49.1457,0.2606,Plein jour,En agglomération,Hors intersection,Normale,Deux véhicules - côté,,,,,,,,,,,1,2,1,1.0,3
201200017514,0012-05-05 17:30:00,12,5,5,17,30,140,366,PARKING LECLERC,49.144,0.26771,Plein jour,En agglomération,Autre intersection,Normale,Deux véhicules - côté,,,,,,,,,,,1,2,9,1.0,3
201200017515,0012-05-06 15:55:00,12,5,6,15,55,140,366,"45, GAETANE BOUFFAY (RUE",49.1515,0.22319,Plein jour,En agglomération,Hors intersection,Normale,Autre collision,,,,,,,,,,,1,2,1,1.0,6
201200017516,0012-05-10 12:15:00,12,5,10,12,15,140,69,SAP (ROUTE DU),49.1176,0.251,Plein jour,Hors agglomération,Hors intersection,Normale,Deux véhicules - frontale,,,,,,,,,,,1,1,1,1.0,1
201200017517,0012-05-11 17:45:00,12,5,11,17,45,140,366,EUGENE BOUDIN (RUE),49.1431,0.24632,Plein jour,En agglomération,Hors intersection,Normale,Autre collision,,,,,,,,,,,1,2,1,1.0,6
201200017518,0012-05-14 17:35:00,12,5,14,17,35,140,366,"45, PARIS (ROUTE DE)",49.1455,0.24085,Plein jour,En agglomération,Hors intersection,Normale,Autre collision,,,,,,,,,,,1,2,1,1.0,6
201200017519,0012-05-16 13:00:00,12,5,16,13,0,140,366,"25, CALMETTE ET GUERIN (",49.1498,0.25778,Plein jour,En agglomération,Intersection en T,Normale,Deux véhicules - côté,,,,,,,,,,,1,2,3,1.0,3
201200017520,0012-05-23 12:55:00,12,5,23,12,55,140,366,"6, CHAR (RUE AU)",49.1453,0.22845,Plein jour,En agglomération,Hors intersection,Normale,Autre collision,,,,,,,,,,,1,2,1,1.0,6
201200017521,0012-05-23 13:35:00,12,5,23,13,35,140,366,"84, VICTOR HUGO (AVENUE)",49.144,0.22883,Plein jour,En agglomération,Hors intersection,Normale,Autre collision,,,,,,,,,,,1,2,1,1.0,6
201200017522,0012-05-27 18:40:00,12,5,27,18,40,140,574,"00, DIVES (D.45 ROUTE DE",49.1513,0.20214,Plein jour,Hors agglomération,Hors intersection,Normale,Deux véhicules - frontale,,,,,,,,,,,1,1,1,1.0,1
201200017523,0012-06-05 20:25:00,12,6,5,20,25,140,366,PARIS (ROUTE DE),49.1473,0.24959,Plein jour,En agglomération,Hors intersection,Temps couvert,Deux véhicules - côté,,,,,,,,,,,1,2,1,8.0,3
201200017524,0012-06-07 15:20:00,12,6,7,15,20,140,366,"9, PAUL CORNU ( RD48 RUE",49.158,0.22206,Plein jour,En agglomération,Hors intersection,Normale,Deux véhicules - côté,,,,,,,,,,,1,2,1,1.0,3
201200017525,0012-06-12 19:55:00,12,6,12,19,55,140,366,"23, GENERAL LECLERC (RUE",49.1518,0.22377,Plein jour,En agglomération,Intersection en Y,Pluie légère,Deux véhicules - arrière,,,,,,,,,,,1,2,4,2.0,2
201200017526,0012-06-21 13:25:00,12,6,21,13,25,140,366,"20A, ROSE HAREL (RUE)",49.1398,0.22354,Plein jour,En agglomération,Hors intersection,Normale,Autre collision,,,,,,,,,,,1,2,1,1.0,6
201200017527,0012-06-30 00:10:00,12,6,30,0,10,140,366,D.613 ( LISIEUX),49.1307,0.23332,Nuit sans éclairage public,Hors agglomération,Hors intersection,Normale,Autre collision,,,,,,,,,,,3,1,1,1.0,6
201200017528,0012-07-04 19:25:00,12,7,4,19,25,140,366,D.613 ( LISIEUX),,,Plein jour,Hors agglomération,Hors intersection,Pluie légère,Autre collision,,,,,,,,,,,1,1,1,2.0,6
201200017529,0012-07-05 15:10:00,12,7,5,15,10,140,366,"22, HENRY CHERON (RUE)",49.1461,0.22818,Plein jour,En agglomération,Intersection en T,Normale,Autre collision,,,,,,,,,,,1,2,3,1.0,6
201200017530,0012-07-06 17:30:00,12,7,6,17,30,140,366,FLEURIOT (RUE),49.1418,0.22573,Plein jour,En agglomération,Intersection en X,Normale,Deux véhicules - côté,,,,,,,,,,,1,2,2,1.0,3
201200017531,0012-07-11 11:00:00,12,7,11,11,0,140,366,"00, ONZE  NOVEMBRE (RUE",49.144,0.22856,Plein jour,En agglomération,Intersection en T,Pluie légère,Autre collision,,,,,,,,,,,1,2,3,2.0,6
201200017532,0012-07-11 13:30:00,12,7,11,13,30,140,366,"00, GENERAL LECLERC (RUE",49.1551,0.22287,Plein jour,En agglomération,Intersection en X,Normale,Deux véhicules - côté,,,,,,,,,,,1,2,2,1.0,3
201200017533,0012-07-12 11:00:00,12,7,12,11,0,140,366,"00, JEAN XXIII (AVENUE)",49.1422,0.24685,Plein jour,En agglomération,Intersection en T,Pluie légère,Deux véhicules - arrière,,,,,,,,,,,1,2,3,2.0,2
201200017534,0012-07-11 10:45:00,12,7,11,10,45,140,366,"00, REPUBLIQUE (PLACE DE",49.1438,0.22496,Plein jour,En agglomération,Hors intersection,Temps couvert,Autre collision,,,,,,,,,,,1,2,1,8.0,6
201200017535,0012-07-13 20:25:00,12,7,13,20,25,140,69,SAP (ROUTE DU),49.1188,0.25024,Plein jour,Hors agglomération,Hors intersection,Pluie légère,Autre collision,,,,,,,,,,,1,1,1,2.0,6
201200017536,0012-07-28 23:15:00,12,7,28,23,15,140,69,"70, ORBEC (ROUTE D')",49.1319,0.25602,Nuit avec éclairage allumé,En agglomération,Hors intersection,Normale,Autre collision,,,,,,,,,,,5,2,1,1.0,6
201200017537,0012-07-29 15:15:00,12,7,29,15,15,140,366,MANERBE (CHEMIN DE OU DU,49.1582,0.21406,Plein jour,Hors agglomération,Hors intersection,Normale,Autre collision,,,,,,,,,,,1,1,1,1.0,6
201200017538,0012-08-01 13:30:00,12,8,1,13,30,140,366,"21, MARIE DE BESNERAY (R",49.1433,0.22516,Plein jour,En agglomération,Intersection en T,Pluie légère,Autre collision,,,,,,,,,,,1,2,3,2.0,6
201200017539,0012-08-06 15:00:00,12,8,6,15,0,140,366,PARIS (ROUTE DE),49.1444,0.26312,Plein jour,En agglomération,Giratoire,Normale,Deux véhicules - arrière,,,,,,,,,,,1,2,6,1.0,2
201200017540,0012-08-20 17:40:00,12,8,20,17,40,140,366,"99, HENRY CHERON (RUE)",49.145,0.22339,Plein jour,En agglomération,Hors intersection,Normale,Deux véhicules - côté,,,,,,,,,,,1,2,1,1.0,3
201200017541,0012-08-22 16:00:00,12,8,22,16,0,140,487,EGLISE (ROUTE),49.1757,0.23217,Plein jour,Hors agglomération,Hors intersection,Normale,Autre collision,,,,,,,,,,,1,1,1,1.0,6
201200017542,0012-08-27 20:00:00,12,8,27,20,0,140,366,JOSEPH GUILLONNEAU (IMPA,,,Plein jour,En agglomération,Hors intersection,Normale,Deux véhicules - frontale,,,,,,,,,,,1,2,1,1.0,1
201200017543,0012-08-31 11:30:00,12,8,31,11,30,140,366,"1, LEROY BEAULIEU (RUE)",49.1506,0.22418,Plein jour,En agglomération,Intersection en T,Normale,Deux véhicules - côté,,,,,,,,,,,1,2,3,1.0,3
201200017544,0012-09-08 11:00:00,12,9,8,11,0,140,69,"0, GRAIS (CHEMIN DE)",,,Plein jour,En agglomération,Hors intersection,Normale,Autre collision,,,,,,,,,,,1,2,1,1.0,6
201200017545,0012-09-23 18:05:00,12,9,23,18,5,140,366,"10, FOURNET (PLACE)",,,Plein jour,En agglomération,Place,Normale,Deux véhicules - côté,,,,,,,,,,,1,2,7,1.0,3
201200017546,0012-09-24 21:15:00,12,9,24,21,15,140,366,ESPERANCE (CARREFOUR DE,,,Nuit avec éclairage allumé,Hors agglomération,Hors intersection,Temps couvert,Deux véhicules - côté,,,,,,,,,,,5,1,1,8.0,3
201200017547,0012-04-07 19:50:00,12,4,7,19,50,370,72,Pierre Galle Rd751,,,Plein jour,En agglomération,Hors intersection,Normale,Sans collision,,,,,,,,,,,1,2,1,1.0,7
201200017548,0012-09-27 10:25:00,12,9,27,10,25,140,366,REPUBLIQUE (PLACE DE LA,,,Plein jour,En agglomération,Hors intersection,Pluie légère,Autre collision,,,,,,,,,,,1,2,1,2.0,6
201200017549,0012-10-04 10:15:00,12,10,4,10,15,140,487,QUATRE ROUTES (LES),,,Plein jour,Hors agglomération,Intersection en X,Normale,Deux véhicules - côté,,,,,,,,,,,1,1,2,1.0,3
201200017550,0012-10-05 15:05:00,12,10,5,15,5,140,366,"3, REMPARTS (QUAI DES)",,,Plein jour,En agglomération,Intersection en X,Normale,Deux véhicules - côté,,,,,,,,,,,1,2,2,1.0,3
201200017551,0012-10-08 15:00:00,12,10,8,15,0,140,366,"8, FLEURIOT (RUE)",,,Plein jour,En agglomération,Intersection en T,Pluie légère,Deux véhicules - côté,,,,,,,,,,,1,2,3,2.0,3
201200017552,0012-10-18 15:30:00,12,10,18,15,30,140,366,"0, SAINTE THERESE (AVENU",,,Plein jour,En agglomération,Hors intersection,Pluie forte,Sans collision,,,,,,,,,,,1,2,1,3.0,7
201200017553,0012-10-23 16:00:00,12,10,23,16,0,140,366,"47/49, CAROLINE DUCHEMIN",,,Plein jour,En agglomération,Hors intersection,Temps couvert,Autre collision,,,,,,,,,,,1,2,1,8.0,6
201200017554,0012-10-29 07:40:00,12,10,29,7,40,140,366,"2, HENRY CHERON (RUE)",,,Nuit avec éclairage non allumé,En agglomération,Giratoire,Normale,Deux véhicules - côté,,,,,,,,,,,4,2,6,1.0,3
201200017555,0012-11-03 12:55:00,12,11,3,12,55,140,366,"25, SAINTE THERESE (AVEN",,,Plein jour,En agglomération,Intersection en T,Pluie légère,Deux véhicules - côté,,,,,,,,,,,1,2,3,2.0,3
201200017556,0012-11-06 14:00:00,12,11,6,14,0,140,366,"19, JEANNE D'ARC (BOULEV",,,Plein jour,En agglomération,Hors intersection,Normale,Deux véhicules - arrière,,,,,,,,,,,1,2,1,1.0,2
201200017557,0012-11-09 17:20:00,12,11,9,17,20,140,366,"0, AVENUE GEORGES DUVAL",,,Plein jour,Hors agglomération,Hors intersection,Normale,Autre collision,,,,,,,,,,,1,1,1,1.0,6
201200017558,0012-11-12 18:00:00,12,11,12,18,0,140,366,"23, GENERAL LECLERC (RUE",,,Nuit avec éclairage allumé,En agglomération,Intersection en T,Pluie légère,Deux véhicules - côté,,,,,,,,,,,5,2,3,2.0,3
201200017559,0012-11-16 19:20:00,12,11,16,19,20,140,366,"96, HENRY CHERON (RUE)",,,Nuit avec éclairage allumé,En agglomération,Intersection en Y,Normale,Deux véhicules - côté,,,,,,,,,,,5,2,4,1.0,3
201200017560,0012-11-17 01:00:00,12,11,17,1,0,140,69,"36, ORBEC (ROUTE D')",,,Nuit avec éclairage allumé,En agglomération,Hors intersection,Normale,Deux véhicules - côté,,,,,,,,,,,5,2,1,1.0,3
201200017561,0012-11-19 14:40:00,12,11,19,14,40,140,366,"22, PRESIDENT JOHN KENNE",,,Plein jour,En agglomération,Hors intersection,Normale,Deux véhicules - frontale,,,,,,,,,,,1,2,1,1.0,1
201200017562,0012-11-20 09:00:00,12,11,20,9,0,140,366,CORMEILLES ( CD 510 ROUT,,,Plein jour,Hors agglomération,Intersection en T,Normale,Deux véhicules - arrière,,,,,,,,,,,1,1,3,1.0,2
201200017563,0012-11-25 02:30:00,12,11,25,2,30,140,366,"41, VICTOR HUGO (AVENUE)",,,Nuit avec éclairage allumé,En agglomération,Hors intersection,Vent fort / tempête,Sans collision,,,,,,,,,,,5,2,1,6.0,7
201200017564,0012-12-01 09:10:00,12,12,1,9,10,140,366,LIVAROT (CD579 ROUTE DE),,,Plein jour,En agglomération,Hors intersection,Autre,Sans collision,,,,,,,,,,,1,2,1,9.0,7
201200017565,0012-12-01 12:15:00,12,12,1,12,15,140,366,"2A, DOCTEUR PAUL OUVRY (",,,Plein jour,En agglomération,Hors intersection,Temps éblouissant,Autre collision,,,,,,,,,,,1,2,1,7.0,6
201200017566,0012-12-03 12:00:00,12,12,3,12,0,140,366,"64, SAINTE ANNE (BOULEVA",,,Plein jour,En agglomération,Intersection en T,Pluie légère,Autre collision,,,,,,,,,,,1,2,3,2.0,6
201200017567,0012-12-06 04:25:00,12,12,6,4,25,140,366,D.613 ( LISIEUX),,,Nuit sans éclairage public,Hors agglomération,Hors intersection,Autre,Autre collision,,,,,,,,,,,3,1,1,9.0,6
201200017568,0012-12-06 04:30:00,12,12,6,4,30,140,366,D.613 ( LISIEUX),,,Nuit sans éclairage public,Hors agglomération,Hors intersection,Autre,Autre collision,,,,,,,,,,,3,1,1,9.0,6
201200017569,0012-12-16 01:50:00,12,12,16,1,50,140,366,D.613 ( LISIEUX),,,Nuit sans éclairage public,Hors agglomération,Hors intersection,Pluie légère,Deux véhicules - arrière,,,,,,,,,,,3,1,1,2.0,2
201200017570,0012-12-23 18:00:00,12,12,23,18,0,140,487,R.D 579,,,Nuit sans éclairage public,Hors agglomération,Hors intersection,Pluie forte,Deux véhicules - frontale,,,,,,,,,,,3,1,1,3.0,1
201200017571,0012-12-28 18:45:00,12,12,28,18,45,140,366,"7, FOURNET (RUE)",,,Nuit avec éclairage allumé,En agglomération,Hors intersection,Pluie légère,Trois véhicules et plus - en chaîne,,,,,,,,,,,5,2,1,2.0,4
201200017572,0012-12-29 14:30:00,12,12,29,14,30,140,366,Parking LECLERC,,,Plein jour,En agglomération,Hors intersection,Normale,Deux véhicules - côté,,,,,,,,,,,1,2,1,1.0,3
201200017573,0012-07-13 18:45:00,12,7,13,18,45,370,58,,,,Crépuscule ou aube,Hors agglomération,Hors intersection,Pluie légère,Deux véhicules - frontale,,,,,,,,,,,2,1,1,2.0,1
201200017574,0012-08-06 16:15:00,12,8,6,16,15,370,31,,,,Plein jour,Hors agglomération,Hors intersection,Normale,Deux véhicules - côté,,,,,,,,,,,1,1,1,1.0,3
201200017575,0012-12-06 01:15:00,12,12,6,1,15,370,58,,,,Nuit sans éclairage public,Hors agglomération,Hors intersection,Autre,Autre collision,,,,,,,,,,,3,1,1,9.0,6
201200017576,0012-04-14 18:30:00,12,4,14,18,30,370,257,,,,Plein jour,Hors agglomération,Hors intersection,Temps couvert,Sans collision,,,,,,,,,,,1,1,1,8.0,7