accident_id,datetime,annee,mois,jour,heure,minute,departement,commune_insee,adresse,latitude,longitude,luminosite,agglomeration,intersection,meteo,collision,nb_vehicules,nb_usagers,nb_indemnes,nb_tues,nb_blesses_hosp,nb_blesses_legers,age_cond_1,age_cond_2,veh_type_cond_1,veh_type_cond_2,lum_code,agg_code,int_code,atm_code,col_code
201200018249,0012-11-18 12:45:00,12,11,18,12,45,600,286,,,,Plein jour,Hors agglomération,Hors intersection,Normale,Sans collision,,,,,,,,,,,1,1,1,1.0,7
201200018250,0012-11-25 03:30:00,12,11,25,3,30,600,484,,,,Nuit sans éclairage public,Hors agglomération,Hors intersection,Vent fort / tempête,Autre collision,,,,,,,,,,,3,1,1,6.0,6
201200018251,0012-12-27 16:45:00,12,12,27,16,45,600,590,,,,Crépuscule ou aube,Hors agglomération,Hors intersection,Pluie forte,Autre collision,,,,,,,,,,,2,1,1,3.0,6
201200018252,0012-02-03 18:30:00,12,2,3,18,30,600,185,rue de Neuilly,,,Nuit avec éclairage allumé,En agglomération,Hors intersection,Normale,Deux véhicules - arrière,,,,,,,,,,,5,2,1,1.0,2
201200018253,0012-05-01 16:45:00,12,5,1,16,45,600,74,Rue de Beauvais,,,Plein jour,En agglomération,Hors intersection,Temps éblouissant,Deux véhicules - frontale,,,,,,,,,,,1,2,1,7.0,1
201200018254,0012-07-30 19:30:00,12,7,30,19,30,600,601,rue commune de Paris,,,Plein jour,En agglomération,Intersection en T,Normale,Deux véhicules - côté,,,,,,,,,,,1,2,3,1.0,3
201200018255,0012-11-04 21:30:00,12,11,4,21,30,600,513,,,,Nuit avec éclairage allumé,En agglomération,Hors intersection,Normale,Autre collision,,,,,,,,,,,5,2,1,1.0,6
201200018256,0012-12-28 08:00:00,12,12,28,8,0,600,584,RD 92 - RUE JULES FERRY,,,Nuit avec éclairage allumé,En agglomération,Hors intersection,Pluie légère,Trois véhicules et plus - collisions multiples,,,,,,,,,,,5,2,1,2.0,5
201200018257,0012-03-06 17:15:00,12,3,6,17,15,600,104,rue de la Republique,,,Plein jour,En agglomération,Hors intersection,Normale,Autre collision,,,,,,,,,,,1,2,1,1.0,6
201200018258,0012-03-08 05:15:00,12,3,8,5,15,600,465,,,,Nuit sans éclairage public,Hors agglomération,Hors intersection,Normale,Trois véhicules et plus - collisions multiples,,,,,,,,,,,3,1,1,1.0,5
201200018259,0012-03-30 11:30:00,12,3,30,11,30,600,573,rue du cimetiere,,,Plein jour,En agglomération,Hors intersection,Normale,Deux véhicules - frontale,,,,,,,,,,,1,2,1,1.0,1
201200018260,0012-05-15 20:15:00,12,5,15,20,15,600,299,,,,Plein jour,Hors agglomération,Intersection en X,Normale,Deux véhicules - côté,,,,,,,,,,,1,1,2,1.0,3
201200018261,0012-05-19 19:15:00,12,5,19,19,15,600,664,,,,Plein jour,En agglomération,Hors intersection,Normale,Deux véhicules - frontale,,,,,,,,,,,1,2,1,1.0,1
201200018262,0012-06-16 19:00:00,12,6,16,19,0,600,104,PLACE DE VERDUN,,,Plein jour,En agglomération,Hors intersection,Normale,Autre collision,,,,,,,,,,,1,2,1,1.0,6
201200018263,0012-07-25 14:00:00,12,7,25,14,0,600,372,,,,Plein jour,Hors agglomération,Hors intersection,Normale,Deux véhicules - frontale,,,,,,,,,,,1,1,1,1.0,1
201200018264,0012-09-06 16:45:00,12,9,6,16,45,600,221,,,,Plein jour,Hors agglomération,Intersection en X,Normale,Deux véhicules - côté,,,,,,,,,,,1,1,2,1.0,3
201200018265,0012-11-12 17:45:00,12,11,12,17,45,600,265,,,,Crépuscule ou aube,En agglomération,Hors intersection,Normale,Deux véhicules - frontale,,,,,,,,,,,2,2,1,1.0,1
201200018266,0012-02-17 17:45:00,12,2,17,17,45,600,134,RD 137 - route de mouy,,,Crépuscule ou aube,En agglomération,Intersection en T,Normale,Deux véhicules - côté,,,,,,,,,,,2,2,3,1.0,3
201200018267,0012-05-18 09:15:00,12,5,18,9,15,600,342,,49.291,2.419,Plein jour,Hors agglomération,Hors intersection,Normale,Deux véhicules - frontale,,,,,,,,,,,1,1,1,1.0,1
201200018268,0012-06-23 13:45:00,12,6,23,13,45,600,134,,49.325,2.439,Plein jour,Hors agglomération,Hors intersection,Normale,Autre collision,,,,,,,,,,,1,1,1,1.0,6
201200018269,0012-06-28 08:20:00,12,6,28,8,20,600,360,rue R. Pasquier,49.331,2.469,Plein jour,En agglomération,Hors intersection,Normale,Autre collision,,,,,,,,,,,1,2,1,1.0,6
201200018270,0012-07-15 16:00:00,12,7,15,16,0,600,40,,49.411,2.606,Plein jour,Hors agglomération,Hors intersection,Normale,Sans collision,,,,,,,,,,,1,1,1,1.0,7
201200018271,0012-10-10 14:00:00,12,10,10,14,0,600,524,,,,Plein jour,Hors agglomération,Hors intersection,Normale,Deux véhicules - arrière,,,,,,,,,,,1,1,1,1.0,2
201200018272,0012-12-26 08:45:00,12,12,26,8,45,600,342,Gare ferroviaire,,,Plein jour,En agglomération,Passage à niveau,Normale,Autre collision,,,,,,,,,,,1,2,8,1.0,6
201200018273,0012-03-11 13:15:00,12,3,11,13,15,600,497,,49.493,2.31,Plein jour,Hors agglomération,Hors intersection,Normale,Deux véhicules - frontale,,,,,,,,,,,1,1,1,1.0,1
201200018274,0012-06-03 08:00:00,12,6,3,8,0,600,581,rue de Paris,,,Plein jour,En agglomération,Hors intersection,Pluie légère,Deux véhicules - arrière,,,,,,,,,,,1,2,1,2.0,2
201200018275,0012-06-30 09:30:00,12,6,30,9,30,600,222,,49.497,2.299,Plein jour,Hors agglomération,Hors intersection,Normale,Autre collision,,,,,,,,,,,1,1,1,1.0,6
201200018276,0012-07-10 18:15:00,12,7,10,18,15,600,468,,49.509,2.348,Plein jour,Hors agglomération,Hors intersection,Normale,Sans collision,,,,,,,,,,,1,1,1,1.0,7
201200018277,0012-08-14 18:00:00,12,8,14,18,0,600,374,,,,Plein jour,Hors agglomération,Hors intersection,Normale,Deux véhicules - frontale,,,,,,,,,,,1,1,1,1.0,1
201200018278,0012-08-16 19:30:00,12,8,16,19,30,600,643,GRANDE RUE,49.564,2.59,Plein jour,En agglomération,Hors intersection,Normale,Autre collision,,,,,,,,,,,1,2,1,1.0,6
201200018279,0012-09-29 22:30:00,12,9,29,22,30,600,232,,,,Nuit avec éclairage allumé,Hors agglomération,Hors intersection,Normale,Autre collision,,,,,,,,,,,5,1,1,1.0,6
201200018280,0012-10-10 08:15:00,12,10,10,8,15,600,468,,,,Plein jour,Hors agglomération,Hors intersection,Normale,Deux véhicules - côté,,,,,,,,,,,1,1,1,1.0,3
201200018281,0012-10-13 14:00:00,12,10,13,14,0,600,581,,49.521,2.426,Plein jour,Hors agglomération,Hors intersection,Pluie légère,Deux véhicules - côté,,,,,,,,,,,1,1,1,2.0,3
201200018282,0012-10-20 13:45:00,12,10,20,13,45,600,495,,49.542,2.464,Plein jour,Hors agglomération,Hors intersection,Pluie légère,Deux véhicules - frontale,,,,,,,,,,,1,1,1,2.0,1
201200018283,0012-10-10 18:30:00,12,10,10,18,30,600,374,,49.566,2.488,Plein jour,Hors agglomération,Intersection en X,Normale,Deux véhicules - côté,,,,,,,,,,,1,1,2,1.0,3
201200018284,0012-11-06 18:00:00,12,11,6,18,0,600,581,,,,Nuit avec éclairage allumé,En agglomération,Hors intersection,Normale,Autre collision,,,,,,,,,,,5,2,1,1.0,6
201200018285,0012-11-20 08:00:00,12,11,20,8,0,600,701,,49.553,2.354,Crépuscule ou aube,Hors agglomération,Hors intersection,Normale,Deux véhicules - frontale,,,,,,,,,,,2,1,1,1.0,1
201200018286,0012-12-02 08:15:00,12,12,2,8,15,600,581,,49.521,2.426,Plein jour,Hors agglomération,Hors intersection,Temps éblouissant,Autre collision,,,,,,,,,,,1,1,1,7.0,6
201200018287,0012-12-20 19:30:00,12,12,20,19,30,600,581,184 rue de Paris,49.513,2.433,Nuit avec éclairage allumé,En agglomération,Hors intersection,Pluie légère,Deux véhicules - côté,,,,,,,,,,,5,2,1,2.0,3
201200018288,0012-05-04 14:00:00,12,5,4,14,0,600,43,rue haute,49.498,2.968,Plein jour,En agglomération,Hors intersection,Temps couvert,Deux véhicules - frontale,,,,,,,,,,,1,2,1,8.0,1
201200018289,0012-06-14 15:30:00,12,6,14,15,30,600,537,227 rue Aristide Briand,49.512,2.925,Plein jour,En agglomération,Hors intersection,Normale,Autre collision,,,,,,,,,,,1,2,1,1.0,6
201200018290,0012-09-06 12:15:00,12,9,6,12,15,600,25,avenue du 170eme RI,,,Plein jour,En agglomération,Hors intersection,Normale,Autre collision,,,,,,,,,,,1,2,1,1.0,6
201200018291,0012-09-24 18:30:00,12,9,24,18,30,600,537,Rue Aristide Briand,49.515,2.925,Plein jour,En agglomération,Hors intersection,Normale,Autre collision,,,,,,,,,,,1,2,1,1.0,6
201200018292,0012-09-29 00:15:00,12,9,29,0,15,600,156,,49.445,2.855,Nuit avec éclairage allumé,Hors agglomération,Hors intersection,Normale,Autre collision,,,,,,,,,,,5,1,1,1.0,6
201200018293,0012-10-08 16:00:00,12,10,8,16,0,600,636,,49.486,2.887,Plein jour,En agglomération,Hors intersection,Pluie légère,Deux véhicules - côté,,,,,,,,,,,1,2,1,2.0,3
201200018294,0012-10-24 16:15:00,12,10,24,16,15,600,647,42 route de Rouen,,,Plein jour,En agglomération,Hors intersection,Normale,Autre collision,,,,,,,,,,,1,2,1,1.0,6
201200018295,0012-11-11 23:30:00,12,11,11,23,30,600,64,,,,Plein jour,Hors agglomération,Autre intersection,Temps couvert,Deux véhicules - frontale,,,,,,,,,,,1,1,9,8.0,1
201200018296,0012-11-10 23:00:00,12,11,10,23,0,600,25,,,,Nuit avec éclairage allumé,Hors agglomération,Hors intersection,Normale,Autre collision,,,,,,,,,,,5,1,1,1.0,6
201200018297,0012-11-20 17:15:00,12,11,20,17,15,600,167,RN 31,49.404,3.027,Crépuscule ou aube,En agglomération,Hors intersection,Normale,Deux véhicules - côté,,,,,,,,,,,2,2,1,1.0,3
201200018298,0012-09-28 20:15:00,12,9,28,20,15,600,471,,,,Nuit sans éclairage public,Hors agglomération,Hors intersection,Normale,Autre collision,,,,,,,,,,,3,1,1,1.0,6
201200018299,0012-06-22 16:00:00,12,6,22,16,0,600,191,route de Flandres,,,Plein jour,En agglomération,Hors intersection,Normale,Deux véhicules - frontale,,,,,,,,,,,1,2,1,1.0,1
201200018300,0012-11-25 02:45:00,12,11,25,2,45,600,531,rue du millieu,,,Nuit avec éclairage allumé,En agglomération,Hors intersection,Vent fort / tempête,Autre collision,,,,,,,,,,,5,2,1,6.0,6
201200018301,0012-04-09 19:00:00,12,4,9,19,0,600,481,rue du general estienne,,,Plein jour,En agglomération,Hors intersection,Pluie légère,Deux véhicules - frontale,,,,,,,,,,,1,2,1,2.0,1
201200018302,0012-04-19 19:45:00,12,4,19,19,45,600,509,Rue de Grignasco,,,Crépuscule ou aube,En agglomération,Hors intersection,Normale,Autre collision,,,,,,,,,,,2,2,1,1.0,6
201200018303,0012-05-04 13:30:00,12,5,4,13,30,600,203,,,,Plein jour,Hors agglomération,Hors intersection,Pluie légère,Trois véhicules et plus - en chaîne,,,,,,,,,,,1,1,1,2.0,4
201200018304,0012-12-06 07:45:00,12,12,6,7,45,600,509,avenue jean jaures,,,Nuit avec éclairage allumé,En agglomération,Hors intersection,Temps couvert,Autre collision,,,,,,,,,,,5,2,1,8.0,6
201200018305,0012-09-15 09:30:00,12,9,15,9,30,90,326,,,,Plein jour,Hors agglomération,Hors intersection,Normale,Deux véhicules - côté,,,,,,,,,,,1,1,1,1.0,3
201200018306,0012-01-02 17:00:00,12,1,2,17,0,90,324,,43.05433,1.64951,Crépuscule ou aube,Hors agglomération,Hors intersection,Normale,Deux véhicules - arrière,,,,,,,,,,,2,1,1,1.0,2
201200018307,0012-03-08 20:15:00,12,3,8,20,15,90,264,12 avenue des écoliers,43.01322,1.61062,Nuit avec éclairage allumé,En agglomération,Hors intersection,Normale,Deux véhicules - frontale,,,,,,,,,,,5,2,1,1.0,1
201200018308,0012-07-11 15:15:00,12,7,11,15,15,90,264,,43.03603,1.62405,Plein jour,Hors agglomération,Hors intersection,Normale,Autre collision,,,,,,,,,,,1,1,1,1.0,6
201200018309,0012-07-15 18:45:00,12,7,15,18,45,90,103,,43.02331,1.59159,Plein jour,Hors agglomération,Hors intersection,Normale,Deux véhicules - frontale,,,,,,,,,,,1,1,1,1.0,1
201200018310,0012-08-08 10:45:00,12,8,8,10,45,90,265,Avenue des Pyr?n?es,43.09076,1.6269,Plein jour,En agglomération,Intersection en T,Normale,Deux véhicules - côté,,,,,,,,,,,1,2,3,1.0,3
201200018311,0012-11-14 13:30:00,12,11,14,13,30,90,264,Avenue de la Tour d'OPE,43.01148,1.61118,Plein jour,En agglomération,Hors intersection,Normale,Autre collision,,,,,,,,,,,1,2,1,1.0,6
201200018312,0012-07-24 22:30:00,12,7,24,22,30,90,261,,42.96706,1.10235,Nuit sans éclairage public,Hors agglomération,Hors intersection,Normale,Deux véhicules - frontale,,,,,,,,,,,3,1,1,1.0,1
201200018313,0012-12-09 08:30:00,12,12,9,8,30,90,82,,,,Plein jour,Hors agglomération,Hors intersection,Normale,Autre collision,,,,,,,,,,,1,1,1,1.0,6
201200018314,0012-07-29 11:30:00,12,7,29,11,30,90,182,,42.88788,1.37131,Plein jour,Hors agglomération,Intersection en Y,Normale,Deux véhicules - frontale,,,,,,,,,,,1,1,4,1.0,1
201200018315,0012-12-01 02:20:00,12,12,1,2,20,90,301,,,,Nuit sans éclairage public,Hors agglomération,Hors intersection,Autre,Autre collision,,,,,,,,,,,3,1,1,9.0,6
201200018316,0012-11-07 12:00:00,12,11,7,12,0,830,145,,,,Plein jour,Hors agglomération,Hors intersection,Normale,Deux véhicules - frontale,,,,,,,,,,,1,1,1,1.0,1
201200018317,0012-11-25 12:30:00,12,11,25,12,30,830,51,,,,Plein jour,Hors agglomération,Hors intersection,Normale,Deux véhicules - frontale,,,,,,,,,,,1,1,1,1.0,1
201200018318,0012-10-23 14:00:00,12,10,23,14,0,830,74,,,,Plein jour,Hors agglomération,Hors intersection,Normale,Sans collision,,,,,,,,,,,1,1,1,1.0,7
201200018319,0012-11-03 00:30:00,12,11,3,0,30,830,56,,,,Nuit sans éclairage public,Hors agglomération,Hors intersection,Normale,Autre collision,,,,,,,,,,,3,1,1,1.0,6
201200018320,0012-06-17 17:01:00,12,6,17,17,1,900,34,,,,Plein jour,En agglomération,Hors intersection,Normale,Deux véhicules - côté,,,,,,,,,,,1,2,1,1.0,3
201200018321,0012-08-14 08:31:00,12,8,14,8,31,900,104,,,,Plein jour,Hors agglomération,Hors intersection,Normale,Sans collision,,,,,,,,,,,1,1,1,1.0,7
201200018322,0012-12-29 16:45:00,12,12,29,16,45,900,93,Grand' Rue,,,Crépuscule ou aube,En agglomération,Hors intersection,Normale,Trois véhicules et plus - collisions multiples,,,,,,,,,,,2,2,1,1.0,5
201200018323,0012-08-20 22:31:00,12,8,20,22,31,900,46,,,,Nuit sans éclairage public,Hors agglomération,Hors intersection,Normale,Sans collision,,,,,,,,,,,3,1,1,1.0,7
201200018324,0012-04-08 12:45:00,12,4,8,12,45,500,444,HAMEAU BERTHEAUME,49.0468,-0.96303,Plein jour,Hors agglomération,Intersection en T,Normale,Trois véhicules et plus - en chaîne,,,,,,,,,,,1,1,3,1.0,4
201200018325,0012-05-11 23:00:00,12,5,11,23,0,500,34,,49.0945,-1.05204,Nuit avec éclairage non allumé,En agglomération,Hors intersection,Normale,Autre collision,,,,,,,,,,,4,2,1,1.0,6
201200018326,0012-05-13 18:45:00,12,5,13,18,45,500,444,,49.0597,-0.96979,Plein jour,Hors agglomération,Intersection en T,Normale,Trois véhicules et plus - collisions multiples,,,,,,,,,,,1,1,3,1.0,5
201200018327,0012-05-16 06:45:00,12,5,16,6,45,500,414,ROUTE DE ST JEAN,49.089,-0.96445,Plein jour,Hors agglomération,Hors intersection,Normale,Deux véhicules - frontale,,,,,,,,,,,1,1,1,1.0,1
201200018328,0012-08-19 03:15:00,12,8,19,3,15,500,444,LE VIEUX CALAIS,49.0588,-0.9513,Plein jour,Hors agglomération,Hors intersection,Brouillard / fumée,Autre collision,,,,,,,,,,,1,1,1,5.0,6
201200018329,0012-01-21 16:45:00,12,1,21,16,45,500,248,LA LANDELLE,49.1978,-1.19379,Plein jour,Hors agglomération,Hors intersection,Normale,Sans collision,,,,,,,,,,,1,1,1,1.0,7
201200018330,0012-03-09 19:45:00,12,3,9,19,45,500,98,HOTEL AU PAGE,49.0717,-1.24882,Plein jour,Hors agglomération,Hors intersection,Normale,Deux véhicules - frontale,,,,,,,,,,,1,1,1,1.0,1
201200018331,0012-03-16 08:00:00,12,3,16,8,0,500,409,LES BAS VENTS,49.1735,-1.15535,Plein jour,Hors agglomération,Hors intersection,Normale,Deux véhicules - frontale,,,,,,,,,,,1,1,1,1.0,1
201200018332,0012-05-06 19:30:00,12,5,6,19,30,500,46,LE BOURG,49.1438,-0.94129,Plein jour,En agglomération,Intersection en T,Normale,Autre collision,,,,,,,,,,,1,2,3,1.0,6
201200018333,0012-11-02 16:30:00,12,11,2,16,30,500,455,L'ETOT,49.1819,-1.0381,Plein jour,Hors agglomération,Intersection en T,Normale,Trois véhicules et plus - collisions multiples,,,,,,,,,,,1,1,3,1.0,5
201200018334,0012-03-17 18:45:00,12,3,17,18,45,500,74,LE PONT ROULLAND,48.7221,-1.15285,Crépuscule ou aube,Hors agglomération,Hors intersection,Pluie légère,Deux véhicules - frontale,,,,,,,,,,,2,1,1,2.0,1
201200018335,0012-07-04 15:00:00,12,7,4,15,0,500,185,LA ROUSSELIERE,48.8441,-1.26994,Plein jour,Hors agglomération,Hors intersection,Temps couvert,Trois véhicules et plus - collisions multiples,,,,,,,,,,,1,1,1,8.0,5
201200018336,0012-07-17 09:00:00,12,7,17,9,0,500,60,LE CHENE BRIANT,48.8782,-1.25824,Plein jour,Hors agglomération,Hors intersection,Normale,Trois véhicules et plus - collisions multiples,,,,,,,,,,,1,1,1,1.0,5
201200018337,0012-09-26 19:30:00,12,9,26,19,30,500,639,20 Av maréchal Leclerc,,,Nuit avec éclairage allumé,En agglomération,Intersection en Y,Temps couvert,Deux véhicules - frontale,,,,,,,,,,,5,2,4,8.0,1
201200018338,0012-10-04 15:45:00,12,10,4,15,45,500,639,RUE DU 8 MAI 1945,48.8456,-1.22875,Plein jour,Hors agglomération,Hors intersection,Normale,Autre collision,,,,,,,,,,,1,1,1,1.0,6
201200018339,0012-02-11 19:00:00,12,2,11,19,0,500,494,LE PUIT JOBE,48.6074,-0.89117,Nuit sans éclairage public,Hors agglomération,Hors intersection,Normale,Deux véhicules - frontale,,,,,,,,,,,3,1,1,1.0,1
201200018340,0012-09-14 20:45:00,12,9,14,20,45,500,359,GRANDE RUE,48.648,-0.94277,Nuit avec éclairage allumé,En agglomération,Intersection en X,Normale,Deux véhicules - côté,,,,,,,,,,,5,2,2,1.0,3
201200018341,0012-11-16 08:30:00,12,11,16,8,30,500,29,LA FOSSE,48.582,-0.84046,Plein jour,Hors agglomération,Hors intersection,Normale,Autre collision,,,,,,,,,,,1,1,1,1.0,6
201200018342,0012-07-07 15:30:00,12,7,7,15,30,500,410,LA LANDE A CUREY,48.5615,-1.48336,Plein jour,Hors agglomération,Hors intersection,Normale,Trois véhicules et plus - collisions multiples,,,,,,,,,,,1,1,1,1.0,5
201200018343,0012-12-31 18:45:00,12,12,31,18,45,500,293,LE CLOS DU FEU,,,Nuit sans éclairage public,Hors agglomération,Intersection en X,Pluie forte,Trois véhicules et plus - collisions multiples,,,,,,,,,,,3,1,2,3.0,5
201200018344,0012-03-12 07:30:00,12,3,12,7,30,500,274,LA BRIERE,48.5533,-1.09309,Plein jour,Hors agglomération,Hors intersection,Normale,Deux véhicules - frontale,,,,,,,,,,,1,1,1,1.0,1
201200018345,0012-06-10 09:15:00,12,6,10,9,15,500,245,LA CROIX DU LOUP PENDU,48.5251,-0.92293,Plein jour,Hors agglomération,Intersection en X,Pluie légère,Deux véhicules - côté,,,,,,,,,,,1,1,2,2.0,3
201200018346,0012-07-24 09:15:00,12,7,24,9,15,500,274,LES PALLIERES,48.512,-1.08144,Plein jour,Hors agglomération,Intersection en T,Normale,Deux véhicules - frontale,,,,,,,,,,,1,1,3,1.0,1
201200018347,0012-08-21 13:45:00,12,8,21,13,45,500,515,LA CROIX DU PATIS,48.5541,-1.18521,Plein jour,Hors agglomération,Intersection en X,Normale,Trois véhicules et plus - collisions multiples,,,,,,,,,,,1,1,2,1.0,5
201200018348,0012-11-06 18:30:00,12,11,6,18,30,500,274,TOURNEBRIDE,48.5211,-1.08838,Nuit sans éclairage public,Hors agglomération,Intersection en X,Normale,Deux véhicules - arrière,,,,,,,,,,,3,1,2,1.0,2
201200018349,0012-08-29 11:15:00,12,8,29,11,15,500,471,CHEMIN SAULNIER,49.3698,-1.71891,Plein jour,Hors agglomération,Hors intersection,Normale,Autre collision,,,,,,,,,,,1,1,1,1.0,6
201200018350,0012-07-21 16:30:00,12,7,21,16,30,500,169,,,,Plein jour,Hors agglomération,Hors intersection,Normale,Deux véhicules - frontale,,,,,,,,,,,1,1,1,1.0,1
201200018351,0012-10-12 12:15:00,12,10,12,12,15,500,175,LA CROIX DES PETITS,49.4802,-1.39182,Plein jour,En agglomération,Intersection en X,Pluie légère,Deux véhicules - côté,,,,,,,,,,,1,2,2,2.0,3
201200018352,0012-05-16 15:15:00,12,5,16,15,15,500,215,RUE DE LA MER,49.0976,-1.60202,Plein jour,En agglomération,Hors intersection,Normale,Trois véhicules et plus - collisions multiples,,,,,,,,,,,1,2,1,1.0,5
201200018353,0012-08-29 19:30:00,12,8,29,19,30,500,85,ROUTE DES BERGERIES,48.9154,-1.56255,Plein jour,Hors agglomération,Hors intersection,Normale,Autre collision,,,,,,,,,,,1,1,1,1.0,6
201200018354,0012-03-23 16:00:00,12,3,23,16,0,500,482,LES MILLERIES,49.2146,-1.3945,Plein jour,Hors agglomération,Hors intersection,Normale,Sans collision,,,,,,,,,,,1,1,1,1.0,7
201200018355,0012-07-22 06:15:00,12,7,22,6,15,500,78,HAMEAU GIRAULT,49.2564,-1.63959,Plein jour,Hors agglomération,Hors intersection,Normale,Deux véhicules - frontale,,,,,,,,,,,1,1,1,1.0,1
201200018356,0012-04-27 17:30:00,12,4,27,17,30,50,40,,44.54405,6.28137,Plein jour,En agglomération,Hors intersection,Normale,Autre collision,,,,,,,,,,,1,2,1,1.0,6
201200018357,0012-05-03 07:15:00,12,5,3,7,15,50,164,sur le pont,44.53219,6.3948,Plein jour,Hors agglomération,Hors intersection,Normale,Deux véhicules - côté,,,,,,,,,,,1,1,1,1.0,3
201200018358,0012-02-28 20:00:00,12,2,28,20,0,140,138,LES FOURS ? CHAUX (LIEUD,49.2371,-1.0034,Nuit sans éclairage public,Hors agglomération,Intersection en T,Normale,Deux véhicules - côté,,,,,,,,,,,3,1,3,1.0,3
201200018359,0012-07-27 16:00:00,12,7,27,16,0,140,298,,,,Plein jour,Hors agglomération,Hors intersection,Normale,Deux véhicules - frontale,,,,,,,,,,,1,1,1,1.0,1
201200018360,0012-07-29 07:00:00,12,7,29,7,0,140,138,,49.2292,-1.02092,Plein jour,Hors agglomération,Hors intersection,Normale,Autre collision,,,,,,,,,,,1,1,1,1.0,6
201200018361,0012-08-05 18:00:00,12,8,5,18,0,140,138,,,,Plein jour,Hors agglomération,Hors intersection,Normale,Deux véhicules - arrière,,,,,,,,,,,1,1,1,1.0,2
201200018362,0012-01-05 17:30:00,12,1,5,17,30,140,400,,49.286,-0.61281,Crépuscule ou aube,Hors agglomération,Intersection en T,Vent fort / tempête,Deux véhicules - frontale,,,,,,,,,,,2,1,3,6.0,1
201200018363,0012-03-18 20:00:00,12,3,18,20,0,140,191,RUE EMILE HEROULT,49.3299,-0.45257,Nuit avec éclairage allumé,En agglomération,Intersection en X,Normale,Deux véhicules - côté,,,,,,,,,,,5,2,2,1.0,3
201200018364,0012-06-05 16:50:00,12,6,5,16,50,140,430,,49.3382,-0.56994,Plein jour,Hors agglomération,Intersection en X,Normale,Deux véhicules - côté,,,,,,,,,,,1,1,2,1.0,3
201200018365,0012-10-20 20:15:00,12,10,20,20,15,140,191,,49.321,-0.576,Nuit sans éclairage public,Hors agglomération,Hors intersection,Pluie forte,Autre collision,,,,,,,,,,,3,1,1,3.0,6
201200018366,0012-12-28 15:45:00,12,12,28,15,45,140,400,,,,Plein jour,Hors agglomération,Hors intersection,Temps couvert,Deux véhicules - arrière,,,,,,,,,,,1,1,1,8.0,2
201200018367,0012-05-19 20:30:00,12,5,19,20,30,140,760,RUE DU CIMETI RE,49.0962,-0.64206,Plein jour,En agglomération,Hors intersection,Pluie légère,Autre collision,,,,,,,,,,,1,2,1,2.0,6
201200018368,0012-07-17 05:50:00,12,7,17,5,50,140,389,,49.0638,-0.6884,Nuit sans éclairage public,Hors agglomération,Hors intersection,Normale,Autre collision,,,,,,,,,,,3,1,1,1.0,6
201200018369,0012-09-04 17:30:00,12,9,4,17,30,140,336,,,,Plein jour,Hors agglomération,Hors intersection,Normale,Sans collision,,,,,,,,,,,1,1,1,1.0,7
201200018370,0012-04-28 16:00:00,12,4,28,16,0,140,514,RUE DE VAUCELLES,49.2832,0.18049,Plein jour,En agglomération,Intersection en X,Pluie légère,Deux véhicules - côté,,,,,,,,,,,1,2,2,2.0,3
201200018371,0012-06-21 18:30:00,12,6,21,18,30,140,578,,49.3709,0.13332,Plein jour,Hors agglomération,Hors intersection,Normale,Deux véhicules - côté,,,,,,,,,,,1,1,1,1.0,3
201200018372,0012-11-09 19:15:00,12,11,9,19,15,140,85,,,,Nuit sans éclairage public,Hors agglomération,Hors intersection,Pluie forte,Autre collision,,,,,,,,,,,3,1,1,3.0,6
201200018373,0012-04-09 11:45:00,12,4,9,11,45,140,231,ROUTE DE BEAUFOUR,49.2136,0.0192,Plein jour,Hors agglomération,Hors intersection,Temps couvert,Autre collision,,,,,,,,,,,1,1,1,8.0,6
201200018374,0012-04-30 16:20:00,12,4,30,16,20,140,494,LE LIEU SAINT LAURENT,49.2541,-0.06797,Plein jour,Hors agglomération,Hors intersection,Pluie forte,Sans collision,,,,,,,,,,,1,1,1,3.0,7
201200018375,0012-06-08 07:30:00,12,6,8,7,30,140,203,,49.2308,-0.08696,Plein jour,Hors agglomération,Intersection en T,Normale,Deux véhicules - côté,,,,,,,,,,,1,1,3,1.0,3
201200018376,0012-07-29 02:45:00,12,7,29,2,45,140,494,,,,Nuit sans éclairage public,Hors agglomération,Hors intersection,Normale,Autre collision,,,,,,,,,,,3,1,1,1.0,6
201200018377,0012-08-03 07:00:00,12,8,3,7,0,140,474,,49.1268,0.00574,Plein jour,Hors agglomération,Hors intersection,Normale,Deux véhicules - frontale,,,,,,,,,,,1,1,1,1.0,1
201200018378,0012-08-14 11:10:00,12,8,14,11,10,140,473,,49.1144,0.04477,Plein jour,Hors agglomération,Intersection en T,Normale,Deux véhicules - arrière,,,,,,,,,,,1,1,3,1.0,2
201200018379,0012-08-18 09:30:00,12,8,18,9,30,140,474,,,,Plein jour,Hors agglomération,Intersection en X,Normale,Deux véhicules - frontale,,,,,,,,,,,1,1,2,1.0,1