accident_id,datetime,annee,mois,jour,heure,minute,departement,commune_insee,adresse,latitude,longitude,luminosite,agglomeration,intersection,meteo,collision,nb_vehicules,nb_usagers,nb_indemnes,nb_tues,nb_blesses_hosp,nb_blesses_legers,age_cond_1,age_cond_2,veh_type_cond_1,veh_type_cond_2,lum_code,agg_code,int_code,atm_code,col_code
201200018652,0012-12-03 17:45:00,12,12,3,17,45,700,311,rue Maroselli,,,Nuit avec éclairage allumé,En agglomération,Hors intersection,Pluie légère,Autre collision,,,,,,,,,,,5,2,1,2.0,6
201200018653,0012-02-25 19:30:00,12,2,25,19,30,850,97,,,,Nuit sans éclairage public,Hors agglomération,Hors intersection,Normale,Sans collision,,,,,,,,,,,3,1,1,1.0,7
201200018654,0012-03-05 18:00:00,12,3,5,18,0,850,215,,,,Plein jour,Hors agglomération,Hors intersection,Neige / grêle,Autre collision,,,,,,,,,,,1,1,1,4.0,6
201200018655,0012-06-09 19:15:00,12,6,9,19,15,850,108,,,,Plein jour,Hors agglomération,Hors intersection,Normale,Deux véhicules - arrière,,,,,,,,,,,1,1,1,1.0,2
201200018656,0012-06-17 21:30:00,12,6,17,21,30,850,232,,,,Crépuscule ou aube,Hors agglomération,Hors intersection,Normale,Deux véhicules - arrière,,,,,,,,,,,2,1,1,1.0,2
201200018657,0012-12-04 14:00:00,12,12,4,14,0,850,38,LA FENETRE,,,Plein jour,Hors agglomération,Hors intersection,Normale,Deux véhicules - arrière,,,,,,,,,,,1,1,1,1.0,2
201200018658,0012-01-10 14:15:00,12,1,10,14,15,10,408,,46.2465,5.42325,Plein jour,Hors agglomération,Intersection en X,Normale,Deux véhicules - côté,,,,,,,,,,,1,1,2,1.0,3
201200018659,0012-02-24 23:15:00,12,2,24,23,15,10,195,,46.2382,5.29016,Nuit sans éclairage public,Hors agglomération,Hors intersection,Pluie légère,Autre collision,,,,,,,,,,,3,1,1,2.0,6
201200018660,0012-02-25 23:45:00,12,2,25,23,45,10,184,,46.1572,5.42727,Nuit sans éclairage public,Hors agglomération,Hors intersection,Normale,Autre collision,,,,,,,,,,,3,1,1,1.0,6
201200018661,0012-04-19 17:30:00,12,4,19,17,30,10,127,,,,Crépuscule ou aube,Hors agglomération,Hors intersection,Normale,Sans collision,,,,,,,,,,,2,1,1,1.0,7
201200018662,0012-05-25 17:30:00,12,5,25,17,30,10,184,,46.1802,5.4322,Plein jour,Hors agglomération,Hors intersection,Normale,Autre collision,,,,,,,,,,,1,1,1,1.0,6
201200018663,0012-08-14 20:15:00,12,8,14,20,15,10,426,,,,Crépuscule ou aube,Hors agglomération,Hors intersection,Normale,Deux véhicules - frontale,,,,,,,,,,,2,1,1,1.0,1
201200018664,0012-03-22 06:45:00,12,3,22,6,45,10,74,,46.0008,5.17933,Nuit avec éclairage non allumé,Hors agglomération,Hors intersection,Normale,Autre collision,,,,,,,,,,,4,1,1,1.0,6
201200018665,0012-06-01 11:30:00,12,6,1,11,30,10,74,"""LES ECOINS""",46.011,5.17807,Plein jour,Hors agglomération,Intersection en T,Normale,Deux véhicules - côté,,,,,,,,,,,1,1,3,1.0,3
201200018666,0012-10-12 10:30:00,12,10,12,10,30,10,74,,,,Plein jour,Hors agglomération,Intersection en T,Normale,Deux véhicules - côté,,,,,,,,,,,1,1,3,1.0,3
201200018667,0012-12-04 18:15:00,12,12,4,18,15,10,74,169 GRANDE RUE,,,Plein jour,En agglomération,Hors intersection,Pluie légère,Deux véhicules - côté,,,,,,,,,,,1,2,1,2.0,3
201200018668,0012-05-05 05:30:00,12,5,5,5,30,10,272,,46.1646,4.98081,Nuit sans éclairage public,Hors agglomération,Hors intersection,Normale,Deux véhicules - frontale,,,,,,,,,,,3,1,1,1.0,1
201200018669,0012-05-10 15:00:00,12,5,10,15,0,10,93,AVENUE FRANCOIS MITTERAN,46.127,4.95913,Plein jour,En agglomération,Intersection en T,Normale,Deux véhicules - côté,,,,,,,,,,,1,2,3,1.0,3
201200018670,0012-03-13 16:00:00,12,3,13,16,0,10,24,,46.2685,5.17113,Plein jour,Hors agglomération,Hors intersection,Normale,Deux véhicules - frontale,,,,,,,,,,,1,1,1,1.0,1
201200018671,0012-03-19 00:01:00,12,3,19,0,1,10,236,LE BOURG,,,Nuit avec éclairage allumé,En agglomération,Hors intersection,Normale,Autre collision,,,,,,,,,,,5,2,1,1.0,6
201200018672,0012-03-21 13:05:00,12,3,21,13,5,10,130,,46.3082,5.16182,Plein jour,Hors agglomération,Hors intersection,Normale,Sans collision,,,,,,,,,,,1,1,1,1.0,7
201200018673,0012-03-22 07:00:00,12,3,22,7,0,10,305,,46.4366,4.93242,Crépuscule ou aube,Hors agglomération,Hors intersection,Normale,Sans collision,,,,,,,,,,,2,1,1,1.0,7
201200018674,0012-09-12 16:00:00,12,9,12,16,0,10,102,Le Jonchet,,,Plein jour,En agglomération,Hors intersection,Normale,Deux véhicules - côté,,,,,,,,,,,1,2,1,1.0,3
201200018675,0012-11-16 08:00:00,12,11,16,8,0,10,375,,,,Plein jour,Hors agglomération,Hors intersection,Brouillard / fumée,Sans collision,,,,,,,,,,,1,1,1,5.0,7
201200018676,0012-09-19 16:00:00,12,9,19,16,0,10,306,rue de la verch?re,,,Plein jour,En agglomération,Hors intersection,Normale,Deux véhicules - côté,,,,,,,,,,,1,2,1,1.0,3
201200018677,0012-11-22 07:15:00,12,11,22,7,15,10,343,CD 1079route de MACON,,,Crépuscule ou aube,En agglomération,Hors intersection,Temps couvert,Autre collision,,,,,,,,,,,2,2,1,8.0,6
201200018678,0012-03-09 08:45:00,12,3,9,8,45,10,454,,45.7377,5.70801,Plein jour,Hors agglomération,Hors intersection,Normale,Autre collision,,,,,,,,,,,1,1,1,1.0,6
201200018679,0012-03-23 12:45:00,12,3,23,12,45,10,403,,45.822,5.4472,Plein jour,Hors agglomération,Hors intersection,Normale,Autre collision,,,,,,,,,,,1,1,1,1.0,6
201200018680,0012-04-07 05:15:00,12,4,7,5,15,10,64,FLEVIEU D19,45.7634,5.48239,Nuit avec éclairage allumé,En agglomération,Hors intersection,Pluie légère,Sans collision,,,,,,,,,,,5,2,1,2.0,7
201200018681,0012-04-26 18:20:00,12,4,26,18,20,10,338,,45.6726,5.60962,Crépuscule ou aube,Hors agglomération,Intersection en Y,Normale,Deux véhicules - côté,,,,,,,,,,,2,1,4,1.0,3
201200018682,0012-05-03 13:45:00,12,5,3,13,45,10,316,,45.8208,5.64285,Plein jour,Hors agglomération,Hors intersection,Normale,Trois véhicules et plus - en chaîne,,,,,,,,,,,1,1,1,1.0,4
201200018683,0012-05-13 07:00:00,12,5,13,7,0,10,66,,45.8714,5.53208,Plein jour,Hors agglomération,Hors intersection,Normale,Deux véhicules - frontale,,,,,,,,,,,1,1,1,1.0,1
201200018684,0012-05-17 02:15:00,12,5,17,2,15,10,442,,45.8979,5.67971,Nuit sans éclairage public,Hors agglomération,Hors intersection,Normale,Autre collision,,,,,,,,,,,3,1,1,1.0,6
201200018685,0012-12-20 18:45:00,12,12,20,18,45,10,116,,,,Nuit sans éclairage public,Hors agglomération,Hors intersection,Pluie forte,Deux véhicules - frontale,,,,,,,,,,,3,1,1,3.0,1
201200018686,0012-01-27 07:50:00,12,1,27,7,50,10,4,,45.9596,5.34815,Crépuscule ou aube,En agglomération,Giratoire,Pluie légère,Sans collision,,,,,,,,,,,2,2,6,2.0,7
201200018687,0012-02-06 11:40:00,12,2,6,11,40,10,202,PARKING CARRREFOUR,,,Plein jour,En agglomération,Hors intersection,Normale,Autre collision,,,,,,,,,,,1,2,1,1.0,6
201200018688,0012-02-26 00:45:00,12,2,26,0,45,10,411,"D99, LIEU-DIT DE SOUDON",45.8689,5.42969,Nuit sans éclairage public,En agglomération,Hors intersection,Normale,Autre collision,,,,,,,,,,,3,2,1,1.0,6
201200018689,0012-02-29 06:45:00,12,2,29,6,45,10,345,,45.9519,5.33168,Nuit sans éclairage public,Hors agglomération,Hors intersection,Normale,Autre collision,,,,,,,,,,,3,1,1,1.0,6
201200018690,0012-05-30 07:30:00,12,5,30,7,30,10,7,,46.0167,5.37248,Plein jour,Hors agglomération,Hors intersection,Normale,Sans collision,,,,,,,,,,,1,1,1,1.0,7
201200018691,0012-04-29 17:20:00,12,4,29,17,20,10,274,,46.1598,5.65205,Plein jour,Hors agglomération,Intersection en T,Normale,Trois véhicules et plus - collisions multiples,,,,,,,,,,,1,1,3,1.0,5
201200018692,0012-07-10 09:45:00,12,7,10,9,45,10,267,,46.1876,5.5235,Plein jour,En agglomération,Intersection en X,Normale,Deux véhicules - frontale,,,,,,,,,,,1,2,2,1.0,1
201200018693,0012-12-20 13:00:00,12,12,20,13,0,10,269,Avenue docteur GREZEL,,,Plein jour,En agglomération,Hors intersection,Pluie légère,Deux véhicules - frontale,,,,,,,,,,,1,2,1,2.0,1
201200018694,0012-05-10 09:45:00,12,5,10,9,45,10,441,156 RUE DES ECOLES,46.0915,5.54225,Plein jour,En agglomération,Hors intersection,Normale,Deux véhicules - côté,,,,,,,,,,,1,2,1,1.0,3
201200018695,0012-07-29 18:45:00,12,7,29,18,45,10,80,,,,Plein jour,Hors agglomération,Hors intersection,Normale,Autre collision,,,,,,,,,,,1,1,1,1.0,6
201200018696,0012-01-16 08:45:00,12,1,16,8,45,10,56,,46.0248,5.44506,Plein jour,Hors agglomération,Hors intersection,Temps couvert,Deux véhicules - frontale,,,,,,,,,,,1,1,1,8.0,1
201200018697,0012-09-16 11:00:00,12,9,16,11,0,10,68,,,,Plein jour,Hors agglomération,Hors intersection,Normale,Sans collision,,,,,,,,,,,1,1,1,1.0,7
201200018698,0012-07-02 13:00:00,12,7,2,13,0,10,75,,46.0222,4.78481,Plein jour,Hors agglomération,Intersection en X,Normale,Deux véhicules - frontale,,,,,,,,,,,1,1,2,1.0,1
201200018699,0012-07-11 13:00:00,12,7,11,13,0,10,443,,,,Plein jour,En agglomération,Hors intersection,Normale,Deux véhicules - arrière,,,,,,,,,,,1,2,1,1.0,2
201200018700,0012-07-23 18:55:00,12,7,23,18,55,10,446,,46.0178,4.83888,Plein jour,En agglomération,Intersection en X,Normale,Deux véhicules - côté,,,,,,,,,,,1,2,2,1.0,3
201200018701,0012-07-27 07:45:00,12,7,27,7,45,10,75,,46.0276,4.78199,Plein jour,Hors agglomération,Hors intersection,Normale,Deux véhicules - frontale,,,,,,,,,,,1,1,1,1.0,1
201200018702,0012-12-01 01:45:00,12,12,1,1,45,10,262,,45.906,4.965,Nuit sans éclairage public,Hors agglomération,Hors intersection,Brouillard / fumée,Autre collision,,,,,,,,,,,3,1,1,5.0,6
201200018703,0012-12-01 20:45:00,12,12,1,20,45,10,5,,46.013,4.902,Nuit sans éclairage public,Hors agglomération,Hors intersection,Autre,Deux véhicules - arrière,,,,,,,,,,,3,1,1,9.0,2
201200018704,0012-01-10 23:40:00,12,1,10,23,40,10,225,,46.0659,4.7719,Nuit sans éclairage public,Hors agglomération,Hors intersection,Normale,Sans collision,,,,,,,,,,,3,1,1,1.0,7
201200018705,0012-02-14 07:30:00,12,2,14,7,30,10,225,"""LES GRANDES TERRES""",46.0583,4.76909,Crépuscule ou aube,Hors agglomération,Hors intersection,Neige / grêle,Trois véhicules et plus - collisions multiples,,,,,,,,,,,2,1,1,4.0,5
201200018706,0012-07-06 18:00:00,12,7,6,18,0,10,263,,46.0719,4.7702,Plein jour,En agglomération,Hors intersection,Normale,Trois véhicules et plus - en chaîne,,,,,,,,,,,1,2,1,1.0,4
201200018707,0012-02-29 12:45:00,12,2,29,12,45,150,140,,44.951,2.431,Plein jour,Hors agglomération,Hors intersection,Normale,Deux véhicules - côté,,,,,,,,,,,1,1,1,1.0,3
201200018708,0012-04-11 23:30:00,12,4,11,23,30,150,267,Bessanès,44.931,2.355,Nuit sans éclairage public,Hors agglomération,Hors intersection,Pluie légère,Autre collision,,,,,,,,,,,3,1,1,2.0,6
201200018709,0012-06-02 09:30:00,12,6,2,9,30,150,135,,44.999,2.166,Plein jour,Hors agglomération,Hors intersection,Normale,Deux véhicules - frontale,,,,,,,,,,,1,1,1,1.0,1
201200018710,0012-08-09 20:00:00,12,8,9,20,0,150,204,,,,Plein jour,Hors agglomération,Hors intersection,Normale,Sans collision,,,,,,,,,,,1,1,1,1.0,7
201200018711,0012-08-09 17:30:00,12,8,9,17,30,150,83,RD 922,,,Plein jour,En agglomération,Hors intersection,Temps éblouissant,Autre collision,,,,,,,,,,,1,2,1,7.0,6
201200018712,0012-01-12 12:45:00,12,1,12,12,45,150,166,,44.861,2.175,Plein jour,Hors agglomération,Hors intersection,Normale,Deux véhicules - côté,,,,,,,,,,,1,1,1,1.0,3
201200018713,0012-05-05 14:45:00,12,5,5,14,45,150,196,Bourroergues,,,Plein jour,Hors agglomération,Hors intersection,Normale,Autre collision,,,,,,,,,,,1,1,1,1.0,6
201200018714,0012-09-08 17:30:00,12,9,8,17,30,150,28,,44.901,2.556,Plein jour,Hors agglomération,Hors intersection,Normale,Autre collision,,,,,,,,,,,1,1,1,1.0,6
201200018715,0012-09-16 14:00:00,12,9,16,14,0,150,215,,,,Plein jour,Hors agglomération,Hors intersection,Normale,Sans collision,,,,,,,,,,,1,1,1,1.0,7
201200018716,0012-09-20 20:50:00,12,9,20,20,50,150,266,,44.937,2.533,Nuit avec éclairage allumé,Hors agglomération,Hors intersection,Normale,Sans collision,,,,,,,,,,,5,1,1,1.0,7
201200018717,0012-10-08 12:00:00,12,10,8,12,0,150,146,,44.947,2.684,Plein jour,Hors agglomération,Hors intersection,Normale,Autre collision,,,,,,,,,,,1,1,1,1.0,6
201200018718,0012-05-24 15:30:00,12,5,24,15,30,150,40,,45.391,2.819,Plein jour,Hors agglomération,Hors intersection,Normale,Deux véhicules - frontale,,,,,,,,,,,1,1,1,1.0,1
201200018719,0012-07-29 13:00:00,12,7,29,13,0,150,54,,,,Plein jour,Hors agglomération,Hors intersection,Temps éblouissant,Sans collision,,,,,,,,,,,1,1,1,7.0,7
201200018720,0012-02-05 01:30:00,12,2,5,1,30,150,250,,,,Nuit sans éclairage public,Hors agglomération,Hors intersection,Normale,Autre collision,,,,,,,,,,,3,1,1,1.0,6
201200018721,0012-03-02 14:00:00,12,3,2,14,0,150,265,,,,Plein jour,Hors agglomération,Hors intersection,Normale,Autre collision,,,,,,,,,,,1,1,1,1.0,6
201200018722,0012-08-12 10:30:00,12,8,12,10,30,150,265,,45.383,2.486,Plein jour,Hors agglomération,Hors intersection,Normale,Trois véhicules et plus - en chaîne,,,,,,,,,,,1,1,1,1.0,4
201200018723,0012-05-31 17:45:00,12,5,31,17,45,150,187,Allees Georges-Pompidou,45.039,3.087,Plein jour,En agglomération,Hors intersection,Normale,Autre collision,,,,,,,,,,,1,2,1,1.0,6
201200018724,0012-08-14 12:00:00,12,8,14,12,0,150,125,,45.067,3.135,Plein jour,Hors agglomération,Hors intersection,Normale,Deux véhicules - côté,,,,,,,,,,,1,1,1,1.0,3
201200018725,0012-08-09 15:00:00,12,8,9,15,0,150,73,,44.916,3.111,Plein jour,Hors agglomération,Hors intersection,Normale,Deux véhicules - côté,,,,,,,,,,,1,1,1,1.0,3
201200018726,0012-06-21 18:15:00,12,6,21,18,15,150,248,,45.048,2.916,Plein jour,Hors agglomération,Hors intersection,Normale,Deux véhicules - frontale,,,,,,,,,,,1,1,1,1.0,1
201200018727,0012-06-27 12:45:00,12,6,27,12,45,150,138,RD 3 pk57,,,Plein jour,En agglomération,Hors intersection,Normale,Deux véhicules - côté,,,,,,,,,,,1,2,1,1.0,3
201200018728,0012-10-09 19:00:00,12,10,9,19,0,150,244,,45.088,2.946,Crépuscule ou aube,Hors agglomération,Hors intersection,Normale,Autre collision,,,,,,,,,,,2,1,1,1.0,6
201200018729,0012-03-03 16:30:00,12,3,3,16,30,30,234,,,,Plein jour,Hors agglomération,Hors intersection,Normale,Sans collision,,,,,,,,,,,1,1,1,1.0,7
201200018730,0012-08-29 19:30:00,12,8,29,19,30,30,156,rue de Fradan,46.589,3.48,Crépuscule ou aube,Hors agglomération,Hors intersection,Pluie légère,Deux véhicules - côté,,,,,,,,,,,2,1,1,2.0,3
201200018731,0012-12-01 19:15:00,12,12,1,19,15,30,104,Rue Gambetta,,,Nuit avec éclairage allumé,En agglomération,Hors intersection,Normale,Autre collision,,,,,,,,,,,5,2,1,1.0,6
201200018732,0012-12-25 18:15:00,12,12,25,18,15,30,130,,,,Nuit sans éclairage public,Hors agglomération,Hors intersection,Normale,Autre collision,,,,,,,,,,,3,1,1,1.0,6
201200018733,0012-12-29 15:45:00,12,12,29,15,45,30,106,,,,Plein jour,Hors agglomération,Hors intersection,Temps éblouissant,Deux véhicules - frontale,,,,,,,,,,,1,1,1,7.0,1
201200018734,0012-01-01 03:00:00,12,1,1,3,0,30,110,,,,Nuit sans éclairage public,Hors agglomération,Hors intersection,Pluie légère,Sans collision,,,,,,,,,,,3,1,1,2.0,7
201200018735,0012-03-09 11:15:00,12,3,9,11,15,30,80,,,,Plein jour,Hors agglomération,Hors intersection,Normale,Deux véhicules - frontale,,,,,,,,,,,1,1,1,1.0,1
201200018736,0012-04-05 18:15:00,12,4,5,18,15,30,93,,,,Plein jour,Hors agglomération,Hors intersection,Normale,Deux véhicules - frontale,,,,,,,,,,,1,1,1,1.0,1
201200018737,0012-04-09 01:15:00,12,4,9,1,15,30,29,Route de Moulins,,,Nuit avec éclairage allumé,En agglomération,Intersection en T,Normale,Deux véhicules - côté,,,,,,,,,,,5,2,3,1.0,3
201200018738,0012-04-29 17:45:00,12,4,29,17,45,30,236,,,,Plein jour,Hors agglomération,Hors intersection,Normale,Deux véhicules - côté,,,,,,,,,,,1,1,1,1.0,3
201200018739,0012-07-05 19:30:00,12,7,5,19,30,30,258,,,,Plein jour,Hors agglomération,Hors intersection,Normale,Deux véhicules - frontale,,,,,,,,,,,1,1,1,1.0,1
201200018740,0012-07-06 17:15:00,12,7,6,17,15,30,29,,,,Plein jour,Hors agglomération,Hors intersection,Normale,Deux véhicules - frontale,,,,,,,,,,,1,1,1,1.0,1
201200018741,0012-07-16 22:30:00,12,7,16,22,30,30,264,RD 906  Avenue de Thiers,,,Nuit avec éclairage allumé,En agglomération,Hors intersection,Normale,Deux véhicules - côté,,,,,,,,,,,5,2,1,1.0,3
201200018742,0012-08-09 02:45:00,12,8,9,2,45,30,258,,,,Nuit sans éclairage public,Hors agglomération,Hors intersection,Normale,Autre collision,,,,,,,,,,,3,1,1,1.0,6
201200018743,0012-09-05 13:45:00,12,9,5,13,45,30,33,,,,Plein jour,Hors agglomération,Intersection en X,Normale,Deux véhicules - côté,,,,,,,,,,,1,1,2,1.0,3
201200018744,0012-05-28 12:45:00,12,5,28,12,45,30,21,01 ROUTE DE GANNAT,,,Plein jour,En agglomération,Hors intersection,Normale,Autre collision,,,,,,,,,,,1,2,1,1.0,6
201200018745,0012-06-11 10:30:00,12,6,11,10,30,30,118,avenue Jean JAURES,,,Plein jour,En agglomération,Giratoire,Normale,Autre collision,,,,,,,,,,,1,2,6,1.0,6
201200018746,0012-07-08 18:30:00,12,7,8,18,30,30,135,,,,Plein jour,Hors agglomération,Hors intersection,Normale,Deux véhicules - arrière,,,,,,,,,,,1,1,1,1.0,2
201200018747,0012-08-03 18:00:00,12,8,3,18,0,30,118,CHEMIN DU PUY CLERMONT,,,Plein jour,En agglomération,Intersection en X,Temps éblouissant,Deux véhicules - côté,,,,,,,,,,,1,2,2,7.0,3
201200018748,0012-08-28 19:15:00,12,8,28,19,15,30,118,Grand rue face au num 3,,,Plein jour,En agglomération,Hors intersection,Normale,Deux véhicules - arrière,,,,,,,,,,,1,2,1,1.0,2
201200018749,0012-09-30 20:45:00,12,9,30,20,45,30,30,CD 36 PK 36+0.54,,,Nuit avec éclairage non allumé,En agglomération,Intersection en X,Normale,Deux véhicules - côté,,,,,,,,,,,4,2,2,1.0,3
201200018750,0012-09-26 09:15:00,12,9,26,9,15,30,118,Place Pasteur,,,Plein jour,En agglomération,Place,Normale,Autre collision,,,,,,,,,,,1,2,7,1.0,6
201200018751,0012-10-10 18:00:00,12,10,10,18,0,30,107,ROUTE DE VICQ,,,Plein jour,En agglomération,Hors intersection,Autre,Deux véhicules - frontale,,,,,,,,,,,1,2,1,9.0,1
201200018752,0012-11-11 22:45:00,12,11,11,22,45,30,109,,,,Nuit sans éclairage public,Hors agglomération,Hors intersection,Normale,Autre collision,,,,,,,,,,,3,1,1,1.0,6
201200018753,0012-11-29 13:45:00,12,11,29,13,45,30,252,,,,Plein jour,Hors agglomération,Hors intersection,Normale,Autre collision,,,,,,,,,,,1,1,1,1.0,6
201200018754,0012-05-26 16:30:00,12,5,26,16,30,30,131,,46.146,3.65,Plein jour,Hors agglomération,Hors intersection,Normale,Sans collision,,,,,,,,,,,1,1,1,1.0,7
201200018755,0012-06-16 01:45:00,12,6,16,1,45,30,250,,,,Nuit sans éclairage public,Hors agglomération,Hors intersection,Normale,Autre collision,,,,,,,,,,,3,1,1,1.0,6
201200018756,0012-09-29 15:30:00,12,9,29,15,30,30,254,boulevard Ledru Rollin,46.313,3.29,Plein jour,En agglomération,Hors intersection,Normale,Autre collision,,,,,,,,,,,1,2,1,1.0,6
201200018757,0012-01-25 15:30:00,12,1,25,15,30,840,9,,,,Plein jour,Hors agglomération,Hors intersection,Normale,Deux véhicules - côté,,,,,,,,,,,1,1,1,1.0,3
201200018758,0012-07-06 04:15:00,12,7,6,4,15,840,14,,,,Nuit sans éclairage public,Hors agglomération,Hors intersection,Normale,Sans collision,,,,,,,,,,,3,1,1,1.0,7
201200018759,0012-04-03 10:00:00,12,4,3,10,0,840,123,,,,Plein jour,Hors agglomération,Hors intersection,Normale,Sans collision,,,,,,,,,,,1,1,1,1.0,7
201200018760,0012-05-12 19:30:00,12,5,12,19,30,840,72,,44.065,5.089,Plein jour,Hors agglomération,Hors intersection,Normale,Autre collision,,,,,,,,,,,1,1,1,1.0,6
201200018761,0012-06-30 19:45:00,12,6,30,19,45,840,82,,,,Plein jour,Hors agglomération,Hors intersection,Normale,Autre collision,,,,,,,,,,,1,1,1,1.0,6
201200018762,0012-07-10 15:00:00,12,7,10,15,0,840,79,,,,Plein jour,Hors agglomération,Hors intersection,Normale,Sans collision,,,,,,,,,,,1,1,1,1.0,7
201200018763,0012-07-28 13:30:00,12,7,28,13,30,840,107,,,,Plein jour,En agglomération,Hors intersection,Normale,Sans collision,,,,,,,,,,,1,2,1,1.0,7
201200018764,0012-09-15 15:00:00,12,9,15,15,0,840,79,,,,Plein jour,Hors agglomération,Hors intersection,Normale,Autre collision,,,,,,,,,,,1,1,1,1.0,6
201200018765,0012-03-26 18:30:00,12,3,26,18,30,20,46,,49.62174,3.62188,Plein jour,Hors agglomération,Intersection en X,Temps éblouissant,Deux véhicules - côté,,,,,,,,,,,1,1,2,7.0,3
201200018766,0012-04-30 20:45:00,12,4,30,20,45,20,261,,,,Crépuscule ou aube,Hors agglomération,Hors intersection,Normale,Sans collision,,,,,,,,,,,2,1,1,1.0,7
201200018767,0012-06-08 19:30:00,12,6,8,19,30,20,468,7 rue des moulins,49.74163,3.77131,Plein jour,En agglomération,Hors intersection,Pluie légère,Sans collision,,,,,,,,,,,1,2,1,2.0,7
201200018768,0012-06-09 02:30:00,12,6,9,2,30,20,238,ruelle hermance belseur,49.60375,3.51358,Nuit sans éclairage public,En agglomération,Hors intersection,Normale,Autre collision,,,,,,,,,,,3,2,1,1.0,6
201200018769,0012-07-18 17:30:00,12,7,18,17,30,20,48,,,,Plein jour,Hors agglomération,Intersection en T,Normale,Deux véhicules - côté,,,,,,,,,,,1,1,3,1.0,3
201200018770,0012-02-10 06:00:00,12,2,10,6,0,20,336,,,,Crépuscule ou aube,Hors agglomération,Hors intersection,Brouillard / fumée,Deux véhicules - frontale,,,,,,,,,,,2,1,1,5.0,1
201200018771,0012-04-25 21:30:00,12,4,25,21,30,20,492,,,,Nuit sans éclairage public,Hors agglomération,Hors intersection,Normale,Deux véhicules - frontale,,,,,,,,,,,3,1,1,1.0,1
201200018772,0012-06-08 08:00:00,12,6,8,8,0,20,173,,,,Plein jour,Hors agglomération,Hors intersection,Normale,Deux véhicules - frontale,,,,,,,,,,,1,1,1,1.0,1
201200018773,0012-06-15 06:45:00,12,6,15,6,45,20,173,rue anciens combattants,49.61946,3.20616,Crépuscule ou aube,En agglomération,Hors intersection,Pluie forte,Autre collision,,,,,,,,,,,2,2,1,3.0,6
201200018774,0012-07-20 23:30:00,12,7,20,23,30,20,335,20 residence Sully,49.63397,3.42437,Nuit sans éclairage public,En agglomération,Hors intersection,Normale,Autre collision,,,,,,,,,,,3,2,1,1.0,6
201200018775,0012-08-16 07:30:00,12,8,16,7,30,20,173,CHEMIN DU ROQUIS,49.63183,3.22315,Plein jour,En agglomération,Intersection en T,Normale,Deux véhicules - côté,,,,,,,,,,,1,2,3,1.0,3
201200018776,0012-10-02 16:00:00,12,10,2,16,0,20,173,Rue Paul Doumer,49.61913,3.22555,Plein jour,En agglomération,Hors intersection,Normale,Deux véhicules - côté,,,,,,,,,,,1,2,1,1.0,3
201200018777,0012-10-16 18:10:00,12,10,16,18,10,20,173,,,,Plein jour,Hors agglomération,Intersection en T,Normale,Deux véhicules - côté,,,,,,,,,,,1,1,3,1.0,3
201200018778,0012-11-29 17:15:00,12,11,29,17,15,20,173,Rue Andre Ternynck,49.62597,3.21263,Crépuscule ou aube,En agglomération,Giratoire,Normale,Autre collision,,,,,,,,,,,2,2,6,1.0,6
201200018779,0012-12-18 08:15:00,12,12,18,8,15,20,173,90 RUE JEAN JAURES,49.61681,3.22673,Plein jour,En agglomération,Hors intersection,Pluie forte,Autre collision,,,,,,,,,,,1,2,1,3.0,6
201200018780,0012-08-17 20:15:00,12,8,17,20,15,20,671,,,,Plein jour,Hors agglomération,Hors intersection,Normale,Deux véhicules - frontale,,,,,,,,,,,1,1,1,1.0,1
201200018781,0012-02-06 06:40:00,12,2,6,6,40,20,33,,,,Nuit sans éclairage public,Hors agglomération,Hors intersection,Normale,Deux véhicules - frontale,,,,,,,,,,,3,1,1,1.0,1
201200018782,0012-02-20 12:55:00,12,2,20,12,55,20,215,,,,Plein jour,Hors agglomération,Hors intersection,Normale,Deux véhicules - frontale,,,,,,,,,,,1,1,1,1.0,1
201200018783,0012-02-20 14:20:00,12,2,20,14,20,20,475,,,,Plein jour,Hors agglomération,Intersection en T,Normale,Deux véhicules - frontale,,,,,,,,,,,1,1,3,1.0,1
201200018784,0012-06-05 19:45:00,12,6,5,19,45,20,803,,,,Plein jour,Hors agglomération,Hors intersection,Normale,Deux véhicules - frontale,,,,,,,,,,,1,1,1,1.0,1
201200018785,0012-04-08 12:45:00,12,4,8,12,45,20,748,,,,Plein jour,Hors agglomération,Hors intersection,Normale,Autre collision,,,,,,,,,,,1,1,1,1.0,6
201200018786,0012-05-31 15:30:00,12,5,31,15,30,20,228,,,,Plein jour,Hors agglomération,Intersection en T,Normale,Deux véhicules - côté,,,,,,,,,,,1,1,3,1.0,3
201200018787,0012-01-20 20:15:00,12,1,20,20,15,20,512,,,,Nuit sans éclairage public,Hors agglomération,Hors intersection,Pluie légère,Sans collision,,,,,,,,,,,3,1,1,2.0,7
201200018788,0012-12-27 17:45:00,12,12,27,17,45,20,307,45 rue de la Chaussee,49.17866,3.12487,Nuit avec éclairage allumé,En agglomération,Hors intersection,Pluie légère,Autre collision,,,,,,,,,,,5,2,1,2.0,6