accident_id,datetime,annee,mois,jour,heure,minute,departement,commune_insee,adresse,latitude,longitude,luminosite,agglomeration,intersection,meteo,collision,nb_vehicules,nb_usagers,nb_indemnes,nb_tues,nb_blesses_hosp,nb_blesses_legers,age_cond_1,age_cond_2,veh_type_cond_1,veh_type_cond_2,lum_code,agg_code,int_code,atm_code,col_code
201200018924,0012-09-09 04:15:00,12,9,9,4,15,310,317,,,,Nuit sans éclairage public,Hors agglomération,Hors intersection,Normale,Autre collision,,,,,,,,,,,3,1,1,1.0,6
201200018925,0012-01-01 05:45:00,12,1,1,5,45,310,499,ave famille lecharpe,43.52945,1.17181,Nuit sans éclairage public,Hors agglomération,Hors intersection,Pluie légère,Autre collision,,,,,,,,,,,3,1,1,2.0,6
201200018926,0012-06-07 09:00:00,12,6,7,9,0,310,101,,,,Plein jour,Hors agglomération,Intersection en X,Normale,Deux véhicules - côté,,,,,,,,,,,1,1,2,1.0,3
201200018927,0012-10-11 03:00:00,12,10,11,3,0,310,424,RD632/Rte de Fronton,43.55668,1.27511,Nuit sans éclairage public,En agglomération,Hors intersection,Normale,Autre collision,,,,,,,,,,,3,2,1,1.0,6
201200018928,0012-10-09 09:45:00,12,10,9,9,45,310,424,6 rue de bourgogne,43.56323,1.28633,Plein jour,En agglomération,Hors intersection,Normale,Deux véhicules - côté,,,,,,,,,,,1,2,1,1.0,3
201200018929,0012-10-05 02:30:00,12,10,5,2,30,310,8,,,,Nuit sans éclairage public,Hors agglomération,Hors intersection,Temps couvert,Sans collision,,,,,,,,,,,3,1,1,8.0,7
201200018930,0012-04-22 03:00:00,12,4,22,3,0,310,523,ave de st girons,43.09791,0.95816,Nuit avec éclairage non allumé,Hors agglomération,Hors intersection,Temps couvert,Autre collision,,,,,,,,,,,4,1,1,8.0,6
201200018931,0012-09-09 13:00:00,12,9,9,13,0,290,8,,48.06163,-4.52255,Plein jour,Hors agglomération,Intersection en X,Temps couvert,Deux véhicules - côté,,,,,,,,,,,1,1,2,8.0,3
201200018932,0012-07-04 08:30:00,12,7,4,8,30,290,165,,47.83829,-4.22748,Plein jour,Hors agglomération,Hors intersection,Normale,Deux véhicules - frontale,,,,,,,,,,,1,1,1,1.0,1
201200018933,0012-02-23 23:15:00,12,2,23,23,15,290,61,,48.45226,-4.44886,Nuit sans éclairage public,Hors agglomération,Hors intersection,Brouillard / fumée,Autre collision,,,,,,,,,,,3,1,1,5.0,6
201200018934,0012-03-09 01:30:00,12,3,9,1,30,290,75,,48.41763,-4.43097,Nuit avec éclairage allumé,En agglomération,Hors intersection,Pluie légère,Autre collision,,,,,,,,,,,5,2,1,2.0,6
201200018935,0012-03-13 12:45:00,12,3,13,12,45,290,75,,48.43453,-4.35936,Plein jour,Hors agglomération,Hors intersection,Normale,Deux véhicules - côté,,,,,,,,,,,1,1,1,1.0,3
201200018936,0012-04-18 19:00:00,12,4,18,19,0,290,75,Rue du pont neuf,48.41177,-4.45309,Plein jour,En agglomération,Hors intersection,Pluie forte,Deux véhicules - côté,,,,,,,,,,,1,2,1,3.0,3
201200018937,0012-07-29 06:30:00,12,7,29,6,30,290,75,,48.43555,-4.39618,Crépuscule ou aube,Hors agglomération,Hors intersection,Normale,Deux véhicules - côté,,,,,,,,,,,2,1,1,1.0,3
201200018938,0012-08-31 16:45:00,12,8,31,16,45,290,75,,48.4189,-4.43871,Plein jour,Hors agglomération,Giratoire,Normale,Deux véhicules - côté,,,,,,,,,,,1,1,6,1.0,3
201200018939,0012-09-22 21:45:00,12,9,22,21,45,290,235,route de Kerscao,48.40244,-4.40096,Nuit avec éclairage allumé,En agglomération,Hors intersection,Normale,Deux véhicules - côté,,,,,,,,,,,5,2,1,1.0,3
201200018940,0012-11-03 17:00:00,12,11,3,17,0,290,75,,48.42768,-4.37067,Plein jour,Hors agglomération,Hors intersection,Normale,Deux véhicules - côté,,,,,,,,,,,1,1,1,1.0,3
201200018941,0012-12-21 15:00:00,12,12,21,15,0,290,61,,48.44397,-4.45685,Plein jour,Hors agglomération,Giratoire,Temps couvert,Deux véhicules - côté,,,,,,,,,,,1,1,6,8.0,3
201200018942,0012-02-26 09:15:00,12,2,26,9,15,290,117,rue du lin,48.57929,-4.52219,Plein jour,En agglomération,Giratoire,Normale,Deux véhicules - côté,,,,,,,,,,,1,2,6,1.0,3
201200018943,0012-04-07 22:45:00,12,4,7,22,45,290,160,,48.47587,-4.39425,Nuit sans éclairage public,Hors agglomération,Hors intersection,Normale,Autre collision,,,,,,,,,,,3,1,1,1.0,6
201200018944,0012-05-11 22:30:00,12,5,11,22,30,290,117,rue de la Lib?ration,48.5708,-4.5141,Nuit avec éclairage allumé,En agglomération,Intersection en X,Normale,Deux véhicules - côté,,,,,,,,,,,5,2,2,1.0,3
201200018945,0012-08-15 14:45:00,12,8,15,14,45,290,195,,48.60514,-4.50022,Plein jour,Hors agglomération,Hors intersection,Vent fort / tempête,Deux véhicules - arrière,,,,,,,,,,,1,1,1,6.0,2
201200018946,0012-09-19 19:30:00,12,9,19,19,30,290,209,,48.54535,-4.50466,Plein jour,Hors agglomération,Hors intersection,Normale,Deux véhicules - frontale,,,,,,,,,,,1,1,1,1.0,1
201200018947,0012-09-24 16:30:00,12,9,24,16,30,290,101,CD128A,48.58589,-4.56786,Plein jour,En agglomération,Hors intersection,Pluie légère,Deux véhicules - côté,,,,,,,,,,,1,2,1,2.0,3
201200018948,0012-10-28 23:00:00,12,10,28,23,0,290,117,,48.56862,-4.50653,Nuit sans éclairage public,Hors agglomération,Hors intersection,Normale,Deux véhicules - frontale,,,,,,,,,,,3,1,1,1.0,1
201200018949,0012-10-28 15:15:00,12,10,28,15,15,290,100,,48.57131,-4.39807,Plein jour,Hors agglomération,Intersection en X,Normale,Deux véhicules - côté,,,,,,,,,,,1,1,2,1.0,3
201200018950,0012-11-08 16:15:00,12,11,8,16,15,290,47,,48.51572,-4.3759,Plein jour,Hors agglomération,Hors intersection,Temps éblouissant,Autre collision,,,,,,,,,,,1,1,1,7.0,6
201200018951,0012-04-15 13:30:00,12,4,15,13,30,290,177,CD 28,48.43371,-4.73103,Plein jour,En agglomération,Hors intersection,Normale,Deux véhicules - côté,,,,,,,,,,,1,2,1,1.0,3
201200018952,0012-07-16 22:15:00,12,7,16,22,15,290,240,,48.28509,-4.21494,Nuit sans éclairage public,Hors agglomération,Hors intersection,Normale,Deux véhicules - frontale,,,,,,,,,,,3,1,1,1.0,1
201200018953,0012-05-18 16:30:00,12,5,18,16,30,290,152,,48.22895,-3.58735,Plein jour,Hors agglomération,Hors intersection,Normale,Deux véhicules - frontale,,,,,,,,,,,1,1,1,1.0,1
201200018954,0012-01-01 10:45:00,12,1,1,10,45,290,102,,48.23518,-3.73004,Plein jour,Hors agglomération,Hors intersection,Pluie légère,Autre collision,,,,,,,,,,,1,1,1,2.0,6
201200018955,0012-01-14 11:00:00,12,1,14,11,0,290,162,Penn-Ar-Prat,48.20432,-3.98214,Plein jour,Hors agglomération,Hors intersection,Normale,Autre collision,,,,,,,,,,,1,1,1,1.0,6
201200018956,0012-07-08 14:30:00,12,7,8,14,30,290,16,,48.33693,-3.93892,Plein jour,Hors agglomération,Hors intersection,Normale,Deux véhicules - frontale,,,,,,,,,,,1,1,1,1.0,1
201200018957,0012-08-30 18:45:00,12,8,30,18,45,290,62,,48.16919,-3.95392,Plein jour,Hors agglomération,Hors intersection,Temps éblouissant,Deux véhicules - frontale,,,,,,,,,,,1,1,1,7.0,1
201200018958,0012-09-02 05:30:00,12,9,2,5,30,290,122,,48.14152,-3.829,Nuit sans éclairage public,Hors agglomération,Hors intersection,Normale,Autre collision,,,,,,,,,,,3,1,1,1.0,6
201200018959,0012-08-28 14:00:00,12,8,28,14,0,290,251,,48.64616,-3.72228,Plein jour,Hors agglomération,Hors intersection,Normale,Deux véhicules - côté,,,,,,,,,,,1,1,1,1.0,3
201200018960,0012-01-08 03:45:00,12,1,8,3,45,290,259,Rue de PLOUENAN,48.67393,-3.98842,Nuit avec éclairage allumé,En agglomération,Hors intersection,Normale,Autre collision,,,,,,,,,,,5,2,1,1.0,6
201200018961,0012-01-28 15:45:00,12,1,28,15,45,290,259,,48.6855,-3.9871,Plein jour,En agglomération,Autre intersection,Normale,Autre collision,,,,,,,,,,,1,2,9,1.0,6
201200018962,0012-02-01 13:30:00,12,2,1,13,30,290,259,,48.68771,-3.99131,Plein jour,Hors agglomération,Hors intersection,Vent fort / tempête,Trois véhicules et plus - collisions multiples,,,,,,,,,,,1,1,1,6.0,5
201200018963,0012-02-05 01:00:00,12,2,5,1,0,290,30,,48.67666,-4.13888,Nuit sans éclairage public,Hors agglomération,Hors intersection,Pluie forte,Autre collision,,,,,,,,,,,3,1,1,3.0,6
201200018964,0012-03-25 17:45:00,12,3,25,17,45,290,273,route de Poulmavic,48.70973,-4.01847,Plein jour,En agglomération,Hors intersection,Normale,Sans collision,,,,,,,,,,,1,2,1,1.0,7
201200018965,0012-04-04 06:45:00,12,4,4,6,45,290,273,route de Poulmavic,48.71035,-4.0194,Nuit sans éclairage public,En agglomération,Hors intersection,Normale,Sans collision,,,,,,,,,,,3,2,1,1.0,7
201200018966,0012-06-24 05:30:00,12,6,24,5,30,290,79,,48.64734,-3.9438,Nuit sans éclairage public,Hors agglomération,Hors intersection,Pluie forte,Deux véhicules - côté,,,,,,,,,,,3,1,1,3.0,3
201200018967,0012-06-30 00:30:00,12,6,30,0,30,290,68,,48.54376,-4.01728,Nuit sans éclairage public,Hors agglomération,Hors intersection,Pluie légère,Deux véhicules - frontale,,,,,,,,,,,3,1,1,2.0,1
201200018968,0012-07-05 08:15:00,12,7,5,8,15,290,259,rue de la place du march,48.68623,-3.98667,Plein jour,En agglomération,Hors intersection,Normale,Autre collision,,,,,,,,,,,1,2,1,1.0,6
201200018969,0012-12-21 08:00:00,12,12,21,8,0,290,259,,48.70225,-3.98921,Nuit sans éclairage public,Hors agglomération,Hors intersection,Pluie légère,Deux véhicules - frontale,,,,,,,,,,,3,1,1,2.0,1
201200018970,0012-03-24 11:15:00,12,3,24,11,15,290,233,D765 58 RUE DE LORIENT,47.86788,-3.53703,Plein jour,En agglomération,Hors intersection,Normale,Deux véhicules - côté,,,,,,,,,,,1,2,1,1.0,3
201200018971,0012-07-17 15:30:00,12,7,17,15,30,290,233,,47.86524,-3.51597,Plein jour,Hors agglomération,Hors intersection,Normale,Deux véhicules - côté,,,,,,,,,,,1,1,1,1.0,3
201200018972,0012-09-08 12:00:00,12,9,8,12,0,290,234,,47.84248,-3.4985,Plein jour,Hors agglomération,Hors intersection,Normale,Deux véhicules - arrière,,,,,,,,,,,1,1,1,1.0,2
201200018973,0012-01-10 17:45:00,12,1,10,17,45,290,153,,47.83209,-3.80052,Nuit sans éclairage public,Hors agglomération,Hors intersection,Normale,Deux véhicules - frontale,,,,,,,,,,,3,1,1,1.0,1
201200018974,0012-03-30 12:00:00,12,3,30,12,0,290,217,,47.87518,-3.77263,Plein jour,Hors agglomération,Intersection en T,Normale,Deux véhicules - côté,,,,,,,,,,,1,1,3,1.0,3
201200018975,0012-05-12 12:00:00,12,5,12,12,0,290,150,,47.78597,-3.63927,Plein jour,Hors agglomération,Hors intersection,Normale,Sans collision,,,,,,,,,,,1,1,1,1.0,7
201200018976,0012-08-07 15:45:00,12,8,7,15,45,290,153,rue de l atlantique,47.82536,-3.79559,Plein jour,En agglomération,Hors intersection,Normale,Deux véhicules - arrière,,,,,,,,,,,1,2,1,1.0,2
201200018977,0012-09-08 17:15:00,12,9,8,17,15,290,236,,47.84663,-3.71538,Plein jour,Hors agglomération,Hors intersection,Normale,Deux véhicules - côté,,,,,,,,,,,1,1,1,1.0,3
201200018978,0012-11-07 15:45:00,12,11,7,15,45,290,217,,47.83321,-3.68097,Plein jour,Hors agglomération,Hors intersection,Normale,Deux véhicules - frontale,,,,,,,,,,,1,1,1,1.0,1
201200018979,0012-07-27 12:30:00,12,7,27,12,30,290,241,,47.94502,-3.77118,Plein jour,Hors agglomération,Hors intersection,Normale,Deux véhicules - côté,,,,,,,,,,,1,1,1,1.0,3
201200018980,0012-02-19 15:30:00,12,2,19,15,30,340,154,,43.55754,4.01978,Plein jour,Hors agglomération,Hors intersection,Normale,Deux véhicules - arrière,,,,,,,,,,,1,1,1,1.0,2
201200018981,0012-04-14 04:30:00,12,4,14,4,30,340,192,,43.53579,3.94535,Nuit sans éclairage public,Hors agglomération,Hors intersection,Normale,Autre collision,,,,,,,,,,,3,1,1,1.0,6
201200018982,0012-04-18 15:00:00,12,4,18,15,0,340,192,,43.53241,3.91901,Plein jour,Hors agglomération,Intersection en X,Normale,Deux véhicules - côté,,,,,,,,,,,1,1,2,1.0,3
201200018983,0012-06-04 17:00:00,12,6,4,17,0,340,192,CD 986,,,Plein jour,En agglomération,Intersection en T,Normale,Deux véhicules - côté,,,,,,,,,,,1,2,3,1.0,3
201200018984,0012-06-16 00:01:00,12,6,16,0,1,340,192,,43.54,3.944,Nuit sans éclairage public,Hors agglomération,Hors intersection,Normale,Autre collision,,,,,,,,,,,3,1,1,1.0,6
201200018985,0012-06-28 16:30:00,12,6,28,16,30,340,926,CD 62,,,Plein jour,En agglomération,Hors intersection,Normale,Autre collision,,,,,,,,,,,1,2,1,1.0,6
201200018986,0012-07-07 22:00:00,12,7,7,22,0,340,154,rue du grau,43.55,3.975,Nuit avec éclairage allumé,En agglomération,Hors intersection,Normale,Autre collision,,,,,,,,,,,5,2,1,1.0,6
201200018987,0012-08-02 16:30:00,12,8,2,16,30,340,154,AVENUE GRASSION CIBRAND,43.54963,3.99582,Plein jour,En agglomération,Hors intersection,Normale,Deux véhicules - côté,,,,,,,,,,,1,2,1,1.0,3
201200018988,0012-08-03 19:15:00,12,8,3,19,15,340,192,avenue st maurice,43.54098,3.96711,Plein jour,En agglomération,Hors intersection,Normale,Deux véhicules - côté,,,,,,,,,,,1,2,1,1.0,3
201200018989,0012-09-03 10:00:00,12,9,3,10,0,340,192,,43.54,3.91,Plein jour,Hors agglomération,Hors intersection,Normale,Deux véhicules - frontale,,,,,,,,,,,1,1,1,1.0,1
201200018990,0012-09-23 16:45:00,12,9,23,16,45,340,192,parking municipal aerien,43.53271,3.92726,Plein jour,En agglomération,Hors intersection,Normale,Autre collision,,,,,,,,,,,1,2,1,1.0,6
201200018991,0012-09-25 08:30:00,12,9,25,8,30,350,177,Rue de Texue,48.21422,-1.75483,Plein jour,En agglomération,Hors intersection,Temps éblouissant,Deux véhicules - arrière,,,,,,,,,,,1,2,1,7.0,2
201200018992,0012-12-12 11:00:00,12,12,12,11,0,350,130,rue de texue,,,Plein jour,En agglomération,Hors intersection,Autre,Autre collision,,,,,,,,,,,1,2,1,9.0,6
201200018993,0012-01-16 20:45:00,12,1,16,20,45,350,258,,48.3033,-1.82939,Nuit sans éclairage public,Hors agglomération,Hors intersection,Normale,Deux véhicules - arrière,,,,,,,,,,,3,1,1,1.0,2
201200018994,0012-03-14 13:15:00,12,3,14,13,15,350,158,,48.21639,-1.9776,Plein jour,Hors agglomération,Hors intersection,Temps éblouissant,Deux véhicules - frontale,,,,,,,,,,,1,1,1,7.0,1
201200018995,0012-03-15 17:00:00,12,3,15,17,0,350,26,,48.1122,-2.10589,Plein jour,Hors agglomération,Hors intersection,Normale,Autre collision,,,,,,,,,,,1,1,1,1.0,6
201200018996,0012-03-17 20:45:00,12,3,17,20,45,350,184,,48.20999,-2.07918,Nuit sans éclairage public,Hors agglomération,Hors intersection,Normale,Autre collision,,,,,,,,,,,3,1,1,1.0,6
201200018997,0012-07-14 16:45:00,12,7,14,16,45,350,58,,48.27304,-1.85358,Plein jour,En agglomération,Hors intersection,Normale,Sans collision,,,,,,,,,,,1,2,1,1.0,7
201200018998,0012-08-02 12:15:00,12,8,2,12,15,350,297,,48.193,-2.208,Plein jour,En agglomération,Hors intersection,Normale,Deux véhicules - arrière,,,,,,,,,,,1,2,1,1.0,2
201200018999,0012-09-22 23:00:00,12,9,22,23,0,350,307,,48.27905,-1.97435,Nuit sans éclairage public,Hors agglomération,Hors intersection,Normale,Sans collision,,,,,,,,,,,3,1,1,1.0,7
201200019000,0012-06-15 12:45:00,12,6,15,12,45,350,169,,47.98123,-1.97066,Plein jour,Hors agglomération,Hors intersection,Normale,Deux véhicules - frontale,,,,,,,,,,,1,1,1,1.0,1
201200019001,0012-08-02 06:30:00,12,8,2,6,30,350,223,,47.94652,-2.0986,Plein jour,Hors agglomération,Hors intersection,Normale,Autre collision,,,,,,,,,,,1,1,1,1.0,6
201200019002,0012-12-17 07:45:00,12,12,17,7,45,350,223,,47.9916,-2.08902,Crépuscule ou aube,Hors agglomération,Intersection en T,Pluie légère,Deux véhicules - frontale,,,,,,,,,,,2,1,3,2.0,1
201200019003,0012-12-20 19:30:00,12,12,20,19,30,350,331,,48.09263,-1.95366,Nuit sans éclairage public,Hors agglomération,Hors intersection,Temps couvert,Sans collision,,,,,,,,,,,3,1,1,8.0,7
201200019004,0012-09-23 11:45:00,12,9,23,11,45,350,249,,47.749,-1.814,Plein jour,Hors agglomération,Hors intersection,Normale,Autre collision,,,,,,,,,,,1,1,1,1.0,6
201200019005,0012-01-07 09:45:00,12,1,7,9,45,350,132,,48.58382,-1.78753,Plein jour,Hors agglomération,Hors intersection,Normale,Deux véhicules - frontale,,,,,,,,,,,1,1,1,1.0,1
201200019006,0012-03-11 15:45:00,12,3,11,15,45,350,299,,48.64297,-1.89219,Plein jour,En agglomération,Hors intersection,Normale,Autre collision,,,,,,,,,,,1,2,1,1.0,6
201200019007,0012-05-22 19:30:00,12,5,22,19,30,350,284,,48.60676,-1.95422,Plein jour,Hors agglomération,Hors intersection,Normale,Deux véhicules - frontale,,,,,,,,,,,1,1,1,1.0,1
201200019008,0012-05-27 08:45:00,12,5,27,8,45,350,263,,,,Plein jour,Hors agglomération,Hors intersection,Normale,Deux véhicules - frontale,,,,,,,,,,,1,1,1,1.0,1
201200019009,0012-06-19 17:30:00,12,6,19,17,30,350,279,,48.58589,-1.90841,Plein jour,Hors agglomération,Intersection en X,Normale,Deux véhicules - côté,,,,,,,,,,,1,1,2,1.0,3
201200019010,0012-07-15 11:00:00,12,7,15,11,0,350,299,,48.63607,-1.90679,Plein jour,En agglomération,Hors intersection,Normale,Autre collision,,,,,,,,,,,1,2,1,1.0,6
201200019011,0012-08-08 16:45:00,12,8,8,16,45,350,263,,48.68772,-1.9092,Plein jour,Hors agglomération,Intersection en Y,Normale,Deux véhicules - frontale,,,,,,,,,,,1,1,4,1.0,1
201200019012,0012-09-09 23:00:00,12,9,9,23,0,350,299,,48.64078,-1.87445,Nuit sans éclairage public,Hors agglomération,Hors intersection,Normale,Deux véhicules - arrière,,,,,,,,,,,3,1,1,1.0,2
201200019013,0012-09-25 08:45:00,12,9,25,8,45,350,299,,48.63337,-1.95012,Plein jour,Hors agglomération,Intersection en X,Normale,Deux véhicules - côté,,,,,,,,,,,1,1,2,1.0,3
201200019014,0012-10-15 14:45:00,12,10,15,14,45,350,179,,48.54468,-1.91296,Plein jour,Hors agglomération,Hors intersection,Normale,Deux véhicules - frontale,,,,,,,,,,,1,1,1,1.0,1
201200019015,0012-11-28 14:15:00,12,11,28,14,15,350,299,,,,Plein jour,Hors agglomération,Hors intersection,Normale,Deux véhicules - frontale,,,,,,,,,,,1,1,1,1.0,1
201200019016,0012-12-29 22:45:00,12,12,29,22,45,350,284,,48.59952,-1.96767,Nuit sans éclairage public,Hors agglomération,Hors intersection,Normale,Deux véhicules - arrière,,,,,,,,,,,3,1,1,1.0,2
201200019017,0012-01-16 08:30:00,12,1,16,8,30,350,95,place chateaubriand,48.55103,-1.75177,Plein jour,En agglomération,Place,Autre,Autre collision,,,,,,,,,,,1,2,7,9.0,6
201200019018,0012-05-13 09:45:00,12,5,13,9,45,350,222,,48.50761,-1.58328,Plein jour,Hors agglomération,Intersection en X,Normale,Deux véhicules - côté,,,,,,,,,,,1,1,2,1.0,3
201200019019,0012-05-23 18:00:00,12,5,23,18,0,350,222,Le Roquet,48.53919,-1.54408,Plein jour,Hors agglomération,Intersection en T,Normale,Deux véhicules - côté,,,,,,,,,,,1,1,3,1.0,3
201200019020,0012-06-16 11:15:00,12,6,16,11,15,350,95,,48.5558,-1.72312,Plein jour,Hors agglomération,Intersection en X,Normale,Deux véhicules - côté,,,,,,,,,,,1,1,2,1.0,3
201200019021,0012-12-12 19:00:00,12,12,12,19,0,350,186,,48.54983,-1.77958,Nuit sans éclairage public,Hors agglomération,Autre intersection,Normale,Deux véhicules - arrière,,,,,,,,,,,3,1,9,1.0,2
201200019022,0012-02-04 06:00:00,12,2,4,6,0,350,72,,48.24524,-1.15044,Nuit sans éclairage public,Hors agglomération,Hors intersection,Neige / grêle,Autre collision,,,,,,,,,,,3,1,1,4.0,6
201200019023,0012-03-23 10:30:00,12,3,23,10,30,350,6,,48.04263,-1.16831,Plein jour,Hors agglomération,Hors intersection,Normale,Autre collision,,,,,,,,,,,1,1,1,1.0,6
201200019024,0012-05-23 18:30:00,12,5,23,18,30,350,6,,48.0552,-1.12661,Plein jour,Hors agglomération,Intersection en T,Normale,Deux véhicules - arrière,,,,,,,,,,,1,1,3,1.0,2
201200019025,0012-06-07 23:45:00,12,6,7,23,45,350,347,,48.17208,-1.29339,Nuit sans éclairage public,Hors agglomération,Intersection en T,Normale,Autre collision,,,,,,,,,,,3,1,3,1.0,6
201200019026,0012-01-17 11:45:00,12,1,17,11,45,350,68,,48.10129,-1.44009,Plein jour,Hors agglomération,Hors intersection,Normale,Autre collision,,,,,,,,,,,1,1,1,1.0,6
201200019027,0012-01-30 12:00:00,12,1,30,12,0,350,283,,48.1174,-1.34219,Plein jour,Hors agglomération,Hors intersection,Neige / grêle,Autre collision,,,,,,,,,,,1,1,1,4.0,6
201200019028,0012-03-27 18:00:00,12,3,27,18,0,350,327,,48.11786,-1.32805,Plein jour,Hors agglomération,Intersection en T,Normale,Deux véhicules - côté,,,,,,,,,,,1,1,3,1.0,3
201200019029,0012-03-31 21:15:00,12,3,31,21,15,350,99,,48.04017,-1.52853,Nuit sans éclairage public,Hors agglomération,Hors intersection,Normale,Autre collision,,,,,,,,,,,3,1,1,1.0,6
201200019030,0012-05-22 08:30:00,12,5,22,8,30,350,161,,48.06291,-1.34298,Plein jour,Hors agglomération,Intersection en T,Normale,Deux véhicules - côté,,,,,,,,,,,1,1,3,1.0,3
201200019031,0012-06-28 13:00:00,12,6,28,13,0,350,207,rue francis monnoyeur,,,Plein jour,En agglomération,Hors intersection,Normale,Deux véhicules - frontale,,,,,,,,,,,1,2,1,1.0,1
201200019032,0012-07-16 11:00:00,12,7,16,11,0,350,264,,48.08488,-1.34405,Plein jour,Hors agglomération,Hors intersection,Normale,Autre collision,,,,,,,,,,,1,1,1,1.0,6
201200019033,0012-08-03 14:00:00,12,8,3,14,0,350,96,,48.06318,-1.36435,Plein jour,Hors agglomération,Intersection en X,Pluie forte,Autre collision,,,,,,,,,,,1,1,2,3.0,6
201200019034,0012-08-17 16:00:00,12,8,17,16,0,350,283,Rue de rennes,48.11671,-1.36443,Plein jour,En agglomération,Intersection en X,Normale,Deux véhicules - côté,,,,,,,,,,,1,2,2,1.0,3
201200019035,0012-08-29 10:45:00,12,8,29,10,45,350,204,,48.04682,-1.57746,Plein jour,Hors agglomération,Hors intersection,Normale,Deux véhicules - frontale,,,,,,,,,,,1,1,1,1.0,1
201200019036,0012-12-03 19:00:00,12,12,3,19,0,350,96,12 RUE DES ROSIERS,48.07197,-1.3975,Nuit sans éclairage public,En agglomération,Hors intersection,Pluie forte,Sans collision,,,,,,,,,,,3,2,1,3.0,7
201200019037,0012-12-04 13:30:00,12,12,4,13,30,350,39,,,,Plein jour,Hors agglomération,Intersection à plus de 4 branches,Normale,Deux véhicules - côté,,,,,,,,,,,1,1,5,1.0,3
201200019038,0012-04-20 20:15:00,12,4,20,20,15,440,158,l'alma,,,Plein jour,Hors agglomération,Intersection en X,Normale,Deux véhicules - côté,,,,,,,,,,,1,1,2,1.0,3
201200019039,0012-08-18 16:45:00,12,8,18,16,45,440,158,L'oiselais,,,Plein jour,Hors agglomération,Autre intersection,Normale,Deux véhicules - côté,,,,,,,,,,,1,1,9,1.0,3
201200019040,0012-04-14 10:15:00,12,4,14,10,15,440,144,rue des Rochettes,47.524,-1.296,Plein jour,En agglomération,Intersection en X,Normale,Deux véhicules - côté,,,,,,,,,,,1,2,2,1.0,3
201200019041,0012-06-15 20:30:00,12,6,15,20,30,440,82,,47.438,-1.369,Plein jour,Hors agglomération,Hors intersection,Normale,Autre collision,,,,,,,,,,,1,1,1,1.0,6
201200019042,0012-08-18 21:15:00,12,8,18,21,15,440,107,,,,Crépuscule ou aube,Hors agglomération,Hors intersection,Normale,Deux véhicules - côté,,,,,,,,,,,2,1,1,1.0,3
201200019043,0012-10-06 16:30:00,12,10,6,16,30,440,144,,47.522,-1.315,Plein jour,Hors agglomération,Hors intersection,Pluie forte,Autre collision,,,,,,,,,,,1,1,1,3.0,6
201200019044,0012-12-06 17:45:00,12,12,6,17,45,440,77,Rue du Bocage,47.5,-1.417,Nuit avec éclairage allumé,En agglomération,Giratoire,Normale,Deux véhicules - frontale,,,,,,,,,,,5,2,6,1.0,1
201200019045,0012-06-22 18:15:00,12,6,22,18,15,440,99,,,,Plein jour,Hors agglomération,Hors intersection,Normale,Sans collision,,,,,,,,,,,1,1,1,1.0,7
201200019046,0012-10-02 12:30:00,12,10,2,12,30,440,36,Rue de vauzelles,,,Plein jour,En agglomération,Hors intersection,Normale,Sans collision,,,,,,,,,,,1,2,1,1.0,7
201200019047,0012-02-09 23:00:00,12,2,9,23,0,440,128,la croix batard,47.547,-1.9,Nuit sans éclairage public,Hors agglomération,Hors intersection,Normale,Sans collision,,,,,,,,,,,3,1,1,1.0,7
201200019048,0012-02-27 18:00:00,12,2,27,18,0,440,15,,,,Plein jour,Hors agglomération,Intersection en X,Normale,Deux véhicules - côté,,,,,,,,,,,1,1,2,1.0,3
201200019049,0012-07-21 10:45:00,12,7,21,10,45,440,67,les ponceaux,47.62,-1.847,Plein jour,Hors agglomération,Hors intersection,Normale,Autre collision,,,,,,,,,,,1,1,1,1.0,6
201200019050,0012-07-23 11:00:00,12,7,23,11,0,440,15,bel air,,,Plein jour,Hors agglomération,Hors intersection,Normale,Deux véhicules - côté,,,,,,,,,,,1,1,1,1.0,3
201200019051,0012-06-08 08:30:00,12,6,8,8,30,440,131,,,,Plein jour,Hors agglomération,Hors intersection,Pluie légère,Sans collision,,,,,,,,,,,1,1,1,2.0,7
201200019052,0012-07-19 17:45:00,12,7,19,17,45,440,126,frenelle,,,Plein jour,Hors agglomération,Hors intersection,Normale,Deux véhicules - côté,,,,,,,,,,,1,1,1,1.0,3
201200019053,0012-10-27 18:15:00,12,10,27,18,15,440,164,,,,Plein jour,Hors agglomération,Intersection en T,Normale,Deux véhicules - côté,,,,,,,,,,,1,1,3,1.0,3
201200019054,0012-11-10 19:15:00,12,11,10,19,15,440,21,,47.061,-1.892,Nuit sans éclairage public,Hors agglomération,Hors intersection,Pluie légère,Deux véhicules - frontale,,,,,,,,,,,3,1,1,2.0,1
201200019055,0012-06-04 21:30:00,12,6,4,21,30,440,102,,47.065,-1.441,Plein jour,Hors agglomération,Hors intersection,Normale,Sans collision,,,,,,,,,,,1,1,1,1.0,7