accident_id,datetime,annee,mois,jour,heure,minute,departement,commune_insee,adresse,latitude,longitude,luminosite,agglomeration,intersection,meteo,collision,nb_vehicules,nb_usagers,nb_indemnes,nb_tues,nb_blesses_hosp,nb_blesses_legers,age_cond_1,age_cond_2,veh_type_cond_1,veh_type_cond_2,lum_code,agg_code,int_code,atm_code,col_code
201200019056,0012-07-25 11:30:00,12,7,25,11,30,440,14,le rafflay,47.137,-1.801,Plein jour,Hors agglomération,Hors intersection,Normale,Deux véhicules - frontale,,,,,,,,,,,1,1,1,1.0,1
201200019057,0012-09-24 18:00:00,12,9,24,18,0,440,216,,46.976,-1.389,Plein jour,Hors agglomération,Hors intersection,Temps couvert,Deux véhicules - frontale,,,,,,,,,,,1,1,1,8.0,1
201200019058,0012-10-20 15:45:00,12,10,20,15,45,440,173,,,,Plein jour,Hors agglomération,Hors intersection,Pluie légère,Deux véhicules - frontale,,,,,,,,,,,1,1,1,2.0,1
201200019059,0012-12-21 11:45:00,12,12,21,11,45,440,173,,,,Plein jour,Hors agglomération,Hors intersection,Normale,Deux véhicules - côté,,,,,,,,,,,1,1,1,1.0,3
201200019060,0012-04-08 05:30:00,12,4,8,5,30,440,212,,,,Nuit sans éclairage public,Hors agglomération,Hors intersection,Normale,Autre collision,,,,,,,,,,,3,1,1,1.0,6
201200019061,0012-05-10 11:15:00,12,5,10,11,15,440,29,,,,Plein jour,Hors agglomération,Intersection en X,Normale,Deux véhicules - côté,,,,,,,,,,,1,1,2,1.0,3
201200019062,0012-07-25 21:00:00,12,7,25,21,0,440,169,la pichaudière,,,Crépuscule ou aube,Hors agglomération,Hors intersection,Normale,Deux véhicules - frontale,,,,,,,,,,,2,1,1,1.0,1
201200019063,0012-09-02 00:01:00,12,9,2,0,1,440,212,,,,Nuit sans éclairage public,Hors agglomération,Hors intersection,Normale,Deux véhicules - frontale,,,,,,,,,,,3,1,1,1.0,1
201200019064,0012-09-14 12:00:00,12,9,14,12,0,440,212,,,,Plein jour,Hors agglomération,Hors intersection,Normale,Autre collision,,,,,,,,,,,1,1,1,1.0,6
201200019065,0012-09-27 22:30:00,12,9,27,22,30,440,212,,,,Nuit sans éclairage public,Hors agglomération,Hors intersection,Normale,Autre collision,,,,,,,,,,,3,1,1,1.0,6
201200019066,0012-11-24 10:00:00,12,11,24,10,0,440,169,RD79 la qunitaine,,,Plein jour,En agglomération,Hors intersection,Normale,Deux véhicules - côté,,,,,,,,,,,1,2,1,1.0,3
201200019067,0012-01-14 16:15:00,12,1,14,16,15,440,101,24 rue de verdun,,,Plein jour,En agglomération,Giratoire,Normale,Autre collision,,,,,,,,,,,1,2,6,1.0,6
201200019068,0012-02-07 13:45:00,12,2,7,13,45,440,18,rue de la borne seize,,,Plein jour,Hors agglomération,Hors intersection,Normale,Deux véhicules - côté,,,,,,,,,,,1,1,1,1.0,3
201200019069,0012-03-24 15:15:00,12,3,24,15,15,440,24,rue de la chaussée,,,Plein jour,Hors agglomération,Hors intersection,Normale,Autre collision,,,,,,,,,,,1,1,1,1.0,6
201200019070,0012-06-02 18:45:00,12,6,2,18,45,440,120,,,,Plein jour,Hors agglomération,Hors intersection,Normale,Autre collision,,,,,,,,,,,1,1,1,1.0,6
201200019071,0012-11-27 07:45:00,12,11,27,7,45,440,74,rue du bac,,,Crépuscule ou aube,En agglomération,Hors intersection,Normale,Deux véhicules - côté,,,,,,,,,,,2,2,1,1.0,3
201200019072,0012-12-25 19:00:00,12,12,25,19,0,440,101,,,,Nuit sans éclairage public,Hors agglomération,Hors intersection,Pluie légère,Autre collision,,,,,,,,,,,3,1,1,2.0,6
201200019073,0012-01-02 08:45:00,12,1,2,8,45,440,188,rue de l'?le verte,47.041,-1.642,Plein jour,En agglomération,Hors intersection,Normale,Autre collision,,,,,,,,,,,1,2,1,1.0,6
201200019074,0012-05-14 14:15:00,12,5,14,14,15,440,156,,46.962,-1.627,Plein jour,Hors agglomération,Hors intersection,Normale,Autre collision,,,,,,,,,,,1,1,1,1.0,6
201200019075,0012-10-11 07:45:00,12,10,11,7,45,440,188,,47.014,-1.617,Nuit sans éclairage public,Hors agglomération,Hors intersection,Pluie légère,Deux véhicules - côté,,,,,,,,,,,3,1,1,2.0,3
201200019076,0012-11-04 21:00:00,12,11,4,21,0,440,41,,47.081,-1.618,Nuit sans éclairage public,Hors agglomération,Hors intersection,Normale,Deux véhicules - frontale,,,,,,,,,,,3,1,1,1.0,1
201200019077,0012-03-10 22:30:00,12,3,10,22,30,440,69,rte de ker rivaud,47.308,-2.377,Nuit avec éclairage allumé,Hors agglomération,Hors intersection,Normale,Autre collision,,,,,,,,,,,5,1,1,1.0,6
201200019078,0012-10-13 08:00:00,12,10,13,8,0,440,69,,47.351,-2.424,Nuit sans éclairage public,Hors agglomération,Hors intersection,Pluie légère,Deux véhicules - arrière,,,,,,,,,,,3,1,1,2.0,2
201200019079,0012-10-16 08:00:00,12,10,16,8,0,440,175,,47.391,-2.325,Nuit sans éclairage public,Hors agglomération,Hors intersection,Temps couvert,Deux véhicules - arrière,,,,,,,,,,,3,1,1,8.0,2
201200019080,0012-10-20 17:00:00,12,10,20,17,0,440,72,,,,Plein jour,Hors agglomération,Hors intersection,Pluie légère,Deux véhicules - frontale,,,,,,,,,,,1,1,1,2.0,1
201200019081,0012-10-31 12:45:00,12,10,31,12,45,440,69,,,,Plein jour,Hors agglomération,Hors intersection,Normale,Deux véhicules - frontale,,,,,,,,,,,1,1,1,1.0,1
201200019082,0012-10-19 12:30:00,12,10,19,12,30,440,50,,,,Plein jour,Hors agglomération,Hors intersection,Pluie légère,Deux véhicules - côté,,,,,,,,,,,1,1,1,2.0,3
201200019083,0012-11-03 17:30:00,12,11,3,17,30,440,152,,,,Crépuscule ou aube,Hors agglomération,Hors intersection,Normale,Deux véhicules - frontale,,,,,,,,,,,2,1,1,1.0,1
201200019084,0012-02-22 19:15:00,12,2,22,19,15,250,532,08 grande rue,47.228,6.117,Nuit avec éclairage allumé,En agglomération,Hors intersection,Normale,Autre collision,,,,,,,,,,,5,2,1,1.0,6
201200019085,0012-05-19 12:30:00,12,5,19,12,30,250,328,,47.18,5.972,Plein jour,Hors agglomération,Hors intersection,Normale,Sans collision,,,,,,,,,,,1,1,1,1.0,7
201200019086,0012-07-02 17:15:00,12,7,2,17,15,250,258,,47.214,5.915,Plein jour,Hors agglomération,Hors intersection,Normale,Deux véhicules - côté,,,,,,,,,,,1,1,1,1.0,3
201200019087,0012-09-24 07:30:00,12,9,24,7,30,250,381,,47.316,5.996,Crépuscule ou aube,Hors agglomération,Hors intersection,Pluie forte,Autre collision,,,,,,,,,,,2,1,1,3.0,6
201200019088,0012-03-10 06:00:00,12,3,10,6,0,250,305,,47.177,6.224,Plein jour,Hors agglomération,Hors intersection,Normale,Autre collision,,,,,,,,,,,1,1,1,1.0,6
201200019089,0012-03-25 17:15:00,12,3,25,17,15,250,339,,47.046,6.26,Plein jour,Hors agglomération,Hors intersection,Normale,Sans collision,,,,,,,,,,,1,1,1,1.0,7
201200019090,0012-05-26 17:30:00,12,5,26,17,30,250,287,5 grande rue,,,Plein jour,En agglomération,Hors intersection,Normale,Deux véhicules - frontale,,,,,,,,,,,1,2,1,1.0,1
201200019091,0012-05-29 18:30:00,12,5,29,18,30,250,195,,,,Plein jour,Hors agglomération,Hors intersection,Normale,Trois véhicules et plus - collisions multiples,,,,,,,,,,,1,1,1,1.0,5
201200019092,0012-01-08 11:15:00,12,1,8,11,15,250,505,,47.484,6.35,Plein jour,Hors agglomération,Hors intersection,Pluie légère,Autre collision,,,,,,,,,,,1,1,1,2.0,6
201200019093,0012-10-20 17:45:00,12,10,20,17,45,250,613,,,,Plein jour,Hors agglomération,Hors intersection,Temps éblouissant,Autre collision,,,,,,,,,,,1,1,1,7.0,6
201200019094,0012-06-14 19:00:00,12,6,14,19,0,250,372,,47.452,6.615,Crépuscule ou aube,Hors agglomération,Hors intersection,Normale,Sans collision,,,,,,,,,,,2,1,1,1.0,7
201200019095,0012-07-04 18:30:00,12,7,4,18,30,250,394,3 rue des vergers,47.494,6.675,Plein jour,En agglomération,Hors intersection,Normale,Sans collision,,,,,,,,,,,1,2,1,1.0,7
201200019096,0012-07-14 22:00:00,12,7,14,22,0,250,22,47 rue de montbeliard,47.523,6.663,Nuit avec éclairage allumé,En agglomération,Hors intersection,Temps couvert,Autre collision,,,,,,,,,,,5,2,1,8.0,6
201200019097,0012-09-15 16:30:00,12,9,15,16,30,250,480,,47.11157,6.37449,Plein jour,Hors agglomération,Hors intersection,Normale,Deux véhicules - frontale,,,,,,,,,,,1,1,1,1.0,1
201200019098,0012-03-28 12:30:00,12,3,28,12,30,250,350,,,,Plein jour,Hors agglomération,Hors intersection,Normale,Deux véhicules - frontale,,,,,,,,,,,1,1,1,1.0,1
201200019099,0012-12-21 18:00:00,12,12,21,18,0,250,526,4 rue de besançon,47.50981,6.78005,Nuit avec éclairage allumé,En agglomération,Hors intersection,Pluie légère,Autre collision,,,,,,,,,,,5,2,1,2.0,6
201200019100,0012-03-14 18:30:00,12,3,14,18,30,250,314,,47.328,6.983,Crépuscule ou aube,Hors agglomération,Hors intersection,Normale,Autre collision,,,,,,,,,,,2,1,1,1.0,6
201200019101,0012-07-22 05:30:00,12,7,22,5,30,250,127,52 grande Rue,47.212,6.824,Crépuscule ou aube,En agglomération,Hors intersection,Normale,Deux véhicules - arrière,,,,,,,,,,,2,2,1,1.0,2
201200019102,0012-07-21 17:00:00,12,7,21,17,0,250,449,,47.334,6.676,Plein jour,Hors agglomération,Hors intersection,Normale,Autre collision,,,,,,,,,,,1,1,1,1.0,6
201200019103,0012-08-08 17:30:00,12,8,8,17,30,250,356,1 rue de l'Helvetie,47.25143,6.79993,Plein jour,En agglomération,Hors intersection,Normale,Autre collision,,,,,,,,,,,1,2,1,1.0,6
201200019104,0012-08-23 17:45:00,12,8,23,17,45,250,127,12 Rue Jean Moulin,47.22,6.82,Plein jour,En agglomération,Hors intersection,Normale,Deux véhicules - frontale,,,,,,,,,,,1,2,1,1.0,1
201200019105,0012-09-23 16:15:00,12,9,23,16,15,250,256,,47.23,6.774,Plein jour,Hors agglomération,Hors intersection,Normale,Sans collision,,,,,,,,,,,1,1,1,1.0,7
201200019106,0012-10-31 09:15:00,12,10,31,9,15,250,433,,47.27,6.744,Plein jour,Hors agglomération,Intersection en X,Temps couvert,Deux véhicules - côté,,,,,,,,,,,1,1,2,8.0,3
201200019107,0012-03-03 15:00:00,12,3,3,15,0,250,370,,47.448,6.78586,Plein jour,Hors agglomération,Autre intersection,Normale,Trois véhicules et plus - collisions multiples,,,,,,,,,,,1,1,9,1.0,5
201200019108,0012-03-27 16:45:00,12,3,27,16,45,250,463,"35, rue de Besan?on",47.389,6.769,Plein jour,En agglomération,Hors intersection,Normale,Deux véhicules - côté,,,,,,,,,,,1,2,1,1.0,3
201200019109,0012-04-21 13:30:00,12,4,21,13,30,250,551,,47.34,6.873,Plein jour,Hors agglomération,Hors intersection,Temps couvert,Sans collision,,,,,,,,,,,1,1,1,8.0,7
201200019110,0012-03-18 07:30:00,12,3,18,7,30,250,157,,46.881,6.376,Plein jour,En agglomération,Hors intersection,Normale,Autre collision,,,,,,,,,,,1,2,1,1.0,6
201200019111,0012-04-08 06:15:00,12,4,8,6,15,250,634,,,,Nuit sans éclairage public,Hors agglomération,Hors intersection,Normale,Autre collision,,,,,,,,,,,3,1,1,1.0,6
201200019112,0012-05-26 15:45:00,12,5,26,15,45,250,259,,46.847,6.169,Plein jour,En agglomération,Hors intersection,Normale,Autre collision,,,,,,,,,,,1,2,1,1.0,6
201200019113,0012-10-11 18:30:00,12,10,11,18,30,250,201,,46.929,6.307,Plein jour,Hors agglomération,Hors intersection,Normale,Deux véhicules - frontale,,,,,,,,,,,1,1,1,1.0,1
201200019114,0012-10-16 18:45:00,12,10,16,18,45,250,634,,46.971,6.346,Nuit sans éclairage public,Hors agglomération,Hors intersection,Pluie légère,Deux véhicules - frontale,,,,,,,,,,,3,1,1,2.0,1
201200019115,0012-06-18 12:45:00,12,6,18,12,45,250,320,,,,Plein jour,Hors agglomération,Hors intersection,Normale,Deux véhicules - côté,,,,,,,,,,,1,1,1,1.0,3
201200019116,0012-07-11 22:30:00,12,7,11,22,30,250,131,,,,Nuit sans éclairage public,Hors agglomération,Hors intersection,Normale,Sans collision,,,,,,,,,,,3,1,1,1.0,7
201200019117,0012-07-14 17:00:00,12,7,14,17,0,250,263,,,,Plein jour,Hors agglomération,Hors intersection,Normale,Deux véhicules - côté,,,,,,,,,,,1,1,1,1.0,3
201200019118,0012-09-09 08:00:00,12,9,9,8,0,250,295,,,,Nuit sans éclairage public,Hors agglomération,Hors intersection,Normale,Sans collision,,,,,,,,,,,3,1,1,1.0,7
201200019119,0012-10-17 21:00:00,12,10,17,21,0,390,177,,,,Nuit sans éclairage public,Hors agglomération,Hors intersection,Normale,Autre collision,,,,,,,,,,,3,1,1,1.0,6
201200019120,0012-05-28 18:30:00,12,5,28,18,30,390,13,,46.875,5.802,Plein jour,Hors agglomération,Hors intersection,Normale,Deux véhicules - arrière,,,,,,,,,,,1,1,1,1.0,2
201200019121,0012-06-09 13:00:00,12,6,9,13,0,390,40,,,,Plein jour,Hors agglomération,Hors intersection,Normale,Deux véhicules - frontale,,,,,,,,,,,1,1,1,1.0,1
201200019122,0012-06-27 11:45:00,12,6,27,11,45,390,434,RUE TRAVOT,,,Plein jour,En agglomération,Hors intersection,Normale,Autre collision,,,,,,,,,,,1,2,1,1.0,6
201200019123,0012-07-24 14:15:00,12,7,24,14,15,390,434,route de DOLE,,,Plein jour,En agglomération,Hors intersection,Normale,Deux véhicules - frontale,,,,,,,,,,,1,2,1,1.0,1
201200019124,0012-07-31 17:00:00,12,7,31,17,0,390,434,Avenue de la gare,,,Plein jour,En agglomération,Hors intersection,Normale,Autre collision,,,,,,,,,,,1,2,1,1.0,6
201200019125,0012-08-08 08:45:00,12,8,8,8,45,390,103,,46.975,5.845,Plein jour,Hors agglomération,Hors intersection,Normale,Trois véhicules et plus - collisions multiples,,,,,,,,,,,1,1,1,1.0,5
201200019126,0012-01-16 12:45:00,12,1,16,12,45,390,101,rue de dole,,,Plein jour,En agglomération,Hors intersection,Normale,Trois véhicules et plus - collisions multiples,,,,,,,,,,,1,2,1,1.0,5
201200019127,0012-02-29 14:45:00,12,2,29,14,45,390,220,,47.097,5.551,Plein jour,Hors agglomération,Hors intersection,Normale,Sans collision,,,,,,,,,,,1,1,1,1.0,7
201200019128,0012-08-27 17:30:00,12,8,27,17,30,390,243,,46.821,5.481,Plein jour,Hors agglomération,Hors intersection,Normale,Deux véhicules - frontale,,,,,,,,,,,1,1,1,1.0,1
201200019129,0012-01-11 14:45:00,12,1,11,14,45,390,478,RUE CARNOT,,,Plein jour,En agglomération,Hors intersection,Normale,Autre collision,,,,,,,,,,,1,2,1,1.0,6
201200019130,0012-03-21 13:45:00,12,3,21,13,45,390,184,Chemin du clos de vie,,,Plein jour,En agglomération,Hors intersection,Normale,Deux véhicules - côté,,,,,,,,,,,1,2,1,1.0,3
201200019131,0012-04-05 21:45:00,12,4,5,21,45,390,333,35 rue Pasteur,,,Nuit avec éclairage allumé,En agglomération,Hors intersection,Normale,Autre collision,,,,,,,,,,,5,2,1,1.0,6
201200019132,0012-05-01 17:00:00,12,5,1,17,0,390,333,Avenue de Franche comt?,,,Plein jour,En agglomération,Hors intersection,Normale,Deux véhicules - côté,,,,,,,,,,,1,2,1,1.0,3
201200019133,0012-06-16 18:15:00,12,6,16,18,15,390,157,,,,Plein jour,Hors agglomération,Hors intersection,Normale,Deux véhicules - frontale,,,,,,,,,,,1,1,1,1.0,1
201200019134,0012-08-26 08:45:00,12,8,26,8,45,390,269,,46.371,5.719,Plein jour,Hors agglomération,Hors intersection,Normale,Autre collision,,,,,,,,,,,1,1,1,1.0,6
201200019135,0012-10-25 19:15:00,12,10,25,19,15,390,453,,,,Nuit sans éclairage public,Hors agglomération,Hors intersection,Normale,Autre collision,,,,,,,,,,,3,1,1,1.0,6
201200019136,0012-10-29 16:15:00,12,10,29,16,15,390,487,,,,Crépuscule ou aube,Hors agglomération,Hors intersection,Neige / grêle,Deux véhicules - côté,,,,,,,,,,,2,1,1,4.0,3
201200019137,0012-06-12 02:15:00,12,6,12,2,15,220,325,rue de la ville mario,48.64999,-2.84912,Nuit sans éclairage public,Hors agglomération,Hors intersection,Normale,Sans collision,,,,,,,,,,,3,1,1,1.0,7
201200019138,0012-06-30 16:15:00,12,6,30,16,15,220,65,Keribot,48.61474,-3.0054,Plein jour,Hors agglomération,Hors intersection,Normale,Deux véhicules - frontale,,,,,,,,,,,1,1,1,1.0,1
201200019139,0012-09-15 11:30:00,12,9,15,11,30,220,222,TY GUEN,48.699,-2.9425,Plein jour,Hors agglomération,Intersection en T,Normale,Deux véhicules - côté,,,,,,,,,,,1,1,3,1.0,3
201200019140,0012-09-19 12:15:00,12,9,19,12,15,220,65,D9/Rue Fontaine Pierre,48.60838,-3.01857,Plein jour,Hors agglomération,Intersection en X,Normale,Deux véhicules - arrière,,,,,,,,,,,1,1,2,1.0,2
201200019141,0012-11-10 23:00:00,12,11,10,23,0,220,57,LA MAGDELEINE,48.66843,-3.09157,Nuit sans éclairage public,Hors agglomération,Hors intersection,Pluie légère,Sans collision,,,,,,,,,,,3,1,1,2.0,7
201200019142,0012-12-05 08:45:00,12,12,5,8,45,220,375,,,,Plein jour,Hors agglomération,Hors intersection,Pluie légère,Deux véhicules - côté,,,,,,,,,,,1,1,1,2.0,3
201200019143,0012-12-08 15:15:00,12,12,8,15,15,220,222,rue du chêne vert,48.68556,-2.93066,Plein jour,En agglomération,Hors intersection,Normale,Deux véhicules - côté,,,,,,,,,,,1,2,1,1.0,3
201200019144,0012-12-08 18:15:00,12,12,8,18,15,220,375,,,,Nuit sans éclairage public,Hors agglomération,Hors intersection,Normale,Deux véhicules - frontale,,,,,,,,,,,3,1,1,1.0,1
201200019145,0012-01-01 11:00:00,12,1,1,11,0,220,300,BERLOUZE,48.28655,-2.82432,Plein jour,Hors agglomération,Hors intersection,Pluie légère,Deux véhicules - côté,,,,,,,,,,,1,1,1,2.0,3
201200019146,0012-06-21 20:30:00,12,6,21,20,30,220,279,KERAVEL,48.17791,-2.87647,Plein jour,Hors agglomération,Intersection en X,Normale,Deux véhicules - côté,,,,,,,,,,,1,1,2,1.0,3
201200019147,0012-07-07 17:15:00,12,7,7,17,15,220,136,rd Pt du général Patton,48.17709,-2.74718,Plein jour,En agglomération,Giratoire,Normale,Deux véhicules - côté,,,,,,,,,,,1,2,6,1.0,3
201200019148,0012-08-15 02:15:00,12,8,15,2,15,220,155,intersection D53 et D768,,,Nuit avec éclairage non allumé,En agglomération,Intersection en X,Normale,Deux véhicules - côté,,,,,,,,,,,4,2,2,1.0,3
201200019149,0012-09-18 07:15:00,12,9,18,7,15,220,136,Rue CHEZE/H.CORDIER,48.17358,-2.74788,Crépuscule ou aube,Hors agglomération,Giratoire,Normale,Deux véhicules - côté,,,,,,,,,,,2,1,6,1.0,3
201200019150,0012-01-02 14:30:00,12,1,2,14,30,220,255,Launay,48.18461,-2.64398,Plein jour,Hors agglomération,Hors intersection,Temps éblouissant,Autre collision,,,,,,,,,,,1,1,1,7.0,6
201200019151,0012-01-07 17:45:00,12,1,7,17,45,220,133,La Croix Pellois,48.1846,-2.22438,Crépuscule ou aube,Hors agglomération,Hors intersection,Temps couvert,Sans collision,,,,,,,,,,,2,1,1,8.0,7
201200019152,0012-02-21 20:45:00,12,2,21,20,45,220,46,Rue des Musiciens,48.29824,-2.51748,Nuit sans éclairage public,En agglomération,Intersection en T,Normale,Deux véhicules - frontale,,,,,,,,,,,3,2,3,1.0,1
201200019153,0012-02-25 16:30:00,12,2,25,16,30,220,241,LE BOIS COURTEL,48.11684,-2.60646,Plein jour,Hors agglomération,Hors intersection,Normale,Deux véhicules - côté,,,,,,,,,,,1,1,1,1.0,3
201200019154,0012-03-26 04:00:00,12,3,26,4,0,220,147,RUE NATIONALE,48.19163,-2.41906,Nuit sans éclairage public,En agglomération,Hors intersection,Normale,Sans collision,,,,,,,,,,,3,2,1,1.0,7
201200019155,0012-03-31 20:15:00,12,3,31,20,15,220,148,Le bourg - Les Rues D16,48.25688,-2.39143,Plein jour,En agglomération,Intersection en X,Normale,Trois véhicules et plus - collisions multiples,,,,,,,,,,,1,2,2,1.0,5
201200019156,0012-09-01 00:45:00,12,9,1,0,45,220,241,LA MADELEINE,48.09166,-2.58856,Nuit sans éclairage public,Hors agglomération,Intersection en X,Normale,Deux véhicules - côté,,,,,,,,,,,3,1,2,1.0,3
201200019157,0012-10-05 23:00:00,12,10,5,23,0,220,83,RUE DU STADE - D6,48.14663,-2.34877,Nuit avec éclairage allumé,En agglomération,Hors intersection,Normale,Sans collision,,,,,,,,,,,5,2,1,1.0,7
201200019158,0012-12-13 22:45:00,12,12,13,22,45,220,183,LA VILLE MOISAN,48.16969,-2.60337,Nuit sans éclairage public,Hors agglomération,Hors intersection,Brouillard / fumée,Sans collision,,,,,,,,,,,3,1,1,5.0,7
201200019159,0012-06-15 18:44:00,12,6,15,18,44,220,144,LA COTE A L'OIE,48.51222,-2.85193,Plein jour,Hors agglomération,Hors intersection,Pluie légère,Deux véhicules - côté,,,,,,,,,,,1,1,1,2.0,3
201200019160,0012-02-11 17:00:00,12,2,11,17,0,220,79,LA PIERRE BLANCHE,48.38143,-2.68435,Plein jour,En agglomération,Hors intersection,Normale,Sans collision,,,,,,,,,,,1,2,1,1.0,7
201200019161,0012-03-22 05:45:00,12,3,22,5,45,220,165,rue de penthievre,48.36896,-2.49741,Nuit avec éclairage allumé,En agglomération,Hors intersection,Normale,Deux véhicules - côté,,,,,,,,,,,5,2,1,1.0,3
201200019162,0012-05-03 19:15:00,12,5,3,19,15,220,258,MEUDON,48.42165,-2.62719,Plein jour,Hors agglomération,Intersection en X,Temps éblouissant,Deux véhicules - frontale,,,,,,,,,,,1,1,2,7.0,1
201200019163,0012-05-05 20:45:00,12,5,5,20,45,220,165,Les Haies,48.36311,-2.49282,Plein jour,Hors agglomération,Hors intersection,Normale,Sans collision,,,,,,,,,,,1,1,1,1.0,7
201200019164,0012-05-20 13:30:00,12,5,20,13,30,220,80,LA ROUTE ADAM,48.34638,-2.84065,Plein jour,Hors agglomération,Hors intersection,Pluie forte,Sans collision,,,,,,,,,,,1,1,1,3.0,7
201200019165,0012-01-31 08:45:00,12,1,31,8,45,220,339,,48.49619,-2.06073,Plein jour,Hors agglomération,Intersection en T,Normale,Deux véhicules - côté,,,,,,,,,,,1,1,3,1.0,3
201200019166,0012-04-09 01:30:00,12,4,9,1,30,220,56,RUE DE L'HOPITAL,48.37066,-1.97068,Nuit sans éclairage public,Hors agglomération,Hors intersection,Normale,Sans collision,,,,,,,,,,,3,1,1,1.0,7
201200019167,0012-05-30 15:30:00,12,5,30,15,30,220,259,Rue saint-Anne,48.45344,-2.068,Plein jour,En agglomération,Hors intersection,Normale,Trois véhicules et plus - collisions multiples,,,,,,,,,,,1,2,1,1.0,5
201200019168,0012-08-17 12:15:00,12,8,17,12,15,220,327,MARMITON,48.49283,-2.04184,Plein jour,Hors agglomération,Intersection en T,Normale,Deux véhicules - frontale,,,,,,,,,,,1,1,3,1.0,1
201200019169,0012-03-30 10:30:00,12,3,30,10,30,220,209,place du Matray,48.57972,-2.14024,Plein jour,En agglomération,Place,Normale,Autre collision,,,,,,,,,,,1,2,7,1.0,6
201200019170,0012-08-01 15:15:00,12,8,1,15,15,220,323,LA ROCHETTE,48.5387,-2.29652,Plein jour,Hors agglomération,Hors intersection,Normale,Deux véhicules - frontale,,,,,,,,,,,1,1,1,1.0,1
201200019171,0012-11-24 01:30:00,12,11,24,1,30,220,357,,48.58,-2.174,Nuit avec éclairage non allumé,Hors agglomération,Giratoire,Pluie légère,Deux véhicules - frontale,,,,,,,,,,,4,1,6,2.0,1
201200019172,0012-10-25 11:30:00,12,10,25,11,30,220,248,,48.622,-3.137,Plein jour,Hors agglomération,Hors intersection,Normale,Deux véhicules - frontale,,,,,,,,,,,1,1,1,1.0,1
201200019173,0012-10-26 07:15:00,12,10,26,7,15,220,4,,48.615,-3.29,Crépuscule ou aube,Hors agglomération,Hors intersection,Normale,Deux véhicules - frontale,,,,,,,,,,,2,1,1,1.0,1
201200019174,0012-10-14 18:00:00,12,10,14,18,0,220,293,,48.656,-3.027,Plein jour,Hors agglomération,Hors intersection,Normale,Deux véhicules - frontale,,,,,,,,,,,1,1,1,1.0,1
201200019175,0012-03-10 08:30:00,12,3,10,8,30,220,158,RUES GARE/LE CERF,48.19953,-2.988,Plein jour,En agglomération,Intersection à plus de 4 branches,Normale,Deux véhicules - frontale,,,,,,,,,,,1,2,5,1.0,1
201200019176,0012-08-20 16:45:00,12,8,20,16,45,220,290,,48.23,-3.09,Plein jour,Hors agglomération,Hors intersection,Normale,Deux véhicules - frontale,,,,,,,,,,,1,1,1,1.0,1
201200019177,0012-01-21 02:30:00,12,1,21,2,30,220,229,,48.268,-3.284,Nuit sans éclairage public,Hors agglomération,Hors intersection,Normale,Deux véhicules - côté,,,,,,,,,,,3,1,1,1.0,3
201200019178,0012-05-10 14:15:00,12,5,10,14,15,220,229,,48.2888,-3.23643,Plein jour,Hors agglomération,Hors intersection,Pluie légère,Deux véhicules - frontale,,,,,,,,,,,1,1,1,2.0,1
201200019179,0012-08-07 11:00:00,12,8,7,11,0,220,29,,48.323,-3.092,Plein jour,Hors agglomération,Hors intersection,Normale,Deux véhicules - côté,,,,,,,,,,,1,1,1,1.0,3
201200019180,0012-08-11 07:00:00,12,8,11,7,0,220,294,,48.381,-3.087,Crépuscule ou aube,Hors agglomération,Hors intersection,Normale,Autre collision,,,,,,,,,,,2,1,1,1.0,6
201200019181,0012-09-08 16:30:00,12,9,8,16,30,220,229,,,,Plein jour,Hors agglomération,Hors intersection,Normale,Deux véhicules - frontale,,,,,,,,,,,1,1,1,1.0,1
201200019182,0012-10-13 17:45:00,12,10,13,17,45,220,266,,,,Plein jour,Hors agglomération,Hors intersection,Normale,Sans collision,,,,,,,,,,,1,1,1,1.0,7
201200019183,0012-11-16 04:30:00,12,11,16,4,30,220,163,,48.262,-3.447,Nuit sans éclairage public,Hors agglomération,Intersection en T,Normale,Deux véhicules - côté,,,,,,,,,,,3,1,3,1.0,3
201200019184,0012-07-18 20:15:00,12,7,18,20,15,220,226,,48.69288,-3.55285,Crépuscule ou aube,Hors agglomération,Hors intersection,Pluie légère,Deux véhicules - frontale,,,,,,,,,,,2,1,1,2.0,1
201200019185,0012-02-08 19:00:00,12,2,8,19,0,220,381,KERELEC,48.74833,3.35778,Nuit sans éclairage public,Hors agglomération,Hors intersection,Normale,Deux véhicules - côté,,,,,,,,,,,3,1,1,1.0,3
201200019186,0012-02-14 21:45:00,12,2,14,21,45,220,347,TRAOU MEUR,48.78374,-3.21722,Nuit sans éclairage public,Hors agglomération,Hors intersection,Normale,Deux véhicules - frontale,,,,,,,,,,,3,1,1,1.0,1