accident_id,datetime,annee,mois,jour,heure,minute,departement,commune_insee,adresse,latitude,longitude,luminosite,agglomeration,intersection,meteo,collision,nb_vehicules,nb_usagers,nb_indemnes,nb_tues,nb_blesses_hosp,nb_blesses_legers,age_cond_1,age_cond_2,veh_type_cond_1,veh_type_cond_2,lum_code,agg_code,int_code,atm_code,col_code
201200019187,0012-03-02 08:15:00,12,3,2,8,15,220,101,Coat Croaz,48.75762,-3.28892,Plein jour,Hors agglomération,Hors intersection,Brouillard / fumée,Deux véhicules - frontale,,,,,,,,,,,1,1,1,5.0,1
201200019188,0012-06-04 18:45:00,12,6,4,18,45,220,221,18 RUE DES CYPRES,48.79972,-3.24639,Plein jour,En agglomération,Hors intersection,Normale,Deux véhicules - frontale,,,,,,,,,,,1,2,1,1.0,1
201200019189,0012-08-08 14:45:00,12,8,8,14,45,220,383,Crec'h Gwenn,48.75422,-3.23626,Plein jour,Hors agglomération,Hors intersection,Normale,Deux véhicules - arrière,,,,,,,,,,,1,1,1,1.0,2
201200019190,0012-09-06 14:45:00,12,9,6,14,45,220,362,rue Peltier,48.788,-3.229,Plein jour,En agglomération,Hors intersection,Normale,Deux véhicules - côté,,,,,,,,,,,1,2,1,1.0,3
201200019191,0012-12-15 17:45:00,12,12,15,17,45,220,362,07 rue Marcelin Berthelo,48.78666,-3.22373,Crépuscule ou aube,En agglomération,Hors intersection,Normale,Sans collision,,,,,,,,,,,2,2,1,1.0,7
201200019192,0012-07-27 18:50:00,12,7,27,18,50,680,338,D 10,48.08128,7.25332,Nuit sans éclairage public,Hors agglomération,Hors intersection,Normale,Autre collision,,,,,,,,,,,3,1,1,1.0,6
201200019193,0012-10-04 16:30:00,12,10,4,16,30,680,374,,48.0715,7.2535,Plein jour,Hors agglomération,Hors intersection,Normale,Trois véhicules et plus - en chaîne,,,,,,,,,,,1,1,1,1.0,4
201200019194,0012-12-17 17:30:00,12,12,17,17,30,680,374,LIEU DIT LA FORGE,48.0596,7.2367,Nuit avec éclairage allumé,En agglomération,Hors intersection,Pluie forte,Autre collision,,,,,,,,,,,5,2,1,3.0,6
201200019195,0012-02-10 18:45:00,12,2,10,18,45,680,139,,47.5762,7.2099,Nuit sans éclairage public,Hors agglomération,Hors intersection,Normale,Sans collision,,,,,,,,,,,3,1,1,1.0,7
201200019196,0012-03-24 22:45:00,12,3,24,22,45,680,108,RUE DU CHEMIN DE FER,47.5637,7.30038,Nuit avec éclairage allumé,En agglomération,Hors intersection,Normale,Autre collision,,,,,,,,,,,5,2,1,1.0,6
201200019197,0012-04-22 16:15:00,12,4,22,16,15,680,319,,47.67786,7.22058,Plein jour,Hors agglomération,Hors intersection,Normale,Autre collision,,,,,,,,,,,1,1,1,1.0,6
201200019198,0012-07-28 18:00:00,12,7,28,18,0,680,191,Route du stade,47.65475,7.28313,Plein jour,En agglomération,Intersection en X,Normale,Deux véhicules - côté,,,,,,,,,,,1,2,2,1.0,3
201200019199,0012-10-06 14:00:00,12,10,6,14,0,680,152,CD 18,47.66803,7.25448,Plein jour,Hors agglomération,Hors intersection,Normale,Deux véhicules - frontale,,,,,,,,,,,1,1,1,1.0,1
201200019200,0012-10-18 19:45:00,12,10,18,19,45,680,77,,47.65974,7.17857,Nuit sans éclairage public,Hors agglomération,Hors intersection,Normale,Deux véhicules - arrière,,,,,,,,,,,3,1,1,1.0,2
201200019201,0012-03-22 14:00:00,12,3,22,14,0,680,70,,47.71634,7.28826,Plein jour,Hors agglomération,Giratoire,Normale,Deux véhicules - arrière,,,,,,,,,,,1,1,6,1.0,2
201200019202,0012-04-05 13:15:00,12,4,5,13,15,680,218,Rue Robert Schumann,47.73956,7.28522,Plein jour,En agglomération,Intersection en Y,Normale,Deux véhicules - côté,,,,,,,,,,,1,2,4,1.0,3
201200019203,0012-05-13 20:30:00,12,5,13,20,30,680,384,31 grand rue,47.69662,7.29697,Crépuscule ou aube,En agglomération,Hors intersection,Normale,Autre collision,,,,,,,,,,,2,2,1,1.0,6
201200019204,0012-01-17 17:20:00,12,1,17,17,20,680,264,,47.57121,7.41045,Nuit avec éclairage non allumé,Hors agglomération,Intersection en Y,Normale,Deux véhicules - frontale,,,,,,,,,,,4,1,4,1.0,1
201200019205,0012-03-03 02:00:00,12,3,3,2,0,680,13,D 473,47.56391,7.48252,Nuit sans éclairage public,Hors agglomération,Hors intersection,Brouillard / fumée,Sans collision,,,,,,,,,,,3,1,1,5.0,7
201200019206,0012-05-20 12:45:00,12,5,20,12,45,680,27,CD 16,47.57336,7.3935,Plein jour,Hors agglomération,Hors intersection,Normale,Sans collision,,,,,,,,,,,1,1,1,1.0,7
201200019207,0012-12-22 12:15:00,12,12,22,12,15,680,168,D21,47.55844,7.428,Plein jour,Hors agglomération,Hors intersection,Normale,Autre collision,,,,,,,,,,,1,1,1,1.0,6
201200019208,0012-10-16 14:30:00,12,10,16,14,30,680,91,,47.91929,7.50561,Plein jour,Hors agglomération,Hors intersection,Normale,Deux véhicules - frontale,,,,,,,,,,,1,1,1,1.0,1
201200019209,0012-05-08 12:45:00,12,5,8,12,45,680,343,,47.87364,7.31649,Plein jour,Hors agglomération,Hors intersection,Normale,Sans collision,,,,,,,,,,,1,1,1,1.0,7
201200019210,0012-11-21 11:00:00,12,11,21,11,0,680,43,GUEBWILLER ( RUE DE),47.869,7.256,Plein jour,En agglomération,Hors intersection,Normale,Deux véhicules - côté,,,,,,,,,,,1,2,1,1.0,3
201200019211,0012-09-21 19:00:00,12,9,21,19,0,680,115,PRINCIPALE (67 RUE),47.7536,7.0822,Plein jour,En agglomération,Hors intersection,Normale,Deux véhicules - frontale,,,,,,,,,,,1,2,1,1.0,1
201200019212,0012-07-04 09:30:00,12,7,4,9,30,340,252,,,,Plein jour,Hors agglomération,Hors intersection,Normale,Deux véhicules - frontale,,,,,,,,,,,1,1,1,1.0,1
201200019213,0012-07-23 18:45:00,12,7,23,18,45,340,178,,43.44944,3.15588,Plein jour,Hors agglomération,Hors intersection,Normale,Deux véhicules - frontale,,,,,,,,,,,1,1,1,1.0,1
201200019214,0012-08-04 08:30:00,12,8,4,8,30,340,70,,43.402,2.984,Plein jour,Hors agglomération,Hors intersection,Normale,Sans collision,,,,,,,,,,,1,1,1,1.0,7
201200019215,0012-09-27 10:15:00,12,9,27,10,15,340,69,,43.405,3.104,Plein jour,Hors agglomération,Hors intersection,Normale,Deux véhicules - côté,,,,,,,,,,,1,1,1,1.0,3
201200019216,0012-10-10 17:15:00,12,10,10,17,15,340,178,,43.4568,3.11836,Plein jour,Hors agglomération,Hors intersection,Normale,Autre collision,,,,,,,,,,,1,1,1,1.0,6
201200019217,0012-10-31 12:15:00,12,10,31,12,15,340,69,15 avenue de Jean Jaures,43.397,3.103,Plein jour,En agglomération,Hors intersection,Normale,Autre collision,,,,,,,,,,,1,2,1,1.0,6
201200019218,0012-01-22 12:00:00,12,1,22,12,0,340,149,chemin d'Abeilhan,43.48353,3.3045,Plein jour,En agglomération,Hors intersection,Normale,Deux véhicules - côté,,,,,,,,,,,1,2,1,1.0,3
201200019219,0012-11-07 08:30:00,12,11,7,8,30,340,139,cd 15,43.42,3.242,Nuit avec éclairage allumé,En agglomération,Hors intersection,Normale,Deux véhicules - frontale,,,,,,,,,,,5,2,1,1.0,1
201200019220,0012-12-23 23:30:00,12,12,23,23,30,340,139,,43.41267,3.23976,Nuit sans éclairage public,Hors agglomération,Hors intersection,Normale,Autre collision,,,,,,,,,,,3,1,1,1.0,6
201200019221,0012-04-01 15:30:00,12,4,1,15,30,340,293,,43.59496,2.75384,Plein jour,Hors agglomération,Hors intersection,Normale,Sans collision,,,,,,,,,,,1,1,1,1.0,7
201200019222,0012-05-13 10:00:00,12,5,13,10,0,340,284,,43.509,2.746,Plein jour,Hors agglomération,Hors intersection,Normale,Autre collision,,,,,,,,,,,1,1,1,1.0,6
201200019223,0012-03-09 22:45:00,12,3,9,22,45,340,135,,43.25968,3.16022,Nuit sans éclairage public,Hors agglomération,Hors intersection,Normale,Sans collision,,,,,,,,,,,3,1,1,1.0,7
201200019224,0012-07-15 02:15:00,12,7,15,2,15,340,299,RD 37,,,Nuit avec éclairage allumé,En agglomération,Hors intersection,Normale,Deux véhicules - arrière,,,,,,,,,,,5,2,1,1.0,2
201200019225,0012-08-05 00:15:00,12,8,5,0,15,340,209,,43.31311,3.33061,Nuit sans éclairage public,Hors agglomération,Hors intersection,Normale,Deux véhicules - frontale,,,,,,,,,,,3,1,1,1.0,1
201200019226,0012-02-10 10:45:00,12,2,10,10,45,340,142,,43.69716,3.33876,Plein jour,Hors agglomération,Hors intersection,Normale,Autre collision,,,,,,,,,,,1,1,1,1.0,6
201200019227,0012-06-02 16:30:00,12,6,2,16,30,340,132,,43.274,3.516,Nuit sans éclairage public,Hors agglomération,Hors intersection,Normale,Autre collision,,,,,,,,,,,3,1,1,1.0,6
201200019228,0012-06-14 18:00:00,12,6,14,18,0,340,142,Avenue de Premerlet,43.7331,3.31471,Plein jour,En agglomération,Hors intersection,Normale,Autre collision,,,,,,,,,,,1,2,1,1.0,6
201200019229,0012-04-28 10:15:00,12,4,28,10,15,340,194,route de clermont,43.547,3.462,Plein jour,En agglomération,Hors intersection,Normale,Autre collision,,,,,,,,,,,1,2,1,1.0,6
201200019230,0012-05-07 17:00:00,12,5,7,17,0,340,79,rue Georges THARY,43.627,3.437,Plein jour,En agglomération,Hors intersection,Normale,Deux véhicules - côté,,,,,,,,,,,1,2,1,1.0,3
201200019231,0012-06-23 16:30:00,12,6,23,16,30,340,194,,43.51976,3.44901,Plein jour,Hors agglomération,Hors intersection,Normale,Deux véhicules - arrière,,,,,,,,,,,1,1,1,1.0,2
201200019232,0012-08-06 02:30:00,12,8,6,2,30,340,194,,43.543,3.458,Nuit sans éclairage public,Hors agglomération,Hors intersection,Normale,Autre collision,,,,,,,,,,,3,1,1,1.0,6
201200019233,0012-09-09 07:45:00,12,9,9,7,45,340,47,,43.5382,3.48771,Crépuscule ou aube,Hors agglomération,Hors intersection,Brouillard / fumée,Autre collision,,,,,,,,,,,2,1,1,5.0,6
201200019234,0012-09-09 11:30:00,12,9,9,11,30,340,76,,,,Plein jour,Hors agglomération,Autre intersection,Normale,Deux véhicules - côté,,,,,,,,,,,1,1,9,1.0,3
201200019235,0012-09-12 16:15:00,12,9,12,16,15,340,175,,43.62,3.368,Plein jour,Hors agglomération,Hors intersection,Normale,Autre collision,,,,,,,,,,,1,1,1,1.0,6
201200019236,0012-09-22 22:00:00,12,9,22,22,0,340,210,,43.59572,3.50058,Nuit sans éclairage public,Hors agglomération,Hors intersection,Normale,Autre collision,,,,,,,,,,,3,1,1,1.0,6
201200019237,0012-09-26 20:30:00,12,9,26,20,30,340,51,AVENUE DU CAPITAINE FULC,43.607,3.489,Nuit avec éclairage allumé,En agglomération,Hors intersection,Pluie légère,Trois véhicules et plus - collisions multiples,,,,,,,,,,,5,2,1,2.0,5
201200019238,0012-10-03 09:45:00,12,10,3,9,45,340,79,esplanade de la gare,43.62571,3.43448,Plein jour,En agglomération,Hors intersection,Normale,Sans collision,,,,,,,,,,,1,2,1,1.0,7
201200019239,0012-10-18 13:30:00,12,10,18,13,30,340,13,,43.56876,3.46548,Plein jour,Hors agglomération,Hors intersection,Temps couvert,Deux véhicules - côté,,,,,,,,,,,1,1,1,8.0,3
201200019240,0012-10-31 13:45:00,12,10,31,13,45,340,175,,43.611,3.314,Plein jour,Hors agglomération,Hors intersection,Pluie légère,Deux véhicules - côté,,,,,,,,,,,1,1,1,2.0,3
201200019241,0012-11-11 06:15:00,12,11,11,6,15,340,194,,43.542,3.483,Nuit sans éclairage public,Hors agglomération,Hors intersection,Normale,Autre collision,,,,,,,,,,,3,1,1,1.0,6
201200019242,0012-11-19 09:15:00,12,11,19,9,15,340,210,,43.599,3.496,Plein jour,Hors agglomération,Hors intersection,Normale,Trois véhicules et plus - collisions multiples,,,,,,,,,,,1,1,1,1.0,5
201200019243,0012-12-01 16:15:00,12,12,1,16,15,340,210,RUE DE L'ESTANG,43.596,3.527,Plein jour,En agglomération,Hors intersection,Normale,Autre collision,,,,,,,,,,,1,2,1,1.0,6
201200019244,0012-12-25 11:15:00,12,12,25,11,15,340,204,,43.541,3.553,Plein jour,Hors agglomération,Hors intersection,Pluie légère,Deux véhicules - frontale,,,,,,,,,,,1,1,1,2.0,1
201200019245,0012-12-29 16:45:00,12,12,29,16,45,340,45,,43.577,3.352,Plein jour,Hors agglomération,Hors intersection,Normale,Deux véhicules - frontale,,,,,,,,,,,1,1,1,1.0,1
201200019246,0012-12-30 22:15:00,12,12,30,22,15,340,138,,43.591,3.419,Plein jour,Hors agglomération,Hors intersection,Normale,Sans collision,,,,,,,,,,,1,1,1,1.0,7
201200019247,0012-05-25 09:45:00,12,5,25,9,45,340,261,,43.729,3.551,Plein jour,Hors agglomération,Hors intersection,Normale,Deux véhicules - côté,,,,,,,,,,,1,1,1,1.0,3
201200019248,0012-10-24 09:45:00,12,10,24,9,45,340,239,,,,Crépuscule ou aube,Hors agglomération,Hors intersection,Brouillard / fumée,Sans collision,,,,,,,,,,,2,1,1,5.0,7
201200019249,0012-11-01 00:15:00,12,11,1,0,15,340,16,,,,Crépuscule ou aube,Hors agglomération,Hors intersection,Normale,Sans collision,,,,,,,,,,,2,1,1,1.0,7
201200019250,0012-12-08 11:45:00,12,12,8,11,45,340,239,,,,Plein jour,Hors agglomération,Hors intersection,Normale,Trois véhicules et plus - collisions multiples,,,,,,,,,,,1,1,1,1.0,5
201200019251,0012-01-11 09:25:00,12,1,11,9,25,150,14,"1, ANGOULEME (COUR D')",,,Plein jour,En agglomération,Hors intersection,Autre,Autre collision,,,,,,,,,,,1,2,1,9.0,6
201200019252,0012-04-10 08:12:00,12,4,10,8,12,150,14,"1, LESCUDILLIERS (BOULEV",,,Plein jour,En agglomération,Hors intersection,Normale,Autre collision,,,,,,,,,,,1,2,1,1.0,6
201200019253,0012-05-24 19:20:00,12,5,24,19,20,150,14,"5, GUTENBERG (RUE)",,,Plein jour,En agglomération,Hors intersection,Normale,Autre collision,,,,,,,,,,,1,2,1,1.0,6
201200019254,0012-05-31 13:30:00,12,5,31,13,30,150,14,DOCTEUR CHANAL (RUE DU),,,Plein jour,Hors agglomération,Hors intersection,Normale,Autre collision,,,,,,,,,,,1,1,1,1.0,6
201200019255,0012-07-16 19:20:00,12,7,16,19,20,150,14,"98, CONTHE (AVENUE DE)",,,Plein jour,En agglomération,Hors intersection,Normale,Deux véhicules - côté,,,,,,,,,,,1,2,1,1.0,3
201200019256,0012-08-10 11:45:00,12,8,10,11,45,150,14,PLOMB DU CANTAL (AVENUE,,,Plein jour,En agglomération,Intersection en X,Normale,Deux véhicules - côté,,,,,,,,,,,1,2,2,1.0,3
201200019257,0012-09-26 07:35:00,12,9,26,7,35,150,14,"83, VEYRE (AVENUE JEAN-B",,,Nuit sans éclairage public,En agglomération,Hors intersection,Pluie légère,Autre collision,,,,,,,,,,,3,2,1,2.0,6
201200019258,0012-10-08 10:00:00,12,10,8,10,0,150,12,"11, SEGUIN (RUE M.)",,,Plein jour,En agglomération,Hors intersection,Normale,Sans collision,,,,,,,,,,,1,2,1,1.0,7
201200019259,0012-10-26 19:15:00,12,10,26,19,15,150,14,"2bis, DELZONS (RUE DU PR",,,Nuit avec éclairage allumé,En agglomération,Hors intersection,Vent fort / tempête,Autre collision,,,,,,,,,,,5,2,1,6.0,6
201200019260,0012-11-01 18:05:00,12,11,1,18,5,150,14,"1, POMPIDOU (AVENUE GEOR",,,Nuit avec éclairage allumé,En agglomération,Hors intersection,Pluie forte,Autre collision,,,,,,,,,,,5,2,1,3.0,6
201200019261,0012-11-23 17:00:00,12,11,23,17,0,150,14,TRONQUIERES (AVENUE DE),,,Nuit sans éclairage public,En agglomération,Hors intersection,Pluie légère,Trois véhicules et plus - collisions multiples,,,,,,,,,,,3,2,1,2.0,5
201200019262,0012-12-13 18:15:00,12,12,13,18,15,150,14,"139, CONTHE (AVENUE DE)",,,Nuit avec éclairage allumé,En agglomération,Hors intersection,Pluie légère,Autre collision,,,,,,,,,,,5,2,1,2.0,6
201200019263,0012-12-18 19:15:00,12,12,18,19,15,150,14,"1, PLOMB DU CANTAL (AVEN",,,Nuit avec éclairage allumé,En agglomération,Hors intersection,Normale,Autre collision,,,,,,,,,,,5,2,1,1.0,6
201200019264,0012-01-13 15:30:00,12,1,13,15,30,340,31,,43.37888,3.4199,Plein jour,Hors agglomération,Hors intersection,Normale,Trois véhicules et plus - collisions multiples,,,,,,,,,,,1,1,1,1.0,5
201200019265,0012-02-03 01:15:00,12,2,3,1,15,340,3,,43.34284,3.50166,Nuit sans éclairage public,Hors agglomération,Hors intersection,Normale,Sans collision,,,,,,,,,,,3,1,1,1.0,7
201200019266,0012-03-29 16:00:00,12,3,29,16,0,340,150,,43.39297,3.53804,Plein jour,Hors agglomération,Hors intersection,Normale,Trois véhicules et plus - en chaîne,,,,,,,,,,,1,1,1,1.0,4
201200019267,0012-05-24 14:15:00,12,5,24,14,15,340,101,AVENUE ROGER SALENGRO,43.388,3.467,Plein jour,En agglomération,Hors intersection,Normale,Autre collision,,,,,,,,,,,1,2,1,1.0,6
201200019268,0012-07-07 08:45:00,12,7,7,8,45,340,332,Chemin de coussergues,43.524,3.695,Plein jour,En agglomération,Hors intersection,Normale,Deux véhicules - côté,,,,,,,,,,,1,2,1,1.0,3
201200019269,0012-08-01 15:30:00,12,8,1,15,30,340,332,,43.3092,3.43247,Plein jour,Hors agglomération,Hors intersection,Normale,Deux véhicules - côté,,,,,,,,,,,1,1,1,1.0,3
201200019270,0012-08-15 12:15:00,12,8,15,12,15,340,332,,,,Plein jour,Hors agglomération,Hors intersection,Normale,Trois véhicules et plus - en chaîne,,,,,,,,,,,1,1,1,1.0,4
201200019271,0012-08-19 03:30:00,12,8,19,3,30,340,150,RD51  rte  MARSEILLAN Pl,,,Nuit avec éclairage allumé,En agglomération,Hors intersection,Normale,Autre collision,,,,,,,,,,,5,2,1,1.0,6
201200019272,0012-09-25 09:00:00,12,9,25,9,0,340,150,,43.32407,3.53108,Plein jour,Hors agglomération,Hors intersection,Normale,Deux véhicules - frontale,,,,,,,,,,,1,1,1,1.0,1
201200019273,0012-12-15 10:00:00,12,12,15,10,0,340,31,,43.356,3.372,Plein jour,Hors agglomération,Hors intersection,Normale,Autre collision,,,,,,,,,,,1,1,1,1.0,6
201200019274,0012-01-13 17:15:00,12,1,13,17,15,340,23,,43.45856,3.69703,Plein jour,Hors agglomération,Hors intersection,Normale,Trois véhicules et plus - collisions multiples,,,,,,,,,,,1,1,1,1.0,5
201200019275,0012-05-11 14:00:00,12,5,11,14,0,340,113,,,,Plein jour,Hors agglomération,Hors intersection,Normale,Deux véhicules - frontale,,,,,,,,,,,1,1,1,1.0,1
201200019276,0012-06-26 15:30:00,12,6,26,15,30,340,88,,,,Plein jour,Hors agglomération,Hors intersection,Normale,Autre collision,,,,,,,,,,,1,1,1,1.0,6
201200019277,0012-09-06 18:15:00,12,9,6,18,15,340,87,,,,Plein jour,Hors agglomération,Hors intersection,Normale,Deux véhicules - côté,,,,,,,,,,,1,1,1,1.0,3
201200019278,0012-07-25 03:15:00,12,7,25,3,15,340,56,,43.444,3.449,Nuit sans éclairage public,Hors agglomération,Hors intersection,Normale,Sans collision,,,,,,,,,,,3,1,1,1.0,7
201200019279,0012-08-25 06:30:00,12,8,25,6,30,340,103,,43.53163,3.40642,Plein jour,Hors agglomération,Hors intersection,Normale,Autre collision,,,,,,,,,,,1,1,1,1.0,6
201200019280,0012-11-28 12:45:00,12,11,28,12,45,340,17,,,,Plein jour,Hors agglomération,Hors intersection,Pluie légère,Trois véhicules et plus - collisions multiples,,,,,,,,,,,1,1,1,2.0,5
201200019281,0012-12-01 23:30:00,12,12,1,23,30,340,199,,43.481,3.456,Nuit sans éclairage public,Hors agglomération,Intersection en X,Normale,Deux véhicules - côté,,,,,,,,,,,3,1,2,1.0,3
201200019282,0012-12-17 09:30:00,12,12,17,9,30,340,199,,43.498,3.339,Plein jour,Hors agglomération,Hors intersection,Normale,Deux véhicules - frontale,,,,,,,,,,,1,1,1,1.0,1
201200019283,0012-02-17 09:15:00,12,2,17,9,15,860,105,,,,Plein jour,Hors agglomération,Hors intersection,Normale,Autre collision,,,,,,,,,,,1,1,1,1.0,6
201200019284,0012-04-01 19:30:00,12,4,1,19,30,860,180,,,,Plein jour,Hors agglomération,Hors intersection,Normale,Sans collision,,,,,,,,,,,1,1,1,1.0,7
201200019285,0012-06-09 20:00:00,12,6,9,20,0,860,264,,,,Plein jour,Hors agglomération,Hors intersection,Normale,Sans collision,,,,,,,,,,,1,1,1,1.0,7
201200019286,0012-06-24 02:45:00,12,6,24,2,45,860,235,,,,Nuit sans éclairage public,Hors agglomération,Hors intersection,Normale,Autre collision,,,,,,,,,,,3,1,1,1.0,6
201200019287,0012-07-24 12:30:00,12,7,24,12,30,860,180,,,,Plein jour,Hors agglomération,Hors intersection,Normale,Deux véhicules - arrière,,,,,,,,,,,1,1,1,1.0,2
201200019288,0012-09-02 06:15:00,12,9,2,6,15,860,178,5 rue de la Grenouill?re,,,Crépuscule ou aube,En agglomération,Hors intersection,Normale,Sans collision,,,,,,,,,,,2,2,1,1.0,7
201200019289,0012-01-08 19:45:00,12,1,8,19,45,860,293,,,,Nuit sans éclairage public,Hors agglomération,Hors intersection,Normale,Trois véhicules et plus - collisions multiples,,,,,,,,,,,3,1,1,1.0,5
201200019290,0012-02-23 17:30:00,12,2,23,17,30,860,213,,,,Crépuscule ou aube,Hors agglomération,Hors intersection,Pluie légère,Deux véhicules - frontale,,,,,,,,,,,2,1,1,2.0,1
201200019291,0012-04-02 15:30:00,12,4,2,15,30,860,145,,,,Plein jour,Hors agglomération,Hors intersection,Normale,Trois véhicules et plus - en chaîne,,,,,,,,,,,1,1,1,1.0,4
201200019292,0012-04-26 21:45:00,12,4,26,21,45,860,148,,,,Nuit sans éclairage public,Hors agglomération,Hors intersection,Pluie légère,Autre collision,,,,,,,,,,,3,1,1,2.0,6
201200019293,0012-05-21 15:15:00,12,5,21,15,15,860,244,,,,Plein jour,Hors agglomération,Hors intersection,Pluie forte,Deux véhicules - frontale,,,,,,,,,,,1,1,1,3.0,1
201200019294,0012-06-23 10:15:00,12,6,23,10,15,860,145,,,,Plein jour,Hors agglomération,Hors intersection,Normale,Autre collision,,,,,,,,,,,1,1,1,1.0,6
201200019295,0012-08-20 15:15:00,12,8,20,15,15,860,113,,,,Plein jour,Hors agglomération,Hors intersection,Normale,Sans collision,,,,,,,,,,,1,1,1,1.0,7
201200019296,0012-10-10 12:00:00,12,10,10,12,0,860,139,,,,Plein jour,Hors agglomération,Hors intersection,Temps couvert,Trois véhicules et plus - en chaîne,,,,,,,,,,,1,1,1,8.0,4
201200019297,0012-10-18 08:00:00,12,10,18,8,0,860,45,,,,Crépuscule ou aube,Hors agglomération,Hors intersection,Temps couvert,Trois véhicules et plus - collisions multiples,,,,,,,,,,,2,1,1,8.0,5
201200019298,0012-11-21 12:00:00,12,11,21,12,0,860,211,route de sommi?res,,,Plein jour,En agglomération,Hors intersection,Normale,Deux véhicules - frontale,,,,,,,,,,,1,2,1,1.0,1
201200019299,0012-12-06 18:15:00,12,12,6,18,15,860,211,Rue de la Garenne,,,Nuit avec éclairage non allumé,En agglomération,Hors intersection,Pluie légère,Deux véhicules - côté,,,,,,,,,,,4,2,1,2.0,3
201200019300,0012-12-08 17:45:00,12,12,8,17,45,860,83,Place de la salle des f?,,,Nuit sans éclairage public,En agglomération,Hors intersection,Normale,Autre collision,,,,,,,,,,,3,2,1,1.0,6
201200019301,0012-12-18 15:00:00,12,12,18,15,0,860,139,rue de la fée Mélusine,,,Plein jour,En agglomération,Hors intersection,Normale,Autre collision,,,,,,,,,,,1,2,1,1.0,6
201200019302,0012-12-31 18:45:00,12,12,31,18,45,860,281,Le ch?ne,46.728,0.337,Nuit sans éclairage public,En agglomération,Intersection en X,Normale,Deux véhicules - côté,,,,,,,,,,,3,2,2,1.0,3
201200019303,0012-04-08 11:15:00,12,4,8,11,15,860,21,,,,Plein jour,Hors agglomération,Hors intersection,Normale,Autre collision,,,,,,,,,,,1,1,1,1.0,6
201200019304,0012-04-22 19:00:00,12,4,22,19,0,860,177,24 rue thibaudeau,,,Plein jour,En agglomération,Hors intersection,Normale,Autre collision,,,,,,,,,,,1,2,1,1.0,6
201200019305,0012-07-21 20:15:00,12,7,21,20,15,860,2,,,,Plein jour,Hors agglomération,Hors intersection,Normale,Sans collision,,,,,,,,,,,1,1,1,1.0,7
201200019306,0012-07-22 17:45:00,12,7,22,17,45,860,271,,,,Plein jour,Hors agglomération,Hors intersection,Normale,Sans collision,,,,,,,,,,,1,1,1,1.0,7
201200019307,0012-07-23 08:00:00,12,7,23,8,0,860,294,rue du gu? rochelin,,,Plein jour,En agglomération,Hors intersection,Normale,Sans collision,,,,,,,,,,,1,2,1,1.0,7
201200019308,0012-08-19 11:00:00,12,8,19,11,0,860,299,,,,Plein jour,Hors agglomération,Intersection en X,Normale,Deux véhicules - côté,,,,,,,,,,,1,1,2,1.0,3
201200019309,0012-08-24 11:15:00,12,8,24,11,15,860,30,,,,Plein jour,Hors agglomération,Hors intersection,Normale,Deux véhicules - côté,,,,,,,,,,,1,1,1,1.0,3
201200019310,0012-08-28 13:00:00,12,8,28,13,0,860,24,,,,Plein jour,Hors agglomération,Hors intersection,Normale,Deux véhicules - frontale,,,,,,,,,,,1,1,1,1.0,1
201200019311,0012-09-01 13:45:00,12,9,1,13,45,860,160,,,,Plein jour,Hors agglomération,Hors intersection,Normale,Deux véhicules - côté,,,,,,,,,,,1,1,1,1.0,3
201200019312,0012-09-03 07:00:00,12,9,3,7,0,860,73,rue de la forët,,,Plein jour,En agglomération,Intersection en T,Normale,Deux véhicules - côté,,,,,,,,,,,1,2,3,1.0,3
201200019313,0012-09-09 10:00:00,12,9,9,10,0,860,281,,46.742,0.291,Plein jour,Hors agglomération,Hors intersection,Normale,Autre collision,,,,,,,,,,,1,1,1,1.0,6
201200019314,0012-09-21 22:00:00,12,9,21,22,0,860,89,,,,Nuit sans éclairage public,Hors agglomération,Hors intersection,Normale,Sans collision,,,,,,,,,,,3,1,1,1.0,7
201200019315,0012-10-05 10:00:00,12,10,5,10,0,860,177,route de Clan,46.689,0.256,Plein jour,En agglomération,Giratoire,Normale,Deux véhicules - côté,,,,,,,,,,,1,2,6,1.0,3
201200019316,0012-10-17 08:15:00,12,10,17,8,15,860,160,rue Franc Acher/rue Curi,46.788,0.181,Plein jour,En agglomération,Hors intersection,Normale,Deux véhicules - côté,,,,,,,,,,,1,2,1,1.0,3
201200019317,0012-10-29 18:45:00,12,10,29,18,45,860,294,,,,Nuit sans éclairage public,Hors agglomération,Hors intersection,Normale,Autre collision,,,,,,,,,,,3,1,1,1.0,6
201200019318,0012-11-24 11:15:00,12,11,24,11,15,860,160,,,,Plein jour,Hors agglomération,Intersection en X,Normale,Deux véhicules - côté,,,,,,,,,,,1,1,2,1.0,3
201200019319,0012-12-13 13:45:00,12,12,13,13,45,860,123,,,,Plein jour,Hors agglomération,Hors intersection,Pluie légère,Deux véhicules - frontale,,,,,,,,,,,1,1,1,2.0,1