accident_id,datetime,annee,mois,jour,heure,minute,departement,commune_insee,adresse,latitude,longitude,luminosite,agglomeration,intersection,meteo,collision,nb_vehicules,nb_usagers,nb_indemnes,nb_tues,nb_blesses_hosp,nb_blesses_legers,age_cond_1,age_cond_2,veh_type_cond_1,veh_type_cond_2,lum_code,agg_code,int_code,atm_code,col_code
201200019320,0012-12-17 07:45:00,12,12,17,7,45,860,294,2 rue du puits grippon,,,Crépuscule ou aube,En agglomération,Hors intersection,Pluie forte,Autre collision,,,,,,,,,,,2,2,1,3.0,6
201200019321,0012-01-27 16:30:00,12,1,27,16,30,860,111,28 rue Descartes,,,Plein jour,En agglomération,Hors intersection,Normale,Deux véhicules - frontale,,,,,,,,,,,1,2,1,1.0,1
201200019322,0012-03-18 07:15:00,12,3,18,7,15,860,111,,,,Plein jour,En agglomération,Hors intersection,Normale,Autre collision,,,,,,,,,,,1,2,1,1.0,6
201200019323,0012-03-18 16:00:00,12,3,18,16,0,860,130,,,,Plein jour,Hors agglomération,Hors intersection,Pluie légère,Sans collision,,,,,,,,,,,1,1,1,2.0,7
201200019324,0012-06-22 16:45:00,12,6,22,16,45,860,174,rue benoit frachon,,,Plein jour,En agglomération,Giratoire,Normale,Deux véhicules - côté,,,,,,,,,,,1,2,6,1.0,3
201200019325,0012-12-02 17:00:00,12,12,2,17,0,860,92,rue gustave malbrant,,,Plein jour,En agglomération,Hors intersection,Normale,Deux véhicules - arrière,,,,,,,,,,,1,2,1,1.0,2
201200019326,0012-03-13 02:15:00,12,3,13,2,15,860,137,Boulevard du 11 novembre,,,Nuit avec éclairage allumé,En agglomération,Hors intersection,Normale,Autre collision,,,,,,,,,,,5,2,1,1.0,6
201200019327,0012-04-01 20:15:00,12,4,1,20,15,860,252,,,,Crépuscule ou aube,Hors agglomération,Hors intersection,Normale,Autre collision,,,,,,,,,,,2,1,1,1.0,6
201200019328,0012-03-29 15:15:00,12,3,29,15,15,860,259,,,,Plein jour,Hors agglomération,Hors intersection,Normale,Autre collision,,,,,,,,,,,1,1,1,1.0,6
201200019329,0012-03-18 08:00:00,12,3,18,8,0,860,118,,46.456,1.01299,Plein jour,Hors agglomération,Hors intersection,Temps couvert,Autre collision,,,,,,,,,,,1,1,1,8.0,6
201200019330,0012-04-07 05:00:00,12,4,7,5,0,860,175,,,,Nuit sans éclairage public,Hors agglomération,Hors intersection,Normale,Autre collision,,,,,,,,,,,3,1,1,1.0,6
201200019331,0012-05-18 20:15:00,12,5,18,20,15,860,132,,46.522,1.024,Plein jour,Hors agglomération,Intersection en X,Normale,Deux véhicules - frontale,,,,,,,,,,,1,1,2,1.0,1
201200019332,0012-01-28 09:15:00,12,1,28,9,15,290,78,,48.31067,-4.2279,Plein jour,Hors agglomération,Hors intersection,Normale,Deux véhicules - arrière,,,,,,,,,,,1,1,1,1.0,2
201200019333,0012-04-02 19:30:00,12,4,2,19,30,290,140,,48.3855,-4.29921,Plein jour,Hors agglomération,Hors intersection,Normale,Sans collision,,,,,,,,,,,1,1,1,1.0,7
201200019334,0012-06-16 01:15:00,12,6,16,1,15,290,78,,48.33104,-4.15145,Nuit sans éclairage public,Hors agglomération,Hors intersection,Normale,Sans collision,,,,,,,,,,,3,1,1,1.0,7
201200019335,0012-08-12 01:45:00,12,8,12,1,45,290,45,,48.42008,-4.25712,Nuit sans éclairage public,Hors agglomération,Hors intersection,Normale,Trois véhicules et plus - collisions multiples,,,,,,,,,,,3,1,1,1.0,5
201200019336,0012-10-03 16:30:00,12,10,3,16,30,290,45,,48.42567,-4.26205,Plein jour,Hors agglomération,Hors intersection,Temps couvert,Deux véhicules - frontale,,,,,,,,,,,1,1,1,8.0,1
201200019337,0012-10-08 03:00:00,12,10,8,3,0,290,43,,48.36028,-4.25393,Nuit sans éclairage public,Hors agglomération,Hors intersection,Pluie forte,Autre collision,,,,,,,,,,,3,1,1,3.0,6
201200019338,0012-12-11 18:00:00,12,12,11,18,0,290,45,,48.41989,-4.25698,Nuit sans éclairage public,Hors agglomération,Hors intersection,Normale,Trois véhicules et plus - collisions multiples,,,,,,,,,,,3,1,1,1.0,5
201200019339,0012-04-06 16:30:00,12,4,6,16,30,410,61,,47.4689,1.40435,Plein jour,Hors agglomération,Intersection en X,Normale,Deux véhicules - frontale,,,,,,,,,,,1,1,2,1.0,1
201200019340,0012-05-22 17:00:00,12,5,22,17,0,410,295,AVENUE PAUL VALERY,,,Plein jour,En agglomération,Hors intersection,Normale,Deux véhicules - frontale,,,,,,,,,,,1,2,1,1.0,1
201200019341,0012-07-12 18:45:00,12,7,12,18,45,410,34,,47.6095,1.5203,Plein jour,Hors agglomération,Hors intersection,Pluie légère,Deux véhicules - frontale,,,,,,,,,,,1,1,1,2.0,1
201200019342,0012-09-18 17:30:00,12,9,18,17,30,410,160,,47.5595,1.57527,Plein jour,Hors agglomération,Hors intersection,Normale,Deux véhicules - frontale,,,,,,,,,,,1,1,1,1.0,1
201200019343,0012-11-22 18:00:00,12,11,22,18,0,410,67,,47.5115,1.45643,Nuit avec éclairage allumé,En agglomération,Hors intersection,Normale,Autre collision,,,,,,,,,,,5,2,1,1.0,6
201200019344,0012-11-28 10:45:00,12,11,28,10,45,410,204,,47.622,1.42772,Plein jour,Hors agglomération,Hors intersection,Normale,Deux véhicules - côté,,,,,,,,,,,1,1,1,1.0,3
201200019345,0012-11-30 18:00:00,12,11,30,18,0,410,31,SENS CONTRES-BLOIS,47.5859,1.33611,Crépuscule ou aube,En agglomération,Hors intersection,Normale,Autre collision,,,,,,,,,,,2,2,1,1.0,6
201200019346,0012-12-11 12:15:00,12,12,11,12,15,410,31,,47.5256,1.38327,Plein jour,Hors agglomération,Hors intersection,Normale,Deux véhicules - frontale,,,,,,,,,,,1,1,1,1.0,1
201200019347,0012-12-14 08:30:00,12,12,14,8,30,410,262,,47.5432,1.5381,Nuit avec éclairage allumé,Hors agglomération,Hors intersection,Normale,Sans collision,,,,,,,,,,,5,1,1,1.0,7
201200019348,0012-05-20 12:15:00,12,5,20,12,15,410,8,102 GRANDE RUE,47.7217,1.56312,Plein jour,En agglomération,Intersection en T,Normale,Deux véhicules - frontale,,,,,,,,,,,1,2,3,1.0,1
201200019349,0012-06-30 12:30:00,12,6,30,12,30,410,8,,47.7274,1.55104,Plein jour,Hors agglomération,Hors intersection,Normale,Deux véhicules - côté,,,,,,,,,,,1,1,1,1.0,3
201200019350,0012-07-17 15:45:00,12,7,17,15,45,410,156,,47.7029,1.40267,Plein jour,Hors agglomération,Hors intersection,Normale,Deux véhicules - côté,,,,,,,,,,,1,1,1,1.0,3
201200019351,0012-08-06 12:15:00,12,8,6,12,15,410,136,CD 2152,47.6971,1.5007,Plein jour,En agglomération,Hors intersection,Normale,Deux véhicules - frontale,,,,,,,,,,,1,2,1,1.0,1
201200019352,0012-08-19 16:45:00,12,8,19,16,45,410,134,RD2152 PK 17.800,47.6422,1.41248,Plein jour,En agglomération,Hors intersection,Temps éblouissant,Autre collision,,,,,,,,,,,1,2,1,7.0,6
201200019353,0012-10-05 17:45:00,12,10,5,17,45,410,252,,47.669,1.46787,Plein jour,Hors agglomération,Hors intersection,Normale,Deux véhicules - côté,,,,,,,,,,,1,1,1,1.0,3
201200019354,0012-02-11 00:45:00,12,2,11,0,45,410,185,,47.3856,1.66655,Nuit sans éclairage public,Hors agglomération,Hors intersection,Temps couvert,Sans collision,,,,,,,,,,,3,1,1,8.0,7
201200019355,0012-02-18 11:45:00,12,2,18,11,45,410,185,,47.379,1.692,Plein jour,Hors agglomération,Hors intersection,Pluie légère,Autre collision,,,,,,,,,,,1,1,1,2.0,6
201200019356,0012-02-19 02:45:00,12,2,19,2,45,410,97,,47.2927,1.62256,Nuit sans éclairage public,Hors agglomération,Autre intersection,Normale,Autre collision,,,,,,,,,,,3,1,9,1.0,6
201200019357,0012-03-30 11:15:00,12,3,30,11,15,410,185,,47.3387,1.71317,Plein jour,Hors agglomération,Hors intersection,Normale,Trois véhicules et plus - collisions multiples,,,,,,,,,,,1,1,1,1.0,5
201200019358,0012-05-11 17:45:00,12,5,11,17,45,410,157,,47.408,1.629,Plein jour,Hors agglomération,Hors intersection,Normale,Deux véhicules - frontale,,,,,,,,,,,1,1,1,1.0,1
201200019359,0012-05-16 23:00:00,12,5,16,23,0,410,185,,,,Nuit sans éclairage public,Hors agglomération,Hors intersection,Normale,Autre collision,,,,,,,,,,,3,1,1,1.0,6
201200019360,0012-09-07 13:15:00,12,9,7,13,15,410,185,,,,Plein jour,Hors agglomération,Hors intersection,Autre,Autre collision,,,,,,,,,,,1,1,1,9.0,6
201200019361,0012-09-19 13:15:00,12,9,19,13,15,410,242,,47.2669,1.55331,Plein jour,Hors agglomération,Intersection en X,Normale,Deux véhicules - côté,,,,,,,,,,,1,1,2,1.0,3
201200019362,0012-09-24 14:00:00,12,9,24,14,0,410,16,,47.3059,1.58061,Plein jour,Hors agglomération,Hors intersection,Normale,Sans collision,,,,,,,,,,,1,1,1,1.0,7
201200019363,0012-10-30 16:45:00,12,10,30,16,45,410,242,,47.2669,1.55331,Plein jour,Hors agglomération,Intersection en X,Normale,Deux véhicules - côté,,,,,,,,,,,1,1,2,1.0,3
201200019364,0012-11-18 08:30:00,12,11,18,8,30,410,185,,47.3432,1.72288,Crépuscule ou aube,Hors agglomération,Hors intersection,Normale,Sans collision,,,,,,,,,,,2,1,1,1.0,7
201200019365,0012-12-09 16:30:00,12,12,9,16,30,410,44,,,,Plein jour,En agglomération,Hors intersection,Normale,Deux véhicules - côté,,,,,,,,,,,1,2,1,1.0,3
201200019366,0012-01-27 18:45:00,12,1,27,18,45,410,80,,47.309,1.18604,Plein jour,Hors agglomération,Hors intersection,Normale,Autre collision,,,,,,,,,,,1,1,1,1.0,6
201200019367,0012-03-02 21:15:00,12,3,2,21,15,410,43,,47.2837,1.49757,Nuit sans éclairage public,Hors agglomération,Hors intersection,Normale,Deux véhicules - arrière,,,,,,,,,,,3,1,1,1.0,2
201200019368,0012-03-09 16:30:00,12,3,9,16,30,410,257,,47.391,1.31992,Plein jour,Hors agglomération,Intersection en X,Normale,Trois véhicules et plus - en chaîne,,,,,,,,,,,1,1,2,1.0,4
201200019369,0012-03-23 18:30:00,12,3,23,18,30,410,164,,47.2736,1.39919,Plein jour,Hors agglomération,Intersection en X,Normale,Deux véhicules - côté,,,,,,,,,,,1,1,2,1.0,3
201200019370,0012-04-08 09:00:00,12,4,8,9,0,410,59,36 RUE JULIEN NADAU,47.4164,1.43163,Plein jour,En agglomération,Hors intersection,Normale,Deux véhicules - frontale,,,,,,,,,,,1,2,1,1.0,1
201200019371,0012-05-03 14:15:00,12,5,3,14,15,410,211,,47.3221,1.13577,Plein jour,Hors agglomération,Hors intersection,Normale,Deux véhicules - frontale,,,,,,,,,,,1,1,1,1.0,1
201200019372,0012-05-05 14:45:00,12,5,5,14,45,410,59,36 AVENUE DU GENERAL,47.4331,1.42763,Plein jour,En agglomération,Hors intersection,Pluie légère,Autre collision,,,,,,,,,,,1,2,1,2.0,6
201200019373,0012-08-07 14:15:00,12,8,7,14,15,410,49,,47.3625,1.51149,Plein jour,Hors agglomération,Hors intersection,Normale,Autre collision,,,,,,,,,,,1,1,1,1.0,6
201200019374,0012-08-14 17:15:00,12,8,14,17,15,410,42,,47.2163,1.3345,Plein jour,Hors agglomération,Hors intersection,Pluie légère,Deux véhicules - côté,,,,,,,,,,,1,1,1,2.0,3
201200019375,0012-09-09 11:00:00,12,9,9,11,0,410,126,,47.2824,1.35472,Plein jour,Hors agglomération,Hors intersection,Normale,Deux véhicules - frontale,,,,,,,,,,,1,1,1,1.0,1
201200019376,0012-09-15 12:45:00,12,9,15,12,45,410,82,,47.4618,1.38732,Plein jour,Hors agglomération,Hors intersection,Normale,Deux véhicules - frontale,,,,,,,,,,,1,1,1,1.0,1
201200019377,0012-10-05 19:15:00,12,10,5,19,15,410,151,VALLEES DE CHANVRE,47.3492,1.1922,Crépuscule ou aube,En agglomération,Hors intersection,Normale,Autre collision,,,,,,,,,,,2,2,1,1.0,6
201200019378,0012-11-09 18:45:00,12,11,9,18,45,410,211,D17,47.3258,1.12768,Nuit avec éclairage allumé,En agglomération,Hors intersection,Pluie légère,Autre collision,,,,,,,,,,,5,2,1,2.0,6
201200019379,0012-11-03 13:30:00,12,11,3,13,30,410,80,,47.3321,1.18677,Plein jour,Hors agglomération,Hors intersection,Pluie légère,Sans collision,,,,,,,,,,,1,1,1,2.0,7
201200019380,0012-11-21 01:45:00,12,11,21,1,45,410,43,,47.3039,1.43637,Nuit sans éclairage public,Hors agglomération,Hors intersection,Normale,Autre collision,,,,,,,,,,,3,1,1,1.0,6
201200019381,0012-12-05 10:15:00,12,12,5,10,15,410,59,,47.424,1.45533,Plein jour,Hors agglomération,Hors intersection,Pluie légère,Trois véhicules et plus - collisions multiples,,,,,,,,,,,1,1,1,2.0,5
201200019382,0012-12-15 06:45:00,12,12,15,6,45,410,126,,47.289,1.346,Crépuscule ou aube,Hors agglomération,Hors intersection,Pluie légère,Sans collision,,,,,,,,,,,2,1,1,2.0,7
201200019383,0012-02-23 11:00:00,12,2,23,11,0,410,232,RUE DU GUE,,,Plein jour,En agglomération,Hors intersection,Pluie légère,Autre collision,,,,,,,,,,,1,2,1,2.0,6
201200019384,0012-03-10 16:30:00,12,3,10,16,30,410,232,,47.4001,2.05454,Plein jour,Hors agglomération,Hors intersection,Normale,Deux véhicules - frontale,,,,,,,,,,,1,1,1,1.0,1
201200019385,0012-04-12 10:00:00,12,4,12,10,0,410,232,BD DE LA REPUBLIQUE,47.4207,2.05367,Plein jour,En agglomération,Hors intersection,Normale,Deux véhicules - arrière,,,,,,,,,,,1,2,1,1.0,2
201200019386,0012-04-14 13:45:00,12,4,14,13,45,410,231,2 RTE NOUAN LE FUZELIER,47.5254,1.93455,Plein jour,En agglomération,Hors intersection,Normale,Sans collision,,,,,,,,,,,1,2,1,1.0,7
201200019387,0012-08-10 12:15:00,12,8,10,12,15,410,241,,47.3432,1.89457,Plein jour,Hors agglomération,Intersection en X,Normale,Deux véhicules - côté,,,,,,,,,,,1,1,2,1.0,3
201200019388,0012-08-12 14:30:00,12,8,12,14,30,410,161,,47.5815,1.98391,Plein jour,Hors agglomération,Intersection en T,Normale,Deux véhicules - côté,,,,,,,,,,,1,1,3,1.0,3
201200019389,0012-09-06 01:00:00,12,9,6,1,0,410,232,,,,Nuit sans éclairage public,Hors agglomération,Hors intersection,Normale,Autre collision,,,,,,,,,,,3,1,1,1.0,6
201200019390,0012-09-08 18:45:00,12,9,8,18,45,410,231,,,,Plein jour,Hors agglomération,Autre intersection,Normale,Deux véhicules - côté,,,,,,,,,,,1,1,9,1.0,3
201200019391,0012-11-09 19:15:00,12,11,9,19,15,410,231,,47.5466,1.86219,Nuit sans éclairage public,Hors agglomération,Hors intersection,Pluie légère,Trois véhicules et plus - collisions multiples,,,,,,,,,,,3,1,1,2.0,5
201200019392,0012-08-12 19:00:00,12,8,12,19,0,410,95,RUE DE LA GARE,47.8882,1.20948,Plein jour,En agglomération,Hors intersection,Normale,Deux véhicules - côté,,,,,,,,,,,1,2,1,1.0,3
201200019393,0012-09-15 10:30:00,12,9,15,10,30,470,145,LDT LE PASSAGE,44.1492,0.65886,Plein jour,Hors agglomération,Hors intersection,Normale,Autre collision,,,,,,,,,,,1,1,1,1.0,6
201200019394,0012-09-22 16:15:00,12,9,22,16,15,470,69,,44.2214,0.57525,Plein jour,Hors agglomération,Hors intersection,Normale,Trois véhicules et plus - en chaîne,,,,,,,,,,,1,1,1,1.0,4
201200019395,0012-06-03 14:30:00,12,6,3,14,30,470,4,rue Gambetta,,,Plein jour,En agglomération,Hors intersection,Normale,Deux véhicules - arrière,,,,,,,,,,,1,2,1,1.0,2
201200019396,0012-06-17 18:15:00,12,6,17,18,15,470,66,,,,Plein jour,Hors agglomération,Hors intersection,Normale,Autre collision,,,,,,,,,,,1,1,1,1.0,6
201200019397,0012-11-19 19:30:00,12,11,19,19,30,470,4,RUE GAMBETTA,44.303,0.341,Crépuscule ou aube,En agglomération,Hors intersection,Normale,Autre collision,,,,,,,,,,,2,2,1,1.0,6
201200019398,0012-02-18 16:15:00,12,2,18,16,15,470,51,,44.1724,0.70067,Plein jour,Hors agglomération,Intersection en X,Normale,Deux véhicules - frontale,,,,,,,,,,,1,1,2,1.0,1
201200019399,0012-03-09 08:15:00,12,3,9,8,15,470,247,,44.6982,0.30077,Plein jour,Hors agglomération,Intersection en X,Normale,Trois véhicules et plus - collisions multiples,,,,,,,,,,,1,1,2,1.0,5
201200019400,0012-01-19 17:30:00,12,1,19,17,30,470,310,BLD  GAULLE/ 11 NOVEMBRE,44.391,0.30754,Plein jour,En agglomération,Intersection en X,Normale,Autre collision,,,,,,,,,,,1,2,2,1.0,6
201200019401,0012-03-24 01:45:00,12,3,24,1,45,470,159,,44.3946,0.23037,Nuit avec éclairage non allumé,Hors agglomération,Hors intersection,Normale,Autre collision,,,,,,,,,,,4,1,1,1.0,6
201200019402,0012-04-05 20:15:00,12,4,5,20,15,470,310,LDT PELLET,44.3664,0.3192,Plein jour,Hors agglomération,Autre intersection,Normale,Deux véhicules - frontale,,,,,,,,,,,1,1,9,1.0,1
201200019403,0012-05-10 18:00:00,12,5,10,18,0,470,112,D120/D247,44.4385,0.38575,Plein jour,Hors agglomération,Intersection en T,Normale,Deux véhicules - côté,,,,,,,,,,,1,1,3,1.0,3
201200019404,0012-05-11 15:45:00,12,5,11,15,45,470,110,,,,Plein jour,Hors agglomération,Hors intersection,Normale,Autre collision,,,,,,,,,,,1,1,1,1.0,6
201200019405,0012-07-01 15:30:00,12,7,1,15,30,470,54,LDT LISSANDRE,44.4048,0.51036,Plein jour,Hors agglomération,Hors intersection,Normale,Autre collision,,,,,,,,,,,1,1,1,1.0,6
201200019406,0012-06-28 18:15:00,12,6,28,18,15,470,95,LIEU-DIT CONDE,44.4306,0.27251,Plein jour,Hors agglomération,Hors intersection,Normale,Trois véhicules et plus - en chaîne,,,,,,,,,,,1,1,1,1.0,4
201200019407,0012-07-25 00:45:00,12,7,25,0,45,470,135,LDT LA TORGUE,44.3967,0.42797,Nuit sans éclairage public,Hors agglomération,Hors intersection,Normale,Sans collision,,,,,,,,,,,3,1,1,1.0,7
201200019408,0012-08-23 21:00:00,12,8,23,21,0,470,65,,44.3516,0.36588,Nuit sans éclairage public,Hors agglomération,Hors intersection,Normale,Deux véhicules - frontale,,,,,,,,,,,3,1,1,1.0,1
201200019409,0012-10-05 22:15:00,12,10,5,22,15,470,310,,44.4055,0.29675,Nuit sans éclairage public,Hors agglomération,Hors intersection,Normale,Trois véhicules et plus - en chaîne,,,,,,,,,,,3,1,1,1.0,4
201200019410,0012-12-02 04:30:00,12,12,2,4,30,470,110,LDT LES NONES,44.4668,0.24734,Nuit sans éclairage public,Hors agglomération,Hors intersection,Normale,Sans collision,,,,,,,,,,,3,1,1,1.0,7
201200019411,0012-12-02 20:30:00,12,12,2,20,30,470,61,LDT LE BOURG,44.4331,0.18783,Nuit avec éclairage allumé,En agglomération,Hors intersection,Pluie légère,Autre collision,,,,,,,,,,,5,2,1,2.0,6
201200019412,0012-12-02 18:15:00,12,12,2,18,15,470,310,BLD CHARLES DE GAULLES,44.3915,0.30667,Nuit avec éclairage allumé,En agglomération,Hors intersection,Pluie légère,Autre collision,,,,,,,,,,,5,2,1,2.0,6
201200019413,0012-12-07 18:15:00,12,12,7,18,15,470,42,,,,Crépuscule ou aube,Hors agglomération,Hors intersection,Normale,Deux véhicules - côté,,,,,,,,,,,2,1,1,1.0,3
201200019414,0012-09-23 19:45:00,12,9,23,19,45,470,186,,44.194,0.44083,Crépuscule ou aube,Hors agglomération,Hors intersection,Normale,Autre collision,,,,,,,,,,,2,1,1,1.0,6
201200019415,0012-05-01 02:00:00,12,5,1,2,0,470,52,,44.2993,0.09791,Nuit sans éclairage public,Hors agglomération,Hors intersection,Normale,Autre collision,,,,,,,,,,,3,1,1,1.0,6
201200019416,0012-05-10 20:30:00,12,5,10,20,30,470,222,,,,Plein jour,Hors agglomération,Hors intersection,Normale,Deux véhicules - frontale,,,,,,,,,,,1,1,1,1.0,1
201200019417,0012-05-13 00:30:00,12,5,13,0,30,470,7,,44.215,-0.06419,Nuit sans éclairage public,Hors agglomération,Hors intersection,Normale,Autre collision,,,,,,,,,,,3,1,1,1.0,6
201200019418,0012-12-28 15:45:00,12,12,28,15,45,470,52,Avenue de la liberation.,44.319,0.084,Plein jour,En agglomération,Intersection en T,Normale,Deux véhicules - côté,,,,,,,,,,,1,2,3,1.0,3
201200019419,0012-01-04 07:45:00,12,1,4,7,45,470,297,LIEU-DIT MOULIN LA L?RE,44.3275,0.62765,Crépuscule ou aube,Hors agglomération,Hors intersection,Temps couvert,Deux véhicules - frontale,,,,,,,,,,,2,1,1,8.0,1
201200019420,0012-10-08 09:45:00,12,10,8,9,45,470,175,,44.5104,0.75616,Plein jour,Hors agglomération,Hors intersection,Normale,Deux véhicules - frontale,,,,,,,,,,,1,1,1,1.0,1
201200019421,0012-12-03 08:15:00,12,12,3,8,15,470,203,CD 661,44.3873,0.80612,Plein jour,En agglomération,Hors intersection,Pluie légère,Deux véhicules - frontale,,,,,,,,,,,1,2,1,2.0,1
201200019422,0012-05-29 16:15:00,12,5,29,16,15,470,185,,44.4585,0.96194,Plein jour,Hors agglomération,Intersection en X,Normale,Deux véhicules - frontale,,,,,,,,,,,1,1,2,1.0,1
201200019423,0012-09-23 16:15:00,12,9,23,16,15,470,312,,,,Plein jour,Hors agglomération,Hors intersection,Normale,Autre collision,,,,,,,,,,,1,1,1,1.0,6
201200019424,0012-01-13 20:00:00,12,1,13,20,0,470,6,LIEU-DIT LA PLANE,44.4009,0.62892,Nuit sans éclairage public,Hors agglomération,Hors intersection,Brouillard / fumée,Deux véhicules - arrière,,,,,,,,,,,3,1,1,5.0,2
201200019425,0012-10-18 07:15:00,12,10,18,7,15,460,31,,44.591,1.73,Nuit sans éclairage public,Hors agglomération,Hors intersection,Vent fort / tempête,Sans collision,,,,,,,,,,,3,1,1,6.0,7
201200019426,0012-11-28 16:45:00,12,11,28,16,45,420,246,,45.29276,4.61031,Crépuscule ou aube,Hors agglomération,Hors intersection,Pluie forte,Trois véhicules et plus - collisions multiples,,,,,,,,,,,2,1,1,3.0,5
201200019427,0012-01-03 07:45:00,12,1,3,7,45,420,302,5-9  RUE DES PIVOINES,45.48734,4.45254,Crépuscule ou aube,En agglomération,Hors intersection,Normale,Autre collision,,,,,,,,,,,2,2,1,1.0,6
201200019428,0012-11-16 20:45:00,12,11,16,20,45,420,208,,45.54139,4.45051,Nuit sans éclairage public,Hors agglomération,Hors intersection,Normale,Sans collision,,,,,,,,,,,3,1,1,1.0,7
201200019429,0012-02-04 18:00:00,12,2,4,18,0,420,288,,45.76501,3.95066,Crépuscule ou aube,Hors agglomération,Hors intersection,Normale,Deux véhicules - côté,,,,,,,,,,,2,1,1,1.0,3
201200019430,0012-03-20 19:00:00,12,3,20,19,0,420,19,17 rue du 8 mai 1945,45.74431,4.0039,Nuit avec éclairage allumé,En agglomération,Hors intersection,Normale,Autre collision,,,,,,,,,,,5,2,1,1.0,6
201200019431,0012-07-05 11:30:00,12,7,5,11,30,420,197,ZA champbayard,45.73851,4.03695,Plein jour,En agglomération,Intersection en X,Pluie légère,Deux véhicules - côté,,,,,,,,,,,1,2,2,2.0,3
201200019432,0012-07-20 16:15:00,12,7,20,16,15,420,19,Rue Philippe Raymond45,45.74882,4.00053,Plein jour,En agglomération,Hors intersection,Normale,Autre collision,,,,,,,,,,,1,2,1,1.0,6
201200019433,0012-07-06 20:30:00,12,7,6,20,30,420,155,,45.81337,4.17155,Plein jour,Hors agglomération,Hors intersection,Normale,Deux véhicules - frontale,,,,,,,,,,,1,1,1,1.0,1
201200019434,0012-07-18 10:30:00,12,7,18,10,30,420,41,,45.70767,4.16131,Plein jour,Hors agglomération,Hors intersection,Normale,Deux véhicules - frontale,,,,,,,,,,,1,1,1,1.0,1
201200019435,0012-09-01 17:30:00,12,9,1,17,30,420,165,,45.78688,4.34097,Plein jour,En agglomération,Hors intersection,Normale,Deux véhicules - côté,,,,,,,,,,,1,2,1,1.0,3
201200019436,0012-09-12 18:15:00,12,9,12,18,15,420,296,,45.7266,4.29915,Plein jour,Hors agglomération,Hors intersection,Temps couvert,Deux véhicules - frontale,,,,,,,,,,,1,1,1,8.0,1
201200019437,0012-02-28 21:30:00,12,2,28,21,30,420,43,,45.58426,4.28559,Nuit sans éclairage public,Hors agglomération,Hors intersection,Normale,Autre collision,,,,,,,,,,,3,1,1,1.0,6
201200019438,0012-04-05 15:45:00,12,4,5,15,45,420,59,carrefour st-roch,45.63884,4.39187,Plein jour,En agglomération,Autre intersection,Normale,Autre collision,,,,,,,,,,,1,2,9,1.0,6
201200019439,0012-04-28 20:00:00,12,4,28,20,0,420,102,,45.57515,4.44995,Crépuscule ou aube,Hors agglomération,Hors intersection,Vent fort / tempête,Sans collision,,,,,,,,,,,2,1,1,6.0,7
201200019440,0012-08-11 09:30:00,12,8,11,9,30,420,222,,45.6068,4.32119,Plein jour,Hors agglomération,Hors intersection,Normale,Deux véhicules - frontale,,,,,,,,,,,1,1,1,1.0,1
201200019441,0012-09-14 17:15:00,12,9,14,17,15,420,38,,45.62805,4.16721,Plein jour,Hors agglomération,Hors intersection,Normale,Deux véhicules - côté,,,,,,,,,,,1,1,1,1.0,3
201200019442,0012-09-16 04:45:00,12,9,16,4,45,420,13,Les Pierres Blanches,45.64568,4.34408,Nuit sans éclairage public,Hors agglomération,Hors intersection,Normale,Autre collision,,,,,,,,,,,3,1,1,1.0,6
201200019443,0012-11-17 12:30:00,12,11,17,12,30,420,206,,45.54826,4.32184,Plein jour,Hors agglomération,Hors intersection,Normale,Trois véhicules et plus - collisions multiples,,,,,,,,,,,1,1,1,1.0,5
201200019444,0012-11-23 18:30:00,12,11,23,18,30,420,81,,45.61323,4.26418,Nuit avec éclairage allumé,Hors agglomération,Intersection en X,Normale,Deux véhicules - côté,,,,,,,,,,,5,1,2,1.0,3
201200019445,0012-10-03 13:00:00,12,10,3,13,0,420,77,"RD 103, Le bourg",45.917,4.22738,Plein jour,En agglomération,Hors intersection,Normale,Deux véhicules - côté,,,,,,,,,,,1,2,1,1.0,3
201200019446,0012-12-26 09:15:00,12,12,26,9,15,420,277,,45.93104,4.10653,Plein jour,Hors agglomération,Hors intersection,Temps éblouissant,Deux véhicules - frontale,,,,,,,,,,,1,1,1,7.0,1
201200019447,0012-03-02 11:15:00,12,3,2,11,15,420,4,,45.88153,4.03911,Plein jour,Hors agglomération,Hors intersection,Normale,Deux véhicules - côté,,,,,,,,,,,1,1,1,1.0,3
201200019448,0012-05-27 14:45:00,12,5,27,14,45,420,230,450 rue Nationale,45.83154,4.016,Plein jour,En agglomération,Hors intersection,Pluie forte,Sans collision,,,,,,,,,,,1,2,1,3.0,7
201200019449,0012-08-04 03:30:00,12,8,4,3,30,420,116,,45.88488,3.89025,Nuit sans éclairage public,Hors agglomération,Hors intersection,Normale,Autre collision,,,,,,,,,,,3,1,1,1.0,6
201200019450,0012-09-10 07:00:00,12,9,10,7,0,420,4,,45.87169,4.03803,Plein jour,Hors agglomération,Hors intersection,Normale,Deux véhicules - frontale,,,,,,,,,,,1,1,1,1.0,1