accident_id,datetime,annee,mois,jour,heure,minute,departement,commune_insee,adresse,latitude,longitude,luminosite,agglomeration,intersection,meteo,collision,nb_vehicules,nb_usagers,nb_indemnes,nb_tues,nb_blesses_hosp,nb_blesses_legers,age_cond_1,age_cond_2,veh_type_cond_1,veh_type_cond_2,lum_code,agg_code,int_code,atm_code,col_code
201200019451,0012-03-02 17:15:00,12,3,2,17,15,120,1,,44.346,2.71,Plein jour,Hors agglomération,Hors intersection,Normale,Deux véhicules - côté,,,,,,,,,,,1,1,1,1.0,3
201200019452,0012-03-07 11:00:00,12,3,7,11,0,120,50,,44.249,2.759,Plein jour,Hors agglomération,Hors intersection,Normale,Deux véhicules - côté,,,,,,,,,,,1,1,1,1.0,3
201200019453,0012-06-14 09:00:00,12,6,14,9,0,120,56,,44.281,2.432,Plein jour,Hors agglomération,Hors intersection,Normale,Deux véhicules - arrière,,,,,,,,,,,1,1,1,1.0,2
201200019454,0012-06-22 13:30:00,12,6,22,13,30,120,102,,,,Plein jour,Hors agglomération,Hors intersection,Normale,Autre collision,,,,,,,,,,,1,1,1,1.0,6
201200019455,0012-06-28 17:30:00,12,6,28,17,30,120,188,,44.277,2.753,Plein jour,Hors agglomération,Intersection en X,Normale,Deux véhicules - côté,,,,,,,,,,,1,1,2,1.0,3
201200019456,0012-08-03 11:00:00,12,8,3,11,0,120,102,,44.294,2.582,Plein jour,Hors agglomération,Hors intersection,Normale,Deux véhicules - arrière,,,,,,,,,,,1,1,1,1.0,2
201200019457,0012-09-25 18:00:00,12,9,25,18,0,120,297,,44.333,2.679,Plein jour,Hors agglomération,Hors intersection,Normale,Sans collision,,,,,,,,,,,1,1,1,1.0,7
201200019458,0012-10-12 07:30:00,12,10,12,7,30,120,162,,44.321,2.439,Crépuscule ou aube,Hors agglomération,Hors intersection,Pluie légère,Sans collision,,,,,,,,,,,2,1,1,2.0,7
201200019459,0012-10-21 16:00:00,12,10,21,16,0,120,182,,,,Plein jour,Hors agglomération,Intersection en T,Normale,Deux véhicules - côté,,,,,,,,,,,1,1,3,1.0,3
201200019460,0012-06-22 21:00:00,12,6,22,21,0,120,291,,,,Plein jour,Hors agglomération,Hors intersection,Normale,Autre collision,,,,,,,,,,,1,1,1,1.0,6
201200019461,0012-08-27 09:30:00,12,8,27,9,30,120,266,,,,Plein jour,Hors agglomération,Hors intersection,Normale,Deux véhicules - frontale,,,,,,,,,,,1,1,1,1.0,1
201200019462,0012-09-23 12:00:00,12,9,23,12,0,120,213,AZINIERES,,,Plein jour,En agglomération,Hors intersection,Normale,Sans collision,,,,,,,,,,,1,2,1,1.0,7
201200019463,0012-09-02 07:45:00,12,9,2,7,45,120,247,,44.427,3.045,Plein jour,Hors agglomération,Hors intersection,Normale,Sans collision,,,,,,,,,,,1,1,1,1.0,7
201200019464,0012-07-08 17:45:00,12,7,8,17,45,120,208,,43.953,2.913,Plein jour,Hors agglomération,Hors intersection,Normale,Deux véhicules - frontale,,,,,,,,,,,1,1,1,1.0,1
201200019465,0012-08-05 16:30:00,12,8,5,16,30,120,244,,44.056,2.9,Plein jour,En agglomération,Hors intersection,Normale,Autre collision,,,,,,,,,,,1,2,1,1.0,6
201200019466,0012-09-08 09:45:00,12,9,8,9,45,120,292,,43.899,2.942,Plein jour,En agglomération,Hors intersection,Temps éblouissant,Autre collision,,,,,,,,,,,1,2,1,7.0,6
201200019467,0012-10-06 16:30:00,12,10,6,16,30,120,208,,43.973,2.9,Plein jour,Hors agglomération,Hors intersection,Normale,Deux véhicules - frontale,,,,,,,,,,,1,1,1,1.0,1
201200019468,0012-04-29 19:45:00,12,4,29,19,45,120,44,,43.842,2.923,Plein jour,Hors agglomération,Hors intersection,Normale,Autre collision,,,,,,,,,,,1,1,1,1.0,6
201200019469,0012-02-12 15:00:00,12,2,12,15,0,120,44,"42, route de Brusque",43.817,2.883,Plein jour,En agglomération,Hors intersection,Normale,Autre collision,,,,,,,,,,,1,2,1,1.0,6
201200019470,0012-02-16 15:15:00,12,2,16,15,15,120,217,,44.417,1.968,Plein jour,Hors agglomération,Intersection en X,Normale,Deux véhicules - côté,,,,,,,,,,,1,1,2,1.0,3
201200019471,0012-05-20 18:15:00,12,5,20,18,15,120,30,,44.579,2.171,Crépuscule ou aube,Hors agglomération,Hors intersection,Pluie légère,Trois véhicules et plus - collisions multiples,,,,,,,,,,,2,1,1,2.0,5
201200019472,0012-05-08 16:00:00,12,5,8,16,0,490,242,VC1,47.53891,-0.65029,Plein jour,Hors agglomération,Hors intersection,Temps couvert,Sans collision,,,,,,,,,,,1,1,1,8.0,7
201200019473,0012-06-02 09:00:00,12,6,2,9,0,490,20,,47.47127,-0.61511,Plein jour,Hors agglomération,Hors intersection,Normale,Trois véhicules et plus - collisions multiples,,,,,,,,,,,1,1,1,1.0,5
201200019474,0012-06-14 20:00:00,12,6,14,20,0,490,55,Le petit vaux,47.55875,-0.55888,Plein jour,Hors agglomération,Hors intersection,Normale,Deux véhicules - frontale,,,,,,,,,,,1,1,1,1.0,1
201200019475,0012-06-28 02:30:00,12,6,28,2,30,490,35,rue chevriere,47.4247,-0.60942,Nuit sans éclairage public,En agglomération,Hors intersection,Normale,Autre collision,,,,,,,,,,,3,2,1,1.0,6
201200019476,0012-09-01 19:45:00,12,9,1,19,45,490,20,,47.46779,-0.62034,Plein jour,Hors agglomération,Giratoire,Normale,Sans collision,,,,,,,,,,,1,1,6,1.0,7
201200019477,0012-11-15 17:15:00,12,11,15,17,15,490,55,,47.54038,-0.58209,Plein jour,Hors agglomération,Hors intersection,Temps couvert,Autre collision,,,,,,,,,,,1,1,1,8.0,6
201200019478,0012-04-25 17:00:00,12,4,25,17,0,490,317,Landevert,47.3736,-0.32086,Plein jour,Hors agglomération,Intersection en T,Normale,Deux véhicules - côté,,,,,,,,,,,1,1,3,1.0,3
201200019479,0012-05-27 07:00:00,12,5,27,7,0,490,223,rampe d'erigne,47.40547,-0.5259,Plein jour,En agglomération,Hors intersection,Normale,Autre collision,,,,,,,,,,,1,2,1,1.0,6
201200019480,0012-09-22 21:00:00,12,9,22,21,0,490,222,la planche,47.34459,-0.58005,Nuit sans éclairage public,Hors agglomération,Hors intersection,Normale,Deux véhicules - frontale,,,,,,,,,,,3,1,1,1.0,1
201200019481,0012-03-06 08:45:00,12,3,6,8,45,490,129,rue d'eventard,47.4965,-0.51484,Plein jour,En agglomération,Hors intersection,Temps éblouissant,Deux véhicules - côté,,,,,,,,,,,1,2,1,7.0,3
201200019482,0012-04-20 01:15:00,12,4,20,1,15,490,323,La singerie,47.49386,-0.49963,Nuit sans éclairage public,Hors agglomération,Intersection en X,Normale,Deux véhicules - côté,,,,,,,,,,,3,1,2,1.0,3
201200019483,0012-05-12 14:30:00,12,5,12,14,30,490,4,Le rezeau,47.46871,-0.37606,Plein jour,Hors agglomération,Hors intersection,Normale,Sans collision,,,,,,,,,,,1,1,1,1.0,7
201200019484,0012-05-17 21:15:00,12,5,17,21,15,490,323,place de la mairie,47.52007,-0.47124,Plein jour,En agglomération,Hors intersection,Temps couvert,Autre collision,,,,,,,,,,,1,2,1,8.0,6
201200019485,0012-05-31 16:15:00,12,5,31,16,15,490,117,,47.42903,-0.47146,Plein jour,Hors agglomération,Hors intersection,Normale,Trois véhicules et plus - en chaîne,,,,,,,,,,,1,1,1,1.0,4
201200019486,0012-05-31 17:00:00,12,5,31,17,0,490,241,Les Varennes,47.49128,-0.44264,Plein jour,Hors agglomération,Hors intersection,Normale,Deux véhicules - côté,,,,,,,,,,,1,1,1,1.0,3
201200019487,0012-06-04 13:30:00,12,6,4,13,30,490,129,Route d'ANGERS,47.50697,-0.51673,Plein jour,Hors agglomération,Hors intersection,Normale,Deux véhicules - frontale,,,,,,,,,,,1,1,1,1.0,1
201200019488,0012-06-27 18:15:00,12,6,27,18,15,490,377,le clos de montpoing,47.55689,-0.44323,Plein jour,Hors agglomération,Hors intersection,Normale,Deux véhicules - côté,,,,,,,,,,,1,1,1,1.0,3
201200019489,0012-07-05 17:30:00,12,7,5,17,30,490,4,Rue des mejuteaux,47.46523,-0.39968,Plein jour,Hors agglomération,Intersection en X,Normale,Deux véhicules - côté,,,,,,,,,,,1,1,2,1.0,3
201200019490,0012-07-15 02:15:00,12,7,15,2,15,490,129,la petite plesse,47.52223,-0.51016,Nuit sans éclairage public,Hors agglomération,Hors intersection,Normale,Autre collision,,,,,,,,,,,3,1,1,1.0,6
201200019491,0012-07-19 07:30:00,12,7,19,7,30,490,117,L'oseraie,47.42419,-0.46663,Plein jour,Hors agglomération,Hors intersection,Normale,Deux véhicules - arrière,,,,,,,,,,,1,1,1,1.0,2
201200019492,0012-08-21 09:00:00,12,8,21,9,0,490,377,Le Brosset,47.55156,-0.4638,Plein jour,Hors agglomération,Intersection en T,Normale,Deux véhicules - côté,,,,,,,,,,,1,1,3,1.0,3
201200019493,0012-09-30 06:45:00,12,9,30,6,45,490,117,L'oseraie,47.4246,-0.46799,Nuit sans éclairage public,Hors agglomération,Hors intersection,Brouillard / fumée,Deux véhicules - côté,,,,,,,,,,,3,1,1,5.0,3
201200019494,0012-10-10 08:30:00,12,10,10,8,30,490,307,levée du roi René,47.41089,-0.33244,Plein jour,En agglomération,Hors intersection,Normale,Deux véhicules - frontale,,,,,,,,,,,1,2,1,1.0,1
201200019495,0012-11-05 08:15:00,12,11,5,8,15,490,377,,47.5331,-0.41524,Plein jour,Hors agglomération,Hors intersection,Normale,Autre collision,,,,,,,,,,,1,1,1,1.0,6
201200019496,0012-12-05 09:45:00,12,12,5,9,45,490,377,Le Cloteau,47.53237,-0.41654,Plein jour,Hors agglomération,Hors intersection,Temps couvert,Trois véhicules et plus - en chaîne,,,,,,,,,,,1,1,1,8.0,4
201200019497,0012-01-15 07:00:00,12,1,15,7,0,490,334,,47.52014,-0.21282,Crépuscule ou aube,Hors agglomération,Hors intersection,Normale,Autre collision,,,,,,,,,,,2,1,1,1.0,6
201200019498,0012-06-30 18:00:00,12,6,30,18,0,490,110,La genetiere,47.531,-0.39483,Plein jour,Hors agglomération,Hors intersection,Normale,Sans collision,,,,,,,,,,,1,1,1,1.0,7
201200019499,0012-07-24 12:15:00,12,7,24,12,15,490,163,,47.55536,-0.22608,Plein jour,Hors agglomération,Intersection en T,Normale,Trois véhicules et plus - collisions multiples,,,,,,,,,,,1,1,3,1.0,5
201200019500,0012-06-10 10:30:00,12,6,10,10,30,490,212,La Bretonnière,47.36493,-0.82838,Plein jour,Hors agglomération,Hors intersection,Pluie forte,Sans collision,,,,,,,,,,,1,1,1,3.0,7
201200019501,0012-04-10 18:30:00,12,4,10,18,30,490,316,rue de bretagne,47.27284,-1.07981,Plein jour,En agglomération,Hors intersection,Normale,Deux véhicules - côté,,,,,,,,,,,1,2,1,1.0,3
201200019502,0012-09-25 18:15:00,12,9,25,18,15,490,276,ROUTE DU MARILLAIS,47.36014,-1.01985,Plein jour,En agglomération,Hors intersection,Normale,Autre collision,,,,,,,,,,,1,2,1,1.0,6
201200019503,0012-12-05 17:00:00,12,12,5,17,0,490,350,rue griffon,47.03769,-1.11445,Nuit avec éclairage non allumé,En agglomération,Hors intersection,Pluie légère,Deux véhicules - frontale,,,,,,,,,,,4,2,1,2.0,1
201200019504,0012-03-17 13:00:00,12,3,17,13,0,490,368,,47.61477,-0.9434,Plein jour,Hors agglomération,Hors intersection,Pluie forte,Sans collision,,,,,,,,,,,1,1,1,3.0,7
201200019505,0012-02-04 22:30:00,12,2,4,22,30,490,182,rue principale,47.23393,-0.31022,Nuit sans éclairage public,Hors agglomération,Hors intersection,Normale,Deux véhicules - arrière,,,,,,,,,,,3,1,1,1.0,2
201200019506,0012-03-09 18:15:00,12,3,9,18,15,490,121,La pinsonniere,47.28231,-0.25871,Plein jour,Hors agglomération,Hors intersection,Normale,Deux véhicules - côté,,,,,,,,,,,1,1,1,1.0,3
201200019507,0012-04-18 16:00:00,12,4,18,16,0,490,336,La cassandreau,47.03615,-0.6468,Plein jour,Hors agglomération,Hors intersection,Pluie forte,Sans collision,,,,,,,,,,,1,1,1,3.0,7
201200019508,0012-05-18 22:45:00,12,5,18,22,45,490,125,,47.18012,-0.26726,Nuit sans éclairage public,Hors agglomération,Hors intersection,Normale,Deux véhicules - frontale,,,,,,,,,,,3,1,1,1.0,1
201200019509,0012-06-18 07:45:00,12,6,18,7,45,490,104,12 RUE NATIONALE,47.17431,-0.33991,Plein jour,En agglomération,Hors intersection,Normale,Deux véhicules - frontale,,,,,,,,,,,1,2,1,1.0,1
201200019510,0012-08-15 18:45:00,12,8,15,18,45,490,365,La Trotiniere,47.13786,-0.3061,Plein jour,Hors agglomération,Hors intersection,Normale,Sans collision,,,,,,,,,,,1,1,1,1.0,7
201200019511,0012-09-30 07:00:00,12,9,30,7,0,490,336,Malhotel,47.04121,-0.59732,Crépuscule ou aube,Hors agglomération,Hors intersection,Normale,Sans collision,,,,,,,,,,,2,1,1,1.0,7
201200019512,0012-10-09 10:00:00,12,10,9,10,0,490,104,,47.17004,-0.35998,Plein jour,Hors agglomération,Intersection en X,Temps couvert,Deux véhicules - côté,,,,,,,,,,,1,1,2,8.0,3
201200019513,0012-10-17 18:45:00,12,10,17,18,45,490,125,Route d'ANGERS,47.2046,-0.28949,Crépuscule ou aube,Hors agglomération,Hors intersection,Temps couvert,Autre collision,,,,,,,,,,,2,1,1,8.0,6
201200019514,0012-10-18 02:15:00,12,10,18,2,15,490,365,rue de la mairie,47.15659,-0.30121,Nuit sans éclairage public,Hors agglomération,Intersection en T,Pluie forte,Autre collision,,,,,,,,,,,3,1,3,3.0,6
201200019515,0012-11-10 15:45:00,12,11,10,15,45,490,125,Bd Jacques Savary,47.18302,-0.26437,Plein jour,En agglomération,Intersection en T,Normale,Deux véhicules - côté,,,,,,,,,,,1,2,3,1.0,3
201200019516,0012-11-24 09:00:00,12,11,24,9,0,490,3,,47.25764,-0.33348,Plein jour,Hors agglomération,Hors intersection,Normale,Deux véhicules - arrière,,,,,,,,,,,1,1,1,1.0,2
201200019517,0012-02-02 07:45:00,12,2,2,7,45,490,180,,47.36825,-0.12073,Crépuscule ou aube,Hors agglomération,Hors intersection,Normale,Deux véhicules - côté,,,,,,,,,,,2,1,1,1.0,3
201200019518,0012-03-11 09:00:00,12,3,11,9,0,490,370,,47.27843,-0.22186,Plein jour,Hors agglomération,Intersection en X,Normale,Deux véhicules - côté,,,,,,,,,,,1,1,2,1.0,3
201200019519,0012-06-01 16:15:00,12,6,1,16,15,490,274,,47.18829,-0.04595,Plein jour,Hors agglomération,Intersection en X,Temps éblouissant,Deux véhicules - côté,,,,,,,,,,,1,1,2,7.0,3
201200019520,0012-06-21 08:30:00,12,6,21,8,30,490,215,,47.13434,-0.09692,Plein jour,Hors agglomération,Hors intersection,Normale,Autre collision,,,,,,,,,,,1,1,1,1.0,6
201200019521,0012-08-09 16:45:00,12,8,9,16,45,490,215,,47.12501,-0.15845,Plein jour,Hors agglomération,Intersection en T,Normale,Deux véhicules - côté,,,,,,,,,,,1,1,3,1.0,3
201200019522,0012-12-18 18:45:00,12,12,18,18,45,490,46,,47.16405,-0.04156,Nuit avec éclairage allumé,Hors agglomération,Hors intersection,Normale,Autre collision,,,,,,,,,,,5,1,1,1.0,6
201200019523,0012-01-24 14:00:00,12,1,24,14,0,490,54,Rue Charles De Gaulle,47.56043,-1.03548,Plein jour,En agglomération,Hors intersection,Normale,Deux véhicules - côté,,,,,,,,,,,1,2,1,1.0,3
201200019524,0012-10-18 14:30:00,12,10,18,14,30,490,88,"18, routes des grees",47.74807,-1.10823,Plein jour,En agglomération,Hors intersection,Pluie légère,Autre collision,,,,,,,,,,,1,2,1,2.0,6
201200019525,0012-10-31 18:30:00,12,10,31,18,30,490,144,La Deroilaie,47.54466,-1.06327,Nuit sans éclairage public,Hors agglomération,Hors intersection,Normale,Deux véhicules - frontale,,,,,,,,,,,3,1,1,1.0,1
201200019526,0012-06-10 23:30:00,12,6,10,23,30,490,249,carrefour des sapins,47.52708,-0.80517,Nuit sans éclairage public,Hors agglomération,Hors intersection,Normale,Sans collision,,,,,,,,,,,3,1,1,1.0,7
201200019527,0012-06-29 17:30:00,12,6,29,17,30,490,26,la tremblaye,47.50493,-0.7848,Plein jour,Hors agglomération,Hors intersection,Normale,Sans collision,,,,,,,,,,,1,1,1,1.0,7
201200019528,0012-11-17 06:00:00,12,11,17,6,0,490,176,,47.63605,-0.72369,Nuit sans éclairage public,Hors agglomération,Giratoire,Brouillard / fumée,Sans collision,,,,,,,,,,,3,1,6,5.0,7
201200019529,0012-12-30 05:00:00,12,12,30,5,0,490,367,,47.60756,-0.79953,Nuit sans éclairage public,Hors agglomération,Hors intersection,Pluie légère,Autre collision,,,,,,,,,,,3,1,1,2.0,6
201200019530,0012-05-20 18:00:00,12,5,20,18,0,490,254,le bois de sinet,47.65202,-0.611,Plein jour,Hors agglomération,Hors intersection,Pluie légère,Deux véhicules - arrière,,,,,,,,,,,1,1,1,2.0,2
201200019531,0012-07-22 20:45:00,12,7,22,20,45,490,96,La Papiniere,47.72609,-0.56556,Plein jour,Hors agglomération,Hors intersection,Normale,Sans collision,,,,,,,,,,,1,1,1,1.0,7
201200019532,0012-08-09 19:45:00,12,8,9,19,45,490,65,,47.66552,-0.55538,Plein jour,Hors agglomération,Hors intersection,Normale,Deux véhicules - frontale,,,,,,,,,,,1,1,1,1.0,1
201200019533,0012-03-10 17:15:00,12,3,10,17,15,550,132,25 rue de BAR,,,Plein jour,En agglomération,Hors intersection,Normale,Deux véhicules - côté,,,,,,,,,,,1,2,1,1.0,3
201200019534,0012-11-24 18:45:00,12,11,24,18,45,550,10,,48.645,5.028,Nuit sans éclairage public,Hors agglomération,Autre intersection,Normale,Sans collision,,,,,,,,,,,3,1,9,1.0,7
201200019535,0012-12-17 23:30:00,12,12,17,23,30,550,10,,48.61437,5.03294,Nuit sans éclairage public,Hors agglomération,Hors intersection,Temps couvert,Autre collision,,,,,,,,,,,3,1,1,8.0,6
201200019536,0012-01-10 06:15:00,12,1,10,6,15,550,463,,48.895,5.541,Nuit avec éclairage non allumé,En agglomération,Hors intersection,Pluie légère,Autre collision,,,,,,,,,,,4,2,1,2.0,6
201200019537,0012-06-29 17:00:00,12,6,29,17,0,550,368,,48.673,5.558,Plein jour,Hors agglomération,Hors intersection,Normale,Autre collision,,,,,,,,,,,1,1,1,1.0,6
201200019538,0012-12-17 18:00:00,12,12,17,18,0,550,350,,,,Nuit sans éclairage public,Hors agglomération,Hors intersection,Pluie forte,Deux véhicules - frontale,,,,,,,,,,,3,1,1,3.0,1
201200019539,0012-04-21 10:15:00,12,4,21,10,15,550,497,,49.084,5.285,Plein jour,Hors agglomération,Hors intersection,Pluie légère,Sans collision,,,,,,,,,,,1,1,1,2.0,7
201200019540,0012-04-28 12:15:00,12,4,28,12,15,550,102,,,,Plein jour,Hors agglomération,Hors intersection,Normale,Sans collision,,,,,,,,,,,1,1,1,1.0,7
201200019541,0012-06-20 11:00:00,12,6,20,11,0,550,154,,49.08167,5.423,Plein jour,Hors agglomération,Hors intersection,Normale,Deux véhicules - côté,,,,,,,,,,,1,1,1,1.0,3
201200019542,0012-07-15 00:30:00,12,7,15,0,30,550,571,RD123b,49.32932,5.23346,Nuit avec éclairage allumé,En agglomération,Hors intersection,Pluie légère,Autre collision,,,,,,,,,,,5,2,1,2.0,6
201200019543,0012-06-17 18:45:00,12,6,17,18,45,550,63,,49.3007,5.74738,Plein jour,Hors agglomération,Hors intersection,Normale,Deux véhicules - frontale,,,,,,,,,,,1,1,1,1.0,1
201200019544,0012-12-16 03:00:00,12,12,16,3,0,550,181,,49.219,5.64,Nuit sans éclairage public,Hors agglomération,Giratoire,Normale,Sans collision,,,,,,,,,,,3,1,6,1.0,7
201200019545,0012-04-07 14:15:00,12,4,7,14,15,550,279,,49.47174,5.13419,Plein jour,Hors agglomération,Intersection en T,Normale,Deux véhicules - frontale,,,,,,,,,,,1,1,3,1.0,1
201200019546,0012-09-27 07:00:00,12,9,27,7,0,610,321,,,,Crépuscule ou aube,Hors agglomération,Hors intersection,Pluie légère,Deux véhicules - frontale,,,,,,,,,,,2,1,1,2.0,1
201200019547,0012-07-04 18:15:00,12,7,4,18,15,610,74,18 AVE MAL LECLERC,,,Plein jour,En agglomération,Hors intersection,Pluie forte,Autre collision,,,,,,,,,,,1,2,1,3.0,6
201200019548,0012-01-29 19:30:00,12,1,29,19,30,610,202,,,,Nuit sans éclairage public,Hors agglomération,Intersection en X,Normale,Deux véhicules - côté,,,,,,,,,,,3,1,2,1.0,3
201200019549,0012-09-06 18:00:00,12,9,6,18,0,610,249,,48.656,0.022,Plein jour,Hors agglomération,Hors intersection,Normale,Deux véhicules - côté,,,,,,,,,,,1,1,1,1.0,3
201200019550,0012-11-29 18:15:00,12,11,29,18,15,610,454,LE BOURG,,,Nuit avec éclairage allumé,En agglomération,Intersection en T,Normale,Deux véhicules - côté,,,,,,,,,,,5,2,3,1.0,3
201200019551,0012-08-01 17:30:00,12,8,1,17,30,610,170,,,,Plein jour,Hors agglomération,Intersection en X,Normale,Deux véhicules - côté,,,,,,,,,,,1,1,2,1.0,3
201200019552,0012-11-26 20:15:00,12,11,26,20,15,610,179,,,,Nuit sans éclairage public,Hors agglomération,Hors intersection,Normale,Deux véhicules - frontale,,,,,,,,,,,3,1,1,1.0,1
201200019553,0012-11-25 18:00:00,12,11,25,18,0,610,189,,,,Crépuscule ou aube,Hors agglomération,Hors intersection,Normale,Autre collision,,,,,,,,,,,2,1,1,1.0,6
201200019554,0012-08-03 21:15:00,12,8,3,21,15,610,40,,48.718,-0.474,Plein jour,Hors agglomération,Hors intersection,Normale,Autre collision,,,,,,,,,,,1,1,1,1.0,6
201200019555,0012-12-14 18:00:00,12,12,14,18,0,610,486,boulevard du nord,,,Nuit sans éclairage public,En agglomération,Hors intersection,Pluie légère,Autre collision,,,,,,,,,,,3,2,1,2.0,6
201200019556,0012-01-12 07:45:00,12,1,12,7,45,610,332,,,,Nuit sans éclairage public,Hors agglomération,Hors intersection,Normale,Autre collision,,,,,,,,,,,3,1,1,1.0,6
201200019557,0012-08-28 18:45:00,12,8,28,18,45,610,483,rue professeur J Louvel,,,Plein jour,En agglomération,Hors intersection,Normale,Autre collision,,,,,,,,,,,1,2,1,1.0,6
201200019558,0012-11-07 14:45:00,12,11,7,14,45,610,96,rue d'Alencon,,,Plein jour,En agglomération,Intersection en X,Normale,Deux véhicules - côté,,,,,,,,,,,1,2,2,1.0,3
201200019559,0012-05-01 12:15:00,12,5,1,12,15,610,66,LA SAUSSAIE,,,Plein jour,Hors agglomération,Intersection en T,Normale,Deux véhicules - côté,,,,,,,,,,,1,1,3,1.0,3
201200019560,0012-01-18 16:15:00,12,1,18,16,15,610,151,,,,Nuit sans éclairage public,Hors agglomération,Intersection en X,Pluie légère,Deux véhicules - côté,,,,,,,,,,,3,1,2,2.0,3
201200019561,0012-06-29 20:00:00,12,6,29,20,0,610,214,RUE JEAN BAPTISTE BIOT,,,Plein jour,En agglomération,Hors intersection,Normale,Sans collision,,,,,,,,,,,1,2,1,1.0,7
201200019562,0012-11-30 09:30:00,12,11,30,9,30,610,456,la mousse,,,Plein jour,En agglomération,Hors intersection,Normale,Autre collision,,,,,,,,,,,1,2,1,1.0,6
201200019563,0012-12-24 21:00:00,12,12,24,21,0,610,386,,,,Nuit sans éclairage public,Hors agglomération,Hors intersection,Normale,Deux véhicules - frontale,,,,,,,,,,,3,1,1,1.0,1
201200019564,0012-07-03 15:00:00,12,7,3,15,0,610,206,LE BILLOT,,,Plein jour,Hors agglomération,Hors intersection,Normale,Deux véhicules - frontale,,,,,,,,,,,1,1,1,1.0,1
201200019565,0012-09-08 11:45:00,12,9,8,11,45,610,50,,,,Plein jour,Hors agglomération,Hors intersection,Normale,Deux véhicules - frontale,,,,,,,,,,,1,1,1,1.0,1
201200019566,0012-11-10 06:45:00,12,11,10,6,45,610,125,,,,Nuit sans éclairage public,Hors agglomération,Hors intersection,Pluie légère,Autre collision,,,,,,,,,,,3,1,1,2.0,6
201200019567,0012-02-23 14:30:00,12,2,23,14,30,760,711,QUAI  SADI CARNOT,50.05982,1.37798,Plein jour,En agglomération,Hors intersection,Pluie légère,Deux véhicules - arrière,,,,,,,,,,,1,2,1,2.0,2
201200019568,0012-03-19 10:30:00,12,3,19,10,30,760,711,"7, R PAUL PARAY",50.05654,1.38411,Plein jour,En agglomération,Intersection en T,Normale,Deux véhicules - côté,,,,,,,,,,,1,2,3,1.0,3
201200019569,0012-04-20 22:45:00,12,4,20,22,45,800,533,ZA GRANDS MARAIS,,,Nuit avec éclairage allumé,En agglomération,Giratoire,Pluie légère,Deux véhicules - côté,,,,,,,,,,,5,2,6,2.0,3
201200019570,0012-08-02 19:00:00,12,8,2,19,0,760,337,,49.9562,1.28501,Plein jour,Hors agglomération,Hors intersection,Normale,Deux véhicules - frontale,,,,,,,,,,,1,1,1,1.0,1
201200019571,0012-08-23 10:00:00,12,8,23,10,0,760,192,,50.02214,1.37465,Plein jour,Hors agglomération,Hors intersection,Normale,Deux véhicules - frontale,,,,,,,,,,,1,1,1,1.0,1
201200019572,0012-03-16 18:30:00,12,3,16,18,30,760,536,"1197, RTE DE DARNETAL",49.46319,1.16999,Plein jour,Hors agglomération,Hors intersection,Normale,Deux véhicules - côté,,,,,,,,,,,1,1,1,1.0,3
201200019573,0012-04-14 15:30:00,12,4,14,15,30,760,560,,49.41282,1.20794,Plein jour,Hors agglomération,Hors intersection,Normale,Sans collision,,,,,,,,,,,1,1,1,1.0,7
201200019574,0012-05-22 18:30:00,12,5,22,18,30,760,111,,49.43887,1.26613,Plein jour,Hors agglomération,Intersection en X,Normale,Autre collision,,,,,,,,,,,1,1,2,1.0,6
201200019575,0012-08-25 15:30:00,12,8,25,15,30,760,100,RTE DE RY,49.5028,1.30121,Plein jour,En agglomération,Hors intersection,Normale,Autre collision,,,,,,,,,,,1,2,1,1.0,6
201200019576,0012-09-09 09:30:00,12,9,9,9,30,760,509,,49.46781,1.22981,Plein jour,Hors agglomération,Hors intersection,Normale,Sans collision,,,,,,,,,,,1,1,1,1.0,7
201200019577,0012-12-19 07:30:00,12,12,19,7,30,760,146,RTE DE FORGES,49.58533,1.3642,Nuit avec éclairage allumé,En agglomération,Hors intersection,Normale,Deux véhicules - frontale,,,,,,,,,,,5,2,1,1.0,1
201200019578,0012-04-05 07:15:00,12,4,5,7,15,630,453,,45.791,3.274,Plein jour,Hors agglomération,Intersection en T,Normale,Deux véhicules - côté,,,,,,,,,,,1,1,3,1.0,3
201200019579,0012-03-20 15:00:00,12,3,20,15,0,630,425,,,,Plein jour,Hors agglomération,Hors intersection,Normale,Autre collision,,,,,,,,,,,1,1,1,1.0,6
201200019580,0012-05-19 20:30:00,12,5,19,20,30,630,282,Cd978- routed e champeix,,,Plein jour,En agglomération,Hors intersection,Normale,Deux véhicules - côté,,,,,,,,,,,1,2,1,1.0,3
201200019581,0012-07-27 21:15:00,12,7,27,21,15,630,26,,,,Crépuscule ou aube,Hors agglomération,Hors intersection,Normale,Autre collision,,,,,,,,,,,2,1,1,1.0,6