accident_id,datetime,annee,mois,jour,heure,minute,departement,commune_insee,adresse,latitude,longitude,luminosite,agglomeration,intersection,meteo,collision,nb_vehicules,nb_usagers,nb_indemnes,nb_tues,nb_blesses_hosp,nb_blesses_legers,age_cond_1,age_cond_2,veh_type_cond_1,veh_type_cond_2,lum_code,agg_code,int_code,atm_code,col_code
201200019717,0012-10-26 18:45:00,12,10,26,18,45,710,263,26 Grande Rue,,,Nuit avec éclairage allumé,En agglomération,Hors intersection,Pluie légère,Autre collision,,,,,,,,,,,5,2,1,2.0,6
201200019718,0012-10-30 10:00:00,12,10,30,10,0,710,64,,46.609,5.24,Plein jour,Hors agglomération,Hors intersection,Normale,Deux véhicules - arrière,,,,,,,,,,,1,1,1,1.0,2
201200019719,0012-11-17 14:00:00,12,11,17,14,0,710,56,,,,Plein jour,Hors agglomération,Hors intersection,Normale,Deux véhicules - côté,,,,,,,,,,,1,1,1,1.0,3
201200019720,0012-11-26 15:00:00,12,11,26,15,0,710,263,53 rue des bordes,,,Plein jour,En agglomération,Hors intersection,Pluie forte,Autre collision,,,,,,,,,,,1,2,1,3.0,6
201200019721,0012-12-14 19:00:00,12,12,14,19,0,710,263,,,,Nuit avec éclairage allumé,Hors agglomération,Hors intersection,Pluie forte,Autre collision,,,,,,,,,,,5,1,1,3.0,6
201200019722,0012-11-25 20:30:00,12,11,25,20,30,710,295,route de dijon,,,Nuit avec éclairage allumé,En agglomération,Hors intersection,Normale,Deux véhicules - arrière,,,,,,,,,,,5,2,1,1.0,2
201200019723,0012-01-19 10:45:00,12,1,19,10,45,640,301,,,,Plein jour,Hors agglomération,Hors intersection,Normale,Deux véhicules - frontale,,,,,,,,,,,1,1,1,1.0,1
201200019724,0012-04-21 14:45:00,12,4,21,14,45,640,301,,,,Plein jour,Hors agglomération,Hors intersection,Pluie légère,Autre collision,,,,,,,,,,,1,1,1,2.0,6
201200019725,0012-04-25 19:00:00,12,4,25,19,0,640,184,,43.417,-0.491,Crépuscule ou aube,Hors agglomération,Hors intersection,Normale,Sans collision,,,,,,,,,,,2,1,1,1.0,7
201200019726,0012-05-24 16:30:00,12,5,24,16,30,640,410,ROND POINT OS MARSILLON,,,Plein jour,En agglomération,Giratoire,Normale,Sans collision,,,,,,,,,,,1,2,6,1.0,7
201200019727,0012-10-25 15:15:00,12,10,25,15,15,640,491,,,,Plein jour,Hors agglomération,Hors intersection,Normale,Autre collision,,,,,,,,,,,1,1,1,1.0,6
201200019728,0012-11-21 16:15:00,12,11,21,16,15,640,556,,,,Plein jour,Hors agglomération,Hors intersection,Normale,Autre collision,,,,,,,,,,,1,1,1,1.0,6
201200019729,0012-11-24 15:00:00,12,11,24,15,0,640,296,,,,Plein jour,Hors agglomération,Hors intersection,Normale,Deux véhicules - frontale,,,,,,,,,,,1,1,1,1.0,1
201200019730,0012-12-15 09:00:00,12,12,15,9,0,640,301,,,,Plein jour,En agglomération,Hors intersection,Normale,Autre collision,,,,,,,,,,,1,2,1,1.0,6
201200019731,0012-12-15 09:15:00,12,12,15,9,15,640,288,,,,Plein jour,Hors agglomération,Hors intersection,Temps éblouissant,Autre collision,,,,,,,,,,,1,1,1,7.0,6
201200019732,0012-05-13 18:45:00,12,5,13,18,45,110,251,,,,Plein jour,Hors agglomération,Hors intersection,Normale,Sans collision,,,,,,,,,,,1,1,1,1.0,7
201200019733,0012-08-12 16:30:00,12,8,12,16,30,110,397,,,,Plein jour,Hors agglomération,Hors intersection,Normale,Trois véhicules et plus - en chaîne,,,,,,,,,,,1,1,1,1.0,4
201200019734,0012-05-11 18:45:00,12,5,11,18,45,110,49,,,,Plein jour,Hors agglomération,Intersection en X,Normale,Deux véhicules - arrière,,,,,,,,,,,1,1,2,1.0,2
201200019735,0012-09-23 17:00:00,12,9,23,17,0,110,136,,,,Plein jour,Hors agglomération,Hors intersection,Vent fort / tempête,Trois véhicules et plus - collisions multiples,,,,,,,,,,,1,1,1,6.0,5
201200019736,0012-06-23 13:45:00,12,6,23,13,45,110,102,,,,Plein jour,Hors agglomération,Hors intersection,Normale,Autre collision,,,,,,,,,,,1,1,1,1.0,6
201200019737,0012-06-17 13:30:00,12,6,17,13,30,110,263,,,,Plein jour,Hors agglomération,Hors intersection,Normale,Autre collision,,,,,,,,,,,1,1,1,1.0,6
201200019738,0012-01-20 17:00:00,12,1,20,17,0,110,262,,,,Plein jour,Hors agglomération,Hors intersection,Normale,Deux véhicules - frontale,,,,,,,,,,,1,1,1,1.0,1
201200019739,0012-02-17 11:45:00,12,2,17,11,45,110,14,,,,Plein jour,Hors agglomération,Hors intersection,Normale,Deux véhicules - arrière,,,,,,,,,,,1,1,1,1.0,2
201200019740,0012-03-09 18:00:00,12,3,9,18,0,110,217,,,,Plein jour,Hors agglomération,Hors intersection,Normale,Trois véhicules et plus - collisions multiples,,,,,,,,,,,1,1,1,1.0,5
201200019741,0012-03-18 17:15:00,12,3,18,17,15,110,262,,,,Nuit sans éclairage public,Hors agglomération,Hors intersection,Normale,Autre collision,,,,,,,,,,,3,1,1,1.0,6
201200019742,0012-05-12 16:15:00,12,5,12,16,15,110,145,,,,Plein jour,Hors agglomération,Hors intersection,Normale,Sans collision,,,,,,,,,,,1,1,1,1.0,7
201200019743,0012-05-29 00:01:00,12,5,29,0,1,110,262,,,,Nuit sans éclairage public,Hors agglomération,Hors intersection,Normale,Autre collision,,,,,,,,,,,3,1,1,1.0,6
201200019744,0012-09-06 17:15:00,12,9,6,17,15,110,262,,,,Plein jour,Hors agglomération,Hors intersection,Normale,Deux véhicules - côté,,,,,,,,,,,1,1,1,1.0,3
201200019745,0012-09-12 15:45:00,12,9,12,15,45,110,170,,,,Plein jour,Hors agglomération,Hors intersection,Normale,Trois véhicules et plus - collisions multiples,,,,,,,,,,,1,1,1,1.0,5
201200019746,0012-06-26 11:15:00,12,6,26,11,15,110,436,,,,Plein jour,Hors agglomération,Hors intersection,Normale,Deux véhicules - frontale,,,,,,,,,,,1,1,1,1.0,1
201200019747,0012-08-30 10:15:00,12,8,30,10,15,110,270,,,,Plein jour,Hors agglomération,Hors intersection,Pluie légère,Sans collision,,,,,,,,,,,1,1,1,2.0,7
201200019748,0012-02-08 20:10:00,12,2,8,20,10,110,379,,,,Nuit sans éclairage public,Hors agglomération,Hors intersection,Vent fort / tempête,Autre collision,,,,,,,,,,,3,1,1,6.0,6
201200019749,0012-04-18 11:15:00,12,4,18,11,15,110,379,,,,Plein jour,Hors agglomération,Hors intersection,Normale,Deux véhicules - côté,,,,,,,,,,,1,1,1,1.0,3
201200019750,0012-08-17 05:15:00,12,8,17,5,15,110,266,Avenue de la mer,,,Nuit avec éclairage allumé,En agglomération,Hors intersection,Normale,Deux véhicules - arrière,,,,,,,,,,,5,2,1,1.0,2
201200019751,0012-07-30 20:15:00,12,7,30,20,15,710,154,6 rue du Vieux Moulin,,,Plein jour,En agglomération,Hors intersection,Normale,Deux véhicules - frontale,,,,,,,,,,,1,2,1,1.0,1
201200019752,0012-09-05 12:30:00,12,9,5,12,30,710,154,rue paul sabatier,,,Plein jour,En agglomération,Hors intersection,Normale,Autre collision,,,,,,,,,,,1,2,1,1.0,6
201200019753,0012-10-29 16:00:00,12,10,29,16,0,710,269,RD 906,,,Plein jour,En agglomération,Intersection en X,Normale,Deux véhicules - côté,,,,,,,,,,,1,2,2,1.0,3
201200019754,0012-11-03 16:15:00,12,11,3,16,15,710,520,route de l'Orme,,,Plein jour,En agglomération,Hors intersection,Normale,Deux véhicules - frontale,,,,,,,,,,,1,2,1,1.0,1
201200019755,0012-11-23 18:15:00,12,11,23,18,15,710,154,Rue Principale,,,Nuit avec éclairage allumé,En agglomération,Hors intersection,Brouillard / fumée,Autre collision,,,,,,,,,,,5,2,1,5.0,6
201200019756,0012-05-23 14:00:00,12,5,23,14,0,810,104,,,,Plein jour,Hors agglomération,Intersection en X,Normale,Deux véhicules - côté,,,,,,,,,,,1,1,2,1.0,3
201200019757,0012-10-23 09:30:00,12,10,23,9,30,810,140,,,,Plein jour,Hors agglomération,Hors intersection,Normale,Sans collision,,,,,,,,,,,1,1,1,1.0,7
201200019758,0012-04-09 21:00:00,12,4,9,21,0,810,238,,,,Nuit avec éclairage non allumé,Hors agglomération,Hors intersection,Normale,Deux véhicules - frontale,,,,,,,,,,,4,1,1,1.0,1
201200019759,0012-05-04 14:30:00,12,5,4,14,30,810,120,Avenue Arthur Battut,,,Plein jour,En agglomération,Hors intersection,Normale,Autre collision,,,,,,,,,,,1,2,1,1.0,6
201200019760,0012-06-24 16:30:00,12,6,24,16,30,810,288,,43.457,2.051,Plein jour,Hors agglomération,Hors intersection,Normale,Deux véhicules - côté,,,,,,,,,,,1,1,1,1.0,3
201200019761,0012-12-03 18:30:00,12,12,3,18,30,810,288,,,,Nuit sans éclairage public,Hors agglomération,Hors intersection,Pluie légère,Autre collision,,,,,,,,,,,3,1,1,2.0,6
201200019762,0012-03-09 09:30:00,12,3,9,9,30,690,88,rue de la libération,,,Plein jour,En agglomération,Giratoire,Normale,Autre collision,,,,,,,,,,,1,2,6,1.0,6
201200019763,0012-10-25 07:45:00,12,10,25,7,45,690,63,quai de la jonchere,,,Plein jour,En agglomération,Hors intersection,Normale,Trois véhicules et plus - collisions multiples,,,,,,,,,,,1,2,1,1.0,5
201200019764,0012-12-02 04:30:00,12,12,2,4,30,690,88,QUAI JB SIMON,,,Nuit avec éclairage allumé,En agglomération,Giratoire,Normale,Sans collision,,,,,,,,,,,5,2,6,1.0,7
201200019765,0012-12-27 22:45:00,12,12,27,22,45,690,33,,,,Nuit sans éclairage public,Hors agglomération,Hors intersection,Temps couvert,Deux véhicules - frontale,,,,,,,,,,,3,1,1,8.0,1
201200019766,0012-01-01 02:15:00,12,1,1,2,15,690,18,La Chevali?re,46.151,4.598,Nuit avec éclairage allumé,En agglomération,Hors intersection,Pluie forte,Deux véhicules - frontale,,,,,,,,,,,5,2,1,3.0,1
201200019767,0012-01-16 07:45:00,12,1,16,7,45,690,162,Lieudit St Vincent,,,Plein jour,En agglomération,Hors intersection,Brouillard / fumée,Deux véhicules - arrière,,,,,,,,,,,1,2,1,5.0,2
201200019768,0012-09-08 17:00:00,12,9,8,17,0,690,135,,,,Plein jour,En agglomération,Hors intersection,,Sans collision,,,,,,,,,,,1,2,1,,7
201200019769,0012-06-02 14:30:00,12,6,2,14,30,690,103,Rue Alphonse Burdot,,,Plein jour,En agglomération,Intersection en X,Normale,Deux véhicules - côté,,,,,,,,,,,1,2,2,1.0,3
201200019770,0012-06-06 20:15:00,12,6,6,20,15,690,12,,46.196,4.543,Plein jour,Hors agglomération,Hors intersection,Normale,Sans collision,,,,,,,,,,,1,1,1,1.0,7
201200019771,0012-08-15 11:00:00,12,8,15,11,0,690,35,,46.268,4.652,Plein jour,Hors agglomération,Hors intersection,Normale,Autre collision,,,,,,,,,,,1,1,1,1.0,6
201200019772,0012-09-08 11:00:00,12,9,8,11,0,690,209,,,,Plein jour,Hors agglomération,Hors intersection,Normale,Sans collision,,,,,,,,,,,1,1,1,1.0,7
201200019773,0012-09-16 03:30:00,12,9,16,3,30,690,53,,,,Nuit sans éclairage public,Hors agglomération,Hors intersection,Normale,Autre collision,,,,,,,,,,,3,1,1,1.0,6
201200019774,0012-09-16 16:00:00,12,9,16,16,0,690,2,,,,Plein jour,Hors agglomération,Hors intersection,Normale,Autre collision,,,,,,,,,,,1,1,1,1.0,6
201200019775,0012-09-29 11:15:00,12,9,29,11,15,690,267,,46.174,4.69,Plein jour,Hors agglomération,Hors intersection,Pluie forte,Trois véhicules et plus - collisions multiples,,,,,,,,,,,1,1,1,3.0,5
201200019776,0012-10-08 16:00:00,12,10,8,16,0,690,12,,,,Plein jour,Hors agglomération,Hors intersection,Pluie forte,Deux véhicules - frontale,,,,,,,,,,,1,1,1,3.0,1
201200019777,0012-12-15 14:45:00,12,12,15,14,45,690,135,rue du haut beaujolais,,,Plein jour,En agglomération,Hors intersection,Normale,Autre collision,,,,,,,,,,,1,2,1,1.0,6
201200019778,0012-10-10 08:00:00,12,10,10,8,0,330,93,,,,Plein jour,Hors agglomération,Hors intersection,Brouillard / fumée,Deux véhicules - côté,,,,,,,,,,,1,1,1,5.0,3
201200019779,0012-08-05 13:45:00,12,8,5,13,45,330,233,,45.168,-0.341,Plein jour,Hors agglomération,Hors intersection,Pluie forte,Autre collision,,,,,,,,,,,1,1,1,3.0,6
201200019780,0012-10-04 11:00:00,12,10,4,11,0,330,233,Le bourg,45.11,-0.338,Plein jour,En agglomération,Hors intersection,Normale,Autre collision,,,,,,,,,,,1,2,1,1.0,6
201200019781,0012-10-26 15:15:00,12,10,26,15,15,330,416,,45.159,-0.542,Plein jour,Hors agglomération,Hors intersection,Normale,Deux véhicules - frontale,,,,,,,,,,,1,1,1,1.0,1
201200019782,0012-03-13 08:15:00,12,3,13,8,15,330,21,,,,Plein jour,Hors agglomération,Hors intersection,Normale,Deux véhicules - frontale,,,,,,,,,,,1,1,1,1.0,1
201200019783,0012-03-19 09:15:00,12,3,19,9,15,330,2,,44.462,-0.04,Plein jour,Hors agglomération,Hors intersection,Normale,Sans collision,,,,,,,,,,,1,1,1,1.0,7
201200019784,0012-05-12 18:15:00,12,5,12,18,15,330,95,route de Giscos,,,Plein jour,En agglomération,Intersection en X,Normale,Deux véhicules - côté,,,,,,,,,,,1,2,2,1.0,3
201200019785,0012-07-24 10:15:00,12,7,24,10,15,330,36,Lieu dit Bas Priot,44.436,-0.202,Plein jour,En agglomération,Intersection en T,Normale,Deux véhicules - côté,,,,,,,,,,,1,2,3,1.0,3
201200019786,0012-02-18 05:45:00,12,2,18,5,45,330,440,,,,Nuit sans éclairage public,Hors agglomération,Hors intersection,Normale,Autre collision,,,,,,,,,,,3,1,1,1.0,6
201200019787,0012-04-13 17:30:00,12,4,13,17,30,330,323,,,,Plein jour,Hors agglomération,Intersection en X,Normale,Deux véhicules - côté,,,,,,,,,,,1,1,2,1.0,3
201200019788,0012-06-24 16:15:00,12,6,24,16,15,330,392,Les Marcottes CD 10,,,Plein jour,En agglomération,Hors intersection,Normale,Autre collision,,,,,,,,,,,1,2,1,1.0,6
201200019789,0012-07-08 13:15:00,12,7,8,13,15,330,323,,44.591,-0.211,Plein jour,Hors agglomération,Hors intersection,Normale,Sans collision,,,,,,,,,,,1,1,1,1.0,7
201200019790,0012-03-13 16:30:00,12,3,13,16,30,330,175,,44.743,-0.163,Plein jour,En agglomération,Hors intersection,Normale,Deux véhicules - côté,,,,,,,,,,,1,2,1,1.0,3
201200019791,0012-03-17 10:45:00,12,3,17,10,45,330,87,,44.65,-0.062,Plein jour,Hors agglomération,Hors intersection,Normale,Deux véhicules - arrière,,,,,,,,,,,1,1,1,1.0,2
201200019792,0012-10-19 15:00:00,12,10,19,15,0,330,57,,44.786,-0.184,Plein jour,Hors agglomération,Hors intersection,Pluie forte,Deux véhicules - frontale,,,,,,,,,,,1,1,1,3.0,1
201200019793,0012-03-23 21:00:00,12,3,23,21,0,330,203,57 RUE D AQUITAINE,,,Nuit avec éclairage allumé,En agglomération,Hors intersection,Normale,Sans collision,,,,,,,,,,,5,2,1,1.0,7
201200019794,0012-11-08 16:00:00,12,11,8,16,0,330,503,,,,Plein jour,Hors agglomération,Autre intersection,Normale,Autre collision,,,,,,,,,,,1,1,9,1.0,6
201200019795,0012-11-09 14:15:00,12,11,9,14,15,330,333,,,,Plein jour,Hors agglomération,Hors intersection,Temps couvert,Deux véhicules - arrière,,,,,,,,,,,1,1,1,8.0,2
201200019796,0012-11-18 14:30:00,12,11,18,14,30,330,214,,,,Plein jour,Hors agglomération,Hors intersection,Normale,Sans collision,,,,,,,,,,,1,1,1,1.0,7
201200019797,0012-02-13 14:30:00,12,2,13,14,30,330,395,,,,Plein jour,Hors agglomération,Hors intersection,Normale,Autre collision,,,,,,,,,,,1,1,1,1.0,6
201200019798,0012-05-09 18:15:00,12,5,9,18,15,330,125,,,,Plein jour,Hors agglomération,Hors intersection,Normale,Deux véhicules - côté,,,,,,,,,,,1,1,1,1.0,3
201200019799,0012-07-13 16:00:00,12,7,13,16,0,330,423,,45.158,-0.766,Plein jour,Hors agglomération,Hors intersection,Pluie légère,Deux véhicules - côté,,,,,,,,,,,1,1,1,2.0,3
201200019800,0012-08-02 18:45:00,12,8,2,18,45,330,424,,,,Plein jour,Hors agglomération,Hors intersection,Normale,Autre collision,,,,,,,,,,,1,1,1,1.0,6
201200019801,0012-02-14 17:15:00,12,2,14,17,15,330,540,Route de Montalivet N?41,,,Plein jour,En agglomération,Hors intersection,Normale,Deux véhicules - frontale,,,,,,,,,,,1,2,1,1.0,1
201200019802,0012-07-21 18:45:00,12,7,21,18,45,330,514,,,,Plein jour,Hors agglomération,Hors intersection,Temps éblouissant,Deux véhicules - côté,,,,,,,,,,,1,1,1,7.0,3
201200019803,0012-07-25 10:45:00,12,7,25,10,45,330,540,,45.383,-1.149,Plein jour,Hors agglomération,Hors intersection,Normale,Deux véhicules - côté,,,,,,,,,,,1,1,1,1.0,3
201200019804,0012-07-24 19:45:00,12,7,24,19,45,330,540,AVENUE DE L OCEAN,,,Plein jour,En agglomération,Hors intersection,Normale,Deux véhicules - arrière,,,,,,,,,,,1,2,1,1.0,2
201200019805,0012-08-11 05:30:00,12,8,11,5,30,330,514,Bvd du Front de Mer,,,Nuit avec éclairage allumé,En agglomération,Hors intersection,Normale,Autre collision,,,,,,,,,,,5,2,1,1.0,6
201200019806,0012-08-23 10:15:00,12,8,23,10,15,330,544,,45.545,-1.095,Plein jour,Hors agglomération,Hors intersection,Normale,Deux véhicules - côté,,,,,,,,,,,1,1,1,1.0,3
201200019807,0012-03-11 11:15:00,12,3,11,11,15,330,157,,44.81,-0.262,Plein jour,Hors agglomération,Hors intersection,Normale,Deux véhicules - côté,,,,,,,,,,,1,1,1,1.0,3
201200019808,0012-04-15 14:45:00,12,4,15,14,45,330,28,,44.828,-0.304,Plein jour,Hors agglomération,Hors intersection,Normale,Autre collision,,,,,,,,,,,1,1,1,1.0,6
201200019809,0012-09-16 14:30:00,12,9,16,14,30,330,28,,44.828,-0.299,Plein jour,Hors agglomération,Hors intersection,Normale,Deux véhicules - côté,,,,,,,,,,,1,1,1,1.0,3
201200019810,0012-09-15 17:30:00,12,9,15,17,30,330,394,,,,Plein jour,Hors agglomération,Place,Normale,Deux véhicules - frontale,,,,,,,,,,,1,1,7,1.0,1
201200019811,0012-09-17 19:00:00,12,9,17,19,0,330,108,rue de la Halle,,,Plein jour,En agglomération,Hors intersection,Normale,Autre collision,,,,,,,,,,,1,2,1,1.0,6
201200019812,0012-09-25 17:00:00,12,9,25,17,0,330,394,,,,Plein jour,Hors agglomération,Hors intersection,Pluie forte,Autre collision,,,,,,,,,,,1,1,1,3.0,6
201200019813,0012-12-10 13:00:00,12,12,10,13,0,330,437,,,,Plein jour,Hors agglomération,Hors intersection,Pluie légère,Trois véhicules et plus - en chaîne,,,,,,,,,,,1,1,1,2.0,4
201200019814,0012-12-29 02:45:00,12,12,29,2,45,330,394,,,,Nuit avec éclairage allumé,Hors agglomération,Hors intersection,Pluie légère,Autre collision,,,,,,,,,,,5,1,1,2.0,6
201200019815,0012-12-23 10:45:00,12,12,23,10,45,330,261,,,,Plein jour,Hors agglomération,Hors intersection,Temps éblouissant,Deux véhicules - arrière,,,,,,,,,,,1,1,1,7.0,2
201200019816,0012-10-09 14:00:00,12,10,9,14,0,650,235,,43.19942,0.02727,Plein jour,En agglomération,Intersection en T,Normale,Autre collision,,,,,,,,,,,1,2,3,1.0,6
201200019817,0012-10-10 18:00:00,12,10,10,18,0,650,339,,43.11392,0.05016,Plein jour,Hors agglomération,Hors intersection,Normale,Sans collision,,,,,,,,,,,1,1,1,1.0,7
201200019818,0012-10-28 15:45:00,12,10,28,15,45,650,2,,43.11856,-0.03102,Plein jour,Hors agglomération,Hors intersection,Normale,Deux véhicules - frontale,,,,,,,,,,,1,1,1,1.0,1
201200019819,0012-10-29 01:45:00,12,10,29,1,45,650,313,,43.16925,0.08786,Nuit sans éclairage public,Hors agglomération,Hors intersection,Normale,Autre collision,,,,,,,,,,,3,1,1,1.0,6
201200019820,0012-11-18 06:15:00,12,11,18,6,15,650,440,,43.14514,-0.02518,Nuit sans éclairage public,Hors agglomération,Hors intersection,Normale,Deux véhicules - frontale,,,,,,,,,,,3,1,1,1.0,1
201200019821,0012-05-10 07:00:00,12,5,10,7,0,650,461,,43.29936,0.34328,Plein jour,Hors agglomération,Hors intersection,Autre,Deux véhicules - frontale,,,,,,,,,,,1,1,1,9.0,1
201200019822,0012-09-16 19:15:00,12,9,16,19,15,650,308,,43.35954,0.28403,Plein jour,Hors agglomération,Intersection en T,Normale,Deux véhicules - frontale,,,,,,,,,,,1,1,3,1.0,1
201200019823,0012-10-06 18:30:00,12,10,6,18,30,650,26,,43.28646,0.54713,Plein jour,Hors agglomération,Hors intersection,Normale,Autre collision,,,,,,,,,,,1,1,1,1.0,6
201200019824,0012-10-06 21:30:00,12,10,6,21,30,650,460,,43.41774,0.05117,Nuit sans éclairage public,Hors agglomération,Hors intersection,Normale,Deux véhicules - frontale,,,,,,,,,,,3,1,1,1.0,1
201200019825,0012-01-01 03:00:00,12,1,1,3,0,650,29,,42.99908,-0.11231,Nuit sans éclairage public,Hors agglomération,Hors intersection,Temps couvert,Deux véhicules - frontale,,,,,,,,,,,3,1,1,8.0,1
201200019826,0012-11-21 17:15:00,12,11,21,17,15,650,164,,43.10072,0.02748,Crépuscule ou aube,Hors agglomération,Hors intersection,Pluie légère,Trois véhicules et plus - collisions multiples,,,,,,,,,,,2,1,1,2.0,5
201200019827,0012-12-06 07:45:00,12,12,6,7,45,650,473,,42.93999,-0.05324,Crépuscule ou aube,Hors agglomération,Hors intersection,Normale,Deux véhicules - frontale,,,,,,,,,,,2,1,1,1.0,1
201200019828,0012-01-07 06:15:00,12,1,7,6,15,650,258,,43.09119,0.38724,Crépuscule ou aube,Hors agglomération,Hors intersection,Normale,Autre collision,,,,,,,,,,,2,1,1,1.0,6
201200019829,0012-05-15 09:15:00,12,5,15,9,15,410,135,,47.2957,1.89024,Plein jour,Hors agglomération,Hors intersection,Normale,Deux véhicules - arrière,,,,,,,,,,,1,1,1,1.0,2
201200019830,0012-07-11 11:00:00,12,7,11,11,0,410,44,,47.2954,1.91006,Plein jour,Hors agglomération,Hors intersection,Normale,Deux véhicules - frontale,,,,,,,,,,,1,1,1,1.0,1
201200019831,0012-08-12 06:15:00,12,8,12,6,15,410,135,,47.2966,1.87714,Crépuscule ou aube,Hors agglomération,Hors intersection,Normale,Sans collision,,,,,,,,,,,2,1,1,1.0,7
201200019832,0012-10-03 17:00:00,12,10,3,17,0,410,229,,47.3054,1.35543,Plein jour,Hors agglomération,Hors intersection,Normale,Autre collision,,,,,,,,,,,1,1,1,1.0,6
201200019833,0012-01-05 18:30:00,12,1,5,18,30,820,135,,43.889,1.443,Nuit sans éclairage public,Hors agglomération,Hors intersection,Pluie forte,Deux véhicules - frontale,,,,,,,,,,,3,1,1,3.0,1
201200019834,0012-07-16 10:00:00,12,7,16,10,0,820,38,,,,Plein jour,Hors agglomération,Hors intersection,Normale,Deux véhicules - frontale,,,,,,,,,,,1,1,1,1.0,1
201200019835,0012-02-24 17:30:00,12,2,24,17,30,800,774,,,,Plein jour,Hors agglomération,Intersection en X,Normale,Deux véhicules - côté,,,,,,,,,,,1,1,2,1.0,3
201200019836,0012-05-26 11:50:00,12,5,26,11,50,800,212,Rue Jean Moulin,,,Plein jour,En agglomération,Intersection en X,Temps éblouissant,Deux véhicules - frontale,,,,,,,,,,,1,2,2,7.0,1
201200019837,0012-06-02 08:00:00,12,6,2,8,0,800,458,,,,Plein jour,Hors agglomération,Hors intersection,Normale,Sans collision,,,,,,,,,,,1,1,1,1.0,7
201200019838,0012-06-05 14:00:00,12,6,5,14,0,800,426,,,,Plein jour,Hors agglomération,Intersection en X,Normale,Deux véhicules - côté,,,,,,,,,,,1,1,2,1.0,3
201200019839,0012-06-09 23:30:00,12,6,9,23,30,800,159,,,,Nuit sans éclairage public,Hors agglomération,Hors intersection,Normale,Autre collision,,,,,,,,,,,3,1,1,1.0,6
201200019840,0012-07-20 21:45:00,12,7,20,21,45,800,36,,,,Crépuscule ou aube,Hors agglomération,Hors intersection,Normale,Deux véhicules - arrière,,,,,,,,,,,2,1,1,1.0,2
201200019841,0012-08-24 18:00:00,12,8,24,18,0,800,799,22 rue d'AMIENS,,,Plein jour,En agglomération,Hors intersection,Normale,Deux véhicules - frontale,,,,,,,,,,,1,2,1,1.0,1
201200019842,0012-03-27 09:45:00,12,3,27,9,45,800,142,,,,Plein jour,Hors agglomération,Intersection en X,Normale,Deux véhicules - côté,,,,,,,,,,,1,1,2,1.0,3
201200019843,0012-05-06 17:15:00,12,5,6,17,15,800,456,,49.803,1.786,Plein jour,Hors agglomération,Hors intersection,Normale,Sans collision,,,,,,,,,,,1,1,1,1.0,7
201200019844,0012-05-16 18:30:00,12,5,16,18,30,800,13,,,,Plein jour,Hors agglomération,Hors intersection,Normale,Deux véhicules - arrière,,,,,,,,,,,1,1,1,1.0,2
201200019845,0012-07-28 12:00:00,12,7,28,12,0,800,703,Route de Vieux Rouen,,,Plein jour,En agglomération,Hors intersection,Normale,Autre collision,,,,,,,,,,,1,2,1,1.0,6
201200019846,0012-08-02 11:45:00,12,8,2,11,45,800,543,,,,Plein jour,Hors agglomération,Intersection en X,Normale,Deux véhicules - côté,,,,,,,,,,,1,1,2,1.0,3
201200019847,0012-08-15 12:45:00,12,8,15,12,45,800,443,,,,Plein jour,Hors agglomération,Hors intersection,Normale,Autre collision,,,,,,,,,,,1,1,1,1.0,6
201200019848,0012-09-03 10:30:00,12,9,3,10,30,800,800,,,,Plein jour,Hors agglomération,Intersection en X,Normale,Deux véhicules - côté,,,,,,,,,,,1,1,2,1.0,3
201200019849,0012-09-29 05:15:00,12,9,29,5,15,800,354,,,,Nuit sans éclairage public,Hors agglomération,Hors intersection,Pluie légère,Autre collision,,,,,,,,,,,3,1,1,2.0,6
201200019850,0012-11-21 19:45:00,12,11,21,19,45,800,13,Rue de Kriftel,,,Nuit avec éclairage allumé,En agglomération,Intersection en Y,Temps couvert,Deux véhicules - côté,,,,,,,,,,,5,2,4,8.0,3
201200019851,0012-12-22 00:45:00,12,12,22,0,45,800,62,Rue Marcle Ducrocq,,,Nuit sans éclairage public,En agglomération,Hors intersection,Normale,Sans collision,,,,,,,,,,,3,2,1,1.0,7
201200019852,0012-12-26 18:00:00,12,12,26,18,0,800,591,,,,Nuit sans éclairage public,Hors agglomération,Hors intersection,Pluie forte,Autre collision,,,,,,,,,,,3,1,1,3.0,6
201200019853,0012-01-23 18:30:00,12,1,23,18,30,800,485,RUE D'AMIENS,,,Nuit avec éclairage allumé,En agglomération,Intersection en T,Normale,Deux véhicules - côté,,,,,,,,,,,5,2,3,1.0,3
201200019854,0012-01-28 08:45:00,12,1,28,8,45,800,761,,,,Plein jour,Hors agglomération,Hors intersection,Normale,Deux véhicules - frontale,,,,,,,,,,,1,1,1,1.0,1