accident_id,datetime,annee,mois,jour,heure,minute,departement,commune_insee,adresse,latitude,longitude,luminosite,agglomeration,intersection,meteo,collision,nb_vehicules,nb_usagers,nb_indemnes,nb_tues,nb_blesses_hosp,nb_blesses_legers,age_cond_1,age_cond_2,veh_type_cond_1,veh_type_cond_2,lum_code,agg_code,int_code,atm_code,col_code
201200019855,0012-03-10 14:15:00,12,3,10,14,15,800,583,rue de l'abreuvoir,,,Plein jour,En agglomération,Autre intersection,Normale,Deux véhicules - frontale,,,,,,,,,,,1,2,9,1.0,1
201200019856,0012-04-01 19:45:00,12,4,1,19,45,800,79,rue du Calvaire,,,Nuit sans éclairage public,En agglomération,Hors intersection,Normale,Autre collision,,,,,,,,,,,3,2,1,1.0,6
201200019857,0012-04-26 18:15:00,12,4,26,18,15,800,630,,,,Plein jour,Hors agglomération,Hors intersection,Normale,Deux véhicules - frontale,,,,,,,,,,,1,1,1,1.0,1
201200019858,0012-05-30 08:15:00,12,5,30,8,15,800,211,,,,Plein jour,Hors agglomération,Intersection en X,Brouillard / fumée,Deux véhicules - frontale,,,,,,,,,,,1,1,2,5.0,1
201200019859,0012-08-19 12:45:00,12,8,19,12,45,800,50,,,,Plein jour,Hors agglomération,Hors intersection,Normale,Sans collision,,,,,,,,,,,1,1,1,1.0,7
201200019860,0012-09-29 11:00:00,12,9,29,11,0,800,583,,,,Plein jour,En agglomération,Intersection en Y,Normale,Deux véhicules - côté,,,,,,,,,,,1,2,4,1.0,3
201200019861,0012-10-06 11:30:00,12,10,6,11,30,800,761,,,,Plein jour,Hors agglomération,Intersection en X,Pluie légère,Deux véhicules - frontale,,,,,,,,,,,1,1,2,2.0,1
201200019862,0012-10-23 08:30:00,12,10,23,8,30,800,630,19 rue St Martin,,,Crépuscule ou aube,En agglomération,Hors intersection,Brouillard / fumée,Deux véhicules - arrière,,,,,,,,,,,2,2,1,5.0,2
201200019863,0012-10-23 19:30:00,12,10,23,19,30,800,761,,,,Nuit sans éclairage public,Hors agglomération,Hors intersection,Brouillard / fumée,Sans collision,,,,,,,,,,,3,1,1,5.0,7
201200019864,0012-11-17 13:15:00,12,11,17,13,15,800,786,,,,Plein jour,Hors agglomération,Intersection en X,Normale,Deux véhicules - frontale,,,,,,,,,,,1,1,2,1.0,1
201200019865,0012-11-30 07:25:00,12,11,30,7,25,800,761,,,,Nuit avec éclairage non allumé,Hors agglomération,Intersection en X,Temps couvert,Deux véhicules - frontale,,,,,,,,,,,4,1,2,8.0,1
201200019866,0012-11-30 18:45:00,12,11,30,18,45,800,583,,,,Nuit sans éclairage public,Hors agglomération,Intersection en Y,Brouillard / fumée,Deux véhicules - frontale,,,,,,,,,,,3,1,4,5.0,1
201200019867,0012-12-03 19:30:00,12,12,3,19,30,800,791,Rue de conty,,,Nuit avec éclairage allumé,En agglomération,Hors intersection,Autre,Autre collision,,,,,,,,,,,5,2,1,9.0,6
201200019868,0012-02-29 08:30:00,12,2,29,8,30,800,202,,,,Plein jour,Hors agglomération,Intersection en X,Normale,Deux véhicules - côté,,,,,,,,,,,1,1,2,1.0,3
201200019869,0012-03-18 01:30:00,12,3,18,1,30,800,622,,,,Nuit sans éclairage public,Hors agglomération,Intersection en T,Pluie légère,Deux véhicules - côté,,,,,,,,,,,3,1,3,2.0,3
201200019870,0012-04-04 09:30:00,12,4,4,9,30,800,11,RUE PIERRE BROSSOLETTE,,,Plein jour,En agglomération,Hors intersection,Normale,Deux véhicules - côté,,,,,,,,,,,1,2,1,1.0,3
201200019871,0012-07-22 13:30:00,12,7,22,13,30,800,11,Rue Pierre BROSSELETTE,,,Plein jour,En agglomération,Intersection en X,Normale,Deux véhicules - côté,,,,,,,,,,,1,2,2,1.0,3
201200019872,0012-08-19 00:45:00,12,8,19,0,45,800,622,,,,Nuit sans éclairage public,Hors agglomération,Hors intersection,Normale,Autre collision,,,,,,,,,,,3,1,1,1.0,6
201200019873,0012-09-21 18:15:00,12,9,21,18,15,800,746,,,,Plein jour,Hors agglomération,Hors intersection,Normale,Deux véhicules - frontale,,,,,,,,,,,1,1,1,1.0,1
201200019874,0012-10-06 17:45:00,12,10,6,17,45,800,639,,,,Plein jour,Hors agglomération,Intersection en X,Pluie forte,Deux véhicules - côté,,,,,,,,,,,1,1,2,3.0,3
201200019875,0012-01-25 12:15:00,12,1,25,12,15,800,546,,,,Plein jour,Hors agglomération,Hors intersection,Pluie légère,Autre collision,,,,,,,,,,,1,1,1,2.0,6
201200019876,0012-02-25 14:45:00,12,2,25,14,45,800,574,,,,Plein jour,Hors agglomération,Hors intersection,Pluie légère,Sans collision,,,,,,,,,,,1,1,1,2.0,7
201200019877,0012-05-05 21:30:00,12,5,5,21,30,800,546,,,,Plein jour,Hors agglomération,Hors intersection,Normale,Deux véhicules - frontale,,,,,,,,,,,1,1,1,1.0,1
201200019878,0012-06-20 17:00:00,12,6,20,17,0,800,609,RUELLE DAVID,,,Plein jour,En agglomération,Hors intersection,Normale,Autre collision,,,,,,,,,,,1,2,1,1.0,6
201200019879,0012-06-22 18:45:00,12,6,22,18,45,800,245,,,,Plein jour,En agglomération,Hors intersection,Normale,Deux véhicules - frontale,,,,,,,,,,,1,2,1,1.0,1
201200019880,0012-07-07 20:40:00,12,7,7,20,40,800,716,,,,Crépuscule ou aube,Hors agglomération,Hors intersection,Pluie forte,Autre collision,,,,,,,,,,,2,1,1,3.0,6
201200019881,0012-09-01 00:01:00,12,9,1,0,1,800,76,Les Croisettes,,,Nuit sans éclairage public,En agglomération,Hors intersection,Normale,Autre collision,,,,,,,,,,,3,2,1,1.0,6
201200019882,0012-09-06 20:15:00,12,9,6,20,15,800,779,58 rue de Buigny l'Abbé,,,Crépuscule ou aube,En agglomération,Hors intersection,Normale,Autre collision,,,,,,,,,,,2,2,1,1.0,6
201200019883,0012-09-07 08:45:00,12,9,7,8,45,800,281,"3, rue d'Ailly",,,Plein jour,En agglomération,Hors intersection,Normale,Autre collision,,,,,,,,,,,1,2,1,1.0,6
201200019884,0012-10-01 13:45:00,12,10,1,13,45,800,171,75 RUE DE PRES,,,Plein jour,En agglomération,Hors intersection,Normale,Deux véhicules - arrière,,,,,,,,,,,1,2,1,1.0,2
201200019885,0012-10-08 05:45:00,12,10,8,5,45,800,147,,,,Nuit sans éclairage public,Hors agglomération,Intersection en X,Normale,Deux véhicules - côté,,,,,,,,,,,3,1,2,1.0,3
201200019886,0012-12-06 20:00:00,12,12,6,20,0,800,716,,,,Nuit sans éclairage public,Hors agglomération,Intersection en Y,Pluie légère,Autre collision,,,,,,,,,,,3,1,4,2.0,6
201200019887,0012-12-17 16:45:00,12,12,17,16,45,800,779,,,,Plein jour,Hors agglomération,Hors intersection,Normale,Deux véhicules - côté,,,,,,,,,,,1,1,1,1.0,3
201200019888,0012-12-22 18:00:00,12,12,22,18,0,800,380,,,,Nuit sans éclairage public,Hors agglomération,Hors intersection,Pluie forte,Sans collision,,,,,,,,,,,3,1,1,3.0,7
201200019889,0012-12-24 18:00:00,12,12,24,18,0,800,537,,,,Nuit sans éclairage public,Hors agglomération,Hors intersection,Pluie légère,Deux véhicules - frontale,,,,,,,,,,,3,1,1,2.0,1
201200019890,0012-12-24 16:30:00,12,12,24,16,30,800,385,,,,Plein jour,Hors agglomération,Hors intersection,Normale,Autre collision,,,,,,,,,,,1,1,1,1.0,6
201200019891,0012-12-29 21:45:00,12,12,29,21,45,800,215,,,,Nuit sans éclairage public,Hors agglomération,Intersection en X,Autre,Deux véhicules - côté,,,,,,,,,,,3,1,2,9.0,3
201200019892,0012-06-12 15:15:00,12,6,12,15,15,800,597,,,,Plein jour,Hors agglomération,Intersection en X,Normale,Deux véhicules - arrière,,,,,,,,,,,1,1,2,1.0,2
201200019893,0012-06-16 13:45:00,12,6,16,13,45,800,368,place adeodat Gilson,,,Plein jour,En agglomération,Giratoire,Normale,Deux véhicules - côté,,,,,,,,,,,1,2,6,1.0,3
201200019894,0012-06-25 12:00:00,12,6,25,12,0,800,721,,,,Plein jour,Hors agglomération,Hors intersection,Normale,Deux véhicules - côté,,,,,,,,,,,1,1,1,1.0,3
201200019895,0012-06-29 12:15:00,12,6,29,12,15,800,308,,,,Plein jour,Hors agglomération,Intersection en X,Normale,Deux véhicules - côté,,,,,,,,,,,1,1,2,1.0,3
201200019896,0012-07-08 18:15:00,12,7,8,18,15,800,126,,,,Plein jour,En agglomération,Hors intersection,Normale,Deux véhicules - frontale,,,,,,,,,,,1,2,1,1.0,1
201200019897,0012-07-22 19:30:00,12,7,22,19,30,800,373,,,,Plein jour,En agglomération,Hors intersection,Normale,Deux véhicules - côté,,,,,,,,,,,1,2,1,1.0,3
201200019898,0012-07-23 23:30:00,12,7,23,23,30,800,63,20 grande rue,,,Nuit avec éclairage allumé,En agglomération,Hors intersection,Normale,Autre collision,,,,,,,,,,,5,2,1,1.0,6
201200019899,0012-08-06 11:20:00,12,8,6,11,20,800,373,rue Charles de Gaulle,,,Plein jour,En agglomération,Hors intersection,Pluie légère,Autre collision,,,,,,,,,,,1,2,1,2.0,6
201200019900,0012-08-06 12:45:00,12,8,6,12,45,800,29,,,,Plein jour,Hors agglomération,Hors intersection,Normale,Deux véhicules - frontale,,,,,,,,,,,1,1,1,1.0,1
201200019901,0012-08-12 21:45:00,12,8,12,21,45,800,663,,,,Nuit sans éclairage public,Hors agglomération,Hors intersection,Normale,Autre collision,,,,,,,,,,,3,1,1,1.0,6
201200019902,0012-08-24 22:00:00,12,8,24,22,0,800,826,13 grande rue,,,Crépuscule ou aube,En agglomération,Hors intersection,Pluie légère,Autre collision,,,,,,,,,,,2,2,1,2.0,6
201200019903,0012-08-30 16:15:00,12,8,30,16,15,800,126,,,,Plein jour,Hors agglomération,Hors intersection,Normale,Deux véhicules - frontale,,,,,,,,,,,1,1,1,1.0,1
201200019904,0012-09-04 18:30:00,12,9,4,18,30,800,654,route de Cahon,,,Plein jour,En agglomération,Hors intersection,Normale,Autre collision,,,,,,,,,,,1,2,1,1.0,6
201200019905,0012-09-08 09:30:00,12,9,8,9,30,800,148,,,,Plein jour,Hors agglomération,Hors intersection,Normale,Deux véhicules - arrière,,,,,,,,,,,1,1,1,1.0,2
201200019906,0012-09-21 14:45:00,12,9,21,14,45,800,527,,,,Plein jour,Hors agglomération,Intersection en X,Normale,Deux véhicules - côté,,,,,,,,,,,1,1,2,1.0,3
201200019907,0012-09-23 01:15:00,12,9,23,1,15,800,597,,,,Nuit avec éclairage allumé,Hors agglomération,Intersection en X,Normale,Deux véhicules - frontale,,,,,,,,,,,5,1,2,1.0,1
201200019908,0012-09-28 10:30:00,12,9,28,10,30,800,721,,,,Plein jour,Hors agglomération,Intersection en X,Normale,Deux véhicules - côté,,,,,,,,,,,1,1,2,1.0,3
201200019909,0012-09-30 03:15:00,12,9,30,3,15,800,362,,,,Nuit sans éclairage public,Hors agglomération,Hors intersection,Normale,Sans collision,,,,,,,,,,,3,1,1,1.0,7
201200019910,0012-10-03 04:00:00,12,10,3,4,0,800,826,,,,Nuit sans éclairage public,Hors agglomération,Hors intersection,Normale,Autre collision,,,,,,,,,,,3,1,1,1.0,6
201200019911,0012-10-14 17:45:00,12,10,14,17,45,800,721,,,,Plein jour,Hors agglomération,Hors intersection,Normale,Deux véhicules - frontale,,,,,,,,,,,1,1,1,1.0,1
201200019912,0012-10-23 18:00:00,12,10,23,18,0,800,161,,,,Crépuscule ou aube,Hors agglomération,Intersection en X,Brouillard / fumée,Deux véhicules - côté,,,,,,,,,,,2,1,2,5.0,3
201200019913,0012-11-11 17:45:00,12,11,11,17,45,800,345,,,,Nuit sans éclairage public,Hors agglomération,Hors intersection,Temps couvert,Deux véhicules - côté,,,,,,,,,,,3,1,1,8.0,3
201200019914,0012-12-14 15:15:00,12,12,14,15,15,800,826,,,,Plein jour,Hors agglomération,Hors intersection,Vent fort / tempête,Deux véhicules - frontale,,,,,,,,,,,1,1,1,6.0,1
201200019915,0012-12-16 18:30:00,12,12,16,18,30,800,182,Rue du générale leclerc,,,Nuit sans éclairage public,En agglomération,Hors intersection,Pluie légère,Deux véhicules - arrière,,,,,,,,,,,3,2,1,2.0,2
201200019916,0012-04-01 18:15:00,12,4,1,18,15,800,598,D.1001 route nationale,,,Plein jour,En agglomération,Hors intersection,Temps éblouissant,Deux véhicules - arrière,,,,,,,,,,,1,2,1,7.0,2
201200019917,0012-04-14 15:30:00,12,4,14,15,30,800,167,4 rue du General LECLERC,,,Plein jour,En agglomération,Hors intersection,Normale,Deux véhicules - côté,,,,,,,,,,,1,2,1,1.0,3
201200019918,0012-06-01 17:45:00,12,6,1,17,45,800,649,,,,Plein jour,Hors agglomération,Giratoire,Normale,Autre collision,,,,,,,,,,,1,1,6,1.0,6
201200019919,0012-06-14 15:45:00,12,6,14,15,45,800,600,,,,Plein jour,Hors agglomération,Hors intersection,Normale,Autre collision,,,,,,,,,,,1,1,1,1.0,6
201200019920,0012-08-04 17:00:00,12,8,4,17,0,800,589,1 Grande Rue,,,Plein jour,En agglomération,Hors intersection,Temps couvert,Autre collision,,,,,,,,,,,1,2,1,8.0,6
201200019921,0012-08-12 12:45:00,12,8,12,12,45,800,228,,,,Plein jour,Hors agglomération,Hors intersection,Normale,Deux véhicules - côté,,,,,,,,,,,1,1,1,1.0,3
201200019922,0012-09-15 18:15:00,12,9,15,18,15,800,396,,,,Plein jour,Hors agglomération,Intersection en X,Normale,Deux véhicules - côté,,,,,,,,,,,1,1,2,1.0,3
201200019923,0012-09-17 14:50:00,12,9,17,14,50,800,688,,,,Plein jour,Hors agglomération,Hors intersection,Normale,Autre collision,,,,,,,,,,,1,1,1,1.0,6
201200019924,0012-10-26 20:15:00,12,10,26,20,15,800,688,,,,Nuit sans éclairage public,Hors agglomération,Giratoire,Normale,Sans collision,,,,,,,,,,,3,1,6,1.0,7
201200019925,0012-11-10 09:15:00,12,11,10,9,15,800,149,,,,Plein jour,Hors agglomération,Hors intersection,Normale,Deux véhicules - côté,,,,,,,,,,,1,1,1,1.0,3
201200019926,0012-12-07 07:00:00,12,12,7,7,0,800,763,,,,Crépuscule ou aube,Hors agglomération,Hors intersection,Normale,Sans collision,,,,,,,,,,,2,1,1,1.0,7
201200019927,0012-12-31 21:15:00,12,12,31,21,15,800,228,,,,Nuit sans éclairage public,Hors agglomération,Hors intersection,Pluie forte,Autre collision,,,,,,,,,,,3,1,1,3.0,6
201200019928,0012-01-08 17:45:00,12,1,8,17,45,800,377,,,,Nuit sans éclairage public,Hors agglomération,Hors intersection,Normale,Deux véhicules - frontale,,,,,,,,,,,3,1,1,1.0,1
201200019929,0012-01-14 20:30:00,12,1,14,20,30,800,205,RUE DU HAUT DE CONDE,,,Nuit avec éclairage allumé,En agglomération,Hors intersection,Normale,Deux véhicules - arrière,,,,,,,,,,,5,2,1,1.0,2
201200019930,0012-02-19 12:30:00,12,2,19,12,30,800,318,RUE DE LA REPUBLIQUE,,,Plein jour,En agglomération,Hors intersection,Normale,Autre collision,,,,,,,,,,,1,2,1,1.0,6
201200019931,0012-02-22 07:30:00,12,2,22,7,30,800,566,,,,Crépuscule ou aube,Hors agglomération,Hors intersection,Normale,Deux véhicules - frontale,,,,,,,,,,,2,1,1,1.0,1
201200019932,0012-03-01 17:00:00,12,3,1,17,0,800,642,,,,Plein jour,Hors agglomération,Intersection en X,Normale,Deux véhicules - côté,,,,,,,,,,,1,1,2,1.0,3
201200019933,0012-03-02 17:30:00,12,3,2,17,30,800,318,34 rue Roger Godard,,,Plein jour,En agglomération,Hors intersection,Normale,Autre collision,,,,,,,,,,,1,2,1,1.0,6
201200019934,0012-03-03 21:30:00,12,3,3,21,30,800,318,,,,Nuit sans éclairage public,Hors agglomération,Hors intersection,Pluie légère,Sans collision,,,,,,,,,,,3,1,1,2.0,7
201200019935,0012-04-08 22:45:00,12,4,8,22,45,800,241,,,,Nuit sans éclairage public,Hors agglomération,Hors intersection,Pluie légère,Autre collision,,,,,,,,,,,3,1,1,2.0,6
201200019936,0012-04-29 12:30:00,12,4,29,12,30,800,793,,,,Plein jour,Hors agglomération,Hors intersection,Normale,Trois véhicules et plus - collisions multiples,,,,,,,,,,,1,1,1,1.0,5
201200019937,0012-05-09 16:15:00,12,5,9,16,15,800,619,,,,Plein jour,Hors agglomération,Hors intersection,Normale,Sans collision,,,,,,,,,,,1,1,1,1.0,7
201200019938,0012-06-28 04:15:00,12,6,28,4,15,800,706,,,,Nuit sans éclairage public,Hors agglomération,Hors intersection,Normale,Autre collision,,,,,,,,,,,3,1,1,1.0,6
201200019939,0012-07-02 19:30:00,12,7,2,19,30,800,711,"20, rue du G. de Gaulle",,,Plein jour,En agglomération,Intersection en T,Normale,Deux véhicules - frontale,,,,,,,,,,,1,2,3,1.0,1
201200019940,0012-08-12 16:45:00,12,8,12,16,45,800,296,,,,Plein jour,Hors agglomération,Hors intersection,Normale,Autre collision,,,,,,,,,,,1,1,1,1.0,6
201200019941,0012-10-24 07:45:00,12,10,24,7,45,800,318,140 rue yves poiret,50.015,2.08601,Nuit avec éclairage non allumé,En agglomération,Hors intersection,Normale,Autre collision,,,,,,,,,,,4,2,1,1.0,6
201200019942,0012-03-22 10:15:00,12,3,22,10,15,800,49,,,,Plein jour,Hors agglomération,Hors intersection,Normale,Deux véhicules - côté,,,,,,,,,,,1,1,1,1.0,3
201200019943,0012-04-26 08:00:00,12,4,26,8,0,800,32,,,,Plein jour,Hors agglomération,Hors intersection,Normale,Autre collision,,,,,,,,,,,1,1,1,1.0,6
201200019944,0012-05-06 08:45:00,12,5,6,8,45,800,685,place du Bastion,,,Plein jour,En agglomération,Hors intersection,Normale,Autre collision,,,,,,,,,,,1,2,1,1.0,6
201200019945,0012-05-28 13:30:00,12,5,28,13,30,800,759,,,,Plein jour,Hors agglomération,Hors intersection,Normale,Autre collision,,,,,,,,,,,1,1,1,1.0,6
201200019946,0012-07-07 11:30:00,12,7,7,11,30,800,678,43 rue de beauvoir,,,Plein jour,En agglomération,Hors intersection,Normale,Deux véhicules - frontale,,,,,,,,,,,1,2,1,1.0,1
201200019947,0012-07-09 00:01:00,12,7,9,0,1,800,101,66 rue du Cessier,49.63293,2.76059,Nuit sans éclairage public,En agglomération,Hors intersection,Normale,Autre collision,,,,,,,,,,,3,2,1,1.0,6
201200019948,0012-07-20 17:00:00,12,7,20,17,0,800,561,,,,Plein jour,Hors agglomération,Hors intersection,Normale,Deux véhicules - frontale,,,,,,,,,,,1,1,1,1.0,1
201200019949,0012-08-01 17:15:00,12,8,1,17,15,800,230,,,,Plein jour,Hors agglomération,Intersection en X,Normale,Deux véhicules - côté,,,,,,,,,,,1,1,2,1.0,3
201200019950,0012-08-04 08:15:00,12,8,4,8,15,800,561,,,,Plein jour,En agglomération,Intersection en Y,Normale,Deux véhicules - frontale,,,,,,,,,,,1,2,4,1.0,1
201200019951,0012-09-08 12:00:00,12,9,8,12,0,800,561,RUE DE BRETEUIL,,,Plein jour,En agglomération,Hors intersection,Normale,Deux véhicules - arrière,,,,,,,,,,,1,2,1,1.0,2
201200019952,0012-10-03 05:00:00,12,10,3,5,0,800,685,34 RUE SAINT MEDARD,49.70187,2.78328,Nuit avec éclairage allumé,En agglomération,Hors intersection,Normale,Deux véhicules - frontale,,,,,,,,,,,5,2,1,1.0,1
201200019953,0012-10-14 18:45:00,12,10,14,18,45,800,678,,,,Crépuscule ou aube,Hors agglomération,Hors intersection,Normale,Sans collision,,,,,,,,,,,2,1,1,1.0,7
201200019954,0012-11-22 19:30:00,12,11,22,19,30,800,685,,,,Nuit sans éclairage public,Hors agglomération,Hors intersection,Normale,Sans collision,,,,,,,,,,,3,1,1,1.0,7
201200019955,0012-11-24 09:15:00,12,11,24,9,15,800,561,place du maréchal Foch,,,Plein jour,En agglomération,Giratoire,Normale,Deux véhicules - frontale,,,,,,,,,,,1,2,6,1.0,1
201200019956,0012-12-27 07:45:00,12,12,27,7,45,800,561,Avenue Paul Doumer,,,Nuit avec éclairage allumé,En agglomération,Hors intersection,Temps couvert,Autre collision,,,,,,,,,,,5,2,1,8.0,6
201200019957,0012-01-01 09:00:00,12,1,1,9,0,800,469,,,,Plein jour,Hors agglomération,Hors intersection,Pluie légère,Autre collision,,,,,,,,,,,1,1,1,2.0,6
201200019958,0012-03-06 09:45:00,12,3,6,9,45,800,237,,,,Plein jour,Hors agglomération,Hors intersection,Pluie légère,Sans collision,,,,,,,,,,,1,1,1,2.0,7
201200019959,0012-03-13 17:45:00,12,3,13,17,45,800,242,,,,Plein jour,Hors agglomération,Hors intersection,Normale,Sans collision,,,,,,,,,,,1,1,1,1.0,7
201200019960,0012-03-16 16:00:00,12,3,16,16,0,800,545,,,,Plein jour,Hors agglomération,Intersection en X,Normale,Deux véhicules - côté,,,,,,,,,,,1,1,2,1.0,3
201200019961,0012-03-27 17:45:00,12,3,27,17,45,800,628,,,,Plein jour,Hors agglomération,Hors intersection,Normale,Deux véhicules - frontale,,,,,,,,,,,1,1,1,1.0,1
201200019962,0012-04-01 19:00:00,12,4,1,19,0,800,628,47 rue d'Hangest,,,Plein jour,En agglomération,Hors intersection,Normale,Autre collision,,,,,,,,,,,1,2,1,1.0,6
201200019963,0012-04-18 08:15:00,12,4,18,8,15,800,570,,,,Plein jour,Hors agglomération,Hors intersection,Pluie légère,Sans collision,,,,,,,,,,,1,1,1,2.0,7
201200019964,0012-06-08 18:45:00,12,6,8,18,45,800,415,,,,Plein jour,Hors agglomération,Hors intersection,Normale,Autre collision,,,,,,,,,,,1,1,1,1.0,6
201200019965,0012-06-09 23:30:00,12,6,9,23,30,800,315,Route nationale,49.738,2.256,Nuit sans éclairage public,En agglomération,Hors intersection,Normale,Autre collision,,,,,,,,,,,3,2,1,1.0,6
201200019966,0012-06-10 18:00:00,12,6,10,18,0,800,452,,,,Plein jour,Hors agglomération,Intersection en X,Normale,Deux véhicules - frontale,,,,,,,,,,,1,1,2,1.0,1
201200019967,0012-07-14 11:45:00,12,7,14,11,45,800,797,L'ALLEE DES TILLEULS,,,Plein jour,Hors agglomération,Hors intersection,Normale,Sans collision,,,,,,,,,,,1,1,1,1.0,7
201200019968,0012-07-24 15:15:00,12,7,24,15,15,800,570,,,,Plein jour,Hors agglomération,Hors intersection,Normale,Trois véhicules et plus - collisions multiples,,,,,,,,,,,1,1,1,1.0,5
201200019969,0012-09-05 22:00:00,12,9,5,22,0,800,405,rue haute,49.80246,2.43783,Nuit avec éclairage allumé,En agglomération,Hors intersection,Normale,Sans collision,,,,,,,,,,,5,2,1,1.0,7
201200019970,0012-11-08 14:30:00,12,11,8,14,30,800,570,inter D23-D920-D935,,,Plein jour,En agglomération,Intersection en X,Normale,Deux véhicules - frontale,,,,,,,,,,,1,2,2,1.0,1
201200019971,0012-11-13 17:15:00,12,11,13,17,15,800,237,grande rue,,,Crépuscule ou aube,En agglomération,Intersection en T,Brouillard / fumée,Deux véhicules - frontale,,,,,,,,,,,2,2,3,5.0,1
201200019972,0012-11-17 20:45:00,12,11,17,20,45,800,668,,,,Nuit sans éclairage public,Hors agglomération,Hors intersection,Pluie légère,Autre collision,,,,,,,,,,,3,1,1,2.0,6
201200019973,0012-12-11 05:15:00,12,12,11,5,15,800,349,,,,Nuit sans éclairage public,Hors agglomération,Intersection en X,Normale,Deux véhicules - frontale,,,,,,,,,,,3,1,2,1.0,1
201200019974,0012-01-20 19:15:00,12,1,20,19,15,800,620,Avenue de l' Europe,,,Nuit avec éclairage allumé,En agglomération,Hors intersection,Normale,Autre collision,,,,,,,,,,,5,2,1,1.0,6
201200019975,0012-05-14 07:45:00,12,5,14,7,45,800,240,,,,Plein jour,Hors agglomération,Hors intersection,Normale,Trois véhicules et plus - collisions multiples,,,,,,,,,,,1,1,1,1.0,5
201200019976,0012-08-04 07:45:00,12,8,4,7,45,800,177,,,,Plein jour,Hors agglomération,Intersection en X,Normale,Deux véhicules - frontale,,,,,,,,,,,1,1,2,1.0,1
201200019977,0012-11-23 17:00:00,12,11,23,17,0,800,620,rue saint fursy,,,Nuit avec éclairage allumé,En agglomération,Hors intersection,Pluie légère,Autre collision,,,,,,,,,,,5,2,1,2.0,6
201200019978,0012-04-03 13:00:00,12,4,3,13,0,800,288,,,,Plein jour,Hors agglomération,Giratoire,Normale,Autre collision,,,,,,,,,,,1,1,6,1.0,6
201200019979,0012-04-13 23:45:00,12,4,13,23,45,800,320,9 rue de rouvroy,,,Nuit sans éclairage public,En agglomération,Hors intersection,Normale,Autre collision,,,,,,,,,,,3,2,1,1.0,6
201200019980,0012-10-31 22:45:00,12,10,31,22,45,800,136,,,,Nuit sans éclairage public,Hors agglomération,Hors intersection,Normale,Autre collision,,,,,,,,,,,3,1,1,1.0,6
201200019981,0012-11-20 22:15:00,12,11,20,22,15,800,572,,,,Nuit sans éclairage public,En agglomération,Hors intersection,Normale,Autre collision,,,,,,,,,,,3,2,1,1.0,6
201200019982,0012-12-04 10:00:00,12,12,4,10,0,800,195,,,,Plein jour,Hors agglomération,Intersection en X,Normale,Deux véhicules - côté,,,,,,,,,,,1,1,2,1.0,3
201200019983,0012-12-05 15:00:00,12,12,5,15,0,800,186,route d'HALLU,,,Plein jour,En agglomération,Intersection en X,Pluie légère,Deux véhicules - côté,,,,,,,,,,,1,2,2,2.0,3
201200019984,0012-08-01 16:00:00,12,8,1,16,0,600,539,rue fanny duvivier,,,Plein jour,En agglomération,Hors intersection,Normale,Autre collision,,,,,,,,,,,1,2,1,1.0,6
201200019985,0012-06-12 19:45:00,12,6,12,19,45,240,26,,,,Plein jour,Hors agglomération,Hors intersection,Normale,Sans collision,,,,,,,,,,,1,1,1,1.0,7
201200019986,0012-09-03 08:00:00,12,9,3,8,0,240,324,,,,Plein jour,Hors agglomération,Hors intersection,Normale,Autre collision,,,,,,,,,,,1,1,1,1.0,6
201200019987,0012-01-09 18:00:00,12,1,9,18,0,202,319,,,,Crépuscule ou aube,Hors agglomération,Hors intersection,Normale,Sans collision,,,,,,,,,,,2,1,1,1.0,7
201200019988,0012-07-28 06:30:00,12,7,28,6,30,202,286,RN 198 -  QUERCIOLO,,,Plein jour,En agglomération,Hors intersection,Normale,Deux véhicules - frontale,,,,,,,,,,,1,2,1,1.0,1
201200019989,0012-08-11 05:30:00,12,8,11,5,30,202,319,,,,Nuit avec éclairage non allumé,Hors agglomération,Hors intersection,Normale,Autre collision,,,,,,,,,,,4,1,1,1.0,6
201200019990,0012-02-04 03:30:00,12,2,4,3,30,202,239,,,,Nuit sans éclairage public,Hors agglomération,Hors intersection,Neige / grêle,Sans collision,,,,,,,,,,,3,1,1,4.0,7
201200019991,0012-07-21 11:30:00,12,7,21,11,30,202,185,,42.672,9.303,Nuit sans éclairage public,Hors agglomération,Hors intersection,Normale,Sans collision,,,,,,,,,,,3,1,1,1.0,7
201200019992,0012-07-23 18:30:00,12,7,23,18,30,202,298,Face Camping Olzo,42.699,9.333,Plein jour,En agglomération,Hors intersection,Normale,Deux véhicules - frontale,,,,,,,,,,,1,2,1,1.0,1
201200019993,0012-08-10 02:30:00,12,8,10,2,30,202,185,,42.653,9.332,Nuit sans éclairage public,Hors agglomération,Autre intersection,Normale,Autre collision,,,,,,,,,,,3,1,9,1.0,6