accident_id,datetime,annee,mois,jour,heure,minute,departement,commune_insee,adresse,latitude,longitude,luminosite,agglomeration,intersection,meteo,collision,nb_vehicules,nb_usagers,nb_indemnes,nb_tues,nb_blesses_hosp,nb_blesses_legers,age_cond_1,age_cond_2,veh_type_cond_1,veh_type_cond_2,lum_code,agg_code,int_code,atm_code,col_code
201200019994,0012-10-19 11:30:00,12,10,19,11,30,202,29,,42.684,9.399,Plein jour,Hors agglomération,Hors intersection,Brouillard / fumée,Deux véhicules - arrière,,,,,,,,,,,1,1,1,5.0,2
201200019995,0012-10-30 11:45:00,12,10,30,11,45,202,185,,42.657,9.328,Plein jour,Hors agglomération,Hors intersection,Normale,Deux véhicules - frontale,,,,,,,,,,,1,1,1,1.0,1
201200019996,0012-12-27 10:30:00,12,12,27,10,30,202,185,,42.641,9.346,Plein jour,Hors agglomération,Hors intersection,Temps éblouissant,Deux véhicules - frontale,,,,,,,,,,,1,1,1,7.0,1
201200019997,0012-09-01 14:00:00,12,9,1,14,0,202,150,,,,Plein jour,Hors agglomération,Hors intersection,Pluie légère,Trois véhicules et plus - collisions multiples,,,,,,,,,,,1,1,1,2.0,5
201200019998,0012-06-03 23:45:00,12,6,3,23,45,202,10,Ancienne nationale,,,Nuit avec éclairage allumé,En agglomération,Hors intersection,Normale,Sans collision,,,,,,,,,,,5,2,1,1.0,7
201200019999,0012-06-25 07:45:00,12,6,25,7,45,202,134,avenue Paul Doumer,,,Plein jour,En agglomération,Hors intersection,Normale,Autre collision,,,,,,,,,,,1,2,1,1.0,6
201200020000,0012-07-02 06:30:00,12,7,2,6,30,202,25,,42.564,8.898,Plein jour,Hors agglomération,Hors intersection,Normale,Autre collision,,,,,,,,,,,1,1,1,1.0,6
201200020001,0012-08-03 09:45:00,12,8,3,9,45,202,84,,42.53,8.903,Plein jour,Hors agglomération,Hors intersection,Temps éblouissant,Deux véhicules - frontale,,,,,,,,,,,1,1,1,7.0,1
201200020002,0012-10-30 06:00:00,12,10,30,6,0,202,20,,,,Plein jour,Hors agglomération,Hors intersection,Normale,Sans collision,,,,,,,,,,,1,1,1,1.0,7
201200020003,0012-12-12 02:45:00,12,12,12,2,45,202,134,,,,Nuit avec éclairage non allumé,En agglomération,Hors intersection,Normale,Autre collision,,,,,,,,,,,4,2,1,1.0,6
201200020004,0012-12-20 21:15:00,12,12,20,21,15,202,251,,42.008,9.404,Nuit avec éclairage allumé,Hors agglomération,Hors intersection,Pluie légère,Autre collision,,,,,,,,,,,5,1,1,2.0,6
201200020005,0012-01-17 11:15:00,12,1,17,11,15,310,150,,43.6477,1.33713,Plein jour,Hors agglomération,Hors intersection,Normale,Deux véhicules - côté,,,,,,,,,,,1,1,1,1.0,3
201200020006,0012-01-22 17:00:00,12,1,22,17,0,310,32,140 rue saint cyr,43.68119,1.31893,Plein jour,En agglomération,Hors intersection,Temps couvert,Deux véhicules - arrière,,,,,,,,,,,1,2,1,8.0,2
201200020007,0012-05-03 08:15:00,12,5,3,8,15,310,150,RD63E/ch de testete,43.6451,1.33473,Plein jour,Hors agglomération,Intersection en X,Normale,Trois véhicules et plus - collisions multiples,,,,,,,,,,,1,1,2,1.0,5
201200020008,0012-10-03 18:15:00,12,10,3,18,15,310,541,,43.6775,1.36415,Plein jour,Hors agglomération,Hors intersection,Normale,Deux véhicules - côté,,,,,,,,,,,1,1,1,1.0,3
201200020009,0012-10-05 05:30:00,12,10,5,5,30,310,351,,43.67,1.297,Nuit sans éclairage public,Hors agglomération,Hors intersection,Normale,Deux véhicules - arrière,,,,,,,,,,,3,1,1,1.0,2
201200020010,0012-11-23 22:30:00,12,11,23,22,30,310,56,rue des rossignols,43.66429,1.37537,Nuit avec éclairage allumé,En agglomération,Hors intersection,Normale,Deux véhicules - côté,,,,,,,,,,,5,2,1,1.0,3
201200020011,0012-12-04 18:30:00,12,12,4,18,30,310,150,,43.6512,1.31319,Nuit avec éclairage allumé,Hors agglomération,Hors intersection,Temps couvert,Autre collision,,,,,,,,,,,5,1,1,8.0,6
201200020012,0012-08-23 19:30:00,12,8,23,19,30,201,90,ESIGNA,42.0934,8.70991,Plein jour,En agglomération,Hors intersection,Normale,Deux véhicules - côté,,,,,,,,,,,1,2,1,1.0,3
201200020013,0012-06-13 15:30:00,12,6,13,15,30,201,212,,,,Plein jour,Hors agglomération,Hors intersection,Normale,Deux véhicules - frontale,,,,,,,,,,,1,1,1,1.0,1
201200020014,0012-05-13 12:45:00,12,5,13,12,45,201,85,,,,Plein jour,Hors agglomération,Hors intersection,Normale,Trois véhicules et plus - en chaîne,,,,,,,,,,,1,1,1,1.0,4
201200020015,0012-05-16 13:30:00,12,5,16,13,30,201,130,Terra Bella,,,Plein jour,En agglomération,Hors intersection,Normale,Deux véhicules - côté,,,,,,,,,,,1,2,1,1.0,3
201200020016,0012-06-17 00:15:00,12,6,17,0,15,201,85,,41.909,8.838,Nuit sans éclairage public,Hors agglomération,Hors intersection,Normale,Sans collision,,,,,,,,,,,3,1,1,1.0,7
201200020017,0012-07-23 23:30:00,12,7,23,23,30,201,8,AGOSTA PLAGE,41.86589,8.79105,Nuit avec éclairage allumé,En agglomération,Hors intersection,Normale,Deux véhicules - côté,,,,,,,,,,,5,2,1,1.0,3
201200020018,0012-09-21 22:15:00,12,9,21,22,15,201,228,,,,Nuit avec éclairage allumé,Hors agglomération,Autre intersection,Normale,Autre collision,,,,,,,,,,,5,1,9,1.0,6
201200020019,0012-02-10 08:30:00,12,2,10,8,30,201,288,,41.5467,9.20559,Nuit avec éclairage non allumé,En agglomération,Hors intersection,Neige / grêle,Deux véhicules - frontale,,,,,,,,,,,4,2,1,4.0,1
201200020020,0012-07-14 06:30:00,12,7,14,6,30,201,41,,,,Crépuscule ou aube,Hors agglomération,Hors intersection,Normale,Deux véhicules - frontale,,,,,,,,,,,2,1,1,1.0,1
201200020021,0012-07-19 18:00:00,12,7,19,18,0,201,41,,41.4902,8.97442,Plein jour,Hors agglomération,Hors intersection,Normale,Deux véhicules - frontale,,,,,,,,,,,1,1,1,1.0,1
201200020022,0012-07-26 08:30:00,12,7,26,8,30,201,41,,41.41249,9.17191,Plein jour,Hors agglomération,Autre intersection,Normale,Deux véhicules - frontale,,,,,,,,,,,1,1,9,1.0,1
201200020023,0012-07-27 10:45:00,12,7,27,10,45,201,41,,41.4109,9.17362,Plein jour,Hors agglomération,Hors intersection,Normale,Trois véhicules et plus - en chaîne,,,,,,,,,,,1,1,1,1.0,4
201200020024,0012-08-31 16:45:00,12,8,31,16,45,201,41,,41.4798,9.23552,Plein jour,Hors agglomération,Hors intersection,Normale,Deux véhicules - côté,,,,,,,,,,,1,1,1,1.0,3
201200020025,0012-07-13 19:00:00,12,7,13,19,0,201,139,route de ST CYPRIEN,,,Plein jour,En agglomération,Hors intersection,Normale,Deux véhicules - côté,,,,,,,,,,,1,2,1,1.0,3
201200020026,0012-07-27 13:15:00,12,7,27,13,15,201,269,,41.8549,9.36129,Plein jour,Hors agglomération,Hors intersection,Normale,Deux véhicules - frontale,,,,,,,,,,,1,1,1,1.0,1
201200020027,0012-08-18 16:30:00,12,8,18,16,30,201,92,TARCO,41.75159,9.40416,Plein jour,En agglomération,Hors intersection,Normale,Deux véhicules - frontale,,,,,,,,,,,1,2,1,1.0,1
201200020028,0012-12-13 01:30:00,12,12,13,1,30,201,269,,,,Nuit sans éclairage public,Hors agglomération,Hors intersection,Normale,Sans collision,,,,,,,,,,,3,1,1,1.0,7
201200020029,0012-09-25 17:30:00,12,9,25,17,30,201,142,,41.8576,9.36614,Plein jour,Hors agglomération,Hors intersection,Pluie légère,Autre collision,,,,,,,,,,,1,1,1,2.0,6
201200020030,0012-08-11 13:00:00,12,8,11,13,0,201,71,ROUTE NATIONALE 196,41.75439,8.93658,Plein jour,En agglomération,Hors intersection,Normale,Deux véhicules - frontale,,,,,,,,,,,1,2,1,1.0,1
201200020031,0012-06-09 13:00:00,12,6,9,13,0,201,130,,41.8765,8.94689,Plein jour,Hors agglomération,Hors intersection,Normale,Deux véhicules - frontale,,,,,,,,,,,1,1,1,1.0,1
201200020032,0012-07-10 15:30:00,12,7,10,15,30,201,130,,41.8869,8.93356,Plein jour,Hors agglomération,Hors intersection,Temps éblouissant,Autre collision,,,,,,,,,,,1,1,1,7.0,6
201200020033,0012-02-15 18:00:00,12,2,15,18,0,790,66,,,,Crépuscule ou aube,Hors agglomération,Intersection en X,Temps couvert,Deux véhicules - côté,,,,,,,,,,,2,1,2,8.0,3
201200020034,0012-07-14 23:45:00,12,7,14,23,45,790,293,,,,Nuit sans éclairage public,Hors agglomération,Intersection en X,Pluie légère,Deux véhicules - côté,,,,,,,,,,,3,1,2,2.0,3
201200020035,0012-10-05 14:15:00,12,10,5,14,15,790,32,,,,Plein jour,Hors agglomération,Hors intersection,Normale,Deux véhicules - frontale,,,,,,,,,,,1,1,1,1.0,1
201200020036,0012-02-14 07:30:00,12,2,14,7,30,790,216,RUE DE SAINT-MARTIN,,,Crépuscule ou aube,En agglomération,Hors intersection,Pluie légère,Autre collision,,,,,,,,,,,2,2,1,2.0,6
201200020037,0012-02-22 17:15:00,12,2,22,17,15,790,170,ROUTE DU PETIT BREUIL,,,Plein jour,Hors agglomération,Hors intersection,Normale,Deux véhicules - frontale,,,,,,,,,,,1,1,1,1.0,1
201200020038,0012-03-05 19:45:00,12,3,5,19,45,790,130,"LD ""LA GRENOUILLE""",,,Nuit sans éclairage public,Hors agglomération,Hors intersection,Pluie légère,Autre collision,,,,,,,,,,,3,1,1,2.0,6
201200020039,0012-03-25 04:30:00,12,3,25,4,30,790,34,,,,Nuit sans éclairage public,Hors agglomération,Giratoire,Normale,Sans collision,,,,,,,,,,,3,1,6,1.0,7
201200020040,0012-03-25 18:45:00,12,3,25,18,45,790,219,,,,Plein jour,Hors agglomération,Hors intersection,Normale,Autre collision,,,,,,,,,,,1,1,1,1.0,6
201200020041,0012-03-26 12:30:00,12,3,26,12,30,790,355,"LD ""GASCOUGNOLLES""",,,Plein jour,Hors agglomération,Hors intersection,Normale,Deux véhicules - frontale,,,,,,,,,,,1,1,1,1.0,1
201200020042,0012-05-08 02:00:00,12,5,8,2,0,790,144,,,,Nuit avec éclairage non allumé,En agglomération,Autre intersection,Normale,Autre collision,,,,,,,,,,,4,2,9,1.0,6
201200020043,0012-07-07 06:15:00,12,7,7,6,15,790,298,,,,Crépuscule ou aube,Hors agglomération,Hors intersection,Normale,Autre collision,,,,,,,,,,,2,1,1,1.0,6
201200020044,0012-07-28 02:15:00,12,7,28,2,15,790,130,,,,Nuit sans éclairage public,Hors agglomération,Hors intersection,Normale,Sans collision,,,,,,,,,,,3,1,1,1.0,7
201200020045,0012-09-30 15:00:00,12,9,30,15,0,790,337,ROUTE D'ARCAIS,,,Plein jour,Hors agglomération,Hors intersection,Normale,Autre collision,,,,,,,,,,,1,1,1,1.0,6
201200020046,0012-10-28 11:30:00,12,10,28,11,30,790,58,"LD ""SAINTE-BLANDINE""",,,Plein jour,Hors agglomération,Intersection en X,Normale,Deux véhicules - côté,,,,,,,,,,,1,1,2,1.0,3
201200020047,0012-12-06 19:00:00,12,12,6,19,0,790,334,,,,Nuit sans éclairage public,Hors agglomération,Hors intersection,Normale,Deux véhicules - frontale,,,,,,,,,,,3,1,1,1.0,1
201200020048,0012-08-18 10:15:00,12,8,18,10,15,790,64,,,,Plein jour,Hors agglomération,Hors intersection,Normale,Trois véhicules et plus - en chaîne,,,,,,,,,,,1,1,1,1.0,4
201200020049,0012-01-11 07:30:00,12,1,11,7,30,790,48,,,,Nuit sans éclairage public,Hors agglomération,Intersection en T,Normale,Deux véhicules - côté,,,,,,,,,,,3,1,3,1.0,3
201200020050,0012-03-26 10:15:00,12,3,26,10,15,790,128,,,,Plein jour,Hors agglomération,Intersection en X,Normale,Deux véhicules - côté,,,,,,,,,,,1,1,2,1.0,3
201200020051,0012-03-31 14:45:00,12,3,31,14,45,790,201,"LD ""LA LIBORDIERE""",,,Plein jour,Hors agglomération,Hors intersection,Normale,Deux véhicules - frontale,,,,,,,,,,,1,1,1,1.0,1
201200020052,0012-04-15 04:30:00,12,4,15,4,30,790,270,RUE DES GRANGES,,,Nuit avec éclairage allumé,En agglomération,Giratoire,Normale,Autre collision,,,,,,,,,,,5,2,6,1.0,6
201200020053,0012-06-07 13:15:00,12,6,7,13,15,790,246,"LD ""PARTHENAY""",,,Plein jour,Hors agglomération,Hors intersection,Normale,Deux véhicules - frontale,,,,,,,,,,,1,1,1,1.0,1
201200020054,0012-07-26 05:30:00,12,7,26,5,30,790,114,,,,Nuit sans éclairage public,Hors agglomération,Hors intersection,Normale,Autre collision,,,,,,,,,,,3,1,1,1.0,6
201200020055,0012-12-31 08:45:00,12,12,31,8,45,790,246,"LD ""LE BREUIL""",,,Plein jour,En agglomération,Hors intersection,Normale,Deux véhicules - côté,,,,,,,,,,,1,2,1,1.0,3
201200020056,0012-09-17 21:15:00,12,9,17,21,15,790,62,reu montemor o vehlo,46.824,-0.669,Nuit avec éclairage allumé,En agglomération,Hors intersection,Normale,Deux véhicules - arrière,,,,,,,,,,,5,2,1,1.0,2
201200020057,0012-01-10 18:15:00,12,1,10,18,15,790,53,,,,Nuit avec éclairage allumé,Hors agglomération,Hors intersection,Normale,Autre collision,,,,,,,,,,,5,1,1,1.0,6
201200020058,0012-04-24 09:15:00,12,4,24,9,15,790,238,"LD ""LA CHAMPAGNE""",,,Plein jour,Hors agglomération,Hors intersection,Normale,Deux véhicules - arrière,,,,,,,,,,,1,1,1,1.0,2
201200020059,0012-06-17 04:45:00,12,6,17,4,45,790,13,,,,Nuit avec éclairage non allumé,En agglomération,Hors intersection,Normale,Autre collision,,,,,,,,,,,4,2,1,1.0,6
201200020060,0012-05-28 07:30:00,12,5,28,7,30,790,71,"LD ""LA PICOTIERE""",,,Plein jour,Hors agglomération,Hors intersection,Normale,Autre collision,,,,,,,,,,,1,1,1,1.0,6
201200020061,0012-06-02 10:45:00,12,6,2,10,45,790,225,,,,Plein jour,Hors agglomération,Hors intersection,Normale,Autre collision,,,,,,,,,,,1,1,1,1.0,6
201200020062,0012-07-04 09:45:00,12,7,4,9,45,790,347,"LD "" CHAMPS DE L'ETANG""",,,Plein jour,Hors agglomération,Intersection en T,Normale,Deux véhicules - côté,,,,,,,,,,,1,1,3,1.0,3
201200020063,0012-12-25 12:15:00,12,12,25,12,15,790,322,,,,Plein jour,Hors agglomération,Intersection en X,Temps éblouissant,Deux véhicules - côté,,,,,,,,,,,1,1,2,7.0,3
201200020064,0012-11-29 17:45:00,12,11,29,17,45,790,179,1 AV. DU MCHAL LECLERC,,,Nuit avec éclairage allumé,En agglomération,Giratoire,Normale,Autre collision,,,,,,,,,,,5,2,6,1.0,6
201200020065,0012-12-30 09:45:00,12,12,30,9,45,790,190,"LD ""LE BOIS FLEURY""",,,Plein jour,Hors agglomération,Hors intersection,Normale,Autre collision,,,,,,,,,,,1,1,1,1.0,6
201200020066,0012-02-11 09:15:00,12,2,11,9,15,760,482,R JEAN JAURES,49.86926,1.03934,Plein jour,En agglomération,Hors intersection,Normale,Deux véhicules - arrière,,,,,,,,,,,1,2,1,1.0,2
201200020067,0012-02-27 18:00:00,12,2,27,18,0,760,51,,49.80069,1.01709,Plein jour,Hors agglomération,Hors intersection,Normale,Deux véhicules - frontale,,,,,,,,,,,1,1,1,1.0,1
201200020068,0012-04-10 11:30:00,12,4,10,11,30,760,697,,49.79382,1.16063,Plein jour,Hors agglomération,Hors intersection,Normale,Autre collision,,,,,,,,,,,1,1,1,1.0,6
201200020069,0012-05-26 17:15:00,12,5,26,17,15,760,205,,49.81202,1.06187,Plein jour,Hors agglomération,Hors intersection,Normale,Deux véhicules - côté,,,,,,,,,,,1,1,1,1.0,3
201200020070,0012-08-29 13:15:00,12,8,29,13,15,760,720,cd 75,49.90847,0.98057,Plein jour,En agglomération,Autre intersection,Pluie légère,Deux véhicules - côté,,,,,,,,,,,1,2,9,2.0,3
201200020071,0012-09-09 12:00:00,12,9,9,12,0,760,112,,49.83288,1.14062,Plein jour,En agglomération,Hors intersection,Normale,Autre collision,,,,,,,,,,,1,2,1,1.0,6
201200020072,0012-10-10 07:45:00,12,10,10,7,45,760,482,,49.86959,1.0367,Crépuscule ou aube,Hors agglomération,Hors intersection,Temps couvert,Trois véhicules et plus - collisions multiples,,,,,,,,,,,2,1,1,8.0,5
201200020073,0012-01-12 08:45:00,12,1,12,8,45,760,556,"221, R POMONE",49.53299,0.47365,Plein jour,En agglomération,Hors intersection,Normale,Autre collision,,,,,,,,,,,1,2,1,1.0,6
201200020074,0012-01-20 17:45:00,12,1,20,17,45,760,92,RTE DE CAUDEBEC,49.57218,0.54819,Crépuscule ou aube,Hors agglomération,Intersection en X,Normale,Deux véhicules - côté,,,,,,,,,,,2,1,2,1.0,3
201200020075,0012-06-29 19:30:00,12,6,29,19,30,760,543,,49.61099,0.49763,Plein jour,Hors agglomération,Intersection en X,Normale,Deux véhicules - frontale,,,,,,,,,,,1,1,2,1.0,1
201200020076,0012-08-18 12:45:00,12,8,18,12,45,760,318,,49.549,0.59973,Plein jour,Hors agglomération,Intersection en X,Normale,Deux véhicules - côté,,,,,,,,,,,1,1,2,1.0,3
201200020077,0012-08-27 18:00:00,12,8,27,18,0,760,80,,49.64589,0.65347,Nuit sans éclairage public,Hors agglomération,Hors intersection,Pluie forte,Autre collision,,,,,,,,,,,3,1,1,3.0,6
201200020078,0012-08-30 18:30:00,12,8,30,18,30,760,531,,49.67106,0.7184,Plein jour,Hors agglomération,Intersection en X,Normale,Deux véhicules - côté,,,,,,,,,,,1,1,2,1.0,3
201200020079,0012-08-26 13:30:00,12,8,26,13,30,760,35,,49.78571,1.7529,Plein jour,Hors agglomération,Passage à niveau,Normale,Deux véhicules - frontale,,,,,,,,,,,1,1,8,1.0,1
201200020080,0012-09-18 14:45:00,12,9,18,14,45,760,101,,49.91651,1.65306,Plein jour,Hors agglomération,Hors intersection,Normale,Autre collision,,,,,,,,,,,1,1,1,1.0,6
201200020081,0012-08-02 08:53:00,12,8,2,8,53,760,532,,49.61007,1.2957,Plein jour,Hors agglomération,Intersection en X,Normale,Deux véhicules - frontale,,,,,,,,,,,1,1,2,1.0,1
201200020082,0012-09-28 18:00:00,12,9,28,18,0,760,621,,49.65064,1.29564,Plein jour,Hors agglomération,Hors intersection,Normale,Autre collision,,,,,,,,,,,1,1,1,1.0,6
201200020083,0012-09-11 17:30:00,12,9,11,17,30,760,445,RTE DES MURES,49.60603,1.33052,Plein jour,En agglomération,Hors intersection,Normale,Deux véhicules - côté,,,,,,,,,,,1,2,1,1.0,3
201200020084,0012-11-10 18:30:00,12,11,10,18,30,760,535,,49.60879,1.5142,Nuit sans éclairage public,Hors agglomération,Hors intersection,Pluie légère,Deux véhicules - frontale,,,,,,,,,,,3,1,1,2.0,1
201200020085,0012-03-25 15:30:00,12,3,25,15,30,760,242,,49.45397,1.72388,Plein jour,Hors agglomération,Hors intersection,Normale,Autre collision,,,,,,,,,,,1,1,1,1.0,6
201200020086,0012-09-11 07:15:00,12,9,11,7,15,760,312,AV DES ANCIENS COMBATTAN,49.47912,1.72339,Crépuscule ou aube,En agglomération,Intersection à plus de 4 branches,Pluie légère,Autre collision,,,,,,,,,,,2,2,5,2.0,6
201200020087,0012-11-15 06:45:00,12,11,15,6,45,760,263,"113, RTE DE NOLLEVAL",49.47238,1.50966,Plein jour,Hors agglomération,Hors intersection,Normale,Autre collision,,,,,,,,,,,1,1,1,1.0,6
201200020088,0012-12-29 08:45:00,12,12,29,8,45,760,229,CHE DES CHASSE MAREES,49.4817,1.64322,Crépuscule ou aube,Hors agglomération,Hors intersection,Pluie légère,Autre collision,,,,,,,,,,,2,1,1,2.0,6
201200020089,0012-10-24 17:15:00,12,10,24,17,15,760,57,RTE DE FRESQUIENNES,49.54449,0.96722,Plein jour,Hors agglomération,Hors intersection,Normale,Deux véhicules - côté,,,,,,,,,,,1,1,1,1.0,3
201200020090,0012-10-26 22:30:00,12,10,26,22,30,760,57,,49.56063,0.93536,Nuit sans éclairage public,Hors agglomération,Hors intersection,Normale,Deux véhicules - arrière,,,,,,,,,,,3,1,1,1.0,2
201200020091,0012-03-16 11:45:00,12,3,16,11,45,760,88,,49.47128,0.88856,Plein jour,Hors agglomération,Hors intersection,Normale,Deux véhicules - côté,,,,,,,,,,,1,1,1,1.0,3
201200020092,0012-03-25 06:15:00,12,3,25,6,15,760,631,,49.51021,0.86723,Crépuscule ou aube,Hors agglomération,Hors intersection,Normale,Sans collision,,,,,,,,,,,2,1,1,1.0,7
201200020093,0012-05-13 18:30:00,12,5,13,18,30,760,56,,49.45672,0.91152,Plein jour,Hors agglomération,Intersection en X,Normale,Deux véhicules - côté,,,,,,,,,,,1,1,2,1.0,3
201200020094,0012-05-27 16:00:00,12,5,27,16,0,760,659,,49.50644,0.78429,Plein jour,Hors agglomération,Hors intersection,Normale,Deux véhicules - frontale,,,,,,,,,,,1,1,1,1.0,1
201200020095,0012-07-24 08:30:00,12,7,24,8,30,760,636,,49.48638,0.89831,Plein jour,Hors agglomération,Intersection en T,Normale,Deux véhicules - frontale,,,,,,,,,,,1,1,3,1.0,1
201200020096,0012-04-10 07:00:00,12,4,10,7,0,760,387,,49.7134,0.8869,Nuit sans éclairage public,Hors agglomération,Hors intersection,Pluie forte,Deux véhicules - frontale,,,,,,,,,,,3,1,1,3.0,1
201200020097,0012-05-11 23:00:00,12,5,11,23,0,760,293,,49.76205,0.7719,Nuit sans éclairage public,Hors agglomération,Intersection en X,Normale,Deux véhicules - frontale,,,,,,,,,,,3,1,2,1.0,1
201200020098,0012-08-19 12:00:00,12,8,19,12,0,760,653,,49.77311,0.71979,Plein jour,Hors agglomération,Intersection en X,Normale,Deux véhicules - côté,,,,,,,,,,,1,1,2,1.0,3
201200020099,0012-09-10 09:15:00,12,9,10,9,15,760,668,,49.62945,0.90323,Plein jour,Hors agglomération,Intersection en X,Normale,Deux véhicules - côté,,,,,,,,,,,1,1,2,1.0,3
201200020100,0012-03-31 07:30:00,12,3,31,7,30,760,307,,49.63655,0.20707,Crépuscule ou aube,Hors agglomération,Hors intersection,Brouillard / fumée,Trois véhicules et plus - collisions multiples,,,,,,,,,,,2,1,1,5.0,5
201200020101,0012-08-05 10:30:00,12,8,5,10,30,760,609,RUE DE GONNEVILLE,49.66548,0.19733,Plein jour,En agglomération,Hors intersection,Normale,Autre collision,,,,,,,,,,,1,2,1,1.0,6
201200020102,0012-10-13 08:30:00,12,10,13,8,30,760,595,,49.62827,0.17458,Crépuscule ou aube,Hors agglomération,Hors intersection,Pluie légère,Deux véhicules - frontale,,,,,,,,,,,2,1,1,2.0,1
201200020103,0012-06-03 16:15:00,12,6,3,16,15,760,663,"2, R DE LA MAIRIE",49.80262,0.53003,Plein jour,En agglomération,Hors intersection,Normale,Autre collision,,,,,,,,,,,1,2,1,1.0,6
201200020104,0012-02-18 11:15:00,12,2,18,11,15,670,66,route freconrupt,48.475,7.209,Plein jour,En agglomération,Hors intersection,Normale,Autre collision,,,,,,,,,,,1,2,1,1.0,6
201200020105,0012-02-22 09:30:00,12,2,22,9,30,670,168,,,,Plein jour,Hors agglomération,Hors intersection,Normale,Deux véhicules - frontale,,,,,,,,,,,1,1,1,1.0,1
201200020106,0012-02-23 17:45:00,12,2,23,17,45,670,325,,,,Crépuscule ou aube,Hors agglomération,Hors intersection,Normale,Trois véhicules et plus - collisions multiples,,,,,,,,,,,2,1,1,1.0,5
201200020107,0012-05-04 20:00:00,12,5,4,20,0,670,436,,,,Crépuscule ou aube,Hors agglomération,Hors intersection,Normale,Deux véhicules - frontale,,,,,,,,,,,2,1,1,1.0,1
201200020108,0012-05-18 12:30:00,12,5,18,12,30,670,436,,,,Plein jour,Hors agglomération,Hors intersection,Normale,Autre collision,,,,,,,,,,,1,1,1,1.0,6
201200020109,0012-06-16 13:00:00,12,6,16,13,0,670,325,,,,Plein jour,Hors agglomération,Hors intersection,Normale,Deux véhicules - frontale,,,,,,,,,,,1,1,1,1.0,1
201200020110,0012-07-04 21:15:00,12,7,4,21,15,670,414,rue des d?port?s,,,Plein jour,En agglomération,Hors intersection,Normale,Deux véhicules - côté,,,,,,,,,,,1,2,1,1.0,3
201200020111,0012-07-08 17:00:00,12,7,8,17,0,670,436,,,,Plein jour,Hors agglomération,Hors intersection,Temps couvert,Deux véhicules - arrière,,,,,,,,,,,1,1,1,8.0,2
201200020112,0012-08-13 17:30:00,12,8,13,17,30,670,325,,,,Plein jour,Hors agglomération,Hors intersection,Normale,Deux véhicules - côté,,,,,,,,,,,1,1,1,1.0,3
201200020113,0012-10-21 20:00:00,12,10,21,20,0,670,188,,,,Nuit sans éclairage public,Hors agglomération,Hors intersection,Normale,Autre collision,,,,,,,,,,,3,1,1,1.0,6
201200020114,0012-12-05 11:30:00,12,12,5,11,30,670,414,43 rue de Schirmeck,,,Plein jour,En agglomération,Hors intersection,Normale,Deux véhicules - frontale,,,,,,,,,,,1,2,1,1.0,1
201200020115,0012-09-22 23:00:00,12,9,22,23,0,670,538,,,,Nuit sans éclairage public,Hors agglomération,Hors intersection,Normale,Autre collision,,,,,,,,,,,3,1,1,1.0,6
201200020116,0012-02-24 22:15:00,12,2,24,22,15,670,398,03 RUE PRINCIPALE,,,Nuit avec éclairage allumé,En agglomération,Hors intersection,Normale,Autre collision,,,,,,,,,,,5,2,1,1.0,6
201200020117,0012-07-05 07:45:00,12,7,5,7,45,780,185,,,,Plein jour,Hors agglomération,Hors intersection,Normale,Autre collision,,,,,,,,,,,1,1,1,1.0,6
201200020118,0012-10-19 11:15:00,12,10,19,11,15,780,192,,,,Plein jour,Hors agglomération,Hors intersection,Normale,Deux véhicules - côté,,,,,,,,,,,1,1,1,1.0,3
201200020119,0012-12-28 18:45:00,12,12,28,18,45,770,99,"07, rue Jean Galland",,,Nuit avec éclairage allumé,En agglomération,Hors intersection,Pluie légère,Autre collision,,,,,,,,,,,5,2,1,2.0,6
201200020120,0012-06-22 05:45:00,12,6,22,5,45,770,239,,48.658,3.134,Plein jour,Hors agglomération,Hors intersection,Normale,Autre collision,,,,,,,,,,,1,1,1,1.0,6
201200020121,0012-03-25 14:00:00,12,3,25,14,0,770,227,,48.494,3.346,Plein jour,Hors agglomération,Hors intersection,Normale,Sans collision,,,,,,,,,,,1,1,1,1.0,7
201200020122,0012-05-16 12:00:00,12,5,16,12,0,770,467,,,,Plein jour,Hors agglomération,Hors intersection,Normale,Deux véhicules - côté,,,,,,,,,,,1,1,1,1.0,3
201200020123,0012-07-23 17:00:00,12,7,23,17,0,770,218,,48.443,3.337,Plein jour,Hors agglomération,Hors intersection,Normale,Deux véhicules - arrière,,,,,,,,,,,1,1,1,1.0,2
201200020124,0012-10-16 18:30:00,12,10,16,18,30,770,524,,,,Plein jour,Hors agglomération,Hors intersection,Normale,Deux véhicules - côté,,,,,,,,,,,1,1,1,1.0,3
201200020125,0012-12-22 18:30:00,12,12,22,18,30,770,167,,,,Nuit sans éclairage public,Hors agglomération,Hors intersection,Pluie forte,Autre collision,,,,,,,,,,,3,1,1,3.0,6
201200020126,0012-02-28 14:15:00,12,2,28,14,15,740,137,,46.007,6.188,Plein jour,Hors agglomération,Hors intersection,Normale,Deux véhicules - frontale,,,,,,,,,,,1,1,1,1.0,1