accident_id,datetime,annee,mois,jour,heure,minute,departement,commune_insee,adresse,latitude,longitude,luminosite,agglomeration,intersection,meteo,collision,nb_vehicules,nb_usagers,nb_indemnes,nb_tues,nb_blesses_hosp,nb_blesses_legers,age_cond_1,age_cond_2,veh_type_cond_1,veh_type_cond_2,lum_code,agg_code,int_code,atm_code,col_code
201200020263,0012-09-02 10:30:00,12,9,2,10,30,560,57,Place Belanger,48.03214,-3.48961,Plein jour,En agglomération,Hors intersection,Normale,Autre collision,,,,,,,,,,,1,2,1,1.0,6
201200020264,0012-09-26 03:15:00,12,9,26,3,15,560,14,,,,Nuit sans éclairage public,Hors agglomération,Hors intersection,Pluie forte,Autre collision,,,,,,,,,,,3,1,1,3.0,6
201200020265,0012-10-27 00:15:00,12,10,27,0,15,560,57,,,,Nuit sans éclairage public,Hors agglomération,Hors intersection,Normale,Autre collision,,,,,,,,,,,3,1,1,1.0,6
201200020266,0012-01-26 07:45:00,12,1,26,7,45,950,510,RD 14,49.0551,2.01569,Nuit sans éclairage public,En agglomération,Hors intersection,Normale,Deux véhicules - frontale,,,,,,,,,,,3,2,1,1.0,1
201200020267,0012-06-21 18:30:00,12,6,21,18,30,950,510,RN 14,49.0591,2.0284,Plein jour,Hors agglomération,Hors intersection,Pluie légère,Trois véhicules et plus - en chaîne,,,,,,,,,,,1,1,1,2.0,4
201200020268,0012-06-24 16:15:00,12,6,24,16,15,950,535,RD 14,49.0609,1.9932,Plein jour,Hors agglomération,Hors intersection,Pluie forte,Trois véhicules et plus - collisions multiples,,,,,,,,,,,1,1,1,3.0,5
201200020269,0012-06-24 15:45:00,12,6,24,15,45,950,510,RN 14,49.0597,2.0242,Plein jour,Hors agglomération,Hors intersection,Pluie forte,Deux véhicules - côté,,,,,,,,,,,1,1,1,3.0,3
201200020270,0012-10-02 19:15:00,12,10,2,19,15,950,510,BD DE LA PAIX,49.0549,2.01719,Crépuscule ou aube,Hors agglomération,Hors intersection,Pluie légère,Deux véhicules - côté,,,,,,,,,,,2,1,1,2.0,3
201200020271,0012-10-04 09:00:00,12,10,4,9,0,950,510,RN 14,49.0581,2.03379,Crépuscule ou aube,Hors agglomération,Hors intersection,Pluie forte,Deux véhicules - côté,,,,,,,,,,,2,1,1,3.0,3
201200020272,0012-10-10 12:30:00,12,10,10,12,30,950,510,RD 14,49.0567,2.0097,Plein jour,Hors agglomération,Hors intersection,Pluie légère,Trois véhicules et plus - en chaîne,,,,,,,,,,,1,1,1,2.0,4
201200020273,0012-10-16 16:15:00,12,10,16,16,15,950,510,RN 14,49.0605,2.0194,Plein jour,Hors agglomération,Hors intersection,Normale,Trois véhicules et plus - en chaîne,,,,,,,,,,,1,1,1,1.0,4
201200020274,0012-11-09 14:30:00,12,11,9,14,30,950,510,RN 14,49.0581,2.0093,Plein jour,Hors agglomération,Hors intersection,Normale,Autre collision,,,,,,,,,,,1,1,1,1.0,6
201200020275,0012-11-26 18:45:00,12,11,26,18,45,950,510,R DES POIRIERS,49.0586,2.01189,Nuit sans éclairage public,Hors agglomération,Hors intersection,Normale,Deux véhicules - frontale,,,,,,,,,,,3,1,1,1.0,1
201200020276,0012-12-23 16:45:00,12,12,23,16,45,950,183,R RAYMOND BERRIVIN,49.0329,2.0003,Crépuscule ou aube,En agglomération,Hors intersection,Normale,Autre collision,,,,,,,,,,,2,2,1,1.0,6
201200020277,0012-08-19 00:45:00,12,8,19,0,45,950,134,RD 301,49.1461,2.2498,Nuit sans éclairage public,Hors agglomération,Hors intersection,Normale,Trois véhicules et plus - collisions multiples,,,,,,,,,,,3,1,1,1.0,5
201200020278,0012-11-19 18:10:00,12,11,19,18,10,950,446,RD 79,49.1191,2.1587,Nuit sans éclairage public,Hors agglomération,Hors intersection,Normale,Trois véhicules et plus - collisions multiples,,,,,,,,,,,3,1,1,1.0,5
201200020279,0012-03-05 08:00:00,12,3,5,8,0,950,527,RUE DU NOYER,49.0029,2.5051,Plein jour,En agglomération,Hors intersection,Normale,Autre collision,,,,,,,,,,,1,2,1,1.0,6
201200020280,0012-04-17 08:30:00,12,4,17,8,30,950,351,RD 317,49.0287,2.4994,Plein jour,Hors agglomération,Giratoire,Normale,Deux véhicules - côté,,,,,,,,,,,1,1,6,1.0,3
201200020281,0012-04-19 13:15:00,12,4,19,13,15,950,612,R DE PARIS,49.0089,2.4723,Plein jour,En agglomération,Hors intersection,Normale,Autre collision,,,,,,,,,,,1,2,1,1.0,6
201200020282,0012-07-20 18:15:00,12,7,20,18,15,950,612,RD 47,49.0087,2.4657,Plein jour,Hors agglomération,Hors intersection,Normale,Deux véhicules - arrière,,,,,,,,,,,1,1,1,1.0,2
201200020283,0012-09-23 07:30:00,12,9,23,7,30,190,10,ROND-POINT CASINO,45.0922,1.93193,Crépuscule ou aube,En agglomération,Giratoire,Brouillard / fumée,Autre collision,,,,,,,,,,,2,2,6,5.0,6
201200020284,0012-06-16 22:30:00,12,6,16,22,30,190,129,PUY LAGARDE,45.5314,1.53038,Nuit sans éclairage public,Hors agglomération,Hors intersection,Normale,Autre collision,,,,,,,,,,,3,1,1,1.0,6
201200020285,0012-10-06 15:30:00,12,10,6,15,30,190,194,RUE DU PR? DE L'?TANG,45.3378,1.68186,Plein jour,Hors agglomération,Hors intersection,Normale,Sans collision,,,,,,,,,,,1,1,1,1.0,7
201200020286,0012-07-02 06:30:00,12,7,2,6,30,190,13,VERGONZAC,45.1915,1.66155,Crépuscule ou aube,Hors agglomération,Hors intersection,Normale,Autre collision,,,,,,,,,,,2,1,1,1.0,6
201200020287,0012-09-08 16:45:00,12,9,8,16,45,190,271,LACOSTE,45.0568,1.78923,Plein jour,Hors agglomération,Hors intersection,Normale,Autre collision,,,,,,,,,,,1,1,1,1.0,6
201200020288,0012-09-03 20:15:00,12,9,3,20,15,190,5,LASTEYRIE,45.233,1.43733,Crépuscule ou aube,Hors agglomération,Hors intersection,Normale,Deux véhicules - côté,,,,,,,,,,,2,1,1,1.0,3
201200020289,0012-04-25 22:00:00,12,4,25,22,0,190,24,LA NOAILLE,45.3837,1.4004,Nuit sans éclairage public,Hors agglomération,Intersection en T,Pluie légère,Deux véhicules - côté,,,,,,,,,,,3,1,3,2.0,3
201200020290,0012-04-04 17:45:00,12,4,4,17,45,190,28,AVENUE DE LA GARE,45.4016,2.50023,Plein jour,En agglomération,Hors intersection,Normale,Sans collision,,,,,,,,,,,1,2,1,1.0,7
201200020291,0012-04-10 14:45:00,12,4,10,14,45,190,284,CARREFOUR D.940 / D.979,45.6253,1.8522,Plein jour,Hors agglomération,Hors intersection,Pluie légère,Deux véhicules - frontale,,,,,,,,,,,1,1,1,2.0,1
201200020292,0012-05-22 17:00:00,12,5,22,17,0,190,136,PLACE DE LA FONTAINE,45.5365,2.14603,Plein jour,En agglomération,Place,Autre,Deux véhicules - côté,,,,,,,,,,,1,2,7,9.0,3
201200020293,0012-07-23 07:30:00,12,7,23,7,30,190,160,BARSANGES,45.5737,2.0227,Plein jour,Hors agglomération,Hors intersection,Normale,Autre collision,,,,,,,,,,,1,1,1,1.0,6
201200020294,0012-08-01 10:00:00,12,8,1,10,0,190,52,LA CROIX GROSSE,45.6154,2.10899,Plein jour,Hors agglomération,Intersection en T,Normale,Deux véhicules - arrière,,,,,,,,,,,1,1,3,1.0,2
201200020295,0012-10-19 13:30:00,12,10,19,13,30,190,136,V?DRENNE,45.4675,2.14354,Plein jour,Hors agglomération,Hors intersection,Normale,Autre collision,,,,,,,,,,,1,1,1,1.0,6
201200020296,0012-02-05 21:15:00,12,2,5,21,15,560,94,,,,Nuit sans éclairage public,Hors agglomération,Hors intersection,Normale,Sans collision,,,,,,,,,,,3,1,1,1.0,7
201200020297,0012-04-04 17:00:00,12,4,4,17,0,560,175,Le pratel meriadec,,,Plein jour,En agglomération,Hors intersection,Normale,Deux véhicules - arrière,,,,,,,,,,,1,2,1,1.0,2
201200020298,0012-05-01 18:30:00,12,5,1,18,30,560,177,,,,Plein jour,Hors agglomération,Hors intersection,Normale,Deux véhicules - arrière,,,,,,,,,,,1,1,1,1.0,2
201200020299,0012-05-21 13:15:00,12,5,21,13,15,560,97,,,,Plein jour,Hors agglomération,Hors intersection,Normale,Deux véhicules - côté,,,,,,,,,,,1,1,1,1.0,3
201200020300,0012-06-09 18:45:00,12,6,9,18,45,560,177,RUE ABBE LE MARECHAL,47.77202,-3.00495,Plein jour,En agglomération,Hors intersection,Pluie légère,Deux véhicules - côté,,,,,,,,,,,1,2,1,2.0,3
201200020301,0012-06-27 14:15:00,12,6,27,14,15,560,94,,,,Plein jour,Hors agglomération,Hors intersection,Normale,Deux véhicules - arrière,,,,,,,,,,,1,1,1,1.0,2
201200020302,0012-07-17 18:00:00,12,7,17,18,0,560,101,,47.85008,-3.1913,Plein jour,Hors agglomération,Hors intersection,Normale,Deux véhicules - frontale,,,,,,,,,,,1,1,1,1.0,1
201200020303,0012-07-22 19:00:00,12,7,22,19,0,560,101,,,,Plein jour,Hors agglomération,Hors intersection,Normale,Sans collision,,,,,,,,,,,1,1,1,1.0,7
201200020304,0012-07-25 09:45:00,12,7,25,9,45,560,177,,47.78936,-3.05851,Plein jour,Hors agglomération,Hors intersection,Temps éblouissant,Deux véhicules - arrière,,,,,,,,,,,1,1,1,7.0,2
201200020305,0012-07-29 12:15:00,12,7,29,12,15,560,177,,,,Plein jour,Hors agglomération,Hors intersection,Normale,Deux véhicules - frontale,,,,,,,,,,,1,1,1,1.0,1
201200020306,0012-10-08 11:15:00,12,10,8,11,15,560,90,Chemin du Goree,47.83818,-3.26225,Plein jour,En agglomération,Hors intersection,Pluie légère,Sans collision,,,,,,,,,,,1,2,1,2.0,7
201200020307,0012-10-13 17:00:00,12,10,13,17,0,560,94,,,,Plein jour,Hors agglomération,Hors intersection,Normale,Deux véhicules - arrière,,,,,,,,,,,1,1,1,1.0,2
201200020308,0012-10-31 04:00:00,12,10,31,4,0,560,94,,,,Nuit sans éclairage public,Hors agglomération,Hors intersection,Normale,Sans collision,,,,,,,,,,,3,1,1,1.0,7
201200020309,0012-02-22 21:45:00,12,2,22,21,45,590,384,Rte de Landrecies,50.13017,3.75514,Nuit sans éclairage public,Hors agglomération,Hors intersection,Temps couvert,Trois véhicules et plus - en chaîne,,,,,,,,,,,3,1,1,8.0,4
201200020310,0012-03-17 20:15:00,12,3,17,20,15,590,439,Grande Rue,50.17053,3.81863,Nuit sans éclairage public,Hors agglomération,Hors intersection,Autre,Deux véhicules - côté,,,,,,,,,,,3,1,1,9.0,3
201200020311,0012-08-08 23:45:00,12,8,8,23,45,590,331,33 Faubourg de France,50.11931,3.69896,Nuit avec éclairage allumé,En agglomération,Hors intersection,Normale,Autre collision,,,,,,,,,,,5,2,1,1.0,6
201200020312,0012-05-17 17:30:00,12,5,17,17,30,590,567,Rte de Guise,50.12367,3.29167,Plein jour,En agglomération,Hors intersection,Normale,Deux véhicules - arrière,,,,,,,,,,,1,2,1,1.0,2
201200020313,0012-07-07 15:45:00,12,7,7,15,45,590,213,Rte départementale,50.15556,3.31813,Plein jour,Hors agglomération,Hors intersection,Normale,Trois véhicules et plus - collisions multiples,,,,,,,,,,,1,1,1,1.0,5
201200020314,0012-09-01 17:00:00,12,9,1,17,0,590,528,26 rue Pasteur,50.20791,3.41651,Plein jour,En agglomération,Hors intersection,Normale,Sans collision,,,,,,,,,,,1,2,1,1.0,7
201200020315,0012-12-31 00:15:00,12,12,31,0,15,590,545,39 Rue de Saint-Crépin,50.06415,3.53567,Nuit avec éclairage allumé,En agglomération,Hors intersection,Temps couvert,Autre collision,,,,,,,,,,,5,2,1,8.0,6
201200020316,0012-07-12 17:30:00,12,7,12,17,30,590,58,,50.22198,3.94813,Plein jour,Hors agglomération,Hors intersection,Normale,Trois véhicules et plus - collisions multiples,,,,,,,,,,,1,1,1,1.0,5
201200020317,0012-09-27 13:15:00,12,9,27,13,15,590,342,rue du G de Gaulle,50.17434,4.05959,Plein jour,En agglomération,Intersection en X,Normale,Deux véhicules - côté,,,,,,,,,,,1,2,2,1.0,3
201200020318,0012-04-14 13:30:00,12,4,14,13,30,510,617,N44,,,Plein jour,Hors agglomération,Hors intersection,Normale,Sans collision,,,,,,,,,,,1,1,1,1.0,7
201200020319,0012-03-08 18:45:00,12,3,8,18,45,510,271,D38,,,Nuit sans éclairage public,Hors agglomération,Hors intersection,Normale,Autre collision,,,,,,,,,,,3,1,1,1.0,6
201200020320,0012-01-08 07:45:00,12,1,8,7,45,510,237,N4,,,Crépuscule ou aube,Hors agglomération,Hors intersection,Normale,Autre collision,,,,,,,,,,,2,1,1,1.0,6
201200020321,0012-07-24 19:00:00,12,7,24,19,0,510,625,D934/VC,,,Plein jour,Hors agglomération,Intersection en T,Normale,Deux véhicules - côté,,,,,,,,,,,1,1,3,1.0,3
201200020322,0012-07-27 11:55:00,12,7,27,11,55,510,313,D951,,,Plein jour,Hors agglomération,Hors intersection,Normale,Sans collision,,,,,,,,,,,1,1,1,1.0,7
201200020323,0012-08-03 15:15:00,12,8,3,15,15,510,492,D440,,,Plein jour,Hors agglomération,Hors intersection,Normale,Deux véhicules - frontale,,,,,,,,,,,1,1,1,1.0,1
201200020324,0012-02-11 23:30:00,12,2,11,23,30,510,210,D1,,,Nuit avec éclairage allumé,Hors agglomération,Hors intersection,Normale,Autre collision,,,,,,,,,,,5,1,1,1.0,6
201200020325,0012-04-01 15:45:00,12,4,1,15,45,510,605,7 RUE DU CHATEAU,,,Plein jour,En agglomération,Hors intersection,Normale,Autre collision,,,,,,,,,,,1,2,1,1.0,6
201200020326,0012-04-10 19:30:00,12,4,10,19,30,510,153,D3,,,Plein jour,Hors agglomération,Hors intersection,Normale,Autre collision,,,,,,,,,,,1,1,1,1.0,6
201200020327,0012-08-03 01:30:00,12,8,3,1,30,510,153,RUES MONTHELON/ECOLES,,,Nuit avec éclairage allumé,En agglomération,Intersection en X,Normale,Deux véhicules - côté,,,,,,,,,,,5,2,2,1.0,3
201200020328,0012-08-18 18:30:00,12,8,18,18,30,510,119,LIEU-DIT LA FOLIE,,,Plein jour,Hors agglomération,Hors intersection,Normale,Deux véhicules - frontale,,,,,,,,,,,1,1,1,1.0,1
201200020329,0012-08-31 09:15:00,12,8,31,9,15,510,64,D1/RUE DU PONT,,,Plein jour,En agglomération,Intersection en X,Normale,Deux véhicules - côté,,,,,,,,,,,1,2,2,1.0,3
201200020330,0012-09-27 18:15:00,12,9,27,18,15,510,210,D951,,,Plein jour,Hors agglomération,Hors intersection,Temps couvert,Trois véhicules et plus - en chaîne,,,,,,,,,,,1,1,1,8.0,4
201200020331,0012-10-13 02:15:00,12,10,13,2,15,510,2,RUE DE LA FORET,,,Nuit avec éclairage allumé,En agglomération,Hors intersection,Pluie légère,Sans collision,,,,,,,,,,,5,2,1,2.0,7
201200020332,0012-10-13 17:15:00,12,10,13,17,15,510,2,D22/RUE DES MEULIERES,,,Plein jour,En agglomération,Intersection en X,Pluie légère,Deux véhicules - côté,,,,,,,,,,,1,2,2,2.0,3
201200020333,0012-10-23 19:00:00,12,10,23,19,0,510,576,D34,,,Crépuscule ou aube,Hors agglomération,Hors intersection,Normale,Deux véhicules - arrière,,,,,,,,,,,2,1,1,1.0,2
201200020334,0012-11-26 12:15:00,12,11,26,12,15,510,597,D3/D22,,,Plein jour,Hors agglomération,Intersection en T,Normale,Trois véhicules et plus - en chaîne,,,,,,,,,,,1,1,3,1.0,4
201200020335,0012-09-09 12:30:00,12,9,9,12,30,510,631,D22,,,Plein jour,Hors agglomération,Hors intersection,Normale,Trois véhicules et plus - en chaîne,,,,,,,,,,,1,1,1,1.0,4
201200020336,0012-08-26 02:15:00,12,8,26,2,15,510,46,D64,,,Nuit sans éclairage public,Hors agglomération,Hors intersection,Normale,Sans collision,,,,,,,,,,,3,1,1,1.0,7
201200020337,0012-02-19 15:15:00,12,2,19,15,15,510,567,D17,,,Plein jour,Hors agglomération,Hors intersection,Normale,Sans collision,,,,,,,,,,,1,1,1,1.0,7
201200020338,0012-09-05 15:15:00,12,9,5,15,15,510,315,D560/D57,,,Plein jour,Hors agglomération,Intersection en X,Normale,Deux véhicules - côté,,,,,,,,,,,1,1,2,1.0,3
201200020339,0012-09-11 07:45:00,12,9,11,7,45,510,122,D982,,,Crépuscule ou aube,En agglomération,Hors intersection,Pluie légère,Sans collision,,,,,,,,,,,2,2,1,2.0,7
201200020340,0012-09-26 16:00:00,12,9,26,16,0,510,489,D982,,,Plein jour,Hors agglomération,Hors intersection,Pluie légère,Autre collision,,,,,,,,,,,1,1,1,2.0,6
201200020341,0012-05-13 10:45:00,12,5,13,10,45,620,693,,,,Plein jour,Hors agglomération,Hors intersection,Normale,Deux véhicules - côté,,,,,,,,,,,1,1,1,1.0,3
201200020342,0012-06-02 12:45:00,12,6,2,12,45,620,314,,,,Plein jour,Hors agglomération,Hors intersection,Normale,Deux véhicules - côté,,,,,,,,,,,1,1,1,1.0,3
201200020343,0012-03-30 14:00:00,12,3,30,14,0,620,896,,50.687,1.752,Plein jour,Hors agglomération,Hors intersection,Normale,Deux véhicules - frontale,,,,,,,,,,,1,1,1,1.0,1
201200020344,0012-01-15 18:35:00,12,1,15,18,35,510,588,D3,,,Nuit sans éclairage public,Hors agglomération,Hors intersection,Normale,Deux véhicules - frontale,,,,,,,,,,,3,1,1,1.0,1
201200020345,0012-01-30 19:00:00,12,1,30,19,0,510,197,D70,,,Nuit sans éclairage public,Hors agglomération,Hors intersection,Normale,Sans collision,,,,,,,,,,,3,1,1,1.0,7
201200020346,0012-02-04 00:45:00,12,2,4,0,45,510,547,D931,,,Nuit sans éclairage public,Hors agglomération,Hors intersection,Normale,Autre collision,,,,,,,,,,,3,1,1,1.0,6
201200020347,0012-04-06 10:15:00,12,4,6,10,15,510,27,D3,,,Plein jour,Hors agglomération,Hors intersection,Normale,Deux véhicules - frontale,,,,,,,,,,,1,1,1,1.0,1
201200020348,0012-09-04 15:15:00,12,9,4,15,15,510,53,D982 OU RUE HAUTE,,,Plein jour,En agglomération,Hors intersection,Temps couvert,Deux véhicules - côté,,,,,,,,,,,1,2,1,8.0,3
201200020349,0012-09-11 10:00:00,12,9,11,10,0,510,138,D982,,,Plein jour,Hors agglomération,Hors intersection,Normale,Deux véhicules - côté,,,,,,,,,,,1,1,1,1.0,3
201200020350,0012-05-11 08:15:00,12,5,11,8,15,910,600,RUE DE SEINE,,,Plein jour,En agglomération,Hors intersection,Normale,Deux véhicules - côté,,,,,,,,,,,1,2,1,1.0,3
201200020351,0012-05-31 22:15:00,12,5,31,22,15,910,617,,,,Crépuscule ou aube,Hors agglomération,Hors intersection,Normale,Autre collision,,,,,,,,,,,2,1,1,1.0,6
201200020352,0012-12-22 17:30:00,12,12,22,17,30,910,573,Avenue C de Gaulle,,,Nuit avec éclairage allumé,En agglomération,Hors intersection,Pluie légère,Autre collision,,,,,,,,,,,5,2,1,2.0,6
201200020353,0012-05-04 20:45:00,12,5,4,20,45,910,275,107 route de chartres,48.688,2.147,Crépuscule ou aube,En agglomération,Hors intersection,Normale,Deux véhicules - frontale,,,,,,,,,,,2,2,1,1.0,1
201200020354,0012-09-13 20:30:00,12,9,13,20,30,950,594,RD 922,49.1229,2.4017,Nuit sans éclairage public,Hors agglomération,Hors intersection,Normale,Deux véhicules - arrière,,,,,,,,,,,3,1,1,1.0,2
201200020355,0012-01-23 20:00:00,12,1,23,20,0,890,239,,48.184,3.348,Nuit sans éclairage public,Hors agglomération,Hors intersection,Pluie forte,Deux véhicules - frontale,,,,,,,,,,,3,1,1,3.0,1
201200020356,0012-09-24 05:45:00,12,9,24,5,45,890,240,,48.17685,3.36486,Crépuscule ou aube,Hors agglomération,Hors intersection,Normale,Autre collision,,,,,,,,,,,2,1,1,1.0,6
201200020357,0012-10-13 22:30:00,12,10,13,22,30,890,261,,48.2244,3.54068,Nuit sans éclairage public,Hors agglomération,Hors intersection,Normale,Autre collision,,,,,,,,,,,3,1,1,1.0,6
201200020358,0012-08-01 13:30:00,12,8,1,13,30,40,126,,,,Plein jour,Hors agglomération,Hors intersection,Normale,Deux véhicules - côté,,,,,,,,,,,1,1,1,1.0,3
201200020359,0012-08-04 16:00:00,12,8,4,16,0,40,198,,,,Plein jour,Hors agglomération,Hors intersection,Normale,Autre collision,,,,,,,,,,,1,1,1,1.0,6
201200020360,0012-02-12 08:45:00,12,2,12,8,45,570,454,,,,Nuit sans éclairage public,Hors agglomération,Hors intersection,Normale,Sans collision,,,,,,,,,,,3,1,1,1.0,7
201200020361,0012-07-24 19:00:00,12,7,24,19,0,570,572,,,,Crépuscule ou aube,Hors agglomération,Hors intersection,Normale,Autre collision,,,,,,,,,,,2,1,1,1.0,6
201200020362,0012-03-13 12:00:00,12,3,13,12,0,570,575,,,,Plein jour,Hors agglomération,Intersection en X,Normale,Trois véhicules et plus - en chaîne,,,,,,,,,,,1,1,2,1.0,4
201200020363,0012-06-08 18:00:00,12,6,8,18,0,570,607,,,,Plein jour,Hors agglomération,Hors intersection,Normale,Deux véhicules - frontale,,,,,,,,,,,1,1,1,1.0,1
201200020364,0012-08-06 14:45:00,12,8,6,14,45,570,693,rue Jean Julien Barbe,,,Plein jour,En agglomération,Hors intersection,Normale,Sans collision,,,,,,,,,,,1,2,1,1.0,7
201200020365,0012-04-17 20:30:00,12,4,17,20,30,570,555,,,,Crépuscule ou aube,Hors agglomération,Hors intersection,Temps couvert,Sans collision,,,,,,,,,,,2,1,1,8.0,7
201200020366,0012-09-14 08:15:00,12,9,14,8,15,570,132,,,,Plein jour,Hors agglomération,Hors intersection,Normale,Autre collision,,,,,,,,,,,1,1,1,1.0,6
201200020367,0012-12-14 08:45:00,12,12,14,8,45,570,290,,,,Plein jour,Hors agglomération,Hors intersection,Neige / grêle,Deux véhicules - côté,,,,,,,,,,,1,1,1,4.0,3
201200020368,0012-12-20 11:45:00,12,12,20,11,45,570,182,,,,Plein jour,Hors agglomération,Hors intersection,Pluie légère,Deux véhicules - côté,,,,,,,,,,,1,1,1,2.0,3
201200020369,0012-10-10 13:30:00,12,10,10,13,30,570,297,48.964 6.664,,,Plein jour,Hors agglomération,Hors intersection,Normale,Deux véhicules - frontale,,,,,,,,,,,1,1,1,1.0,1
201200020370,0012-03-20 09:45:00,12,3,20,9,45,570,682,GN 48.577 7.081,,,Plein jour,Hors agglomération,Hors intersection,Normale,Deux véhicules - frontale,,,,,,,,,,,1,1,1,1.0,1
201200020371,0012-08-23 15:15:00,12,8,23,15,15,570,342,,,,Plein jour,Hors agglomération,Hors intersection,Normale,Deux véhicules - frontale,,,,,,,,,,,1,1,1,1.0,1
201200020372,0012-09-08 14:15:00,12,9,8,14,15,570,318,,,,Plein jour,Hors agglomération,Hors intersection,Temps éblouissant,Deux véhicules - arrière,,,,,,,,,,,1,1,1,7.0,2
201200020373,0012-10-22 17:30:00,12,10,22,17,30,570,318,,,,Plein jour,Hors agglomération,Autre intersection,Normale,Deux véhicules - frontale,,,,,,,,,,,1,1,9,1.0,1
201200020374,0012-12-05 14:15:00,12,12,5,14,15,570,509,GN 48.658 7.046,,,Plein jour,Hors agglomération,Hors intersection,Temps couvert,Deux véhicules - frontale,,,,,,,,,,,1,1,1,8.0,1
201200020375,0012-03-11 18:00:00,12,3,11,18,0,570,269,BOULEVARD SOUS LES VIGNE,49.30032,6.20541,Plein jour,En agglomération,Intersection en T,Temps couvert,Deux véhicules - côté,,,,,,,,,,,1,2,3,8.0,3
201200020376,0012-07-22 07:00:00,12,7,22,7,0,570,602,,,,Plein jour,Hors agglomération,Hors intersection,Normale,Sans collision,,,,,,,,,,,1,1,1,1.0,7
201200020377,0012-10-15 10:00:00,12,10,15,10,0,570,370,,,,Plein jour,Hors agglomération,Hors intersection,Autre,Sans collision,,,,,,,,,,,1,1,1,9.0,7
201200020378,0012-10-20 08:15:00,12,10,20,8,15,570,464,,,,Nuit sans éclairage public,Hors agglomération,Hors intersection,Normale,Autre collision,,,,,,,,,,,3,1,1,1.0,6
201200020379,0012-11-30 20:15:00,12,11,30,20,15,570,370,,,,Nuit sans éclairage public,Hors agglomération,Hors intersection,Normale,Sans collision,,,,,,,,,,,3,1,1,1.0,7
201200020380,0012-01-16 10:45:00,12,1,16,10,45,350,278,,48.18319,-1.72029,Plein jour,Hors agglomération,Hors intersection,Normale,Deux véhicules - côté,,,,,,,,,,,1,1,1,1.0,3
201200020381,0012-01-20 08:00:00,12,1,20,8,0,350,24,,48.19526,-1.62496,Nuit sans éclairage public,Hors agglomération,Hors intersection,Normale,Deux véhicules - frontale,,,,,,,,,,,3,1,1,1.0,1
201200020382,0012-01-20 18:15:00,12,1,20,18,15,350,173,,48.2158,-1.68352,Crépuscule ou aube,Hors agglomération,Hors intersection,Normale,Deux véhicules - côté,,,,,,,,,,,2,1,1,1.0,3
201200020383,0012-02-01 08:30:00,12,2,1,8,30,350,173,,48.21224,-1.66236,Crépuscule ou aube,Hors agglomération,Intersection en X,Normale,Deux véhicules - côté,,,,,,,,,,,2,1,2,1.0,3
201200020384,0012-04-29 06:00:00,12,4,29,6,0,350,154,,48.23288,-1.35588,Crépuscule ou aube,Hors agglomération,Hors intersection,Brouillard / fumée,Sans collision,,,,,,,,,,,2,1,1,5.0,7
201200020385,0012-04-30 17:00:00,12,4,30,17,0,350,173,place de l'Eglise,48.21707,-1.69725,Plein jour,En agglomération,Place,Normale,Deux véhicules - frontale,,,,,,,,,,,1,2,7,1.0,1
201200020386,0012-06-22 17:30:00,12,6,22,17,30,350,31,,48.17463,-1.45584,Plein jour,Hors agglomération,Intersection en T,Normale,Deux véhicules - frontale,,,,,,,,,,,1,1,3,1.0,1
201200020387,0012-07-09 18:00:00,12,7,9,18,0,350,173,,48.19797,-1.71447,Plein jour,Hors agglomération,Intersection en X,Normale,Deux véhicules - côté,,,,,,,,,,,1,1,2,1.0,3
201200020388,0012-11-12 12:30:00,12,11,12,12,30,350,1,,48.14747,-1.51674,Plein jour,Hors agglomération,Intersection en X,Pluie légère,Deux véhicules - côté,,,,,,,,,,,1,1,2,2.0,3
201200020389,0012-03-07 09:15:00,12,3,7,9,15,310,588,RUE DE LA REPUBLIQUE,43.52404,1.34231,Plein jour,En agglomération,Hors intersection,Normale,Autre collision,,,,,,,,,,,1,2,1,1.0,6
201200020390,0012-06-06 11:15:00,12,6,6,11,15,440,71,rue de bretagne,,,Plein jour,En agglomération,Hors intersection,Normale,Sans collision,,,,,,,,,,,1,2,1,1.0,7
201200020391,0012-08-10 20:15:00,12,8,10,20,15,440,71,,,,Plein jour,Hors agglomération,Hors intersection,Normale,Deux véhicules - frontale,,,,,,,,,,,1,1,1,1.0,1
201200020392,0012-01-03 17:15:00,12,1,3,17,15,620,807,D208E,,,Nuit avec éclairage allumé,En agglomération,Hors intersection,Vent fort / tempête,Deux véhicules - côté,,,,,,,,,,,5,2,1,6.0,3
201200020393,0012-01-25 09:15:00,12,1,25,9,15,620,423,rue du mont a car,,,Plein jour,En agglomération,Hors intersection,Temps couvert,Autre collision,,,,,,,,,,,1,2,1,8.0,6
201200020394,0012-02-18 17:45:00,12,2,18,17,45,830,87,,,,Plein jour,Hors agglomération,Hors intersection,Temps éblouissant,Deux véhicules - côté,,,,,,,,,,,1,1,1,7.0,3
201200020395,0012-03-31 12:00:00,12,3,31,12,0,830,140,,,,Plein jour,Hors agglomération,Hors intersection,Normale,Deux véhicules - frontale,,,,,,,,,,,1,1,1,1.0,1