accident_id,datetime,annee,mois,jour,heure,minute,departement,commune_insee,adresse,latitude,longitude,luminosite,agglomeration,intersection,meteo,collision,nb_vehicules,nb_usagers,nb_indemnes,nb_tues,nb_blesses_hosp,nb_blesses_legers,age_cond_1,age_cond_2,veh_type_cond_1,veh_type_cond_2,lum_code,agg_code,int_code,atm_code,col_code
201200020913,0012-05-23 18:45:00,12,5,23,18,45,170,306,"., CLEMENCEAU  GEORGES (",,,Plein jour,En agglomération,Hors intersection,Normale,Sans collision,,,,,,,,,,,1,2,1,1.0,7
201200020914,0012-05-31 17:30:00,12,5,31,17,30,170,380,"., PALMYRE (AVENUE DE LA",,,Plein jour,Hors agglomération,Hors intersection,Normale,Autre collision,,,,,,,,,,,1,1,1,1.0,6
201200020915,0012-06-02 23:35:00,12,6,2,23,35,170,306,"148, ROCHEFORT (DE)  (AV",,,Nuit avec éclairage allumé,En agglomération,Hors intersection,Normale,Autre collision,,,,,,,,,,,5,2,1,1.0,6
201200020916,0012-06-12 18:35:00,12,6,12,18,35,170,333,"., MEDIS  (DE)",,,Plein jour,En agglomération,Hors intersection,Normale,Deux véhicules - côté,,,,,,,,,,,1,2,1,1.0,3
201200020917,0012-06-17 13:00:00,12,6,17,13,0,170,333,"., COTE DE BEAUTE (BOULE",,,Plein jour,En agglomération,Hors intersection,Normale,Deux véhicules - côté,,,,,,,,,,,1,2,1,1.0,3
201200020918,0012-06-22 15:55:00,12,6,22,15,55,170,333,"., 107 REGIMENT D'INFANT",,,Plein jour,Hors agglomération,Hors intersection,Normale,Deux véhicules - côté,,,,,,,,,,,1,1,1,1.0,3
201200020919,0012-06-24 11:40:00,12,6,24,11,40,170,306,"., 4E ZOUAVE (DU) (AVENU",,,Plein jour,En agglomération,Hors intersection,Normale,Trois véhicules et plus - en chaîne,,,,,,,,,,,1,2,1,1.0,4
201200020920,0012-06-24 20:40:00,12,6,24,20,40,170,306,"91, HEDDE (AVENUE DANIEL",,,Plein jour,En agglomération,Hors intersection,Normale,Sans collision,,,,,,,,,,,1,2,1,1.0,7
201200020921,0012-06-26 22:05:00,12,6,26,22,5,170,333,"., MARAIS DE BOUBES",,,Nuit sans éclairage public,Hors agglomération,Hors intersection,Normale,Sans collision,,,,,,,,,,,3,1,1,1.0,7
201200020922,0012-07-03 13:13:00,12,7,3,13,13,170,306,"., COTE D'ARGENT (DE LA)",,,Plein jour,En agglomération,Hors intersection,Normale,Sans collision,,,,,,,,,,,1,2,1,1.0,7
201200020923,0012-07-08 10:55:00,12,7,8,10,55,170,306,"., LECLERC MARECHAL (AVE",,,Plein jour,En agglomération,Hors intersection,Normale,Autre collision,,,,,,,,,,,1,2,1,1.0,6
201200020924,0012-07-08 22:45:00,12,7,8,22,45,170,461,"., EXPRESS (VOIE)",,,Nuit avec éclairage allumé,En agglomération,Hors intersection,Normale,Autre collision,,,,,,,,,,,5,2,1,1.0,6
201200020925,0012-07-13 18:48:00,12,7,13,18,48,170,306,"., EXPRESS (VOIE)",,,Plein jour,Hors agglomération,Hors intersection,Normale,Autre collision,,,,,,,,,,,1,1,1,1.0,6
201200020926,0012-07-14 15:15:00,12,7,14,15,15,170,306,"., GARNIER (BD FREDERIC)",,,Plein jour,En agglomération,Intersection en T,Normale,Deux véhicules - côté,,,,,,,,,,,1,2,3,1.0,3
201200020927,0012-07-15 20:50:00,12,7,15,20,50,170,333,"., JUIN (AVENUE MARECHAL",,,Crépuscule ou aube,En agglomération,Hors intersection,Normale,Autre collision,,,,,,,,,,,2,2,1,1.0,6
201200020928,0012-07-17 18:45:00,12,7,17,18,45,170,380,"., EXPRESS (VOIE)",,,Plein jour,Hors agglomération,Hors intersection,Normale,Sans collision,,,,,,,,,,,1,1,1,1.0,7
201200020929,0012-07-18 17:00:00,12,7,18,17,0,170,306,"39, MAINE ARNAUD (DU) (A",,,Plein jour,En agglomération,Hors intersection,Normale,Trois véhicules et plus - en chaîne,,,,,,,,,,,1,2,1,1.0,4
201200020930,0012-07-18 11:50:00,12,7,18,11,50,170,306,"., CLEMENCEAU  GEORGES (",,,Plein jour,En agglomération,Hors intersection,Normale,Autre collision,,,,,,,,,,,1,2,1,1.0,6
201200020931,0012-07-20 18:40:00,12,7,20,18,40,170,306,"1, DYVORNES P.",,,Crépuscule ou aube,En agglomération,Hors intersection,Normale,Deux véhicules - arrière,,,,,,,,,,,2,2,1,1.0,2
201200020932,0012-07-21 14:45:00,12,7,21,14,45,170,306,"., REGAZZONI (AVENUE CHA",,,Plein jour,En agglomération,Intersection en T,Normale,Deux véhicules - côté,,,,,,,,,,,1,2,3,1.0,3
201200020933,0012-07-21 16:50:00,12,7,21,16,50,170,306,"79, BRIAND  ARISTIDE  (B",,,Plein jour,En agglomération,Hors intersection,Normale,Autre collision,,,,,,,,,,,1,2,1,1.0,6
201200020934,0012-07-21 11:35:00,12,7,21,11,35,170,380,"., EGLISE (DE L')",,,Plein jour,En agglomération,Hors intersection,Normale,Autre collision,,,,,,,,,,,1,2,1,1.0,6
201200020935,0012-07-23 15:00:00,12,7,23,15,0,170,306,"., DE LATTRE DE TASSIGNY",,,Plein jour,En agglomération,Hors intersection,Normale,Autre collision,,,,,,,,,,,1,2,1,1.0,6
201200020936,0012-07-24 22:25:00,12,7,24,22,25,170,306,"., POSTE (ROND POINT DE",,,Nuit avec éclairage allumé,En agglomération,Hors intersection,Normale,Autre collision,,,,,,,,,,,5,2,1,1.0,6
201200020937,0012-07-25 10:00:00,12,7,25,10,0,170,306,"173, ROCHEFORT (DE)  (AV",,,Plein jour,En agglomération,Hors intersection,Normale,Autre collision,,,,,,,,,,,1,2,1,1.0,6
201200020938,0012-07-25 12:30:00,12,7,25,12,30,170,306,"., BOUCHET LOUIS (AVENUE",,,Plein jour,En agglomération,Hors intersection,Normale,Autre collision,,,,,,,,,,,1,2,1,1.0,6
201200020939,0012-07-21 10:45:00,12,7,21,10,45,170,333,"., SUZAC (AVENUE DE)",,,Plein jour,En agglomération,Hors intersection,Normale,Sans collision,,,,,,,,,,,1,2,1,1.0,7
201200020940,0012-07-26 10:05:00,12,7,26,10,5,170,306,"32, LAVOISIER (ANTOINE D",,,Plein jour,En agglomération,Hors intersection,Normale,Autre collision,,,,,,,,,,,1,2,1,1.0,6
201200020941,0012-07-28 13:50:00,12,7,28,13,50,170,306,"., REUTIN (BD FELIX)",,,Plein jour,En agglomération,Hors intersection,Normale,Autre collision,,,,,,,,,,,1,2,1,1.0,6
201200020942,0012-07-30 18:30:00,12,7,30,18,30,170,306,"., HEDDE (AVENUE DANIEL)",,,Plein jour,En agglomération,Intersection en T,Normale,Deux véhicules - côté,,,,,,,,,,,1,2,3,1.0,3
201200020943,0012-08-01 17:30:00,12,8,1,17,30,170,306,"., BLEUETS (DES)",,,Plein jour,En agglomération,Intersection en T,Normale,Deux véhicules - côté,,,,,,,,,,,1,2,3,1.0,3
201200020944,0012-08-11 09:25:00,12,8,11,9,25,170,306,CLEMENCEAU  GEORGES (BD),,,Plein jour,En agglomération,Hors intersection,Normale,Autre collision,,,,,,,,,,,1,2,1,1.0,6
201200020945,0012-08-11 13:25:00,12,8,11,13,25,170,306,"0, REUTIN (BD FELIX)",,,Plein jour,En agglomération,Intersection en T,Normale,Deux véhicules - côté,,,,,,,,,,,1,2,3,1.0,3
201200020946,0012-08-12 14:04:00,12,8,12,14,4,170,306,"., PINS (DES) (ALLEE)",,,Plein jour,En agglomération,Hors intersection,Normale,Autre collision,,,,,,,,,,,1,2,1,1.0,6
201200020947,0012-08-15 01:15:00,12,8,15,1,15,170,306,"10, THIERS  (BD)",,,Nuit avec éclairage allumé,En agglomération,Hors intersection,Pluie légère,Autre collision,,,,,,,,,,,5,2,1,2.0,6
201200020948,0012-08-15 18:25:00,12,8,15,18,25,170,333,"., 107 REGIMENT D'INFANT",,,Crépuscule ou aube,En agglomération,Hors intersection,Normale,Sans collision,,,,,,,,,,,2,2,1,1.0,7
201200020949,0012-08-15 20:25:00,12,8,15,20,25,170,461,"., ROCHE (DE LA)",,,Crépuscule ou aube,En agglomération,Intersection en T,Normale,Deux véhicules - côté,,,,,,,,,,,2,2,3,1.0,3
201200020950,0012-08-16 17:00:00,12,8,16,17,0,170,306,"., PARIS (DE) (AVENUE)",,,Plein jour,En agglomération,Intersection en T,Normale,Deux véhicules - côté,,,,,,,,,,,1,2,3,1.0,3
201200020951,0012-08-17 08:43:00,12,8,17,8,43,170,380,"., COURLAY (AVENUE DE)",,,Crépuscule ou aube,En agglomération,Intersection en T,Normale,Deux véhicules - côté,,,,,,,,,,,2,2,3,1.0,3
201200020952,0012-08-18 14:13:00,12,8,18,14,13,170,306,"., EXPRESS (VOIE)",,,Plein jour,En agglomération,Hors intersection,Normale,Autre collision,,,,,,,,,,,1,2,1,1.0,6
201200020953,0012-08-19 23:10:00,12,8,19,23,10,170,306,"., 4E ZOUAVE (DU) (AVENU",,,Nuit sans éclairage public,En agglomération,Hors intersection,Normale,Autre collision,,,,,,,,,,,3,2,1,1.0,6
201200020954,0012-08-20 09:57:00,12,8,20,9,57,170,306,"08 BIS, CHAY (DU)",,,Plein jour,En agglomération,Hors intersection,Normale,Autre collision,,,,,,,,,,,1,2,1,1.0,6
201200020955,0012-08-20 19:14:00,12,8,20,19,14,170,306,"., ZOLA (ALLEE EMILE)",,,Plein jour,En agglomération,Hors intersection,Normale,Autre collision,,,,,,,,,,,1,2,1,1.0,6
201200020956,0012-08-22 13:32:00,12,8,22,13,32,170,333,"., ENLIAS (CHEMIN D')",,,Plein jour,En agglomération,Intersection en T,Normale,Autre collision,,,,,,,,,,,1,2,3,1.0,6
201200020957,0012-08-22 15:20:00,12,8,22,15,20,170,306,"116, ROCHEFORT (DE)  (AV",,,Plein jour,En agglomération,Hors intersection,Normale,Deux véhicules - arrière,,,,,,,,,,,1,2,1,1.0,2
201200020958,0012-08-23 17:44:00,12,8,23,17,44,170,461,"., MALAKOFF (AVENUE)",,,Plein jour,En agglomération,Hors intersection,Normale,Autre collision,,,,,,,,,,,1,2,1,1.0,6
201200020959,0012-08-24 04:40:00,12,8,24,4,40,170,306,"., THIERS  (BD)",,,Nuit avec éclairage allumé,En agglomération,Hors intersection,Normale,Autre collision,,,,,,,,,,,5,2,1,1.0,6
201200020960,0012-08-29 23:00:00,12,8,29,23,0,170,333,"., BETEILLE JOSEPH (AVEN",,,Nuit avec éclairage allumé,En agglomération,Intersection en T,Normale,Deux véhicules - côté,,,,,,,,,,,5,2,3,1.0,3
201200020961,0012-09-05 16:56:00,12,9,5,16,56,170,461,"6, PASTEUR (AVENUE)",,,Plein jour,En agglomération,Hors intersection,Normale,Autre collision,,,,,,,,,,,1,2,1,1.0,6
201200020962,0012-09-07 14:40:00,12,9,7,14,40,170,380,"32, SOURCE (AVENUE DE LA",,,Plein jour,En agglomération,Hors intersection,Normale,Deux véhicules - arrière,,,,,,,,,,,1,2,1,1.0,2
201200020963,0012-09-09 19:10:00,12,9,9,19,10,170,380,"., EXPRESS (VOIE)",,,Plein jour,En agglomération,Hors intersection,Normale,Autre collision,,,,,,,,,,,1,2,1,1.0,6
201200020964,0012-09-11 11:35:00,12,9,11,11,35,170,333,"., 107 REGIMENT D'INFANT",,,Plein jour,En agglomération,Hors intersection,Normale,Autre collision,,,,,,,,,,,1,2,1,1.0,6
201200020965,0012-09-13 15:30:00,12,9,13,15,30,170,333,"., DE LATTRE DE TASSIGNY",,,Plein jour,En agglomération,Hors intersection,Normale,Autre collision,,,,,,,,,,,1,2,1,1.0,6
201200020966,0012-09-17 14:22:00,12,9,17,14,22,170,306,"., MARINE (DE LA)",,,Plein jour,En agglomération,Intersection en T,Normale,Deux véhicules - côté,,,,,,,,,,,1,2,3,1.0,3
201200020967,0012-09-19 17:04:00,12,9,19,17,4,170,380,BERNEZAC (AVENUE DE),,,Plein jour,En agglomération,Hors intersection,Normale,Deux véhicules - arrière,,,,,,,,,,,1,2,1,1.0,2
201200020968,0012-09-19 19:54:00,12,9,19,19,54,170,461,"128, ROCHE (DE LA)",,,Crépuscule ou aube,En agglomération,Hors intersection,Normale,Deux véhicules - arrière,,,,,,,,,,,2,2,1,1.0,2
201200020969,0012-10-05 21:40:00,12,10,5,21,40,170,306,"0, LOTI PIERRE",,,Crépuscule ou aube,En agglomération,Intersection en T,Normale,Deux véhicules - côté,,,,,,,,,,,2,2,3,1.0,3
201200020970,0012-10-09 08:20:00,12,10,9,8,20,170,306,EXPRESS (VOIE),,,Plein jour,En agglomération,Hors intersection,Normale,Trois véhicules et plus - en chaîne,,,,,,,,,,,1,2,1,1.0,4
201200020971,0012-10-12 17:55:00,12,10,12,17,55,170,380,"04, OCEAN (DE L')",,,Plein jour,En agglomération,Hors intersection,Normale,Autre collision,,,,,,,,,,,1,2,1,1.0,6
201200020972,0012-10-19 08:14:00,12,10,19,8,14,170,306,"15, MAISONFORT (AVENUE)",,,Plein jour,En agglomération,Hors intersection,Pluie forte,Autre collision,,,,,,,,,,,1,2,1,3.0,6
201200020973,0012-10-20 09:45:00,12,10,20,9,45,170,380,GANIPOTE (AVENUE DE LA),,,Plein jour,En agglomération,Intersection en T,Normale,Deux véhicules - côté,,,,,,,,,,,1,2,3,1.0,3
201200020974,0012-10-22 16:30:00,12,10,22,16,30,170,306,"., LAVOISIER (ANTOINE DE",,,Plein jour,En agglomération,Hors intersection,Normale,Autre collision,,,,,,,,,,,1,2,1,1.0,6
201200020975,0012-11-17 12:14:00,12,11,17,12,14,170,306,"0, CENDRILLES (DES)",,,Plein jour,En agglomération,Autre intersection,Normale,Autre collision,,,,,,,,,,,1,2,9,1.0,6
201200020976,0012-11-18 12:34:00,12,11,18,12,34,170,333,"0, EXPRESS (voie)",,,Plein jour,En agglomération,Giratoire,Normale,Sans collision,,,,,,,,,,,1,2,6,1.0,7
201200020977,0012-11-23 18:00:00,12,11,23,18,0,170,461,"0, EXPRESS (VOIE)",,,Nuit sans éclairage public,En agglomération,Hors intersection,Normale,Deux véhicules - côté,,,,,,,,,,,3,2,1,1.0,3
201200020978,0012-12-02 00:01:00,12,12,2,0,1,170,380,"0, REPUBLIQUE (AVENUE DE",,,Nuit avec éclairage allumé,En agglomération,Giratoire,Normale,Autre collision,,,,,,,,,,,5,2,6,1.0,6
201200020979,0012-12-03 10:25:00,12,12,3,10,25,170,306,"0, CLEMENCEAU  GEORGES (",,,Plein jour,En agglomération,Intersection en X,Pluie légère,Deux véhicules - côté,,,,,,,,,,,1,2,2,2.0,3
201200020980,0012-12-13 16:45:00,12,12,13,16,45,170,461,"0, ROCHE (DE LA)",,,Plein jour,En agglomération,Hors intersection,Normale,Deux véhicules - frontale,,,,,,,,,,,1,2,1,1.0,1
201200020981,0012-12-18 08:10:00,12,12,18,8,10,170,306,"0, CHATEAU D'EAU (DU)",,,Nuit avec éclairage allumé,En agglomération,Hors intersection,Normale,Sans collision,,,,,,,,,,,5,2,1,1.0,7
201200020982,0012-12-31 09:30:00,12,12,31,9,30,170,306,"., FRESNEL AUGUSTIN",,,Plein jour,En agglomération,Hors intersection,Normale,Sans collision,,,,,,,,,,,1,2,1,1.0,7
201200020983,0012-06-03 09:30:00,12,6,3,9,30,170,380,"., GRANDE COTE (AVENUE D",,,Plein jour,En agglomération,Hors intersection,Normale,Deux véhicules - frontale,,,,,,,,,,,1,2,1,1.0,1
201200020984,0012-01-17 14:00:00,12,1,17,14,0,270,289,,48.963,0.43171,Plein jour,Hors agglomération,Hors intersection,Normale,Deux véhicules - côté,,,,,,,,,,,1,1,1,1.0,3
201200020985,0012-06-02 09:00:00,12,6,2,9,0,270,130,,49.0628,0.46722,Plein jour,Hors agglomération,Hors intersection,Normale,Autre collision,,,,,,,,,,,1,1,1,1.0,6
201200020986,0012-06-12 14:00:00,12,6,12,14,0,270,125,,49.1908,0.76856,Plein jour,Hors agglomération,Hors intersection,Temps couvert,Deux véhicules - arrière,,,,,,,,,,,1,1,1,8.0,2
201200020987,0012-07-22 12:30:00,12,7,22,12,30,270,148,,48.9498,0.42112,Plein jour,Hors agglomération,Hors intersection,Normale,Autre collision,,,,,,,,,,,1,1,1,1.0,6
201200020988,0012-04-22 14:15:00,12,4,22,14,15,610,301,,,,Plein jour,Hors agglomération,Hors intersection,Vent fort / tempête,Sans collision,,,,,,,,,,,1,1,1,6.0,7
201200020989,0012-08-14 09:45:00,12,8,14,9,45,610,393,,,,Plein jour,Hors agglomération,Hors intersection,Normale,Sans collision,,,,,,,,,,,1,1,1,1.0,7
201200020990,0012-10-12 21:45:00,12,10,12,21,45,610,349,,,,Nuit sans éclairage public,Hors agglomération,Hors intersection,Pluie légère,Autre collision,,,,,,,,,,,3,1,1,2.0,6
201200020991,0012-01-04 12:15:00,12,1,4,12,15,170,415,"77, LECLERC COURS DU MAR",,,Plein jour,En agglomération,Hors intersection,Normale,Autre collision,,,,,,,,,,,1,2,1,1.0,6
201200020992,0012-01-09 16:55:00,12,1,9,16,55,170,415,"1, SARRAIL RUE DU GENERA",,,Plein jour,En agglomération,Hors intersection,Normale,Autre collision,,,,,,,,,,,1,2,1,1.0,6
201200020993,0012-01-23 07:55:00,12,1,23,7,55,170,415,"1, ROCHERS RUE DES",,,Crépuscule ou aube,En agglomération,Hors intersection,Normale,Autre collision,,,,,,,,,,,2,2,1,1.0,6
201200020994,0012-01-29 05:00:00,12,1,29,5,0,170,415,"1, COTE DE BEAUTE RUE DE",,,Crépuscule ou aube,En agglomération,Hors intersection,Normale,Autre collision,,,,,,,,,,,2,2,1,1.0,6
201200020995,0012-02-04 16:20:00,12,2,4,16,20,170,415,"1, REPUBLIQUE QUAI DE LA",,,Plein jour,En agglomération,Hors intersection,Normale,Autre collision,,,,,,,,,,,1,2,1,1.0,6
201200020996,0012-02-08 12:00:00,12,2,8,12,0,170,415,"1, CHAMP DE TIR RUE DU",,,Plein jour,Hors agglomération,Hors intersection,Autre,Autre collision,,,,,,,,,,,1,1,1,9.0,6
201200020997,0012-02-08 17:45:00,12,2,8,17,45,170,415,"1, CHAMP DE TIR IMPASSE",,,Nuit avec éclairage allumé,Hors agglomération,Hors intersection,Normale,Autre collision,,,,,,,,,,,5,1,1,1.0,6
201200020998,0012-02-10 11:00:00,12,2,10,11,0,170,415,"1, SAINTONGE IMPASSE DE",,,Plein jour,En agglomération,Hors intersection,Normale,Autre collision,,,,,,,,,,,1,2,1,1.0,6
201200020999,0012-02-10 13:45:00,12,2,10,13,45,170,415,"46, LEMERCIER COURS",,,Plein jour,En agglomération,Hors intersection,Normale,Autre collision,,,,,,,,,,,1,2,1,1.0,6
201200021000,0012-02-11 19:55:00,12,2,11,19,55,170,415,"26, PORT D'ENVAUX ROUTE",,,Nuit avec éclairage allumé,Hors agglomération,Hors intersection,Normale,Autre collision,,,,,,,,,,,5,1,1,1.0,6
201200021001,0012-02-17 07:30:00,12,2,17,7,30,170,415,"1, NATIONAL 1 A 67 ET 2",,,Crépuscule ou aube,En agglomération,Hors intersection,Normale,Autre collision,,,,,,,,,,,2,2,1,1.0,6
201200021002,0012-02-17 15:45:00,12,2,17,15,45,170,415,"1, SAINTONGE RUELLE  DE",,,Plein jour,En agglomération,Hors intersection,Normale,Autre collision,,,,,,,,,,,1,2,1,1.0,6
201200021003,0012-02-18 05:30:00,12,2,18,5,30,170,415,"1, CHERMIGNAC RUE DE",,,Nuit sans éclairage public,Hors agglomération,Hors intersection,Normale,Autre collision,,,,,,,,,,,3,1,1,1.0,6
201200021004,0012-02-25 11:50:00,12,2,25,11,50,170,415,"48, REVERSEAUX 48 A FIN",,,Plein jour,En agglomération,Hors intersection,Normale,Sans collision,,,,,,,,,,,1,2,1,1.0,7
201200021005,0012-02-22 15:15:00,12,2,22,15,15,170,415,"1, JEAN RUE DU DOCTEUR",,,Plein jour,En agglomération,Hors intersection,Normale,Autre collision,,,,,,,,,,,1,2,1,1.0,6
201200021006,0012-02-25 11:50:00,12,2,25,11,50,170,415,"42, REVERSEAUX 2 A 46 ET",,,Plein jour,En agglomération,Hors intersection,Normale,Autre collision,,,,,,,,,,,1,2,1,1.0,6
201200021007,0012-02-28 18:00:00,12,2,28,18,0,170,415,"1, DICONCHE RUE DE",,,Plein jour,En agglomération,Hors intersection,Normale,Autre collision,,,,,,,,,,,1,2,1,1.0,6
201200021008,0012-02-29 17:20:00,12,2,29,17,20,170,415,"1, COTE DE BEAUTE RUE DE",,,Crépuscule ou aube,En agglomération,Hors intersection,Normale,Autre collision,,,,,,,,,,,2,2,1,1.0,6
201200021009,0012-03-04 00:15:00,12,3,4,0,15,170,415,"1, PELLETAN RUE EUGENE",,,Nuit avec éclairage allumé,En agglomération,Hors intersection,Normale,Autre collision,,,,,,,,,,,5,2,1,1.0,6
201200021010,0012-03-04 18:50:00,12,3,4,18,50,170,415,"1, SAINTONGE RUELLE  DE",,,Crépuscule ou aube,En agglomération,Hors intersection,Normale,Autre collision,,,,,,,,,,,2,2,1,1.0,6
201200021011,0012-03-18 18:15:00,12,3,18,18,15,170,415,"1, ROCADE OUEST",,,Crépuscule ou aube,Hors agglomération,Hors intersection,Normale,Autre collision,,,,,,,,,,,2,1,1,1.0,6
201200021012,0012-03-20 14:50:00,12,3,20,14,50,170,415,ROCADE OUEST,,,Plein jour,Hors agglomération,Hors intersection,Normale,Sans collision,,,,,,,,,,,1,1,1,1.0,7
201200021013,0012-03-28 10:20:00,12,3,28,10,20,170,415,"2, GAMBETTA 2 A 72 ET 5",,,Plein jour,En agglomération,Hors intersection,Normale,Deux véhicules - arrière,,,,,,,,,,,1,2,1,1.0,2
201200021014,0012-03-29 08:50:00,12,3,29,8,50,170,415,"1, MAGEZY CHEMIN DE",,,Plein jour,En agglomération,Hors intersection,Normale,Deux véhicules - côté,,,,,,,,,,,1,2,1,1.0,3
201200021015,0012-04-03 18:40:00,12,4,3,18,40,170,415,"1, VARZAY ROUTE DE",,,Plein jour,Hors agglomération,Hors intersection,Normale,Autre collision,,,,,,,,,,,1,1,1,1.0,6
201200021016,0012-04-05 07:30:00,12,4,5,7,30,170,415,Route Nationale 137,,,Plein jour,Hors agglomération,Hors intersection,Normale,Autre collision,,,,,,,,,,,1,1,1,1.0,6
201200021017,0012-04-11 09:45:00,12,4,11,9,45,170,415,"1, PORT D'ENVAUX RUE DE",,,Plein jour,En agglomération,Hors intersection,Normale,Autre collision,,,,,,,,,,,1,2,1,1.0,6
201200021018,0012-04-30 22:30:00,12,4,30,22,30,170,415,VARZAY ROUTE DE,,,Nuit sans éclairage public,Hors agglomération,Hors intersection,Normale,Sans collision,,,,,,,,,,,3,1,1,1.0,7
201200021019,0012-05-11 10:15:00,12,5,11,10,15,170,415,"5, SAINTONGE PONT A RUE",,,Plein jour,En agglomération,Hors intersection,Normale,Autre collision,,,,,,,,,,,1,2,1,1.0,6
201200021020,0012-05-22 17:50:00,12,5,22,17,50,170,415,"57, LECLERC COURS DU MAR",,,Plein jour,En agglomération,Hors intersection,Normale,Autre collision,,,,,,,,,,,1,2,1,1.0,6
201200021021,0012-05-24 17:50:00,12,5,24,17,50,170,415,"1, CHARRIERS ZONE INDUST",,,Plein jour,Hors agglomération,Hors intersection,Normale,Autre collision,,,,,,,,,,,1,1,1,1.0,6
201200021022,0012-05-29 10:45:00,12,5,29,10,45,170,415,"1, BERNARD RUE",,,Plein jour,En agglomération,Hors intersection,Normale,Autre collision,,,,,,,,,,,1,2,1,1.0,6
201200021023,0012-05-31 09:00:00,12,5,31,9,0,170,415,"1, S.P.A. BOIS RULAUD",,,Plein jour,Hors agglomération,Hors intersection,Normale,Autre collision,,,,,,,,,,,1,1,1,1.0,6
201200021024,0012-06-02 06:35:00,12,6,2,6,35,170,415,Route Nationale 150,,,Crépuscule ou aube,Hors agglomération,Hors intersection,Normale,Autre collision,,,,,,,,,,,2,1,1,1.0,6
201200021025,0012-06-11 08:05:00,12,6,11,8,5,170,415,"1, BRIGADE RAC ROND POIN",,,Plein jour,En agglomération,Hors intersection,Normale,Autre collision,,,,,,,,,,,1,2,1,1.0,6
201200021026,0012-06-14 22:20:00,12,6,14,22,20,170,415,"1, BLANLOEIL RUE",,,Nuit avec éclairage allumé,En agglomération,Hors intersection,Normale,Autre collision,,,,,,,,,,,5,2,1,1.0,6
201200021027,0012-06-18 08:00:00,12,6,18,8,0,170,415,"1, SAINT VIVIEN LIEU-DIT",,,Plein jour,Hors agglomération,Hors intersection,Normale,Autre collision,,,,,,,,,,,1,1,1,1.0,6
201200021028,0012-06-26 08:00:00,12,6,26,8,0,170,415,"1, DUFAURE AVENUE JULES",,,Plein jour,En agglomération,Hors intersection,Pluie légère,Autre collision,,,,,,,,,,,1,2,1,2.0,6
201200021029,0012-06-30 13:40:00,12,6,30,13,40,170,415,"1, PALISSY QUAI",,,Plein jour,En agglomération,Hors intersection,Normale,Autre collision,,,,,,,,,,,1,2,1,1.0,6
201200021030,0012-07-05 11:50:00,12,7,5,11,50,170,415,"1, COTE DE BEAUTE RUE DE",,,Plein jour,En agglomération,Hors intersection,Normale,Autre collision,,,,,,,,,,,1,2,1,1.0,6
201200021031,0012-07-06 08:20:00,12,7,6,8,20,170,415,"1, BERTHELOT RUE MARCELI",,,Plein jour,En agglomération,Hors intersection,Normale,Autre collision,,,,,,,,,,,1,2,1,1.0,6
201200021032,0012-07-06 10:10:00,12,7,6,10,10,170,415,"1, SAINTONGE IMPASSE DE",,,Plein jour,En agglomération,Hors intersection,Normale,Autre collision,,,,,,,,,,,1,2,1,1.0,6
201200021033,0012-07-16 05:20:00,12,7,16,5,20,170,415,"1, GATERAT LIEU DIT",,,Nuit sans éclairage public,Hors agglomération,Hors intersection,Normale,Autre collision,,,,,,,,,,,3,1,1,1.0,6
201200021034,0012-07-19 09:45:00,12,7,19,9,45,170,415,"1, SAINTONGE IMPASSE DE",,,Plein jour,En agglomération,Hors intersection,Normale,Sans collision,,,,,,,,,,,1,2,1,1.0,7
201200021035,0012-07-20 10:20:00,12,7,20,10,20,170,415,"1, TOURTERELLES RUE DES",,,Plein jour,En agglomération,Hors intersection,Normale,Autre collision,,,,,,,,,,,1,2,1,1.0,6
201200021036,0012-07-25 09:00:00,12,7,25,9,0,170,415,Route Nationale 137,,,Plein jour,Hors agglomération,Hors intersection,Normale,Autre collision,,,,,,,,,,,1,1,1,1.0,6
201200021037,0012-07-27 18:42:00,12,7,27,18,42,170,415,"1, NIVELLES AVENUE DE",,,Plein jour,En agglomération,Hors intersection,Normale,Sans collision,,,,,,,,,,,1,2,1,1.0,7
201200021038,0012-08-26 11:55:00,12,8,26,11,55,170,415,"11, ALLENDE AV. DU PRESI",,,Plein jour,En agglomération,Hors intersection,Normale,Autre collision,,,,,,,,,,,1,2,1,1.0,6
201200021039,0012-08-29 08:00:00,12,8,29,8,0,170,415,"1, JEAN RUE DU DOCTEUR",,,Plein jour,En agglomération,Hors intersection,Normale,Autre collision,,,,,,,,,,,1,2,1,1.0,6
201200021040,0012-08-31 13:45:00,12,8,31,13,45,170,415,"1, FROMENTIN RUE EUGENE",,,Plein jour,En agglomération,Hors intersection,Normale,Autre collision,,,,,,,,,,,1,2,1,1.0,6
201200021041,0012-09-05 19:00:00,12,9,5,19,0,170,415,"56, LECLERC COURS DU MAR",,,Plein jour,En agglomération,Hors intersection,Normale,Autre collision,,,,,,,,,,,1,2,1,1.0,6
201200021042,0012-09-15 01:45:00,12,9,15,1,45,170,415,"36, GENET 2 A 64 COURS",,,Nuit avec éclairage allumé,En agglomération,Hors intersection,Normale,Sans collision,,,,,,,,,,,5,2,1,1.0,7
201200021043,0012-09-19 17:45:00,12,9,19,17,45,170,415,"1, ORMEAU DE PIED RUE DE",,,Plein jour,Hors agglomération,Hors intersection,Normale,Autre collision,,,,,,,,,,,1,1,1,1.0,6
201200021044,0012-09-19 08:00:00,12,9,19,8,0,170,415,"25, JEAN RUE DU DOCTEUR",,,Nuit avec éclairage non allumé,En agglomération,Hors intersection,Normale,Autre collision,,,,,,,,,,,4,2,1,1.0,6