accident_id,datetime,annee,mois,jour,heure,minute,departement,commune_insee,adresse,latitude,longitude,luminosite,agglomeration,intersection,meteo,collision,nb_vehicules,nb_usagers,nb_indemnes,nb_tues,nb_blesses_hosp,nb_blesses_legers,age_cond_1,age_cond_2,veh_type_cond_1,veh_type_cond_2,lum_code,agg_code,int_code,atm_code,col_code
201200021302,0012-09-11 13:25:00,12,9,11,13,25,180,213,RN 151,47.1001,2.49746,Plein jour,En agglomération,Giratoire,Normale,Deux véhicules - côté,,,,,,,,,,,1,2,6,1.0,3
201200021303,0012-09-11 18:10:00,12,9,11,18,10,180,33,"11BIS, CLEMENCEAU (BOULE",47.0848,2.40239,Plein jour,En agglomération,Hors intersection,Normale,Autre collision,,,,,,,,,,,1,2,1,1.0,6
201200021304,0012-09-15 13:30:00,12,9,15,13,30,180,33,RD 2076,47.048,2.43951,Plein jour,Hors agglomération,Hors intersection,Normale,Deux véhicules - frontale,,,,,,,,,,,1,1,1,1.0,1
201200021305,0012-09-17 08:00:00,12,9,17,8,0,180,33,JUIN (AVENUE DU MA,47.1095,2.41791,Plein jour,En agglomération,Intersection en T,Normale,Deux véhicules - arrière,,,,,,,,,,,1,2,3,1.0,2
201200021306,0012-09-17 17:52:00,12,9,17,17,52,180,33,"1, GIONNE (RUE DE)",47.071,2.40842,Plein jour,En agglomération,Hors intersection,Normale,Autre collision,,,,,,,,,,,1,2,1,1.0,6
201200021307,0012-09-20 07:30:00,12,9,20,7,30,180,267,SAINT-AMAND (ROUTE DE),47.0212,2.39092,Crépuscule ou aube,Hors agglomération,Intersection en T,Normale,Deux véhicules - côté,,,,,,,,,,,2,1,3,1.0,3
201200021308,0012-09-20 12:10:00,12,9,20,12,10,180,33,"63, PROSPECTIVE (AVENUE",47.1101,2.40028,Plein jour,En agglomération,Hors intersection,Normale,Deux véhicules - arrière,,,,,,,,,,,1,2,1,1.0,2
201200021309,0012-09-22 18:35:00,12,9,22,18,35,180,33,QUATRE VENTS (ROUT,47.1193,2.43609,Plein jour,En agglomération,Hors intersection,Normale,Deux véhicules - côté,,,,,,,,,,,1,2,1,1.0,3
201200021310,0012-09-23 17:30:00,12,9,23,17,30,180,33,CHAPPE (CHAUSSEE DE),47.0886,2.42115,Plein jour,En agglomération,Hors intersection,Normale,Autre collision,,,,,,,,,,,1,2,1,1.0,6
201200021311,0012-10-03 16:50:00,12,10,3,16,50,180,33,"23, LAUDIER (AVENUE HENR",47.0921,2.39375,Plein jour,En agglomération,Hors intersection,Normale,Trois véhicules et plus - collisions multiples,,,,,,,,,,,1,2,1,1.0,5
201200021312,0012-10-03 16:21:00,12,10,3,16,21,180,33,"7, PELVOYSIN (RUE)",47.0862,2.39355,Plein jour,En agglomération,Hors intersection,Normale,Deux véhicules - côté,,,,,,,,,,,1,2,1,1.0,3
201200021313,0012-10-03 18:38:00,12,10,3,18,38,180,213,CH DES VIGNES DE CHAPPE,47.0954,2.44098,Crépuscule ou aube,En agglomération,Hors intersection,Normale,Deux véhicules - frontale,,,,,,,,,,,2,2,1,1.0,1
201200021314,0012-10-05 12:10:00,12,10,5,12,10,180,33,FOCH (BOULEVARD,47.0783,2.40883,Plein jour,En agglomération,Hors intersection,Normale,Deux véhicules - arrière,,,,,,,,,,,1,2,1,1.0,2
201200021315,0012-10-05 16:04:00,12,10,5,16,4,180,33,"8, JURANVILLE (BOULEVARD",47.0834,2.38896,Plein jour,En agglomération,Intersection en X,Normale,Deux véhicules - côté,,,,,,,,,,,1,2,2,1.0,3
201200021316,0012-10-05 17:45:00,12,10,5,17,45,180,33,LATTRE DE TASSIGNY (AVEN,47.098,2.4173,Plein jour,En agglomération,Hors intersection,Normale,Deux véhicules - côté,,,,,,,,,,,1,2,1,1.0,3
201200021317,0012-10-06 21:30:00,12,10,6,21,30,180,33,CARNOT (AVENUE),47.0748,2.41518,Nuit avec éclairage allumé,En agglomération,Hors intersection,Pluie forte,Autre collision,,,,,,,,,,,5,2,1,3.0,6
201200021318,0012-10-08 14:15:00,12,10,8,14,15,180,33,CHAPPE (CHAUSSEE D,47.0912,2.42171,Plein jour,En agglomération,Giratoire,Pluie légère,Trois véhicules et plus - en chaîne,,,,,,,,,,,1,2,6,2.0,4
201200021319,0012-10-10 17:05:00,12,10,10,17,5,180,33,"60, MALUETTES (CHEMIN DE",47.0678,2.39852,Plein jour,En agglomération,Hors intersection,Normale,Deux véhicules - frontale,,,,,,,,,,,1,2,1,1.0,1
201200021320,0012-10-11 14:00:00,12,10,11,14,0,180,33,"50, JURANVILLE (BOULEVAR",47.0857,2.38855,Plein jour,En agglomération,Hors intersection,Pluie forte,Deux véhicules - arrière,,,,,,,,,,,1,2,1,3.0,2
201200021321,0012-10-11 19:30:00,12,10,11,19,30,180,33,CHAPPE (CHAUSSEE D,47.094,2.42309,Nuit sans éclairage public,En agglomération,Hors intersection,Pluie légère,Deux véhicules - arrière,,,,,,,,,,,3,2,1,2.0,2
201200021322,0012-10-12 13:25:00,12,10,12,13,25,180,33,"23, PRES-LE-ROI (AVENUE",47.0939,2.39106,Plein jour,En agglomération,Hors intersection,Normale,Trois véhicules et plus - collisions multiples,,,,,,,,,,,1,2,1,1.0,5
201200021323,0012-10-13 20:20:00,12,10,13,20,20,180,33,INDUSTRIE (BOULEVA,47.0728,2.39827,Nuit avec éclairage allumé,En agglomération,Intersection en X,Pluie légère,Deux véhicules - côté,,,,,,,,,,,5,2,2,2.0,3
201200021324,0012-10-18 12:42:00,12,10,18,12,42,180,33,COLLEGES (ALLEE DE,47.1,2.42275,Plein jour,En agglomération,Hors intersection,Normale,Autre collision,,,,,,,,,,,1,2,1,1.0,6
201200021325,0012-10-20 03:30:00,12,10,20,3,30,180,33,AVENIR (BD )/VAUVERT,47.0812,2.3834,Nuit avec éclairage allumé,En agglomération,Intersection en X,Pluie légère,Deux véhicules - côté,,,,,,,,,,,5,2,2,2.0,3
201200021326,0012-10-23 09:40:00,12,10,23,9,40,180,33,PARK CAP NORD (TASSIGNY),47.1035,2.4106,Plein jour,En agglomération,Place,Normale,Deux véhicules - côté,,,,,,,,,,,1,2,7,1.0,3
201200021327,0012-10-23 12:25:00,12,10,23,12,25,180,33,CHAPPE (CHAUSSEE DE),47.0927,2.41942,Plein jour,En agglomération,Place,Normale,Autre collision,,,,,,,,,,,1,2,7,1.0,6
201200021328,0012-10-23 15:15:00,12,10,23,15,15,180,33,CHAPPE (CHAUSSEE DE),47.0858,2.42047,Plein jour,Hors agglomération,Hors intersection,Normale,Autre collision,,,,,,,,,,,1,1,1,1.0,6
201200021329,0012-10-26 23:10:00,12,10,26,23,10,180,33,"40, TURLY (RUE DE)",47.0976,2.41355,Nuit avec éclairage allumé,En agglomération,Intersection en T,Normale,Deux véhicules - côté,,,,,,,,,,,5,2,3,1.0,3
201200021330,0012-10-27 02:00:00,12,10,27,2,0,180,33,"5, DIDEROT (RUE)",47.0769,2.38616,Nuit avec éclairage allumé,En agglomération,Hors intersection,Normale,Autre collision,,,,,,,,,,,5,2,1,1.0,6
201200021331,0012-10-28 20:15:00,12,10,28,20,15,180,33,VERLAINE (RUE PAUL,47.1008,2.4165,Nuit sans éclairage public,En agglomération,Giratoire,Normale,Deux véhicules - côté,,,,,,,,,,,3,2,6,1.0,3
201200021332,0012-10-29 20:30:00,12,10,29,20,30,180,33,ROUSSEAU (RUE JEAN-JACQU,47.0788,2.38923,Nuit avec éclairage allumé,En agglomération,Intersection en X,Normale,Deux véhicules - côté,,,,,,,,,,,5,2,2,1.0,3
201200021333,0012-10-30 15:00:00,12,10,30,15,0,180,33,CHARITE (ROUTE DE,47.0957,2.4353,Plein jour,En agglomération,Hors intersection,Normale,Deux véhicules - arrière,,,,,,,,,,,1,2,1,1.0,2
201200021334,0012-10-31 14:30:00,12,10,31,14,30,180,33,CHAPPE (CHAUSSEE D,47.0881,2.42105,Plein jour,En agglomération,Hors intersection,Normale,Trois véhicules et plus - en chaîne,,,,,,,,,,,1,2,1,1.0,4
201200021335,0012-11-01 12:20:00,12,11,1,12,20,180,33,ABREUVOIR DE PIGNOUX (CH,47.0848,2.42049,Plein jour,Hors agglomération,Hors intersection,Pluie légère,Autre collision,,,,,,,,,,,1,1,1,2.0,6
201200021336,0012-11-02 16:28:00,12,11,2,16,28,180,33,"83, RENAN (AVENUE ERNEST",47.0829,2.41461,Plein jour,En agglomération,Hors intersection,Pluie légère,Trois véhicules et plus - en chaîne,,,,,,,,,,,1,2,1,2.0,4
201200021337,0012-11-04 07:10:00,12,11,4,7,10,180,33,MARCEAU (RAMPE),47.0799,2.39928,Nuit avec éclairage allumé,En agglomération,Giratoire,Normale,Autre collision,,,,,,,,,,,5,2,6,1.0,6
201200021338,0012-11-07 13:33:00,12,11,7,13,33,180,33,"60, FOCH (BD DU MARECHAL",47.0786,2.40916,Plein jour,En agglomération,Intersection en X,Normale,Deux véhicules - côté,,,,,,,,,,,1,2,2,1.0,3
201200021339,0012-11-07 18:45:00,12,11,7,18,45,180,33,MALLET (RUE LOUIS),47.0819,2.35484,Nuit avec éclairage allumé,En agglomération,Hors intersection,Normale,Trois véhicules et plus - en chaîne,,,,,,,,,,,5,2,1,1.0,4
201200021340,0012-11-14 16:50:00,12,11,14,16,50,180,33,"13, JURANVILLE (BOULEVAR",47.0849,2.38868,Plein jour,En agglomération,Hors intersection,Normale,Autre collision,,,,,,,,,,,1,2,1,1.0,6
201200021341,0012-11-14 16:14:00,12,11,14,16,14,180,33,BEREGOVOY (AVENUE,47.0837,2.42229,Plein jour,En agglomération,Intersection en T,Normale,Deux véhicules - côté,,,,,,,,,,,1,2,3,1.0,3
201200021342,0012-11-14 16:45:00,12,11,14,16,45,180,33,"1, LAMY (RUE THEOPHILE)",47.0718,2.39025,Plein jour,En agglomération,Hors intersection,Normale,Deux véhicules - arrière,,,,,,,,,,,1,2,1,1.0,2
201200021343,0012-11-15 11:30:00,12,11,15,11,30,180,33,"1, LEBLANC (RUE NICOLAS)",47.0841,2.40278,Plein jour,En agglomération,Autre intersection,Brouillard / fumée,Autre collision,,,,,,,,,,,1,2,9,5.0,6
201200021344,0012-11-15 20:49:00,12,11,15,20,49,180,205,ORLEANS (ROUTE D'),47.1303,2.36641,Nuit sans éclairage public,Hors agglomération,Hors intersection,Brouillard / fumée,Deux véhicules - frontale,,,,,,,,,,,3,1,1,5.0,1
201200021345,0012-11-16 20:15:00,12,11,16,20,15,180,33,RN 142,47.0349,2.37116,Nuit sans éclairage public,Hors agglomération,Hors intersection,Brouillard / fumée,Autre collision,,,,,,,,,,,3,1,1,5.0,6
201200021346,0012-11-17 17:15:00,12,11,17,17,15,180,213,,47.1041,2.45421,Plein jour,En agglomération,Hors intersection,Normale,Deux véhicules - côté,,,,,,,,,,,1,2,1,1.0,3
201200021347,0012-11-18 03:10:00,12,11,18,3,10,180,33,JURANVILLE (BOULEVARD),47.0823,2.38914,Nuit avec éclairage allumé,En agglomération,Intersection en X,Temps couvert,Autre collision,,,,,,,,,,,5,2,2,8.0,6
201200021348,0012-11-23 13:36:00,12,11,23,13,36,180,205,"30, BOUGNOUX (CHEMIN DES",47.1081,2.37397,Plein jour,En agglomération,Hors intersection,Normale,Deux véhicules - côté,,,,,,,,,,,1,2,1,1.0,3
201200021349,0012-11-26 19:10:00,12,11,26,19,10,180,33,CHAPPE (CHAUSSEE DE),47.0944,2.42327,Crépuscule ou aube,En agglomération,Hors intersection,Normale,Deux véhicules - côté,,,,,,,,,,,2,2,1,1.0,3
201200021350,0012-11-27 20:40:00,12,11,27,20,40,180,33,RENAN (AVENUE ERNEST,47.0831,2.41571,Nuit avec éclairage allumé,En agglomération,Intersection en T,Normale,Deux véhicules - côté,,,,,,,,,,,5,2,3,1.0,3
201200021351,0012-11-28 19:44:00,12,11,28,19,44,180,33,"40 BIS, STRASBOURG (BD D",47.081,2.40575,Nuit avec éclairage allumé,En agglomération,Hors intersection,Normale,Deux véhicules - côté,,,,,,,,,,,5,2,1,1.0,3
201200021352,0012-12-01 15:35:00,12,12,1,15,35,180,33,QUATRE VENTS (ROUTE DES),47.1177,2.44118,Plein jour,Hors agglomération,Hors intersection,Brouillard / fumée,Trois véhicules et plus - en chaîne,,,,,,,,,,,1,1,1,5.0,4
201200021353,0012-12-03 07:50:00,12,12,3,7,50,180,33,ORLEANS (AVENUE D'),47.0868,2.38857,Crépuscule ou aube,En agglomération,Intersection en T,Pluie légère,Autre collision,,,,,,,,,,,2,2,3,2.0,6
201200021354,0012-12-03 14:30:00,12,12,3,14,30,180,267,BUISSON (CHEMIN DU,47.035,2.37764,Plein jour,Hors agglomération,Hors intersection,Pluie légère,Autre collision,,,,,,,,,,,1,1,1,2.0,6
201200021355,0012-12-04 08:05:00,12,12,4,8,5,180,33,"50, VAUVERT (RUE DE)",47.0816,2.38159,Plein jour,En agglomération,Hors intersection,Autre,Autre collision,,,,,,,,,,,1,2,1,9.0,6
201200021356,0012-12-06 19:00:00,12,12,6,19,0,180,33,DE GAULLE (AV DU GENERAL,47.1063,2.41131,Nuit avec éclairage allumé,En agglomération,Intersection en X,Normale,Deux véhicules - côté,,,,,,,,,,,5,2,2,1.0,3
201200021357,0012-12-09 07:05:00,12,12,9,7,5,180,33,RN 142,47.092,2.44326,Nuit sans éclairage public,Hors agglomération,Hors intersection,Brouillard / fumée,Deux véhicules - frontale,,,,,,,,,,,3,1,1,5.0,1
201200021358,0012-12-11 08:15:00,12,12,11,8,15,180,33,"164, SAINT-AMAND (AVENUE",47.0649,2.38666,Plein jour,En agglomération,Hors intersection,Normale,Deux véhicules - arrière,,,,,,,,,,,1,2,1,1.0,2
201200021359,0012-12-11 17:15:00,12,12,11,17,15,180,33,"40, FILEUSES (RUE DES)",47.0649,2.41496,Plein jour,En agglomération,Hors intersection,Normale,Autre collision,,,,,,,,,,,1,2,1,1.0,6
201200021360,0012-12-12 21:25:00,12,12,12,21,25,180,33,TURLY (RUE DE),47.0956,2.40745,Nuit avec éclairage allumé,En agglomération,Hors intersection,Normale,Trois véhicules et plus - en chaîne,,,,,,,,,,,5,2,1,1.0,4
201200021361,0012-12-13 11:20:00,12,12,13,11,20,180,33,"12, GAMBETTA (BD)",47.0897,2.39174,Plein jour,En agglomération,Hors intersection,Pluie légère,Deux véhicules - arrière,,,,,,,,,,,1,2,1,2.0,2
201200021362,0012-12-13 12:10:00,12,12,13,12,10,180,205,GAULLE (AV  GL)/AV REPUB,47.0993,2.37317,Plein jour,En agglomération,Giratoire,Normale,Deux véhicules - côté,,,,,,,,,,,1,2,6,1.0,3
201200021363,0012-12-14 17:07:00,12,12,14,17,7,180,205,BERRY-BOUY (ROUTE,47.0949,2.35629,Nuit avec éclairage allumé,En agglomération,Intersection en T,Pluie légère,Autre collision,,,,,,,,,,,5,2,3,2.0,6
201200021364,0012-12-15 00:50:00,12,12,15,0,50,180,33,"78, SAINT-AMAND (AVENUE",47.0664,2.38707,Nuit avec éclairage allumé,En agglomération,Hors intersection,Temps couvert,Autre collision,,,,,,,,,,,5,2,1,8.0,6
201200021365,0012-12-17 07:45:00,12,12,17,7,45,180,50,RUE BILLANT/AV EUROPE,47.0512,2.30487,Crépuscule ou aube,Hors agglomération,Intersection en X,Normale,Deux véhicules - côté,,,,,,,,,,,2,1,2,1.0,3
201200021366,0012-12-17 11:45:00,12,12,17,11,45,180,33,CARNOT (AV)/PYROTECHNIE,47.0766,2.4184,Plein jour,En agglomération,Intersection en T,Normale,Deux véhicules - frontale,,,,,,,,,,,1,2,3,1.0,1
201200021367,0012-12-17 13:45:00,12,12,17,13,45,180,33,"48, BOURBONNOUX (RUE)",47.0841,2.3993,Plein jour,En agglomération,Hors intersection,Normale,Deux véhicules - côté,,,,,,,,,,,1,2,1,1.0,3
201200021368,0012-12-17 20:15:00,12,12,17,20,15,180,33,"65, SAINT-AMAND (AVENUE",47.0665,2.38711,Nuit avec éclairage non allumé,En agglomération,Hors intersection,Normale,Deux véhicules - arrière,,,,,,,,,,,4,2,1,1.0,2
201200021369,0012-12-19 20:15:00,12,12,19,20,15,180,33,INDUSTRIE (BOULEVARD DE,47.0713,2.38834,Nuit avec éclairage allumé,En agglomération,Intersection à plus de 4 branches,Normale,Deux véhicules - frontale,,,,,,,,,,,5,2,5,1.0,1
201200021370,0012-12-20 15:55:00,12,12,20,15,55,180,50,VILLENEUVE (CHEMIN,47.0507,2.30211,Plein jour,En agglomération,Hors intersection,Pluie légère,Autre collision,,,,,,,,,,,1,2,1,2.0,6
201200021371,0012-12-21 18:35:00,12,12,21,18,35,180,33,ORLEANS (AV)ILE D'OR,47.0869,2.38821,Nuit avec éclairage allumé,En agglomération,Intersection en T,Pluie légère,Deux véhicules - côté,,,,,,,,,,,5,2,3,2.0,3
201200021372,0012-12-22 10:25:00,12,12,22,10,25,180,33,PLANCHAT (PLACE),47.0854,2.39298,Plein jour,En agglomération,Hors intersection,Pluie forte,Autre collision,,,,,,,,,,,1,2,1,3.0,6
201200021373,0012-12-18 15:00:00,12,12,18,15,0,180,33,SAINT BONNET (PLACE),47.0869,2.39833,Plein jour,En agglomération,Hors intersection,Temps couvert,Autre collision,,,,,,,,,,,1,2,1,8.0,6
201200021374,0012-12-24 11:40:00,12,12,24,11,40,180,213,CHARITE (ROUTE DE LA),47.0971,2.45502,Plein jour,Hors agglomération,Giratoire,Normale,Sans collision,,,,,,,,,,,1,1,6,1.0,7
201200021375,0012-12-26 23:29:00,12,12,26,23,29,180,33,BOISDE (RUE RAYMON,47.063,2.39927,Nuit sans éclairage public,En agglomération,Intersection en X,Pluie légère,Deux véhicules - côté,,,,,,,,,,,3,2,2,2.0,3
201200021376,0012-12-28 22:21:00,12,12,28,22,21,180,33,CLEMENCEAU (BOULEVARD GE,47.0851,2.40197,Nuit avec éclairage allumé,En agglomération,Intersection en X,Pluie légère,Deux véhicules - côté,,,,,,,,,,,5,2,2,2.0,3
201200021377,0012-12-31 05:10:00,12,12,31,5,10,180,33,ROUTE DE LA CHARITE,47.094,2.40338,Nuit avec éclairage allumé,En agglomération,Hors intersection,Normale,Autre collision,,,,,,,,,,,5,2,1,1.0,6
201200021378,0012-02-18 18:30:00,12,2,18,18,30,830,100,,,,Crépuscule ou aube,Hors agglomération,Hors intersection,Normale,Deux véhicules - frontale,,,,,,,,,,,2,1,1,1.0,1
201200021379,0012-03-23 19:30:00,12,3,23,19,30,830,100,,,,Plein jour,Hors agglomération,Hors intersection,Normale,Deux véhicules - frontale,,,,,,,,,,,1,1,1,1.0,1
201200021380,0012-03-28 14:45:00,12,3,28,14,45,830,43,,,,Plein jour,Hors agglomération,Hors intersection,Normale,Deux véhicules - côté,,,,,,,,,,,1,1,1,1.0,3
201200021381,0012-03-28 16:00:00,12,3,28,16,0,830,91,,,,Plein jour,Hors agglomération,Hors intersection,Normale,Deux véhicules - frontale,,,,,,,,,,,1,1,1,1.0,1
201200021382,0012-04-13 12:00:00,12,4,13,12,0,830,91,,,,Plein jour,Hors agglomération,Hors intersection,Pluie légère,Deux véhicules - frontale,,,,,,,,,,,1,1,1,2.0,1
201200021383,0012-05-08 16:45:00,12,5,8,16,45,830,43,,,,Plein jour,Hors agglomération,Hors intersection,Normale,Autre collision,,,,,,,,,,,1,1,1,1.0,6
201200021384,0012-06-29 15:00:00,12,6,29,15,0,830,100,,,,Plein jour,Hors agglomération,Hors intersection,Normale,Deux véhicules - côté,,,,,,,,,,,1,1,1,1.0,3
201200021385,0012-09-29 23:00:00,12,9,29,23,0,830,33,,,,Nuit sans éclairage public,Hors agglomération,Hors intersection,Normale,Autre collision,,,,,,,,,,,3,1,1,1.0,6
201200021386,0012-10-05 21:00:00,12,10,5,21,0,830,100,,,,Nuit sans éclairage public,Hors agglomération,Hors intersection,Normale,Autre collision,,,,,,,,,,,3,1,1,1.0,6
201200021387,0012-10-12 06:45:00,12,10,12,6,45,830,49,,,,Crépuscule ou aube,Hors agglomération,Intersection en X,Brouillard / fumée,Deux véhicules - côté,,,,,,,,,,,2,1,2,5.0,3
201200021388,0012-11-30 21:00:00,12,11,30,21,0,830,49,,,,Nuit sans éclairage public,Hors agglomération,Hors intersection,Pluie forte,Deux véhicules - frontale,,,,,,,,,,,3,1,1,3.0,1
201200021389,0012-12-23 18:00:00,12,12,23,18,0,830,91,,,,Nuit sans éclairage public,Hors agglomération,Hors intersection,Normale,Autre collision,,,,,,,,,,,3,1,1,1.0,6
201200021390,0012-06-02 08:00:00,12,6,2,8,0,410,245,,47.7668,1.50711,Plein jour,Hors agglomération,Hors intersection,Normale,Sans collision,,,,,,,,,,,1,1,1,1.0,7
201200021391,0012-06-08 18:00:00,12,6,8,18,0,410,119,,48.0293,0.87196,Plein jour,Hors agglomération,Hors intersection,Normale,Deux véhicules - côté,,,,,,,,,,,1,1,1,1.0,3
201200021392,0012-09-09 12:00:00,12,9,9,12,0,410,171,"LIEU-DIT ""LE TREMBLAY""",,,Plein jour,En agglomération,Hors intersection,Normale,Sans collision,,,,,,,,,,,1,2,1,1.0,7
201200021393,0012-10-01 05:00:00,12,10,1,5,0,410,283,,47.7049,1.17228,Nuit sans éclairage public,Hors agglomération,Hors intersection,Normale,Deux véhicules - frontale,,,,,,,,,,,3,1,1,1.0,1
201200021394,0012-12-18 14:30:00,12,12,18,14,30,410,284,,47.7878,1.31167,Plein jour,Hors agglomération,Hors intersection,Normale,Deux véhicules - arrière,,,,,,,,,,,1,1,1,1.0,2
201200021395,0012-03-21 06:15:00,12,3,21,6,15,120,63,,44.003,3.138,Nuit sans éclairage public,Hors agglomération,Hors intersection,Pluie légère,Deux véhicules - arrière,,,,,,,,,,,3,1,1,2.0,2
201200021396,0012-06-30 07:30:00,12,6,30,7,30,120,145,,44.113,3.066,Plein jour,Hors agglomération,Hors intersection,Normale,Autre collision,,,,,,,,,,,1,1,1,1.0,6
201200021397,0012-07-27 11:45:00,12,7,27,11,45,120,84,,,,Plein jour,Hors agglomération,Hors intersection,Normale,Deux véhicules - frontale,,,,,,,,,,,1,1,1,1.0,1
201200021398,0012-09-09 10:30:00,12,9,9,10,30,120,63,,43.987,3.186,Plein jour,Hors agglomération,Autre intersection,Normale,Sans collision,,,,,,,,,,,1,1,9,1.0,7
201200021399,0012-11-11 15:00:00,12,11,11,15,0,120,63,,43.999,3.173,Plein jour,Hors agglomération,Hors intersection,Normale,Trois véhicules et plus - en chaîne,,,,,,,,,,,1,1,1,1.0,4
201200021400,0012-04-08 01:30:00,12,4,8,1,30,580,59,,47.204,3.019,Nuit sans éclairage public,Hors agglomération,Hors intersection,Normale,Deux véhicules - arrière,,,,,,,,,,,3,1,1,1.0,2
201200021401,0012-06-04 18:15:00,12,6,4,18,15,580,155,,47.171,3.051,Plein jour,Hors agglomération,Hors intersection,Normale,Deux véhicules - arrière,,,,,,,,,,,1,1,1,1.0,2
201200021402,0012-09-29 16:00:00,12,9,29,16,0,580,67,,,,Plein jour,Hors agglomération,Hors intersection,Normale,Autre collision,,,,,,,,,,,1,1,1,1.0,6
201200021403,0012-10-12 16:30:00,12,10,12,16,30,580,193,,,,Plein jour,Hors agglomération,Hors intersection,Normale,Autre collision,,,,,,,,,,,1,1,1,1.0,6
201200021404,0012-10-10 15:45:00,12,10,10,15,45,580,215,,,,Plein jour,Hors agglomération,Hors intersection,Pluie forte,Autre collision,,,,,,,,,,,1,1,1,3.0,6
201200021405,0012-11-09 08:45:00,12,11,9,8,45,580,44,,,,Plein jour,Hors agglomération,Hors intersection,Normale,Autre collision,,,,,,,,,,,1,1,1,1.0,6
201200021406,0012-06-12 22:00:00,12,6,12,22,0,710,23,,,,Nuit sans éclairage public,Hors agglomération,Hors intersection,Temps couvert,Deux véhicules - côté,,,,,,,,,,,3,1,1,8.0,3
201200021407,0012-04-21 02:15:00,12,4,21,2,15,360,6,,,,Nuit sans éclairage public,Hors agglomération,Hors intersection,Normale,Autre collision,,,,,,,,,,,3,1,1,1.0,6
201200021408,0012-08-08 05:20:00,12,8,8,5,20,360,33,,46.5226,1.51433,Nuit sans éclairage public,Hors agglomération,Hors intersection,Normale,Autre collision,,,,,,,,,,,3,1,1,1.0,6
201200021409,0012-08-07 06:15:00,12,8,7,6,15,150,187,,44.943,3.201,Plein jour,Hors agglomération,Hors intersection,Temps couvert,Sans collision,,,,,,,,,,,1,1,1,8.0,7
201200021410,0012-09-19 13:30:00,12,9,19,13,30,430,123,x,45.339,3.274,Plein jour,Hors agglomération,Hors intersection,Normale,Deux véhicules - arrière,,,,,,,,,,,1,1,1,1.0,2
201200021411,0012-05-20 21:30:00,12,5,20,21,30,630,404,,45.592,3.247,Nuit sans éclairage public,Hors agglomération,Hors intersection,Pluie légère,Autre collision,,,,,,,,,,,3,1,1,2.0,6
201200021412,0012-05-22 07:45:00,12,5,22,7,45,430,120,x,45.383,3.284,Plein jour,Hors agglomération,Autre intersection,Pluie forte,Deux véhicules - côté,,,,,,,,,,,1,1,9,3.0,3
201200021413,0012-06-08 22:45:00,12,6,8,22,45,630,178,,45.536,3.257,Nuit sans éclairage public,Hors agglomération,Hors intersection,Temps couvert,Autre collision,,,,,,,,,,,3,1,1,8.0,6
201200021414,0012-07-02 15:15:00,12,7,2,15,15,630,178,,45.54,3.26,Plein jour,Hors agglomération,Hors intersection,Normale,Autre collision,,,,,,,,,,,1,1,1,1.0,6
201200021415,0012-09-29 15:30:00,12,9,29,15,30,630,404,,45.591,3.247,Plein jour,Hors agglomération,Hors intersection,Normale,Autre collision,,,,,,,,,,,1,1,1,1.0,6
201200021416,0012-10-12 19:30:00,12,10,12,19,30,630,54,,45.529,3.257,Nuit sans éclairage public,Hors agglomération,Hors intersection,Normale,Sans collision,,,,,,,,,,,3,1,1,1.0,7
201200021417,0012-10-26 17:45:00,12,10,26,17,45,630,178,,45.571,3.25,Crépuscule ou aube,Hors agglomération,Hors intersection,Pluie légère,Sans collision,,,,,,,,,,,2,1,1,2.0,7
201200021418,0012-08-17 20:30:00,12,8,17,20,30,870,122,,,,Plein jour,Hors agglomération,Hors intersection,Normale,Deux véhicules - frontale,,,,,,,,,,,1,1,1,1.0,1
201200021419,0012-09-17 19:15:00,12,9,17,19,15,870,3,,,,Plein jour,Hors agglomération,Hors intersection,Normale,Autre collision,,,,,,,,,,,1,1,1,1.0,6
201200021420,0012-10-08 16:30:00,12,10,8,16,30,870,14,,,,Nuit sans éclairage public,Hors agglomération,Hors intersection,Pluie légère,Autre collision,,,,,,,,,,,3,1,1,2.0,6
201200021421,0012-11-23 18:45:00,12,11,23,18,45,870,14,,,,Nuit sans éclairage public,Hors agglomération,Autre intersection,Normale,Trois véhicules et plus - collisions multiples,,,,,,,,,,,3,1,9,1.0,5
201200021422,0012-12-16 14:15:00,12,12,16,14,15,870,14,,,,Plein jour,Hors agglomération,Hors intersection,Pluie forte,Sans collision,,,,,,,,,,,1,1,1,3.0,7
201200021423,0012-01-09 11:30:00,12,1,9,11,30,340,259,,43.63388,3.75689,Plein jour,Hors agglomération,Hors intersection,Normale,Sans collision,,,,,,,,,,,1,1,1,1.0,7
201200021424,0012-02-21 16:30:00,12,2,21,16,30,340,64,,43.87924,3.31155,Plein jour,Hors agglomération,Hors intersection,Normale,Deux véhicules - côté,,,,,,,,,,,1,1,1,1.0,3
201200021425,0012-03-09 03:00:00,12,3,9,3,0,340,123,,43.60807,3.80674,Nuit sans éclairage public,Hors agglomération,Hors intersection,Normale,Deux véhicules - côté,,,,,,,,,,,3,1,1,1.0,3
201200021426,0012-04-29 05:15:00,12,4,29,5,15,340,114,,43.63118,3.58925,Nuit sans éclairage public,Hors agglomération,Hors intersection,Normale,Deux véhicules - arrière,,,,,,,,,,,3,1,1,1.0,2
201200021427,0012-05-30 18:45:00,12,5,30,18,45,340,13,,,,Plein jour,Hors agglomération,Hors intersection,Normale,Autre collision,,,,,,,,,,,1,1,1,1.0,6