accident_id,datetime,annee,mois,jour,heure,minute,departement,commune_insee,adresse,latitude,longitude,luminosite,agglomeration,intersection,meteo,collision,nb_vehicules,nb_usagers,nb_indemnes,nb_tues,nb_blesses_hosp,nb_blesses_legers,age_cond_1,age_cond_2,veh_type_cond_1,veh_type_cond_2,lum_code,agg_code,int_code,atm_code,col_code
201200021428,0012-06-27 07:45:00,12,6,27,7,45,340,114,,43.648,3.557,Plein jour,Hors agglomération,Hors intersection,Normale,Autre collision,,,,,,,,,,,1,1,1,1.0,6
201200021429,0012-07-21 02:15:00,12,7,21,2,15,340,259,,43.62908,3.78,Nuit sans éclairage public,Hors agglomération,Hors intersection,Normale,Autre collision,,,,,,,,,,,3,1,1,1.0,6
201200021430,0012-07-29 02:30:00,12,7,29,2,30,340,166,,43.4035,3.34562,Nuit sans éclairage public,Hors agglomération,Hors intersection,Normale,Deux véhicules - arrière,,,,,,,,,,,3,1,1,1.0,2
201200021431,0012-08-23 13:45:00,12,8,23,13,45,340,325,,,,Plein jour,Hors agglomération,Hors intersection,Normale,Sans collision,,,,,,,,,,,1,1,1,1.0,7
201200021432,0012-09-22 09:30:00,12,9,22,9,30,340,239,,43.666,3.51,Plein jour,Hors agglomération,Hors intersection,Normale,Autre collision,,,,,,,,,,,1,1,1,1.0,6
201200021433,0012-10-05 10:45:00,12,10,5,10,45,340,64,,43.868,3.313,Plein jour,Hors agglomération,Hors intersection,Normale,Trois véhicules et plus - collisions multiples,,,,,,,,,,,1,1,1,1.0,5
201200021434,0012-10-20 16:15:00,12,10,20,16,15,340,196,,43.828,3.321,Plein jour,Hors agglomération,Hors intersection,Pluie légère,Autre collision,,,,,,,,,,,1,1,1,2.0,6
201200021435,0012-10-22 06:20:00,12,10,22,6,20,340,36,,43.68003,3.38964,Nuit sans éclairage public,Hors agglomération,Hors intersection,Pluie légère,Autre collision,,,,,,,,,,,3,1,1,2.0,6
201200021436,0012-10-28 04:45:00,12,10,28,4,45,340,123,,43.612,3.809,Nuit sans éclairage public,Hors agglomération,Hors intersection,Normale,Autre collision,,,,,,,,,,,3,1,1,1.0,6
201200021437,0012-11-01 11:00:00,12,11,1,11,0,340,194,,43.53901,3.44406,Plein jour,Hors agglomération,Hors intersection,Normale,Deux véhicules - frontale,,,,,,,,,,,1,1,1,1.0,1
201200021438,0012-11-11 02:45:00,12,11,11,2,45,340,79,,43.63965,3.44635,Nuit sans éclairage public,Hors agglomération,Hors intersection,Pluie légère,Autre collision,,,,,,,,,,,3,1,1,2.0,6
201200021439,0012-11-20 09:00:00,12,11,20,9,0,340,64,,43.85679,3.30916,Plein jour,Hors agglomération,Hors intersection,Normale,Autre collision,,,,,,,,,,,1,1,1,1.0,6
201200021440,0012-11-23 18:30:00,12,11,23,18,30,340,282,,43.63,3.663,Nuit sans éclairage public,Hors agglomération,Hors intersection,Normale,Deux véhicules - côté,,,,,,,,,,,3,1,1,1.0,3
201200021441,0012-12-12 22:15:00,12,12,12,22,15,340,79,,43.61274,3.46089,Nuit sans éclairage public,Hors agglomération,Hors intersection,Normale,Deux véhicules - frontale,,,,,,,,,,,3,1,1,1.0,1
201200021442,0012-12-25 17:45:00,12,12,25,17,45,340,79,,43.411,3.35,Nuit sans éclairage public,Hors agglomération,Hors intersection,Pluie légère,Deux véhicules - arrière,,,,,,,,,,,3,1,1,2.0,2
201200021443,0012-01-27 20:30:00,12,1,27,20,30,480,191,,,,Nuit sans éclairage public,Hors agglomération,Hors intersection,Pluie légère,Autre collision,,,,,,,,,,,3,1,1,2.0,6
201200021444,0012-06-29 20:15:00,12,6,29,20,15,480,32,,,,Nuit sans éclairage public,Hors agglomération,Hors intersection,Normale,Autre collision,,,,,,,,,,,3,1,1,1.0,6
201200021445,0012-07-14 07:30:00,12,7,14,7,30,480,140,,,,Plein jour,Hors agglomération,Hors intersection,Normale,Sans collision,,,,,,,,,,,1,1,1,1.0,7
201200021446,0012-07-25 16:30:00,12,7,25,16,30,480,49,,,,Plein jour,Hors agglomération,Hors intersection,Normale,Sans collision,,,,,,,,,,,1,1,1,1.0,7
201200021447,0012-12-19 13:45:00,12,12,19,13,45,480,99,,,,Plein jour,Hors agglomération,Hors intersection,Normale,Deux véhicules - arrière,,,,,,,,,,,1,1,1,1.0,2
201200021448,0012-03-04 14:45:00,12,3,4,14,45,440,51,,,,Plein jour,Hors agglomération,Hors intersection,Pluie forte,Autre collision,,,,,,,,,,,1,1,1,3.0,6
201200021449,0012-10-20 05:30:00,12,10,20,5,30,440,209,,,,Nuit sans éclairage public,Hors agglomération,Hors intersection,Normale,Trois véhicules et plus - collisions multiples,,,,,,,,,,,3,1,1,1.0,5
201200021450,0012-11-01 02:30:00,12,11,1,2,30,440,149,,,,Nuit sans éclairage public,Hors agglomération,Autre intersection,Pluie légère,Autre collision,,,,,,,,,,,3,1,9,2.0,6
201200021451,0012-11-20 10:30:00,12,11,20,10,30,440,105,,,,Plein jour,Hors agglomération,Hors intersection,Normale,Deux véhicules - arrière,,,,,,,,,,,1,1,1,1.0,2
201200021452,0012-02-20 08:45:00,12,2,20,8,45,440,194,,,,Plein jour,Hors agglomération,Hors intersection,Normale,Deux véhicules - arrière,,,,,,,,,,,1,1,1,1.0,2
201200021453,0012-02-22 19:15:00,12,2,22,19,15,440,103,,,,Nuit avec éclairage allumé,Hors agglomération,Hors intersection,Normale,Deux véhicules - arrière,,,,,,,,,,,5,1,1,1.0,2
201200021454,0012-03-03 14:45:00,12,3,3,14,45,440,103,,,,Plein jour,Hors agglomération,Hors intersection,Normale,Deux véhicules - arrière,,,,,,,,,,,1,1,1,1.0,2
201200021455,0012-03-04 16:15:00,12,3,4,16,15,440,195,,,,Plein jour,Hors agglomération,Hors intersection,Normale,Deux véhicules - frontale,,,,,,,,,,,1,1,1,1.0,1
201200021456,0012-04-01 02:00:00,12,4,1,2,0,440,103,,,,Nuit sans éclairage public,Hors agglomération,Hors intersection,Normale,Deux véhicules - frontale,,,,,,,,,,,3,1,1,1.0,1
201200021457,0012-04-18 07:15:00,12,4,18,7,15,440,52,,,,Crépuscule ou aube,Hors agglomération,Hors intersection,Temps couvert,Deux véhicules - arrière,,,,,,,,,,,2,1,1,8.0,2
201200021458,0012-05-27 20:00:00,12,5,27,20,0,440,158,,,,Plein jour,Hors agglomération,Hors intersection,Normale,Trois véhicules et plus - en chaîne,,,,,,,,,,,1,1,1,1.0,4
201200021459,0012-06-17 07:45:00,12,6,17,7,45,440,152,,,,Crépuscule ou aube,Hors agglomération,Hors intersection,Normale,Sans collision,,,,,,,,,,,2,1,1,1.0,7
201200021460,0012-07-08 16:15:00,12,7,8,16,15,440,52,,,,Plein jour,Hors agglomération,Hors intersection,Normale,Sans collision,,,,,,,,,,,1,1,1,1.0,7
201200021461,0012-08-17 05:45:00,12,8,17,5,45,440,89,,,,Nuit sans éclairage public,Hors agglomération,Hors intersection,Normale,Deux véhicules - arrière,,,,,,,,,,,3,1,1,1.0,2
201200021462,0012-08-17 18:15:00,12,8,17,18,15,440,103,,,,Plein jour,Hors agglomération,Autre intersection,Normale,Sans collision,,,,,,,,,,,1,1,9,1.0,7
201200021463,0012-10-06 15:45:00,12,10,6,15,45,440,137,,,,Plein jour,Hors agglomération,Hors intersection,Pluie forte,Autre collision,,,,,,,,,,,1,1,1,3.0,6
201200021464,0012-10-15 14:00:00,12,10,15,14,0,440,89,,,,Plein jour,Hors agglomération,Hors intersection,Normale,Trois véhicules et plus - collisions multiples,,,,,,,,,,,1,1,1,1.0,5
201200021465,0012-11-23 18:15:00,12,11,23,18,15,440,89,,,,Nuit sans éclairage public,Hors agglomération,Hors intersection,Normale,Deux véhicules - arrière,,,,,,,,,,,3,1,1,1.0,2
201200021466,0012-11-30 18:30:00,12,11,30,18,30,440,89,,,,Nuit sans éclairage public,Hors agglomération,Hors intersection,Normale,Trois véhicules et plus - en chaîne,,,,,,,,,,,3,1,1,1.0,4
201200021467,0012-12-11 20:00:00,12,12,11,20,0,440,33,,,,Nuit sans éclairage public,Hors agglomération,Hors intersection,Normale,Deux véhicules - arrière,,,,,,,,,,,3,1,1,1.0,2
201200021468,0012-12-14 08:00:00,12,12,14,8,0,440,210,,,,Nuit sans éclairage public,Hors agglomération,Hors intersection,Pluie forte,Deux véhicules - arrière,,,,,,,,,,,3,1,1,3.0,2
201200021469,0012-12-16 02:30:00,12,12,16,2,30,440,129,,,,Nuit sans éclairage public,Hors agglomération,Hors intersection,Neige / grêle,Sans collision,,,,,,,,,,,3,1,1,4.0,7
201200021470,0012-12-22 09:15:00,12,12,22,9,15,440,129,,,,Plein jour,Hors agglomération,Hors intersection,Pluie forte,Autre collision,,,,,,,,,,,1,1,1,3.0,6
201200021471,0012-03-18 12:45:00,12,3,18,12,45,140,475,,49.1312,-0.5662,Plein jour,Hors agglomération,Hors intersection,Neige / grêle,Deux véhicules - frontale,,,,,,,,,,,1,1,1,4.0,1
201200021472,0012-04-27 07:30:00,12,4,27,7,30,140,738,,49.1641,-0.43752,Plein jour,Hors agglomération,Hors intersection,Temps éblouissant,Trois véhicules et plus - en chaîne,,,,,,,,,,,1,1,1,7.0,4
201200021473,0012-05-19 12:00:00,12,5,19,12,0,140,475,,49.1364,-0.55586,Plein jour,Hors agglomération,Hors intersection,Normale,Sans collision,,,,,,,,,,,1,1,1,1.0,7
201200021474,0012-04-18 15:30:00,12,4,18,15,30,500,407,,48.6175,-1.33462,Plein jour,Hors agglomération,Hors intersection,Neige / grêle,Trois véhicules et plus - collisions multiples,,,,,,,,,,,1,1,1,4.0,5
201200021475,0012-05-07 14:45:00,12,5,7,14,45,500,535,,48.7715,-1.27635,Plein jour,Hors agglomération,Hors intersection,Temps couvert,Sans collision,,,,,,,,,,,1,1,1,8.0,7
201200021476,0012-09-16 18:45:00,12,9,16,18,45,500,185,,48.8384,-1.24828,Plein jour,Hors agglomération,Hors intersection,Normale,Deux véhicules - côté,,,,,,,,,,,1,1,1,1.0,3
201200021477,0012-11-11 10:15:00,12,11,11,10,15,500,214,,48.9146,-1.0939,Plein jour,Hors agglomération,Hors intersection,Normale,Sans collision,,,,,,,,,,,1,1,1,1.0,7
201200021478,0012-11-29 19:00:00,12,11,29,19,0,140,513,,,,Nuit sans éclairage public,Hors agglomération,Hors intersection,Pluie légère,Deux véhicules - arrière,,,,,,,,,,,3,1,1,2.0,2
201200021479,0012-12-25 16:00:00,12,12,25,16,0,500,185,,48.8351,-1.24609,Plein jour,Hors agglomération,Hors intersection,Normale,Deux véhicules - côté,,,,,,,,,,,1,1,1,1.0,3
201200021480,0012-05-08 12:00:00,12,5,8,12,0,500,87,,49.5647,-1.56941,Plein jour,Hors agglomération,Hors intersection,Normale,Sans collision,,,,,,,,,,,1,1,1,1.0,7
201200021481,0012-11-25 21:00:00,12,11,25,21,0,500,534,,49.3028,-1.18868,Nuit sans éclairage public,Hors agglomération,Hors intersection,Temps couvert,Autre collision,,,,,,,,,,,3,1,1,8.0,6
201200021482,0012-01-23 19:00:00,12,1,23,19,0,180,279,2PONTS-A. BRUNET-REPUBLI,47.2222,2.06802,Nuit avec éclairage allumé,En agglomération,Intersection en X,Normale,Trois véhicules et plus - collisions multiples,,,,,,,,,,,5,2,2,1.0,5
201200021483,0012-01-28 11:30:00,12,1,28,11,30,180,279,BARON (RUE BLANCHE),47.2223,2.06581,Plein jour,En agglomération,Hors intersection,Pluie légère,Sans collision,,,,,,,,,,,1,2,1,2.0,7
201200021484,0012-02-18 18:30:00,12,2,18,18,30,180,279,VAILLANT (AVENUE EDOUARD,47.2402,2.06073,Nuit avec éclairage allumé,En agglomération,Intersection en T,Vent fort / tempête,Deux véhicules - côté,,,,,,,,,,,5,2,3,6.0,3
201200021485,0012-02-20 08:35:00,12,2,20,8,35,180,279,"22, BAS DE GRANGE (RUE E",47.2246,2.05447,Plein jour,En agglomération,Hors intersection,Normale,Deux véhicules - côté,,,,,,,,,,,1,2,1,1.0,3
201200021486,0012-02-22 15:20:00,12,2,22,15,20,180,279,EPINETTES (RUE ET,47.226,2.06942,Plein jour,En agglomération,Intersection en T,Normale,Deux véhicules - côté,,,,,,,,,,,1,2,3,1.0,3
201200021487,0012-02-28 07:45:00,12,2,28,7,45,180,279,AV SEMARD+PARKING GARE,47.2262,2.05926,Plein jour,En agglomération,Hors intersection,Normale,Deux véhicules - côté,,,,,,,,,,,1,2,1,1.0,3
201200021488,0012-03-07 19:50:00,12,3,7,19,50,180,279,PERI (PLACE GABRIEL),47.2248,2.06246,Nuit avec éclairage allumé,En agglomération,Hors intersection,Pluie légère,Deux véhicules - côté,,,,,,,,,,,5,2,1,2.0,3
201200021489,0012-03-15 09:50:00,12,3,15,9,50,180,279,SOUVENIR FRANCAIS (RUE D,47.2239,2.07345,Plein jour,En agglomération,Intersection en T,Normale,Deux véhicules - côté,,,,,,,,,,,1,2,3,1.0,3
201200021490,0012-03-24 19:30:00,12,3,24,19,30,180,279,VOLTAIRE ( RUE ),47.2215,2.06771,Crépuscule ou aube,En agglomération,Intersection en T,Normale,Deux véhicules - côté,,,,,,,,,,,2,2,3,1.0,3
201200021491,0012-04-24 21:20:00,12,4,24,21,20,180,279,DEBOURNOU (RUE ),,,Nuit avec éclairage allumé,En agglomération,Hors intersection,Normale,Sans collision,,,,,,,,,,,5,2,1,1.0,7
201200021492,0012-05-04 15:55:00,12,5,4,15,55,180,279,"85, HUIT MAI 1945 (RUE D",47.2348,2.08531,Plein jour,En agglomération,Hors intersection,Normale,Deux véhicules - arrière,,,,,,,,,,,1,2,1,1.0,2
201200021493,0012-05-11 12:10:00,12,5,11,12,10,180,279,"75, TOURS (ROUTE DE)",47.2361,2.03399,Plein jour,En agglomération,Hors intersection,Normale,Deux véhicules - côté,,,,,,,,,,,1,2,1,1.0,3
201200021494,0012-05-26 16:50:00,12,5,26,16,50,180,279,SAINT PRIEST (CHEMIN ),47.2303,2.0344,Plein jour,En agglomération,Hors intersection,Normale,Deux véhicules - arrière,,,,,,,,,,,1,2,1,1.0,2
201200021495,0012-05-28 02:20:00,12,5,28,2,20,180,279,74 BARBES  (RUE),47.2371,2.05869,Nuit avec éclairage allumé,En agglomération,Hors intersection,Normale,Autre collision,,,,,,,,,,,5,2,1,1.0,6
201200021496,0012-06-22 18:00:00,12,6,22,18,0,180,279,MARCEAU ( PL )PILLOTS,47.214,2.0573,Plein jour,En agglomération,Giratoire,Normale,Deux véhicules - côté,,,,,,,,,,,1,2,6,1.0,3
201200021497,0012-06-20 19:45:00,12,6,20,19,45,180,279,"19, BARBES  (RUE)",47.2343,2.0525,Plein jour,En agglomération,Hors intersection,Normale,Deux véhicules - frontale,,,,,,,,,,,1,2,1,1.0,1
201200021498,0012-06-28 14:35:00,12,6,28,14,35,180,279,MANHES AV DU COLONEL,47.2246,2.07568,Plein jour,En agglomération,Hors intersection,Normale,Autre collision,,,,,,,,,,,1,2,1,1.0,6
201200021499,0012-07-23 19:00:00,12,7,23,19,0,180,279,GOURDON (RUE),47.2245,2.06488,Plein jour,En agglomération,Intersection en T,Temps éblouissant,Deux véhicules - côté,,,,,,,,,,,1,2,3,7.0,3
201200021500,0012-06-30 01:35:00,12,6,30,1,35,180,279,DOLET (RUE ETIENNE),47.2122,2.10049,Nuit avec éclairage allumé,En agglomération,Intersection à plus de 4 branches,Normale,Deux véhicules - côté,,,,,,,,,,,5,2,5,1.0,3
201200021501,0012-07-18 02:40:00,12,7,18,2,40,180,279,"29, PENTECOTES ( RUE DES",47.2279,2.05914,Nuit avec éclairage allumé,En agglomération,Hors intersection,Normale,Sans collision,,,,,,,,,,,5,2,1,1.0,7
201200021502,0012-07-24 08:35:00,12,7,24,8,35,180,279,"4, MARECHAL FOCH(PLACE",47.2231,2.06779,Plein jour,En agglomération,Hors intersection,Normale,Autre collision,,,,,,,,,,,1,2,1,1.0,6
201200021503,0012-09-17 19:30:00,12,9,17,19,30,180,279,74 MERIGOT (RUE LEO ),47.2269,2.05499,Plein jour,En agglomération,Hors intersection,Normale,Deux véhicules - côté,,,,,,,,,,,1,2,1,1.0,3
201200021504,0012-07-25 17:20:00,12,7,25,17,20,180,279,HUIT MAI 1945 (RUE DU (J,47.2312,2.08077,Plein jour,En agglomération,Intersection en X,Normale,Deux véhicules - frontale,,,,,,,,,,,1,2,2,1.0,1
201200021505,0012-09-01 12:35:00,12,9,1,12,35,180,279,VOLTAIRE/BRUNET,47.2222,2.06802,Plein jour,En agglomération,Intersection en T,Normale,Deux véhicules - frontale,,,,,,,,,,,1,2,3,1.0,1
201200021506,0012-09-26 17:15:00,12,9,26,17,15,180,279,"06, MITTERRAND ( RUE FRA",47.2208,2.06094,Plein jour,En agglomération,Hors intersection,Normale,Trois véhicules et plus - en chaîne,,,,,,,,,,,1,2,1,1.0,4
201200021507,0012-09-02 14:30:00,12,9,2,14,30,180,279,NEUVY (ROUTE DE),47.249,2.09827,Plein jour,Hors agglomération,Hors intersection,Normale,Autre collision,,,,,,,,,,,1,1,1,1.0,6
201200021508,0012-10-07 20:50:00,12,10,7,20,50,180,279,BOURGES (ROUTE DE),47.2154,2.10931,Nuit avec éclairage allumé,En agglomération,Hors intersection,Normale,Deux véhicules - frontale,,,,,,,,,,,5,2,1,1.0,1
201200021509,0012-10-08 08:10:00,12,10,8,8,10,180,279,RUE DU 1ER REGIMENT ARTI,47.1988,2.08628,Plein jour,En agglomération,Intersection en T,Pluie légère,Deux véhicules - frontale,,,,,,,,,,,1,2,3,2.0,1
201200021510,0012-10-10 18:30:00,12,10,10,18,30,180,279,PARKING ETIENNE DOLET,47.2158,2.1021,Plein jour,En agglomération,Autre intersection,Normale,Autre collision,,,,,,,,,,,1,2,9,1.0,6
201200021511,0012-10-11 07:15:00,12,10,11,7,15,180,279,57 FOECY (ROUTE DE),47.2073,2.10696,Nuit avec éclairage allumé,En agglomération,Hors intersection,Brouillard / fumée,Deux véhicules - côté,,,,,,,,,,,5,2,1,5.0,3
201200021512,0012-10-17 18:10:00,12,10,17,18,10,180,279,"10, BRISSON AVANT PONT S",47.2255,2.06185,Plein jour,En agglomération,Hors intersection,Normale,Autre collision,,,,,,,,,,,1,2,1,1.0,6
201200021513,0012-11-08 17:50:00,12,11,8,17,50,180,279,VAILLANT (AVENUE EDOUARD,47.2233,2.0708,Nuit avec éclairage allumé,En agglomération,Intersection en T,Normale,Deux véhicules - côté,,,,,,,,,,,5,2,3,1.0,3
201200021514,0012-11-10 10:40:00,12,11,10,10,40,180,279,"2, GAULLE (RUE DU GENERA",47.2206,2.06565,Plein jour,En agglomération,Intersection en T,Pluie légère,Deux véhicules - côté,,,,,,,,,,,1,2,3,2.0,3
201200021515,0012-11-15 18:15:00,12,11,15,18,15,180,279,VAILLANT (AVENUE EDOUARD,47.2353,2.0609,Nuit avec éclairage allumé,En agglomération,Hors intersection,Normale,Autre collision,,,,,,,,,,,5,2,1,1.0,6
201200021516,0012-12-03 10:40:00,12,12,3,10,40,180,279,"61, FOECY (ROUTE DE)",47.2053,2.11234,Plein jour,En agglomération,Hors intersection,Pluie légère,Deux véhicules - côté,,,,,,,,,,,1,2,1,2.0,3
201200021517,0012-12-14 20:55:00,12,12,14,20,55,180,279,GAUCHERIE (RUE,47.2226,2.06517,Nuit avec éclairage allumé,En agglomération,Hors intersection,Pluie légère,Deux véhicules - frontale,,,,,,,,,,,5,2,1,2.0,1
201200021518,0012-12-20 08:40:00,12,12,20,8,40,180,279,REPUBLIQUE (AVENUE DE LA,47.2245,2.06299,Plein jour,En agglomération,Intersection en T,Normale,Autre collision,,,,,,,,,,,1,2,3,1.0,6
201200021519,0012-02-18 21:15:00,12,2,18,21,15,440,149,La Houssais,,,Plein jour,Hors agglomération,Hors intersection,Pluie légère,Sans collision,,,,,,,,,,,1,1,1,2.0,7
201200021520,0012-05-12 10:00:00,12,5,12,10,0,440,1,la feuillais,47.568,-1.522,Plein jour,Hors agglomération,Hors intersection,Normale,Autre collision,,,,,,,,,,,1,1,1,1.0,6
201200021521,0012-06-07 13:30:00,12,6,7,13,30,440,197,,,,Plein jour,Hors agglomération,Hors intersection,Normale,Deux véhicules - côté,,,,,,,,,,,1,1,1,1.0,3
201200021522,0012-08-06 09:00:00,12,8,6,9,0,440,113,,47.56,-1.657,Plein jour,Hors agglomération,Hors intersection,Normale,Sans collision,,,,,,,,,,,1,1,1,1.0,7
201200021523,0012-09-10 17:45:00,12,9,10,17,45,440,208,,47.631,-1.513,Plein jour,Hors agglomération,Hors intersection,Normale,Deux véhicules - frontale,,,,,,,,,,,1,1,1,1.0,1
201200021524,0012-09-12 12:30:00,12,9,12,12,30,440,51,,47.657,-1.642,Plein jour,Hors agglomération,Intersection en X,Normale,Deux véhicules - côté,,,,,,,,,,,1,1,2,1.0,3
201200021525,0012-10-12 09:30:00,12,10,12,9,30,440,221,,47.472,-1.66,Plein jour,Hors agglomération,Hors intersection,Normale,Autre collision,,,,,,,,,,,1,1,1,1.0,6
201200021526,0012-03-31 05:00:00,12,3,31,5,0,720,306,,,,Nuit sans éclairage public,Hors agglomération,Hors intersection,Brouillard / fumée,Autre collision,,,,,,,,,,,3,1,1,5.0,6
201200021527,0012-06-17 06:30:00,12,6,17,6,30,720,287,,,,Plein jour,Hors agglomération,Hors intersection,Normale,Autre collision,,,,,,,,,,,1,1,1,1.0,6
201200021528,0012-07-06 22:00:00,12,7,6,22,0,720,124,Avenue Jean Monnet,,,Crépuscule ou aube,En agglomération,Hors intersection,Normale,Deux véhicules - côté,,,,,,,,,,,2,2,1,1.0,3
201200021529,0012-01-08 12:00:00,12,1,8,12,0,720,8,,47.925,0.217,Plein jour,Hors agglomération,Hors intersection,Normale,Deux véhicules - frontale,,,,,,,,,,,1,1,1,1.0,1
201200021530,0012-02-17 13:30:00,12,2,17,13,30,720,58,,48.011,0.301,Plein jour,Hors agglomération,Hors intersection,Temps couvert,Deux véhicules - côté,,,,,,,,,,,1,1,1,8.0,3
201200021531,0012-03-08 10:00:00,12,3,8,10,0,720,231,,47.945,0.362,Plein jour,Hors agglomération,Hors intersection,Normale,Trois véhicules et plus - collisions multiples,,,,,,,,,,,1,1,1,1.0,5
201200021532,0012-03-10 14:30:00,12,3,10,14,30,720,8,,47.947,0.184,Plein jour,Hors agglomération,Hors intersection,Normale,Deux véhicules - côté,,,,,,,,,,,1,1,1,1.0,3
201200021533,0012-03-27 08:45:00,12,3,27,8,45,720,187,,,,Plein jour,Hors agglomération,Hors intersection,Autre,Autre collision,,,,,,,,,,,1,1,1,9.0,6
201200021534,0012-04-10 13:45:00,12,4,10,13,45,720,155,,47.866,0.254,Plein jour,Hors agglomération,Hors intersection,Pluie forte,Deux véhicules - frontale,,,,,,,,,,,1,1,1,3.0,1
201200021535,0012-05-11 11:45:00,12,5,11,11,45,720,299,,,,Plein jour,Hors agglomération,Hors intersection,Normale,Deux véhicules - arrière,,,,,,,,,,,1,1,1,1.0,2
201200021536,0012-05-18 10:15:00,12,5,18,10,15,720,187,,47.806,0.327,Plein jour,Hors agglomération,Hors intersection,Normale,Sans collision,,,,,,,,,,,1,1,1,1.0,7
201200021537,0012-05-30 10:00:00,12,5,30,10,0,720,231,,,,Plein jour,Hors agglomération,Hors intersection,Normale,Deux véhicules - côté,,,,,,,,,,,1,1,1,1.0,3
201200021538,0012-06-18 17:45:00,12,6,18,17,45,720,8,,,,Plein jour,Hors agglomération,Hors intersection,Normale,Deux véhicules - frontale,,,,,,,,,,,1,1,1,1.0,1
201200021539,0012-06-29 07:45:00,12,6,29,7,45,720,58,,,,Plein jour,Hors agglomération,Hors intersection,Pluie légère,Deux véhicules - côté,,,,,,,,,,,1,1,1,2.0,3
201200021540,0012-09-25 18:00:00,12,9,25,18,0,720,231,,47.947,0.293,Plein jour,Hors agglomération,Hors intersection,Temps couvert,Sans collision,,,,,,,,,,,1,1,1,8.0,7
201200021541,0012-10-20 19:45:00,12,10,20,19,45,720,260,,,,Nuit sans éclairage public,Hors agglomération,Hors intersection,Pluie légère,Deux véhicules - frontale,,,,,,,,,,,3,1,1,2.0,1
201200021542,0012-11-17 18:30:00,12,11,17,18,30,720,231,,47.956,0.333,Nuit sans éclairage public,Hors agglomération,Hors intersection,Pluie légère,Sans collision,,,,,,,,,,,3,1,1,2.0,7
201200021543,0012-05-02 12:45:00,12,5,2,12,45,650,337,,43.23206,0.29482,Plein jour,Hors agglomération,Intersection en X,Normale,Deux véhicules - côté,,,,,,,,,,,1,1,2,1.0,3
201200021544,0012-08-05 03:45:00,12,8,5,3,45,650,418,,43.36034,0.17039,Nuit sans éclairage public,Hors agglomération,Hors intersection,Pluie légère,Autre collision,,,,,,,,,,,3,1,1,2.0,6
201200021545,0012-09-09 04:00:00,12,9,9,4,0,650,242,,43.35524,0.13856,Nuit sans éclairage public,Hors agglomération,Hors intersection,Normale,Autre collision,,,,,,,,,,,3,1,1,1.0,6
201200021546,0012-10-19 07:30:00,12,10,19,7,30,650,375,,43.3768,0.14681,Nuit avec éclairage non allumé,Hors agglomération,Hors intersection,Pluie légère,Deux véhicules - frontale,,,,,,,,,,,4,1,1,2.0,1
201200021547,0012-01-18 13:15:00,12,1,18,13,15,830,19,,,,Plein jour,Hors agglomération,Hors intersection,Normale,Trois véhicules et plus - collisions multiples,,,,,,,,,,,1,1,1,1.0,5
201200021548,0012-02-24 17:30:00,12,2,24,17,30,830,70,175 av Vincent Auriol,,,Plein jour,En agglomération,Hors intersection,Normale,Deux véhicules - arrière,,,,,,,,,,,1,2,1,1.0,2
201200021549,0012-04-01 15:45:00,12,4,1,15,45,830,19,,,,Plein jour,Hors agglomération,Hors intersection,Normale,Deux véhicules - côté,,,,,,,,,,,1,1,1,1.0,3
201200021550,0012-04-28 23:45:00,12,4,28,23,45,830,19,117 impasse du Jasmin,43.14865,6.3471,Nuit avec éclairage allumé,En agglomération,Hors intersection,Pluie légère,Autre collision,,,,,,,,,,,5,2,1,2.0,6
201200021551,0012-04-29 17:30:00,12,4,29,17,30,830,19,,,,Plein jour,Hors agglomération,Hors intersection,Normale,Deux véhicules - arrière,,,,,,,,,,,1,1,1,1.0,2
201200021552,0012-05-14 11:45:00,12,5,14,11,45,830,19,2 place du Pin,,,Plein jour,En agglomération,Hors intersection,Normale,Autre collision,,,,,,,,,,,1,2,1,1.0,6
201200021553,0012-05-29 10:30:00,12,5,29,10,30,830,19,,,,Plein jour,Hors agglomération,Hors intersection,Normale,Deux véhicules - côté,,,,,,,,,,,1,1,1,1.0,3
201200021554,0012-06-10 20:00:00,12,6,10,20,0,830,19,,,,Plein jour,Hors agglomération,Hors intersection,Normale,Deux véhicules - frontale,,,,,,,,,,,1,1,1,1.0,1
201200021555,0012-06-20 11:15:00,12,6,20,11,15,830,19,,,,Plein jour,Hors agglomération,Hors intersection,Normale,Deux véhicules - arrière,,,,,,,,,,,1,1,1,1.0,2
201200021556,0012-07-01 09:45:00,12,7,1,9,45,830,19,,,,Plein jour,Hors agglomération,Hors intersection,Normale,Deux véhicules - frontale,,,,,,,,,,,1,1,1,1.0,1
201200021557,0012-07-29 15:00:00,12,7,29,15,0,830,19,,,,Plein jour,Hors agglomération,Hors intersection,Normale,Trois véhicules et plus - collisions multiples,,,,,,,,,,,1,1,1,1.0,5
201200021558,0012-08-11 17:45:00,12,8,11,17,45,830,19,AVENUE MARECHAL JUIN,,,Plein jour,En agglomération,Hors intersection,Normale,Autre collision,,,,,,,,,,,1,2,1,1.0,6