accident_id,datetime,annee,mois,jour,heure,minute,departement,commune_insee,adresse,latitude,longitude,luminosite,agglomeration,intersection,meteo,collision,nb_vehicules,nb_usagers,nb_indemnes,nb_tues,nb_blesses_hosp,nb_blesses_legers,age_cond_1,age_cond_2,veh_type_cond_1,veh_type_cond_2,lum_code,agg_code,int_code,atm_code,col_code
201200021559,0012-08-23 09:30:00,12,8,23,9,30,830,19,boulevard de la Plage,,,Plein jour,En agglomération,Hors intersection,Normale,Autre collision,,,,,,,,,,,1,2,1,1.0,6
201200021560,0012-10-20 22:15:00,12,10,20,22,15,830,19,place de verdun,,,Nuit avec éclairage allumé,En agglomération,Hors intersection,Normale,Autre collision,,,,,,,,,,,5,2,1,1.0,6
201200021561,0012-10-21 10:00:00,12,10,21,10,0,830,19,,,,Plein jour,Hors agglomération,Hors intersection,Normale,Deux véhicules - frontale,,,,,,,,,,,1,1,1,1.0,1
201200021562,0012-11-17 16:45:00,12,11,17,16,45,830,19,,,,Plein jour,Hors agglomération,Hors intersection,Normale,Deux véhicules - côté,,,,,,,,,,,1,1,1,1.0,3
201200021563,0012-01-05 07:45:00,12,1,5,7,45,600,69,,,,Crépuscule ou aube,Hors agglomération,Hors intersection,Pluie légère,Deux véhicules - frontale,,,,,,,,,,,2,1,1,2.0,1
201200021564,0012-02-16 19:45:00,12,2,16,19,45,600,5,,,,Nuit sans éclairage public,Hors agglomération,Hors intersection,Temps couvert,Autre collision,,,,,,,,,,,3,1,1,8.0,6
201200021565,0012-03-10 04:15:00,12,3,10,4,15,600,658,,,,Nuit sans éclairage public,Hors agglomération,Hors intersection,Normale,Trois véhicules et plus - collisions multiples,,,,,,,,,,,3,1,1,1.0,5
201200021566,0012-05-16 17:00:00,12,5,16,17,0,600,176,,,,Plein jour,Hors agglomération,Hors intersection,Normale,Trois véhicules et plus - en chaîne,,,,,,,,,,,1,1,1,1.0,4
201200021567,0012-05-29 19:45:00,12,5,29,19,45,600,203,,,,Plein jour,Hors agglomération,Hors intersection,Normale,Deux véhicules - arrière,,,,,,,,,,,1,1,1,1.0,2
201200021568,0012-06-16 07:15:00,12,6,16,7,15,600,91,,,,Plein jour,Hors agglomération,Hors intersection,Pluie légère,Deux véhicules - frontale,,,,,,,,,,,1,1,1,2.0,1
201200021569,0012-08-11 17:00:00,12,8,11,17,0,600,176,,,,Plein jour,Hors agglomération,Hors intersection,Normale,Sans collision,,,,,,,,,,,1,1,1,1.0,7
201200021570,0012-08-18 11:45:00,12,8,18,11,45,600,176,Avenue Levallois Perret,,,Plein jour,En agglomération,Giratoire,Normale,Deux véhicules - frontale,,,,,,,,,,,1,2,6,1.0,1
201200021571,0012-08-24 12:00:00,12,8,24,12,0,600,260,,,,Plein jour,Hors agglomération,Hors intersection,Normale,Deux véhicules - frontale,,,,,,,,,,,1,1,1,1.0,1
201200021572,0012-09-05 19:00:00,12,9,5,19,0,600,176,Place de la Republique,,,Plein jour,En agglomération,Place,Normale,Autre collision,,,,,,,,,,,1,2,7,1.0,6
201200021573,0012-09-13 12:45:00,12,9,13,12,45,600,661,,,,Plein jour,En agglomération,Intersection en X,Normale,Deux véhicules - côté,,,,,,,,,,,1,2,2,1.0,3
201200021574,0012-09-27 21:00:00,12,9,27,21,0,600,176,,,,Nuit sans éclairage public,Hors agglomération,Intersection en T,Normale,Deux véhicules - côté,,,,,,,,,,,3,1,3,1.0,3
201200021575,0012-10-02 14:00:00,12,10,2,14,0,600,661,,,,Plein jour,Hors agglomération,Hors intersection,Normale,Deux véhicules - frontale,,,,,,,,,,,1,1,1,1.0,1
201200021576,0012-10-10 07:30:00,12,10,10,7,30,600,176,avenue de senlis,,,Plein jour,En agglomération,Hors intersection,Pluie légère,Deux véhicules - côté,,,,,,,,,,,1,2,1,2.0,3
201200021577,0012-10-26 17:15:00,12,10,26,17,15,600,176,rue Sadi Carnot,,,Plein jour,En agglomération,Hors intersection,Normale,Sans collision,,,,,,,,,,,1,2,1,1.0,7
201200021578,0012-11-22 23:00:00,12,11,22,23,0,600,101,,,,Nuit sans éclairage public,Hors agglomération,Hors intersection,Temps couvert,Autre collision,,,,,,,,,,,3,1,1,8.0,6
201200021579,0012-12-08 12:45:00,12,12,8,12,45,600,83,,,,Plein jour,Hors agglomération,Hors intersection,Temps couvert,Deux véhicules - frontale,,,,,,,,,,,1,1,1,8.0,1
201200021580,0012-12-12 10:00:00,12,12,12,10,0,600,279,,,,Plein jour,Hors agglomération,Hors intersection,Normale,Deux véhicules - côté,,,,,,,,,,,1,1,1,1.0,3
201200021581,0012-01-27 15:30:00,12,1,27,15,30,910,340,RD260,,,Plein jour,En agglomération,Hors intersection,Normale,Deux véhicules - côté,,,,,,,,,,,1,2,1,1.0,3
201200021582,0012-02-28 17:40:00,12,2,28,17,40,910,340,D260,,,Plein jour,En agglomération,Hors intersection,Normale,Deux véhicules - frontale,,,,,,,,,,,1,2,1,1.0,1
201200021583,0012-03-01 17:00:00,12,3,1,17,0,910,340,CD26,48.597,2.434,Plein jour,En agglomération,Giratoire,Normale,Sans collision,,,,,,,,,,,1,2,6,1.0,7
201200021584,0012-03-06 17:15:00,12,3,6,17,15,910,340,AVENUE DU CHATEAU,,,Crépuscule ou aube,En agglomération,Hors intersection,Normale,Deux véhicules - arrière,,,,,,,,,,,2,2,1,1.0,2
201200021585,0012-05-07 19:15:00,12,5,7,19,15,910,86,RD 194,48.62,2.372,Plein jour,En agglomération,Hors intersection,Normale,Autre collision,,,,,,,,,,,1,2,1,1.0,6
201200021586,0012-07-04 14:45:00,12,7,4,14,45,910,86,Rue de Paris - CD 31,48.625,2.39,Crépuscule ou aube,En agglomération,Hors intersection,Normale,Deux véhicules - arrière,,,,,,,,,,,2,2,1,1.0,2
201200021587,0012-07-25 12:45:00,12,7,25,12,45,910,340,D 153,,,Plein jour,Hors agglomération,Hors intersection,Normale,Deux véhicules - frontale,,,,,,,,,,,1,1,1,1.0,1
201200021588,0012-08-23 09:45:00,12,8,23,9,45,910,648,,48.569,2.363,Plein jour,Hors agglomération,Hors intersection,Normale,Deux véhicules - frontale,,,,,,,,,,,1,1,1,1.0,1
201200021589,0012-11-30 13:30:00,12,11,30,13,30,910,86,Rue de Villeroy,,,Plein jour,En agglomération,Hors intersection,Normale,Autre collision,,,,,,,,,,,1,2,1,1.0,6
201200021590,0012-01-05 20:45:00,12,1,5,20,45,190,31,DUBOIS (BOULEVARD CARDIN,45.1636,1.54051,Nuit avec éclairage allumé,En agglomération,Intersection en T,Pluie légère,Deux véhicules - côté,,,,,,,,,,,5,2,3,2.0,3
201200021591,0012-01-09 15:10:00,12,1,9,15,10,190,31,POMPIDOU (AVENUE GEORGES,45.1578,1.54939,Plein jour,En agglomération,Intersection en T,Normale,Deux véhicules - côté,,,,,,,,,,,1,2,3,1.0,3
201200021592,0012-01-09 20:00:00,12,1,9,20,0,190,31,POMPIDOU (AVENUE GEORGES,45.1581,1.55739,Nuit avec éclairage allumé,En agglomération,Intersection en T,Normale,Deux véhicules - côté,,,,,,,,,,,5,2,3,1.0,3
201200021593,0012-01-10 20:04:00,12,1,10,20,4,190,31,JAURES (AVENUE JEAN),45.156,1.53121,Nuit avec éclairage allumé,En agglomération,Intersection en T,Normale,Deux véhicules - côté,,,,,,,,,,,5,2,3,1.0,3
201200021594,0012-01-10 08:05:00,12,1,10,8,5,190,31,"5, KENNEDY (AVENUE JOHN)",45.1664,1.54289,Nuit avec éclairage allumé,En agglomération,Hors intersection,Normale,Deux véhicules - arrière,,,,,,,,,,,5,2,1,1.0,2
201200021595,0012-01-11 07:40:00,12,1,11,7,40,190,31,MOISSAN (RUE),45.1508,1.53152,Nuit avec éclairage allumé,En agglomération,Hors intersection,Normale,Autre collision,,,,,,,,,,,5,2,1,1.0,6
201200021596,0012-01-11 15:05:00,12,1,11,15,5,190,31,TILLEULS (PROMENADE DES),45.1626,1.53278,Plein jour,En agglomération,Intersection en X,Normale,Autre collision,,,,,,,,,,,1,2,2,1.0,6
201200021597,0012-01-11 19:05:00,12,1,11,19,5,190,31,"5, PARIS (AVENUE DE)",45.1612,1.53284,Nuit avec éclairage allumé,En agglomération,Hors intersection,Normale,Trois véhicules et plus - en chaîne,,,,,,,,,,,5,2,1,1.0,4
201200021598,0012-01-12 18:20:00,12,1,12,18,20,190,31,DE JOUVENEL (BOULEVARD H,45.1596,1.52333,Nuit avec éclairage allumé,En agglomération,Intersection en X,Normale,Deux véhicules - arrière,,,,,,,,,,,5,2,2,1.0,2
201200021599,0012-01-25 11:30:00,12,1,25,11,30,190,31,"85, SEMARD (AVENUE PIERR",45.1552,1.51524,Plein jour,En agglomération,Hors intersection,Normale,Autre collision,,,,,,,,,,,1,2,1,1.0,6
201200021600,0012-01-30 13:55:00,12,1,30,13,55,190,31,"4, CONVENTION (RUE DE LA",45.1463,1.54469,Plein jour,En agglomération,Hors intersection,Normale,Sans collision,,,,,,,,,,,1,2,1,1.0,7
201200021601,0012-02-07 16:45:00,12,2,7,16,45,190,31,JOUVET (RUE LOUIS),45.1672,1.5255,Plein jour,En agglomération,Intersection en T,Normale,Deux véhicules - côté,,,,,,,,,,,1,2,3,1.0,3
201200021602,0012-02-09 12:10:00,12,2,9,12,10,190,31,"25, KOENIG (BOULEVARD GE",45.1598,1.53105,Plein jour,En agglomération,Hors intersection,Normale,Autre collision,,,,,,,,,,,1,2,1,1.0,6
201200021603,0012-02-29 18:20:00,12,2,29,18,20,190,31,"01, VERLHAC (BOULEVARD)",45.1677,1.53522,Crépuscule ou aube,En agglomération,Hors intersection,Normale,Deux véhicules - arrière,,,,,,,,,,,2,2,1,1.0,2
201200021604,0012-03-03 17:35:00,12,3,3,17,35,190,31,"30, VERLHAC (BOULEVARD D",45.1682,1.53728,Plein jour,En agglomération,Intersection en X,Normale,Deux véhicules - côté,,,,,,,,,,,1,2,2,1.0,3
201200021605,0012-03-10 18:00:00,12,3,10,18,0,190,31,RIBOT (AVENUE),45.1648,1.51062,Plein jour,En agglomération,Hors intersection,Normale,Trois véhicules et plus - en chaîne,,,,,,,,,,,1,2,1,1.0,4
201200021606,0012-03-13 07:40:00,12,3,13,7,40,190,31,JAURES (AVENUE JEAN),45.1541,1.5298,Plein jour,En agglomération,Intersection en X,Normale,Deux véhicules - côté,,,,,,,,,,,1,2,2,1.0,3
201200021607,0012-03-16 12:50:00,12,3,16,12,50,190,31,"15, ALSACE LORRAINE (AVE",45.1543,1.5382,Plein jour,En agglomération,Intersection en T,Normale,Deux véhicules - côté,,,,,,,,,,,1,2,3,1.0,3
201200021608,0012-03-19 14:10:00,12,3,19,14,10,190,31,CONDORCET (RUE),45.1577,1.54574,Plein jour,En agglomération,Intersection en T,Normale,Deux véhicules - côté,,,,,,,,,,,1,2,3,1.0,3
201200021609,0012-03-20 11:00:00,12,3,20,11,0,190,31,"20, RIBOT (AVENUE)",45.1651,1.51872,Plein jour,En agglomération,Hors intersection,Normale,Autre collision,,,,,,,,,,,1,2,1,1.0,6
201200021610,0012-03-20 18:10:00,12,3,20,18,10,190,31,MENDES FRANCE (AVENUE PI,45.1434,1.47066,Plein jour,En agglomération,Giratoire,Normale,Deux véhicules - arrière,,,,,,,,,,,1,2,6,1.0,2
201200021611,0012-03-22 16:50:00,12,3,22,16,50,190,31,"11, ALAIN (RUE EMILE)",45.1437,1.539,Plein jour,En agglomération,Hors intersection,Normale,Autre collision,,,,,,,,,,,1,2,1,1.0,6
201200021612,0012-03-22 23:15:00,12,3,22,23,15,190,31,"78, ILE DU ROI (RUE DE L",45.1617,1.51489,Nuit avec éclairage allumé,En agglomération,Hors intersection,Normale,Autre collision,,,,,,,,,,,5,2,1,1.0,6
201200021613,0012-03-24 16:20:00,12,3,24,16,20,190,31,"22, BRUNE (RUE DU MARECH",45.162,1.53124,Plein jour,En agglomération,Intersection en T,Normale,Deux véhicules - arrière,,,,,,,,,,,1,2,3,1.0,2
201200021614,0012-03-29 13:30:00,12,3,29,13,30,190,31,"89, COSNAC (RUE DANIEL D",45.1524,1.55907,Plein jour,Hors agglomération,Intersection en T,Normale,Autre collision,,,,,,,,,,,1,1,3,1.0,6
201200021615,0012-03-31 19:30:00,12,3,31,19,30,190,31,VIALMUR (RUE DU),45.165,1.51783,Plein jour,En agglomération,Intersection en T,Normale,Autre collision,,,,,,,,,,,1,2,3,1.0,6
201200021616,0012-04-02 18:20:00,12,4,2,18,20,190,31,MENDES FRANCE (AVENUE PI,45.144,1.47286,Plein jour,En agglomération,Hors intersection,Normale,Trois véhicules et plus - en chaîne,,,,,,,,,,,1,2,1,1.0,4
201200021617,0012-04-02 18:35:00,12,4,2,18,35,190,31,"9, SEMARD (AVENUE PIERRE",45.1587,1.52857,Plein jour,En agglomération,Hors intersection,Normale,Autre collision,,,,,,,,,,,1,2,1,1.0,6
201200021618,0012-04-03 12:10:00,12,4,3,12,10,190,31,FERRY (BOULEVARD JULES),45.159,1.53588,Plein jour,En agglomération,Hors intersection,Pluie forte,Autre collision,,,,,,,,,,,1,2,1,3.0,6
201200021619,0012-04-04 09:45:00,12,4,4,9,45,190,31,DALTON (RUE GENERAL),45.1591,1.53916,Plein jour,En agglomération,Intersection en T,Normale,Deux véhicules - côté,,,,,,,,,,,1,2,3,1.0,3
201200021620,0012-04-04 17:35:00,12,4,4,17,35,190,31,GERMAIN (BOULEVARD DU CO,45.1574,1.52371,Plein jour,En agglomération,Intersection en X,Normale,Deux véhicules - côté,,,,,,,,,,,1,2,2,1.0,3
201200021621,0012-04-07 09:20:00,12,4,7,9,20,190,31,"3, MOULIN (BOULEVARD JE",45.1631,1.50279,Plein jour,En agglomération,Intersection en T,Pluie légère,Deux véhicules - côté,,,,,,,,,,,1,2,3,2.0,3
201200021622,0012-04-07 18:20:00,12,4,7,18,20,190,31,FOCH (AVENUE MARECHAL),45.1632,1.5375,Plein jour,En agglomération,Intersection en T,Normale,Deux véhicules - côté,,,,,,,,,,,1,2,3,1.0,3
201200021623,0012-04-13 18:50:00,12,4,13,18,50,190,31,FOCH (AVENUE MARECHAL),45.1632,1.5375,Plein jour,En agglomération,Intersection en T,Normale,Deux véhicules - côté,,,,,,,,,,,1,2,3,1.0,3
201200021624,0012-04-19 07:50:00,12,4,19,7,50,190,31,"6, BRAMEFOND (CHEMIN)",45.1488,1.52467,Plein jour,En agglomération,Hors intersection,Pluie légère,Deux véhicules - frontale,,,,,,,,,,,1,2,1,2.0,1
201200021625,0012-04-24 13:55:00,12,4,24,13,55,190,31,MALRAUX (AVENUE ANDRE),45.1646,1.4945,Plein jour,En agglomération,Autre intersection,Pluie légère,Deux véhicules - arrière,,,,,,,,,,,1,2,9,2.0,2
201200021626,0012-04-30 14:15:00,12,4,30,14,15,190,31,VEZERE (ROND POINT DE LA,45.1466,1.48296,Plein jour,En agglomération,Hors intersection,Pluie légère,Deux véhicules - frontale,,,,,,,,,,,1,2,1,2.0,1
201200021627,0012-06-01 16:55:00,12,6,1,16,55,190,31,MOULIN (BOULEVARD JEAN),45.1613,1.50319,Plein jour,En agglomération,Intersection en T,Normale,Deux véhicules - côté,,,,,,,,,,,1,2,3,1.0,3
201200021628,0012-06-05 17:30:00,12,6,5,17,30,190,31,DELMAS (RUE FERNAND),45.1593,1.53055,Plein jour,En agglomération,Intersection en T,Normale,Autre collision,,,,,,,,,,,1,2,3,1.0,6
201200021629,0012-06-07 10:05:00,12,6,7,10,5,190,31,ZOLA (AVENUE EMILE),45.1533,1.51915,Plein jour,En agglomération,Intersection en T,Normale,Deux véhicules - côté,,,,,,,,,,,1,2,3,1.0,3
201200021630,0012-06-13 12:10:00,12,6,13,12,10,190,31,CHAUMEIL (RUE PIERRE),45.1559,1.50212,Plein jour,En agglomération,Hors intersection,Normale,Trois véhicules et plus - en chaîne,,,,,,,,,,,1,2,1,1.0,4
201200021631,0012-06-17 16:20:00,12,6,17,16,20,190,31,"08, CHADOURNE (RUE LOUIS",45.1581,1.52937,Plein jour,En agglomération,Hors intersection,Normale,Autre collision,,,,,,,,,,,1,2,1,1.0,6
201200021632,0012-06-24 00:05:00,12,6,24,0,5,190,31,REBIERES LES (LIEU-DIT),45.1312,1.49325,Nuit sans éclairage public,En agglomération,Hors intersection,Normale,Autre collision,,,,,,,,,,,3,2,1,1.0,6
201200021633,0012-06-25 09:55:00,12,6,25,9,55,190,31,DE JOUVENEL (BOULEVARD H,45.1583,1.52359,Plein jour,En agglomération,Hors intersection,Normale,Deux véhicules - arrière,,,,,,,,,,,1,2,1,1.0,2
201200021634,0012-07-02 18:40:00,12,7,2,18,40,190,31,LIBERTE (PLACE DE LA),45.1553,1.52741,Plein jour,En agglomération,Hors intersection,Normale,Autre collision,,,,,,,,,,,1,2,1,1.0,6
201200021635,0012-07-03 09:55:00,12,7,3,9,55,190,31,BARDON (RUE DOCTEUR),45.1673,1.53129,Plein jour,En agglomération,Intersection en T,Normale,Autre collision,,,,,,,,,,,1,2,3,1.0,6
201200021636,0012-07-05 17:00:00,12,7,5,17,0,190,31,SEMARD (AVENUE PIERRE),45.1549,1.51427,Plein jour,En agglomération,Hors intersection,Normale,Deux véhicules - côté,,,,,,,,,,,1,2,1,1.0,3
201200021637,0012-07-16 23:45:00,12,7,16,23,45,190,31,PARIS (AVENUE DE),45.1639,1.53227,Nuit avec éclairage allumé,En agglomération,Hors intersection,Normale,Autre collision,,,,,,,,,,,5,2,1,1.0,6
201200021638,0012-07-18 07:30:00,12,7,18,7,30,190,31,MALRAUX (AVENUE ANDRE),45.1646,1.49827,Plein jour,En agglomération,Hors intersection,Normale,Deux véhicules - côté,,,,,,,,,,,1,2,1,1.0,3
201200021639,0012-07-26 19:20:00,12,7,26,19,20,190,31,RIVET (AVENUE JEAN CHARL,45.1499,1.49559,Plein jour,En agglomération,Hors intersection,Normale,Deux véhicules - arrière,,,,,,,,,,,1,2,1,1.0,2
201200021640,0012-07-31 16:35:00,12,7,31,16,35,190,31,"36, SEMARD (AVENUE PIERR",45.1565,1.5198,Plein jour,En agglomération,Hors intersection,Normale,Deux véhicules - frontale,,,,,,,,,,,1,2,1,1.0,1
201200021641,0012-08-03 15:50:00,12,8,3,15,50,190,31,"29, ZOLA (AVENUE EMILE)",45.1565,1.52651,Plein jour,En agglomération,Hors intersection,Temps éblouissant,Autre collision,,,,,,,,,,,1,2,1,7.0,6
201200021642,0012-08-08 12:25:00,12,8,8,12,25,190,31,SAULE (AVENUE ANDRE),45.1635,1.54142,Plein jour,En agglomération,Hors intersection,Normale,Deux véhicules - côté,,,,,,,,,,,1,2,1,1.0,3
201200021643,0012-08-11 00:45:00,12,8,11,0,45,190,31,"31, SEMARD (AV PIERRE)",45.1565,1.52042,Nuit avec éclairage allumé,En agglomération,Hors intersection,Normale,Autre collision,,,,,,,,,,,5,2,1,1.0,6
201200021644,0012-08-11 15:50:00,12,8,11,15,50,190,31,PILOU (IMPASSE DU),45.1576,1.56308,Plein jour,En agglomération,Hors intersection,Normale,Autre collision,,,,,,,,,,,1,2,1,1.0,6
201200021645,0012-08-11 16:25:00,12,8,11,16,25,190,31,CHANLAT (LIEU-DIT),45.1407,1.51981,Plein jour,Hors agglomération,Hors intersection,Normale,Deux véhicules - côté,,,,,,,,,,,1,1,1,1.0,3
201200021646,0012-08-17 04:45:00,12,8,17,4,45,190,31,"94, PRINTEMPS (AVENUE DU",45.1705,1.52446,Nuit avec éclairage allumé,En agglomération,Hors intersection,Normale,Autre collision,,,,,,,,,,,5,2,1,1.0,6
201200021647,0012-08-17 20:50:00,12,8,17,20,50,190,31,SEMARD (AVENUE PIERRE),45.1571,1.52259,Plein jour,En agglomération,Hors intersection,Normale,Deux véhicules - côté,,,,,,,,,,,1,2,1,1.0,3
201200021648,0012-08-19 05:10:00,12,8,19,5,10,190,31,DELESSERT (RUE BENJAMIN),45.163,1.54042,Nuit avec éclairage allumé,En agglomération,Intersection en T,Normale,Deux véhicules - côté,,,,,,,,,,,5,2,3,1.0,3
201200021649,0012-09-03 14:00:00,12,9,3,14,0,190,31,KOENIG (BD GENERAL),45.1609,1.53289,Plein jour,En agglomération,Intersection en T,Normale,Autre collision,,,,,,,,,,,1,2,3,1.0,6
201200021650,0012-09-07 11:10:00,12,9,7,11,10,190,31,RIBOT (AVENUE),45.1647,1.50238,Plein jour,En agglomération,Intersection en T,Normale,Deux véhicules - frontale,,,,,,,,,,,1,2,3,1.0,1
201200021651,0012-09-11 16:50:00,12,9,11,16,50,190,31,MOULIN (BOULEVARD JEAN),45.1614,1.5032,Plein jour,En agglomération,Hors intersection,Normale,Deux véhicules - arrière,,,,,,,,,,,1,2,1,1.0,2
201200021652,0012-09-13 18:00:00,12,9,13,18,0,190,31,"31, DUBAYLE (RUE ANTOINE",45.1454,1.49042,Plein jour,En agglomération,Hors intersection,Normale,Deux véhicules - côté,,,,,,,,,,,1,2,1,1.0,3
201200021653,0012-09-14 18:05:00,12,9,14,18,5,190,31,MERMOZ (RUE JEAN),45.1638,1.51555,Plein jour,En agglomération,Intersection en T,Normale,Deux véhicules - côté,,,,,,,,,,,1,2,3,1.0,3
201200021654,0012-09-15 17:05:00,12,9,15,17,5,190,31,MOULIN (BOULEVARD JEAN),45.1613,1.50322,Plein jour,En agglomération,Intersection en T,Normale,Deux véhicules - côté,,,,,,,,,,,1,2,3,1.0,3
201200021655,0012-09-18 18:00:00,12,9,18,18,0,190,31,RIBOT (AVENUE),45.1647,1.50644,Plein jour,En agglomération,Hors intersection,Normale,Sans collision,,,,,,,,,,,1,2,1,1.0,7
201200021656,0012-09-19 13:50:00,12,9,19,13,50,190,31,SEMARD (AVENUE PIERRE) J,45.155,1.51439,Plein jour,En agglomération,Hors intersection,Normale,Deux véhicules - côté,,,,,,,,,,,1,2,1,1.0,3
201200021657,0012-09-19 18:05:00,12,9,19,18,5,190,31,SEMARD (AVENUE PIERRE),45.155,1.51439,Plein jour,En agglomération,Hors intersection,Normale,Autre collision,,,,,,,,,,,1,2,1,1.0,6
201200021658,0012-09-21 10:50:00,12,9,21,10,50,190,31,NUNGESSER (RUE),45.1609,1.52001,Plein jour,En agglomération,Intersection en X,Normale,Deux véhicules - côté,,,,,,,,,,,1,2,2,1.0,3
201200021659,0012-09-21 16:15:00,12,9,21,16,15,190,31,LYAUTEY (BOULEVARD MAREC,45.1568,1.53267,Plein jour,En agglomération,Intersection en T,Normale,Autre collision,,,,,,,,,,,1,2,3,1.0,6
201200021660,0012-09-24 17:20:00,12,9,24,17,20,190,31,MOISSAN (RUE),45.1504,1.53165,Plein jour,En agglomération,Intersection en X,Normale,Autre collision,,,,,,,,,,,1,2,2,1.0,6
201200021661,0012-09-25 18:15:00,12,9,25,18,15,190,31,GERMAIN (BOULEVARD DU CO,45.1566,1.52412,Plein jour,En agglomération,Hors intersection,Normale,Autre collision,,,,,,,,,,,1,2,1,1.0,6
201200021662,0012-09-26 14:25:00,12,9,26,14,25,190,31,LAVOISIER (RUE),45.1522,1.51389,Plein jour,En agglomération,Hors intersection,Pluie légère,Trois véhicules et plus - collisions multiples,,,,,,,,,,,1,2,1,2.0,5
201200021663,0012-09-26 14:30:00,12,9,26,14,30,190,31,DAUTRY (AVENUE RAOUL),45.1577,1.54365,Plein jour,En agglomération,Intersection en T,Pluie légère,Autre collision,,,,,,,,,,,1,2,3,2.0,6
201200021664,0012-09-27 18:25:00,12,9,27,18,25,190,31,BRUNE (BOULEVARD),45.1538,1.53731,Plein jour,En agglomération,Hors intersection,Normale,Trois véhicules et plus - collisions multiples,,,,,,,,,,,1,2,1,1.0,5
201200021665,0012-10-08 07:25:00,12,10,8,7,25,190,31,SEMARD (AVENUE PIERRE) A,45.1571,1.52264,Crépuscule ou aube,En agglomération,Hors intersection,Pluie légère,Autre collision,,,,,,,,,,,2,2,1,2.0,6
201200021666,0012-10-08 07:45:00,12,10,8,7,45,190,31,ZOLA (AVENUE EMILE),45.1547,1.52155,Crépuscule ou aube,En agglomération,Hors intersection,Pluie légère,Autre collision,,,,,,,,,,,2,2,1,2.0,6
201200021667,0012-10-09 10:05:00,12,10,9,10,5,190,31,MARBEAU (BOULEVARD DU DO,45.155,1.52791,Plein jour,En agglomération,Intersection en X,Pluie légère,Deux véhicules - côté,,,,,,,,,,,1,2,2,2.0,3
201200021668,0012-10-09 11:35:00,12,10,9,11,35,190,31,DOUMER (AVENUE PAUL),45.1659,1.51819,Plein jour,En agglomération,Intersection en X,Pluie légère,Deux véhicules - côté,,,,,,,,,,,1,2,2,2.0,3
201200021669,0012-10-09 11:33:00,12,10,9,11,33,190,31,ROUSSEAU (AVENUE JEAN JA,45.1518,1.51761,Plein jour,En agglomération,Hors intersection,Pluie légère,Trois véhicules et plus - en chaîne,,,,,,,,,,,1,2,1,2.0,4
201200021670,0012-10-09 18:45:00,12,10,9,18,45,190,31,DE JOUVENEL (BOULEVARD H,45.1586,1.52354,Plein jour,En agglomération,Hors intersection,Pluie légère,Trois véhicules et plus - en chaîne,,,,,,,,,,,1,2,1,2.0,4
201200021671,0012-10-12 18:40:00,12,10,12,18,40,190,31,RIVET (AVENUE JEAN CHARL,45.1501,1.49635,Plein jour,En agglomération,Hors intersection,Normale,Trois véhicules et plus - en chaîne,,,,,,,,,,,1,2,1,1.0,4
201200021672,0012-10-16 11:45:00,12,10,16,11,45,190,31,FOCH (AVENUE MARECHAL),45.1619,1.53106,Plein jour,En agglomération,Hors intersection,Normale,Autre collision,,,,,,,,,,,1,2,1,1.0,6
201200021673,0012-10-16 15:10:00,12,10,16,15,10,190,31,CARNOT (RUE),45.1591,1.5315,Plein jour,En agglomération,Hors intersection,Pluie forte,Autre collision,,,,,,,,,,,1,2,1,3.0,6
201200021674,0012-10-18 09:55:00,12,10,18,9,55,190,31,"27, BLUM (AVENUE LEON)",45.1521,1.5326,Plein jour,En agglomération,Hors intersection,Normale,Deux véhicules - arrière,,,,,,,,,,,1,2,1,1.0,2
201200021675,0012-10-22 12:55:00,12,10,22,12,55,190,31,SOURIE (RUE ARMAND),45.146,1.47012,Plein jour,En agglomération,Giratoire,Normale,Deux véhicules - côté,,,,,,,,,,,1,2,6,1.0,3
201200021676,0012-10-23 11:00:00,12,10,23,11,0,190,31,TURGOT (AVENUE),45.1648,1.50869,Plein jour,En agglomération,Hors intersection,Normale,Deux véhicules - côté,,,,,,,,,,,1,2,1,1.0,3
201200021677,0012-10-24 16:00:00,12,10,24,16,0,190,31,GEOFFRAY (RUE CESAR),45.1561,1.50672,Plein jour,En agglomération,Intersection en X,Normale,Deux véhicules - côté,,,,,,,,,,,1,2,2,1.0,3
201200021678,0012-10-25 07:55:00,12,10,25,7,55,190,31,BRUNE (BOULEVARD),45.1536,1.53666,Crépuscule ou aube,En agglomération,Intersection en T,Normale,Deux véhicules - côté,,,,,,,,,,,2,2,3,1.0,3
201200021679,0012-10-26 08:15:00,12,10,26,8,15,190,31,THOMAS (RUE LOUIS),45.1574,1.50624,Crépuscule ou aube,En agglomération,Intersection en T,Pluie légère,Deux véhicules - côté,,,,,,,,,,,2,2,3,2.0,3
201200021680,0012-10-27 11:05:00,12,10,27,11,5,190,31,"02, DALTON (RUE GENERAL)",45.1591,1.53852,Plein jour,En agglomération,Hors intersection,Normale,Autre collision,,,,,,,,,,,1,2,1,1.0,6
201200021681,0012-10-28 11:40:00,12,10,28,11,40,190,31,"02, MASSENAT (RUE DU DOC",45.1592,1.53479,Plein jour,En agglomération,Hors intersection,Normale,Autre collision,,,,,,,,,,,1,2,1,1.0,6
201200021682,0012-10-29 12:40:00,12,10,29,12,40,190,31,CARNOT (RUE),45.1591,1.5315,Plein jour,En agglomération,Hors intersection,Normale,Autre collision,,,,,,,,,,,1,2,1,1.0,6
201200021683,0012-10-31 08:45:00,12,10,31,8,45,190,31,"177, KENNEDY (AVENUE JOH",45.1666,1.54379,Plein jour,En agglomération,Hors intersection,Normale,Deux véhicules - arrière,,,,,,,,,,,1,2,1,1.0,2