accident_id,datetime,annee,mois,jour,heure,minute,departement,commune_insee,adresse,latitude,longitude,luminosite,agglomeration,intersection,meteo,collision,nb_vehicules,nb_usagers,nb_indemnes,nb_tues,nb_blesses_hosp,nb_blesses_legers,age_cond_1,age_cond_2,veh_type_cond_1,veh_type_cond_2,lum_code,agg_code,int_code,atm_code,col_code
201200021932,0012-03-20 09:40:00,12,3,20,9,40,220,360,D 700,48.464,-2.77992,Plein jour,Hors agglomération,Hors intersection,Temps couvert,Deux véhicules - arrière,,,,,,,,,,,1,1,1,8.0,2
201200021933,0012-03-21 12:10:00,12,3,21,12,10,220,278,102 RUE DE TREGUEUX,48.49991,-2.75616,Plein jour,En agglomération,Hors intersection,Normale,Autre collision,,,,,,,,,,,1,2,1,1.0,6
201200021934,0012-03-21 20:00:00,12,3,21,20,0,220,215,"36, RUE DE MERLET",48.48966,-2.81649,Nuit sans éclairage public,Hors agglomération,Hors intersection,Normale,Deux véhicules - arrière,,,,,,,,,,,3,1,1,1.0,2
201200021935,0012-03-22 08:15:00,12,3,22,8,15,220,278,2Bd LAENNEC,48.50926,-2.77205,Plein jour,En agglomération,Hors intersection,Temps couvert,Sans collision,,,,,,,,,,,1,2,1,8.0,7
201200021936,0012-03-28 20:25:00,12,3,28,20,25,220,278,MICHELET/Place RESISTANC,48.51354,-2.76205,Crépuscule ou aube,En agglomération,Intersection en Y,Normale,Deux véhicules - côté,,,,,,,,,,,2,2,4,1.0,3
201200021937,0012-03-29 10:30:00,12,3,29,10,30,220,360,RUE DU GUE LAMBERT,48.49347,-2.76312,Plein jour,En agglomération,Giratoire,Normale,Deux véhicules - côté,,,,,,,,,,,1,2,6,1.0,3
201200021938,0012-04-03 14:45:00,12,4,3,14,45,220,278,QUAI ARMEZ,48.52408,-2.74059,Plein jour,En agglomération,Giratoire,Normale,Sans collision,,,,,,,,,,,1,2,6,1.0,7
201200021939,0012-04-04 15:30:00,12,4,4,15,30,220,278,15 RUE ALBERT CAMUS,48.51288,-2.74576,Plein jour,En agglomération,Hors intersection,Normale,Autre collision,,,,,,,,,,,1,2,1,1.0,6
201200021940,0012-04-10 04:45:00,12,4,10,4,45,220,106,RUE DE RENNES,48.49286,-2.7089,Nuit avec éclairage allumé,En agglomération,Giratoire,Normale,Sans collision,,,,,,,,,,,5,2,6,1.0,7
201200021941,0012-04-06 16:10:00,12,4,6,16,10,220,278,Avenue de France,48.5119,-2.74329,Plein jour,En agglomération,Hors intersection,Normale,Deux véhicules - arrière,,,,,,,,,,,1,2,1,1.0,2
201200021942,0012-04-13 11:00:00,12,4,13,11,0,220,278,RUE DE CORNOUAILLES,48.51669,-2.78838,Plein jour,En agglomération,Autre intersection,Normale,Deux véhicules - frontale,,,,,,,,,,,1,2,9,1.0,1
201200021943,0012-04-17 05:50:00,12,4,17,5,50,220,278,Rues RAHUEL/RABELAIS,48.50567,-2.74514,Nuit avec éclairage allumé,En agglomération,Intersection en X,Normale,Deux véhicules - côté,,,,,,,,,,,5,2,2,1.0,3
201200021944,0012-04-18 12:05:00,12,4,18,12,5,220,106,RUE DE SAINT ILAN,48.50695,-2.70227,Plein jour,En agglomération,Hors intersection,Normale,Sans collision,,,,,,,,,,,1,2,1,1.0,7
201200021945,0012-04-18 12:15:00,12,4,18,12,15,220,278,Rd Pt d'Agadez,48.50994,-2.78297,Plein jour,En agglomération,Giratoire,Pluie forte,Deux véhicules - côté,,,,,,,,,,,1,2,6,3.0,3
201200021946,0012-04-20 11:05:00,12,4,20,11,5,220,278,Rd Pt des Gallois,48.49715,-2.74706,Plein jour,En agglomération,Giratoire,Normale,Deux véhicules - arrière,,,,,,,,,,,1,2,6,1.0,2
201200021947,0012-04-24 15:50:00,12,4,24,15,50,220,278,Place de la Cité,48.51403,-2.74043,Plein jour,En agglomération,Hors intersection,Normale,Deux véhicules - côté,,,,,,,,,,,1,2,1,1.0,3
201200021948,0012-04-24 17:15:00,12,4,24,17,15,220,215,Rue des Croix/Tréfois,48.49002,-2.78247,Plein jour,Hors agglomération,Intersection en T,Normale,Deux véhicules - frontale,,,,,,,,,,,1,1,3,1.0,1
201200021949,0012-04-25 12:15:00,12,4,25,12,15,220,215,RUE DU PONT DES ILES,48.51829,-2.81365,Plein jour,Hors agglomération,Hors intersection,Vent fort / tempête,Sans collision,,,,,,,,,,,1,1,1,6.0,7
201200021950,0012-04-25 14:25:00,12,4,25,14,25,220,278,RUE MONGE/DE PARIS,48.50242,-2.73819,Plein jour,En agglomération,Intersection en X,Pluie forte,Deux véhicules - arrière,,,,,,,,,,,1,2,2,3.0,2
201200021951,0012-04-26 09:10:00,12,4,26,9,10,220,360,RUE ATLANTIQUE/Ste MARIE,48.47651,-2.73263,Plein jour,Hors agglomération,Intersection en T,Normale,Deux véhicules - côté,,,,,,,,,,,1,1,3,1.0,3
201200021952,0012-04-27 10:20:00,12,4,27,10,20,220,215,RUE DU PONT DES ILES,48.51812,-2.812,Plein jour,Hors agglomération,Hors intersection,Normale,Sans collision,,,,,,,,,,,1,1,1,1.0,7
201200021953,0012-05-02 09:30:00,12,5,2,9,30,220,106,Rd Pt Côté mer,48.49668,-2.72359,Plein jour,En agglomération,Giratoire,Normale,Sans collision,,,,,,,,,,,1,2,6,1.0,7
201200021954,0012-05-09 18:15:00,12,5,9,18,15,220,106,RN 12,48.4856,-2.71314,Plein jour,Hors agglomération,Hors intersection,Normale,Deux véhicules - arrière,,,,,,,,,,,1,1,1,1.0,2
201200021955,0012-05-12 11:10:00,12,5,12,11,10,220,278,RUE DES LYCEENS MARTYRS,48.51203,-2.76202,Plein jour,En agglomération,Hors intersection,Normale,Sans collision,,,,,,,,,,,1,2,1,1.0,7
201200021956,0012-05-12 14:09:00,12,5,12,14,9,220,215,RUE DU  14 JUILLET 1789,48.5,-2.78257,Plein jour,En agglomération,Intersection en T,Normale,Deux véhicules - arrière,,,,,,,,,,,1,2,3,1.0,2
201200021957,0012-05-12 03:15:00,12,5,12,3,15,220,278,"39, Avenue Corneille",48.51214,-2.74852,Nuit avec éclairage allumé,En agglomération,Hors intersection,Normale,Sans collision,,,,,,,,,,,5,2,1,1.0,7
201200021958,0012-05-18 15:30:00,12,5,18,15,30,220,278,RUE DE TREGUEUX,48.50006,-2.75632,Plein jour,En agglomération,Intersection en T,Normale,Sans collision,,,,,,,,,,,1,2,3,1.0,7
201200021959,0012-05-18 09:30:00,12,5,18,9,30,220,360,"4, RUE EPINE BLANCHE",48.49207,-2.74034,Plein jour,En agglomération,Hors intersection,Normale,Autre collision,,,,,,,,,,,1,2,1,1.0,6
201200021960,0012-05-19 13:55:00,12,5,19,13,55,220,360,RUE L'ATLANTIQUE/QUERE,48.47666,-2.74058,Plein jour,Hors agglomération,Intersection en T,Pluie légère,Deux véhicules - côté,,,,,,,,,,,1,1,3,2.0,3
201200021961,0012-05-22 17:30:00,12,5,22,17,30,220,278,RUE DU 71è RI/VICAIRIE,48.5119,-2.76605,Plein jour,En agglomération,Giratoire,Normale,Deux véhicules - côté,,,,,,,,,,,1,2,6,1.0,3
201200021962,0012-05-23 12:00:00,12,5,23,12,0,220,278,11 ALLEE DES PROMENADES,48.51322,-2.75861,Plein jour,En agglomération,Hors intersection,Normale,Autre collision,,,,,,,,,,,1,2,1,1.0,6
201200021963,0012-05-25 18:55:00,12,5,25,18,55,220,106,RUE DE BREST,48.49832,-2.72342,Plein jour,En agglomération,Giratoire,Normale,Sans collision,,,,,,,,,,,1,2,6,1.0,7
201200021964,0012-05-29 18:15:00,12,5,29,18,15,220,360,RUE DE LA VALLEE,48.48176,-2.69398,Plein jour,Hors agglomération,Hors intersection,Normale,Deux véhicules - arrière,,,,,,,,,,,1,1,1,1.0,2
201200021965,0012-05-31 15:40:00,12,5,31,15,40,220,278,5 RUE DE VENISE,48.51568,-2.74216,Plein jour,En agglomération,Hors intersection,Normale,Autre collision,,,,,,,,,,,1,2,1,1.0,6
201200021966,0012-06-06 17:10:00,12,6,6,17,10,220,106,RUE JULES VERNE,48.49688,-2.73283,Plein jour,En agglomération,Hors intersection,Normale,Deux véhicules - frontale,,,,,,,,,,,1,2,1,1.0,1
201200021967,0012-06-08 10:45:00,12,6,8,10,45,220,278,107 RUE DU LEGUE,48.5229,-2.76092,Plein jour,En agglomération,Hors intersection,Normale,Deux véhicules - arrière,,,,,,,,,,,1,2,1,1.0,2
201200021968,0012-06-08 12:40:00,12,6,8,12,40,220,278,RUE FRANCOIS MENEZ,48.50585,-2.76768,Plein jour,En agglomération,Intersection en T,Normale,Deux véhicules - côté,,,,,,,,,,,1,2,3,1.0,3
201200021969,0012-06-10 15:55:00,12,6,10,15,55,220,278,AVENUE GEORGES POMPIDOU,48.51152,-2.74122,Plein jour,Hors agglomération,Hors intersection,Normale,Sans collision,,,,,,,,,,,1,1,1,1.0,7
201200021970,0012-06-11 19:55:00,12,6,11,19,55,220,106,RUE JULES VERNE,48.49537,-2.72698,Plein jour,En agglomération,Hors intersection,Normale,Deux véhicules - côté,,,,,,,,,,,1,2,1,1.0,3
201200021971,0012-06-12 15:10:00,12,6,12,15,10,220,278,"11,RUE ABBE GARNIER",48.50562,-2.76151,Plein jour,En agglomération,Hors intersection,Normale,Deux véhicules - arrière,,,,,,,,,,,1,2,1,1.0,2
201200021972,0012-06-13 22:20:00,12,6,13,22,20,220,360,RUE FAUVETTES/VILLEBONNE,48.49113,-2.74282,Nuit avec éclairage non allumé,En agglomération,Intersection en X,Pluie légère,Deux véhicules - côté,,,,,,,,,,,4,2,2,2.0,3
201200021973,0012-06-14 16:50:00,12,6,14,16,50,220,278,61Bd de l' ATLANTIQUE,48.51938,-2.79068,Plein jour,En agglomération,Hors intersection,Normale,Deux véhicules - côté,,,,,,,,,,,1,2,1,1.0,3
201200021974,0012-06-21 19:00:00,12,6,21,19,0,220,360,"61, Rue A. MALRAUX",48.49059,-2.73261,Plein jour,En agglomération,Intersection en T,Normale,Sans collision,,,,,,,,,,,1,2,3,1.0,7
201200021975,0012-06-15 16:30:00,12,6,15,16,30,220,278,Bd de la Ville Jouha,48.50448,-2.78391,Plein jour,En agglomération,Hors intersection,Normale,Deux véhicules - arrière,,,,,,,,,,,1,2,1,1.0,2
201200021976,0012-06-20 14:55:00,12,6,20,14,55,220,215,RUE DE MERLET,48.48987,-2.81395,Plein jour,Hors agglomération,Hors intersection,Normale,Deux véhicules - arrière,,,,,,,,,,,1,1,1,1.0,2
201200021977,0012-06-21 16:20:00,12,6,21,16,20,220,278,Bd LAENNEC/CAPUCINS,48.5125,-2.77551,Plein jour,En agglomération,Intersection en X,Normale,Deux véhicules - arrière,,,,,,,,,,,1,2,2,1.0,2
201200021978,0012-06-21 21:00:00,12,6,21,21,0,220,278,RUE J.FERRY/BD CARNOT,48.50635,-2.76594,Plein jour,En agglomération,Intersection en Y,Normale,Autre collision,,,,,,,,,,,1,2,4,1.0,6
201200021979,0012-07-06 22:20:00,12,7,6,22,20,220,215,RUE DU PONT DES ISLES,48.5176,-2.82503,Nuit avec éclairage allumé,Hors agglomération,Hors intersection,Normale,Sans collision,,,,,,,,,,,5,1,1,1.0,7
201200021980,0012-07-11 15:10:00,12,7,11,15,10,220,278,"2, rue H. BECQUEREL",48.5002,-2.75115,Plein jour,En agglomération,Hors intersection,Normale,Deux véhicules - arrière,,,,,,,,,,,1,2,1,1.0,2
201200021981,0012-07-13 16:55:00,12,7,13,16,55,220,360,RUES DE VERDUN/JUIN,48.48782,-2.73147,Plein jour,En agglomération,Giratoire,Pluie légère,Deux véhicules - frontale,,,,,,,,,,,1,2,6,2.0,1
201200021982,0012-07-15 18:40:00,12,7,15,18,40,220,278,80 RUE DE GOUEDIC,48.50786,-2.75193,Plein jour,En agglomération,Intersection en T,Normale,Deux véhicules - côté,,,,,,,,,,,1,2,3,1.0,3
201200021983,0012-07-17 09:15:00,12,7,17,9,15,220,278,RUE THEODULE RIBOT,48.51731,-2.77845,Plein jour,En agglomération,Intersection en X,Normale,Sans collision,,,,,,,,,,,1,2,2,1.0,7
201200021984,0012-07-20 20:15:00,12,7,20,20,15,220,278,Rues CORDERIE/AUVERGNE,48.51555,-2.77362,Crépuscule ou aube,En agglomération,Intersection en X,Normale,Deux véhicules - côté,,,,,,,,,,,2,2,2,1.0,3
201200021985,0012-07-23 17:50:00,12,7,23,17,50,220,278,BD DE L'ATLANTIQUE,48.51938,-2.78806,Plein jour,En agglomération,Hors intersection,Normale,Trois véhicules et plus - en chaîne,,,,,,,,,,,1,2,1,1.0,4
201200021986,0012-07-27 04:40:00,12,7,27,4,40,220,278,RUES M. PROUST/VAU LOUIS,48.49302,-2.74885,Nuit avec éclairage allumé,En agglomération,Intersection en T,Normale,Deux véhicules - côté,,,,,,,,,,,5,2,3,1.0,3
201200021987,0012-07-28 09:45:00,12,7,28,9,45,220,278,RUE DE GOUEDIC,48.50939,-2.75481,Plein jour,En agglomération,Hors intersection,Normale,Deux véhicules - arrière,,,,,,,,,,,1,2,1,1.0,2
201200021988,0012-08-01 17:30:00,12,8,1,17,30,220,360,RUE DES TUILLERIES,48.48743,-2.75196,Plein jour,En agglomération,Hors intersection,Normale,Deux véhicules - arrière,,,,,,,,,,,1,2,1,1.0,2
201200021989,0012-08-10 10:00:00,12,8,10,10,0,220,278,Avenue Georges Pompidou,48.51637,-2.74415,Plein jour,Hors agglomération,Hors intersection,Normale,Trois véhicules et plus - en chaîne,,,,,,,,,,,1,1,1,1.0,4
201200021990,0012-08-10 20:05:00,12,8,10,20,5,220,360,LE PERRAY,48.48292,-2.69454,Plein jour,Hors agglomération,Hors intersection,Normale,Deux véhicules - arrière,,,,,,,,,,,1,1,1,1.0,2
201200021991,0012-08-19 07:45:00,12,8,19,7,45,220,215,1 RUE DU TERTRE JOUAN,48.48565,-2.83504,Plein jour,En agglomération,Hors intersection,Brouillard / fumée,Sans collision,,,,,,,,,,,1,2,1,5.0,7
201200021992,0012-08-22 17:50:00,12,8,22,17,50,220,360,RUE DE SAMBRE ET MEUSE,48.46943,-2.7669,Plein jour,En agglomération,Intersection en T,Normale,Autre collision,,,,,,,,,,,1,2,3,1.0,6
201200021993,0012-09-03 17:55:00,12,9,3,17,55,220,215,RUE DU PONT DES ISLES,48.52393,-2.82498,Plein jour,En agglomération,Hors intersection,Normale,Deux véhicules - arrière,,,,,,,,,,,1,2,1,1.0,2
201200021994,0012-09-06 17:20:00,12,9,6,17,20,220,360,"9, RUE LA VILLE GUEURY",48.48985,-2.75492,Plein jour,En agglomération,Hors intersection,Normale,Autre collision,,,,,,,,,,,1,2,1,1.0,6
201200021995,0012-09-07 21:50:00,12,9,7,21,50,220,278,32 RUE DE L'ONDINE,48.504,-2.77048,Nuit avec éclairage allumé,En agglomération,Hors intersection,Normale,Sans collision,,,,,,,,,,,5,2,1,1.0,7
201200021996,0012-09-07 22:25:00,12,9,7,22,25,220,360,Rue Ville Jouyaux,48.49496,-2.76074,Nuit sans éclairage public,En agglomération,Hors intersection,Normale,Sans collision,,,,,,,,,,,3,2,1,1.0,7
201200021997,0012-09-07 17:15:00,12,9,7,17,15,220,278,KLEBER/ALSACE LORRAINE,48.50858,-2.76111,Plein jour,En agglomération,Intersection en X,Pluie légère,Deux véhicules - côté,,,,,,,,,,,1,2,2,2.0,3
201200021998,0012-09-08 07:40:00,12,9,8,7,40,220,106,RUE DU RIVAGE,48.49866,-2.6984,Nuit sans éclairage public,Hors agglomération,Hors intersection,Normale,Sans collision,,,,,,,,,,,3,1,1,1.0,7
201200021999,0012-09-12 07:40:00,12,9,12,7,40,220,278,Rue du 71ème RI,48.51121,-2.76238,Crépuscule ou aube,En agglomération,Giratoire,Pluie forte,Deux véhicules - côté,,,,,,,,,,,2,2,6,3.0,3
201200022000,0012-09-17 14:55:00,12,9,17,14,55,220,278,Rd Pt Croix Mathias/Sema,48.50871,-2.77165,Plein jour,En agglomération,Giratoire,Normale,Deux véhicules - côté,,,,,,,,,,,1,2,6,1.0,3
201200022001,0012-09-17 18:00:00,12,9,17,18,0,220,360,Rue Moncontour/Armor,48.48316,-2.73136,Plein jour,En agglomération,Intersection en Y,Normale,Deux véhicules - côté,,,,,,,,,,,1,2,4,1.0,3
201200022002,0012-09-22 06:00:00,12,9,22,6,0,220,278,RUE JOSE MARIA DE HEREDI,48.51203,-2.74267,Crépuscule ou aube,En agglomération,Hors intersection,Normale,Sans collision,,,,,,,,,,,2,2,1,1.0,7
201200022003,0012-09-23 10:40:00,12,9,23,10,40,220,278,152Bd de l'Atlantique,48.51804,-2.79974,Plein jour,En agglomération,Hors intersection,Normale,Sans collision,,,,,,,,,,,1,2,1,1.0,7
201200022004,0012-09-24 20:05:00,12,9,24,20,5,220,360,Rd Pt du GUERNEAU,48.47784,-2.76816,Nuit sans éclairage public,Hors agglomération,Giratoire,Normale,Sans collision,,,,,,,,,,,3,1,6,1.0,7
201200022005,0012-09-24 15:55:00,12,9,24,15,55,220,278,RUE DU BERRY,48.51304,-2.79128,Plein jour,En agglomération,Hors intersection,Pluie forte,Sans collision,,,,,,,,,,,1,2,1,3.0,7
201200022006,0012-09-25 11:00:00,12,9,25,11,0,220,278,RUE DES LIGNERIES/VERCEL,48.52426,-2.73252,Plein jour,En agglomération,Intersection en Y,Normale,Sans collision,,,,,,,,,,,1,2,4,1.0,7
201200022007,0012-09-27 07:20:00,12,9,27,7,20,220,278,RUE DU 71èRI/Lyc Martyrs,48.51121,-2.76234,Crépuscule ou aube,En agglomération,Giratoire,Normale,Deux véhicules - côté,,,,,,,,,,,2,2,6,1.0,3
201200022008,0012-09-27 18:10:00,12,9,27,18,10,220,278,58 RUE DE PARIS,48.50343,-2.73975,Plein jour,En agglomération,Hors intersection,Normale,Deux véhicules - côté,,,,,,,,,,,1,2,1,1.0,3
201200022009,0012-10-02 11:50:00,12,10,2,11,50,220,278,2 Place ST THERESE,48.50716,-2.75098,Plein jour,En agglomération,Intersection en T,Normale,Sans collision,,,,,,,,,,,1,2,3,1.0,7
201200022010,0012-10-03 12:55:00,12,10,3,12,55,220,278,Bd W ROUSSEAU/SEVIGNE,48.51242,-2.75536,Plein jour,En agglomération,Giratoire,Pluie légère,Autre collision,,,,,,,,,,,1,2,6,2.0,6
201200022011,0012-10-05 08:15:00,12,10,5,8,15,220,278,RUE DE LA VILLE HELLIO,48.51128,-2.78258,Plein jour,En agglomération,Giratoire,Normale,Deux véhicules - arrière,,,,,,,,,,,1,2,6,1.0,2
201200022012,0012-10-08 05:00:00,12,10,8,5,0,220,360,RUE DES TUILERIES/BUCHON,48.48468,-2.74922,Nuit sans éclairage public,En agglomération,Intersection en T,Pluie légère,Sans collision,,,,,,,,,,,3,2,3,2.0,7
201200022013,0012-10-06 11:15:00,12,10,6,11,15,220,215,Parking LECLERC,48.49898,-2.77832,Plein jour,Hors agglomération,Hors intersection,Pluie légère,Autre collision,,,,,,,,,,,1,1,1,2.0,6
201200022014,0012-10-06 11:30:00,12,10,6,11,30,220,106,RUE J. VERNE/Parking,48.49668,-2.73371,Plein jour,Hors agglomération,Intersection en T,Normale,Deux véhicules - côté,,,,,,,,,,,1,1,3,1.0,3
201200022015,0012-10-08 11:30:00,12,10,8,11,30,220,278,2 RUE DE LA GARE,48.51101,-2.76241,Plein jour,Hors agglomération,Giratoire,Pluie légère,Deux véhicules - côté,,,,,,,,,,,1,1,6,2.0,3
201200022016,0012-10-09 08:30:00,12,10,9,8,30,220,215,RUE DU PONT DES ISLES,48.52554,-2.8223,Plein jour,Hors agglomération,Hors intersection,Pluie légère,Deux véhicules - frontale,,,,,,,,,,,1,1,1,2.0,1
201200022017,0012-10-10 17:55:00,12,10,10,17,55,220,106,RN 12,48.48256,-2.68969,Plein jour,Hors agglomération,Hors intersection,Pluie légère,Sans collision,,,,,,,,,,,1,1,1,2.0,7
201200022018,0012-10-11 16:00:00,12,10,11,16,0,220,278,PARKING BALZAC,48.51404,-2.74792,Plein jour,En agglomération,Hors intersection,Normale,Autre collision,,,,,,,,,,,1,2,1,1.0,6
201200022019,0012-10-13 17:50:00,12,10,13,17,50,220,106,RUE DE LA ROCHE DURAND,48.49719,-2.70899,Plein jour,En agglomération,Hors intersection,Normale,Autre collision,,,,,,,,,,,1,2,1,1.0,6
201200022020,0012-10-13 14:35:00,12,10,13,14,35,220,215,RUES MERLET/VILLEMAIN,48.48958,-2.81692,Plein jour,En agglomération,Intersection en X,Normale,Deux véhicules - côté,,,,,,,,,,,1,2,2,1.0,3
201200022021,0012-10-17 06:15:00,12,10,17,6,15,220,215,RUE GUY DE MAUPASSANT,48.49651,-2.76803,Nuit sans éclairage public,En agglomération,Hors intersection,Pluie légère,Sans collision,,,,,,,,,,,3,2,1,2.0,7
201200022022,0012-10-17 07:45:00,12,10,17,7,45,220,360,RUE DE VERDUN,48.4838,-2.71827,Crépuscule ou aube,En agglomération,Hors intersection,Normale,Sans collision,,,,,,,,,,,2,2,1,1.0,7
201200022023,0012-10-18 17:55:00,12,10,18,17,55,220,278,RUE DE PARIS/D'ALEMBERT,48.50378,-2.74063,Crépuscule ou aube,En agglomération,Giratoire,Pluie forte,Deux véhicules - côté,,,,,,,,,,,2,2,6,3.0,3
201200022024,0012-10-22 14:50:00,12,10,22,14,50,220,278,Rue T CORBIERES/AUVERGNE,48.51556,-2.77361,Plein jour,En agglomération,Intersection en X,Normale,Deux véhicules - côté,,,,,,,,,,,1,2,2,1.0,3
201200022025,0012-10-26 12:40:00,12,10,26,12,40,220,278,Rue M. PROUST/VAU LOUIS,48.49307,-2.74886,Plein jour,En agglomération,Intersection en T,Normale,Deux véhicules - côté,,,,,,,,,,,1,2,3,1.0,3
201200022026,0012-11-02 12:00:00,12,11,2,12,0,220,360,RUE DES VALLEES,48.48175,-2.69325,Plein jour,Hors agglomération,Intersection en T,Normale,Deux véhicules - côté,,,,,,,,,,,1,1,3,1.0,3
201200022027,0012-11-03 17:05:00,12,11,3,17,5,220,215,"28, RUE DES QUARTIERS",48.49613,-2.79362,Plein jour,En agglomération,Hors intersection,Normale,Deux véhicules - arrière,,,,,,,,,,,1,2,1,1.0,2
201200022028,0012-11-05 14:00:00,12,11,5,14,0,220,360,D 700,48.4909,-2.76299,Plein jour,Hors agglomération,Hors intersection,Normale,Trois véhicules et plus - en chaîne,,,,,,,,,,,1,1,1,1.0,4
201200022029,0012-11-06 17:00:00,12,11,6,17,0,220,360,RUE MARC SEGUIN,48.49272,-2.72774,Plein jour,Hors agglomération,Intersection en T,Normale,Deux véhicules - côté,,,,,,,,,,,1,1,3,1.0,3
201200022030,0012-11-06 18:55:00,12,11,6,18,55,220,278,RUE SAINT GUILLAUME,48.51261,-2.75917,Nuit avec éclairage allumé,En agglomération,Hors intersection,Normale,Autre collision,,,,,,,,,,,5,2,1,1.0,6
201200022031,0012-11-09 00:50:00,12,11,9,0,50,220,278,Avenue Georges POMPIDOU,48.52233,-2.74939,Nuit sans éclairage public,Hors agglomération,Hors intersection,Normale,Sans collision,,,,,,,,,,,3,1,1,1.0,7
201200022032,0012-11-09 15:30:00,12,11,9,15,30,220,215,R CLOS SIMON/ANNE HOULIN,48.46558,-2.82646,Plein jour,Hors agglomération,Intersection en T,Normale,Deux véhicules - côté,,,,,,,,,,,1,1,3,1.0,3
201200022033,0012-11-09 17:20:00,12,11,9,17,20,220,278,RUE A FRANK/DU BELLAY,48.50254,-2.74828,Nuit sans éclairage public,En agglomération,Intersection en Y,Normale,Deux véhicules - côté,,,,,,,,,,,3,2,4,1.0,3
201200022034,0012-11-12 08:10:00,12,11,12,8,10,220,278,RUE CORDERIE/CORBIERE,48.51557,-2.77361,Crépuscule ou aube,En agglomération,Intersection à plus de 4 branches,Normale,Deux véhicules - côté,,,,,,,,,,,2,2,5,1.0,3
201200022035,0012-11-13 07:35:00,12,11,13,7,35,220,278,6 RUE BALZAC,48.51417,-2.74777,Crépuscule ou aube,En agglomération,Hors intersection,Normale,Autre collision,,,,,,,,,,,2,2,1,1.0,6
201200022036,0012-11-14 07:50:00,12,11,14,7,50,220,360,Rue M. RAULT/BREHAT,48.48379,-2.74705,Crépuscule ou aube,En agglomération,Intersection en T,Normale,Deux véhicules - côté,,,,,,,,,,,2,2,3,1.0,3
201200022037,0012-11-15 16:45:00,12,11,15,16,45,220,278,Avenue de France,48.50995,-2.73947,Plein jour,En agglomération,Autre intersection,Normale,Deux véhicules - côté,,,,,,,,,,,1,2,9,1.0,3
201200022038,0012-11-18 19:40:00,12,11,18,19,40,220,278,4Bd Laënnec,48.50951,-2.7725,Nuit avec éclairage allumé,En agglomération,Hors intersection,Normale,Sans collision,,,,,,,,,,,5,2,1,1.0,7
201200022039,0012-11-17 14:15:00,12,11,17,14,15,220,360,RN 12,48.48276,-2.69349,Plein jour,Hors agglomération,Hors intersection,Pluie forte,Sans collision,,,,,,,,,,,1,1,1,3.0,7
201200022040,0012-11-17 14:10:00,12,11,17,14,10,220,215,RUE DES QUARTIERS/ROSES,48.49737,-2.79016,Plein jour,En agglomération,Intersection en X,Normale,Deux véhicules - côté,,,,,,,,,,,1,2,2,1.0,3
201200022041,0012-11-17 13:36:00,12,11,17,13,36,220,360,Rd Point de Brezillet,48.49408,-2.76254,Plein jour,En agglomération,Giratoire,Pluie forte,Sans collision,,,,,,,,,,,1,2,6,3.0,7
201200022042,0012-11-21 09:50:00,12,11,21,9,50,220,278,"33 bis, RUE JULES FERRY",48.50498,-2.76697,Plein jour,En agglomération,Hors intersection,Normale,Autre collision,,,,,,,,,,,1,2,1,1.0,6
201200022043,0012-11-21 17:00:00,12,11,21,17,0,220,278,Rue PROSPER MERIMEE,48.49572,-2.75029,Plein jour,En agglomération,Hors intersection,Temps éblouissant,Deux véhicules - arrière,,,,,,,,,,,1,2,1,7.0,2
201200022044,0012-11-22 23:25:00,12,11,22,23,25,220,278,"37, RUE LEON BLUM",48.50413,-2.7563,Nuit avec éclairage non allumé,En agglomération,Hors intersection,Pluie légère,Sans collision,,,,,,,,,,,4,2,1,2.0,7
201200022045,0012-11-24 20:20:00,12,11,24,20,20,220,278,Bd Charner,48.50799,-2.76585,Nuit avec éclairage allumé,En agglomération,Giratoire,Normale,Autre collision,,,,,,,,,,,5,2,6,1.0,6
201200022046,0012-11-28 14:20:00,12,11,28,14,20,220,278,RUE  PALASNE DE CHAMPEAU,48.51211,-2.77659,Plein jour,En agglomération,Intersection en T,Pluie légère,Deux véhicules - côté,,,,,,,,,,,1,2,3,2.0,3
201200022047,0012-11-29 20:00:00,12,11,29,20,0,220,278,RUE CORBION/ROHAN,48.51314,-2.76277,Nuit avec éclairage allumé,En agglomération,Intersection en Y,Pluie légère,Autre collision,,,,,,,,,,,5,2,4,2.0,6
201200022048,0012-11-28 17:45:00,12,11,28,17,45,220,278,RUE DE PARIS/EIFFEL,48.50122,-2.73411,Nuit sans éclairage public,En agglomération,Intersection en T,Autre,Deux véhicules - côté,,,,,,,,,,,3,2,3,9.0,3
201200022049,0012-11-30 10:00:00,12,11,30,10,0,220,278,RUE D'ALEMBERT/PARIS,48.50379,-2.74065,Plein jour,En agglomération,Giratoire,Normale,Deux véhicules - côté,,,,,,,,,,,1,2,6,1.0,3
201200022050,0012-11-30 11:50:00,12,11,30,11,50,220,278,1 RUE DE BEAULIEU,48.51912,-2.78843,Plein jour,En agglomération,Hors intersection,Temps couvert,Autre collision,,,,,,,,,,,1,2,1,8.0,6
201200022051,0012-12-02 18:00:00,12,12,2,18,0,220,360,Bretlle du Perray,48.48256,-2.69283,Nuit sans éclairage public,Hors agglomération,Hors intersection,Pluie légère,Trois véhicules et plus - en chaîne,,,,,,,,,,,3,1,1,2.0,4
201200022052,0012-12-03 19:20:00,12,12,3,19,20,220,278,RUE T. RIBOT/VILLE D'YS,48.51846,-2.78264,Nuit avec éclairage allumé,En agglomération,Intersection en T,Normale,Deux véhicules - côté,,,,,,,,,,,5,2,3,1.0,3
201200022053,0012-12-05 10:30:00,12,12,5,10,30,220,106,RUE DE BREST,48.49855,-2.72441,Plein jour,En agglomération,Hors intersection,Normale,Sans collision,,,,,,,,,,,1,2,1,1.0,7