accident_id,datetime,annee,mois,jour,heure,minute,departement,commune_insee,adresse,latitude,longitude,luminosite,agglomeration,intersection,meteo,collision,nb_vehicules,nb_usagers,nb_indemnes,nb_tues,nb_blesses_hosp,nb_blesses_legers,age_cond_1,age_cond_2,veh_type_cond_1,veh_type_cond_2,lum_code,agg_code,int_code,atm_code,col_code
201200022297,0012-06-29 10:40:00,12,6,29,10,40,250,462,SAINT ETIENNE FAUBOURG,46.90114,6.36029,Plein jour,En agglomération,Hors intersection,Normale,Autre collision,,,,,,,,,,,1,2,1,1.0,6
201200022298,0012-07-04 07:10:00,12,7,4,7,10,250,462,BESANCON (DU 26 AU 72),46.90847,6.34947,Plein jour,En agglomération,Hors intersection,Normale,Deux véhicules - frontale,,,,,,,,,,,1,2,1,1.0,1
201200022299,0012-07-10 09:10:00,12,7,10,9,10,250,462,"sans, ROCADE G.POMPIDOU",46.545,6.2055,Plein jour,En agglomération,Hors intersection,Normale,Deux véhicules - côté,,,,,,,,,,,1,2,1,1.0,3
201200022300,0012-07-29 16:00:00,12,7,29,16,0,250,462,"44, BESANCON (RUE DE)",46.90812,6.34989,Plein jour,En agglomération,Hors intersection,Normale,Deux véhicules - côté,,,,,,,,,,,1,2,1,1.0,3
201200022301,0012-08-08 16:30:00,12,8,8,16,30,250,462,"32, STAND",46.89841,6.34994,Plein jour,En agglomération,Hors intersection,Normale,Autre collision,,,,,,,,,,,1,2,1,1.0,6
201200022302,0012-09-28 12:25:00,12,9,28,12,25,250,462,SALINS DE (DU 16 AU 63),46.90582,6.34983,Plein jour,En agglomération,Intersection en T,Normale,Deux véhicules - côté,,,,,,,,,,,1,2,3,1.0,3
201200022303,0012-10-11 11:05:00,12,10,11,11,5,250,462,"2, GRENIER DOCTEUR",46.90469,6.35237,Plein jour,En agglomération,Place,Normale,Autre collision,,,,,,,,,,,1,2,7,1.0,6
201200022304,0012-10-17 18:05:00,12,10,17,18,5,250,462,"2-4, BERLIOZ (DU 0 AU 24",46.91017,6.35289,Plein jour,En agglomération,Intersection en T,Normale,Deux véhicules - côté,,,,,,,,,,,1,2,3,1.0,3
201200022305,0012-11-15 19:35:00,12,11,15,19,35,250,462,"34, BESANCON (DU 26 AU 7",46.90708,6.35046,Nuit avec éclairage allumé,En agglomération,Hors intersection,Normale,Deux véhicules - arrière,,,,,,,,,,,5,2,1,1.0,2
201200022306,0012-11-19 18:50:00,12,11,19,18,50,250,462,"66, SALINS DE (DU 64 A L",46.9087,6.33888,Nuit avec éclairage allumé,En agglomération,Hors intersection,Normale,Autre collision,,,,,,,,,,,5,2,1,1.0,6
201200022307,0012-12-21 13:30:00,12,12,21,13,30,250,462,"18, ARMEE DE L'EST (AVEN",46.9041,6.35424,Plein jour,En agglomération,Hors intersection,Normale,Deux véhicules - côté,,,,,,,,,,,1,2,1,1.0,3
201200022308,0012-01-16 22:45:00,12,1,16,22,45,260,333,,45.178,4.816,Nuit avec éclairage allumé,Hors agglomération,Hors intersection,Normale,Autre collision,,,,,,,,,,,5,1,1,1.0,6
201200022309,0012-03-12 11:45:00,12,3,12,11,45,260,341,route nationale 7,,,Plein jour,En agglomération,Hors intersection,Normale,Autre collision,,,,,,,,,,,1,2,1,1.0,6
201200022310,0012-09-27 05:00:00,12,9,27,5,0,260,325,,45.284,4.822,Nuit sans éclairage public,Hors agglomération,Hors intersection,Normale,Deux véhicules - frontale,,,,,,,,,,,3,1,1,1.0,1
201200022311,0012-01-18 13:15:00,12,1,18,13,15,840,99,Rue Albert Camus,,,Plein jour,En agglomération,Intersection en Y,Temps éblouissant,Deux véhicules - frontale,,,,,,,,,,,1,2,4,7.0,1
201200022312,0012-04-01 07:30:00,12,4,1,7,30,840,99,,,,Crépuscule ou aube,Hors agglomération,Hors intersection,Normale,Autre collision,,,,,,,,,,,2,1,1,1.0,6
201200022313,0012-05-18 02:45:00,12,5,18,2,45,840,25,,,,Nuit sans éclairage public,Hors agglomération,Hors intersection,Pluie légère,Sans collision,,,,,,,,,,,3,1,1,2.0,7
201200022314,0012-07-08 13:30:00,12,7,8,13,30,840,131,,,,Plein jour,Hors agglomération,Hors intersection,Normale,Deux véhicules - côté,,,,,,,,,,,1,1,1,1.0,3
201200022315,0012-07-17 09:00:00,12,7,17,9,0,840,25,,,,Plein jour,Hors agglomération,Hors intersection,Normale,Deux véhicules - frontale,,,,,,,,,,,1,1,1,1.0,1
201200022316,0012-08-28 00:01:00,12,8,28,0,1,840,62,,,,Nuit sans éclairage public,Hors agglomération,Hors intersection,Normale,Sans collision,,,,,,,,,,,3,1,1,1.0,7
201200022317,0012-09-30 19:30:00,12,9,30,19,30,840,38,avenue de la canebi?re,,,Nuit avec éclairage allumé,En agglomération,Intersection en X,Temps couvert,Deux véhicules - côté,,,,,,,,,,,5,2,2,8.0,3
201200022318,0012-10-15 15:30:00,12,10,15,15,30,840,99,,,,Plein jour,Hors agglomération,Hors intersection,Normale,Deux véhicules - côté,,,,,,,,,,,1,1,1,1.0,3
201200022319,0012-11-04 16:00:00,12,11,4,16,0,840,38,,,,Plein jour,En agglomération,Hors intersection,Pluie légère,Deux véhicules - côté,,,,,,,,,,,1,2,1,2.0,3
201200022320,0012-12-03 20:30:00,12,12,3,20,30,840,38,,,,Nuit sans éclairage public,Hors agglomération,Hors intersection,Normale,Autre collision,,,,,,,,,,,3,1,1,1.0,6
201200022321,0012-01-04 18:30:00,12,1,4,18,30,590,478,Rte de Looweg,50.95656,2.46531,Nuit sans éclairage public,Hors agglomération,Hors intersection,Pluie légère,Deux véhicules - côté,,,,,,,,,,,3,1,1,2.0,3
201200022322,0012-07-22 20:00:00,12,7,22,20,0,590,67,28 rue du port,50.97095,2.42869,Plein jour,En agglomération,Hors intersection,Normale,Autre collision,,,,,,,,,,,1,2,1,1.0,6
201200022323,0012-08-07 18:15:00,12,8,7,18,15,590,641,Rte d' Hondschoote,50.96101,2.47577,Plein jour,Hors agglomération,Giratoire,Normale,Deux véhicules - côté,,,,,,,,,,,1,1,6,1.0,3
201200022324,0012-10-04 05:00:00,12,10,4,5,0,590,16,Rue des Cygnes,51.00044,2.33748,Nuit sans éclairage public,Hors agglomération,Hors intersection,Pluie forte,Sans collision,,,,,,,,,,,3,1,1,3.0,7
201200022325,0012-10-27 11:15:00,12,10,27,11,15,590,82,Rte de Dunkerque,50.99323,2.39614,Plein jour,Hors agglomération,Hors intersection,Neige / grêle,Trois véhicules et plus - en chaîne,,,,,,,,,,,1,1,1,4.0,4
201200022326,0012-11-02 07:15:00,12,11,2,7,15,590,478,Rue de Bergues,50.94892,2.43146,Crépuscule ou aube,Hors agglomération,Hors intersection,Pluie forte,Deux véhicules - frontale,,,,,,,,,,,2,1,1,3.0,1
201200022327,0012-02-16 15:00:00,12,2,16,15,0,620,571,rue auguste biblocq,,,Plein jour,En agglomération,Autre intersection,Normale,Deux véhicules - frontale,,,,,,,,,,,1,2,9,1.0,1
201200022328,0012-05-13 17:15:00,12,5,13,17,15,620,261,671 avenue d' ETAPLES,,,Plein jour,En agglomération,Hors intersection,Normale,Deux véhicules - côté,,,,,,,,,,,1,2,1,1.0,3
201200022329,0012-06-04 20:15:00,12,6,4,20,15,620,752,rue du calvaire,,,Plein jour,En agglomération,Hors intersection,Normale,Autre collision,,,,,,,,,,,1,2,1,1.0,6
201200022330,0012-07-11 17:30:00,12,7,11,17,30,620,261,67 impasse DUHAMEL,,,Plein jour,En agglomération,Hors intersection,Temps couvert,Autre collision,,,,,,,,,,,1,2,1,8.0,6
201200022331,0012-07-25 08:00:00,12,7,25,8,0,620,752,129 chaussee avant pays,,,Plein jour,En agglomération,Hors intersection,Normale,Deux véhicules - frontale,,,,,,,,,,,1,2,1,1.0,1
201200022332,0012-08-08 10:30:00,12,8,8,10,30,620,752,,50.483,1.642,Plein jour,Hors agglomération,Hors intersection,Normale,Deux véhicules - côté,,,,,,,,,,,1,1,1,1.0,3
201200022333,0012-08-22 16:45:00,12,8,22,16,45,620,815,,,,Plein jour,Hors agglomération,Intersection en X,Normale,Deux véhicules - côté,,,,,,,,,,,1,1,2,1.0,3
201200022334,0012-08-17 10:45:00,12,8,17,10,45,620,849,intersection D303 et 143,,,Plein jour,En agglomération,Hors intersection,Normale,Deux véhicules - frontale,,,,,,,,,,,1,2,1,1.0,1
201200022335,0012-09-02 13:30:00,12,9,2,13,30,620,233,,,,Plein jour,Hors agglomération,Hors intersection,Temps couvert,Autre collision,,,,,,,,,,,1,1,1,8.0,6
201200022336,0012-10-11 18:00:00,12,10,11,18,0,620,261,rue des iris,,,Plein jour,En agglomération,Intersection en T,Normale,Deux véhicules - frontale,,,,,,,,,,,1,2,3,1.0,1
201200022337,0012-12-15 17:15:00,12,12,15,17,15,620,571,all?e de la bergerie,,,Nuit avec éclairage non allumé,En agglomération,Hors intersection,Pluie légère,Autre collision,,,,,,,,,,,4,2,1,2.0,6
201200022338,0012-12-26 18:15:00,12,12,26,18,15,620,261,1250 av de la lib?ration,50.4837,1.62397,Nuit avec éclairage allumé,En agglomération,Hors intersection,Pluie forte,Autre collision,,,,,,,,,,,5,2,1,3.0,6
201200022339,0012-03-22 08:00:00,12,3,22,8,0,590,202,803 rue d'Armentières,50.67917,2.85754,Plein jour,En agglomération,Hors intersection,Normale,Autre collision,,,,,,,,,,,1,2,1,1.0,6
201200022340,0012-04-05 20:45:00,12,4,5,20,45,590,653,197 rue du G Koenig,50.55646,2.92265,Crépuscule ou aube,En agglomération,Hors intersection,Normale,Deux véhicules - frontale,,,,,,,,,,,2,2,1,1.0,1
201200022341,0012-10-19 23:00:00,12,10,19,23,0,590,278,r d' Erqu/r de l'Egalité,50.6133,2.95648,Nuit avec éclairage allumé,En agglomération,Hors intersection,Normale,Autre collision,,,,,,,,,,,5,2,1,1.0,6
201200022342,0012-11-22 17:15:00,12,11,22,17,15,590,56,rue de Ligny,50.59948,2.92241,Nuit avec éclairage non allumé,En agglomération,Hors intersection,Vent fort / tempête,Autre collision,,,,,,,,,,,4,2,1,6.0,6
201200022343,0012-11-25 05:45:00,12,11,25,5,45,590,278,Rte Nationale,50.60379,2.94527,Nuit sans éclairage public,Hors agglomération,Hors intersection,Pluie légère,Deux véhicules - arrière,,,,,,,,,,,3,1,1,2.0,2
201200022344,0012-02-26 16:15:00,12,2,26,16,15,740,217,,,,Plein jour,Hors agglomération,Hors intersection,Normale,Deux véhicules - frontale,,,,,,,,,,,1,1,1,1.0,1
201200022345,0012-03-04 05:15:00,12,3,4,5,15,740,112,,,,Nuit avec éclairage non allumé,Hors agglomération,Hors intersection,Normale,Sans collision,,,,,,,,,,,4,1,1,1.0,7
201200022346,0012-03-07 16:30:00,12,3,7,16,30,740,213,,,,Plein jour,Hors agglomération,Hors intersection,Normale,Trois véhicules et plus - collisions multiples,,,,,,,,,,,1,1,1,1.0,5
201200022347,0012-07-13 18:30:00,12,7,13,18,30,740,26,,,,Plein jour,Hors agglomération,Hors intersection,Normale,Deux véhicules - frontale,,,,,,,,,,,1,1,1,1.0,1
201200022348,0012-03-12 13:30:00,12,3,12,13,30,10,33,,46.1026,5.84232,Plein jour,Hors agglomération,Hors intersection,Normale,Deux véhicules - frontale,,,,,,,,,,,1,1,1,1.0,1
201200022349,0012-04-02 11:30:00,12,4,2,11,30,10,33,RUE J. CURIE ET ST-EXUP,46.1183,5.81501,Plein jour,En agglomération,Giratoire,Normale,Autre collision,,,,,,,,,,,1,2,6,1.0,6
201200022350,0012-06-17 17:30:00,12,6,17,17,30,10,33,,46.1011,5.84367,Plein jour,Hors agglomération,Hors intersection,Pluie légère,Deux véhicules - frontale,,,,,,,,,,,1,1,1,2.0,1
201200022351,0012-04-08 12:00:00,12,4,8,12,0,10,33,RUE LAFAYETTE,46.1073,5.82264,Plein jour,En agglomération,Hors intersection,Normale,Deux véhicules - côté,,,,,,,,,,,1,2,1,1.0,3
201200022352,0012-09-12 18:45:00,12,9,12,18,45,10,91,,,,Plein jour,Hors agglomération,Intersection en T,Normale,Deux véhicules - côté,,,,,,,,,,,1,1,3,1.0,3
201200022353,0012-10-06 04:30:00,12,10,6,4,30,10,205,,,,Nuit sans éclairage public,Hors agglomération,Hors intersection,Normale,Autre collision,,,,,,,,,,,3,1,1,1.0,6
201200022354,0012-10-17 06:45:00,12,10,17,6,45,10,91,,,,Nuit avec éclairage allumé,Hors agglomération,Intersection en T,Normale,Deux véhicules - côté,,,,,,,,,,,5,1,3,1.0,3
201200022355,0012-10-23 10:30:00,12,10,23,10,30,10,33,rue Joliot Curie,,,Plein jour,En agglomération,Autre intersection,Normale,Autre collision,,,,,,,,,,,1,2,9,1.0,6
201200022356,0012-06-30 06:15:00,12,6,30,6,15,830,100,,,,Crépuscule ou aube,Hors agglomération,Hors intersection,Normale,Sans collision,,,,,,,,,,,2,1,1,1.0,7
201200022357,0012-12-30 16:45:00,12,12,30,16,45,830,91,,,,Plein jour,Hors agglomération,Hors intersection,Normale,Autre collision,,,,,,,,,,,1,1,1,1.0,6
201200022358,0012-08-12 16:45:00,12,8,12,16,45,540,477,,49.024,5.921,Plein jour,Hors agglomération,Hors intersection,Normale,Trois véhicules et plus - collisions multiples,,,,,,,,,,,1,1,1,1.0,5
201200022359,0012-01-08 07:25:00,12,1,8,7,25,260,198,VALENCE (ROUTE DE),,,Nuit avec éclairage allumé,Hors agglomération,Intersection en X,Normale,Deux véhicules - côté,,,,,,,,,,,5,1,2,1.0,3
201200022360,0012-11-14 13:30:00,12,11,14,13,30,260,198,SAINT PAUL (ROUTE DE),,,Plein jour,En agglomération,Giratoire,Normale,Deux véhicules - côté,,,,,,,,,,,1,2,6,1.0,3
201200022361,0012-01-06 22:50:00,12,1,6,22,50,260,198,"15, KENNEDY(AVENUE JOHN",,,Nuit avec éclairage allumé,En agglomération,Hors intersection,Normale,Deux véhicules - arrière,,,,,,,,,,,5,2,1,1.0,2
201200022362,0012-01-04 17:50:00,12,1,4,17,50,260,198,RUE L. BLUM DOCTEUR JEUN,44.5681,4.7528,Nuit avec éclairage allumé,En agglomération,Hors intersection,Normale,Deux véhicules - arrière,,,,,,,,,,,5,2,1,1.0,2
201200022363,0012-11-24 09:45:00,12,11,24,9,45,260,198,"5, CATALINS (CHEMIN DES",44.5726,4.7621,Plein jour,En agglomération,Hors intersection,Normale,Trois véhicules et plus - en chaîne,,,,,,,,,,,1,2,1,1.0,4
201200022364,0012-02-20 13:40:00,12,2,20,13,40,260,198,ROUTE DE SAUZET,,,Plein jour,Hors agglomération,Hors intersection,Normale,Trois véhicules et plus - collisions multiples,,,,,,,,,,,1,1,1,1.0,5
201200022365,0012-02-23 21:30:00,12,2,23,21,30,260,198,ROCHEMAURE (ROUTE DE),,,Nuit sans éclairage public,Hors agglomération,Hors intersection,Vent fort / tempête,Autre collision,,,,,,,,,,,3,1,1,6.0,6
201200022366,0012-02-26 14:15:00,12,2,26,14,15,260,198,ROUTE DE DIEULEFIT,,,Plein jour,En agglomération,Hors intersection,Normale,Autre collision,,,,,,,,,,,1,2,1,1.0,6
201200022367,0012-03-21 01:50:00,12,3,21,1,50,260,198,"138, SAUZET (ROUTE )",,,Nuit sans éclairage public,En agglomération,Hors intersection,Pluie légère,Deux véhicules - côté,,,,,,,,,,,3,2,1,2.0,3
201200022368,0012-04-07 21:40:00,12,4,7,21,40,260,198,GOURNIER (AVENUE DE),,,Nuit avec éclairage allumé,Hors agglomération,Hors intersection,Temps couvert,Deux véhicules - côté,,,,,,,,,,,5,1,1,8.0,3
201200022369,0012-04-18 20:10:00,12,4,18,20,10,260,198,CHATEAUNEUF (ROUTE DE),,,Plein jour,Hors agglomération,Intersection en T,Normale,Autre collision,,,,,,,,,,,1,1,3,1.0,6
201200022370,0012-04-20 14:00:00,12,4,20,14,0,260,198,TEIL (ROUTE DU),,,Plein jour,En agglomération,Hors intersection,Normale,Autre collision,,,,,,,,,,,1,2,1,1.0,6
201200022371,0012-05-07 19:15:00,12,5,7,19,15,260,198,ESPELUCHE (ROUTE D'),,,Plein jour,En agglomération,Intersection en X,Normale,Trois véhicules et plus - collisions multiples,,,,,,,,,,,1,2,2,1.0,5
201200022372,0012-05-10 15:50:00,12,5,10,15,50,260,198,8 AV STEPHANE MALLARME,44.5537,4.7216,Plein jour,En agglomération,Hors intersection,Normale,Autre collision,,,,,,,,,,,1,2,1,1.0,6
201200022373,0012-05-23 21:14:00,12,5,23,21,14,260,198,MARSEILLE (ROUTE DE ),,,Nuit avec éclairage allumé,En agglomération,Hors intersection,Normale,Deux véhicules - arrière,,,,,,,,,,,5,2,1,1.0,2
201200022374,0012-06-01 21:45:00,12,6,1,21,45,260,198,"32, LAMARTINE ( AVENUE)",44.5544,4.7239,Nuit avec éclairage allumé,En agglomération,Hors intersection,Normale,Deux véhicules - frontale,,,,,,,,,,,5,2,1,1.0,1
201200022375,0012-06-20 17:05:00,12,6,20,17,5,260,8,HOMME D'ARMES (RTE DE L',,,Plein jour,Hors agglomération,Intersection en T,Normale,Deux véhicules - frontale,,,,,,,,,,,1,1,3,1.0,1
201200022376,0012-06-27 10:50:00,12,6,27,10,50,260,198,FORTUNEAU (CHEMIN DE),,,Plein jour,En agglomération,Intersection en X,Normale,Deux véhicules - côté,,,,,,,,,,,1,2,2,1.0,3
201200022377,0012-06-26 18:35:00,12,6,26,18,35,260,198,FONTJARUS ET DU BOIS DE,,,Plein jour,En agglomération,Hors intersection,Normale,Autre collision,,,,,,,,,,,1,2,1,1.0,6
201200022378,0012-07-24 06:40:00,12,7,24,6,40,260,198,DIEULEFIT(ROUTE DE),,,Plein jour,Hors agglomération,Hors intersection,Normale,Deux véhicules - frontale,,,,,,,,,,,1,1,1,1.0,1
201200022379,0012-08-03 13:10:00,12,8,3,13,10,260,198,DIEULEFIT(ROUTE DE),,,Plein jour,En agglomération,Hors intersection,Normale,Deux véhicules - côté,,,,,,,,,,,1,2,1,1.0,3
201200022380,0012-08-04 18:25:00,12,8,4,18,25,260,198,RAVALY ( CHEMIN DE),,,Plein jour,En agglomération,Giratoire,Normale,Deux véhicules - côté,,,,,,,,,,,1,2,6,1.0,3
201200022381,0012-08-11 09:15:00,12,8,11,9,15,260,198,TEIL (AVENUE DU),,,Plein jour,En agglomération,Hors intersection,Normale,Deux véhicules - côté,,,,,,,,,,,1,2,1,1.0,3
201200022382,0012-08-28 10:01:00,12,8,28,10,1,260,198,TEIL (ROUTE DU),,,Plein jour,Hors agglomération,Hors intersection,Normale,Deux véhicules - côté,,,,,,,,,,,1,1,1,1.0,3
201200022383,0012-08-31 19:00:00,12,8,31,19,0,260,198,"8, BLUM (RUE LEON)",,,Plein jour,En agglomération,Hors intersection,Normale,Autre collision,,,,,,,,,,,1,2,1,1.0,6
201200022384,0012-09-13 09:50:00,12,9,13,9,50,260,198,"6, JUIN (AVENUE DU MAREC",,,Plein jour,En agglomération,Hors intersection,Normale,Autre collision,,,,,,,,,,,1,2,1,1.0,6
201200022385,0012-09-22 21:50:00,12,9,22,21,50,260,198,"00, AURIOL ( BD DU PRESI",,,Nuit avec éclairage allumé,En agglomération,Intersection en X,Normale,Deux véhicules - côté,,,,,,,,,,,5,2,2,1.0,3
201200022386,0012-09-25 17:05:00,12,9,25,17,5,260,198,COTY (BOULEVARD DU PRESI,,,Plein jour,Hors agglomération,Hors intersection,Normale,Deux véhicules - côté,,,,,,,,,,,1,1,1,1.0,3
201200022387,0012-09-27 20:00:00,12,9,27,20,0,260,198,SAINT MARTIN (AVENUE),,,Crépuscule ou aube,En agglomération,Hors intersection,Normale,Autre collision,,,,,,,,,,,2,2,1,1.0,6
201200022388,0012-09-29 14:10:00,12,9,29,14,10,260,198,RN 7,,,Plein jour,En agglomération,Hors intersection,Pluie forte,Trois véhicules et plus - en chaîne,,,,,,,,,,,1,2,1,3.0,4
201200022389,0012-10-07 10:20:00,12,10,7,10,20,260,198,"148, MARSEILLE (ROUTE DE",,,Plein jour,En agglomération,Hors intersection,Normale,Autre collision,,,,,,,,,,,1,2,1,1.0,6
201200022390,0012-10-04 09:00:00,12,10,4,9,0,260,198,"4, LOUBET (RUE PAUL)",44.5634,4.7472,Plein jour,En agglomération,Hors intersection,Normale,Autre collision,,,,,,,,,,,1,2,1,1.0,6
201200022391,0012-09-28 10:35:00,12,9,28,10,35,260,198,TEIL (ROUTE DU),,,Plein jour,Hors agglomération,Hors intersection,Normale,Deux véhicules - côté,,,,,,,,,,,1,1,1,1.0,3
201200022392,0012-10-16 20:20:00,12,10,16,20,20,260,198,RN 7,,,Nuit avec éclairage allumé,En agglomération,Hors intersection,Normale,Deux véhicules - côté,,,,,,,,,,,5,2,1,1.0,3
201200022393,0012-10-26 09:05:00,12,10,26,9,5,260,198,"32, ESPOULETTE (AVENUE D",,,Plein jour,En agglomération,Hors intersection,Temps couvert,Autre collision,,,,,,,,,,,1,2,1,8.0,6
201200022394,0012-10-28 20:15:00,12,10,28,20,15,260,198,RN 7,,,Nuit avec éclairage allumé,Hors agglomération,Hors intersection,Vent fort / tempête,Deux véhicules - frontale,,,,,,,,,,,5,1,1,6.0,1
201200022395,0012-10-12 17:55:00,12,10,12,17,55,260,198,RN 7,,,Plein jour,Hors agglomération,Intersection en Y,Normale,Deux véhicules - côté,,,,,,,,,,,1,1,4,1.0,3
201200022396,0012-11-01 11:05:00,12,11,1,11,5,260,198,"70, ROCHEMAURE (AVENUE D",,,Plein jour,En agglomération,Hors intersection,Normale,Deux véhicules - frontale,,,,,,,,,,,1,2,1,1.0,1
201200022397,0012-12-25 19:25:00,12,12,25,19,25,260,198,RN 7,,,Nuit avec éclairage allumé,En agglomération,Hors intersection,Pluie légère,Deux véhicules - frontale,,,,,,,,,,,5,2,1,2.0,1
201200022398,0012-12-22 03:25:00,12,12,22,3,25,260,198,"1, DORMOY (PLACE MAX)",44.5552,4.7498,Nuit avec éclairage allumé,En agglomération,Giratoire,Normale,Sans collision,,,,,,,,,,,5,2,6,1.0,7
201200022399,0012-12-25 11:00:00,12,12,25,11,0,260,198,TEIL (ROUTE DU),,,Plein jour,Hors agglomération,Hors intersection,Normale,Autre collision,,,,,,,,,,,1,1,1,1.0,6
201200022400,0012-01-03 15:55:00,12,1,3,15,55,260,281,RD N?532 (DIRECTION TAIN,,,Plein jour,En agglomération,Hors intersection,Normale,Autre collision,,,,,,,,,,,1,2,1,1.0,6
201200022401,0012-01-09 19:56:00,12,1,9,19,56,260,281,BL. MAX DORMOY,,,Nuit avec éclairage allumé,En agglomération,Intersection en X,Normale,Autre collision,,,,,,,,,,,5,2,2,1.0,6
201200022402,0012-01-11 12:30:00,12,1,11,12,30,260,57,2532  (NATIONALE),,,Plein jour,En agglomération,Hors intersection,Normale,Deux véhicules - arrière,,,,,,,,,,,1,2,1,1.0,2
201200022403,0012-01-18 16:25:00,12,1,18,16,25,260,281,RUE NINON VALLIN,,,Plein jour,En agglomération,Hors intersection,Normale,Autre collision,,,,,,,,,,,1,2,1,1.0,6
201200022404,0012-01-19 07:45:00,12,1,19,7,45,260,57,RD 149,,,Plein jour,En agglomération,Hors intersection,Normale,Deux véhicules - côté,,,,,,,,,,,1,2,1,1.0,3
201200022405,0012-01-20 07:55:00,12,1,20,7,55,260,281,"12, LIBERATION (BOULEVAR",45.0463,5.0466,Crépuscule ou aube,En agglomération,Hors intersection,Pluie légère,Autre collision,,,,,,,,,,,2,2,1,2.0,6
201200022406,0012-01-20 10:55:00,12,1,20,10,55,260,281,BL. MICHEL SERVET,45.0516,5.0516,Plein jour,En agglomération,Intersection en X,Pluie légère,Deux véhicules - côté,,,,,,,,,,,1,2,2,2.0,3
201200022407,0012-01-23 08:54:00,12,1,23,8,54,260,281,DUCHESNE (AVENUE),45.0477,5.0421,Plein jour,En agglomération,Intersection en T,Normale,Deux véhicules - frontale,,,,,,,,,,,1,2,3,1.0,1
201200022408,0012-01-25 18:50:00,12,1,25,18,50,260,57,AV.RENE COTY,,,Plein jour,En agglomération,Intersection en X,Normale,Autre collision,,,,,,,,,,,1,2,2,1.0,6
201200022409,0012-02-10 08:30:00,12,2,10,8,30,260,281,QUAI ULYSSE CHEVALIER,45.0423,5.0497,Plein jour,En agglomération,Intersection en T,Normale,Deux véhicules - frontale,,,,,,,,,,,1,2,3,1.0,1
201200022410,0012-02-13 16:55:00,12,2,13,16,55,260,281,56 AV DU MAQUIS,45.0487,5.075,Plein jour,En agglomération,Place,Pluie légère,Autre collision,,,,,,,,,,,1,2,7,2.0,6
201200022411,0012-03-03 11:30:00,12,3,3,11,30,260,281,BL REGIS GIGNIER,45.048,5.065,Plein jour,En agglomération,Intersection en T,Normale,Deux véhicules - arrière,,,,,,,,,,,1,2,3,1.0,2
201200022412,0012-03-03 19:05:00,12,3,3,19,5,260,281,", PAPIN DENIS (RUE)",,,Crépuscule ou aube,En agglomération,Intersection en X,Normale,Deux véhicules - côté,,,,,,,,,,,2,2,2,1.0,3
201200022413,0012-03-05 16:30:00,12,3,5,16,30,260,281,RD92N,,,Plein jour,En agglomération,Intersection en X,Normale,Deux véhicules - côté,,,,,,,,,,,1,2,2,1.0,3
201200022414,0012-03-07 18:30:00,12,3,7,18,30,260,281,"IGNORE, ALLENDE SALVADOR",,,Crépuscule ou aube,En agglomération,Hors intersection,Normale,Trois véhicules et plus - collisions multiples,,,,,,,,,,,2,2,1,1.0,5
201200022415,0012-03-08 06:55:00,12,3,8,6,55,260,281,LAPASSAT ETIENNE,,,Crépuscule ou aube,En agglomération,Hors intersection,Pluie légère,Deux véhicules - frontale,,,,,,,,,,,2,2,1,2.0,1
201200022416,0012-03-09 16:30:00,12,3,9,16,30,260,281,Boulevard  ROURE REMY,,,Plein jour,En agglomération,Intersection en X,Normale,Deux véhicules - frontale,,,,,,,,,,,1,2,2,1.0,1
201200022417,0012-03-11 16:40:00,12,3,11,16,40,260,281,", ABBAT SIMONE (RUE)",,,Plein jour,En agglomération,Intersection en T,Normale,Deux véhicules - côté,,,,,,,,,,,1,2,3,1.0,3
201200022418,0012-03-27 20:55:00,12,3,27,20,55,260,281,AVENUE ADOLPHE FIGUIET,45.044,5.0627,Nuit avec éclairage allumé,En agglomération,Hors intersection,Normale,Autre collision,,,,,,,,,,,5,2,1,1.0,6
201200022419,0012-03-28 11:25:00,12,3,28,11,25,260,281,"NEANT, SAINTE CLAIRE (QU",,,Plein jour,En agglomération,Intersection en T,Normale,Deux véhicules - arrière,,,,,,,,,,,1,2,3,1.0,2
201200022420,0012-04-02 14:00:00,12,4,2,14,0,260,281,", POMPIDOU GEORGES (AVEN",45.05554,5.0632,Plein jour,En agglomération,Intersection en T,Normale,Deux véhicules - frontale,,,,,,,,,,,1,2,3,1.0,1
201200022421,0012-03-28 14:00:00,12,3,28,14,0,260,281,", POMPIDOU GEORGES (AVEN",45.0555,5.0632,Plein jour,En agglomération,Intersection en T,Normale,Deux véhicules - frontale,,,,,,,,,,,1,2,3,1.0,1
201200022422,0012-04-04 17:00:00,12,4,4,17,0,260,281,"08, ROURE REMY(BOULEVARD",,,Plein jour,En agglomération,Hors intersection,Normale,Deux véhicules - côté,,,,,,,,,,,1,2,1,1.0,3
201200022423,0012-04-05 17:20:00,12,4,5,17,20,260,57,"NEANT, MOUTET MARIUS (AV",,,Plein jour,En agglomération,Intersection en X,Normale,Deux véhicules - côté,,,,,,,,,,,1,2,2,1.0,3
201200022424,0012-04-06 15:50:00,12,4,6,15,50,260,281,RD N?52 (DIRECTION GENIS,,,Plein jour,En agglomération,Hors intersection,Normale,Deux véhicules - arrière,,,,,,,,,,,1,2,1,1.0,2