accident_id,datetime,annee,mois,jour,heure,minute,departement,commune_insee,adresse,latitude,longitude,luminosite,agglomeration,intersection,meteo,collision,nb_vehicules,nb_usagers,nb_indemnes,nb_tues,nb_blesses_hosp,nb_blesses_legers,age_cond_1,age_cond_2,veh_type_cond_1,veh_type_cond_2,lum_code,agg_code,int_code,atm_code,col_code
201200022425,0012-04-17 07:30:00,12,4,17,7,30,260,281,"NEANT, GUILHAUME (RUE)",,,Crépuscule ou aube,En agglomération,Intersection en X,Normale,Deux véhicules - côté,,,,,,,,,,,2,2,2,1.0,3
201200022426,0012-04-24 13:10:00,12,4,24,13,10,260,281,", ARMAND MARCEL (PLACE)",,,Plein jour,En agglomération,Intersection en X,Pluie légère,Deux véhicules - côté,,,,,,,,,,,1,2,2,2.0,3
201200022427,0012-04-25 15:15:00,12,4,25,15,15,260,281,RD N?53 (DIRECTION ST DO,,,Plein jour,En agglomération,Hors intersection,Normale,Autre collision,,,,,,,,,,,1,2,1,1.0,6
201200022428,0012-05-16 12:10:00,12,5,16,12,10,260,281,", DUCHESNE (AVENUE)",,,Plein jour,En agglomération,Intersection en Y,Normale,Deux véhicules - côté,,,,,,,,,,,1,2,4,1.0,3
201200022429,0012-05-17 15:25:00,12,5,17,15,25,260,57,RD 102,,,Plein jour,Hors agglomération,Hors intersection,Normale,Deux véhicules - frontale,,,,,,,,,,,1,1,1,1.0,1
201200022430,0012-05-24 18:25:00,12,5,24,18,25,260,281,"Neant, DAUMIER ( Rue hon",,,Plein jour,En agglomération,Intersection en T,Normale,Autre collision,,,,,,,,,,,1,2,3,1.0,6
201200022431,0012-05-27 00:40:00,12,5,27,0,40,260,57,D2532N,,,Nuit avec éclairage allumé,En agglomération,Hors intersection,Normale,Deux véhicules - frontale,,,,,,,,,,,5,2,1,1.0,1
201200022432,0012-06-06 18:00:00,12,6,6,18,0,260,281,"NEANT, MICHELS CHARLES (",,,Plein jour,En agglomération,Intersection en X,Normale,Deux véhicules - arrière,,,,,,,,,,,1,2,2,1.0,2
201200022433,0012-06-11 19:20:00,12,6,11,19,20,260,281,"IGNORE, 11 NOVEMBRE (AVE",,,Plein jour,En agglomération,Intersection en T,Normale,Deux véhicules - côté,,,,,,,,,,,1,2,3,1.0,3
201200022434,0012-06-14 18:00:00,12,6,14,18,0,260,57,ALPES PROVENCE (BOULEVAR,,,Plein jour,En agglomération,Hors intersection,Normale,Autre collision,,,,,,,,,,,1,2,1,1.0,6
201200022435,0012-06-15 18:40:00,12,6,15,18,40,260,281,"40, JACQUEMART (PLACE)",45.04468,5.0486,Plein jour,En agglomération,Hors intersection,Normale,Autre collision,,,,,,,,,,,1,2,1,1.0,6
201200022436,0012-06-21 15:05:00,12,6,21,15,5,260,281,RD N?532 (DIRECTION TAIN,,,Plein jour,Hors agglomération,Intersection en T,Pluie légère,Deux véhicules - côté,,,,,,,,,,,1,1,3,2.0,3
201200022437,0012-06-23 18:15:00,12,6,23,18,15,260,57,"IGNORE, MARTYRS DE LA LI",,,Plein jour,En agglomération,Intersection en X,Normale,Deux véhicules - côté,,,,,,,,,,,1,2,2,1.0,3
201200022438,0012-07-11 14:35:00,12,7,11,14,35,260,281,RD N?52 (DIRECTION GENIS,,,Plein jour,En agglomération,Giratoire,Normale,Deux véhicules - côté,,,,,,,,,,,1,2,6,1.0,3
201200022439,0012-07-13 08:30:00,12,7,13,8,30,260,281,RD N?538 (DIRECTION MOUR,,,Plein jour,En agglomération,Intersection en X,Normale,Deux véhicules - côté,,,,,,,,,,,1,2,2,1.0,3
201200022440,0012-07-17 17:15:00,12,7,17,17,15,260,281,RN 92,,,Plein jour,En agglomération,Giratoire,Normale,Deux véhicules - arrière,,,,,,,,,,,1,2,6,1.0,2
201200022441,0012-07-18 11:50:00,12,7,18,11,50,260,57,2532  (NATIONALE),,,Plein jour,En agglomération,Intersection en T,Normale,Sans collision,,,,,,,,,,,1,2,3,1.0,7
201200022442,0012-07-24 13:55:00,12,7,24,13,55,260,57,"Neant, VIVARAIS ( ALLEE",,,Plein jour,Hors agglomération,Intersection en X,Normale,Deux véhicules - côté,,,,,,,,,,,1,1,2,1.0,3
201200022443,0012-07-24 18:50:00,12,7,24,18,50,260,57,2532  (NATIONALE),,,Plein jour,En agglomération,Intersection en T,Normale,Deux véhicules - côté,,,,,,,,,,,1,2,3,1.0,3
201200022444,0012-07-25 08:48:00,12,7,25,8,48,260,57,2532  (NATIONALE),,,Plein jour,En agglomération,Hors intersection,Normale,Deux véhicules - arrière,,,,,,,,,,,1,2,1,1.0,2
201200022445,0012-07-25 12:25:00,12,7,25,12,25,260,57,RD 538,,,Plein jour,Hors agglomération,Intersection en X,Normale,Deux véhicules - côté,,,,,,,,,,,1,1,2,1.0,3
201200022446,0012-08-03 17:20:00,12,8,3,17,20,260,281,"IGNORE, MUSSET (RUE ALFR",,,Plein jour,En agglomération,Hors intersection,Normale,Deux véhicules - frontale,,,,,,,,,,,1,2,1,1.0,1
201200022447,0012-08-04 13:50:00,12,8,4,13,50,260,281,"IGNORE, JAURES JEAN (PLA",,,Plein jour,En agglomération,Intersection en T,Normale,Deux véhicules - côté,,,,,,,,,,,1,2,3,1.0,3
201200022448,0012-08-06 11:30:00,12,8,6,11,30,260,57,"78, GRAND'RUE JEAN JAURE",,,Plein jour,En agglomération,Hors intersection,Temps couvert,Autre collision,,,,,,,,,,,1,2,1,8.0,6
201200022449,0012-08-09 18:30:00,12,8,9,18,30,260,281,"ignore, GIGNIER REGIS (B",,,Plein jour,En agglomération,Giratoire,Normale,Deux véhicules - côté,,,,,,,,,,,1,2,6,1.0,3
201200022450,0012-08-13 21:25:00,12,8,13,21,25,260,281,"IGNORE, DESMOULINS CAMIL",,,Nuit avec éclairage allumé,En agglomération,Intersection en T,Normale,Deux véhicules - côté,,,,,,,,,,,5,2,3,1.0,3
201200022451,0012-08-14 09:30:00,12,8,14,9,30,260,281,"ignore, POUCHELON (RUE)",,,Plein jour,En agglomération,Intersection en T,Normale,Deux véhicules - arrière,,,,,,,,,,,1,2,3,1.0,2
201200022452,0012-08-21 00:10:00,12,8,21,0,10,260,57,"IGNORE, VALLON ANTONIN (",,,Nuit avec éclairage allumé,En agglomération,Intersection à plus de 4 branches,Normale,Deux véhicules - côté,,,,,,,,,,,5,2,5,1.0,3
201200022453,0012-08-25 10:45:00,12,8,25,10,45,260,281,RD N?532 (DIRECTION TAIN,,,Plein jour,En agglomération,Hors intersection,Normale,Autre collision,,,,,,,,,,,1,2,1,1.0,6
201200022454,0012-08-28 14:10:00,12,8,28,14,10,260,281,RD N?538 (DIRECTION MOUR,,,Plein jour,En agglomération,Giratoire,Normale,Autre collision,,,,,,,,,,,1,2,6,1.0,6
201200022455,0012-08-31 09:05:00,12,8,31,9,5,260,281,DIRECTION GENIS,45.0483,5.056,Plein jour,En agglomération,Hors intersection,Normale,Deux véhicules - arrière,,,,,,,,,,,1,2,1,1.0,2
201200022456,0012-09-03 15:14:00,12,9,3,15,14,260,57,VALLON ANTONIN (RUE),,,Plein jour,En agglomération,Intersection en T,Normale,Deux véhicules - côté,,,,,,,,,,,1,2,3,1.0,3
201200022457,0012-09-05 17:45:00,12,9,5,17,45,260,281,RD N?538 (DIRECTION MOUR,,,Plein jour,En agglomération,Intersection en X,Normale,Deux véhicules - frontale,,,,,,,,,,,1,2,2,1.0,1
201200022458,0012-09-07 14:50:00,12,9,7,14,50,260,281,RD N?538 (DIRECTION MOUR,,,Plein jour,En agglomération,Intersection en X,Normale,Deux véhicules - côté,,,,,,,,,,,1,2,2,1.0,3
201200022459,0012-09-13 00:50:00,12,9,13,0,50,260,281,"Neant, POUCHELON (RUE)",,,Nuit avec éclairage allumé,En agglomération,Hors intersection,Normale,Sans collision,,,,,,,,,,,5,2,1,1.0,7
201200022460,0012-09-14 09:10:00,12,9,14,9,10,260,281,RD N?52 (DIRECTION GENIS,,,Plein jour,En agglomération,Giratoire,Normale,Deux véhicules - côté,,,,,,,,,,,1,2,6,1.0,3
201200022461,0012-09-14 09:34:00,12,9,14,9,34,260,281,"Ignore, DELAY (RUE)",,,Plein jour,En agglomération,Hors intersection,Normale,Autre collision,,,,,,,,,,,1,2,1,1.0,6
201200022462,0012-09-14 20:10:00,12,9,14,20,10,260,57,2532  (NATIONALE),,,Nuit sans éclairage public,En agglomération,Hors intersection,Normale,Autre collision,,,,,,,,,,,3,2,1,1.0,6
201200022463,0012-09-28 15:55:00,12,9,28,15,55,260,281,RD N?532 (DIRECTION TAIN,,,Plein jour,En agglomération,Giratoire,Normale,Deux véhicules - côté,,,,,,,,,,,1,2,6,1.0,3
201200022464,0012-09-29 17:15:00,12,9,29,17,15,260,281,"00, CHOPIN (QUAI)",,,Plein jour,En agglomération,Intersection en T,Pluie légère,Deux véhicules - côté,,,,,,,,,,,1,2,3,2.0,3
201200022465,0012-10-03 07:54:00,12,10,3,7,54,260,281,RD N?532 (DIRECTION TAIN,,,Plein jour,En agglomération,Hors intersection,Normale,Autre collision,,,,,,,,,,,1,2,1,1.0,6
201200022466,0012-10-10 18:35:00,12,10,10,18,35,260,281,"NEANT, DOLET ETIENNE (RU",,,Plein jour,En agglomération,Autre intersection,Normale,Deux véhicules - côté,,,,,,,,,,,1,2,9,1.0,3
201200022467,0012-10-12 15:50:00,12,10,12,15,50,260,281,"neant, DEPORTATION (AVEN",,,Plein jour,En agglomération,Hors intersection,Normale,Trois véhicules et plus - en chaîne,,,,,,,,,,,1,2,1,1.0,4
201200022468,0012-10-15 08:55:00,12,10,15,8,55,260,57,EYNARD (RUE DU DOCTEUR),,,Plein jour,En agglomération,Hors intersection,Normale,Autre collision,,,,,,,,,,,1,2,1,1.0,6
201200022469,0012-10-15 15:12:00,12,10,15,15,12,260,281,RD N?532 (DIRECTION TAIN,,,Plein jour,En agglomération,Hors intersection,Normale,Autre collision,,,,,,,,,,,1,2,1,1.0,6
201200022470,0012-10-17 12:10:00,12,10,17,12,10,260,281,HERBES PLACE AUX,45.0423,5.0497,Plein jour,En agglomération,Intersection en T,Normale,Deux véhicules - côté,,,,,,,,,,,1,2,3,1.0,3
201200022471,0012-10-17 13:25:00,12,10,17,13,25,260,281,26 av. JEAN MOULIN,45.0515,5.0476,Plein jour,En agglomération,Hors intersection,Normale,Autre collision,,,,,,,,,,,1,2,1,1.0,6
201200022472,0012-10-23 14:50:00,12,10,23,14,50,260,281,CHOPIN (QUAI),45.0421,5.0534,Plein jour,En agglomération,Hors intersection,Normale,Deux véhicules - frontale,,,,,,,,,,,1,2,1,1.0,1
201200022473,0012-11-01 16:15:00,12,11,1,16,15,260,281,"neant, ABBAT SIMONE (RUE",,,Plein jour,En agglomération,Intersection en T,Normale,Deux véhicules - côté,,,,,,,,,,,1,2,3,1.0,3
201200022474,0012-11-03 19:55:00,12,11,3,19,55,260,281,RD N?532 (DIRECTION TAIN,,,Nuit avec éclairage allumé,En agglomération,Intersection en X,Normale,Deux véhicules - côté,,,,,,,,,,,5,2,2,1.0,3
201200022475,0012-11-09 14:50:00,12,11,9,14,50,260,281,"NEANT, REAUMUR RENE (RUE",,,Plein jour,En agglomération,Intersection en X,Normale,Deux véhicules - côté,,,,,,,,,,,1,2,2,1.0,3
201200022476,0012-11-11 17:20:00,12,11,11,17,20,260,281,RUE AMBROISE PARE,45.0484,5.0646,Plein jour,En agglomération,Autre intersection,Normale,Autre collision,,,,,,,,,,,1,2,9,1.0,6
201200022477,0012-11-15 15:30:00,12,11,15,15,30,260,281,RD N?532 (DIRECTION TAIN,,,Plein jour,En agglomération,Giratoire,Normale,Autre collision,,,,,,,,,,,1,2,6,1.0,6
201200022478,0012-11-18 12:09:00,12,11,18,12,9,260,281,"n?ant, RD N?574 (DIRECTI",,,Plein jour,Hors agglomération,Intersection en X,Normale,Deux véhicules - côté,,,,,,,,,,,1,1,2,1.0,3
201200022479,0012-11-20 09:20:00,12,11,20,9,20,260,281,JAURES JEAN (PLACE),,,Plein jour,En agglomération,Giratoire,Normale,Deux véhicules - côté,,,,,,,,,,,1,2,6,1.0,3
201200022480,0012-11-23 08:20:00,12,11,23,8,20,260,281,DORMOY MARX (BOUL,45.0468,5.0552,Plein jour,En agglomération,Intersection en X,Normale,Deux véhicules - côté,,,,,,,,,,,1,2,2,1.0,3
201200022481,0012-11-23 08:35:00,12,11,23,8,35,260,281,MAQUIS (AVENUE DU),45.0474,5.0712,Plein jour,En agglomération,Intersection en T,Normale,Deux véhicules - côté,,,,,,,,,,,1,2,3,1.0,3
201200022482,0012-12-07 15:15:00,12,12,7,15,15,260,281,95 AV.DU MAQUIS,45.0492,5.0761,Plein jour,En agglomération,Hors intersection,Pluie légère,Deux véhicules - arrière,,,,,,,,,,,1,2,1,2.0,2
201200022483,0012-12-10 19:30:00,12,12,10,19,30,260,57,2532  (NATIONALE),,,Nuit avec éclairage allumé,En agglomération,Hors intersection,Normale,Deux véhicules - côté,,,,,,,,,,,5,2,1,1.0,3
201200022484,0012-12-11 17:30:00,12,12,11,17,30,260,281,COURS P.DIDIER RUE JACQU,45.0457,5.0492,Crépuscule ou aube,En agglomération,Intersection en X,Normale,Deux véhicules - arrière,,,,,,,,,,,2,2,2,1.0,2
201200022485,0012-12-15 06:00:00,12,12,15,6,0,260,57,"177, GRAND'RUE JEAN JAUR",45.036,5.0465,Crépuscule ou aube,En agglomération,Intersection en X,Normale,Deux véhicules - côté,,,,,,,,,,,2,2,2,1.0,3
201200022486,0012-12-17 15:25:00,12,12,17,15,25,260,281,RD N123 (DIRECTION CHAT,,,Plein jour,Hors agglomération,Intersection en T,Pluie légère,Deux véhicules - côté,,,,,,,,,,,1,1,3,2.0,3
201200022487,0012-12-18 10:40:00,12,12,18,10,40,260,281,RD 52,,,Plein jour,Hors agglomération,Hors intersection,Normale,Autre collision,,,,,,,,,,,1,1,1,1.0,6
201200022488,0012-12-20 13:40:00,12,12,20,13,40,260,57,MINDELHEIM (AVENUE DE),45.0306,5.0336,Plein jour,En agglomération,Intersection en T,Pluie légère,Deux véhicules - côté,,,,,,,,,,,1,2,3,2.0,3
201200022489,0012-12-26 17:50:00,12,12,26,17,50,260,281,RN 92,,,Crépuscule ou aube,Hors agglomération,Hors intersection,Normale,Trois véhicules et plus - en chaîne,,,,,,,,,,,2,1,1,1.0,4
201200022490,0012-01-03 17:40:00,12,1,3,17,40,260,362,AV CHAMP DE MARS RUE  PI,44.9282,4.8887,Plein jour,En agglomération,Intersection en T,Normale,Deux véhicules - côté,,,,,,,,,,,1,2,3,1.0,3
201200022491,0012-01-05 18:35:00,12,1,5,18,35,260,362,AV. CHAMP DE MARS,44.928,4.8887,Nuit avec éclairage allumé,En agglomération,Hors intersection,Normale,Deux véhicules - côté,,,,,,,,,,,5,2,1,1.0,3
201200022492,0012-01-09 14:00:00,12,1,9,14,0,260,362,AVENUE DE ROMANS,44.9487,4.9258,Plein jour,Hors agglomération,Hors intersection,Normale,Autre collision,,,,,,,,,,,1,1,1,1.0,6
201200022493,0012-01-15 17:25:00,12,1,15,17,25,260,362,"156, JUIN BOULEVARD MARE",44.9128,4.8989,Crépuscule ou aube,En agglomération,Hors intersection,Normale,Deux véhicules - frontale,,,,,,,,,,,2,2,1,1.0,1
201200022494,0012-01-20 18:11:00,12,1,20,18,11,260,362,"60, AVENUE DE CHABEUIL.",44.9314,4.9013,Nuit avec éclairage allumé,En agglomération,Intersection en X,Pluie légère,Deux véhicules - côté,,,,,,,,,,,5,2,2,2.0,3
201200022495,0012-01-21 22:40:00,12,1,21,22,40,260,362,ROMANS ROUTE DE,44.9509,4.9285,Nuit avec éclairage non allumé,Hors agglomération,Hors intersection,Normale,Trois véhicules et plus - en chaîne,,,,,,,,,,,4,1,1,1.0,4
201200022496,0012-01-27 22:00:00,12,1,27,22,0,260,252,AV JEAN JAURES RUE SEMAR,,,Nuit avec éclairage allumé,En agglomération,Intersection en X,Normale,Deux véhicules - côté,,,,,,,,,,,5,2,2,1.0,3
201200022497,0012-01-28 17:45:00,12,1,28,17,45,260,58,"116, LYON ROUTE DE",44.9541,4.8907,Nuit sans éclairage public,En agglomération,Hors intersection,Normale,Sans collision,,,,,,,,,,,3,2,1,1.0,7
201200022498,0012-02-01 18:15:00,12,2,1,18,15,260,362,CHABEUIL AVENUE,44.9274,4.9146,Nuit avec éclairage allumé,En agglomération,Intersection en T,Normale,Deux véhicules - côté,,,,,,,,,,,5,2,3,1.0,3
201200022499,0012-02-16 13:14:00,12,2,16,13,14,260,362,AVENUE DE MARSEILLE,,,Plein jour,Hors agglomération,Hors intersection,Normale,Deux véhicules - arrière,,,,,,,,,,,1,1,1,1.0,2
201200022500,0012-02-19 13:20:00,12,2,19,13,20,260,362,RUES E IUNG  M VILLARD,44.9305,4.8991,Plein jour,En agglomération,Intersection en X,Normale,Deux véhicules - côté,,,,,,,,,,,1,2,2,1.0,3
201200022501,0012-02-25 19:30:00,12,2,25,19,30,260,58,RUES JEAN BART CORSAIR,44.9519,4.88876,Nuit avec éclairage allumé,En agglomération,Intersection en X,Normale,Deux véhicules - côté,,,,,,,,,,,5,2,2,1.0,3
201200022502,0012-02-27 11:30:00,12,2,27,11,30,260,362,VAUBAN BOULEVARD,44.9342,4.8958,Plein jour,En agglomération,Hors intersection,Normale,Sans collision,,,,,,,,,,,1,2,1,1.0,7
201200022503,0012-02-27 13:30:00,12,2,27,13,30,260,362,RN7 LACRA SORTIE CHABEUI,,,Plein jour,Hors agglomération,Hors intersection,Normale,Deux véhicules - arrière,,,,,,,,,,,1,1,1,1.0,2
201200022504,0012-02-29 08:50:00,12,2,29,8,50,260,362,AV CHABEUIL RUE SANGUIER,44.9293,4.9081,Plein jour,En agglomération,Intersection en X,Normale,Autre collision,,,,,,,,,,,1,2,2,1.0,6
201200022505,0012-03-02 15:35:00,12,3,2,15,35,260,362,RUE DENIS PAPIN,44.9292,4.8939,Plein jour,En agglomération,Intersection en X,Normale,Deux véhicules - côté,,,,,,,,,,,1,2,2,1.0,3
201200022506,0012-03-03 13:35:00,12,3,3,13,35,260,362,MOZART RUE WOLFGANG AMAD,,,Plein jour,En agglomération,Intersection en T,Normale,Autre collision,,,,,,,,,,,1,2,3,1.0,6
201200022507,0012-03-06 20:50:00,12,3,6,20,50,260,362,AVENUE VICTOR HUGO,44.9055,4.883,Nuit avec éclairage allumé,En agglomération,Giratoire,Normale,Deux véhicules - côté,,,,,,,,,,,5,2,6,1.0,3
201200022508,0012-03-07 15:15:00,12,3,7,15,15,260,362,AVENUE DE CHABEUIL,44.9254,4.9228,Plein jour,En agglomération,Intersection en X,Normale,Deux véhicules - côté,,,,,,,,,,,1,2,2,1.0,3
201200022509,0012-03-08 16:47:00,12,3,8,16,47,260,362,AV ROMANS sortie park LM,44.9336,4.9032,Plein jour,En agglomération,Hors intersection,Normale,Trois véhicules et plus - collisions multiples,,,,,,,,,,,1,2,1,1.0,5
201200022510,0012-03-09 12:15:00,12,3,9,12,15,260,58,RUE EDITH PIAF,44.9477,4.8956,Plein jour,En agglomération,Intersection en X,Normale,Deux véhicules - côté,,,,,,,,,,,1,2,2,1.0,3
201200022511,0012-03-14 09:15:00,12,3,14,9,15,260,362,Bd JOHN KENNEDY,44.9404,4.9158,Plein jour,En agglomération,Giratoire,Normale,Deux véhicules - côté,,,,,,,,,,,1,2,6,1.0,3
201200022512,0012-03-22 08:20:00,12,3,22,8,20,260,362,L.A.C.R.A. (RN532),,,Plein jour,Hors agglomération,Hors intersection,Normale,Sans collision,,,,,,,,,,,1,1,1,1.0,7
201200022513,0012-03-28 09:30:00,12,3,28,9,30,260,362,RUE  BARTHELEMY LAFFEMAS,44.9165,4.915,Plein jour,En agglomération,Intersection en T,Normale,Deux véhicules - côté,,,,,,,,,,,1,2,3,1.0,3
201200022514,0012-04-02 07:00:00,12,4,2,7,0,260,362,"SANS N, BEAUVALLON ROUTE",,,Plein jour,Hors agglomération,Hors intersection,Normale,Deux véhicules - arrière,,,,,,,,,,,1,1,1,1.0,2
201200022515,0012-04-02 09:30:00,12,4,2,9,30,260,362,HERRIOT AVENUE DU PRESID,44.9355,4.895,Plein jour,En agglomération,Hors intersection,Normale,Autre collision,,,,,,,,,,,1,2,1,1.0,6
201200022516,0012-04-03 09:50:00,12,4,3,9,50,260,362,JUIN BOULEVARD MARECHAL,44.9134,4.8936,Plein jour,En agglomération,Hors intersection,Normale,Deux véhicules - côté,,,,,,,,,,,1,2,1,1.0,3
201200022517,0012-04-04 15:15:00,12,4,4,15,15,260,362,CHURCHILL BOULEVARD WINS,,,Plein jour,En agglomération,Hors intersection,Normale,Deux véhicules - arrière,,,,,,,,,,,1,2,1,1.0,2
201200022518,0012-04-05 08:55:00,12,4,5,8,55,260,362,"sans n, HUGO AVENUE VICT",,,Plein jour,En agglomération,Giratoire,Normale,Trois véhicules et plus - collisions multiples,,,,,,,,,,,1,2,6,1.0,5
201200022519,0012-04-06 17:55:00,12,4,6,17,55,260,362,RUE  SULLY,44.9396,4.9014,Plein jour,En agglomération,Intersection en X,Normale,Deux véhicules - côté,,,,,,,,,,,1,2,2,1.0,3
201200022520,0012-04-07 17:50:00,12,4,7,17,50,260,58,RESISTANCE AVENUE DE LA,,,Plein jour,En agglomération,Intersection en X,Pluie légère,Deux véhicules - côté,,,,,,,,,,,1,2,2,2.0,3
201200022521,0012-04-07 12:30:00,12,4,7,12,30,260,58,L.A.C.R.A RN7 (BLV),,,Plein jour,Hors agglomération,Hors intersection,Normale,Autre collision,,,,,,,,,,,1,1,1,1.0,6
201200022522,0012-04-08 19:30:00,12,4,8,19,30,260,362,"sans n?, SAINT SAENS PLA",,,Plein jour,En agglomération,Hors intersection,Normale,Autre collision,,,,,,,,,,,1,2,1,1.0,6
201200022523,0012-04-19 16:45:00,12,4,19,16,45,260,362,FOCH RUE DU MARECHAL,,,Plein jour,En agglomération,Hors intersection,Normale,Autre collision,,,,,,,,,,,1,2,1,1.0,6
201200022524,0012-04-21 13:45:00,12,4,21,13,45,260,58,"SANS N, RD2007",,,Plein jour,Hors agglomération,Intersection en X,Normale,Deux véhicules - côté,,,,,,,,,,,1,1,2,1.0,3
201200022525,0012-04-21 17:40:00,12,4,21,17,40,260,252,RN7 DEVIATION DE PORTES,,,Plein jour,En agglomération,Intersection en T,Pluie légère,Deux véhicules - côté,,,,,,,,,,,1,2,3,2.0,3
201200022526,0012-04-27 13:10:00,12,4,27,13,10,260,58,"SANS N, CHATEAU DES CHAN",,,Plein jour,En agglomération,Giratoire,Normale,Deux véhicules - côté,,,,,,,,,,,1,2,6,1.0,3
201200022527,0012-05-02 16:50:00,12,5,2,16,50,260,58,RN 2007,,,Plein jour,En agglomération,Hors intersection,Normale,Deux véhicules - côté,,,,,,,,,,,1,2,1,1.0,3
201200022528,0012-05-04 14:35:00,12,5,4,14,35,260,58,L.A.C.R.A RN7 (BLV),,,Plein jour,Hors agglomération,Hors intersection,Normale,Sans collision,,,,,,,,,,,1,1,1,1.0,7
201200022529,0012-05-10 11:45:00,12,5,10,11,45,260,362,SIMONET AVENUE MAURICE R,,,Plein jour,En agglomération,Intersection en X,Normale,Deux véhicules - côté,,,,,,,,,,,1,2,2,1.0,3
201200022530,0012-05-10 07:30:00,12,5,10,7,30,260,362,"sans n, MOURETTES RUE DE",,,Plein jour,En agglomération,Giratoire,Normale,Deux véhicules - côté,,,,,,,,,,,1,2,6,1.0,3
201200022531,0012-05-19 19:55:00,12,5,19,19,55,260,362,ROMANS AVENUE DE (103),,,Plein jour,En agglomération,Intersection en T,Normale,Sans collision,,,,,,,,,,,1,2,3,1.0,7
201200022532,0012-05-31 16:10:00,12,5,31,16,10,260,362,AVENUE DE PROVENCE,,,Plein jour,En agglomération,Intersection en T,Normale,Deux véhicules - côté,,,,,,,,,,,1,2,3,1.0,3
201200022533,0012-06-01 09:00:00,12,6,1,9,0,260,362,HERRIOT AVENUE DU PRESID,,,Plein jour,En agglomération,Hors intersection,Normale,Deux véhicules - côté,,,,,,,,,,,1,2,1,1.0,3
201200022534,0012-06-04 14:40:00,12,6,4,14,40,260,252,RN7 DEVIATION DE PORTES,,,Plein jour,Hors agglomération,Hors intersection,Normale,Trois véhicules et plus - collisions multiples,,,,,,,,,,,1,1,1,1.0,5
201200022535,0012-06-07 10:10:00,12,6,7,10,10,260,252,BROSSOLETTE AVENUE PIERR,,,Plein jour,En agglomération,Hors intersection,Normale,Sans collision,,,,,,,,,,,1,2,1,1.0,7
201200022536,0012-06-08 06:15:00,12,6,8,6,15,260,362,ALPES RUE DES,,,Nuit avec éclairage allumé,En agglomération,Intersection en X,Pluie légère,Deux véhicules - côté,,,,,,,,,,,5,2,2,2.0,3
201200022537,0012-06-16 15:00:00,12,6,16,15,0,260,58,SAINT-BARTHELEMY CHEMIN,,,Plein jour,En agglomération,Hors intersection,Normale,Deux véhicules - côté,,,,,,,,,,,1,2,1,1.0,3
201200022538,0012-06-16 19:20:00,12,6,16,19,20,260,362,"SANS, ROOSEVELT BOULEVAR",,,Plein jour,En agglomération,Intersection en Y,Normale,Deux véhicules - côté,,,,,,,,,,,1,2,4,1.0,3
201200022539,0012-06-17 10:20:00,12,6,17,10,20,260,362,"sans, PROVENCE AVENUE DE",,,Plein jour,En agglomération,Intersection en X,Normale,Deux véhicules - côté,,,,,,,,,,,1,2,2,1.0,3
201200022540,0012-06-19 18:10:00,12,6,19,18,10,260,362,ALIXAN ROUTE D' CD 171,,,Plein jour,Hors agglomération,Intersection en T,Normale,Deux véhicules - arrière,,,,,,,,,,,1,1,3,1.0,2
201200022541,0012-06-23 14:20:00,12,6,23,14,20,260,362,VERDUN AVENUE (204),,,Plein jour,En agglomération,Hors intersection,Normale,Deux véhicules - arrière,,,,,,,,,,,1,2,1,1.0,2
201200022542,0012-06-23 19:55:00,12,6,23,19,55,260,362,"sans, VERDUN AVENUE (204",,,Plein jour,En agglomération,Intersection en T,Normale,Deux véhicules - frontale,,,,,,,,,,,1,2,3,1.0,1
201200022543,0012-06-25 19:00:00,12,6,25,19,0,260,362,FOCH RUE DU MARECHAL,,,Plein jour,En agglomération,Intersection en X,Normale,Deux véhicules - frontale,,,,,,,,,,,1,2,2,1.0,1
201200022544,0012-06-27 19:45:00,12,6,27,19,45,260,362,"SANS, BANCEL BOULEVARD",44.93057,4.89275,Plein jour,En agglomération,Hors intersection,Normale,Autre collision,,,,,,,,,,,1,2,1,1.0,6
201200022545,0012-06-30 17:20:00,12,6,30,17,20,260,362,BECQUEREL RUE HENRI (103,44.9411,4.9187,Plein jour,En agglomération,Hors intersection,Normale,Autre collision,,,,,,,,,,,1,2,1,1.0,6
201200022546,0012-06-30 01:05:00,12,6,30,1,5,260,58,"SANS N, L.A.C.R.A RN7 (B",,,Nuit sans éclairage public,Hors agglomération,Hors intersection,Normale,Sans collision,,,,,,,,,,,3,1,1,1.0,7
201200022547,0012-06-29 18:10:00,12,6,29,18,10,260,362,"sans n, PROVENCE AVENUE",,,Plein jour,En agglomération,Hors intersection,Normale,Deux véhicules - arrière,,,,,,,,,,,1,2,1,1.0,2
201200022548,0012-07-12 18:50:00,12,7,12,18,50,260,362,ROMANS AVENUE DE (301),,,Plein jour,En agglomération,Hors intersection,Normale,Deux véhicules - côté,,,,,,,,,,,1,2,1,1.0,3
201200022549,0012-07-15 21:00:00,12,7,15,21,0,260,58,L.A.C.R.A RN7 (BLV),,,Plein jour,Hors agglomération,Hors intersection,Normale,Sans collision,,,,,,,,,,,1,1,1,1.0,7
201200022550,0012-07-15 19:55:00,12,7,15,19,55,260,362,"162, PROVENCE AVENUE DE",,,Plein jour,En agglomération,Hors intersection,Pluie légère,Deux véhicules - côté,,,,,,,,,,,1,2,1,2.0,3
201200022551,0012-07-18 01:50:00,12,7,18,1,50,260,362,COSTES RUE DIEUDONNE,,,Nuit avec éclairage allumé,En agglomération,Hors intersection,Normale,Sans collision,,,,,,,,,,,5,2,1,1.0,7
201200022552,0012-07-18 16:00:00,12,7,18,16,0,260,362,"sans, CHABEUIL AVENUE DE",,,Plein jour,En agglomération,Intersection en X,Normale,Deux véhicules - côté,,,,,,,,,,,1,2,2,1.0,3
201200022553,0012-07-20 17:00:00,12,7,20,17,0,260,362,L.A.C.R.A  RN 7 (101),,,Plein jour,Hors agglomération,Hors intersection,Normale,Deux véhicules - arrière,,,,,,,,,,,1,1,1,1.0,2