accident_id,datetime,annee,mois,jour,heure,minute,departement,commune_insee,adresse,latitude,longitude,luminosite,agglomeration,intersection,meteo,collision,nb_vehicules,nb_usagers,nb_indemnes,nb_tues,nb_blesses_hosp,nb_blesses_legers,age_cond_1,age_cond_2,veh_type_cond_1,veh_type_cond_2,lum_code,agg_code,int_code,atm_code,col_code
201200022554,0012-07-20 20:15:00,12,7,20,20,15,260,362,"39, FONTLOZIER RUE DE",,,Plein jour,En agglomération,Hors intersection,Normale,Deux véhicules - côté,,,,,,,,,,,1,2,1,1.0,3
201200022555,0012-07-22 08:50:00,12,7,22,8,50,260,252,JAURES RUE JEAN,,,Plein jour,En agglomération,Hors intersection,Normale,Deux véhicules - côté,,,,,,,,,,,1,2,1,1.0,3
201200022556,0012-08-08 18:12:00,12,8,8,18,12,260,362,"SANS, PROVENCE AVENUE DE",,,Plein jour,En agglomération,Intersection en Y,Normale,Deux véhicules - arrière,,,,,,,,,,,1,2,4,1.0,2
201200022557,0012-08-18 12:30:00,12,8,18,12,30,260,58,"SANS N?, ROUTE DE PONT D",,,Plein jour,En agglomération,Hors intersection,Normale,Deux véhicules - arrière,,,,,,,,,,,1,2,1,1.0,2
201200022558,0012-08-21 06:53:00,12,8,21,6,53,260,58,"SANS, TALAVARD ROUTE DE",,,Crépuscule ou aube,En agglomération,Hors intersection,Normale,Sans collision,,,,,,,,,,,2,2,1,1.0,7
201200022559,0012-09-11 16:30:00,12,9,11,16,30,260,57,RN 532 PR 14+463,,,Plein jour,Hors agglomération,Hors intersection,Normale,Autre collision,,,,,,,,,,,1,1,1,1.0,6
201200022560,0012-09-12 12:15:00,12,9,12,12,15,260,58,L.A.C.R.A RN7 (BLV),,,Plein jour,Hors agglomération,Hors intersection,Normale,Deux véhicules - arrière,,,,,,,,,,,1,1,1,1.0,2
201200022561,0012-09-21 21:05:00,12,9,21,21,5,260,58,BART RUE JEAN,44.9474,4.8884,Nuit avec éclairage allumé,En agglomération,Hors intersection,Normale,Deux véhicules - frontale,,,,,,,,,,,5,2,1,1.0,1
201200022562,0012-09-23 11:35:00,12,9,23,11,35,260,362,RUE MOZARD  WOLFGAN,44.9322,4.923,Plein jour,En agglomération,Giratoire,Normale,Autre collision,,,,,,,,,,,1,2,6,1.0,6
201200022563,0012-09-29 17:30:00,12,9,29,17,30,260,362,RUE DES MOURETTES,44.893,4.8808,Plein jour,En agglomération,Intersection en T,Pluie légère,Deux véhicules - arrière,,,,,,,,,,,1,2,3,2.0,2
201200022564,0012-09-27 14:55:00,12,9,27,14,55,260,362,AVENUE DE ROMANS,44.9334,4.9022,Plein jour,En agglomération,Intersection en T,Normale,Deux véhicules - côté,,,,,,,,,,,1,2,3,1.0,3
201200022565,0012-10-02 17:35:00,12,10,2,17,35,260,362,AVENUE DE PROVENCE,,,Plein jour,En agglomération,Hors intersection,Normale,Deux véhicules - côté,,,,,,,,,,,1,2,1,1.0,3
201200022566,0012-10-04 01:23:00,12,10,4,1,23,260,362,RUE DE LA MANUTENTION,44.9355,4.8909,Nuit avec éclairage allumé,En agglomération,Hors intersection,Normale,Sans collision,,,,,,,,,,,5,2,1,1.0,7
201200022567,0012-10-06 03:00:00,12,10,6,3,0,260,362,"8, LIBERATION AV. DE LA",44.9154,4.8904,Nuit avec éclairage allumé,En agglomération,Hors intersection,Normale,Sans collision,,,,,,,,,,,5,2,1,1.0,7
201200022568,0012-10-09 10:20:00,12,10,9,10,20,260,362,BAUMES AVENUE DES,,,Plein jour,En agglomération,Hors intersection,Normale,Autre collision,,,,,,,,,,,1,2,1,1.0,6
201200022569,0012-10-16 10:00:00,12,10,16,10,0,260,362,FAURE AVENUE  FELI,44.9304,4.8945,Plein jour,En agglomération,Hors intersection,Normale,Deux véhicules - côté,,,,,,,,,,,1,2,1,1.0,3
201200022570,0012-10-16 17:10:00,12,10,16,17,10,260,58,LA ROCHE DE GLUN,,,Plein jour,Hors agglomération,Hors intersection,Normale,Autre collision,,,,,,,,,,,1,1,1,1.0,6
201200022571,0012-10-22 13:30:00,12,10,22,13,30,260,58,"37, JAURES AVENUE JEAN",44.9517,4.9,Plein jour,En agglomération,Hors intersection,Pluie légère,Autre collision,,,,,,,,,,,1,2,1,2.0,6
201200022572,0012-10-26 08:40:00,12,10,26,8,40,260,58,,,,Plein jour,Hors agglomération,Hors intersection,Pluie légère,Trois véhicules et plus - en chaîne,,,,,,,,,,,1,1,1,2.0,4
201200022573,0012-10-27 11:15:00,12,10,27,11,15,260,362,"212, FAVENTINES RUE",44.9227,4.906,Plein jour,En agglomération,Hors intersection,Normale,Deux véhicules - côté,,,,,,,,,,,1,2,1,1.0,3
201200022574,0012-10-29 10:50:00,12,10,29,10,50,260,362,AVENUE VERDUN,44.938,4.8988,Plein jour,En agglomération,Hors intersection,Pluie légère,Trois véhicules et plus - en chaîne,,,,,,,,,,,1,2,1,2.0,4
201200022575,0012-10-30 18:00:00,12,10,30,18,0,260,58,BELLE MEUNIERE RUE,44.9502,4.9194,Nuit sans éclairage public,En agglomération,Intersection en X,Normale,Deux véhicules - côté,,,,,,,,,,,3,2,2,1.0,3
201200022576,0012-11-03 18:20:00,12,11,3,18,20,260,362,"SANS, L.A.C.R.A  RN 7 (1",,,Nuit sans éclairage public,Hors agglomération,Hors intersection,Normale,Autre collision,,,,,,,,,,,3,1,1,1.0,6
201200022577,0012-11-05 08:05:00,12,11,5,8,5,260,58,"sans, L.A.C.R.A RN7 (BLV",,,Plein jour,Hors agglomération,Hors intersection,Normale,Sans collision,,,,,,,,,,,1,1,1,1.0,7
201200022578,0012-11-09 23:37:00,12,11,9,23,37,260,58,MOULIN RUE JEAN,,,Nuit avec éclairage allumé,En agglomération,Hors intersection,Pluie légère,Autre collision,,,,,,,,,,,5,2,1,2.0,6
201200022579,0012-11-11 05:35:00,12,11,11,5,35,260,58,"SANS, RD2007",,,Nuit sans éclairage public,En agglomération,Hors intersection,Pluie légère,Deux véhicules - frontale,,,,,,,,,,,3,2,1,2.0,1
201200022580,0012-11-15 08:30:00,12,11,15,8,30,260,362,"386, HUGO AVENUE VICTOR",44.9112,4.8842,Plein jour,Hors agglomération,Hors intersection,Normale,Deux véhicules - côté,,,,,,,,,,,1,1,1,1.0,3
201200022581,0012-11-15 18:30:00,12,11,15,18,30,260,362,"SANS, ALIXAN ROUTE D' CD",,,Nuit sans éclairage public,Hors agglomération,Intersection en T,Normale,Autre collision,,,,,,,,,,,3,1,3,1.0,6
201200022582,0012-11-17 19:10:00,12,11,17,19,10,260,362,"SANS, FAURE AVENUE MAURI",,,Nuit avec éclairage allumé,En agglomération,Intersection en T,Pluie légère,Autre collision,,,,,,,,,,,5,2,3,2.0,6
201200022583,0012-11-18 16:00:00,12,11,18,16,0,260,362,ALPES RUE DES,,,Plein jour,En agglomération,Intersection en X,Normale,Deux véhicules - côté,,,,,,,,,,,1,2,2,1.0,3
201200022584,0012-11-20 18:30:00,12,11,20,18,30,260,58,"SANS, LONG MONTEE DU",,,Nuit avec éclairage allumé,Hors agglomération,Hors intersection,Normale,Trois véhicules et plus - en chaîne,,,,,,,,,,,5,1,1,1.0,4
201200022585,0012-11-23 07:25:00,12,11,23,7,25,260,362,"SANS, SULLY RUE (202)",,,Nuit avec éclairage non allumé,En agglomération,Intersection en X,Normale,Deux véhicules - côté,,,,,,,,,,,4,2,2,1.0,3
201200022586,0012-11-30 06:30:00,12,11,30,6,30,260,362,"44, ABEL RUE DU DOCTEUR",,,Nuit avec éclairage allumé,En agglomération,Intersection en T,Normale,Deux véhicules - côté,,,,,,,,,,,5,2,3,1.0,3
201200022587,0012-11-30 20:05:00,12,11,30,20,5,260,362,CHURCHILL BOULEVAR,44.9301,4.918,Nuit avec éclairage allumé,En agglomération,Hors intersection,Normale,Trois véhicules et plus - en chaîne,,,,,,,,,,,5,2,1,1.0,4
201200022588,0012-11-29 15:15:00,12,11,29,15,15,260,362,ROUTE DE ROMANS,,,Plein jour,Hors agglomération,Hors intersection,Normale,Trois véhicules et plus - en chaîne,,,,,,,,,,,1,1,1,1.0,4
201200022589,0012-11-30 17:55:00,12,11,30,17,55,260,362,"SANS, ASTI  RUE D'",,,Nuit avec éclairage allumé,En agglomération,Hors intersection,Normale,Deux véhicules - frontale,,,,,,,,,,,5,2,1,1.0,1
201200022590,0012-12-08 17:45:00,12,12,8,17,45,260,362,"SANS, SAINT JACQUES FAUB",44.9323,4.8965,Nuit avec éclairage allumé,En agglomération,Intersection en T,Normale,Autre collision,,,,,,,,,,,5,2,3,1.0,6
201200022591,0012-12-11 08:15:00,12,12,11,8,15,260,58,PASSAGE DU COL VERT,44.9484,4.884,Plein jour,En agglomération,Intersection en T,Normale,Autre collision,,,,,,,,,,,1,2,3,1.0,6
201200022592,0012-12-17 07:40:00,12,12,17,7,40,260,362,RUE QUATRE SEPTEMBRE,44.9264,4.9055,Crépuscule ou aube,En agglomération,Intersection en X,Pluie légère,Autre collision,,,,,,,,,,,2,2,2,2.0,6
201200022593,0012-12-21 17:25:00,12,12,21,17,25,260,58,BENOIT AVENUE PIER,44.9554,4.9006,Nuit avec éclairage allumé,En agglomération,Giratoire,Normale,Deux véhicules - côté,,,,,,,,,,,5,2,6,1.0,3
201200022594,0012-12-12 07:40:00,12,12,12,7,40,260,362,RUE JULES MASSEMET,44.9317,4.9081,Nuit avec éclairage non allumé,En agglomération,Intersection en T,Normale,Autre collision,,,,,,,,,,,4,2,3,1.0,6
201200022595,0012-02-21 18:30:00,12,2,21,18,30,840,39,,,,Crépuscule ou aube,Hors agglomération,Hors intersection,Normale,Autre collision,,,,,,,,,,,2,1,1,1.0,6
201200022596,0012-02-27 16:00:00,12,2,27,16,0,840,27,,44.115,4.708,Nuit sans éclairage public,Hors agglomération,Hors intersection,Normale,Sans collision,,,,,,,,,,,3,1,1,1.0,7
201200022597,0012-03-24 18:30:00,12,3,24,18,30,840,39,,44.092,4.924,Crépuscule ou aube,Hors agglomération,Hors intersection,Normale,Deux véhicules - côté,,,,,,,,,,,2,1,1,1.0,3
201200022598,0012-06-18 13:30:00,12,6,18,13,30,840,56,,44.142,4.934,Plein jour,Hors agglomération,Hors intersection,Normale,Deux véhicules - côté,,,,,,,,,,,1,1,1,1.0,3
201200022599,0012-07-01 22:00:00,12,7,1,22,0,840,27,,,,Nuit sans éclairage public,Hors agglomération,Hors intersection,Pluie légère,Sans collision,,,,,,,,,,,3,1,1,2.0,7
201200022600,0012-08-23 19:15:00,12,8,23,19,15,840,37,,,,Plein jour,Hors agglomération,Hors intersection,Normale,Autre collision,,,,,,,,,,,1,1,1,1.0,6
201200022601,0012-09-06 19:45:00,12,9,6,19,45,840,27,,,,Plein jour,Hors agglomération,Hors intersection,Normale,Deux véhicules - côté,,,,,,,,,,,1,1,1,1.0,3
201200022602,0012-09-24 09:30:00,12,9,24,9,30,840,39,,,,Plein jour,Hors agglomération,Hors intersection,Pluie forte,Trois véhicules et plus - collisions multiples,,,,,,,,,,,1,1,1,3.0,5
201200022603,0012-12-04 08:15:00,12,12,4,8,15,840,39,,44.106,4.891,Plein jour,Hors agglomération,Hors intersection,Normale,Autre collision,,,,,,,,,,,1,1,1,1.0,6
201200022604,0012-12-13 08:30:00,12,12,13,8,30,840,39,,,,Plein jour,Hors agglomération,Hors intersection,Pluie légère,Deux véhicules - côté,,,,,,,,,,,1,1,1,2.0,3
201200022605,0012-10-06 09:30:00,12,10,6,9,30,60,6,,,,Plein jour,Hors agglomération,Hors intersection,Normale,Deux véhicules - frontale,,,,,,,,,,,1,1,1,1.0,1
201200022606,0012-11-30 20:30:00,12,11,30,20,30,60,33,,,,Nuit sans éclairage public,Hors agglomération,Hors intersection,Normale,Deux véhicules - frontale,,,,,,,,,,,3,1,1,1.0,1
201200022607,0012-03-13 20:45:00,12,3,13,20,45,380,239,RD 1085,45.3258,5.5858,Nuit sans éclairage public,En agglomération,Intersection en T,Normale,Deux véhicules - côté,,,,,,,,,,,3,2,3,1.0,3
201200022608,0012-04-03 18:45:00,12,4,3,18,45,380,105,"612 ROUTE DU BOURG,",45.419,5.556,Plein jour,En agglomération,Hors intersection,Temps couvert,Deux véhicules - frontale,,,,,,,,,,,1,2,1,8.0,1
201200022609,0012-06-22 11:45:00,12,6,22,11,45,380,383,Rue des Tilleuls,45.383,5.649,Plein jour,En agglomération,Hors intersection,Normale,Deux véhicules - frontale,,,,,,,,,,,1,2,1,1.0,1
201200022610,0012-09-13 04:00:00,12,9,13,4,0,380,239,42 RTE DE GRENOBLE,45.3259,5.58469,Nuit avec éclairage allumé,En agglomération,Hors intersection,Normale,Autre collision,,,,,,,,,,,5,2,1,1.0,6
201200022611,0012-11-03 15:15:00,12,11,3,15,15,380,337,,45.355,5.515,Plein jour,Hors agglomération,Hors intersection,Normale,Deux véhicules - frontale,,,,,,,,,,,1,1,1,1.0,1
201200022612,0012-01-16 13:15:00,12,1,16,13,15,620,506,,50.805,1.931,Plein jour,Hors agglomération,Hors intersection,Temps éblouissant,Autre collision,,,,,,,,,,,1,1,1,7.0,6
201200022613,0012-02-23 17:15:00,12,2,23,17,15,620,408,17 rue de la verrerie,,,Nuit sans éclairage public,En agglomération,Hors intersection,Pluie légère,Deux véhicules - arrière,,,,,,,,,,,3,2,1,2.0,2
201200022614,0012-03-19 16:00:00,12,3,19,16,0,620,307,route de la haute escall,,,Plein jour,En agglomération,Hors intersection,Normale,Autre collision,,,,,,,,,,,1,2,1,1.0,6
201200022615,0012-05-13 21:30:00,12,5,13,21,30,580,77,,,,Nuit sans éclairage public,Hors agglomération,Hors intersection,Normale,Sans collision,,,,,,,,,,,3,1,1,1.0,7
201200022616,0012-05-17 11:00:00,12,5,17,11,0,580,270,,47.491,2.995,Plein jour,Hors agglomération,Hors intersection,Normale,Deux véhicules - frontale,,,,,,,,,,,1,1,1,1.0,1
201200022617,0012-09-15 21:00:00,12,9,15,21,0,580,213,11 rue de Donzy,,,Nuit avec éclairage allumé,En agglomération,Hors intersection,Normale,Autre collision,,,,,,,,,,,5,2,1,1.0,6
201200022618,0012-03-02 10:00:00,12,3,2,10,0,410,288,,47.6668,1.38948,Plein jour,Hors agglomération,Hors intersection,Pluie légère,Deux véhicules - arrière,,,,,,,,,,,1,1,1,2.0,2
201200022619,0012-03-04 06:00:00,12,3,4,6,0,410,114,,47.758,1.55236,Nuit sans éclairage public,Hors agglomération,Hors intersection,Brouillard / fumée,Trois véhicules et plus - collisions multiples,,,,,,,,,,,3,1,1,5.0,5
201200022620,0012-05-28 07:15:00,12,5,28,7,15,410,136,,47.7201,1.48819,Plein jour,Hors agglomération,Hors intersection,Normale,Sans collision,,,,,,,,,,,1,1,1,1.0,7
201200022621,0012-07-06 21:45:00,12,7,6,21,45,410,101,,47.6169,1.17603,Plein jour,Hors agglomération,Hors intersection,Normale,Deux véhicules - arrière,,,,,,,,,,,1,1,1,1.0,2
201200022622,0012-08-17 08:15:00,12,8,17,8,15,410,136,,47.7143,1.4752,Plein jour,Hors agglomération,Hors intersection,Temps éblouissant,Sans collision,,,,,,,,,,,1,1,1,7.0,7
201200022623,0012-08-21 01:15:00,12,8,21,1,15,410,93,,47.6028,1.11268,Nuit sans éclairage public,Hors agglomération,Hors intersection,Normale,Deux véhicules - arrière,,,,,,,,,,,3,1,1,1.0,2
201200022624,0012-08-22 09:30:00,12,8,22,9,30,410,114,,47.7573,1.55145,Plein jour,Hors agglomération,Hors intersection,Normale,Deux véhicules - arrière,,,,,,,,,,,1,1,1,1.0,2
201200022625,0012-12-28 07:00:00,12,12,28,7,0,410,136,,47.7345,1.51444,Nuit sans éclairage public,Hors agglomération,Hors intersection,Pluie légère,Autre collision,,,,,,,,,,,3,1,1,2.0,6
201200022626,0012-01-02 17:55:00,12,1,2,17,55,270,229,FAUVILLE (RUE DE),49.0296,1.18976,Nuit sans éclairage public,Hors agglomération,Intersection en T,Normale,Trois véhicules et plus - collisions multiples,,,,,,,,,,,3,1,3,1.0,5
201200022627,0012-01-04 20:00:00,12,1,4,20,0,270,229,"50,RTE ST ANDRE MARNIERE",49.0139,1.16372,Nuit avec éclairage allumé,En agglomération,Autre intersection,Normale,Deux véhicules - côté,,,,,,,,,,,5,2,9,1.0,3
201200022628,0012-01-06 08:25:00,12,1,6,8,25,270,229,"58,BD PASTEUR MARCEL PAU",49.029,1.16081,Plein jour,En agglomération,Intersection en T,Temps couvert,Autre collision,,,,,,,,,,,1,2,3,8.0,6
201200022629,0012-01-06 14:15:00,12,1,6,14,15,270,229,"13, RUE COLBERT FEU VERT",49.0123,1.17087,Plein jour,En agglomération,Hors intersection,Normale,Trois véhicules et plus - en chaîne,,,,,,,,,,,1,2,1,1.0,4
201200022630,0012-01-06 18:20:00,12,1,6,18,20,270,229,"87, AV ARIST BRIAND EGLI",49.0184,1.12566,Nuit avec éclairage allumé,En agglomération,Hors intersection,Normale,Deux véhicules - côté,,,,,,,,,,,5,2,1,1.0,3
201200022631,0012-01-16 16:35:00,12,1,16,16,35,270,229,57 HARDENCOURT 75 DUGUES,49.0218,1.17054,Plein jour,En agglomération,Intersection en X,Normale,Deux véhicules - côté,,,,,,,,,,,1,2,2,1.0,3
201200022632,0012-01-19 18:45:00,12,1,19,18,45,270,229,"17,BD CHAUVIN R ROCHETTE",49.0267,1.14164,Nuit avec éclairage allumé,En agglomération,Hors intersection,Pluie légère,Autre collision,,,,,,,,,,,5,2,1,2.0,6
201200022633,0012-01-26 18:00:00,12,1,26,18,0,270,229,"27, DUGUAY TROUIN (RUE)",49.0257,1.1736,Nuit avec éclairage allumé,En agglomération,Hors intersection,Normale,Autre collision,,,,,,,,,,,5,2,1,1.0,6
201200022634,0012-02-14 08:55:00,12,2,14,8,55,270,229,100 B AV FOCH FEUX BOULA,49.0241,1.12553,Plein jour,En agglomération,Intersection en X,Normale,Deux véhicules - arrière,,,,,,,,,,,1,2,2,1.0,2
201200022635,0012-02-17 08:10:00,12,2,17,8,10,270,229,"44, LEPOUZE (RUE)",49.0324,1.1568,Plein jour,En agglomération,Autre intersection,Normale,Deux véhicules - côté,,,,,,,,,,,1,2,9,1.0,3
201200022636,0012-03-27 13:38:00,12,3,27,13,38,270,229,"122, COLBERT (RUE)",49.0124,1.17009,Plein jour,En agglomération,Hors intersection,Normale,Sans collision,,,,,,,,,,,1,2,1,1.0,7
201200022637,0012-04-22 16:55:00,12,4,22,16,55,270,229,"10, QUINCONCES HARROUARD",49.0189,1.12008,Plein jour,En agglomération,Intersection en T,Normale,Deux véhicules - côté,,,,,,,,,,,1,2,3,1.0,3
201200022638,0012-05-04 11:35:00,12,5,4,11,35,270,229,"10, SAINT LOUIS (RUE)",49.0273,1.15227,Plein jour,En agglomération,Hors intersection,Normale,Autre collision,,,,,,,,,,,1,2,1,1.0,6
201200022639,0012-05-09 10:40:00,12,5,9,10,40,270,229,"6, BUZOT (RUE)",49.0281,1.15639,Plein jour,En agglomération,Hors intersection,Normale,Autre collision,,,,,,,,,,,1,2,1,1.0,6
201200022640,0012-05-09 12:20:00,12,5,9,12,20,270,229,"7, RUE JEAN MOULIN",49.0152,1.15257,Plein jour,En agglomération,Hors intersection,Normale,Deux véhicules - côté,,,,,,,,,,,1,2,1,1.0,3
201200022641,0012-05-10 16:20:00,12,5,10,16,20,270,229,R 7E CHASSEUR&ST SAUVEUR,49.0276,1.14386,Plein jour,En agglomération,Intersection en X,Normale,Autre collision,,,,,,,,,,,1,2,2,1.0,6
201200022642,0012-05-14 14:50:00,12,5,14,14,50,270,229,"4, RUE JEAN MOULIN",49.0178,1.15408,Plein jour,En agglomération,Hors intersection,Normale,Autre collision,,,,,,,,,,,1,2,1,1.0,6
201200022643,0012-06-08 10:00:00,12,6,8,10,0,270,229,"10, R G BERNARD  R BUZOT",49.0299,1.1526,Plein jour,En agglomération,Intersection en X,Normale,Autre collision,,,,,,,,,,,1,2,2,1.0,6
201200022644,0012-07-03 08:50:00,12,7,3,8,50,270,229,"30, BERNARD (RUE GEORGES",,,Plein jour,En agglomération,Hors intersection,Normale,Deux véhicules - côté,,,,,,,,,,,1,2,1,1.0,3
201200022645,0012-07-23 16:45:00,12,7,23,16,45,270,229,"19 bis, NEUBOURG (RUE DU",,,Plein jour,En agglomération,Hors intersection,Normale,Deux véhicules - côté,,,,,,,,,,,1,2,1,1.0,3
201200022646,0012-08-11 08:35:00,12,8,11,8,35,270,229,"12, MONDUIT (RUE HENRI)",,,Plein jour,En agglomération,Hors intersection,Normale,Deux véhicules - frontale,,,,,,,,,,,1,2,1,1.0,1
201200022647,0012-08-31 16:00:00,12,8,31,16,0,270,229,CITES UNIES (BOULEVARD D,,,Plein jour,En agglomération,Hors intersection,Normale,Autre collision,,,,,,,,,,,1,2,1,1.0,6
201200022648,0012-09-12 22:15:00,12,9,12,22,15,270,229,"37, BRIAND (AVENUE ARIST",,,Nuit avec éclairage allumé,En agglomération,Hors intersection,Normale,Autre collision,,,,,,,,,,,5,2,1,1.0,6
201200022649,0012-09-29 11:05:00,12,9,29,11,5,270,229,"1, TRUFFAUT (RUE FRANCOI",,,Plein jour,En agglomération,Intersection en X,Normale,Deux véhicules - côté,,,,,,,,,,,1,2,2,1.0,3
201200022650,0012-11-07 09:50:00,12,11,7,9,50,270,229,"14, CHAUVIN (BOULEVARD G",,,Plein jour,En agglomération,Hors intersection,Normale,Deux véhicules - arrière,,,,,,,,,,,1,2,1,1.0,2
201200022651,0012-11-13 14:00:00,12,11,13,14,0,270,229,"17, MOULIN (RUE JEAN)",,,Plein jour,En agglomération,Hors intersection,Normale,Autre collision,,,,,,,,,,,1,2,1,1.0,6
201200022652,0012-11-21 19:20:00,12,11,21,19,20,270,229,FLEMING (RUE ALEXENDER),,,Nuit avec éclairage allumé,En agglomération,Intersection en X,Normale,Deux véhicules - côté,,,,,,,,,,,5,2,2,1.0,3
201200022653,0012-11-22 18:50:00,12,11,22,18,50,270,229,"1, CORBEAU (RUE CHARLES)",,,Nuit avec éclairage allumé,En agglomération,Intersection en X,Normale,Deux véhicules - frontale,,,,,,,,,,,5,2,2,1.0,1
201200022654,0012-11-23 08:45:00,12,11,23,8,45,270,229,"5, COCHEREL (RUE DE)",,,Plein jour,En agglomération,Hors intersection,Normale,Autre collision,,,,,,,,,,,1,2,1,1.0,6
201200022655,0012-11-26 13:25:00,12,11,26,13,25,270,229,"13, TOMBETTES (RUE DES)",,,Plein jour,En agglomération,Hors intersection,Normale,Deux véhicules - frontale,,,,,,,,,,,1,2,1,1.0,1
201200022656,0012-12-17 16:00:00,12,12,17,16,0,270,229,"0, CONCHES (ROUTE DE)",,,Plein jour,En agglomération,Hors intersection,Normale,Trois véhicules et plus - en chaîne,,,,,,,,,,,1,2,1,1.0,4
201200022657,0012-12-22 18:35:00,12,12,22,18,35,270,229,"8, ISAMBARD (RUE)",,,Nuit avec éclairage allumé,En agglomération,Hors intersection,Normale,Autre collision,,,,,,,,,,,5,2,1,1.0,6
201200022658,0012-12-27 20:20:00,12,12,27,20,20,270,229,CHAUVIN (BOULEVARD GEORG,,,Nuit avec éclairage allumé,En agglomération,Hors intersection,Normale,Deux véhicules - côté,,,,,,,,,,,5,2,1,1.0,3
201200022659,0012-04-23 14:00:00,12,4,23,14,0,350,353,RN 24 Route de Lorient,48.10481,-1.74215,Plein jour,En agglomération,Hors intersection,Normale,Deux véhicules - arrière,,,,,,,,,,,1,2,1,1.0,2
201200022660,0012-09-09 17:00:00,12,9,9,17,0,350,353,,48.11552,-1.77232,Plein jour,Hors agglomération,Intersection en T,Normale,Deux véhicules - frontale,,,,,,,,,,,1,1,3,1.0,1
201200022661,0012-02-23 04:00:00,12,2,23,4,0,270,701,RD6015,49.2557,1.17122,Nuit sans éclairage public,En agglomération,Hors intersection,Pluie légère,Autre collision,,,,,,,,,,,3,2,1,2.0,6
201200022662,0012-03-07 20:35:00,12,3,7,20,35,270,375,13 RUE SAINT JEAN,49.21,1.17643,Nuit avec éclairage allumé,En agglomération,Hors intersection,Pluie légère,Deux véhicules - côté,,,,,,,,,,,5,2,1,2.0,3
201200022663,0012-03-07 21:15:00,12,3,7,21,15,270,701,"0, RD6015",49.2517,1.18527,Nuit sans éclairage public,Hors agglomération,Hors intersection,Pluie légère,Autre collision,,,,,,,,,,,3,1,1,2.0,6
201200022664,0012-03-15 20:50:00,12,3,15,20,50,270,701,RTE LOUVIERS V GARANCE,49.2725,1.20899,Nuit avec éclairage allumé,En agglomération,Intersection en T,Normale,Sans collision,,,,,,,,,,,5,2,3,1.0,7
201200022665,0012-04-17 09:00:00,12,4,17,9,0,270,375,RD P BECQUET AV PEUPLIER,49.2079,1.18245,Plein jour,En agglomération,Giratoire,Normale,Autre collision,,,,,,,,,,,1,2,6,1.0,6
201200022666,0012-05-11 14:00:00,12,5,11,14,0,270,375,R SAINT HILDEVERT C CROS,49.2295,1.17438,Plein jour,En agglomération,Intersection en T,Normale,Deux véhicules - côté,,,,,,,,,,,1,2,3,1.0,3
201200022667,0012-05-14 14:25:00,12,5,14,14,25,270,701,LECLERC (RUE DU GENERAL),49.2579,1.18925,Plein jour,En agglomération,Hors intersection,Normale,Deux véhicules - côté,,,,,,,,,,,1,2,1,1.0,3
201200022668,0012-06-21 12:00:00,12,6,21,12,0,270,375,"0, TABARLY (VOIE ERIC)",49.2096,1.18014,Plein jour,En agglomération,Hors intersection,Normale,Deux véhicules - arrière,,,,,,,,,,,1,2,1,1.0,2
201200022669,0012-06-21 19:00:00,12,6,21,19,0,270,701,"0, AVENUE DES METIERS",49.2441,1.17315,Plein jour,En agglomération,Hors intersection,Normale,Deux véhicules - arrière,,,,,,,,,,,1,2,1,1.0,2
201200022670,0012-06-25 14:30:00,12,6,25,14,30,270,375,19 RUE SAINT GERMAIN,49.2175,1.1704,Plein jour,En agglomération,Autre intersection,Normale,Autre collision,,,,,,,,,,,1,2,9,1.0,6
201200022671,0012-08-28 13:30:00,12,8,28,13,30,270,701,"0, COMPAGNONS (RUE DES)",,,Plein jour,En agglomération,Hors intersection,Normale,Sans collision,,,,,,,,,,,1,2,1,1.0,7
201200022672,0012-11-20 12:45:00,12,11,20,12,45,270,375,VEXIN (CHAUSSEE DU),,,Plein jour,En agglomération,Hors intersection,Normale,Autre collision,,,,,,,,,,,1,2,1,1.0,6
201200022673,0012-03-30 06:00:00,12,3,30,6,0,140,132,,49.3418,-0.98831,Nuit sans éclairage public,Hors agglomération,Hors intersection,Normale,Sans collision,,,,,,,,,,,3,1,1,1.0,7
201200022674,0012-08-01 22:00:00,12,8,1,22,0,140,322,,,,Nuit sans éclairage public,Hors agglomération,Hors intersection,Pluie forte,Sans collision,,,,,,,,,,,3,1,1,3.0,7
201200022675,0012-09-25 18:15:00,12,9,25,18,15,140,322,,,,Plein jour,Hors agglomération,Hors intersection,Normale,Sans collision,,,,,,,,,,,1,1,1,1.0,7
201200022676,0012-11-08 02:00:00,12,11,8,2,0,140,132,,,,Nuit sans éclairage public,Hors agglomération,Hors intersection,Normale,Autre collision,,,,,,,,,,,3,1,1,1.0,6
201200022677,0012-11-15 19:15:00,12,11,15,19,15,140,700,,,,Nuit sans éclairage public,Hors agglomération,Hors intersection,Normale,Deux véhicules - arrière,,,,,,,,,,,3,1,1,1.0,2
201200022678,0012-12-24 18:45:00,12,12,24,18,45,140,681,,49.329,-0.87,Nuit sans éclairage public,Hors agglomération,Hors intersection,Pluie légère,Autre collision,,,,,,,,,,,3,1,1,2.0,6
201200022679,0012-10-14 15:15:00,12,10,14,15,15,60,130,chemin Ste Anne,,,Plein jour,En agglomération,Hors intersection,Normale,Autre collision,,,,,,,,,,,1,2,1,1.0,6