accident_id,datetime,annee,mois,jour,heure,minute,departement,commune_insee,adresse,latitude,longitude,luminosite,agglomeration,intersection,meteo,collision,nb_vehicules,nb_usagers,nb_indemnes,nb_tues,nb_blesses_hosp,nb_blesses_legers,age_cond_1,age_cond_2,veh_type_cond_1,veh_type_cond_2,lum_code,agg_code,int_code,atm_code,col_code
201200022680,0012-03-13 19:00:00,12,3,13,19,0,60,95,Route d?partmentale 2562,,,Nuit avec éclairage allumé,En agglomération,Intersection en T,Normale,Deux véhicules - côté,,,,,,,,,,,5,2,3,1.0,3
201200022681,0012-03-30 10:45:00,12,3,30,10,45,60,95,2 avenue de Boutiny,,,Plein jour,En agglomération,Hors intersection,Normale,Autre collision,,,,,,,,,,,1,2,1,1.0,6
201200022682,0012-05-05 11:45:00,12,5,5,11,45,60,95,,,,Plein jour,Hors agglomération,Giratoire,Normale,Deux véhicules - frontale,,,,,,,,,,,1,1,6,1.0,1
201200022683,0012-05-16 19:15:00,12,5,16,19,15,60,118,,,,Plein jour,Hors agglomération,Hors intersection,Normale,Deux véhicules - frontale,,,,,,,,,,,1,1,1,1.0,1
201200022684,0012-05-27 09:15:00,12,5,27,9,15,60,26,Bd du docteur Belletrud,,,Plein jour,En agglomération,Hors intersection,Normale,Deux véhicules - frontale,,,,,,,,,,,1,2,1,1.0,1
201200022685,0012-07-05 20:45:00,12,7,5,20,45,60,118,,,,Nuit sans éclairage public,Hors agglomération,Hors intersection,Normale,Autre collision,,,,,,,,,,,3,1,1,1.0,6
201200022686,0012-07-17 16:15:00,12,7,17,16,15,60,95,,,,Plein jour,Hors agglomération,Hors intersection,Normale,Deux véhicules - côté,,,,,,,,,,,1,1,1,1.0,3
201200022687,0012-09-15 00:15:00,12,9,15,0,15,60,95,71 avenue de boutiny,,,Nuit sans éclairage public,En agglomération,Hors intersection,Normale,Autre collision,,,,,,,,,,,3,2,1,1.0,6
201200022688,0012-01-29 16:25:00,12,1,29,16,25,270,681,19 GAMILLY (RUE DE),49.0897,1.48798,Plein jour,En agglomération,Hors intersection,Normale,Sans collision,,,,,,,,,,,1,2,1,1.0,7
201200022689,0012-05-10 15:30:00,12,5,10,15,30,270,562,R DES PRES&DE LA GARENNE,49.1038,1.45423,Plein jour,En agglomération,Intersection en T,Normale,Deux véhicules - arrière,,,,,,,,,,,1,2,3,1.0,2
201200022690,0012-03-27 14:25:00,12,3,27,14,25,270,681,AV MENDES FRANCE GAMILLY,49.0913,1.48568,Plein jour,En agglomération,Intersection en T,Normale,Autre collision,,,,,,,,,,,1,2,3,1.0,6
201200022691,0012-06-09 16:05:00,12,6,9,16,5,270,681,GISORS (ROUTE DE),49.1129,1.49283,Plein jour,Hors agglomération,Hors intersection,Normale,Sans collision,,,,,,,,,,,1,1,1,1.0,7
201200022692,0012-06-16 17:35:00,12,6,16,17,35,270,681,AV MENDES FRANCE  SANSON,49.0901,1.48302,Plein jour,En agglomération,Intersection en T,Normale,Sans collision,,,,,,,,,,,1,2,3,1.0,7
201200022693,0012-05-15 15:15:00,12,5,15,15,15,270,681,"31, SAINT JACQUES (RUE)",49.0919,1.48568,Plein jour,En agglomération,Hors intersection,Pluie légère,Deux véhicules - côté,,,,,,,,,,,1,2,1,2.0,3
201200022694,0012-06-15 12:35:00,12,6,15,12,35,270,681,BD G AZEMIA  R L DAMASSE,49.081,1.48499,Plein jour,En agglomération,Intersection en T,Pluie légère,Deux véhicules - arrière,,,,,,,,,,,1,2,3,2.0,2
201200022695,0012-07-28 21:15:00,12,7,28,21,15,270,681,DEVOS (BOULEVARD JULIEN),,,Plein jour,En agglomération,Hors intersection,Normale,Sans collision,,,,,,,,,,,1,2,1,1.0,7
201200022696,0012-07-07 15:55:00,12,7,7,15,55,270,681,DOCTEUR BURNET (RUE DU),,,Plein jour,En agglomération,Intersection en T,Normale,Autre collision,,,,,,,,,,,1,2,3,1.0,6
201200022697,0012-07-24 16:50:00,12,7,24,16,50,270,562,INDUSTRIE (RUE DE L'),,,Plein jour,En agglomération,Hors intersection,Normale,Deux véhicules - côté,,,,,,,,,,,1,2,1,1.0,3
201200022698,0012-08-11 17:45:00,12,8,11,17,45,270,681,GISORS (ROUTE DE),,,Plein jour,En agglomération,Hors intersection,Normale,Sans collision,,,,,,,,,,,1,2,1,1.0,7
201200022699,0012-09-08 19:50:00,12,9,8,19,50,270,681,EVREUX (ROUTE D'),,,Crépuscule ou aube,En agglomération,Autre intersection,Normale,Deux véhicules - arrière,,,,,,,,,,,2,2,9,1.0,2
201200022700,0012-09-24 11:05:00,12,9,24,11,5,270,681,FOCH (AVENUE DU MARECHAL,,,Plein jour,En agglomération,Giratoire,Pluie forte,Deux véhicules - frontale,,,,,,,,,,,1,2,6,3.0,1
201200022701,0012-10-06 14:55:00,12,10,6,14,55,270,588,"2, NATIONALE 15 (ROUTE)",,,Plein jour,En agglomération,Hors intersection,Pluie légère,Deux véhicules - frontale,,,,,,,,,,,1,2,1,2.0,1
201200022702,0012-08-28 15:45:00,12,8,28,15,45,270,562,"28, HERMAND (RUE GEORGES",,,Plein jour,En agglomération,Hors intersection,Normale,Deux véhicules - arrière,,,,,,,,,,,1,2,1,1.0,2
201200022703,0012-06-18 14:45:00,12,6,18,14,45,170,297,,,,Plein jour,Hors agglomération,Hors intersection,Normale,Autre collision,,,,,,,,,,,1,1,1,1.0,6
201200022704,0012-07-31 16:30:00,12,7,31,16,30,170,300,,,,Plein jour,Hors agglomération,Hors intersection,Normale,Deux véhicules - côté,,,,,,,,,,,1,1,1,1.0,3
201200022705,0012-09-10 09:15:00,12,9,10,9,15,170,222,,,,Plein jour,Hors agglomération,Hors intersection,Autre,Deux véhicules - frontale,,,,,,,,,,,1,1,1,9.0,1
201200022706,0012-11-24 16:30:00,12,11,24,16,30,170,472,,,,Plein jour,Hors agglomération,Hors intersection,Normale,Deux véhicules - frontale,,,,,,,,,,,1,1,1,1.0,1
201200022707,0012-06-24 15:00:00,12,6,24,15,0,170,297,,,,Plein jour,Hors agglomération,Hors intersection,Normale,Deux véhicules - frontale,,,,,,,,,,,1,1,1,1.0,1
201200022708,0012-02-28 12:15:00,12,2,28,12,15,250,246,,,,Plein jour,Hors agglomération,Hors intersection,Normale,Sans collision,,,,,,,,,,,1,1,1,1.0,7
201200022709,0012-11-17 06:15:00,12,11,17,6,15,250,516,,,,Nuit sans éclairage public,Hors agglomération,Hors intersection,Brouillard / fumée,Autre collision,,,,,,,,,,,3,1,1,5.0,6
201200022710,0012-12-13 18:45:00,12,12,13,18,45,250,214,,,,Nuit sans éclairage public,Hors agglomération,Hors intersection,Autre,Trois véhicules et plus - en chaîne,,,,,,,,,,,3,1,1,9.0,4
201200022711,0012-03-29 16:30:00,12,3,29,16,30,910,665,,,,Plein jour,Hors agglomération,Autre intersection,Normale,Deux véhicules - arrière,,,,,,,,,,,1,1,9,1.0,2
201200022712,0012-08-20 16:00:00,12,8,20,16,0,910,363,Av Massénat-Deroche,48.078,2.367,Plein jour,En agglomération,Hors intersection,Normale,Deux véhicules - arrière,,,,,,,,,,,1,2,1,1.0,2
201200022713,0012-11-13 17:30:00,12,11,13,17,30,910,665,N20,48.195,2.777,Crépuscule ou aube,Hors agglomération,Hors intersection,Normale,Deux véhicules - arrière,,,,,,,,,,,2,1,1,1.0,2
201200022714,0012-12-03 16:15:00,12,12,3,16,15,910,363,D3,48.117,2.466,Plein jour,Hors agglomération,Hors intersection,Normale,Autre collision,,,,,,,,,,,1,1,1,1.0,6
201200022715,0012-02-02 04:30:00,12,2,2,4,30,760,122,,49.82403,1.52052,Nuit sans éclairage public,Hors agglomération,Hors intersection,Normale,Sans collision,,,,,,,,,,,3,1,1,1.0,7
201200022716,0012-03-16 00:30:00,12,3,16,0,30,760,126,,49.67985,1.34382,Nuit sans éclairage public,Hors agglomération,Hors intersection,Normale,Autre collision,,,,,,,,,,,3,1,1,1.0,6
201200022717,0012-07-16 10:00:00,12,7,16,10,0,760,122,,49.81118,1.50919,Plein jour,Hors agglomération,Hors intersection,Normale,Autre collision,,,,,,,,,,,1,1,1,1.0,6
201200022718,0012-09-07 21:50:00,12,9,7,21,50,760,606,,49.77928,1.73698,Nuit sans éclairage public,Hors agglomération,Hors intersection,Normale,Deux véhicules - arrière,,,,,,,,,,,3,1,1,1.0,2
201200022719,0012-12-23 14:45:00,12,12,23,14,45,760,244,,49.71411,1.40476,Plein jour,Hors agglomération,Hors intersection,Pluie forte,Autre collision,,,,,,,,,,,1,1,1,3.0,6
201200022720,0012-01-23 21:15:00,12,1,23,21,15,760,675,,49.59141,1.0475,Nuit sans éclairage public,Hors agglomération,Hors intersection,Normale,Autre collision,,,,,,,,,,,3,1,1,1.0,6
201200022721,0012-02-27 16:00:00,12,2,27,16,0,760,223,,49.62738,0.8066,Plein jour,Hors agglomération,Hors intersection,Brouillard / fumée,Autre collision,,,,,,,,,,,1,1,1,5.0,6
201200022722,0012-07-02 00:30:00,12,7,2,0,30,760,675,,49.61088,1.04263,Nuit sans éclairage public,Hors agglomération,Hors intersection,Normale,Autre collision,,,,,,,,,,,3,1,1,1.0,6
201200022723,0012-07-02 10:15:00,12,7,2,10,15,760,611,,49.65684,0.89599,Plein jour,Hors agglomération,Hors intersection,Normale,Autre collision,,,,,,,,,,,1,1,1,1.0,6
201200022724,0012-07-25 10:30:00,12,7,25,10,30,760,325,,49.65535,0.82702,Plein jour,Hors agglomération,Hors intersection,Normale,Deux véhicules - frontale,,,,,,,,,,,1,1,1,1.0,1
201200022725,0012-07-30 15:00:00,12,7,30,15,0,190,234,SENS PROVINCE/PARIS,45.3035,1.57416,Plein jour,Hors agglomération,Hors intersection,Temps éblouissant,Autre collision,,,,,,,,,,,1,1,1,7.0,6
201200022726,0012-08-17 17:15:00,12,8,17,17,15,190,276,SENS PROVINCE/PARIS,45.4259,1.51463,Plein jour,Hors agglomération,Hors intersection,Normale,Autre collision,,,,,,,,,,,1,1,1,1.0,6
201200022727,0012-10-21 12:00:00,12,10,21,12,0,190,151,SENS PARIS/PROVINCE,45.0862,1.51741,Plein jour,Hors agglomération,Hors intersection,Pluie légère,Sans collision,,,,,,,,,,,1,1,1,2.0,7
201200022728,0012-10-29 23:15:00,12,10,29,23,15,190,248,SENS PROVINCE / PARIS,45.4518,1.5089,Nuit sans éclairage public,Hors agglomération,Hors intersection,Normale,Deux véhicules - arrière,,,,,,,,,,,3,1,1,1.0,2
201200022729,0012-12-07 09:45:00,12,12,7,9,45,190,76,SENS PROVINCE-PARIS,45.37581,1.57395,Plein jour,Hors agglomération,Hors intersection,Pluie forte,Autre collision,,,,,,,,,,,1,1,1,3.0,6
201200022730,0012-01-27 15:15:00,12,1,27,15,15,590,462,34 rue du Gal de Gaulle,50.51536,3.01665,Plein jour,En agglomération,Hors intersection,Normale,Deux véhicules - frontale,,,,,,,,,,,1,2,1,1.0,1
201200022731,0012-02-17 15:30:00,12,2,17,15,30,590,462,,50.52311,3.00055,Plein jour,Hors agglomération,Hors intersection,Normale,Deux véhicules - frontale,,,,,,,,,,,1,1,1,1.0,1
201200022732,0012-05-01 17:45:00,12,5,1,17,45,590,462,Av Achille Péchon,50.51236,3.02932,Plein jour,En agglomération,Hors intersection,Normale,Sans collision,,,,,,,,,,,1,2,1,1.0,7
201200022733,0012-06-12 17:30:00,12,6,12,17,30,590,123,rue Nationale,50.51985,2.99314,Plein jour,Hors agglomération,Hors intersection,Normale,Deux véhicules - frontale,,,,,,,,,,,1,1,1,1.0,1
201200022734,0012-01-05 16:35:00,12,1,5,16,35,280,209,"sans, RN 154",48.48636,1.47445,Plein jour,Hors agglomération,Intersection en X,Normale,Deux véhicules - arrière,,,,,,,,,,,1,1,2,1.0,2
201200022735,0012-01-06 16:00:00,12,1,6,16,0,280,85,"49, MAUNOURY (RUE DU DOC",48.44079,1.48273,Plein jour,En agglomération,Hors intersection,Normale,Deux véhicules - côté,,,,,,,,,,,1,2,1,1.0,3
201200022736,0012-01-06 17:40:00,12,1,6,17,40,280,110,"SANS, DU GORD",,,Nuit sans éclairage public,Hors agglomération,Hors intersection,Normale,Deux véhicules - côté,,,,,,,,,,,3,1,1,1.0,3
201200022737,0012-01-17 16:00:00,12,1,17,16,0,280,85,"12, FAUBOURG LA GRAPPE (",,,Plein jour,En agglomération,Hors intersection,Normale,Autre collision,,,,,,,,,,,1,2,1,1.0,6
201200022738,0012-01-18 07:30:00,12,1,18,7,30,280,220,CHENES (RUE DES),48.4254,1.46142,Nuit avec éclairage allumé,En agglomération,Giratoire,Autre,Deux véhicules - arrière,,,,,,,,,,,5,2,6,9.0,2
201200022739,0012-01-23 08:05:00,12,1,23,8,5,280,85,"101, BOURGNEUF (RUE DU)",,,Crépuscule ou aube,En agglomération,Hors intersection,Normale,Deux véhicules - côté,,,,,,,,,,,2,2,1,1.0,3
201200022740,0012-01-23 15:00:00,12,1,23,15,0,280,218,"SANS, REPUBLIQUE (RUE DE",48.43974,1.46291,Plein jour,En agglomération,Hors intersection,Normale,Autre collision,,,,,,,,,,,1,2,1,1.0,6
201200022741,0012-01-25 18:20:00,12,1,25,18,20,280,85,"SANS, CHASLES (BOULEVARD",48.44262,1.48646,Nuit avec éclairage allumé,En agglomération,Intersection en T,Normale,Deux véhicules - côté,,,,,,,,,,,5,2,3,1.0,3
201200022742,0012-01-26 16:55:00,12,1,26,16,55,280,85,"SANS, VIOLETTE (BOULEVAR",48.44538,1.48357,Plein jour,En agglomération,Hors intersection,Normale,Autre collision,,,,,,,,,,,1,2,1,1.0,6
201200022743,0012-02-02 11:20:00,12,2,2,11,20,280,218,"SANS, REPUBLIQUE (RUE DE",48.43899,1.45832,Plein jour,En agglomération,Intersection en T,Normale,Autre collision,,,,,,,,,,,1,2,3,1.0,6
201200022744,0012-02-05 06:50:00,12,2,5,6,50,280,218,"74, REPUBLIQUE (AVENUE D",48.43992,1.46482,Nuit avec éclairage allumé,En agglomération,Hors intersection,Neige / grêle,Autre collision,,,,,,,,,,,5,2,1,4.0,6
201200022745,0012-02-10 15:50:00,12,2,10,15,50,280,220,"SANS, ROUTE NATIONALE 12",,,Plein jour,Hors agglomération,Hors intersection,Normale,Deux véhicules - arrière,,,,,,,,,,,1,1,1,1.0,2
201200022746,0012-02-13 10:45:00,12,2,13,10,45,280,85,"SANS, FESSARD (RUE GEORG",48.44738,1.48416,Plein jour,En agglomération,Intersection en X,Normale,Deux véhicules - côté,,,,,,,,,,,1,2,2,1.0,3
201200022747,0012-02-18 15:15:00,12,2,18,15,15,280,85,"SANS, BLERIOT (RUE LOUIS",48.44978,1.51068,Plein jour,En agglomération,Intersection en X,Normale,Deux véhicules - côté,,,,,,,,,,,1,2,2,1.0,3
201200022748,0012-02-22 08:00:00,12,2,22,8,0,280,229,"SANS, DUNANT (IMPASSE HE",48.44524,1.46712,Plein jour,En agglomération,Hors intersection,Normale,Autre collision,,,,,,,,,,,1,2,1,1.0,6
201200022749,0012-02-22 08:20:00,12,2,22,8,20,280,85,"SANS, PICHARD (RUE JOSEP",48.44765,1.51762,Plein jour,En agglomération,Intersection en T,Normale,Autre collision,,,,,,,,,,,1,2,3,1.0,6
201200022750,0012-02-24 08:30:00,12,2,24,8,30,280,85,"52, COURTILLE (BOULEVARD",,,Plein jour,En agglomération,Hors intersection,Pluie légère,Deux véhicules - côté,,,,,,,,,,,1,2,1,2.0,3
201200022751,0012-02-26 14:00:00,12,2,26,14,0,280,85,"sans, COURTILLE (BOULEVA",48.4428,,Plein jour,En agglomération,Hors intersection,Normale,Autre collision,,,,,,,,,,,1,2,1,1.0,6
201200022752,0012-03-01 13:45:00,12,3,1,13,45,280,229,"sans, D105",,,Plein jour,Hors agglomération,Hors intersection,Normale,Deux véhicules - arrière,,,,,,,,,,,1,1,1,1.0,2
201200022753,0012-03-12 10:42:00,12,3,12,10,42,280,85,"sans, SABLONS (AVENUE DE",48.44692,1.51541,Plein jour,En agglomération,Hors intersection,Normale,Deux véhicules - côté,,,,,,,,,,,1,2,1,1.0,3
201200022754,0012-03-05 08:40:00,12,3,5,8,40,280,229,"sans, REPUBLIQUE (rue de",,,Plein jour,En agglomération,Hors intersection,Normale,Deux véhicules - côté,,,,,,,,,,,1,2,1,1.0,3
201200022755,0012-03-15 15:50:00,12,3,15,15,50,280,70,"SANS, SAINT PREST (RUE D",,,Plein jour,En agglomération,Hors intersection,Normale,Autre collision,,,,,,,,,,,1,2,1,1.0,6
201200022756,0012-03-20 14:30:00,12,3,20,14,30,280,85,"3, VIOLETTE (BOULEVARD M",48.44563,1.48358,Plein jour,En agglomération,Hors intersection,Normale,Autre collision,,,,,,,,,,,1,2,1,1.0,6
201200022757,0012-03-21 13:19:00,12,3,21,13,19,280,70,"SANS, SAINT PREST -RUE D",,,Plein jour,En agglomération,Intersection en T,Normale,Deux véhicules - côté,,,,,,,,,,,1,2,3,1.0,3
201200022758,0012-03-22 13:50:00,12,3,22,13,50,280,218,"SANS, FOREAU (RUE FRANCO",48.43605,1.45905,Plein jour,En agglomération,Intersection en X,Normale,Deux véhicules - côté,,,,,,,,,,,1,2,2,1.0,3
201200022759,0012-03-22 21:05:00,12,3,22,21,5,280,85,"SANS, RTE NATIONALE 123",,,Nuit sans éclairage public,Hors agglomération,Hors intersection,Normale,Deux véhicules - frontale,,,,,,,,,,,3,1,1,1.0,1
201200022760,0012-03-27 17:40:00,12,3,27,17,40,280,220,"sans, RTE NATIONALE 123",,,Plein jour,Hors agglomération,Hors intersection,Normale,Deux véhicules - arrière,,,,,,,,,,,1,1,1,1.0,2
201200022761,0012-04-06 19:00:00,12,4,6,19,0,280,70,"SANS, Charles Peguy (Rue",48.46122,1.49725,Plein jour,En agglomération,Hors intersection,Normale,Deux véhicules - frontale,,,,,,,,,,,1,2,1,1.0,1
201200022762,0012-04-09 14:00:00,12,4,9,14,0,280,85,"sans, CHANZY (RUE ET RON",48.44162,1.48612,Plein jour,En agglomération,Intersection en T,Pluie légère,Deux véhicules - côté,,,,,,,,,,,1,2,3,2.0,3
201200022763,0012-04-16 10:05:00,12,4,16,10,5,280,85,"SANS, FAUBOURG LA GRAPPE",48.43446,,Plein jour,En agglomération,Intersection en X,Normale,Deux véhicules - côté,,,,,,,,,,,1,2,2,1.0,3
201200022764,0012-04-17 13:55:00,12,4,17,13,55,280,229,"SANS, RD 905",,,Plein jour,Hors agglomération,Hors intersection,Pluie forte,Deux véhicules - arrière,,,,,,,,,,,1,1,1,3.0,2
201200022765,0012-04-26 15:20:00,12,4,26,15,20,280,85,"sans, NICOLE (RUE)",48.447,1.48037,Plein jour,En agglomération,Hors intersection,Normale,Autre collision,,,,,,,,,,,1,2,1,1.0,6
201200022766,0012-04-26 23:46:00,12,4,26,23,46,280,85,"SANS, MERMOZ (RUE JEAN)",48.44979,1.50655,Nuit sans éclairage public,En agglomération,Hors intersection,Normale,Autre collision,,,,,,,,,,,3,2,1,1.0,6
201200022767,0012-05-01 23:00:00,12,5,1,23,0,280,85,VIOLETTE (BOULEVARD MAUR,48.44473,1.4834,Nuit sans éclairage public,En agglomération,Intersection en Y,Normale,Deux véhicules - frontale,,,,,,,,,,,3,2,4,1.0,1
201200022768,0012-05-03 18:30:00,12,5,3,18,30,280,70,"sans, BOIS MUSQUET (RUE)",,,Plein jour,En agglomération,Intersection en X,Normale,Deux véhicules - côté,,,,,,,,,,,1,2,2,1.0,3
201200022769,0012-05-06 06:45:00,12,5,6,6,45,280,85,"sans, RD 939",,,Plein jour,Hors agglomération,Hors intersection,Normale,Autre collision,,,,,,,,,,,1,1,1,1.0,6
201200022770,0012-05-10 19:15:00,12,5,10,19,15,280,85,"6, HETZEL (RUE JULES)",48.44447,1.51447,Plein jour,En agglomération,Hors intersection,Normale,Autre collision,,,,,,,,,,,1,2,1,1.0,6
201200022771,0012-05-15 18:50:00,12,5,15,18,50,280,229,"sans, VAUROUX (IMPASSE D",48.4452,1.47209,Plein jour,En agglomération,Hors intersection,Normale,Deux véhicules - frontale,,,,,,,,,,,1,2,1,1.0,1
201200022772,0012-05-24 17:05:00,12,5,24,17,5,280,218,"sans, LECLERC (RUE DU MA",,,Plein jour,En agglomération,Hors intersection,Normale,Autre collision,,,,,,,,,,,1,2,1,1.0,6
201200022773,0012-05-24 17:55:00,12,5,24,17,55,280,85,"sans, ROUTE NATIONALE 12",,,Plein jour,Hors agglomération,Hors intersection,Normale,Sans collision,,,,,,,,,,,1,1,1,1.0,7
201200022774,0012-05-27 00:05:00,12,5,27,0,5,280,218,"SANS, GONSOLIN (RUE JOSE",48.43818,1.45887,Nuit avec éclairage allumé,En agglomération,Hors intersection,Normale,Autre collision,,,,,,,,,,,5,2,1,1.0,6
201200022775,0012-05-27 19:10:00,12,5,27,19,10,280,85,"49, PEGUY (BOULEVARD CHA",,,Plein jour,En agglomération,Hors intersection,Normale,Autre collision,,,,,,,,,,,1,2,1,1.0,6
201200022776,0012-05-29 10:45:00,12,5,29,10,45,280,218,"2, TASSIGNY (RUE DE LATT",,,Plein jour,En agglomération,Hors intersection,Normale,Deux véhicules - arrière,,,,,,,,,,,1,2,1,1.0,2
201200022777,0012-05-30 21:15:00,12,5,30,21,15,280,209,"SANS, RN 154",,,Crépuscule ou aube,Hors agglomération,Hors intersection,Normale,Sans collision,,,,,,,,,,,2,1,1,1.0,7
201200022778,0012-06-11 17:50:00,12,6,11,17,50,280,220,"SANS, DE GAULLE (RUE GEN",48.42328,1.46064,Plein jour,En agglomération,Hors intersection,Normale,Autre collision,,,,,,,,,,,1,2,1,1.0,6
201200022779,0012-06-15 18:40:00,12,6,15,18,40,280,85,"sans, MENDES FRANCE (RUE",48.44085,1.49553,Plein jour,En agglomération,Intersection en X,Normale,Deux véhicules - frontale,,,,,,,,,,,1,2,2,1.0,1
201200022780,0012-06-18 03:50:00,12,6,18,3,50,280,220,"92, MAUNOURY (MAURICE)",,,Nuit avec éclairage allumé,En agglomération,Hors intersection,Pluie forte,Sans collision,,,,,,,,,,,5,2,1,3.0,7
201200022781,0012-06-22 14:30:00,12,6,22,14,30,280,220,"SANS, PERRIN (RUE JEAN)",48.41762,1.45115,Plein jour,En agglomération,Hors intersection,Normale,Deux véhicules - arrière,,,,,,,,,,,1,2,1,1.0,2
201200022782,0012-06-27 01:20:00,12,6,27,1,20,280,85,"85, MAUNOURY (RUE DU DOC",48.4379,1.48084,Nuit avec éclairage allumé,En agglomération,Hors intersection,Normale,Sans collision,,,,,,,,,,,5,2,1,1.0,7
201200022783,0012-06-28 16:45:00,12,6,28,16,45,280,209,"sans, PAIX (AVENUE DE LA",,,Plein jour,En agglomération,Intersection en T,Normale,Deux véhicules - côté,,,,,,,,,,,1,2,3,1.0,3
201200022784,0012-07-01 15:17:00,12,7,1,15,17,280,85,MAUNOURY (RUE DU DOCTEUR,48.44185,1.483,Plein jour,En agglomération,Hors intersection,Normale,Deux véhicules - arrière,,,,,,,,,,,1,2,1,1.0,2
201200022785,0012-07-06 11:35:00,12,7,6,11,35,280,110,RN 123 (ROCADE),,,Plein jour,Hors agglomération,Hors intersection,Temps couvert,Autre collision,,,,,,,,,,,1,1,1,8.0,6
201200022786,0012-07-06 17:25:00,12,7,6,17,25,280,85,"sans, LAUNAY (RUE DE)",,,Plein jour,En agglomération,Hors intersection,Normale,Deux véhicules - côté,,,,,,,,,,,1,2,1,1.0,3
201200022787,0012-07-09 00:50:00,12,7,9,0,50,280,85,"sans, BOURGNEUF (RUE DU)",,,Nuit avec éclairage allumé,En agglomération,Intersection en X,Normale,Deux véhicules - côté,,,,,,,,,,,5,2,2,1.0,3
201200022788,0012-07-11 09:30:00,12,7,11,9,30,280,85,"sans, VANGEON (RUE)",,,Plein jour,En agglomération,Intersection en X,Normale,Deux véhicules - côté,,,,,,,,,,,1,2,2,1.0,3
201200022789,0012-07-11 17:10:00,12,7,11,17,10,280,85,"sans, EPARS (PLACE DES)",48.44372,1.48372,Plein jour,En agglomération,Hors intersection,Normale,Autre collision,,,,,,,,,,,1,2,1,1.0,6
201200022790,0012-07-13 21:15:00,12,7,13,21,15,280,85,"sans, RD 939",,,Crépuscule ou aube,Hors agglomération,Hors intersection,Pluie forte,Autre collision,,,,,,,,,,,2,1,1,3.0,6
201200022791,0012-07-17 18:15:00,12,7,17,18,15,280,85,"SANS, ANCIENS COMBATTANT",48.44765,1.52085,Plein jour,En agglomération,Intersection en X,Normale,Deux véhicules - frontale,,,,,,,,,,,1,2,2,1.0,1
201200022792,0012-07-24 10:05:00,12,7,24,10,5,280,85,"sans, GRAND FAUBOURG (RU",48.4432,1.48067,Plein jour,En agglomération,Hors intersection,Normale,Autre collision,,,,,,,,,,,1,2,1,1.0,6
201200022793,0012-07-25 15:15:00,12,7,25,15,15,280,85,"sans, BOURGNEUF (RUE DU)",,,Plein jour,En agglomération,Intersection en X,Normale,Deux véhicules - côté,,,,,,,,,,,1,2,2,1.0,3
201200022794,0012-07-28 00:57:00,12,7,28,0,57,280,85,"sans, DROUAISE (PLACE)",48.453,1.48853,Nuit avec éclairage allumé,En agglomération,Hors intersection,Normale,Autre collision,,,,,,,,,,,5,2,1,1.0,6
201200022795,0012-08-04 18:15:00,12,8,4,18,15,280,229,"sans, D105",,,Plein jour,Hors agglomération,Hors intersection,Normale,Sans collision,,,,,,,,,,,1,1,1,1.0,7
201200022796,0012-08-04 23:25:00,12,8,4,23,25,280,85,"SANS, SEMARD (PLACE PIER",48.44807,1.48178,Nuit avec éclairage allumé,En agglomération,Hors intersection,Normale,Autre collision,,,,,,,,,,,5,2,1,1.0,6
201200022797,0012-08-05 10:15:00,12,8,5,10,15,280,229,"sans, ALLENDE (RUE SALVA",48.44622,1.46077,Plein jour,En agglomération,Intersection en X,Normale,Deux véhicules - frontale,,,,,,,,,,,1,2,2,1.0,1
201200022798,0012-08-06 15:40:00,12,8,6,15,40,280,85,"SANS, MAUNOURY (RUE DU D",48.43963,1.48204,Plein jour,En agglomération,Intersection en X,Normale,Deux véhicules - frontale,,,,,,,,,,,1,2,2,1.0,1
201200022799,0012-08-07 13:15:00,12,8,7,13,15,280,85,"SANS, SAINT EMAN (TERTRE",48.44722,1.48985,Plein jour,En agglomération,Hors intersection,Normale,Autre collision,,,,,,,,,,,1,2,1,1.0,6
201200022800,0012-08-10 09:00:00,12,8,10,9,0,280,229,"91, GAMBETTA (RUE LEON)",,,Plein jour,En agglomération,Hors intersection,Normale,Trois véhicules et plus - collisions multiples,,,,,,,,,,,1,2,1,1.0,5
201200022801,0012-08-16 07:50:00,12,8,16,7,50,280,85,"sans, MERMOZ (RUE JEAN)",48.45069,1.51116,Plein jour,Hors agglomération,Hors intersection,Normale,Deux véhicules - arrière,,,,,,,,,,,1,1,1,1.0,2
201200022802,0012-08-18 12:00:00,12,8,18,12,0,280,209,"SANS, RN 154",,,Plein jour,En agglomération,Intersection en X,Normale,Deux véhicules - frontale,,,,,,,,,,,1,2,2,1.0,1
201200022803,0012-08-18 16:40:00,12,8,18,16,40,280,85,"SANS, BESNE (RUE DU MEDE",48.45121,1.51328,Plein jour,En agglomération,Intersection en X,Normale,Deux véhicules - côté,,,,,,,,,,,1,2,2,1.0,3
201200022804,0012-08-19 11:10:00,12,8,19,11,10,280,229,"sans, GAMBETTA (RUE LEON",,,Plein jour,En agglomération,Hors intersection,Normale,Deux véhicules - frontale,,,,,,,,,,,1,2,1,1.0,1
201200022805,0012-08-22 17:00:00,12,8,22,17,0,280,218,"sans, REPUBLIQUE (RUE DE",48.43902,1.459,Plein jour,En agglomération,Hors intersection,Normale,Autre collision,,,,,,,,,,,1,2,1,1.0,6
201200022806,0012-08-24 16:50:00,12,8,24,16,50,280,220,"34, AVENUE DE LA REPUBLI",,,Plein jour,En agglomération,Hors intersection,Pluie légère,Autre collision,,,,,,,,,,,1,2,1,2.0,6