accident_id,datetime,annee,mois,jour,heure,minute,departement,commune_insee,adresse,latitude,longitude,luminosite,agglomeration,intersection,meteo,collision,nb_vehicules,nb_usagers,nb_indemnes,nb_tues,nb_blesses_hosp,nb_blesses_legers,age_cond_1,age_cond_2,veh_type_cond_1,veh_type_cond_2,lum_code,agg_code,int_code,atm_code,col_code
201200022935,0012-01-26 14:15:00,12,1,26,14,15,220,272,,48.553,-3.107,Plein jour,Hors agglomération,Hors intersection,Normale,Deux véhicules - arrière,,,,,,,,,,,1,1,1,1.0,2
201200022936,0012-04-16 01:15:00,12,4,16,1,15,220,4,,48.6402,-3.32516,Nuit sans éclairage public,Hors agglomération,Hors intersection,Normale,Sans collision,,,,,,,,,,,3,1,1,1.0,7
201200022937,0012-04-24 13:45:00,12,4,24,13,45,220,227,,48.55856,-3.48963,Plein jour,Hors agglomération,Hors intersection,Normale,Deux véhicules - arrière,,,,,,,,,,,1,1,1,1.0,2
201200022938,0012-04-24 16:00:00,12,4,24,16,0,220,187,Viaduc du Gouët,48.52543,-2.75183,Plein jour,Hors agglomération,Hors intersection,Temps couvert,Sans collision,,,,,,,,,,,1,1,1,8.0,7
201200022939,0012-05-05 11:00:00,12,5,5,11,0,220,4,,48.60426,-3.27182,Plein jour,Hors agglomération,Hors intersection,Temps couvert,Sans collision,,,,,,,,,,,1,1,1,8.0,7
201200022940,0012-06-22 15:45:00,12,6,22,15,45,220,164,,48.59809,-3.26396,Plein jour,Hors agglomération,Hors intersection,Normale,Autre collision,,,,,,,,,,,1,1,1,1.0,6
201200022941,0012-11-30 08:15:00,12,11,30,8,15,220,272,,48.555,-3.117,Crépuscule ou aube,Hors agglomération,Hors intersection,Autre,Deux véhicules - frontale,,,,,,,,,,,2,1,1,9.0,1
201200022942,0012-11-29 23:00:00,12,11,29,23,0,220,187,LA VILLE PRIDO,48.54505,-2.80009,Nuit sans éclairage public,Hors agglomération,Hors intersection,Normale,Deux véhicules - arrière,,,,,,,,,,,3,1,1,1.0,2
201200022943,0012-11-27 08:30:00,12,11,27,8,30,220,225,LAUTREMEN,48.54951,-3.10831,Crépuscule ou aube,Hors agglomération,Hors intersection,Pluie légère,Trois véhicules et plus - collisions multiples,,,,,,,,,,,2,1,1,2.0,5
201200022944,0012-02-01 14:15:00,12,2,1,14,15,220,93,La Ville es Lan,48.46461,-2.54449,Plein jour,Hors agglomération,Hors intersection,Normale,Sans collision,,,,,,,,,,,1,1,1,1.0,7
201200022945,0012-03-23 07:30:00,12,3,23,7,30,220,341,,48.39097,-2.39476,Crépuscule ou aube,Hors agglomération,Hors intersection,Brouillard / fumée,Trois véhicules et plus - en chaîne,,,,,,,,,,,2,1,1,5.0,4
201200022946,0012-03-23 07:30:00,12,3,23,7,30,220,341,,48.39068,-2.39394,Crépuscule ou aube,Hors agglomération,Hors intersection,Brouillard / fumée,Deux véhicules - arrière,,,,,,,,,,,2,1,1,5.0,2
201200022947,0012-06-01 23:00:00,12,6,1,23,0,220,44,LES LANDES,48.47525,-2.5762,Nuit sans éclairage public,Hors agglomération,Hors intersection,Normale,Deux véhicules - arrière,,,,,,,,,,,3,1,1,1.0,2
201200022948,0012-06-14 15:45:00,12,6,14,15,45,220,305,,48.27207,-2.1713,Plein jour,Hors agglomération,Hors intersection,Normale,Deux véhicules - frontale,,,,,,,,,,,1,1,1,1.0,1
201200022949,0012-07-08 07:15:00,12,7,8,7,15,220,341,La Croix de l'Epine,48.39306,-2.39994,Plein jour,Hors agglomération,Hors intersection,Normale,Sans collision,,,,,,,,,,,1,1,1,1.0,7
201200022950,0012-08-26 08:15:00,12,8,26,8,15,220,246,La Ville Hamon,48.47697,-2.60528,Plein jour,Hors agglomération,Hors intersection,Normale,Sans collision,,,,,,,,,,,1,1,1,1.0,7
201200022951,0012-09-11 07:45:00,12,9,11,7,45,220,213,,48.5371,-1.99114,Crépuscule ou aube,Hors agglomération,Hors intersection,Normale,Deux véhicules - arrière,,,,,,,,,,,2,1,1,1.0,2
201200022952,0012-11-06 04:45:00,12,11,6,4,45,220,185,,48.383,-2.367,Nuit avec éclairage non allumé,Hors agglomération,Hors intersection,Normale,Sans collision,,,,,,,,,,,4,1,1,1.0,7
201200022953,0012-11-05 13:45:00,12,11,5,13,45,220,84,,48.41587,-2.3179,Plein jour,Hors agglomération,Hors intersection,Normale,Sans collision,,,,,,,,,,,1,1,1,1.0,7
201200022954,0012-12-09 15:30:00,12,12,9,15,30,220,20,,48.29718,-2.22833,Plein jour,Hors agglomération,Hors intersection,Temps couvert,Autre collision,,,,,,,,,,,1,1,1,8.0,6
201200022955,0012-12-17 15:30:00,12,12,17,15,30,220,20,LE CHALET,48.32247,-2.25397,Plein jour,Hors agglomération,Hors intersection,Temps éblouissant,Sans collision,,,,,,,,,,,1,1,1,7.0,7
201200022956,0012-12-26 17:15:00,12,12,26,17,15,220,44,,48.481,-2.59,Nuit sans éclairage public,Hors agglomération,Hors intersection,Temps couvert,Autre collision,,,,,,,,,,,3,1,1,8.0,6
201200022957,0012-01-16 18:15:00,12,1,16,18,15,290,268,,48.47897,-4.30868,Nuit sans éclairage public,Hors agglomération,Hors intersection,Normale,Deux véhicules - arrière,,,,,,,,,,,3,1,1,1.0,2
201200022958,0012-01-02 13:00:00,12,1,2,13,0,290,268,,48.46958,-4.33271,Plein jour,Hors agglomération,Hors intersection,Neige / grêle,Trois véhicules et plus - en chaîne,,,,,,,,,,,1,1,1,4.0,4
201200022959,0012-02-23 02:15:00,12,2,23,2,15,290,19,,48.43328,-4.46502,Nuit sans éclairage public,Hors agglomération,Hors intersection,Pluie légère,Autre collision,,,,,,,,,,,3,1,1,2.0,6
201200022960,0012-05-31 16:15:00,12,5,31,16,15,290,68,,48.52035,-4.00401,Plein jour,Hors agglomération,Hors intersection,Normale,Autre collision,,,,,,,,,,,1,1,1,1.0,6
201200022961,0012-07-03 11:30:00,12,7,3,11,30,290,181,,48.493,-4.232,Plein jour,Hors agglomération,Hors intersection,Pluie forte,Sans collision,,,,,,,,,,,1,1,1,3.0,7
201200022962,0012-10-18 15:45:00,12,10,18,15,45,290,264,,48.50355,-4.14801,Plein jour,Hors agglomération,Hors intersection,Normale,Trois véhicules et plus - collisions multiples,,,,,,,,,,,1,1,1,1.0,5
201200022963,0012-05-19 10:45:00,12,5,19,10,45,290,140,1,48.3834,-4.32314,Plein jour,Hors agglomération,Hors intersection,Normale,Autre collision,,,,,,,,,,,1,1,1,1.0,6
201200022964,0012-09-05 17:00:00,12,9,5,17,0,290,20,,48.08263,-4.04328,Plein jour,Hors agglomération,Hors intersection,Normale,Deux véhicules - arrière,,,,,,,,,,,1,1,1,1.0,2
201200022965,0012-12-21 19:00:00,12,12,21,19,0,290,26,,48.21684,-4.05579,Nuit sans éclairage public,Hors agglomération,Hors intersection,Pluie légère,Trois véhicules et plus - en chaîne,,,,,,,,,,,3,1,1,2.0,4
201200022966,0012-03-16 21:15:00,12,3,16,21,15,350,206,,48.07374,-1.67579,Nuit sans éclairage public,Hors agglomération,Hors intersection,Normale,Deux véhicules - arrière,,,,,,,,,,,3,1,1,1.0,2
201200022967,0012-03-25 07:45:00,12,3,25,7,45,350,363,,48.00248,-1.69271,Crépuscule ou aube,Hors agglomération,Hors intersection,Normale,Autre collision,,,,,,,,,,,2,1,1,1.0,6
201200022968,0012-07-07 15:30:00,12,7,7,15,30,350,124,,47.73813,-1.71319,Plein jour,Hors agglomération,Hors intersection,Normale,Autre collision,,,,,,,,,,,1,1,1,1.0,6
201200022969,0012-10-05 23:45:00,12,10,5,23,45,350,206,,48.05428,-1.68121,Nuit sans éclairage public,Hors agglomération,Hors intersection,Autre,Deux véhicules - frontale,,,,,,,,,,,3,1,1,9.0,1
201200022970,0012-01-06 19:30:00,12,1,6,19,30,350,273,,48.38224,-1.30458,Nuit sans éclairage public,Hors agglomération,Hors intersection,Normale,Trois véhicules et plus - collisions multiples,,,,,,,,,,,3,1,1,1.0,5
201200022971,0012-01-23 08:45:00,12,1,23,8,45,350,152,,48.19412,-1.5387,Plein jour,Hors agglomération,Hors intersection,Normale,Deux véhicules - arrière,,,,,,,,,,,1,1,1,1.0,2
201200022972,0012-01-24 08:00:00,12,1,24,8,0,350,334,,48.16429,-1.58935,Crépuscule ou aube,Hors agglomération,Hors intersection,Pluie légère,Trois véhicules et plus - en chaîne,,,,,,,,,,,2,1,1,2.0,4
201200022973,0012-03-30 10:15:00,12,3,30,10,15,350,310,,48.36782,-1.3042,Plein jour,Hors agglomération,Hors intersection,Normale,Sans collision,,,,,,,,,,,1,1,1,1.0,7
201200022974,0012-04-22 07:45:00,12,4,22,7,45,350,121,,48.24581,-1.43852,Plein jour,Hors agglomération,Hors intersection,Normale,Deux véhicules - arrière,,,,,,,,,,,1,1,1,1.0,2
201200022975,0012-05-23 10:45:00,12,5,23,10,45,350,152,,48.23287,-1.48391,Plein jour,Hors agglomération,Hors intersection,Normale,Deux véhicules - arrière,,,,,,,,,,,1,1,1,1.0,2
201200022976,0012-09-10 23:30:00,12,9,10,23,30,350,51,,48.1492,-1.5969,Nuit sans éclairage public,Hors agglomération,Hors intersection,Normale,Sans collision,,,,,,,,,,,3,1,1,1.0,7
201200022977,0012-03-03 05:00:00,12,3,3,5,0,10,360,,46.1993,5.96495,Nuit sans éclairage public,Hors agglomération,Hors intersection,Normale,Sans collision,,,,,,,,,,,3,1,1,1.0,7
201200022978,0012-06-28 13:15:00,12,6,28,13,15,10,419,,46.2155,5.97263,Plein jour,Hors agglomération,Intersection en Y,Normale,Deux véhicules - côté,,,,,,,,,,,1,1,4,1.0,3
201200022979,0012-07-01 10:00:00,12,7,1,10,0,10,354,ROND POINT INTERMARCH?,46.2644,6.03097,Plein jour,En agglomération,Giratoire,Pluie légère,Deux véhicules - arrière,,,,,,,,,,,1,2,6,2.0,2
201200022980,0012-09-07 20:30:00,12,9,7,20,30,10,354,24 rue de la faucille,,,Nuit sans éclairage public,En agglomération,Hors intersection,Normale,Deux véhicules - arrière,,,,,,,,,,,3,2,1,1.0,2
201200022981,0012-01-25 20:00:00,12,1,25,20,0,10,354,,46.2537,6.05284,Nuit avec éclairage allumé,Hors agglomération,Hors intersection,Temps couvert,Deux véhicules - frontale,,,,,,,,,,,5,1,1,8.0,1
201200022982,0012-03-14 19:00:00,12,3,14,19,0,10,354,RUE DE GENEVE,,,Nuit avec éclairage allumé,En agglomération,Hors intersection,Normale,Deux véhicules - arrière,,,,,,,,,,,5,2,1,1.0,2
201200022983,0012-03-28 14:30:00,12,3,28,14,30,10,419,PLACE D'ALLEMOGNE,46.2445,5.9836,Plein jour,En agglomération,Place,Normale,Deux véhicules - côté,,,,,,,,,,,1,2,7,1.0,3
201200022984,0012-08-05 14:00:00,12,8,5,14,0,10,354,,,,Plein jour,Hors agglomération,Hors intersection,Normale,Deux véhicules - côté,,,,,,,,,,,1,1,1,1.0,3
201200022985,0012-09-24 18:30:00,12,9,24,18,30,10,354,rue de gen?ve,,,Plein jour,En agglomération,Hors intersection,Normale,Autre collision,,,,,,,,,,,1,2,1,1.0,6
201200022986,0012-06-14 17:30:00,12,6,14,17,30,540,572,,49.898,5.061,Plein jour,Hors agglomération,Hors intersection,Normale,Autre collision,,,,,,,,,,,1,1,1,1.0,6
201200022987,0012-02-10 15:00:00,12,2,10,15,0,540,138,rue de lorraine,49.52815,5.74112,Plein jour,En agglomération,Hors intersection,Normale,Deux véhicules - côté,,,,,,,,,,,1,2,1,1.0,3
201200022988,0012-03-28 10:30:00,12,3,28,10,30,540,314,,49.49759,5.71808,Plein jour,Hors agglomération,Hors intersection,Normale,Autre collision,,,,,,,,,,,1,1,1,1.0,6
201200022989,0012-04-12 19:45:00,12,4,12,19,45,540,322,,49.486,5.595,Plein jour,Hors agglomération,Hors intersection,Normale,Deux véhicules - côté,,,,,,,,,,,1,1,1,1.0,3
201200022990,0012-05-14 16:00:00,12,5,14,16,0,540,574,RUE DE LONGWY,49.50517,5.69574,Plein jour,En agglomération,Autre intersection,Normale,Deux véhicules - arrière,,,,,,,,,,,1,2,9,1.0,2
201200022991,0012-05-19 07:00:00,12,5,19,7,0,540,378,,49.45,5.617,Plein jour,Hors agglomération,Hors intersection,Normale,Sans collision,,,,,,,,,,,1,1,1,1.0,7
201200022992,0012-06-11 12:15:00,12,6,11,12,15,540,138,,49.52401,5.72192,Plein jour,Hors agglomération,Hors intersection,Normale,Deux véhicules - côté,,,,,,,,,,,1,1,1,1.0,3
201200022993,0012-06-29 17:00:00,12,6,29,17,0,540,322,RUE DE L'HOTEL DE VILLE,49.446,5.601,Plein jour,En agglomération,Autre intersection,Normale,Autre collision,,,,,,,,,,,1,2,9,1.0,6
201200022994,0012-06-28 08:45:00,12,6,28,8,45,540,67,,49.427,,Plein jour,Hors agglomération,Hors intersection,Normale,Deux véhicules - frontale,,,,,,,,,,,1,1,1,1.0,1
201200022995,0012-07-10 11:45:00,12,7,10,11,45,540,322,,49.431,5.614,Plein jour,Hors agglomération,Hors intersection,Normale,Autre collision,,,,,,,,,,,1,1,1,1.0,6
201200022996,0012-07-22 11:15:00,12,7,22,11,15,540,234,4 rue du Moulin,49.494,5.745,Plein jour,En agglomération,Hors intersection,Normale,Sans collision,,,,,,,,,,,1,2,1,1.0,7
201200022997,0012-07-23 17:45:00,12,7,23,17,45,540,314,,49.5,5.714,Plein jour,Hors agglomération,Hors intersection,Normale,Deux véhicules - côté,,,,,,,,,,,1,1,1,1.0,3
201200022998,0012-08-10 17:15:00,12,8,10,17,15,540,234,Rue du 131?me RI,49.54,5.682,Plein jour,En agglomération,Hors intersection,Normale,Deux véhicules - côté,,,,,,,,,,,1,2,1,1.0,3
201200022999,0012-09-02 05:00:00,12,9,2,5,0,540,385,,49.45336,5.84084,Nuit sans éclairage public,Hors agglomération,Hors intersection,Normale,Autre collision,,,,,,,,,,,3,1,1,1.0,6
201200023000,0012-09-07 22:45:00,12,9,7,22,45,540,322,,49.472,5.597,Nuit sans éclairage public,Hors agglomération,Hors intersection,Normale,Sans collision,,,,,,,,,,,3,1,1,1.0,7
201200023001,0012-12-10 15:30:00,12,12,10,15,30,540,314,rue foch,49.49351,5.73218,Plein jour,En agglomération,Hors intersection,Temps couvert,Deux véhicules - côté,,,,,,,,,,,1,2,1,8.0,3
201200023002,0012-04-10 20:00:00,12,4,10,20,0,670,283,,,,Nuit avec éclairage allumé,Hors agglomération,Hors intersection,Pluie légère,Autre collision,,,,,,,,,,,5,1,1,2.0,6
201200023003,0012-08-12 14:00:00,12,8,12,14,0,670,437,rue du 19 novembre,,,Plein jour,En agglomération,Hors intersection,Normale,Deux véhicules - arrière,,,,,,,,,,,1,2,1,1.0,2
201200023004,0012-08-25 15:30:00,12,8,25,15,30,670,283,Rue du Mal DE LATTRE DE,,,Plein jour,En agglomération,Hors intersection,Normale,Autre collision,,,,,,,,,,,1,2,1,1.0,6
201200023005,0012-09-24 11:00:00,12,9,24,11,0,670,275,,,,Plein jour,Hors agglomération,Hors intersection,Pluie légère,Sans collision,,,,,,,,,,,1,1,1,2.0,7
201200023006,0012-01-14 11:00:00,12,1,14,11,0,830,36,avenue des alli?s,,,Plein jour,En agglomération,Hors intersection,Normale,Autre collision,,,,,,,,,,,1,2,1,1.0,6
201200023007,0012-01-24 10:00:00,12,1,24,10,0,830,36,384 av de la castillane,,,Plein jour,En agglomération,Hors intersection,Normale,Deux véhicules - côté,,,,,,,,,,,1,2,1,1.0,3
201200023008,0012-02-12 16:15:00,12,2,12,16,15,830,48,,43.209,6.566,Plein jour,Hors agglomération,Hors intersection,Normale,Trois véhicules et plus - collisions multiples,,,,,,,,,,,1,1,1,1.0,5
201200023009,0012-03-28 17:30:00,12,3,28,17,30,830,48,,,,Plein jour,En agglomération,Place,Normale,Autre collision,,,,,,,,,,,1,2,7,1.0,6
201200023010,0012-04-08 05:30:00,12,4,8,5,30,830,48,,43.333,6.94,Nuit sans éclairage public,Hors agglomération,Hors intersection,Normale,Autre collision,,,,,,,,,,,3,1,1,1.0,6
201200023011,0012-05-02 10:15:00,12,5,2,10,15,830,36,AV MARECHAL LYAUTEY D559,,,Plein jour,En agglomération,Hors intersection,Normale,Autre collision,,,,,,,,,,,1,2,1,1.0,6
201200023012,0012-05-02 10:30:00,12,5,2,10,30,830,36,d559 rd pt de l'europe,,,Plein jour,En agglomération,Giratoire,Normale,Deux véhicules - côté,,,,,,,,,,,1,2,6,1.0,3
201200023013,0012-06-18 11:15:00,12,6,18,11,15,830,36,332 AV M  lyautey,,,Plein jour,En agglomération,Hors intersection,Normale,Autre collision,,,,,,,,,,,1,2,1,1.0,6
201200023014,0012-07-10 12:00:00,12,7,10,12,0,830,152,D.559 PK 66+800,,,Plein jour,En agglomération,Hors intersection,Normale,Trois véhicules et plus - collisions multiples,,,,,,,,,,,1,2,1,1.0,5
201200023015,0012-08-02 11:45:00,12,8,2,11,45,830,36,avenue de la Castillane,43.295,6.872,Plein jour,En agglomération,Hors intersection,Normale,Deux véhicules - côté,,,,,,,,,,,1,2,1,1.0,3
201200023016,0012-08-03 13:00:00,12,8,3,13,0,830,36,,43.305,6.9,Plein jour,En agglomération,Hors intersection,Normale,Autre collision,,,,,,,,,,,1,2,1,1.0,6
201200023017,0012-08-11 18:30:00,12,8,11,18,30,830,152,,43.201,6.555,Plein jour,Hors agglomération,Hors intersection,Normale,Deux véhicules - côté,,,,,,,,,,,1,1,1,1.0,3
201200023018,0012-08-27 01:45:00,12,8,27,1,45,830,152,,43.271,6.86,Nuit sans éclairage public,Hors agglomération,Hors intersection,Normale,Deux véhicules - frontale,,,,,,,,,,,3,1,1,1.0,1
201200023019,0012-09-02 19:45:00,12,9,2,19,45,830,36,170 AVENUE DES ALLIES,43.287,6.884,Plein jour,En agglomération,Hors intersection,Temps couvert,Deux véhicules - frontale,,,,,,,,,,,1,2,1,8.0,1
201200023020,0012-09-05 22:45:00,12,9,5,22,45,830,48,,43.203,6.558,Nuit avec éclairage allumé,Hors agglomération,Hors intersection,Normale,Deux véhicules - frontale,,,,,,,,,,,5,1,1,1.0,1
201200023021,0012-09-23 08:15:00,12,9,23,8,15,830,36,,43.309,6.908,Plein jour,Hors agglomération,Hors intersection,Normale,Deux véhicules - côté,,,,,,,,,,,1,1,1,1.0,3
201200023022,0012-09-30 14:00:00,12,9,30,14,0,830,36,,43.158,6.504,Plein jour,Hors agglomération,Hors intersection,Normale,Deux véhicules - arrière,,,,,,,,,,,1,1,1,1.0,2
201200023023,0012-10-28 15:45:00,12,10,28,15,45,830,36,rue du Port,43.284,6.894,Plein jour,En agglomération,Hors intersection,Normale,Autre collision,,,,,,,,,,,1,2,1,1.0,6
201200023024,0012-11-17 08:30:00,12,11,17,8,30,830,36,Avenue de St Raphael,43.301,6.896,Plein jour,En agglomération,Hors intersection,Normale,Deux véhicules - arrière,,,,,,,,,,,1,2,1,1.0,2
201200023025,0012-06-15 06:45:00,12,6,15,6,45,40,96,cd 900,44.417,6.73,Crépuscule ou aube,En agglomération,Hors intersection,Normale,Autre collision,,,,,,,,,,,2,2,1,1.0,6
201200023026,0012-02-18 17:00:00,12,2,18,17,0,350,219,,47.838,-1.992,Plein jour,Hors agglomération,Hors intersection,Normale,Sans collision,,,,,,,,,,,1,1,1,1.0,7
201200023027,0012-11-11 09:45:00,12,11,11,9,45,350,168,Rue de Guer,,,Plein jour,En agglomération,Hors intersection,Normale,Autre collision,,,,,,,,,,,1,2,1,1.0,6
201200023028,0012-01-26 17:00:00,12,1,26,17,0,330,58,rue hopital,,,Plein jour,En agglomération,Intersection en X,Normale,Deux véhicules - côté,,,,,,,,,,,1,2,2,1.0,3
201200023029,0012-02-05 09:30:00,12,2,5,9,30,330,477,route de Saint malo,45.161,-0.627,Plein jour,En agglomération,Hors intersection,Neige / grêle,Sans collision,,,,,,,,,,,1,2,1,4.0,7
201200023030,0012-02-25 01:15:00,12,2,25,1,15,330,159,,,,Nuit sans éclairage public,Hors agglomération,Hors intersection,Normale,Autre collision,,,,,,,,,,,3,1,1,1.0,6
201200023031,0012-03-28 19:30:00,12,3,28,19,30,330,47,,,,Plein jour,Hors agglomération,Hors intersection,Normale,Deux véhicules - frontale,,,,,,,,,,,1,1,1,1.0,1
201200023032,0012-04-20 12:30:00,12,4,20,12,30,330,73,,,,Plein jour,Hors agglomération,Hors intersection,Normale,Deux véhicules - frontale,,,,,,,,,,,1,1,1,1.0,1
201200023033,0012-06-06 12:00:00,12,6,6,12,0,330,380,,,,Plein jour,Hors agglomération,Hors intersection,Normale,Deux véhicules - côté,,,,,,,,,,,1,1,1,1.0,3
201200023034,0012-07-04 19:00:00,12,7,4,19,0,330,101,,,,Plein jour,Hors agglomération,Hors intersection,Normale,Deux véhicules - frontale,,,,,,,,,,,1,1,1,1.0,1
201200023035,0012-07-18 15:00:00,12,7,18,15,0,330,58,,,,Plein jour,Hors agglomération,Hors intersection,Normale,Deux véhicules - frontale,,,,,,,,,,,1,1,1,1.0,1
201200023036,0012-09-22 16:30:00,12,9,22,16,30,330,267,,,,Plein jour,Hors agglomération,Hors intersection,Normale,Autre collision,,,,,,,,,,,1,1,1,1.0,6
201200023037,0012-10-05 08:45:00,12,10,5,8,45,330,477,ROUTE DE ST MALO,45.164,-0.623,Plein jour,En agglomération,Hors intersection,Normale,Deux véhicules - côté,,,,,,,,,,,1,2,1,1.0,3
201200023038,0012-10-20 18:15:00,12,10,20,18,15,330,389,,,,Plein jour,Hors agglomération,Hors intersection,Pluie légère,Deux véhicules - arrière,,,,,,,,,,,1,1,1,2.0,2
201200023039,0012-10-30 18:15:00,12,10,30,18,15,330,325,,45.108,-0.647,Crépuscule ou aube,En agglomération,Hors intersection,Temps couvert,Deux véhicules - côté,,,,,,,,,,,2,2,1,8.0,3
201200023040,0012-11-27 20:00:00,12,11,27,20,0,330,389,,45.308,-0.684,Nuit sans éclairage public,Hors agglomération,Hors intersection,Normale,Autre collision,,,,,,,,,,,3,1,1,1.0,6
201200023041,0012-12-15 05:45:00,12,12,15,5,45,330,477,,,,Nuit sans éclairage public,Hors agglomération,Hors intersection,Pluie légère,Autre collision,,,,,,,,,,,3,1,1,2.0,6
201200023042,0012-01-06 10:30:00,12,1,6,10,30,620,706,,50.57,2.783,Plein jour,Hors agglomération,Intersection en X,Temps éblouissant,Deux véhicules - côté,,,,,,,,,,,1,1,2,7.0,3
201200023043,0012-01-03 13:15:00,12,1,3,13,15,210,634,,,,Plein jour,Hors agglomération,Hors intersection,Normale,Deux véhicules - côté,,,,,,,,,,,1,1,1,1.0,3
201200023044,0012-01-14 03:45:00,12,1,14,3,45,210,87,,47.105,4.738,Nuit sans éclairage public,Hors agglomération,Hors intersection,Normale,Autre collision,,,,,,,,,,,3,1,1,1.0,6
201200023045,0012-02-18 10:30:00,12,2,18,10,30,210,87,,47.103,4.725,Plein jour,Hors agglomération,Hors intersection,Normale,Autre collision,,,,,,,,,,,1,1,1,1.0,6
201200023046,0012-03-10 09:30:00,12,3,10,9,30,210,529,,47.421,4.334,Plein jour,Hors agglomération,Hors intersection,Normale,Deux véhicules - arrière,,,,,,,,,,,1,1,1,1.0,2
201200023047,0012-03-18 15:15:00,12,3,18,15,15,210,247,,47.489,4.162,Plein jour,Hors agglomération,Hors intersection,Neige / grêle,Autre collision,,,,,,,,,,,1,1,1,4.0,6
201200023048,0012-04-03 12:15:00,12,4,3,12,15,210,298,,47.322,4.495,Plein jour,Hors agglomération,Hors intersection,Normale,Deux véhicules - côté,,,,,,,,,,,1,1,1,1.0,3
201200023049,0012-05-02 04:30:00,12,5,2,4,30,210,247,,,,Nuit sans éclairage public,Hors agglomération,Hors intersection,Temps couvert,Deux véhicules - arrière,,,,,,,,,,,3,1,1,8.0,2
201200023050,0012-05-05 22:45:00,12,5,5,22,45,210,244,,,,Nuit sans éclairage public,Hors agglomération,Hors intersection,Normale,Deux véhicules - arrière,,,,,,,,,,,3,1,1,1.0,2
201200023051,0012-05-26 12:15:00,12,5,26,12,15,210,214,,47.191,4.676,Plein jour,Hors agglomération,Hors intersection,Normale,Autre collision,,,,,,,,,,,1,1,1,1.0,6
201200023052,0012-06-28 17:00:00,12,6,28,17,0,210,501,,47.256,4.557,Plein jour,Hors agglomération,Intersection en X,Normale,Trois véhicules et plus - collisions multiples,,,,,,,,,,,1,1,2,1.0,5
201200023053,0012-07-05 16:00:00,12,7,5,16,0,210,501,,47.36,4.437,Plein jour,Hors agglomération,Hors intersection,Normale,Deux véhicules - arrière,,,,,,,,,,,1,1,1,1.0,2
201200023054,0012-07-14 18:30:00,12,7,14,18,30,210,244,,47.314,4.5,Plein jour,Hors agglomération,Hors intersection,Normale,Autre collision,,,,,,,,,,,1,1,1,1.0,6
201200023055,0012-12-07 14:15:00,12,12,7,14,15,210,634,,,,Plein jour,Hors agglomération,Hors intersection,Pluie légère,Autre collision,,,,,,,,,,,1,1,1,2.0,6
201200023056,0012-12-22 10:15:00,12,12,22,10,15,210,463,,47.595,4.721,Plein jour,Hors agglomération,Hors intersection,Pluie légère,Sans collision,,,,,,,,,,,1,1,1,2.0,7
201200023057,0012-03-14 08:00:00,12,3,14,8,0,860,135,,46.612,0.532,Plein jour,Hors agglomération,Hors intersection,Normale,Sans collision,,,,,,,,,,,1,1,1,1.0,7
201200023058,0012-07-05 18:30:00,12,7,5,18,30,860,70,rocade sud agglom?ration,46.565,0.628,Plein jour,En agglomération,Hors intersection,Temps couvert,Trois véhicules et plus - collisions multiples,,,,,,,,,,,1,2,1,8.0,5
201200023059,0012-05-20 13:45:00,12,5,20,13,45,860,153,,,,Plein jour,Hors agglomération,Hors intersection,Normale,Deux véhicules - frontale,,,,,,,,,,,1,1,1,1.0,1
201200023060,0012-05-28 21:30:00,12,5,28,21,30,860,170,,,,Crépuscule ou aube,Hors agglomération,Hors intersection,Normale,Deux véhicules - frontale,,,,,,,,,,,2,1,1,1.0,1
201200023061,0012-05-31 02:15:00,12,5,31,2,15,860,34,,,,Nuit sans éclairage public,Hors agglomération,Hors intersection,Normale,Sans collision,,,,,,,,,,,3,1,1,1.0,7
201200023062,0012-08-31 07:00:00,12,8,31,7,0,860,34,,,,Plein jour,Hors agglomération,Hors intersection,Normale,Autre collision,,,,,,,,,,,1,1,1,1.0,6
201200023063,0012-11-19 19:45:00,12,11,19,19,45,860,254,,,,Nuit sans éclairage public,Hors agglomération,Hors intersection,Normale,Deux véhicules - arrière,,,,,,,,,,,3,1,1,1.0,2
201200023064,0012-11-24 15:45:00,12,11,24,15,45,860,190,,,,Plein jour,Hors agglomération,Hors intersection,Normale,Sans collision,,,,,,,,,,,1,1,1,1.0,7
201200023065,0012-12-29 06:45:00,12,12,29,6,45,10,143,,46.363,6.118,Crépuscule ou aube,Hors agglomération,Hors intersection,Autre,Deux véhicules - frontale,,,,,,,,,,,2,1,1,9.0,1
201200023066,0012-05-28 11:45:00,12,5,28,11,45,120,26,,44.397,2.782,Plein jour,Hors agglomération,Intersection en T,Normale,Deux véhicules - côté,,,,,,,,,,,1,1,3,1.0,3
201200023067,0012-06-17 13:00:00,12,6,17,13,0,120,271,route de Vezins,,,Plein jour,En agglomération,Hors intersection,Normale,Autre collision,,,,,,,,,,,1,2,1,1.0,6
201200023068,0012-07-17 23:15:00,12,7,17,23,15,120,96,,,,Nuit sans éclairage public,Hors agglomération,Hors intersection,Normale,Deux véhicules - frontale,,,,,,,,,,,3,1,1,1.0,1