accident_id,datetime,annee,mois,jour,heure,minute,departement,commune_insee,adresse,latitude,longitude,luminosite,agglomeration,intersection,meteo,collision,nb_vehicules,nb_usagers,nb_indemnes,nb_tues,nb_blesses_hosp,nb_blesses_legers,age_cond_1,age_cond_2,veh_type_cond_1,veh_type_cond_2,lum_code,agg_code,int_code,atm_code,col_code
201200023069,0012-10-07 06:45:00,12,10,7,6,45,120,157,,,,Nuit sans éclairage public,Hors agglomération,Hors intersection,Pluie légère,Deux véhicules - frontale,,,,,,,,,,,3,1,1,2.0,1
201200023070,0012-11-25 02:15:00,12,11,25,2,15,120,33,,44.47,2.742,Nuit sans éclairage public,Hors agglomération,Hors intersection,Normale,Autre collision,,,,,,,,,,,3,1,1,1.0,6
201200023071,0012-03-18 16:30:00,12,3,18,16,30,640,254,,,,Plein jour,Hors agglomération,Hors intersection,Normale,Trois véhicules et plus - collisions multiples,,,,,,,,,,,1,1,1,1.0,5
201200023072,0012-05-14 22:15:00,12,5,14,22,15,640,144,,,,Nuit sans éclairage public,Hors agglomération,Hors intersection,Normale,Deux véhicules - frontale,,,,,,,,,,,3,1,1,1.0,1
201200023073,0012-06-03 18:15:00,12,6,3,18,15,640,300,,,,Plein jour,Hors agglomération,Hors intersection,Normale,Autre collision,,,,,,,,,,,1,1,1,1.0,6
201200023074,0012-07-21 21:45:00,12,7,21,21,45,640,301,,,,Nuit sans éclairage public,Hors agglomération,Hors intersection,Normale,Deux véhicules - frontale,,,,,,,,,,,3,1,1,1.0,1
201200023075,0012-09-08 12:00:00,12,9,8,12,0,640,61,,,,Plein jour,Hors agglomération,Hors intersection,Normale,Deux véhicules - côté,,,,,,,,,,,1,1,1,1.0,3
201200023076,0012-09-08 08:30:00,12,9,8,8,30,640,410,PLACE DES PYRENEES,43.374,-0.628,Plein jour,En agglomération,Place,Normale,Autre collision,,,,,,,,,,,1,2,7,1.0,6
201200023077,0012-12-04 13:45:00,12,12,4,13,45,640,410,BD REPUBLIQUE/AV MOUREU,,,Plein jour,En agglomération,Hors intersection,Pluie légère,Deux véhicules - côté,,,,,,,,,,,1,2,1,2.0,3
201200023078,0012-12-13 16:00:00,12,12,13,16,0,640,410,AV HENRI IV,,,Plein jour,En agglomération,Hors intersection,Temps couvert,Autre collision,,,,,,,,,,,1,2,1,8.0,6
201200023079,0012-11-25 11:15:00,12,11,25,11,15,680,300,ROND POINT CD 422/CD 38,47.801,7.373,Plein jour,En agglomération,Giratoire,Pluie légère,Deux véhicules - frontale,,,,,,,,,,,1,2,6,2.0,1
201200023080,0012-01-04 16:25:00,12,1,4,16,25,290,19,"., BILLANT HENRI",48.40267,-4.49635,Plein jour,En agglomération,Intersection en X,Normale,Deux véhicules - côté,,,,,,,,,,,1,2,2,1.0,3
201200023081,0012-01-05 17:20:00,12,1,5,17,20,290,19,DOCTEUR ROUX,48.38528,-4.51667,Plein jour,En agglomération,Hors intersection,Normale,Autre collision,,,,,,,,,,,1,2,1,1.0,6
201200023082,0012-01-14 17:25:00,12,1,14,17,25,290,19,"., MESNOS",48.39463,-4.53281,Plein jour,En agglomération,Intersection en X,Neige / grêle,Deux véhicules - côté,,,,,,,,,,,1,2,2,4.0,3
201200023083,0012-01-16 16:20:00,12,1,16,16,20,290,19,"., MONTAIGNE (DE 39 A 11",48.40479,-4.47866,Plein jour,En agglomération,Hors intersection,Normale,Trois véhicules et plus - en chaîne,,,,,,,,,,,1,2,1,1.0,4
201200023084,0012-01-21 09:55:00,12,1,21,9,55,290,19,"., PEN AR CH'LEUZ (ROND",48.41505,-4.47949,Plein jour,En agglomération,Giratoire,Normale,Autre collision,,,,,,,,,,,1,2,6,1.0,6
201200023085,0012-01-25 14:15:00,12,1,25,14,15,290,19,"., MOULIN A POUDRE (DE 1",48.40124,-4.48966,Plein jour,En agglomération,Hors intersection,Normale,Deux véhicules - arrière,,,,,,,,,,,1,2,1,1.0,2
201200023086,0012-01-26 14:30:00,12,1,26,14,30,290,19,GLASGOW (DE 1 A 9 ET 2 A,48.39549,-4.48418,Plein jour,En agglomération,Hors intersection,Normale,Deux véhicules - côté,,,,,,,,,,,1,2,1,1.0,3
201200023087,0012-01-27 18:00:00,12,1,27,18,0,290,19,"., HUIT MAI 1945 (DE 2 A",48.41091,-4.47171,Crépuscule ou aube,En agglomération,Hors intersection,Pluie légère,Trois véhicules et plus - collisions multiples,,,,,,,,,,,2,2,1,2.0,5
201200023088,0012-01-28 11:20:00,12,1,28,11,20,290,19,"., GLASGOW (DE 1 A 9 ET",48.39744,-4.48245,Plein jour,En agglomération,Intersection en X,Normale,Autre collision,,,,,,,,,,,1,2,2,1.0,6
201200023089,0012-02-04 16:20:00,12,2,4,16,20,290,19,"., MALAKOFF",48.3959,-4.48291,Plein jour,En agglomération,Intersection en T,Normale,Deux véhicules - arrière,,,,,,,,,,,1,2,3,1.0,2
201200023090,0012-02-07 09:15:00,12,2,7,9,15,290,19,"., NERVAL GERARD  DE",48.37477,-4.53201,Crépuscule ou aube,En agglomération,Intersection en X,Normale,Deux véhicules - côté,,,,,,,,,,,2,2,2,1.0,3
201200023091,0012-02-07 17:00:00,12,2,7,17,0,290,19,"., RN 12 (PEN AR CH'LEUZ",48.41505,-4.47949,Plein jour,En agglomération,Hors intersection,Normale,Deux véhicules - côté,,,,,,,,,,,1,2,1,1.0,3
201200023092,0012-02-08 08:15:00,12,2,8,8,15,290,19,"6, LE GORGEU (N?29 (TOTA",48.40076,-4.50016,Nuit avec éclairage allumé,En agglomération,Hors intersection,Normale,Autre collision,,,,,,,,,,,5,2,1,1.0,6
201200023093,0012-02-09 12:42:00,12,2,9,12,42,290,19,"., MOULIN A POUDRE (DE 1",48.40068,-4.48996,Plein jour,En agglomération,Intersection en T,Normale,Deux véhicules - côté,,,,,,,,,,,1,2,3,1.0,3
201200023094,0012-02-10 00:30:00,12,2,10,0,30,290,19,"33, COLLET YVES (DE 27 E",48.39594,-4.47599,Nuit avec éclairage allumé,En agglomération,Hors intersection,Normale,Deux véhicules - arrière,,,,,,,,,,,5,2,1,1.0,2
201200023095,0012-02-10 10:00:00,12,2,10,10,0,290,19,"., ARMORIQUE (DE 1 A 51",48.38931,-4.5048,Plein jour,En agglomération,Hors intersection,Pluie légère,Autre collision,,,,,,,,,,,1,2,1,2.0,6
201200023096,0012-02-15 07:05:00,12,2,15,7,5,290,19,"., HARTELOIRE (PONT)",48.39371,-4.49536,Crépuscule ou aube,En agglomération,Hors intersection,Normale,Autre collision,,,,,,,,,,,2,2,1,1.0,6
201200023097,0012-02-17 12:20:00,12,2,17,12,20,290,19,"., EUROPE (RUE GAL PAULE",48.41315,-4.48854,Plein jour,En agglomération,Intersection en X,Normale,Deux véhicules - côté,,,,,,,,,,,1,2,2,1.0,3
201200023098,0012-02-18 16:05:00,12,2,18,16,5,290,19,"20, TARENTE",48.40638,-4.51182,Plein jour,En agglomération,Hors intersection,Normale,Deux véhicules - côté,,,,,,,,,,,1,2,1,1.0,3
201200023099,0012-02-26 20:15:00,12,2,26,20,15,290,19,"., MAISSIN",48.38743,-4.50326,Nuit sans éclairage public,En agglomération,Intersection en X,Temps couvert,Deux véhicules - côté,,,,,,,,,,,3,2,2,8.0,3
201200023100,0012-02-28 09:35:00,12,2,28,9,35,290,19,"., TILLON CHARLES",48.42383,-4.50963,Plein jour,En agglomération,Intersection en Y,Normale,Deux véhicules - frontale,,,,,,,,,,,1,2,4,1.0,1
201200023101,0012-03-06 20:10:00,12,3,6,20,10,290,19,"., CLEMENCEAU GEORGES (D",48.39206,-4.49047,Nuit avec éclairage allumé,En agglomération,Place,Normale,Autre collision,,,,,,,,,,,5,2,7,1.0,6
201200023102,0012-03-07 08:05:00,12,3,7,8,5,290,19,"., LANGOULOUARN (ROND PO",48.40124,-4.52492,Crépuscule ou aube,En agglomération,Giratoire,Pluie légère,Deux véhicules - arrière,,,,,,,,,,,2,2,6,2.0,2
201200023103,0012-03-11 20:45:00,12,3,11,20,45,290,19,"., FOCH MARECHAL",48.39716,-4.48893,Nuit avec éclairage allumé,En agglomération,Hors intersection,Normale,Deux véhicules - arrière,,,,,,,,,,,5,2,1,1.0,2
201200023104,0012-03-20 20:00:00,12,3,20,20,0,290,19,"., PIDOUX LOUIS",48.39733,-4.46848,Nuit avec éclairage allumé,En agglomération,Intersection en X,Normale,Deux véhicules - côté,,,,,,,,,,,5,2,2,1.0,3
201200023105,0012-03-27 16:28:00,12,3,27,16,28,290,19,"., BLUM LEON",48.40567,-4.48471,Plein jour,En agglomération,Intersection en T,Normale,Deux véhicules - côté,,,,,,,,,,,1,2,3,1.0,3
201200023106,0012-03-30 22:35:00,12,3,30,22,35,290,19,"., QUIMPER (DE 1 A 103 E",48.40239,-4.46556,Nuit avec éclairage allumé,En agglomération,Hors intersection,Normale,Deux véhicules - côté,,,,,,,,,,,5,2,1,1.0,3
201200023107,0012-03-31 00:30:00,12,3,31,0,30,290,19,"64, TROUDE AMIRAL",48.3872,-4.47638,Nuit sans éclairage public,En agglomération,Hors intersection,Normale,Autre collision,,,,,,,,,,,3,2,1,1.0,6
201200023108,0012-04-02 13:15:00,12,4,2,13,15,290,19,"124, JAURES JEAN (DE 105",48.40057,-4.47017,Plein jour,En agglomération,Hors intersection,Normale,Autre collision,,,,,,,,,,,1,2,1,1.0,6
201200023109,0012-04-03 07:25:00,12,4,3,7,25,290,19,"., DOCTEUR DUJARDIN  LOU",48.39068,-4.50656,Crépuscule ou aube,En agglomération,Intersection en T,Normale,Deux véhicules - côté,,,,,,,,,,,2,2,3,1.0,3
201200023110,0012-04-04 10:05:00,12,4,4,10,5,290,19,"., VERDUN (DE 53 A 199 E",48.39899,-4.45912,Plein jour,En agglomération,Hors intersection,Normale,Deux véhicules - côté,,,,,,,,,,,1,2,1,1.0,3
201200023111,0012-04-05 21:30:00,12,4,5,21,30,290,19,"20, FAIDHERBE GENERAL",48.40189,-4.50946,Nuit avec éclairage allumé,En agglomération,Hors intersection,Normale,Autre collision,,,,,,,,,,,5,2,1,1.0,6
201200023112,0012-04-05 21:50:00,12,4,5,21,50,290,19,"., ROND POINT DE KERESSE",48.3952,-4.53912,Nuit avec éclairage allumé,En agglomération,Hors intersection,Normale,Autre collision,,,,,,,,,,,5,2,1,1.0,6
201200023113,0012-04-09 11:42:00,12,4,9,11,42,290,19,"., DUVAL MARCELLIN (DE 2",48.42137,-4.48659,Plein jour,En agglomération,Hors intersection,Pluie légère,Autre collision,,,,,,,,,,,1,2,1,2.0,6
201200023114,0012-04-12 22:10:00,12,4,12,22,10,290,19,KERMARIA (DE 1 A 31 E,48.42296,-4.48605,Nuit avec éclairage allumé,En agglomération,Intersection en X,Normale,Autre collision,,,,,,,,,,,5,2,2,1.0,6
201200023115,0012-04-20 12:50:00,12,4,20,12,50,290,19,"6, HARTELOIRE (PONT)",48.39292,-4.49927,Plein jour,En agglomération,Hors intersection,Pluie légère,Deux véhicules - côté,,,,,,,,,,,1,2,1,2.0,3
201200023116,0012-04-21 07:10:00,12,4,21,7,10,290,19,"., CHATEAU (DE 37 A 55 E",48.38654,-4.48684,Plein jour,En agglomération,Intersection en X,Normale,Deux véhicules - frontale,,,,,,,,,,,1,2,2,1.0,1
201200023117,0012-04-23 18:10:00,12,4,23,18,10,290,19,"., DUQUESNE (DE 1 A 11 E",48.3914,-4.4883,Plein jour,En agglomération,Giratoire,Pluie forte,Deux véhicules - côté,,,,,,,,,,,1,2,6,3.0,3
201200023118,0012-04-26 08:45:00,12,4,26,8,45,290,19,EUROPE (DE 58 A 166 E,48.40922,-4.48522,Plein jour,En agglomération,Intersection en X,Normale,Trois véhicules et plus - en chaîne,,,,,,,,,,,1,2,2,1.0,4
201200023119,0012-04-30 16:55:00,12,4,30,16,55,290,19,"., PEN AR CH'LEUZ (ROND",48.41433,-4.48022,Plein jour,En agglomération,Giratoire,Normale,Deux véhicules - côté,,,,,,,,,,,1,2,6,1.0,3
201200023120,0012-04-30 18:20:00,12,4,30,18,20,290,19,"., FOUCAULD CHARLES DE",48.39756,-4.45933,Plein jour,Hors agglomération,Intersection en X,Pluie légère,Deux véhicules - côté,,,,,,,,,,,1,1,2,2.0,3
201200023121,0012-05-03 18:20:00,12,5,3,18,20,290,19,"., CORNICHE (DE 1 A 39 E",,,Plein jour,En agglomération,Hors intersection,Normale,Trois véhicules et plus - en chaîne,,,,,,,,,,,1,2,1,1.0,4
201200023122,0012-05-04 18:50:00,12,5,4,18,50,290,19,EUROPE (DE 37 A 47),48.4128,-4.48663,Plein jour,En agglomération,Intersection en X,Pluie légère,Deux véhicules - côté,,,,,,,,,,,1,2,2,2.0,3
201200023123,0012-05-05 08:35:00,12,5,5,8,35,290,19,"., BRETAGNE CUIRASSE",48.40712,-4.49791,Plein jour,En agglomération,Giratoire,Pluie légère,Deux véhicules - arrière,,,,,,,,,,,1,2,6,2.0,2
201200023124,0012-05-07 15:25:00,12,5,7,15,25,290,19,"., GLASGOW (DE 1 A 9 ET",48.3944,-4.4843,Plein jour,En agglomération,Hors intersection,Normale,Deux véhicules - côté,,,,,,,,,,,1,2,1,1.0,3
201200023125,0012-05-09 07:45:00,12,5,9,7,45,290,19,"., BRUAT (DE 1 A 23 ET 2",48.39869,-4.47974,Plein jour,En agglomération,Intersection en X,Normale,Deux véhicules - côté,,,,,,,,,,,1,2,2,1.0,3
201200023126,0012-05-09 16:40:00,12,5,9,16,40,290,19,"., EUROPE (DE 201 A 215)",48.38466,-4.52793,Plein jour,En agglomération,Hors intersection,Temps couvert,Autre collision,,,,,,,,,,,1,2,1,8.0,6
201200023127,0012-05-12 11:05:00,12,5,12,11,5,290,19,"39, LETTRE FRANCOIS",48.4247,-4.46315,Plein jour,En agglomération,Hors intersection,Normale,Deux véhicules - frontale,,,,,,,,,,,1,2,1,1.0,1
201200023128,0012-05-12 21:15:00,12,5,12,21,15,290,19,"., HUGO VICTOR (DE 1 A 1",48.39181,-4.48093,Nuit avec éclairage allumé,En agglomération,Intersection en X,Normale,Deux véhicules - côté,,,,,,,,,,,5,2,2,1.0,3
201200023129,0012-05-13 14:33:00,12,5,13,14,33,290,19,"., RENNES",48.39629,-4.47551,Plein jour,En agglomération,Intersection en T,Normale,Deux véhicules - côté,,,,,,,,,,,1,2,3,1.0,3
201200023130,0012-05-15 18:50:00,12,5,15,18,50,290,19,"., ELORN",48.38382,-4.48142,Plein jour,En agglomération,Intersection en T,Pluie légère,Deux véhicules - côté,,,,,,,,,,,1,2,3,2.0,3
201200023131,0012-05-16 13:55:00,12,5,16,13,55,290,19,"., LYON (DE 1 A 33 ET 2",48.38902,-4.48927,Plein jour,En agglomération,Hors intersection,Normale,Autre collision,,,,,,,,,,,1,2,1,1.0,6
201200023132,0012-05-16 16:30:00,12,5,16,16,30,290,19,"., LE BRIS JEAN MARIE",48.38298,-4.48801,Plein jour,En agglomération,Intersection en X,Normale,Deux véhicules - côté,,,,,,,,,,,1,2,2,1.0,3
201200023133,0012-05-23 17:00:00,12,5,23,17,0,290,19,"., D'ESTIENNE D'ORVES",48.39439,-4.45729,Plein jour,En agglomération,Intersection en T,Normale,Autre collision,,,,,,,,,,,1,2,3,1.0,6
201200023134,0012-05-24 17:45:00,12,5,24,17,45,290,19,"., BLUM LEON",48.40476,-4.48459,Plein jour,En agglomération,Hors intersection,Normale,Deux véhicules - côté,,,,,,,,,,,1,2,1,1.0,3
201200023135,0012-05-25 11:30:00,12,5,25,11,30,290,19,"., CHATEAU (DE 1 A 35 ET",48.38376,-4.4907,Plein jour,En agglomération,Hors intersection,Normale,Deux véhicules - côté,,,,,,,,,,,1,2,1,1.0,3
201200023136,0012-05-28 17:05:00,12,5,28,17,5,290,19,"13, DUQUESNE (DE 1 A 11",48.39125,-4.48849,Plein jour,En agglomération,Hors intersection,Normale,Autre collision,,,,,,,,,,,1,2,1,1.0,6
201200023137,0012-05-29 09:15:00,12,5,29,9,15,290,19,"., FOCH MARECHAL",48.39765,-4.48893,Plein jour,En agglomération,Intersection en X,Normale,Deux véhicules - côté,,,,,,,,,,,1,2,2,1.0,3
201200023138,0012-06-01 18:30:00,12,6,1,18,30,290,19,"., HARTELOIRE (PONT)",48.39304,-4.49869,Plein jour,En agglomération,Hors intersection,Normale,Trois véhicules et plus - en chaîne,,,,,,,,,,,1,2,1,1.0,4
201200023139,0012-06-03 11:25:00,12,6,3,11,25,290,19,"35, COLLET YVES (DE 27 E",48.39431,-4.4783,Plein jour,En agglomération,Intersection en T,Normale,Sans collision,,,,,,,,,,,1,2,3,1.0,7
201200023140,0012-06-05 18:55:00,12,6,5,18,55,290,19,"., SAINT NAZAIRE",48.397,-4.45394,Plein jour,En agglomération,Intersection en X,Pluie légère,Deux véhicules - côté,,,,,,,,,,,1,2,2,2.0,3
201200023141,0012-06-12 17:40:00,12,6,12,17,40,290,19,"., SEBASTOPOL",48.40027,-4.46911,Plein jour,En agglomération,Autre intersection,Normale,Deux véhicules - côté,,,,,,,,,,,1,2,9,1.0,3
201200023142,0012-06-15 08:10:00,12,6,15,8,10,290,19,"9, MIRABEAU",48.40775,-4.48832,Plein jour,En agglomération,Hors intersection,Normale,Deux véhicules - côté,,,,,,,,,,,1,2,1,1.0,3
201200023143,0012-06-16 22:40:00,12,6,16,22,40,290,19,"., JAURES JEAN (DE 44 A",48.39269,-4.48224,Nuit avec éclairage allumé,En agglomération,Intersection en X,Pluie légère,Deux véhicules - côté,,,,,,,,,,,5,2,2,2.0,3
201200023144,0012-06-18 07:10:00,12,6,18,7,10,290,19,"., REPUBLIQUE (19 ET 30",48.38977,-4.47383,Plein jour,En agglomération,Intersection en T,Normale,Deux véhicules - côté,,,,,,,,,,,1,2,3,1.0,3
201200023145,0012-06-18 18:20:00,12,6,18,18,20,290,19,"., NICOL AMIRAL",48.37696,-4.51671,Plein jour,En agglomération,Hors intersection,Normale,Deux véhicules - côté,,,,,,,,,,,1,2,1,1.0,3
201200023146,0012-06-19 16:05:00,12,6,19,16,5,290,19,"., SAINT EXUPERY (DE 1 A",48.38867,-4.50642,Plein jour,En agglomération,Hors intersection,Normale,Deux véhicules - côté,,,,,,,,,,,1,2,1,1.0,3
201200023147,0012-06-19 16:30:00,12,6,19,16,30,290,19,", EGLISE (RUE",48.38243,-4.50207,Plein jour,En agglomération,Hors intersection,Normale,Autre collision,,,,,,,,,,,1,2,1,1.0,6
201200023148,0012-06-22 16:45:00,12,6,22,16,45,290,19,BACH JEAN SEBASTIEN,48.39429,-4.52919,Plein jour,En agglomération,Hors intersection,Normale,Autre collision,,,,,,,,,,,1,2,1,1.0,6
201200023149,0012-06-28 10:35:00,12,6,28,10,35,290,19,BOT (ALLEE ET RUE DU),48.40341,-4.44877,Plein jour,En agglomération,Intersection en X,Normale,Deux véhicules - côté,,,,,,,,,,,1,2,2,1.0,3
201200023150,0012-06-29 10:00:00,12,6,29,10,0,290,19,EUROPE (DE 13 A 15),48.4156,-4.47455,Plein jour,En agglomération,Hors intersection,Pluie légère,Autre collision,,,,,,,,,,,1,2,1,2.0,6
201200023151,0012-06-29 17:35:00,12,6,29,17,35,290,19,"61, PORTE (DE 77 A 85 ET",48.38411,-4.50228,Plein jour,En agglomération,Hors intersection,Normale,Deux véhicules - côté,,,,,,,,,,,1,2,1,1.0,3
201200023152,0012-07-03 13:45:00,12,7,3,13,45,290,19,KERVAO,48.42219,-4.50005,Plein jour,En agglomération,Hors intersection,Pluie légère,Autre collision,,,,,,,,,,,1,2,1,2.0,6
201200023153,0012-07-05 01:45:00,12,7,5,1,45,290,19,EUROPE (DE 37 A 47),48.41321,-4.48714,Nuit avec éclairage allumé,En agglomération,Intersection en X,Pluie légère,Deux véhicules - arrière,,,,,,,,,,,5,2,2,2.0,2
201200023154,0012-07-05 08:35:00,12,7,5,8,35,290,19,ELORN,48.38518,-4.47759,Plein jour,En agglomération,Hors intersection,Pluie légère,Trois véhicules et plus - en chaîne,,,,,,,,,,,1,2,1,2.0,4
201200023155,0012-07-05 13:10:00,12,7,5,13,10,290,19,LESVEN JULES (DE 1 A,48.40082,-4.47134,Plein jour,En agglomération,Intersection en T,Pluie légère,Deux véhicules - côté,,,,,,,,,,,1,2,3,2.0,3
201200023156,0012-07-06 17:00:00,12,7,6,17,0,290,19,SAINT EXUPERY (DE 1 A,48.38253,-4.50354,Plein jour,En agglomération,Intersection en X,Normale,Autre collision,,,,,,,,,,,1,2,2,1.0,6
201200023157,0012-07-12 12:10:00,12,7,12,12,10,290,19,EUSEN VICTOR,48.38042,-4.53273,Plein jour,En agglomération,Hors intersection,Normale,Deux véhicules - arrière,,,,,,,,,,,1,2,1,1.0,2
201200023158,0012-07-16 07:50:00,12,7,16,7,50,290,19,"., JAURES JEAN (DE 1 A 4",48.39153,-4.48398,Plein jour,En agglomération,Intersection en X,Normale,Deux véhicules - côté,,,,,,,,,,,1,2,2,1.0,3
201200023159,0012-07-13 17:55:00,12,7,13,17,55,290,19,"61, KERATRY",48.37939,-4.52148,Plein jour,En agglomération,Intersection en X,Pluie forte,Autre collision,,,,,,,,,,,1,2,2,3.0,6
201200023160,0012-07-21 14:00:00,12,7,21,14,0,290,19,"., LE GORGEU (N?ENTRE TA",48.40076,-4.50016,Plein jour,En agglomération,Hors intersection,Normale,Autre collision,,,,,,,,,,,1,2,1,1.0,6
201200023161,0012-07-23 09:50:00,12,7,23,9,50,290,19,"96, MONTAIGNE (DE 39 A 1",48.40539,-4.47779,Plein jour,En agglomération,Intersection en X,Normale,Deux véhicules - côté,,,,,,,,,,,1,2,2,1.0,3
201200023162,0012-07-28 04:50:00,12,7,28,4,50,290,19,"., EUROPE (DE 13 A 15)",48.4156,-4.47455,Nuit avec éclairage allumé,En agglomération,Intersection en X,Normale,Deux véhicules - côté,,,,,,,,,,,5,2,2,1.0,3
201200023163,0012-07-28 18:30:00,12,7,28,18,30,290,19,"., PEN AR CH'LEUZ (ROND",48.41505,-4.47949,Plein jour,En agglomération,Place,Normale,Deux véhicules - côté,,,,,,,,,,,1,2,7,1.0,3
201200023164,0012-07-31 14:55:00,12,7,31,14,55,290,19,", EAU BLANCHE (DE 1 A 7",48.41148,-4.45713,Plein jour,En agglomération,Intersection en X,Normale,Autre collision,,,,,,,,,,,1,2,2,1.0,6
201200023165,0012-07-31 21:45:00,12,7,31,21,45,290,19,", PREMIERE DFL (AVENUE)",48.37482,-4.5572,Plein jour,En agglomération,Hors intersection,Normale,Deux véhicules - arrière,,,,,,,,,,,1,2,1,1.0,2
201200023166,0012-08-02 13:20:00,12,8,2,13,20,290,19,"., GOUESNOU (DE 1 A 29 E",48.42665,-4.4673,Plein jour,En agglomération,Autre intersection,Normale,Autre collision,,,,,,,,,,,1,2,9,1.0,6
201200023167,0012-08-07 19:00:00,12,8,7,19,0,290,19,"., SALAUN PENQUER",48.38456,-4.48343,Plein jour,En agglomération,Giratoire,Normale,Deux véhicules - côté,,,,,,,,,,,1,2,6,1.0,3
201200023168,0012-08-20 13:50:00,12,8,20,13,50,290,19,"., SEBASTOPOL",48.40077,-4.46847,Plein jour,En agglomération,Intersection en X,Normale,Deux véhicules - côté,,,,,,,,,,,1,2,2,1.0,3
201200023169,0012-08-26 22:30:00,12,8,26,22,30,290,19,"., SEBASTOPOL",48.40077,-4.46847,Nuit avec éclairage non allumé,En agglomération,Intersection en X,Normale,Deux véhicules - côté,,,,,,,,,,,4,2,2,1.0,3
201200023170,0012-08-29 14:45:00,12,8,29,14,45,290,19,"., MELVILLE HERMAN (ROND",48.38657,-4.47096,Plein jour,En agglomération,Giratoire,Normale,Sans collision,,,,,,,,,,,1,2,6,1.0,7
201200023171,0012-09-01 21:20:00,12,9,1,21,20,290,19,"., COLLET YVES (DE 1 A 2",48.39548,-4.47685,Nuit avec éclairage allumé,En agglomération,Intersection en X,Normale,Deux véhicules - côté,,,,,,,,,,,5,2,2,1.0,3
201200023172,0012-09-06 16:40:00,12,9,6,16,40,290,19,"., LE GORGEU (N?29 (TOTA",48.41045,-4.51593,Plein jour,En agglomération,Intersection en X,Normale,Deux véhicules - arrière,,,,,,,,,,,1,2,2,1.0,2
201200023173,0012-09-06 17:40:00,12,9,6,17,40,290,19,", BACH JEAN SEBASTIEN",48.39355,-4.52483,Plein jour,En agglomération,Giratoire,Normale,Deux véhicules - arrière,,,,,,,,,,,1,2,6,1.0,2
201200023174,0012-09-06 19:20:00,12,9,6,19,20,290,19,"., SCHUMANN ROBERT (PONT",48.398,-4.49137,Plein jour,Hors agglomération,Hors intersection,Normale,Deux véhicules - arrière,,,,,,,,,,,1,1,1,1.0,2
201200023175,0012-09-10 11:05:00,12,9,10,11,5,290,19,"., PLYMOUTH (DE 89 A 135",48.38732,-4.52358,Plein jour,En agglomération,Hors intersection,Normale,Autre collision,,,,,,,,,,,1,2,1,1.0,6
201200023176,0012-09-10 15:20:00,12,9,10,15,20,290,19,"64, ECOLE NAVALE  (DE 1",48.37785,-4.52668,Plein jour,En agglomération,Hors intersection,Normale,Autre collision,,,,,,,,,,,1,2,1,1.0,6
201200023177,0012-09-12 15:55:00,12,9,12,15,55,290,19,"94, KERMARIA (DE 1 A 31",48.41701,-4.48327,Plein jour,En agglomération,Hors intersection,Normale,Deux véhicules - côté,,,,,,,,,,,1,2,1,1.0,3
201200023178,0012-09-18 05:45:00,12,9,18,5,45,290,19,"., RN 12 (DE PONT DESFOS",,,Nuit avec éclairage allumé,En agglomération,Hors intersection,Pluie légère,Autre collision,,,,,,,,,,,5,2,1,2.0,6
201200023179,0012-09-18 09:25:00,12,9,18,9,25,290,19,"82, MONTAIGNE (DE 1 A 37",48.40451,-4.47911,Plein jour,En agglomération,Hors intersection,Normale,Autre collision,,,,,,,,,,,1,2,1,1.0,6
201200023180,0012-09-18 17:20:00,12,9,18,17,20,290,19,"., GAMBETTA (DE 2 A 64 S",48.38814,-4.48276,Plein jour,En agglomération,Intersection en T,Normale,Deux véhicules - côté,,,,,,,,,,,1,2,3,1.0,3
201200023181,0012-09-19 20:30:00,12,9,19,20,30,290,19,"., BLUM LEON",48.4065,-4.48487,Nuit avec éclairage allumé,En agglomération,Hors intersection,Normale,Deux véhicules - arrière,,,,,,,,,,,5,2,1,1.0,2
201200023182,0012-09-23 01:15:00,12,9,23,1,15,290,19,"., TRAVERSE",48.3855,-4.49022,Nuit avec éclairage allumé,En agglomération,Intersection en X,Normale,Deux véhicules - côté,,,,,,,,,,,5,2,2,1.0,3
201200023183,0012-09-25 13:10:00,12,9,25,13,10,290,19,"37, SAINT VINCENT DE PAU",48.42006,-4.49113,Plein jour,En agglomération,Hors intersection,Normale,Autre collision,,,,,,,,,,,1,2,1,1.0,6
201200023184,0012-09-26 19:50:00,12,9,26,19,50,290,19,"., ROND POINT DE KERVALG",48.44878,-4.51132,Crépuscule ou aube,En agglomération,Hors intersection,Pluie légère,Deux véhicules - frontale,,,,,,,,,,,2,2,1,2.0,1
201200023185,0012-09-26 20:45:00,12,9,26,20,45,290,19,", QUIMPER (DE 1 A 103 E",48.4017,-4.45799,Crépuscule ou aube,En agglomération,Hors intersection,Normale,Autre collision,,,,,,,,,,,2,2,1,1.0,6
201200023186,0012-09-29 15:20:00,12,9,29,15,20,290,19,"50, HUGO VICTOR (DE 19 E",48.39069,-4.47846,Plein jour,En agglomération,Hors intersection,Normale,Deux véhicules - arrière,,,,,,,,,,,1,2,1,1.0,2
201200023187,0012-10-01 19:50:00,12,10,1,19,50,290,19,", COLLET YVES (DE 1 A 2",48.39548,-4.47685,Plein jour,En agglomération,Intersection en T,Normale,Deux véhicules - côté,,,,,,,,,,,1,2,3,1.0,3
201200023188,0012-10-02 15:10:00,12,10,2,15,10,290,19,"., VILLENEUVE (RUE)",48.41043,-4.4613,Plein jour,En agglomération,Intersection en T,Normale,Deux véhicules - côté,,,,,,,,,,,1,2,3,1.0,3
201200023189,0012-10-02 18:30:00,12,10,2,18,30,290,19,"2, LELIEVRE CAPITAINE",48.40024,-4.50886,Plein jour,En agglomération,Hors intersection,Pluie légère,Autre collision,,,,,,,,,,,1,2,1,2.0,6