accident_id,datetime,annee,mois,jour,heure,minute,departement,commune_insee,adresse,latitude,longitude,luminosite,agglomeration,intersection,meteo,collision,nb_vehicules,nb_usagers,nb_indemnes,nb_tues,nb_blesses_hosp,nb_blesses_legers,age_cond_1,age_cond_2,veh_type_cond_1,veh_type_cond_2,lum_code,agg_code,int_code,atm_code,col_code
201200023190,0012-10-07 14:30:00,12,10,7,14,30,290,19,"94, BOHARS (DE 53 A 123",48.42109,-4.49726,Plein jour,En agglomération,Hors intersection,Pluie légère,Deux véhicules - arrière,,,,,,,,,,,1,2,1,2.0,2
201200023191,0012-10-13 16:05:00,12,10,13,16,5,290,19,MONTAIGNE (DE 1 A 37 ET,48.39613,-4.45894,Plein jour,En agglomération,Intersection en X,Normale,Deux véhicules - côté,,,,,,,,,,,1,2,2,1.0,3
201200023192,0012-10-16 07:45:00,12,10,16,7,45,290,19,"., DAUPHINE",48.4053,-4.5141,Nuit avec éclairage allumé,En agglomération,Hors intersection,Normale,Autre collision,,,,,,,,,,,5,2,1,1.0,6
201200023193,0012-10-18 13:30:00,12,10,18,13,30,290,19,"., GUILVINEC",48.40421,-4.46193,Plein jour,En agglomération,Intersection en T,Normale,Deux véhicules - frontale,,,,,,,,,,,1,2,3,1.0,1
201200023194,0012-10-19 17:15:00,12,10,19,17,15,290,19,"., QUATRE POMPES (DE 1 A",48.37188,-4.53129,Plein jour,En agglomération,Hors intersection,Pluie légère,Autre collision,,,,,,,,,,,1,2,1,2.0,6
201200023195,0012-10-19 19:30:00,12,10,19,19,30,290,19,PLANTE GASTON,48.42741,-4.4648,Plein jour,En agglomération,Hors intersection,Normale,Deux véhicules - côté,,,,,,,,,,,1,2,1,1.0,3
201200023196,0012-10-26 17:25:00,12,10,26,17,25,290,19,"., SEBASTOPOL",48.39799,-4.47245,Plein jour,En agglomération,Intersection en T,Normale,Deux véhicules - côté,,,,,,,,,,,1,2,3,1.0,3
201200023197,0012-10-27 17:20:00,12,10,27,17,20,290,19,"., EUROPE (RUE GAL PAULE",48.41649,-4.46552,Plein jour,En agglomération,Intersection en X,Normale,Autre collision,,,,,,,,,,,1,2,2,1.0,6
201200023198,0012-10-29 07:20:00,12,10,29,7,20,290,19,"0, COROT",48.41416,-4.47272,Plein jour,En agglomération,Intersection en X,Normale,Deux véhicules - côté,,,,,,,,,,,1,2,2,1.0,3
201200023199,0012-10-31 19:50:00,12,10,31,19,50,290,19,"., LE GORGEU (N?29 (TOTA",48.40653,-4.50864,Nuit avec éclairage allumé,En agglomération,Hors intersection,Pluie légère,Autre collision,,,,,,,,,,,5,2,1,2.0,6
201200023200,0012-11-01 22:20:00,12,11,1,22,20,290,19,"., COLLET YVES (DE 27 ET",48.39146,-4.48074,Nuit avec éclairage allumé,En agglomération,Intersection en X,Normale,Deux véhicules - côté,,,,,,,,,,,5,2,2,1.0,3
201200023201,0012-11-02 09:00:00,12,11,2,9,0,290,19,"., RD 205",48.39507,-4.53958,Plein jour,En agglomération,Hors intersection,Pluie légère,Autre collision,,,,,,,,,,,1,2,1,2.0,6
201200023202,0012-11-02 09:20:00,12,11,2,9,20,290,19,"., NIELLY AMIRAL ( 8 ET",48.38349,-4.48371,Plein jour,En agglomération,Hors intersection,Pluie légère,Deux véhicules - côté,,,,,,,,,,,1,2,1,2.0,3
201200023203,0012-11-02 11:35:00,12,11,2,11,35,290,19,"., RAVEL MAURICE",48.41242,-4.49353,Plein jour,En agglomération,Intersection en X,Pluie légère,Deux véhicules - côté,,,,,,,,,,,1,2,2,2.0,3
201200023204,0012-11-03 15:20:00,12,11,3,15,20,290,19,"., COLLET YVES (DE 27 ET",48.39146,-4.48074,Plein jour,En agglomération,Intersection en T,Normale,Deux véhicules - côté,,,,,,,,,,,1,2,3,1.0,3
201200023205,0012-11-09 09:10:00,12,11,9,9,10,290,19,"0, SAINT MARC ROUTE DU V",48.397,-4.47054,Plein jour,En agglomération,Hors intersection,Normale,Deux véhicules - arrière,,,,,,,,,,,1,2,1,1.0,2
201200023206,0012-11-09 09:45:00,12,11,9,9,45,290,19,"., DUVAL MARCELLIN (DE 1",48.41108,-4.48635,Plein jour,En agglomération,Autre intersection,Normale,Autre collision,,,,,,,,,,,1,2,9,1.0,6
201200023207,0012-11-11 15:25:00,12,11,11,15,25,290,19,"., PRIGENT TANGUY (DE ME",48.39646,-4.53358,Plein jour,En agglomération,Hors intersection,Normale,Autre collision,,,,,,,,,,,1,2,1,1.0,6
201200023208,0012-11-11 18:15:00,12,11,11,18,15,290,19,"., GAMBETTA (DE 2 A 64 S",48.38928,-4.47711,Crépuscule ou aube,En agglomération,Hors intersection,Normale,Deux véhicules - côté,,,,,,,,,,,2,2,1,1.0,3
201200023209,0012-11-14 16:50:00,12,11,14,16,50,290,19,"., DUVAL MARCELLIN (DE 1",48.41472,-4.48678,Plein jour,En agglomération,Intersection en Y,Normale,Deux véhicules - arrière,,,,,,,,,,,1,2,4,1.0,2
201200023210,0012-11-17 14:30:00,12,11,17,14,30,290,19,"., ECOLE NAVALE  (DE 1 A",48.37359,-4.52575,Plein jour,En agglomération,Hors intersection,Normale,Autre collision,,,,,,,,,,,1,2,1,1.0,6
201200023211,0012-11-18 18:50:00,12,11,18,18,50,290,19,"., PEN AR CH'LEUZ",48.41505,-4.47955,Nuit sans éclairage public,En agglomération,Hors intersection,Normale,Trois véhicules et plus - en chaîne,,,,,,,,,,,3,2,1,1.0,4
201200023212,0012-11-24 12:30:00,12,11,24,12,30,290,19,"., VERDUN (DE 1 A 51 ET",48.39898,-4.45042,Plein jour,En agglomération,Intersection en X,Pluie légère,Deux véhicules - côté,,,,,,,,,,,1,2,2,2.0,3
201200023213,0012-11-27 11:15:00,12,11,27,11,15,290,19,"0, NAVARIN",48.39702,-4.47913,Plein jour,En agglomération,Intersection en X,Pluie légère,Deux véhicules - côté,,,,,,,,,,,1,2,2,2.0,3
201200023214,0012-11-29 00:45:00,12,11,29,0,45,290,19,"150, DESOUCHES MARIE JAC",48.39461,-4.53523,Nuit sans éclairage public,En agglomération,Hors intersection,Pluie forte,Autre collision,,,,,,,,,,,3,2,1,3.0,6
201200023215,0012-12-01 05:30:00,12,12,1,5,30,290,19,"., TREORNOU",48.41114,-4.49924,Nuit avec éclairage allumé,En agglomération,Intersection en T,Normale,Deux véhicules - côté,,,,,,,,,,,5,2,3,1.0,3
201200023216,0012-12-01 13:30:00,12,12,1,13,30,290,19,"5, LAMOTTE PICQUET (DE 1",48.39482,-4.49271,Plein jour,En agglomération,Hors intersection,Normale,Autre collision,,,,,,,,,,,1,2,1,1.0,6
201200023217,0012-12-07 13:40:00,12,12,7,13,40,290,19,COMBATTANTS DE L'UNION F,48.40879,-4.46807,Plein jour,En agglomération,Autre intersection,Normale,Autre collision,,,,,,,,,,,1,2,9,1.0,6
201200023218,0012-12-08 21:10:00,12,12,8,21,10,290,19,LE GORGEU (SANS N? ENTRE,48.39976,-4.49698,Nuit avec éclairage allumé,En agglomération,Hors intersection,Normale,Sans collision,,,,,,,,,,,5,2,1,1.0,7
201200023219,0012-12-10 08:00:00,12,12,10,8,0,290,19,"0, VERDUN ( 174 ET 201 A",48.39888,-4.44924,Crépuscule ou aube,En agglomération,Hors intersection,Pluie légère,Deux véhicules - frontale,,,,,,,,,,,2,2,1,2.0,1
201200023220,0012-12-13 15:10:00,12,12,13,15,10,290,19,", LE DANTEC FELIX (DE 1",48.39556,-4.48522,Plein jour,En agglomération,Hors intersection,Normale,Autre collision,,,,,,,,,,,1,2,1,1.0,6
201200023221,0012-12-05 15:40:00,12,12,5,15,40,290,19,"., DESCHART MARYAN",48.41737,-4.49385,Plein jour,En agglomération,Place,Normale,Autre collision,,,,,,,,,,,1,2,7,1.0,6
201200023222,0012-12-14 08:45:00,12,12,14,8,45,290,19,"., DUQUESNE (DE 8 ET 13",48.39091,-4.48894,Nuit avec éclairage allumé,En agglomération,Giratoire,Pluie forte,Autre collision,,,,,,,,,,,5,2,6,3.0,6
201200023223,0012-12-17 11:15:00,12,12,17,11,15,290,19,"., EUROPE (DE 58 A 166 E",48.41313,-4.49273,Plein jour,En agglomération,Hors intersection,Normale,Autre collision,,,,,,,,,,,1,2,1,1.0,6
201200023224,0012-12-19 20:30:00,12,12,19,20,30,290,19,KERFAUTRAS,48.39802,-4.4775,Nuit avec éclairage allumé,En agglomération,Intersection en X,Pluie légère,Deux véhicules - frontale,,,,,,,,,,,5,2,2,2.0,1
201200023225,0012-12-21 05:30:00,12,12,21,5,30,290,19,"0, MOULIN JEAN (SANS N?",48.3919,-4.49649,Nuit avec éclairage allumé,En agglomération,Hors intersection,Pluie légère,Autre collision,,,,,,,,,,,5,2,1,2.0,6
201200023226,0012-12-21 08:50:00,12,12,21,8,50,290,19,VALY HIR (DE 1 A 19 ET 2,48.38583,-4.52011,Plein jour,En agglomération,Hors intersection,Normale,Autre collision,,,,,,,,,,,1,2,1,1.0,6
201200023227,0012-12-21 17:40:00,12,12,21,17,40,290,19,"., PEN AR CH'LEUZ (ROND",48.41505,-4.47955,Nuit avec éclairage allumé,En agglomération,Autre intersection,Pluie légère,Deux véhicules - arrière,,,,,,,,,,,5,2,9,2.0,2
201200023228,0012-12-23 05:45:00,12,12,23,5,45,290,19,"., JAURES JEAN (DE 239 E",48.40041,-4.47042,Nuit avec éclairage allumé,En agglomération,Intersection en T,Normale,Autre collision,,,,,,,,,,,5,2,3,1.0,6
201200023229,0012-12-28 14:15:00,12,12,28,14,15,290,19,"., EUROPE (DE 37 A 47)",48.4139,-4.48217,Plein jour,En agglomération,Hors intersection,Normale,Trois véhicules et plus - en chaîne,,,,,,,,,,,1,2,1,1.0,4
201200023230,0012-12-29 23:55:00,12,12,29,23,55,290,19,"., EUROPE (DE 13 A 15)",48.41611,-4.47032,Nuit avec éclairage allumé,En agglomération,Intersection en X,Temps couvert,Autre collision,,,,,,,,,,,5,2,2,8.0,6
201200023231,0012-07-20 09:00:00,12,7,20,9,0,400,238,,43.86507,-0.35779,Plein jour,Hors agglomération,Hors intersection,Normale,Autre collision,,,,,,,,,,,1,1,1,1.0,6
201200023232,0012-08-13 16:00:00,12,8,13,16,0,400,185,,43.62026,-0.29709,Plein jour,Hors agglomération,Hors intersection,Normale,Autre collision,,,,,,,,,,,1,1,1,1.0,6
201200023233,0012-01-06 20:55:00,12,1,6,20,55,290,39,DOURIC (CHEMIN DE),47.91175,-3.94683,Nuit sans éclairage public,Hors agglomération,Hors intersection,Pluie légère,Autre collision,,,,,,,,,,,3,1,1,2.0,6
201200023234,0012-01-06 21:10:00,12,1,6,21,10,290,39,BIELEFELD SENNE ( AVENUE,47.87741,-3.91047,Nuit avec éclairage allumé,En agglomération,Giratoire,Pluie légère,Deux véhicules - côté,,,,,,,,,,,5,2,6,2.0,3
201200023235,0012-01-29 20:15:00,12,1,29,20,15,290,39,"10, CARNOT ( QUAI)",47.87482,-3.91704,Nuit avec éclairage allumé,En agglomération,Hors intersection,Pluie légère,Sans collision,,,,,,,,,,,5,2,1,2.0,7
201200023236,0012-02-11 18:30:00,12,2,11,18,30,290,39,"22, ROITELETS ( RUE DES)",47.875,-3.88907,Plein jour,En agglomération,Hors intersection,Normale,Sans collision,,,,,,,,,,,1,2,1,1.0,7
201200023237,0012-02-14 09:50:00,12,2,14,9,50,290,39,RD 44,47.9259,-3.91697,Plein jour,Hors agglomération,Intersection en X,Normale,Deux véhicules - côté,,,,,,,,,,,1,1,2,1.0,3
201200023238,0012-02-29 18:50:00,12,2,29,18,50,290,39,"16, SAINT JACQUES ( RUE)",47.87812,-3.9154,Plein jour,En agglomération,Intersection en X,Normale,Autre collision,,,,,,,,,,,1,2,2,1.0,6
201200023239,0012-03-06 12:50:00,12,3,6,12,50,290,39,COAT BRAS (Rond Point),47.8825,-3.9241,Plein jour,En agglomération,Giratoire,Normale,Autre collision,,,,,,,,,,,1,2,6,1.0,6
201200023240,0012-03-14 13:30:00,12,3,14,13,30,290,39,FILETS BLEUS (SQUARE DES,47.85549,-3.9045,Plein jour,En agglomération,Place,Normale,Autre collision,,,,,,,,,,,1,2,7,1.0,6
201200023241,0012-03-16 19:45:00,12,3,16,19,45,290,39,AIGUILLON (QUAI DE L'),47.87339,-3.91758,Nuit avec éclairage allumé,En agglomération,Intersection en X,Normale,Deux véhicules - côté,,,,,,,,,,,5,2,2,1.0,3
201200023242,0012-03-27 15:50:00,12,3,27,15,50,290,39,FORGE (rue de ),47.92502,-3.899,Plein jour,Hors agglomération,Hors intersection,Normale,Sans collision,,,,,,,,,,,1,1,1,1.0,7
201200023243,0012-04-07 11:38:00,12,4,7,11,38,290,39,QUIMPER ( RUE DE),47.8821,-3.9194,Plein jour,En agglomération,Intersection en T,Normale,Deux véhicules - côté,,,,,,,,,,,1,2,3,1.0,3
201200023244,0012-04-14 11:15:00,12,4,14,11,15,290,39,HASCOET (RUE HELENE),47.87172,-3.91846,Plein jour,En agglomération,Intersection en X,Normale,Deux véhicules - côté,,,,,,,,,,,1,2,2,1.0,3
201200023245,0012-04-20 10:45:00,12,4,20,10,45,290,39,"02, GUILLOU ( BOULEVARD",47.87269,-3.92749,Plein jour,En agglomération,Intersection en T,Normale,Autre collision,,,,,,,,,,,1,2,3,1.0,6
201200023246,0012-04-26 18:00:00,12,4,26,18,0,290,39,RD 783,47.87551,-3.89867,Plein jour,Hors agglomération,Hors intersection,Normale,Deux véhicules - arrière,,,,,,,,,,,1,1,1,1.0,2
201200023247,0012-05-05 14:20:00,12,5,5,14,20,290,39,RD 783,47.8798,-3.90658,Plein jour,En agglomération,Giratoire,Normale,Deux véhicules - côté,,,,,,,,,,,1,2,6,1.0,3
201200023248,0012-05-11 12:15:00,12,5,11,12,15,290,39,RD 783 BEUZEC,47.8886,-3.91513,Plein jour,En agglomération,Giratoire,Normale,Trois véhicules et plus - en chaîne,,,,,,,,,,,1,2,6,1.0,4
201200023249,0012-05-25 15:15:00,12,5,25,15,15,290,39,GUEGUIN (AVENUE PIERRE),47.87292,-3.9179,Plein jour,En agglomération,Hors intersection,Normale,Deux véhicules - arrière,,,,,,,,,,,1,2,1,1.0,2
201200023250,0012-06-04 11:10:00,12,6,4,11,10,290,39,"14, FOCH ( RUE DU MARECH",47.87452,-3.92427,Plein jour,En agglomération,Hors intersection,Temps couvert,Deux véhicules - côté,,,,,,,,,,,1,2,1,8.0,3
201200023251,0012-06-05 17:40:00,12,6,5,17,40,290,39,pont morros,47.88102,-3.90933,Plein jour,En agglomération,Hors intersection,Pluie légère,Deux véhicules - arrière,,,,,,,,,,,1,2,1,2.0,2
201200023252,0012-06-15 10:55:00,12,6,15,10,55,290,39,"11, GUEGUIN (AVENUE PIER",47.87316,-3.91802,Plein jour,En agglomération,Hors intersection,Pluie légère,Autre collision,,,,,,,,,,,1,2,1,2.0,6
201200023253,0012-06-22 21:20:00,12,6,22,21,20,290,39,HASCOET (RUE HELENE),47.87187,-3.918,Plein jour,En agglomération,Hors intersection,Normale,Sans collision,,,,,,,,,,,1,2,1,1.0,7
201200023254,0012-06-27 21:05:00,12,6,27,21,5,290,39,KEROULIN ( CHEMIN DE ),47.92076,-3.92832,Plein jour,Hors agglomération,Hors intersection,Normale,Sans collision,,,,,,,,,,,1,1,1,1.0,7
201200023255,0012-07-06 14:10:00,12,7,6,14,10,290,39,GARE (AVENUE DE LA),47.8746,-3.91871,Plein jour,En agglomération,Intersection en T,Normale,Autre collision,,,,,,,,,,,1,2,3,1.0,6
201200023256,0012-07-15 17:50:00,12,7,15,17,50,290,39,KERGUERES (Route de),47.90081,-3.94364,Plein jour,Hors agglomération,Hors intersection,Normale,Sans collision,,,,,,,,,,,1,1,1,1.0,7
201200023257,0012-07-23 03:35:00,12,7,23,3,35,290,39,RD 783 BEUZEC,47.87838,-3.90225,Nuit sans éclairage public,Hors agglomération,Hors intersection,Normale,Sans collision,,,,,,,,,,,3,1,1,1.0,7
201200023258,0012-07-28 18:07:00,12,7,28,18,7,290,39,LIN (Rond-Point du),47.8759,-3.91585,Plein jour,En agglomération,Giratoire,Normale,Deux véhicules - frontale,,,,,,,,,,,1,2,6,1.0,1
201200023259,0012-07-28 21:00:00,12,7,28,21,0,290,39,COLGUEN ( RUE DE),47.90754,-3.90524,Plein jour,En agglomération,Hors intersection,Normale,Sans collision,,,,,,,,,,,1,2,1,1.0,7
201200023260,0012-08-06 19:20:00,12,8,6,19,20,290,39,RD 783 BEUZEC,47.88625,-3.91359,Plein jour,Hors agglomération,Hors intersection,Normale,Deux véhicules - arrière,,,,,,,,,,,1,1,1,1.0,2
201200023261,0012-08-07 11:30:00,12,8,7,11,30,290,39,CABELLOU ( AVENUE DU),47.86149,-3.89037,Plein jour,Hors agglomération,Hors intersection,Normale,Deux véhicules - arrière,,,,,,,,,,,1,1,1,1.0,2
201200023262,0012-08-28 17:38:00,12,8,28,17,38,290,39,CARNOT ( QUAI),47.87506,-3.91652,Plein jour,En agglomération,Hors intersection,Normale,Sans collision,,,,,,,,,,,1,2,1,1.0,7
201200023263,0012-08-29 11:03:00,12,8,29,11,3,290,39,KERIOLET ( RUE DE ),47.88805,-3.90914,Plein jour,En agglomération,Intersection en T,Normale,Deux véhicules - côté,,,,,,,,,,,1,2,3,1.0,3
201200023264,0012-09-03 22:20:00,12,9,3,22,20,290,39,"24, SAINT JACQUES ( RUE)",47.87801,-3.91461,Nuit avec éclairage allumé,En agglomération,Hors intersection,Normale,Sans collision,,,,,,,,,,,5,2,1,1.0,7
201200023265,0012-09-10 08:00:00,12,9,10,8,0,290,39,RD 44,47.92119,-3.89328,Plein jour,Hors agglomération,Hors intersection,Temps couvert,Autre collision,,,,,,,,,,,1,1,1,8.0,6
201200023266,0012-09-17 16:55:00,12,9,17,16,55,290,39,FLEURS (RUE DES ),47.88266,-3.92944,Plein jour,En agglomération,Hors intersection,Normale,Deux véhicules - côté,,,,,,,,,,,1,2,1,1.0,3
201200023267,0012-09-18 19:15:00,12,9,18,19,15,290,39,RD 783,47.88449,-3.91245,Plein jour,En agglomération,Hors intersection,Normale,Trois véhicules et plus - en chaîne,,,,,,,,,,,1,2,1,1.0,4
201200023268,0012-09-20 16:35:00,12,9,20,16,35,290,39,KERILIN (LIEU-DIT),47.91747,-3.93489,Plein jour,Hors agglomération,Intersection en T,Normale,Deux véhicules - côté,,,,,,,,,,,1,1,3,1.0,3
201200023269,0012-09-26 17:40:00,12,9,26,17,40,290,39,"83, GARE (AVENUE DE LA)",47.87772,-3.91963,Plein jour,En agglomération,Intersection en T,Normale,Deux véhicules - côté,,,,,,,,,,,1,2,3,1.0,3
201200023270,0012-10-02 17:25:00,12,10,2,17,25,290,39,PENANGUER ( RUE DE),47.91232,-3.92213,Plein jour,Hors agglomération,Hors intersection,Normale,Deux véhicules - côté,,,,,,,,,,,1,1,1,1.0,3
201200023271,0012-10-04 08:55:00,12,10,4,8,55,290,39,KERGUERES ( CHEMIN DE ),47.90409,-3.94514,Plein jour,Hors agglomération,Hors intersection,Normale,Sans collision,,,,,,,,,,,1,1,1,1.0,7
201200023272,0012-10-09 17:30:00,12,10,9,17,30,290,39,GENERAL DE GAULLE (PLACE,47.8719,-3.91891,Plein jour,En agglomération,Hors intersection,Normale,Autre collision,,,,,,,,,,,1,2,1,1.0,6
201200023273,0012-10-10 23:20:00,12,10,10,23,20,290,39,CABELLOU ( AVENUE DU),47.85706,-3.89864,Nuit avec éclairage allumé,En agglomération,Hors intersection,Pluie forte,Autre collision,,,,,,,,,,,5,2,1,3.0,6
201200023274,0012-10-23 15:30:00,12,10,23,15,30,290,39,GARE (AVENUE DE LA),47.8782,-3.91984,Plein jour,En agglomération,Hors intersection,Normale,Deux véhicules - côté,,,,,,,,,,,1,2,1,1.0,3
201200023275,0012-10-28 01:15:00,12,10,28,1,15,290,39,CARNOT ( QUAI),47.87525,-3.91608,Nuit avec éclairage allumé,En agglomération,Hors intersection,Normale,Autre collision,,,,,,,,,,,5,2,1,1.0,6
201200023276,0012-11-02 12:10:00,12,11,2,12,10,290,39,CD 70,47.92544,-3.89546,Plein jour,Hors agglomération,Hors intersection,Normale,Deux véhicules - côté,,,,,,,,,,,1,1,1,1.0,3
201200023277,0012-11-02 16:25:00,12,11,2,16,25,290,39,"0, HOTEL DE VILLE (PLACE",47.87065,-3.91945,Plein jour,En agglomération,Hors intersection,Normale,Deux véhicules - côté,,,,,,,,,,,1,2,1,1.0,3
201200023278,0012-11-03 19:20:00,12,11,3,19,20,290,39,KEROSE ( RUE DE ) DU N?,47.87547,-3.89269,Nuit avec éclairage non allumé,En agglomération,Hors intersection,Temps couvert,Deux véhicules - côté,,,,,,,,,,,4,2,1,8.0,3
201200023279,0012-11-14 14:40:00,12,11,14,14,40,290,39,KERILIN (LIEU-DIT),47.91747,-3.93489,Plein jour,Hors agglomération,Hors intersection,Normale,Deux véhicules - côté,,,,,,,,,,,1,1,1,1.0,3
201200023280,0012-11-14 17:20:00,12,11,14,17,20,290,39,"29, WYLIE ( BOULEVARD KA",47.87084,-3.92792,Plein jour,En agglomération,Hors intersection,Normale,Autre collision,,,,,,,,,,,1,2,1,1.0,6
201200023281,0012-11-15 12:20:00,12,11,15,12,20,290,39,RD 22,47.88121,-3.88384,Plein jour,Hors agglomération,Hors intersection,Normale,Sans collision,,,,,,,,,,,1,1,1,1.0,7
201200023282,0012-11-23 14:28:00,12,11,23,14,28,290,39,KERAMPLEIN ( CHEMIN DE),47.90377,-3.91786,Plein jour,Hors agglomération,Hors intersection,Pluie légère,Sans collision,,,,,,,,,,,1,1,1,2.0,7
201200023283,0012-11-29 12:25:00,12,11,29,12,25,290,39,KEROULIN ( CHEMIN DE ),47.91945,-3.93077,Plein jour,Hors agglomération,Hors intersection,Normale,Sans collision,,,,,,,,,,,1,1,1,1.0,7
201200023284,0012-12-05 18:50:00,12,12,5,18,50,290,39,BERNHARDT (RUE SARAH),47.88992,-3.92389,Nuit avec éclairage allumé,En agglomération,Hors intersection,Temps couvert,Sans collision,,,,,,,,,,,5,2,1,8.0,7
201200023285,0012-12-06 20:55:00,12,12,6,20,55,290,39,RN165 (VE),47.92802,-3.89965,Nuit sans éclairage public,Hors agglomération,Hors intersection,Pluie légère,Autre collision,,,,,,,,,,,3,1,1,2.0,6
201200023286,0012-12-08 09:40:00,12,12,8,9,40,290,39,"29, MALAKOFF ( RUE)",47.87535,-3.92334,Plein jour,En agglomération,Hors intersection,Temps couvert,Autre collision,,,,,,,,,,,1,2,1,8.0,6
201200023287,0012-12-12 14:00:00,12,12,12,14,0,290,39,"56, SABLES BLANCS (RUE D",47.88209,-3.93312,Plein jour,En agglomération,Hors intersection,Normale,Sans collision,,,,,,,,,,,1,2,1,1.0,7
201200023288,0012-12-29 12:30:00,12,12,29,12,30,290,39,RN165 (VE),47.93584,-3.91098,Plein jour,Hors agglomération,Hors intersection,Normale,Sans collision,,,,,,,,,,,1,1,1,1.0,7
201200023289,0012-01-02 20:00:00,12,1,2,20,0,290,151,RN12,48.59336,-3.83617,Nuit sans éclairage public,Hors agglomération,Hors intersection,Pluie légère,Deux véhicules - arrière,,,,,,,,,,,3,1,1,2.0,2
201200023290,0012-12-29 18:25:00,12,12,29,18,25,290,151,STRAJA (RUE DE),48.58761,-3.81044,Nuit avec éclairage allumé,Hors agglomération,Intersection en X,Pluie légère,Deux véhicules - côté,,,,,,,,,,,5,1,2,2.0,3
201200023291,0012-01-11 17:40:00,12,1,11,17,40,290,151,PROUFF (RUE DU DOCTEUR),48.57702,-3.83539,Plein jour,En agglomération,Hors intersection,Normale,Autre collision,,,,,,,,,,,1,2,1,1.0,6
201200023292,0012-01-13 11:00:00,12,1,13,11,0,290,254,"16, CARHAIX ( ROUTE DE )",48.56916,-3.83779,Plein jour,En agglomération,Hors intersection,Normale,Deux véhicules - côté,,,,,,,,,,,1,2,1,1.0,3
201200023293,0012-01-18 01:35:00,12,1,18,1,35,290,151,"38, CALLAC (ROUTE DE)",48.57332,-3.81608,Nuit avec éclairage allumé,En agglomération,Hors intersection,Normale,Autre collision,,,,,,,,,,,5,2,1,1.0,6
201200023294,0012-02-01 18:20:00,12,2,1,18,20,290,254,ROUTE NATIONALE 12,48.58051,-3.85235,Crépuscule ou aube,Hors agglomération,Hors intersection,Normale,Deux véhicules - côté,,,,,,,,,,,2,1,1,1.0,3
201200023295,0012-02-10 17:05:00,12,2,10,17,5,290,151,"1, AIGUILLON (RUE D')",48.57762,-3.82754,Plein jour,En agglomération,Hors intersection,Normale,Autre collision,,,,,,,,,,,1,2,1,1.0,6
201200023296,0012-02-21 12:30:00,12,2,21,12,30,290,254,PLOUVORN (ROUTE DE),48.57515,-3.84681,Plein jour,En agglomération,Hors intersection,Normale,Deux véhicules - frontale,,,,,,,,,,,1,2,1,1.0,1
201200023297,0012-03-13 17:50:00,12,3,13,17,50,290,254,REO (BOULEVARD DE),48.56672,-3.8504,Plein jour,En agglomération,Autre intersection,Normale,Deux véhicules - arrière,,,,,,,,,,,1,2,9,1.0,2
201200023298,0012-03-24 16:50:00,12,3,24,16,50,290,151,BREST (RUE DE),48.57475,-3.83115,Plein jour,En agglomération,Hors intersection,Normale,Trois véhicules et plus - collisions multiples,,,,,,,,,,,1,2,1,1.0,5
201200023299,0012-03-31 18:10:00,12,3,31,18,10,290,254,LE CUN (LIEU DIT),48.55479,-3.85332,Plein jour,Hors agglomération,Autre intersection,Normale,Deux véhicules - côté,,,,,,,,,,,1,1,9,1.0,3
201200023300,0012-04-08 06:35:00,12,4,8,6,35,290,254,LE CUN (LIEU DIT),48.55491,-3.85336,Nuit sans éclairage public,Hors agglomération,Hors intersection,Normale,Autre collision,,,,,,,,,,,3,1,1,1.0,6
201200023301,0012-04-21 04:30:00,12,4,21,4,30,290,151,RN12,48.59407,-3.8222,Nuit sans éclairage public,Hors agglomération,Hors intersection,Pluie forte,Autre collision,,,,,,,,,,,3,1,1,3.0,6
201200023302,0012-04-23 17:00:00,12,4,23,17,0,290,151,"8, TRURO (AVENUE DE)",48.58607,-3.81893,Plein jour,En agglomération,Hors intersection,Pluie légère,Sans collision,,,,,,,,,,,1,2,1,2.0,7
201200023303,0012-05-07 19:10:00,12,5,7,19,10,290,151,"24, CEZANNE (RUE PAUL)",48.5904,-3.82368,Plein jour,En agglomération,Hors intersection,Temps couvert,Deux véhicules - frontale,,,,,,,,,,,1,2,1,8.0,1
201200023304,0012-05-16 14:35:00,12,5,16,14,35,290,254,ROUTE NATIONALE 12,48.59341,-3.83589,Plein jour,Hors agglomération,Hors intersection,Normale,Deux véhicules - arrière,,,,,,,,,,,1,1,1,1.0,2
201200023305,0012-06-11 14:15:00,12,6,11,14,15,290,254,SAINT MARTIN (BOULEVARD),48.5769,-3.83341,Plein jour,En agglomération,Hors intersection,Pluie forte,Autre collision,,,,,,,,,,,1,2,1,3.0,6
201200023306,0012-06-15 10:00:00,12,6,15,10,0,290,151,"100, BREST (RUE DE)",48.57222,-3.83587,Plein jour,En agglomération,Hors intersection,Normale,Deux véhicules - côté,,,,,,,,,,,1,2,1,1.0,3
201200023307,0012-06-21 11:20:00,12,6,21,11,20,290,151,"8, AIGUILLON (RUE D')",48.57751,-3.82726,Plein jour,En agglomération,Hors intersection,Pluie légère,Autre collision,,,,,,,,,,,1,2,1,2.0,6
201200023308,0012-07-18 12:29:00,12,7,18,12,29,290,254,GRAND LAUNAY (RUE DU),48.57206,-3.85724,Plein jour,En agglomération,Giratoire,Normale,Deux véhicules - côté,,,,,,,,,,,1,2,6,1.0,3
201200023309,0012-07-23 15:30:00,12,7,23,15,30,290,254,SAINT GERMAIN (ROUTE DE),48.58424,-3.8449,Plein jour,En agglomération,Hors intersection,Normale,Deux véhicules - côté,,,,,,,,,,,1,2,1,1.0,3
201200023310,0012-07-25 21:15:00,12,7,25,21,15,290,151,PARIS (ROUTE DE),48.57605,-3.82076,Plein jour,En agglomération,Hors intersection,Normale,Deux véhicules - frontale,,,,,,,,,,,1,2,1,1.0,1