accident_id,datetime,annee,mois,jour,heure,minute,departement,commune_insee,adresse,latitude,longitude,luminosite,agglomeration,intersection,meteo,collision,nb_vehicules,nb_usagers,nb_indemnes,nb_tues,nb_blesses_hosp,nb_blesses_legers,age_cond_1,age_cond_2,veh_type_cond_1,veh_type_cond_2,lum_code,agg_code,int_code,atm_code,col_code
201200023434,0012-06-19 18:10:00,12,6,19,18,10,290,51,"., KERDEVOT RUE",48.00592,-3.98153,Plein jour,Hors agglomération,Hors intersection,Normale,Sans collision,,,,,,,,,,,1,1,1,1.0,7
201200023435,0012-06-20 18:45:00,12,6,20,18,45,290,232,"., GOURVILLY  ROND POINT",48.01907,-4.08403,Plein jour,Hors agglomération,Giratoire,Pluie légère,Sans collision,,,,,,,,,,,1,1,6,2.0,7
201200023436,0012-06-20 21:35:00,12,6,20,21,35,290,232,"43, PONT L'ABBE ROUTE DE",47.98821,-4.11958,Crépuscule ou aube,En agglomération,Intersection en X,Normale,Deux véhicules - côté,,,,,,,,,,,2,2,2,1.0,3
201200023437,0012-06-21 17:15:00,12,6,21,17,15,290,232,"1, AMIRAL RONARC'H RUE",47.99524,-4.1082,Plein jour,En agglomération,Hors intersection,Normale,Sans collision,,,,,,,,,,,1,2,1,1.0,7
201200023438,0012-06-23 17:45:00,12,6,23,17,45,290,232,"., VOIE EXPRESS QUIMPER",48.01183,-4.07176,Plein jour,Hors agglomération,Hors intersection,Normale,Sans collision,,,,,,,,,,,1,1,1,1.0,7
201200023439,0012-06-23 22:03:00,12,6,23,22,3,290,232,"5, DOUARNENEZ ROUTE DE",47.99933,-4.11482,Nuit avec éclairage allumé,En agglomération,Hors intersection,Pluie légère,Sans collision,,,,,,,,,,,5,2,1,2.0,7
201200023440,0012-06-25 13:38:00,12,6,25,13,38,290,232,"., PRAD AR C'HRAS Rond p",48.0013,-4.15493,Plein jour,Hors agglomération,Hors intersection,Pluie légère,Sans collision,,,,,,,,,,,1,1,1,2.0,7
201200023441,0012-06-27 14:31:00,12,6,27,14,31,290,232,"8, LOUET PIERRE ALLEE",48.01824,-4.08549,Plein jour,En agglomération,Hors intersection,Normale,Deux véhicules - côté,,,,,,,,,,,1,2,1,1.0,3
201200023442,0012-06-29 18:20:00,12,6,29,18,20,290,232,"., STIVEL RUE DU",47.9902,-4.11113,Plein jour,En agglomération,Intersection en T,Normale,Deux véhicules - côté,,,,,,,,,,,1,2,3,1.0,3
201200023443,0012-06-30 10:00:00,12,6,30,10,0,290,232,"., POHER RUE DU",47.98438,-4.10814,Plein jour,En agglomération,Hors intersection,Normale,Sans collision,,,,,,,,,,,1,2,1,1.0,7
201200023444,0012-06-30 19:05:00,12,6,30,19,5,290,232,"147, PONT L'ABBE ROUTE D",47.98905,-4.11924,Plein jour,En agglomération,Hors intersection,Normale,Deux véhicules - arrière,,,,,,,,,,,1,2,1,1.0,2
201200023445,0012-07-02 15:14:00,12,7,2,15,14,290,232,"., CREAC' H GWEN BOULEVA",,,Plein jour,Hors agglomération,Hors intersection,Normale,Sans collision,,,,,,,,,,,1,1,1,1.0,7
201200023446,0012-07-04 19:00:00,12,7,4,19,0,290,51,"., STANGALA ROUTE",48.02591,-4.04567,Plein jour,Hors agglomération,Hors intersection,Normale,Sans collision,,,,,,,,,,,1,1,1,1.0,7
201200023447,0012-07-06 08:09:00,12,7,6,8,9,290,232,"., LEBON PHILIPPE  ROND",47.99498,-4.07323,Plein jour,En agglomération,Hors intersection,Normale,Deux véhicules - arrière,,,,,,,,,,,1,2,1,1.0,2
201200023448,0012-07-06 13:44:00,12,7,6,13,44,290,232,"73, BREST ROUTE DE",48.00194,-4.08507,Plein jour,En agglomération,Intersection en T,Pluie légère,Deux véhicules - frontale,,,,,,,,,,,1,2,3,2.0,1
201200023449,0012-07-12 19:00:00,12,7,12,19,0,290,232,"42, TY ROUX RUE DE",47.99828,-4.13635,Plein jour,En agglomération,Hors intersection,Pluie forte,Autre collision,,,,,,,,,,,1,2,1,3.0,6
201200023450,0012-07-14 12:45:00,12,7,14,12,45,290,232,"., FRANCE BOULEVARD DE",47.98152,-4.12745,Plein jour,Hors agglomération,Hors intersection,Normale,Deux véhicules - côté,,,,,,,,,,,1,1,1,1.0,3
201200023451,0012-07-14 07:00:00,12,7,14,7,0,290,232,"., BENODET ROUTE DE",47.9754,-4.09213,Nuit sans éclairage public,Hors agglomération,Hors intersection,Pluie légère,Sans collision,,,,,,,,,,,3,1,1,2.0,7
201200023452,0012-07-17 23:30:00,12,7,17,23,30,290,232,"., DE KERREQUELLOU CHEMI",47.95838,-4.06554,Nuit sans éclairage public,Hors agglomération,Hors intersection,Normale,Deux véhicules - arrière,,,,,,,,,,,3,1,1,1.0,2
201200023453,0012-07-23 16:55:00,12,7,23,16,55,290,232,"., VOIE EXPRESS QUIMPER",48.00817,-4.06518,Plein jour,Hors agglomération,Hors intersection,Normale,Trois véhicules et plus - en chaîne,,,,,,,,,,,1,1,1,1.0,4
201200023454,0012-07-25 22:25:00,12,7,25,22,25,290,232,"., ROSPORDEN ROUTE DE",47.98911,-4.06005,Plein jour,Hors agglomération,Hors intersection,Normale,Sans collision,,,,,,,,,,,1,1,1,1.0,7
201200023455,0012-07-27 19:20:00,12,7,27,19,20,290,232,BENODET ROUTE DE,47.97833,-4.0941,Plein jour,En agglomération,Intersection en X,Normale,Deux véhicules - côté,,,,,,,,,,,1,2,2,1.0,3
201200023456,0012-07-31 07:32:00,12,7,31,7,32,290,232,"., CREAC' H GWEN BOULEVA",47.97612,-4.09885,Plein jour,Hors agglomération,Hors intersection,Normale,Sans collision,,,,,,,,,,,1,1,1,1.0,7
201200023457,0012-08-01 13:00:00,12,8,1,13,0,290,232,"., LE GOFFIC CHARLES RUE",,,Plein jour,En agglomération,Hors intersection,Pluie légère,Sans collision,,,,,,,,,,,1,2,1,2.0,7
201200023458,0012-08-02 04:20:00,12,8,2,4,20,290,232,"., POULGUINAN PONT DE",47.98372,-4.11723,Nuit avec éclairage allumé,En agglomération,Hors intersection,Normale,Deux véhicules - côté,,,,,,,,,,,5,2,1,1.0,3
201200023459,0012-08-13 15:45:00,12,8,13,15,45,290,232,"1, SALONIQUE RUE DE",47.99579,-4.11083,Plein jour,En agglomération,Hors intersection,Normale,Autre collision,,,,,,,,,,,1,2,1,1.0,6
201200023460,0012-08-22 18:40:00,12,8,22,18,40,290,232,"., MORLAIX Route de",48.04235,-4.06485,Plein jour,Hors agglomération,Hors intersection,Normale,Deux véhicules - côté,,,,,,,,,,,1,1,1,1.0,3
201200023461,0012-08-25 04:10:00,12,8,25,4,10,290,232,"4, BOROSSI PAUL RUE",47.98845,-4.11982,Nuit avec éclairage allumé,En agglomération,Hors intersection,Pluie légère,Autre collision,,,,,,,,,,,5,2,1,2.0,6
201200023462,0012-08-25 23:45:00,12,8,25,23,45,290,232,SAMUEL PIRIOU Allee,47.99859,-4.10989,Nuit avec éclairage allumé,En agglomération,Hors intersection,Normale,Deux véhicules - arrière,,,,,,,,,,,5,2,1,1.0,2
201200023463,0012-08-29 10:55:00,12,8,29,10,55,290,232,"., BREST ROUTE DE",48.04695,-4.06922,Plein jour,Hors agglomération,Hors intersection,Normale,Sans collision,,,,,,,,,,,1,1,1,1.0,7
201200023464,0012-09-07 19:35:00,12,9,7,19,35,290,232,"., PRAD AR C'HRAS Rond p",48.00189,-4.15665,Plein jour,Hors agglomération,Hors intersection,Normale,Sans collision,,,,,,,,,,,1,1,1,1.0,7
201200023465,0012-09-10 09:15:00,12,9,10,9,15,290,51,"., D51",48.00351,-4.03717,Plein jour,Hors agglomération,Hors intersection,Normale,Sans collision,,,,,,,,,,,1,1,1,1.0,7
201200023466,0012-09-17 18:35:00,12,9,17,18,35,290,232,", LOC' H ROUTE DU",48.01158,-4.09049,Plein jour,Hors agglomération,Hors intersection,Normale,Deux véhicules - arrière,,,,,,,,,,,1,1,1,1.0,2
201200023467,0012-09-18 08:40:00,12,9,18,8,40,290,232,"., TY NAY ROUTE DE",48.01333,-4.09522,Plein jour,Hors agglomération,Hors intersection,Normale,Deux véhicules - arrière,,,,,,,,,,,1,1,1,1.0,2
201200023468,0012-09-19 08:40:00,12,9,19,8,40,290,232,"., LOCRONAN ROUTE DE",48.01366,-4.13034,Plein jour,En agglomération,Hors intersection,Normale,Deux véhicules - arrière,,,,,,,,,,,1,2,1,1.0,2
201200023469,0012-09-20 07:35:00,12,9,20,7,35,290,232,"., GUTENBERG ROND POINT",47.98026,-4.07941,Crépuscule ou aube,En agglomération,Hors intersection,Normale,Deux véhicules - côté,,,,,,,,,,,2,2,1,1.0,3
201200023470,0012-09-22 19:15:00,12,9,22,19,15,290,51,"., PEN CARN ROND POINT",48.01376,-4.0095,Plein jour,En agglomération,Hors intersection,Pluie légère,Sans collision,,,,,,,,,,,1,2,1,2.0,7
201200023471,0012-09-24 09:50:00,12,9,24,9,50,290,232,"., TOURBIE PLACE DE LA",47.99897,-4.10423,Plein jour,En agglomération,Hors intersection,Normale,Sans collision,,,,,,,,,,,1,2,1,1.0,7
201200023472,0012-09-30 06:15:00,12,9,30,6,15,290,232,"., PLOMELIN ROUTE DE",47.9727,-4.12695,Nuit avec éclairage allumé,En agglomération,Hors intersection,Normale,Sans collision,,,,,,,,,,,5,2,1,1.0,7
201200023473,0012-10-04 07:30:00,12,10,4,7,30,290,232,"., VOIE EXPRESS QUIMPER",48.01214,-4.07237,Crépuscule ou aube,Hors agglomération,Hors intersection,Normale,Deux véhicules - côté,,,,,,,,,,,2,1,1,1.0,3
201200023474,0012-10-07 13:20:00,12,10,7,13,20,290,232,"., POULGUINAN BOULEVARD",47.9837,-4.11756,Plein jour,Hors agglomération,Hors intersection,Pluie légère,Sans collision,,,,,,,,,,,1,1,1,2.0,7
201200023475,0012-10-06 21:15:00,12,10,6,21,15,290,232,"., LE HARS THEODORE RUE",47.99397,-4.09982,Nuit avec éclairage allumé,En agglomération,Hors intersection,Normale,Sans collision,,,,,,,,,,,5,2,1,1.0,7
201200023476,0012-10-06 18:36:00,12,10,6,18,36,290,232,"81, ROSPORDEN ROUTE DE",47.98893,-4.06074,Crépuscule ou aube,Hors agglomération,Hors intersection,Pluie légère,Deux véhicules - frontale,,,,,,,,,,,2,1,1,2.0,1
201200023477,0012-10-10 00:10:00,12,10,10,0,10,290,232,"., OISEAUX AVENUE DES",47.99081,-4.12923,Nuit avec éclairage allumé,En agglomération,Giratoire,Pluie légère,Autre collision,,,,,,,,,,,5,2,6,2.0,6
201200023478,0012-10-10 14:20:00,12,10,10,14,20,290,232,"8, POITOU RUE DU",47.98547,-4.12565,Plein jour,En agglomération,Hors intersection,Pluie légère,Sans collision,,,,,,,,,,,1,2,1,2.0,7
201200023479,0012-10-11 06:15:00,12,10,11,6,15,290,232,"., LE GOFFIC CHARLES RUE",47.98568,-4.06386,Nuit avec éclairage allumé,En agglomération,Hors intersection,Normale,Sans collision,,,,,,,,,,,5,2,1,1.0,7
201200023480,0012-10-11 10:10:00,12,10,11,10,10,290,232,"., FRUGY Rond-Point du",47.98782,-4.10906,Plein jour,En agglomération,Hors intersection,Normale,Autre collision,,,,,,,,,,,1,2,1,1.0,6
201200023481,0012-10-11 21:21:00,12,10,11,21,21,290,232,"., DUPLEIX BOULEVARD",47.99487,-4.10052,Nuit avec éclairage allumé,En agglomération,Intersection en T,Pluie légère,Sans collision,,,,,,,,,,,5,2,3,2.0,7
201200023482,0012-10-18 18:06:00,12,10,18,18,6,290,232,"., LEBON PHILIPPE  ROND",47.99518,-4.07286,Plein jour,En agglomération,Hors intersection,Normale,Deux véhicules - côté,,,,,,,,,,,1,2,1,1.0,3
201200023483,0012-10-19 15:45:00,12,10,19,15,45,290,232,PLAGE DES GUEUX AVENUE D,47.97233,-4.08948,Plein jour,En agglomération,Hors intersection,Normale,Sans collision,,,,,,,,,,,1,2,1,1.0,7
201200023484,0012-10-20 20:00:00,12,10,20,20,0,290,232,"., BRIAND  ARISTIDE RUE",47.99484,-4.09656,Plein jour,En agglomération,Hors intersection,Normale,Sans collision,,,,,,,,,,,1,2,1,1.0,7
201200023485,0012-10-26 06:14:00,12,10,26,6,14,290,232,"., LE GUENNEC LOUIS BOUL",47.97996,-4.10711,Nuit avec éclairage allumé,En agglomération,Hors intersection,Normale,Sans collision,,,,,,,,,,,5,2,1,1.0,7
201200023486,0012-10-29 15:45:00,12,10,29,15,45,290,232,"., FRERES MAILLET BOULEV",48.00183,-4.09336,Plein jour,Hors agglomération,Intersection en X,Normale,Deux véhicules - frontale,,,,,,,,,,,1,1,2,1.0,1
201200023487,0012-10-29 18:40:00,12,10,29,18,40,290,232,"., LOUIS LE GUENNEC",47.98015,-4.10268,Nuit avec éclairage allumé,En agglomération,Hors intersection,Normale,Trois véhicules et plus - en chaîne,,,,,,,,,,,5,2,1,1.0,4
201200023488,0012-11-01 11:53:00,12,11,1,11,53,290,232,"97, BENODET rue de",47.98195,-4.1024,Plein jour,En agglomération,Hors intersection,Normale,Sans collision,,,,,,,,,,,1,2,1,1.0,7
201200023489,0012-11-03 11:00:00,12,11,3,11,0,290,232,"., BLUM  LEON RUE",47.98749,-4.08531,Plein jour,En agglomération,Hors intersection,Temps éblouissant,Autre collision,,,,,,,,,,,1,2,1,7.0,6
201200023490,0012-11-07 18:40:00,12,11,7,18,40,290,232,"., VOIE EXPRESS QUIMPER",48.01116,-4.07034,Nuit sans éclairage public,Hors agglomération,Hors intersection,Normale,Sans collision,,,,,,,,,,,3,1,1,1.0,7
201200023491,0012-11-08 15:55:00,12,11,8,15,55,290,232,"95, BENODET rue de",47.98229,-4.10278,Plein jour,En agglomération,Hors intersection,Normale,Sans collision,,,,,,,,,,,1,2,1,1.0,7
201200023492,0012-11-10 01:23:00,12,11,10,1,23,290,232,"72, LE GOFFIC CHARLES RU",47.98583,-4.06526,Nuit avec éclairage allumé,En agglomération,Hors intersection,Pluie légère,Autre collision,,,,,,,,,,,5,2,1,2.0,6
201200023493,0012-11-13 11:49:00,12,11,13,11,49,290,232,"6, COLOMBE MICHEL RUE",47.98619,-4.08139,Plein jour,En agglomération,Hors intersection,Normale,Sans collision,,,,,,,,,,,1,2,1,1.0,7
201200023494,0012-11-16 08:00:00,12,11,16,8,0,290,232,ILES  ROND POINT DES,47.98314,-4.08812,Crépuscule ou aube,En agglomération,Giratoire,Normale,Sans collision,,,,,,,,,,,2,2,6,1.0,7
201200023495,0012-11-16 08:10:00,12,11,16,8,10,290,232,RESISTANCE PLACE DE LA,47.99367,-4.10556,Crépuscule ou aube,En agglomération,Hors intersection,Normale,Autre collision,,,,,,,,,,,2,2,1,1.0,6
201200023496,0012-11-16 11:30:00,12,11,16,11,30,290,232,POULGUINAN BOULEVARD DE,47.9837,-4.11756,Plein jour,En agglomération,Intersection en T,Normale,Autre collision,,,,,,,,,,,1,2,3,1.0,6
201200023497,0012-11-16 18:40:00,12,11,16,18,40,290,232,COSQUER  ROND POINT DU,48.00209,-4.11235,Nuit avec éclairage allumé,En agglomération,Giratoire,Normale,Autre collision,,,,,,,,,,,5,2,6,1.0,6
201200023498,0012-11-17 10:20:00,12,11,17,10,20,290,232,"34, AMIRAL RONARC'H RUE",47.99489,-4.10804,Plein jour,En agglomération,Hors intersection,Pluie légère,Autre collision,,,,,,,,,,,1,2,1,2.0,6
201200023499,0012-11-18 12:15:00,12,11,18,12,15,290,51,PEN CARN ROND POINT,48.01973,-4.02203,Plein jour,Hors agglomération,Giratoire,Normale,Deux véhicules - côté,,,,,,,,,,,1,1,6,1.0,3
201200023500,0012-11-20 07:57:00,12,11,20,7,57,290,232,FRANCE BOULEVARD DE,47.98396,-4.13028,Nuit avec éclairage allumé,En agglomération,Hors intersection,Temps couvert,Sans collision,,,,,,,,,,,5,2,1,8.0,7
201200023501,0012-11-23 14:50:00,12,11,23,14,50,290,232,VOIE EXPRESS QUIMPER - B,48.03707,-4.0799,Plein jour,Hors agglomération,Hors intersection,Pluie légère,Sans collision,,,,,,,,,,,1,1,1,2.0,7
201200023502,0012-11-25 03:30:00,12,11,25,3,30,290,232,"., VOIE ROMAINE LA",48.03968,-4.09256,Nuit sans éclairage public,Hors agglomération,Hors intersection,Vent fort / tempête,Sans collision,,,,,,,,,,,3,1,1,6.0,7
201200023503,0012-11-26 18:15:00,12,11,26,18,15,290,232,VOIE EXPRESS QUIMPER - B,48.03534,-4.08196,Nuit sans éclairage public,Hors agglomération,Hors intersection,Pluie forte,Deux véhicules - arrière,,,,,,,,,,,3,1,1,3.0,2
201200023504,0012-11-27 08:20:00,12,11,27,8,20,290,232,"18, PARC RUE DU",47.99453,-4.10456,Crépuscule ou aube,En agglomération,Hors intersection,Pluie légère,Sans collision,,,,,,,,,,,2,2,1,2.0,7
201200023505,0012-11-29 12:35:00,12,11,29,12,35,290,232,PALESTINE RUE DE LA,47.9945,-4.10681,Plein jour,En agglomération,Intersection en T,Normale,Autre collision,,,,,,,,,,,1,2,3,1.0,6
201200023506,0012-11-29 18:40:00,12,11,29,18,40,290,232,"47, BENODET rue de",47.98629,-4.10731,Nuit avec éclairage non allumé,En agglomération,Hors intersection,Normale,Deux véhicules - côté,,,,,,,,,,,4,2,1,1.0,3
201200023507,0012-12-05 07:52:00,12,12,5,7,52,290,232,"., BONNET ROUGES  ROND P",47.98589,-4.08912,Nuit avec éclairage allumé,En agglomération,Hors intersection,Pluie forte,Deux véhicules - côté,,,,,,,,,,,5,2,1,3.0,3
201200023508,0012-12-05 11:50:00,12,12,5,11,50,290,232,COSMOS PLACE DU,47.98787,-4.06672,Plein jour,En agglomération,Hors intersection,Normale,Deux véhicules - côté,,,,,,,,,,,1,2,1,1.0,3
201200023509,0012-12-08 23:29:00,12,12,8,23,29,290,232,AMIRAL RONARC'H RUE,47.99421,-4.10737,Nuit avec éclairage allumé,En agglomération,Hors intersection,Normale,Sans collision,,,,,,,,,,,5,2,1,1.0,7
201200023510,0012-12-11 20:43:00,12,12,11,20,43,290,232,"., GARE AVENUE DE LA",47.99439,-4.09414,Nuit avec éclairage allumé,En agglomération,Hors intersection,Normale,Sans collision,,,,,,,,,,,5,2,1,1.0,7
201200023511,0012-12-14 07:50:00,12,12,14,7,50,290,232,"85, MENDES FRANCE  PIERR",47.97453,-4.12961,Crépuscule ou aube,En agglomération,Hors intersection,Pluie forte,Deux véhicules - côté,,,,,,,,,,,2,2,1,3.0,3
201200023512,0012-12-14 08:10:00,12,12,14,8,10,290,232,CREAC'H GWEN  ROND POINT,47.9754,-4.09821,Crépuscule ou aube,En agglomération,Giratoire,Pluie légère,Trois véhicules et plus - collisions multiples,,,,,,,,,,,2,2,6,2.0,5
201200023513,0012-12-15 06:30:00,12,12,15,6,30,290,232,"., VOIE EXPRESS QUIMPER",48.01214,-4.0724,Nuit avec éclairage non allumé,Hors agglomération,Hors intersection,Pluie légère,Sans collision,,,,,,,,,,,4,1,1,2.0,7
201200023514,0012-12-15 18:10:00,12,12,15,18,10,290,232,KERUSTUM  ROND POINT DE,47.97902,-4.09425,Nuit sans éclairage public,En agglomération,Hors intersection,Pluie légère,Sans collision,,,,,,,,,,,3,2,1,2.0,7
201200023515,0012-12-17 14:12:00,12,12,17,14,12,290,232,"., GLENAN  AVENUE DES",47.99519,-4.11693,Plein jour,En agglomération,Hors intersection,Normale,Autre collision,,,,,,,,,,,1,2,1,1.0,6
201200023516,0012-12-19 15:40:00,12,12,19,15,40,290,232,", FRANCE LIBRE  AVENUE",48.00376,-4.09838,Plein jour,En agglomération,Hors intersection,Pluie légère,Autre collision,,,,,,,,,,,1,2,1,2.0,6
201200023517,0012-12-21 05:20:00,12,12,21,5,20,290,232,"., LIBERATION AVENUE DE",47.99315,-4.08688,Nuit avec éclairage allumé,En agglomération,Hors intersection,Normale,Deux véhicules - frontale,,,,,,,,,,,5,2,1,1.0,1
201200023518,0012-12-22 17:30:00,12,12,22,17,30,290,232,CREAC'H GWEN  ROND POINT,47.97545,-4.09818,Crépuscule ou aube,En agglomération,Giratoire,Pluie légère,Sans collision,,,,,,,,,,,2,2,6,2.0,7
201200023519,0012-12-25 20:00:00,12,12,25,20,0,290,232,"237, BENODET ROUTE DE",47.97156,-4.08681,Nuit avec éclairage allumé,En agglomération,Hors intersection,Pluie légère,Deux véhicules - frontale,,,,,,,,,,,5,2,1,2.0,1
201200023520,0012-12-28 14:45:00,12,12,28,14,45,290,232,"81, ROSPORDEN ROUTE DE",47.98972,-4.06445,Plein jour,En agglomération,Hors intersection,Temps couvert,Autre collision,,,,,,,,,,,1,2,1,8.0,6
201200023521,0012-12-29 09:40:00,12,12,29,9,40,290,232,"., CORAY ROUTE DE",47.99428,-4.07024,Plein jour,Hors agglomération,Hors intersection,Pluie forte,Sans collision,,,,,,,,,,,1,1,1,3.0,7
201200023522,0012-12-30 13:20:00,12,12,30,13,20,290,232,POHER RUE DU,47.98239,-4.10673,Plein jour,En agglomération,Hors intersection,Pluie légère,Sans collision,,,,,,,,,,,1,2,1,2.0,7
201200023523,0012-12-31 07:48:00,12,12,31,7,48,290,232,"., FRANCE LIBRE  AVENUE",48.00376,-4.09838,Crépuscule ou aube,En agglomération,Hors intersection,Pluie légère,Autre collision,,,,,,,,,,,2,2,1,2.0,6
201200023524,0012-01-31 12:45:00,12,1,31,12,45,570,620,,,,Plein jour,Hors agglomération,Hors intersection,Normale,Autre collision,,,,,,,,,,,1,1,1,1.0,6
201200023525,0012-04-30 23:30:00,12,4,30,23,30,540,2,,49.19544,5.86601,Nuit sans éclairage public,Hors agglomération,Hors intersection,Pluie forte,Sans collision,,,,,,,,,,,3,1,1,3.0,7
201200023526,0012-06-27 01:15:00,12,6,27,1,15,550,242,,49.13118,5.67066,Nuit sans éclairage public,Hors agglomération,Hors intersection,Normale,Sans collision,,,,,,,,,,,3,1,1,1.0,7
201200023527,0012-12-01 08:15:00,12,12,1,8,15,570,111,,,,Plein jour,Hors agglomération,Hors intersection,Normale,Autre collision,,,,,,,,,,,1,1,1,1.0,6
201200023528,0012-01-20 11:00:00,12,1,20,11,0,600,395,,,,Plein jour,En agglomération,Place,Pluie légère,Deux véhicules - côté,,,,,,,,,,,1,2,7,2.0,3
201200023529,0012-01-22 02:30:00,12,1,22,2,30,600,12,Rue de MERU,,,Nuit avec éclairage non allumé,En agglomération,Hors intersection,Normale,Autre collision,,,,,,,,,,,4,2,1,1.0,6
201200023530,0012-04-14 14:30:00,12,4,14,14,30,600,395,,,,Plein jour,En agglomération,Hors intersection,Normale,Deux véhicules - côté,,,,,,,,,,,1,2,1,1.0,3
201200023531,0012-06-17 08:15:00,12,6,17,8,15,600,10,26 rue Montalet,,,Plein jour,En agglomération,Hors intersection,Normale,Autre collision,,,,,,,,,,,1,2,1,1.0,6
201200023532,0012-07-28 12:00:00,12,7,28,12,0,600,570,,,,Plein jour,Hors agglomération,Hors intersection,Normale,Deux véhicules - frontale,,,,,,,,,,,1,1,1,1.0,1
201200023533,0012-10-14 08:00:00,12,10,14,8,0,600,532,,49.305,2.085,Plein jour,Hors agglomération,Hors intersection,Normale,Sans collision,,,,,,,,,,,1,1,1,1.0,7
201200023534,0012-01-05 19:10:00,12,1,5,19,10,300,7,"., SALINDRES",,,Nuit avec éclairage allumé,En agglomération,Hors intersection,Normale,Deux véhicules - arrière,,,,,,,,,,,5,2,1,1.0,2
201200023535,0012-01-17 14:20:00,12,1,17,14,20,300,7,NIMES (ROUTE DE),44.215,4.63313,Plein jour,En agglomération,Hors intersection,Normale,Deux véhicules - côté,,,,,,,,,,,1,2,1,1.0,3
201200023536,0012-01-17 20:55:00,12,1,17,20,55,300,7,"., LUQUETTE (CHEMIN DE L",,,Nuit avec éclairage allumé,En agglomération,Hors intersection,Normale,Deux véhicules - côté,,,,,,,,,,,5,2,1,1.0,3
201200023537,0012-01-11 11:15:00,12,1,11,11,15,300,7,BOISSIER DE SAUVAGE  ( Q,,,Plein jour,En agglomération,Hors intersection,Normale,Autre collision,,,,,,,,,,,1,2,1,1.0,6
201200023538,0012-02-17 11:15:00,12,2,17,11,15,300,7,"., BLANC (BD LOUIS)",,,Plein jour,En agglomération,Hors intersection,Normale,Autre collision,,,,,,,,,,,1,2,1,1.0,6
201200023539,0012-02-17 15:40:00,12,2,17,15,40,300,7,BILINA (QUAI),,,Plein jour,En agglomération,Hors intersection,Normale,Deux véhicules - arrière,,,,,,,,,,,1,2,1,1.0,2
201200023540,0012-02-20 15:05:00,12,2,20,15,5,300,7,"., ANDUZE (AVE)",44.10825,4.08115,Plein jour,En agglomération,Hors intersection,Normale,Deux véhicules - côté,,,,,,,,,,,1,2,1,1.0,3
201200023541,0012-02-29 14:20:00,12,2,29,14,20,300,243,MOULIN (AVENUE J.),,,Plein jour,En agglomération,Hors intersection,Normale,Trois véhicules et plus - collisions multiples,,,,,,,,,,,1,2,1,1.0,5
201200023542,0012-03-02 13:10:00,12,3,2,13,10,300,243,"., CAMPELLO (AVENUE DE)",,,Plein jour,En agglomération,Hors intersection,Normale,Deux véhicules - arrière,,,,,,,,,,,1,2,1,1.0,2
201200023543,0012-03-11 17:10:00,12,3,11,17,10,300,7,GAMBETTA (BOULEVARD),,,Plein jour,En agglomération,Giratoire,Normale,Deux véhicules - côté,,,,,,,,,,,1,2,6,1.0,3
201200023544,0012-03-14 10:00:00,12,3,14,10,0,300,7,BOISSIER DE SAUVAGE  ( Q,44.12734,4.07812,Plein jour,En agglomération,Hors intersection,Normale,Autre collision,,,,,,,,,,,1,2,1,1.0,6
201200023545,0012-04-01 14:50:00,12,4,1,14,50,300,7,RIBOT (AVE GASTON),44.13415,4.08901,Plein jour,En agglomération,Hors intersection,Normale,Autre collision,,,,,,,,,,,1,2,1,1.0,6
201200023546,0012-04-01 10:55:00,12,4,1,10,55,300,7,"., 2X2 VOIES (ROND POINT",44.10784,4.09898,Plein jour,En agglomération,Hors intersection,Normale,Deux véhicules - arrière,,,,,,,,,,,1,2,1,1.0,2
201200023547,0012-04-04 07:30:00,12,4,4,7,30,300,7,CASSIN (RUE RENE),,,Plein jour,En agglomération,Hors intersection,Pluie légère,Sans collision,,,,,,,,,,,1,2,1,2.0,7
201200023548,0012-04-06 17:55:00,12,4,6,17,55,300,7,"., KILMARNOCK (QUAI)",,,Plein jour,En agglomération,Hors intersection,Normale,Deux véhicules - côté,,,,,,,,,,,1,2,1,1.0,3
201200023549,0012-04-21 11:55:00,12,4,21,11,55,300,7,BAGNOLS (ROUTE DE),,,Plein jour,En agglomération,Intersection en X,Normale,Deux véhicules - côté,,,,,,,,,,,1,2,2,1.0,3
201200023550,0012-05-01 15:15:00,12,5,1,15,15,300,7,POTENCES (CHEMIN DES),44.14861,4.09823,Plein jour,En agglomération,Hors intersection,Normale,Sans collision,,,,,,,,,,,1,2,1,1.0,7
201200023551,0012-05-11 10:05:00,12,5,11,10,5,300,7,"., CARNOT (AVE)",,,Plein jour,En agglomération,Hors intersection,Normale,Deux véhicules - arrière,,,,,,,,,,,1,2,1,1.0,2
201200023552,0012-05-11 11:50:00,12,5,11,11,50,300,7,"., CASSIN (RUE RENE)",,,Plein jour,En agglomération,Hors intersection,Normale,Deux véhicules - côté,,,,,,,,,,,1,2,1,1.0,3
201200023553,0012-05-15 07:45:00,12,5,15,7,45,300,7,"., CASSIN (RUE RENE)",44.10797,4.09862,Plein jour,En agglomération,Giratoire,Normale,Deux véhicules - côté,,,,,,,,,,,1,2,6,1.0,3
201200023554,0012-05-25 13:35:00,12,5,25,13,35,300,7,TORTUGUE (CHEMIN DE LA),,,Plein jour,En agglomération,Hors intersection,Normale,Autre collision,,,,,,,,,,,1,2,1,1.0,6
201200023555,0012-06-09 09:27:00,12,6,9,9,27,300,7,"26, GRABIEUX (ROUTE DU P",44.13987,4.08871,Plein jour,En agglomération,Hors intersection,Normale,Deux véhicules - côté,,,,,,,,,,,1,2,1,1.0,3