accident_id,datetime,annee,mois,jour,heure,minute,departement,commune_insee,adresse,latitude,longitude,luminosite,agglomeration,intersection,meteo,collision,nb_vehicules,nb_usagers,nb_indemnes,nb_tues,nb_blesses_hosp,nb_blesses_legers,age_cond_1,age_cond_2,veh_type_cond_1,veh_type_cond_2,lum_code,agg_code,int_code,atm_code,col_code
201200023678,0012-02-24 17:07:00,12,2,24,17,7,300,189,FAITA VINCENT (RUE),43.84025,4.36533,Plein jour,En agglomération,Hors intersection,Normale,Deux véhicules - côté,,,,,,,,,,,1,2,1,1.0,3
201200023679,0012-02-25 13:20:00,12,2,25,13,20,300,189,ROBERT JEAN (PLACE),43.84018,4.36546,Plein jour,En agglomération,Hors intersection,Normale,Autre collision,,,,,,,,,,,1,2,1,1.0,6
201200023680,0012-02-27 10:38:00,12,2,27,10,38,300,189,"0, ALES (ROUTE)",43.87168,4.32027,Plein jour,En agglomération,Intersection en X,Normale,Deux véhicules - côté,,,,,,,,,,,1,2,2,1.0,3
201200023681,0012-02-29 13:30:00,12,2,29,13,30,300,189,REINAUD EMILE (RUE),43.84113,4.38032,Plein jour,En agglomération,Intersection en X,Normale,Deux véhicules - arrière,,,,,,,,,,,1,2,2,1.0,2
201200023682,0012-02-29 19:05:00,12,2,29,19,5,300,189,ALGER (RUE),,,Plein jour,En agglomération,Hors intersection,Normale,Deux véhicules - côté,,,,,,,,,,,1,2,1,1.0,3
201200023683,0012-02-29 19:05:00,12,2,29,19,5,300,189,"0, CLOVIS (RUE)",43.82757,4.35579,Crépuscule ou aube,En agglomération,Intersection en X,Normale,Deux véhicules - côté,,,,,,,,,,,2,2,2,1.0,3
201200023684,0012-03-02 07:00:00,12,3,2,7,0,300,189,LE CORBUSIER (RUE),,,Crépuscule ou aube,En agglomération,Hors intersection,Autre,Deux véhicules - côté,,,,,,,,,,,2,2,1,9.0,3
201200023685,0012-03-03 08:15:00,12,3,3,8,15,300,189,"0, MONTPELLIER (ROUTE DE",43.80724,4.32464,Plein jour,En agglomération,Hors intersection,Normale,Sans collision,,,,,,,,,,,1,2,1,1.0,7
201200023686,0012-03-03 11:05:00,12,3,3,11,5,300,189,"0, MITTERAND FRANCOIS (A",,,Plein jour,En agglomération,Hors intersection,Normale,Trois véhicules et plus - collisions multiples,,,,,,,,,,,1,2,1,1.0,5
201200023687,0012-03-04 05:20:00,12,3,4,5,20,300,189,rond point franckfort d',,,Nuit avec éclairage allumé,En agglomération,Hors intersection,Normale,Sans collision,,,,,,,,,,,5,2,1,1.0,7
201200023688,0012-03-04 22:00:00,12,3,4,22,0,300,189,UZES (ROUTE D'),43.85182,4.37681,Nuit avec éclairage allumé,En agglomération,Hors intersection,Pluie légère,Sans collision,,,,,,,,,,,5,2,1,2.0,7
201200023689,0012-03-04 22:00:00,12,3,4,22,0,300,189,ALES (ROUTE),43.88958,4.29301,Nuit avec éclairage allumé,En agglomération,Hors intersection,Pluie légère,Deux véhicules - côté,,,,,,,,,,,5,2,1,2.0,3
201200023690,0012-03-07 17:35:00,12,3,7,17,35,300,189,PROUVE JEAN (AVENUE),43.81418,4.35268,Plein jour,En agglomération,Hors intersection,Normale,Deux véhicules - côté,,,,,,,,,,,1,2,1,1.0,3
201200023691,0012-03-08 08:35:00,12,3,8,8,35,300,189,"146, ALES (ROUTE)",43.85985,4.33536,Plein jour,En agglomération,Hors intersection,Normale,Sans collision,,,,,,,,,,,1,2,1,1.0,7
201200023692,0012-03-08 12:45:00,12,3,8,12,45,300,189,"0, AMOUREUX (RUE)",43.83599,4.38019,Plein jour,En agglomération,Intersection en X,Normale,Deux véhicules - côté,,,,,,,,,,,1,2,2,1.0,3
201200023693,0012-03-10 17:50:00,12,3,10,17,50,300,189,ARTS (AVENUE),,,Plein jour,En agglomération,Hors intersection,Normale,Autre collision,,,,,,,,,,,1,2,1,1.0,6
201200023694,0012-03-10 21:35:00,12,3,10,21,35,300,189,JAURES JEAN (BOULEVARD),43.8321,4.35201,Nuit avec éclairage allumé,En agglomération,Intersection en X,Normale,Deux véhicules - côté,,,,,,,,,,,5,2,2,1.0,3
201200023695,0012-03-12 19:05:00,12,3,12,19,5,300,189,SOMMIERES (ROUTE),43.81371,4.30782,Nuit sans éclairage public,En agglomération,Hors intersection,Normale,Sans collision,,,,,,,,,,,3,2,1,1.0,7
201200023696,0012-03-14 11:05:00,12,3,14,11,5,300,189,"12, ATON BERNARD (RUE)",43.83228,4.36274,Plein jour,En agglomération,Hors intersection,Normale,Autre collision,,,,,,,,,,,1,2,1,1.0,6
201200023697,0012-03-14 22:40:00,12,3,14,22,40,300,189,BIR HAKEIM (AVENUE),,,Nuit avec éclairage allumé,En agglomération,Hors intersection,Normale,Deux véhicules - côté,,,,,,,,,,,5,2,1,1.0,3
201200023698,0012-03-15 17:55:00,12,3,15,17,55,300,189,FRANCAIS LIBRES (BD),,,Plein jour,En agglomération,Hors intersection,Normale,Trois véhicules et plus - en chaîne,,,,,,,,,,,1,2,1,1.0,4
201200023699,0012-03-16 20:35:00,12,3,16,20,35,300,189,"4645, CANAUX (CHEMIN)",43.77857,4.34352,Nuit sans éclairage public,En agglomération,Hors intersection,Normale,Autre collision,,,,,,,,,,,3,2,1,1.0,6
201200023700,0012-03-18 18:18:00,12,3,18,18,18,300,189,ALES (ROUTE),43.88692,4.29727,Plein jour,Hors agglomération,Hors intersection,Normale,Trois véhicules et plus - collisions multiples,,,,,,,,,,,1,1,1,1.0,5
201200023701,0012-03-19 08:45:00,12,3,19,8,45,300,189,"0, MOULIN JEAN (RUE)",,,Plein jour,En agglomération,Hors intersection,Normale,Autre collision,,,,,,,,,,,1,2,1,1.0,6
201200023702,0012-03-20 07:35:00,12,3,20,7,35,300,189,"0, DION BOUTON (COURS)",43.81359,4.33497,Plein jour,En agglomération,Hors intersection,Normale,Deux véhicules - arrière,,,,,,,,,,,1,2,1,1.0,2
201200023703,0012-03-20 08:25:00,12,3,20,8,25,300,189,MONTPELLIER (ROUTE DE),43.81118,4.33024,Plein jour,En agglomération,Intersection en X,Normale,Deux véhicules - arrière,,,,,,,,,,,1,2,2,1.0,2
201200023704,0012-03-21 08:55:00,12,3,21,8,55,300,189,ANTIQUAILLES (CHEMIN),43.86445,4.34724,Plein jour,En agglomération,Hors intersection,Pluie légère,Deux véhicules - frontale,,,,,,,,,,,1,2,1,2.0,1
201200023705,0012-03-22 07:55:00,12,3,22,7,55,300,189,SEVERINE (IMPACE OU PLAC,43.83021,4.35233,Plein jour,En agglomération,Hors intersection,Normale,Autre collision,,,,,,,,,,,1,2,1,1.0,6
201200023706,0012-03-24 19:30:00,12,3,24,19,30,300,189,MENDES FRANCE PIERRE (AV,43.82475,4.37921,Nuit avec éclairage allumé,En agglomération,Hors intersection,Normale,Autre collision,,,,,,,,,,,5,2,1,1.0,6
201200023707,0012-03-25 08:00:00,12,3,25,8,0,300,189,ANCIENNE GARE (RUE),43.81633,4.33737,Plein jour,En agglomération,Hors intersection,Normale,Deux véhicules - arrière,,,,,,,,,,,1,2,1,1.0,2
201200023708,0012-03-27 09:05:00,12,3,27,9,5,300,189,GENERAC (ROUTE),43.77924,4.34616,Plein jour,En agglomération,Hors intersection,Normale,Deux véhicules - arrière,,,,,,,,,,,1,2,1,1.0,2
201200023709,0012-03-27 11:50:00,12,3,27,11,50,300,189,BOEGNER PASTEUR MARC (BO,43.81559,4.3409,Plein jour,En agglomération,Hors intersection,Normale,Deux véhicules - arrière,,,,,,,,,,,1,2,1,1.0,2
201200023710,0012-03-28 12:02:00,12,3,28,12,2,300,189,MONTPELLIER (ROUTE DE),43.80959,4.32807,Plein jour,En agglomération,Hors intersection,Normale,Autre collision,,,,,,,,,,,1,2,1,1.0,6
201200023711,0012-03-30 14:17:00,12,3,30,14,17,300,189,"140, ALES (ROUTE)",43.86129,4.33483,Plein jour,Hors agglomération,Hors intersection,Normale,Trois véhicules et plus - collisions multiples,,,,,,,,,,,1,1,1,1.0,5
201200023712,0012-03-30 16:07:00,12,3,30,16,7,300,189,"1184, MARECHAL JUIN (BOU",43.81934,4.34345,Plein jour,En agglomération,Intersection en T,Normale,Deux véhicules - côté,,,,,,,,,,,1,2,3,1.0,3
201200023713,0012-03-31 15:29:00,12,3,31,15,29,300,189,JUSTICES VIEILLES (CHEMI,43.85312,4.38604,Plein jour,En agglomération,Intersection en T,Normale,Deux véhicules - côté,,,,,,,,,,,1,2,3,1.0,3
201200023714,0012-04-01 10:00:00,12,4,1,10,0,300,189,"214, MENDES FRANCE PIERR",43.62611,4.37695,Plein jour,En agglomération,Hors intersection,Normale,Deux véhicules - côté,,,,,,,,,,,1,2,1,1.0,3
201200023715,0012-04-01 17:18:00,12,4,1,17,18,300,189,ALLENDE SALVADOR (RUE),43.81925,4.35246,Plein jour,En agglomération,Hors intersection,Normale,Deux véhicules - arrière,,,,,,,,,,,1,2,1,1.0,2
201200023716,0012-04-02 12:05:00,12,4,2,12,5,300,189,MENDES FRANCE PIERRE (AV,43.82646,4.37636,Plein jour,En agglomération,Hors intersection,Normale,Autre collision,,,,,,,,,,,1,2,1,1.0,6
201200023717,0012-04-02 13:51:00,12,4,2,13,51,300,189,"34, PITOT (RUE)",43.84987,4.37921,Plein jour,En agglomération,Hors intersection,Normale,Autre collision,,,,,,,,,,,1,2,1,1.0,6
201200023718,0012-04-02 17:15:00,12,4,2,17,15,300,189,ARTS (AVENUE),43.82303,4.33588,Plein jour,En agglomération,Hors intersection,Normale,Trois véhicules et plus - en chaîne,,,,,,,,,,,1,2,1,1.0,4
201200023719,0012-04-02 17:44:00,12,4,2,17,44,300,189,HORTENSIAS (RUE),43.81536,4.35251,Plein jour,En agglomération,Intersection en T,Normale,Deux véhicules - côté,,,,,,,,,,,1,2,3,1.0,3
201200023720,0012-04-02 19:40:00,12,4,2,19,40,300,189,MENARD (RUE),43.84107,4.35602,Plein jour,En agglomération,Intersection en X,Normale,Deux véhicules - côté,,,,,,,,,,,1,2,2,1.0,3
201200023721,0012-04-05 16:40:00,12,4,5,16,40,300,189,"0, MAS DE BALAN (CHEMIN)",43.85021,4.34758,Plein jour,Hors agglomération,Hors intersection,Normale,Deux véhicules - côté,,,,,,,,,,,1,1,1,1.0,3
201200023722,0012-04-06 15:40:00,12,4,6,15,40,300,189,PONT DES ILES (CHEMIN),,,Plein jour,En agglomération,Hors intersection,Normale,Sans collision,,,,,,,,,,,1,2,1,1.0,7
201200023723,0012-04-06 17:35:00,12,4,6,17,35,300,189,AVIGNON (ROUTE),43.85629,4.40394,Plein jour,En agglomération,Intersection en X,Normale,Deux véhicules - arrière,,,,,,,,,,,1,2,2,1.0,2
201200023724,0012-04-13 16:06:00,12,4,13,16,6,300,189,AVIGNON (ANCIENNE ROUTE),43.84988,4.4036,Plein jour,En agglomération,Intersection en T,Normale,Deux véhicules - côté,,,,,,,,,,,1,2,3,1.0,3
201200023725,0012-04-14 11:34:00,12,4,14,11,34,300,189,TALABOT (BOULEVARD),43.83378,4.36733,Plein jour,En agglomération,Hors intersection,Normale,Deux véhicules - côté,,,,,,,,,,,1,2,1,1.0,3
201200023726,0012-04-15 11:20:00,12,4,15,11,20,300,189,MONTPELLIER (ROUTE DE),43.80721,4.32469,Plein jour,En agglomération,Intersection en X,Normale,Deux véhicules - côté,,,,,,,,,,,1,2,2,1.0,3
201200023727,0012-04-19 10:35:00,12,4,19,10,35,300,189,bretelle d'acc?s autorou,43.81416,4.34054,Plein jour,En agglomération,Intersection en T,Normale,Deux véhicules - côté,,,,,,,,,,,1,2,3,1.0,3
201200023728,0012-04-20 23:33:00,12,4,20,23,33,300,189,"66, REPUBLIQUE (RUE)",43.82841,4.35485,Nuit sans éclairage public,En agglomération,Hors intersection,Normale,Sans collision,,,,,,,,,,,3,2,1,1.0,7
201200023729,0012-04-22 00:19:00,12,4,22,0,19,300,189,"41, FAITA VINCENT (RUE)",43.84319,4.30976,Nuit avec éclairage allumé,En agglomération,Hors intersection,Normale,Autre collision,,,,,,,,,,,5,2,1,1.0,6
201200023730,0012-04-22 00:35:00,12,4,22,0,35,300,189,MONTAURY (RUE),43.83284,4.3433,Nuit avec éclairage allumé,En agglomération,Hors intersection,Normale,Autre collision,,,,,,,,,,,5,2,1,1.0,6
201200023731,0012-04-23 13:45:00,12,4,23,13,45,300,189,"239, SAUVE (ROUTE)",43.84321,4.30976,Plein jour,En agglomération,Hors intersection,Normale,Autre collision,,,,,,,,,,,1,2,1,1.0,6
201200023732,0012-04-28 22:45:00,12,4,28,22,45,300,189,FAITA VINCENT (RUE),43.84175,4.3673,Nuit avec éclairage allumé,En agglomération,Hors intersection,Pluie forte,Autre collision,,,,,,,,,,,5,2,1,3.0,6
201200023733,0012-04-30 18:05:00,12,4,30,18,5,300,189,ALES (ROUTE),43.84003,4.31967,Plein jour,En agglomération,Intersection en T,Normale,Deux véhicules - arrière,,,,,,,,,,,1,2,3,1.0,2
201200023734,0012-05-02 18:20:00,12,5,2,18,20,300,189,DHUODA (RUE),43.82754,4.35583,Plein jour,En agglomération,Hors intersection,Normale,Autre collision,,,,,,,,,,,1,2,1,1.0,6
201200023735,0012-05-03 09:17:00,12,5,3,9,17,300,189,BOEGNER PASTEUR MARC (BO,43.81564,4.34086,Plein jour,En agglomération,Hors intersection,Normale,Autre collision,,,,,,,,,,,1,2,1,1.0,6
201200023736,0012-05-05 23:40:00,12,5,5,23,40,300,189,TRAJAN (RUE),43.83976,4.35299,Nuit avec éclairage allumé,En agglomération,Intersection en X,Normale,Deux véhicules - côté,,,,,,,,,,,5,2,2,1.0,3
201200023737,0012-05-06 07:04:00,12,5,6,7,4,300,189,UZES (ROUTE D'),43.86261,4.37697,Plein jour,En agglomération,Hors intersection,Normale,Autre collision,,,,,,,,,,,1,2,1,1.0,6
201200023738,0012-05-12 17:00:00,12,5,12,17,0,300,189,VICTOR PAUL EMILE  (ROND,43.81783,4.34749,Plein jour,En agglomération,Giratoire,Normale,Deux véhicules - arrière,,,,,,,,,,,1,2,6,1.0,2
201200023739,0012-05-13 21:47:00,12,5,13,21,47,300,189,MAISON CARREE,43.83793,4.35614,Nuit avec éclairage allumé,En agglomération,Hors intersection,Normale,Autre collision,,,,,,,,,,,5,2,1,1.0,6
201200023740,0012-05-14 17:44:00,12,5,14,17,44,300,189,"2335, MONTPELLIER (ROUTE",43.81249,4.33209,Plein jour,En agglomération,Hors intersection,Normale,Trois véhicules et plus - collisions multiples,,,,,,,,,,,1,2,1,1.0,5
201200023741,0012-05-14 23:48:00,12,5,14,23,48,300,189,JAURES JEAN (BOULEVARD),43.82328,4.35465,Nuit avec éclairage allumé,En agglomération,Hors intersection,Normale,Autre collision,,,,,,,,,,,5,2,1,1.0,6
201200023742,0012-05-16 15:03:00,12,5,16,15,3,300,189,"539, MAS DE ROULAN (CHEM",43.85461,4.36706,Plein jour,En agglomération,Hors intersection,Normale,Autre collision,,,,,,,,,,,1,2,1,1.0,6
201200023743,0012-05-18 00:45:00,12,5,18,0,45,300,189,BEAUCAIRE (ROUTE),43.83304,4.4278,Nuit sans éclairage public,En agglomération,Hors intersection,Pluie légère,Sans collision,,,,,,,,,,,3,2,1,2.0,7
201200023744,0012-05-18 07:14:00,12,5,18,7,14,300,189,MENDES FRANCE PIERRE (AV,43.82746,4.37492,Plein jour,En agglomération,Hors intersection,Normale,Deux véhicules - côté,,,,,,,,,,,1,2,1,1.0,3
201200023745,0012-05-18 22:58:00,12,5,18,22,58,300,189,MONTPELLIER (ROUTE DE),43.80736,4.32495,Nuit avec éclairage allumé,En agglomération,Hors intersection,Normale,Autre collision,,,,,,,,,,,5,2,1,1.0,6
201200023746,0012-05-19 00:20:00,12,5,19,0,20,300,189,ALLENDE SALVADOR (RUE),43.81956,4.35473,Nuit avec éclairage allumé,En agglomération,Hors intersection,Normale,Autre collision,,,,,,,,,,,5,2,1,1.0,6
201200023747,0012-05-19 04:48:00,12,5,19,4,48,300,189,MONTPELLIER (ROUTE DE),43.80762,4.32521,Nuit avec éclairage allumé,En agglomération,Hors intersection,Normale,Autre collision,,,,,,,,,,,5,2,1,1.0,6
201200023748,0012-05-23 16:50:00,12,5,23,16,50,300,189,MARECHAL JUIN (BOULEVARD,43.81694,4.34489,Plein jour,En agglomération,Intersection en X,Normale,Deux véhicules - frontale,,,,,,,,,,,1,2,2,1.0,1
201200023749,0012-05-24 22:26:00,12,5,24,22,26,300,189,ALES (ROUTE),43.87586,4.26595,Nuit sans éclairage public,Hors agglomération,Hors intersection,Normale,Autre collision,,,,,,,,,,,3,1,1,1.0,6
201200023750,0012-05-25 17:10:00,12,5,25,17,10,300,189,NATOIRE (BOULEVARD),,,Plein jour,En agglomération,Hors intersection,Normale,Sans collision,,,,,,,,,,,1,2,1,1.0,7
201200023751,0012-05-26 04:33:00,12,5,26,4,33,300,189,PLANAS (RUE OU PLACE),43.82949,4.36169,Nuit avec éclairage allumé,En agglomération,Hors intersection,Normale,Autre collision,,,,,,,,,,,5,2,1,1.0,6
201200023752,0012-05-26 14:34:00,12,5,26,14,34,300,189,POULX (ROUTE DE),43.87473,4.41428,Plein jour,En agglomération,Hors intersection,Normale,Sans collision,,,,,,,,,,,1,2,1,1.0,7
201200023753,0012-05-28 06:10:00,12,5,28,6,10,300,189,AVIGNON (ROUTE),43.84293,4.38147,Crépuscule ou aube,En agglomération,Hors intersection,Normale,Deux véhicules - arrière,,,,,,,,,,,2,2,1,1.0,2
201200023754,0012-05-29 00:30:00,12,5,29,0,30,300,189,"6, CONDE (RUE)",43.83941,4.36432,Nuit avec éclairage allumé,En agglomération,Hors intersection,Normale,Autre collision,,,,,,,,,,,5,2,1,1.0,6
201200023755,0012-05-29 16:11:00,12,5,29,16,11,300,189,KENNEDY (AVENUE),43.83191,4.34551,Plein jour,En agglomération,Hors intersection,Normale,Autre collision,,,,,,,,,,,1,2,1,1.0,6
201200023756,0012-05-29 16:30:00,12,5,29,16,30,300,189,FRANCAIS LIBRES (BD),,,Plein jour,En agglomération,Hors intersection,Normale,Trois véhicules et plus - en chaîne,,,,,,,,,,,1,2,1,1.0,4
201200023757,0012-05-31 12:39:00,12,5,31,12,39,300,189,MITTERAND FRANCOIS (AVEN,43.81972,4.36008,Plein jour,En agglomération,Giratoire,Normale,Deux véhicules - côté,,,,,,,,,,,1,2,6,1.0,3
201200023758,0012-05-31 20:07:00,12,5,31,20,7,300,189,"390, MENDES FRANCE PIERR",43.82507,4.3787,Plein jour,En agglomération,Intersection en T,Normale,Deux véhicules - arrière,,,,,,,,,,,1,2,3,1.0,2
201200023759,0012-06-01 16:28:00,12,6,1,16,28,300,189,"3, FAITA VINCENT (RUE)",43.84068,4.36588,Plein jour,En agglomération,Hors intersection,Normale,Autre collision,,,,,,,,,,,1,2,1,1.0,6
201200023760,0012-06-01 22:07:00,12,6,1,22,7,300,189,MENDES FRANCE PIERRE (AV,43.82474,4.3792,Nuit avec éclairage allumé,En agglomération,Hors intersection,Normale,Autre collision,,,,,,,,,,,5,2,1,1.0,6
201200023761,0012-06-02 07:50:00,12,6,2,7,50,300,189,ANDUZE (ROUTE OU ANCIENN,,,Plein jour,Hors agglomération,Hors intersection,Normale,Deux véhicules - côté,,,,,,,,,,,1,1,1,1.0,3
201200023762,0012-06-02 15:19:00,12,6,2,15,19,300,189,ALES (ROUTE),43.86541,4.33006,Plein jour,En agglomération,Hors intersection,Normale,Autre collision,,,,,,,,,,,1,2,1,1.0,6
201200023763,0012-06-04 20:51:00,12,6,4,20,51,300,189,FEUCHERES (AVENUE),43.8338,4.36363,Plein jour,En agglomération,Hors intersection,Normale,Autre collision,,,,,,,,,,,1,2,1,1.0,6
201200023764,0012-06-05 08:16:00,12,6,5,8,16,300,189,BEAUCAIRE (ROUTE),,,Plein jour,En agglomération,Hors intersection,Normale,Deux véhicules - arrière,,,,,,,,,,,1,2,1,1.0,2
201200023765,0012-06-05 18:40:00,12,6,5,18,40,300,189,"51, ROUQUAIROL (ROUTE)",43.81439,4.33341,Plein jour,En agglomération,Hors intersection,Normale,Deux véhicules - côté,,,,,,,,,,,1,2,1,1.0,3
201200023766,0012-06-06 11:42:00,12,6,6,11,42,300,189,BOEGNER PASTEUR MARC (BO,,,Plein jour,En agglomération,Hors intersection,Normale,Deux véhicules - arrière,,,,,,,,,,,1,2,1,1.0,2
201200023767,0012-06-06 16:05:00,12,6,6,16,5,300,189,UZES (ROUTE D'),43.84748,4.37297,Plein jour,En agglomération,Intersection en T,Normale,Deux véhicules - côté,,,,,,,,,,,1,2,3,1.0,3
201200023768,0012-06-06 18:41:00,12,6,6,18,41,300,189,"1379, CALVAS (CHEMIN)",43.87106,4.37455,Plein jour,En agglomération,Hors intersection,Normale,Deux véhicules - côté,,,,,,,,,,,1,2,1,1.0,3
201200023769,0012-06-06 18:03:00,12,6,6,18,3,300,189,ALLENDE SALVADOR (RUE),,,Plein jour,En agglomération,Hors intersection,Normale,Autre collision,,,,,,,,,,,1,2,1,1.0,6
201200023770,0012-06-06 19:20:00,12,6,6,19,20,300,189,ANTIQUAILLES (CHEMIN),43.85963,4.34817,Plein jour,En agglomération,Hors intersection,Normale,Deux véhicules - côté,,,,,,,,,,,1,2,1,1.0,3
201200023771,0012-06-07 13:55:00,12,6,7,13,55,300,189,CLERISSEAU (RUE),43.84176,4.36041,Plein jour,En agglomération,Hors intersection,Normale,Autre collision,,,,,,,,,,,1,2,1,1.0,6
201200023772,0012-06-09 08:28:00,12,6,9,8,28,300,189,MENDES FRANCE PIERRE (AV,43.82504,4.37871,Plein jour,En agglomération,Hors intersection,Normale,Autre collision,,,,,,,,,,,1,2,1,1.0,6
201200023773,0012-06-11 17:02:00,12,6,11,17,2,300,189,COURBET AMIRAL (BOULEVAR,,,Plein jour,En agglomération,Hors intersection,Normale,Autre collision,,,,,,,,,,,1,2,1,1.0,6
201200023774,0012-06-11 19:45:00,12,6,11,19,45,300,189,SAUVE (ROUTE),43.83944,4.32166,Crépuscule ou aube,En agglomération,Hors intersection,Pluie forte,Deux véhicules - côté,,,,,,,,,,,2,2,1,3.0,3
201200023775,0012-06-12 08:21:00,12,6,12,8,21,300,189,MICHEL DEBRE (RUE),43.81495,4.36866,Plein jour,Hors agglomération,Hors intersection,Normale,Deux véhicules - côté,,,,,,,,,,,1,1,1,1.0,3
201200023776,0012-06-13 14:03:00,12,6,13,14,3,300,189,ALES (ROUTE),43.87621,4.31426,Plein jour,En agglomération,Hors intersection,Normale,Trois véhicules et plus - collisions multiples,,,,,,,,,,,1,2,1,1.0,5
201200023777,0012-06-15 11:11:00,12,6,15,11,11,300,189,MITTERAND FRANCOIS (AVEN,43.81681,4.36141,Plein jour,En agglomération,Hors intersection,Normale,Trois véhicules et plus - en chaîne,,,,,,,,,,,1,2,1,1.0,4
201200023778,0012-06-16 19:12:00,12,6,16,19,12,300,189,KENNEDY (AVENUE),,,Plein jour,En agglomération,Hors intersection,Normale,Autre collision,,,,,,,,,,,1,2,1,1.0,6
201200023779,0012-06-18 21:28:00,12,6,18,21,28,300,189,MALON BENOIT (RUE),43.83486,4.32786,Crépuscule ou aube,En agglomération,Intersection en X,Normale,Deux véhicules - côté,,,,,,,,,,,2,2,2,1.0,3
201200023780,0012-06-21 14:25:00,12,6,21,14,25,300,189,DHUODA (RUE),43.82882,4.35434,Plein jour,En agglomération,Hors intersection,Normale,Autre collision,,,,,,,,,,,1,2,1,1.0,6
201200023781,0012-06-22 13:37:00,12,6,22,13,37,300,189,MITTERAND FRANCOIS (AVEN,,,Plein jour,En agglomération,Hors intersection,Normale,Sans collision,,,,,,,,,,,1,2,1,1.0,7
201200023782,0012-06-23 16:20:00,12,6,23,16,20,300,189,FAIRWAY (MONTEE),,,Plein jour,En agglomération,Hors intersection,Normale,Autre collision,,,,,,,,,,,1,2,1,1.0,6
201200023783,0012-06-24 10:45:00,12,6,24,10,45,300,189,FRANCAIS LIBRES (BD),,,Plein jour,En agglomération,Hors intersection,Normale,Deux véhicules - côté,,,,,,,,,,,1,2,1,1.0,3
201200023784,0012-06-25 07:40:00,12,6,25,7,40,300,189,BOUVINE (AVENUE),43.81749,4.35877,Plein jour,En agglomération,Hors intersection,Normale,Autre collision,,,,,,,,,,,1,2,1,1.0,6
201200023785,0012-06-25 17:56:00,12,6,25,17,56,300,189,"54, ROUQUAIROL (ROUTE)",43.81444,4.33412,Plein jour,En agglomération,Hors intersection,Normale,Autre collision,,,,,,,,,,,1,2,1,1.0,6
201200023786,0012-06-27 06:58:00,12,6,27,6,58,300,189,ANDUZE (ROUTE OU ANCIENN,43.8717,4.32019,Plein jour,En agglomération,Hors intersection,Normale,Autre collision,,,,,,,,,,,1,2,1,1.0,6
201200023787,0012-06-28 14:15:00,12,6,28,14,15,300,189,UZES (ROUTE D'),43.92001,4.39118,Plein jour,Hors agglomération,Hors intersection,Normale,Autre collision,,,,,,,,,,,1,1,1,1.0,6
201200023788,0012-06-28 23:45:00,12,6,28,23,45,300,189,NEPER (RUE),43.82758,4.33028,Nuit sans éclairage public,En agglomération,Hors intersection,Normale,Sans collision,,,,,,,,,,,3,2,1,1.0,7
201200023789,0012-06-30 13:21:00,12,6,30,13,21,300,189,LECLERC GENERAL (AVENUE),,,Plein jour,En agglomération,Hors intersection,Normale,Deux véhicules - côté,,,,,,,,,,,1,2,1,1.0,3
201200023790,0012-06-30 14:48:00,12,6,30,14,48,300,189,ANCIENNE GARE (RUE),,,Plein jour,En agglomération,Hors intersection,Normale,Autre collision,,,,,,,,,,,1,2,1,1.0,6
201200023791,0012-07-02 18:53:00,12,7,2,18,53,300,189,UZES (ROUTE D'),,,Plein jour,Hors agglomération,Hors intersection,Normale,Autre collision,,,,,,,,,,,1,1,1,1.0,6
201200023792,0012-07-02 22:07:00,12,7,2,22,7,300,189,JAURES JEAN (BOULEVARD),43.83786,4.35038,Nuit avec éclairage allumé,Hors agglomération,Hors intersection,Normale,Autre collision,,,,,,,,,,,5,1,1,1.0,6
201200023793,0012-07-03 21:19:00,12,7,3,21,19,300,189,"4, CARMEN (RUE)",43.83963,4.39016,Plein jour,En agglomération,Hors intersection,Normale,Autre collision,,,,,,,,,,,1,2,1,1.0,6
201200023794,0012-07-05 09:14:00,12,7,5,9,14,300,189,MONTPELLIER (ROUTE DE),,,Plein jour,Hors agglomération,Hors intersection,Pluie légère,Trois véhicules et plus - en chaîne,,,,,,,,,,,1,1,1,2.0,4
201200023795,0012-07-06 21:15:00,12,7,6,21,15,300,189,TRIAIRE SERGENT (BOULEVA,43.8283,4.36352,Crépuscule ou aube,En agglomération,Hors intersection,Normale,Deux véhicules - arrière,,,,,,,,,,,2,2,1,1.0,2
201200023796,0012-07-06 22:06:00,12,7,6,22,6,300,189,"16, PUECH DU TEIL (RUE O",43.82594,4.35013,Nuit avec éclairage allumé,En agglomération,Hors intersection,Normale,Autre collision,,,,,,,,,,,5,2,1,1.0,6
201200023797,0012-07-08 20:10:00,12,7,8,20,10,300,189,FAITA VINCENT (RUE),43.84569,4.37169,Plein jour,En agglomération,Intersection en T,Normale,Deux véhicules - côté,,,,,,,,,,,1,2,3,1.0,3
201200023798,0012-07-13 11:20:00,12,7,13,11,20,300,189,MONTPELLIER (ROUTE DE),43.80654,4.32377,Plein jour,En agglomération,Hors intersection,Normale,Trois véhicules et plus - en chaîne,,,,,,,,,,,1,2,1,1.0,4
201200023799,0012-07-15 05:00:00,12,7,15,5,0,300,189,"52, FAITA VINCENT (RUE)",43.84415,4.37041,Nuit avec éclairage allumé,En agglomération,Hors intersection,Normale,Autre collision,,,,,,,,,,,5,2,1,1.0,6
201200023800,0012-07-18 12:35:00,12,7,18,12,35,300,189,TRIAIRE SERGENT (BOULEVA,43.80717,4.31527,Plein jour,En agglomération,Hors intersection,Normale,Trois véhicules et plus - en chaîne,,,,,,,,,,,1,2,1,1.0,4