accident_id,datetime,annee,mois,jour,heure,minute,departement,commune_insee,adresse,latitude,longitude,luminosite,agglomeration,intersection,meteo,collision,nb_vehicules,nb_usagers,nb_indemnes,nb_tues,nb_blesses_hosp,nb_blesses_legers,age_cond_1,age_cond_2,veh_type_cond_1,veh_type_cond_2,lum_code,agg_code,int_code,atm_code,col_code
201200023925,0012-12-17 11:15:00,12,12,17,11,15,300,189,CROIX DE VAUVERT (CHEMIN,43.81971,4.34665,Plein jour,En agglomération,Intersection en T,Normale,Deux véhicules - frontale,,,,,,,,,,,1,2,3,1.0,1
201200023926,0012-12-17 15:02:00,12,12,17,15,2,300,189,"7, NICOT (RUE)",43.84083,4.37107,Plein jour,En agglomération,Intersection en X,Normale,Deux véhicules - côté,,,,,,,,,,,1,2,2,1.0,3
201200023927,0012-12-20 13:32:00,12,12,20,13,32,300,189,ROOSEVELT FRANKLIN (AVEN,43.83819,4.34749,Plein jour,En agglomération,Hors intersection,Pluie forte,Autre collision,,,,,,,,,,,1,2,1,3.0,6
201200023928,0012-12-20 16:50:00,12,12,20,16,50,300,189,ENCLOS REY (RUE),43.84159,4.36308,Nuit sans éclairage public,En agglomération,Intersection en X,Normale,Sans collision,,,,,,,,,,,3,2,2,1.0,7
201200023929,0012-12-21 06:48:00,12,12,21,6,48,300,189,"1747, MAS DE SORBIER (CH",43.8402,4.41672,Nuit avec éclairage allumé,En agglomération,Hors intersection,Normale,Autre collision,,,,,,,,,,,5,2,1,1.0,6
201200023930,0012-12-21 13:35:00,12,12,21,13,35,300,189,LECLERC GENERAL (AVENUE),43.8303,4.36994,Plein jour,En agglomération,Intersection en T,Normale,Autre collision,,,,,,,,,,,1,2,3,1.0,6
201200023931,0012-12-21 20:55:00,12,12,21,20,55,300,189,ANDUZE (ROUTE OU ANCIENN,43.88045,4.25597,Nuit sans éclairage public,Hors agglomération,Hors intersection,Brouillard / fumée,Sans collision,,,,,,,,,,,3,1,1,5.0,7
201200023932,0012-12-22 01:59:00,12,12,22,1,59,300,189,BEAUCAIRE (ROUTE),43.83311,4.42726,Nuit avec éclairage allumé,Hors agglomération,Hors intersection,Normale,Autre collision,,,,,,,,,,,5,1,1,1.0,6
201200023933,0012-12-22 07:50:00,12,12,22,7,50,300,189,SAUVE (ROUTE),43.84474,4.30083,Plein jour,En agglomération,Hors intersection,Normale,Deux véhicules - côté,,,,,,,,,,,1,2,1,1.0,3
201200023934,0012-12-25 19:10:00,12,12,25,19,10,300,189,SAUVE (ROUTE),43.85443,4.25768,Nuit sans éclairage public,Hors agglomération,Hors intersection,Normale,Autre collision,,,,,,,,,,,3,1,1,1.0,6
201200023935,0012-12-26 16:30:00,12,12,26,16,30,300,189,FAITA VINCENT (RUE),43.84048,4.36563,Plein jour,En agglomération,Hors intersection,Normale,Sans collision,,,,,,,,,,,1,2,1,1.0,7
201200023936,0012-12-28 12:00:00,12,12,28,12,0,300,189,SAINT GILLES (ROUTE),43.81344,4.37023,Plein jour,En agglomération,Hors intersection,Normale,Deux véhicules - côté,,,,,,,,,,,1,2,1,1.0,3
201200023937,0012-12-28 19:27:00,12,12,28,19,27,300,189,"18, EBOUE FELIX (RUE)",43.84629,4.393,Nuit avec éclairage allumé,En agglomération,Intersection en T,Normale,Deux véhicules - côté,,,,,,,,,,,5,2,3,1.0,3
201200023938,0012-12-29 01:12:00,12,12,29,1,12,300,189,MAS DE CHEYLON.,43.80525,4.33644,Nuit sans éclairage public,En agglomération,Intersection en T,Normale,Deux véhicules - côté,,,,,,,,,,,3,2,3,1.0,3
201200023939,0012-12-30 22:22:00,12,12,30,22,22,300,189,"KILOMETRE DELTA, KM",43.81194,4.3397,Nuit avec éclairage allumé,En agglomération,Giratoire,Normale,Autre collision,,,,,,,,,,,5,2,6,1.0,6
201200023940,0012-12-31 13:30:00,12,12,31,13,30,300,189,CITE FOULC (RUE),43.83223,4.36074,Plein jour,En agglomération,Intersection en X,Normale,Deux véhicules - côté,,,,,,,,,,,1,2,2,1.0,3
201200023941,0012-12-31 14:20:00,12,12,31,14,20,300,189,"75, CAPUCINES (RUE)",43.82088,4.35365,Plein jour,En agglomération,Hors intersection,Normale,Deux véhicules - arrière,,,,,,,,,,,1,2,1,1.0,2
201200023942,0012-12-31 17:07:00,12,12,31,17,7,300,189,"26, NEWTON (PROMENADE)",43.82883,4.32827,Nuit sans éclairage public,En agglomération,Hors intersection,Normale,Autre collision,,,,,,,,,,,3,2,1,1.0,6
201200023943,0012-01-11 17:40:00,12,1,11,17,40,300,11,ARAMON ROUTE D',43.94065,4.77416,Crépuscule ou aube,Hors agglomération,Intersection en X,Normale,Deux véhicules - côté,,,,,,,,,,,2,1,2,1.0,3
201200023944,0012-01-28 18:50:00,12,1,28,18,50,300,11,ARAMON ROUTE D',43.93947,4.16054,Crépuscule ou aube,Hors agglomération,Hors intersection,Normale,Sans collision,,,,,,,,,,,2,1,1,1.0,7
201200023945,0012-02-04 11:45:00,12,2,4,11,45,300,11,MIDI BOULEVARD DU,,,Plein jour,En agglomération,Intersection en T,Normale,Deux véhicules - côté,,,,,,,,,,,1,2,3,1.0,3
201200023946,0012-04-23 18:15:00,12,4,23,18,15,300,11,R.D. 6580,,,Plein jour,En agglomération,Hors intersection,Normale,Deux véhicules - arrière,,,,,,,,,,,1,2,1,1.0,2
201200023947,0012-05-09 12:50:00,12,5,9,12,50,300,11,R.N. 100,,,Plein jour,Hors agglomération,Hors intersection,Normale,Deux véhicules - arrière,,,,,,,,,,,1,1,1,1.0,2
201200023948,0012-06-12 15:00:00,12,6,12,15,0,300,11,"330, 2EME DB (AVENUE DE",43.95808,4.76553,Plein jour,En agglomération,Hors intersection,Normale,Autre collision,,,,,,,,,,,1,2,1,1.0,6
201200023949,0012-06-22 04:55:00,12,6,22,4,55,300,11,NATIONALE 100  (ROUTE),,,Crépuscule ou aube,Hors agglomération,Hors intersection,Normale,Autre collision,,,,,,,,,,,2,1,1,1.0,6
201200023950,0012-06-28 16:15:00,12,6,28,16,15,300,351,MONT VENTOUX AVENUE DU,,,Plein jour,En agglomération,Giratoire,Normale,Autre collision,,,,,,,,,,,1,2,6,1.0,6
201200023951,0012-05-19 15:45:00,12,5,19,15,45,630,203,,,,Plein jour,Hors agglomération,Hors intersection,Normale,Deux véhicules - côté,,,,,,,,,,,1,1,1,1.0,3
201200023952,0012-06-20 21:00:00,12,6,20,21,0,630,470,,,,Plein jour,Hors agglomération,Hors intersection,Normale,Autre collision,,,,,,,,,,,1,1,1,1.0,6
201200023953,0012-06-23 13:30:00,12,6,23,13,30,630,150,PARKING CENTRE LECLERC,45.88935,3.0694,Plein jour,En agglomération,Hors intersection,Normale,Autre collision,,,,,,,,,,,1,2,1,1.0,6
201200023954,0012-04-16 06:30:00,12,4,16,6,30,630,35,,,,Crépuscule ou aube,Hors agglomération,Hors intersection,Pluie légère,Autre collision,,,,,,,,,,,2,1,1,2.0,6
201200023955,0012-07-16 16:45:00,12,7,16,16,45,630,13,,,,Plein jour,Hors agglomération,Hors intersection,Normale,Deux véhicules - côté,,,,,,,,,,,1,1,1,1.0,3
201200023956,0012-07-18 03:45:00,12,7,18,3,45,630,1,25 avenue Saint Nicolas,46.02399,3.20835,Nuit avec éclairage allumé,En agglomération,Hors intersection,Normale,Sans collision,,,,,,,,,,,5,2,1,1.0,7
201200023957,0012-09-07 20:00:00,12,9,7,20,0,630,1,face au 2 rue Marivaux,,,Plein jour,En agglomération,Hors intersection,Temps éblouissant,Deux véhicules - frontale,,,,,,,,,,,1,2,1,7.0,1
201200023958,0012-12-15 23:45:00,12,12,15,23,45,630,278,,,,Nuit sans éclairage public,Hors agglomération,Intersection en T,Vent fort / tempête,Deux véhicules - côté,,,,,,,,,,,3,1,3,6.0,3
201200023959,0012-03-10 18:30:00,12,3,10,18,30,630,206,Route de RIOM (5 boulang,45.96253,2.94216,Plein jour,En agglomération,Hors intersection,Normale,Autre collision,,,,,,,,,,,1,2,1,1.0,6
201200023960,0012-01-28 16:30:00,12,1,28,16,30,630,248,,,,Plein jour,Hors agglomération,Hors intersection,Neige / grêle,Deux véhicules - frontale,,,,,,,,,,,1,1,1,4.0,1
201200023961,0012-02-15 23:45:00,12,2,15,23,45,630,248,,,,Nuit sans éclairage public,Hors agglomération,Hors intersection,Neige / grêle,Deux véhicules - côté,,,,,,,,,,,3,1,1,4.0,3
201200023962,0012-10-27 15:00:00,12,10,27,15,0,630,175,,45.751,2.577,Plein jour,Hors agglomération,Hors intersection,Normale,Sans collision,,,,,,,,,,,1,1,1,1.0,7
201200023963,0012-11-06 11:15:00,12,11,6,11,15,630,248,,45.735,2.912,Plein jour,Hors agglomération,Hors intersection,Pluie forte,Sans collision,,,,,,,,,,,1,1,1,3.0,7
201200023964,0012-03-30 08:40:00,12,3,30,8,40,230,193,les bains d'en bas,,,Plein jour,Hors agglomération,Intersection en Y,Normale,Deux véhicules - frontale,,,,,,,,,,,1,1,4,1.0,1
201200023965,0012-05-13 15:30:00,12,5,13,15,30,230,138,Pontsebrot,46.084,2.069,Plein jour,Hors agglomération,Hors intersection,Normale,Autre collision,,,,,,,,,,,1,1,1,1.0,6
201200023966,0012-07-19 15:35:00,12,7,19,15,35,230,92,Bonnavaud,,,Plein jour,Hors agglomération,Hors intersection,Normale,Sans collision,,,,,,,,,,,1,1,1,1.0,7
201200023967,0012-01-08 08:00:00,12,1,8,8,0,230,193,,,,Crépuscule ou aube,Hors agglomération,Hors intersection,Temps couvert,Autre collision,,,,,,,,,,,2,1,1,8.0,6
201200023968,0012-02-26 06:00:00,12,2,26,6,0,230,68,,46.132,2.127,Nuit sans éclairage public,Hors agglomération,Hors intersection,Pluie légère,Sans collision,,,,,,,,,,,3,1,1,2.0,7
201200023969,0012-06-10 08:00:00,12,6,10,8,0,230,68,,46.145,2.085,Plein jour,Hors agglomération,Hors intersection,Normale,Autre collision,,,,,,,,,,,1,1,1,1.0,6
201200023970,0012-07-09 09:15:00,12,7,9,9,15,230,138,,,,Plein jour,Hors agglomération,Hors intersection,Normale,Autre collision,,,,,,,,,,,1,1,1,1.0,6
201200023971,0012-09-14 19:00:00,12,9,14,19,0,230,1,,46.106,2.005,Plein jour,Hors agglomération,Hors intersection,Normale,Autre collision,,,,,,,,,,,1,1,1,1.0,6
201200023972,0012-12-13 08:15:00,12,12,13,8,15,230,247,route de Gueret,46.209,1.756,Crépuscule ou aube,En agglomération,Hors intersection,Neige / grêle,Autre collision,,,,,,,,,,,2,2,1,4.0,6
201200023973,0012-12-27 21:15:00,12,12,27,21,15,230,101,,46.271,1.942,Nuit sans éclairage public,Hors agglomération,Hors intersection,Pluie légère,Autre collision,,,,,,,,,,,3,1,1,2.0,6
201200023974,0012-12-30 12:15:00,12,12,30,12,15,230,201,,46.108,2.004,Plein jour,Hors agglomération,Hors intersection,Normale,Autre collision,,,,,,,,,,,1,1,1,1.0,6
201200023975,0012-02-20 21:00:00,12,2,20,21,0,260,138,26138,,,Plein jour,Hors agglomération,Hors intersection,Normale,Deux véhicules - frontale,,,,,,,,,,,1,1,1,1.0,1
201200023976,0012-03-16 23:30:00,12,3,16,23,30,260,324,,,,Nuit sans éclairage public,Hors agglomération,Hors intersection,Normale,Trois véhicules et plus - collisions multiples,,,,,,,,,,,3,1,1,1.0,5
201200023977,0012-04-16 09:45:00,12,4,16,9,45,260,169,,44.469,4.762,Plein jour,Hors agglomération,Hors intersection,Normale,Autre collision,,,,,,,,,,,1,1,1,1.0,6
201200023978,0012-04-29 17:45:00,12,4,29,17,45,260,339,,,,Plein jour,Hors agglomération,Hors intersection,Normale,Sans collision,,,,,,,,,,,1,1,1,1.0,7
201200023979,0012-05-08 04:45:00,12,5,8,4,45,260,312,,44.613,4.793,Nuit sans éclairage public,Hors agglomération,Hors intersection,Normale,Trois véhicules et plus - collisions multiples,,,,,,,,,,,3,1,1,1.0,5
201200023980,0012-05-24 09:30:00,12,5,24,9,30,260,339,,44.613,4.793,Plein jour,Hors agglomération,Hors intersection,Normale,Deux véhicules - côté,,,,,,,,,,,1,1,1,1.0,3
201200023981,0012-07-07 20:45:00,12,7,7,20,45,260,166,,44.754,4.792,Plein jour,Hors agglomération,Hors intersection,Normale,Autre collision,,,,,,,,,,,1,1,1,1.0,6
201200023982,0012-08-08 19:15:00,12,8,8,19,15,260,169,,,,Plein jour,Hors agglomération,Hors intersection,Normale,Deux véhicules - frontale,,,,,,,,,,,1,1,1,1.0,1
201200023983,0012-09-24 08:00:00,12,9,24,8,0,260,169,,44.483,4.768,Plein jour,Hors agglomération,Hors intersection,Pluie forte,Autre collision,,,,,,,,,,,1,1,1,3.0,6
201200023984,0012-10-01 05:00:00,12,10,1,5,0,260,339,,,,Nuit sans éclairage public,Hors agglomération,Hors intersection,Normale,Deux véhicules - frontale,,,,,,,,,,,3,1,1,1.0,1
201200023985,0012-09-27 08:15:00,12,9,27,8,15,260,169,,44.484,4.768,Plein jour,Hors agglomération,Hors intersection,Temps couvert,Autre collision,,,,,,,,,,,1,1,1,8.0,6
201200023986,0012-05-13 13:30:00,12,5,13,13,30,840,127,,,,Plein jour,Hors agglomération,Hors intersection,Normale,Sans collision,,,,,,,,,,,1,1,1,1.0,7
201200023987,0012-08-14 22:45:00,12,8,14,22,45,840,91,,,,Nuit sans éclairage public,Hors agglomération,Hors intersection,Normale,Deux véhicules - côté,,,,,,,,,,,3,1,1,1.0,3
201200023988,0012-09-06 07:30:00,12,9,6,7,30,840,83,,,,Plein jour,Hors agglomération,Hors intersection,Normale,Deux véhicules - arrière,,,,,,,,,,,1,1,1,1.0,2
201200023989,0012-04-11 11:45:00,12,4,11,11,45,110,98,,,,Plein jour,Hors agglomération,Hors intersection,Normale,Autre collision,,,,,,,,,,,1,1,1,1.0,6
201200023990,0012-05-04 11:00:00,12,5,4,11,0,110,324,,43.235,2.795,Plein jour,Hors agglomération,Intersection en X,Normale,Deux véhicules - côté,,,,,,,,,,,1,1,2,1.0,3
201200023991,0012-05-09 06:45:00,12,5,9,6,45,110,67,,,,Plein jour,Hors agglomération,Hors intersection,Normale,Deux véhicules - arrière,,,,,,,,,,,1,1,1,1.0,2
201200023992,0012-06-10 10:00:00,12,6,10,10,0,110,77,,,,Plein jour,Hors agglomération,Hors intersection,Normale,Autre collision,,,,,,,,,,,1,1,1,1.0,6
201200023993,0012-06-14 12:30:00,12,6,14,12,30,110,148,,43.183,2.671,Plein jour,Hors agglomération,Hors intersection,Normale,Deux véhicules - côté,,,,,,,,,,,1,1,1,1.0,3
201200023994,0012-09-13 16:45:00,12,9,13,16,45,350,92,,48.45167,-1.65778,Plein jour,Hors agglomération,Hors intersection,Normale,Autre collision,,,,,,,,,,,1,1,1,1.0,6
201200023995,0012-12-05 11:00:00,12,12,5,11,0,350,225,,,,Plein jour,Hors agglomération,Hors intersection,Pluie légère,Deux véhicules - côté,,,,,,,,,,,1,1,1,2.0,3
201200023996,0012-03-08 09:15:00,12,3,8,9,15,270,193,,48.8357,1.36005,Plein jour,Hors agglomération,Hors intersection,Normale,Autre collision,,,,,,,,,,,1,1,1,1.0,6
201200023997,0012-06-09 18:00:00,12,6,9,18,0,270,301,RUE DU PONT HAMEA CISSEY,48.9446,1.1808,Plein jour,En agglomération,Hors intersection,Normale,Sans collision,,,,,,,,,,,1,2,1,1.0,7
201200023998,0012-06-10 02:00:00,12,6,10,2,0,270,301,,48.9464,1.16321,Nuit sans éclairage public,Hors agglomération,Intersection en X,Pluie légère,Deux véhicules - côté,,,,,,,,,,,3,1,2,2.0,3
201200023999,0012-06-30 00:45:00,12,6,30,0,45,270,507,39 RUE DE LA LIBERATION,48.9004,1.27187,Nuit sans éclairage public,En agglomération,Hors intersection,Normale,Autre collision,,,,,,,,,,,3,2,1,1.0,6
201200024000,0012-09-06 10:15:00,12,9,6,10,15,270,621,,48.939,1.372,Plein jour,Hors agglomération,Hors intersection,Normale,Sans collision,,,,,,,,,,,1,1,1,1.0,7
201200024001,0012-12-25 12:15:00,12,12,25,12,15,270,183,,48.911,1.383,Plein jour,Hors agglomération,Hors intersection,Normale,Trois véhicules et plus - en chaîne,,,,,,,,,,,1,1,1,1.0,4
201200024002,0012-06-16 05:15:00,12,6,16,5,15,840,122,,,,Crépuscule ou aube,Hors agglomération,Hors intersection,Normale,Deux véhicules - frontale,,,,,,,,,,,2,1,1,1.0,1
201200024003,0012-07-03 18:00:00,12,7,3,18,0,840,12,,,,Plein jour,Hors agglomération,Hors intersection,Normale,Deux véhicules - frontale,,,,,,,,,,,1,1,1,1.0,1
201200024004,0012-02-05 13:45:00,12,2,5,13,45,620,645,,,,Plein jour,Hors agglomération,Hors intersection,Neige / grêle,Autre collision,,,,,,,,,,,1,1,1,4.0,6
201200024005,0012-03-08 07:45:00,12,3,8,7,45,620,904,,50.827,2.065,Plein jour,Hors agglomération,Hors intersection,Normale,Deux véhicules - côté,,,,,,,,,,,1,1,1,1.0,3
201200024006,0012-05-01 17:15:00,12,5,1,17,15,620,38,intersection CD 227/943,50.885,1.973,Plein jour,En agglomération,Giratoire,Normale,Deux véhicules - frontale,,,,,,,,,,,1,2,6,1.0,1
201200024007,0012-06-13 14:45:00,12,6,13,14,45,620,748,95 rue BECQUET,,,Plein jour,En agglomération,Hors intersection,Normale,Autre collision,,,,,,,,,,,1,2,1,1.0,6
201200024008,0012-08-05 00:45:00,12,8,5,0,45,620,621,RD 224,50.885,2.048,Nuit avec éclairage allumé,En agglomération,Hors intersection,Normale,Autre collision,,,,,,,,,,,5,2,1,1.0,6
201200024009,0012-09-07 08:15:00,12,9,7,8,15,620,756,,,,Crépuscule ou aube,Hors agglomération,Hors intersection,Normale,Deux véhicules - frontale,,,,,,,,,,,2,1,1,1.0,1
201200024010,0012-09-14 18:30:00,12,9,14,18,30,620,614,,,,Plein jour,Hors agglomération,Hors intersection,Normale,Autre collision,,,,,,,,,,,1,1,1,1.0,6
201200024011,0012-09-24 21:30:00,12,9,24,21,30,620,57,rue du Fort B?tard,,,Nuit avec éclairage non allumé,En agglomération,Hors intersection,Vent fort / tempête,Autre collision,,,,,,,,,,,4,2,1,6.0,6
201200024012,0012-10-10 16:00:00,12,10,10,16,0,620,57,Rue du Fort B?tard,,,Plein jour,En agglomération,Hors intersection,Normale,Deux véhicules - frontale,,,,,,,,,,,1,2,1,1.0,1
201200024013,0012-01-19 19:00:00,12,1,19,19,0,830,148,RN7,,,Nuit avec éclairage allumé,En agglomération,Hors intersection,Normale,Autre collision,,,,,,,,,,,5,2,1,1.0,6
201200024014,0012-05-08 16:00:00,12,5,8,16,0,830,1,,,,Plein jour,Hors agglomération,Hors intersection,Normale,Deux véhicules - frontale,,,,,,,,,,,1,1,1,1.0,1
201200024015,0012-08-21 14:00:00,12,8,21,14,0,830,4,,,,Plein jour,Hors agglomération,Hors intersection,Normale,Deux véhicules - frontale,,,,,,,,,,,1,1,1,1.0,1
201200024016,0012-09-07 14:00:00,12,9,7,14,0,830,148,,,,Plein jour,Hors agglomération,Hors intersection,Normale,Deux véhicules - frontale,,,,,,,,,,,1,1,1,1.0,1
201200024017,0012-12-22 18:45:00,12,12,22,18,45,830,4,,,,Nuit sans éclairage public,Hors agglomération,Hors intersection,Normale,Trois véhicules et plus - collisions multiples,,,,,,,,,,,3,1,1,1.0,5
201200024018,0012-06-29 10:45:00,12,6,29,10,45,50,27,sous refuge napoleon,44.82791,6.73186,Plein jour,Hors agglomération,Hors intersection,Normale,Autre collision,,,,,,,,,,,1,1,1,1.0,6
201200024019,0012-07-07 10:00:00,12,7,7,10,0,670,477,,48.368,7.256,Plein jour,Hors agglomération,Hors intersection,Normale,Deux véhicules - frontale,,,,,,,,,,,1,1,1,1.0,1
201200024020,0012-07-23 19:00:00,12,7,23,19,0,670,115,,,,Plein jour,Hors agglomération,Hors intersection,Normale,Deux véhicules - frontale,,,,,,,,,,,1,1,1,1.0,1
201200024021,0012-11-05 04:45:00,12,11,5,4,45,670,73,rte Ste marie aux mines,48.284,7.389,Nuit avec éclairage allumé,En agglomération,Hors intersection,Normale,Autre collision,,,,,,,,,,,5,2,1,1.0,6
201200024022,0012-11-09 12:30:00,12,11,9,12,30,670,445,Rue de l'Ortenbourg,48.292,7.414,Plein jour,En agglomération,Hors intersection,Normale,Autre collision,,,,,,,,,,,1,2,1,1.0,6
201200024023,0012-01-03 16:10:00,12,1,3,16,10,310,483,"28, KENNEDY (AVENUE)",43.10493,0.7264,Plein jour,En agglomération,Hors intersection,Normale,Autre collision,,,,,,,,,,,1,2,1,1.0,6
201200024024,0012-01-21 19:30:00,12,1,21,19,30,310,483,1 LAVOISIER (RUE),43.11017,0.71859,Crépuscule ou aube,En agglomération,Autre intersection,Normale,Deux véhicules - côté,,,,,,,,,,,2,2,9,1.0,3
201200024025,0012-01-20 19:20:00,12,1,20,19,20,310,483,"26, COMMINGES (BOULEVARD",43.11194,0.71334,Nuit avec éclairage allumé,En agglomération,Hors intersection,Normale,Autre collision,,,,,,,,,,,5,2,1,1.0,6
201200024026,0012-02-27 13:25:00,12,2,27,13,25,310,483,"3, KENNEDY (AVENUE)",43.10657,0.72485,Plein jour,En agglomération,Hors intersection,Normale,Autre collision,,,,,,,,,,,1,2,1,1.0,6
201200024027,0012-02-28 19:40:00,12,2,28,19,40,310,565,D 8,,,Nuit sans éclairage public,Hors agglomération,Hors intersection,Normale,Autre collision,,,,,,,,,,,3,1,1,1.0,6
201200024028,0012-03-09 10:30:00,12,3,9,10,30,310,483,D 5,43.16076,0.74989,Plein jour,Hors agglomération,Hors intersection,Normale,Sans collision,,,,,,,,,,,1,1,1,1.0,7
201200024029,0012-03-15 15:15:00,12,3,15,15,15,310,247,route du bazert,43.0885,0.66818,Plein jour,Hors agglomération,Hors intersection,Normale,Deux véhicules - côté,,,,,,,,,,,1,1,1,1.0,3
201200024030,0012-04-19 18:00:00,12,4,19,18,0,310,483,av montagut/pl barbastro,43.10749,0.72654,Plein jour,En agglomération,Intersection en T,Pluie légère,Deux véhicules - frontale,,,,,,,,,,,1,2,3,2.0,1
201200024031,0012-04-12 17:30:00,12,4,12,17,30,310,483,"102, ave F. MITTERAND",43.1114,0.74098,Plein jour,En agglomération,Hors intersection,Normale,Trois véhicules et plus - en chaîne,,,,,,,,,,,1,2,1,1.0,4
201200024032,0012-05-24 09:00:00,12,5,24,9,0,310,483,D 9  ROUTE DE LA SERRE D,43.1316,0.70613,Plein jour,Hors agglomération,Hors intersection,Normale,Autre collision,,,,,,,,,,,1,1,1,1.0,6
201200024033,0012-05-03 11:35:00,12,5,3,11,35,310,565,VALENTINE (RUE DU BLEU D,43.09725,0.70573,Plein jour,En agglomération,Hors intersection,Normale,Deux véhicules - frontale,,,,,,,,,,,1,2,1,1.0,1
201200024034,0012-06-12 13:45:00,12,6,12,13,45,310,483,"132, ave F.Mitterrand",43.11259,0.7482,Plein jour,En agglomération,Hors intersection,Normale,Trois véhicules et plus - collisions multiples,,,,,,,,,,,1,2,1,1.0,5
201200024035,0012-05-31 18:15:00,12,5,31,18,15,310,483,"8, SUBERVILLE JEAN (RUE)",43.11157,0.73982,Plein jour,En agglomération,Hors intersection,Normale,Deux véhicules - arrière,,,,,,,,,,,1,2,1,1.0,2
201200024036,0012-06-28 17:10:00,12,6,28,17,10,310,483,"57, ISLE (AVENUE DE L')",43.11599,0.72667,Plein jour,En agglomération,Hors intersection,Normale,Deux véhicules - arrière,,,,,,,,,,,1,2,1,1.0,2
201200024037,0012-07-03 12:05:00,12,7,3,12,5,310,483,"23, PHOEBUS GASTON (AVEN",43.1063,0.72268,Plein jour,En agglomération,Hors intersection,Normale,Autre collision,,,,,,,,,,,1,2,1,1.0,6
201200024038,0012-07-11 06:55:00,12,7,11,6,55,310,483,ave bouery/D921,,,Crépuscule ou aube,En agglomération,Giratoire,Normale,Deux véhicules - côté,,,,,,,,,,,2,2,6,1.0,3
201200024039,0012-07-17 14:45:00,12,7,17,14,45,310,344,PONT (PLACE DU),43.09201,0.74032,Plein jour,En agglomération,Hors intersection,Normale,Deux véhicules - arrière,,,,,,,,,,,1,2,1,1.0,2
201200024040,0012-08-16 18:30:00,12,8,16,18,30,310,483,"102, ave F. MITTERAND",43.11176,0.74307,Plein jour,En agglomération,Hors intersection,Normale,Trois véhicules et plus - en chaîne,,,,,,,,,,,1,2,1,1.0,4
201200024041,0012-08-29 11:10:00,12,8,29,11,10,310,483,SOUMES (BOULEVARD DU),43.12198,0.72594,Plein jour,En agglomération,Intersection en T,Normale,Deux véhicules - arrière,,,,,,,,,,,1,2,3,1.0,2
201200024042,0012-09-15 16:50:00,12,9,15,16,50,310,483,ARRIEU ANSELME (AVENUE),43.11025,0.71869,Plein jour,En agglomération,Intersection en X,Normale,Deux véhicules - côté,,,,,,,,,,,1,2,2,1.0,3
201200024043,0012-09-14 18:35:00,12,9,14,18,35,310,565,"38, AMPLE (CHEMIN)",43.08594,0.70726,Plein jour,En agglomération,Hors intersection,Normale,Deux véhicules - côté,,,,,,,,,,,1,2,1,1.0,3
201200024044,0012-10-30 12:15:00,12,10,30,12,15,310,483,"4, TROUBADOURS DU COMMIN",43.11617,0.71864,Plein jour,En agglomération,Hors intersection,Normale,Deux véhicules - arrière,,,,,,,,,,,1,2,1,1.0,2
201200024045,0012-11-29 09:50:00,12,11,29,9,50,310,483,RTE DE LA SERRE DE CAZAU,43.12898,0.72415,Plein jour,Hors agglomération,Hors intersection,Pluie légère,Sans collision,,,,,,,,,,,1,1,1,2.0,7
201200024046,0012-11-29 18:00:00,12,11,29,18,0,310,483,RTE DE LA SERRE DE CAZAU,43.13158,0.72387,Crépuscule ou aube,Hors agglomération,Hors intersection,Pluie légère,Sans collision,,,,,,,,,,,2,1,1,2.0,7
201200024047,0012-12-05 17:25:00,12,12,5,17,25,310,483,"23, GASTON PHOEBUS (AVE)",43.10615,0.72219,Crépuscule ou aube,En agglomération,Hors intersection,Pluie légère,Deux véhicules - arrière,,,,,,,,,,,2,2,1,2.0,2
201200024048,0012-12-04 13:05:00,12,12,4,13,5,310,483,ROUTE DE LA SERRE NEROUS,43.12357,0.71099,Plein jour,Hors agglomération,Hors intersection,Pluie légère,Sans collision,,,,,,,,,,,1,1,1,2.0,7
201200024049,0012-12-28 14:30:00,12,12,28,14,30,310,483,GOUMETX (RUE DE),43.10717,0.72388,Plein jour,En agglomération,Place,Normale,Deux véhicules - côté,,,,,,,,,,,1,2,7,1.0,3
201200024050,0012-02-24 23:45:00,12,2,24,23,45,690,279,CHEMIN DES POTEAUX,,,Nuit avec éclairage allumé,En agglomération,Hors intersection,Pluie légère,Trois véhicules et plus - en chaîne,,,,,,,,,,,5,2,1,2.0,4
201200024051,0012-03-03 06:45:00,12,3,3,6,45,690,277,rue Salengro,,,Crépuscule ou aube,En agglomération,Giratoire,Normale,Deux véhicules - côté,,,,,,,,,,,2,2,6,1.0,3
201200024052,0012-09-06 14:00:00,12,9,6,14,0,690,280,,,,Plein jour,Hors agglomération,Intersection en T,Normale,Deux véhicules - frontale,,,,,,,,,,,1,1,3,1.0,1
201200024053,0012-09-24 17:30:00,12,9,24,17,30,690,279,,,,Plein jour,Hors agglomération,Intersection en X,Normale,Deux véhicules - côté,,,,,,,,,,,1,1,2,1.0,3
201200024054,0012-01-21 12:45:00,12,1,21,12,45,690,279,route nationale,,,Plein jour,En agglomération,Hors intersection,Pluie légère,Deux véhicules - frontale,,,,,,,,,,,1,2,1,2.0,1