accident_id,datetime,annee,mois,jour,heure,minute,departement,commune_insee,adresse,latitude,longitude,luminosite,agglomeration,intersection,meteo,collision,nb_vehicules,nb_usagers,nb_indemnes,nb_tues,nb_blesses_hosp,nb_blesses_legers,age_cond_1,age_cond_2,veh_type_cond_1,veh_type_cond_2,lum_code,agg_code,int_code,atm_code,col_code
201200024306,0012-07-15 02:30:00,12,7,15,2,30,310,555,"999, BD DES RECOLLETS",,,Nuit avec éclairage allumé,En agglomération,Hors intersection,Normale,Deux véhicules - côté,,,,,,,,,,,5,2,1,1.0,3
201200024307,0012-07-13 22:45:00,12,7,13,22,45,310,149,"28, BOUCONNE (CHEMIN DE)",43.6156,1.32668,Nuit avec éclairage allumé,En agglomération,Hors intersection,Normale,Autre collision,,,,,,,,,,,5,2,1,1.0,6
201200024308,0012-07-11 15:00:00,12,7,11,15,0,310,555,"., RUE JACQUES LABATUT",,,Plein jour,En agglomération,Intersection en T,Normale,Deux véhicules - côté,,,,,,,,,,,1,2,3,1.0,3
201200024309,0012-07-16 10:25:00,12,7,16,10,25,310,149,COURNAUDIS (CHEMIN DE),43.59476,1.33262,Plein jour,En agglomération,Hors intersection,Normale,Sans collision,,,,,,,,,,,1,2,1,1.0,7
201200024310,0012-07-16 17:15:00,12,7,16,17,15,310,555,"999, RUE DE METZ",,,Plein jour,En agglomération,Hors intersection,Normale,Autre collision,,,,,,,,,,,1,2,1,1.0,6
201200024311,0012-07-16 17:00:00,12,7,16,17,0,310,555,"23, CHE D AUDIBERT",,,Plein jour,En agglomération,Hors intersection,Normale,Deux véhicules - arrière,,,,,,,,,,,1,2,1,1.0,2
201200024312,0012-07-17 22:00:00,12,7,17,22,0,310,149,ECHANGEUR ST MARTIN (A62,43.6101,1.38559,Nuit avec éclairage allumé,Hors agglomération,Hors intersection,Normale,Autre collision,,,,,,,,,,,5,1,1,1.0,6
201200024313,0012-07-17 20:00:00,12,7,17,20,0,310,69,SAND (RUE GEORGES),43.65399,1.36853,Plein jour,En agglomération,Intersection en T,Normale,Deux véhicules - arrière,,,,,,,,,,,1,2,3,1.0,2
201200024314,0012-07-18 11:40:00,12,7,18,11,40,310,555,"10, RUE DES ARCS SAINT C",,,Plein jour,En agglomération,Hors intersection,Normale,Autre collision,,,,,,,,,,,1,2,1,1.0,6
201200024315,0012-07-18 18:00:00,12,7,18,18,0,310,555,VA008493 LA CRABE A624 S,,,Plein jour,Hors agglomération,Hors intersection,Normale,Autre collision,,,,,,,,,,,1,1,1,1.0,6
201200024316,0012-07-18 15:30:00,12,7,18,15,30,310,69,ONZE NOVEMBRE 1918(ave),43.6291,1.39644,Plein jour,En agglomération,Hors intersection,Normale,Deux véhicules - côté,,,,,,,,,,,1,2,1,1.0,3
201200024317,0012-07-23 14:55:00,12,7,23,14,55,310,555,"78, ESPLANADE ALAIN SAVA",,,Plein jour,En agglomération,Hors intersection,Normale,Autre collision,,,,,,,,,,,1,2,1,1.0,6
201200024318,0012-07-23 20:15:00,12,7,23,20,15,310,555,"153, RUE HENRI DESBALS",,,Plein jour,En agglomération,Hors intersection,Normale,Sans collision,,,,,,,,,,,1,2,1,1.0,7
201200024319,0012-07-24 06:55:00,12,7,24,6,55,310,555,VA007440 LES MINIMES A62,,,Plein jour,Hors agglomération,Hors intersection,Normale,Trois véhicules et plus - en chaîne,,,,,,,,,,,1,1,1,1.0,4
201200024320,0012-07-24 12:20:00,12,7,24,12,20,310,555,"999, AV CAMILLE PUJOL",,,Plein jour,En agglomération,Hors intersection,Normale,Deux véhicules - côté,,,,,,,,,,,1,2,1,1.0,3
201200024321,0012-07-24 23:30:00,12,7,24,23,30,310,555,"999, BD DE BONREPOS",,,Nuit avec éclairage allumé,En agglomération,Hors intersection,Normale,Deux véhicules - côté,,,,,,,,,,,5,2,1,1.0,3
201200024322,0012-07-25 18:50:00,12,7,25,18,50,310,555,"70, AV DE GRANDE BRETAGN",,,Plein jour,En agglomération,Hors intersection,Normale,Trois véhicules et plus - collisions multiples,,,,,,,,,,,1,2,1,1.0,5
201200024323,0012-07-25 16:45:00,12,7,25,16,45,310,555,VA007331 A620,,,Plein jour,Hors agglomération,Hors intersection,Normale,Deux véhicules - arrière,,,,,,,,,,,1,1,1,1.0,2
201200024324,0012-07-20 09:30:00,12,7,20,9,30,310,555,"999, RUE ETIENNE DOLET",,,Plein jour,En agglomération,Hors intersection,Normale,Autre collision,,,,,,,,,,,1,2,1,1.0,6
201200024325,0012-07-28 01:40:00,12,7,28,1,40,310,555,VA007331 A620,,,Plein jour,Hors agglomération,Hors intersection,Normale,Sans collision,,,,,,,,,,,1,1,1,1.0,7
201200024326,0012-07-30 14:15:00,12,7,30,14,15,310,555,"., BD DE BONREPOS",,,Plein jour,En agglomération,Hors intersection,Normale,Deux véhicules - côté,,,,,,,,,,,1,2,1,1.0,3
201200024327,0012-07-27 08:20:00,12,7,27,8,20,310,555,"999, VOIE DU TOEC",,,Plein jour,En agglomération,Hors intersection,Normale,Deux véhicules - côté,,,,,,,,,,,1,2,1,1.0,3
201200024328,0012-07-31 18:45:00,12,7,31,18,45,310,555,"., BD PIERRE SEMARD",,,Plein jour,En agglomération,Hors intersection,Pluie légère,Deux véhicules - côté,,,,,,,,,,,1,2,1,2.0,3
201200024329,0012-07-30 15:30:00,12,7,30,15,30,310,555,"999, RUE HENRI DESBALS",,,Plein jour,En agglomération,Hors intersection,Normale,Deux véhicules - arrière,,,,,,,,,,,1,2,1,1.0,2
201200024330,0012-08-01 14:45:00,12,8,1,14,45,310,555,"., RUE PAUL BERT",,,Plein jour,En agglomération,Intersection en X,Normale,Deux véhicules - côté,,,,,,,,,,,1,2,2,1.0,3
201200024331,0012-08-02 17:50:00,12,8,2,17,50,310,555,"57-55, ALL CHARLES DE FI",,,Plein jour,En agglomération,Hors intersection,Normale,Deux véhicules - côté,,,,,,,,,,,1,2,1,1.0,3
201200024332,0012-08-04 00:30:00,12,8,4,0,30,310,555,VA007518 A68,,,Nuit avec éclairage allumé,Hors agglomération,Hors intersection,Normale,Sans collision,,,,,,,,,,,5,1,1,1.0,7
201200024333,0012-08-05 16:50:00,12,8,5,16,50,310,557,"60, MARQUISAT (AV DU)",43.56807,1.32946,Plein jour,En agglomération,Hors intersection,Normale,Autre collision,,,,,,,,,,,1,2,1,1.0,6
201200024334,0012-08-01 22:35:00,12,8,1,22,35,310,555,CHE DE TUCAUT,,,Nuit avec éclairage allumé,En agglomération,Giratoire,Normale,Deux véhicules - côté,,,,,,,,,,,5,2,6,1.0,3
201200024335,0012-08-05 16:15:00,12,8,5,16,15,310,555,VA008482 A624,,,Plein jour,Hors agglomération,Hors intersection,Normale,Deux véhicules - arrière,,,,,,,,,,,1,1,1,1.0,2
201200024336,0012-08-06 17:25:00,12,8,6,17,25,310,555,"12, AV M BOURGES MAUNOUR",,,Plein jour,En agglomération,Hors intersection,Normale,Autre collision,,,,,,,,,,,1,2,1,1.0,6
201200024337,0012-08-07 10:35:00,12,8,7,10,35,310,555,"213, RTE DE SEYSSES",,,Plein jour,En agglomération,Hors intersection,Normale,Deux véhicules - côté,,,,,,,,,,,1,2,1,1.0,3
201200024338,0012-08-08 17:30:00,12,8,8,17,30,310,555,BD DU MARECHAL JUIN,,,Plein jour,En agglomération,Intersection en T,Normale,Deux véhicules - côté,,,,,,,,,,,1,2,3,1.0,3
201200024339,0012-08-07 10:50:00,12,8,7,10,50,310,149,ALLENDE (AVE SALVADOR),43.6048,1.31882,Plein jour,En agglomération,Hors intersection,Normale,Deux véhicules - arrière,,,,,,,,,,,1,2,1,1.0,2
201200024340,0012-08-13 21:25:00,12,8,13,21,25,310,555,"44, AV DE L URSS",,,Nuit avec éclairage allumé,En agglomération,Hors intersection,Normale,Deux véhicules - côté,,,,,,,,,,,5,2,1,1.0,3
201200024341,0012-08-17 16:45:00,12,8,17,16,45,310,555,"65, CHE DE LAPUJADE",,,Plein jour,En agglomération,Hors intersection,Normale,Deux véhicules - arrière,,,,,,,,,,,1,2,1,1.0,2
201200024342,0012-08-17 22:50:00,12,8,17,22,50,310,555,"260, AV JEAN RIEUX",,,Nuit avec éclairage allumé,En agglomération,Hors intersection,Normale,Autre collision,,,,,,,,,,,5,2,1,1.0,6
201200024343,0012-08-20 08:00:00,12,8,20,8,0,310,69,PLAN DU PORT (LE),43.62489,1.39921,Plein jour,En agglomération,Hors intersection,Normale,Deux véhicules - côté,,,,,,,,,,,1,2,1,1.0,3
201200024344,0012-08-13 08:30:00,12,8,13,8,30,310,555,"999, RUE PAUL LAMBERT",,,Plein jour,En agglomération,Hors intersection,Normale,Autre collision,,,,,,,,,,,1,2,1,1.0,6
201200024345,0012-08-24 00:20:00,12,8,24,0,20,310,555,"999, AV DE GRANDE BRETAG",,,Nuit avec éclairage allumé,En agglomération,Hors intersection,Normale,Deux véhicules - côté,,,,,,,,,,,5,2,1,1.0,3
201200024346,0012-08-22 19:00:00,12,8,22,19,0,310,149,PIC DE NORE (ALLEE,43.60989,1.34554,Plein jour,En agglomération,Hors intersection,Normale,Deux véhicules - côté,,,,,,,,,,,1,2,1,1.0,3
201200024347,0012-08-24 19:15:00,12,8,24,19,15,310,555,"999, RTE DE SEYSSES",,,Plein jour,En agglomération,Intersection en T,Normale,Deux véhicules - côté,,,,,,,,,,,1,2,3,1.0,3
201200024348,0012-08-25 22:30:00,12,8,25,22,30,310,555,VA007518 A68,,,Nuit avec éclairage allumé,Hors agglomération,Hors intersection,Normale,Deux véhicules - frontale,,,,,,,,,,,5,1,1,1.0,1
201200024349,0012-08-26 04:30:00,12,8,26,4,30,310,555,"22 bis, BD MATABIAU",,,Nuit avec éclairage allumé,En agglomération,Hors intersection,Normale,Trois véhicules et plus - collisions multiples,,,,,,,,,,,5,2,1,1.0,5
201200024350,0012-08-23 17:00:00,12,8,23,17,0,310,149,"11, SERRES (AVENUE EDOUA",43.61323,1.35259,Plein jour,En agglomération,Hors intersection,Normale,Deux véhicules - côté,,,,,,,,,,,1,2,1,1.0,3
201200024351,0012-08-28 21:50:00,12,8,28,21,50,310,555,"999, GRANDE RUE SAINT MI",,,Nuit avec éclairage allumé,En agglomération,Intersection en T,Normale,Deux véhicules - côté,,,,,,,,,,,5,2,3,1.0,3
201200024352,0012-08-25 11:30:00,12,8,25,11,30,310,555,RTE DE LABEGE,,,Plein jour,En agglomération,Hors intersection,Normale,Autre collision,,,,,,,,,,,1,2,1,1.0,6
201200024353,0012-08-30 02:50:00,12,8,30,2,50,310,555,"999, AV SALVADOR ALLENDE",,,Nuit avec éclairage allumé,En agglomération,Hors intersection,Pluie légère,Deux véhicules - frontale,,,,,,,,,,,5,2,1,2.0,1
201200024354,0012-08-31 17:20:00,12,8,31,17,20,310,555,"999, RUE DE SEBASTOPOL",,,Plein jour,En agglomération,Hors intersection,Normale,Autre collision,,,,,,,,,,,1,2,1,1.0,6
201200024355,0012-09-05 06:35:00,12,9,5,6,35,310,555,"999, AV DE LOMBEZ",,,Nuit avec éclairage allumé,En agglomération,Hors intersection,Normale,Deux véhicules - frontale,,,,,,,,,,,5,2,1,1.0,1
201200024356,0012-08-30 07:50:00,12,8,30,7,50,310,555,"999, CHE SALINIE",,,Plein jour,En agglomération,Hors intersection,Normale,Deux véhicules - arrière,,,,,,,,,,,1,2,1,1.0,2
201200024357,0012-09-05 17:40:00,12,9,5,17,40,310,555,"999, RUE DU DR MARCEL BO",,,Plein jour,En agglomération,Hors intersection,Normale,Deux véhicules - frontale,,,,,,,,,,,1,2,1,1.0,1
201200024358,0012-09-06 05:28:00,12,9,6,5,28,310,555,"999, RUE BERNARD MULE",,,Crépuscule ou aube,En agglomération,Intersection en T,Normale,Deux véhicules - côté,,,,,,,,,,,2,2,3,1.0,3
201200024359,0012-09-06 16:15:00,12,9,6,16,15,310,555,"102, CHE DU CHATEAU DE L",,,Plein jour,En agglomération,Hors intersection,Normale,Autre collision,,,,,,,,,,,1,2,1,1.0,6
201200024360,0012-09-07 03:45:00,12,9,7,3,45,310,555,VA007456 SESQUIERES A620,43.6499,1.42179,Nuit avec éclairage allumé,Hors agglomération,Hors intersection,Normale,Sans collision,,,,,,,,,,,5,1,1,1.0,7
201200024361,0012-09-07 22:33:00,12,9,7,22,33,310,149,bld calvet/r garibaldien,43.61221,1.33409,Nuit avec éclairage allumé,En agglomération,Intersection en X,Normale,Deux véhicules - frontale,,,,,,,,,,,5,2,2,1.0,1
201200024362,0012-09-07 23:30:00,12,9,7,23,30,310,555,"312, AV DES ETATS UNIS",,,Nuit avec éclairage allumé,En agglomération,Hors intersection,Normale,Deux véhicules - côté,,,,,,,,,,,5,2,1,1.0,3
201200024363,0012-09-08 11:20:00,12,9,8,11,20,310,555,"16, RUE DE METZ",,,Plein jour,En agglomération,Hors intersection,Normale,Sans collision,,,,,,,,,,,1,2,1,1.0,7
201200024364,0012-09-08 14:50:00,12,9,8,14,50,310,149,"7, AMPERE (AVENUE ANDRE",43.61086,1.30751,Plein jour,En agglomération,Hors intersection,Normale,Deux véhicules - arrière,,,,,,,,,,,1,2,1,1.0,2
201200024365,0012-09-05 09:15:00,12,9,5,9,15,310,149,ORMEAU (CHEMIN DE L'),43.61502,1.32855,Plein jour,En agglomération,Hors intersection,Normale,Autre collision,,,,,,,,,,,1,2,1,1.0,6
201200024366,0012-09-10 23:25:00,12,9,10,23,25,310,555,"21, PL SAINT SERNIN",,,Nuit avec éclairage allumé,En agglomération,Hors intersection,Normale,Deux véhicules - frontale,,,,,,,,,,,5,2,1,1.0,1
201200024367,0012-09-07 08:10:00,12,9,7,8,10,310,149,MARCEL DASSAULT (BLD),43.61141,1.34554,Plein jour,En agglomération,Hors intersection,Normale,Deux véhicules - côté,,,,,,,,,,,1,2,1,1.0,3
201200024368,0012-09-10 08:25:00,12,9,10,8,25,310,149,"8, ADER (AVENUE CLEMENT)",43.61637,1.3464,Plein jour,En agglomération,Hors intersection,Normale,Deux véhicules - arrière,,,,,,,,,,,1,2,1,1.0,2
201200024369,0012-09-13 08:30:00,12,9,13,8,30,310,555,"999, AV CAMILLE PUJOL",,,Plein jour,En agglomération,Hors intersection,Normale,Deux véhicules - côté,,,,,,,,,,,1,2,1,1.0,3
201200024370,0012-09-13 19:05:00,12,9,13,19,5,310,555,"999, RUE DES ANGES",,,Plein jour,En agglomération,Hors intersection,Normale,Deux véhicules - côté,,,,,,,,,,,1,2,1,1.0,3
201200024371,0012-09-14 07:55:00,12,9,14,7,55,310,555,"999, CHE D AUDIBERT",,,Plein jour,En agglomération,Hors intersection,Normale,Deux véhicules - arrière,,,,,,,,,,,1,2,1,1.0,2
201200024372,0012-09-14 15:45:00,12,9,14,15,45,310,555,"106, RUE DU FAUBOURG BON",,,Plein jour,En agglomération,Hors intersection,Normale,Deux véhicules - frontale,,,,,,,,,,,1,2,1,1.0,1
201200024373,0012-09-17 19:10:00,12,9,17,19,10,310,555,"999, ALL DES FOULQUES",,,Plein jour,En agglomération,Intersection en T,Normale,Autre collision,,,,,,,,,,,1,2,3,1.0,6
201200024374,0012-09-15 11:40:00,12,9,15,11,40,310,555,VA007307 FRANCAZAL A64 S,,,Plein jour,Hors agglomération,Hors intersection,Normale,Trois véhicules et plus - en chaîne,,,,,,,,,,,1,1,1,1.0,4
201200024375,0012-09-16 00:10:00,12,9,16,0,10,310,555,"6, QU LUCIEN LOMBARD",,,Nuit avec éclairage allumé,En agglomération,Hors intersection,Normale,Deux véhicules - côté,,,,,,,,,,,5,2,1,1.0,3
201200024376,0012-09-16 19:10:00,12,9,16,19,10,310,555,"20, AV JEAN MOULIN",,,Plein jour,En agglomération,Hors intersection,Normale,Autre collision,,,,,,,,,,,1,2,1,1.0,6
201200024377,0012-09-18 18:30:00,12,9,18,18,30,310,555,"999, AV DE LATTRE DE TAS",,,Plein jour,En agglomération,Hors intersection,Normale,Autre collision,,,,,,,,,,,1,2,1,1.0,6
201200024378,0012-09-18 08:10:00,12,9,18,8,10,310,555,"271, RTE DE LAUNAGUET",,,Plein jour,En agglomération,Intersection en T,Normale,Deux véhicules - côté,,,,,,,,,,,1,2,3,1.0,3
201200024379,0012-09-18 20:30:00,12,9,18,20,30,310,555,"999, GRANDE RUE SAINT MI",,,Crépuscule ou aube,En agglomération,Hors intersection,Normale,Autre collision,,,,,,,,,,,2,2,1,1.0,6
201200024380,0012-09-20 09:00:00,12,9,20,9,0,310,149,"2, MARCEL DASSAULT (BOUL",43.6101,1.35083,Plein jour,En agglomération,Hors intersection,Normale,Autre collision,,,,,,,,,,,1,2,1,1.0,6
201200024381,0012-09-20 11:30:00,12,9,20,11,30,310,555,"999, RUE JULES CLARETIE",,,Plein jour,En agglomération,Intersection en T,Normale,Deux véhicules - côté,,,,,,,,,,,1,2,3,1.0,3
201200024382,0012-09-20 16:40:00,12,9,20,16,40,310,555,"70, CHE MICHOUN",,,Plein jour,En agglomération,Hors intersection,Normale,Deux véhicules - côté,,,,,,,,,,,1,2,1,1.0,3
201200024383,0012-09-21 12:45:00,12,9,21,12,45,310,557,"12, CANAL (CH DU)",43.55895,1.35046,Plein jour,En agglomération,Hors intersection,Normale,Deux véhicules - arrière,,,,,,,,,,,1,2,1,1.0,2
201200024384,0012-09-21 16:00:00,12,9,21,16,0,310,149,"21bis, MONNET (AVENUE JE",43.6201,1.34378,Plein jour,En agglomération,Hors intersection,Normale,Deux véhicules - côté,,,,,,,,,,,1,2,1,1.0,3
201200024385,0012-09-21 18:45:00,12,9,21,18,45,310,555,VA007418 PONT JUMEAUX A6,,,Plein jour,Hors agglomération,Hors intersection,Normale,Trois véhicules et plus - collisions multiples,,,,,,,,,,,1,1,1,1.0,5
201200024386,0012-09-25 07:15:00,12,9,25,7,15,310,555,"89, RTE D ESPAGNE",,,Nuit avec éclairage allumé,En agglomération,Hors intersection,Normale,Deux véhicules - arrière,,,,,,,,,,,5,2,1,1.0,2
201200024387,0012-09-25 21:15:00,12,9,25,21,15,310,555,"39-41, RUE MATABIAU",,,Nuit avec éclairage allumé,En agglomération,Hors intersection,Normale,Deux véhicules - côté,,,,,,,,,,,5,2,1,1.0,3
201200024388,0012-09-26 02:15:00,12,9,26,2,15,310,555,"23, CHE DU CHAPITRE",,,Nuit avec éclairage allumé,En agglomération,Hors intersection,Normale,Deux véhicules - arrière,,,,,,,,,,,5,2,1,1.0,2
201200024389,0012-09-21 17:15:00,12,9,21,17,15,310,555,"15, RUE GELIBERT",,,Plein jour,En agglomération,Hors intersection,Normale,Autre collision,,,,,,,,,,,1,2,1,1.0,6
201200024390,0012-09-24 11:10:00,12,9,24,11,10,310,555,VA007624,,,Plein jour,Hors agglomération,Hors intersection,Normale,Sans collision,,,,,,,,,,,1,1,1,1.0,7
201200024391,0012-09-26 12:00:00,12,9,26,12,0,310,557,LARRAMET (CH DE),43.56064,1.35402,Plein jour,En agglomération,Hors intersection,Pluie légère,Deux véhicules - côté,,,,,,,,,,,1,2,1,2.0,3
201200024392,0012-09-28 01:40:00,12,9,28,1,40,310,555,"999, AV HONORE SERRES",,,Nuit avec éclairage allumé,En agglomération,Hors intersection,Normale,Autre collision,,,,,,,,,,,5,2,1,1.0,6
201200024393,0012-09-29 10:15:00,12,9,29,10,15,310,555,"21, AV DES MINIMES",,,Plein jour,En agglomération,Hors intersection,Normale,Deux véhicules - côté,,,,,,,,,,,1,2,1,1.0,3
201200024394,0012-09-28 10:00:00,12,9,28,10,0,310,555,"999, PL DU PDT THOMAS WI",,,Plein jour,En agglomération,Hors intersection,Normale,Autre collision,,,,,,,,,,,1,2,1,1.0,6
201200024395,0012-09-28 13:55:00,12,9,28,13,55,310,555,"58, RUE MATABIAU",,,Plein jour,En agglomération,Hors intersection,Normale,Autre collision,,,,,,,,,,,1,2,1,1.0,6
201200024396,0012-09-28 21:10:00,12,9,28,21,10,310,555,"999, RUE DE GIRONIS",,,Nuit avec éclairage allumé,En agglomération,Hors intersection,Normale,Deux véhicules - arrière,,,,,,,,,,,5,2,1,1.0,2
201200024397,0012-09-29 02:58:00,12,9,29,2,58,310,555,"999, BD SILVIO TRENTIN",,,Nuit avec éclairage allumé,En agglomération,Hors intersection,Pluie légère,Deux véhicules - côté,,,,,,,,,,,5,2,1,2.0,3
201200024398,0012-09-29 08:37:00,12,9,29,8,37,310,555,"212, AV ANTOINE DE ST EX",,,Plein jour,Hors agglomération,Hors intersection,Normale,Deux véhicules - frontale,,,,,,,,,,,1,1,1,1.0,1
201200024399,0012-09-29 14:03:00,12,9,29,14,3,310,555,"69, BD LAZARE CARNOT",,,Plein jour,En agglomération,Hors intersection,Normale,Deux véhicules - frontale,,,,,,,,,,,1,2,1,1.0,1
201200024400,0012-09-29 00:05:00,12,9,29,0,5,310,555,"999, AV DES MINIMES",,,Nuit avec éclairage allumé,En agglomération,Hors intersection,Normale,Trois véhicules et plus - collisions multiples,,,,,,,,,,,5,2,1,1.0,5
201200024401,0012-10-01 07:35:00,12,10,1,7,35,310,149,BD GENERAL DE GAULL,43.61037,1.32863,Crépuscule ou aube,En agglomération,Hors intersection,Normale,Autre collision,,,,,,,,,,,2,2,1,1.0,6
201200024402,0012-09-26 18:30:00,12,9,26,18,30,310,555,"999, RUE DE SAINT GAUDEN",,,Plein jour,En agglomération,Hors intersection,Normale,Autre collision,,,,,,,,,,,1,2,1,1.0,6
201200024403,0012-09-27 17:00:00,12,9,27,17,0,310,555,"11, BD DES RECOLLETS",,,Plein jour,En agglomération,Hors intersection,Normale,Deux véhicules - arrière,,,,,,,,,,,1,2,1,1.0,2
201200024404,0012-10-01 08:10:00,12,10,1,8,10,310,555,VA007440 LES MINIMESA620,,,Plein jour,Hors agglomération,Hors intersection,Normale,Deux véhicules - arrière,,,,,,,,,,,1,1,1,1.0,2
201200024405,0012-10-02 12:15:00,12,10,2,12,15,310,555,"999, PL ETIENNE ESQUIROL",,,Plein jour,En agglomération,Hors intersection,Normale,Autre collision,,,,,,,,,,,1,2,1,1.0,6
201200024406,0012-10-02 13:15:00,12,10,2,13,15,310,555,"155, CHE DE LA SALADE PO",,,Plein jour,En agglomération,Hors intersection,Normale,Autre collision,,,,,,,,,,,1,2,1,1.0,6
201200024407,0012-10-02 17:40:00,12,10,2,17,40,310,555,"1, RTE DE LAUNAGUET",,,Plein jour,En agglomération,Hors intersection,Normale,Autre collision,,,,,,,,,,,1,2,1,1.0,6
201200024408,0012-10-02 21:05:00,12,10,2,21,5,310,555,"999, AV CRAMPEL",,,Nuit avec éclairage allumé,En agglomération,Intersection en T,Normale,Deux véhicules - côté,,,,,,,,,,,5,2,3,1.0,3
201200024409,0012-10-02 19:55:00,12,10,2,19,55,310,557,DOUMERGUE (RUE GASTON),43.58371,1.34196,Crépuscule ou aube,En agglomération,Hors intersection,Normale,Trois véhicules et plus - collisions multiples,,,,,,,,,,,2,2,1,1.0,5
201200024410,0012-10-02 18:00:00,12,10,2,18,0,310,69,SAND (RUE GEORGES),43.65125,1.3735,Plein jour,En agglomération,Hors intersection,Normale,Deux véhicules - frontale,,,,,,,,,,,1,2,1,1.0,1
201200024411,0012-10-03 23:30:00,12,10,3,23,30,310,555,"999, AV CRAMPEL",,,Nuit avec éclairage allumé,En agglomération,Hors intersection,Normale,Autre collision,,,,,,,,,,,5,2,1,1.0,6
201200024412,0012-10-04 02:30:00,12,10,4,2,30,310,555,"32, RUE DU REMPART ST ET",,,Nuit avec éclairage allumé,En agglomération,Hors intersection,Normale,Autre collision,,,,,,,,,,,5,2,1,1.0,6
201200024413,0012-10-02 17:06:00,12,10,2,17,6,310,555,"999, AV PAUL SEJOURNE",,,Plein jour,En agglomération,Intersection en T,Normale,Deux véhicules - côté,,,,,,,,,,,1,2,3,1.0,3
201200024414,0012-10-04 16:05:00,12,10,4,16,5,310,555,"999, AV DE RANGUEIL",,,Plein jour,En agglomération,Hors intersection,Normale,Deux véhicules - côté,,,,,,,,,,,1,2,1,1.0,3
201200024415,0012-10-04 21:40:00,12,10,4,21,40,310,555,"999, RTE D AGDE",,,Nuit avec éclairage allumé,En agglomération,Hors intersection,Pluie légère,Deux véhicules - côté,,,,,,,,,,,5,2,1,2.0,3
201200024416,0012-10-04 22:10:00,12,10,4,22,10,310,555,"999, AV JEAN CHAUBET",,,Nuit avec éclairage allumé,En agglomération,Intersection en T,Normale,Deux véhicules - côté,,,,,,,,,,,5,2,3,1.0,3
201200024417,0012-10-06 02:45:00,12,10,6,2,45,310,555,"50, ALL JEAN JAURES",,,Nuit avec éclairage allumé,En agglomération,Hors intersection,Normale,Autre collision,,,,,,,,,,,5,2,1,1.0,6
201200024418,0012-10-05 20:00:00,12,10,5,20,0,310,555,"42, BD DES RECOLLETS",,,Nuit avec éclairage allumé,En agglomération,Intersection en Y,Normale,Trois véhicules et plus - collisions multiples,,,,,,,,,,,5,2,4,1.0,5
201200024419,0012-10-08 21:40:00,12,10,8,21,40,310,555,"999, AV DE REYNERIE",,,Nuit avec éclairage allumé,En agglomération,Hors intersection,Normale,Deux véhicules - arrière,,,,,,,,,,,5,2,1,1.0,2
201200024420,0012-10-05 13:05:00,12,10,5,13,5,310,555,VA007553 A61,,,Plein jour,Hors agglomération,Hors intersection,Normale,Deux véhicules - arrière,,,,,,,,,,,1,1,1,1.0,2
201200024421,0012-10-05 15:10:00,12,10,5,15,10,310,555,"999, ALL DU PR CAMILLE S",,,Plein jour,En agglomération,Hors intersection,Normale,Deux véhicules - arrière,,,,,,,,,,,1,2,1,1.0,2
201200024422,0012-10-08 12:35:00,12,10,8,12,35,310,555,"13, RTE DE BAYONNE",,,Plein jour,En agglomération,Hors intersection,Normale,Deux véhicules - côté,,,,,,,,,,,1,2,1,1.0,3
201200024423,0012-10-05 18:00:00,12,10,5,18,0,310,555,"3, RUE DU DOYEN LEFEBVRE",,,Plein jour,En agglomération,Hors intersection,Normale,Autre collision,,,,,,,,,,,1,2,1,1.0,6
201200024424,0012-10-10 10:15:00,12,10,10,10,15,310,555,"71, RTE DE NARBONNE",,,Plein jour,En agglomération,Hors intersection,Normale,Trois véhicules et plus - collisions multiples,,,,,,,,,,,1,2,1,1.0,5
201200024425,0012-10-01 20:10:00,12,10,1,20,10,310,555,"224, AV DE FRONTON",,,Nuit avec éclairage allumé,En agglomération,Hors intersection,Normale,Autre collision,,,,,,,,,,,5,2,1,1.0,6
201200024426,0012-10-11 06:25:00,12,10,11,6,25,310,555,VA007331 A620,,,Nuit avec éclairage allumé,Hors agglomération,Hors intersection,Normale,Trois véhicules et plus - collisions multiples,,,,,,,,,,,5,1,1,1.0,5
201200024427,0012-10-11 07:00:00,12,10,11,7,0,310,555,"999, CHE FERRO LEBRES",,,Nuit avec éclairage allumé,En agglomération,Hors intersection,Normale,Deux véhicules - frontale,,,,,,,,,,,5,2,1,1.0,1
201200024428,0012-10-11 08:10:00,12,10,11,8,10,310,555,"58bis, RUE ERNEST RENAN",,,Plein jour,En agglomération,Hors intersection,Normale,Deux véhicules - frontale,,,,,,,,,,,1,2,1,1.0,1
201200024429,0012-10-11 09:30:00,12,10,11,9,30,310,555,AV DE LESPINET,,,Plein jour,En agglomération,Hors intersection,Normale,Deux véhicules - arrière,,,,,,,,,,,1,2,1,1.0,2
201200024430,0012-10-11 10:25:00,12,10,11,10,25,310,149,ECHANGEUR ST MARTIN(A624,,,Plein jour,Hors agglomération,Hors intersection,Normale,Autre collision,,,,,,,,,,,1,1,1,1.0,6
201200024431,0012-10-11 07:55:00,12,10,11,7,55,310,555,"999, CHE DE CROIX BENITE",,,Nuit avec éclairage allumé,En agglomération,Hors intersection,Normale,Deux véhicules - frontale,,,,,,,,,,,5,2,1,1.0,1
201200024432,0012-10-12 05:45:00,12,10,12,5,45,310,555,"10, RUE DE METZ",,,Crépuscule ou aube,En agglomération,Hors intersection,Normale,Deux véhicules - frontale,,,,,,,,,,,2,2,1,1.0,1