accident_id,datetime,annee,mois,jour,heure,minute,departement,commune_insee,adresse,latitude,longitude,luminosite,agglomeration,intersection,meteo,collision,nb_vehicules,nb_usagers,nb_indemnes,nb_tues,nb_blesses_hosp,nb_blesses_legers,age_cond_1,age_cond_2,veh_type_cond_1,veh_type_cond_2,lum_code,agg_code,int_code,atm_code,col_code
201200025213,0012-06-27 18:00:00,12,6,27,18,0,330,63,RUE CHAMPION DE CICE,,,Plein jour,En agglomération,Intersection en X,Normale,Autre collision,,,,,,,,,,,1,2,2,1.0,6
201200025214,0012-06-21 17:44:00,12,6,21,17,44,330,281,"12, RUE DES ARDENNES",,,Plein jour,En agglomération,Hors intersection,Normale,Deux véhicules - frontale,,,,,,,,,,,1,2,1,1.0,1
201200025215,0012-06-22 17:50:00,12,6,22,17,50,330,281,RUE EDISON,,,Plein jour,En agglomération,Intersection en X,Normale,Deux véhicules - côté,,,,,,,,,,,1,2,2,1.0,3
201200025216,0012-06-22 07:40:00,12,6,22,7,40,330,522,AVE VILLEMEJEAN,,,Plein jour,En agglomération,Giratoire,Normale,Deux véhicules - côté,,,,,,,,,,,1,2,6,1.0,3
201200025217,0012-06-24 00:01:00,12,6,24,0,1,330,281,AVE MARCEL DASSAULT,,,Nuit avec éclairage allumé,En agglomération,Intersection en X,Normale,Deux véhicules - côté,,,,,,,,,,,5,2,2,1.0,3
201200025218,0012-06-28 09:15:00,12,6,28,9,15,330,63,RUE DE LACANAU,,,Plein jour,En agglomération,Intersection à plus de 4 branches,Normale,Deux véhicules - côté,,,,,,,,,,,1,2,5,1.0,3
201200025219,0012-06-28 09:30:00,12,6,28,9,30,330,63,"80, RUE DE LA BECHADE",,,Plein jour,Hors agglomération,Hors intersection,Normale,Deux véhicules - côté,,,,,,,,,,,1,1,1,1.0,3
201200025220,0012-06-29 14:06:00,12,6,29,14,6,330,63,CRS VICTOR HUGO,,,Plein jour,En agglomération,Intersection en T,Normale,Autre collision,,,,,,,,,,,1,2,3,1.0,6
201200025221,0012-07-02 01:35:00,12,7,2,1,35,330,63,"44, RUE LAFONTAINE",,,Nuit avec éclairage allumé,En agglomération,Intersection en X,Normale,Autre collision,,,,,,,,,,,5,2,2,1.0,6
201200025222,0012-07-02 00:55:00,12,7,2,0,55,330,63,CRS ARISTIDE BRIAND,,,Nuit avec éclairage allumé,En agglomération,Intersection en Y,Normale,Deux véhicules - côté,,,,,,,,,,,5,2,4,1.0,3
201200025223,0012-06-30 21:30:00,12,6,30,21,30,330,63,PONT DE PIERRE,,,Plein jour,En agglomération,Hors intersection,Normale,Deux véhicules - arrière,,,,,,,,,,,1,2,1,1.0,2
201200025224,0012-06-30 01:55:00,12,6,30,1,55,330,63,PARC BORDELAIS,,,Nuit avec éclairage non allumé,En agglomération,Hors intersection,Normale,Autre collision,,,,,,,,,,,4,2,1,1.0,6
201200025225,0012-06-28 18:45:00,12,6,28,18,45,330,63,RUE LECOCQ,,,Plein jour,En agglomération,Hors intersection,Normale,Deux véhicules - côté,,,,,,,,,,,1,2,1,1.0,3
201200025226,0012-07-01 22:10:00,12,7,1,22,10,330,63,RUE ABBE DE L'EPEE,,,Crépuscule ou aube,En agglomération,Intersection en X,Normale,Deux véhicules - côté,,,,,,,,,,,2,2,2,1.0,3
201200025227,0012-07-03 00:10:00,12,7,3,0,10,330,63,QUAI DE LA MONNAIE,,,Nuit avec éclairage allumé,En agglomération,Intersection en T,Normale,Autre collision,,,,,,,,,,,5,2,3,1.0,6
201200025228,0012-07-01 18:00:00,12,7,1,18,0,330,63,AVE EMILE COUNORD,,,Plein jour,En agglomération,Intersection en Y,Normale,Deux véhicules - côté,,,,,,,,,,,1,2,4,1.0,3
201200025229,0012-07-02 18:20:00,12,7,2,18,20,330,63,RUE BERGERET,,,Plein jour,En agglomération,Intersection à plus de 4 branches,Normale,Deux véhicules - côté,,,,,,,,,,,1,2,5,1.0,3
201200025230,0012-06-26 22:45:00,12,6,26,22,45,330,318,AVE DE BRETAGNE,,,Nuit avec éclairage allumé,En agglomération,Intersection en T,Normale,Deux véhicules - frontale,,,,,,,,,,,5,2,3,1.0,1
201200025231,0012-06-26 17:00:00,12,6,26,17,0,330,281,RUE MARCELIN BERTHELOT,,,Plein jour,En agglomération,Hors intersection,Normale,Autre collision,,,,,,,,,,,1,2,1,1.0,6
201200025232,0012-06-29 13:30:00,12,6,29,13,30,330,249,RUE MARCEL CERDAN,,,Plein jour,En agglomération,Hors intersection,Normale,Autre collision,,,,,,,,,,,1,2,1,1.0,6
201200025233,0012-06-29 11:15:00,12,6,29,11,15,330,63,QUAI DE LA SOUYS,,,Plein jour,En agglomération,Giratoire,Normale,Deux véhicules - côté,,,,,,,,,,,1,2,6,1.0,3
201200025234,0012-06-30 20:40:00,12,6,30,20,40,330,69,"38, AVE DE LA LIBERATION",,,Plein jour,En agglomération,Hors intersection,Normale,Deux véhicules - côté,,,,,,,,,,,1,2,1,1.0,3
201200025235,0012-06-24 18:45:00,12,6,24,18,45,330,522,AVE ROUL,,,Plein jour,En agglomération,Intersection en X,Normale,Deux véhicules - côté,,,,,,,,,,,1,2,2,1.0,3
201200025236,0012-07-05 13:55:00,12,7,5,13,55,330,39,AVE SALVADOR ALLENDE,,,Plein jour,En agglomération,Intersection en T,Normale,Deux véhicules - côté,,,,,,,,,,,1,2,3,1.0,3
201200025237,0012-07-01 19:26:00,12,7,1,19,26,330,13,N 89,,,Plein jour,Hors agglomération,Hors intersection,Normale,Deux véhicules - arrière,,,,,,,,,,,1,1,1,1.0,2
201200025238,0012-07-05 18:40:00,12,7,5,18,40,330,63,RUE DU DOCTEUR ROCAZ,,,Plein jour,En agglomération,Intersection en X,Normale,Autre collision,,,,,,,,,,,1,2,2,1.0,6
201200025239,0012-07-05 19:55:00,12,7,5,19,55,330,63,RUE DU PETIT BARAIL,,,Plein jour,En agglomération,Hors intersection,Normale,Deux véhicules - frontale,,,,,,,,,,,1,2,1,1.0,1
201200025240,0012-07-06 06:45:00,12,7,6,6,45,330,63,BD JOLIOT-CURIE,,,Plein jour,En agglomération,Intersection en T,Pluie légère,Trois véhicules et plus - en chaîne,,,,,,,,,,,1,2,3,2.0,4
201200025241,0012-07-05 07:40:00,12,7,5,7,40,330,550,"47, AVE GEORGES CLEMENCE",,,Plein jour,En agglomération,Hors intersection,Pluie forte,Deux véhicules - côté,,,,,,,,,,,1,2,1,3.0,3
201200025242,0012-07-04 02:10:00,12,7,4,2,10,330,281,AVE MARCEL DASSAULT,,,Nuit avec éclairage allumé,En agglomération,Hors intersection,Normale,Autre collision,,,,,,,,,,,5,2,1,1.0,6
201200025243,0012-07-07 23:15:00,12,7,7,23,15,330,75,BD DU PARC DES EXPOSITIO,,,Nuit avec éclairage allumé,Hors agglomération,Hors intersection,Pluie légère,Autre collision,,,,,,,,,,,5,1,1,2.0,6
201200025244,0012-07-06 22:30:00,12,7,6,22,30,330,63,"205, RUE GEORGES BONNAC",,,Nuit avec éclairage allumé,En agglomération,Hors intersection,Normale,Autre collision,,,,,,,,,,,5,2,1,1.0,6
201200025245,0012-07-07 20:20:00,12,7,7,20,20,330,63,CRS ARISTIDE BRIAND,,,Crépuscule ou aube,En agglomération,Intersection en X,Normale,Sans collision,,,,,,,,,,,2,2,2,1.0,7
201200025246,0012-07-03 08:30:00,12,7,3,8,30,330,167,COTE DE MONREPOS,,,Plein jour,En agglomération,Intersection en Y,Normale,Deux véhicules - côté,,,,,,,,,,,1,2,4,1.0,3
201200025247,0012-07-06 14:05:00,12,7,6,14,5,330,63,CRS DU MEDOC,,,Plein jour,En agglomération,Intersection en X,Normale,Deux véhicules - arrière,,,,,,,,,,,1,2,2,1.0,2
201200025248,0012-07-03 16:25:00,12,7,3,16,25,330,162,"32, AVE DE MAGUDAS",,,Plein jour,En agglomération,Hors intersection,Normale,Deux véhicules - côté,,,,,,,,,,,1,2,1,1.0,3
201200025249,0012-07-03 08:35:00,12,7,3,8,35,330,192,RUE DES FONTAINES DE MON,,,Plein jour,En agglomération,Intersection en X,Normale,Deux véhicules - côté,,,,,,,,,,,1,2,2,1.0,3
201200025250,0012-07-06 15:00:00,12,7,6,15,0,330,281,"5, RUE ALESSANDRO VOLTA",,,Plein jour,En agglomération,Intersection en T,Normale,Deux véhicules - côté,,,,,,,,,,,1,2,3,1.0,3
201200025251,0012-07-05 18:15:00,12,7,5,18,15,330,318,"16, AVE GUSTAVE EIFFEL",,,Plein jour,En agglomération,Hors intersection,Pluie légère,Trois véhicules et plus - collisions multiples,,,,,,,,,,,1,2,1,2.0,5
201200025252,0012-07-03 18:15:00,12,7,3,18,15,330,522,RUE PACARIS,,,Plein jour,En agglomération,Hors intersection,Normale,Trois véhicules et plus - en chaîne,,,,,,,,,,,1,2,1,1.0,4
201200025253,0012-07-09 08:50:00,12,7,9,8,50,330,167,COTE DE MONREPOS,,,Plein jour,En agglomération,Intersection en T,Normale,Deux véhicules - côté,,,,,,,,,,,1,2,3,1.0,3
201200025254,0012-07-06 20:30:00,12,7,6,20,30,330,167,AVE JEAN ALFONSEA,,,Plein jour,En agglomération,Hors intersection,Normale,Sans collision,,,,,,,,,,,1,2,1,1.0,7
201200025255,0012-07-10 14:30:00,12,7,10,14,30,330,63,BD ALFRED DANEY,,,Plein jour,En agglomération,Hors intersection,Normale,Deux véhicules - côté,,,,,,,,,,,1,2,1,1.0,3
201200025256,0012-07-11 11:00:00,12,7,11,11,0,330,63,"72, RUE PIERRE TREBOD",,,Plein jour,En agglomération,Hors intersection,Normale,Autre collision,,,,,,,,,,,1,2,1,1.0,6
201200025257,0012-07-12 02:48:00,12,7,12,2,48,330,63,"54, QUAI RICHELIEU",,,Nuit avec éclairage allumé,En agglomération,Hors intersection,Normale,Sans collision,,,,,,,,,,,5,2,1,1.0,7
201200025258,0012-07-12 22:50:00,12,7,12,22,50,330,63,QUAI DE LA SOUYS,,,Nuit avec éclairage allumé,En agglomération,Intersection en T,Normale,Deux véhicules - arrière,,,,,,,,,,,5,2,3,1.0,2
201200025259,0012-07-12 19:38:00,12,7,12,19,38,330,119,AVE JEAN ZAY,,,Plein jour,En agglomération,Giratoire,Normale,Deux véhicules - arrière,,,,,,,,,,,1,2,6,1.0,2
201200025260,0012-07-13 15:45:00,12,7,13,15,45,330,63,RUE BERNARD ADOUR CAUD,,,Plein jour,En agglomération,Intersection en X,Normale,Deux véhicules - côté,,,,,,,,,,,1,2,2,1.0,3
201200025261,0012-07-13 07:20:00,12,7,13,7,20,330,63,"110, AVE THIERS",,,Plein jour,En agglomération,Hors intersection,Normale,Deux véhicules - côté,,,,,,,,,,,1,2,1,1.0,3
201200025262,0012-07-15 16:20:00,12,7,15,16,20,330,63,CRS VICTOR HUGO,,,Plein jour,En agglomération,Intersection en T,Normale,Deux véhicules - frontale,,,,,,,,,,,1,2,3,1.0,1
201200025263,0012-07-13 20:40:00,12,7,13,20,40,330,63,BRETELLE DE SORTIE A631,,,Plein jour,Hors agglomération,Intersection en Y,Pluie forte,Autre collision,,,,,,,,,,,1,1,4,3.0,6
201200025264,0012-06-28 16:50:00,12,6,28,16,50,330,249,RUE ANDRE DUPIN,,,Plein jour,En agglomération,Intersection en X,Normale,Deux véhicules - côté,,,,,,,,,,,1,2,2,1.0,3
201200025265,0012-07-13 14:30:00,12,7,13,14,30,330,63,"310, AVE THIERS",,,Plein jour,En agglomération,Hors intersection,Normale,Autre collision,,,,,,,,,,,1,2,1,1.0,6
201200025266,0012-07-16 10:12:00,12,7,16,10,12,330,63,RUE ABBE DE L'EPEE,,,Plein jour,En agglomération,Intersection en X,Normale,Deux véhicules - côté,,,,,,,,,,,1,2,2,1.0,3
201200025267,0012-07-16 17:15:00,12,7,16,17,15,330,63,CRS LOUIS FARGUE,,,Plein jour,En agglomération,Intersection en X,Normale,Deux véhicules - côté,,,,,,,,,,,1,2,2,1.0,3
201200025268,0012-07-17 02:10:00,12,7,17,2,10,330,63,QUAI DES CHARTRONS,,,Nuit avec éclairage allumé,En agglomération,Intersection en X,Normale,Autre collision,,,,,,,,,,,5,2,2,1.0,6
201200025269,0012-07-16 19:15:00,12,7,16,19,15,330,63,AVE EMILE COUNORD,,,Plein jour,En agglomération,Intersection en T,Normale,Deux véhicules - côté,,,,,,,,,,,1,2,3,1.0,3
201200025270,0012-07-17 17:00:00,12,7,17,17,0,330,63,RUE DES ALLAMANDIERS,,,Plein jour,En agglomération,Intersection en X,Normale,Deux véhicules - arrière,,,,,,,,,,,1,2,2,1.0,2
201200025271,0012-07-12 15:10:00,12,7,12,15,10,330,281,"83, AVE DE MAGUDAS",,,Plein jour,En agglomération,Hors intersection,Normale,Trois véhicules et plus - en chaîne,,,,,,,,,,,1,2,1,1.0,4
201200025272,0012-07-11 09:10:00,12,7,11,9,10,330,281,"06, AVE MAL DE LATTRE DE",,,Plein jour,En agglomération,Intersection en T,Normale,Autre collision,,,,,,,,,,,1,2,3,1.0,6
201200025273,0012-07-16 01:20:00,12,7,16,1,20,330,550,RTE DE TOULOUSE,,,Nuit avec éclairage allumé,En agglomération,Hors intersection,Normale,Autre collision,,,,,,,,,,,5,2,1,1.0,6
201200025274,0012-07-14 15:35:00,12,7,14,15,35,330,39,PARKING RIVE D'ARCINS,,,Plein jour,En agglomération,Hors intersection,Normale,Autre collision,,,,,,,,,,,1,2,1,1.0,6
201200025275,0012-07-12 18:10:00,12,7,12,18,10,330,200,AVE DE MAGUDAS,,,Plein jour,En agglomération,Hors intersection,Normale,Deux véhicules - côté,,,,,,,,,,,1,2,1,1.0,3
201200025276,0012-07-19 10:30:00,12,7,19,10,30,330,63,CRS VICTOR HUGO,,,Plein jour,En agglomération,Intersection en T,Normale,Deux véhicules - frontale,,,,,,,,,,,1,2,3,1.0,1
201200025277,0012-07-17 10:25:00,12,7,17,10,25,330,281,"118, AVE DE MAGUDAS",,,Plein jour,En agglomération,Hors intersection,Normale,Deux véhicules - côté,,,,,,,,,,,1,2,1,1.0,3
201200025278,0012-07-18 14:20:00,12,7,18,14,20,330,32,BD DES INDUSTRIES,,,Plein jour,En agglomération,Hors intersection,Normale,Deux véhicules - arrière,,,,,,,,,,,1,2,1,1.0,2
201200025279,0012-07-21 03:10:00,12,7,21,3,10,330,63,CRS DE VERDUN,,,Nuit avec éclairage allumé,En agglomération,Intersection en Y,Normale,Sans collision,,,,,,,,,,,5,2,4,1.0,7
201200025280,0012-07-22 19:30:00,12,7,22,19,30,330,63,PCE DE STALINGRAD,,,Plein jour,En agglomération,Hors intersection,Normale,Autre collision,,,,,,,,,,,1,2,1,1.0,6
201200025281,0012-07-23 09:29:00,12,7,23,9,29,330,63,"83, RUE DE LA BENAUGE",,,Plein jour,En agglomération,Hors intersection,Normale,Deux véhicules - côté,,,,,,,,,,,1,2,1,1.0,3
201200025282,0012-07-14 19:50:00,12,7,14,19,50,330,522,"156, RUE DE SUZON",,,Plein jour,En agglomération,Hors intersection,Normale,Trois véhicules et plus - collisions multiples,,,,,,,,,,,1,2,1,1.0,5
201200025283,0012-07-15 20:00:00,12,7,15,20,0,330,522,RUE LAMARTINE,,,Plein jour,En agglomération,Intersection en X,Normale,Deux véhicules - côté,,,,,,,,,,,1,2,2,1.0,3
201200025284,0012-07-18 17:00:00,12,7,18,17,0,330,75,TERREFORT (AVE DE),,,Plein jour,En agglomération,Intersection en X,Normale,Deux véhicules - frontale,,,,,,,,,,,1,2,2,1.0,1
201200025285,0012-07-23 14:50:00,12,7,23,14,50,330,69,RUE PREVOST,,,Plein jour,En agglomération,Intersection en T,Normale,Deux véhicules - côté,,,,,,,,,,,1,2,3,1.0,3
201200025286,0012-07-23 13:45:00,12,7,23,13,45,330,63,"22, BD PIERRE 1ER",,,Plein jour,En agglomération,Hors intersection,Normale,Autre collision,,,,,,,,,,,1,2,1,1.0,6
201200025287,0012-07-23 15:45:00,12,7,23,15,45,330,63,BD JOLIOT-CURIE,,,Plein jour,En agglomération,Hors intersection,Normale,Deux véhicules - côté,,,,,,,,,,,1,2,1,1.0,3
201200025288,0012-07-20 15:35:00,12,7,20,15,35,330,69,"27, AVE DE LA LIBERATION",,,Plein jour,En agglomération,Hors intersection,Normale,Autre collision,,,,,,,,,,,1,2,1,1.0,6
201200025289,0012-07-16 12:20:00,12,7,16,12,20,330,119,AVE JEAN JAURES,,,Plein jour,En agglomération,Intersection en X,Normale,Deux véhicules - arrière,,,,,,,,,,,1,2,2,1.0,2
201200025290,0012-07-16 08:55:00,12,7,16,8,55,330,281,ALL DE LA CHARMILLE,,,Plein jour,En agglomération,Intersection en T,Normale,Deux véhicules - côté,,,,,,,,,,,1,2,3,1.0,3
201200025291,0012-07-26 18:15:00,12,7,26,18,15,330,63,RUE DE BEGLES,,,Plein jour,En agglomération,Intersection en T,Normale,Deux véhicules - côté,,,,,,,,,,,1,2,3,1.0,3
201200025292,0012-07-27 16:40:00,12,7,27,16,40,330,63,"51, CRS GEORGES CLEMENCE",,,Plein jour,En agglomération,Hors intersection,Normale,Deux véhicules - côté,,,,,,,,,,,1,2,1,1.0,3
201200025293,0012-07-24 19:27:00,12,7,24,19,27,330,69,AVE MARCELIN BERTHELOT,,,Plein jour,En agglomération,Giratoire,Normale,Autre collision,,,,,,,,,,,1,2,6,1.0,6
201200025294,0012-07-25 16:05:00,12,7,25,16,5,330,281,AVE DE MAGUDAS,,,Plein jour,En agglomération,Intersection en T,Normale,Deux véhicules - côté,,,,,,,,,,,1,2,3,1.0,3
201200025295,0012-07-25 07:55:00,12,7,25,7,55,330,281,AVE MARCEL DASSAULT,,,Plein jour,En agglomération,Intersection en T,Normale,Deux véhicules - arrière,,,,,,,,,,,1,2,3,1.0,2
201200025296,0012-07-22 04:45:00,12,7,22,4,45,330,192,RTE DE PESSAC,,,Nuit avec éclairage allumé,En agglomération,Intersection en X,Normale,Deux véhicules - côté,,,,,,,,,,,5,2,2,1.0,3
201200025297,0012-07-24 17:50:00,12,7,24,17,50,330,318,RUE ANATOLE FRANCE,,,Plein jour,En agglomération,Intersection en X,Normale,Deux véhicules - côté,,,,,,,,,,,1,2,2,1.0,3
201200025298,0012-07-27 22:20:00,12,7,27,22,20,330,281,RUE DE MIREPIN,,,Nuit avec éclairage non allumé,En agglomération,Giratoire,Normale,Sans collision,,,,,,,,,,,4,2,6,1.0,7
201200025299,0012-07-31 20:48:00,12,7,31,20,48,330,249,VOIE DESSERTE CTRE CIAL,,,Plein jour,En agglomération,Hors intersection,Normale,Autre collision,,,,,,,,,,,1,2,1,1.0,6
201200025300,0012-07-31 18:50:00,12,7,31,18,50,330,281,"8, AVE DE LA SOMME",,,Plein jour,En agglomération,Hors intersection,Normale,Deux véhicules - arrière,,,,,,,,,,,1,2,1,1.0,2
201200025301,0012-08-01 08:15:00,12,8,1,8,15,330,281,"364, AVE D'ARES",,,Plein jour,En agglomération,Intersection en X,Normale,Deux véhicules - côté,,,,,,,,,,,1,2,2,1.0,3
201200025302,0012-07-31 00:35:00,12,7,31,0,35,330,249,AVE DE LA LIBERATION,,,Nuit avec éclairage allumé,En agglomération,Giratoire,Normale,Deux véhicules - côté,,,,,,,,,,,5,2,6,1.0,3
201200025303,0012-08-04 18:30:00,12,8,4,18,30,330,522,RUE PAUL VERLAINE,,,Plein jour,En agglomération,Intersection en X,Normale,Deux véhicules - côté,,,,,,,,,,,1,2,2,1.0,3
201200025304,0012-07-29 00:45:00,12,7,29,0,45,330,281,RUE JACQUES PREVERT,,,Nuit avec éclairage allumé,En agglomération,Hors intersection,Normale,Deux véhicules - côté,,,,,,,,,,,5,2,1,1.0,3
201200025305,0012-07-31 18:05:00,12,7,31,18,5,330,281,CHEM BON AIR,,,Plein jour,En agglomération,Intersection en T,Normale,Deux véhicules - côté,,,,,,,,,,,1,2,3,1.0,3
201200025306,0012-08-07 19:45:00,12,8,7,19,45,330,63,"17, RUE BECK",,,Plein jour,En agglomération,Hors intersection,Normale,Autre collision,,,,,,,,,,,1,2,1,1.0,6
201200025307,0012-08-07 23:15:00,12,8,7,23,15,330,63,AVE MARCEL DASSAULT,,,Nuit avec éclairage allumé,En agglomération,Giratoire,Normale,Sans collision,,,,,,,,,,,5,2,6,1.0,7
201200025308,0012-08-07 14:30:00,12,8,7,14,30,330,63,"10, QUAI DES SALINIERES",,,Plein jour,En agglomération,Hors intersection,Normale,Deux véhicules - côté,,,,,,,,,,,1,2,1,1.0,3
201200025309,0012-08-08 19:50:00,12,8,8,19,50,330,63,RUE CAPDEVILLE,,,Plein jour,En agglomération,Intersection en X,Normale,Deux véhicules - côté,,,,,,,,,,,1,2,2,1.0,3
201200025310,0012-08-06 20:35:00,12,8,6,20,35,330,13,SORTIE ROCADE N?26,,,Plein jour,En agglomération,Intersection en Y,Normale,Deux véhicules - arrière,,,,,,,,,,,1,2,4,1.0,2
201200025311,0012-08-03 13:10:00,12,8,3,13,10,330,13,AVE DU PEYROU,,,Plein jour,En agglomération,Intersection en Y,Normale,Deux véhicules - côté,,,,,,,,,,,1,2,4,1.0,3
201200025312,0012-08-04 15:50:00,12,8,4,15,50,330,192,"28, CRS DU GENERAL DE GA",,,Plein jour,En agglomération,Hors intersection,Normale,Deux véhicules - arrière,,,,,,,,,,,1,2,1,1.0,2
201200025313,0012-08-14 09:05:00,12,8,14,9,5,330,281,"16, AVE PIERRE MENDES FR",,,Plein jour,En agglomération,Hors intersection,Normale,Trois véhicules et plus - collisions multiples,,,,,,,,,,,1,2,1,1.0,5
201200025314,0012-08-15 02:30:00,12,8,15,2,30,330,63,RUE ELISEE RECLUS,,,Nuit avec éclairage allumé,En agglomération,Hors intersection,Normale,Autre collision,,,,,,,,,,,5,2,1,1.0,6
201200025315,0012-08-10 17:20:00,12,8,10,17,20,330,281,AVE PRESIDENT J.F. KENNE,,,Plein jour,En agglomération,Intersection en X,Normale,Deux véhicules - côté,,,,,,,,,,,1,2,2,1.0,3
201200025316,0012-08-09 18:35:00,12,8,9,18,35,330,281,AVE DE LA LIBERATION,,,Plein jour,En agglomération,Intersection en Y,Normale,Deux véhicules - côté,,,,,,,,,,,1,2,4,1.0,3
201200025317,0012-08-12 16:30:00,12,8,12,16,30,330,281,RUE GEORGES SEURAT,,,Plein jour,En agglomération,Hors intersection,Normale,Autre collision,,,,,,,,,,,1,2,1,1.0,6
201200025318,0012-08-17 17:40:00,12,8,17,17,40,330,63,RUE DES MENUTS,,,Plein jour,En agglomération,Intersection en Y,Normale,Deux véhicules - côté,,,,,,,,,,,1,2,4,1.0,3
201200025319,0012-08-19 02:40:00,12,8,19,2,40,330,63,PCE DE LA REPUBLIQUE,,,Nuit avec éclairage allumé,En agglomération,Hors intersection,Normale,Autre collision,,,,,,,,,,,5,2,1,1.0,6
201200025320,0012-08-18 14:25:00,12,8,18,14,25,330,63,BD DU PRESIDENT WILSON,,,Plein jour,En agglomération,Intersection en T,Normale,Autre collision,,,,,,,,,,,1,2,3,1.0,6
201200025321,0012-08-17 12:20:00,12,8,17,12,20,330,63,PCE DU PALAIS,,,Plein jour,En agglomération,Intersection en X,Normale,Deux véhicules - côté,,,,,,,,,,,1,2,2,1.0,3
201200025322,0012-08-18 19:40:00,12,8,18,19,40,330,63,RUE FRANCOIS DE SOURDIS,,,Plein jour,En agglomération,Intersection en X,Normale,Deux véhicules - côté,,,,,,,,,,,1,2,2,1.0,3
201200025323,0012-08-13 10:58:00,12,8,13,10,58,330,200,RUE DE LA MORANDIERE,,,Plein jour,En agglomération,Intersection en X,Normale,Deux véhicules - côté,,,,,,,,,,,1,2,2,1.0,3
201200025324,0012-08-20 20:25:00,12,8,20,20,25,330,63,RUE SAUTEYRON,,,Plein jour,En agglomération,Intersection en T,Normale,Deux véhicules - côté,,,,,,,,,,,1,2,3,1.0,3
201200025325,0012-08-20 08:30:00,12,8,20,8,30,330,63,CRS DU MEDOC,,,Plein jour,En agglomération,Hors intersection,Normale,Deux véhicules - côté,,,,,,,,,,,1,2,1,1.0,3
201200025326,0012-08-20 22:35:00,12,8,20,22,35,330,63,PCE RENE MARAN,,,Nuit avec éclairage allumé,En agglomération,Place,Normale,Autre collision,,,,,,,,,,,5,2,7,1.0,6
201200025327,0012-08-10 08:15:00,12,8,10,8,15,330,522,RUE DE SUZON,,,Plein jour,En agglomération,Intersection en Y,Normale,Deux véhicules - côté,,,,,,,,,,,1,2,4,1.0,3
201200025328,0012-08-22 00:35:00,12,8,22,0,35,330,75,RUE DE L'AVENIR,,,Nuit avec éclairage allumé,En agglomération,Intersection en T,Normale,Deux véhicules - arrière,,,,,,,,,,,5,2,3,1.0,2
201200025329,0012-08-22 22:20:00,12,8,22,22,20,330,63,"20, QUAI DE PALUDATE",,,Nuit avec éclairage allumé,En agglomération,Hors intersection,Normale,Sans collision,,,,,,,,,,,5,2,1,1.0,7
201200025330,0012-08-16 17:40:00,12,8,16,17,40,330,281,AVE RENE CASSIN,,,Plein jour,En agglomération,Giratoire,Normale,Deux véhicules - côté,,,,,,,,,,,1,2,6,1.0,3
201200025331,0012-08-14 10:00:00,12,8,14,10,0,330,192,"05, RUE DU MOULINEAU",,,Plein jour,En agglomération,Giratoire,Normale,Autre collision,,,,,,,,,,,1,2,6,1.0,6
201200025332,0012-08-17 20:50:00,12,8,17,20,50,330,281,"69, AVE DU TRUC",,,Plein jour,En agglomération,Hors intersection,Normale,Deux véhicules - côté,,,,,,,,,,,1,2,1,1.0,3
201200025333,0012-08-23 10:30:00,12,8,23,10,30,330,63,"48, CRS GEORGES CLEMENCE",,,Plein jour,En agglomération,Intersection en T,Normale,Deux véhicules - côté,,,,,,,,,,,1,2,3,1.0,3
201200025334,0012-08-21 15:40:00,12,8,21,15,40,330,318,ALLEE DES CYPRES,,,Plein jour,En agglomération,Intersection en T,Normale,Deux véhicules - côté,,,,,,,,,,,1,2,3,1.0,3
201200025335,0012-08-22 11:30:00,12,8,22,11,30,330,550,AVE DE THOUARS,,,Plein jour,En agglomération,Intersection en T,Normale,Deux véhicules - côté,,,,,,,,,,,1,2,3,1.0,3
201200025336,0012-08-27 14:40:00,12,8,27,14,40,330,249,RUE LOUIS GENDREAU,,,Plein jour,En agglomération,Intersection en T,Normale,Deux véhicules - côté,,,,,,,,,,,1,2,3,1.0,3
201200025337,0012-08-28 20:00:00,12,8,28,20,0,330,63,RUE CARDINAL RICHAUD,,,Plein jour,En agglomération,Intersection en T,Normale,Deux véhicules - côté,,,,,,,,,,,1,2,3,1.0,3
201200025338,0012-08-27 20:35:00,12,8,27,20,35,330,63,"14, RUE DU GRAND MAURIAN",,,Plein jour,En agglomération,Intersection en X,Normale,Deux véhicules - côté,,,,,,,,,,,1,2,2,1.0,3
201200025339,0012-08-27 17:10:00,12,8,27,17,10,330,281,SORTIE ROCADE N?11,,,Plein jour,En agglomération,Giratoire,Normale,Deux véhicules - arrière,,,,,,,,,,,1,2,6,1.0,2
201200025340,0012-08-24 15:10:00,12,8,24,15,10,330,318,"1, RUE DES BOULEAUX",,,Plein jour,En agglomération,Intersection en X,Normale,Deux véhicules - côté,,,,,,,,,,,1,2,2,1.0,3
201200025341,0012-08-23 19:10:00,12,8,23,19,10,330,318,"143, AVE DU GENERAL LECL",,,Plein jour,En agglomération,Giratoire,Normale,Autre collision,,,,,,,,,,,1,2,6,1.0,6
201200025342,0012-08-30 04:20:00,12,8,30,4,20,330,63,"23, CRS ARISTIDE BRIAND",,,Nuit avec éclairage allumé,En agglomération,Intersection en X,Normale,Deux véhicules - côté,,,,,,,,,,,5,2,2,1.0,3
201200025343,0012-08-22 09:15:00,12,8,22,9,15,330,522,AVE ROUL,,,Plein jour,En agglomération,Intersection en T,Normale,Deux véhicules - côté,,,,,,,,,,,1,2,3,1.0,3
201200025344,0012-08-29 16:10:00,12,8,29,16,10,330,63,PCE MARTYRS DE LA RESIST,,,Plein jour,En agglomération,Intersection en X,Normale,Autre collision,,,,,,,,,,,1,2,2,1.0,6
201200025345,0012-08-13 08:00:00,12,8,13,8,0,330,119,CRS GAMBETTA,,,Plein jour,En agglomération,Intersection en T,Normale,Autre collision,,,,,,,,,,,1,2,3,1.0,6
201200025346,0012-08-16 18:25:00,12,8,16,18,25,330,249,AVE DE PARIS,,,Plein jour,En agglomération,Giratoire,Normale,Sans collision,,,,,,,,,,,1,2,6,1.0,7