accident_id,datetime,annee,mois,jour,heure,minute,departement,commune_insee,adresse,latitude,longitude,luminosite,agglomeration,intersection,meteo,collision,nb_vehicules,nb_usagers,nb_indemnes,nb_tues,nb_blesses_hosp,nb_blesses_legers,age_cond_1,age_cond_2,veh_type_cond_1,veh_type_cond_2,lum_code,agg_code,int_code,atm_code,col_code
201200025347,0012-08-28 18:10:00,12,8,28,18,10,330,69,"327, AVE DE LA LIBERATIO",,,Plein jour,En agglomération,Giratoire,Normale,Autre collision,,,,,,,,,,,1,2,6,1.0,6
201200025348,0012-08-25 18:00:00,12,8,25,18,0,330,318,AVE DU HAUT LEVEQUE,,,Plein jour,En agglomération,Intersection en T,Normale,Deux véhicules - côté,,,,,,,,,,,1,2,3,1.0,3
201200025349,0012-08-23 18:40:00,12,8,23,18,40,330,522,"170, CRS GAMBETTA",,,Plein jour,En agglomération,Hors intersection,Normale,Sans collision,,,,,,,,,,,1,2,1,1.0,7
201200025350,0012-08-31 07:50:00,12,8,31,7,50,330,63,"80-82, RUE DE LA BECHADE",,,Plein jour,En agglomération,Hors intersection,Normale,Autre collision,,,,,,,,,,,1,2,1,1.0,6
201200025351,0012-08-31 11:45:00,12,8,31,11,45,330,63,"204, CRS DU MEDOC",,,Plein jour,En agglomération,Hors intersection,Normale,Deux véhicules - frontale,,,,,,,,,,,1,2,1,1.0,1
201200025352,0012-08-31 17:50:00,12,8,31,17,50,330,63,"138, RUE SAINTE- CATHERI",,,Plein jour,En agglomération,Hors intersection,Normale,Autre collision,,,,,,,,,,,1,2,1,1.0,6
201200025353,0012-08-31 15:35:00,12,8,31,15,35,330,63,RUE NICOT,,,Plein jour,En agglomération,Intersection en X,Normale,Deux véhicules - côté,,,,,,,,,,,1,2,2,1.0,3
201200025354,0012-09-01 17:37:00,12,9,1,17,37,330,63,CRS CHARLES BRICAUD,,,Plein jour,En agglomération,Giratoire,Normale,Deux véhicules - côté,,,,,,,,,,,1,2,6,1.0,3
201200025355,0012-08-30 16:36:00,12,8,30,16,36,330,167,ALL DE LA GABARRE,,,Plein jour,En agglomération,Hors intersection,Normale,Autre collision,,,,,,,,,,,1,2,1,1.0,6
201200025356,0012-09-03 14:35:00,12,9,3,14,35,330,63,"05, BD DU PRESIDENT WILS",,,Plein jour,En agglomération,Intersection en X,Normale,Deux véhicules - arrière,,,,,,,,,,,1,2,2,1.0,2
201200025357,0012-09-01 19:30:00,12,9,1,19,30,330,281,"17, AVE DE LA LIBERATION",,,Plein jour,En agglomération,Intersection en X,Normale,Deux véhicules - côté,,,,,,,,,,,1,2,2,1.0,3
201200025358,0012-08-24 23:24:00,12,8,24,23,24,330,550,RTE DE LEOGNAN,,,Nuit avec éclairage allumé,En agglomération,Intersection en X,Normale,Deux véhicules - côté,,,,,,,,,,,5,2,2,1.0,3
201200025359,0012-09-01 13:40:00,12,9,1,13,40,330,281,CHEM DE LA PRINCESSE,,,Plein jour,En agglomération,Intersection en X,Pluie légère,Deux véhicules - côté,,,,,,,,,,,1,2,2,2.0,3
201200025360,0012-09-01 01:20:00,12,9,1,1,20,330,318,"50, AVE DE GRADIGNAN",,,Nuit avec éclairage allumé,En agglomération,Intersection en T,Normale,Autre collision,,,,,,,,,,,5,2,3,1.0,6
201200025361,0012-09-01 17:00:00,12,9,1,17,0,330,318,AVE DES PROVINCES,,,Plein jour,En agglomération,Intersection à plus de 4 branches,Normale,Autre collision,,,,,,,,,,,1,2,5,1.0,6
201200025362,0012-09-05 23:50:00,12,9,5,23,50,330,63,BD JOLIOT-CURIE,,,Nuit avec éclairage allumé,En agglomération,Hors intersection,Normale,Sans collision,,,,,,,,,,,5,2,1,1.0,7
201200025363,0012-09-06 17:15:00,12,9,6,17,15,330,63,RUE DAVID JOHNSTON,,,Plein jour,En agglomération,Intersection à plus de 4 branches,Normale,Autre collision,,,,,,,,,,,1,2,5,1.0,6
201200025364,0012-09-07 12:45:00,12,9,7,12,45,330,63,"39, CRS DE LA SOMME",,,Plein jour,En agglomération,Hors intersection,Normale,Deux véhicules - côté,,,,,,,,,,,1,2,1,1.0,3
201200025365,0012-09-09 03:10:00,12,9,9,3,10,330,63,CRS DE LA MARNE,,,Nuit avec éclairage allumé,En agglomération,Intersection en X,Normale,Deux véhicules - frontale,,,,,,,,,,,5,2,2,1.0,1
201200025366,0012-09-07 07:45:00,12,9,7,7,45,330,63,"24, QUAI DE LA SOUYS",,,Plein jour,En agglomération,Hors intersection,Normale,Deux véhicules - côté,,,,,,,,,,,1,2,1,1.0,3
201200025367,0012-09-08 04:45:00,12,9,8,4,45,330,63,"12, RUE ULYSSE GAYON",,,Nuit avec éclairage allumé,En agglomération,Intersection en Y,Normale,Autre collision,,,,,,,,,,,5,2,4,1.0,6
201200025368,0012-09-03 02:50:00,12,9,3,2,50,330,192,"10, RUE DE FOUQUET",,,Nuit sans éclairage public,En agglomération,Hors intersection,Normale,Autre collision,,,,,,,,,,,3,2,1,1.0,6
201200025369,0012-09-06 12:40:00,12,9,6,12,40,330,281,AVENUE DE PEYCHOTTE,,,Plein jour,En agglomération,Intersection en X,Normale,Autre collision,,,,,,,,,,,1,2,2,1.0,6
201200025370,0012-09-10 08:00:00,12,9,10,8,0,330,63,RUE LUCIEN FAURE,,,Plein jour,En agglomération,Intersection à plus de 4 branches,Pluie légère,Deux véhicules - côté,,,,,,,,,,,1,2,5,2.0,3
201200025371,0012-09-05 17:35:00,12,9,5,17,35,330,249,RUE PIERRE MENDES-FRANCE,,,Plein jour,En agglomération,Intersection en T,Normale,Deux véhicules - côté,,,,,,,,,,,1,2,3,1.0,3
201200025372,0012-09-06 16:10:00,12,9,6,16,10,330,550,AVE DES PYRENEES,,,Plein jour,En agglomération,Intersection en X,Normale,Deux véhicules - arrière,,,,,,,,,,,1,2,2,1.0,2
201200025373,0012-09-05 08:00:00,12,9,5,8,0,330,318,"127, AVE JEAN CORDIER",,,Plein jour,En agglomération,Intersection en T,Normale,Deux véhicules - côté,,,,,,,,,,,1,2,3,1.0,3
201200025374,0012-09-04 16:55:00,12,9,4,16,55,330,318,"08, AVE PIERRE CASTAING",,,Plein jour,En agglomération,Hors intersection,Normale,Deux véhicules - arrière,,,,,,,,,,,1,2,1,1.0,2
201200025375,0012-09-06 18:15:00,12,9,6,18,15,330,69,", AVE D'EYSINES",,,Plein jour,En agglomération,Autre intersection,Normale,Deux véhicules - arrière,,,,,,,,,,,1,2,9,1.0,2
201200025376,0012-09-11 11:25:00,12,9,11,11,25,330,550,"12, ALL FRANZ LISZT",,,Plein jour,En agglomération,Hors intersection,Normale,Autre collision,,,,,,,,,,,1,2,1,1.0,6
201200025377,0012-09-11 16:20:00,12,9,11,16,20,330,69,"77, BD GODARD",,,Plein jour,En agglomération,Hors intersection,Normale,Autre collision,,,,,,,,,,,1,2,1,1.0,6
201200025378,0012-09-12 06:45:00,12,9,12,6,45,330,63,RUE LUCIEN FAURE,,,Nuit avec éclairage allumé,En agglomération,Intersection à plus de 4 branches,Normale,Deux véhicules - côté,,,,,,,,,,,5,2,5,1.0,3
201200025379,0012-09-13 07:25:00,12,9,13,7,25,330,281,"8/10, AVE PIERRE MENDES",,,Plein jour,En agglomération,Hors intersection,Pluie légère,Deux véhicules - côté,,,,,,,,,,,1,2,1,2.0,3
201200025380,0012-09-08 09:00:00,12,9,8,9,0,330,249,AVE DE LA LIBERATION,,,Plein jour,En agglomération,Hors intersection,Normale,Autre collision,,,,,,,,,,,1,2,1,1.0,6
201200025381,0012-09-12 18:10:00,12,9,12,18,10,330,63,"74, RUE JEAN RENAUD DAND",,,Plein jour,En agglomération,Hors intersection,Normale,Deux véhicules - arrière,,,,,,,,,,,1,2,1,1.0,2
201200025382,0012-09-04 19:15:00,12,9,4,19,15,330,522,RUE FRANCIS DE PRESSENSE,,,Plein jour,En agglomération,Intersection en T,Normale,Trois véhicules et plus - en chaîne,,,,,,,,,,,1,2,3,1.0,4
201200025383,0012-09-13 16:30:00,12,9,13,16,30,330,63,"12, QUAI SAINTE- CROIX",,,Plein jour,En agglomération,Hors intersection,Normale,Deux véhicules - arrière,,,,,,,,,,,1,2,1,1.0,2
201200025384,0012-09-13 17:00:00,12,9,13,17,0,330,63,"08, RUE DE L'ARSENAL",,,Plein jour,En agglomération,Hors intersection,Normale,Autre collision,,,,,,,,,,,1,2,1,1.0,6
201200025385,0012-09-13 08:45:00,12,9,13,8,45,330,522,RUE DE SUZON,,,Plein jour,En agglomération,Intersection en T,Normale,Autre collision,,,,,,,,,,,1,2,3,1.0,6
201200025386,0012-09-13 12:25:00,12,9,13,12,25,330,119,RUE ANATOLE FRANCE,,,Plein jour,En agglomération,Intersection en Y,Normale,Deux véhicules - côté,,,,,,,,,,,1,2,4,1.0,3
201200025387,0012-09-16 18:30:00,12,9,16,18,30,330,63,RUE DE LYON,,,Plein jour,En agglomération,Intersection en X,Normale,Deux véhicules - côté,,,,,,,,,,,1,2,2,1.0,3
201200025388,0012-09-10 11:00:00,12,9,10,11,0,330,119,"203, AVE CARNOT",,,Plein jour,En agglomération,Hors intersection,Normale,Deux véhicules - côté,,,,,,,,,,,1,2,1,1.0,3
201200025389,0012-09-14 21:15:00,12,9,14,21,15,330,63,CRS PORTAL,,,Nuit avec éclairage allumé,En agglomération,Intersection en T,Normale,Deux véhicules - frontale,,,,,,,,,,,5,2,3,1.0,1
201200025390,0012-09-09 01:05:00,12,9,9,1,5,330,550,RTE DE TOULOUSE,,,Nuit avec éclairage allumé,En agglomération,Hors intersection,Normale,Sans collision,,,,,,,,,,,5,2,1,1.0,7
201200025391,0012-09-11 19:30:00,12,9,11,19,30,330,39,PASS DENFERT-ROCHEREAU,,,Plein jour,En agglomération,Intersection en X,Normale,Deux véhicules - côté,,,,,,,,,,,1,2,2,1.0,3
201200025392,0012-09-17 10:10:00,12,9,17,10,10,330,63,BD DU PRESIDENT WILSON,,,Plein jour,En agglomération,Intersection en X,Normale,Deux véhicules - côté,,,,,,,,,,,1,2,2,1.0,3
201200025393,0012-09-17 11:45:00,12,9,17,11,45,330,63,"208, RUE DE PESSAC",,,Plein jour,En agglomération,Hors intersection,Normale,Deux véhicules - arrière,,,,,,,,,,,1,2,1,1.0,2
201200025394,0012-09-18 09:45:00,12,9,18,9,45,330,63,AVE VERCINGETORIX,,,Plein jour,En agglomération,Intersection à plus de 4 branches,Normale,Deux véhicules - côté,,,,,,,,,,,1,2,5,1.0,3
201200025395,0012-09-12 19:00:00,12,9,12,19,0,330,39,"07, AVE LENINE",,,Plein jour,En agglomération,Hors intersection,Normale,Deux véhicules - côté,,,,,,,,,,,1,2,1,1.0,3
201200025396,0012-09-18 12:15:00,12,9,18,12,15,330,63,RUE BRIAN,,,Plein jour,En agglomération,Intersection en T,Pluie légère,Deux véhicules - côté,,,,,,,,,,,1,2,3,2.0,3
201200025397,0012-09-14 07:05:00,12,9,14,7,5,330,119,RUE DU PROFESSEUR LANGEV,,,Nuit avec éclairage allumé,En agglomération,Intersection en X,Normale,Deux véhicules - côté,,,,,,,,,,,5,2,2,1.0,3
201200025398,0012-09-18 17:10:00,12,9,18,17,10,330,63,RUE MOUNEYRA,,,Plein jour,En agglomération,Intersection en X,Pluie légère,Deux véhicules - côté,,,,,,,,,,,1,2,2,2.0,3
201200025399,0012-09-14 16:35:00,12,9,14,16,35,330,318,RUE ANDRE CHENIER,,,Plein jour,En agglomération,Intersection en X,Normale,Autre collision,,,,,,,,,,,1,2,2,1.0,6
201200025400,0012-09-13 08:40:00,12,9,13,8,40,330,281,"45, AVE DE LA MARNE",,,Plein jour,En agglomération,Hors intersection,Normale,Deux véhicules - arrière,,,,,,,,,,,1,2,1,1.0,2
201200025401,0012-09-19 11:25:00,12,9,19,11,25,330,63,RUE DOM DEVIENNE,,,Plein jour,En agglomération,Intersection en T,Normale,Autre collision,,,,,,,,,,,1,2,3,1.0,6
201200025402,0012-09-19 13:40:00,12,9,19,13,40,330,63,BD GODARD,,,Plein jour,En agglomération,Intersection à plus de 4 branches,Normale,Deux véhicules - arrière,,,,,,,,,,,1,2,5,1.0,2
201200025403,0012-09-17 17:15:00,12,9,17,17,15,330,318,"81, AVE DE SAIGE",,,Plein jour,En agglomération,Giratoire,Normale,Autre collision,,,,,,,,,,,1,2,6,1.0,6
201200025404,0012-09-13 08:40:00,12,9,13,8,40,330,522,RUE CLEMENT THOMAS,,,Plein jour,En agglomération,Intersection en X,Normale,Deux véhicules - côté,,,,,,,,,,,1,2,2,1.0,3
201200025405,0012-09-19 17:15:00,12,9,19,17,15,330,162,D. 1215,,,Plein jour,En agglomération,Hors intersection,Normale,Autre collision,,,,,,,,,,,1,2,1,1.0,6
201200025406,0012-09-23 06:20:00,12,9,23,6,20,330,63,RUE LUCIEN FAURE,,,Plein jour,En agglomération,Hors intersection,Normale,Trois véhicules et plus - collisions multiples,,,,,,,,,,,1,2,1,1.0,5
201200025407,0012-09-23 07:15:00,12,9,23,7,15,330,63,"134, CRS DE LA MARNE",,,Plein jour,En agglomération,Hors intersection,Normale,Deux véhicules - arrière,,,,,,,,,,,1,2,1,1.0,2
201200025408,0012-09-22 18:40:00,12,9,22,18,40,330,63,CRS D'ALBRET,,,Plein jour,En agglomération,Intersection en T,Normale,Autre collision,,,,,,,,,,,1,2,3,1.0,6
201200025409,0012-09-21 22:00:00,12,9,21,22,0,330,63,AVE DU GENERAL LECLERC C,,,Nuit avec éclairage allumé,En agglomération,Intersection en X,Normale,Deux véhicules - côté,,,,,,,,,,,5,2,2,1.0,3
201200025410,0012-09-19 14:11:00,12,9,19,14,11,330,69,AVE DE L'HIPPODROME,,,Plein jour,En agglomération,Hors intersection,Normale,Deux véhicules - côté,,,,,,,,,,,1,2,1,1.0,3
201200025411,0012-09-18 19:20:00,12,9,18,19,20,330,69,"270, AVE DE LA LIBERATIO",,,Plein jour,En agglomération,Hors intersection,Normale,Deux véhicules - arrière,,,,,,,,,,,1,2,1,1.0,2
201200025412,0012-09-18 18:00:00,12,9,18,18,0,330,318,"14, RUE LOCARNO",,,Plein jour,En agglomération,Hors intersection,Normale,Deux véhicules - côté,,,,,,,,,,,1,2,1,1.0,3
201200025413,0012-09-24 13:15:00,12,9,24,13,15,330,63,AVE ABADIE,,,Plein jour,En agglomération,Hors intersection,Normale,Autre collision,,,,,,,,,,,1,2,1,1.0,6
201200025414,0012-09-25 11:30:00,12,9,25,11,30,330,63,RUE DU VELODROME CAUD,,,Plein jour,En agglomération,Intersection en X,Pluie légère,Deux véhicules - côté,,,,,,,,,,,1,2,2,2.0,3
201200025415,0012-09-25 14:30:00,12,9,25,14,30,330,63,RUE THIAC,,,Plein jour,En agglomération,Intersection en T,Pluie légère,Deux véhicules - côté,,,,,,,,,,,1,2,3,2.0,3
201200025416,0012-09-25 17:45:00,12,9,25,17,45,330,63,PONT DU GUIT,,,Plein jour,En agglomération,Hors intersection,Pluie légère,Trois véhicules et plus - en chaîne,,,,,,,,,,,1,2,1,2.0,4
201200025417,0012-09-22 16:55:00,12,9,22,16,55,330,281,IMP CHARLES DARWIN,,,Plein jour,En agglomération,Hors intersection,Normale,Sans collision,,,,,,,,,,,1,2,1,1.0,7
201200025418,0012-09-20 16:40:00,12,9,20,16,40,330,281,"0, RUE FARADAY",,,Plein jour,En agglomération,Intersection en X,Normale,Autre collision,,,,,,,,,,,1,2,2,1.0,6
201200025419,0012-09-22 18:20:00,12,9,22,18,20,330,281,"72, AVE PIERRE MENDES FR",,,Plein jour,En agglomération,Hors intersection,Normale,Deux véhicules - côté,,,,,,,,,,,1,2,1,1.0,3
201200025420,0012-09-26 05:15:00,12,9,26,5,15,330,63,AVE THIERS,,,Nuit avec éclairage allumé,En agglomération,Intersection en T,Pluie légère,Autre collision,,,,,,,,,,,5,2,3,2.0,6
201200025421,0012-09-26 17:30:00,12,9,26,17,30,330,63,"8, RUE CROIX DE SEGUEY",,,Plein jour,En agglomération,Hors intersection,Pluie légère,Deux véhicules - côté,,,,,,,,,,,1,2,1,2.0,3
201200025422,0012-09-21 07:45:00,12,9,21,7,45,330,162,RUE DU MEDOC,,,Plein jour,En agglomération,Intersection en X,Normale,Deux véhicules - côté,,,,,,,,,,,1,2,2,1.0,3
201200025423,0012-09-27 14:00:00,12,9,27,14,0,330,281,AVE FRANCOIS MITTERRAND,,,Plein jour,En agglomération,Hors intersection,Normale,Deux véhicules - frontale,,,,,,,,,,,1,2,1,1.0,1
201200025424,0012-09-26 17:50:00,12,9,26,17,50,330,63,BD GEORGE V,,,Plein jour,En agglomération,Intersection en T,Pluie forte,Deux véhicules - côté,,,,,,,,,,,1,2,3,3.0,3
201200025425,0012-09-26 21:10:00,12,9,26,21,10,330,162,AVE DE MAGUDAS,,,Nuit avec éclairage allumé,En agglomération,Intersection en X,Pluie forte,Deux véhicules - côté,,,,,,,,,,,5,2,2,3.0,3
201200025426,0012-09-26 18:00:00,12,9,26,18,0,330,281,AVE FRANCOIS MITTERRAND,,,Plein jour,En agglomération,Hors intersection,Pluie forte,Deux véhicules - arrière,,,,,,,,,,,1,2,1,3.0,2
201200025427,0012-09-24 15:35:00,12,9,24,15,35,330,119,"9, RUE PASTEUR",,,Plein jour,En agglomération,Hors intersection,Normale,Autre collision,,,,,,,,,,,1,2,1,1.0,6
201200025428,0012-09-19 12:40:00,12,9,19,12,40,330,522,"88, CRS GAMBETTA",,,Plein jour,En agglomération,Intersection en T,Normale,Sans collision,,,,,,,,,,,1,2,3,1.0,7
201200025429,0012-09-19 19:00:00,12,9,19,19,0,330,318,"239, AVE PASTEUR",,,Plein jour,En agglomération,Hors intersection,Normale,Deux véhicules - côté,,,,,,,,,,,1,2,1,1.0,3
201200025430,0012-09-27 16:20:00,12,9,27,16,20,330,63,AVE DE VERDUN CAUD,,,Plein jour,En agglomération,Hors intersection,Normale,Autre collision,,,,,,,,,,,1,2,1,1.0,6
201200025431,0012-09-27 15:30:00,12,9,27,15,30,330,63,RUE DE TIVOLI,,,Plein jour,En agglomération,Intersection en X,Normale,Deux véhicules - côté,,,,,,,,,,,1,2,2,1.0,3
201200025432,0012-09-24 16:15:00,12,9,24,16,15,330,281,"70, RUE MONTGOLFIER",,,Plein jour,En agglomération,Intersection en T,Normale,Autre collision,,,,,,,,,,,1,2,3,1.0,6
201200025433,0012-09-26 12:35:00,12,9,26,12,35,330,63,CRS DU RACCORDEMENT,,,Plein jour,En agglomération,Hors intersection,Normale,Autre collision,,,,,,,,,,,1,2,1,1.0,6
201200025434,0012-09-24 13:25:00,12,9,24,13,25,330,39,RUE FERDINAND BUISSON,,,Plein jour,En agglomération,Hors intersection,Pluie légère,Deux véhicules - frontale,,,,,,,,,,,1,2,1,2.0,1
201200025435,0012-09-22 08:02:00,12,9,22,8,2,330,192,CRS DU GENERAL DE GAULLE,,,Plein jour,En agglomération,Intersection en X,Normale,Deux véhicules - côté,,,,,,,,,,,1,2,2,1.0,3
201200025436,0012-09-22 15:05:00,12,9,22,15,5,330,522,"4, RUE DE TREMEUGE",,,Plein jour,En agglomération,Intersection en T,Normale,Trois véhicules et plus - collisions multiples,,,,,,,,,,,1,2,3,1.0,5
201200025437,0012-09-21 16:26:00,12,9,21,16,26,330,522,AVE DE THOUARS,,,Plein jour,En agglomération,Hors intersection,Normale,Deux véhicules - côté,,,,,,,,,,,1,2,1,1.0,3
201200025438,0012-09-20 07:55:00,12,9,20,7,55,330,192,RUE NAUDET,,,Plein jour,En agglomération,Hors intersection,Normale,Autre collision,,,,,,,,,,,1,2,1,1.0,6
201200025439,0012-09-20 20:35:00,12,9,20,20,35,330,318,AVE JEAN JAURES,,,Nuit avec éclairage allumé,En agglomération,Intersection en T,Normale,Deux véhicules - côté,,,,,,,,,,,5,2,3,1.0,3
201200025440,0012-09-29 02:30:00,12,9,29,2,30,330,63,"222, RUE DE PESSAC",,,Nuit avec éclairage allumé,En agglomération,Intersection en X,Normale,Sans collision,,,,,,,,,,,5,2,2,1.0,7
201200025441,0012-09-30 03:40:00,12,9,30,3,40,330,63,"112, BD ALBERT 1ER",,,Nuit avec éclairage allumé,En agglomération,Hors intersection,Normale,Autre collision,,,,,,,,,,,5,2,1,1.0,6
201200025442,0012-09-22 11:30:00,12,9,22,11,30,330,39,RUE FERDINAND BUISSON,,,Plein jour,En agglomération,Intersection en T,Normale,Autre collision,,,,,,,,,,,1,2,3,1.0,6
201200025443,0012-09-30 21:35:00,12,9,30,21,35,330,550,"02, RUE PABLO NERUDA",,,Nuit avec éclairage allumé,En agglomération,Hors intersection,Normale,Sans collision,,,,,,,,,,,5,2,1,1.0,7
201200025444,0012-09-27 18:30:00,12,9,27,18,30,330,318,PCE DU CARDINAL,,,Plein jour,En agglomération,Intersection en X,Normale,Autre collision,,,,,,,,,,,1,2,2,1.0,6
201200025445,0012-10-01 17:53:00,12,10,1,17,53,330,63,CRS D'ALBRET,,,Plein jour,En agglomération,Intersection à plus de 4 branches,Normale,Autre collision,,,,,,,,,,,1,2,5,1.0,6
201200025446,0012-10-01 15:35:00,12,10,1,15,35,330,63,CRS D'ALBRET,,,Plein jour,En agglomération,Intersection en T,Normale,Autre collision,,,,,,,,,,,1,2,3,1.0,6
201200025447,0012-09-26 13:00:00,12,9,26,13,0,330,63,RUE DU COMMANDANT COUSTE,,,Plein jour,En agglomération,Intersection en T,Normale,Deux véhicules - côté,,,,,,,,,,,1,2,3,1.0,3
201200025448,0012-10-01 18:00:00,12,10,1,18,0,330,63,"369, CITE SNCF/BD JEAN J",,,Plein jour,En agglomération,Hors intersection,Normale,Deux véhicules - arrière,,,,,,,,,,,1,2,1,1.0,2
201200025449,0012-10-02 18:05:00,12,10,2,18,5,330,63,QUAI DE PALUDATE,,,Plein jour,En agglomération,Hors intersection,Temps couvert,Deux véhicules - côté,,,,,,,,,,,1,2,1,8.0,3
201200025450,0012-10-02 07:50:00,12,10,2,7,50,330,63,RUE ROSA BONHEUR,,,Plein jour,En agglomération,Intersection en X,Normale,Deux véhicules - côté,,,,,,,,,,,1,2,2,1.0,3
201200025451,0012-10-02 15:40:00,12,10,2,15,40,330,63,"33, BD ANTOINE GAUTIER",,,Plein jour,En agglomération,Hors intersection,Temps couvert,Trois véhicules et plus - en chaîne,,,,,,,,,,,1,2,1,8.0,4
201200025452,0012-10-02 19:50:00,12,10,2,19,50,330,63,CRS DE L'YSER,,,Nuit avec éclairage allumé,En agglomération,Intersection en X,Pluie légère,Deux véhicules - frontale,,,,,,,,,,,5,2,2,2.0,1
201200025453,0012-10-03 21:30:00,12,10,3,21,30,330,63,"56, CRS MARECHAL JUIN",,,Nuit avec éclairage allumé,En agglomération,Hors intersection,Normale,Deux véhicules - arrière,,,,,,,,,,,5,2,1,1.0,2
201200025454,0012-09-30 15:20:00,12,9,30,15,20,330,281,AVE MARCEL DASSAULT,,,Plein jour,En agglomération,Intersection en T,Normale,Deux véhicules - arrière,,,,,,,,,,,1,2,3,1.0,2
201200025455,0012-10-01 17:10:00,12,10,1,17,10,330,63,CRS DE LA SOMME,,,Plein jour,En agglomération,Intersection en X,Normale,Trois véhicules et plus - en chaîne,,,,,,,,,,,1,2,2,1.0,4
201200025456,0012-09-29 01:35:00,12,9,29,1,35,330,200,"16, RUE JOLIOT-CURIE",,,Nuit avec éclairage allumé,En agglomération,Hors intersection,Normale,Sans collision,,,,,,,,,,,5,2,1,1.0,7
201200025457,0012-09-28 12:15:00,12,9,28,12,15,330,162,AVE DE SAINT-MEDARD,,,Plein jour,En agglomération,Intersection en T,Normale,Deux véhicules - côté,,,,,,,,,,,1,2,3,1.0,3
201200025458,0012-09-26 14:30:00,12,9,26,14,30,330,65,ACC CENTRE COMMERCIAL AU,,,Plein jour,En agglomération,Giratoire,Normale,Autre collision,,,,,,,,,,,1,2,6,1.0,6
201200025459,0012-09-27 17:25:00,12,9,27,17,25,330,318,AVE ROGER COHE,,,Plein jour,En agglomération,Intersection en X,Normale,Autre collision,,,,,,,,,,,1,2,2,1.0,6
201200025460,0012-09-28 08:50:00,12,9,28,8,50,330,318,ALL MAINE DE BIRAN,,,Plein jour,En agglomération,Intersection à plus de 4 branches,Normale,Deux véhicules - côté,,,,,,,,,,,1,2,5,1.0,3
201200025461,0012-10-05 22:45:00,12,10,5,22,45,330,63,RUE PELLEPORT,,,Nuit avec éclairage allumé,En agglomération,Intersection en X,Normale,Autre collision,,,,,,,,,,,5,2,2,1.0,6
201200025462,0012-10-05 22:50:00,12,10,5,22,50,330,63,ALL HAUSMANN,,,Nuit avec éclairage allumé,En agglomération,Hors intersection,Normale,Autre collision,,,,,,,,,,,5,2,1,1.0,6
201200025463,0012-09-30 11:10:00,12,9,30,11,10,330,13,RN 89,,,Plein jour,En agglomération,Hors intersection,Normale,Trois véhicules et plus - en chaîne,,,,,,,,,,,1,2,1,1.0,4
201200025464,0012-09-30 12:25:00,12,9,30,12,25,330,192,AVE DE LA MADELEINE,,,Plein jour,En agglomération,Intersection en T,Temps éblouissant,Deux véhicules - côté,,,,,,,,,,,1,2,3,7.0,3
201200025465,0012-10-05 21:15:00,12,10,5,21,15,330,63,RUE JEAN DESCAS,,,Nuit avec éclairage allumé,En agglomération,Intersection en T,Normale,Deux véhicules - côté,,,,,,,,,,,5,2,3,1.0,3
201200025466,0012-10-01 09:14:00,12,10,1,9,14,330,32,RUE FRANKLIN,,,Plein jour,En agglomération,Giratoire,Normale,Deux véhicules - côté,,,,,,,,,,,1,2,6,1.0,3
201200025467,0012-10-08 02:00:00,12,10,8,2,0,330,63,RUE PAULIN,,,Nuit avec éclairage allumé,En agglomération,Intersection en X,Pluie légère,Deux véhicules - côté,,,,,,,,,,,5,2,2,2.0,3
201200025468,0012-09-28 15:15:00,12,9,28,15,15,330,249,RTE DE BASSENS,,,Plein jour,En agglomération,Hors intersection,Normale,Deux véhicules - côté,,,,,,,,,,,1,2,1,1.0,3
201200025469,0012-10-02 18:20:00,12,10,2,18,20,330,318,"243, AVE PASTEUR",,,Plein jour,En agglomération,Intersection en T,Normale,Trois véhicules et plus - collisions multiples,,,,,,,,,,,1,2,3,1.0,5
201200025470,0012-10-07 08:00:00,12,10,7,8,0,330,63,PCE DU CAPITAINE DUTERTR,,,Crépuscule ou aube,En agglomération,Intersection en X,Normale,Autre collision,,,,,,,,,,,2,2,2,1.0,6
201200025471,0012-10-05 16:30:00,12,10,5,16,30,330,281,AVE BON AIR,,,Plein jour,En agglomération,Intersection en X,Normale,Deux véhicules - côté,,,,,,,,,,,1,2,2,1.0,3
201200025472,0012-10-04 19:30:00,12,10,4,19,30,330,281,", AVE MONTESQUIEU",,,Nuit avec éclairage allumé,En agglomération,Hors intersection,Normale,Deux véhicules - arrière,,,,,,,,,,,5,2,1,1.0,2
201200025473,0012-10-03 12:59:00,12,10,3,12,59,330,318,AVE DU PRESIDENT JF KENN,,,Plein jour,En agglomération,Intersection en T,Normale,Deux véhicules - côté,,,,,,,,,,,1,2,3,1.0,3
201200025474,0012-10-03 08:00:00,12,10,3,8,0,330,550,RTE DE LEOGNAN,,,Plein jour,En agglomération,Intersection en X,Normale,Deux véhicules - côté,,,,,,,,,,,1,2,2,1.0,3
201200025475,0012-10-02 11:10:00,12,10,2,11,10,330,318,AVE ROGER CHAUMET,,,Plein jour,En agglomération,Intersection en X,Normale,Deux véhicules - côté,,,,,,,,,,,1,2,2,1.0,3
201200025476,0012-10-03 07:35:00,12,10,3,7,35,330,522,"114, RUE PEYDAVANT",,,Crépuscule ou aube,En agglomération,Hors intersection,Normale,Autre collision,,,,,,,,,,,2,2,1,1.0,6
201200025477,0012-10-04 17:10:00,12,10,4,17,10,330,119,"61, RUE DU MARECHAL FOCH",,,Plein jour,En agglomération,Hors intersection,Normale,Deux véhicules - frontale,,,,,,,,,,,1,2,1,1.0,1
201200025478,0012-10-04 11:00:00,12,10,4,11,0,330,318,AVE MAL DE LATTRE DE TAS,,,Plein jour,En agglomération,Intersection en X,Normale,Deux véhicules - arrière,,,,,,,,,,,1,2,2,1.0,2