accident_id,datetime,annee,mois,jour,heure,minute,departement,commune_insee,adresse,latitude,longitude,luminosite,agglomeration,intersection,meteo,collision,nb_vehicules,nb_usagers,nb_indemnes,nb_tues,nb_blesses_hosp,nb_blesses_legers,age_cond_1,age_cond_2,veh_type_cond_1,veh_type_cond_2,lum_code,agg_code,int_code,atm_code,col_code
201200025479,0012-10-06 10:55:00,12,10,6,10,55,330,318,AVE JEAN BART,,,Plein jour,En agglomération,Intersection en T,Normale,Deux véhicules - côté,,,,,,,,,,,1,2,3,1.0,3
201200025480,0012-10-09 15:00:00,12,10,9,15,0,330,63,CRS ARISTIDE BRIAND,,,Plein jour,En agglomération,Intersection en X,Normale,Deux véhicules - côté,,,,,,,,,,,1,2,2,1.0,3
201200025481,0012-10-09 07:35:00,12,10,9,7,35,330,63,RUE BOULAN,,,Crépuscule ou aube,En agglomération,Hors intersection,Pluie légère,Autre collision,,,,,,,,,,,2,2,1,2.0,6
201200025482,0012-10-05 07:30:00,12,10,5,7,30,330,75,MEDOC (RTE DU),,,Crépuscule ou aube,En agglomération,Giratoire,Normale,Autre collision,,,,,,,,,,,2,2,6,1.0,6
201200025483,0012-10-09 09:00:00,12,10,9,9,0,330,550,RTE DE TOULOUSE,,,Plein jour,En agglomération,Hors intersection,Pluie légère,Trois véhicules et plus - en chaîne,,,,,,,,,,,1,2,1,2.0,4
201200025484,0012-10-11 18:00:00,12,10,11,18,0,330,63,BD ALIENOR D'AQUITAINE,,,Plein jour,En agglomération,Hors intersection,Normale,Trois véhicules et plus - en chaîne,,,,,,,,,,,1,2,1,1.0,4
201200025485,0012-10-04 07:47:00,12,10,4,7,47,330,32,AVE MANON CORMIER,,,Plein jour,En agglomération,Intersection en T,Normale,Deux véhicules - arrière,,,,,,,,,,,1,2,3,1.0,2
201200025486,0012-10-09 21:50:00,12,10,9,21,50,330,192,AVE DE L'HIPPODROME,,,Nuit avec éclairage allumé,En agglomération,Intersection en X,Normale,Deux véhicules - côté,,,,,,,,,,,5,2,2,1.0,3
201200025487,0012-10-05 08:00:00,12,10,5,8,0,330,162,RUE DE LANGLET,,,Plein jour,En agglomération,Giratoire,Normale,Deux véhicules - côté,,,,,,,,,,,1,2,6,1.0,3
201200025488,0012-10-03 07:25:00,12,10,3,7,25,330,192,RUE NAUDET,,,Crépuscule ou aube,En agglomération,Intersection en Y,Pluie légère,Trois véhicules et plus - en chaîne,,,,,,,,,,,2,2,4,2.0,4
201200025489,0012-10-11 13:25:00,12,10,11,13,25,330,249,RUE EDOUARD HERRIOT,,,Plein jour,En agglomération,Hors intersection,Normale,Autre collision,,,,,,,,,,,1,2,1,1.0,6
201200025490,0012-10-13 12:58:00,12,10,13,12,58,330,63,"56, ALL DE TOURNY",,,Plein jour,En agglomération,Hors intersection,Normale,Autre collision,,,,,,,,,,,1,2,1,1.0,6
201200025491,0012-10-13 00:20:00,12,10,13,0,20,330,63,"171, RUE MOUNEYRA",,,Nuit avec éclairage allumé,En agglomération,Hors intersection,Normale,Autre collision,,,,,,,,,,,5,2,1,1.0,6
201200025492,0012-10-09 11:10:00,12,10,9,11,10,330,281,AVE DES FRERES ROBINSON,,,Plein jour,En agglomération,Intersection en X,Normale,Autre collision,,,,,,,,,,,1,2,2,1.0,6
201200025493,0012-10-09 11:00:00,12,10,9,11,0,330,63,RUE CLAUDE BONNIER,,,Plein jour,En agglomération,Hors intersection,Normale,Autre collision,,,,,,,,,,,1,2,1,1.0,6
201200025494,0012-10-09 09:30:00,12,10,9,9,30,330,63,"01, QUAI RICHELIEU",,,Plein jour,En agglomération,Intersection à plus de 4 branches,Normale,Trois véhicules et plus - collisions multiples,,,,,,,,,,,1,2,5,1.0,5
201200025495,0012-10-05 15:55:00,12,10,5,15,55,330,550,AVE MIRIEU DE LABARRE,,,Plein jour,En agglomération,Hors intersection,Normale,Deux véhicules - arrière,,,,,,,,,,,1,2,1,1.0,2
201200025496,0012-10-12 19:10:00,12,10,12,19,10,330,192,RTE DE CANEJAN,,,Nuit avec éclairage allumé,En agglomération,Intersection en X,Normale,Deux véhicules - côté,,,,,,,,,,,5,2,2,1.0,3
201200025497,0012-10-12 20:19:00,12,10,12,20,19,330,63,"28, RUE FONDAUDEGE",,,Nuit avec éclairage allumé,En agglomération,Intersection en T,Normale,Deux véhicules - côté,,,,,,,,,,,5,2,3,1.0,3
201200025498,0012-10-15 19:50:00,12,10,15,19,50,330,63,"229, RUE DE PESSAC",,,Nuit avec éclairage allumé,En agglomération,Hors intersection,Normale,Deux véhicules - côté,,,,,,,,,,,5,2,1,1.0,3
201200025499,0012-10-15 16:50:00,12,10,15,16,50,330,63,QUAI DE PALUDATE,,,Plein jour,En agglomération,Hors intersection,Normale,Deux véhicules - arrière,,,,,,,,,,,1,2,1,1.0,2
201200025500,0012-10-13 10:00:00,12,10,13,10,0,330,281,"152, CRS D'ORNANO",,,Plein jour,En agglomération,Hors intersection,Normale,Autre collision,,,,,,,,,,,1,2,1,1.0,6
201200025501,0012-10-11 07:50:00,12,10,11,7,50,330,249,AVE DE LA LIBERATION,,,Crépuscule ou aube,En agglomération,Hors intersection,Temps couvert,Autre collision,,,,,,,,,,,2,2,1,8.0,6
201200025502,0012-10-17 12:10:00,12,10,17,12,10,330,63,"258, BD DU PRESIDENT WIL",,,Plein jour,En agglomération,Hors intersection,Temps couvert,Trois véhicules et plus - collisions multiples,,,,,,,,,,,1,2,1,8.0,5
201200025503,0012-10-11 07:30:00,12,10,11,7,30,330,318,AVE MARC DESBATS,,,Crépuscule ou aube,En agglomération,Intersection en T,Normale,Autre collision,,,,,,,,,,,2,2,3,1.0,6
201200025504,0012-10-11 12:55:00,12,10,11,12,55,330,318,"20-24, AVE DE CANTERANNE",,,Plein jour,En agglomération,Hors intersection,Normale,Deux véhicules - côté,,,,,,,,,,,1,2,1,1.0,3
201200025505,0012-10-13 13:30:00,12,10,13,13,30,330,69,PCE GAMBETTA,,,Plein jour,En agglomération,Hors intersection,Normale,Autre collision,,,,,,,,,,,1,2,1,1.0,6
201200025506,0012-10-23 13:15:00,12,10,23,13,15,330,63,"75, BD PIERRE 1ER",,,Plein jour,En agglomération,Intersection en X,Normale,Deux véhicules - arrière,,,,,,,,,,,1,2,2,1.0,2
201200025507,0012-10-18 16:30:00,12,10,18,16,30,330,63,CRS DE LA MARNE,,,Plein jour,En agglomération,Intersection en Y,Normale,Autre collision,,,,,,,,,,,1,2,4,1.0,6
201200025508,0012-10-18 11:50:00,12,10,18,11,50,330,63,RUE DU TAUZIN,,,Plein jour,En agglomération,Giratoire,Normale,Deux véhicules - côté,,,,,,,,,,,1,2,6,1.0,3
201200025509,0012-10-16 08:50:00,12,10,16,8,50,330,281,AVE MARCEL DASSAULT,,,Plein jour,En agglomération,Hors intersection,Normale,Deux véhicules - côté,,,,,,,,,,,1,2,1,1.0,3
201200025510,0012-10-09 17:55:00,12,10,9,17,55,330,162,AVE DE L'HIPPODROME,,,Plein jour,En agglomération,Intersection en T,Normale,Deux véhicules - côté,,,,,,,,,,,1,2,3,1.0,3
201200025511,0012-10-17 17:00:00,12,10,17,17,0,330,281,"358, AVE DE L'ARGONNE",,,Plein jour,En agglomération,Giratoire,Normale,Deux véhicules - arrière,,,,,,,,,,,1,2,6,1.0,2
201200025512,0012-10-12 11:50:00,12,10,12,11,50,330,522,"92, CRS GAMBETTA",,,Plein jour,En agglomération,Hors intersection,Normale,Autre collision,,,,,,,,,,,1,2,1,1.0,6
201200025513,0012-10-19 22:00:00,12,10,19,22,0,330,63,RD PT DE BRIENNE,,,Nuit avec éclairage allumé,En agglomération,Intersection en Y,Pluie forte,Autre collision,,,,,,,,,,,5,2,4,3.0,6
201200025514,0012-10-16 17:00:00,12,10,16,17,0,330,65,RTE DU BORD DE L'EAU,,,Plein jour,En agglomération,Intersection en X,Normale,Deux véhicules - côté,,,,,,,,,,,1,2,2,1.0,3
201200025515,0012-10-19 08:10:00,12,10,19,8,10,330,63,"59, CRS LE ROUZIC",,,Crépuscule ou aube,En agglomération,Intersection en T,Pluie forte,Autre collision,,,,,,,,,,,2,2,3,3.0,6
201200025516,0012-10-19 20:10:00,12,10,19,20,10,330,63,AVE D'EYSINES CAUD,,,Nuit avec éclairage allumé,En agglomération,Intersection en T,Pluie légère,Autre collision,,,,,,,,,,,5,2,3,2.0,6
201200025517,0012-10-18 06:10:00,12,10,18,6,10,330,281,PCE CHARLES DE GAULLE,,,Nuit avec éclairage allumé,En agglomération,Intersection en X,Normale,Deux véhicules - côté,,,,,,,,,,,5,2,2,1.0,3
201200025518,0012-10-19 23:00:00,12,10,19,23,0,330,63,AVE JEANNE D'ARC,,,Nuit avec éclairage allumé,En agglomération,Intersection en T,Pluie forte,Deux véhicules - côté,,,,,,,,,,,5,2,3,3.0,3
201200025519,0012-10-20 03:25:00,12,10,20,3,25,330,39,RUE DU MARECHAL FOCH,,,Nuit avec éclairage allumé,En agglomération,Intersection à plus de 4 branches,Normale,Autre collision,,,,,,,,,,,5,2,5,1.0,6
201200025520,0012-10-21 09:15:00,12,10,21,9,15,330,63,BD ALFRED DANEY,,,Plein jour,En agglomération,Intersection en T,Pluie légère,Trois véhicules et plus - collisions multiples,,,,,,,,,,,1,2,3,2.0,5
201200025521,0012-10-22 21:15:00,12,10,22,21,15,330,63,CRS JOURNU AUBER,,,Nuit avec éclairage allumé,En agglomération,Intersection en X,Normale,Deux véhicules - côté,,,,,,,,,,,5,2,2,1.0,3
201200025522,0012-10-22 07:15:00,12,10,22,7,15,330,63,BD GODARD,,,Nuit avec éclairage allumé,En agglomération,Intersection à plus de 4 branches,Pluie légère,Deux véhicules - arrière,,,,,,,,,,,5,2,5,2.0,2
201200025523,0012-10-22 07:40:00,12,10,22,7,40,330,63,RUE STEHELIN CAUD,,,Nuit avec éclairage allumé,En agglomération,Intersection en T,Pluie légère,Deux véhicules - côté,,,,,,,,,,,5,2,3,2.0,3
201200025524,0012-10-18 19:25:00,12,10,18,19,25,330,281,AVE DE FONCASTEL,,,Nuit sans éclairage public,En agglomération,Intersection en X,Normale,Deux véhicules - côté,,,,,,,,,,,3,2,2,1.0,3
201200025525,0012-10-19 11:30:00,12,10,19,11,30,330,281,AVE DE LA LIBERATION,,,Plein jour,En agglomération,Intersection à plus de 4 branches,Pluie légère,Autre collision,,,,,,,,,,,1,2,5,2.0,6
201200025526,0012-10-22 15:30:00,12,10,22,15,30,330,63,"494, BD ALFRED DANEY",,,Plein jour,En agglomération,Hors intersection,Normale,Deux véhicules - côté,,,,,,,,,,,1,2,1,1.0,3
201200025527,0012-10-22 08:10:00,12,10,22,8,10,330,281,AVE RENE CASSIN,,,Plein jour,En agglomération,Giratoire,Pluie légère,Autre collision,,,,,,,,,,,1,2,6,2.0,6
201200025528,0012-10-22 16:15:00,12,10,22,16,15,330,281,RUE MARCELIN BERTHELOT,,,Plein jour,En agglomération,Intersection en X,Normale,Deux véhicules - côté,,,,,,,,,,,1,2,2,1.0,3
201200025529,0012-10-20 13:30:00,12,10,20,13,30,330,200,RUE DU MEDOC,,,Plein jour,En agglomération,Intersection en T,Pluie légère,Deux véhicules - côté,,,,,,,,,,,1,2,3,2.0,3
201200025530,0012-10-23 18:45:00,12,10,23,18,45,330,63,RUE JULES MICHELET CAUD,,,Nuit avec éclairage allumé,En agglomération,Intersection en X,Normale,Deux véhicules - côté,,,,,,,,,,,5,2,2,1.0,3
201200025531,0012-10-24 14:12:00,12,10,24,14,12,330,63,RUE BARREYRE,,,Plein jour,En agglomération,Intersection en X,Normale,Deux véhicules - côté,,,,,,,,,,,1,2,2,1.0,3
201200025532,0012-10-26 02:35:00,12,10,26,2,35,330,63,"36, CRS VICTOR HUGO",,,Nuit avec éclairage allumé,En agglomération,Intersection en T,Normale,Autre collision,,,,,,,,,,,5,2,3,1.0,6
201200025533,0012-10-18 07:05:00,12,10,18,7,5,330,13,"29 bis, AVE DE LA MOUNE",,,Nuit avec éclairage allumé,En agglomération,Hors intersection,Normale,Autre collision,,,,,,,,,,,5,2,1,1.0,6
201200025534,0012-10-19 12:10:00,12,10,19,12,10,330,281,AVE GEORGE V,,,Plein jour,En agglomération,Intersection en X,Pluie légère,Deux véhicules - côté,,,,,,,,,,,1,2,2,2.0,3
201200025535,0012-10-20 01:35:00,12,10,20,1,35,330,550,"161, CHEM DE LEYSOTTE",,,Nuit avec éclairage allumé,En agglomération,Hors intersection,Pluie légère,Autre collision,,,,,,,,,,,5,2,1,2.0,6
201200025536,0012-10-25 20:10:00,12,10,25,20,10,330,63,RUE DELBOS,,,Nuit avec éclairage allumé,En agglomération,Intersection en X,Normale,Deux véhicules - côté,,,,,,,,,,,5,2,2,1.0,3
201200025537,0012-10-26 02:05:00,12,10,26,2,5,330,63,"89, RUE JUDAIQUE",,,Nuit avec éclairage allumé,En agglomération,Hors intersection,Normale,Autre collision,,,,,,,,,,,5,2,1,1.0,6
201200025538,0012-10-23 11:20:00,12,10,23,11,20,330,63,"105, RUE BERTRAND DE GOT",,,Plein jour,En agglomération,Intersection en T,Normale,Trois véhicules et plus - en chaîne,,,,,,,,,,,1,2,3,1.0,4
201200025539,0012-10-27 12:05:00,12,10,27,12,5,330,63,CRS VICTOR HUGO,,,Plein jour,En agglomération,Intersection en T,Normale,Deux véhicules - côté,,,,,,,,,,,1,2,3,1.0,3
201200025540,0012-10-26 15:50:00,12,10,26,15,50,330,63,PCE DE L'EGLISE SAINT AU,,,Plein jour,En agglomération,Intersection en X,Normale,Deux véhicules - côté,,,,,,,,,,,1,2,2,1.0,3
201200025541,0012-10-26 19:45:00,12,10,26,19,45,330,63,QUAI DE BACALAN,,,Nuit avec éclairage allumé,En agglomération,Intersection en T,Normale,Deux véhicules - côté,,,,,,,,,,,5,2,3,1.0,3
201200025542,0012-10-26 16:35:00,12,10,26,16,35,330,63,AVE DE LAROQUE,,,Plein jour,En agglomération,Hors intersection,Normale,Autre collision,,,,,,,,,,,1,2,1,1.0,6
201200025543,0012-10-22 12:35:00,12,10,22,12,35,330,550,"509, RTE DE TOULOUSE",,,Plein jour,En agglomération,Hors intersection,Pluie légère,Deux véhicules - côté,,,,,,,,,,,1,2,1,2.0,3
201200025544,0012-10-22 18:00:00,12,10,22,18,0,330,318,BD SAINT MARTIN,,,Crépuscule ou aube,En agglomération,Intersection en X,Normale,Autre collision,,,,,,,,,,,2,2,2,1.0,6
201200025545,0012-10-29 22:55:00,12,10,29,22,55,330,63,CRS DE L'ARGONNE,,,Nuit avec éclairage allumé,En agglomération,Intersection en X,Normale,Deux véhicules - côté,,,,,,,,,,,5,2,2,1.0,3
201200025546,0012-10-23 21:15:00,12,10,23,21,15,330,162,AVE RENE ANTOUNE,,,Nuit avec éclairage allumé,En agglomération,Hors intersection,Normale,Deux véhicules - côté,,,,,,,,,,,5,2,1,1.0,3
201200025547,0012-10-23 14:15:00,12,10,23,14,15,330,162,RUE DES FRERES LUMIERE,,,Plein jour,En agglomération,Intersection en X,Normale,Deux véhicules - côté,,,,,,,,,,,1,2,2,1.0,3
201200025548,0012-10-25 12:45:00,12,10,25,12,45,330,281,"9, AVE MAL DE LATTRE DE",,,Plein jour,En agglomération,Hors intersection,Pluie légère,Deux véhicules - côté,,,,,,,,,,,1,2,1,2.0,3
201200025549,0012-10-29 18:15:00,12,10,29,18,15,330,63,RUE DE BEGLES,,,Nuit avec éclairage allumé,En agglomération,Intersection en X,Normale,Autre collision,,,,,,,,,,,5,2,2,1.0,6
201200025550,0012-10-18 08:04:00,12,10,18,8,4,330,69,BD PIERRE 1ER,,,Plein jour,En agglomération,Intersection en X,Pluie légère,Deux véhicules - côté,,,,,,,,,,,1,2,2,2.0,3
201200025551,0012-10-27 11:20:00,12,10,27,11,20,330,63,QUAI SAINTE- CROIX,,,Plein jour,En agglomération,Hors intersection,Normale,Deux véhicules - arrière,,,,,,,,,,,1,2,1,1.0,2
201200025552,0012-10-26 16:00:00,12,10,26,16,0,330,281,AVE DE LA LIBERATION,,,Plein jour,En agglomération,Intersection à plus de 4 branches,Normale,Deux véhicules - côté,,,,,,,,,,,1,2,5,1.0,3
201200025553,0012-10-31 14:35:00,12,10,31,14,35,330,69,"46, AVE DE LA LIBERATION",,,Plein jour,En agglomération,Hors intersection,Normale,Autre collision,,,,,,,,,,,1,2,1,1.0,6
201200025554,0012-10-31 16:05:00,12,10,31,16,5,330,281,AVE DE LA LIBERATION,,,Plein jour,Hors agglomération,Giratoire,Normale,Autre collision,,,,,,,,,,,1,1,6,1.0,6
201200025555,0012-10-29 07:00:00,12,10,29,7,0,330,281,AVE MARCEL DASSAULT,,,Plein jour,En agglomération,Intersection en X,Normale,Deux véhicules - côté,,,,,,,,,,,1,2,2,1.0,3
201200025556,0012-10-29 15:43:00,12,10,29,15,43,330,13,AVE DU PEYROU,,,Plein jour,En agglomération,Intersection en T,Normale,Trois véhicules et plus - collisions multiples,,,,,,,,,,,1,2,3,1.0,5
201200025557,0012-10-31 17:00:00,12,10,31,17,0,330,63,CRS BALGUERIE STUTTENBER,,,Plein jour,En agglomération,Intersection en X,Normale,Deux véhicules - côté,,,,,,,,,,,1,2,2,1.0,3
201200025558,0012-11-01 18:00:00,12,11,1,18,0,330,63,"108, RUE SAINTE- CATHERI",,,Nuit avec éclairage allumé,En agglomération,Hors intersection,Pluie légère,Autre collision,,,,,,,,,,,5,2,1,2.0,6
201200025559,0012-10-23 08:00:00,12,10,23,8,0,330,522,RUE JEAN RACINE,,,Crépuscule ou aube,En agglomération,Giratoire,Brouillard / fumée,Sans collision,,,,,,,,,,,2,2,6,5.0,7
201200025560,0012-11-04 06:35:00,12,11,4,6,35,330,63,"13, CRS DE LA MARNE",,,Nuit avec éclairage allumé,En agglomération,Hors intersection,Normale,Autre collision,,,,,,,,,,,5,2,1,1.0,6
201200025561,0012-11-03 16:05:00,12,11,3,16,5,330,63,RUE SAINTE COLOMBE,,,Plein jour,En agglomération,Intersection en X,Pluie légère,Deux véhicules - côté,,,,,,,,,,,1,2,2,2.0,3
201200025562,0012-11-02 17:00:00,12,11,2,17,0,330,63,RUE DES FRANCAIS LIBRES,,,Plein jour,En agglomération,Hors intersection,Pluie légère,Deux véhicules - côté,,,,,,,,,,,1,2,1,2.0,3
201200025563,0012-10-30 14:25:00,12,10,30,14,25,330,63,"10, RUE DES FRERES PORTM",,,Plein jour,En agglomération,Hors intersection,Normale,Autre collision,,,,,,,,,,,1,2,1,1.0,6
201200025564,0012-10-19 11:40:00,12,10,19,11,40,330,192,RUE DE LA CROIX DE MONJO,,,Plein jour,En agglomération,Giratoire,Pluie légère,Deux véhicules - côté,,,,,,,,,,,1,2,6,2.0,3
201200025565,0012-11-05 10:15:00,12,11,5,10,15,330,63,RUE PIERRE BAOUR,,,Plein jour,En agglomération,Intersection en X,Pluie forte,Deux véhicules - côté,,,,,,,,,,,1,2,2,3.0,3
201200025566,0012-11-06 08:20:00,12,11,6,8,20,330,63,RUE PAUL BERTHELOT,,,Plein jour,En agglomération,Intersection en T,Temps couvert,Deux véhicules - côté,,,,,,,,,,,1,2,3,8.0,3
201200025567,0012-11-05 08:50:00,12,11,5,8,50,330,63,QUAI DE LA SOUYS,,,Plein jour,En agglomération,Intersection en T,Pluie légère,Trois véhicules et plus - collisions multiples,,,,,,,,,,,1,2,3,2.0,5
201200025568,0012-10-30 12:15:00,12,10,30,12,15,330,39,"115, AVE LUCIEN LEROUSSE",,,Plein jour,En agglomération,Hors intersection,Normale,Deux véhicules - côté,,,,,,,,,,,1,2,1,1.0,3
201200025569,0012-11-06 14:50:00,12,11,6,14,50,330,63,"45, CRS DE VERDUN",,,Plein jour,En agglomération,Hors intersection,Normale,Autre collision,,,,,,,,,,,1,2,1,1.0,6
201200025570,0012-11-01 21:45:00,12,11,1,21,45,330,119,RUE ULYSSE MASSIAS,,,Nuit avec éclairage allumé,En agglomération,Intersection en T,Pluie légère,Sans collision,,,,,,,,,,,5,2,3,2.0,7
201200025571,0012-11-07 22:20:00,12,11,7,22,20,330,63,PCE GALIENE,,,Nuit avec éclairage allumé,En agglomération,Intersection en X,Normale,Deux véhicules - côté,,,,,,,,,,,5,2,2,1.0,3
201200025572,0012-11-07 17:15:00,12,11,7,17,15,330,63,RUE SUFFREN,,,Crépuscule ou aube,En agglomération,Hors intersection,Normale,Deux véhicules - côté,,,,,,,,,,,2,2,1,1.0,3
201200025573,0012-11-07 19:00:00,12,11,7,19,0,330,63,RUE ALBERT THOMAS,,,Nuit avec éclairage allumé,En agglomération,Intersection en Y,Normale,Deux véhicules - côté,,,,,,,,,,,5,2,4,1.0,3
201200025574,0012-11-07 14:05:00,12,11,7,14,5,330,63,"49, QUAI RICHELIEU",,,Plein jour,En agglomération,Intersection en T,Normale,Autre collision,,,,,,,,,,,1,2,3,1.0,6
201200025575,0012-11-07 11:00:00,12,11,7,11,0,330,63,CRS DE LA MARTINIQUE,,,Plein jour,En agglomération,Intersection en X,Normale,Autre collision,,,,,,,,,,,1,2,2,1.0,6
201200025576,0012-11-07 19:30:00,12,11,7,19,30,330,63,CRS DE LA SOMME,,,Nuit avec éclairage allumé,En agglomération,Intersection en X,Normale,Autre collision,,,,,,,,,,,5,2,2,1.0,6
201200025577,0012-11-02 15:45:00,12,11,2,15,45,330,69,"227, AVE DE TIVOLI",,,Plein jour,En agglomération,Hors intersection,Normale,Deux véhicules - côté,,,,,,,,,,,1,2,1,1.0,3
201200025578,0012-11-09 01:10:00,12,11,9,1,10,330,63,QUAI DE PALUDATE,,,Nuit avec éclairage allumé,En agglomération,Intersection en X,Normale,Autre collision,,,,,,,,,,,5,2,2,1.0,6
201200025579,0012-11-08 23:30:00,12,11,8,23,30,330,63,CRS DE VERDUN,,,Nuit avec éclairage allumé,En agglomération,Intersection à plus de 4 branches,Normale,Deux véhicules - côté,,,,,,,,,,,5,2,5,1.0,3
201200025580,0012-11-06 17:35:00,12,11,6,17,35,330,162,", AVE DU MEDOC",,,Crépuscule ou aube,En agglomération,Hors intersection,Normale,Deux véhicules - côté,,,,,,,,,,,2,2,1,1.0,3
201200025581,0012-11-04 19:10:00,12,11,4,19,10,330,13,RN 89,,,Nuit avec éclairage allumé,En agglomération,Hors intersection,Normale,Trois véhicules et plus - en chaîne,,,,,,,,,,,5,2,1,1.0,4
201200025582,0012-11-01 19:45:00,12,11,1,19,45,330,281,AVE DE LA MARNE,,,Nuit avec éclairage allumé,En agglomération,Intersection en X,Pluie légère,Deux véhicules - côté,,,,,,,,,,,5,2,2,2.0,3
201200025583,0012-11-11 12:00:00,12,11,11,12,0,330,63,RUE CASTEJA,,,Plein jour,En agglomération,Intersection en X,Normale,Deux véhicules - côté,,,,,,,,,,,1,2,2,1.0,3
201200025584,0012-10-30 16:25:00,12,10,30,16,25,330,69,RUE FORMIGE,,,Plein jour,En agglomération,Intersection en X,Normale,Autre collision,,,,,,,,,,,1,2,2,1.0,6
201200025585,0012-11-11 20:00:00,12,11,11,20,0,330,63,CRS DU MEDOC,,,Nuit avec éclairage allumé,En agglomération,Intersection en X,Normale,Autre collision,,,,,,,,,,,5,2,2,1.0,6
201200025586,0012-11-08 12:20:00,12,11,8,12,20,330,281,AVE MARCEL DASSAULT,,,Plein jour,En agglomération,Hors intersection,Normale,Deux véhicules - arrière,,,,,,,,,,,1,2,1,1.0,2
201200025587,0012-11-12 07:40:00,12,11,12,7,40,330,63,"259, RUE DE LA BENAUGE",,,Crépuscule ou aube,En agglomération,Intersection en Y,Brouillard / fumée,Trois véhicules et plus - collisions multiples,,,,,,,,,,,2,2,4,5.0,5
201200025588,0012-11-06 16:00:00,12,11,6,16,0,330,281,RUE MARCELIN BERTHELOT,,,Plein jour,En agglomération,Intersection en X,Normale,Deux véhicules - côté,,,,,,,,,,,1,2,2,1.0,3
201200025589,0012-11-09 08:25:00,12,11,9,8,25,330,63,PCE AMELIE RABA LEON,,,Plein jour,En agglomération,Giratoire,Normale,Deux véhicules - arrière,,,,,,,,,,,1,2,6,1.0,2
201200025590,0012-11-11 21:00:00,12,11,11,21,0,330,550,RUE JEAN MONNET,,,Nuit avec éclairage allumé,En agglomération,Hors intersection,Normale,Autre collision,,,,,,,,,,,5,2,1,1.0,6
201200025591,0012-11-08 16:30:00,12,11,8,16,30,330,281,"34, AVE DE LA GRANGE NOI",,,Plein jour,En agglomération,Hors intersection,Normale,Trois véhicules et plus - collisions multiples,,,,,,,,,,,1,2,1,1.0,5
201200025592,0012-11-04 23:20:00,12,11,4,23,20,330,249,AVE DE PARIS,,,Nuit avec éclairage allumé,En agglomération,Intersection en X,Pluie légère,Deux véhicules - côté,,,,,,,,,,,5,2,2,2.0,3
201200025593,0012-11-02 05:20:00,12,11,2,5,20,330,318,AVE MONTAIGNE,,,Nuit avec éclairage allumé,En agglomération,Intersection en Y,Pluie forte,Autre collision,,,,,,,,,,,5,2,4,3.0,6
201200025594,0012-11-04 05:08:00,12,11,4,5,8,330,39,"11, RUE DU PRECHE",,,Nuit sans éclairage public,En agglomération,Hors intersection,Normale,Autre collision,,,,,,,,,,,3,2,1,1.0,6
201200025595,0012-11-04 20:50:00,12,11,4,20,50,330,550,"1, CHEM DU TILLON",,,Nuit avec éclairage allumé,En agglomération,Intersection en T,Pluie légère,Sans collision,,,,,,,,,,,5,2,3,2.0,7
201200025596,0012-11-09 23:30:00,12,11,9,23,30,330,63,CRS JULES LADOUMEGUE,,,Nuit avec éclairage allumé,En agglomération,Giratoire,Normale,Deux véhicules - côté,,,,,,,,,,,5,2,6,1.0,3
201200025597,0012-11-12 18:30:00,12,11,12,18,30,330,69,"166, AVE D'EYSINES",,,Nuit avec éclairage allumé,En agglomération,Hors intersection,Normale,Trois véhicules et plus - collisions multiples,,,,,,,,,,,5,2,1,1.0,5
201200025598,0012-11-07 12:00:00,12,11,7,12,0,330,39,"278, RTE DE TOULOUSE",,,Plein jour,En agglomération,Intersection en T,Normale,Autre collision,,,,,,,,,,,1,2,3,1.0,6
201200025599,0012-11-05 19:10:00,12,11,5,19,10,330,119,AVE JEAN ZAY,,,Nuit avec éclairage allumé,En agglomération,Intersection en T,Pluie légère,Deux véhicules - arrière,,,,,,,,,,,5,2,3,2.0,2
201200025600,0012-11-09 08:15:00,12,11,9,8,15,330,281,"262, AVE D'ARES",,,Crépuscule ou aube,En agglomération,Hors intersection,Normale,Autre collision,,,,,,,,,,,2,2,1,1.0,6
201200025601,0012-11-10 23:55:00,12,11,10,23,55,330,69,"74, RTE DU MEDOC",,,Nuit avec éclairage allumé,En agglomération,Giratoire,Normale,Sans collision,,,,,,,,,,,5,2,6,1.0,7
201200025602,0012-11-14 18:00:00,12,11,14,18,0,330,63,RUE DE LA MISSION DU HAU,,,Nuit avec éclairage allumé,En agglomération,Giratoire,Normale,Deux véhicules - côté,,,,,,,,,,,5,2,6,1.0,3
201200025603,0012-11-14 13:10:00,12,11,14,13,10,330,63,RUE DU TAUZIN,,,Plein jour,En agglomération,Giratoire,Normale,Autre collision,,,,,,,,,,,1,2,6,1.0,6
201200025604,0012-11-10 10:29:00,12,11,10,10,29,330,522,"19, RUE HENRY DE MONTHER",,,Plein jour,En agglomération,Intersection en T,Pluie légère,Autre collision,,,,,,,,,,,1,2,3,2.0,6
201200025605,0012-11-09 01:07:00,12,11,9,1,7,330,522,"24, RUE MARCELLIN BERTHE",,,Nuit avec éclairage allumé,En agglomération,Hors intersection,Normale,Autre collision,,,,,,,,,,,5,2,1,1.0,6
201200025606,0012-11-15 11:00:00,12,11,15,11,0,330,63,RUE LOUIS MIE,,,Plein jour,En agglomération,Intersection en X,Normale,Trois véhicules et plus - collisions multiples,,,,,,,,,,,1,2,2,1.0,5
201200025607,0012-11-12 18:30:00,12,11,12,18,30,330,200,RUE TOUSSAINT CATROS,,,Nuit sans éclairage public,En agglomération,Hors intersection,Normale,Trois véhicules et plus - collisions multiples,,,,,,,,,,,3,2,1,1.0,5