accident_id,datetime,annee,mois,jour,heure,minute,departement,commune_insee,adresse,latitude,longitude,luminosite,agglomeration,intersection,meteo,collision,nb_vehicules,nb_usagers,nb_indemnes,nb_tues,nb_blesses_hosp,nb_blesses_legers,age_cond_1,age_cond_2,veh_type_cond_1,veh_type_cond_2,lum_code,agg_code,int_code,atm_code,col_code
201200025981,0012-03-25 17:00:00,12,3,25,17,0,340,129,PALAVAS D986 (ROUTE DE),43.55736,3.89282,Plein jour,En agglomération,Hors intersection,Normale,Autre collision,,,,,,,,,,,1,2,1,1.0,6
201200025982,0012-03-24 12:20:00,12,3,24,12,20,340,172,"0, EINSTEIN (AVENUE ALBE",43.61195,3.93005,Plein jour,En agglomération,Intersection en X,Normale,Deux véhicules - côté,,,,,,,,,,,1,2,2,1.0,3
201200025983,0012-03-27 18:05:00,12,3,27,18,5,340,270,"2711, LAVERUNE (ROUTE DE",43.59272,3.82781,Plein jour,Hors agglomération,Hors intersection,Normale,Deux véhicules - côté,,,,,,,,,,,1,1,1,1.0,3
201200025984,0012-03-28 16:20:00,12,3,28,16,20,340,172,"99, PALAVAS (AVENUE DE)",43.59356,3.88928,Plein jour,En agglomération,Hors intersection,Normale,Sans collision,,,,,,,,,,,1,2,1,1.0,7
201200025985,0012-03-28 18:00:00,12,3,28,18,0,340,172,"0, VIEILLE POSTE (RUE DE",43.6114,3.90073,Plein jour,En agglomération,Intersection en Y,Normale,Deux véhicules - frontale,,,,,,,,,,,1,2,4,1.0,1
201200025986,0012-03-29 15:40:00,12,3,29,15,40,340,172,"553, SOULAS (AVENUE DU P",43.61917,3.86151,Plein jour,En agglomération,Hors intersection,Normale,Deux véhicules - côté,,,,,,,,,,,1,2,1,1.0,3
201200025987,0012-03-29 08:55:00,12,3,29,8,55,340,172,"0, CHATEAU D'O (ROND-POI",43.6314,3.84275,Plein jour,En agglomération,Hors intersection,Normale,Deux véhicules - arrière,,,,,,,,,,,1,2,1,1.0,2
201200025988,0012-03-31 16:00:00,12,3,31,16,0,340,172,DUBOUT (AVENUE ALBERT),43.59699,3.8806,Plein jour,En agglomération,Intersection en T,Normale,Deux véhicules - côté,,,,,,,,,,,1,2,3,1.0,3
201200025989,0012-04-03 09:00:00,12,4,3,9,0,340,129,D116,43.56384,3.86804,Plein jour,En agglomération,Hors intersection,Normale,Autre collision,,,,,,,,,,,1,2,1,1.0,6
201200025990,0012-04-04 04:05:00,12,4,4,4,5,340,172,MENDES FRANCE (AVENUE PR,43.6074,3.91753,Nuit avec éclairage allumé,Hors agglomération,Hors intersection,Normale,Sans collision,,,,,,,,,,,5,1,1,1.0,7
201200025991,0012-04-04 07:20:00,12,4,4,7,20,340,129,"0, PALAVAS D986 (ROUTE D",43.57567,3.89683,Nuit avec éclairage allumé,Hors agglomération,Hors intersection,Normale,Sans collision,,,,,,,,,,,5,1,1,1.0,7
201200025992,0012-04-03 20:15:00,12,4,3,20,15,340,172,"0, GRASSET (AVENUE DU PR",43.62161,3.86845,Nuit avec éclairage allumé,En agglomération,Intersection en X,Temps couvert,Sans collision,,,,,,,,,,,5,2,2,8.0,7
201200025993,0012-04-05 08:25:00,12,4,5,8,25,340,172,"0, BERTHELOT (BOULEVARD)",43.59952,3.87423,Plein jour,En agglomération,Intersection en T,Temps couvert,Deux véhicules - côté,,,,,,,,,,,1,2,3,8.0,3
201200025994,0012-04-06 09:20:00,12,4,6,9,20,340,172,FERRY (RUE JULES),43.60517,3.88085,Plein jour,En agglomération,Hors intersection,Temps couvert,Deux véhicules - côté,,,,,,,,,,,1,2,1,8.0,3
201200025995,0012-04-06 14:15:00,12,4,6,14,15,340,172,"., POSEIDON (RUE)",43.60681,3.89397,Plein jour,En agglomération,Intersection en X,Normale,Deux véhicules - frontale,,,,,,,,,,,1,2,2,1.0,1
201200025996,0012-04-06 13:00:00,12,4,6,13,0,340,172,PALAVAS (AVENUE DE),43.59534,3.88808,Plein jour,En agglomération,Intersection en X,Normale,Autre collision,,,,,,,,,,,1,2,2,1.0,6
201200025997,0012-04-06 18:00:00,12,4,6,18,0,340,172,"42, ASSAS (AVENUE D')",43.61492,3.86433,Plein jour,En agglomération,Hors intersection,Normale,Autre collision,,,,,,,,,,,1,2,1,1.0,6
201200025998,0012-04-08 03:35:00,12,4,8,3,35,340,172,"SANS, VANIERES (AVENUE D",43.59661,3.84489,Nuit avec éclairage allumé,En agglomération,Intersection en X,Normale,Deux véhicules - arrière,,,,,,,,,,,5,2,2,1.0,2
201200025999,0012-04-08 18:40:00,12,4,8,18,40,340,172,"0, EUROPE (AVENUE DE L')",43.63413,3.82264,Plein jour,En agglomération,Intersection en X,Normale,Deux véhicules - arrière,,,,,,,,,,,1,2,2,1.0,2
201200026000,0012-04-09 15:30:00,12,4,9,15,30,340,172,"0, MONTELS L' EGLISE (R",43.57855,3.87678,Plein jour,En agglomération,Hors intersection,Normale,Deux véhicules - côté,,,,,,,,,,,1,2,1,1.0,3
201200026001,0012-04-09 22:45:00,12,4,9,22,45,340,172,"SANS, LAVERUNE (ROUTE DE",43.60183,3.85243,Nuit avec éclairage allumé,En agglomération,Intersection en T,Normale,Deux véhicules - côté,,,,,,,,,,,5,2,3,1.0,3
201200026002,0012-04-10 12:50:00,12,4,10,12,50,340,172,"155, NOUVEAU MONDE (ALLE",43.60729,3.88854,Plein jour,En agglomération,Hors intersection,Pluie légère,Deux véhicules - côté,,,,,,,,,,,1,2,1,2.0,3
201200026003,0012-04-10 15:05:00,12,4,10,15,5,340,172,"sans, JANVIER (RUE GUILL",43.59618,3.86562,Plein jour,En agglomération,Hors intersection,Temps couvert,Deux véhicules - côté,,,,,,,,,,,1,2,1,8.0,3
201200026004,0012-04-12 17:30:00,12,4,12,17,30,340,172,"., MONDIAL 98 (AVENUE DU",43.60348,3.91012,Plein jour,En agglomération,Hors intersection,Normale,Deux véhicules - arrière,,,,,,,,,,,1,2,1,1.0,2
201200026005,0012-04-13 17:15:00,12,4,13,17,15,340,129,"5, D132",43.57219,3.8945,Plein jour,En agglomération,Hors intersection,Temps couvert,Autre collision,,,,,,,,,,,1,2,1,8.0,6
201200026006,0012-04-18 06:25:00,12,4,18,6,25,340,172,"32, FIGAIRASSE (RUE DE L",43.60625,3.85189,Plein jour,En agglomération,Hors intersection,Normale,Autre collision,,,,,,,,,,,1,2,1,1.0,6
201200026007,0012-04-18 14:25:00,12,4,18,14,25,340,198,D21E,43.56586,3.95718,Plein jour,En agglomération,Hors intersection,Normale,Autre collision,,,,,,,,,,,1,2,1,1.0,6
201200026008,0012-04-18 15:55:00,12,4,18,15,55,340,172,"sans, GOSSEC (RUE FRANCO",43.57634,3.87272,Plein jour,En agglomération,Hors intersection,Normale,Trois véhicules et plus - en chaîne,,,,,,,,,,,1,2,1,1.0,4
201200026009,0012-04-18 16:15:00,12,4,18,16,15,340,172,"2, TOULOUSE (AVENUE DE",43.60074,3.86763,Plein jour,En agglomération,Hors intersection,Normale,Deux véhicules - arrière,,,,,,,,,,,1,2,1,1.0,2
201200026010,0012-04-20 18:50:00,12,4,20,18,50,340,172,"0, SAINT VINCENT DE PAUL",43.62173,3.87453,Plein jour,En agglomération,Intersection en T,Normale,Deux véhicules - côté,,,,,,,,,,,1,2,3,1.0,3
201200026011,0012-04-24 07:50:00,12,4,24,7,50,340,172,"75, LAVERUNE (ROUTE DE",43.602,3.85294,Plein jour,En agglomération,Hors intersection,Temps couvert,Autre collision,,,,,,,,,,,1,2,1,8.0,6
201200026012,0012-04-24 19:00:00,12,4,24,19,0,340,172,"., ALCO (RUE D'",43.62253,3.835,Plein jour,En agglomération,Intersection en X,Normale,Deux véhicules - côté,,,,,,,,,,,1,2,2,1.0,3
201200026013,0012-04-25 09:20:00,12,4,25,9,20,340,172,DUBOUT (AVENUE ALBERT),43.59695,3.87777,Plein jour,En agglomération,Hors intersection,Normale,Deux véhicules - côté,,,,,,,,,,,1,2,1,1.0,3
201200026014,0012-04-26 07:00:00,12,4,26,7,0,340,198,"., D66  VOIE RAPIDE",43.56472,3.95825,Crépuscule ou aube,Hors agglomération,Hors intersection,Temps couvert,Autre collision,,,,,,,,,,,2,1,1,8.0,6
201200026015,0012-04-27 00:20:00,12,4,27,0,20,340,172,RABIN (PLACE YITZHAK),43.58698,3.87261,Nuit avec éclairage allumé,En agglomération,Hors intersection,Normale,Sans collision,,,,,,,,,,,5,2,1,1.0,7
201200026016,0012-04-27 12:30:00,12,4,27,12,30,340,172,VIEILLE POSTE (RUE DE LA,43.61614,3.91033,Plein jour,En agglomération,Intersection en T,Normale,Deux véhicules - côté,,,,,,,,,,,1,2,3,1.0,3
201200026017,0012-04-26 16:45:00,12,4,26,16,45,340,172,"0, DOMITIENNE (VOIE)",43.62322,3.86129,Plein jour,En agglomération,Hors intersection,Normale,Deux véhicules - côté,,,,,,,,,,,1,2,1,1.0,3
201200026018,0012-04-30 10:50:00,12,4,30,10,50,340,172,"sans, CASTELNAU (AVENUE",43.62607,3.88236,Plein jour,En agglomération,Hors intersection,Temps couvert,Deux véhicules - côté,,,,,,,,,,,1,2,1,8.0,3
201200026019,0012-04-30 12:00:00,12,4,30,12,0,340,172,"sans, CROIX DE FIGUEROLL",43.60523,3.85092,Plein jour,En agglomération,Autre intersection,Temps couvert,Autre collision,,,,,,,,,,,1,2,9,8.0,6
201200026020,0012-05-01 14:45:00,12,5,1,14,45,340,172,"71, PALAVAS (AVENUE DE)",43.59657,3.88722,Plein jour,En agglomération,Hors intersection,Normale,Deux véhicules - côté,,,,,,,,,,,1,2,1,1.0,3
201200026021,0012-05-01 16:15:00,12,5,1,16,15,340,172,"., JUSTICE DE CASTELNAU",43.62598,3.88229,Plein jour,En agglomération,Hors intersection,Normale,Deux véhicules - arrière,,,,,,,,,,,1,2,1,1.0,2
201200026022,0012-05-02 19:25:00,12,5,2,19,25,340,172,"0, SERRES (RUE MARCEL DE",43.61272,3.86572,Plein jour,En agglomération,Intersection en X,Normale,Deux véhicules - côté,,,,,,,,,,,1,2,2,1.0,3
201200026023,0012-05-03 10:00:00,12,5,3,10,0,340,172,ETATS DU LANGUEDOC (AVEN,43.60751,3.8847,Plein jour,En agglomération,Intersection en X,Normale,Deux véhicules - côté,,,,,,,,,,,1,2,2,1.0,3
201200026024,0012-05-03 15:00:00,12,5,3,15,0,340,172,"0, AURIOL (AVENUE VINCEN",43.64661,3.85405,Plein jour,En agglomération,Hors intersection,Normale,Sans collision,,,,,,,,,,,1,2,1,1.0,7
201200026025,0012-05-04 00:30:00,12,5,4,0,30,340,172,LYRE (ROND-POINT DE LA),43.64141,3.84761,Nuit avec éclairage allumé,Hors agglomération,Hors intersection,Normale,Sans collision,,,,,,,,,,,5,1,1,1.0,7
201200026026,0012-05-03 20:05:00,12,5,3,20,5,340,172,"150, BOUTONNET PIOCH DE",43.62172,3.87727,Plein jour,En agglomération,Intersection en T,Normale,Deux véhicules - côté,,,,,,,,,,,1,2,3,1.0,3
201200026027,0012-05-03 17:05:00,12,5,3,17,5,340,172,"0, PONT TRINQUAT (AVENUE",43.59934,3.8889,Plein jour,En agglomération,Intersection en T,Normale,Deux véhicules - frontale,,,,,,,,,,,1,2,3,1.0,1
201200026028,0012-05-04 18:35:00,12,5,4,18,35,340,172,"1501, MOULARES (CHEMIN D",43.59355,3.88993,Plein jour,En agglomération,Hors intersection,Temps couvert,Sans collision,,,,,,,,,,,1,2,1,8.0,7
201200026029,0012-05-04 20:25:00,12,5,4,20,25,340,172,"sans, TOULOUSE (AVENUE D",43.59515,3.86174,Crépuscule ou aube,En agglomération,Hors intersection,Temps couvert,Deux véhicules - frontale,,,,,,,,,,,2,2,1,8.0,1
201200026030,0012-05-05 01:50:00,12,5,5,1,50,340,172,BLUM  (RUE LEON),43.60903,3.89065,Nuit avec éclairage allumé,En agglomération,Intersection en X,Normale,Deux véhicules - côté,,,,,,,,,,,5,2,2,1.0,3
201200026031,0012-05-04 12:20:00,12,5,4,12,20,340,172,"1919, MENDE (ROUTE DE)",43.63857,3.86555,Plein jour,En agglomération,Hors intersection,Normale,Deux véhicules - côté,,,,,,,,,,,1,2,1,1.0,3
201200026032,0012-05-05 19:30:00,12,5,5,19,30,340,129,"sans, CARNON (ROUTE DE",43.58448,3.92192,Plein jour,En agglomération,Hors intersection,Normale,Autre collision,,,,,,,,,,,1,2,1,1.0,6
201200026033,0012-05-05 20:55:00,12,5,5,20,55,340,172,"6, HUGO (BOULEVARD VICTO",43.60657,3.87791,Crépuscule ou aube,En agglomération,Hors intersection,Normale,Sans collision,,,,,,,,,,,2,2,1,1.0,7
201200026034,0012-05-05 19:45:00,12,5,5,19,45,340,172,"910, PIREE (AVENUE DU)",43.6033,3.89567,Plein jour,En agglomération,Hors intersection,Normale,Sans collision,,,,,,,,,,,1,2,1,1.0,7
201200026035,0012-05-07 09:25:00,12,5,7,9,25,340,129,CARNON (ROUTE DE  D21),43.58483,3.93074,Plein jour,En agglomération,Hors intersection,Normale,Deux véhicules - côté,,,,,,,,,,,1,2,1,1.0,3
201200026036,0012-05-07 13:30:00,12,5,7,13,30,340,172,ROQUETURIERE (RUE DE LA),43.62984,3.88588,Plein jour,En agglomération,Hors intersection,Normale,Autre collision,,,,,,,,,,,1,2,1,1.0,6
201200026037,0012-05-08 03:55:00,12,5,8,3,55,340,129,CALADE (ALLEE DE LA),43.57726,3.89732,Nuit sans éclairage public,En agglomération,Hors intersection,Normale,Sans collision,,,,,,,,,,,3,2,1,1.0,7
201200026038,0012-05-09 22:45:00,12,5,9,22,45,340,198,"SANS, D66  VOIE RAPIDE",43.59717,3.94009,Nuit sans éclairage public,En agglomération,Hors intersection,Normale,Deux véhicules - arrière,,,,,,,,,,,3,2,1,1.0,2
201200026039,0012-05-10 13:00:00,12,5,10,13,0,340,172,"sans, ARMEE DES ALPES (R",43.60853,3.84771,Plein jour,En agglomération,Hors intersection,Normale,Deux véhicules - côté,,,,,,,,,,,1,2,1,1.0,3
201200026040,0012-05-10 15:15:00,12,5,10,15,15,340,172,"sans, ECOLE NORMALE (RUE",43.62039,3.86882,Plein jour,En agglomération,Hors intersection,Normale,Autre collision,,,,,,,,,,,1,2,1,1.0,6
201200026041,0012-05-10 17:10:00,12,5,10,17,10,340,172,LIBERTE  (AVENUE DE LA),43.60899,3.85521,Plein jour,En agglomération,Hors intersection,Normale,Sans collision,,,,,,,,,,,1,2,1,1.0,7
201200026042,0012-05-05 12:10:00,12,5,5,12,10,340,172,"0, COLOMB (PLACE CHRISTO",43.60538,3.89875,Plein jour,En agglomération,Hors intersection,Normale,Deux véhicules - côté,,,,,,,,,,,1,2,1,1.0,3
201200026043,0012-05-11 14:10:00,12,5,11,14,10,340,172,"sans, JOUHAUX (AVENUE LE",43.5948,3.82019,Plein jour,En agglomération,Hors intersection,Normale,Deux véhicules - côté,,,,,,,,,,,1,2,1,1.0,3
201200026044,0012-05-11 16:40:00,12,5,11,16,40,340,172,"sans, TOULOUSE (AVENUE D",43.59739,3.86424,Plein jour,En agglomération,Hors intersection,Normale,Deux véhicules - côté,,,,,,,,,,,1,2,1,1.0,3
201200026045,0012-05-11 20:20:00,12,5,11,20,20,340,172,"104, TOULOUSE (AVENUE DE",43.59585,3.86249,Crépuscule ou aube,En agglomération,Hors intersection,Normale,Deux véhicules - arrière,,,,,,,,,,,2,2,1,1.0,2
201200026046,0012-05-12 05:40:00,12,5,12,5,40,340,172,"297, FLAUBERT (RUE GUSTA",43.59387,3.84604,Nuit avec éclairage allumé,En agglomération,Hors intersection,Normale,Autre collision,,,,,,,,,,,5,2,1,1.0,6
201200026047,0012-05-12 13:00:00,12,5,12,13,0,340,172,COMTE DE MELGUEIL (RUE D,43.60369,3.89137,Plein jour,En agglomération,Hors intersection,Normale,Autre collision,,,,,,,,,,,1,2,1,1.0,6
201200026048,0012-05-12 22:50:00,12,5,12,22,50,340,129,"SANS, PEROLS D132 (AVENU",43.56019,3.92397,Nuit sans éclairage public,En agglomération,Hors intersection,Normale,Sans collision,,,,,,,,,,,3,2,1,1.0,7
201200026049,0012-05-25 19:00:00,12,5,25,19,0,340,172,"., FLAHAULT (AVENUE CHAR",43.62369,3.86231,Plein jour,En agglomération,Autre intersection,Normale,Autre collision,,,,,,,,,,,1,2,9,1.0,6
201200026050,0012-05-14 01:20:00,12,5,14,1,20,340,172,"22, FIGAIRASSE (RUE DE L",43.60702,3.85068,Nuit avec éclairage allumé,En agglomération,Intersection en T,Normale,Autre collision,,,,,,,,,,,5,2,3,1.0,6
201200026051,0012-05-14 02:35:00,12,5,14,2,35,340,172,"1, OBSERVATOIRE (BOULEVA",43.60659,3.87608,Nuit avec éclairage allumé,En agglomération,Intersection en T,Normale,Deux véhicules - côté,,,,,,,,,,,5,2,3,1.0,3
201200026052,0012-05-15 12:10:00,12,5,15,12,10,340,172,DUBOUT (AVENUE ALBERT),43.59699,3.87779,Plein jour,En agglomération,Autre intersection,Normale,Deux véhicules - côté,,,,,,,,,,,1,2,9,1.0,3
201200026053,0012-05-15 14:00:00,12,5,15,14,0,340,172,"131, PARGUEL (AVENUE ABB",43.63329,3.86023,Plein jour,En agglomération,Hors intersection,Normale,Deux véhicules - côté,,,,,,,,,,,1,2,1,1.0,3
201200026054,0012-05-15 17:15:00,12,5,15,17,15,340,172,COLOMB (PLACE CHRISTOPHE,43.60607,3.89844,Plein jour,En agglomération,Giratoire,Normale,Deux véhicules - côté,,,,,,,,,,,1,2,6,1.0,3
201200026055,0012-05-16 15:20:00,12,5,16,15,20,340,129,"sans, MEDITERANEE (ROND",43.5829,3.92528,Plein jour,En agglomération,Hors intersection,Normale,Deux véhicules - arrière,,,,,,,,,,,1,2,1,1.0,2
201200026056,0012-05-16 17:30:00,12,5,16,17,30,340,172,"sans, EUROPE (AVENUE DE",43.64152,3.82028,Plein jour,En agglomération,Hors intersection,Normale,Deux véhicules - côté,,,,,,,,,,,1,2,1,1.0,3
201200026057,0012-05-17 01:30:00,12,5,17,1,30,340,172,"255, MOULINS (AVENUE DES",43.63741,3.84572,Nuit avec éclairage allumé,En agglomération,Hors intersection,Normale,Autre collision,,,,,,,,,,,5,2,1,1.0,6
201200026058,0012-05-17 19:20:00,12,5,17,19,20,340,172,"141, POSTE VIEILLE DE 2",43.61103,3.90042,Plein jour,En agglomération,Hors intersection,Pluie légère,Deux véhicules - côté,,,,,,,,,,,1,2,1,2.0,3
201200026059,0012-05-20 06:20:00,12,5,20,6,20,340,129,D21 E1,43.59158,3.90797,Crépuscule ou aube,Hors agglomération,Hors intersection,Pluie légère,Autre collision,,,,,,,,,,,2,1,1,2.0,6
201200026060,0012-05-21 00:35:00,12,5,21,0,35,340,172,8 MAI 1945 (PLACE DU),43.60134,3.86855,Nuit avec éclairage allumé,En agglomération,Place,Normale,Deux véhicules - côté,,,,,,,,,,,5,2,7,1.0,3
201200026061,0012-05-21 19:40:00,12,5,21,19,40,340,172,JOUHAUX (AVENUE LEON),43.60772,3.82084,Crépuscule ou aube,Hors agglomération,Hors intersection,Pluie forte,Trois véhicules et plus - collisions multiples,,,,,,,,,,,2,1,1,3.0,5
201200026062,0012-05-21 12:00:00,12,5,21,12,0,340,172,"206, EUROPE (AVENUE DE L",43.64151,3.82022,Plein jour,En agglomération,Hors intersection,Pluie légère,Deux véhicules - côté,,,,,,,,,,,1,2,1,2.0,3
201200026063,0012-05-22 18:20:00,12,5,22,18,20,340,172,"sans, LODEVE (ROUTE DE)",43.61491,3.82592,Plein jour,En agglomération,Hors intersection,Pluie légère,Deux véhicules - côté,,,,,,,,,,,1,2,1,2.0,3
201200026064,0012-05-22 12:00:00,12,5,22,12,0,340,172,AURIOL (AVENUE VINCENT),43.64254,3.84774,Plein jour,En agglomération,Hors intersection,Temps couvert,Sans collision,,,,,,,,,,,1,2,1,8.0,7
201200026065,0012-05-23 07:20:00,12,5,23,7,20,340,172,"0, BIONNE (RUE DE)",43.60859,3.82194,Plein jour,Hors agglomération,Hors intersection,Normale,Sans collision,,,,,,,,,,,1,1,1,1.0,7
201200026066,0012-05-23 09:00:00,12,5,23,9,0,340,172,"0, RIMBAUD (RUE PAUL)",43.61816,3.84401,Plein jour,En agglomération,Intersection en T,Normale,Deux véhicules - côté,,,,,,,,,,,1,2,3,1.0,3
201200026067,0012-05-23 17:50:00,12,5,23,17,50,340,172,"sans, LIBERTE (AVENUE DE",43.6021,3.8671,Plein jour,En agglomération,Hors intersection,Normale,Trois véhicules et plus - en chaîne,,,,,,,,,,,1,2,1,1.0,4
201200026068,0012-05-23 23:30:00,12,5,23,23,30,340,172,"553, SOULAS AVENUE DU P",43.6192,3.86157,Nuit avec éclairage allumé,En agglomération,Hors intersection,Normale,Deux véhicules - côté,,,,,,,,,,,5,2,1,1.0,3
201200026069,0012-05-25 01:00:00,12,5,25,1,0,340,172,"sans, COMEDIE (TUNNEL DE",43.60968,3.88205,Nuit avec éclairage allumé,En agglomération,Hors intersection,Normale,Sans collision,,,,,,,,,,,5,2,1,1.0,7
201200026070,0012-05-25 20:15:00,12,5,25,20,15,340,172,PARADISIERS (RUE DES),43.61781,3.89259,Plein jour,En agglomération,Hors intersection,Normale,Autre collision,,,,,,,,,,,1,2,1,1.0,6
201200026071,0012-05-28 11:30:00,12,5,28,11,30,340,172,"208, APOTHICAIRES (AVENU",43.64422,3.84101,Plein jour,En agglomération,Hors intersection,Normale,Sans collision,,,,,,,,,,,1,2,1,1.0,7
201200026072,0012-05-28 20:10:00,12,5,28,20,10,340,172,"sans, PENELOPE (BOULEVAR",43.60209,3.91604,Plein jour,En agglomération,Hors intersection,Normale,Autre collision,,,,,,,,,,,1,2,1,1.0,6
201200026073,0012-05-29 17:35:00,12,5,29,17,35,340,129,"sans, PALAVAS D986 (ROUT",43.58029,3.89808,Plein jour,En agglomération,Hors intersection,Normale,Sans collision,,,,,,,,,,,1,2,1,1.0,7
201200026074,0012-05-29 18:45:00,12,5,29,18,45,340,172,"sans, LODEVE (ROUTE DE)",43.61502,3.82388,Plein jour,En agglomération,Hors intersection,Normale,Trois véhicules et plus - en chaîne,,,,,,,,,,,1,2,1,1.0,4
201200026075,0012-05-30 08:05:00,12,5,30,8,5,340,172,"08, DUNANT (RUE HENRI)",43.62665,3.86757,Plein jour,En agglomération,Hors intersection,Normale,Deux véhicules - arrière,,,,,,,,,,,1,2,1,1.0,2
201200026076,0012-05-31 09:45:00,12,5,31,9,45,340,172,"sans, EUCALYPTUS (RUE DE",43.62265,3.85449,Plein jour,En agglomération,Hors intersection,Normale,Autre collision,,,,,,,,,,,1,2,1,1.0,6
201200026077,0012-05-31 10:15:00,12,5,31,10,15,340,172,"sans, LANGLOIS (RUE MARI",43.59854,3.8727,Plein jour,En agglomération,Hors intersection,Normale,Autre collision,,,,,,,,,,,1,2,1,1.0,6
201200026078,0012-05-31 12:30:00,12,5,31,12,30,340,172,"sans, ALCO (ROND POINT D",43.62476,3.83642,Plein jour,En agglomération,Hors intersection,Normale,Autre collision,,,,,,,,,,,1,2,1,1.0,6
201200026079,0012-05-31 21:00:00,12,5,31,21,0,340,172,"SANS, NERUDA (AVENUE PAB",43.61653,3.82013,Crépuscule ou aube,En agglomération,Hors intersection,Normale,Sans collision,,,,,,,,,,,2,2,1,1.0,7
201200026080,0012-06-01 09:00:00,12,6,1,9,0,340,172,CHAR (ROND POINT RENE),43.62473,3.82627,Plein jour,En agglomération,Hors intersection,Normale,Autre collision,,,,,,,,,,,1,2,1,1.0,6
201200026081,0012-05-29 09:50:00,12,5,29,9,50,340,172,"0, NIMES (AVENUE DE)",43.61671,3.88503,Plein jour,En agglomération,Intersection en T,Normale,Deux véhicules - côté,,,,,,,,,,,1,2,3,1.0,3
201200026082,0012-05-29 08:20:00,12,5,29,8,20,340,172,"0, LIBERTE (AVENUE DE LA",43.59773,3.87476,Plein jour,En agglomération,Hors intersection,Normale,Deux véhicules - côté,,,,,,,,,,,1,2,1,1.0,3
201200026083,0012-06-01 15:45:00,12,6,1,15,45,340,172,"77, PALAVAS (AVENUE DE)",43.59634,3.8874,Plein jour,En agglomération,Hors intersection,Normale,Deux véhicules - côté,,,,,,,,,,,1,2,1,1.0,3
201200026084,0012-06-01 15:20:00,12,6,1,15,20,340,172,"482, POMPIGNANE (AVENUE",43.61023,3.89876,Plein jour,En agglomération,Hors intersection,Normale,Deux véhicules - côté,,,,,,,,,,,1,2,1,1.0,3
201200026085,0012-05-29 10:29:00,12,5,29,10,29,340,129,"0, PEROLS D132 (AVENUE D",43.57025,3.90502,Plein jour,En agglomération,Hors intersection,Normale,Deux véhicules - côté,,,,,,,,,,,1,2,1,1.0,3
201200026086,0012-06-01 14:05:00,12,6,1,14,5,340,172,"0, JUSTICE DE CASTELNAU",43.6262,3.88441,Plein jour,En agglomération,Hors intersection,Normale,Deux véhicules - arrière,,,,,,,,,,,1,2,1,1.0,2
201200026087,0012-06-02 23:40:00,12,6,2,23,40,340,172,"SANS, FABRE DE MORLHON (",43.58902,3.88482,Nuit avec éclairage allumé,En agglomération,Intersection en X,Normale,Deux véhicules - côté,,,,,,,,,,,5,2,2,1.0,3
201200026088,0012-06-02 23:40:00,12,6,2,23,40,340,172,FLAHAULT (AVENUE CHARLES,43.62002,3.86527,Nuit sans éclairage public,En agglomération,Intersection en T,Normale,Deux véhicules - côté,,,,,,,,,,,3,2,3,1.0,3
201200026089,0012-06-04 14:15:00,12,6,4,14,15,340,172,"170, CINQUANTE SIXIEME R",43.60139,3.86272,Plein jour,En agglomération,Hors intersection,Normale,Deux véhicules - frontale,,,,,,,,,,,1,2,1,1.0,1
201200026090,0012-06-04 17:15:00,12,6,4,17,15,340,172,"sans, LIBERTE (AVENUE DE",43.60492,3.86491,Plein jour,En agglomération,Hors intersection,Normale,Deux véhicules - frontale,,,,,,,,,,,1,2,1,1.0,1
201200026091,0012-06-04 21:40:00,12,6,4,21,40,340,172,EUROPE (AVENUE DE L'),43.62696,3.82165,Crépuscule ou aube,En agglomération,Intersection en X,Normale,Deux véhicules - côté,,,,,,,,,,,2,2,2,1.0,3
201200026092,0012-06-05 10:13:00,12,6,5,10,13,340,172,"sans, VALERY (BOULEVARD",43.59237,3.8529,Plein jour,En agglomération,Hors intersection,Normale,Deux véhicules - arrière,,,,,,,,,,,1,2,1,1.0,2
201200026093,0012-06-06 11:25:00,12,6,6,11,25,340,172,"1404, MENDE (ROUTE DE)",43.63466,3.86813,Plein jour,En agglomération,Hors intersection,Normale,Sans collision,,,,,,,,,,,1,2,1,1.0,7
201200026094,0012-06-06 18:25:00,12,6,6,18,25,340,172,LECLERC (AVENUE DU MAREC,43.59402,3.88557,Plein jour,En agglomération,Autre intersection,Normale,Autre collision,,,,,,,,,,,1,2,9,1.0,6
201200026095,0012-05-01 01:25:00,12,5,1,1,25,340,172,"14, RONDELET (RUE)",43.60352,3.87477,Nuit avec éclairage allumé,En agglomération,Intersection en T,Normale,Trois véhicules et plus - collisions multiples,,,,,,,,,,,5,2,3,1.0,5
201200026096,0012-06-07 05:50:00,12,6,7,5,50,340,172,SORBES (RUE DE LAS,43.61422,3.851,Crépuscule ou aube,En agglomération,Intersection en X,Temps couvert,Trois véhicules et plus - collisions multiples,,,,,,,,,,,2,2,2,8.0,5
201200026097,0012-06-08 08:50:00,12,6,8,8,50,340,172,"., PONT JUVENAL (AVENUE",43.60598,3.88602,Plein jour,En agglomération,Autre intersection,Temps couvert,Autre collision,,,,,,,,,,,1,2,9,8.0,6
201200026098,0012-06-08 10:33:00,12,6,8,10,33,340,172,JUSTICE DE CASTELNAU (AV,43.62692,3.88957,Plein jour,En agglomération,Autre intersection,Normale,Autre collision,,,,,,,,,,,1,2,9,1.0,6
201200026099,0012-06-08 11:40:00,12,6,8,11,40,340,172,RIMBAUD (RUE PAUL),43.61857,3.84581,Plein jour,En agglomération,Autre intersection,Normale,Autre collision,,,,,,,,,,,1,2,9,1.0,6