accident_id,datetime,annee,mois,jour,heure,minute,departement,commune_insee,adresse,latitude,longitude,luminosite,agglomeration,intersection,meteo,collision,nb_vehicules,nb_usagers,nb_indemnes,nb_tues,nb_blesses_hosp,nb_blesses_legers,age_cond_1,age_cond_2,veh_type_cond_1,veh_type_cond_2,lum_code,agg_code,int_code,atm_code,col_code
201200026219,0012-08-30 06:30:00,12,8,30,6,30,340,172,POMPIGNANE (AVENUE DE LA,43.60785,3.8987,Nuit avec éclairage allumé,En agglomération,Hors intersection,Pluie légère,Autre collision,,,,,,,,,,,5,2,1,2.0,6
201200026220,0012-08-31 15:30:00,12,8,31,15,30,340,172,"36, SAINT LAZARE (AVENUE",43.61887,3.88658,Plein jour,En agglomération,Intersection en T,Normale,Deux véhicules - frontale,,,,,,,,,,,1,2,3,1.0,1
201200026221,0012-09-12 21:30:00,12,9,12,21,30,340,172,"5, RIMBAUD (RUE PAUL)",43.61997,3.85125,Nuit avec éclairage allumé,En agglomération,Hors intersection,Normale,Deux véhicules - arrière,,,,,,,,,,,5,2,1,1.0,2
201200026222,0012-09-04 17:40:00,12,9,4,17,40,340,172,"238, LODEVE (AVENUE DE",43.6147,3.8327,Plein jour,En agglomération,Intersection en T,Normale,Autre collision,,,,,,,,,,,1,2,3,1.0,6
201200026223,0012-09-04 18:15:00,12,9,4,18,15,340,172,ARCEAUX (BOULEVARD DES),43.61186,3.86457,Plein jour,En agglomération,Intersection en T,Normale,Deux véhicules - côté,,,,,,,,,,,1,2,3,1.0,3
201200026224,0012-09-04 20:45:00,12,9,4,20,45,340,172,"SANS, EUROPE (AVENUE DE",43.62956,3.8224,Nuit avec éclairage allumé,En agglomération,Intersection en X,Normale,Trois véhicules et plus - collisions multiples,,,,,,,,,,,5,2,2,1.0,5
201200026225,0012-09-06 17:35:00,12,9,6,17,35,340,172,"0, AURIOL (AVENUE VINCEN",43.64449,3.85165,Plein jour,En agglomération,Hors intersection,Normale,Autre collision,,,,,,,,,,,1,2,1,1.0,6
201200026226,0012-09-06 21:45:00,12,9,6,21,45,340,172,SANS AEROPORT INTERNATI,43.60876,3.8945,Nuit avec éclairage allumé,En agglomération,Intersection à plus de 4 branches,Normale,Sans collision,,,,,,,,,,,5,2,5,1.0,7
201200026227,0012-09-07 13:10:00,12,9,7,13,10,340,172,"sans, NIMES (AVENUE DE)",43.61943,3.88787,Plein jour,En agglomération,Hors intersection,Normale,Deux véhicules - côté,,,,,,,,,,,1,2,1,1.0,3
201200026228,0012-09-07 16:35:00,12,9,7,16,35,340,172,"sans, BRET (ROND POINT P",43.57619,3.87358,Plein jour,En agglomération,Hors intersection,Normale,Deux véhicules - côté,,,,,,,,,,,1,2,1,1.0,3
201200026229,0012-09-07 18:55:00,12,9,7,18,55,340,172,"sans, LIBERTE (AVENUE DE",43.60902,3.85544,Plein jour,En agglomération,Hors intersection,Normale,Deux véhicules - côté,,,,,,,,,,,1,2,1,1.0,3
201200026230,0012-09-07 09:50:00,12,9,7,9,50,340,172,"673, POMPIGNANE (AVENUE",43.61193,3.89832,Plein jour,En agglomération,Hors intersection,Normale,Autre collision,,,,,,,,,,,1,2,1,1.0,6
201200026231,0012-09-07 12:10:00,12,9,7,12,10,340,172,"748, VILLENEUVE-ANGOULEM",43.59478,3.86728,Plein jour,En agglomération,Hors intersection,Normale,Deux véhicules - arrière,,,,,,,,,,,1,2,1,1.0,2
201200026232,0012-09-08 17:20:00,12,9,8,17,20,340,172,"sans, JOUHAUX (AVENUE LE",43.60739,3.82095,Plein jour,En agglomération,Hors intersection,Normale,Deux véhicules - frontale,,,,,,,,,,,1,2,1,1.0,1
201200026233,0012-09-13 14:15:00,12,9,13,14,15,340,172,"sans, GALOIS ROND-POINT",43.60807,3.91169,Plein jour,En agglomération,Giratoire,Normale,Sans collision,,,,,,,,,,,1,2,6,1.0,7
201200026234,0012-09-14 02:35:00,12,9,14,2,35,340,172,JUSTICE DE CASTELNAU (AV,43.62727,3.89167,Nuit avec éclairage allumé,En agglomération,Intersection en T,Normale,Sans collision,,,,,,,,,,,5,2,3,1.0,7
201200026235,0012-09-14 09:30:00,12,9,14,9,30,340,172,"0, ECOLE NORMALE (RUE DE",43.62116,3.86631,Plein jour,En agglomération,Intersection en Y,Normale,Deux véhicules - frontale,,,,,,,,,,,1,2,4,1.0,1
201200026236,0012-09-14 15:10:00,12,9,14,15,10,340,172,"sans, JOUHAUX (AVENUE LE",43.60723,3.82097,Plein jour,En agglomération,Hors intersection,Normale,Autre collision,,,,,,,,,,,1,2,1,1.0,6
201200026237,0012-09-15 00:01:00,12,9,15,0,1,340,172,BRINGUIER (AVENUE PAUL),43.61528,3.83989,Nuit avec éclairage allumé,En agglomération,Hors intersection,Normale,Deux véhicules - côté,,,,,,,,,,,5,2,1,1.0,3
201200026238,0012-09-15 01:35:00,12,9,15,1,35,340,172,GRASSET (AVENUE DU PROFE,43.62147,3.86853,Nuit avec éclairage allumé,En agglomération,Intersection en X,Normale,Deux véhicules - côté,,,,,,,,,,,5,2,2,1.0,3
201200026239,0012-09-15 09:40:00,12,9,15,9,40,340,172,"22, FIGAIRASSE (RUE DE L",43.60703,3.85044,Plein jour,En agglomération,Hors intersection,Normale,Autre collision,,,,,,,,,,,1,2,1,1.0,6
201200026240,0012-09-16 14:30:00,12,9,16,14,30,340,172,MARES (AVENUE HENRI),43.62,3.8514,Plein jour,En agglomération,Intersection en X,Normale,Deux véhicules - côté,,,,,,,,,,,1,2,2,1.0,3
201200026241,0012-09-17 09:00:00,12,9,17,9,0,340,172,"673, POMPIGNANE (AVENUE",43.61235,3.89821,Plein jour,En agglomération,Hors intersection,Normale,Autre collision,,,,,,,,,,,1,2,1,1.0,6
201200026242,0012-09-13 11:00:00,12,9,13,11,0,340,172,"0, LIBERTE (AVENUE DE LA",43.60224,3.86706,Plein jour,En agglomération,Hors intersection,Normale,Sans collision,,,,,,,,,,,1,2,1,1.0,7
201200026243,0012-09-14 10:40:00,12,9,14,10,40,340,172,"0, MAURIN (AVENUE DE",43.58378,3.87215,Plein jour,En agglomération,Intersection en T,Normale,Deux véhicules - côté,,,,,,,,,,,1,2,3,1.0,3
201200026244,0012-09-14 15:15:00,12,9,14,15,15,340,172,"sans, CARNOT (PLACE)",43.60314,3.88252,Plein jour,En agglomération,Place,Normale,Deux véhicules - côté,,,,,,,,,,,1,2,7,1.0,3
201200026245,0012-09-18 08:45:00,12,9,18,8,45,340,172,"109, FAUBOURG BOUTONNET",43.62175,3.87249,Plein jour,En agglomération,Autre intersection,Normale,Autre collision,,,,,,,,,,,1,2,9,1.0,6
201200026246,0012-09-18 10:30:00,12,9,18,10,30,340,198,PAGNOL (AVENUE MARCEL),43.5604,3.9555,Plein jour,En agglomération,Intersection en T,Normale,Deux véhicules - côté,,,,,,,,,,,1,2,3,1.0,3
201200026247,0012-09-18 14:40:00,12,9,18,14,40,340,172,"0, FLAHAULT (AVENUE CHAR",43.6225,3.86392,Plein jour,En agglomération,Intersection en T,Normale,Deux véhicules - côté,,,,,,,,,,,1,2,3,1.0,3
201200026248,0012-09-18 19:20:00,12,9,18,19,20,340,129,CARNON (ROUTE DE  D21),,,Plein jour,En agglomération,Intersection en X,Normale,Deux véhicules - arrière,,,,,,,,,,,1,2,2,1.0,2
201200026249,0012-09-19 16:05:00,12,9,19,16,5,340,198,"sans, D66  VOIE RAPIDE",43.57384,3.95272,Plein jour,En agglomération,Hors intersection,Normale,Sans collision,,,,,,,,,,,1,2,1,1.0,7
201200026250,0012-09-19 19:00:00,12,9,19,19,0,340,172,"sans, GOSSEC (RUE FRANCO",43.57508,3.85826,Plein jour,En agglomération,Hors intersection,Normale,Deux véhicules - côté,,,,,,,,,,,1,2,1,1.0,3
201200026251,0012-09-19 19:40:00,12,9,19,19,40,340,172,sans  VALERY (BOULEVARD,43.59047,3.85558,Plein jour,En agglomération,Hors intersection,Normale,Autre collision,,,,,,,,,,,1,2,1,1.0,6
201200026252,0012-09-20 11:05:00,12,9,20,11,5,340,129,"334, AGAU (AVENUE DE L')",43.57688,3.90732,Plein jour,En agglomération,Hors intersection,Normale,Sans collision,,,,,,,,,,,1,2,1,1.0,7
201200026253,0012-09-20 13:45:00,12,9,20,13,45,340,172,"sans, GARE MARCHE",43.5845,3.88407,Plein jour,En agglomération,Hors intersection,Normale,Deux véhicules - côté,,,,,,,,,,,1,2,1,1.0,3
201200026254,0012-09-24 08:30:00,12,9,24,8,30,340,172,BATAILLON (PLACE EUGENE),43.6308,3.8611,Plein jour,En agglomération,Autre intersection,Normale,Autre collision,,,,,,,,,,,1,2,9,1.0,6
201200026255,0012-09-24 10:15:00,12,9,24,10,15,340,172,RIMBAUD (RUE PAUL),43.61886,3.84717,Plein jour,En agglomération,Hors intersection,Normale,Deux véhicules - côté,,,,,,,,,,,1,2,1,1.0,3
201200026256,0012-09-24 22:40:00,12,9,24,22,40,340,172,CITADELLE (ALLEE DE LA),43.61008,3.88312,Nuit avec éclairage allumé,En agglomération,Autre intersection,Normale,Deux véhicules - frontale,,,,,,,,,,,5,2,9,1.0,1
201200026257,0012-09-26 15:45:00,12,9,26,15,45,340,172,"834, HEIDELBERG (AVENUE",43.62544,3.81239,Plein jour,En agglomération,Hors intersection,Pluie légère,Sans collision,,,,,,,,,,,1,2,1,2.0,7
201200026258,0012-09-26 16:50:00,12,9,26,16,50,340,172,"sans, NERUDA (AVENUE PAB",43.61746,3.82042,Plein jour,En agglomération,Hors intersection,Pluie forte,Deux véhicules - côté,,,,,,,,,,,1,2,1,3.0,3
201200026259,0012-09-27 07:20:00,12,9,27,7,20,340,172,"sans, TOULOUSE (AVENUE D",43.59524,3.86195,Crépuscule ou aube,En agglomération,Hors intersection,Normale,Deux véhicules - côté,,,,,,,,,,,2,2,1,1.0,3
201200026260,0012-09-27 08:00:00,12,9,27,8,0,340,172,FLOURENS (RUE PIERRE),43.6381,3.83246,Plein jour,En agglomération,Intersection en T,Normale,Autre collision,,,,,,,,,,,1,2,3,1.0,6
201200026261,0012-09-27 12:45:00,12,9,27,12,45,340,172,SAINT LAZARE (AVENUE DE),43.61982,3.88679,Plein jour,En agglomération,Hors intersection,Normale,Autre collision,,,,,,,,,,,1,2,1,1.0,6
201200026262,0012-09-27 16:00:00,12,9,27,16,0,340,172,MOULARES (CHEMIN DE,43.5992,3.8938,Plein jour,En agglomération,Intersection en X,Normale,Autre collision,,,,,,,,,,,1,2,2,1.0,6
201200026263,0012-09-29 05:15:00,12,9,29,5,15,340,172,MONTPELLIER (AVENUE MARI,43.6019,3.90031,Nuit avec éclairage allumé,En agglomération,Autre intersection,Normale,Autre collision,,,,,,,,,,,5,2,9,1.0,6
201200026264,0012-09-29 13:35:00,12,9,29,13,35,340,172,"0, SAINT GUILHEM (RUE)",43.60873,3.87346,Plein jour,En agglomération,Hors intersection,Pluie forte,Sans collision,,,,,,,,,,,1,2,1,3.0,7
201200026265,0012-09-29 17:30:00,12,9,29,17,30,340,172,"42, ASSAS (AVENUE D')",43.61495,3.86431,Plein jour,En agglomération,Hors intersection,Pluie légère,Deux véhicules - frontale,,,,,,,,,,,1,2,1,2.0,1
201200026266,0012-09-30 20:50:00,12,9,30,20,50,340,172,"SANS, MERMOZ (AVENUE JEA",43.60977,3.89277,Nuit avec éclairage allumé,En agglomération,Intersection en T,Normale,Deux véhicules - côté,,,,,,,,,,,5,2,3,1.0,3
201200026267,0012-10-01 08:54:00,12,10,1,8,54,340,172,"3, NOURRIT (RUE ADOLPHE)",43.60468,3.86676,Plein jour,En agglomération,Hors intersection,Normale,Deux véhicules - côté,,,,,,,,,,,1,2,1,1.0,3
201200026268,0012-10-01 08:45:00,12,10,1,8,45,340,172,"30, MARES (AVENUE HENRI)",43.62019,3.85399,Plein jour,En agglomération,Hors intersection,Normale,Sans collision,,,,,,,,,,,1,2,1,1.0,7
201200026269,0012-10-01 11:15:00,12,10,1,11,15,340,172,"0, MOULINS (AVENUE DES",43.62677,3.8389,Plein jour,En agglomération,Hors intersection,Normale,Deux véhicules - arrière,,,,,,,,,,,1,2,1,1.0,2
201200026270,0012-10-01 10:40:00,12,10,1,10,40,340,172,"0, CARRIEU (RUE MARIUS)",43.61703,3.84217,Plein jour,En agglomération,Hors intersection,Normale,Deux véhicules - côté,,,,,,,,,,,1,2,1,1.0,3
201200026271,0012-10-02 14:30:00,12,10,2,14,30,340,172,"sans, PAVELET (AVENUE DU",43.58949,3.85679,Plein jour,En agglomération,Hors intersection,Normale,Sans collision,,,,,,,,,,,1,2,1,1.0,7
201200026272,0012-10-03 00:05:00,12,10,3,0,5,340,172,POSEIDON (RUE),43.60793,3.89421,Nuit avec éclairage allumé,En agglomération,Hors intersection,Normale,Sans collision,,,,,,,,,,,5,2,1,1.0,7
201200026273,0012-10-03 10:40:00,12,10,3,10,40,340,172,", MONTELS-EGLISE (RUE DE",43.58078,3.8822,Plein jour,En agglomération,Intersection en T,Normale,Deux véhicules - côté,,,,,,,,,,,1,2,3,1.0,3
201200026274,0012-10-03 14:30:00,12,10,3,14,30,340,172,"49, GAMBETTA (COURS)",43.6083,3.8685,Plein jour,En agglomération,Hors intersection,Normale,Autre collision,,,,,,,,,,,1,2,1,1.0,6
201200026275,0012-10-03 15:04:00,12,10,3,15,4,340,172,"1463, SOULAS (AVENUE DU",43.62413,3.85298,Plein jour,En agglomération,Hors intersection,Normale,Deux véhicules - côté,,,,,,,,,,,1,2,1,1.0,3
201200026276,0012-10-03 17:05:00,12,10,3,17,5,340,172,"240, MONDIAL 98 (AVENUE",43.6037,3.90716,Plein jour,En agglomération,Autre intersection,Normale,Autre collision,,,,,,,,,,,1,2,9,1.0,6
201200026277,0012-10-03 17:00:00,12,10,3,17,0,340,172,"., MENDES FRANCE (AVENUE",43.60926,3.89442,Plein jour,En agglomération,Intersection en T,Normale,Deux véhicules - côté,,,,,,,,,,,1,2,3,1.0,3
201200026278,0012-10-04 17:25:00,12,10,4,17,25,340,172,"., DUBOUT (AVENUE ALBERT",43.59809,3.88824,Plein jour,En agglomération,Intersection en X,Normale,Deux véhicules - côté,,,,,,,,,,,1,2,2,1.0,3
201200026279,0012-10-05 12:20:00,12,10,5,12,20,340,172,"0, ASTRE (ROND POINT DU",43.57537,3.86021,Plein jour,En agglomération,Hors intersection,Temps couvert,Sans collision,,,,,,,,,,,1,2,1,8.0,7
201200026280,0012-10-05 14:24:00,12,10,5,14,24,340,172,"0, LIBERTE (AVENUE DE LA",43.60244,3.86676,Plein jour,En agglomération,Hors intersection,Temps couvert,Deux véhicules - frontale,,,,,,,,,,,1,2,1,8.0,1
201200026281,0012-10-05 16:40:00,12,10,5,16,40,340,172,"10, STRASBOURG (BOULEVAR",43.60304,3.88132,Plein jour,En agglomération,Hors intersection,Temps couvert,Deux véhicules - côté,,,,,,,,,,,1,2,1,8.0,3
201200026282,0012-10-05 12:00:00,12,10,5,12,0,340,172,COMEDIE (TUNNEL DE LA),43.61014,3.88295,Plein jour,En agglomération,Hors intersection,Temps couvert,Sans collision,,,,,,,,,,,1,2,1,8.0,7
201200026283,0012-10-06 05:45:00,12,10,6,5,45,340,172,AURIOL (AVENUE VINCENT),43.64676,3.85425,Nuit sans éclairage public,En agglomération,Hors intersection,Normale,Autre collision,,,,,,,,,,,3,2,1,1.0,6
201200026284,0012-10-06 06:45:00,12,10,6,6,45,340,172,MER (AVENUE DE LA),43.59493,3.90561,Nuit avec éclairage allumé,En agglomération,Hors intersection,Normale,Autre collision,,,,,,,,,,,5,2,1,1.0,6
201200026285,0012-10-06 15:00:00,12,10,6,15,0,340,172,"0, GOSSEC (RUE FRANCOIS-",43.57516,3.85636,Plein jour,En agglomération,Hors intersection,Temps couvert,Trois véhicules et plus - en chaîne,,,,,,,,,,,1,2,1,8.0,4
201200026286,0012-10-07 06:10:00,12,10,7,6,10,340,129,MONTOUZERES (AVENUE DES),43.57225,3.89267,Nuit avec éclairage allumé,En agglomération,Hors intersection,Normale,Sans collision,,,,,,,,,,,5,2,1,1.0,7
201200026287,0012-10-05 19:20:00,12,10,5,19,20,340,172,"470, BLUM (RUE LEON)",43.60611,3.88988,Nuit avec éclairage allumé,En agglomération,Hors intersection,Normale,Sans collision,,,,,,,,,,,5,2,1,1.0,7
201200026288,0012-10-09 12:00:00,12,10,9,12,0,340,172,"sans, MOULINS (AVENUE DE",43.61978,3.83243,Plein jour,En agglomération,Hors intersection,Normale,Deux véhicules - côté,,,,,,,,,,,1,2,1,1.0,3
201200026289,0012-10-09 14:35:00,12,10,9,14,35,340,172,GANGES (ROUTE DE,43.63268,3.85186,Plein jour,En agglomération,Autre intersection,Normale,Deux véhicules - côté,,,,,,,,,,,1,2,9,1.0,3
201200026290,0012-10-09 16:15:00,12,10,9,16,15,340,172,EINSTEIN (AVENUE ALBERT,43.60833,3.90661,Plein jour,En agglomération,Intersection en X,Normale,Deux véhicules - frontale,,,,,,,,,,,1,2,2,1.0,1
201200026291,0012-10-09 22:40:00,12,10,9,22,40,340,172,"1011, SORBES (RUE DE LAS",43.61447,3.85176,Nuit avec éclairage allumé,En agglomération,Hors intersection,Normale,Trois véhicules et plus - collisions multiples,,,,,,,,,,,5,2,1,1.0,5
201200026292,0012-10-10 06:25:00,12,10,10,6,25,340,172,"2184, EINSTEIN (AVENUE A",43.61125,3.92342,Nuit avec éclairage allumé,En agglomération,Hors intersection,Normale,Sans collision,,,,,,,,,,,5,2,1,1.0,7
201200026293,0012-10-10 09:35:00,12,10,10,9,35,340,172,"sans, BART (RUE JEAN)",43.62525,3.83738,Plein jour,En agglomération,Hors intersection,Normale,Deux véhicules - frontale,,,,,,,,,,,1,2,1,1.0,1
201200026294,0012-10-10 18:20:00,12,10,10,18,20,340,172,TOULOUSE (AVENUE DE,43.59741,3.86416,Plein jour,En agglomération,Autre intersection,Normale,Trois véhicules et plus - collisions multiples,,,,,,,,,,,1,2,9,1.0,5
201200026295,0012-10-11 08:30:00,12,10,11,8,30,340,172,ALCO (RUE D',43.61935,3.83806,Plein jour,En agglomération,Autre intersection,Normale,Deux véhicules - côté,,,,,,,,,,,1,2,9,1.0,3
201200026296,0012-10-11 09:05:00,12,10,11,9,5,340,172,"0, LAVERUNE (ROUTE DE",43.60103,3.85021,Plein jour,En agglomération,Autre intersection,Normale,Deux véhicules - côté,,,,,,,,,,,1,2,9,1.0,3
201200026297,0012-10-11 11:35:00,12,10,11,11,35,340,172,ANTONELLI (AVENUE DU PRO,43.6002,3.8963,Plein jour,En agglomération,Hors intersection,Normale,Autre collision,,,,,,,,,,,1,2,1,1.0,6
201200026298,0012-10-11 15:35:00,12,10,11,15,35,340,172,"0, EUROPE (AVENUE DE L')",43.62722,3.82204,Plein jour,En agglomération,Intersection en T,Normale,Deux véhicules - arrière,,,,,,,,,,,1,2,3,1.0,2
201200026299,0012-10-11 18:45:00,12,10,11,18,45,340,172,GIGNAC (RUE DE),43.61188,3.82978,Crépuscule ou aube,En agglomération,Intersection en T,Temps couvert,Deux véhicules - côté,,,,,,,,,,,2,2,3,8.0,3
201200026300,0012-10-12 08:15:00,12,10,12,8,15,340,172,GRAND SAINT JEAN (RUE DU,43.60529,3.87524,Plein jour,En agglomération,Autre intersection,Temps couvert,Autre collision,,,,,,,,,,,1,2,9,8.0,6
201200026301,0012-10-12 13:40:00,12,10,12,13,40,340,129,"16, BOUGAINVILLIERS (RUE",43.5693,3.91649,Plein jour,En agglomération,Hors intersection,Normale,Deux véhicules - frontale,,,,,,,,,,,1,2,1,1.0,1
201200026302,0012-10-12 17:05:00,12,10,12,17,5,340,172,"29, LODEVE (ROUTE DE)",43.61457,3.82823,Plein jour,En agglomération,Hors intersection,Normale,Sans collision,,,,,,,,,,,1,2,1,1.0,7
201200026303,0012-10-12 20:25:00,12,10,12,20,25,340,172,"SANS, EUROPE (AVENUE DE",43.62511,3.82108,Nuit avec éclairage allumé,En agglomération,Hors intersection,Normale,Sans collision,,,,,,,,,,,5,2,1,1.0,7
201200026304,0012-10-13 01:45:00,12,10,13,1,45,340,172,"SANS, GANGES (ROUTE DE",43.62945,3.85678,Nuit avec éclairage allumé,En agglomération,Hors intersection,Normale,Sans collision,,,,,,,,,,,5,2,1,1.0,7
201200026305,0012-10-13 11:35:00,12,10,13,11,35,340,172,"0, MENDES FRANCE (AVENUE",43.60968,3.90154,Plein jour,En agglomération,Hors intersection,Normale,Deux véhicules - côté,,,,,,,,,,,1,2,1,1.0,3
201200026306,0012-10-14 06:30:00,12,10,14,6,30,340,172,"0, MONTPELLIER (AVENUE M",43.60031,3.8962,Nuit avec éclairage allumé,En agglomération,Hors intersection,Normale,Sans collision,,,,,,,,,,,5,2,1,1.0,7
201200026307,0012-10-14 16:50:00,12,10,14,16,50,340,172,"544, CARRIEU (RUE MARIUS",43.6182,3.84401,Plein jour,En agglomération,Hors intersection,Normale,Autre collision,,,,,,,,,,,1,2,1,1.0,6
201200026308,0012-10-15 13:45:00,12,10,15,13,45,340,172,FRANKLIN (ROND POINT BEN,43.61874,3.9137,Plein jour,En agglomération,Hors intersection,Normale,Autre collision,,,,,,,,,,,1,2,1,1.0,6
201200026309,0012-10-15 18:00:00,12,10,15,18,0,340,198,"., D21  ROUTE DE CARNON",43.57309,3.94488,Crépuscule ou aube,En agglomération,Intersection en T,Normale,Autre collision,,,,,,,,,,,2,2,3,1.0,6
201200026310,0012-10-15 17:00:00,12,10,15,17,0,340,172,"834, ARGELLIERS MAS",43.5862,3.88907,Plein jour,En agglomération,Hors intersection,Normale,Deux véhicules - côté,,,,,,,,,,,1,2,1,1.0,3
201200026311,0012-10-15 20:00:00,12,10,15,20,0,340,172,TURCHINI (AVENUE DU DOYE,43.63852,3.84722,Nuit avec éclairage allumé,En agglomération,Hors intersection,Normale,Autre collision,,,,,,,,,,,5,2,1,1.0,6
201200026312,0012-10-16 13:00:00,12,10,16,13,0,340,172,MOULARES (CHEMIN DE,43.6002,3.89455,Plein jour,En agglomération,Intersection en X,Normale,Deux véhicules - côté,,,,,,,,,,,1,2,2,1.0,3
201200026313,0012-10-16 20:25:00,12,10,16,20,25,340,172,GIRAUD (AVENUE DU DOYEN,43.63425,3.84946,Nuit avec éclairage allumé,En agglomération,Intersection en X,Normale,Deux véhicules - côté,,,,,,,,,,,5,2,2,1.0,3
201200026314,0012-10-04 17:00:00,12,10,4,17,0,340,172,DOSCARES (RUE DE),43.62581,3.92805,Plein jour,En agglomération,Hors intersection,Normale,Deux véhicules - frontale,,,,,,,,,,,1,2,1,1.0,1
201200026315,0012-10-17 13:25:00,12,10,17,13,25,340,172,"1086, EINSTEIN (AVENUE A",43.60986,3.90973,Plein jour,En agglomération,Hors intersection,Normale,Deux véhicules - frontale,,,,,,,,,,,1,2,1,1.0,1
201200026316,0012-10-17 18:50:00,12,10,17,18,50,340,172,"0, LIBERTE (AVENUE DE LA",43.59756,3.87485,Plein jour,En agglomération,Hors intersection,Normale,Deux véhicules - côté,,,,,,,,,,,1,2,1,1.0,3
201200026317,0012-10-18 01:00:00,12,10,18,1,0,340,172,"SANS, EINSTEIN (AVENUE A",43.61195,3.93029,Nuit avec éclairage allumé,En agglomération,Intersection en X,Normale,Deux véhicules - côté,,,,,,,,,,,5,2,2,1.0,3
201200026318,0012-10-19 17:10:00,12,10,19,17,10,340,172,"893, ALCO (RUE D'",43.61821,3.83919,Plein jour,En agglomération,Hors intersection,Normale,Sans collision,,,,,,,,,,,1,2,1,1.0,7
201200026319,0012-10-22 07:00:00,12,10,22,7,0,340,172,"sans, BECQUEREL (RUE HEN",43.61047,3.9149,Nuit avec éclairage allumé,En agglomération,Hors intersection,Pluie légère,Sans collision,,,,,,,,,,,5,2,1,2.0,7
201200026320,0012-10-22 15:20:00,12,10,22,15,20,340,198,TILLEULS (RUE DES),43.55633,3.95677,Plein jour,En agglomération,Intersection en X,Normale,Deux véhicules - côté,,,,,,,,,,,1,2,2,1.0,3
201200026321,0012-10-23 07:25:00,12,10,23,7,25,340,172,DUBOUT (AVENUE ALBERT,43.59695,3.8834,Crépuscule ou aube,En agglomération,Hors intersection,Temps couvert,Deux véhicules - frontale,,,,,,,,,,,2,2,1,8.0,1
201200026322,0012-10-23 21:20:00,12,10,23,21,20,340,172,"SANS, VALERY (BOULEVARD",43.59246,3.85289,Nuit avec éclairage allumé,En agglomération,Intersection en X,Normale,Deux véhicules - côté,,,,,,,,,,,5,2,2,1.0,3
201200026323,0012-10-24 08:00:00,12,10,24,8,0,340,172,PRES D'ARENES (AVENUE DE,43.59606,3.87772,Plein jour,En agglomération,Hors intersection,Normale,Autre collision,,,,,,,,,,,1,2,1,1.0,6
201200026324,0012-10-24 10:30:00,12,10,24,10,30,340,172,"., VILLENEUVE-ANGOULEME",43.5952,3.86768,Plein jour,En agglomération,Hors intersection,Normale,Deux véhicules - côté,,,,,,,,,,,1,2,1,1.0,3
201200026325,0012-10-24 10:20:00,12,10,24,10,20,340,172,VANIERES (AVENUE DE),43.5934,3.8514,Plein jour,En agglomération,Hors intersection,Normale,Deux véhicules - arrière,,,,,,,,,,,1,2,1,1.0,2
201200026326,0012-10-24 18:30:00,12,10,24,18,30,340,172,"700, PIOCH DE BOUTONNET",43.62683,3.8778,Crépuscule ou aube,En agglomération,Hors intersection,Normale,Sans collision,,,,,,,,,,,2,2,1,1.0,7
201200026327,0012-10-25 14:05:00,12,10,25,14,5,340,172,"sans, VALLOIS (RUE PROFE",43.61469,3.88345,Plein jour,En agglomération,Hors intersection,Normale,Deux véhicules - côté,,,,,,,,,,,1,2,1,1.0,3
201200026328,0012-10-25 19:50:00,12,10,25,19,50,340,129,MONTELS L' EGLISE (RUE D,43.57879,3.87733,Nuit avec éclairage allumé,En agglomération,Hors intersection,Normale,Deux véhicules - arrière,,,,,,,,,,,5,2,1,1.0,2
201200026329,0012-10-26 07:50:00,12,10,26,7,50,340,172,"670, RAVAZ (AVENUE DU PR",43.62099,3.84882,Nuit sans éclairage public,En agglomération,Hors intersection,Pluie forte,Sans collision,,,,,,,,,,,3,2,1,3.0,7
201200026330,0012-10-26 13:05:00,12,10,26,13,5,340,172,"sans, LIBERTE (AVENUE DE",43.60496,3.8648,Plein jour,En agglomération,Hors intersection,Pluie légère,Deux véhicules - arrière,,,,,,,,,,,1,2,1,2.0,2
201200026331,0012-10-26 16:55:00,12,10,26,16,55,340,172,"25, LODEVE (ROUTE DE)",43.61467,3.82922,Plein jour,En agglomération,Hors intersection,Normale,Sans collision,,,,,,,,,,,1,2,1,1.0,7
201200026332,0012-10-27 01:30:00,12,10,27,1,30,340,129,PALAVAS D986 (ROUTE DE),43.54976,3.89354,Nuit avec éclairage non allumé,Hors agglomération,Hors intersection,Pluie légère,Deux véhicules - côté,,,,,,,,,,,4,1,1,2.0,3
201200026333,0012-10-27 22:25:00,12,10,27,22,25,340,172,"175, ANTONELLI (AVENUE D",43.59944,3.89274,Nuit avec éclairage allumé,En agglomération,Hors intersection,Normale,Deux véhicules - côté,,,,,,,,,,,5,2,1,1.0,3
201200026334,0012-10-28 02:20:00,12,10,28,2,20,340,172,"SANS, EINSTEIN (AVENUE A",43.61251,3.93581,Nuit sans éclairage public,En agglomération,Hors intersection,Normale,Sans collision,,,,,,,,,,,3,2,1,1.0,7
201200026335,0012-10-25 15:00:00,12,10,25,15,0,340,172,"sans, PONT DE LATTES (RU",43.60467,3.88312,Plein jour,En agglomération,Intersection en X,Normale,Deux véhicules - côté,,,,,,,,,,,1,2,2,1.0,3
201200026336,0012-10-28 20:15:00,12,10,28,20,15,340,172,"., JUSTICE DE CASTELNAU",43.6268,3.8698,Nuit sans éclairage public,En agglomération,Intersection en X,Normale,Deux véhicules - côté,,,,,,,,,,,3,2,2,1.0,3
201200026337,0012-10-29 11:35:00,12,10,29,11,35,340,172,"8, OLLIVIER (RUE ARISTID",43.6068,3.8813,Plein jour,En agglomération,Hors intersection,Normale,Autre collision,,,,,,,,,,,1,2,1,1.0,6