accident_id,datetime,annee,mois,jour,heure,minute,departement,commune_insee,adresse,latitude,longitude,luminosite,agglomeration,intersection,meteo,collision,nb_vehicules,nb_usagers,nb_indemnes,nb_tues,nb_blesses_hosp,nb_blesses_legers,age_cond_1,age_cond_2,veh_type_cond_1,veh_type_cond_2,lum_code,agg_code,int_code,atm_code,col_code
201200026338,0012-10-29 14:05:00,12,10,29,14,5,340,172,"0, CAVALERIE (RUE DE LA)",43.61689,3.88103,Plein jour,En agglomération,Intersection en T,Normale,Deux véhicules - frontale,,,,,,,,,,,1,2,3,1.0,1
201200026339,0012-11-01 14:45:00,12,11,1,14,45,340,172,"SANS, ASSAS (AVENUE D')",43.61775,3.82063,Plein jour,En agglomération,Intersection en X,Normale,Deux véhicules - arrière,,,,,,,,,,,1,2,2,1.0,2
201200026340,0012-10-31 18:00:00,12,10,31,18,0,340,172,"sans, NERUDA (AVENUE PAB",43.61775,3.82063,Nuit avec éclairage allumé,En agglomération,Hors intersection,Normale,Autre collision,,,,,,,,,,,5,2,1,1.0,6
201200026341,0012-11-03 04:15:00,12,11,3,4,15,340,172,"SANS, LIBERTE (AVENUE DE",43.57181,3.88715,Nuit avec éclairage allumé,En agglomération,Hors intersection,Normale,Sans collision,,,,,,,,,,,5,2,1,1.0,7
201200026342,0012-11-05 16:55:00,12,11,5,16,55,340,129,"0, AGAU (AVENUE DE L')",43.59106,3.90859,Crépuscule ou aube,Hors agglomération,Intersection en X,Normale,Deux véhicules - côté,,,,,,,,,,,2,1,2,1.0,3
201200026343,0012-11-05 19:00:00,12,11,5,19,0,340,172,"0, PLATEAU DES VIOLETTES",43.60645,3.85213,Nuit avec éclairage allumé,En agglomération,Intersection en T,Normale,Deux véhicules - côté,,,,,,,,,,,5,2,3,1.0,3
201200026344,0012-11-06 16:40:00,12,11,6,16,40,340,172,"sans, BRANDT (CARREFOUR",43.61287,3.82385,Plein jour,En agglomération,Hors intersection,Normale,Deux véhicules - arrière,,,,,,,,,,,1,2,1,1.0,2
201200026345,0012-11-06 12:45:00,12,11,6,12,45,340,172,"0, VAL DE MONTFERRAND A",43.63909,3.87347,Plein jour,En agglomération,Hors intersection,Normale,Sans collision,,,,,,,,,,,1,2,1,1.0,7
201200026346,0012-11-07 08:05:00,12,11,7,8,5,340,172,"0, HORTUS (RUE DE L'",43.64109,3.85826,Plein jour,En agglomération,Intersection en T,Normale,Deux véhicules - côté,,,,,,,,,,,1,2,3,1.0,3
201200026347,0012-11-07 11:30:00,12,11,7,11,30,340,172,"0, FOCH (RUE)",43.61102,3.87367,Plein jour,En agglomération,Hors intersection,Normale,Sans collision,,,,,,,,,,,1,2,1,1.0,7
201200026348,0012-11-07 13:40:00,12,11,7,13,40,340,172,"sans, GRANIER (ROND POIN",43.60179,3.90044,Plein jour,En agglomération,Hors intersection,Normale,Deux véhicules - côté,,,,,,,,,,,1,2,1,1.0,3
201200026349,0012-11-07 17:15:00,12,11,7,17,15,340,172,"sans, FAUBOURG SAINT JAU",43.61397,3.87044,Crépuscule ou aube,En agglomération,Intersection en T,Normale,Deux véhicules - côté,,,,,,,,,,,2,2,3,1.0,3
201200026350,0012-11-09 11:15:00,12,11,9,11,15,340,172,"sans, POITIERS (AVENUE G",43.64133,3.81802,Plein jour,En agglomération,Hors intersection,Pluie légère,Autre collision,,,,,,,,,,,1,2,1,2.0,6
201200026351,0012-11-09 19:15:00,12,11,9,19,15,340,172,CLEMATITES (RUE DES),43.59833,3.87986,Nuit avec éclairage non allumé,En agglomération,Intersection en X,Pluie légère,Deux véhicules - côté,,,,,,,,,,,4,2,2,2.0,3
201200026352,0012-11-10 15:00:00,12,11,10,15,0,340,198,FOIRE (ROUTE DE LA),43.5758,3.94962,Plein jour,Hors agglomération,Hors intersection,Normale,Deux véhicules - arrière,,,,,,,,,,,1,1,1,1.0,2
201200026353,0012-11-10 16:20:00,12,11,10,16,20,340,172,"14, SAINT ANTOINE (RUE)",43.60735,3.86533,Plein jour,En agglomération,Hors intersection,Temps couvert,Autre collision,,,,,,,,,,,1,2,1,8.0,6
201200026354,0012-11-10 23:00:00,12,11,10,23,0,340,172,NAZARETH (RUE DE),43.62238,3.88292,Nuit avec éclairage allumé,En agglomération,Intersection en X,Pluie légère,Deux véhicules - côté,,,,,,,,,,,5,2,2,2.0,3
201200026355,0012-11-11 06:10:00,12,11,11,6,10,340,172,"81, PALAVAS (AVENUE DE)",43.5956,3.8879,Nuit avec éclairage allumé,En agglomération,Autre intersection,Normale,Autre collision,,,,,,,,,,,5,2,9,1.0,6
201200026356,0012-11-10 13:55:00,12,11,10,13,55,340,172,"145, JANVIER (RUE GUILLA",43.59595,3.86601,Plein jour,En agglomération,Hors intersection,Temps couvert,Deux véhicules - frontale,,,,,,,,,,,1,2,1,8.0,1
201200026357,0012-11-12 16:10:00,12,11,12,16,10,340,172,", PAS DU LOUP (RUE DU",43.60012,3.84825,Plein jour,En agglomération,Hors intersection,Normale,Autre collision,,,,,,,,,,,1,2,1,1.0,6
201200026358,0012-11-12 09:40:00,12,11,12,9,40,340,172,"0, FLANDRES-DUNKERQUE (P",43.5897,3.85575,Plein jour,En agglomération,Hors intersection,Normale,Sans collision,,,,,,,,,,,1,2,1,1.0,7
201200026359,0012-11-12 09:05:00,12,11,12,9,5,340,172,PASSERINES (RUE DES),43.58841,3.86989,Plein jour,En agglomération,Intersection en T,Normale,Deux véhicules - côté,,,,,,,,,,,1,2,3,1.0,3
201200026360,0012-11-13 16:00:00,12,11,13,16,0,340,172,"15, ARC (RUE JEANNE D')",43.60742,3.88449,Plein jour,En agglomération,Hors intersection,Normale,Sans collision,,,,,,,,,,,1,2,1,1.0,7
201200026361,0012-11-14 11:30:00,12,11,14,11,30,340,172,"32, SAINT CLEOPHAS (RUE)",43.59705,3.87236,Plein jour,En agglomération,Hors intersection,Normale,Autre collision,,,,,,,,,,,1,2,1,1.0,6
201200026362,0012-11-14 18:30:00,12,11,14,18,30,340,172,BLAYAC (RUE DU PROFESSEU,43.62585,3.82441,Nuit avec éclairage allumé,En agglomération,Hors intersection,Normale,Autre collision,,,,,,,,,,,5,2,1,1.0,6
201200026363,0012-11-16 09:15:00,12,11,16,9,15,340,172,"219, BROUSSONNET (RUE AU",43.61603,3.87165,Plein jour,En agglomération,Hors intersection,Normale,Autre collision,,,,,,,,,,,1,2,1,1.0,6
201200026364,0012-11-13 12:15:00,12,11,13,12,15,340,129,"0, CARNON (ROUTE DE  D21",43.58511,3.92056,Plein jour,Hors agglomération,Intersection en T,Normale,Deux véhicules - côté,,,,,,,,,,,1,1,3,1.0,3
201200026365,0012-11-17 15:00:00,12,11,17,15,0,340,172,"604, AIGUELONGUE (RUE DE",43.63317,3.87546,Plein jour,En agglomération,Intersection en T,Pluie légère,Deux véhicules - côté,,,,,,,,,,,1,2,3,2.0,3
201200026366,0012-11-17 17:05:00,12,11,17,17,5,340,172,"0, MISTRAL (AVENUE FREDE",43.61,3.88278,Crépuscule ou aube,En agglomération,Hors intersection,Pluie légère,Autre collision,,,,,,,,,,,2,2,1,2.0,6
201200026367,0012-11-18 12:20:00,12,11,18,12,20,340,172,"1, SAINT LAZARE (AVENUE",43.61782,3.88589,Plein jour,En agglomération,Hors intersection,Temps couvert,Deux véhicules - côté,,,,,,,,,,,1,2,1,8.0,3
201200026368,0012-11-19 09:12:00,12,11,19,9,12,340,172,"38, ASSAS (AVENUE D')",43.61594,3.86278,Plein jour,En agglomération,Hors intersection,Normale,Deux véhicules - côté,,,,,,,,,,,1,2,1,1.0,3
201200026369,0012-11-19 07:50:00,12,11,19,7,50,340,172,"0, LIBERTE (AVENUE DE LA",43.61143,3.82858,Plein jour,En agglomération,Intersection en X,Normale,Autre collision,,,,,,,,,,,1,2,2,1.0,6
201200026370,0012-11-19 09:30:00,12,11,19,9,30,340,172,"0, MENDES FRANCE (AVENUE",43.60805,3.92983,Plein jour,Hors agglomération,Hors intersection,Normale,Deux véhicules - côté,,,,,,,,,,,1,1,1,1.0,3
201200026371,0012-11-20 13:30:00,12,11,20,13,30,340,172,PIREE (AVENUE DU),43.60178,3.89519,Plein jour,En agglomération,Intersection en X,Normale,Autre collision,,,,,,,,,,,1,2,2,1.0,6
201200026372,0012-11-20 16:05:00,12,11,20,16,5,340,172,MENDES FRANCE (AVENUE PR,43.6093,3.9098,Plein jour,En agglomération,Autre intersection,Normale,Autre collision,,,,,,,,,,,1,2,9,1.0,6
201200026373,0012-11-22 13:55:00,12,11,22,13,55,340,172,"0, MERMOZ (AVENUE JEAN)",43.60959,3.89407,Plein jour,En agglomération,Hors intersection,Normale,Deux véhicules - côté,,,,,,,,,,,1,2,1,1.0,3
201200026374,0012-11-22 14:10:00,12,11,22,14,10,340,172,"0, MONTAND (RUE YVES)",43.61963,3.81957,Plein jour,En agglomération,Intersection en X,Normale,Deux véhicules - côté,,,,,,,,,,,1,2,2,1.0,3
201200026375,0012-11-23 13:00:00,12,11,23,13,0,340,172,"459, JUSTICE DE CASTELNA",43.62653,3.87597,Plein jour,En agglomération,Hors intersection,Normale,Deux véhicules - côté,,,,,,,,,,,1,2,1,1.0,3
201200026376,0012-11-23 22:30:00,12,11,23,22,30,340,172,MARES (AVENUE HENRI),43.62064,3.85762,Nuit avec éclairage allumé,En agglomération,Hors intersection,Normale,Sans collision,,,,,,,,,,,5,2,1,1.0,7
201200026377,0012-11-24 02:40:00,12,11,24,2,40,340,172,BLAYAC (RUE DU PROFESSEU,43.62477,3.82712,Nuit avec éclairage allumé,Hors agglomération,Hors intersection,Normale,Sans collision,,,,,,,,,,,5,1,1,1.0,7
201200026378,0012-11-25 06:00:00,12,11,25,6,0,340,172,"677, ROQUETURIERE (RUE D",43.63148,3.8844,Nuit avec éclairage allumé,En agglomération,Hors intersection,Temps couvert,Sans collision,,,,,,,,,,,5,2,1,8.0,7
201200026379,0012-11-25 06:50:00,12,11,25,6,50,340,172,"0, FRANKLIN (ROND POINT",43.61847,3.91371,Nuit avec éclairage allumé,En agglomération,Hors intersection,Temps couvert,Sans collision,,,,,,,,,,,5,2,1,8.0,7
201200026380,0012-11-25 14:16:00,12,11,25,14,16,340,129,"12bis, FREJORGUES (AVENU",43.56935,3.91072,Plein jour,En agglomération,Hors intersection,Normale,Deux véhicules - côté,,,,,,,,,,,1,2,1,1.0,3
201200026381,0012-11-27 08:00:00,12,11,27,8,0,340,172,"sans, SABATIER D'ESPEYRA",43.62555,3.86451,Plein jour,En agglomération,Hors intersection,Normale,Deux véhicules - côté,,,,,,,,,,,1,2,1,1.0,3
201200026382,0012-11-28 09:30:00,12,11,28,9,30,340,198,D66  VOIE RAPIDE,43.59369,3.93932,Plein jour,En agglomération,Autre intersection,Pluie légère,Autre collision,,,,,,,,,,,1,2,9,2.0,6
201200026383,0012-12-01 10:35:00,12,12,1,10,35,340,172,JUSTICE DE CASTELNAU (AV,43.62678,3.8896,Plein jour,En agglomération,Intersection en X,Normale,Deux véhicules - côté,,,,,,,,,,,1,2,2,1.0,3
201200026384,0012-12-03 13:45:00,12,12,3,13,45,340,172,"163, JUSTICE DE CASTELNA",43.627,3.8717,Plein jour,En agglomération,Hors intersection,Normale,Deux véhicules - côté,,,,,,,,,,,1,2,1,1.0,3
201200026385,0012-12-03 18:00:00,12,12,3,18,0,340,172,DEZEUZE (RUE FRANCOIS),43.60876,3.84147,Nuit avec éclairage allumé,En agglomération,Intersection en X,Normale,Deux véhicules - côté,,,,,,,,,,,5,2,2,1.0,3
201200026386,0012-12-04 02:35:00,12,12,4,2,35,340,198,"SANS, D21  ROUTE DE CARN",43.57294,3.94528,Nuit avec éclairage allumé,En agglomération,Hors intersection,Normale,Sans collision,,,,,,,,,,,5,2,1,1.0,7
201200026387,0012-12-05 12:50:00,12,12,5,12,50,340,129,"0, AGAU (AVENUE DE L')",43.57681,3.90722,Plein jour,En agglomération,Hors intersection,Normale,Deux véhicules - côté,,,,,,,,,,,1,2,1,1.0,3
201200026388,0012-12-06 09:55:00,12,12,6,9,55,340,172,"0, DEZEUZE (RUE FRANCOIS",43.60878,3.84164,Plein jour,En agglomération,Intersection en X,Normale,Deux véhicules - frontale,,,,,,,,,,,1,2,2,1.0,1
201200026389,0012-12-06 11:35:00,12,12,6,11,35,340,172,"536, MOULIN DES SEPT CAN",43.59701,3.88017,Plein jour,En agglomération,Hors intersection,Normale,Sans collision,,,,,,,,,,,1,2,1,1.0,7
201200026390,0012-12-06 21:29:00,12,12,6,21,29,340,172,SABATIER D'ESPEYRAN (AVE,43.63442,3.86267,Nuit avec éclairage allumé,En agglomération,Intersection en X,Normale,Deux véhicules - côté,,,,,,,,,,,5,2,2,1.0,3
201200026391,0012-12-10 12:15:00,12,12,10,12,15,340,172,"134, CURAT (RUE DU)",43.62417,3.87748,Plein jour,En agglomération,Autre intersection,Normale,Deux véhicules - côté,,,,,,,,,,,1,2,9,1.0,3
201200026392,0012-12-10 16:45:00,12,12,10,16,45,340,172,"0, DUBOUT (AVENUE ALBERT",43.59701,3.88017,Plein jour,En agglomération,Hors intersection,Normale,Deux véhicules - frontale,,,,,,,,,,,1,2,1,1.0,1
201200026393,0012-12-10 21:00:00,12,12,10,21,0,340,172,"0, BECQUEREL (RUE HENRI)",43.6116,3.91468,Nuit avec éclairage allumé,En agglomération,Hors intersection,Normale,Deux véhicules - arrière,,,,,,,,,,,5,2,1,1.0,2
201200026394,0012-12-11 16:40:00,12,12,11,16,40,340,172,"0, VALERY (BOULEVARD PAU",43.59274,3.85218,Plein jour,En agglomération,Hors intersection,Normale,Deux véhicules - arrière,,,,,,,,,,,1,2,1,1.0,2
201200026395,0012-12-12 09:35:00,12,12,12,9,35,340,172,"302, VIEILLE POSTE (RUE",,,Plein jour,En agglomération,Giratoire,Normale,Autre collision,,,,,,,,,,,1,2,6,1.0,6
201200026396,0012-12-12 19:05:00,12,12,12,19,5,340,172,LIBERTE (AVENUE DE LA,43.6047,3.89473,Nuit avec éclairage allumé,En agglomération,Hors intersection,Normale,Trois véhicules et plus - en chaîne,,,,,,,,,,,5,2,1,1.0,4
201200026397,0012-12-12 20:40:00,12,12,12,20,40,340,172,DROITS DE L'HOMME (AVENU,43.60466,3.89505,Nuit avec éclairage allumé,En agglomération,Intersection en X,Normale,Deux véhicules - côté,,,,,,,,,,,5,2,2,1.0,3
201200026398,0012-12-13 14:10:00,12,12,13,14,10,340,172,"sans, BOUNIN (RUE JACQUE",43.5899,3.86301,Plein jour,En agglomération,Hors intersection,Pluie légère,Autre collision,,,,,,,,,,,1,2,1,2.0,6
201200026399,0012-12-18 03:49:00,12,12,18,3,49,340,172,EUROPE (AVENUE DE L'),43.61944,3.81807,Nuit avec éclairage allumé,En agglomération,Hors intersection,Normale,Autre collision,,,,,,,,,,,5,2,1,1.0,6
201200026400,0012-12-13 17:50:00,12,12,13,17,50,340,172,"21, HOSPICES (RUE DES)",43.62577,3.8656,Nuit avec éclairage allumé,En agglomération,Hors intersection,Normale,Deux véhicules - arrière,,,,,,,,,,,5,2,1,1.0,2
201200026401,0012-12-14 14:20:00,12,12,14,14,20,340,172,LODEVE (AVENUE DE,43.61408,3.83782,Plein jour,En agglomération,Hors intersection,Pluie légère,Deux véhicules - frontale,,,,,,,,,,,1,2,1,2.0,1
201200026402,0012-12-14 17:20:00,12,12,14,17,20,340,172,"35, FIGAIRASSE (RUE DE L",43.6135,3.90491,Nuit avec éclairage allumé,En agglomération,Hors intersection,Pluie légère,Deux véhicules - côté,,,,,,,,,,,5,2,1,2.0,3
201200026403,0012-12-14 17:55:00,12,12,14,17,55,340,172,JUSTICE DE CASTELNAU (AV,43.62676,3.87485,Nuit avec éclairage allumé,En agglomération,Hors intersection,Pluie légère,Autre collision,,,,,,,,,,,5,2,1,2.0,6
201200026404,0012-12-14 19:10:00,12,12,14,19,10,340,172,VIEILLE (RUE DE LA),43.61345,3.90496,Nuit avec éclairage allumé,En agglomération,Hors intersection,Pluie légère,Deux véhicules - côté,,,,,,,,,,,5,2,1,2.0,3
201200026405,0012-12-15 02:10:00,12,12,15,2,10,340,172,"sans, DUBOUT (AVENUE ALB",43.59694,3.87986,Nuit avec éclairage allumé,En agglomération,Hors intersection,Pluie légère,Deux véhicules - frontale,,,,,,,,,,,5,2,1,2.0,1
201200026406,0012-12-19 11:25:00,12,12,19,11,25,340,172,"192, CHENAIE (RUE DE LA)",43.63521,3.87115,Plein jour,En agglomération,Hors intersection,Normale,Sans collision,,,,,,,,,,,1,2,1,1.0,7
201200026407,0012-12-18 17:45:00,12,12,18,17,45,340,172,"sans, PONT DE LAVERUNE (",43.60427,3.83437,Nuit avec éclairage allumé,En agglomération,Hors intersection,Normale,Autre collision,,,,,,,,,,,5,2,1,1.0,6
201200026408,0012-12-19 21:25:00,12,12,19,21,25,340,172,"SANS, BRINGUIER (AVENUE",43.61609,3.84077,Nuit avec éclairage allumé,En agglomération,Hors intersection,Normale,Deux véhicules - arrière,,,,,,,,,,,5,2,1,1.0,2
201200026409,0012-12-10 09:09:00,12,12,10,9,9,340,172,"., RAVAZ (AVENUE DU PROF",43.62004,3.85114,Plein jour,En agglomération,Intersection en T,Normale,Sans collision,,,,,,,,,,,1,2,3,1.0,7
201200026410,0012-12-20 21:55:00,12,12,20,21,55,340,172,FABRE DE MORLHON (BOULEV,43.58911,3.88476,Nuit avec éclairage allumé,En agglomération,Intersection en T,Pluie légère,Deux véhicules - côté,,,,,,,,,,,5,2,3,2.0,3
201200026411,0012-12-21 08:30:00,12,12,21,8,30,340,172,"sans, MOULINS (AVENUE DE",43.63366,3.84325,Plein jour,En agglomération,Hors intersection,Normale,Deux véhicules - arrière,,,,,,,,,,,1,2,1,1.0,2
201200026412,0012-12-21 09:35:00,12,12,21,9,35,340,172,", RIMBAUD (RUE PAUL)",43.61858,3.84548,Plein jour,En agglomération,Hors intersection,Normale,Deux véhicules - côté,,,,,,,,,,,1,2,1,1.0,3
201200026413,0012-12-21 18:00:00,12,12,21,18,0,340,172,NERUDA (AVENUE PABLO),43.61664,3.82,Nuit avec éclairage allumé,En agglomération,Autre intersection,Pluie légère,Sans collision,,,,,,,,,,,5,2,9,2.0,7
201200026414,0012-12-22 05:40:00,12,12,22,5,40,340,172,"259, DOMITIENNE (VOIE)",43.62282,3.86042,Nuit avec éclairage allumé,En agglomération,Hors intersection,Temps couvert,Autre collision,,,,,,,,,,,5,2,1,8.0,6
201200026415,0012-12-24 15:30:00,12,12,24,15,30,340,172,"sans, AURIOL (AVENUE VIN",43.64846,3.8553,Plein jour,En agglomération,Hors intersection,Pluie légère,Deux véhicules - côté,,,,,,,,,,,1,2,1,2.0,3
201200026416,0012-12-28 20:18:00,12,12,28,20,18,340,172,"0, TOULOUSE (AVENUE DE",43.59861,3.86555,Nuit avec éclairage allumé,En agglomération,Intersection en T,Normale,Deux véhicules - côté,,,,,,,,,,,5,2,3,1.0,3
201200026417,0012-12-29 13:25:00,12,12,29,13,25,340,172,"56, PONT JUVENAL (AVENUE",43.60546,3.88859,Plein jour,En agglomération,Hors intersection,Normale,Deux véhicules - arrière,,,,,,,,,,,1,2,1,1.0,2
201200026418,0012-12-30 19:35:00,12,12,30,19,35,340,172,"sans, FABRE DE MORLHON (",43.58904,3.88486,Nuit avec éclairage allumé,En agglomération,Hors intersection,Normale,Deux véhicules - côté,,,,,,,,,,,5,2,1,1.0,3
201200026419,0012-01-10 16:30:00,12,1,10,16,30,340,108,"0, EAUX BLANCHES (ZI)",43.42126,3.72361,Plein jour,Hors agglomération,Intersection en X,Normale,Deux véhicules - côté,,,,,,,,,,,1,1,2,1.0,3
201200026420,0012-01-14 12:15:00,12,1,14,12,15,340,301,"0, RD 612",43.33943,3.57366,Plein jour,Hors agglomération,Hors intersection,Normale,Trois véhicules et plus - collisions multiples,,,,,,,,,,,1,1,1,1.0,5
201200026421,0012-01-28 01:50:00,12,1,28,1,50,340,301,"0, EAUX BLANCHES (ZONE I",43.41986,3.71576,Nuit avec éclairage non allumé,En agglomération,Intersection en T,Pluie légère,Sans collision,,,,,,,,,,,4,2,3,2.0,7
201200026422,0012-02-03 20:55:00,12,2,3,20,55,340,301,"0, SUQUET LEOPOLD (QUAI)",43.40433,3.69731,Nuit avec éclairage allumé,En agglomération,Intersection en T,Normale,Deux véhicules - côté,,,,,,,,,,,5,2,3,1.0,3
201200026423,0012-02-05 15:10:00,12,2,5,15,10,340,108,"0, RD 612",43.42557,3.74926,Plein jour,Hors agglomération,Hors intersection,Normale,Deux véhicules - frontale,,,,,,,,,,,1,1,1,1.0,1
201200026424,0012-02-20 14:20:00,12,2,20,14,20,340,108,"0, MUSCAT (AVENUE DU)",43.44158,3.74668,Plein jour,En agglomération,Intersection en T,Normale,Deux véhicules - côté,,,,,,,,,,,1,2,3,1.0,3
201200026425,0012-02-21 15:30:00,12,2,21,15,30,340,301,"0, BALARUC (ROUTE DE)",43.42296,3.70853,Plein jour,Hors agglomération,Hors intersection,Normale,Deux véhicules - frontale,,,,,,,,,,,1,1,1,1.0,1
201200026426,0012-03-07 10:50:00,12,3,7,10,50,340,301,"13, MARTY JEAN BAPTISTE",43.39729,3.69596,Plein jour,En agglomération,Hors intersection,Normale,Autre collision,,,,,,,,,,,1,2,1,1.0,6
201200026427,0012-03-10 17:30:00,12,3,10,17,30,340,108,"0, SAINT PAUL (RUE)",43.44633,3.75619,Plein jour,En agglomération,Intersection en T,Normale,Autre collision,,,,,,,,,,,1,2,3,1.0,6
201200026428,0012-03-25 18:00:00,12,3,25,18,0,340,301,"0, SEPTEMBRE (RUE DU 4)",43.40909,3.69386,Plein jour,En agglomération,Intersection en X,Normale,Deux véhicules - côté,,,,,,,,,,,1,2,2,1.0,3
201200026429,0012-04-01 08:50:00,12,4,1,8,50,340,301,"0, PONT-LEVIS (CHEMIN DU",,,Plein jour,En agglomération,Hors intersection,Normale,Deux véhicules - arrière,,,,,,,,,,,1,2,1,1.0,2
201200026430,0012-04-07 23:25:00,12,4,7,23,25,340,301,"0, RD 612",43.33528,3.57636,Nuit sans éclairage public,Hors agglomération,Hors intersection,Pluie légère,Deux véhicules - frontale,,,,,,,,,,,3,1,1,2.0,1
201200026431,0012-04-20 16:20:00,12,4,20,16,20,340,301,"0, ALGER (QUAI D')",,,Plein jour,En agglomération,Intersection en T,Normale,Deux véhicules - côté,,,,,,,,,,,1,2,3,1.0,3
201200026432,0012-04-27 17:50:00,12,4,27,17,50,340,108,"0, COSTE (LA)",43.45082,3.74844,Plein jour,En agglomération,Intersection en X,Normale,Deux véhicules - côté,,,,,,,,,,,1,2,2,1.0,3
201200026433,0012-05-02 01:24:00,12,5,2,1,24,340,301,"0, VERDUN (BOULEVARD DE)",43.41152,3.69229,Nuit avec éclairage allumé,En agglomération,Hors intersection,Normale,Sans collision,,,,,,,,,,,5,2,1,1.0,7
201200026434,0012-05-15 13:55:00,12,5,15,13,55,340,301,"0, MARTELLI GILBERT (AVE",,,Plein jour,En agglomération,Hors intersection,Normale,Deux véhicules - côté,,,,,,,,,,,1,2,1,1.0,3
201200026435,0012-05-16 15:50:00,12,5,16,15,50,340,301,"0, VERDUN (BOULEVARD DE)",,,Plein jour,En agglomération,Hors intersection,Normale,Autre collision,,,,,,,,,,,1,2,1,1.0,6
201200026436,0012-05-21 08:40:00,12,5,21,8,40,340,108,"0, PRES DE ST MARTIN (CH",,,Plein jour,En agglomération,Hors intersection,Pluie légère,Deux véhicules - frontale,,,,,,,,,,,1,2,1,2.0,1
201200026437,0012-06-03 23:15:00,12,6,3,23,15,340,301,"14, SUQUET LEOPOLD (QUAI",,,Nuit avec éclairage allumé,En agglomération,Hors intersection,Normale,Sans collision,,,,,,,,,,,5,2,1,1.0,7
201200026438,0012-06-07 18:05:00,12,6,7,18,5,340,301,"0, BALARUC (ROUTE DE)",43.4155,3.70353,Plein jour,En agglomération,Intersection en T,Normale,Deux véhicules - côté,,,,,,,,,,,1,2,3,1.0,3
201200026439,0012-06-27 06:30:00,12,6,27,6,30,340,301,"0, JUIN MARECHAL (AVENUE",43.40742,3.70396,Plein jour,En agglomération,Hors intersection,Normale,Autre collision,,,,,,,,,,,1,2,1,1.0,6
201200026440,0012-06-27 09:50:00,12,6,27,9,50,340,301,"0, BALARUC (ROUTE DE)",,,Plein jour,En agglomération,Hors intersection,Normale,Autre collision,,,,,,,,,,,1,2,1,1.0,6
201200026441,0012-07-01 00:20:00,12,7,1,0,20,340,301,"0, DENFERT ROCHEREAU (RU",,,Nuit avec éclairage allumé,En agglomération,Intersection en X,Normale,Deux véhicules - côté,,,,,,,,,,,5,2,2,1.0,3
201200026442,0012-07-02 18:50:00,12,7,2,18,50,340,108,"0, RD 600",,,Plein jour,Hors agglomération,Hors intersection,Normale,Deux véhicules - arrière,,,,,,,,,,,1,1,1,1.0,2
201200026443,0012-07-03 12:00:00,12,7,3,12,0,340,108,"2, DE GAULE GENERAL (AVE",,,Plein jour,En agglomération,Hors intersection,Normale,Autre collision,,,,,,,,,,,1,2,1,1.0,6
201200026444,0012-07-15 00:45:00,12,7,15,0,45,340,301,"87, MARTY JEAN BAPTISTE",,,Nuit avec éclairage allumé,En agglomération,Hors intersection,Normale,Deux véhicules - côté,,,,,,,,,,,5,2,1,1.0,3
201200026445,0012-07-16 13:00:00,12,7,16,13,0,340,301,"0, PAVOIS D'OR (QUAI DU)",,,Plein jour,En agglomération,Hors intersection,Normale,Autre collision,,,,,,,,,,,1,2,1,1.0,6
201200026446,0012-08-05 01:10:00,12,8,5,1,10,340,108,"0, PARE AMBROISE (AVENUE",43.45624,3.75851,Nuit avec éclairage allumé,En agglomération,Intersection en T,Normale,Deux véhicules - côté,,,,,,,,,,,5,2,3,1.0,3
201200026447,0012-08-12 06:20:00,12,8,12,6,20,340,108,"0, RD 612",,,Crépuscule ou aube,Hors agglomération,Hors intersection,Normale,Deux véhicules - frontale,,,,,,,,,,,2,1,1,1.0,1
201200026448,0012-08-05 09:15:00,12,8,5,9,15,340,301,"0, REVOLUTION (RUE DE LA",,,Plein jour,En agglomération,Hors intersection,Normale,Autre collision,,,,,,,,,,,1,2,1,1.0,6
201200026449,0012-08-14 15:25:00,12,8,14,15,25,340,301,"0, CLEMENCEAU GEORGES (E",,,Plein jour,En agglomération,Hors intersection,Normale,Deux véhicules - frontale,,,,,,,,,,,1,2,1,1.0,1
201200026450,0012-08-16 10:15:00,12,8,16,10,15,340,108,"0, MEDITERRANNEE (AVENUE",,,Plein jour,En agglomération,Hors intersection,Normale,Autre collision,,,,,,,,,,,1,2,1,1.0,6
201200026451,0012-08-16 22:10:00,12,8,16,22,10,340,301,"19, CLERVILLE CHEVALIER",,,Nuit avec éclairage allumé,En agglomération,Hors intersection,Normale,Sans collision,,,,,,,,,,,5,2,1,1.0,7
201200026452,0012-08-26 07:00:00,12,8,26,7,0,340,301,"0, BLANC LOUIS (RUE)",,,Plein jour,En agglomération,Intersection en T,Normale,Deux véhicules - côté,,,,,,,,,,,1,2,3,1.0,3
201200026453,0012-08-31 03:00:00,12,8,31,3,0,340,301,"0, LECLERC PHILIPPE MARE",,,Nuit avec éclairage allumé,En agglomération,Hors intersection,Normale,Deux véhicules - frontale,,,,,,,,,,,5,2,1,1.0,1
201200026454,0012-08-31 16:05:00,12,8,31,16,5,340,108,"35, GAMBETTA (BOULEVARD)",,,Plein jour,En agglomération,Hors intersection,Normale,Autre collision,,,,,,,,,,,1,2,1,1.0,6
201200026455,0012-09-03 06:45:00,12,9,3,6,45,340,301,"0, BALARUC (ROUTE DE)",,,Plein jour,Hors agglomération,Hors intersection,Normale,Trois véhicules et plus - collisions multiples,,,,,,,,,,,1,1,1,1.0,5
201200026456,0012-09-06 03:32:00,12,9,6,3,32,340,301,"918, LECLERC PHILIPPE MA",,,Nuit avec éclairage allumé,En agglomération,Hors intersection,Normale,Sans collision,,,,,,,,,,,5,2,1,1.0,7