accident_id,datetime,annee,mois,jour,heure,minute,departement,commune_insee,adresse,latitude,longitude,luminosite,agglomeration,intersection,meteo,collision,nb_vehicules,nb_usagers,nb_indemnes,nb_tues,nb_blesses_hosp,nb_blesses_legers,age_cond_1,age_cond_2,veh_type_cond_1,veh_type_cond_2,lum_code,agg_code,int_code,atm_code,col_code
201200026701,0012-06-03 16:00:00,12,6,3,16,0,350,238,LORIENT/RETARDAIS,48.1067,-1.7296,Plein jour,En agglomération,Intersection en T,Normale,Autre collision,,,,,,,,,,,1,2,3,1.0,6
201200026702,0012-06-03 17:50:00,12,6,3,17,50,350,238,PORTE DE LORIENT,48.1075,-1.71643,Plein jour,En agglomération,Intersection à plus de 4 branches,Normale,Autre collision,,,,,,,,,,,1,2,5,1.0,6
201200026703,0012-06-05 19:05:00,12,6,5,19,5,350,238,RUE H.LE GUILLOUX,48.1152,-1.69892,Plein jour,En agglomération,Hors intersection,Temps couvert,Deux véhicules - frontale,,,,,,,,,,,1,2,1,8.0,1
201200026704,0012-06-06 17:55:00,12,6,6,17,55,350,238,H.LACROIX/J.VALL?S,48.1049,-1.70845,Plein jour,En agglomération,Giratoire,Temps couvert,Deux véhicules - côté,,,,,,,,,,,1,2,6,8.0,3
201200026705,0012-06-06 21:50:00,12,6,6,21,50,350,238,ALMA/GINGUEN?,48.0994,-1.67574,Nuit avec éclairage allumé,En agglomération,Intersection en X,Temps couvert,Deux véhicules - côté,,,,,,,,,,,5,2,2,8.0,3
201200026706,0012-06-07 13:45:00,12,6,7,13,45,350,238,ROCADE 7-8,48.0856,-1.69975,Plein jour,En agglomération,Hors intersection,Temps couvert,Deux véhicules - arrière,,,,,,,,,,,1,2,1,8.0,2
201200026707,0012-06-07 13:50:00,12,6,7,13,50,350,238,ROCADE 7-8,48.07881,-1.69309,Plein jour,En agglomération,Hors intersection,Temps couvert,Deux véhicules - arrière,,,,,,,,,,,1,2,1,8.0,2
201200026708,0012-06-07 17:05:00,12,6,7,17,5,350,238,LORIENT/RETARDAIS,48.1067,-1.7296,Plein jour,En agglomération,Intersection en T,Temps couvert,Autre collision,,,,,,,,,,,1,2,3,8.0,6
201200026709,0012-06-08 08:15:00,12,6,8,8,15,350,238,10 RUE DE LA SAUVAIE,48.0945,-1.63423,Plein jour,En agglomération,Hors intersection,Normale,Deux véhicules - côté,,,,,,,,,,,1,2,1,1.0,3
201200026710,0012-06-08 13:10:00,12,6,8,13,10,350,238,LA T.A/PAPIER TIMBR?,48.1045,-1.6845,Plein jour,En agglomération,Intersection en T,Temps couvert,Autre collision,,,,,,,,,,,1,2,3,8.0,6
201200026711,0012-06-08 15:10:00,12,6,8,15,10,350,238,PONT ST H?LIER,48.1056,-1.6659,Plein jour,En agglomération,Hors intersection,Normale,Deux véhicules - arrière,,,,,,,,,,,1,2,1,1.0,2
201200026712,0012-06-10 01:30:00,12,6,10,1,30,350,238,NITSCH/F.JOLY,48.1018,-1.68403,Nuit avec éclairage allumé,En agglomération,Intersection à plus de 4 branches,Pluie légère,Autre collision,,,,,,,,,,,5,2,5,2.0,6
201200026713,0012-06-11 08:50:00,12,6,11,8,50,350,55,LANDES (RUE DES),,,Plein jour,En agglomération,Hors intersection,Normale,Deux véhicules - côté,,,,,,,,,,,1,2,1,1.0,3
201200026714,0012-06-11 16:35:00,12,6,11,16,35,350,238,M.G?RARD/P.H.DESGR?ES,48.0929,-1.64007,Plein jour,En agglomération,Giratoire,Pluie légère,Deux véhicules - côté,,,,,,,,,,,1,2,6,2.0,3
201200026715,0012-06-11 17:05:00,12,6,11,17,5,350,238,V.MAREUIL/CHARDONNET,48.1067,-1.6509,Plein jour,En agglomération,Intersection en T,Normale,Deux véhicules - côté,,,,,,,,,,,1,2,3,1.0,3
201200026716,0012-06-15 07:10:00,12,6,15,7,10,350,238,DUJARDIN/PASTEUR,48.1102,-1.67414,Plein jour,En agglomération,Intersection en X,Normale,Deux véhicules - côté,,,,,,,,,,,1,2,2,1.0,3
201200026717,0012-06-15 14:20:00,12,6,15,14,20,350,238,"00, PREVALAYE (CHEMIN DE",,,Plein jour,En agglomération,Intersection en T,Normale,Sans collision,,,,,,,,,,,1,2,3,1.0,7
201200026718,0012-06-15 20:25:00,12,6,15,20,25,350,238,MONTS D'ARR?E/PATTON,48.1351,-1.65963,Plein jour,En agglomération,Intersection en X,Normale,Deux véhicules - côté,,,,,,,,,,,1,2,2,1.0,3
201200026719,0012-06-16 20:05:00,12,6,16,20,5,350,238,RUE DU PUITS MAUGER,48.1058,-1.68257,Plein jour,En agglomération,Hors intersection,Normale,Trois véhicules et plus - en chaîne,,,,,,,,,,,1,2,1,1.0,4
201200026720,0012-06-17 08:15:00,12,6,17,8,15,350,238,W.CHURCHILL/LYONNAIS,48.1236,-1.70911,Plein jour,En agglomération,Intersection en T,Normale,Deux véhicules - côté,,,,,,,,,,,1,2,3,1.0,3
201200026721,0012-06-17 14:20:00,12,6,17,14,20,350,238,BULGARIE/ROUMANIE,48.0846,-1.65395,Plein jour,En agglomération,Intersection en T,Normale,Deux véhicules - côté,,,,,,,,,,,1,2,3,1.0,3
201200026722,0012-06-18 15:45:00,12,6,18,15,45,350,238,BD VILLEBOIS MAREUIL,48.1082,-1.65261,Plein jour,En agglomération,Hors intersection,Normale,Autre collision,,,,,,,,,,,1,2,1,1.0,6
201200026723,0012-06-19 17:30:00,12,6,19,17,30,350,238,RUE D'ISLY,,,Plein jour,En agglomération,Hors intersection,Normale,Autre collision,,,,,,,,,,,1,2,1,1.0,6
201200026724,0012-06-20 08:55:00,12,6,20,8,55,350,238,ST-HELIER/LA?NNEC,48.1057,-1.66601,Plein jour,En agglomération,Intersection à plus de 4 branches,Normale,Deux véhicules - côté,,,,,,,,,,,1,2,5,1.0,3
201200026725,0012-06-22 17:10:00,12,6,22,17,10,350,281,"00, RD 177",,,Plein jour,En agglomération,Hors intersection,Normale,Deux véhicules - arrière,,,,,,,,,,,1,2,1,1.0,2
201200026726,0012-06-23 13:10:00,12,6,23,13,10,350,238,CHATEAUGIRON/K.BOTMEL,48.0941,-1.63435,Plein jour,En agglomération,Intersection en X,Normale,Deux véhicules - arrière,,,,,,,,,,,1,2,2,1.0,2
201200026727,0012-06-24 15:43:00,12,6,24,15,43,350,238,A.DUVAL/C.BERNARD,48.1035,-1.69401,Plein jour,En agglomération,Intersection en X,Pluie légère,Deux véhicules - côté,,,,,,,,,,,1,2,2,2.0,3
201200026728,0012-06-25 09:20:00,12,6,25,9,20,350,238,PORTE DE VILLEJEAN,48.1235,-1.7185,Plein jour,En agglomération,Intersection à plus de 4 branches,Temps couvert,Trois véhicules et plus - en chaîne,,,,,,,,,,,1,2,5,8.0,4
201200026729,0012-06-26 20:25:00,12,6,26,20,25,350,238,ISLY/E.SOUVESTRE,48.1059,-1.67777,Plein jour,En agglomération,Intersection en T,Normale,Autre collision,,,,,,,,,,,1,2,3,1.0,6
201200026730,0012-06-27 11:50:00,12,6,27,11,50,350,238,PLACE E.AULNETTE,48.1293,-1.69941,Plein jour,En agglomération,Hors intersection,Normale,Autre collision,,,,,,,,,,,1,2,1,1.0,6
201200026731,0012-06-27 12:00:00,12,6,27,12,0,350,238,H.FR?VILLE/YSER,48.0921,-1.67485,Plein jour,En agglomération,Intersection en X,Normale,Deux véhicules - côté,,,,,,,,,,,1,2,2,1.0,3
201200026732,0012-06-27 17:15:00,12,6,27,17,15,350,238,METZ/PARIS,48.1146,-1.65706,Plein jour,En agglomération,Intersection à plus de 4 branches,Normale,Trois véhicules et plus - collisions multiples,,,,,,,,,,,1,2,5,1.0,5
201200026733,0012-06-27 23:55:00,12,6,27,23,55,350,238,"26,CANAL ST MARTIN",48.1221,-1.6802,Nuit avec éclairage allumé,En agglomération,Hors intersection,Normale,Deux véhicules - arrière,,,,,,,,,,,5,2,1,1.0,2
201200026734,0012-06-28 08:50:00,12,6,28,8,50,350,238,ST H?LIER/DUHAMEL,48.1074,-1.67201,Plein jour,En agglomération,Intersection en X,Normale,Deux véhicules - côté,,,,,,,,,,,1,2,2,1.0,3
201200026735,0012-06-29 17:20:00,12,6,29,17,20,350,281,PILATE (RUE DE LA),,,Plein jour,En agglomération,Hors intersection,Normale,Deux véhicules - côté,,,,,,,,,,,1,2,1,1.0,3
201200026736,0012-06-30 14:15:00,12,6,30,14,15,350,238,O.LEROUX/LAVANANT,48.0914,-1.66896,Plein jour,En agglomération,Intersection en X,Pluie légère,Deux véhicules - côté,,,,,,,,,,,1,2,2,2.0,3
201200026737,0012-06-30 19:00:00,12,6,30,19,0,350,238,S?VIGN?/W.ROUSSEAU,48.1162,-1.66465,Plein jour,En agglomération,Intersection en X,Normale,Deux véhicules - côté,,,,,,,,,,,1,2,2,1.0,3
201200026738,0012-07-01 18:18:00,12,7,1,18,18,350,55,"00, HALLOUVRY (RUE D')",,,Plein jour,En agglomération,Intersection en T,Normale,Deux véhicules - frontale,,,,,,,,,,,1,2,3,1.0,1
201200026739,0012-07-03 18:30:00,12,7,3,18,30,350,238,GUILLAUDOT/ST MELAINE,48.1148,-1.6744,Plein jour,En agglomération,Intersection en T,Normale,Deux véhicules - arrière,,,,,,,,,,,1,2,3,1.0,2
201200026740,0012-07-04 13:30:00,12,7,4,13,30,350,238,CH?ZY/SAINT MALO,48.1206,-1.68182,Plein jour,En agglomération,Intersection en X,Pluie forte,Deux véhicules - arrière,,,,,,,,,,,1,2,2,3.0,2
201200026741,0012-07-05 09:12:00,12,7,5,9,12,350,238,PARKING MAGINOT,48.11,-1.65986,Plein jour,En agglomération,Hors intersection,Normale,Deux véhicules - côté,,,,,,,,,,,1,2,1,1.0,3
201200026742,0012-07-05 17:10:00,12,7,5,17,10,350,238,RUE L ET R.MOINE,48.0912,-1.68209,Plein jour,En agglomération,Hors intersection,Normale,Autre collision,,,,,,,,,,,1,2,1,1.0,6
201200026743,0012-07-05 18:15:00,12,7,5,18,15,350,238,PORTE DE VILLEJEAN,48.1249,-1.71864,Plein jour,En agglomération,Intersection à plus de 4 branches,Normale,Trois véhicules et plus - en chaîne,,,,,,,,,,,1,2,5,1.0,4
201200026744,0012-07-06 10:00:00,12,7,6,10,0,350,238,V.MAREUIL/MOU?ZY,48.104,-1.65003,Plein jour,En agglomération,Giratoire,Normale,Autre collision,,,,,,,,,,,1,2,6,1.0,6
201200026745,0012-07-06 18:15:00,12,7,6,18,15,350,238,FOULON/DONZELOT,48.1223,-1.63872,Plein jour,En agglomération,Giratoire,Normale,Deux véhicules - côté,,,,,,,,,,,1,2,6,1.0,3
201200026746,0012-07-09 09:15:00,12,7,9,9,15,350,238,"86, BD DE VITR?",48.1195,-1.65023,Plein jour,En agglomération,Hors intersection,Pluie légère,Autre collision,,,,,,,,,,,1,2,1,2.0,6
201200026747,0012-07-09 17:30:00,12,7,9,17,30,350,238,14 SQUARE P.FLOR?S,48.1257,-1.63818,Plein jour,En agglomération,Hors intersection,Normale,Deux véhicules - côté,,,,,,,,,,,1,2,1,1.0,3
201200026748,0012-07-09 20:25:00,12,7,9,20,25,350,238,H.FR?VILLE/PORTUGAL,48.0837,-1.67451,Plein jour,En agglomération,Intersection en X,Normale,Deux véhicules - côté,,,,,,,,,,,1,2,2,1.0,3
201200026749,0012-07-10 17:30:00,12,7,10,17,30,350,238,L.GUILLOUX/TOURNEMINE,48.1098,-1.69851,Plein jour,En agglomération,Intersection en T,Normale,Deux véhicules - côté,,,,,,,,,,,1,2,3,1.0,3
201200026750,0012-07-11 14:55:00,12,7,11,14,55,350,238,PORTE DE LORIENT,48.1072,-1.71882,Plein jour,En agglomération,Intersection à plus de 4 branches,Temps couvert,Deux véhicules - arrière,,,,,,,,,,,1,2,5,8.0,2
201200026751,0012-07-11 19:45:00,12,7,11,19,45,350,238,PALESTINE/D.ANNE,48.115,-1.66585,Plein jour,En agglomération,Intersection en X,Normale,Deux véhicules - côté,,,,,,,,,,,1,2,2,1.0,3
201200026752,0012-07-13 08:50:00,12,7,13,8,50,350,238,"64, BD MARBEUF",48.1096,-1.70709,Plein jour,En agglomération,Hors intersection,Normale,Autre collision,,,,,,,,,,,1,2,1,1.0,6
201200026753,0012-07-13 16:10:00,12,7,13,16,10,350,238,LA T.A/P/TIMBR?,48.1045,-1.6845,Plein jour,En agglomération,Intersection en T,Temps couvert,Deux véhicules - arrière,,,,,,,,,,,1,2,3,8.0,2
201200026754,0012-07-14 13:15:00,12,7,14,13,15,350,238,"3, QUAI DE LA PR?VALAYE",48.1096,-1.6851,Plein jour,En agglomération,Hors intersection,Normale,Deux véhicules - arrière,,,,,,,,,,,1,2,1,1.0,2
201200026755,0012-07-14 19:25:00,12,7,14,19,25,350,238,64 AVENUE MAGINOT,48.1099,-1.6637,Plein jour,En agglomération,Hors intersection,Normale,Autre collision,,,,,,,,,,,1,2,1,1.0,6
201200026756,0012-07-16 08:50:00,12,7,16,8,50,350,238,VERN/L.BOURGEOIS,48.0981,-1.65565,Plein jour,En agglomération,Intersection en X,Normale,Deux véhicules - côté,,,,,,,,,,,1,2,2,1.0,3
201200026757,0012-07-16 12:45:00,12,7,16,12,45,350,238,PORTE DE BR?QUIGNY,48.0775,-1.69559,Plein jour,En agglomération,Intersection à plus de 4 branches,Normale,Sans collision,,,,,,,,,,,1,2,5,1.0,7
201200026758,0012-07-16 17:45:00,12,7,16,17,45,350,238,214 RUE DE NANTES,48.0969,-1.68905,Plein jour,En agglomération,Hors intersection,Normale,Deux véhicules - côté,,,,,,,,,,,1,2,1,1.0,3
201200026759,0012-07-18 12:00:00,12,7,18,12,0,350,238,G.PATTON/VOLNEY,48.1248,-1.66712,Plein jour,En agglomération,Intersection en X,Normale,Deux véhicules - côté,,,,,,,,,,,1,2,2,1.0,3
201200026760,0012-07-19 13:30:00,12,7,19,13,30,350,238,"16, RUE F.HELLER",48.1303,-1.66366,Plein jour,En agglomération,Hors intersection,Normale,Sans collision,,,,,,,,,,,1,2,1,1.0,7
201200026761,0012-07-19 16:10:00,12,7,19,16,10,350,238,HORLOGE/F.BUISSON,48.1109,-1.68023,Plein jour,En agglomération,Intersection en X,Normale,Deux véhicules - côté,,,,,,,,,,,1,2,2,1.0,3
201200026762,0012-07-23 07:40:00,12,7,23,7,40,350,238,"7, BD VOLNEY",48.1241,-1.6661,Plein jour,En agglomération,Hors intersection,Normale,Deux véhicules - côté,,,,,,,,,,,1,2,1,1.0,3
201200026763,0012-07-25 09:00:00,12,7,25,9,0,350,238,J.JANVIER/DESCARTES,48.107,-1.67329,Plein jour,En agglomération,Intersection en X,Normale,Autre collision,,,,,,,,,,,1,2,2,1.0,6
201200026764,0012-07-25 19:45:00,12,7,25,19,45,350,238,ILLE ET RANCE/MITTERRAND,48.1103,-1.68628,Plein jour,En agglomération,Intersection à plus de 4 branches,Normale,Sans collision,,,,,,,,,,,1,2,5,1.0,7
201200026765,0012-07-26 14:00:00,12,7,26,14,0,350,238,PAYS BAS/SUISSE,48.0864,-1.66099,Plein jour,En agglomération,Giratoire,Normale,Deux véhicules - côté,,,,,,,,,,,1,2,6,1.0,3
201200026766,0012-07-27 13:00:00,12,7,27,13,0,350,55,"17, DEUX RUISSEAUX (AV.",,,Plein jour,En agglomération,Intersection en Y,Normale,Deux véhicules - côté,,,,,,,,,,,1,2,4,1.0,3
201200026767,0012-07-27 16:00:00,12,7,27,16,0,350,238,"00, PORTE DE BREQUIGNY",48.0787,-1.69201,Plein jour,En agglomération,Intersection à plus de 4 branches,Normale,Deux véhicules - arrière,,,,,,,,,,,1,2,5,1.0,2
201200026768,0012-07-27 18:30:00,12,7,27,18,30,350,238,AVENUE DE POLOGNE,48.087,-1.65092,Plein jour,En agglomération,Hors intersection,Normale,Autre collision,,,,,,,,,,,1,2,1,1.0,6
201200026769,0012-07-28 05:20:00,12,7,28,5,20,350,238,"278, RUE DE FOUG?RES",48.129,-1.64536,Nuit avec éclairage allumé,En agglomération,Hors intersection,Normale,Autre collision,,,,,,,,,,,5,2,1,1.0,6
201200026770,0012-07-28 07:45:00,12,7,28,7,45,350,238,RUE J.M.HUCHET,48.1117,-1.63762,Plein jour,En agglomération,Hors intersection,Normale,Autre collision,,,,,,,,,,,1,2,1,1.0,6
201200026771,0012-07-28 15:15:00,12,7,28,15,15,350,55,"09, MOULIN (RUE DU)",48.08858,-1.62758,Plein jour,En agglomération,Hors intersection,Normale,Autre collision,,,,,,,,,,,1,2,1,1.0,6
201200026772,0012-08-01 01:45:00,12,8,1,1,45,350,238,"9,RUE DE L'H?TEL DIEU",48.1172,-1.68046,Nuit avec éclairage allumé,En agglomération,Hors intersection,Normale,Autre collision,,,,,,,,,,,5,2,1,1.0,6
201200026773,0012-08-01 08:52:00,12,8,1,8,52,350,278,"00, SCHUMAN (BOULEVARD R",,,Plein jour,En agglomération,Hors intersection,Normale,Sans collision,,,,,,,,,,,1,2,1,1.0,7
201200026774,0012-08-02 08:00:00,12,8,2,8,0,350,278,"00, CHESNAIS BEAUREGARD",,,Plein jour,En agglomération,Autre intersection,Normale,Autre collision,,,,,,,,,,,1,2,9,1.0,6
201200026775,0012-08-02 18:30:00,12,8,2,18,30,350,238,PR? BOTT?/DREYFUS,48.1093,-1.67632,Plein jour,En agglomération,Intersection en X,Normale,Autre collision,,,,,,,,,,,1,2,2,1.0,6
201200026776,0012-08-03 09:35:00,12,8,3,9,35,350,238,ALBERT 1ER/LE G.K?RANGAL,48.08969,-1.68457,Plein jour,En agglomération,Intersection en T,Normale,Autre collision,,,,,,,,,,,1,2,3,1.0,6
201200026777,0012-08-03 12:22:00,12,8,3,12,22,350,238,E.CAVELL/VAU ST GERMAIN,48.111,-1.67783,Plein jour,En agglomération,Intersection à plus de 4 branches,Normale,Sans collision,,,,,,,,,,,1,2,5,1.0,7
201200026778,0012-08-03 21:05:00,12,8,3,21,5,350,238,16 RUE D'ARMAGNAC,48.1198,-1.71585,Plein jour,En agglomération,Hors intersection,Normale,Sans collision,,,,,,,,,,,1,2,1,1.0,7
201200026779,0012-08-04 13:00:00,12,8,4,13,0,350,238,PORTE DES LONGS CHAMPS,48.1413,-1.62551,Plein jour,En agglomération,Hors intersection,Normale,Deux véhicules - arrière,,,,,,,,,,,1,2,1,1.0,2
201200026780,0012-08-04 12:55:00,12,8,4,12,55,350,278,"00, FOSSES  (LIEU DIT)",,,Plein jour,En agglomération,Hors intersection,Normale,Autre collision,,,,,,,,,,,1,2,1,1.0,6
201200026781,0012-08-06 12:35:00,12,8,6,12,35,350,238,P.HENRY/BERTRAND,48.1242,-1.70023,Plein jour,En agglomération,Intersection en T,Normale,Deux véhicules - côté,,,,,,,,,,,1,2,3,1.0,3
201200026782,0012-08-06 19:15:00,12,8,6,19,15,350,238,FOUG?RES/PAINLEV?,48.1235,-1.65962,Plein jour,En agglomération,Intersection en X,Normale,Autre collision,,,,,,,,,,,1,2,2,1.0,6
201200026783,0012-08-10 10:30:00,12,8,10,10,30,350,238,PARC DE BR?QUIGNY,48.0836,-1.68424,Plein jour,En agglomération,Autre intersection,Normale,Sans collision,,,,,,,,,,,1,2,9,1.0,7
201200026784,0012-08-13 19:15:00,12,8,13,19,15,350,206,PORTE DE BREQUIGNY,48.0788,-1.69316,Plein jour,En agglomération,Hors intersection,Pluie légère,Autre collision,,,,,,,,,,,1,2,1,2.0,6
201200026785,0012-08-14 15:25:00,12,8,14,15,25,350,238,"16, RUE L ET R.MOINE",48.0904,-1.6822,Plein jour,En agglomération,Hors intersection,Normale,Deux véhicules - côté,,,,,,,,,,,1,2,1,1.0,3
201200026786,0012-08-14 18:08:00,12,8,14,18,8,350,278,"00, MAISON BLANCHE (ROND",48.14432,-1.65695,Plein jour,En agglomération,Giratoire,Normale,Sans collision,,,,,,,,,,,1,2,6,1.0,7
201200026787,0012-08-14 23:05:00,12,8,14,23,5,350,238,JOFFRE/PR? BOTT?,48.1093,-1.67784,Nuit avec éclairage allumé,En agglomération,Intersection en X,Normale,Deux véhicules - côté,,,,,,,,,,,5,2,2,1.0,3
201200026788,0012-08-14 22:45:00,12,8,14,22,45,350,238,ROCADE NORD-EST,48.1423,-1.65345,Nuit sans éclairage public,En agglomération,Hors intersection,Normale,Autre collision,,,,,,,,,,,3,2,1,1.0,6
201200026789,0012-08-16 23:35:00,12,8,16,23,35,350,238,"15, QUAI LAMARTINE",48.1102,-1.67883,Nuit avec éclairage allumé,En agglomération,Hors intersection,Normale,Deux véhicules - arrière,,,,,,,,,,,5,2,1,1.0,2
201200026790,0012-08-18 17:19:00,12,8,18,17,19,350,238,MAGINOT/LA?NNEC,48.1098,-1.66565,Plein jour,En agglomération,Intersection en X,Normale,Deux véhicules - arrière,,,,,,,,,,,1,2,2,1.0,2
201200026791,0012-08-20 14:25:00,12,8,20,14,25,350,238,MAGINOT/LA?NNEC,48.1098,-1.66565,Plein jour,En agglomération,Intersection en X,Normale,Deux véhicules - arrière,,,,,,,,,,,1,2,2,1.0,2
201200026792,0012-08-21 01:40:00,12,8,21,1,40,350,238,153 RUE DE SAINT-MALO,48.1223,-1.68401,Nuit avec éclairage allumé,En agglomération,Hors intersection,Normale,Autre collision,,,,,,,,,,,5,2,1,1.0,6
201200026793,0012-08-21 12:15:00,12,8,21,12,15,350,238,PK ALMA/UKRAINE,48.0813,-1.67858,Plein jour,En agglomération,Intersection en T,Normale,Deux véhicules - côté,,,,,,,,,,,1,2,3,1.0,3
201200026794,0012-08-21 15:20:00,12,8,21,15,20,350,238,NANTES/ALBERT 1ER,48.0903,-1.69276,Plein jour,En agglomération,Intersection en X,Normale,Autre collision,,,,,,,,,,,1,2,2,1.0,6
201200026795,0012-08-21 17:00:00,12,8,21,17,0,350,238,PORTE DES LOGES,48.0904,-1.62982,Plein jour,En agglomération,Autre intersection,Normale,Trois véhicules et plus - en chaîne,,,,,,,,,,,1,2,9,1.0,4
201200026796,0012-08-22 11:58:00,12,8,22,11,58,350,238,VOLNEY/FOUG?RES,48.1218,-1.66273,Plein jour,En agglomération,Intersection à plus de 4 branches,Normale,Deux véhicules - côté,,,,,,,,,,,1,2,5,1.0,3
201200026797,0012-08-22 17:35:00,12,8,22,17,35,350,238,M.SERVIGN?/RETARDAIS,48.1019,-1.72762,Plein jour,En agglomération,Intersection en T,Normale,Deux véhicules - arrière,,,,,,,,,,,1,2,3,1.0,2
201200026798,0012-08-23 00:01:00,12,8,23,0,1,350,278,"00, PORTE DE ST MALO",,,Nuit sans éclairage public,Hors agglomération,Hors intersection,Normale,Autre collision,,,,,,,,,,,3,1,1,1.0,6
201200026799,0012-08-23 08:50:00,12,8,23,8,50,350,238,131 AVENUE A.BRIAND,48.1103,-1.65658,Plein jour,En agglomération,Hors intersection,Temps éblouissant,Deux véhicules - côté,,,,,,,,,,,1,2,1,7.0,3
201200026800,0012-08-23 18:00:00,12,8,23,18,0,350,281,"00, RD 177",,,Plein jour,En agglomération,Hors intersection,Normale,Deux véhicules - arrière,,,,,,,,,,,1,2,1,1.0,2
201200026801,0012-08-25 12:15:00,12,8,25,12,15,350,238,PORTE DE LORIENT.,48.1198,-1.72024,Plein jour,En agglomération,Intersection à plus de 4 branches,Normale,Autre collision,,,,,,,,,,,1,2,5,1.0,6
201200026802,0012-08-29 06:30:00,12,8,29,6,30,350,238,B.DE COSMES/C.COURTEL,48.1271,-1.62886,Nuit avec éclairage allumé,En agglomération,Giratoire,Normale,Autre collision,,,,,,,,,,,5,2,6,1.0,6
201200026803,0012-08-29 22:20:00,12,8,29,22,20,350,238,"51, BD DE LA LIBERT?",48.1084,-1.68381,Nuit avec éclairage allumé,En agglomération,Hors intersection,Normale,Sans collision,,,,,,,,,,,5,2,1,1.0,7
201200026804,0012-08-30 16:15:00,12,8,30,16,15,350,238,H.FR?VILLE/YSER,48.0921,-1.67485,Plein jour,En agglomération,Intersection en X,Temps couvert,Deux véhicules - arrière,,,,,,,,,,,1,2,2,8.0,2
201200026805,0012-08-31 08:30:00,12,8,31,8,30,350,238,BOIS LABB?/G.MAILLOLS,48.1289,-1.70338,Plein jour,En agglomération,Intersection en X,Normale,Sans collision,,,,,,,,,,,1,2,2,1.0,7
201200026806,0012-08-31 19:50:00,12,8,31,19,50,350,238,PORTE DE NANTES,48.07591,-1.67528,Plein jour,En agglomération,Hors intersection,Normale,Sans collision,,,,,,,,,,,1,2,1,1.0,7
201200026807,0012-09-01 15:35:00,12,9,1,15,35,350,238,L.GUILLOUX/LORIENT,48.1091,-1.69733,Plein jour,En agglomération,Intersection en T,Pluie légère,Deux véhicules - arrière,,,,,,,,,,,1,2,3,2.0,2
201200026808,0012-09-02 05:20:00,12,9,2,5,20,350,238,PORTE DE LORIENT,48.11009,-1.71828,Nuit sans éclairage public,En agglomération,Intersection à plus de 4 branches,Normale,Autre collision,,,,,,,,,,,3,2,5,1.0,6
201200026809,0012-09-02 14:00:00,12,9,2,14,0,350,238,"18, BD P.PAINLEV?",48.1222,-1.65693,Plein jour,En agglomération,Hors intersection,Normale,Sans collision,,,,,,,,,,,1,2,1,1.0,7
201200026810,0012-09-03 17:00:00,12,9,3,17,0,350,238,"18, AV DU BOIS LABB?",48.1284,-1.70326,Plein jour,En agglomération,Hors intersection,Normale,Sans collision,,,,,,,,,,,1,2,1,1.0,7
201200026811,0012-09-03 18:15:00,12,9,3,18,15,350,238,"6, RUE SAINT THOMAS",48.1084,-1.67578,Plein jour,En agglomération,Hors intersection,Normale,Deux véhicules - côté,,,,,,,,,,,1,2,1,1.0,3
201200026812,0012-09-03 17:00:00,12,9,3,17,0,350,238,21T AVENUE GROS MALHON,48.1233,-1.68174,Plein jour,En agglomération,Hors intersection,Normale,Trois véhicules et plus - en chaîne,,,,,,,,,,,1,2,1,1.0,4
201200026813,0012-09-03 18:15:00,12,9,3,18,15,350,238,H.FR?VILLE/ALBERT 1ER,48.0889,-1.67495,Plein jour,En agglomération,Intersection en X,Normale,Deux véhicules - côté,,,,,,,,,,,1,2,2,1.0,3
201200026814,0012-09-04 09:15:00,12,9,4,9,15,350,238,C.FOULON/P.DONZELOT,48.1223,-1.63872,Plein jour,En agglomération,Giratoire,Normale,Sans collision,,,,,,,,,,,1,2,6,1.0,7
201200026815,0012-09-04 13:39:00,12,9,4,13,39,350,238,ARMORIQUE/MOTTE BR?LON,48.1314,-1.67262,Plein jour,En agglomération,Intersection en X,Normale,Deux véhicules - arrière,,,,,,,,,,,1,2,2,1.0,2
201200026816,0012-09-05 14:50:00,12,9,5,14,50,350,238,ROCHESTER/G.ROPARTZ,48.1279,-1.65748,Plein jour,En agglomération,Intersection en X,Normale,Deux véhicules - côté,,,,,,,,,,,1,2,2,1.0,3
201200026817,0012-09-05 16:45:00,12,9,5,16,45,350,238,PK C.C LECLERC CLEUNAY,48.1041,-1.71454,Plein jour,En agglomération,Hors intersection,Normale,Autre collision,,,,,,,,,,,1,2,1,1.0,6
201200026818,0012-09-06 11:50:00,12,9,6,11,50,350,238,G.POMPIDOU/BUF?RON,48.1,-1.68662,Plein jour,En agglomération,Intersection en X,Normale,Deux véhicules - côté,,,,,,,,,,,1,2,2,1.0,3
201200026819,0012-09-06 17:00:00,12,9,6,17,0,350,238,1 RUE F.BUISSON,48.1109,-1.67944,Plein jour,En agglomération,Hors intersection,Normale,Sans collision,,,,,,,,,,,1,2,1,1.0,7
201200026820,0012-09-07 17:15:00,12,9,7,17,15,350,238,LORIENT/J.LEMAISTRE,48.1072,-1.72068,Plein jour,En agglomération,Intersection en T,Normale,Deux véhicules - côté,,,,,,,,,,,1,2,3,1.0,3
201200026821,0012-09-07 21:15:00,12,9,7,21,15,350,238,"77, RUE DE CH?TEAUGIRON",48.1006,-1.65061,Nuit avec éclairage allumé,En agglomération,Hors intersection,Normale,Deux véhicules - côté,,,,,,,,,,,5,2,1,1.0,3
201200026822,0012-09-08 14:20:00,12,9,8,14,20,350,238,GARE/BEAUMONT,48.1039,-1.67342,Plein jour,En agglomération,Intersection en T,Normale,Deux véhicules - côté,,,,,,,,,,,1,2,3,1.0,3
201200026823,0012-09-08 20:05:00,12,9,8,20,5,350,238,VERN/HAUTES OURMES,48.0875,-1.64492,Plein jour,En agglomération,Giratoire,Normale,Autre collision,,,,,,,,,,,1,2,6,1.0,6
201200026824,0012-09-10 19:20:00,12,9,10,19,20,350,278,"00, LIBERATION (AVENUE D",,,Plein jour,En agglomération,Hors intersection,Normale,Trois véhicules et plus - en chaîne,,,,,,,,,,,1,2,1,1.0,4