accident_id,datetime,annee,mois,jour,heure,minute,departement,commune_insee,adresse,latitude,longitude,luminosite,agglomeration,intersection,meteo,collision,nb_vehicules,nb_usagers,nb_indemnes,nb_tues,nb_blesses_hosp,nb_blesses_legers,age_cond_1,age_cond_2,veh_type_cond_1,veh_type_cond_2,lum_code,agg_code,int_code,atm_code,col_code
201200026825,0012-09-10 16:47:00,12,9,10,16,47,350,281,"00, DODIN (AVENUE ROGER)",,,Plein jour,En agglomération,Hors intersection,Normale,Sans collision,,,,,,,,,,,1,2,1,1.0,7
201200026826,0012-09-11 08:10:00,12,9,11,8,10,350,238,F.EBOU?/Y.CHATEL,48.0857,-1.69302,Plein jour,En agglomération,Intersection en T,Pluie forte,Deux véhicules - arrière,,,,,,,,,,,1,2,3,3.0,2
201200026827,0012-09-11 10:45:00,12,9,11,10,45,350,206,PORTE DE BR?QUIGNY,48.0791,-1.69487,Plein jour,En agglomération,Intersection à plus de 4 branches,Normale,Deux véhicules - côté,,,,,,,,,,,1,2,5,1.0,3
201200026828,0012-09-12 09:46:00,12,9,12,9,46,350,238,V.MAREUIL/CHARDONNET,48.1067,-1.6509,Plein jour,En agglomération,Intersection en T,Pluie légère,Sans collision,,,,,,,,,,,1,2,3,2.0,7
201200026829,0012-09-12 11:25:00,12,9,12,11,25,350,238,E.COMBES/PRUD'HOMME,48.0935,-1.66771,Plein jour,En agglomération,Intersection en T,Normale,Deux véhicules - côté,,,,,,,,,,,1,2,3,1.0,3
201200026830,0012-09-12 16:40:00,12,9,12,16,40,350,278,"00, MONTGERMONT (ROND PO",,,Plein jour,En agglomération,Giratoire,Pluie légère,Deux véhicules - arrière,,,,,,,,,,,1,2,6,2.0,2
201200026831,0012-09-14 18:40:00,12,9,14,18,40,350,238,LECLERC/F.CH?TEAU,48.1139,-1.64089,Plein jour,En agglomération,Giratoire,Normale,Deux véhicules - côté,,,,,,,,,,,1,2,6,1.0,3
201200026832,0012-09-15 00:05:00,12,9,15,0,5,350,238,ST MALO/COETLOGON,48.1226,-1.68421,Nuit avec éclairage non allumé,En agglomération,Intersection en X,Normale,Deux véhicules - arrière,,,,,,,,,,,4,2,2,1.0,2
201200026833,0012-09-19 17:35:00,12,9,19,17,35,350,238,BERTRAND/HOCHE,48.1136,-1.67732,Plein jour,En agglomération,Intersection à plus de 4 branches,Normale,Deux véhicules - côté,,,,,,,,,,,1,2,5,1.0,3
201200026834,0012-09-20 08:30:00,12,9,20,8,30,350,238,PORTE DU BLOSNE,48.0843,-1.6433,Plein jour,En agglomération,Intersection à plus de 4 branches,Normale,Deux véhicules - côté,,,,,,,,,,,1,2,5,1.0,3
201200026835,0012-09-20 17:20:00,12,9,20,17,20,350,238,LIBERT?/TRONJOLLY,48.1074,-1.68037,Plein jour,En agglomération,Intersection en X,Temps éblouissant,Autre collision,,,,,,,,,,,1,2,2,7.0,6
201200026836,0012-09-20 19:04:00,12,9,20,19,4,350,238,L.GUILLOUX/PAPU,48.1115,-1.70143,Plein jour,En agglomération,Intersection en T,Normale,Deux véhicules - côté,,,,,,,,,,,1,2,3,1.0,3
201200026837,0012-09-20 18:50:00,12,9,20,18,50,350,238,ALMA/J.CARTIER,48.0974,-1.67515,Plein jour,En agglomération,Intersection en X,Normale,Autre collision,,,,,,,,,,,1,2,2,1.0,6
201200026838,0012-09-21 01:10:00,12,9,21,1,10,350,238,ST J.B.SALLE/H.GUILLOUX,48.1145,-1.70009,Nuit avec éclairage allumé,En agglomération,Intersection en X,Normale,Deux véhicules - côté,,,,,,,,,,,5,2,2,1.0,3
201200026839,0012-09-21 20:25:00,12,9,21,20,25,350,238,PASSAGE BOBY,48.1101,-1.66686,Nuit avec éclairage allumé,En agglomération,Hors intersection,Normale,Sans collision,,,,,,,,,,,5,2,1,1.0,7
201200026840,0012-09-21 20:15:00,12,9,21,20,15,350,238,PORTE DE BREST,48.1202,-1.72229,Nuit sans éclairage public,En agglomération,Intersection à plus de 4 branches,Normale,Autre collision,,,,,,,,,,,3,2,5,1.0,6
201200026841,0012-09-22 17:00:00,12,9,22,17,0,350,278,"00, BLAVET (RUE DU)",,,Plein jour,En agglomération,Hors intersection,Normale,Autre collision,,,,,,,,,,,1,2,1,1.0,6
201200026842,0012-09-24 09:15:00,12,9,24,9,15,350,278,RD 137,,,Plein jour,En agglomération,Hors intersection,Temps couvert,Deux véhicules - arrière,,,,,,,,,,,1,2,1,8.0,2
201200026843,0012-09-24 08:10:00,12,9,24,8,10,350,238,S?VIGN?/W.ROUSSEAU,48.1162,-1.66465,Plein jour,En agglomération,Intersection en X,Temps couvert,Deux véhicules - côté,,,,,,,,,,,1,2,2,8.0,3
201200026844,0012-09-24 17:30:00,12,9,24,17,30,350,238,C.TILLON/W.CHURCHILL,48.1245,-1.70926,Plein jour,En agglomération,Intersection en T,Pluie forte,Autre collision,,,,,,,,,,,1,2,3,3.0,6
201200026845,0012-09-25 08:00:00,12,9,25,8,0,350,238,RICHEPIN/FLEURIOT,48.1232,-1.66279,Plein jour,En agglomération,Intersection en X,Normale,Deux véhicules - côté,,,,,,,,,,,1,2,2,1.0,3
201200026846,0012-09-26 07:05:00,12,9,26,7,5,350,278,RD137,48.17193,-1.71479,Nuit sans éclairage public,En agglomération,Hors intersection,Pluie légère,Autre collision,,,,,,,,,,,3,2,1,2.0,6
201200026847,0012-09-26 17:00:00,12,9,26,17,0,350,278,ROCADE 13-14,48.14155,-1.6692,Plein jour,En agglomération,Hors intersection,Pluie légère,Trois véhicules et plus - en chaîne,,,,,,,,,,,1,2,1,2.0,4
201200026848,0012-09-27 12:20:00,12,9,27,12,20,350,238,C.C.ALMA/UKRAINE,48.0813,-1.67858,Plein jour,En agglomération,Intersection en X,Normale,Deux véhicules - côté,,,,,,,,,,,1,2,2,1.0,3
201200026849,0012-09-29 06:15:00,12,9,29,6,15,350,238,RP F.F ONU/YSER,48.0899,-1.68194,Nuit avec éclairage allumé,En agglomération,Giratoire,Normale,Deux véhicules - côté,,,,,,,,,,,5,2,6,1.0,3
201200026850,0012-09-29 06:04:00,12,9,29,6,4,350,238,VZIN/C.COLLIN,48.1162,-1.71648,Nuit avec éclairage allumé,En agglomération,Giratoire,Normale,Sans collision,,,,,,,,,,,5,2,6,1.0,7
201200026851,0012-09-29 21:55:00,12,9,29,21,55,350,238,VERN/L.GRIMAULT,48.0912,-1.64548,Nuit avec éclairage allumé,En agglomération,Intersection en X,Normale,Deux véhicules - côté,,,,,,,,,,,5,2,2,1.0,3
201200026852,0012-10-02 17:05:00,12,10,2,17,5,350,238,REDON/SURCOUF,48.1051,-1.69225,Plein jour,En agglomération,Intersection en X,Pluie légère,Autre collision,,,,,,,,,,,1,2,2,2.0,6
201200026853,0012-10-02 16:50:00,12,10,2,16,50,350,55,"00, BONNIN ANDRE (AVENUE",,,Plein jour,En agglomération,Hors intersection,Pluie légère,Autre collision,,,,,,,,,,,1,2,1,2.0,6
201200026854,0012-10-02 17:25:00,12,10,2,17,25,350,238,PORTE DE BREQUIGNY,48.0788,-1.6929,Plein jour,En agglomération,Intersection à plus de 4 branches,Pluie légère,Deux véhicules - arrière,,,,,,,,,,,1,2,5,2.0,2
201200026855,0012-10-02 18:30:00,12,10,2,18,30,350,238,"245, SAINT-MALO (DE) DE",48.13137,-1.69032,Plein jour,En agglomération,Hors intersection,Pluie légère,Deux véhicules - côté,,,,,,,,,,,1,2,1,2.0,3
201200026856,0012-10-02 21:35:00,12,10,2,21,35,350,238,PIR?/MONTAIGNE,48.0977,-1.65937,Nuit avec éclairage allumé,En agglomération,Intersection en T,Pluie légère,Deux véhicules - frontale,,,,,,,,,,,5,2,3,2.0,1
201200026857,0012-10-03 08:00:00,12,10,3,8,0,350,238,ARMORIQUE/G.PATTON,48.1285,-1.66419,Crépuscule ou aube,En agglomération,Intersection en X,Pluie légère,Deux véhicules - arrière,,,,,,,,,,,2,2,2,2.0,2
201200026858,0012-10-03 08:20:00,12,10,3,8,20,350,238,PORTE DU BLOSNE,48.0838,-1.643,Plein jour,En agglomération,Giratoire,Pluie légère,Sans collision,,,,,,,,,,,1,2,6,2.0,7
201200026859,0012-10-03 12:45:00,12,10,3,12,45,350,238,25 BIS RUE DE BREST,48.1127,-1.69388,Plein jour,En agglomération,Intersection en X,Temps couvert,Deux véhicules - côté,,,,,,,,,,,1,2,2,8.0,3
201200026860,0012-10-03 22:10:00,12,10,3,22,10,350,238,TASSIGNY/CANAL,48.1151,-1.68795,Nuit avec éclairage allumé,En agglomération,Intersection en T,Normale,Sans collision,,,,,,,,,,,5,2,3,1.0,7
201200026861,0012-10-06 13:05:00,12,10,6,13,5,350,55,"00, RD 463",48.08781,-1.62491,Plein jour,En agglomération,Intersection en T,Pluie légère,Deux véhicules - frontale,,,,,,,,,,,1,2,3,2.0,1
201200026862,0012-10-07 13:20:00,12,10,7,13,20,350,238,34 RUE DE CHATEAUGIRON,48.1017,-1.6555,Plein jour,En agglomération,Hors intersection,Normale,Autre collision,,,,,,,,,,,1,2,1,1.0,6
201200026863,0012-10-07 16:25:00,12,10,7,16,25,350,238,LIBERT?/DUC,48.1074,-1.67548,Plein jour,En agglomération,Intersection en X,Normale,Autre collision,,,,,,,,,,,1,2,2,1.0,6
201200026864,0012-10-07 22:45:00,12,10,7,22,45,350,238,PORTE DE CLEUNAY,48.1024,-1.71512,Nuit avec éclairage allumé,En agglomération,Intersection à plus de 4 branches,Pluie légère,Deux véhicules - frontale,,,,,,,,,,,5,2,5,2.0,1
201200026865,0012-10-08 15:20:00,12,10,8,15,20,350,238,BROGLIE/GU?RINAIS,48.0996,-1.7112,Plein jour,En agglomération,Intersection en X,Pluie forte,Deux véhicules - côté,,,,,,,,,,,1,2,2,3.0,3
201200026866,0012-10-08 17:45:00,12,10,8,17,45,350,238,METZ/FOUG?RES,48.1218,-1.66273,Plein jour,En agglomération,Intersection à plus de 4 branches,Pluie forte,Autre collision,,,,,,,,,,,1,2,5,3.0,6
201200026867,0012-10-09 07:00:00,12,10,9,7,0,350,238,PORTE DE BREQUIGNY,48.0801,-1.69497,Nuit sans éclairage public,En agglomération,Intersection à plus de 4 branches,Pluie légère,Deux véhicules - côté,,,,,,,,,,,3,2,5,2.0,3
201200026868,0012-10-09 09:30:00,12,10,9,9,30,350,55,"00, PORTE D'ANGERS",,,Plein jour,En agglomération,Giratoire,Pluie légère,Autre collision,,,,,,,,,,,1,2,6,2.0,6
201200026869,0012-10-09 17:15:00,12,10,9,17,15,350,238,ROCADE SUD PR5-750,48.0884,-1.63356,Plein jour,En agglomération,Hors intersection,Temps couvert,Deux véhicules - côté,,,,,,,,,,,1,2,1,8.0,3
201200026870,0012-10-11 09:55:00,12,10,11,9,55,350,238,A.LAVANANT/O.LEROUX,48.0914,-1.66896,Plein jour,En agglomération,Giratoire,Pluie légère,Deux véhicules - côté,,,,,,,,,,,1,2,6,2.0,3
201200026871,0012-10-11 13:50:00,12,10,11,13,50,350,238,BAUD/F.CH?TEAU,48.1123,-1.64353,Plein jour,En agglomération,Intersection en T,Normale,Trois véhicules et plus - en chaîne,,,,,,,,,,,1,2,3,1.0,4
201200026872,0012-10-12 15:55:00,12,10,12,15,55,350,238,L.GUILLOUX/TOURNEMINE,48.1098,-1.69851,Plein jour,En agglomération,Intersection en T,Pluie légère,Deux véhicules - côté,,,,,,,,,,,1,2,3,2.0,3
201200026873,0012-10-12 18:12:00,12,10,12,18,12,350,238,S?VIGN?/W.ROUSSEAU,48.1164,-1.67416,Nuit avec éclairage allumé,En agglomération,Intersection à plus de 4 branches,Normale,Autre collision,,,,,,,,,,,5,2,5,1.0,6
201200026874,0012-10-13 01:44:00,12,10,13,1,44,350,238,103 BD DE VERDUN,48.1214,-1.6865,Nuit avec éclairage allumé,En agglomération,Hors intersection,Normale,Sans collision,,,,,,,,,,,5,2,1,1.0,7
201200026875,0012-10-13 11:30:00,12,10,13,11,30,350,55,LA HALLERAIS (LIEU DIT),48.07805,-1.63241,Plein jour,En agglomération,Giratoire,Pluie légère,Deux véhicules - côté,,,,,,,,,,,1,2,6,2.0,3
201200026876,0012-10-13 23:10:00,12,10,13,23,10,350,238,CL?MENCEAU/CH?TILLON,48.0936,-1.67109,Nuit avec éclairage allumé,En agglomération,Intersection en X,Normale,Deux véhicules - côté,,,,,,,,,,,5,2,2,1.0,3
201200026877,0012-10-14 11:35:00,12,10,14,11,35,350,238,A.LAVANANT/G.HERV?,48.0903,-1.66912,Plein jour,En agglomération,Giratoire,Temps éblouissant,Deux véhicules - côté,,,,,,,,,,,1,2,6,7.0,3
201200026878,0012-10-15 08:00:00,12,10,15,8,0,350,278,RN 137,48.15974,-1.70586,Nuit sans éclairage public,En agglomération,Hors intersection,Normale,Trois véhicules et plus - en chaîne,,,,,,,,,,,3,2,1,1.0,4
201200026879,0012-10-17 06:05:00,12,10,17,6,5,350,238,VILLENEUVE/J.CARTIER,48.0968,-1.68158,Nuit avec éclairage allumé,En agglomération,Intersection en X,Pluie légère,Deux véhicules - côté,,,,,,,,,,,5,2,2,2.0,3
201200026880,0012-10-17 08:20:00,12,10,17,8,20,350,238,58 RUE P.LANGEVIN,48.0924,-1.65839,Plein jour,En agglomération,Hors intersection,Pluie légère,Sans collision,,,,,,,,,,,1,2,1,2.0,7
201200026881,0012-10-17 08:30:00,12,10,17,8,30,350,278,"00, PORTE DE BEAUREGARD",48.1375,-1.70195,Plein jour,En agglomération,Hors intersection,Temps couvert,Autre collision,,,,,,,,,,,1,2,1,8.0,6
201200026882,0012-10-18 16:15:00,12,10,18,16,15,350,238,L.BERNARD/G.BERGER,48.1175,-1.70466,Plein jour,En agglomération,Giratoire,Pluie légère,Deux véhicules - côté,,,,,,,,,,,1,2,6,2.0,3
201200026883,0012-10-18 17:35:00,12,10,18,17,35,350,238,ROCADE SUD PR5-700,48.0817,-1.64934,Plein jour,En agglomération,Hors intersection,Pluie légère,Trois véhicules et plus - en chaîne,,,,,,,,,,,1,2,1,2.0,4
201200026884,0012-10-19 04:15:00,12,10,19,4,15,350,278,DE GAULLE (AVENUE GENERA,48.1458,-1.68633,Nuit avec éclairage allumé,En agglomération,Intersection en X,Pluie légère,Deux véhicules - côté,,,,,,,,,,,5,2,2,2.0,3
201200026885,0012-10-19 07:47:00,12,10,19,7,47,350,238,VERDUN/COETLOGON,48.1226,-1.68542,Nuit avec éclairage allumé,En agglomération,Intersection en X,Pluie légère,Autre collision,,,,,,,,,,,5,2,2,2.0,6
201200026886,0012-10-19 09:20:00,12,10,19,9,20,350,238,C.TILLON/P.HENRY,48.125,-1.70018,Plein jour,En agglomération,Intersection en T,Pluie légère,Deux véhicules - côté,,,,,,,,,,,1,2,3,2.0,3
201200026887,0012-10-19 14:05:00,12,10,19,14,5,350,238,ROCADE NORD-OUEST,48.12803,-1.71248,Plein jour,En agglomération,Hors intersection,Pluie légère,Deux véhicules - côté,,,,,,,,,,,1,2,1,2.0,3
201200026888,0012-10-20 11:25:00,12,10,20,11,25,350,238,ESPAGNE/CH?TILLON,48.0866,-1.67194,Plein jour,En agglomération,Intersection en X,Normale,Autre collision,,,,,,,,,,,1,2,2,1.0,6
201200026889,0012-10-20 18:15:00,12,10,20,18,15,350,238,ALMA/ALLI?S,48.105,-1.67754,Crépuscule ou aube,En agglomération,Intersection en T,Pluie légère,Sans collision,,,,,,,,,,,2,2,3,2.0,7
201200026890,0012-10-22 07:55:00,12,10,22,7,55,350,238,"163, AVENUE G.PATTON",48.1262,-1.66562,Nuit avec éclairage allumé,En agglomération,Hors intersection,Pluie légère,Sans collision,,,,,,,,,,,5,2,1,2.0,7
201200026891,0012-10-22 17:10:00,12,10,22,17,10,350,238,ST MALO/W.LOTH,48.1242,-1.6849,Plein jour,En agglomération,Intersection en X,Temps couvert,Autre collision,,,,,,,,,,,1,2,2,8.0,6
201200026892,0012-10-23 11:27:00,12,10,23,11,27,350,278,RN 137,48.13536,-1.6917,Plein jour,En agglomération,Hors intersection,Normale,Trois véhicules et plus - en chaîne,,,,,,,,,,,1,2,1,1.0,4
201200026893,0012-10-23 10:10:00,12,10,23,10,10,350,278,ROCADE 13-14,48.14079,-1.68531,Plein jour,En agglomération,Hors intersection,Normale,Autre collision,,,,,,,,,,,1,2,1,1.0,6
201200026894,0012-10-24 09:30:00,12,10,24,9,30,350,238,"33, RUE H.LE GUILLOUX",48.1164,-1.69669,Plein jour,En agglomération,Hors intersection,Normale,Deux véhicules - côté,,,,,,,,,,,1,2,1,1.0,3
201200026895,0012-10-24 10:55:00,12,10,24,10,55,350,238,RUE D.PAPIN,48.1062,-1.69311,Plein jour,En agglomération,Hors intersection,Normale,Deux véhicules - côté,,,,,,,,,,,1,2,1,1.0,3
201200026896,0012-10-25 07:40:00,12,10,25,7,40,350,238,RUE C.BERNARD,48.1032,-1.69412,Nuit avec éclairage non allumé,En agglomération,Hors intersection,Normale,Autre collision,,,,,,,,,,,4,2,1,1.0,6
201200026897,0012-10-25 08:15:00,12,10,25,8,15,350,278,RN 137,48.1674,-1.71154,Plein jour,En agglomération,Hors intersection,Normale,Trois véhicules et plus - en chaîne,,,,,,,,,,,1,2,1,1.0,4
201200026898,0012-10-27 17:30:00,12,10,27,17,30,350,238,ANTRAIN/BRIZEUX,48.1206,-1.67206,Plein jour,En agglomération,Intersection en T,Temps éblouissant,Autre collision,,,,,,,,,,,1,2,3,7.0,6
201200026899,0012-10-27 22:05:00,12,10,27,22,5,350,278,AUGE DE PIERRE (ROND POI,48.13611,-1.69277,Nuit avec éclairage allumé,En agglomération,Giratoire,Normale,Autre collision,,,,,,,,,,,5,2,6,1.0,6
201200026900,0012-10-29 01:15:00,12,10,29,1,15,350,281,"02, CLAUDEL (COURS CAMIL",,,Nuit sans éclairage public,En agglomération,Hors intersection,Normale,Autre collision,,,,,,,,,,,3,2,1,1.0,6
201200026901,0012-10-29 10:15:00,12,10,29,10,15,350,238,ROCADE 8-9,48.09014,-1.70471,Plein jour,En agglomération,Hors intersection,Normale,Deux véhicules - côté,,,,,,,,,,,1,2,1,1.0,3
201200026902,0012-10-30 10:30:00,12,10,30,10,30,350,238,ST H?LIER/DU VERGER,48.1061,-1.66727,Plein jour,En agglomération,Intersection en T,Normale,Autre collision,,,,,,,,,,,1,2,3,1.0,6
201200026903,0012-10-30 14:50:00,12,10,30,14,50,350,238,PORTE D'ALMA,48.0805,-1.67927,Plein jour,En agglomération,Intersection à plus de 4 branches,Normale,Trois véhicules et plus - en chaîne,,,,,,,,,,,1,2,5,1.0,4
201200026904,0012-11-02 15:55:00,12,11,2,15,55,350,238,ROCADE NORD-OUEST,48.13196,-1.70844,Plein jour,En agglomération,Hors intersection,Normale,Trois véhicules et plus - en chaîne,,,,,,,,,,,1,2,1,1.0,4
201200026905,0012-11-02 19:00:00,12,11,2,19,0,350,55,"00, BONNIN ANDRE (AVENUE",,,Nuit avec éclairage allumé,En agglomération,Intersection en X,Temps couvert,Trois véhicules et plus - collisions multiples,,,,,,,,,,,5,2,2,8.0,5
201200026906,0012-11-04 07:15:00,12,11,4,7,15,350,238,P.H.DESGR?ES/VERN,48.0912,-1.64548,Nuit avec éclairage allumé,En agglomération,Intersection en X,Normale,Deux véhicules - côté,,,,,,,,,,,5,2,2,1.0,3
201200026907,0012-11-05 10:10:00,12,11,5,10,10,350,238,"00, PORTE ALMA",48.0801,-1.68077,Plein jour,En agglomération,Hors intersection,Normale,Trois véhicules et plus - en chaîne,,,,,,,,,,,1,2,1,1.0,4
201200026908,0012-11-05 19:50:00,12,11,5,19,50,350,281,"339, NANTES (RUE DE)",48.08933,-1.69333,Nuit avec éclairage allumé,En agglomération,Hors intersection,Normale,Sans collision,,,,,,,,,,,5,2,1,1.0,7
201200026909,0012-11-08 10:50:00,12,11,8,10,50,350,238,"38, LIBERTE (BD DE LA)",48.10784,-1.68175,Plein jour,En agglomération,Hors intersection,Normale,Autre collision,,,,,,,,,,,1,2,1,1.0,6
201200026910,0012-11-08 10:35:00,12,11,8,10,35,350,238,"70, MAIL F.MITTERRAND",48.1087,-1.69399,Plein jour,En agglomération,Hors intersection,Normale,Deux véhicules - côté,,,,,,,,,,,1,2,1,1.0,3
201200026911,0012-11-11 01:25:00,12,11,11,1,25,350,238,"249, RUE DE CHATEAUGIRON",48.0937,-1.63329,Nuit avec éclairage allumé,En agglomération,Hors intersection,Normale,Deux véhicules - côté,,,,,,,,,,,5,2,1,1.0,3
201200026912,0012-11-12 11:50:00,12,11,12,11,50,350,278,PORTE DE BEAUREGARD,,,Plein jour,Hors agglomération,Hors intersection,Pluie forte,Sans collision,,,,,,,,,,,1,1,1,3.0,7
201200026913,0012-11-13 12:20:00,12,11,13,12,20,350,238,GINGUEN?/LOBINEAU,48.099,-1.68427,Plein jour,En agglomération,Giratoire,Normale,Deux véhicules - côté,,,,,,,,,,,1,2,6,1.0,3
201200026914,0012-11-13 15:30:00,12,11,13,15,30,350,238,"189, AVENUE LECLERC",48.1146,-1.65026,Plein jour,En agglomération,Hors intersection,Normale,Autre collision,,,,,,,,,,,1,2,1,1.0,6
201200026915,0012-11-13 18:00:00,12,11,13,18,0,350,278,CHESNAIS BEAUREGARD (RUE,,,Nuit avec éclairage allumé,En agglomération,Hors intersection,Normale,Autre collision,,,,,,,,,,,5,2,1,1.0,6
201200026916,0012-11-14 11:10:00,12,11,14,11,10,350,238,LIBERT?/PR? PERCH?,48.1079,-1.68201,Plein jour,En agglomération,Intersection en T,Normale,Deux véhicules - arrière,,,,,,,,,,,1,2,3,1.0,2
201200026917,0012-11-14 13:15:00,12,11,14,13,15,350,238,"38, TOUR D'AUVERGNE (BD",48.10455,-1.68447,Plein jour,En agglomération,Intersection en T,Normale,Autre collision,,,,,,,,,,,1,2,3,1.0,6
201200026918,0012-11-14 14:30:00,12,11,14,14,30,350,278,"0, DE GAULLE (AVENUE GEN",,,Plein jour,En agglomération,Giratoire,Normale,Trois véhicules et plus - en chaîne,,,,,,,,,,,1,2,6,1.0,4
201200026919,0012-11-14 15:40:00,12,11,14,15,40,350,238,"5, BD DE METZ",48.1151,-1.65751,Plein jour,En agglomération,Hors intersection,Normale,Autre collision,,,,,,,,,,,1,2,1,1.0,6
201200026920,0012-11-15 12:50:00,12,11,15,12,50,350,238,ST MALO/TASSIGNY,48.1214,-1.68299,Plein jour,En agglomération,Intersection en Y,Normale,Deux véhicules - arrière,,,,,,,,,,,1,2,4,1.0,2
201200026921,0012-11-17 10:20:00,12,11,17,10,20,350,238,SAINT-H?LIER/LA?NNEC,48.1057,-1.66601,Plein jour,En agglomération,Intersection à plus de 4 branches,Normale,Deux véhicules - côté,,,,,,,,,,,1,2,5,1.0,3
201200026922,0012-11-17 11:15:00,12,11,17,11,15,350,238,PORTE DE NANTES,48.0812,-1.66721,Plein jour,En agglomération,Intersection à plus de 4 branches,Normale,Autre collision,,,,,,,,,,,1,2,5,1.0,6
201200026923,0012-11-17 16:24:00,12,11,17,16,24,350,238,"64,VILLEBOIS MAREUIL",48.1049,-1.65042,Plein jour,En agglomération,Hors intersection,Pluie légère,Deux véhicules - côté,,,,,,,,,,,1,2,1,2.0,3
201200026924,0012-11-19 15:35:00,12,11,19,15,35,350,238,H?RONI?RE/MONTS D'ARR?E,48.1346,-1.65907,Plein jour,En agglomération,Intersection en X,Normale,Deux véhicules - côté,,,,,,,,,,,1,2,2,1.0,3
201200026925,0012-11-19 18:00:00,12,11,19,18,0,350,281,PORTE DE ST NAZAIRE,48.1014,-1.71558,Nuit sans éclairage public,Hors agglomération,Hors intersection,Normale,Deux véhicules - arrière,,,,,,,,,,,3,1,1,1.0,2
201200026926,0012-11-20 17:15:00,12,11,20,17,15,350,238,PAPU/VANEAU,48.1109,-1.6927,Nuit avec éclairage allumé,En agglomération,Intersection en X,Normale,Deux véhicules - côté,,,,,,,,,,,5,2,2,1.0,3
201200026927,0012-11-21 08:30:00,12,11,21,8,30,350,238,MOU?ZY/SERPETTE,48.1029,-1.65321,Crépuscule ou aube,En agglomération,Intersection en X,Normale,Deux véhicules - côté,,,,,,,,,,,2,2,2,1.0,3
201200026928,0012-11-21 21:00:00,12,11,21,21,0,350,238,ALL?E D'UKRAINE,48.0819,-1.67627,Nuit avec éclairage allumé,En agglomération,Hors intersection,Normale,Autre collision,,,,,,,,,,,5,2,1,1.0,6
201200026929,0012-11-22 12:25:00,12,11,22,12,25,350,238,RUE PIERRE-JEAN GINESTE,48.1204,-1.6998,Plein jour,En agglomération,Hors intersection,Normale,Autre collision,,,,,,,,,,,1,2,1,1.0,6
201200026930,0012-11-22 18:00:00,12,11,22,18,0,350,238,MOU?ZY/CAMPFRANC,48.1035,-1.65157,Nuit avec éclairage allumé,En agglomération,Intersection en T,Normale,Deux véhicules - côté,,,,,,,,,,,5,2,3,1.0,3
201200026931,0012-11-23 04:25:00,12,11,23,4,25,350,238,NEMOURS/H.COMMEUREC,48.1082,-1.68013,Nuit avec éclairage allumé,En agglomération,Intersection en T,Pluie légère,Autre collision,,,,,,,,,,,5,2,3,2.0,6
201200026932,0012-11-23 16:25:00,12,11,23,16,25,350,238,M.G?RARD/Y.CRESTON,48.0894,-1.64236,Plein jour,En agglomération,Intersection en T,Pluie légère,Autre collision,,,,,,,,,,,1,2,3,2.0,6
201200026933,0012-11-23 19:25:00,12,11,23,19,25,350,238,STRASBOURG/J.D'ARC,48.1117,-1.65605,Nuit avec éclairage allumé,En agglomération,Intersection en T,Pluie forte,Deux véhicules - côté,,,,,,,,,,,5,2,3,3.0,3
201200026934,0012-11-24 01:10:00,12,11,24,1,10,350,238,"24, AVENUE JANVIER",48.1052,-1.67282,Nuit avec éclairage allumé,En agglomération,Hors intersection,Normale,Autre collision,,,,,,,,,,,5,2,1,1.0,6
201200026935,0012-11-24 11:50:00,12,11,24,11,50,350,238,VERDUN/FR?RES BLIN,48.1168,-1.69052,Plein jour,En agglomération,Intersection en T,Pluie légère,Autre collision,,,,,,,,,,,1,2,3,2.0,6
201200026936,0012-11-24 21:40:00,12,11,24,21,40,350,55,"0, RD 463",,,Nuit avec éclairage allumé,En agglomération,Intersection en T,Pluie légère,Deux véhicules - côté,,,,,,,,,,,5,2,3,2.0,3
201200026937,0012-11-24 22:50:00,12,11,24,22,50,350,238,PORTUGAL/ASTURIES,48.0836,-1.67197,Nuit avec éclairage allumé,En agglomération,Intersection en T,Pluie légère,Autre collision,,,,,,,,,,,5,2,3,2.0,6
201200026938,0012-11-25 06:10:00,12,11,25,6,10,350,238,SAINT-H?LIER/DUHAMEL,48.1074,-1.67201,Nuit avec éclairage allumé,En agglomération,Intersection en X,Normale,Autre collision,,,,,,,,,,,5,2,2,1.0,6
201200026939,0012-11-26 07:35:00,12,11,26,7,35,350,278,"0, PORTE DE ST MALO",48.13931,-1.69832,Nuit sans éclairage public,En agglomération,Hors intersection,Pluie légère,Sans collision,,,,,,,,,,,3,2,1,2.0,7
201200026940,0012-11-26 14:10:00,12,11,26,14,10,350,278,PORTE DE ST MALO,48.13886,-1.69902,Plein jour,En agglomération,Hors intersection,Temps couvert,Deux véhicules - arrière,,,,,,,,,,,1,2,1,8.0,2
201200026941,0012-11-26 18:45:00,12,11,26,18,45,350,238,PORTE DE LORIENT,48.1094,-1.71783,Nuit sans éclairage public,En agglomération,Intersection à plus de 4 branches,Normale,Trois véhicules et plus - en chaîne,,,,,,,,,,,3,2,5,1.0,4
201200026942,0012-11-27 08:10:00,12,11,27,8,10,350,238,ROCADE SUD,48.0812,-1.66707,Crépuscule ou aube,En agglomération,Hors intersection,Pluie légère,Deux véhicules - arrière,,,,,,,,,,,2,2,1,2.0,2
201200026943,0012-11-27 16:40:00,12,11,27,16,40,350,238,"40, RUE A.BOUZAT",48.1282,-1.63917,Plein jour,En agglomération,Hors intersection,Temps couvert,Sans collision,,,,,,,,,,,1,2,1,8.0,7
201200026944,0012-11-28 11:00:00,12,11,28,11,0,350,238,ROBIQUETTE/COLIGNY,48.1333,-1.69293,Plein jour,En agglomération,Intersection en T,Temps couvert,Deux véhicules - côté,,,,,,,,,,,1,2,3,8.0,3