accident_id,datetime,annee,mois,jour,heure,minute,departement,commune_insee,adresse,latitude,longitude,luminosite,agglomeration,intersection,meteo,collision,nb_vehicules,nb_usagers,nb_indemnes,nb_tues,nb_blesses_hosp,nb_blesses_legers,age_cond_1,age_cond_2,veh_type_cond_1,veh_type_cond_2,lum_code,agg_code,int_code,atm_code,col_code
201200027066,0012-02-25 08:05:00,12,2,25,8,5,360,44,RD920/AV P FRANCOEUR,46.788,1.70369,Plein jour,En agglomération,Intersection en T,Normale,Deux véhicules - arrière,,,,,,,,,,,1,2,3,1.0,2
201200027067,0012-02-27 17:52:00,12,2,27,17,52,360,202,ROUTE DE CHATEAUROUX,46.7905,1.60983,Plein jour,Hors agglomération,Hors intersection,Normale,Deux véhicules - côté,,,,,,,,,,,1,1,1,1.0,3
201200027068,0012-11-06 20:45:00,12,11,6,20,45,360,44,ROUTE DEPARTEMENTALE 920,46.8025,1.74098,Nuit sans éclairage public,Hors agglomération,Hors intersection,Normale,Autre collision,,,,,,,,,,,3,1,1,1.0,6
201200027069,0012-10-13 00:20:00,12,10,13,0,20,360,202,AVENUE DE TOURS,,,Nuit sans éclairage public,Hors agglomération,Hors intersection,Pluie légère,Sans collision,,,,,,,,,,,3,1,1,2.0,7
201200027070,0012-02-29 16:12:00,12,2,29,16,12,360,44,PLACE LAFAYETTE,46.8135,1.6968,Plein jour,En agglomération,Hors intersection,Normale,Autre collision,,,,,,,,,,,1,2,1,1.0,6
201200027071,0012-11-17 01:40:00,12,11,17,1,40,360,44,RD 925,46.82,1.72653,Nuit sans éclairage public,Hors agglomération,Hors intersection,Normale,Sans collision,,,,,,,,,,,3,1,1,1.0,7
201200027072,0012-12-17 16:55:00,12,12,17,16,55,360,44,RUE MERAUDES/RTE VELLES,46.7857,1.69052,Crépuscule ou aube,Hors agglomération,Intersection en T,Temps couvert,Deux véhicules - côté,,,,,,,,,,,2,1,3,8.0,3
201200027073,0012-03-08 06:05:00,12,3,8,6,5,360,44,BD CROIX NORMAND/RASPAIL,46.8043,1.69179,Nuit avec éclairage allumé,En agglomération,Intersection en X,Normale,Deux véhicules - côté,,,,,,,,,,,5,2,2,1.0,3
201200027074,0012-12-21 19:00:00,12,12,21,19,0,360,202,AVENUE DE LA FORET,46.7719,1.65673,Nuit sans éclairage public,Hors agglomération,Hors intersection,Pluie légère,Deux véhicules - frontale,,,,,,,,,,,3,1,1,2.0,1
201200027075,0012-03-13 12:50:00,12,3,13,12,50,360,159,28 ALLEE DES SABLONS,46.7986,1.73943,Plein jour,En agglomération,Hors intersection,Normale,Deux véhicules - côté,,,,,,,,,,,1,2,1,1.0,3
201200027076,0012-03-14 10:10:00,12,3,14,10,10,360,44,269 AV DE LA CHATRE,46.8026,1.7179,Plein jour,En agglomération,Hors intersection,Normale,Trois véhicules et plus - en chaîne,,,,,,,,,,,1,2,1,1.0,4
201200027077,0012-03-16 11:30:00,12,3,16,11,30,360,44,5 RUE PASSAGEON,46.8031,1.69511,Plein jour,En agglomération,Hors intersection,Normale,Sans collision,,,,,,,,,,,1,2,1,1.0,7
201200027078,0012-03-17 09:15:00,12,3,17,9,15,360,63,1 AV GEORGES HENNEQUIN,46.8521,1.70736,Plein jour,En agglomération,Hors intersection,Temps couvert,Autre collision,,,,,,,,,,,1,2,1,8.0,6
201200027079,0012-03-17 17:26:00,12,3,17,17,26,360,44,LA COUTURE/BD LA VRILLE,46.8054,1.68572,Plein jour,En agglomération,Intersection en X,Normale,Deux véhicules - côté,,,,,,,,,,,1,2,2,1.0,3
201200027080,0012-03-18 03:35:00,12,3,18,3,35,360,44,AVENUE MARCEL LEMOINE,46.8181,1.69696,Nuit avec éclairage allumé,En agglomération,Hors intersection,Normale,Autre collision,,,,,,,,,,,5,2,1,1.0,6
201200027081,0012-03-24 16:24:00,12,3,24,16,24,360,44,6 AVENUE DE LA CHATRE,46.81,1.70238,Plein jour,En agglomération,Hors intersection,Normale,Autre collision,,,,,,,,,,,1,2,1,1.0,6
201200027082,0012-03-28 09:08:00,12,3,28,9,8,360,44,30 AVENUE DE LA CHATRE,46.8095,1.7033,Plein jour,En agglomération,Hors intersection,Normale,Deux véhicules - côté,,,,,,,,,,,1,2,1,1.0,3
201200027083,0012-03-31 19:35:00,12,3,31,19,35,360,44,RUE NIVET/BD ST DENIS,46.8167,1.70924,Plein jour,En agglomération,Intersection en T,Normale,Deux véhicules - côté,,,,,,,,,,,1,2,3,1.0,3
201200027084,0012-04-04 14:07:00,12,4,4,14,7,360,159,AV FORET/CROIX DES BARRE,46.7794,1.7072,Plein jour,Hors agglomération,Intersection en X,Normale,Deux véhicules - côté,,,,,,,,,,,1,1,2,1.0,3
201200027085,0012-04-10 20:15:00,12,4,10,20,15,360,159,ROUTE DES ORANGEONS,46.7625,1.68021,Crépuscule ou aube,Hors agglomération,Hors intersection,Temps couvert,Sans collision,,,,,,,,,,,2,1,1,8.0,7
201200027086,0012-04-16 11:46:00,12,4,16,11,46,360,44,32 PL ST CHRIST/AV BLOIS,46.8166,1.68407,Plein jour,En agglomération,Place,Normale,Autre collision,,,,,,,,,,,1,2,7,1.0,6
201200027087,0012-04-17 13:23:00,12,4,17,13,23,360,202,ROUTE DE CHATELLERAULT,46.7916,1.59612,Plein jour,Hors agglomération,Hors intersection,Temps couvert,Autre collision,,,,,,,,,,,1,1,1,8.0,6
201200027088,0012-04-18 13:03:00,12,4,18,13,3,360,44,85 ALL MAISONS ROUGES,46.7988,1.73123,Plein jour,Hors agglomération,Hors intersection,Normale,Sans collision,,,,,,,,,,,1,1,1,1.0,7
201200027089,0012-04-18 17:10:00,12,4,18,17,10,360,159,PINSONNET/FOIRE DU BOIS,46.7635,1.71485,Plein jour,En agglomération,Intersection en X,Temps couvert,Deux véhicules - côté,,,,,,,,,,,1,2,2,8.0,3
201200027090,0012-04-25 14:47:00,12,4,25,14,47,360,63,AV DE GAULLE/BOIS LARGE,46.832,1.70213,Plein jour,En agglomération,Intersection en Y,Normale,Deux véhicules - frontale,,,,,,,,,,,1,2,4,1.0,1
201200027091,0012-04-26 05:34:00,12,4,26,5,34,360,63,87 AV DE GAULLE,46.8286,1.70071,Nuit avec éclairage allumé,En agglomération,Hors intersection,Pluie légère,Deux véhicules - côté,,,,,,,,,,,5,2,1,2.0,3
201200027092,0012-04-29 14:02:00,12,4,29,14,2,360,44,BD ST DENIS/RUE NIVET,46.8167,1.70856,Plein jour,En agglomération,Intersection en T,Normale,Deux véhicules - côté,,,,,,,,,,,1,2,3,1.0,3
201200027093,0012-05-02 14:30:00,12,5,2,14,30,360,44,322 AVENUE DE LA CHATRE,46.8027,1.71661,Plein jour,En agglomération,Hors intersection,Normale,Autre collision,,,,,,,,,,,1,2,1,1.0,6
201200027094,0012-05-05 15:16:00,12,5,5,15,16,360,44,RD920/AV J KENNEDY,46.7887,1.69131,Plein jour,En agglomération,Intersection en X,Pluie légère,Deux véhicules - côté,,,,,,,,,,,1,2,2,2.0,3
201200027095,0012-05-12 03:50:00,12,5,12,3,50,360,44,RUE F RAYNAUD/3 B VIAN,46.8024,1.65476,Nuit sans éclairage public,En agglomération,Intersection en X,Normale,Deux véhicules - côté,,,,,,,,,,,3,2,2,1.0,3
201200027096,0012-05-14 15:32:00,12,5,14,15,32,360,159,AVENUE DE LA FORET,46.7361,1.72889,Plein jour,Hors agglomération,Hors intersection,Normale,Sans collision,,,,,,,,,,,1,1,1,1.0,7
201200027097,0012-05-15 11:52:00,12,5,15,11,52,360,44,R GAULTIER/AV DE GAULLE,46.8067,1.69378,Plein jour,En agglomération,Intersection en X,Normale,Deux véhicules - frontale,,,,,,,,,,,1,2,2,1.0,1
201200027098,0012-05-24 19:18:00,12,5,24,19,18,360,44,2 BD DE LA VRILLE,46.8056,1.68336,Plein jour,En agglomération,Hors intersection,Normale,Autre collision,,,,,,,,,,,1,2,1,1.0,6
201200027099,0012-05-26 11:17:00,12,5,26,11,17,360,44,AV DU CHATEAU/RUE CATICH,46.8183,1.68793,Plein jour,En agglomération,Hors intersection,Normale,Deux véhicules - arrière,,,,,,,,,,,1,2,1,1.0,2
201200027100,0012-05-28 03:55:00,12,5,28,3,55,360,44,12 RUE CONDORCET,46.8098,1.69209,Nuit sans éclairage public,En agglomération,Hors intersection,Normale,Sans collision,,,,,,,,,,,3,2,1,1.0,7
201200027101,0012-05-30 16:56:00,12,5,30,16,56,360,63,ROUTE DEPARTEMENTALE 925,46.8204,1.73602,Plein jour,Hors agglomération,Giratoire,Normale,Sans collision,,,,,,,,,,,1,1,6,1.0,7
201200027102,0012-05-30 17:45:00,12,5,30,17,45,360,44,211 AV DE VERDUN,46.7986,1.69739,Plein jour,En agglomération,Hors intersection,Normale,Autre collision,,,,,,,,,,,1,2,1,1.0,6
201200027103,0012-05-30 17:50:00,12,5,30,17,50,360,159,CHARBONNIERE/FOIREDUBOIS,46.7635,1.71486,Plein jour,En agglomération,Intersection en X,Normale,Deux véhicules - côté,,,,,,,,,,,1,2,2,1.0,3
201200027104,0012-06-02 21:50:00,12,6,2,21,50,360,44,77 FONTAINE ST GERMAIN,46.8207,1.70021,Crépuscule ou aube,En agglomération,Hors intersection,Normale,Deux véhicules - arrière,,,,,,,,,,,2,2,1,1.0,2
201200027105,0012-06-07 18:55:00,12,6,7,18,55,360,63,ROUTE DEPARTEMENTALE 920,46.8115,1.74335,Plein jour,Hors agglomération,Hors intersection,Normale,Deux véhicules - côté,,,,,,,,,,,1,1,1,1.0,3
201200027106,0012-06-08 16:40:00,12,6,8,16,40,360,44,24 MONTAIGNE/2 CONCORDE,46.8033,1.69917,Plein jour,En agglomération,Intersection en T,Temps couvert,Deux véhicules - arrière,,,,,,,,,,,1,2,3,8.0,2
201200027107,0012-06-09 09:11:00,12,6,9,9,11,360,159,PETIT EPOT/ALLOUETTE,46.7635,1.69589,Plein jour,En agglomération,Intersection en X,Normale,Autre collision,,,,,,,,,,,1,2,2,1.0,6
201200027108,0012-06-11 17:58:00,12,6,11,17,58,360,44,24 AV DE BLOIS,46.8177,1.68392,Plein jour,En agglomération,Hors intersection,Normale,Deux véhicules - arrière,,,,,,,,,,,1,2,1,1.0,2
201200027109,0012-06-13 18:57:00,12,6,13,18,57,360,202,AVENUE D'OCCITANIE,46.7887,1.65987,Plein jour,En agglomération,Giratoire,Normale,Sans collision,,,,,,,,,,,1,2,6,1.0,7
201200027110,0012-06-17 04:20:00,12,6,17,4,20,360,44,AV LA CHATRE/BD CLUIS,46.8087,1.70409,Nuit avec éclairage allumé,En agglomération,Intersection en X,Normale,Deux véhicules - côté,,,,,,,,,,,5,2,2,1.0,3
201200027111,0012-06-17 15:35:00,12,6,17,15,35,360,63,13 PLACE LA REPUBLIQUE,46.8267,1.70043,Plein jour,En agglomération,Hors intersection,Normale,Deux véhicules - côté,,,,,,,,,,,1,2,1,1.0,3
201200027112,0012-06-23 19:45:00,12,6,23,19,45,360,63,FACE JARDINS DE L'ORME,46.8227,1.73278,Plein jour,Hors agglomération,Hors intersection,Normale,Trois véhicules et plus - collisions multiples,,,,,,,,,,,1,1,1,1.0,5
201200027113,0012-06-27 17:35:00,12,6,27,17,35,360,44,172 AV D'ARGENTON,46.7985,1.66795,Plein jour,En agglomération,Hors intersection,Normale,Deux véhicules - côté,,,,,,,,,,,1,2,1,1.0,3
201200027114,0012-06-28 16:00:00,12,6,28,16,0,360,44,RUE CURIE/BD BRYAS,46.8103,1.70511,Plein jour,En agglomération,Intersection en T,Normale,Deux véhicules - côté,,,,,,,,,,,1,2,3,1.0,3
201200027115,0012-06-28 20:55:00,12,6,28,20,55,360,202,RUE DES PONTS,46.8033,1.63447,Plein jour,En agglomération,Hors intersection,Normale,Sans collision,,,,,,,,,,,1,2,1,1.0,7
201200027116,0012-06-29 09:38:00,12,6,29,9,38,360,44,22 AVENUE MARCEL LEMOINE,46.8154,1.6961,Plein jour,En agglomération,Hors intersection,Normale,Autre collision,,,,,,,,,,,1,2,1,1.0,6
201200027117,0012-07-02 19:30:00,12,7,2,19,30,360,159,RD40/RTE GRAND EPOT,46.7711,1.68523,Plein jour,Hors agglomération,Intersection en T,Normale,Deux véhicules - arrière,,,,,,,,,,,1,1,3,1.0,2
201200027118,0012-07-05 16:30:00,12,7,5,16,30,360,44,145 AV DE LA CHATRE,46.806,1.70989,Plein jour,En agglomération,Hors intersection,Normale,Trois véhicules et plus - en chaîne,,,,,,,,,,,1,2,1,1.0,4
201200027119,0012-07-07 18:20:00,12,7,7,18,20,360,63,85 AVENUE DES ANEMONES,46.8599,1.67632,Plein jour,En agglomération,Hors intersection,Normale,Autre collision,,,,,,,,,,,1,2,1,1.0,6
201200027120,0012-07-14 09:49:00,12,7,14,9,49,360,44,AV MONTAIGNE/RUEINGRAINS,46.7931,1.71053,Plein jour,En agglomération,Intersection en X,Normale,Deux véhicules - côté,,,,,,,,,,,1,2,2,1.0,3
201200027121,0012-07-14 20:55:00,12,7,14,20,55,360,44,126 AV DE TOURS,46.8187,1.67528,Plein jour,En agglomération,Hors intersection,Normale,Deux véhicules - arrière,,,,,,,,,,,1,2,1,1.0,2
201200027122,0012-07-24 08:41:00,12,7,24,8,41,360,63,RD 920,46.8079,1.74543,Plein jour,Hors agglomération,Hors intersection,Normale,Deux véhicules - côté,,,,,,,,,,,1,1,1,1.0,3
201200027123,0012-07-25 14:47:00,12,7,25,14,47,360,63,80 ROUTE D'ISSOUDUN,46.8274,1.70507,Plein jour,En agglomération,Hors intersection,Normale,Sans collision,,,,,,,,,,,1,2,1,1.0,7
201200027124,0012-07-25 15:00:00,12,7,25,15,0,360,202,104 AVENUE D'OCCITANIE,46.779,1.65136,Plein jour,Hors agglomération,Hors intersection,Normale,Sans collision,,,,,,,,,,,1,1,1,1.0,7
201200027125,0012-07-28 18:12:00,12,7,28,18,12,360,44,AL G CHAMPS/ALL TILLEULS,46.7958,1.69476,Plein jour,En agglomération,Intersection en T,Normale,Deux véhicules - côté,,,,,,,,,,,1,2,3,1.0,3
201200027126,0012-08-08 19:59:00,12,8,8,19,59,360,44,26 3 RAC/170 BD ST DENIS,46.8197,1.71011,Plein jour,En agglomération,Intersection en X,Normale,Sans collision,,,,,,,,,,,1,2,2,1.0,7
201200027127,0012-08-17 18:50:00,12,8,17,18,50,360,44,34 AV D'ARGENTON,46.8065,1.67484,Plein jour,En agglomération,Hors intersection,Normale,Deux véhicules - côté,,,,,,,,,,,1,2,1,1.0,3
201200027128,0012-08-18 15:35:00,12,8,18,15,35,360,202,RUE DE NIHERNE,,,Plein jour,Hors agglomération,Hors intersection,Normale,Autre collision,,,,,,,,,,,1,1,1,1.0,6
201200027129,0012-08-19 03:15:00,12,8,19,3,15,360,202,ROUTE DE LUANT,,,Nuit avec éclairage allumé,Hors agglomération,Hors intersection,Normale,Sans collision,,,,,,,,,,,5,1,1,1.0,7
201200027130,0012-08-30 14:14:00,12,8,30,14,14,360,63,GIRATOIRE DIT FREESBEE,46.8522,1.70065,Plein jour,Hors agglomération,Giratoire,Normale,Autre collision,,,,,,,,,,,1,1,6,1.0,6
201200027131,0012-08-30 20:10:00,12,8,30,20,10,360,44,67 AVENUE DES FONTAINES,46.8165,1.68002,Nuit sans éclairage public,En agglomération,Hors intersection,Normale,Autre collision,,,,,,,,,,,3,2,1,1.0,6
201200027132,0012-09-06 15:04:00,12,9,6,15,4,360,159,RTE MONTLUCON/RP BRICO,46.7968,1.73002,Plein jour,En agglomération,Giratoire,Normale,Deux véhicules - côté,,,,,,,,,,,1,2,6,1.0,3
201200027133,0012-09-09 07:30:00,12,9,9,7,30,360,63,RN 151/RP FREESBEE,46.8515,1.70119,Crépuscule ou aube,En agglomération,Giratoire,Normale,Sans collision,,,,,,,,,,,2,2,6,1.0,7
201200027134,0012-09-10 09:24:00,12,9,10,9,24,360,44,RUE ROGER CAZALA,46.8121,1.69786,Plein jour,En agglomération,Hors intersection,Normale,Autre collision,,,,,,,,,,,1,2,1,1.0,6
201200027135,0012-09-10 17:12:00,12,9,10,17,12,360,44,RUE AQUITAINE/RUE ANJOU,46.8026,1.67554,Plein jour,En agglomération,Hors intersection,Normale,Sans collision,,,,,,,,,,,1,2,1,1.0,7
201200027136,0012-09-11 21:00:00,12,9,11,21,0,360,44,59 RUE DE GIREUGNE,46.7847,1.67614,Crépuscule ou aube,En agglomération,Hors intersection,Normale,Sans collision,,,,,,,,,,,2,2,1,1.0,7
201200027137,0012-09-15 06:40:00,12,9,15,6,40,360,63,37 AV DU GAL DE GAULLE,46.8257,1.69964,Crépuscule ou aube,En agglomération,Hors intersection,Normale,Sans collision,,,,,,,,,,,2,2,1,1.0,7
201200027138,0012-09-15 22:35:00,12,9,15,22,35,360,202,AVENUE D'OCCITANIE,,,Nuit avec éclairage allumé,En agglomération,Hors intersection,Normale,Autre collision,,,,,,,,,,,5,2,1,1.0,6
201200027139,0012-09-20 18:05:00,12,9,20,18,5,360,44,AVENUE DU PONT NEUF,46.8119,1.68472,Plein jour,En agglomération,Hors intersection,Normale,Deux véhicules - arrière,,,,,,,,,,,1,2,1,1.0,2
201200027140,0012-09-23 13:28:00,12,9,23,13,28,360,44,36 RUE CHARLIER,46.7991,1.68888,Plein jour,En agglomération,Hors intersection,Normale,Autre collision,,,,,,,,,,,1,2,1,1.0,6
201200027141,0012-09-25 10:26:00,12,9,25,10,26,360,63,RD PT FREESBEE,46.8522,1.70072,Plein jour,Hors agglomération,Hors intersection,Normale,Deux véhicules - côté,,,,,,,,,,,1,1,1,1.0,3
201200027142,0012-09-25 12:15:00,12,9,25,12,15,360,44,18 AV DU GAL RUBY,46.8082,1.69425,Plein jour,En agglomération,Hors intersection,Normale,Sans collision,,,,,,,,,,,1,2,1,1.0,7
201200027143,0012-09-26 16:41:00,12,9,26,16,41,360,44,168 RUE DU 3EME RAC,46.82,1.71256,Plein jour,En agglomération,Hors intersection,Normale,Sans collision,,,,,,,,,,,1,2,1,1.0,7
201200027144,0012-09-27 18:03:00,12,9,27,18,3,360,44,61 AV MARCEL LEMOINE,46.8197,1.69644,Plein jour,En agglomération,Hors intersection,Normale,Deux véhicules - côté,,,,,,,,,,,1,2,1,1.0,3
201200027145,0012-09-28 19:22:00,12,9,28,19,22,360,44,155 AV DE VERDUN,46.8018,1.6959,Plein jour,En agglomération,Hors intersection,Normale,Deux véhicules - côté,,,,,,,,,,,1,2,1,1.0,3
201200027146,0012-10-03 08:55:00,12,10,3,8,55,360,63,RD 925,46.8205,1.73672,Plein jour,Hors agglomération,Hors intersection,Normale,Deux véhicules - arrière,,,,,,,,,,,1,1,1,1.0,2
201200027147,0012-10-05 11:01:00,12,10,5,11,1,360,44,12 BOULEVARD DE BRYAS,46.8089,1.705,Plein jour,En agglomération,Hors intersection,Normale,Deux véhicules - côté,,,,,,,,,,,1,2,1,1.0,3
201200027148,0012-10-05 23:00:00,12,10,5,23,0,360,63,184 DE GAULLE/RUE GIGOT,46.8319,1.70279,Nuit avec éclairage allumé,En agglomération,Intersection en T,Normale,Deux véhicules - côté,,,,,,,,,,,5,2,3,1.0,3
201200027149,0012-10-08 10:36:00,12,10,8,10,36,360,44,BD BLAISE PASCAL,46.7994,1.71472,Plein jour,En agglomération,Hors intersection,Pluie légère,Autre collision,,,,,,,,,,,1,2,1,2.0,6
201200027150,0012-10-08 16:10:00,12,10,8,16,10,360,44,ROUTE DEPARTEMENTALE 920,46.7917,1.71201,Plein jour,Hors agglomération,Hors intersection,Pluie légère,Autre collision,,,,,,,,,,,1,1,1,2.0,6
201200027151,0012-10-10 19:12:00,12,10,10,19,12,360,44,110 BDST DENIS/RUE NIVET,46.8167,1.70916,Nuit avec éclairage allumé,En agglomération,Intersection en T,Pluie légère,Deux véhicules - côté,,,,,,,,,,,5,2,3,2.0,3
201200027152,0012-10-11 15:08:00,12,10,11,15,8,360,44,73 AV D'ARGENTON,46.8044,1.67389,Plein jour,En agglomération,Hors intersection,Pluie légère,Autre collision,,,,,,,,,,,1,2,1,2.0,6
201200027153,0012-10-12 16:10:00,12,10,12,16,10,360,44,67AV LA CHATRE/RUE SCHUM,46.8078,1.70722,Plein jour,En agglomération,Intersection en T,Normale,Deux véhicules - côté,,,,,,,,,,,1,2,3,1.0,3
201200027154,0012-10-13 15:20:00,12,10,13,15,20,360,44,MONTAIGNE/MALLET STEVEN,46.7931,1.71111,Plein jour,En agglomération,Giratoire,Temps couvert,Deux véhicules - côté,,,,,,,,,,,1,2,6,8.0,3
201200027155,0012-10-19 12:54:00,12,10,19,12,54,360,44,18 AV F MITTERRAND,46.8111,1.68361,Plein jour,En agglomération,Hors intersection,Normale,Sans collision,,,,,,,,,,,1,2,1,1.0,7
201200027156,0012-10-19 13:13:00,12,10,19,13,13,360,44,RUE 14EME RTA,46.8058,1.68862,Plein jour,En agglomération,Hors intersection,Temps couvert,Deux véhicules - côté,,,,,,,,,,,1,2,1,8.0,3
201200027157,0012-10-22 15:28:00,12,10,22,15,28,360,44,159 RUE MONTAIGNE,46.7964,1.7075,Plein jour,En agglomération,Hors intersection,Normale,Autre collision,,,,,,,,,,,1,2,1,1.0,6
201200027158,0012-10-22 16:20:00,12,10,22,16,20,360,63,PL CARNOT/RTE ISSOUDUN,46.8269,1.70444,Plein jour,En agglomération,Intersection en T,Normale,Deux véhicules - côté,,,,,,,,,,,1,2,3,1.0,3
201200027159,0012-10-22 22:45:00,12,10,22,22,45,360,159,ROUTE DE VELLES,46.7626,1.67888,Nuit sans éclairage public,Hors agglomération,Hors intersection,Normale,Sans collision,,,,,,,,,,,3,1,1,1.0,7
201200027160,0012-10-23 08:55:00,12,10,23,8,55,360,44,45 RUE DE LA POSTE,46.8097,1.69528,Plein jour,En agglomération,Hors intersection,Normale,Deux véhicules - côté,,,,,,,,,,,1,2,1,1.0,3
201200027161,0012-10-23 13:40:00,12,10,23,13,40,360,44,306 AV DE VERDUN,46.7931,1.69972,Plein jour,En agglomération,Hors intersection,Normale,Deux véhicules - arrière,,,,,,,,,,,1,2,1,1.0,2
201200027162,0012-10-24 03:05:00,12,10,24,3,5,360,44,56BIS RUE DES FONTAINES,46.8164,1.71472,Nuit avec éclairage allumé,En agglomération,Hors intersection,Normale,Sans collision,,,,,,,,,,,5,2,1,1.0,7
201200027163,0012-10-25 07:50:00,12,10,25,7,50,360,44,189 RUE AMPERE,46.8128,1.71999,Plein jour,En agglomération,Hors intersection,Temps couvert,Deux véhicules - arrière,,,,,,,,,,,1,2,1,8.0,2
201200027164,0012-10-27 16:15:00,12,10,27,16,15,360,44,RPT LA BRENNE/AV  MARINS,46.8081,1.67694,Plein jour,En agglomération,Giratoire,Normale,Trois véhicules et plus - collisions multiples,,,,,,,,,,,1,2,6,1.0,5
201200027165,0012-10-28 15:17:00,12,10,28,15,17,360,63,ROUTE DEPARTEMENTALE 956,46.8481,1.67132,Plein jour,Hors agglomération,Hors intersection,Normale,Deux véhicules - côté,,,,,,,,,,,1,1,1,1.0,3
201200027166,0012-11-02 15:00:00,12,11,2,15,0,360,44,ROUTE DEPARTEMENTALE 67,46.7971,1.63606,Plein jour,Hors agglomération,Hors intersection,Pluie forte,Sans collision,,,,,,,,,,,1,1,1,3.0,7
201200027167,0012-11-03 17:50:00,12,11,3,17,50,360,44,AVENUE D'ARGENTON,46.7953,1.66444,Plein jour,En agglomération,Hors intersection,Normale,Deux véhicules - frontale,,,,,,,,,,,1,2,1,1.0,1
201200027168,0012-11-03 22:45:00,12,11,3,22,45,360,44,126 AV D'ARGENTON,46.8008,1.67015,Nuit avec éclairage allumé,En agglomération,Hors intersection,Normale,Sans collision,,,,,,,,,,,5,2,1,1.0,7
201200027169,0012-11-06 03:15:00,12,11,6,3,15,360,202,18 AV D'OCCITANIE,46.7813,1.6534,Nuit sans éclairage public,Hors agglomération,Hors intersection,Normale,Sans collision,,,,,,,,,,,3,1,1,1.0,7
201200027170,0012-11-13 18:19:00,12,11,13,18,19,360,63,RD920/RP MARTINERIE,46.8204,1.73602,Nuit sans éclairage public,Hors agglomération,Giratoire,Normale,Trois véhicules et plus - en chaîne,,,,,,,,,,,3,1,6,1.0,4
201200027171,0012-11-14 12:00:00,12,11,14,12,0,360,202,RUE DE VILLERS,,,Plein jour,Hors agglomération,Hors intersection,Normale,Sans collision,,,,,,,,,,,1,1,1,1.0,7
201200027172,0012-11-15 18:40:00,12,11,15,18,40,360,202,RD 943,46.829,1.62614,Nuit sans éclairage public,Hors agglomération,Hors intersection,Brouillard / fumée,Autre collision,,,,,,,,,,,3,1,1,5.0,6
201200027173,0012-11-16 15:53:00,12,11,16,15,53,360,44,10 PLACE LAFAYETTE,46.8136,1.69594,Plein jour,En agglomération,Hors intersection,Normale,Deux véhicules - arrière,,,,,,,,,,,1,2,1,1.0,2
201200027174,0012-11-22 14:50:00,12,11,22,14,50,360,44,18 AVENUE D'ARGENTON,46.8062,1.67481,Plein jour,En agglomération,Hors intersection,Normale,Sans collision,,,,,,,,,,,1,2,1,1.0,7
201200027175,0012-11-27 17:00:00,12,11,27,17,0,360,44,60 RUE DE STRASBOURG,46.814,1.70186,Plein jour,En agglomération,Hors intersection,Normale,Deux véhicules - côté,,,,,,,,,,,1,2,1,1.0,3
201200027176,0012-12-03 04:15:00,12,12,3,4,15,360,44,29 RUE DE LA ROCHETTE,46.8182,1.69752,Nuit avec éclairage allumé,En agglomération,Hors intersection,Normale,Sans collision,,,,,,,,,,,5,2,1,1.0,7
201200027177,0012-12-03 18:29:00,12,12,3,18,29,360,44,RP DU PRES NAUDIN,46.7887,1.66012,Nuit avec éclairage allumé,En agglomération,Hors intersection,Normale,Deux véhicules - arrière,,,,,,,,,,,5,2,1,1.0,2
201200027178,0012-12-06 11:45:00,12,12,6,11,45,360,44,89 AL DES GRANDS CHAMPS,46.7959,1.6962,Plein jour,En agglomération,Hors intersection,Normale,Deux véhicules - côté,,,,,,,,,,,1,2,1,1.0,3
201200027179,0012-12-06 17:40:00,12,12,6,17,40,360,63,RD 920,46.8204,1.7359,Nuit avec éclairage non allumé,Hors agglomération,Hors intersection,Normale,Trois véhicules et plus - en chaîne,,,,,,,,,,,4,1,1,1.0,4
201200027180,0012-12-13 08:55:00,12,12,13,8,55,360,44,5 AVENUE BERNARD LOUVET,46.8031,1.70272,Plein jour,En agglomération,Hors intersection,Temps couvert,Autre collision,,,,,,,,,,,1,2,1,8.0,6
201200027181,0012-12-14 13:29:00,12,12,14,13,29,360,44,CHAT RAOUL/DESC DE VILLE,46.8129,1.68808,Plein jour,En agglomération,Intersection en X,Pluie légère,Deux véhicules - côté,,,,,,,,,,,1,2,2,2.0,3
201200027182,0012-12-18 06:20:00,12,12,18,6,20,360,44,2 RUE DE LA CATICHE,46.8181,1.68768,Crépuscule ou aube,En agglomération,Hors intersection,Pluie légère,Sans collision,,,,,,,,,,,2,2,1,2.0,7
201200027183,0012-12-19 18:18:00,12,12,19,18,18,360,44,13 BIS AVENUE DES MARINS,46.8101,1.68588,Crépuscule ou aube,En agglomération,Hors intersection,Normale,Sans collision,,,,,,,,,,,2,2,1,1.0,7
201200027184,0012-12-20 11:15:00,12,12,20,11,15,360,44,10 BLD BLAISE PASCAL,46.7978,1.71054,Plein jour,En agglomération,Hors intersection,Normale,Sans collision,,,,,,,,,,,1,2,1,1.0,7
201200027185,0012-12-21 18:44:00,12,12,21,18,44,360,44,37 RUE GRANDE ST CHRISTO,46.8152,1.68588,Crépuscule ou aube,En agglomération,Hors intersection,Normale,Sans collision,,,,,,,,,,,2,2,1,1.0,7
201200027186,0012-12-26 23:35:00,12,12,26,23,35,360,159,RTE FORESTIERE D'ARTOIS,46.7384,1.71564,Nuit sans éclairage public,Hors agglomération,Hors intersection,Pluie légère,Sans collision,,,,,,,,,,,3,1,1,2.0,7
201200027187,0012-12-28 13:55:00,12,12,28,13,55,360,202,ROUTE DEPARTEMENTALE 67,46.7719,1.65673,Plein jour,Hors agglomération,Hors intersection,Temps couvert,Deux véhicules - frontale,,,,,,,,,,,1,1,1,8.0,1
201200027188,0012-12-28 17:38:00,12,12,28,17,38,360,44,12 AVENUE BERNARD LOUVET,46.8035,1.70239,Nuit avec éclairage allumé,En agglomération,Hors intersection,Normale,Sans collision,,,,,,,,,,,5,2,1,1.0,7