accident_id,datetime,annee,mois,jour,heure,minute,departement,commune_insee,adresse,latitude,longitude,luminosite,agglomeration,intersection,meteo,collision,nb_vehicules,nb_usagers,nb_indemnes,nb_tues,nb_blesses_hosp,nb_blesses_legers,age_cond_1,age_cond_2,veh_type_cond_1,veh_type_cond_2,lum_code,agg_code,int_code,atm_code,col_code
201200027189,0012-12-28 17:46:00,12,12,28,17,46,360,44,17 RUE ST LUC,46.8123,1.697,Crépuscule ou aube,En agglomération,Hors intersection,Normale,Autre collision,,,,,,,,,,,2,2,1,1.0,6
201200027190,0012-12-29 04:45:00,12,12,29,4,45,360,44,46 RUE DE LA REPUBLIQUE,46.8083,1.68839,Nuit avec éclairage non allumé,En agglomération,Hors intersection,Normale,Sans collision,,,,,,,,,,,4,2,1,1.0,7
201200027191,0012-12-31 14:31:00,12,12,31,14,31,360,44,146 AV GENERAL DE GAULLE,46.8054,1.69685,Plein jour,En agglomération,Hors intersection,Normale,Sans collision,,,,,,,,,,,1,2,1,1.0,7
201200027192,0012-01-06 02:34:00,12,1,6,2,34,370,261,"1, CHOISEUL (PLACE)",,,Nuit avec éclairage allumé,En agglomération,Hors intersection,Normale,Sans collision,,,,,,,,,,,5,2,1,1.0,7
201200027193,0012-01-12 22:35:00,12,1,12,22,35,370,261,HALLES (RUE DES),,,Nuit avec éclairage allumé,En agglomération,Intersection en T,Normale,Deux véhicules - côté,,,,,,,,,,,5,2,3,1.0,3
201200027194,0012-01-21 02:25:00,12,1,21,2,25,370,122,RD 37 sortie Nord,,,Nuit sans éclairage public,En agglomération,Hors intersection,Pluie légère,Sans collision,,,,,,,,,,,3,2,1,2.0,7
201200027195,0012-01-21 21:55:00,12,1,21,21,55,370,261,MALRAUX (QUAI ANDRE),,,Nuit avec éclairage allumé,En agglomération,Intersection en X,Temps couvert,Deux véhicules - arrière,,,,,,,,,,,5,2,2,8.0,2
201200027196,0012-01-22 20:30:00,12,1,22,20,30,370,122,"18, POIRIER (RUE JACQUES",,,Nuit sans éclairage public,En agglomération,Hors intersection,Normale,Autre collision,,,,,,,,,,,3,2,1,1.0,6
201200027197,0012-02-16 01:45:00,12,2,16,1,45,370,261,"10, MALRAUX (QUAI ANDRE)",,,Nuit avec éclairage allumé,En agglomération,Hors intersection,Normale,Autre collision,,,,,,,,,,,5,2,1,1.0,6
201200027198,0012-02-28 22:40:00,12,2,28,22,40,370,261,GIRAUDEAU (RUE),,,Nuit avec éclairage allumé,En agglomération,Intersection en X,Normale,Deux véhicules - côté,,,,,,,,,,,5,2,2,1.0,3
201200027199,0012-02-29 02:35:00,12,2,29,2,35,370,261,JUIN (BOULEVARD DU MAREC,,,Nuit avec éclairage allumé,En agglomération,Hors intersection,Normale,Sans collision,,,,,,,,,,,5,2,1,1.0,7
201200027200,0012-03-03 00:25:00,12,3,3,0,25,370,261,SEBASTOPOL (RUE),,,Nuit avec éclairage allumé,En agglomération,Intersection en X,Normale,Deux véhicules - côté,,,,,,,,,,,5,2,2,1.0,3
201200027201,0012-03-13 01:30:00,12,3,13,1,30,370,261,"29, TRANCHEE (AVENUE DE",,,Nuit avec éclairage allumé,En agglomération,Hors intersection,Normale,Autre collision,,,,,,,,,,,5,2,1,1.0,6
201200027202,0012-03-23 03:45:00,12,3,23,3,45,370,122,"127, CHINON (BOULEVARD D",,,Nuit avec éclairage allumé,En agglomération,Hors intersection,Normale,Sans collision,,,,,,,,,,,5,2,1,1.0,7
201200027203,0012-03-29 23:00:00,12,3,29,23,0,370,261,"88, GRAMMONT (AVENUE DE)",,,Nuit avec éclairage allumé,En agglomération,Intersection en X,Normale,Deux véhicules - côté,,,,,,,,,,,5,2,2,1.0,3
201200027204,0012-03-30 21:00:00,12,3,30,21,0,370,261,"15, PORTILLON (RUE DE)",,,Crépuscule ou aube,En agglomération,Hors intersection,Normale,Deux véhicules - arrière,,,,,,,,,,,2,2,1,1.0,2
201200027205,0012-04-01 22:47:00,12,4,1,22,47,370,261,TANNEURS (RUE DES),,,Nuit avec éclairage allumé,En agglomération,Intersection en X,Normale,Deux véhicules - côté,,,,,,,,,,,5,2,2,1.0,3
201200027206,0012-04-05 00:05:00,12,4,5,0,5,370,261,"35, GRAMMONT (AVENUE DE)",,,Nuit avec éclairage allumé,En agglomération,Hors intersection,Normale,Sans collision,,,,,,,,,,,5,2,1,1.0,7
201200027207,0012-04-14 23:30:00,12,4,14,23,30,370,261,COPERNIC (PLACE NICOLAS),,,Nuit avec éclairage allumé,En agglomération,Hors intersection,Pluie légère,Sans collision,,,,,,,,,,,5,2,1,2.0,7
201200027208,0012-04-21 22:11:00,12,4,21,22,11,370,261,MIRABEAU (PONT),,,Nuit avec éclairage allumé,En agglomération,Intersection en X,Normale,Deux véhicules - côté,,,,,,,,,,,5,2,2,1.0,3
201200027209,0012-04-25 23:20:00,12,4,25,23,20,370,122,CHINON (BOULEVARD DE),,,Nuit avec éclairage allumé,En agglomération,Hors intersection,Temps couvert,Sans collision,,,,,,,,,,,5,2,1,8.0,7
201200027210,0012-04-29 23:40:00,12,4,29,23,40,370,122,BORDEAUX (AVENUE DE),,,Nuit avec éclairage allumé,En agglomération,Intersection à plus de 4 branches,Normale,Deux véhicules - côté,,,,,,,,,,,5,2,5,1.0,3
201200027211,0012-05-06 02:50:00,12,5,6,2,50,370,261,JUIN (BOULEVARD DU MAREC,,,Nuit avec éclairage allumé,En agglomération,Hors intersection,Pluie légère,Deux véhicules - frontale,,,,,,,,,,,5,2,1,2.0,1
201200027212,0012-05-18 21:50:00,12,5,18,21,50,370,261,"114, GRAMMONT (AVENUE DE",,,Nuit avec éclairage allumé,En agglomération,Hors intersection,Normale,Autre collision,,,,,,,,,,,5,2,1,1.0,6
201200027213,0012-05-20 00:15:00,12,5,20,0,15,370,261,"86, SAND (RUE GEORGES)",,,Nuit avec éclairage allumé,En agglomération,Hors intersection,Normale,Sans collision,,,,,,,,,,,5,2,1,1.0,7
201200027214,0012-05-20 21:45:00,12,5,20,21,45,370,261,ROND POINT JEAN LE RESTE,,,Nuit avec éclairage allumé,En agglomération,Giratoire,Temps couvert,Sans collision,,,,,,,,,,,5,2,6,8.0,7
201200027215,0012-05-21 21:35:00,12,5,21,21,35,370,261,SUEDE (RUE DE),,,Nuit avec éclairage allumé,En agglomération,Intersection en X,Pluie légère,Deux véhicules - côté,,,,,,,,,,,5,2,2,2.0,3
201200027216,0012-05-27 20:50:00,12,5,27,20,50,370,261,JAURES (PLACE JEAN),,,Plein jour,En agglomération,Hors intersection,Normale,Sans collision,,,,,,,,,,,1,2,1,1.0,7
201200027217,0012-06-02 04:35:00,12,6,2,4,35,370,214,"147, TONNELE (RUE)",,,Nuit avec éclairage allumé,En agglomération,Hors intersection,Normale,Autre collision,,,,,,,,,,,5,2,1,1.0,6
201200027218,0012-06-03 23:20:00,12,6,3,23,20,370,261,"197, GRAMMONT (AVENUE DE",,,Nuit avec éclairage allumé,En agglomération,Hors intersection,Normale,Autre collision,,,,,,,,,,,5,2,1,1.0,6
201200027219,0012-06-14 10:24:00,12,6,14,10,24,370,233,VAILLANT COUTURIER RUE,,,Plein jour,En agglomération,Hors intersection,Normale,Autre collision,,,,,,,,,,,1,2,1,1.0,6
201200027220,0012-06-09 04:15:00,12,6,9,4,15,370,261,PAILHOU (PLACE GASTON),,,Nuit avec éclairage allumé,En agglomération,Intersection en X,Normale,Deux véhicules - frontale,,,,,,,,,,,5,2,2,1.0,1
201200027221,0012-06-09 23:00:00,12,6,9,23,0,370,261,RONSARD (RUE),,,Nuit avec éclairage allumé,En agglomération,Hors intersection,Normale,Autre collision,,,,,,,,,,,5,2,1,1.0,6
201200027222,0012-06-15 21:35:00,12,6,15,21,35,370,233,LOIRE (LEVEE DE LA),,,Nuit avec éclairage allumé,En agglomération,Intersection en T,Pluie légère,Deux véhicules - arrière,,,,,,,,,,,5,2,3,2.0,2
201200027223,0012-06-22 04:25:00,12,6,22,4,25,370,261,"50, BERANGER (BOULEVARD)",,,Crépuscule ou aube,En agglomération,Hors intersection,Normale,Deux véhicules - arrière,,,,,,,,,,,2,2,1,1.0,2
201200027224,0012-01-02 12:50:00,12,1,2,12,50,370,233,BALZAC (RUE HONORE DE,,,Plein jour,En agglomération,Intersection en T,Normale,Deux véhicules - arrière,,,,,,,,,,,1,2,3,1.0,2
201200027225,0012-01-03 19:15:00,12,1,3,19,15,370,261,PROUDHON (AVENUE),,,Nuit avec éclairage allumé,En agglomération,Intersection en T,Pluie légère,Autre collision,,,,,,,,,,,5,2,3,2.0,6
201200027226,0012-01-04 11:40:00,12,1,4,11,40,370,233,DEPORTES (BOULEVARD DES),,,Plein jour,En agglomération,Intersection en X,Normale,Deux véhicules - côté,,,,,,,,,,,1,2,2,1.0,3
201200027227,0012-01-10 08:00:00,12,1,10,8,0,370,195,MAIRIE (RUE DE LA),,,Nuit avec éclairage allumé,En agglomération,Hors intersection,Normale,Deux véhicules - côté,,,,,,,,,,,5,2,1,1.0,3
201200027228,0012-01-11 08:00:00,12,1,11,8,0,370,261,SUEDE (RUE DE),,,Nuit avec éclairage allumé,En agglomération,Hors intersection,Normale,Autre collision,,,,,,,,,,,5,2,1,1.0,6
201200027229,0012-01-16 08:50:00,12,1,16,8,50,370,261,BORDIERS (RUE DES),,,Plein jour,En agglomération,Intersection en X,Normale,Deux véhicules - côté,,,,,,,,,,,1,2,2,1.0,3
201200027230,0012-01-17 12:00:00,12,1,17,12,0,370,261,MARCEAU (RUE),,,Plein jour,En agglomération,Intersection en X,Normale,Sans collision,,,,,,,,,,,1,2,2,1.0,7
201200027231,0012-01-20 20:20:00,12,1,20,20,20,370,261,EIFFEL (AVENUE GUSTAVE),,,Nuit avec éclairage allumé,En agglomération,Intersection en X,Normale,Deux véhicules - côté,,,,,,,,,,,5,2,2,1.0,3
201200027232,0012-01-21 18:25:00,12,1,21,18,25,370,208,LAC (AVENUE DU),,,Nuit avec éclairage allumé,En agglomération,Intersection en X,Normale,Deux véhicules - arrière,,,,,,,,,,,5,2,2,1.0,2
201200027233,0012-01-27 16:50:00,12,1,27,16,50,370,261,CLOS SAINT LIBERT (RUE D,,,Plein jour,En agglomération,Intersection en T,Normale,Autre collision,,,,,,,,,,,1,2,3,1.0,6
201200027234,0012-01-27 17:50:00,12,1,27,17,50,370,214,LOIRE (QUAI DE LA),,,Crépuscule ou aube,En agglomération,Hors intersection,Normale,Deux véhicules - côté,,,,,,,,,,,2,2,1,1.0,3
201200027235,0012-02-01 15:00:00,12,2,1,15,0,370,261,"97, TRANCHEE (AVENUE DE",,,Plein jour,En agglomération,Hors intersection,Normale,Sans collision,,,,,,,,,,,1,2,1,1.0,7
201200027236,0012-02-01 16:40:00,12,2,1,16,40,370,261,HEURTELOUP (BOULEVARD),,,Plein jour,En agglomération,Intersection en X,Normale,Autre collision,,,,,,,,,,,1,2,2,1.0,6
201200027237,0012-02-01 18:35:00,12,2,1,18,35,370,261,MERMOZ (RUE JEAN),,,Nuit avec éclairage allumé,En agglomération,Intersection en T,Normale,Deux véhicules - côté,,,,,,,,,,,5,2,3,1.0,3
201200027238,0012-02-03 07:25:00,12,2,3,7,25,370,233,BEAUFILS (RUE MAURICE),,,Nuit avec éclairage allumé,En agglomération,Intersection en X,Normale,Deux véhicules - côté,,,,,,,,,,,5,2,2,1.0,3
201200027239,0012-02-03 09:55:00,12,2,3,9,55,370,233,DUCLOS (AVENUE JACQUES),,,Plein jour,En agglomération,Hors intersection,Normale,Deux véhicules - arrière,,,,,,,,,,,1,2,1,1.0,2
201200027240,0012-02-10 10:05:00,12,2,10,10,5,370,261,PLAT D'ETAIN (RUE DU),,,Plein jour,En agglomération,Intersection en X,Neige / grêle,Autre collision,,,,,,,,,,,1,2,2,4.0,6
201200027241,0012-01-04 13:05:00,12,1,4,13,5,370,261,MILLETIERE (CHEMIN DE LA,,,Plein jour,En agglomération,Intersection en T,Normale,Sans collision,,,,,,,,,,,1,2,3,1.0,7
201200027242,0012-01-18 07:35:00,12,1,18,7,35,370,261,NIESSEL (AVENUE DU GENER,,,Nuit avec éclairage allumé,En agglomération,Hors intersection,Normale,Sans collision,,,,,,,,,,,5,2,1,1.0,7
201200027243,0012-01-19 08:18:00,12,1,19,8,18,370,214,BERGSON (RUE HENRI),,,Nuit avec éclairage non allumé,En agglomération,Intersection en X,Pluie légère,Autre collision,,,,,,,,,,,4,2,2,2.0,6
201200027244,0012-01-25 07:45:00,12,1,25,7,45,370,261,ROSTAND (CARREFOUR EDMON,,,Nuit sans éclairage public,En agglomération,Giratoire,Pluie légère,Deux véhicules - côté,,,,,,,,,,,3,2,6,2.0,3
201200027245,0012-01-23 19:22:00,12,1,23,19,22,370,233,CASANOVA (RUE DANIELLE),,,Nuit avec éclairage allumé,En agglomération,Intersection en X,Normale,Deux véhicules - arrière,,,,,,,,,,,5,2,2,1.0,2
201200027246,0012-01-24 11:43:00,12,1,24,11,43,370,122,RUE DE BONDONNIERE,,,Plein jour,En agglomération,Hors intersection,Normale,Autre collision,,,,,,,,,,,1,2,1,1.0,6
201200027247,0012-01-30 08:15:00,12,1,30,8,15,370,261,"4, BERGEONNERIE (RUE DE",,,Crépuscule ou aube,En agglomération,Hors intersection,Normale,Autre collision,,,,,,,,,,,2,2,1,1.0,6
201200027248,0012-01-31 08:14:00,12,1,31,8,14,370,261,DE GAULLE (AVENUE DU GEN,,,Crépuscule ou aube,En agglomération,Intersection en T,Temps couvert,Deux véhicules - côté,,,,,,,,,,,2,2,3,8.0,3
201200027249,0012-01-04 18:12:00,12,1,4,18,12,370,233,LANGEVIN (BOULEVARD PAUL,,,Nuit avec éclairage allumé,En agglomération,Intersection en T,Temps couvert,Autre collision,,,,,,,,,,,5,2,3,8.0,6
201200027250,0012-02-24 07:55:00,12,2,24,7,55,370,261,"60, REPUBLIQUE (AVENUE D",,,Plein jour,En agglomération,Hors intersection,Pluie légère,Autre collision,,,,,,,,,,,1,2,1,2.0,6
201200027251,0012-01-25 11:14:00,12,1,25,11,14,370,261,REPUBLIQUE (AVENUE DE LA,,,Plein jour,Hors agglomération,Intersection en X,Normale,Deux véhicules - frontale,,,,,,,,,,,1,1,2,1.0,1
201200027252,0012-02-21 14:57:00,12,2,21,14,57,370,261,"120, GRAMMONT (AVENUE DE",,,Plein jour,En agglomération,Hors intersection,Normale,Autre collision,,,,,,,,,,,1,2,1,1.0,6
201200027253,0012-02-27 19:30:00,12,2,27,19,30,370,261,ALOUETTE (AVENUE),,,Nuit avec éclairage allumé,En agglomération,Hors intersection,Normale,Sans collision,,,,,,,,,,,5,2,1,1.0,7
201200027254,0012-02-28 18:55:00,12,2,28,18,55,370,261,GANCE (BOULEVARD ABEL),,,Crépuscule ou aube,Hors agglomération,Hors intersection,Normale,Deux véhicules - arrière,,,,,,,,,,,2,1,1,1.0,2
201200027255,0012-02-29 11:50:00,12,2,29,11,50,370,261,"18, BERANGER (BOULEVARD)",,,Plein jour,En agglomération,Hors intersection,Normale,Autre collision,,,,,,,,,,,1,2,1,1.0,6
201200027256,0012-02-15 14:45:00,12,2,15,14,45,370,261,EIFFEL (AVENUE GUSTAVE),,,Plein jour,En agglomération,Hors intersection,Normale,Autre collision,,,,,,,,,,,1,2,1,1.0,6
201200027257,0012-01-13 15:00:00,12,1,13,15,0,370,261,TONNELLE (BOULEVARD),,,Plein jour,En agglomération,Intersection en X,Normale,Deux véhicules - côté,,,,,,,,,,,1,2,2,1.0,3
201200027258,0012-01-14 09:00:00,12,1,14,9,0,370,261,JUIN (BOULEVARD DU MAREC,,,Plein jour,En agglomération,Intersection en X,Normale,Trois véhicules et plus - collisions multiples,,,,,,,,,,,1,2,2,1.0,5
201200027259,0012-01-14 11:09:00,12,1,14,11,9,370,261,ROTTERDAM (RUE DE),,,Plein jour,En agglomération,Intersection en X,Normale,Deux véhicules - côté,,,,,,,,,,,1,2,2,1.0,3
201200027260,0012-01-14 11:25:00,12,1,14,11,25,370,261,PARCAY (RUE DE),,,Plein jour,En agglomération,Intersection en T,Normale,Deux véhicules - côté,,,,,,,,,,,1,2,3,1.0,3
201200027261,0012-01-20 12:10:00,12,1,20,12,10,370,261,WAGNER (BOULEVARD RICHAR,,,Plein jour,En agglomération,Hors intersection,Normale,Deux véhicules - arrière,,,,,,,,,,,1,2,1,1.0,2
201200027262,0012-01-15 12:15:00,12,1,15,12,15,370,261,BUGEAUD (RUE),,,Plein jour,En agglomération,Intersection en X,Normale,Trois véhicules et plus - collisions multiples,,,,,,,,,,,1,2,2,1.0,5
201200027263,0012-01-19 18:15:00,12,1,19,18,15,370,261,"34, TRIBUT (RUE MARCEL)",,,Nuit avec éclairage allumé,En agglomération,Hors intersection,Temps couvert,Autre collision,,,,,,,,,,,5,2,1,8.0,6
201200027264,0012-01-20 09:55:00,12,1,20,9,55,370,122,CHANTEPIE (RUE DE),,,Plein jour,En agglomération,Intersection en X,Normale,Deux véhicules - côté,,,,,,,,,,,1,2,2,1.0,3
201200027265,0012-01-24 19:30:00,12,1,24,19,30,370,261,VERDI (RUE),,,Nuit avec éclairage allumé,En agglomération,Intersection en T,Normale,Deux véhicules - côté,,,,,,,,,,,5,2,3,1.0,3
201200027266,0012-01-26 06:30:00,12,1,26,6,30,370,261,CHANZY (RUE DU GENERAL),,,Nuit avec éclairage allumé,En agglomération,Intersection en X,Temps couvert,Deux véhicules - côté,,,,,,,,,,,5,2,2,8.0,3
201200027267,0012-01-26 07:55:00,12,1,26,7,55,370,261,DANIEL MAYER,,,Crépuscule ou aube,En agglomération,Autre intersection,Temps couvert,Deux véhicules - côté,,,,,,,,,,,2,2,9,8.0,3
201200027268,0012-01-27 07:45:00,12,1,27,7,45,370,261,WAGNER (BOULEVARD RIC,,,Plein jour,En agglomération,Hors intersection,Normale,Sans collision,,,,,,,,,,,1,2,1,1.0,7
201200027269,0012-02-06 15:15:00,12,2,6,15,15,370,122,"43, VAL VIOLET (RUE DU)",,,Plein jour,En agglomération,Hors intersection,Normale,Sans collision,,,,,,,,,,,1,2,1,1.0,7
201200027270,0012-02-13 11:35:00,12,2,13,11,35,370,122,LEBON (RUE PHILIPPE),,,Plein jour,En agglomération,Hors intersection,Normale,Sans collision,,,,,,,,,,,1,2,1,1.0,7
201200027271,0012-02-23 17:20:00,12,2,23,17,20,370,261,ROTONDE (ROND-POINT DE L,,,Plein jour,En agglomération,Hors intersection,Temps couvert,Deux véhicules - côté,,,,,,,,,,,1,2,1,8.0,3
201200027272,0012-02-29 16:35:00,12,2,29,16,35,370,261,DE GAULLE (AVENUE DU GEN,,,Plein jour,En agglomération,Hors intersection,Normale,Autre collision,,,,,,,,,,,1,2,1,1.0,6
201200027273,0012-03-01 14:45:00,12,3,1,14,45,370,208,PHALENES (RUE DES),,,Plein jour,En agglomération,Intersection en T,Normale,Deux véhicules - côté,,,,,,,,,,,1,2,3,1.0,3
201200027274,0012-03-12 14:20:00,12,3,12,14,20,370,261,ARSONVAL (AVENUE ARSENE,,,Plein jour,En agglomération,Hors intersection,Normale,Autre collision,,,,,,,,,,,1,2,1,1.0,6
201200027275,0012-03-13 14:50:00,12,3,13,14,50,370,261,ROTONDE (ROND-POINT DE L,,,Plein jour,En agglomération,Giratoire,Normale,Deux véhicules - côté,,,,,,,,,,,1,2,6,1.0,3
201200027276,0012-03-15 10:00:00,12,3,15,10,0,370,261,CARTIER (RUE JACQUES),,,Plein jour,En agglomération,Intersection en T,Normale,Deux véhicules - côté,,,,,,,,,,,1,2,3,1.0,3
201200027277,0012-03-18 19:00:00,12,3,18,19,0,370,208,"49, BRANCHOIRE (RUE DE L",,,Nuit avec éclairage allumé,En agglomération,Hors intersection,Pluie forte,Trois véhicules et plus - en chaîne,,,,,,,,,,,5,2,1,3.0,4
201200027278,0012-03-24 15:45:00,12,3,24,15,45,370,261,"0, VAILLANT (RUE EDOUARD",,,Plein jour,En agglomération,Intersection en T,Normale,Deux véhicules - côté,,,,,,,,,,,1,2,3,1.0,3
201200027279,0012-03-24 17:30:00,12,3,24,17,30,370,233,COLOMBIER (RUE DU),,,Plein jour,En agglomération,Intersection en X,Normale,Deux véhicules - côté,,,,,,,,,,,1,2,2,1.0,3
201200027280,0012-03-26 08:40:00,12,3,26,8,40,370,122,GITONNIERE (RUE DE LA),,,Plein jour,En agglomération,Giratoire,Temps éblouissant,Deux véhicules - arrière,,,,,,,,,,,1,2,6,7.0,2
201200027281,0012-04-02 08:20:00,12,4,2,8,20,370,261,MALRAUX (QUAI ANDRE),,,Plein jour,En agglomération,Hors intersection,Normale,Deux véhicules - côté,,,,,,,,,,,1,2,1,1.0,3
201200027282,0012-04-05 16:40:00,12,4,5,16,40,370,261,SAINT SYMPHORIEN (PONT S,,,Plein jour,En agglomération,Hors intersection,Normale,Autre collision,,,,,,,,,,,1,2,1,1.0,6
201200027283,0012-01-17 17:40:00,12,1,17,17,40,370,208,PIERRES PLATES (RUE DES),,,Crépuscule ou aube,Hors agglomération,Hors intersection,Normale,Autre collision,,,,,,,,,,,2,1,1,1.0,6
201200027284,0012-12-18 07:50:00,12,12,18,7,50,370,261,HALLES (RUE DES),,,Nuit avec éclairage allumé,En agglomération,Intersection en X,Normale,Deux véhicules - côté,,,,,,,,,,,5,2,2,1.0,3
201200027285,0012-01-06 16:15:00,12,1,6,16,15,370,261,BERT (QUAI PAUL),,,Plein jour,En agglomération,Intersection en T,Normale,Deux véhicules - côté,,,,,,,,,,,1,2,3,1.0,3
201200027286,0012-01-16 11:05:00,12,1,16,11,5,370,208,BEAUGAILLARD (AVENUE),,,Plein jour,En agglomération,Hors intersection,Normale,Autre collision,,,,,,,,,,,1,2,1,1.0,6
201200027287,0012-12-11 15:00:00,12,12,11,15,0,370,261,GRAMMONT (AVENUE DE),,,Plein jour,En agglomération,Hors intersection,Normale,Autre collision,,,,,,,,,,,1,2,1,1.0,6
201200027288,0012-12-08 08:15:00,12,12,8,8,15,370,122,CHATEAU DU GENET(ROUTE D,,,Crépuscule ou aube,En agglomération,Hors intersection,Normale,Deux véhicules - côté,,,,,,,,,,,2,2,1,1.0,3
201200027289,0012-12-06 20:40:00,12,12,6,20,40,370,122,RD 37,,,Crépuscule ou aube,Hors agglomération,Hors intersection,Normale,Autre collision,,,,,,,,,,,2,1,1,1.0,6
201200027290,0012-12-07 15:20:00,12,12,7,15,20,370,261,BOYER (RUE LEON),,,Plein jour,En agglomération,Hors intersection,Normale,Autre collision,,,,,,,,,,,1,2,1,1.0,6
201200027291,0012-12-07 09:50:00,12,12,7,9,50,370,122,LECLERC PLACE   GENERAL,,,Plein jour,En agglomération,Hors intersection,Normale,Autre collision,,,,,,,,,,,1,2,1,1.0,6
201200027292,0012-12-03 17:55:00,12,12,3,17,55,370,122,NOBLE JOUE( giratoire),,,Crépuscule ou aube,Hors agglomération,Giratoire,Normale,Sans collision,,,,,,,,,,,2,1,6,1.0,7
201200027293,0012-12-13 07:50:00,12,12,13,7,50,370,208,LARCAY (RUE DE),,,Crépuscule ou aube,Hors agglomération,Hors intersection,Normale,Sans collision,,,,,,,,,,,2,1,1,1.0,7
201200027294,0012-01-19 15:11:00,12,1,19,15,11,370,122,GAMARD (RUE),,,Plein jour,En agglomération,Hors intersection,Normale,Autre collision,,,,,,,,,,,1,2,1,1.0,6
201200027295,0012-02-03 16:05:00,12,2,3,16,5,370,261,JEMMAPES (RUE),,,Plein jour,En agglomération,Hors intersection,Normale,Deux véhicules - arrière,,,,,,,,,,,1,2,1,1.0,2
201200027296,0012-12-27 08:00:00,12,12,27,8,0,370,261,GIRAUDEAU (RUE),,,Crépuscule ou aube,En agglomération,Hors intersection,Pluie légère,Autre collision,,,,,,,,,,,2,2,1,2.0,6
201200027297,0012-02-21 11:55:00,12,2,21,11,55,370,261,LUXEMBOURG (RUE DU),,,Plein jour,En agglomération,Intersection en T,Normale,Deux véhicules - côté,,,,,,,,,,,1,2,3,1.0,3
201200027298,0012-03-02 16:50:00,12,3,2,16,50,370,261,DE GAULLE (AVENUE DU,,,Plein jour,En agglomération,Hors intersection,Normale,Deux véhicules - arrière,,,,,,,,,,,1,2,1,1.0,2
201200027299,0012-03-03 19:30:00,12,3,3,19,30,370,261,MOZART (AVENUE),,,Nuit avec éclairage allumé,En agglomération,Intersection en T,Normale,Autre collision,,,,,,,,,,,5,2,3,1.0,6
201200027300,0012-03-09 16:55:00,12,3,9,16,55,370,122,POIRIER (RUE JACQUES),,,Plein jour,En agglomération,Intersection en T,Normale,Deux véhicules - côté,,,,,,,,,,,1,2,3,1.0,3
201200027301,0012-03-15 18:50:00,12,3,15,18,50,370,208,GRAND COUR (RUE DE),,,Crépuscule ou aube,En agglomération,Intersection en T,Normale,Trois véhicules et plus - collisions multiples,,,,,,,,,,,2,2,3,1.0,5
201200027302,0012-03-20 17:35:00,12,3,20,17,35,370,261,CHURCHILL (BOULEVARD WIN,,,Plein jour,En agglomération,Hors intersection,Normale,Autre collision,,,,,,,,,,,1,2,1,1.0,6
201200027303,0012-03-21 13:15:00,12,3,21,13,15,370,122,"136, JAURES (BOULEVARD J",,,Plein jour,En agglomération,Hors intersection,Normale,Deux véhicules - côté,,,,,,,,,,,1,2,1,1.0,3
201200027304,0012-03-21 14:56:00,12,3,21,14,56,370,195,SAINTE ANNE (PLACE),,,Plein jour,En agglomération,Hors intersection,Normale,Autre collision,,,,,,,,,,,1,2,1,1.0,6
201200027305,0012-03-22 09:15:00,12,3,22,9,15,370,214,DE GAULLE (BD CHARLES),,,Plein jour,Hors agglomération,Hors intersection,Normale,Trois véhicules et plus - en chaîne,,,,,,,,,,,1,1,1,1.0,4
201200027306,0012-03-26 18:40:00,12,3,26,18,40,370,261,TONNELLE (BOULEVARD),,,Plein jour,En agglomération,Hors intersection,Normale,Deux véhicules - côté,,,,,,,,,,,1,2,1,1.0,3
201200027307,0012-03-29 09:40:00,12,3,29,9,40,370,261,MALRAUX  QUAI ANDRE,,,Plein jour,En agglomération,Hors intersection,Normale,Deux véhicules - arrière,,,,,,,,,,,1,2,1,1.0,2
201200027308,0012-03-29 09:45:00,12,3,29,9,45,370,261,HALLES (RUE DES),,,Plein jour,En agglomération,Intersection en X,Normale,Deux véhicules - côté,,,,,,,,,,,1,2,2,1.0,3
201200027309,0012-04-02 13:30:00,12,4,2,13,30,370,122,MARCHANDERIE (RUE DE LA),,,Plein jour,En agglomération,Intersection en T,Normale,Deux véhicules - côté,,,,,,,,,,,1,2,3,1.0,3
201200027310,0012-04-03 11:55:00,12,4,3,11,55,370,261,GRAMMONT (AVENUE DE),,,Plein jour,En agglomération,Intersection en X,Normale,Deux véhicules - côté,,,,,,,,,,,1,2,2,1.0,3
201200027311,0012-04-04 08:25:00,12,4,4,8,25,370,261,ARSONVAL (AVENUE ARSENE,,,Plein jour,En agglomération,Hors intersection,Normale,Deux véhicules - côté,,,,,,,,,,,1,2,1,1.0,3
201200027312,0012-04-14 17:55:00,12,4,14,17,55,370,261,GRAMMONT (AVENUE DE),,,Plein jour,En agglomération,Intersection en X,Normale,Deux véhicules - côté,,,,,,,,,,,1,2,2,1.0,3
201200027313,0012-04-16 07:40:00,12,4,16,7,40,370,261,MIRABEAU (PONT),,,Crépuscule ou aube,En agglomération,Intersection en X,Normale,Deux véhicules - côté,,,,,,,,,,,2,2,2,1.0,3
201200027314,0012-04-19 17:35:00,12,4,19,17,35,370,261,PLATANES (RUE DES),,,Plein jour,En agglomération,Intersection en X,Pluie légère,Deux véhicules - côté,,,,,,,,,,,1,2,2,2.0,3
201200027315,0012-04-19 17:30:00,12,4,19,17,30,370,122,RD 7,,,Plein jour,Hors agglomération,Intersection en T,Pluie légère,Deux véhicules - côté,,,,,,,,,,,1,1,3,2.0,3
201200027316,0012-04-20 13:00:00,12,4,20,13,0,370,122,CHAMBRAY (RUE DE),,,Plein jour,En agglomération,Intersection en T,Pluie légère,Deux véhicules - côté,,,,,,,,,,,1,2,3,2.0,3