accident_id,datetime,annee,mois,jour,heure,minute,departement,commune_insee,adresse,latitude,longitude,luminosite,agglomeration,intersection,meteo,collision,nb_vehicules,nb_usagers,nb_indemnes,nb_tues,nb_blesses_hosp,nb_blesses_legers,age_cond_1,age_cond_2,veh_type_cond_1,veh_type_cond_2,lum_code,agg_code,int_code,atm_code,col_code
201200027317,0012-04-20 18:00:00,12,4,20,18,0,370,122,RD 37 sortie Nord,,,Plein jour,Hors agglomération,Hors intersection,Pluie légère,Sans collision,,,,,,,,,,,1,1,1,2.0,7
201200027318,0012-04-21 05:35:00,12,4,21,5,35,370,261,ALOUETTE (AVENUE),,,Nuit avec éclairage allumé,En agglomération,Hors intersection,Normale,Autre collision,,,,,,,,,,,5,2,1,1.0,6
201200027319,0012-05-08 19:30:00,12,5,8,19,30,370,208,MECHIN (RUE FERNAND),,,Plein jour,Hors agglomération,Hors intersection,Normale,Deux véhicules - côté,,,,,,,,,,,1,1,1,1.0,3
201200027320,0012-05-10 09:50:00,12,5,10,9,50,370,122,JAURES (BOULEVARD JEAN),,,Plein jour,En agglomération,Intersection en Y,Normale,Deux véhicules - côté,,,,,,,,,,,1,2,4,1.0,3
201200027321,0012-05-14 14:05:00,12,5,14,14,5,370,261,"180, GIRAUDEAU (RUE)",,,Plein jour,En agglomération,Hors intersection,Normale,Sans collision,,,,,,,,,,,1,2,1,1.0,7
201200027322,0012-05-19 20:30:00,12,5,19,20,30,370,261,TRIANON (RUE),,,Plein jour,En agglomération,Intersection en T,Normale,Sans collision,,,,,,,,,,,1,2,3,1.0,7
201200027323,0012-05-20 15:20:00,12,5,20,15,20,370,261,DUBLINEAU (RUE),,,Plein jour,En agglomération,Intersection en X,Pluie légère,Deux véhicules - côté,,,,,,,,,,,1,2,2,2.0,3
201200027324,0012-02-16 20:14:00,12,2,16,20,14,370,261,JUIN (BOULEVARD DU MAREC,,,Nuit avec éclairage allumé,En agglomération,Autre intersection,Normale,Deux véhicules - côté,,,,,,,,,,,5,2,9,1.0,3
201200027325,0012-02-21 14:10:00,12,2,21,14,10,370,261,ENTRAIGUES (RUE D'),,,Plein jour,En agglomération,Intersection en T,Normale,Deux véhicules - arrière,,,,,,,,,,,1,2,3,1.0,2
201200027326,0012-02-23 08:18:00,12,2,23,8,18,370,261,PLAT D'ETAIN (RUE DU),,,Plein jour,En agglomération,Hors intersection,Normale,Autre collision,,,,,,,,,,,1,2,1,1.0,6
201200027327,0012-02-23 08:35:00,12,2,23,8,35,370,261,GANCE (BOULEVARD ABEL),,,Crépuscule ou aube,En agglomération,Hors intersection,Pluie légère,Sans collision,,,,,,,,,,,2,2,1,2.0,7
201200027328,0012-03-17 19:49:00,12,3,17,19,49,370,261,CALAIS (RUE DE),,,Nuit avec éclairage allumé,En agglomération,Intersection en X,Pluie légère,Deux véhicules - côté,,,,,,,,,,,5,2,2,2.0,3
201200027329,0012-03-05 13:55:00,12,3,5,13,55,370,122,RD 86 DE MONTS,,,Plein jour,En agglomération,Hors intersection,Pluie légère,Deux véhicules - frontale,,,,,,,,,,,1,2,1,2.0,1
201200027330,0012-03-24 15:57:00,12,3,24,15,57,370,233,COLOMBIER (RUE DU),,,Plein jour,En agglomération,Intersection en T,Normale,Deux véhicules - côté,,,,,,,,,,,1,2,3,1.0,3
201200027331,0012-03-24 10:35:00,12,3,24,10,35,370,214,BORDIERS (RUE DES),,,Plein jour,En agglomération,Giratoire,Normale,Deux véhicules - côté,,,,,,,,,,,1,2,6,1.0,3
201200027332,0012-03-24 13:50:00,12,3,24,13,50,370,122,DELORME (RUE PHILIBERT),,,Plein jour,En agglomération,Autre intersection,Normale,Autre collision,,,,,,,,,,,1,2,9,1.0,6
201200027333,0012-03-29 13:38:00,12,3,29,13,38,370,261,VOLTAIRE (RUE),,,Plein jour,En agglomération,Intersection en T,Normale,Trois véhicules et plus - collisions multiples,,,,,,,,,,,1,2,3,1.0,5
201200027334,0012-03-30 09:35:00,12,3,30,9,35,370,261,HEURTELOUP (BOULEVARD),,,Plein jour,En agglomération,Hors intersection,Normale,Autre collision,,,,,,,,,,,1,2,1,1.0,6
201200027335,0012-03-29 20:09:00,12,3,29,20,9,370,195,ROZE (RUE DU LIEUTENANT),,,Crépuscule ou aube,En agglomération,Intersection en X,Normale,Deux véhicules - côté,,,,,,,,,,,2,2,2,1.0,3
201200027336,0012-04-04 17:38:00,12,4,4,17,38,370,261,CHURCHILL (BOULEVARD WIN,,,Plein jour,En agglomération,Hors intersection,Pluie forte,Autre collision,,,,,,,,,,,1,2,1,3.0,6
201200027337,0012-04-06 08:56:00,12,4,6,8,56,370,261,ALOUETTE (AVENUE),,,Plein jour,En agglomération,Hors intersection,Normale,Deux véhicules - côté,,,,,,,,,,,1,2,1,1.0,3
201200027338,0012-04-06 07:19:00,12,4,6,7,19,370,208,GAILLARDIERE (RUE DE LA),,,Crépuscule ou aube,En agglomération,Hors intersection,Normale,Deux véhicules - arrière,,,,,,,,,,,2,2,1,1.0,2
201200027339,0012-04-06 11:00:00,12,4,6,11,0,370,261,DELAROCHE (RUE),,,Plein jour,En agglomération,Intersection en T,Normale,Deux véhicules - côté,,,,,,,,,,,1,2,3,1.0,3
201200027340,0012-04-09 20:26:00,12,4,9,20,26,370,261,GRANDIERE (RUE DE LA),,,Crépuscule ou aube,En agglomération,Intersection en X,Normale,Autre collision,,,,,,,,,,,2,2,2,1.0,6
201200027341,0012-04-11 07:58:00,12,4,11,7,58,370,261,MARCEAU (RUE),,,Plein jour,En agglomération,Intersection en T,Normale,Deux véhicules - côté,,,,,,,,,,,1,2,3,1.0,3
201200027342,0012-04-11 08:40:00,12,4,11,8,40,370,261,SUEDE (RUE DE),,,Plein jour,En agglomération,Giratoire,Normale,Deux véhicules - côté,,,,,,,,,,,1,2,6,1.0,3
201200027343,0012-04-15 14:25:00,12,4,15,14,25,370,122,RENAN (RUE ERNEST),,,Plein jour,En agglomération,Hors intersection,Normale,Deux véhicules - frontale,,,,,,,,,,,1,2,1,1.0,1
201200027344,0012-04-12 06:56:00,12,4,12,6,56,370,261,HEURTELOUP (BOULEVARD),,,Crépuscule ou aube,En agglomération,Intersection en T,Normale,Deux véhicules - côté,,,,,,,,,,,2,2,3,1.0,3
201200027345,0012-04-12 08:00:00,12,4,12,8,0,370,261,EUROPE (AVENUE DE L'),,,Plein jour,En agglomération,Hors intersection,Normale,Deux véhicules - arrière,,,,,,,,,,,1,2,1,1.0,2
201200027346,0012-04-16 14:25:00,12,4,16,14,25,370,261,BERT (QUAI PAUL),,,Plein jour,En agglomération,Intersection en T,Normale,Sans collision,,,,,,,,,,,1,2,3,1.0,7
201200027347,0012-04-23 10:10:00,12,4,23,10,10,370,261,GANCE (BOULEVARD ABEL),,,Plein jour,En agglomération,Giratoire,Pluie forte,Sans collision,,,,,,,,,,,1,2,6,3.0,7
201200027348,0012-04-24 12:30:00,12,4,24,12,30,370,261,NIESSEL (AVENUE DU GENER,,,Plein jour,En agglomération,Hors intersection,Normale,Deux véhicules - frontale,,,,,,,,,,,1,2,1,1.0,1
201200027349,0012-04-29 09:25:00,12,4,29,9,25,370,261,MAGINOT (AV. ANDRE),,,Plein jour,En agglomération,Intersection en X,Pluie légère,Deux véhicules - côté,,,,,,,,,,,1,2,2,2.0,3
201200027350,0012-05-06 06:34:00,12,5,6,6,34,370,261,"48, REPUBLIQUE (AVENUE D",,,Crépuscule ou aube,En agglomération,Hors intersection,Temps couvert,Autre collision,,,,,,,,,,,2,2,1,8.0,6
201200027351,0012-01-12 07:45:00,12,1,12,7,45,370,233,"26 b, REPUBLIQUE (AVENUE",,,Nuit avec éclairage allumé,En agglomération,Hors intersection,Normale,Deux véhicules - frontale,,,,,,,,,,,5,2,1,1.0,1
201200027352,0012-01-02 20:05:00,12,1,2,20,5,370,208,CICOTTEES (RUE DES),,,Crépuscule ou aube,En agglomération,Intersection en X,Normale,Autre collision,,,,,,,,,,,2,2,2,1.0,6
201200027353,0012-02-09 20:35:00,12,2,9,20,35,370,261,CHAGALL (AVENUE MARC),,,Crépuscule ou aube,En agglomération,Hors intersection,Neige / grêle,Sans collision,,,,,,,,,,,2,2,1,4.0,7
201200027354,0012-02-10 15:53:00,12,2,10,15,53,370,261,TRIANON (RUE),,,Plein jour,En agglomération,Hors intersection,Neige / grêle,Sans collision,,,,,,,,,,,1,2,1,4.0,7
201200027355,0012-02-15 19:11:00,12,2,15,19,11,370,261,DASSAULT (AVENUE MARCEL),,,Crépuscule ou aube,En agglomération,Hors intersection,Normale,Autre collision,,,,,,,,,,,2,2,1,1.0,6
201200027356,0012-01-19 19:30:00,12,1,19,19,30,370,261,"0, REPUBLIQUE (AVENUE DE",,,Nuit avec éclairage allumé,En agglomération,Intersection en X,Temps couvert,Deux véhicules - frontale,,,,,,,,,,,5,2,2,8.0,1
201200027357,0012-04-17 20:35:00,12,4,17,20,35,370,261,THIERS (PLACE),,,Plein jour,En agglomération,Hors intersection,Temps couvert,Autre collision,,,,,,,,,,,1,2,1,8.0,6
201200027358,0012-04-19 17:00:00,12,4,19,17,0,370,261,SUEDE (RUE DE),,,Plein jour,En agglomération,Intersection en X,Pluie légère,Deux véhicules - côté,,,,,,,,,,,1,2,2,2.0,3
201200027359,0012-04-19 06:00:00,12,4,19,6,0,370,233,POMPIDOU (AVENUE GEORGES,,,Crépuscule ou aube,En agglomération,Intersection en T,Normale,Deux véhicules - arrière,,,,,,,,,,,2,2,3,1.0,2
201200027360,0012-04-20 07:50:00,12,4,20,7,50,370,261,"0, GRAMMONT (AVENUE DE)",,,Plein jour,En agglomération,Hors intersection,Normale,Sans collision,,,,,,,,,,,1,2,1,1.0,7
201200027361,0012-05-02 11:00:00,12,5,2,11,0,370,195,RD 88,,,Plein jour,En agglomération,Hors intersection,Normale,Deux véhicules - arrière,,,,,,,,,,,1,2,1,1.0,2
201200027362,0012-05-06 16:45:00,12,5,6,16,45,370,261,BOISDENIER (RUE DE),,,Plein jour,En agglomération,Intersection en X,Normale,Deux véhicules - côté,,,,,,,,,,,1,2,2,1.0,3
201200027363,0012-05-11 16:45:00,12,5,11,16,45,370,261,"0, BERGEONNERIE (RUE DE",,,Plein jour,En agglomération,Hors intersection,Normale,Deux véhicules - arrière,,,,,,,,,,,1,2,1,1.0,2
201200027364,0012-05-20 12:25:00,12,5,20,12,25,370,208,CORMERY (RUE DE),,,Plein jour,En agglomération,Hors intersection,Temps couvert,Deux véhicules - côté,,,,,,,,,,,1,2,1,8.0,3
201200027365,0012-06-04 13:00:00,12,6,4,13,0,370,261,"0, FEBVOTTE (RUE)",,,Plein jour,En agglomération,Hors intersection,Normale,Deux véhicules - côté,,,,,,,,,,,1,2,1,1.0,3
201200027366,0012-06-04 17:35:00,12,6,4,17,35,370,261,JAURES (PLACE JEAN),,,Plein jour,En agglomération,Intersection en Y,Normale,Autre collision,,,,,,,,,,,1,2,4,1.0,6
201200027367,0012-05-29 15:45:00,12,5,29,15,45,370,261,SAVONNIERES (ROUTE DE),,,Plein jour,Hors agglomération,Intersection en T,Normale,Autre collision,,,,,,,,,,,1,1,3,1.0,6
201200027368,0012-06-05 19:45:00,12,6,5,19,45,370,261,"10, NIESSEL (AVENUE DU G",,,Plein jour,En agglomération,Hors intersection,Normale,Deux véhicules - côté,,,,,,,,,,,1,2,1,1.0,3
201200027369,0012-06-05 17:00:00,12,6,5,17,0,370,261,JUIN (BOULEVARD DU MAREC,,,Plein jour,En agglomération,Intersection en X,Normale,Deux véhicules - côté,,,,,,,,,,,1,2,2,1.0,3
201200027370,0012-06-11 15:40:00,12,6,11,15,40,370,261,GEORGET (RUE),,,Plein jour,En agglomération,Intersection en X,Normale,Deux véhicules - côté,,,,,,,,,,,1,2,2,1.0,3
201200027371,0012-06-12 09:20:00,12,6,12,9,20,370,122,"55, RD 86 DE MONTS",,,Plein jour,Hors agglomération,Hors intersection,Normale,Deux véhicules - arrière,,,,,,,,,,,1,1,1,1.0,2
201200027372,0012-06-13 12:20:00,12,6,13,12,20,370,195,"09, VERNE (RUE JULES)",,,Plein jour,En agglomération,Hors intersection,Normale,Deux véhicules - arrière,,,,,,,,,,,1,2,1,1.0,2
201200027373,0012-01-05 07:25:00,12,1,5,7,25,370,261,EINSTEIN (RUE ALBERT),,,Nuit avec éclairage allumé,En agglomération,Hors intersection,Pluie légère,Deux véhicules - arrière,,,,,,,,,,,5,2,1,2.0,2
201200027374,0012-06-17 18:00:00,12,6,17,18,0,370,233,"0, MOULIN (PONT JEAN)",,,Plein jour,En agglomération,Hors intersection,Normale,Deux véhicules - arrière,,,,,,,,,,,1,2,1,1.0,2
201200027375,0012-06-29 18:30:00,12,6,29,18,30,370,261,rue Joan Miro,,,Plein jour,En agglomération,Intersection en X,Normale,Sans collision,,,,,,,,,,,1,2,2,1.0,7
201200027376,0012-06-29 19:15:00,12,6,29,19,15,370,261,PETIT PRINCE (MAIL DU,,,Plein jour,En agglomération,Intersection en X,Normale,Deux véhicules - côté,,,,,,,,,,,1,2,2,1.0,3
201200027377,0012-06-30 09:40:00,12,6,30,9,40,370,261,ENTRAIGUES (RUE D'),,,Plein jour,En agglomération,Intersection en X,Normale,Deux véhicules - côté,,,,,,,,,,,1,2,2,1.0,3
201200027378,0012-07-05 17:40:00,12,7,5,17,40,370,208,BEAUGAILLARD (AVENUE),,,Plein jour,En agglomération,Hors intersection,Normale,Deux véhicules - arrière,,,,,,,,,,,1,2,1,1.0,2
201200027379,0012-03-27 21:55:00,12,3,27,21,55,370,261,WAGNER (BOULEVARD RICHAR,,,Nuit avec éclairage allumé,En agglomération,Hors intersection,Normale,Trois véhicules et plus - collisions multiples,,,,,,,,,,,5,2,1,1.0,5
201200027380,0012-03-30 22:50:00,12,3,30,22,50,370,261,"171, MAGINOT (AV. ANDRE)",,,Nuit avec éclairage allumé,En agglomération,Hors intersection,Normale,Autre collision,,,,,,,,,,,5,2,1,1.0,6
201200027381,0012-05-09 19:03:00,12,5,9,19,3,370,261,PAILHOU (PLACE GASTON),,,Plein jour,En agglomération,Hors intersection,Normale,Autre collision,,,,,,,,,,,1,2,1,1.0,6
201200027382,0012-05-10 16:30:00,12,5,10,16,30,370,233,POMPIDOU (AVENUE GEORGES,,,Plein jour,En agglomération,Hors intersection,Normale,Deux véhicules - arrière,,,,,,,,,,,1,2,1,1.0,2
201200027383,0012-05-15 14:11:00,12,5,15,14,11,370,261,BERANGER (BOULEVARD),,,Plein jour,En agglomération,Intersection en Y,Normale,Deux véhicules - côté,,,,,,,,,,,1,2,4,1.0,3
201200027384,0012-05-18 11:00:00,12,5,18,11,0,370,261,WEDELLS (RUE JEANNE),,,Plein jour,Hors agglomération,Intersection en X,Normale,Deux véhicules - côté,,,,,,,,,,,1,1,2,1.0,3
201200027385,0012-05-15 19:25:00,12,5,15,19,25,370,261,"48, EUROPE (AVENUE DE L'",,,Plein jour,En agglomération,Hors intersection,Normale,Autre collision,,,,,,,,,,,1,2,1,1.0,6
201200027386,0012-05-21 18:20:00,12,5,21,18,20,370,208,GRANDMONT (RUE DE),,,Plein jour,En agglomération,Intersection en X,Pluie forte,Deux véhicules - côté,,,,,,,,,,,1,2,2,3.0,3
201200027387,0012-05-15 18:00:00,12,5,15,18,0,370,122,BORDEAUX (AVENUE DE).,,,Plein jour,En agglomération,Intersection en X,Normale,Autre collision,,,,,,,,,,,1,2,2,1.0,6
201200027388,0012-05-24 11:25:00,12,5,24,11,25,370,261,GRAMMONT (AVENUE DE),,,Plein jour,En agglomération,Hors intersection,Normale,Deux véhicules - arrière,,,,,,,,,,,1,2,1,1.0,2
201200027389,0012-05-27 17:30:00,12,5,27,17,30,370,261,AUBERDIERE (RUE DE L'),,,Plein jour,En agglomération,Hors intersection,Normale,Sans collision,,,,,,,,,,,1,2,1,1.0,7
201200027390,0012-05-28 19:20:00,12,5,28,19,20,370,208,GRANGES GALANT (RUE DES),,,Plein jour,En agglomération,Hors intersection,Normale,Autre collision,,,,,,,,,,,1,2,1,1.0,6
201200027391,0012-05-29 07:53:00,12,5,29,7,53,370,261,STENDHAL (AVENUE),,,Plein jour,En agglomération,Hors intersection,Normale,Deux véhicules - côté,,,,,,,,,,,1,2,1,1.0,3
201200027392,0012-06-02 14:35:00,12,6,2,14,35,370,261,JUIN (BOULEVARD DU MAREC,,,Plein jour,En agglomération,Hors intersection,Normale,Deux véhicules - arrière,,,,,,,,,,,1,2,1,1.0,2
201200027393,0012-06-04 09:50:00,12,6,4,9,50,370,261,STENDHAL (AVENUE),,,Plein jour,En agglomération,Intersection en X,Normale,Deux véhicules - arrière,,,,,,,,,,,1,2,2,1.0,2
201200027394,0012-06-05 10:20:00,12,6,5,10,20,370,214,MENARDIERE (RUE DE LA),,,Plein jour,En agglomération,Intersection en X,Normale,Deux véhicules - côté,,,,,,,,,,,1,2,2,1.0,3
201200027395,0012-06-14 17:15:00,12,6,14,17,15,370,261,RENAULT (260 DU GAL),,,Plein jour,En agglomération,Hors intersection,Normale,Autre collision,,,,,,,,,,,1,2,1,1.0,6
201200027396,0012-06-14 15:14:00,12,6,14,15,14,370,122,RD 37 sortie Nord,,,Plein jour,Hors agglomération,Hors intersection,Normale,Autre collision,,,,,,,,,,,1,1,1,1.0,6
201200027397,0012-06-15 12:50:00,12,6,15,12,50,370,261,EIFFEL (AVENUE GUSTAVE),,,Plein jour,En agglomération,Giratoire,Normale,Deux véhicules - arrière,,,,,,,,,,,1,2,6,1.0,2
201200027398,0012-06-26 17:30:00,12,6,26,17,30,370,261,SAINT EXUPERY,,,Plein jour,En agglomération,Hors intersection,Normale,Autre collision,,,,,,,,,,,1,2,1,1.0,6
201200027399,0012-06-26 19:20:00,12,6,26,19,20,370,214,"65, DE GAULLE (BD CHARLE",,,Plein jour,En agglomération,Hors intersection,Normale,Deux véhicules - côté,,,,,,,,,,,1,2,1,1.0,3
201200027400,0012-06-21 20:21:00,12,6,21,20,21,370,208,STENDHAL (AVENUE),,,Crépuscule ou aube,En agglomération,Hors intersection,Normale,Sans collision,,,,,,,,,,,2,2,1,1.0,7
201200027401,0012-07-02 14:50:00,12,7,2,14,50,370,261,SAINT SAUVEUR (PONT),,,Plein jour,En agglomération,Giratoire,Normale,Deux véhicules - côté,,,,,,,,,,,1,2,6,1.0,3
201200027402,0012-07-02 17:10:00,12,7,2,17,10,370,261,WALVEIN (RUE),,,Plein jour,En agglomération,Intersection en X,Normale,Autre collision,,,,,,,,,,,1,2,2,1.0,6
201200027403,0012-07-02 15:15:00,12,7,2,15,15,370,261,DEVILDE (RUE),,,Plein jour,En agglomération,Hors intersection,Normale,Deux véhicules - côté,,,,,,,,,,,1,2,1,1.0,3
201200027404,0012-07-03 14:55:00,12,7,3,14,55,370,261,MARCHANT DU PLESSIS (BOU,,,Plein jour,En agglomération,Intersection en T,Normale,Deux véhicules - côté,,,,,,,,,,,1,2,3,1.0,3
201200027405,0012-06-27 13:39:00,12,6,27,13,39,370,261,DEVILDE (RUE),,,Plein jour,En agglomération,Hors intersection,Normale,Deux véhicules - arrière,,,,,,,,,,,1,2,1,1.0,2
201200027406,0012-07-03 15:10:00,12,7,3,15,10,370,261,POMPIDOU (AVENUE GEORGES,,,Plein jour,En agglomération,Hors intersection,Normale,Deux véhicules - côté,,,,,,,,,,,1,2,1,1.0,3
201200027407,0012-07-04 10:19:00,12,7,4,10,19,370,208,MOULIN A VENT (RUE DU),,,Plein jour,En agglomération,Intersection en X,Normale,Deux véhicules - côté,,,,,,,,,,,1,2,2,1.0,3
201200027408,0012-07-09 19:55:00,12,7,9,19,55,370,261,"29, GRAMMONT (AVENUE DE)",,,Plein jour,En agglomération,Hors intersection,Normale,Autre collision,,,,,,,,,,,1,2,1,1.0,6
201200027409,0012-07-29 11:45:00,12,7,29,11,45,370,122,JAURES (BOULEVARD JEAN),,,Plein jour,En agglomération,Intersection en T,Normale,Sans collision,,,,,,,,,,,1,2,3,1.0,7
201200027410,0012-08-02 15:03:00,12,8,2,15,3,370,122,VERDUN (RUE DE),,,Plein jour,En agglomération,Giratoire,Normale,Deux véhicules - côté,,,,,,,,,,,1,2,6,1.0,3
201200027411,0012-08-09 08:40:00,12,8,9,8,40,370,261,VICTOIRE (RUE DE LA),,,Plein jour,En agglomération,Giratoire,Normale,Deux véhicules - arrière,,,,,,,,,,,1,2,6,1.0,2
201200027412,0012-08-09 10:40:00,12,8,9,10,40,370,261,STENDHAL (AVENUE),,,Plein jour,En agglomération,Hors intersection,Normale,Autre collision,,,,,,,,,,,1,2,1,1.0,6
201200027413,0012-08-03 11:30:00,12,8,3,11,30,370,261,HEURTELOUP (BOULEVARD),,,Plein jour,En agglomération,Intersection en Y,Normale,Autre collision,,,,,,,,,,,1,2,4,1.0,6
201200027414,0012-08-13 19:00:00,12,8,13,19,0,370,208,"50, BRANCHOIRE (RUE DE L",,,Plein jour,En agglomération,Hors intersection,Normale,Sans collision,,,,,,,,,,,1,2,1,1.0,7
201200027415,0012-08-07 17:35:00,12,8,7,17,35,370,261,"32, DE GAULLE (AVENUE DU",,,Plein jour,En agglomération,Intersection en X,Normale,Deux véhicules - côté,,,,,,,,,,,1,2,2,1.0,3
201200027416,0012-08-14 18:55:00,12,8,14,18,55,370,233,DUCLOS (AVENUE JACQUES),,,Plein jour,En agglomération,Hors intersection,Normale,Autre collision,,,,,,,,,,,1,2,1,1.0,6
201200027417,0012-02-24 08:17:00,12,2,24,8,17,370,261,ORIGET (RUE),,,Plein jour,En agglomération,Hors intersection,Normale,Autre collision,,,,,,,,,,,1,2,1,1.0,6
201200027418,0012-02-20 08:10:00,12,2,20,8,10,370,122,RD 86 DE MONTS,,,Crépuscule ou aube,Hors agglomération,Hors intersection,Normale,Trois véhicules et plus - en chaîne,,,,,,,,,,,2,1,1,1.0,4
201200027419,0012-02-20 08:25:00,12,2,20,8,25,370,261,ORIGET (RUE),,,Plein jour,En agglomération,Hors intersection,Normale,Autre collision,,,,,,,,,,,1,2,1,1.0,6
201200027420,0012-05-04 19:50:00,12,5,4,19,50,370,261,"4, COURIER (RUE PAUL LOU",,,Plein jour,En agglomération,Hors intersection,Pluie légère,Sans collision,,,,,,,,,,,1,2,1,2.0,7
201200027421,0012-05-20 18:55:00,12,5,20,18,55,370,261,MAGINOT (AV. ANDRE),,,Plein jour,En agglomération,Intersection en X,Pluie légère,Deux véhicules - côté,,,,,,,,,,,1,2,2,2.0,3
201200027422,0012-05-21 10:45:00,12,5,21,10,45,370,261,WAGNER (BOULEVARD RICHAR,,,Plein jour,En agglomération,Intersection en T,Normale,Deux véhicules - arrière,,,,,,,,,,,1,2,3,1.0,2
201200027423,0012-05-25 18:05:00,12,5,25,18,5,370,261,"30, RENAULT (RUE DU GAL)",,,Plein jour,En agglomération,Intersection en X,Normale,Deux véhicules - côté,,,,,,,,,,,1,2,2,1.0,3
201200027424,0012-06-06 14:40:00,12,6,6,14,40,370,261,FRANCAIS LIBRES (CARREFO,,,Plein jour,En agglomération,Hors intersection,Normale,Sans collision,,,,,,,,,,,1,2,1,1.0,7
201200027425,0012-06-06 17:15:00,12,6,6,17,15,370,261,TANNEURS (RUE DES),,,Plein jour,En agglomération,Intersection en T,Normale,Autre collision,,,,,,,,,,,1,2,3,1.0,6
201200027426,0012-06-08 15:55:00,12,6,8,15,55,370,214,AMPERE (RUE ANDRE),,,Plein jour,En agglomération,Intersection en X,Normale,Deux véhicules - côté,,,,,,,,,,,1,2,2,1.0,3
201200027427,0012-04-21 11:05:00,12,4,21,11,5,370,261,FUYE( RUE DE LE ),,,Plein jour,En agglomération,Hors intersection,Pluie légère,Deux véhicules - arrière,,,,,,,,,,,1,2,1,2.0,2
201200027428,0012-06-12 18:15:00,12,6,12,18,15,370,261,CHURCHILL (BOULEVARD WIN,,,Plein jour,En agglomération,Hors intersection,Pluie légère,Trois véhicules et plus - collisions multiples,,,,,,,,,,,1,2,1,2.0,5
201200027429,0012-06-14 09:05:00,12,6,14,9,5,370,122,BOUILLY (RUE JEAN-NICOLA,,,Plein jour,En agglomération,Intersection en T,Normale,Autre collision,,,,,,,,,,,1,2,3,1.0,6
201200027430,0012-06-20 08:25:00,12,6,20,8,25,370,261,LOIRE (ALLEE DE LA),,,Plein jour,En agglomération,Hors intersection,Normale,Autre collision,,,,,,,,,,,1,2,1,1.0,6
201200027431,0012-06-09 07:00:00,12,6,9,7,0,370,214,"42, MAISONS BLANCHES (QU",,,Plein jour,En agglomération,Hors intersection,Normale,Sans collision,,,,,,,,,,,1,2,1,1.0,7
201200027432,0012-06-25 18:30:00,12,6,25,18,30,370,195,SAINT FRANCOIS (RUE),,,Plein jour,En agglomération,Intersection en T,Pluie légère,Sans collision,,,,,,,,,,,1,2,3,2.0,7
201200027433,0012-06-26 12:00:00,12,6,26,12,0,370,261,PASCAL (RUE BLAISE),,,Plein jour,En agglomération,Intersection en T,Normale,Deux véhicules - côté,,,,,,,,,,,1,2,3,1.0,3
201200027434,0012-07-02 12:25:00,12,7,2,12,25,370,261,CHURCHILL (BOULEVARD WIN,,,Plein jour,En agglomération,Hors intersection,Normale,Deux véhicules - côté,,,,,,,,,,,1,2,1,1.0,3
201200027435,0012-07-03 08:20:00,12,7,3,8,20,370,261,LOUIS XI (BOULEVARD),,,Plein jour,Hors agglomération,Hors intersection,Normale,Deux véhicules - côté,,,,,,,,,,,1,1,1,1.0,3
201200027436,0012-07-06 13:05:00,12,7,6,13,5,370,261,VAILLANT (RUE EDOUARD,,,Plein jour,En agglomération,Intersection en T,Normale,Deux véhicules - côté,,,,,,,,,,,1,2,3,1.0,3
201200027437,0012-07-09 12:25:00,12,7,9,12,25,370,261,"69, HALLES (RUE DES)",,,Plein jour,En agglomération,Intersection en X,Normale,Deux véhicules - côté,,,,,,,,,,,1,2,2,1.0,3
201200027438,0012-07-12 20:45:00,12,7,12,20,45,370,261,TANNEURS (RUE DES),,,Plein jour,En agglomération,Hors intersection,Normale,Autre collision,,,,,,,,,,,1,2,1,1.0,6
201200027439,0012-07-12 18:15:00,12,7,12,18,15,370,122,GUTENBERG (RUE),,,Plein jour,En agglomération,Hors intersection,Temps éblouissant,Trois véhicules et plus - en chaîne,,,,,,,,,,,1,2,1,7.0,4
201200027440,0012-07-13 18:00:00,12,7,13,18,0,370,122,BOULEVARD PERIPHERIQU,,,Plein jour,Hors agglomération,Hors intersection,Pluie légère,Autre collision,,,,,,,,,,,1,1,1,2.0,6
201200027441,0012-07-13 19:30:00,12,7,13,19,30,370,261,FOUQUET (RUE JEHAN),,,Plein jour,En agglomération,Intersection en X,Pluie légère,Deux véhicules - côté,,,,,,,,,,,1,2,2,2.0,3
201200027442,0012-07-14 09:55:00,12,7,14,9,55,370,122,"8, ADER (RUE CLEMENT)",,,Plein jour,En agglomération,Hors intersection,Normale,Deux véhicules - frontale,,,,,,,,,,,1,2,1,1.0,1
201200027443,0012-07-14 12:20:00,12,7,14,12,20,370,261,"130, FUYE( RUE DE LE )",,,Plein jour,En agglomération,Hors intersection,Normale,Deux véhicules - côté,,,,,,,,,,,1,2,1,1.0,3
201200027444,0012-07-18 17:15:00,12,7,18,17,15,370,261,LOUIS XI (BOULEVARD),,,Plein jour,Hors agglomération,Giratoire,Normale,Deux véhicules - côté,,,,,,,,,,,1,1,6,1.0,3
201200027445,0012-07-19 13:40:00,12,7,19,13,40,370,208,CORMERY (RUE DE),,,Plein jour,En agglomération,Hors intersection,Normale,Autre collision,,,,,,,,,,,1,2,1,1.0,6
201200027446,0012-07-19 20:20:00,12,7,19,20,20,370,261,JUIN (BOULEVARD DU MAREC,,,Plein jour,Hors agglomération,Intersection en X,Normale,Sans collision,,,,,,,,,,,1,1,2,1.0,7
201200027447,0012-07-20 11:05:00,12,7,20,11,5,370,233,POUDRERIE (RUE DE LA),,,Plein jour,Hors agglomération,Hors intersection,Pluie légère,Sans collision,,,,,,,,,,,1,1,1,2.0,7
201200027448,0012-07-21 10:05:00,12,7,21,10,5,370,261,LOUIS XI (BOULEVARD),,,Plein jour,En agglomération,Giratoire,Normale,Deux véhicules - côté,,,,,,,,,,,1,2,6,1.0,3
201200027449,0012-01-06 15:45:00,12,1,6,15,45,370,261,"15, SEVIGNE (AVENUE DE)",,,Plein jour,En agglomération,Hors intersection,Normale,Deux véhicules - arrière,,,,,,,,,,,1,2,1,1.0,2