accident_id,datetime,annee,mois,jour,heure,minute,departement,commune_insee,adresse,latitude,longitude,luminosite,agglomeration,intersection,meteo,collision,nb_vehicules,nb_usagers,nb_indemnes,nb_tues,nb_blesses_hosp,nb_blesses_legers,age_cond_1,age_cond_2,veh_type_cond_1,veh_type_cond_2,lum_code,agg_code,int_code,atm_code,col_code
201200027450,0012-05-12 14:00:00,12,5,12,14,0,370,261,MIRABEAU (PONT),,,Plein jour,En agglomération,Hors intersection,Normale,Sans collision,,,,,,,,,,,1,2,1,1.0,7
201200027451,0012-03-26 08:49:00,12,3,26,8,49,370,208,DE GAULLE (AV. DU GAL),,,Plein jour,En agglomération,Hors intersection,Normale,Autre collision,,,,,,,,,,,1,2,1,1.0,6
201200027452,0012-04-05 10:33:00,12,4,5,10,33,370,122,BRANLY (RUE EDOUARD),,,Plein jour,En agglomération,Intersection en T,Normale,Deux véhicules - frontale,,,,,,,,,,,1,2,3,1.0,1
201200027453,0012-06-14 09:35:00,12,6,14,9,35,370,261,LECLERC (PLACE DU MARECH,,,Plein jour,En agglomération,Hors intersection,Normale,Deux véhicules - côté,,,,,,,,,,,1,2,1,1.0,3
201200027454,0012-04-12 20:20:00,12,4,12,20,20,370,261,RD 37,,,Crépuscule ou aube,Hors agglomération,Hors intersection,Normale,Sans collision,,,,,,,,,,,2,1,1,1.0,7
201200027455,0012-04-18 14:50:00,12,4,18,14,50,370,261,NORD (PLACE DU),,,Plein jour,En agglomération,Hors intersection,Normale,Deux véhicules - côté,,,,,,,,,,,1,2,1,1.0,3
201200027456,0012-06-26 23:15:00,12,6,26,23,15,370,261,"106, HEURTELOUP (BOULEVA",,,Nuit avec éclairage allumé,En agglomération,Hors intersection,Normale,Deux véhicules - côté,,,,,,,,,,,5,2,1,1.0,3
201200027457,0012-06-22 22:29:00,12,6,22,22,29,370,261,BLANQUI (RUE AUGUSTE),,,Nuit avec éclairage allumé,En agglomération,Place,Normale,Autre collision,,,,,,,,,,,5,2,7,1.0,6
201200027458,0012-06-24 20:55:00,12,6,24,20,55,370,261,GIRAUDEAU (RUE),,,Crépuscule ou aube,En agglomération,Intersection en X,Pluie légère,Autre collision,,,,,,,,,,,2,2,2,2.0,6
201200027459,0012-07-22 22:20:00,12,7,22,22,20,370,261,HOSPITALITE (RUE DE L'),,,Nuit avec éclairage allumé,En agglomération,Intersection en T,Normale,Deux véhicules - côté,,,,,,,,,,,5,2,3,1.0,3
201200027460,0012-07-28 00:30:00,12,7,28,0,30,370,122,"10, LANGEVIN (RUE PAUL)",,,Nuit avec éclairage allumé,En agglomération,Intersection en X,Temps couvert,Sans collision,,,,,,,,,,,5,2,2,8.0,7
201200027461,0012-07-28 20:45:00,12,7,28,20,45,370,233,"40, DUCLOS (AVENUE JACQU",,,Plein jour,En agglomération,Hors intersection,Normale,Autre collision,,,,,,,,,,,1,2,1,1.0,6
201200027462,0012-07-29 03:40:00,12,7,29,3,40,370,261,TONNELLE (BOULEVARD),,,Nuit avec éclairage allumé,En agglomération,Intersection en X,Normale,Autre collision,,,,,,,,,,,5,2,2,1.0,6
201200027463,0012-07-30 21:45:00,12,7,30,21,45,370,233,BOISDENIER (IMPASSE),,,Nuit avec éclairage allumé,En agglomération,Intersection en T,Pluie légère,Deux véhicules - côté,,,,,,,,,,,5,2,3,2.0,3
201200027464,0012-08-31 21:40:00,12,8,31,21,40,370,261,EIFFEL (AVENUE GUSTAVE),,,Nuit avec éclairage allumé,En agglomération,Hors intersection,Normale,Sans collision,,,,,,,,,,,5,2,1,1.0,7
201200027465,0012-09-23 21:40:00,12,9,23,21,40,370,261,GANCE (BOULEVARD ABEL),,,Nuit avec éclairage allumé,En agglomération,Hors intersection,Pluie légère,Sans collision,,,,,,,,,,,5,2,1,2.0,7
201200027466,0012-09-24 23:00:00,12,9,24,23,0,370,122,FRANC PALAIS (RUE DU),,,Nuit avec éclairage allumé,En agglomération,Giratoire,Pluie forte,Deux véhicules - frontale,,,,,,,,,,,5,2,6,3.0,1
201200027467,0012-09-28 22:25:00,12,9,28,22,25,370,261,MIRABEAU (PONT),,,Nuit avec éclairage allumé,En agglomération,Hors intersection,Normale,Sans collision,,,,,,,,,,,5,2,1,1.0,7
201200027468,0012-10-02 02:00:00,12,10,2,2,0,370,261,BEDEL (RUE MAURICE),,,Nuit avec éclairage allumé,En agglomération,Hors intersection,Normale,Sans collision,,,,,,,,,,,5,2,1,1.0,7
201200027469,0012-10-08 21:00:00,12,10,8,21,0,370,261,SOURCE (RUE DE LA),,,Nuit avec éclairage allumé,En agglomération,Hors intersection,Pluie légère,Deux véhicules - côté,,,,,,,,,,,5,2,1,2.0,3
201200027470,0012-10-21 00:20:00,12,10,21,0,20,370,208,DOUMER (BOULEVARD PAUL),,,Nuit avec éclairage allumé,En agglomération,Hors intersection,Pluie légère,Sans collision,,,,,,,,,,,5,2,1,2.0,7
201200027471,0012-11-04 22:30:00,12,11,4,22,30,370,261,CHAUTEMPS AVENUE CAMILLE,,,Nuit avec éclairage allumé,En agglomération,Giratoire,Temps couvert,Deux véhicules - côté,,,,,,,,,,,5,2,6,8.0,3
201200027472,0012-11-06 20:55:00,12,11,6,20,55,370,261,114 TONNELLE BOULEVARD,,,Nuit avec éclairage allumé,En agglomération,Hors intersection,Normale,Autre collision,,,,,,,,,,,5,2,1,1.0,6
201200027473,0012-11-18 03:50:00,12,11,18,3,50,370,233,AVENUE JACQUES DUCLOS,,,Nuit avec éclairage allumé,En agglomération,Hors intersection,Normale,Autre collision,,,,,,,,,,,5,2,1,1.0,6
201200027474,0012-12-18 01:00:00,12,12,18,1,0,370,261,"D 37, RD 37",,,Nuit sans éclairage public,En agglomération,Hors intersection,Vent fort / tempête,Sans collision,,,,,,,,,,,3,2,1,6.0,7
201200027475,0012-12-22 23:25:00,12,12,22,23,25,370,122,RD 37,,,Nuit sans éclairage public,En agglomération,Hors intersection,Pluie légère,Sans collision,,,,,,,,,,,3,2,1,2.0,7
201200027476,0012-12-22 21:15:00,12,12,22,21,15,370,208,LAC (AVENUE DU),,,Nuit avec éclairage allumé,En agglomération,Giratoire,Pluie légère,Sans collision,,,,,,,,,,,5,2,6,2.0,7
201200027477,0012-12-26 21:45:00,12,12,26,21,45,370,261,PROUDHON (AVENUE),,,Nuit avec éclairage allumé,En agglomération,Intersection en T,Pluie légère,Deux véhicules - côté,,,,,,,,,,,5,2,3,2.0,3
201200027478,0012-12-31 23:00:00,12,12,31,23,0,370,261,MARCEAU (RUE),,,Nuit avec éclairage allumé,En agglomération,Intersection en X,Pluie forte,Deux véhicules - côté,,,,,,,,,,,5,2,2,3.0,3
201200027479,0012-12-31 23:50:00,12,12,31,23,50,370,122,RD 37,,,Nuit sans éclairage public,Hors agglomération,Hors intersection,Pluie légère,Autre collision,,,,,,,,,,,3,1,1,2.0,6
201200027480,0012-07-05 18:15:00,12,7,5,18,15,370,261,"23, VAILLANT (RUE EDOUAR",,,Plein jour,En agglomération,Hors intersection,Normale,Sans collision,,,,,,,,,,,1,2,1,1.0,7
201200027481,0012-07-06 09:10:00,12,7,6,9,10,370,233,DUCLOS (AVENUE JACQUES),,,Plein jour,En agglomération,Intersection en T,Normale,Deux véhicules - arrière,,,,,,,,,,,1,2,3,1.0,2
201200027482,0012-07-12 08:20:00,12,7,12,8,20,370,261,AUBERDIERE (RUE DE L'),,,Plein jour,En agglomération,Intersection en T,Normale,Deux véhicules - arrière,,,,,,,,,,,1,2,3,1.0,2
201200027483,0012-07-18 06:45:00,12,7,18,6,45,370,261,COMPAGNONS D'EMMAUS (,,,Plein jour,En agglomération,Hors intersection,Normale,Deux véhicules - arrière,,,,,,,,,,,1,2,1,1.0,2
201200027484,0012-07-24 07:20:00,12,7,24,7,20,370,261,"15, DANEMARK (AVENUE DU)",,,Plein jour,En agglomération,Hors intersection,Normale,Deux véhicules - arrière,,,,,,,,,,,1,2,1,1.0,2
201200027485,0012-07-31 10:46:00,12,7,31,10,46,370,214,GAGNERIE (RUE DE LA),,,Plein jour,En agglomération,Hors intersection,Normale,Autre collision,,,,,,,,,,,1,2,1,1.0,6
201200027486,0012-08-05 12:15:00,12,8,5,12,15,370,261,ENTRAIGUES (RUE D'),,,Plein jour,En agglomération,Intersection en X,Pluie légère,Deux véhicules - côté,,,,,,,,,,,1,2,2,2.0,3
201200027487,0012-08-09 17:20:00,12,8,9,17,20,370,195,SAINTE ANNE (PLACE),,,Plein jour,En agglomération,Hors intersection,Normale,Autre collision,,,,,,,,,,,1,2,1,1.0,6
201200027488,0012-08-16 14:45:00,12,8,16,14,45,370,122,"56, MARTYRS (RUE DES)",,,Plein jour,En agglomération,Intersection en T,Normale,Trois véhicules et plus - en chaîne,,,,,,,,,,,1,2,3,1.0,4
201200027489,0012-08-21 15:15:00,12,8,21,15,15,370,261,BELVEDERE (RUE DU),,,Plein jour,En agglomération,Intersection en X,Normale,Deux véhicules - côté,,,,,,,,,,,1,2,2,1.0,3
201200027490,0012-08-24 12:30:00,12,8,24,12,30,370,261,"x, HUYGENS (RUE CHRISTIA",,,Plein jour,En agglomération,Hors intersection,Normale,Deux véhicules - arrière,,,,,,,,,,,1,2,1,1.0,2
201200027491,0012-08-27 17:45:00,12,8,27,17,45,370,261,"X, BERT (QUAI PAUL)",,,Plein jour,En agglomération,Hors intersection,Normale,Trois véhicules et plus - en chaîne,,,,,,,,,,,1,2,1,1.0,4
201200027492,0012-08-29 09:20:00,12,8,29,9,20,370,214,DE GAULLE (BD CHARLES),,,Plein jour,Hors agglomération,Giratoire,Normale,Deux véhicules - arrière,,,,,,,,,,,1,1,6,1.0,2
201200027493,0012-08-28 18:50:00,12,8,28,18,50,370,261,BRETAGNE (PLACE ANNE,,,Plein jour,En agglomération,Hors intersection,Normale,Sans collision,,,,,,,,,,,1,2,1,1.0,7
201200027494,0012-08-30 12:45:00,12,8,30,12,45,370,261,CHAUTEMPS (AVENUE CAMILL,,,Plein jour,Hors agglomération,Intersection en T,Normale,Deux véhicules - côté,,,,,,,,,,,1,1,3,1.0,3
201200027495,0012-09-04 12:38:00,12,9,4,12,38,370,261,BOURGOIN (RUE DU COMMAND,,,Plein jour,En agglomération,Hors intersection,Normale,Deux véhicules - côté,,,,,,,,,,,1,2,1,1.0,3
201200027496,0012-09-20 20:00:00,12,9,20,20,0,370,261,MARCEAU (RUE),,,Crépuscule ou aube,En agglomération,Intersection en X,Normale,Deux véhicules - côté,,,,,,,,,,,2,2,2,1.0,3
201200027497,0012-09-20 13:30:00,12,9,20,13,30,370,261,"225, THIERS (BOULEVARD)",,,Plein jour,En agglomération,Hors intersection,Normale,Deux véhicules - côté,,,,,,,,,,,1,2,1,1.0,3
201200027498,0012-09-20 14:00:00,12,9,20,14,0,370,261,"28, GRAMMONT (AVENUE DE)",,,Plein jour,En agglomération,Hors intersection,Normale,Autre collision,,,,,,,,,,,1,2,1,1.0,6
201200027499,0012-09-21 15:00:00,12,9,21,15,0,370,261,MONNET (BOULEVARD),,,Plein jour,En agglomération,Hors intersection,Pluie légère,Deux véhicules - frontale,,,,,,,,,,,1,2,1,2.0,1
201200027500,0012-09-22 10:00:00,12,9,22,10,0,370,261,HENRI IV (RUE),,,Plein jour,En agglomération,Intersection en X,Normale,Deux véhicules - côté,,,,,,,,,,,1,2,2,1.0,3
201200027501,0012-09-28 09:40:00,12,9,28,9,40,370,208,"175, CORMERY (RUE DE)",,,Plein jour,En agglomération,Hors intersection,Normale,Deux véhicules - frontale,,,,,,,,,,,1,2,1,1.0,1
201200027502,0012-05-22 18:00:00,12,5,22,18,0,370,233,CACHIN (RUE MARCEL),,,Plein jour,En agglomération,Hors intersection,Normale,Deux véhicules - arrière,,,,,,,,,,,1,2,1,1.0,2
201200027503,0012-01-03 21:45:00,12,1,3,21,45,370,261,"85, HEURTELOUP (BOULEVAR",,,Nuit avec éclairage allumé,En agglomération,Hors intersection,Pluie forte,Deux véhicules - arrière,,,,,,,,,,,5,2,1,3.0,2
201200027504,0012-07-24 17:10:00,12,7,24,17,10,370,122,MARTYRS (RUE DES),,,Plein jour,En agglomération,Intersection en T,Normale,Deux véhicules - côté,,,,,,,,,,,1,2,3,1.0,3
201200027505,0012-07-26 09:00:00,12,7,26,9,0,370,261,COMMERCE (RUE DU),,,Plein jour,En agglomération,Hors intersection,Normale,Autre collision,,,,,,,,,,,1,2,1,1.0,6
201200027506,0012-07-26 12:10:00,12,7,26,12,10,370,261,VAILLANT (RUE EDOUARD),,,Plein jour,En agglomération,Hors intersection,Normale,Deux véhicules - côté,,,,,,,,,,,1,2,1,1.0,3
201200027507,0012-07-30 19:00:00,12,7,30,19,0,370,195,MONTILS (RUE DES),,,Plein jour,En agglomération,Intersection en T,Pluie légère,Trois véhicules et plus - collisions multiples,,,,,,,,,,,1,2,3,2.0,5
201200027508,0012-07-31 16:50:00,12,7,31,16,50,370,261,COLOMB (RUE CHRISTOPHE),,,Plein jour,En agglomération,Hors intersection,Normale,Autre collision,,,,,,,,,,,1,2,1,1.0,6
201200027509,0012-07-31 20:00:00,12,7,31,20,0,370,214,MENARDIERE (RUE DE LA),,,Plein jour,En agglomération,Intersection en T,Normale,Deux véhicules - côté,,,,,,,,,,,1,2,3,1.0,3
201200027510,0012-08-06 15:30:00,12,8,6,15,30,370,261,SAINT LAZARE ( AVENUE),,,Plein jour,En agglomération,Intersection en X,Normale,Deux véhicules - côté,,,,,,,,,,,1,2,2,1.0,3
201200027511,0012-08-06 18:30:00,12,8,6,18,30,370,195,PORT CORDON (RUE),,,Plein jour,En agglomération,Hors intersection,Normale,Autre collision,,,,,,,,,,,1,2,1,1.0,6
201200027512,0012-08-06 19:20:00,12,8,6,19,20,370,122,BORDEAUX (AVENUE DE),,,Plein jour,En agglomération,Intersection en X,Normale,Deux véhicules - arrière,,,,,,,,,,,1,2,2,1.0,2
201200027513,0012-08-08 11:30:00,12,8,8,11,30,370,261,SALLE (AVENUE DE LA),,,Plein jour,En agglomération,Intersection en Y,Normale,Sans collision,,,,,,,,,,,1,2,4,1.0,7
201200027514,0012-08-17 17:00:00,12,8,17,17,0,370,261,DASSAULT (AVENUE MARCEL),,,Plein jour,En agglomération,Hors intersection,Normale,Sans collision,,,,,,,,,,,1,2,1,1.0,7
201200027515,0012-08-17 17:30:00,12,8,17,17,30,370,261,"65, REPUBLIQUE (AVENUE D",,,Plein jour,Hors agglomération,Hors intersection,Normale,Autre collision,,,,,,,,,,,1,1,1,1.0,6
201200027516,0012-08-23 18:30:00,12,8,23,18,30,370,261,GEORGET (RUE),,,Plein jour,En agglomération,Intersection en T,Normale,Deux véhicules - côté,,,,,,,,,,,1,2,3,1.0,3
201200027517,0012-09-04 20:32:00,12,9,4,20,32,370,261,GANCE (BOULEVARD ABEL),,,Nuit avec éclairage allumé,Hors agglomération,Hors intersection,Normale,Autre collision,,,,,,,,,,,5,1,1,1.0,6
201200027518,0012-09-05 16:50:00,12,9,5,16,50,370,261,GRAMMONT (AVENUE DE),,,Plein jour,En agglomération,Hors intersection,Normale,Sans collision,,,,,,,,,,,1,2,1,1.0,7
201200027519,0012-08-24 15:55:00,12,8,24,15,55,370,122,"72, MARTYRS (RUE DES)",,,Plein jour,En agglomération,Hors intersection,Normale,Sans collision,,,,,,,,,,,1,2,1,1.0,7
201200027520,0012-09-06 08:15:00,12,9,6,8,15,370,261,"9, DANIEL MAYER",,,Plein jour,En agglomération,Hors intersection,Normale,Autre collision,,,,,,,,,,,1,2,1,1.0,6
201200027521,0012-09-10 18:20:00,12,9,10,18,20,370,208,BEAUGAILLARD (AVENUE),,,Plein jour,En agglomération,Hors intersection,Normale,Autre collision,,,,,,,,,,,1,2,1,1.0,6
201200027522,0012-09-10 20:25:00,12,9,10,20,25,370,214,GAGNERIE (RUE DE LA),,,Nuit avec éclairage allumé,Hors agglomération,Giratoire,Normale,Sans collision,,,,,,,,,,,5,1,6,1.0,7
201200027523,0012-09-13 07:50:00,12,9,13,7,50,370,261,MIRABEAU (PONT),,,Crépuscule ou aube,En agglomération,Hors intersection,Normale,Deux véhicules - côté,,,,,,,,,,,2,2,1,1.0,3
201200027524,0012-09-23 18:05:00,12,9,23,18,5,370,261,FLORENCE (AVENUE DE),,,Plein jour,En agglomération,Intersection en T,Normale,Sans collision,,,,,,,,,,,1,2,3,1.0,7
201200027525,0012-09-22 19:35:00,12,9,22,19,35,370,261,SAINT VINCENT DE PAUL (A,,,Crépuscule ou aube,En agglomération,Hors intersection,Normale,Autre collision,,,,,,,,,,,2,2,1,1.0,6
201200027526,0012-09-23 20:30:00,12,9,23,20,30,370,122,RD 37,,,Nuit sans éclairage public,Hors agglomération,Hors intersection,Pluie légère,Autre collision,,,,,,,,,,,3,1,1,2.0,6
201200027527,0012-09-25 07:35:00,12,9,25,7,35,370,261,JOLIVET (RUE),,,Nuit avec éclairage allumé,En agglomération,Hors intersection,Pluie légère,Autre collision,,,,,,,,,,,5,2,1,2.0,6
201200027528,0012-09-25 08:50:00,12,9,25,8,50,370,122,ROUTE DEPARTEMENTALE 86,,,Plein jour,En agglomération,Hors intersection,Normale,Autre collision,,,,,,,,,,,1,2,1,1.0,6
201200027529,0012-09-30 06:20:00,12,9,30,6,20,370,261,GRANDIERE (RUE DE LA),,,Nuit avec éclairage allumé,En agglomération,Intersection en X,Normale,Deux véhicules - côté,,,,,,,,,,,5,2,2,1.0,3
201200027530,0012-10-01 12:00:00,12,10,1,12,0,370,261,COLOMBIER (RUE),,,Plein jour,En agglomération,Hors intersection,Normale,Sans collision,,,,,,,,,,,1,2,1,1.0,7
201200027531,0012-10-05 15:00:00,12,10,5,15,0,370,261,CROIX PASQUIER (RUE),,,Plein jour,En agglomération,Intersection en X,Normale,Deux véhicules - côté,,,,,,,,,,,1,2,2,1.0,3
201200027532,0012-10-06 11:00:00,12,10,6,11,0,370,261,HALLES (PLACE DES),,,Plein jour,En agglomération,Intersection en T,Normale,Deux véhicules - côté,,,,,,,,,,,1,2,3,1.0,3
201200027533,0012-10-07 12:30:00,12,10,7,12,30,370,195,NIQUEUX (RUE LOUIS),,,Plein jour,En agglomération,Hors intersection,Normale,Autre collision,,,,,,,,,,,1,2,1,1.0,6
201200027534,0012-10-11 16:45:00,12,10,11,16,45,370,233,LOIRE (LEVEE DE LA),,,Plein jour,Hors agglomération,Intersection en T,Normale,Deux véhicules - arrière,,,,,,,,,,,1,1,3,1.0,2
201200027535,0012-10-11 17:50:00,12,10,11,17,50,370,122,MARBELLIERE (RUE DE LA),,,Plein jour,En agglomération,Intersection en X,Pluie légère,Deux véhicules - côté,,,,,,,,,,,1,2,2,2.0,3
201200027536,0012-10-11 18:15:00,12,10,11,18,15,370,214,"41, EPINETTES (RUE DES)",,,Nuit avec éclairage allumé,En agglomération,Hors intersection,Normale,Deux véhicules - côté,,,,,,,,,,,5,2,1,1.0,3
201200027537,0012-10-12 09:15:00,12,10,12,9,15,370,261,MIRABEAU (PONT),,,Plein jour,En agglomération,Autre intersection,Normale,Deux véhicules - arrière,,,,,,,,,,,1,2,9,1.0,2
201200027538,0012-10-16 17:45:00,12,10,16,17,45,370,233,BLANQUI (RUE),,,Plein jour,En agglomération,Intersection en X,Normale,Deux véhicules - côté,,,,,,,,,,,1,2,2,1.0,3
201200027539,0012-10-22 13:40:00,12,10,22,13,40,370,261,GIRAUDEAU (RUE),,,Plein jour,En agglomération,Hors intersection,Normale,Trois véhicules et plus - collisions multiples,,,,,,,,,,,1,2,1,1.0,5
201200027540,0012-10-22 18:35:00,12,10,22,18,35,370,261,"7, DE GAULLE (AVENUE DU",,,Crépuscule ou aube,En agglomération,Hors intersection,Normale,Autre collision,,,,,,,,,,,2,2,1,1.0,6
201200027541,0012-10-23 16:15:00,12,10,23,16,15,370,261,VAILLANT (RUE EDOUARD),,,Plein jour,En agglomération,Hors intersection,Normale,Autre collision,,,,,,,,,,,1,2,1,1.0,6
201200027542,0012-10-23 16:30:00,12,10,23,16,30,370,261,REMPART (RUE DU),,,Plein jour,En agglomération,Intersection en X,Normale,Autre collision,,,,,,,,,,,1,2,2,1.0,6
201200027543,0012-10-30 09:00:00,12,10,30,9,0,370,261,MAGINOT (AV. ANDRE),,,Plein jour,Hors agglomération,Hors intersection,Normale,Trois véhicules et plus - collisions multiples,,,,,,,,,,,1,1,1,1.0,5
201200027544,0012-08-31 20:31:00,12,8,31,20,31,370,261,GANCE (BOULEVARD ABEL),,,Plein jour,En agglomération,Giratoire,Normale,Sans collision,,,,,,,,,,,1,2,6,1.0,7
201200027545,0012-08-19 14:40:00,12,8,19,14,40,370,261,VAILLANT (PLACE),,,Plein jour,En agglomération,Place,Normale,Autre collision,,,,,,,,,,,1,2,7,1.0,6
201200027546,0012-08-25 20:20:00,12,8,25,20,20,370,122,JAURES (BOULEVARD JEAN),,,Plein jour,En agglomération,Passage à niveau,Normale,Sans collision,,,,,,,,,,,1,2,8,1.0,7
201200027547,0012-08-31 19:45:00,12,8,31,19,45,370,261,"262, VAILLANT (RUE EDOUA",,,Plein jour,En agglomération,Hors intersection,Normale,Deux véhicules - côté,,,,,,,,,,,1,2,1,1.0,3
201200027548,0012-08-31 13:30:00,12,8,31,13,30,370,122,"159, JAURES (BOULEVARD J",,,Plein jour,En agglomération,Hors intersection,Normale,Sans collision,,,,,,,,,,,1,2,1,1.0,7
201200027549,0012-09-03 12:10:00,12,9,3,12,10,370,261,EIFFEL (AVENUE GUSTAVE),,,Plein jour,En agglomération,Giratoire,Normale,Deux véhicules - arrière,,,,,,,,,,,1,2,6,1.0,2
201200027550,0012-09-01 16:25:00,12,9,1,16,25,370,122,"9 bis, LAVOISIER (RUE)",,,Plein jour,En agglomération,Hors intersection,Normale,Deux véhicules - arrière,,,,,,,,,,,1,2,1,1.0,2
201200027551,0012-09-06 13:55:00,12,9,6,13,55,370,261,CONSTANTINE (RUE DE),,,Plein jour,En agglomération,Giratoire,Normale,Deux véhicules - côté,,,,,,,,,,,1,2,6,1.0,3
201200027552,0012-09-14 09:30:00,12,9,14,9,30,370,261,FLORENCE (PROMENADE DE),,,Plein jour,En agglomération,Hors intersection,Normale,Sans collision,,,,,,,,,,,1,2,1,1.0,7
201200027553,0012-09-14 12:35:00,12,9,14,12,35,370,122,VAUX (ROUTE DES),,,Plein jour,Hors agglomération,Intersection en X,Normale,Deux véhicules - côté,,,,,,,,,,,1,1,2,1.0,3
201200027554,0012-09-07 13:00:00,12,9,7,13,0,370,261,"27, GRAMMONT (AVENUE DE)",,,Plein jour,En agglomération,Hors intersection,Normale,Autre collision,,,,,,,,,,,1,2,1,1.0,6
201200027555,0012-09-21 07:40:00,12,9,21,7,40,370,195,"3, CONDORCET (RUE)",,,Plein jour,En agglomération,Hors intersection,Normale,Sans collision,,,,,,,,,,,1,2,1,1.0,7
201200027556,0012-09-12 13:50:00,12,9,12,13,50,370,261,"168, HEURTELOUP (BOULEVA",,,Plein jour,En agglomération,Hors intersection,Normale,Sans collision,,,,,,,,,,,1,2,1,1.0,7
201200027557,0012-08-21 11:40:00,12,8,21,11,40,370,261,MALRAUX (QUAI ANDRE),,,Plein jour,En agglomération,Hors intersection,Normale,Sans collision,,,,,,,,,,,1,2,1,1.0,7
201200027558,0012-09-24 19:20:00,12,9,24,19,20,370,261,"194, FUYE( RUE DE LE )",,,Plein jour,En agglomération,Intersection en X,Pluie légère,Trois véhicules et plus - collisions multiples,,,,,,,,,,,1,2,2,2.0,5
201200027559,0012-09-25 17:40:00,12,9,25,17,40,370,261,CLOS SAINT LIBERT (RUE D,,,Plein jour,En agglomération,Intersection en X,Temps couvert,Deux véhicules - côté,,,,,,,,,,,1,2,2,8.0,3
201200027560,0012-09-27 08:00:00,12,9,27,8,0,370,122,PERIPHERIQUE   D 37,,,Plein jour,Hors agglomération,Hors intersection,Normale,Deux véhicules - arrière,,,,,,,,,,,1,1,1,1.0,2
201200027561,0012-10-02 11:21:00,12,10,2,11,21,370,261,MAGINOT (AV. ANDRE),,,Plein jour,En agglomération,Intersection en X,Temps couvert,Deux véhicules - côté,,,,,,,,,,,1,2,2,8.0,3
201200027562,0012-10-03 07:54:00,12,10,3,7,54,370,261,VICTOIRE (RUE DE LA),,,Plein jour,En agglomération,Hors intersection,Normale,Autre collision,,,,,,,,,,,1,2,1,1.0,6
201200027563,0012-10-02 07:50:00,12,10,2,7,50,370,261,VAILLANT (PLACE),,,Crépuscule ou aube,En agglomération,Hors intersection,Normale,Autre collision,,,,,,,,,,,2,2,1,1.0,6
201200027564,0012-10-02 08:00:00,12,10,2,8,0,370,261,SUEDE (RUE DE),,,Crépuscule ou aube,En agglomération,Hors intersection,Pluie légère,Autre collision,,,,,,,,,,,2,2,1,2.0,6
201200027565,0012-10-09 08:00:00,12,10,9,8,0,370,261,PROUDHON (AVENUE),,,Crépuscule ou aube,Hors agglomération,Hors intersection,Pluie légère,Autre collision,,,,,,,,,,,2,1,1,2.0,6
201200027566,0012-10-08 09:06:00,12,10,8,9,6,370,261,DANEMARK (AVENUE DU),,,Plein jour,En agglomération,Hors intersection,Normale,Autre collision,,,,,,,,,,,1,2,1,1.0,6
201200027567,0012-10-12 20:11:00,12,10,12,20,11,370,208,"25, DOUMER (BOULEVARD PA",,,Nuit avec éclairage allumé,En agglomération,Hors intersection,Normale,Deux véhicules - frontale,,,,,,,,,,,5,2,1,1.0,1
201200027568,0012-10-02 08:30:00,12,10,2,8,30,370,261,GIRAUDEAU (RUE),,,Plein jour,En agglomération,Hors intersection,Normale,Autre collision,,,,,,,,,,,1,2,1,1.0,6
201200027569,0012-10-13 19:23:00,12,10,13,19,23,370,261,WAGNER (BOULEVARD RICHAR,,,Nuit avec éclairage allumé,En agglomération,Hors intersection,Normale,Deux véhicules - arrière,,,,,,,,,,,5,2,1,1.0,2
201200027570,0012-10-26 12:30:00,12,10,26,12,30,370,122,BRETONNIERES (BOULEVARD,,,Plein jour,Hors agglomération,Intersection en X,Normale,Deux véhicules - arrière,,,,,,,,,,,1,1,2,1.0,2
201200027571,0012-10-31 20:14:00,12,10,31,20,14,370,261,HUYGENS (RUE CHRISTIAN),,,Nuit avec éclairage non allumé,En agglomération,Intersection en X,Normale,Deux véhicules - côté,,,,,,,,,,,4,2,2,1.0,3
201200027572,0012-11-05 16:10:00,12,11,5,16,10,370,261,141 MARMOUTIER (QUAI DE,,,Plein jour,En agglomération,Hors intersection,Normale,Deux véhicules - arrière,,,,,,,,,,,1,2,1,1.0,2
201200027573,0012-10-15 10:47:00,12,10,15,10,47,370,261,"130, HUGO (RUE VICTOR)",,,Plein jour,En agglomération,Hors intersection,Normale,Autre collision,,,,,,,,,,,1,2,1,1.0,6
201200027574,0012-11-06 17:40:00,12,11,6,17,40,370,214,BD CHARLES DE GAULLE,,,Nuit avec éclairage non allumé,En agglomération,Hors intersection,Normale,Autre collision,,,,,,,,,,,4,2,1,1.0,6
201200027575,0012-11-12 17:45:00,12,11,12,17,45,370,261,"63, COLOMBIER (RUE)",,,Nuit avec éclairage non allumé,En agglomération,Hors intersection,Normale,Autre collision,,,,,,,,,,,4,2,1,1.0,6
201200027576,0012-11-13 12:15:00,12,11,13,12,15,370,233,COLOMBIER (RUE DU),,,Plein jour,En agglomération,Hors intersection,Normale,Deux véhicules - côté,,,,,,,,,,,1,2,1,1.0,3
201200027577,0012-12-08 07:20:00,12,12,8,7,20,370,122,KLEBER (RUE),,,Nuit avec éclairage allumé,En agglomération,Intersection en T,Temps couvert,Autre collision,,,,,,,,,,,5,2,3,8.0,6
201200027578,0012-11-20 08:21:00,12,11,20,8,21,370,214,"17, MAISONS BLANCHES (QU",,,Plein jour,En agglomération,Hors intersection,Normale,Trois véhicules et plus - en chaîne,,,,,,,,,,,1,2,1,1.0,4
201200027579,0012-11-02 08:55:00,12,11,2,8,55,370,261,POMPIDOU (AVENUE GEORGES,,,Plein jour,En agglomération,Giratoire,Pluie légère,Sans collision,,,,,,,,,,,1,2,6,2.0,7