accident_id,datetime,annee,mois,jour,heure,minute,departement,commune_insee,adresse,latitude,longitude,luminosite,agglomeration,intersection,meteo,collision,nb_vehicules,nb_usagers,nb_indemnes,nb_tues,nb_blesses_hosp,nb_blesses_legers,age_cond_1,age_cond_2,veh_type_cond_1,veh_type_cond_2,lum_code,agg_code,int_code,atm_code,col_code
201200027967,0012-01-07 19:15:00,12,1,7,19,15,400,88,"108 bis, ST VT de paul",43.7172,-1.05344,Nuit avec éclairage allumé,En agglomération,Hors intersection,Pluie légère,Deux véhicules - arrière,,,,,,,,,,,5,2,1,2.0,2
201200027968,0012-01-11 08:25:00,12,1,11,8,25,400,88,LASAOSA (BOULEVARD PAUL),43.7128,-1.04937,Crépuscule ou aube,En agglomération,Hors intersection,Normale,Autre collision,,,,,,,,,,,2,2,1,1.0,6
201200027969,0012-02-06 19:50:00,12,2,6,19,50,400,279,MINIERES (ROUTE DES) CD,43.71864,-1.08672,Nuit avec éclairage allumé,Hors agglomération,Passage à niveau,Normale,Deux véhicules - côté,,,,,,,,,,,5,1,8,1.0,3
201200027970,0012-03-25 19:40:00,12,3,25,19,40,400,279,"494, PIERRE BENOIT av",43.74081,-1.05354,Plein jour,En agglomération,Intersection en T,Normale,Deux véhicules - côté,,,,,,,,,,,1,2,3,1.0,3
201200027971,0012-04-24 23:10:00,12,4,24,23,10,400,123,CD401   ROUTE DE HERM,43.7708,-1.09465,Nuit sans éclairage public,Hors agglomération,Hors intersection,Normale,Autre collision,,,,,,,,,,,3,1,1,1.0,6
201200027972,0012-04-26 06:50:00,12,4,26,6,50,400,88,"21, PEYREHORADE (ROUTE D",43.38331,-1.04345,Crépuscule ou aube,En agglomération,Intersection en T,Pluie légère,Deux véhicules - côté,,,,,,,,,,,2,2,3,2.0,3
201200027973,0012-04-28 08:40:00,12,4,28,8,40,400,88,"7, FONTAINE CHAUDE (PLAC",43.71117,-1.05279,Plein jour,En agglomération,Hors intersection,Pluie légère,Autre collision,,,,,,,,,,,1,2,1,2.0,6
201200027974,0012-04-28 11:00:00,12,4,28,11,0,400,88,"80, LORRIN (BOULEVARD CL",43.70212,-1.04704,Plein jour,En agglomération,Intersection en X,Pluie légère,Deux véhicules - côté,,,,,,,,,,,1,2,2,2.0,3
201200027975,0012-05-06 02:35:00,12,5,6,2,35,400,88,ASPREMONT (RUE D') (AV G,43.70404,-1.03939,Nuit avec éclairage allumé,En agglomération,Hors intersection,Normale,Autre collision,,,,,,,,,,,5,2,1,1.0,6
201200027976,0012-06-02 19:30:00,12,6,2,19,30,400,279,"10, LEON DES LANDES (AVE",43.73186,-1.0619,Plein jour,En agglomération,Hors intersection,Normale,Autre collision,,,,,,,,,,,1,2,1,1.0,6
201200027977,0012-06-06 10:55:00,12,6,6,10,55,400,88,"5, SAINT-PIERRE (BLD)",43.71174,-1.04894,Plein jour,En agglomération,Hors intersection,Normale,Autre collision,,,,,,,,,,,1,2,1,1.0,6
201200027978,0012-06-10 02:40:00,12,6,10,2,40,400,88,ASPREMONT (RUE D') (PONT,43.69721,-1.03822,Nuit avec éclairage allumé,En agglomération,Giratoire,Pluie légère,Autre collision,,,,,,,,,,,5,2,6,2.0,6
201200027979,0012-06-27 12:15:00,12,6,27,12,15,400,279,"5, CENTRE AERE (RUE DU)",43.72731,-1.06314,Plein jour,En agglomération,Giratoire,Normale,Deux véhicules - côté,,,,,,,,,,,1,2,6,1.0,3
201200027980,0012-07-27 09:15:00,12,7,27,9,15,400,88,"46, HUGO (AVENUE VICTOR)",43.70529,-1.05261,Plein jour,En agglomération,Hors intersection,Normale,Autre collision,,,,,,,,,,,1,2,1,1.0,6
201200027981,0012-08-09 23:55:00,12,8,9,23,55,400,88,"60, SAINT-VINCENT DE PAU",43.7159,-1.05385,Nuit avec éclairage allumé,En agglomération,Intersection en X,Normale,Deux véhicules - côté,,,,,,,,,,,5,2,2,1.0,3
201200027982,0012-08-13 10:50:00,12,8,13,10,50,400,88,"120, CLEMENCEAU (RUE GEO",43.70739,-1.04404,Plein jour,En agglomération,Intersection en X,Temps éblouissant,Autre collision,,,,,,,,,,,1,2,2,7.0,6
201200027983,0012-08-15 06:30:00,12,8,15,6,30,400,88,BARTHES (RUE DES),43.69814,-1.07374,Nuit avec éclairage allumé,En agglomération,Hors intersection,Normale,Deux véhicules - frontale,,,,,,,,,,,5,2,1,1.0,1
201200027984,0012-09-20 09:08:00,12,9,20,9,8,400,88,"5, SAINT-PIERRE (BLD)",43.71174,-1.04895,Plein jour,En agglomération,Hors intersection,Normale,Autre collision,,,,,,,,,,,1,2,1,1.0,6
201200027985,0012-09-29 19:35:00,12,9,29,19,35,400,279,"622, SAINT-VINCENT DE PA",43.7268,-1.04451,Crépuscule ou aube,En agglomération,Intersection en X,Normale,Deux véhicules - côté,,,,,,,,,,,2,2,2,1.0,3
201200027986,0012-10-02 08:50:00,12,10,2,8,50,400,88,PEYROUTON (RUE DE),43.69914,-1.05429,Plein jour,En agglomération,Passage à niveau,Normale,Autre collision,,,,,,,,,,,1,2,8,1.0,6
201200027987,0012-10-19 12:40:00,12,10,19,12,40,400,88,"1, SAINT-PIERRE (BLD)",43.71151,-1.04991,Plein jour,En agglomération,Hors intersection,Pluie forte,Autre collision,,,,,,,,,,,1,2,1,3.0,6
201200027988,0012-10-30 18:35:00,12,10,30,18,35,400,88,"137, SAINT-VINCENT DE PA",43.71802,-1.0531,Nuit avec éclairage allumé,En agglomération,Hors intersection,Normale,Trois véhicules et plus - collisions multiples,,,,,,,,,,,5,2,1,1.0,5
201200027989,0012-11-17 02:40:00,12,11,17,2,40,400,88,TERCIS (ROUTE DE),43.69417,-1.06947,Nuit avec éclairage allumé,En agglomération,Intersection en T,Normale,Deux véhicules - côté,,,,,,,,,,,5,2,3,1.0,3
201200027990,0012-11-17 19:25:00,12,11,17,19,25,400,279,PHOEBUS GASTON (RUE),43.73467,-1.04745,Nuit sans éclairage public,En agglomération,Hors intersection,Normale,Deux véhicules - frontale,,,,,,,,,,,3,2,1,1.0,1
201200027991,0012-01-27 13:58:00,12,1,27,13,58,400,192,PARKING LECLERC,43.8767,-0.46421,Plein jour,Hors agglomération,Autre intersection,Normale,Deux véhicules - côté,,,,,,,,,,,1,1,9,1.0,3
201200027992,0012-02-03 16:40:00,12,2,3,16,40,400,281,ROCADE SUD (RD 824),43.866,-0.49831,Plein jour,Hors agglomération,Hors intersection,Normale,Trois véhicules et plus - collisions multiples,,,,,,,,,,,1,1,1,1.0,5
201200027993,0012-02-11 09:00:00,12,2,11,9,0,400,192,"3354, route de canenx",43.9239,-0.49204,Plein jour,Hors agglomération,Hors intersection,Normale,Sans collision,,,,,,,,,,,1,1,1,1.0,7
201200027994,0012-03-01 06:30:00,12,3,1,6,30,400,192,avenue MONGE,43.90961,-0.4499,Nuit sans éclairage public,En agglomération,Hors intersection,Normale,Deux véhicules - côté,,,,,,,,,,,3,2,1,1.0,3
201200027995,0012-03-08 21:25:00,12,3,8,21,25,400,281,"0, ROCADE SUD (RD932 E)",43.86789,-0.48313,Nuit sans éclairage public,Hors agglomération,Hors intersection,Normale,Deux véhicules - frontale,,,,,,,,,,,3,1,1,1.0,1
201200027996,0012-03-30 07:45:00,12,3,30,7,45,400,192,HAUSSEZ (BD D'),43.89502,-0.50537,Plein jour,En agglomération,Intersection en X,Normale,Autre collision,,,,,,,,,,,1,2,2,1.0,6
201200027997,0012-03-23 14:00:00,12,3,23,14,0,400,192,"117, KENNEDY (AV DU PRES",43.88604,-0.49924,Plein jour,En agglomération,Hors intersection,Normale,Deux véhicules - côté,,,,,,,,,,,1,2,1,1.0,3
201200027998,0012-03-25 05:25:00,12,3,25,5,25,400,192,"508, KENNEDY (AV DU PRES",43.88264,-0.49738,Nuit avec éclairage allumé,En agglomération,Hors intersection,Normale,Deux véhicules - arrière,,,,,,,,,,,5,2,1,1.0,2
201200027999,0012-04-16 17:15:00,12,4,16,17,15,400,192,CANENX (AV DE) R.D. 53,43.90892,-0.48634,Plein jour,Hors agglomération,Hors intersection,Normale,Deux véhicules - frontale,,,,,,,,,,,1,1,1,1.0,1
201200028000,0012-05-28 11:05:00,12,5,28,11,5,400,192,"0, HOUGA (AV DU)",43.88057,-0.48366,Plein jour,En agglomération,Intersection en T,Normale,Deux véhicules - arrière,,,,,,,,,,,1,2,3,1.0,2
201200028001,0012-05-31 18:48:00,12,5,31,18,48,400,281,"0, SABDE (AV GEORGES)",43.8815,-0.51885,Plein jour,En agglomération,Hors intersection,Normale,Deux véhicules - côté,,,,,,,,,,,1,2,1,1.0,3
201200028002,0012-06-13 11:50:00,12,6,13,11,50,400,192,JUIN (V DU MARECHAL),43.90256,-0.47983,Plein jour,En agglomération,Giratoire,Pluie légère,Deux véhicules - arrière,,,,,,,,,,,1,2,6,2.0,2
201200028003,0012-06-22 16:40:00,12,6,22,16,40,400,281,"195, SAINT-SEVER (AV DE)",43.88092,-0.50354,Plein jour,En agglomération,Intersection en T,Normale,Deux véhicules - côté,,,,,,,,,,,1,2,3,1.0,3
201200028004,0012-06-26 17:10:00,12,6,26,17,10,400,192,VERT (BD DU CHEMIN),43.87871,-0.47859,Plein jour,En agglomération,Intersection en T,Normale,Deux véhicules - arrière,,,,,,,,,,,1,2,3,1.0,2
201200028005,0012-06-26 22:25:00,12,6,26,22,25,400,192,HOUGA (AV DU),43.88153,-0.486,Nuit avec éclairage allumé,En agglomération,Hors intersection,Normale,Sans collision,,,,,,,,,,,5,2,1,1.0,7
201200028006,0012-06-28 21:55:00,12,6,28,21,55,400,192,ROZANOFF(AV DU COL. K.W.,43.90176,-0.50446,Plein jour,En agglomération,Intersection en T,Normale,Autre collision,,,,,,,,,,,1,2,3,1.0,6
201200028007,0012-06-29 11:00:00,12,6,29,11,0,400,281,KENNEDY (AV DU PDT. JOHN,43.87517,-0.49238,Plein jour,Hors agglomération,Autre intersection,Normale,Deux véhicules - côté,,,,,,,,,,,1,1,9,1.0,3
201200028008,0012-07-03 17:45:00,12,7,3,17,45,400,281,VAL FLEURI (AV DU),43.88222,-0.50935,Plein jour,En agglomération,Hors intersection,Normale,Autre collision,,,,,,,,,,,1,2,1,1.0,6
201200028009,0012-07-27 11:10:00,12,7,27,11,10,400,192,"0, PIERRE BENOIT",43.89854,-0.51146,Plein jour,En agglomération,Hors intersection,Normale,Deux véhicules - côté,,,,,,,,,,,1,2,1,1.0,3
201200028010,0012-08-23 06:30:00,12,8,23,6,30,400,281,BENQUET (ROUTE DE) R.D.,43.86201,-0.50417,Nuit sans éclairage public,Hors agglomération,Hors intersection,Normale,Deux véhicules - arrière,,,,,,,,,,,3,1,1,1.0,2
201200028011,0012-09-07 17:10:00,12,9,7,17,10,400,192,"938, HOUGA (AV DU)",43.88058,-0.48363,Plein jour,En agglomération,Intersection en X,Normale,Deux véhicules - côté,,,,,,,,,,,1,2,2,1.0,3
201200028012,0012-09-11 07:50:00,12,9,11,7,50,400,192,REGIMENT D'INFANTERIE (A,43.88072,-0.50365,Plein jour,En agglomération,Intersection en Y,Normale,Deux véhicules - côté,,,,,,,,,,,1,2,4,1.0,3
201200028013,0012-09-17 08:50:00,12,9,17,8,50,400,192,ROUMAT (BD RENE),43.88484,-0.47855,Plein jour,En agglomération,Giratoire,Temps couvert,Deux véhicules - côté,,,,,,,,,,,1,2,6,8.0,3
201200028014,0012-10-16 13:00:00,12,10,16,13,0,400,192,ALINGSAS (BD D'),43.88693,-0.48826,Plein jour,En agglomération,Intersection en T,Normale,Trois véhicules et plus - en chaîne,,,,,,,,,,,1,2,3,1.0,4
201200028015,0012-10-24 11:25:00,12,10,24,11,25,400,192,646 BOUCHER (RUE HELENE),43.90353,-0.50264,Plein jour,En agglomération,Hors intersection,Normale,Autre collision,,,,,,,,,,,1,2,1,1.0,6
201200028016,0012-11-08 15:22:00,12,11,8,15,22,400,192,"1, BASTIAT (RUE FREDERIC",43.89353,-0.50132,Plein jour,En agglomération,Intersection en T,Normale,Autre collision,,,,,,,,,,,1,2,3,1.0,6
201200028017,0012-11-20 17:25:00,12,11,20,17,25,400,192,"211, HOUGA (AV DU)",43.88401,-0.49138,Plein jour,En agglomération,Intersection en T,Normale,Deux véhicules - côté,,,,,,,,,,,1,2,3,1.0,3
201200028018,0012-12-18 18:40:00,12,12,18,18,40,400,281,"118, SABDE (AV GEORGES)",43.88162,-0.51893,Nuit avec éclairage allumé,En agglomération,Hors intersection,Normale,Autre collision,,,,,,,,,,,5,2,1,1.0,6
201200028019,0012-12-31 14:00:00,12,12,31,14,0,400,281,"168, DOMINANTE (RUE DE L",43.87243,-0.51414,Plein jour,En agglomération,Hors intersection,Normale,Deux véhicules - côté,,,,,,,,,,,1,2,1,1.0,3
201200028020,0012-02-23 17:45:00,12,2,23,17,45,410,18,GENTIL (BOULEVARD RENE),47.5894,1.35196,Plein jour,Hors agglomération,Intersection en T,Pluie légère,Deux véhicules - côté,,,,,,,,,,,1,1,3,2.0,3
201200028021,0012-03-02 20:20:00,12,3,2,20,20,410,18,VENDOME (AVENUE DE),,,Nuit avec éclairage allumé,En agglomération,Intersection en X,Normale,Deux véhicules - côté,,,,,,,,,,,5,2,2,1.0,3
201200028022,0012-03-06 16:30:00,12,3,6,16,30,410,18,"15, BOULLE (RUE ANDRE)",,,Plein jour,En agglomération,Hors intersection,Pluie légère,Sans collision,,,,,,,,,,,1,2,1,2.0,7
201200028023,0012-03-16 08:35:00,12,3,16,8,35,410,18,RN 252,47.6074,1.34229,Plein jour,Hors agglomération,Hors intersection,Normale,Trois véhicules et plus - collisions multiples,,,,,,,,,,,1,1,1,1.0,5
201200028024,0012-03-19 16:50:00,12,3,19,16,50,410,18,"65, PORTE COTE (RUE)",,,Plein jour,En agglomération,Hors intersection,Normale,Autre collision,,,,,,,,,,,1,2,1,1.0,6
201200028025,0012-03-18 16:55:00,12,3,18,16,55,410,212,PATTE D'OIE (ROND POINT),47.5615,1.37295,Plein jour,En agglomération,Hors intersection,Normale,Deux véhicules - côté,,,,,,,,,,,1,2,1,1.0,3
201200028026,0012-04-03 14:30:00,12,4,3,14,30,410,18,WILSON (AVENUE DU PRESID,47.584,1.33906,Plein jour,En agglomération,Intersection en X,Normale,Deux véhicules - côté,,,,,,,,,,,1,2,2,1.0,3
201200028027,0012-04-05 08:00:00,12,4,5,8,0,410,18,DUGAY-TROUIN (RUE)  NO I,,,Plein jour,En agglomération,Hors intersection,Normale,Deux véhicules - arrière,,,,,,,,,,,1,2,1,1.0,2
201200028028,0012-04-05 15:15:00,12,4,5,15,15,410,18,"23, VALLEE MAILLARD (RUE",,,Plein jour,En agglomération,Hors intersection,Normale,Autre collision,,,,,,,,,,,1,2,1,1.0,6
201200028029,0012-04-05 17:55:00,12,4,5,17,55,410,18,SAINT-JEAN (QUAI),47.5898,1.34193,Plein jour,En agglomération,Intersection en X,Normale,Deux véhicules - côté,,,,,,,,,,,1,2,2,1.0,3
201200028030,0012-04-09 19:25:00,12,4,9,19,25,410,18,AUGE (BOULEVARD MARC ET,47.5758,1.34614,Plein jour,Hors agglomération,Hors intersection,Normale,Autre collision,,,,,,,,,,,1,1,1,1.0,6
201200028031,0012-04-13 16:43:00,12,4,13,16,43,410,18,WILSON (AVENUE DU PRESID,47.5838,1.33949,Plein jour,En agglomération,Hors intersection,Normale,Trois véhicules et plus - en chaîne,,,,,,,,,,,1,2,1,1.0,4
201200028032,0012-04-18 17:09:00,12,4,18,17,9,410,18,VENDOME (AVENUE DE),,,Plein jour,En agglomération,Hors intersection,Pluie forte,Deux véhicules - arrière,,,,,,,,,,,1,2,1,3.0,2
201200028033,0012-04-25 14:10:00,12,4,25,14,10,410,18,CLOUSEAU (MAIL),,,Plein jour,En agglomération,Hors intersection,Pluie légère,Deux véhicules - côté,,,,,,,,,,,1,2,1,2.0,3
201200028034,0012-05-04 12:20:00,12,5,4,12,20,410,18,D174,47.5913,1.35766,Plein jour,En agglomération,Hors intersection,Normale,Trois véhicules et plus - en chaîne,,,,,,,,,,,1,2,1,1.0,4
201200028035,0012-05-18 10:48:00,12,5,18,10,48,410,18,PORTE COTE (RUE),,,Plein jour,En agglomération,Hors intersection,Normale,Deux véhicules - arrière,,,,,,,,,,,1,2,1,1.0,2
201200028036,0012-05-23 17:29:00,12,5,23,17,29,410,18,LECLERC (AVENUE DU MAREC,,,Plein jour,En agglomération,Hors intersection,Normale,Autre collision,,,,,,,,,,,1,2,1,1.0,6
201200028037,0012-05-25 15:35:00,12,5,25,15,35,410,212,D 956,47.5663,1.36554,Plein jour,Hors agglomération,Hors intersection,Normale,Trois véhicules et plus - en chaîne,,,,,,,,,,,1,1,1,1.0,4
201200028038,0012-05-26 00:25:00,12,5,26,0,25,410,18,ARTOIS (RUE D'),,,Nuit avec éclairage allumé,En agglomération,Hors intersection,Normale,Autre collision,,,,,,,,,,,5,2,1,1.0,6
201200028039,0012-05-27 00:40:00,12,5,27,0,40,410,18,LATHAM (RUE) NO PAIRS DU,,,Nuit avec éclairage allumé,En agglomération,Intersection en T,Normale,Deux véhicules - côté,,,,,,,,,,,5,2,3,1.0,3
201200028040,0012-06-01 23:50:00,12,6,1,23,50,410,18,AUGE (BOULEVARD MARC ET,47.5714,1.34375,Nuit sans éclairage public,Hors agglomération,Hors intersection,Normale,Deux véhicules - arrière,,,,,,,,,,,3,1,1,1.0,2
201200028041,0012-06-07 07:15:00,12,6,7,7,15,410,18,BRIAND (QUAI ARISTIDE),,,Plein jour,En agglomération,Hors intersection,Pluie légère,Sans collision,,,,,,,,,,,1,2,1,2.0,7
201200028042,0012-06-13 08:55:00,12,6,13,8,55,410,18,AUGE (BOULEVARD MARC ET,47.5723,1.34514,Plein jour,Hors agglomération,Hors intersection,Pluie légère,Sans collision,,,,,,,,,,,1,1,1,2.0,7
201200028043,0012-06-15 14:00:00,12,6,15,14,0,410,18,FRANCE (AVENUE DE)  1,,,Plein jour,En agglomération,Intersection en T,Normale,Deux véhicules - côté,,,,,,,,,,,1,2,3,1.0,3
201200028044,0012-06-20 13:40:00,12,6,20,13,40,410,18,BERTHONNEAU (RUE JULES),,,Plein jour,En agglomération,Hors intersection,Normale,Deux véhicules - frontale,,,,,,,,,,,1,2,1,1.0,1
201200028045,0012-06-20 20:45:00,12,6,20,20,45,410,18,PINCONNIERE (AVENUE DE L,,,Plein jour,En agglomération,Hors intersection,Normale,Deux véhicules - arrière,,,,,,,,,,,1,2,1,1.0,2
201200028046,0012-06-21 13:30:00,12,6,21,13,30,410,18,RIFFAULT (RUE EUGENE),,,Plein jour,En agglomération,Intersection en T,Normale,Deux véhicules - côté,,,,,,,,,,,1,2,3,1.0,3
201200028047,0012-06-23 17:00:00,12,6,23,17,0,410,18,WILSON (AVENUE DU PRESID,47.5833,1.34023,Plein jour,En agglomération,Autre intersection,Normale,Deux véhicules - côté,,,,,,,,,,,1,2,9,1.0,3
201200028048,0012-06-24 05:50:00,12,6,24,5,50,410,212,PATTE D'OIE (ROND POINT),47.562,1.37275,Nuit avec éclairage allumé,En agglomération,Hors intersection,Normale,Sans collision,,,,,,,,,,,5,2,1,1.0,7
201200028049,0012-06-26 09:30:00,12,6,26,9,30,410,18,LATHAM (RUE) NO PAIRS DU,,,Plein jour,En agglomération,Intersection en X,Temps couvert,Deux véhicules - côté,,,,,,,,,,,1,2,2,8.0,3
201200028050,0012-06-27 09:14:00,12,6,27,9,14,410,18,MOULIN (RUE JEAN),,,Plein jour,En agglomération,Hors intersection,Normale,Deux véhicules - arrière,,,,,,,,,,,1,2,1,1.0,2
201200028051,0012-06-29 13:15:00,12,6,29,13,15,410,18,CAP CINE (ROND POINT),47.6108,1.33797,Plein jour,Hors agglomération,Hors intersection,Normale,Sans collision,,,,,,,,,,,1,1,1,1.0,7
201200028052,0012-06-30 00:20:00,12,6,30,0,20,410,18,CAP CINE (ROND POINT),47.6111,1.33826,Nuit avec éclairage allumé,Hors agglomération,Giratoire,Normale,Deux véhicules - côté,,,,,,,,,,,5,1,6,1.0,3
201200028053,0012-07-02 10:25:00,12,7,2,10,25,410,18,BROSSELETTE (AVENUE PIER,,,Plein jour,En agglomération,Intersection en T,Normale,Deux véhicules - côté,,,,,,,,,,,1,2,3,1.0,3
201200028054,0012-07-03 15:13:00,12,7,3,15,13,410,18,WILSON (AVENUE DU PRESID,47.5796,1.34576,Plein jour,En agglomération,Hors intersection,Normale,Sans collision,,,,,,,,,,,1,2,1,1.0,7
201200028055,0012-07-06 14:32:00,12,7,6,14,32,410,18,BEL AIR (RUE DE),,,Plein jour,En agglomération,Hors intersection,Pluie légère,Deux véhicules - arrière,,,,,,,,,,,1,2,1,2.0,2
201200028056,0012-07-13 17:30:00,12,7,13,17,30,410,47,DEBRE (ROBERT),,,Plein jour,En agglomération,Hors intersection,Pluie forte,Autre collision,,,,,,,,,,,1,2,1,3.0,6
201200028057,0012-07-16 13:00:00,12,7,16,13,0,410,18,SCHUMAN (AVENUE ROBERT),,,Plein jour,En agglomération,Hors intersection,Normale,Sans collision,,,,,,,,,,,1,2,1,1.0,7
201200028058,0012-07-25 17:25:00,12,7,25,17,25,410,18,BEGON (RUE MICHEL)  NO I,,,Plein jour,En agglomération,Intersection en T,Normale,Deux véhicules - côté,,,,,,,,,,,1,2,3,1.0,3
201200028059,0012-07-28 16:13:00,12,7,28,16,13,410,18,WILSON (AVENUE DU PRESID,47.5814,1.34309,Plein jour,En agglomération,Intersection en X,Normale,Deux véhicules - côté,,,,,,,,,,,1,2,2,1.0,3
201200028060,0012-08-03 20:20:00,12,8,3,20,20,410,212,"136, NATIONALE (ROUTE)",47.5641,1.36897,Plein jour,En agglomération,Hors intersection,Normale,Sans collision,,,,,,,,,,,1,2,1,1.0,7
201200028061,0012-08-04 15:40:00,12,8,4,15,40,410,18,CHATEAUDUN (AVENUE DE),,,Plein jour,En agglomération,Hors intersection,Normale,Sans collision,,,,,,,,,,,1,2,1,1.0,7
201200028062,0012-08-08 11:35:00,12,8,8,11,35,410,18,FRANCE (AVENUE DE)  1,,,Plein jour,En agglomération,Hors intersection,Normale,Autre collision,,,,,,,,,,,1,2,1,1.0,6
201200028063,0012-08-17 20:15:00,12,8,17,20,15,410,18,TOURVILLE (RUE DU MARECH,,,Plein jour,En agglomération,Intersection en X,Normale,Deux véhicules - côté,,,,,,,,,,,1,2,2,1.0,3
201200028064,0012-08-28 15:05:00,12,8,28,15,5,410,18,PIGELEE (RUE) NO PAIRS,,,Plein jour,En agglomération,Intersection en T,Normale,Deux véhicules - côté,,,,,,,,,,,1,2,3,1.0,3
201200028065,0012-08-29 00:20:00,12,8,29,0,20,410,18,CHATEAUDUN (AVENUE DE),,,Nuit avec éclairage allumé,En agglomération,Hors intersection,Normale,Deux véhicules - côté,,,,,,,,,,,5,2,1,1.0,3
201200028066,0012-09-04 04:55:00,12,9,4,4,55,410,212,D 956,47.5681,1.36269,Nuit sans éclairage public,Hors agglomération,Hors intersection,Normale,Deux véhicules - arrière,,,,,,,,,,,3,1,1,1.0,2
201200028067,0012-09-04 08:40:00,12,9,4,8,40,410,47,MAUNOURY (AVENUE DE MARE,,,Plein jour,En agglomération,Hors intersection,Normale,Autre collision,,,,,,,,,,,1,2,1,1.0,6
201200028068,0012-09-05 16:36:00,12,9,5,16,36,410,18,D174,47.5624,1.37259,Plein jour,Hors agglomération,Hors intersection,Normale,Deux véhicules - arrière,,,,,,,,,,,1,1,1,1.0,2
201200028069,0012-09-06 15:19:00,12,9,6,15,19,410,18,BILLOUX (RUE FRANCOIS),,,Plein jour,En agglomération,Hors intersection,Normale,Deux véhicules - côté,,,,,,,,,,,1,2,1,1.0,3
201200028070,0012-09-13 16:35:00,12,9,13,16,35,410,18,LAIGRET (AVENUE),,,Plein jour,En agglomération,Hors intersection,Normale,Sans collision,,,,,,,,,,,1,2,1,1.0,7
201200028071,0012-09-24 07:55:00,12,9,24,7,55,410,18,DES ALLEES (ROND POINT),,,Crépuscule ou aube,En agglomération,Hors intersection,Pluie forte,Sans collision,,,,,,,,,,,2,2,1,3.0,7
201200028072,0012-09-22 11:45:00,12,9,22,11,45,410,18,"4, LATTRE DE TASSIGNY",,,Plein jour,En agglomération,Hors intersection,Normale,Deux véhicules - arrière,,,,,,,,,,,1,2,1,1.0,2
201200028073,0012-09-26 18:45:00,12,9,26,18,45,410,18,DUPUIS (BOULEVARD DANIEL,47.578,1.32101,Plein jour,En agglomération,Hors intersection,Pluie forte,Trois véhicules et plus - collisions multiples,,,,,,,,,,,1,2,1,3.0,5
201200028074,0012-09-27 17:30:00,12,9,27,17,30,410,18,D174,47.5941,1.35375,Plein jour,En agglomération,Hors intersection,Normale,Trois véhicules et plus - collisions multiples,,,,,,,,,,,1,2,1,1.0,5
201200028075,0012-10-01 09:35:00,12,10,1,9,35,410,18,CHAVIGNY (QUAI DE),,,Plein jour,En agglomération,Hors intersection,Normale,Deux véhicules - arrière,,,,,,,,,,,1,2,1,1.0,2
201200028076,0012-10-02 08:17:00,12,10,2,8,17,410,18,MAUNOURY (AVENUE DU MARE,,,Crépuscule ou aube,En agglomération,Hors intersection,Pluie légère,Deux véhicules - arrière,,,,,,,,,,,2,2,1,2.0,2
201200028077,0012-10-02 12:15:00,12,10,2,12,15,410,18,BOULLE (RUE ANDRE),,,Plein jour,En agglomération,Hors intersection,Normale,Deux véhicules - arrière,,,,,,,,,,,1,2,1,1.0,2
201200028078,0012-10-03 10:29:00,12,10,3,10,29,410,18,WILSON (AVENUE DU PRESID,47.5824,1.34155,Plein jour,En agglomération,Autre intersection,Normale,Deux véhicules - côté,,,,,,,,,,,1,2,9,1.0,3
201200028079,0012-10-08 17:20:00,12,10,8,17,20,410,18,BOULLE (RUE ANDRE),,,Plein jour,En agglomération,Hors intersection,Pluie légère,Trois véhicules et plus - collisions multiples,,,,,,,,,,,1,2,1,2.0,5
201200028080,0012-10-08 17:50:00,12,10,8,17,50,410,18,CITES UNIES (BOULEVARD D,47.6061,1.34389,Plein jour,En agglomération,Hors intersection,Pluie légère,Deux véhicules - arrière,,,,,,,,,,,1,2,1,2.0,2
201200028081,0012-10-08 16:33:00,12,10,8,16,33,410,18,VERDUN (AVENUE DE),47.5975,1.34927,Plein jour,En agglomération,Hors intersection,Pluie légère,Sans collision,,,,,,,,,,,1,2,1,2.0,7
201200028082,0012-10-12 11:20:00,12,10,12,11,20,410,18,"1, WILSON (AVENUE DU PRE",47.584,1.33908,Plein jour,En agglomération,Hors intersection,Normale,Deux véhicules - côté,,,,,,,,,,,1,2,1,1.0,3
201200028083,0012-10-13 15:35:00,12,10,13,15,35,410,47,RD 2152,47.6048,1.35149,Plein jour,En agglomération,Hors intersection,Normale,Deux véhicules - arrière,,,,,,,,,,,1,2,1,1.0,2
201200028084,0012-10-15 09:40:00,12,10,15,9,40,410,18,TOURVILLE (RUE DU MARECH,,,Plein jour,Hors agglomération,Hors intersection,Normale,Autre collision,,,,,,,,,,,1,1,1,1.0,6
201200028085,0012-10-16 07:57:00,12,10,16,7,57,410,18,CONTANT (QUAI AMEDEE),,,Crépuscule ou aube,En agglomération,Hors intersection,Normale,Deux véhicules - côté,,,,,,,,,,,2,2,1,1.0,3
201200028086,0012-10-16 15:25:00,12,10,16,15,25,410,18,GAMBETTA (AVENUE),,,Plein jour,En agglomération,Hors intersection,Normale,Autre collision,,,,,,,,,,,1,2,1,1.0,6
201200028087,0012-10-18 17:56:00,12,10,18,17,56,410,18,CROIX BOISSEE (RUE),,,Plein jour,En agglomération,Hors intersection,Pluie légère,Trois véhicules et plus - collisions multiples,,,,,,,,,,,1,2,1,2.0,5
201200028088,0012-10-19 18:25:00,12,10,19,18,25,410,18,VENDOME (AVENUE DE),,,Nuit avec éclairage allumé,En agglomération,Hors intersection,Pluie légère,Trois véhicules et plus - en chaîne,,,,,,,,,,,5,2,1,2.0,4
201200028089,0012-10-22 07:30:00,12,10,22,7,30,410,18,D174,47.5955,1.35199,Nuit sans éclairage public,Hors agglomération,Hors intersection,Normale,Deux véhicules - côté,,,,,,,,,,,3,1,1,1.0,3