accident_id,datetime,annee,mois,jour,heure,minute,departement,commune_insee,adresse,latitude,longitude,luminosite,agglomeration,intersection,meteo,collision,nb_vehicules,nb_usagers,nb_indemnes,nb_tues,nb_blesses_hosp,nb_blesses_legers,age_cond_1,age_cond_2,veh_type_cond_1,veh_type_cond_2,lum_code,agg_code,int_code,atm_code,col_code
201200028090,0012-10-26 20:15:00,12,10,26,20,15,410,18,SAINT-JEAN (QUAI),,,Nuit avec éclairage allumé,En agglomération,Hors intersection,Pluie légère,Deux véhicules - côté,,,,,,,,,,,5,2,1,2.0,3
201200028091,0012-10-30 18:35:00,12,10,30,18,35,410,18,CHAMPLAIN (RUE SAMUEL DE,,,Nuit avec éclairage allumé,En agglomération,Hors intersection,Normale,Deux véhicules - arrière,,,,,,,,,,,5,2,1,1.0,2
201200028092,0012-10-30 13:40:00,12,10,30,13,40,410,18,PINCONNIERE (AVENUE DE L,,,Plein jour,En agglomération,Intersection en X,Normale,Deux véhicules - côté,,,,,,,,,,,1,2,2,1.0,3
201200028093,0012-10-31 17:50:00,12,10,31,17,50,410,18,RD200,47.6152,1.33299,Crépuscule ou aube,Hors agglomération,Hors intersection,Normale,Deux véhicules - arrière,,,,,,,,,,,2,1,1,1.0,2
201200028094,0012-11-06 10:05:00,12,11,6,10,5,410,18,RIFFAULT (RUE EUGENE),,,Plein jour,En agglomération,Hors intersection,Normale,Deux véhicules - côté,,,,,,,,,,,1,2,1,1.0,3
201200028095,0012-11-09 16:19:00,12,11,9,16,19,410,18,D174,,,Plein jour,En agglomération,Hors intersection,Normale,Trois véhicules et plus - collisions multiples,,,,,,,,,,,1,2,1,1.0,5
201200028096,0012-11-13 08:45:00,12,11,13,8,45,410,18,PAPIN (RUE DENIS),,,Plein jour,En agglomération,Hors intersection,Normale,Autre collision,,,,,,,,,,,1,2,1,1.0,6
201200028097,0012-11-13 16:11:00,12,11,13,16,11,410,18,GRANDS CHAMPS (RUE DES),,,Plein jour,En agglomération,Intersection en X,Normale,Deux véhicules - côté,,,,,,,,,,,1,2,2,1.0,3
201200028098,0012-11-16 17:24:00,12,11,16,17,24,410,18,CHATEAUDUN (AVENUE DE),,,Nuit avec éclairage allumé,En agglomération,Hors intersection,Brouillard / fumée,Deux véhicules - arrière,,,,,,,,,,,5,2,1,5.0,2
201200028099,0012-11-21 08:24:00,12,11,21,8,24,410,18,RD 952,,,Plein jour,Hors agglomération,Hors intersection,Pluie légère,Sans collision,,,,,,,,,,,1,1,1,2.0,7
201200028100,0012-11-22 11:00:00,12,11,22,11,0,410,18,TROIS MARCHANDS (RUE DES,,,Plein jour,En agglomération,Intersection en T,Normale,Deux véhicules - côté,,,,,,,,,,,1,2,3,1.0,3
201200028101,0012-11-26 16:13:00,12,11,26,16,13,410,18,D 766,,,Plein jour,Hors agglomération,Hors intersection,Normale,Sans collision,,,,,,,,,,,1,1,1,1.0,7
201200028102,0012-11-27 18:20:00,12,11,27,18,20,410,47,CHATEAUX (ROND POINT),,,Nuit sans éclairage public,Hors agglomération,Giratoire,Normale,Deux véhicules - côté,,,,,,,,,,,3,1,6,1.0,3
201200028103,0012-11-29 17:49:00,12,11,29,17,49,410,18,MAUNOURY (AVENUE DU MARE,,,Nuit avec éclairage allumé,En agglomération,Hors intersection,Normale,Deux véhicules - frontale,,,,,,,,,,,5,2,1,1.0,1
201200028104,0012-12-01 17:00:00,12,12,1,17,0,410,18,RD 952,47.5469,1.28823,Crépuscule ou aube,Hors agglomération,Hors intersection,Normale,Trois véhicules et plus - en chaîne,,,,,,,,,,,2,1,1,1.0,4
201200028105,0012-12-01 16:06:00,12,12,1,16,6,410,18,BOURG NEUF (RUE DU),,,Plein jour,En agglomération,Intersection en T,Normale,Deux véhicules - côté,,,,,,,,,,,1,2,3,1.0,3
201200028106,0012-12-02 14:57:00,12,12,2,14,57,410,212,RD 923,47.5615,1.37564,Plein jour,En agglomération,Hors intersection,Normale,Sans collision,,,,,,,,,,,1,2,1,1.0,7
201200028107,0012-12-03 11:10:00,12,12,3,11,10,410,18,VERDUN (AVENUE DE),,,Plein jour,En agglomération,Hors intersection,Pluie légère,Sans collision,,,,,,,,,,,1,2,1,2.0,7
201200028108,0012-12-03 16:10:00,12,12,3,16,10,410,18,"02, HUGO (PLACE VICTOR)",,,Nuit avec éclairage allumé,En agglomération,Hors intersection,Pluie forte,Autre collision,,,,,,,,,,,5,2,1,3.0,6
201200028109,0012-12-04 18:05:00,12,12,4,18,5,410,18,METAIRIES (RUE DES),,,Nuit avec éclairage allumé,Hors agglomération,Hors intersection,Normale,Deux véhicules - côté,,,,,,,,,,,5,1,1,1.0,3
201200028110,0012-12-05 10:16:00,12,12,5,10,16,410,212,VAL FLEURI (RUE DU),,,Plein jour,En agglomération,Hors intersection,Normale,Deux véhicules - arrière,,,,,,,,,,,1,2,1,1.0,2
201200028111,0012-12-10 12:28:00,12,12,10,12,28,410,18,VENDOME (AVENUE DE),,,Plein jour,En agglomération,Hors intersection,Normale,Autre collision,,,,,,,,,,,1,2,1,1.0,6
201200028112,0012-12-11 07:38:00,12,12,11,7,38,410,18,MEDICIS (ROND POINT),47.5847,1.31836,Crépuscule ou aube,En agglomération,Giratoire,Normale,Deux véhicules - côté,,,,,,,,,,,2,2,6,1.0,3
201200028113,0012-12-11 07:51:00,12,12,11,7,51,410,47,RD 952 A,47.6094,1.33979,Crépuscule ou aube,En agglomération,Hors intersection,Normale,Deux véhicules - côté,,,,,,,,,,,2,2,1,1.0,3
201200028114,0012-12-12 10:46:00,12,12,12,10,46,410,47,RD 2152,47.6079,1.35503,Plein jour,En agglomération,Hors intersection,Normale,Deux véhicules - arrière,,,,,,,,,,,1,2,1,1.0,2
201200028115,0012-12-13 13:15:00,12,12,13,13,15,410,18,MONGOLFIER (RUE),,,Plein jour,En agglomération,Hors intersection,Normale,Sans collision,,,,,,,,,,,1,2,1,1.0,7
201200028116,0012-12-15 07:50:00,12,12,15,7,50,410,47,DEBRE (ROBERT),,,Nuit avec éclairage allumé,En agglomération,Hors intersection,Pluie légère,Sans collision,,,,,,,,,,,5,2,1,2.0,7
201200028117,0012-12-15 17:50:00,12,12,15,17,50,410,18,COULANGES (ALLEE DE),,,Nuit sans éclairage public,Hors agglomération,Hors intersection,Pluie légère,Deux véhicules - arrière,,,,,,,,,,,3,1,1,2.0,2
201200028118,0012-12-16 01:30:00,12,12,16,1,30,410,18,"47, RD 952",,,Nuit sans éclairage public,En agglomération,Hors intersection,Pluie légère,Autre collision,,,,,,,,,,,3,2,1,2.0,6
201200028119,0012-12-20 09:28:00,12,12,20,9,28,410,18,D174,47.5939,1.35403,Plein jour,Hors agglomération,Hors intersection,Pluie forte,Autre collision,,,,,,,,,,,1,1,1,3.0,6
201200028120,0012-12-19 16:30:00,12,12,19,16,30,410,18,RESISTANCE (PLACE DE LA),,,Plein jour,En agglomération,Hors intersection,Normale,Autre collision,,,,,,,,,,,1,2,1,1.0,6
201200028121,0012-12-21 12:41:00,12,12,21,12,41,410,18,D174,47.5955,1.35199,Plein jour,Hors agglomération,Hors intersection,Normale,Deux véhicules - arrière,,,,,,,,,,,1,1,1,1.0,2
201200028122,0012-12-22 11:51:00,12,12,22,11,51,410,212,D 956,47.5604,1.37316,Plein jour,Hors agglomération,Hors intersection,Pluie forte,Trois véhicules et plus - en chaîne,,,,,,,,,,,1,1,1,3.0,4
201200028123,0012-12-25 16:50:00,12,12,25,16,50,410,18,FENELON (RUE),,,Plein jour,En agglomération,Hors intersection,Pluie forte,Sans collision,,,,,,,,,,,1,2,1,3.0,7
201200028124,0012-12-27 02:05:00,12,12,27,2,5,410,18,PINCONNIERE (AVENUE DE L,,,Nuit avec éclairage allumé,En agglomération,Hors intersection,Pluie forte,Autre collision,,,,,,,,,,,5,2,1,3.0,6
201200028125,0012-12-26 17:00:00,12,12,26,17,0,410,18,D174,47.5961,1.35112,Plein jour,Hors agglomération,Hors intersection,Normale,Deux véhicules - côté,,,,,,,,,,,1,1,1,1.0,3
201200028126,0012-12-30 13:35:00,12,12,30,13,35,410,18,DUMONT (RUE SANTOS),,,Plein jour,En agglomération,Hors intersection,Normale,Deux véhicules - côté,,,,,,,,,,,1,2,1,1.0,3
201200028127,0012-12-29 09:45:00,12,12,29,9,45,410,18,WILSON (AVENUE DU PRESID,47.5778,1.34847,Plein jour,En agglomération,Hors intersection,Normale,Trois véhicules et plus - en chaîne,,,,,,,,,,,1,2,1,1.0,4
201200028128,0012-12-29 10:30:00,12,12,29,10,30,410,18,CHATEAUDUN (AVENUE DE),,,Plein jour,En agglomération,Hors intersection,Temps éblouissant,Sans collision,,,,,,,,,,,1,2,1,7.0,7
201200028129,0012-07-01 09:25:00,12,7,1,9,25,410,18,VENDOME (AVENUE DE),,,Plein jour,En agglomération,Intersection en T,Normale,Deux véhicules - côté,,,,,,,,,,,1,2,3,1.0,3
201200028130,0012-01-06 16:50:00,12,1,6,16,50,410,212,"54, CHAMBORD (ROUTE DE)",47.5778,1.3717,Plein jour,En agglomération,Hors intersection,Normale,Deux véhicules - arrière,,,,,,,,,,,1,2,1,1.0,2
201200028131,0012-01-10 17:15:00,12,1,10,17,15,410,18,"33, WILSON (AVENUE DU PR",47.5825,1.34144,Crépuscule ou aube,En agglomération,Hors intersection,Normale,Deux véhicules - côté,,,,,,,,,,,2,2,1,1.0,3
201200028132,0012-01-11 12:30:00,12,1,11,12,30,410,47,N152,47.608,1.35521,Plein jour,En agglomération,Hors intersection,Normale,Deux véhicules - côté,,,,,,,,,,,1,2,1,1.0,3
201200028133,0012-01-12 15:26:00,12,1,12,15,26,410,18,MONTLAUR (RUE DU COLONEL,,,Plein jour,En agglomération,Hors intersection,Normale,Autre collision,,,,,,,,,,,1,2,1,1.0,6
201200028134,0012-01-17 13:49:00,12,1,17,13,49,410,18,BESNARD (QUAI ULYSSE),47.578,1.32101,Plein jour,En agglomération,Intersection en X,Normale,Deux véhicules - côté,,,,,,,,,,,1,2,2,1.0,3
201200028135,0012-01-19 18:00:00,12,1,19,18,0,410,18,D174,47.5929,1.35538,Nuit avec éclairage allumé,En agglomération,Hors intersection,Normale,Deux véhicules - arrière,,,,,,,,,,,5,2,1,1.0,2
201200028136,0012-01-24 07:54:00,12,1,24,7,54,410,18,MAUNOURY (AVENUE DU MARE,,,Nuit avec éclairage allumé,En agglomération,Hors intersection,Pluie légère,Autre collision,,,,,,,,,,,5,2,1,2.0,6
201200028137,0012-01-28 21:50:00,12,1,28,21,50,410,18,MAUNOURY (AVENUE DU MARE,,,Nuit sans éclairage public,En agglomération,Hors intersection,Pluie légère,Deux véhicules - côté,,,,,,,,,,,3,2,1,2.0,3
201200028138,0012-01-30 16:17:00,12,1,30,16,17,410,18,"45, MAUNOURY (AVENUE DU",,,Plein jour,En agglomération,Hors intersection,Pluie légère,Deux véhicules - côté,,,,,,,,,,,1,2,1,2.0,3
201200028139,0012-02-16 15:00:00,12,2,16,15,0,410,47,RD 2152,47.6122,1.36012,Plein jour,En agglomération,Hors intersection,Normale,Deux véhicules - côté,,,,,,,,,,,1,2,1,1.0,3
201200028140,0012-02-17 20:20:00,12,2,17,20,20,410,18,DUPUIS (BOULEVARD DANIEL,,,Nuit avec éclairage allumé,En agglomération,Hors intersection,Normale,Deux véhicules - arrière,,,,,,,,,,,5,2,1,1.0,2
201200028141,0012-03-06 05:30:00,12,3,6,5,30,410,18,"74, BAS RIVIERE",47.5701,1.32446,Nuit avec éclairage allumé,En agglomération,Hors intersection,Normale,Autre collision,,,,,,,,,,,5,2,1,1.0,6
201200028142,0012-03-19 17:04:00,12,3,19,17,4,410,18,WILSON (AVENUE DU PRESID,47.5797,1.34556,Plein jour,En agglomération,Hors intersection,Normale,Autre collision,,,,,,,,,,,1,2,1,1.0,6
201200028143,0012-04-12 08:25:00,12,4,12,8,25,410,18,VILLEBREME (RUE DE),,,Plein jour,En agglomération,Hors intersection,Normale,Deux véhicules - côté,,,,,,,,,,,1,2,1,1.0,3
201200028144,0012-05-03 16:40:00,12,5,3,16,40,410,18,DUGAY-TROUIN (RUE)  NO I,,,Plein jour,En agglomération,Hors intersection,Normale,Autre collision,,,,,,,,,,,1,2,1,1.0,6
201200028145,0012-05-06 22:40:00,12,5,6,22,40,410,18,PAPIN (RUE DENIS),,,Nuit avec éclairage allumé,En agglomération,Hors intersection,Normale,Deux véhicules - côté,,,,,,,,,,,5,2,1,1.0,3
201200028146,0012-05-09 08:51:00,12,5,9,8,51,410,18,BESNARD (QUAI ULYSSE),47.578,1.32101,Plein jour,En agglomération,Intersection en X,Pluie légère,Deux véhicules - côté,,,,,,,,,,,1,2,2,2.0,3
201200028147,0012-05-11 13:51:00,12,5,11,13,51,410,18,"78-84, BEGON (RUE MICHEL",,,Plein jour,En agglomération,Hors intersection,Temps éblouissant,Deux véhicules - côté,,,,,,,,,,,1,2,1,7.0,3
201200028148,0012-05-13 05:40:00,12,5,13,5,40,410,18,GENTIL (BOULEVARD RENE),47.5894,1.35196,Crépuscule ou aube,En agglomération,Intersection en T,Normale,Deux véhicules - côté,,,,,,,,,,,2,2,3,1.0,3
201200028149,0012-05-29 16:00:00,12,5,29,16,0,410,18,RD 952,47.5555,1.29472,Plein jour,Hors agglomération,Hors intersection,Normale,Sans collision,,,,,,,,,,,1,1,1,1.0,7
201200028150,0012-06-15 03:10:00,12,6,15,3,10,410,18,BESNARD (QUAI ULYSSE),47.573,1.31175,Nuit avec éclairage allumé,En agglomération,Hors intersection,Pluie légère,Autre collision,,,,,,,,,,,5,2,1,2.0,6
201200028151,0012-06-17 16:40:00,12,6,17,16,40,410,18,"7, GUTEMBERG (RUE)",,,Plein jour,En agglomération,Hors intersection,Normale,Deux véhicules - côté,,,,,,,,,,,1,2,1,1.0,3
201200028152,0012-07-07 17:30:00,12,7,7,17,30,410,18,MONSABRE (RUE DU PERE),,,Plein jour,En agglomération,Hors intersection,Normale,Autre collision,,,,,,,,,,,1,2,1,1.0,6
201200028153,0012-07-13 13:15:00,12,7,13,13,15,410,18,ROBERT NAU (ROND POINT),47.6142,1.33414,Plein jour,En agglomération,Giratoire,Pluie forte,Autre collision,,,,,,,,,,,1,2,6,3.0,6
201200028154,0012-07-22 05:35:00,12,7,22,5,35,410,212,ROUTE DEPARTEMENTALE 765,47.5612,1.37344,Crépuscule ou aube,Hors agglomération,Hors intersection,Normale,Deux véhicules - arrière,,,,,,,,,,,2,1,1,1.0,2
201200028155,0012-09-03 14:11:00,12,9,3,14,11,410,18,D174,47.5911,1.35787,Plein jour,En agglomération,Hors intersection,Normale,Trois véhicules et plus - collisions multiples,,,,,,,,,,,1,2,1,1.0,5
201200028156,0012-09-06 12:05:00,12,9,6,12,5,410,18,CROIX PICHON (RUE DE LA,,,Plein jour,En agglomération,Hors intersection,Normale,Deux véhicules - côté,,,,,,,,,,,1,2,1,1.0,3
201200028157,0012-09-15 17:20:00,12,9,15,17,20,410,212,"3B, POINT DU JOUR (RUE )",,,Plein jour,En agglomération,Hors intersection,Normale,Deux véhicules - côté,,,,,,,,,,,1,2,1,1.0,3
201200028158,0012-09-21 17:44:00,12,9,21,17,44,410,18,MAUNOURY (AVENUE DU MARE,,,Plein jour,En agglomération,Intersection en X,Pluie forte,Deux véhicules - frontale,,,,,,,,,,,1,2,2,3.0,1
201200028159,0012-09-29 15:05:00,12,9,29,15,5,410,18,SAUSSAYE (QUAI DE LA),,,Plein jour,En agglomération,Hors intersection,Normale,Autre collision,,,,,,,,,,,1,2,1,1.0,6
201200028160,0012-09-28 11:35:00,12,9,28,11,35,410,18,D174,47.5959,1.35137,Plein jour,En agglomération,Hors intersection,Normale,Deux véhicules - arrière,,,,,,,,,,,1,2,1,1.0,2
201200028161,0012-10-04 19:57:00,12,10,4,19,57,410,18,PAPILLONS (RUE DES),,,Crépuscule ou aube,En agglomération,Intersection en X,Normale,Deux véhicules - côté,,,,,,,,,,,2,2,2,1.0,3
201200028162,0012-09-19 11:25:00,12,9,19,11,25,410,18,LAIGRET (AVENUE DU DR,,,Plein jour,En agglomération,Hors intersection,Normale,Autre collision,,,,,,,,,,,1,2,1,1.0,6
201200028163,0012-11-08 14:50:00,12,11,8,14,50,410,18,AUGE (BOULEVARD MARC ET,,,Plein jour,En agglomération,Hors intersection,Normale,Trois véhicules et plus - en chaîne,,,,,,,,,,,1,2,1,1.0,4
201200028164,0012-11-28 17:10:00,12,11,28,17,10,410,18,AUGE (BOULEVARD MARC ET,,,Plein jour,En agglomération,Hors intersection,Temps couvert,Trois véhicules et plus - collisions multiples,,,,,,,,,,,1,2,1,8.0,5
201200028165,0012-12-21 12:41:00,12,12,21,12,41,410,18,MAUNOURY (AVENUE DU MARE,,,Plein jour,En agglomération,Hors intersection,Normale,Deux véhicules - côté,,,,,,,,,,,1,2,1,1.0,3
201200028166,0012-11-21 11:45:00,12,11,21,11,45,410,47,DEBRE (ROBERT),,,Plein jour,En agglomération,Hors intersection,Pluie légère,Deux véhicules - frontale,,,,,,,,,,,1,2,1,2.0,1
201200028167,0012-01-22 04:00:00,12,1,22,4,0,410,194,ETANG BARBIN (RUE DE L'),47.3423,1.74904,Nuit avec éclairage allumé,En agglomération,Giratoire,Normale,Autre collision,,,,,,,,,,,5,2,6,1.0,6
201200028168,0012-01-24 07:50:00,12,1,24,7,50,410,194,DENISERIE (RUE DE LA),,,Nuit avec éclairage allumé,En agglomération,Intersection en T,Temps couvert,Deux véhicules - frontale,,,,,,,,,,,5,2,3,8.0,1
201200028169,0012-01-24 18:00:00,12,1,24,18,0,410,194,PRESIDENT WILSON (RUE DU,,,Nuit avec éclairage allumé,En agglomération,Intersection en X,Pluie légère,Deux véhicules - frontale,,,,,,,,,,,5,2,2,2.0,1
201200028170,0012-02-02 17:00:00,12,2,2,17,0,410,194,"81, PARIS (AVENUE DE)",,,Plein jour,En agglomération,Hors intersection,Normale,Autre collision,,,,,,,,,,,1,2,1,1.0,6
201200028171,0012-03-03 20:40:00,12,3,3,20,40,410,194,VERNOU (ROUTE DE),47.3837,1.72857,Nuit avec éclairage allumé,En agglomération,Intersection en X,Pluie légère,Deux véhicules - côté,,,,,,,,,,,5,2,2,2.0,3
201200028172,0012-05-25 07:10:00,12,5,25,7,10,410,194,"39, VILLEFRANCHE (AVENUE",,,Plein jour,En agglomération,Intersection en T,Normale,Deux véhicules - côté,,,,,,,,,,,1,2,3,1.0,3
201200028173,0012-06-26 18:25:00,12,6,26,18,25,410,194,"61, GEORGES CLEMENCEAU (",,,Plein jour,En agglomération,Hors intersection,Normale,Autre collision,,,,,,,,,,,1,2,1,1.0,6
201200028174,0012-07-16 20:15:00,12,7,16,20,15,410,194,"69 T, PAPILLONS (RUE DES",,,Crépuscule ou aube,En agglomération,Hors intersection,Normale,Deux véhicules - arrière,,,,,,,,,,,2,2,1,1.0,2
201200028175,0012-08-26 03:10:00,12,8,26,3,10,410,194,MONTAULT (RUE),,,Nuit sans éclairage public,Hors agglomération,Hors intersection,Normale,Sans collision,,,,,,,,,,,3,1,1,1.0,7
201200028176,0012-12-03 17:55:00,12,12,3,17,55,410,194,"108, VILLEFRANCHE (AVENU",,,Nuit avec éclairage allumé,En agglomération,Hors intersection,Pluie légère,Autre collision,,,,,,,,,,,5,2,1,2.0,6
201200028177,0012-01-13 18:00:00,12,1,13,18,0,410,269,"., BRIAND (AVENUE ARISTI",,,Nuit avec éclairage allumé,En agglomération,Intersection en T,Normale,Deux véhicules - côté,,,,,,,,,,,5,2,3,1.0,3
201200028178,0012-03-03 12:30:00,12,3,3,12,30,410,269,"., CLEMENCEAU (AVENUE GE",,,Plein jour,En agglomération,Intersection en X,Normale,Deux véhicules - côté,,,,,,,,,,,1,2,2,1.0,3
201200028179,0012-03-09 13:30:00,12,3,9,13,30,410,269,"., ARMAND (RUE LOUIS)",,,Plein jour,En agglomération,Intersection en T,Normale,Deux véhicules - côté,,,,,,,,,,,1,2,3,1.0,3
201200028180,0012-03-25 13:50:00,12,3,25,13,50,410,269,"., VALLAUX (ALLEE CAMILL",,,Plein jour,Hors agglomération,Hors intersection,Normale,Deux véhicules - côté,,,,,,,,,,,1,1,1,1.0,3
201200028181,0012-03-28 16:25:00,12,3,28,16,25,410,269,"19, LECLERC (MAIL DU MAR",,,Plein jour,En agglomération,Hors intersection,Normale,Autre collision,,,,,,,,,,,1,2,1,1.0,6
201200028182,0012-03-24 16:25:00,12,3,24,16,25,410,269,"., FORET (RUE DE LA)",,,Plein jour,Hors agglomération,Hors intersection,Normale,Sans collision,,,,,,,,,,,1,1,1,1.0,7
201200028183,0012-04-05 19:15:00,12,4,5,19,15,410,269,LECLERC (MAIL DU MARECHA,,,Plein jour,En agglomération,Intersection en X,Normale,Deux véhicules - côté,,,,,,,,,,,1,2,2,1.0,3
201200028184,0012-05-04 08:30:00,12,5,4,8,30,410,269,"37, LECLERC (MAIL DU MAR",,,Plein jour,En agglomération,Hors intersection,Pluie légère,Sans collision,,,,,,,,,,,1,2,1,2.0,7
201200028185,0012-05-15 20:10:00,12,5,15,20,10,410,226,DANZE (ROUTE DE),47.821,1.0681,Plein jour,Hors agglomération,Hors intersection,Normale,Deux véhicules - côté,,,,,,,,,,,1,1,1,1.0,3
201200028186,0012-05-21 12:35:00,12,5,21,12,35,410,269,"., FORET (RUE DE LA)",,,Plein jour,En agglomération,Intersection en X,Pluie légère,Deux véhicules - côté,,,,,,,,,,,1,2,2,2.0,3
201200028187,0012-05-30 07:35:00,12,5,30,7,35,410,269,CHASSEURS (RUE DU 20EME),,,Plein jour,En agglomération,Intersection en T,Normale,Deux véhicules - côté,,,,,,,,,,,1,2,3,1.0,3
201200028188,0012-07-06 17:40:00,12,7,6,17,40,410,269,PARIS (ROUTE DE),,,Plein jour,En agglomération,Intersection en X,Pluie légère,Deux véhicules - arrière,,,,,,,,,,,1,2,2,2.0,2
201200028189,0012-08-09 17:05:00,12,8,9,17,5,410,269,"6, MARCHE (PLACE DU)",,,Plein jour,En agglomération,Place,Normale,Sans collision,,,,,,,,,,,1,2,7,1.0,7
201200028190,0012-08-10 11:55:00,12,8,10,11,55,410,158,"05, GUERNAZELLES (RUE DE",,,Plein jour,En agglomération,Hors intersection,Normale,Sans collision,,,,,,,,,,,1,2,1,1.0,7
201200028191,0012-08-03 06:25:00,12,8,3,6,25,410,226,"., PARIS (ROUTE DE)",47.8182,1.07586,Plein jour,En agglomération,Giratoire,Normale,Sans collision,,,,,,,,,,,1,2,6,1.0,7
201200028192,0012-08-24 14:35:00,12,8,24,14,35,410,269,PARIS (ROUTE DE),47.7975,1.07377,Plein jour,En agglomération,Intersection en X,Normale,Deux véhicules - côté,,,,,,,,,,,1,2,2,1.0,3
201200028193,0012-08-30 14:00:00,12,8,30,14,0,410,269,MANS (ROUTE DU),47.7986,1.06729,Plein jour,Hors agglomération,Hors intersection,Normale,Deux véhicules - frontale,,,,,,,,,,,1,1,1,1.0,1
201200028194,0012-09-07 08:10:00,12,9,7,8,10,410,269,"23, VILLIERS (ROUTE DE)",,,Plein jour,En agglomération,Hors intersection,Normale,Deux véhicules - frontale,,,,,,,,,,,1,2,1,1.0,1
201200028195,0012-09-23 16:00:00,12,9,23,16,0,410,269,PARIS (ROUTE DE),47.7936,1.07616,Plein jour,En agglomération,Intersection en X,Normale,Deux véhicules - côté,,,,,,,,,,,1,2,2,1.0,3
201200028196,0012-09-25 18:35:00,12,9,25,18,35,410,269,LECLERC (MAIL DU MARECHA,,,Plein jour,En agglomération,Giratoire,Normale,Autre collision,,,,,,,,,,,1,2,6,1.0,6
201200028197,0012-10-07 15:10:00,12,10,7,15,10,410,269,"52, CHARTRAIN (FAUBOURG)",,,Plein jour,En agglomération,Hors intersection,Normale,Autre collision,,,,,,,,,,,1,2,1,1.0,6
201200028198,0012-10-30 23:45:00,12,10,30,23,45,410,269,"., CIMETIERE (RUE DU)",,,Nuit avec éclairage allumé,En agglomération,Hors intersection,Normale,Sans collision,,,,,,,,,,,5,2,1,1.0,7
201200028199,0012-11-13 18:10:00,12,11,13,18,10,410,269,"., GUIMOND (AVENUE GEORG",,,Nuit avec éclairage allumé,En agglomération,Intersection en X,Normale,Deux véhicules - côté,,,,,,,,,,,5,2,2,1.0,3
201200028200,0012-11-19 09:50:00,12,11,19,9,50,410,269,"., YVON (AVENUE GERARD)",,,Plein jour,En agglomération,Intersection en X,Normale,Deux véhicules - côté,,,,,,,,,,,1,2,2,1.0,3
201200028201,0012-12-01 18:25:00,12,12,1,18,25,410,269,"04, GAMBETTA (RUE)",,,Nuit avec éclairage allumé,En agglomération,Intersection en X,Normale,Deux véhicules - côté,,,,,,,,,,,5,2,2,1.0,3
201200028202,0012-01-19 16:45:00,12,1,19,16,45,420,95,CD 3,45.40748,4.29373,Plein jour,Hors agglomération,Hors intersection,Normale,Deux véhicules - frontale,,,,,,,,,,,1,1,1,1.0,1
201200028203,0012-02-05 17:40:00,12,2,5,17,40,420,316,CD 3,45.39411,4.26589,Crépuscule ou aube,En agglomération,Hors intersection,Normale,Autre collision,,,,,,,,,,,2,2,1,1.0,6
201200028204,0012-02-07 09:40:00,12,2,7,9,40,420,44,"6, LANGEVIN (RUE PAUL)",45.39296,4.32165,Plein jour,En agglomération,Hors intersection,Normale,Autre collision,,,,,,,,,,,1,2,1,1.0,6
201200028205,0012-02-28 11:25:00,12,2,28,11,25,420,44,"1, HALLES (RUE DES)",45.39694,4.32354,Plein jour,En agglomération,Hors intersection,Normale,Autre collision,,,,,,,,,,,1,2,1,1.0,6
201200028206,0012-03-11 03:30:00,12,3,11,3,30,420,183,"1, MOULIN (RUE JEAN)",45.40807,4.37342,Nuit avec éclairage allumé,En agglomération,Hors intersection,Normale,Autre collision,,,,,,,,,,,5,2,1,1.0,6
201200028207,0012-03-11 18:45:00,12,3,11,18,45,420,316,"35, HOLTZER (RUE)",45.3933,4.27042,Plein jour,En agglomération,Hors intersection,Normale,Deux véhicules - frontale,,,,,,,,,,,1,2,1,1.0,1
201200028208,0012-03-14 18:30:00,12,3,14,18,30,420,95,"1.800, CD 500",45.3734,4.30682,Crépuscule ou aube,Hors agglomération,Hors intersection,Normale,Sans collision,,,,,,,,,,,2,1,1,1.0,7
201200028209,0012-03-24 17:00:00,12,3,24,17,0,420,270,CD 108,45.38906,4.22837,Plein jour,Hors agglomération,Hors intersection,Normale,Deux véhicules - arrière,,,,,,,,,,,1,1,1,1.0,2
201200028210,0012-03-29 07:15:00,12,3,29,7,15,420,95,CD 500,45.38819,4.29625,Plein jour,En agglomération,Hors intersection,Normale,Deux véhicules - côté,,,,,,,,,,,1,2,1,1.0,3
201200028211,0012-04-20 22:14:00,12,4,20,22,14,420,95,"104, MARTINIERE (CHEMIN",45.37758,4.27303,Nuit avec éclairage allumé,Hors agglomération,Hors intersection,Pluie légère,Autre collision,,,,,,,,,,,5,1,1,2.0,6
201200028212,0012-05-14 06:40:00,12,5,14,6,40,420,95,CD 3,45.39149,4.28418,Crépuscule ou aube,En agglomération,Hors intersection,Temps éblouissant,Deux véhicules - côté,,,,,,,,,,,2,2,1,7.0,3
201200028213,0012-05-14 08:20:00,12,5,14,8,20,420,31,CD 3,45.40826,4.24568,Plein jour,Hors agglomération,Intersection en T,Normale,Deux véhicules - frontale,,,,,,,,,,,1,1,3,1.0,1
201200028214,0012-05-17 20:00:00,12,5,17,20,0,420,31,CD 3,45.40392,4.23581,Plein jour,Hors agglomération,Hors intersection,Normale,Deux véhicules - côté,,,,,,,,,,,1,1,1,1.0,3
201200028215,0012-05-18 23:15:00,12,5,18,23,15,420,183,"5, GARE (AVENUE DE LA)",45.40348,4.35868,Nuit avec éclairage allumé,En agglomération,Hors intersection,Normale,Autre collision,,,,,,,,,,,5,2,1,1.0,6
201200028216,0012-05-22 17:30:00,12,5,22,17,30,420,95,"1, ACIERIES (RUE DES)",45.39704,4.28972,Plein jour,En agglomération,Hors intersection,Pluie légère,Autre collision,,,,,,,,,,,1,2,1,2.0,6