accident_id,datetime,annee,mois,jour,heure,minute,departement,commune_insee,adresse,latitude,longitude,luminosite,agglomeration,intersection,meteo,collision,nb_vehicules,nb_usagers,nb_indemnes,nb_tues,nb_blesses_hosp,nb_blesses_legers,age_cond_1,age_cond_2,veh_type_cond_1,veh_type_cond_2,lum_code,agg_code,int_code,atm_code,col_code
201200028337,0012-09-06 13:45:00,12,9,6,13,45,420,71,VAUBAN (RUE),46.02429,4.09087,Plein jour,En agglomération,Hors intersection,Normale,Autre collision,,,,,,,,,,,1,2,1,1.0,6
201200028338,0012-09-09 01:05:00,12,9,9,1,5,420,187,"1, SAINT-ALBAN (RUE DE )",46.03639,4.06355,Nuit avec éclairage allumé,En agglomération,Hors intersection,Normale,Autre collision,,,,,,,,,,,5,2,1,1.0,6
201200028339,0012-09-06 10:05:00,12,9,6,10,5,420,187,"5, CUGNOT (RUE NICOLAS)",46.04023,4.06325,Plein jour,En agglomération,Hors intersection,Normale,Autre collision,,,,,,,,,,,1,2,1,1.0,6
201200028340,0012-10-19 01:50:00,12,10,19,1,50,420,187,"35, MARENGO (RUE)",46.03664,4.0754,Nuit avec éclairage allumé,En agglomération,Hors intersection,Normale,Deux véhicules - arrière,,,,,,,,,,,5,2,1,1.0,2
201200028341,0012-10-29 17:10:00,12,10,29,17,10,420,184,FARON JULES (RUE),46.04737,4.03601,Nuit avec éclairage allumé,En agglomération,Intersection en X,Normale,Deux véhicules - côté,,,,,,,,,,,5,2,2,1.0,3
201200028342,0012-11-24 06:55:00,12,11,24,6,55,420,127,BONVERT (RT DE),46.08316,4.07704,Nuit sans éclairage public,Hors agglomération,Hors intersection,Normale,Sans collision,,,,,,,,,,,3,1,1,1.0,7
201200028343,0012-10-21 19:30:00,12,10,21,19,30,420,184,"762, FOCH MARECHAL (RUE)",46.03935,4.04213,Nuit avec éclairage allumé,En agglomération,Intersection en Y,Normale,Deux véhicules - côté,,,,,,,,,,,5,2,4,1.0,3
201200028344,0012-09-21 14:20:00,12,9,21,14,20,420,187,"0, REPUBLIQUE (COUR DE L",46.0395,4.06362,Plein jour,En agglomération,Intersection en X,Normale,Deux véhicules - côté,,,,,,,,,,,1,2,2,1.0,3
201200028345,0012-09-21 16:10:00,12,9,21,16,10,420,187,"51, PARIS (AVENUE DE)",46.0443,4.07122,Plein jour,En agglomération,Hors intersection,Normale,Deux véhicules - côté,,,,,,,,,,,1,2,1,1.0,3
201200028346,0012-09-21 13:35:00,12,9,21,13,35,420,187,"66, RIVAGE (RUE DU)",46.02481,4.07277,Plein jour,En agglomération,Hors intersection,Normale,Sans collision,,,,,,,,,,,1,2,1,1.0,7
201200028347,0012-10-02 10:10:00,12,10,2,10,10,420,187,EST (ROCADE),46.04248,4.09572,Plein jour,Hors agglomération,Hors intersection,Normale,Deux véhicules - arrière,,,,,,,,,,,1,1,1,1.0,2
201200028348,0012-10-03 16:45:00,12,10,3,16,45,420,187,DOURDEIN (RUE AUGUSTE ),46.0424,4.05821,Plein jour,En agglomération,Intersection en X,Normale,Deux véhicules - côté,,,,,,,,,,,1,2,2,1.0,3
201200028349,0012-10-03 17:10:00,12,10,3,17,10,420,71,"26, DE GAULLE (BOULEVARD",46.0166,4.09628,Plein jour,En agglomération,Hors intersection,Normale,Deux véhicules - côté,,,,,,,,,,,1,2,1,1.0,3
201200028350,0012-10-05 15:53:00,12,10,5,15,53,420,184,OUEST  (BD),46.04304,4.04544,Plein jour,En agglomération,Hors intersection,Normale,Deux véhicules - arrière,,,,,,,,,,,1,2,1,1.0,2
201200028351,0012-10-10 10:30:00,12,10,10,10,30,420,71,"83, LIBERATION (AVENUE D",46.02694,4.08537,Plein jour,En agglomération,Hors intersection,Normale,Autre collision,,,,,,,,,,,1,2,1,1.0,6
201200028352,0012-10-12 23:20:00,12,10,12,23,20,420,170,R.D 504,46.03585,4.17762,Nuit sans éclairage public,En agglomération,Hors intersection,Normale,Sans collision,,,,,,,,,,,3,2,1,1.0,7
201200028353,0012-10-15 13:50:00,12,10,15,13,50,420,187,"22, ARISTIDE BRIAND ( PL",46.03302,4.07881,Plein jour,En agglomération,Hors intersection,Normale,Trois véhicules et plus - collisions multiples,,,,,,,,,,,1,2,1,1.0,5
201200028354,0012-11-11 00:23:00,12,11,11,0,23,420,187,"92, THOMAS (RUE ALBERT)",46.04816,4.0742,Nuit avec éclairage allumé,En agglomération,Hors intersection,Pluie légère,Trois véhicules et plus - en chaîne,,,,,,,,,,,5,2,1,2.0,4
201200028355,0012-11-11 18:34:00,12,11,11,18,34,420,187,"4, RAFFIN (RUE ALEXANDRE",46.03208,4.06806,Nuit avec éclairage allumé,En agglomération,Giratoire,Normale,Deux véhicules - côté,,,,,,,,,,,5,2,6,1.0,3
201200028356,0012-10-19 18:50:00,12,10,19,18,50,420,187,"0, CARNOT (AVENUE)",46.04102,4.06855,Nuit sans éclairage public,En agglomération,Intersection en X,Normale,Deux véhicules - côté,,,,,,,,,,,3,2,2,1.0,3
201200028357,0012-10-24 06:45:00,12,10,24,6,45,420,71,"63, LEDRU-ROLLIN  (RUE A",46.02952,4.08605,Nuit avec éclairage allumé,En agglomération,Intersection en Y,Normale,Deux véhicules - côté,,,,,,,,,,,5,2,4,1.0,3
201200028358,0012-11-03 18:55:00,12,11,3,18,55,420,187,CHARLIEU (RUE DE ),46.05732,4.0873,Nuit avec éclairage allumé,En agglomération,Intersection en Y,Normale,Trois véhicules et plus - en chaîne,,,,,,,,,,,5,2,4,1.0,4
201200028359,0012-11-03 22:30:00,12,11,3,22,30,420,187,"39, HOPITAL (RUE DE L')",46.04225,4.07955,Nuit avec éclairage allumé,En agglomération,Hors intersection,Normale,Deux véhicules - côté,,,,,,,,,,,5,2,1,1.0,3
201200028360,0012-11-05 08:20:00,12,11,5,8,20,420,187,"6, ARRAS (BOULEVARD D')",46.05605,4.07422,Plein jour,En agglomération,Hors intersection,Normale,Deux véhicules - côté,,,,,,,,,,,1,2,1,1.0,3
201200028361,0012-11-07 08:20:00,12,11,7,8,20,420,187,"9, KENNEDY (RUE DU PDT J",46.0542,4.09248,Plein jour,En agglomération,Hors intersection,Normale,Deux véhicules - côté,,,,,,,,,,,1,2,1,1.0,3
201200028362,0012-11-07 14:05:00,12,11,7,14,5,420,187,"32, MARECHAL JOFFRE (BOU",46.05411,4.07942,Plein jour,En agglomération,Hors intersection,Normale,Deux véhicules - côté,,,,,,,,,,,1,2,1,1.0,3
201200028363,0012-11-21 19:35:00,12,11,21,19,35,420,187,GIRAUD (RUE DU GENERAL),46.03256,4.05755,Nuit avec éclairage allumé,En agglomération,Hors intersection,Pluie légère,Autre collision,,,,,,,,,,,5,2,1,2.0,6
201200028364,0012-11-22 16:30:00,12,11,22,16,30,420,184,OUEST  (BD),46.04775,4.05119,Plein jour,En agglomération,Hors intersection,Normale,Autre collision,,,,,,,,,,,1,2,1,1.0,6
201200028365,0012-11-24 16:15:00,12,11,24,16,15,420,187,PASCAL (RUE BLAISE),46.04078,4.058,Plein jour,En agglomération,Intersection en X,Normale,Deux véhicules - côté,,,,,,,,,,,1,2,2,1.0,3
201200028366,0012-12-01 18:10:00,12,12,1,18,10,420,187,"0, LOIRE (LEVEE DE LA )",46.03268,4.07949,Nuit avec éclairage allumé,En agglomération,Intersection en Y,Normale,Deux véhicules - côté,,,,,,,,,,,5,2,4,1.0,3
201200028367,0012-12-27 16:30:00,12,12,27,16,30,420,127,MUSSET  RD 207 (RUE ALFR,46.06359,4.05732,Crépuscule ou aube,En agglomération,Hors intersection,Pluie légère,Deux véhicules - côté,,,,,,,,,,,2,2,1,2.0,3
201200028368,0012-12-27 08:45:00,12,12,27,8,45,420,71,"119, LIBERATION (AVENUE",46.02498,4.0867,Plein jour,En agglomération,Hors intersection,Normale,Autre collision,,,,,,,,,,,1,2,1,1.0,6
201200028369,0012-11-26 16:45:00,12,11,26,16,45,420,187,CLERMONT (RUE DE ),46.03116,4.06735,Crépuscule ou aube,En agglomération,Hors intersection,Pluie légère,Autre collision,,,,,,,,,,,2,2,1,2.0,6
201200028370,0012-11-29 09:13:00,12,11,29,9,13,420,187,"41, RAFFIN (RUE ALEXANDR",46.03491,4.06654,Plein jour,En agglomération,Hors intersection,Normale,Autre collision,,,,,,,,,,,1,2,1,1.0,6
201200028371,0012-12-05 18:10:00,12,12,5,18,10,420,187,"5, FLANDRE (PLACE LOUIS",46.04209,4.07301,Nuit avec éclairage allumé,En agglomération,Hors intersection,Pluie légère,Autre collision,,,,,,,,,,,5,2,1,2.0,6
201200028372,0012-12-07 12:05:00,12,12,7,12,5,420,187,"0, MATEL (RUE DE )",46.04851,4.08624,Plein jour,En agglomération,Hors intersection,Pluie légère,Deux véhicules - arrière,,,,,,,,,,,1,2,1,2.0,2
201200028373,0012-12-09 13:37:00,12,12,9,13,37,420,187,"37, BOCHARD (RUE CLAUDE)",46.02708,4.06806,Plein jour,En agglomération,Hors intersection,Normale,Deux véhicules - arrière,,,,,,,,,,,1,2,1,1.0,2
201200028374,0012-12-15 19:55:00,12,12,15,19,55,420,187,"268, CHARLIEU (RUE DE )",46.05918,4.08777,Nuit avec éclairage allumé,En agglomération,Hors intersection,Normale,Autre collision,,,,,,,,,,,5,2,1,1.0,6
201200028375,0012-12-16 11:50:00,12,12,16,11,50,420,187,"13, HERMINIER (QUAI DU C",46.03587,4.07956,Plein jour,En agglomération,Intersection en T,Normale,Trois véhicules et plus - collisions multiples,,,,,,,,,,,1,2,3,1.0,5
201200028376,0012-12-21 07:45:00,12,12,21,7,45,420,187,DEPIERRE (RUE PIERRE),46.03269,4.07687,Nuit avec éclairage non allumé,En agglomération,Hors intersection,Normale,Deux véhicules - côté,,,,,,,,,,,4,2,1,1.0,3
201200028377,0012-12-21 13:45:00,12,12,21,13,45,420,127,"23, DIX NEUF MARS 1962 (",46.08409,4.06466,Plein jour,Hors agglomération,Hors intersection,Normale,Sans collision,,,,,,,,,,,1,1,1,1.0,7
201200028378,0012-12-21 16:40:00,12,12,21,16,40,420,127,Route nationale 7,46.0749,4.03986,Nuit sans éclairage public,Hors agglomération,Hors intersection,Pluie légère,Deux véhicules - côté,,,,,,,,,,,3,1,1,2.0,3
201200028379,0012-12-22 21:00:00,12,12,22,21,0,420,170,R.D 504,46.03666,4.10432,Nuit sans éclairage public,Hors agglomération,Hors intersection,Normale,Sans collision,,,,,,,,,,,3,1,1,1.0,7
201200028380,0012-12-29 10:40:00,12,12,29,10,40,420,71,"132 BIS, LIBERATION (AVE",46.02501,4.08656,Plein jour,En agglomération,Intersection en T,Normale,Deux véhicules - côté,,,,,,,,,,,1,2,3,1.0,3
201200028381,0012-02-21 16:00:00,12,2,21,16,0,420,207,"11, CELLIEU ROUTE DE",45.48242,4.51573,Plein jour,En agglomération,Hors intersection,Normale,Deux véhicules - arrière,,,,,,,,,,,1,2,1,1.0,2
201200028382,0012-02-18 19:00:00,12,2,18,19,0,420,207,"33, MONTGOLFIER ADRIEN C",45.47092,4.51004,Nuit avec éclairage allumé,En agglomération,Hors intersection,Normale,Deux véhicules - frontale,,,,,,,,,,,5,2,1,1.0,1
201200028383,0012-03-17 20:35:00,12,3,17,20,35,420,207,"19, LYON ROUTE DE",45.47871,4.52515,Nuit avec éclairage allumé,En agglomération,Intersection en X,Normale,Deux véhicules - côté,,,,,,,,,,,5,2,2,1.0,3
201200028384,0012-04-02 18:15:00,12,4,2,18,15,420,207,BARRAQUES LES  LIEU DIT,45.45492,4.47856,Plein jour,Hors agglomération,Intersection en Y,Normale,Deux véhicules - côté,,,,,,,,,,,1,1,4,1.0,3
201200028385,0012-04-21 21:25:00,12,4,21,21,25,420,207,CELLIEU ROUTE DE,45.49207,4.52505,Nuit avec éclairage allumé,En agglomération,Intersection en X,Normale,Deux véhicules - côté,,,,,,,,,,,5,2,2,1.0,3
201200028386,0012-05-11 23:51:00,12,5,11,23,51,420,207,"14, FERRY JULES AVENUE",45.47098,4.51611,Nuit avec éclairage allumé,En agglomération,Intersection en X,Normale,Autre collision,,,,,,,,,,,5,2,2,1.0,6
201200028387,0012-05-30 10:15:00,12,5,30,10,15,420,207,LANGONNAND  ROUTE DE,45.47392,4.47938,Plein jour,Hors agglomération,Hors intersection,Normale,Deux véhicules - arrière,,,,,,,,,,,1,1,1,1.0,2
201200028388,0012-08-11 21:00:00,12,8,11,21,0,420,207,"21, SEGUIN MARC RUE",45.47493,4.51984,Crépuscule ou aube,En agglomération,Intersection en Y,Normale,Deux véhicules - arrière,,,,,,,,,,,2,2,4,1.0,2
201200028389,0012-08-18 04:00:00,12,8,18,4,0,420,207,"139, PETIN GAUDET RUE",45.45923,4.50556,Nuit avec éclairage allumé,En agglomération,Hors intersection,Normale,Deux véhicules - côté,,,,,,,,,,,5,2,1,1.0,3
201200028390,0012-10-01 19:25:00,12,10,1,19,25,420,207,"17, MARCHE RUE DU",45.46436,4.50467,Crépuscule ou aube,En agglomération,Hors intersection,Normale,Sans collision,,,,,,,,,,,2,2,1,1.0,7
201200028391,0012-01-01 02:51:00,12,1,1,2,51,420,218,JANON (BOULEVARD),45.43041,4.43429,Nuit sans éclairage public,En agglomération,Hors intersection,Normale,Autre collision,,,,,,,,,,,3,2,1,1.0,6
201200028392,0012-12-31 10:35:00,12,12,31,10,35,420,218,"65, PERI GABRIEL A PARTI",45.24711,4.23225,Plein jour,En agglomération,Hors intersection,Normale,Deux véhicules - côté,,,,,,,,,,,1,2,1,1.0,3
201200028393,0012-01-02 19:20:00,12,1,2,19,20,420,218,"IGNORE, LOUGANSK (DE)",45.42096,4.41279,Nuit avec éclairage allumé,En agglomération,Giratoire,Pluie forte,Autre collision,,,,,,,,,,,5,2,6,3.0,6
201200028394,0012-01-05 08:25:00,12,1,5,8,25,420,218,"7, CORALY ROYET JUSQU'AU",45.42053,4.39609,Plein jour,En agglomération,Hors intersection,Pluie légère,Autre collision,,,,,,,,,,,1,2,1,2.0,6
201200028395,0012-01-05 13:50:00,12,1,5,13,50,420,218,"4, JOMAYERE",45.4151,4.39197,Plein jour,En agglomération,Hors intersection,Pluie forte,Deux véhicules - frontale,,,,,,,,,,,1,2,1,3.0,1
201200028396,0012-01-03 13:50:00,12,1,3,13,50,420,218,"IGNORE, PARMENTIER A PAR",45.417,4.39963,Plein jour,En agglomération,Intersection en X,Normale,Deux véhicules - côté,,,,,,,,,,,1,2,2,1.0,3
201200028397,0012-01-03 18:30:00,12,1,3,18,30,420,223,"IGNORE, DOURDEL (LIEU DI",45.43304,4.34509,Nuit avec éclairage allumé,En agglomération,Hors intersection,Normale,Deux véhicules - arrière,,,,,,,,,,,5,2,1,1.0,2
201200028398,0012-01-04 13:45:00,12,1,4,13,45,420,189,"ignor?, BOUCHETIERE",45.43233,4.32433,Plein jour,En agglomération,Intersection en T,Temps couvert,Deux véhicules - arrière,,,,,,,,,,,1,2,3,8.0,2
201200028399,0012-01-03 08:48:00,12,1,3,8,48,420,218,HUSS JEAN,45.45123,4.41536,Plein jour,En agglomération,Hors intersection,Normale,Deux véhicules - côté,,,,,,,,,,,1,2,1,1.0,3
201200028400,0012-01-07 23:05:00,12,1,7,23,5,420,218,"12, PALLE (DE LA) JUSQU'",45.42936,4.41143,Nuit avec éclairage allumé,En agglomération,Hors intersection,Normale,Trois véhicules et plus - collisions multiples,,,,,,,,,,,5,2,1,1.0,5
201200028401,0012-01-11 11:20:00,12,1,11,11,20,420,218,"Ignor?, BELLEVUE (PLACE)",45.416,4.39405,Plein jour,En agglomération,Hors intersection,Normale,Autre collision,,,,,,,,,,,1,2,1,1.0,6
201200028402,0012-01-16 17:35:00,12,1,16,17,35,420,218,"68, JANIN JULES (BD) A P",45.44473,4.39856,Crépuscule ou aube,En agglomération,Hors intersection,Normale,Deux véhicules - côté,,,,,,,,,,,2,2,1,1.0,3
201200028403,0012-01-15 14:05:00,12,1,15,14,5,420,218,"IGNORE, KRUMNOW FREDO (B",45.44168,4.37891,Plein jour,En agglomération,Intersection en X,Normale,Autre collision,,,,,,,,,,,1,2,2,1.0,6
201200028404,0012-01-15 14:15:00,12,1,15,14,15,420,218,"25, LIOGIER JUSQU'AUX N?",45.4284,4.40506,Plein jour,En agglomération,Hors intersection,Normale,Deux véhicules - frontale,,,,,,,,,,,1,2,1,1.0,1
201200028405,0012-01-16 16:45:00,12,1,16,16,45,420,218,"ignore, DAGUERRE",45.42489,4.3888,Plein jour,En agglomération,Hors intersection,Normale,Autre collision,,,,,,,,,,,1,2,1,1.0,6
201200028406,0012-01-20 11:25:00,12,1,20,11,25,420,218,"IGNORE, EVRARD FLORENT A",45.42397,4.37518,Plein jour,En agglomération,Intersection en X,Pluie légère,Deux véhicules - côté,,,,,,,,,,,1,2,2,2.0,3
201200028407,0012-01-23 07:25:00,12,1,23,7,25,420,218,POMPIDOU GEORGES (BOULEV,45.45731,4.40459,Nuit sans éclairage public,En agglomération,Hors intersection,Temps couvert,Deux véhicules - arrière,,,,,,,,,,,3,2,1,8.0,2
201200028408,0012-01-25 08:45:00,12,1,25,8,45,420,218,"ignor?, MUSSET ALFRED DE",45.4426,4.37915,Plein jour,En agglomération,Hors intersection,Normale,Autre collision,,,,,,,,,,,1,2,1,1.0,6
201200028409,0012-01-26 16:30:00,12,1,26,16,30,420,218,"IGNORE, SOLEIL (DU) A PA",45.45346,4.40006,Plein jour,En agglomération,Intersection en X,Normale,Deux véhicules - côté,,,,,,,,,,,1,2,2,1.0,3
201200028410,0012-01-26 18:20:00,12,1,26,18,20,420,218,ROCADE OUEST,45.42015,4.36872,Nuit sans éclairage public,En agglomération,Hors intersection,Normale,Trois véhicules et plus - en chaîne,,,,,,,,,,,3,2,1,1.0,4
201200028411,0012-01-28 18:35:00,12,1,28,18,35,420,218,MUSSET ALFRED DE (BD) A,45.44217,4.37904,Nuit avec éclairage allumé,En agglomération,Intersection en X,Normale,Autre collision,,,,,,,,,,,5,2,2,1.0,6
201200028412,0012-01-26 15:12:00,12,1,26,15,12,420,275,"14, MENDES FRANCE PIERRE",45.44727,4.36326,Plein jour,En agglomération,Hors intersection,Normale,Autre collision,,,,,,,,,,,1,2,1,1.0,6
201200028413,0012-01-25 17:32:00,12,1,25,17,32,420,218,"2, MALON BENOIT",45.44234,4.38234,Crépuscule ou aube,En agglomération,Hors intersection,Normale,Autre collision,,,,,,,,,,,2,2,1,1.0,6
201200028414,0012-02-04 10:00:00,12,2,4,10,0,420,189,D3,45.43259,4.32892,Plein jour,En agglomération,Hors intersection,Normale,Deux véhicules - arrière,,,,,,,,,,,1,2,1,1.0,2
201200028415,0012-02-04 14:23:00,12,2,4,14,23,420,189,ROCADE OUEST,45.42612,4.35874,Plein jour,Hors agglomération,Hors intersection,Normale,Deux véhicules - arrière,,,,,,,,,,,1,1,1,1.0,2
201200028416,0012-02-07 10:00:00,12,2,7,10,0,420,223,"ignor?, BARAUDES (LES)",45.43753,4.3592,Plein jour,En agglomération,Intersection en Y,Normale,Deux véhicules - côté,,,,,,,,,,,1,2,4,1.0,3
201200028417,0012-02-09 12:46:00,12,2,9,12,46,420,218,"66, ROUGET DE L'ISLE A P",45.44554,4.38686,Plein jour,En agglomération,Hors intersection,Normale,Autre collision,,,,,,,,,,,1,2,1,1.0,6
201200028418,0012-02-09 17:31:00,12,2,9,17,31,420,218,"ignor?, CARNOT SADI (PLA",45.44811,4.38603,Crépuscule ou aube,En agglomération,Hors intersection,Normale,Autre collision,,,,,,,,,,,2,2,1,1.0,6
201200028419,0012-02-09 19:19:00,12,2,9,19,19,420,275,"ignor?, CARRIERES",45.47835,4.38132,Nuit avec éclairage allumé,En agglomération,Hors intersection,Normale,Trois véhicules et plus - collisions multiples,,,,,,,,,,,5,2,1,1.0,5
201200028420,0012-02-09 19:30:00,12,2,9,19,30,420,223,DOURDEL (LIEU DIT),45.43349,4.35021,Nuit avec éclairage allumé,Hors agglomération,Giratoire,Normale,Deux véhicules - arrière,,,,,,,,,,,5,1,6,1.0,2
201200028421,0012-02-11 22:25:00,12,2,11,22,25,420,330,"18, THIERS",45.471,4.36163,Nuit avec éclairage allumé,En agglomération,Hors intersection,Autre,Sans collision,,,,,,,,,,,5,2,1,9.0,7
201200028422,0012-02-14 12:10:00,12,2,14,12,10,420,218,"ignor?, VERNEY CARRON CL",45.46421,4.38203,Plein jour,En agglomération,Intersection en X,Normale,Trois véhicules et plus - collisions multiples,,,,,,,,,,,1,2,2,1.0,5
201200028423,0012-02-15 17:25:00,12,2,15,17,25,420,218,"162, ALLIES A PARTIR N?",45.44119,4.41716,Plein jour,En agglomération,Hors intersection,Pluie légère,Autre collision,,,,,,,,,,,1,2,1,2.0,6
201200028424,0012-02-17 16:15:00,12,2,17,16,15,420,218,"ignor?, ONZE NOVEMBRE JU",45.42379,4.39164,Plein jour,En agglomération,Hors intersection,Normale,Autre collision,,,,,,,,,,,1,2,1,1.0,6
201200028425,0012-02-17 09:04:00,12,2,17,9,4,420,218,"91, NORMANDIE NIEMEN A P",45.43434,4.41716,Plein jour,En agglomération,Hors intersection,Normale,Autre collision,,,,,,,,,,,1,2,1,1.0,6
201200028426,0012-02-23 20:28:00,12,2,23,20,28,420,218,"ignore, RECLUS ELISEE A",45.44016,4.38256,Nuit avec éclairage allumé,En agglomération,Intersection en X,Normale,Deux véhicules - côté,,,,,,,,,,,5,2,2,1.0,3
201200028427,0012-02-02 11:40:00,12,2,2,11,40,420,275,"14, MENDES FRANCE PIERRE",45.47659,4.3646,Plein jour,En agglomération,Intersection en X,Temps couvert,Deux véhicules - côté,,,,,,,,,,,1,2,2,8.0,3
201200028428,0012-02-27 10:03:00,12,2,27,10,3,420,218,"06, FOY GENERAL",45.43789,4.38746,Plein jour,En agglomération,Hors intersection,Normale,Autre collision,,,,,,,,,,,1,2,1,1.0,6
201200028429,0012-02-28 07:59:00,12,2,28,7,59,420,218,"ignore, ALBERT FRANCOIS",45.4465,4.39868,Crépuscule ou aube,En agglomération,Autre intersection,Normale,Autre collision,,,,,,,,,,,2,2,9,1.0,6
201200028430,0012-02-29 07:45:00,12,2,29,7,45,420,218,"91, DURAFOUR ANTOINE JUS",45.42848,4.39427,Plein jour,En agglomération,Intersection en X,Normale,Deux véhicules - côté,,,,,,,,,,,1,2,2,1.0,3
201200028431,0012-02-28 15:00:00,12,2,28,15,0,420,218,"ignor?, CHOLAT CHARLES",45.46495,4.39869,Plein jour,En agglomération,Intersection en X,Normale,Deux véhicules - côté,,,,,,,,,,,1,2,2,1.0,3
201200028432,0012-03-02 00:22:00,12,3,2,0,22,420,218,"24-25, POURCEL ALEXANDRE",45.42377,4.39523,Nuit avec éclairage allumé,En agglomération,Hors intersection,Normale,Autre collision,,,,,,,,,,,5,2,1,1.0,6
201200028433,0012-03-06 12:55:00,12,3,6,12,55,420,189,"ignor?, BERGSON (BOULEVA",45.43436,4.3389,Plein jour,En agglomération,Intersection en X,Normale,Deux véhicules - arrière,,,,,,,,,,,1,2,2,1.0,2
201200028434,0012-08-03 04:45:00,12,8,3,4,45,420,218,BALAY A PARTIR GARE CARN,45.44506,4.38627,Nuit avec éclairage allumé,En agglomération,Hors intersection,Normale,Autre collision,,,,,,,,,,,5,2,1,1.0,6
201200028435,0012-03-06 16:30:00,12,3,6,16,30,420,218,"31, ALLIES A PARTIR N? 1",45.4398,4.40297,Plein jour,En agglomération,Hors intersection,Normale,Autre collision,,,,,,,,,,,1,2,1,1.0,6
201200028436,0012-03-07 12:24:00,12,3,7,12,24,420,218,"8, DOLET ETIENNE",45.4407,4.38002,Plein jour,En agglomération,Hors intersection,Normale,Deux véhicules - côté,,,,,,,,,,,1,2,1,1.0,3
201200028437,0012-03-06 22:30:00,12,3,6,22,30,420,218,"IGNORE, ROOSEVELT FRANKL",45.42111,4.41105,Nuit avec éclairage allumé,En agglomération,Giratoire,Normale,Deux véhicules - côté,,,,,,,,,,,5,2,6,1.0,3
201200028438,0012-03-05 09:45:00,12,3,5,9,45,420,218,"33, CHARCOT DOCTEURS JUS",45.41997,4.39304,Plein jour,En agglomération,Hors intersection,Normale,Deux véhicules - arrière,,,,,,,,,,,1,2,1,1.0,2
201200028439,0012-03-08 15:40:00,12,3,8,15,40,420,218,"ignor?, DUVAL RAOUL (BOU",45.42279,4.38295,Plein jour,En agglomération,Hors intersection,Normale,Deux véhicules - frontale,,,,,,,,,,,1,2,1,1.0,1
201200028440,0012-03-08 10:25:00,12,3,8,10,25,420,237,"ignore, BRIAND (BOULEVAR",45.44979,4.44528,Plein jour,En agglomération,Hors intersection,Normale,Deux véhicules - côté,,,,,,,,,,,1,2,1,1.0,3
201200028441,0012-03-12 16:00:00,12,3,12,16,0,420,218,"5, DESTRE DOCTEUR LOUIS",45.43647,4.43677,Plein jour,En agglomération,Hors intersection,Normale,Autre collision,,,,,,,,,,,1,2,1,1.0,6
201200028442,0012-03-10 15:45:00,12,3,10,15,45,420,218,"ignor?, TALAUDIERE (DE L",45.45395,4.4112,Plein jour,En agglomération,Hors intersection,Normale,Autre collision,,,,,,,,,,,1,2,1,1.0,6
201200028443,0012-03-10 15:05:00,12,3,10,15,5,420,218,"21 ter, ROCHETAILLEE (AV",45.41978,4.39909,Plein jour,En agglomération,Autre intersection,Normale,Autre collision,,,,,,,,,,,1,2,9,1.0,6
201200028444,0012-03-13 23:54:00,12,3,13,23,54,420,189,"ignor?, D3",45.41521,4.30662,Nuit sans éclairage public,Hors agglomération,Hors intersection,Normale,Deux véhicules - frontale,,,,,,,,,,,3,1,1,1.0,1
201200028445,0012-03-15 13:10:00,12,3,15,13,10,420,218,"2, PYAT FELIX",45.43504,4.38185,Plein jour,En agglomération,Hors intersection,Normale,Autre collision,,,,,,,,,,,1,2,1,1.0,6
201200028446,0012-03-16 18:20:00,12,3,16,18,20,420,218,"ignor?, GIRODET (PLACE)",45.44784,4.38124,Crépuscule ou aube,En agglomération,Hors intersection,Normale,Autre collision,,,,,,,,,,,2,2,1,1.0,6
201200028447,0012-03-15 16:30:00,12,3,15,16,30,420,305,"22, HUGO VICTOR",45.48036,4.43278,Plein jour,En agglomération,Hors intersection,Normale,Autre collision,,,,,,,,,,,1,2,1,1.0,6
201200028448,0012-03-22 14:16:00,12,3,22,14,16,420,218,"01, BOIS DU",45.43395,4.39251,Plein jour,En agglomération,Intersection en X,Normale,Deux véhicules - côté,,,,,,,,,,,1,2,2,1.0,3
201200028449,0012-03-24 22:23:00,12,3,24,22,23,420,218,ALBERT FRANCOIS,45.44666,4.39794,Nuit avec éclairage allumé,En agglomération,Intersection en X,Normale,Deux véhicules - côté,,,,,,,,,,,5,2,2,1.0,3
201200028450,0012-03-21 17:21:00,12,3,21,17,21,420,237,"ignore, BRIAND (BOULEVAR",45.44862,4.44426,Plein jour,En agglomération,Hors intersection,Normale,Sans collision,,,,,,,,,,,1,2,1,1.0,7
201200028451,0012-03-28 09:24:00,12,3,28,9,24,420,218,"82, TALAUDIERE (DE LA) A",45.46143,4.41691,Plein jour,En agglomération,Hors intersection,Normale,Autre collision,,,,,,,,,,,1,2,1,1.0,6
201200028452,0012-03-29 15:30:00,12,3,29,15,30,420,218,"ignor?, POURCEL ALEXANDR",45.42394,4.3965,Plein jour,En agglomération,Hors intersection,Normale,Autre collision,,,,,,,,,,,1,2,1,1.0,6
201200028453,0012-04-01 04:40:00,12,4,1,4,40,420,218,"ignor?, NORMANDIE NIEMEN",45.43733,4.41151,Nuit avec éclairage allumé,En agglomération,Hors intersection,Normale,Sans collision,,,,,,,,,,,5,2,1,1.0,7
201200028454,0012-04-04 15:58:00,12,4,4,15,58,420,218,"ignore, MONTAT (DE LA) A",45.44007,4.39969,Plein jour,En agglomération,Intersection en X,Normale,Deux véhicules - côté,,,,,,,,,,,1,2,2,1.0,3