accident_id,datetime,annee,mois,jour,heure,minute,departement,commune_insee,adresse,latitude,longitude,luminosite,agglomeration,intersection,meteo,collision,nb_vehicules,nb_usagers,nb_indemnes,nb_tues,nb_blesses_hosp,nb_blesses_legers,age_cond_1,age_cond_2,veh_type_cond_1,veh_type_cond_2,lum_code,agg_code,int_code,atm_code,col_code
201200028831,0012-04-19 00:05:00,12,4,19,0,5,440,162,"299, ROUTE DE VANNES",,,Nuit avec éclairage allumé,En agglomération,Giratoire,Normale,Deux véhicules - côté,,,,,,,,,,,5,2,6,1.0,3
201200028832,0012-04-23 22:40:00,12,4,23,22,40,440,109,COURS DES 50 OTAGES,,,Nuit avec éclairage allumé,En agglomération,Hors intersection,Pluie forte,Autre collision,,,,,,,,,,,5,2,1,3.0,6
201200028833,0012-04-21 19:25:00,12,4,21,19,25,440,109,"6, AVENUE DU BOUT DES LA",,,Plein jour,En agglomération,Hors intersection,Normale,Autre collision,,,,,,,,,,,1,2,1,1.0,6
201200028834,0012-04-20 16:40:00,12,4,20,16,40,440,109,"0, PLACE DU 8 MAI 1945",,,Plein jour,En agglomération,Giratoire,Normale,Deux véhicules - côté,,,,,,,,,,,1,2,6,1.0,3
201200028835,0012-04-24 15:00:00,12,4,24,15,0,440,109,"., RUE DES DERVALLIERES",,,Plein jour,En agglomération,Hors intersection,Normale,Autre collision,,,,,,,,,,,1,2,1,1.0,6
201200028836,0012-04-24 18:50:00,12,4,24,18,50,440,109,"56, QUAI DE LA FOSSE",,,Plein jour,En agglomération,Hors intersection,Normale,Deux véhicules - arrière,,,,,,,,,,,1,2,1,1.0,2
201200028837,0012-04-26 17:55:00,12,4,26,17,55,440,109,BOULEVARD ROBERT SCHUMAN,,,Plein jour,En agglomération,Hors intersection,Normale,Autre collision,,,,,,,,,,,1,2,1,1.0,6
201200028838,0012-04-28 09:45:00,12,4,28,9,45,440,109,"1, RUE DE L'OLIVRAIE",,,Plein jour,En agglomération,Hors intersection,Normale,Autre collision,,,,,,,,,,,1,2,1,1.0,6
201200028839,0012-04-30 16:50:00,12,4,30,16,50,440,109,COURS DES 50 OTAGES,,,Plein jour,En agglomération,Hors intersection,Normale,Autre collision,,,,,,,,,,,1,2,1,1.0,6
201200028840,0012-05-02 08:10:00,12,5,2,8,10,440,109,"190, RUE DU CROISSANT",,,Plein jour,En agglomération,Giratoire,Normale,Sans collision,,,,,,,,,,,1,2,6,1.0,7
201200028841,0012-05-03 17:15:00,12,5,3,17,15,440,114,porte de rennes,,,Plein jour,Hors agglomération,Hors intersection,Pluie légère,Autre collision,,,,,,,,,,,1,1,1,2.0,6
201200028842,0012-05-05 02:30:00,12,5,5,2,30,440,109,pte carquefou,,,Nuit sans éclairage public,Hors agglomération,Hors intersection,Normale,Deux véhicules - arrière,,,,,,,,,,,3,1,1,1.0,2
201200028843,0012-05-06 05:00:00,12,5,6,5,0,440,109,"., RUE PAUL BELLAMY",,,Nuit avec éclairage allumé,En agglomération,Hors intersection,Normale,Trois véhicules et plus - en chaîne,,,,,,,,,,,5,2,1,1.0,4
201200028844,0012-05-04 07:30:00,12,5,4,7,30,440,162,pt de cheviré,,,Plein jour,Hors agglomération,Hors intersection,Pluie légère,Trois véhicules et plus - collisions multiples,,,,,,,,,,,1,1,1,2.0,5
201200028845,0012-05-07 17:00:00,12,5,7,17,0,440,109,"00, BOULEVARD DE STALING",,,Plein jour,En agglomération,Hors intersection,Autre,Autre collision,,,,,,,,,,,1,2,1,9.0,6
201200028846,0012-05-02 20:30:00,12,5,2,20,30,440,109,"00, ROUTE DE SAINT JOSEP",,,Crépuscule ou aube,En agglomération,Hors intersection,Autre,Deux véhicules - arrière,,,,,,,,,,,2,2,1,9.0,2
201200028847,0012-05-11 09:30:00,12,5,11,9,30,440,109,", PLACE COMMANDANT JEAN",,,Plein jour,En agglomération,Hors intersection,Normale,Autre collision,,,,,,,,,,,1,2,1,1.0,6
201200028848,0012-05-10 17:30:00,12,5,10,17,30,440,109,"0, COURS DES 50 OTAGES",,,Plein jour,En agglomération,Hors intersection,Normale,Autre collision,,,,,,,,,,,1,2,1,1.0,6
201200028849,0012-05-10 17:20:00,12,5,10,17,20,440,109,"., ROUTE DE LA JONELIERE",,,Plein jour,En agglomération,Intersection en T,Normale,Deux véhicules - côté,,,,,,,,,,,1,2,3,1.0,3
201200028850,0012-05-11 15:05:00,12,5,11,15,5,440,109,"00, BOULEVARD DE STALING",,,Plein jour,En agglomération,Hors intersection,Normale,Deux véhicules - arrière,,,,,,,,,,,1,2,1,1.0,2
201200028851,0012-05-14 17:15:00,12,5,14,17,15,440,109,BOULEVARD GENERAL PIERRE,,,Plein jour,En agglomération,Hors intersection,Normale,Deux véhicules - frontale,,,,,,,,,,,1,2,1,1.0,1
201200028852,0012-05-12 11:30:00,12,5,12,11,30,440,109,RUE DE TCHECOSLOVAQUIE,,,Plein jour,En agglomération,Hors intersection,Normale,Autre collision,,,,,,,,,,,1,2,1,1.0,6
201200028853,0012-05-12 15:30:00,12,5,12,15,30,440,109,", ROUTE DE LA JONELIERE",,,Plein jour,En agglomération,Hors intersection,Normale,Sans collision,,,,,,,,,,,1,2,1,1.0,7
201200028854,0012-05-11 16:45:00,12,5,11,16,45,440,162,AVENUE DE BEAUREGARD,,,Plein jour,En agglomération,Hors intersection,Normale,Autre collision,,,,,,,,,,,1,2,1,1.0,6
201200028855,0012-05-15 18:35:00,12,5,15,18,35,440,109,PLACE DE LA BONDE,,,Plein jour,En agglomération,Hors intersection,Normale,Deux véhicules - côté,,,,,,,,,,,1,2,1,1.0,3
201200028856,0012-05-16 08:00:00,12,5,16,8,0,440,109,"0, RUE DE GESVRES",,,Plein jour,En agglomération,Hors intersection,Normale,Deux véhicules - arrière,,,,,,,,,,,1,2,1,1.0,2
201200028857,0012-05-15 19:10:00,12,5,15,19,10,440,109,"32, RUE DU FRESCHE BLANC",,,Plein jour,En agglomération,Hors intersection,Normale,Deux véhicules - côté,,,,,,,,,,,1,2,1,1.0,3
201200028858,0012-05-19 03:45:00,12,5,19,3,45,440,109,"118, RUE PAUL BELLAMY",,,Nuit avec éclairage allumé,En agglomération,Hors intersection,Temps couvert,Deux véhicules - arrière,,,,,,,,,,,5,2,1,8.0,2
201200028859,0012-05-18 16:55:00,12,5,18,16,55,440,109,rte de vannes-beuséjour,,,Plein jour,En agglomération,Hors intersection,Normale,Autre collision,,,,,,,,,,,1,2,1,1.0,6
201200028860,0012-05-16 19:00:00,12,5,16,19,0,440,109,bd prof auvigné,,,Plein jour,En agglomération,Hors intersection,Normale,Autre collision,,,,,,,,,,,1,2,1,1.0,6
201200028861,0012-05-10 08:10:00,12,5,10,8,10,440,190,"119, RUE DES PLANTES",,,Plein jour,En agglomération,Hors intersection,Normale,Autre collision,,,,,,,,,,,1,2,1,1.0,6
201200028862,0012-05-22 16:25:00,12,5,22,16,25,440,109,"6, ROUTE DE SAINTE LUCE",,,Plein jour,En agglomération,Hors intersection,Normale,Deux véhicules - arrière,,,,,,,,,,,1,2,1,1.0,2
201200028863,0012-05-22 18:45:00,12,5,22,18,45,440,143,JOUAUD (RUE MAURICE),,,Plein jour,En agglomération,Intersection en T,Normale,Autre collision,,,,,,,,,,,1,2,3,1.0,6
201200028864,0012-05-23 07:45:00,12,5,23,7,45,440,143,SORINIERES ( PORTE DES ),,,Plein jour,Hors agglomération,Hors intersection,Normale,Deux véhicules - arrière,,,,,,,,,,,1,1,1,1.0,2
201200028865,0012-05-23 09:30:00,12,5,23,9,30,440,109,"0, BOULEVARD GASTON DOUM",,,Plein jour,En agglomération,Hors intersection,Normale,Deux véhicules - côté,,,,,,,,,,,1,2,1,1.0,3
201200028866,0012-05-25 08:00:00,12,5,25,8,0,440,109,RUE BONNE LOUISE,,,Plein jour,En agglomération,Hors intersection,Normale,Autre collision,,,,,,,,,,,1,2,1,1.0,6
201200028867,0012-05-16 09:00:00,12,5,16,9,0,440,162,porte estuaire,,,Plein jour,Hors agglomération,Hors intersection,Autre,Deux véhicules - arrière,,,,,,,,,,,1,1,1,9.0,2
201200028868,0012-05-29 14:00:00,12,5,29,14,0,440,109,"0, PLACE WALDECK ROUSSEA",,,Plein jour,En agglomération,Hors intersection,Normale,Autre collision,,,,,,,,,,,1,2,1,1.0,6
201200028869,0012-05-26 16:00:00,12,5,26,16,0,440,109,RUE DE GESVRES,,,Plein jour,Hors agglomération,Hors intersection,Normale,Sans collision,,,,,,,,,,,1,1,1,1.0,7
201200028870,0012-05-29 17:47:00,12,5,29,17,47,440,162,AVENUE LOUIS GUILLOUX,,,Plein jour,En agglomération,Hors intersection,Normale,Trois véhicules et plus - collisions multiples,,,,,,,,,,,1,2,1,1.0,5
201200028871,0012-05-25 15:00:00,12,5,25,15,0,440,109,PLACE DU GARIGLIANO,,,Plein jour,En agglomération,Hors intersection,Normale,Deux véhicules - côté,,,,,,,,,,,1,2,1,1.0,3
201200028872,0012-06-01 01:15:00,12,6,1,1,15,440,109,"0, BOULEVARD DE CARDIFF",,,Nuit avec éclairage allumé,En agglomération,Hors intersection,Normale,Autre collision,,,,,,,,,,,5,2,1,1.0,6
201200028873,0012-05-29 18:40:00,12,5,29,18,40,440,162,BOULEVARD SALVADOR ALLEN,,,Plein jour,En agglomération,Hors intersection,Normale,Autre collision,,,,,,,,,,,1,2,1,1.0,6
201200028874,0012-05-30 17:00:00,12,5,30,17,0,440,109,RUE GENERAL BUAT,,,Plein jour,En agglomération,Hors intersection,Normale,Deux véhicules - arrière,,,,,,,,,,,1,2,1,1.0,2
201200028875,0012-06-01 17:10:00,12,6,1,17,10,440,109,"0, BOULEVARD BATONNIER C",,,Plein jour,En agglomération,Intersection en T,Normale,Deux véhicules - côté,,,,,,,,,,,1,2,3,1.0,3
201200028876,0012-06-01 15:00:00,12,6,1,15,0,440,109,ROUTE DE RENNES,,,Plein jour,En agglomération,Hors intersection,Normale,Deux véhicules - côté,,,,,,,,,,,1,2,1,1.0,3
201200028877,0012-06-04 18:00:00,12,6,4,18,0,440,109,ROUTE DE LA CHAPELLE SUR,,,Plein jour,Hors agglomération,Hors intersection,Normale,Sans collision,,,,,,,,,,,1,1,1,1.0,7
201200028878,0012-06-06 13:55:00,12,6,6,13,55,440,109,PLACE VICTOR MANGIN,,,Plein jour,En agglomération,Giratoire,Normale,Deux véhicules - côté,,,,,,,,,,,1,2,6,1.0,3
201200028879,0012-06-05 10:00:00,12,6,5,10,0,440,109,QUAI DE LA JONELIERE,,,Plein jour,En agglomération,Hors intersection,Normale,Autre collision,,,,,,,,,,,1,2,1,1.0,6
201200028880,0012-06-06 10:45:00,12,6,6,10,45,440,109,"00, BOULEVARD ERNEST DAL",,,Plein jour,En agglomération,Intersection en T,Normale,Deux véhicules - côté,,,,,,,,,,,1,2,3,1.0,3
201200028881,0012-06-07 15:30:00,12,6,7,15,30,440,114,AVENUE DE LA PAQUELAIS,,,Plein jour,En agglomération,Hors intersection,Vent fort / tempête,Deux véhicules - frontale,,,,,,,,,,,1,2,1,6.0,1
201200028882,0012-06-08 18:30:00,12,6,8,18,30,440,109,ROUTE DE SAINT JOSEPH,,,Plein jour,En agglomération,Hors intersection,Normale,Deux véhicules - côté,,,,,,,,,,,1,2,1,1.0,3
201200028883,0012-06-08 16:40:00,12,6,8,16,40,440,109,LADMIRAULT (PL),,,Plein jour,En agglomération,Hors intersection,Normale,Deux véhicules - arrière,,,,,,,,,,,1,2,1,1.0,2
201200028884,0012-06-08 16:00:00,12,6,8,16,0,440,109,BOULEVARD JULES VERNE,,,Plein jour,En agglomération,Hors intersection,Normale,Deux véhicules - côté,,,,,,,,,,,1,2,1,1.0,3
201200028885,0012-06-08 16:25:00,12,6,8,16,25,440,109,"0, BOULEVARD DES ANGLAIS",,,Crépuscule ou aube,En agglomération,Intersection à plus de 4 branches,Normale,Deux véhicules - frontale,,,,,,,,,,,2,2,5,1.0,1
201200028886,0012-07-06 18:15:00,12,7,6,18,15,440,109,"00, ROUTE DE SAINT JOSEP",,,Plein jour,En agglomération,Hors intersection,Autre,Autre collision,,,,,,,,,,,1,2,1,9.0,6
201200028887,0012-06-08 15:55:00,12,6,8,15,55,440,162,BOULEVARD DU TERTRE,,,Plein jour,En agglomération,Hors intersection,Normale,Autre collision,,,,,,,,,,,1,2,1,1.0,6
201200028888,0012-06-09 20:00:00,12,6,9,20,0,440,109,COURS DES 50 OTAGES,,,Nuit avec éclairage allumé,En agglomération,Hors intersection,Normale,Autre collision,,,,,,,,,,,5,2,1,1.0,6
201200028889,0012-06-07 12:00:00,12,6,7,12,0,440,109,"0, AVENUE CHANTEPIE",,,Plein jour,En agglomération,Hors intersection,Normale,Deux véhicules - côté,,,,,,,,,,,1,2,1,1.0,3
201200028890,0012-06-16 15:00:00,12,6,16,15,0,440,109,RUE DES HAUTS PAVES,,,Plein jour,En agglomération,Hors intersection,Normale,Trois véhicules et plus - en chaîne,,,,,,,,,,,1,2,1,1.0,4
201200028891,0012-06-14 19:20:00,12,6,14,19,20,440,143,"17, BRIAND (RUE ARISTIDE",,,Plein jour,En agglomération,Hors intersection,Normale,Autre collision,,,,,,,,,,,1,2,1,1.0,6
201200028892,0012-06-16 04:05:00,12,6,16,4,5,440,109,"162, ROUTE DE RENNES",,,Nuit avec éclairage allumé,En agglomération,Hors intersection,Normale,Sans collision,,,,,,,,,,,5,2,1,1.0,7
201200028893,0012-06-15 19:22:00,12,6,15,19,22,440,162,BOULEVARD FRANCOIS MITTE,,,Plein jour,En agglomération,Giratoire,Autre,Deux véhicules - côté,,,,,,,,,,,1,2,6,9.0,3
201200028894,0012-06-12 15:00:00,12,6,12,15,0,440,109,BOULEVARD DE LA LIBERTE,,,Plein jour,En agglomération,Hors intersection,Normale,Deux véhicules - côté,,,,,,,,,,,1,2,1,1.0,3
201200028895,0012-06-18 18:30:00,12,6,18,18,30,440,20,PERIPHERIQUE SUD,,,Plein jour,Hors agglomération,Hors intersection,Normale,Autre collision,,,,,,,,,,,1,1,1,1.0,6
201200028896,0012-06-21 19:00:00,12,6,21,19,0,440,143,RUE DES CHEVALIERS,,,Plein jour,En agglomération,Hors intersection,Normale,Autre collision,,,,,,,,,,,1,2,1,1.0,6
201200028897,0012-06-21 11:30:00,12,6,21,11,30,440,109,53 RUE DE LA GILARDERIE,,,Plein jour,En agglomération,Hors intersection,Normale,Autre collision,,,,,,,,,,,1,2,1,1.0,6
201200028898,0012-06-21 19:35:00,12,6,21,19,35,440,162,RUE FRANCOIS RABELAIS,,,Plein jour,En agglomération,Hors intersection,Normale,Autre collision,,,,,,,,,,,1,2,1,1.0,6
201200028899,0012-03-08 16:00:00,12,3,8,16,0,440,109,"00, RUE CHARLES BRUNELLI",,,Plein jour,En agglomération,Hors intersection,Autre,Autre collision,,,,,,,,,,,1,2,1,9.0,6
201200028900,0012-06-18 18:00:00,12,6,18,18,0,440,109,"174, RUE GENERAL BUAT",,,Plein jour,En agglomération,Hors intersection,Autre,Autre collision,,,,,,,,,,,1,2,1,9.0,6
201200028901,0012-06-25 07:35:00,12,6,25,7,35,440,109,RUE DES DERVALLIERES,,,Plein jour,En agglomération,Hors intersection,Temps couvert,Autre collision,,,,,,,,,,,1,2,1,8.0,6
201200028902,0012-06-21 09:00:00,12,6,21,9,0,440,109,"73, BOULEVARD MICHELET",,,Plein jour,En agglomération,Hors intersection,Normale,Deux véhicules - côté,,,,,,,,,,,1,2,1,1.0,3
201200028903,0012-06-22 17:15:00,12,6,22,17,15,440,162,ROUTE DE VANNES,,,Plein jour,En agglomération,Hors intersection,Normale,Autre collision,,,,,,,,,,,1,2,1,1.0,6
201200028904,0012-06-26 13:00:00,12,6,26,13,0,440,109,RUE PAUL BEAUPERE,,,Plein jour,En agglomération,Hors intersection,Normale,Deux véhicules - arrière,,,,,,,,,,,1,2,1,1.0,2
201200028905,0012-06-26 10:25:00,12,6,26,10,25,440,162,BOULEVARD SALVADOR ALLEN,,,Plein jour,En agglomération,Hors intersection,Normale,Deux véhicules - frontale,,,,,,,,,,,1,2,1,1.0,1
201200028906,0012-06-26 12:50:00,12,6,26,12,50,440,162,RUE DE LA JOHARDIERE,,,Plein jour,En agglomération,Hors intersection,Normale,Trois véhicules et plus - collisions multiples,,,,,,,,,,,1,2,1,1.0,5
201200028907,0012-06-28 17:40:00,12,6,28,17,40,440,162,"14, BOULEVARD SALVADOR A",,,Plein jour,En agglomération,Hors intersection,Normale,Deux véhicules - arrière,,,,,,,,,,,1,2,1,1.0,2
201200028908,0012-07-02 17:00:00,12,7,2,17,0,440,109,"., RUE RENE VIVIANI",,,Plein jour,En agglomération,Hors intersection,Normale,Deux véhicules - côté,,,,,,,,,,,1,2,1,1.0,3
201200028909,0012-07-03 18:00:00,12,7,3,18,0,440,109,", RUE FELIX MENETRIER",,,Plein jour,En agglomération,Hors intersection,Normale,Autre collision,,,,,,,,,,,1,2,1,1.0,6
201200028910,0012-06-30 15:00:00,12,6,30,15,0,440,109,ROUTE DE CARQUEFOU,,,Plein jour,En agglomération,Hors intersection,Normale,Autre collision,,,,,,,,,,,1,2,1,1.0,6
201200028911,0012-07-04 12:00:00,12,7,4,12,0,440,162,RUE DU FONDEUR,,,Plein jour,En agglomération,Intersection en T,Normale,Deux véhicules - côté,,,,,,,,,,,1,2,3,1.0,3
201200028912,0012-07-09 18:26:00,12,7,9,18,26,440,109,BOULEVARD DE STALINGRAD,,,Plein jour,En agglomération,Hors intersection,Normale,Autre collision,,,,,,,,,,,1,2,1,1.0,6
201200028913,0012-07-11 06:10:00,12,7,11,6,10,440,109,PIRMIL ( PONT DE ),,,Crépuscule ou aube,En agglomération,Hors intersection,Normale,Autre collision,,,,,,,,,,,2,2,1,1.0,6
201200028914,0012-07-12 14:50:00,12,7,12,14,50,440,114,AVENUE DE LA PATOUILLERI,,,Plein jour,En agglomération,Hors intersection,Pluie légère,Sans collision,,,,,,,,,,,1,2,1,2.0,7
201200028915,0012-07-15 16:20:00,12,7,15,16,20,440,109,"29, RUE ROMAIN ROLLAND",,,Plein jour,En agglomération,Hors intersection,Normale,Autre collision,,,,,,,,,,,1,2,1,1.0,6
201200028916,0012-07-13 14:00:00,12,7,13,14,0,440,114,", ROUTE DE RENNES",,,Plein jour,En agglomération,Hors intersection,Normale,Autre collision,,,,,,,,,,,1,2,1,1.0,6
201200028917,0012-07-16 10:40:00,12,7,16,10,40,440,162,BOULEVARD SALVADOR ALLEN,,,Plein jour,En agglomération,Hors intersection,Normale,Autre collision,,,,,,,,,,,1,2,1,1.0,6
201200028918,0012-07-16 08:00:00,12,7,16,8,0,440,109,QUAI DE LA FOSSE,,,Plein jour,En agglomération,Hors intersection,Normale,Autre collision,,,,,,,,,,,1,2,1,1.0,6
201200028919,0012-07-21 10:38:00,12,7,21,10,38,440,109,RUE GENERAL BUAT,,,Plein jour,En agglomération,Hors intersection,Normale,Autre collision,,,,,,,,,,,1,2,1,1.0,6
201200028920,0012-07-23 12:25:00,12,7,23,12,25,440,109,", PLACE PAUL EMILE LADM",,,Plein jour,En agglomération,Hors intersection,Normale,Deux véhicules - côté,,,,,,,,,,,1,2,1,1.0,3
201200028921,0012-07-23 09:10:00,12,7,23,9,10,440,109,"23, RUE DES DERVALLIERES",,,Plein jour,En agglomération,Hors intersection,Normale,Autre collision,,,,,,,,,,,1,2,1,1.0,6
201200028922,0012-07-26 20:10:00,12,7,26,20,10,440,109,BD DE LA BEAUJOIRE,,,Plein jour,En agglomération,Intersection en X,Normale,Autre collision,,,,,,,,,,,1,2,2,1.0,6
201200028923,0012-07-22 12:55:00,12,7,22,12,55,440,109,"16, QUAI DE MALAKOFF",,,Plein jour,En agglomération,Hors intersection,Normale,Autre collision,,,,,,,,,,,1,2,1,1.0,6
201200028924,0012-07-29 20:35:00,12,7,29,20,35,440,109,RUE DU PARAGUAY,,,Plein jour,En agglomération,Hors intersection,Normale,Autre collision,,,,,,,,,,,1,2,1,1.0,6
201200028925,0012-07-28 17:30:00,12,7,28,17,30,440,109,"1, BOULEVARD RENE CASSIN",,,Plein jour,En agglomération,Hors intersection,Normale,Autre collision,,,,,,,,,,,1,2,1,1.0,6
201200028926,0012-08-01 10:55:00,12,8,1,10,55,440,109,BOULEVARD ROBERT SCHUMAN,,,Plein jour,En agglomération,Hors intersection,Normale,Autre collision,,,,,,,,,,,1,2,1,1.0,6
201200028927,0012-07-30 21:25:00,12,7,30,21,25,440,143,LIBERATION (AV. DE LA),,,Plein jour,En agglomération,Hors intersection,Normale,Autre collision,,,,,,,,,,,1,2,1,1.0,6
201200028928,0012-07-31 13:05:00,12,7,31,13,5,440,109,"0, RUE DE BEL AIR",,,Plein jour,En agglomération,Intersection en X,Normale,Deux véhicules - côté,,,,,,,,,,,1,2,2,1.0,3
201200028929,0012-08-01 13:50:00,12,8,1,13,50,440,109,WILSON ( QUAI PRESIDENT,,,Plein jour,En agglomération,Hors intersection,Normale,Deux véhicules - frontale,,,,,,,,,,,1,2,1,1.0,1
201200028930,0012-08-01 15:35:00,12,8,1,15,35,440,109,"104, BOULEVARD EUGENE OR",,,Plein jour,En agglomération,Hors intersection,Normale,Deux véhicules - côté,,,,,,,,,,,1,2,1,1.0,3
201200028931,0012-07-31 21:30:00,12,7,31,21,30,440,109,COTE SAINT SEBASTIEN,,,Plein jour,Hors agglomération,Giratoire,Normale,Deux véhicules - côté,,,,,,,,,,,1,1,6,1.0,3
201200028932,0012-08-02 18:00:00,12,8,2,18,0,440,109,GABORY  ( BD EMILE ),,,Plein jour,En agglomération,Hors intersection,Normale,Autre collision,,,,,,,,,,,1,2,1,1.0,6
201200028933,0012-08-03 15:55:00,12,8,3,15,55,440,109,QUAI MONCOUSU,,,Plein jour,En agglomération,Intersection en T,Normale,Deux véhicules - côté,,,,,,,,,,,1,2,3,1.0,3
201200028934,0012-08-06 02:45:00,12,8,6,2,45,440,109,BOULEVARD DE VENDEE,,,Nuit avec éclairage allumé,En agglomération,Hors intersection,Normale,Deux véhicules - frontale,,,,,,,,,,,5,2,1,1.0,1
201200028935,0012-07-31 16:00:00,12,7,31,16,0,440,18,", ALLEE DE GRAND LIEU",,,Plein jour,Hors agglomération,Hors intersection,Normale,Sans collision,,,,,,,,,,,1,1,1,1.0,7
201200028936,0012-08-04 15:30:00,12,8,4,15,30,440,109,periph ouest,,,Plein jour,En agglomération,Autre intersection,Autre,Deux véhicules - arrière,,,,,,,,,,,1,2,9,9.0,2
201200028937,0012-08-06 14:10:00,12,8,6,14,10,440,114,"4, RUE DE BEAU SOLEIL",,,Plein jour,En agglomération,Hors intersection,Normale,Autre collision,,,,,,,,,,,1,2,1,1.0,6
201200028938,0012-08-09 12:15:00,12,8,9,12,15,440,143,MOULIN ? L'HUILE (RUE),,,Plein jour,En agglomération,Giratoire,Normale,Deux véhicules - côté,,,,,,,,,,,1,2,6,1.0,3
201200028939,0012-08-10 17:15:00,12,8,10,17,15,440,109,RUE GUILLAUME GROOTAERS,,,Plein jour,En agglomération,Hors intersection,Normale,Autre collision,,,,,,,,,,,1,2,1,1.0,6
201200028940,0012-08-13 18:50:00,12,8,13,18,50,440,109,PLACE DU VIEUX DOULON,,,Plein jour,En agglomération,Passage à niveau,Normale,Autre collision,,,,,,,,,,,1,2,8,1.0,6
201200028941,0012-08-07 16:30:00,12,8,7,16,30,440,143,SEMARD (PLACE),,,Plein jour,En agglomération,Hors intersection,Normale,Autre collision,,,,,,,,,,,1,2,1,1.0,6
201200028942,0012-08-06 17:00:00,12,8,6,17,0,440,109,RUE GAMBETTA,,,Plein jour,En agglomération,Hors intersection,Normale,Deux véhicules - côté,,,,,,,,,,,1,2,1,1.0,3
201200028943,0012-08-16 08:15:00,12,8,16,8,15,440,109,BOULEVARD DES ANGLAIS,,,Plein jour,En agglomération,Intersection en T,Normale,Deux véhicules - côté,,,,,,,,,,,1,2,3,1.0,3
201200028944,0012-08-15 17:40:00,12,8,15,17,40,440,143,CHAUSSEE (RUE DE LA),,,Plein jour,En agglomération,Hors intersection,Normale,Autre collision,,,,,,,,,,,1,2,1,1.0,6
201200028945,0012-08-17 05:25:00,12,8,17,5,25,440,109,BOULEVARD ERNEST DALBY,,,Nuit avec éclairage allumé,En agglomération,Hors intersection,Normale,Deux véhicules - côté,,,,,,,,,,,5,2,1,1.0,3
201200028946,0012-08-09 13:20:00,12,8,9,13,20,440,114,137,,,Plein jour,Hors agglomération,Hors intersection,Normale,Autre collision,,,,,,,,,,,1,1,1,1.0,6
201200028947,0012-09-13 08:40:00,12,9,13,8,40,440,109,RUE DU POITOU,,,Plein jour,En agglomération,Intersection en X,Normale,Deux véhicules - côté,,,,,,,,,,,1,2,2,1.0,3
201200028948,0012-08-20 12:40:00,12,8,20,12,40,440,109,"10, RUE ANATOLE DE MONZI",,,Plein jour,En agglomération,Intersection en T,Normale,Deux véhicules - côté,,,,,,,,,,,1,2,3,1.0,3
201200028949,0012-07-30 14:16:00,12,7,30,14,16,440,109,RUE DE LA PAPOTIERE,,,Plein jour,En agglomération,Intersection en X,Normale,Deux véhicules - côté,,,,,,,,,,,1,2,2,1.0,3
201200028950,0012-08-27 13:10:00,12,8,27,13,10,440,109,"41, BOULEVARD GUSTAVE RO",,,Plein jour,En agglomération,Hors intersection,Normale,Deux véhicules - côté,,,,,,,,,,,1,2,1,1.0,3
201200028951,0012-08-31 08:25:00,12,8,31,8,25,440,109,"3, RUE JULES GRANDJOUAN",,,Plein jour,En agglomération,Hors intersection,Normale,Autre collision,,,,,,,,,,,1,2,1,1.0,6
201200028952,0012-08-30 18:25:00,12,8,30,18,25,440,109,"., ROUTE DE GACHET",,,Plein jour,En agglomération,Hors intersection,Normale,Deux véhicules - côté,,,,,,,,,,,1,2,1,1.0,3
201200028953,0012-09-02 17:40:00,12,9,2,17,40,440,109,RUE DU BREIL,,,Plein jour,En agglomération,Intersection en T,Normale,Deux véhicules - côté,,,,,,,,,,,1,2,3,1.0,3
201200028954,0012-09-02 06:00:00,12,9,2,6,0,440,109,", BOULEVARD DE LA PRAIR",,,Nuit avec éclairage allumé,En agglomération,Hors intersection,Normale,Deux véhicules - côté,,,,,,,,,,,5,2,1,1.0,3
201200028955,0012-09-05 11:15:00,12,9,5,11,15,440,109,BOULEVARD DES ANGLAIS,,,Plein jour,En agglomération,Intersection en T,Normale,Deux véhicules - côté,,,,,,,,,,,1,2,3,1.0,3
201200028956,0012-09-05 18:15:00,12,9,5,18,15,440,109,RUE DES DERVALLIERES,,,Plein jour,En agglomération,Intersection en T,Normale,Deux véhicules - côté,,,,,,,,,,,1,2,3,1.0,3
201200028957,0012-09-06 00:01:00,12,9,6,0,1,440,109,"., ALLEE DES GENERAUX PA",,,Nuit avec éclairage allumé,En agglomération,Giratoire,Normale,Deux véhicules - côté,,,,,,,,,,,5,2,6,1.0,3
201200028958,0012-09-04 13:00:00,12,9,4,13,0,440,109,"., RUE DE GESVRES",,,Plein jour,Hors agglomération,Hors intersection,Normale,Sans collision,,,,,,,,,,,1,1,1,1.0,7
201200028959,0012-09-06 13:45:00,12,9,6,13,45,440,109,BOULEVARD DES ANGLAIS,,,Plein jour,En agglomération,Hors intersection,Normale,Autre collision,,,,,,,,,,,1,2,1,1.0,6
201200028960,0012-09-09 00:30:00,12,9,9,0,30,440,109,"., BOULEVARD DE DOULON",,,Nuit avec éclairage allumé,En agglomération,Hors intersection,Normale,Deux véhicules - côté,,,,,,,,,,,5,2,1,1.0,3
201200028961,0012-09-09 02:55:00,12,9,9,2,55,440,109,"113, BOULEVARD ROBERT SC",,,Nuit avec éclairage allumé,En agglomération,Hors intersection,Normale,Autre collision,,,,,,,,,,,5,2,1,1.0,6
201200028962,0012-09-08 10:30:00,12,9,8,10,30,440,109,"., RUE GENERAL BUAT",,,Plein jour,En agglomération,Intersection en T,Normale,Autre collision,,,,,,,,,,,1,2,3,1.0,6
201200028963,0012-09-07 16:40:00,12,9,7,16,40,440,109,RUE DE LA PATOUILLERIE,,,Plein jour,En agglomération,Hors intersection,Autre,Autre collision,,,,,,,,,,,1,2,1,9.0,6
201200028964,0012-09-11 16:55:00,12,9,11,16,55,440,114,RN 137,,,Plein jour,Hors agglomération,Hors intersection,Normale,Autre collision,,,,,,,,,,,1,1,1,1.0,6