accident_id,datetime,annee,mois,jour,heure,minute,departement,commune_insee,adresse,latitude,longitude,luminosite,agglomeration,intersection,meteo,collision,nb_vehicules,nb_usagers,nb_indemnes,nb_tues,nb_blesses_hosp,nb_blesses_legers,age_cond_1,age_cond_2,veh_type_cond_1,veh_type_cond_2,lum_code,agg_code,int_code,atm_code,col_code
201200029094,0012-02-15 11:20:00,12,2,15,11,20,440,184,HALLUARD (RUE REN?),,,Plein jour,En agglomération,Intersection en X,Normale,Autre collision,,,,,,,,,,,1,2,2,1.0,6
201200029095,0012-02-16 12:10:00,12,2,16,12,10,440,184,COMMANDO (PLACE DU),,,Plein jour,En agglomération,Intersection en X,Normale,Deux véhicules - côté,,,,,,,,,,,1,2,2,1.0,3
201200029096,0012-02-20 16:10:00,12,2,20,16,10,440,184,"30 bis, C?TE D'AMOUR (RT",,,Plein jour,En agglomération,Hors intersection,Normale,Sans collision,,,,,,,,,,,1,2,1,1.0,7
201200029097,0012-03-02 09:50:00,12,3,2,9,50,440,184,G?T? (RUE DU CDT) DU 35,,,Plein jour,En agglomération,Giratoire,Normale,Deux véhicules - côté,,,,,,,,,,,1,2,6,1.0,3
201200029098,0012-03-05 23:40:00,12,3,5,23,40,440,184,C?TE D'AMOUR (RTE DE LA),,,Nuit avec éclairage non allumé,En agglomération,Hors intersection,Normale,Autre collision,,,,,,,,,,,4,2,1,1.0,6
201200029099,0012-03-06 08:40:00,12,3,6,8,40,440,184,LAENNEC (BD DU DR REN?),,,Plein jour,En agglomération,Giratoire,Normale,Deux véhicules - côté,,,,,,,,,,,1,2,6,1.0,3
201200029100,0012-03-13 10:40:00,12,3,13,10,40,440,184,JEANNE D'ARC (RUE),,,Plein jour,En agglomération,Intersection en X,Normale,Deux véhicules - côté,,,,,,,,,,,1,2,2,1.0,3
201200029101,0012-03-14 10:12:00,12,3,14,10,12,440,184,"3, FRATERNIT? (BOULEVARD",,,Plein jour,En agglomération,Hors intersection,Normale,Sans collision,,,,,,,,,,,1,2,1,1.0,7
201200029102,0012-03-14 16:55:00,12,3,14,16,55,440,184,VILLES-BOUSSEAU (ROUT,,,Plein jour,En agglomération,Intersection en T,Normale,Deux véhicules - côté,,,,,,,,,,,1,2,3,1.0,3
201200029103,0012-03-21 12:40:00,12,3,21,12,40,440,184,"32, GUTENBERG (RUE JEAN)",,,Plein jour,En agglomération,Hors intersection,Pluie légère,Deux véhicules - côté,,,,,,,,,,,1,2,1,2.0,3
201200029104,0012-03-27 10:15:00,12,3,27,10,15,440,184,"0, POINT DU JOUR (ROUTE",,,Plein jour,En agglomération,Intersection en X,Normale,Deux véhicules - côté,,,,,,,,,,,1,2,2,1.0,3
201200029105,0012-04-03 09:45:00,12,4,3,9,45,440,184,"22, COUBERTIN (AVENUE PI",,,Plein jour,En agglomération,Hors intersection,Normale,Deux véhicules - côté,,,,,,,,,,,1,2,1,1.0,3
201200029106,0012-04-05 14:50:00,12,4,5,14,50,440,184,VILLE HALLUARD (RUE DE L,,,Plein jour,En agglomération,Hors intersection,Normale,Deux véhicules - côté,,,,,,,,,,,1,2,1,1.0,3
201200029107,0012-04-20 12:55:00,12,4,20,12,55,440,184,"0, VILLE HALLUARD (RUE D",,,Plein jour,En agglomération,Intersection en X,Normale,Deux véhicules - côté,,,,,,,,,,,1,2,2,1.0,3
201200029108,0012-04-20 20:20:00,12,4,20,20,20,440,184,BD LAENNEC/VOLTAIRE,,,Plein jour,En agglomération,Intersection en X,Normale,Deux véhicules - côté,,,,,,,,,,,1,2,2,1.0,3
201200029109,0012-05-07 15:35:00,12,5,7,15,35,440,184,"16, GAMBETTA (BOULEVARD",,,Plein jour,En agglomération,Hors intersection,Normale,Deux véhicules - frontale,,,,,,,,,,,1,2,1,1.0,1
201200029110,0012-05-12 13:20:00,12,5,12,13,20,440,184,"15, BRIAND (RUE ARISTIDE",,,Plein jour,En agglomération,Hors intersection,Normale,Deux véhicules - côté,,,,,,,,,,,1,2,1,1.0,3
201200029111,0012-05-14 17:20:00,12,5,14,17,20,440,184,GAUTIER (RUE HENRI) DU 0,,,Plein jour,En agglomération,Intersection en T,Normale,Deux véhicules - côté,,,,,,,,,,,1,2,3,1.0,3
201200029112,0012-05-20 06:20:00,12,5,20,6,20,440,184,"29, ZOLA (BOULEVARD EMIL",,,Plein jour,En agglomération,Intersection en X,Pluie légère,Deux véhicules - côté,,,,,,,,,,,1,2,2,2.0,3
201200029113,0012-05-22 06:15:00,12,5,22,6,15,440,184,SAINT-ANDR? DES EAUX (RO,,,Crépuscule ou aube,Hors agglomération,Intersection en T,Normale,Deux véhicules - côté,,,,,,,,,,,2,1,3,1.0,3
201200029114,0012-05-25 14:00:00,12,5,25,14,0,440,184,VILLE HALLUARD (RUE DE L,,,Plein jour,En agglomération,Intersection en X,Normale,Deux véhicules - côté,,,,,,,,,,,1,2,2,1.0,3
201200029115,0012-06-01 20:00:00,12,6,1,20,0,440,184,BOIELDIEU (RUE FRAN?OIS),,,Plein jour,En agglomération,Intersection en X,Normale,Deux véhicules - frontale,,,,,,,,,,,1,2,2,1.0,1
201200029116,0012-06-04 08:10:00,12,6,4,8,10,440,184,RD 213,,,Plein jour,Hors agglomération,Hors intersection,Normale,Trois véhicules et plus - en chaîne,,,,,,,,,,,1,1,1,1.0,4
201200029117,0012-06-17 16:30:00,12,6,17,16,30,440,184,"14, RTE DE LA LAITERIE",,,Plein jour,En agglomération,Hors intersection,Normale,Deux véhicules - côté,,,,,,,,,,,1,2,1,1.0,3
201200029118,0012-06-25 12:55:00,12,6,25,12,55,440,184,"0, BERTHAUDERIE (RUE DE",,,Plein jour,En agglomération,Intersection en X,Normale,Deux véhicules - côté,,,,,,,,,,,1,2,2,1.0,3
201200029119,0012-06-27 15:55:00,12,6,27,15,55,440,184,"60, WILSON (BOULEVARD DU",,,Plein jour,En agglomération,Hors intersection,Normale,Sans collision,,,,,,,,,,,1,2,1,1.0,7
201200029120,0012-06-28 13:50:00,12,6,28,13,50,440,184,LAENNEC BD,,,Plein jour,En agglomération,Hors intersection,Normale,Deux véhicules - arrière,,,,,,,,,,,1,2,1,1.0,2
201200029121,0012-07-01 11:15:00,12,7,1,11,15,440,184,BERLIOZ (AVENUE HECTOR),,,Plein jour,En agglomération,Intersection en T,Normale,Deux véhicules - côté,,,,,,,,,,,1,2,3,1.0,3
201200029122,0012-07-21 18:25:00,12,7,21,18,25,440,184,SUNDERLAND (BOULEVARD DE,,,Plein jour,En agglomération,Hors intersection,Normale,Sans collision,,,,,,,,,,,1,2,1,1.0,7
201200029123,0012-07-23 12:45:00,12,7,23,12,45,440,184,LESSEPS (AVENUE DE) DU 0,,,Plein jour,En agglomération,Intersection en X,Normale,Deux véhicules - côté,,,,,,,,,,,1,2,2,1.0,3
201200029124,0012-07-23 18:45:00,12,7,23,18,45,440,184,TR?BALE (ROUTE DE),,,Plein jour,En agglomération,Hors intersection,Normale,Deux véhicules - arrière,,,,,,,,,,,1,2,1,1.0,2
201200029125,0012-07-31 21:10:00,12,7,31,21,10,440,184,LEFERME (BOULEVARD PAUL),,,Plein jour,En agglomération,Intersection en T,Normale,Deux véhicules - côté,,,,,,,,,,,1,2,3,1.0,3
201200029126,0012-08-09 13:30:00,12,8,9,13,30,440,184,"24, BD LAENNEC",,,Plein jour,En agglomération,Hors intersection,Normale,Sans collision,,,,,,,,,,,1,2,1,1.0,7
201200029127,0012-08-21 19:50:00,12,8,21,19,50,440,184,LAENNEC (BD DU DR REN?),,,Crépuscule ou aube,En agglomération,Giratoire,Temps éblouissant,Sans collision,,,,,,,,,,,2,2,6,7.0,7
201200029128,0012-09-06 18:50:00,12,9,6,18,50,440,184,POINT DU JOUR (ROUTE DU),,,Plein jour,En agglomération,Intersection en X,Normale,Deux véhicules - côté,,,,,,,,,,,1,2,2,1.0,3
201200029129,0012-09-14 19:25:00,12,9,14,19,25,440,184,MILLAUX (CHEMIN DES),,,Plein jour,En agglomération,Intersection en X,Normale,Deux véhicules - côté,,,,,,,,,,,1,2,2,1.0,3
201200029130,0012-09-15 21:50:00,12,9,15,21,50,440,184,L?GION D'HONNEUR (BOULEV,,,Nuit avec éclairage allumé,En agglomération,Hors intersection,Normale,Sans collision,,,,,,,,,,,5,2,1,1.0,7
201200029131,0012-09-20 09:00:00,12,9,20,9,0,440,184,MERMOZ (BOULEVARD JEAN),,,Plein jour,En agglomération,Intersection en X,Normale,Autre collision,,,,,,,,,,,1,2,2,1.0,6
201200029132,0012-09-22 14:45:00,12,9,22,14,45,440,184,RN 171 (DU PONT SNCF A ?,,,Plein jour,En agglomération,Intersection en T,Normale,Deux véhicules - arrière,,,,,,,,,,,1,2,3,1.0,2
201200029133,0012-09-28 08:50:00,12,9,28,8,50,440,184,FAUR? (RUE GABRIEL),,,Plein jour,En agglomération,Intersection en X,Normale,Deux véhicules - côté,,,,,,,,,,,1,2,2,1.0,3
201200029134,0012-09-28 08:35:00,12,9,28,8,35,440,184,SUNDERLAND (BOULEVARD DE,,,Plein jour,En agglomération,Hors intersection,Normale,Autre collision,,,,,,,,,,,1,2,1,1.0,6
201200029135,0012-09-28 21:55:00,12,9,28,21,55,440,184,RENAISSANCE (BOULEVARD D,,,Nuit avec éclairage allumé,En agglomération,Intersection en X,Normale,Deux véhicules - côté,,,,,,,,,,,5,2,2,1.0,3
201200029136,0012-10-05 22:55:00,12,10,5,22,55,440,184,BERTHAUDERIE (RUE DE LA),,,Nuit avec éclairage allumé,En agglomération,Hors intersection,Normale,Deux véhicules - frontale,,,,,,,,,,,5,2,1,1.0,1
201200029137,0012-10-10 04:10:00,12,10,10,4,10,440,184,MOTTE ALLEMAND (ROUTE DE,,,Nuit avec éclairage allumé,En agglomération,Hors intersection,Pluie légère,Sans collision,,,,,,,,,,,5,2,1,2.0,7
201200029138,0012-10-12 09:05:00,12,10,12,9,5,440,184,MONVOISIN (RUE DES FRERE,,,Plein jour,En agglomération,Intersection en X,Normale,Deux véhicules - côté,,,,,,,,,,,1,2,2,1.0,3
201200029139,0012-10-14 20:55:00,12,10,14,20,55,440,184,"10, GAUTIER (RUE HENRI)",,,Nuit avec éclairage allumé,En agglomération,Hors intersection,Normale,Sans collision,,,,,,,,,,,5,2,1,1.0,7
201200029140,0012-10-15 07:06:00,12,10,15,7,6,440,184,OC?ANIS (ROND-POINT),,,Nuit avec éclairage allumé,En agglomération,Giratoire,Normale,Deux véhicules - côté,,,,,,,,,,,5,2,6,1.0,3
201200029141,0012-10-18 19:50:00,12,10,18,19,50,440,184,MUN (RUE ALBERT DE) DU 0,,,Nuit avec éclairage allumé,En agglomération,Intersection en X,Pluie légère,Deux véhicules - côté,,,,,,,,,,,5,2,2,2.0,3
201200029142,0012-10-19 12:20:00,12,10,19,12,20,440,184,BUISSON (RUE FERDINAND),,,Plein jour,En agglomération,Intersection en T,Pluie légère,Deux véhicules - côté,,,,,,,,,,,1,2,3,2.0,3
201200029143,0012-11-03 13:25:00,12,11,3,13,25,440,184,MUN (RUE ALBERT DE) DU 5,,,Plein jour,En agglomération,Intersection en X,Normale,Autre collision,,,,,,,,,,,1,2,2,1.0,6
201200029144,0012-11-05 20:50:00,12,11,5,20,50,440,184,MADIOT (RUE FRAN?OIS),,,Nuit sans éclairage public,En agglomération,Intersection en X,Pluie forte,Deux véhicules - côté,,,,,,,,,,,3,2,2,3.0,3
201200029145,0012-11-10 07:20:00,12,11,10,7,20,440,184,RD 492 DU PONT BD H?PITA,,,Crépuscule ou aube,En agglomération,Hors intersection,Pluie forte,Deux véhicules - frontale,,,,,,,,,,,2,2,1,3.0,1
201200029146,0012-11-10 17:05:00,12,11,10,17,5,440,184,QUATRE Z'HORLOGES (PLACE,,,Plein jour,En agglomération,Giratoire,Normale,Deux véhicules - arrière,,,,,,,,,,,1,2,6,1.0,2
201200029147,0012-11-14 15:10:00,12,11,14,15,10,440,184,DESCARTES (RUE REN?),,,Plein jour,En agglomération,Intersection en X,Normale,Deux véhicules - côté,,,,,,,,,,,1,2,2,1.0,3
201200029148,0012-11-12 10:10:00,12,11,12,10,10,440,184,RD 213,,,Plein jour,En agglomération,Hors intersection,Pluie légère,Autre collision,,,,,,,,,,,1,2,1,2.0,6
201200029149,0012-11-12 10:20:00,12,11,12,10,20,440,184,SUNDERLAND (BOULEVARD DE,,,Plein jour,En agglomération,Hors intersection,Normale,Sans collision,,,,,,,,,,,1,2,1,1.0,7
201200029150,0012-11-12 10:30:00,12,11,12,10,30,440,184,"41, RD 47",,,Plein jour,En agglomération,Hors intersection,Pluie légère,Autre collision,,,,,,,,,,,1,2,1,2.0,6
201200029151,0012-11-12 08:50:00,12,11,12,8,50,440,184,RD 213,,,Plein jour,En agglomération,Hors intersection,Normale,Autre collision,,,,,,,,,,,1,2,1,1.0,6
201200029152,0012-11-16 12:30:00,12,11,16,12,30,440,184,FRATERNIT? (BOULEVARD DE,,,Plein jour,En agglomération,Hors intersection,Normale,Sans collision,,,,,,,,,,,1,2,1,1.0,7
201200029153,0012-11-22 07:55:00,12,11,22,7,55,440,184,RD 392  (Thomas Edison),,,Crépuscule ou aube,En agglomération,Intersection en X,Normale,Deux véhicules - côté,,,,,,,,,,,2,2,2,1.0,3
201200029154,0012-11-22 16:15:00,12,11,22,16,15,440,184,C?TE D'AMOUR (RTE DE LA),,,Plein jour,En agglomération,Intersection en X,Normale,Deux véhicules - côté,,,,,,,,,,,1,2,2,1.0,3
201200029155,0012-11-23 11:40:00,12,11,23,11,40,440,184,RACINE (RUE JEAN),,,Plein jour,En agglomération,Intersection en X,Pluie légère,Deux véhicules - côté,,,,,,,,,,,1,2,2,2.0,3
201200029156,0012-11-23 11:40:00,12,11,23,11,40,440,184,SALENGRO (RUE ROGER) DU,,,Plein jour,En agglomération,Intersection en X,Normale,Deux véhicules - côté,,,,,,,,,,,1,2,2,1.0,3
201200029157,0012-11-25 16:25:00,12,11,25,16,25,440,184,"61, DISSIGNAC (ROUTE DE)",,,Plein jour,En agglomération,Hors intersection,Normale,Deux véhicules - frontale,,,,,,,,,,,1,2,1,1.0,1
201200029158,0012-12-02 11:45:00,12,12,2,11,45,440,184,OC?ANIS (ROND-POINT),,,Plein jour,En agglomération,Giratoire,Normale,Deux véhicules - côté,,,,,,,,,,,1,2,6,1.0,3
201200029159,0012-12-13 07:20:00,12,12,13,7,20,440,184,CORPS DE GARDE (RUE DU),,,Crépuscule ou aube,En agglomération,Intersection en T,Pluie légère,Deux véhicules - côté,,,,,,,,,,,2,2,3,2.0,3
201200029160,0012-12-17 08:25:00,12,12,17,8,25,440,184,RD 492 DU RP OC?ANIS AU,,,Plein jour,En agglomération,Hors intersection,Normale,Deux véhicules - côté,,,,,,,,,,,1,2,1,1.0,3
201200029161,0012-12-17 18:45:00,12,12,17,18,45,440,184,RD 492 DU PONT BD H?PITA,,,Nuit sans éclairage public,En agglomération,Hors intersection,Pluie légère,Deux véhicules - frontale,,,,,,,,,,,3,2,1,2.0,1
201200029162,0012-12-18 15:10:00,12,12,18,15,10,440,184,"188, C?TE D'AMOUR (RTE D",,,Plein jour,En agglomération,Hors intersection,Normale,Trois véhicules et plus - en chaîne,,,,,,,,,,,1,2,1,1.0,4
201200029163,0012-12-21 23:15:00,12,12,21,23,15,440,184,LITTR? (RUE EMILE),,,Nuit avec éclairage allumé,En agglomération,Intersection en X,Pluie légère,Deux véhicules - côté,,,,,,,,,,,5,2,2,2.0,3
201200029164,0012-12-24 14:40:00,12,12,24,14,40,440,184,MUN (RUE ALBERT DE) DU 0,,,Plein jour,En agglomération,Intersection en T,Normale,Trois véhicules et plus - collisions multiples,,,,,,,,,,,1,2,3,1.0,5
201200029165,0012-12-27 14:15:00,12,12,27,14,15,440,184,RD 492 DU RP OC?ANIS AU,,,Plein jour,En agglomération,Hors intersection,Normale,Deux véhicules - arrière,,,,,,,,,,,1,2,1,1.0,2
201200029166,0012-12-28 19:20:00,12,12,28,19,20,440,184,MONTAIGNE (RUE MICHEL DE,,,Nuit avec éclairage allumé,En agglomération,Intersection en X,Normale,Deux véhicules - côté,,,,,,,,,,,5,2,2,1.0,3
201200029167,0012-01-04 20:40:00,12,1,4,20,40,450,68,RN7,48.02275,2.74017,Nuit sans éclairage public,Hors agglomération,Hors intersection,Normale,Autre collision,,,,,,,,,,,3,1,1,1.0,6
201200029168,0012-01-10 08:00:00,12,1,10,8,0,450,68,L.JAURES/F.BOUTET/GAMBET,48.01305,2.73126,Crépuscule ou aube,En agglomération,Intersection en X,Normale,Deux véhicules - côté,,,,,,,,,,,2,2,2,1.0,3
201200029169,0012-01-10 06:31:00,12,1,10,6,31,450,4,R COULEVREUX/BT D 2060,47.98567,2.76934,Nuit avec éclairage allumé,En agglomération,Intersection en T,Brouillard / fumée,Deux véhicules - côté,,,,,,,,,,,5,2,3,5.0,3
201200029170,0012-01-11 19:05:00,12,1,11,19,5,450,4,509 R ST FIRMIN DES VIGN,47.97712,2.73712,Nuit avec éclairage allumé,En agglomération,Hors intersection,Temps couvert,Deux véhicules - arrière,,,,,,,,,,,5,2,1,8.0,2
201200029171,0012-01-11 17:35:00,12,1,11,17,35,450,338,BRETELLE D961 // 2060,47.98724,2.69493,Nuit avec éclairage allumé,Hors agglomération,Hors intersection,Normale,Sans collision,,,,,,,,,,,5,1,1,1.0,7
201200029172,0012-01-13 12:15:00,12,1,13,12,15,450,208,85 R ANDRE COQUILLET,47.98996,2.73228,Plein jour,En agglomération,Hors intersection,Normale,Deux véhicules - côté,,,,,,,,,,,1,2,1,1.0,3
201200029173,0012-01-22 05:55:00,12,1,22,5,55,450,4,R DES PONTS,47.96637,2.77036,Nuit sans éclairage public,En agglomération,Hors intersection,Pluie légère,Autre collision,,,,,,,,,,,3,2,1,2.0,6
201200029174,0012-01-27 09:10:00,12,1,27,9,10,450,338,30 R CHAINTREAU,47.98781,2.70664,Plein jour,En agglomération,Hors intersection,Normale,Deux véhicules - arrière,,,,,,,,,,,1,2,1,1.0,2
201200029175,0012-02-09 21:18:00,12,2,9,21,18,450,68,32 R FORET,48.01562,2.73627,Nuit avec éclairage allumé,En agglomération,Hors intersection,Normale,Deux véhicules - côté,,,,,,,,,,,5,2,1,1.0,3
201200029176,0012-02-15 19:20:00,12,2,15,19,20,450,208,31 PLACE 18 JUIN 1940,48.00007,2.73143,Nuit avec éclairage allumé,En agglomération,Hors intersection,Normale,Autre collision,,,,,,,,,,,5,2,1,1.0,6
201200029177,0012-02-19 17:30:00,12,2,19,17,30,450,208,60 R J.F KENNEDY,48.00088,2.7216,Plein jour,En agglomération,Hors intersection,Normale,Autre collision,,,,,,,,,,,1,2,1,1.0,6
201200029178,0012-02-19 17:50:00,12,2,19,17,50,450,68,R VILLEMANDEUR/H.BERLIOZ,48.00433,2.71146,Plein jour,En agglomération,Intersection en T,Normale,Deux véhicules - côté,,,,,,,,,,,1,2,3,1.0,3
201200029179,0012-02-21 19:45:00,12,2,21,19,45,450,208,R D.L.TASSIGNY/PONTONNER,48.00135,2.72431,Nuit avec éclairage allumé,En agglomération,Intersection en X,Normale,Deux véhicules - côté,,,,,,,,,,,5,2,2,1.0,3
201200029180,0012-01-19 16:28:00,12,1,19,16,28,450,68,47 AV GL LECLERC,48.00961,2.74031,Plein jour,En agglomération,Hors intersection,Normale,Deux véhicules - arrière,,,,,,,,,,,1,2,1,1.0,2
201200029181,0012-03-13 17:25:00,12,3,13,17,25,450,338,61 R LISLEDON,47.9817,2.69066,Plein jour,En agglomération,Hors intersection,Normale,Autre collision,,,,,,,,,,,1,2,1,1.0,6
201200029182,0012-03-20 11:26:00,12,3,20,11,26,450,208,R DU CHATEAU,47.99787,2.72897,Plein jour,En agglomération,Hors intersection,Normale,Autre collision,,,,,,,,,,,1,2,1,1.0,6
201200029183,0012-03-13 19:52:00,12,3,13,19,52,450,4,R DU CHESNOY,47.96977,2.73473,Nuit avec éclairage allumé,En agglomération,Hors intersection,Normale,Autre collision,,,,,,,,,,,5,2,1,1.0,6
201200029184,0012-03-23 21:35:00,12,3,23,21,35,450,68,26 R PONTONNERIE,48.00227,2.71775,Nuit avec éclairage allumé,En agglomération,Hors intersection,Normale,Deux véhicules - arrière,,,,,,,,,,,5,2,1,1.0,2
201200029185,0012-03-28 08:29:00,12,3,28,8,29,450,4,158 R DES BOURGOINS,47.99419,2.77024,Plein jour,En agglomération,Hors intersection,Temps éblouissant,Deux véhicules - côté,,,,,,,,,,,1,2,1,7.0,3
201200029186,0012-03-28 13:52:00,12,3,28,13,52,450,208,79 R ANDRE COQUILLET,47.99032,2.73225,Plein jour,En agglomération,Hors intersection,Normale,Deux véhicules - arrière,,,,,,,,,,,1,2,1,1.0,2
201200029187,0012-03-28 15:50:00,12,3,28,15,50,450,4,447 R COOPERATIVE,47.97176,2.75214,Plein jour,En agglomération,Hors intersection,Normale,Trois véhicules et plus - en chaîne,,,,,,,,,,,1,2,1,1.0,4
201200029188,0012-03-29 07:45:00,12,3,29,7,45,450,338,7 Bis R FRERES LUMIERE,47.97386,2.71907,Plein jour,En agglomération,Hors intersection,Normale,Deux véhicules - arrière,,,,,,,,,,,1,2,1,1.0,2
201200029189,0012-03-29 20:00:00,12,3,29,20,0,450,208,61 R DU CHATEAU,47.99651,2.72749,Crépuscule ou aube,En agglomération,Hors intersection,Normale,Deux véhicules - frontale,,,,,,,,,,,2,2,1,1.0,1
201200029190,0012-04-01 04:45:00,12,4,1,4,45,450,4,RTE PAUCOURT,48.00457,2.77008,Nuit sans éclairage public,En agglomération,Hors intersection,Normale,Autre collision,,,,,,,,,,,3,2,1,1.0,6
201200029191,0012-04-01 12:10:00,12,4,1,12,10,450,208,18 R ADOLPHE COCHERY,48.00223,2.73808,Plein jour,En agglomération,Hors intersection,Normale,Deux véhicules - côté,,,,,,,,,,,1,2,1,1.0,3
201200029192,0012-04-10 14:55:00,12,4,10,14,55,450,4,1805 DOCTEUR SCHWEITZER,48.00177,2.77485,Plein jour,En agglomération,Hors intersection,Normale,Deux véhicules - côté,,,,,,,,,,,1,2,1,1.0,3
201200029193,0012-04-11 08:30:00,12,4,11,8,30,450,4,355 R GROS MOULIN,47.96745,2.77514,Plein jour,En agglomération,Hors intersection,Normale,Deux véhicules - côté,,,,,,,,,,,1,2,1,1.0,3
201200029194,0012-04-11 15:30:00,12,4,11,15,30,450,208,R EUROPE/BT D2007,47.99671,2.73997,Plein jour,En agglomération,Intersection en Y,Pluie légère,Deux véhicules - arrière,,,,,,,,,,,1,2,4,2.0,2
201200029195,0012-04-13 12:30:00,12,4,13,12,30,450,68,18 AV GL LECLERC,48.01485,2.73883,Plein jour,En agglomération,Hors intersection,Normale,Autre collision,,,,,,,,,,,1,2,1,1.0,6
201200029196,0012-04-15 06:13:00,12,4,15,6,13,450,68,27 AV GL LECLERC,48.00851,2.74048,Nuit avec éclairage allumé,En agglomération,Hors intersection,Normale,Autre collision,,,,,,,,,,,5,2,1,1.0,6
201200029197,0012-04-16 07:50:00,12,4,16,7,50,450,338,4 AV HENRI BARBUSSE,47.99084,2.71195,Plein jour,En agglomération,Hors intersection,Normale,Deux véhicules - côté,,,,,,,,,,,1,2,1,1.0,3
201200029198,0012-04-16 08:00:00,12,4,16,8,0,450,68,R R.SALENGRO/DANTON/G.NO,48.01948,2.71522,Plein jour,En agglomération,Intersection en X,Normale,Deux véhicules - côté,,,,,,,,,,,1,2,2,1.0,3
201200029199,0012-04-22 19:39:00,12,4,22,19,39,450,68,R G.JAILLON/ARAGO,48.01866,2.71108,Plein jour,En agglomération,Intersection en X,Normale,Deux véhicules - côté,,,,,,,,,,,1,2,2,1.0,3
201200029200,0012-04-20 12:07:00,12,4,20,12,7,450,4,540 R.ST FIRMIN DES VIGN,47.97708,2.73712,Plein jour,En agglomération,Hors intersection,Normale,Deux véhicules - côté,,,,,,,,,,,1,2,1,1.0,3
201200029201,0012-06-05 21:50:00,12,6,5,21,50,450,68,10 R ST JUST,48.00309,2.71712,Nuit avec éclairage allumé,En agglomération,Hors intersection,Pluie légère,Autre collision,,,,,,,,,,,5,2,1,2.0,6
201200029202,0012-06-21 16:53:00,12,6,21,16,53,450,208,49 R ADOLPHE COCHERY,48.00302,2.74059,Plein jour,En agglomération,Hors intersection,Normale,Deux véhicules - côté,,,,,,,,,,,1,2,1,1.0,3
201200029203,0012-12-29 03:00:00,12,12,29,3,0,450,338,28 R CASTORS/PERVENCHES,47.99933,2.70952,Nuit avec éclairage allumé,En agglomération,Intersection en Y,Normale,Autre collision,,,,,,,,,,,5,2,4,1.0,6
201200029204,0012-06-16 12:20:00,12,6,16,12,20,450,4,D2007/BT DEPUIS D2060,47.98372,2.74255,Plein jour,Hors agglomération,Intersection en Y,Pluie légère,Deux véhicules - côté,,,,,,,,,,,1,1,4,2.0,3
201200029205,0012-06-29 18:05:00,12,6,29,18,5,450,4,BRETELLE D2007//D2060,47.98415,2.74132,Plein jour,Hors agglomération,Hors intersection,Temps couvert,Autre collision,,,,,,,,,,,1,1,1,8.0,6
201200029206,0012-07-08 16:30:00,12,7,8,16,30,450,338,154 R VIEUX BOURG,47.97508,2.71445,Plein jour,En agglomération,Giratoire,Temps couvert,Autre collision,,,,,,,,,,,1,2,6,8.0,6
201200029207,0012-05-25 15:50:00,12,5,25,15,50,450,68,R ROGER SALENGRO/G.NOURY,48.01948,2.71522,Plein jour,En agglomération,Intersection en X,Normale,Deux véhicules - côté,,,,,,,,,,,1,2,2,1.0,3
201200029208,0012-08-14 05:28:00,12,8,14,5,28,450,4,RD 2060,47.98504,2.76317,Nuit sans éclairage public,Hors agglomération,Hors intersection,Normale,Autre collision,,,,,,,,,,,3,1,1,1.0,6
201200029209,0012-08-14 11:55:00,12,8,14,11,55,450,4,R COULEVREUX/BT 2060,47.98566,2.76937,Plein jour,En agglomération,Intersection en T,Normale,Trois véhicules et plus - collisions multiples,,,,,,,,,,,1,2,3,1.0,5
201200029210,0012-09-07 00:29:00,12,9,7,0,29,450,4,D2060,48.00371,2.79199,Nuit sans éclairage public,Hors agglomération,Hors intersection,Normale,Autre collision,,,,,,,,,,,3,1,1,1.0,6
201200029211,0012-09-08 18:04:00,12,9,8,18,4,450,4,540 RTE ST FIRMIN DES VI,47.97713,2.73725,Plein jour,En agglomération,Hors intersection,Normale,Deux véhicules - côté,,,,,,,,,,,1,2,1,1.0,3
201200029212,0012-09-27 13:25:00,12,9,27,13,25,450,68,AV GL LECLERC/R FONDERIE,48.01614,2.73856,Plein jour,En agglomération,Intersection en T,Pluie légère,Deux véhicules - côté,,,,,,,,,,,1,2,3,2.0,3
201200029213,0012-10-05 10:35:00,12,10,5,10,35,450,4,GIRATOIRE R EUROPE,47.97817,2.72903,Plein jour,En agglomération,Giratoire,Normale,Deux véhicules - côté,,,,,,,,,,,1,2,6,1.0,3
201200029214,0012-10-09 16:45:00,12,10,9,16,45,450,208,AV LIBERATION/R VIMORY,47.99409,2.72516,Plein jour,En agglomération,Intersection en T,Pluie forte,Deux véhicules - arrière,,,,,,,,,,,1,2,3,3.0,2
201200029215,0012-11-16 20:10:00,12,11,16,20,10,450,68,30 AV GL LECLERC,48.01638,2.73854,Nuit avec éclairage allumé,En agglomération,Hors intersection,Brouillard / fumée,Deux véhicules - côté,,,,,,,,,,,5,2,1,5.0,3
201200029216,0012-10-30 16:05:00,12,10,30,16,5,450,4,R EUGENE LACROIX // CAT,47.9813,2.79797,Plein jour,En agglomération,Hors intersection,Normale,Deux véhicules - côté,,,,,,,,,,,1,2,1,1.0,3
201200029217,0012-11-08 15:15:00,12,11,8,15,15,450,4,628 R GROS MOULIN,47.96572,2.77768,Plein jour,En agglomération,Hors intersection,Normale,Autre collision,,,,,,,,,,,1,2,1,1.0,6
201200029218,0012-11-10 18:30:00,12,11,10,18,30,450,68,R F.BOUTET // PHARMACIE,48.01313,2.73044,Nuit avec éclairage allumé,En agglomération,Hors intersection,Pluie légère,Autre collision,,,,,,,,,,,5,2,1,2.0,6
201200029219,0012-11-13 17:53:00,12,11,13,17,53,450,68,13 R VICTOR HUGO,48.0144,2.73748,Nuit avec éclairage allumé,En agglomération,Hors intersection,Normale,Autre collision,,,,,,,,,,,5,2,1,1.0,6