accident_id,datetime,annee,mois,jour,heure,minute,departement,commune_insee,adresse,latitude,longitude,luminosite,agglomeration,intersection,meteo,collision,nb_vehicules,nb_usagers,nb_indemnes,nb_tues,nb_blesses_hosp,nb_blesses_legers,age_cond_1,age_cond_2,veh_type_cond_1,veh_type_cond_2,lum_code,agg_code,int_code,atm_code,col_code
201200029589,0012-05-22 20:13:00,12,5,22,20,13,490,7,ESTIENNE D'ORVES BOULEVA,47.45567,-0.53002,Plein jour,En agglomération,Intersection en X,Normale,Deux véhicules - côté,,,,,,,,,,,1,2,2,1.0,3
201200029590,0012-05-22 16:30:00,12,5,22,16,30,490,7,"31, CHURCHILL AVENUE ET",47.4473,-0.5614,Plein jour,En agglomération,Hors intersection,Normale,Autre collision,,,,,,,,,,,1,2,1,1.0,6
201200029591,0012-05-23 17:02:00,12,5,23,17,2,490,7,"17, LEKEU",47.47151,-0.52305,Plein jour,En agglomération,Hors intersection,Normale,Deux véhicules - côté,,,,,,,,,,,1,2,1,1.0,3
201200029592,0012-05-23 12:30:00,12,5,23,12,30,490,7,"4, DESJARDIN",47.46893,-0.54579,Plein jour,En agglomération,Hors intersection,Normale,Deux véhicules - arrière,,,,,,,,,,,1,2,1,1.0,2
201200029593,0012-05-26 19:20:00,12,5,26,19,20,490,267,6 rue de la REUX,47.47076,-0.50461,Plein jour,En agglomération,Hors intersection,Normale,Sans collision,,,,,,,,,,,1,2,1,1.0,7
201200029594,0012-05-25 22:44:00,12,5,25,22,44,490,7,"25, BARRA  RUE",47.48315,-0.56394,Nuit avec éclairage allumé,En agglomération,Hors intersection,Normale,Sans collision,,,,,,,,,,,5,2,1,1.0,7
201200029595,0012-05-25 20:56:00,12,5,25,20,56,490,353,Rue RECLUS,47.45157,-0.50538,Plein jour,En agglomération,Intersection en X,Normale,Deux véhicules - côté,,,,,,,,,,,1,2,2,1.0,3
201200029596,0012-05-27 13:45:00,12,5,27,13,45,490,7,Bd ALLONNEAU(AUGUSTE),47.48335,-0.5268,Plein jour,En agglomération,Intersection en X,Normale,Deux véhicules - côté,,,,,,,,,,,1,2,2,1.0,3
201200029597,0012-05-28 15:28:00,12,5,28,15,28,490,7,JUSSIEU,47.47616,-0.5451,Plein jour,En agglomération,Intersection en X,Normale,Deux véhicules - côté,,,,,,,,,,,1,2,2,1.0,3
201200029598,0012-05-27 16:05:00,12,5,27,16,5,490,7,BEDIER BOULEVARD,47.45052,-0.55278,Plein jour,En agglomération,Intersection en X,Normale,Deux véhicules - côté,,,,,,,,,,,1,2,2,1.0,3
201200029599,0012-05-29 08:46:00,12,5,29,8,46,490,7,"0, SAINT LAZARE",47.48047,-0.56631,Plein jour,En agglomération,Hors intersection,Normale,Autre collision,,,,,,,,,,,1,2,1,1.0,6
201200029600,0012-05-29 17:52:00,12,5,29,17,52,490,7,"28, BEJONNIERE",47.45266,-0.56232,Plein jour,En agglomération,Hors intersection,Normale,Autre collision,,,,,,,,,,,1,2,1,1.0,6
201200029601,0012-05-30 19:56:00,12,5,30,19,56,490,7,"55, MADELEINE",47.46264,-0.54052,Plein jour,En agglomération,Hors intersection,Normale,Sans collision,,,,,,,,,,,1,2,1,1.0,7
201200029602,0012-05-31 12:22:00,12,5,31,12,22,490,15,"0, PERRIERE LIEU DIT LA",47.50881,-0.57949,Plein jour,En agglomération,Hors intersection,Normale,Deux véhicules - côté,,,,,,,,,,,1,2,1,1.0,3
201200029603,0012-05-31 12:50:00,12,5,31,12,50,490,7,"0, BOREAU",47.47669,-0.5446,Plein jour,En agglomération,Intersection en T,Normale,Deux véhicules - arrière,,,,,,,,,,,1,2,3,1.0,2
201200029604,0012-06-02 09:49:00,12,6,2,9,49,490,7,"94, TILLON",47.47817,-0.56327,Plein jour,En agglomération,Hors intersection,Normale,Autre collision,,,,,,,,,,,1,2,1,1.0,6
201200029605,0012-06-03 13:38:00,12,6,3,13,38,490,7,Bd ALLONNEAU(AUGUSTE),47.48331,-0.52675,Plein jour,En agglomération,Intersection en X,Normale,Deux véhicules - frontale,,,,,,,,,,,1,2,2,1.0,1
201200029606,0012-06-04 02:49:00,12,6,4,2,49,490,7,"0, VOIE DES BERGES",47.47076,-0.56086,Nuit avec éclairage allumé,En agglomération,Hors intersection,Normale,Autre collision,,,,,,,,,,,5,2,1,1.0,6
201200029607,0012-06-04 17:30:00,12,6,4,17,30,490,7,COUBERTIN BOULEVARD,47.46394,-0.53179,Plein jour,En agglomération,Hors intersection,Normale,Deux véhicules - côté,,,,,,,,,,,1,2,1,1.0,3
201200029608,0012-06-04 13:41:00,12,6,4,13,41,490,7,TANNERIE,47.47302,-0.56489,Plein jour,En agglomération,Hors intersection,Normale,Autre collision,,,,,,,,,,,1,2,1,1.0,6
201200029609,0012-06-05 09:49:00,12,6,5,9,49,490,7,"40, PYRAMIDE ROUTE",47.45258,-0.52405,Plein jour,En agglomération,Intersection en X,Normale,Deux véhicules - arrière,,,,,,,,,,,1,2,2,1.0,2
201200029610,0012-06-05 11:29:00,12,6,5,11,29,490,7,RAMON BOULEVARD,47.48736,-0.5407,Plein jour,En agglomération,Hors intersection,Normale,Deux véhicules - arrière,,,,,,,,,,,1,2,1,1.0,2
201200029611,0012-06-06 15:24:00,12,6,6,15,24,490,7,"79, PATTON AVENUE",47.47352,-0.58641,Plein jour,En agglomération,Hors intersection,Normale,Deux véhicules - arrière,,,,,,,,,,,1,2,1,1.0,2
201200029612,0012-06-06 17:41:00,12,6,6,17,41,490,7,"0, LEKEU",47.47156,-0.52198,Plein jour,Hors agglomération,Hors intersection,Normale,Deux véhicules - arrière,,,,,,,,,,,1,1,1,1.0,2
201200029613,0012-06-07 07:51:00,12,6,7,7,51,490,7,ROMANERIE BOULEVARD,47.48599,-0.51318,Plein jour,En agglomération,Hors intersection,Normale,Sans collision,,,,,,,,,,,1,2,1,1.0,7
201200029614,0012-06-08 13:22:00,12,6,8,13,22,490,7,"0, BRISSAC",47.4619,-0.54845,Plein jour,En agglomération,Hors intersection,Normale,Autre collision,,,,,,,,,,,1,2,1,1.0,6
201200029615,0012-06-08 18:50:00,12,6,8,18,50,490,7,CARNOT,47.47487,-0.54773,Plein jour,En agglomération,Hors intersection,Normale,Deux véhicules - arrière,,,,,,,,,,,1,2,1,1.0,2
201200029616,0012-06-09 15:00:00,12,6,9,15,0,490,246,"60, rue PASTEUR",47.41518,-0.52317,Plein jour,En agglomération,Hors intersection,Normale,Autre collision,,,,,,,,,,,1,2,1,1.0,6
201200029617,0012-06-09 17:05:00,12,6,9,17,5,490,7,"137, Rue de LETANDUERE",47.4549,-0.55361,Plein jour,En agglomération,Hors intersection,Normale,Sans collision,,,,,,,,,,,1,2,1,1.0,7
201200029618,0012-06-10 16:31:00,12,6,10,16,31,490,15,"0, MEIGNANNE ROUTE DE LA",47.49957,-0.62118,Plein jour,En agglomération,Giratoire,Normale,Trois véhicules et plus - en chaîne,,,,,,,,,,,1,2,6,1.0,4
201200029619,0012-06-11 15:28:00,12,6,11,15,28,490,7,"0, ALLONNEAU(AUGUSTE) BO",47.48053,-0.52756,Plein jour,En agglomération,Hors intersection,Normale,Autre collision,,,,,,,,,,,1,2,1,1.0,6
201200029620,0012-06-12 08:58:00,12,6,12,8,58,490,7,SAINT LEONARD,47.46157,-0.53201,Plein jour,En agglomération,Hors intersection,Normale,Deux véhicules - arrière,,,,,,,,,,,1,2,1,1.0,2
201200029621,0012-06-16 06:40:00,12,6,16,6,40,490,7,Rue des PETITES MUSSES,47.45286,-0.57315,Plein jour,En agglomération,Hors intersection,Normale,Deux véhicules - frontale,,,,,,,,,,,1,2,1,1.0,1
201200029622,0012-06-18 13:25:00,12,6,18,13,25,490,267,"0, HELENE BOUCHER",47.48663,-0.48313,Plein jour,En agglomération,Intersection en T,Normale,Sans collision,,,,,,,,,,,1,2,3,1.0,7
201200029623,0012-06-19 09:00:00,12,6,19,9,0,490,7,CLEMENCEAU BOULEVARD,47.47642,-0.56651,Plein jour,En agglomération,Intersection en X,Normale,Deux véhicules - côté,,,,,,,,,,,1,2,2,1.0,3
201200029624,0012-06-15 09:50:00,12,6,15,9,50,490,7,"0, BRESSIGNY",47.46734,-0.54992,Plein jour,En agglomération,Hors intersection,Normale,Autre collision,,,,,,,,,,,1,2,1,1.0,6
201200029625,0012-06-21 08:12:00,12,6,21,8,12,490,246,Rue DAVID D'ANGERS,47.44274,-0.53505,Plein jour,En agglomération,Intersection en X,Normale,Deux véhicules - côté,,,,,,,,,,,1,2,2,1.0,3
201200029626,0012-06-25 12:24:00,12,6,25,12,24,490,7,"186, Rue SAUMUROISE",47.45361,-0.52672,Plein jour,En agglomération,Hors intersection,Normale,Deux véhicules - arrière,,,,,,,,,,,1,2,1,1.0,2
201200029627,0012-06-25 08:37:00,12,6,25,8,37,490,7,VAUBAN AVENUE,47.45943,-0.56026,Plein jour,En agglomération,Intersection en X,Pluie légère,Deux véhicules - frontale,,,,,,,,,,,1,2,2,2.0,1
201200029628,0012-06-27 16:10:00,12,6,27,16,10,490,7,Avenue PASTEUR,47.47546,-0.53487,Plein jour,En agglomération,Intersection en T,Normale,Deux véhicules - arrière,,,,,,,,,,,1,2,3,1.0,2
201200029629,0012-06-26 18:42:00,12,6,26,18,42,490,15,MENDES FRANCE AVENUE PIE,47.50265,-0.58559,Plein jour,En agglomération,Hors intersection,Normale,Sans collision,,,,,,,,,,,1,2,1,1.0,7
201200029630,0012-06-28 09:10:00,12,6,28,9,10,490,7,"0, JEAN XXIII AVENUE",47.44808,-0.56331,Plein jour,En agglomération,Hors intersection,Normale,Autre collision,,,,,,,,,,,1,2,1,1.0,6
201200029631,0012-06-29 21:05:00,12,6,29,21,5,490,7,"52, Bd ROI RENE",47.4672,-0.55512,Plein jour,En agglomération,Hors intersection,Normale,Deux véhicules - arrière,,,,,,,,,,,1,2,1,1.0,2
201200029632,0012-07-04 13:25:00,12,7,4,13,25,490,7,"194, PYRAMIDE ROUTE",47.44964,-0.51552,Plein jour,En agglomération,Hors intersection,Normale,Deux véhicules - arrière,,,,,,,,,,,1,2,1,1.0,2
201200029633,0012-07-05 12:51:00,12,7,5,12,51,490,7,BARRA PASSAGE ET RUE,47.48385,-0.5638,Plein jour,En agglomération,Hors intersection,Normale,Deux véhicules - arrière,,,,,,,,,,,1,2,1,1.0,2
201200029634,0012-07-05 17:46:00,12,7,5,17,46,490,246,"19, HUGO VICTOR RUE",47.43205,-0.52882,Plein jour,En agglomération,Intersection en T,Normale,Deux véhicules - côté,,,,,,,,,,,1,2,3,1.0,3
201200029635,0012-07-05 16:00:00,12,7,5,16,0,490,267,"0, Route d'ANGERS",47.46876,-0.50771,Plein jour,En agglomération,Giratoire,Normale,Autre collision,,,,,,,,,,,1,2,6,1.0,6
201200029636,0012-07-06 08:05:00,12,7,6,8,5,490,353,"0, MALEMBARDIERES",47.45074,-0.47261,Plein jour,En agglomération,Giratoire,Normale,Sans collision,,,,,,,,,,,1,2,6,1.0,7
201200029637,0012-07-06 18:22:00,12,7,6,18,22,490,7,"24, BARRA PASSAGE ET RUE",47.48268,-0.56394,Plein jour,En agglomération,Hors intersection,Normale,Deux véhicules - arrière,,,,,,,,,,,1,2,1,1.0,2
201200029638,0012-07-09 10:18:00,12,7,9,10,18,490,7,"5, ARNAULD ( HENRI) BOUL",47.47397,-0.56091,Plein jour,Hors agglomération,Hors intersection,Normale,Autre collision,,,,,,,,,,,1,1,1,1.0,6
201200029639,0012-07-09 07:28:00,12,7,9,7,28,490,7,"96, CAMUS BOULEVARD",47.47939,-0.57621,Plein jour,En agglomération,Hors intersection,Normale,Autre collision,,,,,,,,,,,1,2,1,1.0,6
201200029640,0012-07-10 21:47:00,12,7,10,21,47,490,7,"0, VOIE DES BERGES",47.48208,-0.54996,Plein jour,Hors agglomération,Hors intersection,Normale,Autre collision,,,,,,,,,,,1,1,1,1.0,6
201200029641,0012-07-11 10:15:00,12,7,11,10,15,490,15,"04, PASTEUR RUE",47.50207,-0.58831,Plein jour,En agglomération,Hors intersection,Normale,Sans collision,,,,,,,,,,,1,2,1,1.0,7
201200029642,0012-07-12 14:19:00,12,7,12,14,19,490,7,"01, BOISNET RUE",47.47508,-0.54984,Plein jour,En agglomération,Intersection en X,Normale,Deux véhicules - côté,,,,,,,,,,,1,2,2,1.0,3
201200029643,0012-06-30 11:00:00,12,6,30,11,0,490,7,"18, Rue de CROIX BLANCHE",47.47896,-0.51909,Plein jour,En agglomération,Hors intersection,Pluie légère,Deux véhicules - frontale,,,,,,,,,,,1,2,1,2.0,1
201200029644,0012-07-15 19:20:00,12,7,15,19,20,490,7,"0, PORT DE L'ANCRE",47.4757,-0.55236,Plein jour,En agglomération,Hors intersection,Normale,Deux véhicules - arrière,,,,,,,,,,,1,2,1,1.0,2
201200029645,0012-07-11 13:30:00,12,7,11,13,30,490,267,"0, PELLERINIERE",47.46033,-0.48745,Plein jour,Hors agglomération,Hors intersection,Normale,Autre collision,,,,,,,,,,,1,1,1,1.0,6
201200029646,0012-07-15 13:30:00,12,7,15,13,30,490,7,"20, PASTEUR AVENUE",47.47211,-0.54132,Plein jour,En agglomération,Hors intersection,Normale,Sans collision,,,,,,,,,,,1,2,1,1.0,7
201200029647,0012-07-16 18:38:00,12,7,16,18,38,490,7,"35, MARIANNE BOULEVARD",47.45152,-0.52644,Plein jour,En agglomération,Hors intersection,Normale,Sans collision,,,,,,,,,,,1,2,1,1.0,7
201200029648,0012-07-19 07:20:00,12,7,19,7,20,490,353,"25, JEAN JAURES RUE",47.44079,-0.4898,Plein jour,En agglomération,Intersection en T,Normale,Deux véhicules - côté,,,,,,,,,,,1,2,3,1.0,3
201200029649,0012-07-19 17:15:00,12,7,19,17,15,490,267,A87N,47.47168,-0.50958,Plein jour,Hors agglomération,Hors intersection,Normale,Deux véhicules - arrière,,,,,,,,,,,1,1,1,1.0,2
201200029650,0012-07-21 04:50:00,12,7,21,4,50,490,267,A87N,47.474,-0.50594,Nuit avec éclairage non allumé,Hors agglomération,Hors intersection,Normale,Sans collision,,,,,,,,,,,4,1,1,1.0,7
201200029651,0012-07-20 18:42:00,12,7,20,18,42,490,7,FOY AVENUE,47.47824,-0.52963,Plein jour,En agglomération,Intersection en T,Normale,Autre collision,,,,,,,,,,,1,2,3,1.0,6
201200029652,0012-07-23 23:25:00,12,7,23,23,25,490,7,LARREY,47.47928,-0.55559,Nuit avec éclairage allumé,En agglomération,Intersection en X,Normale,Deux véhicules - côté,,,,,,,,,,,5,2,2,1.0,3
201200029653,0012-07-26 13:35:00,12,7,26,13,35,490,7,"61, CHALOUERE",47.48025,-0.53938,Plein jour,En agglomération,Intersection en X,Normale,Deux véhicules - frontale,,,,,,,,,,,1,2,2,1.0,1
201200029654,0012-07-27 20:58:00,12,7,27,20,58,490,7,PLACE MENDES FRANCE,47.47296,-0.5457,Crépuscule ou aube,En agglomération,Hors intersection,Pluie légère,Deux véhicules - arrière,,,,,,,,,,,2,2,1,2.0,2
201200029655,0012-07-28 16:58:00,12,7,28,16,58,490,7,"0, ESTIENNE D'ORVES BOUL",47.45719,-0.52747,Plein jour,En agglomération,Hors intersection,Normale,Sans collision,,,,,,,,,,,1,2,1,1.0,7
201200029656,0012-07-29 02:27:00,12,7,29,2,27,490,7,"17, PAJOTIN",47.46348,-0.52953,Nuit avec éclairage allumé,En agglomération,Hors intersection,Normale,Autre collision,,,,,,,,,,,5,2,1,1.0,6
201200029657,0012-07-28 22:50:00,12,7,28,22,50,490,15,"04, MESNARD AVENUE DU CO",47.48469,-0.58476,Crépuscule ou aube,En agglomération,Hors intersection,Normale,Sans collision,,,,,,,,,,,2,2,1,1.0,7
201200029658,0012-07-30 08:02:00,12,7,30,8,2,490,7,"12, JOXE AVENUE",47.48185,-0.54347,Plein jour,En agglomération,Intersection en X,Pluie légère,Deux véhicules - côté,,,,,,,,,,,1,2,2,2.0,3
201200029659,0012-07-31 12:26:00,12,7,31,12,26,490,246,MOULIN MARCILLE CHEMIN,47.43728,-0.50712,Plein jour,En agglomération,Hors intersection,Pluie légère,Sans collision,,,,,,,,,,,1,2,1,2.0,7
201200029660,0012-07-30 17:50:00,12,7,30,17,50,490,7,"0, PETITES MUSSES",47.45348,-0.5724,Plein jour,En agglomération,Hors intersection,Pluie légère,Sans collision,,,,,,,,,,,1,2,1,2.0,7
201200029661,0012-07-30 17:54:00,12,7,30,17,54,490,7,"26, DOYENNE BOULEVARD ET",47.4907,-0.53209,Plein jour,En agglomération,Intersection en T,Normale,Deux véhicules - côté,,,,,,,,,,,1,2,3,1.0,3
201200029662,0012-08-02 18:05:00,12,8,2,18,5,490,7,PRUNIERS,47.47045,-0.58827,Plein jour,En agglomération,Giratoire,Normale,Sans collision,,,,,,,,,,,1,2,6,1.0,7
201200029663,0012-08-02 16:20:00,12,8,2,16,20,490,7,"133, VOLNEY",47.46143,-0.54036,Plein jour,En agglomération,Hors intersection,Normale,Autre collision,,,,,,,,,,,1,2,1,1.0,6
201200029664,0012-08-03 17:08:00,12,8,3,17,8,490,15,SALETTE CHEMIN DE LA,47.51121,-0.58841,Plein jour,En agglomération,Intersection en T,Normale,Deux véhicules - côté,,,,,,,,,,,1,2,3,1.0,3
201200029665,0012-08-03 13:38:00,12,8,3,13,38,490,15,"176, MENDES FRANCE AVENU",47.50759,-0.59038,Plein jour,En agglomération,Hors intersection,Normale,Sans collision,,,,,,,,,,,1,2,1,1.0,7
201200029666,0012-08-09 18:30:00,12,8,9,18,30,490,7,ASSAS (rue d' ),47.46039,-0.54105,Plein jour,En agglomération,Hors intersection,Normale,Sans collision,,,,,,,,,,,1,2,1,1.0,7
201200029667,0012-08-09 22:54:00,12,8,9,22,54,490,7,VISITATION PLACE,47.46669,-0.5574,Nuit avec éclairage allumé,En agglomération,Giratoire,Normale,Deux véhicules - frontale,,,,,,,,,,,5,2,6,1.0,1
201200029668,0012-08-10 11:55:00,12,8,10,11,55,490,7,Bd Général de GAULLE,47.46971,-0.56154,Plein jour,En agglomération,Hors intersection,Normale,Trois véhicules et plus - en chaîne,,,,,,,,,,,1,2,1,1.0,4
201200029669,0012-08-11 15:09:00,12,8,11,15,9,490,7,Bd ARBRISSEL,47.44504,-0.56103,Plein jour,En agglomération,Hors intersection,Normale,Sans collision,,,,,,,,,,,1,2,1,1.0,7
201200029670,0012-08-12 11:52:00,12,8,12,11,52,490,7,"10, AYRAULT",47.477,-0.55275,Plein jour,En agglomération,Hors intersection,Normale,Sans collision,,,,,,,,,,,1,2,1,1.0,7
201200029671,0012-08-13 14:52:00,12,8,13,14,52,490,7,1 RUE GAUTIER,47.46354,-0.56393,Plein jour,En agglomération,Intersection en X,Normale,Deux véhicules - côté,,,,,,,,,,,1,2,2,1.0,3
201200029672,0012-08-14 08:57:00,12,8,14,8,57,490,7,"12, Bd des 2 CROIX",47.47693,-0.52826,Plein jour,En agglomération,Hors intersection,Normale,Sans collision,,,,,,,,,,,1,2,1,1.0,7
201200029673,0012-08-15 16:32:00,12,8,15,16,32,490,15,"0, MENDES FRANCE AVENUE",47.5026,-0.5856,Plein jour,En agglomération,Hors intersection,Normale,Sans collision,,,,,,,,,,,1,2,1,1.0,7
201200029674,0012-08-15 10:10:00,12,8,15,10,10,490,246,A87N,47.43622,-0.50964,Plein jour,Hors agglomération,Hors intersection,Pluie forte,Deux véhicules - côté,,,,,,,,,,,1,1,1,3.0,3
201200029675,0012-08-17 17:50:00,12,8,17,17,50,490,7,"5, CONTADES",47.46386,-0.55386,Plein jour,En agglomération,Hors intersection,Normale,Autre collision,,,,,,,,,,,1,2,1,1.0,6
201200029676,0012-08-19 21:40:00,12,8,19,21,40,490,15,"25, ROSES RUE DES",47.4982,-0.58595,Crépuscule ou aube,En agglomération,Intersection en X,Normale,Deux véhicules - côté,,,,,,,,,,,2,2,2,1.0,3
201200029677,0012-08-21 12:55:00,12,8,21,12,55,490,7,Rue GRILLE,47.4744,-0.56145,Plein jour,En agglomération,Intersection en X,Normale,Deux véhicules - frontale,,,,,,,,,,,1,2,2,1.0,1
201200029678,0012-08-23 18:45:00,12,8,23,18,45,490,7,ARAGO BOULEVARD,47.47852,-0.5562,Plein jour,En agglomération,Intersection en X,Normale,Deux véhicules - côté,,,,,,,,,,,1,2,2,1.0,3
201200029679,0012-08-23 11:37:00,12,8,23,11,37,490,7,BRESSIGNY,47.46636,-0.54771,Plein jour,En agglomération,Intersection en X,Normale,Deux véhicules - côté,,,,,,,,,,,1,2,2,1.0,3
201200029680,0012-08-22 21:46:00,12,8,22,21,46,490,7,"54, ARAGON AVENUE",47.47046,-0.56911,Nuit avec éclairage allumé,En agglomération,Hors intersection,Normale,Deux véhicules - arrière,,,,,,,,,,,5,2,1,1.0,2
201200029681,0012-08-25 12:55:00,12,8,25,12,55,490,267,A87N,47.47765,-0.50166,Plein jour,Hors agglomération,Hors intersection,Normale,Sans collision,,,,,,,,,,,1,1,1,1.0,7
201200029682,0012-08-26 12:55:00,12,8,26,12,55,490,7,VISITATION PLACE,47.46656,-0.55706,Plein jour,En agglomération,Hors intersection,Normale,Autre collision,,,,,,,,,,,1,2,1,1.0,6
201200029683,0012-08-24 17:02:00,12,8,24,17,2,490,7,"71, BARRA PASSAGE ET RUE",47.48615,-0.56351,Plein jour,En agglomération,Hors intersection,Normale,Deux véhicules - arrière,,,,,,,,,,,1,2,1,1.0,2
201200029684,0012-08-25 15:53:00,12,8,25,15,53,490,267,A87N,47.48613,-0.49777,Plein jour,Hors agglomération,Hors intersection,Normale,Autre collision,,,,,,,,,,,1,1,1,1.0,6
201200029685,0012-08-27 12:31:00,12,8,27,12,31,490,7,SAVARY PASSAGE ET RUE,47.47296,-0.54249,Plein jour,En agglomération,Hors intersection,Normale,Deux véhicules - côté,,,,,,,,,,,1,2,1,1.0,3
201200029686,0012-08-28 19:02:00,12,8,28,19,2,490,7,RAMON BOULEVARD,47.48556,-0.53331,Plein jour,En agglomération,Intersection en X,Normale,Deux véhicules - arrière,,,,,,,,,,,1,2,2,1.0,2
201200029687,0012-08-29 12:46:00,12,8,29,12,46,490,267,"01, MALMOUCHE RUE",47.47043,-0.51808,Plein jour,Hors agglomération,Hors intersection,Normale,Sans collision,,,,,,,,,,,1,1,1,1.0,7
201200029688,0012-08-30 17:30:00,12,8,30,17,30,490,7,ARNAULD HENRI Bd,47.474,-0.56089,Plein jour,En agglomération,Intersection en X,Normale,Deux véhicules - côté,,,,,,,,,,,1,2,2,1.0,3
201200029689,0012-08-30 06:41:00,12,8,30,6,41,490,7,"0, GUICHARD",47.45099,-0.54945,Nuit avec éclairage allumé,En agglomération,Intersection en X,Normale,Deux véhicules - côté,,,,,,,,,,,5,2,2,1.0,3
201200029690,0012-08-30 19:08:00,12,8,30,19,8,490,7,BRESSIGNY,47.46636,-0.5477,Plein jour,En agglomération,Intersection en X,Normale,Deux véhicules - côté,,,,,,,,,,,1,2,2,1.0,3
201200029691,0012-08-31 09:45:00,12,8,31,9,45,490,7,Rue TARDAT,47.44879,-0.55249,Plein jour,En agglomération,Intersection en X,Normale,Trois véhicules et plus - collisions multiples,,,,,,,,,,,1,2,2,1.0,5
201200029692,0012-09-03 16:00:00,12,9,3,16,0,490,7,"02, PAUL BERT",47.46617,-0.5525,Plein jour,En agglomération,Hors intersection,Normale,Sans collision,,,,,,,,,,,1,2,1,1.0,7
201200029693,0012-09-03 18:22:00,12,9,3,18,22,490,267,Route d'ANGERS,47.47038,-0.5159,Plein jour,En agglomération,Giratoire,Normale,Deux véhicules - côté,,,,,,,,,,,1,2,6,1.0,3
201200029694,0012-09-03 08:46:00,12,9,3,8,46,490,246,"10, LE NOTRE",47.43899,-0.52425,Plein jour,En agglomération,Hors intersection,Normale,Deux véhicules - arrière,,,,,,,,,,,1,2,1,1.0,2
201200029695,0012-09-03 12:58:00,12,9,3,12,58,490,7,"70, PATTON AVENUE",47.47358,-0.58674,Plein jour,En agglomération,Hors intersection,Normale,Deux véhicules - arrière,,,,,,,,,,,1,2,1,1.0,2
201200029696,0012-09-04 14:35:00,12,9,4,14,35,490,7,STRASBOURG BOULEVARD,47.45699,-0.55395,Plein jour,En agglomération,Intersection en X,Normale,Deux véhicules - côté,,,,,,,,,,,1,2,2,1.0,3
201200029697,0012-09-06 19:10:00,12,9,6,19,10,490,7,CHAUVIRE RUE ET SQUARE,47.47287,-0.5679,Plein jour,En agglomération,Hors intersection,Normale,Sans collision,,,,,,,,,,,1,2,1,1.0,7
201200029698,0012-09-06 08:47:00,12,9,6,8,47,490,267,PLESSIS GRAMMOIRE ROUTE,47.48049,-0.4813,Plein jour,Hors agglomération,Hors intersection,Normale,Deux véhicules - côté,,,,,,,,,,,1,1,1,1.0,3
201200029699,0012-09-09 19:47:00,12,9,9,19,47,490,7,"24, LETANDUERE",47.46271,-0.55508,Plein jour,En agglomération,Hors intersection,Normale,Sans collision,,,,,,,,,,,1,2,1,1.0,7
201200029700,0012-09-11 17:30:00,12,9,11,17,30,490,7,"0, PATTON AVENUE",47.47328,-0.59504,Plein jour,En agglomération,Hors intersection,Normale,Trois véhicules et plus - en chaîne,,,,,,,,,,,1,2,1,1.0,4
201200029701,0012-09-13 10:14:00,12,9,13,10,14,490,246,"10, GALLIENI AVENUE",47.43388,-0.52799,Plein jour,En agglomération,Hors intersection,Normale,Trois véhicules et plus - en chaîne,,,,,,,,,,,1,2,1,1.0,4
201200029702,0012-09-12 18:51:00,12,9,12,18,51,490,7,GEOFFRAY,47.45859,-0.54603,Plein jour,En agglomération,Hors intersection,Normale,Deux véhicules - côté,,,,,,,,,,,1,2,1,1.0,3
201200029703,0012-09-13 12:21:00,12,9,13,12,21,490,7,BEAUSSIER BOULEVARD,47.47695,-0.59896,Plein jour,En agglomération,Giratoire,Autre,Deux véhicules - arrière,,,,,,,,,,,1,2,6,9.0,2
201200029704,0012-09-16 08:03:00,12,9,16,8,3,490,246,"1, DAMES",47.42441,-0.5261,Plein jour,En agglomération,Hors intersection,Normale,Autre collision,,,,,,,,,,,1,2,1,1.0,6
201200029705,0012-09-15 03:00:00,12,9,15,3,0,490,7,"3, HIRONDELLE",47.44483,-0.53757,Nuit avec éclairage allumé,En agglomération,Hors intersection,Normale,Sans collision,,,,,,,,,,,5,2,1,1.0,7
201200029706,0012-09-14 14:05:00,12,9,14,14,5,490,7,Rue LENOIR,47.48543,-0.54665,Plein jour,En agglomération,Hors intersection,Normale,Deux véhicules - côté,,,,,,,,,,,1,2,1,1.0,3
201200029707,0012-09-19 19:41:00,12,9,19,19,41,490,15,"0, MENDES FRANCE AVENUE",47.50265,-0.58559,Plein jour,En agglomération,Hors intersection,Normale,Sans collision,,,,,,,,,,,1,2,1,1.0,7
201200029708,0012-09-19 08:21:00,12,9,19,8,21,490,7,"19, CHALOUERE",47.47923,-0.54221,Plein jour,En agglomération,Hors intersection,Normale,Sans collision,,,,,,,,,,,1,2,1,1.0,7
201200029709,0012-09-18 12:45:00,12,9,18,12,45,490,7,"0, CHAPELLE",47.4604,-0.53816,Plein jour,En agglomération,Intersection en T,Normale,Deux véhicules - côté,,,,,,,,,,,1,2,3,1.0,3
201200029710,0012-09-20 11:15:00,12,9,20,11,15,490,7,"32, MEIGNANNE",47.48297,-0.58075,Plein jour,En agglomération,Hors intersection,Normale,Autre collision,,,,,,,,,,,1,2,1,1.0,6
201200029711,0012-09-25 00:50:00,12,9,25,0,50,490,7,"64, MONPLAISIR BOULEVARD",47.48878,-0.51873,Nuit avec éclairage allumé,En agglomération,Hors intersection,Normale,Deux véhicules - arrière,,,,,,,,,,,5,2,1,1.0,2
201200029712,0012-09-22 06:24:00,12,9,22,6,24,490,7,"39, PAUL BERT",47.4651,-0.54952,Nuit avec éclairage allumé,En agglomération,Hors intersection,Normale,Autre collision,,,,,,,,,,,5,2,1,1.0,6
201200029713,0012-09-21 23:48:00,12,9,21,23,48,490,7,AVENUE DE L'ATLANTIQUE,47.46482,-0.5765,Nuit avec éclairage non allumé,En agglomération,Hors intersection,Normale,Autre collision,,,,,,,,,,,4,2,1,1.0,6
201200029714,0012-09-24 08:08:00,12,9,24,8,8,490,7,CANTENAY EPINARD ROUTE,47.50994,-0.5767,Plein jour,En agglomération,Hors intersection,Normale,Sans collision,,,,,,,,,,,1,2,1,1.0,7