accident_id,datetime,annee,mois,jour,heure,minute,departement,commune_insee,adresse,latitude,longitude,luminosite,agglomeration,intersection,meteo,collision,nb_vehicules,nb_usagers,nb_indemnes,nb_tues,nb_blesses_hosp,nb_blesses_legers,age_cond_1,age_cond_2,veh_type_cond_1,veh_type_cond_2,lum_code,agg_code,int_code,atm_code,col_code
201200029715,0012-09-25 07:58:00,12,9,25,7,58,490,267,,47.47151,-0.50943,Plein jour,Hors agglomération,Hors intersection,Pluie forte,Sans collision,,,,,,,,,,,1,1,1,3.0,7
201200029716,0012-09-24 10:53:00,12,9,24,10,53,490,7,AVENUE DE L'ATLANTIQUE,47.46641,-0.5823,Plein jour,En agglomération,Hors intersection,Vent fort / tempête,Sans collision,,,,,,,,,,,1,2,1,6.0,7
201200029717,0012-09-23 14:32:00,12,9,23,14,32,490,7,Rue Denis PAPIN,47.465,-0.55729,Plein jour,En agglomération,Hors intersection,Normale,Autre collision,,,,,,,,,,,1,2,1,1.0,6
201200029718,0012-09-25 12:44:00,12,9,25,12,44,490,7,Rue du GRAND LAUNAY,47.46649,-0.59429,Plein jour,En agglomération,Hors intersection,Normale,Sans collision,,,,,,,,,,,1,2,1,1.0,7
201200029719,0012-09-21 17:30:00,12,9,21,17,30,490,7,"42, PARMENTIER",47.45368,-0.52263,Plein jour,En agglomération,Hors intersection,Normale,Sans collision,,,,,,,,,,,1,2,1,1.0,7
201200029720,0012-09-22 04:26:00,12,9,22,4,26,490,7,"150, PONTS DE CE",47.44653,-0.53647,Nuit avec éclairage allumé,En agglomération,Hors intersection,Normale,Sans collision,,,,,,,,,,,5,2,1,1.0,7
201200029721,0012-09-27 08:15:00,12,9,27,8,15,490,7,"28, ARAGON AVENUE",47.47231,-0.56674,Plein jour,En agglomération,Hors intersection,Normale,Sans collision,,,,,,,,,,,1,2,1,1.0,7
201200029722,0012-09-27 15:48:00,12,9,27,15,48,490,7,"0, DESJARDIN",47.46797,-0.54652,Plein jour,En agglomération,Intersection en X,Normale,Deux véhicules - côté,,,,,,,,,,,1,2,2,1.0,3
201200029723,0012-09-29 09:31:00,12,9,29,9,31,490,7,13  Bd FOULQUES NERRA,47.47188,-0.56675,Plein jour,En agglomération,Giratoire,Normale,Trois véhicules et plus - en chaîne,,,,,,,,,,,1,2,6,1.0,4
201200029724,0012-09-27 17:04:00,12,9,27,17,4,490,7,"03, DARWIN",47.47484,-0.60392,Plein jour,Hors agglomération,Hors intersection,Normale,Deux véhicules - côté,,,,,,,,,,,1,1,1,1.0,3
201200029725,0012-09-28 07:57:00,12,9,28,7,57,490,15,AVENUE GEORGES POMPIDOU,47.49366,-0.59145,Plein jour,En agglomération,Hors intersection,Normale,Sans collision,,,,,,,,,,,1,2,1,1.0,7
201200029726,0012-09-30 00:28:00,12,9,30,0,28,490,7,Bd du ROI RENE,47.46856,-0.55868,Nuit avec éclairage allumé,En agglomération,Giratoire,Normale,Deux véhicules - côté,,,,,,,,,,,5,2,6,1.0,3
201200029727,0012-09-28 17:42:00,12,9,28,17,42,490,7,"78, MONTAIGNE AVENUE",47.46901,-0.53239,Plein jour,En agglomération,Hors intersection,Normale,Deux véhicules - côté,,,,,,,,,,,1,2,1,1.0,3
201200029728,0012-10-01 21:40:00,12,10,1,21,40,490,7,"31, HUTREAU CHEMIN",47.44386,-0.57512,Nuit avec éclairage allumé,En agglomération,Hors intersection,Normale,Sans collision,,,,,,,,,,,5,2,1,1.0,7
201200029729,0012-09-30 09:03:00,12,9,30,9,3,490,7,Ch des TROIS PAROISSES,47.44139,-0.54383,Plein jour,En agglomération,Hors intersection,Normale,Autre collision,,,,,,,,,,,1,2,1,1.0,6
201200029730,0012-10-01 08:00:00,12,10,1,8,0,490,7,LETANDUERE,47.45062,-0.55282,Crépuscule ou aube,En agglomération,Intersection en X,Normale,Deux véhicules - côté,,,,,,,,,,,2,2,2,1.0,3
201200029731,0012-10-02 17:51:00,12,10,2,17,51,490,246,A87N,47.50406,-0.50325,Plein jour,Hors agglomération,Hors intersection,Normale,Trois véhicules et plus - en chaîne,,,,,,,,,,,1,1,1,1.0,4
201200029732,0012-10-02 14:00:00,12,10,2,14,0,490,7,PYRAMIDE ROUTE,47.45259,-0.52406,Plein jour,En agglomération,Intersection en X,Normale,Deux véhicules - côté,,,,,,,,,,,1,2,2,1.0,3
201200029733,0012-10-03 18:29:00,12,10,3,18,29,490,7,"51, DOYENNE BOULEVARD ET",47.48737,-0.53801,Plein jour,En agglomération,Hors intersection,Pluie légère,Deux véhicules - côté,,,,,,,,,,,1,2,1,2.0,3
201200029734,0012-10-03 17:54:00,12,10,3,17,54,490,7,Rue CHATEAUBRIAND,47.45458,-0.54043,Plein jour,En agglomération,Intersection en T,Normale,Deux véhicules - côté,,,,,,,,,,,1,2,3,1.0,3
201200029735,0012-10-02 16:36:00,12,10,2,16,36,490,7,"77, PATTON AVENUE",47.47353,-0.58653,Plein jour,En agglomération,Hors intersection,Normale,Deux véhicules - côté,,,,,,,,,,,1,2,1,1.0,3
201200029736,0012-09-12 17:30:00,12,9,12,17,30,490,7,"0, BICHON PLACE",47.47865,-0.56513,Plein jour,En agglomération,Hors intersection,Normale,Deux véhicules - arrière,,,,,,,,,,,1,2,1,1.0,2
201200029737,0012-10-04 18:11:00,12,10,4,18,11,490,15,Route Nationale,47.51638,-0.60365,Plein jour,Hors agglomération,Hors intersection,Normale,Trois véhicules et plus - en chaîne,,,,,,,,,,,1,1,1,1.0,4
201200029738,0012-10-07 17:48:00,12,10,7,17,48,490,267,,47.46451,-0.51689,Plein jour,Hors agglomération,Hors intersection,Pluie légère,Autre collision,,,,,,,,,,,1,1,1,2.0,6
201200029739,0012-09-07 13:15:00,12,9,7,13,15,490,7,"12, SCHNEIDER",47.44819,-0.52954,Plein jour,En agglomération,Intersection en X,Normale,Deux véhicules - côté,,,,,,,,,,,1,2,2,1.0,3
201200029740,0012-10-05 16:55:00,12,10,5,16,55,490,7,"117, PATTON AVENUE",47.47335,-0.59253,Plein jour,En agglomération,Hors intersection,Normale,Autre collision,,,,,,,,,,,1,2,1,1.0,6
201200029741,0012-10-06 19:33:00,12,10,6,19,33,490,246,MOULIN MARCILLE CHEMIN,47.43711,-0.50744,Plein jour,Hors agglomération,Hors intersection,Pluie légère,Sans collision,,,,,,,,,,,1,1,1,2.0,7
201200029742,0012-10-08 07:32:00,12,10,8,7,32,490,7,SEUIL EN MAINE,47.4598,-0.57317,Nuit avec éclairage allumé,Hors agglomération,Hors intersection,Pluie légère,Sans collision,,,,,,,,,,,5,1,1,2.0,7
201200029743,0012-10-08 13:09:00,12,10,8,13,9,490,7,"1, FAURE QUAI",47.48667,-0.54696,Plein jour,En agglomération,Hors intersection,Pluie légère,Sans collision,,,,,,,,,,,1,2,1,2.0,7
201200029744,0012-10-09 12:11:00,12,10,9,12,11,490,7,BRESSIGNY,47.46732,-0.54995,Plein jour,En agglomération,Hors intersection,Normale,Deux véhicules - côté,,,,,,,,,,,1,2,1,1.0,3
201200029745,0012-10-09 18:03:00,12,10,9,18,3,490,7,STRASBOURG BOULEVARD,47.45879,-0.55865,Plein jour,En agglomération,Intersection en X,Pluie légère,Autre collision,,,,,,,,,,,1,2,2,2.0,6
201200029746,0012-10-06 15:45:00,12,10,6,15,45,490,7,"48, GASNIER AVENUE",47.48314,-0.5695,Plein jour,En agglomération,Hors intersection,Normale,Deux véhicules - frontale,,,,,,,,,,,1,2,1,1.0,1
201200029747,0012-10-11 17:40:00,12,10,11,17,40,490,7,GASNIER AVENUE,47.48663,-0.57284,Plein jour,En agglomération,Hors intersection,Normale,Deux véhicules - côté,,,,,,,,,,,1,2,1,1.0,3
201200029748,0012-10-10 12:00:00,12,10,10,12,0,490,7,VOIE DES BERGES,47.47407,-0.5561,Plein jour,En agglomération,Hors intersection,Pluie légère,Sans collision,,,,,,,,,,,1,2,1,2.0,7
201200029749,0012-10-14 02:50:00,12,10,14,2,50,490,7,"0, BOREAU",47.47447,-0.54677,Nuit avec éclairage allumé,En agglomération,Intersection en X,Temps couvert,Deux véhicules - côté,,,,,,,,,,,5,2,2,8.0,3
201200029750,0012-10-12 14:38:00,12,10,12,14,38,490,7,THIERS,47.47587,-0.55261,Plein jour,En agglomération,Intersection en X,Normale,Deux véhicules - côté,,,,,,,,,,,1,2,2,1.0,3
201200029751,0012-10-14 10:47:00,12,10,14,10,47,490,7,23 rue d ALSACE,47.4698,-0.54955,Plein jour,En agglomération,Hors intersection,Pluie forte,Sans collision,,,,,,,,,,,1,2,1,3.0,7
201200029752,0012-10-11 08:29:00,12,10,11,8,29,490,7,LE NOTRE,47.43891,-0.52399,Crépuscule ou aube,En agglomération,Hors intersection,Pluie légère,Autre collision,,,,,,,,,,,2,2,1,2.0,6
201200029753,0012-10-11 08:49:00,12,10,11,8,49,490,15,LYAUTEY AVENUE DU MARECH,47.49361,-0.58126,Crépuscule ou aube,En agglomération,Hors intersection,Pluie forte,Autre collision,,,,,,,,,,,2,2,1,3.0,6
201200029754,0012-10-16 07:55:00,12,10,16,7,55,490,7,VOIE DES BERGES,47.48617,-0.54757,Plein jour,En agglomération,Hors intersection,Pluie légère,Trois véhicules et plus - en chaîne,,,,,,,,,,,1,2,1,2.0,4
201200029755,0012-10-15 11:45:00,12,10,15,11,45,490,7,ROI RENE BOULEVARD,47.46774,-0.55655,Plein jour,En agglomération,Hors intersection,Normale,Deux véhicules - côté,,,,,,,,,,,1,2,1,1.0,3
201200029756,0012-10-16 10:50:00,12,10,16,10,50,490,7,"0, LEROY PLACE",47.46478,-0.54865,Plein jour,En agglomération,Giratoire,Normale,Autre collision,,,,,,,,,,,1,2,6,1.0,6
201200029757,0012-10-16 10:20:00,12,10,16,10,20,490,7,"25, PROUST",47.46759,-0.54191,Plein jour,En agglomération,Hors intersection,Pluie légère,Sans collision,,,,,,,,,,,1,2,1,2.0,7
201200029758,0012-10-16 08:20:00,12,10,16,8,20,490,7,VOIE DES BERGES,47.47938,-0.55208,Plein jour,En agglomération,Hors intersection,Pluie légère,Trois véhicules et plus - en chaîne,,,,,,,,,,,1,2,1,2.0,4
201200029759,0012-10-20 16:29:00,12,10,20,16,29,490,7,"94, VOLNEY",47.46005,-0.53723,Plein jour,En agglomération,Hors intersection,Normale,Sans collision,,,,,,,,,,,1,2,1,1.0,7
201200029760,0012-10-19 12:14:00,12,10,19,12,14,490,7,MOULIN PONT ET PLACE,47.49167,-0.55162,Plein jour,En agglomération,Hors intersection,Pluie légère,Deux véhicules - arrière,,,,,,,,,,,1,2,1,2.0,2
201200029761,0012-10-19 13:52:00,12,10,19,13,52,490,15,CROIX CADEAU Z.I.,47.5182,-0.60995,Plein jour,En agglomération,Hors intersection,Pluie légère,Deux véhicules - arrière,,,,,,,,,,,1,2,1,2.0,2
201200029762,0012-10-19 11:10:00,12,10,19,11,10,490,15,BOISSIERE AVENUE,47.49403,-0.5861,Plein jour,En agglomération,Giratoire,Normale,Autre collision,,,,,,,,,,,1,2,6,1.0,6
201200029763,0012-10-19 18:19:00,12,10,19,18,19,490,7,VOIE DES BERGES,47.47955,-0.55186,Plein jour,Hors agglomération,Hors intersection,Pluie légère,Autre collision,,,,,,,,,,,1,1,1,2.0,6
201200029764,0012-10-23 14:47:00,12,10,23,14,47,490,7,JUIN PLACE ET RUE,47.44824,-0.56633,Plein jour,En agglomération,Intersection en X,Normale,Trois véhicules et plus - collisions multiples,,,,,,,,,,,1,2,2,1.0,5
201200029765,0012-10-24 11:45:00,12,10,24,11,45,490,353,"8, RUE SEVRY",47.44705,-0.4935,Plein jour,En agglomération,Hors intersection,Normale,Sans collision,,,,,,,,,,,1,2,1,1.0,7
201200029766,0012-10-22 15:50:00,12,10,22,15,50,490,7,"92, HAUT PRESSOIR PASSAG",47.45514,-0.53541,Plein jour,En agglomération,Hors intersection,Normale,Autre collision,,,,,,,,,,,1,2,1,1.0,6
201200029767,0012-10-23 13:57:00,12,10,23,13,57,490,7,"48, ROI RENE BOULEVARD",47.46722,-0.55522,Plein jour,En agglomération,Hors intersection,Normale,Autre collision,,,,,,,,,,,1,2,1,1.0,6
201200029768,0012-10-21 13:01:00,12,10,21,13,1,490,7,HANIPET PASSAGE ET RUE,47.46814,-0.51934,Plein jour,Hors agglomération,Hors intersection,Normale,Sans collision,,,,,,,,,,,1,1,1,1.0,7
201200029769,0012-10-19 16:30:00,12,10,19,16,30,490,7,AVENUE DE L'ATLANTIQUE,47.46651,-0.58269,Plein jour,Hors agglomération,Hors intersection,Normale,Sans collision,,,,,,,,,,,1,1,1,1.0,7
201200029770,0012-10-26 10:17:00,12,10,26,10,17,490,7,"0, VIGNE PLACE ET RUE",47.47505,-0.58583,Plein jour,En agglomération,Place,Normale,Sans collision,,,,,,,,,,,1,2,7,1.0,7
201200029771,0012-10-27 23:12:00,12,10,27,23,12,490,246,CHAUVIN AVENUE,47.43125,-0.5376,Nuit avec éclairage allumé,En agglomération,Hors intersection,Normale,Sans collision,,,,,,,,,,,5,2,1,1.0,7
201200029772,0012-10-25 22:50:00,12,10,25,22,50,490,7,SAINT MICHEL BOULEVARD,47.47354,-0.54164,Nuit avec éclairage allumé,En agglomération,Hors intersection,Normale,Autre collision,,,,,,,,,,,5,2,1,1.0,6
201200029773,0012-10-30 14:08:00,12,10,30,14,8,490,7,Bd BESSONNEAU,47.47203,-0.54651,Plein jour,En agglomération,Hors intersection,Normale,Autre collision,,,,,,,,,,,1,2,1,1.0,6
201200029774,0012-10-30 07:55:00,12,10,30,7,55,490,7,CHATENAY AVENUE VICTOR,47.48595,-0.51496,Crépuscule ou aube,En agglomération,Hors intersection,Normale,Autre collision,,,,,,,,,,,2,2,1,1.0,6
201200029775,0012-10-31 19:15:00,12,10,31,19,15,490,15,BOISSIERE AVENUE,47.49395,-0.5862,Crépuscule ou aube,En agglomération,Giratoire,Normale,Deux véhicules - côté,,,,,,,,,,,2,2,6,1.0,3
201200029776,0012-11-02 15:26:00,12,11,2,15,26,490,7,ACADEMIE PLACE,47.46776,-0.55905,Plein jour,En agglomération,Intersection en Y,Normale,Deux véhicules - côté,,,,,,,,,,,1,2,4,1.0,3
201200029777,0012-11-02 06:36:00,12,11,2,6,36,490,7,AVENUE DE L'ATLANTIQUE,47.46487,-0.57648,Crépuscule ou aube,Hors agglomération,Hors intersection,Normale,Trois véhicules et plus - collisions multiples,,,,,,,,,,,2,1,1,1.0,5
201200029778,0012-11-06 09:35:00,12,11,6,9,35,490,7,HANIPET PASSAGE ET RUE,47.46825,-0.52043,Plein jour,En agglomération,Intersection en T,Normale,Autre collision,,,,,,,,,,,1,2,3,1.0,6
201200029779,0012-11-04 18:56:00,12,11,4,18,56,490,7,"0, DROITS DE L'HOMME",47.47894,-0.54992,Nuit sans éclairage public,En agglomération,Hors intersection,Pluie légère,Sans collision,,,,,,,,,,,3,2,1,2.0,7
201200029780,0012-11-05 13:45:00,12,11,5,13,45,490,7,PATTON AVENUE,47.47353,-0.58609,Plein jour,En agglomération,Intersection en X,Normale,Trois véhicules et plus - collisions multiples,,,,,,,,,,,1,2,2,1.0,5
201200029781,0012-11-06 15:57:00,12,11,6,15,57,490,15,MEIGNANNE ROUTE DE LA,47.49209,-0.59254,Plein jour,En agglomération,Hors intersection,Normale,Sans collision,,,,,,,,,,,1,2,1,1.0,7
201200029782,0012-11-08 09:30:00,12,11,8,9,30,490,7,"113, PONTS DE CE",47.45042,-0.53714,Plein jour,En agglomération,Hors intersection,Normale,Autre collision,,,,,,,,,,,1,2,1,1.0,6
201200029783,0012-11-10 12:50:00,12,11,10,12,50,490,7,BON PASTEUR BOULEVARD,47.47035,-0.56918,Plein jour,En agglomération,Giratoire,Pluie légère,Sans collision,,,,,,,,,,,1,2,6,2.0,7
201200029784,0012-11-14 20:00:00,12,11,14,20,0,490,7,ROUTE EPINARD,47.48767,-0.56336,Nuit avec éclairage allumé,En agglomération,Intersection en X,Normale,Deux véhicules - côté,,,,,,,,,,,5,2,2,1.0,3
201200029785,0012-11-17 17:25:00,12,11,17,17,25,490,7,"16, THIERS",47.47587,-0.55259,Nuit avec éclairage allumé,En agglomération,Intersection en T,Pluie légère,Deux véhicules - côté,,,,,,,,,,,5,2,3,2.0,3
201200029786,0012-11-21 12:25:00,12,11,21,12,25,490,7,PLACE MONPROFIT,47.47425,-0.56716,Plein jour,En agglomération,Hors intersection,Normale,Autre collision,,,,,,,,,,,1,2,1,1.0,6
201200029787,0012-11-21 07:30:00,12,11,21,7,30,490,267,RUE DE VERDUN,47.46865,-0.49266,Crépuscule ou aube,En agglomération,Intersection en T,Normale,Deux véhicules - côté,,,,,,,,,,,2,2,3,1.0,3
201200029788,0012-11-17 17:30:00,12,11,17,17,30,490,353,Rue RECLUS,47.45048,-0.49169,Nuit sans éclairage public,Hors agglomération,Hors intersection,Pluie légère,Autre collision,,,,,,,,,,,3,1,1,2.0,6
201200029789,0012-11-19 12:50:00,12,11,19,12,50,490,7,VOIE DES BERGES,47.48099,-0.55072,Plein jour,En agglomération,Hors intersection,Normale,Deux véhicules - arrière,,,,,,,,,,,1,2,1,1.0,2
201200029790,0012-11-22 09:48:00,12,11,22,9,48,490,7,RUE DU VALLON,47.4644,-0.60066,Plein jour,En agglomération,Hors intersection,Pluie légère,Sans collision,,,,,,,,,,,1,2,1,2.0,7
201200029791,0012-11-19 12:50:00,12,11,19,12,50,490,7,"76, RABELAIS",47.45987,-0.54587,Plein jour,En agglomération,Hors intersection,Normale,Deux véhicules - arrière,,,,,,,,,,,1,2,1,1.0,2
201200029792,0012-11-21 09:44:00,12,11,21,9,44,490,353,Rue du PUITS TROUFLET,47.45214,-0.51301,Plein jour,En agglomération,Intersection en T,Normale,Deux véhicules - côté,,,,,,,,,,,1,2,3,1.0,3
201200029793,0012-11-19 12:30:00,12,11,19,12,30,490,7,VOIE DES BERGES,47.48759,-0.54647,Plein jour,En agglomération,Hors intersection,Normale,Deux véhicules - arrière,,,,,,,,,,,1,2,1,1.0,2
201200029794,0012-11-19 15:00:00,12,11,19,15,0,490,7,VOIE DES BERGES,47.48733,-0.54689,Plein jour,Hors agglomération,Hors intersection,Normale,Trois véhicules et plus - en chaîne,,,,,,,,,,,1,1,1,1.0,4
201200029795,0012-11-16 11:20:00,12,11,16,11,20,490,15,RD 107,47.50499,-0.56984,Plein jour,En agglomération,Giratoire,Brouillard / fumée,Deux véhicules - côté,,,,,,,,,,,1,2,6,5.0,3
201200029796,0012-11-18 12:12:00,12,11,18,12,12,490,246,RUE CHARLES DE GAULLE,47.42455,-0.52501,Plein jour,En agglomération,Hors intersection,Normale,Sans collision,,,,,,,,,,,1,2,1,1.0,7
201200029797,0012-11-22 13:48:00,12,11,22,13,48,490,7,PETITES MUSSES,47.45367,-0.57226,Plein jour,Hors agglomération,Hors intersection,Normale,Sans collision,,,,,,,,,,,1,1,1,1.0,7
201200029798,0012-11-21 14:07:00,12,11,21,14,7,490,7,RUE DES GATS,47.47437,-0.51582,Plein jour,En agglomération,Giratoire,Normale,Deux véhicules - côté,,,,,,,,,,,1,2,6,1.0,3
201200029799,0012-11-25 03:38:00,12,11,25,3,38,490,15,ALLENDE AVENUE SALVADOR,47.50472,-0.60367,Nuit avec éclairage allumé,En agglomération,Intersection en T,Normale,Sans collision,,,,,,,,,,,5,2,3,1.0,7
201200029800,0012-11-26 15:40:00,12,11,26,15,40,490,7,RUE ST LEONARD,47.46084,-0.52803,Plein jour,En agglomération,Hors intersection,Normale,Deux véhicules - arrière,,,,,,,,,,,1,2,1,1.0,2
201200029801,0012-11-27 22:40:00,12,11,27,22,40,490,7,BOULEVARD STRASBOURG,47.45945,-0.56027,Nuit avec éclairage allumé,En agglomération,Intersection en X,Normale,Deux véhicules - frontale,,,,,,,,,,,5,2,2,1.0,1
201200029802,0012-11-16 03:39:00,12,11,16,3,39,490,7,"58, PYRAMIDE ROUTE",47.45224,-0.52308,Nuit avec éclairage allumé,En agglomération,Hors intersection,Normale,Autre collision,,,,,,,,,,,5,2,1,1.0,6
201200029803,0012-11-29 15:40:00,12,11,29,15,40,490,267,A87N,47.46451,-0.51689,Plein jour,Hors agglomération,Hors intersection,Normale,Trois véhicules et plus - en chaîne,,,,,,,,,,,1,1,1,1.0,4
201200029804,0012-11-29 15:58:00,12,11,29,15,58,490,7,"02, PATTON AVENUE",47.47376,-0.58026,Plein jour,En agglomération,Hors intersection,Normale,Deux véhicules - côté,,,,,,,,,,,1,2,1,1.0,3
201200029805,0012-11-30 04:50:00,12,11,30,4,50,490,7,AVENUE GASNIER,47.48663,-0.57284,Nuit avec éclairage allumé,Hors agglomération,Hors intersection,Normale,Sans collision,,,,,,,,,,,5,1,1,1.0,7
201200029806,0012-11-30 08:54:00,12,11,30,8,54,490,7,RUE DE BEL AIR,47.46436,-0.55404,Plein jour,En agglomération,Intersection en X,Normale,Deux véhicules - côté,,,,,,,,,,,1,2,2,1.0,3
201200029807,0012-12-03 06:30:00,12,12,3,6,30,490,267,"0, JAURES",47.46558,-0.49268,Nuit avec éclairage allumé,En agglomération,Giratoire,Pluie légère,Sans collision,,,,,,,,,,,5,2,6,2.0,7
201200029808,0012-12-03 19:15:00,12,12,3,19,15,490,7,GRAND LAUNAY,47.46549,-0.5951,Nuit avec éclairage allumé,En agglomération,Giratoire,Pluie forte,Sans collision,,,,,,,,,,,5,2,6,3.0,7
201200029809,0012-12-04 09:00:00,12,12,4,9,0,490,7,Rue VILLESICARD,47.45173,-0.53579,Nuit avec éclairage allumé,En agglomération,Intersection en X,Normale,Autre collision,,,,,,,,,,,5,2,2,1.0,6
201200029810,0012-12-05 09:29:00,12,12,5,9,29,490,7,CANTENAY EPINARD ROUTE,47.5106,-0.57512,Plein jour,En agglomération,Hors intersection,Normale,Autre collision,,,,,,,,,,,1,2,1,1.0,6
201200029811,0012-12-06 08:56:00,12,12,6,8,56,490,7,Bd BEAUSSIER,47.47695,-0.59909,Crépuscule ou aube,En agglomération,Giratoire,Normale,Deux véhicules - côté,,,,,,,,,,,2,2,6,1.0,3
201200029812,0012-12-07 19:56:00,12,12,7,19,56,490,7,42 BD ALLONNEAU,47.48393,-0.52684,Nuit avec éclairage allumé,En agglomération,Hors intersection,Normale,Deux véhicules - côté,,,,,,,,,,,5,2,1,1.0,3
201200029813,0012-12-07 14:09:00,12,12,7,14,9,490,7,PATTON AVENUE,47.47317,-0.59898,Plein jour,En agglomération,Hors intersection,Normale,Sans collision,,,,,,,,,,,1,2,1,1.0,7
201200029814,0012-12-10 12:24:00,12,12,10,12,24,490,7,ARAGO BOULEVARD,47.47508,-0.55912,Plein jour,En agglomération,Intersection en T,Normale,Deux véhicules - côté,,,,,,,,,,,1,2,3,1.0,3
201200029815,0012-12-10 16:49:00,12,12,10,16,49,490,7,BD AYRAULT,47.47635,-0.55111,Plein jour,En agglomération,Hors intersection,Normale,Deux véhicules - côté,,,,,,,,,,,1,2,1,1.0,3
201200029816,0012-12-10 12:21:00,12,12,10,12,21,490,7,Bd Jean Moulin,47.49223,-0.55524,Plein jour,En agglomération,Hors intersection,Normale,Trois véhicules et plus - en chaîne,,,,,,,,,,,1,2,1,1.0,4
201200029817,0012-12-12 08:15:00,12,12,12,8,15,490,7,RUE GEOFFRAY,47.45837,-0.54507,Plein jour,En agglomération,Giratoire,Normale,Deux véhicules - côté,,,,,,,,,,,1,2,6,1.0,3
201200029818,0012-12-12 14:24:00,12,12,12,14,24,490,7,52 rue de TUNIS,47.46074,-0.53313,Plein jour,En agglomération,Hors intersection,Normale,Deux véhicules - côté,,,,,,,,,,,1,2,1,1.0,3
201200029819,0012-11-12 13:32:00,12,11,12,13,32,490,7,BOULEVARD PORTET,47.4513,-0.5618,Plein jour,En agglomération,Hors intersection,Normale,Deux véhicules - côté,,,,,,,,,,,1,2,1,1.0,3
201200029820,0012-12-13 14:20:00,12,12,13,14,20,490,7,PILASTRE,47.47906,-0.54402,Plein jour,En agglomération,Intersection en X,Pluie légère,Autre collision,,,,,,,,,,,1,2,2,2.0,6
201200029821,0012-12-14 13:31:00,12,12,14,13,31,490,7,Bd SAINT MICHEL,47.47354,-0.54164,Plein jour,En agglomération,Hors intersection,Normale,Autre collision,,,,,,,,,,,1,2,1,1.0,6
201200029822,0012-12-15 09:06:00,12,12,15,9,6,490,7,AVENUE DE L'ATLANTIQUE,47.46781,-0.58477,Plein jour,Hors agglomération,Hors intersection,Normale,Deux véhicules - côté,,,,,,,,,,,1,1,1,1.0,3
201200029823,0012-12-14 16:52:00,12,12,14,16,52,490,7,BD AYRAULT,47.47742,-0.55364,Plein jour,En agglomération,Intersection en X,Normale,Deux véhicules - côté,,,,,,,,,,,1,2,2,1.0,3
201200029824,0012-12-14 18:41:00,12,12,14,18,41,490,7,14 Bd PORTET,47.45169,-0.56303,Nuit avec éclairage allumé,En agglomération,Hors intersection,Normale,Sans collision,,,,,,,,,,,5,2,1,1.0,7
201200029825,0012-12-16 20:50:00,12,12,16,20,50,490,7,Bd BARANGER,47.45468,-0.56851,Nuit avec éclairage allumé,Hors agglomération,Hors intersection,Normale,Autre collision,,,,,,,,,,,5,1,1,1.0,6
201200029826,0012-12-18 18:26:00,12,12,18,18,26,490,7,40 Av NOTRE DAME DU LAC,47.47924,-0.5881,Plein jour,En agglomération,Hors intersection,Normale,Deux véhicules - côté,,,,,,,,,,,1,2,1,1.0,3
201200029827,0012-12-18 14:00:00,12,12,18,14,0,490,7,ATLANTIQUE  AVENUE DE L',47.46916,-0.60958,Plein jour,Hors agglomération,Hors intersection,Normale,Trois véhicules et plus - en chaîne,,,,,,,,,,,1,1,1,1.0,4
201200029828,0012-12-19 16:00:00,12,12,19,16,0,490,7,48 Bd du DOYENNE,47.48744,-0.53788,Plein jour,En agglomération,Hors intersection,Pluie légère,Deux véhicules - arrière,,,,,,,,,,,1,2,1,2.0,2
201200029829,0012-12-19 07:20:00,12,12,19,7,20,490,15,Chemin du FLECHET,47.51724,-0.62518,Nuit avec éclairage allumé,Hors agglomération,Hors intersection,Pluie légère,Autre collision,,,,,,,,,,,5,1,1,2.0,6
201200029830,0012-12-21 04:02:00,12,12,21,4,2,490,7,RD 260,47.44473,-0.52396,Nuit avec éclairage non allumé,Hors agglomération,Hors intersection,Pluie légère,Autre collision,,,,,,,,,,,4,1,1,2.0,6
201200029831,0012-12-20 17:58:00,12,12,20,17,58,490,353,216 Bd BAHONNEAU,47.45255,-0.48344,Nuit avec éclairage allumé,En agglomération,Hors intersection,Pluie légère,Deux véhicules - côté,,,,,,,,,,,5,2,1,2.0,3
201200029832,0012-12-20 18:07:00,12,12,20,18,7,490,7,Bd BEAUSSIER,47.47613,-0.59929,Nuit sans éclairage public,En agglomération,Hors intersection,Pluie légère,Autre collision,,,,,,,,,,,3,2,1,2.0,6
201200029833,0012-12-21 12:21:00,12,12,21,12,21,490,7,SAUMUROISE IMPASSE ET RU,47.45653,-0.53026,Plein jour,En agglomération,Hors intersection,Normale,Autre collision,,,,,,,,,,,1,2,1,1.0,6
201200029834,0012-12-21 08:32:00,12,12,21,8,32,490,7,VOLNEY,47.46253,-0.5433,Nuit avec éclairage allumé,En agglomération,Intersection en X,Normale,Deux véhicules - côté,,,,,,,,,,,5,2,2,1.0,3
201200029835,0012-12-22 10:02:00,12,12,22,10,2,490,246,DAVID D'ANGERS,47.43627,-0.531,Plein jour,En agglomération,Hors intersection,Pluie légère,Deux véhicules - côté,,,,,,,,,,,1,2,1,2.0,3
201200029836,0012-12-22 10:51:00,12,12,22,10,51,490,7,LETANDUERE,47.45705,-0.55405,Plein jour,En agglomération,Intersection en X,Pluie légère,Deux véhicules - côté,,,,,,,,,,,1,2,2,2.0,3
201200029837,0012-12-21 09:31:00,12,12,21,9,31,490,7,Rue VOLNEY,47.46233,-0.54279,Plein jour,En agglomération,Hors intersection,Normale,Sans collision,,,,,,,,,,,1,2,1,1.0,7