accident_id,datetime,annee,mois,jour,heure,minute,departement,commune_insee,adresse,latitude,longitude,luminosite,agglomeration,intersection,meteo,collision,nb_vehicules,nb_usagers,nb_indemnes,nb_tues,nb_blesses_hosp,nb_blesses_legers,age_cond_1,age_cond_2,veh_type_cond_1,veh_type_cond_2,lum_code,agg_code,int_code,atm_code,col_code
201200029838,0012-12-21 14:10:00,12,12,21,14,10,490,7,Rue LEFORT,47.47908,-0.54404,Plein jour,En agglomération,Intersection en X,Normale,Deux véhicules - côté,,,,,,,,,,,1,2,2,1.0,3
201200029839,0012-12-22 16:35:00,12,12,22,16,35,490,267,A87N,47.4715,-0.50954,Plein jour,Hors agglomération,Hors intersection,Normale,Sans collision,,,,,,,,,,,1,1,1,1.0,7
201200029840,0012-12-27 18:58:00,12,12,27,18,58,490,7,Bd d'Arbrissel,47.44533,-0.56702,Nuit avec éclairage allumé,En agglomération,Hors intersection,Normale,Sans collision,,,,,,,,,,,5,2,1,1.0,7
201200029841,0012-12-30 16:54:00,12,12,30,16,54,490,7,2 Place LORRAINE,47.46991,-0.54813,Plein jour,En agglomération,Hors intersection,Pluie légère,Autre collision,,,,,,,,,,,1,2,1,2.0,6
201200029842,0012-12-29 18:05:00,12,12,29,18,5,490,7,BD JACQUES MILLOT,47.45505,-0.53416,Crépuscule ou aube,En agglomération,Intersection en T,Pluie légère,Deux véhicules - côté,,,,,,,,,,,2,2,3,2.0,3
201200029843,0012-12-30 12:19:00,12,12,30,12,19,490,7,Rue de la CROIX BLANCHE,47.47878,-0.51795,Plein jour,En agglomération,Hors intersection,Pluie légère,Deux véhicules - côté,,,,,,,,,,,1,2,1,2.0,3
201200029844,0012-12-28 19:15:00,12,12,28,19,15,490,7,"15, DU PETIT CHAUMINEAU",47.48598,-0.52032,Nuit avec éclairage allumé,En agglomération,Hors intersection,Pluie légère,Autre collision,,,,,,,,,,,5,2,1,2.0,6
201200029845,0012-01-05 08:00:00,12,1,5,8,0,490,99,JUIN (Bd DU MARECHAL),47.04408,-0.88554,Crépuscule ou aube,En agglomération,Intersection en T,Normale,Deux véhicules - côté,,,,,,,,,,,2,2,3,1.0,3
201200029846,0012-01-05 16:10:00,12,1,5,16,10,490,99,BOUET (AVENUE FRANCIS),47.06083,-0.89083,Plein jour,En agglomération,Hors intersection,Temps couvert,Deux véhicules - arrière,,,,,,,,,,,1,2,1,8.0,2
201200029847,0012-01-06 07:50:00,12,1,6,7,50,490,99,RICHELIEU (BOULEVARD DE),47.04626,-0.87657,Nuit avec éclairage allumé,En agglomération,Giratoire,Normale,Autre collision,,,,,,,,,,,5,2,6,1.0,6
201200029848,0012-01-12 20:10:00,12,1,12,20,10,490,99,BORDAGE FONTAINE (RUE DU,47.05243,-0.86927,Nuit avec éclairage allumé,En agglomération,Intersection en X,Normale,Deux véhicules - côté,,,,,,,,,,,5,2,2,1.0,3
201200029849,0012-01-12 16:20:00,12,1,12,16,20,490,99,RD960,47.0813,-0.82741,Plein jour,En agglomération,Autre intersection,Brouillard / fumée,Trois véhicules et plus - collisions multiples,,,,,,,,,,,1,2,9,5.0,5
201200029850,0012-01-15 15:40:00,12,1,15,15,40,490,99,JUIN (BOULEVARD DU MAREC,47.04415,-0.89086,Plein jour,En agglomération,Hors intersection,Normale,Trois véhicules et plus - collisions multiples,,,,,,,,,,,1,2,1,1.0,5
201200029851,0012-02-04 18:50:00,12,2,4,18,50,490,99,BELGIQUE (BOULEVARD DE ),47.07353,-0.84331,Nuit sans éclairage public,En agglomération,Hors intersection,Normale,Autre collision,,,,,,,,,,,3,2,1,1.0,6
201200029852,0012-02-16 10:00:00,12,2,16,10,0,490,99,"18, CHAMBORD (RUE DE)",47.05301,-0.8974,Plein jour,En agglomération,Hors intersection,Normale,Autre collision,,,,,,,,,,,1,2,1,1.0,6
201200029853,0012-02-16 13:45:00,12,2,16,13,45,490,99,"06, CHOUTEAU (BOULEVARD",47.0674,-0.88529,Plein jour,En agglomération,Hors intersection,Normale,Deux véhicules - côté,,,,,,,,,,,1,2,1,1.0,3
201200029854,0012-02-18 16:05:00,12,2,18,16,5,490,99,"8, BRETAGNE (AVENUE DE)",47.06653,-0.89694,Plein jour,En agglomération,Hors intersection,Normale,Sans collision,,,,,,,,,,,1,2,1,1.0,7
201200029855,0012-02-20 12:45:00,12,2,20,12,45,490,99,"01, BEAUPREAU (AVENUE DE",47.07321,-0.90017,Plein jour,En agglomération,Hors intersection,Normale,Deux véhicules - côté,,,,,,,,,,,1,2,1,1.0,3
201200029856,0012-02-23 20:15:00,12,2,23,20,15,490,99,"55, SAINT ANTOINE (RUE D",47.05002,-0.90735,Crépuscule ou aube,En agglomération,Giratoire,Normale,Deux véhicules - côté,,,,,,,,,,,2,2,6,1.0,3
201200029857,0012-03-10 03:20:00,12,3,10,3,20,490,99,"44, PEPINIERE (RUE DE LA",47.06251,-0.86575,Nuit avec éclairage allumé,En agglomération,Hors intersection,Normale,Autre collision,,,,,,,,,,,5,2,1,1.0,6
201200029858,0012-03-10 23:00:00,12,3,10,23,0,490,99,GAMBETTA (AVENUE LEON),47.06297,-0.87524,Nuit avec éclairage allumé,En agglomération,Intersection en Y,Normale,Deux véhicules - côté,,,,,,,,,,,5,2,4,1.0,3
201200029859,0012-03-16 02:00:00,12,3,16,2,0,490,99,la basse tremblaie,47.023,-0.9127,Nuit sans éclairage public,En agglomération,Hors intersection,Brouillard / fumée,Autre collision,,,,,,,,,,,3,2,1,5.0,6
201200029860,0012-03-22 13:50:00,12,3,22,13,50,490,99,RN 249,47.03631,-0.90379,Plein jour,En agglomération,Hors intersection,Normale,Deux véhicules - arrière,,,,,,,,,,,1,2,1,1.0,2
201200029861,0012-03-28 17:25:00,12,3,28,17,25,490,99,MINEE(BOULEVARD DE LA),47.05494,-0.86048,Plein jour,En agglomération,Hors intersection,Normale,Trois véhicules et plus - en chaîne,,,,,,,,,,,1,2,1,1.0,4
201200029862,0012-04-01 12:20:00,12,4,1,12,20,490,99,MARCEAU (RUE FRANCOIS S),47.06314,-0.88564,Plein jour,En agglomération,Hors intersection,Normale,Autre collision,,,,,,,,,,,1,2,1,1.0,6
201200029863,0012-04-02 12:00:00,12,4,2,12,0,490,99,RD 752,47.08467,-0.90643,Plein jour,Hors agglomération,Hors intersection,Normale,Deux véhicules - arrière,,,,,,,,,,,1,1,1,1.0,2
201200029864,0012-04-13 22:10:00,12,4,13,22,10,490,99,RD 752,47.03436,-0.88464,Nuit sans éclairage public,Hors agglomération,Hors intersection,Normale,Autre collision,,,,,,,,,,,3,1,1,1.0,6
201200029865,0012-04-16 23:40:00,12,4,16,23,40,490,99,MICHELET(AVENUE EDMOND),47.07146,-0.84837,Nuit avec éclairage allumé,En agglomération,Hors intersection,Normale,Autre collision,,,,,,,,,,,5,2,1,1.0,6
201200029866,0012-04-19 12:30:00,12,4,19,12,30,490,99,BOIS LAVAU (BOULEVARD DE,47.07549,-0.89108,Plein jour,En agglomération,Hors intersection,Normale,Deux véhicules - frontale,,,,,,,,,,,1,2,1,1.0,1
201200029867,0012-04-21 00:05:00,12,4,21,0,5,490,99,"55, MAINDRON (RUE)",47.0591,-0.88716,Nuit avec éclairage allumé,En agglomération,Hors intersection,Normale,Autre collision,,,,,,,,,,,5,2,1,1.0,6
201200029868,0012-04-21 17:20:00,12,4,21,17,20,490,99,RN 249,47.03711,-0.90469,Plein jour,En agglomération,Giratoire,Normale,Trois véhicules et plus - en chaîne,,,,,,,,,,,1,2,6,1.0,4
201200029869,0012-04-29 01:30:00,12,4,29,1,30,490,99,SAINT CREPIN (RUE),47.05145,-0.88142,Nuit avec éclairage allumé,En agglomération,Intersection en X,Pluie forte,Autre collision,,,,,,,,,,,5,2,2,3.0,6
201200029870,0012-05-04 18:10:00,12,5,4,18,10,490,99,"142, LECLERC (AVENUE DU",47.06806,-0.85561,Plein jour,En agglomération,Hors intersection,Normale,Deux véhicules - arrière,,,,,,,,,,,1,2,1,1.0,2
201200029871,0012-05-12 09:00:00,12,5,12,9,0,490,99,"140, LORRAINE (RUE DE)",47.05658,-0.86173,Plein jour,En agglomération,Hors intersection,Normale,Deux véhicules - arrière,,,,,,,,,,,1,2,1,1.0,2
201200029872,0012-05-16 16:08:00,12,5,16,16,8,490,99,DELHUMEAU PLESSIS (BOULE,47.05796,-0.87929,Plein jour,En agglomération,Intersection en X,Normale,Autre collision,,,,,,,,,,,1,2,2,1.0,6
201200029873,0012-05-18 22:20:00,12,5,18,22,20,490,99,CARNOT (RUE SADI),47.06304,-0.86598,Nuit avec éclairage allumé,En agglomération,Giratoire,Normale,Deux véhicules - côté,,,,,,,,,,,5,2,6,1.0,3
201200029874,0012-05-19 11:20:00,12,5,19,11,20,490,99,MONDEMENT (RUE),47.06403,-0.88013,Plein jour,En agglomération,Intersection en X,Normale,Deux véhicules - côté,,,,,,,,,,,1,2,2,1.0,3
201200029875,0012-05-22 11:35:00,12,5,22,11,35,490,99,CALINS (AVENUE DES),47.05949,-0.87409,Plein jour,En agglomération,Intersection en X,Normale,Autre collision,,,,,,,,,,,1,2,2,1.0,6
201200029876,0012-05-27 02:10:00,12,5,27,2,10,490,99,ANGERS (AVENUE D' ),47.07717,-0.83575,Nuit avec éclairage allumé,En agglomération,Hors intersection,Normale,Sans collision,,,,,,,,,,,5,2,1,1.0,7
201200029877,0012-05-29 18:32:00,12,5,29,18,32,490,99,FAIDHERBE (BOULEVARD DU,47.0652,-0.87012,Plein jour,En agglomération,Giratoire,Normale,Deux véhicules - côté,,,,,,,,,,,1,2,6,1.0,3
201200029878,0012-06-01 19:42:00,12,6,1,19,42,490,99,"67, GAMBETTA (AVENUE LEO",47.0635,-0.87311,Plein jour,En agglomération,Hors intersection,Normale,Autre collision,,,,,,,,,,,1,2,1,1.0,6
201200029879,0012-06-03 01:25:00,12,6,3,1,25,490,99,GODINIERE (BOULEVARD DE,47.06871,-0.90421,Nuit avec éclairage allumé,En agglomération,Giratoire,Pluie légère,Autre collision,,,,,,,,,,,5,2,6,2.0,6
201200029880,0012-06-09 16:05:00,12,6,9,16,5,490,99,PARADIS (RUE DU),47.06508,-0.87037,Plein jour,En agglomération,Intersection en T,Normale,Deux véhicules - côté,,,,,,,,,,,1,2,3,1.0,3
201200029881,0012-06-16 02:35:00,12,6,16,2,35,490,99,DELHUMEAU PLESSIS (BOULE,47.05546,-0.87646,Nuit avec éclairage allumé,En agglomération,Hors intersection,Normale,Autre collision,,,,,,,,,,,5,2,1,1.0,6
201200029882,0012-06-16 16:20:00,12,6,16,16,20,490,99,"84, NANTES (AVENUE DE)",47.06008,-0.89891,Plein jour,En agglomération,Intersection en T,Normale,Deux véhicules - côté,,,,,,,,,,,1,2,3,1.0,3
201200029883,0012-06-27 12:00:00,12,6,27,12,0,490,99,CHOUTEAU (BOULEVARD GUY),47.06736,-0.88531,Plein jour,En agglomération,Hors intersection,Normale,Trois véhicules et plus - en chaîne,,,,,,,,,,,1,2,1,1.0,4
201200029884,0012-07-02 19:15:00,12,7,2,19,15,490,99,"05, MALLERAY (RUE DU LT",47.05699,-0.86644,Plein jour,En agglomération,Hors intersection,Normale,Autre collision,,,,,,,,,,,1,2,1,1.0,6
201200029885,0012-07-12 12:05:00,12,7,12,12,5,490,99,DELHUMEAU PLESSIS (BOULE,47.05451,-0.8759,Plein jour,En agglomération,Autre intersection,Normale,Deux véhicules - côté,,,,,,,,,,,1,2,9,1.0,3
201200029886,0012-07-26 05:00:00,12,7,26,5,0,490,99,LECLERC (AVENUE DU MAREC,47.06663,-0.85878,Nuit avec éclairage allumé,En agglomération,Hors intersection,Normale,Sans collision,,,,,,,,,,,5,2,1,1.0,7
201200029887,0012-07-29 07:00:00,12,7,29,7,0,490,99,VOUVRAY (RUE DE ),47.0706,-0.8582,Crépuscule ou aube,En agglomération,Hors intersection,Normale,Autre collision,,,,,,,,,,,2,2,1,1.0,6
201200029888,0012-07-30 16:20:00,12,7,30,16,20,490,99,GRAND-CHAMP (PLACE DE),47.05084,-0.85109,Plein jour,En agglomération,Giratoire,Pluie forte,Autre collision,,,,,,,,,,,1,2,6,3.0,6
201200029889,0012-08-02 04:15:00,12,8,2,4,15,490,99,"30, CARNOT (RUE SADI)",47.06152,-0.86974,Nuit sans éclairage public,En agglomération,Hors intersection,Normale,Deux véhicules - frontale,,,,,,,,,,,3,2,1,1.0,1
201200029890,0012-08-03 19:53:00,12,8,3,19,53,490,99,RD160,47.07796,-0.8346,Plein jour,En agglomération,Hors intersection,Normale,Deux véhicules - côté,,,,,,,,,,,1,2,1,1.0,3
201200029891,0012-08-04 07:15:00,12,8,4,7,15,490,99,RD160,47.0451,-0.87831,Plein jour,En agglomération,Hors intersection,Normale,Deux véhicules - frontale,,,,,,,,,,,1,2,1,1.0,1
201200029892,0012-08-11 19:30:00,12,8,11,19,30,490,99,RD 752,46.9904,-0.89039,Plein jour,En agglomération,Hors intersection,Normale,Autre collision,,,,,,,,,,,1,2,1,1.0,6
201200029893,0012-08-22 15:00:00,12,8,22,15,0,490,99,"1, LORRAINE (RUE DE)",47.0572,-0.86286,Plein jour,En agglomération,Intersection en X,Normale,Trois véhicules et plus - collisions multiples,,,,,,,,,,,1,2,2,1.0,5
201200029894,0012-08-31 00:35:00,12,8,31,0,35,490,99,PORTE BARON (RUE DE LA),47.05679,-0.87284,Nuit avec éclairage allumé,En agglomération,Intersection en X,Normale,Deux véhicules - côté,,,,,,,,,,,5,2,2,1.0,3
201200029895,0012-08-31 17:25:00,12,8,31,17,25,490,99,EUGENE BREMOND (RUE),47.07406,-0.90341,Plein jour,En agglomération,Hors intersection,Normale,Deux véhicules - côté,,,,,,,,,,,1,2,1,1.0,3
201200029896,0012-09-01 12:55:00,12,9,1,12,55,490,99,TROIS PROVINCES (AVENUE,47.05947,-0.91775,Plein jour,En agglomération,Autre intersection,Normale,Trois véhicules et plus - en chaîne,,,,,,,,,,,1,2,9,1.0,4
201200029897,0012-09-11 09:00:00,12,9,11,9,0,490,99,CHENE ROND (AVENUE DU),47.0436,-0.88538,Plein jour,En agglomération,Intersection en T,Temps couvert,Deux véhicules - côté,,,,,,,,,,,1,2,3,8.0,3
201200029898,0012-09-11 15:45:00,12,9,11,15,45,490,99,DELHUMEAU PLESSIS (BOULE,47.05659,-0.87758,Plein jour,En agglomération,Intersection en X,Normale,Deux véhicules - côté,,,,,,,,,,,1,2,2,1.0,3
201200029899,0012-09-12 18:00:00,12,9,12,18,0,490,99,MILLIASSEAU(RUE DU COMMA,47.05114,-0.85508,Plein jour,En agglomération,Intersection en X,Normale,Deux véhicules - côté,,,,,,,,,,,1,2,2,1.0,3
201200029900,0012-09-13 16:45:00,12,9,13,16,45,490,99,"10, FAIDHERBE (BOULEVARD",47.06694,-0.87267,Plein jour,En agglomération,Hors intersection,Normale,Autre collision,,,,,,,,,,,1,2,1,1.0,6
201200029901,0012-09-16 22:50:00,12,9,16,22,50,490,99,MONTALEMBERT(RUE CHARLES,47.05883,-0.86625,Nuit avec éclairage allumé,En agglomération,Intersection en X,Normale,Deux véhicules - côté,,,,,,,,,,,5,2,2,1.0,3
201200029902,0012-10-09 08:40:00,12,10,9,8,40,490,99,PASTEUR (RUE LOUIS),47.06303,-0.89242,Plein jour,En agglomération,Intersection en X,Pluie légère,Deux véhicules - côté,,,,,,,,,,,1,2,2,2.0,3
201200029903,0012-10-10 07:50:00,12,10,10,7,50,490,99,"17, FAIDHERBE (BOULEVARD",47.06618,-0.87164,Crépuscule ou aube,En agglomération,Hors intersection,Pluie légère,Deux véhicules - arrière,,,,,,,,,,,2,2,1,2.0,2
201200029904,0012-10-10 19:15:00,12,10,10,19,15,490,99,"1, CHOUTEAU (BOULEVARD G",47.06741,-0.88493,Nuit avec éclairage allumé,En agglomération,Intersection en X,Temps couvert,Deux véhicules - côté,,,,,,,,,,,5,2,2,8.0,3
201200029905,0012-10-14 11:35:00,12,10,14,11,35,490,99,DOROHOI (PLACE DE),47.05015,-0.87255,Plein jour,En agglomération,Giratoire,Normale,Autre collision,,,,,,,,,,,1,2,6,1.0,6
201200029906,0012-10-17 16:00:00,12,10,17,16,0,490,99,MAINE (BOULEVARD DU),47.07313,-0.86202,Plein jour,En agglomération,Intersection en X,Pluie légère,Autre collision,,,,,,,,,,,1,2,2,2.0,6
201200029907,0012-10-19 15:30:00,12,10,19,15,30,490,99,ARAYA (PLACE D'),47.05944,-0.9043,Plein jour,En agglomération,Giratoire,Temps couvert,Autre collision,,,,,,,,,,,1,2,6,8.0,6
201200029908,0012-10-20 14:10:00,12,10,20,14,10,490,99,TREILLE (BOULEVARD DE LA,47.06627,-0.90583,Plein jour,En agglomération,Hors intersection,Temps couvert,Deux véhicules - côté,,,,,,,,,,,1,2,1,8.0,3
201200029909,0012-10-25 18:50:00,12,10,25,18,50,490,99,DENIA (PLACE DE),47.03718,-0.90525,Crépuscule ou aube,En agglomération,Giratoire,Normale,Sans collision,,,,,,,,,,,2,2,6,1.0,7
201200029910,0012-10-21 01:10:00,12,10,21,1,10,490,99,LECOQ (BOULEVARD PIERRE),47.04923,-0.86151,Nuit avec éclairage allumé,En agglomération,Hors intersection,Normale,Autre collision,,,,,,,,,,,5,2,1,1.0,6
201200029911,0012-10-31 15:40:00,12,10,31,15,40,490,99,LIBERATION (AVENUE DE LA,47.05284,-0.88258,Plein jour,En agglomération,Intersection en T,Normale,Autre collision,,,,,,,,,,,1,2,3,1.0,6
201200029912,0012-11-01 18:00:00,12,11,1,18,0,490,99,ALSACE (RUE D'),47.06894,-0.88217,Nuit avec éclairage allumé,En agglomération,Intersection en X,Temps couvert,Deux véhicules - côté,,,,,,,,,,,5,2,2,8.0,3
201200029913,0012-11-02 12:00:00,12,11,2,12,0,490,99,DOROHOI (PLACE DE),47.05041,-0.87239,Plein jour,En agglomération,Giratoire,Normale,Deux véhicules - côté,,,,,,,,,,,1,2,6,1.0,3
201200029914,0012-11-07 20:40:00,12,11,7,20,40,490,99,DOROHOI (PLACE DE),47.0501,-0.87199,Nuit avec éclairage allumé,En agglomération,Giratoire,Normale,Autre collision,,,,,,,,,,,5,2,6,1.0,6
201200029915,0012-11-10 16:30:00,12,11,10,16,30,490,99,"39, ANJOU (RUE D')",47.07768,-0.83935,Plein jour,En agglomération,Hors intersection,Pluie légère,Deux véhicules - côté,,,,,,,,,,,1,2,1,2.0,3
201200029916,0012-11-13 20:00:00,12,11,13,20,0,490,99,MICHELET (AVENUE EDMOND),47.07162,-0.84831,Nuit avec éclairage allumé,En agglomération,Hors intersection,Normale,Deux véhicules - côté,,,,,,,,,,,5,2,1,1.0,3
201200029917,0012-11-14 14:40:00,12,11,14,14,40,490,99,"49, NANTES (AVENUE DE)",47.06022,-0.89745,Plein jour,En agglomération,Hors intersection,Normale,Deux véhicules - côté,,,,,,,,,,,1,2,1,1.0,3
201200029918,0012-11-14 17:40:00,12,11,14,17,40,490,99,DOUMER (RUE DU PRESIDENT,47.06678,-0.8663,Nuit avec éclairage allumé,En agglomération,Hors intersection,Normale,Deux véhicules - côté,,,,,,,,,,,5,2,1,1.0,3
201200029919,0012-11-16 20:20:00,12,11,16,20,20,490,99,RN 249,47.0234,-0.88528,Nuit sans éclairage public,En agglomération,Hors intersection,Normale,Deux véhicules - frontale,,,,,,,,,,,3,2,1,1.0,1
201200029920,0012-11-25 19:40:00,12,11,25,19,40,490,99,"20, PLANTY (RUE DU)",47.05889,-0.87024,Nuit avec éclairage allumé,En agglomération,Hors intersection,Normale,Autre collision,,,,,,,,,,,5,2,1,1.0,6
201200029921,0012-11-27 17:55:00,12,11,27,17,55,490,99,BICENTENAIRE DE 1793 (PL,47.05541,-0.85984,Nuit avec éclairage allumé,En agglomération,Giratoire,Temps couvert,Deux véhicules - côté,,,,,,,,,,,5,2,6,8.0,3
201200029922,0012-11-30 11:40:00,12,11,30,11,40,490,99,KOENIG (AV DU MARECHAL),47.05204,-0.84966,Plein jour,En agglomération,Hors intersection,Normale,Autre collision,,,,,,,,,,,1,2,1,1.0,6
201200029923,0012-12-01 10:45:00,12,12,1,10,45,490,99,TREILLE (BOULEVARD DE LA,47.06324,-0.90534,Plein jour,En agglomération,Hors intersection,Normale,Autre collision,,,,,,,,,,,1,2,1,1.0,6
201200029924,0012-12-07 11:15:00,12,12,7,11,15,490,99,"180, NATIONALE (RUE)",47.06199,-0.88275,Plein jour,En agglomération,Hors intersection,Normale,Autre collision,,,,,,,,,,,1,2,1,1.0,6
201200029925,0012-12-16 04:10:00,12,12,16,4,10,490,99,CORMIER (BOULEVARD DU),47.03743,-0.91617,Nuit avec éclairage allumé,En agglomération,Hors intersection,Normale,Autre collision,,,,,,,,,,,5,2,1,1.0,6
201200029926,0012-12-19 17:20:00,12,12,19,17,20,490,99,CHAMPAGNY (AVENUE DU COM,47.04697,-0.87709,Crépuscule ou aube,En agglomération,Hors intersection,Pluie légère,Trois véhicules et plus - en chaîne,,,,,,,,,,,2,2,1,2.0,4
201200029927,0012-12-21 16:45:00,12,12,21,16,45,490,99,"20, PARADIS (RUE DU)",47.06126,-0.87312,Plein jour,En agglomération,Intersection en X,Normale,Autre collision,,,,,,,,,,,1,2,2,1.0,6
201200029928,0012-12-21 17:45:00,12,12,21,17,45,490,99,VENDEE (RUE DE LA ),47.05767,-0.88795,Nuit avec éclairage allumé,En agglomération,Giratoire,Pluie légère,Autre collision,,,,,,,,,,,5,2,6,2.0,6
201200029929,0012-12-27 11:30:00,12,12,27,11,30,490,99,R.D 157,46.9966,-0.88187,Plein jour,Hors agglomération,Hors intersection,Pluie légère,Autre collision,,,,,,,,,,,1,1,1,2.0,6
201200029930,0012-12-29 13:10:00,12,12,29,13,10,490,99,BEAUPREAU (AVENUE DE),47.07375,-0.90014,Plein jour,Hors agglomération,Hors intersection,Normale,Deux véhicules - côté,,,,,,,,,,,1,1,1,1.0,3
201200029931,0012-01-11 13:30:00,12,1,11,13,30,490,328,Rd pt du musée du moteur,47.25204,-0.08729,Plein jour,En agglomération,Giratoire,Normale,Deux véhicules - côté,,,,,,,,,,,1,2,6,1.0,3
201200029932,0012-01-17 08:00:00,12,1,17,8,0,490,328,RESISTANCE (PLACE DE LA),47.26718,-0.06989,Plein jour,En agglomération,Giratoire,Normale,Deux véhicules - côté,,,,,,,,,,,1,2,6,1.0,3
201200029933,0012-01-19 09:40:00,12,1,19,9,40,490,328,POMPIDOU (AVENUE GEORGES,47.26498,-0.09955,Plein jour,En agglomération,Hors intersection,Pluie légère,Autre collision,,,,,,,,,,,1,2,1,2.0,6
201200029934,0012-02-01 17:20:00,12,2,1,17,20,490,328,ROUEN (RUE DE) N 147,47.27188,-0.06456,Plein jour,En agglomération,Intersection en X,Normale,Autre collision,,,,,,,,,,,1,2,2,1.0,6
201200029935,0012-02-04 00:20:00,12,2,4,0,20,490,328,"sans, CHANZY (RUE)",47.26035,-0.08162,Nuit avec éclairage allumé,En agglomération,Intersection en X,Normale,Deux véhicules - côté,,,,,,,,,,,5,2,2,1.0,3
201200029936,0012-02-07 08:30:00,12,2,7,8,30,490,328,PETON (AVENUE DU Dr),47.25579,-0.07429,Plein jour,En agglomération,Hors intersection,Normale,Sans collision,,,,,,,,,,,1,2,1,1.0,7
201200029937,0012-02-21 11:30:00,12,2,21,11,30,490,328,"sans, ANE (RUELLE A L')",47.23543,-0.10171,Plein jour,En agglomération,Intersection à plus de 4 branches,Normale,Sans collision,,,,,,,,,,,1,2,5,1.0,7
201200029938,0012-02-21 17:40:00,12,2,21,17,40,490,328,"45, DOUE (RUE DE)",47.24998,-0.09066,Plein jour,En agglomération,Hors intersection,Normale,Sans collision,,,,,,,,,,,1,2,1,1.0,7
201200029939,0012-02-22 09:55:00,12,2,22,9,55,490,328,"sans, PRES (RUE DES)",47.24308,-0.07467,Plein jour,En agglomération,Intersection en T,Normale,Autre collision,,,,,,,,,,,1,2,3,1.0,6
201200029940,0012-02-28 08:50:00,12,2,28,8,50,490,328,FIDELITE (RUE DE LA),47.26137,-0.0784,Plein jour,En agglomération,Intersection en X,Normale,Deux véhicules - côté,,,,,,,,,,,1,2,2,1.0,3
201200029941,0012-03-05 19:30:00,12,3,5,19,30,490,328,ROCADE RD 347,47.26328,-0.09514,Crépuscule ou aube,Hors agglomération,Hors intersection,Normale,Trois véhicules et plus - collisions multiples,,,,,,,,,,,2,1,1,1.0,5
201200029942,0012-03-12 08:30:00,12,3,12,8,30,490,328,"59, FRICOTELLE (RUE)",47.24439,-0.07156,Plein jour,En agglomération,Hors intersection,Normale,Autre collision,,,,,,,,,,,1,2,1,1.0,6
201200029943,0012-03-12 17:15:00,12,3,12,17,15,490,328,ROUEN (RUE DE),47.27191,-0.0646,Plein jour,En agglomération,Intersection en X,Normale,Deux véhicules - arrière,,,,,,,,,,,1,2,2,1.0,2
201200029944,0012-03-14 16:40:00,12,3,14,16,40,490,328,JUIN (BOULEVARD DU MAREC,47.26704,-0.08883,Plein jour,En agglomération,Hors intersection,Normale,Sans collision,,,,,,,,,,,1,2,1,1.0,7
201200029945,0012-03-16 08:00:00,12,3,16,8,0,490,328,RENAULT (BOULEVARD LOUIS,47.25328,-0.08471,Plein jour,En agglomération,Hors intersection,Brouillard / fumée,Autre collision,,,,,,,,,,,1,2,1,5.0,6
201200029946,0012-03-26 07:10:00,12,3,26,7,10,490,328,MORTINS (Route des),47.27582,-0.13138,Crépuscule ou aube,Hors agglomération,Hors intersection,Normale,Sans collision,,,,,,,,,,,2,1,1,1.0,7
201200029947,0012-03-29 08:30:00,12,3,29,8,30,490,328,Rue BURY,47.25556,-0.07967,Plein jour,En agglomération,Hors intersection,Normale,Deux véhicules - côté,,,,,,,,,,,1,2,1,1.0,3
201200029948,0012-03-29 13:15:00,12,3,29,13,15,490,328,BEAUREPAIRE (RUE),47.26039,-0.08162,Plein jour,En agglomération,Intersection en X,Normale,Deux véhicules - côté,,,,,,,,,,,1,2,2,1.0,3
201200029949,0012-04-02 11:45:00,12,4,2,11,45,490,328,Bd DELESSERT,47.25918,-0.08879,Plein jour,En agglomération,Hors intersection,Normale,Trois véhicules et plus - en chaîne,,,,,,,,,,,1,2,1,1.0,4
201200029950,0012-03-02 18:00:00,12,3,2,18,0,490,328,DEMOISELLES (Bd des),47.27788,-0.06416,Plein jour,En agglomération,Hors intersection,Normale,Sans collision,,,,,,,,,,,1,2,1,1.0,7
201200029951,0012-04-14 10:35:00,12,4,14,10,35,490,328,MARAICHERS (AVENUE,47.27337,-0.06937,Plein jour,En agglomération,Intersection en X,Normale,Deux véhicules - côté,,,,,,,,,,,1,2,2,1.0,3
201200029952,0012-04-29 19:35:00,12,4,29,19,35,490,328,CADRE NOIR (PONT DU),47.27071,-0.08483,Plein jour,Hors agglomération,Hors intersection,Normale,Autre collision,,,,,,,,,,,1,1,1,1.0,6
201200029953,0012-05-02 07:20:00,12,5,2,7,20,490,328,MOULIN (BOULEVARD JEAN),47.23598,-0.07086,Plein jour,En agglomération,Hors intersection,Normale,Deux véhicules - côté,,,,,,,,,,,1,2,1,1.0,3
201200029954,0012-05-03 12:30:00,12,5,3,12,30,490,328,DE LATTRE DE TASSIGNY (B,47.26281,-0.09034,Plein jour,En agglomération,Giratoire,Normale,Trois véhicules et plus - collisions multiples,,,,,,,,,,,1,2,6,1.0,5
201200029955,0012-05-07 14:05:00,12,5,7,14,5,490,328,"143, TOURS (ROUTE DE)",47.2623,-0.05297,Plein jour,En agglomération,Hors intersection,Normale,Deux véhicules - côté,,,,,,,,,,,1,2,1,1.0,3
201200029956,0012-05-07 13:55:00,12,5,7,13,55,490,328,"sans, AMY (RUE ROBERT)",47.24932,-0.07731,Plein jour,En agglomération,Intersection en X,Normale,Deux véhicules - côté,,,,,,,,,,,1,2,2,1.0,3
201200029957,0012-05-07 19:15:00,12,5,7,19,15,490,328,MONTSOREAU (ROUTE DE),47.24216,-0.02708,Plein jour,En agglomération,Hors intersection,Normale,Trois véhicules et plus - collisions multiples,,,,,,,,,,,1,2,1,1.0,5