accident_id,datetime,annee,mois,jour,heure,minute,departement,commune_insee,adresse,latitude,longitude,luminosite,agglomeration,intersection,meteo,collision,nb_vehicules,nb_usagers,nb_indemnes,nb_tues,nb_blesses_hosp,nb_blesses_legers,age_cond_1,age_cond_2,veh_type_cond_1,veh_type_cond_2,lum_code,agg_code,int_code,atm_code,col_code
201200030456,0012-11-17 14:00:00,12,11,17,14,0,520,121,"7, BEL AIR (PLACE)",48.11665,5.14115,Plein jour,En agglomération,Hors intersection,Normale,Autre collision,,,,,,,,,,,1,2,1,1.0,6
201200030457,0012-11-16 15:58:00,12,11,16,15,58,520,121,"38, GENERAL GIRAUD (RUE)",48.10052,5.14107,Plein jour,En agglomération,Hors intersection,Normale,Autre collision,,,,,,,,,,,1,2,1,1.0,6
201200030458,0012-12-03 18:35:00,12,12,3,18,35,520,121,"0, BLONDEL (RUE ANDRE).",48.10945,5.14024,Nuit avec éclairage allumé,En agglomération,Intersection en X,Pluie forte,Autre collision,,,,,,,,,,,5,2,2,3.0,6
201200030459,0012-12-03 18:15:00,12,12,3,18,15,520,121,"0, RD 674",48.11683,5.15437,Nuit avec éclairage allumé,En agglomération,Intersection en X,Pluie légère,Autre collision,,,,,,,,,,,5,2,2,2.0,6
201200030460,0012-12-22 10:07:00,12,12,22,10,7,520,121,"34, TREFOUSSE (RUE JULES",48.11072,5.14116,Plein jour,En agglomération,Intersection en T,Normale,Autre collision,,,,,,,,,,,1,2,3,1.0,6
201200030461,0012-01-16 19:20:00,12,1,16,19,20,520,448,"3, THIL (RUE MARCEL)",48.64197,4.97398,Nuit avec éclairage allumé,En agglomération,Hors intersection,Normale,Deux véhicules - côté,,,,,,,,,,,5,2,1,1.0,3
201200030462,0012-03-04 03:35:00,12,3,4,3,35,520,448,"165, CLEFMONTS (RUE DES)",48.62917,4.99112,Nuit sans éclairage public,En agglomération,Hors intersection,Pluie légère,Autre collision,,,,,,,,,,,3,2,1,2.0,6
201200030463,0012-03-04 11:25:00,12,3,4,11,25,520,448,"446, REPUBLIQUE (AVE DE",48.63793,4.93808,Plein jour,En agglomération,Hors intersection,Normale,Autre collision,,,,,,,,,,,1,2,1,1.0,6
201200030464,0012-03-16 08:35:00,12,3,16,8,35,520,448,"25, CAMUS (RUE JEAN)",48.63793,4.97947,Plein jour,En agglomération,Hors intersection,Normale,Autre collision,,,,,,,,,,,1,2,1,1.0,6
201200030465,0012-04-17 15:25:00,12,4,17,15,25,520,448,"14, LACHATS (RUE DES)",48.63381,4.96205,Plein jour,En agglomération,Hors intersection,Normale,Deux véhicules - frontale,,,,,,,,,,,1,2,1,1.0,1
201200030466,0012-07-19 14:00:00,12,7,19,14,0,520,448,"18, MAUGUET (PLACE EMILE",48.63812,4.95015,Plein jour,En agglomération,Hors intersection,Normale,Autre collision,,,,,,,,,,,1,2,1,1.0,6
201200030467,0012-08-28 16:30:00,12,8,28,16,30,520,448,"1, ROUSSEAU (RUE JEAN-JA",48.64285,4.954,Plein jour,En agglomération,Autre intersection,Normale,Sans collision,,,,,,,,,,,1,2,9,1.0,7
201200030468,0012-09-05 10:00:00,12,9,5,10,0,520,448,"01, ETATS UNIS (AVENUE D",48.63585,4.96505,Plein jour,En agglomération,Hors intersection,Normale,Deux véhicules - côté,,,,,,,,,,,1,2,1,1.0,3
201200030469,0012-09-12 15:20:00,12,9,12,15,20,520,448,"1, GAULLE (PLACE DU GENE",48.63816,4.95196,Plein jour,En agglomération,Hors intersection,Normale,Autre collision,,,,,,,,,,,1,2,1,1.0,6
201200030470,0012-09-27 16:00:00,12,9,27,16,0,520,448,TROIS FONTAINES (ROUTE D,48.66171,4.94465,Plein jour,Hors agglomération,Hors intersection,Normale,Autre collision,,,,,,,,,,,1,1,1,1.0,6
201200030471,0012-09-26 07:55:00,12,9,26,7,55,520,448,"1, RAOUL Laurent ( RUE )",48.64625,4.9599,Plein jour,En agglomération,Hors intersection,Normale,Autre collision,,,,,,,,,,,1,2,1,1.0,6
201200030472,0012-09-14 21:15:00,12,9,14,21,15,520,448,"9, DUNANT (BOULEVARD HEN",48.64451,4.96805,Crépuscule ou aube,En agglomération,Hors intersection,Normale,Deux véhicules - côté,,,,,,,,,,,2,2,1,1.0,3
201200030473,0012-10-27 15:20:00,12,10,27,15,20,520,448,"1, BARBAUX (RUE ANDRE) I",48.64506,4.96409,Plein jour,En agglomération,Hors intersection,Normale,Autre collision,,,,,,,,,,,1,2,1,1.0,6
201200030474,0012-11-26 13:00:00,12,11,26,13,0,520,448,RN4,48.63992,4.91628,Plein jour,Hors agglomération,Hors intersection,Normale,Autre collision,,,,,,,,,,,1,1,1,1.0,6
201200030475,0012-12-20 18:40:00,12,12,20,18,40,520,448,"4, Raoul Laurent (avenue",48.64875,4.96026,Nuit avec éclairage allumé,En agglomération,Hors intersection,Pluie forte,Autre collision,,,,,,,,,,,5,2,1,3.0,6
201200030476,0012-12-31 18:35:00,12,12,31,18,35,530,34,RD 32 VERS ARGENTRE,48.08508,-0.7005,Nuit sans éclairage public,Hors agglomération,Hors intersection,Pluie forte,Deux véhicules - côté,,,,,,,,,,,3,1,1,3.0,3
201200030477,0012-02-06 15:00:00,12,2,6,15,0,530,130,"80, BONAPARTE ( AVENUE )",48.06309,-0.7523,Plein jour,En agglomération,Hors intersection,Neige / grêle,Autre collision,,,,,,,,,,,1,2,1,4.0,6
201200030478,0012-02-22 17:10:00,12,2,22,17,10,530,130,"84, MAYENNE ( AVENUE DE",48.07983,-0.75269,Plein jour,En agglomération,Hors intersection,Normale,Autre collision,,,,,,,,,,,1,2,1,1.0,6
201200030479,0012-02-28 15:35:00,12,2,28,15,35,530,130,8 MAI 1945 ( BOULEVARD),48.06463,-0.78764,Plein jour,En agglomération,Intersection en X,Normale,Sans collision,,,,,,,,,,,1,2,2,1.0,7
201200030480,0012-03-01 12:00:00,12,3,1,12,0,530,130,"94, GAVRE ( QUAI BEATRIX",48.07499,-0.77023,Plein jour,En agglomération,Intersection en T,Normale,Deux véhicules - côté,,,,,,,,,,,1,2,3,1.0,3
201200030481,0012-03-02 20:00:00,12,3,2,20,0,530,130,"0, GRAT ( BOULEVARD FELI",48.06871,-0.76207,Nuit avec éclairage allumé,En agglomération,Intersection en T,Normale,Deux véhicules - côté,,,,,,,,,,,5,2,3,1.0,3
201200030482,0012-03-14 14:55:00,12,3,14,14,55,530,130,"110, CHANZY (AVENUE DE)",48.0685,-0.75438,Plein jour,En agglomération,Intersection en X,Normale,Autre collision,,,,,,,,,,,1,2,2,1.0,6
201200030483,0012-03-23 14:55:00,12,3,23,14,55,530,54,COUSINIERE ( LIEU DIT LA,48.12716,-0.85481,Plein jour,Hors agglomération,Autre intersection,Normale,Autre collision,,,,,,,,,,,1,1,9,1.0,6
201200030484,0012-05-13 15:35:00,12,5,13,15,35,530,130,"28, BAS DES BOIS ( RUE D",48.05791,-0.76184,Plein jour,En agglomération,Hors intersection,Normale,Autre collision,,,,,,,,,,,1,2,1,1.0,6
201200030485,0012-07-01 05:55:00,12,7,1,5,55,530,130,"30, GAVRE ( QUAI BEATRIX",,,Crépuscule ou aube,En agglomération,Hors intersection,Normale,Autre collision,,,,,,,,,,,2,2,1,1.0,6
201200030486,0012-07-07 12:15:00,12,7,7,12,15,530,34,RD 32 VERS ARGENTRE,48.07426,-0.72927,Plein jour,Hors agglomération,Hors intersection,Normale,Deux véhicules - frontale,,,,,,,,,,,1,1,1,1.0,1
201200030487,0012-08-03 21:25:00,12,8,3,21,25,530,130,TRAPPISTINES ( BOULEVARD,48.05985,-0.77613,Plein jour,En agglomération,Intersection en T,Normale,Deux véhicules - côté,,,,,,,,,,,1,2,3,1.0,3
201200030488,0012-08-20 23:25:00,12,8,20,23,25,530,54,Tivoli,48.09007,-0.781,Nuit sans éclairage public,Hors agglomération,Hors intersection,Normale,Autre collision,,,,,,,,,,,3,1,1,1.0,6
201200030489,0012-08-30 11:00:00,12,8,30,11,0,530,130,"48, MACE ( RUE JEAN )",48.0762,-0.77638,Plein jour,En agglomération,Hors intersection,Normale,Autre collision,,,,,,,,,,,1,2,1,1.0,6
201200030490,0012-10-02 15:30:00,12,10,2,15,30,530,130,DU GUESCLIN ( BOULEVARD,48.07722,-0.79583,Plein jour,En agglomération,Autre intersection,Normale,Deux véhicules - frontale,,,,,,,,,,,1,2,9,1.0,1
201200030491,0012-11-15 17:00:00,12,11,15,17,0,530,130,PONT DE PRITZ,48.08953,-0.77706,Crépuscule ou aube,Hors agglomération,Hors intersection,Normale,Deux véhicules - arrière,,,,,,,,,,,2,1,1,1.0,2
201200030492,0012-12-04 18:35:00,12,12,4,18,35,530,34,"0, RD 57 VERS LE MANS",48.07018,-0.69763,Nuit sans éclairage public,En agglomération,Intersection en T,Pluie forte,Deux véhicules - côté,,,,,,,,,,,3,2,3,3.0,3
201200030493,0012-12-07 15:10:00,12,12,7,15,10,530,130,ELAIN (BOULEVARD PIERRE),48.08084,-0.79624,Plein jour,Hors agglomération,Hors intersection,Temps éblouissant,Autre collision,,,,,,,,,,,1,1,1,7.0,6
201200030494,0012-12-15 17:50:00,12,12,15,17,50,530,130,"1, FOUGERES ( AVENUE DE",48.08038,-0.79499,Nuit avec éclairage allumé,En agglomération,Hors intersection,Pluie légère,Autre collision,,,,,,,,,,,5,2,1,2.0,6
201200030495,0012-05-07 15:20:00,12,5,7,15,20,540,99,REPUBLIQUE (AVENUE DE LA,49.24394,5.94121,Plein jour,En agglomération,Hors intersection,Normale,Trois véhicules et plus - collisions multiples,,,,,,,,,,,1,2,1,1.0,5
201200030496,0012-04-10 17:20:00,12,4,10,17,20,540,136,VERDUN (RUE DE),49.16377,5.83766,Plein jour,En agglomération,Hors intersection,Pluie légère,Deux véhicules - frontale,,,,,,,,,,,1,2,1,2.0,1
201200030497,0012-07-21 11:15:00,12,7,21,11,15,540,273,"12, REPUBLIQUE (AVENUE D",49.15831,5.87934,Plein jour,En agglomération,Hors intersection,Normale,Autre collision,,,,,,,,,,,1,2,1,1.0,6
201200030498,0012-10-22 19:27:00,12,10,22,19,27,540,253,DEPARTEMENTALE 136,49.19315,5.91142,Nuit avec éclairage allumé,En agglomération,Hors intersection,Normale,Autre collision,,,,,,,,,,,5,2,1,1.0,6
201200030499,0012-04-04 20:20:00,12,4,4,20,20,540,483,"3, JEU DE PAUME (RUE DU)",48.63413,6.30111,Nuit avec éclairage allumé,En agglomération,Intersection en T,Normale,Deux véhicules - côté,,,,,,,,,,,5,2,3,1.0,3
201200030500,0012-04-20 12:10:00,12,4,20,12,10,540,483,"11bis, JOLAIN (RUE)",48.63077,6.3011,Plein jour,En agglomération,Hors intersection,Normale,Deux véhicules - côté,,,,,,,,,,,1,2,1,1.0,3
201200030501,0012-05-09 16:00:00,12,5,9,16,0,540,549,"6, PERI (RUE GABRIEL)",48.63599,6.31434,Plein jour,En agglomération,Hors intersection,Normale,Autre collision,,,,,,,,,,,1,2,1,1.0,6
201200030502,0012-05-24 10:00:00,12,5,24,10,0,540,159,"1, PERI (RUE GABRIEL)",48.62739,6.34329,Plein jour,En agglomération,Hors intersection,Normale,Sans collision,,,,,,,,,,,1,2,1,1.0,7
201200030503,0012-06-09 14:05:00,12,6,9,14,5,540,159,"14, MARECHAL DE L. DE TA",48.63088,6.35513,Plein jour,En agglomération,Intersection en T,Normale,Deux véhicules - côté,,,,,,,,,,,1,2,3,1.0,3
201200030504,0012-06-22 11:20:00,12,6,22,11,20,540,159,"2, MERMOZ (RUE JEAN)",48.6155,6.35077,Plein jour,En agglomération,Hors intersection,Normale,Sans collision,,,,,,,,,,,1,2,1,1.0,7
201200030505,0012-06-22 12:00:00,12,6,22,12,0,540,483,D 401,48.63603,6.30108,Plein jour,Hors agglomération,Intersection en T,Normale,Deux véhicules - côté,,,,,,,,,,,1,1,3,1.0,3
201200030506,0012-07-31 04:15:00,12,7,31,4,15,540,549,ART SUR MEURTHE (ROUTE D,48.3831,6.1756,Nuit avec éclairage allumé,En agglomération,Hors intersection,Pluie légère,Sans collision,,,,,,,,,,,5,2,1,2.0,7
201200030507,0012-08-06 07:40:00,12,8,6,7,40,540,159,LUNEVILLE (AVENUE DE),48.61323,6.36933,Crépuscule ou aube,Hors agglomération,Intersection en T,Temps couvert,Deux véhicules - frontale,,,,,,,,,,,2,1,3,8.0,1
201200030508,0012-08-16 11:00:00,12,8,16,11,0,540,483,"77, JOLAIN (RUE)",48.62605,6.29408,Plein jour,En agglomération,Autre intersection,Normale,Autre collision,,,,,,,,,,,1,2,9,1.0,6
201200030509,0012-09-07 13:00:00,12,9,7,13,0,540,159,"08, MATHIEU DE DOMBASLE",48.62575,6.3473,Plein jour,En agglomération,Hors intersection,Normale,Deux véhicules - côté,,,,,,,,,,,1,2,1,1.0,3
201200030510,0012-09-25 13:20:00,12,9,25,13,20,540,549,"6, PERI (RUE GABRIEL)",48.6364,6.31306,Plein jour,En agglomération,Hors intersection,Pluie légère,Sans collision,,,,,,,,,,,1,2,1,2.0,7
201200030511,0012-10-19 18:55:00,12,10,19,18,55,540,483,"32, FRANCE (RUE ANATOLE)",48.63155,6.30477,Nuit avec éclairage allumé,En agglomération,Hors intersection,Normale,Sans collision,,,,,,,,,,,5,2,1,1.0,7
201200030512,0012-11-11 05:37:00,12,11,11,5,37,540,254,52 (ROUTE NATIONALE),49.48761,5.81352,Nuit sans éclairage public,Hors agglomération,Hors intersection,Normale,Autre collision,,,,,,,,,,,3,1,1,1.0,6
201200030513,0012-11-29 13:46:00,12,11,29,13,46,540,261,"157, PARIS (RUE DE)",49.51995,5.78822,Plein jour,En agglomération,Hors intersection,Normale,Autre collision,,,,,,,,,,,1,2,1,1.0,6
201200030514,0012-01-14 11:25:00,12,1,14,11,25,540,323,"6, JEAN-JACQUES ROUSSEAU",49.52504,5.76088,Plein jour,En agglomération,Hors intersection,Normale,Autre collision,,,,,,,,,,,1,2,1,1.0,6
201200030515,0012-11-26 21:20:00,12,11,26,21,20,540,367,NATIONALE 52 (ROUTE),49.50569,5.78237,Nuit sans éclairage public,Hors agglomération,Autre intersection,Normale,Deux véhicules - frontale,,,,,,,,,,,3,1,9,1.0,1
201200030516,0012-02-08 14:50:00,12,2,8,14,50,540,493,"57, LONGWY (RUE DE)",49.52643,5.81118,Plein jour,En agglomération,Hors intersection,Normale,Trois véhicules et plus - collisions multiples,,,,,,,,,,,1,2,1,1.0,5
201200030517,0012-03-04 13:45:00,12,3,4,13,45,540,261,"0, HIPPOLYTE D'HUART (RU",,,Plein jour,En agglomération,Hors intersection,Normale,Autre collision,,,,,,,,,,,1,2,1,1.0,6
201200030518,0012-01-05 17:45:00,12,1,5,17,45,540,323,"39, ANDRE MALRAUX (AVENU",49.52417,5.75987,Plein jour,En agglomération,Hors intersection,Vent fort / tempête,Deux véhicules - côté,,,,,,,,,,,1,2,1,6.0,3
201200030519,0012-10-09 16:40:00,12,10,9,16,40,540,323,MERCY (RUE),49.52302,5.76442,Plein jour,En agglomération,Hors intersection,Normale,Autre collision,,,,,,,,,,,1,2,1,1.0,6
201200030520,0012-06-03 19:35:00,12,6,3,19,35,540,254,196 (ROUTE DEPARTEMENTAL,,,Crépuscule ou aube,Hors agglomération,Hors intersection,Pluie légère,Deux véhicules - frontale,,,,,,,,,,,2,1,1,2.0,1
201200030521,0012-06-20 16:00:00,12,6,20,16,0,540,382,EUROPE (AVENUE DE L'),,,Plein jour,En agglomération,Autre intersection,Normale,Autre collision,,,,,,,,,,,1,2,9,1.0,6
201200030522,0012-07-01 20:25:00,12,7,1,20,25,540,321,ERNEST HEMINGWAY (AVENUE,,,Nuit sans éclairage public,En agglomération,Hors intersection,Normale,Autre collision,,,,,,,,,,,3,2,1,1.0,6
201200030523,0012-05-30 12:10:00,12,5,30,12,10,540,323,52 (ROUTE NATIONALE),49.52169,5.75275,Plein jour,Hors agglomération,Hors intersection,Normale,Trois véhicules et plus - en chaîne,,,,,,,,,,,1,1,1,1.0,4
201200030524,0012-04-20 16:55:00,12,4,20,16,55,540,323,52 (ROUTE NATIONALE),49.5429,5.76464,Crépuscule ou aube,Hors agglomération,Hors intersection,Normale,Deux véhicules - frontale,,,,,,,,,,,2,1,1,1.0,1
201200030525,0012-05-06 06:35:00,12,5,6,6,35,540,321,EUROPE (AVENUE DE L'),,,Crépuscule ou aube,Hors agglomération,Hors intersection,Normale,Autre collision,,,,,,,,,,,2,1,1,1.0,6
201200030526,0012-10-07 21:45:00,12,10,7,21,45,540,321,ERNEST HEMINGWAY (AVENUE,,,Nuit avec éclairage allumé,En agglomération,Hors intersection,Normale,Autre collision,,,,,,,,,,,5,2,1,1.0,6
201200030527,0012-10-19 22:23:00,12,10,19,22,23,540,382,EUROPE (AVENUE DE L'),,,Nuit avec éclairage allumé,Hors agglomération,Hors intersection,Normale,Deux véhicules - arrière,,,,,,,,,,,5,1,1,1.0,2
201200030528,0012-10-24 16:01:00,12,10,24,16,1,540,493,LONGWY (RUE DE),,,Plein jour,En agglomération,Intersection en T,Normale,Deux véhicules - côté,,,,,,,,,,,1,2,3,1.0,3
201200030529,0012-09-20 19:15:00,12,9,20,19,15,540,261,CONCORDE (RUE DE LA),49.52415,5.80304,Crépuscule ou aube,En agglomération,Hors intersection,Normale,Deux véhicules - côté,,,,,,,,,,,2,2,1,1.0,3
201200030530,0012-11-28 15:00:00,12,11,28,15,0,540,493,LONGWY (RUE DE),49.5244,5.80617,Plein jour,En agglomération,Hors intersection,Normale,Autre collision,,,,,,,,,,,1,2,1,1.0,6
201200030531,0012-12-05 14:54:00,12,12,5,14,54,540,382,"4, HUIT MAI 1945 (BOULEV",49.54518,5.78419,Plein jour,En agglomération,Autre intersection,Normale,Deux véhicules - côté,,,,,,,,,,,1,2,9,1.0,3
201200030532,0012-10-30 14:15:00,12,10,30,14,15,540,382,52 (ROUTE NATIONALE),49.53384,5.75716,Plein jour,Hors agglomération,Hors intersection,Normale,Deux véhicules - frontale,,,,,,,,,,,1,1,1,1.0,1
201200030533,0012-12-18 18:12:00,12,12,18,18,12,540,321,"20, LUXEMBOURG (AVENUE D",49.54047,5.81373,Nuit sans éclairage public,En agglomération,Hors intersection,Pluie légère,Autre collision,,,,,,,,,,,3,2,1,2.0,6
201200030534,0012-12-22 19:12:00,12,12,22,19,12,540,382,"1, EUROPE (AVENUE DE L')",,,Plein jour,En agglomération,Passage à niveau,Normale,Autre collision,,,,,,,,,,,1,2,8,1.0,6
201200030535,0012-03-23 10:45:00,12,3,23,10,45,540,329,"3, AVENUE DE LA LIBERATI",48.58666,6.51014,Plein jour,En agglomération,Hors intersection,Normale,Sans collision,,,,,,,,,,,1,2,1,1.0,7
201200030536,0012-12-05 17:25:00,12,12,5,17,25,540,329,"3 ET 5, RUE PACATTE",48.59389,6.48963,Nuit avec éclairage allumé,En agglomération,Hors intersection,Normale,Autre collision,,,,,,,,,,,5,2,1,1.0,6
201200030537,0012-10-02 12:10:00,12,10,2,12,10,540,329,"21, RUE DU GENERAL CHANZ",,,Plein jour,En agglomération,Autre intersection,Normale,Autre collision,,,,,,,,,,,1,2,9,1.0,6
201200030538,0012-01-03 16:15:00,12,1,3,16,15,540,482,CARNOT (AVENUE),48.70193,6.21255,Plein jour,En agglomération,Intersection en X,Pluie légère,Autre collision,,,,,,,,,,,1,2,2,2.0,6
201200030539,0012-01-03 20:00:00,12,1,3,20,0,540,395,CLEMENCEAU (BD GEORGES),48.67567,6.18207,Nuit avec éclairage allumé,En agglomération,Intersection en X,Pluie légère,Deux véhicules - arrière,,,,,,,,,,,5,2,2,2.0,2
201200030540,0012-01-03 20:35:00,12,1,3,20,35,540,395,JOFFRE (Parking),48.68589,6.18089,Nuit avec éclairage allumé,En agglomération,Intersection en Y,Pluie forte,Deux véhicules - côté,,,,,,,,,,,5,2,4,3.0,3
201200030541,0012-01-03 20:40:00,12,1,3,20,40,540,578,"50, AIGUILLETTES  (BD 5",48.6703,6.15825,Nuit avec éclairage allumé,En agglomération,Intersection en X,Pluie forte,Deux véhicules - frontale,,,,,,,,,,,5,2,2,3.0,1
201200030542,0012-01-04 18:10:00,12,1,4,18,10,540,257,"0, ERABLES (AVENUE DES)",48.64352,6.18241,Nuit avec éclairage allumé,En agglomération,Giratoire,Normale,Autre collision,,,,,,,,,,,5,2,6,1.0,6
201200030543,0012-01-05 07:10:00,12,1,5,7,10,540,257,SONGEUR (RUE LEON),48.65617,6.19952,Nuit avec éclairage allumé,En agglomération,Intersection en X,Pluie forte,Sans collision,,,,,,,,,,,5,2,2,3.0,7
201200030544,0012-01-05 07:50:00,12,1,5,7,50,540,547,BARTHOU (BD LOUIS),48.66705,6.19031,Nuit avec éclairage allumé,En agglomération,Intersection à plus de 4 branches,Pluie forte,Deux véhicules - côté,,,,,,,,,,,5,2,5,3.0,3
201200030545,0012-01-06 16:00:00,12,1,6,16,0,540,304,"0, BOIS GRONEE (AVENUE D",48.68461,6.13359,Plein jour,En agglomération,Hors intersection,Normale,Deux véhicules - arrière,,,,,,,,,,,1,2,1,1.0,2
201200030546,0012-01-06 17:20:00,12,1,6,17,20,540,395,MILLENAIRE (PONT DU),48.6814,6.21527,Crépuscule ou aube,Hors agglomération,Hors intersection,Pluie légère,Deux véhicules - arrière,,,,,,,,,,,2,1,1,2.0,2
201200030547,0012-01-06 19:15:00,12,1,6,19,15,540,395,"1, VINGTIEME CORPS (AVEN",48.69227,6.18806,Nuit avec éclairage allumé,En agglomération,Hors intersection,Normale,Deux véhicules - arrière,,,,,,,,,,,5,2,1,1.0,2
201200030548,0012-01-07 02:05:00,12,1,7,2,5,540,395,"50, CROIX DE BOURGOGNE (",48.68517,6.1722,Nuit avec éclairage allumé,En agglomération,Intersection en T,Normale,Autre collision,,,,,,,,,,,5,2,3,1.0,6
201200030549,0012-01-07 16:37:00,12,1,7,16,37,540,395,SCARPONE (BD DE),48.70619,6.16225,Crépuscule ou aube,En agglomération,Hors intersection,Pluie forte,Deux véhicules - arrière,,,,,,,,,,,2,2,1,3.0,2
201200030550,0012-01-09 19:20:00,12,1,9,19,20,540,526,"1, POTIER (RUE EUGENE)",48.68935,6.21554,Nuit avec éclairage allumé,En agglomération,Intersection en X,Pluie légère,Deux véhicules - côté,,,,,,,,,,,5,2,2,2.0,3
201200030551,0012-01-09 19:45:00,12,1,9,19,45,540,300,"0, LECLERC (RUE DU GENER",48.65437,6.22919,Nuit avec éclairage allumé,En agglomération,Intersection en X,Pluie légère,Deux véhicules - côté,,,,,,,,,,,5,2,2,2.0,3
201200030552,0012-01-10 16:50:00,12,1,10,16,50,540,339,"153, LECLERC (AVENUE ET",48.72337,6.1808,Plein jour,En agglomération,Hors intersection,Normale,Autre collision,,,,,,,,,,,1,2,1,1.0,6
201200030553,0012-01-10 11:45:00,12,1,10,11,45,540,482,"103, CARNOT (AVENUE)",48.70189,6.21244,Plein jour,En agglomération,Intersection en X,Normale,Autre collision,,,,,,,,,,,1,2,2,1.0,6
201200030554,0012-01-10 18:00:00,12,1,10,18,0,540,184,SAINT GEORGES (RUE),48.70639,6.22106,Nuit avec éclairage allumé,En agglomération,Intersection en T,Normale,Deux véhicules - arrière,,,,,,,,,,,5,2,3,1.0,2
201200030555,0012-01-11 13:10:00,12,1,11,13,10,540,395,"1, BATAILLE (QUAI DE LA)",,,Plein jour,En agglomération,Hors intersection,Normale,Deux véhicules - côté,,,,,,,,,,,1,2,1,1.0,3
201200030556,0012-01-12 07:30:00,12,1,12,7,30,540,578,MULLER (AVENUE PAUL),48.65825,6.13845,Crépuscule ou aube,Hors agglomération,Hors intersection,Brouillard / fumée,Deux véhicules - côté,,,,,,,,,,,2,1,1,5.0,3
201200030557,0012-01-12 14:00:00,12,1,12,14,0,540,547,PALISSY (RUE BERNARD),48.65459,6.17862,Plein jour,En agglomération,Autre intersection,Normale,Deux véhicules - arrière,,,,,,,,,,,1,2,9,1.0,2
201200030558,0012-01-12 18:15:00,12,1,12,18,15,540,547,ARC (AVENUE JEANNE D'),48.65992,6.18362,Nuit avec éclairage allumé,En agglomération,Hors intersection,Normale,Deux véhicules - arrière,,,,,,,,,,,5,2,1,1.0,2
201200030559,0012-01-13 07:10:00,12,1,13,7,10,540,25,RD 2 Bis,48.65947,6.25885,Nuit avec éclairage allumé,En agglomération,Intersection en Y,Brouillard / fumée,Deux véhicules - côté,,,,,,,,,,,5,2,4,5.0,3
201200030560,0012-01-14 10:28:00,12,1,14,10,28,540,395,"0, POINCARE (RUE RAYMOND",48.69002,6.17173,Plein jour,En agglomération,Intersection en X,Temps éblouissant,Autre collision,,,,,,,,,,,1,2,2,7.0,6
201200030561,0012-01-14 12:15:00,12,1,14,12,15,540,395,"0, STRASBOURG (AVENUE DE",48.67886,6.19734,Plein jour,En agglomération,Intersection en X,Normale,Deux véhicules - côté,,,,,,,,,,,1,2,2,1.0,3
201200030562,0012-01-18 07:50:00,12,1,18,7,50,540,257,MIRECOURT (ROUTE DE),48.65289,6.18504,Crépuscule ou aube,En agglomération,Hors intersection,Normale,Deux véhicules - arrière,,,,,,,,,,,2,2,1,1.0,2
201200030563,0012-01-18 12:40:00,12,1,18,12,40,540,547,"2, LECLERC (AVENUE DU GE",48.65891,6.15801,Plein jour,En agglomération,Hors intersection,Temps couvert,Trois véhicules et plus - en chaîne,,,,,,,,,,,1,2,1,8.0,4
201200030564,0012-01-19 15:00:00,12,1,19,15,0,540,547,EUROPE (BOULEVARD DE L'),48.65815,6.1777,Plein jour,Hors agglomération,Intersection en X,Pluie légère,Autre collision,,,,,,,,,,,1,1,2,2.0,6
201200030565,0012-01-19 17:50:00,12,1,19,17,50,540,395,"0, PINCHARD (AVENUE - OM",48.70106,6.14227,Nuit sans éclairage public,Hors agglomération,Giratoire,Pluie forte,Autre collision,,,,,,,,,,,3,1,6,3.0,6
201200030566,0012-01-20 14:35:00,12,1,20,14,35,540,547,BOURGOGNE (AVENUE DE),48.65036,6.1478,Plein jour,En agglomération,Hors intersection,Normale,Deux véhicules - côté,,,,,,,,,,,1,2,1,1.0,3
201200030567,0012-01-20 15:50:00,12,1,20,15,50,540,197,"0, RD 71",48.63765,6.21118,Plein jour,En agglomération,Intersection en T,Pluie forte,Deux véhicules - côté,,,,,,,,,,,1,2,3,3.0,3
201200030568,0012-01-20 16:36:00,12,1,20,16,36,540,395,"110, SAINT JEAN (RUE)",48.68949,6.17845,Plein jour,En agglomération,Intersection en X,Pluie légère,Autre collision,,,,,,,,,,,1,2,2,2.0,6
201200030569,0012-01-20 18:00:00,12,1,20,18,0,540,547,KEHL (RUE DE),48.66027,6.17475,Nuit avec éclairage allumé,En agglomération,Hors intersection,Pluie forte,Autre collision,,,,,,,,,,,5,2,1,3.0,6
201200030570,0012-01-20 18:45:00,12,1,20,18,45,540,547,"0, PALISSY (RUE BERNARD)",48.65151,6.176,Nuit avec éclairage allumé,En agglomération,Hors intersection,Autre,Autre collision,,,,,,,,,,,5,2,1,9.0,6
201200030571,0012-01-19 08:15:00,12,1,19,8,15,540,274,"76, REPUBLIQUE (RUE DE L",48.67132,6.20575,Plein jour,En agglomération,Hors intersection,Autre,Autre collision,,,,,,,,,,,1,2,1,9.0,6
201200030572,0012-01-22 20:30:00,12,1,22,20,30,540,395,"1, LIBERATION (AVENUE DE",48.69325,6.16546,Nuit avec éclairage allumé,En agglomération,Giratoire,Pluie légère,Deux véhicules - côté,,,,,,,,,,,5,2,6,2.0,3
201200030573,0012-01-24 14:30:00,12,1,24,14,30,540,547,"0, MORVAN (RUE DU)",,,Plein jour,En agglomération,Intersection en T,Brouillard / fumée,Autre collision,,,,,,,,,,,1,2,3,5.0,6
201200030574,0012-01-24 13:25:00,12,1,24,13,25,540,395,"1, AUSTRASIE (BOULEVARD)",,,Plein jour,En agglomération,Hors intersection,Normale,Deux véhicules - côté,,,,,,,,,,,1,2,1,1.0,3