accident_id,datetime,annee,mois,jour,heure,minute,departement,commune_insee,adresse,latitude,longitude,luminosite,agglomeration,intersection,meteo,collision,nb_vehicules,nb_usagers,nb_indemnes,nb_tues,nb_blesses_hosp,nb_blesses_legers,age_cond_1,age_cond_2,veh_type_cond_1,veh_type_cond_2,lum_code,agg_code,int_code,atm_code,col_code
201200030697,0012-06-24 17:50:00,12,6,24,17,50,540,395,"74, FOCH (AVENUE 18 ET 9",48.68688,6.16834,Plein jour,En agglomération,Intersection en T,Normale,Autre collision,,,,,,,,,,,1,2,3,1.0,6
201200030698,0012-06-25 16:44:00,12,6,25,16,44,540,395,POINCARE (RUE HENRI),,,Plein jour,En agglomération,Hors intersection,Normale,Autre collision,,,,,,,,,,,1,2,1,1.0,6
201200030699,0012-06-25 18:00:00,12,6,25,18,0,540,395,"12, BERNHEIM (RUE DU DOC",48.67933,6.17815,Plein jour,En agglomération,Hors intersection,Normale,Autre collision,,,,,,,,,,,1,2,1,1.0,6
201200030700,0012-06-26 07:55:00,12,6,26,7,55,540,304,MOSELLE (RUE DE LA),,,Plein jour,En agglomération,Hors intersection,Normale,Autre collision,,,,,,,,,,,1,2,1,1.0,6
201200030701,0012-06-26 20:05:00,12,6,26,20,5,540,395,LULLI (RUE JEAN-BAPTISTE,,,Plein jour,En agglomération,Hors intersection,Normale,Autre collision,,,,,,,,,,,1,2,1,1.0,6
201200030702,0012-06-27 03:30:00,12,6,27,3,30,540,357,"0, METZ (ROUTE DE)",48.71267,6.16807,Nuit avec éclairage allumé,En agglomération,Hors intersection,Normale,Sans collision,,,,,,,,,,,5,2,1,1.0,7
201200030703,0012-06-27 17:15:00,12,6,27,17,15,540,184,BRIGACHTAL (AVENUE DE),48.69896,6.22258,Plein jour,En agglomération,Hors intersection,Normale,Trois véhicules et plus - en chaîne,,,,,,,,,,,1,2,1,1.0,4
201200030704,0012-06-30 11:10:00,12,6,30,11,10,540,395,"1, LEPAGE (RUE BASTIEN)",48.69499,6.19407,Plein jour,En agglomération,Intersection en X,Normale,Deux véhicules - frontale,,,,,,,,,,,1,2,2,1.0,1
201200030705,0012-07-01 14:30:00,12,7,1,14,30,540,300,"177, GALTIER (RUE LUCIEN",48.66597,6.21524,Plein jour,En agglomération,Intersection en T,Normale,Deux véhicules - côté,,,,,,,,,,,1,2,3,1.0,3
201200030706,0012-07-03 10:40:00,12,7,3,10,40,540,274,"53, REPUBLIQUE (RUE DE L",48.67191,6.20505,Plein jour,En agglomération,Intersection en T,Normale,Deux véhicules - arrière,,,,,,,,,,,1,2,3,1.0,2
201200030707,0012-07-03 12:30:00,12,7,3,12,30,540,257,RD 570,48.64755,6.18238,Plein jour,En agglomération,Intersection en X,Normale,Deux véhicules - côté,,,,,,,,,,,1,2,2,1.0,3
201200030708,0012-07-04 10:50:00,12,7,4,10,50,540,395,MANSUY GAUVIN (RUE),48.67888,6.1974,Plein jour,En agglomération,Intersection en T,Normale,Autre collision,,,,,,,,,,,1,2,3,1.0,6
201200030709,0012-07-04 18:30:00,12,7,4,18,30,540,304,"47, LIBERATION (AVENUE D",48.67987,6.16226,Plein jour,En agglomération,Intersection en T,Normale,Deux véhicules - côté,,,,,,,,,,,1,2,3,1.0,3
201200030710,0012-07-04 19:30:00,12,7,4,19,30,540,526,"0, POTIER (RUE EUGENE)",48.68514,6.21958,Plein jour,En agglomération,Hors intersection,Normale,Deux véhicules - côté,,,,,,,,,,,1,2,1,1.0,3
201200030711,0012-07-05 07:30:00,12,7,5,7,30,540,526,MILLENAIRE (BOULEVARD DU,48.68157,6.21599,Plein jour,En agglomération,Hors intersection,Pluie légère,Deux véhicules - côté,,,,,,,,,,,1,2,1,2.0,3
201200030712,0012-07-06 17:08:00,12,7,6,17,8,540,339,DRIANT (RUE DU COLONEL),48.70565,6.1907,Plein jour,En agglomération,Hors intersection,Autre,Trois véhicules et plus - en chaîne,,,,,,,,,,,1,2,1,9.0,4
201200030713,0012-07-06 21:50:00,12,7,6,21,50,540,395,AUSTRASIE (BOULEVARD),48.68788,6.20536,Crépuscule ou aube,En agglomération,Hors intersection,Normale,Autre collision,,,,,,,,,,,2,2,1,1.0,6
201200030714,0012-07-07 11:23:00,12,7,7,11,23,540,304,EUROPE (AVENUE DE L'),48.6801,6.15125,Plein jour,En agglomération,Hors intersection,Normale,Deux véhicules - côté,,,,,,,,,,,1,2,1,1.0,3
201200030715,0012-07-07 15:10:00,12,7,7,15,10,540,274,"0, BALANCIERS (Rue des)",48.66858,6.20911,Plein jour,En agglomération,Hors intersection,Normale,Autre collision,,,,,,,,,,,1,2,1,1.0,6
201200030716,0012-07-09 17:25:00,12,7,9,17,25,540,328,TECHNOLOGIES (BOULEVARD,,,Plein jour,Hors agglomération,Intersection en X,Normale,Deux véhicules - côté,,,,,,,,,,,1,1,2,1.0,3
201200030717,0012-07-09 14:35:00,12,7,9,14,35,540,304,"1, RESISTANCE (AV. DE LA",48.69506,6.12434,Plein jour,En agglomération,Intersection en T,Normale,Deux véhicules - côté,,,,,,,,,,,1,2,3,1.0,3
201200030718,0012-07-11 12:55:00,12,7,11,12,55,540,395,ROTONDE (RUE DE LA),48.68659,6.17337,Plein jour,En agglomération,Hors intersection,Normale,Autre collision,,,,,,,,,,,1,2,1,1.0,6
201200030719,0012-07-12 10:45:00,12,7,12,10,45,540,395,HAUSSONVILLE (BD D'),48.67071,6.16717,Plein jour,En agglomération,Hors intersection,Normale,Autre collision,,,,,,,,,,,1,2,1,1.0,6
201200030720,0012-07-12 11:15:00,12,7,12,11,15,540,395,"178, STRASBOURG (AVENUE",48.68004,6.19564,Plein jour,En agglomération,Hors intersection,Normale,Deux véhicules - arrière,,,,,,,,,,,1,2,1,1.0,2
201200030721,0012-07-13 13:05:00,12,7,13,13,5,540,547,GEMBLOUX (RUE DE),,,Plein jour,En agglomération,Hors intersection,Normale,Autre collision,,,,,,,,,,,1,2,1,1.0,6
201200030722,0012-07-14 10:05:00,12,7,14,10,5,540,395,"1, STRASBOURG (AVENUE DE",48.67726,6.19914,Plein jour,En agglomération,Intersection en T,Normale,Deux véhicules - frontale,,,,,,,,,,,1,2,3,1.0,1
201200030723,0012-07-16 10:15:00,12,7,16,10,15,540,357,LECLERC (RUE DU GENERAL),48.70859,6.16571,Plein jour,En agglomération,Giratoire,Normale,Autre collision,,,,,,,,,,,1,2,6,1.0,6
201200030724,0012-07-16 10:30:00,12,7,16,10,30,540,395,"24, SAINTE CATHERINE (QU",48.6943,6.19153,Plein jour,En agglomération,Hors intersection,Normale,Trois véhicules et plus - en chaîne,,,,,,,,,,,1,2,1,1.0,4
201200030725,0012-07-16 19:53:00,12,7,16,19,53,540,395,STRASBOURG (AVENUE DE),48.67722,6.19909,Plein jour,En agglomération,Intersection en T,Normale,Deux véhicules - côté,,,,,,,,,,,1,2,3,1.0,3
201200030726,0012-07-20 08:45:00,12,7,20,8,45,540,395,"9, PHALSBOURG (RUE DE)",48.68438,6.1804,Plein jour,En agglomération,Hors intersection,Autre,Deux véhicules - côté,,,,,,,,,,,1,2,1,9.0,3
201200030727,0012-07-24 15:50:00,12,7,24,15,50,540,304,CENACLE(ALLEE DU),48.68893,6.13445,Plein jour,En agglomération,Intersection en X,Temps éblouissant,Deux véhicules - côté,,,,,,,,,,,1,2,2,7.0,3
201200030728,0012-07-24 16:45:00,12,7,24,16,45,540,498,"4, GRANDE OZERAILLE (RUE",48.71882,6.26607,Plein jour,En agglomération,Hors intersection,Normale,Sans collision,,,,,,,,,,,1,2,1,1.0,7
201200030729,0012-07-26 08:59:00,12,7,26,8,59,540,184,BRIGACHTAL (AVENUE DE),48.70065,6.2247,Plein jour,En agglomération,Intersection en X,Normale,Deux véhicules - côté,,,,,,,,,,,1,2,2,1.0,3
201200030730,0012-07-25 07:25:00,12,7,25,7,25,540,395,STRASBOURG (AVENUE DE),48.68133,6.1936,Plein jour,En agglomération,Hors intersection,Normale,Deux véhicules - côté,,,,,,,,,,,1,2,1,1.0,3
201200030731,0012-07-27 10:40:00,12,7,27,10,40,540,526,REPUBLIQUE (AVENUE DE LA,48.68836,6.20979,Plein jour,En agglomération,Intersection en X,Normale,Deux véhicules - frontale,,,,,,,,,,,1,2,2,1.0,1
201200030732,0012-07-30 16:20:00,12,7,30,16,20,540,395,LEBRUN (RUE ALBERT),,,Plein jour,En agglomération,Hors intersection,Normale,Autre collision,,,,,,,,,,,1,2,1,1.0,6
201200030733,0012-07-30 16:53:00,12,7,30,16,53,540,184,AGINCOURT  (ANCIENNE ROU,,,Plein jour,Hors agglomération,Hors intersection,Autre,Autre collision,,,,,,,,,,,1,1,1,9.0,6
201200030734,0012-07-30 18:00:00,12,7,30,18,0,540,395,LOBAU (BOULEVARD),48.68562,6.19573,Plein jour,En agglomération,Intersection en T,Pluie légère,Autre collision,,,,,,,,,,,1,2,3,2.0,6
201200030735,0012-07-30 18:20:00,12,7,30,18,20,540,395,"82, LECLERC (AV. DU GENE",48.67341,6.17403,Plein jour,En agglomération,Intersection en X,Pluie légère,Deux véhicules - côté,,,,,,,,,,,1,2,2,2.0,3
201200030736,0012-07-31 09:00:00,12,7,31,9,0,540,439,RONCE (AVENUE DE LA),48.70853,6.2587,Plein jour,En agglomération,Hors intersection,Temps couvert,Deux véhicules - côté,,,,,,,,,,,1,2,1,8.0,3
201200030737,0012-08-01 22:45:00,12,8,1,22,45,540,395,CROIX DE BOURGOGNE (PLAC,,,Nuit avec éclairage allumé,En agglomération,Hors intersection,Normale,Deux véhicules - côté,,,,,,,,,,,5,2,1,1.0,3
201200030738,0012-08-01 07:30:00,12,8,1,7,30,540,357,"40, PATTON (AV. DU GENER",48.70618,6.1621,Plein jour,En agglomération,Hors intersection,Normale,Deux véhicules - côté,,,,,,,,,,,1,2,1,1.0,3
201200030739,0012-08-01 15:30:00,12,8,1,15,30,540,304,BOIS GRONEE (AVENUE DU),48.68021,6.14189,Plein jour,Hors agglomération,Hors intersection,Normale,Deux véhicules - arrière,,,,,,,,,,,1,1,1,1.0,2
201200030740,0012-08-01 17:00:00,12,8,1,17,0,540,578,ESSARTS (BD DES),,,Plein jour,Hors agglomération,Hors intersection,Autre,Deux véhicules - frontale,,,,,,,,,,,1,1,1,9.0,1
201200030741,0012-08-01 17:30:00,12,8,1,17,30,540,184,SOIXANTE NEUVIEME R.I. (,48.71224,6.2483,Plein jour,En agglomération,Intersection en T,Normale,Deux véhicules - arrière,,,,,,,,,,,1,2,3,1.0,2
201200030742,0012-08-01 18:00:00,12,8,1,18,0,540,395,JOFFRE (Boulevard),48.6873,6.179,Plein jour,En agglomération,Hors intersection,Normale,Deux véhicules - côté,,,,,,,,,,,1,2,1,1.0,3
201200030743,0012-08-06 18:15:00,12,8,6,18,15,540,395,SCARPONE (BD DE),,,Plein jour,En agglomération,Hors intersection,Normale,Trois véhicules et plus - en chaîne,,,,,,,,,,,1,2,1,1.0,4
201200030744,0012-08-06 18:30:00,12,8,6,18,30,540,395,"248, STRASBOURG (AVENUE",48.67723,6.19903,Plein jour,En agglomération,Intersection en T,Normale,Deux véhicules - côté,,,,,,,,,,,1,2,3,1.0,3
201200030745,0012-08-07 14:35:00,12,8,7,14,35,540,304,"5, RESISTANCE (AV. DE LA",48.69399,6.13337,Plein jour,En agglomération,Hors intersection,Normale,Deux véhicules - côté,,,,,,,,,,,1,2,1,1.0,3
201200030746,0012-08-08 16:50:00,12,8,8,16,50,540,395,CHARLES III (RUE),48.68771,6.18803,Plein jour,En agglomération,Hors intersection,Normale,Deux véhicules - arrière,,,,,,,,,,,1,2,1,1.0,2
201200030747,0012-08-08 17:45:00,12,8,8,17,45,540,357,RD 30,,,Plein jour,Hors agglomération,Intersection en T,Normale,Deux véhicules - côté,,,,,,,,,,,1,1,3,1.0,3
201200030748,0012-08-09 00:13:00,12,8,9,0,13,540,395,LOBAU (BOULEVARD),48.68567,6.19582,Nuit avec éclairage non allumé,En agglomération,Intersection en X,Normale,Deux véhicules - côté,,,,,,,,,,,4,2,2,1.0,3
201200030749,0012-08-11 08:14:00,12,8,11,8,14,540,395,"26, HAUSSONVILLE (BD D')",48.67254,6.16529,Plein jour,En agglomération,Intersection en T,Normale,Sans collision,,,,,,,,,,,1,2,3,1.0,7
201200030750,0012-08-11 09:10:00,12,8,11,9,10,540,395,BROT (RUE MARCEL),,,Plein jour,En agglomération,Giratoire,Normale,Deux véhicules - arrière,,,,,,,,,,,1,2,6,1.0,2
201200030751,0012-08-14 17:45:00,12,8,14,17,45,540,395,VINGTIEME CORPS (AVENUE,,,Plein jour,En agglomération,Hors intersection,Normale,Autre collision,,,,,,,,,,,1,2,1,1.0,6
201200030752,0012-08-14 17:55:00,12,8,14,17,55,540,547,BARTHOU (BD LOUIS),48.66919,6.18856,Plein jour,En agglomération,Hors intersection,Normale,Trois véhicules et plus - en chaîne,,,,,,,,,,,1,2,1,1.0,4
201200030753,0012-08-15 14:05:00,12,8,15,14,5,540,304,RESISTANCE (AV. DE LA,48.69428,6.13155,Plein jour,En agglomération,Intersection en X,Normale,Deux véhicules - frontale,,,,,,,,,,,1,2,2,1.0,1
201200030754,0012-08-16 01:30:00,12,8,16,1,30,540,395,AIGUILLETTES  (BD DES,48.66827,6.16235,Nuit avec éclairage allumé,En agglomération,Intersection en T,Normale,Deux véhicules - côté,,,,,,,,,,,5,2,3,1.0,3
201200030755,0012-08-16 20:45:00,12,8,16,20,45,540,395,MON DESERT (RUE),48.68313,6.17149,Plein jour,En agglomération,Intersection en X,Normale,Deux véhicules - côté,,,,,,,,,,,1,2,2,1.0,3
201200030756,0012-08-18 17:45:00,12,8,18,17,45,540,526,JAURES (BOULEVARD JEAN),48.69318,6.21234,Plein jour,En agglomération,Hors intersection,Normale,Deux véhicules - côté,,,,,,,,,,,1,2,1,1.0,3
201200030757,0012-08-19 14:40:00,12,8,19,14,40,540,547,EUROPE (BOULEVARD DE L'),48.6626,6.17279,Plein jour,En agglomération,Intersection à plus de 4 branches,Normale,Deux véhicules - côté,,,,,,,,,,,1,2,5,1.0,3
201200030758,0012-08-19 19:20:00,12,8,19,19,20,540,395,"27, LECLERC (AV. DU GENE",48.68317,6.18502,Plein jour,En agglomération,Hors intersection,Normale,Sans collision,,,,,,,,,,,1,2,1,1.0,7
201200030759,0012-08-20 16:30:00,12,8,20,16,30,540,395,"28, VINGT SIXIEME R.I. (",48.69714,6.18904,Plein jour,En agglomération,Hors intersection,Normale,Deux véhicules - arrière,,,,,,,,,,,1,2,1,1.0,2
201200030760,0012-08-20 17:52:00,12,8,20,17,52,540,547,EUROPE (BOULEVARD DE L'),48.66391,6.17061,Plein jour,En agglomération,Hors intersection,Normale,Deux véhicules - arrière,,,,,,,,,,,1,2,1,1.0,2
201200030761,0012-08-22 01:36:00,12,8,22,1,36,540,526,"72, JAURES (BD JEAN)",48.69294,6.21161,Nuit avec éclairage allumé,En agglomération,Hors intersection,Normale,Autre collision,,,,,,,,,,,5,2,1,1.0,6
201200030762,0012-08-21 18:27:00,12,8,21,18,27,540,395,"9, LECLERC (AV. DU GENER",48.68421,6.18622,Plein jour,En agglomération,Hors intersection,Normale,Deux véhicules - côté,,,,,,,,,,,1,2,1,1.0,3
201200030763,0012-08-23 10:10:00,12,8,23,10,10,540,304,SAPINIERE (RUE DE LA),48.6946,6.128,Plein jour,En agglomération,Intersection en T,Normale,Deux véhicules - côté,,,,,,,,,,,1,2,3,1.0,3
201200030764,0012-08-23 10:39:00,12,8,23,10,39,540,395,BARRES (RUE MAURICE),48.69216,6.1854,Plein jour,En agglomération,Hors intersection,Normale,Deux véhicules - frontale,,,,,,,,,,,1,2,1,1.0,1
201200030765,0012-08-25 12:00:00,12,8,25,12,0,540,304,"0, SAPINIERE (RUE DE LA)",,,Plein jour,En agglomération,Intersection en X,Normale,Deux véhicules - côté,,,,,,,,,,,1,2,2,1.0,3
201200030766,0012-08-25 15:00:00,12,8,25,15,0,540,547,"0, ARC (AVENUE JEANNE D'",48.65903,6.18044,Plein jour,En agglomération,Hors intersection,Normale,Deux véhicules - côté,,,,,,,,,,,1,2,1,1.0,3
201200030767,0012-08-29 18:30:00,12,8,29,18,30,540,395,"0, LIBERATION (AVENUE DE",48.69706,6.15795,Plein jour,En agglomération,Intersection en Y,Normale,Trois véhicules et plus - en chaîne,,,,,,,,,,,1,2,4,1.0,4
201200030768,0012-08-30 14:00:00,12,8,30,14,0,540,257,FLEVILLE (ROUTE DE),48.65307,6.20738,Plein jour,En agglomération,Intersection en T,Normale,Autre collision,,,,,,,,,,,1,2,3,1.0,6
201200030769,0012-08-31 16:40:00,12,8,31,16,40,540,300,BIZE (RUE GILBERT),48.63588,6.28427,Plein jour,Hors agglomération,Intersection en T,Normale,Deux véhicules - arrière,,,,,,,,,,,1,1,3,1.0,2
201200030770,0012-09-04 15:15:00,12,9,4,15,15,540,339,"3, LECLERC (AVENUE ET IM",,,Plein jour,En agglomération,Hors intersection,Normale,Autre collision,,,,,,,,,,,1,2,1,1.0,6
201200030771,0012-09-04 19:49:00,12,9,4,19,49,540,300,"104, PATTON (RUE DU GENE",48.65368,6.23281,Plein jour,En agglomération,Hors intersection,Normale,Autre collision,,,,,,,,,,,1,2,1,1.0,6
201200030772,0012-09-04 23:10:00,12,9,4,23,10,540,395,JOFFRE (Boulevard),,,Nuit avec éclairage allumé,En agglomération,Intersection en X,Normale,Deux véhicules - côté,,,,,,,,,,,5,2,2,1.0,3
201200030773,0012-09-05 15:42:00,12,9,5,15,42,540,197,DUCRET (RUE LEON),48.61992,6.20382,Plein jour,En agglomération,Giratoire,Normale,Deux véhicules - arrière,,,,,,,,,,,1,2,6,1.0,2
201200030774,0012-09-06 13:03:00,12,9,6,13,3,540,395,"0, JARDINIERS (RUE DES N",48.69038,6.19136,Plein jour,En agglomération,Hors intersection,Normale,Autre collision,,,,,,,,,,,1,2,1,1.0,6
201200030775,0012-09-09 16:00:00,12,9,9,16,0,540,357,"12, SEILLE (RUE DE LA)",48.70224,6.13387,Plein jour,En agglomération,Hors intersection,Normale,Autre collision,,,,,,,,,,,1,2,1,1.0,6
201200030776,0012-09-10 08:15:00,12,9,10,8,15,540,395,LOUIS (RUE BARON),48.69658,6.17403,Plein jour,En agglomération,Hors intersection,Normale,Autre collision,,,,,,,,,,,1,2,1,1.0,6
201200030777,0012-09-11 10:00:00,12,9,11,10,0,540,578,"10, LYAUTEY (BOULEVARD D",48.67617,6.15577,Plein jour,En agglomération,Hors intersection,Normale,Autre collision,,,,,,,,,,,1,2,1,1.0,6
201200030778,0012-09-10 15:50:00,12,9,10,15,50,540,395,"0, HAGUENAUER (RUE DU GR",48.68857,6.17915,Plein jour,En agglomération,Intersection en T,Normale,Autre collision,,,,,,,,,,,1,2,3,1.0,6
201200030779,0012-09-11 14:35:00,12,9,11,14,35,540,395,"43, FOCH (AVENUE 18 ET 9",48.68754,6.17072,Plein jour,En agglomération,Intersection en X,Normale,Deux véhicules - côté,,,,,,,,,,,1,2,2,1.0,3
201200030780,0012-09-07 06:50:00,12,9,7,6,50,540,395,JOFFRE (Boulevard),,,Plein jour,En agglomération,Hors intersection,Normale,Deux véhicules - côté,,,,,,,,,,,1,2,1,1.0,3
201200030781,0012-09-08 13:35:00,12,9,8,13,35,540,395,SAINT NICOLAS (RUE 1 A 1,48.6896,6.18488,Plein jour,En agglomération,Intersection en T,Normale,Autre collision,,,,,,,,,,,1,2,3,1.0,6
201200030782,0012-09-08 19:55:00,12,9,8,19,55,540,578,"1, MARON (AVENUE DE)",,,Crépuscule ou aube,Hors agglomération,Hors intersection,Normale,Autre collision,,,,,,,,,,,2,1,1,1.0,6
201200030783,0012-09-09 20:50:00,12,9,9,20,50,540,547,"124, PERI (RUE GABRIEL)",48.66786,6.17767,Nuit avec éclairage allumé,En agglomération,Intersection en T,Normale,Deux véhicules - arrière,,,,,,,,,,,5,2,3,1.0,2
201200030784,0012-09-12 13:35:00,12,9,12,13,35,540,304,VOLOGNE (RUE DE LA),,,Plein jour,En agglomération,Intersection en T,Normale,Deux véhicules - frontale,,,,,,,,,,,1,2,3,1.0,1
201200030785,0012-09-13 13:10:00,12,9,13,13,10,540,395,"3, COTE (RUE DE LA)",48.69311,6.16476,Plein jour,En agglomération,Hors intersection,Normale,Deux véhicules - arrière,,,,,,,,,,,1,2,1,1.0,2
201200030786,0012-09-15 13:30:00,12,9,15,13,30,540,395,JOFFRE (Boulevard),,,Plein jour,En agglomération,Hors intersection,Normale,Deux véhicules - côté,,,,,,,,,,,1,2,1,1.0,3
201200030787,0012-09-14 18:15:00,12,9,14,18,15,540,578,MULLER (AVENUE PAUL),48.6683,6.14752,Plein jour,En agglomération,Intersection en X,Normale,Autre collision,,,,,,,,,,,1,2,2,1.0,6
201200030788,0012-09-14 17:35:00,12,9,14,17,35,540,357,"0, METZ (ROUTE DE)",48.72027,6.17163,Plein jour,En agglomération,Hors intersection,Normale,Trois véhicules et plus - en chaîne,,,,,,,,,,,1,2,1,1.0,4
201200030789,0012-09-17 18:15:00,12,9,17,18,15,540,395,"24, COTE (RUE DE LA)",48.69151,6.16186,Crépuscule ou aube,En agglomération,Hors intersection,Normale,Autre collision,,,,,,,,,,,2,2,1,1.0,6
201200030790,0012-09-17 18:20:00,12,9,17,18,20,540,395,MALVAL (PLACE JOSEPH),,,Plein jour,En agglomération,Hors intersection,Normale,Autre collision,,,,,,,,,,,1,2,1,1.0,6
201200030791,0012-09-18 13:40:00,12,9,18,13,40,540,578,MULLER (AVENUE PAUL),48.65682,6.13157,Plein jour,En agglomération,Intersection en T,Normale,Deux véhicules - côté,,,,,,,,,,,1,2,3,1.0,3
201200030792,0012-09-18 14:50:00,12,9,18,14,50,540,578,MULLER (AVENUE PAUL),48.65691,6.13176,Plein jour,En agglomération,Hors intersection,Normale,Deux véhicules - arrière,,,,,,,,,,,1,2,1,1.0,2
201200030793,0012-09-19 18:02:00,12,9,19,18,2,540,184,HAYOTTE (RUE),,,Plein jour,En agglomération,Hors intersection,Normale,Deux véhicules - côté,,,,,,,,,,,1,2,1,1.0,3
201200030794,0012-09-19 18:30:00,12,9,19,18,30,540,395,METZ (RUE DE),48.70352,6.17024,Plein jour,En agglomération,Intersection en T,Normale,Deux véhicules - côté,,,,,,,,,,,1,2,3,1.0,3
201200030795,0012-09-20 13:15:00,12,9,20,13,15,540,357,"0, PINCHARD (RUE RAYMOND",,,Plein jour,En agglomération,Hors intersection,Normale,Deux véhicules - arrière,,,,,,,,,,,1,2,1,1.0,2
201200030796,0012-09-20 17:45:00,12,9,20,17,45,540,395,"151, LIBERATION (AVENUE",48.69611,6.16302,Plein jour,En agglomération,Hors intersection,Normale,Deux véhicules - arrière,,,,,,,,,,,1,2,1,1.0,2
201200030797,0012-09-21 08:15:00,12,9,21,8,15,540,395,"1, PINCHARD (AVENUE OMBE",48.69607,6.14165,Plein jour,En agglomération,Intersection en T,Normale,Trois véhicules et plus - en chaîne,,,,,,,,,,,1,2,3,1.0,4
201200030798,0012-09-21 17:40:00,12,9,21,17,40,540,274,"84, REPUBLIQUE (RUE DE L",48.67103,6.20596,Plein jour,En agglomération,Hors intersection,Normale,Autre collision,,,,,,,,,,,1,2,1,1.0,6
201200030799,0012-09-24 17:35:00,12,9,24,17,35,540,395,"100, SAINT NICOLAS (RUE",48.68716,6.18836,Plein jour,En agglomération,Hors intersection,Normale,Deux véhicules - arrière,,,,,,,,,,,1,2,1,1.0,2
201200030800,0012-09-24 17:20:00,12,9,24,17,20,540,395,"1, HUGO (RUE VICTOR)",,,Plein jour,En agglomération,Intersection en X,Normale,Trois véhicules et plus - collisions multiples,,,,,,,,,,,1,2,2,1.0,5
201200030801,0012-09-25 11:45:00,12,9,25,11,45,540,395,SCHUMAN (RUE DU PRESIDEN,48.68293,6.17965,Plein jour,En agglomération,Intersection en X,Pluie légère,Deux véhicules - côté,,,,,,,,,,,1,2,2,2.0,3
201200030802,0012-09-25 15:10:00,12,9,25,15,10,540,395,"96, LIBERATION (AVENUE D",48.69617,6.16313,Plein jour,En agglomération,Hors intersection,Pluie légère,Autre collision,,,,,,,,,,,1,2,1,2.0,6
201200030803,0012-09-26 13:45:00,12,9,26,13,45,540,395,"0, REPUBLIQUE (RUE DE LA",48.68158,6.17619,Plein jour,En agglomération,Intersection en T,Pluie légère,Deux véhicules - côté,,,,,,,,,,,1,2,3,2.0,3
201200030804,0012-09-26 14:55:00,12,9,26,14,55,540,304,RESISTANCE (AV. DE LA -P,48.6942,6.13163,Plein jour,En agglomération,Intersection en X,Pluie forte,Deux véhicules - côté,,,,,,,,,,,1,2,2,3.0,3
201200030805,0012-09-26 17:30:00,12,9,26,17,30,540,395,CONCORDE (PONT DE LA),48.69005,6.20302,Plein jour,En agglomération,Intersection en X,Pluie légère,Deux véhicules - arrière,,,,,,,,,,,1,2,2,2.0,2
201200030806,0012-09-26 17:35:00,12,9,26,17,35,540,547,EUROPE (BOULEVARD DE L'),48.66199,6.17416,Plein jour,En agglomération,Hors intersection,Pluie légère,Deux véhicules - arrière,,,,,,,,,,,1,2,1,2.0,2
201200030807,0012-09-15 13:00:00,12,9,15,13,0,540,395,"4, CARNOT (PLACE)",48.69336,6.17841,Plein jour,En agglomération,Hors intersection,Normale,Autre collision,,,,,,,,,,,1,2,1,1.0,6
201200030808,0012-09-27 15:30:00,12,9,27,15,30,540,395,"27, LEOPOLD (COURS)",48.69603,6.17487,Plein jour,En agglomération,Hors intersection,Pluie légère,Deux véhicules - côté,,,,,,,,,,,1,2,1,2.0,3
201200030809,0012-09-27 17:15:00,12,9,27,17,15,540,274,REPUBLIQUE (RUE DE LA),48.67339,6.20225,Plein jour,En agglomération,Hors intersection,Pluie légère,Deux véhicules - arrière,,,,,,,,,,,1,2,1,2.0,2
201200030810,0012-09-27 18:05:00,12,9,27,18,5,540,395,LECLERC (AV. DU GENE,48.68149,6.18301,Plein jour,En agglomération,Hors intersection,Pluie légère,Autre collision,,,,,,,,,,,1,2,1,2.0,6
201200030811,0012-09-28 05:20:00,12,9,28,5,20,540,395,"134, LIBERATION (AVENUE",48.69668,6.16058,Nuit avec éclairage allumé,En agglomération,Hors intersection,Autre,Autre collision,,,,,,,,,,,5,2,1,9.0,6
201200030812,0012-09-28 07:55:00,12,9,28,7,55,540,439,"34, DE GAULLE (AVENUE CH",48.70442,6.25434,Crépuscule ou aube,En agglomération,Hors intersection,Normale,Autre collision,,,,,,,,,,,2,2,1,1.0,6
201200030813,0012-09-28 08:30:00,12,9,28,8,30,540,25,CHARTREUSE (AVENUE DE LA,48.66165,6.24062,Plein jour,En agglomération,Intersection en T,Normale,Deux véhicules - côté,,,,,,,,,,,1,2,3,1.0,3
201200030814,0012-09-28 18:30:00,12,9,28,18,30,540,184,SOIXANTE NEUVIEME R.I. (,,,Plein jour,En agglomération,Hors intersection,Normale,Trois véhicules et plus - en chaîne,,,,,,,,,,,1,2,1,1.0,4
201200030815,0012-09-28 19:15:00,12,9,28,19,15,540,339,"66, REPUBLIQUE (RUE DE L",48.71354,6.18434,Plein jour,En agglomération,Hors intersection,Normale,Deux véhicules - arrière,,,,,,,,,,,1,2,1,1.0,2
201200030816,0012-09-29 00:10:00,12,9,29,0,10,540,339,"54, LION D'OR (RUE DU)",,,Nuit avec éclairage allumé,En agglomération,Hors intersection,Normale,Trois véhicules et plus - collisions multiples,,,,,,,,,,,5,2,1,1.0,5
201200030817,0012-09-30 09:45:00,12,9,30,9,45,540,395,FABVIER (RUE DU GENERAL),,,Plein jour,En agglomération,Hors intersection,Normale,Trois véhicules et plus - en chaîne,,,,,,,,,,,1,2,1,1.0,4
201200030818,0012-10-01 08:05:00,12,10,1,8,5,540,395,"0, POINCARE (RUE RAYMOND",48.69062,6.17362,Plein jour,En agglomération,Intersection en T,Normale,Autre collision,,,,,,,,,,,1,2,3,1.0,6
201200030819,0012-10-01 23:00:00,12,10,1,23,0,540,357,"56, METZ (ROUTE DE)",48.70145,6.1717,Nuit avec éclairage allumé,En agglomération,Hors intersection,Normale,Deux véhicules - arrière,,,,,,,,,,,5,2,1,1.0,2