accident_id,datetime,annee,mois,jour,heure,minute,departement,commune_insee,adresse,latitude,longitude,luminosite,agglomeration,intersection,meteo,collision,nb_vehicules,nb_usagers,nb_indemnes,nb_tues,nb_blesses_hosp,nb_blesses_legers,age_cond_1,age_cond_2,veh_type_cond_1,veh_type_cond_2,lum_code,agg_code,int_code,atm_code,col_code
201200030820,0012-10-02 16:10:00,12,10,2,16,10,540,495,"13, NORMANDIE (RUE DE)",48.67813,6.24219,Plein jour,En agglomération,Intersection en T,Normale,Autre collision,,,,,,,,,,,1,2,3,1.0,6
201200030821,0012-10-04 18:10:00,12,10,4,18,10,540,357,PATTON (AV. DU GENERAL),48.7062,6.16773,Plein jour,En agglomération,Intersection en T,Normale,Trois véhicules et plus - en chaîne,,,,,,,,,,,1,2,3,1.0,4
201200030822,0012-10-03 12:25:00,12,10,3,12,25,540,357,METZ (ROUTE DE),48.70665,6.16718,Plein jour,En agglomération,Hors intersection,Normale,Deux véhicules - frontale,,,,,,,,,,,1,2,1,1.0,1
201200030823,0012-10-05 17:35:00,12,10,5,17,35,540,304,AIGUILLETTES  (BD 16 A 2,,,Plein jour,En agglomération,Hors intersection,Normale,Deux véhicules - côté,,,,,,,,,,,1,2,1,1.0,3
201200030824,0012-10-05 18:40:00,12,10,5,18,40,540,328,"103, PLISSES (RUE DES)",48.62577,6.15999,Plein jour,En agglomération,Hors intersection,Normale,Deux véhicules - arrière,,,,,,,,,,,1,2,1,1.0,2
201200030825,0012-10-06 12:40:00,12,10,6,12,40,540,526,"29-31, PETERS (ALLEE REN",48.67781,6.21592,Plein jour,En agglomération,Hors intersection,Normale,Autre collision,,,,,,,,,,,1,2,1,1.0,6
201200030826,0012-10-08 21:10:00,12,10,8,21,10,540,304,"3, DEROULEDE (AVENUE PAU",48.68442,6.15279,Nuit avec éclairage allumé,En agglomération,Hors intersection,Pluie légère,Autre collision,,,,,,,,,,,5,2,1,2.0,6
201200030827,0012-10-09 08:40:00,12,10,9,8,40,540,395,KLEBER (RUE),,,Plein jour,En agglomération,Intersection en X,Pluie légère,Deux véhicules - côté,,,,,,,,,,,1,2,2,2.0,3
201200030828,0012-10-09 18:30:00,12,10,9,18,30,540,395,SAINT DIZIER (RUE 82 ET,48.68708,6.18516,Crépuscule ou aube,En agglomération,Hors intersection,Normale,Trois véhicules et plus - en chaîne,,,,,,,,,,,2,2,1,1.0,4
201200030829,0012-10-10 08:06:00,12,10,10,8,6,540,395,"0, BOUILLON (PLACE GODEF",,,Plein jour,En agglomération,Hors intersection,Normale,Deux véhicules - arrière,,,,,,,,,,,1,2,1,1.0,2
201200030830,0012-10-10 10:00:00,12,10,10,10,0,540,547,"0, EUROPE (BOULEVARD DE",48.66223,6.17307,Plein jour,En agglomération,Hors intersection,Pluie légère,Deux véhicules - arrière,,,,,,,,,,,1,2,1,2.0,2
201200030831,0012-10-10 14:50:00,12,10,10,14,50,540,274,"5, DEVAUX (RUE DE L ' AB",48.67193,6.20419,Plein jour,En agglomération,Hors intersection,Normale,Autre collision,,,,,,,,,,,1,2,1,1.0,6
201200030832,0012-10-12 07:45:00,12,10,12,7,45,540,547,"0, AIGUILLETTES (BD 1 A",48.66818,6.1625,Plein jour,En agglomération,Hors intersection,Pluie légère,Autre collision,,,,,,,,,,,1,2,1,2.0,6
201200030833,0012-10-13 15:35:00,12,10,13,15,35,540,547,"1, EUROPE (BOULEVARD DE",,,Plein jour,En agglomération,Hors intersection,Normale,Trois véhicules et plus - en chaîne,,,,,,,,,,,1,2,1,1.0,4
201200030834,0012-10-13 21:00:00,12,10,13,21,0,540,304,"0, FOCH (BOULEVARD MAREC",48.68396,6.15089,Nuit avec éclairage allumé,En agglomération,Intersection en X,Pluie forte,Deux véhicules - frontale,,,,,,,,,,,5,2,2,3.0,1
201200030835,0012-10-15 17:30:00,12,10,15,17,30,540,395,"65, MOUILLERON (RUE GABR",48.68494,6.1759,Plein jour,En agglomération,Intersection en X,Normale,Autre collision,,,,,,,,,,,1,2,2,1.0,6
201200030836,0012-10-16 08:00:00,12,10,16,8,0,540,547,"1, VELODROME (CARREFOUR",48.66635,6.16698,Plein jour,En agglomération,Giratoire,Normale,Autre collision,,,,,,,,,,,1,2,6,1.0,6
201200030837,0012-10-16 10:10:00,12,10,16,10,10,540,395,"73, MON DESERT (RUE)",48.68345,6.17345,Plein jour,En agglomération,Intersection en X,Normale,Autre collision,,,,,,,,,,,1,2,2,1.0,6
201200030838,0012-10-17 12:00:00,12,10,17,12,0,540,395,MOROT (PLACE AIME),48.69932,6.16601,Plein jour,En agglomération,Intersection en X,Normale,Deux véhicules - arrière,,,,,,,,,,,1,2,2,1.0,2
201200030839,0012-10-17 16:35:00,12,10,17,16,35,540,265,"0, RD 570",48.63662,6.18287,Plein jour,En agglomération,Giratoire,Normale,Trois véhicules et plus - en chaîne,,,,,,,,,,,1,2,6,1.0,4
201200030840,0012-10-18 11:13:00,12,10,18,11,13,540,395,"1, BRABOIS (AVENUE DE)",,,Plein jour,En agglomération,Hors intersection,Normale,Deux véhicules - côté,,,,,,,,,,,1,2,1,1.0,3
201200030841,0012-10-19 16:00:00,12,10,19,16,0,540,357,METZ (ROUTE DE),48.71177,6.16787,Plein jour,En agglomération,Hors intersection,Normale,Autre collision,,,,,,,,,,,1,2,1,1.0,6
201200030842,0012-10-24 06:30:00,12,10,24,6,30,540,482,"1, ALEXANDRE 1ER (RUE)",48.69973,6.20421,Nuit avec éclairage allumé,En agglomération,Place,Normale,Deux véhicules - arrière,,,,,,,,,,,5,2,7,1.0,2
201200030843,0012-10-25 13:50:00,12,10,25,13,50,540,526,POTIER (RUE EUGENE),,,Plein jour,En agglomération,Hors intersection,Normale,Deux véhicules - arrière,,,,,,,,,,,1,2,1,1.0,2
201200030844,0012-10-25 16:55:00,12,10,25,16,55,540,395,DUROC (RUE DU GENERAL),48.67224,6.17295,Plein jour,En agglomération,Hors intersection,Normale,Autre collision,,,,,,,,,,,1,2,1,1.0,6
201200030845,0012-10-25 18:17:00,12,10,25,18,17,540,395,"87, MOUILLERON (RUE GABR",48.68475,6.17371,Plein jour,En agglomération,Intersection en T,Temps couvert,Autre collision,,,,,,,,,,,1,2,3,8.0,6
201200030846,0012-10-29 13:55:00,12,10,29,13,55,540,395,SAINT LAMBERT (IMPASSE E,48.6882,6.16605,Plein jour,En agglomération,Intersection en X,Normale,Autre collision,,,,,,,,,,,1,2,2,1.0,6
201200030847,0012-10-29 18:00:00,12,10,29,18,0,540,357,"1, PATTON (AV. DU GENERA",48.70708,6.16187,Nuit avec éclairage allumé,En agglomération,Hors intersection,Normale,Deux véhicules - arrière,,,,,,,,,,,5,2,1,1.0,2
201200030848,0012-10-29 18:50:00,12,10,29,18,50,540,498,RD 674,48.72081,6.2685,Nuit sans éclairage public,En agglomération,Hors intersection,Normale,Deux véhicules - côté,,,,,,,,,,,3,2,1,1.0,3
201200030849,0012-10-29 18:55:00,12,10,29,18,55,540,498,RD 674,48.71692,6.25862,Nuit avec éclairage allumé,En agglomération,Hors intersection,Normale,Trois véhicules et plus - collisions multiples,,,,,,,,,,,5,2,1,1.0,5
201200030850,0012-10-30 13:10:00,12,10,30,13,10,540,482,ALEXANDRE 1ER (RUE),48.7012,6.20088,Plein jour,En agglomération,Intersection en T,Normale,Deux véhicules - côté,,,,,,,,,,,1,2,3,1.0,3
201200030851,0012-10-30 19:30:00,12,10,30,19,30,540,395,"40, ALBERT 1ER  (BD)",48.69666,6.16728,Nuit avec éclairage allumé,En agglomération,Hors intersection,Normale,Autre collision,,,,,,,,,,,5,2,1,1.0,6
201200030852,0012-11-02 17:10:00,12,11,2,17,10,540,304,SAPINIERE (RUE DE LA),,,Nuit avec éclairage allumé,En agglomération,Intersection en X,Pluie forte,Deux véhicules - côté,,,,,,,,,,,5,2,2,3.0,3
201200030853,0012-11-03 03:40:00,12,11,3,3,40,540,395,"63, SAINT DIZIER (RUE 2",48.68955,6.18342,Nuit avec éclairage allumé,En agglomération,Hors intersection,Pluie légère,Autre collision,,,,,,,,,,,5,2,1,2.0,6
201200030854,0012-11-05 09:07:00,12,11,5,9,7,540,547,"93, LECLERC (AV. DU GENE",48.68181,6.1834,Plein jour,En agglomération,Hors intersection,Pluie légère,Autre collision,,,,,,,,,,,1,2,1,2.0,6
201200030855,0012-11-05 15:00:00,12,11,5,15,0,540,395,"6, OBERLIN (RUE)",,,Plein jour,En agglomération,Hors intersection,Normale,Deux véhicules - arrière,,,,,,,,,,,1,2,1,1.0,2
201200030856,0012-11-06 14:20:00,12,11,6,14,20,540,578,AIGUILLETTES  (BD 5 A 73,,,Plein jour,En agglomération,Hors intersection,Normale,Deux véhicules - arrière,,,,,,,,,,,1,2,1,1.0,2
201200030857,0012-11-02 20:10:00,12,11,2,20,10,540,184,"151, FOCH (AVENUE)",48.70536,6.22991,Nuit avec éclairage allumé,En agglomération,Hors intersection,Pluie légère,Autre collision,,,,,,,,,,,5,2,1,2.0,6
201200030858,0012-11-08 18:50:00,12,11,8,18,50,540,547,LECLERC (AV. DU GENERAL,48.66763,6.16773,Nuit avec éclairage allumé,En agglomération,Intersection en T,Normale,Deux véhicules - côté,,,,,,,,,,,5,2,3,1.0,3
201200030859,0012-11-09 12:45:00,12,11,9,12,45,540,395,AUSTRASIE (BOULEVARD),48.69003,6.20279,Plein jour,En agglomération,Intersection en X,Normale,Deux véhicules - côté,,,,,,,,,,,1,2,2,1.0,3
201200030860,0012-11-16 11:45:00,12,11,16,11,45,540,25,CHARTREUSE (AVENUE DE LA,48.65599,6.26452,Plein jour,En agglomération,Intersection en T,Pluie légère,Deux véhicules - côté,,,,,,,,,,,1,2,3,2.0,3
201200030861,0012-11-16 18:00:00,12,11,16,18,0,540,395,"0, AIGUILLETTES  (BD DES",,,Nuit avec éclairage allumé,En agglomération,Hors intersection,Pluie légère,Trois véhicules et plus - en chaîne,,,,,,,,,,,5,2,1,2.0,4
201200030862,0012-11-19 19:45:00,12,11,19,19,45,540,395,"100, LOBAU (BOULEVARD)",48.68378,6.19663,Nuit avec éclairage allumé,En agglomération,Hors intersection,Brouillard / fumée,Deux véhicules - arrière,,,,,,,,,,,5,2,1,5.0,2
201200030863,0012-11-20 07:45:00,12,11,20,7,45,540,304,"20, POINCARE (RUE RAYMON",48.68078,6.15679,Plein jour,En agglomération,Hors intersection,Normale,Autre collision,,,,,,,,,,,1,2,1,1.0,6
201200030864,0012-11-21 20:27:00,12,11,21,20,27,540,304,EUROPE (AVENUE DE L'),,,Nuit avec éclairage allumé,En agglomération,Hors intersection,Normale,Autre collision,,,,,,,,,,,5,2,1,1.0,6
201200030865,0012-11-23 10:45:00,12,11,23,10,45,540,257,"400, ESPINETTE (Rue l')",48.64835,6.18185,Plein jour,En agglomération,Hors intersection,Normale,Autre collision,,,,,,,,,,,1,2,1,1.0,6
201200030866,0012-11-23 16:00:00,12,11,23,16,0,540,547,EUROPE (BOULEVARD DE L'),48.66154,6.17481,Plein jour,En agglomération,Hors intersection,Normale,Autre collision,,,,,,,,,,,1,2,1,1.0,6
201200030867,0012-11-24 11:40:00,12,11,24,11,40,540,395,NEY (RUE MICHEL),48.69661,6.17252,Plein jour,En agglomération,Hors intersection,Normale,Autre collision,,,,,,,,,,,1,2,1,1.0,6
201200030868,0012-11-24 14:35:00,12,11,24,14,35,540,274,FAURE (RUE GABRIEL),48.67447,6.20654,Plein jour,En agglomération,Hors intersection,Normale,Deux véhicules - arrière,,,,,,,,,,,1,2,1,1.0,2
201200030869,0012-11-27 07:25:00,12,11,27,7,25,540,395,LUXEMBOURG (PLACE DU),48.69799,6.17438,Nuit avec éclairage allumé,En agglomération,Hors intersection,Pluie légère,Autre collision,,,,,,,,,,,5,2,1,2.0,6
201200030870,0012-11-28 10:15:00,12,11,28,10,15,540,339,"2, CHAZEAU (CHEMIN/RUE/S",48.71562,6.1892,Plein jour,En agglomération,Intersection en T,Normale,Autre collision,,,,,,,,,,,1,2,3,1.0,6
201200030871,0012-11-28 19:15:00,12,11,28,19,15,540,395,", PFISTER (RUE CHRISTIAN",48.68485,6.17069,Nuit avec éclairage allumé,En agglomération,Intersection en X,Normale,Autre collision,,,,,,,,,,,5,2,2,1.0,6
201200030872,0012-11-29 17:25:00,12,11,29,17,25,540,304,"0, SAONE (RUE DE LA)",48.69607,6.1261,Nuit avec éclairage allumé,En agglomération,Intersection en T,Pluie légère,Deux véhicules - frontale,,,,,,,,,,,5,2,3,2.0,1
201200030873,0012-11-29 18:00:00,12,11,29,18,0,540,578,MULLER (AVENUE PAUL),48.66184,6.14196,Nuit avec éclairage allumé,En agglomération,Hors intersection,Normale,Deux véhicules - arrière,,,,,,,,,,,5,2,1,1.0,2
201200030874,0012-11-30 15:15:00,12,11,30,15,15,540,395,"1, BARRES (RUE MAURICE)",48.6929,6.18459,Plein jour,En agglomération,Intersection en X,Normale,Deux véhicules - côté,,,,,,,,,,,1,2,2,1.0,3
201200030875,0012-12-01 05:30:00,12,12,1,5,30,540,395,"2, CRAMPEL (RUE)",48.6892,6.17554,Nuit avec éclairage allumé,En agglomération,Hors intersection,Normale,Autre collision,,,,,,,,,,,5,2,1,1.0,6
201200030876,0012-12-01 05:35:00,12,12,1,5,35,540,395,"1, METZ (RUE DE)",48.69858,6.17376,Nuit avec éclairage allumé,En agglomération,Hors intersection,Normale,Autre collision,,,,,,,,,,,5,2,1,1.0,6
201200030877,0012-12-03 17:20:00,12,12,3,17,20,540,304,SAPINIERE (RUE DE LA),48.69462,6.12793,Nuit avec éclairage allumé,En agglomération,Intersection en T,Pluie légère,Autre collision,,,,,,,,,,,5,2,3,2.0,6
201200030878,0012-12-03 18:10:00,12,12,3,18,10,540,395,LECLERC (AV DU GENERAL),48.67615,6.1771,Nuit avec éclairage allumé,En agglomération,Intersection en X,Pluie légère,Deux véhicules - côté,,,,,,,,,,,5,2,2,2.0,3
201200030879,0012-12-04 17:40:00,12,12,4,17,40,540,547,LECLERC (AV. DU GENERAL,48.66801,6.16806,Nuit avec éclairage allumé,En agglomération,Hors intersection,Pluie légère,Deux véhicules - côté,,,,,,,,,,,5,2,1,2.0,3
201200030880,0012-12-05 12:15:00,12,12,5,12,15,540,547,"1, JAURES (AVENUE JEAN)",48.66516,6.16495,Plein jour,En agglomération,Intersection en X,Normale,Autre collision,,,,,,,,,,,1,2,2,1.0,6
201200030881,0012-12-05 18:05:00,12,12,5,18,5,540,395,POINCARE (RUE RAYMOND,48.68934,6.1698,Nuit avec éclairage allumé,En agglomération,Intersection en X,Pluie légère,Autre collision,,,,,,,,,,,5,2,2,2.0,6
201200030882,0012-12-06 09:10:00,12,12,6,9,10,540,395,"9, Avenue de la GARENNE",48.68134,6.18161,Plein jour,En agglomération,Hors intersection,Normale,Autre collision,,,,,,,,,,,1,2,1,1.0,6
201200030883,0012-12-06 18:05:00,12,12,6,18,5,540,526,JAURES (BOULEVARD JEAN),48.69331,6.2115,Nuit avec éclairage allumé,En agglomération,Intersection en T,Normale,Trois véhicules et plus - en chaîne,,,,,,,,,,,5,2,3,1.0,4
201200030884,0012-12-08 10:35:00,12,12,8,10,35,540,395,"43, FOCH (AVENUE 2 A 16/",48.68751,6.17062,Plein jour,En agglomération,Intersection en X,Normale,Deux véhicules - côté,,,,,,,,,,,1,2,2,1.0,3
201200030885,0012-12-10 09:45:00,12,12,10,9,45,540,547,BREDA (ALLEE DE),,,Plein jour,En agglomération,Hors intersection,Neige / grêle,Autre collision,,,,,,,,,,,1,2,1,4.0,6
201200030886,0012-12-10 18:27:00,12,12,10,18,27,540,395,PINCHARD (AVENUE - TAMAR,,,Nuit avec éclairage allumé,En agglomération,Hors intersection,Normale,Autre collision,,,,,,,,,,,5,2,1,1.0,6
201200030887,0012-12-11 17:05:00,12,12,11,17,5,540,395,LIBERATION (AVENUE DE LA,48.69484,6.13802,Nuit avec éclairage non allumé,En agglomération,Intersection en T,Normale,Deux véhicules - côté,,,,,,,,,,,4,2,3,1.0,3
201200030888,0012-12-12 17:25:00,12,12,12,17,25,540,395,"1, COLLIGNON (Avenue et",,,Nuit avec éclairage allumé,En agglomération,Hors intersection,Normale,Deux véhicules - arrière,,,,,,,,,,,5,2,1,1.0,2
201200030889,0012-12-12 17:35:00,12,12,12,17,35,540,547,"06, LECLERC (AVENUE DU G",48.65936,6.15901,Nuit avec éclairage allumé,En agglomération,Hors intersection,Normale,Autre collision,,,,,,,,,,,5,2,1,1.0,6
201200030890,0012-12-13 12:37:00,12,12,13,12,37,540,578,FRANCE LANORD (RUE),,,Plein jour,En agglomération,Hors intersection,Normale,Deux véhicules - arrière,,,,,,,,,,,1,2,1,1.0,2
201200030891,0012-12-13 17:10:00,12,12,13,17,10,540,578,MULLER (AVENUE PAUL),48.66762,6.14675,Nuit avec éclairage allumé,En agglomération,Intersection en T,Pluie légère,Autre collision,,,,,,,,,,,5,2,3,2.0,6
201200030892,0012-12-13 19:40:00,12,12,13,19,40,540,395,"45, BOUFFLERS (AVENUE) D",48.69012,6.15733,Nuit avec éclairage allumé,En agglomération,Hors intersection,Pluie légère,Deux véhicules - arrière,,,,,,,,,,,5,2,1,2.0,2
201200030893,0012-12-14 08:45:00,12,12,14,8,45,540,547,PERI (RUE GABRIEL),48.66742,6.1773,Plein jour,En agglomération,Intersection en T,Normale,Deux véhicules - arrière,,,,,,,,,,,1,2,3,1.0,2
201200030894,0012-12-14 19:00:00,12,12,14,19,0,540,395,CLODION (RUE),48.68973,6.17917,Nuit avec éclairage allumé,En agglomération,Intersection en X,Pluie légère,Autre collision,,,,,,,,,,,5,2,2,2.0,6
201200030895,0012-12-15 01:00:00,12,12,15,1,0,540,357,JAURES (RUE JEAN),48.70852,6.1718,Nuit avec éclairage allumé,En agglomération,Intersection en X,Normale,Deux véhicules - côté,,,,,,,,,,,5,2,2,1.0,3
201200030896,0012-12-17 19:55:00,12,12,17,19,55,540,578,MULLER (AVENUE PAUL),48.65687,6.13162,Nuit avec éclairage allumé,En agglomération,Intersection en T,Pluie légère,Deux véhicules - côté,,,,,,,,,,,5,2,3,2.0,3
201200030897,0012-12-18 07:41:00,12,12,18,7,41,540,300,"1, LECLERC (RUE DU GENER",48.65316,6.2259,Plein jour,En agglomération,Intersection en X,Pluie légère,Deux véhicules - côté,,,,,,,,,,,1,2,2,2.0,3
201200030898,0012-12-18 07:30:00,12,12,18,7,30,540,304,MEUSE (RUE DE LA),,,Crépuscule ou aube,En agglomération,Hors intersection,Pluie légère,Autre collision,,,,,,,,,,,2,2,1,2.0,6
201200030899,0012-12-18 11:10:00,12,12,18,11,10,540,25,ARC (RUE D'),,,Plein jour,En agglomération,Hors intersection,Pluie légère,Deux véhicules - arrière,,,,,,,,,,,1,2,1,2.0,2
201200030900,0012-12-19 18:40:00,12,12,19,18,40,540,547,EUROPE (BOULEVARD DE L'),48.65995,6.17663,Nuit avec éclairage allumé,En agglomération,Hors intersection,Normale,Deux véhicules - arrière,,,,,,,,,,,5,2,1,1.0,2
201200030901,0012-12-20 21:00:00,12,12,20,21,0,540,547,"0, GOETHE (RUE)",,,Nuit sans éclairage public,En agglomération,Hors intersection,Pluie forte,Autre collision,,,,,,,,,,,3,2,1,3.0,6
201200030902,0012-12-21 00:20:00,12,12,21,0,20,540,395,"0, LOBAU (BOULEVARD)",48.68702,6.19518,Nuit avec éclairage allumé,En agglomération,Intersection en X,Autre,Deux véhicules - côté,,,,,,,,,,,5,2,2,9.0,3
201200030903,0012-12-19 18:25:00,12,12,19,18,25,540,357,"28, METZ (ROUTE DE)",48.70862,6.16696,Nuit avec éclairage allumé,En agglomération,Hors intersection,Normale,Autre collision,,,,,,,,,,,5,2,1,1.0,6
201200030904,0012-12-21 11:30:00,12,12,21,11,30,540,547,"1, HUITIEME REGIMENT D'A",48.66749,6.1901,Plein jour,En agglomération,Intersection en X,Normale,Deux véhicules - côté,,,,,,,,,,,1,2,2,1.0,3
201200030905,0012-12-22 15:15:00,12,12,22,15,15,540,395,LIBERATION (AVENUE DE LA,,,Plein jour,En agglomération,Intersection en Y,Pluie forte,Deux véhicules - arrière,,,,,,,,,,,1,2,4,3.0,2
201200030906,0012-12-23 13:00:00,12,12,23,13,0,540,395,RD 674,,,Plein jour,En agglomération,Hors intersection,Normale,Deux véhicules - arrière,,,,,,,,,,,1,2,1,1.0,2
201200030907,0012-12-26 21:40:00,12,12,26,21,40,540,495,"27, GRANDE RUE",48.68856,6.2477,Nuit avec éclairage allumé,En agglomération,Hors intersection,Normale,Autre collision,,,,,,,,,,,5,2,1,1.0,6
201200030908,0012-12-27 09:00:00,12,12,27,9,0,540,547,FORET DE HAYE (RUE DE LA,48.65341,6.13548,Plein jour,En agglomération,Intersection en T,Pluie forte,Deux véhicules - côté,,,,,,,,,,,1,2,3,3.0,3
201200030909,0012-12-21 14:50:00,12,12,21,14,50,540,395,"12, FAUBOURG DES TROIS M",48.70117,6.17702,Plein jour,En agglomération,Hors intersection,Normale,Autre collision,,,,,,,,,,,1,2,1,1.0,6
201200030910,0012-12-29 15:25:00,12,12,29,15,25,540,526,"0, MILLENAIRE (BOULEVARD",48.68157,6.21579,Plein jour,En agglomération,Intersection en X,Normale,Autre collision,,,,,,,,,,,1,2,2,1.0,6
201200030911,0012-12-29 22:15:00,12,12,29,22,15,540,395,MACARONS (RUE DES SOEURS,48.68845,6.18419,Nuit avec éclairage allumé,En agglomération,Intersection en X,Normale,Deux véhicules - côté,,,,,,,,,,,5,2,2,1.0,3
201200030912,0012-01-02 18:30:00,12,1,2,18,30,540,79,"1, PETITE-SUISSE (AVENUE",48.88883,6.05033,Nuit avec éclairage allumé,En agglomération,Hors intersection,Normale,Autre collision,,,,,,,,,,,5,2,1,1.0,6
201200030913,0012-02-08 13:45:00,12,2,8,13,45,540,79,RD 657,48.86155,6.07483,Plein jour,Hors agglomération,Hors intersection,Normale,Deux véhicules - frontale,,,,,,,,,,,1,1,1,1.0,1
201200030914,0012-05-16 18:30:00,12,5,16,18,30,540,431,NOUVEAU PONT (ROCADE NOR,,,Plein jour,Hors agglomération,Autre intersection,Normale,Trois véhicules et plus - collisions multiples,,,,,,,,,,,1,1,9,1.0,5
201200030915,0012-06-02 14:15:00,12,6,2,14,15,540,431,RD 657 CHAMPEY,48.93187,6.0637,Plein jour,Hors agglomération,Autre intersection,Normale,Deux véhicules - côté,,,,,,,,,,,1,1,9,1.0,3
201200030916,0012-06-08 18:26:00,12,6,8,18,26,540,431,"9, FLEMING (RUE ALEXANDR",48.90865,6.04028,Plein jour,En agglomération,Hors intersection,Normale,Autre collision,,,,,,,,,,,1,2,1,1.0,6
201200030917,0012-09-02 13:30:00,12,9,2,13,30,540,332,Avenue General Leclerc,,,Plein jour,En agglomération,Hors intersection,Normale,Deux véhicules - frontale,,,,,,,,,,,1,2,1,1.0,1
201200030918,0012-12-12 18:00:00,12,12,12,18,0,540,431,"130, ETATS-UNIS (AVENUE",48.90514,6.06155,Nuit avec éclairage allumé,En agglomération,Hors intersection,Autre,Autre collision,,,,,,,,,,,5,2,1,9.0,6
201200030919,0012-01-07 11:20:00,12,1,7,11,20,540,528,NAVARIN,48.67267,5.89048,Plein jour,En agglomération,Intersection en X,Pluie légère,Autre collision,,,,,,,,,,,1,2,2,2.0,6
201200030920,0012-01-14 11:45:00,12,1,14,11,45,540,528,"52, ALBERT DENIS",48.67041,5.88238,Plein jour,En agglomération,Hors intersection,Normale,Autre collision,,,,,,,,,,,1,2,1,1.0,6
201200030921,0012-03-27 13:00:00,12,3,27,13,0,540,174,RD11C/RD11B,48.66637,5.84969,Plein jour,Hors agglomération,Intersection en T,Normale,Sans collision,,,,,,,,,,,1,1,3,1.0,7
201200030922,0012-04-06 17:30:00,12,4,6,17,30,540,528,"40, rue de VERDUN",48.69006,5.90107,Plein jour,En agglomération,Hors intersection,Normale,Autre collision,,,,,,,,,,,1,2,1,1.0,6
201200030923,0012-04-14 12:05:00,12,4,14,12,5,540,528,LEUQUES (AVENUE),,,Plein jour,En agglomération,Hors intersection,Normale,Autre collision,,,,,,,,,,,1,2,1,1.0,6
201200030924,0012-05-17 09:25:00,12,5,17,9,25,540,174,RD11B,48.66642,5.84982,Plein jour,Hors agglomération,Intersection en T,Normale,Deux véhicules - côté,,,,,,,,,,,1,1,3,1.0,3
201200030925,0012-05-19 18:05:00,12,5,19,18,5,540,167,FOCH (AVENUE),,,Plein jour,En agglomération,Hors intersection,Normale,Trois véhicules et plus - en chaîne,,,,,,,,,,,1,2,1,1.0,4
201200030926,0012-05-25 19:50:00,12,5,25,19,50,540,528,PAUL KELLER,48.6727,5.88696,Plein jour,En agglomération,Hors intersection,Normale,Autre collision,,,,,,,,,,,1,2,1,1.0,6
201200030927,0012-05-27 09:35:00,12,5,27,9,35,540,167,RD400,48.67737,5.931,Plein jour,Hors agglomération,Intersection en X,Normale,Autre collision,,,,,,,,,,,1,1,2,1.0,6
201200030928,0012-05-26 10:50:00,12,5,26,10,50,540,167,BRETELLE SORTIE AUTOROU,,,Plein jour,Hors agglomération,Intersection en Y,Normale,Deux véhicules - arrière,,,,,,,,,,,1,1,4,1.0,2
201200030929,0012-06-06 10:25:00,12,6,6,10,25,540,528,GEORGES CLEMENCEAU (AVEN,48.67797,5.88232,Plein jour,En agglomération,Intersection à plus de 4 branches,Pluie légère,Sans collision,,,,,,,,,,,1,2,5,2.0,7
201200030930,0012-07-02 13:10:00,12,7,2,13,10,540,528,RD674,48.64686,5.89076,Plein jour,Hors agglomération,Hors intersection,Temps couvert,Autre collision,,,,,,,,,,,1,1,1,8.0,6
201200030931,0012-07-19 19:20:00,12,7,19,19,20,540,167,"32, FOCH (AVENUE)",48.67136,5.90242,Plein jour,En agglomération,Hors intersection,Normale,Autre collision,,,,,,,,,,,1,2,1,1.0,6
201200030932,0012-07-23 21:25:00,12,7,23,21,25,540,167,GEORGES CLEMENCEAU,48.67063,5.90793,Crépuscule ou aube,En agglomération,Intersection en T,Normale,Deux véhicules - côté,,,,,,,,,,,2,2,3,1.0,3
201200030933,0012-08-03 11:15:00,12,8,3,11,15,540,174,SAINTE CATHERINE,,,Plein jour,En agglomération,Hors intersection,Normale,Deux véhicules - arrière,,,,,,,,,,,1,2,1,1.0,2
201200030934,0012-10-14 07:55:00,12,10,14,7,55,540,167,GENERAL LECLERC (AVENUE),,,Crépuscule ou aube,En agglomération,Hors intersection,Pluie légère,Autre collision,,,,,,,,,,,2,2,1,2.0,6
201200030935,0012-10-12 16:35:00,12,10,12,16,35,540,167,"30, GENERAL LECLERC (AVE",48.67172,5.91145,Plein jour,En agglomération,Hors intersection,Normale,Deux véhicules - arrière,,,,,,,,,,,1,2,1,1.0,2
201200030936,0012-09-25 14:20:00,12,9,25,14,20,540,528,"48, ALBERT DENIS",48.67079,5.88244,Plein jour,En agglomération,Hors intersection,Pluie forte,Deux véhicules - côté,,,,,,,,,,,1,2,1,3.0,3
201200030937,0012-10-23 16:15:00,12,10,23,16,15,540,528,CHAMPAGNE,48.68503,5.89798,Plein jour,En agglomération,Intersection en T,Normale,Deux véhicules - côté,,,,,,,,,,,1,2,3,1.0,3
201200030938,0012-11-25 04:20:00,12,11,25,4,20,540,528,RD960,48.65312,5.8724,Nuit sans éclairage public,Hors agglomération,Hors intersection,Normale,Autre collision,,,,,,,,,,,3,1,1,1.0,6
201200030939,0012-11-26 18:40:00,12,11,26,18,40,540,528,GENERAL BIGEARD (AVENUE),,,Nuit sans éclairage public,En agglomération,Hors intersection,Pluie légère,Trois véhicules et plus - collisions multiples,,,,,,,,,,,3,2,1,2.0,5