accident_id,datetime,annee,mois,jour,heure,minute,departement,commune_insee,adresse,latitude,longitude,luminosite,agglomeration,intersection,meteo,collision,nb_vehicules,nb_usagers,nb_indemnes,nb_tues,nb_blesses_hosp,nb_blesses_legers,age_cond_1,age_cond_2,veh_type_cond_1,veh_type_cond_2,lum_code,agg_code,int_code,atm_code,col_code
201200030940,0012-11-26 16:35:00,12,11,26,16,35,540,528,SORTIE PARKING CORA,48.66452,5.88872,Crépuscule ou aube,En agglomération,Intersection en T,Pluie légère,Deux véhicules - côté,,,,,,,,,,,2,2,3,2.0,3
201200030941,0012-11-30 09:15:00,12,11,30,9,15,540,174,PAGNEY (ROUTE DE ),48.67864,5.8512,Plein jour,En agglomération,Intersection en T,Normale,Deux véhicules - côté,,,,,,,,,,,1,2,3,1.0,3
201200030942,0012-12-17 17:15:00,12,12,17,17,15,540,528,"18, VERDUN",48.68771,5.89948,Nuit avec éclairage allumé,Hors agglomération,Hors intersection,Pluie légère,Autre collision,,,,,,,,,,,5,1,1,2.0,6
201200030943,0012-05-20 22:51:00,12,5,20,22,51,540,575,NATIONALE 52 (ROUTE),49.47165,5.83623,Nuit sans éclairage public,Hors agglomération,Hors intersection,Normale,Autre collision,,,,,,,,,,,3,1,1,1.0,6
201200030944,0012-05-27 14:15:00,12,5,27,14,15,540,580,"19, MEZIERES ALFRED (RUE",49.46875,5.93308,Plein jour,En agglomération,Autre intersection,Normale,Autre collision,,,,,,,,,,,1,2,9,1.0,6
201200030945,0012-06-08 22:20:00,12,6,8,22,20,540,580,ONZE NOVEMBRE 1918 (RUE,,,Nuit avec éclairage allumé,En agglomération,Hors intersection,Normale,Deux véhicules - côté,,,,,,,,,,,5,2,1,1.0,3
201200030946,0012-06-05 16:50:00,12,6,5,16,50,540,580,", SAINT CHARLES (RUE)",,,Plein jour,En agglomération,Hors intersection,Normale,Autre collision,,,,,,,,,,,1,2,1,1.0,6
201200030947,0012-08-20 15:15:00,12,8,20,15,15,540,575,NATIONALE 52 (ROUTE),49.47887,5.8226,Plein jour,Hors agglomération,Hors intersection,Normale,Sans collision,,,,,,,,,,,1,1,1,1.0,7
201200030948,0012-08-28 18:55:00,12,8,28,18,55,540,580,VERDUN (RUE DE),49.46489,5.93346,Plein jour,En agglomération,Intersection en Y,Normale,Deux véhicules - côté,,,,,,,,,,,1,2,4,1.0,3
201200030949,0012-01-26 05:00:00,12,1,26,5,0,550,302,RN 1135,,,Nuit sans éclairage public,Hors agglomération,Hors intersection,Normale,Sans collision,,,,,,,,,,,3,1,1,1.0,7
201200030950,0012-02-24 14:20:00,12,2,24,14,20,550,29,BEHONNE ( VIEILLE COTE D,,,Plein jour,En agglomération,Hors intersection,Normale,Sans collision,,,,,,,,,,,1,2,1,1.0,7
201200030951,0012-03-12 15:20:00,12,3,12,15,20,550,29,"10, SAINT MIHIEL ( RUE D",,,Plein jour,En agglomération,Intersection en X,Normale,Sans collision,,,,,,,,,,,1,2,2,1.0,7
201200030952,0012-03-22 11:40:00,12,3,22,11,40,550,29,PONT TRIBY ( RUE DU ),,,Plein jour,En agglomération,Giratoire,Normale,Deux véhicules - côté,,,,,,,,,,,1,2,6,1.0,3
201200030953,0012-03-30 10:45:00,12,3,30,10,45,550,29,"15, SAINT MIHIEL ( RUE D",,,Plein jour,En agglomération,Hors intersection,Normale,Deux véhicules - arrière,,,,,,,,,,,1,2,1,1.0,2
201200030954,0012-04-04 15:40:00,12,4,4,15,40,550,29,ALLENDE ( RUE SALVATOR ),,,Plein jour,En agglomération,Hors intersection,Normale,Autre collision,,,,,,,,,,,1,2,1,1.0,6
201200030955,0012-04-06 20:30:00,12,4,6,20,30,550,476,D180,,,Crépuscule ou aube,Hors agglomération,Hors intersection,Normale,Sans collision,,,,,,,,,,,2,1,1,1.0,7
201200030956,0012-04-25 15:35:00,12,4,25,15,35,550,29,LIBERATION ( AVENUE DE L,,,Plein jour,Hors agglomération,Passage à niveau,Pluie légère,Deux véhicules - arrière,,,,,,,,,,,1,1,8,2.0,2
201200030957,0012-04-28 10:30:00,12,4,28,10,30,550,29,"10, AVENUE DE LA GRANDE",,,Plein jour,Hors agglomération,Hors intersection,Normale,Sans collision,,,,,,,,,,,1,1,1,1.0,7
201200030958,0012-05-14 17:35:00,12,5,14,17,35,550,476,PONT DAMMARIE (ROUTE DU),,,Plein jour,Hors agglomération,Hors intersection,Normale,Deux véhicules - côté,,,,,,,,,,,1,1,1,1.0,3
201200030959,0012-06-30 19:15:00,12,6,30,19,15,550,29,"10, GLYCINES ( RUE DES )",,,Plein jour,En agglomération,Autre intersection,Normale,Deux véhicules - frontale,,,,,,,,,,,1,2,9,1.0,1
201200030960,0012-07-07 19:40:00,12,7,7,19,40,550,29,"1, rue Salvador Allende",48.77557,5.16332,Plein jour,En agglomération,Giratoire,Normale,Autre collision,,,,,,,,,,,1,2,6,1.0,6
201200030961,0012-07-24 19:40:00,12,7,24,19,40,550,29,"173, VEEL ( RUE DE )",,,Plein jour,En agglomération,Hors intersection,Normale,Deux véhicules - côté,,,,,,,,,,,1,2,1,1.0,3
201200030962,0012-09-20 17:15:00,12,9,20,17,15,550,29,"178, VEEL ( RUE DE )",,,Plein jour,En agglomération,Hors intersection,Normale,Deux véhicules - arrière,,,,,,,,,,,1,2,1,1.0,2
201200030963,0012-10-06 14:55:00,12,10,6,14,55,550,29,MARIZIER ( BOULEVARD ),,,Plein jour,En agglomération,Hors intersection,Normale,Deux véhicules - côté,,,,,,,,,,,1,2,1,1.0,3
201200030964,0012-10-25 12:10:00,12,10,25,12,10,550,29,"26, ROCHELLE ( BOULEVARD",,,Plein jour,En agglomération,Hors intersection,Normale,Autre collision,,,,,,,,,,,1,2,1,1.0,6
201200030965,0012-11-09 19:10:00,12,11,9,19,10,550,476,PONT DAMMARIE (ROUTE DU),,,Nuit avec éclairage allumé,Hors agglomération,Hors intersection,Pluie légère,Autre collision,,,,,,,,,,,5,1,1,2.0,6
201200030966,0012-11-11 02:30:00,12,11,11,2,30,550,186,"2, LIBERATION ( AVENUE D",,,Nuit avec éclairage allumé,En agglomération,Hors intersection,Pluie légère,Deux véhicules - frontale,,,,,,,,,,,5,2,1,2.0,1
201200030967,0012-12-14 10:20:00,12,12,14,10,20,550,29,GRANDE TERRE ( ALLEE DE,,,Plein jour,En agglomération,Autre intersection,Pluie légère,Autre collision,,,,,,,,,,,1,2,9,2.0,6
201200030968,0012-12-16 17:40:00,12,12,16,17,40,550,29,"100, SAINT MIHIEL ( RUE",,,Nuit avec éclairage allumé,En agglomération,Hors intersection,Pluie forte,Sans collision,,,,,,,,,,,5,2,1,3.0,7
201200030969,0012-12-22 15:20:00,12,12,22,15,20,550,476,PONT DAMMARIE (ROUTE DU),,,Plein jour,En agglomération,Hors intersection,Pluie forte,Trois véhicules et plus - en chaîne,,,,,,,,,,,1,2,1,3.0,4
201200030970,0012-12-29 10:42:00,12,12,29,10,42,550,29,"27, ROCHELLE ( BOULEVARD",,,Plein jour,En agglomération,Passage à niveau,Normale,Autre collision,,,,,,,,,,,1,2,8,1.0,6
201200030971,0012-01-04 07:15:00,12,1,4,7,15,550,545,MIRIBEL ( AVENUE ),49.16768,5.39247,Nuit avec éclairage allumé,En agglomération,Intersection en T,Pluie légère,Deux véhicules - côté,,,,,,,,,,,5,2,3,2.0,3
201200030972,0012-01-16 18:40:00,12,1,16,18,40,550,545,ONZE SIEGES ( PLACE DES,49.15777,5.39535,Nuit avec éclairage allumé,En agglomération,Hors intersection,Normale,Autre collision,,,,,,,,,,,5,2,1,1.0,6
201200030973,0012-02-15 15:45:00,12,2,15,15,45,550,545,ALBERT 1 ER   (AVENUE ),49.16136,5.39268,Plein jour,En agglomération,Giratoire,Pluie légère,Autre collision,,,,,,,,,,,1,2,6,2.0,6
201200030974,0012-01-20 10:00:00,12,1,20,10,0,550,545,ETATS UNIS ( ROND POINT,,,Plein jour,En agglomération,Giratoire,Normale,Autre collision,,,,,,,,,,,1,2,6,1.0,6
201200030975,0012-02-27 10:00:00,12,2,27,10,0,550,545,JEAN MONNET ( BOULEVARD,49.14427,5.39051,Plein jour,Hors agglomération,Giratoire,Normale,Trois véhicules et plus - collisions multiples,,,,,,,,,,,1,1,6,1.0,5
201200030976,0012-02-21 12:15:00,12,2,21,12,15,550,545,DE GAULLE (AV DU GENERAL,49.16362,5.37837,Plein jour,En agglomération,Hors intersection,Normale,Deux véhicules - côté,,,,,,,,,,,1,2,1,1.0,3
201200030977,0012-04-02 12:40:00,12,4,2,12,40,550,505,PIERRE GOUBET ET JEAN VA,49.16821,5.35405,Plein jour,En agglomération,Hors intersection,Normale,Trois véhicules et plus - collisions multiples,,,,,,,,,,,1,2,1,1.0,5
201200030978,0012-05-12 21:30:00,12,5,12,21,30,550,545,", ECLUSE ( DE L' )",49.14091,5.39855,Crépuscule ou aube,Hors agglomération,Hors intersection,Normale,Autre collision,,,,,,,,,,,2,1,1,1.0,6
201200030979,0012-05-27 10:40:00,12,5,27,10,40,550,545,TRENTIEME CORPS ( AVENUE,,,Plein jour,En agglomération,Intersection en X,Normale,Deux véhicules - côté,,,,,,,,,,,1,2,2,1.0,3
201200030980,0012-06-21 17:20:00,12,6,21,17,20,550,43,COMMANDANT RAYNAL ( DU ),49.16064,5.39923,Plein jour,En agglomération,Intersection en X,Normale,Deux véhicules - côté,,,,,,,,,,,1,2,2,1.0,3
201200030981,0012-08-11 21:00:00,12,8,11,21,0,550,545,METZ ( AVENUE DE ),49.14795,5.40261,Crépuscule ou aube,En agglomération,Giratoire,Normale,Deux véhicules - côté,,,,,,,,,,,2,2,6,1.0,3
201200030982,0012-08-22 17:00:00,12,8,22,17,0,550,545,"07, METZ ( AVENUE DE )",,,Plein jour,En agglomération,Hors intersection,Normale,Deux véhicules - arrière,,,,,,,,,,,1,2,1,1.0,2
201200030983,0012-08-22 22:30:00,12,8,22,22,30,550,43,"160, R GENERAL DEGAULLE",49.17566,5.37992,Nuit avec éclairage allumé,En agglomération,Hors intersection,Normale,Sans collision,,,,,,,,,,,5,2,1,1.0,7
201200030984,0012-08-28 17:50:00,12,8,28,17,50,550,545,JEAN MONNET ( BOULEVARD,,,Plein jour,En agglomération,Hors intersection,Normale,Deux véhicules - côté,,,,,,,,,,,1,2,1,1.0,3
201200030985,0012-09-06 16:40:00,12,9,6,16,40,550,545,"4, GARIBALDI ( AVENUE )",49.16466,5.384,Plein jour,En agglomération,Hors intersection,Normale,Autre collision,,,,,,,,,,,1,2,1,1.0,6
201200030986,0012-09-28 16:55:00,12,9,28,16,55,550,43,"130,  DE GAULLE (GENERAL",,,Plein jour,En agglomération,Hors intersection,Normale,Deux véhicules - côté,,,,,,,,,,,1,2,1,1.0,3
201200030987,0012-09-26 12:20:00,12,9,26,12,20,550,545,HUIT MAI 1945 ( DU ),,,Plein jour,En agglomération,Hors intersection,Pluie forte,Sans collision,,,,,,,,,,,1,2,1,3.0,7
201200030988,0012-10-04 18:45:00,12,10,4,18,45,550,236,CD 964,49.13358,5.41898,Crépuscule ou aube,Hors agglomération,Hors intersection,Normale,Deux véhicules - côté,,,,,,,,,,,2,1,1,1.0,3
201200030989,0012-01-02 15:15:00,12,1,2,15,15,560,121,"0, FERRY ( PL. JULES )",47.74666,-3.36531,Plein jour,En agglomération,Hors intersection,Normale,Deux véhicules - côté,,,,,,,,,,,1,2,1,1.0,3
201200030990,0012-01-03 18:15:00,12,1,3,18,15,560,121,"28, MARNE ( AV DE LA )",47.74422,-3.36785,Nuit avec éclairage allumé,En agglomération,Hors intersection,Pluie forte,Sans collision,,,,,,,,,,,5,2,1,3.0,7
201200030991,0012-01-04 07:56:00,12,1,4,7,56,560,121,"58, JAURES ( AVE JEAN )",47.74518,-3.37339,Nuit avec éclairage allumé,En agglomération,Hors intersection,Normale,Sans collision,,,,,,,,,,,5,2,1,1.0,7
201200030992,0012-01-05 15:40:00,12,1,5,15,40,560,83,"11, REPUBLIQUE ( AV. DE",47.80092,-3.28393,Plein jour,En agglomération,Hors intersection,Pluie légère,Trois véhicules et plus - collisions multiples,,,,,,,,,,,1,2,1,2.0,5
201200030993,0012-01-05 18:35:00,12,1,5,18,35,560,162,"12, KERLORET (ROUTE DE)",47.724,-3.43907,Nuit sans éclairage public,Hors agglomération,Hors intersection,Temps couvert,Sans collision,,,,,,,,,,,3,1,1,8.0,7
201200030994,0012-01-07 12:15:00,12,1,7,12,15,560,121,"19, LECLERC ( BD GENERAL",47.7494,-3.36581,Plein jour,En agglomération,Hors intersection,Normale,Sans collision,,,,,,,,,,,1,2,1,1.0,7
201200030995,0012-01-06 14:30:00,12,1,6,14,30,560,121,"31, DUGUAY-TROUIN (RUE R",47.74307,-3.36534,Plein jour,En agglomération,Hors intersection,Normale,Sans collision,,,,,,,,,,,1,2,1,1.0,7
201200030996,0012-01-07 18:16:00,12,1,7,18,16,560,121,"0, PUCE QUI RENIFLE ( PT",47.73924,-3.38008,Nuit avec éclairage allumé,En agglomération,Hors intersection,Normale,Sans collision,,,,,,,,,,,5,2,1,1.0,7
201200030997,0012-01-08 08:59:00,12,1,8,8,59,560,98,"54, KESLER-DEVILLERS ( A",47.76831,-3.34398,Plein jour,En agglomération,Hors intersection,Normale,Deux véhicules - côté,,,,,,,,,,,1,2,1,1.0,3
201200030998,0012-01-14 00:25:00,12,1,14,0,25,560,121,"0, LE COUTALLER ( RUE JE",47.74861,-3.37188,Nuit avec éclairage allumé,En agglomération,Hors intersection,Normale,Sans collision,,,,,,,,,,,5,2,1,1.0,7
201200030999,0012-01-18 20:25:00,12,1,18,20,25,560,162,"0, STADE (AVENUE DU)",47.73378,-3.43293,Nuit avec éclairage allumé,En agglomération,Intersection en X,Pluie légère,Deux véhicules - côté,,,,,,,,,,,5,2,2,2.0,3
201200031000,0012-01-19 07:55:00,12,1,19,7,55,560,83,RN 165,,,Nuit avec éclairage non allumé,Hors agglomération,Hors intersection,Temps couvert,Sans collision,,,,,,,,,,,4,1,1,8.0,7
201200031001,0012-01-19 10:50:00,12,1,19,10,50,560,121,"0, GLOTIN (PLACE  LOUIS",47.74611,-3.36224,Plein jour,En agglomération,Hors intersection,Normale,Sans collision,,,,,,,,,,,1,2,1,1.0,7
201200031002,0012-01-19 17:47:00,12,1,19,17,47,560,121,"0, CEBERET (RUE )",47.74976,-3.35777,Plein jour,En agglomération,Hors intersection,Pluie légère,Sans collision,,,,,,,,,,,1,2,1,2.0,7
201200031003,0012-01-19 19:04:00,12,1,19,19,4,560,121,"0, SVOB ( BOULEVARD EMMA",47.7503,-3.3669,Nuit avec éclairage allumé,En agglomération,Hors intersection,Pluie forte,Sans collision,,,,,,,,,,,5,2,1,3.0,7
201200031004,0012-01-21 12:20:00,12,1,21,12,20,560,121,"06, GUILLEMOT (RUE  ARMA",47.74664,-3.39164,Plein jour,En agglomération,Intersection en X,Normale,Deux véhicules - côté,,,,,,,,,,,1,2,2,1.0,3
201200031005,0012-01-21 14:00:00,12,1,21,14,0,560,121,"0, ORADOUR SUR GLANE ( B",47.75742,-3.37136,Plein jour,En agglomération,Hors intersection,Normale,Deux véhicules - arrière,,,,,,,,,,,1,2,1,1.0,2
201200031006,0012-01-25 13:25:00,12,1,25,13,25,560,121,"0, KERGROISE ( AVE )",47.73599,-3.36608,Plein jour,En agglomération,Intersection en T,Normale,Deux véhicules - côté,,,,,,,,,,,1,2,3,1.0,3
201200031007,0012-01-27 13:40:00,12,1,27,13,40,560,83,"0, RN 165",,,Plein jour,Hors agglomération,Hors intersection,Normale,Deux véhicules - frontale,,,,,,,,,,,1,1,1,1.0,1
201200031008,0012-01-28 20:35:00,12,1,28,20,35,560,98,"., LANN-SEVELIN (ROND PO",47.77777,-3.34525,Nuit avec éclairage allumé,En agglomération,Giratoire,Normale,Sans collision,,,,,,,,,,,5,2,6,1.0,7
201200031009,0012-02-01 13:21:00,12,2,1,13,21,560,98,"0, SAINT SAENS (RUE CAMI",47.76861,-3.34452,Plein jour,En agglomération,Intersection en X,Normale,Deux véhicules - côté,,,,,,,,,,,1,2,2,1.0,3
201200031010,0012-02-01 14:21:00,12,2,1,14,21,560,121,"60, CHENAILLER DIT COLON",47.73667,-3.39006,Plein jour,En agglomération,Intersection en X,Normale,Autre collision,,,,,,,,,,,1,2,2,1.0,6
201200031011,0012-02-02 18:57:00,12,2,2,18,57,560,162,"8, DOLMEN (RUE DU)",47.70289,-3.45301,Crépuscule ou aube,En agglomération,Hors intersection,Normale,Autre collision,,,,,,,,,,,2,2,1,1.0,6
201200031012,0012-02-03 09:20:00,12,2,3,9,20,560,121,"7, FERRY ( PL. JULES )",47.74669,-3.36568,Plein jour,En agglomération,Hors intersection,Normale,Deux véhicules - arrière,,,,,,,,,,,1,2,1,1.0,2
201200031013,0012-02-03 17:15:00,12,2,3,17,15,560,162,"., SAVOIE (AVENUE DE)",47.73237,-3.4314,Plein jour,En agglomération,Intersection en X,Normale,Sans collision,,,,,,,,,,,1,2,2,1.0,7
201200031014,0012-02-11 09:04:00,12,2,11,9,4,560,162,"., SAINTE  ANNE (RUE)",47.73855,-3.41981,Plein jour,En agglomération,Intersection en X,Normale,Deux véhicules - côté,,,,,,,,,,,1,2,2,1.0,3
201200031015,0012-02-17 12:30:00,12,2,17,12,30,560,98,"26, PHILIPPE (RUE GERARD",47.76659,-3.3599,Plein jour,En agglomération,Hors intersection,Pluie légère,Sans collision,,,,,,,,,,,1,2,1,2.0,7
201200031016,0012-02-18 08:02:00,12,2,18,8,2,560,121,"29, GUIEYSSE (RUE  PAUL",47.7571,-3.36677,Plein jour,En agglomération,Hors intersection,Pluie légère,Sans collision,,,,,,,,,,,1,2,1,2.0,7
201200031017,0012-02-19 18:16:00,12,2,19,18,16,560,121,"0, FAOUEDIC ( AVE DU )",47.74714,-3.36561,Plein jour,En agglomération,Hors intersection,Normale,Deux véhicules - arrière,,,,,,,,,,,1,2,1,1.0,2
201200031018,0012-02-21 08:00:00,12,2,21,8,0,560,121,"10, MERVILLE (RUE  JEAN",47.74509,-3.3755,Plein jour,En agglomération,Hors intersection,Normale,Sans collision,,,,,,,,,,,1,2,1,1.0,7
201200031019,0012-02-22 10:14:00,12,2,22,10,14,560,121,"0, FAVEREAU (RUE DE L' A",47.76416,-3.36758,Plein jour,En agglomération,Intersection en Y,Normale,Deux véhicules - côté,,,,,,,,,,,1,2,4,1.0,3
201200031020,0012-02-23 16:57:00,12,2,23,16,57,560,98,"95, GUESDES (RUE  JULES",47.75991,-3.33769,Plein jour,En agglomération,Intersection en X,Normale,Deux véhicules - arrière,,,,,,,,,,,1,2,2,1.0,2
201200031021,0012-02-25 11:28:00,12,2,25,11,28,560,162,"., QUEVEN (ROUTE DE)",,,Plein jour,Hors agglomération,Hors intersection,Normale,Sans collision,,,,,,,,,,,1,1,1,1.0,7
201200031022,0012-02-28 11:15:00,12,2,28,11,15,560,121,"0, JAURES ( AVE JEAN )",47.74545,-3.36783,Plein jour,En agglomération,Intersection en X,Normale,Sans collision,,,,,,,,,,,1,2,2,1.0,7
201200031023,0012-02-29 10:15:00,12,2,29,10,15,560,121,"0, CHAIGNEAU (RUE)",47.75616,-3.35728,Plein jour,En agglomération,Hors intersection,Normale,Sans collision,,,,,,,,,,,1,2,1,1.0,7
201200031024,0012-03-02 08:47:00,12,3,2,8,47,560,121,"136, BELGIQUE (RUE  DE )",47.76039,-3.38354,Plein jour,En agglomération,Intersection en X,Normale,Deux véhicules - côté,,,,,,,,,,,1,2,2,1.0,3
201200031025,0012-03-02 20:10:00,12,3,2,20,10,560,107,"., ROUTE DEPARTEMENTALE",,,Nuit avec éclairage allumé,Hors agglomération,Hors intersection,Normale,Sans collision,,,,,,,,,,,5,1,1,1.0,7
201200031026,0012-03-03 12:10:00,12,3,3,12,10,560,83,"2, POMPIDOU ( AVENUE GEO",47.80266,-3.26547,Plein jour,En agglomération,Hors intersection,Normale,Sans collision,,,,,,,,,,,1,2,1,1.0,7
201200031027,0012-03-03 13:15:00,12,3,3,13,15,560,98,"., SAINT NIAUD (LIEU DIT",47.77682,-3.3101,Plein jour,Hors agglomération,Hors intersection,Normale,Sans collision,,,,,,,,,,,1,1,1,1.0,7
201200031028,0012-03-05 12:53:00,12,3,5,12,53,560,121,"50, EAU-COURANTE  ( BD D",47.75335,-3.36642,Plein jour,En agglomération,Hors intersection,Normale,Sans collision,,,,,,,,,,,1,2,1,1.0,7
201200031029,0012-03-06 08:55:00,12,3,6,8,55,560,83,RN 165,,,Plein jour,Hors agglomération,Hors intersection,Normale,Trois véhicules et plus - en chaîne,,,,,,,,,,,1,1,1,1.0,4
201200031030,0012-03-06 18:44:00,12,3,6,18,44,560,98,"., BILLOUX ( AV. FRANCOI",47.76174,-3.34684,Plein jour,En agglomération,Hors intersection,Normale,Deux véhicules - arrière,,,,,,,,,,,1,2,1,1.0,2
201200031031,0012-03-10 03:50:00,12,3,10,3,50,560,98,"199, JAURES (RUE  JEAN )",47.7692,-3.35191,Nuit avec éclairage allumé,En agglomération,Hors intersection,Normale,Sans collision,,,,,,,,,,,5,2,1,1.0,7
201200031032,0012-03-10 18:35:00,12,3,10,18,35,560,83,"21, LIBERATION ( AV. DE",47.80427,-3.27594,Crépuscule ou aube,En agglomération,Hors intersection,Normale,Trois véhicules et plus - collisions multiples,,,,,,,,,,,2,2,1,1.0,5
201200031033,0012-03-08 14:17:00,12,3,8,14,17,560,121,"70, GUIEYSSE (RUE  PAUL",47.75757,-3.37138,Plein jour,En agglomération,Intersection en X,Normale,Deux véhicules - arrière,,,,,,,,,,,1,2,2,1.0,2
201200031034,0012-03-12 18:46:00,12,3,12,18,46,560,121,RN 465 (DESSERTE PORTUAI,47.7635,-3.38054,Plein jour,En agglomération,Hors intersection,Normale,Deux véhicules - arrière,,,,,,,,,,,1,2,1,1.0,2
201200031035,0012-03-13 18:29:00,12,3,13,18,29,560,98,"., JAURES (RUE  JEAN )",47.77009,-3.35032,Plein jour,En agglomération,Intersection en X,Normale,Deux véhicules - côté,,,,,,,,,,,1,2,2,1.0,3
201200031036,0012-03-14 17:45:00,12,3,14,17,45,560,98,"0, CLEMENT (RUE  JEAN-BA",47.77318,-3.34169,Plein jour,En agglomération,Intersection en X,Normale,Deux véhicules - côté,,,,,,,,,,,1,2,2,1.0,3
201200031037,0012-03-15 13:10:00,12,3,15,13,10,560,98,"172, CROIZAT ( AVE AMBRO",47.77512,-3.34628,Plein jour,En agglomération,Intersection en X,Normale,Deux véhicules - côté,,,,,,,,,,,1,2,2,1.0,3
201200031038,0012-03-17 11:20:00,12,3,17,11,20,560,121,"., BOURDELLE (RUE EMILE)",47.75355,-3.36978,Plein jour,En agglomération,Hors intersection,Normale,Deux véhicules - arrière,,,,,,,,,,,1,2,1,1.0,2
201200031039,0012-03-17 14:46:00,12,3,17,14,46,560,121,"10, FRANCHET- D'ESPEREY",47.75348,-3.36542,Plein jour,En agglomération,Intersection en X,Normale,Deux véhicules - côté,,,,,,,,,,,1,2,2,1.0,3
201200031040,0012-03-17 17:00:00,12,3,17,17,0,560,121,"., ORADOUR SUR GLANE ( B",47.753,-3.37057,Plein jour,En agglomération,Hors intersection,Normale,Sans collision,,,,,,,,,,,1,2,1,1.0,7
201200031041,0012-03-20 08:58:00,12,3,20,8,58,560,121,"0, ALSACE-LORRAINE  ( PL",47.75015,-3.36183,Plein jour,En agglomération,Hors intersection,Normale,Deux véhicules - côté,,,,,,,,,,,1,2,1,1.0,3
201200031042,0012-03-28 10:31:00,12,3,28,10,31,560,121,"., GAHINET (RUE  GILLES",47.74148,-3.35332,Plein jour,En agglomération,Hors intersection,Normale,Sans collision,,,,,,,,,,,1,2,1,1.0,7
201200031043,0012-03-28 10:40:00,12,3,28,10,40,560,83,ROUTE NATIONALE  165,,,Plein jour,Hors agglomération,Hors intersection,Normale,Deux véhicules - arrière,,,,,,,,,,,1,1,1,1.0,2
201200031044,0012-03-28 11:43:00,12,3,28,11,43,560,121,"02, MONISTROL (RUE)",47.73894,-3.38067,Plein jour,En agglomération,Hors intersection,Normale,Deux véhicules - arrière,,,,,,,,,,,1,2,1,1.0,2
201200031045,0012-03-30 17:10:00,12,3,30,17,10,560,98,"36, KESLER-DEVILLERS ( A",47.76904,-3.34647,Plein jour,En agglomération,Hors intersection,Normale,Sans collision,,,,,,,,,,,1,2,1,1.0,7
201200031046,0012-03-30 19:30:00,12,3,30,19,30,560,98,"34, BILLOUX ( AV. FRANCO",47.76425,-3.35065,Plein jour,En agglomération,Intersection en X,Normale,Sans collision,,,,,,,,,,,1,2,2,1.0,7
201200031047,0012-03-31 14:43:00,12,3,31,14,43,560,121,"., SCORFF ( BD DU )",47.76685,-3.36802,Plein jour,En agglomération,Intersection en X,Normale,Deux véhicules - côté,,,,,,,,,,,1,2,2,1.0,3
201200031048,0012-04-01 15:15:00,12,4,1,15,15,560,98,"., GUERN (RUE DE LA)",47.77434,-3.33815,Plein jour,En agglomération,Hors intersection,Normale,Deux véhicules - côté,,,,,,,,,,,1,2,1,1.0,3
201200031049,0012-04-01 16:40:00,12,4,1,16,40,560,107,"., PLOEMEUR (RUE DE)",47.71883,-3.38963,Plein jour,En agglomération,Hors intersection,Normale,Sans collision,,,,,,,,,,,1,2,1,1.0,7
201200031050,0012-04-02 07:56:00,12,4,2,7,56,560,98,"., BOUCHER (RUE  HELENE",47.7655,-3.35362,Plein jour,En agglomération,Hors intersection,Normale,Sans collision,,,,,,,,,,,1,2,1,1.0,7
201200031051,0012-04-04 11:05:00,12,4,4,11,5,560,121,"., SAINT-MARCEL (RUE)",47.74583,-3.38031,Plein jour,En agglomération,Intersection en X,Normale,Deux véhicules - côté,,,,,,,,,,,1,2,2,1.0,3
201200031052,0012-04-06 07:40:00,12,4,6,7,40,560,83,"., MITTERAND ( AV. DU PR",47.80853,-3.26191,Plein jour,En agglomération,Hors intersection,Normale,Sans collision,,,,,,,,,,,1,2,1,1.0,7
201200031053,0012-04-08 15:50:00,12,4,8,15,50,560,121,"., DELESSERT (RUE  BENJA",47.74654,-3.36805,Plein jour,En agglomération,Hors intersection,Normale,Sans collision,,,,,,,,,,,1,2,1,1.0,7
201200031054,0012-04-08 18:14:00,12,4,8,18,14,560,121,"10, POULORIO (RUE ET IMP",47.75636,-3.36569,Plein jour,En agglomération,Hors intersection,Normale,Sans collision,,,,,,,,,,,1,2,1,1.0,7
201200031055,0012-04-10 15:35:00,12,4,10,15,35,560,121,"., NORMANDIE ( BD ET IMP",47.75761,-3.37163,Plein jour,En agglomération,Hors intersection,Normale,Sans collision,,,,,,,,,,,1,2,1,1.0,7
201200031056,0012-04-10 16:25:00,12,4,10,16,25,560,121,"15, COSMAO-DUMANOIR ( BD",47.75473,-3.36371,Plein jour,En agglomération,Hors intersection,Normale,Sans collision,,,,,,,,,,,1,2,1,1.0,7
201200031057,0012-04-11 16:01:00,12,4,11,16,1,560,121,"., KERJULAUDE ( RUE DE )",47.7433,-3.38222,Plein jour,En agglomération,Hors intersection,Normale,Trois véhicules et plus - en chaîne,,,,,,,,,,,1,2,1,1.0,4
201200031058,0012-04-12 18:37:00,12,4,12,18,37,560,98,"., BAUDELAIRE (RUE  CHAR",47.76594,-3.3529,Plein jour,En agglomération,Hors intersection,Normale,Sans collision,,,,,,,,,,,1,2,1,1.0,7
201200031059,0012-04-12 19:10:00,12,4,12,19,10,560,162,DEPARTEMENTALE 162,,,Plein jour,Hors agglomération,Autre intersection,Normale,Deux véhicules - côté,,,,,,,,,,,1,1,9,1.0,3
201200031060,0012-04-13 18:12:00,12,4,13,18,12,560,121,"0, COUEDIC (RUE  DU )",47.75048,-3.363,Plein jour,En agglomération,Intersection en X,Normale,Sans collision,,,,,,,,,,,1,2,2,1.0,7
201200031061,0012-04-13 19:14:00,12,4,13,19,14,560,98,"0, SAKHAROV (RUE  ANDRE",47.77722,-3.34365,Plein jour,En agglomération,Hors intersection,Normale,Deux véhicules - côté,,,,,,,,,,,1,2,1,1.0,3
201200031062,0012-04-14 02:25:00,12,4,14,2,25,560,98,"0, FONLUPT (HLM COL.FABI",47.76195,-3.34018,Nuit avec éclairage allumé,En agglomération,Hors intersection,Normale,Sans collision,,,,,,,,,,,5,2,1,1.0,7