accident_id,datetime,annee,mois,jour,heure,minute,departement,commune_insee,adresse,latitude,longitude,luminosite,agglomeration,intersection,meteo,collision,nb_vehicules,nb_usagers,nb_indemnes,nb_tues,nb_blesses_hosp,nb_blesses_legers,age_cond_1,age_cond_2,veh_type_cond_1,veh_type_cond_2,lum_code,agg_code,int_code,atm_code,col_code
201200031304,0012-08-30 15:05:00,12,8,30,15,5,560,260,GOUGAUD(RUE JEAN),47.65814,-2.76483,Plein jour,En agglomération,Hors intersection,Normale,Deux véhicules - côté,,,,,,,,,,,1,2,1,1.0,3
201200031305,0012-09-04 19:35:00,12,9,4,19,35,560,260,"., GUILLAUDOT(BOULEVARD",47.66706,-2.74474,Plein jour,En agglomération,Intersection en T,Normale,Deux véhicules - côté,,,,,,,,,,,1,2,3,1.0,3
201200031306,0012-09-07 15:25:00,12,9,7,15,25,560,260,"79, MARNE(AVENUE DE LA)",47.6598,-2.78452,Plein jour,En agglomération,Hors intersection,Normale,Deux véhicules - arrière,,,,,,,,,,,1,2,1,1.0,2
201200031307,0012-09-16 07:56:00,12,9,16,7,56,560,260,"8, CLISCOUET(RUE DE)",47.64215,-2.76267,Crépuscule ou aube,En agglomération,Hors intersection,Normale,Sans collision,,,,,,,,,,,2,2,1,1.0,7
201200031308,0012-09-18 07:50:00,12,9,18,7,50,560,260,"., GIRAUD(RUE DU GENERAL",47.66324,-2.73645,Plein jour,En agglomération,Intersection en T,Normale,Deux véhicules - côté,,,,,,,,,,,1,2,3,1.0,3
201200031309,0012-09-18 08:55:00,12,9,18,8,55,560,260,"., PAIX(BLD DE LA) 111 A",47.65928,-2.75028,Plein jour,En agglomération,Hors intersection,Normale,Deux véhicules - arrière,,,,,,,,,,,1,2,1,1.0,2
201200031310,0012-09-18 17:05:00,12,9,18,17,5,560,260,"48, PAIX(BLD DE LA) 1 A",47.6612,-2.75536,Plein jour,En agglomération,Hors intersection,Temps couvert,Deux véhicules - arrière,,,,,,,,,,,1,2,1,8.0,2
201200031311,0012-09-28 10:15:00,12,9,28,10,15,560,260,"., CREAC'H(RUE DES 4 FRE",47.66092,-2.75446,Plein jour,En agglomération,Intersection à plus de 4 branches,Normale,Deux véhicules - côté,,,,,,,,,,,1,2,5,1.0,3
201200031312,0012-10-03 12:20:00,12,10,3,12,20,560,260,"., THIERS(RUE)",47.65766,-2.75988,Plein jour,En agglomération,Intersection en T,Pluie légère,Autre collision,,,,,,,,,,,1,2,3,2.0,6
201200031313,0012-10-06 10:05:00,12,10,6,10,5,560,260,"., POMPIDOU(AVENUE GEORG",,,Plein jour,En agglomération,Hors intersection,Normale,Deux véhicules - côté,,,,,,,,,,,1,2,1,1.0,3
201200031314,0012-10-31 13:40:00,12,10,31,13,40,560,260,"., RESISTANCE(BLD DE LA)",,,Plein jour,En agglomération,Hors intersection,Normale,Deux véhicules - frontale,,,,,,,,,,,1,2,1,1.0,1
201200031315,0012-11-06 07:00:00,12,11,6,7,0,560,260,JUDE(RUE DU CAPITAINE),47.66343,-2.76528,Crépuscule ou aube,En agglomération,Intersection en X,Normale,Autre collision,,,,,,,,,,,2,2,2,1.0,6
201200031316,0012-11-06 11:55:00,12,11,6,11,55,560,260,"84, ROHAN(RUE DE)",47.66038,-2.76524,Plein jour,En agglomération,Intersection en T,Normale,Autre collision,,,,,,,,,,,1,2,3,1.0,6
201200031317,0012-11-06 11:45:00,12,11,6,11,45,560,260,"., HUGO(AVENUE VICTOR) 1",,,Plein jour,En agglomération,Hors intersection,Normale,Autre collision,,,,,,,,,,,1,2,1,1.0,6
201200031318,0012-11-09 18:15:00,12,11,9,18,15,560,260,"., VENETES(RUE DES)",47.65055,-2.77671,Nuit avec éclairage allumé,En agglomération,Intersection en T,Normale,Autre collision,,,,,,,,,,,5,2,3,1.0,6
201200031319,0012-11-13 18:00:00,12,11,13,18,0,560,260,"., REMY(BOULEVARD DU COL",,,Nuit avec éclairage allumé,En agglomération,Hors intersection,Normale,Deux véhicules - côté,,,,,,,,,,,5,2,1,1.0,3
201200031320,0012-11-24 12:25:00,12,11,24,12,25,560,260,"., MARNE(AVENUE DE LA) 1",,,Plein jour,En agglomération,Hors intersection,Normale,Trois véhicules et plus - en chaîne,,,,,,,,,,,1,2,1,1.0,4
201200031321,0012-12-04 17:00:00,12,12,4,17,0,560,260,"., BECEL(AVENUE JEAN-MAR",47.65906,-2.77186,Plein jour,En agglomération,Intersection en T,Normale,Autre collision,,,,,,,,,,,1,2,3,1.0,6
201200031322,0012-12-14 16:15:00,12,12,14,16,15,560,260,"., REMY(BOULEVARD DU COL",,,Plein jour,En agglomération,Hors intersection,Pluie forte,Deux véhicules - côté,,,,,,,,,,,1,2,1,3.0,3
201200031323,0012-12-23 16:55:00,12,12,23,16,55,560,260,"., MARECHAL DE LATTRE DE",47.6448,-2.75994,Plein jour,En agglomération,Intersection en T,Vent fort / tempête,Deux véhicules - côté,,,,,,,,,,,1,2,3,6.0,3
201200031324,0012-12-30 12:55:00,12,12,30,12,55,560,260,"., EVECHE(GIRATOIRE DE L",47.65312,-2.74142,Plein jour,En agglomération,Giratoire,Normale,Autre collision,,,,,,,,,,,1,2,6,1.0,6
201200031325,0012-01-27 08:20:00,12,1,27,8,20,560,260,"., VINCIN(RUE DU)",47.65476,-2.79288,Crépuscule ou aube,En agglomération,Hors intersection,Autre,Deux véhicules - côté,,,,,,,,,,,2,2,1,9.0,3
201200031326,0012-02-17 11:47:00,12,2,17,11,47,560,260,"., FAVREL ET LINCY(AVENU",47.66528,-2.75095,Plein jour,En agglomération,Giratoire,Pluie légère,Deux véhicules - côté,,,,,,,,,,,1,2,6,2.0,3
201200031327,0012-02-25 14:50:00,12,2,25,14,50,560,260,"., ILE AUX MOINES(RUE DE",47.64346,-2.78254,Plein jour,En agglomération,Hors intersection,Normale,Sans collision,,,,,,,,,,,1,2,1,1.0,7
201200031328,0012-03-15 07:50:00,12,3,15,7,50,560,260,"., ARRADON(RUE JEROME D'",47.65542,-2.77224,Crépuscule ou aube,En agglomération,Intersection en T,Autre,Deux véhicules - arrière,,,,,,,,,,,2,2,3,9.0,2
201200031329,0012-03-17 19:45:00,12,3,17,19,45,560,260,"., PAIX(BLD DE LA) 41 A",47.66079,-2.75449,Crépuscule ou aube,En agglomération,Hors intersection,Temps couvert,Trois véhicules et plus - collisions multiples,,,,,,,,,,,2,2,1,8.0,5
201200031330,0012-03-19 08:35:00,12,3,19,8,35,560,260,"., ARMOR(GIRATOIRE D')",47.63989,-2.7695,Plein jour,En agglomération,Giratoire,Normale,Deux véhicules - côté,,,,,,,,,,,1,2,6,1.0,3
201200031331,0012-03-22 14:00:00,12,3,22,14,0,560,260,"., LE DRESSAY(RUE FERDIN",47.6537,-2.75772,Plein jour,En agglomération,Hors intersection,Normale,Deux véhicules - côté,,,,,,,,,,,1,2,1,1.0,3
201200031332,0012-03-28 12:25:00,12,3,28,12,25,560,260,"., BELLEVUE(IMPASSE DE)",47.6718,-2.75398,Plein jour,En agglomération,Hors intersection,Normale,Deux véhicules - arrière,,,,,,,,,,,1,2,1,1.0,2
201200031333,0012-04-01 17:37:00,12,4,1,17,37,560,260,"., RN 166 -SENS VANNES /",47.6663,-2.72571,Plein jour,En agglomération,Hors intersection,Normale,Trois véhicules et plus - collisions multiples,,,,,,,,,,,1,2,1,1.0,5
201200031334,0012-04-03 07:55:00,12,4,3,7,55,560,260,"., RESISTANCE(BLD DE LA)",47.64623,-2.78024,Crépuscule ou aube,En agglomération,Intersection en T,Normale,Deux véhicules - côté,,,,,,,,,,,2,2,3,1.0,3
201200031335,0012-04-05 17:00:00,12,4,5,17,0,560,260,"., POMPIDOU(AVENUE GEORG",47.66627,-2.77021,Plein jour,En agglomération,Hors intersection,Normale,Trois véhicules et plus - en chaîne,,,,,,,,,,,1,2,1,1.0,4
201200031336,0012-05-26 18:35:00,12,5,26,18,35,560,260,"., DUNANT(RUE HENRI)",47.65003,-2.77034,Plein jour,En agglomération,Hors intersection,Normale,Deux véhicules - arrière,,,,,,,,,,,1,2,1,1.0,2
201200031337,0012-06-01 08:35:00,12,6,1,8,35,560,260,"., DIO(RUE DU GENERAL)",47.65901,-2.73292,Plein jour,En agglomération,Giratoire,Normale,Deux véhicules - arrière,,,,,,,,,,,1,2,6,1.0,2
201200031338,0012-06-05 08:50:00,12,6,5,8,50,560,260,"., KERGRAIN(GIRATOIRE DE",47.66639,-2.79349,Plein jour,En agglomération,Giratoire,Temps couvert,Deux véhicules - côté,,,,,,,,,,,1,2,6,8.0,3
201200031339,0012-06-15 18:10:00,12,6,15,18,10,560,260,"23, LE DRESSAY(RUE FERDI",47.65292,-2.75748,Plein jour,En agglomération,Hors intersection,Pluie légère,Deux véhicules - côté,,,,,,,,,,,1,2,1,2.0,3
201200031340,0012-06-18 13:40:00,12,6,18,13,40,560,260,"., RN 165  SENS LORIENT",,,Plein jour,En agglomération,Hors intersection,Normale,Deux véhicules - arrière,,,,,,,,,,,1,2,1,1.0,2
201200031341,0012-06-19 17:30:00,12,6,19,17,30,560,260,"., LE BARTZ(RUE GUILLAUM",47.64664,-2.78059,Plein jour,En agglomération,Hors intersection,Normale,Autre collision,,,,,,,,,,,1,2,1,1.0,6
201200031342,0012-06-25 09:15:00,12,6,25,9,15,560,260,"., MONS(PLACE DE)",47.65563,-2.77108,Plein jour,En agglomération,Hors intersection,Normale,Deux véhicules - arrière,,,,,,,,,,,1,2,1,1.0,2
201200031343,0012-06-29 18:00:00,12,6,29,18,0,560,260,"37, VERDUN(AVENUE DE)",47.65943,-2.74656,Plein jour,En agglomération,Hors intersection,Normale,Deux véhicules - arrière,,,,,,,,,,,1,2,1,1.0,2
201200031344,0012-07-13 13:15:00,12,7,13,13,15,560,260,"., ARC(RUE JEANNE D')",47.65441,-2.76454,Plein jour,En agglomération,Intersection en X,Temps couvert,Deux véhicules - côté,,,,,,,,,,,1,2,2,8.0,3
201200031345,0012-07-22 02:00:00,12,7,22,2,0,560,260,165  SENS LORIENT/NANTES,,,Nuit sans éclairage public,En agglomération,Hors intersection,Normale,Sans collision,,,,,,,,,,,3,2,1,1.0,7
201200031346,0012-08-18 17:00:00,12,8,18,17,0,560,260,"., RONARC'H(RUE DE L'AMI",47.63944,-2.77148,Plein jour,En agglomération,Hors intersection,Normale,Autre collision,,,,,,,,,,,1,2,1,1.0,6
201200031347,0012-08-25 13:12:00,12,8,25,13,12,560,260,"., RN 166 -SENS RENNES /",,,Plein jour,En agglomération,Hors intersection,Normale,Trois véhicules et plus - en chaîne,,,,,,,,,,,1,2,1,1.0,4
201200031348,0012-08-27 08:53:00,12,8,27,8,53,560,260,"., FAVREL ET LINCY(AVENU",47.66488,-2.7523,Plein jour,En agglomération,Hors intersection,Normale,Autre collision,,,,,,,,,,,1,2,1,1.0,6
201200031349,0012-08-28 15:00:00,12,8,28,15,0,560,260,"., PONTIVY(BOULEVARD DE)",,,Plein jour,En agglomération,Hors intersection,Normale,Autre collision,,,,,,,,,,,1,2,1,1.0,6
201200031350,0012-08-28 13:02:00,12,8,28,13,2,560,260,"., FABRE(RUE DU GENERAL",47.65779,-2.71934,Plein jour,En agglomération,Hors intersection,Normale,Autre collision,,,,,,,,,,,1,2,1,1.0,6
201200031351,0012-09-11 07:30:00,12,9,11,7,30,560,260,"., LUSCANEN(GIRATOIRE DE",47.66217,-2.79458,Nuit avec éclairage allumé,En agglomération,Giratoire,Pluie légère,Deux véhicules - côté,,,,,,,,,,,5,2,6,2.0,3
201200031352,0012-09-20 17:20:00,12,9,20,17,20,560,260,"., REPUBLIQUE(PLACE DE L",47.6563,-2.75933,Plein jour,Hors agglomération,Intersection en T,Normale,Autre collision,,,,,,,,,,,1,1,3,1.0,6
201200031353,0012-10-05 16:40:00,12,10,5,16,40,560,260,"., RUMOR(RUE DU)",,,Plein jour,En agglomération,Hors intersection,Normale,Autre collision,,,,,,,,,,,1,2,1,1.0,6
201200031354,0012-10-12 17:45:00,12,10,12,17,45,560,260,"., TROIS ROIS(GIRATOIRE",47.68381,-2.76618,Plein jour,En agglomération,Giratoire,Normale,Deux véhicules - arrière,,,,,,,,,,,1,2,6,1.0,2
201200031355,0012-10-25 18:25:00,12,10,25,18,25,560,260,"., BOUCICAUT(RUE ARISTID",,,Plein jour,En agglomération,Hors intersection,Normale,Deux véhicules - côté,,,,,,,,,,,1,2,1,1.0,3
201200031356,0012-10-26 14:55:00,12,10,26,14,55,560,260,"., CLISCOUET(GIRATOIRE)",47.64002,-2.76939,Plein jour,En agglomération,Giratoire,Normale,Deux véhicules - côté,,,,,,,,,,,1,2,6,1.0,3
201200031357,0012-10-27 11:50:00,12,10,27,11,50,560,260,"23, LECLERC(RUE DU MAREC",47.65845,-2.75319,Plein jour,En agglomération,Hors intersection,Normale,Deux véhicules - arrière,,,,,,,,,,,1,2,1,1.0,2
201200031358,0012-10-30 17:50:00,12,10,30,17,50,560,260,"., RN 165 -SENS NANTES",,,Plein jour,En agglomération,Hors intersection,Normale,Deux véhicules - arrière,,,,,,,,,,,1,2,1,1.0,2
201200031359,0012-11-05 08:50:00,12,11,5,8,50,560,260,"., PONTIVY(BOULEVARD DE)",,,Plein jour,En agglomération,Hors intersection,Normale,Deux véhicules - arrière,,,,,,,,,,,1,2,1,1.0,2
201200031360,0012-11-05 11:20:00,12,11,5,11,20,560,260,"., DELACROIX(RUE EUGENE)",47.67281,-2.76776,Plein jour,En agglomération,Intersection en T,Normale,Deux véhicules - côté,,,,,,,,,,,1,2,3,1.0,3
201200031361,0012-11-12 19:30:00,12,11,12,19,30,560,260,"., DELACROIX(RUE EUGENE)",47.6728,-2.76784,Nuit avec éclairage allumé,En agglomération,Intersection en X,Normale,Deux véhicules - côté,,,,,,,,,,,5,2,2,1.0,3
201200031362,0012-11-25 02:55:00,12,11,25,2,55,560,260,"., RACKER(GIRATOIRE DU)",47.64156,-2.77107,Nuit avec éclairage allumé,En agglomération,Giratoire,Normale,Autre collision,,,,,,,,,,,5,2,6,1.0,6
201200031363,0012-11-26 17:20:00,12,11,26,17,20,560,260,", SAINTE-ANNE(ROUTE)",47.66463,-2.78161,Crépuscule ou aube,En agglomération,Intersection en T,Normale,Deux véhicules - arrière,,,,,,,,,,,2,2,3,1.0,2
201200031364,0012-12-04 07:41:00,12,12,4,7,41,560,260,"., SCHUMAN(RUE ROBERT)",,,Nuit avec éclairage allumé,En agglomération,Hors intersection,Normale,Autre collision,,,,,,,,,,,5,2,1,1.0,6
201200031365,0012-12-07 14:04:00,12,12,7,14,4,560,260,"36, ROOSEVELT(AVENUE)",47.65907,-2.77031,Plein jour,En agglomération,Hors intersection,Normale,Deux véhicules - arrière,,,,,,,,,,,1,2,1,1.0,2
201200031366,0012-12-11 17:35:00,12,12,11,17,35,560,260,"., LIBERATION(PLACE DE L",47.65815,-2.76446,Crépuscule ou aube,En agglomération,Place,Normale,Autre collision,,,,,,,,,,,2,2,7,1.0,6
201200031367,0012-12-14 09:05:00,12,12,14,9,5,560,260,"., ILES(GIRATOIRE DES)",47.65331,-2.78377,Plein jour,En agglomération,Giratoire,Normale,Autre collision,,,,,,,,,,,1,2,6,1.0,6
201200031368,0012-12-28 18:10:00,12,12,28,18,10,570,227,SCHOENECK(RUE DE ),49.18966,6.90548,Nuit avec éclairage allumé,En agglomération,Hors intersection,Pluie légère,Autre collision,,,,,,,,,,,5,2,1,2.0,6
201200031369,0012-01-23 05:44:00,12,1,23,5,44,570,227,"26, NATIONALE (RUE)DU C.",,,Nuit avec éclairage allumé,En agglomération,Giratoire,Temps couvert,Deux véhicules - côté,,,,,,,,,,,5,2,6,8.0,3
201200031370,0012-02-08 18:55:00,12,2,8,18,55,570,227,"2, NATIONALE (RUE)DU C.",,,Nuit avec éclairage allumé,En agglomération,Hors intersection,Normale,Autre collision,,,,,,,,,,,5,2,1,1.0,6
201200031371,0012-03-03 20:45:00,12,3,3,20,45,570,227,"3, ST REMY(AV.)R.DE LA C",,,Nuit avec éclairage non allumé,En agglomération,Hors intersection,Normale,Sans collision,,,,,,,,,,,4,2,1,1.0,7
201200031372,0012-03-23 14:45:00,12,3,23,14,45,570,537,"75, GAULLE(RUE GAL DE)DE",,,Plein jour,En agglomération,Hors intersection,Normale,Trois véhicules et plus - en chaîne,,,,,,,,,,,1,2,1,1.0,4
201200031373,0012-03-24 14:55:00,12,3,24,14,55,570,227,ST REMY(AV.)R.DE LA CHAP,,,Plein jour,En agglomération,Intersection en X,Normale,Deux véhicules - côté,,,,,,,,,,,1,2,2,1.0,3
201200031374,0012-03-29 13:05:00,12,3,29,13,5,570,537,"521, SAINT CHARLES(CONTO",49.21222,6.8505,Plein jour,En agglomération,Hors intersection,Normale,Autre collision,,,,,,,,,,,1,2,1,1.0,6
201200031375,0012-05-05 12:10:00,12,5,5,12,10,570,227,"236, NATIONALE(RUE)R.DE",,,Plein jour,En agglomération,Hors intersection,Pluie légère,Deux véhicules - côté,,,,,,,,,,,1,2,1,2.0,3
201200031376,0012-06-04 12:10:00,12,6,4,12,10,570,227,GRAPPELLI (RUE STEPHANE),49.19547,6.88453,Plein jour,En agglomération,Hors intersection,Normale,Autre collision,,,,,,,,,,,1,2,1,1.0,6
201200031377,0012-05-25 19:25:00,12,5,25,19,25,570,537,"01, TALGEN (CHEMIN DU",49.21457,6.85102,Plein jour,En agglomération,Hors intersection,Normale,Sans collision,,,,,,,,,,,1,2,1,1.0,7
201200031378,0012-07-26 13:00:00,12,7,26,13,0,570,227,ROCADE NORD,49.20429,6.91156,Plein jour,Hors agglomération,Hors intersection,Temps éblouissant,Autre collision,,,,,,,,,,,1,1,1,7.0,6
201200031379,0012-07-25 18:40:00,12,7,25,18,40,570,227,"22, MARIENAU(RUE DE)",49.18006,6.88297,Plein jour,En agglomération,Hors intersection,Normale,Autre collision,,,,,,,,,,,1,2,1,1.0,6
201200031380,0012-07-30 22:50:00,12,7,30,22,50,570,660,"116, NATIONALE(RUE)LIMIT",,,Nuit avec éclairage allumé,En agglomération,Hors intersection,Normale,Autre collision,,,,,,,,,,,5,2,1,1.0,6
201200031381,0012-08-10 13:30:00,12,8,10,13,30,570,227,FABERT(RUE),49.18357,6.89579,Plein jour,En agglomération,Hors intersection,Normale,Autre collision,,,,,,,,,,,1,2,1,1.0,6
201200031382,0012-09-15 18:10:00,12,9,15,18,10,570,227,11 rue de la gare,49.18909,6.9015,Crépuscule ou aube,En agglomération,Hors intersection,Normale,Deux véhicules - arrière,,,,,,,,,,,2,2,1,1.0,2
201200031383,0012-09-14 16:10:00,12,9,14,16,10,570,227,FORET(RUE DE LA) R.DESAL,49.18542,6.90366,Plein jour,En agglomération,Hors intersection,Normale,Deux véhicules - frontale,,,,,,,,,,,1,2,1,1.0,1
201200031384,0012-09-26 08:00:00,12,9,26,8,0,570,638,"08, JAULDES(RUE DE)",49.21618,6.91753,Plein jour,En agglomération,Hors intersection,Normale,Deux véhicules - arrière,,,,,,,,,,,1,2,1,1.0,2
201200031385,0012-11-06 15:15:00,12,11,6,15,15,570,227,JARDINS(RUE DES),49.18446,6.87768,Plein jour,En agglomération,Intersection en X,Normale,Deux véhicules - frontale,,,,,,,,,,,1,2,2,1.0,1
201200031386,0012-11-07 16:45:00,12,11,7,16,45,570,227,"66, ROSSELMONT (RUE DE )",49.19592,6.87167,Plein jour,En agglomération,Hors intersection,Normale,Deux véhicules - arrière,,,,,,,,,,,1,2,1,1.0,2
201200031387,0012-12-04 17:05:00,12,12,4,17,5,570,227,EUROPE(AVENUE DE L'),49.1771,6.88295,Nuit avec éclairage allumé,En agglomération,Hors intersection,Pluie légère,Autre collision,,,,,,,,,,,5,2,1,2.0,6
201200031388,0012-12-08 17:35:00,12,12,8,17,35,570,227,"23, SAINTE CROIX (RUE DU",49.18608,6.90308,Nuit avec éclairage allumé,En agglomération,Hors intersection,Normale,Autre collision,,,,,,,,,,,5,2,1,1.0,6
201200031389,0012-12-11 17:00:00,12,12,11,17,0,570,227,ST REMY(AV.)R.DE LA CHAP,49.18706,6.89829,Nuit avec éclairage allumé,En agglomération,Intersection en X,Temps couvert,Autre collision,,,,,,,,,,,5,2,2,8.0,6
201200031390,0012-12-15 18:10:00,12,12,15,18,10,570,227,"35, BAUER (RUE)R.DE LA P",49.18876,6.89364,Nuit avec éclairage allumé,En agglomération,Hors intersection,Pluie légère,Autre collision,,,,,,,,,,,5,2,1,2.0,6
201200031391,0012-12-18 18:35:00,12,12,18,18,35,570,660,SCHOENECK(RUE DE)DU PONT,49.20144,6.94032,Nuit avec éclairage allumé,En agglomération,Intersection en T,Pluie légère,Deux véhicules - frontale,,,,,,,,,,,5,2,3,2.0,1
201200031392,0012-01-09 07:30:00,12,1,9,7,30,570,332,RN 3  - RUE NATIONALE,,,Crépuscule ou aube,En agglomération,Intersection en T,Pluie légère,Deux véhicules - côté,,,,,,,,,,,2,2,3,2.0,3
201200031393,0012-02-07 18:00:00,12,2,7,18,0,570,332,Route départementale 603,,,Nuit sans éclairage public,Hors agglomération,Hors intersection,Neige / grêle,Deux véhicules - arrière,,,,,,,,,,,3,1,1,4.0,2
201200031394,0012-02-21 16:50:00,12,2,21,16,50,570,240,BASSE (RUE),,,Plein jour,En agglomération,Hors intersection,Normale,Autre collision,,,,,,,,,,,1,2,1,1.0,6
201200031395,0012-04-03 16:45:00,12,4,3,16,45,570,332,BELLEVUE (RUE),49.13236,6.77073,Plein jour,En agglomération,Hors intersection,Normale,Autre collision,,,,,,,,,,,1,2,1,1.0,6
201200031396,0012-04-20 17:05:00,12,4,20,17,5,570,240,CD 26,,,Plein jour,Hors agglomération,Hors intersection,Pluie légère,Trois véhicules et plus - collisions multiples,,,,,,,,,,,1,1,1,2.0,5
201200031397,0012-10-10 13:55:00,12,10,10,13,55,570,240,"1, MURGUE (RUE)",49.15909,6.77277,Plein jour,En agglomération,Hors intersection,Normale,Autre collision,,,,,,,,,,,1,2,1,1.0,6
201200031398,0012-11-28 16:05:00,12,11,28,16,5,570,240,METZ (RUE DE),49.14227,6.81197,Crépuscule ou aube,En agglomération,Intersection en T,Normale,Deux véhicules - frontale,,,,,,,,,,,2,2,3,1.0,1
201200031399,0012-01-06 05:05:00,12,1,6,5,5,570,19,CD181,,,Nuit sans éclairage public,Hors agglomération,Hors intersection,Autre,Sans collision,,,,,,,,,,,3,1,1,9.0,7
201200031400,0012-01-20 18:15:00,12,1,20,18,15,570,283,VERDUN (RUE DE),49.25145,6.16313,Nuit avec éclairage allumé,En agglomération,Hors intersection,Pluie forte,Autre collision,,,,,,,,,,,5,2,1,3.0,6
201200031401,0012-01-24 09:30:00,12,1,24,9,30,570,491,"8 BIS, FRANCE (RUE ANATO",49.25411,6.04928,Plein jour,En agglomération,Intersection en T,Temps couvert,Deux véhicules - côté,,,,,,,,,,,1,2,3,8.0,3
201200031402,0012-02-01 13:55:00,12,2,1,13,55,570,591,"17, TOUR (RUE DE LA)",49.24716,6.10388,Plein jour,En agglomération,Intersection en Y,Normale,Deux véhicules - frontale,,,,,,,,,,,1,2,4,1.0,1
201200031403,0012-02-12 06:45:00,12,2,12,6,45,570,19,CD 112F,,,Nuit sans éclairage public,Hors agglomération,Hors intersection,Autre,Autre collision,,,,,,,,,,,3,1,1,9.0,6
201200031404,0012-02-23 12:10:00,12,2,23,12,10,570,591,"20, MONDON (RUE)",49.25326,6.09462,Plein jour,En agglomération,Hors intersection,Normale,Autre collision,,,,,,,,,,,1,2,1,1.0,6
201200031405,0012-02-27 16:10:00,12,2,27,16,10,570,491,THOREZ (AVENUE MAURICE),,,Plein jour,En agglomération,Intersection en X,Normale,Autre collision,,,,,,,,,,,1,2,2,1.0,6
201200031406,0012-03-14 14:55:00,12,3,14,14,55,570,591,"22, METZ (DE)",49.25303,6.10155,Plein jour,En agglomération,Intersection en T,Normale,Deux véhicules - côté,,,,,,,,,,,1,2,3,1.0,3
201200031407,0012-03-14 16:50:00,12,3,14,16,50,570,591,CD181,,,Plein jour,Hors agglomération,Hors intersection,Normale,Sans collision,,,,,,,,,,,1,1,1,1.0,7
201200031408,0012-03-20 10:00:00,12,3,20,10,0,570,283,"1A, PRESBYTERE (RUE DU)",49.25085,6.16826,Plein jour,En agglomération,Hors intersection,Normale,Autre collision,,,,,,,,,,,1,2,1,1.0,6
201200031409,0012-04-02 18:00:00,12,4,2,18,0,570,283,"29, PASTEUR (RUE LOUIS)",49.24855,6.16692,Plein jour,En agglomération,Hors intersection,Normale,Autre collision,,,,,,,,,,,1,2,1,1.0,6
201200031410,0012-04-19 16:25:00,12,4,19,16,25,570,19,D112C,,,Plein jour,Hors agglomération,Intersection en X,Normale,Deux véhicules - côté,,,,,,,,,,,1,1,2,1.0,3
201200031411,0012-05-08 13:55:00,12,5,8,13,55,570,591,GRAND'RUE,49.25244,6.09293,Plein jour,En agglomération,Hors intersection,Temps couvert,Autre collision,,,,,,,,,,,1,2,1,8.0,6
201200031412,0012-04-28 09:55:00,12,4,28,9,55,570,283,"16, FRANCE (RUE ANATOLE)",49.25218,6.16852,Plein jour,En agglomération,Hors intersection,Normale,Autre collision,,,,,,,,,,,1,2,1,1.0,6
201200031413,0012-06-25 23:00:00,12,6,25,23,0,570,597,"27, GRAND'RUE",49.25602,6.06625,Nuit avec éclairage allumé,En agglomération,Intersection en T,Normale,Deux véhicules - côté,,,,,,,,,,,5,2,3,1.0,3
201200031414,0012-06-30 09:30:00,12,6,30,9,30,570,591,"6, VILLERS (RUE DE)",49.25082,6.09304,Plein jour,En agglomération,Hors intersection,Temps couvert,Autre collision,,,,,,,,,,,1,2,1,8.0,6
201200031415,0012-07-30 12:00:00,12,7,30,12,0,570,283,GARE (RUE DE LA),49.25392,6.16472,Plein jour,En agglomération,Hors intersection,Normale,Sans collision,,,,,,,,,,,1,2,1,1.0,7
201200031416,0012-08-19 20:55:00,12,8,19,20,55,570,283,"6, JACQUES (RUE ST)",49.24507,6.14852,Crépuscule ou aube,En agglomération,Hors intersection,Normale,Deux véhicules - côté,,,,,,,,,,,2,2,1,1.0,3
201200031417,0012-09-29 02:35:00,12,9,29,2,35,570,491,CONROY (AVENUE DU),,,Nuit avec éclairage allumé,En agglomération,Hors intersection,Normale,Autre collision,,,,,,,,,,,5,2,1,1.0,6
201200031418,0012-10-10 14:00:00,12,10,10,14,0,570,591,"4, DE GAULLE (AVENUE DU",49.2532,6.09583,Plein jour,En agglomération,Intersection en T,Normale,Autre collision,,,,,,,,,,,1,2,3,1.0,6
201200031419,0012-10-19 16:50:00,12,10,19,16,50,570,143,"45, CLEMENCEAU (RUE)",49.25979,6.09459,Plein jour,En agglomération,Hors intersection,Normale,Autre collision,,,,,,,,,,,1,2,1,1.0,6
201200031420,0012-11-06 23:30:00,12,11,6,23,30,570,591,RN 52,,,Nuit avec éclairage allumé,Hors agglomération,Giratoire,Normale,Autre collision,,,,,,,,,,,5,1,6,1.0,6
201200031421,0012-11-06 12:00:00,12,11,6,12,0,570,19,CD181,,,Plein jour,Hors agglomération,Hors intersection,Brouillard / fumée,Deux véhicules - arrière,,,,,,,,,,,1,1,1,5.0,2
201200031422,0012-12-18 18:20:00,12,12,18,18,20,570,19,"26, MILIEU (RUE DU)",49.25737,6.14549,Nuit avec éclairage allumé,En agglomération,Intersection en X,Pluie légère,Deux véhicules - côté,,,,,,,,,,,5,2,2,2.0,3
201200031423,0012-12-20 18:50:00,12,12,20,18,50,570,283,WILSON (RUE DU PRESIDENT,49.24949,6.15794,Nuit avec éclairage allumé,En agglomération,Intersection en T,Pluie forte,Deux véhicules - frontale,,,,,,,,,,,5,2,3,3.0,1
201200031424,0012-01-04 16:50:00,12,1,4,16,50,570,447,"12, CROIX ST JOSEPH (RUE",49.05897,6.15888,Nuit avec éclairage allumé,En agglomération,Hors intersection,Pluie légère,Deux véhicules - côté,,,,,,,,,,,5,2,1,2.0,3
201200031425,0012-01-13 19:55:00,12,1,13,19,55,570,463,"2, MOULIN (RUE DU )",,,Nuit avec éclairage allumé,En agglomération,Hors intersection,Normale,Autre collision,,,,,,,,,,,5,2,1,1.0,6