accident_id,datetime,annee,mois,jour,heure,minute,departement,commune_insee,adresse,latitude,longitude,luminosite,agglomeration,intersection,meteo,collision,nb_vehicules,nb_usagers,nb_indemnes,nb_tues,nb_blesses_hosp,nb_blesses_legers,age_cond_1,age_cond_2,veh_type_cond_1,veh_type_cond_2,lum_code,agg_code,int_code,atm_code,col_code
201200031803,0012-02-16 19:00:00,12,2,16,19,0,590,172,GAULLE (BD CHARLES DE),,,Crépuscule ou aube,En agglomération,Hors intersection,Normale,Autre collision,,,,,,,,,,,2,2,1,1.0,6
201200031804,0012-01-06 16:30:00,12,1,6,16,30,590,172,"., WILSON (PL. PRESIDENT",,,Plein jour,En agglomération,Hors intersection,Normale,Autre collision,,,,,,,,,,,1,2,1,1.0,6
201200031805,0012-03-03 23:55:00,12,3,3,23,55,590,429,"., NATIONALE(R.30)",,,Nuit sans éclairage public,Hors agglomération,Hors intersection,Brouillard / fumée,Deux véhicules - côté,,,,,,,,,,,3,1,1,5.0,3
201200031806,0012-03-03 04:05:00,12,3,3,4,5,590,632,"74, VAILLANT (R. EDOUARD",,,Nuit sans éclairage public,En agglomération,Hors intersection,Normale,Autre collision,,,,,,,,,,,3,2,1,1.0,6
201200031807,0012-03-05 16:00:00,12,3,5,16,0,590,172,"., CARAMAN (BD)",,,Plein jour,En agglomération,Hors intersection,Neige / grêle,Autre collision,,,,,,,,,,,1,2,1,4.0,6
201200031808,0012-03-10 16:30:00,12,3,10,16,30,590,172,"0, VILLARS (R.)",,,Plein jour,En agglomération,Hors intersection,Normale,Autre collision,,,,,,,,,,,1,2,1,1.0,6
201200031809,0012-05-01 20:50:00,12,5,1,20,50,590,172,"., CASANOVA (R. PAUL ELI",,,Plein jour,En agglomération,Autre intersection,Normale,Deux véhicules - côté,,,,,,,,,,,1,2,9,1.0,3
201200031810,0012-05-10 02:30:00,12,5,10,2,30,590,172,Rue Alexandre Bauduin,50.34372,3.37848,Nuit sans éclairage public,Hors agglomération,Hors intersection,Pluie légère,Autre collision,,,,,,,,,,,3,1,1,2.0,6
201200031811,0012-04-14 19:40:00,12,4,14,19,40,590,288,"., CD 40",,,Plein jour,Hors agglomération,Hors intersection,Normale,Deux véhicules - côté,,,,,,,,,,,1,1,1,1.0,3
201200031812,0012-06-07 09:35:00,12,6,7,9,35,590,172,MATHILDE (R.),,,Plein jour,En agglomération,Intersection en X,Normale,Autre collision,,,,,,,,,,,1,2,2,1.0,6
201200031813,0012-07-03 17:15:00,12,7,3,17,15,590,179,REPUBLIQUE (AV DE LA),,,Plein jour,Hors agglomération,Intersection en T,Normale,Deux véhicules - frontale,,,,,,,,,,,1,1,3,1.0,1
201200031814,0012-05-18 17:30:00,12,5,18,17,30,590,172,OISY (RTE),,,Plein jour,Hors agglomération,Hors intersection,Normale,Autre collision,,,,,,,,,,,1,1,1,1.0,6
201200031815,0012-08-27 18:00:00,12,8,27,18,0,590,179,"262, REPUBLIQUE (AV DE L",,,Plein jour,En agglomération,Hors intersection,Normale,Autre collision,,,,,,,,,,,1,2,1,1.0,6
201200031816,0012-08-30 20:30:00,12,8,30,20,30,590,302,CARON (R. AUGUSTE),,,Crépuscule ou aube,En agglomération,Hors intersection,Normale,Deux véhicules - arrière,,,,,,,,,,,2,2,1,1.0,2
201200031817,0012-09-04 09:30:00,12,9,4,9,30,590,632,"38, MATTEOTI",,,Plein jour,En agglomération,Hors intersection,Normale,Autre collision,,,,,,,,,,,1,2,1,1.0,6
201200031818,0012-07-24 17:45:00,12,7,24,17,45,590,632,ROUTE DEPARTEMENTALE 13,,,Plein jour,Hors agglomération,Hors intersection,Normale,Deux véhicules - côté,,,,,,,,,,,1,1,1,1.0,3
201200031819,0012-09-15 04:25:00,12,9,15,4,25,590,205,VAILLANT (R. EDOUARD),,,Nuit avec éclairage non allumé,En agglomération,Hors intersection,Autre,Autre collision,,,,,,,,,,,4,2,1,9.0,6
201200031820,0012-09-22 01:10:00,12,9,22,1,10,590,361,GAMBETTA (R. LEON),,,Nuit avec éclairage non allumé,En agglomération,Autre intersection,Autre,Sans collision,,,,,,,,,,,4,2,9,9.0,7
201200031821,0012-10-09 19:00:00,12,10,9,19,0,590,172,"523, BRUNET (R. ARTHUR)",,,Crépuscule ou aube,En agglomération,Hors intersection,Normale,Autre collision,,,,,,,,,,,2,2,1,1.0,6
201200031822,0012-10-07 17:20:00,12,10,7,17,20,590,172,VILLARS (R.),,,Plein jour,En agglomération,Hors intersection,Normale,Autre collision,,,,,,,,,,,1,2,1,1.0,6
201200031823,0012-11-04 13:00:00,12,11,4,13,0,590,504,rue Arthur Lamandin,50.30781,3.34672,Plein jour,En agglomération,Hors intersection,Pluie légère,Autre collision,,,,,,,,,,,1,2,1,2.0,6
201200031824,0012-10-24 11:20:00,12,10,24,11,20,590,172,"., MAI 1945 (BD DU 8)",,,Plein jour,En agglomération,Hors intersection,Normale,Autre collision,,,,,,,,,,,1,2,1,1.0,6
201200031825,0012-11-30 17:15:00,12,11,30,17,15,590,172,CD 40,,,Nuit avec éclairage allumé,En agglomération,Hors intersection,Normale,Trois véhicules et plus - en chaîne,,,,,,,,,,,5,2,1,1.0,4
201200031826,0012-01-14 10:40:00,12,1,14,10,40,590,8,GASPARD (RUE),,,Plein jour,En agglomération,Hors intersection,Normale,Deux véhicules - frontale,,,,,,,,,,,1,2,1,1.0,1
201200031827,0012-01-19 23:15:00,12,1,19,23,15,590,390,BOSQUET (RUE DU),,,Nuit avec éclairage allumé,En agglomération,Hors intersection,Normale,Autre collision,,,,,,,,,,,5,2,1,1.0,6
201200031828,0012-01-27 13:35:00,12,1,27,13,35,590,24,CHAUFOUR (RUE DU),50.32019,3.22925,Plein jour,Hors agglomération,Autre intersection,Normale,Deux véhicules - côté,,,,,,,,,,,1,1,9,1.0,3
201200031829,0012-01-24 12:00:00,12,1,24,12,0,590,314,"30, GAMBETTA LEON(RUE)",,,Plein jour,En agglomération,Autre intersection,Normale,Autre collision,,,,,,,,,,,1,2,9,1.0,6
201200031830,0012-01-13 20:45:00,12,1,13,20,45,590,456,"49, COLLIEZ GUSTAVE(RUE)",,,Nuit avec éclairage allumé,En agglomération,Hors intersection,Normale,Deux véhicules - côté,,,,,,,,,,,5,2,1,1.0,3
201200031831,0012-03-07 23:25:00,12,3,7,23,25,590,8,"153 B, DELESTRAINT (RUE",,,Nuit avec éclairage allumé,En agglomération,Intersection en T,Temps couvert,Autre collision,,,,,,,,,,,5,2,3,8.0,6
201200031832,0012-03-08 21:15:00,12,3,8,21,15,590,8,COUTURIER (BOULEVARD),,,Nuit avec éclairage allumé,En agglomération,Intersection en T,Normale,Deux véhicules - côté,,,,,,,,,,,5,2,3,1.0,3
201200031833,0012-02-21 18:00:00,12,2,21,18,0,590,227,CASANOVA DANIELE(RUE),,,Plein jour,En agglomération,Intersection en T,Normale,Deux véhicules - côté,,,,,,,,,,,1,2,3,1.0,3
201200031834,0012-04-12 19:35:00,12,4,12,19,35,590,8,"79, DRION (BOULEVARD)",,,Plein jour,En agglomération,Hors intersection,Pluie légère,Deux véhicules - côté,,,,,,,,,,,1,2,1,2.0,3
201200031835,0012-02-08 06:05:00,12,2,8,6,5,590,574,"242, ANDRIS ACHILLE(RUE)",,,Nuit avec éclairage allumé,En agglomération,Hors intersection,Normale,Autre collision,,,,,,,,,,,5,2,1,1.0,6
201200031836,0012-04-05 17:10:00,12,4,5,17,10,590,24,"21, DOUAI (RUE DE)",,,Plein jour,En agglomération,Hors intersection,Normale,Deux véhicules - arrière,,,,,,,,,,,1,2,1,1.0,2
201200031837,0012-03-19 22:30:00,12,3,19,22,30,590,574,"109 BIS, FIEVET JEAN-BAP",,,Nuit avec éclairage allumé,En agglomération,Hors intersection,Normale,Autre collision,,,,,,,,,,,5,2,1,1.0,6
201200031838,0012-05-19 19:05:00,12,5,19,19,5,590,24,"3, FLINES (RUE DE)",,,Plein jour,En agglomération,Hors intersection,Normale,Autre collision,,,,,,,,,,,1,2,1,1.0,6
201200031839,0012-01-17 11:30:00,12,1,17,11,30,590,178,"143, HAYEZ (BOULEVARD PA",,,Plein jour,En agglomération,Hors intersection,Normale,Autre collision,,,,,,,,,,,1,2,1,1.0,6
201200031840,0012-12-21 09:25:00,12,12,21,9,25,590,569,LEBAS (RUE JEAN-BAPTISTE,,,Plein jour,En agglomération,Intersection en T,Normale,Autre collision,,,,,,,,,,,1,2,3,1.0,6
201200031841,0012-06-13 11:30:00,12,6,13,11,30,590,24,CHAUFOUR (RUE DU),,,Plein jour,Hors agglomération,Hors intersection,Pluie légère,Sans collision,,,,,,,,,,,1,1,1,2.0,7
201200031842,0012-04-13 16:15:00,12,4,13,16,15,590,574,CD 957,,,Plein jour,Hors agglomération,Hors intersection,Normale,Deux véhicules - côté,,,,,,,,,,,1,1,1,1.0,3
201200031843,0012-07-25 15:40:00,12,7,25,15,40,590,8,ALSACE (RUE D'),,,Plein jour,En agglomération,Hors intersection,Normale,Autre collision,,,,,,,,,,,1,2,1,1.0,6
201200031844,0012-07-29 21:25:00,12,7,29,21,25,590,8,"38, DELESTRAINT (RUE DU",,,Nuit avec éclairage allumé,En agglomération,Hors intersection,Autre,Deux véhicules - arrière,,,,,,,,,,,5,2,1,9.0,2
201200031845,0012-07-27 08:10:00,12,7,27,8,10,590,345,"284, VESIGNONS (PLACE DE",,,Plein jour,En agglomération,Intersection en Y,Normale,Deux véhicules - côté,,,,,,,,,,,1,2,4,1.0,3
201200031846,0012-07-12 17:30:00,12,7,12,17,30,590,390,"2, 8 MAI 45 (AVENUE DU)",,,Plein jour,En agglomération,Hors intersection,Normale,Deux véhicules - arrière,,,,,,,,,,,1,2,1,1.0,2
201200031847,0012-05-07 21:30:00,12,5,7,21,30,590,227,BARBUSSE HENRI(RUE),,,Nuit avec éclairage allumé,En agglomération,Hors intersection,Normale,Autre collision,,,,,,,,,,,5,2,1,1.0,6
201200031848,0012-05-15 14:50:00,12,5,15,14,50,590,574,GAMBETTA LEON (RUE),,,Plein jour,En agglomération,Intersection en T,Normale,Deux véhicules - côté,,,,,,,,,,,1,2,3,1.0,3
201200031849,0012-08-28 10:45:00,12,8,28,10,45,590,8,BARBUSSE (RUE HENRI),,,Plein jour,En agglomération,Hors intersection,Normale,Autre collision,,,,,,,,,,,1,2,1,1.0,6
201200031850,0012-09-07 18:00:00,12,9,7,18,0,590,8,"0000000000, DELESTRAINT",,,Plein jour,En agglomération,Hors intersection,Normale,Deux véhicules - arrière,,,,,,,,,,,1,2,1,1.0,2
201200031851,0012-04-26 13:00:00,12,4,26,13,0,590,375,CD 957,,,Plein jour,En agglomération,Intersection en T,Normale,Deux véhicules - côté,,,,,,,,,,,1,2,3,1.0,3
201200031852,0012-02-07 09:20:00,12,2,7,9,20,590,28,"12, PASTEUR (RUE)",,,Plein jour,En agglomération,Hors intersection,Temps éblouissant,Deux véhicules - côté,,,,,,,,,,,1,2,1,7.0,3
201200031853,0012-06-05 22:50:00,12,6,5,22,50,590,501,JAURES JEAN(RUE),,,Nuit avec éclairage allumé,En agglomération,Hors intersection,Normale,Autre collision,,,,,,,,,,,5,2,1,1.0,6
201200031854,0012-09-12 18:30:00,12,9,12,18,30,590,24,BERNONVILLE (RUE),,,Plein jour,En agglomération,Intersection en X,Normale,Deux véhicules - côté,,,,,,,,,,,1,2,2,1.0,3
201200031855,0012-09-15 18:30:00,12,9,15,18,30,590,8,"98, GASPARD (RUE)",,,Plein jour,En agglomération,Hors intersection,Normale,Autre collision,,,,,,,,,,,1,2,1,1.0,6
201200031856,0012-10-04 16:40:00,12,10,4,16,40,590,185,PONCEAU (RUE DU),,,Plein jour,Hors agglomération,Hors intersection,Normale,Autre collision,,,,,,,,,,,1,1,1,1.0,6
201200031857,0012-02-10 12:45:00,12,2,10,12,45,590,178,JEANNE D'ARC (BOULEVARD),,,Plein jour,En agglomération,Intersection en T,Temps éblouissant,Autre collision,,,,,,,,,,,1,2,3,7.0,6
201200031858,0012-10-26 16:20:00,12,10,26,16,20,590,8,DEREGNAUCOURT (RUE),,,Plein jour,En agglomération,Intersection en T,Normale,Deux véhicules - côté,,,,,,,,,,,1,2,3,1.0,3
201200031859,0012-11-09 19:10:00,12,11,9,19,10,590,8,LAUDEAU (RUE EDMOND),,,Nuit avec éclairage allumé,En agglomération,Hors intersection,Pluie légère,Autre collision,,,,,,,,,,,5,2,1,2.0,6
201200031860,0012-11-17 15:30:00,12,11,17,15,30,590,185,"60, MARAICHONS (RUE DES)",,,Plein jour,En agglomération,Hors intersection,Autre,Deux véhicules - frontale,,,,,,,,,,,1,2,1,9.0,1
201200031861,0012-11-19 08:35:00,12,11,19,8,35,590,8,BICENTENAIRE DE LA REVOL,,,Plein jour,En agglomération,Hors intersection,Pluie légère,Autre collision,,,,,,,,,,,1,2,1,2.0,6
201200031862,0012-01-14 11:25:00,12,1,14,11,25,590,569,SALENGRO (AVENUE ROGER),,,Plein jour,En agglomération,Giratoire,Autre,Deux véhicules - côté,,,,,,,,,,,1,2,6,9.0,3
201200031863,0012-12-01 19:45:00,12,12,1,19,45,590,345,ROUCOURT (RUE DE),,,Nuit sans éclairage public,Hors agglomération,Hors intersection,Temps couvert,Autre collision,,,,,,,,,,,3,1,1,8.0,6
201200031864,0012-07-28 18:00:00,12,7,28,18,0,590,574,Ru  Jean Batiste  Fievet,50.38124,3.27079,Plein jour,En agglomération,Hors intersection,Normale,Sans collision,,,,,,,,,,,1,2,1,1.0,7
201200031865,0012-02-02 18:50:00,12,2,2,18,50,590,276,GOLLIOT (RUE RENE),,,Nuit sans éclairage public,En agglomération,Hors intersection,Normale,Autre collision,,,,,,,,,,,3,2,1,1.0,6
201200031866,0012-08-01 13:20:00,12,8,1,13,20,590,375,SOMAIN CD957(ROUTE DE),,,Plein jour,Hors agglomération,Hors intersection,Normale,Autre collision,,,,,,,,,,,1,1,1,1.0,6
201200031867,0012-11-26 17:10:00,12,11,26,17,10,590,8,"04, PAUL VAILLANT COUTUR",,,Nuit avec éclairage allumé,En agglomération,Hors intersection,Normale,Deux véhicules - côté,,,,,,,,,,,5,2,1,1.0,3
201200031868,0012-08-20 16:30:00,12,8,20,16,30,590,574,DUCLOS (AVENUE),,,Plein jour,En agglomération,Intersection en X,Normale,Deux véhicules - côté,,,,,,,,,,,1,2,2,1.0,3
201200031869,0012-08-20 15:54:00,12,8,20,15,54,590,314,"59, ERRE(ROUTE)",,,Plein jour,En agglomération,Hors intersection,Normale,Sans collision,,,,,,,,,,,1,2,1,1.0,7
201200031870,0012-09-01 13:20:00,12,9,1,13,20,590,227,FUSILLES(PLACE DE NOS),,,Plein jour,En agglomération,Hors intersection,Normale,Autre collision,,,,,,,,,,,1,2,1,1.0,6
201200031871,0012-02-19 20:15:00,12,2,19,20,15,590,234,R.D 621,,,Nuit sans éclairage public,Hors agglomération,Hors intersection,Normale,Trois véhicules et plus - collisions multiples,,,,,,,,,,,3,1,1,1.0,5
201200031872,0012-02-29 18:55:00,12,2,29,18,55,590,239,ABBAYE (RUE DE L'),,,Nuit avec éclairage allumé,Hors agglomération,Hors intersection,Normale,Deux véhicules - frontale,,,,,,,,,,,5,1,1,1.0,1
201200031873,0012-09-14 18:45:00,12,9,14,18,45,590,574,ANDRIS ACHILLE(RUE),,,Plein jour,En agglomération,Intersection en T,Normale,Deux véhicules - côté,,,,,,,,,,,1,2,3,1.0,3
201200031874,0012-03-09 01:58:00,12,3,9,1,58,590,178,"193, FAIDHERBE (BOULEVAR",,,Nuit avec éclairage allumé,En agglomération,Hors intersection,Normale,Sans collision,,,,,,,,,,,5,2,1,1.0,7
201200031875,0012-02-10 16:10:00,12,2,10,16,10,590,178,GODIN (RUE FRANCIS),,,Plein jour,En agglomération,Intersection en T,Normale,Autre collision,,,,,,,,,,,1,2,3,1.0,6
201200031876,0012-03-11 16:35:00,12,3,11,16,35,590,228,RD643,,,Plein jour,En agglomération,Hors intersection,Normale,Deux véhicules - arrière,,,,,,,,,,,1,2,1,1.0,2
201200031877,0012-09-25 16:45:00,12,9,25,16,45,590,574,MICHEL ANGE (RUE),,,Plein jour,En agglomération,Intersection en X,Pluie légère,Deux véhicules - côté,,,,,,,,,,,1,2,2,2.0,3
201200031878,0012-10-09 16:40:00,12,10,9,16,40,590,354,RD135,,,Plein jour,Hors agglomération,Hors intersection,Normale,Autre collision,,,,,,,,,,,1,1,1,1.0,6
201200031879,0012-10-14 09:55:00,12,10,14,9,55,590,574,"67, FRANCE ANATOLE(RUE)",,,Plein jour,En agglomération,Hors intersection,Pluie légère,Autre collision,,,,,,,,,,,1,2,1,2.0,6
201200031880,0012-10-28 01:30:00,12,10,28,1,30,590,574,"28, HUGO VICTOR(PLACE)",,,Nuit avec éclairage allumé,En agglomération,Hors intersection,Normale,Autre collision,,,,,,,,,,,5,2,1,1.0,6
201200031881,0012-03-19 12:30:00,12,3,19,12,30,590,165,RD 425,,,Plein jour,Hors agglomération,Intersection en T,Normale,Deux véhicules - côté,,,,,,,,,,,1,1,3,1.0,3
201200031882,0012-03-20 11:30:00,12,3,20,11,30,590,178,DELEBECQUE (BOULEVARD),,,Plein jour,En agglomération,Hors intersection,Temps éblouissant,Autre collision,,,,,,,,,,,1,2,1,7.0,6
201200031883,0012-11-25 10:50:00,12,11,25,10,50,590,375,MATON(RUE),,,Plein jour,En agglomération,Hors intersection,Normale,Autre collision,,,,,,,,,,,1,2,1,1.0,6
201200031884,0012-12-04 10:55:00,12,12,4,10,55,590,574,MICHEL LOUISE(BOULEVARD),,,Plein jour,En agglomération,Hors intersection,Normale,Autre collision,,,,,,,,,,,1,2,1,1.0,6
201200031885,0012-04-05 15:55:00,12,4,5,15,55,590,165,"53, ROBAUT (RUE FELIX)",,,Plein jour,En agglomération,Hors intersection,Normale,Autre collision,,,,,,,,,,,1,2,1,1.0,6
201200031886,0012-04-06 18:20:00,12,4,6,18,20,590,178,"118, LAHURE (IMPASSE)",,,Plein jour,En agglomération,Hors intersection,Normale,Autre collision,,,,,,,,,,,1,2,1,1.0,6
201200031887,0012-04-05 16:20:00,12,4,5,16,20,590,654,"230, DEPRET (RUE ABEL)",,,Plein jour,En agglomération,Hors intersection,Normale,Autre collision,,,,,,,,,,,1,2,1,1.0,6
201200031888,0012-05-11 20:25:00,12,5,11,20,25,590,569,SEMARD (RUE PIERRE),,,Plein jour,En agglomération,Intersection en X,Normale,Autre collision,,,,,,,,,,,1,2,2,1.0,6
201200031889,0012-05-14 12:30:00,12,5,14,12,30,590,489,458 rue nationale,50.43656,3.13317,Plein jour,Hors agglomération,Hors intersection,Temps éblouissant,Sans collision,,,,,,,,,,,1,1,1,7.0,7
201200031890,0012-05-31 12:30:00,12,5,31,12,30,590,178,FAUBOURG DE BETHUNE (RUE,,,Plein jour,En agglomération,Intersection en T,Normale,Deux véhicules - côté,,,,,,,,,,,1,2,3,1.0,3
201200031891,0012-06-16 03:00:00,12,6,16,3,0,590,489,"279, PASTEUR (RUE)",,,Nuit avec éclairage allumé,En agglomération,Hors intersection,Normale,Deux véhicules - frontale,,,,,,,,,,,5,2,1,1.0,1
201200031892,0012-06-09 16:10:00,12,6,9,16,10,590,178,CARNOT (PLACE),,,Plein jour,En agglomération,Hors intersection,Temps couvert,Autre collision,,,,,,,,,,,1,2,1,8.0,6
201200031893,0012-06-16 17:35:00,12,6,16,17,35,590,239,RESISTANTS (RUE DES),,,Plein jour,En agglomération,Hors intersection,Normale,Sans collision,,,,,,,,,,,1,2,1,1.0,7
201200031894,0012-06-20 09:45:00,12,6,20,9,45,590,234,"10, BARBUSSE (RUE HENRI)",,,Plein jour,En agglomération,Hors intersection,Normale,Autre collision,,,,,,,,,,,1,2,1,1.0,6
201200031895,0012-06-25 15:10:00,12,6,25,15,10,590,569,R.D 500,,,Plein jour,Hors agglomération,Hors intersection,Normale,Trois véhicules et plus - collisions multiples,,,,,,,,,,,1,1,1,1.0,5
201200031896,0012-06-28 10:35:00,12,6,28,10,35,590,178,TOURNAI (ROUTE DE),,,Plein jour,En agglomération,Hors intersection,Normale,Deux véhicules - arrière,,,,,,,,,,,1,2,1,1.0,2
201200031897,0012-06-25 09:20:00,12,6,25,9,20,590,239,ALLIES (BOULEVARD DES),,,Plein jour,En agglomération,Hors intersection,Normale,Autre collision,,,,,,,,,,,1,2,1,1.0,6
201200031898,0012-06-30 03:40:00,12,6,30,3,40,590,165,VAILLANT COUTURIER (RUE,,,Nuit avec éclairage allumé,En agglomération,Hors intersection,Normale,Deux véhicules - frontale,,,,,,,,,,,5,2,1,1.0,1
201200031899,0012-07-09 14:45:00,12,7,9,14,45,590,327,L ( ALLEE - CITE DU NOUV,,,Plein jour,En agglomération,Intersection en X,Temps couvert,Deux véhicules - côté,,,,,,,,,,,1,2,2,8.0,3
201200031900,0012-07-10 15:15:00,12,7,10,15,15,590,178,rue Delaby,,,Plein jour,En agglomération,Hors intersection,Normale,Autre collision,,,,,,,,,,,1,2,1,1.0,6
201200031901,0012-05-28 10:30:00,12,5,28,10,30,590,178,SAINT SULPICE (RUE),,,Plein jour,En agglomération,Hors intersection,Normale,Autre collision,,,,,,,,,,,1,2,1,1.0,6
201200031902,0012-08-19 00:25:00,12,8,19,0,25,590,178,"84, BASLY (RUE EMILE)",,,Nuit avec éclairage allumé,En agglomération,Intersection en T,Normale,Deux véhicules - côté,,,,,,,,,,,5,2,3,1.0,3
201200031903,0012-08-22 13:15:00,12,8,22,13,15,590,654,"20, BIVOUAC (RUE DU)",,,Plein jour,En agglomération,Hors intersection,Normale,Autre collision,,,,,,,,,,,1,2,1,1.0,6
201200031904,0012-07-20 20:00:00,12,7,20,20,0,590,178,"65, BELLAIN (RUE DE)",,,Plein jour,En agglomération,Hors intersection,Normale,Deux véhicules - arrière,,,,,,,,,,,1,2,1,1.0,2
201200031905,0012-09-14 22:30:00,12,9,14,22,30,590,170,JAURES (PLACE JEAN),,,Nuit avec éclairage allumé,En agglomération,Intersection en X,Normale,Deux véhicules - côté,,,,,,,,,,,5,2,2,1.0,3
201200031906,0012-08-07 19:30:00,12,8,7,19,30,590,489,VAILLANT (RUE EDOUARD),,,Plein jour,En agglomération,Hors intersection,Normale,Autre collision,,,,,,,,,,,1,2,1,1.0,6
201200031907,0012-08-09 09:05:00,12,8,9,9,5,590,178,TOURNAI (ROUTE DE),,,Plein jour,Hors agglomération,Hors intersection,Normale,Autre collision,,,,,,,,,,,1,1,1,1.0,6
201200031908,0012-08-16 16:20:00,12,8,16,16,20,590,178,"387, HAYEZ (BOULEVARD PA",,,Plein jour,En agglomération,Hors intersection,Temps éblouissant,Autre collision,,,,,,,,,,,1,2,1,7.0,6
201200031909,0012-08-23 07:50:00,12,8,23,7,50,590,329,"122, JAURES (RUE JEAN)",,,Plein jour,En agglomération,Hors intersection,Normale,Deux véhicules - arrière,,,,,,,,,,,1,2,1,1.0,2
201200031910,0012-09-08 18:00:00,12,9,8,18,0,590,569,NEUVE (RUE),,,Plein jour,En agglomération,Intersection en T,Normale,Deux véhicules - côté,,,,,,,,,,,1,2,3,1.0,3
201200031911,0012-09-18 07:05:00,12,9,18,7,5,590,329,"0, CARNOT (RUE)",,,Crépuscule ou aube,En agglomération,Intersection en T,Pluie légère,Sans collision,,,,,,,,,,,2,2,3,2.0,7
201200031912,0012-09-18 08:00:00,12,9,18,8,0,590,178,BERLIOZ (RUE HECTOR),,,Plein jour,En agglomération,Intersection en T,Pluie légère,Deux véhicules - frontale,,,,,,,,,,,1,2,3,2.0,1
201200031913,0012-10-05 13:15:00,12,10,5,13,15,590,569,SALENGRO (AVENUE ROGER),,,Plein jour,En agglomération,Intersection en T,Normale,Deux véhicules - côté,,,,,,,,,,,1,2,3,1.0,3
201200031914,0012-12-03 19:25:00,12,12,3,19,25,590,509,917 rue Léon Blum,50.41794,3.1199,Nuit sans éclairage public,Hors agglomération,Hors intersection,Temps couvert,Autre collision,,,,,,,,,,,3,1,1,8.0,6
201200031915,0012-11-21 14:30:00,12,11,21,14,30,590,178,GAULLE (PLACE CHARLES DE,,,Plein jour,En agglomération,Hors intersection,Pluie légère,Sans collision,,,,,,,,,,,1,2,1,2.0,7
201200031916,0012-11-27 17:20:00,12,11,27,17,20,590,234,"21, MOULIN (RUE JEAN)",,,Crépuscule ou aube,En agglomération,Hors intersection,Normale,Autre collision,,,,,,,,,,,2,2,1,1.0,6
201200031917,0012-11-30 08:10:00,12,11,30,8,10,590,178,WETZ (RUE DES),,,Plein jour,En agglomération,Intersection en X,Normale,Autre collision,,,,,,,,,,,1,2,2,1.0,6
201200031918,0012-12-03 17:30:00,12,12,3,17,30,590,178,CAMBRAI (RUE DE),,,Nuit avec éclairage allumé,En agglomération,Hors intersection,Normale,Deux véhicules - arrière,,,,,,,,,,,5,2,1,1.0,2
201200031919,0012-12-06 07:25:00,12,12,6,7,25,590,327,SADI CARNOT (RUE),,,Nuit avec éclairage non allumé,En agglomération,Hors intersection,Autre,Autre collision,,,,,,,,,,,4,2,1,9.0,6
201200031920,0012-12-10 13:35:00,12,12,10,13,35,590,178,"281, EGLISE (RUE DE L')",,,Plein jour,En agglomération,Hors intersection,Normale,Autre collision,,,,,,,,,,,1,2,1,1.0,6
201200031921,0012-12-11 12:00:00,12,12,11,12,0,590,178,FOCH (QUAI DU MARECHAL),,,Plein jour,En agglomération,Hors intersection,Normale,Autre collision,,,,,,,,,,,1,2,1,1.0,6
201200031922,0012-12-13 23:15:00,12,12,13,23,15,590,239,ALLIES (BOULEVARD DES),,,Nuit avec éclairage allumé,En agglomération,Hors intersection,Normale,Deux véhicules - frontale,,,,,,,,,,,5,2,1,1.0,1
201200031923,0012-01-03 20:40:00,12,1,3,20,40,590,183,PETITE-SYNTHE CD 940 - A,,,Nuit avec éclairage allumé,En agglomération,Intersection en X,Normale,Deux véhicules - côté,,,,,,,,,,,5,2,2,1.0,3
201200031924,0012-01-09 00:20:00,12,1,9,0,20,590,155,8 MAI 1945 - AVENUE,,,Nuit avec éclairage allumé,En agglomération,Hors intersection,Pluie légère,Autre collision,,,,,,,,,,,5,2,1,2.0,6
201200031925,0012-01-11 11:01:00,12,1,11,11,1,590,271,"0000, TRIAGE",,,Plein jour,En agglomération,Autre intersection,Normale,Deux véhicules - côté,,,,,,,,,,,1,2,9,1.0,3
201200031926,0012-01-12 07:00:00,12,1,12,7,0,590,540,SAMARITAINE,,,Nuit avec éclairage allumé,En agglomération,Autre intersection,Normale,Deux véhicules - côté,,,,,,,,,,,5,2,9,1.0,3
201200031927,0012-01-15 18:45:00,12,1,15,18,45,590,183,PETITE-SYNTHE CD 940 - A,,,Nuit avec éclairage allumé,En agglomération,Hors intersection,Normale,Trois véhicules et plus - en chaîne,,,,,,,,,,,5,2,1,1.0,4
201200031928,0012-01-16 09:25:00,12,1,16,9,25,590,183,"0000, BATELLERIE",,,Plein jour,En agglomération,Autre intersection,Normale,Autre collision,,,,,,,,,,,1,2,9,1.0,6
201200031929,0012-01-18 22:10:00,12,1,18,22,10,590,155,"000, BERGUES CD 916 - RO",,,Nuit avec éclairage allumé,En agglomération,Autre intersection,Normale,Deux véhicules - côté,,,,,,,,,,,5,2,9,1.0,3
201200031930,0012-01-13 12:00:00,12,1,13,12,0,590,155,STEENDAM - ROUTE,,,Plein jour,En agglomération,Hors intersection,Normale,Deux véhicules - arrière,,,,,,,,,,,1,2,1,1.0,2
201200031931,0012-01-29 02:05:00,12,1,29,2,5,590,183,"2, TRYSTRAM - BOULEVARD",,,Nuit avec éclairage allumé,En agglomération,Hors intersection,Pluie légère,Autre collision,,,,,,,,,,,5,2,1,2.0,6
201200031932,0012-02-03 11:40:00,12,2,3,11,40,590,183,"26, CITE - AVENUE",,,Plein jour,En agglomération,Autre intersection,Normale,Autre collision,,,,,,,,,,,1,2,9,1.0,6