accident_id,datetime,annee,mois,jour,heure,minute,departement,commune_insee,adresse,latitude,longitude,luminosite,agglomeration,intersection,meteo,collision,nb_vehicules,nb_usagers,nb_indemnes,nb_tues,nb_blesses_hosp,nb_blesses_legers,age_cond_1,age_cond_2,veh_type_cond_1,veh_type_cond_2,lum_code,agg_code,int_code,atm_code,col_code
201200032065,0012-01-23 18:30:00,12,1,23,18,30,590,350,HUGO VICTOR  BVD N?104 -,,,Nuit avec éclairage allumé,En agglomération,Hors intersection,Normale,Autre collision,,,,,,,,,,,5,2,1,1.0,6
201200032066,0012-01-23 18:10:00,12,1,23,18,10,590,378,"45, GUESDE JULES RUE",,,Nuit avec éclairage allumé,En agglomération,Hors intersection,Normale,Autre collision,,,,,,,,,,,5,2,1,1.0,6
201200032067,0012-01-23 19:55:00,12,1,23,19,55,590,350,VAUBAN BOULEVARD N? REST,,,Nuit avec éclairage allumé,En agglomération,Hors intersection,Normale,Deux véhicules - côté,,,,,,,,,,,5,2,1,1.0,3
201200032068,0012-01-24 18:15:00,12,1,24,18,15,590,196,"IGNORE, FUSILLES RUE DES",,,Crépuscule ou aube,En agglomération,Hors intersection,Pluie légère,Deux véhicules - côté,,,,,,,,,,,2,2,1,2.0,3
201200032069,0012-01-25 12:10:00,12,1,25,12,10,590,378,"00, MENIN RUE DE",,,Plein jour,En agglomération,Hors intersection,Pluie légère,Autre collision,,,,,,,,,,,1,2,1,2.0,6
201200032070,0012-01-25 00:05:00,12,1,25,0,5,590,350,JOUHAUX LEON AVENUE N?,,,Nuit avec éclairage allumé,En agglomération,Hors intersection,Normale,Autre collision,,,,,,,,,,,5,2,1,1.0,6
201200032071,0012-01-26 07:20:00,12,1,26,7,20,590,378,CLEMENCEAU BLVD (N?1-23),,,Nuit avec éclairage allumé,En agglomération,Intersection en X,Normale,Autre collision,,,,,,,,,,,5,2,2,1.0,6
201200032072,0012-01-26 13:35:00,12,1,26,13,35,590,328,LILLE RUE DE,,,Plein jour,En agglomération,Intersection en T,Pluie légère,Deux véhicules - côté,,,,,,,,,,,1,2,3,2.0,3
201200032073,0012-01-26 15:35:00,12,1,26,15,35,590,527,"17, LECLERC RUE DU GENER",,,Plein jour,En agglomération,Hors intersection,Pluie légère,Sans collision,,,,,,,,,,,1,2,1,2.0,7
201200032074,0012-01-27 03:00:00,12,1,27,3,0,590,378,MARNE AVENUE DE LA,50.67722,3.11095,Nuit avec éclairage allumé,En agglomération,Hors intersection,Pluie légère,Sans collision,,,,,,,,,,,5,2,1,2.0,7
201200032075,0012-01-27 15:45:00,12,1,27,15,45,590,350,"00, CHATILLON GAUTHIER R",,,Plein jour,En agglomération,Hors intersection,Normale,Autre collision,,,,,,,,,,,1,2,1,1.0,6
201200032076,0012-01-28 00:25:00,12,1,28,0,25,590,378,"39, FLANDRE AVENUE DE",,,Nuit avec éclairage allumé,En agglomération,Hors intersection,Normale,Autre collision,,,,,,,,,,,5,2,1,1.0,6
201200032077,0012-01-28 20:30:00,12,1,28,20,30,590,368,"229, REPUBLIQUE AVENUE D",,,Nuit avec éclairage allumé,En agglomération,Hors intersection,Normale,Autre collision,,,,,,,,,,,5,2,1,1.0,6
201200032078,0012-01-29 02:45:00,12,1,29,2,45,590,350,PAPIN BOULEVARD,,,Nuit avec éclairage allumé,En agglomération,Hors intersection,Normale,Autre collision,,,,,,,,,,,5,2,1,1.0,6
201200032079,0012-01-26 20:45:00,12,1,26,20,45,590,9,DE VALMY BOULEVARD,,,Nuit avec éclairage allumé,En agglomération,Hors intersection,Pluie légère,Autre collision,,,,,,,,,,,5,2,1,2.0,6
201200032080,0012-01-31 10:45:00,12,1,31,10,45,590,9,SAINT GHISLAIN ROND POIN,,,Plein jour,En agglomération,Intersection en X,Normale,Autre collision,,,,,,,,,,,1,2,2,1.0,6
201200032081,0012-01-31 20:20:00,12,1,31,20,20,590,328,B.N.P (DELECAUX RUE DE),,,Nuit avec éclairage allumé,En agglomération,Intersection en T,Normale,Deux véhicules - côté,,,,,,,,,,,5,2,3,1.0,3
201200032082,0012-02-01 16:00:00,12,2,1,16,0,590,560,du 43?me R.I (rue),,,Plein jour,Hors agglomération,Giratoire,Normale,Deux véhicules - côté,,,,,,,,,,,1,1,6,1.0,3
201200032083,0012-02-02 16:50:00,12,2,2,16,50,590,350,"4, CONDE RUE DE",,,Plein jour,En agglomération,Hors intersection,Normale,Autre collision,,,,,,,,,,,1,2,1,1.0,6
201200032084,0012-02-02 11:30:00,12,2,2,11,30,590,350,"IGNORE, FLANDRES PONT",,,Plein jour,En agglomération,Intersection en X,Normale,Deux véhicules - côté,,,,,,,,,,,1,2,2,1.0,3
201200032085,0012-02-01 14:00:00,12,2,1,14,0,590,410,SCHUMAN ROBERT AVENUE,,,Plein jour,En agglomération,Intersection en X,Normale,Deux véhicules - côté,,,,,,,,,,,1,2,2,1.0,3
201200032086,0012-02-03 05:20:00,12,2,3,5,20,590,350,COUSTOU RUE,,,Nuit avec éclairage allumé,En agglomération,Intersection en X,Normale,Deux véhicules - côté,,,,,,,,,,,5,2,2,1.0,3
201200032087,0012-01-28 12:25:00,12,1,28,12,25,590,350,"IGNORE, DUMON D'URVILLE",,,Plein jour,En agglomération,Hors intersection,Normale,Deux véhicules - arrière,,,,,,,,,,,1,2,1,1.0,2
201200032088,0012-02-03 21:45:00,12,2,3,21,45,590,378,REPUBLIQUE AV DE LA ( N?,,,Nuit avec éclairage allumé,En agglomération,Hors intersection,Neige / grêle,Autre collision,,,,,,,,,,,5,2,1,4.0,6
201200032089,0012-02-06 14:58:00,12,2,6,14,58,590,9,TRUDAINE RUE,,,Plein jour,En agglomération,Intersection en T,Normale,Autre collision,,,,,,,,,,,1,2,3,1.0,6
201200032090,0012-01-19 08:45:00,12,1,19,8,45,590,350,"238, PARIS RUE N? RESTE",,,Plein jour,En agglomération,Hors intersection,Normale,Autre collision,,,,,,,,,,,1,2,1,1.0,6
201200032091,0012-01-27 10:00:00,12,1,27,10,0,590,328,"3, AVENIR RUE DE L",,,Plein jour,En agglomération,Intersection en X,Temps éblouissant,Autre collision,,,,,,,,,,,1,2,2,7.0,6
201200032092,0012-02-04 21:15:00,12,2,4,21,15,590,368,DE COUBERTIN PIERRE  BOU,,,Nuit avec éclairage allumé,En agglomération,Hors intersection,Autre,Autre collision,,,,,,,,,,,5,2,1,9.0,6
201200032093,0012-02-10 17:25:00,12,2,10,17,25,590,350,"IGNORE, CARREL ARMAND RU",,,Crépuscule ou aube,En agglomération,Hors intersection,Normale,Deux véhicules - côté,,,,,,,,,,,2,2,1,1.0,3
201200032094,0012-02-10 23:00:00,12,2,10,23,0,590,350,VANHOENACKER PLACE,,,Nuit avec éclairage allumé,En agglomération,Intersection en X,Normale,Deux véhicules - côté,,,,,,,,,,,5,2,2,1.0,3
201200032095,0012-02-12 05:10:00,12,2,12,5,10,590,350,"30, DOUAI RUE",,,Nuit avec éclairage allumé,En agglomération,Hors intersection,Normale,Autre collision,,,,,,,,,,,5,2,1,1.0,6
201200032096,0012-02-13 17:40:00,12,2,13,17,40,590,350,"59 bis, LIBERTE BVD N?2",,,Crépuscule ou aube,En agglomération,Hors intersection,Pluie légère,Autre collision,,,,,,,,,,,2,2,1,2.0,6
201200032097,0012-02-01 13:30:00,12,2,1,13,30,590,350,CHURCHILL WINSTON AVENUE,,,Plein jour,En agglomération,Hors intersection,Normale,Deux véhicules - arrière,,,,,,,,,,,1,2,1,1.0,2
201200032098,0012-02-15 08:55:00,12,2,15,8,55,590,356,MONNET JEAN RUE,,,Plein jour,En agglomération,Hors intersection,Pluie légère,Deux véhicules - frontale,,,,,,,,,,,1,2,1,2.0,1
201200032099,0012-02-15 16:45:00,12,2,15,16,45,590,350,"127, ARTOIS RUE D N?83 A",,,Plein jour,En agglomération,Hors intersection,Pluie légère,Autre collision,,,,,,,,,,,1,2,1,2.0,6
201200032100,0012-02-16 16:20:00,12,2,16,16,20,590,286,EUROPE AVENUE DE L,50.61208,2.97591,Plein jour,En agglomération,Intersection en T,Normale,Autre collision,,,,,,,,,,,1,2,3,1.0,6
201200032101,0012-02-16 17:40:00,12,2,16,17,40,590,350,"ignore, JACQUEMART GIELE",,,Plein jour,En agglomération,Hors intersection,Temps couvert,Autre collision,,,,,,,,,,,1,2,1,8.0,6
201200032102,0012-02-18 16:20:00,12,2,18,16,20,590,368,"52, SAINT MAUR AVENUE",,,Plein jour,En agglomération,Hors intersection,Pluie légère,Autre collision,,,,,,,,,,,1,2,1,2.0,6
201200032103,0012-02-18 17:00:00,12,2,18,17,0,590,350,"00, DUNKERQUE AVENUE DE",,,Plein jour,En agglomération,Intersection en X,Normale,Autre collision,,,,,,,,,,,1,2,2,1.0,6
201200032104,0012-02-15 14:20:00,12,2,15,14,20,590,350,"119, LIBERTE BVD N?147 A",,,Plein jour,En agglomération,Intersection en X,Pluie légère,Autre collision,,,,,,,,,,,1,2,2,2.0,6
201200032105,0012-02-20 07:50:00,12,2,20,7,50,590,350,DESTAILLEURS RUE,,,Crépuscule ou aube,En agglomération,Intersection en X,Normale,Deux véhicules - côté,,,,,,,,,,,2,2,2,1.0,3
201200032106,0012-02-21 10:15:00,12,2,21,10,15,590,350,"00, ERFURT PONT",,,Plein jour,En agglomération,Intersection en X,Normale,Autre collision,,,,,,,,,,,1,2,2,1.0,6
201200032107,0012-02-22 15:15:00,12,2,22,15,15,590,368,rue de la concorde,,,Plein jour,En agglomération,Hors intersection,Normale,Autre collision,,,,,,,,,,,1,2,1,1.0,6
201200032108,0012-02-23 03:04:00,12,2,23,3,4,590,350,CARNOT SADI BV. N?PAIRS,,,Nuit avec éclairage allumé,En agglomération,Hors intersection,Normale,Autre collision,,,,,,,,,,,5,2,1,1.0,6
201200032109,0012-02-12 06:00:00,12,2,12,6,0,590,560,AVELIN ROUTE D,,,Nuit avec éclairage allumé,Hors agglomération,Hors intersection,Normale,Deux véhicules - côté,,,,,,,,,,,5,1,1,1.0,3
201200032110,0012-02-25 04:20:00,12,2,25,4,20,590,368,SALENGRO ROGER RUE,,,Nuit avec éclairage allumé,En agglomération,Hors intersection,Normale,Autre collision,,,,,,,,,,,5,2,1,1.0,6
201200032111,0012-02-26 14:20:00,12,2,26,14,20,590,350,"IGNORE, TURENNE RUE",,,Plein jour,En agglomération,Intersection en X,Normale,Deux véhicules - côté,,,,,,,,,,,1,2,2,1.0,3
201200032112,0012-02-26 19:10:00,12,2,26,19,10,590,328,"IGNORE, HIPPODROME AV DE",,,Crépuscule ou aube,En agglomération,Hors intersection,Normale,Autre collision,,,,,,,,,,,2,2,1,1.0,6
201200032113,0012-02-27 05:15:00,12,2,27,5,15,590,350,ERFURT PONT,,,Nuit avec éclairage allumé,En agglomération,Hors intersection,Normale,Autre collision,,,,,,,,,,,5,2,1,1.0,6
201200032114,0012-02-16 14:55:00,12,2,16,14,55,590,350,"INGORE, JACQUARD RUE",,,Plein jour,En agglomération,Hors intersection,Normale,Deux véhicules - côté,,,,,,,,,,,1,2,1,1.0,3
201200032115,0012-02-24 01:50:00,12,2,24,1,50,590,350,"IGNORE, DAUBENTON SQUARE",,,Nuit avec éclairage allumé,En agglomération,Hors intersection,Normale,Deux véhicules - côté,,,,,,,,,,,5,2,1,1.0,3
201200032116,0012-02-27 23:40:00,12,2,27,23,40,590,350,POSTES RUE N? RESTE,,,Nuit avec éclairage allumé,En agglomération,Intersection en X,Pluie légère,Autre collision,,,,,,,,,,,5,2,2,2.0,6
201200032117,0012-02-29 08:55:00,12,2,29,8,55,590,350,TESTELIN GUSTAVE RUE,,,Plein jour,En agglomération,Hors intersection,Normale,Autre collision,,,,,,,,,,,1,2,1,1.0,6
201200032118,0012-03-01 19:05:00,12,3,1,19,5,590,378,CLEMENCEAU BLVD (N?1-23),,,Nuit avec éclairage allumé,En agglomération,Hors intersection,Pluie légère,Autre collision,,,,,,,,,,,5,2,1,2.0,6
201200032119,0012-03-04 06:30:00,12,3,4,6,30,590,9,"00, EPINE RUE DE L",,,Crépuscule ou aube,En agglomération,Hors intersection,Brouillard / fumée,Autre collision,,,,,,,,,,,2,2,1,5.0,6
201200032120,0012-03-04 13:00:00,12,3,4,13,0,590,527,"00, ROYAL PONT",,,Plein jour,En agglomération,Hors intersection,Pluie légère,Autre collision,,,,,,,,,,,1,2,1,2.0,6
201200032121,0012-03-05 16:10:00,12,3,5,16,10,590,350,SALENGRO ROGER RUE,,,Plein jour,En agglomération,Intersection en T,Neige / grêle,Autre collision,,,,,,,,,,,1,2,3,4.0,6
201200032122,0012-03-07 08:00:00,12,3,7,8,0,590,350,"42, ESPLANADE FACADE",,,Plein jour,En agglomération,Hors intersection,Normale,Autre collision,,,,,,,,,,,1,2,1,1.0,6
201200032123,0012-03-07 16:00:00,12,3,7,16,0,590,527,GAMBETTA LEON RUE,,,Plein jour,En agglomération,Intersection en X,Pluie forte,Deux véhicules - frontale,,,,,,,,,,,1,2,2,3.0,1
201200032124,0012-03-08 19:40:00,12,3,8,19,40,590,350,COUSIN RUE DE L'ABBE,,,Nuit avec éclairage non allumé,En agglomération,Intersection en T,Normale,Deux véhicules - côté,,,,,,,,,,,4,2,3,1.0,3
201200032125,0012-03-10 19:55:00,12,3,10,19,55,590,648,GUILLAIN CHARLES AVENUE,,,Crépuscule ou aube,En agglomération,Intersection en X,Normale,Deux véhicules - côté,,,,,,,,,,,2,2,2,1.0,3
201200032126,0012-03-11 05:10:00,12,3,11,5,10,590,350,CAMBRAI RUE DE N?PAIRS,,,Nuit avec éclairage allumé,En agglomération,Intersection en X,Normale,Deux véhicules - arrière,,,,,,,,,,,5,2,2,1.0,2
201200032127,0012-02-02 09:20:00,12,2,2,9,20,590,378,COLLEGE RUE DU,,,Plein jour,En agglomération,Hors intersection,Normale,Autre collision,,,,,,,,,,,1,2,1,1.0,6
201200032128,0012-03-14 15:05:00,12,3,14,15,5,590,328,"00, HIPPODROME AV DE L N",,,Plein jour,En agglomération,Intersection en X,Normale,Autre collision,,,,,,,,,,,1,2,2,1.0,6
201200032129,0012-03-14 18:00:00,12,3,14,18,0,590,378,"7, LAMBRECQ GEORGES RUE",,,Crépuscule ou aube,En agglomération,Hors intersection,Normale,Autre collision,,,,,,,,,,,2,2,1,1.0,6
201200032130,0012-03-14 16:45:00,12,3,14,16,45,590,350,"IGNORE, LIBERTE BOULEVAR",,,Plein jour,En agglomération,Intersection en X,Normale,Deux véhicules - côté,,,,,,,,,,,1,2,2,1.0,3
201200032131,0012-03-15 07:50:00,12,3,15,7,50,590,350,DUNKERQUE AVENUE DE,,,Plein jour,En agglomération,Hors intersection,Normale,Autre collision,,,,,,,,,,,1,2,1,1.0,6
201200032132,0012-03-15 08:20:00,12,3,15,8,20,590,527,VANDAMME EMILE RUE,,,Plein jour,En agglomération,Hors intersection,Normale,Deux véhicules - côté,,,,,,,,,,,1,2,1,1.0,3
201200032133,0012-03-16 13:30:00,12,3,16,13,30,590,220,"47, CLEMENT JEAN BAPTIST",,,Plein jour,En agglomération,Hors intersection,Normale,Autre collision,,,,,,,,,,,1,2,1,1.0,6
201200032134,0012-03-16 15:15:00,12,3,16,15,15,590,350,"08, Pont Neuf",,,Plein jour,En agglomération,Intersection en T,Pluie légère,Autre collision,,,,,,,,,,,1,2,3,2.0,6
201200032135,0012-03-18 07:10:00,12,3,18,7,10,590,350,DE COUBERTIN PIERRE BOUL,,,Plein jour,En agglomération,Hors intersection,Pluie légère,Deux véhicules - frontale,,,,,,,,,,,1,2,1,2.0,1
201200032136,0012-03-19 13:55:00,12,3,19,13,55,590,343,FAIDHERBE RUE,,,Plein jour,En agglomération,Intersection en X,Normale,Deux véhicules - côté,,,,,,,,,,,1,2,2,1.0,3
201200032137,0012-03-20 00:20:00,12,3,20,0,20,590,9,"IGNORE, ROUBAIX AVNUE DE",,,Nuit avec éclairage allumé,Hors agglomération,Hors intersection,Normale,Sans collision,,,,,,,,,,,5,1,1,1.0,7
201200032138,0012-03-20 06:55:00,12,3,20,6,55,590,9,BREUCQ BOULEVARD DU,,,Crépuscule ou aube,En agglomération,Hors intersection,Normale,Autre collision,,,,,,,,,,,2,2,1,1.0,6
201200032139,0012-03-20 12:35:00,12,3,20,12,35,590,350,"00, VOLTAIRE RUE",,,Plein jour,En agglomération,Intersection en X,Normale,Autre collision,,,,,,,,,,,1,2,2,1.0,6
201200032140,0012-03-21 09:15:00,12,3,21,9,15,590,328,"367, HIPPODROME AV DE L",,,Plein jour,En agglomération,Hors intersection,Normale,Sans collision,,,,,,,,,,,1,2,1,1.0,7
201200032141,0012-03-21 10:25:00,12,3,21,10,25,590,350,LEEDS BOULEVARD,,,Plein jour,Hors agglomération,Intersection en X,Normale,Deux véhicules - côté,,,,,,,,,,,1,1,2,1.0,3
201200032142,0012-03-07 12:30:00,12,3,7,12,30,590,328,"75, B.N.P (DELECAUX RUE",,,Plein jour,En agglomération,Hors intersection,Normale,Autre collision,,,,,,,,,,,1,2,1,1.0,6
201200032143,0012-03-22 17:20:00,12,3,22,17,20,590,378,"152, MENIN RUE DE",,,Plein jour,En agglomération,Hors intersection,Normale,Deux véhicules - arrière,,,,,,,,,,,1,2,1,1.0,2
201200032144,0012-03-23 09:30:00,12,3,23,9,30,590,220,"IGNORE, ARRAS ROUTE D",,,Plein jour,En agglomération,Hors intersection,Normale,Autre collision,,,,,,,,,,,1,2,1,1.0,6
201200032145,0012-03-23 08:05:00,12,3,23,8,5,590,350,LAMBRET OSCAR AVENUE,,,Crépuscule ou aube,En agglomération,Hors intersection,Normale,Autre collision,,,,,,,,,,,2,2,1,1.0,6
201200032146,0012-02-25 20:35:00,12,2,25,20,35,590,585,VOLTAIRE RUE,,,Nuit avec éclairage allumé,En agglomération,Intersection en X,Normale,Autre collision,,,,,,,,,,,5,2,2,1.0,6
201200032147,0012-03-23 15:25:00,12,3,23,15,25,590,350,"51, LIBERTE BVD N?2   90",,,Plein jour,En agglomération,Intersection en X,Normale,Autre collision,,,,,,,,,,,1,2,2,1.0,6
201200032148,0012-03-24 04:40:00,12,3,24,4,40,590,350,"IGNORE, BOUCHER DE PERTH",,,Nuit avec éclairage allumé,En agglomération,Intersection en X,Normale,Autre collision,,,,,,,,,,,5,2,2,1.0,6
201200032149,0012-03-14 16:40:00,12,3,14,16,40,590,350,LEROUX DE FAUQUEMONT PLA,,,Plein jour,En agglomération,Hors intersection,Normale,Deux véhicules - côté,,,,,,,,,,,1,2,1,1.0,3
201200032150,0012-03-26 20:30:00,12,3,26,20,30,590,350,CONDE RUE DE,,,Crépuscule ou aube,En agglomération,Hors intersection,Normale,Sans collision,,,,,,,,,,,2,2,1,1.0,7
201200032151,0012-03-27 08:25:00,12,3,27,8,25,590,9,"IGNORE, OUEST BOULEVARD",,,Plein jour,En agglomération,Hors intersection,Normale,Deux véhicules - côté,,,,,,,,,,,1,2,1,1.0,3
201200032152,0012-03-27 19:25:00,12,3,27,19,25,590,350,FAUBOURG D'ARRAS RUE DU,,,Nuit avec éclairage allumé,En agglomération,Intersection en X,Normale,Deux véhicules - côté,,,,,,,,,,,5,2,2,1.0,3
201200032153,0012-03-29 17:40:00,12,3,29,17,40,590,328,BONTE AUGUSTE RUE,,,Plein jour,En agglomération,Intersection en X,Normale,Autre collision,,,,,,,,,,,1,2,2,1.0,6
201200032154,0012-03-30 09:40:00,12,3,30,9,40,590,9,PERRIN JEAN  AVENUE,,,Plein jour,En agglomération,Intersection en X,Normale,Autre collision,,,,,,,,,,,1,2,2,1.0,6
201200032155,0012-03-30 09:00:00,12,3,30,9,0,590,9,CHAPPE RUE,,,Plein jour,En agglomération,Intersection en X,Normale,Deux véhicules - côté,,,,,,,,,,,1,2,2,1.0,3
201200032156,0012-03-28 21:15:00,12,3,28,21,15,590,350,"329, HUGO VICTOR  BVD N?",,,Nuit avec éclairage allumé,En agglomération,Hors intersection,Normale,Autre collision,,,,,,,,,,,5,2,1,1.0,6
201200032157,0012-03-27 09:30:00,12,3,27,9,30,590,648,GUILLAIN CHARLES AVENUE,,,Plein jour,En agglomération,Hors intersection,Normale,Deux véhicules - côté,,,,,,,,,,,1,2,1,1.0,3
201200032158,0012-04-01 14:25:00,12,4,1,14,25,590,350,"26, METZ BOULEVARD",,,Plein jour,En agglomération,Hors intersection,Normale,Sans collision,,,,,,,,,,,1,2,1,1.0,7
201200032159,0012-04-01 06:15:00,12,4,1,6,15,590,360,"14, FERRY JULES RUE",,,Nuit avec éclairage allumé,En agglomération,Hors intersection,Normale,Autre collision,,,,,,,,,,,5,2,1,1.0,6
201200032160,0012-04-02 07:15:00,12,4,2,7,15,590,560,LILLE ROUTE DE,,,Plein jour,En agglomération,Hors intersection,Normale,Deux véhicules - arrière,,,,,,,,,,,1,2,1,1.0,2
201200032161,0012-04-02 12:40:00,12,4,2,12,40,590,368,GAMBETTA LEON RUE,,,Plein jour,En agglomération,Intersection en X,Normale,Deux véhicules - côté,,,,,,,,,,,1,2,2,1.0,3
201200032162,0012-04-02 17:30:00,12,4,2,17,30,590,360,"246, DOUMER PAUL RUE",,,Plein jour,En agglomération,Intersection en T,Normale,Deux véhicules - côté,,,,,,,,,,,1,2,3,1.0,3
201200032163,0012-04-02 15:40:00,12,4,2,15,40,590,350,"33, LEBAS JEAN BAPTISTE",,,Plein jour,En agglomération,Hors intersection,Normale,Autre collision,,,,,,,,,,,1,2,1,1.0,6
201200032164,0012-04-03 16:20:00,12,4,3,16,20,590,328,HIPPODROME AV DE L N?134,,,Plein jour,En agglomération,Intersection en X,Normale,Deux véhicules - côté,,,,,,,,,,,1,2,2,1.0,3
201200032165,0012-03-30 17:25:00,12,3,30,17,25,590,560,"04, REPUBLIQUE AVENUE DE",,,Plein jour,En agglomération,Hors intersection,Normale,Autre collision,,,,,,,,,,,1,2,1,1.0,6
201200032166,0012-03-08 15:45:00,12,3,8,15,45,590,386,MENIN RUE DE,,,Plein jour,En agglomération,Hors intersection,Normale,Autre collision,,,,,,,,,,,1,2,1,1.0,6
201200032167,0012-04-03 21:15:00,12,4,3,21,15,590,9,"0, VERCORS RUE DU",,,Nuit avec éclairage allumé,En agglomération,Hors intersection,Normale,Autre collision,,,,,,,,,,,5,2,1,1.0,6
201200032168,0012-04-05 07:30:00,12,4,5,7,30,590,457,PRUNES RUELLE A,,,Plein jour,En agglomération,Hors intersection,Normale,Autre collision,,,,,,,,,,,1,2,1,1.0,6
201200032169,0012-04-04 15:40:00,12,4,4,15,40,590,410,NORMANDIE RUE DE,,,Plein jour,En agglomération,Intersection en T,Normale,Autre collision,,,,,,,,,,,1,2,3,1.0,6
201200032170,0012-04-08 21:00:00,12,4,8,21,0,590,9,"241, DE VALMY BOULEVARD",,,Nuit avec éclairage allumé,En agglomération,Hors intersection,Pluie légère,Autre collision,,,,,,,,,,,5,2,1,2.0,6
201200032171,0012-04-06 17:50:00,12,4,6,17,50,590,560,"IGNORE, NOYELLES ROUTE D",,,Plein jour,En agglomération,Hors intersection,Normale,Deux véhicules - côté,,,,,,,,,,,1,2,1,1.0,3
201200032172,0012-04-06 16:50:00,12,4,6,16,50,590,560,"53, HENTGES JOSEPH BOULE",,,Plein jour,En agglomération,Hors intersection,Normale,Deux véhicules - côté,,,,,,,,,,,1,2,1,1.0,3
201200032173,0012-04-06 10:20:00,12,4,6,10,20,590,350,MARACCI,,,Plein jour,En agglomération,Intersection en X,Normale,Deux véhicules - côté,,,,,,,,,,,1,2,2,1.0,3
201200032174,0012-04-07 17:30:00,12,4,7,17,30,590,350,"69, TURENNE RUE",,,Plein jour,En agglomération,Hors intersection,Normale,Deux véhicules - côté,,,,,,,,,,,1,2,1,1.0,3
201200032175,0012-04-10 19:20:00,12,4,10,19,20,590,350,"00, CHATILLON GAUTHIER R",,,Crépuscule ou aube,En agglomération,Hors intersection,Normale,Autre collision,,,,,,,,,,,2,2,1,1.0,6
201200032176,0012-04-10 08:00:00,12,4,10,8,0,590,328,HIPPODROME AV DE L N?237,,,Plein jour,En agglomération,Hors intersection,Normale,Autre collision,,,,,,,,,,,1,2,1,1.0,6
201200032177,0012-04-10 18:00:00,12,4,10,18,0,590,360,GUESDE JULES RUE,,,Plein jour,En agglomération,Hors intersection,Normale,Autre collision,,,,,,,,,,,1,2,1,1.0,6
201200032178,0012-04-09 16:00:00,12,4,9,16,0,590,350,"399, GAMBETTA LEON RUE",,,Plein jour,En agglomération,Hors intersection,Pluie légère,Autre collision,,,,,,,,,,,1,2,1,2.0,6
201200032179,0012-04-04 23:25:00,12,4,4,23,25,590,350,"IGNORE, LEBAS JEAN BAPTI",,,Nuit avec éclairage allumé,En agglomération,Hors intersection,Normale,Autre collision,,,,,,,,,,,5,2,1,1.0,6
201200032180,0012-04-12 06:20:00,12,4,12,6,20,590,350,BASSEE RUE DE LA,,,Nuit avec éclairage allumé,En agglomération,Intersection en X,Brouillard / fumée,Deux véhicules - côté,,,,,,,,,,,5,2,2,5.0,3
201200032181,0012-04-12 15:00:00,12,4,12,15,0,590,560,"457, 8 MAI 1945 RUE DU",,,Plein jour,En agglomération,Hors intersection,Pluie forte,Autre collision,,,,,,,,,,,1,2,1,3.0,6
201200032182,0012-04-13 03:00:00,12,4,13,3,0,590,350,"INCONNU, VAUBAN BOULEVAR",,,Nuit avec éclairage allumé,En agglomération,Intersection en X,Normale,Deux véhicules - côté,,,,,,,,,,,5,2,2,1.0,3
201200032183,0012-04-11 17:40:00,12,4,11,17,40,590,350,"04, RAMPONNEAU SQUARE DU",,,Plein jour,En agglomération,Hors intersection,Normale,Autre collision,,,,,,,,,,,1,2,1,1.0,6
201200032184,0012-04-12 11:35:00,12,4,12,11,35,590,286,"22, LECLERCQ RUE DU GENE",,,Plein jour,En agglomération,Hors intersection,Normale,Autre collision,,,,,,,,,,,1,2,1,1.0,6
201200032185,0012-04-14 12:50:00,12,4,14,12,50,590,350,MATHIAS FERDINAND RUE,,,Plein jour,En agglomération,Intersection en T,Normale,Autre collision,,,,,,,,,,,1,2,3,1.0,6
201200032186,0012-04-15 20:30:00,12,4,15,20,30,590,360,ABBAYE RUE DE L,,,Crépuscule ou aube,En agglomération,Intersection en X,Normale,Deux véhicules - côté,,,,,,,,,,,2,2,2,1.0,3
201200032187,0012-05-07 10:00:00,12,5,7,10,0,590,9,"0, VILLES PONT DES 3",,,Plein jour,En agglomération,Intersection en X,Normale,Autre collision,,,,,,,,,,,1,2,2,1.0,6
201200032188,0012-04-17 14:40:00,12,4,17,14,40,590,368,"213, DE GAULLE RUE DU GE",,,Plein jour,En agglomération,Hors intersection,Normale,Autre collision,,,,,,,,,,,1,2,1,1.0,6
201200032189,0012-04-11 07:50:00,12,4,11,7,50,590,360,DUPONT GEORGES AVENUE,,,Plein jour,En agglomération,Hors intersection,Normale,Deux véhicules - arrière,,,,,,,,,,,1,2,1,1.0,2
201200032190,0012-04-16 19:50:00,12,4,16,19,50,590,350,"INCONNU, STRASBOURG BOUL",,,Plein jour,En agglomération,Hors intersection,Normale,Autre collision,,,,,,,,,,,1,2,1,1.0,6
201200032191,0012-04-18 12:20:00,12,4,18,12,20,590,9,JAURES JEAN RUE    N?101,,,Plein jour,En agglomération,Intersection en X,Temps couvert,Autre collision,,,,,,,,,,,1,2,2,8.0,6
201200032192,0012-04-18 13:40:00,12,4,18,13,40,590,220,"391, LECLERCQ AVENUE DU",,,Plein jour,En agglomération,Hors intersection,Normale,Deux véhicules - arrière,,,,,,,,,,,1,2,1,1.0,2
201200032193,0012-04-20 15:30:00,12,4,20,15,30,590,350,"IGNORE, FLANDRE RUE DE",,,Plein jour,En agglomération,Intersection en X,Normale,Deux véhicules - côté,,,,,,,,,,,1,2,2,1.0,3
201200032194,0012-04-20 19:00:00,12,4,20,19,0,590,378,"1005, REPUBLIQUE AV DE L",,,Plein jour,En agglomération,Hors intersection,Normale,Autre collision,,,,,,,,,,,1,2,1,1.0,6
201200032195,0012-04-21 06:40:00,12,4,21,6,40,590,9,FUSILLES RUE DES DU N? 2,,,Crépuscule ou aube,En agglomération,Intersection en X,Temps couvert,Deux véhicules - frontale,,,,,,,,,,,2,2,2,8.0,1