accident_id,datetime,annee,mois,jour,heure,minute,departement,commune_insee,adresse,latitude,longitude,luminosite,agglomeration,intersection,meteo,collision,nb_vehicules,nb_usagers,nb_indemnes,nb_tues,nb_blesses_hosp,nb_blesses_legers,age_cond_1,age_cond_2,veh_type_cond_1,veh_type_cond_2,lum_code,agg_code,int_code,atm_code,col_code
201200032196,0012-04-25 07:15:00,12,4,25,7,15,590,350,"0, LECLERCQ JULES BVD DU",,,Crépuscule ou aube,En agglomération,Intersection en X,Normale,Autre collision,,,,,,,,,,,2,2,2,1.0,6
201200032197,0012-04-27 18:10:00,12,4,27,18,10,590,527,"IGNORE, GAMBETTA LEON RU",,,Plein jour,En agglomération,Hors intersection,Normale,Autre collision,,,,,,,,,,,1,2,1,1.0,6
201200032198,0012-04-27 21:50:00,12,4,27,21,50,590,328,BONTE AUGUSTE RUE,,,Nuit avec éclairage allumé,En agglomération,Intersection en X,Normale,Autre collision,,,,,,,,,,,5,2,2,1.0,6
201200032199,0012-04-28 18:00:00,12,4,28,18,0,590,646,ROI ALBERT 1ER AVENUE DU,,,Plein jour,En agglomération,Intersection en X,Pluie légère,Deux véhicules - côté,,,,,,,,,,,1,2,2,2.0,3
201200032200,0012-04-29 17:25:00,12,4,29,17,25,590,350,KENNEDY AVENUE,,,Plein jour,En agglomération,Hors intersection,Normale,Sans collision,,,,,,,,,,,1,2,1,1.0,7
201200032201,0012-04-30 02:05:00,12,4,30,2,5,590,350,VALMY RUE DE,,,Nuit avec éclairage allumé,En agglomération,Intersection en X,Normale,Autre collision,,,,,,,,,,,5,2,2,1.0,6
201200032202,0012-04-30 13:30:00,12,4,30,13,30,590,350,CARNOT SADI BV. N?PAIRS,,,Plein jour,En agglomération,Intersection en X,Normale,Deux véhicules - côté,,,,,,,,,,,1,2,2,1.0,3
201200032203,0012-05-01 00:10:00,12,5,1,0,10,590,457,"274, PREVOTE RUE DE LA",,,Nuit avec éclairage allumé,En agglomération,Hors intersection,Normale,Sans collision,,,,,,,,,,,5,2,1,1.0,7
201200032204,0012-05-02 18:00:00,12,5,2,18,0,590,648,"ignore, HUGO VICTOR RUE",,,Plein jour,En agglomération,Intersection en T,Pluie forte,Deux véhicules - frontale,,,,,,,,,,,1,2,3,3.0,1
201200032205,0012-05-02 16:10:00,12,5,2,16,10,590,368,DE GAULLE RUE DU GENERAL,,,Plein jour,En agglomération,Intersection en T,Normale,Autre collision,,,,,,,,,,,1,2,3,1.0,6
201200032206,0012-05-02 12:45:00,12,5,2,12,45,590,356,"IGNORE, LILLE RUE DE",,,Plein jour,En agglomération,Hors intersection,Normale,Deux véhicules - arrière,,,,,,,,,,,1,2,1,1.0,2
201200032207,0012-05-02 19:00:00,12,5,2,19,0,590,350,SAINT AMAND RUE,,,Plein jour,En agglomération,Intersection en Y,Pluie légère,Deux véhicules - côté,,,,,,,,,,,1,2,4,2.0,3
201200032208,0012-05-02 10:55:00,12,5,2,10,55,590,9,"INCONNU, CHAMPOLLION AVE",,,Plein jour,En agglomération,Intersection en T,Normale,Deux véhicules - côté,,,,,,,,,,,1,2,3,1.0,3
201200032209,0012-05-03 08:20:00,12,5,3,8,20,590,350,"302, FAUBOURG D'ARRAS RU",,,Plein jour,En agglomération,Intersection en T,Normale,Autre collision,,,,,,,,,,,1,2,3,1.0,6
201200032210,0012-05-05 04:45:00,12,5,5,4,45,590,378,Av. de la République,50.66476,3.10179,Nuit avec éclairage allumé,En agglomération,Hors intersection,Normale,Deux véhicules - frontale,,,,,,,,,,,5,2,1,1.0,1
201200032211,0012-05-04 11:50:00,12,5,4,11,50,590,410,SCHUMAN ROBERT AVENUE,,,Plein jour,En agglomération,Intersection en T,Normale,Deux véhicules - côté,,,,,,,,,,,1,2,3,1.0,3
201200032212,0012-05-05 04:30:00,12,5,5,4,30,590,9,"IGNORE, VERSAILLE RUE DE",,,Nuit avec éclairage allumé,En agglomération,Giratoire,Pluie légère,Sans collision,,,,,,,,,,,5,2,6,2.0,7
201200032213,0012-05-04 23:30:00,12,5,4,23,30,590,350,"50, ALSACE BOULEVARD D",,,Nuit avec éclairage allumé,En agglomération,Intersection à plus de 4 branches,Normale,Deux véhicules - côté,,,,,,,,,,,5,2,5,1.0,3
201200032214,0012-05-06 19:40:00,12,5,6,19,40,590,368,"IGNORE, REPUBLIQUE AVENU",,,Crépuscule ou aube,En agglomération,Hors intersection,Normale,Deux véhicules - côté,,,,,,,,,,,2,2,1,1.0,3
201200032215,0012-05-06 04:15:00,12,5,6,4,15,590,378,"872, REPUBLIQUE AV DE LA",,,Nuit avec éclairage allumé,En agglomération,Hors intersection,Normale,Deux véhicules - arrière,,,,,,,,,,,5,2,1,1.0,2
201200032216,0012-05-07 00:40:00,12,5,7,0,40,590,350,PARC URBAIN RUE DU,,,Nuit avec éclairage non allumé,Hors agglomération,Hors intersection,Normale,Autre collision,,,,,,,,,,,4,1,1,1.0,6
201200032217,0012-05-09 16:30:00,12,5,9,16,30,590,648,CLEMENCEAU RUE,,,Plein jour,En agglomération,Hors intersection,Normale,Autre collision,,,,,,,,,,,1,2,1,1.0,6
201200032218,0012-05-10 21:10:00,12,5,10,21,10,590,350,JUSSIEU RUE,,,Crépuscule ou aube,En agglomération,Hors intersection,Normale,Deux véhicules - arrière,,,,,,,,,,,2,2,1,1.0,2
201200032219,0012-05-12 22:45:00,12,5,12,22,45,590,470,"00, Route Nationale - R.",,,Nuit sans éclairage public,Hors agglomération,Hors intersection,Normale,Deux véhicules - frontale,,,,,,,,,,,3,1,1,1.0,1
201200032220,0012-04-27 14:15:00,12,4,27,14,15,590,350,"197, NATIONALE RUE N?RES",,,Plein jour,En agglomération,Hors intersection,Normale,Deux véhicules - côté,,,,,,,,,,,1,2,1,1.0,3
201200032221,0012-05-14 18:30:00,12,5,14,18,30,590,648,HUGO VICTOR RUE,,,Plein jour,En agglomération,Intersection en T,Normale,Deux véhicules - côté,,,,,,,,,,,1,2,3,1.0,3
201200032222,0012-05-14 08:10:00,12,5,14,8,10,590,328,GAMBETTA LEON RUE,,,Plein jour,En agglomération,Intersection en X,Normale,Autre collision,,,,,,,,,,,1,2,2,1.0,6
201200032223,0012-05-15 07:55:00,12,5,15,7,55,590,328,BAILLY DUCROQUET AVENUE,,,Plein jour,En agglomération,Intersection en X,Temps éblouissant,Deux véhicules - côté,,,,,,,,,,,1,2,2,7.0,3
201200032224,0012-05-14 11:10:00,12,5,14,11,10,590,378,FLANDRE AVENUE DE,,,Plein jour,En agglomération,Intersection en X,Normale,Deux véhicules - arrière,,,,,,,,,,,1,2,2,1.0,2
201200032225,0012-05-11 14:00:00,12,5,11,14,0,590,368,"265, REPUBLIQUE AVENUE D",,,Plein jour,En agglomération,Hors intersection,Normale,Autre collision,,,,,,,,,,,1,2,1,1.0,6
201200032226,0012-05-14 07:35:00,12,5,14,7,35,590,378,"97, DUCROQUET RUE DU DOC",,,Plein jour,En agglomération,Hors intersection,Normale,Autre collision,,,,,,,,,,,1,2,1,1.0,6
201200032227,0012-05-11 13:00:00,12,5,11,13,0,590,350,MARQUILLIES RUE,,,Plein jour,En agglomération,Hors intersection,Normale,Autre collision,,,,,,,,,,,1,2,1,1.0,6
201200032228,0012-05-05 05:05:00,12,5,5,5,5,590,193,"IGNORE, D. 341",,,Nuit avec éclairage allumé,En agglomération,Hors intersection,Pluie légère,Sans collision,,,,,,,,,,,5,2,1,2.0,7
201200032229,0012-05-15 12:20:00,12,5,15,12,20,590,350,"0, VERDUN BVD N?  RESTE",,,Plein jour,En agglomération,Hors intersection,Normale,Autre collision,,,,,,,,,,,1,2,1,1.0,6
201200032230,0012-05-15 14:45:00,12,5,15,14,45,590,350,"IGNORE, CONDE RUE DE",,,Plein jour,En agglomération,Intersection en T,Normale,Deux véhicules - côté,,,,,,,,,,,1,2,3,1.0,3
201200032231,0012-05-15 17:05:00,12,5,15,17,5,590,350,DUMON D'URVILLE RUE,,,Plein jour,En agglomération,Intersection en X,Temps couvert,Deux véhicules - côté,,,,,,,,,,,1,2,2,8.0,3
201200032232,0012-05-17 01:25:00,12,5,17,1,25,590,316,"843, SALENGRO ROGER RUE",,,Nuit avec éclairage allumé,En agglomération,Hors intersection,Normale,Autre collision,,,,,,,,,,,5,2,1,1.0,6
201200032233,0012-05-15 22:15:00,12,5,15,22,15,590,350,"24, JAURES JEAN RUE",,,Nuit avec éclairage allumé,En agglomération,Hors intersection,Normale,Deux véhicules - arrière,,,,,,,,,,,5,2,1,1.0,2
201200032234,0012-05-18 09:00:00,12,5,18,9,0,590,350,ALSACE BOULEVARD D,,,Plein jour,En agglomération,Hors intersection,Normale,Autre collision,,,,,,,,,,,1,2,1,1.0,6
201200032235,0012-05-19 18:00:00,12,5,19,18,0,590,378,BERLIOZ HECTOR RUE,,,Plein jour,En agglomération,Intersection en T,Normale,Deux véhicules - côté,,,,,,,,,,,1,2,3,1.0,3
201200032236,0012-05-21 09:00:00,12,5,21,9,0,590,9,"0, TOURNAI BOULEVARD DE",,,Plein jour,En agglomération,Intersection en T,Normale,Autre collision,,,,,,,,,,,1,2,3,1.0,6
201200032237,0012-05-21 13:00:00,12,5,21,13,0,590,350,"IGNORE, FAUBOURG DES POS",,,Plein jour,En agglomération,Intersection en X,Pluie légère,Deux véhicules - côté,,,,,,,,,,,1,2,2,2.0,3
201200032238,0012-05-21 13:20:00,12,5,21,13,20,590,220,ROUBAIX RUE DE,,,Plein jour,En agglomération,Hors intersection,Normale,Autre collision,,,,,,,,,,,1,2,1,1.0,6
201200032239,0012-05-22 14:35:00,12,5,22,14,35,590,350,"158, MONTEBELLO BOULEVAR",,,Plein jour,En agglomération,Hors intersection,Normale,Autre collision,,,,,,,,,,,1,2,1,1.0,6
201200032240,0012-05-22 09:45:00,12,5,22,9,45,590,350,"IGNORE, STRASBOURG BOULE",,,Plein jour,En agglomération,Hors intersection,Normale,Deux véhicules - côté,,,,,,,,,,,1,2,1,1.0,3
201200032241,0012-05-23 07:20:00,12,5,23,7,20,590,328,"08, EIFFEL GUSTAVE RUE",,,Plein jour,En agglomération,Hors intersection,Normale,Autre collision,,,,,,,,,,,1,2,1,1.0,6
201200032242,0012-05-23 12:30:00,12,5,23,12,30,590,378,"228, MENIN RUE DE",,,Plein jour,En agglomération,Hors intersection,Normale,Deux véhicules - arrière,,,,,,,,,,,1,2,1,1.0,2
201200032243,0012-05-23 16:35:00,12,5,23,16,35,590,378,"12, MENIN RUE DE",,,Plein jour,En agglomération,Hors intersection,Normale,Deux véhicules - côté,,,,,,,,,,,1,2,1,1.0,3
201200032244,0012-05-23 16:50:00,12,5,23,16,50,590,360,PARE AMBROISE RUE,,,Plein jour,En agglomération,Intersection en T,Normale,Deux véhicules - côté,,,,,,,,,,,1,2,3,1.0,3
201200032245,0012-05-23 21:15:00,12,5,23,21,15,590,350,"IGNORE, POSTES RUE N? RE",,,Crépuscule ou aube,En agglomération,Hors intersection,Normale,Autre collision,,,,,,,,,,,2,2,1,1.0,6
201200032246,0012-05-26 10:20:00,12,5,26,10,20,590,378,"124, FOCH AVENUE N?2-130",,,Plein jour,En agglomération,Hors intersection,Normale,Deux véhicules - côté,,,,,,,,,,,1,2,1,1.0,3
201200032247,0012-05-27 19:55:00,12,5,27,19,55,590,350,LIBERTE BOULEVARD N?1 1,,,Plein jour,En agglomération,Hors intersection,Normale,Autre collision,,,,,,,,,,,1,2,1,1.0,6
201200032248,0012-05-27 20:25:00,12,5,27,20,25,590,378,"208, TORGUE ADOLPHE RUE",,,Plein jour,En agglomération,Hors intersection,Normale,Autre collision,,,,,,,,,,,1,2,1,1.0,6
201200032249,0012-05-28 19:40:00,12,5,28,19,40,590,350,SAINTE ANNE RUE,,,Plein jour,En agglomération,Hors intersection,Normale,Deux véhicules - côté,,,,,,,,,,,1,2,1,1.0,3
201200032250,0012-05-29 08:50:00,12,5,29,8,50,590,378,"10, GHESLES CHEMIN DE",,,Plein jour,En agglomération,Hors intersection,Normale,Autre collision,,,,,,,,,,,1,2,1,1.0,6
201200032251,0012-05-29 11:00:00,12,5,29,11,0,590,9,"0, BREUCQ BOULEVARD DU",,,Plein jour,En agglomération,Intersection en T,Normale,Autre collision,,,,,,,,,,,1,2,3,1.0,6
201200032252,0012-05-29 18:20:00,12,5,29,18,20,590,9,BREUCQ BOULEVARD DU,,,Plein jour,En agglomération,Hors intersection,Normale,Trois véhicules et plus - collisions multiples,,,,,,,,,,,1,2,1,1.0,5
201200032253,0012-05-23 07:45:00,12,5,23,7,45,590,378,"0, FOCH AVENUE N?1-137",,,Plein jour,En agglomération,Intersection en X,Normale,Autre collision,,,,,,,,,,,1,2,2,1.0,6
201200032254,0012-05-06 16:45:00,12,5,6,16,45,590,9,"2, APPERT NICOLAS RUE",,,Plein jour,En agglomération,Hors intersection,Normale,Sans collision,,,,,,,,,,,1,2,1,1.0,7
201200032255,0012-05-25 23:30:00,12,5,25,23,30,590,378,"0, CLEMENCEAU BLVD (N?1-",,,Nuit avec éclairage allumé,En agglomération,Intersection en X,Normale,Autre collision,,,,,,,,,,,5,2,2,1.0,6
201200032256,0012-05-25 19:00:00,12,5,25,19,0,590,368,"ignore, GAMBETTA LEON RU",,,Plein jour,En agglomération,Intersection en X,Normale,Autre collision,,,,,,,,,,,1,2,2,1.0,6
201200032257,0012-05-31 17:40:00,12,5,31,17,40,590,648,GUILLAIN CHARLES AVENUE,,,Plein jour,En agglomération,Hors intersection,Normale,Deux véhicules - arrière,,,,,,,,,,,1,2,1,1.0,2
201200032258,0012-05-23 10:20:00,12,5,23,10,20,590,286,"IGNORE, PARC RUE DU",,,Plein jour,En agglomération,Hors intersection,Normale,Autre collision,,,,,,,,,,,1,2,1,1.0,6
201200032259,0012-06-01 12:00:00,12,6,1,12,0,590,9,DE MONTALEMBERT BVD DU C,,,Plein jour,En agglomération,Intersection en X,Normale,Autre collision,,,,,,,,,,,1,2,2,1.0,6
201200032260,0012-06-02 14:25:00,12,6,2,14,25,590,350,"56, STRASBOURG BOULEVARD",,,Plein jour,Hors agglomération,Hors intersection,Normale,Autre collision,,,,,,,,,,,1,1,1,1.0,6
201200032261,0012-06-02 16:10:00,12,6,2,16,10,590,350,ESPLANADE FACADE,,,Plein jour,En agglomération,Hors intersection,Normale,Autre collision,,,,,,,,,,,1,2,1,1.0,6
201200032262,0012-06-04 07:50:00,12,6,4,7,50,590,378,"IGNORE, BAILLY ALBERT RU",,,Plein jour,En agglomération,Hors intersection,Pluie forte,Sans collision,,,,,,,,,,,1,2,1,3.0,7
201200032263,0012-06-04 13:45:00,12,6,4,13,45,590,378,"IGNORE, FOCH AVENUE N?1-",,,Plein jour,En agglomération,Intersection en X,Pluie légère,Deux véhicules - côté,,,,,,,,,,,1,2,2,2.0,3
201200032264,0012-06-05 19:10:00,12,6,5,19,10,590,378,"71, FLANDRE AVENUE DE",,,Plein jour,En agglomération,Hors intersection,Normale,Trois véhicules et plus - en chaîne,,,,,,,,,,,1,2,1,1.0,4
201200032265,0012-06-06 15:50:00,12,6,6,15,50,590,368,"00, REPUBLIQUE AVENUE DE",,,Plein jour,En agglomération,Intersection en X,Normale,Deux véhicules - arrière,,,,,,,,,,,1,2,2,1.0,2
201200032266,0012-06-06 22:00:00,12,6,6,22,0,590,350,"IGNORE, CD 651 (sortie S",,,Crépuscule ou aube,Hors agglomération,Hors intersection,Normale,Sans collision,,,,,,,,,,,2,1,1,1.0,7
201200032267,0012-06-07 23:45:00,12,6,7,23,45,590,350,"0, FAUBOURG D'ARRAS RUE",,,Nuit avec éclairage allumé,En agglomération,Intersection en T,Normale,Autre collision,,,,,,,,,,,5,2,3,1.0,6
201200032268,0012-06-07 16:00:00,12,6,7,16,0,590,350,"30, METZ BOULEVARD",,,Plein jour,En agglomération,Giratoire,Normale,Autre collision,,,,,,,,,,,1,2,6,1.0,6
201200032269,0012-06-07 14:50:00,12,6,7,14,50,590,350,"25, BAIGNERIE RUE DE LA",,,Plein jour,En agglomération,Hors intersection,Normale,Autre collision,,,,,,,,,,,1,2,1,1.0,6
201200032270,0012-06-06 15:10:00,12,6,6,15,10,590,368,"0, REPUBLIQUE AVENUE DE",,,Plein jour,En agglomération,Intersection en X,Normale,Autre collision,,,,,,,,,,,1,2,2,1.0,6
201200032271,0012-06-08 19:25:00,12,6,8,19,25,590,368,"241, DE GAULLE RUE DU GE",,,Plein jour,En agglomération,Hors intersection,Normale,Deux véhicules - arrière,,,,,,,,,,,1,2,1,1.0,2
201200032272,0012-06-10 22:15:00,12,6,10,22,15,590,378,"66, MENIN RUE DE",,,Nuit avec éclairage allumé,En agglomération,Intersection en Y,Pluie légère,Autre collision,,,,,,,,,,,5,2,4,2.0,6
201200032273,0012-06-02 02:40:00,12,6,2,2,40,590,386,"00, WAMBRECHIES RUE DE",,,Nuit avec éclairage allumé,En agglomération,Giratoire,Normale,Autre collision,,,,,,,,,,,5,2,6,1.0,6
201200032274,0012-06-06 07:55:00,12,6,6,7,55,590,560,LEBAS JEAN BAPTISTE RUE,,,Plein jour,En agglomération,Intersection en T,Pluie légère,Deux véhicules - arrière,,,,,,,,,,,1,2,3,2.0,2
201200032275,0012-06-11 15:15:00,12,6,11,15,15,590,560,"000, MARTINSART ROUTE DE",,,Plein jour,En agglomération,Hors intersection,Normale,Autre collision,,,,,,,,,,,1,2,1,1.0,6
201200032276,0012-06-11 17:30:00,12,6,11,17,30,590,636,"525, BLEU BORDEAU CHEMIN",,,Plein jour,En agglomération,Hors intersection,Normale,Autre collision,,,,,,,,,,,1,2,1,1.0,6
201200032277,0012-06-11 13:50:00,12,6,11,13,50,590,128,"48, POINCARE RUE",,,Plein jour,En agglomération,Hors intersection,Normale,Autre collision,,,,,,,,,,,1,2,1,1.0,6
201200032278,0012-06-11 17:10:00,12,6,11,17,10,590,560,"100, BOUVRY ROGER RUE",,,Plein jour,En agglomération,Hors intersection,Normale,Deux véhicules - côté,,,,,,,,,,,1,2,1,1.0,3
201200032279,0012-06-14 19:25:00,12,6,14,19,25,590,350,"IGNORE, MOSELLE BOULEVAR",,,Plein jour,En agglomération,Hors intersection,Normale,Autre collision,,,,,,,,,,,1,2,1,1.0,6
201200032280,0012-06-15 17:50:00,12,6,15,17,50,590,350,"48, FAUBOURG DES POSTES",,,Plein jour,En agglomération,Hors intersection,Normale,Autre collision,,,,,,,,,,,1,2,1,1.0,6
201200032281,0012-06-14 14:25:00,12,6,14,14,25,590,9,OUEST BOULEVARD DE L,,,Plein jour,En agglomération,Intersection en X,Normale,Deux véhicules - côté,,,,,,,,,,,1,2,2,1.0,3
201200032282,0012-06-14 19:30:00,12,6,14,19,30,590,350,"IGNORE, DUNKERQUE AVENUE",,,Plein jour,En agglomération,Intersection en T,Normale,Deux véhicules - côté,,,,,,,,,,,1,2,3,1.0,3
201200032283,0012-06-15 07:35:00,12,6,15,7,35,590,343,ENCHEMONT BOULEVARD DU B,,,Plein jour,En agglomération,Giratoire,Pluie forte,Deux véhicules - côté,,,,,,,,,,,1,2,6,3.0,3
201200032284,0012-06-15 17:30:00,12,6,15,17,30,590,368,"IGNORE, DE COUBERTIN PIE",,,Plein jour,En agglomération,Hors intersection,Normale,Trois véhicules et plus - collisions multiples,,,,,,,,,,,1,2,1,1.0,5
201200032285,0012-06-15 20:20:00,12,6,15,20,20,590,378,"75, NATIONALE RUE",,,Plein jour,En agglomération,Intersection en T,Pluie légère,Deux véhicules - arrière,,,,,,,,,,,1,2,3,2.0,2
201200032286,0012-06-16 02:50:00,12,6,16,2,50,590,350,SOLFERINO RUE N?208-FIN-,,,Nuit avec éclairage allumé,En agglomération,Place,Normale,Deux véhicules - côté,,,,,,,,,,,5,2,7,1.0,3
201200032287,0012-06-18 10:00:00,12,6,18,10,0,590,368,"19, SAINT MAUR AVENUE",,,Plein jour,En agglomération,Hors intersection,Normale,Autre collision,,,,,,,,,,,1,2,1,1.0,6
201200032288,0012-06-18 16:35:00,12,6,18,16,35,590,368,REPUBLIQUE AVENUE DE LA,,,Plein jour,En agglomération,Intersection en X,Normale,Autre collision,,,,,,,,,,,1,2,2,1.0,6
201200032289,0012-06-18 18:15:00,12,6,18,18,15,590,9,RONDELOIR RUE DU,,,Plein jour,En agglomération,Hors intersection,Normale,Trois véhicules et plus - collisions multiples,,,,,,,,,,,1,2,1,1.0,5
201200032290,0012-06-19 15:30:00,12,6,19,15,30,590,378,QUESNE RUE DU,,,Plein jour,En agglomération,Intersection en Y,Normale,Autre collision,,,,,,,,,,,1,2,4,1.0,6
201200032291,0012-06-19 08:30:00,12,6,19,8,30,590,527,"IGNORE, CARNOT SADI RUE",,,Plein jour,En agglomération,Intersection en T,Normale,Deux véhicules - côté,,,,,,,,,,,1,2,3,1.0,3
201200032292,0012-06-20 10:50:00,12,6,20,10,50,590,328,EIFFEL GUSTAVE RUE,,,Plein jour,En agglomération,Hors intersection,Normale,Autre collision,,,,,,,,,,,1,2,1,1.0,6
201200032293,0012-06-21 16:50:00,12,6,21,16,50,590,9,"57, VAN GOGH BOULEVARD",,,Plein jour,En agglomération,Hors intersection,Normale,Autre collision,,,,,,,,,,,1,2,1,1.0,6
201200032294,0012-06-20 20:20:00,12,6,20,20,20,590,350,"IGNORE, AUBER RUE",,,Plein jour,En agglomération,Intersection en X,Normale,Deux véhicules - côté,,,,,,,,,,,1,2,2,1.0,3
201200032295,0012-06-22 20:40:00,12,6,22,20,40,590,9,"IGNORE, BREUCQ BOULEVARD",,,Plein jour,Hors agglomération,Hors intersection,Normale,Deux véhicules - arrière,,,,,,,,,,,1,1,1,1.0,2
201200032296,0012-06-24 02:10:00,12,6,24,2,10,590,507,DE LATTRE DE TASSIGNY AV,,,Nuit avec éclairage allumé,En agglomération,Intersection en X,Normale,Autre collision,,,,,,,,,,,5,2,2,1.0,6
201200032297,0012-06-24 13:30:00,12,6,24,13,30,590,350,"15, BERNOS RUE",,,Plein jour,En agglomération,Intersection en X,Pluie légère,Deux véhicules - arrière,,,,,,,,,,,1,2,2,2.0,2
201200032298,0012-06-25 13:35:00,12,6,25,13,35,590,378,Rue Pavé Stratégique,50.68728,3.09153,Plein jour,En agglomération,Hors intersection,Normale,Deux véhicules - côté,,,,,,,,,,,1,2,1,1.0,3
201200032299,0012-06-25 08:45:00,12,6,25,8,45,590,350,MONTEBELLO BOULEVARD N?,,,Plein jour,En agglomération,Intersection en X,Normale,Autre collision,,,,,,,,,,,1,2,2,1.0,6
201200032300,0012-06-11 13:30:00,12,6,11,13,30,590,410,NAPOLEON 1ER BOULEVARD,,,Plein jour,En agglomération,Hors intersection,Normale,Autre collision,,,,,,,,,,,1,2,1,1.0,6
201200032301,0012-06-26 08:35:00,12,6,26,8,35,590,350,FAUBOURG D'ARRAS RUE,,,Plein jour,En agglomération,Hors intersection,Normale,Autre collision,,,,,,,,,,,1,2,1,1.0,6
201200032302,0012-06-26 07:50:00,12,6,26,7,50,590,368,"0, PRE CATELAN RUE DU",,,Plein jour,En agglomération,Intersection en X,Normale,Autre collision,,,,,,,,,,,1,2,2,1.0,6
201200032303,0012-06-27 18:05:00,12,6,27,18,5,590,378,"27, FOCH AVENUE N?1-137",,,Plein jour,En agglomération,Hors intersection,Normale,Autre collision,,,,,,,,,,,1,2,1,1.0,6
201200032304,0012-06-11 17:20:00,12,6,11,17,20,590,350,"IGNORE, ARTOIS RUE  N?1",,,Plein jour,En agglomération,Intersection en X,Normale,Autre collision,,,,,,,,,,,1,2,2,1.0,6
201200032305,0012-06-28 14:30:00,12,6,28,14,30,590,507,"IGNORE, EUROPE, Boulevar",,,Plein jour,En agglomération,Intersection en T,Normale,Sans collision,,,,,,,,,,,1,2,3,1.0,7
201200032306,0012-06-28 16:33:00,12,6,28,16,33,590,9,"22, 8 MAI 1945 RUE DU A",,,Plein jour,En agglomération,Hors intersection,Normale,Deux véhicules - côté,,,,,,,,,,,1,2,1,1.0,3
201200032307,0012-06-28 17:13:00,12,6,28,17,13,590,9,"IGNORE, OUEST BOULEVARD",,,Plein jour,En agglomération,Intersection en X,Normale,Deux véhicules - arrière,,,,,,,,,,,1,2,2,1.0,2
201200032308,0012-06-29 12:40:00,12,6,29,12,40,590,350,MOSELLE BOULEVARD N?IMPA,,,Plein jour,En agglomération,Hors intersection,Normale,Deux véhicules - arrière,,,,,,,,,,,1,2,1,1.0,2
201200032309,0012-06-29 16:45:00,12,6,29,16,45,590,378,"3, LECLERC PLACE DU GENE",,,Plein jour,En agglomération,Hors intersection,Normale,Autre collision,,,,,,,,,,,1,2,1,1.0,6
201200032310,0012-06-26 16:20:00,12,6,26,16,20,590,350,BLANQUI AUGUSTE RUE,,,Plein jour,En agglomération,Hors intersection,Pluie légère,Sans collision,,,,,,,,,,,1,2,1,2.0,7
201200032311,0012-07-02 13:30:00,12,7,2,13,30,590,410,"7, GAYET ALPHONSE BOULEV",,,Plein jour,En agglomération,Hors intersection,Normale,Autre collision,,,,,,,,,,,1,2,1,1.0,6
201200032312,0012-07-02 17:05:00,12,7,2,17,5,590,350,MOSELLE BOULEVARD ? DE 1,,,Plein jour,En agglomération,Hors intersection,Normale,Deux véhicules - côté,,,,,,,,,,,1,2,1,1.0,3
201200032313,0012-07-05 08:50:00,12,7,5,8,50,590,350,"00, ESQUERMOISE RUE D N?",,,Plein jour,En agglomération,Intersection en X,Normale,Autre collision,,,,,,,,,,,1,2,2,1.0,6
201200032314,0012-07-05 12:05:00,12,7,5,12,5,590,350,ISLY RUE,,,Plein jour,En agglomération,Place,Normale,Autre collision,,,,,,,,,,,1,2,7,1.0,6
201200032315,0012-07-05 17:35:00,12,7,5,17,35,590,286,"24, HAZEBROUCK RUE DU CA",,,Plein jour,En agglomération,Hors intersection,Normale,Autre collision,,,,,,,,,,,1,2,1,1.0,6
201200032316,0012-07-06 09:55:00,12,7,6,9,55,590,350,"12, BELFORT BOULEVARD DE",,,Plein jour,En agglomération,Hors intersection,Pluie légère,Autre collision,,,,,,,,,,,1,2,1,2.0,6
201200032317,0012-07-07 06:00:00,12,7,7,6,0,590,527,"0, RESISTANCE AVENUE DE",,,Plein jour,En agglomération,Intersection en T,Normale,Autre collision,,,,,,,,,,,1,2,3,1.0,6
201200032318,0012-07-07 19:35:00,12,7,7,19,35,590,350,ARRAS RUE D,,,Plein jour,En agglomération,Hors intersection,Pluie forte,Autre collision,,,,,,,,,,,1,2,1,3.0,6
201200032319,0012-07-07 00:25:00,12,7,7,0,25,590,368,REPUBLIQUE AVENUE DE LA,,,Nuit avec éclairage allumé,En agglomération,Intersection en X,Normale,Autre collision,,,,,,,,,,,5,2,2,1.0,6
201200032320,0012-05-31 18:00:00,12,5,31,18,0,590,350,"IGNORE, DUNKERQUE AVENUE",,,Plein jour,En agglomération,Hors intersection,Normale,Autre collision,,,,,,,,,,,1,2,1,1.0,6
201200032321,0012-07-02 21:45:00,12,7,2,21,45,590,220,JOFFRE RUE DU MAL   N?IM,,,Plein jour,En agglomération,Hors intersection,Normale,Sans collision,,,,,,,,,,,1,2,1,1.0,7
201200032322,0012-07-10 17:00:00,12,7,10,17,0,590,350,"0, TURENNE RUE",,,Plein jour,En agglomération,Intersection en X,Normale,Autre collision,,,,,,,,,,,1,2,2,1.0,6
201200032323,0012-07-08 14:50:00,12,7,8,14,50,590,350,FAUBOURG D'ARRAS RUE,,,Plein jour,En agglomération,Hors intersection,Normale,Autre collision,,,,,,,,,,,1,2,1,1.0,6
201200032324,0012-07-11 19:00:00,12,7,11,19,0,590,356,VILLERS PONT DE,,,Plein jour,Hors agglomération,Intersection en T,Normale,Deux véhicules - côté,,,,,,,,,,,1,1,3,1.0,3
201200032325,0012-07-12 10:05:00,12,7,12,10,5,590,328,"251, BOIS RUE DU",,,Plein jour,En agglomération,Hors intersection,Normale,Deux véhicules - côté,,,,,,,,,,,1,2,1,1.0,3
201200032326,0012-07-13 17:25:00,12,7,13,17,25,590,350,SALENGRO ROGER RUE,,,Plein jour,En agglomération,Hors intersection,Normale,Autre collision,,,,,,,,,,,1,2,1,1.0,6
201200032327,0012-07-13 17:50:00,12,7,13,17,50,590,368,PRE CATELAN RUE DU,,,Plein jour,En agglomération,Intersection en X,Normale,Deux véhicules - côté,,,,,,,,,,,1,2,2,1.0,3