accident_id,datetime,annee,mois,jour,heure,minute,departement,commune_insee,adresse,latitude,longitude,luminosite,agglomeration,intersection,meteo,collision,nb_vehicules,nb_usagers,nb_indemnes,nb_tues,nb_blesses_hosp,nb_blesses_legers,age_cond_1,age_cond_2,veh_type_cond_1,veh_type_cond_2,lum_code,agg_code,int_code,atm_code,col_code
201200032460,0012-10-07 02:15:00,12,10,7,2,15,590,9,JAURES JEAN RUE    N?101,,,Nuit avec éclairage allumé,En agglomération,Hors intersection,Normale,Sans collision,,,,,,,,,,,5,2,1,1.0,7
201200032461,0012-10-07 03:00:00,12,10,7,3,0,590,350,PASTEUR CARREFOUR,,,Nuit avec éclairage allumé,En agglomération,Hors intersection,Normale,Autre collision,,,,,,,,,,,5,2,1,1.0,6
201200032462,0012-10-08 09:40:00,12,10,8,9,40,590,368,"118, SAINT MAUR AVENUE",,,Plein jour,En agglomération,Hors intersection,Normale,Deux véhicules - côté,,,,,,,,,,,1,2,1,1.0,3
201200032463,0012-10-08 13:20:00,12,10,8,13,20,590,386,"00, ABBAYE RUE DU PONT D",,,Plein jour,En agglomération,Intersection en Y,Normale,Autre collision,,,,,,,,,,,1,2,4,1.0,6
201200032464,0012-10-07 00:35:00,12,10,7,0,35,590,350,"1, BATELIERS RUE DES",,,Nuit avec éclairage allumé,En agglomération,Hors intersection,Temps couvert,Trois véhicules et plus - en chaîne,,,,,,,,,,,5,2,1,8.0,4
201200032465,0012-10-09 07:45:00,12,10,9,7,45,590,368,"1, SCRIVE GUSTAVE RUE",,,Crépuscule ou aube,En agglomération,Hors intersection,Normale,Autre collision,,,,,,,,,,,2,2,1,1.0,6
201200032466,0012-10-04 16:35:00,12,10,4,16,35,590,527,"147, DE LATTRE TASSIGNY.",,,Plein jour,En agglomération,Intersection en T,Normale,Deux véhicules - côté,,,,,,,,,,,1,2,3,1.0,3
201200032467,0012-09-26 07:50:00,12,9,26,7,50,590,527,"80, LECLERC RUE DU GENER",,,Crépuscule ou aube,Hors agglomération,Hors intersection,Pluie légère,Deux véhicules - côté,,,,,,,,,,,2,1,1,2.0,3
201200032468,0012-09-28 23:00:00,12,9,28,23,0,590,350,"1, VAUBAN BOULEVARD N? R",,,Nuit avec éclairage allumé,En agglomération,Intersection en X,Normale,Deux véhicules - côté,,,,,,,,,,,5,2,2,1.0,3
201200032469,0012-10-09 19:00:00,12,10,9,19,0,590,350,JOUHAUX LEON AVENUE N?1,,,Crépuscule ou aube,En agglomération,Hors intersection,Normale,Deux véhicules - frontale,,,,,,,,,,,2,2,1,1.0,1
201200032470,0012-10-10 12:00:00,12,10,10,12,0,590,328,"00, B.N.P (DELECAUX RUE",,,Plein jour,En agglomération,Intersection en X,Normale,Autre collision,,,,,,,,,,,1,2,2,1.0,6
201200032471,0012-10-10 13:30:00,12,10,10,13,30,590,507,JAURES JEAN AVENUE,,,Plein jour,En agglomération,Hors intersection,Normale,Autre collision,,,,,,,,,,,1,2,1,1.0,6
201200032472,0012-10-11 08:40:00,12,10,11,8,40,590,378,"00, FLANDRE AVENUE DE",,,Plein jour,En agglomération,Hors intersection,Normale,Autre collision,,,,,,,,,,,1,2,1,1.0,6
201200032473,0012-10-12 02:45:00,12,10,12,2,45,590,368,"IGNORE, REPUBLIQUE AVENU",,,Nuit avec éclairage allumé,En agglomération,Hors intersection,Pluie légère,Sans collision,,,,,,,,,,,5,2,1,2.0,7
201200032474,0012-10-12 16:40:00,12,10,12,16,40,590,9,BOIS AVENUE DU PONT DE,,,Plein jour,En agglomération,Hors intersection,Normale,Autre collision,,,,,,,,,,,1,2,1,1.0,6
201200032475,0012-10-13 00:45:00,12,10,13,0,45,590,9,"124, COLBERT RUE",,,Nuit avec éclairage allumé,En agglomération,Hors intersection,Normale,Autre collision,,,,,,,,,,,5,2,1,1.0,6
201200032476,0012-10-15 07:50:00,12,10,15,7,50,590,527,"5, GAMBETTA LEON RUE",,,Crépuscule ou aube,En agglomération,Hors intersection,Normale,Sans collision,,,,,,,,,,,2,2,1,1.0,7
201200032477,0012-10-14 11:40:00,12,10,14,11,40,590,9,"0, LILLE, Rue de",,,Plein jour,En agglomération,Intersection en T,Normale,Autre collision,,,,,,,,,,,1,2,3,1.0,6
201200032478,0012-10-12 05:50:00,12,10,12,5,50,590,328,DELESCAUX HENRI AVENUE,,,Nuit avec éclairage allumé,En agglomération,Hors intersection,Pluie légère,Deux véhicules - côté,,,,,,,,,,,5,2,1,2.0,3
201200032479,0012-10-12 10:00:00,12,10,12,10,0,590,9,TREMIERE RUE,,,Plein jour,En agglomération,Hors intersection,Pluie légère,Deux véhicules - côté,,,,,,,,,,,1,2,1,2.0,3
201200032480,0012-10-16 09:30:00,12,10,16,9,30,590,350,"103, LIBERTE BVD N?2 - 9",,,Plein jour,En agglomération,Hors intersection,Normale,Deux véhicules - arrière,,,,,,,,,,,1,2,1,1.0,2
201200032481,0012-10-16 19:00:00,12,10,16,19,0,590,316,"119, POSTES RUE DES",,,Plein jour,En agglomération,Hors intersection,Normale,Sans collision,,,,,,,,,,,1,2,1,1.0,7
201200032482,0012-10-17 03:20:00,12,10,17,3,20,590,368,"230, REPUBLIQUE AVENUE D",,,Nuit avec éclairage allumé,En agglomération,Hors intersection,Pluie légère,Sans collision,,,,,,,,,,,5,2,1,2.0,7
201200032483,0012-10-17 10:45:00,12,10,17,10,45,590,286,"24, PASTEUR RUE",,,Plein jour,En agglomération,Intersection en T,Normale,Autre collision,,,,,,,,,,,1,2,3,1.0,6
201200032484,0012-10-17 16:10:00,12,10,17,16,10,590,350,"74, CAMBRAI RUE DE N?PAI",,,Plein jour,En agglomération,Hors intersection,Normale,Autre collision,,,,,,,,,,,1,2,1,1.0,6
201200032485,0012-10-18 07:45:00,12,10,18,7,45,590,378,"2, VICTOIRE PLACE DE LA",,,Crépuscule ou aube,En agglomération,Hors intersection,Pluie légère,Autre collision,,,,,,,,,,,2,2,1,2.0,6
201200032486,0012-09-25 17:05:00,12,9,25,17,5,590,507,"10, HANNICOTTE ROBERT RU",,,Plein jour,Hors agglomération,Hors intersection,Normale,Autre collision,,,,,,,,,,,1,1,1,1.0,6
201200032487,0012-10-18 13:55:00,12,10,18,13,55,590,350,LIBERTE BOULEVARD N?1 1,,,Plein jour,En agglomération,Intersection en X,Pluie légère,Deux véhicules - côté,,,,,,,,,,,1,2,2,2.0,3
201200032488,0012-10-18 19:30:00,12,10,18,19,30,590,9,"51, DE VALMY BOULEVARD",,,Nuit avec éclairage non allumé,En agglomération,Hors intersection,Normale,Autre collision,,,,,,,,,,,4,2,1,1.0,6
201200032489,0012-10-19 07:50:00,12,10,19,7,50,590,350,"0, MONT A CAMP AVENUE DE",,,Plein jour,En agglomération,Intersection en X,Normale,Autre collision,,,,,,,,,,,1,2,2,1.0,6
201200032490,0012-10-19 08:45:00,12,10,19,8,45,590,328,BOIS RUE DU,,,Plein jour,En agglomération,Hors intersection,Temps couvert,Trois véhicules et plus - collisions multiples,,,,,,,,,,,1,2,1,8.0,5
201200032491,0012-10-19 17:45:00,12,10,19,17,45,590,9,VAN GOGH BOULEVARD,,,Plein jour,En agglomération,Hors intersection,Pluie légère,Autre collision,,,,,,,,,,,1,2,1,2.0,6
201200032492,0012-10-19 21:15:00,12,10,19,21,15,590,648,"230, CLEMENCEAU RUE",,,Nuit avec éclairage allumé,En agglomération,Hors intersection,Pluie légère,Autre collision,,,,,,,,,,,5,2,1,2.0,6
201200032493,0012-10-20 05:20:00,12,10,20,5,20,590,566,COMMERCE BOULEVARD DU,,,Nuit avec éclairage allumé,En agglomération,Hors intersection,Pluie légère,Deux véhicules - côté,,,,,,,,,,,5,2,1,2.0,3
201200032494,0012-10-20 19:00:00,12,10,20,19,0,590,350,SAINT AMAND RUE,,,Crépuscule ou aube,En agglomération,Intersection en T,Normale,Deux véhicules - côté,,,,,,,,,,,2,2,3,1.0,3
201200032495,0012-10-20 15:40:00,12,10,20,15,40,590,350,PUEBLA RUE,,,Plein jour,En agglomération,Hors intersection,Normale,Autre collision,,,,,,,,,,,1,2,1,1.0,6
201200032496,0012-10-19 10:45:00,12,10,19,10,45,590,378,"39, FLANDRE AVENUE DE",,,Plein jour,En agglomération,Hors intersection,Normale,Autre collision,,,,,,,,,,,1,2,1,1.0,6
201200032497,0012-10-22 06:50:00,12,10,22,6,50,590,9,"D.6, route express",,,Crépuscule ou aube,En agglomération,Hors intersection,Normale,Deux véhicules - arrière,,,,,,,,,,,2,2,1,1.0,2
201200032498,0012-10-22 17:00:00,12,10,22,17,0,590,328,SAINT PAUL ALLEE,,,Plein jour,En agglomération,Hors intersection,Normale,Deux véhicules - frontale,,,,,,,,,,,1,2,1,1.0,1
201200032499,0012-10-23 12:20:00,12,10,23,12,20,590,350,"20, HUGO VICTOR RUE",,,Plein jour,En agglomération,Hors intersection,Normale,Trois véhicules et plus - collisions multiples,,,,,,,,,,,1,2,1,1.0,5
201200032500,0012-10-22 21:00:00,12,10,22,21,0,590,350,"112, SOLFERINO RUE N?110",,,Nuit avec éclairage allumé,En agglomération,Hors intersection,Normale,Autre collision,,,,,,,,,,,5,2,1,1.0,6
201200032501,0012-10-24 18:15:00,12,10,24,18,15,590,350,VERHAEREN AVENUE,,,Plein jour,En agglomération,Hors intersection,Normale,Deux véhicules - côté,,,,,,,,,,,1,2,1,1.0,3
201200032502,0012-10-24 22:00:00,12,10,24,22,0,590,350,SOLFERINO RUE N?110 - 20,,,Nuit avec éclairage allumé,En agglomération,Intersection en X,Normale,Deux véhicules - côté,,,,,,,,,,,5,2,2,1.0,3
201200032503,0012-10-24 17:00:00,12,10,24,17,0,590,378,MARNE AVENUE DE LA,,,Plein jour,En agglomération,Hors intersection,Normale,Deux véhicules - côté,,,,,,,,,,,1,2,1,1.0,3
201200032504,0012-10-23 19:15:00,12,10,23,19,15,590,378,"860, REPUBLIQUE AV DE LA",,,Crépuscule ou aube,En agglomération,Hors intersection,Normale,Deux véhicules - côté,,,,,,,,,,,2,2,1,1.0,3
201200032505,0012-10-26 17:40:00,12,10,26,17,40,590,507,"0, SAINT VENANT CHARLES",,,Plein jour,En agglomération,Intersection en X,Pluie légère,Autre collision,,,,,,,,,,,1,2,2,2.0,6
201200032506,0012-10-25 16:40:00,12,10,25,16,40,590,560,"1, LILLE ROUTE DE",,,Plein jour,En agglomération,Hors intersection,Normale,Deux véhicules - côté,,,,,,,,,,,1,2,1,1.0,3
201200032507,0012-10-27 11:30:00,12,10,27,11,30,590,648,"1, CLEMENCEAU RUE",,,Plein jour,En agglomération,Hors intersection,Normale,Autre collision,,,,,,,,,,,1,2,1,1.0,6
201200032508,0012-10-27 03:40:00,12,10,27,3,40,590,286,VANDERHAGEN ALBERT RUE,,,Nuit avec éclairage allumé,En agglomération,Hors intersection,Normale,Sans collision,,,,,,,,,,,5,2,1,1.0,7
201200032509,0012-10-26 13:20:00,12,10,26,13,20,590,9,"6, CHEMIN VERT RUE DU",,,Plein jour,En agglomération,Hors intersection,Normale,Autre collision,,,,,,,,,,,1,2,1,1.0,6
201200032510,0012-10-28 13:20:00,12,10,28,13,20,590,410,BECQUEREL RUE DU,,,Plein jour,En agglomération,Intersection en X,Normale,Deux véhicules - côté,,,,,,,,,,,1,2,2,1.0,3
201200032511,0012-10-29 10:55:00,12,10,29,10,55,590,350,"1, METZ BOULEVARD",,,Plein jour,En agglomération,Hors intersection,Pluie légère,Autre collision,,,,,,,,,,,1,2,1,2.0,6
201200032512,0012-10-29 15:45:00,12,10,29,15,45,590,566,LIBERATION PLACE DE LA,,,Plein jour,En agglomération,Hors intersection,Pluie forte,Trois véhicules et plus - collisions multiples,,,,,,,,,,,1,2,1,3.0,5
201200032513,0012-10-29 18:10:00,12,10,29,18,10,590,9,"1, RUE DE L'HORIZON",,,Nuit avec éclairage allumé,En agglomération,Hors intersection,Pluie légère,Deux véhicules - frontale,,,,,,,,,,,5,2,1,2.0,1
201200032514,0012-10-26 09:00:00,12,10,26,9,0,590,410,"24, DELEMER FLORIMOND RU",,,Plein jour,En agglomération,Hors intersection,Normale,Autre collision,,,,,,,,,,,1,2,1,1.0,6
201200032515,0012-10-30 16:30:00,12,10,30,16,30,590,560,"1, BOUVRY ROGER RUE",,,Plein jour,En agglomération,Hors intersection,Normale,Autre collision,,,,,,,,,,,1,2,1,1.0,6
201200032516,0012-10-30 20:45:00,12,10,30,20,45,590,350,SAINT AMAND RUE,,,Crépuscule ou aube,En agglomération,Hors intersection,Normale,Autre collision,,,,,,,,,,,2,2,1,1.0,6
201200032517,0012-10-30 22:35:00,12,10,30,22,35,590,648,WATTEAU ANTOINE RUE,,,Nuit avec éclairage allumé,En agglomération,Hors intersection,Normale,Autre collision,,,,,,,,,,,5,2,1,1.0,6
201200032518,0012-10-31 19:30:00,12,10,31,19,30,590,350,"28, MILITAIRE HOPITAL",,,Nuit avec éclairage allumé,En agglomération,Hors intersection,Normale,Deux véhicules - côté,,,,,,,,,,,5,2,1,1.0,3
201200032519,0012-10-21 04:00:00,12,10,21,4,0,590,350,"107, SOLFERINO RUE N?2 -",,,Nuit avec éclairage non allumé,En agglomération,Intersection en X,Pluie légère,Autre collision,,,,,,,,,,,4,2,2,2.0,6
201200032520,0012-11-02 12:15:00,12,11,2,12,15,590,343,Rue  Descat,50.58095,3.11032,Plein jour,En agglomération,Hors intersection,Normale,Deux véhicules - côté,,,,,,,,,,,1,2,1,1.0,3
201200032521,0012-11-02 10:45:00,12,11,2,10,45,590,368,"67 bis, POMPIDOU G. RUE",,,Plein jour,En agglomération,Hors intersection,Normale,Autre collision,,,,,,,,,,,1,2,1,1.0,6
201200032522,0012-11-02 13:10:00,12,11,2,13,10,590,350,"IGNORE, POT RUE LONG",,,Plein jour,En agglomération,Hors intersection,Normale,Sans collision,,,,,,,,,,,1,2,1,1.0,7
201200032523,0012-11-03 13:45:00,12,11,3,13,45,590,9,"0, OUEST BOULEVARD DE L",,,Plein jour,En agglomération,Intersection en X,Normale,Autre collision,,,,,,,,,,,1,2,2,1.0,6
201200032524,0012-11-03 20:20:00,12,11,3,20,20,590,350,WAZEMMES RUE DE N?1 / 43,,,Nuit avec éclairage allumé,En agglomération,Intersection en X,Pluie légère,Deux véhicules - côté,,,,,,,,,,,5,2,2,2.0,3
201200032525,0012-11-04 14:00:00,12,11,4,14,0,590,350,"64, MONTEBELLO BOULEVARD",,,Plein jour,En agglomération,Intersection en X,Normale,Autre collision,,,,,,,,,,,1,2,2,1.0,6
201200032526,0012-11-05 14:05:00,12,11,5,14,5,590,560,CD 925,,,Plein jour,Hors agglomération,Hors intersection,Pluie légère,Autre collision,,,,,,,,,,,1,1,1,2.0,6
201200032527,0012-11-05 17:00:00,12,11,5,17,0,590,350,"90, ESPLANADE FACADE",,,Nuit avec éclairage allumé,En agglomération,Hors intersection,Temps couvert,Deux véhicules - côté,,,,,,,,,,,5,2,1,8.0,3
201200032528,0012-11-05 18:55:00,12,11,5,18,55,590,350,"1, SOLFERINO RUE N?1 - 1",,,Nuit avec éclairage allumé,En agglomération,Hors intersection,Pluie légère,Deux véhicules - frontale,,,,,,,,,,,5,2,1,2.0,1
201200032529,0012-10-28 01:30:00,12,10,28,1,30,590,328,"191, HIPPODROME AV DE L",,,Nuit avec éclairage allumé,En agglomération,Intersection en T,Normale,Autre collision,,,,,,,,,,,5,2,3,1.0,6
201200032530,0012-11-07 07:55:00,12,11,7,7,55,590,350,"13, PORT RUE N?2 - 88-1",,,Plein jour,En agglomération,Intersection en T,Normale,Autre collision,,,,,,,,,,,1,2,3,1.0,6
201200032531,0012-11-07 19:00:00,12,11,7,19,0,590,368,REPUBLIQUE AVENUE DE LA,,,Nuit avec éclairage allumé,En agglomération,Hors intersection,Normale,Deux véhicules - arrière,,,,,,,,,,,5,2,1,1.0,2
201200032532,0012-11-09 07:55:00,12,11,9,7,55,590,350,Ave Willy Brandt,50.63692,3.07295,Crépuscule ou aube,En agglomération,Hors intersection,Normale,Autre collision,,,,,,,,,,,2,2,1,1.0,6
201200032533,0012-11-09 15:00:00,12,11,9,15,0,590,386,"06, ABBAYE RUE DU PONT D",,,Plein jour,En agglomération,Intersection en X,Normale,Autre collision,,,,,,,,,,,1,2,2,1.0,6
201200032534,0012-11-09 14:30:00,12,11,9,14,30,590,350,"25, ESPLANADE FACADE",,,Plein jour,En agglomération,Hors intersection,Normale,Autre collision,,,,,,,,,,,1,2,1,1.0,6
201200032535,0012-11-10 15:15:00,12,11,10,15,15,590,527,"74, LECLERC RUE DU GENER",,,Plein jour,En agglomération,Hors intersection,Normale,Autre collision,,,,,,,,,,,1,2,1,1.0,6
201200032536,0012-11-10 18:00:00,12,11,10,18,0,590,360,"IGNORE, REPUBLIQUE BOULE",,,Crépuscule ou aube,Hors agglomération,Intersection en X,Pluie forte,Deux véhicules - côté,,,,,,,,,,,2,1,2,3.0,3
201200032537,0012-11-09 17:45:00,12,11,9,17,45,590,350,"15, HUGO VICTOR  BVD N?I",,,Nuit avec éclairage allumé,En agglomération,Hors intersection,Normale,Deux véhicules - côté,,,,,,,,,,,5,2,1,1.0,3
201200032538,0012-11-13 15:00:00,12,11,13,15,0,590,350,"1, POT RUE LONG",,,Plein jour,En agglomération,Hors intersection,Normale,Deux véhicules - côté,,,,,,,,,,,1,2,1,1.0,3
201200032539,0012-10-30 15:20:00,12,10,30,15,20,590,350,DORMOY MARX  RUE,,,Plein jour,En agglomération,Intersection en T,Normale,Autre collision,,,,,,,,,,,1,2,3,1.0,6
201200032540,0012-11-14 08:20:00,12,11,14,8,20,590,9,"1, GUESDE JULES RUE",,,Plein jour,En agglomération,Intersection en X,Brouillard / fumée,Deux véhicules - côté,,,,,,,,,,,1,2,2,5.0,3
201200032541,0012-11-17 10:05:00,12,11,17,10,5,590,343,"ignor?, VOLTAIRE RUE",,,Plein jour,En agglomération,Hors intersection,Normale,Deux véhicules - côté,,,,,,,,,,,1,2,1,1.0,3
201200032542,0012-11-17 14:05:00,12,11,17,14,5,590,350,"00, ESPLANADE FACADE",,,Plein jour,En agglomération,Intersection en T,Normale,Autre collision,,,,,,,,,,,1,2,3,1.0,6
201200032543,0012-11-17 15:45:00,12,11,17,15,45,590,360,"0, PARE AMBROISE RUE",,,Plein jour,En agglomération,Intersection en X,Normale,Deux véhicules - côté,,,,,,,,,,,1,2,2,1.0,3
201200032544,0012-11-18 17:30:00,12,11,18,17,30,590,350,"57, LEGRAND PIERRE RUE",,,Crépuscule ou aube,En agglomération,Hors intersection,Pluie légère,Autre collision,,,,,,,,,,,2,2,1,2.0,6
201200032545,0012-11-18 18:00:00,12,11,18,18,0,590,350,JACQUET EUGENE RUE N?IMP,,,Crépuscule ou aube,En agglomération,Hors intersection,Pluie légère,Autre collision,,,,,,,,,,,2,2,1,2.0,6
201200032546,0012-11-15 10:25:00,12,11,15,10,25,590,368,"IGNORE, PRE CATELAN RUE",,,Plein jour,En agglomération,Hors intersection,Normale,Autre collision,,,,,,,,,,,1,2,1,1.0,6
201200032547,0012-11-19 17:00:00,12,11,19,17,0,590,350,"65, MOSELLE BOULEVARD N?",,,Crépuscule ou aube,En agglomération,Hors intersection,Pluie légère,Deux véhicules - arrière,,,,,,,,,,,2,2,1,2.0,2
201200032548,0012-11-20 23:00:00,12,11,20,23,0,590,360,"94 BIS, POTIE GEORGES RU",,,Nuit avec éclairage allumé,En agglomération,Hors intersection,Temps couvert,Autre collision,,,,,,,,,,,5,2,1,8.0,6
201200032549,0012-11-20 11:15:00,12,11,20,11,15,590,527,GAMBETTA LEON RUE,,,Plein jour,En agglomération,Hors intersection,Normale,Deux véhicules - frontale,,,,,,,,,,,1,2,1,1.0,1
201200032550,0012-11-20 14:30:00,12,11,20,14,30,590,378,MARNE AVENUE DE LA,,,Plein jour,En agglomération,Intersection en X,Normale,Deux véhicules - côté,,,,,,,,,,,1,2,2,1.0,3
201200032551,0012-11-19 19:15:00,12,11,19,19,15,590,350,"IGNORE, GAMBETTA LEON RU",,,Crépuscule ou aube,En agglomération,Intersection en T,Normale,Autre collision,,,,,,,,,,,2,2,3,1.0,6
201200032552,0012-11-17 11:40:00,12,11,17,11,40,590,560,"29, LILLE ROUTE DE",,,Plein jour,En agglomération,Hors intersection,Normale,Deux véhicules - arrière,,,,,,,,,,,1,2,1,1.0,2
201200032553,0012-11-22 08:45:00,12,11,22,8,45,590,368,"231, REPUBLIQUE AVENUE D",,,Plein jour,En agglomération,Hors intersection,Pluie légère,Deux véhicules - arrière,,,,,,,,,,,1,2,1,2.0,2
201200032554,0012-11-22 16:55:00,12,11,22,16,55,590,350,VAUBAN BOULEVARD N?2-18-,,,Nuit avec éclairage allumé,En agglomération,Hors intersection,Normale,Autre collision,,,,,,,,,,,5,2,1,1.0,6
201200032555,0012-11-22 14:15:00,12,11,22,14,15,590,350,"IGNORE, LEGRAND PIERRE R",,,Plein jour,En agglomération,Intersection en X,Normale,Deux véhicules - côté,,,,,,,,,,,1,2,2,1.0,3
201200032556,0012-11-22 14:15:00,12,11,22,14,15,590,378,MENIN RUE DE,,,Plein jour,En agglomération,Intersection en X,Normale,Autre collision,,,,,,,,,,,1,2,2,1.0,6
201200032557,0012-11-22 13:15:00,12,11,22,13,15,590,350,DE DAMPIERRE GUY PLACE,,,Plein jour,En agglomération,Hors intersection,Normale,Autre collision,,,,,,,,,,,1,2,1,1.0,6
201200032558,0012-11-24 12:30:00,12,11,24,12,30,590,9,ROUBAIX AVNUE DE,,,Plein jour,En agglomération,Hors intersection,Pluie légère,Trois véhicules et plus - collisions multiples,,,,,,,,,,,1,2,1,2.0,5
201200032559,0012-11-23 18:50:00,12,11,23,18,50,590,360,KUHLMANN AVENUE,,,Nuit avec éclairage allumé,En agglomération,Hors intersection,Pluie légère,Deux véhicules - côté,,,,,,,,,,,5,2,1,2.0,3
201200032560,0012-11-23 07:45:00,12,11,23,7,45,590,350,"49, ZOLA EMILE AVENUE",,,Crépuscule ou aube,En agglomération,Hors intersection,Pluie forte,Deux véhicules - côté,,,,,,,,,,,2,2,1,3.0,3
201200032561,0012-11-23 07:45:00,12,11,23,7,45,590,328,"38, CARNOY RUE DE LA N?2",,,Nuit avec éclairage allumé,En agglomération,Hors intersection,Pluie légère,Autre collision,,,,,,,,,,,5,2,1,2.0,6
201200032562,0012-11-24 18:15:00,12,11,24,18,15,590,378,FOCH AVENUE N?2-130,,,Nuit avec éclairage allumé,En agglomération,Hors intersection,Normale,Deux véhicules - côté,,,,,,,,,,,5,2,1,1.0,3
201200032563,0012-11-28 15:00:00,12,11,28,15,0,590,560,"88, BOUVRY ROGER RUE",,,Plein jour,En agglomération,Hors intersection,Temps éblouissant,Deux véhicules - côté,,,,,,,,,,,1,2,1,7.0,3
201200032564,0012-11-29 11:05:00,12,11,29,11,5,590,560,NOYELLES ROUTE DE,,,Plein jour,En agglomération,Hors intersection,Normale,Deux véhicules - côté,,,,,,,,,,,1,2,1,1.0,3
201200032565,0012-11-29 18:50:00,12,11,29,18,50,590,378,"45, COLLEGE RUE DU",,,Nuit avec éclairage non allumé,En agglomération,Hors intersection,Pluie légère,Autre collision,,,,,,,,,,,4,2,1,2.0,6
201200032566,0012-11-29 20:00:00,12,11,29,20,0,590,350,HUGO VICTOR  BVD N?2 - 1,,,Nuit avec éclairage allumé,En agglomération,Intersection en X,Normale,Deux véhicules - côté,,,,,,,,,,,5,2,2,1.0,3
201200032567,0012-11-30 00:01:00,12,11,30,0,1,590,378,"39, DELCENSERIE RUE JULE",,,Nuit avec éclairage allumé,En agglomération,Hors intersection,Pluie légère,Autre collision,,,,,,,,,,,5,2,1,2.0,6
201200032568,0012-11-30 18:40:00,12,11,30,18,40,590,378,"86, HERRENGRIE RUE DE L",,,Plein jour,En agglomération,Hors intersection,Pluie légère,Autre collision,,,,,,,,,,,1,2,1,2.0,6
201200032569,0012-12-01 19:05:00,12,12,1,19,5,590,410,"IGNORE, LECLERC BOULEVAR",,,Nuit avec éclairage allumé,En agglomération,Hors intersection,Pluie légère,Autre collision,,,,,,,,,,,5,2,1,2.0,6
201200032570,0012-12-01 18:37:00,12,12,1,18,37,590,378,"IGNORE, REPUBLIQUE AV DE",,,Nuit avec éclairage allumé,En agglomération,Intersection en X,Pluie légère,Deux véhicules - côté,,,,,,,,,,,5,2,2,2.0,3
201200032571,0012-12-03 16:40:00,12,12,3,16,40,590,350,"117, SALENGRO ROGER AVEN",,,Crépuscule ou aube,En agglomération,Hors intersection,Pluie légère,Deux véhicules - côté,,,,,,,,,,,2,2,1,2.0,3
201200032572,0012-12-01 04:10:00,12,12,1,4,10,590,378,"904, REPUBLIQUE AV DE LA",,,Nuit avec éclairage allumé,En agglomération,Hors intersection,Pluie légère,Sans collision,,,,,,,,,,,5,2,1,2.0,7
201200032573,0012-12-04 19:45:00,12,12,4,19,45,590,328,"191, HIPPODROME AV DE L",,,Nuit avec éclairage allumé,En agglomération,Hors intersection,Pluie forte,Autre collision,,,,,,,,,,,5,2,1,3.0,6
201200032574,0012-12-04 20:45:00,12,12,4,20,45,590,350,HOOVER AVENUE DU PRESIDE,,,Nuit avec éclairage allumé,En agglomération,Hors intersection,Pluie légère,Deux véhicules - côté,,,,,,,,,,,5,2,1,2.0,3
201200032575,0012-12-04 23:50:00,12,12,4,23,50,590,350,MOSELLE BOULEVARD ? DE 1,,,Nuit avec éclairage allumé,En agglomération,Intersection en X,Normale,Deux véhicules - côté,,,,,,,,,,,5,2,2,1.0,3
201200032576,0012-12-05 16:00:00,12,12,5,16,0,590,360,GHESQUIERE HENRI RUE,,,Plein jour,En agglomération,Hors intersection,Pluie légère,Trois véhicules et plus - en chaîne,,,,,,,,,,,1,2,1,2.0,4
201200032577,0012-12-06 10:10:00,12,12,6,10,10,590,378,"464, MARNE AVENUE DE LA",,,Plein jour,En agglomération,Hors intersection,Normale,Autre collision,,,,,,,,,,,1,2,1,1.0,6
201200032578,0012-12-06 15:45:00,12,12,6,15,45,590,350,"37, COMINES RUE PONT DE",,,Plein jour,En agglomération,Hors intersection,Temps couvert,Autre collision,,,,,,,,,,,1,2,1,8.0,6
201200032579,0012-12-06 22:20:00,12,12,6,22,20,590,350,"1, VANHOENACKER PLACE",,,Nuit avec éclairage allumé,En agglomération,Intersection en T,Normale,Deux véhicules - côté,,,,,,,,,,,5,2,3,1.0,3
201200032580,0012-12-06 16:20:00,12,12,6,16,20,590,350,"60, MONTEBELLO BOULEVARD",,,Plein jour,En agglomération,Hors intersection,Normale,Deux véhicules - côté,,,,,,,,,,,1,2,1,1.0,3
201200032581,0012-12-07 15:00:00,12,12,7,15,0,590,328,"34, BECQUART AVENUE",,,Plein jour,En agglomération,Hors intersection,Pluie forte,Autre collision,,,,,,,,,,,1,2,1,3.0,6
201200032582,0012-12-08 05:55:00,12,12,8,5,55,590,350,"1, LIBERTE BVD N?147 A F",,,Nuit avec éclairage allumé,En agglomération,Hors intersection,Normale,Autre collision,,,,,,,,,,,5,2,1,1.0,6
201200032583,0012-12-08 10:20:00,12,12,8,10,20,590,378,"124, FOCH AVENUE N?2-130",,,Plein jour,En agglomération,Hors intersection,Normale,Deux véhicules - côté,,,,,,,,,,,1,2,1,1.0,3
201200032584,0012-12-08 15:15:00,12,12,8,15,15,590,410,"42, SCHUMAN ROBERT AVENU",,,Plein jour,En agglomération,Hors intersection,Normale,Autre collision,,,,,,,,,,,1,2,1,1.0,6
201200032585,0012-12-08 19:30:00,12,12,8,19,30,590,350,GAMBETTA LEON RUE,,,Nuit avec éclairage allumé,En agglomération,Hors intersection,Normale,Autre collision,,,,,,,,,,,5,2,1,1.0,6
201200032586,0012-12-09 20:10:00,12,12,9,20,10,590,350,"IGNORE, LANNOY RUE",,,Nuit avec éclairage allumé,En agglomération,Intersection en T,Pluie légère,Deux véhicules - côté,,,,,,,,,,,5,2,3,2.0,3