accident_id,datetime,annee,mois,jour,heure,minute,departement,commune_insee,adresse,latitude,longitude,luminosite,agglomeration,intersection,meteo,collision,nb_vehicules,nb_usagers,nb_indemnes,nb_tues,nb_blesses_hosp,nb_blesses_legers,age_cond_1,age_cond_2,veh_type_cond_1,veh_type_cond_2,lum_code,agg_code,int_code,atm_code,col_code
201200032714,0012-04-02 20:00:00,12,4,2,20,0,590,512,"48, VIGNE (RUE DE LA)",,,Plein jour,En agglomération,Intersection en X,Normale,Deux véhicules - frontale,,,,,,,,,,,1,2,2,1.0,1
201200032715,0012-04-02 17:05:00,12,4,2,17,5,590,512,GUESDE (RUE JULES),,,Plein jour,En agglomération,Intersection en X,Normale,Deux véhicules - côté,,,,,,,,,,,1,2,2,1.0,3
201200032716,0012-04-05 14:05:00,12,4,5,14,5,590,512,"21, VIGNE (RUE DE LA)",,,Plein jour,En agglomération,Hors intersection,Normale,Deux véhicules - arrière,,,,,,,,,,,1,2,1,1.0,2
201200032717,0012-04-03 11:30:00,12,4,3,11,30,590,163,"3, MARTYRS (PLACE DES)",,,Plein jour,En agglomération,Hors intersection,Normale,Autre collision,,,,,,,,,,,1,2,1,1.0,6
201200032718,0012-04-07 11:55:00,12,4,7,11,55,590,299,"39, GUESDE (RUE JULES)",,,Plein jour,En agglomération,Hors intersection,Normale,Autre collision,,,,,,,,,,,1,2,1,1.0,6
201200032719,0012-04-10 21:35:00,12,4,10,21,35,590,646,GRAND COTTIGNIES (AVENUE,,,Nuit avec éclairage allumé,En agglomération,Giratoire,Pluie légère,Deux véhicules - côté,,,,,,,,,,,5,2,6,2.0,3
201200032720,0012-04-10 11:00:00,12,4,10,11,0,590,367,RD 700,,,Plein jour,Hors agglomération,Hors intersection,Pluie forte,Deux véhicules - arrière,,,,,,,,,,,1,1,1,3.0,2
201200032721,0012-04-11 16:00:00,12,4,11,16,0,590,512,"249, FOURMIES (BOULEVARD",,,Plein jour,En agglomération,Hors intersection,Normale,Deux véhicules - arrière,,,,,,,,,,,1,2,1,1.0,2
201200032722,0012-04-11 17:30:00,12,4,11,17,30,590,512,"8, LEBON (RUE PHILIPPE)",,,Plein jour,En agglomération,Hors intersection,Temps couvert,Autre collision,,,,,,,,,,,1,2,1,8.0,6
201200032723,0012-04-12 17:55:00,12,4,12,17,55,590,512,"301, NATIONS UNIES (AVEN",,,Plein jour,En agglomération,Hors intersection,Normale,Autre collision,,,,,,,,,,,1,2,1,1.0,6
201200032724,0012-04-16 14:45:00,12,4,16,14,45,590,299,"44, LECLERC (RUE DU GENE",50.65429,3.18251,Plein jour,En agglomération,Hors intersection,Normale,Autre collision,,,,,,,,,,,1,2,1,1.0,6
201200032725,0012-04-18 05:35:00,12,4,18,5,35,590,512,Strasbourg/Plutarque,,,Nuit avec éclairage allumé,En agglomération,Intersection en T,Temps couvert,Sans collision,,,,,,,,,,,5,2,3,8.0,7
201200032726,0012-04-19 13:35:00,12,4,19,13,35,590,512,"208, LANNOY (RUE DE )",,,Plein jour,En agglomération,Intersection en X,Pluie légère,Autre collision,,,,,,,,,,,1,2,2,2.0,6
201200032727,0012-04-19 15:30:00,12,4,19,15,30,590,512,LAGACHE (AVENUE JULIEN),,,Plein jour,En agglomération,Hors intersection,Pluie légère,Deux véhicules - côté,,,,,,,,,,,1,2,1,2.0,3
201200032728,0012-04-20 19:05:00,12,4,20,19,5,590,512,BLANCHEMAILLE (RUE DE),,,Plein jour,En agglomération,Intersection en X,Normale,Deux véhicules - côté,,,,,,,,,,,1,2,2,1.0,3
201200032729,0012-04-21 16:05:00,12,4,21,16,5,590,512,ROLLIN (RUE),,,Plein jour,En agglomération,Intersection en T,Normale,Deux véhicules - côté,,,,,,,,,,,1,2,3,1.0,3
201200032730,0012-04-22 14:30:00,12,4,22,14,30,590,650,"128, LEBAS (RUE JEAN BAP",,,Plein jour,En agglomération,Hors intersection,Pluie forte,Autre collision,,,,,,,,,,,1,2,1,3.0,6
201200032731,0012-04-21 12:10:00,12,4,21,12,10,590,646,"1, GRAND COTTIGNIES (AVE",,,Plein jour,En agglomération,Intersection en X,Normale,Deux véhicules - côté,,,,,,,,,,,1,2,2,1.0,3
201200032732,0012-04-27 15:10:00,12,4,27,15,10,590,163,JAURES (RUE JEAN),,,Plein jour,En agglomération,Hors intersection,Normale,Deux véhicules - frontale,,,,,,,,,,,1,2,1,1.0,1
201200032733,0012-04-10 20:50:00,12,4,10,20,50,590,650,"7, DELVAINQUIERE (PLACE",,,Nuit avec éclairage allumé,En agglomération,Hors intersection,Normale,Deux véhicules - côté,,,,,,,,,,,5,2,1,1.0,3
201200032734,0012-05-02 23:35:00,12,5,2,23,35,590,646,"102, FLANDRE (AVENUE DE)",,,Nuit avec éclairage allumé,En agglomération,Hors intersection,Pluie légère,Autre collision,,,,,,,,,,,5,2,1,2.0,6
201200032735,0012-05-06 11:15:00,12,5,6,11,15,590,163,PERRIN (RUE PROFESSEUR),,,Plein jour,En agglomération,Intersection en X,Normale,Autre collision,,,,,,,,,,,1,2,2,1.0,6
201200032736,0012-05-06 18:30:00,12,5,6,18,30,590,163,"59, FLANDRE (AVENUE DE)",,,Plein jour,Hors agglomération,Hors intersection,Normale,Autre collision,,,,,,,,,,,1,1,1,1.0,6
201200032737,0012-05-07 00:20:00,12,5,7,0,20,590,650,"1, JOUHAUX (BOULEVARD LE",,,Nuit avec éclairage allumé,En agglomération,Intersection en X,Normale,Deux véhicules - côté,,,,,,,,,,,5,2,2,1.0,3
201200032738,0012-05-09 14:50:00,12,5,9,14,50,590,512,"150, BEAUREPAIRE (BOULEV",,,Plein jour,En agglomération,Intersection en X,Normale,Autre collision,,,,,,,,,,,1,2,2,1.0,6
201200032739,0012-05-09 17:45:00,12,5,9,17,45,590,512,DE GAULLE  (BOULEVARD DU,,,Plein jour,En agglomération,Hors intersection,Normale,Autre collision,,,,,,,,,,,1,2,1,1.0,6
201200032740,0012-05-10 17:35:00,12,5,10,17,35,590,650,"135, UNION (RUE DE L')",,,Plein jour,En agglomération,Hors intersection,Normale,Autre collision,,,,,,,,,,,1,2,1,1.0,6
201200032741,0012-04-06 23:30:00,12,4,6,23,30,590,512,"279, MOTTE (AVENUE ALFRE",,,Nuit avec éclairage allumé,En agglomération,Intersection en X,Normale,Autre collision,,,,,,,,,,,5,2,2,1.0,6
201200032742,0012-05-11 19:30:00,12,5,11,19,30,590,512,"47, COLIGNY (RUE)",,,Plein jour,En agglomération,Hors intersection,Normale,Autre collision,,,,,,,,,,,1,2,1,1.0,6
201200032743,0012-05-11 23:40:00,12,5,11,23,40,590,512,"84, GRAND CHEMIN (RUE DU",,,Nuit avec éclairage allumé,En agglomération,Hors intersection,Normale,Autre collision,,,,,,,,,,,5,2,1,1.0,6
201200032744,0012-05-12 15:00:00,12,5,12,15,0,590,650,LIBERTE (BOULEVARD DE LA,,,Plein jour,En agglomération,Intersection en X,Normale,Deux véhicules - frontale,,,,,,,,,,,1,2,2,1.0,1
201200032745,0012-05-13 10:40:00,12,5,13,10,40,590,512,EPEULE  (RUE DE L'),,,Plein jour,En agglomération,Hors intersection,Normale,Autre collision,,,,,,,,,,,1,2,1,1.0,6
201200032746,0012-05-14 17:55:00,12,5,14,17,55,590,598,NECHIN (RUE DE),,,Plein jour,En agglomération,Intersection en X,Normale,Deux véhicules - frontale,,,,,,,,,,,1,2,2,1.0,1
201200032747,0012-05-15 13:50:00,12,5,15,13,50,590,512,LYON (BOULEVARD DE),,,Plein jour,En agglomération,Intersection en X,Normale,Deux véhicules - côté,,,,,,,,,,,1,2,2,1.0,3
201200032748,0012-05-03 11:56:00,12,5,3,11,56,590,339,WATTRELOS (RUE DE),,,Plein jour,En agglomération,Hors intersection,Normale,Trois véhicules et plus - collisions multiples,,,,,,,,,,,1,2,1,1.0,5
201200032749,0012-05-15 18:55:00,12,5,15,18,55,590,512,"117, DAUBENTON (RUE)",,,Plein jour,En agglomération,Hors intersection,Pluie légère,Autre collision,,,,,,,,,,,1,2,1,2.0,6
201200032750,0012-05-16 02:10:00,12,5,16,2,10,590,512,LAGACHE (AVENUE JULIEN),,,Nuit avec éclairage allumé,En agglomération,Intersection en X,Pluie légère,Sans collision,,,,,,,,,,,5,2,2,2.0,7
201200032751,0012-05-17 15:00:00,12,5,17,15,0,590,512,"4, ALGER  (RUE D')",,,Plein jour,En agglomération,Hors intersection,Normale,Sans collision,,,,,,,,,,,1,2,1,1.0,7
201200032752,0012-05-19 17:15:00,12,5,19,17,15,590,646,"42, LEJEUNE (RUE LOUIS)",,,Plein jour,En agglomération,Intersection en T,Normale,Deux véhicules - côté,,,,,,,,,,,1,2,3,1.0,3
201200032753,0012-05-21 13:10:00,12,5,21,13,10,590,512,"138, CARTIGNY (RUE DE)",,,Plein jour,En agglomération,Intersection en X,Normale,Autre collision,,,,,,,,,,,1,2,2,1.0,6
201200032754,0012-05-22 21:15:00,12,5,22,21,15,590,650,"27, BACH (RUE JEAN SEBAS",,,Plein jour,En agglomération,Intersection en Y,Normale,Deux véhicules - frontale,,,,,,,,,,,1,2,4,1.0,1
201200032755,0012-05-22 11:30:00,12,5,22,11,30,590,646,FLANDRE (AVENUE DE),,,Plein jour,En agglomération,Hors intersection,Normale,Autre collision,,,,,,,,,,,1,2,1,1.0,6
201200032756,0012-05-23 13:25:00,12,5,23,13,25,590,512,"27, SEPT PONTS (RUE DES)",,,Plein jour,En agglomération,Intersection en X,Normale,Deux véhicules - côté,,,,,,,,,,,1,2,2,1.0,3
201200032757,0012-01-24 18:25:00,12,1,24,18,25,590,646,"38, DELERUE (RUE)",,,Nuit avec éclairage allumé,En agglomération,Hors intersection,Pluie légère,Autre collision,,,,,,,,,,,5,2,1,2.0,6
201200032758,0012-05-24 09:10:00,12,5,24,9,10,590,646,"11BIS, ROUBAIX (RUE DE)",,,Plein jour,En agglomération,Intersection en T,Normale,Deux véhicules - frontale,,,,,,,,,,,1,2,3,1.0,1
201200032759,0012-05-26 16:40:00,12,5,26,16,40,590,512,"18, BELFORT (BOULEVARD D",,,Plein jour,En agglomération,Hors intersection,Normale,Deux véhicules - côté,,,,,,,,,,,1,2,1,1.0,3
201200032760,0012-05-25 20:05:00,12,5,25,20,5,590,512,LE NOTRE (AVENUE),,,Plein jour,En agglomération,Hors intersection,Normale,Deux véhicules - côté,,,,,,,,,,,1,2,1,1.0,3
201200032761,0012-05-28 16:15:00,12,5,28,16,15,590,650,MENDES FRANCE (BOULEVARD,,,Plein jour,En agglomération,Intersection en X,Normale,Deux véhicules - côté,,,,,,,,,,,1,2,2,1.0,3
201200032762,0012-05-29 19:20:00,12,5,29,19,20,590,163,JAURES (RUE JEAN),,,Plein jour,En agglomération,Hors intersection,Normale,Autre collision,,,,,,,,,,,1,2,1,1.0,6
201200032763,0012-05-29 20:30:00,12,5,29,20,30,590,512,BAVAI (RUE DE),,,Plein jour,En agglomération,Intersection en X,Normale,Deux véhicules - côté,,,,,,,,,,,1,2,2,1.0,3
201200032764,0012-05-30 09:00:00,12,5,30,9,0,590,512,SALENGRO  (AVENUE ROGER),,,Plein jour,En agglomération,Intersection en T,Normale,Autre collision,,,,,,,,,,,1,2,3,1.0,6
201200032765,0012-06-01 22:30:00,12,6,1,22,30,590,650,"9, JAURES (RUE JEAN)",,,Nuit sans éclairage public,En agglomération,Intersection en T,Normale,Deux véhicules - côté,,,,,,,,,,,3,2,3,1.0,3
201200032766,0012-06-03 22:45:00,12,6,3,22,45,590,512,"6, REIMS (BOULEVARD DE)",,,Nuit avec éclairage allumé,En agglomération,Hors intersection,Pluie légère,Autre collision,,,,,,,,,,,5,2,1,2.0,6
201200032767,0012-06-03 21:51:00,12,6,3,21,51,590,512,SCHUMAN (RUE ROBERT),,,Nuit avec éclairage allumé,En agglomération,Intersection en T,Temps couvert,Autre collision,,,,,,,,,,,5,2,3,8.0,6
201200032768,0012-06-04 19:30:00,12,6,4,19,30,590,512,"192, GRANDE RUE",,,Plein jour,En agglomération,Hors intersection,Normale,Autre collision,,,,,,,,,,,1,2,1,1.0,6
201200032769,0012-05-31 12:10:00,12,5,31,12,10,590,512,JAURES (AVENUE JEAN),,,Plein jour,En agglomération,Intersection en X,Normale,Deux véhicules - côté,,,,,,,,,,,1,2,2,1.0,3
201200032770,0012-06-07 11:50:00,12,6,7,11,50,590,646,"112, DELETTE (RUE EMILE)",,,Plein jour,En agglomération,Hors intersection,Normale,Sans collision,,,,,,,,,,,1,2,1,1.0,7
201200032771,0012-06-08 22:15:00,12,6,8,22,15,590,512,"1, DELORY  (AVENUE GUSTA",,,Nuit avec éclairage allumé,En agglomération,Giratoire,Normale,Deux véhicules - côté,,,,,,,,,,,5,2,6,1.0,3
201200032772,0012-06-09 00:20:00,12,6,9,0,20,590,512,"1, LUNEVILLE (RUE DE)",,,Nuit avec éclairage allumé,En agglomération,Hors intersection,Normale,Deux véhicules - frontale,,,,,,,,,,,5,2,1,1.0,1
201200032773,0012-06-09 00:10:00,12,6,9,0,10,590,646,"50, FLANDRE (AVENUE DE)",,,Nuit avec éclairage allumé,En agglomération,Hors intersection,Normale,Sans collision,,,,,,,,,,,5,2,1,1.0,7
201200032774,0012-06-08 17:35:00,12,6,8,17,35,590,512,"94, ARCHIMEDE (RUE D')",,,Plein jour,En agglomération,Hors intersection,Normale,Autre collision,,,,,,,,,,,1,2,1,1.0,6
201200032775,0012-06-10 17:10:00,12,6,10,17,10,590,512,"189, LANNOY (RUE DE )",,,Plein jour,En agglomération,Hors intersection,Normale,Autre collision,,,,,,,,,,,1,2,1,1.0,6
201200032776,0012-06-10 22:45:00,12,6,10,22,45,590,512,"562BIS, MOTTE (AVENUE AL",,,Nuit avec éclairage allumé,En agglomération,Intersection en X,Autre,Deux véhicules - côté,,,,,,,,,,,5,2,2,9.0,3
201200032777,0012-06-12 11:40:00,12,6,12,11,40,590,650,"21, DELECOURT (RUE ALFRE",,,Plein jour,En agglomération,Hors intersection,Normale,Autre collision,,,,,,,,,,,1,2,1,1.0,6
201200032778,0012-06-12 14:55:00,12,6,12,14,55,590,646,MARNE (AVENUE DE LA),,,Plein jour,En agglomération,Hors intersection,Normale,Deux véhicules - arrière,,,,,,,,,,,1,2,1,1.0,2
201200032779,0012-06-12 20:46:00,12,6,12,20,46,590,512,SARTEL (QUAI DU),,,Plein jour,En agglomération,Hors intersection,Normale,Autre collision,,,,,,,,,,,1,2,1,1.0,6
201200032780,0012-06-08 11:50:00,12,6,8,11,50,590,512,"200, NATIONS UNIES (AVEN",,,Plein jour,En agglomération,Intersection en X,Normale,Deux véhicules - côté,,,,,,,,,,,1,2,2,1.0,3
201200032781,0012-06-13 22:05:00,12,6,13,22,5,590,512,"52, GRAND CHEMIN (RUE DU",,,Nuit avec éclairage allumé,En agglomération,Intersection en T,Normale,Deux véhicules - côté,,,,,,,,,,,5,2,3,1.0,3
201200032782,0012-06-14 20:15:00,12,6,14,20,15,590,512,"67, CONFERENCE (RUE DE L",,,Plein jour,En agglomération,Hors intersection,Normale,Autre collision,,,,,,,,,,,1,2,1,1.0,6
201200032783,0012-06-14 17:30:00,12,6,14,17,30,590,650,"10, POLLET (RUE DENIS)",,,Plein jour,En agglomération,Hors intersection,Normale,Deux véhicules - côté,,,,,,,,,,,1,2,1,1.0,3
201200032784,0012-06-15 14:30:00,12,6,15,14,30,590,512,"1, DE GAULLE  (BOULEVARD",,,Plein jour,En agglomération,Intersection en T,Normale,Deux véhicules - côté,,,,,,,,,,,1,2,3,1.0,3
201200032785,0012-06-02 16:40:00,12,6,2,16,40,590,512,"129, DECREME (RUE)",,,Plein jour,Hors agglomération,Hors intersection,Normale,Autre collision,,,,,,,,,,,1,1,1,1.0,6
201200032786,0012-06-16 14:00:00,12,6,16,14,0,590,512,"75, ALOUETTE (RUE DE L')",,,Plein jour,En agglomération,Intersection en X,Normale,Deux véhicules - côté,,,,,,,,,,,1,2,2,1.0,3
201200032787,0012-06-18 11:00:00,12,6,18,11,0,590,512,"11, TRAVAIL (PLACE DU)",,,Plein jour,En agglomération,Giratoire,Normale,Deux véhicules - côté,,,,,,,,,,,1,2,6,1.0,3
201200032788,0012-05-01 15:45:00,12,5,1,15,45,590,512,CUVIER (RUE),,,Plein jour,En agglomération,Intersection en X,Normale,Deux véhicules - côté,,,,,,,,,,,1,2,2,1.0,3
201200032789,0012-06-21 19:00:00,12,6,21,19,0,590,512,"21, NOTTE (RUE JEAN BAPT",,,Plein jour,En agglomération,Hors intersection,Normale,Autre collision,,,,,,,,,,,1,2,1,1.0,6
201200032790,0012-06-25 05:30:00,12,6,25,5,30,590,650,MONT A LEUX (RUE DU),,,Crépuscule ou aube,En agglomération,Intersection en X,Normale,Deux véhicules - côté,,,,,,,,,,,2,2,2,1.0,3
201200032791,0012-06-27 15:40:00,12,6,27,15,40,590,512,"660, NATIONS UNIES (AVEN",,,Plein jour,En agglomération,Hors intersection,Normale,Deux véhicules - côté,,,,,,,,,,,1,2,1,1.0,3
201200032792,0012-06-30 17:00:00,12,6,30,17,0,590,650,"111, TILLEUL (RUE DU)",,,Plein jour,En agglomération,Intersection en X,Pluie forte,Autre collision,,,,,,,,,,,1,2,2,3.0,6
201200032793,0012-07-02 01:25:00,12,7,2,1,25,590,512,"109, LEBAS (AVENUE JEAN)",,,Nuit avec éclairage allumé,En agglomération,Hors intersection,Normale,Deux véhicules - côté,,,,,,,,,,,5,2,1,1.0,3
201200032794,0012-07-02 16:25:00,12,7,2,16,25,590,512,"136, CARTIGNY (RUE DE)",,,Plein jour,En agglomération,Hors intersection,Normale,Deux véhicules - côté,,,,,,,,,,,1,2,1,1.0,3
201200032795,0012-07-02 19:30:00,12,7,2,19,30,590,512,"18, COGGHE (RUE REMY)",,,Plein jour,En agglomération,Intersection en T,Normale,Deux véhicules - côté,,,,,,,,,,,1,2,3,1.0,3
201200032796,0012-07-05 18:20:00,12,7,5,18,20,590,650,"5, CARNOT (RUE)",,,Plein jour,En agglomération,Hors intersection,Normale,Autre collision,,,,,,,,,,,1,2,1,1.0,6
201200032797,0012-07-05 20:00:00,12,7,5,20,0,590,646,CARREFOUR (CENTRE COMMER,,,Plein jour,En agglomération,Hors intersection,Normale,Autre collision,,,,,,,,,,,1,2,1,1.0,6
201200032798,0012-07-08 14:45:00,12,7,8,14,45,590,339,PICAVET (RUE DU CAPITAIN,,,Plein jour,En agglomération,Intersection en X,Pluie forte,Deux véhicules - côté,,,,,,,,,,,1,2,2,3.0,3
201200032799,0012-07-01 19:55:00,12,7,1,19,55,590,512,"200, BEAUREPAIRE (BOULEV",,,Plein jour,En agglomération,Hors intersection,Normale,Autre collision,,,,,,,,,,,1,2,1,1.0,6
201200032800,0012-07-11 07:25:00,12,7,11,7,25,590,367,"166, COHEM (RUE DE)",,,Plein jour,En agglomération,Hors intersection,Normale,Autre collision,,,,,,,,,,,1,2,1,1.0,6
201200032801,0012-07-12 07:50:00,12,7,12,7,50,590,512,METZ (BOULEVARD DE),,,Plein jour,En agglomération,Hors intersection,Autre,Deux véhicules - côté,,,,,,,,,,,1,2,1,9.0,3
201200032802,0012-07-12 15:55:00,12,7,12,15,55,590,339,EUROPE (AVENUE DE L'),,,Plein jour,En agglomération,Hors intersection,Normale,Deux véhicules - côté,,,,,,,,,,,1,2,1,1.0,3
201200032803,0012-07-13 17:35:00,12,7,13,17,35,590,512,"154, LACROIX (RUE BOULEV",,,Plein jour,En agglomération,Hors intersection,Normale,Autre collision,,,,,,,,,,,1,2,1,1.0,6
201200032804,0012-07-14 00:15:00,12,7,14,0,15,590,512,"281, MOTTE (AVENUE ALFRE",,,Nuit avec éclairage allumé,En agglomération,Intersection en X,Normale,Deux véhicules - côté,,,,,,,,,,,5,2,2,1.0,3
201200032805,0012-07-17 19:15:00,12,7,17,19,15,590,650,LIBERTE (BOULEVARD DE LA,,,Plein jour,En agglomération,Intersection en X,Normale,Deux véhicules - côté,,,,,,,,,,,1,2,2,1.0,3
201200032806,0012-07-18 17:00:00,12,7,18,17,0,590,650,1 Rue Jules Guesde,50.70624,3.22281,Plein jour,En agglomération,Intersection en Y,Normale,Autre collision,,,,,,,,,,,1,2,4,1.0,6
201200032807,0012-07-20 18:00:00,12,7,20,18,0,590,512,"171, STRASBOURG (BOULEVA",,,Plein jour,En agglomération,Intersection en T,Normale,Deux véhicules - côté,,,,,,,,,,,1,2,3,1.0,3
201200032808,0012-07-21 18:40:00,12,7,21,18,40,590,163,"61, COURBET (RUE AMIRAL)",,,Plein jour,En agglomération,Hors intersection,Normale,Autre collision,,,,,,,,,,,1,2,1,1.0,6
201200032809,0012-07-23 01:10:00,12,7,23,1,10,590,598,"62, NECHIN (RUE DE)",,,Nuit avec éclairage allumé,En agglomération,Hors intersection,Normale,Autre collision,,,,,,,,,,,5,2,1,1.0,6
201200032810,0012-07-23 10:15:00,12,7,23,10,15,590,512,JOUFFROY (RUE),,,Plein jour,En agglomération,Intersection en X,Normale,Trois véhicules et plus - en chaîne,,,,,,,,,,,1,2,2,1.0,4
201200032811,0012-07-23 18:30:00,12,7,23,18,30,590,512,DE GAULLE (BOULEVARD DU,,,Plein jour,En agglomération,Hors intersection,Normale,Deux véhicules - côté,,,,,,,,,,,1,2,1,1.0,3
201200032812,0012-08-02 07:00:00,12,8,2,7,0,590,512,MOTTE (AVENUE ALFRED),,,Plein jour,En agglomération,Intersection en T,Normale,Deux véhicules - arrière,,,,,,,,,,,1,2,3,1.0,2
201200032813,0012-08-04 18:30:00,12,8,4,18,30,590,512,"70, BELFORT (BOULEVARD D",,,Plein jour,En agglomération,Intersection en X,Normale,Deux véhicules - côté,,,,,,,,,,,1,2,2,1.0,3
201200032814,0012-08-06 17:30:00,12,8,6,17,30,590,163,"55, HANNART (AVENUE GEOR",,,Plein jour,En agglomération,Intersection en X,Normale,Deux véhicules - côté,,,,,,,,,,,1,2,2,1.0,3
201200032815,0012-08-06 21:30:00,12,8,6,21,30,590,512,"126, METZ (BOULEVARD DE)",,,Nuit avec éclairage allumé,En agglomération,Intersection en T,Normale,Deux véhicules - côté,,,,,,,,,,,5,2,3,1.0,3
201200032816,0012-08-07 08:40:00,12,8,7,8,40,590,163,FLANDRE (AVENUE DE),,,Plein jour,En agglomération,Intersection en X,Normale,Deux véhicules - côté,,,,,,,,,,,1,2,2,1.0,3
201200032817,0012-08-08 20:00:00,12,8,8,20,0,590,339,"1, TRIEU DE QUESNOY (RUE",,,Plein jour,En agglomération,Hors intersection,Normale,Deux véhicules - côté,,,,,,,,,,,1,2,1,1.0,3
201200032818,0012-08-10 10:05:00,12,8,10,10,5,590,512,"34, BLANQUI (RUE AUGUSTE",,,Plein jour,En agglomération,Hors intersection,Normale,Autre collision,,,,,,,,,,,1,2,1,1.0,6
201200032819,0012-08-13 16:30:00,12,8,13,16,30,590,512,59  rue d'Hem,50.6814,3.17837,Plein jour,En agglomération,Hors intersection,Normale,Autre collision,,,,,,,,,,,1,2,1,1.0,6
201200032820,0012-08-15 15:20:00,12,8,15,15,20,590,650,EGALITE (BOULEVARD DE L',,,Plein jour,En agglomération,Intersection en X,Normale,Deux véhicules - côté,,,,,,,,,,,1,2,2,1.0,3
201200032821,0012-08-17 10:25:00,12,8,17,10,25,590,163,"1, JAURES (RUE JEAN)",,,Plein jour,En agglomération,Hors intersection,Normale,Deux véhicules - côté,,,,,,,,,,,1,2,1,1.0,3
201200032822,0012-08-17 18:45:00,12,8,17,18,45,590,512,"18, MOTTE (AVENUE ALFRED",,,Plein jour,En agglomération,Intersection à plus de 4 branches,Normale,Deux véhicules - côté,,,,,,,,,,,1,2,5,1.0,3
201200032823,0012-08-17 17:25:00,12,8,17,17,25,590,650,"33, MONGE (RUE)",,,Plein jour,En agglomération,Intersection en T,Normale,Autre collision,,,,,,,,,,,1,2,3,1.0,6
201200032824,0012-08-18 20:50:00,12,8,18,20,50,590,512,"1, SAINT JOSEPH (RUE)",,,Nuit avec éclairage allumé,En agglomération,Hors intersection,Normale,Autre collision,,,,,,,,,,,5,2,1,1.0,6
201200032825,0012-08-20 18:40:00,12,8,20,18,40,590,512,"168, LACROIX (RUE BOULEV",,,Plein jour,En agglomération,Hors intersection,Normale,Deux véhicules - côté,,,,,,,,,,,1,2,1,1.0,3
201200032826,0012-08-20 22:30:00,12,8,20,22,30,590,512,LE NOTRE (AVENUE),,,Nuit sans éclairage public,En agglomération,Hors intersection,Normale,Autre collision,,,,,,,,,,,3,2,1,1.0,6
201200032827,0012-08-21 15:00:00,12,8,21,15,0,590,646,CHATEAUX (RUE DES),,,Plein jour,Hors agglomération,Hors intersection,Normale,Deux véhicules - arrière,,,,,,,,,,,1,1,1,1.0,2
201200032828,0012-08-21 18:30:00,12,8,21,18,30,590,512,"150, DAUBENTON (RUE)",,,Plein jour,En agglomération,Intersection en X,Normale,Deux véhicules - côté,,,,,,,,,,,1,2,2,1.0,3
201200032829,0012-08-07 11:20:00,12,8,7,11,20,590,163,"204, JAURES (RUE JEAN)",,,Plein jour,En agglomération,Intersection en X,Normale,Deux véhicules - côté,,,,,,,,,,,1,2,2,1.0,3
201200032830,0012-08-27 22:45:00,12,8,27,22,45,590,512,"145, STRASBOURG (BOULEVA",,,Nuit avec éclairage allumé,En agglomération,Hors intersection,Normale,Autre collision,,,,,,,,,,,5,2,1,1.0,6
201200032831,0012-08-28 12:30:00,12,8,28,12,30,590,512,MOTTE (AVENUE ALFRED),,,Plein jour,En agglomération,Giratoire,Normale,Deux véhicules - côté,,,,,,,,,,,1,2,6,1.0,3
201200032832,0012-08-30 08:30:00,12,8,30,8,30,590,646,FAIDHERBE (RUE),,,Plein jour,En agglomération,Passage à niveau,Temps éblouissant,Autre collision,,,,,,,,,,,1,2,8,7.0,6
201200032833,0012-08-29 18:15:00,12,8,29,18,15,590,299,CD 700,,,Plein jour,En agglomération,Giratoire,Normale,Deux véhicules - côté,,,,,,,,,,,1,2,6,1.0,3
201200032834,0012-08-31 18:10:00,12,8,31,18,10,590,512,"282, LANNOY (RUE DE )",,,Plein jour,En agglomération,Passage à niveau,Normale,Autre collision,,,,,,,,,,,1,2,8,1.0,6
201200032835,0012-09-03 09:00:00,12,9,3,9,0,590,650,PATRIOTES (RUE DES),,,Plein jour,En agglomération,Intersection en Y,Pluie légère,Deux véhicules - côté,,,,,,,,,,,1,2,4,2.0,3
201200032836,0012-09-04 12:10:00,12,9,4,12,10,590,512,"6, DELORY  (AVENUE GUSTA",,,Plein jour,En agglomération,Intersection en X,Normale,Deux véhicules - côté,,,,,,,,,,,1,2,2,1.0,3
201200032837,0012-09-01 14:00:00,12,9,1,14,0,590,650,"01, CARNOT (RUE)",,,Plein jour,En agglomération,Hors intersection,Normale,Deux véhicules - côté,,,,,,,,,,,1,2,1,1.0,3
201200032838,0012-09-08 13:20:00,12,9,8,13,20,590,299,"22, DE BOURNAZEL (ALLEE",,,Plein jour,En agglomération,Hors intersection,Normale,Deux véhicules - arrière,,,,,,,,,,,1,2,1,1.0,2
201200032839,0012-09-08 20:05:00,12,9,8,20,5,590,299,"107, LECLERC (RUE DU GEN",,,Crépuscule ou aube,En agglomération,Hors intersection,Normale,Autre collision,,,,,,,,,,,2,2,1,1.0,6
201200032840,0012-09-11 17:00:00,12,9,11,17,0,590,598,REPUBLIQUE (PLACE DE LA),,,Plein jour,En agglomération,Hors intersection,Normale,Autre collision,,,,,,,,,,,1,2,1,1.0,6
201200032841,0012-09-13 07:35:00,12,9,13,7,35,590,650,MENDES FRANCE (BOULEVARD,,,Plein jour,En agglomération,Intersection en X,Normale,Deux véhicules - côté,,,,,,,,,,,1,2,2,1.0,3
201200032842,0012-09-13 09:00:00,12,9,13,9,0,590,299,"65, ECOLES (RUE DES)",,,Plein jour,En agglomération,Hors intersection,Temps couvert,Deux véhicules - côté,,,,,,,,,,,1,2,1,8.0,3
201200032843,0012-09-14 08:26:00,12,9,14,8,26,590,512,LANNOY (RUE DE),,,Plein jour,En agglomération,Intersection en X,Normale,Deux véhicules - côté,,,,,,,,,,,1,2,2,1.0,3
201200032844,0012-09-15 12:15:00,12,9,15,12,15,590,512,"110, PARC DES SPORTS (AV",,,Plein jour,En agglomération,Intersection en T,Normale,Autre collision,,,,,,,,,,,1,2,3,1.0,6