accident_id,datetime,annee,mois,jour,heure,minute,departement,commune_insee,adresse,latitude,longitude,luminosite,agglomeration,intersection,meteo,collision,nb_vehicules,nb_usagers,nb_indemnes,nb_tues,nb_blesses_hosp,nb_blesses_legers,age_cond_1,age_cond_2,veh_type_cond_1,veh_type_cond_2,lum_code,agg_code,int_code,atm_code,col_code
201200032972,0012-01-27 14:50:00,12,1,27,14,50,590,599,ORIONS (RUE DES),,,Plein jour,En agglomération,Intersection en X,Normale,Deux véhicules - côté,,,,,,,,,,,1,2,2,1.0,3
201200032973,0012-01-22 11:00:00,12,1,22,11,0,590,90,GAULLE (AVENUE DU GENERA,,,Plein jour,En agglomération,Intersection en X,Normale,Deux véhicules - côté,,,,,,,,,,,1,2,2,1.0,3
201200032974,0012-01-30 18:40:00,12,1,30,18,40,590,599,BOURGOGNE (RUE DE LA),,,Nuit avec éclairage allumé,En agglomération,Hors intersection,Normale,Deux véhicules - côté,,,,,,,,,,,5,2,1,1.0,3
201200032975,0012-01-30 12:25:00,12,1,30,12,25,590,426,HALLUIN (RUE D'),,,Plein jour,En agglomération,Intersection en X,Normale,Deux véhicules - côté,,,,,,,,,,,1,2,2,1.0,3
201200032976,0012-02-03 12:00:00,12,2,3,12,0,590,599,SCHUMAN (RUE ROBERT),,,Plein jour,En agglomération,Hors intersection,Normale,Deux véhicules - frontale,,,,,,,,,,,1,2,1,1.0,1
201200032977,0012-02-05 02:50:00,12,2,5,2,50,590,599,COURBET (RUE DE L'AMIRAL,,,Nuit avec éclairage allumé,En agglomération,Hors intersection,Autre,Autre collision,,,,,,,,,,,5,2,1,9.0,6
201200032978,0012-02-09 09:45:00,12,2,9,9,45,590,508,HALLUIN (BOULEVARD D'),,,Plein jour,En agglomération,Hors intersection,Normale,Deux véhicules - arrière,,,,,,,,,,,1,2,1,1.0,2
201200032979,0012-02-10 08:20:00,12,2,10,8,20,590,599,BOTTROP (RUE DE),,,Plein jour,En agglomération,Hors intersection,Normale,Autre collision,,,,,,,,,,,1,2,1,1.0,6
201200032980,0012-02-10 08:20:00,12,2,10,8,20,590,599,"434, CLINQUET (RUE DU)",,,Plein jour,En agglomération,Hors intersection,Normale,Autre collision,,,,,,,,,,,1,2,1,1.0,6
201200032981,0012-02-10 09:00:00,12,2,10,9,0,590,599,"50, BRUN PAIN (RUE DU)",,,Plein jour,En agglomération,Hors intersection,Normale,Autre collision,,,,,,,,,,,1,2,1,1.0,6
201200032982,0012-02-10 10:30:00,12,2,10,10,30,590,599,"1, FORGETTE (RUE DE LA)",,,Plein jour,En agglomération,Hors intersection,Normale,Autre collision,,,,,,,,,,,1,2,1,1.0,6
201200032983,0012-02-10 20:00:00,12,2,10,20,0,590,599,"210 bis, FLOCON (RUE DU)",,,Nuit avec éclairage allumé,En agglomération,Hors intersection,Autre,Autre collision,,,,,,,,,,,5,2,1,9.0,6
201200032984,0012-02-11 21:30:00,12,2,11,21,30,590,599,BRUN PAIN (RUE DU),,,Nuit avec éclairage allumé,En agglomération,Intersection en T,Normale,Deux véhicules - côté,,,,,,,,,,,5,2,3,1.0,3
201200032985,0012-02-14 18:15:00,12,2,14,18,15,590,599,"154, GRAMME (CHAUSSEE)",,,Nuit avec éclairage allumé,En agglomération,Intersection en T,Pluie légère,Autre collision,,,,,,,,,,,5,2,3,2.0,6
201200032986,0012-02-15 10:40:00,12,2,15,10,40,590,599,"22, BRUN PAIN (RUE DU)",,,Plein jour,En agglomération,Hors intersection,Normale,Autre collision,,,,,,,,,,,1,2,1,1.0,6
201200032987,0012-02-16 18:40:00,12,2,16,18,40,590,599,YSER (RUE DE L'),,,Nuit avec éclairage allumé,En agglomération,Hors intersection,Temps couvert,Autre collision,,,,,,,,,,,5,2,1,8.0,6
201200032988,0012-02-20 08:55:00,12,2,20,8,55,590,599,SASSELANGE (RUE EDOUARD),,,Plein jour,En agglomération,Hors intersection,Normale,Deux véhicules - arrière,,,,,,,,,,,1,2,1,1.0,2
201200032989,0012-02-23 12:05:00,12,2,23,12,5,590,599,"91, LEVANT (RUE DU)",,,Plein jour,En agglomération,Hors intersection,Normale,Deux véhicules - arrière,,,,,,,,,,,1,2,1,1.0,2
201200032990,0012-02-11 22:00:00,12,2,11,22,0,590,599,BLANCHE PORTE (RUE DE LA,,,Nuit avec éclairage allumé,En agglomération,Hors intersection,Normale,Autre collision,,,,,,,,,,,5,2,1,1.0,6
201200032991,0012-02-25 13:30:00,12,2,25,13,30,590,279,LYS (RUE DE LA),,,Plein jour,En agglomération,Hors intersection,Normale,Deux véhicules - côté,,,,,,,,,,,1,2,1,1.0,3
201200032992,0012-02-26 14:45:00,12,2,26,14,45,590,279,"78, LYS (RUE DE LA)",,,Plein jour,En agglomération,Intersection en T,Normale,Deux véhicules - frontale,,,,,,,,,,,1,2,3,1.0,1
201200032993,0012-02-26 20:25:00,12,2,26,20,25,590,599,HALLUIN (BOULEVARD D'),,,Nuit avec éclairage allumé,En agglomération,Intersection en X,Normale,Deux véhicules - frontale,,,,,,,,,,,5,2,2,1.0,1
201200032994,0012-03-01 16:40:00,12,3,1,16,40,590,599,HENTGES (RUE JOSEPH),,,Plein jour,En agglomération,Intersection en X,Normale,Deux véhicules - côté,,,,,,,,,,,1,2,2,1.0,3
201200032995,0012-03-03 22:45:00,12,3,3,22,45,590,599,NATIONALE (RUE),,,Nuit avec éclairage allumé,En agglomération,Intersection en X,Normale,Deux véhicules - côté,,,,,,,,,,,5,2,2,1.0,3
201200032996,0012-03-10 16:15:00,12,3,10,16,15,590,279,"334, LYS (RUE DE LA)",,,Plein jour,En agglomération,Hors intersection,Normale,Sans collision,,,,,,,,,,,1,2,1,1.0,7
201200032997,0012-03-11 23:30:00,12,3,11,23,30,590,599,"130, NEUVILLE (PONT DE)",,,Nuit avec éclairage allumé,En agglomération,Hors intersection,Normale,Autre collision,,,,,,,,,,,5,2,1,1.0,6
201200032998,0012-03-12 08:15:00,12,3,12,8,15,590,599,"60, HALLUIN (BOULEVARD D",,,Plein jour,En agglomération,Intersection en T,Normale,Autre collision,,,,,,,,,,,1,2,3,1.0,6
201200032999,0012-03-13 22:30:00,12,3,13,22,30,590,599,"0, LILLE (RUE DE)",,,Nuit avec éclairage allumé,En agglomération,Intersection en T,Normale,Deux véhicules - côté,,,,,,,,,,,5,2,3,1.0,3
201200033000,0012-03-14 14:00:00,12,3,14,14,0,590,599,BIENFAISANCE (RUE DE LA),,,Plein jour,En agglomération,Intersection en T,Normale,Deux véhicules - côté,,,,,,,,,,,1,2,3,1.0,3
201200033001,0012-03-19 11:40:00,12,3,19,11,40,590,90,Rue René d'HESPEL,,,Plein jour,En agglomération,Intersection en T,Normale,Sans collision,,,,,,,,,,,1,2,3,1.0,7
201200033002,0012-03-19 17:20:00,12,3,19,17,20,590,279,"0, LOISEL (CHEMIN DE)",,,Plein jour,En agglomération,Intersection en X,Normale,Deux véhicules - côté,,,,,,,,,,,1,2,2,1.0,3
201200033003,0012-03-28 19:15:00,12,3,28,19,15,590,599,GUERRE (RUE FIN DE LA),,,Plein jour,En agglomération,Hors intersection,Normale,Deux véhicules - côté,,,,,,,,,,,1,2,1,1.0,3
201200033004,0012-03-29 06:30:00,12,3,29,6,30,590,90,GAULLE (AVENUE DU GENERA,,,Nuit avec éclairage allumé,En agglomération,Giratoire,Normale,Deux véhicules - côté,,,,,,,,,,,5,2,6,1.0,3
201200033005,0012-03-29 11:10:00,12,3,29,11,10,590,599,"2, DELOBEL (RUE)",,,Plein jour,En agglomération,Intersection en X,Normale,Autre collision,,,,,,,,,,,1,2,2,1.0,6
201200033006,0012-03-29 13:10:00,12,3,29,13,10,590,279,BILLEMONT (CHEMIN),,,Plein jour,En agglomération,Hors intersection,Normale,Autre collision,,,,,,,,,,,1,2,1,1.0,6
201200033007,0012-03-30 17:50:00,12,3,30,17,50,590,508,ROUTE DE CONTOURNEMENT,,,Plein jour,Hors agglomération,Hors intersection,Normale,Deux véhicules - côté,,,,,,,,,,,1,1,1,1.0,3
201200033008,0012-04-04 11:30:00,12,4,4,11,30,590,599,VOIE 1 CENTRE COMMERCIAL,,,Plein jour,En agglomération,Hors intersection,Normale,Deux véhicules - arrière,,,,,,,,,,,1,2,1,1.0,2
201200033009,0012-04-16 22:00:00,12,4,16,22,0,590,599,"25, PARIS (RUE DE)",,,Nuit avec éclairage allumé,En agglomération,Intersection en X,Normale,Deux véhicules - côté,,,,,,,,,,,5,2,2,1.0,3
201200033010,0012-04-21 16:00:00,12,4,21,16,0,590,599,JOFFRE (AVENUE MARECHAL),,,Plein jour,En agglomération,Hors intersection,Pluie légère,Autre collision,,,,,,,,,,,1,2,1,2.0,6
201200033011,0012-04-21 19:20:00,12,4,21,19,20,590,599,"5, VANDENDRIESSCHE (RUE",,,Plein jour,En agglomération,Hors intersection,Normale,Autre collision,,,,,,,,,,,1,2,1,1.0,6
201200033012,0012-04-21 21:45:00,12,4,21,21,45,590,152,"47, REPUBLIQUE (RUE DE L",,,Nuit avec éclairage allumé,En agglomération,Intersection en T,Normale,Autre collision,,,,,,,,,,,5,2,3,1.0,6
201200033013,0012-04-23 10:20:00,12,4,23,10,20,590,599,MOUVAUX (RUE DE),,,Plein jour,En agglomération,Hors intersection,Normale,Deux véhicules - arrière,,,,,,,,,,,1,2,1,1.0,2
201200033014,0012-04-24 18:50:00,12,4,24,18,50,590,599,ANOR (RUE D'),,,Plein jour,En agglomération,Hors intersection,Pluie légère,Deux véhicules - côté,,,,,,,,,,,1,2,1,2.0,3
201200033015,0012-04-29 20:30:00,12,4,29,20,30,590,279,LILLE (RUE DE),,,Crépuscule ou aube,En agglomération,Intersection en X,Normale,Deux véhicules - côté,,,,,,,,,,,2,2,2,1.0,3
201200033016,0012-05-01 00:10:00,12,5,1,0,10,590,98,"2, LINSELLES (RUE DE)",,,Nuit avec éclairage allumé,En agglomération,Hors intersection,Normale,Autre collision,,,,,,,,,,,5,2,1,1.0,6
201200033017,0012-05-04 16:00:00,12,5,4,16,0,590,599,"2, DELOBEL (RUE)",,,Plein jour,En agglomération,Hors intersection,Normale,Autre collision,,,,,,,,,,,1,2,1,1.0,6
201200033018,0012-05-09 20:35:00,12,5,9,20,35,590,599,GUETHEM (RUE PIERRE),,,Plein jour,En agglomération,Intersection en X,Normale,Deux véhicules - côté,,,,,,,,,,,1,2,2,1.0,3
201200033019,0012-05-11 23:30:00,12,5,11,23,30,590,508,LILLE (RUE DE)LATERALE A,,,Nuit avec éclairage allumé,En agglomération,Intersection en T,Normale,Deux véhicules - côté,,,,,,,,,,,5,2,3,1.0,3
201200033020,0012-05-12 15:15:00,12,5,12,15,15,590,599,"18, BOURGOGNE (RUE DE LA",,,Plein jour,En agglomération,Intersection en T,Normale,Deux véhicules - côté,,,,,,,,,,,1,2,3,1.0,3
201200033021,0012-05-25 12:20:00,12,5,25,12,20,590,599,ALLENDE (AVENUE SALVADOR,,,Plein jour,En agglomération,Hors intersection,Normale,Deux véhicules - côté,,,,,,,,,,,1,2,1,1.0,3
201200033022,0012-05-25 18:30:00,12,5,25,18,30,590,599,"556, GAND (RUE DE)",,,Plein jour,En agglomération,Intersection en T,Normale,Trois véhicules et plus - collisions multiples,,,,,,,,,,,1,2,3,1.0,5
201200033023,0012-05-26 19:00:00,12,5,26,19,0,590,599,"192, MALCENSE (RUE DE LA",,,Plein jour,En agglomération,Intersection en T,Normale,Deux véhicules - arrière,,,,,,,,,,,1,2,3,1.0,2
201200033024,0012-05-29 14:30:00,12,5,29,14,30,590,599,GAND (RUE DE),,,Plein jour,En agglomération,Hors intersection,Normale,Autre collision,,,,,,,,,,,1,2,1,1.0,6
201200033025,0012-05-30 19:25:00,12,5,30,19,25,590,599,PARIS (RUE DE),,,Plein jour,En agglomération,Hors intersection,Normale,Autre collision,,,,,,,,,,,1,2,1,1.0,6
201200033026,0012-05-31 07:54:00,12,5,31,7,54,590,90,"1649, GAULLE (AVENUE DU",,,Plein jour,En agglomération,Intersection en T,Normale,Deux véhicules - côté,,,,,,,,,,,1,2,3,1.0,3
201200033027,0012-06-05 17:15:00,12,6,5,17,15,590,426,HALLUIN (RUE D'),,,Plein jour,En agglomération,Hors intersection,Normale,Deux véhicules - arrière,,,,,,,,,,,1,2,1,1.0,2
201200033028,0012-06-08 13:40:00,12,6,8,13,40,590,90,VAN DER MEERSCH (ALLEE M,,,Plein jour,En agglomération,Hors intersection,Pluie légère,Deux véhicules - côté,,,,,,,,,,,1,2,1,2.0,3
201200033029,0012-06-09 11:50:00,12,6,9,11,50,590,599,"0, PAPIN (CHAUSSEE DENIS",,,Plein jour,En agglomération,Hors intersection,Normale,Deux véhicules - arrière,,,,,,,,,,,1,2,1,1.0,2
201200033030,0012-06-15 21:30:00,12,6,15,21,30,590,656,SPORT (AVENUE DU),,,Nuit avec éclairage allumé,En agglomération,Hors intersection,Autre,Deux véhicules - côté,,,,,,,,,,,5,2,1,9.0,3
201200033031,0012-06-16 17:10:00,12,6,16,17,10,590,599,CONSTANTINE (RUE DE),,,Plein jour,En agglomération,Hors intersection,Normale,Autre collision,,,,,,,,,,,1,2,1,1.0,6
201200033032,0012-08-05 12:15:00,12,8,5,12,15,590,279,RONCQ (BOULEVARD),,,Plein jour,En agglomération,Intersection en X,Normale,Deux véhicules - côté,,,,,,,,,,,1,2,2,1.0,3
201200033033,0012-06-16 18:00:00,12,6,16,18,0,590,279,RONCQ (BOULEVARD),,,Plein jour,En agglomération,Intersection en X,Normale,Sans collision,,,,,,,,,,,1,2,2,1.0,7
201200033034,0012-06-18 18:30:00,12,6,18,18,30,590,421,LONDRES (RUE DE)22A82-11,,,Plein jour,En agglomération,Hors intersection,Normale,Deux véhicules - côté,,,,,,,,,,,1,2,1,1.0,3
201200033035,0012-06-20 13:45:00,12,6,20,13,45,590,599,BRUN PAIN (RUE DU),,,Plein jour,En agglomération,Intersection en X,Normale,Autre collision,,,,,,,,,,,1,2,2,1.0,6
201200033036,0012-06-20 16:50:00,12,6,20,16,50,590,599,TOUQUET (RUE DU),,,Plein jour,En agglomération,Hors intersection,Normale,Deux véhicules - côté,,,,,,,,,,,1,2,1,1.0,3
201200033037,0012-06-22 21:30:00,12,6,22,21,30,590,599,PARIS (RUE DE),,,Plein jour,En agglomération,Intersection en T,Normale,Deux véhicules - frontale,,,,,,,,,,,1,2,3,1.0,1
201200033038,0012-06-26 16:40:00,12,6,26,16,40,590,508,"198 BIS, LILLE (RUE DE)L",,,Plein jour,Hors agglomération,Hors intersection,Normale,Deux véhicules - côté,,,,,,,,,,,1,1,1,1.0,3
201200033039,0012-06-29 13:40:00,12,6,29,13,40,590,599,"1, GUISNES (RUE DE)",,,Plein jour,En agglomération,Hors intersection,Normale,Autre collision,,,,,,,,,,,1,2,1,1.0,6
201200033040,0012-07-03 18:00:00,12,7,3,18,0,590,599,"189, RACINE (RUE)",,,Plein jour,En agglomération,Hors intersection,Pluie légère,Autre collision,,,,,,,,,,,1,2,1,2.0,6
201200033041,0012-07-04 17:45:00,12,7,4,17,45,590,508,TOURCOING (RUE DE),,,Plein jour,En agglomération,Intersection en X,Pluie forte,Trois véhicules et plus - collisions multiples,,,,,,,,,,,1,2,2,3.0,5
201200033042,0012-07-05 11:30:00,12,7,5,11,30,590,599,", ALBERT EINSTEIN",,,Plein jour,En agglomération,Intersection en X,Normale,Deux véhicules - côté,,,,,,,,,,,1,2,2,1.0,3
201200033043,0012-07-06 17:20:00,12,7,6,17,20,590,90,"0, GAULLE (AVENUE DU GEN",,,Plein jour,En agglomération,Hors intersection,Normale,Deux véhicules - côté,,,,,,,,,,,1,2,1,1.0,3
201200033044,0012-07-07 17:15:00,12,7,7,17,15,590,508,"0, ROUTE DE CONTOURNEMEN",,,Plein jour,Hors agglomération,Giratoire,Normale,Deux véhicules - côté,,,,,,,,,,,1,1,6,1.0,3
201200033045,0012-07-08 04:30:00,12,7,8,4,30,590,599,LEVANT (RUE DU),,,Nuit avec éclairage allumé,En agglomération,Hors intersection,Temps couvert,Sans collision,,,,,,,,,,,5,2,1,8.0,7
201200033046,0012-07-11 05:50:00,12,7,11,5,50,590,508,EUROPE (AVENUE DE L'),,,Plein jour,Hors agglomération,Intersection en T,Normale,Deux véhicules - frontale,,,,,,,,,,,1,1,3,1.0,1
201200033047,0012-07-11 21:15:00,12,7,11,21,15,590,352,WERWICQ (RUE DE),,,Plein jour,En agglomération,Intersection en T,Normale,Deux véhicules - frontale,,,,,,,,,,,1,2,3,1.0,1
201200033048,0012-07-17 10:55:00,12,7,17,10,55,590,352,", PAUL (RUE SAINT VINCEN",,,Plein jour,En agglomération,Hors intersection,Normale,Deux véhicules - arrière,,,,,,,,,,,1,2,1,1.0,2
201200033049,0012-07-19 08:47:00,12,7,19,8,47,590,421,MIRABEAU (RUE),,,Plein jour,En agglomération,Intersection en X,Normale,Deux véhicules - côté,,,,,,,,,,,1,2,2,1.0,3
201200033050,0012-07-30 12:45:00,12,7,30,12,45,590,279,"18, WATTEEUW (RUE JULES)",,,Plein jour,En agglomération,Hors intersection,Normale,Deux véhicules - frontale,,,,,,,,,,,1,2,1,1.0,1
201200033051,0012-07-31 17:00:00,12,7,31,17,0,590,599,CANAL (RUE DU),,,Plein jour,En agglomération,Hors intersection,Normale,Deux véhicules - côté,,,,,,,,,,,1,2,1,1.0,3
201200033052,0012-08-03 09:30:00,12,8,3,9,30,590,599,DRON (AVENUE GUSTAVE),,,Plein jour,En agglomération,Hors intersection,Normale,Deux véhicules - arrière,,,,,,,,,,,1,2,1,1.0,2
201200033053,0012-08-09 13:50:00,12,8,9,13,50,590,352,QUESNOY (RUE),,,Plein jour,En agglomération,Hors intersection,Normale,Sans collision,,,,,,,,,,,1,2,1,1.0,7
201200033054,0012-08-18 10:55:00,12,8,18,10,55,590,90,"1342, GAULLE (AVENUE DU",,,Plein jour,En agglomération,Hors intersection,Normale,Sans collision,,,,,,,,,,,1,2,1,1.0,7
201200033055,0012-08-19 22:40:00,12,8,19,22,40,590,279,GAULLE (PLACE DU GENERAL,,,Nuit avec éclairage allumé,En agglomération,Hors intersection,Normale,Deux véhicules - frontale,,,,,,,,,,,5,2,1,1.0,1
201200033056,0012-08-22 12:50:00,12,8,22,12,50,590,152,FLANDRE (RUE DE),,,Plein jour,Hors agglomération,Giratoire,Normale,Deux véhicules - côté,,,,,,,,,,,1,1,6,1.0,3
201200033057,0012-08-24 20:00:00,12,8,24,20,0,590,508,"409, LILLE (RUE DE)MENIN",,,Nuit avec éclairage allumé,En agglomération,Intersection en T,Pluie légère,Deux véhicules - arrière,,,,,,,,,,,5,2,3,2.0,2
201200033058,0012-08-25 14:30:00,12,8,25,14,30,590,599,CONDORCET (RUE ),,,Plein jour,En agglomération,Hors intersection,Normale,Autre collision,,,,,,,,,,,1,2,1,1.0,6
201200033059,0012-08-30 21:40:00,12,8,30,21,40,590,279,LOISEL (CHEMIN DE),,,Nuit sans éclairage public,En agglomération,Hors intersection,Pluie légère,Autre collision,,,,,,,,,,,3,2,1,2.0,6
201200033060,0012-09-04 08:25:00,12,9,4,8,25,590,90,GAULLE (AVENUE DU GENERA,,,Plein jour,En agglomération,Intersection en T,Brouillard / fumée,Deux véhicules - côté,,,,,,,,,,,1,2,3,5.0,3
201200033061,0012-11-14 16:50:00,12,11,14,16,50,590,90,"1104, GAULLE (AVENUE DU",,,Plein jour,En agglomération,Hors intersection,Normale,Deux véhicules - côté,,,,,,,,,,,1,2,1,1.0,3
201200033062,0012-09-06 17:50:00,12,9,6,17,50,590,508,"157, TOURCOING (RUE DE)",,,Plein jour,En agglomération,Hors intersection,Normale,Deux véhicules - côté,,,,,,,,,,,1,2,1,1.0,3
201200033063,0012-09-07 07:15:00,12,9,7,7,15,590,599,BRUN PAIN (RUE DU),,,Plein jour,En agglomération,Intersection en X,Normale,Deux véhicules - côté,,,,,,,,,,,1,2,2,1.0,3
201200033064,0012-09-07 08:00:00,12,9,7,8,0,590,90,SIX (ABBE)29A41,,,Plein jour,En agglomération,Hors intersection,Normale,Deux véhicules - côté,,,,,,,,,,,1,2,1,1.0,3
201200033065,0012-09-06 16:50:00,12,9,6,16,50,590,599,"135, COTY (RUE DU PRESID",,,Plein jour,En agglomération,Hors intersection,Normale,Autre collision,,,,,,,,,,,1,2,1,1.0,6
201200033066,0012-09-07 14:30:00,12,9,7,14,30,590,279,LILLE (RUE DE),,,Plein jour,En agglomération,Hors intersection,Normale,Autre collision,,,,,,,,,,,1,2,1,1.0,6
201200033067,0012-09-07 15:45:00,12,9,7,15,45,590,599,COLBERT (RUE),,,Plein jour,En agglomération,Hors intersection,Normale,Autre collision,,,,,,,,,,,1,2,1,1.0,6
201200033068,0012-09-07 16:20:00,12,9,7,16,20,590,421,"122, LONDRES (RUE DE)22A",,,Plein jour,En agglomération,Intersection en X,Normale,Deux véhicules - côté,,,,,,,,,,,1,2,2,1.0,3
201200033069,0012-09-10 17:00:00,12,9,10,17,0,590,508,LILLE (RUE DE)LATERALE A,,,Plein jour,En agglomération,Hors intersection,Normale,Deux véhicules - côté,,,,,,,,,,,1,2,1,1.0,3
201200033070,0012-09-14 18:00:00,12,9,14,18,0,590,90,GAULLE (AVENUE DU GENERA,,,Plein jour,En agglomération,Hors intersection,Normale,Sans collision,,,,,,,,,,,1,2,1,1.0,7
201200033071,0012-09-15 15:12:00,12,9,15,15,12,590,508,GAULLE (RUE DU GENERAL D,,,Plein jour,En agglomération,Hors intersection,Normale,Autre collision,,,,,,,,,,,1,2,1,1.0,6
201200033072,0012-09-16 02:30:00,12,9,16,2,30,590,352,WERWICQ (RUE DE),,,Nuit avec éclairage allumé,En agglomération,Hors intersection,Normale,Deux véhicules - frontale,,,,,,,,,,,5,2,1,1.0,1
201200033073,0012-09-19 11:00:00,12,9,19,11,0,590,599,"26, GRAND PLACE",,,Plein jour,En agglomération,Hors intersection,Normale,Autre collision,,,,,,,,,,,1,2,1,1.0,6
201200033074,0012-09-19 17:40:00,12,9,19,17,40,590,426,"73, CINQ VOIES (RUE)",,,Plein jour,En agglomération,Intersection en T,Normale,Deux véhicules - côté,,,,,,,,,,,1,2,3,1.0,3
201200033075,0012-09-19 21:15:00,12,9,19,21,15,590,599,BLANCHE PORTE (RUE DE LA,,,Nuit avec éclairage allumé,En agglomération,Intersection en T,Normale,Deux véhicules - côté,,,,,,,,,,,5,2,3,1.0,3
201200033076,0012-09-20 19:00:00,12,9,20,19,0,590,599,GAND (RUE DE),,,Plein jour,En agglomération,Hors intersection,Normale,Autre collision,,,,,,,,,,,1,2,1,1.0,6
201200033077,0012-09-24 19:00:00,12,9,24,19,0,590,599,"21, SOUDAN (RUE DU)",,,Plein jour,En agglomération,Hors intersection,Temps couvert,Autre collision,,,,,,,,,,,1,2,1,8.0,6
201200033078,0012-09-25 07:45:00,12,9,25,7,45,590,508,HALLUIN (BOULEVARD D'),,,Plein jour,En agglomération,Hors intersection,Pluie légère,Trois véhicules et plus - en chaîne,,,,,,,,,,,1,2,1,2.0,4
201200033079,0012-09-25 18:20:00,12,9,25,18,20,590,599,JOFFRE (AVENUE MARECHAL),,,Crépuscule ou aube,En agglomération,Giratoire,Normale,Autre collision,,,,,,,,,,,2,2,6,1.0,6
201200033080,0012-09-30 15:35:00,12,9,30,15,35,590,152,"217, WERWICQ (RUE DE)",,,Plein jour,En agglomération,Intersection en T,Normale,Deux véhicules - côté,,,,,,,,,,,1,2,3,1.0,3
201200033081,0012-10-02 19:50:00,12,10,2,19,50,590,426,RACCORDEMENT (VOIE DE),,,Nuit avec éclairage allumé,Hors agglomération,Intersection en X,Normale,Deux véhicules - côté,,,,,,,,,,,5,1,2,1.0,3
201200033082,0012-10-05 16:40:00,12,10,5,16,40,590,508,LILLE (RUE DE)MENIN A 8,,,Plein jour,En agglomération,Hors intersection,Temps couvert,Autre collision,,,,,,,,,,,1,2,1,8.0,6
201200033083,0012-10-09 11:00:00,12,10,9,11,0,590,599,ROUSSEL (PLACE CHARLES E,,,Plein jour,En agglomération,Hors intersection,Normale,Autre collision,,,,,,,,,,,1,2,1,1.0,6
201200033084,0012-10-10 17:30:00,12,10,10,17,30,590,599,"101, LEVANT (RUE DU)",,,Plein jour,En agglomération,Hors intersection,Normale,Deux véhicules - arrière,,,,,,,,,,,1,2,1,1.0,2
201200033085,0012-10-12 14:45:00,12,10,12,14,45,590,508,"62, LOEUL (AVENUE ALPHON",,,Plein jour,En agglomération,Intersection en X,Normale,Trois véhicules et plus - collisions multiples,,,,,,,,,,,1,2,2,1.0,5
201200033086,0012-10-16 06:45:00,12,10,16,6,45,590,599,YSER (RUE DE L'),,,Nuit avec éclairage allumé,En agglomération,Intersection en T,Pluie légère,Deux véhicules - côté,,,,,,,,,,,5,2,3,2.0,3
201200033087,0012-10-16 08:00:00,12,10,16,8,0,590,421,FOCH (AVENUE DU MARECHAL,,,Nuit avec éclairage allumé,En agglomération,Intersection en X,Pluie légère,Deux véhicules - côté,,,,,,,,,,,5,2,2,2.0,3
201200033088,0012-10-16 14:15:00,12,10,16,14,15,590,599,LELOIR (RUE LOUIS),,,Plein jour,En agglomération,Intersection en X,Normale,Autre collision,,,,,,,,,,,1,2,2,1.0,6
201200033089,0012-10-21 18:30:00,12,10,21,18,30,590,599,CAIRE (RUE DU),,,Plein jour,En agglomération,Hors intersection,Pluie légère,Autre collision,,,,,,,,,,,1,2,1,2.0,6
201200033090,0012-10-24 17:00:00,12,10,24,17,0,590,98,"34, WERVICQ (RUE DE)",,,Plein jour,En agglomération,Intersection en T,Normale,Deux véhicules - frontale,,,,,,,,,,,1,2,3,1.0,1
201200033091,0012-10-24 16:30:00,12,10,24,16,30,590,90,BOIS D'ACHELLES (RUE DU),,,Plein jour,En agglomération,Hors intersection,Normale,Autre collision,,,,,,,,,,,1,2,1,1.0,6
201200033092,0012-10-28 12:15:00,12,10,28,12,15,590,90,GAULLE (AVENUE DU GENERA,,,Plein jour,En agglomération,Giratoire,Normale,Deux véhicules - côté,,,,,,,,,,,1,2,6,1.0,3
201200033093,0012-10-30 13:15:00,12,10,30,13,15,590,508,ROUTE DE CONTOURNEMENT,,,Plein jour,Hors agglomération,Hors intersection,Normale,Deux véhicules - côté,,,,,,,,,,,1,1,1,1.0,3
201200033094,0012-11-04 15:50:00,12,11,4,15,50,590,426,VERTUQUET (RUE DU),,,Plein jour,Hors agglomération,Autre intersection,Normale,Deux véhicules - côté,,,,,,,,,,,1,1,9,1.0,3
201200033095,0012-11-05 17:10:00,12,11,5,17,10,590,599,COLBERT (RUE),,,Crépuscule ou aube,En agglomération,Hors intersection,Pluie légère,Autre collision,,,,,,,,,,,2,2,1,2.0,6
201200033096,0012-11-06 13:20:00,12,11,6,13,20,590,152,LILLE (RUE DE),,,Plein jour,Hors agglomération,Hors intersection,Normale,Autre collision,,,,,,,,,,,1,1,1,1.0,6
201200033097,0012-11-06 19:40:00,12,11,6,19,40,590,599,"152, GAND (RUE DE)",,,Nuit avec éclairage allumé,En agglomération,Hors intersection,Pluie légère,Sans collision,,,,,,,,,,,5,2,1,2.0,7
201200033098,0012-11-07 18:20:00,12,11,7,18,20,590,90,"844, GAULLE (AVENUE DU G",,,Nuit avec éclairage allumé,En agglomération,Hors intersection,Normale,Deux véhicules - côté,,,,,,,,,,,5,2,1,1.0,3
201200033099,0012-11-13 08:10:00,12,11,13,8,10,590,599,"97, HOUPLINE (RUE DU CH?",,,Plein jour,En agglomération,Hors intersection,Normale,Deux véhicules - côté,,,,,,,,,,,1,2,1,1.0,3
201200033100,0012-11-13 18:40:00,12,11,13,18,40,590,656,PERI (RUE GABRIEL),,,Nuit avec éclairage allumé,En agglomération,Hors intersection,Normale,Deux véhicules - arrière,,,,,,,,,,,5,2,1,1.0,2
201200033101,0012-11-15 16:30:00,12,11,15,16,30,590,599,"225, RACINE (RUE)",,,Plein jour,En agglomération,Hors intersection,Normale,Deux véhicules - arrière,,,,,,,,,,,1,2,1,1.0,2
201200033102,0012-11-17 14:35:00,12,11,17,14,35,590,508,"00, LILLE (RUE DE)LATERA",,,Plein jour,En agglomération,Hors intersection,Normale,Deux véhicules - côté,,,,,,,,,,,1,2,1,1.0,3