accident_id,datetime,annee,mois,jour,heure,minute,departement,commune_insee,adresse,latitude,longitude,luminosite,agglomeration,intersection,meteo,collision,nb_vehicules,nb_usagers,nb_indemnes,nb_tues,nb_blesses_hosp,nb_blesses_legers,age_cond_1,age_cond_2,veh_type_cond_1,veh_type_cond_2,lum_code,agg_code,int_code,atm_code,col_code
201200033232,0012-11-03 14:50:00,12,11,3,14,50,590,606,"0, DELSAUX (RUE)",,,Plein jour,En agglomération,Intersection en X,Normale,Deux véhicules - côté,,,,,,,,,,,1,2,2,1.0,3
201200033233,0012-10-26 19:15:00,12,10,26,19,15,590,606,"51, PARIS (RUE DU FAUBOU",,,Nuit avec éclairage allumé,En agglomération,Hors intersection,Temps couvert,Autre collision,,,,,,,,,,,5,2,1,8.0,6
201200033234,0012-11-14 07:55:00,12,11,14,7,55,590,491,DURRE (RUE HENRI),,,Crépuscule ou aube,En agglomération,Intersection en T,Brouillard / fumée,Deux véhicules - côté,,,,,,,,,,,2,2,3,5.0,3
201200033235,0012-12-01 19:50:00,12,12,1,19,50,590,606,"00, VILLARS (AVENUE)",,,Nuit avec éclairage allumé,En agglomération,Hors intersection,Normale,Autre collision,,,,,,,,,,,5,2,1,1.0,6
201200033236,0012-11-27 18:20:00,12,11,27,18,20,590,603,"00, EGALITE (RUE DE L')",,,Nuit avec éclairage allumé,En agglomération,Intersection en X,Normale,Deux véhicules - côté,,,,,,,,,,,5,2,2,1.0,3
201200033237,0012-12-03 18:50:00,12,12,3,18,50,590,603,"198, DELORY (RUE GUSTAVE",,,Nuit avec éclairage allumé,En agglomération,Hors intersection,Pluie légère,Autre collision,,,,,,,,,,,5,2,1,2.0,6
201200033238,0012-12-01 19:45:00,12,12,1,19,45,590,606,"00, HARPIGNIES (BOULEVAR",,,Nuit avec éclairage allumé,En agglomération,Hors intersection,Pluie légère,Autre collision,,,,,,,,,,,5,2,1,2.0,6
201200033239,0012-11-13 08:15:00,12,11,13,8,15,590,79,"46, ZOLA (RUE EMILE)",,,Plein jour,En agglomération,Hors intersection,Normale,Autre collision,,,,,,,,,,,1,2,1,1.0,6
201200033240,0012-12-14 08:35:00,12,12,14,8,35,590,557,"00, RN 49",,,Plein jour,Hors agglomération,Hors intersection,Normale,Trois véhicules et plus - collisions multiples,,,,,,,,,,,1,1,1,1.0,5
201200033241,0012-01-18 17:40:00,12,1,18,17,40,600,57,"43, AMIENS (RUE D') AVAN",,,Nuit avec éclairage allumé,En agglomération,Intersection en X,Pluie légère,Autre collision,,,,,,,,,,,5,2,2,2.0,6
201200033242,0012-04-16 23:05:00,12,4,16,23,5,600,57,avenue kennedy,,,Nuit avec éclairage allumé,En agglomération,Hors intersection,Normale,Trois véhicules et plus - collisions multiples,,,,,,,,,,,5,2,1,1.0,5
201200033243,0012-05-22 09:50:00,12,5,22,9,50,600,57,"99, CALAIS (RUE DE)",,,Plein jour,En agglomération,Intersection en T,Normale,Deux véhicules - côté,,,,,,,,,,,1,2,3,1.0,3
201200033244,0012-06-23 19:00:00,12,6,23,19,0,600,57,NIVERNAIS (RUE),,,Plein jour,En agglomération,Hors intersection,Normale,Deux véhicules - côté,,,,,,,,,,,1,2,1,1.0,3
201200033245,0012-08-03 17:40:00,12,8,3,17,40,600,57,"3, PAUL HENRI SPAAK (RUE",,,Plein jour,En agglomération,Hors intersection,Temps couvert,Deux véhicules - côté,,,,,,,,,,,1,2,1,8.0,3
201200033246,0012-09-06 10:05:00,12,9,6,10,5,600,57,"36, SALVADOR ALLENDE (AV",,,Plein jour,En agglomération,Autre intersection,Normale,Deux véhicules - côté,,,,,,,,,,,1,2,9,1.0,3
201200033247,0012-10-31 13:40:00,12,10,31,13,40,600,57,ROUEN (ROUTE DE),,,Plein jour,Hors agglomération,Intersection en X,Normale,Deux véhicules - côté,,,,,,,,,,,1,1,2,1.0,3
201200033248,0012-11-07 11:30:00,12,11,7,11,30,600,57,ALLENDE SALVADOR (AVENUE,,,Plein jour,En agglomération,Hors intersection,Normale,Autre collision,,,,,,,,,,,1,2,1,1.0,6
201200033249,0012-12-13 08:10:00,12,12,13,8,10,600,57,"51, SAINT ANDRE (BOULEVA",,,Crépuscule ou aube,En agglomération,Hors intersection,Temps couvert,Autre collision,,,,,,,,,,,2,2,1,8.0,6
201200033250,0012-12-22 15:25:00,12,12,22,15,25,600,57,ROUTE DE CREVECOEUR,,,Plein jour,Hors agglomération,Hors intersection,Pluie légère,Deux véhicules - côté,,,,,,,,,,,1,1,1,2.0,3
201200033251,0012-11-30 17:10:00,12,11,30,17,10,600,57,"36, SALVATOR ALLENDE (AV",,,Crépuscule ou aube,En agglomération,Hors intersection,Normale,Autre collision,,,,,,,,,,,2,2,1,1.0,6
201200033252,0012-02-14 09:55:00,12,2,14,9,55,600,159,"01, LEGENDRE (JEAN)",,,Plein jour,En agglomération,Hors intersection,Pluie légère,Autre collision,,,,,,,,,,,1,2,1,2.0,6
201200033253,0012-02-14 17:20:00,12,2,14,17,20,600,159,"136, ETATS-UNIS (BOULEVA",,,Plein jour,En agglomération,Hors intersection,Normale,Autre collision,,,,,,,,,,,1,2,1,1.0,6
201200033254,0012-02-21 06:40:00,12,2,21,6,40,600,665,LECLERC,,,Nuit avec éclairage allumé,Hors agglomération,Intersection en T,Normale,Deux véhicules - côté,,,,,,,,,,,5,1,3,1.0,3
201200033255,0012-02-23 15:35:00,12,2,23,15,35,600,159,D 973,,,Plein jour,Hors agglomération,Hors intersection,Pluie légère,Deux véhicules - frontale,,,,,,,,,,,1,1,1,2.0,1
201200033256,0012-04-10 11:55:00,12,4,10,11,55,600,159,"92, BATAILLON DE FRANCE",,,Plein jour,En agglomération,Hors intersection,Pluie légère,Deux véhicules - côté,,,,,,,,,,,1,2,1,2.0,3
201200033257,0012-04-30 16:20:00,12,4,30,16,20,600,159,RD 332,,,Plein jour,Hors agglomération,Hors intersection,Normale,Deux véhicules - frontale,,,,,,,,,,,1,1,1,1.0,1
201200033258,0012-05-24 20:05:00,12,5,24,20,5,600,159,"1, LYAUTEY (SQ. DU MAREC",,,Plein jour,En agglomération,Autre intersection,Normale,Autre collision,,,,,,,,,,,1,2,9,1.0,6
201200033259,0012-05-29 16:55:00,12,5,29,16,55,600,159,CARNOT,,,Plein jour,En agglomération,Intersection en T,Normale,Deux véhicules - côté,,,,,,,,,,,1,2,3,1.0,3
201200033260,0012-06-17 17:35:00,12,6,17,17,35,600,159,"01, FRANCE (PASS. ANATOL",,,Plein jour,En agglomération,Hors intersection,Normale,Autre collision,,,,,,,,,,,1,2,1,1.0,6
201200033261,0012-06-23 07:30:00,12,6,23,7,30,600,382,"329, REPUBLIQUE (DE LA)",,,Crépuscule ou aube,En agglomération,Hors intersection,Normale,Deux véhicules - frontale,,,,,,,,,,,2,2,1,1.0,1
201200033262,0012-07-02 06:50:00,12,7,2,6,50,600,665,"200, MELLENNE (A.)",,,Plein jour,En agglomération,Hors intersection,Normale,Deux véhicules - côté,,,,,,,,,,,1,2,1,1.0,3
201200033263,0012-07-02 08:25:00,12,7,2,8,25,600,382,"66 bis, BUTIN (AV. OCTAV",,,Plein jour,En agglomération,Hors intersection,Normale,Autre collision,,,,,,,,,,,1,2,1,1.0,6
201200033264,0012-07-29 14:40:00,12,7,29,14,40,600,159,CALMETTE (DU DOCTEUR ALB,,,Plein jour,En agglomération,Intersection en T,Normale,Deux véhicules - côté,,,,,,,,,,,1,2,3,1.0,3
201200033265,0012-08-05 07:40:00,12,8,5,7,40,600,159,Route Nationale 31,,,Plein jour,Hors agglomération,Hors intersection,Normale,Deux véhicules - frontale,,,,,,,,,,,1,1,1,1.0,1
201200033266,0012-08-18 18:00:00,12,8,18,18,0,600,159,ROTSCHILD (JAMES),,,Plein jour,En agglomération,Hors intersection,Normale,Autre collision,,,,,,,,,,,1,2,1,1.0,6
201200033267,0012-09-05 07:55:00,12,9,5,7,55,600,382,"619, REPUBLIQUE (DE LA)",,,Plein jour,En agglomération,Hors intersection,Normale,Sans collision,,,,,,,,,,,1,2,1,1.0,7
201200033268,0012-09-06 10:25:00,12,9,6,10,25,600,159,"138, PARIS (DE)",,,Plein jour,En agglomération,Hors intersection,Normale,Autre collision,,,,,,,,,,,1,2,1,1.0,6
201200033269,0012-09-28 18:35:00,12,9,28,18,35,600,382,"1053, POINCARE (AV. RAYM",,,Plein jour,En agglomération,Intersection en T,Normale,Deux véhicules - côté,,,,,,,,,,,1,2,3,1.0,3
201200033270,0012-09-29 11:30:00,12,9,29,11,30,600,382,"142, BUTIN (AV. OCTAVE)",,,Plein jour,En agglomération,Hors intersection,Normale,Autre collision,,,,,,,,,,,1,2,1,1.0,6
201200033271,0012-10-04 07:40:00,12,10,4,7,40,600,159,"13, HUY (AV. DE)",,,Plein jour,En agglomération,Hors intersection,Pluie légère,Autre collision,,,,,,,,,,,1,2,1,2.0,6
201200033272,0012-10-04 08:10:00,12,10,4,8,10,600,159,"36, SENLIS (DE)",,,Plein jour,En agglomération,Hors intersection,Pluie forte,Autre collision,,,,,,,,,,,1,2,1,3.0,6
201200033273,0012-10-15 12:50:00,12,10,15,12,50,600,159,LYAUTEY (SQ. DU MARECHAL,,,Plein jour,En agglomération,Hors intersection,Temps couvert,Autre collision,,,,,,,,,,,1,2,1,8.0,6
201200033274,0012-10-20 18:05:00,12,10,20,18,5,600,159,"22, ROYALLIEU (AV. DE)",,,Crépuscule ou aube,Hors agglomération,Hors intersection,Temps couvert,Deux véhicules - côté,,,,,,,,,,,2,1,1,8.0,3
201200033275,0012-11-13 10:10:00,12,11,13,10,10,600,159,"7 bis, LIBERATION (AV. D",,,Plein jour,En agglomération,Intersection en T,Temps couvert,Autre collision,,,,,,,,,,,1,2,3,8.0,6
201200033276,0012-11-23 13:25:00,12,11,23,13,25,600,382,"74, DE GAULLE (PLACE DU",,,Plein jour,En agglomération,Hors intersection,Pluie légère,Autre collision,,,,,,,,,,,1,2,1,2.0,6
201200033277,0012-11-29 14:10:00,12,11,29,14,10,600,159,RD 332,,,Plein jour,Hors agglomération,Hors intersection,Normale,Deux véhicules - côté,,,,,,,,,,,1,1,1,1.0,3
201200033278,0012-12-03 08:55:00,12,12,3,8,55,600,159,"09, CAPUCINS (DES)",,,Plein jour,En agglomération,Intersection en T,Pluie légère,Autre collision,,,,,,,,,,,1,2,3,2.0,6
201200033279,0012-01-16 13:30:00,12,1,16,13,30,600,601,"1, ACACIAS (RUE DES)",,,Plein jour,En agglomération,Hors intersection,Normale,Autre collision,,,,,,,,,,,1,2,1,1.0,6
201200033280,0012-01-24 07:50:00,12,1,24,7,50,600,601,BLERIOT (RUE),,,Crépuscule ou aube,En agglomération,Intersection en T,Pluie légère,Autre collision,,,,,,,,,,,2,2,3,2.0,6
201200033281,0012-01-24 19:05:00,12,1,24,19,5,600,601,RD 201_ROND POINT P.BLAN,,,Nuit sans éclairage public,Hors agglomération,Giratoire,Pluie légère,Trois véhicules et plus - en chaîne,,,,,,,,,,,3,1,6,2.0,4
201200033282,0012-02-02 19:10:00,12,2,2,19,10,600,601,"16, PASCAL (RUE BLAISE)",,,Nuit avec éclairage non allumé,En agglomération,Hors intersection,Normale,Autre collision,,,,,,,,,,,4,2,1,1.0,6
201200033283,0012-02-20 18:15:00,12,2,20,18,15,600,601,D1016_PONT ZONE DE VAUX_,,,Nuit avec éclairage non allumé,En agglomération,Hors intersection,Normale,Autre collision,,,,,,,,,,,4,2,1,1.0,6
201200033284,0012-02-10 15:55:00,12,2,10,15,55,600,601,BERGSON (RUE HENRI),,,Plein jour,En agglomération,Hors intersection,Normale,Autre collision,,,,,,,,,,,1,2,1,1.0,6
201200033285,0012-02-19 16:25:00,12,2,19,16,25,600,463,SAINT-EXUPERY (RUE DE,,,Plein jour,En agglomération,Hors intersection,Normale,Deux véhicules - côté,,,,,,,,,,,1,2,1,1.0,3
201200033286,0012-02-23 07:50:00,12,2,23,7,50,600,601,AV HALATTE,,,Plein jour,Hors agglomération,Hors intersection,Pluie légère,Deux véhicules - frontale,,,,,,,,,,,1,1,1,2.0,1
201200033287,0012-03-07 16:20:00,12,3,7,16,20,600,601,RD 201,,,Plein jour,Hors agglomération,Hors intersection,Pluie forte,Deux véhicules - frontale,,,,,,,,,,,1,1,1,3.0,1
201200033288,0012-04-12 14:46:00,12,4,12,14,46,600,601,"0, RN 330 - RD 201",,,Plein jour,Hors agglomération,Autre intersection,Normale,Sans collision,,,,,,,,,,,1,1,9,1.0,7
201200033289,0012-04-26 16:20:00,12,4,26,16,20,600,463,"0, LA FONTAINE (RUE JEAN",,,Plein jour,En agglomération,Intersection en Y,Normale,Deux véhicules - frontale,,,,,,,,,,,1,2,4,1.0,1
201200033290,0012-05-05 14:50:00,12,5,5,14,50,600,463,SIEGFRIED (RUE),,,Plein jour,En agglomération,Hors intersection,Normale,Autre collision,,,,,,,,,,,1,2,1,1.0,6
201200033291,0012-05-15 18:00:00,12,5,15,18,0,600,684,"1, JOLIOT CURIE (RUE FRE",,,Plein jour,En agglomération,Hors intersection,Pluie légère,Autre collision,,,,,,,,,,,1,2,1,2.0,6
201200033292,0012-05-16 12:35:00,12,5,16,12,35,600,601,"1, GAMBETTA (RUE)",,,Plein jour,En agglomération,Hors intersection,Normale,Autre collision,,,,,,,,,,,1,2,1,1.0,6
201200033293,0012-05-18 12:30:00,12,5,18,12,30,600,463,"1, DENEUX (RUE MARCEL)",,,Plein jour,En agglomération,Intersection en T,Normale,Deux véhicules - côté,,,,,,,,,,,1,2,3,1.0,3
201200033294,0012-05-22 13:50:00,12,5,22,13,50,600,601,"44, TUMERELLES (RUE)",,,Plein jour,En agglomération,Hors intersection,Normale,Sans collision,,,,,,,,,,,1,2,1,1.0,7
201200033295,0012-05-25 08:48:00,12,5,25,8,48,600,601,REPUBLIQUE (RUE DE LA),,,Plein jour,En agglomération,Hors intersection,Normale,Autre collision,,,,,,,,,,,1,2,1,1.0,6
201200033296,0012-05-27 19:45:00,12,5,27,19,45,600,463,"cd 200, DENEUX (RUE MARC",,,Plein jour,Hors agglomération,Intersection en X,Normale,Deux véhicules - côté,,,,,,,,,,,1,1,2,1.0,3
201200033297,0012-06-01 19:40:00,12,6,1,19,40,600,601,"25, CURIE (RUE MARIE ET",,,Plein jour,En agglomération,Hors intersection,Normale,Autre collision,,,,,,,,,,,1,2,1,1.0,6
201200033298,0012-07-03 18:40:00,12,7,3,18,40,600,601,"0, DE VINCI (AVENUE LEON",,,Plein jour,En agglomération,Intersection en X,Normale,Deux véhicules - côté,,,,,,,,,,,1,2,2,1.0,3
201200033299,0012-07-07 15:40:00,12,7,7,15,40,600,601,"1, PUVIS DE CHAVANNE (AV",,,Plein jour,En agglomération,Intersection en X,Normale,Deux véhicules - côté,,,,,,,,,,,1,2,2,1.0,3
201200033300,0012-07-06 08:15:00,12,7,6,8,15,600,463,RN 16 FACE AUCHAN,,,Plein jour,Hors agglomération,Hors intersection,Normale,Deux véhicules - côté,,,,,,,,,,,1,1,1,1.0,3
201200033301,0012-07-20 16:30:00,12,7,20,16,30,600,601,"0, CANNEVILLE (RUE DE)",,,Plein jour,En agglomération,Intersection en T,Normale,Deux véhicules - frontale,,,,,,,,,,,1,2,3,1.0,1
201200033302,0012-07-20 18:15:00,12,7,20,18,15,600,601,RN 330 ROND POINT BA 110,,,Plein jour,Hors agglomération,Hors intersection,Normale,Deux véhicules - arrière,,,,,,,,,,,1,1,1,1.0,2
201200033303,0012-08-20 19:35:00,12,8,20,19,35,600,601,RN 16_PONT ZONE DE VAUX_,,,Plein jour,Hors agglomération,Hors intersection,Normale,Autre collision,,,,,,,,,,,1,1,1,1.0,6
201200033304,0012-09-24 18:20:00,12,9,24,18,20,600,601,CARPEAUX (RUE JEAN-BAPTI,,,Plein jour,En agglomération,Hors intersection,Normale,Autre collision,,,,,,,,,,,1,2,1,1.0,6
201200033305,0012-10-03 07:30:00,12,10,3,7,30,600,463,"1, TUILERIE (ALLEE DE LA",,,Crépuscule ou aube,En agglomération,Hors intersection,Normale,Autre collision,,,,,,,,,,,2,2,1,1.0,6
201200033306,0012-10-13 16:05:00,12,10,13,16,5,600,463,"1, RD200 RN16",,,Plein jour,Hors agglomération,Hors intersection,Temps couvert,Deux véhicules - côté,,,,,,,,,,,1,1,1,8.0,3
201200033307,0012-10-16 13:35:00,12,10,16,13,35,600,601,"20, AURIOL (RUE VINCENT)",,,Plein jour,En agglomération,Hors intersection,Normale,Autre collision,,,,,,,,,,,1,2,1,1.0,6
201200033308,0012-11-11 05:20:00,12,11,11,5,20,600,175,,,,Nuit sans éclairage public,Hors agglomération,Hors intersection,Normale,Autre collision,,,,,,,,,,,3,1,1,1.0,6
201200033309,0012-11-22 07:30:00,12,11,22,7,30,600,463,SAINT-EXUPERY (RUE DE)_N,,,Nuit avec éclairage allumé,En agglomération,Hors intersection,Normale,Autre collision,,,,,,,,,,,5,2,1,1.0,6
201200033310,0012-12-08 10:45:00,12,12,8,10,45,600,601,"1, PUVIS DE CHAVANNE (AV",,,Plein jour,En agglomération,Intersection en X,Temps couvert,Deux véhicules - côté,,,,,,,,,,,1,2,2,8.0,3
201200033311,0012-01-04 18:00:00,12,1,4,18,0,610,1,"1, AVENUE DE COURTEILLE",,,Nuit avec éclairage allumé,En agglomération,Intersection en X,Pluie légère,Deux véhicules - côté,,,,,,,,,,,5,2,2,2.0,3
201200033312,0012-01-22 19:00:00,12,1,22,19,0,610,1,BD KOUTIALA X VILLENEUVE,,,Nuit avec éclairage allumé,En agglomération,Intersection en X,Normale,Deux véhicules - côté,,,,,,,,,,,5,2,2,1.0,3
201200033313,0012-03-01 17:55:00,12,3,1,17,55,610,397,CARREFOUR MARKET,,,Crépuscule ou aube,En agglomération,Autre intersection,Normale,Deux véhicules - côté,,,,,,,,,,,2,2,9,1.0,3
201200033314,0012-03-03 20:05:00,12,3,3,20,5,610,1,"30, RUE DE BRETAGNE",,,Nuit avec éclairage allumé,En agglomération,Hors intersection,Pluie légère,Sans collision,,,,,,,,,,,5,2,1,2.0,7
201200033315,0012-03-07 17:35:00,12,3,7,17,35,610,117,,,,Crépuscule ou aube,Hors agglomération,Intersection en T,Normale,Deux véhicules - côté,,,,,,,,,,,2,1,3,1.0,3
201200033316,0012-03-07 08:20:00,12,3,7,8,20,610,1,"118, RUE DE GUERAME",,,Plein jour,En agglomération,Hors intersection,Normale,Sans collision,,,,,,,,,,,1,2,1,1.0,7
201200033317,0012-04-01 17:30:00,12,4,1,17,30,610,1,PHILIPPE LEBON (RUE),,,Plein jour,En agglomération,Hors intersection,Normale,Deux véhicules - côté,,,,,,,,,,,1,2,1,1.0,3
201200033318,0012-04-03 16:30:00,12,4,3,16,30,610,1,"49, PIERRE MARIE CURIE",,,Plein jour,En agglomération,Hors intersection,Normale,Autre collision,,,,,,,,,,,1,2,1,1.0,6
201200033319,0012-04-04 22:10:00,12,4,4,22,10,610,1,RUE DE FRESNAY,,,Nuit avec éclairage allumé,En agglomération,Intersection en T,Normale,Deux véhicules - côté,,,,,,,,,,,5,2,3,1.0,3
201200033320,0012-04-17 12:00:00,12,4,17,12,0,610,1,"174, AVENUE QUAKENBRUCK",,,Plein jour,En agglomération,Intersection en T,Pluie forte,Deux véhicules - côté,,,,,,,,,,,1,2,3,3.0,3
201200033321,0012-04-25 17:55:00,12,4,25,17,55,610,1,"4, RUE DU JEUDI",,,Plein jour,En agglomération,Hors intersection,Pluie légère,Autre collision,,,,,,,,,,,1,2,1,2.0,6
201200033322,0012-06-08 17:20:00,12,6,8,17,20,610,1,RUE MATIGNON,,,Plein jour,En agglomération,Hors intersection,Normale,Autre collision,,,,,,,,,,,1,2,1,1.0,6
201200033323,0012-07-03 11:35:00,12,7,3,11,35,610,497,RD 438,,,Plein jour,Hors agglomération,Hors intersection,Normale,Deux véhicules - côté,,,,,,,,,,,1,1,1,1.0,3
201200033324,0012-07-13 06:55:00,12,7,13,6,55,610,1,DEMI LUNE (RUE DE LA),,,Plein jour,En agglomération,Intersection en X,Normale,Autre collision,,,,,,,,,,,1,2,2,1.0,6
201200033325,0012-07-28 19:00:00,12,7,28,19,0,610,1,"1, QUAKENBRUCK (AVENUE D",,,Plein jour,Hors agglomération,Intersection en T,Normale,Autre collision,,,,,,,,,,,1,1,3,1.0,6
201200033326,0012-07-31 12:10:00,12,7,31,12,10,610,1,"9, GENERAL BONET (PLACE",,,Plein jour,Hors agglomération,Hors intersection,Normale,Autre collision,,,,,,,,,,,1,1,1,1.0,6
201200033327,0012-08-09 21:30:00,12,8,9,21,30,610,1,"1, CLAUDE BERNARD (RUE )",,,Nuit avec éclairage allumé,Hors agglomération,Intersection en X,Normale,Deux véhicules - côté,,,,,,,,,,,5,1,2,1.0,3
201200033328,0012-08-20 23:30:00,12,8,20,23,30,610,1,D'ECHAUFFOUR (RUE),,,Nuit avec éclairage allumé,Hors agglomération,Intersection en T,Normale,Deux véhicules - côté,,,,,,,,,,,5,1,3,1.0,3
201200033329,0012-09-01 10:10:00,12,9,1,10,10,610,497,RD 438,,,Plein jour,Hors agglomération,Hors intersection,Normale,Autre collision,,,,,,,,,,,1,1,1,1.0,6
201200033330,0012-09-18 13:50:00,12,9,18,13,50,610,143,"27, PONT DU FRESNE (RUE",,,Plein jour,Hors agglomération,Hors intersection,Normale,Autre collision,,,,,,,,,,,1,1,1,1.0,6
201200033331,0012-05-16 08:45:00,12,5,16,8,45,610,1,RUE DEMEES,,,Plein jour,En agglomération,Giratoire,Normale,Autre collision,,,,,,,,,,,1,2,6,1.0,6
201200033332,0012-12-11 17:00:00,12,12,11,17,0,610,117,112,,,Crépuscule ou aube,Hors agglomération,Hors intersection,Normale,Trois véhicules et plus - collisions multiples,,,,,,,,,,,2,1,1,1.0,5
201200033333,0012-12-15 19:00:00,12,12,15,19,0,610,1,STRASBOURG (BOULEVARD DE,,,Nuit avec éclairage allumé,Hors agglomération,Intersection en X,Pluie légère,Deux véhicules - côté,,,,,,,,,,,5,1,2,2.0,3
201200033334,0012-03-03 15:15:00,12,3,3,15,15,610,6,"1, RUE DE CHAMPAGNE",,,Plein jour,En agglomération,Hors intersection,Pluie légère,Autre collision,,,,,,,,,,,1,2,1,2.0,6
201200033335,0012-04-29 10:30:00,12,4,29,10,30,610,6,AV PARIS X RUE FILLATRE,,,Plein jour,En agglomération,Intersection en T,Pluie légère,Deux véhicules - côté,,,,,,,,,,,1,2,3,2.0,3
201200033336,0012-04-29 19:20:00,12,4,29,19,20,610,6,FOCH X JEAN MERMOZ,,,Plein jour,En agglomération,Intersection en X,Temps couvert,Deux véhicules - côté,,,,,,,,,,,1,2,2,8.0,3
201200033337,0012-07-19 14:00:00,12,7,19,14,0,610,6,FORET NORMANDE (AVENUE D,,,Plein jour,En agglomération,Giratoire,Normale,Deux véhicules - arrière,,,,,,,,,,,1,2,6,1.0,2
201200033338,0012-08-02 05:20:00,12,8,2,5,20,610,6,ROCADE (DU ROND POINT CH,,,Nuit sans éclairage public,Hors agglomération,Giratoire,Temps couvert,Sans collision,,,,,,,,,,,3,1,6,8.0,7
201200033339,0012-10-05 08:40:00,12,10,5,8,40,610,6,"aucun, EXPANSION (BOULEV",,,Plein jour,En agglomération,Intersection en T,Temps éblouissant,Deux véhicules - arrière,,,,,,,,,,,1,2,3,7.0,2
201200033340,0012-10-18 09:05:00,12,10,18,9,5,610,6,"17, INDUSTRIE (AVENUE DE",,,Plein jour,En agglomération,Hors intersection,Normale,Deux véhicules - côté,,,,,,,,,,,1,2,1,1.0,3
201200033341,0012-01-03 14:00:00,12,1,3,14,0,610,169,LES LANDES,,,Plein jour,Hors agglomération,Hors intersection,Pluie forte,Deux véhicules - frontale,,,,,,,,,,,1,1,1,3.0,1
201200033342,0012-01-01 03:00:00,12,1,1,3,0,610,169,"46, RUE DE LA GARE",,,Nuit avec éclairage allumé,En agglomération,Hors intersection,Pluie forte,Deux véhicules - côté,,,,,,,,,,,5,2,1,3.0,3
201200033343,0012-01-08 18:35:00,12,1,8,18,35,610,169,RUE DU CHAMP DE FOIRE,,,Nuit avec éclairage allumé,En agglomération,Intersection en X,Normale,Deux véhicules - côté,,,,,,,,,,,5,2,2,1.0,3
201200033344,0012-02-28 21:00:00,12,2,28,21,0,610,391,LA BOURDONNIERE (LIEU-DI,,,Nuit avec éclairage allumé,Hors agglomération,Hors intersection,Normale,Deux véhicules - frontale,,,,,,,,,,,5,1,1,1.0,1
201200033345,0012-06-24 00:20:00,12,6,24,0,20,610,169,61 RUE MONT SAINT MICHEL,,,Nuit avec éclairage allumé,En agglomération,Giratoire,Normale,Sans collision,,,,,,,,,,,5,2,6,1.0,7
201200033346,0012-07-20 11:05:00,12,7,20,11,5,610,169,"167, DOMFRONT (RUE DE)",,,Plein jour,En agglomération,Hors intersection,Normale,Deux véhicules - côté,,,,,,,,,,,1,2,1,1.0,3
201200033347,0012-08-08 10:13:00,12,8,8,10,13,610,169,"19, MONT SAINT MICHEL (R",,,Plein jour,En agglomération,Hors intersection,Normale,Deux véhicules - arrière,,,,,,,,,,,1,2,1,1.0,2
201200033348,0012-09-20 09:25:00,12,9,20,9,25,610,466,LE CARREFOUR PARIS (LIEU,,,Plein jour,Hors agglomération,Hors intersection,Normale,Deux véhicules - côté,,,,,,,,,,,1,1,1,1.0,3
201200033349,0012-09-26 14:00:00,12,9,26,14,0,610,391,"8, FLERS (RUE DE)",,,Plein jour,En agglomération,Hors intersection,Pluie forte,Autre collision,,,,,,,,,,,1,2,1,3.0,6
201200033350,0012-09-26 18:05:00,12,9,26,18,5,610,391,HENRI VENIARD (RUE),,,Plein jour,En agglomération,Intersection en T,Pluie légère,Deux véhicules - côté,,,,,,,,,,,1,2,3,2.0,3
201200033351,0012-10-28 19:45:00,12,10,28,19,45,610,169,"200, CHAUSSEE (RUE DE LA",,,Nuit avec éclairage allumé,En agglomération,Hors intersection,Normale,Sans collision,,,,,,,,,,,5,2,1,1.0,7
201200033352,0012-11-04 02:40:00,12,11,4,2,40,610,391,"7, ANDRE LETARD (RUE)",,,Nuit avec éclairage non allumé,Hors agglomération,Hors intersection,Pluie légère,Deux véhicules - côté,,,,,,,,,,,4,1,1,2.0,3
201200033353,0012-11-16 14:20:00,12,11,16,14,20,610,169,"1, GENERAL LECLERC (PLAC",,,Plein jour,En agglomération,Hors intersection,Normale,Sans collision,,,,,,,,,,,1,2,1,1.0,7
201200033354,0012-12-19 14:30:00,12,12,19,14,30,610,169,"108, MESSEI (RUE DE)",,,Plein jour,En agglomération,Hors intersection,Pluie légère,Deux véhicules - arrière,,,,,,,,,,,1,2,1,2.0,2
201200033355,0012-12-21 11:25:00,12,12,21,11,25,620,764,RD 950,,,Plein jour,Hors agglomération,Hors intersection,Normale,Autre collision,,,,,,,,,,,1,1,1,1.0,6
201200033356,0012-01-27 09:55:00,12,1,27,9,55,620,41,D 266 AVENUE WINSTON CHU,,,Plein jour,En agglomération,Giratoire,Normale,Deux véhicules - côté,,,,,,,,,,,1,2,6,1.0,3
201200033357,0012-02-20 07:15:00,12,2,20,7,15,620,41,HALLE ( ADAM DE LA),,,Crépuscule ou aube,En agglomération,Intersection en T,Normale,Deux véhicules - côté,,,,,,,,,,,2,2,3,1.0,3
201200033358,0012-12-19 18:00:00,12,12,19,18,0,620,41,CHARDONNERETS,,,Plein jour,En agglomération,Intersection en X,Normale,Deux véhicules - côté,,,,,,,,,,,1,2,2,1.0,3
201200033359,0012-04-13 11:00:00,12,4,13,11,0,620,13,Buisson ( Rue Ferdinand,,,Plein jour,En agglomération,Giratoire,Normale,Sans collision,,,,,,,,,,,1,2,6,1.0,7
201200033360,0012-05-13 04:50:00,12,5,13,4,50,620,753,RD 950,,,Nuit avec éclairage non allumé,Hors agglomération,Hors intersection,Normale,Sans collision,,,,,,,,,,,4,1,1,1.0,7
201200033361,0012-05-29 18:40:00,12,5,29,18,40,620,41,"1, VAN GOGH",,,Plein jour,En agglomération,Hors intersection,Normale,Sans collision,,,,,,,,,,,1,2,1,1.0,7
201200033362,0012-06-22 01:00:00,12,6,22,1,0,620,41,HEROS ( PLACE DES ),,,Nuit avec éclairage allumé,En agglomération,Hors intersection,Normale,Sans collision,,,,,,,,,,,5,2,1,1.0,7