accident_id,datetime,annee,mois,jour,heure,minute,departement,commune_insee,adresse,latitude,longitude,luminosite,agglomeration,intersection,meteo,collision,nb_vehicules,nb_usagers,nb_indemnes,nb_tues,nb_blesses_hosp,nb_blesses_legers,age_cond_1,age_cond_2,veh_type_cond_1,veh_type_cond_2,lum_code,agg_code,int_code,atm_code,col_code
201200034382,0012-02-24 18:05:00,12,2,24,18,5,640,102,"., JUPITER (GIRATOIRE)",,,Plein jour,En agglomération,Giratoire,Normale,Sans collision,,,,,,,,,,,1,2,6,1.0,7
201200034383,0012-02-27 18:10:00,12,2,27,18,10,640,102,RUE DES LACHEPAILLET,,,Plein jour,En agglomération,Hors intersection,Normale,Deux véhicules - frontale,,,,,,,,,,,1,2,1,1.0,1
201200034384,0012-02-27 18:55:00,12,2,27,18,55,640,24,177 PROM DE LA  BARRE,,,Crépuscule ou aube,En agglomération,Hors intersection,Normale,Deux véhicules - arrière,,,,,,,,,,,2,2,1,1.0,2
201200034385,0012-02-28 19:27:00,12,2,28,19,27,640,102,"., HAYET (CHEMIN DE)",,,Nuit avec éclairage allumé,En agglomération,Hors intersection,Normale,Autre collision,,,,,,,,,,,5,2,1,1.0,6
201200034386,0012-02-29 15:55:00,12,2,29,15,55,640,102,AV DU CAPT RESPLANDY,,,Plein jour,En agglomération,Giratoire,Normale,Deux véhicules - arrière,,,,,,,,,,,1,2,6,1.0,2
201200034387,0012-03-02 15:40:00,12,3,2,15,40,640,102,AV DOCTEUR DELAY,,,Plein jour,En agglomération,Hors intersection,Normale,Deux véhicules - côté,,,,,,,,,,,1,2,1,1.0,3
201200034388,0012-03-02 18:34:00,12,3,2,18,34,640,24,AV DES GOELANDS,,,Plein jour,En agglomération,Hors intersection,Normale,Deux véhicules - côté,,,,,,,,,,,1,2,1,1.0,3
201200034389,0012-03-03 16:10:00,12,3,3,16,10,640,102,GIRATOIRE DE MAIGNON,,,Plein jour,En agglomération,Hors intersection,Normale,Deux véhicules - côté,,,,,,,,,,,1,2,1,1.0,3
201200034390,0012-03-06 07:15:00,12,3,6,7,15,640,102,"., NAVARRE (AVENUE HENRI",,,Crépuscule ou aube,En agglomération,Intersection en X,Pluie légère,Deux véhicules - arrière,,,,,,,,,,,2,2,2,2.0,2
201200034391,0012-03-09 21:25:00,12,3,9,21,25,640,24,"., MONTBRUN (AVENUE DE)",,,Nuit avec éclairage allumé,En agglomération,Intersection en X,Normale,Autre collision,,,,,,,,,,,5,2,2,1.0,6
201200034392,0012-03-13 19:30:00,12,3,13,19,30,640,24,65 AV DE BIARRITZ,,,Nuit avec éclairage allumé,En agglomération,Hors intersection,Normale,Trois véhicules et plus - collisions multiples,,,,,,,,,,,5,2,1,1.0,5
201200034393,0012-03-16 12:12:00,12,3,16,12,12,640,24,ROUTE DE BAHINOS,,,Plein jour,En agglomération,Hors intersection,Normale,Deux véhicules - côté,,,,,,,,,,,1,2,1,1.0,3
201200034394,0012-03-23 09:30:00,12,3,23,9,30,640,24,45 AV DE BAYONNE,,,Plein jour,En agglomération,Intersection en T,Normale,Autre collision,,,,,,,,,,,1,2,3,1.0,6
201200034395,0012-03-25 21:20:00,12,3,25,21,20,640,102,5 AV DU 14 AVRIL,,,Nuit avec éclairage allumé,En agglomération,Hors intersection,Normale,Sans collision,,,,,,,,,,,5,2,1,1.0,7
201200034396,0012-03-29 12:00:00,12,3,29,12,0,640,24,ROUTE DE MAIGNON,,,Plein jour,En agglomération,Hors intersection,Normale,Deux véhicules - arrière,,,,,,,,,,,1,2,1,1.0,2
201200034397,0012-03-30 21:10:00,12,3,30,21,10,640,24,RUE DE HARDOY,,,Nuit avec éclairage allumé,En agglomération,Intersection en X,Normale,Deux véhicules - côté,,,,,,,,,,,5,2,2,1.0,3
201200034398,0012-04-05 08:45:00,12,4,5,8,45,640,24,RUE JEAN MOULIN,,,Plein jour,En agglomération,Hors intersection,Pluie légère,Autre collision,,,,,,,,,,,1,2,1,2.0,6
201200034399,0012-04-06 09:06:00,12,4,6,9,6,640,102,AV LOUIS DE FOIX,,,Plein jour,En agglomération,Intersection en X,Pluie légère,Deux véhicules - côté,,,,,,,,,,,1,2,2,2.0,3
201200034400,0012-04-07 20:40:00,12,4,7,20,40,640,24,37 RUE DES 4 CANTONS,,,Plein jour,En agglomération,Hors intersection,Normale,Autre collision,,,,,,,,,,,1,2,1,1.0,6
201200034401,0012-04-10 12:30:00,12,4,10,12,30,640,24,163 AV DE MONTBRUN,,,Plein jour,En agglomération,Hors intersection,Normale,Sans collision,,,,,,,,,,,1,2,1,1.0,7
201200034402,0012-04-13 10:16:00,12,4,13,10,16,640,102,13 AV LAFOURCADE,,,Plein jour,En agglomération,Hors intersection,Pluie légère,Autre collision,,,,,,,,,,,1,2,1,2.0,6
201200034403,0012-04-13 18:50:00,12,4,13,18,50,640,24,21 AV DE BAYONNE,,,Plein jour,En agglomération,Intersection en T,Pluie légère,Deux véhicules - côté,,,,,,,,,,,1,2,3,2.0,3
201200034404,0012-04-21 04:25:00,12,4,21,4,25,640,24,AVENUE DE BIARRITZ,,,Nuit avec éclairage allumé,En agglomération,Intersection en T,Pluie légère,Sans collision,,,,,,,,,,,5,2,3,2.0,7
201200034405,0012-04-28 22:30:00,12,4,28,22,30,640,102,RUE TOUR DE SAULT,,,Nuit avec éclairage allumé,En agglomération,Hors intersection,Pluie légère,Sans collision,,,,,,,,,,,5,2,1,2.0,7
201200034406,0012-05-01 14:54:00,12,5,1,14,54,640,102,AV ALLEES MARINES,,,Plein jour,En agglomération,Intersection en Y,Normale,Deux véhicules - frontale,,,,,,,,,,,1,2,4,1.0,1
201200034407,0012-05-01 22:55:00,12,5,1,22,55,640,24,RP BUTTE AUX CAILLES,,,Nuit avec éclairage allumé,En agglomération,Giratoire,Normale,Sans collision,,,,,,,,,,,5,2,6,1.0,7
201200034408,0012-05-09 20:00:00,12,5,9,20,0,640,102,39 DUVERGIER DE HAURANNE,,,Plein jour,En agglomération,Hors intersection,Normale,Sans collision,,,,,,,,,,,1,2,1,1.0,7
201200034409,0012-05-11 19:01:00,12,5,11,19,1,640,102,AV DU CAPIT RESPLANDY,,,Plein jour,En agglomération,Giratoire,Temps éblouissant,Deux véhicules - côté,,,,,,,,,,,1,2,6,7.0,3
201200034410,0012-05-14 14:35:00,12,5,14,14,35,640,140,Z.A. DU BAZE,,,Plein jour,En agglomération,Hors intersection,Normale,Sans collision,,,,,,,,,,,1,2,1,1.0,7
201200034411,0012-05-15 17:40:00,12,5,15,17,40,640,102,ARITXAGUE (BD D'),,,Plein jour,En agglomération,Giratoire,Normale,Deux véhicules - arrière,,,,,,,,,,,1,2,6,1.0,2
201200034412,0012-05-15 18:00:00,12,5,15,18,0,640,102,3 bis AV JOUANDIN,,,Plein jour,En agglomération,Intersection en X,Normale,Deux véhicules - côté,,,,,,,,,,,1,2,2,1.0,3
201200034413,0012-05-24 17:10:00,12,5,24,17,10,640,24,ROUTE DE PITOYS,,,Plein jour,En agglomération,Hors intersection,Normale,Deux véhicules - arrière,,,,,,,,,,,1,2,1,1.0,2
201200034414,0012-05-24 17:55:00,12,5,24,17,55,640,102,62 AV DU 8 MAI 1945,,,Plein jour,En agglomération,Hors intersection,Normale,Deux véhicules - côté,,,,,,,,,,,1,2,1,1.0,3
201200034415,0012-06-02 01:50:00,12,6,2,1,50,640,24,14 AV DE BAYONNE,,,Nuit avec éclairage allumé,En agglomération,Hors intersection,Normale,Deux véhicules - côté,,,,,,,,,,,5,2,1,1.0,3
201200034416,0012-06-04 17:35:00,12,6,4,17,35,640,24,53 AV DE BAYONNE,,,Plein jour,En agglomération,Hors intersection,Normale,Deux véhicules - arrière,,,,,,,,,,,1,2,1,1.0,2
201200034417,0012-06-10 18:49:00,12,6,10,18,49,640,102,AV ALLEES PAULMY,,,Plein jour,En agglomération,Intersection en X,Temps couvert,Deux véhicules - côté,,,,,,,,,,,1,2,2,8.0,3
201200034418,0012-06-14 21:50:00,12,6,14,21,50,640,102,RUE PIERRE LESCA,,,Nuit avec éclairage allumé,En agglomération,Hors intersection,Normale,Autre collision,,,,,,,,,,,5,2,1,1.0,6
201200034419,0012-06-15 11:05:00,12,6,15,11,5,640,24,RUE DE HAUSQUETTE,,,Plein jour,En agglomération,Intersection en X,Normale,Deux véhicules - frontale,,,,,,,,,,,1,2,2,1.0,1
201200034420,0012-06-16 15:01:00,12,6,16,15,1,640,102,PLACE DU REDUIT,,,Plein jour,En agglomération,Hors intersection,Temps couvert,Autre collision,,,,,,,,,,,1,2,1,8.0,6
201200034421,0012-06-19 18:35:00,12,6,19,18,35,640,24,ROND POINT DOMMAIN,,,Plein jour,En agglomération,Giratoire,Normale,Deux véhicules - côté,,,,,,,,,,,1,2,6,1.0,3
201200034422,0012-06-19 17:20:00,12,6,19,17,20,640,24,34 AV DE MONTBRUN,,,Plein jour,En agglomération,Hors intersection,Normale,Trois véhicules et plus - en chaîne,,,,,,,,,,,1,2,1,1.0,4
201200034423,0012-06-25 08:40:00,12,6,25,8,40,640,24,11 AV DE BIARRITZ,,,Plein jour,En agglomération,Hors intersection,Normale,Deux véhicules - côté,,,,,,,,,,,1,2,1,1.0,3
201200034424,0012-06-25 10:45:00,12,6,25,10,45,640,102,6 AV DE MARHUM,,,Plein jour,En agglomération,Hors intersection,Normale,Sans collision,,,,,,,,,,,1,2,1,1.0,7
201200034425,0012-06-29 10:16:00,12,6,29,10,16,640,102,AV DE PAMPELUNE,,,Plein jour,En agglomération,Hors intersection,Temps couvert,Deux véhicules - côté,,,,,,,,,,,1,2,1,8.0,3
201200034426,0012-06-29 17:20:00,12,6,29,17,20,640,24,AV JEAN LEON LAPORTE,,,Plein jour,En agglomération,Hors intersection,Normale,Autre collision,,,,,,,,,,,1,2,1,1.0,6
201200034427,0012-07-01 03:20:00,12,7,1,3,20,640,102,AV MARCEL DASSAULT,,,Nuit avec éclairage allumé,En agglomération,Hors intersection,Temps couvert,Sans collision,,,,,,,,,,,5,2,1,8.0,7
201200034428,0012-07-01 20:35:00,12,7,1,20,35,640,102,CHEMIN DE LAHARIE,,,Plein jour,En agglomération,Giratoire,Normale,Sans collision,,,,,,,,,,,1,2,6,1.0,7
201200034429,0012-07-06 15:57:00,12,7,6,15,57,640,24,RUE DES SANSONNETS,,,Plein jour,En agglomération,Hors intersection,Normale,Autre collision,,,,,,,,,,,1,2,1,1.0,6
201200034430,0012-07-06 18:30:00,12,7,6,18,30,640,102,56 AV ALLEES MARINES,,,Plein jour,En agglomération,Hors intersection,Normale,Deux véhicules - frontale,,,,,,,,,,,1,2,1,1.0,1
201200034431,0012-07-07 13:30:00,12,7,7,13,30,640,102,52 AV MARECHAL SOULT,,,Plein jour,En agglomération,Hors intersection,Normale,Deux véhicules - arrière,,,,,,,,,,,1,2,1,1.0,2
201200034432,0012-07-13 07:30:00,12,7,13,7,30,640,24,AV DE BAYONNE,,,Plein jour,En agglomération,Hors intersection,Normale,Deux véhicules - arrière,,,,,,,,,,,1,2,1,1.0,2
201200034433,0012-07-13 10:58:00,12,7,13,10,58,640,24,ROND POINT DE LA DOUANE,,,Plein jour,En agglomération,Giratoire,Normale,Deux véhicules - côté,,,,,,,,,,,1,2,6,1.0,3
201200034434,0012-07-13 15:57:00,12,7,13,15,57,640,102,AV MARECHAL SOULT,,,Plein jour,En agglomération,Hors intersection,Normale,Deux véhicules - côté,,,,,,,,,,,1,2,1,1.0,3
201200034435,0012-07-15 05:45:00,12,7,15,5,45,640,24,17 BD DE LA MER,,,Nuit avec éclairage allumé,En agglomération,Hors intersection,Temps couvert,Sans collision,,,,,,,,,,,5,2,1,8.0,7
201200034436,0012-07-15 15:04:00,12,7,15,15,4,640,140,55 RUE J.B. CASTAINGS,,,Plein jour,En agglomération,Hors intersection,Normale,Sans collision,,,,,,,,,,,1,2,1,1.0,7
201200034437,0012-07-15 17:05:00,12,7,15,17,5,640,102,RUE MOULIN DE CASTERA,,,Plein jour,En agglomération,Hors intersection,Normale,Sans collision,,,,,,,,,,,1,2,1,1.0,7
201200034438,0012-07-16 19:00:00,12,7,16,19,0,640,24,AV DE MONTBRUN,,,Plein jour,En agglomération,Hors intersection,Normale,Deux véhicules - arrière,,,,,,,,,,,1,2,1,1.0,2
201200034439,0012-07-17 07:28:00,12,7,17,7,28,640,102,44 RUE MAUBEC,,,Plein jour,En agglomération,Intersection en T,Normale,Deux véhicules - côté,,,,,,,,,,,1,2,3,1.0,3
201200034440,0012-07-18 11:35:00,12,7,18,11,35,640,102,115 AV MARECHAL SOULT,,,Plein jour,En agglomération,Hors intersection,Normale,Deux véhicules - côté,,,,,,,,,,,1,2,1,1.0,3
201200034441,0012-07-23 09:33:00,12,7,23,9,33,640,102,48 RUE D'ARROUSETS,,,Plein jour,En agglomération,Hors intersection,Normale,Sans collision,,,,,,,,,,,1,2,1,1.0,7
201200034442,0012-07-27 03:50:00,12,7,27,3,50,640,102,68 AV MARECHAL SOULT,,,Nuit avec éclairage allumé,En agglomération,Hors intersection,Normale,Autre collision,,,,,,,,,,,5,2,1,1.0,6
201200034443,0012-07-28 20:40:00,12,7,28,20,40,640,102,AV ALLEES PAULMY,,,Plein jour,En agglomération,Intersection en T,Normale,Autre collision,,,,,,,,,,,1,2,3,1.0,6
201200034444,0012-08-01 11:20:00,12,8,1,11,20,640,24,PLACE GENERAL LECLERC,,,Plein jour,En agglomération,Intersection en T,Normale,Sans collision,,,,,,,,,,,1,2,3,1.0,7
201200034445,0012-08-03 11:45:00,12,8,3,11,45,640,24,AV JEAN LEON LAPORTE,,,Plein jour,En agglomération,Hors intersection,Normale,Deux véhicules - côté,,,,,,,,,,,1,2,1,1.0,3
201200034446,0012-08-07 17:50:00,12,8,7,17,50,640,24,22 AV CHAMBRE AMOUR,,,Plein jour,En agglomération,Hors intersection,Normale,Autre collision,,,,,,,,,,,1,2,1,1.0,6
201200034447,0012-08-08 19:20:00,12,8,8,19,20,640,24,RUE DE HARDOY/JAMES,,,Plein jour,En agglomération,Intersection en T,Normale,Deux véhicules - côté,,,,,,,,,,,1,2,3,1.0,3
201200034448,0012-08-12 19:05:00,12,8,12,19,5,640,24,BD DU BAB,,,Plein jour,En agglomération,Hors intersection,Normale,Autre collision,,,,,,,,,,,1,2,1,1.0,6
201200034449,0012-08-12 21:50:00,12,8,12,21,50,640,24,259 AV DE L' ADOUR,,,Nuit avec éclairage allumé,En agglomération,Intersection en Y,Normale,Deux véhicules - côté,,,,,,,,,,,5,2,4,1.0,3
201200034450,0012-08-25 14:40:00,12,8,25,14,40,640,102,CHEMIN SAINT BERNARD,,,Plein jour,En agglomération,Hors intersection,Temps couvert,Deux véhicules - côté,,,,,,,,,,,1,2,1,8.0,3
201200034451,0012-08-26 19:02:00,12,8,26,19,2,640,24,"3, FALAISES (PROMENADE D",,,Plein jour,Hors agglomération,Hors intersection,Normale,Deux véhicules - frontale,,,,,,,,,,,1,1,1,1.0,1
201200034452,0012-09-01 22:48:00,12,9,1,22,48,640,140,QUAI DE LA DOUANE,,,Nuit sans éclairage public,En agglomération,Hors intersection,Normale,Autre collision,,,,,,,,,,,3,2,1,1.0,6
201200034453,0012-09-02 21:15:00,12,9,2,21,15,640,140,AV CHARLES DE GAULLE,,,Crépuscule ou aube,En agglomération,Hors intersection,Normale,Deux véhicules - côté,,,,,,,,,,,2,2,1,1.0,3
201200034454,0012-09-03 15:50:00,12,9,3,15,50,640,102,RP PIECE NOYEE,,,Plein jour,En agglomération,Hors intersection,Normale,Sans collision,,,,,,,,,,,1,2,1,1.0,7
201200034455,0012-09-03 23:25:00,12,9,3,23,25,640,102,AV DU GRAND BASQUE,,,Nuit avec éclairage allumé,En agglomération,Giratoire,Normale,Deux véhicules - côté,,,,,,,,,,,5,2,6,1.0,3
201200034456,0012-09-06 15:40:00,12,9,6,15,40,640,102,"58, HENRI DE NAVARRE (AV",,,Plein jour,En agglomération,Hors intersection,Normale,Deux véhicules - côté,,,,,,,,,,,1,2,1,1.0,3
201200034457,0012-09-07 21:25:00,12,9,7,21,25,640,102,51 DUVERGIER DE HAURANNE,,,Nuit avec éclairage allumé,En agglomération,Hors intersection,Normale,Autre collision,,,,,,,,,,,5,2,1,1.0,6
201200034458,0012-09-08 21:30:00,12,9,8,21,30,640,102,AV DU 8 MAI 1945,,,Nuit avec éclairage allumé,En agglomération,Intersection en T,Normale,Deux véhicules - côté,,,,,,,,,,,5,2,3,1.0,3
201200034459,0012-09-12 14:00:00,12,9,12,14,0,640,102,AV PAUL PRAS,,,Plein jour,En agglomération,Hors intersection,Temps couvert,Deux véhicules - arrière,,,,,,,,,,,1,2,1,8.0,2
201200034460,0012-09-13 07:30:00,12,9,13,7,30,640,102,AV ALLEES MARINES,,,Crépuscule ou aube,En agglomération,Hors intersection,Pluie forte,Sans collision,,,,,,,,,,,2,2,1,3.0,7
201200034461,0012-09-13 19:25:00,12,9,13,19,25,640,102,AV PAUL PRAS,,,Plein jour,En agglomération,Hors intersection,Normale,Deux véhicules - côté,,,,,,,,,,,1,2,1,1.0,3
201200034462,0012-09-14 13:50:00,12,9,14,13,50,640,102,RUE BOURBAKI,,,Plein jour,En agglomération,Intersection en X,Normale,Deux véhicules - côté,,,,,,,,,,,1,2,2,1.0,3
201200034463,0012-09-17 08:03:00,12,9,17,8,3,640,102,5 ALLEES BOUFFLERS,,,Plein jour,En agglomération,Hors intersection,Normale,Autre collision,,,,,,,,,,,1,2,1,1.0,6
201200034464,0012-09-19 08:40:00,12,9,19,8,40,640,102,CHEMIN DE HARGOUS,,,Plein jour,En agglomération,Intersection en X,Temps couvert,Deux véhicules - côté,,,,,,,,,,,1,2,2,8.0,3
201200034465,0012-09-21 15:48:00,12,9,21,15,48,640,24,ALLEE D'ATCHINETCHE,,,Plein jour,En agglomération,Giratoire,Normale,Deux véhicules - côté,,,,,,,,,,,1,2,6,1.0,3
201200034466,0012-09-24 15:05:00,12,9,24,15,5,640,24,GIRATOIRE DOMMAIN,,,Plein jour,En agglomération,Giratoire,Normale,Deux véhicules - côté,,,,,,,,,,,1,2,6,1.0,3
201200034467,0012-09-30 20:25:00,12,9,30,20,25,640,102,RUE HARAMBILLET,,,Nuit avec éclairage allumé,En agglomération,Intersection en T,Normale,Sans collision,,,,,,,,,,,5,2,3,1.0,7
201200034468,0012-10-01 05:30:00,12,10,1,5,30,640,24,26 AV LAROCHEFOUCAULD,,,Nuit avec éclairage allumé,En agglomération,Hors intersection,Normale,Sans collision,,,,,,,,,,,5,2,1,1.0,7
201200034469,0012-10-06 21:30:00,12,10,6,21,30,640,102,15 AV DES ALLEES PAULMY,,,Nuit avec éclairage allumé,En agglomération,Hors intersection,Normale,Autre collision,,,,,,,,,,,5,2,1,1.0,6
201200034470,0012-10-12 22:45:00,12,10,12,22,45,640,24,PROMENADE PONT BELAY,,,Nuit avec éclairage allumé,En agglomération,Hors intersection,Normale,Autre collision,,,,,,,,,,,5,2,1,1.0,6
201200034471,0012-10-13 15:45:00,12,10,13,15,45,640,102,AV LAFOURCADE,,,Plein jour,En agglomération,Intersection en T,Normale,Deux véhicules - côté,,,,,,,,,,,1,2,3,1.0,3
201200034472,0012-10-13 17:35:00,12,10,13,17,35,640,102,125 AV MARECHAL SOULT,,,Plein jour,En agglomération,Hors intersection,Normale,Deux véhicules - côté,,,,,,,,,,,1,2,1,1.0,3
201200034473,0012-10-15 18:10:00,12,10,15,18,10,640,102,AV DU 14 AVRIL,,,Plein jour,En agglomération,Giratoire,Normale,Autre collision,,,,,,,,,,,1,2,6,1.0,6
201200034474,0012-10-23 15:30:00,12,10,23,15,30,640,102,42 AV MARECHAL SOULT,,,Plein jour,En agglomération,Hors intersection,Normale,Deux véhicules - côté,,,,,,,,,,,1,2,1,1.0,3
201200034475,0012-10-28 09:55:00,12,10,28,9,55,640,102,.AV FERNAND FORGUES,,,Plein jour,En agglomération,Hors intersection,Normale,Sans collision,,,,,,,,,,,1,2,1,1.0,7
201200034476,0012-11-05 18:30:00,12,11,5,18,30,640,102,"42, DUBROCQ (AVENUE)",,,Crépuscule ou aube,En agglomération,Intersection en X,Pluie légère,Autre collision,,,,,,,,,,,2,2,2,2.0,6
201200034477,0012-11-11 09:05:00,12,11,11,9,5,640,102,"., PORTETENY (ROND POINT",,,Plein jour,En agglomération,Giratoire,Pluie légère,Sans collision,,,,,,,,,,,1,2,6,2.0,7
201200034478,0012-11-14 19:10:00,12,11,14,19,10,640,102,"07, BOUFFLERS (ALLEES)",,,Nuit avec éclairage allumé,En agglomération,Hors intersection,Normale,Deux véhicules - arrière,,,,,,,,,,,5,2,1,1.0,2
201200034479,0012-11-15 08:15:00,12,11,15,8,15,640,140,"., R.N. 10",,,Plein jour,En agglomération,Giratoire,Normale,Trois véhicules et plus - collisions multiples,,,,,,,,,,,1,2,6,1.0,5
201200034480,0012-11-24 10:55:00,12,11,24,10,55,640,102,AV LOUIS DE FOIX,,,Plein jour,En agglomération,Giratoire,Temps couvert,Sans collision,,,,,,,,,,,1,2,6,8.0,7
201200034481,0012-11-24 18:41:00,12,11,24,18,41,640,102,BD DU BAB,,,Nuit avec éclairage allumé,En agglomération,Hors intersection,Normale,Sans collision,,,,,,,,,,,5,2,1,1.0,7
201200034482,0012-11-27 09:55:00,12,11,27,9,55,640,24,AV JEAN LEON LAPORTE,,,Plein jour,En agglomération,Hors intersection,Pluie légère,Autre collision,,,,,,,,,,,1,2,1,2.0,6
201200034483,0012-12-06 10:00:00,12,12,6,10,0,640,102,2 BD DU BAB,,,Plein jour,En agglomération,Hors intersection,Temps couvert,Trois véhicules et plus - en chaîne,,,,,,,,,,,1,2,1,8.0,4
201200034484,0012-12-06 19:00:00,12,12,6,19,0,640,102,"0, ALLEES MARINES",,,Nuit avec éclairage allumé,En agglomération,Hors intersection,Temps couvert,Trois véhicules et plus - en chaîne,,,,,,,,,,,5,2,1,8.0,4
201200034485,0012-12-08 16:20:00,12,12,8,16,20,640,24,97 RUE DE JOUANETOTE,,,Plein jour,En agglomération,Hors intersection,Temps couvert,Sans collision,,,,,,,,,,,1,2,1,8.0,7
201200034486,0012-12-10 18:00:00,12,12,10,18,0,640,24,RUE DES CINQ CANTONS,,,Nuit avec éclairage allumé,En agglomération,Intersection en X,Normale,Deux véhicules - côté,,,,,,,,,,,5,2,2,1.0,3
201200034487,0012-12-14 16:05:00,12,12,14,16,5,640,24,RUE DES BARTHES,,,Plein jour,En agglomération,Hors intersection,Pluie légère,Sans collision,,,,,,,,,,,1,2,1,2.0,7
201200034488,0012-12-16 10:10:00,12,12,16,10,10,640,102,9 AV RAYMOND DE MARTRES,,,Plein jour,En agglomération,Hors intersection,Normale,Deux véhicules - frontale,,,,,,,,,,,1,2,1,1.0,1
201200034489,0012-12-17 08:35:00,12,12,17,8,35,640,102,AV DU QUATORZE AVRIL,,,Crépuscule ou aube,En agglomération,Intersection en T,Pluie légère,Deux véhicules - côté,,,,,,,,,,,2,2,3,2.0,3
201200034490,0012-12-18 19:35:00,12,12,18,19,35,640,102,15/17 AV SEPT AOUT,,,Nuit avec éclairage allumé,En agglomération,Hors intersection,Temps couvert,Sans collision,,,,,,,,,,,5,2,1,8.0,7
201200034491,0012-12-19 12:20:00,12,12,19,12,20,640,102,AV DUBROCQ,,,Plein jour,En agglomération,Intersection en T,Normale,Deux véhicules - côté,,,,,,,,,,,1,2,3,1.0,3
201200034492,0012-12-27 18:35:00,12,12,27,18,35,640,102,BD DU BAB,,,Nuit avec éclairage allumé,En agglomération,Giratoire,Normale,Sans collision,,,,,,,,,,,5,2,6,1.0,7
201200034493,0012-12-29 12:55:00,12,12,29,12,55,640,102,RUE DES LISSES,,,Plein jour,En agglomération,Hors intersection,Temps couvert,Autre collision,,,,,,,,,,,1,2,1,8.0,6
201200034494,0012-01-03 07:40:00,12,1,3,7,40,640,125,14 RUE DE L' ETAPE,,,Nuit avec éclairage allumé,En agglomération,Hors intersection,Pluie légère,Autre collision,,,,,,,,,,,5,2,1,2.0,6
201200034495,0012-01-18 16:10:00,12,1,18,16,10,640,125,AV DU PLATEAU,,,Plein jour,En agglomération,Hors intersection,Normale,Deux véhicules - côté,,,,,,,,,,,1,2,1,1.0,3
201200034496,0012-01-21 17:40:00,12,1,21,17,40,640,122,RP LUIS MARIANO,,,Plein jour,En agglomération,Hors intersection,Pluie légère,Deux véhicules - côté,,,,,,,,,,,1,2,1,2.0,3
201200034497,0012-01-31 19:55:00,12,1,31,19,55,640,122,28 AV REINE NATHALIE,,,Crépuscule ou aube,En agglomération,Hors intersection,Pluie légère,Autre collision,,,,,,,,,,,2,2,1,2.0,6
201200034498,0012-02-02 22:30:00,12,2,2,22,30,640,122,AV DE VERDUN,,,Nuit avec éclairage non allumé,En agglomération,Intersection en X,Normale,Deux véhicules - côté,,,,,,,,,,,4,2,2,1.0,3
201200034499,0012-02-19 16:00:00,12,2,19,16,0,640,122,AV ALPHONSE XIII,,,Plein jour,En agglomération,Hors intersection,Normale,Deux véhicules - côté,,,,,,,,,,,1,2,1,1.0,3
201200034500,0012-02-23 12:50:00,12,2,23,12,50,640,125,AV DE BAYONNE,,,Plein jour,En agglomération,Hors intersection,Normale,Deux véhicules - côté,,,,,,,,,,,1,2,1,1.0,3
201200034501,0012-02-23 14:50:00,12,2,23,14,50,640,122,PIERRE DARTIGUELONGUE,,,Plein jour,En agglomération,Hors intersection,Normale,Deux véhicules - côté,,,,,,,,,,,1,2,1,1.0,3
201200034502,0012-03-01 10:35:00,12,3,1,10,35,640,122,49 AV D' ANGLET,,,Plein jour,En agglomération,Hors intersection,Normale,Autre collision,,,,,,,,,,,1,2,1,1.0,6
201200034503,0012-03-09 11:10:00,12,3,9,11,10,640,122,"86, ""KENNEDY (AVENUE DU",,,Plein jour,En agglomération,Hors intersection,Normale,Deux véhicules - arrière,,,,,,,,,,,1,2,1,1.0,2
201200034504,0012-03-17 15:55:00,12,3,17,15,55,640,122,PORT DES PECHEURS,,,Plein jour,En agglomération,Hors intersection,Normale,Autre collision,,,,,,,,,,,1,2,1,1.0,6
201200034505,0012-03-25 01:25:00,12,3,25,1,25,640,125,AV CHABADENIA,,,Nuit avec éclairage allumé,En agglomération,Hors intersection,Normale,Autre collision,,,,,,,,,,,5,2,1,1.0,6
201200034506,0012-03-25 14:45:00,12,3,25,14,45,640,122,RUE DU PORT VIEUX,,,Plein jour,En agglomération,Hors intersection,Normale,Deux véhicules - côté,,,,,,,,,,,1,2,1,1.0,3
201200034507,0012-03-26 13:48:00,12,3,26,13,48,640,122,38 AV REINE VICTORIA,,,Plein jour,En agglomération,Hors intersection,Normale,Autre collision,,,,,,,,,,,1,2,1,1.0,6
201200034508,0012-03-28 08:50:00,12,3,28,8,50,640,122,AV DE VERDUN,,,Plein jour,En agglomération,Hors intersection,Normale,Deux véhicules - côté,,,,,,,,,,,1,2,1,1.0,3
201200034509,0012-03-30 17:00:00,12,3,30,17,0,640,122,BD DASSAULT MARCEL,,,Plein jour,En agglomération,Hors intersection,Normale,Trois véhicules et plus - collisions multiples,,,,,,,,,,,1,2,1,1.0,5
201200034510,0012-04-05 22:25:00,12,4,5,22,25,640,122,BD DU BAB,,,Nuit avec éclairage allumé,En agglomération,Hors intersection,Pluie légère,Deux véhicules - côté,,,,,,,,,,,5,2,1,2.0,3
201200034511,0012-04-04 14:35:00,12,4,4,14,35,640,122,AV DU BRAOU,,,Plein jour,En agglomération,Hors intersection,Normale,Deux véhicules - côté,,,,,,,,,,,1,2,1,1.0,3
201200034512,0012-04-06 22:30:00,12,4,6,22,30,640,122,BD DASSAULT MARCEL,,,Nuit avec éclairage allumé,En agglomération,Hors intersection,Normale,Deux véhicules - frontale,,,,,,,,,,,5,2,1,1.0,1
201200034513,0012-04-10 15:15:00,12,4,10,15,15,640,125,AV DU PLATEAU,,,Plein jour,En agglomération,Hors intersection,Normale,Deux véhicules - arrière,,,,,,,,,,,1,2,1,1.0,2
201200034514,0012-04-30 18:40:00,12,4,30,18,40,640,125,AV DE BAYONNE,,,Plein jour,En agglomération,Hors intersection,Normale,Autre collision,,,,,,,,,,,1,2,1,1.0,6