accident_id,datetime,annee,mois,jour,heure,minute,departement,commune_insee,adresse,latitude,longitude,luminosite,agglomeration,intersection,meteo,collision,nb_vehicules,nb_usagers,nb_indemnes,nb_tues,nb_blesses_hosp,nb_blesses_legers,age_cond_1,age_cond_2,veh_type_cond_1,veh_type_cond_2,lum_code,agg_code,int_code,atm_code,col_code
201200035042,0012-01-28 21:45:00,12,1,28,21,45,650,440,"., UNIVERSITE (ROND POIN",43.2233,0.04617,Nuit avec éclairage allumé,En agglomération,Giratoire,Normale,Deux véhicules - côté,,,,,,,,,,,5,2,6,1.0,3
201200035043,0012-02-11 14:50:00,12,2,11,14,50,650,433,MAUMUS (RUE JEAN),43.20358,0.08812,Plein jour,Hors agglomération,Hors intersection,Normale,Autre collision,,,,,,,,,,,1,1,1,1.0,6
201200035044,0012-03-04 13:10:00,12,3,4,13,10,650,226,"40, PYRENEES (RUE DES)",43.22795,-0.00046,Plein jour,En agglomération,Hors intersection,Pluie légère,Deux véhicules - frontale,,,,,,,,,,,1,2,1,2.0,1
201200035045,0012-03-10 11:25:00,12,3,10,11,25,650,440,"., VERDUN (PLACE DE)",43.23317,0.07417,Plein jour,En agglomération,Hors intersection,Normale,Autre collision,,,,,,,,,,,1,2,1,1.0,6
201200035046,0012-03-14 12:05:00,12,3,14,12,5,650,440,"., DEBUSSY (BOULEVARD CL",43.21927,0.0701,Plein jour,En agglomération,Hors intersection,Normale,Deux véhicules - côté,,,,,,,,,,,1,2,1,1.0,3
201200035047,0012-03-14 15:20:00,12,3,14,15,20,650,440,"., VERDUN (PLACE DE)",43.23317,0.07417,Plein jour,En agglomération,Hors intersection,Normale,Autre collision,,,,,,,,,,,1,2,1,1.0,6
201200035048,0012-03-22 21:45:00,12,3,22,21,45,650,440,AZEREIX (AVENUE D'),43.22803,0.05642,Nuit avec éclairage allumé,En agglomération,Intersection en X,Pluie forte,Deux véhicules - frontale,,,,,,,,,,,5,2,2,3.0,1
201200035049,0012-03-25 04:35:00,12,3,25,4,35,650,440,AV DU MARECHAL JOFFRE,43.2396,0.07031,Nuit avec éclairage allumé,En agglomération,Intersection en T,Normale,Deux véhicules - côté,,,,,,,,,,,5,2,3,1.0,3
201200035050,0012-04-15 06:15:00,12,4,15,6,15,650,440,"., JUBINAL (RUE ACHILLE)",43.23963,0.07611,Nuit avec éclairage allumé,En agglomération,Hors intersection,Pluie légère,Deux véhicules - frontale,,,,,,,,,,,5,2,1,2.0,1
201200035051,0012-04-25 17:00:00,12,4,25,17,0,650,226,", AVENUE DU POUEY",43.23798,0.04144,Plein jour,En agglomération,Hors intersection,Normale,Autre collision,,,,,,,,,,,1,2,1,1.0,6
201200035052,0012-04-27 21:25:00,12,4,27,21,25,650,440,", MARCADIEU (PLACE)",43.23145,0.08375,Nuit avec éclairage allumé,En agglomération,Hors intersection,Normale,Autre collision,,,,,,,,,,,5,2,1,1.0,6
201200035053,0012-04-28 21:30:00,12,4,28,21,30,650,440,"45, CLEMENCEAU (RUE GEOR",43.23332,0.07983,Nuit avec éclairage allumé,En agglomération,Intersection en X,Pluie forte,Deux véhicules - côté,,,,,,,,,,,5,2,2,3.0,3
201200035054,0012-05-09 14:45:00,12,5,9,14,45,650,440,"., ROCADE SUD-OUEST",43.23699,0.04228,Plein jour,Hors agglomération,Hors intersection,Normale,Deux véhicules - arrière,,,,,,,,,,,1,1,1,1.0,2
201200035055,0012-05-22 11:00:00,12,5,22,11,0,650,100,"., EUROPE (RUE DE L')",43.26315,0.05018,Plein jour,En agglomération,Intersection en X,Pluie légère,Deux véhicules - côté,,,,,,,,,,,1,2,2,2.0,3
201200035056,0012-05-29 16:40:00,12,5,29,16,40,650,331,"., ROUTE DEPARTEMENTALE",43.20085,0.06116,Plein jour,Hors agglomération,Hors intersection,Normale,Autre collision,,,,,,,,,,,1,1,1,1.0,6
201200035057,0012-06-03 16:05:00,12,6,3,16,5,650,331,"., LOURDES (AVENUE DE)",43.20682,0.0434,Plein jour,En agglomération,Hors intersection,Normale,Autre collision,,,,,,,,,,,1,2,1,1.0,6
201200035058,0012-06-07 08:30:00,12,6,7,8,30,650,440,"5, MARCHE BRAUHAUBAN (AV",43.23118,0.07568,Plein jour,En agglomération,Intersection en T,Normale,Autre collision,,,,,,,,,,,1,2,3,1.0,6
201200035059,0012-06-07 13:00:00,12,6,7,13,0,650,331,"., JUILLAN (ROUTE DE)",43.20072,0.0509,Plein jour,En agglomération,Intersection en X,Normale,Deux véhicules - côté,,,,,,,,,,,1,2,2,1.0,3
201200035060,0012-06-12 09:50:00,12,6,12,9,50,650,226,"., DEPARTEMENTALE 94 (RO",43.22105,0.03425,Plein jour,En agglomération,Hors intersection,Pluie forte,Sans collision,,,,,,,,,,,1,2,1,3.0,7
201200035061,0012-06-15 08:40:00,12,6,15,8,40,650,440,"., SAINT-EXUPERY (AVENUE",43.2437,0.06275,Plein jour,En agglomération,Intersection en X,Normale,Autre collision,,,,,,,,,,,1,2,2,1.0,6
201200035062,0012-06-20 19:00:00,12,6,20,19,0,650,433,RUE JEAN MAUMUS,43.20349,0.09218,Plein jour,Hors agglomération,Hors intersection,Normale,Autre collision,,,,,,,,,,,1,1,1,1.0,6
201200035063,0012-06-22 10:20:00,12,6,22,10,20,650,226,D 817,43.24579,-0.03483,Plein jour,Hors agglomération,Hors intersection,Normale,Deux véhicules - frontale,,,,,,,,,,,1,1,1,1.0,1
201200035064,0012-06-24 00:01:00,12,6,24,0,1,650,440,"., MARCADIEU (PLACE)",43.23106,0.0844,Nuit avec éclairage allumé,En agglomération,Hors intersection,Normale,Autre collision,,,,,,,,,,,5,2,1,1.0,6
201200035065,0012-06-25 16:50:00,12,6,25,16,50,650,440,"., FOIRAIL (PLACE DU)",43.22934,0.08472,Plein jour,Hors agglomération,Intersection en X,Normale,Deux véhicules - côté,,,,,,,,,,,1,1,2,1.0,3
201200035066,0012-06-26 17:35:00,12,6,26,17,35,650,331,"., VIGNEMALE (RUE DU)",43.19354,0.05767,Plein jour,En agglomération,Intersection en T,Normale,Deux véhicules - côté,,,,,,,,,,,1,2,3,1.0,3
201200035067,0012-06-29 18:25:00,12,6,29,18,25,650,440,"., VERGE (RUE)",43.23739,0.04909,Plein jour,En agglomération,Hors intersection,Normale,Trois véhicules et plus - en chaîne,,,,,,,,,,,1,2,1,1.0,4
201200035068,0012-06-30 17:05:00,12,6,30,17,5,650,417,"., LEVERRE (RUE)",43.23211,0.09217,Plein jour,En agglomération,Hors intersection,Normale,Deux véhicules - arrière,,,,,,,,,,,1,2,1,1.0,2
201200035069,0012-07-02 19:00:00,12,7,2,19,0,650,440,"., LASSALLE (RUE GEORGES",,,Plein jour,En agglomération,Intersection en T,Normale,Deux véhicules - côté,,,,,,,,,,,1,2,3,1.0,3
201200035070,0012-07-03 18:35:00,12,7,3,18,35,650,226,"., DEPARTEMENTALE 94 (RO",43.21672,0.01677,Plein jour,Hors agglomération,Hors intersection,Normale,Deux véhicules - arrière,,,,,,,,,,,1,1,1,1.0,2
201200035071,0012-07-11 22:25:00,12,7,11,22,25,650,440,"., EMBARQUEMENT (QUAI D'",43.24103,0.06379,Nuit avec éclairage allumé,En agglomération,Intersection en T,Pluie légère,Deux véhicules - côté,,,,,,,,,,,5,2,3,2.0,3
201200035072,0012-07-25 11:35:00,12,7,25,11,35,650,440,"., LARREY (RUE)",43.23026,0.07883,Plein jour,En agglomération,Intersection en X,Normale,Deux véhicules - côté,,,,,,,,,,,1,2,2,1.0,3
201200035073,0012-07-25 15:20:00,12,7,25,15,20,650,440,"., ORMEAU (CHEMIN DE L')",43.22559,0.07706,Plein jour,En agglomération,Hors intersection,Normale,Autre collision,,,,,,,,,,,1,2,1,1.0,6
201200035074,0012-07-26 18:40:00,12,7,26,18,40,650,433,"., CURIE (BOULEVARD JOLI",43.2082,0.09513,Plein jour,En agglomération,Intersection en T,Normale,Deux véhicules - côté,,,,,,,,,,,1,2,3,1.0,3
201200035075,0012-07-29 10:35:00,12,7,29,10,35,650,440,"., ROND-POINT REFFYE",43.23909,0.06041,Plein jour,En agglomération,Giratoire,Normale,Deux véhicules - côté,,,,,,,,,,,1,2,6,1.0,3
201200035076,0012-07-31 17:15:00,12,7,31,17,15,650,440,"1, ALSACE LORRAINE (AVEN",43.24073,0.07374,Plein jour,En agglomération,Hors intersection,Normale,Deux véhicules - arrière,,,,,,,,,,,1,2,1,1.0,2
201200035077,0012-08-01 10:30:00,12,8,1,10,30,650,417,"., LAMARQUE (RUE MARCEL)",43.23063,0.10098,Plein jour,En agglomération,Intersection en X,Normale,Deux véhicules - côté,,,,,,,,,,,1,2,2,1.0,3
201200035078,0012-08-03 08:45:00,12,8,3,8,45,650,440,1 BD CLAUDE DEBUSSY,43.22102,0.06157,Plein jour,En agglomération,Hors intersection,Temps couvert,Trois véhicules et plus - en chaîne,,,,,,,,,,,1,2,1,8.0,4
201200035079,0012-08-06 11:25:00,12,8,6,11,25,650,47,"74, JAURES (AVE JEAN)",43.24204,0.09529,Plein jour,En agglomération,Hors intersection,Normale,Autre collision,,,,,,,,,,,1,2,1,1.0,6
201200035080,0012-08-07 12:20:00,12,8,7,12,20,650,100,"3 bis, PAIX (RUE DE LA)",43.26488,0.04439,Plein jour,En agglomération,Hors intersection,Normale,Deux véhicules - côté,,,,,,,,,,,1,2,1,1.0,3
201200035081,0012-08-08 07:15:00,12,8,8,7,15,650,440,ROND POINT DE BAGNERES,43.21928,0.07114,Plein jour,En agglomération,Giratoire,Normale,Deux véhicules - côté,,,,,,,,,,,1,2,6,1.0,3
201200035082,0012-08-10 22:10:00,12,8,10,22,10,650,100,ROUTE DE BORDEAUX,43.26942,0.07093,Nuit avec éclairage allumé,Hors agglomération,Hors intersection,Normale,Autre collision,,,,,,,,,,,5,1,1,1.0,6
201200035083,0012-08-14 12:45:00,12,8,14,12,45,650,440,"., ALSACE LORRAINE (AVEN",43.24968,0.07287,Plein jour,En agglomération,Intersection en X,Normale,Deux véhicules - côté,,,,,,,,,,,1,2,2,1.0,3
201200035084,0012-08-24 16:05:00,12,8,24,16,5,650,440,"87, ALSACE LORRAINE (AVE",43.25028,0.07272,Plein jour,En agglomération,Hors intersection,Normale,Autre collision,,,,,,,,,,,1,2,1,1.0,6
201200035085,0012-08-27 18:25:00,12,8,27,18,25,650,440,"., LAMARTINE (RUE)",43.23136,0.07802,Plein jour,En agglomération,Intersection en X,Normale,Autre collision,,,,,,,,,,,1,2,2,1.0,6
201200035086,0012-08-30 06:45:00,12,8,30,6,45,650,440,MERMOZ (AVENUE JEAN),43.24349,0.05909,Crépuscule ou aube,En agglomération,Intersection en X,Normale,Deux véhicules - côté,,,,,,,,,,,2,2,2,1.0,3
201200035087,0012-08-31 10:10:00,12,8,31,10,10,650,440,"., ROCADE SUD-OUEST",43.23064,0.04313,Plein jour,Hors agglomération,Hors intersection,Normale,Trois véhicules et plus - collisions multiples,,,,,,,,,,,1,1,1,1.0,5
201200035088,0012-09-07 11:20:00,12,9,7,11,20,650,226,"., PAU (ROUTE DE)",43.24176,0.00536,Plein jour,Hors agglomération,Intersection en X,Normale,Trois véhicules et plus - collisions multiples,,,,,,,,,,,1,1,2,1.0,5
201200035089,0012-09-07 17:25:00,12,9,7,17,25,650,440,"13, JOFFRE (AVENUE DU MA",43.23958,0.07249,Plein jour,En agglomération,Hors intersection,Normale,Deux véhicules - côté,,,,,,,,,,,1,2,1,1.0,3
201200035090,0012-09-08 11:40:00,12,9,8,11,40,650,440,"., BARERE (AVENUE BERTRA",43.23622,0.07179,Plein jour,En agglomération,Hors intersection,Normale,Deux véhicules - arrière,,,,,,,,,,,1,2,1,1.0,2
201200035091,0012-09-10 17:35:00,12,9,10,17,35,650,100,"13, BORDEAUX (ROUTE DE)",43.26642,0.07123,Plein jour,En agglomération,Hors intersection,Normale,Trois véhicules et plus - en chaîne,,,,,,,,,,,1,2,1,1.0,4
201200035092,0012-09-10 19:35:00,12,9,10,19,35,650,251,"., PARKING GEANT CASINO",43.2109,0.07367,Plein jour,En agglomération,Hors intersection,Normale,Deux véhicules - côté,,,,,,,,,,,1,2,1,1.0,3
201200035093,0012-09-16 02:55:00,12,9,16,2,55,650,440,"., PASTEUR (RUE)",43.2366,0.06661,Nuit avec éclairage allumé,En agglomération,Intersection en T,Normale,Deux véhicules - côté,,,,,,,,,,,5,2,3,1.0,3
201200035094,0012-09-19 07:55:00,12,9,19,7,55,650,440,"., UNIVERSITE (ROND POIN",43.22303,0.04602,Plein jour,En agglomération,Giratoire,Normale,Deux véhicules - côté,,,,,,,,,,,1,2,6,1.0,3
201200035095,0012-09-22 10:50:00,12,9,22,10,50,650,440,"., MIMOSAS (RUE DES)",43.24731,0.07236,Plein jour,En agglomération,Intersection en X,Normale,Deux véhicules - côté,,,,,,,,,,,1,2,2,1.0,3
201200035096,0012-09-22 14:50:00,12,9,22,14,50,650,226,"., IBOS (VIEUX CHEMIN D'",43.23357,0.02337,Plein jour,Hors agglomération,Hors intersection,Normale,Deux véhicules - arrière,,,,,,,,,,,1,1,1,1.0,2
201200035097,0012-09-25 13:55:00,12,9,25,13,55,650,440,"76, JOFFRE (AVENUE DU MA",43.2395,0.06451,Plein jour,En agglomération,Hors intersection,Normale,Autre collision,,,,,,,,,,,1,2,1,1.0,6
201200035098,0012-09-29 14:10:00,12,9,29,14,10,650,226,"., BAGNERES (CHEMIN DU)",43.22497,0.02655,Plein jour,Hors agglomération,Hors intersection,Pluie légère,Deux véhicules - côté,,,,,,,,,,,1,1,1,2.0,3
201200035099,0012-09-30 18:40:00,12,9,30,18,40,650,100,"., BORDEAUX (ROUTE DE) C",43.2697,0.07085,Plein jour,Hors agglomération,Hors intersection,Normale,Trois véhicules et plus - en chaîne,,,,,,,,,,,1,1,1,1.0,4
201200035100,0012-10-02 16:05:00,12,10,2,16,5,650,440,"1, SAINT-JEAN (RUE)",43.23334,0.0822,Plein jour,En agglomération,Intersection en X,Normale,Autre collision,,,,,,,,,,,1,2,2,1.0,6
201200035101,0012-10-03 16:30:00,12,10,3,16,30,650,100,"., SEMARD (RUE PIERRE)",43.25679,0.05196,Plein jour,En agglomération,Intersection en X,Normale,Deux véhicules - côté,,,,,,,,,,,1,2,2,1.0,3
201200035102,0012-10-05 14:35:00,12,10,5,14,35,650,440,CARMES (RUE DES),43.23256,0.08357,Plein jour,En agglomération,Hors intersection,Normale,Autre collision,,,,,,,,,,,1,2,1,1.0,6
201200035103,0012-10-09 15:45:00,12,10,9,15,45,650,440,"8, RAMOND (RUE)",43.23377,0.07131,Plein jour,En agglomération,Hors intersection,Normale,Autre collision,,,,,,,,,,,1,2,1,1.0,6
201200035104,0012-10-10 18:45:00,12,10,10,18,45,650,440,"112, CORPS FRANC POMMIES",43.23701,0.05108,Plein jour,En agglomération,Hors intersection,Normale,Trois véhicules et plus - en chaîne,,,,,,,,,,,1,2,1,1.0,4
201200035105,0012-10-12 17:05:00,12,10,12,17,5,650,440,"23, MARTINET (BOULEVARD",43.23327,0.0859,Plein jour,En agglomération,Hors intersection,Normale,Trois véhicules et plus - en chaîne,,,,,,,,,,,1,2,1,1.0,4
201200035106,0012-10-14 16:15:00,12,10,14,16,15,650,226,RD 817,43.24504,-0.02681,Plein jour,Hors agglomération,Hors intersection,Pluie forte,Autre collision,,,,,,,,,,,1,1,1,3.0,6
201200035107,0012-10-15 17:05:00,12,10,15,17,5,650,440,"., LAC D'OURREC (RUE DU)",43.24135,0.05286,Plein jour,En agglomération,Hors intersection,Normale,Trois véhicules et plus - collisions multiples,,,,,,,,,,,1,2,1,1.0,5
201200035108,0012-10-17 17:45:00,12,10,17,17,45,650,440,"43, MAQUIS DE SOMBRUN (R",43.24389,0.06099,Plein jour,En agglomération,Hors intersection,Normale,Autre collision,,,,,,,,,,,1,2,1,1.0,6
201200035109,0012-10-19 17:25:00,12,10,19,17,25,650,440,"41, RENAUDET (BOULEVARD",43.24473,0.07747,Plein jour,En agglomération,Hors intersection,Normale,Deux véhicules - arrière,,,,,,,,,,,1,2,1,1.0,2
201200035110,0012-10-21 17:55:00,12,10,21,17,55,650,440,", MENDES FRANCE (RUE PI",43.22897,0.08497,Plein jour,En agglomération,Hors intersection,Normale,Autre collision,,,,,,,,,,,1,2,1,1.0,6
201200035111,0012-10-21 18:10:00,12,10,21,18,10,650,440,BRIAND (AVENUE ARISTIDE),43.22454,0.06524,Plein jour,En agglomération,Intersection en X,Normale,Deux véhicules - côté,,,,,,,,,,,1,2,2,1.0,3
201200035112,0012-10-22 18:30:00,12,10,22,18,30,650,440,"18, ARAGO (RUE)",43.23104,0.08655,Crépuscule ou aube,En agglomération,Hors intersection,Normale,Autre collision,,,,,,,,,,,2,2,1,1.0,6
201200035113,0012-10-26 10:30:00,12,10,26,10,30,650,226,"., HERRAN (RUE DU)",43.23919,0.0171,Plein jour,Hors agglomération,Hors intersection,Normale,Deux véhicules - arrière,,,,,,,,,,,1,1,1,1.0,2
201200035114,0012-10-29 10:35:00,12,10,29,10,35,650,440,"3, PRADEAU (PROMENADE DU",43.23207,0.06939,Plein jour,En agglomération,Hors intersection,Normale,Deux véhicules - côté,,,,,,,,,,,1,2,1,1.0,3
201200035115,0012-10-29 16:15:00,12,10,29,16,15,650,226,"33, DEPARTEMENTALE 7 (RO",43.21937,0.03515,Plein jour,Hors agglomération,Hors intersection,Normale,Deux véhicules - côté,,,,,,,,,,,1,1,1,1.0,3
201200035116,0012-10-31 11:50:00,12,10,31,11,50,650,226,RD 817,43.2449,-0.02576,Plein jour,Hors agglomération,Hors intersection,Normale,Deux véhicules - côté,,,,,,,,,,,1,1,1,1.0,3
201200035117,0012-10-31 18:30:00,12,10,31,18,30,650,440,"9, MARCADIEU (PLACE)",43.23147,0.08378,Nuit avec éclairage allumé,En agglomération,Hors intersection,Pluie légère,Autre collision,,,,,,,,,,,5,2,1,2.0,6
201200035118,0012-11-02 12:50:00,12,11,2,12,50,650,226,PARKING DU LECLERC,43.23902,0.01416,Plein jour,En agglomération,Hors intersection,Normale,Deux véhicules - côté,,,,,,,,,,,1,2,1,1.0,3
201200035119,0012-11-03 04:25:00,12,11,3,4,25,650,440,"44, DESTARAC (RUE ROBERT",43.24162,0.0677,Nuit avec éclairage allumé,En agglomération,Hors intersection,Normale,Autre collision,,,,,,,,,,,5,2,1,1.0,6
201200035120,0012-11-09 06:15:00,12,11,9,6,15,650,440,"40, MARTINET (BOULEVARD",43.23562,0.08375,Nuit avec éclairage allumé,En agglomération,Hors intersection,Normale,Autre collision,,,,,,,,,,,5,2,1,1.0,6
201200035121,0012-11-10 07:00:00,12,11,10,7,0,650,440,BD MCHAL LATTRE TASSIGNY,43.22125,0.06067,Nuit avec éclairage allumé,En agglomération,Hors intersection,Pluie légère,Sans collision,,,,,,,,,,,5,2,1,2.0,7
201200035122,0012-11-12 17:30:00,12,11,12,17,30,650,417,"., ZOLA (RUE EMILE)",43.23213,0.10175,Plein jour,En agglomération,Giratoire,Normale,Deux véhicules - côté,,,,,,,,,,,1,2,6,1.0,3
201200035123,0012-11-12 18:45:00,12,11,12,18,45,650,440,"., LAFORGUE (AVENUE JULE",43.22444,0.06594,Crépuscule ou aube,En agglomération,Hors intersection,Normale,Trois véhicules et plus - en chaîne,,,,,,,,,,,2,2,1,1.0,4
201200035124,0012-11-14 13:05:00,12,11,14,13,5,650,440,BD/LATTRE DE TASSIGNY,43.22926,0.05588,Plein jour,En agglomération,Hors intersection,Normale,Deux véhicules - arrière,,,,,,,,,,,1,2,1,1.0,2
201200035125,0012-11-15 13:40:00,12,11,15,13,40,650,440,"., LATTRE DE TASSIGNY(BO",43.2285,0.05629,Plein jour,En agglomération,Hors intersection,Normale,Deux véhicules - côté,,,,,,,,,,,1,2,1,1.0,3
201200035126,0012-11-17 17:45:00,12,11,17,17,45,650,440,MARNE (AVENUE DE LA),43.23153,0.08473,Nuit avec éclairage allumé,En agglomération,Intersection en X,Normale,Deux véhicules - côté,,,,,,,,,,,5,2,2,1.0,3
201200035127,0012-11-18 11:00:00,12,11,18,11,0,650,440,LOURDES (ROND-POINT ROUT,43.2211,0.06129,Plein jour,En agglomération,Giratoire,Normale,Deux véhicules - frontale,,,,,,,,,,,1,2,6,1.0,1
201200035128,0012-11-18 13:25:00,12,11,18,13,25,650,47,PRAIRIE (RUE DE LA),43.23626,0.09071,Plein jour,En agglomération,Intersection en T,Normale,Deux véhicules - côté,,,,,,,,,,,1,2,3,1.0,3
201200035129,0012-11-19 07:54:00,12,11,19,7,54,650,440,"4, BREYER (RUE ANDRE)",43.23635,0.0654,Nuit avec éclairage allumé,En agglomération,Hors intersection,Normale,Deux véhicules - côté,,,,,,,,,,,5,2,1,1.0,3
201200035130,0012-11-19 17:25:00,12,11,19,17,25,650,440,"., ALSTHOM (PONT)",43.22325,0.09213,Plein jour,En agglomération,Hors intersection,Normale,Deux véhicules - arrière,,,,,,,,,,,1,2,1,1.0,2
201200035131,0012-11-22 11:40:00,12,11,22,11,40,650,440,"72, ALSACE LORRAINE (AVE",43.25067,0.07272,Plein jour,En agglomération,Hors intersection,Normale,Deux véhicules - arrière,,,,,,,,,,,1,2,1,1.0,2
201200035132,0012-11-24 06:30:00,12,11,24,6,30,650,440,"., ALSACE LORRAINE (AVEN",43.24964,0.07286,Nuit avec éclairage allumé,En agglomération,Intersection en X,Normale,Deux véhicules - frontale,,,,,,,,,,,5,2,2,1.0,1
201200035133,0012-11-29 16:45:00,12,11,29,16,45,650,417,"3, HUGO (RUE VICTOR)",43.22821,0.10318,Plein jour,En agglomération,Hors intersection,Normale,Deux véhicules - côté,,,,,,,,,,,1,2,1,1.0,3
201200035134,0012-11-30 17:05:00,12,11,30,17,5,650,331,"., BRIAND (AVENUE ARISTI",43.2172,0.05597,Plein jour,En agglomération,Hors intersection,Normale,Deux véhicules - arrière,,,,,,,,,,,1,2,1,1.0,2
201200035135,0012-12-01 16:00:00,12,12,1,16,0,650,440,"., MARNE (AVENUE DE LA)",43.23334,0.08221,Plein jour,En agglomération,Intersection en X,Normale,Autre collision,,,,,,,,,,,1,2,2,1.0,6
201200035136,0012-12-04 08:30:00,12,12,4,8,30,650,440,"52, LATTRE DE TASSIGNY(B",43.22487,0.05753,Plein jour,En agglomération,Hors intersection,Pluie légère,Trois véhicules et plus - en chaîne,,,,,,,,,,,1,2,1,2.0,4
201200035137,0012-12-04 18:20:00,12,12,4,18,20,650,251,", RD215",43.21482,0.08549,Nuit sans éclairage public,Hors agglomération,Intersection en T,Pluie légère,Deux véhicules - côté,,,,,,,,,,,3,1,3,2.0,3
201200035138,0012-12-04 17:00:00,12,12,4,17,0,650,440,REGIMENT DE BIGORRE (AVE,43.23012,0.07023,Crépuscule ou aube,En agglomération,Hors intersection,Pluie légère,Deux véhicules - arrière,,,,,,,,,,,2,2,1,2.0,2
201200035139,0012-12-05 15:20:00,12,12,5,15,20,650,440,"19, MOUSIS (RUE FRANCOIS",43.23093,0.08199,Plein jour,En agglomération,Hors intersection,Pluie légère,Autre collision,,,,,,,,,,,1,2,1,2.0,6
201200035140,0012-12-09 12:00:00,12,12,9,12,0,650,440,"28, FOCH (RUE DU MARECHA",43.23194,0.07717,Plein jour,En agglomération,Hors intersection,Normale,Autre collision,,,,,,,,,,,1,2,1,1.0,6
201200035141,0012-12-10 08:45:00,12,12,10,8,45,650,440,"18, FOULON (RUE DU)",43.22967,0.08267,Plein jour,En agglomération,Hors intersection,Normale,Autre collision,,,,,,,,,,,1,2,1,1.0,6
201200035142,0012-12-12 07:55:00,12,12,12,7,55,650,440,ARDENNES (BOULEVARD DES),43.24914,0.0655,Plein jour,En agglomération,Intersection en X,Normale,Deux véhicules - côté,,,,,,,,,,,1,2,2,1.0,3
201200035143,0012-12-18 12:10:00,12,12,18,12,10,650,440,"., SAINT FRAI (ROND POIN",43.22893,0.08841,Plein jour,En agglomération,Giratoire,Normale,Deux véhicules - côté,,,,,,,,,,,1,2,6,1.0,3
201200035144,0012-12-19 18:05:00,12,12,19,18,5,650,100,"., BORDEAUX (ROUTE DE) C",43.26599,0.0713,Nuit sans éclairage public,Hors agglomération,Hors intersection,Normale,Deux véhicules - arrière,,,,,,,,,,,3,1,1,1.0,2
201200035145,0012-12-23 09:20:00,12,12,23,9,20,650,417,"22, AMPEREVIELLE (RUE)",43.22171,0.09802,Plein jour,En agglomération,Hors intersection,Normale,Autre collision,,,,,,,,,,,1,2,1,1.0,6
201200035146,0012-12-26 07:30:00,12,12,26,7,30,650,226,"3, PAU (ROUTE DE)",43.2411,0.01181,Nuit avec éclairage allumé,En agglomération,Hors intersection,Normale,Autre collision,,,,,,,,,,,5,2,1,1.0,6
201200035147,0012-12-26 16:35:00,12,12,26,16,35,650,440,"23, MARTINET (BOULEVARD",43.23481,0.08413,Plein jour,En agglomération,Hors intersection,Normale,Deux véhicules - côté,,,,,,,,,,,1,2,1,1.0,3
201200035148,0012-01-04 19:45:00,12,1,4,19,45,660,136,"08, GUILLAUD (AVENUE GEN",42.69069,2.89383,Nuit avec éclairage allumé,En agglomération,Hors intersection,Normale,Autre collision,,,,,,,,,,,5,2,1,1.0,6
201200035149,0012-01-07 02:35:00,12,1,7,2,35,660,136,"0, LECLERC (AVENUE DU GE",42.70065,2.88821,Nuit avec éclairage allumé,En agglomération,Hors intersection,Normale,Autre collision,,,,,,,,,,,5,2,1,1.0,6
201200035150,0012-01-09 11:05:00,12,1,9,11,5,660,136,"2, MERCADER (BOULEVARD F",42.69464,2.88914,Plein jour,En agglomération,Hors intersection,Normale,Autre collision,,,,,,,,,,,1,2,1,1.0,6
201200035151,0012-01-12 15:40:00,12,1,12,15,40,660,136,R D 900,,,Plein jour,Hors agglomération,Hors intersection,Normale,Deux véhicules - arrière,,,,,,,,,,,1,1,1,1.0,2
201200035152,0012-01-13 18:00:00,12,1,13,18,0,660,136,R D 900,,,Nuit avec éclairage allumé,Hors agglomération,Hors intersection,Normale,Trois véhicules et plus - collisions multiples,,,,,,,,,,,5,1,1,1.0,5
201200035153,0012-01-17 10:04:00,12,1,17,10,4,660,136,"21, REMPART-VILLENEUVE",42.70056,2.89297,Plein jour,En agglomération,Hors intersection,Normale,Autre collision,,,,,,,,,,,1,2,1,1.0,6
201200035154,0012-01-18 17:00:00,12,1,18,17,0,660,136,ALBERT MARCELLIN,42.70056,2.89297,Plein jour,En agglomération,Hors intersection,Normale,Deux véhicules - côté,,,,,,,,,,,1,2,1,1.0,3
201200035155,0012-01-19 14:50:00,12,1,19,14,50,660,136,"., JOFFRE (AVENUE DU MAR",42.71747,2.88751,Plein jour,En agglomération,Hors intersection,Normale,Deux véhicules - côté,,,,,,,,,,,1,2,1,1.0,3
201200035156,0012-01-20 17:00:00,12,1,20,17,0,660,136,"80, PANCHOT (AVENUE JULI",42.6912,2.88183,Plein jour,En agglomération,Hors intersection,Normale,Autre collision,,,,,,,,,,,1,2,1,1.0,6
201200035157,0012-01-22 19:00:00,12,1,22,19,0,660,136,"., RAISINS (DES)",42.69324,2.87443,Nuit avec éclairage allumé,En agglomération,Intersection en X,Normale,Deux véhicules - côté,,,,,,,,,,,5,2,2,1.0,3
201200035158,0012-01-24 08:35:00,12,1,24,8,35,660,136,"., TOSSA (DE)",42.66476,2.88253,Plein jour,En agglomération,Hors intersection,Normale,Deux véhicules - côté,,,,,,,,,,,1,2,1,1.0,3
201200035159,0012-01-26 13:30:00,12,1,26,13,30,660,136,R D 900,,,Plein jour,Hors agglomération,Hors intersection,Normale,Deux véhicules - côté,,,,,,,,,,,1,1,1,1.0,3
201200035160,0012-01-27 12:00:00,12,1,27,12,0,660,136,"., FRANCE (BOULEVARD ANA",42.69738,2.90389,Plein jour,En agglomération,Intersection en T,Normale,Deux véhicules - côté,,,,,,,,,,,1,2,3,1.0,3