accident_id,datetime,annee,mois,jour,heure,minute,departement,commune_insee,adresse,latitude,longitude,luminosite,agglomeration,intersection,meteo,collision,nb_vehicules,nb_usagers,nb_indemnes,nb_tues,nb_blesses_hosp,nb_blesses_legers,age_cond_1,age_cond_2,veh_type_cond_1,veh_type_cond_2,lum_code,agg_code,int_code,atm_code,col_code
201200035283,0012-09-15 21:55:00,12,9,15,21,55,660,136,"43, GUILLAUD (AVENUE GEN",42.68966,2.89424,Nuit avec éclairage allumé,En agglomération,Hors intersection,Normale,Deux véhicules - côté,,,,,,,,,,,5,2,1,1.0,3
201200035284,0012-09-18 12:20:00,12,9,18,12,20,660,136,ESCARGUEL (COURS LAZARE),42.69736,2.88778,Plein jour,En agglomération,Hors intersection,Normale,Deux véhicules - côté,,,,,,,,,,,1,2,1,1.0,3
201200035285,0012-09-18 13:38:00,12,9,18,13,38,660,136,PAYRA (JEAN),42.7028,2.89326,Plein jour,En agglomération,Hors intersection,Normale,Autre collision,,,,,,,,,,,1,2,1,1.0,6
201200035286,0012-09-20 19:00:00,12,9,20,19,0,660,136,DALBIEZ (AVENUE VICTOR),42.68956,2.88448,Crépuscule ou aube,En agglomération,Hors intersection,Normale,Deux véhicules - côté,,,,,,,,,,,2,2,1,1.0,3
201200035287,0012-09-21 14:05:00,12,9,21,14,5,660,136,PENETRANTE NORD,,,Plein jour,Hors agglomération,Hors intersection,Normale,Deux véhicules - arrière,,,,,,,,,,,1,1,1,1.0,2
201200035288,0012-09-23 18:18:00,12,9,23,18,18,660,136,"2., ADAM ADOLPHE",42.72464,2.89421,Plein jour,En agglomération,Hors intersection,Normale,Autre collision,,,,,,,,,,,1,2,1,1.0,6
201200035289,0012-09-21 15:28:00,12,9,21,15,28,660,136,LANGUEDOC (AVENUE DU CD,42.72406,2.88697,Plein jour,En agglomération,Intersection en X,Normale,Deux véhicules - côté,,,,,,,,,,,1,2,2,1.0,3
201200035290,0012-09-27 09:35:00,12,9,27,9,35,660,136,"238, JOFFRE (AVENUE DU M",42.71654,2.88784,Plein jour,En agglomération,Hors intersection,Normale,Autre collision,,,,,,,,,,,1,2,1,1.0,6
201200035291,0012-10-02 07:15:00,12,10,2,7,15,660,136,"54, ALDUY (Paul)",42.6768,2.90523,Crépuscule ou aube,En agglomération,Hors intersection,Normale,Deux véhicules - côté,,,,,,,,,,,2,2,1,1.0,3
201200035292,0012-10-03 01:50:00,12,10,3,1,50,660,136,"., CARNOT (QUAI SADI)",42.70031,2.89362,Nuit avec éclairage allumé,En agglomération,Hors intersection,Normale,Autre collision,,,,,,,,,,,5,2,1,1.0,6
201200035293,0012-10-03 15:00:00,12,10,3,15,0,660,136,"1395, LANGUEDOC (AVENUE",42.74048,2.8919,Plein jour,En agglomération,Hors intersection,Normale,Deux véhicules - arrière,,,,,,,,,,,1,2,1,1.0,2
201200035294,0012-10-05 07:45:00,12,10,5,7,45,660,136,"., MISTRAL (BOULEVARD FR",42.69711,2.90557,Plein jour,En agglomération,Hors intersection,Normale,Autre collision,,,,,,,,,,,1,2,1,1.0,6
201200035295,0012-10-04 17:35:00,12,10,4,17,35,660,136,"., DIDEROT (DENIS)",42.7041,2.90783,Plein jour,En agglomération,Hors intersection,Normale,Deux véhicules - côté,,,,,,,,,,,1,2,1,1.0,3
201200035296,0012-10-04 12:00:00,12,10,4,12,0,660,136,"., LANGUEDOC (AVENUE DU",42.73621,2.89059,Plein jour,En agglomération,Hors intersection,Normale,Deux véhicules - côté,,,,,,,,,,,1,2,1,1.0,3
201200035297,0012-10-09 10:35:00,12,10,9,10,35,660,136,"., ROTTERDAM (ROND POINT",42.69428,2.85134,Plein jour,Hors agglomération,Hors intersection,Normale,Deux véhicules - côté,,,,,,,,,,,1,1,1,1.0,3
201200035298,0012-10-09 09:00:00,12,10,9,9,0,660,136,"7, REPUBLIQUE (PLACE DE",42.69811,2.89538,Plein jour,En agglomération,Hors intersection,Normale,Autre collision,,,,,,,,,,,1,2,1,1.0,6
201200035299,0012-10-10 09:35:00,12,10,10,9,35,660,136,WALDECK-ROUSSEAU (RENE),,,Plein jour,En agglomération,Intersection en X,Normale,Autre collision,,,,,,,,,,,1,2,2,1.0,6
201200035300,0012-10-12 16:15:00,12,10,12,16,15,660,136,"3750, JULIEN PANCHOT (AV",42.67625,2.8434,Plein jour,Hors agglomération,Hors intersection,Normale,Deux véhicules - arrière,,,,,,,,,,,1,1,1,1.0,2
201200035301,0012-10-15 12:45:00,12,10,15,12,45,660,136,"228, JOFFRE (AVENUE DU M",42.71624,2.88796,Plein jour,En agglomération,Hors intersection,Normale,Deux véhicules - frontale,,,,,,,,,,,1,2,1,1.0,1
201200035302,0012-10-13 12:10:00,12,10,13,12,10,660,136,DESNOYE (BOULEVARD DR  J,42.7078,2.88636,Plein jour,En agglomération,Intersection en T,Normale,Deux véhicules - côté,,,,,,,,,,,1,2,3,1.0,3
201200035303,0012-10-14 08:50:00,12,10,14,8,50,660,136,"15, GUYNEMER (AVENUE GEO",42.69546,2.9041,Plein jour,En agglomération,Intersection en X,Normale,Deux véhicules - côté,,,,,,,,,,,1,2,2,1.0,3
201200035304,0012-10-21 07:00:00,12,10,21,7,0,660,136,ESPAGNE (ROUTE D'),,,Nuit sans éclairage public,En agglomération,Hors intersection,Pluie légère,Autre collision,,,,,,,,,,,3,2,1,2.0,6
201200035305,0012-10-17 10:55:00,12,10,17,10,55,660,136,"., FRANCE LIBRE (BOULEVA",42.70153,2.88585,Plein jour,Hors agglomération,Hors intersection,Normale,Deux véhicules - arrière,,,,,,,,,,,1,1,1,1.0,2
201200035306,0012-10-23 07:00:00,12,10,23,7,0,660,136,"., PANCHOT (AVENUE JULIE",42.68522,2.86681,Nuit avec éclairage allumé,En agglomération,Hors intersection,Normale,Deux véhicules - côté,,,,,,,,,,,5,2,1,1.0,3
201200035307,0012-10-15 15:00:00,12,10,15,15,0,660,136,"., LANGEVIN (BOULEVARD P",42.68511,2.87353,Plein jour,En agglomération,Hors intersection,Normale,Deux véhicules - côté,,,,,,,,,,,1,2,1,1.0,3
201200035308,0012-10-24 09:45:00,12,10,24,9,45,660,136,ALDUY (Paul),42.68007,2.90351,Plein jour,En agglomération,Intersection en X,Normale,Deux véhicules - côté,,,,,,,,,,,1,2,2,1.0,3
201200035309,0012-10-24 21:20:00,12,10,24,21,20,660,136,"., COQUELICOTS (DES)",42.70513,2.9019,Nuit avec éclairage non allumé,En agglomération,Hors intersection,Normale,Deux véhicules - côté,,,,,,,,,,,4,2,1,1.0,3
201200035310,0012-11-12 11:20:00,12,11,12,11,20,660,136,"47, MERMOZ (AVENUE JEAN)",42.69635,2.90859,Plein jour,En agglomération,Intersection en X,Normale,Deux véhicules - frontale,,,,,,,,,,,1,2,2,1.0,1
201200035311,0012-11-12 14:45:00,12,11,12,14,45,660,136,"58, ALDUY (Paul)",42.68038,2.9032,Plein jour,En agglomération,Hors intersection,Normale,Trois véhicules et plus - collisions multiples,,,,,,,,,,,1,2,1,1.0,5
201200035312,0012-11-12 18:00:00,12,11,12,18,0,660,136,"70, BRIAND BOULEVARD ARI",42.69175,2.89881,Crépuscule ou aube,En agglomération,Hors intersection,Normale,Deux véhicules - arrière,,,,,,,,,,,2,2,1,1.0,2
201200035313,0012-11-13 14:15:00,12,11,13,14,15,660,136,"., FOCH (MARECHAL)",42.69445,2.88854,Plein jour,En agglomération,Hors intersection,Normale,Deux véhicules - côté,,,,,,,,,,,1,2,1,1.0,3
201200035314,0012-11-13 15:55:00,12,11,13,15,55,660,136,"45, BERNARD CLAUDE",42.70421,2.90333,Plein jour,En agglomération,Hors intersection,Normale,Autre collision,,,,,,,,,,,1,2,1,1.0,6
201200035315,0012-11-15 19:40:00,12,11,15,19,40,660,136,"., ARGELES SUR MER AVENU",42.68356,2.90945,Nuit avec éclairage allumé,En agglomération,Hors intersection,Normale,Deux véhicules - arrière,,,,,,,,,,,5,2,1,1.0,2
201200035316,0012-11-15 16:35:00,12,11,15,16,35,660,136,"., VIGNES (CHEMIN DES)",42.74169,2.89611,Plein jour,Hors agglomération,Hors intersection,Normale,Deux véhicules - côté,,,,,,,,,,,1,1,1,1.0,3
201200035317,0012-11-17 08:20:00,12,11,17,8,20,660,136,D?partementale 914,,,Plein jour,Hors agglomération,Hors intersection,Normale,Deux véhicules - côté,,,,,,,,,,,1,1,1,1.0,3
201200035318,0012-11-19 11:40:00,12,11,19,11,40,660,136,"68, ROUDAYRE (AVENUE EMI",42.71087,2.8971,Plein jour,En agglomération,Hors intersection,Normale,Deux véhicules - côté,,,,,,,,,,,1,2,1,1.0,3
201200035319,0012-11-16 17:25:00,12,11,16,17,25,660,136,"22, POINCARE (BOULEVARD",42.69142,2.89488,Crépuscule ou aube,En agglomération,Hors intersection,Normale,Autre collision,,,,,,,,,,,2,2,1,1.0,6
201200035320,0012-11-22 16:00:00,12,11,22,16,0,660,136,DESPRES (HIPPOLYTE),42.70901,2.88702,Plein jour,En agglomération,Intersection en X,Normale,Deux véhicules - côté,,,,,,,,,,,1,2,2,1.0,3
201200035321,0012-11-20 21:25:00,12,11,20,21,25,660,136,"1, PRUNETA (LIEUTENANT)",42.69463,2.89233,Nuit avec éclairage allumé,En agglomération,Hors intersection,Normale,Autre collision,,,,,,,,,,,5,2,1,1.0,6
201200035322,0012-11-23 18:00:00,12,11,23,18,0,660,136,R D 900,,,Crépuscule ou aube,Hors agglomération,Hors intersection,Normale,Trois véhicules et plus - en chaîne,,,,,,,,,,,2,1,1,1.0,4
201200035323,0012-11-25 18:00:00,12,11,25,18,0,660,136,"., ARGELES SUR MER AVENU",42.68134,2.91057,Crépuscule ou aube,Hors agglomération,Hors intersection,Normale,Trois véhicules et plus - en chaîne,,,,,,,,,,,2,1,1,1.0,4
201200035324,0012-11-14 14:50:00,12,11,14,14,50,660,136,"7, JOFFRE (AVENUE DU MAR",42.71288,2.88929,Plein jour,En agglomération,Hors intersection,Normale,Autre collision,,,,,,,,,,,1,2,1,1.0,6
201200035325,0012-12-02 00:20:00,12,12,2,0,20,660,136,"28, GUILLAUD (AVENUE GEN",42.68927,2.89444,Nuit avec éclairage allumé,En agglomération,Hors intersection,Normale,Autre collision,,,,,,,,,,,5,2,1,1.0,6
201200035326,0012-12-04 17:50:00,12,12,4,17,50,660,136,"37, ALBERT MARCELLIN",42.68921,2.8932,Nuit sans éclairage public,En agglomération,Intersection en T,Normale,Deux véhicules - côté,,,,,,,,,,,3,2,3,1.0,3
201200035327,0012-12-07 20:50:00,12,12,7,20,50,660,136,"2000, ESPAGNE (ROUTE D')",42.67029,2.8823,Nuit avec éclairage allumé,Hors agglomération,Hors intersection,Normale,Autre collision,,,,,,,,,,,5,1,1,1.0,6
201200035328,0012-12-09 16:30:00,12,12,9,16,30,660,136,"., SCHWEITZER (AVENUE DU",42.71807,2.87871,Plein jour,En agglomération,Hors intersection,Normale,Deux véhicules - frontale,,,,,,,,,,,1,2,1,1.0,1
201200035329,0012-12-11 12:30:00,12,12,11,12,30,660,136,"31, MERCADER (BOULEVARD",42.6926,2.89195,Plein jour,En agglomération,Hors intersection,Normale,Autre collision,,,,,,,,,,,1,2,1,1.0,6
201200035330,0012-12-08 15:40:00,12,12,8,15,40,660,136,"., HAMBOURG (ROND POINT",42.67802,2.8506,Plein jour,Hors agglomération,Hors intersection,Normale,Deux véhicules - côté,,,,,,,,,,,1,1,1,1.0,3
201200035331,0012-12-12 07:55:00,12,12,12,7,55,660,136,"., NOBEL (QUAI ALFRED)",42.69671,2.88683,Plein jour,En agglomération,Intersection en T,Normale,Deux véhicules - côté,,,,,,,,,,,1,2,3,1.0,3
201200035332,0012-12-14 17:20:00,12,12,14,17,20,660,136,"., BAUBY PLACE FIRMIN",42.69314,2.91526,Plein jour,En agglomération,Hors intersection,Normale,Deux véhicules - côté,,,,,,,,,,,1,2,1,1.0,3
201200035333,0012-12-18 07:45:00,12,12,18,7,45,660,136,PRADES (AVENUE DE),,,Plein jour,Hors agglomération,Hors intersection,Normale,Deux véhicules - arrière,,,,,,,,,,,1,1,1,1.0,2
201200035334,0012-12-26 16:30:00,12,12,26,16,30,660,136,"., ESPAGNE (ROUTE D')",42.68347,2.89558,Plein jour,En agglomération,Hors intersection,Normale,Deux véhicules - côté,,,,,,,,,,,1,2,1,1.0,3
201200035335,0012-01-13 19:50:00,12,1,13,19,50,670,180,RD 1063,,,Nuit sans éclairage public,Hors agglomération,Hors intersection,Normale,Deux véhicules - frontale,,,,,,,,,,,3,1,1,1.0,1
201200035336,0012-01-19 07:10:00,12,1,19,7,10,670,180,"013, FOUGERES (RUE DES)",,,Crépuscule ou aube,En agglomération,Hors intersection,Pluie légère,Autre collision,,,,,,,,,,,2,2,1,2.0,6
201200035337,0012-02-16 19:00:00,12,2,16,19,0,670,180,RD 99,,,Nuit sans éclairage public,Hors agglomération,Hors intersection,Autre,Autre collision,,,,,,,,,,,3,1,1,9.0,6
201200035338,0012-02-24 16:55:00,12,2,24,16,55,670,180,RD263,,,Plein jour,Hors agglomération,Hors intersection,Temps couvert,Trois véhicules et plus - collisions multiples,,,,,,,,,,,1,1,1,8.0,5
201200035339,0012-03-01 18:45:00,12,3,1,18,45,670,180,BITCHE (ROUTE DE),,,Crépuscule ou aube,En agglomération,Hors intersection,Normale,Deux véhicules - côté,,,,,,,,,,,2,2,1,1.0,3
201200035340,0012-04-14 05:55:00,12,4,14,5,55,670,180,RD 1063,,,Nuit sans éclairage public,Hors agglomération,Hors intersection,Normale,Deux véhicules - frontale,,,,,,,,,,,3,1,1,1.0,1
201200035341,0012-05-15 09:20:00,12,5,15,9,20,670,180,MARECHAL FOCH (RUE DU),,,Plein jour,En agglomération,Intersection en T,Normale,Autre collision,,,,,,,,,,,1,2,3,1.0,6
201200035342,0012-05-23 19:20:00,12,5,23,19,20,670,180,"4A, FRICHES (CHEMIN DES)",,,Plein jour,En agglomération,Hors intersection,Normale,Autre collision,,,,,,,,,,,1,2,1,1.0,6
201200035343,0012-06-13 10:30:00,12,6,13,10,30,670,180,GRAND RUE,,,Plein jour,En agglomération,Hors intersection,Pluie légère,Autre collision,,,,,,,,,,,1,2,1,2.0,6
201200035344,0012-06-14 18:55:00,12,6,14,18,55,670,180,CULTIVATEURS (RUE DES),,,Plein jour,En agglomération,Intersection en T,Normale,Autre collision,,,,,,,,,,,1,2,3,1.0,6
201200035345,0012-07-13 17:39:00,12,7,13,17,39,670,180,"75, STRASBOURG (ROUTE DE",,,Plein jour,En agglomération,Hors intersection,Normale,Autre collision,,,,,,,,,,,1,2,1,1.0,6
201200035346,0012-07-19 06:54:00,12,7,19,6,54,670,180,FERME KLEIN (RUE DE LA),,,Plein jour,En agglomération,Passage à niveau,Normale,Deux véhicules - côté,,,,,,,,,,,1,2,8,1.0,3
201200035347,0012-07-25 20:50:00,12,7,25,20,50,670,180,PAYSANS (CHEMIN DES),,,Plein jour,Hors agglomération,Intersection en T,Normale,Deux véhicules - côté,,,,,,,,,,,1,1,3,1.0,3
201200035348,0012-09-01 11:29:00,12,9,1,11,29,670,180,KLEBER (RUE),,,Plein jour,En agglomération,Intersection en T,Temps éblouissant,Deux véhicules - côté,,,,,,,,,,,1,2,3,7.0,3
201200035349,0012-09-07 17:14:00,12,9,7,17,14,670,180,"31, EXUPERY (RUE SAINT)",,,Plein jour,En agglomération,Intersection en T,Normale,Deux véhicules - côté,,,,,,,,,,,1,2,3,1.0,3
201200035350,0012-10-02 14:10:00,12,10,2,14,10,670,180,RD263,,,Plein jour,Hors agglomération,Hors intersection,Normale,Deux véhicules - côté,,,,,,,,,,,1,1,1,1.0,3
201200035351,0012-10-31 01:00:00,12,10,31,1,0,670,180,MARECHAL JOFFRE (RUE DU),,,Nuit avec éclairage allumé,En agglomération,Intersection en X,Normale,Autre collision,,,,,,,,,,,5,2,2,1.0,6
201200035352,0012-11-20 18:20:00,12,11,20,18,20,670,180,RD 72,,,Nuit sans éclairage public,Hors agglomération,Hors intersection,Pluie légère,Deux véhicules - frontale,,,,,,,,,,,3,1,1,2.0,1
201200035353,0012-01-03 18:15:00,12,1,3,18,15,670,462,"93, STRASBOURG (ROUTE DE",,,Nuit avec éclairage allumé,En agglomération,Intersection en T,Temps couvert,Deux véhicules - côté,,,,,,,,,,,5,2,3,8.0,3
201200035354,0012-01-09 13:25:00,12,1,9,13,25,670,462,"2, MARECHAL DE LATTRE DE",,,Plein jour,En agglomération,Hors intersection,Normale,Autre collision,,,,,,,,,,,1,2,1,1.0,6
201200035355,0012-02-29 19:20:00,12,2,29,19,20,670,462,"3, LIBERTE (AVENUE DE LA",,,Nuit avec éclairage allumé,En agglomération,Hors intersection,Normale,Autre collision,,,,,,,,,,,5,2,1,1.0,6
201200035356,0012-05-27 16:37:00,12,5,27,16,37,670,462,"1, DAHLIAS (RUE DES)",,,Plein jour,En agglomération,Intersection en X,Normale,Autre collision,,,,,,,,,,,1,2,2,1.0,6
201200035357,0012-06-08 17:53:00,12,6,8,17,53,670,462,DORLAN (RUE),,,Plein jour,En agglomération,Intersection en Y,Normale,Deux véhicules - côté,,,,,,,,,,,1,2,4,1.0,3
201200035358,0012-07-05 14:21:00,12,7,5,14,21,670,462,"10, MAISON ROUGE (RUE DE",,,Plein jour,Hors agglomération,Hors intersection,Normale,Deux véhicules - frontale,,,,,,,,,,,1,1,1,1.0,1
201200035359,0012-08-01 13:31:00,12,8,1,13,31,670,462,"11, EPFIG (ROUTE D)",,,Plein jour,Hors agglomération,Hors intersection,Normale,Autre collision,,,,,,,,,,,1,1,1,1.0,6
201200035360,0012-09-16 01:25:00,12,9,16,1,25,670,462,LOUIS PASTEUR (AVENUE),,,Nuit avec éclairage allumé,En agglomération,Intersection à plus de 4 branches,Normale,Deux véhicules - côté,,,,,,,,,,,5,2,5,1.0,3
201200035361,0012-12-05 11:50:00,12,12,5,11,50,670,462,"1, THIERS (BOULEVARD)",,,Plein jour,En agglomération,Intersection en X,Normale,Deux véhicules - côté,,,,,,,,,,,1,2,2,1.0,3
201200035362,0012-01-01 03:40:00,12,1,1,3,40,670,482,"0, RHIN NAPOLEON (RUE DU",,,Nuit avec éclairage allumé,En agglomération,Hors intersection,Pluie légère,Autre collision,,,,,,,,,,,5,2,1,2.0,6
201200035363,0012-01-03 14:10:00,12,1,3,14,10,670,482,"00, JULES RATHGEBER (RUE",,,Plein jour,En agglomération,Intersection en X,Normale,Autre collision,,,,,,,,,,,1,2,2,1.0,6
201200035364,0012-01-03 16:50:00,12,1,3,16,50,670,43,"0, TROIS MAIRES (RUE DES",,,Nuit avec éclairage allumé,En agglomération,Intersection en X,Normale,Deux véhicules - côté,,,,,,,,,,,5,2,2,1.0,3
201200035365,0012-01-04 10:25:00,12,1,4,10,25,670,482,"0, FLACHENBOURG (RUE DE",,,Plein jour,En agglomération,Intersection en X,Normale,Deux véhicules - côté,,,,,,,,,,,1,2,2,1.0,3
201200035366,0012-01-05 08:05:00,12,1,5,8,5,670,447,"0, PARC (RUE DU)",,,Crépuscule ou aube,En agglomération,Intersection en T,Pluie légère,Autre collision,,,,,,,,,,,2,2,3,2.0,6
201200035367,0012-01-06 17:15:00,12,1,6,17,15,670,218,"201, LYON (RTE DE)",,,Crépuscule ou aube,En agglomération,Hors intersection,Pluie légère,Autre collision,,,,,,,,,,,2,2,1,2.0,6
201200035368,0012-01-07 17:45:00,12,1,7,17,45,670,482,"0, FOUDAY (RUE DE)",,,Nuit sans éclairage public,En agglomération,Intersection en X,Pluie légère,Autre collision,,,,,,,,,,,3,2,2,2.0,6
201200035369,0012-01-06 22:30:00,12,1,6,22,30,670,482,"0, LEICESTER (RUE)",,,Nuit avec éclairage allumé,En agglomération,Hors intersection,Normale,Sans collision,,,,,,,,,,,5,2,1,1.0,7
201200035370,0012-01-09 13:20:00,12,1,9,13,20,670,482,"24, VOSGES (AVENUE DES)",,,Plein jour,En agglomération,Hors intersection,Pluie légère,Deux véhicules - arrière,,,,,,,,,,,1,2,1,2.0,2
201200035371,0012-01-10 09:45:00,12,1,10,9,45,670,218,"0, ESCHAU (ROUTE D )",,,Plein jour,En agglomération,Intersection en X,Normale,Deux véhicules - côté,,,,,,,,,,,1,2,2,1.0,3
201200035372,0012-01-11 02:00:00,12,1,11,2,0,670,482,"0, LYON (BOULEVARD DE)",,,Nuit avec éclairage allumé,En agglomération,Intersection en T,Normale,Autre collision,,,,,,,,,,,5,2,3,1.0,6
201200035373,0012-01-11 12:44:00,12,1,11,12,44,670,482,"0, LA WANTZENAU (ROUTE D",,,Plein jour,En agglomération,Hors intersection,Temps couvert,Autre collision,,,,,,,,,,,1,2,1,8.0,6
201200035374,0012-01-11 18:30:00,12,1,11,18,30,670,482,"4, GRIESHEIM (RUE DE)",,,Nuit avec éclairage allumé,En agglomération,Hors intersection,Normale,Deux véhicules - côté,,,,,,,,,,,5,2,1,1.0,3
201200035375,0012-01-11 20:40:00,12,1,11,20,40,670,482,"0, RHIN (ROUTE DU)",,,Nuit avec éclairage allumé,En agglomération,Hors intersection,Normale,Deux véhicules - arrière,,,,,,,,,,,5,2,1,1.0,2
201200035376,0012-01-12 08:29:00,12,1,12,8,29,670,482,"0, JACQUES KABLE (RUE)",,,Plein jour,En agglomération,Intersection en T,Normale,Deux véhicules - côté,,,,,,,,,,,1,2,3,1.0,3
201200035377,0012-01-12 08:00:00,12,1,12,8,0,670,218,"38, LYON (RTE DE)",,,Crépuscule ou aube,En agglomération,Hors intersection,Normale,Deux véhicules - arrière,,,,,,,,,,,2,2,1,1.0,2
201200035378,0012-01-13 14:05:00,12,1,13,14,5,670,447,"0, GENERAL DE GAULLE (RO",,,Plein jour,En agglomération,Intersection en X,Normale,Deux véhicules - côté,,,,,,,,,,,1,2,2,1.0,3
201200035379,0012-01-13 16:30:00,12,1,13,16,30,670,482,"48, CANARDIERE (RUE DE L",,,Plein jour,En agglomération,Hors intersection,Normale,Sans collision,,,,,,,,,,,1,2,1,1.0,7
201200035380,0012-01-14 18:20:00,12,1,14,18,20,670,482,"25, RHIN (ROUTE DU)",,,Nuit avec éclairage allumé,En agglomération,Hors intersection,Normale,Deux véhicules - arrière,,,,,,,,,,,5,2,1,1.0,2
201200035381,0012-01-16 08:30:00,12,1,16,8,30,670,482,"2, ANDRE MALRAUX (RUE)",,,Plein jour,En agglomération,Intersection en X,Normale,Deux véhicules - côté,,,,,,,,,,,1,2,2,1.0,3
201200035382,0012-01-16 11:20:00,12,1,16,11,20,670,43,"0, MARAIS (RUE DU)",,,Plein jour,En agglomération,Hors intersection,Normale,Deux véhicules - arrière,,,,,,,,,,,1,2,1,1.0,2
201200035383,0012-01-16 20:10:00,12,1,16,20,10,670,482,"0, OBERHAUSBERGEN (ROUTE",,,Nuit avec éclairage allumé,En agglomération,Hors intersection,Normale,Deux véhicules - côté,,,,,,,,,,,5,2,1,1.0,3
201200035384,0012-01-18 10:20:00,12,1,18,10,20,670,482,"75, JEAN JAURES (AVENUE)",,,Plein jour,En agglomération,Hors intersection,Normale,Autre collision,,,,,,,,,,,1,2,1,1.0,6
201200035385,0012-01-19 14:40:00,12,1,19,14,40,670,218,"00, ALFRED KASTLER (ROUT",,,Plein jour,En agglomération,Hors intersection,Temps couvert,Deux véhicules - arrière,,,,,,,,,,,1,2,1,8.0,2
201200035386,0012-01-19 18:20:00,12,1,19,18,20,670,482,"00, ALPES (QUAI DES)",,,Nuit avec éclairage allumé,En agglomération,Intersection en X,Pluie légère,Deux véhicules - côté,,,,,,,,,,,5,2,2,2.0,3
201200035387,0012-01-20 17:40:00,12,1,20,17,40,670,482,"0, KLEBSAU (RUE DE LA)",,,Nuit avec éclairage allumé,En agglomération,Hors intersection,Pluie légère,Autre collision,,,,,,,,,,,5,2,1,2.0,6
201200035388,0012-01-21 10:40:00,12,1,21,10,40,670,447,"0, PETITS PRES (RUE DES)",,,Plein jour,En agglomération,Intersection en T,Normale,Autre collision,,,,,,,,,,,1,2,3,1.0,6
201200035389,0012-01-21 20:00:00,12,1,21,20,0,670,482,"0, MARCHE GARE (RUE DU)",,,Nuit avec éclairage allumé,En agglomération,Giratoire,Pluie légère,Deux véhicules - arrière,,,,,,,,,,,5,2,6,2.0,2
201200035390,0012-01-22 00:15:00,12,1,22,0,15,670,43,"2, VENDENHEIM (RUE DE)",,,Nuit avec éclairage allumé,En agglomération,Hors intersection,Pluie légère,Autre collision,,,,,,,,,,,5,2,1,2.0,6
201200035391,0012-01-22 01:00:00,12,1,22,1,0,670,482,"0, BALLERSDORF (RUE DU)",,,Nuit avec éclairage allumé,En agglomération,Hors intersection,Pluie légère,Autre collision,,,,,,,,,,,5,2,1,2.0,6
201200035392,0012-01-23 15:30:00,12,1,23,15,30,670,482,"267, COLMAR (AVENUE DE)",,,Plein jour,En agglomération,Hors intersection,Pluie légère,Autre collision,,,,,,,,,,,1,2,1,2.0,6
201200035393,0012-01-24 08:35:00,12,1,24,8,35,670,482,"97, ANVERS (BOULEVARD D",,,Plein jour,En agglomération,Hors intersection,Normale,Deux véhicules - côté,,,,,,,,,,,1,2,1,1.0,3
201200035394,0012-01-24 18:30:00,12,1,24,18,30,670,447,"2, CHATEAU (SQUARE DU)",,,Nuit avec éclairage allumé,En agglomération,Hors intersection,Normale,Deux véhicules - côté,,,,,,,,,,,5,2,1,1.0,3
201200035395,0012-01-25 18:00:00,12,1,25,18,0,670,447,"18, PIERRE MENDES FRANCE",,,Nuit avec éclairage allumé,Hors agglomération,Hors intersection,Normale,Trois véhicules et plus - en chaîne,,,,,,,,,,,5,1,1,1.0,4
201200035396,0012-01-27 17:10:00,12,1,27,17,10,670,447,"41, PRINCIPALE (RUE)",,,Nuit avec éclairage allumé,En agglomération,Hors intersection,Temps couvert,Autre collision,,,,,,,,,,,5,2,1,8.0,6
201200035397,0012-01-30 00:01:00,12,1,30,0,1,670,482,"0, VIRGILE (RUE)",,,Nuit avec éclairage allumé,En agglomération,Intersection en X,Normale,Deux véhicules - côté,,,,,,,,,,,5,2,2,1.0,3
201200035398,0012-01-30 07:20:00,12,1,30,7,20,670,482,"66, SCHIRMECK (ROUTE DE)",,,Nuit avec éclairage allumé,En agglomération,Hors intersection,Normale,Trois véhicules et plus - en chaîne,,,,,,,,,,,5,2,1,1.0,4
201200035399,0012-01-31 19:30:00,12,1,31,19,30,670,447,"24, DE LATTRE DE TASSIGN",,,Nuit avec éclairage allumé,En agglomération,Hors intersection,Normale,Autre collision,,,,,,,,,,,5,2,1,1.0,6
201200035400,0012-01-31 19:45:00,12,1,31,19,45,670,482,"14, DOSTOIEVSKI (BOULEVA",,,Nuit avec éclairage allumé,En agglomération,Intersection en T,Normale,Autre collision,,,,,,,,,,,5,2,3,1.0,6
201200035401,0012-02-01 16:15:00,12,2,1,16,15,670,482,"15, KLEBER (QUAI)",,,Plein jour,En agglomération,Hors intersection,Normale,Autre collision,,,,,,,,,,,1,2,1,1.0,6
201200035402,0012-02-06 20:10:00,12,2,6,20,10,670,482,"0, LEON BOLL (RUE)",,,Nuit avec éclairage allumé,En agglomération,Intersection en T,Autre,Autre collision,,,,,,,,,,,5,2,3,9.0,6
201200035403,0012-02-07 05:50:00,12,2,7,5,50,670,482,"0, PETIT RHIN (ROUTE DU)",,,Nuit avec éclairage allumé,En agglomération,Intersection en T,Normale,Autre collision,,,,,,,,,,,5,2,3,1.0,6
201200035404,0012-02-07 14:50:00,12,2,7,14,50,670,482,"0, RENE CASSIN (ALLEE)",,,Plein jour,En agglomération,Hors intersection,Normale,Deux véhicules - côté,,,,,,,,,,,1,2,1,1.0,3
201200035405,0012-02-08 06:40:00,12,2,8,6,40,670,482,"00, POLYGONE (ROUTE DU)",,,Nuit avec éclairage allumé,En agglomération,Intersection en X,Normale,Deux véhicules - côté,,,,,,,,,,,5,2,2,1.0,3