accident_id,datetime,annee,mois,jour,heure,minute,departement,commune_insee,adresse,latitude,longitude,luminosite,agglomeration,intersection,meteo,collision,nb_vehicules,nb_usagers,nb_indemnes,nb_tues,nb_blesses_hosp,nb_blesses_legers,age_cond_1,age_cond_2,veh_type_cond_1,veh_type_cond_2,lum_code,agg_code,int_code,atm_code,col_code
201200035406,0012-02-08 11:50:00,12,2,8,11,50,670,267,"26, OSTWALD (RUE D )",,,Plein jour,En agglomération,Hors intersection,Normale,Autre collision,,,,,,,,,,,1,2,1,1.0,6
201200035407,0012-02-08 19:50:00,12,2,8,19,50,670,482,"0, LYON (BOULEVARD DE)",,,Nuit avec éclairage allumé,En agglomération,Hors intersection,Normale,Deux véhicules - côté,,,,,,,,,,,5,2,1,1.0,3
201200035408,0012-02-09 18:25:00,12,2,9,18,25,670,43,"1, CHARLES DE GAULLE (AV",,,Nuit avec éclairage allumé,En agglomération,Hors intersection,Normale,Autre collision,,,,,,,,,,,5,2,1,1.0,6
201200035409,0012-02-11 16:50:00,12,2,11,16,50,670,482,"0, EDMOND ROSTAND (RUE)",,,Plein jour,En agglomération,Hors intersection,Normale,Autre collision,,,,,,,,,,,1,2,1,1.0,6
201200035410,0012-02-12 11:20:00,12,2,12,11,20,670,482,"0, ORPHELINS (RUE DES)",,,Plein jour,En agglomération,Intersection en X,Normale,Autre collision,,,,,,,,,,,1,2,2,1.0,6
201200035411,0012-02-14 15:00:00,12,2,14,15,0,670,482,"0, HALLES (PLACE DES)",,,Plein jour,En agglomération,Hors intersection,Neige / grêle,Autre collision,,,,,,,,,,,1,2,1,4.0,6
201200035412,0012-02-14 19:45:00,12,2,14,19,45,670,218,"0, PLAINE (RUE DE LA)",,,Nuit avec éclairage allumé,En agglomération,Intersection en X,Pluie légère,Deux véhicules - côté,,,,,,,,,,,5,2,2,2.0,3
201200035413,0012-02-14 20:10:00,12,2,14,20,10,670,482,"2, BATELIERS (QUAI DES)",,,Nuit avec éclairage allumé,En agglomération,Intersection en T,Neige / grêle,Trois véhicules et plus - collisions multiples,,,,,,,,,,,5,2,3,4.0,5
201200035414,0012-02-15 00:30:00,12,2,15,0,30,670,482,"0, BARR (RUE DE)",,,Nuit avec éclairage allumé,En agglomération,Intersection en X,Pluie légère,Deux véhicules - côté,,,,,,,,,,,5,2,2,2.0,3
201200035415,0012-02-15 18:10:00,12,2,15,18,10,670,482,"0, ROMAINS (ROUTE DES)",,,Nuit avec éclairage allumé,En agglomération,Intersection en X,Normale,Deux véhicules - côté,,,,,,,,,,,5,2,2,1.0,3
201200035416,0012-02-16 08:15:00,12,2,16,8,15,670,482,"n 64, VOSGES (AVENUE DES",,,Plein jour,En agglomération,Hors intersection,Normale,Autre collision,,,,,,,,,,,1,2,1,1.0,6
201200035417,0012-02-16 15:10:00,12,2,16,15,10,670,482,"0, LEON DACHEUX (AVENUE)",,,Plein jour,En agglomération,Intersection en X,Normale,Deux véhicules - côté,,,,,,,,,,,1,2,2,1.0,3
201200035418,0012-02-16 22:30:00,12,2,16,22,30,670,482,"47, ENGELBREIT (RUE DE L",,,Nuit avec éclairage allumé,En agglomération,Hors intersection,Normale,Deux véhicules - frontale,,,,,,,,,,,5,2,1,1.0,1
201200035419,0012-02-17 18:50:00,12,2,17,18,50,670,482,"0, SEBASTOPOL (RUE DE)",,,Nuit avec éclairage allumé,En agglomération,Hors intersection,Normale,Deux véhicules - côté,,,,,,,,,,,5,2,1,1.0,3
201200035420,0012-02-19 21:50:00,12,2,19,21,50,670,482,"0, BRIGADE ALSACE LORRAI",,,Nuit avec éclairage allumé,En agglomération,Intersection en T,Normale,Deux véhicules - côté,,,,,,,,,,,5,2,3,1.0,3
201200035421,0012-02-21 07:37:00,12,2,21,7,37,670,447,"138, BISCHWILLER (ROUTE",,,Plein jour,En agglomération,Hors intersection,Normale,Autre collision,,,,,,,,,,,1,2,1,1.0,6
201200035422,0012-02-21 11:40:00,12,2,21,11,40,670,43,"11, BRUMATH (ROUTE DE)",,,Plein jour,En agglomération,Hors intersection,Normale,Deux véhicules - côté,,,,,,,,,,,1,2,1,1.0,3
201200035423,0012-02-21 16:50:00,12,2,21,16,50,670,482,"2, ROBERTSAU (ALLEE DE L",,,Plein jour,En agglomération,Hors intersection,Normale,Deux véhicules - côté,,,,,,,,,,,1,2,1,1.0,3
201200035424,0012-02-22 12:05:00,12,2,22,12,5,670,482,"12, ALSACE (AVENUE D )",,,Plein jour,En agglomération,Hors intersection,Normale,Deux véhicules - côté,,,,,,,,,,,1,2,1,1.0,3
201200035425,0012-02-22 13:50:00,12,2,22,13,50,670,482,"0, RHIN (ROUTE DU)",,,Plein jour,En agglomération,Hors intersection,Normale,Deux véhicules - côté,,,,,,,,,,,1,2,1,1.0,3
201200035426,0012-02-25 16:10:00,12,2,25,16,10,670,482,"0, MARECHAL DE LATTRE DE",,,Plein jour,En agglomération,Hors intersection,Pluie légère,Autre collision,,,,,,,,,,,1,2,1,2.0,6
201200035427,0012-02-25 17:10:00,12,2,25,17,10,670,482,"00, PIERRE CORNEILLE (AV",,,Plein jour,En agglomération,Intersection en T,Pluie légère,Deux véhicules - côté,,,,,,,,,,,1,2,3,2.0,3
201200035428,0012-02-26 02:50:00,12,2,26,2,50,670,482,"0, SAINTE MARGUERITE (RU",,,Nuit avec éclairage allumé,En agglomération,Hors intersection,Normale,Autre collision,,,,,,,,,,,5,2,1,1.0,6
201200035429,0012-02-27 08:55:00,12,2,27,8,55,670,267,"113, MARECHAL FOCH (RUE",,,Plein jour,En agglomération,Hors intersection,Normale,Trois véhicules et plus - en chaîne,,,,,,,,,,,1,2,1,1.0,4
201200035430,0012-02-28 09:20:00,12,2,28,9,20,670,482,"00, GARE (PLACE DE LA)",,,Plein jour,En agglomération,Hors intersection,Normale,Deux véhicules - arrière,,,,,,,,,,,1,2,1,1.0,2
201200035431,0012-03-01 15:50:00,12,3,1,15,50,670,482,"0, STEPHANIE (RUE)",,,Plein jour,En agglomération,Hors intersection,Normale,Autre collision,,,,,,,,,,,1,2,1,1.0,6
201200035432,0012-03-01 22:20:00,12,3,1,22,20,670,482,"0, SCHIRMECK (ROUTE DE)",,,Nuit avec éclairage allumé,En agglomération,Intersection en T,Brouillard / fumée,Deux véhicules - côté,,,,,,,,,,,5,2,3,5.0,3
201200035433,0012-03-05 23:20:00,12,3,5,23,20,670,482,"0, NANCY (BOULEVARD DE)",,,Nuit avec éclairage allumé,En agglomération,Hors intersection,Normale,Deux véhicules - côté,,,,,,,,,,,5,2,1,1.0,3
201200035434,0012-03-06 09:30:00,12,3,6,9,30,670,482,"0, BISCHWILLER (ROUTE DE",,,Plein jour,En agglomération,Hors intersection,Normale,Deux véhicules - arrière,,,,,,,,,,,1,2,1,1.0,2
201200035435,0012-03-06 10:30:00,12,3,6,10,30,670,482,"46, HALLEBARDES (RUE DES",,,Plein jour,En agglomération,Hors intersection,Normale,Autre collision,,,,,,,,,,,1,2,1,1.0,6
201200035436,0012-03-06 12:30:00,12,3,6,12,30,670,482,"81, ALTENHEIM (ROUTE D )",,,Plein jour,En agglomération,Intersection en T,Normale,Deux véhicules - côté,,,,,,,,,,,1,2,3,1.0,3
201200035437,0012-03-07 09:30:00,12,3,7,9,30,670,482,"1, PAUL ELUARD (RUE)",,,Plein jour,En agglomération,Intersection en X,Normale,Deux véhicules - frontale,,,,,,,,,,,1,2,2,1.0,1
201200035438,0012-03-08 16:10:00,12,3,8,16,10,670,482,"0, BERNE (RUE DE)",,,Plein jour,En agglomération,Intersection en X,Normale,Deux véhicules - côté,,,,,,,,,,,1,2,2,1.0,3
201200035439,0012-03-08 18:55:00,12,3,8,18,55,670,267,"0, SOLEURE (RUE DE)",,,Crépuscule ou aube,En agglomération,Intersection en T,Normale,Deux véhicules - côté,,,,,,,,,,,2,2,3,1.0,3
201200035440,0012-03-08 23:30:00,12,3,8,23,30,670,482,"50, SOULTZ (RUE DE)",,,Nuit avec éclairage allumé,Hors agglomération,Hors intersection,Normale,Sans collision,,,,,,,,,,,5,1,1,1.0,7
201200035441,0012-03-09 13:50:00,12,3,9,13,50,670,218,"0, VIGNES (RUE DES)",,,Plein jour,En agglomération,Intersection en X,Normale,Deux véhicules - côté,,,,,,,,,,,1,2,2,1.0,3
201200035442,0012-03-10 01:50:00,12,3,10,1,50,670,482,"00, FRITZ KIENER (RUE)",,,Nuit avec éclairage allumé,En agglomération,Intersection en X,Normale,Deux véhicules - frontale,,,,,,,,,,,5,2,2,1.0,1
201200035443,0012-03-11 19:25:00,12,3,11,19,25,670,43,"0, PERIGUEUX (AVENUE DE)",,,Nuit avec éclairage allumé,En agglomération,Hors intersection,Normale,Deux véhicules - frontale,,,,,,,,,,,5,2,1,1.0,1
201200035444,0012-03-12 14:15:00,12,3,12,14,15,670,43,"0, PASSAGE (RUE DU)",,,Plein jour,En agglomération,Intersection en T,Normale,Autre collision,,,,,,,,,,,1,2,3,1.0,6
201200035445,0012-03-13 19:50:00,12,3,13,19,50,670,365,"02, CHAPELLE (RUE DE LA)",,,Nuit avec éclairage allumé,En agglomération,Hors intersection,Normale,Deux véhicules - côté,,,,,,,,,,,5,2,1,1.0,3
201200035446,0012-03-14 17:40:00,12,3,14,17,40,670,482,"0, GARE (PLACE DE LA)",,,Plein jour,En agglomération,Hors intersection,Normale,Autre collision,,,,,,,,,,,1,2,1,1.0,6
201200035447,0012-03-14 19:20:00,12,3,14,19,20,670,482,"00, BOECKLIN (RUE)",,,Nuit avec éclairage allumé,En agglomération,Intersection en T,Normale,Deux véhicules - arrière,,,,,,,,,,,5,2,3,1.0,2
201200035448,0012-03-15 07:45:00,12,3,15,7,45,670,482,"24, POULES (RUE DES)",,,Plein jour,En agglomération,Hors intersection,Normale,Autre collision,,,,,,,,,,,1,2,1,1.0,6
201200035449,0012-03-15 15:50:00,12,3,15,15,50,670,218,"19, VINCENT SCOTTO (RUE)",,,Plein jour,En agglomération,Hors intersection,Normale,Deux véhicules - côté,,,,,,,,,,,1,2,1,1.0,3
201200035450,0012-03-16 08:45:00,12,3,16,8,45,670,482,"0, VICTOIRE (BOULEVARD D",,,Plein jour,En agglomération,Hors intersection,Normale,Deux véhicules - côté,,,,,,,,,,,1,2,1,1.0,3
201200035451,0012-03-16 20:05:00,12,3,16,20,5,670,482,"121, ROMAINS (ROUTE DES)",,,Crépuscule ou aube,En agglomération,Hors intersection,Normale,Deux véhicules - frontale,,,,,,,,,,,2,2,1,1.0,1
201200035452,0012-03-16 22:50:00,12,3,16,22,50,670,482,"0, PAUL ELUARD (RUE)",,,Nuit avec éclairage non allumé,En agglomération,Hors intersection,Normale,Autre collision,,,,,,,,,,,4,2,1,1.0,6
201200035453,0012-03-17 13:15:00,12,3,17,13,15,670,482,"0, MITTELHAUSBERGEN (ROU",,,Plein jour,En agglomération,Intersection en X,Normale,Deux véhicules - côté,,,,,,,,,,,1,2,2,1.0,3
201200035454,0012-03-18 11:15:00,12,3,18,11,15,670,482,"2, RHIN (ROUTE DU)",,,Plein jour,En agglomération,Hors intersection,Pluie légère,Trois véhicules et plus - en chaîne,,,,,,,,,,,1,2,1,2.0,4
201200035455,0012-03-19 16:45:00,12,3,19,16,45,670,482,"0, MOLIERE (AVENUE)",,,Plein jour,En agglomération,Intersection en X,Normale,Deux véhicules - côté,,,,,,,,,,,1,2,2,1.0,3
201200035456,0012-03-19 17:10:00,12,3,19,17,10,670,43,"2b, ENERGIE (RUE DE L )",,,Plein jour,En agglomération,Hors intersection,Normale,Deux véhicules - côté,,,,,,,,,,,1,2,1,1.0,3
201200035457,0012-03-19 22:15:00,12,3,19,22,15,670,482,"0, KLEBER (PLACE)",,,Nuit avec éclairage allumé,En agglomération,Hors intersection,Normale,Autre collision,,,,,,,,,,,5,2,1,1.0,6
201200035458,0012-03-20 17:10:00,12,3,20,17,10,670,482,"0, JACOUTOT (QUAI)",,,Plein jour,En agglomération,Hors intersection,Normale,Autre collision,,,,,,,,,,,1,2,1,1.0,6
201200035459,0012-03-22 10:30:00,12,3,22,10,30,670,204,"0, EMILE MATHIS (RUE)",,,Plein jour,En agglomération,Hors intersection,Normale,Deux véhicules - arrière,,,,,,,,,,,1,2,1,1.0,2
201200035460,0012-03-22 13:30:00,12,3,22,13,30,670,482,"210, COLMAR (AVENUE DE)",,,Plein jour,En agglomération,Hors intersection,Normale,Autre collision,,,,,,,,,,,1,2,1,1.0,6
201200035461,0012-03-22 18:00:00,12,3,22,18,0,670,447,"11, FREDERIC MISTRAL (RU",,,Plein jour,En agglomération,Hors intersection,Normale,Autre collision,,,,,,,,,,,1,2,1,1.0,6
201200035462,0012-03-23 11:30:00,12,3,23,11,30,670,482,"128, ROMAINS (ROUTE DES)",,,Plein jour,En agglomération,Hors intersection,Normale,Autre collision,,,,,,,,,,,1,2,1,1.0,6
201200035463,0012-03-25 11:45:00,12,3,25,11,45,670,218,"0, LIXENBUHL (RUE)",,,Plein jour,En agglomération,Intersection en X,Normale,Deux véhicules - côté,,,,,,,,,,,1,2,2,1.0,3
201200035464,0012-03-26 16:40:00,12,3,26,16,40,670,482,"42, ALTENHEIM (ROUTE D )",,,Plein jour,En agglomération,Hors intersection,Normale,Autre collision,,,,,,,,,,,1,2,1,1.0,6
201200035465,0012-03-26 18:20:00,12,3,26,18,20,670,482,"0, AUGUSTIN FRESNEL (RUE",,,Plein jour,En agglomération,Hors intersection,Normale,Deux véhicules - côté,,,,,,,,,,,1,2,1,1.0,3
201200035466,0012-03-26 19:12:00,12,3,26,19,12,670,482,"0, VIRGILE (RUE)",,,Plein jour,En agglomération,Hors intersection,Normale,Deux véhicules - côté,,,,,,,,,,,1,2,1,1.0,3
201200035467,0012-03-27 16:45:00,12,3,27,16,45,670,482,"0, RACINE (AVENUE)",,,Plein jour,En agglomération,Hors intersection,Temps éblouissant,Autre collision,,,,,,,,,,,1,2,1,7.0,6
201200035468,0012-03-27 16:50:00,12,3,27,16,50,670,43,"0, TRIAGE (RUE DU)",,,Plein jour,En agglomération,Hors intersection,Normale,Deux véhicules - côté,,,,,,,,,,,1,2,1,1.0,3
201200035469,0012-03-28 13:30:00,12,3,28,13,30,670,482,"115, SCHNOKELOCH (RUE DU",,,Plein jour,En agglomération,Hors intersection,Normale,Trois véhicules et plus - en chaîne,,,,,,,,,,,1,2,1,1.0,4
201200035470,0012-03-28 12:10:00,12,3,28,12,10,670,204,"13, WANTZENAU (ROUTE DE",,,Plein jour,En agglomération,Hors intersection,Normale,Autre collision,,,,,,,,,,,1,2,1,1.0,6
201200035471,0012-03-28 20:25:00,12,3,28,20,25,670,482,"0, EDMOND ROSTAND (RUE)",,,Nuit avec éclairage allumé,En agglomération,Hors intersection,Normale,Deux véhicules - frontale,,,,,,,,,,,5,2,1,1.0,1
201200035472,0012-03-29 17:00:00,12,3,29,17,0,670,482,"0, FRERES EBERTS (RUE DE",,,Plein jour,En agglomération,Intersection en T,Normale,Deux véhicules - côté,,,,,,,,,,,1,2,3,1.0,3
201200035473,0012-03-30 15:30:00,12,3,30,15,30,670,482,"0, TURENNE (RUE DE)",,,Plein jour,En agglomération,Intersection en X,Normale,Deux véhicules - côté,,,,,,,,,,,1,2,2,1.0,3
201200035474,0012-03-31 04:30:00,12,3,31,4,30,670,482,"0, KLEBER (PLACE)",,,Nuit avec éclairage allumé,En agglomération,Intersection en T,Normale,Deux véhicules - côté,,,,,,,,,,,5,2,3,1.0,3
201200035475,0012-04-02 14:55:00,12,4,2,14,55,670,482,"0, RHIN (ROUTE DU)",,,Plein jour,En agglomération,Hors intersection,Normale,Deux véhicules - côté,,,,,,,,,,,1,2,1,1.0,3
201200035476,0012-04-04 18:30:00,12,4,4,18,30,670,218,"27, STRASBOURG (ROUTE DE",,,Plein jour,En agglomération,Hors intersection,Normale,Deux véhicules - côté,,,,,,,,,,,1,2,1,1.0,3
201200035477,0012-04-05 10:35:00,12,4,5,10,35,670,482,"1, DOUANE (RUE DE LA)",,,Plein jour,En agglomération,Intersection en T,Temps couvert,Autre collision,,,,,,,,,,,1,2,3,8.0,6
201200035478,0012-04-05 15:30:00,12,4,5,15,30,670,482,"0, SEBASTIEN BRANT (PLAC",,,Plein jour,En agglomération,Intersection en X,Pluie forte,Deux véhicules - côté,,,,,,,,,,,1,2,2,3.0,3
201200035479,0012-04-05 18:10:00,12,4,5,18,10,670,447,"26, SAINT CHARLES (RUE)",,,Plein jour,En agglomération,Hors intersection,Pluie forte,Autre collision,,,,,,,,,,,1,2,1,3.0,6
201200035480,0012-04-05 21:40:00,12,4,5,21,40,670,365,"0, 23 NOVEMBRE (RUE DU)",,,Nuit avec éclairage allumé,En agglomération,Intersection en X,Pluie légère,Deux véhicules - côté,,,,,,,,,,,5,2,2,2.0,3
201200035481,0012-04-08 00:20:00,12,4,8,0,20,670,482,"0, HUMANN (RUE)",,,Nuit avec éclairage allumé,En agglomération,Intersection en T,Normale,Deux véhicules - côté,,,,,,,,,,,5,2,3,1.0,3
201200035482,0012-04-08 18:00:00,12,4,8,18,0,670,218,"0, LYON (RTE DE)",,,Plein jour,En agglomération,Intersection en T,Normale,Deux véhicules - côté,,,,,,,,,,,1,2,3,1.0,3
201200035483,0012-04-08 19:00:00,12,4,8,19,0,670,482,"0, RACINE (AVENUE)",,,Crépuscule ou aube,En agglomération,Hors intersection,Normale,Deux véhicules - côté,,,,,,,,,,,2,2,1,1.0,3
201200035484,0012-04-09 16:50:00,12,4,9,16,50,670,447,"0, BITCHE (RUE DE)",,,Plein jour,En agglomération,Intersection en X,Normale,Deux véhicules - côté,,,,,,,,,,,1,2,2,1.0,3
201200035485,0012-04-10 07:40:00,12,4,10,7,40,670,482,"0, ETOILE (PLACE DE L )",,,Plein jour,En agglomération,Hors intersection,Normale,Autre collision,,,,,,,,,,,1,2,1,1.0,6
201200035486,0012-04-10 12:05:00,12,4,10,12,5,670,218,"0, VIGNES (RUE DES)",,,Plein jour,En agglomération,Intersection en X,Normale,Deux véhicules - côté,,,,,,,,,,,1,2,2,1.0,3
201200035487,0012-04-10 15:45:00,12,4,10,15,45,670,482,"0, BOECKLIN (RUE)",,,Plein jour,En agglomération,Intersection en X,Normale,Trois véhicules et plus - collisions multiples,,,,,,,,,,,1,2,2,1.0,5
201200035488,0012-04-10 17:20:00,12,4,10,17,20,670,482,"0, KRUTENAU (RUE DE LA)",,,Plein jour,En agglomération,Intersection en T,Pluie légère,Autre collision,,,,,,,,,,,1,2,3,2.0,6
201200035489,0012-04-12 13:00:00,12,4,12,13,0,670,218,"00, ANDRE MALRAUX (AVENU",,,Plein jour,En agglomération,Intersection en X,Normale,Deux véhicules - côté,,,,,,,,,,,1,2,2,1.0,3
201200035490,0012-04-14 12:45:00,12,4,14,12,45,670,482,"68, SCHIRMECK (ROUTE DE)",,,Plein jour,En agglomération,Hors intersection,Normale,Deux véhicules - côté,,,,,,,,,,,1,2,1,1.0,3
201200035491,0012-04-15 17:46:00,12,4,15,17,46,670,482,"06, CICERON (RUE)",,,Plein jour,En agglomération,Intersection en T,Normale,Deux véhicules - côté,,,,,,,,,,,1,2,3,1.0,3
201200035492,0012-04-16 06:10:00,12,4,16,6,10,670,482,"0, ROMAINS (ROUTE DES)",,,Crépuscule ou aube,En agglomération,Intersection en X,Pluie légère,Autre collision,,,,,,,,,,,2,2,2,2.0,6
201200035493,0012-04-16 07:30:00,12,4,16,7,30,670,482,"55, MELANIE (RUE)",,,Plein jour,En agglomération,Hors intersection,Temps couvert,Autre collision,,,,,,,,,,,1,2,1,8.0,6
201200035494,0012-04-16 15:25:00,12,4,16,15,25,670,482,"0, GENERAL DE GAULLE (AV",,,Plein jour,En agglomération,Hors intersection,Normale,Autre collision,,,,,,,,,,,1,2,1,1.0,6
201200035495,0012-04-17 08:40:00,12,4,17,8,40,670,482,"0, SCHIRMECK (ROUTE DE)",,,Plein jour,En agglomération,Intersection en T,Normale,Deux véhicules - côté,,,,,,,,,,,1,2,3,1.0,3
201200035496,0012-04-18 15:00:00,12,4,18,15,0,670,482,"48, GAZON (RUE DU)",,,Plein jour,En agglomération,Hors intersection,Normale,Autre collision,,,,,,,,,,,1,2,1,1.0,6
201200035497,0012-04-18 18:00:00,12,4,18,18,0,670,482,"0, OBERHAUSBERGEN (ROUTE",,,Plein jour,En agglomération,Hors intersection,Normale,Deux véhicules - arrière,,,,,,,,,,,1,2,1,1.0,2
201200035498,0012-04-19 17:00:00,12,4,19,17,0,670,447,"2, KLEBER (RUE)",,,Plein jour,En agglomération,Intersection en X,Normale,Deux véhicules - côté,,,,,,,,,,,1,2,2,1.0,3
201200035499,0012-04-19 19:55:00,12,4,19,19,55,670,482,"167, NEUHOF (ROUTE)",,,Plein jour,En agglomération,Hors intersection,Normale,Trois véhicules et plus - collisions multiples,,,,,,,,,,,1,2,1,1.0,5
201200035500,0012-04-20 08:15:00,12,4,20,8,15,670,447,"00, ABATTOIR (RUE DE L )",,,Plein jour,En agglomération,Intersection en X,Pluie légère,Deux véhicules - côté,,,,,,,,,,,1,2,2,2.0,3
201200035501,0012-04-20 12:50:00,12,4,20,12,50,670,482,"13, FAUBOURG DE SAVERNE",,,Plein jour,En agglomération,Hors intersection,Normale,Autre collision,,,,,,,,,,,1,2,1,1.0,6
201200035502,0012-04-20 13:55:00,12,4,20,13,55,670,482,"175, BOECKLIN (RUE)",,,Plein jour,En agglomération,Hors intersection,Normale,Trois véhicules et plus - collisions multiples,,,,,,,,,,,1,2,1,1.0,5
201200035503,0012-04-22 18:29:00,12,4,22,18,29,670,482,"17, MACON (RUE DE)",,,Plein jour,En agglomération,Hors intersection,Normale,Autre collision,,,,,,,,,,,1,2,1,1.0,6
201200035504,0012-04-23 07:50:00,12,4,23,7,50,670,447,"34A, GENERAL DE GAULLE (",,,Plein jour,En agglomération,Hors intersection,Normale,Trois véhicules et plus - en chaîne,,,,,,,,,,,1,2,1,1.0,4
201200035505,0012-04-23 17:45:00,12,4,23,17,45,670,365,"0, 23 NOVEMBRE (RUE DU)",,,Plein jour,En agglomération,Intersection en T,Normale,Deux véhicules - côté,,,,,,,,,,,1,2,3,1.0,3
201200035506,0012-04-23 22:30:00,12,4,23,22,30,670,482,"0, CURIE (RUE)",,,Nuit avec éclairage allumé,En agglomération,Intersection en X,Pluie forte,Deux véhicules - côté,,,,,,,,,,,5,2,2,3.0,3
201200035507,0012-04-24 21:20:00,12,4,24,21,20,670,204,"0, REPUBLIQUE (RUE DE LA",,,Nuit avec éclairage allumé,En agglomération,Intersection en X,Pluie légère,Deux véhicules - arrière,,,,,,,,,,,5,2,2,2.0,2
201200035508,0012-04-26 18:15:00,12,4,26,18,15,670,482,"0, PROVENCE (RUE DE)",,,Plein jour,En agglomération,Hors intersection,Normale,Autre collision,,,,,,,,,,,1,2,1,1.0,6
201200035509,0012-04-27 00:15:00,12,4,27,0,15,670,365,"0, LINGOLSHEIM (RUE DE)",,,Nuit avec éclairage allumé,En agglomération,Intersection en T,Normale,Autre collision,,,,,,,,,,,5,2,3,1.0,6
201200035510,0012-04-27 10:43:00,12,4,27,10,43,670,43,"34A, OFFICIERS (RUE DES)",,,Plein jour,En agglomération,Hors intersection,Normale,Autre collision,,,,,,,,,,,1,2,1,1.0,6
201200035511,0012-04-27 12:00:00,12,4,27,12,0,670,482,"0, POLYGONE (ROUTE DU)",,,Plein jour,En agglomération,Intersection en X,Normale,Deux véhicules - côté,,,,,,,,,,,1,2,2,1.0,3
201200035512,0012-04-27 13:45:00,12,4,27,13,45,670,43,"37, PERIGUEUX (AVENUE DE",,,Plein jour,En agglomération,Hors intersection,Normale,Deux véhicules - côté,,,,,,,,,,,1,2,1,1.0,3
201200035513,0012-04-27 15:02:00,12,4,27,15,2,670,482,"10, BALE (RUE DE)",,,Plein jour,En agglomération,Hors intersection,Normale,Deux véhicules - côté,,,,,,,,,,,1,2,1,1.0,3
201200035514,0012-04-27 15:53:00,12,4,27,15,53,670,482,"180, FRAN?OIS MITTERRAND",,,Plein jour,En agglomération,Hors intersection,Normale,Deux véhicules - côté,,,,,,,,,,,1,2,1,1.0,3
201200035515,0012-04-28 08:52:00,12,4,28,8,52,670,43,"0, MARAIS (RUE DU)",,,Plein jour,En agglomération,Hors intersection,Normale,Deux véhicules - côté,,,,,,,,,,,1,2,1,1.0,3
201200035516,0012-04-28 17:45:00,12,4,28,17,45,670,482,"11, OBERELSAU (RUE DE L",,,Plein jour,En agglomération,Hors intersection,Normale,Autre collision,,,,,,,,,,,1,2,1,1.0,6
201200035517,0012-04-30 09:05:00,12,4,30,9,5,670,482,"0, DUCS (RUE DES)",,,Plein jour,En agglomération,Intersection en T,Normale,Deux véhicules - côté,,,,,,,,,,,1,2,3,1.0,3
201200035518,0012-05-01 15:00:00,12,5,1,15,0,670,482,"0, COMTES (ALLEE DES)",,,Plein jour,En agglomération,Intersection en X,Normale,Deux véhicules - côté,,,,,,,,,,,1,2,2,1.0,3
201200035519,0012-05-02 10:22:00,12,5,2,10,22,670,482,"0, NANCY (BOULEVARD DE)",,,Plein jour,En agglomération,Intersection en T,Normale,Deux véhicules - côté,,,,,,,,,,,1,2,3,1.0,3
201200035520,0012-05-02 15:45:00,12,5,2,15,45,670,482,"0, MITTELHAUSBERGEN (ROU",,,Plein jour,En agglomération,Intersection en T,Normale,Deux véhicules - côté,,,,,,,,,,,1,2,3,1.0,3
201200035521,0012-05-03 15:00:00,12,5,3,15,0,670,43,"23, BRUMATH (ROUTE DE)",,,Plein jour,En agglomération,Hors intersection,Normale,Deux véhicules - côté,,,,,,,,,,,1,2,1,1.0,3
201200035522,0012-05-04 08:50:00,12,5,4,8,50,670,482,"269c, COLMAR (AVENUE DE)",,,Plein jour,En agglomération,Hors intersection,Normale,Autre collision,,,,,,,,,,,1,2,1,1.0,6
201200035523,0012-05-04 06:45:00,12,5,4,6,45,670,482,"0, FAUBOURG DE PIERRE (P",,,Plein jour,En agglomération,Intersection en X,Normale,Deux véhicules - côté,,,,,,,,,,,1,2,2,1.0,3
201200035524,0012-05-06 17:30:00,12,5,6,17,30,670,482,"0, COURSE (PETITE RUE DE",,,Plein jour,En agglomération,Intersection en X,Pluie légère,Deux véhicules - côté,,,,,,,,,,,1,2,2,2.0,3
201200035525,0012-05-07 10:40:00,12,5,7,10,40,670,482,"0, MAIRE DIETRICH (QUAI",,,Plein jour,En agglomération,Hors intersection,Normale,Deux véhicules - côté,,,,,,,,,,,1,2,1,1.0,3
201200035526,0012-05-07 11:50:00,12,5,7,11,50,670,482,"0, LYON (BOULEVARD DE)",,,Plein jour,En agglomération,Intersection en X,Normale,Autre collision,,,,,,,,,,,1,2,2,1.0,6
201200035527,0012-05-07 14:00:00,12,5,7,14,0,670,482,"0, NEUHOF (ROUTE)",,,Plein jour,En agglomération,Intersection en X,Normale,Deux véhicules - côté,,,,,,,,,,,1,2,2,1.0,3
201200035528,0012-05-07 17:50:00,12,5,7,17,50,670,482,"7, ILL (RUE DE L )",,,Plein jour,En agglomération,Hors intersection,Normale,Deux véhicules - côté,,,,,,,,,,,1,2,1,1.0,3
201200035529,0012-05-08 17:30:00,12,5,8,17,30,670,482,"0, OBERJAEGERHOFF (ROUTE",,,Plein jour,En agglomération,Intersection en T,Normale,Deux véhicules - côté,,,,,,,,,,,1,2,3,1.0,3
201200035530,0012-05-08 18:45:00,12,5,8,18,45,670,482,"0, MELANIE (RUE)",,,Plein jour,En agglomération,Intersection en T,Pluie légère,Deux véhicules - côté,,,,,,,,,,,1,2,3,2.0,3
201200035531,0012-05-09 10:20:00,12,5,9,10,20,670,482,"0, COUBERTIN (RUE PIERRE",,,Plein jour,En agglomération,Hors intersection,Normale,Autre collision,,,,,,,,,,,1,2,1,1.0,6
201200035532,0012-05-11 18:30:00,12,5,11,18,30,670,218,"291, LYON (RTE DE)",,,Plein jour,En agglomération,Hors intersection,Normale,Deux véhicules - arrière,,,,,,,,,,,1,2,1,1.0,2
201200035533,0012-05-11 22:00:00,12,5,11,22,0,670,482,"0, ROMAINS (ROUTE DES)",,,Nuit avec éclairage allumé,En agglomération,Intersection en T,Normale,Deux véhicules - côté,,,,,,,,,,,5,2,3,1.0,3