accident_id,datetime,annee,mois,jour,heure,minute,departement,commune_insee,adresse,latitude,longitude,luminosite,agglomeration,intersection,meteo,collision,nb_vehicules,nb_usagers,nb_indemnes,nb_tues,nb_blesses_hosp,nb_blesses_legers,age_cond_1,age_cond_2,veh_type_cond_1,veh_type_cond_2,lum_code,agg_code,int_code,atm_code,col_code
201200035663,0012-08-13 22:00:00,12,8,13,22,0,670,482,"17, ALPES (QUAI DES)",,,Nuit avec éclairage allumé,En agglomération,Hors intersection,Normale,Deux véhicules - côté,,,,,,,,,,,5,2,1,1.0,3
201200035664,0012-08-14 15:35:00,12,8,14,15,35,670,447,"0, GENERAL DE GAULLE (RO",,,Plein jour,En agglomération,Hors intersection,Normale,Deux véhicules - côté,,,,,,,,,,,1,2,1,1.0,3
201200035665,0012-08-15 22:10:00,12,8,15,22,10,670,482,"0, NEUHOF (ROUTE)",,,Nuit avec éclairage allumé,En agglomération,Intersection en X,Pluie légère,Autre collision,,,,,,,,,,,5,2,2,2.0,6
201200035666,0012-08-17 11:15:00,12,8,17,11,15,670,482,"0,  Joseph BECK (pont)",,,Plein jour,En agglomération,Hors intersection,Normale,Deux véhicules - côté,,,,,,,,,,,1,2,1,1.0,3
201200035667,0012-08-17 17:22:00,12,8,17,17,22,670,482,"0, SCHIRMECK (ROUTE DE)",,,Plein jour,En agglomération,Hors intersection,Normale,Deux véhicules - côté,,,,,,,,,,,1,2,1,1.0,3
201200035668,0012-08-18 03:45:00,12,8,18,3,45,670,482,"42, DIETTERLIN (RUE)",,,Nuit avec éclairage allumé,En agglomération,Hors intersection,Normale,Autre collision,,,,,,,,,,,5,2,1,1.0,6
201200035669,0012-08-19 16:10:00,12,8,19,16,10,670,482,"0, RHIN (ROUTE DU)",,,Plein jour,En agglomération,Intersection en X,Normale,Deux véhicules - côté,,,,,,,,,,,1,2,2,1.0,3
201200035670,0012-08-21 07:50:00,12,8,21,7,50,670,267,"2, PEUPLIERS (RUE DES)",,,Plein jour,En agglomération,Hors intersection,Normale,Autre collision,,,,,,,,,,,1,2,1,1.0,6
201200035671,0012-08-21 11:47:00,12,8,21,11,47,670,482,"0, MOLIERE (AVENUE)",,,Plein jour,En agglomération,Hors intersection,Normale,Deux véhicules - frontale,,,,,,,,,,,1,2,1,1.0,1
201200035672,0012-08-21 12:18:00,12,8,21,12,18,670,43,"0, PERIGUEUX (AVENUE DE)",,,Plein jour,En agglomération,Hors intersection,Normale,Deux véhicules - arrière,,,,,,,,,,,1,2,1,1.0,2
201200035673,0012-08-21 22:30:00,12,8,21,22,30,670,482,"173, COLMAR (AVENUE DE)",,,Nuit avec éclairage allumé,En agglomération,Hors intersection,Normale,Autre collision,,,,,,,,,,,5,2,1,1.0,6
201200035674,0012-08-22 14:25:00,12,8,22,14,25,670,482,"0, DROITS DE L HOMME (AL",,,Plein jour,En agglomération,Hors intersection,Normale,Deux véhicules - côté,,,,,,,,,,,1,2,1,1.0,3
201200035675,0012-08-24 07:55:00,12,8,24,7,55,670,218,"0, ALFRED KASTLER (ROUTE",,,Plein jour,En agglomération,Hors intersection,Pluie légère,Deux véhicules - côté,,,,,,,,,,,1,2,1,2.0,3
201200035676,0012-08-24 18:15:00,12,8,24,18,15,670,482,"0, ANTOINE (PLACE SAINT)",,,Crépuscule ou aube,En agglomération,Hors intersection,Temps couvert,Deux véhicules - côté,,,,,,,,,,,2,2,1,8.0,3
201200035677,0012-08-25 21:10:00,12,8,25,21,10,670,482,"0, TARADE (RUE)",,,Nuit avec éclairage non allumé,En agglomération,Hors intersection,Normale,Autre collision,,,,,,,,,,,4,2,1,1.0,6
201200035678,0012-08-27 02:45:00,12,8,27,2,45,670,267,"1, SCHUMANN (AVENUE)",,,Nuit avec éclairage non allumé,En agglomération,Intersection en X,Normale,Autre collision,,,,,,,,,,,4,2,2,1.0,6
201200035679,0012-08-27 14:11:00,12,8,27,14,11,670,482,"0, CLEMENCEAU (BOULEVARD",,,Plein jour,En agglomération,Intersection en X,Normale,Autre collision,,,,,,,,,,,1,2,2,1.0,6
201200035680,0012-08-27 16:10:00,12,8,27,16,10,670,204,"19, RIED (AVENUE DU)",,,Plein jour,En agglomération,Hors intersection,Normale,Deux véhicules - côté,,,,,,,,,,,1,2,1,1.0,3
201200035681,0012-08-27 16:45:00,12,8,27,16,45,670,482,"0, DOUANE (RUE DE LA)",,,Plein jour,En agglomération,Intersection en T,Normale,Autre collision,,,,,,,,,,,1,2,3,1.0,6
201200035682,0012-08-29 15:30:00,12,8,29,15,30,670,482,"0, ALOISE (RUE SAINT)",,,Plein jour,En agglomération,Intersection en X,Normale,Deux véhicules - côté,,,,,,,,,,,1,2,2,1.0,3
201200035683,0012-08-30 16:35:00,12,8,30,16,35,670,482,"208, OBERHAUSBERGEN (ROU",,,Plein jour,En agglomération,Hors intersection,Normale,Deux véhicules - côté,,,,,,,,,,,1,2,1,1.0,3
201200035684,0012-08-31 14:00:00,12,8,31,14,0,670,482,"85, POLYGONE (ROUTE DU)",,,Plein jour,En agglomération,Hors intersection,Pluie légère,Deux véhicules - arrière,,,,,,,,,,,1,2,1,2.0,2
201200035685,0012-08-31 18:00:00,12,8,31,18,0,670,482,"11, LANDSBERG (RUE DU)",,,Plein jour,En agglomération,Hors intersection,Normale,Autre collision,,,,,,,,,,,1,2,1,1.0,6
201200035686,0012-08-31 19:10:00,12,8,31,19,10,670,218,"100, ESCHAU (ROUTE D )",,,Plein jour,Hors agglomération,Hors intersection,Normale,Deux véhicules - frontale,,,,,,,,,,,1,1,1,1.0,1
201200035687,0012-08-31 19:30:00,12,8,31,19,30,670,43,"0, VOLTAIRE (RUE)",,,Crépuscule ou aube,En agglomération,Intersection en T,Normale,Deux véhicules - côté,,,,,,,,,,,2,2,3,1.0,3
201200035688,0012-08-31 22:15:00,12,8,31,22,15,670,482,"0, SAINT NICOLAS (QUAI)",,,Nuit avec éclairage allumé,En agglomération,Intersection en X,Pluie légère,Deux véhicules - côté,,,,,,,,,,,5,2,2,2.0,3
201200035689,0012-09-02 11:15:00,12,9,2,11,15,670,482,"0, FRAN?OIS MITTERRAND (",,,Plein jour,En agglomération,Intersection en X,Normale,Deux véhicules - côté,,,,,,,,,,,1,2,2,1.0,3
201200035690,0012-09-01 15:40:00,12,9,1,15,40,670,447,"0, GENERAL DE GAULLE (RO",,,Plein jour,En agglomération,Intersection en X,Normale,Deux véhicules - côté,,,,,,,,,,,1,2,2,1.0,3
201200035691,0012-09-03 12:50:00,12,9,3,12,50,670,482,", BATELIERS (QUAI DES)",,,Plein jour,En agglomération,Hors intersection,Normale,Deux véhicules - arrière,,,,,,,,,,,1,2,1,1.0,2
201200035692,0012-09-03 18:20:00,12,9,3,18,20,670,218,"0, NEUHOF (ROUTE DE)",,,Plein jour,Hors agglomération,Hors intersection,Normale,Deux véhicules - arrière,,,,,,,,,,,1,1,1,1.0,2
201200035693,0012-09-03 22:20:00,12,9,3,22,20,670,482,"0, BELGES (QUAI DES)",,,Nuit avec éclairage non allumé,En agglomération,Hors intersection,Normale,Sans collision,,,,,,,,,,,4,2,1,1.0,7
201200035694,0012-09-04 20:45:00,12,9,4,20,45,670,482,"0, UNTERELSAU (RUE DE L",,,Nuit avec éclairage allumé,En agglomération,Intersection en X,Normale,Autre collision,,,,,,,,,,,5,2,2,1.0,6
201200035695,0012-09-05 09:20:00,12,9,5,9,20,670,482,"0, PETIT RHIN (ROUTE DU)",,,Plein jour,En agglomération,Hors intersection,Normale,Deux véhicules - côté,,,,,,,,,,,1,2,1,1.0,3
201200035696,0012-09-05 11:40:00,12,9,5,11,40,670,218,"291, LYON (RTE DE)",,,Plein jour,En agglomération,Hors intersection,Normale,Deux véhicules - arrière,,,,,,,,,,,1,2,1,1.0,2
201200035697,0012-09-05 12:10:00,12,9,5,12,10,670,447,"0, HAUSBERGEN (ROUTE DE)",,,Plein jour,En agglomération,Intersection en X,Normale,Deux véhicules - arrière,,,,,,,,,,,1,2,2,1.0,2
201200035698,0012-09-05 13:40:00,12,9,5,13,40,670,218,"99, STRASBOURG (ROUTE DE",,,Plein jour,En agglomération,Hors intersection,Normale,Trois véhicules et plus - collisions multiples,,,,,,,,,,,1,2,1,1.0,5
201200035699,0012-09-05 15:50:00,12,9,5,15,50,670,218,"0, ROSEAUX (RUE DES)",,,Plein jour,En agglomération,Hors intersection,Normale,Autre collision,,,,,,,,,,,1,2,1,1.0,6
201200035700,0012-09-05 17:15:00,12,9,5,17,15,670,365,"0, CHAPELLE (RUE DE LA)",,,Plein jour,En agglomération,Hors intersection,Normale,Deux véhicules - côté,,,,,,,,,,,1,2,1,1.0,3
201200035701,0012-09-07 11:30:00,12,9,7,11,30,670,447,"120A, BISCHWILLER (ROUTE",,,Plein jour,En agglomération,Intersection en T,Normale,Deux véhicules - côté,,,,,,,,,,,1,2,3,1.0,3
201200035702,0012-09-07 12:10:00,12,9,7,12,10,670,365,"1, FORET (RUE DE LA)",,,Plein jour,En agglomération,Hors intersection,Normale,Autre collision,,,,,,,,,,,1,2,1,1.0,6
201200035703,0012-09-08 15:30:00,12,9,8,15,30,670,365,"62, LINGOLSHEIM (RUE DE)",,,Plein jour,En agglomération,Intersection en T,Normale,Deux véhicules - arrière,,,,,,,,,,,1,2,3,1.0,2
201200035704,0012-09-10 09:40:00,12,9,10,9,40,670,482,"0, OBERHAUSBERGEN (ROUTE",,,Plein jour,En agglomération,Intersection en T,Normale,Autre collision,,,,,,,,,,,1,2,3,1.0,6
201200035705,0012-09-11 16:03:00,12,9,11,16,3,670,447,"0, TONNELIERS (RUE DES)",,,Plein jour,En agglomération,Intersection en T,Temps couvert,Autre collision,,,,,,,,,,,1,2,3,8.0,6
201200035706,0012-09-11 18:45:00,12,9,11,18,45,670,482,"5, FINKMATT (QUAI)",,,Crépuscule ou aube,En agglomération,Hors intersection,Temps couvert,Trois véhicules et plus - en chaîne,,,,,,,,,,,2,2,1,8.0,4
201200035707,0012-09-12 15:00:00,12,9,12,15,0,670,482,"0, SEBASTIEN BRANT (PLAC",,,Plein jour,En agglomération,Intersection à plus de 4 branches,Normale,Deux véhicules - côté,,,,,,,,,,,1,2,5,1.0,3
201200035708,0012-09-12 23:20:00,12,9,12,23,20,670,482,"0, ROMAINS (ROUTE DES)",,,Nuit avec éclairage non allumé,En agglomération,Intersection en X,Normale,Deux véhicules - côté,,,,,,,,,,,4,2,2,1.0,3
201200035709,0012-09-13 17:35:00,12,9,13,17,35,670,482,"1, LOUISE DE VILMORIN (P",,,Plein jour,En agglomération,Hors intersection,Normale,Autre collision,,,,,,,,,,,1,2,1,1.0,6
201200035710,0012-09-13 21:10:00,12,9,13,21,10,670,482,"0, MONTAGNE VERTE (RUE D",,,Nuit avec éclairage allumé,En agglomération,Intersection en X,Normale,Deux véhicules - côté,,,,,,,,,,,5,2,2,1.0,3
201200035711,0012-09-15 13:59:00,12,9,15,13,59,670,482,"0, SCHUTZENBERGER (AVENU",,,Plein jour,En agglomération,Intersection en X,Normale,Deux véhicules - frontale,,,,,,,,,,,1,2,2,1.0,1
201200035712,0012-09-15 17:10:00,12,9,15,17,10,670,482,"34, BECQUEREL (RUE)",,,Plein jour,En agglomération,Hors intersection,Normale,Autre collision,,,,,,,,,,,1,2,1,1.0,6
201200035713,0012-09-16 01:40:00,12,9,16,1,40,670,482,"0, KOENIGSHOFFEN (RUE DE",,,Nuit avec éclairage allumé,En agglomération,Intersection en X,Normale,Sans collision,,,,,,,,,,,5,2,2,1.0,7
201200035714,0012-09-17 08:36:00,12,9,17,8,36,670,482,"0, BRIGADE ALSACE LORRAI",,,Plein jour,En agglomération,Intersection en T,Normale,Deux véhicules - côté,,,,,,,,,,,1,2,3,1.0,3
201200035715,0012-09-17 12:30:00,12,9,17,12,30,670,482,"0, HERRENSCHMIDT (AVENUE",,,Plein jour,En agglomération,Intersection en X,Normale,Deux véhicules - côté,,,,,,,,,,,1,2,2,1.0,3
201200035716,0012-09-17 14:30:00,12,9,17,14,30,670,482,"0, DROITS DE L HOMME (AL",,,Plein jour,En agglomération,Hors intersection,Normale,Deux véhicules - frontale,,,,,,,,,,,1,2,1,1.0,1
201200035717,0012-09-17 18:10:00,12,9,17,18,10,670,482,"2, CHARLES PEGUY (RUE)",,,Crépuscule ou aube,En agglomération,Hors intersection,Normale,Deux véhicules - côté,,,,,,,,,,,2,2,1,1.0,3
201200035718,0012-09-18 13:15:00,12,9,18,13,15,670,482,"0, MARCEL PROUST (RUE)",,,Plein jour,En agglomération,Hors intersection,Normale,Autre collision,,,,,,,,,,,1,2,1,1.0,6
201200035719,0012-09-18 18:40:00,12,9,18,18,40,670,482,"0, LOUIS PASTEUR (QUAI)",,,Plein jour,En agglomération,Intersection en X,Normale,Deux véhicules - côté,,,,,,,,,,,1,2,2,1.0,3
201200035720,0012-09-20 12:30:00,12,9,20,12,30,670,218,"0, RHIN (ROUTE DU)",,,Plein jour,En agglomération,Intersection en X,Normale,Deux véhicules - côté,,,,,,,,,,,1,2,2,1.0,3
201200035721,0012-09-21 07:45:00,12,9,21,7,45,670,482,"0, LEBLOIS (BOULEVARD)",,,Plein jour,En agglomération,Intersection en X,Normale,Deux véhicules - côté,,,,,,,,,,,1,2,2,1.0,3
201200035722,0012-09-22 10:30:00,12,9,22,10,30,670,218,"1, REMPART (RUE DU)",,,Plein jour,En agglomération,Hors intersection,Pluie légère,Deux véhicules - frontale,,,,,,,,,,,1,2,1,2.0,1
201200035723,0012-09-23 15:40:00,12,9,23,15,40,670,482,"7, PETIT MARAIS (RUE DU)",,,Plein jour,En agglomération,Hors intersection,Normale,Deux véhicules - côté,,,,,,,,,,,1,2,1,1.0,3
201200035724,0012-09-24 13:10:00,12,9,24,13,10,670,482,"0, RACINE (AVENUE)",,,Plein jour,En agglomération,Intersection en Y,Normale,Deux véhicules - côté,,,,,,,,,,,1,2,4,1.0,3
201200035725,0012-09-25 08:05:00,12,9,25,8,5,670,482,"0, DORDOGNE (BOULEVARD D",,,Plein jour,En agglomération,Intersection en X,Normale,Deux véhicules - côté,,,,,,,,,,,1,2,2,1.0,3
201200035726,0012-09-25 15:50:00,12,9,25,15,50,670,482,"0, BAYONNE (RUE DE)",,,Plein jour,En agglomération,Hors intersection,Pluie légère,Autre collision,,,,,,,,,,,1,2,1,2.0,6
201200035727,0012-09-26 09:25:00,12,9,26,9,25,670,482,"0, FOSSE RIEPBERG (RUE D",,,Plein jour,En agglomération,Intersection en T,Normale,Autre collision,,,,,,,,,,,1,2,3,1.0,6
201200035728,0012-09-27 06:55:00,12,9,27,6,55,670,482,"0, AVERROES",,,Crépuscule ou aube,En agglomération,Hors intersection,Normale,Deux véhicules - arrière,,,,,,,,,,,2,2,1,1.0,2
201200035729,0012-09-27 18:00:00,12,9,27,18,0,670,447,"1, LOUIS PASTEUR (RUE)",,,Plein jour,En agglomération,Intersection en X,Pluie forte,Deux véhicules - côté,,,,,,,,,,,1,2,2,3.0,3
201200035730,0012-09-27 20:50:00,12,9,27,20,50,670,447,"0, HOENHEIM (RUE DE)",,,Nuit avec éclairage allumé,En agglomération,Intersection en X,Pluie légère,Deux véhicules - côté,,,,,,,,,,,5,2,2,2.0,3
201200035731,0012-09-27 18:00:00,12,9,27,18,0,670,482,"0, JEAN PIERRE LEVY (ALL",,,Plein jour,En agglomération,Intersection en T,Pluie légère,Deux véhicules - côté,,,,,,,,,,,1,2,3,2.0,3
201200035732,0012-09-28 06:50:00,12,9,28,6,50,670,482,"0, LA ROCHELLE (RUE DE)",,,Plein jour,En agglomération,Intersection en X,Normale,Deux véhicules - côté,,,,,,,,,,,1,2,2,1.0,3
201200035733,0012-09-28 18:36:00,12,9,28,18,36,670,43,"0, ATOME (RUE DE L )",,,Plein jour,En agglomération,Hors intersection,Normale,Sans collision,,,,,,,,,,,1,2,1,1.0,7
201200035734,0012-09-29 13:20:00,12,9,29,13,20,670,482,"0, ADRIEN ZELLER (PLACE)",,,Plein jour,En agglomération,Intersection en X,Normale,Deux véhicules - côté,,,,,,,,,,,1,2,2,1.0,3
201200035735,0012-09-30 11:40:00,12,9,30,11,40,670,482,"0, MITTELHAUSBERGEN (ROU",,,Plein jour,En agglomération,Intersection en X,Normale,Deux véhicules - arrière,,,,,,,,,,,1,2,2,1.0,2
201200035736,0012-10-02 17:20:00,12,10,2,17,20,670,482,"0, SEBASTOPOL (RUE DE)",,,Plein jour,En agglomération,Intersection en X,Normale,Deux véhicules - côté,,,,,,,,,,,1,2,2,1.0,3
201200035737,0012-10-01 20:55:00,12,10,1,20,55,670,482,"1, PARIS (QUAI DE)",,,Nuit avec éclairage allumé,En agglomération,Intersection en X,Normale,Autre collision,,,,,,,,,,,5,2,2,1.0,6
201200035738,0012-10-02 14:35:00,12,10,2,14,35,670,482,"1, COMMANDANT FRANCOIS (",,,Plein jour,En agglomération,Intersection en T,Normale,Deux véhicules - frontale,,,,,,,,,,,1,2,3,1.0,1
201200035739,0012-10-02 18:30:00,12,10,2,18,30,670,218,"0, ILL (QUAI DE L )",,,Plein jour,En agglomération,Giratoire,Normale,Deux véhicules - côté,,,,,,,,,,,1,2,6,1.0,3
201200035740,0012-10-03 11:30:00,12,10,3,11,30,670,482,"7, COLMAR (AVENUE DE)",,,Plein jour,En agglomération,Intersection en X,Normale,Deux véhicules - côté,,,,,,,,,,,1,2,2,1.0,3
201200035741,0012-10-03 16:05:00,12,10,3,16,5,670,482,"0, ARISTIDE BRIAND (AVEN",,,Plein jour,En agglomération,Intersection en X,Normale,Deux véhicules - côté,,,,,,,,,,,1,2,2,1.0,3
201200035742,0012-10-03 15:45:00,12,10,3,15,45,670,218,"0, ALFRED KASTLER (ROUTE",,,Plein jour,En agglomération,Hors intersection,Normale,Trois véhicules et plus - collisions multiples,,,,,,,,,,,1,2,1,1.0,5
201200035743,0012-10-03 21:10:00,12,10,3,21,10,670,482,"0, FINKWILLER (QUAI)",,,Nuit avec éclairage allumé,En agglomération,Hors intersection,Normale,Deux véhicules - arrière,,,,,,,,,,,5,2,1,1.0,2
201200035744,0012-10-04 07:50:00,12,10,4,7,50,670,482,"33, TAULER (BOULEVARD)",,,Crépuscule ou aube,En agglomération,Hors intersection,Pluie légère,Deux véhicules - côté,,,,,,,,,,,2,2,1,2.0,3
201200035745,0012-10-06 18:35:00,12,10,6,18,35,670,365,"62, LECLERC (RUE DU GENE",,,Crépuscule ou aube,En agglomération,Intersection en T,Normale,Deux véhicules - côté,,,,,,,,,,,2,2,3,1.0,3
201200035746,0012-10-06 21:06:00,12,10,6,21,6,670,267,"0, WOLFISHEIM (RUE DE)",,,Nuit avec éclairage allumé,En agglomération,Intersection en Y,Pluie légère,Sans collision,,,,,,,,,,,5,2,4,2.0,7
201200035747,0012-10-08 18:16:00,12,10,8,18,16,670,482,"0, PETIT BROGLIE (PLACE",,,Plein jour,En agglomération,Place,Normale,Deux véhicules - arrière,,,,,,,,,,,1,2,7,1.0,2
201200035748,0012-10-10 14:50:00,12,10,10,14,50,670,482,"0, PAIX (AVENUE DE LA)",,,Plein jour,En agglomération,Hors intersection,Normale,Deux véhicules - côté,,,,,,,,,,,1,2,1,1.0,3
201200035749,0012-10-11 04:05:00,12,10,11,4,5,670,482,"0, GUYNEMER (RUE)",,,Nuit avec éclairage non allumé,En agglomération,Hors intersection,Normale,Autre collision,,,,,,,,,,,4,2,1,1.0,6
201200035750,0012-10-15 08:35:00,12,10,15,8,35,670,482,"0, DOSSENHEIM (RUE DE)",,,Plein jour,En agglomération,Intersection en X,Normale,Autre collision,,,,,,,,,,,1,2,2,1.0,6
201200035751,0012-10-16 07:35:00,12,10,16,7,35,670,482,"9, CLEMENCEAU (BOULEVARD",,,Plein jour,En agglomération,Intersection en X,Normale,Deux véhicules - côté,,,,,,,,,,,1,2,2,1.0,3
201200035752,0012-10-16 12:10:00,12,10,16,12,10,670,482,"0, JEAN HENRI SCHNITZLER",,,Plein jour,En agglomération,Hors intersection,Normale,Autre collision,,,,,,,,,,,1,2,1,1.0,6
201200035753,0012-10-17 18:00:00,12,10,17,18,0,670,482,"0, LA WANTZENAU (ROUTE D",,,Crépuscule ou aube,Hors agglomération,Hors intersection,Normale,Deux véhicules - côté,,,,,,,,,,,2,1,1,1.0,3
201200035754,0012-10-18 09:30:00,12,10,18,9,30,670,447,"0, SELESTAT (RUE DE)",,,Plein jour,En agglomération,Intersection à plus de 4 branches,Normale,Deux véhicules - côté,,,,,,,,,,,1,2,5,1.0,3
201200035755,0012-10-18 18:40:00,12,10,18,18,40,670,482,"46, SOULTZ (RUE DE)",,,Crépuscule ou aube,En agglomération,Hors intersection,Normale,Deux véhicules - côté,,,,,,,,,,,2,2,1,1.0,3
201200035756,0012-10-18 19:15:00,12,10,18,19,15,670,482,"0, FORET NOIRE (AVENUE D",,,Nuit avec éclairage allumé,En agglomération,Intersection en X,Normale,Deux véhicules - côté,,,,,,,,,,,5,2,2,1.0,3
201200035757,0012-10-18 21:50:00,12,10,18,21,50,670,482,"0, VANNEAUX (RUE DES)",,,Nuit avec éclairage allumé,En agglomération,Intersection en T,Normale,Deux véhicules - côté,,,,,,,,,,,5,2,3,1.0,3
201200035758,0012-10-20 11:45:00,12,10,20,11,45,670,482,"0, MARTIN SCHONGAUER (RU",,,Plein jour,En agglomération,Hors intersection,Normale,Autre collision,,,,,,,,,,,1,2,1,1.0,6
201200035759,0012-10-20 19:55:00,12,10,20,19,55,670,482,"0, FRAN?OIS MITTERRAND (",,,Nuit avec éclairage allumé,En agglomération,Intersection en X,Normale,Autre collision,,,,,,,,,,,5,2,2,1.0,6
201200035760,0012-10-20 21:25:00,12,10,20,21,25,670,482,"103, SCHIRMECK (ROUTE DE",,,Nuit avec éclairage allumé,En agglomération,Intersection en T,Normale,Deux véhicules - côté,,,,,,,,,,,5,2,3,1.0,3
201200035761,0012-10-21 03:10:00,12,10,21,3,10,670,482,"0, ELMERFORST (RUE D )",,,Nuit avec éclairage allumé,En agglomération,Hors intersection,Normale,Autre collision,,,,,,,,,,,5,2,1,1.0,6
201200035762,0012-10-21 22:25:00,12,10,21,22,25,670,482,"0, NANCY (BOULEVARD DE)",,,Nuit avec éclairage allumé,En agglomération,Hors intersection,Normale,Autre collision,,,,,,,,,,,5,2,1,1.0,6
201200035763,0012-10-21 23:35:00,12,10,21,23,35,670,482,"0, SALLUSTE (RUE)",,,Nuit avec éclairage allumé,En agglomération,Intersection en X,Normale,Deux véhicules - côté,,,,,,,,,,,5,2,2,1.0,3
201200035764,0012-10-24 12:10:00,12,10,24,12,10,670,482,"1, PRESIDENT WILSON (BOU",,,Plein jour,En agglomération,Intersection en X,Normale,Deux véhicules - côté,,,,,,,,,,,1,2,2,1.0,3
201200035765,0012-10-25 07:20:00,12,10,25,7,20,670,447,"0, GENERAL DE GAULLE (RO",,,Nuit avec éclairage allumé,En agglomération,Intersection en X,Normale,Deux véhicules - frontale,,,,,,,,,,,5,2,2,1.0,1
201200035766,0012-10-25 16:10:00,12,10,25,16,10,670,482,"0, COLMAR (AVENUE DE)",,,Plein jour,En agglomération,Hors intersection,Normale,Autre collision,,,,,,,,,,,1,2,1,1.0,6
201200035767,0012-10-27 11:35:00,12,10,27,11,35,670,218,STRASBOURG (ROUTE DE),,,Plein jour,En agglomération,Intersection en X,Pluie légère,Deux véhicules - côté,,,,,,,,,,,1,2,2,2.0,3
201200035768,0012-10-27 02:40:00,12,10,27,2,40,670,218,"0, LE CORBUSIER ( RUE )",,,Nuit avec éclairage allumé,En agglomération,Hors intersection,Pluie légère,Autre collision,,,,,,,,,,,5,2,1,2.0,6
201200035769,0012-10-28 04:15:00,12,10,28,4,15,670,482,"0, LYON (BOULEVARD DE)",,,Nuit avec éclairage allumé,En agglomération,Hors intersection,Normale,Deux véhicules - frontale,,,,,,,,,,,5,2,1,1.0,1
201200035770,0012-10-28 15:07:00,12,10,28,15,7,670,482,"104, RHIN (ROUTE DU)",,,Plein jour,En agglomération,Intersection en T,Normale,Autre collision,,,,,,,,,,,1,2,3,1.0,6
201200035771,0012-10-30 15:21:00,12,10,30,15,21,670,365,"0, NEUVE (RUE)",,,Plein jour,En agglomération,Intersection en X,Normale,Deux véhicules - côté,,,,,,,,,,,1,2,2,1.0,3
201200035772,0012-10-30 19:25:00,12,10,30,19,25,670,482,"28, LEBLOIS (BOULEVARD)",,,Nuit avec éclairage allumé,En agglomération,Hors intersection,Normale,Deux véhicules - côté,,,,,,,,,,,5,2,1,1.0,3
201200035773,0012-10-31 08:07:00,12,10,31,8,7,670,267,"0, ALOUETTES (RUE DES)",,,Plein jour,En agglomération,Intersection en T,Normale,Deux véhicules - côté,,,,,,,,,,,1,2,3,1.0,3
201200035774,0012-10-31 21:10:00,12,10,31,21,10,670,482,"13, LANDSBERG (RUE DU)",,,Nuit avec éclairage non allumé,En agglomération,Hors intersection,Normale,Autre collision,,,,,,,,,,,4,2,1,1.0,6
201200035775,0012-11-01 17:40:00,12,11,1,17,40,670,482,"0, JEAN JAURES (AVENUE)",,,Nuit avec éclairage allumé,En agglomération,Intersection en X,Normale,Deux véhicules - côté,,,,,,,,,,,5,2,2,1.0,3
201200035776,0012-11-02 16:35:00,12,11,2,16,35,670,482,"22, SCHIRMECK (ROUTE DE)",,,Crépuscule ou aube,En agglomération,Hors intersection,Pluie légère,Deux véhicules - côté,,,,,,,,,,,2,2,1,2.0,3
201200035777,0012-11-05 07:57:00,12,11,5,7,57,670,482,"11, HAVRE (RUE DU)",,,Plein jour,En agglomération,Hors intersection,Normale,Trois véhicules et plus - collisions multiples,,,,,,,,,,,1,2,1,1.0,5
201200035778,0012-11-06 09:12:00,12,11,6,9,12,670,218,"0, TOBIAS STIMMER (RUE)",,,Plein jour,En agglomération,Intersection en T,Normale,Deux véhicules - frontale,,,,,,,,,,,1,2,3,1.0,1
201200035779,0012-11-06 13:40:00,12,11,6,13,40,670,482,"0, LEBLOIS (BOULEVARD)",,,Plein jour,En agglomération,Intersection en X,Normale,Autre collision,,,,,,,,,,,1,2,2,1.0,6
201200035780,0012-11-06 17:04:00,12,11,6,17,4,670,482,GEORGES SPEICHER (PISTE),,,Nuit avec éclairage allumé,En agglomération,Hors intersection,Normale,Sans collision,,,,,,,,,,,5,2,1,1.0,7
201200035781,0012-11-07 09:55:00,12,11,7,9,55,670,43,CHANTIERS (RUE DES),,,Plein jour,En agglomération,Intersection en X,Pluie légère,Deux véhicules - côté,,,,,,,,,,,1,2,2,2.0,3
201200035782,0012-11-07 21:55:00,12,11,7,21,55,670,482,"0, CLEMENT (RUE)",,,Nuit avec éclairage allumé,En agglomération,Intersection en X,Normale,Deux véhicules - côté,,,,,,,,,,,5,2,2,1.0,3
201200035783,0012-11-10 10:15:00,12,11,10,10,15,670,482,"206, SCHIRMECK (ROUTE DE",,,Plein jour,En agglomération,Hors intersection,Pluie forte,Deux véhicules - côté,,,,,,,,,,,1,2,1,3.0,3
201200035784,0012-11-10 13:30:00,12,11,10,13,30,670,482,"0, ANDRE MAUROIS (PLACE)",,,Plein jour,En agglomération,Hors intersection,Pluie légère,Autre collision,,,,,,,,,,,1,2,1,2.0,6
201200035785,0012-11-10 21:50:00,12,11,10,21,50,670,482,"0, CHARLES PEGUY (RUE)",,,Nuit avec éclairage allumé,En agglomération,Intersection en X,Pluie légère,Autre collision,,,,,,,,,,,5,2,2,2.0,6
201200035786,0012-11-12 13:30:00,12,11,12,13,30,670,482,"0, YSER (RUE DE L )",,,Plein jour,En agglomération,Intersection en T,Normale,Deux véhicules - côté,,,,,,,,,,,1,2,3,1.0,3
201200035787,0012-11-12 15:50:00,12,11,12,15,50,670,482,"0, KIRSTEIN (RUE)",,,Plein jour,En agglomération,Intersection en T,Normale,Autre collision,,,,,,,,,,,1,2,3,1.0,6
201200035788,0012-11-14 08:10:00,12,11,14,8,10,670,43,"0, BRUCHE (RUE DE LA)",,,Plein jour,En agglomération,Intersection en X,Normale,Deux véhicules - côté,,,,,,,,,,,1,2,2,1.0,3
201200035789,0012-11-14 15:40:00,12,11,14,15,40,670,482,"0, PAUL ELUARD (RUE)",,,Plein jour,En agglomération,Hors intersection,Normale,Autre collision,,,,,,,,,,,1,2,1,1.0,6