accident_id,datetime,annee,mois,jour,heure,minute,departement,commune_insee,adresse,latitude,longitude,luminosite,agglomeration,intersection,meteo,collision,nb_vehicules,nb_usagers,nb_indemnes,nb_tues,nb_blesses_hosp,nb_blesses_legers,age_cond_1,age_cond_2,veh_type_cond_1,veh_type_cond_2,lum_code,agg_code,int_code,atm_code,col_code
201200036037,0012-02-28 17:35:00,12,2,28,17,35,690,34,"51, RUE JEAN MOULIN",,,Plein jour,En agglomération,Hors intersection,Normale,Autre collision,,,,,,,,,,,1,2,1,1.0,6
201200036038,0012-02-06 19:50:00,12,2,6,19,50,690,34,"98, RUE PASTEUR",,,Nuit avec éclairage allumé,En agglomération,Hors intersection,Normale,Autre collision,,,,,,,,,,,5,2,1,1.0,6
201200036039,0012-02-28 13:15:00,12,2,28,13,15,690,34,"3, MONTEE DE LA BOUCLE",,,Plein jour,En agglomération,Intersection en Y,Normale,Autre collision,,,,,,,,,,,1,2,4,1.0,6
201200036040,0012-03-09 19:15:00,12,3,9,19,15,690,34,"91, GRANDE RUE DE SAINT",,,Nuit avec éclairage allumé,En agglomération,Hors intersection,Normale,Autre collision,,,,,,,,,,,5,2,1,1.0,6
201200036041,0012-03-16 01:10:00,12,3,16,1,10,690,34,"9, MONTEE DES SOLDATS",,,Nuit avec éclairage allumé,En agglomération,Hors intersection,Normale,Autre collision,,,,,,,,,,,5,2,1,1.0,6
201200036042,0012-03-18 19:45:00,12,3,18,19,45,690,34,"1, PLACE MARECHAL FOCH",,,Nuit avec éclairage allumé,En agglomération,Giratoire,Pluie légère,Sans collision,,,,,,,,,,,5,2,6,2.0,7
201200036043,0012-05-06 19:45:00,12,5,6,19,45,690,34,"2, RUE EDOUARD BRANLY",,,Plein jour,En agglomération,Hors intersection,Normale,Autre collision,,,,,,,,,,,1,2,1,1.0,6
201200036044,0012-03-20 09:35:00,12,3,20,9,35,690,34,"51, AVENUE GENERAL DE GA",,,Plein jour,En agglomération,Intersection en T,Normale,Autre collision,,,,,,,,,,,1,2,3,1.0,6
201200036045,0012-03-25 17:30:00,12,3,25,17,30,690,34,"37, COURS ARISTIDE BRIAN",,,Plein jour,En agglomération,Hors intersection,Normale,Autre collision,,,,,,,,,,,1,2,1,1.0,6
201200036046,0012-03-31 20:25:00,12,3,31,20,25,690,34,"53, ROUTE DE STRASBOURG",,,Nuit avec éclairage allumé,En agglomération,Hors intersection,Normale,Sans collision,,,,,,,,,,,5,2,1,1.0,7
201200036047,0012-04-04 15:05:00,12,4,4,15,5,690,34,"52, QUAI CLEMENCEAU",,,Plein jour,En agglomération,Intersection en T,Normale,Autre collision,,,,,,,,,,,1,2,3,1.0,6
201200036048,0012-04-06 17:40:00,12,4,6,17,40,690,34,"67, RUE COSTE",,,Plein jour,En agglomération,Intersection en X,Normale,Sans collision,,,,,,,,,,,1,2,2,1.0,7
201200036049,0012-04-19 09:25:00,12,4,19,9,25,690,34,CHEMIN DE VASSIEUX,,,Plein jour,En agglomération,Intersection en X,Normale,Autre collision,,,,,,,,,,,1,2,2,1.0,6
201200036050,0012-04-23 09:35:00,12,4,23,9,35,690,34,PLACE JULES FERRY,,,Plein jour,En agglomération,Hors intersection,Normale,Autre collision,,,,,,,,,,,1,2,1,1.0,6
201200036051,0012-05-02 11:25:00,12,5,2,11,25,690,34,"96, AVENUE GENERAL LECLE",,,Plein jour,En agglomération,Hors intersection,Normale,Deux véhicules - arrière,,,,,,,,,,,1,2,1,1.0,2
201200036052,0012-05-06 18:30:00,12,5,6,18,30,690,34,QUAI CLEMENCEAU,,,Plein jour,En agglomération,Hors intersection,Normale,Autre collision,,,,,,,,,,,1,2,1,1.0,6
201200036053,0012-05-12 16:45:00,12,5,12,16,45,690,34,"86, AVENUE GENERAL LECLE",,,Plein jour,En agglomération,Hors intersection,Normale,Deux véhicules - côté,,,,,,,,,,,1,2,1,1.0,3
201200036054,0012-05-14 12:15:00,12,5,14,12,15,690,34,AVENUE PIERRE TERRASSE,,,Plein jour,En agglomération,Intersection en T,Normale,Deux véhicules - côté,,,,,,,,,,,1,2,3,1.0,3
201200036055,0012-05-14 08:15:00,12,5,14,8,15,690,34,"82, QUAI CLEMENCEAU",,,Plein jour,En agglomération,Hors intersection,Normale,Autre collision,,,,,,,,,,,1,2,1,1.0,6
201200036056,0012-05-27 12:10:00,12,5,27,12,10,690,34,MONTEE CASTELLANE,,,Plein jour,En agglomération,Hors intersection,Normale,Deux véhicules - frontale,,,,,,,,,,,1,2,1,1.0,1
201200036057,0012-05-30 18:30:00,12,5,30,18,30,690,34,"59, QUAI CLEMENCEAU",,,Plein jour,En agglomération,Hors intersection,Normale,Autre collision,,,,,,,,,,,1,2,1,1.0,6
201200036058,0012-06-02 21:15:00,12,6,2,21,15,690,34,"21, AVENUE LOUIS DUFOUR",,,Nuit avec éclairage allumé,En agglomération,Hors intersection,Pluie légère,Deux véhicules - arrière,,,,,,,,,,,5,2,1,2.0,2
201200036059,0012-06-02 14:45:00,12,6,2,14,45,690,34,AVENUE DE POUMEYROL,,,Plein jour,En agglomération,Intersection en T,Normale,Deux véhicules - côté,,,,,,,,,,,1,2,3,1.0,3
201200036060,0012-06-07 08:20:00,12,6,7,8,20,690,34,"2, RUE CLAUDE BAUDRAND",,,Plein jour,En agglomération,Hors intersection,Normale,Autre collision,,,,,,,,,,,1,2,1,1.0,6
201200036061,0012-06-12 07:15:00,12,6,12,7,15,690,34,QUAI CLEMENCEAU,,,Plein jour,En agglomération,Intersection en Y,Temps couvert,Deux véhicules - côté,,,,,,,,,,,1,2,4,8.0,3
201200036062,0012-06-18 08:40:00,12,6,18,8,40,690,34,"116, AVENUE GENERAL LECL",,,Plein jour,En agglomération,Hors intersection,Normale,Deux véhicules - côté,,,,,,,,,,,1,2,1,1.0,3
201200036063,0012-06-28 16:50:00,12,6,28,16,50,690,34,"00, RUE CLAUDE BAUDRAND",,,Plein jour,En agglomération,Intersection en X,Normale,Deux véhicules - frontale,,,,,,,,,,,1,2,2,1.0,1
201200036064,0012-07-04 09:10:00,12,7,4,9,10,690,34,"50, QUAI CLEMENCEAU",,,Plein jour,En agglomération,Hors intersection,Normale,Deux véhicules - arrière,,,,,,,,,,,1,2,1,1.0,2
201200036065,0012-07-09 18:25:00,12,7,9,18,25,690,34,"00, MONTEE DES SOLDATS",,,Plein jour,En agglomération,Hors intersection,Normale,Autre collision,,,,,,,,,,,1,2,1,1.0,6
201200036066,0012-07-18 20:40:00,12,7,18,20,40,690,34,"15/21BIS, RUE PASTEUR",,,Plein jour,En agglomération,Hors intersection,Normale,Autre collision,,,,,,,,,,,1,2,1,1.0,6
201200036067,0012-07-21 18:00:00,12,7,21,18,0,690,34,"83/85, GRANDE RUE DE SAI",,,Plein jour,En agglomération,Hors intersection,Normale,Autre collision,,,,,,,,,,,1,2,1,1.0,6
201200036068,0012-07-30 17:50:00,12,7,30,17,50,690,34,"03, RUE JEAN MOULIN",,,Plein jour,En agglomération,Hors intersection,Normale,Deux véhicules - arrière,,,,,,,,,,,1,2,1,1.0,2
201200036069,0012-07-31 21:20:00,12,7,31,21,20,690,34,"304, BOULEVARD DES CANUT",,,Nuit avec éclairage allumé,En agglomération,Hors intersection,Normale,Deux véhicules - arrière,,,,,,,,,,,5,2,1,1.0,2
201200036070,0012-08-03 17:45:00,12,8,3,17,45,690,34,"00, PLACE MARECHAL FOCH",,,Plein jour,En agglomération,Giratoire,Normale,Deux véhicules - arrière,,,,,,,,,,,1,2,6,1.0,2
201200036071,0012-08-05 22:39:00,12,8,5,22,39,690,34,"105 B, ROUTE DE STRASBOU",,,Nuit avec éclairage allumé,En agglomération,Hors intersection,Pluie légère,Autre collision,,,,,,,,,,,5,2,1,2.0,6
201200036072,0012-08-08 10:25:00,12,8,8,10,25,690,34,"89, RUE JEAN MOULIN",,,Plein jour,En agglomération,Hors intersection,Normale,Autre collision,,,,,,,,,,,1,2,1,1.0,6
201200036073,0012-08-15 06:30:00,12,8,15,6,30,690,34,PONT RAYMOND POINCARE,,,Crépuscule ou aube,En agglomération,Hors intersection,Normale,Sans collision,,,,,,,,,,,2,2,1,1.0,7
201200036074,0012-08-27 19:15:00,12,8,27,19,15,690,34,"58, RUE COSTE",,,Plein jour,En agglomération,Hors intersection,Normale,Autre collision,,,,,,,,,,,1,2,1,1.0,6
201200036075,0012-09-07 09:40:00,12,9,7,9,40,690,34,RUE JEAN MOULIN,,,Plein jour,En agglomération,Intersection en T,Normale,Deux véhicules - côté,,,,,,,,,,,1,2,3,1.0,3
201200036076,0012-09-12 10:30:00,12,9,12,10,30,690,34,"66, RUE FRANCOIS PEISSEL",,,Plein jour,En agglomération,Hors intersection,Pluie légère,Deux véhicules - côté,,,,,,,,,,,1,2,1,2.0,3
201200036077,0012-09-08 15:15:00,12,9,8,15,15,690,34,"65, AVENUE GENERAL LECLE",,,Plein jour,En agglomération,Hors intersection,Normale,Deux véhicules - côté,,,,,,,,,,,1,2,1,1.0,3
201200036078,0012-09-16 16:00:00,12,9,16,16,0,690,34,"15, GRANDE RUE DE SAINT",,,Plein jour,En agglomération,Hors intersection,Normale,Autre collision,,,,,,,,,,,1,2,1,1.0,6
201200036079,0012-09-17 21:30:00,12,9,17,21,30,690,34,"71, ROUTE DE STRASBOURG",,,Nuit avec éclairage allumé,En agglomération,Hors intersection,Normale,Trois véhicules et plus - collisions multiples,,,,,,,,,,,5,2,1,1.0,5
201200036080,0012-09-18 12:35:00,12,9,18,12,35,690,34,PONT RAYMOND POINCARE,,,Plein jour,En agglomération,Autre intersection,Normale,Deux véhicules - côté,,,,,,,,,,,1,2,9,1.0,3
201200036081,0012-09-18 14:25:00,12,9,18,14,25,690,34,"15, AVENUE GENERAL LECLE",,,Plein jour,En agglomération,Hors intersection,Temps couvert,Sans collision,,,,,,,,,,,1,2,1,8.0,7
201200036082,0012-09-19 08:00:00,12,9,19,8,0,690,34,"12, QUAI CLEMENCEAU",,,Plein jour,En agglomération,Hors intersection,Normale,Autre collision,,,,,,,,,,,1,2,1,1.0,6
201200036083,0012-09-28 07:25:00,12,9,28,7,25,690,34,"43, QUAI CLEMENCEAU",,,Plein jour,En agglomération,Hors intersection,Normale,Deux véhicules - côté,,,,,,,,,,,1,2,1,1.0,3
201200036084,0012-10-01 17:25:00,12,10,1,17,25,690,34,"00, AVENUE GENERAL LECLE",,,Plein jour,En agglomération,Hors intersection,Normale,Deux véhicules - côté,,,,,,,,,,,1,2,1,1.0,3
201200036085,0012-09-17 19:30:00,12,9,17,19,30,690,34,"106, AVENUE ALEXANDER FL",,,Crépuscule ou aube,En agglomération,Hors intersection,Normale,Autre collision,,,,,,,,,,,2,2,1,1.0,6
201200036086,0012-10-12 09:15:00,12,10,12,9,15,690,34,"00, RUE COSTE",,,Plein jour,En agglomération,Intersection en X,Temps couvert,Deux véhicules - côté,,,,,,,,,,,1,2,2,8.0,3
201200036087,0012-10-13 14:50:00,12,10,13,14,50,690,34,"5, AVENUE GENERAL DE GAU",,,Plein jour,En agglomération,Hors intersection,Normale,Autre collision,,,,,,,,,,,1,2,1,1.0,6
201200036088,0012-10-20 11:15:00,12,10,20,11,15,690,34,PONT RAYMOND POINCARE,,,Plein jour,En agglomération,Hors intersection,Normale,Autre collision,,,,,,,,,,,1,2,1,1.0,6
201200036089,0012-10-19 17:40:00,12,10,19,17,40,690,34,"26, AVENUE BARTHELEMY TH",,,Plein jour,En agglomération,Hors intersection,Normale,Deux véhicules - côté,,,,,,,,,,,1,2,1,1.0,3
201200036090,0012-10-20 15:05:00,12,10,20,15,5,690,34,PONT RAYMOND POINCARE,,,Plein jour,En agglomération,Hors intersection,Normale,Deux véhicules - arrière,,,,,,,,,,,1,2,1,1.0,2
201200036091,0012-11-04 01:45:00,12,11,4,1,45,690,34,"125, QUAI CLEMENCEAU",,,Nuit avec éclairage allumé,En agglomération,Intersection en T,Pluie légère,Trois véhicules et plus - collisions multiples,,,,,,,,,,,5,2,3,2.0,5
201200036092,0012-11-07 12:15:00,12,11,7,12,15,690,34,"3, CHEMIN DU PENTHOD",,,Plein jour,En agglomération,Hors intersection,Normale,Deux véhicules - côté,,,,,,,,,,,1,2,1,1.0,3
201200036093,0012-11-10 04:15:00,12,11,10,4,15,690,34,BRETELLE 2 PORTE DE SAIN,,,Nuit avec éclairage allumé,Hors agglomération,Hors intersection,Pluie forte,Sans collision,,,,,,,,,,,5,1,1,3.0,7
201200036094,0012-11-10 21:45:00,12,11,10,21,45,690,34,VIADUC JOSEPH PICOT,,,Nuit avec éclairage allumé,En agglomération,Hors intersection,Temps couvert,Autre collision,,,,,,,,,,,5,2,1,8.0,6
201200036095,0012-11-11 18:00:00,12,11,11,18,0,690,34,"00, PLACE GUTENBERG",,,Nuit avec éclairage allumé,En agglomération,Hors intersection,Normale,Autre collision,,,,,,,,,,,5,2,1,1.0,6
201200036096,0012-11-13 17:20:00,12,11,13,17,20,690,34,"00, RUE DE MARGNOLLES",,,Nuit avec éclairage allumé,En agglomération,Intersection en Y,Temps couvert,Autre collision,,,,,,,,,,,5,2,4,8.0,6
201200036097,0012-11-17 09:10:00,12,11,17,9,10,690,34,"15, RUE PIERRE BOURGEOIS",,,Plein jour,En agglomération,Hors intersection,Normale,Deux véhicules - frontale,,,,,,,,,,,1,2,1,1.0,1
201200036098,0012-11-20 17:30:00,12,11,20,17,30,690,34,"71, ROUTE DE STRASBOURG",,,Nuit sans éclairage public,En agglomération,Hors intersection,Brouillard / fumée,Trois véhicules et plus - en chaîne,,,,,,,,,,,3,2,1,5.0,4
201200036099,0012-11-23 17:50:00,12,11,23,17,50,690,34,"14, RUE PASTEUR",,,Nuit avec éclairage allumé,En agglomération,Hors intersection,Normale,Autre collision,,,,,,,,,,,5,2,1,1.0,6
201200036100,0012-12-04 07:45:00,12,12,4,7,45,690,34,"120, AVENUE GENERAL LECL",,,Crépuscule ou aube,En agglomération,Hors intersection,Normale,Autre collision,,,,,,,,,,,2,2,1,1.0,6
201200036101,0012-11-24 19:20:00,12,11,24,19,20,690,34,"72, RUE JEAN MOULIN",,,Nuit avec éclairage allumé,En agglomération,Hors intersection,Temps couvert,Deux véhicules - côté,,,,,,,,,,,5,2,1,8.0,3
201200036102,0012-11-26 18:30:00,12,11,26,18,30,690,34,"10, CHEMIN JEAN PETIT",,,Nuit avec éclairage allumé,En agglomération,Hors intersection,Pluie forte,Autre collision,,,,,,,,,,,5,2,1,3.0,6
201200036103,0012-11-28 08:10:00,12,11,28,8,10,690,34,"28, AVENUE GENERAL DE GA",,,Crépuscule ou aube,En agglomération,Hors intersection,Normale,Deux véhicules - arrière,,,,,,,,,,,2,2,1,1.0,2
201200036104,0012-11-28 15:20:00,12,11,28,15,20,690,34,"123, RUE COSTE",,,Plein jour,En agglomération,Hors intersection,Pluie légère,Deux véhicules - côté,,,,,,,,,,,1,2,1,2.0,3
201200036105,0012-11-29 14:35:00,12,11,29,14,35,690,34,RUE FRANCOIS PEISSEL,,,Plein jour,En agglomération,Intersection en X,Normale,Deux véhicules - côté,,,,,,,,,,,1,2,2,1.0,3
201200036106,0012-11-30 15:25:00,12,11,30,15,25,690,34,RUE PASTEUR,,,Plein jour,En agglomération,Intersection en T,Normale,Deux véhicules - frontale,,,,,,,,,,,1,2,3,1.0,1
201200036107,0012-12-04 20:00:00,12,12,4,20,0,690,34,QUAI CLEMENCEAU,,,Nuit avec éclairage allumé,En agglomération,Intersection en T,Normale,Deux véhicules - frontale,,,,,,,,,,,5,2,3,1.0,1
201200036108,0012-12-05 07:15:00,12,12,5,7,15,690,34,"444, AVENUE JEAN MONNET",,,Nuit sans éclairage public,En agglomération,Hors intersection,Autre,Autre collision,,,,,,,,,,,3,2,1,9.0,6
201200036109,0012-12-05 17:20:00,12,12,5,17,20,690,34,RUE DES COMBATTANTS D AF,,,Nuit avec éclairage allumé,En agglomération,Intersection en X,Pluie légère,Autre collision,,,,,,,,,,,5,2,2,2.0,6
201200036110,0012-12-17 07:15:00,12,12,17,7,15,690,34,"12, CHEMIN JEAN PETIT",,,Crépuscule ou aube,En agglomération,Hors intersection,Pluie légère,Deux véhicules - arrière,,,,,,,,,,,2,2,1,2.0,2
201200036111,0012-12-19 07:50:00,12,12,19,7,50,690,34,QUAI CLEMENCEAU,,,Nuit avec éclairage allumé,En agglomération,Intersection en T,Normale,Deux véhicules - côté,,,,,,,,,,,5,2,3,1.0,3
201200036112,0012-12-19 13:00:00,12,12,19,13,0,690,34,"27, AVENUE LOUIS DUFOUR",,,Plein jour,En agglomération,Hors intersection,Normale,Autre collision,,,,,,,,,,,1,2,1,1.0,6
201200036113,0012-12-23 12:20:00,12,12,23,12,20,690,34,"6, MONTEE DES SOLDATS",,,Plein jour,En agglomération,Hors intersection,Normale,Trois véhicules et plus - en chaîne,,,,,,,,,,,1,2,1,1.0,4
201200036114,0012-12-24 17:49:00,12,12,24,17,49,690,34,"10, CHEMIN JEAN PETIT",,,Nuit avec éclairage allumé,En agglomération,Hors intersection,Normale,Deux véhicules - côté,,,,,,,,,,,5,2,1,1.0,3
201200036115,0012-12-31 15:15:00,12,12,31,15,15,690,34,"38, AVENUE GENERAL DE GA",,,Plein jour,En agglomération,Hors intersection,Normale,Trois véhicules et plus - collisions multiples,,,,,,,,,,,1,2,1,1.0,5
201200036116,0012-01-04 16:30:00,12,1,4,16,30,690,91,"59, GAGARINE (AV)",,,Plein jour,En agglomération,Hors intersection,Temps couvert,Autre collision,,,,,,,,,,,1,2,1,8.0,6
201200036117,0012-01-17 17:00:00,12,1,17,17,0,690,91,"x, PIERRE ET MARIE CURIE",,,Plein jour,En agglomération,Intersection en T,Normale,Deux véhicules - côté,,,,,,,,,,,1,2,3,1.0,3
201200036118,0012-01-27 11:00:00,12,1,27,11,0,690,91,"26, MOULIN (DU) ( R )",,,Plein jour,En agglomération,Hors intersection,Pluie légère,Deux véhicules - arrière,,,,,,,,,,,1,2,1,2.0,2
201200036119,0012-03-08 12:20:00,12,3,8,12,20,690,91,"x, DOCTEUR ROUX (DU) ( R",,,Plein jour,En agglomération,Hors intersection,Normale,Deux véhicules - arrière,,,,,,,,,,,1,2,1,1.0,2
201200036120,0012-03-18 02:30:00,12,3,18,2,30,690,91,"x, ROSENBERG (Q)",,,Nuit avec éclairage allumé,En agglomération,Hors intersection,Normale,Sans collision,,,,,,,,,,,5,2,1,1.0,7
201200036121,0012-03-29 18:25:00,12,3,29,18,25,690,91,"x, JEAN LIGONNET ( R )",,,Plein jour,En agglomération,Intersection en T,Normale,Deux véhicules - côté,,,,,,,,,,,1,2,3,1.0,3
201200036122,0012-04-02 09:30:00,12,4,2,9,30,690,91,"X, GEORGES LEVY (Q)",,,Plein jour,En agglomération,Hors intersection,Normale,Autre collision,,,,,,,,,,,1,2,1,1.0,6
201200036123,0012-04-12 12:30:00,12,4,12,12,30,690,91,"12, AUTRICHIENS  (DES) (",,,Plein jour,En agglomération,Intersection en Y,Pluie forte,Autre collision,,,,,,,,,,,1,2,4,3.0,6
201200036124,0012-04-17 17:25:00,12,4,17,17,25,690,91,"x, PAIX (DE LA) ( R )",,,Plein jour,En agglomération,Hors intersection,Normale,Autre collision,,,,,,,,,,,1,2,1,1.0,6
201200036125,0012-04-21 13:45:00,12,4,21,13,45,690,91,"x, EMILE ZOLA ( R )",,,Plein jour,En agglomération,Intersection en X,Pluie légère,Deux véhicules - côté,,,,,,,,,,,1,2,2,2.0,3
201200036126,0012-04-24 09:50:00,12,4,24,9,50,690,91,"x, RIVE DE GIER (DE) (RT",,,Plein jour,Hors agglomération,Hors intersection,Normale,Sans collision,,,,,,,,,,,1,1,1,1.0,7
201200036127,0012-05-03 18:30:00,12,5,3,18,30,690,96,"89, SABATIER (ANDRE) ( R",,,Plein jour,En agglomération,Hors intersection,Normale,Deux véhicules - côté,,,,,,,,,,,1,2,1,1.0,3
201200036128,0012-05-06 12:00:00,12,5,6,12,0,690,91,"x, GAGARINE (AV)",,,Plein jour,En agglomération,Intersection en X,Temps couvert,Deux véhicules - côté,,,,,,,,,,,1,2,2,8.0,3
201200036129,0012-06-13 12:40:00,12,6,13,12,40,690,96,"x, RAFFIN ( R )",,,Plein jour,En agglomération,Hors intersection,Normale,Deux véhicules - côté,,,,,,,,,,,1,2,1,1.0,3
201200036130,0012-06-14 08:00:00,12,6,14,8,0,690,91,MALIK OUSSEKINE ( R ),,,Plein jour,En agglomération,Hors intersection,Normale,Deux véhicules - frontale,,,,,,,,,,,1,2,1,1.0,1
201200036131,0012-06-14 18:00:00,12,6,14,18,0,690,91,"1, BARBUSSE (HENRI) (PL)",,,Plein jour,En agglomération,Hors intersection,Normale,Autre collision,,,,,,,,,,,1,2,1,1.0,6
201200036132,0012-06-16 16:40:00,12,6,16,16,40,690,91,"17, MALGONTIER (Q)",,,Plein jour,En agglomération,Hors intersection,Normale,Trois véhicules et plus - en chaîne,,,,,,,,,,,1,2,1,1.0,4
201200036133,0012-06-18 07:00:00,12,6,18,7,0,690,91,"x, RIVE DE GIER (DE) (RT",,,Plein jour,Hors agglomération,Hors intersection,Normale,Deux véhicules - arrière,,,,,,,,,,,1,1,1,1.0,2
201200036134,0012-06-24 16:30:00,12,6,24,16,30,690,96,"6, LANGEVIN (PAUL) ( R )",,,Plein jour,En agglomération,Hors intersection,Normale,Autre collision,,,,,,,,,,,1,2,1,1.0,6
201200036135,0012-07-02 10:30:00,12,7,2,10,30,690,91,"28, MORNANT (DE) (RTE)",,,Plein jour,En agglomération,Hors intersection,Pluie forte,Autre collision,,,,,,,,,,,1,2,1,3.0,6
201200036136,0012-07-05 13:35:00,12,7,5,13,35,690,96,"x, SABATIER (ANDRE) ( R",,,Plein jour,En agglomération,Intersection en T,Pluie légère,Deux véhicules - côté,,,,,,,,,,,1,2,3,2.0,3
201200036137,0012-07-05 13:25:00,12,7,5,13,25,690,91,"2, VICTOR HUGO ( R )",,,Plein jour,En agglomération,Hors intersection,Temps couvert,Autre collision,,,,,,,,,,,1,2,1,8.0,6
201200036138,0012-07-10 18:55:00,12,7,10,18,55,690,96,"85, BERTHELOT (MARCELIN)",,,Plein jour,En agglomération,Hors intersection,Normale,Autre collision,,,,,,,,,,,1,2,1,1.0,6
201200036139,0012-07-11 07:10:00,12,7,11,7,10,690,91,"x, PAIX (DE LA) ( R )",,,Plein jour,En agglomération,Giratoire,Normale,Autre collision,,,,,,,,,,,1,2,6,1.0,6
201200036140,0012-07-11 21:45:00,12,7,11,21,45,690,96,"51, ROBESPIERRE ( R )",,,Plein jour,En agglomération,Intersection en X,Normale,Deux véhicules - côté,,,,,,,,,,,1,2,2,1.0,3
201200036141,0012-07-12 21:35:00,12,7,12,21,35,690,91,"x, JEAN LIGONNET ( R )",,,Nuit avec éclairage allumé,En agglomération,Intersection en X,Normale,Deux véhicules - côté,,,,,,,,,,,5,2,2,1.0,3
201200036142,0012-07-21 15:50:00,12,7,21,15,50,690,96,"x, WALDECK-ROUSSEAU (AV)",,,Plein jour,En agglomération,Intersection en X,Normale,Deux véhicules - côté,,,,,,,,,,,1,2,2,1.0,3
201200036143,0012-07-24 23:55:00,12,7,24,23,55,690,91,"20, VICTOR HUGO ( R )",,,Nuit avec éclairage allumé,En agglomération,Hors intersection,Normale,Deux véhicules - côté,,,,,,,,,,,5,2,1,1.0,3
201200036144,0012-08-05 13:05:00,12,8,5,13,5,690,96,"x, ROBESPIERRE ( R )",,,Plein jour,En agglomération,Hors intersection,Normale,Autre collision,,,,,,,,,,,1,2,1,1.0,6
201200036145,0012-08-06 16:10:00,12,8,6,16,10,690,91,"x, RIVE DE GIER (DE) (RT",,,Plein jour,Hors agglomération,Hors intersection,Normale,Deux véhicules - frontale,,,,,,,,,,,1,1,1,1.0,1
201200036146,0012-08-25 17:50:00,12,8,25,17,50,690,91,"x, SEMARD (PIERRE) ( R )",,,Plein jour,En agglomération,Hors intersection,Temps couvert,Deux véhicules - arrière,,,,,,,,,,,1,2,1,8.0,2
201200036147,0012-08-31 13:00:00,12,8,31,13,0,690,91,"x, PAIX (DE LA) ( R )",,,Plein jour,En agglomération,Hors intersection,Pluie forte,Deux véhicules - frontale,,,,,,,,,,,1,2,1,3.0,1
201200036148,0012-09-12 07:30:00,12,9,12,7,30,690,91,"0, VICTOR HUGO ( R )",,,Crépuscule ou aube,En agglomération,Intersection en X,Pluie forte,Autre collision,,,,,,,,,,,2,2,2,3.0,6
201200036149,0012-09-16 16:20:00,12,9,16,16,20,690,96,"98, BERTHELOT (MARCELIN)",,,Plein jour,En agglomération,Hors intersection,Normale,Autre collision,,,,,,,,,,,1,2,1,1.0,6
201200036150,0012-09-21 09:00:00,12,9,21,9,0,690,91,"0, CHARLES SIMON ( R )",,,Plein jour,En agglomération,Intersection en T,Normale,Autre collision,,,,,,,,,,,1,2,3,1.0,6
201200036151,0012-09-22 17:00:00,12,9,22,17,0,690,96,"0, ROLLAND (EMMANUEL) (",,,Plein jour,En agglomération,Intersection en T,Normale,Autre collision,,,,,,,,,,,1,2,3,1.0,6
201200036152,0012-09-24 18:20:00,12,9,24,18,20,690,91,"0, JEAN MOULIN (AL)",,,Plein jour,En agglomération,Intersection en Y,Normale,Deux véhicules - côté,,,,,,,,,,,1,2,4,1.0,3
201200036153,0012-09-18 15:45:00,12,9,18,15,45,690,91,"0, HONORE PETETIN ( R )",,,Plein jour,En agglomération,Hors intersection,Normale,Autre collision,,,,,,,,,,,1,2,1,1.0,6
201200036154,0012-09-26 07:10:00,12,9,26,7,10,690,91,"20, VICTOR HUGO ( R )",,,Nuit avec éclairage allumé,En agglomération,Hors intersection,Vent fort / tempête,Autre collision,,,,,,,,,,,5,2,1,6.0,6
201200036155,0012-09-26 13:10:00,12,9,26,13,10,690,91,"18, JEAN LIGONNET ( R )",,,Plein jour,En agglomération,Hors intersection,Pluie forte,Deux véhicules - arrière,,,,,,,,,,,1,2,1,3.0,2
201200036156,0012-09-28 12:50:00,12,9,28,12,50,690,91,"0, ANATOLE FRANCE (AV)",,,Plein jour,En agglomération,Hors intersection,Normale,Deux véhicules - arrière,,,,,,,,,,,1,2,1,1.0,2
201200036157,0012-09-28 17:45:00,12,9,28,17,45,690,96,"26, CHARMES (DES) (CH)",,,Plein jour,En agglomération,Hors intersection,Normale,Autre collision,,,,,,,,,,,1,2,1,1.0,6
201200036158,0012-09-27 11:25:00,12,9,27,11,25,690,91,"6, VICTOR HUGO ( R )",,,Plein jour,En agglomération,Hors intersection,Normale,Deux véhicules - côté,,,,,,,,,,,1,2,1,1.0,3
201200036159,0012-10-24 14:15:00,12,10,24,14,15,690,91,"0, VICTOR HUGO ( R )",,,Plein jour,En agglomération,Hors intersection,Normale,Deux véhicules - arrière,,,,,,,,,,,1,2,1,1.0,2
201200036160,0012-10-22 10:00:00,12,10,22,10,0,690,91,"59, NEUVE (RTE)",,,Plein jour,Hors agglomération,Hors intersection,Pluie légère,Autre collision,,,,,,,,,,,1,1,1,2.0,6
201200036161,0012-11-23 17:55:00,12,11,23,17,55,690,91,"31, VICTOR HUGO ( R )",,,Nuit avec éclairage allumé,En agglomération,Hors intersection,Normale,Deux véhicules - frontale,,,,,,,,,,,5,2,1,1.0,1
201200036162,0012-11-23 15:35:00,12,11,23,15,35,690,91,"36, JOSEPH FAURE ( R )",,,Plein jour,En agglomération,Hors intersection,Temps couvert,Deux véhicules - côté,,,,,,,,,,,1,2,1,8.0,3
201200036163,0012-12-12 15:00:00,12,12,12,15,0,690,96,"0, REPUBLIQUE (DE LA)  (",,,Plein jour,En agglomération,Intersection en X,Normale,Deux véhicules - côté,,,,,,,,,,,1,2,2,1.0,3
201200036164,0012-12-14 13:00:00,12,12,14,13,0,690,96,"0, LANGEVIN (PAUL) ( R )",,,Plein jour,En agglomération,Hors intersection,Pluie forte,Autre collision,,,,,,,,,,,1,2,1,3.0,6
201200036165,0012-12-16 17:00:00,12,12,16,17,0,690,91,"32, JEAN LIGONNET ( R )",,,Crépuscule ou aube,En agglomération,Hors intersection,Normale,Deux véhicules - arrière,,,,,,,,,,,2,2,1,1.0,2
201200036166,0012-12-18 13:20:00,12,12,18,13,20,690,91,"0, GAGARINE (AV)",,,Plein jour,En agglomération,Hors intersection,Normale,Deux véhicules - frontale,,,,,,,,,,,1,2,1,1.0,1