accident_id,datetime,annee,mois,jour,heure,minute,departement,commune_insee,adresse,latitude,longitude,luminosite,agglomeration,intersection,meteo,collision,nb_vehicules,nb_usagers,nb_indemnes,nb_tues,nb_blesses_hosp,nb_blesses_legers,age_cond_1,age_cond_2,veh_type_cond_1,veh_type_cond_2,lum_code,agg_code,int_code,atm_code,col_code
201200036167,0012-12-22 08:20:00,12,12,22,8,20,690,91,"114, RIVE DE GIER (DE) (",,,Plein jour,Hors agglomération,Hors intersection,Normale,Autre collision,,,,,,,,,,,1,1,1,1.0,6
201200036168,0012-01-05 11:15:00,12,1,5,11,15,690,149,"44, PIERRE SEMARD",,,Plein jour,En agglomération,Hors intersection,Pluie légère,Autre collision,,,,,,,,,,,1,2,1,2.0,6
201200036169,0012-01-03 07:40:00,12,1,3,7,40,690,202,"44, PROVINCES (DES)",,,Crépuscule ou aube,En agglomération,Hors intersection,Temps couvert,Autre collision,,,,,,,,,,,2,2,1,8.0,6
201200036170,0012-01-10 18:20:00,12,1,10,18,20,690,149,"2, PIERRE SEMARD",,,Nuit avec éclairage allumé,En agglomération,Hors intersection,Normale,Sans collision,,,,,,,,,,,5,2,1,1.0,7
201200036171,0012-01-13 07:25:00,12,1,13,7,25,690,202,BARON DU MARAIS (DU),,,Nuit avec éclairage allumé,En agglomération,Intersection en T,Temps couvert,Deux véhicules - frontale,,,,,,,,,,,5,2,3,8.0,1
201200036172,0012-01-03 07:50:00,12,1,3,7,50,690,202,PROVINCES (DES),,,Plein jour,En agglomération,Hors intersection,Normale,Autre collision,,,,,,,,,,,1,2,1,1.0,6
201200036173,0012-01-18 15:15:00,12,1,18,15,15,690,202,"12, CROIX DE PIVORT (DE",,,Plein jour,En agglomération,Hors intersection,Temps couvert,Deux véhicules - arrière,,,,,,,,,,,1,2,1,8.0,2
201200036174,0012-02-09 14:00:00,12,2,9,14,0,690,142,GENERAL DE GAULLE,,,Plein jour,En agglomération,Intersection en T,Normale,Trois véhicules et plus - en chaîne,,,,,,,,,,,1,2,3,1.0,4
201200036175,0012-02-03 10:25:00,12,2,3,10,25,690,149,"143, GRANDE RUE",,,Plein jour,En agglomération,Hors intersection,Normale,Deux véhicules - côté,,,,,,,,,,,1,2,1,1.0,3
201200036176,0012-02-10 07:55:00,12,2,10,7,55,690,152,"26, HAUTE ROCHE (DE)",,,Crépuscule ou aube,En agglomération,Hors intersection,Normale,Autre collision,,,,,,,,,,,2,2,1,1.0,6
201200036177,0012-03-01 07:04:00,12,3,1,7,4,690,152,STALINGRAD,,,Plein jour,En agglomération,Intersection en T,Normale,Deux véhicules - côté,,,,,,,,,,,1,2,3,1.0,3
201200036178,0012-03-02 13:16:00,12,3,2,13,16,690,149,"40, PIERRE SEMARD",,,Plein jour,En agglomération,Hors intersection,Normale,Autre collision,,,,,,,,,,,1,2,1,1.0,6
201200036179,0012-03-13 10:14:00,12,3,13,10,14,690,202,"14, BARON DU MARAIS (DU)",,,Plein jour,En agglomération,Hors intersection,Normale,Autre collision,,,,,,,,,,,1,2,1,1.0,6
201200036180,0012-03-17 16:40:00,12,3,17,16,40,690,149,"22, CADIERE (DE LA)",,,Plein jour,En agglomération,Hors intersection,Normale,Autre collision,,,,,,,,,,,1,2,1,1.0,6
201200036181,0012-03-18 14:10:00,12,3,18,14,10,690,142,"6, GENERAL DE GAULLE",,,Plein jour,En agglomération,Hors intersection,Pluie légère,Deux véhicules - côté,,,,,,,,,,,1,2,1,2.0,3
201200036182,0012-03-12 19:30:00,12,3,12,19,30,690,202,"82, CROIX DE PIVORT (DE",,,Nuit avec éclairage allumé,En agglomération,Hors intersection,Normale,Trois véhicules et plus - en chaîne,,,,,,,,,,,5,2,1,1.0,4
201200036183,0012-03-21 18:15:00,12,3,21,18,15,690,149,"31, CELESTINS (DES)",,,Plein jour,En agglomération,Intersection en Y,Normale,Autre collision,,,,,,,,,,,1,2,4,1.0,6
201200036184,0012-04-13 10:30:00,12,4,13,10,30,690,149,"34, NARCISSE BERTHOLEY",,,Plein jour,En agglomération,Hors intersection,Normale,Autre collision,,,,,,,,,,,1,2,1,1.0,6
201200036185,0012-03-21 09:50:00,12,3,21,9,50,690,202,"20, LIBERATION (DE LA)",,,Plein jour,En agglomération,Hors intersection,Normale,Deux véhicules - arrière,,,,,,,,,,,1,2,1,1.0,2
201200036186,0012-04-02 19:42:00,12,4,2,19,42,690,149,"19, GRANDE RUE",,,Plein jour,En agglomération,Hors intersection,Normale,Trois véhicules et plus - en chaîne,,,,,,,,,,,1,2,1,1.0,4
201200036187,0012-03-31 15:41:00,12,3,31,15,41,690,142,"66, STEPHANE DECHANT",,,Plein jour,En agglomération,Hors intersection,Normale,Deux véhicules - arrière,,,,,,,,,,,1,2,1,1.0,2
201200036188,0012-04-10 09:50:00,12,4,10,9,50,690,202,RAZES (DES),,,Plein jour,En agglomération,Hors intersection,Temps couvert,Trois véhicules et plus - collisions multiples,,,,,,,,,,,1,2,1,8.0,5
201200036189,0012-05-08 09:10:00,12,5,8,9,10,690,149,"00, GRANDE RUE",,,Plein jour,En agglomération,Intersection en X,Normale,Autre collision,,,,,,,,,,,1,2,2,1.0,6
201200036190,0012-05-15 16:15:00,12,5,15,16,15,690,149,"44, GRANDE RUE",,,Plein jour,En agglomération,Autre intersection,Normale,Trois véhicules et plus - en chaîne,,,,,,,,,,,1,2,9,1.0,4
201200036191,0012-05-15 20:15:00,12,5,15,20,15,690,152,"67, JULES GUESDE",,,Plein jour,En agglomération,Hors intersection,Normale,Deux véhicules - côté,,,,,,,,,,,1,2,1,1.0,3
201200036192,0012-05-16 16:10:00,12,5,16,16,10,690,142,"00, LIBERATION (DE LA)",,,Plein jour,En agglomération,Hors intersection,Normale,Sans collision,,,,,,,,,,,1,2,1,1.0,7
201200036193,0012-05-21 19:50:00,12,5,21,19,50,690,142,"2, STEPHANE DECHANT",,,Plein jour,En agglomération,Hors intersection,Normale,Autre collision,,,,,,,,,,,1,2,1,1.0,6
201200036194,0012-05-25 07:45:00,12,5,25,7,45,690,149,"17, FRANCISQUE JOMARD",,,Plein jour,En agglomération,Hors intersection,Normale,Deux véhicules - côté,,,,,,,,,,,1,2,1,1.0,3
201200036195,0012-05-26 09:40:00,12,5,26,9,40,690,152,MURIERS (DES),,,Plein jour,En agglomération,Hors intersection,Normale,Autre collision,,,,,,,,,,,1,2,1,1.0,6
201200036196,0012-05-30 07:50:00,12,5,30,7,50,690,152,"29, EUROPE (DE L')",,,Plein jour,En agglomération,Intersection en X,Normale,Deux véhicules - côté,,,,,,,,,,,1,2,2,1.0,3
201200036197,0012-05-30 18:00:00,12,5,30,18,0,690,149,"73, GRANDE RUE",,,Plein jour,En agglomération,Hors intersection,Normale,Autre collision,,,,,,,,,,,1,2,1,1.0,6
201200036198,0012-06-01 01:45:00,12,6,1,1,45,690,142,"40, GENERAL DE GAULLE",,,Nuit avec éclairage allumé,En agglomération,Hors intersection,Normale,Sans collision,,,,,,,,,,,5,2,1,1.0,7
201200036199,0012-06-04 15:30:00,12,6,4,15,30,690,149,"face au 19, LOUIS AULAGN",,,Plein jour,En agglomération,Hors intersection,Temps couvert,Autre collision,,,,,,,,,,,1,2,1,8.0,6
201200036200,0012-06-12 04:45:00,12,6,12,4,45,690,149,"22, GRANDE RUE",,,Nuit avec éclairage allumé,En agglomération,Hors intersection,Normale,Autre collision,,,,,,,,,,,5,2,1,1.0,6
201200036201,0012-06-21 09:15:00,12,6,21,9,15,690,152,"27, HAUTE ROCHE (DE)",,,Plein jour,En agglomération,Hors intersection,Normale,Autre collision,,,,,,,,,,,1,2,1,1.0,6
201200036202,0012-06-25 11:45:00,12,6,25,11,45,690,202,"35 TER, COMMANDANT CHARC",,,Plein jour,En agglomération,Intersection en T,Normale,Deux véhicules - frontale,,,,,,,,,,,1,2,3,1.0,1
201200036203,0012-07-11 16:05:00,12,7,11,16,5,690,202,"46, VALIOUD",,,Plein jour,En agglomération,Hors intersection,Normale,Autre collision,,,,,,,,,,,1,2,1,1.0,6
201200036204,0012-07-03 10:30:00,12,7,3,10,30,690,202,"35 ter, COMMANDANT CHARC",,,Plein jour,En agglomération,Intersection en T,Normale,Deux véhicules - frontale,,,,,,,,,,,1,2,3,1.0,1
201200036205,0012-07-06 12:05:00,12,7,6,12,5,690,149,"00, GRANDE RUE",,,Plein jour,En agglomération,Intersection en X,Normale,Deux véhicules - côté,,,,,,,,,,,1,2,2,1.0,3
201200036206,0012-07-20 16:30:00,12,7,20,16,30,690,149,"00, GRANDE RUE",,,Plein jour,En agglomération,Intersection en T,Normale,Deux véhicules - côté,,,,,,,,,,,1,2,3,1.0,3
201200036207,0012-07-17 18:50:00,12,7,17,18,50,690,152,"08, 11 NOVEMBRE 1918 (DU",,,Plein jour,En agglomération,Hors intersection,Normale,Autre collision,,,,,,,,,,,1,2,1,1.0,6
201200036208,0012-07-22 19:30:00,12,7,22,19,30,690,149,"141, EMILE ZOLA",,,Plein jour,En agglomération,Hors intersection,Normale,Autre collision,,,,,,,,,,,1,2,1,1.0,6
201200036209,0012-08-17 15:05:00,12,8,17,15,5,690,149,GRAND REVOYET (DU),,,Plein jour,En agglomération,Intersection en X,Normale,Deux véhicules - côté,,,,,,,,,,,1,2,2,1.0,3
201200036210,0012-08-29 16:45:00,12,8,29,16,45,690,149,"00, JEAN JAURES",,,Plein jour,En agglomération,Intersection en X,Normale,Deux véhicules - côté,,,,,,,,,,,1,2,2,1.0,3
201200036211,0012-09-04 10:40:00,12,9,4,10,40,690,149,PROFESSEUR FLEMING (DU),,,Plein jour,En agglomération,Intersection en T,Temps couvert,Autre collision,,,,,,,,,,,1,2,3,8.0,6
201200036212,0012-09-04 12:10:00,12,9,4,12,10,690,202,"4, PINS (DES)",,,Plein jour,En agglomération,Hors intersection,Normale,Deux véhicules - frontale,,,,,,,,,,,1,2,1,1.0,1
201200036213,0012-09-22 01:00:00,12,9,22,1,0,690,149,"8, EMILE ZOLA",,,Nuit avec éclairage allumé,En agglomération,Hors intersection,Pluie légère,Autre collision,,,,,,,,,,,5,2,1,2.0,6
201200036214,0012-09-26 17:30:00,12,9,26,17,30,690,149,"3, EMILE ZOLA",,,Plein jour,En agglomération,Intersection en X,Pluie forte,Deux véhicules - frontale,,,,,,,,,,,1,2,2,3.0,1
201200036215,0012-10-01 07:20:00,12,10,1,7,20,690,202,"44, PROVINCES (DES)",,,Crépuscule ou aube,En agglomération,Hors intersection,Normale,Autre collision,,,,,,,,,,,2,2,1,1.0,6
201200036216,0012-10-22 07:15:00,12,10,22,7,15,690,149,"15, PIERRE SEMARD",,,Crépuscule ou aube,En agglomération,Hors intersection,Normale,Autre collision,,,,,,,,,,,2,2,1,1.0,6
201200036217,0012-10-28 11:30:00,12,10,28,11,30,690,149,"78, CHARTON",,,Plein jour,En agglomération,Hors intersection,Normale,Deux véhicules - côté,,,,,,,,,,,1,2,1,1.0,3
201200036218,0012-11-06 17:00:00,12,11,6,17,0,690,202,RAZES (DES),,,Plein jour,En agglomération,Hors intersection,Normale,Autre collision,,,,,,,,,,,1,2,1,1.0,6
201200036219,0012-11-14 19:10:00,12,11,14,19,10,690,142,"147, STEPHANE DECHANT",,,Nuit avec éclairage allumé,En agglomération,Hors intersection,Normale,Autre collision,,,,,,,,,,,5,2,1,1.0,6
201200036220,0012-11-19 17:25:00,12,11,19,17,25,690,152,"41, EUROPE (DE L')",,,Plein jour,En agglomération,Hors intersection,Normale,Deux véhicules - arrière,,,,,,,,,,,1,2,1,1.0,2
201200036221,0012-11-23 10:10:00,12,11,23,10,10,690,142,"104, STEPHANE DECHANT",,,Plein jour,En agglomération,Hors intersection,Normale,Sans collision,,,,,,,,,,,1,2,1,1.0,7
201200036222,0012-11-23 17:30:00,12,11,23,17,30,690,152,"4, MARIUS CHARDON",,,Nuit avec éclairage allumé,En agglomération,Hors intersection,Normale,Deux véhicules - côté,,,,,,,,,,,5,2,1,1.0,3
201200036223,0012-11-22 07:40:00,12,11,22,7,40,690,142,"1, JEAN JACQUES ROUSSEAU",,,Crépuscule ou aube,En agglomération,Hors intersection,Normale,Autre collision,,,,,,,,,,,2,2,1,1.0,6
201200036224,0012-11-26 17:50:00,12,11,26,17,50,690,149,"19, YZERON (DE L')",,,Nuit avec éclairage allumé,En agglomération,Intersection en T,Pluie légère,Autre collision,,,,,,,,,,,5,2,3,2.0,6
201200036225,0012-12-03 16:15:00,12,12,3,16,15,690,202,RAZES (DES),,,Crépuscule ou aube,En agglomération,Hors intersection,Pluie légère,Autre collision,,,,,,,,,,,2,2,1,2.0,6
201200036226,0012-12-28 12:10:00,12,12,28,12,10,690,202,"3, VALIOUD",,,Plein jour,En agglomération,Hors intersection,Temps couvert,Deux véhicules - frontale,,,,,,,,,,,1,2,1,8.0,1
201200036227,0012-12-06 18:00:00,12,12,6,18,0,690,149,"44, GRANDE RUE",,,Nuit avec éclairage allumé,En agglomération,Hors intersection,Normale,Deux véhicules - côté,,,,,,,,,,,5,2,1,1.0,3
201200036228,0012-12-13 17:25:00,12,12,13,17,25,690,142,"1, STEPHANE DECHANT",,,Nuit avec éclairage allumé,En agglomération,Hors intersection,Pluie forte,Trois véhicules et plus - collisions multiples,,,,,,,,,,,5,2,1,3.0,5
201200036229,0012-12-13 18:30:00,12,12,13,18,30,690,149,JEAN JAURES,,,Nuit avec éclairage allumé,En agglomération,Intersection en T,Pluie légère,Autre collision,,,,,,,,,,,5,2,3,2.0,6
201200036230,0012-12-14 11:10:00,12,12,14,11,10,690,152,"9, VOLTAIRE",,,Plein jour,En agglomération,Hors intersection,Pluie forte,Autre collision,,,,,,,,,,,1,2,1,3.0,6
201200036231,0012-12-17 08:30:00,12,12,17,8,30,690,202,"24, LIMBURG (DE)",,,Crépuscule ou aube,En agglomération,Hors intersection,Temps couvert,Sans collision,,,,,,,,,,,2,2,1,8.0,7
201200036232,0012-12-18 12:10:00,12,12,18,12,10,690,149,"23, CAMILLE (DE LA)",,,Plein jour,En agglomération,Hors intersection,Pluie légère,Autre collision,,,,,,,,,,,1,2,1,2.0,6
201200036233,0012-12-21 14:15:00,12,12,21,14,15,690,142,JEAN JACQUES ROUSSEAU,,,Plein jour,En agglomération,Hors intersection,Temps couvert,Deux véhicules - côté,,,,,,,,,,,1,2,1,8.0,3
201200036234,0012-01-20 21:50:00,12,1,20,21,50,690,256,"0, BOELHEN (DE)",,,Nuit sans éclairage public,En agglomération,Intersection en T,Pluie légère,Deux véhicules - côté,,,,,,,,,,,3,2,3,2.0,3
201200036235,0012-01-23 12:55:00,12,1,23,12,55,690,256,"6, MAURICE THOREZ",,,Plein jour,En agglomération,Place,Normale,Autre collision,,,,,,,,,,,1,2,7,1.0,6
201200036236,0012-01-23 17:55:00,12,1,23,17,55,690,256,"130, REPUBLIQUE (DE LA)",,,Nuit avec éclairage allumé,En agglomération,Hors intersection,Normale,Autre collision,,,,,,,,,,,5,2,1,1.0,6
201200036237,0012-02-14 08:50:00,12,2,14,8,50,690,256,"0, MAURICE AUDIN",,,Plein jour,En agglomération,Hors intersection,Normale,Deux véhicules - côté,,,,,,,,,,,1,2,1,1.0,3
201200036238,0012-03-04 03:59:00,12,3,4,3,59,690,256,"0, BOELHEN (DE)",,,Nuit avec éclairage allumé,En agglomération,Hors intersection,Normale,Autre collision,,,,,,,,,,,5,2,1,1.0,6
201200036239,0012-03-04 18:15:00,12,3,4,18,15,690,256,EUGENE HENAFF,,,Nuit avec éclairage allumé,En agglomération,Intersection en X,Temps couvert,Deux véhicules - côté,,,,,,,,,,,5,2,2,8.0,3
201200036240,0012-03-08 23:50:00,12,3,8,23,50,690,29,"1, AERODROME DE BRON",,,Nuit avec éclairage allumé,En agglomération,Intersection en Y,Normale,Autre collision,,,,,,,,,,,5,2,4,1.0,6
201200036241,0012-03-12 17:45:00,12,3,12,17,45,690,256,"0, PAUL MARCELLIN",,,Plein jour,En agglomération,Hors intersection,Normale,Deux véhicules - côté,,,,,,,,,,,1,2,1,1.0,3
201200036242,0012-03-17 15:50:00,12,3,17,15,50,690,256,"0, SUCRERIE (DE LA)",,,Plein jour,En agglomération,Hors intersection,Normale,Deux véhicules - arrière,,,,,,,,,,,1,2,1,1.0,2
201200036243,0012-03-21 11:53:00,12,3,21,11,53,690,256,"0, GABRIEL PERI",,,Plein jour,En agglomération,Intersection en T,Normale,Autre collision,,,,,,,,,,,1,2,3,1.0,6
201200036244,0012-03-22 13:00:00,12,3,22,13,0,690,256,"0, GEORGES DIMITROV",,,Plein jour,En agglomération,Intersection en T,Normale,Autre collision,,,,,,,,,,,1,2,3,1.0,6
201200036245,0012-03-29 13:15:00,12,3,29,13,15,690,256,"22, EMILE ZOLA",,,Plein jour,En agglomération,Intersection en X,Normale,Autre collision,,,,,,,,,,,1,2,2,1.0,6
201200036246,0012-03-29 19:00:00,12,3,29,19,0,690,256,"0, FRANKLIN ROOSEVELT",,,Plein jour,En agglomération,Giratoire,Normale,Deux véhicules - côté,,,,,,,,,,,1,2,6,1.0,3
201200036247,0012-04-23 16:30:00,12,4,23,16,30,690,256,"0, CONDORCET",,,Plein jour,En agglomération,Intersection en X,Normale,Deux véhicules - côté,,,,,,,,,,,1,2,2,1.0,3
201200036248,0012-05-09 17:10:00,12,5,9,17,10,690,256,ROGER SALENGRO,,,Plein jour,En agglomération,Intersection en X,Normale,Deux véhicules - côté,,,,,,,,,,,1,2,2,1.0,3
201200036249,0012-05-11 15:35:00,12,5,11,15,35,690,256,"0, CANUTS (DES)",,,Plein jour,En agglomération,Intersection en T,Normale,Deux véhicules - côté,,,,,,,,,,,1,2,3,1.0,3
201200036250,0012-05-13 00:40:00,12,5,13,0,40,690,256,CANUTS (DES),,,Nuit avec éclairage allumé,En agglomération,Intersection en X,Normale,Deux véhicules - côté,,,,,,,,,,,5,2,2,1.0,3
201200036251,0012-05-16 18:45:00,12,5,16,18,45,690,256,"0, PAUL MARCELLIN",,,Plein jour,En agglomération,Intersection en X,Normale,Deux véhicules - côté,,,,,,,,,,,1,2,2,1.0,3
201200036252,0012-05-18 15:00:00,12,5,18,15,0,690,256,"0, EUGENE HENAFF",,,Plein jour,En agglomération,Intersection en X,Normale,Deux véhicules - arrière,,,,,,,,,,,1,2,2,1.0,2
201200036253,0012-06-10 18:15:00,12,6,10,18,15,690,256,8 MAI 1945 (DU),,,Plein jour,En agglomération,Hors intersection,Pluie forte,Trois véhicules et plus - en chaîne,,,,,,,,,,,1,2,1,3.0,4
201200036254,0012-06-27 15:00:00,12,6,27,15,0,690,256,"27, MARCELIN BERTHELOT",,,Plein jour,En agglomération,Intersection en X,Normale,Deux véhicules - côté,,,,,,,,,,,1,2,2,1.0,3
201200036255,0012-07-14 12:30:00,12,7,14,12,30,690,256,"0, BOELHEN (DE)",,,Plein jour,En agglomération,Intersection en X,Normale,Deux véhicules - côté,,,,,,,,,,,1,2,2,1.0,3
201200036256,0012-07-17 07:05:00,12,7,17,7,5,690,256,"59, PAUL TESTE",,,Plein jour,En agglomération,Intersection en T,Normale,Deux véhicules - côté,,,,,,,,,,,1,2,3,1.0,3
201200036257,0012-07-24 20:45:00,12,7,24,20,45,690,256,"., KARL MARX",,,Plein jour,En agglomération,Intersection en T,Normale,Autre collision,,,,,,,,,,,1,2,3,1.0,6
201200036258,0012-07-24 11:20:00,12,7,24,11,20,690,256,"1, GEORGES DIMITROV",,,Plein jour,En agglomération,Giratoire,Normale,Autre collision,,,,,,,,,,,1,2,6,1.0,6
201200036259,0012-07-25 22:50:00,12,7,25,22,50,690,256,EUGENIE COTTON,,,Nuit avec éclairage allumé,En agglomération,Intersection en X,Normale,Deux véhicules - côté,,,,,,,,,,,5,2,2,1.0,3
201200036260,0012-07-10 17:00:00,12,7,10,17,0,690,256,"., LOUIS SAILLANT",,,Plein jour,En agglomération,Intersection en T,Normale,Autre collision,,,,,,,,,,,1,2,3,1.0,6
201200036261,0012-07-30 20:10:00,12,7,30,20,10,690,256,"79, ROMAIN ROLLAND",,,Plein jour,En agglomération,Hors intersection,Normale,Autre collision,,,,,,,,,,,1,2,1,1.0,6
201200036262,0012-07-31 22:10:00,12,7,31,22,10,690,256,", BOELHEN (DE)",,,Nuit avec éclairage allumé,En agglomération,Hors intersection,Normale,Autre collision,,,,,,,,,,,5,2,1,1.0,6
201200036263,0012-08-03 18:40:00,12,8,3,18,40,690,256,"., GENAS (DE)",,,Plein jour,En agglomération,Intersection en X,Normale,Autre collision,,,,,,,,,,,1,2,2,1.0,6
201200036264,0012-08-31 11:00:00,12,8,31,11,0,690,256,"0, FRANKLIN ROOSEVELT",,,Plein jour,En agglomération,Intersection en T,Normale,Autre collision,,,,,,,,,,,1,2,3,1.0,6
201200036265,0012-09-03 14:15:00,12,9,3,14,15,690,256,"8, MARIUS GROSSO",,,Plein jour,En agglomération,Hors intersection,Normale,Trois véhicules et plus - en chaîne,,,,,,,,,,,1,2,1,1.0,4
201200036266,0012-09-13 06:45:00,12,9,13,6,45,690,256,"45, GARIBALDI",,,Nuit avec éclairage non allumé,En agglomération,Hors intersection,Normale,Autre collision,,,,,,,,,,,4,2,1,1.0,6
201200036267,0012-09-16 10:15:00,12,9,16,10,15,690,256,"0, PAUL TESTE",,,Plein jour,En agglomération,Intersection en T,Normale,Deux véhicules - côté,,,,,,,,,,,1,2,3,1.0,3
201200036268,0012-09-17 07:40:00,12,9,17,7,40,690,256,"0, MARIUS GROSSO",,,Plein jour,En agglomération,Intersection en T,Normale,Deux véhicules - côté,,,,,,,,,,,1,2,3,1.0,3
201200036269,0012-09-24 17:45:00,12,9,24,17,45,690,256,"0, 8 MAI 1945 (DU)",,,Plein jour,En agglomération,Intersection en T,Normale,Autre collision,,,,,,,,,,,1,2,3,1.0,6
201200036270,0012-09-28 07:50:00,12,9,28,7,50,690,256,"25, JEAN FOUCAUD",,,Plein jour,En agglomération,Hors intersection,Normale,Deux véhicules - côté,,,,,,,,,,,1,2,1,1.0,3
201200036271,0012-09-30 14:35:00,12,9,30,14,35,690,256,"105, GRANDCLEMENT",,,Plein jour,En agglomération,Hors intersection,Pluie légère,Deux véhicules - frontale,,,,,,,,,,,1,2,1,2.0,1
201200036272,0012-10-01 20:15:00,12,10,1,20,15,690,256,"61, BOELHEN (DE)",,,Nuit avec éclairage allumé,En agglomération,Intersection en T,Normale,Autre collision,,,,,,,,,,,5,2,3,1.0,6
201200036273,0012-10-05 17:50:00,12,10,5,17,50,690,256,"158BIS, ROGER SALENGRO",,,Plein jour,En agglomération,Hors intersection,Normale,Autre collision,,,,,,,,,,,1,2,1,1.0,6
201200036274,0012-10-05 18:00:00,12,10,5,18,0,690,256,"0, GEORGES DIMITROV",,,Plein jour,En agglomération,Intersection en T,Normale,Autre collision,,,,,,,,,,,1,2,3,1.0,6
201200036275,0012-10-09 07:35:00,12,10,9,7,35,690,256,GEORGES DIMITROV,,,Plein jour,En agglomération,Hors intersection,Pluie légère,Sans collision,,,,,,,,,,,1,2,1,2.0,7
201200036276,0012-10-12 13:30:00,12,10,12,13,30,690,256,"32, EGALITE (DE L')",,,Plein jour,En agglomération,Intersection en X,Normale,Autre collision,,,,,,,,,,,1,2,2,1.0,6
201200036277,0012-11-01 20:08:00,12,11,1,20,8,690,256,"0, FRANKLIN ROOSEVELT",,,Nuit avec éclairage allumé,En agglomération,Giratoire,Normale,Autre collision,,,,,,,,,,,5,2,6,1.0,6
201200036278,0012-11-02 00:30:00,12,11,2,0,30,690,256,"40, REPUBLIQUE (DE LA)",,,Nuit avec éclairage allumé,En agglomération,Intersection en X,Normale,Deux véhicules - côté,,,,,,,,,,,5,2,2,1.0,3
201200036279,0012-11-28 03:45:00,12,11,28,3,45,690,256,"0, CUZIN",,,Nuit avec éclairage allumé,En agglomération,Intersection en T,Temps couvert,Autre collision,,,,,,,,,,,5,2,3,8.0,6
201200036280,0012-11-05 13:40:00,12,11,5,13,40,690,256,"86, FRANKLIN ROOSEVELT",,,Plein jour,En agglomération,Hors intersection,Normale,Deux véhicules - côté,,,,,,,,,,,1,2,1,1.0,3
201200036281,0012-11-20 09:10:00,12,11,20,9,10,690,256,"0, GABRIEL PERI",,,Plein jour,En agglomération,Intersection en T,Normale,Autre collision,,,,,,,,,,,1,2,3,1.0,6
201200036282,0012-12-13 16:50:00,12,12,13,16,50,690,256,"5, KARL MARX",,,Nuit avec éclairage non allumé,En agglomération,Intersection en T,Pluie légère,Autre collision,,,,,,,,,,,4,2,3,2.0,6
201200036283,0012-12-18 17:50:00,12,12,18,17,50,690,256,"1, JEAN MOULIN",,,Nuit avec éclairage allumé,En agglomération,Hors intersection,Pluie légère,Autre collision,,,,,,,,,,,5,2,1,2.0,6
201200036284,0012-12-18 05:40:00,12,12,18,5,40,690,256,"., GENAS (DE)",,,Nuit avec éclairage allumé,En agglomération,Hors intersection,Pluie légère,Deux véhicules - arrière,,,,,,,,,,,5,2,1,2.0,2
201200036285,0012-12-20 23:10:00,12,12,20,23,10,690,256,"1, BOELHEN (DE)",,,Nuit avec éclairage allumé,En agglomération,Intersection en X,Pluie légère,Autre collision,,,,,,,,,,,5,2,2,2.0,6
201200036286,0012-12-18 16:40:00,12,12,18,16,40,690,256,MARIUS GROSSO,,,Crépuscule ou aube,En agglomération,Intersection en X,Pluie légère,Deux véhicules - côté,,,,,,,,,,,2,2,2,2.0,3
201200036287,0012-12-03 06:50:00,12,12,3,6,50,690,256,"59, GARIBALDI",,,Nuit avec éclairage allumé,En agglomération,Intersection en X,Temps couvert,Autre collision,,,,,,,,,,,5,2,2,8.0,6
201200036288,0012-01-09 20:40:00,12,1,9,20,40,690,259,"16, RUE AUGUSTE BLANQUI",,,Nuit avec éclairage allumé,En agglomération,Hors intersection,Normale,Autre collision,,,,,,,,,,,5,2,1,1.0,6
201200036289,0012-01-12 09:00:00,12,1,12,9,0,690,259,"0, AVENUE VIVIANI",,,Plein jour,En agglomération,Hors intersection,Normale,Autre collision,,,,,,,,,,,1,2,1,1.0,6
201200036290,0012-01-16 13:40:00,12,1,16,13,40,690,276,"0, ROUTE DES BITUMES",,,Plein jour,Hors agglomération,Hors intersection,Normale,Autre collision,,,,,,,,,,,1,1,1,1.0,6
201200036291,0012-01-17 12:15:00,12,1,17,12,15,690,199,"0, RUE EMILE ZOLA",,,Plein jour,En agglomération,Intersection en T,Normale,Autre collision,,,,,,,,,,,1,2,3,1.0,6
201200036292,0012-01-17 08:45:00,12,1,17,8,45,690,259,"194, AVENUE FRANCIS DE P",,,Plein jour,En agglomération,Hors intersection,Temps couvert,Deux véhicules - arrière,,,,,,,,,,,1,2,1,8.0,2
201200036293,0012-01-20 20:15:00,12,1,20,20,15,690,259,"0, RUE PIERRE TIMBAUD",,,Nuit avec éclairage allumé,En agglomération,Intersection en X,Pluie légère,Autre collision,,,,,,,,,,,5,2,2,2.0,6
201200036294,0012-01-20 07:30:00,12,1,20,7,30,690,259,"240, ROUTE DE VIENNE",,,Nuit avec éclairage allumé,En agglomération,Hors intersection,Pluie légère,Autre collision,,,,,,,,,,,5,2,1,2.0,6
201200036295,0012-01-21 19:50:00,12,1,21,19,50,690,259,CHEMIN DU CHARBONNIER,,,Nuit avec éclairage allumé,En agglomération,Hors intersection,Temps couvert,Autre collision,,,,,,,,,,,5,2,1,8.0,6
201200036296,0012-01-23 21:30:00,12,1,23,21,30,690,199,"0, RUE PARMENTIER",,,Nuit avec éclairage non allumé,En agglomération,Intersection en T,Normale,Deux véhicules - arrière,,,,,,,,,,,4,2,3,1.0,2
201200036297,0012-01-23 01:05:00,12,1,23,1,5,690,259,"26, BOULEVARD IRENE JOLI",,,Nuit avec éclairage allumé,En agglomération,Hors intersection,Pluie légère,Autre collision,,,,,,,,,,,5,2,1,2.0,6