accident_id,datetime,annee,mois,jour,heure,minute,departement,commune_insee,adresse,latitude,longitude,luminosite,agglomeration,intersection,meteo,collision,nb_vehicules,nb_usagers,nb_indemnes,nb_tues,nb_blesses_hosp,nb_blesses_legers,age_cond_1,age_cond_2,veh_type_cond_1,veh_type_cond_2,lum_code,agg_code,int_code,atm_code,col_code
201200036298,0012-01-25 07:55:00,12,1,25,7,55,690,259,"38, RUE PAUL BERT",,,Plein jour,En agglomération,Hors intersection,Normale,Autre collision,,,,,,,,,,,1,2,1,1.0,6
201200036299,0012-01-23 07:55:00,12,1,23,7,55,690,259,"0, RUE YVES TOUDIC",,,Plein jour,En agglomération,Intersection en X,Normale,Deux véhicules - côté,,,,,,,,,,,1,2,2,1.0,3
201200036300,0012-01-28 21:00:00,12,1,28,21,0,690,199,"00, RUE PASTEUR",,,Nuit avec éclairage allumé,En agglomération,Intersection en T,Normale,Deux véhicules - frontale,,,,,,,,,,,5,2,3,1.0,1
201200036301,0012-01-28 23:00:00,12,1,28,23,0,690,259,"ignore, BOULEVARD MARCEL",,,Nuit avec éclairage allumé,En agglomération,Intersection en T,Normale,Autre collision,,,,,,,,,,,5,2,3,1.0,6
201200036302,0012-01-25 14:30:00,12,1,25,14,30,690,259,RUE DES FRERES LOUIS ET,,,Plein jour,En agglomération,Intersection en T,Normale,Autre collision,,,,,,,,,,,1,2,3,1.0,6
201200036303,0012-01-31 07:30:00,12,1,31,7,30,690,259,"57, BOULEVARD MARCEL SEM",,,Plein jour,En agglomération,Hors intersection,Normale,Trois véhicules et plus - en chaîne,,,,,,,,,,,1,2,1,1.0,4
201200036304,0012-02-07 08:30:00,12,2,7,8,30,690,259,"20, RUE DU MOULIN A VENT",,,Plein jour,En agglomération,Hors intersection,Normale,Deux véhicules - côté,,,,,,,,,,,1,2,1,1.0,3
201200036305,0012-02-08 12:20:00,12,2,8,12,20,690,199,"IGNORE, AVENUE JEAN JAUR",,,Plein jour,En agglomération,Hors intersection,Normale,Deux véhicules - côté,,,,,,,,,,,1,2,1,1.0,3
201200036306,0012-02-11 13:50:00,12,2,11,13,50,690,199,"43, RUE CARNOT",,,Plein jour,En agglomération,Hors intersection,Normale,Autre collision,,,,,,,,,,,1,2,1,1.0,6
201200036307,0012-02-13 16:40:00,12,2,13,16,40,690,259,"0, RUE GABRIEL PERI",,,Plein jour,En agglomération,Hors intersection,Normale,Autre collision,,,,,,,,,,,1,2,1,1.0,6
201200036308,0012-02-18 15:40:00,12,2,18,15,40,690,259,"10-11, IRENE JOLIOT CURI",,,Plein jour,En agglomération,Hors intersection,Temps éblouissant,Deux véhicules - côté,,,,,,,,,,,1,2,1,7.0,3
201200036309,0012-02-27 17:15:00,12,2,27,17,15,690,259,AVENUE MARCEL CACHIN,,,Plein jour,En agglomération,Hors intersection,Normale,Deux véhicules - frontale,,,,,,,,,,,1,2,1,1.0,1
201200036310,0012-02-27 16:30:00,12,2,27,16,30,690,259,"0, RUE GABRIEL PERI",,,Plein jour,En agglomération,Intersection en T,Normale,Deux véhicules - côté,,,,,,,,,,,1,2,3,1.0,3
201200036311,0012-03-01 16:50:00,12,3,1,16,50,690,199,"1, RUE DE VALENCE",,,Plein jour,En agglomération,Hors intersection,Normale,Autre collision,,,,,,,,,,,1,2,1,1.0,6
201200036312,0012-03-06 20:15:00,12,3,6,20,15,690,259,"00, AVENUE JEAN CAGNE",,,Nuit avec éclairage allumé,En agglomération,Hors intersection,Normale,Autre collision,,,,,,,,,,,5,2,1,1.0,6
201200036313,0012-03-11 12:45:00,12,3,11,12,45,690,199,"IGNORE, RUE DU MIDI",,,Plein jour,En agglomération,Intersection en T,Normale,Deux véhicules - côté,,,,,,,,,,,1,2,3,1.0,3
201200036314,0012-02-28 20:50:00,12,2,28,20,50,690,199,RUE CHARLES PLASSE,,,Nuit avec éclairage allumé,En agglomération,Hors intersection,Normale,Autre collision,,,,,,,,,,,5,2,1,1.0,6
201200036315,0012-03-10 19:40:00,12,3,10,19,40,690,259,ROUTE DE VIENNE,,,Nuit avec éclairage allumé,En agglomération,Intersection en Y,Normale,Deux véhicules - arrière,,,,,,,,,,,5,2,4,1.0,2
201200036316,0012-03-17 23:55:00,12,3,17,23,55,690,259,"ignore, BOULEVARD DU DOC",,,Nuit avec éclairage allumé,En agglomération,Intersection en T,Normale,Autre collision,,,,,,,,,,,5,2,3,1.0,6
201200036317,0012-03-19 20:40:00,12,3,19,20,40,690,259,"0, AVENUE DU 8 MAI 1945",,,Nuit avec éclairage allumé,En agglomération,Intersection en T,Pluie forte,Deux véhicules - côté,,,,,,,,,,,5,2,3,3.0,3
201200036318,0012-03-14 12:40:00,12,3,14,12,40,690,259,RUE VICTOR HUGO,,,Plein jour,En agglomération,Giratoire,Normale,Deux véhicules - arrière,,,,,,,,,,,1,2,6,1.0,2
201200036319,0012-03-25 18:30:00,12,3,25,18,30,690,259,"0, BOULEVARD DE LA JEUNE",,,Plein jour,En agglomération,Hors intersection,Normale,Autre collision,,,,,,,,,,,1,2,1,1.0,6
201200036320,0012-03-22 14:15:00,12,3,22,14,15,690,199,"00, RUE JULES GUESDE",,,Plein jour,En agglomération,Hors intersection,Normale,Autre collision,,,,,,,,,,,1,2,1,1.0,6
201200036321,0012-03-22 09:45:00,12,3,22,9,45,690,199,"57, AVENUE JEAN JAURES",,,Plein jour,En agglomération,Hors intersection,Normale,Autre collision,,,,,,,,,,,1,2,1,1.0,6
201200036322,0012-03-25 21:00:00,12,3,25,21,0,690,259,"ignore, RUE DU MOULIN A",,,Nuit avec éclairage non allumé,En agglomération,Hors intersection,Normale,Deux véhicules - côté,,,,,,,,,,,4,2,1,1.0,3
201200036323,0012-03-27 14:30:00,12,3,27,14,30,690,259,"32, RUE GAMBETTA",,,Plein jour,En agglomération,Hors intersection,Normale,Deux véhicules - arrière,,,,,,,,,,,1,2,1,1.0,2
201200036324,0012-03-31 01:50:00,12,3,31,1,50,690,259,BOULEVARD DU DOCTEUR COB,,,Nuit avec éclairage allumé,En agglomération,Hors intersection,Normale,Sans collision,,,,,,,,,,,5,2,1,1.0,7
201200036325,0012-04-02 19:40:00,12,4,2,19,40,690,259,"0, BOULEVARD AMBROISE CR",,,Plein jour,En agglomération,Hors intersection,Normale,Autre collision,,,,,,,,,,,1,2,1,1.0,6
201200036326,0012-04-12 18:00:00,12,4,12,18,0,690,259,"10, AVENUE JEAN CAGNE",,,Plein jour,En agglomération,Hors intersection,Temps couvert,Autre collision,,,,,,,,,,,1,2,1,8.0,6
201200036327,0012-04-02 08:20:00,12,4,2,8,20,690,259,"0, ROUTE DE VIENNE",,,Plein jour,En agglomération,Intersection en T,Normale,Deux véhicules - côté,,,,,,,,,,,1,2,3,1.0,3
201200036328,0012-04-14 16:40:00,12,4,14,16,40,690,259,"IGNORE, RUE DES MARTYRS",,,Plein jour,En agglomération,Intersection en X,Normale,Sans collision,,,,,,,,,,,1,2,2,1.0,7
201200036329,0012-04-24 15:35:00,12,4,24,15,35,690,259,"IGNORE, BOULEVARD IRENE",,,Plein jour,En agglomération,Hors intersection,Pluie forte,Autre collision,,,,,,,,,,,1,2,1,3.0,6
201200036330,0012-04-10 20:50:00,12,4,10,20,50,690,276,"ignor?, ROUTE DE LYON",,,Plein jour,En agglomération,Intersection en X,Pluie forte,Autre collision,,,,,,,,,,,1,2,2,3.0,6
201200036331,0012-04-26 11:10:00,12,4,26,11,10,690,259,"0, BOULEVARD AMBROISE CR",,,Plein jour,En agglomération,Intersection en X,Vent fort / tempête,Deux véhicules - côté,,,,,,,,,,,1,2,2,6.0,3
201200036332,0012-04-09 15:10:00,12,4,9,15,10,690,259,"0, AVENUE MARCEL HOUEL",,,Plein jour,En agglomération,Hors intersection,Normale,Autre collision,,,,,,,,,,,1,2,1,1.0,6
201200036333,0012-04-19 21:00:00,12,4,19,21,0,690,259,"8, RUE EUGENE MARECHAL",,,Nuit avec éclairage allumé,En agglomération,Hors intersection,Pluie légère,Autre collision,,,,,,,,,,,5,2,1,2.0,6
201200036334,0012-04-07 15:40:00,12,4,7,15,40,690,276,"44, ROUTE DE LYON",,,Plein jour,En agglomération,Intersection en T,Normale,Deux véhicules - arrière,,,,,,,,,,,1,2,3,1.0,2
201200036335,0012-04-04 21:20:00,12,4,4,21,20,690,259,"49, AVENUE JULES GUESDE",,,Nuit avec éclairage allumé,En agglomération,Hors intersection,Temps couvert,Deux véhicules - côté,,,,,,,,,,,5,2,1,8.0,3
201200036336,0012-04-05 15:50:00,12,4,5,15,50,690,259,BOULEVARD AMBROISE CROIZ,,,Plein jour,En agglomération,Intersection en X,Normale,Deux véhicules - côté,,,,,,,,,,,1,2,2,1.0,3
201200036337,0012-04-28 12:10:00,12,4,28,12,10,690,259,"0, ROUTE DE VIENNE",,,Plein jour,En agglomération,Hors intersection,Normale,Autre collision,,,,,,,,,,,1,2,1,1.0,6
201200036338,0012-05-03 09:25:00,12,5,3,9,25,690,199,"55, AVENUE DES FRERES PE",,,Plein jour,En agglomération,Hors intersection,Normale,Autre collision,,,,,,,,,,,1,2,1,1.0,6
201200036339,0012-05-07 10:26:00,12,5,7,10,26,690,259,"4, CHEMIN DU CHARBONNIER",,,Plein jour,En agglomération,Hors intersection,Normale,Autre collision,,,,,,,,,,,1,2,1,1.0,6
201200036340,0012-05-08 16:30:00,12,5,8,16,30,690,199,"IGNORE, CARNOT",,,Plein jour,En agglomération,Intersection en T,Pluie légère,Deux véhicules - côté,,,,,,,,,,,1,2,3,2.0,3
201200036341,0012-05-08 20:30:00,12,5,8,20,30,690,259,"IGNORE, AVENUE DU 8 MAI",,,Nuit avec éclairage non allumé,En agglomération,Intersection en T,Pluie légère,Autre collision,,,,,,,,,,,4,2,3,2.0,6
201200036342,0012-05-11 18:20:00,12,5,11,18,20,690,199,"0, RUE JULES GUESDE",,,Plein jour,En agglomération,Hors intersection,Normale,Deux véhicules - frontale,,,,,,,,,,,1,2,1,1.0,1
201200036343,0012-05-12 14:30:00,12,5,12,14,30,690,199,"97, AVENUE JEAN JAURES",,,Plein jour,En agglomération,Hors intersection,Normale,Autre collision,,,,,,,,,,,1,2,1,1.0,6
201200036344,0012-05-14 13:45:00,12,5,14,13,45,690,259,"1, RUE VAILLANT COUTURIE",,,Plein jour,En agglomération,Intersection en X,Normale,Deux véhicules - côté,,,,,,,,,,,1,2,2,1.0,3
201200036345,0012-05-17 09:50:00,12,5,17,9,50,690,259,"0, AVENUE DU 8 MAI 1945",,,Plein jour,En agglomération,Intersection en X,Normale,Deux véhicules - côté,,,,,,,,,,,1,2,2,1.0,3
201200036346,0012-05-20 00:20:00,12,5,20,0,20,690,276,"8, RUE DE LA MAIRIE",,,Nuit avec éclairage allumé,En agglomération,Hors intersection,Normale,Deux véhicules - frontale,,,,,,,,,,,5,2,1,1.0,1
201200036347,0012-05-24 12:50:00,12,5,24,12,50,690,259,"6, RUE PIERRE TIMBAUD",,,Plein jour,En agglomération,Hors intersection,Normale,Deux véhicules - côté,,,,,,,,,,,1,2,1,1.0,3
201200036348,0012-05-22 11:30:00,12,5,22,11,30,690,199,"5, CARNOT",,,Plein jour,En agglomération,Hors intersection,Normale,Deux véhicules - côté,,,,,,,,,,,1,2,1,1.0,3
201200036349,0012-05-31 08:00:00,12,5,31,8,0,690,259,"28, RUE DU CLOS VERGER",,,Plein jour,En agglomération,Hors intersection,Normale,Autre collision,,,,,,,,,,,1,2,1,1.0,6
201200036350,0012-05-29 18:50:00,12,5,29,18,50,690,199,"., AVENUE JEAN JAURES",,,Plein jour,En agglomération,Intersection en T,Normale,Deux véhicules - côté,,,,,,,,,,,1,2,3,1.0,3
201200036351,0012-05-31 11:45:00,12,5,31,11,45,690,259,"132, BOULEVARD IRENE JOL",,,Plein jour,En agglomération,Hors intersection,Normale,Autre collision,,,,,,,,,,,1,2,1,1.0,6
201200036352,0012-05-31 19:00:00,12,5,31,19,0,690,259,"00, RUE PRESIDENT EDOUAR",,,Plein jour,En agglomération,Hors intersection,Normale,Autre collision,,,,,,,,,,,1,2,1,1.0,6
201200036353,0012-06-04 17:45:00,12,6,4,17,45,690,259,"IGNORE, AVENUE JULES GUE",,,Plein jour,En agglomération,Hors intersection,Normale,Deux véhicules - arrière,,,,,,,,,,,1,2,1,1.0,2
201200036354,0012-06-06 09:40:00,12,6,6,9,40,690,276,"14, ALLEE DES MARRONNIER",,,Plein jour,En agglomération,Hors intersection,Pluie légère,Autre collision,,,,,,,,,,,1,2,1,2.0,6
201200036355,0012-06-07 11:00:00,12,6,7,11,0,690,259,"33, AVENUE DU DOCTEUR GE",,,Plein jour,En agglomération,Hors intersection,Normale,Deux véhicules - côté,,,,,,,,,,,1,2,1,1.0,3
201200036356,0012-06-14 08:55:00,12,6,14,8,55,690,259,"16, RUE ANDRE SENTUC",,,Plein jour,En agglomération,Hors intersection,Normale,Deux véhicules - arrière,,,,,,,,,,,1,2,1,1.0,2
201200036357,0012-06-16 23:30:00,12,6,16,23,30,690,259,"133, FRANCIS DE PRESSENS",,,Nuit avec éclairage non allumé,En agglomération,Hors intersection,Normale,Deux véhicules - côté,,,,,,,,,,,4,2,1,1.0,3
201200036358,0012-06-19 17:45:00,12,6,19,17,45,690,259,"00, AVENUE CHARLES DE GA",,,Plein jour,En agglomération,Hors intersection,Temps couvert,Autre collision,,,,,,,,,,,1,2,1,8.0,6
201200036359,0012-06-21 11:30:00,12,6,21,11,30,690,259,"115, AVENUE FRANCIS DE P",,,Plein jour,En agglomération,Hors intersection,Normale,Autre collision,,,,,,,,,,,1,2,1,1.0,6
201200036360,0012-06-27 11:40:00,12,6,27,11,40,690,259,"0, RUE AUGUSTE BLANQUI",,,Plein jour,En agglomération,Hors intersection,Normale,Autre collision,,,,,,,,,,,1,2,1,1.0,6
201200036361,0012-06-26 10:30:00,12,6,26,10,30,690,259,"0, RUE JEAN MACE",,,Plein jour,En agglomération,Hors intersection,Normale,Deux véhicules - côté,,,,,,,,,,,1,2,1,1.0,3
201200036362,0012-07-01 13:25:00,12,7,1,13,25,690,259,AVENUE FRANCIS DE PRESSE,,,Plein jour,En agglomération,Hors intersection,Pluie forte,Autre collision,,,,,,,,,,,1,2,1,3.0,6
201200036363,0012-07-06 15:55:00,12,7,6,15,55,690,259,RUE EMILE ZOLA,,,Plein jour,En agglomération,Hors intersection,Normale,Deux véhicules - frontale,,,,,,,,,,,1,2,1,1.0,1
201200036364,0012-07-07 10:35:00,12,7,7,10,35,690,199,"0, GABRIEL PERI",,,Plein jour,En agglomération,Intersection en X,Normale,Autre collision,,,,,,,,,,,1,2,2,1.0,6
201200036365,0012-07-11 18:20:00,12,7,11,18,20,690,259,"0, RUE PIERRE BROSSOLETT",,,Plein jour,En agglomération,Intersection en T,Normale,Deux véhicules - côté,,,,,,,,,,,1,2,3,1.0,3
201200036366,0012-07-16 20:10:00,12,7,16,20,10,690,259,"0, BOULEVARD AMBROISE CR",,,Plein jour,En agglomération,Intersection en X,Normale,Deux véhicules - côté,,,,,,,,,,,1,2,2,1.0,3
201200036367,0012-07-18 13:35:00,12,7,18,13,35,690,259,"0, AVENUE JEAN JAURES",,,Plein jour,En agglomération,Intersection en T,Normale,Deux véhicules - côté,,,,,,,,,,,1,2,3,1.0,3
201200036368,0012-07-23 18:10:00,12,7,23,18,10,690,199,"10, RUE CARNOT",,,Plein jour,En agglomération,Hors intersection,Normale,Deux véhicules - arrière,,,,,,,,,,,1,2,1,1.0,2
201200036369,0012-07-23 18:20:00,12,7,23,18,20,690,199,"IGNORE, RUE RASPAIL",,,Plein jour,En agglomération,Intersection en X,Normale,Deux véhicules - frontale,,,,,,,,,,,1,2,2,1.0,1
201200036370,0012-07-21 17:25:00,12,7,21,17,25,690,259,"0, AVENUE CHARLES DE GAU",,,Plein jour,En agglomération,Intersection en T,Normale,Deux véhicules - côté,,,,,,,,,,,1,2,3,1.0,3
201200036371,0012-08-07 11:30:00,12,8,7,11,30,690,199,"10, RUE CARNOT",,,Plein jour,En agglomération,Hors intersection,Normale,Deux véhicules - arrière,,,,,,,,,,,1,2,1,1.0,2
201200036372,0012-07-27 14:30:00,12,7,27,14,30,690,199,"0, RUE DESCARTES",,,Plein jour,Hors agglomération,Intersection en T,Normale,Autre collision,,,,,,,,,,,1,1,3,1.0,6
201200036373,0012-07-26 18:00:00,12,7,26,18,0,690,199,"0, BOULEVARD PIERRE SEMA",,,Plein jour,En agglomération,Hors intersection,Normale,Autre collision,,,,,,,,,,,1,2,1,1.0,6
201200036374,0012-07-28 23:40:00,12,7,28,23,40,690,199,"67, RUE CARNOT",,,Nuit sans éclairage public,En agglomération,Hors intersection,Normale,Sans collision,,,,,,,,,,,3,2,1,1.0,7
201200036375,0012-07-28 18:30:00,12,7,28,18,30,690,259,"00, RUE DES MARTYRS DE L",,,Plein jour,En agglomération,Hors intersection,Normale,Autre collision,,,,,,,,,,,1,2,1,1.0,6
201200036376,0012-09-24 16:15:00,12,9,24,16,15,690,259,ROUTE DE VIENNE,,,Plein jour,En agglomération,Autre intersection,Normale,Autre collision,,,,,,,,,,,1,2,9,1.0,6
201200036377,0012-08-01 15:30:00,12,8,1,15,30,690,259,"83, AVENUE FRANCIS DE PR",,,Plein jour,En agglomération,Hors intersection,Normale,Deux véhicules - arrière,,,,,,,,,,,1,2,1,1.0,2
201200036378,0012-08-04 03:15:00,12,8,4,3,15,690,276,"0, CHEMIN DEPARTEMENTAL",,,Nuit avec éclairage allumé,Hors agglomération,Hors intersection,Normale,Deux véhicules - frontale,,,,,,,,,,,5,1,1,1.0,1
201200036379,0012-08-05 23:40:00,12,8,5,23,40,690,259,"ignore, RUE PRESIDENT ED",,,Nuit avec éclairage non allumé,En agglomération,Intersection en T,Pluie forte,Deux véhicules - côté,,,,,,,,,,,4,2,3,3.0,3
201200036380,0012-08-10 19:05:00,12,8,10,19,5,690,199,"0, CARNOT",,,Plein jour,En agglomération,Hors intersection,Normale,Deux véhicules - arrière,,,,,,,,,,,1,2,1,1.0,2
201200036381,0012-08-10 19:40:00,12,8,10,19,40,690,259,"24, AVENUE MAURICE THORE",,,Plein jour,En agglomération,Hors intersection,Normale,Autre collision,,,,,,,,,,,1,2,1,1.0,6
201200036382,0012-08-12 00:10:00,12,8,12,0,10,690,259,"0, BOULEVARD LENINE",,,Nuit avec éclairage allumé,En agglomération,Autre intersection,Normale,Deux véhicules - côté,,,,,,,,,,,5,2,9,1.0,3
201200036383,0012-08-13 18:05:00,12,8,13,18,5,690,276,ROUTE DE VENISSIEUX,,,Plein jour,En agglomération,Giratoire,Normale,Autre collision,,,,,,,,,,,1,2,6,1.0,6
201200036384,0012-08-15 20:30:00,12,8,15,20,30,690,259,"23, BOULEVARD LENINE",,,Nuit avec éclairage allumé,En agglomération,Hors intersection,Normale,Autre collision,,,,,,,,,,,5,2,1,1.0,6
201200036385,0012-08-17 09:50:00,12,8,17,9,50,690,259,"43, BOULEVARD AMBROISE C",,,Plein jour,En agglomération,Hors intersection,Normale,Autre collision,,,,,,,,,,,1,2,1,1.0,6
201200036386,0012-08-19 10:00:00,12,8,19,10,0,690,259,"0, RUE ALBERT EINSTEIN",,,Plein jour,En agglomération,Hors intersection,Normale,Autre collision,,,,,,,,,,,1,2,1,1.0,6
201200036387,0012-08-29 22:00:00,12,8,29,22,0,690,276,ROUTE DE LYON,,,Nuit avec éclairage allumé,En agglomération,Intersection en X,Pluie forte,Deux véhicules - côté,,,,,,,,,,,5,2,2,3.0,3
201200036388,0012-09-03 17:54:00,12,9,3,17,54,690,259,"136, BOULEVARD IRENE JOL",,,Plein jour,En agglomération,Autre intersection,Normale,Deux véhicules - côté,,,,,,,,,,,1,2,9,1.0,3
201200036389,0012-09-07 12:35:00,12,9,7,12,35,690,199,AVENUE JEAN JAURES,,,Plein jour,En agglomération,Hors intersection,Normale,Autre collision,,,,,,,,,,,1,2,1,1.0,6
201200036390,0012-09-10 11:25:00,12,9,10,11,25,690,259,"38-40, ALLEE DU MOULIN A",,,Plein jour,En agglomération,Hors intersection,Normale,Autre collision,,,,,,,,,,,1,2,1,1.0,6
201200036391,0012-09-13 09:45:00,12,9,13,9,45,690,199,"14, AVENUE GABRIEL PERI",,,Plein jour,En agglomération,Hors intersection,Normale,Autre collision,,,,,,,,,,,1,2,1,1.0,6
201200036392,0012-09-17 11:45:00,12,9,17,11,45,690,259,"IGNORE, RUE VAILLANT COU",,,Plein jour,En agglomération,Intersection en T,Normale,Deux véhicules - côté,,,,,,,,,,,1,2,3,1.0,3
201200036393,0012-09-21 16:40:00,12,9,21,16,40,690,259,"0, AVENUE VIVIANI",,,Plein jour,En agglomération,Intersection en X,Normale,Deux véhicules - côté,,,,,,,,,,,1,2,2,1.0,3
201200036394,0012-09-22 02:20:00,12,9,22,2,20,690,259,"0, IRENE JOLIOT CURIE",,,Nuit avec éclairage allumé,En agglomération,Intersection en X,Normale,Deux véhicules - côté,,,,,,,,,,,5,2,2,1.0,3
201200036395,0012-09-27 22:50:00,12,9,27,22,50,690,276,"24, RUE LEON BLUM",,,Nuit avec éclairage allumé,En agglomération,Hors intersection,Normale,Autre collision,,,,,,,,,,,5,2,1,1.0,6
201200036396,0012-09-27 12:35:00,12,9,27,12,35,690,199,"0, RUE JULES GUESDE",,,Plein jour,En agglomération,Intersection en T,Normale,Deux véhicules - frontale,,,,,,,,,,,1,2,3,1.0,1
201200036397,0012-09-04 16:40:00,12,9,4,16,40,690,259,"27, RUE DES FRERES AMADE",,,Plein jour,En agglomération,Hors intersection,Normale,Deux véhicules - côté,,,,,,,,,,,1,2,1,1.0,3
201200036398,0012-10-01 06:15:00,12,10,1,6,15,690,259,"57, BOULEVARD MARCEL SEM",,,Nuit avec éclairage non allumé,En agglomération,Hors intersection,Normale,Deux véhicules - côté,,,,,,,,,,,4,2,1,1.0,3
201200036399,0012-10-04 10:55:00,12,10,4,10,55,690,259,"4, RUE VLADIMIR KOMAROV",,,Plein jour,En agglomération,Hors intersection,Normale,Autre collision,,,,,,,,,,,1,2,1,1.0,6
201200036400,0012-10-05 19:10:00,12,10,5,19,10,690,259,"ignore, AVENUE D OSCHATZ",,,Plein jour,En agglomération,Intersection en X,Normale,Deux véhicules - côté,,,,,,,,,,,1,2,2,1.0,3
201200036401,0012-10-06 12:17:00,12,10,6,12,17,690,259,"1, AVENUE JEAN CAGNE",,,Plein jour,En agglomération,Intersection en X,Normale,Deux véhicules - côté,,,,,,,,,,,1,2,2,1.0,3
201200036402,0012-10-08 18:15:00,12,10,8,18,15,690,199,"0, AVENUE JEAN JAURES",,,Crépuscule ou aube,En agglomération,Hors intersection,Pluie légère,Trois véhicules et plus - collisions multiples,,,,,,,,,,,2,2,1,2.0,5
201200036403,0012-10-11 18:15:00,12,10,11,18,15,690,259,BOULEVARD MARCEL SEMBAT,,,Crépuscule ou aube,En agglomération,Intersection en T,Normale,Autre collision,,,,,,,,,,,2,2,3,1.0,6
201200036404,0012-10-12 07:20:00,12,10,12,7,20,690,259,"0, BOULEVARD AMBROISE CR",,,Nuit avec éclairage allumé,En agglomération,Hors intersection,Pluie légère,Autre collision,,,,,,,,,,,5,2,1,2.0,6
201200036405,0012-10-12 11:30:00,12,10,12,11,30,690,199,RUE DES PLATANES,,,Plein jour,En agglomération,Hors intersection,Normale,Deux véhicules - côté,,,,,,,,,,,1,2,1,1.0,3
201200036406,0012-10-13 10:05:00,12,10,13,10,5,690,259,"0, AVENUE MARCEL CACHIN",,,Plein jour,En agglomération,Intersection en X,Normale,Autre collision,,,,,,,,,,,1,2,2,1.0,6
201200036407,0012-10-16 16:10:00,12,10,16,16,10,690,259,"IGNORE, BOULEVARD MARCEL",,,Plein jour,En agglomération,Intersection en X,Normale,Deux véhicules - frontale,,,,,,,,,,,1,2,2,1.0,1
201200036408,0012-10-17 21:00:00,12,10,17,21,0,690,199,"0, RUE PAUL BERT",,,Nuit avec éclairage non allumé,En agglomération,Intersection en X,Vent fort / tempête,Deux véhicules - côté,,,,,,,,,,,4,2,2,6.0,3
201200036409,0012-10-18 07:20:00,12,10,18,7,20,690,259,"364, ROUTE DE VIENNE",,,Crépuscule ou aube,En agglomération,Hors intersection,Normale,Autre collision,,,,,,,,,,,2,2,1,1.0,6
201200036410,0012-10-19 20:20:00,12,10,19,20,20,690,199,AVENUE JEAN JAURES,,,Nuit avec éclairage allumé,En agglomération,Hors intersection,Normale,Deux véhicules - arrière,,,,,,,,,,,5,2,1,1.0,2
201200036411,0012-10-18 18:30:00,12,10,18,18,30,690,259,"38, BOULEVARD IRENE JOLI",,,Nuit avec éclairage allumé,En agglomération,Passage à niveau,Normale,Autre collision,,,,,,,,,,,5,2,8,1.0,6
201200036412,0012-10-19 16:30:00,12,10,19,16,30,690,259,"108, AVENUE VIVIANI",,,Plein jour,En agglomération,Hors intersection,Normale,Deux véhicules - côté,,,,,,,,,,,1,2,1,1.0,3
201200036413,0012-10-25 07:45:00,12,10,25,7,45,690,259,"0, RUE GEORGES LYVET",,,Crépuscule ou aube,En agglomération,Intersection en X,Temps couvert,Deux véhicules - côté,,,,,,,,,,,2,2,2,8.0,3
201200036414,0012-10-25 21:00:00,12,10,25,21,0,690,259,"ignore, CHEMIN DE FEYZIN",,,Nuit sans éclairage public,En agglomération,Hors intersection,Normale,Deux véhicules - côté,,,,,,,,,,,3,2,1,1.0,3
201200036415,0012-10-26 17:25:00,12,10,26,17,25,690,259,"0, RUE PRESIDENT EDOUARD",,,Plein jour,En agglomération,Hors intersection,Pluie légère,Autre collision,,,,,,,,,,,1,2,1,2.0,6
201200036416,0012-10-30 18:30:00,12,10,30,18,30,690,276,"4, AVENUE JEAN JAURES",,,Nuit avec éclairage allumé,En agglomération,Hors intersection,Normale,Autre collision,,,,,,,,,,,5,2,1,1.0,6
201200036417,0012-11-03 10:15:00,12,11,3,10,15,690,259,ROUTE DE VIENNE,,,Plein jour,En agglomération,Hors intersection,Normale,Trois véhicules et plus - en chaîne,,,,,,,,,,,1,2,1,1.0,4
201200036418,0012-11-03 11:50:00,12,11,3,11,50,690,259,"0, RUE DES MARTYRS DE LA",,,Plein jour,En agglomération,Autre intersection,Normale,Deux véhicules - côté,,,,,,,,,,,1,2,9,1.0,3
201200036419,0012-11-07 17:00:00,12,11,7,17,0,690,259,"56, BOULEVARD AMBROISE C",,,Plein jour,En agglomération,Hors intersection,Normale,Autre collision,,,,,,,,,,,1,2,1,1.0,6
201200036420,0012-11-11 23:20:00,12,11,11,23,20,690,259,ALLEE DES SAVOIES,,,Nuit avec éclairage allumé,En agglomération,Intersection en T,Normale,Autre collision,,,,,,,,,,,5,2,3,1.0,6
201200036421,0012-11-16 00:10:00,12,11,16,0,10,690,259,"0, AVENUE JULES GUESDE",,,Nuit avec éclairage allumé,En agglomération,Hors intersection,Normale,Autre collision,,,,,,,,,,,5,2,1,1.0,6
201200036422,0012-11-08 07:35:00,12,11,8,7,35,690,259,"56, AVENUE FRANCIS DE PR",,,Plein jour,En agglomération,Hors intersection,Normale,Deux véhicules - arrière,,,,,,,,,,,1,2,1,1.0,2
201200036423,0012-11-17 15:00:00,12,11,17,15,0,690,259,"8, MARCEL CACHIN",,,Plein jour,En agglomération,Hors intersection,Normale,Autre collision,,,,,,,,,,,1,2,1,1.0,6
201200036424,0012-11-20 15:15:00,12,11,20,15,15,690,259,"383, ROUTE DE VIENNE",,,Plein jour,En agglomération,Hors intersection,Normale,Deux véhicules - arrière,,,,,,,,,,,1,2,1,1.0,2
201200036425,0012-11-24 10:45:00,12,11,24,10,45,690,259,BOULEVARD AMBROISE CROIZ,,,Plein jour,En agglomération,Hors intersection,Normale,Autre collision,,,,,,,,,,,1,2,1,1.0,6
201200036426,0012-11-25 13:30:00,12,11,25,13,30,690,259,"64-66, BOULEVARD AMBROIS",,,Plein jour,En agglomération,Hors intersection,Temps couvert,Deux véhicules - côté,,,,,,,,,,,1,2,1,8.0,3