accident_id,datetime,annee,mois,jour,heure,minute,departement,commune_insee,adresse,latitude,longitude,luminosite,agglomeration,intersection,meteo,collision,nb_vehicules,nb_usagers,nb_indemnes,nb_tues,nb_blesses_hosp,nb_blesses_legers,age_cond_1,age_cond_2,veh_type_cond_1,veh_type_cond_2,lum_code,agg_code,int_code,atm_code,col_code
201200036685,0012-10-22 07:50:00,12,10,22,7,50,690,290,"0, AVENUE DE LA GARE",,,Crépuscule ou aube,En agglomération,Intersection en X,Normale,Autre collision,,,,,,,,,,,2,2,2,1.0,6
201200036686,0012-10-29 18:00:00,12,10,29,18,0,690,290,"0, RUE DE LA CORDIERE",,,Nuit avec éclairage allumé,En agglomération,Intersection en X,Normale,Deux véhicules - côté,,,,,,,,,,,5,2,2,1.0,3
201200036687,0012-10-30 19:45:00,12,10,30,19,45,690,290,"33, CHEMIN DU LORTARET",,,Nuit sans éclairage public,En agglomération,Hors intersection,Normale,Deux véhicules - frontale,,,,,,,,,,,3,2,1,1.0,1
201200036688,0012-11-02 14:00:00,12,11,2,14,0,690,290,"0, RUE CAMILLE DESMOULIN",,,Plein jour,En agglomération,Intersection en T,Normale,Deux véhicules - côté,,,,,,,,,,,1,2,3,1.0,3
201200036689,0012-11-06 09:30:00,12,11,6,9,30,690,290,"0, RUE JULES FERRY",,,Plein jour,En agglomération,Intersection en X,Temps couvert,Autre collision,,,,,,,,,,,1,2,2,8.0,6
201200036690,0012-11-13 17:50:00,12,11,13,17,50,690,290,"112, CHEMIN DE SAINT BON",,,Nuit sans éclairage public,En agglomération,Hors intersection,Normale,Deux véhicules - frontale,,,,,,,,,,,3,2,1,1.0,1
201200036691,0012-11-12 11:50:00,12,11,12,11,50,690,290,"77, RUE ARISTIDE BRIAND",,,Plein jour,En agglomération,Hors intersection,Normale,Autre collision,,,,,,,,,,,1,2,1,1.0,6
201200036692,0012-11-17 16:40:00,12,11,17,16,40,690,290,"0, BOULEVARD EDOUARD HER",,,Plein jour,En agglomération,Intersection en X,Normale,Deux véhicules - côté,,,,,,,,,,,1,2,2,1.0,3
201200036693,0012-11-19 15:20:00,12,11,19,15,20,690,290,"76, RUE DU GRISARD",,,Plein jour,En agglomération,Hors intersection,Normale,Autre collision,,,,,,,,,,,1,2,1,1.0,6
201200036694,0012-12-03 13:40:00,12,12,3,13,40,690,290,"0, ROUTE DE GRENOBLE",,,Plein jour,En agglomération,Intersection en X,Pluie légère,Autre collision,,,,,,,,,,,1,2,2,2.0,6
201200036695,0012-12-12 09:15:00,12,12,12,9,15,690,290,"63, RUE ARISTIDE BRIAND",,,Plein jour,En agglomération,Hors intersection,Normale,Deux véhicules - côté,,,,,,,,,,,1,2,1,1.0,3
201200036696,0012-12-12 11:50:00,12,12,12,11,50,690,290,"0, RUE VICTOR HUGO",,,Plein jour,En agglomération,Hors intersection,Normale,Autre collision,,,,,,,,,,,1,2,1,1.0,6
201200036697,0012-12-17 08:30:00,12,12,17,8,30,690,290,"0, BOULEVARD DE LA PORTE",,,Plein jour,En agglomération,Intersection en X,Normale,Deux véhicules - frontale,,,,,,,,,,,1,2,2,1.0,1
201200036698,0012-12-18 18:30:00,12,12,18,18,30,690,290,"0, CHEMIN DU LORTARET",,,Nuit avec éclairage allumé,En agglomération,Giratoire,Pluie légère,Deux véhicules - côté,,,,,,,,,,,5,2,6,2.0,3
201200036699,0012-12-19 06:40:00,12,12,19,6,40,690,290,"7, ROUTE D HEYRIEUX",,,Nuit avec éclairage allumé,En agglomération,Hors intersection,Pluie légère,Autre collision,,,,,,,,,,,5,2,1,2.0,6
201200036700,0012-12-29 10:00:00,12,12,29,10,0,690,290,"0, RUE ARISTIDE BRIAND",,,Plein jour,En agglomération,Intersection en T,Normale,Deux véhicules - côté,,,,,,,,,,,1,2,3,1.0,3
201200036701,0012-01-30 18:15:00,12,1,30,18,15,700,285,"48, JEAN JAURES (AVENUE)",,,Nuit avec éclairage allumé,En agglomération,Hors intersection,Normale,Autre collision,,,,,,,,,,,5,2,1,1.0,6
201200036702,0012-03-14 06:50:00,12,3,14,6,50,700,285,"1, ANDRE BOULLOCHE (RUE)",,,Crépuscule ou aube,En agglomération,Intersection en T,Normale,Deux véhicules - côté,,,,,,,,,,,2,2,3,1.0,3
201200036703,0012-05-11 13:45:00,12,5,11,13,45,700,285,14 rue Paul Vinot,,,Plein jour,En agglomération,Hors intersection,Normale,Autre collision,,,,,,,,,,,1,2,1,1.0,6
201200036704,0012-08-21 18:25:00,12,8,21,18,25,700,285,RD 438,,,Plein jour,Hors agglomération,Hors intersection,Normale,Deux véhicules - arrière,,,,,,,,,,,1,1,1,1.0,2
201200036705,0012-08-29 20:30:00,12,8,29,20,30,700,285,GARE (RUE DE LA),,,Nuit avec éclairage allumé,En agglomération,Intersection en Y,Normale,Deux véhicules - côté,,,,,,,,,,,5,2,4,1.0,3
201200036706,0012-09-04 18:00:00,12,9,4,18,0,700,285,"20, LEON BLUM (AVENUE)",,,Plein jour,En agglomération,Hors intersection,Normale,Sans collision,,,,,,,,,,,1,2,1,1.0,7
201200036707,0012-02-06 08:00:00,12,2,6,8,0,700,550,Edouard Belin (Rue),,,Plein jour,En agglomération,Hors intersection,Normale,Autre collision,,,,,,,,,,,1,2,1,1.0,6
201200036708,0012-02-16 16:20:00,12,2,16,16,20,700,550,PAQUET (RUE LOUIS),,,Plein jour,En agglomération,Hors intersection,Normale,Autre collision,,,,,,,,,,,1,2,1,1.0,6
201200036709,0012-04-13 14:15:00,12,4,13,14,15,700,550,rue Victor Dolle,,,Plein jour,En agglomération,Intersection en T,Normale,Deux véhicules - côté,,,,,,,,,,,1,2,3,1.0,3
201200036710,0012-04-20 11:20:00,12,4,20,11,20,700,550,place de la Republique,,,Plein jour,En agglomération,Hors intersection,Normale,Sans collision,,,,,,,,,,,1,2,1,1.0,7
201200036711,0012-04-20 13:55:00,12,4,20,13,55,700,550,Avenue de la Gare,,,Plein jour,En agglomération,Hors intersection,Normale,Deux véhicules - côté,,,,,,,,,,,1,2,1,1.0,3
201200036712,0012-05-10 12:55:00,12,5,10,12,55,700,550,Rue pierre de Coubertin,,,Plein jour,En agglomération,Intersection en T,Normale,Deux véhicules - côté,,,,,,,,,,,1,2,3,1.0,3
201200036713,0012-05-22 13:25:00,12,5,22,13,25,700,550,"8, RIF (RUE DU 23EME)",,,Plein jour,En agglomération,Hors intersection,Normale,Trois véhicules et plus - collisions multiples,,,,,,,,,,,1,2,1,1.0,5
201200036714,0012-06-01 18:25:00,12,6,1,18,25,700,550,"10, GIRARDOT RUE DU COM",,,Plein jour,En agglomération,Hors intersection,Normale,Autre collision,,,,,,,,,,,1,2,1,1.0,6
201200036715,0012-06-14 04:45:00,12,6,14,4,45,700,261,RN 57,,,Crépuscule ou aube,Hors agglomération,Hors intersection,Brouillard / fumée,Sans collision,,,,,,,,,,,2,1,1,5.0,7
201200036716,0012-06-27 19:25:00,12,6,27,19,25,700,261,RN19,,,Plein jour,Hors agglomération,Hors intersection,Normale,Deux véhicules - côté,,,,,,,,,,,1,1,1,1.0,3
201200036717,0012-07-06 10:20:00,12,7,6,10,20,700,550,"13, GIRARDOT (RUE DU COM",,,Plein jour,En agglomération,Hors intersection,Normale,Autre collision,,,,,,,,,,,1,2,1,1.0,6
201200036718,0012-07-17 11:30:00,12,7,17,11,30,700,550,"8, GARE (AVENUE DE LA)",,,Plein jour,En agglomération,Hors intersection,Normale,Autre collision,,,,,,,,,,,1,2,1,1.0,6
201200036719,0012-07-21 00:50:00,12,7,21,0,50,700,550,VAUGINE (ROND POINT DE L,,,Nuit avec éclairage allumé,En agglomération,Giratoire,Pluie légère,Deux véhicules - côté,,,,,,,,,,,5,2,6,2.0,3
201200036720,0012-08-04 22:40:00,12,8,4,22,40,700,550,"14, BELIN (RUE EDOUARD)",,,Nuit avec éclairage allumé,En agglomération,Intersection en T,Normale,Deux véhicules - côté,,,,,,,,,,,5,2,3,1.0,3
201200036721,0012-08-08 17:50:00,12,8,8,17,50,700,550,GEROME (RUE JEAN LEON),,,Plein jour,En agglomération,Intersection en X,Normale,Deux véhicules - côté,,,,,,,,,,,1,2,2,1.0,3
201200036722,0012-08-18 19:30:00,12,8,18,19,30,700,550,GIRARDOT (RUE DU COMMAND,,,Plein jour,En agglomération,Intersection en T,Normale,Deux véhicules - frontale,,,,,,,,,,,1,2,3,1.0,1
201200036723,0012-08-18 21:00:00,12,8,18,21,0,700,550,PONTARCHER (RUE DE),,,Crépuscule ou aube,En agglomération,Autre intersection,Normale,Deux véhicules - côté,,,,,,,,,,,2,2,9,1.0,3
201200036724,0012-09-18 14:55:00,12,9,18,14,55,700,550,VILLERSEXEL (RUE DE),,,Plein jour,En agglomération,Giratoire,Normale,Deux véhicules - côté,,,,,,,,,,,1,2,6,1.0,3
201200036725,0012-09-20 12:00:00,12,9,20,12,0,700,513,RD13,,,Plein jour,En agglomération,Intersection en T,Normale,Deux véhicules - côté,,,,,,,,,,,1,2,3,1.0,3
201200036726,0012-10-02 10:00:00,12,10,2,10,0,700,550,COURVOISIER (RUE DU DOCT,,,Plein jour,En agglomération,Intersection en T,Normale,Deux véhicules - côté,,,,,,,,,,,1,2,3,1.0,3
201200036727,0012-10-04 16:45:00,12,10,4,16,45,700,550,"5, BEAUCHAMP (PLACE)",,,Plein jour,En agglomération,Hors intersection,Normale,Sans collision,,,,,,,,,,,1,2,1,1.0,7
201200036728,0012-05-10 20:45:00,12,5,10,20,45,700,550,"33, BRIAND (RUE ARISTIDE",,,Nuit avec éclairage allumé,En agglomération,Hors intersection,Normale,Deux véhicules - côté,,,,,,,,,,,5,2,1,1.0,3
201200036729,0012-11-05 21:20:00,12,11,5,21,20,700,550,PETIT MONTMARIN (RUE DU),,,Nuit avec éclairage allumé,En agglomération,Intersection en T,Normale,Deux véhicules - côté,,,,,,,,,,,5,2,3,1.0,3
201200036730,0012-11-14 07:40:00,12,11,14,7,40,700,550,BIANKOUMA ET SIPILOU (RU,,,Plein jour,En agglomération,Hors intersection,Brouillard / fumée,Sans collision,,,,,,,,,,,1,2,1,5.0,7
201200036731,0012-11-17 08:45:00,12,11,17,8,45,700,550,LIBERATION (ROND POINT D,,,Plein jour,En agglomération,Giratoire,Normale,Deux véhicules - côté,,,,,,,,,,,1,2,6,1.0,3
201200036732,0012-01-03 08:00:00,12,1,3,8,0,710,76,NIEPCE (AVENUE NICEPHORE,,,Crépuscule ou aube,En agglomération,Autre intersection,Normale,Deux véhicules - côté,,,,,,,,,,,2,2,9,1.0,3
201200036733,0012-01-12 15:30:00,12,1,12,15,30,710,76,"0, CHABAS (SQUARE)",,,Plein jour,En agglomération,Hors intersection,Normale,Autre collision,,,,,,,,,,,1,2,1,1.0,6
201200036734,0012-01-16 18:05:00,12,1,16,18,5,710,76,"1, 56 EME RI  (RUE)",,,Nuit avec éclairage allumé,En agglomération,Intersection en X,Normale,Deux véhicules - frontale,,,,,,,,,,,5,2,2,1.0,1
201200036735,0012-01-19 11:50:00,12,1,19,11,50,710,76,"23, PARIS (AVENUE DE)",,,Plein jour,En agglomération,Hors intersection,Normale,Autre collision,,,,,,,,,,,1,2,1,1.0,6
201200036736,0012-01-28 16:05:00,12,1,28,16,5,710,76,"0, NIEPCE (AVENUE NICEPH",,,Plein jour,En agglomération,Intersection en T,Normale,Autre collision,,,,,,,,,,,1,2,3,1.0,6
201200036737,0012-01-29 14:30:00,12,1,29,14,30,710,76,"1, HUIT MAI 1945 (AVENUE",,,Plein jour,En agglomération,Hors intersection,Normale,Deux véhicules - arrière,,,,,,,,,,,1,2,1,1.0,2
201200036738,0012-09-09 18:55:00,12,9,9,18,55,710,76,1 RUE DE SOLINGEN,,,Plein jour,En agglomération,Hors intersection,Normale,Autre collision,,,,,,,,,,,1,2,1,1.0,6
201200036739,0012-02-20 08:20:00,12,2,20,8,20,710,76,NUGUE (AVENUE PIERRE),,,Plein jour,En agglomération,Autre intersection,Normale,Autre collision,,,,,,,,,,,1,2,9,1.0,6
201200036740,0012-03-01 17:35:00,12,3,1,17,35,710,475,ROUTE NATIONALE 80,,,Plein jour,Hors agglomération,Intersection en X,Normale,Deux véhicules - côté,,,,,,,,,,,1,1,2,1.0,3
201200036741,0012-03-27 15:30:00,12,3,27,15,30,710,76,"18, MONNOT (AVENUE)",,,Plein jour,En agglomération,Hors intersection,Normale,Autre collision,,,,,,,,,,,1,2,1,1.0,6
201200036742,0012-03-27 15:45:00,12,3,27,15,45,710,475,"66, LYON (ROUTE DE )",,,Plein jour,En agglomération,Hors intersection,Normale,Deux véhicules - côté,,,,,,,,,,,1,2,1,1.0,3
201200036743,0012-03-28 18:05:00,12,3,28,18,5,710,76,NIEPCE (AVENUE NICEPHORE,,,Plein jour,En agglomération,Intersection en T,Normale,Deux véhicules - côté,,,,,,,,,,,1,2,3,1.0,3
201200036744,0012-03-31 11:40:00,12,3,31,11,40,710,76,"57, PARIS (AVENUE DE)",,,Plein jour,En agglomération,Hors intersection,Normale,Autre collision,,,,,,,,,,,1,2,1,1.0,6
201200036745,0012-04-08 11:50:00,12,4,8,11,50,710,475,ROUTE NATIONALE 80,,,Plein jour,Hors agglomération,Autre intersection,Normale,Autre collision,,,,,,,,,,,1,1,9,1.0,6
201200036746,0012-04-11 18:20:00,12,4,11,18,20,710,76,"5, NIEPCE (AVENUE NICEPH",,,Plein jour,En agglomération,Hors intersection,Normale,Deux véhicules - côté,,,,,,,,,,,1,2,1,1.0,3
201200036747,0012-04-15 19:10:00,12,4,15,19,10,710,475,ROUTE NATIONALE 80,,,Plein jour,Hors agglomération,Hors intersection,Pluie forte,Deux véhicules - frontale,,,,,,,,,,,1,1,1,3.0,1
201200036748,0012-05-04 07:45:00,12,5,4,7,45,710,76,"25, THENARD (RUE LOUIS J",,,Plein jour,En agglomération,Hors intersection,Normale,Autre collision,,,,,,,,,,,1,2,1,1.0,6
201200036749,0012-05-07 20:55:00,12,5,7,20,55,710,445,"0, CHALON (AVENUE DE )",,,Crépuscule ou aube,En agglomération,Autre intersection,Normale,Autre collision,,,,,,,,,,,2,2,9,1.0,6
201200036750,0012-06-01 20:15:00,12,6,1,20,15,710,76,4 rue pierre VAUX,,,Plein jour,En agglomération,Hors intersection,Normale,Deux véhicules - frontale,,,,,,,,,,,1,2,1,1.0,1
201200036751,0012-06-02 14:25:00,12,6,2,14,25,710,76,47 AVENUE MONNOT,,,Plein jour,En agglomération,Hors intersection,Normale,Autre collision,,,,,,,,,,,1,2,1,1.0,6
201200036752,0012-06-06 05:50:00,12,6,6,5,50,710,76,5 AVENUE NICEPHORE NIEPC,,,Crépuscule ou aube,En agglomération,Hors intersection,Pluie légère,Deux véhicules - côté,,,,,,,,,,,2,2,1,2.0,3
201200036753,0012-06-24 02:40:00,12,6,24,2,40,710,76,20  AVENUE J KENNEDY,,,Nuit avec éclairage allumé,En agglomération,Hors intersection,Normale,Trois véhicules et plus - collisions multiples,,,,,,,,,,,5,2,1,1.0,5
201200036754,0012-06-30 05:15:00,12,6,30,5,15,710,445,JEAN BAPTISTE PERRIN,,,Nuit avec éclairage non allumé,Hors agglomération,Autre intersection,Normale,Autre collision,,,,,,,,,,,4,1,9,1.0,6
201200036755,0012-07-06 14:30:00,12,7,6,14,30,710,76,58 AVENUE DE PARIS,,,Plein jour,En agglomération,Hors intersection,Normale,Autre collision,,,,,,,,,,,1,2,1,1.0,6
201200036756,0012-07-07 18:35:00,12,7,7,18,35,710,76,1 RUE DE NOVARA,,,Plein jour,En agglomération,Giratoire,Normale,Deux véhicules - côté,,,,,,,,,,,1,2,6,1.0,3
201200036757,0012-07-21 11:10:00,12,7,21,11,10,710,76,18 QUAI SAINT COSME,,,Plein jour,En agglomération,Hors intersection,Normale,Trois véhicules et plus - en chaîne,,,,,,,,,,,1,2,1,1.0,4
201200036758,0012-07-28 09:05:00,12,7,28,9,5,710,76,AVENUE JOHN KENNEDY,46.79211,4.86348,Plein jour,En agglomération,Intersection en T,Normale,Deux véhicules - côté,,,,,,,,,,,1,2,3,1.0,3
201200036759,0012-07-28 14:40:00,12,7,28,14,40,710,76,6 RUE PAUL SABATIER,46.81199,4.85497,Plein jour,En agglomération,Hors intersection,Normale,Sans collision,,,,,,,,,,,1,2,1,1.0,7
201200036760,0012-08-23 17:25:00,12,8,23,17,25,710,475,ROUTE NATIONALE 80,,,Plein jour,Hors agglomération,Hors intersection,Normale,Trois véhicules et plus - en chaîne,,,,,,,,,,,1,1,1,1.0,4
201200036761,0012-09-12 17:40:00,12,9,12,17,40,710,76,3 RUE PALAIS DE JUSTICE,,,Plein jour,En agglomération,Hors intersection,Normale,Autre collision,,,,,,,,,,,1,2,1,1.0,6
201200036762,0012-09-17 20:20:00,12,9,17,20,20,710,76,RUE GEORGES LAPIERRE,,,Nuit avec éclairage allumé,En agglomération,Giratoire,Normale,Deux véhicules - côté,,,,,,,,,,,5,2,6,1.0,3
201200036763,0012-10-05 08:00:00,12,10,5,8,0,710,76,PONT RICHARD,,,Plein jour,En agglomération,Hors intersection,Normale,Deux véhicules - côté,,,,,,,,,,,1,2,1,1.0,3
201200036764,0012-10-10 07:55:00,12,10,10,7,55,710,445,RD673,,,Plein jour,Hors agglomération,Hors intersection,Pluie légère,Deux véhicules - côté,,,,,,,,,,,1,1,1,2.0,3
201200036765,0012-10-11 11:55:00,12,10,11,11,55,710,76,"37,PLACE DE BEAUNE",,,Plein jour,En agglomération,Hors intersection,Normale,Autre collision,,,,,,,,,,,1,2,1,1.0,6
201200036766,0012-10-11 19:45:00,12,10,11,19,45,710,76,RUE PAUL VACHET,,,Nuit avec éclairage allumé,En agglomération,Intersection en X,Normale,Autre collision,,,,,,,,,,,5,2,2,1.0,6
201200036767,0012-10-20 14:20:00,12,10,20,14,20,710,475,66 route de LYON,,,Plein jour,En agglomération,Giratoire,Normale,Deux véhicules - côté,,,,,,,,,,,1,2,6,1.0,3
201200036768,0012-10-31 14:50:00,12,10,31,14,50,710,445,1 AVENUE DE CHALON,,,Plein jour,Hors agglomération,Hors intersection,Normale,Autre collision,,,,,,,,,,,1,1,1,1.0,6
201200036769,0012-11-02 17:10:00,12,11,2,17,10,710,76,RUE LEDRU ROLLIN,,,Crépuscule ou aube,En agglomération,Hors intersection,Pluie légère,Deux véhicules - côté,,,,,,,,,,,2,2,1,2.0,3
201200036770,0012-11-06 03:35:00,12,11,6,3,35,710,475,ROUTE NATIONALE 80,,,Nuit avec éclairage allumé,Hors agglomération,Hors intersection,Normale,Deux véhicules - côté,,,,,,,,,,,5,1,1,1.0,3
201200036771,0012-11-07 10:30:00,12,11,7,10,30,710,76,18 QUAI SAINT COSME,,,Plein jour,En agglomération,Hors intersection,Normale,Trois véhicules et plus - en chaîne,,,,,,,,,,,1,2,1,1.0,4
201200036772,0012-11-14 16:15:00,12,11,14,16,15,710,76,QUAI SAINT COSME,,,Plein jour,En agglomération,Hors intersection,Normale,Sans collision,,,,,,,,,,,1,2,1,1.0,7
201200036773,0012-11-24 11:30:00,12,11,24,11,30,710,76,1 AVENUE DES  CHARREAUX,,,Plein jour,En agglomération,Intersection en X,Normale,Deux véhicules - côté,,,,,,,,,,,1,2,2,1.0,3
201200036774,0012-12-05 14:40:00,12,12,5,14,40,710,118,AVENUEFRANCHET D'ESPEREY,,,Plein jour,En agglomération,Hors intersection,Pluie légère,Autre collision,,,,,,,,,,,1,2,1,2.0,6
201200036775,0012-12-11 08:40:00,12,12,11,8,40,710,76,AVENUE JEAN JAURES,,,Plein jour,En agglomération,Hors intersection,Normale,Autre collision,,,,,,,,,,,1,2,1,1.0,6
201200036776,0012-12-17 12:10:00,12,12,17,12,10,710,76,4 RUE DUHESME,,,Plein jour,En agglomération,Hors intersection,Normale,Autre collision,,,,,,,,,,,1,2,1,1.0,6
201200036777,0012-12-20 17:25:00,12,12,20,17,25,710,118,RUE MAURICE RAVEL,,,Nuit avec éclairage allumé,En agglomération,Autre intersection,Pluie légère,Deux véhicules - arrière,,,,,,,,,,,5,2,9,2.0,2
201200036778,0012-12-28 11:10:00,12,12,28,11,10,710,475,ROUTE NATIONALE 80,,,Plein jour,Hors agglomération,Hors intersection,Normale,Deux véhicules - côté,,,,,,,,,,,1,1,1,1.0,3
201200036779,0012-02-19 15:10:00,12,2,19,15,10,710,59,MARMAGNE (ROUTE DE),,,Plein jour,En agglomération,Intersection en X,Normale,Deux véhicules - côté,,,,,,,,,,,1,2,2,1.0,3
201200036780,0012-04-13 13:20:00,12,4,13,13,20,710,153,"., VOLNAY (RUE DE)",,,Plein jour,En agglomération,Intersection en X,Normale,Deux véhicules - côté,,,,,,,,,,,1,2,2,1.0,3
201200036781,0012-05-19 20:45:00,12,5,19,20,45,710,540,AVENUE DU 8 MAI,,,Plein jour,En agglomération,Hors intersection,Normale,Autre collision,,,,,,,,,,,1,2,1,1.0,6
201200036782,0012-06-02 18:20:00,12,6,2,18,20,710,153,RUE DE CHANZY,,,Plein jour,En agglomération,Intersection en X,Normale,Deux véhicules - côté,,,,,,,,,,,1,2,2,1.0,3
201200036783,0012-08-02 03:35:00,12,8,2,3,35,710,153,56 RUE EDITH CAVELL,,,Nuit avec éclairage allumé,En agglomération,Hors intersection,Normale,Autre collision,,,,,,,,,,,5,2,1,1.0,6
201200036784,0012-08-03 08:55:00,12,8,3,8,55,710,153,ROUTE DE SAINT SERNIN,,,Plein jour,En agglomération,Hors intersection,Normale,Deux véhicules - côté,,,,,,,,,,,1,2,1,1.0,3
201200036785,0012-09-11 15:15:00,12,9,11,15,15,710,153,52 RUE PRESIDENT WILSON,,,Plein jour,En agglomération,Hors intersection,Normale,Trois véhicules et plus - collisions multiples,,,,,,,,,,,1,2,1,1.0,5
201200036786,0012-11-11 20:00:00,12,11,11,20,0,710,59,27 ROUTE DE  COUCHES,,,Nuit avec éclairage allumé,En agglomération,Hors intersection,Normale,Autre collision,,,,,,,,,,,5,2,1,1.0,6
201200036787,0012-11-27 10:20:00,12,11,27,10,20,710,153,8 RUE MARECHAL LECLERC,,,Plein jour,En agglomération,Hors intersection,Normale,Autre collision,,,,,,,,,,,1,2,1,1.0,6
201200036788,0012-12-27 20:00:00,12,12,27,20,0,710,153,place SCHNEIDER,,,Nuit avec éclairage allumé,En agglomération,Autre intersection,Normale,Autre collision,,,,,,,,,,,5,2,9,1.0,6
201200036789,0012-06-22 12:50:00,12,6,22,12,50,710,270,QUAI LAMARTINE,,,Plein jour,En agglomération,Hors intersection,Normale,Deux véhicules - arrière,,,,,,,,,,,1,2,1,1.0,2
201200036790,0012-01-06 19:30:00,12,1,6,19,30,710,270,"47, HERRIOT (AVENUE EDOU",,,Nuit avec éclairage allumé,En agglomération,Hors intersection,Normale,Autre collision,,,,,,,,,,,5,2,1,1.0,6
201200036791,0012-01-28 17:10:00,12,1,28,17,10,710,270,ROUTE DE CHARBONNIERES,,,Crépuscule ou aube,Hors agglomération,Hors intersection,Normale,Autre collision,,,,,,,,,,,2,1,1,1.0,6
201200036792,0012-02-11 11:20:00,12,2,11,11,20,710,105,"527, TOURNACHE (CHEMIN D",,,Plein jour,En agglomération,Hors intersection,Normale,Sans collision,,,,,,,,,,,1,2,1,1.0,7
201200036793,0012-03-30 11:15:00,12,3,30,11,15,710,270,"1, CALMETTE (IMPASSE ALB",,,Plein jour,En agglomération,Hors intersection,Normale,Autre collision,,,,,,,,,,,1,2,1,1.0,6
201200036794,0012-07-10 14:45:00,12,7,10,14,45,710,270,1 RUE RAMBUTEAU,46.30641,4.82902,Plein jour,En agglomération,Hors intersection,Normale,Autre collision,,,,,,,,,,,1,2,1,1.0,6
201200036795,0012-07-18 23:00:00,12,7,18,23,0,710,270,1 bd des perrières,46.31273,4.83242,Nuit avec éclairage allumé,En agglomération,Intersection en T,Normale,Deux véhicules - côté,,,,,,,,,,,5,2,3,1.0,3
201200036796,0012-07-26 07:50:00,12,7,26,7,50,710,511,ROUTE DE CHARBONNIERES,,,Plein jour,En agglomération,Hors intersection,Normale,Deux véhicules - frontale,,,,,,,,,,,1,2,1,1.0,1
201200036797,0012-08-23 00:45:00,12,8,23,0,45,710,270,1 RUE LAMARTINE,,,Nuit avec éclairage allumé,En agglomération,Hors intersection,Normale,Autre collision,,,,,,,,,,,5,2,1,1.0,6
201200036798,0012-08-30 14:05:00,12,8,30,14,5,710,105,1 CHEMIN DES TOURNONS,,,Plein jour,Hors agglomération,Intersection en X,Normale,Deux véhicules - côté,,,,,,,,,,,1,1,2,1.0,3
201200036799,0012-09-08 18:25:00,12,9,8,18,25,710,270,48 RUE DU GRAND FOUR,,,Plein jour,En agglomération,Hors intersection,Normale,Autre collision,,,,,,,,,,,1,2,1,1.0,6
201200036800,0012-09-14 20:00:00,12,9,14,20,0,710,105,22 GRANDE RUE DE COUPEE,,,Crépuscule ou aube,En agglomération,Hors intersection,Normale,Deux véhicules - frontale,,,,,,,,,,,2,2,1,1.0,1
201200036801,0012-09-25 14:10:00,12,9,25,14,10,710,270,QUAI LAMARTINE,,,Plein jour,En agglomération,Hors intersection,Normale,Autre collision,,,,,,,,,,,1,2,1,1.0,6
201200036802,0012-09-30 23:15:00,12,9,30,23,15,710,497,BD GENERAL DE GAULLE,,,Nuit avec éclairage allumé,En agglomération,Hors intersection,Normale,Deux véhicules - arrière,,,,,,,,,,,5,2,1,1.0,2
201200036803,0012-10-04 22:10:00,12,10,4,22,10,710,270,Carrefour Pierre MENDES,,,Nuit avec éclairage allumé,En agglomération,Autre intersection,Normale,Autre collision,,,,,,,,,,,5,2,9,1.0,6
201200036804,0012-10-05 22:50:00,12,10,5,22,50,710,270,1 rue BIGONNET,,,Nuit avec éclairage allumé,En agglomération,Hors intersection,Normale,Autre collision,,,,,,,,,,,5,2,1,1.0,6
201200036805,0012-10-05 08:30:00,12,10,5,8,30,710,270,RUE DE LA LIBERTE,,,Plein jour,En agglomération,Hors intersection,Normale,Autre collision,,,,,,,,,,,1,2,1,1.0,6
201200036806,0012-10-11 23:40:00,12,10,11,23,40,710,270,1 RUE DU MAURE,,,Nuit avec éclairage allumé,En agglomération,Intersection en T,Normale,Deux véhicules - côté,,,,,,,,,,,5,2,3,1.0,3
201200036807,0012-10-30 14:35:00,12,10,30,14,35,710,270,1 RUE LACRETELLE,,,Plein jour,En agglomération,Autre intersection,Normale,Autre collision,,,,,,,,,,,1,2,9,1.0,6
201200036808,0012-11-12 20:25:00,12,11,12,20,25,710,270,"1,150, Rue de l'héritan",,,Nuit avec éclairage allumé,En agglomération,Giratoire,Normale,Deux véhicules - côté,,,,,,,,,,,5,2,6,1.0,3
201200036809,0012-12-06 09:30:00,12,12,6,9,30,710,270,ROUTE DE BIOUX,,,Plein jour,En agglomération,Hors intersection,Normale,Autre collision,,,,,,,,,,,1,2,1,1.0,6
201200036810,0012-12-08 22:15:00,12,12,8,22,15,710,270,avenue rené CASSIN,,,Nuit avec éclairage allumé,En agglomération,Hors intersection,Normale,Autre collision,,,,,,,,,,,5,2,1,1.0,6
201200036811,0012-12-21 17:50:00,12,12,21,17,50,710,270,1 Pont F MITTERAND,,,Nuit avec éclairage allumé,En agglomération,Hors intersection,Pluie légère,Trois véhicules et plus - en chaîne,,,,,,,,,,,5,2,1,2.0,4
201200036812,0012-12-20 18:55:00,12,12,20,18,55,710,306,57  DE LATTRE DE TASSIGN,,,Nuit avec éclairage allumé,En agglomération,Hors intersection,Normale,Sans collision,,,,,,,,,,,5,2,1,1.0,7
201200036813,0012-01-15 06:25:00,12,1,15,6,25,710,306,"40, ROGER SALENGRO (AVEN",,,Nuit avec éclairage allumé,En agglomération,Hors intersection,Normale,Autre collision,,,,,,,,,,,5,2,1,1.0,6
201200036814,0012-01-19 18:05:00,12,1,19,18,5,710,306,"13, JEAN DIDIER (RUE)",,,Nuit avec éclairage allumé,En agglomération,Hors intersection,Pluie légère,Autre collision,,,,,,,,,,,5,2,1,2.0,6