accident_id,datetime,annee,mois,jour,heure,minute,departement,commune_insee,adresse,latitude,longitude,luminosite,agglomeration,intersection,meteo,collision,nb_vehicules,nb_usagers,nb_indemnes,nb_tues,nb_blesses_hosp,nb_blesses_legers,age_cond_1,age_cond_2,veh_type_cond_1,veh_type_cond_2,lum_code,agg_code,int_code,atm_code,col_code
201200036815,0012-01-29 20:45:00,12,1,29,20,45,710,306,MACON (ROUTE DE),,,Nuit sans éclairage public,Hors agglomération,Hors intersection,Normale,Autre collision,,,,,,,,,,,3,1,1,1.0,6
201200036816,0012-01-30 11:25:00,12,1,30,11,25,710,306,"50, SAINT BERAIN (RUE DE",,,Plein jour,En agglomération,Intersection en T,Normale,Deux véhicules - côté,,,,,,,,,,,1,2,3,1.0,3
201200036817,0012-02-04 12:35:00,12,2,4,12,35,710,40,"52, BOIS CLAIR (RUE DU)",,,Plein jour,En agglomération,Hors intersection,Normale,Deux véhicules - côté,,,,,,,,,,,1,2,1,1.0,3
201200036818,0012-02-18 16:25:00,12,2,18,16,25,710,306,"90, COUDRAIE (RUE DE LA)",,,Plein jour,En agglomération,Intersection en X,Normale,Deux véhicules - côté,,,,,,,,,,,1,2,2,1.0,3
201200036819,0012-03-14 17:35:00,12,3,14,17,35,710,306,route de macon,,,Plein jour,En agglomération,Intersection en X,Normale,Trois véhicules et plus - collisions multiples,,,,,,,,,,,1,2,2,1.0,5
201200036820,0012-03-26 21:40:00,12,3,26,21,40,710,306,52 AVENUE ROGER SALENGRO,,,Nuit avec éclairage allumé,En agglomération,Hors intersection,Normale,Autre collision,,,,,,,,,,,5,2,1,1.0,6
201200036821,0012-05-08 06:50:00,12,5,8,6,50,710,40,MACON (ROUTE DE),,,Plein jour,En agglomération,Hors intersection,Normale,Sans collision,,,,,,,,,,,1,2,1,1.0,7
201200036822,0012-05-16 14:25:00,12,5,16,14,25,710,40,route départementale 601,,,Plein jour,En agglomération,Intersection en T,Normale,Deux véhicules - côté,,,,,,,,,,,1,2,3,1.0,3
201200036823,0012-06-15 11:25:00,12,6,15,11,25,710,306,RUE BEAUBERNARD,,,Plein jour,En agglomération,Intersection en X,Normale,Deux véhicules - côté,,,,,,,,,,,1,2,2,1.0,3
201200036824,0012-08-13 07:35:00,12,8,13,7,35,710,306,32 RUE DU PLESSIS,,,Plein jour,En agglomération,Hors intersection,Normale,Sans collision,,,,,,,,,,,1,2,1,1.0,7
201200036825,0012-09-05 16:25:00,12,9,5,16,25,710,306,"1, MARECHAL LECLERC (AVE",,,Plein jour,En agglomération,Hors intersection,Normale,Deux véhicules - côté,,,,,,,,,,,1,2,1,1.0,3
201200036826,0012-09-27 18:10:00,12,9,27,18,10,710,486,1RUE DE RYBNIK,,,Plein jour,En agglomération,Hors intersection,Normale,Deux véhicules - côté,,,,,,,,,,,1,2,1,1.0,3
201200036827,0012-09-28 13:55:00,12,9,28,13,55,710,40,RN 70,,,Plein jour,Hors agglomération,Hors intersection,Normale,Deux véhicules - frontale,,,,,,,,,,,1,1,1,1.0,1
201200036828,0012-10-24 17:25:00,12,10,24,17,25,710,306,48 RUE HENRI VAIRON,,,Plein jour,En agglomération,Hors intersection,Normale,Sans collision,,,,,,,,,,,1,2,1,1.0,7
201200036829,0012-10-31 17:20:00,12,10,31,17,20,710,306,68 avenue LECLERC,,,Crépuscule ou aube,En agglomération,Hors intersection,Normale,Autre collision,,,,,,,,,,,2,2,1,1.0,6
201200036830,0012-11-18 05:35:00,12,11,18,5,35,710,40,RN 70 (ROUTE EXPRESS),,,Nuit sans éclairage public,Hors agglomération,Hors intersection,Normale,Trois véhicules et plus - en chaîne,,,,,,,,,,,3,1,1,1.0,4
201200036831,0012-12-05 11:05:00,12,12,5,11,5,710,306,42 rue BARBES,,,Plein jour,En agglomération,Hors intersection,Normale,Deux véhicules - frontale,,,,,,,,,,,1,2,1,1.0,1
201200036832,0012-12-08 17:45:00,12,12,8,17,45,710,40,68 route de  MACON,,,Nuit avec éclairage allumé,En agglomération,Hors intersection,Normale,Deux véhicules - côté,,,,,,,,,,,5,2,1,1.0,3
201200036833,0012-01-03 13:20:00,12,1,3,13,20,720,181,"18, HEUZE OLIVIER AV N?",,,Plein jour,En agglomération,Hors intersection,Pluie légère,Trois véhicules et plus - en chaîne,,,,,,,,,,,1,2,1,2.0,4
201200036834,0012-01-13 07:00:00,12,1,13,7,0,720,181,LALANDE AMIRAL (QUAI)  N,,,Nuit avec éclairage allumé,En agglomération,Hors intersection,Pluie légère,Autre collision,,,,,,,,,,,5,2,1,2.0,6
201200036835,0012-01-18 08:49:00,12,1,18,8,49,720,181,"33, DIESEL RODOLPHE (RUE",,,Plein jour,En agglomération,Hors intersection,Normale,Sans collision,,,,,,,,,,,1,2,1,1.0,7
201200036836,0012-01-21 16:35:00,12,1,21,16,35,720,181,GENESLAY FELIX (AV) N? I,,,Plein jour,En agglomération,Intersection en X,Pluie légère,Deux véhicules - côté,,,,,,,,,,,1,2,2,2.0,3
201200036837,0012-01-22 18:04:00,12,1,22,18,4,720,181,LEFEUVRE HENRI AV N? IMP,,,Nuit avec éclairage allumé,En agglomération,Hors intersection,Normale,Deux véhicules - côté,,,,,,,,,,,5,2,1,1.0,3
201200036838,0012-01-27 18:35:00,12,1,27,18,35,720,181,MOLIERE - ENTRE ROCADE E,,,Crépuscule ou aube,En agglomération,Intersection en T,Normale,Deux véhicules - côté,,,,,,,,,,,2,2,3,1.0,3
201200036839,0012-01-31 15:30:00,12,1,31,15,30,720,181,"207, FOUCAUDIERE (RUE)",,,Plein jour,En agglomération,Hors intersection,Neige / grêle,Deux véhicules - côté,,,,,,,,,,,1,2,1,4.0,3
201200036840,0012-02-11 16:20:00,12,2,11,16,20,720,181,"21, VOLTAIRE (RUE) N? IM",,,Plein jour,En agglomération,Hors intersection,Normale,Autre collision,,,,,,,,,,,1,2,1,1.0,6
201200036841,0012-02-13 17:44:00,12,2,13,17,44,720,181,ALLONNES PONT ROUGE (RTE,,,Plein jour,En agglomération,Hors intersection,Pluie légère,Trois véhicules et plus - en chaîne,,,,,,,,,,,1,2,1,2.0,4
201200036842,0012-02-15 23:15:00,12,2,15,23,15,720,181,PATTON GENERAL RTE ST-AU,,,Nuit avec éclairage allumé,Hors agglomération,Hors intersection,Normale,Sans collision,,,,,,,,,,,5,1,1,1.0,7
201200036843,0012-02-22 07:45:00,12,2,22,7,45,720,181,"14, SAINT SAENS (RUE)",,,Crépuscule ou aube,En agglomération,Hors intersection,Normale,Autre collision,,,,,,,,,,,2,2,1,1.0,6
201200036844,0012-03-04 03:05:00,12,3,4,3,5,720,181,ESTIENNE D'ORVES (BD D'),,,Nuit avec éclairage allumé,En agglomération,Hors intersection,Normale,Autre collision,,,,,,,,,,,5,2,1,1.0,6
201200036845,0012-03-06 08:49:00,12,3,6,8,49,720,181,KLOTZ HENRI-PIERRE (AV),,,Plein jour,En agglomération,Intersection en T,Normale,Deux véhicules - frontale,,,,,,,,,,,1,2,3,1.0,1
201200036846,0012-03-08 10:53:00,12,3,8,10,53,720,181,BOLLEE (AV) N? IMP 347 E,,,Plein jour,En agglomération,Giratoire,Normale,Deux véhicules - arrière,,,,,,,,,,,1,2,6,1.0,2
201200036847,0012-03-09 18:05:00,12,3,9,18,5,720,181,JAURES JEAN (AV) N? IMP,,,Plein jour,En agglomération,Intersection en T,Normale,Deux véhicules - côté,,,,,,,,,,,1,2,3,1.0,3
201200036848,0012-03-11 12:05:00,12,3,11,12,5,720,181,VERT GALANT (RUE DU),,,Plein jour,En agglomération,Intersection en T,Normale,Deux véhicules - côté,,,,,,,,,,,1,2,3,1.0,3
201200036849,0012-03-11 16:00:00,12,3,11,16,0,720,181,CLAIRCIGNY (RUE),,,Plein jour,En agglomération,Hors intersection,Normale,Autre collision,,,,,,,,,,,1,2,1,1.0,6
201200036850,0012-03-11 16:50:00,12,3,11,16,50,720,181,"205, BOLLEE (AV) N? IMP",,,Plein jour,En agglomération,Hors intersection,Normale,Autre collision,,,,,,,,,,,1,2,1,1.0,6
201200036851,0012-03-18 18:45:00,12,3,18,18,45,720,181,COURBOULAY PAUL (RUE),,,Crépuscule ou aube,En agglomération,Hors intersection,Pluie légère,Autre collision,,,,,,,,,,,2,2,1,2.0,6
201200036852,0012-03-24 15:15:00,12,3,24,15,15,720,181,SUD EST DEVIATION RTE AN,,,Plein jour,Hors agglomération,Hors intersection,Normale,Trois véhicules et plus - collisions multiples,,,,,,,,,,,1,1,1,1.0,5
201200036853,0012-03-24 18:20:00,12,3,24,18,20,720,181,LAIGNE RUE DE N? IMP 115,,,Plein jour,En agglomération,Hors intersection,Normale,Trois véhicules et plus - en chaîne,,,,,,,,,,,1,2,1,1.0,4
201200036854,0012-03-25 06:15:00,12,3,25,6,15,720,181,LIGNEUL PAUL (RUE) N? IM,,,Nuit avec éclairage allumé,En agglomération,Hors intersection,Normale,Autre collision,,,,,,,,,,,5,2,1,1.0,6
201200036855,0012-03-25 20:50:00,12,3,25,20,50,720,181,TIRONNEAU ADRIEN (PL),,,Nuit avec éclairage allumé,En agglomération,Giratoire,Normale,Deux véhicules - côté,,,,,,,,,,,5,2,6,1.0,3
201200036856,0012-03-28 09:20:00,12,3,28,9,20,720,181,GAMBETTA (RUE) N? IMP 1,,,Plein jour,En agglomération,Intersection en T,Normale,Deux véhicules - côté,,,,,,,,,,,1,2,3,1.0,3
201200036857,0012-03-28 18:50:00,12,3,28,18,50,720,181,DEMORIEUX PT DE FER AU P,,,Plein jour,En agglomération,Hors intersection,Normale,Deux véhicules - arrière,,,,,,,,,,,1,2,1,1.0,2
201200036858,0012-04-01 00:05:00,12,4,1,0,5,720,181,Robert Jarry (Bd),,,Nuit avec éclairage allumé,En agglomération,Hors intersection,Normale,Sans collision,,,,,,,,,,,5,2,1,1.0,7
201200036859,0012-04-02 14:44:00,12,4,2,14,44,720,181,GOUGEARD (RUE) N? IMP,,,Plein jour,En agglomération,Hors intersection,Normale,Deux véhicules - côté,,,,,,,,,,,1,2,1,1.0,3
201200036860,0012-04-04 05:30:00,12,4,4,5,30,720,181,ANATOLE FRANCE (BD ),,,Nuit avec éclairage allumé,En agglomération,Intersection en T,Normale,Deux véhicules - côté,,,,,,,,,,,5,2,3,1.0,3
201200036861,0012-04-14 18:40:00,12,4,14,18,40,720,181,"19, BELIN EDOUARD (RUE)",,,Plein jour,En agglomération,Hors intersection,Pluie légère,Deux véhicules - côté,,,,,,,,,,,1,2,1,2.0,3
201200036862,0012-04-18 19:25:00,12,4,18,19,25,720,181,"229, LAIGNE RUE DE N? IM",,,Plein jour,En agglomération,Hors intersection,Pluie légère,Deux véhicules - frontale,,,,,,,,,,,1,2,1,2.0,1
201200036863,0012-04-15 17:40:00,12,4,15,17,40,720,181,LEFAUCHEUX PIERRE (BD),,,Plein jour,En agglomération,Hors intersection,Normale,Deux véhicules - arrière,,,,,,,,,,,1,2,1,1.0,2
201200036864,0012-04-30 15:15:00,12,4,30,15,15,720,181,"4, ALLONNES MOULIN ST GE",,,Plein jour,En agglomération,Hors intersection,Normale,Deux véhicules - côté,,,,,,,,,,,1,2,1,1.0,3
201200036865,0012-05-04 14:00:00,12,5,4,14,0,720,181,ESTIENNE D'ORVES (BD D'),,,Plein jour,Hors agglomération,Hors intersection,Pluie légère,Deux véhicules - arrière,,,,,,,,,,,1,1,1,2.0,2
201200036866,0012-05-16 15:05:00,12,5,16,15,5,720,181,PATTON GENERAL RTE ST-AU,,,Plein jour,Hors agglomération,Hors intersection,Normale,Autre collision,,,,,,,,,,,1,1,1,1.0,6
201200036867,0012-05-19 17:30:00,12,5,19,17,30,720,181,JACOBINS (PL DES),,,Plein jour,En agglomération,Hors intersection,Pluie légère,Trois véhicules et plus - collisions multiples,,,,,,,,,,,1,2,1,2.0,5
201200036868,0012-06-05 22:45:00,12,6,5,22,45,720,181,"74, HEUZE OLIVIER AV N?",,,Nuit avec éclairage allumé,En agglomération,Hors intersection,Normale,Autre collision,,,,,,,,,,,5,2,1,1.0,6
201200036869,0012-06-08 17:10:00,12,6,8,17,10,720,181,DEMORIEUX PAIRS><ROCADE,,,Plein jour,En agglomération,Hors intersection,Normale,Deux véhicules - côté,,,,,,,,,,,1,2,1,1.0,3
201200036870,0012-06-08 23:02:00,12,6,8,23,2,720,181,"452, GENESLAY FELIX (AV)",,,Nuit avec éclairage allumé,En agglomération,Hors intersection,Normale,Deux véhicules - côté,,,,,,,,,,,5,2,1,1.0,3
201200036871,0012-06-10 00:50:00,12,6,10,0,50,720,181,OYON ALEXANDRE (BD),,,Nuit avec éclairage allumé,En agglomération,Hors intersection,Normale,Sans collision,,,,,,,,,,,5,2,1,1.0,7
201200036872,0012-05-24 20:10:00,12,5,24,20,10,720,181,CHURCHILL WINSTON (BD) N,,,Plein jour,En agglomération,Hors intersection,Normale,Deux véhicules - arrière,,,,,,,,,,,1,2,1,1.0,2
201200036873,0012-06-12 22:45:00,12,6,12,22,45,720,181,CHANZY (RUE) N? PAIRS 36,,,Nuit avec éclairage allumé,En agglomération,Intersection en X,Pluie légère,Deux véhicules - côté,,,,,,,,,,,5,2,2,2.0,3
201200036874,0012-06-11 13:50:00,12,6,11,13,50,720,181,"286, GENESLAY FELIX (AV)",,,Plein jour,En agglomération,Hors intersection,Normale,Autre collision,,,,,,,,,,,1,2,1,1.0,6
201200036875,0012-06-12 18:15:00,12,6,12,18,15,720,181,CUGNOT NICOLAS (BD),,,Plein jour,Hors agglomération,Hors intersection,Pluie légère,Autre collision,,,,,,,,,,,1,1,1,2.0,6
201200036876,0012-06-16 23:30:00,12,6,16,23,30,720,181,"105, JAURES JEAN (AV) N?",,,Nuit avec éclairage allumé,En agglomération,Hors intersection,Normale,Autre collision,,,,,,,,,,,5,2,1,1.0,6
201200036877,0012-06-20 07:35:00,12,6,20,7,35,720,181,LAVAL (RTE DE) PAIRS,,,Plein jour,Hors agglomération,Intersection en T,Normale,Deux véhicules - côté,,,,,,,,,,,1,1,3,1.0,3
201200036878,0012-06-13 12:25:00,12,6,13,12,25,720,181,"12, SARGE (RUE) N? PAIRS",,,Plein jour,En agglomération,Hors intersection,Normale,Deux véhicules - côté,,,,,,,,,,,1,2,1,1.0,3
201200036879,0012-07-08 02:15:00,12,7,8,2,15,720,181,PATTON GENERAL RTE BAUGE,,,Nuit avec éclairage allumé,Hors agglomération,Hors intersection,Normale,Autre collision,,,,,,,,,,,5,1,1,1.0,6
201200036880,0012-07-08 22:05:00,12,7,8,22,5,720,181,"24, PILON GERMAIN (RUE)",,,Nuit avec éclairage allumé,En agglomération,Hors intersection,Pluie légère,Autre collision,,,,,,,,,,,5,2,1,2.0,6
201200036881,0012-07-06 06:00:00,12,7,6,6,0,720,181,"305, RUAUDIN (RUE) N? IM",,,Plein jour,En agglomération,Hors intersection,Normale,Autre collision,,,,,,,,,,,1,2,1,1.0,6
201200036882,0012-07-12 22:05:00,12,7,12,22,5,720,181,WASHINGTON GEORGES (PL),,,Nuit avec éclairage allumé,En agglomération,Hors intersection,Pluie légère,Deux véhicules - arrière,,,,,,,,,,,5,2,1,2.0,2
201200036883,0012-07-21 17:15:00,12,7,21,17,15,720,181,PARC DES EXPOSITIONS (AV,,,Plein jour,En agglomération,Hors intersection,Normale,Sans collision,,,,,,,,,,,1,2,1,1.0,7
201200036884,0012-07-26 13:05:00,12,7,26,13,5,720,181,CLEMENCEAU GEORGES ( BD),,,Plein jour,En agglomération,Hors intersection,Normale,Deux véhicules - frontale,,,,,,,,,,,1,2,1,1.0,1
201200036885,0012-08-05 20:50:00,12,8,5,20,50,720,181,"187, DURAND GEORGES (AV)",,,Plein jour,En agglomération,Hors intersection,Normale,Sans collision,,,,,,,,,,,1,2,1,1.0,7
201200036886,0012-09-06 07:50:00,12,9,6,7,50,720,181,ITALIENS (BD DES),,,Plein jour,En agglomération,Hors intersection,Normale,Deux véhicules - côté,,,,,,,,,,,1,2,1,1.0,3
201200036887,0012-09-06 17:38:00,12,9,6,17,38,720,181,JAURES CHURCHILL (ECHANG,,,Plein jour,En agglomération,Intersection en T,Normale,Deux véhicules - côté,,,,,,,,,,,1,2,3,1.0,3
201200036888,0012-09-07 19:50:00,12,9,7,19,50,720,181,SUD EST DEVIATION  RT TO,,,Plein jour,Hors agglomération,Hors intersection,Normale,Autre collision,,,,,,,,,,,1,1,1,1.0,6
201200036889,0012-09-08 05:30:00,12,9,8,5,30,720,181,PANORAMA (RUE) GARAGES A,,,Nuit avec éclairage allumé,Hors agglomération,Hors intersection,Normale,Autre collision,,,,,,,,,,,5,1,1,1.0,6
201200036890,0012-09-04 17:55:00,12,9,4,17,55,720,181,BONNETABLE (RTE) N? IMP,,,Plein jour,En agglomération,Giratoire,Normale,Deux véhicules - côté,,,,,,,,,,,1,2,6,1.0,3
201200036891,0012-09-09 05:31:00,12,9,9,5,31,720,181,BLANC LOUIS (QUAI),,,Nuit avec éclairage allumé,En agglomération,Hors intersection,Normale,Autre collision,,,,,,,,,,,5,2,1,1.0,6
201200036892,0012-09-18 20:30:00,12,9,18,20,30,720,181,"61, BRETAGNE (AV DE)",,,Nuit avec éclairage allumé,En agglomération,Hors intersection,Normale,Deux véhicules - côté,,,,,,,,,,,5,2,1,1.0,3
201200036893,0012-09-20 20:30:00,12,9,20,20,30,720,95,PARIS (RUE DE),,,Nuit avec éclairage allumé,En agglomération,Hors intersection,Normale,Deux véhicules - côté,,,,,,,,,,,5,2,1,1.0,3
201200036894,0012-09-24 18:10:00,12,9,24,18,10,720,181,"126, BEAUGE (RUE DE)  N?",,,Plein jour,En agglomération,Hors intersection,Pluie légère,Deux véhicules - côté,,,,,,,,,,,1,2,1,2.0,3
201200036895,0012-10-01 13:00:00,12,10,1,13,0,720,181,"23, GRANDES COURBES (RUE",,,Plein jour,En agglomération,Hors intersection,Normale,Deux véhicules - côté,,,,,,,,,,,1,2,1,1.0,3
201200036896,0012-10-12 19:00:00,12,10,12,19,0,720,181,"106, POLYGONE (RUE DU)",,,Crépuscule ou aube,En agglomération,Hors intersection,Normale,Deux véhicules - arrière,,,,,,,,,,,2,2,1,1.0,2
201200036897,0012-10-14 01:25:00,12,10,14,1,25,720,181,PANORAMA (RUE DU) N? IMP,,,Nuit avec éclairage allumé,En agglomération,Hors intersection,Normale,Autre collision,,,,,,,,,,,5,2,1,1.0,6
201200036898,0012-10-13 09:35:00,12,10,13,9,35,720,181,"212, GENESLAY FELIX (AV)",,,Plein jour,En agglomération,Hors intersection,Pluie légère,Autre collision,,,,,,,,,,,1,2,1,2.0,6
201200036899,0012-11-04 17:22:00,12,11,4,17,22,720,181,CLEMENCEAU GEORGES ( BD),,,Crépuscule ou aube,En agglomération,Hors intersection,Normale,Deux véhicules - frontale,,,,,,,,,,,2,2,1,1.0,1
201200036900,0012-11-20 09:32:00,12,11,20,9,32,720,181,"179, BOLLEE (AV) N? IMP",,,Plein jour,En agglomération,Hors intersection,Normale,Autre collision,,,,,,,,,,,1,2,1,1.0,6
201200036901,0012-12-08 05:10:00,12,12,8,5,10,720,181,"7, AUVRAY (RUE)  N? IMP",,,Nuit avec éclairage allumé,En agglomération,Hors intersection,Normale,Autre collision,,,,,,,,,,,5,2,1,1.0,6
201200036902,0012-12-14 17:30:00,12,12,14,17,30,720,181,"29, FRESNELLERIE BD DE L",,,Nuit avec éclairage allumé,En agglomération,Hors intersection,Pluie légère,Deux véhicules - côté,,,,,,,,,,,5,2,1,2.0,3
201200036903,0012-12-16 18:35:00,12,12,16,18,35,280,4,SUZE (RTE DE LA),,,Nuit sans éclairage public,Hors agglomération,Hors intersection,Pluie légère,Sans collision,,,,,,,,,,,3,1,1,2.0,7
201200036904,0012-12-20 09:56:00,12,12,20,9,56,720,181,LATTRE DE TASSIGNY MAREC,,,Plein jour,Hors agglomération,Hors intersection,Pluie légère,Deux véhicules - arrière,,,,,,,,,,,1,1,1,2.0,2
201200036905,0012-12-22 10:45:00,12,12,22,10,45,720,181,FRESNELLERIE BD DE LA N?,,,Plein jour,En agglomération,Intersection en T,Pluie légère,Autre collision,,,,,,,,,,,1,2,3,2.0,6
201200036906,0012-12-28 11:40:00,12,12,28,11,40,720,181,"61, CORDELET LOUIS ( AV)",,,Plein jour,En agglomération,Hors intersection,Pluie légère,Autre collision,,,,,,,,,,,1,2,1,2.0,6
201200036907,0012-12-17 17:45:00,12,12,17,17,45,730,8,ROCHE DU ROI BOULEVARD D,45.68113,5.9131,Nuit avec éclairage allumé,En agglomération,Hors intersection,Pluie légère,Autre collision,,,,,,,,,,,5,2,1,2.0,6
201200036908,0012-03-30 18:50:00,12,3,30,18,50,730,8,RUSSIE BOULEVARD DE,45.68282,5.91048,Plein jour,En agglomération,Intersection en T,Normale,Deux véhicules - côté,,,,,,,,,,,1,2,3,1.0,3
201200036909,0012-04-14 19:15:00,12,4,14,19,15,730,8,ROOSEVELT FRANKLIN AVENU,45.7059,5.91082,Plein jour,En agglomération,Intersection en X,Pluie légère,Autre collision,,,,,,,,,,,1,2,2,2.0,6
201200036910,0012-07-07 23:00:00,12,7,7,23,0,730,8,TRESSERVE AVENUE DE,45.68551,5.91,Nuit avec éclairage allumé,En agglomération,Giratoire,Normale,Deux véhicules - côté,,,,,,,,,,,5,2,6,1.0,3
201200036911,0012-07-05 18:10:00,12,7,5,18,10,730,8,MARLIOZ AVENUE DE,45.67747,5.90957,Plein jour,En agglomération,Hors intersection,Normale,Deux véhicules - arrière,,,,,,,,,,,1,2,1,1.0,2
201200036912,0012-07-10 18:53:00,12,7,10,18,53,730,8,PETIT PORT  AVENUE DU,45.6944,5.89604,Plein jour,En agglomération,Giratoire,Normale,Deux véhicules - côté,,,,,,,,,,,1,2,6,1.0,3
201200036913,0012-08-30 16:05:00,12,8,30,16,5,730,8,LATTRE DE TASSIGNY AVENU,45.69432,5.89992,Plein jour,En agglomération,Giratoire,Normale,Deux véhicules - arrière,,,,,,,,,,,1,2,6,1.0,2
201200036914,0012-10-01 13:30:00,12,10,1,13,30,730,8,"65, LIBERTE AVENUE DE LA",45.68681,5.90695,Plein jour,En agglomération,Intersection en T,Normale,Deux véhicules - frontale,,,,,,,,,,,1,2,3,1.0,1
201200036915,0012-11-14 14:00:00,12,11,14,14,0,730,8,"130, INNOCENT SAINT ROUT",47.71454,5.8928,Plein jour,En agglomération,Hors intersection,Normale,Autre collision,,,,,,,,,,,1,2,1,1.0,6
201200036916,0012-12-12 19:05:00,12,12,12,19,5,730,8,GOLF AVENUE DU,45.67032,5.90848,Nuit avec éclairage allumé,En agglomération,Intersection en T,Normale,Autre collision,,,,,,,,,,,5,2,3,1.0,6
201200036917,0012-05-08 10:45:00,12,5,8,10,45,730,11,"11, DE GAULLE (AV.) HUGO",45.67404,6.38651,Plein jour,En agglomération,Autre intersection,Autre,Autre collision,,,,,,,,,,,1,2,9,9.0,6
201200036918,0012-06-02 04:49:00,12,6,2,4,49,730,11,BEAUFORT (ROUTE DE),45.67993,6.39728,Nuit sans éclairage public,Hors agglomération,Hors intersection,Normale,Autre collision,,,,,,,,,,,3,1,1,1.0,6
201200036919,0012-06-15 08:55:00,12,6,15,8,55,730,11,CHASSEURS ALPINS (AV.)C),45.66985,6.39105,Plein jour,En agglomération,Intersection en Y,Normale,Autre collision,,,,,,,,,,,1,2,4,1.0,6
201200036920,0012-06-19 08:40:00,12,6,19,8,40,730,11,"475, DUBOIS (RUE DU CDT)",45.668,6.3828,Plein jour,En agglomération,Hors intersection,Normale,Deux véhicules - côté,,,,,,,,,,,1,2,1,1.0,3
201200036921,0012-07-21 19:10:00,12,7,21,19,10,730,11,EYSSERIC (RUE LT GUSTAVE,45.66313,6.40003,Plein jour,En agglomération,Hors intersection,Normale,Deux véhicules - arrière,,,,,,,,,,,1,2,1,1.0,2
201200036922,0012-11-16 16:00:00,12,11,16,16,0,730,11,"38, HUGO (AVENUE VICTOR)",,,Plein jour,En agglomération,Hors intersection,Normale,Autre collision,,,,,,,,,,,1,2,1,1.0,6
201200036923,0012-01-26 15:40:00,12,1,26,15,40,730,65,"26/36, MERANDE (AVENUE D",45.57212,5.92925,Plein jour,En agglomération,Hors intersection,Pluie forte,Deux véhicules - arrière,,,,,,,,,,,1,2,1,3.0,2
201200036924,0012-01-28 10:50:00,12,1,28,10,50,730,65,VERCORS (CHEMIN DU),,,Plein jour,En agglomération,Intersection en T,Normale,Deux véhicules - côté,,,,,,,,,,,1,2,3,1.0,3
201200036925,0012-02-11 21:50:00,12,2,11,21,50,730,65,VOIE RAPIDE URBAINE,45.57871,5.91699,Nuit avec éclairage allumé,Hors agglomération,Hors intersection,Normale,Deux véhicules - arrière,,,,,,,,,,,5,1,1,1.0,2
201200036926,0012-03-16 19:55:00,12,3,16,19,55,730,65,"130, RAVET CHARLES (QUAI",45.5676,5.92798,Nuit avec éclairage non allumé,En agglomération,Hors intersection,Normale,Deux véhicules - arrière,,,,,,,,,,,4,2,1,1.0,2
201200036927,0012-03-17 01:50:00,12,3,17,1,50,730,65,"740, MONTAGNY (RUE DE)",45.602,5.92764,Nuit sans éclairage public,Hors agglomération,Hors intersection,Normale,Sans collision,,,,,,,,,,,3,1,1,1.0,7
201200036928,0012-03-20 09:25:00,12,3,20,9,25,730,31,CENTRALE (RUE),45.57632,5.94394,Crépuscule ou aube,En agglomération,Intersection en Y,Normale,Deux véhicules - côté,,,,,,,,,,,2,2,4,1.0,3
201200036929,0012-04-01 21:05:00,12,4,1,21,5,730,65,VOIE RAPIDE URBAINE,45.57331,5.93722,Plein jour,Hors agglomération,Hors intersection,Normale,Deux véhicules - frontale,,,,,,,,,,,1,1,1,1.0,1
201200036930,0012-04-13 08:20:00,12,4,13,8,20,730,65,VOIE RAPIDE URBAINE,45.58736,5.90343,Plein jour,Hors agglomération,Hors intersection,Normale,Trois véhicules et plus - collisions multiples,,,,,,,,,,,1,1,1,1.0,5
201200036931,0012-04-19 16:05:00,12,4,19,16,5,730,65,,45.56284,5.90895,Plein jour,En agglomération,Hors intersection,Normale,Autre collision,,,,,,,,,,,1,2,1,1.0,6
201200036932,0012-05-01 15:30:00,12,5,1,15,30,730,65,"1022, SAINT OMBRE ( CHEM",45.5865,5.91515,Plein jour,En agglomération,Hors intersection,Normale,Autre collision,,,,,,,,,,,1,2,1,1.0,6
201200036933,0012-05-04 15:40:00,12,5,4,15,40,730,65,"551, CARTIER (AVENUE DU",45.57618,5.89907,Plein jour,En agglomération,Hors intersection,Normale,Deux véhicules - côté,,,,,,,,,,,1,2,1,1.0,3
201200036934,0012-05-16 13:00:00,12,5,16,13,0,730,65,MENDES FRANCE PIERRE(AVE,45.59469,5.91298,Plein jour,Hors agglomération,Hors intersection,Normale,Deux véhicules - côté,,,,,,,,,,,1,1,1,1.0,3
201200036935,0012-06-11 17:45:00,12,6,11,17,45,730,65,Rue du Maconnais,45.5918,5.91365,Plein jour,En agglomération,Intersection en Y,Normale,Autre collision,,,,,,,,,,,1,2,4,1.0,6
201200036936,0012-06-23 04:50:00,12,6,23,4,50,730,65,VILLARCHER (AVENUE DE),45.61404,5.88655,Crépuscule ou aube,En agglomération,Hors intersection,Normale,Autre collision,,,,,,,,,,,2,2,1,1.0,6
201200036937,0012-07-03 13:30:00,12,7,3,13,30,730,65,,45.57654,5.99276,Plein jour,Hors agglomération,Hors intersection,Normale,Autre collision,,,,,,,,,,,1,1,1,1.0,6
201200036938,0012-07-29 13:55:00,12,7,29,13,55,730,65,Place de la Libération,45.56757,5.9246,Plein jour,En agglomération,Intersection à plus de 4 branches,Normale,Deux véhicules - côté,,,,,,,,,,,1,2,5,1.0,3
201200036939,0012-09-14 07:35:00,12,9,14,7,35,730,65,Avenue de la Reveriaz,45.57419,5.90605,Plein jour,En agglomération,Intersection en Y,Normale,Deux véhicules - côté,,,,,,,,,,,1,2,4,1.0,3
201200036940,0012-09-27 10:35:00,12,9,27,10,35,730,65,"THEATRE ( BD, PLACE, RUE",45.56609,5.92362,Plein jour,En agglomération,Intersection en T,Normale,Autre collision,,,,,,,,,,,1,2,3,1.0,6
201200036941,0012-11-19 15:30:00,12,11,19,15,30,730,31,Parking carrefour bassen,45.57358,5.94515,Plein jour,En agglomération,Hors intersection,Normale,Autre collision,,,,,,,,,,,1,2,1,1.0,6