accident_id,datetime,annee,mois,jour,heure,minute,departement,commune_insee,adresse,latitude,longitude,luminosite,agglomeration,intersection,meteo,collision,nb_vehicules,nb_usagers,nb_indemnes,nb_tues,nb_blesses_hosp,nb_blesses_legers,age_cond_1,age_cond_2,veh_type_cond_1,veh_type_cond_2,lum_code,agg_code,int_code,atm_code,col_code
201200037192,0012-04-23 23:50:00,12,4,23,23,50,760,351,"170, R SALVADOR ALLENDE",49.50461,0.14188,Nuit avec éclairage allumé,En agglomération,Intersection en T,Temps couvert,Deux véhicules - côté,,,,,,,,,,,5,2,3,8.0,3
201200037193,0012-04-26 17:00:00,12,4,26,17,0,760,351,263 R IRENE JOLIOT CURIE,49.51749,0.10613,Plein jour,En agglomération,Hors intersection,Normale,Autre collision,,,,,,,,,,,1,2,1,1.0,6
201200037194,0012-04-27 18:40:00,12,4,27,18,40,760,351,"126, R DE LA CAVEE VERTE",49.50675,0.12003,Plein jour,En agglomération,Hors intersection,Normale,Deux véhicules - côté,,,,,,,,,,,1,2,1,1.0,3
201200037195,0012-04-27 22:20:00,12,4,27,22,20,760,447,"31, R DE LA REPUBLIQUE",49.54433,0.18981,Nuit avec éclairage allumé,En agglomération,Hors intersection,Normale,Autre collision,,,,,,,,,,,5,2,1,1.0,6
201200037196,0012-04-28 01:25:00,12,4,28,1,25,760,351,"1, R MAURICE TRONELLE",49.52265,0.1191,Nuit avec éclairage allumé,En agglomération,Hors intersection,Pluie légère,Autre collision,,,,,,,,,,,5,2,1,2.0,6
201200037197,0012-04-30 16:20:00,12,4,30,16,20,760,351,QU  FRISSARD,49.49078,0.12912,Plein jour,En agglomération,Hors intersection,Pluie légère,Deux véhicules - côté,,,,,,,,,,,1,2,1,2.0,3
201200037198,0012-05-04 14:50:00,12,5,4,14,50,760,351,"180, R DE VERDUN",49.50226,0.1612,Plein jour,En agglomération,Intersection en Y,Pluie légère,Deux véhicules - côté,,,,,,,,,,,1,2,4,2.0,3
201200037199,0012-05-05 00:05:00,12,5,5,0,5,760,351,"22, R GEORGES BRAQUE",49.49525,0.10319,Nuit avec éclairage allumé,En agglomération,Hors intersection,Pluie légère,Sans collision,,,,,,,,,,,5,2,1,2.0,7
201200037200,0012-05-06 20:00:00,12,5,6,20,0,760,351,"51, R DEMIDOFF",49.49735,0.13132,Plein jour,En agglomération,Intersection en X,Normale,Autre collision,,,,,,,,,,,1,2,2,1.0,6
201200037201,0012-05-09 08:30:00,12,5,9,8,30,760,351,"142, R PIERRE LOTI",49.51114,0.15342,Plein jour,En agglomération,Intersection en X,Normale,Deux véhicules - côté,,,,,,,,,,,1,2,2,1.0,3
201200037202,0012-05-10 18:40:00,12,5,10,18,40,760,351,"11, R DE NEUSTRIE",49.49854,0.12293,Plein jour,En agglomération,Intersection en X,Normale,Deux véhicules - côté,,,,,,,,,,,1,2,2,1.0,3
201200037203,0012-05-12 18:50:00,12,5,12,18,50,760,481,,49.54259,0.1048,Plein jour,Hors agglomération,Hors intersection,Normale,Deux véhicules - arrière,,,,,,,,,,,1,1,1,1.0,2
201200037204,0012-05-14 13:55:00,12,5,14,13,55,760,351,AV DU  GRAND HAMEAU,49.52224,0.10863,Plein jour,En agglomération,Giratoire,Normale,Deux véhicules - côté,,,,,,,,,,,1,2,6,1.0,3
201200037205,0012-05-14 17:00:00,12,5,14,17,0,760,351,"192, R DE LA VALLEE",49.49766,0.15958,Plein jour,En agglomération,Hors intersection,Normale,Sans collision,,,,,,,,,,,1,2,1,1.0,7
201200037206,0012-05-16 09:00:00,12,5,16,9,0,760,351,RD 6382,49.52379,0.16803,Plein jour,En agglomération,Hors intersection,Normale,Autre collision,,,,,,,,,,,1,2,1,1.0,6
201200037207,0012-05-16 20:10:00,12,5,16,20,10,760,351,"112, R MARCEAU",49.49149,0.13308,Plein jour,En agglomération,Giratoire,Normale,Deux véhicules - arrière,,,,,,,,,,,1,2,6,1.0,2
201200037208,0012-05-16 21:35:00,12,5,16,21,35,760,351,"35, CRS DE REPUBLIQUE",49.49384,0.12487,Nuit avec éclairage allumé,En agglomération,Intersection en X,Normale,Deux véhicules - côté,,,,,,,,,,,5,2,2,1.0,3
201200037209,0012-05-17 04:50:00,12,5,17,4,50,760,481,AV DE LA PATROUILLE DE F,49.53747,0.09916,Nuit sans éclairage public,Hors agglomération,Hors intersection,Normale,Sans collision,,,,,,,,,,,3,1,1,1.0,7
201200037210,0012-05-18 19:10:00,12,5,18,19,10,760,351,R THEOPHILE GAUTIER,49.51673,0.09313,Plein jour,En agglomération,Intersection en X,Normale,Autre collision,,,,,,,,,,,1,2,2,1.0,6
201200037211,0012-05-21 20:00:00,12,5,21,20,0,760,351,"54, QU FRISSARD",49.49059,0.12837,Plein jour,En agglomération,Hors intersection,Normale,Autre collision,,,,,,,,,,,1,2,1,1.0,6
201200037212,0012-05-23 12:20:00,12,5,23,12,20,760,351,"48, R DE CRONSTADT",49.50445,0.11679,Plein jour,En agglomération,Intersection en Y,Normale,Deux véhicules - côté,,,,,,,,,,,1,2,4,1.0,3
201200037213,0012-05-23 15:30:00,12,5,23,15,30,760,481,R D ECQUEVILLE,49.58256,0.11847,Plein jour,En agglomération,Intersection en T,Normale,Autre collision,,,,,,,,,,,1,2,3,1.0,6
201200037214,0012-05-24 07:45:00,12,5,24,7,45,760,351,"177, R ETIENNE D ORVES",49.51647,0.09738,Plein jour,En agglomération,Intersection en X,Normale,Deux véhicules - côté,,,,,,,,,,,1,2,2,1.0,3
201200037215,0012-05-24 11:45:00,12,5,24,11,45,760,351,,49.50268,0.19244,Plein jour,Hors agglomération,Hors intersection,Normale,Autre collision,,,,,,,,,,,1,1,1,1.0,6
201200037216,0012-05-24 12:45:00,12,5,24,12,45,760,351,"262, R LOUIS BLERIOT",49.53181,0.09587,Plein jour,Hors agglomération,Giratoire,Normale,Autre collision,,,,,,,,,,,1,1,6,1.0,6
201200037217,0012-05-24 18:00:00,12,5,24,18,0,760,351,R JEAN MONET,49.51336,0.08948,Plein jour,En agglomération,Giratoire,Normale,Autre collision,,,,,,,,,,,1,2,6,1.0,6
201200037218,0012-05-26 01:50:00,12,5,26,1,50,760,351,"73, R DES ACACIAS",49.50786,0.13731,Nuit avec éclairage allumé,En agglomération,Hors intersection,Normale,Sans collision,,,,,,,,,,,5,2,1,1.0,7
201200037219,0012-05-28 13:30:00,12,5,28,13,30,760,447,"2, IMP ERICK SATIE",49.54801,0.16757,Plein jour,En agglomération,Hors intersection,Normale,Sans collision,,,,,,,,,,,1,2,1,1.0,7
201200037220,0012-05-28 14:10:00,12,5,28,14,10,760,351,BD  FRANCOIS 1ER,49.49238,0.0988,Plein jour,En agglomération,Intersection en T,Normale,Deux véhicules - côté,,,,,,,,,,,1,2,3,1.0,3
201200037221,0012-05-29 23:10:00,12,5,29,23,10,760,351,"234, R  LOUIS LUMIERE",49.52417,0.12285,Nuit avec éclairage allumé,En agglomération,Intersection en X,Normale,Deux véhicules - côté,,,,,,,,,,,5,2,2,1.0,3
201200037222,0012-05-31 16:50:00,12,5,31,16,50,760,351,"60, R EUGENE MOPIN",49.51928,0.15834,Plein jour,En agglomération,Hors intersection,Normale,Deux véhicules - côté,,,,,,,,,,,1,2,1,1.0,3
201200037223,0012-05-31 18:40:00,12,5,31,18,40,760,351,PARKING AUCHAN MONT GAIL,49.5231,0.10965,Plein jour,En agglomération,Autre intersection,Normale,Autre collision,,,,,,,,,,,1,2,9,1.0,6
201200037224,0012-06-01 18:45:00,12,6,1,18,45,760,351,"72, R MASSILLON",49.49884,0.13879,Plein jour,En agglomération,Intersection en X,Normale,Deux véhicules - côté,,,,,,,,,,,1,2,2,1.0,3
201200037225,0012-06-05 03:20:00,12,6,5,3,20,760,351,"70, AV DU SEIZIEME PORT",49.48182,0.15914,Nuit avec éclairage allumé,Hors agglomération,Hors intersection,Normale,Autre collision,,,,,,,,,,,5,1,1,1.0,6
201200037226,0012-06-08 06:15:00,12,6,8,6,15,760,351,"165, BD DE GRAVILLE",49.49053,0.14929,Crépuscule ou aube,En agglomération,Hors intersection,Normale,Autre collision,,,,,,,,,,,2,2,1,1.0,6
201200037227,0012-06-08 16:20:00,12,6,8,16,20,760,351,QU HERMANN DU PASQUIER,49.48094,0.12008,Plein jour,Hors agglomération,Hors intersection,Normale,Deux véhicules - côté,,,,,,,,,,,1,1,1,1.0,3
201200037228,0012-06-10 22:20:00,12,6,10,22,20,760,351,"19, R JULES LECESNE",49.49392,0.11172,Nuit avec éclairage allumé,En agglomération,Intersection en X,Pluie forte,Autre collision,,,,,,,,,,,5,2,2,3.0,6
201200037229,0012-06-11 16:43:00,12,6,11,16,43,760,481,AV DE LA PATROUILLE DE F,49.54602,0.10891,Plein jour,En agglomération,Giratoire,Normale,Autre collision,,,,,,,,,,,1,2,6,1.0,6
201200037230,0012-06-12 18:45:00,12,6,12,18,45,760,351,RD 6382,49.52407,0.16965,Plein jour,Hors agglomération,Hors intersection,Pluie légère,Autre collision,,,,,,,,,,,1,1,1,2.0,6
201200037231,0012-06-12 19:45:00,12,6,12,19,45,760,351,RD 6382,49.52471,0.18123,Plein jour,Hors agglomération,Hors intersection,Pluie légère,Sans collision,,,,,,,,,,,1,1,1,2.0,7
201200037232,0012-06-13 15:15:00,12,6,13,15,15,760,351,"24, R DOCTEUR LAMAZE",49.502,0.17251,Plein jour,En agglomération,Hors intersection,Normale,Deux véhicules - côté,,,,,,,,,,,1,2,1,1.0,3
201200037233,0012-06-14 09:20:00,12,6,14,9,20,760,305,RTE DU  PONT VIII,49.49104,0.21512,Plein jour,Hors agglomération,Hors intersection,Normale,Sans collision,,,,,,,,,,,1,1,1,1.0,7
201200037234,0012-06-15 08:50:00,12,6,15,8,50,760,351,"59, R EUGENE SUE",49.51726,0.12745,Plein jour,En agglomération,Intersection à plus de 4 branches,Normale,Autre collision,,,,,,,,,,,1,2,5,1.0,6
201200037235,0012-06-15 19:05:00,12,6,15,19,5,760,351,"44BIS, R DES BLEUETS",49.50791,0.15703,Plein jour,En agglomération,Intersection en X,Pluie légère,Deux véhicules - côté,,,,,,,,,,,1,2,2,2.0,3
201200037236,0012-06-16 15:05:00,12,6,16,15,5,760,351,"30, R LOUIS DUHEN",49.48094,0.16082,Plein jour,En agglomération,Hors intersection,Normale,Autre collision,,,,,,,,,,,1,2,1,1.0,6
201200037237,0012-06-18 13:20:00,12,6,18,13,20,760,305,AV DU CAMP DOLENT,49.50804,0.2231,Plein jour,Hors agglomération,Autre intersection,Normale,Autre collision,,,,,,,,,,,1,1,9,1.0,6
201200037238,0012-06-18 18:10:00,12,6,18,18,10,760,481,Rond Point du calvaire,49.54603,0.10922,Plein jour,Hors agglomération,Giratoire,Normale,Sans collision,,,,,,,,,,,1,1,6,1.0,7
201200037239,0012-06-18 17:10:00,12,6,18,17,10,760,351,"22, R DE REIMS",49.51332,0.12697,Plein jour,En agglomération,Hors intersection,Normale,Deux véhicules - côté,,,,,,,,,,,1,2,1,1.0,3
201200037240,0012-06-21 14:30:00,12,6,21,14,30,760,351,"56, R GUSTAVE BRINDEAU",49.48968,0.14247,Plein jour,En agglomération,Intersection en X,Normale,Deux véhicules - côté,,,,,,,,,,,1,2,2,1.0,3
201200037241,0012-06-21 15:30:00,12,6,21,15,30,760,351,"88, R GUSTAVE BRINDEAU",49.49115,0.14078,Plein jour,Hors agglomération,Hors intersection,Normale,Autre collision,,,,,,,,,,,1,1,1,1.0,6
201200037242,0012-06-26 19:45:00,12,6,26,19,45,760,351,"61, R JULES LECESNE",49.49346,0.11717,Plein jour,En agglomération,Hors intersection,Normale,Autre collision,,,,,,,,,,,1,2,1,1.0,6
201200037243,0012-06-29 20:00:00,12,6,29,20,0,760,351,"04, ALL HEMINGWAY",49.50987,0.18126,Plein jour,En agglomération,Hors intersection,Normale,Autre collision,,,,,,,,,,,1,2,1,1.0,6
201200037244,0012-06-30 03:00:00,12,6,30,3,0,760,351,AV  PABLO PICASSO,49.50457,0.16844,Nuit avec éclairage allumé,En agglomération,Hors intersection,Normale,Autre collision,,,,,,,,,,,5,2,1,1.0,6
201200037245,0012-06-30 05:00:00,12,6,30,5,0,760,296,"163, R DE LA LIBERATION",49.51839,0.26402,Crépuscule ou aube,En agglomération,Intersection en X,Normale,Deux véhicules - côté,,,,,,,,,,,2,2,2,1.0,3
201200037246,0012-06-30 21:00:00,12,6,30,21,0,760,351,"101, CRS DE LAREPUBLIQUE",49.49656,0.12722,Crépuscule ou aube,En agglomération,Hors intersection,Normale,Autre collision,,,,,,,,,,,2,2,1,1.0,6
201200037247,0012-06-30 22:05:00,12,6,30,22,5,760,351,"119, R  DEMIDOFF",49.49764,0.13614,Nuit avec éclairage allumé,En agglomération,Intersection en X,Normale,Deux véhicules - arrière,,,,,,,,,,,5,2,2,1.0,2
201200037248,0012-07-04 13:10:00,12,7,4,13,10,760,351,"181, R DE VERDUN",49.50239,0.16203,Plein jour,En agglomération,Hors intersection,Normale,Autre collision,,,,,,,,,,,1,2,1,1.0,6
201200037249,0012-07-05 06:50:00,12,7,5,6,50,760,351,RD 6382,49.52395,0.16927,Plein jour,Hors agglomération,Hors intersection,Normale,Autre collision,,,,,,,,,,,1,1,1,1.0,6
201200037250,0012-07-05 12:42:00,12,7,5,12,42,760,351,QU LAMBLARDIE,49.48982,0.10974,Plein jour,En agglomération,Intersection en T,Normale,Autre collision,,,,,,,,,,,1,2,3,1.0,6
201200037251,0012-07-06 13:30:00,12,7,6,13,30,760,351,AV  AMIRAL DU CHILLOU,49.48304,0.16564,Plein jour,Hors agglomération,Giratoire,Normale,Trois véhicules et plus - en chaîne,,,,,,,,,,,1,1,6,1.0,4
201200037252,0012-07-09 07:55:00,12,7,9,7,55,760,341,AV DE VERDUN,49.50377,0.19361,Plein jour,Hors agglomération,Hors intersection,Temps couvert,Autre collision,,,,,,,,,,,1,1,1,8.0,6
201200037253,0012-07-12 20:45:00,12,7,12,20,45,760,351,"261, AV JEAN JAURES",49.50049,0.16709,Plein jour,En agglomération,Intersection en T,Pluie forte,Sans collision,,,,,,,,,,,1,2,3,3.0,7
201200037254,0012-07-13 10:50:00,12,7,13,10,50,760,341,RD 6382,49.52208,0.18582,Plein jour,Hors agglomération,Hors intersection,Normale,Deux véhicules - arrière,,,,,,,,,,,1,1,1,1.0,2
201200037255,0012-07-13 13:20:00,12,7,13,13,20,760,351,R AUGUSTE BLANQUI,49.49897,0.1624,Plein jour,En agglomération,Hors intersection,Normale,Deux véhicules - arrière,,,,,,,,,,,1,2,1,1.0,2
201200037256,0012-07-13 20:13:00,12,7,13,20,13,760,351,AV CHRISTOPHE COLOMB,49.48018,0.14829,Plein jour,Hors agglomération,Hors intersection,Normale,Sans collision,,,,,,,,,,,1,1,1,1.0,7
201200037257,0012-07-19 21:00:00,12,7,19,21,0,760,447,RTE D OCTEVILLE,49.54901,0.15714,Plein jour,Hors agglomération,Intersection en T,Normale,Deux véhicules - côté,,,,,,,,,,,1,1,3,1.0,3
201200037258,0012-07-24 16:55:00,12,7,24,16,55,760,351,75 R DUGENERAL FAIDHERBE,49.48729,0.11398,Plein jour,En agglomération,Hors intersection,Normale,Autre collision,,,,,,,,,,,1,2,1,1.0,6
201200037259,0012-07-24 15:30:00,12,7,24,15,30,760,447,"36, R PAUL ELUARD",,,Plein jour,En agglomération,Hors intersection,Normale,Autre collision,,,,,,,,,,,1,2,1,1.0,6
201200037260,0012-07-25 16:30:00,12,7,25,16,30,760,351,"68, PL DE L HOTEL DE VI",49.49405,0.10936,Plein jour,En agglomération,Intersection en T,Normale,Deux véhicules - côté,,,,,,,,,,,1,2,3,1.0,3
201200037261,0012-07-29 05:00:00,12,7,29,5,0,760,447,"1, R OSCAR COMMETTANT",49.54426,0.19494,Nuit sans éclairage public,En agglomération,Hors intersection,Normale,Autre collision,,,,,,,,,,,3,2,1,1.0,6
201200037262,0012-07-29 16:00:00,12,7,29,16,0,760,351,"150, R D ETRETAT",49.49828,0.09566,Plein jour,En agglomération,Hors intersection,Normale,Sans collision,,,,,,,,,,,1,2,1,1.0,7
201200037263,0012-08-04 06:20:00,12,8,4,6,20,760,351,"97, R  EUGENE MOPIN",49.52127,0.16027,Crépuscule ou aube,En agglomération,Intersection en X,Normale,Deux véhicules - côté,,,,,,,,,,,2,2,2,1.0,3
201200037264,0012-08-01 15:40:00,12,8,1,15,40,760,351,R LOUIS BLERIOT,49.52586,0.09034,Plein jour,En agglomération,Hors intersection,Normale,Trois véhicules et plus - collisions multiples,,,,,,,,,,,1,2,1,1.0,5
201200037265,0012-08-09 10:10:00,12,8,9,10,10,760,351,AV CHRISTOPHE COLOMB,49.4797,0.1477,Plein jour,Hors agglomération,Hors intersection,Normale,Autre collision,,,,,,,,,,,1,1,1,1.0,6
201200037266,0012-08-10 19:55:00,12,8,10,19,55,760,351,R CHARLES VICTOIRE,49.52796,0.11785,Plein jour,En agglomération,Intersection en T,Normale,Deux véhicules - côté,,,,,,,,,,,1,2,3,1.0,3
201200037267,0012-08-10 19:00:00,12,8,10,19,0,760,305,RTE INDUSTRIELLE,49.48776,0.20128,Plein jour,Hors agglomération,Hors intersection,Normale,Autre collision,,,,,,,,,,,1,1,1,1.0,6
201200037268,0012-08-11 09:40:00,12,8,11,9,40,760,351,BD DE LENINGRAD,49.49642,0.14737,Plein jour,En agglomération,Intersection en X,Normale,Deux véhicules - arrière,,,,,,,,,,,1,2,2,1.0,2
201200037269,0012-08-13 13:55:00,12,8,13,13,55,760,447,"33, R DE LA REPUBLIQUE",49.54421,0.18948,Plein jour,En agglomération,Intersection en T,Normale,Autre collision,,,,,,,,,,,1,2,3,1.0,6
201200037270,0012-08-16 08:30:00,12,8,16,8,30,760,351,"119, R LOUIS BRINDEAU",49.49112,0.10574,Plein jour,En agglomération,Hors intersection,Normale,Autre collision,,,,,,,,,,,1,2,1,1.0,6
201200037271,0012-08-16 17:20:00,12,8,16,17,20,760,351,"236, R LOUIS LUMIERE",49.5245,0.12332,Plein jour,En agglomération,Hors intersection,Normale,Deux véhicules - côté,,,,,,,,,,,1,2,1,1.0,3
201200037272,0012-08-17 18:00:00,12,8,17,18,0,760,351,CHEMIN RURAL 29,49.53085,0.07884,Plein jour,En agglomération,Hors intersection,Normale,Deux véhicules - frontale,,,,,,,,,,,1,2,1,1.0,1
201200037273,0012-08-17 17:50:00,12,8,17,17,50,760,351,"95, R DES SPORTS",49.5187,0.12975,Plein jour,En agglomération,Intersection en T,Normale,Deux véhicules - arrière,,,,,,,,,,,1,2,3,1.0,2
201200037274,0012-08-17 18:40:00,12,8,17,18,40,760,351,"114, R CLEMENT MARICAL",49.50297,0.09968,Plein jour,En agglomération,Hors intersection,Normale,Sans collision,,,,,,,,,,,1,2,1,1.0,7
201200037275,0012-08-21 16:30:00,12,8,21,16,30,760,447,RTE DE LA PAYENNIERE,49.54926,0.21242,Plein jour,Hors agglomération,Hors intersection,Normale,Deux véhicules - frontale,,,,,,,,,,,1,1,1,1.0,1
201200037276,0012-08-24 18:10:00,12,8,24,18,10,760,351,"33, R GUSTAVE BRINDEAU",49.48967,0.1425,Plein jour,En agglomération,Intersection en T,Normale,Deux véhicules - côté,,,,,,,,,,,1,2,3,1.0,3
201200037277,0012-08-30 15:35:00,12,8,30,15,35,760,351,"50, R MARCEL PAUL",49.4938,0.14716,Plein jour,En agglomération,Hors intersection,Normale,Deux véhicules - côté,,,,,,,,,,,1,2,1,1.0,3
201200037278,0012-08-31 19:40:00,12,8,31,19,40,760,351,BD CLEMENCEAU,49.4936,0.0958,Plein jour,En agglomération,Intersection en Y,Normale,Sans collision,,,,,,,,,,,1,2,4,1.0,7
201200037279,0012-09-01 16:00:00,12,9,1,16,0,760,351,"431, AV DU BOIS AU COQ",49.51809,0.11734,Plein jour,En agglomération,Hors intersection,Normale,Autre collision,,,,,,,,,,,1,2,1,1.0,6
201200037280,0012-09-01 15:20:00,12,9,1,15,20,760,305,R DE LA LIBERATION,,,Plein jour,Hors agglomération,Hors intersection,Normale,Sans collision,,,,,,,,,,,1,1,1,1.0,7
201200037281,0012-09-03 08:15:00,12,9,3,8,15,760,351,"2, R CASIMIR PERIER",49.49402,0.11166,Plein jour,En agglomération,Hors intersection,Pluie légère,Sans collision,,,,,,,,,,,1,2,1,2.0,7
201200037282,0012-09-07 13:50:00,12,9,7,13,50,760,351,"4,R JEAN LEMARCIS",49.50461,0.13698,Plein jour,En agglomération,Hors intersection,Normale,Sans collision,,,,,,,,,,,1,2,1,1.0,7
201200037283,0012-09-07 17:55:00,12,9,7,17,55,760,351,AV DU SEIZIEME PORT,49.48715,0.18131,Plein jour,Hors agglomération,Hors intersection,Normale,Deux véhicules - arrière,,,,,,,,,,,1,1,1,1.0,2
201200037284,0012-09-08 16:05:00,12,9,8,16,5,760,351,"81, CRS DE LAREPUBLIQUE",49.49569,0.1267,Plein jour,En agglomération,Hors intersection,Normale,Deux véhicules - arrière,,,,,,,,,,,1,2,1,1.0,2
201200037285,0012-09-08 16:40:00,12,9,8,16,40,760,447,"7, R OSCAR COMMETTANT",49.54463,0.19538,Plein jour,En agglomération,Hors intersection,Normale,Autre collision,,,,,,,,,,,1,2,1,1.0,6
201200037286,0012-09-09 20:10:00,12,9,9,20,10,760,351,"17, PL RAYMOND QUENEAU",49.52805,0.11837,Crépuscule ou aube,En agglomération,Hors intersection,Normale,Sans collision,,,,,,,,,,,2,2,1,1.0,7
201200037287,0012-09-12 11:15:00,12,9,12,11,15,760,351,"59, BD AMIRAL MOUCHEZ",49.48515,0.13536,Plein jour,En agglomération,Hors intersection,Normale,Autre collision,,,,,,,,,,,1,2,1,1.0,6
201200037288,0012-09-15 01:45:00,12,9,15,1,45,760,351,"152, R LOUIS LUMIERE",49.52155,0.11698,Nuit avec éclairage allumé,En agglomération,Intersection en X,Normale,Deux véhicules - côté,,,,,,,,,,,5,2,2,1.0,3
201200037289,0012-09-15 18:45:00,12,9,15,18,45,760,351,BD DE  GRAVILLE,49.48313,0.15249,Plein jour,En agglomération,Intersection en T,Normale,Deux véhicules - côté,,,,,,,,,,,1,2,3,1.0,3
201200037290,0012-09-18 14:55:00,12,9,18,14,55,760,351,"21, R JULES LECESNE",49.49391,0.11175,Plein jour,En agglomération,Intersection en X,Normale,Deux véhicules - côté,,,,,,,,,,,1,2,2,1.0,3
201200037291,0012-09-19 17:45:00,12,9,19,17,45,760,351,37R  LIEUTENANT CLERIVET,49.50704,0.175,Plein jour,En agglomération,Intersection à plus de 4 branches,Normale,Deux véhicules - côté,,,,,,,,,,,1,2,5,1.0,3
201200037292,0012-09-20 19:40:00,12,9,20,19,40,760,351,"66, R DE VERDUN",49.50141,0.15002,Nuit avec éclairage allumé,En agglomération,Intersection en X,Normale,Deux véhicules - côté,,,,,,,,,,,5,2,2,1.0,3
201200037293,0012-09-23 18:40:00,12,9,23,18,40,760,351,PL JENNER,49.50864,0.13727,Plein jour,En agglomération,Place,Normale,Sans collision,,,,,,,,,,,1,2,7,1.0,7
201200037294,0012-09-27 07:50:00,12,9,27,7,50,760,351,AV PABLO PICASSO,49.50435,0.16493,Plein jour,En agglomération,Hors intersection,Pluie légère,Autre collision,,,,,,,,,,,1,2,1,2.0,6
201200037295,0012-09-28 10:25:00,12,9,28,10,25,760,447,ROND POINT JEAN MONNET,49.53482,0.17854,Plein jour,Hors agglomération,Giratoire,Normale,Deux véhicules - arrière,,,,,,,,,,,1,1,6,1.0,2
201200037296,0012-09-29 17:30:00,12,9,29,17,30,760,351,"3, R JULES VERNE",49.50739,0.12843,Plein jour,En agglomération,Hors intersection,Normale,Deux véhicules - arrière,,,,,,,,,,,1,2,1,1.0,2
201200037297,0012-10-08 16:15:00,12,10,8,16,15,760,351,R DE LA SOUS BRETONNE,49.51154,0.08999,Plein jour,En agglomération,Hors intersection,Normale,Autre collision,,,,,,,,,,,1,2,1,1.0,6
201200037298,0012-10-09 18:50:00,12,10,9,18,50,760,351,"345, R ARISTIDE BRIAND",49.50066,0.14098,Plein jour,En agglomération,Hors intersection,Pluie forte,Autre collision,,,,,,,,,,,1,2,1,3.0,6
201200037299,0012-10-11 08:05:00,12,10,11,8,5,760,447,R DU FAUBOURG ASSIQUET,49.54688,0.19575,Plein jour,En agglomération,Intersection en X,Pluie légère,Deux véhicules - côté,,,,,,,,,,,1,2,2,2.0,3
201200037300,0012-10-11 08:25:00,12,10,11,8,25,760,351,"123, R RENE CANCE",49.50365,0.14707,Crépuscule ou aube,En agglomération,Hors intersection,Pluie forte,Sans collision,,,,,,,,,,,2,2,1,3.0,7
201200037301,0012-10-12 00:01:00,12,10,12,0,1,760,351,"114, R EUGENE MOPIN",49.52089,0.15999,Nuit avec éclairage allumé,En agglomération,Intersection en X,Pluie légère,Deux véhicules - arrière,,,,,,,,,,,5,2,2,2.0,2
201200037302,0012-10-12 15:15:00,12,10,12,15,15,760,351,"27, R COCHET",49.50173,0.09596,Plein jour,En agglomération,Hors intersection,Normale,Autre collision,,,,,,,,,,,1,2,1,1.0,6
201200037303,0012-10-14 00:20:00,12,10,14,0,20,760,351,"115, R FLANDRES DUNKERQU",49.51248,0.17183,Nuit avec éclairage allumé,En agglomération,Intersection en Y,Pluie légère,Deux véhicules - côté,,,,,,,,,,,5,2,4,2.0,3
201200037304,0012-10-15 22:10:00,12,10,15,22,10,760,351,TUNNEL JENNER,49.50549,0.13389,Nuit avec éclairage allumé,En agglomération,Hors intersection,Normale,Sans collision,,,,,,,,,,,5,2,1,1.0,7
201200037305,0012-10-16 06:10:00,12,10,16,6,10,760,447,,,,Nuit sans éclairage public,Hors agglomération,Intersection en Y,Pluie légère,Autre collision,,,,,,,,,,,3,1,4,2.0,6
201200037306,0012-10-17 03:40:00,12,10,17,3,40,760,351,"31, BD JULES DURAND",49.48897,0.15266,Nuit avec éclairage allumé,En agglomération,Hors intersection,Normale,Sans collision,,,,,,,,,,,5,2,1,1.0,7
201200037307,0012-10-19 09:45:00,12,10,19,9,45,760,351,"28, AV RENE COTY",49.49639,0.11011,Plein jour,En agglomération,Intersection à plus de 4 branches,Normale,Autre collision,,,,,,,,,,,1,2,5,1.0,6
201200037308,0012-10-22 19:40:00,12,10,22,19,40,760,351,"27, R DE SEINE MARITIME",49.50687,0.17367,Nuit avec éclairage allumé,En agglomération,Intersection en X,Normale,Deux véhicules - côté,,,,,,,,,,,5,2,2,1.0,3
201200037309,0012-10-24 13:10:00,12,10,24,13,10,760,351,"215, R STENDHAL",49.52025,0.08477,Plein jour,En agglomération,Hors intersection,Normale,Deux véhicules - arrière,,,,,,,,,,,1,2,1,1.0,2
201200037310,0012-10-25 08:00:00,12,10,25,8,0,760,305,AV CHARLES DE GAULLE,49.50101,0.2018,Plein jour,En agglomération,Intersection en X,Normale,Sans collision,,,,,,,,,,,1,2,2,1.0,7
201200037311,0012-10-26 16:05:00,12,10,26,16,5,760,296,"207, AV DE LA LIBERATIO",49.51877,0.27135,Plein jour,En agglomération,Intersection en T,Normale,Deux véhicules - arrière,,,,,,,,,,,1,2,3,1.0,2
201200037312,0012-10-25 22:00:00,12,10,25,22,0,760,351,"22, R DE ROUELLES",49.51105,0.16461,Nuit avec éclairage allumé,En agglomération,Hors intersection,Pluie forte,Sans collision,,,,,,,,,,,5,2,1,3.0,7
201200037313,0012-10-27 15:30:00,12,10,27,15,30,760,351,"135, R PABLO NERUDA",49.50446,0.1485,Plein jour,En agglomération,Intersection en X,Normale,Autre collision,,,,,,,,,,,1,2,2,1.0,6
201200037314,0012-10-27 23:40:00,12,10,27,23,40,760,305,"16, AV JACQUES EBERHARD",49.50721,0.23218,Nuit avec éclairage allumé,En agglomération,Hors intersection,Pluie légère,Autre collision,,,,,,,,,,,5,2,1,2.0,6