accident_id,datetime,annee,mois,jour,heure,minute,departement,commune_insee,adresse,latitude,longitude,luminosite,agglomeration,intersection,meteo,collision,nb_vehicules,nb_usagers,nb_indemnes,nb_tues,nb_blesses_hosp,nb_blesses_legers,age_cond_1,age_cond_2,veh_type_cond_1,veh_type_cond_2,lum_code,agg_code,int_code,atm_code,col_code
201200037315,0012-10-28 19:55:00,12,10,28,19,55,760,351,R PABLO PICASSO,49.5046,0.16849,Nuit avec éclairage allumé,En agglomération,Intersection en X,Pluie légère,Deux véhicules - arrière,,,,,,,,,,,5,2,2,2.0,2
201200037316,0012-10-29 12:00:00,12,10,29,12,0,760,351,,49.50177,0.18928,Plein jour,Hors agglomération,Hors intersection,Normale,Autre collision,,,,,,,,,,,1,1,1,1.0,6
201200037317,0012-11-01 04:15:00,12,11,1,4,15,760,351,"86, R TROIS CENT VINGT N",49.50353,0.12466,Nuit avec éclairage allumé,En agglomération,Hors intersection,Pluie légère,Sans collision,,,,,,,,,,,5,2,1,2.0,7
201200037318,0012-11-02 14:45:00,12,11,2,14,45,760,351,R ANDREI SAKHAROV,49.50488,0.17399,Plein jour,En agglomération,Intersection en T,Normale,Deux véhicules - côté,,,,,,,,,,,1,2,3,1.0,3
201200037319,0012-11-03 07:00:00,12,11,3,7,0,760,351,BD DE GRAVILLE,49.49655,0.14689,Nuit avec éclairage allumé,En agglomération,Hors intersection,Pluie légère,Deux véhicules - frontale,,,,,,,,,,,5,2,1,2.0,1
201200037320,0012-11-03 15:30:00,12,11,3,15,30,760,351,PARC DE ROUELLES,49.51961,0.14058,Plein jour,Hors agglomération,Hors intersection,Normale,Autre collision,,,,,,,,,,,1,1,1,1.0,6
201200037321,0012-11-06 15:50:00,12,11,6,15,50,760,351,"37, R DU CHILLOU",49.49195,0.11024,Plein jour,En agglomération,Hors intersection,Normale,Autre collision,,,,,,,,,,,1,2,1,1.0,6
201200037322,0012-11-06 17:10:00,12,11,6,17,10,760,351,"359, R FELIX FAURE",49.50209,0.11708,Crépuscule ou aube,En agglomération,Intersection en T,Normale,Deux véhicules - côté,,,,,,,,,,,2,2,3,1.0,3
201200037323,0012-11-06 19:05:00,12,11,6,19,5,760,351,R DES LONDES,49.51044,0.16957,Nuit avec éclairage allumé,En agglomération,Intersection en X,Normale,Deux véhicules - côté,,,,,,,,,,,5,2,2,1.0,3
201200037324,0012-11-09 18:35:00,12,11,9,18,35,760,351,"70, CRS DE LA REPUBLIQUE",49.49586,0.12682,Nuit avec éclairage allumé,En agglomération,Intersection en X,Normale,Deux véhicules - côté,,,,,,,,,,,5,2,2,1.0,3
201200037325,0012-11-11 14:15:00,12,11,11,14,15,760,351,"63, R ANDREI SAKHAROV",49.50483,0.17212,Plein jour,En agglomération,Hors intersection,Pluie légère,Autre collision,,,,,,,,,,,1,2,1,2.0,6
201200037326,0012-11-12 20:00:00,12,11,12,20,0,760,351,"11, R LEMONNIER",49.50701,0.11818,Nuit avec éclairage allumé,En agglomération,Intersection en X,Normale,Deux véhicules - côté,,,,,,,,,,,5,2,2,1.0,3
201200037327,0012-11-13 09:00:00,12,11,13,9,0,760,351,R ALBERT SAMAIN,49.51673,0.09289,Plein jour,En agglomération,Intersection en X,Normale,Autre collision,,,,,,,,,,,1,2,2,1.0,6
201200037328,0012-11-18 16:45:00,12,11,18,16,45,760,351,QU GEORGES V,49.49074,0.11644,Plein jour,En agglomération,Intersection en X,Normale,Autre collision,,,,,,,,,,,1,2,2,1.0,6
201200037329,0012-11-21 22:15:00,12,11,21,22,15,760,351,R MARCEL CACHIN,49.50752,0.18118,Nuit avec éclairage allumé,En agglomération,Intersection en T,Normale,Deux véhicules - côté,,,,,,,,,,,5,2,3,1.0,3
201200037330,0012-11-22 18:05:00,12,11,22,18,5,760,351,"82, R DU DOCTEUR VIGNE",49.49722,0.11178,Nuit avec éclairage allumé,En agglomération,Intersection en X,Normale,Autre collision,,,,,,,,,,,5,2,2,1.0,6
201200037331,0012-11-23 15:20:00,12,11,23,15,20,760,305,RTE  INDUSTRIELLE,49.48761,0.20899,Plein jour,Hors agglomération,Hors intersection,Pluie légère,Sans collision,,,,,,,,,,,1,1,1,2.0,7
201200037332,0012-11-24 23:10:00,12,11,24,23,10,760,351,"25, R DUME D APLEMONT",49.49756,0.12656,Nuit avec éclairage allumé,En agglomération,Intersection en X,Normale,Deux véhicules - côté,,,,,,,,,,,5,2,2,1.0,3
201200037333,0012-11-25 20:25:00,12,11,25,20,25,760,351,"48, R VICTOR HUGO",49.49183,0.10356,Nuit avec éclairage allumé,En agglomération,Intersection en X,Normale,Deux véhicules - côté,,,,,,,,,,,5,2,2,1.0,3
201200037334,0012-11-28 18:15:00,12,11,28,18,15,760,351,"428, BD JULES DURAND",49.49601,0.17955,Nuit avec éclairage allumé,En agglomération,Hors intersection,Pluie légère,Deux véhicules - côté,,,,,,,,,,,5,2,1,2.0,3
201200037335,0012-11-29 19:15:00,12,11,29,19,15,760,351,"307, R IRENE JOLIOT CUR",49.51959,0.10553,Nuit avec éclairage allumé,En agglomération,Intersection en X,Normale,Deux véhicules - côté,,,,,,,,,,,5,2,2,1.0,3
201200037336,0012-11-29 19:00:00,12,11,29,19,0,760,351,"20, R PIERRE DEGEORGES",49.51655,0.12864,Nuit avec éclairage allumé,En agglomération,Intersection en Y,Normale,Deux véhicules - frontale,,,,,,,,,,,5,2,4,1.0,1
201200037337,0012-11-30 15:55:00,12,11,30,15,55,760,351,"14, R MAXIMILLIEN DE ROB",49.51431,0.17013,Plein jour,En agglomération,Hors intersection,Normale,Autre collision,,,,,,,,,,,1,2,1,1.0,6
201200037338,0012-12-02 18:50:00,12,12,2,18,50,760,351,R BERTHELOT,49.49764,0.13615,Nuit avec éclairage allumé,En agglomération,Intersection en X,Normale,Trois véhicules et plus - en chaîne,,,,,,,,,,,5,2,2,1.0,4
201200037339,0012-12-04 19:10:00,12,12,4,19,10,760,552,"19, R REINE ELISABETH",49.50498,0.08626,Nuit avec éclairage allumé,En agglomération,Intersection en T,Pluie légère,Autre collision,,,,,,,,,,,5,2,3,2.0,6
201200037340,0012-12-07 10:45:00,12,12,7,10,45,760,351,"23, R LOUIS BRINDEAU",49.49124,0.10181,Plein jour,En agglomération,Intersection en X,Normale,Deux véhicules - côté,,,,,,,,,,,1,2,2,1.0,3
201200037341,0012-12-08 04:30:00,12,12,8,4,30,760,296,R DE LA LIBERATION,49.51874,0.2704,Nuit avec éclairage allumé,Hors agglomération,Hors intersection,Normale,Deux véhicules - côté,,,,,,,,,,,5,1,1,1.0,3
201200037342,0012-12-08 17:55:00,12,12,8,17,55,760,447,CENTRE COMM GRAND HAVRE,49.52612,0.18903,Nuit avec éclairage allumé,Hors agglomération,Hors intersection,Normale,Autre collision,,,,,,,,,,,5,1,1,1.0,6
201200037343,0012-12-09 17:50:00,12,12,9,17,50,760,351,R LUDOVIC HALEVY,49.50855,0.15469,Nuit avec éclairage allumé,En agglomération,Intersection en X,Pluie forte,Deux véhicules - côté,,,,,,,,,,,5,2,2,3.0,3
201200037344,0012-12-11 11:40:00,12,12,11,11,40,760,351,"4, R PIERRE FARCIS",49.5175,0.09668,Plein jour,En agglomération,Hors intersection,Normale,Autre collision,,,,,,,,,,,1,2,1,1.0,6
201200037345,0012-12-12 07:55:00,12,12,12,7,55,760,351,R BORIS VIAN,49.51384,0.16144,Nuit avec éclairage allumé,Hors agglomération,Hors intersection,Neige / grêle,Sans collision,,,,,,,,,,,5,1,1,4.0,7
201200037346,0012-12-13 11:30:00,12,12,13,11,30,760,351,"n?ant, MICHEL DELAROCHE",49.50205,0.10346,Plein jour,En agglomération,Intersection en X,Neige / grêle,Sans collision,,,,,,,,,,,1,2,2,4.0,7
201200037347,0012-12-17 06:20:00,12,12,17,6,20,760,351,"125, BD CLEMENCEAU",49.4867,0.09895,Nuit avec éclairage allumé,En agglomération,Hors intersection,Normale,Autre collision,,,,,,,,,,,5,2,1,1.0,6
201200037348,0012-12-17 08:20:00,12,12,17,8,20,760,351,"17, R PASTEUR",49.50307,0.13066,Plein jour,En agglomération,Hors intersection,Normale,Sans collision,,,,,,,,,,,1,2,1,1.0,7
201200037349,0012-12-17 11:20:00,12,12,17,11,20,760,305,"50, RTE D OUDALLE",49.50279,0.21082,Plein jour,En agglomération,Hors intersection,Normale,Deux véhicules - arrière,,,,,,,,,,,1,2,1,1.0,2
201200037350,0012-12-19 08:10:00,12,12,19,8,10,760,351,"70,AV  GENERAL DE GAULLE",49.52228,0.15724,Crépuscule ou aube,En agglomération,Intersection en T,Normale,Deux véhicules - côté,,,,,,,,,,,2,2,3,1.0,3
201200037351,0012-12-19 22:45:00,12,12,19,22,45,760,351,"16, R DE LA HETRAIE",49.51871,0.12748,Nuit avec éclairage allumé,En agglomération,Intersection en T,Pluie légère,Deux véhicules - côté,,,,,,,,,,,5,2,3,2.0,3
201200037352,0012-12-20 14:00:00,12,12,20,14,0,760,351,"4, R D INGOUVILLE",49.49685,0.11027,Plein jour,En agglomération,Intersection à plus de 4 branches,Pluie légère,Autre collision,,,,,,,,,,,1,2,5,2.0,6
201200037353,0012-12-20 17:35:00,12,12,20,17,35,760,447,AV  DE NORDHORN,49.54781,0.18554,Nuit avec éclairage allumé,En agglomération,Intersection en T,Pluie légère,Autre collision,,,,,,,,,,,5,2,3,2.0,6
201200037354,0012-12-21 04:50:00,12,12,21,4,50,760,351,"57, R DE CRONSTADT",49.50469,0.11616,Nuit avec éclairage allumé,En agglomération,Hors intersection,Normale,Autre collision,,,,,,,,,,,5,2,1,1.0,6
201200037355,0012-12-23 22:50:00,12,12,23,22,50,760,351,"128, R SALVADOR ALLENDE",49.50449,0.13813,Nuit avec éclairage allumé,En agglomération,Hors intersection,Normale,Autre collision,,,,,,,,,,,5,2,1,1.0,6
201200037356,0012-12-24 09:00:00,12,12,24,9,0,760,351,"16, R DE LA VALLEE",49.49288,0.14952,Plein jour,En agglomération,Hors intersection,Normale,Sans collision,,,,,,,,,,,1,2,1,1.0,7
201200037357,0012-12-24 19:15:00,12,12,24,19,15,760,351,"132, R DE VERDUN",49.5019,0.15588,Nuit avec éclairage allumé,En agglomération,Hors intersection,Pluie forte,Autre collision,,,,,,,,,,,5,2,1,3.0,6
201200037358,0012-12-27 14:00:00,12,12,27,14,0,760,351,RTE DE L ESTUAIRE,49.46882,0.18055,Plein jour,Hors agglomération,Hors intersection,Pluie forte,Deux véhicules - côté,,,,,,,,,,,1,1,1,3.0,3
201200037359,0012-12-28 19:15:00,12,12,28,19,15,760,351,"31, R SERY",49.49173,0.10183,Nuit avec éclairage allumé,En agglomération,Hors intersection,Normale,Sans collision,,,,,,,,,,,5,2,1,1.0,7
201200037360,0012-12-29 02:30:00,12,12,29,2,30,760,351,"334, R FELIX FAURE",49.50172,0.11445,Nuit avec éclairage allumé,En agglomération,Hors intersection,Normale,Sans collision,,,,,,,,,,,5,2,1,1.0,7
201200037361,0012-12-30 14:20:00,12,12,30,14,20,760,305,RTE DE GOURNAY,49.51362,0.22705,Plein jour,Hors agglomération,Hors intersection,Normale,Sans collision,,,,,,,,,,,1,1,1,1.0,7
201200037362,0012-12-30 20:45:00,12,12,30,20,45,760,351,"219, R DE VERDUN",49.50242,0.16459,Nuit avec éclairage allumé,En agglomération,Hors intersection,Normale,Deux véhicules - côté,,,,,,,,,,,5,2,1,1.0,3
201200037363,0012-12-22 00:55:00,12,12,22,0,55,760,540,"16, BD DES BELGES",49.4414,1.08306,Nuit avec éclairage allumé,En agglomération,Hors intersection,Normale,Sans collision,,,,,,,,,,,5,2,1,1.0,7
201200037364,0012-12-24 20:55:00,12,12,24,20,55,760,540,BD DE L EUROPE,49.4342,1.07704,Nuit avec éclairage allumé,En agglomération,Hors intersection,Normale,Sans collision,,,,,,,,,,,5,2,1,1.0,7
201200037365,0012-12-22 18:00:00,12,12,22,18,0,760,540,"15, R DU MOULINET",49.44627,1.09275,Nuit avec éclairage allumé,En agglomération,Hors intersection,Pluie forte,Autre collision,,,,,,,,,,,5,2,1,3.0,6
201200037366,0012-01-01 05:15:00,12,1,1,5,15,760,322,AV DES PROVINCES,49.41147,1.05293,Nuit avec éclairage allumé,En agglomération,Intersection en X,Pluie légère,Deux véhicules - côté,,,,,,,,,,,5,2,2,2.0,3
201200037367,0012-01-04 18:40:00,12,1,4,18,40,760,451,"35, BOUTROLLE D'ESTAIMBU",49.46183,1.0714,Nuit avec éclairage allumé,En agglomération,Hors intersection,Pluie légère,Trois véhicules et plus - en chaîne,,,,,,,,,,,5,2,1,2.0,4
201200037368,0012-01-06 09:10:00,12,1,6,9,10,760,366,R DU GENERAL DE GAULLE,49.50682,1.03998,Plein jour,En agglomération,Hors intersection,Normale,Trois véhicules et plus - en chaîne,,,,,,,,,,,1,2,1,1.0,4
201200037369,0012-01-10 18:20:00,12,1,10,18,20,760,681,"8, CHE DE LA MI VOIE",49.40302,1.11234,Nuit avec éclairage allumé,En agglomération,Hors intersection,Normale,Trois véhicules et plus - collisions multiples,,,,,,,,,,,5,2,1,1.0,5
201200037370,0012-01-06 12:05:00,12,1,6,12,5,760,5,109 R FRANCOIS MITTERAND,49.40291,1.12442,Plein jour,En agglomération,Hors intersection,Normale,Deux véhicules - arrière,,,,,,,,,,,1,2,1,1.0,2
201200037371,0012-11-29 09:50:00,12,11,29,9,50,760,498,RN 338,,,Plein jour,En agglomération,Hors intersection,Pluie forte,Deux véhicules - arrière,,,,,,,,,,,1,2,1,3.0,2
201200037372,0012-12-27 21:20:00,12,12,27,21,20,760,410,RTE DE DIEPPE,49.48086,1.04784,Nuit avec éclairage allumé,En agglomération,Intersection en X,Autre,Autre collision,,,,,,,,,,,5,2,2,9.0,6
201200037373,0012-12-29 21:30:00,12,12,29,21,30,760,484,"677, AV DU GENERAL DE GA",49.34251,1.08949,Nuit avec éclairage allumé,En agglomération,Hors intersection,Pluie légère,Sans collision,,,,,,,,,,,5,2,1,2.0,7
201200037374,0012-01-11 15:10:00,12,1,11,15,10,760,681,"37, AV JEAN JAURES",49.41335,1.08919,Plein jour,En agglomération,Intersection en T,Normale,Deux véhicules - côté,,,,,,,,,,,1,2,3,1.0,3
201200037375,0012-01-07 07:40:00,12,1,7,7,40,760,540,PARKING DE LA GARE,49.44864,1.09455,Plein jour,En agglomération,Hors intersection,Pluie légère,Sans collision,,,,,,,,,,,1,2,1,2.0,7
201200037376,0012-01-11 16:50:00,12,1,11,16,50,760,95,"1, R DE VERDUN",49.45755,1.11923,Plein jour,En agglomération,Hors intersection,Normale,Deux véhicules - frontale,,,,,,,,,,,1,2,1,1.0,1
201200037377,0012-01-14 14:50:00,12,1,14,14,50,760,402,"284, RTE DE DIEPPE",49.52421,1.0416,Plein jour,En agglomération,Hors intersection,Normale,Deux véhicules - côté,,,,,,,,,,,1,2,1,1.0,3
201200037378,0012-01-13 16:20:00,12,1,13,16,20,760,322,RN 338 (VOIE RAPIDE SUD,49.40622,1.03601,Plein jour,Hors agglomération,Hors intersection,Normale,Trois véhicules et plus - en chaîne,,,,,,,,,,,1,1,1,1.0,4
201200037379,0012-01-18 17:45:00,12,1,18,17,45,760,540,"21, R MUSTEL",49.44946,1.07317,Nuit avec éclairage allumé,En agglomération,Intersection en T,Pluie légère,Autre collision,,,,,,,,,,,5,2,3,2.0,6
201200037380,0012-01-19 17:50:00,12,1,19,17,50,760,322,"1233, BD MAURICE RAVEL",49.40991,1.04718,Nuit avec éclairage allumé,En agglomération,Hors intersection,Normale,Autre collision,,,,,,,,,,,5,2,1,1.0,6
201200037381,0012-01-20 17:35:00,12,1,20,17,35,760,540,"6, PL DU DOCTEUR ALBERT",49.44618,1.095,Nuit avec éclairage allumé,En agglomération,Intersection en X,Normale,Autre collision,,,,,,,,,,,5,2,2,1.0,6
201200037382,0012-01-20 08:00:00,12,1,20,8,0,760,451,"11, R DU TRONQUET",49.46898,1.07645,Crépuscule ou aube,En agglomération,Hors intersection,Normale,Autre collision,,,,,,,,,,,2,2,1,1.0,6
201200037383,0012-01-20 19:10:00,12,1,20,19,10,760,540,"1, R DU DONJON",49.44608,1.09492,Nuit avec éclairage allumé,En agglomération,Intersection en X,Pluie légère,Autre collision,,,,,,,,,,,5,2,2,2.0,6
201200037384,0012-01-24 00:05:00,12,1,24,0,5,760,157,"24, R VICTOR HUGO",49.44683,1.03725,Nuit sans éclairage public,En agglomération,Hors intersection,Pluie légère,Autre collision,,,,,,,,,,,3,2,1,2.0,6
201200037385,0012-01-05 08:15:00,12,1,5,8,15,760,366,R DE LA REPUBLIQUE,49.50889,1.03634,Nuit avec éclairage allumé,En agglomération,Hors intersection,Pluie légère,Autre collision,,,,,,,,,,,5,2,1,2.0,6
201200037386,0012-01-24 14:30:00,12,1,24,14,30,760,540,RN 28,49.4575,1.14392,Plein jour,Hors agglomération,Hors intersection,Pluie forte,Deux véhicules - arrière,,,,,,,,,,,1,1,1,3.0,2
201200037387,0012-01-24 17:30:00,12,1,24,17,30,760,540,BD DE L EUROPE,49.42808,1.08114,Crépuscule ou aube,En agglomération,Hors intersection,Normale,Autre collision,,,,,,,,,,,2,2,1,1.0,6
201200037388,0012-01-25 13:20:00,12,1,25,13,20,760,484,AV DU GENERAL DE GAULLE,49.34691,1.09416,Plein jour,En agglomération,Intersection en T,Normale,Deux véhicules - côté,,,,,,,,,,,1,2,3,1.0,3
201200037389,0012-01-25 00:05:00,12,1,25,0,5,760,540,RN 28,49.46005,1.14279,Nuit avec éclairage non allumé,Hors agglomération,Hors intersection,Pluie légère,Sans collision,,,,,,,,,,,4,1,1,2.0,7
201200037390,0012-01-27 17:25:00,12,1,27,17,25,760,540,voie portuaire,49.44967,1.05299,Crépuscule ou aube,En agglomération,Hors intersection,Pluie légère,Deux véhicules - frontale,,,,,,,,,,,2,2,1,2.0,1
201200037391,0012-01-28 07:35:00,12,1,28,7,35,760,540,"56, RTE DE DARNETAL",49.44045,1.12752,Nuit avec éclairage allumé,En agglomération,Intersection en T,Autre,Deux véhicules - côté,,,,,,,,,,,5,2,3,9.0,3
201200037392,0012-01-29 13:55:00,12,1,29,13,55,760,497,AV DES CANADIENS,49.38901,1.05645,Plein jour,En agglomération,Giratoire,Normale,Deux véhicules - côté,,,,,,,,,,,1,2,6,1.0,3
201200037393,0012-02-02 17:25:00,12,2,2,17,25,760,681,R D EAUPLET,49.42092,1.1048,Plein jour,Hors agglomération,Intersection en T,Normale,Deux véhicules - frontale,,,,,,,,,,,1,1,3,1.0,1
201200037394,0012-02-03 03:20:00,12,2,3,3,20,760,451,"5, R AUGUSTE BORGNET",49.45448,1.08806,Nuit avec éclairage allumé,En agglomération,Hors intersection,Normale,Sans collision,,,,,,,,,,,5,2,1,1.0,7
201200037395,0012-02-02 09:30:00,12,2,2,9,30,760,157,COTE GUY DE MAUPASSANT,49.4501,1.0353,Plein jour,En agglomération,Intersection en T,Normale,Autre collision,,,,,,,,,,,1,2,3,1.0,6
201200037396,0012-02-03 10:20:00,12,2,3,10,20,760,451,"18, GRANDE RUE",49.46682,1.08541,Plein jour,En agglomération,Hors intersection,Normale,Autre collision,,,,,,,,,,,1,2,1,1.0,6
201200037397,0012-02-01 15:00:00,12,2,1,15,0,760,540,"27, BD DE L YSER",49.44628,1.10644,Plein jour,En agglomération,Hors intersection,Normale,Deux véhicules - arrière,,,,,,,,,,,1,2,1,1.0,2
201200037398,0012-02-14 17:30:00,12,2,14,17,30,760,540,AV OLIVIER DE SERRES,49.44904,1.1195,Plein jour,En agglomération,Hors intersection,Normale,Deux véhicules - frontale,,,,,,,,,,,1,2,1,1.0,1
201200037399,0012-02-19 06:20:00,12,2,19,6,20,760,540,R DE LA MOTTE,49.43483,1.07409,Nuit avec éclairage allumé,En agglomération,Hors intersection,Pluie légère,Deux véhicules - côté,,,,,,,,,,,5,2,1,2.0,3
201200037400,0012-02-18 17:40:00,12,2,18,17,40,760,484,RTE DES ROCHES,49.33539,1.07549,Plein jour,Hors agglomération,Intersection en T,Normale,Deux véhicules - côté,,,,,,,,,,,1,1,3,1.0,3
201200037401,0012-02-21 17:50:00,12,2,21,17,50,760,216,"9, AV DU GENERAL LECLERC",49.45751,1.05582,Plein jour,En agglomération,Hors intersection,Normale,Deux véhicules - arrière,,,,,,,,,,,1,2,1,1.0,2
201200037402,0012-02-22 19:30:00,12,2,22,19,30,760,457,D 438,49.34034,0.94311,Nuit avec éclairage allumé,Hors agglomération,Intersection en X,Normale,Deux véhicules - côté,,,,,,,,,,,5,1,2,1.0,3
201200037403,0012-02-22 21:45:00,12,2,22,21,45,760,681,"202, R GARIBALDI",49.41749,1.09133,Nuit avec éclairage allumé,En agglomération,Hors intersection,Normale,Deux véhicules - côté,,,,,,,,,,,5,2,1,1.0,3
201200037404,0012-02-05 01:15:00,12,2,5,1,15,760,540,ROND POINT GRIEU,49.43973,1.13139,Nuit avec éclairage allumé,En agglomération,Giratoire,Normale,Sans collision,,,,,,,,,,,5,2,6,1.0,7
201200037405,0012-02-23 08:00:00,12,2,23,8,0,760,540,R BARBEY D'AUREVILLY,49.43537,1.08101,Plein jour,En agglomération,Hors intersection,Pluie légère,Autre collision,,,,,,,,,,,1,2,1,2.0,6
201200037406,0012-02-27 09:25:00,12,2,27,9,25,760,575,"44, R EMILE KAHN",49.39765,1.08645,Plein jour,Hors agglomération,Intersection en X,Temps couvert,Deux véhicules - arrière,,,,,,,,,,,1,1,2,8.0,2
201200037407,0012-02-29 02:15:00,12,2,29,2,15,760,498,"67, AV DES CANADIENS",49.41287,1.07326,Nuit avec éclairage allumé,En agglomération,Hors intersection,Pluie légère,Sans collision,,,,,,,,,,,5,2,1,2.0,7
201200037408,0012-02-27 03:10:00,12,2,27,3,10,760,540,PONT GUILLAUME LE CONQUE,49.44068,1.08151,Nuit avec éclairage allumé,En agglomération,Hors intersection,Normale,Sans collision,,,,,,,,,,,5,2,1,1.0,7
201200037409,0012-03-03 17:20:00,12,3,3,17,20,760,429,RTE DE DARNETAL,49.42157,1.15035,Plein jour,Hors agglomération,Hors intersection,Pluie forte,Deux véhicules - côté,,,,,,,,,,,1,1,1,3.0,3
201200037410,0012-03-06 08:00:00,12,3,6,8,0,760,681,BD INDUSTRIEL,49.4231,1.10626,Plein jour,En agglomération,Intersection en T,Pluie forte,Trois véhicules et plus - en chaîne,,,,,,,,,,,1,2,3,3.0,4
201200037411,0012-03-04 12:40:00,12,3,4,12,40,760,498,"78, BD DU 11 NOVEMBRE",49.41814,1.06965,Plein jour,En agglomération,Intersection en X,Pluie forte,Deux véhicules - côté,,,,,,,,,,,1,2,2,3.0,3
201200037412,0012-03-06 21:05:00,12,3,6,21,5,760,498,AV DE LA LIBERATION,49.42392,1.06716,Nuit avec éclairage allumé,En agglomération,Intersection en X,Normale,Deux véhicules - côté,,,,,,,,,,,5,2,2,1.0,3
201200037413,0012-03-05 12:15:00,12,3,5,12,15,760,599,RD 138,49.42844,1.15704,Plein jour,Hors agglomération,Hors intersection,Normale,Sans collision,,,,,,,,,,,1,1,1,1.0,7
201200037414,0012-03-15 16:00:00,12,3,15,16,0,760,540,"2, R JEANNE D'ARC",49.43977,1.08929,Plein jour,En agglomération,Hors intersection,Normale,Sans collision,,,,,,,,,,,1,2,1,1.0,7
201200037415,0012-03-16 19:40:00,12,3,16,19,40,760,322,VOIE RAPIDE SUD 3,49.40218,1.03308,Nuit avec éclairage allumé,Hors agglomération,Hors intersection,Normale,Deux véhicules - côté,,,,,,,,,,,5,1,1,1.0,3
201200037416,0012-03-19 18:25:00,12,3,19,18,25,760,540,"41, BD DES BELGES",,,Plein jour,En agglomération,Hors intersection,Normale,Deux véhicules - côté,,,,,,,,,,,1,2,1,1.0,3
201200037417,0012-03-21 17:35:00,12,3,21,17,35,760,95,RTE DE NEUFCHATEL,49.46554,1.13494,Plein jour,En agglomération,Hors intersection,Normale,Trois véhicules et plus - en chaîne,,,,,,,,,,,1,2,1,1.0,4
201200037418,0012-03-20 17:50:00,12,3,20,17,50,760,681,"92, R DE TRIANON",49.41552,1.08278,Plein jour,En agglomération,Intersection en T,Normale,Deux véhicules - côté,,,,,,,,,,,1,2,3,1.0,3
201200037419,0012-03-24 19:05:00,12,3,24,19,5,760,484,RTE DES ESSARTS,49.343,1.07303,Crépuscule ou aube,Hors agglomération,Hors intersection,Normale,Autre collision,,,,,,,,,,,2,1,1,1.0,6
201200037420,0012-03-27 08:50:00,12,3,27,8,50,760,157,"2, R DE LA VALETTE",49.4615,1.04243,Plein jour,En agglomération,Intersection en T,Normale,Deux véhicules - côté,,,,,,,,,,,1,2,3,1.0,3
201200037421,0012-03-28 08:00:00,12,3,28,8,0,760,322,BD JULES DUMONT D'URVILL,49.40088,1.04187,Plein jour,En agglomération,Hors intersection,Normale,Autre collision,,,,,,,,,,,1,2,1,1.0,6
201200037422,0012-03-29 08:50:00,12,3,29,8,50,760,103,"9, RTE DE PARIS",49.41848,1.13055,Plein jour,En agglomération,Hors intersection,Normale,Deux véhicules - arrière,,,,,,,,,,,1,2,1,1.0,2
201200037423,0012-03-31 13:20:00,12,3,31,13,20,760,366,"209, R ARISTIDEBRIAND",49.50963,1.03343,Plein jour,En agglomération,Intersection en X,Normale,Sans collision,,,,,,,,,,,1,2,2,1.0,7
201200037424,0012-03-27 16:15:00,12,3,27,16,15,760,484,"9,R SADI CARNOT",49.34017,1.09344,Plein jour,En agglomération,Hors intersection,Normale,Autre collision,,,,,,,,,,,1,2,1,1.0,6
201200037425,0012-03-31 08:00:00,12,3,31,8,0,760,108,RTE DE DARNETAL,49.46677,1.13243,Plein jour,En agglomération,Hors intersection,Normale,Sans collision,,,,,,,,,,,1,2,1,1.0,7
201200037426,0012-03-31 03:55:00,12,3,31,3,55,760,497,"1362, R ARISTIDE BRIAND",49.38693,1.02226,Nuit avec éclairage allumé,En agglomération,Intersection en T,Normale,Deux véhicules - côté,,,,,,,,,,,5,2,3,1.0,3
201200037427,0012-03-30 16:50:00,12,3,30,16,50,760,540,"119, AV DES MARTYRS DE L",49.42122,1.07935,Plein jour,En agglomération,Hors intersection,Normale,Sans collision,,,,,,,,,,,1,2,1,1.0,7
201200037428,0012-04-03 15:35:00,12,4,3,15,35,760,681,"2,R ALBERT THOMAS",49.41002,1.08813,Plein jour,En agglomération,Intersection en X,Normale,Deux véhicules - côté,,,,,,,,,,,1,2,2,1.0,3
201200037429,0012-04-03 12:30:00,12,4,3,12,30,760,575,BD LENINE,49.36771,1.10854,Plein jour,Hors agglomération,Hors intersection,Normale,Sans collision,,,,,,,,,,,1,1,1,1.0,7
201200037430,0012-03-08 18:00:00,12,3,8,18,0,760,540,TREMIE CORNEILLE,49.43728,1.09576,Plein jour,En agglomération,Hors intersection,Normale,Deux véhicules - côté,,,,,,,,,,,1,2,1,1.0,3
201200037431,0012-04-05 22:25:00,12,4,5,22,25,760,540,"10, PL CARNOT",49.43391,1.09209,Nuit avec éclairage allumé,En agglomération,Place,Normale,Autre collision,,,,,,,,,,,5,2,7,1.0,6
201200037432,0012-03-30 17:30:00,12,3,30,17,30,760,540,"82, RTE DE BONSECOURS",49.43377,1.10699,Plein jour,En agglomération,Hors intersection,Normale,Deux véhicules - côté,,,,,,,,,,,1,2,1,1.0,3
201200037433,0012-04-06 17:25:00,12,4,6,17,25,760,540,25 PL GENERAL DE  GAULLE,49.44317,1.09825,Plein jour,En agglomération,Hors intersection,Normale,Sans collision,,,,,,,,,,,1,2,1,1.0,7
201200037434,0012-04-12 07:33:00,12,4,12,7,33,760,402,"67B, RTE DE MONTVILLE",49.5329,1.05622,Plein jour,En agglomération,Intersection en Y,Brouillard / fumée,Deux véhicules - côté,,,,,,,,,,,1,2,4,5.0,3