accident_id,datetime,annee,mois,jour,heure,minute,departement,commune_insee,adresse,latitude,longitude,luminosite,agglomeration,intersection,meteo,collision,nb_vehicules,nb_usagers,nb_indemnes,nb_tues,nb_blesses_hosp,nb_blesses_legers,age_cond_1,age_cond_2,veh_type_cond_1,veh_type_cond_2,lum_code,agg_code,int_code,atm_code,col_code
201200037558,0012-10-03 07:50:00,12,10,3,7,50,760,451,"60, AV GALLIENI",49.45547,1.08452,Plein jour,En agglomération,Hors intersection,Normale,Autre collision,,,,,,,,,,,1,2,1,1.0,6
201200037559,0012-09-27 07:30:00,12,9,27,7,30,760,540,,49.43497,1.07148,Crépuscule ou aube,En agglomération,Giratoire,Autre,Sans collision,,,,,,,,,,,2,2,6,9.0,7
201200037560,0012-10-09 12:25:00,12,10,9,12,25,760,540,PL DU GENERAL DE GAULLE,49.44326,1.09876,Plein jour,En agglomération,Hors intersection,Autre,Autre collision,,,,,,,,,,,1,2,1,9.0,6
201200037561,0012-10-05 19:55:00,12,10,5,19,55,760,540,"1, LESSEPS. QUAI FERDINA",49.44512,1.06618,Nuit avec éclairage allumé,En agglomération,Intersection en T,Normale,Autre collision,,,,,,,,,,,5,2,3,1.0,6
201200037562,0012-10-09 08:10:00,12,10,9,8,10,760,322,BD JULES DUMONT D URVILL,49.39815,1.04613,Plein jour,En agglomération,Hors intersection,Normale,Deux véhicules - frontale,,,,,,,,,,,1,2,1,1.0,1
201200037563,0012-10-11 15:25:00,12,10,11,15,25,760,540,A 150,49.45157,1.05625,Plein jour,Hors agglomération,Hors intersection,Normale,Deux véhicules - arrière,,,,,,,,,,,1,1,1,1.0,2
201200037564,0012-09-11 09:10:00,12,9,11,9,10,760,540,"79, QU DU HAVRE",49.44079,1.08279,Plein jour,En agglomération,Hors intersection,Autre,Deux véhicules - arrière,,,,,,,,,,,1,2,1,9.0,2
201200037565,0012-10-14 21:30:00,12,10,14,21,30,760,540,,49.43725,1.11024,Nuit avec éclairage allumé,En agglomération,Hors intersection,Normale,Deux véhicules - frontale,,,,,,,,,,,5,2,1,1.0,1
201200037566,0012-10-11 11:30:00,12,10,11,11,30,760,540,AV JEAN  RONDEAUX,49.43711,1.0786,Plein jour,En agglomération,Intersection en T,Normale,Deux véhicules - côté,,,,,,,,,,,1,2,3,1.0,3
201200037567,0012-10-15 18:00:00,12,10,15,18,0,760,498,"79, BD STANISLASGIRARDIN",49.41487,1.0611,Nuit avec éclairage allumé,En agglomération,Intersection en X,Normale,Autre collision,,,,,,,,,,,5,2,2,1.0,6
201200037568,0012-10-02 16:40:00,12,10,2,16,40,760,540,"7, R DU VIEUX PALAIS",49.44187,1.08612,Plein jour,En agglomération,Intersection en X,Normale,Autre collision,,,,,,,,,,,1,2,2,1.0,6
201200037569,0012-10-10 12:20:00,12,10,10,12,20,760,575,AV DES CANADIENS,,,Plein jour,En agglomération,Hors intersection,Autre,Deux véhicules - arrière,,,,,,,,,,,1,2,1,9.0,2
201200037570,0012-10-17 16:00:00,12,10,17,16,0,760,157,"29, AV PIERRE CORNEILLE",49.4452,1.03001,Plein jour,En agglomération,Hors intersection,Normale,Deux véhicules - arrière,,,,,,,,,,,1,2,1,1.0,2
201200037571,0012-10-09 08:50:00,12,10,9,8,50,760,451,"50, AV DU MONT AUX MALAD",49.46533,1.07213,Plein jour,En agglomération,Hors intersection,Pluie légère,Autre collision,,,,,,,,,,,1,2,1,2.0,6
201200037572,0012-10-22 21:03:00,12,10,22,21,3,760,410,"484, RTE DE DIEPPE",49.47392,1.04877,Nuit avec éclairage allumé,En agglomération,Hors intersection,Normale,Deux véhicules - côté,,,,,,,,,,,5,2,1,1.0,3
201200037573,0012-10-20 10:15:00,12,10,20,10,15,760,322,"2, AV FRANKLIN ROOSEVELT",49.39955,1.05645,Plein jour,En agglomération,Hors intersection,Autre,Deux véhicules - côté,,,,,,,,,,,1,2,1,9.0,3
201200037574,0012-10-19 20:45:00,12,10,19,20,45,760,410,R DES MARTYRS DE LA RESI,,,Crépuscule ou aube,En agglomération,Hors intersection,Normale,Autre collision,,,,,,,,,,,2,2,1,1.0,6
201200037575,0012-10-22 11:30:00,12,10,22,11,30,760,540,"2, R ROLLON",49.44254,1.09044,Plein jour,En agglomération,Hors intersection,Normale,Autre collision,,,,,,,,,,,1,2,1,1.0,6
201200037576,0012-10-17 17:40:00,12,10,17,17,40,760,540,"2, R BRISOUT DE BARNEVIL",49.4338,1.083,Plein jour,En agglomération,Intersection en X,Pluie légère,Deux véhicules - côté,,,,,,,,,,,1,2,2,2.0,3
201200037577,0012-11-01 05:55:00,12,11,1,5,55,760,540,"50, QU DE PARIS",49.43731,1.09611,Nuit avec éclairage allumé,En agglomération,Intersection en X,Pluie légère,Deux véhicules - côté,,,,,,,,,,,5,2,2,2.0,3
201200037578,0012-11-01 05:10:00,12,11,1,5,10,760,322,BD STALINGRAD,,,Nuit avec éclairage allumé,En agglomération,Hors intersection,Pluie légère,Autre collision,,,,,,,,,,,5,2,1,2.0,6
201200037579,0012-11-04 01:10:00,12,11,4,1,10,760,212,"01, PAIX. BOULEVARD DE L",,,Nuit avec éclairage allumé,En agglomération,Intersection en X,Pluie légère,Deux véhicules - côté,,,,,,,,,,,5,2,2,2.0,3
201200037580,0012-11-03 11:45:00,12,11,3,11,45,760,402,RTE DE DIEPPE,,,Plein jour,En agglomération,Hors intersection,Normale,Deux véhicules - frontale,,,,,,,,,,,1,2,1,1.0,1
201200037581,0012-09-27 09:10:00,12,9,27,9,10,760,540,"134, RTE DE NEUFCHATEL",49.45433,1.10538,Plein jour,En agglomération,Hors intersection,Autre,Autre collision,,,,,,,,,,,1,2,1,9.0,6
201200037582,0012-10-15 17:00:00,12,10,15,17,0,760,497,BD MARITIME,49.38384,1.01584,Plein jour,En agglomération,Intersection en X,Normale,Deux véhicules - côté,,,,,,,,,,,1,2,2,1.0,3
201200037583,0012-10-03 11:50:00,12,10,3,11,50,760,540,RPT DES HARKIS,49.43049,1.07881,Plein jour,En agglomération,Giratoire,Pluie légère,Deux véhicules - côté,,,,,,,,,,,1,2,6,2.0,3
201200037584,0012-10-18 17:25:00,12,10,18,17,25,760,681,"474, R HYACINTHE MENAGE",49.40719,1.09637,Plein jour,En agglomération,Intersection en X,Pluie légère,Deux véhicules - côté,,,,,,,,,,,1,2,2,2.0,3
201200037585,0012-10-23 12:45:00,12,10,23,12,45,760,497,PL DE LA LIBERATION,49.38526,1.02108,Plein jour,En agglomération,Intersection en T,Normale,Deux véhicules - côté,,,,,,,,,,,1,2,3,1.0,3
201200037586,0012-11-01 00:15:00,12,11,1,0,15,760,540,"70,R DU  RENARD",49.44757,1.08194,Nuit avec éclairage allumé,En agglomération,Hors intersection,Normale,Autre collision,,,,,,,,,,,5,2,1,1.0,6
201200037587,0012-11-05 17:00:00,12,11,5,17,0,760,540,QU DE PARIS,49.43708,1.09631,Plein jour,En agglomération,Intersection en X,Pluie légère,Autre collision,,,,,,,,,,,1,2,2,2.0,6
201200037588,0012-10-24 21:45:00,12,10,24,21,45,760,540,"42, RTE DE DARNETAL",49.5451,1.12813,Nuit avec éclairage allumé,En agglomération,Hors intersection,Normale,Deux véhicules - côté,,,,,,,,,,,5,2,1,1.0,3
201200037589,0012-10-08 21:15:00,12,10,8,21,15,760,484,"1977,  AV DU GENERAL DE",49.35283,1.09757,Nuit avec éclairage allumé,En agglomération,Intersection en T,Pluie légère,Deux véhicules - côté,,,,,,,,,,,5,2,3,2.0,3
201200037590,0012-11-08 23:30:00,12,11,8,23,30,760,540,QU PIERRE CORNEILLE,49.43745,1.09486,Nuit avec éclairage allumé,En agglomération,Hors intersection,Normale,Autre collision,,,,,,,,,,,5,2,1,1.0,6
201200037591,0012-11-03 12:00:00,12,11,3,12,0,760,575,"65, R DE PARIS",49.39409,1.10325,Plein jour,En agglomération,Intersection en T,Normale,Deux véhicules - côté,,,,,,,,,,,1,2,3,1.0,3
201200037592,0012-11-05 14:35:00,12,11,5,14,35,760,319,"108, R PASTEUR",49.35901,1.00722,Plein jour,En agglomération,Intersection en X,Pluie forte,Deux véhicules - côté,,,,,,,,,,,1,2,2,3.0,3
201200037593,0012-11-07 06:10:00,12,11,7,6,10,760,540,"72, R DE LESSARD",49.43179,1.09045,Nuit avec éclairage allumé,En agglomération,Intersection en X,Pluie légère,Deux véhicules - côté,,,,,,,,,,,5,2,2,2.0,3
201200037594,0012-11-08 18:45:00,12,11,8,18,45,760,497,RN 138,49.37313,1.04517,Nuit sans éclairage public,Hors agglomération,Hors intersection,Normale,Trois véhicules et plus - en chaîne,,,,,,,,,,,3,1,1,1.0,4
201200037595,0012-11-09 18:44:00,12,11,9,18,44,760,474,"17, R DE LA PAIX",49.4908,1.0527,Nuit avec éclairage allumé,En agglomération,Hors intersection,Pluie légère,Autre collision,,,,,,,,,,,5,2,1,2.0,6
201200037596,0012-11-09 16:50:00,12,11,9,16,50,760,212,RTE DE LA PAIX,49.43836,1.14983,Plein jour,En agglomération,Hors intersection,Pluie légère,Deux véhicules - frontale,,,,,,,,,,,1,2,1,2.0,1
201200037597,0012-11-11 05:25:00,12,11,11,5,25,760,540,"22, AV DE BRETAGNE",49.43421,1.0857,Nuit avec éclairage allumé,En agglomération,Intersection en T,Normale,Autre collision,,,,,,,,,,,5,2,3,1.0,6
201200037598,0012-11-08 09:40:00,12,11,8,9,40,760,319,"10, R DU 11 NOVEMBRE",49.35669,1.01009,Plein jour,En agglomération,Intersection en X,Normale,Deux véhicules - côté,,,,,,,,,,,1,2,2,1.0,3
201200037599,0012-10-27 05:05:00,12,10,27,5,5,760,540,AV DU GRAND COURS,49.42606,1.1052,Nuit avec éclairage allumé,En agglomération,Intersection en X,Pluie légère,Deux véhicules - côté,,,,,,,,,,,5,2,2,2.0,3
201200037600,0012-10-02 11:30:00,12,10,2,11,30,760,540,QU JACQUES ANQUETIL,49.43449,1.09416,Plein jour,En agglomération,Intersection en X,Normale,Deux véhicules - arrière,,,,,,,,,,,1,2,2,1.0,2
201200037601,0012-10-26 10:00:00,12,10,26,10,0,760,451,"56, AV DU MONT AUX MALA",49.46641,1.07041,Plein jour,En agglomération,Intersection en X,Normale,Deux véhicules - côté,,,,,,,,,,,1,2,2,1.0,3
201200037602,0012-11-07 07:35:00,12,11,7,7,35,760,681,"109, R PIERRE CORNEILLE",,,Plein jour,En agglomération,Hors intersection,Normale,Autre collision,,,,,,,,,,,1,2,1,1.0,6
201200037603,0012-11-10 19:10:00,12,11,10,19,10,760,540,"74, BD DES BELGES",49.44442,1.08563,Nuit avec éclairage allumé,En agglomération,Hors intersection,Pluie légère,Deux véhicules - arrière,,,,,,,,,,,5,2,1,2.0,2
201200037604,0012-11-13 13:23:00,12,11,13,13,23,760,540,"05, PL DU GENERAL DE GAU",49.44261,1.0984,Plein jour,En agglomération,Hors intersection,Normale,Deux véhicules - côté,,,,,,,,,,,1,2,1,1.0,3
201200037605,0012-09-15 14:10:00,12,9,15,14,10,760,429,"132, RTE DE PARIS",49.41301,1.13799,Plein jour,En agglomération,Intersection en X,Normale,Deux véhicules - côté,,,,,,,,,,,1,2,2,1.0,3
201200037606,0012-09-17 09:00:00,12,9,17,9,0,760,540,"66, R ALBERT DUPUIS",49.45239,1.12535,Plein jour,En agglomération,Hors intersection,Normale,Autre collision,,,,,,,,,,,1,2,1,1.0,6
201200037607,0012-09-28 08:10:00,12,9,28,8,10,760,540,"1083, RTE DE NEUFCHATEL",49.45326,1.10393,Plein jour,En agglomération,Hors intersection,Normale,Deux véhicules - côté,,,,,,,,,,,1,2,1,1.0,3
201200037608,0012-11-16 16:55:00,12,11,16,16,55,760,540,"12, AV DE BRETAGNE",49.43445,1.08579,Plein jour,En agglomération,Hors intersection,Normale,Trois véhicules et plus - en chaîne,,,,,,,,,,,1,2,1,1.0,4
201200037609,0012-11-20 18:10:00,12,11,20,18,10,760,366,"12, R DE FRESQUIENNES",49.51142,1.03233,Nuit avec éclairage non allumé,En agglomération,Hors intersection,Normale,Autre collision,,,,,,,,,,,4,2,1,1.0,6
201200037610,0012-11-24 18:45:00,12,11,24,18,45,760,540,"87, R DU GENERAL LECLERC",49.43972,1.09148,Nuit avec éclairage allumé,En agglomération,Hors intersection,Normale,Sans collision,,,,,,,,,,,5,2,1,1.0,7
201200037611,0012-11-29 19:15:00,12,11,29,19,15,760,540,"25, R GALILEE",49.45667,1.13837,Nuit avec éclairage allumé,En agglomération,Hors intersection,Autre,Sans collision,,,,,,,,,,,5,2,1,9.0,7
201200037612,0012-11-13 14:25:00,12,11,13,14,25,760,540,"80, QU DU HAVRE.",49.44077,1.08261,Plein jour,En agglomération,Intersection en T,Normale,Autre collision,,,,,,,,,,,1,2,3,1.0,6
201200037613,0012-11-22 20:15:00,12,11,22,20,15,760,540,"90, R SAINT MAUR",49.45041,1.08841,Nuit avec éclairage allumé,En agglomération,Intersection en T,Normale,Deux véhicules - côté,,,,,,,,,,,5,2,3,1.0,3
201200037614,0012-11-22 04:00:00,12,11,22,4,0,760,410,"44, R PAUL PAINLEVE",49.48527,1.04167,Nuit avec éclairage allumé,En agglomération,Hors intersection,Normale,Autre collision,,,,,,,,,,,5,2,1,1.0,6
201200037615,0012-11-17 18:30:00,12,11,17,18,30,760,540,PL BEAUVOISINE,49.44818,1.09989,Nuit avec éclairage allumé,En agglomération,Intersection en X,Normale,Deux véhicules - côté,,,,,,,,,,,5,2,2,1.0,3
201200037616,0012-11-26 18:00:00,12,11,26,18,0,760,540,BD DE L  EUROPE,49.4281,1.08119,Nuit avec éclairage allumé,En agglomération,Hors intersection,Normale,Autre collision,,,,,,,,,,,5,2,1,1.0,6
201200037617,0012-11-27 15:00:00,12,11,27,15,0,760,540,QU D ELBEUF,49.43413,1.09437,Plein jour,En agglomération,Hors intersection,Normale,Deux véhicules - côté,,,,,,,,,,,1,2,1,1.0,3
201200037618,0012-11-28 21:15:00,12,11,28,21,15,760,212,"105, RTE  DE ROUEN",49.43958,1.13893,Nuit avec éclairage allumé,En agglomération,Intersection en T,Pluie légère,Deux véhicules - côté,,,,,,,,,,,5,2,3,2.0,3
201200037619,0012-11-29 10:20:00,12,11,29,10,20,760,681,R PIERRE CORNEILLE,,,Plein jour,En agglomération,Hors intersection,Normale,Autre collision,,,,,,,,,,,1,2,1,1.0,6
201200037620,0012-11-07 17:20:00,12,11,7,17,20,760,540,BD GAMBETTA,49.43814,1.10617,Nuit avec éclairage allumé,En agglomération,Hors intersection,Normale,Autre collision,,,,,,,,,,,5,2,1,1.0,6
201200037621,0012-11-29 17:25:00,12,11,29,17,25,760,575,AV DE L  UNIVERSITE,49.38735,1.06399,Nuit avec éclairage allumé,En agglomération,Hors intersection,Temps couvert,Autre collision,,,,,,,,,,,5,2,1,8.0,6
201200037622,0012-11-10 20:20:00,12,11,10,20,20,760,540,"106, R LA FAYETTE",49.4315,1.08754,Nuit avec éclairage allumé,En agglomération,Hors intersection,Pluie forte,Deux véhicules - côté,,,,,,,,,,,5,2,1,3.0,3
201200037623,0012-11-21 19:05:00,12,11,21,19,5,760,540,"90, BD DE L EUROPE",49.42729,1.08348,Nuit avec éclairage non allumé,En agglomération,Intersection en X,Normale,Autre collision,,,,,,,,,,,4,2,2,1.0,6
201200037624,0012-12-04 20:00:00,12,12,4,20,0,760,540,"74, BD D L YSER",49.44722,1.09619,Nuit avec éclairage allumé,En agglomération,Intersection en X,Pluie forte,Sans collision,,,,,,,,,,,5,2,2,3.0,7
201200037625,0012-11-09 14:45:00,12,11,9,14,45,760,540,BD FERDINAND DE LESSEPS,49.44474,1.06838,Plein jour,En agglomération,Hors intersection,Normale,Trois véhicules et plus - en chaîne,,,,,,,,,,,1,2,1,1.0,4
201200037626,0012-12-08 05:50:00,12,12,8,5,50,760,497,RN 138,49.36272,1.03689,Nuit sans éclairage public,Hors agglomération,Hors intersection,Pluie forte,Deux véhicules - arrière,,,,,,,,,,,3,1,1,3.0,2
201200037627,0012-12-15 06:45:00,12,12,15,6,45,760,540,AV DU GRAND COURS,49.42606,1.10517,Nuit avec éclairage allumé,En agglomération,Intersection en X,Autre,Deux véhicules - côté,,,,,,,,,,,5,2,2,9.0,3
201200037628,0012-10-25 08:20:00,12,10,25,8,20,760,540,"39, RTE DE NEUFCHATEL",49.45116,1.09841,Crépuscule ou aube,En agglomération,Intersection en X,Normale,Deux véhicules - côté,,,,,,,,,,,2,2,2,1.0,3
201200037629,0012-10-27 14:05:00,12,10,27,14,5,760,540,PONT DE L EUROPE,49.42918,1.09812,Plein jour,En agglomération,Hors intersection,Normale,Deux véhicules - arrière,,,,,,,,,,,1,2,1,1.0,2
201200037630,0012-12-15 09:30:00,12,12,15,9,30,760,540,R ALEXANDRE BARRABE,49.42942,1.07488,Plein jour,En agglomération,Hors intersection,Pluie légère,Autre collision,,,,,,,,,,,1,2,1,2.0,6
201200037631,0012-12-12 09:50:00,12,12,12,9,50,760,484,"716, AV DU GENERAL DE GA",49.34274,1.08992,Plein jour,En agglomération,Intersection en X,Normale,Sans collision,,,,,,,,,,,1,2,2,1.0,7
201200037632,0012-12-10 15:30:00,12,12,10,15,30,760,540,"1, RONDEAUX. AVENUE JEAN",49.43464,1.07628,Plein jour,Hors agglomération,Intersection en X,Normale,Deux véhicules - côté,,,,,,,,,,,1,1,2,1.0,3
201200037633,0012-12-18 17:45:00,12,12,18,17,45,760,575,"6, R ERNEST RENAN",49.39855,1.07256,Nuit avec éclairage allumé,En agglomération,Hors intersection,Normale,Autre collision,,,,,,,,,,,5,2,1,1.0,6
201200037634,0012-12-21 12:15:00,12,12,21,12,15,760,540,N 1338,49.43763,1.067,Plein jour,En agglomération,Giratoire,Pluie légère,Deux véhicules - côté,,,,,,,,,,,1,2,6,2.0,3
201200037635,0012-12-02 10:40:00,12,12,2,10,40,760,497,R DU MADRILLET,49.38688,1.04456,Plein jour,Hors agglomération,Hors intersection,Normale,Deux véhicules - frontale,,,,,,,,,,,1,1,1,1.0,1
201200037636,0012-12-05 08:15:00,12,12,5,8,15,760,540,R DU MOINEAU,49.4521,1.09688,Crépuscule ou aube,En agglomération,Hors intersection,Normale,Deux véhicules - arrière,,,,,,,,,,,2,2,1,1.0,2
201200037637,0012-12-17 09:10:00,12,12,17,9,10,760,540,"39, RTE DE NEUFCHATEL",49.45118,1.09838,Plein jour,En agglomération,Intersection en X,Pluie légère,Deux véhicules - côté,,,,,,,,,,,1,2,2,2.0,3
201200037638,0012-12-19 07:55:00,12,12,19,7,55,760,681,"21, AV DES CANADIENS",49.41752,1.07658,Crépuscule ou aube,En agglomération,Hors intersection,Normale,Autre collision,,,,,,,,,,,2,2,1,1.0,6
201200037639,0012-12-28 06:50:00,12,12,28,6,50,760,5,"4, R FRANCOIS MITTERRAND",49.39526,1.12585,Nuit avec éclairage allumé,En agglomération,Intersection en Y,Normale,Deux véhicules - côté,,,,,,,,,,,5,2,4,1.0,3
201200037640,0012-01-12 17:25:00,12,1,12,17,25,770,108,TIR ( RUE DU ),,,Crépuscule ou aube,En agglomération,Hors intersection,Normale,Deux véhicules - frontale,,,,,,,,,,,2,2,1,1.0,1
201200037641,0012-01-16 21:40:00,12,1,16,21,40,770,479,"24, LORRAINE (BOULEVARD",48.87198,2.6404,Nuit avec éclairage allumé,En agglomération,Intersection en X,Normale,Deux véhicules - côté,,,,,,,,,,,5,2,2,1.0,3
201200037642,0012-01-20 15:30:00,12,1,20,15,30,770,108,"0, MITTERAND ( ROND POIN",48.87571,2.59177,Plein jour,En agglomération,Intersection en T,Pluie légère,Deux véhicules - frontale,,,,,,,,,,,1,2,3,2.0,1
201200037643,0012-01-23 07:00:00,12,1,23,7,0,770,55,CARNOT (RUE),,,Nuit avec éclairage allumé,En agglomération,Intersection en X,Normale,Deux véhicules - côté,,,,,,,,,,,5,2,2,1.0,3
201200037644,0012-01-27 21:10:00,12,1,27,21,10,770,108,GENDARME CASTERMANT (AVE,,,Nuit avec éclairage allumé,En agglomération,Intersection en T,Normale,Autre collision,,,,,,,,,,,5,2,3,1.0,6
201200037645,0012-01-28 22:20:00,12,1,28,22,20,770,108,"34, SEMPIN (CHEMIN DU)",48.89682,2.59071,Nuit avec éclairage allumé,En agglomération,Hors intersection,Normale,Autre collision,,,,,,,,,,,5,2,1,1.0,6
201200037646,0012-02-29 15:20:00,12,2,29,15,20,770,108,"12, CITES (RUE DES)",,,Plein jour,En agglomération,Hors intersection,Normale,Autre collision,,,,,,,,,,,1,2,1,1.0,6
201200037647,0012-03-08 12:55:00,12,3,8,12,55,770,108,"4, LABOUREURS (ALLEE DES",,,Plein jour,En agglomération,Intersection en T,Normale,Deux véhicules - frontale,,,,,,,,,,,1,2,3,1.0,1
201200037648,0012-03-16 18:20:00,12,3,16,18,20,770,479,"38, COPPEE (RUE FRANCOIS",48.87184,2.63184,Plein jour,En agglomération,Hors intersection,Normale,Autre collision,,,,,,,,,,,1,2,1,1.0,6
201200037649,0012-03-21 09:45:00,12,3,21,9,45,770,108,BESSON (RUE ADOLPHE),48.87571,2.58987,Plein jour,En agglomération,Hors intersection,Normale,Autre collision,,,,,,,,,,,1,2,1,1.0,6
201200037650,0012-04-10 15:35:00,12,4,10,15,35,770,479,TORCY (ROUTE DE),,,Plein jour,En agglomération,Giratoire,Pluie légère,Deux véhicules - côté,,,,,,,,,,,1,2,6,2.0,3
201200037651,0012-04-21 14:00:00,12,4,21,14,0,770,108,"12, MARECHAL FOCH (AVENU",48.87367,2.58059,Plein jour,En agglomération,Hors intersection,Normale,Autre collision,,,,,,,,,,,1,2,1,1.0,6
201200037652,0012-04-24 13:15:00,12,4,24,13,15,770,108,"7, SEMPIN (CHEMIN DU)",48.89811,2.59027,Plein jour,En agglomération,Hors intersection,Pluie légère,Autre collision,,,,,,,,,,,1,2,1,2.0,6
201200037653,0012-05-10 12:30:00,12,5,10,12,30,770,108,MITTERAND (AVENUE FRANCO,48.87682,2.60021,Plein jour,En agglomération,Hors intersection,Normale,Deux véhicules - côté,,,,,,,,,,,1,2,1,1.0,3
201200037654,0012-05-28 11:30:00,12,5,28,11,30,770,108,"58, FRANCHE COMTE (ALLEE",48.88161,2.61907,Plein jour,En agglomération,Hors intersection,Normale,Deux véhicules - côté,,,,,,,,,,,1,2,1,1.0,3
201200037655,0012-06-03 22:15:00,12,6,3,22,15,770,108,"20, MARECHAL FOCH (AVENU",48.87259,2.57903,Nuit avec éclairage allumé,En agglomération,Hors intersection,Pluie légère,Autre collision,,,,,,,,,,,5,2,1,2.0,6
201200037656,0012-06-29 13:50:00,12,6,29,13,50,770,479,"16, COPPEE (RUE FRANCOIS",48.87065,2.63199,Plein jour,En agglomération,Intersection en X,Normale,Deux véhicules - côté,,,,,,,,,,,1,2,2,1.0,3
201200037657,0012-07-12 01:30:00,12,7,12,1,30,770,108,CLAYE (AVENUE DE),,,Nuit avec éclairage allumé,En agglomération,Hors intersection,Normale,Autre collision,,,,,,,,,,,5,2,1,1.0,6
201200037658,0012-07-29 15:20:00,12,7,29,15,20,770,517,BORDEAUX (PLACE DE),,,Plein jour,En agglomération,Hors intersection,Normale,Deux véhicules - côté,,,,,,,,,,,1,2,1,1.0,3
201200037659,0012-08-12 20:50:00,12,8,12,20,50,770,55,CARNOT (RUE),,,Nuit avec éclairage allumé,En agglomération,Hors intersection,Normale,Sans collision,,,,,,,,,,,5,2,1,1.0,7
201200037660,0012-08-29 08:15:00,12,8,29,8,15,770,479,"51, BARBUSSE (AVENUE HEN",48.88009,2.63459,Plein jour,En agglomération,Hors intersection,Normale,Autre collision,,,,,,,,,,,1,2,1,1.0,6
201200037661,0012-09-20 14:40:00,12,9,20,14,40,770,108,GENDARME CASTERMANT (AVE,,,Plein jour,En agglomération,Hors intersection,Normale,Deux véhicules - frontale,,,,,,,,,,,1,2,1,1.0,1
201200037662,0012-09-23 20:10:00,12,9,23,20,10,770,108,TIR ( RUE DU ),,,Crépuscule ou aube,En agglomération,Hors intersection,Pluie légère,Deux véhicules - arrière,,,,,,,,,,,2,2,1,2.0,2
201200037663,0012-10-04 16:25:00,12,10,4,16,25,770,108,TIR ( RUE DU ),,,Plein jour,En agglomération,Hors intersection,Normale,Autre collision,,,,,,,,,,,1,2,1,1.0,6
201200037664,0012-10-04 08:15:00,12,10,4,8,15,770,108,MARECHAL FOCH (AVENUE DU,,,Plein jour,En agglomération,Hors intersection,Pluie légère,Autre collision,,,,,,,,,,,1,2,1,2.0,6
201200037665,0012-10-10 17:35:00,12,10,10,17,35,770,55,"8, CLEMENCEAU (RUE GEORG",48.88124,2.62677,Plein jour,En agglomération,Hors intersection,Normale,Autre collision,,,,,,,,,,,1,2,1,1.0,6
201200037666,0012-10-16 13:40:00,12,10,16,13,40,770,108,"7, GAILLARD (RUE DU CHAT",48.88031,2.602,Plein jour,En agglomération,Hors intersection,Pluie légère,Autre collision,,,,,,,,,,,1,2,1,2.0,6
201200037667,0012-11-07 20:20:00,12,11,7,20,20,770,479,"58, BECTARD (RUE LOUIS)",48.8693,2.63815,Nuit avec éclairage allumé,En agglomération,Intersection en X,Normale,Trois véhicules et plus - collisions multiples,,,,,,,,,,,5,2,2,1.0,5
201200037668,0012-11-01 16:40:00,12,11,1,16,40,770,108,VAUCANSON (AVENUE),48.89993,2.58732,Crépuscule ou aube,En agglomération,Hors intersection,Pluie légère,Deux véhicules - frontale,,,,,,,,,,,2,2,1,2.0,1
201200037669,0012-12-05 18:30:00,12,12,5,18,30,770,363,CLAYE (RUE DE),,,Nuit sans éclairage public,Hors agglomération,Hors intersection,Normale,Autre collision,,,,,,,,,,,3,1,1,1.0,6
201200037670,0012-01-08 18:10:00,12,1,8,18,10,770,449,MERIDIENNE ( BLD DE LA ),,,Nuit avec éclairage allumé,Hors agglomération,Intersection en T,Normale,Trois véhicules et plus - collisions multiples,,,,,,,,,,,5,1,3,1.0,5
201200037671,0012-04-08 01:25:00,12,4,8,1,25,770,307,EUROPE ( AVENUE DE L' ),,,Nuit sans éclairage public,Hors agglomération,Hors intersection,Normale,Deux véhicules - frontale,,,,,,,,,,,3,1,1,1.0,1
201200037672,0012-03-10 20:30:00,12,3,10,20,30,770,18,"15, ECOLES ( BOULEVARD D",48.84729,2.81816,Nuit avec éclairage allumé,En agglomération,Intersection en X,Normale,Deux véhicules - côté,,,,,,,,,,,5,2,2,1.0,3
201200037673,0012-09-20 09:10:00,12,9,20,9,10,770,307,RN34,,,Plein jour,En agglomération,Hors intersection,Normale,Trois véhicules et plus - collisions multiples,,,,,,,,,,,1,2,1,1.0,5
201200037674,0012-08-30 06:30:00,12,8,30,6,30,770,307,"122, RN34",,,Plein jour,En agglomération,Hors intersection,Normale,Deux véhicules - côté,,,,,,,,,,,1,2,1,1.0,3
201200037675,0012-09-22 12:17:00,12,9,22,12,17,770,307,DEPARTEMENTALE 231 ( ROU,,,Plein jour,En agglomération,Intersection en T,Normale,Trois véhicules et plus - collisions multiples,,,,,,,,,,,1,2,3,1.0,5
201200037676,0012-01-04 02:40:00,12,1,4,2,40,770,131,"97, STRASBOURG (AVENUE D",,,Nuit avec éclairage allumé,En agglomération,Hors intersection,Temps couvert,Autre collision,,,,,,,,,,,5,2,1,8.0,6
201200037677,0012-01-09 16:50:00,12,1,9,16,50,770,131,"1, ROND POINT SAINT PIER",,,Crépuscule ou aube,Hors agglomération,Hors intersection,Pluie légère,Autre collision,,,,,,,,,,,2,1,1,2.0,6
201200037678,0012-01-10 16:30:00,12,1,10,16,30,770,131,"1, JEHAN DE BRIE (AVENUE",,,Plein jour,En agglomération,Intersection en T,Autre,Deux véhicules - arrière,,,,,,,,,,,1,2,3,9.0,2