accident_id,datetime,annee,mois,jour,heure,minute,departement,commune_insee,adresse,latitude,longitude,luminosite,agglomeration,intersection,meteo,collision,nb_vehicules,nb_usagers,nb_indemnes,nb_tues,nb_blesses_hosp,nb_blesses_legers,age_cond_1,age_cond_2,veh_type_cond_1,veh_type_cond_2,lum_code,agg_code,int_code,atm_code,col_code
201200037805,0012-03-23 18:15:00,12,3,23,18,15,770,284,"1, BAYARD (BD.DU CHEVALI",48.95437,2.91882,Plein jour,En agglomération,Hors intersection,Normale,Autre collision,,,,,,,,,,,1,2,1,1.0,6
201200037806,0012-04-02 21:20:00,12,4,2,21,20,770,143,RN 330 (ROUTE NATIONALE),,,Nuit sans éclairage public,Hors agglomération,Hors intersection,Normale,Sans collision,,,,,,,,,,,3,1,1,1.0,7
201200037807,0012-04-07 20:15:00,12,4,7,20,15,770,284,"0, ALBUQUERQUE (BD.D')",48.95444,2.90771,Plein jour,En agglomération,Hors intersection,Normale,Deux véhicules - arrière,,,,,,,,,,,1,2,1,1.0,2
201200037808,0012-04-07 18:15:00,12,4,7,18,15,770,284,"0, LYCEE TECHNIQUE (RUE",48.95711,2.8643,Plein jour,En agglomération,Hors intersection,Normale,Sans collision,,,,,,,,,,,1,2,1,1.0,7
201200037809,0012-04-12 17:00:00,12,4,12,17,0,770,284,"1, ARENE (RUE PAUL)",48.95247,2.90147,Plein jour,En agglomération,Hors intersection,Normale,Sans collision,,,,,,,,,,,1,2,1,1.0,7
201200037810,0012-04-14 15:33:00,12,4,14,15,33,770,284,"31, PEGUY (RUE CHARLES)",48.95188,2.89041,Plein jour,En agglomération,Hors intersection,Normale,Sans collision,,,,,,,,,,,1,2,1,1.0,7
201200037811,0012-06-13 13:40:00,12,6,13,13,40,770,284,"7, BAINVILLE (THEODORE D",48.95506,2.91902,Plein jour,En agglomération,Hors intersection,Normale,Autre collision,,,,,,,,,,,1,2,1,1.0,6
201200037812,0012-04-10 17:45:00,12,4,10,17,45,770,335,RN3 (ROUTE NATIONALE),,,Plein jour,Hors agglomération,Hors intersection,Pluie légère,Trois véhicules et plus - en chaîne,,,,,,,,,,,1,1,1,2.0,4
201200037813,0012-04-19 09:45:00,12,4,19,9,45,770,284,"20, FOCH (AVENUE DU ML.)",,,Plein jour,En agglomération,Hors intersection,Normale,Deux véhicules - côté,,,,,,,,,,,1,2,1,1.0,3
201200037814,0012-05-24 14:50:00,12,5,24,14,50,770,284,"63 ter, DUNANT (AVENUE H",,,Plein jour,En agglomération,Hors intersection,Normale,Autre collision,,,,,,,,,,,1,2,1,1.0,6
201200037815,0012-06-27 21:00:00,12,6,27,21,0,770,284,"20, BAYARD (BD.DU CHEVAL",48.9544,2.91639,Plein jour,En agglomération,Hors intersection,Normale,Autre collision,,,,,,,,,,,1,2,1,1.0,6
201200037816,0012-08-27 09:30:00,12,8,27,9,30,770,330,RD 228,,,Plein jour,Hors agglomération,Hors intersection,Normale,Trois véhicules et plus - collisions multiples,,,,,,,,,,,1,1,1,1.0,5
201200037817,0012-09-08 07:59:00,12,9,8,7,59,770,284,"104, FOCH (AVENUE DU ML.",,,Plein jour,En agglomération,Hors intersection,Normale,Autre collision,,,,,,,,,,,1,2,1,1.0,6
201200037818,0012-10-09 20:50:00,12,10,9,20,50,770,475,GERMIGNY (ROUTE DE),,,Nuit sans éclairage public,Hors agglomération,Hors intersection,Pluie légère,Deux véhicules - frontale,,,,,,,,,,,3,1,1,2.0,1
201200037819,0012-09-30 10:30:00,12,9,30,10,30,770,284,ALLEE JEAN LOUIS BARRAUL,,,Plein jour,En agglomération,Hors intersection,Normale,Autre collision,,,,,,,,,,,1,2,1,1.0,6
201200037820,0012-11-10 19:10:00,12,11,10,19,10,770,284,AVENUE DE MELUN,,,Nuit avec éclairage allumé,En agglomération,Hors intersection,Normale,Autre collision,,,,,,,,,,,5,2,1,1.0,6
201200037821,0012-01-01 00:15:00,12,1,1,0,15,770,487,"45, CLOS SAINT MARTIN  (",48.52022,2.69003,Nuit avec éclairage allumé,En agglomération,Hors intersection,Pluie légère,Sans collision,,,,,,,,,,,5,2,1,2.0,7
201200037822,0012-01-06 18:00:00,12,1,6,18,0,770,288,"62, ARISTIDE BRIAND  (BO",48.54523,2.65067,Nuit avec éclairage allumé,En agglomération,Intersection en X,Normale,Autre collision,,,,,,,,,,,5,2,2,1.0,6
201200037823,0012-01-14 00:50:00,12,1,14,0,50,770,407,"532, PATTON(RUE DU GENER",48.54215,2.52632,Nuit avec éclairage allumé,En agglomération,Hors intersection,Normale,Sans collision,,,,,,,,,,,5,2,1,1.0,7
201200037824,0012-01-14 11:15:00,12,1,14,11,15,770,288,"26, BEAUREGARD (SQUARE)",48.55087,2.64673,Plein jour,En agglomération,Hors intersection,Normale,Sans collision,,,,,,,,,,,1,2,1,1.0,7
201200037825,0012-02-10 15:15:00,12,2,10,15,15,770,40,D607,,,Plein jour,Hors agglomération,Intersection en X,Normale,Deux véhicules - côté,,,,,,,,,,,1,1,2,1.0,3
201200037826,0012-02-18 14:40:00,12,2,18,14,40,770,394,"0, D.471",,,Plein jour,Hors agglomération,Intersection en X,Temps couvert,Deux véhicules - côté,,,,,,,,,,,1,1,2,8.0,3
201200037827,0012-03-17 16:15:00,12,3,17,16,15,770,285,MAURICE DAUVERGNE (AVENU,48.54336,2.63573,Plein jour,En agglomération,Intersection en X,Pluie légère,Deux véhicules - côté,,,,,,,,,,,1,2,2,2.0,3
201200037828,0012-04-11 17:02:00,12,4,11,17,2,770,288,"16, ROBERT SCHUMAN (RUE)",48.55441,2.63987,Plein jour,En agglomération,Hors intersection,Normale,Autre collision,,,,,,,,,,,1,2,1,1.0,6
201200037829,0012-04-17 22:20:00,12,4,17,22,20,770,288,"56, ALMONT (BOULEVARD DE",48.54417,2.6782,Nuit avec éclairage allumé,En agglomération,Hors intersection,Normale,Autre collision,,,,,,,,,,,5,2,1,1.0,6
201200037830,0012-04-23 09:50:00,12,4,23,9,50,770,288,"72, ALMONT (BOULEVARD DE",48.54747,2.67509,Plein jour,En agglomération,Hors intersection,Normale,Autre collision,,,,,,,,,,,1,2,1,1.0,6
201200037831,0012-04-24 19:40:00,12,4,24,19,40,770,288,ROCHETTE (RUE DE LA),48.52787,2.66154,Plein jour,En agglomération,Intersection en Y,Temps couvert,Deux véhicules - frontale,,,,,,,,,,,1,2,4,8.0,1
201200037832,0012-05-12 22:00:00,12,5,12,22,0,770,152,"0, POUVREAU(AVENUE MARCE",48.52249,2.64051,Nuit avec éclairage allumé,En agglomération,Hors intersection,Normale,Deux véhicules - frontale,,,,,,,,,,,5,2,1,1.0,1
201200037833,0012-01-11 06:50:00,12,1,11,6,50,770,447,"1740, C.D 39",,,Nuit sans éclairage public,Hors agglomération,Hors intersection,Normale,Trois véhicules et plus - collisions multiples,,,,,,,,,,,3,1,1,1.0,5
201200037834,0012-05-22 00:05:00,12,5,22,0,5,770,269,"54, TROIS MOULINS - CD11",,,Nuit sans éclairage public,En agglomération,Hors intersection,Pluie légère,Sans collision,,,,,,,,,,,3,2,1,2.0,7
201200037835,0012-06-12 08:20:00,12,6,12,8,20,770,518,DEPARTEMENTALE 24,,,Plein jour,Hors agglomération,Intersection en T,Normale,Autre collision,,,,,,,,,,,1,1,3,1.0,6
201200037836,0012-06-16 03:30:00,12,6,16,3,30,770,389,ROUTE NATIONALE 6,,,Nuit sans éclairage public,Hors agglomération,Hors intersection,Pluie légère,Deux véhicules - arrière,,,,,,,,,,,3,1,1,2.0,2
201200037837,0012-06-22 19:00:00,12,6,22,19,0,770,288,ALMONT (BOULEVARD DE L'),48.54559,2.67681,Plein jour,En agglomération,Hors intersection,Normale,Autre collision,,,,,,,,,,,1,2,1,1.0,6
201200037838,0012-07-02 00:01:00,12,7,2,0,1,770,285,"760, MAURICE DAUVERGNE (",48.5433,2.63453,Nuit avec éclairage allumé,En agglomération,Intersection en T,Normale,Deux véhicules - côté,,,,,,,,,,,5,2,3,1.0,3
201200037839,0012-07-02 18:15:00,12,7,2,18,15,770,285,"407, LIBERATION (AVENUE",48.54376,2.64018,Plein jour,En agglomération,Giratoire,Normale,Deux véhicules - arrière,,,,,,,,,,,1,2,6,1.0,2
201200037840,0012-09-07 19:05:00,12,9,7,19,5,770,285,"169, MAURICE DAUVERGNE (",48.54454,2.64469,Plein jour,En agglomération,Hors intersection,Normale,Autre collision,,,,,,,,,,,1,2,1,1.0,6
201200037841,0012-09-07 08:45:00,12,9,7,8,45,770,288,"2, MARECHAL JOFFRE (QUAI",,,Plein jour,En agglomération,Intersection en X,Normale,Autre collision,,,,,,,,,,,1,2,2,1.0,6
201200037842,0012-09-12 04:05:00,12,9,12,4,5,770,288,R.N 105,,,Nuit sans éclairage public,Hors agglomération,Hors intersection,Normale,Autre collision,,,,,,,,,,,3,1,1,1.0,6
201200037843,0012-09-23 01:00:00,12,9,23,1,0,770,407,D607,,,Nuit sans éclairage public,Hors agglomération,Hors intersection,Normale,Deux véhicules - côté,,,,,,,,,,,3,1,1,1.0,3
201200037844,0012-09-29 17:30:00,12,9,29,17,30,770,152,", AMPERE(AVENUE ANDRE)",48.50886,2.60872,Plein jour,En agglomération,Intersection en T,Normale,Trois véhicules et plus - collisions multiples,,,,,,,,,,,1,2,3,1.0,5
201200037845,0012-10-12 19:45:00,12,10,12,19,45,770,285,EUROPE (AVENUE DE L'),,,Nuit avec éclairage allumé,En agglomération,Hors intersection,Normale,Autre collision,,,,,,,,,,,5,2,1,1.0,6
201200037846,0012-11-05 21:15:00,12,11,5,21,15,770,487,R.N 105,,,Nuit sans éclairage public,Hors agglomération,Hors intersection,Pluie forte,Autre collision,,,,,,,,,,,3,1,1,3.0,6
201200037847,0012-11-17 16:00:00,12,11,17,16,0,770,152,LYS(AVENUE DU)N?9 A 413,,,Plein jour,En agglomération,Hors intersection,Normale,Deux véhicules - arrière,,,,,,,,,,,1,2,1,1.0,2
201200037848,0012-11-22 12:30:00,12,11,22,12,30,770,288,CHAPU   (PLACE),48.53351,2.65884,Plein jour,En agglomération,Giratoire,Normale,Deux véhicules - côté,,,,,,,,,,,1,2,6,1.0,3
201200037849,0012-11-27 22:20:00,12,11,27,22,20,770,188,D.39,,,Nuit sans éclairage public,En agglomération,Hors intersection,Pluie légère,Autre collision,,,,,,,,,,,3,2,1,2.0,6
201200037850,0012-12-06 19:20:00,12,12,6,19,20,770,518,DEPARTEMENTALE 372,,,Nuit sans éclairage public,Hors agglomération,Hors intersection,Normale,Deux véhicules - arrière,,,,,,,,,,,3,1,1,1.0,2
201200037851,0012-11-21 07:55:00,12,11,21,7,55,770,288,GENERAL LECLERC (RUE),,,Crépuscule ou aube,En agglomération,Hors intersection,Normale,Deux véhicules - côté,,,,,,,,,,,2,2,1,1.0,3
201200037852,0012-12-18 08:10:00,12,12,18,8,10,770,285,"0, JEAN MONNET (RUE)",,,Crépuscule ou aube,En agglomération,Intersection en X,Pluie légère,Autre collision,,,,,,,,,,,2,2,2,2.0,6
201200037853,0012-01-26 12:55:00,12,1,26,12,55,770,389,"14, COCTEAU JEAN(RUE)",48.51558,2.66155,Plein jour,En agglomération,Hors intersection,Normale,Autre collision,,,,,,,,,,,1,2,1,1.0,6
201200037854,0012-08-27 09:30:00,12,8,27,9,30,770,394,D.471,,,Plein jour,Hors agglomération,Hors intersection,Normale,Deux véhicules - frontale,,,,,,,,,,,1,1,1,1.0,1
201200037855,0012-10-15 19:20:00,12,10,15,19,20,770,288,"17, PARC  (RUE DU)",,,Nuit sans éclairage public,En agglomération,Hors intersection,Normale,Deux véhicules - frontale,,,,,,,,,,,3,2,1,1.0,1
201200037856,0012-03-02 05:05:00,12,3,2,5,5,770,241,CD 404,,,Nuit sans éclairage public,Hors agglomération,Hors intersection,Pluie légère,Autre collision,,,,,,,,,,,3,1,1,2.0,6
201200037857,0012-04-08 20:20:00,12,4,8,20,20,770,294,"94, CLAYE (ROUTE DE)",,,Crépuscule ou aube,En agglomération,Hors intersection,Normale,Autre collision,,,,,,,,,,,2,2,1,1.0,6
201200037858,0012-07-20 17:10:00,12,7,20,17,10,770,123,CD 212,,,Plein jour,Hors agglomération,Giratoire,Normale,Deux véhicules - côté,,,,,,,,,,,1,1,6,1.0,3
201200037859,0012-09-21 23:10:00,12,9,21,23,10,770,291,CD 212,,,Nuit sans éclairage public,Hors agglomération,Hors intersection,Autre,Deux véhicules - frontale,,,,,,,,,,,3,1,1,9.0,1
201200037860,0012-11-11 14:45:00,12,11,11,14,45,770,294,JEAN BAPTISTE CLEMENT (A,,,Plein jour,En agglomération,Hors intersection,Normale,Sans collision,,,,,,,,,,,1,2,1,1.0,7
201200037861,0012-11-22 17:30:00,12,11,22,17,30,770,427,D. 404,,,Nuit sans éclairage public,Hors agglomération,Hors intersection,Normale,Deux véhicules - frontale,,,,,,,,,,,3,1,1,1.0,1
201200037862,0012-12-01 02:05:00,12,12,1,2,5,770,294,RN 2,,,Nuit sans éclairage public,Hors agglomération,Hors intersection,Normale,Sans collision,,,,,,,,,,,3,1,1,1.0,7
201200037863,0012-12-12 18:35:00,12,12,12,18,35,770,462,"SANS, D. 83",,,Nuit sans éclairage public,Hors agglomération,Hors intersection,Autre,Deux véhicules - arrière,,,,,,,,,,,3,1,1,9.0,2
201200037864,0012-01-10 17:45:00,12,1,10,17,45,770,294,CLAYE (ROUTE DE),,,Nuit avec éclairage allumé,Hors agglomération,Hors intersection,Normale,Trois véhicules et plus - en chaîne,,,,,,,,,,,5,1,1,1.0,4
201200037865,0012-02-24 15:35:00,12,2,24,15,35,770,294,VILLEPARISIS (RUE),,,Plein jour,En agglomération,Intersection en T,Normale,Deux véhicules - côté,,,,,,,,,,,1,2,3,1.0,3
201200037866,0012-05-24 16:35:00,12,5,24,16,35,770,294,PAUL VAILLANT COUTURIER,,,Plein jour,En agglomération,Hors intersection,Normale,Deux véhicules - côté,,,,,,,,,,,1,2,1,1.0,3
201200037867,0012-07-05 20:00:00,12,7,5,20,0,770,291,PARIS (RUE DE),,,Plein jour,Hors agglomération,Intersection en X,Pluie légère,Deux véhicules - arrière,,,,,,,,,,,1,1,2,2.0,2
201200037868,0012-01-05 17:35:00,12,1,5,17,35,770,450,"26, RN 19",,,Nuit sans éclairage public,Hors agglomération,Hors intersection,Vent fort / tempête,Deux véhicules - arrière,,,,,,,,,,,3,1,1,6.0,2
201200037869,0012-01-12 13:05:00,12,1,12,13,5,770,296,"02, SOUVENIR(PLACE DU)",48.6275,2.59422,Plein jour,En agglomération,Intersection en X,Normale,Trois véhicules et plus - collisions multiples,,,,,,,,,,,1,2,2,1.0,5
201200037870,0012-01-25 18:35:00,12,1,25,18,35,770,114,RD 216,,,Nuit sans éclairage public,Hors agglomération,Hors intersection,Pluie légère,Sans collision,,,,,,,,,,,3,1,1,2.0,7
201200037871,0012-02-04 18:30:00,12,2,4,18,30,770,495,D.346,,,Nuit sans éclairage public,En agglomération,Intersection en X,Normale,Deux véhicules - frontale,,,,,,,,,,,3,2,2,1.0,1
201200037872,0012-01-27 11:55:00,12,1,27,11,55,770,67,D.82,,,Plein jour,En agglomération,Hors intersection,Autre,Autre collision,,,,,,,,,,,1,2,1,9.0,6
201200037873,0012-02-24 13:00:00,12,2,24,13,0,770,114,D216,,,Plein jour,Hors agglomération,Hors intersection,Temps couvert,Deux véhicules - arrière,,,,,,,,,,,1,1,1,8.0,2
201200037874,0012-03-18 10:20:00,12,3,18,10,20,770,251,ESPAGNE (BOULEVARD D'),48.6431,2.54331,Plein jour,En agglomération,Giratoire,Normale,Autre collision,,,,,,,,,,,1,2,6,1.0,6
201200037875,0012-03-21 17:00:00,12,3,21,17,0,770,326,"136, MORSANG (ROUTE DE)",48.57492,2.52508,Plein jour,En agglomération,Hors intersection,Normale,Sans collision,,,,,,,,,,,1,2,1,1.0,7
201200037876,0012-03-22 06:25:00,12,3,22,6,25,770,251,PAUL DELOUVRIER (AVENUE),,,Crépuscule ou aube,En agglomération,Hors intersection,Normale,Deux véhicules - arrière,,,,,,,,,,,2,2,1,1.0,2
201200037877,0012-03-28 12:15:00,12,3,28,12,15,770,495,D.306,,,Plein jour,Hors agglomération,Hors intersection,Normale,Trois véhicules et plus - en chaîne,,,,,,,,,,,1,1,1,1.0,4
201200037878,0012-03-31 02:35:00,12,3,31,2,35,770,53,"104, GENERAL LECLERC (RU",,,Nuit avec éclairage allumé,En agglomération,Giratoire,Normale,Autre collision,,,,,,,,,,,5,2,6,1.0,6
201200037879,0012-03-31 22:50:00,12,3,31,22,50,770,53,"164, GENERAL LECLERC (RU",,,Nuit avec éclairage allumé,En agglomération,Intersection en T,Normale,Sans collision,,,,,,,,,,,5,2,3,1.0,7
201200037880,0012-04-08 15:50:00,12,4,8,15,50,770,445,D. 50,,,Plein jour,En agglomération,Hors intersection,Normale,Trois véhicules et plus - collisions multiples,,,,,,,,,,,1,2,1,1.0,5
201200037881,0012-04-13 17:15:00,12,4,13,17,15,770,114,D471,,,Plein jour,Hors agglomération,Hors intersection,Temps couvert,Deux véhicules - arrière,,,,,,,,,,,1,1,1,8.0,2
201200037882,0012-05-02 23:50:00,12,5,2,23,50,770,251,PAUL DELOUVRIER(AVENUE),,,Nuit avec éclairage allumé,En agglomération,Intersection en X,Pluie légère,Deux véhicules - côté,,,,,,,,,,,5,2,2,2.0,3
201200037883,0012-05-04 17:15:00,12,5,4,17,15,770,53,"angle, GENERAL LECLERC (",,,Plein jour,En agglomération,Hors intersection,Pluie légère,Deux véhicules - frontale,,,,,,,,,,,1,2,1,2.0,1
201200037884,0012-05-07 19:00:00,12,5,7,19,0,770,53,D216,,,Plein jour,Hors agglomération,Hors intersection,Normale,Deux véhicules - arrière,,,,,,,,,,,1,1,1,1.0,2
201200037885,0012-05-12 15:20:00,12,5,12,15,20,770,296,PASTEUR(AVENUE),48.62821,2.60017,Plein jour,En agglomération,Intersection en X,Normale,Deux véhicules - côté,,,,,,,,,,,1,2,2,1.0,3
201200037886,0012-05-19 13:00:00,12,5,19,13,0,770,445,"119, MOULIN (AVENUE JEAN",48.58845,2.57661,Plein jour,En agglomération,Hors intersection,Normale,Autre collision,,,,,,,,,,,1,2,1,1.0,6
201200037887,0012-05-24 21:50:00,12,5,24,21,50,770,53,BUTTE AUX BERGERS (RUE D,,,Crépuscule ou aube,En agglomération,Giratoire,Normale,Sans collision,,,,,,,,,,,2,2,6,1.0,7
201200037888,0012-05-24 17:55:00,12,5,24,17,55,770,445,MENDES-FRANCE (AVENUE PI,48.59418,2.56829,Plein jour,En agglomération,Hors intersection,Normale,Deux véhicules - frontale,,,,,,,,,,,1,2,1,1.0,1
201200037889,0012-06-01 19:45:00,12,6,1,19,45,770,445,VALLES (AVENUE JULES),48.59417,2.5816,Plein jour,En agglomération,Hors intersection,Normale,Autre collision,,,,,,,,,,,1,2,1,1.0,6
201200037890,0012-06-04 08:15:00,12,6,4,8,15,770,450,RN 19,,,Plein jour,Hors agglomération,Intersection en T,Normale,Trois véhicules et plus - collisions multiples,,,,,,,,,,,1,1,3,1.0,5
201200037891,0012-06-05 16:45:00,12,6,5,16,45,770,67,D.346,,,Plein jour,Hors agglomération,Hors intersection,Normale,Deux véhicules - côté,,,,,,,,,,,1,1,1,1.0,3
201200037892,0012-06-08 22:50:00,12,6,8,22,50,770,296,PAUL DELOUVRIER(AVENUE),,,Nuit avec éclairage allumé,En agglomération,Autre intersection,Temps couvert,Autre collision,,,,,,,,,,,5,2,9,8.0,6
201200037893,0012-06-06 22:10:00,12,6,6,22,10,770,445,PALME (AVENUE OLOF),,,Nuit avec éclairage allumé,Hors agglomération,Hors intersection,Normale,Sans collision,,,,,,,,,,,5,1,1,1.0,7
201200037894,0012-06-19 17:30:00,12,6,19,17,30,770,67,"23, MONIER (RUE CHARLES)",48.56282,2.60595,Plein jour,En agglomération,Hors intersection,Normale,Deux véhicules - arrière,,,,,,,,,,,1,2,1,1.0,2
201200037895,0012-06-23 22:25:00,12,6,23,22,25,770,445,EUROPE (AVENUE DE L'),48.59907,2.5921,Nuit avec éclairage allumé,Hors agglomération,Giratoire,Normale,Deux véhicules - côté,,,,,,,,,,,5,1,6,1.0,3
201200037896,0012-07-02 14:00:00,12,7,2,14,0,770,450,ROSES (RUE DES),48.71454,2.57751,Plein jour,En agglomération,Giratoire,Normale,Deux véhicules - côté,,,,,,,,,,,1,2,6,1.0,3
201200037897,0012-07-04 14:00:00,12,7,4,14,0,770,114,CHARLES PATHE (RUE),,,Plein jour,En agglomération,Hors intersection,Pluie légère,Sans collision,,,,,,,,,,,1,2,1,2.0,7
201200037898,0012-08-01 19:45:00,12,8,1,19,45,770,326,OLOF PALME (AVENUE),,,Plein jour,En agglomération,Giratoire,Normale,Deux véhicules - arrière,,,,,,,,,,,1,2,6,1.0,2
201200037899,0012-08-06 19:25:00,12,8,6,19,25,770,251,TRAIT D'UNION (AVENUE DU,,,Plein jour,Hors agglomération,Giratoire,Normale,Deux véhicules - côté,,,,,,,,,,,1,1,6,1.0,3
201200037900,0012-08-21 13:10:00,12,8,21,13,10,770,495,D.306,,,Plein jour,En agglomération,Hors intersection,Normale,Deux véhicules - côté,,,,,,,,,,,1,2,1,1.0,3
201200037901,0012-08-24 14:00:00,12,8,24,14,0,770,445,HAIE  (RUE DE LA),,,Plein jour,Hors agglomération,Intersection en X,Normale,Deux véhicules - côté,,,,,,,,,,,1,1,2,1.0,3
201200037902,0012-09-01 19:10:00,12,9,1,19,10,770,296,"437, JEAN JAURES (AVENUE",48.62739,2.57957,Plein jour,En agglomération,Hors intersection,Normale,Autre collision,,,,,,,,,,,1,2,1,1.0,6
201200037903,0012-09-03 20:15:00,12,9,3,20,15,770,53,BUTTE AUX BERGERS (RUE D,,,Crépuscule ou aube,En agglomération,Giratoire,Normale,Deux véhicules - côté,,,,,,,,,,,2,2,6,1.0,3
201200037904,0012-09-04 15:30:00,12,9,4,15,30,770,114,D.471,,,Plein jour,Hors agglomération,Hors intersection,Normale,Deux véhicules - côté,,,,,,,,,,,1,1,1,1.0,3
201200037905,0012-09-09 09:54:00,12,9,9,9,54,770,445,8 MAI 1945 (AVENUE DU),,,Plein jour,Hors agglomération,Giratoire,Normale,Deux véhicules - côté,,,,,,,,,,,1,1,6,1.0,3
201200037906,0012-09-15 08:25:00,12,9,15,8,25,770,495,D.306,,,Plein jour,Hors agglomération,Intersection en Y,Normale,Deux véhicules - frontale,,,,,,,,,,,1,1,4,1.0,1
201200037907,0012-09-20 17:40:00,12,9,20,17,40,770,296,"437, JEAN JAURES (AVENUE",48.62739,2.57875,Plein jour,En agglomération,Giratoire,Normale,Deux véhicules - côté,,,,,,,,,,,1,2,6,1.0,3
201200037908,0012-09-29 15:45:00,12,9,29,15,45,770,384,D.57,,,Plein jour,Hors agglomération,Hors intersection,Normale,Sans collision,,,,,,,,,,,1,1,1,1.0,7
201200037909,0012-10-04 08:25:00,12,10,4,8,25,770,251,SCHOELCHER ( BOULEVARD),49.63564,2.54889,Crépuscule ou aube,En agglomération,Hors intersection,Pluie légère,Autre collision,,,,,,,,,,,2,2,1,2.0,6
201200037910,0012-10-06 02:20:00,12,10,6,2,20,770,114,"1, CHARLES PATHE (RUE)",,,Nuit avec éclairage allumé,En agglomération,Hors intersection,Normale,Autre collision,,,,,,,,,,,5,2,1,1.0,6
201200037911,0012-11-01 16:40:00,12,11,1,16,40,770,67,OREE DU BOIS (RUE DE L'),48.58635,2.59664,Plein jour,En agglomération,Giratoire,Pluie légère,Sans collision,,,,,,,,,,,1,2,6,2.0,7
201200037912,0012-11-03 07:50:00,12,11,3,7,50,770,296,D402,,,Crépuscule ou aube,Hors agglomération,Hors intersection,Pluie légère,Sans collision,,,,,,,,,,,2,1,1,2.0,7
201200037913,0012-12-09 16:35:00,12,12,9,16,35,770,122,D 57,,,Plein jour,Hors agglomération,Hors intersection,Normale,Sans collision,,,,,,,,,,,1,1,1,1.0,7
201200037914,0012-11-23 18:10:00,12,11,23,18,10,770,296,PAUL DELOUVRIER(AVENUE),,,Nuit sans éclairage public,Hors agglomération,Hors intersection,Pluie légère,Trois véhicules et plus - collisions multiples,,,,,,,,,,,3,1,1,2.0,5
201200037915,0012-12-18 11:05:00,12,12,18,11,5,770,251,MOULIN A VENT (RUE DU),,,Plein jour,En agglomération,Giratoire,Normale,Deux véhicules - arrière,,,,,,,,,,,1,2,6,1.0,2
201200037916,0012-12-13 18:30:00,12,12,13,18,30,770,445,MOULIN (AVENUE JEAN),48.59565,2.58344,Nuit avec éclairage allumé,En agglomération,Hors intersection,Pluie légère,Trois véhicules et plus - collisions multiples,,,,,,,,,,,5,2,1,2.0,5
201200037917,0012-12-19 08:10:00,12,12,19,8,10,770,450,RD 319,,,Crépuscule ou aube,Hors agglomération,Hors intersection,Normale,Autre collision,,,,,,,,,,,2,1,1,1.0,6
201200037918,0012-10-25 06:50:00,12,10,25,6,50,770,296,PAUL DELOUVRIER(AVENUE),,,Nuit sans éclairage public,Hors agglomération,Intersection en X,Normale,Deux véhicules - côté,,,,,,,,,,,3,1,2,1.0,3
201200037919,0012-01-17 08:30:00,12,1,17,8,30,770,305,PROVINS (ROUTE DE),,,Plein jour,En agglomération,Hors intersection,Normale,Deux véhicules - frontale,,,,,,,,,,,1,2,1,1.0,1
201200037920,0012-02-16 14:35:00,12,2,16,14,35,770,54,RN 6,,,Plein jour,Hors agglomération,Hors intersection,Temps couvert,Deux véhicules - frontale,,,,,,,,,,,1,1,1,8.0,1
201200037921,0012-03-21 13:20:00,12,3,21,13,20,770,305,SENS (ROUTE DE),,,Plein jour,En agglomération,Hors intersection,Normale,Trois véhicules et plus - collisions multiples,,,,,,,,,,,1,2,1,1.0,5
201200037922,0012-05-14 10:15:00,12,5,14,10,15,770,279,ROUTE DEPARTEMENTALE 411,,,Plein jour,Hors agglomération,Hors intersection,Normale,Deux véhicules - frontale,,,,,,,,,,,1,1,1,1.0,1
201200037923,0012-05-17 06:55:00,12,5,17,6,55,770,172,D 219,,,Crépuscule ou aube,Hors agglomération,Hors intersection,Normale,Sans collision,,,,,,,,,,,2,1,1,1.0,7
201200037924,0012-07-28 18:50:00,12,7,28,18,50,770,305,"0, PAUL BAUDELOT (RUE)",48.40027,2.9711,Plein jour,En agglomération,Intersection en X,Normale,Deux véhicules - côté,,,,,,,,,,,1,2,2,1.0,3
201200037925,0012-07-28 16:35:00,12,7,28,16,35,770,439,D 210,,,Plein jour,Hors agglomération,Intersection en X,Normale,Deux véhicules - côté,,,,,,,,,,,1,1,2,1.0,3
201200037926,0012-09-19 18:20:00,12,9,19,18,20,770,210,RN 6 (SECTEUR GRANDE PAR,,,Plein jour,Hors agglomération,Giratoire,Normale,Deux véhicules - côté,,,,,,,,,,,1,1,6,1.0,3
201200037927,0012-11-10 15:10:00,12,11,10,15,10,770,172,D 28,,,Plein jour,Hors agglomération,Hors intersection,Temps couvert,Deux véhicules - frontale,,,,,,,,,,,1,1,1,8.0,1
201200037928,0012-03-01 22:40:00,12,3,1,22,40,770,305,D 605,,,Nuit avec éclairage allumé,En agglomération,Autre intersection,Autre,Autre collision,,,,,,,,,,,5,2,9,9.0,6
201200037929,0012-03-27 20:45:00,12,3,27,20,45,770,419,CROIX BLANCHE (QUAI DE L,,,Nuit avec éclairage allumé,En agglomération,Intersection en X,Normale,Trois véhicules et plus - collisions multiples,,,,,,,,,,,5,2,2,1.0,5
201200037930,0012-06-08 17:00:00,12,6,8,17,0,770,316,"3, GEORGES CLEMENCEAU (A",,,Plein jour,En agglomération,Hors intersection,Normale,Autre collision,,,,,,,,,,,1,2,1,1.0,6
201200037931,0012-06-24 19:10:00,12,6,24,19,10,770,316,SAINT-MAMMES (ROUTE DE),,,Plein jour,Hors agglomération,Hors intersection,Pluie légère,Trois véhicules et plus - collisions multiples,,,,,,,,,,,1,1,1,2.0,5