accident_id,datetime,annee,mois,jour,heure,minute,departement,commune_insee,adresse,latitude,longitude,luminosite,agglomeration,intersection,meteo,collision,nb_vehicules,nb_usagers,nb_indemnes,nb_tues,nb_blesses_hosp,nb_blesses_legers,age_cond_1,age_cond_2,veh_type_cond_1,veh_type_cond_2,lum_code,agg_code,int_code,atm_code,col_code
201200038182,0012-03-24 13:20:00,12,3,24,13,20,780,124,R DU TONKIN,48.91613,2.19453,Plein jour,En agglomération,Intersection en T,Normale,Deux véhicules - côté,,,,,,,,,,,1,2,3,1.0,3
201200038183,0012-09-08 16:00:00,12,9,8,16,0,780,311,R H BARBUSSE/NEGRIER,,,Plein jour,En agglomération,Intersection en T,Normale,Deux véhicules - côté,,,,,,,,,,,1,2,3,1.0,3
201200038184,0012-12-12 15:45:00,12,12,12,15,45,780,311,JEAN JAURES (BOULEVARD),,,Plein jour,En agglomération,Intersection en X,Normale,Deux véhicules - côté,,,,,,,,,,,1,2,2,1.0,3
201200038185,0012-03-09 07:27:00,12,3,9,7,27,780,358,ALBINE (AVENUE),,,Plein jour,En agglomération,Intersection en T,Normale,Deux véhicules - côté,,,,,,,,,,,1,2,3,1.0,3
201200038186,0012-09-30 18:25:00,12,9,30,18,25,780,358,PL WAGRAM,,,Plein jour,En agglomération,Giratoire,Normale,Deux véhicules - arrière,,,,,,,,,,,1,2,6,1.0,2
201200038187,0012-12-19 07:50:00,12,12,19,7,50,780,358,AV EGLE/VERGNIAUD,48.95412,2.15521,Nuit sans éclairage public,En agglomération,Intersection en X,Normale,Deux véhicules - côté,,,,,,,,,,,3,2,2,1.0,3
201200038188,0012-01-03 17:55:00,12,1,3,17,55,780,361,R DE BUCHELAY,48.99495,1.68831,Nuit avec éclairage allumé,En agglomération,Intersection en X,Normale,Autre collision,,,,,,,,,,,5,2,2,1.0,6
201200038189,0012-01-09 16:40:00,12,1,9,16,40,780,362,AVENUE DU BREUIL,,,Plein jour,En agglomération,Hors intersection,Normale,Autre collision,,,,,,,,,,,1,2,1,1.0,6
201200038190,0012-01-14 14:35:00,12,1,14,14,35,780,118,AV DE LA DURANCE,,,Plein jour,En agglomération,Hors intersection,Normale,Deux véhicules - frontale,,,,,,,,,,,1,2,1,1.0,1
201200038191,0012-01-27 18:35:00,12,1,27,18,35,780,402,RD 113 / R NATIONALE,,,Nuit avec éclairage allumé,En agglomération,Intersection en T,Normale,Deux véhicules - côté,,,,,,,,,,,5,2,3,1.0,3
201200038192,0012-02-11 07:45:00,12,2,11,7,45,780,314,R DE RANGIPORT,48.59,1.47,Nuit avec éclairage allumé,Hors agglomération,Hors intersection,Normale,Deux véhicules - frontale,,,,,,,,,,,5,1,1,1.0,1
201200038193,0012-02-16 17:30:00,12,2,16,17,30,780,217,RD 139,,,Crépuscule ou aube,Hors agglomération,Hors intersection,Temps couvert,Autre collision,,,,,,,,,,,2,1,1,8.0,6
201200038194,0012-02-17 11:05:00,12,2,17,11,5,780,354,R PINCEVIN/AV DE L'EUROP,,,Plein jour,En agglomération,Intersection en X,Normale,Trois véhicules et plus - collisions multiples,,,,,,,,,,,1,2,2,1.0,5
201200038195,0012-03-12 15:40:00,12,3,12,15,40,780,335,AVCLEMENCEAU/ROELANDT,48.99286,1.73431,Plein jour,En agglomération,Intersection en X,Normale,Deux véhicules - côté,,,,,,,,,,,1,2,2,1.0,3
201200038196,0012-04-02 19:00:00,12,4,2,19,0,780,361,BD SULLY/DR GODEAU,49.00529,1.68527,Plein jour,En agglomération,Intersection en T,Temps éblouissant,Autre collision,,,,,,,,,,,1,2,3,7.0,6
201200038197,0012-04-27 19:45:00,12,4,27,19,45,780,267,AV DE PARIS/A CAMUS,48.98822,1.81978,Crépuscule ou aube,En agglomération,Intersection en X,Normale,Autre collision,,,,,,,,,,,2,2,2,1.0,6
201200038198,0012-05-13 18:30:00,12,5,13,18,30,780,314,RD 190,,,Plein jour,Hors agglomération,Hors intersection,Normale,Deux véhicules - côté,,,,,,,,,,,1,1,1,1.0,3
201200038199,0012-05-25 21:30:00,12,5,25,21,30,780,361,52 R MAURICE BRAUNSTEIN,48.99781,1.70542,Plein jour,En agglomération,Hors intersection,Normale,Autre collision,,,,,,,,,,,1,2,1,1.0,6
201200038200,0012-06-01 17:35:00,12,6,1,17,35,780,361,R DES MARMOUSETS,48.99095,1.71686,Plein jour,En agglomération,Hors intersection,Normale,Autre collision,,,,,,,,,,,1,2,1,1.0,6
201200038201,0012-06-05 17:00:00,12,6,5,17,0,780,361,R PIERRE DE RONSARD,49.00007,1.68434,Plein jour,En agglomération,Autre intersection,Normale,Autre collision,,,,,,,,,,,1,2,9,1.0,6
201200038202,0012-06-27 19:10:00,12,6,27,19,10,780,361,R DU VIEUX PONT/NATIONAL,,,Plein jour,En agglomération,Intersection en T,Normale,Deux véhicules - frontale,,,,,,,,,,,1,2,3,1.0,1
201200038203,0012-07-05 00:05:00,12,7,5,0,5,780,314,3 BIS R DU PONT,48.99065,1.79466,Nuit avec éclairage non allumé,En agglomération,Hors intersection,Normale,Autre collision,,,,,,,,,,,4,2,1,1.0,6
201200038204,0012-07-04 21:10:00,12,7,4,21,10,780,361,ALL CORTEZ/CHARCOT,49.00186,1.68994,Crépuscule ou aube,En agglomération,Intersection en T,Normale,Autre collision,,,,,,,,,,,2,2,3,1.0,6
201200038205,0012-07-12 13:15:00,12,7,12,13,15,780,361,R LAFONTAINE/RONSARD,48.99877,1.68408,Plein jour,En agglomération,Intersection en X,Normale,Autre collision,,,,,,,,,,,1,2,2,1.0,6
201200038206,0012-07-15 19:30:00,12,7,15,19,30,780,362,BD SALENGRO/R M SEMBAT,,,Plein jour,En agglomération,Intersection en T,Normale,Deux véhicules - arrière,,,,,,,,,,,1,2,3,1.0,2
201200038207,0012-07-25 20:40:00,12,7,25,20,40,780,361,BD CLEMENCEAU/CHARCOT,49.00197,1.68705,Crépuscule ou aube,En agglomération,Intersection en X,Normale,Deux véhicules - côté,,,,,,,,,,,2,2,2,1.0,3
201200038208,0012-08-08 18:00:00,12,8,8,18,0,780,118,R OUEST/COMMUNAUTE,48.98322,1.67401,Plein jour,En agglomération,Intersection en T,Normale,Deux véhicules - côté,,,,,,,,,,,1,2,3,1.0,3
201200038209,0012-08-18 20:40:00,12,8,18,20,40,780,217,76 AV PR EMILE SERGENT,48.95701,1.81457,Plein jour,En agglomération,Hors intersection,Normale,Autre collision,,,,,,,,,,,1,2,1,1.0,6
201200038210,0012-08-28 19:40:00,12,8,28,19,40,780,361,4 ALLEE FERNAND CORTEZ,49.00233,1.69002,Plein jour,En agglomération,Hors intersection,Normale,Deux véhicules - côté,,,,,,,,,,,1,2,1,1.0,3
201200038211,0012-09-05 06:30:00,12,9,5,6,30,780,361,AV GAL DE GAULLE/SULLY,48.99681,1.67635,Crépuscule ou aube,En agglomération,Intersection en X,Normale,Deux véhicules - côté,,,,,,,,,,,2,2,2,1.0,3
201200038212,0012-09-09 21:30:00,12,9,9,21,30,780,362,BD ROGER SALENGRO/A13,,,Crépuscule ou aube,Hors agglomération,Intersection en X,Normale,Autre collision,,,,,,,,,,,2,1,2,1.0,6
201200038213,0012-09-11 16:40:00,12,9,11,16,40,780,267,AV DE PARIS/LUCIE DESNOS,48.98802,1.81024,Plein jour,En agglomération,Intersection en X,Normale,Deux véhicules - côté,,,,,,,,,,,1,2,2,1.0,3
201200038214,0012-09-20 17:30:00,12,9,20,17,30,780,361,R JF MILLET/BOUCHET,49.00405,1.6806,Plein jour,En agglomération,Intersection en X,Temps couvert,Deux véhicules - côté,,,,,,,,,,,1,2,2,8.0,3
201200038215,0012-10-12 16:50:00,12,10,12,16,50,780,402,R DES LIGNEUX,48.95468,1.7994,Plein jour,En agglomération,Hors intersection,Normale,Deux véhicules - côté,,,,,,,,,,,1,2,1,1.0,3
201200038216,0012-10-25 19:50:00,12,10,25,19,50,780,217,RD 130,,,Crépuscule ou aube,En agglomération,Hors intersection,Normale,Autre collision,,,,,,,,,,,2,2,1,1.0,6
201200038217,0012-10-31 19:00:00,12,10,31,19,0,780,362,BD ROGER SALENGRO,,,Nuit avec éclairage allumé,En agglomération,Hors intersection,Normale,Autre collision,,,,,,,,,,,5,2,1,1.0,6
201200038218,0012-11-09 18:40:00,12,11,9,18,40,780,267,R PIERRE ET MARIE/RATY,48.98831,1.80244,Nuit sans éclairage public,En agglomération,Intersection en T,Pluie légère,Deux véhicules - côté,,,,,,,,,,,3,2,3,2.0,3
201200038219,0012-11-23 19:45:00,12,11,23,19,45,780,361,12 BD CALMETTE,,,Nuit avec éclairage allumé,En agglomération,Hors intersection,Pluie légère,Deux véhicules - côté,,,,,,,,,,,5,2,1,2.0,3
201200038220,0012-12-03 06:40:00,12,12,3,6,40,780,362,AV DU BREUIL/YVELINE,48.96961,1.71709,Nuit avec éclairage allumé,En agglomération,Intersection en Y,Pluie légère,Autre collision,,,,,,,,,,,5,2,4,2.0,6
201200038221,0012-04-17 09:55:00,12,4,17,9,55,780,224,RD 161,,,Plein jour,Hors agglomération,Hors intersection,Temps couvert,Autre collision,,,,,,,,,,,1,1,1,8.0,6
201200038222,0012-07-12 08:50:00,12,7,12,8,50,780,350,RTE VERSAILLES/MAL JOFFR,,,Plein jour,En agglomération,Intersection en T,Normale,Deux véhicules - arrière,,,,,,,,,,,1,2,3,1.0,2
201200038223,0012-12-07 18:50:00,12,12,7,18,50,780,372,7 R PAUL LEPLAT,48.87178,2.09319,Nuit avec éclairage allumé,En agglomération,Autre intersection,Pluie légère,Deux véhicules - côté,,,,,,,,,,,5,2,9,2.0,3
201200038224,0012-12-17 08:02:00,12,12,17,8,2,780,350,VERSAILLES (ROUTE DE),,,Nuit avec éclairage non allumé,En agglomération,Hors intersection,Pluie légère,Trois véhicules et plus - en chaîne,,,,,,,,,,,4,2,1,2.0,4
201200038225,0012-01-09 11:00:00,12,1,9,11,0,780,440,AV MAL FOCH/R RODIN,48.9924,1.90301,Plein jour,En agglomération,Intersection en T,Normale,Deux véhicules - arrière,,,,,,,,,,,1,2,3,1.0,2
201200038226,0012-01-09 20:20:00,12,1,9,20,20,780,29,R SOURCES/COOPERATION,48.95895,1.85707,Nuit avec éclairage allumé,En agglomération,Intersection en T,Temps couvert,Deux véhicules - côté,,,,,,,,,,,5,2,3,8.0,3
201200038227,0012-01-10 10:07:00,12,1,10,10,7,780,440,RTE DE VERNEUIL,48.99396,1.93576,Plein jour,Hors agglomération,Hors intersection,Normale,Autre collision,,,,,,,,,,,1,1,1,1.0,6
201200038228,0012-01-10 11:42:00,12,1,10,11,42,780,440,AV PAUL RAOULT/R PASCAL,48.97972,1.91291,Plein jour,En agglomération,Intersection en T,Normale,Trois véhicules et plus - en chaîne,,,,,,,,,,,1,2,3,1.0,4
201200038229,0012-01-11 19:00:00,12,1,11,19,0,780,440,AV FOCH/PABLO PICASSO,48.98916,1.8983,Nuit avec éclairage allumé,En agglomération,Intersection en T,Normale,Trois véhicules et plus - en chaîne,,,,,,,,,,,5,2,3,1.0,4
201200038230,0012-01-13 05:45:00,12,1,13,5,45,780,238,RD 14,48.97401,1.88046,Nuit avec éclairage allumé,Hors agglomération,Hors intersection,Normale,Sans collision,,,,,,,,,,,5,1,1,1.0,7
201200038231,0012-01-13 02:25:00,12,1,13,2,25,780,440,AV P RAOULT/R AMPERE,48.99695,1.91329,Nuit avec éclairage allumé,En agglomération,Giratoire,Normale,Deux véhicules - côté,,,,,,,,,,,5,2,6,1.0,3
201200038232,0012-12-19 18:30:00,12,12,19,18,30,780,238,RD 14,,,Nuit sans éclairage public,En agglomération,Hors intersection,Pluie forte,Deux véhicules - arrière,,,,,,,,,,,3,2,1,3.0,2
201200038233,0012-01-17 09:30:00,12,1,17,9,30,780,29,AV DIVISION LECLERC,48.95633,1.85816,Plein jour,En agglomération,Hors intersection,Temps éblouissant,Autre collision,,,,,,,,,,,1,2,1,7.0,6
201200038234,0012-01-17 08:15:00,12,1,17,8,15,780,440,R GAMBETTA/A BRIAND,48.99143,1.91072,Crépuscule ou aube,En agglomération,Intersection en Y,Normale,Autre collision,,,,,,,,,,,2,2,4,1.0,6
201200038235,0012-01-03 08:35:00,12,1,3,8,35,780,440,R G VILAIN/L LAGRANGE,48.98825,1.90936,Plein jour,En agglomération,Intersection en X,Normale,Autre collision,,,,,,,,,,,1,2,2,1.0,6
201200038236,0012-01-20 20:20:00,12,1,20,20,20,780,29,RTE DE BAZEMONT,48.94555,1.8662,Nuit sans éclairage public,Hors agglomération,Hors intersection,Normale,Deux véhicules - frontale,,,,,,,,,,,3,1,1,1.0,1
201200038237,0012-01-27 23:05:00,12,1,27,23,5,780,609,R DU MOULIN BRULE,49.02463,1.92226,Nuit sans éclairage public,En agglomération,Hors intersection,Normale,Deux véhicules - arrière,,,,,,,,,,,3,2,1,1.0,2
201200038238,0012-01-27 11:30:00,12,1,27,11,30,780,401,RD 14/RD 28,49.01028,1.90378,Plein jour,En agglomération,Intersection en X,Normale,Deux véhicules - arrière,,,,,,,,,,,1,2,2,1.0,2
201200038239,0012-02-07 16:15:00,12,2,7,16,15,780,401,RD 14/RD 28,49.01025,1.90377,Plein jour,En agglomération,Intersection en X,Normale,Trois véhicules et plus - en chaîne,,,,,,,,,,,1,2,2,1.0,4
201200038240,0012-02-08 12:55:00,12,2,8,12,55,780,440,AV EUROPE/R UTRILLO,48.97384,1.91715,Plein jour,En agglomération,Intersection en T,Normale,Deux véhicules - arrière,,,,,,,,,,,1,2,3,1.0,2
201200038241,0012-02-18 17:40:00,12,2,18,17,40,780,29,RTE DES 40 SOUS/UNION,48.96263,1.85797,Crépuscule ou aube,En agglomération,Giratoire,Pluie légère,Deux véhicules - côté,,,,,,,,,,,2,2,6,2.0,3
201200038242,0012-02-29 20:00:00,12,2,29,20,0,780,238,RD 14 / RD 19,48.96973,1.86377,Nuit avec éclairage allumé,En agglomération,Giratoire,Normale,Deux véhicules - côté,,,,,,,,,,,5,2,6,1.0,3
201200038243,0012-03-08 08:50:00,12,3,8,8,50,780,299,AV DES ETANGS PRES,49.00925,1.90079,Plein jour,En agglomération,Hors intersection,Normale,Deux véhicules - côté,,,,,,,,,,,1,2,1,1.0,3
201200038244,0012-02-26 16:00:00,12,2,26,16,0,780,440,R COLAZE,48.99093,1.90574,Plein jour,Hors agglomération,Hors intersection,Normale,Autre collision,,,,,,,,,,,1,1,1,1.0,6
201200038245,0012-02-11 05:30:00,12,2,11,5,30,780,440,R DE SEINE,48.99751,1.90986,Nuit avec éclairage allumé,En agglomération,Hors intersection,Normale,Autre collision,,,,,,,,,,,5,2,1,1.0,6
201200038246,0012-03-08 17:40:00,12,3,8,17,40,780,440,AV P RAOULT/REPUBLIQUE,48.98578,1.91193,Plein jour,En agglomération,Intersection en X,Normale,Autre collision,,,,,,,,,,,1,2,2,1.0,6
201200038247,0012-02-16 19:30:00,12,2,16,19,30,780,401,R FERME DU PARADIS,49.00899,1.92392,Nuit avec éclairage allumé,En agglomération,Hors intersection,Normale,Sans collision,,,,,,,,,,,5,2,1,1.0,7
201200038248,0012-03-16 11:00:00,12,3,16,11,0,780,238,RD 14,48.97337,1.87965,Plein jour,Hors agglomération,Autre intersection,Normale,Deux véhicules - côté,,,,,,,,,,,1,1,9,1.0,3
201200038249,0012-03-19 18:35:00,12,3,19,18,35,780,440,AV DE L'EUROPE,,,Plein jour,En agglomération,Giratoire,Normale,Autre collision,,,,,,,,,,,1,2,6,1.0,6
201200038250,0012-03-16 17:10:00,12,3,16,17,10,780,638,AV DE LA GARE,49.00659,1.96394,Plein jour,En agglomération,Hors intersection,Normale,Autre collision,,,,,,,,,,,1,2,1,1.0,6
201200038251,0012-03-27 08:10:00,12,3,27,8,10,780,401,R GAMBETTA/ABREUVOIR,49.00506,1.91134,Plein jour,En agglomération,Intersection en T,Normale,Deux véhicules - arrière,,,,,,,,,,,1,2,3,1.0,2
201200038252,0012-03-23 19:40:00,12,3,23,19,40,780,29,RD 113/R DU 8 MAI 1945,48.96129,1.85016,Nuit avec éclairage allumé,En agglomération,Intersection en T,Normale,Deux véhicules - arrière,,,,,,,,,,,5,2,3,1.0,2
201200038253,0012-03-27 17:30:00,12,3,27,17,30,780,238,R MAL FOCH/DU CHATEAU,48.96464,1.87057,Plein jour,En agglomération,Intersection en T,Normale,Deux véhicules - côté,,,,,,,,,,,1,2,3,1.0,3
201200038254,0012-03-23 20:35:00,12,3,23,20,35,780,29,BD LEFAUCHEUX/REPUBLIQUE,48.9765,1.8503,Nuit avec éclairage allumé,En agglomération,Intersection en T,Normale,Deux véhicules - côté,,,,,,,,,,,5,2,3,1.0,3
201200038255,0012-04-05 12:45:00,12,4,5,12,45,780,440,R LEON FOURCIL,48.97423,1.91211,Plein jour,En agglomération,Hors intersection,Normale,Deux véhicules - frontale,,,,,,,,,,,1,2,1,1.0,1
201200038256,0012-04-05 13:35:00,12,4,5,13,35,780,440,R J ROMMEIS/G VILAIN,48.9855,1.91008,Plein jour,En agglomération,Intersection en X,Normale,Deux véhicules - côté,,,,,,,,,,,1,2,2,1.0,3
201200038257,0012-04-10 14:40:00,12,4,10,14,40,780,238,RD 14/RES BOIS BODIN,48.96344,1.8623,Plein jour,En agglomération,Intersection en X,Pluie forte,Deux véhicules - côté,,,,,,,,,,,1,2,2,3.0,3
201200038258,0012-03-28 06:45:00,12,3,28,6,45,780,440,RTE DE VERNEUIL,48.99658,1.92806,Nuit avec éclairage allumé,En agglomération,Hors intersection,Normale,Deux véhicules - frontale,,,,,,,,,,,5,2,1,1.0,1
201200038259,0012-04-16 16:30:00,12,4,16,16,30,780,29,R DE MONTGARDE/CLINIQUE,48.95707,1.84727,Plein jour,En agglomération,Intersection en T,Normale,Deux véhicules - côté,,,,,,,,,,,1,2,3,1.0,3
201200038260,0012-04-20 18:46:00,12,4,20,18,46,780,440,AV REPUBLIQUE/R A THOMAS,48.98648,1.92089,Plein jour,En agglomération,Intersection en T,Pluie légère,Deux véhicules - frontale,,,,,,,,,,,1,2,3,2.0,1
201200038261,0012-04-27 14:40:00,12,4,27,14,40,780,299,BD CARNOT/AV DE LA GARE,49.00543,1.90424,Plein jour,En agglomération,Intersection en T,Normale,Deux véhicules - arrière,,,,,,,,,,,1,2,3,1.0,2
201200038262,0012-05-15 07:40:00,12,5,15,7,40,780,401,R TESSANCOURT/VIEUX FOSS,49.00711,1.9055,Plein jour,En agglomération,Intersection en T,Normale,Autre collision,,,,,,,,,,,1,2,3,1.0,6
201200038263,0012-05-21 19:10:00,12,5,21,19,10,780,440,AV FOCH/NOUVELLE FRANCE,48.98782,1.89667,Plein jour,En agglomération,Intersection en T,Pluie légère,Deux véhicules - côté,,,,,,,,,,,1,2,3,2.0,3
201200038264,0012-04-21 04:20:00,12,4,21,4,20,780,401,R FERME DU PARADIS,49.01202,1.9181,Nuit avec éclairage allumé,En agglomération,Hors intersection,Pluie légère,Autre collision,,,,,,,,,,,5,2,1,2.0,6
201200038265,0012-05-13 17:43:00,12,5,13,17,43,780,29,R J FERRY/BOIS TONNERRE,48.95239,1.85743,Plein jour,En agglomération,Giratoire,Normale,Autre collision,,,,,,,,,,,1,2,6,1.0,6
201200038266,0012-05-13 14:00:00,12,5,13,14,0,780,401,R DE LA COTE LECUYER,49.00609,1.91583,Plein jour,En agglomération,Hors intersection,Normale,Sans collision,,,,,,,,,,,1,2,1,1.0,7
201200038267,0012-05-29 08:55:00,12,5,29,8,55,780,440,AV DE L'EUROPE/RD 44,48.97465,1.91643,Plein jour,En agglomération,Giratoire,Normale,Deux véhicules - côté,,,,,,,,,,,1,2,6,1.0,3
201200038268,0012-06-05 18:45:00,12,6,5,18,45,780,440,31 R ANDRE BRETON,48.97533,1.909,Plein jour,En agglomération,Hors intersection,Normale,Autre collision,,,,,,,,,,,1,2,1,1.0,6
201200038269,0012-06-10 16:20:00,12,6,10,16,20,780,29,15 RTE DE QUARANTE SOUS,48.96198,1.85446,Plein jour,En agglomération,Hors intersection,Pluie légère,Trois véhicules et plus - en chaîne,,,,,,,,,,,1,2,1,2.0,4
201200038270,0012-06-17 17:35:00,12,6,17,17,35,780,29,AV DIVISION LECLERC/PINS,48.95596,1.85855,Plein jour,En agglomération,Intersection en T,Normale,Deux véhicules - côté,,,,,,,,,,,1,2,3,1.0,3
201200038271,0012-06-19 18:20:00,12,6,19,18,20,780,440,R LOUIS BLERIOT,48.9766,1.91802,Plein jour,En agglomération,Hors intersection,Normale,Autre collision,,,,,,,,,,,1,2,1,1.0,6
201200038272,0012-06-18 19:36:00,12,6,18,19,36,780,29,R LEFAUCHEUX/GENEVOIX,48.97607,1.85203,Plein jour,En agglomération,Intersection en T,Normale,Deux véhicules - côté,,,,,,,,,,,1,2,3,1.0,3
201200038273,0012-06-20 13:30:00,12,6,20,13,30,780,29,AV CHARLES DE GAULLE,48.96989,1.8491,Plein jour,En agglomération,Hors intersection,Normale,Deux véhicules - arrière,,,,,,,,,,,1,2,1,1.0,2
201200038274,0012-05-28 06:15:00,12,5,28,6,15,780,440,RD 14/R DESCARTES,48.98384,1.89206,Plein jour,En agglomération,Giratoire,Normale,Autre collision,,,,,,,,,,,1,2,6,1.0,6
201200038275,0012-06-21 18:50:00,12,6,21,18,50,780,638,36 R PORT MARRON,48.996,1.98078,Plein jour,En agglomération,Hors intersection,Normale,Sans collision,,,,,,,,,,,1,2,1,1.0,7
201200038276,0012-06-25 10:00:00,12,6,25,10,0,780,440,R DE SEINE/AV FOCH,,,Plein jour,Hors agglomération,Intersection en X,Normale,Deux véhicules - côté,,,,,,,,,,,1,1,2,1.0,3
201200038277,0012-06-26 12:10:00,12,6,26,12,10,780,29,RTE DE BAZEMONT,48.9456,1.8662,Plein jour,En agglomération,Hors intersection,Pluie légère,Autre collision,,,,,,,,,,,1,2,1,2.0,6
201200038278,0012-06-30 14:50:00,12,6,30,14,50,780,29,R DES BRISSETTES,48.97197,1.84705,Plein jour,En agglomération,Hors intersection,Normale,Autre collision,,,,,,,,,,,1,2,1,1.0,6
201200038279,0012-06-30 14:05:00,12,6,30,14,5,780,440,RD 43/RD 154,,,Plein jour,En agglomération,Giratoire,Normale,Deux véhicules - côté,,,,,,,,,,,1,2,6,1.0,3
201200038280,0012-06-21 14:30:00,12,6,21,14,30,780,609,RTE DE MEULAN,,,Plein jour,Hors agglomération,Intersection en X,Normale,Deux véhicules - côté,,,,,,,,,,,1,1,2,1.0,3
201200038281,0012-07-04 13:30:00,12,7,4,13,30,780,440,"138, PIERRE CURIE (RUE)",48.99497,1.93056,Plein jour,En agglomération,Hors intersection,Normale,Autre collision,,,,,,,,,,,1,2,1,1.0,6
201200038282,0012-07-19 19:50:00,12,7,19,19,50,780,440,AV PAUL RAOULT,48.97865,1.91366,Plein jour,En agglomération,Giratoire,Normale,Autre collision,,,,,,,,,,,1,2,6,1.0,6
201200038283,0012-07-19 18:40:00,12,7,19,18,40,780,440,REPUBLIQUE/ILE DE FRANCE,48.98602,1.91463,Plein jour,En agglomération,Intersection en X,Normale,Deux véhicules - côté,,,,,,,,,,,1,2,2,1.0,3
201200038284,0012-07-22 20:45:00,12,7,22,20,45,780,29,R DU PLATEAU,48.95633,1.86142,Plein jour,En agglomération,Hors intersection,Normale,Deux véhicules - frontale,,,,,,,,,,,1,2,1,1.0,1
201200038285,0012-07-22 00:35:00,12,7,22,0,35,780,440,18 R GAMBETTA,48.99115,1.91298,Nuit avec éclairage allumé,En agglomération,Hors intersection,Normale,Autre collision,,,,,,,,,,,5,2,1,1.0,6
201200038286,0012-07-27 22:10:00,12,7,27,22,10,780,401,PONT RHIN ET DANUBE,,,Nuit avec éclairage allumé,En agglomération,Hors intersection,Normale,Autre collision,,,,,,,,,,,5,2,1,1.0,6
201200038287,0012-07-30 18:29:00,12,7,30,18,29,780,440,R DE LA REPUBLIQUE,48.98674,1.92392,Plein jour,En agglomération,Intersection en X,Normale,Autre collision,,,,,,,,,,,1,2,2,1.0,6
201200038288,0012-08-05 17:20:00,12,8,5,17,20,780,440,R DE LA REPUBLIQUE,48.98593,1.91356,Plein jour,En agglomération,Intersection en T,Normale,Deux véhicules - côté,,,,,,,,,,,1,2,3,1.0,3
201200038289,0012-08-12 17:35:00,12,8,12,17,35,780,440,R DE SEINE/V HUGO,48.99716,1.91131,Plein jour,En agglomération,Intersection en X,Normale,Deux véhicules - frontale,,,,,,,,,,,1,2,2,1.0,1
201200038290,0012-08-10 12:45:00,12,8,10,12,45,780,401,R A JOZON/M BERTEAUX,49.0043,1.90684,Plein jour,En agglomération,Intersection en X,Normale,Deux véhicules - arrière,,,,,,,,,,,1,2,2,1.0,2
201200038291,0012-07-03 18:20:00,12,7,3,18,20,780,29,RTE DE BAZEMONT,48.95496,1.86541,Plein jour,En agglomération,Hors intersection,Normale,Deux véhicules - frontale,,,,,,,,,,,1,2,1,1.0,1
201200038292,0012-08-20 12:20:00,12,8,20,12,20,780,440,RTE DE  VERNEUIL/PUISEUX,48.99827,1.92306,Plein jour,En agglomération,Intersection en X,Pluie légère,Deux véhicules - arrière,,,,,,,,,,,1,2,2,2.0,2
201200038293,0012-08-21 05:00:00,12,8,21,5,0,780,440,R DE SEINE/AV FOCH,48.99773,1.90891,Nuit avec éclairage allumé,En agglomération,Giratoire,Normale,Autre collision,,,,,,,,,,,5,2,6,1.0,6
201200038294,0012-09-12 23:50:00,12,9,12,23,50,780,440,R PIERRE CURIE,48.99469,1.92411,Nuit avec éclairage allumé,En agglomération,Hors intersection,Pluie légère,Autre collision,,,,,,,,,,,5,2,1,2.0,6
201200038295,0012-09-18 14:55:00,12,9,18,14,55,780,440,46 AV PAUL RAOULT,,,Plein jour,En agglomération,Hors intersection,Normale,Deux véhicules - côté,,,,,,,,,,,1,2,1,1.0,3
201200038296,0012-09-10 19:55:00,12,9,10,19,55,780,440,AV PAUL RAOULT/R AMPERE,48.99695,1.9133,Plein jour,En agglomération,Giratoire,Normale,Deux véhicules - côté,,,,,,,,,,,1,2,6,1.0,3
201200038297,0012-09-11 13:40:00,12,9,11,13,40,780,238,RD 14,48.96346,1.86234,Plein jour,En agglomération,Intersection en X,Pluie légère,Deux véhicules - côté,,,,,,,,,,,1,2,2,2.0,3
201200038298,0012-09-18 09:35:00,12,9,18,9,35,780,440,AV DE L'EUROPE,,,Plein jour,En agglomération,Hors intersection,Normale,Deux véhicules - arrière,,,,,,,,,,,1,2,1,1.0,2
201200038299,0012-09-21 18:50:00,12,9,21,18,50,780,440,AV PAUL RAOULT,,,Crépuscule ou aube,En agglomération,Hors intersection,Pluie légère,Deux véhicules - arrière,,,,,,,,,,,2,2,1,2.0,2
201200038300,0012-09-26 18:35:00,12,9,26,18,35,780,29,AV DE L'UNION/R J BLANCK,48.95956,1.84077,Plein jour,Hors agglomération,Giratoire,Normale,Deux véhicules - côté,,,,,,,,,,,1,1,6,1.0,3
201200038301,0012-09-26 18:15:00,12,9,26,18,15,780,29,AV UNION/CH DE GAULLE,,,Plein jour,En agglomération,Intersection en T,Pluie forte,Deux véhicules - côté,,,,,,,,,,,1,2,3,3.0,3
201200038302,0012-09-27 15:25:00,12,9,27,15,25,780,440,110 AV PAUL RAOULT,,,Plein jour,En agglomération,Hors intersection,Pluie légère,Trois véhicules et plus - en chaîne,,,,,,,,,,,1,2,1,2.0,4
201200038303,0012-09-28 17:45:00,12,9,28,17,45,780,29,COTE DES MASURES,48.94164,1.84808,Plein jour,En agglomération,Hors intersection,Normale,Deux véhicules - frontale,,,,,,,,,,,1,2,1,1.0,1
201200038304,0012-09-30 15:35:00,12,9,30,15,35,780,401,AULNES/HAUTECLOQUE,49.01026,1.90377,Plein jour,En agglomération,Intersection en X,Normale,Deux véhicules - côté,,,,,,,,,,,1,2,2,1.0,3
201200038305,0012-10-16 16:25:00,12,10,16,16,25,780,261,MEULAN A CAUDEBEC (ROUTE,,,Plein jour,Hors agglomération,Hors intersection,Normale,Autre collision,,,,,,,,,,,1,1,1,1.0,6
201200038306,0012-10-20 16:30:00,12,10,20,16,30,780,29,AV DE DIXMUDE/COMMERCE,48.97559,1.84798,Plein jour,En agglomération,Intersection en X,Pluie légère,Autre collision,,,,,,,,,,,1,2,2,2.0,6