accident_id,datetime,annee,mois,jour,heure,minute,departement,commune_insee,adresse,latitude,longitude,luminosite,agglomeration,intersection,meteo,collision,nb_vehicules,nb_usagers,nb_indemnes,nb_tues,nb_blesses_hosp,nb_blesses_legers,age_cond_1,age_cond_2,veh_type_cond_1,veh_type_cond_2,lum_code,agg_code,int_code,atm_code,col_code
201200038307,0012-10-19 20:30:00,12,10,19,20,30,780,440,AV RAOULT/LEFAUCHEUX,48.98323,1.91208,Nuit avec éclairage allumé,En agglomération,Intersection en T,Pluie légère,Autre collision,,,,,,,,,,,5,2,3,2.0,6
201200038308,0012-10-27 12:00:00,12,10,27,12,0,780,609,RD 28/R DU CHATEAU,,,Plein jour,Hors agglomération,Intersection en X,Normale,Deux véhicules - côté,,,,,,,,,,,1,1,2,1.0,3
201200038309,0012-10-29 13:05:00,12,10,29,13,5,780,238,RD 14,,,Plein jour,En agglomération,Giratoire,Normale,Deux véhicules - arrière,,,,,,,,,,,1,2,6,1.0,2
201200038310,0012-10-30 19:50:00,12,10,30,19,50,780,440,R PAUL ELUARD,48.97764,1.90999,Nuit sans éclairage public,En agglomération,Hors intersection,Normale,Autre collision,,,,,,,,,,,3,2,1,1.0,6
201200038311,0012-11-02 20:40:00,12,11,2,20,40,780,440,AV P RAOULT/M ROCH,,,Nuit avec éclairage allumé,En agglomération,Intersection en X,Autre,Deux véhicules - arrière,,,,,,,,,,,5,2,2,9.0,2
201200038312,0012-11-02 16:30:00,12,11,2,16,30,780,238,RD 14,,,Plein jour,En agglomération,Intersection en X,Normale,Deux véhicules - arrière,,,,,,,,,,,1,2,2,1.0,2
201200038313,0012-11-06 22:53:00,12,11,6,22,53,780,401,RD 14/RD 28,49.01027,1.90374,Nuit avec éclairage allumé,En agglomération,Intersection en X,Normale,Trois véhicules et plus - en chaîne,,,,,,,,,,,5,2,2,1.0,4
201200038314,0012-11-07 08:20:00,12,11,7,8,20,780,440,AV P RAOULT/REPUBLIQUE,48.9858,1.91189,Plein jour,En agglomération,Intersection en X,Normale,Autre collision,,,,,,,,,,,1,2,2,1.0,6
201200038315,0012-11-11 17:25:00,12,11,11,17,25,780,140,A 13/RD 43,,,Crépuscule ou aube,Hors agglomération,Intersection en X,Normale,Deux véhicules - côté,,,,,,,,,,,2,1,2,1.0,3
201200038316,0012-11-20 09:20:00,12,11,20,9,20,780,440,AV MAL FOCH/RODIN,48.99254,1.90314,Plein jour,En agglomération,Intersection en Y,Normale,Deux véhicules - arrière,,,,,,,,,,,1,2,4,1.0,2
201200038317,0012-11-25 16:00:00,12,11,25,16,0,780,261,RD 913,,,Plein jour,En agglomération,Hors intersection,Pluie légère,Autre collision,,,,,,,,,,,1,2,1,2.0,6
201200038318,0012-11-27 15:45:00,12,11,27,15,45,780,440,RD 59/RD 154,,,Plein jour,Hors agglomération,Intersection en X,Autre,Deux véhicules - côté,,,,,,,,,,,1,1,2,9.0,3
201200038319,0012-11-28 06:50:00,12,11,28,6,50,780,401,BD THIERS/ANNONCIADES,,,Nuit sans éclairage public,En agglomération,Intersection en Y,Normale,Deux véhicules - côté,,,,,,,,,,,3,2,4,1.0,3
201200038320,0012-11-29 08:45:00,12,11,29,8,45,780,440,AV DE L'EUROPE/UTRILLO,,,Plein jour,En agglomération,Intersection en T,Temps couvert,Deux véhicules - arrière,,,,,,,,,,,1,2,3,8.0,2
201200038321,0012-11-29 09:30:00,12,11,29,9,30,780,440,AV DE L'EUROPE/BLERIOT,,,Plein jour,En agglomération,Intersection en X,Normale,Deux véhicules - arrière,,,,,,,,,,,1,2,2,1.0,2
201200038322,0012-12-11 08:10:00,12,12,11,8,10,780,440,R T LAUTREC/G SAND,48.99586,1.91612,Plein jour,En agglomération,Giratoire,Normale,Autre collision,,,,,,,,,,,1,2,6,1.0,6
201200038323,0012-12-06 18:10:00,12,12,6,18,10,780,29,AV FOCH/PL LOUVAIN,48.97616,1.84496,Nuit avec éclairage allumé,En agglomération,Giratoire,Pluie légère,Autre collision,,,,,,,,,,,5,2,6,2.0,6
201200038324,0012-12-06 07:50:00,12,12,6,7,50,780,261,CH SERAINCOURT A GAILLON,49.02701,1.88755,Crépuscule ou aube,En agglomération,Giratoire,Autre,Autre collision,,,,,,,,,,,2,2,6,9.0,6
201200038325,0012-12-14 18:00:00,12,12,14,18,0,780,29,R DE LA COOPERATION,48.95957,1.85812,Nuit avec éclairage allumé,En agglomération,Hors intersection,Pluie légère,Autre collision,,,,,,,,,,,5,2,1,2.0,6
201200038326,0012-12-09 20:20:00,12,12,9,20,20,780,238,PRKG CARREFOUR,,,Nuit sans éclairage public,Hors agglomération,Hors intersection,Normale,Autre collision,,,,,,,,,,,3,1,1,1.0,6
201200038327,0012-12-09 18:30:00,12,12,9,18,30,780,29,BD V HUGO/YPRES,48.97222,1.84214,Nuit sans éclairage public,En agglomération,Intersection en X,Pluie forte,Deux véhicules - côté,,,,,,,,,,,3,2,2,3.0,3
201200038328,0012-12-19 07:25:00,12,12,19,7,25,780,401,R M BERTEAUX/CHALLAN,49.00441,1.90801,Crépuscule ou aube,En agglomération,Intersection en T,Normale,Trois véhicules et plus - collisions multiples,,,,,,,,,,,2,2,3,1.0,5
201200038329,0012-12-26 17:45:00,12,12,26,17,45,780,440,AV DE L'EUROPE,,,Nuit avec éclairage allumé,En agglomération,Hors intersection,Normale,Trois véhicules et plus - en chaîne,,,,,,,,,,,5,2,1,1.0,4
201200038330,0012-12-26 19:45:00,12,12,26,19,45,780,440,AV DE L'EUROPE,,,Nuit avec éclairage allumé,En agglomération,Giratoire,Pluie légère,Autre collision,,,,,,,,,,,5,2,6,2.0,6
201200038331,0012-12-28 12:30:00,12,12,28,12,30,780,440,R DE SEINE/F FAURE,48.99725,1.91089,Plein jour,En agglomération,Intersection en X,Normale,Deux véhicules - arrière,,,,,,,,,,,1,2,2,1.0,2
201200038332,0012-01-15 19:10:00,12,1,15,19,10,780,674,RD 11 / RD 12,,,Nuit avec éclairage non allumé,Hors agglomération,Giratoire,Normale,Deux véhicules - côté,,,,,,,,,,,4,1,6,1.0,3
201200038333,0012-01-18 13:10:00,12,1,18,13,10,780,165,50 R HENRI PROU,,,Plein jour,En agglomération,Hors intersection,Normale,Deux véhicules - frontale,,,,,,,,,,,1,2,1,1.0,1
201200038334,0012-01-26 12:45:00,12,1,26,12,45,780,674,RD 97/RD 98,,,Plein jour,En agglomération,Giratoire,Pluie forte,Deux véhicules - côté,,,,,,,,,,,1,2,6,3.0,3
201200038335,0012-03-03 12:10:00,12,3,3,12,10,780,490,AV DU PRESSOIR,48.80468,1.95615,Plein jour,En agglomération,Hors intersection,Normale,Deux véhicules - arrière,,,,,,,,,,,1,2,1,1.0,2
201200038336,0012-03-03 19:18:00,12,3,3,19,18,780,490,AV DU GAL DE GAULLE,48.82204,1.96471,Nuit avec éclairage allumé,En agglomération,Hors intersection,Pluie légère,Autre collision,,,,,,,,,,,5,2,1,2.0,6
201200038337,0012-02-26 14:45:00,12,2,26,14,45,780,490,RD 30,,,Plein jour,Hors agglomération,Hors intersection,Normale,Deux véhicules - arrière,,,,,,,,,,,1,1,1,1.0,2
201200038338,0012-03-07 23:20:00,12,3,7,23,20,780,165,AV J FERRY/ILE DE FRANCE,48.82238,1.98744,Nuit avec éclairage allumé,En agglomération,Intersection en X,Normale,Deux véhicules - côté,,,,,,,,,,,5,2,2,1.0,3
201200038339,0012-03-14 08:20:00,12,3,14,8,20,780,490,AV D'ARMORIQUE,48.79722,1.93132,Plein jour,Hors agglomération,Autre intersection,Brouillard / fumée,Deux véhicules - côté,,,,,,,,,,,1,1,9,5.0,3
201200038340,0012-02-17 08:25:00,12,2,17,8,25,780,490,AV GAL DE GAULLE/SABLONS,48.82305,1.9604,Plein jour,En agglomération,Intersection en X,Normale,Deux véhicules - côté,,,,,,,,,,,1,2,2,1.0,3
201200038341,0012-03-20 08:30:00,12,3,20,8,30,780,490,AV ST GERMAIN/SENT ECOLE,48.82708,1.95363,Plein jour,En agglomération,Intersection en T,Normale,Deux véhicules - côté,,,,,,,,,,,1,2,3,1.0,3
201200038342,0012-03-07 08:35:00,12,3,7,8,35,780,490,RD PT GATINES/R P CURIE,48.80133,1.96545,Plein jour,En agglomération,Giratoire,Normale,Sans collision,,,,,,,,,,,1,2,6,1.0,7
201200038343,0012-03-15 08:50:00,12,3,15,8,50,780,674,RD 11/AV DE RAMBOUILLET,48.82022,1.99938,Plein jour,En agglomération,Intersection en Y,Normale,Autre collision,,,,,,,,,,,1,2,4,1.0,6
201200038344,0012-03-22 09:35:00,12,3,22,9,35,780,571,RD 98,48.85241,2.01843,Plein jour,Hors agglomération,Hors intersection,Temps éblouissant,Deux véhicules - frontale,,,,,,,,,,,1,1,1,7.0,1
201200038345,0012-03-29 17:25:00,12,3,29,17,25,780,490,AV ST GERMAIN/GEESTHACH,48.82695,1.95216,Plein jour,En agglomération,Intersection en X,Normale,Deux véhicules - côté,,,,,,,,,,,1,2,2,1.0,3
201200038346,0012-04-04 08:40:00,12,4,4,8,40,780,490,AV D'ARMORIQUE,,,Plein jour,Hors agglomération,Hors intersection,Normale,Trois véhicules et plus - en chaîne,,,,,,,,,,,1,1,1,1.0,4
201200038347,0012-04-20 21:10:00,12,4,20,21,10,780,490,RD 30,48.81076,1.96059,Nuit avec éclairage allumé,En agglomération,Hors intersection,Pluie forte,Deux véhicules - frontale,,,,,,,,,,,5,2,1,3.0,1
201200038348,0012-04-24 16:10:00,12,4,24,16,10,780,490,R BOISSIERE/A DE VIGNY,48.81735,1.92219,Plein jour,En agglomération,Intersection en T,Normale,Deux véhicules - arrière,,,,,,,,,,,1,2,3,1.0,2
201200038349,0012-05-05 19:00:00,12,5,5,19,0,780,490,R BRETECHELLE/AV CHATEAU,48.81712,1.95181,Plein jour,En agglomération,Intersection en T,Normale,Deux véhicules - arrière,,,,,,,,,,,1,2,3,1.0,2
201200038350,0012-05-12 19:40:00,12,5,12,19,40,780,490,PL DU SILO 9,48.82306,1.95357,Plein jour,En agglomération,Hors intersection,Normale,Autre collision,,,,,,,,,,,1,2,1,1.0,6
201200038351,0012-05-12 19:25:00,12,5,12,19,25,780,165,22 R DU PR LEON BERNARD,48.82548,1.99647,Plein jour,En agglomération,Hors intersection,Normale,Autre collision,,,,,,,,,,,1,2,1,1.0,6
201200038352,0012-06-02 10:20:00,12,6,2,10,20,780,490,RD 30/RD 109,,,Plein jour,En agglomération,Giratoire,Normale,Deux véhicules - côté,,,,,,,,,,,1,2,6,1.0,3
201200038353,0012-06-06 16:05:00,12,6,6,16,5,780,165,AV HENRI PROU,48.82078,1.98424,Plein jour,En agglomération,Hors intersection,Normale,Autre collision,,,,,,,,,,,1,2,1,1.0,6
201200038354,0012-05-29 15:00:00,12,5,29,15,0,780,165,R J LURCAT/P GAUGUIN,48.82848,1.98905,Plein jour,En agglomération,Intersection en X,Normale,Deux véhicules - côté,,,,,,,,,,,1,2,2,1.0,3
201200038355,0012-06-15 13:25:00,12,6,15,13,25,780,490,AV D'ARMORIQUE/DE DREUX,48.79655,1.95095,Plein jour,Hors agglomération,Giratoire,Normale,Deux véhicules - côté,,,,,,,,,,,1,1,6,1.0,3
201200038356,0012-03-10 16:25:00,12,3,10,16,25,780,490,AV DE GEESTHACHT,48.82597,1.95268,Plein jour,En agglomération,Hors intersection,Normale,Autre collision,,,,,,,,,,,1,2,1,1.0,6
201200038357,0012-09-07 17:05:00,12,9,7,17,5,780,165,AV H BARBUSSE/ALPHA PARK,48.82754,1.97207,Plein jour,En agglomération,Giratoire,Normale,Deux véhicules - côté,,,,,,,,,,,1,2,6,1.0,3
201200038358,0012-09-09 18:25:00,12,9,9,18,25,780,490,14 AV MARC LAURENT,48.82139,1.94454,Plein jour,En agglomération,Hors intersection,Normale,Deux véhicules - frontale,,,,,,,,,,,1,2,1,1.0,1
201200038359,0012-09-11 09:30:00,12,9,11,9,30,780,490,R J VERNE/FERRONNERIE,48.81831,1.94933,Plein jour,En agglomération,Intersection en X,Pluie légère,Deux véhicules - côté,,,,,,,,,,,1,2,2,2.0,3
201200038360,0012-05-27 17:45:00,12,5,27,17,45,780,490,AV DU GENERAL DE GAULLE,48.82235,1.96341,Plein jour,En agglomération,Hors intersection,Normale,Sans collision,,,,,,,,,,,1,2,1,1.0,7
201200038361,0012-09-14 09:15:00,12,9,14,9,15,780,490,R FRANCIS CARCO,48.8264,1.96578,Plein jour,En agglomération,Autre intersection,Normale,Autre collision,,,,,,,,,,,1,2,9,1.0,6
201200038362,0012-09-07 11:55:00,12,9,7,11,55,780,490,RTE DES DEUX PLATEAUX,,,Plein jour,En agglomération,Hors intersection,Normale,Trois véhicules et plus - collisions multiples,,,,,,,,,,,1,2,1,1.0,5
201200038363,0012-09-27 18:00:00,12,9,27,18,0,780,490,AV 19 MARS 62/ABEL GUYET,48.83115,1.94484,Plein jour,En agglomération,Giratoire,Normale,Autre collision,,,,,,,,,,,1,2,6,1.0,6
201200038364,0012-10-03 15:00:00,12,10,3,15,0,780,165,R J FERRY/MATHIEU,48.82274,1.98599,Plein jour,En agglomération,Intersection en T,Pluie légère,Deux véhicules - côté,,,,,,,,,,,1,2,3,2.0,3
201200038365,0012-10-04 15:10:00,12,10,4,15,10,780,165,CH DES VIGNES/DR ROUX,48.82798,1.9916,Plein jour,En agglomération,Intersection en X,Normale,Deux véhicules - arrière,,,,,,,,,,,1,2,2,1.0,2
201200038366,0012-10-15 09:45:00,12,10,15,9,45,780,490,AV DE ST GERMAIN,,,Plein jour,En agglomération,Hors intersection,Normale,Deux véhicules - arrière,,,,,,,,,,,1,2,1,1.0,2
201200038367,0012-09-22 12:40:00,12,9,22,12,40,780,674,RD 98,,,Plein jour,En agglomération,Hors intersection,Normale,Deux véhicules - arrière,,,,,,,,,,,1,2,1,1.0,2
201200038368,0012-11-04 02:00:00,12,11,4,2,0,780,674,R DU POITOU,48.82756,2.00084,Nuit avec éclairage allumé,En agglomération,Hors intersection,Normale,Autre collision,,,,,,,,,,,5,2,1,1.0,6
201200038369,0012-11-05 07:30:00,12,11,5,7,30,780,490,R DU BOIS/R LAVISSE,48.81421,1.94552,Plein jour,En agglomération,Intersection en X,Normale,Deux véhicules - arrière,,,,,,,,,,,1,2,2,1.0,2
201200038370,0012-10-30 16:15:00,12,10,30,16,15,780,165,CH DES VIGNES/DR ROUX,,,Plein jour,En agglomération,Intersection en X,Pluie légère,Trois véhicules et plus - en chaîne,,,,,,,,,,,1,2,2,2.0,4
201200038371,0012-10-05 18:00:00,12,10,5,18,0,780,490,AV DE GAULLE/GEESTHACHT,48.82385,1.95253,Plein jour,En agglomération,Intersection en X,Normale,Deux véhicules - côté,,,,,,,,,,,1,2,2,1.0,3
201200038372,0012-09-21 19:10:00,12,9,21,19,10,780,490,R DE LA GARE/JEANTET,48.82804,1.94359,Nuit avec éclairage non allumé,En agglomération,Intersection en T,Pluie légère,Deux véhicules - côté,,,,,,,,,,,4,2,3,2.0,3
201200038373,0012-11-27 18:15:00,12,11,27,18,15,780,490,AV GAL DE GAULLE,48.82383,1.95369,Nuit avec éclairage allumé,En agglomération,Hors intersection,Normale,Autre collision,,,,,,,,,,,5,2,1,1.0,6
201200038374,0012-11-27 16:15:00,12,11,27,16,15,780,490,VIEUX MOULIN (RUE DU),,,Plein jour,En agglomération,Intersection en T,Normale,Sans collision,,,,,,,,,,,1,2,3,1.0,7
201200038375,0012-11-29 09:00:00,12,11,29,9,0,780,165,GROS CAILLOU (RUE DU),,,Plein jour,En agglomération,Hors intersection,Normale,Sans collision,,,,,,,,,,,1,2,1,1.0,7
201200038376,0012-12-05 14:00:00,12,12,5,14,0,780,674,COTE DE PARIS,,,Plein jour,Hors agglomération,Hors intersection,Pluie légère,Sans collision,,,,,,,,,,,1,1,1,2.0,7
201200038377,0012-12-08 12:00:00,12,12,8,12,0,780,490,AV 19 MARS 1962/A GUYET,48.83116,1.94484,Plein jour,En agglomération,Giratoire,Normale,Deux véhicules - arrière,,,,,,,,,,,1,2,6,1.0,2
201200038378,0012-12-12 14:00:00,12,12,12,14,0,780,490,AV M LAURENT/POITOU,48.82174,1.94458,Plein jour,En agglomération,Intersection en T,Normale,Autre collision,,,,,,,,,,,1,2,3,1.0,6
201200038379,0012-12-12 18:15:00,12,12,12,18,15,780,165,AV HENRY BARBUSSE,,,Nuit avec éclairage allumé,En agglomération,Giratoire,Normale,Autre collision,,,,,,,,,,,5,2,6,1.0,6
201200038380,0012-01-14 13:15:00,12,1,14,13,15,780,123,AV EUROPE/VANDERBILT,,,Plein jour,En agglomération,Intersection en X,Normale,Deux véhicules - arrière,,,,,,,,,,,1,2,2,1.0,2
201200038381,0012-01-27 08:10:00,12,1,27,8,10,780,642,RTE MEULAN/PRE ROUSSELIN,,,Plein jour,En agglomération,Intersection en T,Normale,Deux véhicules - frontale,,,,,,,,,,,1,2,3,1.0,1
201200038382,0012-02-03 19:40:00,12,2,3,19,40,780,123,6 ALL DES  TULIPES,48.94338,2.02259,Nuit avec éclairage allumé,En agglomération,Hors intersection,Normale,Autre collision,,,,,,,,,,,5,2,1,1.0,6
201200038383,0012-02-27 21:30:00,12,2,27,21,30,780,498,33 BD ROBESPIERRE,,,Nuit avec éclairage allumé,En agglomération,Hors intersection,Normale,Deux véhicules - côté,,,,,,,,,,,5,2,1,1.0,3
201200038384,0012-03-07 16:40:00,12,3,7,16,40,780,643,AV DE TRIEL/R J JAURES,48.97802,1.99589,Plein jour,En agglomération,Intersection en T,Pluie légère,Deux véhicules - arrière,,,,,,,,,,,1,2,3,2.0,2
201200038385,0012-03-13 19:35:00,12,3,13,19,35,780,624,R LECOMTE/PETITE VITESSE,48.97659,2.00862,Nuit avec éclairage allumé,En agglomération,Intersection en X,Normale,Autre collision,,,,,,,,,,,5,2,2,1.0,6
201200038386,0012-03-18 20:00:00,12,3,18,20,0,780,498,AV PONTOISE/ROBESPIERRE,48.93479,2.05774,Nuit avec éclairage allumé,En agglomération,Intersection en T,Pluie légère,Deux véhicules - côté,,,,,,,,,,,5,2,3,2.0,3
201200038387,0012-03-25 20:45:00,12,3,25,20,45,780,123,R DES ECOLES/PASTEUR,48.93983,2.01883,Crépuscule ou aube,En agglomération,Intersection en X,Normale,Deux véhicules - côté,,,,,,,,,,,2,2,2,1.0,3
201200038388,0012-03-20 08:15:00,12,3,20,8,15,780,498,58 AV DU MAL LYAUTEY,48.92203,2.02536,Plein jour,En agglomération,Hors intersection,Normale,Autre collision,,,,,,,,,,,1,2,1,1.0,6
201200038389,0012-01-04 21:10:00,12,1,4,21,10,780,123,AV DE L'EUROPE,,,Nuit avec éclairage non allumé,Hors agglomération,Hors intersection,Normale,Autre collision,,,,,,,,,,,4,1,1,1.0,6
201200038390,0012-03-29 18:30:00,12,3,29,18,30,780,498,AV LEFEBVRE/EISENHOWER,48.92405,2.05357,Plein jour,En agglomération,Intersection en T,Normale,Deux véhicules - arrière,,,,,,,,,,,1,2,3,1.0,2
201200038391,0012-03-16 07:55:00,12,3,16,7,55,780,498,RD30,,,Crépuscule ou aube,Hors agglomération,Hors intersection,Brouillard / fumée,Autre collision,,,,,,,,,,,2,1,1,5.0,6
201200038392,0012-04-05 17:15:00,12,4,5,17,15,780,498,1 AV DU BON ROI ST LOUIS,,,Plein jour,En agglomération,Hors intersection,Normale,Deux véhicules - côté,,,,,,,,,,,1,2,1,1.0,3
201200038393,0012-04-02 09:00:00,12,4,2,9,0,780,624,R DE L'HAUTIL,48.99252,2.00686,Plein jour,En agglomération,Hors intersection,Normale,Sans collision,,,,,,,,,,,1,2,1,1.0,7
201200038394,0012-04-16 21:25:00,12,4,16,21,25,780,123,BD PELLETIER/R ECLUSES,48.94839,2.04205,Nuit avec éclairage allumé,En agglomération,Intersection en X,Normale,Autre collision,,,,,,,,,,,5,2,2,1.0,6
201200038395,0012-04-07 08:00:00,12,4,7,8,0,780,624,AV DE POISSY,,,Plein jour,En agglomération,Hors intersection,Normale,Autre collision,,,,,,,,,,,1,2,1,1.0,6
201200038396,0012-04-06 06:50:00,12,4,6,6,50,780,642,RD 59,,,Plein jour,Hors agglomération,Hors intersection,Normale,Autre collision,,,,,,,,,,,1,1,1,1.0,6
201200038397,0012-02-17 15:50:00,12,2,17,15,50,780,624,R PAUL DOUMER,,,Plein jour,En agglomération,Hors intersection,Normale,Autre collision,,,,,,,,,,,1,2,1,1.0,6
201200038398,0012-05-05 13:00:00,12,5,5,13,0,780,672,326 AV G CLEMENCEAU,48.93783,1.99963,Plein jour,En agglomération,Hors intersection,Normale,Autre collision,,,,,,,,,,,1,2,1,1.0,6
201200038399,0012-05-11 20:15:00,12,5,11,20,15,780,123,RTE D'ANDRESY,48.95501,2.04197,Plein jour,En agglomération,Hors intersection,Normale,Autre collision,,,,,,,,,,,1,2,1,1.0,6
201200038400,0012-01-11 18:10:00,12,1,11,18,10,780,643,RD 154,,,Nuit avec éclairage allumé,En agglomération,Giratoire,Normale,Trois véhicules et plus - en chaîne,,,,,,,,,,,5,2,6,1.0,4
201200038401,0012-05-20 10:30:00,12,5,20,10,30,780,642,RTE DE CHAPET/DES VIGNES,48.97445,1.96517,Plein jour,En agglomération,Giratoire,Normale,Deux véhicules - côté,,,,,,,,,,,1,2,6,1.0,3
201200038402,0012-05-21 14:45:00,12,5,21,14,45,780,498,AV DE PONTOISE,,,Plein jour,Hors agglomération,Hors intersection,Pluie légère,Deux véhicules - frontale,,,,,,,,,,,1,1,1,2.0,1
201200038403,0012-05-26 16:35:00,12,5,26,16,35,780,498,RTE DE 40 SOUS,,,Plein jour,En agglomération,Hors intersection,Normale,Deux véhicules - côté,,,,,,,,,,,1,2,1,1.0,3
201200038404,0012-06-02 13:05:00,12,6,2,13,5,780,498,AV URSULINES/PRECHEURS,48.92727,2.04104,Plein jour,En agglomération,Intersection en X,Normale,Sans collision,,,,,,,,,,,1,2,2,1.0,7
201200038405,0012-06-02 13:00:00,12,6,2,13,0,780,498,AV ROI ST LOUIS/FREMONT,48.92991,2.03536,Plein jour,En agglomération,Intersection en X,Normale,Sans collision,,,,,,,,,,,1,2,2,1.0,7
201200038406,0012-06-11 11:50:00,12,6,11,11,50,780,498,AV URSULINES/DE GAULLE,48.92935,2.04284,Plein jour,En agglomération,Intersection en X,Normale,Autre collision,,,,,,,,,,,1,2,2,1.0,6
201200038407,0012-06-27 19:30:00,12,6,27,19,30,780,498,RTE DE 40 SOUS/BRTL A13,,,Plein jour,Hors agglomération,Intersection en Y,Normale,Deux véhicules - arrière,,,,,,,,,,,1,1,4,1.0,2
201200038408,0012-07-03 18:04:00,12,7,3,18,4,780,498,RD30,,,Plein jour,En agglomération,Hors intersection,Normale,Autre collision,,,,,,,,,,,1,2,1,1.0,6
201200038409,0012-07-24 17:15:00,12,7,24,17,15,780,123,R DE LA CHAPELLE/DAVID,48.93773,2.01895,Plein jour,En agglomération,Intersection en X,Normale,Deux véhicules - côté,,,,,,,,,,,1,2,2,1.0,3
201200038410,0012-07-27 16:35:00,12,7,27,16,35,780,498,R DE MIGNEAUX,48.91992,2.01788,Plein jour,En agglomération,Hors intersection,Autre,Sans collision,,,,,,,,,,,1,2,1,9.0,7
201200038411,0012-08-20 07:45:00,12,8,20,7,45,780,498,AV DU BON ROI ST LOUIS,,,Plein jour,Hors agglomération,Hors intersection,Normale,Deux véhicules - côté,,,,,,,,,,,1,1,1,1.0,3
201200038412,0012-08-18 11:20:00,12,8,18,11,20,780,498,BD GAMBETTA,,,Plein jour,En agglomération,Hors intersection,Normale,Deux véhicules - arrière,,,,,,,,,,,1,2,1,1.0,2
201200038413,0012-08-30 16:30:00,12,8,30,16,30,780,498,BD DEVAUX/GAMBETTA,48.93108,2.0459,Plein jour,En agglomération,Intersection en X,Normale,Autre collision,,,,,,,,,,,1,2,2,1.0,6
201200038414,0012-09-20 08:45:00,12,9,20,8,45,780,642,R PRE ROUSSELIN/MOULIN,48.98659,1.96522,Plein jour,En agglomération,Giratoire,Normale,Deux véhicules - côté,,,,,,,,,,,1,2,6,1.0,3
201200038415,0012-09-25 18:55:00,12,9,25,18,55,780,498,"1, TOURNELLE RUE DE LA",,,Plein jour,En agglomération,Intersection en X,Normale,Trois véhicules et plus - collisions multiples,,,,,,,,,,,1,2,2,1.0,5
201200038416,0012-09-24 16:40:00,12,9,24,16,40,780,498,AV BLANCHE DE CASTILLE,48.9219,2.02943,Plein jour,En agglomération,Hors intersection,Normale,Autre collision,,,,,,,,,,,1,2,1,1.0,6
201200038417,0012-09-21 16:45:00,12,9,21,16,45,780,123,AV DE L'EUROPE,,,Plein jour,En agglomération,Hors intersection,Pluie légère,Sans collision,,,,,,,,,,,1,2,1,2.0,7
201200038418,0012-10-04 08:30:00,12,10,4,8,30,780,123,BD PELLETIER,,,Plein jour,En agglomération,Hors intersection,Pluie légère,Deux véhicules - arrière,,,,,,,,,,,1,2,1,2.0,2
201200038419,0012-10-13 13:40:00,12,10,13,13,40,780,624,AV DE POISSY,,,Plein jour,Hors agglomération,Hors intersection,Pluie légère,Deux véhicules - arrière,,,,,,,,,,,1,1,1,2.0,2
201200038420,0012-10-13 20:50:00,12,10,13,20,50,780,498,ROBESPIERRE/ST SEBASTIEN,48.93335,2.04916,Nuit avec éclairage allumé,En agglomération,Intersection en X,Normale,Deux véhicules - frontale,,,,,,,,,,,5,2,2,1.0,1
201200038421,0012-10-25 19:35:00,12,10,25,19,35,780,498,BD ROBESPIERRE/DES LOGES,48.93509,2.059,Crépuscule ou aube,En agglomération,Intersection en Y,Normale,Autre collision,,,,,,,,,,,2,2,4,1.0,6
201200038422,0012-10-15 07:40:00,12,10,15,7,40,780,123,BD PELLETIER,,,Crépuscule ou aube,En agglomération,Hors intersection,Normale,Autre collision,,,,,,,,,,,2,2,1,1.0,6
201200038423,0012-11-15 18:15:00,12,11,15,18,15,780,498,RTE DE QUARANTE SOUS,,,Nuit sans éclairage public,Hors agglomération,Hors intersection,Normale,Trois véhicules et plus - en chaîne,,,,,,,,,,,3,1,1,1.0,4
201200038424,0012-11-20 07:50:00,12,11,20,7,50,780,624,RD1,,,Crépuscule ou aube,Hors agglomération,Hors intersection,Normale,Sans collision,,,,,,,,,,,2,1,1,1.0,7
201200038425,0012-12-10 12:35:00,12,12,10,12,35,780,498,R TOURNELLE/CASERNE,48.92907,2.03794,Plein jour,En agglomération,Intersection en T,Normale,Trois véhicules et plus - en chaîne,,,,,,,,,,,1,2,3,1.0,4
201200038426,0012-12-14 05:05:00,12,12,14,5,5,780,123,AV DE L'EUROPE,,,Nuit sans éclairage public,Hors agglomération,Hors intersection,Normale,Deux véhicules - frontale,,,,,,,,,,,3,1,1,1.0,1
201200038427,0012-12-15 22:20:00,12,12,15,22,20,780,624,R HAUTIL/GAL LECLERC,,,Nuit avec éclairage allumé,En agglomération,Intersection en X,Pluie légère,Deux véhicules - côté,,,,,,,,,,,5,2,2,2.0,3
201200038428,0012-12-19 12:25:00,12,12,19,12,25,780,672,CH DES GROUX/DE GAULLE,48.92829,1.99915,Plein jour,En agglomération,Intersection en Y,Normale,Autre collision,,,,,,,,,,,1,2,4,1.0,6
201200038429,0012-02-14 20:00:00,12,2,14,20,0,780,624,R PAUL DOUMER,,,Plein jour,En agglomération,Hors intersection,Normale,Sans collision,,,,,,,,,,,1,2,1,1.0,7
201200038430,0012-02-16 22:40:00,12,2,16,22,40,780,498,R TOURNELLE/CASTILLE,,,Nuit avec éclairage allumé,En agglomération,Intersection en X,Normale,Trois véhicules et plus - en chaîne,,,,,,,,,,,5,2,2,1.0,4
201200038431,0012-02-28 10:52:00,12,2,28,10,52,780,498,BD ROBESPIERRE/R GALIENI,48.93397,2.05316,Plein jour,En agglomération,Intersection en T,Normale,Autre collision,,,,,,,,,,,1,2,3,1.0,6
201200038432,0012-03-05 12:30:00,12,3,5,12,30,780,498,RD PT DE LA COUDRAIE,48.91738,2.01205,Plein jour,Hors agglomération,Giratoire,Normale,Autre collision,,,,,,,,,,,1,1,6,1.0,6