accident_id,datetime,annee,mois,jour,heure,minute,departement,commune_insee,adresse,latitude,longitude,luminosite,agglomeration,intersection,meteo,collision,nb_vehicules,nb_usagers,nb_indemnes,nb_tues,nb_blesses_hosp,nb_blesses_legers,age_cond_1,age_cond_2,veh_type_cond_1,veh_type_cond_2,lum_code,agg_code,int_code,atm_code,col_code
201200038558,0012-05-30 18:00:00,12,5,30,18,0,780,586,15 AV DE TOBROUK,48.93075,2.16383,Plein jour,En agglomération,Hors intersection,Pluie légère,Autre collision,,,,,,,,,,,1,2,1,2.0,6
201200038559,0012-06-12 08:50:00,12,6,12,8,50,780,586,R LAMARTINE/DE LA PRESSE,48.9358,2.16085,Plein jour,En agglomération,Intersection en T,Pluie légère,Autre collision,,,,,,,,,,,1,2,3,2.0,6
201200038560,0012-06-30 18:10:00,12,6,30,18,10,780,586,86 RDE LA FRETTE,48.95079,2.17461,Plein jour,En agglomération,Hors intersection,Temps éblouissant,Deux véhicules - côté,,,,,,,,,,,1,2,1,7.0,3
201200038561,0012-07-10 14:30:00,12,7,10,14,30,780,586,RTE CORMEILLES/GARENNE,48.94894,2.18063,Plein jour,En agglomération,Intersection en T,Normale,Deux véhicules - côté,,,,,,,,,,,1,2,3,1.0,3
201200038562,0012-08-30 08:20:00,12,8,30,8,20,780,586,R JULES FERRY/D'ALSACE,48.93325,2.15368,Plein jour,En agglomération,Intersection en T,Normale,Autre collision,,,,,,,,,,,1,2,3,1.0,6
201200038563,0012-09-07 09:00:00,12,9,7,9,0,780,586,R M DECHARD/EGLISE,48.94669,2.16946,Plein jour,En agglomération,Intersection en T,Temps éblouissant,Autre collision,,,,,,,,,,,1,2,3,7.0,6
201200038564,0012-09-16 21:50:00,12,9,16,21,50,780,586,AV CONVENTION/BERTEAUX,48.9383,2.17061,Nuit avec éclairage allumé,En agglomération,Intersection en X,Normale,Deux véhicules - côté,,,,,,,,,,,5,2,2,1.0,3
201200038565,0012-08-31 12:00:00,12,8,31,12,0,780,586,R MERMOZ/BD BEZONS,48.94545,2.17344,Plein jour,En agglomération,Intersection en T,Normale,Autre collision,,,,,,,,,,,1,2,3,1.0,6
201200038566,0012-09-25 16:10:00,12,9,25,16,10,780,586,102 AV G CLEMENCEAU,48.94228,2.1965,Plein jour,En agglomération,Hors intersection,Temps couvert,Deux véhicules - arrière,,,,,,,,,,,1,2,1,8.0,2
201200038567,0012-11-24 21:10:00,12,11,24,21,10,780,586,R MAUPASSANT/EGLISE,,,Nuit avec éclairage allumé,En agglomération,Intersection en Y,Normale,Autre collision,,,,,,,,,,,5,2,4,1.0,6
201200038568,0012-11-22 16:20:00,12,11,22,16,20,780,586,12 BIS AV DE CONVENTION,48.93716,2.16952,Plein jour,En agglomération,Hors intersection,Temps éblouissant,Deux véhicules - arrière,,,,,,,,,,,1,2,1,7.0,2
201200038569,0012-12-01 02:50:00,12,12,1,2,50,780,586,R TURGOT/DE LA PAIX,48.93202,2.16532,Nuit avec éclairage allumé,En agglomération,Giratoire,Normale,Deux véhicules - frontale,,,,,,,,,,,5,2,6,1.0,1
201200038570,0012-12-01 17:35:00,12,12,1,17,35,780,586,178 AV GAL C DE GAULLE,48.94311,2.18982,Nuit avec éclairage allumé,En agglomération,Hors intersection,Normale,Autre collision,,,,,,,,,,,5,2,1,1.0,6
201200038571,0012-12-14 19:25:00,12,12,14,19,25,780,586,R J NICOLLE/CONSTITUANTE,48.94031,2.15654,Nuit avec éclairage allumé,En agglomération,Intersection en X,Normale,Deux véhicules - côté,,,,,,,,,,,5,2,2,1.0,3
201200038572,0012-01-15 13:40:00,12,1,15,13,40,780,621,RD 912,,,Plein jour,En agglomération,Hors intersection,Normale,Deux véhicules - côté,,,,,,,,,,,1,2,1,1.0,3
201200038573,0012-01-23 16:10:00,12,1,23,16,10,780,621,MONMOUSSEAU/ T DE BORT,,,Plein jour,Hors agglomération,Intersection en X,Normale,Deux véhicules - côté,,,,,,,,,,,1,1,2,1.0,3
201200038574,0012-05-28 13:45:00,12,5,28,13,45,780,621,AV S ALLENDE/DELACROIX,48.78035,1.99083,Plein jour,En agglomération,Intersection en X,Normale,Deux véhicules - côté,,,,,,,,,,,1,2,2,1.0,3
201200038575,0012-07-25 18:00:00,12,7,25,18,0,780,621,RD 912,,,Plein jour,En agglomération,Hors intersection,Normale,Deux véhicules - arrière,,,,,,,,,,,1,2,1,1.0,2
201200038576,0012-08-27 18:20:00,12,8,27,18,20,780,621,R CASTIGLIONE DEL LAGO,48.77961,1.99077,Plein jour,En agglomération,Hors intersection,Normale,Autre collision,,,,,,,,,,,1,2,1,1.0,6
201200038577,0012-08-28 10:25:00,12,8,28,10,25,780,621,AV JP TIMBAUD,48.78472,1.97266,Plein jour,En agglomération,Hors intersection,Normale,Deux véhicules - frontale,,,,,,,,,,,1,2,1,1.0,1
201200038578,0012-08-31 08:05:00,12,8,31,8,5,780,621,N10,,,Plein jour,Hors agglomération,Hors intersection,Normale,Deux véhicules - arrière,,,,,,,,,,,1,1,1,1.0,2
201200038579,0012-09-11 09:25:00,12,9,11,9,25,780,621,ALL CLOS DES BEAUGES,48.77558,2.00183,Plein jour,En agglomération,Hors intersection,Normale,Autre collision,,,,,,,,,,,1,2,1,1.0,6
201200038580,0012-09-20 08:25:00,12,9,20,8,25,780,621,R LEO LAGRANGE,48.77762,1.98054,Plein jour,En agglomération,Hors intersection,Normale,Autre collision,,,,,,,,,,,1,2,1,1.0,6
201200038581,0012-09-28 19:45:00,12,9,28,19,45,780,621,RD 36,,,Plein jour,En agglomération,Intersection en X,Normale,Autre collision,,,,,,,,,,,1,2,2,1.0,6
201200038582,0012-09-30 13:20:00,12,9,30,13,20,780,621,RN 10/RD 23,48.77307,1.99237,Plein jour,En agglomération,Intersection en X,Pluie légère,Trois véhicules et plus - collisions multiples,,,,,,,,,,,1,2,2,2.0,5
201200038583,0012-10-03 10:55:00,12,10,3,10,55,780,621,R PORT ROYAL,48.77463,1.99938,Plein jour,En agglomération,Hors intersection,Normale,Autre collision,,,,,,,,,,,1,2,1,1.0,6
201200038584,0012-09-22 11:50:00,12,9,22,11,50,780,621,R LEO LAGRANGE,48.77762,1.98054,Plein jour,En agglomération,Hors intersection,Normale,Autre collision,,,,,,,,,,,1,2,1,1.0,6
201200038585,0012-12-03 17:55:00,12,12,3,17,55,780,621,R PAUL LANGEVIN,48.77651,1.99319,Crépuscule ou aube,En agglomération,Hors intersection,Pluie légère,Autre collision,,,,,,,,,,,2,2,1,2.0,6
201200038586,0012-11-28 08:55:00,12,11,28,8,55,780,621,RD 912,,,Plein jour,En agglomération,Hors intersection,Pluie légère,Deux véhicules - arrière,,,,,,,,,,,1,2,1,2.0,2
201200038587,0012-12-30 13:30:00,12,12,30,13,30,780,621,RN 10,,,Plein jour,En agglomération,Hors intersection,Normale,Trois véhicules et plus - collisions multiples,,,,,,,,,,,1,2,1,1.0,5
201200038588,0012-01-10 10:50:00,12,1,10,10,50,780,322,77 R CHARLES DE GAULLE,,,Plein jour,En agglomération,Hors intersection,Normale,Deux véhicules - côté,,,,,,,,,,,1,2,1,1.0,3
201200038589,0012-01-11 22:15:00,12,1,11,22,15,780,640,AV DE L'EUROPE/P DAUTIER,,,Nuit avec éclairage allumé,En agglomération,Intersection en Y,Normale,Autre collision,,,,,,,,,,,5,2,4,1.0,6
201200038590,0012-01-24 08:10:00,12,1,24,8,10,780,686,AV PEPINIERE/J BERTRAND,,,Plein jour,En agglomération,Intersection en T,Normale,Autre collision,,,,,,,,,,,1,2,3,1.0,6
201200038591,0012-02-01 13:40:00,12,2,1,13,40,780,640,AV R WAGNER/L BREGUET,48.78259,2.17475,Plein jour,En agglomération,Intersection en X,Normale,Trois véhicules et plus - en chaîne,,,,,,,,,,,1,2,2,1.0,4
201200038592,0012-03-01 18:40:00,12,3,1,18,40,780,640,15 R DEWOITINE,48.78272,2.21803,Nuit avec éclairage allumé,En agglomération,Hors intersection,Normale,Deux véhicules - côté,,,,,,,,,,,5,2,1,1.0,3
201200038593,0012-03-09 19:55:00,12,3,9,19,55,780,686,8 AV DE LA PEPINIERE,48.8061,2.16345,Nuit avec éclairage allumé,En agglomération,Hors intersection,Normale,Deux véhicules - frontale,,,,,,,,,,,5,2,1,1.0,1
201200038594,0012-03-08 15:45:00,12,3,8,15,45,780,686,AV BOISSIER/LIBERATION,48.80103,2.18515,Plein jour,En agglomération,Intersection en X,Normale,Deux véhicules - côté,,,,,,,,,,,1,2,2,1.0,3
201200038595,0012-03-26 08:50:00,12,3,26,8,50,780,640,AV PROVENCE/ANJOU,48.78286,2.1714,Plein jour,En agglomération,Intersection en X,Normale,Autre collision,,,,,,,,,,,1,2,2,1.0,6
201200038596,0012-04-29 01:50:00,12,4,29,1,50,780,686,"Ignor?, VERSAILLES (AVEN",,,Nuit sans éclairage public,En agglomération,Hors intersection,Normale,Sans collision,,,,,,,,,,,3,2,1,1.0,7
201200038597,0012-03-27 10:35:00,12,3,27,10,35,780,640,AV DE L'EUROPE (PRKG V2),48.78069,2.21878,Plein jour,En agglomération,Hors intersection,Normale,Autre collision,,,,,,,,,,,1,2,1,1.0,6
201200038598,0012-05-13 03:00:00,12,5,13,3,0,780,640,AV ROBERT WAGNER,,,Nuit avec éclairage allumé,Hors agglomération,Hors intersection,Normale,Trois véhicules et plus - collisions multiples,,,,,,,,,,,5,1,1,1.0,5
201200038599,0012-05-25 14:55:00,12,5,25,14,55,780,640,PRKG V2,,,Plein jour,En agglomération,Hors intersection,Normale,Autre collision,,,,,,,,,,,1,2,1,1.0,6
201200038600,0012-05-15 10:15:00,12,5,15,10,15,780,640,AV DE L'EUROPE,48.78133,2.21854,Plein jour,En agglomération,Autre intersection,Normale,Autre collision,,,,,,,,,,,1,2,9,1.0,6
201200038601,0012-07-02 10:30:00,12,7,2,10,30,780,640,ROUTE MILITAIRE,48.77815,2.18429,Plein jour,Hors agglomération,Hors intersection,Normale,Autre collision,,,,,,,,,,,1,1,1,1.0,6
201200038602,0012-07-11 08:05:00,12,7,11,8,5,780,640,ROUTE MILITAIRE,48.77788,2.18768,Plein jour,Hors agglomération,Hors intersection,Pluie légère,Autre collision,,,,,,,,,,,1,1,1,2.0,6
201200038603,0012-08-04 17:05:00,12,8,4,17,5,780,640,PRKG VELIZY 2,,,Plein jour,En agglomération,Hors intersection,Normale,Deux véhicules - côté,,,,,,,,,,,1,2,1,1.0,3
201200038604,0012-08-10 08:55:00,12,8,10,8,55,780,322,R CHARLES DE GAULLE,,,Plein jour,Hors agglomération,Hors intersection,Normale,Trois véhicules et plus - collisions multiples,,,,,,,,,,,1,1,1,1.0,5
201200038605,0012-08-14 09:40:00,12,8,14,9,40,780,640,R MARCEL DASSAULT,48.7849,2.21354,Plein jour,En agglomération,Hors intersection,Normale,Deux véhicules - arrière,,,,,,,,,,,1,2,1,1.0,2
201200038606,0012-08-16 09:05:00,12,8,16,9,5,780,640,R DAME ROSE/VILLACOUBLAY,48.78343,2.20535,Plein jour,En agglomération,Giratoire,Normale,Deux véhicules - côté,,,,,,,,,,,1,2,6,1.0,3
201200038607,0012-08-27 12:15:00,12,8,27,12,15,780,640,AV SADI LECOINTE/R BOYER,48.78269,2.18691,Plein jour,En agglomération,Intersection en Y,Normale,Deux véhicules - côté,,,,,,,,,,,1,2,4,1.0,3
201200038608,0012-09-13 18:15:00,12,9,13,18,15,780,686,AV DU GAL LECLERC,,,Plein jour,En agglomération,Hors intersection,Normale,Deux véhicules - côté,,,,,,,,,,,1,2,1,1.0,3
201200038609,0012-09-25 10:45:00,12,9,25,10,45,780,640,AV ROBERT WAGNER,,,Plein jour,En agglomération,Intersection en Y,Pluie légère,Deux véhicules - côté,,,,,,,,,,,1,2,4,2.0,3
201200038610,0012-11-08 08:45:00,12,11,8,8,45,780,686,AV GAL LECLERC/D'ORVES,,,Crépuscule ou aube,En agglomération,Intersection en T,Temps couvert,Autre collision,,,,,,,,,,,2,2,3,8.0,6
201200038611,0012-09-01 23:50:00,12,9,1,23,50,780,322,"ignor?, LIBERATION (RUE",,,Nuit avec éclairage allumé,En agglomération,Hors intersection,Normale,Sans collision,,,,,,,,,,,5,2,1,1.0,7
201200038612,0012-10-25 18:45:00,12,10,25,18,45,780,640,R MARCEL DASSAULT,48.78489,2.21352,Nuit avec éclairage allumé,En agglomération,Hors intersection,Normale,Deux véhicules - côté,,,,,,,,,,,5,2,1,1.0,3
201200038613,0012-10-28 14:30:00,12,10,28,14,30,780,640,R DEWOITINE,48.78287,2.21555,Plein jour,En agglomération,Hors intersection,Normale,Autre collision,,,,,,,,,,,1,2,1,1.0,6
201200038614,0012-11-02 08:35:00,12,11,2,8,35,780,640,R GRANGE DAME ROSE,48.78286,2.20738,Crépuscule ou aube,En agglomération,Hors intersection,Temps couvert,Deux véhicules - côté,,,,,,,,,,,2,2,1,8.0,3
201200038615,0012-11-06 13:15:00,12,11,6,13,15,780,640,AV DE L'EUROPE,,,Plein jour,En agglomération,Hors intersection,Normale,Autre collision,,,,,,,,,,,1,2,1,1.0,6
201200038616,0012-11-26 07:30:00,12,11,26,7,30,780,322,R ETIENNE DE JOUY,48.77824,2.17864,Crépuscule ou aube,En agglomération,Hors intersection,Normale,Deux véhicules - frontale,,,,,,,,,,,2,2,1,1.0,1
201200038617,0012-11-26 12:40:00,12,11,26,12,40,780,640,MORANE-SAULNIER/DASSAUT,48.78409,2.21511,Plein jour,En agglomération,Intersection en T,Temps couvert,Deux véhicules - côté,,,,,,,,,,,1,2,3,8.0,3
201200038618,0012-12-05 13:45:00,12,12,5,13,45,780,686,R PRES AUX BOIS/VIGNES,48.806,2.16553,Plein jour,En agglomération,Intersection en T,Pluie légère,Autre collision,,,,,,,,,,,1,2,3,2.0,6
201200038619,0012-12-08 07:00:00,12,12,8,7,0,780,640,"1bis, PETIT CLAMART (RUE",,,Nuit avec éclairage allumé,En agglomération,Hors intersection,Temps couvert,Sans collision,,,,,,,,,,,5,2,1,8.0,7
201200038620,0012-12-09 12:00:00,12,12,9,12,0,780,640,R ANDRE CITROEN,48.77436,2.22534,Plein jour,Hors agglomération,Intersection en T,Temps couvert,Deux véhicules - côté,,,,,,,,,,,1,1,3,8.0,3
201200038621,0012-12-19 18:05:00,12,12,19,18,5,780,640,ROUTE MILITAIRE,48.77838,2.18238,Nuit sans éclairage public,Hors agglomération,Hors intersection,Pluie forte,Autre collision,,,,,,,,,,,3,1,1,3.0,6
201200038622,0012-12-19 18:45:00,12,12,19,18,45,780,646,RD PT DE BIR HAKEIM,,,Nuit avec éclairage allumé,En agglomération,Giratoire,Pluie légère,Autre collision,,,,,,,,,,,5,2,6,2.0,6
201200038623,0012-01-21 19:15:00,12,1,21,19,15,780,158,AV DUTARTRE/PARLY 2,,,Nuit avec éclairage allumé,En agglomération,Intersection en X,Pluie légère,Autre collision,,,,,,,,,,,5,2,2,2.0,6
201200038624,0012-01-24 19:00:00,12,1,24,19,0,780,646,AV DE PARIS/R PASTEUR,,,Nuit avec éclairage allumé,En agglomération,Intersection en T,Pluie légère,Deux véhicules - côté,,,,,,,,,,,5,2,3,2.0,3
201200038625,0012-02-01 17:45:00,12,2,1,17,45,780,646,R ROYALE/AV DE SCEAUX,48.7992,2.12774,Nuit avec éclairage allumé,En agglomération,Intersection en X,Normale,Autre collision,,,,,,,,,,,5,2,2,1.0,6
201200038626,0012-02-16 17:05:00,12,2,16,17,5,780,646,AV EUROPE FACE MONOPRIX,,,Plein jour,En agglomération,Hors intersection,Normale,Autre collision,,,,,,,,,,,1,2,1,1.0,6
201200038627,0012-03-24 18:50:00,12,3,24,18,50,780,646,AV JAURES/PARC DE CLAGNY,48.81786,2.1416,Crépuscule ou aube,En agglomération,Intersection en X,Normale,Deux véhicules - côté,,,,,,,,,,,2,2,2,1.0,3
201200038628,0012-02-17 16:15:00,12,2,17,16,15,780,646,R COSTE/YVES LE COZ,48.79503,2.15598,Plein jour,En agglomération,Intersection à plus de 4 branches,Normale,Autre collision,,,,,,,,,,,1,2,5,1.0,6
201200038629,0012-03-10 11:25:00,12,3,10,11,25,780,646,AV DE PARIS/AV DE GAULLE,48.80222,2.12962,Plein jour,En agglomération,Intersection en X,Normale,Deux véhicules - arrière,,,,,,,,,,,1,2,2,1.0,2
201200038630,0012-03-13 16:55:00,12,3,13,16,55,780,117,R MINIERE/ALL TOITS BUC,48.76901,2.12089,Plein jour,En agglomération,Intersection en T,Normale,Autre collision,,,,,,,,,,,1,2,3,1.0,6
201200038631,0012-03-15 12:45:00,12,3,15,12,45,780,646,ETATS GENERAUX/NOAILLES,48.79807,2.13476,Plein jour,En agglomération,Intersection en X,Normale,Trois véhicules et plus - collisions multiples,,,,,,,,,,,1,2,2,1.0,5
201200038632,0012-03-23 16:05:00,12,3,23,16,5,780,646,AV DE L' EUROPE/ST CLOUD,48.80493,2.13106,Plein jour,En agglomération,Intersection en X,Normale,Autre collision,,,,,,,,,,,1,2,2,1.0,6
201200038633,0012-03-25 11:55:00,12,3,25,11,55,780,646,RTE ST CYR/MATELOTS,48.80328,2.10537,Plein jour,En agglomération,Intersection en T,Normale,Deux véhicules - côté,,,,,,,,,,,1,2,3,1.0,3
201200038634,0012-04-05 19:35:00,12,4,5,19,35,780,646,PL HOCHE/R CARNOT,48.80599,2.12832,Plein jour,En agglomération,Place,Normale,Autre collision,,,,,,,,,,,1,2,7,1.0,6
201200038635,0012-04-30 16:00:00,12,4,30,16,0,780,646,38 R DES CHANTIERS,48.79497,2.14027,Plein jour,En agglomération,Hors intersection,Normale,Deux véhicules - arrière,,,,,,,,,,,1,2,1,1.0,2
201200038636,0012-05-02 12:15:00,12,5,2,12,15,780,646,PL EDOUARD LABOULAYE,48.81914,2.13825,Plein jour,En agglomération,Intersection à plus de 4 branches,Normale,Deux véhicules - côté,,,,,,,,,,,1,2,5,1.0,3
201200038637,0012-05-04 10:15:00,12,5,4,10,15,780,646,AV PARIS/ETATS GENERAUX,48.80171,2.13177,Plein jour,En agglomération,Intersection en T,Normale,Deux véhicules - côté,,,,,,,,,,,1,2,3,1.0,3
201200038638,0012-05-21 09:50:00,12,5,21,9,50,780,158,PL DU 18 JUIN,48.82788,2.12008,Plein jour,En agglomération,Giratoire,Pluie légère,Deux véhicules - côté,,,,,,,,,,,1,2,6,2.0,3
201200038639,0012-05-31 20:00:00,12,5,31,20,0,780,646,R DES CHANTIERS,48.7953,2.13978,Plein jour,En agglomération,Intersection en T,Normale,Deux véhicules - côté,,,,,,,,,,,1,2,3,1.0,3
201200038640,0012-06-18 18:25:00,12,6,18,18,25,780,646,NOAILLES/ETATS GENERAUX,48.79807,2.13481,Plein jour,En agglomération,Intersection en X,Normale,Autre collision,,,,,,,,,,,1,2,2,1.0,6
201200038641,0012-06-22 07:40:00,12,6,22,7,40,780,343,R DU PETIT JOUY,48.76956,2.14486,Plein jour,En agglomération,Hors intersection,Normale,Trois véhicules et plus - collisions multiples,,,,,,,,,,,1,2,1,1.0,5
201200038642,0012-06-26 18:50:00,12,6,26,18,50,780,646,R DES CHANTIERS/IMPASSE.,48.79531,2.13975,Plein jour,En agglomération,Intersection en T,Normale,Deux véhicules - côté,,,,,,,,,,,1,2,3,1.0,3
201200038643,0012-07-14 18:10:00,12,7,14,18,10,780,646,AV DE PARIS/R VERGENNES,48.80015,2.13795,Plein jour,En agglomération,Intersection en Y,Normale,Deux véhicules - arrière,,,,,,,,,,,1,2,4,1.0,2
201200038644,0012-07-17 17:35:00,12,7,17,17,35,780,646,RTE DES DOCKS/BD SOULT,48.78348,2.11702,Plein jour,En agglomération,Intersection en X,Normale,Deux véhicules - côté,,,,,,,,,,,1,2,2,1.0,3
201200038645,0012-07-29 22:15:00,12,7,29,22,15,780,646,SAINT CYR (ROUTE DE),,,Crépuscule ou aube,Hors agglomération,Hors intersection,Pluie légère,Autre collision,,,,,,,,,,,2,1,1,2.0,6
201200038646,0012-08-27 15:05:00,12,8,27,15,5,780,158,PL DU 18 JUIN,48.82804,2.11976,Plein jour,En agglomération,Giratoire,Normale,Deux véhicules - arrière,,,,,,,,,,,1,2,6,1.0,2
201200038647,0012-09-08 19:20:00,12,9,8,19,20,780,646,R GAL LECLERC/ST HONORE,48.79926,2.12581,Plein jour,En agglomération,Intersection en T,Normale,Autre collision,,,,,,,,,,,1,2,3,1.0,6
201200038648,0012-09-28 20:00:00,12,9,28,20,0,780,646,43 R DES CHANTIERS,48.79493,2.1404,Nuit avec éclairage allumé,En agglomération,Hors intersection,Normale,Autre collision,,,,,,,,,,,5,2,1,1.0,6
201200038649,0012-10-05 08:10:00,12,10,5,8,10,780,158,AV DE GAULLE/R GRILLON,48.82791,2.12244,Plein jour,En agglomération,Intersection en X,Normale,Autre collision,,,,,,,,,,,1,2,2,1.0,6
201200038650,0012-10-13 18:35:00,12,10,13,18,35,780,646,ECOLE POSTES/SYMPHORIEN,48.80426,2.15433,Crépuscule ou aube,En agglomération,Intersection en X,Pluie forte,Autre collision,,,,,,,,,,,2,2,2,3.0,6
201200038651,0012-10-30 11:55:00,12,10,30,11,55,780,646,AV DE PARIS/EUROPE,48.80238,2.12988,Plein jour,En agglomération,Intersection en X,Normale,Deux véhicules - côté,,,,,,,,,,,1,2,2,1.0,3
201200038652,0012-10-30 19:00:00,12,10,30,19,0,780,646,R ROYALE/R ST LOUIS,48.79519,2.12508,Nuit avec éclairage allumé,En agglomération,Intersection en X,Autre,Autre collision,,,,,,,,,,,5,2,2,9.0,6
201200038653,0012-10-31 18:15:00,12,10,31,18,15,780,646,AV CLEMENT ADER,,,Nuit avec éclairage allumé,En agglomération,Hors intersection,Normale,Deux véhicules - arrière,,,,,,,,,,,5,2,1,1.0,2
201200038654,0012-11-11 14:00:00,12,11,11,14,0,780,646,12 R GENERAL PERSHING,,,Plein jour,En agglomération,Giratoire,Normale,Deux véhicules - côté,,,,,,,,,,,1,2,6,1.0,3
201200038655,0012-11-22 19:20:00,12,11,22,19,20,780,646,R DU MAL FOCH/R AUBERT,48.81127,2.13493,Nuit avec éclairage allumé,En agglomération,Intersection en T,Normale,Autre collision,,,,,,,,,,,5,2,3,1.0,6
201200038656,0012-11-23 19:15:00,12,11,23,19,15,780,646,R DE LA FONTAINE/MIGNARD,48.79686,2.16062,Nuit avec éclairage allumé,En agglomération,Intersection en X,Pluie légère,Deux véhicules - côté,,,,,,,,,,,5,2,2,2.0,3
201200038657,0012-11-23 21:50:00,12,11,23,21,50,780,646,AV ST CLOUD/MONTBAURON,,,Nuit avec éclairage allumé,En agglomération,Intersection en X,Pluie légère,Autre collision,,,,,,,,,,,5,2,2,2.0,6
201200038658,0012-12-04 18:45:00,12,12,4,18,45,780,646,R BAZIN/BONNE AVENTURE,48.80669,2.15563,Nuit avec éclairage allumé,En agglomération,Intersection en X,Pluie forte,Autre collision,,,,,,,,,,,5,2,2,3.0,6
201200038659,0012-12-15 09:50:00,12,12,15,9,50,780,646,12 R DES CHANTIERS,,,Plein jour,En agglomération,Hors intersection,Normale,Autre collision,,,,,,,,,,,1,2,1,1.0,6
201200038660,0012-12-22 08:45:00,12,12,22,8,45,780,646,R DES MISSIONNAIRES/FOCH,48.81224,2.13546,Crépuscule ou aube,En agglomération,Intersection en T,Pluie légère,Autre collision,,,,,,,,,,,2,2,3,2.0,6
201200038661,0012-12-19 20:35:00,12,12,19,20,35,780,646,AV DE L'EUROPE/ST CLOUD,48.80497,2.13116,Nuit avec éclairage allumé,En agglomération,Intersection en X,Pluie forte,Autre collision,,,,,,,,,,,5,2,2,3.0,6
201200038662,0012-12-29 19:50:00,12,12,29,19,50,780,646,PL DE LA PAIX,48.82034,2.14179,Nuit avec éclairage allumé,En agglomération,Giratoire,Pluie forte,Autre collision,,,,,,,,,,,5,2,6,3.0,6
201200038663,0012-01-11 18:25:00,12,1,11,18,25,780,146,16bis R DU DR ROCHEFORT,,,Nuit avec éclairage allumé,En agglomération,Hors intersection,Normale,Autre collision,,,,,,,,,,,5,2,1,1.0,6
201200038664,0012-01-21 14:25:00,12,1,21,14,25,780,650,MONTESSON (ROUTE DE),,,Plein jour,En agglomération,Hors intersection,Normale,Autre collision,,,,,,,,,,,1,2,1,1.0,6
201200038665,0012-02-09 19:45:00,12,2,9,19,45,780,146,RTE MAISONS/VLAMINCK,48.9025,2.15184,Nuit avec éclairage allumé,En agglomération,Intersection en X,Normale,Deux véhicules - côté,,,,,,,,,,,5,2,2,1.0,3
201200038666,0012-02-16 20:30:00,12,2,16,20,30,780,650,RTE CROISSY/ROOSEVELT,48.8857,2.1302,Nuit avec éclairage allumé,En agglomération,Intersection en X,Normale,Deux véhicules - frontale,,,,,,,,,,,5,2,2,1.0,1
201200038667,0012-02-22 20:30:00,12,2,22,20,30,780,650,RTE DE MONTESSON,,,Nuit avec éclairage allumé,En agglomération,Hors intersection,Normale,Deux véhicules - côté,,,,,,,,,,,5,2,1,1.0,3
201200038668,0012-05-17 05:00:00,12,5,17,5,0,780,650,"9, CASCADE (ROUTE DE LA)",,,Nuit avec éclairage allumé,En agglomération,Hors intersection,Normale,Autre collision,,,,,,,,,,,5,2,1,1.0,6
201200038669,0012-06-20 07:40:00,12,6,20,7,40,780,650,RTE MONTESSON/AV PAGES,48.90244,2.13584,Plein jour,En agglomération,Intersection en X,Normale,Deux véhicules - arrière,,,,,,,,,,,1,2,2,1.0,2
201200038670,0012-08-19 13:25:00,12,8,19,13,25,780,418,"0, POURTOUR (RUE DU)",,,Plein jour,En agglomération,Intersection en X,Normale,Deux véhicules - côté,,,,,,,,,,,1,2,2,1.0,3
201200038671,0012-09-08 18:45:00,12,9,8,18,45,780,418,"30, REPUBLIQUE (BOULEVAR",,,Plein jour,En agglomération,Hors intersection,Normale,Autre collision,,,,,,,,,,,1,2,1,1.0,6
201200038672,0012-10-11 11:10:00,12,10,11,11,10,780,146,MARECHAL FOCH (AVENUE DU,,,Plein jour,En agglomération,Hors intersection,Normale,Sans collision,,,,,,,,,,,1,2,1,1.0,7
201200038673,0012-11-03 10:12:00,12,11,3,10,12,780,650,CROISSY (ROUTE DE),,,Plein jour,En agglomération,Hors intersection,Normale,Deux véhicules - côté,,,,,,,,,,,1,2,1,1.0,3
201200038674,0012-11-03 18:15:00,12,11,3,18,15,780,650,CARNOT (BOULEVARD),,,Nuit avec éclairage allumé,En agglomération,Hors intersection,Normale,Autre collision,,,,,,,,,,,5,2,1,1.0,6
201200038675,0012-11-05 17:55:00,12,11,5,17,55,780,146,MARECHAL FOCH (AVENUE DU,,,Nuit avec éclairage allumé,En agglomération,Hors intersection,Pluie légère,Sans collision,,,,,,,,,,,5,2,1,2.0,7
201200038676,0012-11-08 19:00:00,12,11,8,19,0,780,418,2 R JEAN JAURES,,,Nuit avec éclairage allumé,En agglomération,Hors intersection,Normale,Deux véhicules - côté,,,,,,,,,,,5,2,1,1.0,3
201200038677,0012-11-12 19:10:00,12,11,12,19,10,780,146,PONT DE CHATOU,,,Nuit avec éclairage allumé,En agglomération,Hors intersection,Normale,Deux véhicules - côté,,,,,,,,,,,5,2,1,1.0,3
201200038678,0012-11-13 15:20:00,12,11,13,15,20,780,650,BD CARNOT/R SULLY,48.89783,2.11386,Plein jour,En agglomération,Intersection en X,Normale,Autre collision,,,,,,,,,,,1,2,2,1.0,6
201200038679,0012-12-14 15:16:00,12,12,14,15,16,780,650,GENERAL DE GAULLE (AVENU,,,Plein jour,En agglomération,Intersection en X,Normale,Autre collision,,,,,,,,,,,1,2,2,1.0,6
201200038680,0012-01-10 10:45:00,12,1,10,10,45,790,191,122 RUE DU CLOU BOUCHET,,,Plein jour,En agglomération,Intersection en X,Normale,Deux véhicules - côté,,,,,,,,,,,1,2,2,1.0,3
201200038681,0012-01-20 19:45:00,12,1,20,19,45,790,191,105 AV. ST JEAN D'ANGELY,,,Nuit avec éclairage allumé,En agglomération,Hors intersection,Normale,Sans collision,,,,,,,,,,,5,2,1,1.0,7