accident_id,datetime,annee,mois,jour,heure,minute,departement,commune_insee,adresse,latitude,longitude,luminosite,agglomeration,intersection,meteo,collision,nb_vehicules,nb_usagers,nb_indemnes,nb_tues,nb_blesses_hosp,nb_blesses_legers,age_cond_1,age_cond_2,veh_type_cond_1,veh_type_cond_2,lum_code,agg_code,int_code,atm_code,col_code
201200038812,0012-03-05 16:50:00,12,3,5,16,50,800,489,ROCADE NORD EST RN 25,,,Plein jour,Hors agglomération,Hors intersection,Normale,Deux véhicules - côté,,,,,,,,,,,1,1,1,1.0,3
201200038813,0012-03-05 10:05:00,12,3,5,10,5,800,164,ROCADE NORD EST RN 25,,,Plein jour,Hors agglomération,Hors intersection,Pluie légère,Deux véhicules - arrière,,,,,,,,,,,1,1,1,2.0,2
201200038814,0012-03-08 15:20:00,12,3,8,15,20,800,21,"69, AV DU GENERAL FOY",49.89113,2.28316,Plein jour,En agglomération,Hors intersection,Normale,Deux véhicules - arrière,,,,,,,,,,,1,2,1,1.0,2
201200038815,0012-03-08 17:00:00,12,3,8,17,0,800,21,"33, RUE DE QUEBEC",49.87021,2.33028,Plein jour,En agglomération,Hors intersection,Normale,Deux véhicules - côté,,,,,,,,,,,1,2,1,1.0,3
201200038816,0012-03-07 15:30:00,12,3,7,15,30,800,730,RUE PAUL CORNET,,,Plein jour,En agglomération,Hors intersection,Pluie forte,Deux véhicules - arrière,,,,,,,,,,,1,2,1,3.0,2
201200038817,0012-03-09 17:20:00,12,3,9,17,20,800,21,RUE MORGAN,49.88565,2.30152,Plein jour,En agglomération,Intersection en X,Normale,Deux véhicules - côté,,,,,,,,,,,1,2,2,1.0,3
201200038818,0012-03-09 11:15:00,12,3,9,11,15,800,21,"0,BOULEVARD DE BEAUVILLE",49.89472,2.30932,Plein jour,En agglomération,Hors intersection,Normale,Deux véhicules - arrière,,,,,,,,,,,1,2,1,1.0,2
201200038819,0012-03-12 09:00:00,12,3,12,9,0,800,131,RD935,,,Plein jour,Hors agglomération,Hors intersection,Brouillard / fumée,Sans collision,,,,,,,,,,,1,1,1,5.0,7
201200038820,0012-03-14 07:50:00,12,3,14,7,50,800,21,"0, VOGEL (PLACE)",,,Plein jour,En agglomération,Hors intersection,Normale,Deux véhicules - côté,,,,,,,,,,,1,2,1,1.0,3
201200038821,0012-03-14 09:50:00,12,3,14,9,50,800,21,"435, ABBEVILLE (RUE D')",,,Plein jour,En agglomération,Giratoire,Normale,Deux véhicules - côté,,,,,,,,,,,1,2,6,1.0,3
201200038822,0012-03-16 18:15:00,12,3,16,18,15,800,21,BOULEVARD FAIDHERBE,49.89411,2.28691,Plein jour,En agglomération,Hors intersection,Normale,Sans collision,,,,,,,,,,,1,2,1,1.0,7
201200038823,0012-03-20 11:12:00,12,3,20,11,12,800,21,"469, AV 14 JUILLET 1789",49.87979,2.28382,Plein jour,En agglomération,Hors intersection,Normale,Deux véhicules - arrière,,,,,,,,,,,1,2,1,1.0,2
201200038824,0012-03-21 07:30:00,12,3,21,7,30,800,702,DEPARTEMENTALE 7 (ROUTE),,,Plein jour,Hors agglomération,Hors intersection,Brouillard / fumée,Trois véhicules et plus - collisions multiples,,,,,,,,,,,1,1,1,5.0,5
201200038825,0012-03-20 15:55:00,12,3,20,15,55,800,21,"0, ALBERT 1ER (MAIL)",,,Plein jour,En agglomération,Hors intersection,Normale,Deux véhicules - côté,,,,,,,,,,,1,2,1,1.0,3
201200038826,0012-03-19 13:45:00,12,3,19,13,45,800,21,RUE FRANKLIN ROOSEVELT,,,Plein jour,En agglomération,Hors intersection,Normale,Deux véhicules - arrière,,,,,,,,,,,1,2,1,1.0,2
201200038827,0012-03-19 16:10:00,12,3,19,16,10,800,21,"26, CHARLES DE FOUCAULD",49.88975,2.30856,Plein jour,En agglomération,Hors intersection,Normale,Autre collision,,,,,,,,,,,1,2,1,1.0,6
201200038828,0012-03-23 12:15:00,12,3,23,12,15,800,21,AVENUE GENERAL DE GAULLE,49.90723,2.30202,Plein jour,En agglomération,Hors intersection,Normale,Deux véhicules - côté,,,,,,,,,,,1,2,1,1.0,3
201200038829,0012-03-23 20:50:00,12,3,23,20,50,800,21,"104, RUE JEAN JAURES",49.89922,2.28496,Nuit avec éclairage allumé,En agglomération,Hors intersection,Normale,Autre collision,,,,,,,,,,,5,2,1,1.0,6
201200038830,0012-03-22 18:55:00,12,3,22,18,55,800,725,"0, ALBERT CAMUS (RUE)",,,Crépuscule ou aube,En agglomération,Intersection en T,Normale,Deux véhicules - côté,,,,,,,,,,,2,2,3,1.0,3
201200038831,0012-03-22 08:25:00,12,3,22,8,25,800,21,"32, BOULEVARD CARNOT",49.89142,2.28911,Plein jour,En agglomération,Hors intersection,Normale,Deux véhicules - côté,,,,,,,,,,,1,2,1,1.0,3
201200038832,0012-03-26 08:35:00,12,3,26,8,35,800,21,"97, CHAUSSEE JULES FERRY",49.88298,2.32595,Plein jour,En agglomération,Hors intersection,Normale,Trois véhicules et plus - en chaîne,,,,,,,,,,,1,2,1,1.0,4
201200038833,0012-03-26 10:05:00,12,3,26,10,5,800,21,"32, PLACE MARECHAL FOCH",49.89417,2.28413,Plein jour,En agglomération,Hors intersection,Normale,Deux véhicules - côté,,,,,,,,,,,1,2,1,1.0,3
201200038834,0012-03-26 20:50:00,12,3,26,20,50,800,261,"0, ROUTE D' AMIENS",,,Nuit avec éclairage allumé,En agglomération,Hors intersection,Normale,Deux véhicules - côté,,,,,,,,,,,5,2,1,1.0,3
201200038835,0012-03-29 18:33:00,12,3,29,18,33,800,21,"00, RUE DU GRAND MARAIS",,,Plein jour,En agglomération,Hors intersection,Normale,Deux véhicules - arrière,,,,,,,,,,,1,2,1,1.0,2
201200038836,0012-03-28 18:30:00,12,3,28,18,30,800,21,"2, BOULEVARD DE ROUBAIX",49.90957,2.31689,Plein jour,En agglomération,Hors intersection,Normale,Autre collision,,,,,,,,,,,1,2,1,1.0,6
201200038837,0012-03-28 08:00:00,12,3,28,8,0,800,379,,,,Crépuscule ou aube,Hors agglomération,Intersection en X,Pluie légère,Deux véhicules - frontale,,,,,,,,,,,2,1,2,2.0,1
201200038838,0012-03-27 13:30:00,12,3,27,13,30,800,21,"00, PLACE VOGEL",,,Plein jour,En agglomération,Hors intersection,Normale,Deux véhicules - côté,,,,,,,,,,,1,2,1,1.0,3
201200038839,0012-03-27 14:30:00,12,3,27,14,30,800,261,"33, ROUTE D'AMIENS",,,Plein jour,En agglomération,Hors intersection,Normale,Trois véhicules et plus - en chaîne,,,,,,,,,,,1,2,1,1.0,4
201200038840,0012-03-30 18:15:00,12,3,30,18,15,800,21,RUE DE SAVEUSE,,,Plein jour,Hors agglomération,Intersection en T,Normale,Deux véhicules - côté,,,,,,,,,,,1,1,3,1.0,3
201200038841,0012-03-30 09:40:00,12,3,30,9,40,800,261,"25, ROUTE D'AMIENS",,,Plein jour,En agglomération,Hors intersection,Normale,Deux véhicules - frontale,,,,,,,,,,,1,2,1,1.0,1
201200038842,0012-03-30 11:45:00,12,3,30,11,45,800,21,"00, PORT D'AMONT",,,Plein jour,En agglomération,Hors intersection,Normale,Deux véhicules - côté,,,,,,,,,,,1,2,1,1.0,3
201200038843,0012-04-08 04:40:00,12,4,8,4,40,800,164,RN 25,,,Nuit avec éclairage allumé,En agglomération,Hors intersection,Normale,Sans collision,,,,,,,,,,,5,2,1,1.0,7
201200038844,0012-04-07 19:15:00,12,4,7,19,15,800,725,ROUTE DE NORMANDIE,,,Plein jour,En agglomération,Intersection en T,Normale,Deux véhicules - arrière,,,,,,,,,,,1,2,3,1.0,2
201200038845,0012-04-12 23:45:00,12,4,12,23,45,800,21,"20,RUE LEON DUPONTREUE",49.90434,2.30951,Nuit avec éclairage allumé,En agglomération,Hors intersection,Normale,Autre collision,,,,,,,,,,,5,2,1,1.0,6
201200038846,0012-04-12 21:10:00,12,4,12,21,10,800,21,AVENUE DE LA PAIX,49.91161,2.30256,Nuit avec éclairage allumé,En agglomération,Hors intersection,Normale,Autre collision,,,,,,,,,,,5,2,1,1.0,6
201200038847,0012-04-12 07:35:00,12,4,12,7,35,800,21,AVENUE LOUIS BLANC,49.90154,2.27288,Crépuscule ou aube,Hors agglomération,Intersection en T,Normale,Deux véhicules - côté,,,,,,,,,,,2,1,3,1.0,3
201200038848,0012-04-15 00:45:00,12,4,15,0,45,800,21,"140,RUE DEJEAN",49.89041,2.32064,Nuit avec éclairage allumé,En agglomération,Hors intersection,Normale,Autre collision,,,,,,,,,,,5,2,1,1.0,6
201200038849,0012-04-14 16:15:00,12,4,14,16,15,800,379,AERODROME,,,Plein jour,En agglomération,Hors intersection,Normale,Autre collision,,,,,,,,,,,1,2,1,1.0,6
201200038850,0012-04-17 21:55:00,12,4,17,21,55,800,21,RUE D' ABBEVILLE,49.91156,2.25405,Nuit avec éclairage allumé,En agglomération,Hors intersection,Pluie légère,Autre collision,,,,,,,,,,,5,2,1,2.0,6
201200038851,0012-04-18 18:20:00,12,4,18,18,20,800,21,"1, RUE DE BOUTILLERIE",49.88056,2.33185,Plein jour,En agglomération,Intersection en T,Pluie forte,Trois véhicules et plus - collisions multiples,,,,,,,,,,,1,2,3,3.0,5
201200038852,0012-04-20 00:50:00,12,4,20,0,50,800,21,"5, PASSAGE LOGIS DU ROI",49.89276,2.29988,Nuit avec éclairage allumé,Hors agglomération,Hors intersection,Normale,Sans collision,,,,,,,,,,,5,1,1,1.0,7
201200038853,0012-04-19 13:55:00,12,4,19,13,55,800,21,"375,RUE D' ABBEVILLE",,,Plein jour,En agglomération,Hors intersection,Normale,Deux véhicules - arrière,,,,,,,,,,,1,2,1,1.0,2
201200038854,0012-04-20 14:26:00,12,4,20,14,26,800,21,DEPARTEMENTALE 412 (ROUT,,,Plein jour,Hors agglomération,Giratoire,Pluie forte,Sans collision,,,,,,,,,,,1,1,6,3.0,7
201200038855,0012-04-23 12:15:00,12,4,23,12,15,800,21,RUE FRANKLIN ROOSEVELT,,,Plein jour,En agglomération,Intersection en X,Pluie forte,Trois véhicules et plus - collisions multiples,,,,,,,,,,,1,2,2,3.0,5
201200038856,0012-04-24 18:45:00,12,4,24,18,45,800,21,"0, LUCIEN LECOINTE (RUE)",,,Plein jour,En agglomération,Intersection en T,Normale,Deux véhicules - côté,,,,,,,,,,,1,2,3,1.0,3
201200038857,0012-04-25 14:50:00,12,4,25,14,50,800,21,PLACE LEON GONTHIER,49.89419,2.29291,Plein jour,En agglomération,Intersection en X,Normale,Deux véhicules - côté,,,,,,,,,,,1,2,2,1.0,3
201200038858,0012-04-27 01:30:00,12,4,27,1,30,800,379,ROUTE DE ST QUENTIN,,,Nuit sans éclairage public,Hors agglomération,Intersection en T,Normale,Deux véhicules - côté,,,,,,,,,,,3,1,3,1.0,3
201200038859,0012-05-01 22:35:00,12,5,1,22,35,800,21,PLACE MARECHAL FOCH,49.89323,2.28504,Nuit avec éclairage allumé,En agglomération,Giratoire,Normale,Deux véhicules - côté,,,,,,,,,,,5,2,6,1.0,3
201200038860,0012-04-30 12:55:00,12,4,30,12,55,800,131,RD 934,,,Plein jour,Hors agglomération,Intersection en X,Normale,Deux véhicules - côté,,,,,,,,,,,1,1,2,1.0,3
201200038861,0012-05-03 13:25:00,12,5,3,13,25,800,21,"20, BD ALSACE LORRAINE",49.89229,2.30769,Plein jour,En agglomération,Hors intersection,Normale,Deux véhicules - côté,,,,,,,,,,,1,2,1,1.0,3
201200038862,0012-05-07 18:30:00,12,5,7,18,30,800,164,RD929,,,Plein jour,En agglomération,Hors intersection,Normale,Deux véhicules - arrière,,,,,,,,,,,1,2,1,1.0,2
201200038863,0012-05-13 03:20:00,12,5,13,3,20,800,489,"20, RUE PIERRE SEMART",,,Nuit avec éclairage allumé,En agglomération,Hors intersection,Normale,Sans collision,,,,,,,,,,,5,2,1,1.0,7
201200038864,0012-05-09 11:35:00,12,5,9,11,35,800,725,"00, LAENNEC (AVENUE)",,,Plein jour,En agglomération,Hors intersection,Normale,Deux véhicules - côté,,,,,,,,,,,1,2,1,1.0,3
201200038865,0012-05-15 07:40:00,12,5,15,7,40,800,21,"10, RUE D'ABBEVILLE",,,Plein jour,En agglomération,Hors intersection,Temps couvert,Autre collision,,,,,,,,,,,1,2,1,8.0,6
201200038866,0012-05-16 15:15:00,12,5,16,15,15,800,21,QUATORZE JUILLET 1789,,,Plein jour,En agglomération,Hors intersection,Normale,Deux véhicules - arrière,,,,,,,,,,,1,2,1,1.0,2
201200038867,0012-05-14 17:50:00,12,5,14,17,50,800,21,"1,RUE GEORGES GUYNEMER",49.90986,2.30049,Plein jour,En agglomération,Hors intersection,Normale,Sans collision,,,,,,,,,,,1,2,1,1.0,7
201200038868,0012-05-14 16:30:00,12,5,14,16,30,800,21,RUE FRANKLIN ROOSEVELT,,,Plein jour,En agglomération,Hors intersection,Normale,Deux véhicules - arrière,,,,,,,,,,,1,2,1,1.0,2
201200038869,0012-05-12 13:30:00,12,5,12,13,30,800,21,RUE DE COTTENCHY,49.88102,2.31312,Plein jour,En agglomération,Intersection en X,Normale,Deux véhicules - côté,,,,,,,,,,,1,2,2,1.0,3
201200038870,0012-05-12 04:25:00,12,5,12,4,25,800,21,PLACE RENE GOBLET,49.89102,2.30241,Nuit avec éclairage allumé,En agglomération,Intersection en X,Normale,Sans collision,,,,,,,,,,,5,2,2,1.0,7
201200038871,0012-05-21 16:20:00,12,5,21,16,20,800,21,"285,RUE SAINT HONORE",49.88395,2.28256,Plein jour,En agglomération,Hors intersection,Normale,Sans collision,,,,,,,,,,,1,2,1,1.0,7
201200038872,0012-05-21 15:28:00,12,5,21,15,28,800,21,mail albert 1 er,49.88892,2.29486,Plein jour,En agglomération,Hors intersection,Temps couvert,Deux véhicules - côté,,,,,,,,,,,1,2,1,8.0,3
201200038873,0012-05-19 20:40:00,12,5,19,20,40,800,21,RUE DE LA VALLEE,49.89178,2.30956,Crépuscule ou aube,En agglomération,Intersection en X,Pluie forte,Deux véhicules - frontale,,,,,,,,,,,2,2,2,3.0,1
201200038874,0012-05-19 12:05:00,12,5,19,12,5,800,21,AVENUE DE L' EUROPE,,,Plein jour,En agglomération,Giratoire,Normale,Deux véhicules - côté,,,,,,,,,,,1,2,6,1.0,3
201200038875,0012-05-24 21:20:00,12,5,24,21,20,800,21,"64, PIERRE ET MAURICE GA",49.90922,2.30994,Plein jour,En agglomération,Hors intersection,Normale,Autre collision,,,,,,,,,,,1,2,1,1.0,6
201200038876,0012-05-25 09:30:00,12,5,25,9,30,800,632,"229,ROUTE DE ROUEN",,,Plein jour,En agglomération,Hors intersection,Normale,Sans collision,,,,,,,,,,,1,2,1,1.0,7
201200038877,0012-05-24 12:30:00,12,5,24,12,30,800,724,"17,ROUTE DE TAISNIL",,,Plein jour,En agglomération,Hors intersection,Normale,Deux véhicules - côté,,,,,,,,,,,1,2,1,1.0,3
201200038878,0012-05-24 17:25:00,12,5,24,17,25,800,21,"6, AVENUE DE LA PAIX",49.91163,2.29766,Plein jour,En agglomération,Hors intersection,Normale,Autre collision,,,,,,,,,,,1,2,1,1.0,6
201200038879,0012-05-24 23:30:00,12,5,24,23,30,800,21,"60,RUE JULES BARNI",49.88785,2.31378,Nuit avec éclairage allumé,En agglomération,Hors intersection,Normale,Autre collision,,,,,,,,,,,5,2,1,1.0,6
201200038880,0012-05-28 12:10:00,12,5,28,12,10,800,21,RUE SAINT HONORE,49.88376,2.28226,Plein jour,En agglomération,Intersection en X,Normale,Deux véhicules - côté,,,,,,,,,,,1,2,2,1.0,3
201200038881,0012-05-27 16:00:00,12,5,27,16,0,800,21,AV SALVADOR ALLENDE,,,Plein jour,En agglomération,Hors intersection,Normale,Trois véhicules et plus - collisions multiples,,,,,,,,,,,1,2,1,1.0,5
201200038882,0012-05-29 12:15:00,12,5,29,12,15,800,21,"1, RUE DES DEPORTES",49.90083,2.29873,Plein jour,En agglomération,Hors intersection,Normale,Sans collision,,,,,,,,,,,1,2,1,1.0,7
201200038883,0012-05-29 20:00:00,12,5,29,20,0,800,379,BD MICHEL STROGOFF,,,Plein jour,En agglomération,Hors intersection,Normale,Sans collision,,,,,,,,,,,1,2,1,1.0,7
201200038884,0012-05-30 14:10:00,12,5,30,14,10,800,21,RUE FRANKLIN ROOSEVELT,,,Plein jour,En agglomération,Hors intersection,Normale,Trois véhicules et plus - en chaîne,,,,,,,,,,,1,2,1,1.0,4
201200038885,0012-05-30 15:40:00,12,5,30,15,40,800,21,"18,RUE JEAN RACINE",49.86702,2.3355,Plein jour,En agglomération,Hors intersection,Normale,Trois véhicules et plus - en chaîne,,,,,,,,,,,1,2,1,1.0,4
201200038886,0012-05-31 13:05:00,12,5,31,13,5,800,674,"218, AV DEFENSE PASSIVE",,,Plein jour,En agglomération,Hors intersection,Normale,Deux véhicules - arrière,,,,,,,,,,,1,2,1,1.0,2
201200038887,0012-06-01 16:40:00,12,6,1,16,40,800,21,"42,RUE DELPECH",49.88551,2.29568,Plein jour,En agglomération,Hors intersection,Normale,Deux véhicules - arrière,,,,,,,,,,,1,2,1,1.0,2
201200038888,0012-06-02 12:25:00,12,6,2,12,25,800,21,ESPLANADE BRANLY,49.89036,2.29056,Plein jour,En agglomération,Intersection en X,Normale,Deux véhicules - frontale,,,,,,,,,,,1,2,2,1.0,1
201200038889,0012-06-03 15:05:00,12,6,3,15,5,800,489,"45,RUE PIERRE SEMART",49.87136,2.34927,Plein jour,En agglomération,Hors intersection,Normale,Autre collision,,,,,,,,,,,1,2,1,1.0,6
201200038890,0012-06-02 17:20:00,12,6,2,17,20,800,21,"209,RUE D' ABBEVILLE",,,Plein jour,En agglomération,Giratoire,Normale,Deux véhicules - côté,,,,,,,,,,,1,2,6,1.0,3
201200038891,0012-06-05 17:45:00,12,6,5,17,45,800,489,"165, RUE HENRI BARBUSSE",49.86926,2.36069,Plein jour,En agglomération,Hors intersection,Normale,Deux véhicules - arrière,,,,,,,,,,,1,2,1,1.0,2
201200038892,0012-06-05 14:30:00,12,6,5,14,30,800,256,"410, AV LOUIS PASTEUR",,,Plein jour,En agglomération,Hors intersection,Normale,Deux véhicules - arrière,,,,,,,,,,,1,2,1,1.0,2
201200038893,0012-06-06 14:25:00,12,6,6,14,25,800,632,"24,RUE DE LA CATEUSE",49.88272,2.24504,Plein jour,En agglomération,Hors intersection,Normale,Autre collision,,,,,,,,,,,1,2,1,1.0,6
201200038894,0012-06-06 21:55:00,12,6,6,21,55,800,261,"05,RUE DE L' EGLISE",49.84604,2.26934,Nuit avec éclairage allumé,En agglomération,Hors intersection,Pluie forte,Autre collision,,,,,,,,,,,5,2,1,3.0,6
201200038895,0012-06-07 14:55:00,12,6,7,14,55,800,21,"68,RUE SAINT FUSCIEN",49.8836,2.30414,Plein jour,En agglomération,Hors intersection,Pluie légère,Autre collision,,,,,,,,,,,1,2,1,2.0,6
201200038896,0012-06-09 14:40:00,12,6,9,14,40,800,21,RUE DE CAGNY,49.88236,2.31884,Plein jour,En agglomération,Intersection en X,Normale,Deux véhicules - côté,,,,,,,,,,,1,2,2,1.0,3
201200038897,0012-06-08 16:50:00,12,6,8,16,50,800,164,"793,RUE ROGER SALENGRO",,,Plein jour,En agglomération,Hors intersection,Normale,Deux véhicules - côté,,,,,,,,,,,1,2,1,1.0,3
201200038898,0012-06-08 16:40:00,12,6,8,16,40,800,21,"160,AVENUE LOUIS BLANC",49.90399,2.27131,Plein jour,En agglomération,Hors intersection,Normale,Deux véhicules - côté,,,,,,,,,,,1,2,1,1.0,3
201200038899,0012-06-08 20:00:00,12,6,8,20,0,800,21,"45,RUE VANMARCKE",49.89623,2.30291,Plein jour,En agglomération,Intersection en T,Normale,Deux véhicules - côté,,,,,,,,,,,1,2,3,1.0,3
201200038900,0012-06-12 07:53:00,12,6,12,7,53,800,21,AV. QUATORZE JUILLET 178,49.87547,2.28169,Plein jour,En agglomération,Intersection en X,Normale,Deux véhicules - côté,,,,,,,,,,,1,2,2,1.0,3
201200038901,0012-06-11 06:30:00,12,6,11,6,30,800,164,ROCADE NORD EST RN 25,,,Plein jour,Hors agglomération,Hors intersection,Pluie forte,Sans collision,,,,,,,,,,,1,1,1,3.0,7
201200038902,0012-06-11 15:35:00,12,6,11,15,35,800,21,RUE LUCIEN FOURNIER,49.89448,2.27811,Plein jour,En agglomération,Hors intersection,Normale,Deux véhicules - arrière,,,,,,,,,,,1,2,1,1.0,2
201200038903,0012-06-11 08:00:00,12,6,11,8,0,800,21,"709, RUE DECAGNY",49.87072,2.33327,Plein jour,En agglomération,Hors intersection,Normale,Deux véhicules - côté,,,,,,,,,,,1,2,1,1.0,3
201200038904,0012-06-13 11:50:00,12,6,13,11,50,800,21,"435,RUE D' ABBEVILLE",,,Plein jour,En agglomération,Giratoire,Normale,Deux véhicules - côté,,,,,,,,,,,1,2,6,1.0,3
201200038905,0012-06-17 18:25:00,12,6,17,18,25,800,21,PORT D' AVAL,49.89819,2.29378,Plein jour,En agglomération,Hors intersection,Normale,Deux véhicules - côté,,,,,,,,,,,1,2,1,1.0,3
201200038906,0012-06-19 09:55:00,12,6,19,9,55,800,21,"16,RUE GENERAL LECLERC",49.89502,2.29345,Plein jour,En agglomération,Intersection en T,Normale,Deux véhicules - côté,,,,,,,,,,,1,2,3,1.0,3
201200038907,0012-06-22 14:00:00,12,6,22,14,0,800,21,"85,BD SAINT QUENTIN",49.87941,2.29657,Plein jour,En agglomération,Hors intersection,Normale,Deux véhicules - côté,,,,,,,,,,,1,2,1,1.0,3
201200038908,0012-06-21 12:05:00,12,6,21,12,5,800,21,"44,RUE SAINT ACHEUL",49.88407,2.32656,Plein jour,En agglomération,Hors intersection,Normale,Deux véhicules - côté,,,,,,,,,,,1,2,1,1.0,3
201200038909,0012-07-01 17:50:00,12,7,1,17,50,800,632,RD 408,,,Plein jour,Hors agglomération,Intersection en T,Normale,Trois véhicules et plus - collisions multiples,,,,,,,,,,,1,1,3,1.0,5
201200038910,0012-06-29 18:35:00,12,6,29,18,35,800,21,RUE PIERRE ROLLIN,49.87486,2.31642,Plein jour,Hors agglomération,Hors intersection,Normale,Deux véhicules - arrière,,,,,,,,,,,1,1,1,1.0,2
201200038911,0012-06-26 17:10:00,12,6,26,17,10,800,724,ROUTE DE CONTY,,,Plein jour,En agglomération,Intersection en T,Normale,Deux véhicules - côté,,,,,,,,,,,1,2,3,1.0,3
201200038912,0012-07-01 02:00:00,12,7,1,2,0,800,261,RD 1001,,,Nuit avec éclairage allumé,En agglomération,Hors intersection,Normale,Autre collision,,,,,,,,,,,5,2,1,1.0,6
201200038913,0012-06-25 08:10:00,12,6,25,8,10,800,21,"2, COMMANDANT DEFONTAINE",49.89659,2.28869,Plein jour,En agglomération,Hors intersection,Normale,Deux véhicules - côté,,,,,,,,,,,1,2,1,1.0,3
201200038914,0012-07-05 09:50:00,12,7,5,9,50,800,21,"149,RUE DE VERDUN",49.8938,2.31444,Plein jour,En agglomération,Hors intersection,Normale,Deux véhicules - arrière,,,,,,,,,,,1,2,1,1.0,2
201200038915,0012-07-05 13:05:00,12,7,5,13,5,800,21,"109,RUE EDMOND ROSTAND",49.87329,2.32493,Plein jour,En agglomération,Hors intersection,Normale,Deux véhicules - côté,,,,,,,,,,,1,2,1,1.0,3
201200038916,0012-07-06 17:30:00,12,7,6,17,30,800,21,RUE LOUISE MICHEL,49.91488,2.24626,Plein jour,En agglomération,Hors intersection,Normale,Autre collision,,,,,,,,,,,1,2,1,1.0,6
201200038917,0012-07-06 19:00:00,12,7,6,19,0,800,21,"22,RUE DE CASTILLE",49.8886,2.30783,Plein jour,En agglomération,Hors intersection,Normale,Autre collision,,,,,,,,,,,1,2,1,1.0,6
201200038918,0012-07-06 15:50:00,12,7,6,15,50,800,21,AVENUE DE L' EUROPE,49.91163,2.30259,Plein jour,En agglomération,Intersection en X,Normale,Deux véhicules - côté,,,,,,,,,,,1,2,2,1.0,3
201200038919,0012-07-06 17:30:00,12,7,6,17,30,800,21,RUE DE LA RESISTANCE,49.89797,2.29538,Plein jour,En agglomération,Intersection en X,Normale,Deux véhicules - côté,,,,,,,,,,,1,2,2,1.0,3
201200038920,0012-07-11 15:05:00,12,7,11,15,5,800,131,"39,RUE DES ECLUSES",49.84346,2.39089,Plein jour,En agglomération,Hors intersection,Normale,Deux véhicules - frontale,,,,,,,,,,,1,2,1,1.0,1
201200038921,0012-07-11 15:20:00,12,7,11,15,20,800,21,"83,RUE FAUBOURG DE HEM",49.90148,2.28009,Plein jour,En agglomération,Hors intersection,Normale,Autre collision,,,,,,,,,,,1,2,1,1.0,6
201200038922,0012-07-17 18:10:00,12,7,17,18,10,800,21,"605,RUE SAINT FUSCIEN",,,Plein jour,En agglomération,Hors intersection,Normale,Deux véhicules - côté,,,,,,,,,,,1,2,1,1.0,3
201200038923,0012-07-17 18:10:00,12,7,17,18,10,800,21,"423,RUE SAINT FUSCIEN",,,Plein jour,En agglomération,Hors intersection,Normale,Trois véhicules et plus - en chaîne,,,,,,,,,,,1,2,1,1.0,4
201200038924,0012-07-17 15:10:00,12,7,17,15,10,800,21,RUE JEAN CATELAS,49.89479,2.29174,Plein jour,En agglomération,Intersection en T,Normale,Deux véhicules - côté,,,,,,,,,,,1,2,3,1.0,3
201200038925,0012-07-13 17:30:00,12,7,13,17,30,800,21,"134,RUE DE PARIS",49.88669,2.28835,Plein jour,En agglomération,Hors intersection,Normale,Deux véhicules - côté,,,,,,,,,,,1,2,1,1.0,3
201200038926,0012-07-23 09:15:00,12,7,23,9,15,800,724,RD 210,,,Plein jour,En agglomération,Intersection en X,Normale,Deux véhicules - côté,,,,,,,,,,,1,2,2,1.0,3
201200038927,0012-07-20 13:45:00,12,7,20,13,45,800,21,"52,RUE ROBERT LE COQ",49.90258,2.27264,Plein jour,En agglomération,Intersection en T,Normale,Deux véhicules - côté,,,,,,,,,,,1,2,3,1.0,3
201200038928,0012-07-19 13:25:00,12,7,19,13,25,800,21,"1,AVENUE DEFENSE PASSIVE",,,Plein jour,En agglomération,Hors intersection,Normale,Trois véhicules et plus - collisions multiples,,,,,,,,,,,1,2,1,1.0,5
201200038929,0012-07-22 18:30:00,12,7,22,18,30,800,21,"3,RUE ROBERT SCHUMAN",49.90777,2.30366,Plein jour,En agglomération,Giratoire,Normale,Deux véhicules - côté,,,,,,,,,,,1,2,6,1.0,3
201200038930,0012-07-21 15:10:00,12,7,21,15,10,800,21,PLACE LONGUEVILLE,49.88838,2.29575,Plein jour,En agglomération,Hors intersection,Normale,Autre collision,,,,,,,,,,,1,2,1,1.0,6
201200038931,0012-07-24 21:00:00,12,7,24,21,0,800,21,"323,CHAUSSEE JULES FERRY",49.87984,2.33357,Plein jour,En agglomération,Hors intersection,Normale,Deux véhicules - frontale,,,,,,,,,,,1,2,1,1.0,1
201200038932,0012-07-25 17:00:00,12,7,25,17,0,800,21,"164,RUE ELOI MOREL",49.90112,2.30906,Plein jour,En agglomération,Hors intersection,Normale,Autre collision,,,,,,,,,,,1,2,1,1.0,6
201200038933,0012-07-25 12:10:00,12,7,25,12,10,800,21,AVENUE ROGER DUMOULIN,,,Plein jour,En agglomération,Giratoire,Normale,Deux véhicules - côté,,,,,,,,,,,1,2,6,1.0,3
201200038934,0012-07-28 23:15:00,12,7,28,23,15,800,21,ROCADE NORD RN 1,,,Nuit avec éclairage allumé,Hors agglomération,Hors intersection,Normale,Autre collision,,,,,,,,,,,5,1,1,1.0,6
201200038935,0012-07-29 14:30:00,12,7,29,14,30,800,131,RD 934,,,Plein jour,En agglomération,Giratoire,Normale,Deux véhicules - côté,,,,,,,,,,,1,2,6,1.0,3
201200038936,0012-08-05 11:45:00,12,8,5,11,45,800,21,BOULEVARD DE DURY,49.88172,2.28503,Plein jour,En agglomération,Intersection en X,Normale,Deux véhicules - côté,,,,,,,,,,,1,2,2,1.0,3
201200038937,0012-08-09 15:10:00,12,8,9,15,10,800,21,"36, RUE LEO LAGRANGE",49.91062,2.31361,Plein jour,En agglomération,Hors intersection,Normale,Deux véhicules - côté,,,,,,,,,,,1,2,1,1.0,3