accident_id,datetime,annee,mois,jour,heure,minute,departement,commune_insee,adresse,latitude,longitude,luminosite,agglomeration,intersection,meteo,collision,nb_vehicules,nb_usagers,nb_indemnes,nb_tues,nb_blesses_hosp,nb_blesses_legers,age_cond_1,age_cond_2,veh_type_cond_1,veh_type_cond_2,lum_code,agg_code,int_code,atm_code,col_code
201200038938,0012-08-10 22:10:00,12,8,10,22,10,800,379,AVENUE ETOILE DU SUD,,,Nuit avec éclairage allumé,En agglomération,Hors intersection,Normale,Deux véhicules - arrière,,,,,,,,,,,5,2,1,1.0,2
201200038939,0012-08-09 21:20:00,12,8,9,21,20,800,21,AVENUE ROGER DUMOULIN,,,Nuit sans éclairage public,En agglomération,Hors intersection,Normale,Sans collision,,,,,,,,,,,3,2,1,1.0,7
201200038940,0012-08-09 16:10:00,12,8,9,16,10,800,21,RUE JEAN MOULIN,,,Plein jour,En agglomération,Hors intersection,Normale,Autre collision,,,,,,,,,,,1,2,1,1.0,6
201200038941,0012-08-14 14:30:00,12,8,14,14,30,800,21,"151, RUE ANDRE DUROUCHEZ",,,Plein jour,En agglomération,Hors intersection,Normale,Trois véhicules et plus - collisions multiples,,,,,,,,,,,1,2,1,1.0,5
201200038942,0012-08-13 20:50:00,12,8,13,20,50,800,725,AV. DE LA CROIX JOURDAIN,,,Nuit avec éclairage allumé,En agglomération,Giratoire,Normale,Deux véhicules - côté,,,,,,,,,,,5,2,6,1.0,3
201200038943,0012-08-16 15:10:00,12,8,16,15,10,800,489,RN 25,,,Plein jour,Hors agglomération,Hors intersection,Normale,Deux véhicules - côté,,,,,,,,,,,1,1,1,1.0,3
201200038944,0012-08-16 14:15:00,12,8,16,14,15,800,21,"10, BOULEVARD BARABAN",49.89906,2.30477,Plein jour,En agglomération,Hors intersection,Normale,Deux véhicules - côté,,,,,,,,,,,1,2,1,1.0,3
201200038945,0012-08-19 18:40:00,12,8,19,18,40,800,724,RUE DE LA BASSE SELLE,,,Plein jour,Hors agglomération,Hors intersection,Normale,Sans collision,,,,,,,,,,,1,1,1,1.0,7
201200038946,0012-08-18 00:20:00,12,8,18,0,20,800,379,"20, AV. ETOILE DU SUD",49.86494,2.38528,Nuit avec éclairage allumé,En agglomération,Hors intersection,Normale,Trois véhicules et plus - collisions multiples,,,,,,,,,,,5,2,1,1.0,5
201200038947,0012-08-20 16:00:00,12,8,20,16,0,800,21,"149, RUE ALEXANDRE DUMAS",49.87536,2.28314,Plein jour,En agglomération,Hors intersection,Normale,Autre collision,,,,,,,,,,,1,2,1,1.0,6
201200038948,0012-08-24 08:30:00,12,8,24,8,30,800,21,"03,RUE JEAN RACINE",49.86739,2.3353,Plein jour,En agglomération,Hors intersection,Normale,Trois véhicules et plus - collisions multiples,,,,,,,,,,,1,2,1,1.0,5
201200038949,0012-08-30 12:50:00,12,8,30,12,50,800,21,"205, RUE JULES BARNI",49.88698,2.31623,Plein jour,En agglomération,Hors intersection,Normale,Deux véhicules - arrière,,,,,,,,,,,1,2,1,1.0,2
201200038950,0012-08-31 13:40:00,12,8,31,13,40,800,21,"90, RUE LAURENDEAU",49.88595,2.29474,Plein jour,En agglomération,Hors intersection,Normale,Autre collision,,,,,,,,,,,1,2,1,1.0,6
201200038951,0012-09-01 17:55:00,12,9,1,17,55,800,21,ROCADE NORD RN 1,,,Plein jour,En agglomération,Hors intersection,Normale,Autre collision,,,,,,,,,,,1,2,1,1.0,6
201200038952,0012-09-06 21:00:00,12,9,6,21,0,800,21,AV QUATORZE JUILLET 178,49.87558,2.28178,Nuit avec éclairage allumé,En agglomération,Giratoire,Normale,Deux véhicules - côté,,,,,,,,,,,5,2,6,1.0,3
201200038953,0012-09-06 17:15:00,12,9,6,17,15,800,21,"63,CHAUSSEE SAINT PIERRE",49.90268,2.30326,Plein jour,En agglomération,Intersection en T,Normale,Deux véhicules - côté,,,,,,,,,,,1,2,3,1.0,3
201200038954,0012-09-05 13:35:00,12,9,5,13,35,800,21,AVENUE DE BOURGOGNE,,,Plein jour,En agglomération,Hors intersection,Normale,Deux véhicules - côté,,,,,,,,,,,1,2,1,1.0,3
201200038955,0012-09-07 18:25:00,12,9,7,18,25,800,261,RD 1001,,,Plein jour,En agglomération,Hors intersection,Normale,Trois véhicules et plus - collisions multiples,,,,,,,,,,,1,2,1,1.0,5
201200038956,0012-09-09 07:45:00,12,9,9,7,45,800,674,"52,RUE ROBERT PETIT",49.8992,2.32601,Plein jour,En agglomération,Hors intersection,Normale,Autre collision,,,,,,,,,,,1,2,1,1.0,6
201200038957,0012-09-11 19:30:00,12,9,11,19,30,800,21,RUE DE PRAGUE,49.87415,2.31773,Plein jour,En agglomération,Giratoire,Normale,Deux véhicules - côté,,,,,,,,,,,1,2,6,1.0,3
201200038958,0012-09-12 17:45:00,12,9,12,17,45,800,21,AV PIERRE MENDES FRANCE,49.90156,2.28404,Plein jour,En agglomération,Intersection en X,Normale,Deux véhicules - côté,,,,,,,,,,,1,2,2,1.0,3
201200038959,0012-09-14 03:45:00,12,9,14,3,45,800,21,"345,RUE DE VERDUN",49.89214,2.3208,Nuit avec éclairage allumé,En agglomération,Hors intersection,Normale,Autre collision,,,,,,,,,,,5,2,1,1.0,6
201200038960,0012-09-15 10:20:00,12,9,15,10,20,800,131,RD935,,,Plein jour,En agglomération,Hors intersection,Normale,Deux véhicules - arrière,,,,,,,,,,,1,2,1,1.0,2
201200038961,0012-09-15 15:50:00,12,9,15,15,50,800,21,"1,CAR JACQUES DUCLOS",49.90667,2.3183,Plein jour,En agglomération,Giratoire,Normale,Trois véhicules et plus - collisions multiples,,,,,,,,,,,1,2,6,1.0,5
201200038962,0012-09-18 00:55:00,12,9,18,0,55,800,21,"1,BOULEVARD DU CANGE",49.89603,2.30611,Nuit avec éclairage allumé,En agglomération,Hors intersection,Normale,Autre collision,,,,,,,,,,,5,2,1,1.0,6
201200038963,0012-09-18 10:20:00,12,9,18,10,20,800,21,"9,BOULEVARD BARABAN",49.89898,2.30506,Plein jour,En agglomération,Hors intersection,Normale,Deux véhicules - côté,,,,,,,,,,,1,2,1,1.0,3
201200038964,0012-09-17 16:55:00,12,9,17,16,55,800,21,BOULEVARD DE BAPAUME,49.87984,2.30963,Plein jour,En agglomération,Hors intersection,Normale,Deux véhicules - côté,,,,,,,,,,,1,2,1,1.0,3
201200038965,0012-09-21 17:50:00,12,9,21,17,50,800,21,"62,BD ALSACE LORRAINE",49.89351,2.30866,Plein jour,En agglomération,Hors intersection,Normale,Autre collision,,,,,,,,,,,1,2,1,1.0,6
201200038966,0012-09-26 13:40:00,12,9,26,13,40,800,21,"503,CHAUSSEE JULES FERRY",49.87725,2.34193,Plein jour,En agglomération,Hors intersection,Normale,Deux véhicules - arrière,,,,,,,,,,,1,2,1,1.0,2
201200038967,0012-09-27 13:40:00,12,9,27,13,40,800,21,"15,BD ALSACE LORRAINE",49.89193,2.30722,Plein jour,En agglomération,Hors intersection,Normale,Autre collision,,,,,,,,,,,1,2,1,1.0,6
201200038968,0012-09-27 13:15:00,12,9,27,13,15,800,21,"48,RUE DE PARIS",49.88826,2.28949,Plein jour,En agglomération,Hors intersection,Pluie légère,Autre collision,,,,,,,,,,,1,2,1,2.0,6
201200038969,0012-09-28 23:30:00,12,9,28,23,30,800,21,"45,RUE CHARLES DUBOIS",49.88608,2.30163,Nuit avec éclairage allumé,En agglomération,Hors intersection,Normale,Autre collision,,,,,,,,,,,5,2,1,1.0,6
201200038970,0012-09-29 05:10:00,12,9,29,5,10,800,256,"302,AVENUE LOUIS PASTEUR",,,Nuit avec éclairage allumé,En agglomération,Hors intersection,Normale,Autre collision,,,,,,,,,,,5,2,1,1.0,6
201200038971,0012-09-29 11:50:00,12,9,29,11,50,800,632,"82,ROUTE DE ROUEN",49.87639,2.25114,Plein jour,En agglomération,Hors intersection,Normale,Deux véhicules - arrière,,,,,,,,,,,1,2,1,1.0,2
201200038972,0012-09-28 08:50:00,12,9,28,8,50,800,164,RD929,,,Plein jour,En agglomération,Hors intersection,Normale,Trois véhicules et plus - collisions multiples,,,,,,,,,,,1,2,1,1.0,5
201200038973,0012-09-28 16:50:00,12,9,28,16,50,800,21,AVENUE DU LANGUEDOC,49.91743,2.25374,Plein jour,En agglomération,Hors intersection,Normale,Autre collision,,,,,,,,,,,1,2,1,1.0,6
201200038974,0012-09-28 13:25:00,12,9,28,13,25,800,21,A DE LA COMMUNE DE PARIS,49.91707,2.25582,Plein jour,En agglomération,Hors intersection,Normale,Autre collision,,,,,,,,,,,1,2,1,1.0,6
201200038975,0012-10-03 14:37:00,12,10,3,14,37,800,21,BOULEVARD DE FEDERES,49.89549,2.28332,Plein jour,En agglomération,Intersection en T,Normale,Deux véhicules - côté,,,,,,,,,,,1,2,3,1.0,3
201200038976,0012-10-03 17:40:00,12,10,3,17,40,800,21,"30,RUE POINTIN",49.88577,2.30846,Plein jour,En agglomération,Intersection en T,Pluie légère,Deux véhicules - côté,,,,,,,,,,,1,2,3,2.0,3
201200038977,0012-10-03 19:25:00,12,10,3,19,25,800,489,"7, RUE GENERAL GALLIENI",49.86976,2.35192,Crépuscule ou aube,En agglomération,Intersection en X,Normale,Deux véhicules - côté,,,,,,,,,,,2,2,2,1.0,3
201200038978,0012-10-06 17:00:00,12,10,6,17,0,800,21,ROCADE NORD RN 1,,,Plein jour,En agglomération,Hors intersection,Normale,Autre collision,,,,,,,,,,,1,2,1,1.0,6
201200038979,0012-10-08 15:50:00,12,10,8,15,50,800,21,ROCADE NORD RN 1,,,Plein jour,Hors agglomération,Hors intersection,Pluie forte,Sans collision,,,,,,,,,,,1,1,1,3.0,7
201200038980,0012-10-10 13:30:00,12,10,10,13,30,800,21,"41,RUE VOYELLE",49.88809,2.33228,Plein jour,En agglomération,Hors intersection,Normale,Deux véhicules - frontale,,,,,,,,,,,1,2,1,1.0,1
201200038981,0012-10-09 13:50:00,12,10,9,13,50,800,21,BD ALSACE LORRAINE,49.89441,2.30932,Plein jour,En agglomération,Intersection en X,Normale,Deux véhicules - côté,,,,,,,,,,,1,2,2,1.0,3
201200038982,0012-10-12 08:50:00,12,10,12,8,50,800,21,RUE CAMILLE DESMOULINS,49.88199,2.29875,Plein jour,En agglomération,Intersection en X,Normale,Deux véhicules - côté,,,,,,,,,,,1,2,2,1.0,3
201200038983,0012-10-14 02:30:00,12,10,14,2,30,800,21,"16,DB DE BEAUVILLE",49.8959,2.31036,Nuit avec éclairage allumé,En agglomération,Hors intersection,Pluie légère,Autre collision,,,,,,,,,,,5,2,1,2.0,6
201200038984,0012-10-14 21:45:00,12,10,14,21,45,800,164,ROCADE NORD EST RN 25,,,Nuit avec éclairage allumé,Hors agglomération,Hors intersection,Normale,Sans collision,,,,,,,,,,,5,1,1,1.0,7
201200038985,0012-10-14 18:15:00,12,10,14,18,15,800,489,RUE GENERAL DE GAULLE,49.86869,2.35226,Plein jour,En agglomération,Intersection en X,Normale,Deux véhicules - côté,,,,,,,,,,,1,2,2,1.0,3
201200038986,0012-10-16 17:30:00,12,10,16,17,30,800,21,"50,RUE VANMARCKE",49.8962,2.30307,Plein jour,En agglomération,Hors intersection,Normale,Trois véhicules et plus - collisions multiples,,,,,,,,,,,1,2,1,1.0,5
201200038987,0012-10-16 22:35:00,12,10,16,22,35,800,21,RUE D' ABBEVILLE,,,Nuit avec éclairage allumé,En agglomération,Intersection en T,Normale,Deux véhicules - côté,,,,,,,,,,,5,2,3,1.0,3
201200038988,0012-10-23 17:25:00,12,10,23,17,25,800,131,BD MICHEL STROGOFF,,,Plein jour,En agglomération,Hors intersection,Normale,Sans collision,,,,,,,,,,,1,2,1,1.0,7
201200038989,0012-10-22 17:45:00,12,10,22,17,45,800,21,AVENUE GENERAL DE GAULLE,49.90731,2.30176,Plein jour,En agglomération,Giratoire,Normale,Autre collision,,,,,,,,,,,1,2,6,1.0,6
201200038990,0012-10-17 18:55:00,12,10,17,18,55,800,21,PLACE MARECHAL JOFFRE,49.88723,2.30342,Nuit avec éclairage allumé,En agglomération,Giratoire,Pluie légère,Autre collision,,,,,,,,,,,5,2,6,2.0,6
201200038991,0012-10-18 10:10:00,12,10,18,10,10,800,21,CHAUSSEE SAINT PIERRE,49.9037,2.30719,Plein jour,En agglomération,Intersection en X,Pluie légère,Deux véhicules - côté,,,,,,,,,,,1,2,2,2.0,3
201200038992,0012-10-24 16:15:00,12,10,24,16,15,800,21,AVENUE ROGER DUMOULIN,,,Plein jour,En agglomération,Hors intersection,Normale,Deux véhicules - arrière,,,,,,,,,,,1,2,1,1.0,2
201200038993,0012-10-27 21:10:00,12,10,27,21,10,800,489,ROCADE NORD EST RN 25,,,Nuit avec éclairage non allumé,Hors agglomération,Hors intersection,Normale,Deux véhicules - arrière,,,,,,,,,,,4,1,1,1.0,2
201200038994,0012-10-26 11:50:00,12,10,26,11,50,800,21,"13,CHAUSSEE SAINT PIERRE",49.90221,2.30083,Plein jour,En agglomération,Hors intersection,Normale,Deux véhicules - arrière,,,,,,,,,,,1,2,1,1.0,2
201200038995,0012-10-31 09:00:00,12,10,31,9,0,800,21,"30,RUE ALEXANDRE DUMAS",49.87094,2.30385,Plein jour,En agglomération,Hors intersection,Normale,Trois véhicules et plus - collisions multiples,,,,,,,,,,,1,2,1,1.0,5
201200038996,0012-11-09 18:05:00,12,11,9,18,5,800,21,"344,BOULEVARD BEAUVILLE",49.90302,2.31554,Nuit avec éclairage allumé,En agglomération,Hors intersection,Pluie légère,Autre collision,,,,,,,,,,,5,2,1,2.0,6
201200038997,0012-11-09 18:50:00,12,11,9,18,50,800,21,"53,MAIL ALBERT 1ER",49.8887,2.29981,Nuit avec éclairage allumé,En agglomération,Hors intersection,Pluie forte,Autre collision,,,,,,,,,,,5,2,1,3.0,6
201200038998,0012-11-09 19:25:00,12,11,9,19,25,800,21,QUATORZE JUILLET 178,49.87558,2.2818,Nuit avec éclairage allumé,En agglomération,Giratoire,Pluie forte,Deux véhicules - côté,,,,,,,,,,,5,2,6,3.0,3
201200038999,0012-11-13 08:20:00,12,11,13,8,20,800,21,CAR GEORGES CLEMENCEAU,49.90754,2.3021,Plein jour,En agglomération,Giratoire,Pluie forte,Deux véhicules - côté,,,,,,,,,,,1,2,6,3.0,3
201200039000,0012-11-14 11:20:00,12,11,14,11,20,800,21,RUE JEAN MARC LAURENT,49.87081,2.31081,Plein jour,En agglomération,Intersection en T,Normale,Deux véhicules - côté,,,,,,,,,,,1,2,3,1.0,3
201200039001,0012-11-15 22:05:00,12,11,15,22,5,800,21,"15 bis, RUE JEAN RACINE",49.86715,2.33546,Nuit sans éclairage public,Hors agglomération,Hors intersection,Normale,Deux véhicules - côté,,,,,,,,,,,3,1,1,1.0,3
201200039002,0012-11-16 07:30:00,12,11,16,7,30,800,21,BOULEVARD STRASBOURG,49.88936,2.27756,Nuit avec éclairage allumé,En agglomération,Intersection en X,Brouillard / fumée,Autre collision,,,,,,,,,,,5,2,2,5.0,6
201200039003,0012-11-16 08:25:00,12,11,16,8,25,800,21,"2,BOULEVARD DE ROUBAIX",,,Plein jour,En agglomération,Hors intersection,Normale,Deux véhicules - côté,,,,,,,,,,,1,2,1,1.0,3
201200039004,0012-11-16 13:35:00,12,11,16,13,35,800,21,"16,PL  AUGUSTIN DUJARDIN",49.88598,2.33174,Plein jour,Hors agglomération,Hors intersection,Normale,Deux véhicules - côté,,,,,,,,,,,1,1,1,1.0,3
201200039005,0012-11-21 10:10:00,12,11,21,10,10,800,21,"18, BOULEVARD CARNOT",49.89112,2.28937,Plein jour,En agglomération,Hors intersection,Pluie légère,Trois véhicules et plus - collisions multiples,,,,,,,,,,,1,2,1,2.0,5
201200039006,0012-11-20 07:40:00,12,11,20,7,40,800,21,"48,R JEAN MARC LAURENT",49.8711,2.31706,Crépuscule ou aube,En agglomération,Hors intersection,Temps couvert,Autre collision,,,,,,,,,,,2,2,1,8.0,6
201200039007,0012-11-21 19:10:00,12,11,21,19,10,800,21,"649,RUE DE ROUEN",49.88539,2.26844,Nuit avec éclairage allumé,En agglomération,Hors intersection,Normale,Autre collision,,,,,,,,,,,5,2,1,1.0,6
201200039008,0012-11-22 14:00:00,12,11,22,14,0,800,21,"9,RUE DES VERGEAUX",49.89427,2.29742,Plein jour,En agglomération,Hors intersection,Normale,Autre collision,,,,,,,,,,,1,2,1,1.0,6
201200039009,0012-11-25 19:10:00,12,11,25,19,10,800,261,"31, ROUTE NATIONAL",,,Nuit avec éclairage allumé,En agglomération,Hors intersection,Normale,Autre collision,,,,,,,,,,,5,2,1,1.0,6
201200039010,0012-11-23 09:35:00,12,11,23,9,35,800,21,"31,RUE DE L' AGRAPPIN",49.88715,2.33274,Plein jour,En agglomération,Hors intersection,Pluie légère,Deux véhicules - frontale,,,,,,,,,,,1,2,1,2.0,1
201200039011,0012-11-25 17:30:00,12,11,25,17,30,800,21,"1,R DOCTEUR LOUIS FAFET",49.9128,2.31622,Nuit avec éclairage allumé,En agglomération,Hors intersection,Normale,Deux véhicules - arrière,,,,,,,,,,,5,2,1,1.0,2
201200039012,0012-11-27 09:30:00,12,11,27,9,30,800,21,"21,BD MAIGNAN LARIVIERE",49.88931,2.29377,Plein jour,En agglomération,Hors intersection,Normale,Deux véhicules - côté,,,,,,,,,,,1,2,1,1.0,3
201200039013,0012-11-28 12:40:00,12,11,28,12,40,800,21,"17,RUE DE DEUXIEME DB",49.89267,2.29256,Plein jour,En agglomération,Hors intersection,Normale,Autre collision,,,,,,,,,,,1,2,1,1.0,6
201200039014,0012-11-30 18:15:00,12,11,30,18,15,800,674,"216,AV DEFENSE PASSIVE",,,Nuit avec éclairage allumé,En agglomération,Hors intersection,Normale,Deux véhicules - arrière,,,,,,,,,,,5,2,1,1.0,2
201200039015,0012-12-02 14:15:00,12,12,2,14,15,800,261,ZONE COMMERCIAL AUCHAN,49.86192,2.27784,Plein jour,Hors agglomération,Hors intersection,Normale,Autre collision,,,,,,,,,,,1,1,1,1.0,6
201200039016,0012-12-04 00:45:00,12,12,4,0,45,800,21,ESPLANADE EDOUARD BRANLY,49.89021,2.29082,Nuit avec éclairage allumé,En agglomération,Intersection en X,Pluie légère,Deux véhicules - côté,,,,,,,,,,,5,2,2,2.0,3
201200039017,0012-12-03 17:20:00,12,12,3,17,20,800,21,"35,RUE ANDRE DUROUCHEZ",,,Crépuscule ou aube,En agglomération,Hors intersection,Normale,Deux véhicules - côté,,,,,,,,,,,2,2,1,1.0,3
201200039018,0012-12-05 10:20:00,12,12,5,10,20,800,256,R OCTAVIE DUCHELLIER,,,Plein jour,Hors agglomération,Hors intersection,Normale,Sans collision,,,,,,,,,,,1,1,1,1.0,7
201200039019,0012-12-05 18:00:00,12,12,5,18,0,800,21,BOULEVARD DE FEDERES,49.89418,2.28369,Nuit avec éclairage allumé,En agglomération,Intersection en Y,Pluie légère,Deux véhicules - côté,,,,,,,,,,,5,2,4,2.0,3
201200039020,0012-12-04 18:45:00,12,12,4,18,45,800,21,"43,BLD PONT NOYELLES",49.88368,2.3203,Nuit avec éclairage allumé,En agglomération,Hors intersection,Pluie légère,Trois véhicules et plus - collisions multiples,,,,,,,,,,,5,2,1,2.0,5
201200039021,0012-12-04 15:10:00,12,12,4,15,10,800,21,RUE DES OTAGES,49.88861,2.30299,Plein jour,En agglomération,Intersection en X,Normale,Deux véhicules - côté,,,,,,,,,,,1,2,2,1.0,3
201200039022,0012-12-04 10:35:00,12,12,4,10,35,800,21,"255,CHAUSSEE JULES FERRY",49.88061,2.33182,Plein jour,En agglomération,Intersection en T,Pluie légère,Deux véhicules - côté,,,,,,,,,,,1,2,3,2.0,3
201200039023,0012-12-10 16:55:00,12,12,10,16,55,800,21,"43,RUE VANMARCKE",49.89625,2.30284,Plein jour,En agglomération,Hors intersection,Normale,Autre collision,,,,,,,,,,,1,2,1,1.0,6
201200039024,0012-12-10 09:10:00,12,12,10,9,10,800,131,RUE ALEXANDRE VASSEUR,,,Plein jour,En agglomération,Intersection en T,Normale,Deux véhicules - côté,,,,,,,,,,,1,2,3,1.0,3
201200039025,0012-12-10 13:30:00,12,12,10,13,30,800,725,RUE VICTOR HUGO,,,Plein jour,En agglomération,Intersection en Y,Normale,Trois véhicules et plus - collisions multiples,,,,,,,,,,,1,2,4,1.0,5
201200039026,0012-12-11 18:25:00,12,12,11,18,25,800,21,AVENUE DE LA LICORNE,49.89966,2.26474,Nuit avec éclairage allumé,En agglomération,Hors intersection,Normale,Deux véhicules - frontale,,,,,,,,,,,5,2,1,1.0,1
201200039027,0012-12-13 08:15:00,12,12,13,8,15,800,21,RUE VANMARCKE,49.89673,2.30042,Crépuscule ou aube,En agglomération,Intersection en X,Normale,Deux véhicules - côté,,,,,,,,,,,2,2,2,1.0,3
201200039028,0012-12-12 14:30:00,12,12,12,14,30,800,21,"18, AVENUE DE GRECE",49.86832,2.28216,Plein jour,En agglomération,Giratoire,Normale,Deux véhicules - côté,,,,,,,,,,,1,2,6,1.0,3
201200039029,0012-12-14 12:30:00,12,12,14,12,30,800,261,"26,ROUTE D' AMIENS",,,Plein jour,En agglomération,Hors intersection,Pluie légère,Trois véhicules et plus - collisions multiples,,,,,,,,,,,1,2,1,2.0,5
201200039030,0012-12-14 16:40:00,12,12,14,16,40,800,724,ROUTE DE TAISNIL,,,Crépuscule ou aube,En agglomération,Hors intersection,Pluie légère,Deux véhicules - arrière,,,,,,,,,,,2,2,1,2.0,2
201200039031,0012-12-18 07:50:00,12,12,18,7,50,800,21,RUE GENERAL LECLERC,49.89674,2.29448,Nuit avec éclairage allumé,En agglomération,Hors intersection,Normale,Autre collision,,,,,,,,,,,5,2,1,1.0,6
201200039032,0012-12-18 12:10:00,12,12,18,12,10,800,725,RUE FERDINAND BUISSON,49.87016,2.24301,Plein jour,En agglomération,Hors intersection,Normale,Deux véhicules - arrière,,,,,,,,,,,1,2,1,1.0,2
201200039033,0012-12-20 15:40:00,12,12,20,15,40,800,131,RD935,,,Plein jour,En agglomération,Hors intersection,Pluie légère,Deux véhicules - frontale,,,,,,,,,,,1,2,1,2.0,1
201200039034,0012-12-21 01:00:00,12,12,21,1,0,800,21,MAIL ALBERT 1ER,49.88854,2.30309,Nuit avec éclairage allumé,En agglomération,Intersection en X,Normale,Deux véhicules - frontale,,,,,,,,,,,5,2,2,1.0,1
201200039035,0012-12-20 18:10:00,12,12,20,18,10,800,21,RUE DU CHAMP DE TIR,49.90067,2.26945,Nuit avec éclairage allumé,En agglomération,Hors intersection,Normale,Autre collision,,,,,,,,,,,5,2,1,1.0,6
201200039036,0012-12-25 11:35:00,12,12,25,11,35,800,164,"18, PLACE GENERAL LECLER",49.88781,2.34538,Plein jour,En agglomération,Hors intersection,Normale,Autre collision,,,,,,,,,,,1,2,1,1.0,6
201200039037,0012-12-23 17:05:00,12,12,23,17,5,800,21,RUE DU BLAMONT,49.88547,2.31222,Nuit avec éclairage allumé,En agglomération,Intersection à plus de 4 branches,Pluie forte,Deux véhicules - côté,,,,,,,,,,,5,2,5,3.0,3
201200039038,0012-12-22 14:50:00,12,12,22,14,50,800,164,ROCADE NORD EST RN 25,,,Plein jour,Hors agglomération,Hors intersection,Pluie forte,Deux véhicules - côté,,,,,,,,,,,1,1,1,3.0,3
201200039039,0012-12-21 15:00:00,12,12,21,15,0,800,21,"85,MAIL ALBERT 1ER",49.88863,2.303,Plein jour,En agglomération,Hors intersection,Normale,Autre collision,,,,,,,,,,,1,2,1,1.0,6
201200039040,0012-12-29 20:00:00,12,12,29,20,0,800,21,ESPLANADE EDOUARD BRANLY,49.89021,2.29083,Nuit avec éclairage allumé,En agglomération,Intersection en X,Pluie légère,Deux véhicules - côté,,,,,,,,,,,5,2,2,2.0,3
201200039041,0012-12-30 12:35:00,12,12,30,12,35,800,21,RUE ALBERT CAMUS,49.91164,2.3044,Plein jour,En agglomération,Hors intersection,Normale,Autre collision,,,,,,,,,,,1,2,1,1.0,6
201200039042,0012-12-28 05:10:00,12,12,28,5,10,800,21,RUE ANDRE DUROUCHEZ,,,Nuit avec éclairage allumé,Hors agglomération,Hors intersection,Normale,Autre collision,,,,,,,,,,,5,1,1,1.0,6
201200039043,0012-01-20 08:30:00,12,1,20,8,30,810,4,ROCADE RN88 EST,,,Plein jour,Hors agglomération,Autre intersection,Pluie légère,Trois véhicules et plus - en chaîne,,,,,,,,,,,1,1,9,2.0,4
201200039044,0012-01-04 17:50:00,12,1,4,17,50,810,4,"71, PELISSIER (AV DE)",,,Nuit avec éclairage allumé,En agglomération,Intersection en Y,Normale,Deux véhicules - côté,,,,,,,,,,,5,2,4,1.0,3
201200039045,0012-01-26 06:55:00,12,1,26,6,55,810,144,RN 88,,,Nuit sans éclairage public,Hors agglomération,Hors intersection,Brouillard / fumée,Deux véhicules - arrière,,,,,,,,,,,3,1,1,5.0,2
201200039046,0012-01-31 14:50:00,12,1,31,14,50,810,257,JAURES ( AVENUE JEAN ),,,Plein jour,En agglomération,Hors intersection,Pluie légère,Deux véhicules - arrière,,,,,,,,,,,1,2,1,2.0,2
201200039047,0012-01-31 17:20:00,12,1,31,17,20,810,4,GAILLAGUES (CHEM DE),,,Plein jour,En agglomération,Hors intersection,Pluie légère,Autre collision,,,,,,,,,,,1,2,1,2.0,6
201200039048,0012-02-11 00:06:00,12,2,11,0,6,810,4,LAPEROUSE (PLACE),,,Nuit avec éclairage allumé,En agglomération,Hors intersection,Normale,Autre collision,,,,,,,,,,,5,2,1,1.0,6
201200039049,0012-04-27 11:25:00,12,4,27,11,25,810,4,PELISSIER (AV DE),,,Plein jour,En agglomération,Intersection en T,Normale,Autre collision,,,,,,,,,,,1,2,3,1.0,6
201200039050,0012-05-28 12:50:00,12,5,28,12,50,810,4,LAPEROUSE (PLACE),,,Plein jour,En agglomération,Hors intersection,Normale,Autre collision,,,,,,,,,,,1,2,1,1.0,6
201200039051,0012-06-08 11:00:00,12,6,8,11,0,810,4,THOMAS (AV ALBERT),,,Plein jour,En agglomération,Hors intersection,Normale,Deux véhicules - côté,,,,,,,,,,,1,2,1,1.0,3
201200039052,0012-06-21 14:10:00,12,6,21,14,10,810,4,ROCADE RN88 SUD,,,Plein jour,Hors agglomération,Hors intersection,Normale,Trois véhicules et plus - en chaîne,,,,,,,,,,,1,1,1,1.0,4
201200039053,0012-07-15 06:55:00,12,7,15,6,55,810,4,RUDEL (ET IMP DU),,,Crépuscule ou aube,En agglomération,Intersection en T,Normale,Deux véhicules - côté,,,,,,,,,,,2,2,3,1.0,3
201200039054,0012-07-25 11:45:00,12,7,25,11,45,810,4,"90, TEILLET (RTE DE)",,,Plein jour,Hors agglomération,Hors intersection,Normale,Sans collision,,,,,,,,,,,1,1,1,1.0,7
201200039055,0012-08-17 10:15:00,12,8,17,10,15,810,4,DEMBOURG (AV),,,Plein jour,En agglomération,Hors intersection,Normale,Deux véhicules - côté,,,,,,,,,,,1,2,1,1.0,3
201200039056,0012-09-22 00:25:00,12,9,22,0,25,810,4,REPUBLIQUE,,,Nuit avec éclairage allumé,En agglomération,Hors intersection,Normale,Sans collision,,,,,,,,,,,5,2,1,1.0,7
201200039057,0012-09-25 14:15:00,12,9,25,14,15,810,4,STRASBOURG (BD DE),,,Plein jour,En agglomération,Intersection en T,Normale,Deux véhicules - côté,,,,,,,,,,,1,2,3,1.0,3
201200039058,0012-10-15 07:35:00,12,10,15,7,35,810,4,LATTRE DE TASSIGNY (AV D,,,Nuit avec éclairage allumé,En agglomération,Hors intersection,Temps couvert,Autre collision,,,,,,,,,,,5,2,1,8.0,6
201200039059,0012-11-16 16:30:00,12,11,16,16,30,810,4,SALENGRO (BD ROGER),,,Plein jour,En agglomération,Hors intersection,Normale,Deux véhicules - frontale,,,,,,,,,,,1,2,1,1.0,1
201200039060,0012-12-12 19:30:00,12,12,12,19,30,810,4,ROCADE RN88 SUD,,,Nuit sans éclairage public,Hors agglomération,Hors intersection,Normale,Sans collision,,,,,,,,,,,3,1,1,1.0,7