accident_id,datetime,annee,mois,jour,heure,minute,departement,commune_insee,adresse,latitude,longitude,luminosite,agglomeration,intersection,meteo,collision,nb_vehicules,nb_usagers,nb_indemnes,nb_tues,nb_blesses_hosp,nb_blesses_legers,age_cond_1,age_cond_2,veh_type_cond_1,veh_type_cond_2,lum_code,agg_code,int_code,atm_code,col_code
201200039189,0012-10-28 20:40:00,12,10,28,20,40,830,50,"13, CARNOT(AVENUE LAZARE",,,Nuit avec éclairage allumé,En agglomération,Hors intersection,Normale,Deux véhicules - côté,,,,,,,,,,,5,2,1,1.0,3
201200039190,0012-11-02 08:25:00,12,11,2,8,25,830,50,"612, DE GAULLE(AVENUE CH",,,Plein jour,En agglomération,Hors intersection,Normale,Autre collision,,,,,,,,,,,1,2,1,1.0,6
201200039191,0012-11-20 09:25:00,12,11,20,9,25,830,50,"1, LECLERC(BOULEVARD GEN",,,Plein jour,En agglomération,Giratoire,Normale,Autre collision,,,,,,,,,,,1,2,6,1.0,6
201200039192,0012-11-22 12:35:00,12,11,22,12,35,830,50,"790, BLUM(BOULEVARD LEON",,,Plein jour,En agglomération,Hors intersection,Normale,Deux véhicules - côté,,,,,,,,,,,1,2,1,1.0,3
201200039193,0012-12-07 17:40:00,12,12,7,17,40,830,141,RD 1555 (DRAGUIGNAN/ LE,,,Nuit avec éclairage allumé,En agglomération,Hors intersection,Normale,Deux véhicules - côté,,,,,,,,,,,5,2,1,1.0,3
201200039194,0012-12-12 18:15:00,12,12,12,18,15,830,50,LAGRANGE(BOULEVARD LEO),,,Nuit avec éclairage allumé,En agglomération,Hors intersection,Normale,Autre collision,,,,,,,,,,,5,2,1,1.0,6
201200039195,0012-11-17 12:40:00,12,11,17,12,40,830,61,"0, RUE DES COMBATTANTS D",,,Plein jour,Hors agglomération,Hors intersection,Normale,Deux véhicules - côté,,,,,,,,,,,1,1,1,1.0,3
201200039196,0012-12-06 10:45:00,12,12,6,10,45,830,118,"552, AVENUE DE VALESCURE",,,Plein jour,En agglomération,Hors intersection,Normale,Autre collision,,,,,,,,,,,1,2,1,1.0,6
201200039197,0012-12-24 09:20:00,12,12,24,9,20,830,61,"0, PLACE PA Fevrier",,,Plein jour,En agglomération,Hors intersection,Normale,Autre collision,,,,,,,,,,,1,2,1,1.0,6
201200039198,0012-01-19 08:00:00,12,1,19,8,0,830,118,"571, CHEMIN DE LA LAUVE",,,Plein jour,En agglomération,Hors intersection,Normale,Deux véhicules - côté,,,,,,,,,,,1,2,1,1.0,3
201200039199,0012-12-17 08:45:00,12,12,17,8,45,830,61,AVENUE DE LA CORNICHE D',,,Plein jour,Hors agglomération,Hors intersection,Normale,Sans collision,,,,,,,,,,,1,1,1,1.0,7
201200039200,0012-02-18 15:45:00,12,2,18,15,45,830,118,ROUTE DE SAINT-BARTH?LEM,,,Plein jour,Hors agglomération,Hors intersection,Normale,Deux véhicules - frontale,,,,,,,,,,,1,1,1,1.0,1
201200039201,0012-03-02 13:55:00,12,3,2,13,55,830,61,"face 316, AVENUE DE VERD",,,Plein jour,En agglomération,Hors intersection,Normale,Deux véhicules - arrière,,,,,,,,,,,1,2,1,1.0,2
201200039202,0012-03-12 10:35:00,12,3,12,10,35,830,61,"1, RUE HENRI BOSCO",43.43277,6.75451,Plein jour,En agglomération,Hors intersection,Normale,Autre collision,,,,,,,,,,,1,2,1,1.0,6
201200039203,0012-03-14 16:15:00,12,3,14,16,15,830,118,BOULEVARD JACQUES BAUDIN,43.44266,6.79558,Plein jour,Hors agglomération,Hors intersection,Normale,Deux véhicules - arrière,,,,,,,,,,,1,1,1,1.0,2
201200039204,0012-02-28 14:55:00,12,2,28,14,55,830,118,AVENUE DES ISCLES,,,Plein jour,En agglomération,Autre intersection,Normale,Autre collision,,,,,,,,,,,1,2,9,1.0,6
201200039205,0012-03-27 21:15:00,12,3,27,21,15,830,118,BOULEVARD DU CERCERON,43.4382,6.78367,Nuit avec éclairage allumé,En agglomération,Hors intersection,Normale,Autre collision,,,,,,,,,,,5,2,1,1.0,6
201200039206,0012-04-03 15:15:00,12,4,3,15,15,830,118,"91, BD DU CERCERON",43.44024,6.78048,Plein jour,En agglomération,Hors intersection,Normale,Deux véhicules - côté,,,,,,,,,,,1,2,1,1.0,3
201200039207,0012-04-22 12:25:00,12,4,22,12,25,830,61,"752, AVENUE DU QUINZIEME",43.43949,6.74357,Plein jour,En agglomération,Hors intersection,Normale,Autre collision,,,,,,,,,,,1,2,1,1.0,6
201200039208,0012-04-27 22:40:00,12,4,27,22,40,830,118,"0, CARREFOUR PEIRE SARAD",43.4299,6.79682,Nuit avec éclairage allumé,En agglomération,Hors intersection,Normale,Autre collision,,,,,,,,,,,5,2,1,1.0,6
201200039209,0012-04-28 17:50:00,12,4,28,17,50,830,118,"0, ROUTE DE LA CORNICHE",43.41472,6.80564,Plein jour,En agglomération,Hors intersection,Normale,Deux véhicules - côté,,,,,,,,,,,1,2,1,1.0,3
201200039210,0012-05-02 12:40:00,12,5,2,12,40,830,61,"1, CHEMIN DIT CARRAIRE D",,,Plein jour,En agglomération,Hors intersection,Normale,Autre collision,,,,,,,,,,,1,2,1,1.0,6
201200039211,0012-05-14 18:10:00,12,5,14,18,10,830,61,D7,43.42666,6.6722,Plein jour,Hors agglomération,Hors intersection,Normale,Deux véhicules - frontale,,,,,,,,,,,1,1,1,1.0,1
201200039212,0012-05-05 10:30:00,12,5,5,10,30,830,61,"0, AVENUE DE LATTRE DE T",,,Plein jour,En agglomération,Hors intersection,Normale,Autre collision,,,,,,,,,,,1,2,1,1.0,6
201200039213,0012-04-08 11:05:00,12,4,8,11,5,830,118,"574, AVENUE DE VALESCURE",43.42998,6.77272,Plein jour,En agglomération,Autre intersection,Normale,Autre collision,,,,,,,,,,,1,2,9,1.0,6
201200039214,0012-05-30 16:20:00,12,5,30,16,20,830,61,AVENUE DE LA CORNICHE D',,,Plein jour,En agglomération,Hors intersection,Normale,Autre collision,,,,,,,,,,,1,2,1,1.0,6
201200039215,0012-06-05 07:00:00,12,6,5,7,0,830,118,AVENUE DU GRATADIS,,,Plein jour,En agglomération,Hors intersection,Normale,Autre collision,,,,,,,,,,,1,2,1,1.0,6
201200039216,0012-05-23 07:48:00,12,5,23,7,48,830,61,AVENUE DE L'EUROPE,,,Plein jour,En agglomération,Hors intersection,Normale,Deux véhicules - côté,,,,,,,,,,,1,2,1,1.0,3
201200039217,0012-07-05 15:25:00,12,7,5,15,25,830,61,AVENUE DU HUIT MAI 1945,,,Plein jour,En agglomération,Intersection en T,Normale,Trois véhicules et plus - collisions multiples,,,,,,,,,,,1,2,3,1.0,5
201200039218,0012-07-14 20:30:00,12,7,14,20,30,830,61,AVENUE DU HUIT MAI 1945,,,Plein jour,En agglomération,Intersection en X,Normale,Deux véhicules - côté,,,,,,,,,,,1,2,2,1.0,3
201200039219,0012-05-31 11:10:00,12,5,31,11,10,830,61,"599, AVENUE  DE LATTRE",,,Plein jour,En agglomération,Hors intersection,Normale,Autre collision,,,,,,,,,,,1,2,1,1.0,6
201200039220,0012-06-05 23:40:00,12,6,5,23,40,830,61,RUE MAR?CHAL LYAUTEY,,,Nuit avec éclairage allumé,En agglomération,Giratoire,Normale,Deux véhicules - côté,,,,,,,,,,,5,2,6,1.0,3
201200039221,0012-07-18 07:00:00,12,7,18,7,0,830,61,D4,,,Plein jour,Hors agglomération,Hors intersection,Normale,Sans collision,,,,,,,,,,,1,1,1,1.0,7
201200039222,0012-07-04 16:55:00,12,7,4,16,55,830,61,"1440, AVENUE M DE",,,Plein jour,En agglomération,Hors intersection,Normale,Sans collision,,,,,,,,,,,1,2,1,1.0,7
201200039223,0012-07-15 21:00:00,12,7,15,21,0,830,118,BOULEVARD RAYMOND POINCA,,,Plein jour,En agglomération,Hors intersection,Normale,Autre collision,,,,,,,,,,,1,2,1,1.0,6
201200039224,0012-07-20 15:30:00,12,7,20,15,30,830,118,"0, AVENUE DU G?N?RAL DE",,,Plein jour,En agglomération,Hors intersection,Normale,Autre collision,,,,,,,,,,,1,2,1,1.0,6
201200039225,0012-07-26 09:30:00,12,7,26,9,30,830,118,"73, BOULEVARD DES MYRTES",,,Plein jour,En agglomération,Hors intersection,Normale,Sans collision,,,,,,,,,,,1,2,1,1.0,7
201200039226,0012-06-26 11:15:00,12,6,26,11,15,830,118,"102, RUE ALBERT CAMATTE",,,Plein jour,En agglomération,Hors intersection,Normale,Autre collision,,,,,,,,,,,1,2,1,1.0,6
201200039227,0012-07-29 17:25:00,12,7,29,17,25,830,61,RN7,,,Plein jour,Hors agglomération,Hors intersection,Normale,Deux véhicules - frontale,,,,,,,,,,,1,1,1,1.0,1
201200039228,0012-08-03 11:50:00,12,8,3,11,50,830,61,N98,,,Plein jour,En agglomération,Hors intersection,Normale,Deux véhicules - côté,,,,,,,,,,,1,2,1,1.0,3
201200039229,0012-08-05 23:05:00,12,8,5,23,5,830,61,RN7,,,Nuit avec éclairage allumé,En agglomération,Hors intersection,Normale,Sans collision,,,,,,,,,,,5,2,1,1.0,7
201200039230,0012-08-10 18:40:00,12,8,10,18,40,830,61,AVENUE DE L'ARGENS,,,Plein jour,En agglomération,Hors intersection,Normale,Trois véhicules et plus - collisions multiples,,,,,,,,,,,1,2,1,1.0,5
201200039231,0012-08-23 18:50:00,12,8,23,18,50,830,61,"0, RN7",,,Plein jour,Hors agglomération,Hors intersection,Normale,Autre collision,,,,,,,,,,,1,1,1,1.0,6
201200039232,0012-08-14 14:15:00,12,8,14,14,15,830,61,ALLEE DU ZENITH,,,Plein jour,En agglomération,Hors intersection,Normale,Sans collision,,,,,,,,,,,1,2,1,1.0,7
201200039233,0012-09-11 22:05:00,12,9,11,22,5,830,61,"0, RUE DES COMBATTANTS D",,,Nuit sans éclairage public,Hors agglomération,Hors intersection,Normale,Autre collision,,,,,,,,,,,3,1,1,1.0,6
201200039234,0012-09-13 08:00:00,12,9,13,8,0,830,61,"0, AVENUE ANDRE LEOTARD",,,Plein jour,En agglomération,Hors intersection,Normale,Autre collision,,,,,,,,,,,1,2,1,1.0,6
201200039235,0012-07-23 21:00:00,12,7,23,21,0,830,61,"1629, AVENUE DE LA CORNI",,,Nuit avec éclairage allumé,En agglomération,Hors intersection,Normale,Deux véhicules - arrière,,,,,,,,,,,5,2,1,1.0,2
201200039236,0012-07-27 21:30:00,12,7,27,21,30,830,118,"1, BOULEVARD EUG?NE BRIE",,,Nuit sans éclairage public,Hors agglomération,Autre intersection,Normale,Deux véhicules - frontale,,,,,,,,,,,3,1,9,1.0,1
201200039237,0012-07-28 00:40:00,12,7,28,0,40,830,61,"0, CD8",,,Nuit sans éclairage public,Hors agglomération,Hors intersection,Normale,Autre collision,,,,,,,,,,,3,1,1,1.0,6
201200039238,0012-08-10 07:10:00,12,8,10,7,10,830,61,"2703, RUE DES COMBATTANT",,,Plein jour,Hors agglomération,Hors intersection,Normale,Deux véhicules - frontale,,,,,,,,,,,1,1,1,1.0,1
201200039239,0012-09-24 09:20:00,12,9,24,9,20,830,61,"384, AVENUE VICTOR HUGO",,,Plein jour,En agglomération,Hors intersection,Normale,Autre collision,,,,,,,,,,,1,2,1,1.0,6
201200039240,0012-09-20 12:55:00,12,9,20,12,55,830,61,RN7,,,Plein jour,Hors agglomération,Hors intersection,Normale,Deux véhicules - frontale,,,,,,,,,,,1,1,1,1.0,1
201200039241,0012-09-28 16:10:00,12,9,28,16,10,830,118,"135, AVENUE EUG?NE F?LIX",,,Plein jour,En agglomération,Hors intersection,Normale,Autre collision,,,,,,,,,,,1,2,1,1.0,6
201200039242,0012-10-18 07:10:00,12,10,18,7,10,830,61,"0, D8",,,Nuit sans éclairage public,Hors agglomération,Hors intersection,Normale,Deux véhicules - côté,,,,,,,,,,,3,1,1,1.0,3
201200039243,0012-10-20 00:45:00,12,10,20,0,45,830,118,QUAI ALBERT 1ER,,,Nuit avec éclairage allumé,En agglomération,Hors intersection,Normale,Autre collision,,,,,,,,,,,5,2,1,1.0,6
201200039244,0012-10-16 08:10:00,12,10,16,8,10,830,61,"701, AVENUE DE LATTRE DE",,,Plein jour,En agglomération,Hors intersection,Normale,Autre collision,,,,,,,,,,,1,2,1,1.0,6
201200039245,0012-09-02 08:30:00,12,9,2,8,30,830,61,"0, RN98 ST AYGULF",,,Plein jour,En agglomération,Giratoire,Normale,Deux véhicules - côté,,,,,,,,,,,1,2,6,1.0,3
201200039246,0012-09-13 10:30:00,12,9,13,10,30,830,118,"174, AVENUE EUGENE FELIX",,,Plein jour,En agglomération,Hors intersection,Normale,Trois véhicules et plus - collisions multiples,,,,,,,,,,,1,2,1,1.0,5
201200039247,0012-11-02 15:20:00,12,11,2,15,20,830,61,AVENUE DE PROVENCE,,,Plein jour,En agglomération,Intersection en X,Normale,Autre collision,,,,,,,,,,,1,2,2,1.0,6
201200039248,0012-11-16 10:45:00,12,11,16,10,45,830,118,"121, BOULEVARD CHRISTIAN",,,Plein jour,En agglomération,Intersection en Y,Normale,Deux véhicules - côté,,,,,,,,,,,1,2,4,1.0,3
201200039249,0012-10-06 14:45:00,12,10,6,14,45,830,61,"0, RN7",,,Plein jour,En agglomération,Intersection en X,Normale,Deux véhicules - côté,,,,,,,,,,,1,2,2,1.0,3
201200039250,0012-10-13 16:25:00,12,10,13,16,25,830,61,RN7,,,Plein jour,Hors agglomération,Hors intersection,Normale,Deux véhicules - frontale,,,,,,,,,,,1,1,1,1.0,1
201200039251,0012-11-14 09:56:00,12,11,14,9,56,830,61,AVENUE DU G?N?RAL D'ARM?,,,Plein jour,En agglomération,Giratoire,Temps éblouissant,Sans collision,,,,,,,,,,,1,2,6,7.0,7
201200039252,0012-12-27 16:00:00,12,12,27,16,0,830,69,"47, GODILLOT  ( AVENUE A",,,Plein jour,En agglomération,Hors intersection,Normale,Autre collision,,,,,,,,,,,1,2,1,1.0,6
201200039253,0012-02-19 19:30:00,12,2,19,19,30,830,69,", GAMBETTA (AVENUE)",43.11749,6.12862,Nuit avec éclairage non allumé,En agglomération,Intersection en T,Normale,Deux véhicules - côté,,,,,,,,,,,4,2,3,1.0,3
201200039254,0012-02-19 23:00:00,12,2,19,23,0,830,69,TOULON RD 554 (ROUTE DE),,,Nuit avec éclairage allumé,En agglomération,Hors intersection,Normale,Autre collision,,,,,,,,,,,5,2,1,1.0,6
201200039255,0012-02-27 20:30:00,12,2,27,20,30,830,69,MOULIN PREMIER (CHEMIN D,43.12273,6.15353,Nuit avec éclairage allumé,En agglomération,Hors intersection,Normale,Deux véhicules - frontale,,,,,,,,,,,5,2,1,1.0,1
201200039256,0012-03-05 18:40:00,12,3,5,18,40,830,69,"37, QUINZIEME CORPS (RUE",,,Nuit avec éclairage allumé,En agglomération,Hors intersection,Vent fort / tempête,Deux véhicules - arrière,,,,,,,,,,,5,2,1,6.0,2
201200039257,0012-04-07 02:25:00,12,4,7,2,25,830,69,"403, SALINS ( ROUTE DES",43.11505,6.19228,Nuit avec éclairage allumé,Hors agglomération,Intersection en T,Pluie légère,Autre collision,,,,,,,,,,,5,1,3,2.0,6
201200039258,0012-01-23 22:45:00,12,1,23,22,45,830,69,PIERREFEU (ROUTE DE) RD,,,Nuit sans éclairage public,Hors agglomération,Hors intersection,Normale,Sans collision,,,,,,,,,,,3,1,1,1.0,7
201200039259,0012-04-26 13:45:00,12,4,26,13,45,830,69,TOULON RD 554 (AVENUE DE,43.12548,6.11287,Plein jour,En agglomération,Hors intersection,Normale,Deux véhicules - frontale,,,,,,,,,,,1,2,1,1.0,1
201200039260,0012-05-03 12:55:00,12,5,3,12,55,830,69,"83, CRAU (ROUTE DE LA )",,,Plein jour,En agglomération,Hors intersection,Normale,Deux véhicules - côté,,,,,,,,,,,1,2,1,1.0,3
201200039261,0012-05-14 12:40:00,12,5,14,12,40,830,69,"2113, ALMANARRE (ROUTE D",,,Plein jour,Hors agglomération,Hors intersection,Normale,Trois véhicules et plus - collisions multiples,,,,,,,,,,,1,1,1,1.0,5
201200039262,0012-05-19 00:30:00,12,5,19,0,30,830,69,GIENS (ROUTE DE ),,,Nuit avec éclairage allumé,Hors agglomération,Hors intersection,Normale,Autre collision,,,,,,,,,,,5,1,1,1.0,6
201200039263,0012-06-03 21:15:00,12,6,3,21,15,830,69,"2314, LOUBES (ROUTE DES)",,,Nuit sans éclairage public,Hors agglomération,Hors intersection,Normale,Sans collision,,,,,,,,,,,3,1,1,1.0,7
201200039264,0012-06-04 00:04:00,12,6,4,0,4,830,34,,,,Nuit avec éclairage allumé,En agglomération,Hors intersection,Normale,Sans collision,,,,,,,,,,,5,2,1,1.0,7
201200039265,0012-06-13 19:40:00,12,6,13,19,40,830,69,MARINE (BOULEVARD DE LA),,,Plein jour,En agglomération,Intersection en T,Normale,Deux véhicules - côté,,,,,,,,,,,1,2,3,1.0,3
201200039266,0012-06-25 14:15:00,12,6,25,14,15,830,69,PIERREFEU (ROUTE DE) RD,,,Plein jour,Hors agglomération,Hors intersection,Normale,Deux véhicules - frontale,,,,,,,,,,,1,1,1,1.0,1
201200039267,0012-07-14 05:00:00,12,7,14,5,0,830,69,GIENS (ROUTE DE ),,,Nuit avec éclairage allumé,En agglomération,Hors intersection,Temps couvert,Deux véhicules - frontale,,,,,,,,,,,5,2,1,8.0,1
201200039268,0012-08-02 03:00:00,12,8,2,3,0,830,69,"16, GODILLOT  ( AVENUE A",,,Nuit avec éclairage allumé,En agglomération,Intersection en X,Normale,Sans collision,,,,,,,,,,,5,2,2,1.0,7
201200039269,0012-08-03 14:34:00,12,8,3,14,34,830,69,"02, JAURES (AVENUE JEAN)",,,Plein jour,En agglomération,Hors intersection,Normale,Deux véhicules - côté,,,,,,,,,,,1,2,1,1.0,3
201200039270,0012-08-17 00:40:00,12,8,17,0,40,830,69,"354, LOUBES (ROUTE DES)",,,Nuit avec éclairage allumé,En agglomération,Intersection en T,Normale,Deux véhicules - arrière,,,,,,,,,,,5,2,3,1.0,2
201200039271,0012-08-09 18:10:00,12,8,9,18,10,830,69,"1464, DECUGIS (AVENUE AL",,,Plein jour,En agglomération,Hors intersection,Normale,Deux véhicules - frontale,,,,,,,,,,,1,2,1,1.0,1
201200039272,0012-08-13 19:10:00,12,8,13,19,10,830,69,"0, PINEDE (AVENUE DE LA)",,,Plein jour,Hors agglomération,Intersection en X,Temps éblouissant,Deux véhicules - côté,,,,,,,,,,,1,1,2,7.0,3
201200039273,0012-07-22 10:55:00,12,7,22,10,55,830,69,"1200, MARINE (BOULEVARD",,,Plein jour,Hors agglomération,Hors intersection,Normale,Autre collision,,,,,,,,,,,1,1,1,1.0,6
201200039274,0012-06-11 07:50:00,12,6,11,7,50,830,69,"1596, ROUTE DEPARTEMENTA",,,Plein jour,Hors agglomération,Hors intersection,Normale,Deux véhicules - côté,,,,,,,,,,,1,1,1,1.0,3
201200039275,0012-07-13 23:10:00,12,7,13,23,10,830,69,"2049, MARINE (BOULEVARD",,,Nuit avec éclairage allumé,En agglomération,Hors intersection,Normale,Deux véhicules - côté,,,,,,,,,,,5,2,1,1.0,3
201200039276,0012-08-03 21:00:00,12,8,3,21,0,830,69,GIENS (ROUTE DE ),,,Plein jour,En agglomération,Intersection en T,Normale,Deux véhicules - frontale,,,,,,,,,,,1,2,3,1.0,1
201200039277,0012-08-10 19:00:00,12,8,10,19,0,830,69,TOULON (VIEUX CHEMIN DE),,,Plein jour,En agglomération,Hors intersection,Normale,Autre collision,,,,,,,,,,,1,2,1,1.0,6
201200039278,0012-09-02 04:40:00,12,9,2,4,40,830,69,"1787, FONT DES HORTS (CH",43.08847,6.122,Nuit avec éclairage allumé,Hors agglomération,Hors intersection,Temps couvert,Autre collision,,,,,,,,,,,5,1,1,8.0,6
201200039279,0012-08-24 14:10:00,12,8,24,14,10,830,69,GIENS (ROUTE DE ),,,Plein jour,En agglomération,Intersection en T,Normale,Deux véhicules - côté,,,,,,,,,,,1,2,3,1.0,3
201200039280,0012-07-27 20:55:00,12,7,27,20,55,830,69,MOULIN PREMIER (CHEMIN D,,,Plein jour,En agglomération,Intersection en T,Normale,Deux véhicules - côté,,,,,,,,,,,1,2,3,1.0,3
201200039281,0012-09-19 23:55:00,12,9,19,23,55,830,34,"1400, RUE DES 3 PINS",43.10735,6.052,Nuit avec éclairage allumé,En agglomération,Hors intersection,Normale,Autre collision,,,,,,,,,,,5,2,1,1.0,6
201200039282,0012-09-29 14:35:00,12,9,29,14,35,830,69,ALMANARRE (ROUTE DE L'),,,Plein jour,En agglomération,Intersection à plus de 4 branches,Pluie légère,Deux véhicules - côté,,,,,,,,,,,1,2,5,2.0,3
201200039283,0012-10-14 17:10:00,12,10,14,17,10,830,69,MARINE (BOULEVARD DE LA),,,Plein jour,En agglomération,Hors intersection,Pluie légère,Deux véhicules - côté,,,,,,,,,,,1,2,1,2.0,3
201200039284,0012-10-15 18:20:00,12,10,15,18,20,830,69,"113, FONT DES HORTS (CHE",,,Plein jour,En agglomération,Hors intersection,Normale,Autre collision,,,,,,,,,,,1,2,1,1.0,6
201200039285,0012-10-17 14:10:00,12,10,17,14,10,830,69,"953, DECUGIS (AVENUE ALF",,,Plein jour,En agglomération,Intersection en X,Normale,Deux véhicules - frontale,,,,,,,,,,,1,2,2,1.0,1
201200039286,0012-08-25 21:30:00,12,8,25,21,30,830,69,BEAUREGARD (AV ANDREE-DA,,,Nuit avec éclairage allumé,En agglomération,Giratoire,Normale,Autre collision,,,,,,,,,,,5,2,6,1.0,6
201200039287,0012-08-06 18:45:00,12,8,6,18,45,830,69,DENIS (AVENUE ALPHONSE),,,Plein jour,En agglomération,Hors intersection,Normale,Autre collision,,,,,,,,,,,1,2,1,1.0,6
201200039288,0012-10-21 06:55:00,12,10,21,6,55,830,34,"0, RUE DES 3 PINS",,,Nuit sans éclairage public,Hors agglomération,Hors intersection,Normale,Sans collision,,,,,,,,,,,3,1,1,1.0,7
201200039289,0012-10-26 23:00:00,12,10,26,23,0,830,69,NOCART (AVENUE),,,Nuit avec éclairage allumé,En agglomération,Intersection en X,Normale,Deux véhicules - côté,,,,,,,,,,,5,2,2,1.0,3
201200039290,0012-10-12 17:45:00,12,10,12,17,45,830,69,CRAU (ROUTE DE LA ),,,Plein jour,Hors agglomération,Hors intersection,Normale,Deux véhicules - côté,,,,,,,,,,,1,1,1,1.0,3
201200039291,0012-11-07 16:35:00,12,11,7,16,35,830,34,,,,Plein jour,En agglomération,Autre intersection,Normale,Autre collision,,,,,,,,,,,1,2,9,1.0,6
201200039292,0012-11-15 07:20:00,12,11,15,7,20,830,69,PIERREFEU (ROUTE DE) RD,,,Plein jour,Hors agglomération,Hors intersection,Normale,Deux véhicules - frontale,,,,,,,,,,,1,1,1,1.0,1
201200039293,0012-10-12 15:08:00,12,10,12,15,8,830,69,"1, ROCHER ST JEAN (CHEMI",,,Plein jour,En agglomération,Intersection en T,Normale,Deux véhicules - côté,,,,,,,,,,,1,2,3,1.0,3
201200039294,0012-11-18 05:34:00,12,11,18,5,34,830,69,ARROMANCHES ( ROND POINT,,,Nuit avec éclairage allumé,En agglomération,Giratoire,Normale,Autre collision,,,,,,,,,,,5,2,6,1.0,6
201200039295,0012-11-23 22:40:00,12,11,23,22,40,830,34,,,,Nuit avec éclairage allumé,En agglomération,Hors intersection,Normale,Sans collision,,,,,,,,,,,5,2,1,1.0,7
201200039296,0012-12-06 06:20:00,12,12,6,6,20,830,69,"216, FRONT DE MER (BOULE",,,Nuit avec éclairage allumé,En agglomération,Hors intersection,Vent fort / tempête,Deux véhicules - arrière,,,,,,,,,,,5,2,1,6.0,2
201200039297,0012-12-14 02:30:00,12,12,14,2,30,830,69,"1322, AEROPORT (AVENUE D",,,Nuit avec éclairage allumé,En agglomération,Hors intersection,Pluie forte,Sans collision,,,,,,,,,,,5,2,1,3.0,7
201200039298,0012-05-16 17:35:00,12,5,16,17,35,830,69,"27, THOMAS (AVENUE AMBRO",,,Plein jour,En agglomération,Hors intersection,Normale,Trois véhicules et plus - collisions multiples,,,,,,,,,,,1,2,1,1.0,5
201200039299,0012-04-21 04:15:00,12,4,21,4,15,830,69,OLBIA  (VOIE),,,Nuit sans éclairage public,Hors agglomération,Hors intersection,Normale,Autre collision,,,,,,,,,,,3,1,1,1.0,6
201200039300,0012-06-22 01:20:00,12,6,22,1,20,830,69,"15, GAMBETTA (AVENUE)",,,Nuit avec éclairage allumé,En agglomération,Hors intersection,Normale,Sans collision,,,,,,,,,,,5,2,1,1.0,7
201200039301,0012-02-06 00:30:00,12,2,6,0,30,830,69,"1, GAMBETTA (AVENUE)",,,Nuit avec éclairage allumé,En agglomération,Hors intersection,Normale,Autre collision,,,,,,,,,,,5,2,1,1.0,6
201200039302,0012-01-01 05:25:00,12,1,1,5,25,830,129,"1437, KENNEDY (AVENUE J.",,,Nuit avec éclairage allumé,En agglomération,Hors intersection,Normale,Autre collision,,,,,,,,,,,5,2,1,1.0,6
201200039303,0012-01-10 09:40:00,12,1,10,9,40,830,123,"face 445, EUROPE UNIE (A",,,Plein jour,En agglomération,Hors intersection,Normale,Autre collision,,,,,,,,,,,1,2,1,1.0,6
201200039304,0012-01-13 00:35:00,12,1,13,0,35,830,129,"2, KENNEDY (AVENUE J.)",,,Nuit avec éclairage allumé,En agglomération,Hors intersection,Normale,Autre collision,,,,,,,,,,,5,2,1,1.0,6
201200039305,0012-01-16 23:15:00,12,1,16,23,15,830,129,JUIN MARECHAL (AV DU),,,Nuit avec éclairage allumé,En agglomération,Giratoire,Normale,Deux véhicules - côté,,,,,,,,,,,5,2,6,1.0,3
201200039306,0012-01-08 14:50:00,12,1,8,14,50,830,9,"000, ROUTE DE BANDOL",,,Plein jour,En agglomération,Hors intersection,Normale,Deux véhicules - côté,,,,,,,,,,,1,2,1,1.0,3
201200039307,0012-01-17 11:00:00,12,1,17,11,0,830,129,"185, LAENNEC (AVENUE DE)",,,Plein jour,En agglomération,Hors intersection,Normale,Deux véhicules - arrière,,,,,,,,,,,1,2,1,1.0,2
201200039308,0012-01-23 13:55:00,12,1,23,13,55,830,129,"313, MER (AVENUE DE LA)",,,Plein jour,En agglomération,Hors intersection,Normale,Autre collision,,,,,,,,,,,1,2,1,1.0,6
201200039309,0012-01-24 10:00:00,12,1,24,10,0,830,129,"103, REPUBLIQUE (AVENUE",,,Plein jour,En agglomération,Hors intersection,Normale,Autre collision,,,,,,,,,,,1,2,1,1.0,6
201200039310,0012-01-26 17:00:00,12,1,26,17,0,830,129,"330, KENNEDY (AVENUE J.)",,,Plein jour,En agglomération,Hors intersection,Normale,Deux véhicules - côté,,,,,,,,,,,1,2,1,1.0,3
201200039311,0012-02-02 18:20:00,12,2,2,18,20,830,123,"120, EUROPE UNIE (AVENUE",,,Nuit avec éclairage allumé,En agglomération,Hors intersection,Normale,Autre collision,,,,,,,,,,,5,2,1,1.0,6
201200039312,0012-02-12 01:00:00,12,2,12,1,0,830,129,"1305, COUDOULIERE (LA)",,,Nuit avec éclairage allumé,En agglomération,Hors intersection,Normale,Deux véhicules - côté,,,,,,,,,,,5,2,1,1.0,3
201200039313,0012-02-15 15:35:00,12,2,15,15,35,830,123,"1026, TOULON (ANCIEN CHE",43.12748,5.81139,Plein jour,En agglomération,Hors intersection,Normale,Autre collision,,,,,,,,,,,1,2,1,1.0,6
201200039314,0012-02-16 11:10:00,12,2,16,11,10,830,129,"101, MER (AVENUE DE LA)",,,Plein jour,En agglomération,Hors intersection,Normale,Autre collision,,,,,,,,,,,1,2,1,1.0,6
201200039315,0012-02-21 19:00:00,12,2,21,19,0,830,123,ROSAIRE (CHEMIN),,,Nuit sans éclairage public,Hors agglomération,Hors intersection,Normale,Deux véhicules - côté,,,,,,,,,,,3,1,1,1.0,3
201200039316,0012-02-17 16:45:00,12,2,17,16,45,830,123,BUGE (CHEMIN DE LA) N I,,,Plein jour,En agglomération,Giratoire,Normale,Autre collision,,,,,,,,,,,1,2,6,1.0,6
201200039317,0012-02-24 21:10:00,12,2,24,21,10,830,129,"321, REPENTANCE (CHEMIN",,,Nuit avec éclairage allumé,En agglomération,Hors intersection,Normale,Autre collision,,,,,,,,,,,5,2,1,1.0,6