accident_id,datetime,annee,mois,jour,heure,minute,departement,commune_insee,adresse,latitude,longitude,luminosite,agglomeration,intersection,meteo,collision,nb_vehicules,nb_usagers,nb_indemnes,nb_tues,nb_blesses_hosp,nb_blesses_legers,age_cond_1,age_cond_2,veh_type_cond_1,veh_type_cond_2,lum_code,agg_code,int_code,atm_code,col_code
201200039573,0012-08-04 15:00:00,12,8,4,15,0,830,137,"9, ARMES (PLACE)",,,Plein jour,En agglomération,Hors intersection,Normale,Autre collision,,,,,,,,,,,1,2,1,1.0,6
201200039574,0012-08-05 06:40:00,12,8,5,6,40,830,98,RD 559,,,Plein jour,En agglomération,Hors intersection,Normale,Sans collision,,,,,,,,,,,1,2,1,1.0,7
201200039575,0012-06-29 08:50:00,12,6,29,8,50,830,137,"135, VICTOIRE (RUE DE LA",,,Plein jour,En agglomération,Intersection en X,Normale,Autre collision,,,,,,,,,,,1,2,2,1.0,6
201200039576,0012-07-26 10:30:00,12,7,26,10,30,830,137,"323, 15EME CORPS (AVE DU",,,Plein jour,En agglomération,Hors intersection,Normale,Autre collision,,,,,,,,,,,1,2,1,1.0,6
201200039577,0012-07-29 14:00:00,12,7,29,14,0,830,137,"1643, GASQUET (AVE JOSEP",,,Plein jour,En agglomération,Hors intersection,Normale,Deux véhicules - frontale,,,,,,,,,,,1,2,1,1.0,1
201200039578,0012-08-14 21:10:00,12,8,14,21,10,830,137,MATISSE (RUE / IMP HENRI,,,Nuit avec éclairage allumé,En agglomération,Intersection en X,Normale,Deux véhicules - côté,,,,,,,,,,,5,2,2,1.0,3
201200039579,0012-08-04 04:25:00,12,8,4,4,25,830,137,"686, GROIGNARD (AVE)",,,Nuit avec éclairage allumé,En agglomération,Hors intersection,Normale,Deux véhicules - côté,,,,,,,,,,,5,2,1,1.0,3
201200039580,0012-08-20 22:55:00,12,8,20,22,55,830,137,STRASBOURG (BD DE ),,,Nuit avec éclairage allumé,En agglomération,Intersection en T,Normale,Deux véhicules - côté,,,,,,,,,,,5,2,3,1.0,3
201200039581,0012-08-21 06:30:00,12,8,21,6,30,830,98,BROSSET (AVENUE DU GENER,,,Plein jour,En agglomération,Hors intersection,Normale,Sans collision,,,,,,,,,,,1,2,1,1.0,7
201200039582,0012-08-23 11:55:00,12,8,23,11,55,830,137,"25, STRASBOURG (BD DE )",,,Plein jour,En agglomération,Intersection en T,Normale,Deux véhicules - côté,,,,,,,,,,,1,2,3,1.0,3
201200039583,0012-08-23 17:50:00,12,8,23,17,50,830,144,"1, COUPIANE (AVE DE LA)",,,Plein jour,En agglomération,Autre intersection,Normale,Deux véhicules - frontale,,,,,,,,,,,1,2,9,1.0,1
201200039584,0012-08-21 08:15:00,12,8,21,8,15,830,137,"0000, MARSEILLE (ROUTE D",,,Plein jour,En agglomération,Intersection en X,Normale,Deux véhicules - côté,,,,,,,,,,,1,2,2,1.0,3
201200039585,0012-08-27 09:00:00,12,8,27,9,0,830,137,"0, BONNIER (PLACE DU COL",,,Plein jour,En agglomération,Hors intersection,Normale,Autre collision,,,,,,,,,,,1,2,1,1.0,6
201200039586,0012-08-14 09:05:00,12,8,14,9,5,830,137,LE CHATELIER (AVE ANDRE),,,Plein jour,En agglomération,Hors intersection,Normale,Deux véhicules - arrière,,,,,,,,,,,1,2,1,1.0,2
201200039587,0012-08-29 12:50:00,12,8,29,12,50,830,137,MARSEILLE (ROUTE DE),,,Plein jour,En agglomération,Intersection en X,Normale,Autre collision,,,,,,,,,,,1,2,2,1.0,6
201200039588,0012-09-02 09:25:00,12,9,2,9,25,830,137,SAINTE CLAIRE DEVILLE (R,,,Plein jour,En agglomération,Hors intersection,Normale,Deux véhicules - côté,,,,,,,,,,,1,2,1,1.0,3
201200039589,0012-09-02 12:55:00,12,9,2,12,55,830,137,"3203, RESISTANCE (AVE /",,,Plein jour,En agglomération,Hors intersection,Normale,Deux véhicules - arrière,,,,,,,,,,,1,2,1,1.0,2
201200039590,0012-08-10 15:50:00,12,8,10,15,50,830,137,"56, JOFFRE (BD MARECHAL)",,,Plein jour,En agglomération,Hors intersection,Normale,Autre collision,,,,,,,,,,,1,2,1,1.0,6
201200039591,0012-08-29 11:00:00,12,8,29,11,0,830,137,"148, COLLET (AVE AMIRAL)",,,Plein jour,En agglomération,Intersection à plus de 4 branches,Normale,Deux véhicules - côté,,,,,,,,,,,1,2,5,1.0,3
201200039592,0012-09-04 18:00:00,12,9,4,18,0,830,137,"45, RIVIERE NEUVE (QUAI",,,Plein jour,En agglomération,Hors intersection,Normale,Trois véhicules et plus - collisions multiples,,,,,,,,,,,1,2,1,1.0,5
201200039593,0012-08-25 01:10:00,12,8,25,1,10,830,137,FRANCE (RUE ANATOLE),,,Nuit avec éclairage allumé,En agglomération,Hors intersection,Normale,Sans collision,,,,,,,,,,,5,2,1,1.0,7
201200039594,0012-09-13 08:45:00,12,9,13,8,45,830,137,JAURES (RUE JEAN),,,Plein jour,En agglomération,Hors intersection,Normale,Autre collision,,,,,,,,,,,1,2,1,1.0,6
201200039595,0012-08-30 13:30:00,12,8,30,13,30,830,90,SANARY (ROUTE DE),,,Plein jour,En agglomération,Hors intersection,Pluie légère,Deux véhicules - frontale,,,,,,,,,,,1,2,1,2.0,1
201200039596,0012-09-08 19:45:00,12,9,8,19,45,830,137,STRASBOURG (BD DE ),,,Crépuscule ou aube,En agglomération,Place,Normale,Autre collision,,,,,,,,,,,2,2,7,1.0,6
201200039597,0012-09-07 12:30:00,12,9,7,12,30,830,137,BLACHE (PLACE NOEL),,,Plein jour,En agglomération,Intersection à plus de 4 branches,Normale,Deux véhicules - côté,,,,,,,,,,,1,2,5,1.0,3
201200039598,0012-09-03 17:00:00,12,9,3,17,0,830,137,FORGENTIER (CHEMIN DE),,,Plein jour,En agglomération,Hors intersection,Normale,Deux véhicules - côté,,,,,,,,,,,1,2,1,1.0,3
201200039599,0012-09-06 17:00:00,12,9,6,17,0,830,137,DAVET (RUE LT PARA GERAR,,,Plein jour,En agglomération,Hors intersection,Normale,Autre collision,,,,,,,,,,,1,2,1,1.0,6
201200039600,0012-09-11 08:00:00,12,9,11,8,0,830,137,15EME CORPS (AVE DU),,,Plein jour,En agglomération,Intersection en T,Normale,Deux véhicules - côté,,,,,,,,,,,1,2,3,1.0,3
201200039601,0012-09-12 14:45:00,12,9,12,14,45,830,137,SAINT BERNARD (RUE / PAS,,,Plein jour,En agglomération,Hors intersection,Normale,Deux véhicules - côté,,,,,,,,,,,1,2,1,1.0,3
201200039602,0012-09-22 23:20:00,12,9,22,23,20,830,137,LECLERC (AVE GENERAL),,,Nuit avec éclairage allumé,En agglomération,Intersection en T,Normale,Deux véhicules - côté,,,,,,,,,,,5,2,3,1.0,3
201200039603,0012-09-08 10:20:00,12,9,8,10,20,830,90,QUIEZ (QUARTIER),,,Plein jour,Hors agglomération,Hors intersection,Normale,Autre collision,,,,,,,,,,,1,1,1,1.0,6
201200039604,0012-09-14 13:30:00,12,9,14,13,30,830,137,"1062, BRIAND (AVE AR)",,,Plein jour,En agglomération,Hors intersection,Normale,Deux véhicules - arrière,,,,,,,,,,,1,2,1,1.0,2
201200039605,0012-09-21 17:45:00,12,9,21,17,45,830,90,"321, SEYNE (ROUTE DE LA)",,,Plein jour,En agglomération,Hors intersection,Normale,Trois véhicules et plus - collisions multiples,,,,,,,,,,,1,2,1,1.0,5
201200039606,0012-09-22 17:45:00,12,9,22,17,45,830,62,DORMOY (AVENUE MAX),,,Plein jour,En agglomération,Intersection en X,Normale,Deux véhicules - frontale,,,,,,,,,,,1,2,2,1.0,1
201200039607,0012-09-25 08:30:00,12,9,25,8,30,830,90,"1851, SANARY (ROUTE DE)",,,Plein jour,Hors agglomération,Hors intersection,Temps couvert,Trois véhicules et plus - en chaîne,,,,,,,,,,,1,1,1,8.0,4
201200039608,0012-09-29 17:45:00,12,9,29,17,45,830,137,MAJOURANE (CHEMIN DE LA),,,Plein jour,En agglomération,Hors intersection,Pluie légère,Sans collision,,,,,,,,,,,1,2,1,2.0,7
201200039609,0012-09-18 14:10:00,12,9,18,14,10,830,137,FOCH (AVE DU MARECHAL),,,Plein jour,En agglomération,Hors intersection,Normale,Autre collision,,,,,,,,,,,1,2,1,1.0,6
201200039610,0012-10-01 11:45:00,12,10,1,11,45,830,90,SANARY (ROUTE DE),,,Plein jour,Hors agglomération,Hors intersection,Normale,Deux véhicules - arrière,,,,,,,,,,,1,1,1,1.0,2
201200039611,0012-10-01 17:30:00,12,10,1,17,30,830,137,"601, BRIAND (AVE ARISTID",,,Plein jour,En agglomération,Hors intersection,Normale,Deux véhicules - côté,,,,,,,,,,,1,2,1,1.0,3
201200039612,0012-10-03 20:00:00,12,10,3,20,0,830,144,"88, FAVIERES (CHEMIN DES",,,Nuit avec éclairage non allumé,Hors agglomération,Hors intersection,Normale,Trois véhicules et plus - collisions multiples,,,,,,,,,,,4,1,1,1.0,5
201200039613,0012-10-07 14:30:00,12,10,7,14,30,830,137,BIR-HAKEIM (AVE DE),,,Plein jour,En agglomération,Hors intersection,Normale,Sans collision,,,,,,,,,,,1,2,1,1.0,7
201200039614,0012-08-23 23:35:00,12,8,23,23,35,830,137,MOULINS (AVE DES DE 18 A,,,Nuit avec éclairage allumé,En agglomération,Intersection en X,Normale,Autre collision,,,,,,,,,,,5,2,2,1.0,6
201200039615,0012-10-07 17:20:00,12,10,7,17,20,830,137,"0, CD 46 (DEBUT TLN A AR",,,Plein jour,En agglomération,Hors intersection,Normale,Deux véhicules - frontale,,,,,,,,,,,1,2,1,1.0,1
201200039616,0012-10-09 14:30:00,12,10,9,14,30,830,62,NEOULIERS (CHEMIN DES),,,Plein jour,En agglomération,Hors intersection,Normale,Deux véhicules - côté,,,,,,,,,,,1,2,1,1.0,3
201200039617,0012-09-22 11:00:00,12,9,22,11,0,830,137,"0, GASQUET (AVE JOSEPH D",,,Plein jour,En agglomération,Hors intersection,Normale,Trois véhicules et plus - en chaîne,,,,,,,,,,,1,2,1,1.0,4
201200039618,0012-09-24 11:20:00,12,9,24,11,20,830,137,GANTELME (AVE CHARLES),,,Plein jour,En agglomération,Giratoire,Normale,Deux véhicules - côté,,,,,,,,,,,1,2,6,1.0,3
201200039619,0012-09-29 23:15:00,12,9,29,23,15,830,137,"293, JOFFRE (BD MARECHAL",,,Nuit avec éclairage allumé,En agglomération,Intersection en T,Temps couvert,Deux véhicules - côté,,,,,,,,,,,5,2,3,8.0,3
201200039620,0012-10-05 17:30:00,12,10,5,17,30,830,137,"115, GOURAUD (AVE GENERA",,,Plein jour,En agglomération,Hors intersection,Normale,Autre collision,,,,,,,,,,,1,2,1,1.0,6
201200039621,0012-10-05 18:40:00,12,10,5,18,40,830,144,"75, LECLERC (BD MARECHAL",,,Plein jour,En agglomération,Hors intersection,Normale,Deux véhicules - côté,,,,,,,,,,,1,2,1,1.0,3
201200039622,0012-10-06 14:15:00,12,10,6,14,15,830,137,"0, ROOSEVELT (AVE FRANKL",,,Plein jour,En agglomération,Hors intersection,Normale,Autre collision,,,,,,,,,,,1,2,1,1.0,6
201200039623,0012-10-06 11:15:00,12,10,6,11,15,830,144,VALERY (AVE PAUL),,,Plein jour,En agglomération,Hors intersection,Normale,Autre collision,,,,,,,,,,,1,2,1,1.0,6
201200039624,0012-10-10 07:55:00,12,10,10,7,55,830,62,RN 98,,,Plein jour,En agglomération,Hors intersection,Normale,Deux véhicules - arrière,,,,,,,,,,,1,2,1,1.0,2
201200039625,0012-10-12 16:00:00,12,10,12,16,0,830,144,"289, LIBERATION (AVE DE",,,Plein jour,En agglomération,Hors intersection,Normale,Deux véhicules - côté,,,,,,,,,,,1,2,1,1.0,3
201200039626,0012-10-06 13:36:00,12,10,6,13,36,830,137,JUIN (AVE ALPHONSE),,,Plein jour,En agglomération,Intersection en T,Normale,Deux véhicules - côté,,,,,,,,,,,1,2,3,1.0,3
201200039627,0012-10-11 16:10:00,12,10,11,16,10,830,144,BLANC (BD DR EUGENE),,,Plein jour,En agglomération,Hors intersection,Pluie forte,Deux véhicules - côté,,,,,,,,,,,1,2,1,3.0,3
201200039628,0012-10-12 12:30:00,12,10,12,12,30,830,144,LIBERATION (AVE DE LA),,,Plein jour,En agglomération,Hors intersection,Normale,Deux véhicules - arrière,,,,,,,,,,,1,2,1,1.0,2
201200039629,0012-10-13 17:40:00,12,10,13,17,40,830,62,"487, PLANTADES (CHEMIN D",,,Plein jour,En agglomération,Hors intersection,Normale,Deux véhicules - frontale,,,,,,,,,,,1,2,1,1.0,1
201200039630,0012-10-14 20:40:00,12,10,14,20,40,830,137,BAZEILLES (BD / ROND POI,,,Nuit avec éclairage allumé,En agglomération,Intersection en X,Normale,Deux véhicules - frontale,,,,,,,,,,,5,2,2,1.0,1
201200039631,0012-10-12 09:45:00,12,10,12,9,45,830,137,JUIN (AVE ALPHONSE),,,Plein jour,En agglomération,Hors intersection,Normale,Deux véhicules - arrière,,,,,,,,,,,1,2,1,1.0,2
201200039632,0012-10-13 16:56:00,12,10,13,16,56,830,137,STRASBOURG (BD DE ),,,Plein jour,En agglomération,Hors intersection,Normale,Autre collision,,,,,,,,,,,1,2,1,1.0,6
201200039633,0012-10-19 17:15:00,12,10,19,17,15,830,137,"1216, RD46",,,Plein jour,Hors agglomération,Hors intersection,Normale,Deux véhicules - côté,,,,,,,,,,,1,1,1,1.0,3
201200039634,0012-10-13 22:00:00,12,10,13,22,0,830,144,SAINTE MUSSE (CHEMIN DE),,,Nuit avec éclairage allumé,En agglomération,Intersection en X,Normale,Deux véhicules - côté,,,,,,,,,,,5,2,2,1.0,3
201200039635,0012-10-15 07:50:00,12,10,15,7,50,830,144,NATIONALE 97 (ROUTE),,,Plein jour,En agglomération,Hors intersection,Temps couvert,Autre collision,,,,,,,,,,,1,2,1,8.0,6
201200039636,0012-10-14 12:00:00,12,10,14,12,0,830,137,"42, CUZIN (AVE FRANCOIS)",,,Plein jour,En agglomération,Hors intersection,Normale,Deux véhicules - côté,,,,,,,,,,,1,2,1,1.0,3
201200039637,0012-10-21 09:25:00,12,10,21,9,25,830,137,"212, JOFFRE (BD MARECHAL",,,Plein jour,En agglomération,Intersection en Y,Normale,Deux véhicules - côté,,,,,,,,,,,1,2,4,1.0,3
201200039638,0012-10-27 07:05:00,12,10,27,7,5,830,137,GASQUET (AVE JOSEPH DE 1,,,Nuit avec éclairage allumé,En agglomération,Hors intersection,Pluie légère,Deux véhicules - côté,,,,,,,,,,,5,2,1,2.0,3
201200039639,0012-10-15 12:15:00,12,10,15,12,15,830,137,"1628, GASQUET (AVE JOSEP",,,Plein jour,En agglomération,Hors intersection,Normale,Deux véhicules - côté,,,,,,,,,,,1,2,1,1.0,3
201200039640,0012-10-20 12:15:00,12,10,20,12,15,830,137,RESISTANCE (AVE / IMP DE,,,Plein jour,Hors agglomération,Hors intersection,Normale,Deux véhicules - côté,,,,,,,,,,,1,1,1,1.0,3
201200039641,0012-10-27 04:15:00,12,10,27,4,15,830,137,BIR-HAKEIM (ROND POINT),,,Nuit avec éclairage allumé,En agglomération,Intersection à plus de 4 branches,Pluie légère,Sans collision,,,,,,,,,,,5,2,5,2.0,7
201200039642,0012-10-24 07:55:00,12,10,24,7,55,830,144,TERRES ROUGES (CHEMIN DE,,,Plein jour,En agglomération,Hors intersection,Normale,Autre collision,,,,,,,,,,,1,2,1,1.0,6
201200039643,0012-10-25 11:55:00,12,10,25,11,55,830,144,NATIONALE 97 (ROUTE),,,Plein jour,En agglomération,Giratoire,Normale,Deux véhicules - arrière,,,,,,,,,,,1,2,6,1.0,2
201200039644,0012-10-29 18:30:00,12,10,29,18,30,830,144,"11, LUMIERE (AVE DES FRE",,,Nuit avec éclairage allumé,En agglomération,Hors intersection,Normale,Autre collision,,,,,,,,,,,5,2,1,1.0,6
201200039645,0012-11-04 04:15:00,12,11,4,4,15,830,137,MAGNAN (AVE GENERAL),,,Nuit avec éclairage allumé,En agglomération,Hors intersection,Temps couvert,Autre collision,,,,,,,,,,,5,2,1,8.0,6
201200039646,0012-11-01 21:07:00,12,11,1,21,7,830,62,FOUX (CHEMIN),,,Nuit avec éclairage allumé,En agglomération,Hors intersection,Normale,Autre collision,,,,,,,,,,,5,2,1,1.0,6
201200039647,0012-10-31 08:15:00,12,10,31,8,15,830,62,"14, PISSARO (ALLEE ET IM",,,Plein jour,En agglomération,Intersection en X,Pluie légère,Autre collision,,,,,,,,,,,1,2,2,2.0,6
201200039648,0012-11-03 02:10:00,12,11,3,2,10,830,90,SANARY (ROUTE DE),,,Nuit avec éclairage allumé,Hors agglomération,Hors intersection,Normale,Trois véhicules et plus - collisions multiples,,,,,,,,,,,5,1,1,1.0,5
201200039649,0012-10-30 19:50:00,12,10,30,19,50,830,137,FORGENTIER (CHEMIN DE),,,Nuit avec éclairage allumé,En agglomération,Hors intersection,Normale,Autre collision,,,,,,,,,,,5,2,1,1.0,6
201200039650,0012-11-06 17:00:00,12,11,6,17,0,830,62,"1, DRAGUIGNAN (AVENUE DE",,,Plein jour,En agglomération,Hors intersection,Normale,Deux véhicules - arrière,,,,,,,,,,,1,2,1,1.0,2
201200039651,0012-11-07 11:25:00,12,11,7,11,25,830,62,"0,000, ROUTE NATIONALE 9",,,Plein jour,Hors agglomération,Hors intersection,Normale,Deux véhicules - arrière,,,,,,,,,,,1,1,1,1.0,2
201200039652,0012-10-30 11:50:00,12,10,30,11,50,830,137,MISTRAL (ALLEE / LITTORA,,,Plein jour,En agglomération,Hors intersection,Normale,Autre collision,,,,,,,,,,,1,2,1,1.0,6
201200039653,0012-11-08 08:55:00,12,11,8,8,55,830,62,SALENGRO (AVENUE ROGER),,,Plein jour,En agglomération,Hors intersection,Normale,Deux véhicules - côté,,,,,,,,,,,1,2,1,1.0,3
201200039654,0012-10-12 07:00:00,12,10,12,7,0,830,137,REMPARTS (RUE / PLACE DE,,,Plein jour,En agglomération,Hors intersection,Normale,Autre collision,,,,,,,,,,,1,2,1,1.0,6
201200039655,0012-11-06 11:40:00,12,11,6,11,40,830,137,"619, MOULINS (AVE DES DE",,,Plein jour,En agglomération,Hors intersection,Normale,Autre collision,,,,,,,,,,,1,2,1,1.0,6
201200039656,0012-11-08 18:00:00,12,11,8,18,0,830,137,"0, SAINTE CLAIRE DEVILLE",,,Nuit sans éclairage public,En agglomération,Hors intersection,Normale,Autre collision,,,,,,,,,,,3,2,1,1.0,6
201200039657,0012-11-07 16:35:00,12,11,7,16,35,830,137,ESCARTEFIGUE (CORNICHE D,,,Plein jour,En agglomération,Hors intersection,Normale,Deux véhicules - frontale,,,,,,,,,,,1,2,1,1.0,1
201200039658,0012-11-13 09:45:00,12,11,13,9,45,830,137,BRIAND (AVE ARISTIDE DE,,,Plein jour,En agglomération,Hors intersection,Normale,Deux véhicules - côté,,,,,,,,,,,1,2,1,1.0,3
201200039659,0012-11-14 12:10:00,12,11,14,12,10,830,90,"381, ROLLAND (RUE ROMAIN",,,Plein jour,En agglomération,Hors intersection,Normale,Deux véhicules - arrière,,,,,,,,,,,1,2,1,1.0,2
201200039660,0012-11-14 19:25:00,12,11,14,19,25,830,62,DIGNE (AVENUE DE ),,,Nuit avec éclairage allumé,Hors agglomération,Hors intersection,Normale,Sans collision,,,,,,,,,,,5,1,1,1.0,7
201200039661,0012-11-20 14:30:00,12,11,20,14,30,830,137,GASQUET (AVE JOSEPH DE 1,,,Plein jour,En agglomération,Giratoire,Normale,Trois véhicules et plus - collisions multiples,,,,,,,,,,,1,2,6,1.0,5
201200039662,0012-11-18 04:30:00,12,11,18,4,30,830,137,"251, GROIGNARD (AVE)",,,Nuit avec éclairage allumé,En agglomération,Hors intersection,Normale,Autre collision,,,,,,,,,,,5,2,1,1.0,6
201200039663,0012-11-17 14:15:00,12,11,17,14,15,830,137,"581, 15EME CORPS (AVE DU",,,Plein jour,En agglomération,Hors intersection,Normale,Autre collision,,,,,,,,,,,1,2,1,1.0,6
201200039664,0012-11-22 18:02:00,12,11,22,18,2,830,62,FERRY (RUE ET AVENUE JUL,,,Nuit avec éclairage allumé,En agglomération,Intersection en X,Normale,Deux véhicules - côté,,,,,,,,,,,5,2,2,1.0,3
201200039665,0012-11-23 09:00:00,12,11,23,9,0,830,137,"2148, GASQUET (AVE JOSEP",,,Plein jour,En agglomération,Hors intersection,Normale,Autre collision,,,,,,,,,,,1,2,1,1.0,6
201200039666,0012-11-27 12:00:00,12,11,27,12,0,830,62,"0, PLANTADES (CHEMIN DES",,,Plein jour,Hors agglomération,Hors intersection,Pluie légère,Autre collision,,,,,,,,,,,1,1,1,2.0,6
201200039667,0012-11-26 17:45:00,12,11,26,17,45,830,62,JAURES (AVENUE JEAN),,,Nuit avec éclairage allumé,En agglomération,Hors intersection,Normale,Autre collision,,,,,,,,,,,5,2,1,1.0,6
201200039668,0012-11-28 06:50:00,12,11,28,6,50,830,137,"622, FOCH (AVE DU MARECH",,,Crépuscule ou aube,En agglomération,Hors intersection,Pluie légère,Deux véhicules - côté,,,,,,,,,,,2,2,1,2.0,3
201200039669,0012-11-28 17:45:00,12,11,28,17,45,830,144,"481, 11 NOVEMBRE 1918 (A",,,Nuit avec éclairage allumé,En agglomération,Intersection en T,Pluie forte,Deux véhicules - côté,,,,,,,,,,,5,2,3,3.0,3
201200039670,0012-11-28 06:20:00,12,11,28,6,20,830,137,FOCH (AVE DU MARECHAL),,,Nuit avec éclairage allumé,En agglomération,Hors intersection,Pluie forte,Deux véhicules - arrière,,,,,,,,,,,5,2,1,3.0,2
201200039671,0012-11-29 08:40:00,12,11,29,8,40,830,144,"0, PARTEGAL (CHEMIN DU)",,,Plein jour,En agglomération,Hors intersection,Normale,Deux véhicules - côté,,,,,,,,,,,1,2,1,1.0,3
201200039672,0012-11-28 16:20:00,12,11,28,16,20,830,62,DUCLOS (AVENUE JACQUES),,,Crépuscule ou aube,En agglomération,Hors intersection,Pluie légère,Autre collision,,,,,,,,,,,2,2,1,2.0,6
201200039673,0012-12-02 06:25:00,12,12,2,6,25,830,144,"1, LIBERATION (AVE DE LA",,,Nuit avec éclairage allumé,En agglomération,Hors intersection,Normale,Sans collision,,,,,,,,,,,5,2,1,1.0,7
201200039674,0012-11-20 11:25:00,12,11,20,11,25,830,62,RN 98,,,Plein jour,En agglomération,Hors intersection,Normale,Deux véhicules - arrière,,,,,,,,,,,1,2,1,1.0,2
201200039675,0012-11-30 08:45:00,12,11,30,8,45,830,137,"0, LOUVOIS (BD)",,,Plein jour,En agglomération,Hors intersection,Temps couvert,Trois véhicules et plus - en chaîne,,,,,,,,,,,1,2,1,8.0,4
201200039676,0012-12-06 06:10:00,12,12,6,6,10,830,137,SCARONNE (ROND POINT G.J,,,Nuit avec éclairage allumé,En agglomération,Giratoire,Normale,Deux véhicules - côté,,,,,,,,,,,5,2,6,1.0,3
201200039677,0012-12-07 06:40:00,12,12,7,6,40,830,137,"54 BIS, STRASBOURG (BD D",,,Crépuscule ou aube,En agglomération,Hors intersection,Normale,Deux véhicules - arrière,,,,,,,,,,,2,2,1,1.0,2
201200039678,0012-12-12 20:55:00,12,12,12,20,55,830,144,VALERY (AVE PAUL),,,Nuit avec éclairage allumé,En agglomération,Intersection en X,Normale,Deux véhicules - côté,,,,,,,,,,,5,2,2,1.0,3
201200039679,0012-12-12 19:05:00,12,12,12,19,5,830,137,"0, ARMAND (PONT LOUIS)",,,Nuit avec éclairage allumé,En agglomération,Hors intersection,Normale,Deux véhicules - arrière,,,,,,,,,,,5,2,1,1.0,2
201200039680,0012-12-11 10:00:00,12,12,11,10,0,830,137,ROOSEVELT (AVE FRANKLIN),,,Plein jour,En agglomération,Hors intersection,Normale,Deux véhicules - côté,,,,,,,,,,,1,2,1,1.0,3
201200039681,0012-11-20 11:00:00,12,11,20,11,0,830,137,"447, AMOURETTI (BD DOCTE",,,Plein jour,En agglomération,Intersection en T,Normale,Deux véhicules - côté,,,,,,,,,,,1,2,3,1.0,3
201200039682,0012-12-15 15:50:00,12,12,15,15,50,830,62,DRAGUIGNAN (AVENUE DE),,,Plein jour,En agglomération,Hors intersection,Normale,Deux véhicules - côté,,,,,,,,,,,1,2,1,1.0,3
201200039683,0012-12-15 18:10:00,12,12,15,18,10,830,137,"0, RIVIERE (QUAI COMMAND",,,Nuit sans éclairage public,En agglomération,Hors intersection,Normale,Autre collision,,,,,,,,,,,3,2,1,1.0,6
201200039684,0012-12-26 16:22:00,12,12,26,16,22,830,98,LE LEAP (AVENUE ALAIN),,,Plein jour,En agglomération,Hors intersection,Normale,Autre collision,,,,,,,,,,,1,2,1,1.0,6
201200039685,0012-12-17 11:00:00,12,12,17,11,0,830,137,MISTRAL (ALLEE / LITTORA,,,Plein jour,En agglomération,Hors intersection,Normale,Autre collision,,,,,,,,,,,1,2,1,1.0,6
201200039686,0012-12-07 19:10:00,12,12,7,19,10,830,137,ARMARIS (BD DES),,,Nuit avec éclairage allumé,En agglomération,Intersection en X,Pluie légère,Trois véhicules et plus - collisions multiples,,,,,,,,,,,5,2,2,2.0,5
201200039687,0012-06-26 12:10:00,12,6,26,12,10,830,137,FABRE (CORNICHE EMILE),,,Plein jour,En agglomération,Intersection en X,Normale,Deux véhicules - côté,,,,,,,,,,,1,2,2,1.0,3
201200039688,0012-07-11 19:20:00,12,7,11,19,20,830,90,FAVEYROLLES (ROUTE DE),,,Plein jour,En agglomération,Hors intersection,Normale,Autre collision,,,,,,,,,,,1,2,1,1.0,6
201200039689,0012-09-14 16:35:00,12,9,14,16,35,830,137,"321, BAZEILLES (BD / RON",,,Plein jour,En agglomération,Hors intersection,Normale,Autre collision,,,,,,,,,,,1,2,1,1.0,6
201200039690,0012-01-04 11:50:00,12,1,4,11,50,840,7,PIERRE SEMARD (avenue),,,Crépuscule ou aube,En agglomération,Intersection en X,Normale,Deux véhicules - côté,,,,,,,,,,,2,2,2,1.0,3
201200039691,0012-01-06 22:45:00,12,1,6,22,45,840,7,C.De GAULLE (Rocade),,,Nuit avec éclairage allumé,En agglomération,Hors intersection,Normale,Autre collision,,,,,,,,,,,5,2,1,1.0,6
201200039692,0012-01-14 11:35:00,12,1,14,11,35,840,7,SAINT ROCH (Boulevard),,,Plein jour,En agglomération,Autre intersection,Normale,Autre collision,,,,,,,,,,,1,2,9,1.0,6
201200039693,0012-01-21 19:08:00,12,1,21,19,8,840,7,PIERRE SEMARD (avenue),,,Nuit sans éclairage public,En agglomération,Hors intersection,Normale,Deux véhicules - côté,,,,,,,,,,,3,2,1,1.0,3
201200039694,0012-01-27 21:50:00,12,1,27,21,50,840,7,QUAI DE LA LIGNE (Boulev,,,Nuit avec éclairage allumé,En agglomération,Hors intersection,Normale,Deux véhicules - frontale,,,,,,,,,,,5,2,1,1.0,1
201200039695,0012-01-22 18:40:00,12,1,22,18,40,840,7,PIERRE SEMARD (avenue),,,Nuit avec éclairage allumé,En agglomération,Intersection en T,Normale,Deux véhicules - côté,,,,,,,,,,,5,2,3,1.0,3
201200039696,0012-02-18 07:20:00,12,2,18,7,20,840,7,MORIERES (Route de ),,,Nuit sans éclairage public,Hors agglomération,Hors intersection,Normale,Sans collision,,,,,,,,,,,3,1,1,1.0,7
201200039697,0012-03-29 17:45:00,12,3,29,17,45,840,7,"27, LYON (route de )",,,Plein jour,En agglomération,Intersection en T,Normale,Deux véhicules - arrière,,,,,,,,,,,1,2,3,1.0,2
201200039698,0012-04-13 04:30:00,12,4,13,4,30,840,7,DOCTEUR PONS (Route tour,,,Nuit sans éclairage public,Hors agglomération,Hors intersection,Normale,Autre collision,,,,,,,,,,,3,1,1,1.0,6
201200039699,0012-04-17 10:58:00,12,4,17,10,58,840,7,SOURCES (Avenue des),,,Plein jour,En agglomération,Intersection en X,Normale,Deux véhicules - côté,,,,,,,,,,,1,2,2,1.0,3
201200039700,0012-04-20 14:15:00,12,4,20,14,15,840,7,LYON (route de ),,,Plein jour,En agglomération,Hors intersection,Normale,Autre collision,,,,,,,,,,,1,2,1,1.0,6