accident_id,datetime,annee,mois,jour,heure,minute,departement,commune_insee,adresse,latitude,longitude,luminosite,agglomeration,intersection,meteo,collision,nb_vehicules,nb_usagers,nb_indemnes,nb_tues,nb_blesses_hosp,nb_blesses_legers,age_cond_1,age_cond_2,veh_type_cond_1,veh_type_cond_2,lum_code,agg_code,int_code,atm_code,col_code
201200039830,0012-05-08 20:35:00,12,5,8,20,35,860,66,"22, KREBS (RUE LOUIS CLE",,,Plein jour,En agglomération,Hors intersection,Normale,Autre collision,,,,,,,,,,,1,2,1,1.0,6
201200039831,0012-05-14 00:05:00,12,5,14,0,5,860,66,"0, RD 14 - ROUTE DE PLEU",,,Nuit sans éclairage public,Hors agglomération,Autre intersection,Normale,Sans collision,,,,,,,,,,,3,1,9,1.0,7
201200039832,0012-05-22 21:18:00,12,5,22,21,18,860,66,ABELIN (AVENUE PIERRE),,,Plein jour,En agglomération,Intersection en X,Normale,Deux véhicules - côté,,,,,,,,,,,1,2,2,1.0,3
201200039833,0012-06-07 21:00:00,12,6,7,21,0,860,66,"23, ABELIN (AVENUE PIERR",,,Plein jour,En agglomération,Autre intersection,Normale,Deux véhicules - côté,,,,,,,,,,,1,2,9,1.0,3
201200039834,0012-12-13 19:00:00,12,12,13,19,0,860,66,LECLERC (AVENUE DU MAREC,,,Nuit avec éclairage allumé,En agglomération,Intersection en T,Normale,Deux véhicules - côté,,,,,,,,,,,5,2,3,1.0,3
201200039835,0012-01-02 15:35:00,12,1,2,15,35,860,157,RN 147,,,Plein jour,Hors agglomération,Hors intersection,Normale,Trois véhicules et plus - collisions multiples,,,,,,,,,,,1,1,1,1.0,5
201200039836,0012-01-04 18:30:00,12,1,4,18,30,860,194,"204, 8 MAI 1945 (AVENUE",,,Nuit avec éclairage allumé,En agglomération,Hors intersection,Normale,Deux véhicules - arrière,,,,,,,,,,,5,2,1,1.0,2
201200039837,0012-01-07 15:05:00,12,1,7,15,5,860,194,"8, JEAN VALADE (RUE)",,,Plein jour,En agglomération,Hors intersection,Normale,Deux véhicules - frontale,,,,,,,,,,,1,2,1,1.0,1
201200039838,0012-01-08 06:20:00,12,1,8,6,20,860,214,11 NOVEMBRE (AVENUE DU),,,Nuit avec éclairage allumé,En agglomération,Hors intersection,Normale,Autre collision,,,,,,,,,,,5,2,1,1.0,6
201200039839,0012-01-08 17:15:00,12,1,8,17,15,860,194,AVENUE  MARCEL DASSAULT,,,Nuit avec éclairage allumé,En agglomération,Hors intersection,Normale,Autre collision,,,,,,,,,,,5,2,1,1.0,6
201200039840,0012-01-09 08:15:00,12,1,9,8,15,860,194,"36, CHAUME DE LA CUEILLE",,,Plein jour,En agglomération,Hors intersection,Normale,Autre collision,,,,,,,,,,,1,2,1,1.0,6
201200039841,0012-01-12 18:50:00,12,1,12,18,50,860,194,"., ANDRE MALRAUX (VOIE)",,,Nuit avec éclairage allumé,En agglomération,Hors intersection,Normale,Autre collision,,,,,,,,,,,5,2,1,1.0,6
201200039842,0012-01-13 07:45:00,12,1,13,7,45,860,194,PAILLERIE (RUE DE LA),,,Nuit avec éclairage allumé,En agglomération,Intersection en X,Pluie légère,Deux véhicules - côté,,,,,,,,,,,5,2,2,2.0,3
201200039843,0012-01-14 04:40:00,12,1,14,4,40,860,194,"75, GEORGES GUYNEMER (RU",,,Nuit avec éclairage allumé,En agglomération,Hors intersection,Normale,Autre collision,,,,,,,,,,,5,2,1,1.0,6
201200039844,0012-01-15 21:15:00,12,1,15,21,15,860,194,"75, PONT ACHARD (BOULEVA",,,Nuit avec éclairage allumé,En agglomération,Hors intersection,Normale,Deux véhicules - arrière,,,,,,,,,,,5,2,1,1.0,2
201200039845,0012-01-16 11:10:00,12,1,16,11,10,860,194,"68, EUROPE (AVENUE DE L'",,,Plein jour,En agglomération,Hors intersection,Normale,Autre collision,,,,,,,,,,,1,2,1,1.0,6
201200039846,0012-01-17 12:45:00,12,1,17,12,45,860,194,ROCADE OUEST (RD 910),,,Plein jour,En agglomération,Intersection en X,Normale,Deux véhicules - frontale,,,,,,,,,,,1,2,2,1.0,1
201200039847,0012-01-17 18:05:00,12,1,17,18,5,860,194,"4, SAVARI (BOULEVARD)",,,Nuit avec éclairage allumé,En agglomération,Hors intersection,Normale,Autre collision,,,,,,,,,,,5,2,1,1.0,6
201200039848,0012-01-19 11:45:00,12,1,19,11,45,860,194,"., ARSENE ORILLARD (RUE)",,,Plein jour,En agglomération,Intersection en X,Normale,Deux véhicules - frontale,,,,,,,,,,,1,2,2,1.0,1
201200039849,0012-01-27 02:10:00,12,1,27,2,10,860,88,RN.10,,,Nuit sans éclairage public,Hors agglomération,Hors intersection,Normale,Autre collision,,,,,,,,,,,3,1,1,1.0,6
201200039850,0012-01-27 12:00:00,12,1,27,12,0,860,194,"79, NANTES (AVENUE DE)",,,Plein jour,En agglomération,Hors intersection,Normale,Trois véhicules et plus - collisions multiples,,,,,,,,,,,1,2,1,1.0,5
201200039851,0012-01-29 15:25:00,12,1,29,15,25,860,194,8 MAI 1945 (AVENUE DU),,,Plein jour,En agglomération,Intersection en X,Normale,Deux véhicules - côté,,,,,,,,,,,1,2,2,1.0,3
201200039852,0012-01-30 07:15:00,12,1,30,7,15,860,41,SENTIER (RUE DU),,,Nuit avec éclairage allumé,En agglomération,Hors intersection,Normale,Deux véhicules - arrière,,,,,,,,,,,5,2,1,1.0,2
201200039853,0012-02-17 08:00:00,12,2,17,8,0,860,88,RN.10,,,Nuit avec éclairage allumé,Hors agglomération,Hors intersection,Normale,Autre collision,,,,,,,,,,,5,1,1,1.0,6
201200039854,0012-03-01 16:45:00,12,3,1,16,45,860,41,"25, LIBERTE (AVENUE DE L",,,Plein jour,En agglomération,Hors intersection,Normale,Deux véhicules - arrière,,,,,,,,,,,1,2,1,1.0,2
201200039855,0012-03-02 09:25:00,12,3,2,9,25,860,194,PUITS DE LA CAILLE (RUE,,,Plein jour,En agglomération,Intersection en T,Normale,Deux véhicules - côté,,,,,,,,,,,1,2,3,1.0,3
201200039856,0012-03-16 15:20:00,12,3,16,15,20,860,194,"162, PARTHENAY (Rte de)",,,Plein jour,En agglomération,Hors intersection,Normale,Deux véhicules - côté,,,,,,,,,,,1,2,1,1.0,3
201200039857,0012-03-19 09:20:00,12,3,19,9,20,860,157,NOUAILLE (ROUTE DE),,,Plein jour,Hors agglomération,Intersection en T,Normale,Trois véhicules et plus - en chaîne,,,,,,,,,,,1,1,3,1.0,4
201200039858,0012-03-19 10:10:00,12,3,19,10,10,860,194,NORTHAMPTON (AVENUE DE),,,Plein jour,En agglomération,Giratoire,Normale,Deux véhicules - côté,,,,,,,,,,,1,2,6,1.0,3
201200039859,0012-03-19 17:55:00,12,3,19,17,55,860,133,Avenue de la Plage.,,,Plein jour,En agglomération,Hors intersection,Normale,Sans collision,,,,,,,,,,,1,2,1,1.0,7
201200039860,0012-03-22 17:20:00,12,3,22,17,20,860,194,"9, PONTREAU (RUE DU)",,,Plein jour,En agglomération,Hors intersection,Normale,Deux véhicules - frontale,,,,,,,,,,,1,2,1,1.0,1
201200039861,0012-03-23 12:20:00,12,3,23,12,20,860,194,"24, JEANNE D'ARC (BOULEV",,,Plein jour,En agglomération,Hors intersection,Normale,Sans collision,,,,,,,,,,,1,2,1,1.0,7
201200039862,0012-03-25 14:35:00,12,3,25,14,35,860,158,RD 30,,,Plein jour,Hors agglomération,Hors intersection,Normale,Sans collision,,,,,,,,,,,1,1,1,1.0,7
201200039863,0012-03-27 08:50:00,12,3,27,8,50,860,194,"24, MONTMIDI (RUE DE)",,,Plein jour,En agglomération,Hors intersection,Normale,Autre collision,,,,,,,,,,,1,2,1,1.0,6
201200039864,0012-03-29 12:00:00,12,3,29,12,0,860,194,"18, VALLEE MONNAIE (RUE",,,Plein jour,En agglomération,Hors intersection,Normale,Autre collision,,,,,,,,,,,1,2,1,1.0,6
201200039865,0012-04-02 14:00:00,12,4,2,14,0,860,133,RN.10,,,Plein jour,Hors agglomération,Hors intersection,Normale,Trois véhicules et plus - en chaîne,,,,,,,,,,,1,1,1,1.0,4
201200039866,0012-04-03 17:50:00,12,4,3,17,50,860,157,RN 147,,,Plein jour,En agglomération,Hors intersection,Normale,Trois véhicules et plus - en chaîne,,,,,,,,,,,1,2,1,1.0,4
201200039867,0012-04-06 08:30:00,12,4,6,8,30,860,194,JOHN KENNEDY (AVENUE),,,Plein jour,En agglomération,Intersection en T,Normale,Deux véhicules - arrière,,,,,,,,,,,1,2,3,1.0,2
201200039868,0012-04-10 19:45:00,12,4,10,19,45,860,158,LOGE (AVENUE DE LA),,,Crépuscule ou aube,En agglomération,Giratoire,Pluie légère,Deux véhicules - côté,,,,,,,,,,,2,2,6,2.0,3
201200039869,0012-04-11 08:50:00,12,4,11,8,50,860,194,"., PONT ACHARD (BOULEVAR",,,Plein jour,En agglomération,Intersection en T,Normale,Deux véhicules - côté,,,,,,,,,,,1,2,3,1.0,3
201200039870,0012-04-11 11:15:00,12,4,11,11,15,860,194,"., ROBESPIERRE  Rue",,,Plein jour,En agglomération,Intersection en T,Normale,Deux véhicules - côté,,,,,,,,,,,1,2,3,1.0,3
201200039871,0012-04-12 21:45:00,12,4,12,21,45,860,158,"35, MOULINET (RUE DE)",,,Nuit avec éclairage allumé,En agglomération,Hors intersection,Normale,Autre collision,,,,,,,,,,,5,2,1,1.0,6
201200039872,0012-04-18 12:10:00,12,4,18,12,10,860,194,"1, LAFAYETTE (AVENUE DE)",,,Plein jour,En agglomération,Hors intersection,Pluie forte,Autre collision,,,,,,,,,,,1,2,1,3.0,6
201200039873,0012-04-21 20:10:00,12,4,21,20,10,860,194,"46, JEAN MERMOZ  (RUE)",,,Plein jour,En agglomération,Hors intersection,Temps couvert,Deux véhicules - frontale,,,,,,,,,,,1,2,1,8.0,1
201200039874,0012-05-04 22:15:00,12,5,4,22,15,860,194,VERDUN (BOULEVARD DE),,,Nuit avec éclairage allumé,En agglomération,Intersection en T,Normale,Autre collision,,,,,,,,,,,5,2,3,1.0,6
201200039875,0012-05-06 19:15:00,12,5,6,19,15,860,194,"36, LIBERATION (AVENUE D",,,Plein jour,En agglomération,Hors intersection,Normale,Deux véhicules - côté,,,,,,,,,,,1,2,1,1.0,3
201200039876,0012-05-06 20:15:00,12,5,6,20,15,860,194,"30, PIERRE DE COUBERTIN",,,Plein jour,En agglomération,Hors intersection,Normale,Autre collision,,,,,,,,,,,1,2,1,1.0,6
201200039877,0012-05-11 23:35:00,12,5,11,23,35,860,194,"67, GRAND CERF (BOULEVAR",,,Nuit avec éclairage allumé,En agglomération,Hors intersection,Normale,Deux véhicules - arrière,,,,,,,,,,,5,2,1,1.0,2
201200039878,0012-05-15 12:25:00,12,5,15,12,25,860,41,CHARLETTERIE (RUE DE LA),,,Plein jour,En agglomération,Intersection en Y,Normale,Deux véhicules - côté,,,,,,,,,,,1,2,4,1.0,3
201200039879,0012-05-17 05:05:00,12,5,17,5,5,860,194,"., LAFAYETTE (AVENUE DE)",,,Nuit avec éclairage allumé,En agglomération,Hors intersection,Normale,Autre collision,,,,,,,,,,,5,2,1,1.0,6
201200039880,0012-05-19 17:40:00,12,5,19,17,40,860,194,11 NOVEMBRE (AVENUE DU),,,Plein jour,Hors agglomération,Intersection en X,Normale,Deux véhicules - côté,,,,,,,,,,,1,1,2,1.0,3
201200039881,0012-05-31 23:05:00,12,5,31,23,5,860,194,RUE DES TROIS ROIS,,,Nuit avec éclairage allumé,En agglomération,Intersection en X,Normale,Deux véhicules - côté,,,,,,,,,,,5,2,2,1.0,3
201200039882,0012-06-07 09:40:00,12,6,7,9,40,860,194,HOTEL DIEU (RUE DE L'),,,Plein jour,En agglomération,Hors intersection,Pluie légère,Autre collision,,,,,,,,,,,1,2,1,2.0,6
201200039883,0012-06-07 16:20:00,12,6,7,16,20,860,194,"17, GRAND MAISON (RUE DE",,,Plein jour,En agglomération,Hors intersection,Normale,Sans collision,,,,,,,,,,,1,2,1,1.0,7
201200039884,0012-06-08 01:20:00,12,6,8,1,20,860,194,JAMBE A L'ANE (RUE DE LA,,,Nuit avec éclairage allumé,En agglomération,Giratoire,Normale,Sans collision,,,,,,,,,,,5,2,6,1.0,7
201200039885,0012-06-11 12:10:00,12,6,11,12,10,860,194,ROCADE OUEST (RD 910),,,Plein jour,En agglomération,Intersection en X,Normale,Deux véhicules - côté,,,,,,,,,,,1,2,2,1.0,3
201200039886,0012-06-12 10:25:00,12,6,12,10,25,860,194,"., GIBAUDERIE (RUE DE LA",,,Plein jour,En agglomération,Intersection en Y,Normale,Autre collision,,,,,,,,,,,1,2,4,1.0,6
201200039887,0012-06-12 12:40:00,12,6,12,12,40,860,194,"23, JEAN JAURES (RUE)",,,Plein jour,En agglomération,Hors intersection,Normale,Deux véhicules - côté,,,,,,,,,,,1,2,1,1.0,3
201200039888,0012-06-12 16:40:00,12,6,12,16,40,860,158,"46, LOGE (AVENUE DE LA)",,,Plein jour,En agglomération,Hors intersection,Normale,Autre collision,,,,,,,,,,,1,2,1,1.0,6
201200039889,0012-06-16 08:50:00,12,6,16,8,50,860,194,JEAN DE BERRY (PLACE),,,Plein jour,En agglomération,Giratoire,Normale,Deux véhicules - côté,,,,,,,,,,,1,2,6,1.0,3
201200039890,0012-06-20 05:25:00,12,6,20,5,25,860,194,EUROPE (AVENUE DE L'),,,Nuit avec éclairage allumé,En agglomération,Intersection en Y,Normale,Deux véhicules - arrière,,,,,,,,,,,5,2,4,1.0,2
201200039891,0012-06-26 05:50:00,12,6,26,5,50,860,157,RN 147,,,Crépuscule ou aube,En agglomération,Intersection en T,Normale,Autre collision,,,,,,,,,,,2,2,3,1.0,6
201200039892,0012-06-26 21:00:00,12,6,26,21,0,860,194,"139 Bis, NANTES (AVENUE",,,Plein jour,En agglomération,Hors intersection,Normale,Autre collision,,,,,,,,,,,1,2,1,1.0,6
201200039893,0012-07-01 21:15:00,12,7,1,21,15,860,194,"., JEANNE D'ARC (BOULEVA",,,Plein jour,En agglomération,Hors intersection,Normale,Deux véhicules - arrière,,,,,,,,,,,1,2,1,1.0,2
201200039894,0012-07-02 18:05:00,12,7,2,18,5,860,194,"110, GEORGES GUYNEMER (R",,,Plein jour,En agglomération,Hors intersection,Normale,Deux véhicules - frontale,,,,,,,,,,,1,2,1,1.0,1
201200039895,0012-07-03 13:25:00,12,7,3,13,25,860,158,"1, PONT DE CHARDONCHAMP",,,Plein jour,Hors agglomération,Intersection en Y,Normale,Autre collision,,,,,,,,,,,1,1,4,1.0,6
201200039896,0012-07-04 21:25:00,12,7,4,21,25,860,214,11 NOVEMBRE (AVENUE DU),,,Crépuscule ou aube,En agglomération,Intersection en X,Normale,Deux véhicules - côté,,,,,,,,,,,2,2,2,1.0,3
201200039897,0012-07-12 13:40:00,12,7,12,13,40,860,194,"46, JACQUES COEUR (AVENU",,,Plein jour,En agglomération,Hors intersection,Normale,Autre collision,,,,,,,,,,,1,2,1,1.0,6
201200039898,0012-07-26 23:50:00,12,7,26,23,50,860,194,SOUS BLOSSAC (BOULEVARD),,,Nuit sans éclairage public,En agglomération,Giratoire,Normale,Deux véhicules - frontale,,,,,,,,,,,3,2,6,1.0,1
201200039899,0012-07-30 17:00:00,12,7,30,17,0,860,194,"29, PAUL VERLAINE (RUE)",,,Plein jour,En agglomération,Hors intersection,Normale,Sans collision,,,,,,,,,,,1,2,1,1.0,7
201200039900,0012-08-02 18:50:00,12,8,2,18,50,860,194,"34  RUE, NELSON MANDELA",,,Plein jour,En agglomération,Hors intersection,Normale,Deux véhicules - côté,,,,,,,,,,,1,2,1,1.0,3
201200039901,0012-08-10 15:00:00,12,8,10,15,0,860,194,"57, PONT ACHARD (BOULEVA",,,Plein jour,En agglomération,Hors intersection,Normale,Autre collision,,,,,,,,,,,1,2,1,1.0,6
201200039902,0012-08-18 18:10:00,12,8,18,18,10,860,194,"96, PIERRE LEVEE (RUE DE",,,Plein jour,En agglomération,Hors intersection,Normale,Autre collision,,,,,,,,,,,1,2,1,1.0,6
201200039903,0012-08-18 22:25:00,12,8,18,22,25,860,194,"78, CHATONNERIE (RUE DE",,,Nuit sans éclairage public,En agglomération,Hors intersection,Normale,Autre collision,,,,,,,,,,,3,2,1,1.0,6
201200039904,0012-08-19 13:15:00,12,8,19,13,15,860,194,GENERAL SARRAIL (RUE DU),,,Plein jour,En agglomération,Intersection en X,Normale,Deux véhicules - côté,,,,,,,,,,,1,2,2,1.0,3
201200039905,0012-08-20 17:50:00,12,8,20,17,50,860,194,Route D?partementale 910,,,Plein jour,Hors agglomération,Hors intersection,Normale,Deux véhicules - arrière,,,,,,,,,,,1,1,1,1.0,2
201200039906,0012-08-24 17:50:00,12,8,24,17,50,860,157,RN 147,,,Plein jour,Hors agglomération,Hors intersection,Normale,Trois véhicules et plus - en chaîne,,,,,,,,,,,1,1,1,1.0,4
201200039907,0012-08-31 15:30:00,12,8,31,15,30,860,214,11 NOVEMBRE (AVENUE DU),,,Plein jour,En agglomération,Hors intersection,Normale,Trois véhicules et plus - en chaîne,,,,,,,,,,,1,2,1,1.0,4
201200039908,0012-09-02 10:20:00,12,9,2,10,20,860,157,"144, GARE (ROUTE DE LA)",,,Plein jour,En agglomération,Hors intersection,Normale,Sans collision,,,,,,,,,,,1,2,1,1.0,7
201200039909,0012-09-04 12:15:00,12,9,4,12,15,860,214,ROCADE SUD EST (RD 162),,,Plein jour,En agglomération,Hors intersection,Normale,Deux véhicules - côté,,,,,,,,,,,1,2,1,1.0,3
201200039910,0012-09-10 21:50:00,12,9,10,21,50,860,194,ROCADE OUEST (RD 910),,,Nuit avec éclairage allumé,En agglomération,Intersection en X,Normale,Deux véhicules - arrière,,,,,,,,,,,5,2,2,1.0,2
201200039911,0012-09-13 17:00:00,12,9,13,17,0,860,158,147 (ROUTE NATIONALE),,,Plein jour,Hors agglomération,Hors intersection,Normale,Autre collision,,,,,,,,,,,1,1,1,1.0,6
201200039912,0012-09-14 14:15:00,12,9,14,14,15,860,194,MILLE BOSSES (RUE DES),,,Plein jour,En agglomération,Intersection en Y,Normale,Deux véhicules - côté,,,,,,,,,,,1,2,4,1.0,3
201200039913,0012-09-24 18:10:00,12,9,24,18,10,860,194,RECTEUR PINEAU (AVENUE D,,,Plein jour,En agglomération,Intersection en T,Normale,Autre collision,,,,,,,,,,,1,2,3,1.0,6
201200039914,0012-09-25 12:05:00,12,9,25,12,5,860,194,"139 bis, NANTES (AVENUE",,,Plein jour,En agglomération,Hors intersection,Pluie forte,Deux véhicules - arrière,,,,,,,,,,,1,2,1,3.0,2
201200039915,0012-09-28 08:00:00,12,9,28,8,0,860,41,RUE DU PIC VERT,,,Plein jour,En agglomération,Intersection en T,Normale,Deux véhicules - côté,,,,,,,,,,,1,2,3,1.0,3
201200039916,0012-10-01 17:15:00,12,10,1,17,15,860,158,"121, ENTREPRISES (rue de",,,Plein jour,En agglomération,Hors intersection,Normale,Deux véhicules - côté,,,,,,,,,,,1,2,1,1.0,3
201200039917,0012-10-11 17:04:00,12,10,11,17,4,860,194,PIERRE LEVEE (RUE DE LA),,,Plein jour,En agglomération,Intersection en X,Pluie légère,Deux véhicules - côté,,,,,,,,,,,1,2,2,2.0,3
201200039918,0012-10-12 21:05:00,12,10,12,21,5,860,194,ROCADE EST (RD 162),,,Nuit avec éclairage allumé,En agglomération,Intersection en X,Normale,Deux véhicules - côté,,,,,,,,,,,5,2,2,1.0,3
201200039919,0012-10-13 15:10:00,12,10,13,15,10,860,214,GENCAY (ROUTE DE),,,Plein jour,Hors agglomération,Hors intersection,Pluie légère,Deux véhicules - frontale,,,,,,,,,,,1,1,1,2.0,1
201200039920,0012-10-18 17:30:00,12,10,18,17,30,860,194,Av HOCHE / rue KLEBER,,,Plein jour,En agglomération,Intersection en X,Normale,Deux véhicules - côté,,,,,,,,,,,1,2,2,1.0,3
201200039921,0012-10-21 03:00:00,12,10,21,3,0,860,194,"2, INTENDANT LE NAIN (RU",,,Nuit avec éclairage allumé,En agglomération,Intersection à plus de 4 branches,Normale,Autre collision,,,,,,,,,,,5,2,5,1.0,6
201200039922,0012-10-29 07:40:00,12,10,29,7,40,860,194,RUE DE LA PAILLERIE,,,Plein jour,En agglomération,Intersection en X,Normale,Deux véhicules - côté,,,,,,,,,,,1,2,2,1.0,3
201200039923,0012-11-01 06:00:00,12,11,1,6,0,860,157,RN 147,,,Nuit sans éclairage public,Hors agglomération,Hors intersection,Pluie forte,Deux véhicules - arrière,,,,,,,,,,,3,1,1,3.0,2
201200039924,0012-11-01 12:50:00,12,11,1,12,50,860,194,"1, LE PELETIER (AVENUE)",,,Plein jour,En agglomération,Hors intersection,Normale,Autre collision,,,,,,,,,,,1,2,1,1.0,6
201200039925,0012-11-02 18:55:00,12,11,2,18,55,860,41,"35, PIC VERT (RUE DU)",,,Nuit sans éclairage public,En agglomération,Hors intersection,Pluie légère,Deux véhicules - côté,,,,,,,,,,,3,2,1,2.0,3
201200039926,0012-11-04 07:10:00,12,11,4,7,10,860,158,PONT DE CHARDONCHAMP (RU,,,Nuit avec éclairage allumé,En agglomération,Intersection en T,Pluie légère,Autre collision,,,,,,,,,,,5,2,3,2.0,6
201200039927,0012-11-05 20:05:00,12,11,5,20,5,860,157,RN 147,,,Nuit sans éclairage public,Hors agglomération,Hors intersection,Pluie légère,Deux véhicules - côté,,,,,,,,,,,3,1,1,2.0,3
201200039928,0012-11-06 16:00:00,12,11,6,16,0,860,194,"., PONT ACHARD (BOULEVAR",,,Plein jour,En agglomération,Intersection en T,Normale,Deux véhicules - côté,,,,,,,,,,,1,2,3,1.0,3
201200039929,0012-11-07 12:30:00,12,11,7,12,30,860,194,"135, GRAND CERF (BOULEVA",,,Plein jour,En agglomération,Hors intersection,Normale,Deux véhicules - arrière,,,,,,,,,,,1,2,1,1.0,2
201200039930,0012-11-09 18:10:00,12,11,9,18,10,860,194,"12, ALPHONSE DAUDET (RUE",,,Nuit avec éclairage allumé,En agglomération,Hors intersection,Pluie légère,Sans collision,,,,,,,,,,,5,2,1,2.0,7
201200039931,0012-11-14 14:05:00,12,11,14,14,5,860,194,"., RECTEUR PINEAU (AVENU",,,Plein jour,En agglomération,Intersection en X,Normale,Deux véhicules - côté,,,,,,,,,,,1,2,2,1.0,3
201200039932,0012-11-17 03:20:00,12,11,17,3,20,860,41,RN 147 BUXEROLLES,,,Nuit sans éclairage public,Hors agglomération,Hors intersection,Normale,Autre collision,,,,,,,,,,,3,1,1,1.0,6
201200039933,0012-11-19 08:45:00,12,11,19,8,45,860,41,"27, TERRAGEAUX (RUE DE)",,,Plein jour,En agglomération,Hors intersection,Normale,Autre collision,,,,,,,,,,,1,2,1,1.0,6
201200039934,0012-11-20 08:00:00,12,11,20,8,0,860,194,JOHN KENNEDY (AVENUE),,,Plein jour,En agglomération,Intersection en T,Normale,Autre collision,,,,,,,,,,,1,2,3,1.0,6
201200039935,0012-11-27 11:35:00,12,11,27,11,35,860,194,"., PROVENCE (RUE DE)",,,Plein jour,En agglomération,Intersection en X,Normale,Autre collision,,,,,,,,,,,1,2,2,1.0,6
201200039936,0012-11-30 14:50:00,12,11,30,14,50,860,194,"., PONT ACHARD (BOULEVAR",,,Plein jour,En agglomération,Intersection en Y,Normale,Deux véhicules - arrière,,,,,,,,,,,1,2,4,1.0,2
201200039937,0012-11-30 17:05:00,12,11,30,17,5,860,194,"250, NANTES (AVENUE DE)",,,Nuit sans éclairage public,En agglomération,Hors intersection,Temps couvert,Deux véhicules - côté,,,,,,,,,,,3,2,1,8.0,3
201200039938,0012-12-03 08:50:00,12,12,3,8,50,860,157,NOUAILLE (ROUTE DE),,,Plein jour,Hors agglomération,Hors intersection,Normale,Deux véhicules - frontale,,,,,,,,,,,1,1,1,1.0,1
201200039939,0012-12-03 17:30:00,12,12,3,17,30,860,194,EUROPE (AVENUE DE L'),,,Nuit avec éclairage allumé,En agglomération,Hors intersection,Normale,Sans collision,,,,,,,,,,,5,2,1,1.0,7
201200039940,0012-12-03 11:50:00,12,12,3,11,50,860,133,"., Avenue de la Plage.",,,Plein jour,En agglomération,Hors intersection,Normale,Deux véhicules - frontale,,,,,,,,,,,1,2,1,1.0,1
201200039941,0012-12-04 18:35:00,12,12,4,18,35,860,194,Route de Parthenay,,,Nuit avec éclairage allumé,En agglomération,Hors intersection,Normale,Autre collision,,,,,,,,,,,5,2,1,1.0,6
201200039942,0012-12-06 18:45:00,12,12,6,18,45,860,158,RD 910,,,Nuit avec éclairage allumé,En agglomération,Intersection en T,Normale,Deux véhicules - côté,,,,,,,,,,,5,2,3,1.0,3
201200039943,0012-12-07 18:20:00,12,12,7,18,20,860,194,"11, JEANNE D'ARC (BOULEV",,,Nuit avec éclairage allumé,En agglomération,Hors intersection,Normale,Sans collision,,,,,,,,,,,5,2,1,1.0,7
201200039944,0012-12-13 22:50:00,12,12,13,22,50,860,194,"22, CARNOT (RUE)",,,Nuit avec éclairage allumé,En agglomération,Hors intersection,Pluie légère,Autre collision,,,,,,,,,,,5,2,1,2.0,6
201200039945,0012-12-14 07:20:00,12,12,14,7,20,860,194,"248, NANTES (AVENUE DE)",,,Nuit avec éclairage allumé,En agglomération,Intersection en T,Pluie forte,Autre collision,,,,,,,,,,,5,2,3,3.0,6
201200039946,0012-12-14 18:05:00,12,12,14,18,5,860,194,PONT SAINT CYPRIEN (RUE,,,Nuit avec éclairage allumé,En agglomération,Hors intersection,Pluie légère,Deux véhicules - frontale,,,,,,,,,,,5,2,1,2.0,1
201200039947,0012-12-17 13:50:00,12,12,17,13,50,860,194,JOHN KENNEDY (AVENUE),,,Plein jour,En agglomération,Intersection en X,Normale,Sans collision,,,,,,,,,,,1,2,2,1.0,7
201200039948,0012-12-19 19:10:00,12,12,19,19,10,860,194,"40, GEORGES GUYNEMER (RU",,,Nuit avec éclairage allumé,En agglomération,Hors intersection,Pluie légère,Deux véhicules - frontale,,,,,,,,,,,5,2,1,2.0,1
201200039949,0012-12-23 14:40:00,12,12,23,14,40,860,157,CHAUVIGNY (ROUTE DE),,,Plein jour,En agglomération,Intersection en X,Normale,Deux véhicules - côté,,,,,,,,,,,1,2,2,1.0,3
201200039950,0012-12-27 10:30:00,12,12,27,10,30,860,157,NOUAILLE (ROUTE DE),,,Plein jour,En agglomération,Giratoire,Pluie légère,Deux véhicules - arrière,,,,,,,,,,,1,2,6,2.0,2
201200039951,0012-12-30 07:00:00,12,12,30,7,0,860,158,147 (ROUTE NATIONALE),,,Nuit sans éclairage public,Hors agglomération,Hors intersection,Pluie légère,Autre collision,,,,,,,,,,,3,1,1,2.0,6
201200039952,0012-12-31 12:55:00,12,12,31,12,55,860,194,"75, PONT ACHARD (BOULEVA",,,Plein jour,En agglomération,Intersection en T,Normale,Deux véhicules - côté,,,,,,,,,,,1,2,3,1.0,3
201200039953,0012-01-01 11:42:00,12,1,1,11,42,870,85,AUTOROUTE A20,,,Plein jour,Hors agglomération,Hors intersection,Normale,Autre collision,,,,,,,,,,,1,1,1,1.0,6
201200039954,0012-01-01 21:08:00,12,1,1,21,8,870,85,AUTOROUTE A20,45.8551,1.27808,Nuit avec éclairage allumé,Hors agglomération,Hors intersection,Pluie légère,Autre collision,,,,,,,,,,,5,1,1,2.0,6
201200039955,0012-01-02 18:11:00,12,1,2,18,11,870,85,VIGENAL (BOULEVARD DU),,,Nuit avec éclairage allumé,En agglomération,Intersection en X,Normale,Trois véhicules et plus - collisions multiples,,,,,,,,,,,5,2,2,1.0,5
201200039956,0012-01-03 19:06:00,12,1,3,19,6,870,75,BAUDIN (AVENUE) ( RN21),,,Nuit sans éclairage public,Hors agglomération,Hors intersection,Pluie légère,Autre collision,,,,,,,,,,,3,1,1,2.0,6
201200039957,0012-01-04 13:20:00,12,1,4,13,20,870,85,"2, MADOUMIER (RUE MARCEL",,,Plein jour,En agglomération,Hors intersection,Normale,Autre collision,,,,,,,,,,,1,2,1,1.0,6