accident_id,datetime,annee,mois,jour,heure,minute,departement,commune_insee,adresse,latitude,longitude,luminosite,agglomeration,intersection,meteo,collision,nb_vehicules,nb_usagers,nb_indemnes,nb_tues,nb_blesses_hosp,nb_blesses_legers,age_cond_1,age_cond_2,veh_type_cond_1,veh_type_cond_2,lum_code,agg_code,int_code,atm_code,col_code
201200039958,0012-01-04 12:24:00,12,1,4,12,24,870,85,"17, DE GAULLE (AVENUE DU",,,Plein jour,En agglomération,Hors intersection,Normale,Autre collision,,,,,,,,,,,1,2,1,1.0,6
201200039959,0012-01-04 16:45:00,12,1,4,16,45,870,85,"0, SILVESTRE (RUE CHARLE",,,Plein jour,En agglomération,Intersection en X,Normale,Deux véhicules - côté,,,,,,,,,,,1,2,2,1.0,3
201200039960,0012-01-05 14:30:00,12,1,5,14,30,870,85,"0, MONTEGUT (RUE EMILE)",,,Plein jour,En agglomération,Intersection en X,Pluie légère,Deux véhicules - arrière,,,,,,,,,,,1,2,2,2.0,2
201200039961,0012-01-05 13:45:00,12,1,5,13,45,870,85,"16, COMBES (RUE DES)",,,Plein jour,En agglomération,Hors intersection,Pluie légère,Deux véhicules - arrière,,,,,,,,,,,1,2,1,2.0,2
201200039962,0012-01-07 16:14:00,12,1,7,16,14,870,65,"0, TRAMWAYS (RUE DES)",,,Plein jour,En agglomération,Hors intersection,Normale,Autre collision,,,,,,,,,,,1,2,1,1.0,6
201200039963,0012-01-12 03:30:00,12,1,12,3,30,870,85,"0, EUROPE (CARREFOUR DE",,,Nuit avec éclairage allumé,En agglomération,Hors intersection,Normale,Autre collision,,,,,,,,,,,5,2,1,1.0,6
201200039964,0012-01-12 10:12:00,12,1,12,10,12,870,85,"0, MATISSE (RUE HENRI)",,,Plein jour,En agglomération,Hors intersection,Normale,Autre collision,,,,,,,,,,,1,2,1,1.0,6
201200039965,0012-01-12 14:13:00,12,1,12,14,13,870,85,"4 TER, PALISSY (RUE BERN",,,Plein jour,En agglomération,Hors intersection,Normale,Deux véhicules - arrière,,,,,,,,,,,1,2,1,1.0,2
201200039966,0012-01-13 17:46:00,12,1,13,17,46,870,85,"0, PERIN (BOULEVARD GEOR",,,Crépuscule ou aube,En agglomération,Intersection en X,Normale,Autre collision,,,,,,,,,,,2,2,2,1.0,6
201200039967,0012-01-14 18:30:00,12,1,14,18,30,870,85,DIFFUSEUR LES CASSEAUX,,,Plein jour,Hors agglomération,Autre intersection,Normale,Deux véhicules - arrière,,,,,,,,,,,1,1,9,1.0,2
201200039968,0012-01-15 10:15:00,12,1,15,10,15,870,85,"127, LECLERC (AVENUE DU",,,Plein jour,En agglomération,Intersection en Y,Normale,Deux véhicules - côté,,,,,,,,,,,1,2,4,1.0,3
201200039969,0012-01-19 18:15:00,12,1,19,18,15,870,85,"271, DUTREIX (RUE ARMAND",,,Nuit avec éclairage allumé,En agglomération,Hors intersection,Pluie légère,Autre collision,,,,,,,,,,,5,2,1,2.0,6
201200039970,0012-01-20 18:11:00,12,1,20,18,11,870,85,ANGUERNAUD (RUE D'),,,Nuit avec éclairage allumé,En agglomération,Intersection en X,Normale,Deux véhicules - côté,,,,,,,,,,,5,2,2,1.0,3
201200039971,0012-01-22 17:17:00,12,1,22,17,17,870,85,AUTOROUTE A20,,,Plein jour,Hors agglomération,Hors intersection,Pluie légère,Autre collision,,,,,,,,,,,1,1,1,2.0,6
201200039972,0012-01-23 07:56:00,12,1,23,7,56,870,85,"0, RN520",,,Nuit avec éclairage allumé,Hors agglomération,Hors intersection,Normale,Deux véhicules - arrière,,,,,,,,,,,5,1,1,1.0,2
201200039973,0012-01-24 13:36:00,12,1,24,13,36,870,85,"0, GROUSSIER (RUE ARTHUR",,,Plein jour,En agglomération,Hors intersection,Pluie légère,Autre collision,,,,,,,,,,,1,2,1,2.0,6
201200039974,0012-01-26 07:33:00,12,1,26,7,33,870,85,BORIE (BOULEVARD DE LA),,,Nuit avec éclairage allumé,En agglomération,Hors intersection,Pluie légère,Autre collision,,,,,,,,,,,5,2,1,2.0,6
201200039975,0012-01-27 08:15:00,12,1,27,8,15,870,85,"0, GUE DE VERTHAMONT (RU",,,Nuit avec éclairage allumé,En agglomération,Hors intersection,Brouillard / fumée,Deux véhicules - arrière,,,,,,,,,,,5,2,1,5.0,2
201200039976,0012-01-28 15:40:00,12,1,28,15,40,870,85,SCHUMAN (BOULEVARD ROBER,,,Plein jour,En agglomération,Hors intersection,Normale,Deux véhicules - arrière,,,,,,,,,,,1,2,1,1.0,2
201200039977,0012-01-29 01:42:00,12,1,29,1,42,870,85,"30, BAUDIN ( AVENUE) (VC",,,Nuit avec éclairage allumé,En agglomération,Autre intersection,Normale,Deux véhicules - côté,,,,,,,,,,,5,2,9,1.0,3
201200039978,0012-01-30 07:07:00,12,1,30,7,7,870,85,PALAIS (ROUTE DU),,,Plein jour,En agglomération,Intersection en T,Normale,Deux véhicules - côté,,,,,,,,,,,1,2,3,1.0,3
201200039979,0012-02-03 13:50:00,12,2,3,13,50,870,85,"70, LABUSSIERE (AVENUE E",,,Plein jour,En agglomération,Hors intersection,Normale,Deux véhicules - arrière,,,,,,,,,,,1,2,1,1.0,2
201200039980,0012-02-04 23:10:00,12,2,4,23,10,870,75,RD20,45.8153,1.17136,Nuit avec éclairage non allumé,Hors agglomération,Hors intersection,Normale,Deux véhicules - côté,,,,,,,,,,,4,1,1,1.0,3
201200039981,0012-02-10 14:30:00,12,2,10,14,30,870,48,"0, SOLIGNAC (RUE DE)",,,Plein jour,Hors agglomération,Intersection en X,Normale,Deux véhicules - côté,,,,,,,,,,,1,1,2,1.0,3
201200039982,0012-02-11 11:40:00,12,2,11,11,40,870,85,BORIE (BOULEVARD DE LA),,,Plein jour,En agglomération,Intersection en X,Normale,Deux véhicules - côté,,,,,,,,,,,1,2,2,1.0,3
201200039983,0012-02-12 11:39:00,12,2,12,11,39,870,85,"42, LATTRE-DE-TASSIGNY (",45.8255,1.27079,Plein jour,En agglomération,Hors intersection,Normale,Autre collision,,,,,,,,,,,1,2,1,1.0,6
201200039984,0012-02-17 18:40:00,12,2,17,18,40,870,114,"56, BLUM (AVENUE LEON-)",45.8335,1.30651,Plein jour,En agglomération,Hors intersection,Normale,Autre collision,,,,,,,,,,,1,2,1,1.0,6
201200039985,0012-02-21 10:28:00,12,2,21,10,28,870,65,RD 704,45.7982,1.29566,Plein jour,Hors agglomération,Hors intersection,Normale,Deux véhicules - côté,,,,,,,,,,,1,1,1,1.0,3
201200039986,0012-02-22 15:04:00,12,2,22,15,4,870,48,NEXON (ROUTE DE),45.7939,1.24796,Plein jour,En agglomération,Intersection en X,Normale,Deux véhicules - côté,,,,,,,,,,,1,2,2,1.0,3
201200039987,0012-02-23 08:40:00,12,2,23,8,40,870,65,"1, TRAMWAYS (RUE DES)",,,Plein jour,En agglomération,Hors intersection,Normale,Autre collision,,,,,,,,,,,1,2,1,1.0,6
201200039988,0012-02-23 13:57:00,12,2,23,13,57,870,85,"31, LABUSSIERE (AVENUE E",,,Plein jour,En agglomération,Hors intersection,Pluie légère,Autre collision,,,,,,,,,,,1,2,1,2.0,6
201200039989,0012-02-23 18:54:00,12,2,23,18,54,870,65,FEYTIAT (RUE DE),45.8182,1.29205,Nuit avec éclairage allumé,En agglomération,Hors intersection,Pluie légère,Deux véhicules - côté,,,,,,,,,,,5,2,1,2.0,3
201200039990,0012-02-24 15:50:00,12,2,24,15,50,870,85,"10, HUGO (BOULEVARD VICT",,,Plein jour,En agglomération,Hors intersection,Normale,Autre collision,,,,,,,,,,,1,2,1,1.0,6
201200039991,0012-02-25 16:36:00,12,2,25,16,36,870,50,RD 947,45.8563,1.24714,Plein jour,Hors agglomération,Intersection en T,Normale,Deux véhicules - côté,,,,,,,,,,,1,1,3,1.0,3
201200039992,0012-02-29 07:45:00,12,2,29,7,45,870,75,"0, VC13",,,Plein jour,Hors agglomération,Hors intersection,Normale,Autre collision,,,,,,,,,,,1,1,1,1.0,6
201200039993,0012-02-29 15:50:00,12,2,29,15,50,870,85,"0, LOUVRIER DE LAJOLAIS",,,Plein jour,En agglomération,Hors intersection,Normale,Deux véhicules - arrière,,,,,,,,,,,1,2,1,1.0,2
201200039994,0012-03-02 13:43:00,12,3,2,13,43,870,85,"2, AVENUE BAUDIN",,,Crépuscule ou aube,En agglomération,Hors intersection,Normale,Autre collision,,,,,,,,,,,2,2,1,1.0,6
201200039995,0012-03-03 16:20:00,12,3,3,16,20,870,85,"28, MONTJOVIS (AVENUE)",,,Plein jour,En agglomération,Hors intersection,Normale,Deux véhicules - côté,,,,,,,,,,,1,2,1,1.0,3
201200039996,0012-03-04 16:48:00,12,3,4,16,48,870,85,AUTOROUTE A20,,,Plein jour,Hors agglomération,Hors intersection,Pluie forte,Autre collision,,,,,,,,,,,1,1,1,3.0,6
201200039997,0012-03-05 15:45:00,12,3,5,15,45,870,85,D941,45.8367,1.19606,Plein jour,Hors agglomération,Hors intersection,Normale,Deux véhicules - arrière,,,,,,,,,,,1,1,1,1.0,2
201200039998,0012-03-08 12:07:00,12,3,8,12,7,870,85,"49, DUMAS (AVENUE GEORGE",,,Plein jour,En agglomération,Hors intersection,Normale,Deux véhicules - arrière,,,,,,,,,,,1,2,1,1.0,2
201200039999,0012-03-12 16:08:00,12,3,12,16,8,870,85,"47, MONTJOVIS (AVENUE)",,,Plein jour,En agglomération,Hors intersection,Normale,Autre collision,,,,,,,,,,,1,2,1,1.0,6
201200040000,0012-03-13 14:45:00,12,3,13,14,45,870,85,"14, BELLAC (RUE DE)",,,Plein jour,En agglomération,Hors intersection,Normale,Autre collision,,,,,,,,,,,1,2,1,1.0,6
201200040001,0012-03-14 13:14:00,12,3,14,13,14,870,85,"1, CAVOU (RUE DU)",,,Plein jour,Hors agglomération,Hors intersection,Normale,Autre collision,,,,,,,,,,,1,1,1,1.0,6
201200040002,0012-03-17 18:41:00,12,3,17,18,41,870,85,"17, DETAILLE (RUE)",,,Plein jour,En agglomération,Hors intersection,Normale,Autre collision,,,,,,,,,,,1,2,1,1.0,6
201200040003,0012-03-19 11:50:00,12,3,19,11,50,870,85,AUTOROUTE A20,,,Plein jour,Hors agglomération,Hors intersection,Normale,Deux véhicules - côté,,,,,,,,,,,1,1,1,1.0,3
201200040004,0012-03-19 16:52:00,12,3,19,16,52,870,85,MAS-BOUYOL  (CITE ET BOU,,,Plein jour,En agglomération,Intersection en X,Normale,Deux véhicules - côté,,,,,,,,,,,1,2,2,1.0,3
201200040005,0012-03-20 14:24:00,12,3,20,14,24,870,50,RD947,45.8798,1.2381,Plein jour,En agglomération,Giratoire,Normale,Deux véhicules - côté,,,,,,,,,,,1,2,6,1.0,3
201200040006,0012-03-21 17:32:00,12,3,21,17,32,870,85,"6, MAS-LOUBIER (RUE DU)",,,Plein jour,En agglomération,Hors intersection,Normale,Deux véhicules - côté,,,,,,,,,,,1,2,1,1.0,3
201200040007,0012-03-21 19:40:00,12,3,21,19,40,870,85,"200, DUTREIX (RUE ARMAND",,,Plein jour,En agglomération,Hors intersection,Normale,Autre collision,,,,,,,,,,,1,2,1,1.0,6
201200040008,0012-03-22 07:58:00,12,3,22,7,58,870,85,"90, NEXON (RUE DE)",45.8175,1.26207,Plein jour,En agglomération,Hors intersection,Normale,Trois véhicules et plus - collisions multiples,,,,,,,,,,,1,2,1,1.0,5
201200040009,0012-03-22 19:55:00,12,3,22,19,55,870,85,"1, JOURDAN (PLACE)",,,Nuit avec éclairage allumé,En agglomération,Hors intersection,Normale,Autre collision,,,,,,,,,,,5,2,1,1.0,6
201200040010,0012-03-24 14:11:00,12,3,24,14,11,870,85,"157, DUTREIX (RUE ARMAND",,,Plein jour,En agglomération,Hors intersection,Normale,Autre collision,,,,,,,,,,,1,2,1,1.0,6
201200040011,0012-03-25 06:00:00,12,3,25,6,0,870,65,"103, FEYTIAT (RUE DE)",45.8194,1.28593,Nuit avec éclairage allumé,En agglomération,Hors intersection,Normale,Autre collision,,,,,,,,,,,5,2,1,1.0,6
201200040012,0012-03-28 14:59:00,12,3,28,14,59,870,50,LIMOGES (AVENUE DE),45.8893,1.2346,Plein jour,Hors agglomération,Hors intersection,Normale,Deux véhicules - arrière,,,,,,,,,,,1,1,1,1.0,2
201200040013,0012-03-28 18:26:00,12,3,28,18,26,870,65,PONTEIX (AVENUE DU),,,Plein jour,En agglomération,Hors intersection,Normale,Deux véhicules - côté,,,,,,,,,,,1,2,1,1.0,3
201200040014,0012-03-28 17:49:00,12,3,28,17,49,870,114,"1, GUILLOT (AVENUE PIERR",,,Plein jour,En agglomération,Intersection en X,Normale,Deux véhicules - côté,,,,,,,,,,,1,2,2,1.0,3
201200040015,0012-03-28 19:12:00,12,3,28,19,12,870,65,"1, CLEMENCEAU (AVENUE GE",,,Plein jour,En agglomération,Giratoire,Normale,Deux véhicules - côté,,,,,,,,,,,1,2,6,1.0,3
201200040016,0012-03-30 09:29:00,12,3,30,9,29,870,85,"61, SOLIGNAC (RUE DE)",,,Plein jour,En agglomération,Giratoire,Normale,Deux véhicules - côté,,,,,,,,,,,1,2,6,1.0,3
201200040017,0012-04-02 19:10:00,12,4,2,19,10,870,85,"273, DUTREIX (RUE ARMAND",,,Plein jour,En agglomération,Hors intersection,Normale,Trois véhicules et plus - en chaîne,,,,,,,,,,,1,2,1,1.0,4
201200040018,0012-04-05 09:34:00,12,4,5,9,34,870,85,"1, TRESAGUET (RUE DE)",,,Plein jour,En agglomération,Hors intersection,Normale,Autre collision,,,,,,,,,,,1,2,1,1.0,6
201200040019,0012-04-07 13:35:00,12,4,7,13,35,870,85,"2, GIFFARD (RUE HENRI)",,,Plein jour,En agglomération,Hors intersection,Normale,Autre collision,,,,,,,,,,,1,2,1,1.0,6
201200040020,0012-04-10 16:08:00,12,4,10,16,8,870,85,"7, GUERIN (RUE CAMILLE)",,,Plein jour,En agglomération,Hors intersection,Normale,Autre collision,,,,,,,,,,,1,2,1,1.0,6
201200040021,0012-04-11 08:01:00,12,4,11,8,1,870,85,"89, RUBEN (AVENUE ERNEST",,,Plein jour,En agglomération,Intersection en X,Pluie légère,Deux véhicules - côté,,,,,,,,,,,1,2,2,2.0,3
201200040022,0012-04-11 07:55:00,12,4,11,7,55,870,85,AUTOROUTE A20,,,Plein jour,Hors agglomération,Hors intersection,Pluie légère,Trois véhicules et plus - collisions multiples,,,,,,,,,,,1,1,1,2.0,5
201200040023,0012-04-11 11:35:00,12,4,11,11,35,870,85,"0, MOCQUET(RUE GUY)",,,Plein jour,En agglomération,Hors intersection,Normale,Deux véhicules - frontale,,,,,,,,,,,1,2,1,1.0,1
201200040024,0012-04-11 22:31:00,12,4,11,22,31,870,85,"102, PERRIN (RUE FRANCOI",,,Nuit avec éclairage allumé,En agglomération,Hors intersection,Pluie légère,Deux véhicules - côté,,,,,,,,,,,5,2,1,2.0,3
201200040025,0012-04-12 16:53:00,12,4,12,16,53,870,85,AUTOROUTE A20,,,Plein jour,Hors agglomération,Hors intersection,Normale,Trois véhicules et plus - en chaîne,,,,,,,,,,,1,1,1,1.0,4
201200040026,0012-04-12 23:25:00,12,4,12,23,25,870,85,"0, PONT NEUF",,,Nuit avec éclairage allumé,En agglomération,Intersection en X,Normale,Deux véhicules - côté,,,,,,,,,,,5,2,2,1.0,3
201200040027,0012-04-13 10:08:00,12,4,13,10,8,870,85,"250, TOULOUSE (RUE DE)",,,Plein jour,En agglomération,Hors intersection,Normale,Deux véhicules - côté,,,,,,,,,,,1,2,1,1.0,3
201200040028,0012-04-15 01:13:00,12,4,15,1,13,870,85,"1, LATTRE-DE-TASSIGNY (A",,,Nuit avec éclairage allumé,En agglomération,Autre intersection,Normale,Deux véhicules - côté,,,,,,,,,,,5,2,9,1.0,3
201200040029,0012-04-16 01:57:00,12,4,16,1,57,870,85,"212, BRIAND (RUE ARISTID",,,Nuit avec éclairage allumé,En agglomération,Hors intersection,Normale,Deux véhicules - frontale,,,,,,,,,,,5,2,1,1.0,1
201200040030,0012-04-16 17:25:00,12,4,16,17,25,870,85,"180, DUTREIX (RUE ARMAND",,,Plein jour,En agglomération,Hors intersection,Normale,Deux véhicules - arrière,,,,,,,,,,,1,2,1,1.0,2
201200040031,0012-04-17 09:00:00,12,4,17,9,0,870,85,"53, SAINTE CLAIRE (RUE)",,,Plein jour,En agglomération,Hors intersection,Normale,Autre collision,,,,,,,,,,,1,2,1,1.0,6
201200040032,0012-04-17 11:43:00,12,4,17,11,43,870,85,"12, LANDOUGE (AVENUE DE)",,,Plein jour,En agglomération,Hors intersection,Normale,Deux véhicules - arrière,,,,,,,,,,,1,2,1,1.0,2
201200040033,0012-04-18 14:35:00,12,4,18,14,35,870,85,"272, DUTREIX (RUE ARMAND",,,Plein jour,En agglomération,Hors intersection,Pluie légère,Deux véhicules - côté,,,,,,,,,,,1,2,1,2.0,3
201200040034,0012-04-19 14:06:00,12,4,19,14,6,870,85,"19, PALISSY (RUE BERNARD",,,Plein jour,En agglomération,Hors intersection,Pluie forte,Autre collision,,,,,,,,,,,1,2,1,3.0,6
201200040035,0012-04-19 17:35:00,12,4,19,17,35,870,50,"18, BUXEROLLES (ROUTE DE",,,Plein jour,En agglomération,Intersection en X,Pluie légère,Deux véhicules - côté,,,,,,,,,,,1,2,2,2.0,3
201200040036,0012-04-20 16:12:00,12,4,20,16,12,870,85,AUTOROUTE A20,,,Plein jour,Hors agglomération,Hors intersection,Normale,Autre collision,,,,,,,,,,,1,1,1,1.0,6
201200040037,0012-04-21 07:09:00,12,4,21,7,9,870,85,MONTEGUT (RUE EMILE),,,Nuit avec éclairage allumé,En agglomération,Intersection en X,Normale,Deux véhicules - côté,,,,,,,,,,,5,2,2,1.0,3
201200040038,0012-04-22 17:14:00,12,4,22,17,14,870,85,"36, CURIE  (RUE PIERRE E",,,Plein jour,En agglomération,Hors intersection,Normale,Autre collision,,,,,,,,,,,1,2,1,1.0,6
201200040039,0012-04-22 18:02:00,12,4,22,18,2,870,85,"53, SAINTE CLAIRE (RUE)",,,Plein jour,En agglomération,Intersection en X,Pluie légère,Deux véhicules - côté,,,,,,,,,,,1,2,2,2.0,3
201200040040,0012-04-24 11:52:00,12,4,24,11,52,870,85,"57, GIFFARD (RUE HENRI)",,,Plein jour,En agglomération,Hors intersection,Pluie forte,Deux véhicules - arrière,,,,,,,,,,,1,2,1,3.0,2
201200040041,0012-05-02 13:52:00,12,5,2,13,52,870,85,"1, ARMAND (AVE Z.A.C",,,Plein jour,En agglomération,Hors intersection,Pluie légère,Trois véhicules et plus - collisions multiples,,,,,,,,,,,1,2,1,2.0,5
201200040042,0012-05-02 16:54:00,12,5,2,16,54,870,85,BARDYS (ROUTE DES),,,Plein jour,Hors agglomération,Hors intersection,Normale,Autre collision,,,,,,,,,,,1,1,1,1.0,6
201200040043,0012-05-04 18:30:00,12,5,4,18,30,870,150,"0, NEXON (ROUTE DE)",,,Plein jour,Hors agglomération,Hors intersection,Normale,Autre collision,,,,,,,,,,,1,1,1,1.0,6
201200040044,0012-05-05 09:41:00,12,5,5,9,41,870,85,"38, BELFORT (RUE DE)",,,Plein jour,En agglomération,Hors intersection,Normale,Autre collision,,,,,,,,,,,1,2,1,1.0,6
201200040045,0012-05-05 19:38:00,12,5,5,19,38,870,85,RUE FRANCOIS PERRIN,,,Plein jour,En agglomération,Hors intersection,Normale,Autre collision,,,,,,,,,,,1,2,1,1.0,6
201200040046,0012-05-06 10:10:00,12,5,6,10,10,870,85,"38, HOCHE (RUE)",,,Plein jour,En agglomération,Intersection en X,Normale,Deux véhicules - côté,,,,,,,,,,,1,2,2,1.0,3
201200040047,0012-05-06 19:37:00,12,5,6,19,37,870,85,"39, LABUSSIERE (AVENUE E",,,Plein jour,En agglomération,Intersection en X,Normale,Deux véhicules - côté,,,,,,,,,,,1,2,2,1.0,3
201200040048,0012-05-09 08:00:00,12,5,9,8,0,870,85,PORT DU NAVEIX (RUE DU),,,Plein jour,En agglomération,Hors intersection,Pluie légère,Deux véhicules - arrière,,,,,,,,,,,1,2,1,2.0,2
201200040049,0012-05-09 17:18:00,12,5,9,17,18,870,85,RUE DE BABYLONE,,,Plein jour,En agglomération,Intersection en X,Normale,Deux véhicules - côté,,,,,,,,,,,1,2,2,1.0,3
201200040050,0012-05-12 16:20:00,12,5,12,16,20,870,85,"40, GAMBETTA (BOULEVARD)",,,Plein jour,En agglomération,Hors intersection,Normale,Deux véhicules - côté,,,,,,,,,,,1,2,1,1.0,3
201200040051,0012-05-14 12:38:00,12,5,14,12,38,870,85,"119, SAINTE CLAIRE (RUE)",,,Plein jour,En agglomération,Intersection en X,Normale,Deux véhicules - côté,,,,,,,,,,,1,2,2,1.0,3
201200040052,0012-05-15 15:20:00,12,5,15,15,20,870,85,"37, BEL AIR (BOULEVARD D",,,Plein jour,En agglomération,Hors intersection,Normale,Deux véhicules - arrière,,,,,,,,,,,1,2,1,1.0,2
201200040053,0012-05-16 18:32:00,12,5,16,18,32,870,85,"20, LIBERATION (AVENUE D",,,Plein jour,En agglomération,Intersection en X,Normale,Autre collision,,,,,,,,,,,1,2,2,1.0,6
201200040054,0012-05-19 16:10:00,12,5,19,16,10,870,85,"45, LEBON (RUE PHILIPPE)",,,Plein jour,En agglomération,Hors intersection,Normale,Trois véhicules et plus - en chaîne,,,,,,,,,,,1,2,1,1.0,4
201200040055,0012-05-21 23:00:00,12,5,21,23,0,870,50,LIMOGES (AVENUE DE),,,Nuit sans éclairage public,Hors agglomération,Hors intersection,Pluie forte,Autre collision,,,,,,,,,,,3,1,1,3.0,6
201200040056,0012-05-22 16:00:00,12,5,22,16,0,870,85,EX N141 => D941,45.8394,1.18487,Plein jour,Hors agglomération,Hors intersection,Normale,Autre collision,,,,,,,,,,,1,1,1,1.0,6
201200040057,0012-05-22 11:02:00,12,5,22,11,2,870,85,SCHUMAN (BOULEVARD ROBER,,,Plein jour,Hors agglomération,Hors intersection,Normale,Autre collision,,,,,,,,,,,1,1,1,1.0,6
201200040058,0012-05-24 16:11:00,12,5,24,16,11,870,85,"1, DUMAS (AVENUE GEORGES",,,Plein jour,En agglomération,Intersection en X,Normale,Trois véhicules et plus - collisions multiples,,,,,,,,,,,1,2,2,1.0,5
201200040059,0012-05-24 17:21:00,12,5,24,17,21,870,85,VALOINE (BOULEVARD DE LA,,,Plein jour,En agglomération,Hors intersection,Normale,Trois véhicules et plus - en chaîne,,,,,,,,,,,1,2,1,1.0,4
201200040060,0012-05-25 13:09:00,12,5,25,13,9,870,85,"22, BLANC LOUIS (BOULEVA",,,Plein jour,En agglomération,Hors intersection,Normale,Deux véhicules - arrière,,,,,,,,,,,1,2,1,1.0,2
201200040061,0012-05-27 23:37:00,12,5,27,23,37,870,85,"0, AUTOROUTE A20",,,Nuit avec éclairage allumé,Hors agglomération,Hors intersection,Normale,Autre collision,,,,,,,,,,,5,1,1,1.0,6
201200040062,0012-05-28 14:39:00,12,5,28,14,39,870,85,"36, CURIE  (RUE PIERRE E",,,Plein jour,En agglomération,Hors intersection,Normale,Autre collision,,,,,,,,,,,1,2,1,1.0,6
201200040063,0012-05-29 08:25:00,12,5,29,8,25,870,85,"199, DUTREIX (RUE ARMAND",,,Plein jour,En agglomération,Hors intersection,Normale,Autre collision,,,,,,,,,,,1,2,1,1.0,6
201200040064,0012-05-29 17:04:00,12,5,29,17,4,870,85,"122, PUY LAS RODAS (RUE",,,Plein jour,En agglomération,Intersection en T,Normale,Deux véhicules - côté,,,,,,,,,,,1,2,3,1.0,3
201200040065,0012-05-30 14:48:00,12,5,30,14,48,870,85,"49, LECLERC (AVENUE DU G",,,Plein jour,En agglomération,Hors intersection,Normale,Deux véhicules - arrière,,,,,,,,,,,1,2,1,1.0,2
201200040066,0012-05-31 18:49:00,12,5,31,18,49,870,85,"15, RUCHAUD (RUE JEAN BA",,,Plein jour,En agglomération,Intersection en T,Normale,Deux véhicules - côté,,,,,,,,,,,1,2,3,1.0,3
201200040067,0012-06-01 18:14:00,12,6,1,18,14,870,50,"38, LAJOUX (LIEU DIT)",,,Plein jour,En agglomération,Hors intersection,Normale,Autre collision,,,,,,,,,,,1,2,1,1.0,6
201200040068,0012-06-01 16:24:00,12,6,1,16,24,870,85,"1, LAFARGE (CITE HENRI)",,,Plein jour,En agglomération,Hors intersection,Normale,Deux véhicules - côté,,,,,,,,,,,1,2,1,1.0,3
201200040069,0012-06-01 18:23:00,12,6,1,18,23,870,113,"34, BARDYS (ROUTE DES)",,,Plein jour,Hors agglomération,Hors intersection,Normale,Autre collision,,,,,,,,,,,1,1,1,1.0,6
201200040070,0012-06-03 17:55:00,12,6,3,17,55,870,85,"32, ARMAND (AVE Z.A.C",,,Plein jour,En agglomération,Giratoire,Normale,Deux véhicules - côté,,,,,,,,,,,1,2,6,1.0,3
201200040071,0012-06-03 20:13:00,12,6,3,20,13,870,85,"24, AURIOL (AVENUE DU PR",,,Plein jour,En agglomération,Hors intersection,Normale,Deux véhicules - côté,,,,,,,,,,,1,2,1,1.0,3
201200040072,0012-06-04 15:48:00,12,6,4,15,48,870,85,"32, AURIOL (AVENUE DU PR",,,Plein jour,En agglomération,Hors intersection,Normale,Autre collision,,,,,,,,,,,1,2,1,1.0,6
201200040073,0012-06-05 10:11:00,12,6,5,10,11,870,85,"1, LATTRE-DE-TASSIGNY (A",45.8258,1.26974,Plein jour,En agglomération,Intersection en X,Normale,Deux véhicules - côté,,,,,,,,,,,1,2,2,1.0,3
201200040074,0012-06-05 12:42:00,12,6,5,12,42,870,85,"54, LABUSSIERE (AVENUE E",,,Plein jour,En agglomération,Intersection en X,Normale,Deux véhicules - côté,,,,,,,,,,,1,2,2,1.0,3
201200040075,0012-06-05 18:09:00,12,6,5,18,9,870,85,"42, JAURES (RUE JEAN)",,,Plein jour,En agglomération,Intersection en X,Normale,Autre collision,,,,,,,,,,,1,2,2,1.0,6
201200040076,0012-06-06 08:45:00,12,6,6,8,45,870,85,"8, LATTRE-DE-TASSIGNY (A",45.8259,1.26896,Plein jour,En agglomération,Hors intersection,Pluie légère,Autre collision,,,,,,,,,,,1,2,1,2.0,6
201200040077,0012-06-06 09:18:00,12,6,6,9,18,870,85,AUTOROUTE A20,45.8415,1.27967,Plein jour,Hors agglomération,Hors intersection,Pluie légère,Autre collision,,,,,,,,,,,1,1,1,2.0,6
201200040078,0012-06-08 08:05:00,12,6,8,8,5,870,85,"1, CHARENTES (PLACE DES)",,,Plein jour,En agglomération,Intersection en T,Normale,Deux véhicules - côté,,,,,,,,,,,1,2,3,1.0,3
201200040079,0012-06-08 18:05:00,12,6,8,18,5,870,85,"6, MAISON DIEU (PLACE)",,,Plein jour,En agglomération,Hors intersection,Normale,Deux véhicules - arrière,,,,,,,,,,,1,2,1,1.0,2
201200040080,0012-06-09 03:59:00,12,6,9,3,59,870,85,"13, DETAILLE (RUE)",,,Nuit avec éclairage allumé,En agglomération,Hors intersection,Normale,Autre collision,,,,,,,,,,,5,2,1,1.0,6
201200040081,0012-06-11 13:05:00,12,6,11,13,5,870,85,"49, COUTURES (AVENUE DES",,,Plein jour,En agglomération,Hors intersection,Normale,Autre collision,,,,,,,,,,,1,2,1,1.0,6
201200040082,0012-06-11 19:58:00,12,6,11,19,58,870,114,"51, CARNOT (AVENUE PRESI",45.8273,1.2921,Plein jour,En agglomération,Hors intersection,Normale,Autre collision,,,,,,,,,,,1,2,1,1.0,6
201200040083,0012-06-14 10:44:00,12,6,14,10,44,870,85,"92, LABUSSIERE (AVENUE E",,,Plein jour,En agglomération,Hors intersection,Normale,Autre collision,,,,,,,,,,,1,2,1,1.0,6
201200040084,0012-06-15 14:04:00,12,6,15,14,4,870,85,"24, TURGOT (RUE)",,,Plein jour,En agglomération,Hors intersection,Normale,Autre collision,,,,,,,,,,,1,2,1,1.0,6
201200040085,0012-06-18 15:05:00,12,6,18,15,5,870,85,"7, ANTONY (RUE  ET CHEMI",,,Plein jour,En agglomération,Hors intersection,Normale,Deux véhicules - côté,,,,,,,,,,,1,2,1,1.0,3
201200040086,0012-06-18 17:38:00,12,6,18,17,38,870,85,"110, LOUYAT (AVENUE DE)",,,Plein jour,En agglomération,Intersection en T,Normale,Deux véhicules - côté,,,,,,,,,,,1,2,3,1.0,3
201200040087,0012-06-19 12:40:00,12,6,19,12,40,870,85,"234, LATTRE-DE-TASSIGNY",45.8273,1.28452,Plein jour,En agglomération,Intersection en X,Normale,Deux véhicules - côté,,,,,,,,,,,1,2,2,1.0,3