accident_id,datetime,annee,mois,jour,heure,minute,departement,commune_insee,adresse,latitude,longitude,luminosite,agglomeration,intersection,meteo,collision,nb_vehicules,nb_usagers,nb_indemnes,nb_tues,nb_blesses_hosp,nb_blesses_legers,age_cond_1,age_cond_2,veh_type_cond_1,veh_type_cond_2,lum_code,agg_code,int_code,atm_code,col_code
201200040218,0012-10-23 07:41:00,12,10,23,7,41,870,85,"128, LABUSSIERE (AVENUE",,,Nuit avec éclairage allumé,En agglomération,Hors intersection,Normale,Trois véhicules et plus - en chaîne,,,,,,,,,,,5,2,1,1.0,4
201200040219,0012-10-23 13:47:00,12,10,23,13,47,870,85,"16, PERRIN (RUE FRANCOIS",,,Plein jour,En agglomération,Hors intersection,Normale,Autre collision,,,,,,,,,,,1,2,1,1.0,6
201200040220,0012-10-23 23:36:00,12,10,23,23,36,870,85,"327, BAUDIN ( AVENUE) (V",,,Nuit avec éclairage allumé,En agglomération,Hors intersection,Normale,Autre collision,,,,,,,,,,,5,2,1,1.0,6
201200040221,0012-10-24 07:46:00,12,10,24,7,46,870,85,"08, ANTONY (RUE  ET CHEM",,,Nuit avec éclairage allumé,En agglomération,Hors intersection,Brouillard / fumée,Autre collision,,,,,,,,,,,5,2,1,5.0,6
201200040222,0012-10-24 12:31:00,12,10,24,12,31,870,85,"13, COMTE (RUE AUGUSTE)",,,Plein jour,En agglomération,Hors intersection,Normale,Deux véhicules - côté,,,,,,,,,,,1,2,1,1.0,3
201200040223,0012-10-25 08:48:00,12,10,25,8,48,870,75,"0, COURRIERES (AVENUE DE",,,Plein jour,Hors agglomération,Hors intersection,Normale,Deux véhicules - frontale,,,,,,,,,,,1,1,1,1.0,1
201200040224,0012-10-25 12:59:00,12,10,25,12,59,870,85,"0, CLEMENCEAU  (BOULEVAR",,,Plein jour,En agglomération,Intersection en T,Normale,Deux véhicules - côté,,,,,,,,,,,1,2,3,1.0,3
201200040225,0012-10-26 09:00:00,12,10,26,9,0,870,85,"04, ARCADES (BOULEVARD D",,,Plein jour,En agglomération,Hors intersection,Pluie légère,Trois véhicules et plus - en chaîne,,,,,,,,,,,1,2,1,2.0,4
201200040226,0012-10-26 12:12:00,12,10,26,12,12,870,85,"63, LATTRE-DE-TASSIGNY (",,,Plein jour,En agglomération,Hors intersection,Pluie légère,Autre collision,,,,,,,,,,,1,2,1,2.0,6
201200040227,0012-10-26 20:22:00,12,10,26,20,22,870,85,"82, BELLAC (RUE DE)",,,Nuit avec éclairage allumé,En agglomération,Hors intersection,Pluie légère,Deux véhicules - côté,,,,,,,,,,,5,2,1,2.0,3
201200040228,0012-10-27 13:08:00,12,10,27,13,8,870,65,"37, VALIN (AVENUE MARTIA",,,Plein jour,En agglomération,Hors intersection,Normale,Deux véhicules - arrière,,,,,,,,,,,1,2,1,1.0,2
201200040229,0012-10-29 16:54:00,12,10,29,16,54,870,85,"47, NAUGEAT (AVENUE DE",,,Plein jour,En agglomération,Hors intersection,Normale,Autre collision,,,,,,,,,,,1,2,1,1.0,6
201200040230,0012-11-01 08:59:00,12,11,1,8,59,870,50,RD947,,,Plein jour,Hors agglomération,Hors intersection,Pluie légère,Autre collision,,,,,,,,,,,1,1,1,2.0,6
201200040231,0012-11-02 21:12:00,12,11,2,21,12,870,85,"45, LIBERATION (AVENUE D",,,Nuit avec éclairage allumé,En agglomération,Hors intersection,Pluie légère,Autre collision,,,,,,,,,,,5,2,1,2.0,6
201200040232,0012-11-03 17:16:00,12,11,3,17,16,870,85,"0, GORDINI ( RUE AMEDEE)",,,Plein jour,Hors agglomération,Hors intersection,Pluie légère,Autre collision,,,,,,,,,,,1,1,1,2.0,6
201200040233,0012-11-04 13:33:00,12,11,4,13,33,870,85,AUTOROUTE A20,,,Plein jour,Hors agglomération,Hors intersection,Pluie légère,Deux véhicules - arrière,,,,,,,,,,,1,1,1,2.0,2
201200040234,0012-11-04 14:56:00,12,11,4,14,56,870,85,"0, VIGENAL (BOULEVARD DU",,,Plein jour,En agglomération,Intersection en T,Pluie légère,Deux véhicules - côté,,,,,,,,,,,1,2,3,2.0,3
201200040235,0012-11-06 14:45:00,12,11,6,14,45,870,114,"14, CARNOT (AVENUE PRESI",,,Plein jour,En agglomération,Hors intersection,Normale,Autre collision,,,,,,,,,,,1,2,1,1.0,6
201200040236,0012-11-06 17:27:00,12,11,6,17,27,870,85,"71, GARIBALDI (AVENUE)",,,Plein jour,En agglomération,Hors intersection,Normale,Autre collision,,,,,,,,,,,1,2,1,1.0,6
201200040237,0012-11-09 11:39:00,12,11,9,11,39,870,85,"1, VAILLANT (RUE EDOUARD",,,Plein jour,En agglomération,Hors intersection,Normale,Autre collision,,,,,,,,,,,1,2,1,1.0,6
201200040238,0012-11-10 05:57:00,12,11,10,5,57,870,85,"262, DUTREIX (RUE ARMAND",,,Nuit avec éclairage allumé,En agglomération,Hors intersection,Pluie forte,Autre collision,,,,,,,,,,,5,2,1,3.0,6
201200040239,0012-11-11 15:15:00,12,11,11,15,15,870,85,"24, BLANC LOUIS (BOULEVA",,,Plein jour,En agglomération,Hors intersection,Normale,Autre collision,,,,,,,,,,,1,2,1,1.0,6
201200040240,0012-11-11 16:50:00,12,11,11,16,50,870,85,"0, BLANC LOUIS (BOULEVAR",,,Plein jour,En agglomération,Hors intersection,Normale,Autre collision,,,,,,,,,,,1,2,1,1.0,6
201200040241,0012-11-11 19:59:00,12,11,11,19,59,870,114,"0, PRESSEMANE (AVENUE AD",,,Nuit sans éclairage public,En agglomération,Hors intersection,Normale,Autre collision,,,,,,,,,,,3,2,1,1.0,6
201200040242,0012-11-12 16:47:00,12,11,12,16,47,870,85,"111, LATTRE-DE-TASSIGNY",,,Plein jour,En agglomération,Hors intersection,Normale,Deux véhicules - arrière,,,,,,,,,,,1,2,1,1.0,2
201200040243,0012-11-12 18:56:00,12,11,12,18,56,870,85,"137, LATTRE-DE-TASSIGNY",,,Nuit avec éclairage allumé,En agglomération,Hors intersection,Normale,Deux véhicules - côté,,,,,,,,,,,5,2,1,1.0,3
201200040244,0012-11-13 18:18:00,12,11,13,18,18,870,65,"0, PORTES DE FEYTIAT (RU",,,Nuit avec éclairage allumé,Hors agglomération,Hors intersection,Normale,Deux véhicules - côté,,,,,,,,,,,5,1,1,1.0,3
201200040245,0012-11-14 19:40:00,12,11,14,19,40,870,85,"0, GAGNANT (AVENUE JEAN)",,,Nuit avec éclairage allumé,En agglomération,Hors intersection,Normale,Autre collision,,,,,,,,,,,5,2,1,1.0,6
201200040246,0012-11-16 18:39:00,12,11,16,18,39,870,75,RN 21,,,Nuit avec éclairage non allumé,En agglomération,Hors intersection,Normale,Autre collision,,,,,,,,,,,4,2,1,1.0,6
201200040247,0012-11-18 00:01:00,12,11,18,0,1,870,85,"0, ROMANET (RUE DE)",,,Nuit avec éclairage allumé,En agglomération,Hors intersection,Normale,Autre collision,,,,,,,,,,,5,2,1,1.0,6
201200040248,0012-11-20 18:05:00,12,11,20,18,5,870,85,"14, SAINT ELOI (AVENUE)",,,Nuit avec éclairage allumé,En agglomération,Hors intersection,Normale,Deux véhicules - côté,,,,,,,,,,,5,2,1,1.0,3
201200040249,0012-11-21 12:30:00,12,11,21,12,30,870,85,"0, MAISON DIEU (PLACE)",,,Plein jour,En agglomération,Hors intersection,Pluie légère,Autre collision,,,,,,,,,,,1,2,1,2.0,6
201200040250,0012-11-21 13:32:00,12,11,21,13,32,870,85,"0, MARCLAND (RUE DU DOCT",,,Plein jour,En agglomération,Intersection en T,Normale,Deux véhicules - côté,,,,,,,,,,,1,2,3,1.0,3
201200040251,0012-11-21 17:10:00,12,11,21,17,10,870,85,"0, CASSEAUX (AVE DES) (V",,,Plein jour,En agglomération,Intersection en T,Pluie forte,Deux véhicules - arrière,,,,,,,,,,,1,2,3,3.0,2
201200040252,0012-11-22 18:17:00,12,11,22,18,17,870,85,"0, PORT DU NAVEIX (RUE D",,,Nuit avec éclairage allumé,En agglomération,Hors intersection,Normale,Trois véhicules et plus - en chaîne,,,,,,,,,,,5,2,1,1.0,4
201200040253,0012-11-22 17:52:00,12,11,22,17,52,870,85,"1, AURIOL (AVENUE DU PRE",,,Nuit avec éclairage allumé,En agglomération,Hors intersection,Normale,Autre collision,,,,,,,,,,,5,2,1,1.0,6
201200040254,0012-11-26 08:53:00,12,11,26,8,53,870,85,"0, SISMONDI (RUE)",,,Plein jour,En agglomération,Hors intersection,Pluie légère,Deux véhicules - arrière,,,,,,,,,,,1,2,1,2.0,2
201200040255,0012-11-28 08:22:00,12,11,28,8,22,870,85,"25, VARLIN (RUE EUGENE)",,,Plein jour,En agglomération,Hors intersection,Normale,Autre collision,,,,,,,,,,,1,2,1,1.0,6
201200040256,0012-11-28 13:32:00,12,11,28,13,32,870,85,"87, PERRIN (RUE FRANCOIS",,,Plein jour,En agglomération,Hors intersection,Pluie légère,Trois véhicules et plus - en chaîne,,,,,,,,,,,1,2,1,2.0,4
201200040257,0012-11-28 16:06:00,12,11,28,16,6,870,85,PORT DU NAVEIX (RUE DU),,,Plein jour,En agglomération,Hors intersection,Pluie légère,Autre collision,,,,,,,,,,,1,2,1,2.0,6
201200040258,0012-11-29 13:52:00,12,11,29,13,52,870,85,"0, CHASSAGNE (RUE JEAN)",,,Plein jour,En agglomération,Intersection en X,Normale,Deux véhicules - côté,,,,,,,,,,,1,2,2,1.0,3
201200040259,0012-11-30 10:59:00,12,11,30,10,59,870,85,"0, VAUCANSON (RUE DE)",,,Plein jour,En agglomération,Intersection en T,Normale,Deux véhicules - côté,,,,,,,,,,,1,2,3,1.0,3
201200040260,0012-11-30 14:00:00,12,11,30,14,0,870,85,AUTOROUTE A20,,,Plein jour,Hors agglomération,Hors intersection,Normale,Autre collision,,,,,,,,,,,1,1,1,1.0,6
201200040261,0012-11-30 20:00:00,12,11,30,20,0,870,85,"78, MONTHLERY (RUE DE)",,,Nuit avec éclairage allumé,En agglomération,Intersection en T,Normale,Autre collision,,,,,,,,,,,5,2,3,1.0,6
201200040262,0012-12-01 15:53:00,12,12,1,15,53,870,85,"35, GARIBALDI (AVENUE)",,,Plein jour,En agglomération,Hors intersection,Normale,Autre collision,,,,,,,,,,,1,2,1,1.0,6
201200040263,0012-12-01 16:30:00,12,12,1,16,30,870,114,"74, BLUM (AVENUE LEON-)",,,Plein jour,En agglomération,Intersection en T,Normale,Autre collision,,,,,,,,,,,1,2,3,1.0,6
201200040264,0012-12-03 08:12:00,12,12,3,8,12,870,85,FRACHON ( ave Benoit),,,Plein jour,En agglomération,Intersection en X,Pluie légère,Deux véhicules - côté,,,,,,,,,,,1,2,2,2.0,3
201200040265,0012-12-03 13:59:00,12,12,3,13,59,870,85,"0, BRIAND (RUE ARISTIDE)",,,Plein jour,En agglomération,Intersection en T,Pluie légère,Trois véhicules et plus - en chaîne,,,,,,,,,,,1,2,3,2.0,4
201200040266,0012-12-03 17:35:00,12,12,3,17,35,870,50,"0, MONTIN (ROUTE DU)",,,Nuit sans éclairage public,Hors agglomération,Intersection en X,Pluie forte,Deux véhicules - côté,,,,,,,,,,,3,1,2,3.0,3
201200040267,0012-12-06 17:39:00,12,12,6,17,39,870,85,"17, BUGEAUD (COURS)",,,Nuit avec éclairage allumé,En agglomération,Hors intersection,Normale,Autre collision,,,,,,,,,,,5,2,1,1.0,6
201200040268,0012-12-07 12:52:00,12,12,7,12,52,870,85,"26, BELLAC (RUE DE)",,,Plein jour,En agglomération,Intersection en X,Normale,Deux véhicules - côté,,,,,,,,,,,1,2,2,1.0,3
201200040269,0012-12-07 21:05:00,12,12,7,21,5,870,85,"22, BAUDIN ( AVENUE) (VC",,,Nuit avec éclairage allumé,En agglomération,Hors intersection,Normale,Autre collision,,,,,,,,,,,5,2,1,1.0,6
201200040270,0012-12-09 16:51:00,12,12,9,16,51,870,85,BEAUBLANC (BOULEVARD DE),,,Plein jour,En agglomération,Intersection en X,Normale,Deux véhicules - côté,,,,,,,,,,,1,2,2,1.0,3
201200040271,0012-12-10 12:15:00,12,12,10,12,15,870,85,"107, LECLERC (AVENUE DU",,,Plein jour,En agglomération,Hors intersection,Pluie légère,Trois véhicules et plus - en chaîne,,,,,,,,,,,1,2,1,2.0,4
201200040272,0012-12-10 16:57:00,12,12,10,16,57,870,113,MITTERRAND (AVENUE FRANC,,,Crépuscule ou aube,Hors agglomération,Hors intersection,Normale,Autre collision,,,,,,,,,,,2,1,1,1.0,6
201200040273,0012-12-12 13:16:00,12,12,12,13,16,870,85,"117, DUTREIX (RUE ARMAND",,,Plein jour,En agglomération,Hors intersection,Normale,Autre collision,,,,,,,,,,,1,2,1,1.0,6
201200040274,0012-12-13 12:12:00,12,12,13,12,12,870,114,LAVAUD - LIEU DIT,,,Plein jour,Hors agglomération,Intersection en T,Pluie légère,Deux véhicules - côté,,,,,,,,,,,1,1,3,2.0,3
201200040275,0012-12-15 12:56:00,12,12,15,12,56,870,85,"41, DUMONT (RUE HENRI)",,,Plein jour,En agglomération,Hors intersection,Pluie légère,Deux véhicules - côté,,,,,,,,,,,1,2,1,2.0,3
201200040276,0012-12-17 13:35:00,12,12,17,13,35,870,85,"0, CHURCHILL WINSTON (PL",,,Plein jour,En agglomération,Hors intersection,Normale,Deux véhicules - côté,,,,,,,,,,,1,2,1,1.0,3
201200040277,0012-12-18 11:47:00,12,12,18,11,47,870,85,"97, CURIE  (RUE PIERRE E",,,Plein jour,En agglomération,Hors intersection,Normale,Deux véhicules - côté,,,,,,,,,,,1,2,1,1.0,3
201200040278,0012-12-19 18:42:00,12,12,19,18,42,870,85,"1, BASTIAT (RUE FREDERIC",,,Nuit avec éclairage allumé,En agglomération,Hors intersection,Normale,Deux véhicules - côté,,,,,,,,,,,5,2,1,1.0,3
201200040279,0012-12-20 10:37:00,12,12,20,10,37,870,85,"28, SAINT GENCE (RUE DE)",,,Plein jour,En agglomération,Hors intersection,Pluie légère,Autre collision,,,,,,,,,,,1,2,1,2.0,6
201200040280,0012-12-21 08:17:00,12,12,21,8,17,870,85,"105, FEYTIAT (RUE DE)",,,Crépuscule ou aube,En agglomération,Hors intersection,Pluie légère,Autre collision,,,,,,,,,,,2,2,1,2.0,6
201200040281,0012-12-21 10:09:00,12,12,21,10,9,870,85,"45, GAMBETTA (BOULEVARD)",,,Plein jour,En agglomération,Hors intersection,Pluie légère,Autre collision,,,,,,,,,,,1,2,1,2.0,6
201200040282,0012-12-21 12:33:00,12,12,21,12,33,870,85,"0, VANTEAUX (BOULEVARD D",,,Plein jour,En agglomération,Intersection en T,Pluie légère,Deux véhicules - côté,,,,,,,,,,,1,2,3,2.0,3
201200040283,0012-12-21 17:43:00,12,12,21,17,43,870,85,"14, PARC (AVENUE DU)",,,Crépuscule ou aube,En agglomération,Hors intersection,Pluie légère,Autre collision,,,,,,,,,,,2,2,1,2.0,6
201200040284,0012-12-23 16:38:00,12,12,23,16,38,870,85,PORT DU NAVEIX (RUE DU),,,Plein jour,En agglomération,Hors intersection,Normale,Autre collision,,,,,,,,,,,1,2,1,1.0,6
201200040285,0012-12-28 14:17:00,12,12,28,14,17,870,85,"150, BAUDIN ( AVENUE) (V",,,Plein jour,En agglomération,Hors intersection,Pluie légère,Trois véhicules et plus - en chaîne,,,,,,,,,,,1,2,1,2.0,4
201200040286,0012-12-29 20:04:00,12,12,29,20,4,870,85,"76, GAMBETTA (BOULEVARD)",,,Nuit avec éclairage allumé,En agglomération,Hors intersection,Normale,Autre collision,,,,,,,,,,,5,2,1,1.0,6
201200040287,0012-01-04 14:20:00,12,1,4,14,20,880,209,"4, JEAN-JACQUES ROUSSEAU",48.18712,6.42029,Plein jour,En agglomération,Hors intersection,Normale,Deux véhicules - frontale,,,,,,,,,,,1,2,1,1.0,1
201200040288,0012-01-20 07:15:00,12,1,20,7,15,880,209,"0, FONTENELLE (AV. DE LA",48.19246,6.43889,Nuit avec éclairage allumé,En agglomération,Intersection en X,Temps couvert,Deux véhicules - côté,,,,,,,,,,,5,2,2,8.0,3
201200040289,0012-03-06 07:35:00,12,3,6,7,35,880,160,JAURES (RUE JEAN-),48.17777,6.44072,Plein jour,En agglomération,Hors intersection,Normale,Autre collision,,,,,,,,,,,1,2,1,1.0,6
201200040290,0012-03-22 13:30:00,12,3,22,13,30,880,160,"20, PROVINCES (AV. DES)",48.1853,6.46097,Plein jour,En agglomération,Hors intersection,Normale,Sans collision,,,,,,,,,,,1,2,1,1.0,7
201200040291,0012-04-09 12:35:00,12,4,9,12,35,880,209,"0, LECLERC ( RUE GENERAL",48.14776,6.45519,Plein jour,En agglomération,Intersection en X,Pluie légère,Deux véhicules - côté,,,,,,,,,,,1,2,2,2.0,3
201200040292,0012-05-08 19:50:00,12,5,8,19,50,880,160,"35, JEUXEY (RTE DE)",48.19469,6.45773,Plein jour,En agglomération,Hors intersection,Pluie légère,Autre collision,,,,,,,,,,,1,2,1,2.0,6
201200040293,0012-04-25 09:08:00,12,4,25,9,8,880,253,"0, RD 420",48.18885,6.48055,Plein jour,Hors agglomération,Hors intersection,Normale,Deux véhicules - frontale,,,,,,,,,,,1,1,1,1.0,1
201200040294,0012-04-30 16:00:00,12,4,30,16,0,880,160,"34, BONS-ENFANTS (Q. DES",48.17458,6.4459,Plein jour,En agglomération,Intersection en T,Normale,Autre collision,,,,,,,,,,,1,2,3,1.0,6
201200040295,0012-05-23 15:35:00,12,5,23,15,35,880,160,4 Faubourg de Nancy,48.18435,6.44148,Plein jour,En agglomération,Hors intersection,Normale,Deux véhicules - côté,,,,,,,,,,,1,2,1,1.0,3
201200040296,0012-05-27 15:30:00,12,5,27,15,30,880,87,31 bis rue des Forges,48.17609,6.42971,Plein jour,En agglomération,Hors intersection,Normale,Autre collision,,,,,,,,,,,1,2,1,1.0,6
201200040297,0012-06-05 18:25:00,12,6,5,18,25,880,160,RUE DAVID ET MAIGRET,48.16016,6.45249,Plein jour,En agglomération,Hors intersection,Normale,Autre collision,,,,,,,,,,,1,2,1,1.0,6
201200040298,0012-06-24 00:05:00,12,6,24,0,5,880,160,"0, ALSACE (RUE D')",48.16782,6.44539,Nuit sans éclairage public,En agglomération,Hors intersection,Normale,Autre collision,,,,,,,,,,,3,2,1,1.0,6
201200040299,0012-06-28 12:20:00,12,6,28,12,20,880,160,GAULLE (AV. ET PL. GEN.,48.17587,6.44303,Plein jour,En agglomération,Intersection en X,Normale,Autre collision,,,,,,,,,,,1,2,2,1.0,6
201200040300,0012-06-29 15:50:00,12,6,29,15,50,880,209,JEAN-CHARLES PELLERIN (R,48.20597,6.41875,Plein jour,Hors agglomération,Intersection en X,Normale,Trois véhicules et plus - collisions multiples,,,,,,,,,,,1,1,2,1.0,5
201200040301,0012-07-05 07:25:00,12,7,5,7,25,880,209,JEAN-CHARLES PELLERIN (R,48.20328,6.41753,Plein jour,Hors agglomération,Hors intersection,Temps couvert,Trois véhicules et plus - collisions multiples,,,,,,,,,,,1,1,1,8.0,5
201200040302,0012-07-05 17:50:00,12,7,5,17,50,880,160,"8, GEORGES DE LA TOUR (R",48.1734,6.44645,Plein jour,En agglomération,Hors intersection,Normale,Deux véhicules - arrière,,,,,,,,,,,1,2,1,1.0,2
201200040303,0012-08-12 06:35:00,12,8,12,6,35,880,160,"11, VITU (RUE ANDRE-)",48.17647,6.46477,Crépuscule ou aube,En agglomération,Hors intersection,Normale,Autre collision,,,,,,,,,,,2,2,1,1.0,6
201200040304,0012-09-04 17:50:00,12,9,4,17,50,880,160,"0, SEROT (Q. COLONEL-)",48.17612,6.45626,Plein jour,En agglomération,Hors intersection,Normale,Autre collision,,,,,,,,,,,1,2,1,1.0,6
201200040305,0012-09-22 10:35:00,12,9,22,10,35,880,209,"0, LEON BLUM (AV.)",48.19295,6.45626,Plein jour,En agglomération,Intersection en X,Normale,Autre collision,,,,,,,,,,,1,2,2,1.0,6
201200040306,0012-10-25 17:25:00,12,10,25,17,25,880,160,SCHUMAN (AV. ROBERT-),48.20147,6.42566,Plein jour,En agglomération,Hors intersection,Temps éblouissant,Deux véhicules - frontale,,,,,,,,,,,1,2,1,7.0,1
201200040307,0012-11-09 15:00:00,12,11,9,15,0,880,160,"0, BALZAC (RUE HONORE-DE",48.18476,6.46701,Plein jour,En agglomération,Giratoire,Normale,Deux véhicules - côté,,,,,,,,,,,1,2,6,1.0,3
201200040308,0012-11-10 15:25:00,12,11,10,15,25,880,209,MOSELLE (RUE DE LA),48.19345,6.44159,Plein jour,En agglomération,Intersection en X,Pluie légère,Deux véhicules - côté,,,,,,,,,,,1,2,2,2.0,3
201200040309,0012-11-03 19:30:00,12,11,3,19,30,880,160,SAINT-MICHEL (RUE),,,Nuit avec éclairage allumé,En agglomération,Hors intersection,Pluie forte,Autre collision,,,,,,,,,,,5,2,1,3.0,6
201200040310,0012-11-15 06:45:00,12,11,15,6,45,880,160,"11, CEDRES (AV. DES)",48.18675,6.47658,Nuit avec éclairage allumé,En agglomération,Intersection en X,Brouillard / fumée,Autre collision,,,,,,,,,,,5,2,2,5.0,6
201200040311,0012-12-07 11:20:00,12,12,7,11,20,880,160,"0, GERARDMER (route de)",48.15681,6.5488,Plein jour,Hors agglomération,Hors intersection,Neige / grêle,Trois véhicules et plus - collisions multiples,,,,,,,,,,,1,1,1,4.0,5
201200040312,0012-12-10 18:40:00,12,12,10,18,40,880,160,"71, KENNEDY (AV. PRESIDE",48.18482,6.45378,Nuit avec éclairage allumé,En agglomération,Hors intersection,Neige / grêle,Autre collision,,,,,,,,,,,5,2,1,4.0,6
201200040313,0012-12-12 18:45:00,12,12,12,18,45,880,160,BOULAY-DE-LA-MEURTHE (RU,48.17909,6.44582,Nuit avec éclairage allumé,En agglomération,Hors intersection,Normale,Autre collision,,,,,,,,,,,5,2,1,1.0,6
201200040314,0012-02-29 20:20:00,12,2,29,20,20,880,429,route de Raon aux Bois,48.02741,6.55683,Nuit sans éclairage public,Hors agglomération,Hors intersection,Normale,Deux véhicules - frontale,,,,,,,,,,,3,1,1,1.0,1
201200040315,0012-03-11 20:20:00,12,3,11,20,20,880,429,,48.01013,6.56103,Nuit sans éclairage public,Hors agglomération,Hors intersection,Normale,Trois véhicules et plus - collisions multiples,,,,,,,,,,,3,1,1,1.0,5
201200040316,0012-05-22 18:10:00,12,5,22,18,10,880,383,"25, Faubourg du VAL D'AJ",48.01326,6.58679,Plein jour,En agglomération,Hors intersection,Normale,Deux véhicules - côté,,,,,,,,,,,1,2,1,1.0,3
201200040317,0012-05-02 18:30:00,12,5,2,18,30,880,415,,48.04429,6.59525,Plein jour,En agglomération,Hors intersection,Temps couvert,Deux véhicules - frontale,,,,,,,,,,,1,2,1,8.0,1
201200040318,0012-05-20 18:10:00,12,5,20,18,10,880,383,25 Faubourg du Val d'Ajo,48.01326,6.58679,Plein jour,En agglomération,Hors intersection,Normale,Deux véhicules - frontale,,,,,,,,,,,1,2,1,1.0,1
201200040319,0012-10-09 13:45:00,12,10,9,13,45,880,383,Rue Paul Doumer,48.01628,6.38684,Plein jour,En agglomération,Intersection en T,Normale,Autre collision,,,,,,,,,,,1,2,3,1.0,6
201200040320,0012-11-20 14:30:00,12,11,20,14,30,880,383,RUE DES 5 EME ET 15 EME,48.01684,6.59582,Plein jour,En agglomération,Intersection en X,Normale,Autre collision,,,,,,,,,,,1,2,2,1.0,6
201200040321,0012-11-21 19:03:00,12,11,21,19,3,880,429,RN 57,48.04551,6.58228,Nuit sans éclairage public,Hors agglomération,Hors intersection,Pluie légère,Deux véhicules - arrière,,,,,,,,,,,3,1,1,2.0,2
201200040322,0012-01-17 11:40:00,12,1,17,11,40,880,413,RN 59,48.29948,6.92918,Plein jour,Hors agglomération,Hors intersection,Normale,Deux véhicules - frontale,,,,,,,,,,,1,1,1,1.0,1
201200040323,0012-02-25 21:10:00,12,2,25,21,10,880,413,"1, Rue SAINT CHARLES",48.28849,6.94986,Nuit avec éclairage allumé,En agglomération,Hors intersection,Pluie légère,Sans collision,,,,,,,,,,,5,2,1,2.0,7
201200040324,0012-03-24 17:45:00,12,3,24,17,45,880,413,"99, Rue d'ALSACE",48.27915,6.95773,Plein jour,En agglomération,Giratoire,Normale,Deux véhicules - frontale,,,,,,,,,,,1,2,6,1.0,1
201200040325,0012-03-30 20:45:00,12,3,30,20,45,880,413,"75, Rue de L'ORME",48.30005,6.94704,Nuit avec éclairage allumé,En agglomération,Hors intersection,Normale,Sans collision,,,,,,,,,,,5,2,1,1.0,7
201200040326,0012-04-07 14:45:00,12,4,7,14,45,880,413,Rue Emile DURCKHEIM,48.29359,6.93577,Plein jour,En agglomération,Hors intersection,Normale,Autre collision,,,,,,,,,,,1,2,1,1.0,6
201200040327,0012-04-15 02:35:00,12,4,15,2,35,880,519,34  Grande Rue,48.32706,6.90547,Nuit sans éclairage public,En agglomération,Hors intersection,Pluie légère,Autre collision,,,,,,,,,,,3,2,1,2.0,6
201200040328,0012-04-21 00:35:00,12,4,21,0,35,880,424,"1, Alsace ( Rue d ' )",48.275,6.96615,Nuit avec éclairage allumé,En agglomération,Giratoire,Normale,Deux véhicules - côté,,,,,,,,,,,5,2,6,1.0,3
201200040329,0012-04-27 17:25:00,12,4,27,17,25,880,413,"12, Rue de RICHARDVILLE",48.27998,6.95001,Plein jour,En agglomération,Hors intersection,Normale,Deux véhicules - côté,,,,,,,,,,,1,2,1,1.0,3
201200040330,0012-04-26 09:00:00,12,4,26,9,0,880,424,"435, AVENUE DU GENERAL D",48.2713,6.97196,Plein jour,En agglomération,Hors intersection,Normale,Deux véhicules - côté,,,,,,,,,,,1,2,1,1.0,3
201200040331,0012-05-06 06:05:00,12,5,6,6,5,880,413,Chemin de NACHAMPS,48.32087,6.93045,Nuit sans éclairage public,Hors agglomération,Hors intersection,Normale,Autre collision,,,,,,,,,,,3,1,1,1.0,6
201200040332,0012-05-03 07:30:00,12,5,3,7,30,880,413,"80, Avenue du Cimeti?re",48.28277,6.93045,Plein jour,En agglomération,Hors intersection,Temps éblouissant,Sans collision,,,,,,,,,,,1,2,1,7.0,7
201200040333,0012-05-04 15:00:00,12,5,4,15,0,880,424,"0, AVENUE DU GENERAL DE",48.32087,6.93045,Plein jour,En agglomération,Hors intersection,Normale,Autre collision,,,,,,,,,,,1,2,1,1.0,6
201200040334,0012-05-22 12:05:00,12,5,22,12,5,880,413,"3, Travaileurs ( rue des",48.27799,6.95369,Plein jour,En agglomération,Intersection en X,Normale,Deux véhicules - côté,,,,,,,,,,,1,2,2,1.0,3
201200040335,0012-06-10 02:30:00,12,6,10,2,30,880,413,Avenue de l'egalité,48.29253,6.9308,Nuit avec éclairage allumé,En agglomération,Hors intersection,Normale,Deux véhicules - frontale,,,,,,,,,,,5,2,1,1.0,1
201200040336,0012-07-29 01:25:00,12,7,29,1,25,880,519,"124, GRAND RUE",48.32744,6.90495,Nuit sans éclairage public,En agglomération,Hors intersection,Pluie forte,Sans collision,,,,,,,,,,,3,2,1,3.0,7
201200040337,0012-08-03 17:10:00,12,8,3,17,10,880,413,"30, Avenue de VERDUN",48.2948,6.93846,Plein jour,En agglomération,Hors intersection,Normale,Deux véhicules - arrière,,,,,,,,,,,1,2,1,1.0,2
201200040338,0012-08-11 11:30:00,12,8,11,11,30,880,413,"82, ROUTE D'HERBAVILLE",48.29504,6.91765,Plein jour,Hors agglomération,Hors intersection,Normale,Deux véhicules - côté,,,,,,,,,,,1,1,1,1.0,3
201200040339,0012-08-25 06:05:00,12,8,25,6,5,880,463,Saint Georges ( Chemin d,48.24807,6.91763,Nuit sans éclairage public,Hors agglomération,Hors intersection,Normale,Sans collision,,,,,,,,,,,3,1,1,1.0,7
201200040340,0012-08-25 15:25:00,12,8,25,15,25,880,413,"164, Route d'EPINAL",48.2803,6.9089,Plein jour,Hors agglomération,Hors intersection,Normale,Sans collision,,,,,,,,,,,1,1,1,1.0,7