accident_id,datetime,annee,mois,jour,heure,minute,departement,commune_insee,adresse,latitude,longitude,luminosite,agglomeration,intersection,meteo,collision,nb_vehicules,nb_usagers,nb_indemnes,nb_tues,nb_blesses_hosp,nb_blesses_legers,age_cond_1,age_cond_2,veh_type_cond_1,veh_type_cond_2,lum_code,agg_code,int_code,atm_code,col_code
201200040467,0012-05-07 17:55:00,12,5,7,17,55,900,8,"2, BELFORT (RUE DE)",,,Plein jour,En agglomération,Hors intersection,Normale,Autre collision,,,,,,,,,,,1,2,1,1.0,6
201200040468,0012-05-11 12:17:00,12,5,11,12,17,900,99,"48 BIS, TURENNE (RUE DE)",,,Plein jour,En agglomération,Hors intersection,Normale,Deux véhicules - côté,,,,,,,,,,,1,2,1,1.0,3
201200040469,0012-05-11 16:15:00,12,5,11,16,15,900,10,ROSSEL (RUE) parking,,,Plein jour,En agglomération,Hors intersection,Normale,Autre collision,,,,,,,,,,,1,2,1,1.0,6
201200040470,0012-05-12 15:05:00,12,5,12,15,5,900,76,"1, GRAND'RUE",,,Plein jour,En agglomération,Hors intersection,Normale,Trois véhicules et plus - en chaîne,,,,,,,,,,,1,2,1,1.0,4
201200040471,0012-05-14 08:30:00,12,5,14,8,30,900,39,"1, DE GAULLE (RUE DU GEN",,,Plein jour,En agglomération,Hors intersection,Normale,Autre collision,,,,,,,,,,,1,2,1,1.0,6
201200040472,0012-05-22 18:58:00,12,5,22,18,58,900,10,"1, LECLERC (AVENUE)",,,Plein jour,En agglomération,Hors intersection,Normale,Deux véhicules - côté,,,,,,,,,,,1,2,1,1.0,3
201200040473,0012-06-01 10:30:00,12,6,1,10,30,900,10,VAUBAN (QUAI),,,Plein jour,En agglomération,Hors intersection,Normale,Autre collision,,,,,,,,,,,1,2,1,1.0,6
201200040474,0012-06-02 19:55:00,12,6,2,19,55,900,10,"1, CROIX DU TILLEUL (RUE",,,Plein jour,En agglomération,Hors intersection,Normale,Autre collision,,,,,,,,,,,1,2,1,1.0,6
201200040475,0012-06-09 11:10:00,12,6,9,11,10,900,10,"3, FERRETTE (RUE DE)",,,Plein jour,En agglomération,Hors intersection,Normale,Deux véhicules - côté,,,,,,,,,,,1,2,1,1.0,3
201200040476,0012-06-11 08:29:00,12,6,11,8,29,900,10,CHATEAU D'EAU (AVENUE DU,,,Plein jour,En agglomération,Hors intersection,Normale,Deux véhicules - arrière,,,,,,,,,,,1,2,1,1.0,2
201200040477,0012-06-14 13:30:00,12,6,14,13,30,900,99,"1, VIEIL ARMAND (RUE DU)",,,Plein jour,En agglomération,Intersection en T,Normale,Deux véhicules - côté,,,,,,,,,,,1,2,3,1.0,3
201200040478,0012-06-17 02:45:00,12,6,17,2,45,900,10,BLUM (RUE LEON) 2,,,Nuit avec éclairage allumé,En agglomération,Hors intersection,Normale,Autre collision,,,,,,,,,,,5,2,1,1.0,6
201200040479,0012-06-18 01:25:00,12,6,18,1,25,900,10,"8 bis, CINQUIEME D.B. (R",,,Nuit avec éclairage allumé,En agglomération,Hors intersection,Normale,Sans collision,,,,,,,,,,,5,2,1,1.0,7
201200040480,0012-06-19 16:25:00,12,6,19,16,25,900,8,"8 A, ARGIESANS (RUE D')",,,Plein jour,En agglomération,Hors intersection,Normale,Autre collision,,,,,,,,,,,1,2,1,1.0,6
201200040481,0012-06-19 18:00:00,12,6,19,18,0,900,10,"3, LAURENCIE (AVENUE CAP",,,Plein jour,En agglomération,Hors intersection,Normale,Deux véhicules - côté,,,,,,,,,,,1,2,1,1.0,3
201200040482,0012-06-21 08:40:00,12,6,21,8,40,900,75,"1, BRIAND (RUE ARISTIDE)",,,Plein jour,En agglomération,Hors intersection,Normale,Deux véhicules - frontale,,,,,,,,,,,1,2,1,1.0,1
201200040483,0012-06-21 11:35:00,12,6,21,11,35,900,10,"1, DUNANT (BOULEVARD HEN",,,Plein jour,En agglomération,Hors intersection,Normale,Sans collision,,,,,,,,,,,1,2,1,1.0,7
201200040484,0012-06-21 16:14:00,12,6,21,16,14,900,10,"1, MENDES FRANCE (RUE)",,,Plein jour,En agglomération,Intersection en X,Normale,Deux véhicules - côté,,,,,,,,,,,1,2,2,1.0,3
201200040485,0012-06-21 21:50:00,12,6,21,21,50,900,10,MONTBELIARD (FAUBOURG DE,,,Plein jour,En agglomération,Intersection en X,Temps couvert,Trois véhicules et plus - collisions multiples,,,,,,,,,,,1,2,2,8.0,5
201200040486,0012-06-24 11:50:00,12,6,24,11,50,900,10,"150, JAURES (AVENUE JEAN",,,Plein jour,En agglomération,Hors intersection,Normale,Sans collision,,,,,,,,,,,1,2,1,1.0,7
201200040487,0012-06-25 11:15:00,12,6,25,11,15,900,10,"1, PRAIRIAL (RUE)",,,Plein jour,En agglomération,Hors intersection,Pluie légère,Deux véhicules - frontale,,,,,,,,,,,1,2,1,2.0,1
201200040488,0012-06-29 12:20:00,12,6,29,12,20,900,10,"8, PASCAL (RUE)",,,Plein jour,En agglomération,Hors intersection,Normale,Deux véhicules - côté,,,,,,,,,,,1,2,1,1.0,3
201200040489,0012-06-29 17:30:00,12,6,29,17,30,900,10,"4 bis, MOULIN (AVENUE JE",,,Plein jour,En agglomération,Hors intersection,Normale,Trois véhicules et plus - en chaîne,,,,,,,,,,,1,2,1,1.0,4
201200040490,0012-06-30 13:25:00,12,6,30,13,25,900,10,BUDAPEST (RUE DE),,,Plein jour,En agglomération,Hors intersection,Normale,Sans collision,,,,,,,,,,,1,2,1,1.0,7
201200040491,0012-07-02 17:30:00,12,7,2,17,30,900,10,KELLER (QUAI),,,Plein jour,En agglomération,Hors intersection,Normale,Autre collision,,,,,,,,,,,1,2,1,1.0,6
201200040492,0012-07-07 10:15:00,12,7,7,10,15,900,32,VEZELOIS (RUE DE),,,Plein jour,Hors agglomération,Hors intersection,Normale,Autre collision,,,,,,,,,,,1,1,1,1.0,6
201200040493,0012-07-12 08:57:00,12,7,12,8,57,900,1,D 23,,,Plein jour,Hors agglomération,Hors intersection,Temps couvert,Sans collision,,,,,,,,,,,1,1,1,8.0,7
201200040494,0012-07-14 18:45:00,12,7,14,18,45,900,8,"29, R.D.30",,,Plein jour,En agglomération,Hors intersection,Normale,Deux véhicules - côté,,,,,,,,,,,1,2,1,1.0,3
201200040495,0012-07-16 16:15:00,12,7,16,16,15,900,10,"1, JOFFRE (BOULEVARD MAR",,,Plein jour,En agglomération,Hors intersection,Normale,Deux véhicules - arrière,,,,,,,,,,,1,2,1,1.0,2
201200040496,0012-07-17 09:33:00,12,7,17,9,33,900,10,"4, REPUBLIQUE (RUE DE LA",,,Plein jour,En agglomération,Hors intersection,Normale,Deux véhicules - côté,,,,,,,,,,,1,2,1,1.0,3
201200040497,0012-07-18 15:13:00,12,7,18,15,13,900,10,"0, FRANCE BOULEVARD ANAT",,,Plein jour,En agglomération,Hors intersection,Normale,Autre collision,,,,,,,,,,,1,2,1,1.0,6
201200040498,0012-07-19 11:25:00,12,7,19,11,25,900,10,"1, PARKING DU THEATRE",,,Plein jour,En agglomération,Intersection en T,Normale,Deux véhicules - côté,,,,,,,,,,,1,2,3,1.0,3
201200040499,0012-07-19 11:45:00,12,7,19,11,45,900,10,"1, BLUM (RUE LEON)",,,Plein jour,En agglomération,Hors intersection,Temps couvert,Autre collision,,,,,,,,,,,1,2,1,8.0,6
201200040500,0012-07-22 18:05:00,12,7,22,18,5,900,10,"3, KOEPFLER (RUE)",,,Plein jour,En agglomération,Hors intersection,Normale,Autre collision,,,,,,,,,,,1,2,1,1.0,6
201200040501,0012-07-25 17:50:00,12,7,25,17,50,900,39,"1, ECOLES (RUE DES)",,,Plein jour,En agglomération,Hors intersection,Normale,Deux véhicules - arrière,,,,,,,,,,,1,2,1,1.0,2
201200040502,0012-07-26 16:10:00,12,7,26,16,10,900,32,"1, REPUBLIQUE (RUE DE LA",,,Plein jour,En agglomération,Hors intersection,Normale,Deux véhicules - arrière,,,,,,,,,,,1,2,1,1.0,2
201200040503,0012-07-31 17:00:00,12,7,31,17,0,900,10,"4, MICHELET (RUE)",,,Plein jour,En agglomération,Hors intersection,Normale,Deux véhicules - arrière,,,,,,,,,,,1,2,1,1.0,2
201200040504,0012-07-31 18:10:00,12,7,31,18,10,900,10,"7, ALTKIRCH (AVENUE)",,,Plein jour,En agglomération,Hors intersection,Normale,Deux véhicules - côté,,,,,,,,,,,1,2,1,1.0,3
201200040505,0012-08-06 15:40:00,12,8,6,15,40,900,10,BUDAPEST (RUE DE),,,Plein jour,En agglomération,Intersection en X,Normale,Deux véhicules - côté,,,,,,,,,,,1,2,2,1.0,3
201200040506,0012-08-12 22:58:00,12,8,12,22,58,900,10,MONTBELIARD (FAUBOURG DE,,,Nuit avec éclairage allumé,En agglomération,Hors intersection,Normale,Deux véhicules - arrière,,,,,,,,,,,5,2,1,1.0,2
201200040507,0012-08-14 13:15:00,12,8,14,13,15,900,10,"22, KENNEDY (BOULEVARD)",,,Plein jour,En agglomération,Hors intersection,Normale,Deux véhicules - arrière,,,,,,,,,,,1,2,1,1.0,2
201200040508,0012-08-15 19:31:00,12,8,15,19,31,900,10,BRISACH (AVENUE DE),,,Plein jour,En agglomération,Intersection en X,Normale,Deux véhicules - côté,,,,,,,,,,,1,2,2,1.0,3
201200040509,0012-08-17 10:30:00,12,8,17,10,30,900,8,"43, ENGEL (RUE ALFRED)",,,Plein jour,En agglomération,Giratoire,Temps éblouissant,Deux véhicules - frontale,,,,,,,,,,,1,2,6,7.0,1
201200040510,0012-08-18 19:16:00,12,8,18,19,16,900,8,GRAND'RUE,,,Plein jour,En agglomération,Hors intersection,Normale,Trois véhicules et plus - en chaîne,,,,,,,,,,,1,2,1,1.0,4
201200040511,0012-08-25 18:46:00,12,8,25,18,46,900,10,FRANCE BOULEVARD ANATOLE,,,Plein jour,En agglomération,Intersection en X,Pluie légère,Deux véhicules - frontale,,,,,,,,,,,1,2,2,2.0,1
201200040512,0012-08-28 17:21:00,12,8,28,17,21,900,10,ALTKIRCH (AVENUE),,,Plein jour,En agglomération,Hors intersection,Normale,Deux véhicules - arrière,,,,,,,,,,,1,2,1,1.0,2
201200040513,0012-08-29 19:21:00,12,8,29,19,21,900,75,BRIAND (RUE ARISTIDE),,,Plein jour,En agglomération,Hors intersection,Normale,Deux véhicules - arrière,,,,,,,,,,,1,2,1,1.0,2
201200040514,0012-09-02 21:30:00,12,9,2,21,30,900,10,"31, LECLERC (AVENUE)",,,Nuit avec éclairage allumé,En agglomération,Hors intersection,Normale,Autre collision,,,,,,,,,,,5,2,1,1.0,6
201200040515,0012-09-03 12:12:00,12,9,3,12,12,900,8,"32, GRAND'RUE",,,Plein jour,En agglomération,Hors intersection,Temps éblouissant,Autre collision,,,,,,,,,,,1,2,1,7.0,6
201200040516,0012-09-04 09:00:00,12,9,4,9,0,900,10,"121, JAURES (AVENUE JEAN",,,Plein jour,En agglomération,Hors intersection,Normale,Deux véhicules - côté,,,,,,,,,,,1,2,1,1.0,3
201200040517,0012-09-07 15:49:00,12,9,7,15,49,900,10,LAURENCIE (AVENUE CAPITA,,,Plein jour,En agglomération,Intersection en X,Normale,Deux véhicules - côté,,,,,,,,,,,1,2,2,1.0,3
201200040518,0012-09-07 19:10:00,12,9,7,19,10,900,10,"12, CARRIERES (RUE DES)",,,Plein jour,En agglomération,Hors intersection,Normale,Autre collision,,,,,,,,,,,1,2,1,1.0,6
201200040519,0012-09-09 01:55:00,12,9,9,1,55,900,32,DE GAULLE (RUE DU GENERA,,,Nuit avec éclairage allumé,En agglomération,Hors intersection,Normale,Autre collision,,,,,,,,,,,5,2,1,1.0,6
201200040520,0012-09-09 14:48:00,12,9,9,14,48,900,75,COMMANDOS D'AFRIQUE (RUE,,,Plein jour,En agglomération,Hors intersection,Normale,Sans collision,,,,,,,,,,,1,2,1,1.0,7
201200040521,0012-09-14 10:30:00,12,9,14,10,30,900,10,"27, VAUBAN (QUAI)",,,Plein jour,En agglomération,Hors intersection,Normale,Deux véhicules - arrière,,,,,,,,,,,1,2,1,1.0,2
201200040522,0012-09-19 18:52:00,12,9,19,18,52,900,39,DE GAULLE (RUE DU GENERA,,,Plein jour,En agglomération,Hors intersection,Normale,Deux véhicules - côté,,,,,,,,,,,1,2,1,1.0,3
201200040523,0012-09-21 07:55:00,12,9,21,7,55,900,8,CHARMEUSE (RUE DE LA),,,Plein jour,En agglomération,Hors intersection,Normale,Autre collision,,,,,,,,,,,1,2,1,1.0,6
201200040524,0012-09-21 09:18:00,12,9,21,9,18,900,10,KENNEDY (BOULEVARD),,,Plein jour,En agglomération,Hors intersection,Normale,Deux véhicules - arrière,,,,,,,,,,,1,2,1,1.0,2
201200040525,0012-09-26 10:00:00,12,9,26,10,0,900,10,"3, MORTS (VIA DES)",,,Plein jour,En agglomération,Giratoire,Temps couvert,Deux véhicules - côté,,,,,,,,,,,1,2,6,8.0,3
201200040526,0012-09-28 17:35:00,12,9,28,17,35,900,8,URCEREY (RUE D'),,,Plein jour,En agglomération,Hors intersection,Normale,Sans collision,,,,,,,,,,,1,2,1,1.0,7
201200040527,0012-10-02 09:02:00,12,10,2,9,2,900,10,"18, LAURENCIE (AVENUE CA",,,Plein jour,En agglomération,Intersection en T,Normale,Deux véhicules - frontale,,,,,,,,,,,1,2,3,1.0,1
201200040528,0012-10-02 20:02:00,12,10,2,20,2,900,10,LECLERC (AVENUE),,,Nuit avec éclairage allumé,En agglomération,Intersection en X,Normale,Deux véhicules - côté,,,,,,,,,,,5,2,2,1.0,3
201200040529,0012-10-03 11:31:00,12,10,3,11,31,900,10,JAURES (AVENUE JEAN) DE,,,Plein jour,En agglomération,Hors intersection,Normale,Autre collision,,,,,,,,,,,1,2,1,1.0,6
201200040530,0012-10-04 11:10:00,12,10,4,11,10,900,10,FRANCE BOULEVARD ANATOLE,,,Plein jour,En agglomération,Hors intersection,Pluie légère,Autre collision,,,,,,,,,,,1,2,1,2.0,6
201200040531,0012-10-04 12:15:00,12,10,4,12,15,900,10,"102, JAURES (AVENUE JEAN",,,Plein jour,En agglomération,Hors intersection,Temps couvert,Autre collision,,,,,,,,,,,1,2,1,8.0,6
201200040532,0012-10-05 17:58:00,12,10,5,17,58,900,10,"1, MARCHAL (RUE)",,,Plein jour,En agglomération,Hors intersection,Normale,Autre collision,,,,,,,,,,,1,2,1,1.0,6
201200040533,0012-10-09 13:29:00,12,10,9,13,29,900,10,"9, AS DE CARREAU (RUE DE",,,Plein jour,En agglomération,Intersection en X,Temps couvert,Deux véhicules - arrière,,,,,,,,,,,1,2,2,8.0,2
201200040534,0012-10-12 09:31:00,12,10,12,9,31,900,10,KENNEDY (BOULEVARD),,,Plein jour,En agglomération,Hors intersection,Pluie forte,Autre collision,,,,,,,,,,,1,2,1,3.0,6
201200040535,0012-10-17 14:51:00,12,10,17,14,51,900,99,TURENNE (RUE DE),,,Plein jour,En agglomération,Hors intersection,Normale,Deux véhicules - arrière,,,,,,,,,,,1,2,1,1.0,2
201200040536,0012-10-20 20:11:00,12,10,20,20,11,900,10,GAMBIEZ (RUE),,,Nuit avec éclairage allumé,En agglomération,Hors intersection,Normale,Sans collision,,,,,,,,,,,5,2,1,1.0,7
201200040537,0012-10-23 16:50:00,12,10,23,16,50,900,10,"08, TROIS CHENES (AVENUE",,,Plein jour,En agglomération,Hors intersection,Normale,Autre collision,,,,,,,,,,,1,2,1,1.0,6
201200040538,0012-10-25 07:48:00,12,10,25,7,48,900,10,LAURENCIE (AVENUE CAPITA,,,Plein jour,En agglomération,Hors intersection,Normale,Deux véhicules - arrière,,,,,,,,,,,1,2,1,1.0,2
201200040539,0012-10-25 15:15:00,12,10,25,15,15,900,10,LEPINE (RUE),,,Plein jour,En agglomération,Hors intersection,Temps couvert,Autre collision,,,,,,,,,,,1,2,1,8.0,6
201200040540,0012-10-29 20:25:00,12,10,29,20,25,900,32,BOSMONT (RUE DU),,,Nuit avec éclairage allumé,En agglomération,Hors intersection,Normale,Sans collision,,,,,,,,,,,5,2,1,1.0,7
201200040541,0012-11-02 18:46:00,12,11,2,18,46,900,99,TURENNE (RUE DE),,,Nuit avec éclairage allumé,En agglomération,Hors intersection,Normale,Trois véhicules et plus - en chaîne,,,,,,,,,,,5,2,1,1.0,4
201200040542,0012-11-06 19:00:00,12,11,6,19,0,900,10,JAURES (AVENUE JEAN) DE,,,Nuit avec éclairage allumé,En agglomération,Hors intersection,Normale,Autre collision,,,,,,,,,,,5,2,1,1.0,6
201200040543,0012-11-07 18:28:00,12,11,7,18,28,900,10,ESPERANCE rue de,,,Nuit avec éclairage allumé,En agglomération,Intersection en X,Normale,Sans collision,,,,,,,,,,,5,2,2,1.0,7
201200040544,0012-11-10 11:10:00,12,11,10,11,10,900,10,DELEMONT (RUE DE),,,Plein jour,En agglomération,Hors intersection,Pluie forte,Autre collision,,,,,,,,,,,1,2,1,3.0,6
201200040545,0012-11-12 19:35:00,12,11,12,19,35,900,10,RABIN (PLACE YITZHAK),,,Crépuscule ou aube,En agglomération,Intersection en X,Normale,Autre collision,,,,,,,,,,,2,2,2,1.0,6
201200040546,0012-11-13 00:40:00,12,11,13,0,40,900,32,JACQUOT (RUE DU DOCTEUR),,,Nuit avec éclairage allumé,En agglomération,Hors intersection,Normale,Sans collision,,,,,,,,,,,5,2,1,1.0,7
201200040547,0012-11-13 12:20:00,12,11,13,12,20,900,10,"6, LAPOSTOLET (RUE)",,,Plein jour,En agglomération,Hors intersection,Normale,Autre collision,,,,,,,,,,,1,2,1,1.0,6
201200040548,0012-11-15 09:28:00,12,11,15,9,28,900,10,HAXO (RUE GENERAL FRANCO,,,Plein jour,En agglomération,Hors intersection,Brouillard / fumée,Autre collision,,,,,,,,,,,1,2,1,5.0,6
201200040549,0012-11-16 07:30:00,12,11,16,7,30,900,10,KENNEDY (BOULEVARD),,,Crépuscule ou aube,En agglomération,Hors intersection,Temps couvert,Autre collision,,,,,,,,,,,2,2,1,8.0,6
201200040550,0012-11-16 16:16:00,12,11,16,16,16,900,10,GAULARD (RUE),,,Plein jour,En agglomération,Hors intersection,Normale,Autre collision,,,,,,,,,,,1,2,1,1.0,6
201200040551,0012-11-20 09:43:00,12,11,20,9,43,900,10,"20, MICHELET (RUE)",,,Plein jour,En agglomération,Hors intersection,Normale,Deux véhicules - frontale,,,,,,,,,,,1,2,1,1.0,1
201200040552,0012-11-24 19:58:00,12,11,24,19,58,900,32,CHARMEUSE (RUE DE LA),,,Nuit sans éclairage public,En agglomération,Hors intersection,Normale,Deux véhicules - arrière,,,,,,,,,,,3,2,1,1.0,2
201200040553,0012-11-30 19:15:00,12,11,30,19,15,900,10,"51, FRANCE (FAUBOURG DE)",,,Crépuscule ou aube,En agglomération,Hors intersection,Normale,Sans collision,,,,,,,,,,,2,2,1,1.0,7
201200040554,0012-12-03 09:00:00,12,12,3,9,0,900,10,EL SADATE (RUE ANOUAR),,,Plein jour,En agglomération,Hors intersection,Normale,Autre collision,,,,,,,,,,,1,2,1,1.0,6
201200040555,0012-12-04 19:01:00,12,12,4,19,1,900,1,MONTBELIARD (ROUTE DE),,,Nuit sans éclairage public,En agglomération,Hors intersection,Pluie légère,Autre collision,,,,,,,,,,,3,2,1,2.0,6
201200040556,0012-12-09 20:23:00,12,12,9,20,23,900,1,DANJOUTIN (RUE DE),,,Nuit avec éclairage allumé,En agglomération,Hors intersection,Neige / grêle,Sans collision,,,,,,,,,,,5,2,1,4.0,7
201200040557,0012-12-10 09:05:00,12,12,10,9,5,900,99,TURENNE (RUE DE),,,Plein jour,En agglomération,Autre intersection,Neige / grêle,Deux véhicules - arrière,,,,,,,,,,,1,2,9,4.0,2
201200040558,0012-12-10 21:35:00,12,12,10,21,35,900,10,LAURENCIE (AVENUE CAPITA,,,Nuit avec éclairage allumé,En agglomération,Intersection en X,Pluie légère,Deux véhicules - côté,,,,,,,,,,,5,2,2,2.0,3
201200040559,0012-12-11 15:31:00,12,12,11,15,31,900,32,"4, JACQUOT (RUE DU DOCTE",,,Plein jour,En agglomération,Hors intersection,Normale,Autre collision,,,,,,,,,,,1,2,1,1.0,6
201200040560,0012-12-11 16:44:00,12,12,11,16,44,900,10,LAURENCIE (AVENUE CAPITA,,,Plein jour,En agglomération,Hors intersection,Normale,Autre collision,,,,,,,,,,,1,2,1,1.0,6
201200040561,0012-12-19 18:44:00,12,12,19,18,44,900,10,"10, GRILLE (RUE PHILIPPE",,,Nuit sans éclairage public,En agglomération,Hors intersection,Temps couvert,Autre collision,,,,,,,,,,,3,2,1,8.0,6
201200040562,0012-12-20 11:40:00,12,12,20,11,40,900,10,"14, DE LATTRE DE TASSIGN",,,Plein jour,En agglomération,Hors intersection,Temps couvert,Autre collision,,,,,,,,,,,1,2,1,8.0,6
201200040563,0012-12-23 00:05:00,12,12,23,0,5,900,39,DE GAULLE (RUE DU GENERA,,,Nuit avec éclairage allumé,En agglomération,Hors intersection,Pluie forte,Autre collision,,,,,,,,,,,5,2,1,3.0,6
201200040564,0012-12-27 17:26:00,12,12,27,17,26,900,10,JUIN (AVENUE DU MARECHAL,,,Nuit sans éclairage public,En agglomération,Hors intersection,Pluie légère,Autre collision,,,,,,,,,,,3,2,1,2.0,6
201200040565,0012-12-28 17:22:00,12,12,28,17,22,900,32,CHARMEUSE (RUE DE LA),,,Nuit avec éclairage allumé,En agglomération,Hors intersection,Normale,Deux véhicules - arrière,,,,,,,,,,,5,2,1,1.0,2
201200040566,0012-12-29 11:25:00,12,12,29,11,25,900,99,"12, TURENNE (RUE DE)",,,Plein jour,En agglomération,Hors intersection,Temps couvert,Autre collision,,,,,,,,,,,1,2,1,8.0,6
201200040567,0012-05-25 16:40:00,12,5,25,16,40,900,39,"35, DE GAULLE (RUE DU GE",,,Plein jour,En agglomération,Hors intersection,Normale,Sans collision,,,,,,,,,,,1,2,1,1.0,7
201200040568,0012-01-04 08:30:00,12,1,4,8,30,910,339,RN 20,,,Plein jour,En agglomération,Hors intersection,Normale,Deux véhicules - côté,,,,,,,,,,,1,2,1,1.0,3
201200040569,0012-01-20 14:20:00,12,1,20,14,20,910,552,DECLE RENE (RUE),,,Plein jour,En agglomération,Hors intersection,Pluie légère,Deux véhicules - frontale,,,,,,,,,,,1,2,1,2.0,1
201200040570,0012-01-20 16:20:00,12,1,20,16,20,910,21,VERDIER (RUE DU DOCTE,,,Plein jour,En agglomération,Hors intersection,Pluie légère,Autre collision,,,,,,,,,,,1,2,1,2.0,6
201200040571,0012-01-28 21:30:00,12,1,28,21,30,910,103,DAUMONES (RUE DES),,,Nuit avec éclairage non allumé,En agglomération,Hors intersection,Normale,Deux véhicules - côté,,,,,,,,,,,4,2,1,1.0,3
201200040572,0012-02-03 11:20:00,12,2,3,11,20,910,21,JAURES JEAN (BOULEVAR,,,Plein jour,En agglomération,Hors intersection,Normale,Autre collision,,,,,,,,,,,1,2,1,1.0,6
201200040573,0012-02-08 11:35:00,12,2,8,11,35,910,425,MARCHE (PLACE DU),,,Plein jour,En agglomération,Hors intersection,Autre,Autre collision,,,,,,,,,,,1,2,1,9.0,6
201200040574,0012-02-14 17:40:00,12,2,14,17,40,910,339,RN 20,,,Plein jour,En agglomération,Hors intersection,Pluie légère,Deux véhicules - arrière,,,,,,,,,,,1,2,1,2.0,2
201200040575,0012-02-14 19:10:00,12,2,14,19,10,910,347,TOURELLE (CHEMIN DE L,,,Plein jour,En agglomération,Hors intersection,Normale,Deux véhicules - côté,,,,,,,,,,,1,2,1,1.0,3
201200040576,0012-02-17 17:30:00,12,2,17,17,30,910,552,CINQUANTE ARPENTS (CH,,,Plein jour,En agglomération,Hors intersection,Pluie légère,Deux véhicules - frontale,,,,,,,,,,,1,2,1,2.0,1
201200040577,0012-02-21 16:35:00,12,2,21,16,35,910,425,TEMPLIERS (ROUTE DES),,,Plein jour,En agglomération,Hors intersection,Normale,Deux véhicules - arrière,,,,,,,,,,,1,2,1,1.0,2
201200040578,0012-02-27 18:35:00,12,2,27,18,35,910,425,RN 20,,,Plein jour,Hors agglomération,Hors intersection,Normale,Trois véhicules et plus - en chaîne,,,,,,,,,,,1,1,1,1.0,4
201200040579,0012-03-02 08:20:00,12,3,2,8,20,910,21,"X, DIVISION LECLERC (AVE",,,Plein jour,En agglomération,Hors intersection,Pluie légère,Deux véhicules - arrière,,,,,,,,,,,1,2,1,2.0,2
201200040580,0012-03-13 09:30:00,12,3,13,9,30,910,552,"24, DECLE RENE (RUE)",,,Plein jour,En agglomération,Hors intersection,Normale,Deux véhicules - côté,,,,,,,,,,,1,2,1,1.0,3
201200040581,0012-03-15 15:00:00,12,3,15,15,0,910,457,CHAMPS JOLY (ALLEE DE,,,Plein jour,En agglomération,Hors intersection,Normale,Deux véhicules - frontale,,,,,,,,,,,1,2,1,1.0,1
201200040582,0012-03-23 16:40:00,12,3,23,16,40,910,21,CORNATON ABEL (RUE),,,Plein jour,En agglomération,Hors intersection,Normale,Trois véhicules et plus - en chaîne,,,,,,,,,,,1,2,1,1.0,4
201200040583,0012-03-24 12:00:00,12,3,24,12,0,910,425,TEMPLIERS (ROUTE DES),,,Plein jour,En agglomération,Intersection en X,Normale,Deux véhicules - côté,,,,,,,,,,,1,2,2,1.0,3
201200040584,0012-03-27 17:45:00,12,3,27,17,45,910,347,TOURELLE (CHEMIN DE L,,,Plein jour,En agglomération,Hors intersection,Normale,Deux véhicules - frontale,,,,,,,,,,,1,2,1,1.0,1
201200040585,0012-03-30 18:30:00,12,3,30,18,30,910,21,DIVISION LECLERC (AVE,,,Plein jour,En agglomération,Hors intersection,Normale,Deux véhicules - arrière,,,,,,,,,,,1,2,1,1.0,2
201200040586,0012-04-02 08:40:00,12,4,2,8,40,910,21,EGLY (ROUTE D'),,,Plein jour,En agglomération,Hors intersection,Normale,Deux véhicules - arrière,,,,,,,,,,,1,2,1,1.0,2
201200040587,0012-04-03 09:45:00,12,4,3,9,45,910,339,RN 20,,,Plein jour,En agglomération,Hors intersection,Normale,Deux véhicules - arrière,,,,,,,,,,,1,2,1,1.0,2
201200040588,0012-04-05 12:00:00,12,4,5,12,0,910,339,RN 20,,,Plein jour,Hors agglomération,Hors intersection,Normale,Deux véhicules - arrière,,,,,,,,,,,1,1,1,1.0,2
201200040589,0012-04-09 17:50:00,12,4,9,17,50,910,21,"41, CHANTELOUP (RUE DE)",,,Plein jour,En agglomération,Hors intersection,Pluie légère,Deux véhicules - frontale,,,,,,,,,,,1,2,1,2.0,1
201200040590,0012-04-10 11:20:00,12,4,10,11,20,910,339,DIVISION LECLERC (RUE,,,Plein jour,Hors agglomération,Hors intersection,Pluie légère,Deux véhicules - frontale,,,,,,,,,,,1,1,1,2.0,1
201200040591,0012-04-13 16:15:00,12,4,13,16,15,910,103,DU PETIT PARIS (RUE),,,Plein jour,En agglomération,Hors intersection,Normale,Deux véhicules - côté,,,,,,,,,,,1,2,1,1.0,3
201200040592,0012-04-13 19:05:00,12,4,13,19,5,910,103,"02, BREGUET LOUIS (RUE)",,,Plein jour,En agglomération,Hors intersection,Normale,Deux véhicules - frontale,,,,,,,,,,,1,2,1,1.0,1
201200040593,0012-04-20 17:55:00,12,4,20,17,55,910,457,FERTE ALAIS (ROUTE DE LA,,,Plein jour,En agglomération,Intersection en X,Normale,Deux véhicules - frontale,,,,,,,,,,,1,2,2,1.0,1
201200040594,0012-04-23 16:30:00,12,4,23,16,30,910,339,RN 20,,,Plein jour,En agglomération,Hors intersection,Pluie légère,Autre collision,,,,,,,,,,,1,2,1,2.0,6
201200040595,0012-04-24 11:25:00,12,4,24,11,25,910,103,BOYAU MAURICE (RUE),,,Plein jour,En agglomération,Hors intersection,Normale,Deux véhicules - côté,,,,,,,,,,,1,2,1,1.0,3
201200040596,0012-04-30 08:30:00,12,4,30,8,30,910,103,MERMOZ JEAN (ALLEE),,,Plein jour,En agglomération,Hors intersection,Normale,Autre collision,,,,,,,,,,,1,2,1,1.0,6
201200040597,0012-05-05 19:00:00,12,5,5,19,0,910,103,CD 19,,,Plein jour,Hors agglomération,Hors intersection,Pluie légère,Deux véhicules - côté,,,,,,,,,,,1,1,1,2.0,3
201200040598,0012-05-12 01:25:00,12,5,12,1,25,910,457,FERTE ALAIS (ROUTE DE LA,,,Nuit avec éclairage allumé,En agglomération,Hors intersection,Normale,Deux véhicules - côté,,,,,,,,,,,5,2,1,1.0,3