accident_id,datetime,annee,mois,jour,heure,minute,departement,commune_insee,adresse,latitude,longitude,luminosite,agglomeration,intersection,meteo,collision,nb_vehicules,nb_usagers,nb_indemnes,nb_tues,nb_blesses_hosp,nb_blesses_legers,age_cond_1,age_cond_2,veh_type_cond_1,veh_type_cond_2,lum_code,agg_code,int_code,atm_code,col_code
201200040859,0012-02-08 13:00:00,12,2,8,13,0,910,657,MARECHAL LECLERC (RUE) C,,,Plein jour,En agglomération,Intersection en T,Normale,Deux véhicules - côté,,,,,,,,,,,1,2,3,1.0,3
201200040860,0012-02-09 21:55:00,12,2,9,21,55,910,201,ALPHONSE DAUDET(RUE),,,Nuit avec éclairage allumé,En agglomération,Hors intersection,Normale,Autre collision,,,,,,,,,,,5,2,1,1.0,6
201200040861,0012-03-30 17:35:00,12,3,30,17,35,910,657,JULES VERNE (RUE),,,Plein jour,En agglomération,Hors intersection,Normale,Autre collision,,,,,,,,,,,1,2,1,1.0,6
201200040862,0012-03-29 12:40:00,12,3,29,12,40,910,657,HENRI BARBUSSE (AVENUE),,,Plein jour,En agglomération,Hors intersection,Normale,Trois véhicules et plus - en chaîne,,,,,,,,,,,1,2,1,1.0,4
201200040863,0012-04-08 21:15:00,12,4,8,21,15,910,201,HENRI BARBUSSE(BOULEVARD,,,Nuit avec éclairage allumé,En agglomération,Hors intersection,Normale,Autre collision,,,,,,,,,,,5,2,1,1.0,6
201200040864,0012-04-08 21:15:00,12,4,8,21,15,910,657,MUGUET (RUE DU),,,Plein jour,En agglomération,Intersection en X,Pluie légère,Deux véhicules - côté,,,,,,,,,,,1,2,2,2.0,3
201200040865,0012-04-10 23:45:00,12,4,10,23,45,910,657,CONCORDE (AVENUE),,,Nuit avec éclairage allumé,En agglomération,Intersection en X,Pluie légère,Deux véhicules - côté,,,,,,,,,,,5,2,2,2.0,3
201200040866,0012-04-14 13:10:00,12,4,14,13,10,910,201,MAINVILLE(RUE DE),,,Plein jour,En agglomération,Intersection en X,Normale,Deux véhicules - côté,,,,,,,,,,,1,2,2,1.0,3
201200040867,0012-03-24 17:05:00,12,3,24,17,5,910,657,DANIELE CASANOVA (RUE),,,Plein jour,En agglomération,Intersection en X,Normale,Deux véhicules - côté,,,,,,,,,,,1,2,2,1.0,3
201200040868,0012-03-25 13:10:00,12,3,25,13,10,910,201,GENERAL DE GAULLE(BOULEV,,,Plein jour,En agglomération,Autre intersection,Normale,Trois véhicules et plus - collisions multiples,,,,,,,,,,,1,2,9,1.0,5
201200040869,0012-03-28 08:40:00,12,3,28,8,40,910,201,VILLIERS ( AVENUE DE ),,,Plein jour,En agglomération,Intersection en T,Normale,Deux véhicules - arrière,,,,,,,,,,,1,2,3,1.0,2
201200040870,0012-03-29 08:30:00,12,3,29,8,30,910,201,VERGERS (ALLEE + PLACE ),,,Plein jour,En agglomération,Autre intersection,Normale,Autre collision,,,,,,,,,,,1,2,9,1.0,6
201200040871,0012-03-28 08:05:00,12,3,28,8,5,910,201,VILLIERS ( AVENUE DE ),,,Plein jour,En agglomération,Intersection en T,Normale,Autre collision,,,,,,,,,,,1,2,3,1.0,6
201200040872,0012-04-20 17:20:00,12,4,20,17,20,910,657,TOURELLE (AVENUE DE LA ),,,Plein jour,En agglomération,Hors intersection,Normale,Deux véhicules - côté,,,,,,,,,,,1,2,1,1.0,3
201200040873,0012-04-28 12:30:00,12,4,28,12,30,910,201,HENRI BARBUSSE(BOULEVARD,,,Plein jour,En agglomération,Hors intersection,Normale,Sans collision,,,,,,,,,,,1,2,1,1.0,7
201200040874,0012-04-28 16:15:00,12,4,28,16,15,910,657,HENRI DUVERNOIS (RUE),,,Plein jour,En agglomération,Intersection en X,Normale,Deux véhicules - côté,,,,,,,,,,,1,2,2,1.0,3
201200040875,0012-05-02 12:50:00,12,5,2,12,50,910,657,HENRI CHARON (AVENUE),,,Plein jour,En agglomération,Intersection en X,Normale,Deux véhicules - arrière,,,,,,,,,,,1,2,2,1.0,2
201200040876,0012-03-22 13:00:00,12,3,22,13,0,910,201,REPUBLIQUE (PLACE DE LA),,,Plein jour,En agglomération,Hors intersection,Normale,Deux véhicules - côté,,,,,,,,,,,1,2,1,1.0,3
201200040877,0012-03-23 07:55:00,12,3,23,7,55,910,201,PIERRE BROSSOLETTE (RUE),,,Plein jour,En agglomération,Intersection en X,Normale,Deux véhicules - côté,,,,,,,,,,,1,2,2,1.0,3
201200040878,0012-04-03 10:35:00,12,4,3,10,35,910,201,TERRES FORTES (SENTIERS,,,Plein jour,En agglomération,Intersection en X,Normale,Deux véhicules - côté,,,,,,,,,,,1,2,2,1.0,3
201200040879,0012-04-15 06:55:00,12,4,15,6,55,910,201,FERDINAND BUISSON(RUE),,,Crépuscule ou aube,En agglomération,Hors intersection,Normale,Autre collision,,,,,,,,,,,2,2,1,1.0,6
201200040880,0012-04-19 08:35:00,12,4,19,8,35,910,657,LONGUERAIE (RUE DE LA ),,,Plein jour,En agglomération,Intersection en X,Normale,Deux véhicules - côté,,,,,,,,,,,1,2,2,1.0,3
201200040881,0012-04-19 16:30:00,12,4,19,16,30,910,201,HENRI BARBUSSE(BOULEVARD,,,Plein jour,En agglomération,Hors intersection,Pluie légère,Autre collision,,,,,,,,,,,1,2,1,2.0,6
201200040882,0012-06-12 17:20:00,12,6,12,17,20,910,201,GENERAL DE GAULLE(BOULEV,,,Plein jour,En agglomération,Hors intersection,Normale,Deux véhicules - arrière,,,,,,,,,,,1,2,1,1.0,2
201200040883,0012-05-05 14:55:00,12,5,5,14,55,910,201,BERGERIES(ALLEE DES),,,Plein jour,En agglomération,Hors intersection,Normale,Deux véhicules - arrière,,,,,,,,,,,1,2,1,1.0,2
201200040884,0012-05-07 10:45:00,12,5,7,10,45,910,201,PIERRE BROSSOLETTE (RUE),,,Plein jour,En agglomération,Hors intersection,Normale,Autre collision,,,,,,,,,,,1,2,1,1.0,6
201200040885,0012-05-11 08:00:00,12,5,11,8,0,910,657,TOURELLE (AVENUE DE LA ),,,Plein jour,En agglomération,Hors intersection,Normale,Deux véhicules - arrière,,,,,,,,,,,1,2,1,1.0,2
201200040886,0012-05-12 17:00:00,12,5,12,17,0,910,201,FERDINAND BUISSON(RUE),,,Plein jour,En agglomération,Hors intersection,Normale,Autre collision,,,,,,,,,,,1,2,1,1.0,6
201200040887,0012-05-14 11:45:00,12,5,14,11,45,910,201,REPUBLIQUE (PLACE DE LA),,,Plein jour,En agglomération,Hors intersection,Normale,Trois véhicules et plus - en chaîne,,,,,,,,,,,1,2,1,1.0,4
201200040888,0012-05-26 04:30:00,12,5,26,4,30,910,657,HENRI BARBUSSE (AVENUE),,,Nuit avec éclairage allumé,En agglomération,Hors intersection,Pluie légère,Autre collision,,,,,,,,,,,5,2,1,2.0,6
201200040889,0012-05-30 10:45:00,12,5,30,10,45,910,201,HENRI BARBUSSE(BOULEVARD,,,Plein jour,En agglomération,Hors intersection,Normale,Autre collision,,,,,,,,,,,1,2,1,1.0,6
201200040890,0012-05-31 19:10:00,12,5,31,19,10,910,201,HENRI BARBUSSE(BOULEVARD,,,Plein jour,En agglomération,Hors intersection,Normale,Trois véhicules et plus - collisions multiples,,,,,,,,,,,1,2,1,1.0,5
201200040891,0012-07-02 05:50:00,12,7,2,5,50,910,201,GENERAL DE GAULLE(BOULEV,,,Crépuscule ou aube,En agglomération,Hors intersection,Normale,Autre collision,,,,,,,,,,,2,2,1,1.0,6
201200040892,0012-07-01 12:30:00,12,7,1,12,30,910,201,HETRES(ALLEE DES),,,Plein jour,En agglomération,Hors intersection,Normale,Deux véhicules - côté,,,,,,,,,,,1,2,1,1.0,3
201200040893,0012-06-30 19:15:00,12,6,30,19,15,910,657,HENRI BARBUSSE (AVENUE),,,Plein jour,En agglomération,Hors intersection,Normale,Deux véhicules - côté,,,,,,,,,,,1,2,1,1.0,3
201200040894,0012-07-05 22:00:00,12,7,5,22,0,910,201,GENERAL DE GAULLE(BOULEV,,,Nuit avec éclairage allumé,En agglomération,Hors intersection,Pluie légère,Autre collision,,,,,,,,,,,5,2,1,2.0,6
201200040895,0012-07-08 01:00:00,12,7,8,1,0,910,657,PIERRE MARIN (RUE),,,Nuit avec éclairage allumé,En agglomération,Intersection en X,Pluie légère,Deux véhicules - côté,,,,,,,,,,,5,2,2,2.0,3
201200040896,0012-07-11 13:40:00,12,7,11,13,40,910,657,PIERRE BROSSOLETTE (RUE),,,Plein jour,En agglomération,Hors intersection,Normale,Autre collision,,,,,,,,,,,1,2,1,1.0,6
201200040897,0012-06-16 10:35:00,12,6,16,10,35,910,201,BERGERIES(ALLEE DES),,,Plein jour,En agglomération,Intersection en X,Pluie légère,Deux véhicules - côté,,,,,,,,,,,1,2,2,2.0,3
201200040898,0012-06-26 17:20:00,12,6,26,17,20,910,201,EUGENE DELACROIX(AVENUE),,,Plein jour,En agglomération,Hors intersection,Normale,Autre collision,,,,,,,,,,,1,2,1,1.0,6
201200040899,0012-06-26 18:30:00,12,6,26,18,30,910,657,MAURICE MARION (RUE),,,Plein jour,En agglomération,Intersection en T,Normale,Autre collision,,,,,,,,,,,1,2,3,1.0,6
201200040900,0012-06-28 21:30:00,12,6,28,21,30,910,657,HENRI BARBUSSE (AVENUE),,,Nuit avec éclairage non allumé,En agglomération,Giratoire,Normale,Deux véhicules - côté,,,,,,,,,,,4,2,6,1.0,3
201200040901,0012-06-22 16:00:00,12,6,22,16,0,910,201,GENERAL DE GAULLE(BOULEV,,,Plein jour,En agglomération,Intersection en X,Normale,Deux véhicules - arrière,,,,,,,,,,,1,2,2,1.0,2
201200040902,0012-06-23 14:30:00,12,6,23,14,30,910,657,MOLIERE (RUE),,,Plein jour,En agglomération,Hors intersection,Normale,Deux véhicules - frontale,,,,,,,,,,,1,2,1,1.0,1
201200040903,0012-07-29 12:30:00,12,7,29,12,30,910,201,ONZE NOVEMBRE 1918 ET 8,,,Plein jour,En agglomération,Hors intersection,Normale,Autre collision,,,,,,,,,,,1,2,1,1.0,6
201200040904,0012-08-09 01:30:00,12,8,9,1,30,910,657,HENRI BARBUSSE (AVENUE),,,Nuit sans éclairage public,En agglomération,Hors intersection,Normale,Autre collision,,,,,,,,,,,3,2,1,1.0,6
201200040905,0012-09-05 17:25:00,12,9,5,17,25,910,201,REPUBLIQUE (PLACE DE LA),,,Plein jour,En agglomération,Hors intersection,Normale,Trois véhicules et plus - en chaîne,,,,,,,,,,,1,2,1,1.0,4
201200040906,0012-07-22 18:35:00,12,7,22,18,35,910,201,HENRI BARBUSSE(BOULEVARD,,,Plein jour,En agglomération,Hors intersection,Normale,Deux véhicules - arrière,,,,,,,,,,,1,2,1,1.0,2
201200040907,0012-09-21 19:55:00,12,9,21,19,55,910,201,GENERAL DE GAULLE(BOULEV,,,Nuit avec éclairage allumé,En agglomération,Hors intersection,Pluie légère,Deux véhicules - arrière,,,,,,,,,,,5,2,1,2.0,2
201200040908,0012-08-08 16:10:00,12,8,8,16,10,910,201,GENERAL DE GAULLE(BOULEV,,,Plein jour,En agglomération,Hors intersection,Normale,Deux véhicules - frontale,,,,,,,,,,,1,2,1,1.0,1
201200040909,0012-08-10 18:49:00,12,8,10,18,49,910,201,HENRI BARBUSSE(BOULEVARD,,,Plein jour,En agglomération,Hors intersection,Normale,Deux véhicules - côté,,,,,,,,,,,1,2,1,1.0,3
201200040910,0012-08-26 15:00:00,12,8,26,15,0,910,201,CHARMILLES(AVENUE DES),,,Plein jour,En agglomération,Intersection en T,Normale,Deux véhicules - côté,,,,,,,,,,,1,2,3,1.0,3
201200040911,0012-08-30 14:30:00,12,8,30,14,30,910,657,GEORGES BETEMPS (RUE),,,Plein jour,En agglomération,Intersection en X,Normale,Deux véhicules - côté,,,,,,,,,,,1,2,2,1.0,3
201200040912,0012-10-09 21:00:00,12,10,9,21,0,910,657,HENRI BARBUSSE (AVENUE),,,Nuit avec éclairage allumé,En agglomération,Hors intersection,Pluie légère,Autre collision,,,,,,,,,,,5,2,1,2.0,6
201200040913,0012-10-08 21:00:00,12,10,8,21,0,910,657,"31, ROGER SALENGRO (RUE)",,,Nuit avec éclairage allumé,En agglomération,Hors intersection,Normale,Autre collision,,,,,,,,,,,5,2,1,1.0,6
201200040914,0012-09-29 12:15:00,12,9,29,12,15,910,201,"55, HENRI BARBUSSE(BOULE",,,Plein jour,En agglomération,Hors intersection,Normale,Deux véhicules - côté,,,,,,,,,,,1,2,1,1.0,3
201200040915,0012-09-08 19:25:00,12,9,8,19,25,910,201,CHATILLON(RUE DE ),,,Plein jour,En agglomération,Hors intersection,Normale,Trois véhicules et plus - en chaîne,,,,,,,,,,,1,2,1,1.0,4
201200040916,0012-09-13 08:35:00,12,9,13,8,35,910,657,EUGENE VARLIN (RUE),,,Plein jour,En agglomération,Intersection en T,Normale,Deux véhicules - côté,,,,,,,,,,,1,2,3,1.0,3
201200040917,0012-09-15 17:20:00,12,9,15,17,20,910,201,VILLIERS ( AVENUE DE ),,,Plein jour,En agglomération,Hors intersection,Normale,Autre collision,,,,,,,,,,,1,2,1,1.0,6
201200040918,0012-09-15 19:55:00,12,9,15,19,55,910,201,JACQUELINE JEUNON(RUE),,,Crépuscule ou aube,En agglomération,Hors intersection,Normale,Deux véhicules - côté,,,,,,,,,,,2,2,1,1.0,3
201200040919,0012-09-03 10:00:00,12,9,3,10,0,910,201,VERCORS (ALLEE DU ),,,Plein jour,En agglomération,Intersection en X,Normale,Deux véhicules - côté,,,,,,,,,,,1,2,2,1.0,3
201200040920,0012-10-24 00:45:00,12,10,24,0,45,910,201,VCTOR HUGO (RUE),,,Nuit sans éclairage public,En agglomération,Hors intersection,Normale,Autre collision,,,,,,,,,,,3,2,1,1.0,6
201200040921,0012-11-02 18:00:00,12,11,2,18,0,910,201,ARMES(PLACE D'),,,Crépuscule ou aube,En agglomération,Hors intersection,Normale,Autre collision,,,,,,,,,,,2,2,1,1.0,6
201200040922,0012-09-17 11:00:00,12,9,17,11,0,910,657,PRESIDENT ROBERT LAKOTA,,,Plein jour,En agglomération,Intersection en X,Normale,Deux véhicules - côté,,,,,,,,,,,1,2,2,1.0,3
201200040923,0012-09-19 11:50:00,12,9,19,11,50,910,201,PIERRE BROSSOLETTE (RUE),,,Plein jour,En agglomération,Intersection en T,Normale,Deux véhicules - côté,,,,,,,,,,,1,2,3,1.0,3
201200040924,0012-09-28 16:10:00,12,9,28,16,10,910,201,REPUBLIQUE (PLACE DE LA),,,Plein jour,En agglomération,Hors intersection,Normale,Autre collision,,,,,,,,,,,1,2,1,1.0,6
201200040925,0012-11-09 18:30:00,12,11,9,18,30,910,657,HENRI BARBUSSE (AVENUE),,,Nuit avec éclairage allumé,En agglomération,Hors intersection,Normale,Autre collision,,,,,,,,,,,5,2,1,1.0,6
201200040926,0012-11-20 18:05:00,12,11,20,18,5,910,201,HENRI BARBUSSE(BOULEVARD,,,Nuit avec éclairage allumé,En agglomération,Hors intersection,Normale,Autre collision,,,,,,,,,,,5,2,1,1.0,6
201200040927,0012-11-15 16:30:00,12,11,15,16,30,910,657,CHEVREFEUILLES (RUE DES,,,Plein jour,En agglomération,Hors intersection,Normale,Autre collision,,,,,,,,,,,1,2,1,1.0,6
201200040928,0012-11-29 11:25:00,12,11,29,11,25,910,201,EUROPE(AVENUE DE L'),,,Plein jour,En agglomération,Hors intersection,Pluie légère,Deux véhicules - arrière,,,,,,,,,,,1,2,1,2.0,2
201200040929,0012-10-27 18:50:00,12,10,27,18,50,910,201,HENRI BARBUSSE(BOULEVARD,,,Nuit avec éclairage allumé,En agglomération,Hors intersection,Normale,Autre collision,,,,,,,,,,,5,2,1,1.0,6
201200040930,0012-12-10 11:45:00,12,12,10,11,45,910,201,GABRIEL PERI(RUE),,,Plein jour,En agglomération,Intersection en X,Normale,Deux véhicules - côté,,,,,,,,,,,1,2,2,1.0,3
201200040931,0012-12-20 06:00:00,12,12,20,6,0,910,201,AV EUROPE-DRAVEIL,,,Nuit avec éclairage allumé,En agglomération,Hors intersection,Pluie légère,Autre collision,,,,,,,,,,,5,2,1,2.0,6
201200040932,0012-12-21 07:20:00,12,12,21,7,20,910,657,AV TOURELLE-VIGNEUX,,,Crépuscule ou aube,En agglomération,Hors intersection,Pluie légère,Autre collision,,,,,,,,,,,2,2,1,2.0,6
201200040933,0012-12-27 15:05:00,12,12,27,15,5,910,201,DOCTEUR DESBORDES(RUE DU,,,Plein jour,En agglomération,Hors intersection,Pluie légère,Deux véhicules - côté,,,,,,,,,,,1,2,1,2.0,3
201200040934,0012-01-01 16:26:00,12,1,1,16,26,910,223,"4, AV G. ST HILAIRE",,,Plein jour,En agglomération,Hors intersection,Normale,Autre collision,,,,,,,,,,,1,2,1,1.0,6
201200040935,0012-01-04 12:10:00,12,1,4,12,10,910,223,"3, JUIVERIE (RUE DE LA)",,,Plein jour,En agglomération,Hors intersection,Normale,Autre collision,,,,,,,,,,,1,2,1,1.0,6
201200040936,0012-01-08 12:45:00,12,1,8,12,45,910,223,R.N.20,,,Plein jour,Hors agglomération,Hors intersection,Normale,Deux véhicules - arrière,,,,,,,,,,,1,1,1,1.0,2
201200040937,0012-01-14 07:00:00,12,1,14,7,0,910,433,CD 837,,,Nuit sans éclairage public,Hors agglomération,Hors intersection,Normale,Sans collision,,,,,,,,,,,3,1,1,1.0,7
201200040938,0012-01-14 08:25:00,12,1,14,8,25,910,433,CD 837,,,Plein jour,Hors agglomération,Hors intersection,Normale,Autre collision,,,,,,,,,,,1,1,1,1.0,6
201200040939,0012-01-17 09:00:00,12,1,17,9,0,910,223,C.D. 836,,,Plein jour,Hors agglomération,Intersection en T,Normale,Deux véhicules - côté,,,,,,,,,,,1,1,3,1.0,3
201200040940,0012-01-19 18:40:00,12,1,19,18,40,910,223,R.N.20,,,Nuit sans éclairage public,Hors agglomération,Hors intersection,Normale,Sans collision,,,,,,,,,,,3,1,1,1.0,7
201200040941,0012-01-20 14:15:00,12,1,20,14,15,910,223,R.N.20,,,Plein jour,Hors agglomération,Hors intersection,Normale,Sans collision,,,,,,,,,,,1,1,1,1.0,7
201200040942,0012-01-22 00:55:00,12,1,22,0,55,910,223,"10, BERCHERE (BOULEVARD)",,,Nuit avec éclairage allumé,En agglomération,Hors intersection,Normale,Autre collision,,,,,,,,,,,5,2,1,1.0,6
201200040943,0012-01-22 03:30:00,12,1,22,3,30,910,469,"20, CARNAUX (RUE DES)",,,Nuit avec éclairage non allumé,En agglomération,Hors intersection,Normale,Autre collision,,,,,,,,,,,4,2,1,1.0,6
201200040944,0012-01-22 21:10:00,12,1,22,21,10,910,223,"2, VICTOIRE (ROND-POINT",,,Nuit avec éclairage allumé,En agglomération,Intersection en Y,Normale,Deux véhicules - côté,,,,,,,,,,,5,2,4,1.0,3
201200040945,0012-01-24 11:35:00,12,1,24,11,35,910,223,R.N.20,,,Plein jour,Hors agglomération,Hors intersection,Normale,Autre collision,,,,,,,,,,,1,1,1,1.0,6
201200040946,0012-01-26 16:30:00,12,1,26,16,30,910,433,RD 191,,,Plein jour,Hors agglomération,Hors intersection,Pluie légère,Sans collision,,,,,,,,,,,1,1,1,2.0,7
201200040947,0012-02-03 11:00:00,12,2,3,11,0,910,433,RD 191,,,Plein jour,Hors agglomération,Hors intersection,Normale,Sans collision,,,,,,,,,,,1,1,1,1.0,7
201200040948,0012-02-03 18:20:00,12,2,3,18,20,910,433,CD 17,,,Nuit avec éclairage allumé,En agglomération,Hors intersection,Normale,Deux véhicules - frontale,,,,,,,,,,,5,2,1,1.0,1
201200040949,0012-02-13 20:37:00,12,2,13,20,37,910,223,8 MAI 1945 (AVENUE DU,,,Nuit avec éclairage allumé,En agglomération,Hors intersection,Normale,Deux véhicules - arrière,,,,,,,,,,,5,2,1,1.0,2
201200040950,0012-02-19 17:10:00,12,2,19,17,10,910,223,"1, COMTE (RUE AU)",,,Plein jour,En agglomération,Hors intersection,Normale,Autre collision,,,,,,,,,,,1,2,1,1.0,6
201200040951,0012-02-24 09:25:00,12,2,24,9,25,910,433,CD 837,,,Plein jour,Hors agglomération,Hors intersection,Autre,Trois véhicules et plus - collisions multiples,,,,,,,,,,,1,1,1,9.0,5
201200040952,0012-03-01 06:00:00,12,3,1,6,0,910,223,LYS (RUE DES),,,Nuit avec éclairage allumé,En agglomération,Giratoire,Brouillard / fumée,Autre collision,,,,,,,,,,,5,2,6,5.0,6
201200040953,0012-03-07 15:50:00,12,3,7,15,50,910,433,CD 837,,,Plein jour,Hors agglomération,Hors intersection,Normale,Sans collision,,,,,,,,,,,1,1,1,1.0,7
201200040954,0012-03-08 07:55:00,12,3,8,7,55,910,223,"1, LYS (RUE DES)",,,Plein jour,En agglomération,Hors intersection,Autre,Sans collision,,,,,,,,,,,1,2,1,9.0,7
201200040955,0012-03-09 09:50:00,12,3,9,9,50,910,433,R.N. 20,,,Plein jour,Hors agglomération,Hors intersection,Normale,Autre collision,,,,,,,,,,,1,1,1,1.0,6
201200040956,0012-03-10 08:25:00,12,3,10,8,25,910,109,COCHET (RUE DU),,,Plein jour,En agglomération,Hors intersection,Normale,Sans collision,,,,,,,,,,,1,2,1,1.0,7
201200040957,0012-03-17 16:40:00,12,3,17,16,40,910,433,RD 191,,,Plein jour,Hors agglomération,Giratoire,Normale,Sans collision,,,,,,,,,,,1,1,6,1.0,7
201200040958,0012-03-18 10:50:00,12,3,18,10,50,910,223,PARKING CARREFOUR MARKET,,,Plein jour,En agglomération,Place,Normale,Deux véhicules - côté,,,,,,,,,,,1,2,7,1.0,3
201200040959,0012-03-21 09:05:00,12,3,21,9,5,910,223,"92, REPUBLIQUE (RUE DE L",,,Plein jour,En agglomération,Hors intersection,Normale,Sans collision,,,,,,,,,,,1,2,1,1.0,7
201200040960,0012-03-31 16:45:00,12,3,31,16,45,910,223,"48, PRES (PROMENADE DES)",,,Plein jour,En agglomération,Hors intersection,Normale,Sans collision,,,,,,,,,,,1,2,1,1.0,7
201200040961,0012-04-06 16:50:00,12,4,6,16,50,910,223,"45, HENRI IV (BOULEVARD)",,,Plein jour,En agglomération,Hors intersection,Normale,Autre collision,,,,,,,,,,,1,2,1,1.0,6
201200040962,0012-04-13 15:00:00,12,4,13,15,0,910,223,"11, PARIS (AVENUE DE)",,,Plein jour,En agglomération,Giratoire,Normale,Deux véhicules - côté,,,,,,,,,,,1,2,6,1.0,3
201200040963,0012-04-14 17:30:00,12,4,14,17,30,910,223,VICTOIRE (ROND-POINT),,,Plein jour,En agglomération,Giratoire,Normale,Deux véhicules - arrière,,,,,,,,,,,1,2,6,1.0,2
201200040964,0012-04-18 16:10:00,12,4,18,16,10,910,223,RD 191,,,Plein jour,En agglomération,Giratoire,Normale,Autre collision,,,,,,,,,,,1,2,6,1.0,6
201200040965,0012-04-28 16:10:00,12,4,28,16,10,910,223,"15, MAI 1945 (AVENUE DU",,,Plein jour,En agglomération,Intersection en T,Normale,Trois véhicules et plus - en chaîne,,,,,,,,,,,1,2,3,1.0,4
201200040966,0012-04-28 19:10:00,12,4,28,19,10,910,433,CD 837,,,Plein jour,Hors agglomération,Hors intersection,Normale,Autre collision,,,,,,,,,,,1,1,1,1.0,6
201200040967,0012-05-05 16:25:00,12,5,5,16,25,910,223,RD 191,,,Plein jour,Hors agglomération,Hors intersection,Normale,Sans collision,,,,,,,,,,,1,1,1,1.0,7
201200040968,0012-05-14 07:55:00,12,5,14,7,55,910,433,AUVERS (RUE D'),,,Plein jour,En agglomération,Intersection en T,Normale,Deux véhicules - côté,,,,,,,,,,,1,2,3,1.0,3
201200040969,0012-05-16 20:55:00,12,5,16,20,55,910,223,R.N.20,,,Plein jour,Hors agglomération,Hors intersection,Normale,Sans collision,,,,,,,,,,,1,1,1,1.0,7
201200040970,0012-05-19 14:00:00,12,5,19,14,0,910,223,PARIS (AVENUE DE),,,Plein jour,En agglomération,Giratoire,Normale,Autre collision,,,,,,,,,,,1,2,6,1.0,6
201200040971,0012-05-22 11:00:00,12,5,22,11,0,910,223,"37, HAUT PAVE (RUE DU)",,,Plein jour,En agglomération,Hors intersection,Normale,Autre collision,,,,,,,,,,,1,2,1,1.0,6
201200040972,0012-05-26 09:40:00,12,5,26,9,40,910,223,RD 191,,,Plein jour,En agglomération,Hors intersection,Normale,Deux véhicules - arrière,,,,,,,,,,,1,2,1,1.0,2
201200040973,0012-05-30 09:30:00,12,5,30,9,30,910,223,R.N.20,,,Plein jour,Hors agglomération,Hors intersection,Normale,Deux véhicules - côté,,,,,,,,,,,1,1,1,1.0,3
201200040974,0012-05-31 08:35:00,12,5,31,8,35,910,223,"1, CHAUFFOUR (RUE DE)",,,Plein jour,En agglomération,Intersection en T,Normale,Autre collision,,,,,,,,,,,1,2,3,1.0,6
201200040975,0012-05-31 17:20:00,12,5,31,17,20,910,223,R.N.20,,,Plein jour,Hors agglomération,Hors intersection,Normale,Autre collision,,,,,,,,,,,1,1,1,1.0,6
201200040976,0012-06-11 07:55:00,12,6,11,7,55,910,433,CD 837,,,Plein jour,Hors agglomération,Hors intersection,Pluie légère,Sans collision,,,,,,,,,,,1,1,1,2.0,7
201200040977,0012-06-13 08:15:00,12,6,13,8,15,910,223,"1, CHARPENTIER (AV Theod",,,Plein jour,En agglomération,Hors intersection,Normale,Deux véhicules - frontale,,,,,,,,,,,1,2,1,1.0,1
201200040978,0012-06-21 02:25:00,12,6,21,2,25,910,433,R.N. 20,,,Nuit sans éclairage public,Hors agglomération,Hors intersection,Normale,Autre collision,,,,,,,,,,,3,1,1,1.0,6
201200040979,0012-06-23 13:45:00,12,6,23,13,45,910,223,DE GAULLE (AVENUE CHARLE,,,Plein jour,Hors agglomération,Giratoire,Normale,Deux véhicules - frontale,,,,,,,,,,,1,1,6,1.0,1
201200040980,0012-06-29 10:45:00,12,6,29,10,45,910,223,"90, SAINT MICHEL (BOULEV",,,Plein jour,En agglomération,Hors intersection,Normale,Deux véhicules - côté,,,,,,,,,,,1,2,1,1.0,3
201200040981,0012-06-28 20:00:00,12,6,28,20,0,910,223,PASTEUR (BOULEVARD),,,Plein jour,En agglomération,Hors intersection,Normale,Autre collision,,,,,,,,,,,1,2,1,1.0,6
201200040982,0012-07-01 15:25:00,12,7,1,15,25,910,433,RD 191,,,Plein jour,Hors agglomération,Giratoire,Normale,Deux véhicules - côté,,,,,,,,,,,1,1,6,1.0,3
201200040983,0012-07-03 19:00:00,12,7,3,19,0,910,223,R.D.721,,,Plein jour,Hors agglomération,Intersection en X,Normale,Deux véhicules - côté,,,,,,,,,,,1,1,2,1.0,3
201200040984,0012-07-05 18:25:00,12,7,5,18,25,910,223,RD 191,,,Plein jour,Hors agglomération,Giratoire,Pluie légère,Deux véhicules - frontale,,,,,,,,,,,1,1,6,2.0,1
201200040985,0012-07-05 18:50:00,12,7,5,18,50,910,223,"16, MAI 1945 (AVENUE DU",,,Plein jour,En agglomération,Hors intersection,Normale,Deux véhicules - frontale,,,,,,,,,,,1,2,1,1.0,1
201200040986,0012-07-09 16:13:00,12,7,9,16,13,910,223,LYS (RUE DES),,,Plein jour,En agglomération,Giratoire,Normale,Deux véhicules - côté,,,,,,,,,,,1,2,6,1.0,3
201200040987,0012-07-09 21:30:00,12,7,9,21,30,910,433,RD 191,,,Plein jour,Hors agglomération,Hors intersection,Normale,Sans collision,,,,,,,,,,,1,1,1,1.0,7
201200040988,0012-07-12 19:00:00,12,7,12,19,0,910,223,DE GAULLE (AVENUE CHARLE,,,Plein jour,Hors agglomération,Intersection en T,Normale,Deux véhicules - côté,,,,,,,,,,,1,1,3,1.0,3
201200040989,0012-07-22 10:05:00,12,7,22,10,5,910,223,"1, MAI 1945 (AVENUE DU 8",,,Plein jour,En agglomération,Hors intersection,Normale,Trois véhicules et plus - en chaîne,,,,,,,,,,,1,2,1,1.0,4
201200040990,0012-07-31 14:45:00,12,7,31,14,45,910,223,"10, MOREAU (RUE LOUIS)",,,Plein jour,En agglomération,Intersection en T,Normale,Deux véhicules - côté,,,,,,,,,,,1,2,3,1.0,3
201200040991,0012-08-05 19:00:00,12,8,5,19,0,910,223,R.N.20,,,Plein jour,Hors agglomération,Hors intersection,Normale,Sans collision,,,,,,,,,,,1,1,1,1.0,7