accident_id,datetime,annee,mois,jour,heure,minute,departement,commune_insee,adresse,latitude,longitude,luminosite,agglomeration,intersection,meteo,collision,nb_vehicules,nb_usagers,nb_indemnes,nb_tues,nb_blesses_hosp,nb_blesses_legers,age_cond_1,age_cond_2,veh_type_cond_1,veh_type_cond_2,lum_code,agg_code,int_code,atm_code,col_code
201200041124,0012-01-03 20:30:00,12,1,3,20,30,910,691,PIERRE DE COUBERTIN(RUE),,,Nuit sans éclairage public,En agglomération,Hors intersection,Vent fort / tempête,Autre collision,,,,,,,,,,,3,2,1,6.0,6
201200041125,0012-01-13 22:00:00,12,1,13,22,0,910,191,JEAN JAURES (AVENUE),,,Nuit avec éclairage allumé,En agglomération,Hors intersection,Normale,Autre collision,,,,,,,,,,,5,2,1,1.0,6
201200041126,0012-01-18 10:30:00,12,1,18,10,30,910,691,ABBAYE(RUE),,,Plein jour,En agglomération,Hors intersection,Normale,Autre collision,,,,,,,,,,,1,2,1,1.0,6
201200041127,0012-01-18 14:40:00,12,1,18,14,40,910,191,LEON JOUHAUX (AVENUE),,,Plein jour,En agglomération,Hors intersection,Normale,Deux véhicules - frontale,,,,,,,,,,,1,2,1,1.0,1
201200041128,0012-01-17 08:50:00,12,1,17,8,50,910,191,VIEUX CHATEAU (RUE DU),,,Plein jour,En agglomération,Hors intersection,Normale,Deux véhicules - frontale,,,,,,,,,,,1,2,1,1.0,1
201200041129,0012-01-27 16:30:00,12,1,27,16,30,910,691,CD 94,,,Plein jour,En agglomération,Hors intersection,Normale,Autre collision,,,,,,,,,,,1,2,1,1.0,6
201200041130,0012-02-02 20:05:00,12,2,2,20,5,910,421,CORBEIL (ROUTE DE),,,Nuit avec éclairage non allumé,En agglomération,Hors intersection,Normale,Autre collision,,,,,,,,,,,4,2,1,1.0,6
201200041131,0012-02-11 10:30:00,12,2,11,10,30,910,421,REPUBLIQUE (AVENUE DE LA,,,Plein jour,En agglomération,Hors intersection,Normale,Deux véhicules - arrière,,,,,,,,,,,1,2,1,1.0,2
201200041132,0012-02-11 09:50:00,12,2,11,9,50,910,421,REPUBLIQUE (AVENUE DE LA,,,Plein jour,En agglomération,Intersection en T,Normale,Deux véhicules - côté,,,,,,,,,,,1,2,3,1.0,3
201200041133,0012-02-17 16:55:00,12,2,17,16,55,910,691,"69, GABRIEL PERI(RUE) DU",,,Plein jour,En agglomération,Hors intersection,Normale,Deux véhicules - arrière,,,,,,,,,,,1,2,1,1.0,2
201200041134,0012-02-17 19:55:00,12,2,17,19,55,910,421,JOSEPH PIETTE (PLACE) (P,,,Nuit avec éclairage allumé,En agglomération,Hors intersection,Normale,Deux véhicules - arrière,,,,,,,,,,,5,2,1,1.0,2
201200041135,0012-02-22 08:20:00,12,2,22,8,20,910,691,YERRES(RUE),,,Plein jour,En agglomération,Hors intersection,Normale,Deux véhicules - côté,,,,,,,,,,,1,2,1,1.0,3
201200041136,0012-02-22 08:20:00,12,2,22,8,20,910,421,"41 TER, YERRES (RUE D')",,,Crépuscule ou aube,En agglomération,Hors intersection,Normale,Deux véhicules - côté,,,,,,,,,,,2,2,1,1.0,3
201200041137,0012-02-18 10:30:00,12,2,18,10,30,910,421,"65, REPUBLIQUE (AVENUE D",,,Plein jour,En agglomération,Hors intersection,Normale,Deux véhicules - arrière,,,,,,,,,,,1,2,1,1.0,2
201200041138,0012-03-02 05:50:00,12,3,2,5,50,910,691,1 GABRIEL PERI(RUE),,,Nuit avec éclairage allumé,En agglomération,Hors intersection,Normale,Sans collision,,,,,,,,,,,5,2,1,1.0,7
201200041139,0012-03-02 13:55:00,12,3,2,13,55,910,691,CD 94,,,Plein jour,En agglomération,Hors intersection,Normale,Deux véhicules - arrière,,,,,,,,,,,1,2,1,1.0,2
201200041140,0012-03-02 17:00:00,12,3,2,17,0,910,421,BAC D'ABLON (RUE DU),,,Plein jour,En agglomération,Hors intersection,Normale,Deux véhicules - côté,,,,,,,,,,,1,2,1,1.0,3
201200041141,0012-03-20 18:10:00,12,3,20,18,10,910,691,1 GABRIEL PERI(RUE),,,Plein jour,En agglomération,Hors intersection,Normale,Deux véhicules - arrière,,,,,,,,,,,1,2,1,1.0,2
201200041142,0012-03-22 11:35:00,12,3,22,11,35,910,691,AV GENERAL LECLERC,,,Plein jour,En agglomération,Hors intersection,Normale,Sans collision,,,,,,,,,,,1,2,1,1.0,7
201200041143,0012-03-29 14:10:00,12,3,29,14,10,910,691,RAYMOND POINCARE(RUE),,,Plein jour,En agglomération,Hors intersection,Normale,Deux véhicules - arrière,,,,,,,,,,,1,2,1,1.0,2
201200041144,0012-03-24 08:30:00,12,3,24,8,30,910,691,GARE(RUE),,,Plein jour,En agglomération,Hors intersection,Normale,Autre collision,,,,,,,,,,,1,2,1,1.0,6
201200041145,0012-03-27 19:20:00,12,3,27,19,20,910,421,CHARLES DE GAULLE (AVENU,,,Plein jour,En agglomération,Hors intersection,Normale,Trois véhicules et plus - en chaîne,,,,,,,,,,,1,2,1,1.0,4
201200041146,0012-04-05 09:40:00,12,4,5,9,40,910,691,GABRIEL PERI(RUE) DU 1,,,Plein jour,En agglomération,Intersection en X,Normale,Deux véhicules - côté,,,,,,,,,,,1,2,2,1.0,3
201200041147,0012-04-13 09:00:00,12,4,13,9,0,910,421,REPUBLIQUE (AVENUE DE LA,,,Plein jour,En agglomération,Intersection en T,Normale,Trois véhicules et plus - collisions multiples,,,,,,,,,,,1,2,3,1.0,5
201200041148,0012-03-27 14:50:00,12,3,27,14,50,910,691,PIERRE DE COUBERTIN(RUE),,,Plein jour,En agglomération,Hors intersection,Normale,Sans collision,,,,,,,,,,,1,2,1,1.0,7
201200041149,0012-05-03 08:25:00,12,5,3,8,25,910,421,MAINVILLE (RUE DE),,,Plein jour,En agglomération,Hors intersection,Pluie forte,Autre collision,,,,,,,,,,,1,2,1,3.0,6
201200041150,0012-05-10 17:35:00,12,5,10,17,35,910,421,ROUVRES (RUE DE),,,Plein jour,En agglomération,Intersection en X,Normale,Deux véhicules - frontale,,,,,,,,,,,1,2,2,1.0,1
201200041151,0012-05-12 18:15:00,12,5,12,18,15,910,421,CHARLES DE GAULLE (AVENU,,,Plein jour,En agglomération,Intersection en X,Normale,Deux véhicules - côté,,,,,,,,,,,1,2,2,1.0,3
201200041152,0012-05-11 18:25:00,12,5,11,18,25,910,691,VOLTAIRE(RUE),,,Plein jour,En agglomération,Intersection en X,Normale,Deux véhicules - côté,,,,,,,,,,,1,2,2,1.0,3
201200041153,0012-04-26 18:15:00,12,4,26,18,15,910,191,JEAN JAURES (AVENUE),,,Plein jour,En agglomération,Hors intersection,Normale,Trois véhicules et plus - en chaîne,,,,,,,,,,,1,2,1,1.0,4
201200041154,0012-05-18 10:30:00,12,5,18,10,30,910,421,REPUBLIQUE (AVENUE DE LA,,,Plein jour,En agglomération,Hors intersection,Normale,Deux véhicules - arrière,,,,,,,,,,,1,2,1,1.0,2
201200041155,0012-05-18 16:15:00,12,5,18,16,15,910,421,REPUBLIQUE (AVENUE DE LA,,,Plein jour,En agglomération,Hors intersection,Normale,Deux véhicules - côté,,,,,,,,,,,1,2,1,1.0,3
201200041156,0012-05-31 21:00:00,12,5,31,21,0,910,421,CHARLES DE GAULLE (AVENU,,,Plein jour,En agglomération,Hors intersection,Normale,Trois véhicules et plus - en chaîne,,,,,,,,,,,1,2,1,1.0,4
201200041157,0012-04-29 20:40:00,12,4,29,20,40,910,421,REPUBLIQUE (AV),,,Plein jour,En agglomération,Hors intersection,Normale,Deux véhicules - côté,,,,,,,,,,,1,2,1,1.0,3
201200041158,0012-04-26 18:15:00,12,4,26,18,15,910,191,JEAN JAURES (AVENUE),,,Plein jour,En agglomération,Hors intersection,Normale,Trois véhicules et plus - en chaîne,,,,,,,,,,,1,2,1,1.0,4
201200041159,0012-06-04 12:20:00,12,6,4,12,20,910,421,GLACIERE (RUE DE LA),,,Plein jour,En agglomération,Hors intersection,Normale,Autre collision,,,,,,,,,,,1,2,1,1.0,6
201200041160,0012-06-12 18:00:00,12,6,12,18,0,910,421,CUVRAY (RUE DE),,,Plein jour,En agglomération,Hors intersection,Normale,Autre collision,,,,,,,,,,,1,2,1,1.0,6
201200041161,0012-06-15 10:25:00,12,6,15,10,25,910,421,"33, YERRES (RUE D')",,,Plein jour,En agglomération,Hors intersection,Normale,Deux véhicules - frontale,,,,,,,,,,,1,2,1,1.0,1
201200041162,0012-06-20 19:00:00,12,6,20,19,0,910,691,GABRIEL PERI(RUE) DU N7,,,Plein jour,En agglomération,Hors intersection,Normale,Deux véhicules - côté,,,,,,,,,,,1,2,1,1.0,3
201200041163,0012-06-16 17:00:00,12,6,16,17,0,910,421,NATIONALE 6 (REVEIL MATI,,,Plein jour,Hors agglomération,Hors intersection,Normale,Trois véhicules et plus - en chaîne,,,,,,,,,,,1,1,1,1.0,4
201200041164,0012-06-25 16:55:00,12,6,25,16,55,910,421,RENE CASSIN (RUE),,,Plein jour,En agglomération,Hors intersection,Normale,Autre collision,,,,,,,,,,,1,2,1,1.0,6
201200041165,0012-06-19 16:50:00,12,6,19,16,50,910,691,BERNARD HERAULT(RUE),,,Plein jour,En agglomération,Hors intersection,Normale,Autre collision,,,,,,,,,,,1,2,1,1.0,6
201200041166,0012-06-28 18:50:00,12,6,28,18,50,910,691,GUY GOTTHELF(RUE),,,Plein jour,Hors agglomération,Hors intersection,Normale,Deux véhicules - côté,,,,,,,,,,,1,1,1,1.0,3
201200041167,0012-07-03 17:10:00,12,7,3,17,10,910,421,"02, CORBEIL (ROUTE DE)",,,Plein jour,En agglomération,Hors intersection,Normale,Deux véhicules - arrière,,,,,,,,,,,1,2,1,1.0,2
201200041168,0012-07-04 17:50:00,12,7,4,17,50,910,691,CD 94,,,Plein jour,En agglomération,Hors intersection,Normale,Deux véhicules - arrière,,,,,,,,,,,1,2,1,1.0,2
201200041169,0012-07-08 21:00:00,12,7,8,21,0,910,421,CENTRE COMMERCIAL,,,Plein jour,En agglomération,Hors intersection,Normale,Deux véhicules - arrière,,,,,,,,,,,1,2,1,1.0,2
201200041170,0012-07-09 13:10:00,12,7,9,13,10,910,421,"39, VIGNEUX (AVENUE)",,,Plein jour,En agglomération,Hors intersection,Normale,Autre collision,,,,,,,,,,,1,2,1,1.0,6
201200041171,0012-07-12 17:00:00,12,7,12,17,0,910,421,NATIONALE 6 (GLACIERE),,,Plein jour,Hors agglomération,Hors intersection,Pluie légère,Trois véhicules et plus - en chaîne,,,,,,,,,,,1,1,1,2.0,4
201200041172,0012-07-14 14:15:00,12,7,14,14,15,910,421,NATIONALE 6 (GLACIERE),,,Plein jour,Hors agglomération,Hors intersection,Normale,Sans collision,,,,,,,,,,,1,1,1,1.0,7
201200041173,0012-07-14 21:20:00,12,7,14,21,20,910,691,VICTOR HUGO(RUE),,,Crépuscule ou aube,En agglomération,Giratoire,Normale,Deux véhicules - côté,,,,,,,,,,,2,2,6,1.0,3
201200041174,0012-07-18 20:15:00,12,7,18,20,15,910,421,"35, RAYMOND PAUMIER (R)",,,Plein jour,En agglomération,Hors intersection,Normale,Deux véhicules - côté,,,,,,,,,,,1,2,1,1.0,3
201200041175,0012-07-26 18:40:00,12,7,26,18,40,910,421,"46, JEAN JAURES (AVENUE)",,,Plein jour,En agglomération,Hors intersection,Normale,Deux véhicules - côté,,,,,,,,,,,1,2,1,1.0,3
201200041176,0012-07-31 09:20:00,12,7,31,9,20,910,421,CHARLES DE GAULLE (AVENU,,,Plein jour,En agglomération,Hors intersection,Normale,Deux véhicules - frontale,,,,,,,,,,,1,2,1,1.0,1
201200041177,0012-08-10 18:15:00,12,8,10,18,15,910,421,NATIONALE 6 (REVEIL MATI,,,Plein jour,Hors agglomération,Hors intersection,Normale,Deux véhicules - côté,,,,,,,,,,,1,1,1,1.0,3
201200041178,0012-08-30 18:17:00,12,8,30,18,17,910,691,Rond point de la France,,,Plein jour,En agglomération,Giratoire,Normale,Deux véhicules - côté,,,,,,,,,,,1,2,6,1.0,3
201200041179,0012-09-01 17:00:00,12,9,1,17,0,910,421,NATIONALE 6 (GLACIERE),,,Plein jour,Hors agglomération,Hors intersection,Normale,Deux véhicules - côté,,,,,,,,,,,1,1,1,1.0,3
201200041180,0012-09-16 02:05:00,12,9,16,2,5,910,691,"70, GABRIEL PERI(RUE) DU",,,Nuit avec éclairage non allumé,En agglomération,Hors intersection,Normale,Deux véhicules - arrière,,,,,,,,,,,4,2,1,1.0,2
201200041181,0012-09-17 09:00:00,12,9,17,9,0,910,421,NATIONALE 6 (REVEIL MATI,,,Plein jour,Hors agglomération,Hors intersection,Normale,Trois véhicules et plus - collisions multiples,,,,,,,,,,,1,1,1,1.0,5
201200041182,0012-09-19 15:55:00,12,9,19,15,55,910,421,SELLIER (BOULEVARD),,,Plein jour,En agglomération,Hors intersection,Normale,Deux véhicules - côté,,,,,,,,,,,1,2,1,1.0,3
201200041183,0012-09-24 07:50:00,12,9,24,7,50,910,421,NATIONALE 6 (REVEIL MATI,,,Plein jour,Hors agglomération,Hors intersection,Normale,Deux véhicules - arrière,,,,,,,,,,,1,1,1,1.0,2
201200041184,0012-09-24 16:50:00,12,9,24,16,50,910,691,MARCEAU BAILLIOTI(RUE),,,Plein jour,En agglomération,Hors intersection,Normale,Autre collision,,,,,,,,,,,1,2,1,1.0,6
201200041185,0012-09-25 21:25:00,12,9,25,21,25,910,691,MARECHAL JUINI(RUE),,,Nuit avec éclairage allumé,En agglomération,Giratoire,Normale,Deux véhicules - côté,,,,,,,,,,,5,2,6,1.0,3
201200041186,0012-09-27 14:25:00,12,9,27,14,25,910,191,"38, JEAN JAURES (AVENUE)",,,Plein jour,En agglomération,Hors intersection,Normale,Autre collision,,,,,,,,,,,1,2,1,1.0,6
201200041187,0012-10-02 19:45:00,12,10,2,19,45,910,691,RESISTANCE(AVENUE),,,Plein jour,En agglomération,Hors intersection,Normale,Deux véhicules - arrière,,,,,,,,,,,1,2,1,1.0,2
201200041188,0012-10-08 13:15:00,12,10,8,13,15,910,191,JEAN JAURES (AVENUE),,,Plein jour,En agglomération,Hors intersection,Pluie légère,Autre collision,,,,,,,,,,,1,2,1,2.0,6
201200041189,0012-10-13 21:45:00,12,10,13,21,45,910,421,NATIONALE 6 (GLACIERE),,,Nuit sans éclairage public,Hors agglomération,Hors intersection,Pluie forte,Deux véhicules - arrière,,,,,,,,,,,3,1,1,3.0,2
201200041190,0012-10-24 11:50:00,12,10,24,11,50,910,421,"103, REPUBLIQUE (AVENUE",,,Plein jour,En agglomération,Hors intersection,Normale,Autre collision,,,,,,,,,,,1,2,1,1.0,6
201200041191,0012-10-23 08:05:00,12,10,23,8,5,910,691,FREDERIC MISTRAL(RUE),,,Crépuscule ou aube,En agglomération,Intersection en X,Normale,Deux véhicules - côté,,,,,,,,,,,2,2,2,1.0,3
201200041192,0012-10-23 17:50:00,12,10,23,17,50,910,691,Rond point de la France,,,Plein jour,En agglomération,Giratoire,Normale,Deux véhicules - côté,,,,,,,,,,,1,2,6,1.0,3
201200041193,0012-10-24 19:45:00,12,10,24,19,45,910,421,NATIONALE 6 (CES POMPIDO,,,Nuit sans éclairage public,Hors agglomération,Hors intersection,Normale,Trois véhicules et plus - en chaîne,,,,,,,,,,,3,1,1,1.0,4
201200041194,0012-10-25 10:25:00,12,10,25,10,25,910,691,RENE COTY(RUE),,,Plein jour,En agglomération,Hors intersection,Normale,Deux véhicules - arrière,,,,,,,,,,,1,2,1,1.0,2
201200041195,0012-12-11 00:10:00,12,12,11,0,10,910,421,JEAN JAURES (AVENUE),,,Nuit avec éclairage allumé,En agglomération,Hors intersection,Pluie légère,Autre collision,,,,,,,,,,,5,2,1,2.0,6
201200041196,0012-11-13 20:20:00,12,11,13,20,20,910,421,"01, REPUBLIQUE (AVENUE D",,,Crépuscule ou aube,En agglomération,Hors intersection,Normale,Deux véhicules - arrière,,,,,,,,,,,2,2,1,1.0,2
201200041197,0012-11-22 22:45:00,12,11,22,22,45,910,421,"142, REPUBLIQUE (AVENUE",,,Nuit avec éclairage non allumé,En agglomération,Hors intersection,Normale,Deux véhicules - arrière,,,,,,,,,,,4,2,1,1.0,2
201200041198,0012-11-28 17:25:00,12,11,28,17,25,910,691,"101, RESISTANCE(AVENUE)",,,Plein jour,En agglomération,Hors intersection,Normale,Trois véhicules et plus - collisions multiples,,,,,,,,,,,1,2,1,1.0,5
201200041199,0012-11-04 18:00:00,12,11,4,18,0,910,691,GABRIEL PERI(RUE) DU N?4,,,Crépuscule ou aube,En agglomération,Intersection en X,Normale,Deux véhicules - côté,,,,,,,,,,,2,2,2,1.0,3
201200041200,0012-11-23 16:55:00,12,11,23,16,55,910,691,PASTEUR(RUE),,,Plein jour,En agglomération,Intersection en X,Normale,Deux véhicules - côté,,,,,,,,,,,1,2,2,1.0,3
201200041201,0012-11-30 16:45:00,12,11,30,16,45,910,691,MARC SANGNIER (RUE),,,Plein jour,En agglomération,Hors intersection,Normale,Deux véhicules - arrière,,,,,,,,,,,1,2,1,1.0,2
201200041202,0012-12-02 15:30:00,12,12,2,15,30,910,691,FREDERIC MISTRAL(RUE),,,Plein jour,En agglomération,Hors intersection,Normale,Autre collision,,,,,,,,,,,1,2,1,1.0,6
201200041203,0012-12-03 07:55:00,12,12,3,7,55,910,421,JEAN JAURES (AVENUE),,,Plein jour,Hors agglomération,Hors intersection,Normale,Autre collision,,,,,,,,,,,1,1,1,1.0,6
201200041204,0012-12-08 21:00:00,12,12,8,21,0,910,691,RAYMOND POINCARE(RUE),,,Nuit avec éclairage allumé,En agglomération,Hors intersection,Normale,Trois véhicules et plus - en chaîne,,,,,,,,,,,5,2,1,1.0,4
201200041205,0012-12-08 21:00:00,12,12,8,21,0,910,691,RAYMOND POINCARE(RUE),,,Nuit avec éclairage allumé,En agglomération,Hors intersection,Normale,Deux véhicules - arrière,,,,,,,,,,,5,2,1,1.0,2
201200041206,0012-12-07 18:00:00,12,12,7,18,0,910,421,NATIONALE 6 (PARTIE FORE,,,Nuit avec éclairage allumé,Hors agglomération,Hors intersection,Pluie légère,Deux véhicules - arrière,,,,,,,,,,,5,1,1,2.0,2
201200041207,0012-12-08 12:50:00,12,12,8,12,50,910,421,REPUBLIQUE (AVENUE DE LA,,,Plein jour,En agglomération,Hors intersection,Normale,Trois véhicules et plus - en chaîne,,,,,,,,,,,1,2,1,1.0,4
201200041208,0012-12-15 18:05:00,12,12,15,18,5,910,421,CENTRE DE LA FORET,,,Plein jour,En agglomération,Hors intersection,Pluie légère,Autre collision,,,,,,,,,,,1,2,1,2.0,6
201200041209,0012-12-17 16:55:00,12,12,17,16,55,910,421,"103, JEAN JAURES (AVENUE",,,Plein jour,En agglomération,Hors intersection,Pluie légère,Deux véhicules - arrière,,,,,,,,,,,1,2,1,2.0,2
201200041210,0012-12-27 00:40:00,12,12,27,0,40,910,421,NATIONALE 6 (PARTIE FORE,,,Nuit avec éclairage non allumé,Hors agglomération,Hors intersection,Pluie légère,Deux véhicules - frontale,,,,,,,,,,,4,1,1,2.0,1
201200041211,0012-01-04 08:45:00,12,1,4,8,45,910,692,CEVENNES (RUE DES),,,Plein jour,En agglomération,Giratoire,Normale,Autre collision,,,,,,,,,,,1,2,6,1.0,6
201200041212,0012-01-05 12:55:00,12,1,5,12,55,910,312,JEAN JAURES (AVENUE),,,Plein jour,En agglomération,Giratoire,Normale,Trois véhicules et plus - en chaîne,,,,,,,,,,,1,2,6,1.0,4
201200041213,0012-01-05 17:25:00,12,1,5,17,25,910,122,HACQUINIERE (RUE DE L,,,Plein jour,En agglomération,Intersection en T,Normale,Deux véhicules - côté,,,,,,,,,,,1,2,3,1.0,3
201200041214,0012-01-07 23:00:00,12,1,7,23,0,910,692,ALSACE (AVENUE D'),,,Nuit avec éclairage allumé,En agglomération,Giratoire,Normale,Autre collision,,,,,,,,,,,5,2,6,1.0,6
201200041215,0012-01-12 09:30:00,12,1,12,9,30,910,692,LAPONIE (AVENUE DE),,,Plein jour,En agglomération,Intersection en T,Normale,Deux véhicules - côté,,,,,,,,,,,1,2,3,1.0,3
201200041216,0012-01-13 12:40:00,12,1,13,12,40,910,477,"212, PARIS (RUE DE)",,,Plein jour,En agglomération,Hors intersection,Normale,Autre collision,,,,,,,,,,,1,2,1,1.0,6
201200041217,0012-01-13 12:20:00,12,1,13,12,20,910,122,"170, CHARTRES (ROUTE DE)",,,Plein jour,En agglomération,Hors intersection,Normale,Deux véhicules - arrière,,,,,,,,,,,1,2,1,1.0,2
201200041218,0012-01-13 17:20:00,12,1,13,17,20,910,471,ARCHANGE (RUE),,,Crépuscule ou aube,En agglomération,Giratoire,Normale,Autre collision,,,,,,,,,,,2,2,6,1.0,6
201200041219,0012-01-15 13:40:00,12,1,15,13,40,910,312,SARRAULT (RUE ALBERT),,,Plein jour,En agglomération,Hors intersection,Normale,Autre collision,,,,,,,,,,,1,2,1,1.0,6
201200041220,0012-01-18 07:40:00,12,1,18,7,40,910,477,VOIE DE BUS VERTE,,,Crépuscule ou aube,En agglomération,Intersection en T,Normale,Autre collision,,,,,,,,,,,2,2,3,1.0,6
201200041221,0012-01-18 20:30:00,12,1,18,20,30,910,645,POMPIDOU (AVENUE GEOR,,,Nuit avec éclairage allumé,En agglomération,Intersection en X,Pluie légère,Deux véhicules - côté,,,,,,,,,,,5,2,2,2.0,3
201200041222,0012-01-19 08:10:00,12,1,19,8,10,910,477,"66, SABLIERE (RUE DE LA)",,,Plein jour,En agglomération,Intersection en X,Normale,Deux véhicules - côté,,,,,,,,,,,1,2,2,1.0,3
201200041223,0012-01-26 18:20:00,12,1,26,18,20,910,477,"45, SAMSON (BOULEVARD NI",,,Nuit sans éclairage public,En agglomération,Hors intersection,Normale,Deux véhicules - côté,,,,,,,,,,,3,2,1,1.0,3
201200041224,0012-01-26 18:30:00,12,1,26,18,30,910,692,"15, rue du mercantour",,,Nuit avec éclairage allumé,En agglomération,Hors intersection,Normale,Autre collision,,,,,,,,,,,5,2,1,1.0,6
201200041225,0012-01-28 16:15:00,12,1,28,16,15,910,477,"139, PARIS (RUE DE)",,,Plein jour,En agglomération,Hors intersection,Normale,Deux véhicules - arrière,,,,,,,,,,,1,2,1,1.0,2
201200041226,0012-02-02 02:25:00,12,2,2,2,25,910,64,JOUY (ROUTE DE),,,Nuit sans éclairage public,En agglomération,Hors intersection,Normale,Deux véhicules - arrière,,,,,,,,,,,3,2,1,1.0,2
201200041227,0012-02-02 19:20:00,12,2,2,19,20,910,477,CD 36,,,Nuit sans éclairage public,Hors agglomération,Hors intersection,Normale,Deux véhicules - frontale,,,,,,,,,,,3,1,1,1.0,1
201200041228,0012-02-04 17:40:00,12,2,4,17,40,910,645,JUIN (MARECHAL),,,Crépuscule ou aube,En agglomération,Hors intersection,Normale,Deux véhicules - côté,,,,,,,,,,,2,2,1,1.0,3
201200041229,0012-02-06 10:25:00,12,2,6,10,25,910,477,PASTEUR (RUE),,,Plein jour,En agglomération,Intersection en X,Normale,Deux véhicules - côté,,,,,,,,,,,1,2,2,1.0,3
201200041230,0012-02-06 12:45:00,12,2,6,12,45,910,477,VOIE DE GARAGE RER B,,,Plein jour,Hors agglomération,Passage à niveau,Normale,Deux véhicules - arrière,,,,,,,,,,,1,1,8,1.0,2
201200041231,0012-02-08 07:20:00,12,2,8,7,20,910,645,"80, PARIS (RUE DE)",,,Crépuscule ou aube,En agglomération,Intersection en T,Neige / grêle,Deux véhicules - arrière,,,,,,,,,,,2,2,3,4.0,2
201200041232,0012-02-09 09:00:00,12,2,9,9,0,910,471,R DOYEN JOSEPH PERES,,,Plein jour,En agglomération,Hors intersection,Normale,Autre collision,,,,,,,,,,,1,2,1,1.0,6
201200041233,0012-02-09 08:30:00,12,2,9,8,30,910,692,OCEANIE (AVENUE DE L',,,Plein jour,En agglomération,Giratoire,Normale,Deux véhicules - arrière,,,,,,,,,,,1,2,6,1.0,2
201200041234,0012-02-14 15:00:00,12,2,14,15,0,910,477,SACLAY (ROUTE DE),,,Plein jour,Hors agglomération,Hors intersection,Normale,Sans collision,,,,,,,,,,,1,1,1,1.0,7
201200041235,0012-02-16 08:40:00,12,2,16,8,40,910,122,GUYONNERIE (rue de la,,,Plein jour,En agglomération,Hors intersection,Normale,Sans collision,,,,,,,,,,,1,2,1,1.0,7
201200041236,0012-02-16 17:35:00,12,2,16,17,35,910,471,DUBREUIL (BOULEVARD),,,Plein jour,En agglomération,Hors intersection,Normale,Autre collision,,,,,,,,,,,1,2,1,1.0,6
201200041237,0012-02-24 13:30:00,12,2,24,13,30,910,477,GENERAL DE GAULLE (AV,,,Plein jour,En agglomération,Hors intersection,Normale,Autre collision,,,,,,,,,,,1,2,1,1.0,6
201200041238,0012-02-27 14:10:00,12,2,27,14,10,910,477,"162, LECLERC (AVENUE DU",,,Plein jour,En agglomération,Intersection en T,Normale,Deux véhicules - arrière,,,,,,,,,,,1,2,3,1.0,2
201200041239,0012-03-03 19:00:00,12,3,3,19,0,910,471,"55, PARIS (RUE DE)",,,Crépuscule ou aube,En agglomération,Hors intersection,Normale,Autre collision,,,,,,,,,,,2,2,1,1.0,6
201200041240,0012-03-05 19:45:00,12,3,5,19,45,910,477,"128, LECLERC (AVENUE DU",,,Crépuscule ou aube,En agglomération,Hors intersection,Normale,Autre collision,,,,,,,,,,,2,2,1,1.0,6
201200041241,0012-03-07 08:15:00,12,3,7,8,15,910,471,MONTHLERY (ROUTE DE),,,Plein jour,En agglomération,Hors intersection,Normale,Autre collision,,,,,,,,,,,1,2,1,1.0,6
201200041242,0012-03-10 18:50:00,12,3,10,18,50,910,471,COTTAGES (AVENUE DES),,,Plein jour,En agglomération,Intersection en X,Normale,Deux véhicules - côté,,,,,,,,,,,1,2,2,1.0,3
201200041243,0012-03-13 12:10:00,12,3,13,12,10,910,692,RD446,,,Plein jour,En agglomération,Hors intersection,Normale,Trois véhicules et plus - collisions multiples,,,,,,,,,,,1,2,1,1.0,5
201200041244,0012-03-15 14:10:00,12,3,15,14,10,910,64,JOUY (ROUTE DE),,,Plein jour,En agglomération,Giratoire,Normale,Deux véhicules - côté,,,,,,,,,,,1,2,6,1.0,3
201200041245,0012-03-15 18:40:00,12,3,15,18,40,910,692,D446,,,Plein jour,En agglomération,Hors intersection,Normale,Sans collision,,,,,,,,,,,1,2,1,1.0,7
201200041246,0012-03-20 00:03:00,12,3,20,0,3,910,477,PREMIER MAI (AVENUE D,,,Nuit avec éclairage allumé,En agglomération,Intersection en X,Normale,Deux véhicules - côté,,,,,,,,,,,5,2,2,1.0,3
201200041247,0012-03-21 18:20:00,12,3,21,18,20,910,471,"15, FERME (RUE DE LA)",,,Plein jour,En agglomération,Hors intersection,Normale,Sans collision,,,,,,,,,,,1,2,1,1.0,7
201200041248,0012-03-21 19:15:00,12,3,21,19,15,910,477,HUIT MAI 1945 (AVENUE,,,Plein jour,En agglomération,Intersection en X,Normale,Deux véhicules - frontale,,,,,,,,,,,1,2,2,1.0,1
201200041249,0012-03-27 14:20:00,12,3,27,14,20,910,692,D446,,,Plein jour,En agglomération,Hors intersection,Normale,Trois véhicules et plus - en chaîne,,,,,,,,,,,1,2,1,1.0,4
201200041250,0012-03-27 16:35:00,12,3,27,16,35,910,477,"78, BERTEAUX (RUE MAURIC",,,Plein jour,En agglomération,Hors intersection,Normale,Autre collision,,,,,,,,,,,1,2,1,1.0,6
201200041251,0012-03-29 11:50:00,12,3,29,11,50,910,64,"48, PETIT BIEVRES (RUE D",,,Plein jour,En agglomération,Hors intersection,Normale,Autre collision,,,,,,,,,,,1,2,1,1.0,6
201200041252,0012-04-04 11:40:00,12,4,4,11,40,910,477,"117, HUNIERE (CHEMIN DE",,,Plein jour,En agglomération,Hors intersection,Normale,Sans collision,,,,,,,,,,,1,2,1,1.0,7
201200041253,0012-04-05 17:35:00,12,4,5,17,35,910,477,GUTENBERG (RUE),,,Plein jour,En agglomération,Hors intersection,Normale,Deux véhicules - frontale,,,,,,,,,,,1,2,1,1.0,1