accident_id,datetime,annee,mois,jour,heure,minute,departement,commune_insee,adresse,latitude,longitude,luminosite,agglomeration,intersection,meteo,collision,nb_vehicules,nb_usagers,nb_indemnes,nb_tues,nb_blesses_hosp,nb_blesses_legers,age_cond_1,age_cond_2,veh_type_cond_1,veh_type_cond_2,lum_code,agg_code,int_code,atm_code,col_code
201200041387,0012-09-08 18:10:00,12,9,8,18,10,910,549,LA FAYETTE (RUE),,,Plein jour,En agglomération,Intersection en X,Normale,Deux véhicules - côté,,,,,,,,,,,1,2,2,1.0,3
201200041388,0012-09-09 18:25:00,12,9,9,18,25,910,570,"6, GENETS (RUE)",,,Plein jour,En agglomération,Hors intersection,Normale,Autre collision,,,,,,,,,,,1,2,1,1.0,6
201200041389,0012-09-17 18:10:00,12,9,17,18,10,910,549,"10, JEAN MOULIN (AVENUE)",,,Plein jour,En agglomération,Intersection en X,Normale,Deux véhicules - côté,,,,,,,,,,,1,2,2,1.0,3
201200041390,0012-09-19 19:10:00,12,9,19,19,10,910,216,"68, GRANDE RUE",,,Plein jour,En agglomération,Hors intersection,Normale,Deux véhicules - côté,,,,,,,,,,,1,2,1,1.0,3
201200041391,0012-09-23 12:30:00,12,9,23,12,30,910,549,"7, PAUL ELUARD (RUE)",,,Plein jour,En agglomération,Hors intersection,Normale,Autre collision,,,,,,,,,,,1,2,1,1.0,6
201200041392,0012-09-25 19:30:00,12,9,25,19,30,910,549,"6, REGIMENT NORMANDIE-NI",,,Nuit avec éclairage allumé,En agglomération,Hors intersection,Pluie légère,Deux véhicules - frontale,,,,,,,,,,,5,2,1,2.0,1
201200041393,0012-09-11 15:50:00,12,9,11,15,50,910,549,"120, CORBEIL (ROUTE DE)",,,Plein jour,En agglomération,Hors intersection,Normale,Autre collision,,,,,,,,,,,1,2,1,1.0,6
201200041394,0012-10-19 16:30:00,12,10,19,16,30,910,549,"26, ROSIERES (RUE DE)",,,Plein jour,En agglomération,Autre intersection,Normale,Autre collision,,,,,,,,,,,1,2,9,1.0,6
201200041395,0012-10-20 16:20:00,12,10,20,16,20,910,667,"23, CORBEIL (ROUTE)",,,Plein jour,En agglomération,Hors intersection,Pluie légère,Trois véhicules et plus - collisions multiples,,,,,,,,,,,1,2,1,2.0,5
201200041396,0012-11-07 07:20:00,12,11,7,7,20,910,216,CD 257,,,Crépuscule ou aube,Hors agglomération,Intersection en T,Normale,Deux véhicules - arrière,,,,,,,,,,,2,1,3,1.0,2
201200041397,0012-11-08 09:25:00,12,11,8,9,25,910,549,ERMITAGE (RUE DE L'),,,Plein jour,En agglomération,Intersection en X,Normale,Deux véhicules - côté,,,,,,,,,,,1,2,2,1.0,3
201200041398,0012-11-18 09:05:00,12,11,18,9,5,910,549,"179, GABRIEL PERI (AVENU",,,Plein jour,En agglomération,Intersection en X,Pluie légère,Deux véhicules - côté,,,,,,,,,,,1,2,2,2.0,3
201200041399,0012-11-28 20:20:00,12,11,28,20,20,910,216,CD 257,,,Nuit avec éclairage non allumé,En agglomération,Hors intersection,Pluie légère,Deux véhicules - frontale,,,,,,,,,,,4,2,1,2.0,1
201200041400,0012-12-05 13:25:00,12,12,5,13,25,910,216,"1, PETIT VAUX (RUE)",,,Plein jour,En agglomération,Hors intersection,Pluie légère,Trois véhicules et plus - en chaîne,,,,,,,,,,,1,2,1,2.0,4
201200041401,0012-12-12 17:30:00,12,12,12,17,30,910,570,CASANOVA (RUE DANIEL,,,Nuit avec éclairage allumé,En agglomération,Hors intersection,Temps couvert,Autre collision,,,,,,,,,,,5,2,1,8.0,6
201200041402,0012-12-23 19:10:00,12,12,23,19,10,910,570,"72, FONTAINE DE L' ORME",,,Nuit avec éclairage allumé,En agglomération,Hors intersection,Normale,Autre collision,,,,,,,,,,,5,2,1,1.0,6
201200041403,0012-01-06 16:35:00,12,1,6,16,35,910,589,"1, DUNANT (RUE HENRI)",,,Plein jour,En agglomération,Hors intersection,Normale,Autre collision,,,,,,,,,,,1,2,1,1.0,6
201200041404,0012-11-28 18:50:00,12,11,28,18,50,910,432,DE GAULLE  (AVENUE CHARL,,,Nuit avec éclairage allumé,En agglomération,Intersection en T,Normale,Autre collision,,,,,,,,,,,5,2,3,1.0,6
201200041405,0012-01-04 18:10:00,12,1,4,18,10,910,589,ALLEMANE (RUE JEAN),,,Nuit avec éclairage allumé,En agglomération,Intersection en Y,Normale,Deux véhicules - côté,,,,,,,,,,,5,2,4,1.0,3
201200041406,0012-12-15 18:10:00,12,12,15,18,10,910,589,ROSSAYS (RUE DES),,,Nuit avec éclairage allumé,En agglomération,Intersection en T,Pluie légère,Autre collision,,,,,,,,,,,5,2,3,2.0,6
201200041407,0012-02-25 21:10:00,12,2,25,21,10,910,589,"94, BRIAND (BOULEVARD AR",,,Nuit avec éclairage allumé,En agglomération,Hors intersection,Pluie légère,Deux véhicules - arrière,,,,,,,,,,,5,2,1,2.0,2
201200041408,0012-12-04 13:35:00,12,12,4,13,35,910,589,"39, CHAMPAGNE (RUE DE)",,,Plein jour,En agglomération,Hors intersection,Normale,Deux véhicules - frontale,,,,,,,,,,,1,2,1,1.0,1
201200041409,0012-03-16 15:30:00,12,3,16,15,30,910,589,DUNANT (RUE HENRI),,,Plein jour,En agglomération,Hors intersection,Normale,Deux véhicules - arrière,,,,,,,,,,,1,2,1,1.0,2
201200041410,0012-01-11 17:40:00,12,1,11,17,40,910,589,DE GAULLE (AVENUE CHARLE,,,Plein jour,En agglomération,Intersection en T,Normale,Deux véhicules - côté,,,,,,,,,,,1,2,3,1.0,3
201200041411,0012-12-27 14:45:00,12,12,27,14,45,910,432,EGLISE (RUE DE L'),,,Plein jour,En agglomération,Hors intersection,Normale,Deux véhicules - arrière,,,,,,,,,,,1,2,1,1.0,2
201200041412,0012-02-20 07:50:00,12,2,20,7,50,910,589,LEUTHREAU  (AVENUE R) N0,,,Plein jour,En agglomération,Hors intersection,Normale,Deux véhicules - côté,,,,,,,,,,,1,2,1,1.0,3
201200041413,0012-02-07 22:45:00,12,2,7,22,45,910,589,CD 25,,,Nuit avec éclairage allumé,En agglomération,Intersection en T,Temps couvert,Deux véhicules - côté,,,,,,,,,,,5,2,3,8.0,3
201200041414,0012-02-11 04:55:00,12,2,11,4,55,910,432,DE LESSEPS (AVENUE FERDI,,,Nuit avec éclairage allumé,En agglomération,Intersection en X,Temps couvert,Autre collision,,,,,,,,,,,5,2,2,8.0,6
201200041415,0012-02-16 16:30:00,12,2,16,16,30,910,432,"02, DE GAULLE  (AVENUE C",,,Plein jour,En agglomération,Hors intersection,Normale,Autre collision,,,,,,,,,,,1,2,1,1.0,6
201200041416,0012-02-17 19:20:00,12,2,17,19,20,910,589,R DES EGLISES,,,Nuit avec éclairage allumé,En agglomération,Hors intersection,Pluie légère,Deux véhicules - frontale,,,,,,,,,,,5,2,1,2.0,1
201200041417,0012-03-25 06:20:00,12,3,25,6,20,910,432,PERI (AVENUE GABRIEL),,,Crépuscule ou aube,En agglomération,Intersection en X,Normale,Deux véhicules - côté,,,,,,,,,,,2,2,2,1.0,3
201200041418,0012-03-27 17:30:00,12,3,27,17,30,910,589,"116, LINNE (AVENUE)",,,Plein jour,En agglomération,Hors intersection,Normale,Deux véhicules - côté,,,,,,,,,,,1,2,1,1.0,3
201200041419,0012-03-14 13:15:00,12,3,14,13,15,910,432,MEUNIERS (CHEMIN DES),,,Plein jour,Hors agglomération,Hors intersection,Normale,Sans collision,,,,,,,,,,,1,1,1,1.0,7
201200041420,0012-04-19 18:50:00,12,4,19,18,50,910,589,JUVISY COTTAGES (AVEN,,,Plein jour,En agglomération,Intersection en T,Normale,Deux véhicules - frontale,,,,,,,,,,,1,2,3,1.0,1
201200041421,0012-03-26 17:20:00,12,3,26,17,20,910,589,PALOMBES (RUE DES),,,Plein jour,En agglomération,Hors intersection,Normale,Autre collision,,,,,,,,,,,1,2,1,1.0,6
201200041422,0012-04-10 16:00:00,12,4,10,16,0,910,589,"07, MORSANG (RUE DE)",,,Plein jour,En agglomération,Hors intersection,Temps couvert,Deux véhicules - arrière,,,,,,,,,,,1,2,1,8.0,2
201200041423,0012-04-15 22:15:00,12,4,15,22,15,910,589,GALLOIS (RUE EVARISTE),,,Nuit avec éclairage allumé,En agglomération,Hors intersection,Normale,Autre collision,,,,,,,,,,,5,2,1,1.0,6
201200041424,0012-04-30 20:30:00,12,4,30,20,30,910,589,BRIAND (BOULEVARD ARISTI,,,Crépuscule ou aube,En agglomération,Intersection en X,Autre,Deux véhicules - côté,,,,,,,,,,,2,2,2,9.0,3
201200041425,0012-05-14 13:35:00,12,5,14,13,35,910,589,CD 25,,,Plein jour,En agglomération,Intersection en T,Normale,Deux véhicules - arrière,,,,,,,,,,,1,2,3,1.0,2
201200041426,0012-05-14 14:00:00,12,5,14,14,0,910,432,SAVIGNY (RUE DE),,,Plein jour,En agglomération,Intersection en T,Normale,Deux véhicules - côté,,,,,,,,,,,1,2,3,1.0,3
201200041427,0012-05-15 18:40:00,12,5,15,18,40,910,589,"37, BRIAND (BOULEVARD AR",,,Plein jour,En agglomération,Hors intersection,Pluie légère,Autre collision,,,,,,,,,,,1,2,1,2.0,6
201200041428,0012-05-18 17:05:00,12,5,18,17,5,910,589,CROIX BOISSELIERE (dévia,,,Plein jour,En agglomération,Intersection à plus de 4 branches,Normale,Deux véhicules - côté,,,,,,,,,,,1,2,5,1.0,3
201200041429,0012-05-25 17:50:00,12,5,25,17,50,910,589,ROSSAYS (RUE DES),,,Plein jour,En agglomération,Hors intersection,Normale,Autre collision,,,,,,,,,,,1,2,1,1.0,6
201200041430,0012-06-14 20:05:00,12,6,14,20,5,910,589,"24, BRIAND (BOULEVARD AR",,,Plein jour,En agglomération,Intersection en X,Normale,Deux véhicules - côté,,,,,,,,,,,1,2,2,1.0,3
201200041431,0012-05-27 13:50:00,12,5,27,13,50,910,589,TILLEULS (AVENUE DES),,,Plein jour,En agglomération,Intersection en X,Normale,Deux véhicules - côté,,,,,,,,,,,1,2,2,1.0,3
201200041432,0012-06-08 09:15:00,12,6,8,9,15,910,432,DE GAULLE  (AVENUE CHARL,,,Plein jour,En agglomération,Intersection en T,Normale,Deux véhicules - frontale,,,,,,,,,,,1,2,3,1.0,1
201200041433,0012-06-09 12:08:00,12,6,9,12,8,910,589,"86, NIORD (RUE DANIEL)",,,Plein jour,En agglomération,Hors intersection,Autre,Autre collision,,,,,,,,,,,1,2,1,9.0,6
201200041434,0012-06-03 00:20:00,12,6,3,0,20,910,589,PARIS (RUE DE),,,Nuit avec éclairage allumé,En agglomération,Intersection en X,Normale,Deux véhicules - arrière,,,,,,,,,,,5,2,2,1.0,2
201200041435,0012-06-12 11:11:00,12,6,12,11,11,910,589,VAN GOGH (RUE VINCENT,,,Plein jour,En agglomération,Intersection en T,Pluie forte,Deux véhicules - côté,,,,,,,,,,,1,2,3,3.0,3
201200041436,0012-06-16 20:46:00,12,6,16,20,46,910,589,"15, BARBUSSE (RUE HENRI)",,,Crépuscule ou aube,En agglomération,Hors intersection,Pluie légère,Autre collision,,,,,,,,,,,2,2,1,2.0,6
201200041437,0012-06-08 18:25:00,12,6,8,18,25,910,589,PERI (AVENUE GABRIEL),,,Plein jour,En agglomération,Intersection en X,Normale,Trois véhicules et plus - collisions multiples,,,,,,,,,,,1,2,2,1.0,5
201200041438,0012-07-17 17:50:00,12,7,17,17,50,910,589,BRIAND (BOULEVARD ARISTI,,,Plein jour,En agglomération,Intersection en X,Normale,Deux véhicules - arrière,,,,,,,,,,,1,2,2,1.0,2
201200041439,0012-07-04 17:30:00,12,7,4,17,30,910,589,"17, BRIAND (BOULEVARD AR",,,Plein jour,En agglomération,Hors intersection,Autre,Deux véhicules - arrière,,,,,,,,,,,1,2,1,9.0,2
201200041440,0012-06-19 14:45:00,12,6,19,14,45,910,432,DE LESSEPS (AVENUE FERDI,,,Plein jour,Hors agglomération,Hors intersection,Normale,Deux véhicules - arrière,,,,,,,,,,,1,1,1,1.0,2
201200041441,0012-06-29 18:00:00,12,6,29,18,0,910,589,LONGJUMEAU (AVENUE DE),,,Plein jour,En agglomération,Intersection en X,Normale,Deux véhicules - arrière,,,,,,,,,,,1,2,2,1.0,2
201200041442,0012-07-24 12:05:00,12,7,24,12,5,910,589,CHAMPAGNE (RUE DE),,,Plein jour,En agglomération,Hors intersection,Normale,Deux véhicules - frontale,,,,,,,,,,,1,2,1,1.0,1
201200041443,0012-07-22 06:00:00,12,7,22,6,0,910,432,SAVIGNY (RUE DE),,,Crépuscule ou aube,En agglomération,Hors intersection,Normale,Autre collision,,,,,,,,,,,2,2,1,1.0,6
201200041444,0012-09-10 18:35:00,12,9,10,18,35,910,589,BD ARISTIDE BRIAND,,,Plein jour,En agglomération,Intersection en T,Normale,Deux véhicules - côté,,,,,,,,,,,1,2,3,1.0,3
201200041445,0012-09-15 19:30:00,12,9,15,19,30,910,432,"., DE GAULLE  (AVENUE CH",,,Plein jour,En agglomération,Intersection en T,Normale,Deux véhicules - côté,,,,,,,,,,,1,2,3,1.0,3
201200041446,0012-09-12 13:55:00,12,9,12,13,55,910,589,GLYCINES (RUE DES),,,Plein jour,En agglomération,Hors intersection,Pluie légère,Autre collision,,,,,,,,,,,1,2,1,2.0,6
201200041447,0012-09-09 02:20:00,12,9,9,2,20,910,589,"157, BRIAND (BOULEVARD A",,,Nuit avec éclairage allumé,En agglomération,Hors intersection,Normale,Autre collision,,,,,,,,,,,5,2,1,1.0,6
201200041448,0012-09-25 17:30:00,12,9,25,17,30,910,589,DUNANT (RUE HENRI),,,Plein jour,En agglomération,Hors intersection,Temps couvert,Autre collision,,,,,,,,,,,1,2,1,8.0,6
201200041449,0012-09-10 17:40:00,12,9,10,17,40,910,432,AV CHARLES DE GAULLE,,,Plein jour,En agglomération,Hors intersection,Normale,Deux véhicules - arrière,,,,,,,,,,,1,2,1,1.0,2
201200041450,0012-09-24 22:30:00,12,9,24,22,30,910,589,CARNOT (AVENUE),,,Nuit sans éclairage public,En agglomération,Intersection en X,Pluie légère,Autre collision,,,,,,,,,,,3,2,2,2.0,6
201200041451,0012-10-15 05:48:00,12,10,15,5,48,910,432,D 118,,,Nuit sans éclairage public,Hors agglomération,Hors intersection,Normale,Trois véhicules et plus - collisions multiples,,,,,,,,,,,3,1,1,1.0,5
201200041452,0012-10-20 19:40:00,12,10,20,19,40,910,589,"02, JOLIOT CURIE (RUE)",,,Nuit sans éclairage public,En agglomération,Intersection en T,Normale,Autre collision,,,,,,,,,,,3,2,3,1.0,6
201200041453,0012-09-19 10:10:00,12,9,19,10,10,910,589,DUNANT (RUE HENRI),,,Plein jour,En agglomération,Hors intersection,Normale,Deux véhicules - arrière,,,,,,,,,,,1,2,1,1.0,2
201200041454,0012-10-03 19:20:00,12,10,3,19,20,910,432,BRIAND (AVENUE ARISTIDE),,,Nuit avec éclairage allumé,En agglomération,Intersection en T,Pluie forte,Autre collision,,,,,,,,,,,5,2,3,3.0,6
201200041455,0012-10-11 18:00:00,12,10,11,18,0,910,589,LONGJUMEAU (AVENUE DE,,,Nuit avec éclairage allumé,En agglomération,Intersection en T,Normale,Deux véhicules - côté,,,,,,,,,,,5,2,3,1.0,3
201200041456,0012-10-04 11:40:00,12,10,4,11,40,910,432,PERI (AVENUE GABRIEL),,,Plein jour,En agglomération,Intersection en X,Normale,Deux véhicules - côté,,,,,,,,,,,1,2,2,1.0,3
201200041457,0012-10-13 21:35:00,12,10,13,21,35,910,432,"17, DE LESSEPS (AVENUE F",,,Nuit avec éclairage allumé,En agglomération,Hors intersection,Pluie légère,Autre collision,,,,,,,,,,,5,2,1,2.0,6
201200041458,0012-11-06 00:30:00,12,11,6,0,30,910,589,CD 25,,,Nuit sans éclairage public,En agglomération,Hors intersection,Pluie légère,Autre collision,,,,,,,,,,,3,2,1,2.0,6
201200041459,0012-11-23 13:35:00,12,11,23,13,35,910,589,JEAN BAPTI CHARCOT (RUE),,,Plein jour,En agglomération,Intersection en T,Normale,Deux véhicules - frontale,,,,,,,,,,,1,2,3,1.0,1
201200041460,0012-11-09 18:45:00,12,11,9,18,45,910,589,"32, DUNANT (RUE HENRI)",,,Nuit avec éclairage allumé,En agglomération,Hors intersection,Normale,Deux véhicules - arrière,,,,,,,,,,,5,2,1,1.0,2
201200041461,0012-11-10 15:55:00,12,11,10,15,55,910,589,PARIS (RUE DE),,,Plein jour,En agglomération,Intersection en X,Normale,Deux véhicules - côté,,,,,,,,,,,1,2,2,1.0,3
201200041462,0012-11-11 23:10:00,12,11,11,23,10,910,432,"27, GENERAL WARABIOT (AV",,,Nuit avec éclairage allumé,En agglomération,Intersection en Y,Temps couvert,Autre collision,,,,,,,,,,,5,2,4,8.0,6
201200041463,0012-11-06 06:50:00,12,11,6,6,50,910,589,CHATEAUBRIAND (RUE),,,Crépuscule ou aube,En agglomération,Hors intersection,Normale,Autre collision,,,,,,,,,,,2,2,1,1.0,6
201200041464,0012-01-05 09:45:00,12,1,5,9,45,920,2,DIVISION LECLERC (1 A 29,,,Plein jour,En agglomération,Intersection en X,Pluie légère,Autre collision,,,,,,,,,,,1,2,2,2.0,6
201200041465,0012-01-24 19:00:00,12,1,24,19,0,920,2,GENERAL DE GAULLE (PLACE,,,Nuit avec éclairage allumé,En agglomération,Giratoire,Pluie légère,Autre collision,,,,,,,,,,,5,2,6,2.0,6
201200041466,0012-01-27 08:35:00,12,1,27,8,35,920,2,"91, ADOLPHE PAJEAUD (RUE",,,Plein jour,En agglomération,Hors intersection,Temps éblouissant,Autre collision,,,,,,,,,,,1,2,1,7.0,6
201200041467,0012-01-27 17:25:00,12,1,27,17,25,920,2,"4, BUFFON (RUE)",,,Crépuscule ou aube,En agglomération,Hors intersection,Normale,Autre collision,,,,,,,,,,,2,2,1,1.0,6
201200041468,0012-02-02 14:30:00,12,2,2,14,30,920,2,"56, R MIRABEAU",,,Plein jour,En agglomération,Hors intersection,Normale,Deux véhicules - arrière,,,,,,,,,,,1,2,1,1.0,2
201200041469,0012-02-10 07:40:00,12,2,10,7,40,920,2,"67, AV JEAN MONNET",,,Plein jour,En agglomération,Hors intersection,Normale,Deux véhicules - côté,,,,,,,,,,,1,2,1,1.0,3
201200041470,0012-02-15 20:05:00,12,2,15,20,5,920,2,R DE CHATENAY,,,Nuit avec éclairage allumé,En agglomération,Hors intersection,Temps couvert,Sans collision,,,,,,,,,,,5,2,1,8.0,7
201200041471,0012-02-17 15:40:00,12,2,17,15,40,920,2,R DES GARENNES,,,Plein jour,En agglomération,Hors intersection,Normale,Autre collision,,,,,,,,,,,1,2,1,1.0,6
201200041472,0012-02-23 11:30:00,12,2,23,11,30,920,2,KENNEDY / LOUIS,,,Plein jour,En agglomération,Intersection en T,Normale,Deux véhicules - côté,,,,,,,,,,,1,2,3,1.0,3
201200041473,0012-03-04 19:35:00,12,3,4,19,35,920,2,"65, DIVISION LECLERC (53",,,Nuit avec éclairage allumé,En agglomération,Hors intersection,Pluie forte,Autre collision,,,,,,,,,,,5,2,1,3.0,6
201200041474,0012-03-14 13:00:00,12,3,14,13,0,920,14,"., FONTAINE GRELOT (RUE)",,,Plein jour,En agglomération,Intersection en X,Normale,Deux véhicules - côté,,,,,,,,,,,1,2,2,1.0,3
201200041475,0012-03-30 08:25:00,12,3,30,8,25,920,14,"123, GENERAL LECLERC (AV",,,Plein jour,En agglomération,Hors intersection,Normale,Autre collision,,,,,,,,,,,1,2,1,1.0,6
201200041476,0012-04-07 21:40:00,12,4,7,21,40,920,2,CHATENAY (RUE DE),,,Nuit avec éclairage allumé,En agglomération,Intersection en X,Normale,Deux véhicules - côté,,,,,,,,,,,5,2,2,1.0,3
201200041477,0012-04-22 18:40:00,12,4,22,18,40,920,2,GENERAL DE GAULLE (AVENU,,,Plein jour,En agglomération,Intersection à plus de 4 branches,Normale,Autre collision,,,,,,,,,,,1,2,5,1.0,6
201200041478,0012-05-04 08:20:00,12,5,4,8,20,920,14,"2, LEON BLOY (RUE)",,,Plein jour,En agglomération,Hors intersection,Normale,Deux véhicules - côté,,,,,,,,,,,1,2,1,1.0,3
201200041479,0012-05-05 20:14:00,12,5,5,20,14,920,14,MARECHAL JOFFRE (BD DU),,,Nuit avec éclairage allumé,En agglomération,Intersection en X,Pluie forte,Deux véhicules - arrière,,,,,,,,,,,5,2,2,3.0,2
201200041480,0012-05-21 18:35:00,12,5,21,18,35,920,2,"34, AV LEON JOUHAUX",,,Plein jour,En agglomération,Hors intersection,Pluie légère,Deux véhicules - côté,,,,,,,,,,,1,2,1,2.0,3
201200041481,0012-05-28 16:20:00,12,5,28,16,20,920,14,GENERAL LECLERC (AV.) (1,,,Plein jour,En agglomération,Intersection en X,Normale,Deux véhicules - côté,,,,,,,,,,,1,2,2,1.0,3
201200041482,0012-06-02 01:25:00,12,6,2,1,25,920,2,CROIX BRISEE (CHEMIN DE,,,Nuit avec éclairage allumé,En agglomération,Hors intersection,Normale,Autre collision,,,,,,,,,,,5,2,1,1.0,6
201200041483,0012-06-05 14:05:00,12,6,5,14,5,920,14,GENERAL LECLERC (AV.) (1,,,Plein jour,En agglomération,Hors intersection,Normale,Deux véhicules - arrière,,,,,,,,,,,1,2,1,1.0,2
201200041484,0012-06-05 15:00:00,12,6,5,15,0,920,2,"103, ARISTIDE BRIAND (AV",,,Plein jour,En agglomération,Intersection en T,Normale,Deux véhicules - côté,,,,,,,,,,,1,2,3,1.0,3
201200041485,0012-06-19 10:55:00,12,6,19,10,55,920,2,LEON JOUHAUX (AVENUE),,,Plein jour,En agglomération,Intersection en T,Normale,Deux véhicules - arrière,,,,,,,,,,,1,2,3,1.0,2
201200041486,0012-06-22 23:05:00,12,6,22,23,5,920,14,"121, GENERAL LECLERC (AV",,,Nuit avec éclairage allumé,En agglomération,Hors intersection,Normale,Autre collision,,,,,,,,,,,5,2,1,1.0,6
201200041487,0012-06-26 13:15:00,12,6,26,13,15,920,2,GENERAL DE GAULLE (AVENU,,,Plein jour,En agglomération,Intersection en T,Normale,Autre collision,,,,,,,,,,,1,2,3,1.0,6
201200041488,0012-07-01 13:10:00,12,7,1,13,10,920,2,"6, ONZE NOVEMBRE (AVENUE",,,Plein jour,En agglomération,Intersection en T,Normale,Deux véhicules - côté,,,,,,,,,,,1,2,3,1.0,3
201200041489,0012-08-09 21:00:00,12,8,9,21,0,920,2,"56, JEAN MOULIN (RUE)",,,Plein jour,En agglomération,Intersection en T,Normale,Deux véhicules - arrière,,,,,,,,,,,1,2,3,1.0,2
201200041490,0012-08-26 12:45:00,12,8,26,12,45,920,2,"29, JEAN MOULIN (RUE)",,,Plein jour,En agglomération,Intersection en T,Normale,Autre collision,,,,,,,,,,,1,2,3,1.0,6
201200041491,0012-09-10 12:00:00,12,9,10,12,0,920,14,LIBERATION (PLACE DE LA),,,Plein jour,En agglomération,Giratoire,Normale,Deux véhicules - côté,,,,,,,,,,,1,2,6,1.0,3
201200041492,0012-09-21 07:50:00,12,9,21,7,50,920,2,DIVISION LECLERC (53 A 2,,,Plein jour,En agglomération,Intersection en T,Normale,Deux véhicules - côté,,,,,,,,,,,1,2,3,1.0,3
201200041493,0012-09-22 13:30:00,12,9,22,13,30,920,14,GENERAL LECLERC (AV.) (5,,,Plein jour,En agglomération,Intersection en T,Normale,Deux véhicules - côté,,,,,,,,,,,1,2,3,1.0,3
201200041494,0012-10-04 08:25:00,12,10,4,8,25,920,14,BIEVRE (RUE DE LA),,,Crépuscule ou aube,En agglomération,Intersection en T,Pluie forte,Deux véhicules - côté,,,,,,,,,,,2,2,3,3.0,3
201200041495,0012-10-26 09:25:00,12,10,26,9,25,920,2,JEAN MONNET (AVENUE),,,Plein jour,En agglomération,Intersection en X,Normale,Sans collision,,,,,,,,,,,1,2,2,1.0,7
201200041496,0012-11-07 13:00:00,12,11,7,13,0,920,14,"60, MARECHAL JOFFRE (BD",,,Plein jour,En agglomération,Hors intersection,Normale,Sans collision,,,,,,,,,,,1,2,1,1.0,7
201200041497,0012-11-08 08:45:00,12,11,8,8,45,920,2,"53, MIRABEAU (RUE)",,,Plein jour,En agglomération,Intersection en X,Normale,Autre collision,,,,,,,,,,,1,2,2,1.0,6
201200041498,0012-11-09 20:00:00,12,11,9,20,0,920,14,"70, MARECHAL JOFFRE (BD",,,Crépuscule ou aube,En agglomération,Hors intersection,Normale,Autre collision,,,,,,,,,,,2,2,1,1.0,6
201200041499,0012-12-15 13:00:00,12,12,15,13,0,920,2,"92, LEON BLUM (AVENUE)",,,Plein jour,En agglomération,Hors intersection,Normale,Deux véhicules - arrière,,,,,,,,,,,1,2,1,1.0,2
201200041500,0012-12-21 08:15:00,12,12,21,8,15,920,14,"171, GENERAL LECLERC (AV",,,Plein jour,En agglomération,Hors intersection,Normale,Autre collision,,,,,,,,,,,1,2,1,1.0,6
201200041501,0012-12-28 18:30:00,12,12,28,18,30,920,2,ARISTIDE BRIAND (AVENUE),,,Nuit avec éclairage allumé,En agglomération,Hors intersection,Normale,Autre collision,,,,,,,,,,,5,2,1,1.0,6
201200041502,0012-01-02 15:30:00,12,1,2,15,30,920,4,"45, ANDRE-CAYRON",48.91655,2.27849,Plein jour,En agglomération,Intersection en X,Normale,Deux véhicules - côté,,,,,,,,,,,1,2,2,1.0,3
201200041503,0012-01-03 13:30:00,12,1,3,13,30,920,4,"66, VOLTAIRE ( BD 16 A F",48.91545,2.29274,Plein jour,En agglomération,Intersection en X,Normale,Deux véhicules - côté,,,,,,,,,,,1,2,2,1.0,3
201200041504,0012-01-12 09:50:00,12,1,12,9,50,920,4,"32, GRANDE RUE CHARLES D",48.90683,2.28582,Plein jour,En agglomération,Intersection en T,Normale,Deux véhicules - côté,,,,,,,,,,,1,2,3,1.0,3
201200041505,0012-01-12 15:35:00,12,1,12,15,35,920,9,"NS, CHEVREUL ( AVENUE )",48.90742,2.26605,Plein jour,En agglomération,Intersection en X,Normale,Autre collision,,,,,,,,,,,1,2,2,1.0,6
201200041506,0012-01-18 12:00:00,12,1,18,12,0,920,4,"43, BOURGUIGNONS (RUE 2",,,Plein jour,En agglomération,Hors intersection,Normale,Deux véhicules - côté,,,,,,,,,,,1,2,1,1.0,3
201200041507,0012-01-27 06:30:00,12,1,27,6,30,920,4,"NS, INTERCOMMUNAL (B)",,,Nuit avec éclairage allumé,En agglomération,Intersection en X,Normale,Deux véhicules - côté,,,,,,,,,,,5,2,2,1.0,3
201200041508,0012-01-27 16:50:00,12,1,27,16,50,920,9,"19, AMIRAL COURBET  ( RU",,,Plein jour,En agglomération,Hors intersection,Normale,Autre collision,,,,,,,,,,,1,2,1,1.0,6
201200041509,0012-01-30 08:55:00,12,1,30,8,55,920,4,"NS, EGLISE  ( RUE DE L'",,,Plein jour,En agglomération,Intersection en X,Normale,Autre collision,,,,,,,,,,,1,2,2,1.0,6
201200041510,0012-02-10 14:45:00,12,2,10,14,45,920,4,BOURGUIGNONS / D'ARGENTE,,,Plein jour,En agglomération,Place,Normale,Autre collision,,,,,,,,,,,1,2,7,1.0,6
201200041511,0012-02-12 15:00:00,12,2,12,15,0,920,4,LAVERGNE / REDOUTE,,,Plein jour,En agglomération,Intersection en X,Normale,Deux véhicules - côté,,,,,,,,,,,1,2,2,1.0,3
201200041512,0012-02-14 09:00:00,12,2,14,9,0,920,4,"106, AV DES GRESILLONS",,,Plein jour,En agglomération,Hors intersection,Normale,Deux véhicules - arrière,,,,,,,,,,,1,2,1,1.0,2
201200041513,0012-02-14 10:40:00,12,2,14,10,40,920,4,LORRAINE / ROCHEREAU,,,Plein jour,En agglomération,Intersection en X,Normale,Autre collision,,,,,,,,,,,1,2,2,1.0,6
201200041514,0012-02-14 18:50:00,12,2,14,18,50,920,4,AV DE LA MARNE,,,Plein jour,En agglomération,Hors intersection,Normale,Autre collision,,,,,,,,,,,1,2,1,1.0,6
201200041515,0012-02-15 12:10:00,12,2,15,12,10,920,4,GRESILLONS/ NUMES,,,Plein jour,En agglomération,Intersection en T,Pluie légère,Deux véhicules - côté,,,,,,,,,,,1,2,3,2.0,3
201200041516,0012-02-22 17:30:00,12,2,22,17,30,920,9,AV DE L'AGENT SARRE,,,Plein jour,En agglomération,Hors intersection,Normale,Autre collision,,,,,,,,,,,1,2,1,1.0,6