accident_id,datetime,annee,mois,jour,heure,minute,departement,commune_insee,adresse,latitude,longitude,luminosite,agglomeration,intersection,meteo,collision,nb_vehicules,nb_usagers,nb_indemnes,nb_tues,nb_blesses_hosp,nb_blesses_legers,age_cond_1,age_cond_2,veh_type_cond_1,veh_type_cond_2,lum_code,agg_code,int_code,atm_code,col_code
201200041517,0012-02-29 08:50:00,12,2,29,8,50,920,4,"3, QU AULAGNIER",,,Plein jour,En agglomération,Hors intersection,Normale,Deux véhicules - côté,,,,,,,,,,,1,2,1,1.0,3
201200041518,0012-02-29 17:10:00,12,2,29,17,10,920,9,EUROPE / BRUYERES,,,Plein jour,En agglomération,Intersection en X,Normale,Deux véhicules - côté,,,,,,,,,,,1,2,2,1.0,3
201200041519,0012-03-04 18:20:00,12,3,4,18,20,920,4,"NS, PONT DE CLICHY",,,Nuit avec éclairage allumé,En agglomération,Intersection en X,Pluie légère,Deux véhicules - côté,,,,,,,,,,,5,2,2,2.0,3
201200041520,0012-03-09 09:35:00,12,3,9,9,35,920,4,"32, COMETE  ( RUE DE LA",,,Plein jour,En agglomération,Intersection en X,Normale,Deux véhicules - arrière,,,,,,,,,,,1,2,2,1.0,2
201200041521,0012-03-09 10:00:00,12,3,9,10,0,920,4,"NS, DOCTEUR DERVAUX  ( Q",,,Plein jour,En agglomération,Hors intersection,Normale,Deux véhicules - côté,,,,,,,,,,,1,2,1,1.0,3
201200041522,0012-03-12 18:35:00,12,3,12,18,35,920,4,"23, HG FONTAINE (Rue)",,,Plein jour,En agglomération,Hors intersection,Normale,Deux véhicules - arrière,,,,,,,,,,,1,2,1,1.0,2
201200041523,0012-03-16 15:50:00,12,3,16,15,50,920,4,"121, ARGENTEUIL AV D'",,,Plein jour,En agglomération,Hors intersection,Normale,Deux véhicules - côté,,,,,,,,,,,1,2,1,1.0,3
201200041524,0012-03-16 18:30:00,12,3,16,18,30,920,4,"87, MOURINOUX ( RUE DES",,,Plein jour,En agglomération,Hors intersection,Normale,Deux véhicules - arrière,,,,,,,,,,,1,2,1,1.0,2
201200041525,0012-03-19 12:10:00,12,3,19,12,10,920,4,"9, BAS ( RUE DES )",,,Plein jour,En agglomération,Hors intersection,Normale,Deux véhicules - arrière,,,,,,,,,,,1,2,1,1.0,2
201200041526,0012-03-21 14:30:00,12,3,21,14,30,920,9,"123, BOURGUIGNONS ( RUE",,,Plein jour,En agglomération,Intersection en X,Normale,Deux véhicules - côté,,,,,,,,,,,1,2,2,1.0,3
201200041527,0012-03-28 17:00:00,12,3,28,17,0,920,4,"36, MARNE   ( AVENUE DE",,,Plein jour,En agglomération,Intersection en X,Normale,Deux véhicules - frontale,,,,,,,,,,,1,2,2,1.0,1
201200041528,0012-03-28 21:20:00,12,3,28,21,20,920,4,"ns, ALMA DE L'",,,Nuit avec éclairage allumé,En agglomération,Intersection en X,Normale,Deux véhicules - côté,,,,,,,,,,,5,2,2,1.0,3
201200041529,0012-03-21 18:15:00,12,3,21,18,15,920,4,"NS, MAURICEAU",,,Plein jour,En agglomération,Intersection en T,Normale,Deux véhicules - côté,,,,,,,,,,,1,2,3,1.0,3
201200041530,0012-03-31 08:40:00,12,3,31,8,40,920,4,"6, FRERES CHAUSSON (RUE)",,,Plein jour,Hors agglomération,Hors intersection,Normale,Deux véhicules - arrière,,,,,,,,,,,1,1,1,1.0,2
201200041531,0012-04-04 16:45:00,12,4,4,16,45,920,4,"93, BAS ( RUE DES )",,,Plein jour,En agglomération,Hors intersection,Normale,Deux véhicules - côté,,,,,,,,,,,1,2,1,1.0,3
201200041532,0012-04-05 21:30:00,12,4,5,21,30,920,9,HENRI LITOLFF ( RUE,,,Crépuscule ou aube,En agglomération,Intersection en X,Normale,Deux véhicules - côté,,,,,,,,,,,2,2,2,1.0,3
201200041533,0012-04-06 17:15:00,12,4,6,17,15,920,4,"47, GRESILLONS ( AVENUE",,,Plein jour,En agglomération,Hors intersection,Normale,Autre collision,,,,,,,,,,,1,2,1,1.0,6
201200041534,0012-04-07 20:20:00,12,4,7,20,20,920,4,"NS, PIERRE DE COUBERTIN",,,Nuit avec éclairage allumé,En agglomération,Intersection en T,Normale,Deux véhicules - arrière,,,,,,,,,,,5,2,3,1.0,2
201200041535,0012-04-12 13:15:00,12,4,12,13,15,920,4,"03, GABRIEL PERI (AVE )",,,Plein jour,En agglomération,Intersection en Y,Normale,Autre collision,,,,,,,,,,,1,2,4,1.0,6
201200041536,0012-04-12 17:55:00,12,4,12,17,55,920,4,QUAI DOCTEUR DERVAUX,,,Plein jour,En agglomération,Intersection en X,Normale,Trois véhicules et plus - en chaîne,,,,,,,,,,,1,2,2,1.0,4
201200041537,0012-04-12 20:30:00,12,4,12,20,30,920,4,"02, HOTEL DE VILLE   ( P",,,Nuit avec éclairage allumé,En agglomération,Place,Normale,Deux véhicules - côté,,,,,,,,,,,5,2,7,1.0,3
201200041538,0012-04-13 18:40:00,12,4,13,18,40,920,4,"29, EMILE ZOLA ( RUE )",,,Plein jour,En agglomération,Hors intersection,Normale,Autre collision,,,,,,,,,,,1,2,1,1.0,6
201200041539,0012-04-13 22:20:00,12,4,13,22,20,920,4,"NS, AULAGNIER ( QUAI )",,,Nuit avec éclairage allumé,En agglomération,Intersection en X,Normale,Autre collision,,,,,,,,,,,5,2,2,1.0,6
201200041540,0012-04-17 13:30:00,12,4,17,13,30,920,4,"04, LOUIS ARMAND",,,Plein jour,En agglomération,Hors intersection,Pluie légère,Deux véhicules - côté,,,,,,,,,,,1,2,1,2.0,3
201200041541,0012-04-17 17:40:00,12,4,17,17,40,920,9,"21, EUROPE (AVENUE)",,,Plein jour,En agglomération,Intersection en X,Temps couvert,Autre collision,,,,,,,,,,,1,2,2,8.0,6
201200041542,0012-04-18 12:00:00,12,4,18,12,0,920,4,"36, AV DE LA MARNE",,,Plein jour,En agglomération,Intersection en X,Normale,Deux véhicules - frontale,,,,,,,,,,,1,2,2,1.0,1
201200041543,0012-04-19 19:20:00,12,4,19,19,20,920,4,"NS, FAIDHERBE ( AVENUE )",,,Plein jour,En agglomération,Intersection en X,Normale,Deux véhicules - côté,,,,,,,,,,,1,2,2,1.0,3
201200041544,0012-04-20 16:35:00,12,4,20,16,35,920,4,"10, GRANDE RUE CHARLES D",,,Plein jour,En agglomération,Hors intersection,Normale,Deux véhicules - côté,,,,,,,,,,,1,2,1,1.0,3
201200041545,0012-04-22 19:40:00,12,4,22,19,40,920,4,"85, COLOMBES ( RUE DE 31",,,Plein jour,En agglomération,Intersection en T,Normale,Deux véhicules - côté,,,,,,,,,,,1,2,3,1.0,3
201200041546,0012-04-23 16:30:00,12,4,23,16,30,920,4,"NS, GABRIEL PERI (AVE )",,,Plein jour,En agglomération,Giratoire,Pluie légère,Deux véhicules - côté,,,,,,,,,,,1,2,6,2.0,3
201200041547,0012-04-25 07:00:00,12,4,25,7,0,920,4,"ns, PIERRE BOUDOU",,,Plein jour,En agglomération,Intersection en X,Normale,Deux véhicules - côté,,,,,,,,,,,1,2,2,1.0,3
201200041548,0012-04-27 08:50:00,12,4,27,8,50,920,4,"290, ARGENTEUIL N? 176 A",,,Plein jour,En agglomération,Hors intersection,Normale,Trois véhicules et plus - en chaîne,,,,,,,,,,,1,2,1,1.0,4
201200041549,0012-05-02 17:20:00,12,5,2,17,20,920,4,"53, AV DE LA MARNE",,,Plein jour,En agglomération,Intersection en X,Normale,Autre collision,,,,,,,,,,,1,2,2,1.0,6
201200041550,0012-05-03 09:20:00,12,5,3,9,20,920,9,AV DE L'EUROPE,,,Plein jour,En agglomération,Intersection en X,Normale,Deux véhicules - côté,,,,,,,,,,,1,2,2,1.0,3
201200041551,0012-05-08 11:15:00,12,5,8,11,15,920,4,AV LAURENT-CELY,,,Plein jour,Hors agglomération,Intersection en Y,Normale,Deux véhicules - côté,,,,,,,,,,,1,1,4,1.0,3
201200041552,0012-05-12 01:10:00,12,5,12,1,10,920,4,"ns, INTERCOMMUNAL (B)",,,Nuit avec éclairage allumé,En agglomération,Intersection en T,Normale,Deux véhicules - côté,,,,,,,,,,,5,2,3,1.0,3
201200041553,0012-05-13 11:00:00,12,5,13,11,0,920,4,"34, BOURGUIGNONS (RUE 2",,,Plein jour,En agglomération,Intersection en X,Normale,Deux véhicules - côté,,,,,,,,,,,1,2,2,1.0,3
201200041554,0012-05-16 17:30:00,12,5,16,17,30,920,4,DOCTEUR DERVAUX,,,Plein jour,En agglomération,Intersection en X,Normale,Deux véhicules - côté,,,,,,,,,,,1,2,2,1.0,3
201200041555,0012-05-19 20:40:00,12,5,19,20,40,920,4,"ns, VOISIN",,,Plein jour,En agglomération,Intersection en T,Pluie légère,Autre collision,,,,,,,,,,,1,2,3,2.0,6
201200041556,0012-05-20 16:05:00,12,5,20,16,5,920,4,"NS, COLOMBES ( RUE DE 31",,,Plein jour,En agglomération,Intersection en X,Normale,Deux véhicules - côté,,,,,,,,,,,1,2,2,1.0,3
201200041557,0012-05-23 09:30:00,12,5,23,9,30,920,4,"NS, DOCTEUR DERVAUX  ( Q",,,Plein jour,En agglomération,Giratoire,Normale,Deux véhicules - côté,,,,,,,,,,,1,2,6,1.0,3
201200041558,0012-05-24 11:25:00,12,5,24,11,25,920,4,"47, GRESILLONS ( AVENUE",,,Plein jour,En agglomération,Hors intersection,Normale,Autre collision,,,,,,,,,,,1,2,1,1.0,6
201200041559,0012-05-25 19:10:00,12,5,25,19,10,920,4,"241, ARGENTEUIL N? 176 A",,,Plein jour,En agglomération,Intersection en X,Normale,Trois véhicules et plus - collisions multiples,,,,,,,,,,,1,2,2,1.0,5
201200041560,0012-05-28 07:40:00,12,5,28,7,40,920,4,"83, DOCTEUR DERVAUX",,,Plein jour,En agglomération,Hors intersection,Normale,Deux véhicules - arrière,,,,,,,,,,,1,2,1,1.0,2
201200041561,0012-05-29 07:25:00,12,5,29,7,25,920,4,"8, GRANDE RUE CHARLES DE",,,Plein jour,En agglomération,Hors intersection,Normale,Trois véhicules et plus - en chaîne,,,,,,,,,,,1,2,1,1.0,4
201200041562,0012-05-30 01:45:00,12,5,30,1,45,920,9,"29,R DES BOURGUIGNONS",,,Nuit avec éclairage allumé,En agglomération,Hors intersection,Normale,Autre collision,,,,,,,,,,,5,2,1,1.0,6
201200041563,0012-05-31 20:05:00,12,5,31,20,5,920,4,"352, ARGENTEUIL N? 176 A",,,Plein jour,En agglomération,Hors intersection,Normale,Autre collision,,,,,,,,,,,1,2,1,1.0,6
201200041564,0012-06-04 08:25:00,12,6,4,8,25,920,4,"NS, PIERRE DE COUBERTIN",,,Plein jour,En agglomération,Intersection en X,Normale,Deux véhicules - côté,,,,,,,,,,,1,2,2,1.0,3
201200041565,0012-06-05 00:30:00,12,6,5,0,30,920,4,"NS, PIERRE BROSSOLETTE",,,Nuit avec éclairage allumé,En agglomération,Intersection en X,Normale,Deux véhicules - côté,,,,,,,,,,,5,2,2,1.0,3
201200041566,0012-06-13 19:40:00,12,6,13,19,40,920,4,"NS, DOCTEUR DERVAUX  ( Q",,,Plein jour,En agglomération,Hors intersection,Pluie légère,Deux véhicules - côté,,,,,,,,,,,1,2,1,2.0,3
201200041567,0012-06-14 08:30:00,12,6,14,8,30,920,4,"288, ARGENTEUIL N? 176 A",,,Plein jour,En agglomération,Hors intersection,Normale,Deux véhicules - côté,,,,,,,,,,,1,2,1,1.0,3
201200041568,0012-06-19 17:50:00,12,6,19,17,50,920,4,"23, HENRI POINCARE",,,Plein jour,En agglomération,Hors intersection,Normale,Autre collision,,,,,,,,,,,1,2,1,1.0,6
201200041569,0012-06-21 10:00:00,12,6,21,10,0,920,4,"79, VOLTAIRE ( BD 16 A F",,,Plein jour,En agglomération,Intersection en X,Temps couvert,Deux véhicules - côté,,,,,,,,,,,1,2,2,8.0,3
201200041570,0012-06-21 17:25:00,12,6,21,17,25,920,9,"14, EUROPE (AVENUE)",,,Plein jour,En agglomération,Intersection en X,Normale,Deux véhicules - côté,,,,,,,,,,,1,2,2,1.0,3
201200041571,0012-06-22 12:10:00,12,6,22,12,10,920,4,"NS, VOLTAIRE  ( PLACE )",,,Plein jour,En agglomération,Intersection en X,Normale,Autre collision,,,,,,,,,,,1,2,2,1.0,6
201200041572,0012-06-25 17:00:00,12,6,25,17,0,920,4,"NS, DOCTEUR DERVAUX  ( Q",,,Plein jour,Hors agglomération,Hors intersection,Normale,Autre collision,,,,,,,,,,,1,1,1,1.0,6
201200041573,0012-06-29 11:00:00,12,6,29,11,0,920,4,"NS, VICTOIRES  ( PLACE D",,,Plein jour,En agglomération,Hors intersection,Normale,Autre collision,,,,,,,,,,,1,2,1,1.0,6
201200041574,0012-06-29 15:00:00,12,6,29,15,0,920,4,"93, MARNE   ( AVENUE DE",,,Plein jour,En agglomération,Intersection en X,Normale,Deux véhicules - frontale,,,,,,,,,,,1,2,2,1.0,1
201200041575,0012-07-01 16:30:00,12,7,1,16,30,920,4,"3-5, ROBERT LAVERGNE ( R",,,Plein jour,En agglomération,Intersection en X,Normale,Deux véhicules - côté,,,,,,,,,,,1,2,2,1.0,3
201200041576,0012-07-03 21:10:00,12,7,3,21,10,920,4,"NS, ARGENTEUIL N? 176 A",,,Plein jour,En agglomération,Intersection en X,Normale,Deux véhicules - côté,,,,,,,,,,,1,2,2,1.0,3
201200041577,0012-07-06 20:20:00,12,7,6,20,20,920,9,"96, CHARLES-DE-GAULLE (",,,Plein jour,En agglomération,Hors intersection,Normale,Autre collision,,,,,,,,,,,1,2,1,1.0,6
201200041578,0012-07-11 21:30:00,12,7,11,21,30,920,9,"07, EUROPE (AVENUE)",,,Plein jour,En agglomération,Hors intersection,Normale,Deux véhicules - côté,,,,,,,,,,,1,2,1,1.0,3
201200041579,0012-07-11 21:30:00,12,7,11,21,30,920,4,"19, GRESILLONS ( AVENUE",,,Plein jour,En agglomération,Intersection en X,Normale,Deux véhicules - côté,,,,,,,,,,,1,2,2,1.0,3
201200041580,0012-07-13 07:55:00,12,7,13,7,55,920,4,"59, ARGENTEUIL AV D'",,,Plein jour,En agglomération,Hors intersection,Temps couvert,Trois véhicules et plus - collisions multiples,,,,,,,,,,,1,2,1,8.0,5
201200041581,0012-07-17 07:10:00,12,7,17,7,10,920,4,"NS, GRESILLONS ( AVENUE",,,Plein jour,En agglomération,Hors intersection,Normale,Autre collision,,,,,,,,,,,1,2,1,1.0,6
201200041582,0012-07-21 11:00:00,12,7,21,11,0,920,9,"NS, EUROPE (AVENUE)",,,Plein jour,En agglomération,Intersection en X,Normale,Deux véhicules - côté,,,,,,,,,,,1,2,2,1.0,3
201200041583,0012-07-28 12:15:00,12,7,28,12,15,920,4,"30, BOURGUIGNONS (RUE 2",,,Plein jour,En agglomération,Hors intersection,Normale,Deux véhicules - côté,,,,,,,,,,,1,2,1,1.0,3
201200041584,0012-07-29 22:20:00,12,7,29,22,20,920,4,"66, BOURGUIGNONS (RUE 2",,,Nuit avec éclairage allumé,En agglomération,Hors intersection,Normale,Autre collision,,,,,,,,,,,5,2,1,1.0,6
201200041585,0012-08-02 13:35:00,12,8,2,13,35,920,4,"NS, VOLTAIRE  ( PLACE )",,,Plein jour,En agglomération,Hors intersection,Normale,Deux véhicules - arrière,,,,,,,,,,,1,2,1,1.0,2
201200041586,0012-08-14 17:00:00,12,8,14,17,0,920,4,"25, AULAGNIER ( QUAI )",,,Plein jour,En agglomération,Hors intersection,Normale,Trois véhicules et plus - en chaîne,,,,,,,,,,,1,2,1,1.0,4
201200041587,0012-08-21 17:00:00,12,8,21,17,0,920,4,"NS, GRESILLONS ( AVENUE",,,Plein jour,En agglomération,Intersection en X,Normale,Deux véhicules - côté,,,,,,,,,,,1,2,2,1.0,3
201200041588,0012-08-28 20:30:00,12,8,28,20,30,920,4,"NS, AULAGNIER ( QUAI )",,,Plein jour,En agglomération,Hors intersection,Normale,Autre collision,,,,,,,,,,,1,2,1,1.0,6
201200041589,0012-08-30 12:40:00,12,8,30,12,40,920,4,"NS, DOCTEUR DERVAUX  ( Q",,,Plein jour,En agglomération,Autre intersection,Normale,Deux véhicules - arrière,,,,,,,,,,,1,2,9,1.0,2
201200041590,0012-09-04 20:30:00,12,9,4,20,30,920,4,"NS, MARNE   ( AVENUE DE",,,Nuit avec éclairage allumé,En agglomération,Autre intersection,Normale,Deux véhicules - côté,,,,,,,,,,,5,2,9,1.0,3
201200041591,0012-09-06 17:55:00,12,9,6,17,55,920,4,"NS, ARGENTEUIL AV D'",,,Plein jour,En agglomération,Intersection en X,Normale,Autre collision,,,,,,,,,,,1,2,2,1.0,6
201200041592,0012-09-09 09:55:00,12,9,9,9,55,920,4,"NS, ARGENTEUIL N? 176 A",,,Plein jour,En agglomération,Hors intersection,Normale,Autre collision,,,,,,,,,,,1,2,1,1.0,6
201200041593,0012-09-25 18:00:00,12,9,25,18,0,920,9,"NR, ESTIENNE D'ORVES ( R",,,Plein jour,En agglomération,Hors intersection,Normale,Deux véhicules - côté,,,,,,,,,,,1,2,1,1.0,3
201200041594,0012-09-28 10:30:00,12,9,28,10,30,920,4,"12, FRERES CHAUSSON (RUE",,,Plein jour,En agglomération,Autre intersection,Normale,Autre collision,,,,,,,,,,,1,2,9,1.0,6
201200041595,0012-09-30 19:00:00,12,9,30,19,0,920,4,"38, BOURGUIGNONS (RUE 2",,,Plein jour,En agglomération,Hors intersection,Normale,Deux véhicules - côté,,,,,,,,,,,1,2,1,1.0,3
201200041596,0012-09-30 20:05:00,12,9,30,20,5,920,4,"315, ARGENTEUIL N? 176 A",,,Nuit avec éclairage allumé,En agglomération,Hors intersection,Normale,Deux véhicules - côté,,,,,,,,,,,5,2,1,1.0,3
201200041597,0012-10-01 15:30:00,12,10,1,15,30,920,4,"50, ARGENTEUIL AV D'",,,Plein jour,En agglomération,Intersection en X,Normale,Trois véhicules et plus - en chaîne,,,,,,,,,,,1,2,2,1.0,4
201200041598,0012-10-02 09:00:00,12,10,2,9,0,920,4,"NS, INTERCOMMUNAL (B)",,,Plein jour,En agglomération,Intersection en X,Normale,Trois véhicules et plus - collisions multiples,,,,,,,,,,,1,2,2,1.0,5
201200041599,0012-10-02 17:00:00,12,10,2,17,0,920,4,"183, ARGENTEUIL N? 176 A",,,Plein jour,En agglomération,Hors intersection,Normale,Autre collision,,,,,,,,,,,1,2,1,1.0,6
201200041600,0012-10-03 15:50:00,12,10,3,15,50,920,4,"307, ARGENTEUIL N? 176 A",,,Plein jour,En agglomération,Hors intersection,Pluie légère,Deux véhicules - côté,,,,,,,,,,,1,2,1,2.0,3
201200041601,0012-10-04 10:00:00,12,10,4,10,0,920,9,"5, HENRI LITOLFF ( RUE )",,,Plein jour,En agglomération,Hors intersection,Normale,Sans collision,,,,,,,,,,,1,2,1,1.0,7
201200041602,0012-10-08 20:10:00,12,10,8,20,10,920,4,"135, ARGENTEUIL (AV D')",,,Nuit avec éclairage allumé,En agglomération,Intersection en X,Pluie légère,Deux véhicules - côté,,,,,,,,,,,5,2,2,2.0,3
201200041603,0012-10-09 06:10:00,12,10,9,6,10,920,4,"104, GRESILLONS ( AVENUE",,,Nuit avec éclairage allumé,En agglomération,Hors intersection,Pluie légère,Autre collision,,,,,,,,,,,5,2,1,2.0,6
201200041604,0012-10-09 07:40:00,12,10,9,7,40,920,4,"NS, REDOUTE ( AVENUE DE",,,Nuit avec éclairage allumé,En agglomération,Intersection en X,Temps couvert,Trois véhicules et plus - en chaîne,,,,,,,,,,,5,2,2,8.0,4
201200041605,0012-10-10 20:00:00,12,10,10,20,0,920,4,"NS, ARGENTEUIL AV D'",,,Crépuscule ou aube,En agglomération,Intersection en X,Normale,Deux véhicules - côté,,,,,,,,,,,2,2,2,1.0,3
201200041606,0012-10-14 23:30:00,12,10,14,23,30,920,4,"NS, ARGENTEUIL AV D'",,,Nuit avec éclairage allumé,En agglomération,Intersection en X,Normale,Deux véhicules - côté,,,,,,,,,,,5,2,2,1.0,3
201200041607,0012-10-16 08:10:00,12,10,16,8,10,920,4,"66, VOLTAIRE ( BD 16 A F",,,Plein jour,En agglomération,Hors intersection,Normale,Autre collision,,,,,,,,,,,1,2,1,1.0,6
201200041608,0012-10-16 17:30:00,12,10,16,17,30,920,4,"41, VOLTAIRE ( BD 16 A F",,,Plein jour,En agglomération,Hors intersection,Normale,Autre collision,,,,,,,,,,,1,2,1,1.0,6
201200041609,0012-10-18 18:05:00,12,10,18,18,5,920,26,"NS, Armand Sylvestre (ru",,,Crépuscule ou aube,En agglomération,Intersection en T,Pluie forte,Trois véhicules et plus - collisions multiples,,,,,,,,,,,2,2,3,3.0,5
201200041610,0012-10-18 13:45:00,12,10,18,13,45,920,4,"54, GABRIEL PERI (AVE )",,,Plein jour,En agglomération,Hors intersection,Normale,Deux véhicules - arrière,,,,,,,,,,,1,2,1,1.0,2
201200041611,0012-10-22 20:30:00,12,10,22,20,30,920,4,"NS, INTERCOMMUNAL (B)",,,Nuit avec éclairage allumé,En agglomération,Intersection en X,Normale,Deux véhicules - côté,,,,,,,,,,,5,2,2,1.0,3
201200041612,0012-10-24 02:50:00,12,10,24,2,50,920,44,"NS, Guesdes Jules (Rue)",,,Nuit avec éclairage allumé,En agglomération,Intersection en X,Normale,Deux véhicules - côté,,,,,,,,,,,5,2,2,1.0,3
201200041613,0012-10-25 17:30:00,12,10,25,17,30,920,4,"43, PIERRE BROSSOLETTE",,,Plein jour,En agglomération,Hors intersection,Normale,Deux véhicules - côté,,,,,,,,,,,1,2,1,1.0,3
201200041614,0012-10-26 07:10:00,12,10,26,7,10,920,4,"NS, BAS ( RUE DES )",,,Crépuscule ou aube,En agglomération,Hors intersection,Normale,Deux véhicules - côté,,,,,,,,,,,2,2,1,1.0,3
201200041615,0012-10-29 11:15:00,12,10,29,11,15,920,4,"NS, LAURENT-CELY  ( AVEN",,,Plein jour,En agglomération,Hors intersection,Normale,Deux véhicules - arrière,,,,,,,,,,,1,2,1,1.0,2
201200041616,0012-11-01 12:15:00,12,11,1,12,15,920,4,"28, REDOUTE ( AVENUE DE",,,Plein jour,En agglomération,Hors intersection,Normale,Autre collision,,,,,,,,,,,1,2,1,1.0,6
201200041617,0012-11-03 17:30:00,12,11,3,17,30,920,9,"ns, EUROPE (AVENUE)",,,Plein jour,En agglomération,Intersection en X,Normale,Autre collision,,,,,,,,,,,1,2,2,1.0,6
201200041618,0012-11-20 21:50:00,12,11,20,21,50,920,9,"NS, CHARLES-DE-GAULLE (",,,Nuit avec éclairage allumé,En agglomération,Intersection en X,Normale,Deux véhicules - côté,,,,,,,,,,,5,2,2,1.0,3
201200041619,0012-11-23 17:45:00,12,11,23,17,45,920,9,"36, CHEVREUL ( AVENUE )",,,Crépuscule ou aube,En agglomération,Hors intersection,Pluie légère,Autre collision,,,,,,,,,,,2,2,1,2.0,6
201200041620,0012-11-24 05:15:00,12,11,24,5,15,920,4,"NS, MARNE   ( AVENUE DE",,,Nuit avec éclairage allumé,En agglomération,Intersection en T,Normale,Deux véhicules - côté,,,,,,,,,,,5,2,3,1.0,3
201200041621,0012-11-24 05:25:00,12,11,24,5,25,920,4,"NS, GRESILLONS ( AVENUE",,,Nuit avec éclairage allumé,En agglomération,Hors intersection,Pluie légère,Deux véhicules - côté,,,,,,,,,,,5,2,1,2.0,3
201200041622,0012-11-26 13:10:00,12,11,26,13,10,920,4,"16, PIERRE BROSSOLETTE",,,Plein jour,En agglomération,Intersection en X,Normale,Autre collision,,,,,,,,,,,1,2,2,1.0,6
201200041623,0012-11-27 18:30:00,12,11,27,18,30,920,4,"NS, ARGENTEUIL N? 176 A",,,Crépuscule ou aube,En agglomération,Intersection en X,Pluie légère,Deux véhicules - côté,,,,,,,,,,,2,2,2,2.0,3
201200041624,0012-11-28 07:40:00,12,11,28,7,40,920,9,"NS, AMIRAL COURBET  ( RU",,,Crépuscule ou aube,En agglomération,Intersection en X,Normale,Autre collision,,,,,,,,,,,2,2,2,1.0,6
201200041625,0012-11-28 09:40:00,12,11,28,9,40,920,4,"50, ARGENTEUIL AV D'",,,Plein jour,En agglomération,Intersection en T,Normale,Deux véhicules - côté,,,,,,,,,,,1,2,3,1.0,3
201200041626,0012-11-29 04:30:00,12,11,29,4,30,920,4,"NS, BOURGUIGNONS ( RUE D",,,Nuit avec éclairage allumé,En agglomération,Intersection en X,Pluie légère,Deux véhicules - côté,,,,,,,,,,,5,2,2,2.0,3
201200041627,0012-11-29 06:15:00,12,11,29,6,15,920,4,"352, ARGENTEUIL N? 176 A",,,Nuit avec éclairage allumé,En agglomération,Intersection en T,Pluie légère,Deux véhicules - côté,,,,,,,,,,,5,2,3,2.0,3
201200041628,0012-12-01 22:10:00,12,12,1,22,10,920,4,"62, ARGENTEUIL AV D'",,,Nuit avec éclairage allumé,En agglomération,Hors intersection,Pluie légère,Sans collision,,,,,,,,,,,5,2,1,2.0,7
201200041629,0012-12-02 08:15:00,12,12,2,8,15,920,4,"NS, PONT D'ASNIERES",,,Nuit avec éclairage allumé,En agglomération,Hors intersection,Autre,Sans collision,,,,,,,,,,,5,2,1,9.0,7
201200041630,0012-12-04 14:55:00,12,12,4,14,55,920,4,"ns, HOTEL DE VILLE   ( P",,,Plein jour,En agglomération,Intersection en X,Normale,Autre collision,,,,,,,,,,,1,2,2,1.0,6
201200041631,0012-12-04 19:50:00,12,12,4,19,50,920,4,"NS, ABBE GLATZ DE L'",,,Nuit avec éclairage non allumé,En agglomération,Intersection en Y,Pluie légère,Autre collision,,,,,,,,,,,4,2,4,2.0,6
201200041632,0012-12-06 07:50:00,12,12,6,7,50,920,4,"NS, PAUL BERT",,,Crépuscule ou aube,En agglomération,Intersection en X,Normale,Autre collision,,,,,,,,,,,2,2,2,1.0,6
201200041633,0012-12-06 19:00:00,12,12,6,19,0,920,4,"148, ARGENTEUIL AV D'",,,Nuit avec éclairage allumé,En agglomération,Intersection en X,Normale,Deux véhicules - côté,,,,,,,,,,,5,2,2,1.0,3
201200041634,0012-12-07 17:05:00,12,12,7,17,5,920,4,"19, NORMANDIE  ( RUE DE",,,Plein jour,En agglomération,Hors intersection,Pluie légère,Autre collision,,,,,,,,,,,1,2,1,2.0,6
201200041635,0012-12-10 18:00:00,12,12,10,18,0,920,4,"9, BAS ( RUE DES )",,,Nuit avec éclairage allumé,En agglomération,Place,Normale,Autre collision,,,,,,,,,,,5,2,7,1.0,6
201200041636,0012-12-11 09:45:00,12,12,11,9,45,920,4,"NS, BOURGUIGNONS  ( PL )",,,Plein jour,En agglomération,Intersection en X,Normale,Autre collision,,,,,,,,,,,1,2,2,1.0,6
201200041637,0012-12-11 11:30:00,12,12,11,11,30,920,4,", GRESILLONS ( AVENUE DE",,,Plein jour,En agglomération,Intersection en T,Normale,Deux véhicules - côté,,,,,,,,,,,1,2,3,1.0,3
201200041638,0012-12-11 18:00:00,12,12,11,18,0,920,9,"NS, GENERAL LECLERC ( RU",,,Nuit avec éclairage allumé,En agglomération,Intersection en T,Normale,Autre collision,,,,,,,,,,,5,2,3,1.0,6
201200041639,0012-12-12 06:35:00,12,12,12,6,35,920,4,"103, DOCTEUR DERVAUX  (",,,Nuit avec éclairage allumé,En agglomération,Hors intersection,Normale,Deux véhicules - arrière,,,,,,,,,,,5,2,1,1.0,2
201200041640,0012-12-12 20:45:00,12,12,12,20,45,920,4,"NS, PIERRE DE COUBERTIN",,,Nuit avec éclairage allumé,En agglomération,Hors intersection,Normale,Deux véhicules - côté,,,,,,,,,,,5,2,1,1.0,3
201200041641,0012-12-17 18:00:00,12,12,17,18,0,920,9,BOIS COLOMBES ( RUE DE ),,,Nuit avec éclairage allumé,En agglomération,Hors intersection,Normale,Deux véhicules - côté,,,,,,,,,,,5,2,1,1.0,3
201200041642,0012-12-22 23:20:00,12,12,22,23,20,920,4,"ns, MENIL",,,Nuit avec éclairage allumé,En agglomération,Intersection en X,Pluie légère,Autre collision,,,,,,,,,,,5,2,2,2.0,6
201200041643,0012-12-23 06:10:00,12,12,23,6,10,920,4,"ns, AULAGNIER ( QUAI )",,,Nuit avec éclairage allumé,En agglomération,Intersection en T,Normale,Autre collision,,,,,,,,,,,5,2,3,1.0,6
201200041644,0012-12-25 13:15:00,12,12,25,13,15,920,4,"ns, BAS ( RUE DES )",,,Plein jour,En agglomération,Intersection en X,Normale,Deux véhicules - côté,,,,,,,,,,,1,2,2,1.0,3