accident_id,datetime,annee,mois,jour,heure,minute,departement,commune_insee,adresse,latitude,longitude,luminosite,agglomeration,intersection,meteo,collision,nb_vehicules,nb_usagers,nb_indemnes,nb_tues,nb_blesses_hosp,nb_blesses_legers,age_cond_1,age_cond_2,veh_type_cond_1,veh_type_cond_2,lum_code,agg_code,int_code,atm_code,col_code
201200041645,0012-12-27 19:55:00,12,12,27,19,55,920,4,"NS, ARGENTEUIL N? 176 A",,,Nuit avec éclairage allumé,En agglomération,Intersection en T,Normale,Deux véhicules - côté,,,,,,,,,,,5,2,3,1.0,3
201200041646,0012-12-28 12:55:00,12,12,28,12,55,920,4,"NS, EGLISE  ( RUE DE L'",,,Plein jour,En agglomération,Hors intersection,Normale,Deux véhicules - frontale,,,,,,,,,,,1,2,1,1.0,1
201200041647,0012-12-28 14:45:00,12,12,28,14,45,920,4,"NS, ROBERT DUPONT",,,Plein jour,En agglomération,Hors intersection,Normale,Autre collision,,,,,,,,,,,1,2,1,1.0,6
201200041648,0012-01-05 08:20:00,12,1,5,8,20,920,7,RAVERA (AVENUE HENRI) N?,,,Crépuscule ou aube,En agglomération,Giratoire,Pluie légère,Deux véhicules - côté,,,,,,,,,,,2,2,6,2.0,3
201200041649,0012-01-08 00:20:00,12,1,8,0,20,920,7,PERROTIN (RUE),,,Nuit avec éclairage allumé,En agglomération,Giratoire,Normale,Deux véhicules - côté,,,,,,,,,,,5,2,6,1.0,3
201200041650,0012-01-10 15:20:00,12,1,10,15,20,920,7,MARTYRS DE CHATEAUBRIANT,,,Plein jour,En agglomération,Giratoire,Normale,Deux véhicules - côté,,,,,,,,,,,1,2,6,1.0,3
201200041651,0012-01-10 20:50:00,12,1,10,20,50,920,7,VAILLANT-COUTURIER (AVEN,,,Nuit avec éclairage allumé,En agglomération,Intersection en X,Normale,Deux véhicules - côté,,,,,,,,,,,5,2,2,1.0,3
201200041652,0012-01-12 18:50:00,12,1,12,18,50,920,7,BRIAND (AVENUE ARISTIDE),,,Nuit avec éclairage allumé,En agglomération,Hors intersection,Normale,Deux véhicules - côté,,,,,,,,,,,5,2,1,1.0,3
201200041653,0012-01-13 08:45:00,12,1,13,8,45,920,7,"9, FROIDE (RUE)",,,Plein jour,En agglomération,Hors intersection,Normale,Autre collision,,,,,,,,,,,1,2,1,1.0,6
201200041654,0012-01-17 09:20:00,12,1,17,9,20,920,7,LEDRU-ROLLIN (RUE),,,Plein jour,En agglomération,Intersection en T,Normale,Deux véhicules - côté,,,,,,,,,,,1,2,3,1.0,3
201200041655,0012-01-28 15:05:00,12,1,28,15,5,920,7,VAILLANT-COUTURIER (AVEN,,,Plein jour,En agglomération,Intersection en X,Pluie légère,Deux véhicules - côté,,,,,,,,,,,1,2,2,2.0,3
201200041656,0012-02-22 08:50:00,12,2,22,8,50,920,7,BRIAND / PETIT,,,Plein jour,En agglomération,Intersection en X,Normale,Deux véhicules - côté,,,,,,,,,,,1,2,2,1.0,3
201200041657,0012-02-26 20:20:00,12,2,26,20,20,920,7,PASTEUR / MEUNIERS,,,Nuit avec éclairage allumé,En agglomération,Intersection en X,Normale,Deux véhicules - côté,,,,,,,,,,,5,2,2,1.0,3
201200041658,0012-03-02 22:40:00,12,3,2,22,40,920,7,MEUNIERS (RUE DES),,,Nuit avec éclairage allumé,En agglomération,Intersection en T,Normale,Deux véhicules - côté,,,,,,,,,,,5,2,3,1.0,3
201200041659,0012-03-08 20:40:00,12,3,8,20,40,920,7,"212, BRIAND (AVENUE ARIS",,,Nuit avec éclairage allumé,En agglomération,Intersection en T,Normale,Autre collision,,,,,,,,,,,5,2,3,1.0,6
201200041660,0012-03-15 13:50:00,12,3,15,13,50,920,7,PETIT (AVENUE ALBERT) N?,,,Plein jour,En agglomération,Intersection en X,Normale,Deux véhicules - côté,,,,,,,,,,,1,2,2,1.0,3
201200041661,0012-03-15 14:50:00,12,3,15,14,50,920,7,MEUNIERS (RUE DES),,,Plein jour,En agglomération,Intersection en X,Normale,Deux véhicules - côté,,,,,,,,,,,1,2,2,1.0,3
201200041662,0012-03-16 17:45:00,12,3,16,17,45,920,7,DORMOY (AVENUE MARX),,,Plein jour,En agglomération,Intersection en X,Normale,Deux véhicules - côté,,,,,,,,,,,1,2,2,1.0,3
201200041663,0012-04-02 08:30:00,12,4,2,8,30,920,7,PLUCHET (RUE ALPHONSE),,,Plein jour,En agglomération,Intersection en Y,Normale,Deux véhicules - côté,,,,,,,,,,,1,2,4,1.0,3
201200041664,0012-04-04 12:25:00,12,4,4,12,25,920,7,"28, LISETTE (RUE DE LA)",,,Plein jour,En agglomération,Hors intersection,Normale,Autre collision,,,,,,,,,,,1,2,1,1.0,6
201200041665,0012-04-05 10:20:00,12,4,5,10,20,920,7,MARIN-NAUDIN (RUE JEAN),,,Plein jour,En agglomération,Intersection en T,Normale,Deux véhicules - côté,,,,,,,,,,,1,2,3,1.0,3
201200041666,0012-04-12 13:30:00,12,4,12,13,30,920,7,PASTEUR (AVENUE LOUIS) N,,,Plein jour,En agglomération,Intersection en X,Normale,Autre collision,,,,,,,,,,,1,2,2,1.0,6
201200041667,0012-04-18 20:45:00,12,4,18,20,45,920,7,BARBUSSE (AVENUE HENRI),,,Nuit avec éclairage allumé,En agglomération,Intersection en X,Pluie forte,Deux véhicules - côté,,,,,,,,,,,5,2,2,3.0,3
201200041668,0012-04-14 15:50:00,12,4,14,15,50,920,7,BRIAND (AVENUE ARISTIDE),,,Plein jour,En agglomération,Intersection en T,Normale,Deux véhicules - arrière,,,,,,,,,,,1,2,3,1.0,2
201200041669,0012-04-26 03:20:00,12,4,26,3,20,920,7,"102, BRIAND (AVENUE ARIS",,,Nuit avec éclairage allumé,En agglomération,Hors intersection,Normale,Deux véhicules - côté,,,,,,,,,,,5,2,1,1.0,3
201200041670,0012-05-07 10:00:00,12,5,7,10,0,920,7,BRIAND (AVENUE ARISTIDE),,,Plein jour,En agglomération,Intersection en X,Normale,Autre collision,,,,,,,,,,,1,2,2,1.0,6
201200041671,0012-05-10 13:45:00,12,5,10,13,45,920,7,"122, PASTEUR (RUE)",,,Plein jour,En agglomération,Intersection en T,Normale,Deux véhicules - frontale,,,,,,,,,,,1,2,3,1.0,1
201200041672,0012-05-10 18:15:00,12,5,10,18,15,920,7,"1, FROIDE (RUE)",,,Plein jour,En agglomération,Hors intersection,Normale,Autre collision,,,,,,,,,,,1,2,1,1.0,6
201200041673,0012-05-12 15:05:00,12,5,12,15,5,920,7,"162, DORMOY (AVENUE MARX",,,Plein jour,En agglomération,Hors intersection,Normale,Deux véhicules - côté,,,,,,,,,,,1,2,1,1.0,3
201200041674,0012-05-12 20:00:00,12,5,12,20,0,920,7,BARBUSSE (AVENUE HENRI),,,Plein jour,En agglomération,Intersection en T,Normale,Autre collision,,,,,,,,,,,1,2,3,1.0,6
201200041675,0012-05-23 16:00:00,12,5,23,16,0,920,7,"9, TURIN (RUE DE)",,,Plein jour,En agglomération,Hors intersection,Normale,Autre collision,,,,,,,,,,,1,2,1,1.0,6
201200041676,0012-06-22 12:00:00,12,6,22,12,0,920,7,"23, HUGO (AVENUE VICTOR)",,,Plein jour,En agglomération,Hors intersection,Normale,Deux véhicules - arrière,,,,,,,,,,,1,2,1,1.0,2
201200041677,0012-06-23 18:05:00,12,6,23,18,5,920,7,BRIAND (AVENUE ARISTIDE),,,Plein jour,En agglomération,Intersection en T,Normale,Deux véhicules - côté,,,,,,,,,,,1,2,3,1.0,3
201200041678,0012-07-03 20:30:00,12,7,3,20,30,920,7,REPUBLIQUE (RUE DE LA),,,Plein jour,En agglomération,Intersection en X,Normale,Autre collision,,,,,,,,,,,1,2,2,1.0,6
201200041679,0012-07-14 02:30:00,12,7,14,2,30,920,7,BRIAND (AVENUE ARISTIDE),,,Nuit avec éclairage allumé,En agglomération,Intersection en T,Normale,Deux véhicules - arrière,,,,,,,,,,,5,2,3,1.0,2
201200041680,0012-07-19 16:00:00,12,7,19,16,0,920,7,PASTEUR (RUE),,,Plein jour,En agglomération,Intersection en T,Normale,Autre collision,,,,,,,,,,,1,2,3,1.0,6
201200041681,0012-07-24 19:00:00,12,7,24,19,0,920,7,ALLENDE (RUE SALVATOR),,,Plein jour,En agglomération,Intersection en X,Normale,Deux véhicules - côté,,,,,,,,,,,1,2,2,1.0,3
201200041682,0012-08-21 05:40:00,12,8,21,5,40,920,7,BRIAND (AVENUE ARISTIDE),,,Crépuscule ou aube,En agglomération,Intersection en X,Normale,Deux véhicules - côté,,,,,,,,,,,2,2,2,1.0,3
201200041683,0012-08-23 20:45:00,12,8,23,20,45,920,7,PORT GALAND (RUE DU),,,Crépuscule ou aube,En agglomération,Intersection en X,Normale,Deux véhicules - frontale,,,,,,,,,,,2,2,2,1.0,1
201200041684,0012-08-27 12:45:00,12,8,27,12,45,920,7,BRIAND (AVENUE ARISTIDE),,,Plein jour,En agglomération,Intersection en X,Normale,Deux véhicules - côté,,,,,,,,,,,1,2,2,1.0,3
201200041685,0012-08-28 15:55:00,12,8,28,15,55,920,7,PORT GALAND (PLACE DU),,,Plein jour,En agglomération,Intersection en T,Normale,Autre collision,,,,,,,,,,,1,2,3,1.0,6
201200041686,0012-09-01 19:15:00,12,9,1,19,15,920,7,DORMOY (AVENUE MARX),,,Plein jour,En agglomération,Intersection en X,Normale,Deux véhicules - arrière,,,,,,,,,,,1,2,2,1.0,2
201200041687,0012-09-27 17:25:00,12,9,27,17,25,920,7,ALLENDE (RUE SALVATOR),,,Plein jour,En agglomération,Intersection en X,Pluie légère,Deux véhicules - côté,,,,,,,,,,,1,2,2,2.0,3
201200041688,0012-10-04 20:30:00,12,10,4,20,30,920,7,VAILLANT-COUTURIER (AVEN,,,Nuit sans éclairage public,En agglomération,Hors intersection,Normale,Autre collision,,,,,,,,,,,3,2,1,1.0,6
201200041689,0012-10-16 07:25:00,12,10,16,7,25,920,7,FORTIN (AVENUE JEAN-BAPT,,,Crépuscule ou aube,En agglomération,Intersection en Y,Pluie légère,Autre collision,,,,,,,,,,,2,2,4,2.0,6
201200041690,0012-10-16 08:50:00,12,10,16,8,50,920,7,PASTEUR (AVENUE LOUIS) N,,,Plein jour,En agglomération,Intersection en T,Normale,Deux véhicules - frontale,,,,,,,,,,,1,2,3,1.0,1
201200041691,0012-10-21 12:15:00,12,10,21,12,15,920,7,PETIT (AVENUE ALBERT) N?,,,Plein jour,En agglomération,Intersection en T,Normale,Autre collision,,,,,,,,,,,1,2,3,1.0,6
201200041692,0012-10-25 20:35:00,12,10,25,20,35,920,7,PORT GALAND (RUE DU),,,Nuit avec éclairage allumé,En agglomération,Hors intersection,Normale,Deux véhicules - côté,,,,,,,,,,,5,2,1,1.0,3
201200041693,0012-11-01 18:20:00,12,11,1,18,20,920,7,"256, BRIAND (AVENUE ARIS",,,Nuit avec éclairage allumé,En agglomération,Hors intersection,Pluie légère,Trois véhicules et plus - en chaîne,,,,,,,,,,,5,2,1,2.0,4
201200041694,0012-11-03 14:10:00,12,11,3,14,10,920,7,"286, BRIAND (AVENUE ARIS",,,Plein jour,En agglomération,Hors intersection,Normale,Autre collision,,,,,,,,,,,1,2,1,1.0,6
201200041695,0012-11-08 12:55:00,12,11,8,12,55,920,7,"258, BRIAND (AVENUE ARIS",,,Plein jour,En agglomération,Intersection en T,Normale,Autre collision,,,,,,,,,,,1,2,3,1.0,6
201200041696,0012-11-21 07:15:00,12,11,21,7,15,920,7,"39, BARBUSSE (AVENUE HEN",,,Crépuscule ou aube,En agglomération,Intersection en X,Normale,Autre collision,,,,,,,,,,,2,2,2,1.0,6
201200041697,0012-11-23 19:45:00,12,11,23,19,45,920,7,PASTEUR (AVENUE LOUIS) N,,,Nuit avec éclairage allumé,En agglomération,Intersection en X,Pluie légère,Sans collision,,,,,,,,,,,5,2,2,2.0,7
201200041698,0012-11-27 16:30:00,12,11,27,16,30,920,7,"27, PASTEUR (AVENUE LOUI",,,Plein jour,En agglomération,Intersection en T,Pluie légère,Autre collision,,,,,,,,,,,1,2,3,2.0,6
201200041699,0012-11-29 15:35:00,12,11,29,15,35,920,7,"20, PASTEUR (AVENUE LOUI",,,Plein jour,En agglomération,Hors intersection,Normale,Deux véhicules - côté,,,,,,,,,,,1,2,1,1.0,3
201200041700,0012-11-28 08:50:00,12,11,28,8,50,920,7,RAVERA (AVENUE HENRI) N?,,,Crépuscule ou aube,En agglomération,Intersection en Y,Normale,Autre collision,,,,,,,,,,,2,2,4,1.0,6
201200041701,0012-12-05 16:50:00,12,12,5,16,50,920,7,SANGNIER (RUE MARC) N? P,,,Crépuscule ou aube,En agglomération,Intersection en X,Pluie forte,Autre collision,,,,,,,,,,,2,2,2,3.0,6
201200041702,0012-12-06 06:45:00,12,12,6,6,45,920,7,BRIAND (AVENUE ARISTIDE),,,Nuit avec éclairage allumé,En agglomération,Intersection en X,Normale,Deux véhicules - côté,,,,,,,,,,,5,2,2,1.0,3
201200041703,0012-01-01 16:40:00,12,1,1,16,40,920,12,"angle, PONT DE SEVRES (M",,,Plein jour,En agglomération,Hors intersection,Pluie légère,Sans collision,,,,,,,,,,,1,2,1,2.0,7
201200041704,0012-01-03 12:05:00,12,1,3,12,5,920,12,"ANGLE, REPUBLIQUE (BOULE",48.83093,3.45699,Plein jour,En agglomération,Hors intersection,Normale,Autre collision,,,,,,,,,,,1,2,1,1.0,6
201200041705,0012-01-04 14:30:00,12,1,4,14,30,920,12,"49, ALPHONSE LE GALLO (Q",,,Plein jour,En agglomération,Hors intersection,Normale,Trois véhicules et plus - collisions multiples,,,,,,,,,,,1,2,1,1.0,5
201200041706,0012-01-05 18:00:00,12,1,5,18,0,920,12,"6-8, PIERRE GRENIER (AVE",,,Crépuscule ou aube,En agglomération,Hors intersection,Normale,Autre collision,,,,,,,,,,,2,2,1,1.0,6
201200041707,0012-01-06 12:00:00,12,1,6,12,0,920,12,"1, VANVES (RUE DE)",,,Plein jour,En agglomération,Hors intersection,Normale,Autre collision,,,,,,,,,,,1,2,1,1.0,6
201200041708,0012-01-07 18:00:00,12,1,7,18,0,920,12,"53, YVES KERMEN (RUE) 51",,,Nuit avec éclairage allumé,En agglomération,Hors intersection,Normale,Deux véhicules - côté,,,,,,,,,,,5,2,1,1.0,3
201200041709,0012-01-11 13:25:00,12,1,11,13,25,920,12,"39, EDOUARD VAILLANT (AV",,,Plein jour,En agglomération,Hors intersection,Normale,Deux véhicules - arrière,,,,,,,,,,,1,2,1,1.0,2
201200041710,0012-01-12 21:50:00,12,1,12,21,50,920,12,"240, JEAN JAURES (BOULEV",,,Nuit avec éclairage allumé,En agglomération,Hors intersection,Normale,Deux véhicules - côté,,,,,,,,,,,5,2,1,1.0,3
201200041711,0012-01-18 15:55:00,12,1,18,15,55,920,12,"88, GENERAL LECLERC (AVE",,,Plein jour,En agglomération,Hors intersection,Pluie légère,Deux véhicules - côté,,,,,,,,,,,1,2,1,2.0,3
201200041712,0012-01-23 17:45:00,12,1,23,17,45,920,12,"29, PIERRE GRENIER (AVEN",,,Nuit avec éclairage allumé,En agglomération,Hors intersection,Pluie forte,Autre collision,,,,,,,,,,,5,2,1,3.0,6
201200041713,0012-01-24 13:10:00,12,1,24,13,10,920,12,"48, POINT DU JOUR (QUAI",,,Plein jour,En agglomération,Hors intersection,Pluie légère,Deux véhicules - arrière,,,,,,,,,,,1,2,1,2.0,2
201200041714,0012-01-25 08:15:00,12,1,25,8,15,920,12,"132, SILLY (RUE DE) 89/F",,,Crépuscule ou aube,En agglomération,Hors intersection,Pluie légère,Deux véhicules - côté,,,,,,,,,,,2,2,1,2.0,3
201200041715,0012-01-25 12:40:00,12,1,25,12,40,920,12,SILLY (RUE DE) 89/FIN -,,,Plein jour,En agglomération,Intersection en X,Temps couvert,Deux véhicules - côté,,,,,,,,,,,1,2,2,8.0,3
201200041716,0012-01-27 10:20:00,12,1,27,10,20,920,12,RHIN ET DANUBE (ROND POI,,,Plein jour,En agglomération,Giratoire,Temps couvert,Deux véhicules - côté,,,,,,,,,,,1,2,6,8.0,3
201200041717,0012-01-27 14:30:00,12,1,27,14,30,920,12,"65, GEORGES GORSE (QUAI)",,,Plein jour,En agglomération,Intersection en T,Normale,Deux véhicules - côté,,,,,,,,,,,1,2,3,1.0,3
201200041718,0012-01-27 20:50:00,12,1,27,20,50,920,12,MARCEL SEMBAT (PLACE),,,Nuit avec éclairage allumé,En agglomération,Giratoire,Normale,Deux véhicules - côté,,,,,,,,,,,5,2,6,1.0,3
201200041719,0012-01-23 19:05:00,12,1,23,19,5,920,12,"79, CHATEAU (RUE DU) 1/1",,,Nuit avec éclairage allumé,En agglomération,Intersection en X,Normale,Deux véhicules - côté,,,,,,,,,,,5,2,2,1.0,3
201200041720,0012-01-31 14:30:00,12,1,31,14,30,920,12,ANDRE MORIZET (AVENUE) 1,,,Plein jour,En agglomération,Intersection en X,Normale,Deux véhicules - côté,,,,,,,,,,,1,2,2,1.0,3
201200041721,0012-01-31 18:10:00,12,1,31,18,10,920,12,REINE (ROUTE DE LA) 82/F,,,Nuit avec éclairage allumé,En agglomération,Intersection en X,Normale,Autre collision,,,,,,,,,,,5,2,2,1.0,6
201200041722,0012-02-03 08:28:00,12,2,3,8,28,920,12,HEINRICH / JAURES,,,Plein jour,En agglomération,Intersection en T,Normale,Autre collision,,,,,,,,,,,1,2,3,1.0,6
201200041723,0012-02-07 14:50:00,12,2,7,14,50,920,12,"98, AV DU GENERAL LECLER",,,Plein jour,En agglomération,Hors intersection,Normale,Deux véhicules - arrière,,,,,,,,,,,1,2,1,1.0,2
201200041724,0012-02-09 09:50:00,12,2,9,9,50,920,12,LECLERC / SILLY,,,Plein jour,En agglomération,Intersection en X,Normale,Deux véhicules - côté,,,,,,,,,,,1,2,2,1.0,3
201200041725,0012-02-09 17:40:00,12,2,9,17,40,920,12,"32, AV EDOUARD VAILLANT",,,Plein jour,En agglomération,Hors intersection,Normale,Deux véhicules - côté,,,,,,,,,,,1,2,1,1.0,3
201200041726,0012-02-10 09:20:00,12,2,10,9,20,920,12,"91, AV JEAN BAPTISTE CLE",,,Plein jour,En agglomération,Hors intersection,Temps couvert,Deux véhicules - frontale,,,,,,,,,,,1,2,1,8.0,1
201200041727,0012-02-13 16:40:00,12,2,13,16,40,920,12,"127, AV JEAN BAPTISTE CL",,,Plein jour,En agglomération,Hors intersection,Temps couvert,Deux véhicules - côté,,,,,,,,,,,1,2,1,8.0,3
201200041728,0012-02-14 11:50:00,12,2,14,11,50,920,12,"7, R GEORGES SOREL",,,Plein jour,En agglomération,Hors intersection,Normale,Deux véhicules - arrière,,,,,,,,,,,1,2,1,1.0,2
201200041729,0012-02-15 08:30:00,12,2,15,8,30,920,12,BD JEAN JAURES,,,Plein jour,En agglomération,Hors intersection,Pluie légère,Autre collision,,,,,,,,,,,1,2,1,2.0,6
201200041730,0012-02-15 14:30:00,12,2,15,14,30,920,12,AV JEAN BAPTISTE CLEMENT,,,Plein jour,En agglomération,Hors intersection,Normale,Autre collision,,,,,,,,,,,1,2,1,1.0,6
201200041731,0012-02-18 01:20:00,12,2,18,1,20,920,12,QU ALPHONSE LE GALLO,,,Nuit avec éclairage allumé,En agglomération,Hors intersection,Pluie légère,Deux véhicules - frontale,,,,,,,,,,,5,2,1,2.0,1
201200041732,0012-02-18 11:20:00,12,2,18,11,20,920,12,AV ANDRE MORIZET,,,Plein jour,En agglomération,Hors intersection,Normale,Deux véhicules - arrière,,,,,,,,,,,1,2,1,1.0,2
201200041733,0012-02-18 17:00:00,12,2,18,17,0,920,12,AV DU GENERAL LECLERC,,,Plein jour,En agglomération,Hors intersection,Neige / grêle,Deux véhicules - côté,,,,,,,,,,,1,2,1,4.0,3
201200041734,0012-02-22 16:25:00,12,2,22,16,25,920,12,REINE / TOURELLE,,,Plein jour,En agglomération,Intersection en T,Normale,Deux véhicules - côté,,,,,,,,,,,1,2,3,1.0,3
201200041735,0012-03-01 09:15:00,12,3,1,9,15,920,12,"7, REPUBLIQUE (BOULEVARD",,,Plein jour,En agglomération,Hors intersection,Normale,Trois véhicules et plus - en chaîne,,,,,,,,,,,1,2,1,1.0,4
201200041736,0012-03-01 17:00:00,12,3,1,17,0,920,12,"9, CHARLES DE GAULLE (AV",,,Plein jour,En agglomération,Intersection en X,Temps éblouissant,Autre collision,,,,,,,,,,,1,2,2,7.0,6
201200041737,0012-03-01 21:10:00,12,3,1,21,10,920,12,PIERRE GRENIER (AVENUE),,,Nuit avec éclairage allumé,En agglomération,Intersection en X,Normale,Deux véhicules - côté,,,,,,,,,,,5,2,2,1.0,3
201200041738,0012-03-03 20:30:00,12,3,3,20,30,920,12,"28, REPUBLIQUE (BOULEVAR",,,Nuit avec éclairage allumé,En agglomération,Hors intersection,Normale,Autre collision,,,,,,,,,,,5,2,1,1.0,6
201200041739,0012-03-05 20:18:00,12,3,5,20,18,920,12,"37, YVES KERMEN (RUE) 3/",,,Nuit avec éclairage allumé,En agglomération,Hors intersection,Pluie légère,Autre collision,,,,,,,,,,,5,2,1,2.0,6
201200041740,0012-03-07 18:35:00,12,3,7,18,35,920,12,"82, SEVRES (RUE DE) 55BI",,,Nuit avec éclairage allumé,En agglomération,Hors intersection,Normale,Autre collision,,,,,,,,,,,5,2,1,1.0,6
201200041741,0012-03-08 23:15:00,12,3,8,23,15,920,12,"153, AGUESSEAU (RUE D')",,,Nuit avec éclairage allumé,En agglomération,Hors intersection,Normale,Deux véhicules - côté,,,,,,,,,,,5,2,1,1.0,3
201200041742,0012-03-09 19:30:00,12,3,9,19,30,920,12,"84, GENERAL LECLERC (AVE",,,Nuit avec éclairage allumé,En agglomération,Hors intersection,Normale,Deux véhicules - côté,,,,,,,,,,,5,2,1,1.0,3
201200041743,0012-03-14 18:45:00,12,3,14,18,45,920,12,"107, SEVRES (RUE DE) 55B",,,Crépuscule ou aube,En agglomération,Hors intersection,Normale,Deux véhicules - frontale,,,,,,,,,,,2,2,1,1.0,1
201200041744,0012-03-15 10:25:00,12,3,15,10,25,920,12,"29, YVES KERMEN (RUE) 3/",,,Plein jour,En agglomération,Hors intersection,Normale,Trois véhicules et plus - en chaîne,,,,,,,,,,,1,2,1,1.0,4
201200041745,0012-03-17 10:50:00,12,3,17,10,50,920,12,"18-20, SEVRES (RUE DE) 1",,,Plein jour,En agglomération,Hors intersection,Normale,Trois véhicules et plus - collisions multiples,,,,,,,,,,,1,2,1,1.0,5
201200041746,0012-03-22 10:00:00,12,3,22,10,0,920,12,"27, GEORGES SOREL (RUE)",,,Plein jour,En agglomération,Hors intersection,Normale,Deux véhicules - côté,,,,,,,,,,,1,2,1,1.0,3
201200041747,0012-03-25 21:30:00,12,3,25,21,30,920,12,ANDRE MORIZET (AVENUE) 1,,,Nuit avec éclairage allumé,En agglomération,Intersection en X,Normale,Deux véhicules - côté,,,,,,,,,,,5,2,2,1.0,3
201200041748,0012-03-24 17:05:00,12,3,24,17,5,920,12,"22, ANDRE MORIZET (AVENU",,,Plein jour,En agglomération,Hors intersection,Normale,Autre collision,,,,,,,,,,,1,2,1,1.0,6
201200041749,0012-03-24 19:05:00,12,3,24,19,5,920,12,"4, DANJOU (RUE) 1/15 - 2",,,Crépuscule ou aube,En agglomération,Hors intersection,Normale,Autre collision,,,,,,,,,,,2,2,1,1.0,6
201200041750,0012-03-26 13:45:00,12,3,26,13,45,920,12,"27, AUTEUIL (BOULEVARD D",,,Plein jour,En agglomération,Hors intersection,Normale,Deux véhicules - côté,,,,,,,,,,,1,2,1,1.0,3
201200041751,0012-03-30 08:40:00,12,3,30,8,40,920,12,"71, ANDRE MORIZET (AVENU",,,Plein jour,En agglomération,Hors intersection,Normale,Deux véhicules - côté,,,,,,,,,,,1,2,1,1.0,3
201200041752,0012-03-30 13:55:00,12,3,30,13,55,920,12,QUATRE SEPTEMBRE (QUAI D,,,Plein jour,En agglomération,Hors intersection,Normale,Deux véhicules - arrière,,,,,,,,,,,1,2,1,1.0,2
201200041753,0012-03-30 17:40:00,12,3,30,17,40,920,12,MARCEL SEMBAT (PLACE),,,Plein jour,En agglomération,Giratoire,Normale,Deux véhicules - côté,,,,,,,,,,,1,2,6,1.0,3
201200041754,0012-04-01 18:20:00,12,4,1,18,20,920,12,"135, REINE (ROUTE DE LA)",,,Plein jour,En agglomération,Intersection en X,Normale,Deux véhicules - côté,,,,,,,,,,,1,2,2,1.0,3
201200041755,0012-03-31 19:10:00,12,3,31,19,10,920,12,YVES KERMEN (RUE) 51/FIN,,,Plein jour,En agglomération,Intersection en X,Normale,Deux véhicules - côté,,,,,,,,,,,1,2,2,1.0,3
201200041756,0012-04-01 14:00:00,12,4,1,14,0,920,12,"19, GENERAL LECLERC (AVE",,,Plein jour,En agglomération,Hors intersection,Normale,Autre collision,,,,,,,,,,,1,2,1,1.0,6
201200041757,0012-04-03 19:50:00,12,4,3,19,50,920,12,"79, EDOUARD VAILLANT (AV",,,Crépuscule ou aube,En agglomération,Hors intersection,Normale,Autre collision,,,,,,,,,,,2,2,1,1.0,6
201200041758,0012-04-06 08:30:00,12,4,6,8,30,920,12,"55, EDOUARD VAILLANT (AV",,,Plein jour,En agglomération,Intersection en X,Normale,Trois véhicules et plus - en chaîne,,,,,,,,,,,1,2,2,1.0,4
201200041759,0012-04-06 13:10:00,12,4,6,13,10,920,12,ANDRE MORIZET (AVENUE) -,,,Plein jour,En agglomération,Hors intersection,Normale,Autre collision,,,,,,,,,,,1,2,1,1.0,6
201200041760,0012-04-10 08:25:00,12,4,10,8,25,920,12,"13-15, ALPHONSE LE GALLO",,,Plein jour,En agglomération,Hors intersection,Pluie légère,Trois véhicules et plus - collisions multiples,,,,,,,,,,,1,2,1,2.0,5
201200041761,0012-04-16 23:35:00,12,4,16,23,35,920,12,GALLIENI (RUE) 142/FIN,,,Nuit avec éclairage allumé,En agglomération,Intersection en X,Normale,Deux véhicules - côté,,,,,,,,,,,5,2,2,1.0,3
201200041762,0012-04-20 22:00:00,12,4,20,22,0,920,12,GENERAL LECLERC (AVENUE,,,Nuit avec éclairage allumé,En agglomération,Intersection en X,Pluie forte,Deux véhicules - côté,,,,,,,,,,,5,2,2,3.0,3
201200041763,0012-05-02 07:50:00,12,5,2,7,50,920,12,"1, PONT DE BILLANCOURT",,,Plein jour,En agglomération,Giratoire,Normale,Deux véhicules - côté,,,,,,,,,,,1,2,6,1.0,3
201200041764,0012-05-09 12:55:00,12,5,9,12,55,920,12,"91, R GALLIENI",,,Plein jour,En agglomération,Intersection en X,Normale,Autre collision,,,,,,,,,,,1,2,2,1.0,6
201200041765,0012-05-09 15:30:00,12,5,9,15,30,920,12,"20, RTE DE LA REINE",,,Plein jour,En agglomération,Hors intersection,Normale,Deux véhicules - côté,,,,,,,,,,,1,2,1,1.0,3
201200041766,0012-05-10 12:05:00,12,5,10,12,5,920,12,"147, R DE SILLY",,,Plein jour,En agglomération,Hors intersection,Normale,Autre collision,,,,,,,,,,,1,2,1,1.0,6
201200041767,0012-05-11 11:37:00,12,5,11,11,37,920,12,"55/56, POINT DU JOUR",,,Plein jour,En agglomération,Hors intersection,Normale,Deux véhicules - côté,,,,,,,,,,,1,2,1,1.0,3
201200041768,0012-05-12 19:00:00,12,5,12,19,0,920,12,PONT DE SEVRES,,,Plein jour,En agglomération,Intersection à plus de 4 branches,Normale,Autre collision,,,,,,,,,,,1,2,5,1.0,6
201200041769,0012-05-15 07:20:00,12,5,15,7,20,920,12,AV VICTOR HUGO,,,Plein jour,En agglomération,Intersection en X,Normale,Deux véhicules - côté,,,,,,,,,,,1,2,2,1.0,3
201200041770,0012-05-15 17:00:00,12,5,15,17,0,920,12,R HEINRICH,,,Plein jour,En agglomération,Intersection en X,Normale,Deux véhicules - côté,,,,,,,,,,,1,2,2,1.0,3
201200041771,0012-05-18 02:40:00,12,5,18,2,40,920,12,RTE DE LA REINE,,,Nuit avec éclairage allumé,En agglomération,Intersection en X,Normale,Deux véhicules - côté,,,,,,,,,,,5,2,2,1.0,3
201200041772,0012-05-21 18:00:00,12,5,21,18,0,920,12,RTE DE LA REINE,,,Plein jour,En agglomération,Intersection en X,Pluie forte,Deux véhicules - côté,,,,,,,,,,,1,2,2,3.0,3
201200041773,0012-05-23 08:15:00,12,5,23,8,15,920,12,"14, AV ANDRE MORIZET",,,Plein jour,En agglomération,Hors intersection,Normale,Autre collision,,,,,,,,,,,1,2,1,1.0,6