accident_id,datetime,annee,mois,jour,heure,minute,departement,commune_insee,adresse,latitude,longitude,luminosite,agglomeration,intersection,meteo,collision,nb_vehicules,nb_usagers,nb_indemnes,nb_tues,nb_blesses_hosp,nb_blesses_legers,age_cond_1,age_cond_2,veh_type_cond_1,veh_type_cond_2,lum_code,agg_code,int_code,atm_code,col_code
201200041902,0012-01-19 19:45:00,12,1,19,19,45,920,32,DIVISION LECLERC (AVENUE,,,Nuit avec éclairage allumé,En agglomération,Hors intersection,Pluie forte,Deux véhicules - côté,,,,,,,,,,,5,2,1,3.0,3
201200041903,0012-01-23 18:15:00,12,1,23,18,15,920,32,DORMOY MAX (AVENUE),,,Nuit avec éclairage allumé,En agglomération,Intersection en T,Pluie légère,Deux véhicules - côté,,,,,,,,,,,5,2,3,2.0,3
201200041904,0012-01-26 09:20:00,12,1,26,9,20,920,32,MOULIN JEAN (AVENUE),,,Plein jour,En agglomération,Intersection en T,Pluie légère,Deux véhicules - côté,,,,,,,,,,,1,2,3,2.0,3
201200041905,0012-02-20 18:15:00,12,2,20,18,15,920,19,AV SULLY PRUDHOMME,,,Plein jour,En agglomération,Hors intersection,Normale,Deux véhicules - arrière,,,,,,,,,,,1,2,1,1.0,2
201200041906,0012-02-21 14:35:00,12,2,21,14,35,920,32,BOUCICAUT / DOLIVET,,,Plein jour,En agglomération,Intersection en X,Normale,Deux véhicules - côté,,,,,,,,,,,1,2,2,1.0,3
201200041907,0012-02-21 08:55:00,12,2,21,8,55,920,32,MOULIN / STAND,,,Plein jour,En agglomération,Intersection en X,Normale,Deux véhicules - côté,,,,,,,,,,,1,2,2,1.0,3
201200041908,0012-02-29 07:10:00,12,2,29,7,10,920,32,DOLIVET / BOUCICAUT,,,Crépuscule ou aube,En agglomération,Intersection en X,Normale,Deux véhicules - frontale,,,,,,,,,,,2,2,2,1.0,1
201200041909,0012-03-02 12:30:00,12,3,2,12,30,920,71,"140, GENERAL LECLERC (AV",,,Plein jour,En agglomération,Hors intersection,Normale,Deux véhicules - côté,,,,,,,,,,,1,2,1,1.0,3
201200041910,0012-03-06 08:20:00,12,3,6,8,20,920,32,"72, FOCH MARECHAL (AVENU",,,Plein jour,En agglomération,Hors intersection,Normale,Deux véhicules - côté,,,,,,,,,,,1,2,1,1.0,3
201200041911,0012-03-06 12:00:00,12,3,6,12,0,920,71,FONTENAY (RUE DE),,,Plein jour,En agglomération,Intersection à plus de 4 branches,Normale,Deux véhicules - côté,,,,,,,,,,,1,2,5,1.0,3
201200041912,0012-04-11 12:00:00,12,4,11,12,0,920,19,SALENGRO ROGER (RUE),,,Plein jour,En agglomération,Giratoire,Normale,Autre collision,,,,,,,,,,,1,2,6,1.0,6
201200041913,0012-04-11 13:20:00,12,4,11,13,20,920,19,", LONGUET JEAN (RUE)",,,Plein jour,En agglomération,Hors intersection,Normale,Deux véhicules - côté,,,,,,,,,,,1,2,1,1.0,3
201200041914,0012-04-15 21:10:00,12,4,15,21,10,920,71,"144, GENERAL LECLERC (AV",,,Nuit avec éclairage allumé,En agglomération,Hors intersection,Normale,Trois véhicules et plus - en chaîne,,,,,,,,,,,5,2,1,1.0,4
201200041915,0012-04-26 20:30:00,12,4,26,20,30,920,19,QUATRE CHEMINS (AVENUE D,,,Crépuscule ou aube,En agglomération,Intersection en X,Normale,Autre collision,,,,,,,,,,,2,2,2,1.0,6
201200041916,0012-05-21 20:30:00,12,5,21,20,30,920,32,"49, MOULIN JEAN (AVENUE)",,,Crépuscule ou aube,En agglomération,Hors intersection,Pluie légère,Deux véhicules - côté,,,,,,,,,,,2,2,1,2.0,3
201200041917,0012-05-24 17:30:00,12,5,24,17,30,920,19,"5, JEAN BAPTISTE CLEMENT",,,Plein jour,En agglomération,Hors intersection,Normale,Deux véhicules - arrière,,,,,,,,,,,1,2,1,1.0,2
201200041918,0012-06-08 16:40:00,12,6,8,16,40,920,71,"3, ROOSEVELT PRESIDENT F",,,Plein jour,En agglomération,Hors intersection,Pluie forte,Autre collision,,,,,,,,,,,1,2,1,3.0,6
201200041919,0012-06-10 20:15:00,12,6,10,20,15,920,19,"75, SALENGRO ROGER (RUE)",,,Plein jour,En agglomération,Hors intersection,Pluie forte,Sans collision,,,,,,,,,,,1,2,1,3.0,7
201200041920,0012-06-11 08:50:00,12,6,11,8,50,920,19,"317, DIVISION LECLERC (A",,,Plein jour,En agglomération,Hors intersection,Normale,Deux véhicules - arrière,,,,,,,,,,,1,2,1,1.0,2
201200041921,0012-06-22 08:25:00,12,6,22,8,25,920,32,LOMBARD (AVENUE),,,Plein jour,En agglomération,Intersection en X,Normale,Deux véhicules - côté,,,,,,,,,,,1,2,2,1.0,3
201200041922,0012-06-25 17:50:00,12,6,25,17,50,920,19,"430, DIVISION LECLERC (A",,,Plein jour,En agglomération,Hors intersection,Normale,Deux véhicules - côté,,,,,,,,,,,1,2,1,1.0,3
201200041923,0012-06-28 18:00:00,12,6,28,18,0,920,19,"17, MAIL DES HOUSSIERES",,,Plein jour,En agglomération,Hors intersection,Normale,Autre collision,,,,,,,,,,,1,2,1,1.0,6
201200041924,0012-06-30 12:30:00,12,6,30,12,30,920,19,"5, SALENGRO ROGER (RUE)",,,Plein jour,En agglomération,Intersection en T,Normale,Deux véhicules - côté,,,,,,,,,,,1,2,3,1.0,3
201200041925,0012-07-17 14:45:00,12,7,17,14,45,920,32,"21, DOLIVET J ET M (AVEN",,,Plein jour,En agglomération,Intersection en T,Normale,Deux véhicules - côté,,,,,,,,,,,1,2,3,1.0,3
201200041926,0012-07-23 18:30:00,12,7,23,18,30,920,71,"27, HOUDAN (RUE)",,,Plein jour,En agglomération,Hors intersection,Normale,Autre collision,,,,,,,,,,,1,2,1,1.0,6
201200041927,0012-07-28 14:45:00,12,7,28,14,45,920,19,DIVISION LECLERC (AVENUE,,,Plein jour,En agglomération,Hors intersection,Normale,Autre collision,,,,,,,,,,,1,2,1,1.0,6
201200041928,0012-08-18 19:40:00,12,8,18,19,40,920,32,"17, LOMBARD (AVENUE)",,,Plein jour,En agglomération,Intersection en T,Normale,Autre collision,,,,,,,,,,,1,2,3,1.0,6
201200041929,0012-08-23 08:35:00,12,8,23,8,35,920,32,"35, DOLIVET J ET M (AVEN",,,Plein jour,En agglomération,Intersection en T,Normale,Deux véhicules - frontale,,,,,,,,,,,1,2,3,1.0,1
201200041930,0012-08-30 16:50:00,12,8,30,16,50,920,19,SALENGRO ROGER (RUE),,,Plein jour,En agglomération,Hors intersection,Normale,Trois véhicules et plus - en chaîne,,,,,,,,,,,1,2,1,1.0,4
201200041931,0012-09-02 20:30:00,12,9,2,20,30,920,19,"106, SALENGRO ROGER (RUE",,,Crépuscule ou aube,En agglomération,Hors intersection,Normale,Trois véhicules et plus - en chaîne,,,,,,,,,,,2,2,1,1.0,4
201200041932,0012-09-05 12:30:00,12,9,5,12,30,920,19,SALENGRO ROGER (RUE),,,Plein jour,En agglomération,Hors intersection,Normale,Autre collision,,,,,,,,,,,1,2,1,1.0,6
201200041933,0012-09-24 09:20:00,12,9,24,9,20,920,32,"19 bis, LANGEVIN PAUL (A",,,Plein jour,En agglomération,Hors intersection,Pluie forte,Trois véhicules et plus - en chaîne,,,,,,,,,,,1,2,1,3.0,4
201200041934,0012-09-26 22:40:00,12,9,26,22,40,920,32,FOCH MARECHAL (AVENUE DU,,,Nuit avec éclairage allumé,En agglomération,Hors intersection,Brouillard / fumée,Deux véhicules - côté,,,,,,,,,,,5,2,1,5.0,3
201200041935,0012-09-30 21:50:00,12,9,30,21,50,920,19,DIVISION LECLERC (AVENUE,,,Nuit avec éclairage allumé,En agglomération,Intersection en X,Normale,Deux véhicules - côté,,,,,,,,,,,5,2,2,1.0,3
201200041936,0012-10-01 19:10:00,12,10,1,19,10,920,19,DIVISION LECLERC (AVENUE,,,Nuit avec éclairage allumé,En agglomération,Intersection en Y,Normale,Trois véhicules et plus - collisions multiples,,,,,,,,,,,5,2,4,1.0,5
201200041937,0012-10-02 18:10:00,12,10,2,18,10,920,71,VOLTAIRE (RUE),,,Plein jour,En agglomération,Hors intersection,Normale,Autre collision,,,,,,,,,,,1,2,1,1.0,6
201200041938,0012-10-04 19:10:00,12,10,4,19,10,920,32,BOUCICAUT (RUE),,,Crépuscule ou aube,En agglomération,Intersection en X,Normale,Autre collision,,,,,,,,,,,2,2,2,1.0,6
201200041939,0012-10-07 06:30:00,12,10,7,6,30,920,71,"43, Sully Prud'homme ( a",,,Nuit avec éclairage allumé,En agglomération,Giratoire,Pluie légère,Autre collision,,,,,,,,,,,5,2,6,2.0,6
201200041940,0012-10-08 18:00:00,12,10,8,18,0,920,19,"5, LONGUET JEAN (RUE)",,,Plein jour,En agglomération,Intersection en X,Pluie légère,Autre collision,,,,,,,,,,,1,2,2,2.0,6
201200041941,0012-11-10 09:00:00,12,11,10,9,0,920,19,DIVISION LECLERC (AVENUE,,,Plein jour,En agglomération,Intersection en T,Pluie légère,Deux véhicules - côté,,,,,,,,,,,1,2,3,2.0,3
201200041942,0012-11-12 18:15:00,12,11,12,18,15,920,19,"112, FRANCE ANATOLE (RUE",,,Nuit avec éclairage allumé,En agglomération,Hors intersection,Normale,Autre collision,,,,,,,,,,,5,2,1,1.0,6
201200041943,0012-11-13 18:30:00,12,11,13,18,30,920,19,"343, DIVISION LECLERC (A",,,Nuit avec éclairage allumé,En agglomération,Hors intersection,Normale,Deux véhicules - côté,,,,,,,,,,,5,2,1,1.0,3
201200041944,0012-11-12 09:00:00,12,11,12,9,0,920,19,"251, DIVISION LECLERC (A",,,Plein jour,En agglomération,Hors intersection,Normale,Deux véhicules - arrière,,,,,,,,,,,1,2,1,1.0,2
201200041945,0012-11-22 17:40:00,12,11,22,17,40,920,19,"327, LECLERC DIVISION (A",,,Nuit avec éclairage allumé,En agglomération,Hors intersection,Normale,Autre collision,,,,,,,,,,,5,2,1,1.0,6
201200041946,0012-11-26 16:45:00,12,11,26,16,45,920,19,CLEMENT JEAN BAPTISTE (R,,,Crépuscule ou aube,En agglomération,Intersection en X,Normale,Autre collision,,,,,,,,,,,2,2,2,1.0,6
201200041947,0012-11-28 23:40:00,12,11,28,23,40,920,19,"243, LECLERC DIVISION (A",,,Nuit avec éclairage allumé,En agglomération,Hors intersection,Pluie légère,Trois véhicules et plus - collisions multiples,,,,,,,,,,,5,2,1,2.0,5
201200041948,0012-11-29 09:35:00,12,11,29,9,35,920,32,DOLIVET J ET M (AVENUE),,,Plein jour,En agglomération,Hors intersection,Pluie légère,Autre collision,,,,,,,,,,,1,2,1,2.0,6
201200041949,0012-12-05 11:33:00,12,12,5,11,33,920,71,"8, CAUCHY (AVENUE)",,,Plein jour,En agglomération,Hors intersection,Pluie légère,Deux véhicules - arrière,,,,,,,,,,,1,2,1,2.0,2
201200041950,0012-12-12 21:20:00,12,12,12,21,20,920,32,DOLIVET J ET M (AVENUE),,,Nuit avec éclairage allumé,En agglomération,Intersection en X,Autre,Autre collision,,,,,,,,,,,5,2,2,9.0,6
201200041951,0012-12-13 08:20:00,12,12,13,8,20,920,19,"6, MARROU PAUL IRENEE (A",,,Plein jour,En agglomération,Hors intersection,Normale,Autre collision,,,,,,,,,,,1,2,1,1.0,6
201200041952,0012-12-19 21:45:00,12,12,19,21,45,920,19,ROBINSON (AVENUE DE),,,Nuit avec éclairage allumé,En agglomération,Intersection en X,Pluie légère,Autre collision,,,,,,,,,,,5,2,2,2.0,6
201200041953,0012-12-22 16:10:00,12,12,22,16,10,920,71,"122, HOUDAN (RUE)",,,Crépuscule ou aube,En agglomération,Hors intersection,Pluie légère,Autre collision,,,,,,,,,,,2,2,1,2.0,6
201200041954,0012-12-25 21:15:00,12,12,25,21,15,920,32,"47, BOUCICAUT (RUE)",,,Nuit avec éclairage allumé,En agglomération,Intersection en X,Normale,Autre collision,,,,,,,,,,,5,2,2,1.0,6
201200041955,0012-01-03 08:20:00,12,1,3,8,20,920,60,"., REPUBLIQUE (AVENUE DE",,,Plein jour,En agglomération,Intersection en X,Normale,Deux véhicules - côté,,,,,,,,,,,1,2,2,1.0,3
201200041956,0012-01-06 12:15:00,12,1,6,12,15,920,23,"09, ILE DE FRANCE (RUE D",,,Plein jour,En agglomération,Hors intersection,Normale,Autre collision,,,,,,,,,,,1,2,1,1.0,6
201200041957,0012-01-06 16:05:00,12,1,6,16,5,920,60,"., GRAND PLACE",,,Nuit avec éclairage allumé,En agglomération,Hors intersection,Normale,Deux véhicules - arrière,,,,,,,,,,,5,2,1,1.0,2
201200041958,0012-01-06 19:40:00,12,1,6,19,40,920,23,"., JEAN BAPTISTE CLEMENT",,,Nuit avec éclairage allumé,En agglomération,Intersection en T,Normale,Deux véhicules - côté,,,,,,,,,,,5,2,3,1.0,3
201200041959,0012-01-19 09:55:00,12,1,19,9,55,920,60,"., CHARLES DE GAULLE (AV",,,Plein jour,En agglomération,Intersection en X,Normale,Autre collision,,,,,,,,,,,1,2,2,1.0,6
201200041960,0012-01-24 18:00:00,12,1,24,18,0,920,23,"184, VICTOR HUGO (AVENUE",,,Nuit avec éclairage allumé,En agglomération,Hors intersection,Pluie forte,Autre collision,,,,,,,,,,,5,2,1,3.0,6
201200041961,0012-01-25 10:50:00,12,1,25,10,50,920,23,"204, VICTOR HUGO (AVENUE",,,Plein jour,En agglomération,Hors intersection,Pluie légère,Deux véhicules - arrière,,,,,,,,,,,1,2,1,2.0,2
201200041962,0012-01-25 14:00:00,12,1,25,14,0,920,23,"., ILE DE FRANCE (RUE DE",,,Plein jour,En agglomération,Intersection en X,Normale,Autre collision,,,,,,,,,,,1,2,2,1.0,6
201200041963,0012-01-28 12:15:00,12,1,28,12,15,920,23,"., PAVE BLANC (ROUTE DU)",,,Plein jour,En agglomération,Intersection en T,Normale,Autre collision,,,,,,,,,,,1,2,3,1.0,6
201200041964,0012-02-02 22:00:00,12,2,2,22,0,920,23,CARNOT / CLOSIAUX,,,Nuit avec éclairage allumé,En agglomération,Intersection en T,Normale,Deux véhicules - côté,,,,,,,,,,,5,2,3,1.0,3
201200041965,0012-02-16 09:40:00,12,2,16,9,40,920,23,BARBUSSE / SABLONS,,,Plein jour,En agglomération,Intersection en Y,Normale,Deux véhicules - côté,,,,,,,,,,,1,2,4,1.0,3
201200041966,0012-02-17 15:45:00,12,2,17,15,45,920,23,DE GAULLE / BECQUEREL,,,Plein jour,En agglomération,Intersection en T,Normale,Deux véhicules - arrière,,,,,,,,,,,1,2,3,1.0,2
201200041967,0012-02-18 19:10:00,12,2,18,19,10,920,23,TRIVAUX / CHAMPAGNE,,,Nuit avec éclairage allumé,En agglomération,Intersection en T,Pluie légère,Deux véhicules - côté,,,,,,,,,,,5,2,3,2.0,3
201200041968,0012-02-19 12:25:00,12,2,19,12,25,920,23,BAUDRY / HUGO,48.81127,2.27228,Plein jour,En agglomération,Intersection en T,Normale,Autre collision,,,,,,,,,,,1,2,3,1.0,6
201200041969,0012-02-21 06:30:00,12,2,21,6,30,920,23,R DE FLEURY,,,Crépuscule ou aube,En agglomération,Hors intersection,Normale,Autre collision,,,,,,,,,,,2,2,1,1.0,6
201200041970,0012-02-20 10:25:00,12,2,20,10,25,920,23,R DE LA PORTE DE TRIVAUX,,,Plein jour,En agglomération,Autre intersection,Normale,Autre collision,,,,,,,,,,,1,2,9,1.0,6
201200041971,0012-02-21 10:30:00,12,2,21,10,30,920,60,AV ARISTIDE BRIAND,,,Plein jour,En agglomération,Hors intersection,Normale,Deux véhicules - arrière,,,,,,,,,,,1,2,1,1.0,2
201200041972,0012-02-29 08:30:00,12,2,29,8,30,920,60,LANGEVIN / LIBERATION,,,Plein jour,En agglomération,Giratoire,Normale,Deux véhicules - côté,,,,,,,,,,,1,2,6,1.0,3
201200041973,0012-03-14 11:25:00,12,3,14,11,25,920,60,"75, REPUBLIQUE (AVENUE D",,,Plein jour,En agglomération,Hors intersection,Normale,Autre collision,,,,,,,,,,,1,2,1,1.0,6
201200041974,0012-03-15 08:55:00,12,3,15,8,55,920,23,"26, LAZARE CARNOT (RUE)",,,Plein jour,En agglomération,Hors intersection,Normale,Autre collision,,,,,,,,,,,1,2,1,1.0,6
201200041975,0012-03-16 17:30:00,12,3,16,17,30,920,23,"., GARENNE (ROUTE DE LA)",,,Plein jour,En agglomération,Intersection en X,Normale,Autre collision,,,,,,,,,,,1,2,2,1.0,6
201200041976,0012-03-23 10:35:00,12,3,23,10,35,920,23,"14, PLAINE (RUE DE LA)",,,Plein jour,En agglomération,Hors intersection,Normale,Autre collision,,,,,,,,,,,1,2,1,1.0,6
201200041977,0012-03-24 19:30:00,12,3,24,19,30,920,23,"337, GENERAL DE GAULLE (",,,Nuit avec éclairage allumé,En agglomération,Hors intersection,Normale,Deux véhicules - côté,,,,,,,,,,,5,2,1,1.0,3
201200041978,0012-03-27 08:40:00,12,3,27,8,40,920,60,"., EDOUARD HERRIOT (AVEN",,,Plein jour,En agglomération,Intersection en T,Normale,Deux véhicules - côté,,,,,,,,,,,1,2,3,1.0,3
201200041979,0012-03-31 14:45:00,12,3,31,14,45,920,23,"., PAUL VAILLANT COUTURI",,,Plein jour,En agglomération,Giratoire,Normale,Autre collision,,,,,,,,,,,1,2,6,1.0,6
201200041980,0012-04-02 08:35:00,12,4,2,8,35,920,60,"., EDOUARD HERRIOT (AVEN",,,Plein jour,En agglomération,Intersection en X,Normale,Deux véhicules - côté,,,,,,,,,,,1,2,2,1.0,3
201200041981,0012-04-02 21:40:00,12,4,2,21,40,920,23,JEAN BAPTISTE CLEMENT (A,,,Nuit avec éclairage allumé,En agglomération,Hors intersection,Normale,Deux véhicules - frontale,,,,,,,,,,,5,2,1,1.0,1
201200041982,0012-04-04 16:30:00,12,4,4,16,30,920,23,"357, GENERAL DE GAULLE (",,,Plein jour,En agglomération,Intersection en T,Normale,Trois véhicules et plus - en chaîne,,,,,,,,,,,1,2,3,1.0,4
201200041983,0012-04-10 08:35:00,12,4,10,8,35,920,23,"., HENRI BARBUSSE (AVENU",,,Plein jour,En agglomération,Intersection en T,Normale,Deux véhicules - côté,,,,,,,,,,,1,2,3,1.0,3
201200041984,0012-04-13 11:30:00,12,4,13,11,30,920,23,"., PAUL VAILLANT COUTURI",,,Plein jour,En agglomération,Intersection en X,Normale,Deux véhicules - côté,,,,,,,,,,,1,2,2,1.0,3
201200041985,0012-04-13 14:40:00,12,4,13,14,40,920,23,"., ESTIENNE D'ORVES (RUE",,,Plein jour,En agglomération,Hors intersection,Normale,Deux véhicules - arrière,,,,,,,,,,,1,2,1,1.0,2
201200041986,0012-04-16 18:10:00,12,4,16,18,10,920,23,"., DANTON (RUE)",,,Plein jour,En agglomération,Intersection en T,Normale,Autre collision,,,,,,,,,,,1,2,3,1.0,6
201200041987,0012-04-18 12:55:00,12,4,18,12,55,920,23,"., PORTE DE TRIVAUX (RUE",,,Plein jour,En agglomération,Intersection en T,Normale,Deux véhicules - côté,,,,,,,,,,,1,2,3,1.0,3
201200041988,0012-04-19 16:10:00,12,4,19,16,10,920,23,"17, PAUL VAILLANT COUTUR",,,Plein jour,En agglomération,Hors intersection,Normale,Autre collision,,,,,,,,,,,1,2,1,1.0,6
201200041989,0012-05-02 13:50:00,12,5,2,13,50,920,23,R DE MEUDON,,,Plein jour,En agglomération,Giratoire,Pluie légère,Deux véhicules - arrière,,,,,,,,,,,1,2,6,2.0,2
201200041990,0012-04-30 23:00:00,12,4,30,23,0,920,60,"2, CHARLES DE GAULLE (AV",,,Nuit avec éclairage allumé,En agglomération,Hors intersection,Temps couvert,Deux véhicules - côté,,,,,,,,,,,5,2,1,8.0,3
201200041991,0012-05-05 13:15:00,12,5,5,13,15,920,60,"70, CHARLES DE GAULLE",,,Plein jour,En agglomération,Hors intersection,Normale,Autre collision,,,,,,,,,,,1,2,1,1.0,6
201200041992,0012-05-13 07:00:00,12,5,13,7,0,920,23,"137, AV HENRI BARBUSSE",,,Plein jour,En agglomération,Hors intersection,Normale,Autre collision,,,,,,,,,,,1,2,1,1.0,6
201200041993,0012-05-12 03:25:00,12,5,12,3,25,920,60,"32, CHARLES DE GAULLE",,,Nuit avec éclairage allumé,En agglomération,Hors intersection,Normale,Autre collision,,,,,,,,,,,5,2,1,1.0,6
201200041994,0012-05-14 16:50:00,12,5,14,16,50,920,23,R PORTE DE TRIVAUX,,,Plein jour,En agglomération,Intersection en T,Normale,Autre collision,,,,,,,,,,,1,2,3,1.0,6
201200041995,0012-05-15 16:35:00,12,5,15,16,35,920,23,R DE FLEURY,,,Plein jour,En agglomération,Intersection en T,Pluie légère,Deux véhicules - côté,,,,,,,,,,,1,2,3,2.0,3
201200041996,0012-05-16 18:40:00,12,5,16,18,40,920,60,"123, R DE MALABRY",,,Plein jour,En agglomération,Hors intersection,Normale,Autre collision,,,,,,,,,,,1,2,1,1.0,6
201200041997,0012-05-24 10:30:00,12,5,24,10,30,920,23,AV VICTOR HUGO,,,Plein jour,En agglomération,Intersection à plus de 4 branches,Normale,Autre collision,,,,,,,,,,,1,2,5,1.0,6
201200041998,0012-05-29 09:55:00,12,5,29,9,55,920,23,RTE DE LA GARENNE,,,Plein jour,En agglomération,Intersection en T,Normale,Deux véhicules - côté,,,,,,,,,,,1,2,3,1.0,3
201200041999,0012-06-07 08:35:00,12,6,7,8,35,920,60,"144, RESISTANCE (AVENUE",,,Plein jour,En agglomération,Hors intersection,Normale,Deux véhicules - côté,,,,,,,,,,,1,2,1,1.0,3
201200042000,0012-06-09 14:40:00,12,6,9,14,40,920,23,"., CLAUDE TREBIGNAUD (AV",,,Plein jour,En agglomération,Hors intersection,Normale,Deux véhicules - arrière,,,,,,,,,,,1,2,1,1.0,2
201200042001,0012-06-09 11:25:00,12,6,9,11,25,920,23,"., GENERAL DE GAULLE (AV",,,Plein jour,En agglomération,Intersection en T,Normale,Autre collision,,,,,,,,,,,1,2,3,1.0,6
201200042002,0012-06-14 19:15:00,12,6,14,19,15,920,23,"., GARDE (PLACE DU) S101",,,Plein jour,En agglomération,Hors intersection,Normale,Autre collision,,,,,,,,,,,1,2,1,1.0,6
201200042003,0012-05-26 15:50:00,12,5,26,15,50,920,60,R DU MOULIN FIDEL,,,Plein jour,En agglomération,Intersection en T,Normale,Deux véhicules - côté,,,,,,,,,,,1,2,3,1.0,3
201200042004,0012-06-17 20:30:00,12,6,17,20,30,920,23,"275, GENERAL DE GAULLE (",,,Plein jour,En agglomération,Intersection en T,Normale,Trois véhicules et plus - en chaîne,,,,,,,,,,,1,2,3,1.0,4
201200042005,0012-06-20 20:10:00,12,6,20,20,10,920,60,"63, GENERAL LECLERC (AVE",,,Plein jour,En agglomération,Intersection en Y,Normale,Deux véhicules - côté,,,,,,,,,,,1,2,4,1.0,3
201200042006,0012-06-22 11:45:00,12,6,22,11,45,920,23,"10, PIERRE ET MARIE CURI",,,Plein jour,En agglomération,Hors intersection,Normale,Autre collision,,,,,,,,,,,1,2,1,1.0,6
201200042007,0012-06-23 20:45:00,12,6,23,20,45,920,23,"318, GENERAL DE GAULLE (",,,Plein jour,En agglomération,Hors intersection,Normale,Deux véhicules - côté,,,,,,,,,,,1,2,1,1.0,3
201200042008,0012-06-25 19:10:00,12,6,25,19,10,920,23,"., GENERAL EISENHOWER (A",,,Plein jour,En agglomération,Hors intersection,Normale,Trois véhicules et plus - collisions multiples,,,,,,,,,,,1,2,1,1.0,5
201200042009,0012-06-30 17:15:00,12,6,30,17,15,920,60,"10, ARISTIDE BRIAND (AVE",,,Plein jour,En agglomération,Hors intersection,Normale,Autre collision,,,,,,,,,,,1,2,1,1.0,6
201200042010,0012-06-28 08:55:00,12,6,28,8,55,920,23,"2, ROCHERS (RUE DES) N?2",,,Plein jour,En agglomération,Hors intersection,Normale,Deux véhicules - côté,,,,,,,,,,,1,2,1,1.0,3
201200042011,0012-07-05 14:10:00,12,7,5,14,10,920,23,"., PORTE DE TRIVAUX (RUE",,,Plein jour,En agglomération,Hors intersection,Normale,Trois véhicules et plus - collisions multiples,,,,,,,,,,,1,2,1,1.0,5
201200042012,0012-07-20 18:40:00,12,7,20,18,40,920,23,"3, BRETAGNE (RUE DE)",,,Plein jour,En agglomération,Hors intersection,Normale,Deux véhicules - côté,,,,,,,,,,,1,2,1,1.0,3
201200042013,0012-07-23 13:45:00,12,7,23,13,45,920,23,"., VANVES (RUE DE)",,,Plein jour,En agglomération,Hors intersection,Normale,Deux véhicules - arrière,,,,,,,,,,,1,2,1,1.0,2
201200042014,0012-07-26 12:40:00,12,7,26,12,40,920,60,"., HUIT MAI 1945 (PLACE",,,Plein jour,En agglomération,Place,Normale,Deux véhicules - côté,,,,,,,,,,,1,2,7,1.0,3
201200042015,0012-07-25 15:55:00,12,7,25,15,55,920,23,"., DIVISION LECLERC (RON",,,Plein jour,En agglomération,Intersection en X,Normale,Deux véhicules - côté,,,,,,,,,,,1,2,2,1.0,3
201200042016,0012-08-03 19:10:00,12,8,3,19,10,920,60,"., LOUP PENDU (RUE DU)",,,Plein jour,En agglomération,Hors intersection,Normale,Autre collision,,,,,,,,,,,1,2,1,1.0,6
201200042017,0012-08-06 13:00:00,12,8,6,13,0,920,60,"., LOUP PENDU (RUE DU)",,,Plein jour,En agglomération,Intersection en X,Normale,Deux véhicules - côté,,,,,,,,,,,1,2,2,1.0,3
201200042018,0012-08-26 03:20:00,12,8,26,3,20,920,60,"., HUIT MAI 1945 (PLACE",,,Nuit avec éclairage allumé,En agglomération,Place,Normale,Deux véhicules - côté,,,,,,,,,,,5,2,7,1.0,3
201200042019,0012-08-28 16:35:00,12,8,28,16,35,920,23,"178, HENRI BARBUSSE (AVE",,,Plein jour,En agglomération,Hors intersection,Normale,Deux véhicules - frontale,,,,,,,,,,,1,2,1,1.0,1
201200042020,0012-08-29 17:00:00,12,8,29,17,0,920,23,"7, RENE SAMUEL (AVENUE)",,,Plein jour,En agglomération,Hors intersection,Normale,Autre collision,,,,,,,,,,,1,2,1,1.0,6
201200042021,0012-09-01 16:00:00,12,9,1,16,0,920,23,"45, PORTE DE TRIVAUX (RU",,,Plein jour,En agglomération,Hors intersection,Normale,Autre collision,,,,,,,,,,,1,2,1,1.0,6
201200042022,0012-08-31 20:30:00,12,8,31,20,30,920,23,"., LAZARE CARNOT (RUE)",,,Plein jour,En agglomération,Intersection en X,Normale,Deux véhicules - côté,,,,,,,,,,,1,2,2,1.0,3
201200042023,0012-09-04 18:45:00,12,9,4,18,45,920,23,"2, PORTE DE TRIVAUX (RUE",,,Plein jour,En agglomération,Hors intersection,Normale,Autre collision,,,,,,,,,,,1,2,1,1.0,6
201200042024,0012-09-08 10:50:00,12,9,8,10,50,920,23,"., NORMANDIE (RUE DE)",,,Plein jour,En agglomération,Intersection en X,Normale,Deux véhicules - côté,,,,,,,,,,,1,2,2,1.0,3
201200042025,0012-09-10 14:50:00,12,9,10,14,50,920,60,"7, GALILEE (AVENUE)",,,Plein jour,En agglomération,Intersection en X,Normale,Deux véhicules - côté,,,,,,,,,,,1,2,2,1.0,3
201200042026,0012-09-11 17:30:00,12,9,11,17,30,920,23,"84, CONDORCET (RUE)",,,Plein jour,En agglomération,Hors intersection,Normale,Deux véhicules - frontale,,,,,,,,,,,1,2,1,1.0,1
201200042027,0012-09-11 14:00:00,12,9,11,14,0,920,60,"02, CHARLES DE GAULLE (A",,,Plein jour,En agglomération,Hors intersection,Pluie forte,Deux véhicules - arrière,,,,,,,,,,,1,2,1,3.0,2
201200042028,0012-09-11 09:30:00,12,9,11,9,30,920,60,"92, CHARLES DE GAULLE (A",,,Plein jour,En agglomération,Hors intersection,Normale,Autre collision,,,,,,,,,,,1,2,1,1.0,6
201200042029,0012-09-18 17:30:00,12,9,18,17,30,920,60,"12, ARISTIDE BRIAND (AVE",,,Plein jour,En agglomération,Hors intersection,Normale,Autre collision,,,,,,,,,,,1,2,1,1.0,6
201200042030,0012-09-18 09:50:00,12,9,18,9,50,920,23,"227, GENERAL DE GAULLE (",,,Plein jour,En agglomération,Hors intersection,Pluie légère,Autre collision,,,,,,,,,,,1,2,1,2.0,6
201200042031,0012-09-23 12:45:00,12,9,23,12,45,920,60,"., GABRIEL PERI (AVENUE)",,,Plein jour,En agglomération,Intersection en X,Normale,Deux véhicules - côté,,,,,,,,,,,1,2,2,1.0,3