accident_id,datetime,annee,mois,jour,heure,minute,departement,commune_insee,adresse,latitude,longitude,luminosite,agglomeration,intersection,meteo,collision,nb_vehicules,nb_usagers,nb_indemnes,nb_tues,nb_blesses_hosp,nb_blesses_legers,age_cond_1,age_cond_2,veh_type_cond_1,veh_type_cond_2,lum_code,agg_code,int_code,atm_code,col_code
201200042420,0012-04-20 20:55:00,12,4,20,20,55,920,36,"0, GABRIEL PERI (AVENUE)",,,Nuit avec éclairage allumé,En agglomération,Intersection en T,Normale,Autre collision,,,,,,,,,,,5,2,3,1.0,6
201200042421,0012-04-23 12:55:00,12,4,23,12,55,920,36,"face au 6, LOUIS CALMEL",,,Plein jour,En agglomération,Hors intersection,Pluie légère,Autre collision,,,,,,,,,,,1,2,1,2.0,6
201200042422,0012-04-23 19:00:00,12,4,23,19,0,920,36,"0, LOUIS ROCHE (AVENUE)",,,Plein jour,En agglomération,Intersection en T,Pluie légère,Deux véhicules - arrière,,,,,,,,,,,1,2,3,2.0,2
201200042423,0012-04-24 19:45:00,12,4,24,19,45,920,36,"0, MOLE N?1 (ROUTE OUEST",,,Plein jour,En agglomération,Hors intersection,Normale,Deux véhicules - arrière,,,,,,,,,,,1,2,1,1.0,2
201200042424,0012-05-01 15:20:00,12,5,1,15,20,920,36,QUAI DU MOULIN DE CAGE,,,Plein jour,En agglomération,Hors intersection,Normale,Trois véhicules et plus - en chaîne,,,,,,,,,,,1,2,1,1.0,4
201200042425,0012-05-15 16:15:00,12,5,15,16,15,920,36,BD LOUISE MICHEL,,,Plein jour,En agglomération,Intersection en T,Normale,Deux véhicules - côté,,,,,,,,,,,1,2,3,1.0,3
201200042426,0012-05-16 16:20:00,12,5,16,16,20,920,36,"44, AV GENERAL DE GAULLE",,,Plein jour,En agglomération,Hors intersection,Normale,Autre collision,,,,,,,,,,,1,2,1,1.0,6
201200042427,0012-05-18 14:30:00,12,5,18,14,30,920,36,AV LUCIEN LANTERNIER,,,Plein jour,En agglomération,Hors intersection,Normale,Autre collision,,,,,,,,,,,1,2,1,1.0,6
201200042428,0012-05-19 20:45:00,12,5,19,20,45,920,36,AV MARCEL PAUL,,,Crépuscule ou aube,En agglomération,Intersection en T,Normale,Deux véhicules - côté,,,,,,,,,,,2,2,3,1.0,3
201200042429,0012-05-24 14:10:00,12,5,24,14,10,920,36,"86, AV LOUIS ROCHE",,,Plein jour,En agglomération,Hors intersection,Normale,Deux véhicules - côté,,,,,,,,,,,1,2,1,1.0,3
201200042430,0012-05-25 16:15:00,12,5,25,16,15,920,36,AV D'ARGENTEUIL,,,Plein jour,En agglomération,Intersection en X,Normale,Autre collision,,,,,,,,,,,1,2,2,1.0,6
201200042431,0012-05-30 13:55:00,12,5,30,13,55,920,36,"24, AV CHANDON",,,Plein jour,En agglomération,Hors intersection,Normale,Autre collision,,,,,,,,,,,1,2,1,1.0,6
201200042432,0012-06-03 11:50:00,12,6,3,11,50,920,36,"0, ARGENTEUIL (AVENUE D'",,,Plein jour,En agglomération,Hors intersection,Normale,Autre collision,,,,,,,,,,,1,2,1,1.0,6
201200042433,0012-06-08 11:20:00,12,6,8,11,20,920,36,"0, REPUBLIQUE (AVENUE DE",,,Plein jour,En agglomération,Hors intersection,Normale,Autre collision,,,,,,,,,,,1,2,1,1.0,6
201200042434,0012-06-08 21:30:00,12,6,8,21,30,920,36,"88, LOUIS CALMEL (RUE) (",,,Nuit avec éclairage allumé,En agglomération,Hors intersection,Normale,Autre collision,,,,,,,,,,,5,2,1,1.0,6
201200042435,0012-06-10 19:15:00,12,6,10,19,15,920,36,"0, CLAUDE DEBUSSY (AVENU",,,Plein jour,En agglomération,Autre intersection,Pluie légère,Deux véhicules - côté,,,,,,,,,,,1,2,9,2.0,3
201200042436,0012-06-19 14:00:00,12,6,19,14,0,920,36,"0, PRINCIPALE DU PORT (R",,,Plein jour,En agglomération,Intersection en T,Normale,Deux véhicules - côté,,,,,,,,,,,1,2,3,1.0,3
201200042437,0012-06-21 15:00:00,12,6,21,15,0,920,36,"0, BASSIN N?5 (ROUTE DU)",,,Plein jour,En agglomération,Intersection en X,Normale,Deux véhicules - côté,,,,,,,,,,,1,2,2,1.0,3
201200042438,0012-06-22 02:20:00,12,6,22,2,20,920,36,"0, PIERRE TIMBAUD (RUE)",,,Nuit avec éclairage allumé,En agglomération,Giratoire,Normale,Sans collision,,,,,,,,,,,5,2,6,1.0,7
201200042439,0012-07-01 07:50:00,12,7,1,7,50,920,36,"31, LUCIEN LANTERNIER (A",,,Plein jour,En agglomération,Hors intersection,Normale,Deux véhicules - frontale,,,,,,,,,,,1,2,1,1.0,1
201200042440,0012-07-02 09:50:00,12,7,2,9,50,920,36,"0, GALLIENI (BOULEVARD)",,,Plein jour,En agglomération,Hors intersection,Normale,Autre collision,,,,,,,,,,,1,2,1,1.0,6
201200042441,0012-07-12 11:15:00,12,7,12,11,15,920,36,"0, GALLIENI (BOULEVARD)",,,Plein jour,En agglomération,Intersection en X,Normale,Autre collision,,,,,,,,,,,1,2,2,1.0,6
201200042442,0012-08-04 19:05:00,12,8,4,19,5,920,36,"5, CLAUDE DEBUSSY (AVENU",,,Plein jour,En agglomération,Hors intersection,Normale,Autre collision,,,,,,,,,,,1,2,1,1.0,6
201200042443,0012-08-20 09:20:00,12,8,20,9,20,920,36,BOULEVARD INTERCOMMUNAL,,,Plein jour,Hors agglomération,Intersection en Y,Normale,Autre collision,,,,,,,,,,,1,1,4,1.0,6
201200042444,0012-08-21 13:40:00,12,8,21,13,40,920,36,"0, PIERRE TIMBAUD (ROND",,,Plein jour,En agglomération,Hors intersection,Normale,Autre collision,,,,,,,,,,,1,2,1,1.0,6
201200042445,0012-09-04 17:30:00,12,9,4,17,30,920,36,"0, LAURENT CELY (AVENUE)",,,Plein jour,En agglomération,Intersection en X,Normale,Autre collision,,,,,,,,,,,1,2,2,1.0,6
201200042446,0012-09-10 16:00:00,12,9,10,16,0,920,36,"39, PRINCIPALE DU PORT (",,,Plein jour,En agglomération,Hors intersection,Normale,Autre collision,,,,,,,,,,,1,2,1,1.0,6
201200042447,0012-09-18 12:30:00,12,9,18,12,30,920,36,"0, PAUL VAILLANT COUTURI",,,Plein jour,En agglomération,Hors intersection,Normale,Autre collision,,,,,,,,,,,1,2,1,1.0,6
201200042448,0012-09-20 17:25:00,12,9,20,17,25,920,36,"0, MARCEL PAUL (AVENUE)",,,Plein jour,En agglomération,Hors intersection,Normale,Trois véhicules et plus - en chaîne,,,,,,,,,,,1,2,1,1.0,4
201200042449,0012-09-21 16:20:00,12,9,21,16,20,920,36,"0, ARGENTEUIL (AVENUE D'",,,Plein jour,En agglomération,Hors intersection,Pluie forte,Trois véhicules et plus - en chaîne,,,,,,,,,,,1,2,1,3.0,4
201200042450,0012-09-25 07:45:00,12,9,25,7,45,920,36,"0, MOULIN DE CAGE (QUAI",,,Plein jour,En agglomération,Hors intersection,Pluie légère,Sans collision,,,,,,,,,,,1,2,1,2.0,7
201200042451,0012-09-30 11:10:00,12,9,30,11,10,920,36,"0, LOUIS ROCHE (AVENUE)",,,Plein jour,En agglomération,Intersection en X,Normale,Deux véhicules - côté,,,,,,,,,,,1,2,2,1.0,3
201200042452,0012-10-01 12:00:00,12,10,1,12,0,920,36,"73, GENERAL DE GAULLE (A",,,Plein jour,En agglomération,Hors intersection,Normale,Autre collision,,,,,,,,,,,1,2,1,1.0,6
201200042453,0012-10-01 18:50:00,12,10,1,18,50,920,36,"0, GRESILLONS (AVENUE DE",,,Plein jour,En agglomération,Hors intersection,Normale,Autre collision,,,,,,,,,,,1,2,1,1.0,6
201200042454,0012-10-02 09:50:00,12,10,2,9,50,920,36,"101, LAURENT CELY (AVENU",,,Plein jour,En agglomération,Hors intersection,Normale,Sans collision,,,,,,,,,,,1,2,1,1.0,7
201200042455,0012-10-04 11:45:00,12,10,4,11,45,920,36,"0, THOMAS EDISON (RUE)",,,Plein jour,Hors agglomération,Intersection en T,Normale,Deux véhicules - côté,,,,,,,,,,,1,1,3,1.0,3
201200042456,0012-10-09 03:50:00,12,10,9,3,50,920,36,"0, MARCEL PAUL (AVENUE)",,,Nuit avec éclairage allumé,En agglomération,Intersection en T,Pluie légère,Sans collision,,,,,,,,,,,5,2,3,2.0,7
201200042457,0012-10-12 12:20:00,12,10,12,12,20,920,36,"0, PRINCIPALE DU PORT (R",,,Plein jour,En agglomération,Hors intersection,Normale,Trois véhicules et plus - en chaîne,,,,,,,,,,,1,2,1,1.0,4
201200042458,0012-10-23 20:00:00,12,10,23,20,0,920,36,"0, PIERRE TIMBAUD (RUE)",,,Nuit avec éclairage allumé,En agglomération,Intersection en X,Normale,Sans collision,,,,,,,,,,,5,2,2,1.0,7
201200042459,0012-10-27 12:10:00,12,10,27,12,10,920,36,"37, LUCIEN LANTERNIER (A",,,Plein jour,En agglomération,Hors intersection,Normale,Deux véhicules - côté,,,,,,,,,,,1,2,1,1.0,3
201200042460,0012-10-29 19:35:00,12,10,29,19,35,920,36,"115, GRESILLONS (AVENUE",,,Nuit avec éclairage allumé,En agglomération,Hors intersection,Normale,Autre collision,,,,,,,,,,,5,2,1,1.0,6
201200042461,0012-10-29 08:20:00,12,10,29,8,20,920,36,"0, CAMELINAT (BOULEVARD)",,,Plein jour,En agglomération,Intersection en T,Normale,Trois véhicules et plus - collisions multiples,,,,,,,,,,,1,2,3,1.0,5
201200042462,0012-11-02 17:30:00,12,11,2,17,30,920,36,"16, CAMELINAT (BOULEVARD",,,Nuit avec éclairage allumé,En agglomération,Hors intersection,Pluie légère,Deux véhicules - arrière,,,,,,,,,,,5,2,1,2.0,2
201200042463,0012-11-03 18:30:00,12,11,3,18,30,920,36,"0, PIERRE DE COUBERTIN (",,,Plein jour,En agglomération,Giratoire,Normale,Trois véhicules et plus - collisions multiples,,,,,,,,,,,1,2,6,1.0,5
201200042464,0012-11-04 18:05:00,12,11,4,18,5,920,36,"291, ARGENTEUIL (AVENUE",,,Nuit avec éclairage allumé,En agglomération,Hors intersection,Normale,Sans collision,,,,,,,,,,,5,2,1,1.0,7
201200042465,0012-11-07 06:50:00,12,11,7,6,50,920,36,"147, GRESILLONS (AVENUE",,,Plein jour,En agglomération,Hors intersection,Normale,Autre collision,,,,,,,,,,,1,2,1,1.0,6
201200042466,0012-11-07 08:45:00,12,11,7,8,45,920,36,"27/41, LOUISE MICHEL (IM",,,Plein jour,En agglomération,Hors intersection,Normale,Autre collision,,,,,,,,,,,1,2,1,1.0,6
201200042467,0012-11-10 18:50:00,12,11,10,18,50,920,36,"0, GRESILLONS (AVENUE DE",,,Nuit avec éclairage allumé,En agglomération,Intersection en T,Normale,Autre collision,,,,,,,,,,,5,2,3,1.0,6
201200042468,0012-11-12 09:35:00,12,11,12,9,35,920,36,"0, GRESILLONS (QUAI DES)",,,Plein jour,En agglomération,Intersection en X,Normale,Trois véhicules et plus - collisions multiples,,,,,,,,,,,1,2,2,1.0,5
201200042469,0012-11-12 16:00:00,12,11,12,16,0,920,36,"0, BAS (RUE DES) (78 & +",,,Plein jour,Hors agglomération,Hors intersection,Normale,Autre collision,,,,,,,,,,,1,1,1,1.0,6
201200042470,0012-11-19 17:45:00,12,11,19,17,45,920,36,"0, LOUIS ROCHE (AVENUE)",,,Nuit avec éclairage allumé,En agglomération,Intersection en T,Normale,Autre collision,,,,,,,,,,,5,2,3,1.0,6
201200042471,0012-11-23 17:20:00,12,11,23,17,20,920,36,"0, GABRIEL PERI (AVENUE)",,,Nuit avec éclairage allumé,En agglomération,Intersection en T,Pluie légère,Autre collision,,,,,,,,,,,5,2,3,2.0,6
201200042472,0012-12-01 06:30:00,12,12,1,6,30,920,36,"0, LAURENT CELY (AVENUE)",,,Nuit avec éclairage allumé,En agglomération,Intersection en X,Normale,Deux véhicules - côté,,,,,,,,,,,5,2,2,1.0,3
201200042473,0012-12-03 18:10:00,12,12,3,18,10,920,36,"0, GALLIENI (BOULEVARD)",,,Nuit avec éclairage allumé,En agglomération,Hors intersection,Pluie légère,Sans collision,,,,,,,,,,,5,2,1,2.0,7
201200042474,0012-12-05 04:40:00,12,12,5,4,40,920,36,"0, MARCEL PAUL (AVENUE)",,,Nuit avec éclairage allumé,En agglomération,Hors intersection,Normale,Sans collision,,,,,,,,,,,5,2,1,1.0,7
201200042475,0012-12-11 12:15:00,12,12,11,12,15,920,36,"35, LUCIEN LANTERNIER (A",,,Plein jour,En agglomération,Hors intersection,Normale,Autre collision,,,,,,,,,,,1,2,1,1.0,6
201200042476,0012-12-20 21:00:00,12,12,20,21,0,920,36,"0, PRINCIPALE DU PORT (R",,,Nuit avec éclairage allumé,En agglomération,Hors intersection,Pluie légère,Sans collision,,,,,,,,,,,5,2,1,2.0,7
201200042477,0012-12-21 20:30:00,12,12,21,20,30,920,36,"18, PIERRE TIMBAUD (RUE)",,,Nuit avec éclairage allumé,Hors agglomération,Hors intersection,Normale,Sans collision,,,,,,,,,,,5,1,1,1.0,7
201200042478,0012-12-22 15:00:00,12,12,22,15,0,920,36,"89, LAURENT CELY (AVENUE",,,Plein jour,En agglomération,Hors intersection,Pluie légère,Autre collision,,,,,,,,,,,1,2,1,2.0,6
201200042479,0012-12-22 16:20:00,12,12,22,16,20,920,36,"56, GABRIEL PERI (AVENUE",,,Plein jour,En agglomération,Hors intersection,Pluie légère,Autre collision,,,,,,,,,,,1,2,1,2.0,6
201200042480,0012-12-31 19:25:00,12,12,31,19,25,920,36,"5, BEAUMARCHAIS (BOULEVA",,,Nuit sans éclairage public,En agglomération,Hors intersection,Normale,Autre collision,,,,,,,,,,,3,2,1,1.0,6
201200042481,0012-01-05 11:10:00,12,1,5,11,10,920,40,"144, VERDUN (AVENUE DE)",48.49174,,Plein jour,En agglomération,Hors intersection,Pluie forte,Deux véhicules - côté,,,,,,,,,,,1,2,1,3.0,3
201200042482,0012-01-05 06:35:00,12,1,5,6,35,920,40,"xxx, GENERAL LECLERC (DU",48.49494,,Crépuscule ou aube,En agglomération,Intersection en T,Pluie légère,Deux véhicules - côté,,,,,,,,,,,2,2,3,2.0,3
201200042483,0012-12-29 07:45:00,12,12,29,7,45,920,40,"xxx, GARIBALDI (BOULEVAR",,,Crépuscule ou aube,En agglomération,Hors intersection,Normale,Sans collision,,,,,,,,,,,2,2,1,1.0,7
201200042484,0012-01-09 12:20:00,12,1,9,12,20,920,40,"74, RODIN (BOULEVARD)",,,Plein jour,En agglomération,Hors intersection,Normale,Autre collision,,,,,,,,,,,1,2,1,1.0,6
201200042485,0012-01-15 17:50:00,12,1,15,17,50,920,40,"xxx, PAUL-VAILLANT COUTU",,,Nuit avec éclairage allumé,En agglomération,Hors intersection,Normale,Deux véhicules - côté,,,,,,,,,,,5,2,1,1.0,3
201200042486,0012-01-14 18:30:00,12,1,14,18,30,920,40,"90, PAIX (AVENUE DE LA)",,,Nuit avec éclairage allumé,En agglomération,Hors intersection,Normale,Autre collision,,,,,,,,,,,5,2,1,1.0,6
201200042487,0012-01-14 19:10:00,12,1,14,19,10,920,40,"84, GALLIENI (BOULEVARD)",,,Nuit avec éclairage non allumé,En agglomération,Hors intersection,Normale,Deux véhicules - côté,,,,,,,,,,,4,2,1,1.0,3
201200042488,0012-01-16 09:30:00,12,1,16,9,30,920,40,"99, VERDUN (AVENUE DE) D",,,Plein jour,En agglomération,Hors intersection,Normale,Deux véhicules - côté,,,,,,,,,,,1,2,1,1.0,3
201200042489,0012-01-19 08:25:00,12,1,19,8,25,920,40,"285, STALINGRAD (QUAI DE",,,Plein jour,En agglomération,Hors intersection,Normale,Deux véhicules - côté,,,,,,,,,,,1,2,1,1.0,3
201200042490,0012-01-20 10:30:00,12,1,20,10,30,920,40,"194, STALINGRAD (QUAI DE",,,Plein jour,En agglomération,Hors intersection,Pluie légère,Deux véhicules - côté,,,,,,,,,,,1,2,1,2.0,3
201200042491,0012-01-25 17:05:00,12,1,25,17,5,920,40,"xxx, HENRI MAYER",,,Plein jour,En agglomération,Intersection en T,Temps couvert,Deux véhicules - arrière,,,,,,,,,,,1,2,3,8.0,2
201200042492,0012-02-01 16:50:00,12,2,1,16,50,920,40,QU DE STALINGRAD,,,Plein jour,En agglomération,Hors intersection,Normale,Autre collision,,,,,,,,,,,1,2,1,1.0,6
201200042493,0012-02-21 08:20:00,12,2,21,8,20,920,40,BD GAMBETTA,,,Plein jour,En agglomération,Hors intersection,Normale,Deux véhicules - côté,,,,,,,,,,,1,2,1,1.0,3
201200042494,0012-02-23 16:15:00,12,2,23,16,15,920,40,BD GALLIENI,,,Plein jour,En agglomération,Hors intersection,Pluie légère,Deux véhicules - côté,,,,,,,,,,,1,2,1,2.0,3
201200042495,0012-02-26 10:10:00,12,2,26,10,10,920,40,AV DE LA PAIX,,,Plein jour,En agglomération,Hors intersection,Normale,Deux véhicules - côté,,,,,,,,,,,1,2,1,1.0,3
201200042496,0012-03-11 16:30:00,12,3,11,16,30,920,40,"44, ERNEST RENAN",,,Plein jour,En agglomération,Hors intersection,Normale,Autre collision,,,,,,,,,,,1,2,1,1.0,6
201200042497,0012-03-12 19:25:00,12,3,12,19,25,920,40,"89, PAIX (AVENUE DE LA)",,,Nuit avec éclairage allumé,En agglomération,Hors intersection,Normale,Autre collision,,,,,,,,,,,5,2,1,1.0,6
201200042498,0012-03-22 08:35:00,12,3,22,8,35,920,40,"173, GENERAL DE GAULLE (",,,Plein jour,En agglomération,Hors intersection,Normale,Deux véhicules - côté,,,,,,,,,,,1,2,1,1.0,3
201200042499,0012-03-31 22:55:00,12,3,31,22,55,920,40,"178, STALINGRAD (QUAI DE",,,Nuit avec éclairage allumé,En agglomération,Hors intersection,Normale,Deux véhicules - arrière,,,,,,,,,,,5,2,1,1.0,2
201200042500,0012-04-03 11:10:00,12,4,3,11,10,920,40,PDT ROOSEVELT (QUAI,,,Plein jour,En agglomération,Hors intersection,Normale,Deux véhicules - arrière,,,,,,,,,,,1,2,1,1.0,2
201200042501,0012-04-03 18:40:00,12,4,3,18,40,920,40,"xxx, GALLIENI (BOULEVARD",,,Plein jour,En agglomération,Intersection en T,Normale,Deux véhicules - côté,,,,,,,,,,,1,2,3,1.0,3
201200042502,0012-04-03 22:00:00,12,4,3,22,0,920,40,"xxx, GENERAL LECLERC (DU",,,Nuit avec éclairage allumé,En agglomération,Intersection en T,Normale,Deux véhicules - côté,,,,,,,,,,,5,2,3,1.0,3
201200042503,0012-04-11 18:45:00,12,4,11,18,45,920,40,"xxx, SAINT-CLOUD (CHEMIN",,,Plein jour,En agglomération,Intersection en T,Normale,Deux véhicules - côté,,,,,,,,,,,1,2,3,1.0,3
201200042504,0012-04-12 16:40:00,12,4,12,16,40,920,40,"XXX, VICTOR HUGO (ROND-P",,,Plein jour,En agglomération,Hors intersection,Normale,Deux véhicules - côté,,,,,,,,,,,1,2,1,1.0,3
201200042505,0012-05-12 17:40:00,12,5,12,17,40,920,40,"24, R D'EREVAN",,,Plein jour,En agglomération,Hors intersection,Normale,Autre collision,,,,,,,,,,,1,2,1,1.0,6
201200042506,0012-05-13 15:20:00,12,5,13,15,20,920,40,"35, GENERAL LECLERC",,,Plein jour,En agglomération,Hors intersection,Normale,Autre collision,,,,,,,,,,,1,2,1,1.0,6
201200042507,0012-05-15 16:30:00,12,5,15,16,30,920,40,"7, R HORACE VERNET",,,Plein jour,En agglomération,Intersection en T,Pluie légère,Deux véhicules - côté,,,,,,,,,,,1,2,3,2.0,3
201200042508,0012-05-23 14:50:00,12,5,23,14,50,920,40,"196, QUAI DE STALINGRAD",,,Plein jour,En agglomération,Hors intersection,Normale,Autre collision,,,,,,,,,,,1,2,1,1.0,6
201200042509,0012-05-23 19:30:00,12,5,23,19,30,920,40,QUAI DU PDT ROOSEVELT,,,Plein jour,En agglomération,Hors intersection,Normale,Deux véhicules - arrière,,,,,,,,,,,1,2,1,1.0,2
201200042510,0012-05-29 12:50:00,12,5,29,12,50,920,40,BD GARIBALDI,,,Plein jour,En agglomération,Hors intersection,Normale,Deux véhicules - arrière,,,,,,,,,,,1,2,1,1.0,2
201200042511,0012-05-30 10:10:00,12,5,30,10,10,920,40,"16, AUGUSTE GERVAIS",,,Plein jour,En agglomération,Hors intersection,Temps éblouissant,Autre collision,,,,,,,,,,,1,2,1,7.0,6
201200042512,0012-05-30 16:00:00,12,5,30,16,0,920,40,AV VICTOR CRESSON,,,Plein jour,En agglomération,Intersection en T,Normale,Autre collision,,,,,,,,,,,1,2,3,1.0,6
201200042513,0012-06-02 20:40:00,12,6,2,20,40,920,40,"xxx, RESISTANCE (PLACE D",,,Crépuscule ou aube,En agglomération,Hors intersection,Normale,Deux véhicules - côté,,,,,,,,,,,2,2,1,1.0,3
201200042514,0012-06-04 14:35:00,12,6,4,14,35,920,40,"xxx, STALINGRAD (QUAI DE",,,Plein jour,En agglomération,Hors intersection,Normale,Deux véhicules - arrière,,,,,,,,,,,1,2,1,1.0,2
201200042515,0012-06-09 17:15:00,12,6,9,17,15,920,40,"143 bis, VERDUN (AVENUE",,,Plein jour,En agglomération,Hors intersection,Temps couvert,Deux véhicules - arrière,,,,,,,,,,,1,2,1,8.0,2
201200042516,0012-06-14 08:55:00,12,6,14,8,55,920,40,"xxx, FRERES VOISIN (BOUL",,,Plein jour,En agglomération,Intersection en X,Normale,Autre collision,,,,,,,,,,,1,2,2,1.0,6
201200042517,0012-06-16 12:35:00,12,6,16,12,35,920,40,"97, PIERRE BROSSOLETTE",,,Plein jour,En agglomération,Hors intersection,Pluie légère,Deux véhicules - côté,,,,,,,,,,,1,2,1,2.0,3
201200042518,0012-06-22 18:30:00,12,6,22,18,30,920,40,"xxx, GALLIENI (BOULEVARD",,,Plein jour,En agglomération,Intersection en T,Normale,Autre collision,,,,,,,,,,,1,2,3,1.0,6
201200042519,0012-06-28 15:35:00,12,6,28,15,35,920,40,"99, VERDUN (AVENUE DE) D",,,Plein jour,En agglomération,Hors intersection,Normale,Deux véhicules - côté,,,,,,,,,,,1,2,1,1.0,3
201200042520,0012-06-28 16:40:00,12,6,28,16,40,920,40,"144, VERDUN (AVENUE DE)",,,Plein jour,En agglomération,Hors intersection,Normale,Deux véhicules - arrière,,,,,,,,,,,1,2,1,1.0,2
201200042521,0012-06-28 19:05:00,12,6,28,19,5,920,40,"xxx, GALLIENI (BOULEVARD",,,Plein jour,En agglomération,Intersection en T,Normale,Autre collision,,,,,,,,,,,1,2,3,1.0,6
201200042522,0012-07-04 23:00:00,12,7,4,23,0,920,40,"72, RODIN (BOULEVARD)",,,Nuit avec éclairage allumé,En agglomération,Hors intersection,Pluie légère,Trois véhicules et plus - collisions multiples,,,,,,,,,,,5,2,1,2.0,5
201200042523,0012-07-06 16:50:00,12,7,6,16,50,920,40,"107, GENERAL DE GAULLE (",,,Plein jour,En agglomération,Intersection en T,Pluie légère,Deux véhicules - arrière,,,,,,,,,,,1,2,3,2.0,2
201200042524,0012-07-07 18:30:00,12,7,7,18,30,920,40,"245, STALINGRAD (QUAI DE",,,Plein jour,En agglomération,Hors intersection,Normale,Deux véhicules - côté,,,,,,,,,,,1,2,1,1.0,3
201200042525,0012-07-07 11:10:00,12,7,7,11,10,920,40,"xxx, RESISTANCE (PLACE D",,,Plein jour,En agglomération,Intersection en X,Pluie légère,Deux véhicules - côté,,,,,,,,,,,1,2,2,2.0,3
201200042526,0012-07-11 09:40:00,12,7,11,9,40,920,40,"xxx, ROUGET DE L'ISLE",,,Plein jour,En agglomération,Hors intersection,Normale,Deux véhicules - côté,,,,,,,,,,,1,2,1,1.0,3
201200042527,0012-07-13 20:45:00,12,7,13,20,45,920,40,"xxx, PDT ROOSEVELT (QUAI",,,Nuit sans éclairage public,En agglomération,Hors intersection,Pluie légère,Deux véhicules - côté,,,,,,,,,,,3,2,1,2.0,3
201200042528,0012-07-17 16:10:00,12,7,17,16,10,920,40,"38, DIDEROT",,,Plein jour,En agglomération,Hors intersection,Normale,Autre collision,,,,,,,,,,,1,2,1,1.0,6
201200042529,0012-07-17 13:35:00,12,7,17,13,35,920,40,"XXX, GOUVERNEUR GAL EBOU",,,Plein jour,En agglomération,Intersection en X,Normale,Autre collision,,,,,,,,,,,1,2,2,1.0,6
201200042530,0012-07-17 18:20:00,12,7,17,18,20,920,40,"5, GOUVERNEUR GAL EBOUE",,,Plein jour,En agglomération,Intersection en T,Normale,Deux véhicules - arrière,,,,,,,,,,,1,2,3,1.0,2
201200042531,0012-07-26 15:00:00,12,7,26,15,0,920,40,"149, VERDUN (AVENUE DE)",,,Plein jour,En agglomération,Hors intersection,Normale,Deux véhicules - arrière,,,,,,,,,,,1,2,1,1.0,2
201200042532,0012-07-29 06:05:00,12,7,29,6,5,920,40,"45, HENRI TARIEL",,,Crépuscule ou aube,En agglomération,Hors intersection,Normale,Autre collision,,,,,,,,,,,2,2,1,1.0,6
201200042533,0012-08-02 20:00:00,12,8,2,20,0,920,40,"xxx, ERNEST RENAN",,,Plein jour,En agglomération,Intersection en T,Normale,Deux véhicules - côté,,,,,,,,,,,1,2,3,1.0,3
201200042534,0012-08-02 23:05:00,12,8,2,23,5,920,40,"144, VERDUN (AVENUE DE)",,,Nuit avec éclairage allumé,En agglomération,Hors intersection,Normale,Deux véhicules - côté,,,,,,,,,,,5,2,1,1.0,3
201200042535,0012-08-06 16:45:00,12,8,6,16,45,920,40,"12, VICTOR CRESSON (AVEN",,,Plein jour,En agglomération,Hors intersection,Normale,Deux véhicules - côté,,,,,,,,,,,1,2,1,1.0,3
201200042536,0012-08-21 17:45:00,12,8,21,17,45,920,40,"60, GALLIENI (BOULEVARD)",,,Plein jour,En agglomération,Hors intersection,Normale,Deux véhicules - arrière,,,,,,,,,,,1,2,1,1.0,2
201200042537,0012-08-21 13:35:00,12,8,21,13,35,920,40,"25, SEVERINE",,,Plein jour,En agglomération,Hors intersection,Normale,Deux véhicules - côté,,,,,,,,,,,1,2,1,1.0,3
201200042538,0012-09-01 16:50:00,12,9,1,16,50,920,40,"12, VICTOR CRESSON (AVEN",,,Plein jour,En agglomération,Hors intersection,Normale,Deux véhicules - côté,,,,,,,,,,,1,2,1,1.0,3
201200042539,0012-09-10 09:20:00,12,9,10,9,20,920,40,"72, RODIN (BOULEVARD)",,,Plein jour,En agglomération,Hors intersection,Normale,Autre collision,,,,,,,,,,,1,2,1,1.0,6
201200042540,0012-09-12 16:00:00,12,9,12,16,0,920,40,"1, CAMILLE DESMOULINS",,,Plein jour,En agglomération,Intersection en X,Normale,Trois véhicules et plus - collisions multiples,,,,,,,,,,,1,2,2,1.0,5
201200042541,0012-09-11 08:45:00,12,9,11,8,45,920,40,"xxx, ILES (BOULEVARD DES",,,Plein jour,En agglomération,Giratoire,Normale,Deux véhicules - arrière,,,,,,,,,,,1,2,6,1.0,2
201200042542,0012-09-15 13:33:00,12,9,15,13,33,920,40,"xx, JEAN JAURES (AVENUE)",,,Plein jour,En agglomération,Hors intersection,Normale,Autre collision,,,,,,,,,,,1,2,1,1.0,6
201200042543,0012-09-20 08:50:00,12,9,20,8,50,920,40,"88, GENERAL DE GAULLE (A",,,Plein jour,En agglomération,Hors intersection,Normale,Autre collision,,,,,,,,,,,1,2,1,1.0,6
201200042544,0012-09-21 18:10:00,12,9,21,18,10,920,40,JEAN JAURES (AVENUE),,,Plein jour,En agglomération,Intersection en T,Pluie forte,Autre collision,,,,,,,,,,,1,2,3,3.0,6
201200042545,0012-09-22 15:50:00,12,9,22,15,50,920,40,"68, GALLIENI (BOULEVARD)",,,Plein jour,En agglomération,Hors intersection,Normale,Deux véhicules - côté,,,,,,,,,,,1,2,1,1.0,3
201200042546,0012-10-02 08:50:00,12,10,2,8,50,920,40,"12, PIERRE POLI",,,Plein jour,En agglomération,Hors intersection,Temps couvert,Deux véhicules - arrière,,,,,,,,,,,1,2,1,8.0,2
201200042547,0012-10-05 13:50:00,12,10,5,13,50,920,40,"XXX, GAMBETTA (BOULEVARD",,,Plein jour,En agglomération,Hors intersection,Temps couvert,Autre collision,,,,,,,,,,,1,2,1,8.0,6