accident_id,datetime,annee,mois,jour,heure,minute,departement,commune_insee,adresse,latitude,longitude,luminosite,agglomeration,intersection,meteo,collision,nb_vehicules,nb_usagers,nb_indemnes,nb_tues,nb_blesses_hosp,nb_blesses_legers,age_cond_1,age_cond_2,veh_type_cond_1,veh_type_cond_2,lum_code,agg_code,int_code,atm_code,col_code
201200042548,0012-10-08 17:30:00,12,10,8,17,30,920,40,"11 bis, VOLTAIRE (BOULEV",,,Plein jour,En agglomération,Hors intersection,Pluie légère,Trois véhicules et plus - collisions multiples,,,,,,,,,,,1,2,1,2.0,5
201200042549,0012-10-12 10:05:00,12,10,12,10,5,920,40,"147, VERDUN (AVENUE DE)",,,Plein jour,En agglomération,Hors intersection,Normale,Deux véhicules - arrière,,,,,,,,,,,1,2,1,1.0,2
201200042550,0012-10-31 11:20:00,12,10,31,11,20,920,40,"58, VICTOR CRESSON (AVEN",,,Plein jour,En agglomération,Hors intersection,Normale,Autre collision,,,,,,,,,,,1,2,1,1.0,6
201200042551,0012-10-31 19:25:00,12,10,31,19,25,920,40,"xxx, VICTOR HUGO (ROND-P",,,Nuit avec éclairage allumé,En agglomération,Hors intersection,Normale,Deux véhicules - côté,,,,,,,,,,,5,2,1,1.0,3
201200042552,0012-11-11 11:20:00,12,11,11,11,20,920,40,"50, GALLIENI (BOULEVARD)",,,Plein jour,En agglomération,Hors intersection,Normale,Deux véhicules - côté,,,,,,,,,,,1,2,1,1.0,3
201200042553,0012-11-09 20:10:00,12,11,9,20,10,920,40,"xxx, GENERAL DE GAULLE (",,,Nuit avec éclairage allumé,En agglomération,Intersection en T,Pluie légère,Deux véhicules - arrière,,,,,,,,,,,5,2,3,2.0,2
201200042554,0012-11-15 17:50:00,12,11,15,17,50,920,40,"XXX, GALLIENI (BOULEVARD",,,Nuit avec éclairage allumé,En agglomération,Intersection en T,Normale,Deux véhicules - côté,,,,,,,,,,,5,2,3,1.0,3
201200042555,0012-11-18 15:40:00,12,11,18,15,40,920,40,"59, GENERAL DE GAULLE (A",,,Plein jour,En agglomération,Hors intersection,Pluie légère,Sans collision,,,,,,,,,,,1,2,1,2.0,7
201200042556,0012-11-23 14:55:00,12,11,23,14,55,920,40,"104, VERDUN (AVENUE DE)",,,Plein jour,En agglomération,Intersection en T,Pluie légère,Deux véhicules - côté,,,,,,,,,,,1,2,3,2.0,3
201200042557,0012-11-23 16:00:00,12,11,23,16,0,920,40,"150, VERDUN (AVENUE DE)",,,Plein jour,En agglomération,Hors intersection,Pluie légère,Autre collision,,,,,,,,,,,1,2,1,2.0,6
201200042558,0012-11-28 15:10:00,12,11,28,15,10,920,40,"70, GALLIENI (BOULEVARD)",,,Plein jour,En agglomération,Hors intersection,Normale,Autre collision,,,,,,,,,,,1,2,1,1.0,6
201200042559,0012-12-01 12:55:00,12,12,1,12,55,920,40,"113 bis, VERDUN (AVENUE",,,Plein jour,En agglomération,Hors intersection,Normale,Deux véhicules - arrière,,,,,,,,,,,1,2,1,1.0,2
201200042560,0012-12-05 09:00:00,12,12,5,9,0,920,40,"38, JEAN-PIERRE TIMBAUD",,,Plein jour,En agglomération,Hors intersection,Normale,Deux véhicules - arrière,,,,,,,,,,,1,2,1,1.0,2
201200042561,0012-12-18 08:20:00,12,12,18,8,20,920,40,"9, VOLTAIRE (BOULEVARD)",,,Crépuscule ou aube,En agglomération,Hors intersection,Pluie légère,Deux véhicules - côté,,,,,,,,,,,2,2,1,2.0,3
201200042562,0012-12-19 22:30:00,12,12,19,22,30,920,40,"66, GALLIENI (BOULEVARD)",,,Nuit avec éclairage allumé,En agglomération,Hors intersection,Pluie légère,Deux véhicules - côté,,,,,,,,,,,5,2,1,2.0,3
201200042563,0012-12-20 07:35:00,12,12,20,7,35,920,40,"xxx, GOUVERNEUR GAL EBOU",,,Nuit avec éclairage allumé,En agglomération,Intersection en T,Pluie légère,Autre collision,,,,,,,,,,,5,2,3,2.0,6
201200042564,0012-12-20 19:45:00,12,12,20,19,45,920,40,"126, VERDUN (AVENUE DE)",,,Nuit avec éclairage allumé,En agglomération,Hors intersection,Pluie légère,Autre collision,,,,,,,,,,,5,2,1,2.0,6
201200042565,0012-12-21 18:10:00,12,12,21,18,10,920,40,"86, CAMILLE DESMOULINS",,,Nuit avec éclairage allumé,En agglomération,Hors intersection,Normale,Autre collision,,,,,,,,,,,5,2,1,1.0,6
201200042566,0012-12-08 20:30:00,12,12,8,20,30,920,44,"37, GABRIEL PERI(RUE) 25",,,Crépuscule ou aube,En agglomération,Intersection en X,Pluie légère,Autre collision,,,,,,,,,,,2,2,2,2.0,6
201200042567,0012-11-26 18:50:00,12,11,26,18,50,920,44,"64, P.V.COUTURIER(RUE)81",,,Nuit avec éclairage allumé,En agglomération,Hors intersection,Normale,Deux véhicules - côté,,,,,,,,,,,5,2,1,1.0,3
201200042568,0012-12-06 16:45:00,12,12,6,16,45,920,44,BAUDIN (RUE) 27A83 ET 36,,,Plein jour,En agglomération,Intersection en X,Normale,Deux véhicules - côté,,,,,,,,,,,1,2,2,1.0,3
201200042569,0012-01-06 11:25:00,12,1,6,11,25,920,44,"49, MARIUS AUFAN(RUE) 1A",,,Plein jour,En agglomération,Hors intersection,Normale,Autre collision,,,,,,,,,,,1,2,1,1.0,6
201200042570,0012-01-07 21:30:00,12,1,7,21,30,920,44,"153, VIC. HUGO(RUE)115A1",,,Nuit avec éclairage allumé,En agglomération,Intersection en X,Normale,Deux véhicules - côté,,,,,,,,,,,5,2,2,1.0,3
201200042571,0012-01-23 15:40:00,12,1,23,15,40,920,44,"96, PDT WILSON(RUE)77A10",,,Plein jour,En agglomération,Hors intersection,Normale,Autre collision,,,,,,,,,,,1,2,1,1.0,6
201200042572,0012-01-25 07:20:00,12,1,25,7,20,920,44,"56, ARISTIDE BRIAND(RUE)",,,Nuit avec éclairage allumé,En agglomération,Intersection en X,Pluie légère,Deux véhicules - côté,,,,,,,,,,,5,2,2,2.0,3
201200042573,0012-01-31 15:20:00,12,1,31,15,20,920,44,"84, VILLIERS(RUE DE)  54",,,Plein jour,En agglomération,Intersection en X,Normale,Autre collision,,,,,,,,,,,1,2,2,1.0,6
201200042574,0012-02-02 10:30:00,12,2,2,10,30,920,44,"155, R ANATOLE FRANCE",,,Plein jour,En agglomération,Hors intersection,Autre,Deux véhicules - arrière,,,,,,,,,,,1,2,1,9.0,2
201200042575,0012-02-10 14:00:00,12,2,10,14,0,920,44,WILSON / D'ALSACE,,,Plein jour,En agglomération,Intersection en X,Normale,Deux véhicules - côté,,,,,,,,,,,1,2,2,1.0,3
201200042576,0012-02-10 19:15:00,12,2,10,19,15,920,44,"15, AV ANDRE MALRAUX",,,Nuit avec éclairage allumé,En agglomération,Hors intersection,Normale,Deux véhicules - côté,,,,,,,,,,,5,2,1,1.0,3
201200042577,0012-02-16 20:05:00,12,2,16,20,5,920,44,R ARISTIDE BRIAND,,,Nuit avec éclairage allumé,En agglomération,Hors intersection,Normale,Autre collision,,,,,,,,,,,5,2,1,1.0,6
201200042578,0012-02-11 21:45:00,12,2,11,21,45,920,44,PELLETAN / RIVAY,,,Nuit avec éclairage allumé,En agglomération,Intersection en X,Normale,Deux véhicules - côté,,,,,,,,,,,5,2,2,1.0,3
201200042579,0012-03-03 21:50:00,12,3,3,21,50,920,44,VILLIERS(RUE DE)  54A86,,,Nuit avec éclairage allumé,En agglomération,Intersection en X,Normale,Deux véhicules - frontale,,,,,,,,,,,5,2,2,1.0,1
201200042580,0012-03-01 22:05:00,12,3,1,22,5,920,44,VIC. HUGO(RUE)001A067 ET,,,Nuit avec éclairage allumé,En agglomération,Intersection en X,Normale,Deux véhicules - côté,,,,,,,,,,,5,2,2,1.0,3
201200042581,0012-03-06 17:15:00,12,3,6,17,15,920,44,"24, CAMILLE PELLETAN(RUE",,,Plein jour,En agglomération,Intersection en X,Normale,Deux véhicules - côté,,,,,,,,,,,1,2,2,1.0,3
201200042582,0012-03-08 09:35:00,12,3,8,9,35,920,44,"8, ALSACE (RUE) N?19 + E",,,Plein jour,En agglomération,Hors intersection,Normale,Trois véhicules et plus - en chaîne,,,,,,,,,,,1,2,1,1.0,4
201200042583,0012-03-16 10:45:00,12,3,16,10,45,920,44,"22, PDT WILSON(RUE) 2A24",,,Plein jour,En agglomération,Hors intersection,Normale,Autre collision,,,,,,,,,,,1,2,1,1.0,6
201200042584,0012-03-17 19:25:00,12,3,17,19,25,920,44,"63, VIC. HUGO(RUE)001A06",,,Nuit avec éclairage allumé,En agglomération,Hors intersection,Normale,Autre collision,,,,,,,,,,,5,2,1,1.0,6
201200042585,0012-11-20 14:00:00,12,11,20,14,0,920,44,"49, VIC. HUGO(RUE)001A06",,,Plein jour,En agglomération,Hors intersection,Normale,Autre collision,,,,,,,,,,,1,2,1,1.0,6
201200042586,0012-03-26 18:25:00,12,3,26,18,25,920,44,"82, VILLIERS(RUE DE)  54",,,Plein jour,En agglomération,Hors intersection,Normale,Deux véhicules - côté,,,,,,,,,,,1,2,1,1.0,3
201200042587,0012-03-23 09:50:00,12,3,23,9,50,920,44,BAUDIN (RUE) 27A83 ET 36,,,Plein jour,En agglomération,Intersection en X,Normale,Autre collision,,,,,,,,,,,1,2,2,1.0,6
201200042588,0012-04-04 10:25:00,12,4,4,10,25,920,44,"64, P.V.COUTURIER(RUE)1A",,,Plein jour,En agglomération,Intersection en X,Normale,Deux véhicules - côté,,,,,,,,,,,1,2,2,1.0,3
201200042589,0012-04-04 12:30:00,12,4,4,12,30,920,44,"14ter, COLLANGE(RUE) 1A1",,,Plein jour,En agglomération,Hors intersection,Normale,Autre collision,,,,,,,,,,,1,2,1,1.0,6
201200042590,0012-04-04 15:15:00,12,4,4,15,15,920,44,"30, J. GUESDE(RUE)25A57",,,Plein jour,En agglomération,Intersection en X,Normale,Autre collision,,,,,,,,,,,1,2,2,1.0,6
201200042591,0012-04-05 12:00:00,12,4,5,12,0,920,44,"64, VOLTAIRE(RUE)1A51 ET",,,Plein jour,En agglomération,Intersection en X,Normale,Autre collision,,,,,,,,,,,1,2,2,1.0,6
201200042592,0012-04-10 09:30:00,12,4,10,9,30,920,44,"3, MICHELET(QUAI) 2 A 30",,,Plein jour,En agglomération,Hors intersection,Normale,Deux véhicules - arrière,,,,,,,,,,,1,2,1,1.0,2
201200042593,0012-04-16 14:30:00,12,4,16,14,30,920,44,"49, LOUIS ROUQUIER(RUE)4",,,Plein jour,En agglomération,Intersection en X,Normale,Deux véhicules - côté,,,,,,,,,,,1,2,2,1.0,3
201200042594,0012-04-20 12:30:00,12,4,20,12,30,920,44,"53, P.V.COUTURIER(RUE)1A",,,Plein jour,En agglomération,Hors intersection,Normale,Deux véhicules - côté,,,,,,,,,,,1,2,1,1.0,3
201200042595,0012-04-21 08:15:00,12,4,21,8,15,920,44,"174, VIC. HUGO(RUE)115A1",,,Plein jour,En agglomération,Hors intersection,Normale,Autre collision,,,,,,,,,,,1,2,1,1.0,6
201200042596,0012-04-22 11:40:00,12,4,22,11,40,920,44,"37, CARNOT(RUE)1A41 ET 2",,,Plein jour,En agglomération,Hors intersection,Normale,Autre collision,,,,,,,,,,,1,2,1,1.0,6
201200042597,0012-05-03 10:40:00,12,5,3,10,40,920,44,"77, R ANATOLE FRANCE",,,Plein jour,En agglomération,Hors intersection,Normale,Deux véhicules - côté,,,,,,,,,,,1,2,1,1.0,3
201200042598,0012-05-09 18:50:00,12,5,9,18,50,920,44,"38, R LOUISE MICHEL",,,Plein jour,En agglomération,Intersection à plus de 4 branches,Normale,Autre collision,,,,,,,,,,,1,2,5,1.0,6
201200042599,0012-05-14 09:15:00,12,5,14,9,15,920,44,"91, R VICTOR HUGO",,,Plein jour,En agglomération,Intersection en X,Normale,Autre collision,,,,,,,,,,,1,2,2,1.0,6
201200042600,0012-05-16 08:35:00,12,5,16,8,35,920,44,"89, R JEAN JAURES",,,Plein jour,En agglomération,Intersection en T,Normale,Sans collision,,,,,,,,,,,1,2,3,1.0,7
201200042601,0012-05-30 09:30:00,12,5,30,9,30,920,44,"85, R BAUDIN",,,Plein jour,En agglomération,Intersection en X,Normale,Deux véhicules - côté,,,,,,,,,,,1,2,2,1.0,3
201200042602,0012-06-16 23:00:00,12,6,16,23,0,920,44,"85, BAUDIN (RUE)85 + ET",,,Nuit avec éclairage allumé,En agglomération,Intersection en X,Normale,Sans collision,,,,,,,,,,,5,2,2,1.0,7
201200042603,0012-06-13 18:20:00,12,6,13,18,20,920,44,"39, LOUISE MICHEL(RUE) 4",,,Plein jour,En agglomération,Intersection en X,Pluie légère,Autre collision,,,,,,,,,,,1,2,2,2.0,6
201200042604,0012-06-02 09:40:00,12,6,2,9,40,920,44,"85, J. GUESDE(RUE)71A101",,,Plein jour,En agglomération,Intersection en X,Normale,Deux véhicules - côté,,,,,,,,,,,1,2,2,1.0,3
201200042605,0012-07-02 08:35:00,12,7,2,8,35,920,44,"41, LOUISE MICHEL(RUE) 4",,,Plein jour,En agglomération,Intersection en X,Normale,Deux véhicules - côté,,,,,,,,,,,1,2,2,1.0,3
201200042606,0012-08-10 17:00:00,12,8,10,17,0,920,44,"15, GREFFULHE (RUE)",,,Plein jour,En agglomération,Hors intersection,Normale,Sans collision,,,,,,,,,,,1,2,1,1.0,7
201200042607,0012-07-10 12:35:00,12,7,10,12,35,920,44,"97, JEAN JAURES(RUE) 57A",,,Plein jour,En agglomération,Hors intersection,Normale,Deux véhicules - côté,,,,,,,,,,,1,2,1,1.0,3
201200042608,0012-07-04 18:25:00,12,7,4,18,25,920,44,"35, CHAPTAL(RUE) 1A79 ET",,,Plein jour,En agglomération,Hors intersection,Normale,Autre collision,,,,,,,,,,,1,2,1,1.0,6
201200042609,0012-07-07 05:45:00,12,7,7,5,45,920,44,"120, ANA.FRANCE(RUE)77A1",,,Crépuscule ou aube,En agglomération,Intersection en X,Normale,Deux véhicules - côté,,,,,,,,,,,2,2,2,1.0,3
201200042610,0012-07-13 18:15:00,12,7,13,18,15,920,44,"59, P.V.COUTURIER(RUE)41",,,Plein jour,En agglomération,Intersection en X,Normale,Autre collision,,,,,,,,,,,1,2,2,1.0,6
201200042611,0012-07-17 17:20:00,12,7,17,17,20,920,44,"4, ANDRE MALRAUX(AVENUE)",,,Plein jour,En agglomération,Hors intersection,Normale,Autre collision,,,,,,,,,,,1,2,1,1.0,6
201200042612,0012-08-13 13:40:00,12,8,13,13,40,920,44,"122, ED.VAILLANT(RUE)133",,,Plein jour,En agglomération,Hors intersection,Normale,Autre collision,,,,,,,,,,,1,2,1,1.0,6
201200042613,0012-08-14 12:20:00,12,8,14,12,20,920,44,"39, LOUISE MICHEL(RUE) 4",,,Plein jour,En agglomération,Intersection en X,Normale,Deux véhicules - côté,,,,,,,,,,,1,2,2,1.0,3
201200042614,0012-09-24 13:30:00,12,9,24,13,30,920,44,"20, COLLANGE(RUE) 15+ ET",,,Plein jour,En agglomération,Intersection en Y,Normale,Deux véhicules - côté,,,,,,,,,,,1,2,4,1.0,3
201200042615,0012-09-26 18:20:00,12,9,26,18,20,920,44,"64, VIC. HUGO(RUE)001A06",,,Plein jour,En agglomération,Hors intersection,Pluie forte,Deux véhicules - arrière,,,,,,,,,,,1,2,1,3.0,2
201200042616,0012-10-02 09:20:00,12,10,2,9,20,920,44,"105, VIC. HUGO(RUE)091A1",,,Plein jour,En agglomération,Hors intersection,Normale,Autre collision,,,,,,,,,,,1,2,1,1.0,6
201200042617,0012-10-05 11:25:00,12,10,5,11,25,920,44,"10/12, ANTONIN RAYNAUD(R",,,Plein jour,En agglomération,Hors intersection,Normale,Deux véhicules - arrière,,,,,,,,,,,1,2,1,1.0,2
201200042618,0012-10-05 21:40:00,12,10,5,21,40,920,44,"64B, ANA. FRANCE(RUE)1A7",,,Crépuscule ou aube,En agglomération,Intersection en X,Normale,Deux véhicules - côté,,,,,,,,,,,2,2,2,1.0,3
201200042619,0012-10-06 00:30:00,12,10,6,0,30,920,44,"05, GARE(RUE DE LA)",,,Nuit avec éclairage allumé,En agglomération,Hors intersection,Normale,Autre collision,,,,,,,,,,,5,2,1,1.0,6
201200042620,0012-10-11 07:45:00,12,10,11,7,45,920,44,"121, VIC. HUGO(RUE)115A1",,,Crépuscule ou aube,En agglomération,Hors intersection,Normale,Deux véhicules - côté,,,,,,,,,,,2,2,1,1.0,3
201200042621,0012-10-11 14:30:00,12,10,11,14,30,920,44,MARIUS AUFAN(RUE) 1A67 E,,,Plein jour,En agglomération,Hors intersection,Normale,Autre collision,,,,,,,,,,,1,2,1,1.0,6
201200042622,0012-10-12 17:15:00,12,10,12,17,15,920,44,"10, JACQUES MAZAUD (RUE)",,,Plein jour,En agglomération,Hors intersection,Normale,Autre collision,,,,,,,,,,,1,2,1,1.0,6
201200042623,0012-10-13 03:05:00,12,10,13,3,5,920,44,"31, ALSACE (RUE) N?19 +",,,Nuit avec éclairage allumé,En agglomération,Hors intersection,Normale,Autre collision,,,,,,,,,,,5,2,1,1.0,6
201200042624,0012-10-13 15:05:00,12,10,13,15,5,920,44,"79, PDT WILSON(RUE)77A10",,,Plein jour,En agglomération,Hors intersection,Normale,Deux véhicules - côté,,,,,,,,,,,1,2,1,1.0,3
201200042625,0012-10-14 04:50:00,12,10,14,4,50,920,44,"14, CAMILLE PELLETAN(RUE",,,Nuit avec éclairage allumé,En agglomération,Intersection en X,Normale,Deux véhicules - côté,,,,,,,,,,,5,2,2,1.0,3
201200042626,0012-10-14 19:20:00,12,10,14,19,20,920,44,"79, MICHELET (QUAI) 58 A",,,Crépuscule ou aube,En agglomération,Hors intersection,Pluie légère,Deux véhicules - côté,,,,,,,,,,,2,2,1,2.0,3
201200042627,0012-10-15 08:30:00,12,10,15,8,30,920,44,BAUDIN (RUE) 27A83 ET 36,,,Plein jour,En agglomération,Intersection en X,Normale,Autre collision,,,,,,,,,,,1,2,2,1.0,6
201200042628,0012-10-16 07:25:00,12,10,16,7,25,920,44,"134, DANTON(RUE)125+ ET",,,Crépuscule ou aube,En agglomération,Intersection en T,Pluie légère,Sans collision,,,,,,,,,,,2,2,3,2.0,7
201200042629,0012-10-22 01:45:00,12,10,22,1,45,920,44,"100, VIC. HUGO(RUE)077A0",,,Nuit avec éclairage allumé,En agglomération,Hors intersection,Normale,Autre collision,,,,,,,,,,,5,2,1,1.0,6
201200042630,0012-10-17 14:30:00,12,10,17,14,30,920,44,ERNEST COGNACQ(RUE),,,Plein jour,En agglomération,Intersection en X,Pluie légère,Deux véhicules - côté,,,,,,,,,,,1,2,2,2.0,3
201200042631,0012-10-19 20:35:00,12,10,19,20,35,920,44,"154,VIC. HUGO(RUE)115A1",,,Nuit avec éclairage allumé,En agglomération,Intersection en X,Normale,Autre collision,,,,,,,,,,,5,2,2,1.0,6
201200042632,0012-11-02 16:00:00,12,11,2,16,0,920,44,"67, PDT WILSON(RUE)51A75",,,Plein jour,En agglomération,Hors intersection,Pluie légère,Autre collision,,,,,,,,,,,1,2,1,2.0,6
201200042633,0012-11-01 10:00:00,12,11,1,10,0,920,44,"1, MICHELET(QUAI) 2 A 30",,,Plein jour,En agglomération,Intersection en X,Pluie légère,Deux véhicules - côté,,,,,,,,,,,1,2,2,2.0,3
201200042634,0012-11-09 17:00:00,12,11,9,17,0,920,44,"95, JEAN JAURES(RUE) 57A",,,Plein jour,En agglomération,Intersection en X,Normale,Deux véhicules - côté,,,,,,,,,,,1,2,2,1.0,3
201200042635,0012-11-13 18:55:00,12,11,13,18,55,920,44,"55, VOLTAIRE(RUE)53A81 E",,,Nuit avec éclairage allumé,En agglomération,Hors intersection,Normale,Autre collision,,,,,,,,,,,5,2,1,1.0,6
201200042636,0012-11-21 15:45:00,12,11,21,15,45,920,44,"63, VOLTAIRE(RUE)53A81 E",,,Plein jour,En agglomération,Intersection en X,Pluie légère,Autre collision,,,,,,,,,,,1,2,2,2.0,6
201200042637,0012-11-22 10:45:00,12,11,22,10,45,920,44,"28, CARNOT(RUE)1A41 ET 2",,,Plein jour,En agglomération,Hors intersection,Normale,Autre collision,,,,,,,,,,,1,2,1,1.0,6
201200042638,0012-11-23 12:00:00,12,11,23,12,0,920,44,"37, GABRIEL PERI(RUE) 25",,,Plein jour,En agglomération,Intersection en X,Pluie légère,Autre collision,,,,,,,,,,,1,2,2,2.0,6
201200042639,0012-11-24 10:12:00,12,11,24,10,12,920,44,"15, CAMILLE PELLETAN(RUE",,,Plein jour,En agglomération,Intersection en X,Normale,Deux véhicules - côté,,,,,,,,,,,1,2,2,1.0,3
201200042640,0012-11-25 15:00:00,12,11,25,15,0,920,44,"39, JEAN JAURES(RUE) 1A5",,,Plein jour,En agglomération,Hors intersection,Normale,Autre collision,,,,,,,,,,,1,2,1,1.0,6
201200042641,0012-11-23 15:50:00,12,11,23,15,50,920,44,"26, PDT WILSON(RUE)23A49",,,Plein jour,En agglomération,Hors intersection,Pluie légère,Autre collision,,,,,,,,,,,1,2,1,2.0,6
201200042642,0012-12-04 12:00:00,12,12,4,12,0,920,44,"63, LOUISE MICHEL(RUE) 4",,,Plein jour,En agglomération,Intersection en X,Normale,Deux véhicules - côté,,,,,,,,,,,1,2,2,1.0,3
201200042643,0012-12-04 13:05:00,12,12,4,13,5,920,44,"1, PICASSO (ALLEE)",,,Plein jour,En agglomération,Place,Normale,Autre collision,,,,,,,,,,,1,2,7,1.0,6
201200042644,0012-12-04 20:00:00,12,12,4,20,0,920,44,"105, PDT WILSON(RUE)77A1",,,Nuit avec éclairage allumé,En agglomération,Hors intersection,Pluie légère,Autre collision,,,,,,,,,,,5,2,1,2.0,6
201200042645,0012-12-14 09:05:00,12,12,14,9,5,920,44,"5, PDT WILSON(RUE) 2A24",,,Plein jour,En agglomération,Hors intersection,Normale,Autre collision,,,,,,,,,,,1,2,1,1.0,6
201200042646,0012-12-17 08:13:00,12,12,17,8,13,920,44,"141, J. GUESDERUE)141A15",,,Crépuscule ou aube,En agglomération,Hors intersection,Pluie légère,Autre collision,,,,,,,,,,,2,2,1,2.0,6
201200042647,0012-12-20 22:50:00,12,12,20,22,50,920,44,"72, ANA. FRANCE(RUE)1A75",,,Nuit avec éclairage allumé,En agglomération,Intersection en X,Normale,Deux véhicules - côté,,,,,,,,,,,5,2,2,1.0,3
201200042648,0012-12-18 10:30:00,12,12,18,10,30,920,44,"39, LOUISE MICHEL(RUE) 4",,,Plein jour,En agglomération,Intersection en X,Normale,Deux véhicules - côté,,,,,,,,,,,1,2,2,1.0,3
201200042649,0012-12-26 15:45:00,12,12,26,15,45,920,44,PDT WILSON(RUE)51A75 ET,,,Plein jour,En agglomération,Intersection en X,Normale,Deux véhicules - côté,,,,,,,,,,,1,2,2,1.0,3
201200042650,0012-01-03 08:40:00,12,1,3,8,40,920,48,"., PORTO RICHE (RUE)",,,Plein jour,En agglomération,Place,Pluie légère,Autre collision,,,,,,,,,,,1,2,7,2.0,6
201200042651,0012-01-07 12:00:00,12,1,7,12,0,920,48,GENERAL DE GAULLE (AVENU,,,Plein jour,En agglomération,Hors intersection,Pluie légère,Deux véhicules - arrière,,,,,,,,,,,1,2,1,2.0,2
201200042652,0012-01-18 15:40:00,12,1,18,15,40,920,48,"., GARDES (ROUTE DES) N?",,,Plein jour,En agglomération,Intersection en T,Pluie légère,Autre collision,,,,,,,,,,,1,2,3,2.0,6
201200042653,0012-01-19 12:10:00,12,1,19,12,10,920,48,"., GARDES (ROUTE DES) N?",,,Plein jour,En agglomération,Place,Pluie légère,Deux véhicules - côté,,,,,,,,,,,1,2,7,2.0,3
201200042654,0012-01-26 00:20:00,12,1,26,0,20,920,48,"., VERD DE SAINT JULIEN",,,Nuit avec éclairage allumé,En agglomération,Place,Pluie légère,Sans collision,,,,,,,,,,,5,2,7,2.0,7
201200042655,0012-02-03 17:30:00,12,2,3,17,30,920,48,"15, VERD DE SAINT JULIEN",,,Nuit avec éclairage allumé,En agglomération,Hors intersection,Normale,Autre collision,,,,,,,,,,,5,2,1,1.0,6
201200042656,0012-02-09 06:45:00,12,2,9,6,45,920,48,AV DU GENERAL DE GAULLE,,,Nuit avec éclairage allumé,En agglomération,Hors intersection,Normale,Sans collision,,,,,,,,,,,5,2,1,1.0,7
201200042657,0012-02-09 09:35:00,12,2,9,9,35,920,48,UNIES / VALENTINE,,,Plein jour,En agglomération,Intersection en X,Normale,Deux véhicules - côté,,,,,,,,,,,1,2,2,1.0,3
201200042658,0012-02-09 10:15:00,12,2,9,10,15,920,48,REPUBLIQUE / L'ORANGERIE,,,Plein jour,En agglomération,Intersection en T,Normale,Trois véhicules et plus - en chaîne,,,,,,,,,,,1,2,3,1.0,4
201200042659,0012-02-13 08:15:00,12,2,13,8,15,920,48,GAULLE / BOUCHET,,,Crépuscule ou aube,En agglomération,Intersection en T,Pluie légère,Autre collision,,,,,,,,,,,2,2,3,2.0,6
201200042660,0012-02-13 09:00:00,12,2,13,9,0,920,48,"19, AV DU MARECHAL LECLE",,,Plein jour,En agglomération,Hors intersection,Normale,Deux véhicules - côté,,,,,,,,,,,1,2,1,1.0,3
201200042661,0012-02-26 01:30:00,12,2,26,1,30,920,48,AV DE TRIVAUX,,,Nuit avec éclairage allumé,En agglomération,Hors intersection,Normale,Sans collision,,,,,,,,,,,5,2,1,1.0,7
201200042662,0012-02-27 20:50:00,12,2,27,20,50,920,48,GARDES / FRANCE,,,Nuit avec éclairage allumé,En agglomération,Intersection en T,Normale,Deux véhicules - côté,,,,,,,,,,,5,2,3,1.0,3
201200042663,0012-03-07 14:30:00,12,3,7,14,30,920,48,"., ARTHELON (ROND-POINT)",,,Plein jour,En agglomération,Giratoire,Pluie légère,Autre collision,,,,,,,,,,,1,2,6,2.0,6
201200042664,0012-03-19 10:10:00,12,3,19,10,10,920,48,TRONCHET (ROUTE DU),,,Plein jour,En agglomération,Intersection en T,Pluie légère,Sans collision,,,,,,,,,,,1,2,3,2.0,7
201200042665,0012-03-28 13:30:00,12,3,28,13,30,920,48,"., TRIVAUX (AVENUE DE) N",,,Plein jour,Hors agglomération,Hors intersection,Normale,Sans collision,,,,,,,,,,,1,1,1,1.0,7
201200042666,0012-04-05 18:50:00,12,4,5,18,50,920,48,"12, MARCEL ALLEGOT (RUE)",,,Plein jour,En agglomération,Hors intersection,Normale,Autre collision,,,,,,,,,,,1,2,1,1.0,6
201200042667,0012-04-16 09:00:00,12,4,16,9,0,920,48,"., VAUGIRARD (ROUTE DE)",,,Plein jour,En agglomération,Giratoire,Normale,Deux véhicules - côté,,,,,,,,,,,1,2,6,1.0,3
201200042668,0012-04-24 00:01:00,12,4,24,0,1,920,48,"., REPUBLIQUE (RUE DE LA",,,Nuit avec éclairage allumé,En agglomération,Intersection en T,Pluie forte,Deux véhicules - côté,,,,,,,,,,,5,2,3,3.0,3
201200042669,0012-04-27 19:10:00,12,4,27,19,10,920,48,"19, GARDES (ROUTE DES) N",,,Plein jour,En agglomération,Hors intersection,Normale,Deux véhicules - côté,,,,,,,,,,,1,2,1,1.0,3
201200042670,0012-05-21 13:20:00,12,5,21,13,20,920,48,"19, BANES (RUE) N? 3 A 1",,,Plein jour,En agglomération,Intersection en X,Pluie légère,Deux véhicules - côté,,,,,,,,,,,1,2,2,2.0,3
201200042671,0012-05-24 18:00:00,12,5,24,18,0,920,48,"., JEANNE BRACONNIER (RU",,,Plein jour,En agglomération,Intersection en Y,Normale,Sans collision,,,,,,,,,,,1,2,4,1.0,7
201200042672,0012-05-29 09:40:00,12,5,29,9,40,920,48,"., MAL DE LATTRE DE TASS",,,Plein jour,En agglomération,Intersection en T,Normale,Autre collision,,,,,,,,,,,1,2,3,1.0,6
201200042673,0012-06-02 05:25:00,12,6,2,5,25,920,48,"24bis, GARDES (ROUTE DES",,,Nuit avec éclairage allumé,En agglomération,Hors intersection,Normale,Autre collision,,,,,,,,,,,5,2,1,1.0,6
201200042674,0012-06-05 18:10:00,12,6,5,18,10,920,48,"., MARECHAL JUIN (AVENUE",,,Plein jour,En agglomération,Hors intersection,Pluie légère,Deux véhicules - côté,,,,,,,,,,,1,2,1,2.0,3
201200042675,0012-06-15 01:05:00,12,6,15,1,5,920,48,"., MARCEL ALLEGOT (RUE)",,,Nuit avec éclairage allumé,En agglomération,Intersection en X,Normale,Autre collision,,,,,,,,,,,5,2,2,1.0,6
201200042676,0012-06-14 14:15:00,12,6,14,14,15,920,48,"18, NATIONS UNIES (BOULE",,,Plein jour,En agglomération,Intersection en X,Normale,Autre collision,,,,,,,,,,,1,2,2,1.0,6