accident_id,datetime,annee,mois,jour,heure,minute,departement,commune_insee,adresse,latitude,longitude,luminosite,agglomeration,intersection,meteo,collision,nb_vehicules,nb_usagers,nb_indemnes,nb_tues,nb_blesses_hosp,nb_blesses_legers,age_cond_1,age_cond_2,veh_type_cond_1,veh_type_cond_2,lum_code,agg_code,int_code,atm_code,col_code
201200043064,0012-07-04 14:50:00,12,7,4,14,50,920,51,"86, MAURICE BARRES (BOUL",,,Plein jour,En agglomération,Hors intersection,Normale,Deux véhicules - côté,,,,,,,,,,,1,2,1,1.0,3
201200043065,0012-08-01 20:25:00,12,8,1,20,25,920,51,CHATEAU (BOULEVARD DU),,,Crépuscule ou aube,En agglomération,Hors intersection,Normale,Deux véhicules - côté,,,,,,,,,,,2,2,1,1.0,3
201200043066,0012-08-30 23:47:00,12,8,30,23,47,920,51,"BINEAU (BOULEVARD, N?133",,,Nuit avec éclairage allumé,En agglomération,Hors intersection,Normale,Autre collision,,,,,,,,,,,5,2,1,1.0,6
201200043067,0012-09-08 13:10:00,12,9,8,13,10,920,51,"103, LONGCHAMP (RUE DE)",,,Plein jour,En agglomération,Hors intersection,Normale,Autre collision,,,,,,,,,,,1,2,1,1.0,6
201200043068,0012-09-04 19:10:00,12,9,4,19,10,920,51,"75, CHARLES DE GAULLE (A",,,Plein jour,En agglomération,Hors intersection,Normale,Deux véhicules - arrière,,,,,,,,,,,1,2,1,1.0,2
201200043069,0012-09-04 12:40:00,12,9,4,12,40,920,51,"93, ROULE (AVENUE DU, N?",,,Plein jour,En agglomération,Intersection en X,Normale,Deux véhicules - côté,,,,,,,,,,,1,2,2,1.0,3
201200043070,0012-09-14 02:25:00,12,9,14,2,25,920,51,"122, CHARLES DE GAULLE (",,,Nuit avec éclairage allumé,En agglomération,Hors intersection,Normale,Sans collision,,,,,,,,,,,5,2,1,1.0,7
201200043071,0012-09-22 16:10:00,12,9,22,16,10,920,51,"122, ROULE (AVENUE DU, N",,,Plein jour,En agglomération,Hors intersection,Normale,Deux véhicules - côté,,,,,,,,,,,1,2,1,1.0,3
201200043072,0012-09-27 20:20:00,12,9,27,20,20,920,51,"45, COMMANDANT CHARCOT (",,,Nuit avec éclairage allumé,En agglomération,Hors intersection,Normale,Deux véhicules - côté,,,,,,,,,,,5,2,1,1.0,3
201200043073,0012-09-29 00:52:00,12,9,29,0,52,920,51,"93, CHARLES DE GAULLE (A",,,Nuit avec éclairage allumé,En agglomération,Hors intersection,Normale,Autre collision,,,,,,,,,,,5,2,1,1.0,6
201200043074,0012-10-02 10:45:00,12,10,2,10,45,920,51,"213, BINEAU (BOULEVARD,",,,Plein jour,En agglomération,Hors intersection,Normale,Trois véhicules et plus - en chaîne,,,,,,,,,,,1,2,1,1.0,4
201200043075,0012-10-07 00:01:00,12,10,7,0,1,920,51,"BINEAU (BOULEVARD, N?133",,,Nuit avec éclairage allumé,En agglomération,Hors intersection,Normale,Deux véhicules - côté,,,,,,,,,,,5,2,1,1.0,3
201200043076,0012-09-26 14:45:00,12,9,26,14,45,920,51,"25, SABLONVILLE (RUE DE)",,,Plein jour,En agglomération,Hors intersection,Normale,Autre collision,,,,,,,,,,,1,2,1,1.0,6
201200043077,0012-09-27 08:20:00,12,9,27,8,20,920,51,"151, CHARLES DE GAULLE (",,,Plein jour,En agglomération,Hors intersection,Normale,Deux véhicules - côté,,,,,,,,,,,1,2,1,1.0,3
201200043078,0012-10-12 11:40:00,12,10,12,11,40,920,51,"74, GENERAL KOENIG (BOUL",,,Plein jour,En agglomération,Hors intersection,Normale,Deux véhicules - côté,,,,,,,,,,,1,2,1,1.0,3
201200043079,0012-10-15 18:55:00,12,10,15,18,55,920,51,"70, CHARLES DE GAULLE (A",,,Crépuscule ou aube,En agglomération,Hors intersection,Normale,Autre collision,,,,,,,,,,,2,2,1,1.0,6
201200043080,0012-09-02 15:10:00,12,9,2,15,10,920,51,"9, VICTOR HUGO (BOULEVAR",,,Plein jour,En agglomération,Hors intersection,Normale,Deux véhicules - côté,,,,,,,,,,,1,2,1,1.0,3
201200043081,0012-09-27 09:30:00,12,9,27,9,30,920,51,"132, BINEAU (BOULEVARD,",,,Plein jour,En agglomération,Hors intersection,Pluie légère,Sans collision,,,,,,,,,,,1,2,1,2.0,7
201200043082,0012-10-23 01:10:00,12,10,23,1,10,920,51,"184, CHARLES DE GAULLE (",,,Nuit avec éclairage allumé,En agglomération,Hors intersection,Normale,Sans collision,,,,,,,,,,,5,2,1,1.0,7
201200043083,0012-10-21 11:15:00,12,10,21,11,15,920,51,"26, VICTOR HUGO (BOULEVA",,,Plein jour,En agglomération,Hors intersection,Normale,Sans collision,,,,,,,,,,,1,2,1,1.0,7
201200043084,0012-10-17 17:45:00,12,10,17,17,45,920,51,GENERAL KOENIG (BOULEVAR,,,Plein jour,En agglomération,Hors intersection,Pluie légère,Trois véhicules et plus - en chaîne,,,,,,,,,,,1,2,1,2.0,4
201200043085,0012-10-22 19:30:00,12,10,22,19,30,920,51,"80, VILLIERS (RUE DE, N?",,,Nuit avec éclairage non allumé,En agglomération,Hors intersection,Normale,Autre collision,,,,,,,,,,,4,2,1,1.0,6
201200043086,0012-10-17 10:05:00,12,10,17,10,5,920,51,"13, RICHARD WALLACE (BOU",,,Plein jour,En agglomération,Intersection en X,Temps couvert,Sans collision,,,,,,,,,,,1,2,2,8.0,7
201200043087,0012-10-17 15:35:00,12,10,17,15,35,920,51,"44, INKERMANN (BOULEVARD",,,Plein jour,En agglomération,Intersection en X,Pluie forte,Deux véhicules - côté,,,,,,,,,,,1,2,2,3.0,3
201200043088,0012-10-03 09:43:00,12,10,3,9,43,920,51,GENERAL KOENIG (BOULEVAR,,,Plein jour,En agglomération,Hors intersection,Normale,Sans collision,,,,,,,,,,,1,2,1,1.0,7
201200043089,0012-10-25 11:45:00,12,10,25,11,45,920,51,"10/12, BAILLY (RUE)",,,Plein jour,En agglomération,Intersection en X,Normale,Sans collision,,,,,,,,,,,1,2,2,1.0,7
201200043090,0012-10-29 19:30:00,12,10,29,19,30,920,51,"139, GENERAL KOENIG (BOU",,,Nuit avec éclairage allumé,En agglomération,Hors intersection,Normale,Deux véhicules - côté,,,,,,,,,,,5,2,1,1.0,3
201200043091,0012-11-01 03:20:00,12,11,1,3,20,920,51,"18, CHARLES DE GAULLE (A",,,Nuit avec éclairage allumé,En agglomération,Hors intersection,Normale,Deux véhicules - côté,,,,,,,,,,,5,2,1,1.0,3
201200043092,0012-11-11 00:10:00,12,11,11,0,10,920,51,"31, VICTOR HUGO (BOULEVA",,,Nuit avec éclairage allumé,En agglomération,Hors intersection,Normale,Trois véhicules et plus - en chaîne,,,,,,,,,,,5,2,1,1.0,4
201200043093,0012-11-12 12:10:00,12,11,12,12,10,920,51,"158, CHARLES DE GAULLE (",,,Plein jour,En agglomération,Hors intersection,Temps couvert,Autre collision,,,,,,,,,,,1,2,1,8.0,6
201200043094,0012-11-09 19:16:00,12,11,9,19,16,920,51,"80, ROULE (AVENUE DU, N?",,,Nuit avec éclairage allumé,Hors agglomération,Hors intersection,Pluie légère,Autre collision,,,,,,,,,,,5,1,1,2.0,6
201200043095,0012-11-23 00:01:00,12,11,23,0,1,920,51,"61, BINEAU (BOULEVARD, N",,,Nuit avec éclairage allumé,En agglomération,Hors intersection,Normale,Autre collision,,,,,,,,,,,5,2,1,1.0,6
201200043096,0012-11-18 16:25:00,12,11,18,16,25,920,51,"93, CHARLES DE GAULLE (A",,,Crépuscule ou aube,En agglomération,Hors intersection,Temps couvert,Deux véhicules - côté,,,,,,,,,,,2,2,1,8.0,3
201200043097,0012-11-20 14:10:00,12,11,20,14,10,920,51,"123, CHARLES DE GAULLE (",,,Plein jour,En agglomération,Hors intersection,Normale,Deux véhicules - arrière,,,,,,,,,,,1,2,1,1.0,2
201200043098,0012-11-21 14:15:00,12,11,21,14,15,920,51,"136, ROULE (AVENUE DU, N",,,Plein jour,En agglomération,Hors intersection,Normale,Deux véhicules - arrière,,,,,,,,,,,1,2,1,1.0,2
201200043099,0012-11-23 22:55:00,12,11,23,22,55,920,51,"15, CINO DEL DUCA (RUE,",,,Nuit avec éclairage allumé,En agglomération,Hors intersection,Pluie légère,Sans collision,,,,,,,,,,,5,2,1,2.0,7
201200043100,0012-11-18 18:50:00,12,11,18,18,50,920,51,EDOUARD NORTIER (RUE),,,Nuit avec éclairage allumé,En agglomération,Hors intersection,Temps couvert,Deux véhicules - arrière,,,,,,,,,,,5,2,1,8.0,2
201200043101,0012-11-21 10:00:00,12,11,21,10,0,920,51,"58, CHARLES DE GAULLE (A",,,Plein jour,En agglomération,Hors intersection,Pluie légère,Deux véhicules - côté,,,,,,,,,,,1,2,1,2.0,3
201200043102,0012-11-19 19:40:00,12,11,19,19,40,920,51,GRAVIERS (RUE DES),,,Plein jour,En agglomération,Intersection en X,Normale,Deux véhicules - côté,,,,,,,,,,,1,2,2,1.0,3
201200043103,0012-12-16 19:50:00,12,12,16,19,50,920,51,CENTRE (RUE DU),,,Nuit avec éclairage allumé,En agglomération,Hors intersection,Normale,Deux véhicules - côté,,,,,,,,,,,5,2,1,1.0,3
201200043104,0012-12-19 20:10:00,12,12,19,20,10,920,51,"66, CHEZY (RUE DE , N?14",,,Nuit avec éclairage allumé,En agglomération,Hors intersection,Pluie légère,Sans collision,,,,,,,,,,,5,2,1,2.0,7
201200043105,0012-12-19 09:40:00,12,12,19,9,40,920,51,"ROULE (AVENUE DU, N? 29",,,Plein jour,En agglomération,Hors intersection,Normale,Deux véhicules - côté,,,,,,,,,,,1,2,1,1.0,3
201200043106,0012-12-20 23:10:00,12,12,20,23,10,920,51,"31, RICHARD WALLACE (BOU",,,Nuit avec éclairage allumé,En agglomération,Hors intersection,Pluie légère,Sans collision,,,,,,,,,,,5,2,1,2.0,7
201200043107,0012-12-24 23:25:00,12,12,24,23,25,920,51,"71, CHARLES DE GAULLE (A",,,Nuit avec éclairage allumé,En agglomération,Hors intersection,Normale,Deux véhicules - arrière,,,,,,,,,,,5,2,1,1.0,2
201200043108,0012-12-03 10:55:00,12,12,3,10,55,920,51,SAINTE FOY (AVENUE),,,Plein jour,En agglomération,Hors intersection,Temps couvert,Deux véhicules - arrière,,,,,,,,,,,1,2,1,8.0,2
201200043109,0012-12-05 08:30:00,12,12,5,8,30,920,51,"81, BINEAU (BOULEVARD, N",,,Plein jour,En agglomération,Hors intersection,Normale,Sans collision,,,,,,,,,,,1,2,1,1.0,7
201200043110,0012-12-18 14:55:00,12,12,18,14,55,920,51,"1, JACQUES DULUD (RUE)",,,Plein jour,En agglomération,Hors intersection,Pluie légère,Autre collision,,,,,,,,,,,1,2,1,2.0,6
201200043111,0012-12-19 10:00:00,12,12,19,10,0,920,51,"167, BINEAU (BOULEVARD,",,,Plein jour,En agglomération,Hors intersection,Normale,Deux véhicules - côté,,,,,,,,,,,1,2,1,1.0,3
201200043112,0012-12-19 16:20:00,12,12,19,16,20,920,51,"58, VICTOR HUGO (BOULEVA",,,Crépuscule ou aube,En agglomération,Intersection en X,Pluie légère,Deux véhicules - côté,,,,,,,,,,,2,2,2,2.0,3
201200043113,0012-12-21 09:20:00,12,12,21,9,20,920,51,"27, PARMENTIER (RUE)",,,Plein jour,En agglomération,Hors intersection,Normale,Sans collision,,,,,,,,,,,1,2,1,1.0,7
201200043114,0012-12-30 14:45:00,12,12,30,14,45,920,62,"1, ALLEE DES SPORTS",,,Plein jour,En agglomération,Hors intersection,Normale,Deux véhicules - côté,,,,,,,,,,,1,2,1,1.0,3
201200043115,0012-01-06 06:30:00,12,1,6,6,30,920,62,"45, ROQUE DE FILLOL (RUE",,,Nuit avec éclairage allumé,En agglomération,Hors intersection,Normale,Autre collision,,,,,,,,,,,5,2,1,1.0,6
201200043116,0012-01-06 18:50:00,12,1,6,18,50,920,62,DE DION BOUTON (QUAI DU),,,Nuit avec éclairage allumé,En agglomération,Hors intersection,Normale,Deux véhicules - côté,,,,,,,,,,,5,2,1,1.0,3
201200043117,0012-01-10 09:00:00,12,1,10,9,0,920,62,"12, POMPIDOU (AV GEORGES",,,Plein jour,En agglomération,Hors intersection,Normale,Deux véhicules - arrière,,,,,,,,,,,1,2,1,1.0,2
201200043118,0012-01-11 08:45:00,12,1,11,8,45,920,62,"31, DE DION BOUTON (QUAI",,,Plein jour,En agglomération,Hors intersection,Normale,Deux véhicules - arrière,,,,,,,,,,,1,2,1,1.0,2
201200043119,0012-01-11 16:40:00,12,1,11,16,40,920,62,GENERAL DE GAULLE (AV) D,,,Plein jour,En agglomération,Intersection en X,Normale,Deux véhicules - côté,,,,,,,,,,,1,2,2,1.0,3
201200043120,0012-01-12 13:20:00,12,1,12,13,20,920,62,"42-48, DE DION BOUTON (Q",,,Plein jour,En agglomération,Hors intersection,Normale,Trois véhicules et plus - collisions multiples,,,,,,,,,,,1,2,1,1.0,5
201200043121,0012-06-01 16:55:00,12,6,1,16,55,920,62,WALLACE (BD RICHARD) DU,,,Plein jour,En agglomération,Hors intersection,Normale,Autre collision,,,,,,,,,,,1,2,1,1.0,6
201200043122,0012-01-31 18:35:00,12,1,31,18,35,920,62,"86, GENERAL DE GAULLE (A",,,Nuit avec éclairage allumé,En agglomération,Hors intersection,Normale,Autre collision,,,,,,,,,,,5,2,1,1.0,6
201200043123,0012-02-03 10:15:00,12,2,3,10,15,920,62,"11, QU DE DION BOUTON",,,Plein jour,En agglomération,Hors intersection,Normale,Deux véhicules - arrière,,,,,,,,,,,1,2,1,1.0,2
201200043124,0012-02-03 18:25:00,12,2,3,18,25,920,62,BOUTON / PARMENTIER,,,Nuit avec éclairage allumé,En agglomération,Intersection en X,Normale,Deux véhicules - côté,,,,,,,,,,,5,2,2,1.0,3
201200043125,0012-02-10 19:00:00,12,2,10,19,0,920,62,GAULLE / POUEY,,,Nuit avec éclairage allumé,En agglomération,Intersection en X,Normale,Deux véhicules - côté,,,,,,,,,,,5,2,2,1.0,3
201200043126,0012-02-10 01:25:00,12,2,10,1,25,920,62,AV DU GENERAL DE GAULLE,,,Nuit avec éclairage allumé,En agglomération,Hors intersection,Normale,Sans collision,,,,,,,,,,,5,2,1,1.0,7
201200043127,0012-02-24 14:40:00,12,2,24,14,40,920,62,R DU BICENTENAIRE,,,Plein jour,En agglomération,Hors intersection,Normale,Deux véhicules - côté,,,,,,,,,,,1,2,1,1.0,3
201200043128,0012-02-24 15:35:00,12,2,24,15,35,920,62,QU DE DION BOUTON,,,Plein jour,En agglomération,Hors intersection,Normale,Deux véhicules - arrière,,,,,,,,,,,1,2,1,1.0,2
201200043129,0012-02-26 16:40:00,12,2,26,16,40,920,62,DE GAULLE / WILSON,,,Plein jour,En agglomération,Giratoire,Normale,Sans collision,,,,,,,,,,,1,2,6,1.0,7
201200043130,0012-03-09 12:25:00,12,3,9,12,25,920,62,"119, JAURES (RUE JEAN) D",,,Plein jour,En agglomération,Hors intersection,Normale,Autre collision,,,,,,,,,,,1,2,1,1.0,6
201200043131,0012-03-13 13:10:00,12,3,13,13,10,920,62,"51, WALLACE (BD RICHARD)",,,Plein jour,En agglomération,Intersection en X,Normale,Autre collision,,,,,,,,,,,1,2,2,1.0,6
201200043132,0012-03-12 20:20:00,12,3,12,20,20,920,62,PUTEAUX (PONT DE),,,Nuit avec éclairage allumé,En agglomération,Intersection en X,Normale,Deux véhicules - côté,,,,,,,,,,,5,2,2,1.0,3
201200043133,0012-03-14 12:50:00,12,3,14,12,50,920,62,"59, DE DION BOUTON (QUAI",,,Plein jour,En agglomération,Hors intersection,Normale,Deux véhicules - arrière,,,,,,,,,,,1,2,1,1.0,2
201200043134,0012-03-18 19:25:00,12,3,18,19,25,920,62,"96, GENERAL DE GAULLE (A",,,Nuit avec éclairage allumé,En agglomération,Hors intersection,Normale,Deux véhicules - côté,,,,,,,,,,,5,2,1,1.0,3
201200043135,0012-03-18 19:30:00,12,3,18,19,30,920,62,GENERAL DE GAULLE (AV) D,,,Nuit avec éclairage allumé,En agglomération,Autre intersection,Normale,Deux véhicules - côté,,,,,,,,,,,5,2,9,1.0,3
201200043136,0012-03-22 09:05:00,12,3,22,9,5,920,62,"106, GENERAL DE GAULLE (",,,Plein jour,En agglomération,Intersection en T,Normale,Deux véhicules - côté,,,,,,,,,,,1,2,3,1.0,3
201200043137,0012-03-29 08:25:00,12,3,29,8,25,920,62,"9, PRESSENCE (RUE FRANCI",,,Plein jour,En agglomération,Hors intersection,Normale,Autre collision,,,,,,,,,,,1,2,1,1.0,6
201200043138,0012-03-30 17:35:00,12,3,30,17,35,920,62,"28, WALLACE (BD RICHARD)",,,Plein jour,En agglomération,Intersection en X,Normale,Deux véhicules - côté,,,,,,,,,,,1,2,2,1.0,3
201200043139,0012-04-19 08:23:00,12,4,19,8,23,920,62,"29, GODEFROY (RUE) DU 19",,,Plein jour,En agglomération,Hors intersection,Normale,Deux véhicules - côté,,,,,,,,,,,1,2,1,1.0,3
201200043140,0012-04-20 09:15:00,12,4,20,9,15,920,62,"49-51, DE DION BOUTON (Q",,,Plein jour,En agglomération,Hors intersection,Pluie légère,Trois véhicules et plus - en chaîne,,,,,,,,,,,1,2,1,2.0,4
201200043141,0012-04-22 19:00:00,12,4,22,19,0,920,62,"14, POMPIDOU (AV GEORGES",,,Plein jour,En agglomération,Hors intersection,Normale,Autre collision,,,,,,,,,,,1,2,1,1.0,6
201200043142,0012-04-29 13:45:00,12,4,29,13,45,920,62,DE DION BOUTON (QUAI) DU,,,Plein jour,En agglomération,Intersection en X,Normale,Deux véhicules - côté,,,,,,,,,,,1,2,2,1.0,3
201200043143,0012-05-18 17:10:00,12,5,18,17,10,920,62,"85, GENERAL DE GAULLE",,,Plein jour,En agglomération,Hors intersection,Normale,Autre collision,,,,,,,,,,,1,2,1,1.0,6
201200043144,0012-05-31 09:40:00,12,5,31,9,40,920,62,R DE LA REPUBLIQUE,,,Plein jour,En agglomération,Intersection en X,Normale,Autre collision,,,,,,,,,,,1,2,2,1.0,6
201200043145,0012-06-11 14:10:00,12,6,11,14,10,920,62,MOULIN (RUE),,,Plein jour,En agglomération,Hors intersection,Normale,Deux véhicules - arrière,,,,,,,,,,,1,2,1,1.0,2
201200043146,0012-06-15 19:45:00,12,6,15,19,45,920,62,WALLACE (BD RICHARD) DU,,,Plein jour,En agglomération,Intersection en X,Pluie légère,Deux véhicules - frontale,,,,,,,,,,,1,2,2,2.0,1
201200043147,0012-06-17 08:45:00,12,6,17,8,45,920,62,"86, WALLACE (BD RICHARD)",,,Plein jour,En agglomération,Hors intersection,Normale,Autre collision,,,,,,,,,,,1,2,1,1.0,6
201200043148,0012-06-24 12:15:00,12,6,24,12,15,920,62,"129, REPUBLIQUE (RUE DE",,,Plein jour,En agglomération,Hors intersection,Pluie légère,Autre collision,,,,,,,,,,,1,2,1,2.0,6
201200043149,0012-07-03 15:35:00,12,7,3,15,35,920,62,"101, GENERAL DE GAULLE (",,,Plein jour,En agglomération,Intersection en T,Normale,Deux véhicules - arrière,,,,,,,,,,,1,2,3,1.0,2
201200043150,0012-07-06 05:05:00,12,7,6,5,5,920,62,FRANCE (RUE ANATOLE) N?,,,Crépuscule ou aube,En agglomération,Intersection en T,Normale,Deux véhicules - côté,,,,,,,,,,,2,2,3,1.0,3
201200043151,0012-07-07 01:20:00,12,7,7,1,20,920,62,DE DION BOUTON (QUAI) DU,,,Nuit avec éclairage allumé,En agglomération,Hors intersection,Normale,Deux véhicules - côté,,,,,,,,,,,5,2,1,1.0,3
201200043152,0012-07-11 11:40:00,12,7,11,11,40,920,62,"127, REPUBLIQUE (RUE DE",,,Plein jour,En agglomération,Hors intersection,Temps couvert,Autre collision,,,,,,,,,,,1,2,1,8.0,6
201200043153,0012-07-21 20:15:00,12,7,21,20,15,920,62,"10, DE DION BOUTON (QUAI",,,Crépuscule ou aube,En agglomération,Hors intersection,Normale,Trois véhicules et plus - collisions multiples,,,,,,,,,,,2,2,1,1.0,5
201200043154,0012-07-24 20:45:00,12,7,24,20,45,920,62,REPUBLIQUE (RUE DE LA) D,,,Crépuscule ou aube,En agglomération,Intersection en T,Normale,Deux véhicules - côté,,,,,,,,,,,2,2,3,1.0,3
201200043155,0012-08-01 09:35:00,12,8,1,9,35,920,62,"96, GENERAL DE GAULLE (A",,,Plein jour,En agglomération,Hors intersection,Normale,Deux véhicules - côté,,,,,,,,,,,1,2,1,1.0,3
201200043156,0012-08-02 12:00:00,12,8,2,12,0,920,62,"2, FUSILLES DE LA RESIST",,,Plein jour,En agglomération,Hors intersection,Normale,Deux véhicules - côté,,,,,,,,,,,1,2,1,1.0,3
201200043157,0012-08-10 19:25:00,12,8,10,19,25,920,62,"5, DE DION BOUTON (QUAI)",,,Plein jour,En agglomération,Hors intersection,Normale,Deux véhicules - arrière,,,,,,,,,,,1,2,1,1.0,2
201200043158,0012-08-20 11:05:00,12,8,20,11,5,920,62,"52/54, DE DION BOUTON (Q",,,Plein jour,En agglomération,Hors intersection,Normale,Deux véhicules - arrière,,,,,,,,,,,1,2,1,1.0,2
201200043159,0012-08-29 19:30:00,12,8,29,19,30,920,62,"45, DE DION BOUTON (QUAI",,,Plein jour,En agglomération,Hors intersection,Normale,Deux véhicules - arrière,,,,,,,,,,,1,2,1,1.0,2
201200043160,0012-09-07 16:45:00,12,9,7,16,45,920,62,"42, DE DION BOUTON (QUAI",,,Plein jour,En agglomération,Hors intersection,Normale,Deux véhicules - arrière,,,,,,,,,,,1,2,1,1.0,2
201200043161,0012-09-09 17:00:00,12,9,9,17,0,920,62,"9, DE DION BOUTON (QUAI)",,,Plein jour,En agglomération,Hors intersection,Normale,Deux véhicules - arrière,,,,,,,,,,,1,2,1,1.0,2
201200043162,0012-09-20 08:30:00,12,9,20,8,30,920,62,"70, BAS-ROGERS (RUE DES)",,,Plein jour,En agglomération,Intersection en X,Normale,Autre collision,,,,,,,,,,,1,2,2,1.0,6
201200043163,0012-09-20 15:15:00,12,9,20,15,15,920,62,"152, PELLOUTIER (RUE FER",,,Plein jour,En agglomération,Intersection en X,Normale,Deux véhicules - côté,,,,,,,,,,,1,2,2,1.0,3
201200043164,0012-09-24 18:50:00,12,9,24,18,50,920,62,"18, BAS-ROGERS (RUE DES)",,,Crépuscule ou aube,En agglomération,Hors intersection,Normale,Deux véhicules - côté,,,,,,,,,,,2,2,1,1.0,3
201200043165,0012-10-10 06:50:00,12,10,10,6,50,920,62,MALON (RUE BENOIT) DU 2,,,Nuit avec éclairage allumé,En agglomération,Intersection en T,Temps couvert,Deux véhicules - côté,,,,,,,,,,,5,2,3,8.0,3
201200043166,0012-10-14 11:25:00,12,10,14,11,25,920,62,"54, WALLACE (BD RICHARD)",,,Plein jour,En agglomération,Hors intersection,Normale,Autre collision,,,,,,,,,,,1,2,1,1.0,6
201200043167,0012-10-15 08:45:00,12,10,15,8,45,920,62,", DE DION BOUTON (QUAI)",,,Crépuscule ou aube,En agglomération,Hors intersection,Pluie légère,Trois véhicules et plus - collisions multiples,,,,,,,,,,,2,2,1,2.0,5
201200043168,0012-10-15 13:40:00,12,10,15,13,40,920,62,"13, PDT WILSON (Avenue)",,,Plein jour,En agglomération,Intersection en T,Temps couvert,Autre collision,,,,,,,,,,,1,2,3,8.0,6
201200043169,0012-10-17 12:45:00,12,10,17,12,45,920,62,"28, FUSILLES DE LA RESIS",,,Plein jour,En agglomération,Intersection en T,Pluie forte,Autre collision,,,,,,,,,,,1,2,3,3.0,6
201200043170,0012-10-18 17:50:00,12,10,18,17,50,920,62,"121, JAURES(RUE JEAN) DU",,,Crépuscule ou aube,En agglomération,Intersection en T,Pluie forte,Autre collision,,,,,,,,,,,2,2,3,3.0,6
201200043171,0012-10-19 08:10:00,12,10,19,8,10,920,62,"132, PDT WILSON (Avenue)",,,Plein jour,En agglomération,Hors intersection,Normale,Autre collision,,,,,,,,,,,1,2,1,1.0,6
201200043172,0012-10-19 13:45:00,12,10,19,13,45,920,62,"36, BLANCHE (RUE AUGUSTE",,,Plein jour,En agglomération,Hors intersection,Normale,Deux véhicules - côté,,,,,,,,,,,1,2,1,1.0,3
201200043173,0012-10-19 14:00:00,12,10,19,14,0,920,62,"9, DE DION BOUTON (QUAI)",,,Plein jour,En agglomération,Hors intersection,Temps couvert,Deux véhicules - côté,,,,,,,,,,,1,2,1,8.0,3
201200043174,0012-10-22 14:25:00,12,10,22,14,25,920,62,"34-36, DE DION BOUTON (Q",,,Plein jour,En agglomération,Hors intersection,Normale,Autre collision,,,,,,,,,,,1,2,1,1.0,6
201200043175,0012-10-25 08:40:00,12,10,25,8,40,920,62,"106, GENERAL DE GAULLE (",,,Crépuscule ou aube,En agglomération,Hors intersection,Temps couvert,Deux véhicules - côté,,,,,,,,,,,2,2,1,8.0,3
201200043176,0012-10-29 07:16:00,12,10,29,7,16,920,62,"2, DE DION BOUTON (QUAI)",,,Crépuscule ou aube,En agglomération,Autre intersection,Temps couvert,Deux véhicules - côté,,,,,,,,,,,2,2,9,8.0,3
201200043177,0012-11-03 03:00:00,12,11,3,3,0,920,62,"16, DE DION BOUTON (QUAI",,,Nuit avec éclairage allumé,En agglomération,Hors intersection,Normale,Autre collision,,,,,,,,,,,5,2,1,1.0,6
201200043178,0012-11-03 03:15:00,12,11,3,3,15,920,62,"132, BERGERES RD-PT DES)",,,Nuit avec éclairage allumé,En agglomération,Intersection en T,Normale,Deux véhicules - côté,,,,,,,,,,,5,2,3,1.0,3
201200043179,0012-11-12 08:50:00,12,11,12,8,50,920,62,"132, POMPIDOU (AV GEORGE",,,Plein jour,En agglomération,Hors intersection,Normale,Autre collision,,,,,,,,,,,1,2,1,1.0,6
201200043180,0012-11-14 09:40:00,12,11,14,9,40,920,62,"5, LAFARGUES (RUE PAUL)",,,Plein jour,En agglomération,Hors intersection,Temps couvert,Sans collision,,,,,,,,,,,1,2,1,8.0,7
201200043181,0012-11-15 00:25:00,12,11,15,0,25,920,62,"55, DE DION BOUTON (QUAI",,,Nuit avec éclairage allumé,En agglomération,Hors intersection,Normale,Deux véhicules - arrière,,,,,,,,,,,5,2,1,1.0,2
201200043182,0012-11-27 10:35:00,12,11,27,10,35,920,62,"9, CHANTE COQ (RUE)",,,Plein jour,En agglomération,Hors intersection,Temps couvert,Autre collision,,,,,,,,,,,1,2,1,8.0,6
201200043183,0012-11-27 18:18:00,12,11,27,18,18,920,62,"4, BERTHELOT (RUE MARCEL",,,Crépuscule ou aube,En agglomération,Hors intersection,Pluie légère,Autre collision,,,,,,,,,,,2,2,1,2.0,6
201200043184,0012-11-28 16:24:00,12,11,28,16,24,920,62,"2, CHANTE COQ (RUE)",,,Plein jour,En agglomération,Hors intersection,Pluie légère,Autre collision,,,,,,,,,,,1,2,1,2.0,6
201200043185,0012-11-30 08:55:00,12,11,30,8,55,920,62,"59, DE DION BOUTON (QUAI",,,Plein jour,En agglomération,Intersection en T,Temps couvert,Autre collision,,,,,,,,,,,1,2,3,8.0,6
201200043186,0012-11-30 09:15:00,12,11,30,9,15,920,62,"27, DE DION BOUTON (QUAI",,,Plein jour,En agglomération,Hors intersection,Normale,Deux véhicules - arrière,,,,,,,,,,,1,2,1,1.0,2
201200043187,0012-12-04 18:50:00,12,12,4,18,50,920,62,"6, BELLINI (RUE)",,,Crépuscule ou aube,Hors agglomération,Intersection en T,Temps couvert,Deux véhicules - arrière,,,,,,,,,,,2,1,3,8.0,2
201200043188,0012-12-15 18:30:00,12,12,15,18,30,920,62,"116, REPUBLIQUE (RUE DE",,,Crépuscule ou aube,En agglomération,Hors intersection,Normale,Autre collision,,,,,,,,,,,2,2,1,1.0,6
201200043189,0012-01-09 14:00:00,12,1,9,14,0,920,63,BROSSOLETTE (RUE PIERRE),,,Plein jour,En agglomération,Intersection en Y,Normale,Deux véhicules - arrière,,,,,,,,,,,1,2,4,1.0,2
201200043190,0012-01-10 18:05:00,12,1,10,18,5,920,63,"144, EMPEREUR (ROUTE DE",,,Nuit avec éclairage allumé,En agglomération,Hors intersection,Normale,Autre collision,,,,,,,,,,,5,2,1,1.0,6