accident_id,datetime,annee,mois,jour,heure,minute,departement,commune_insee,adresse,latitude,longitude,luminosite,agglomeration,intersection,meteo,collision,nb_vehicules,nb_usagers,nb_indemnes,nb_tues,nb_blesses_hosp,nb_blesses_legers,age_cond_1,age_cond_2,veh_type_cond_1,veh_type_cond_2,lum_code,agg_code,int_code,atm_code,col_code
201200043191,0012-01-11 09:15:00,12,1,11,9,15,920,63,"24/26, HOPITAL STELL (BO",,,Plein jour,En agglomération,Hors intersection,Normale,Trois véhicules et plus - en chaîne,,,,,,,,,,,1,2,1,1.0,4
201200043192,0012-01-11 13:20:00,12,1,11,13,20,920,63,"95, HUGO (AVENUE VICTOR)",,,Plein jour,En agglomération,Hors intersection,Normale,Deux véhicules - arrière,,,,,,,,,,,1,2,1,1.0,2
201200043193,0012-01-15 16:05:00,12,1,15,16,5,920,63,"78, PONCEAU (CHEMIN DU)",,,Plein jour,En agglomération,Intersection en T,Normale,Autre collision,,,,,,,,,,,1,2,3,1.0,6
201200043194,0012-01-19 09:30:00,12,1,19,9,30,920,63,"93, DOUMER (AVENUE PAUL)",,,Plein jour,En agglomération,Hors intersection,Pluie légère,Autre collision,,,,,,,,,,,1,2,1,2.0,6
201200043195,0012-01-21 18:55:00,12,1,21,18,55,920,63,"61, RICHELIEU (BOULEVARD",,,Nuit avec éclairage allumé,En agglomération,Hors intersection,Pluie légère,Deux véhicules - côté,,,,,,,,,,,5,2,1,2.0,3
201200043196,0012-01-25 09:35:00,12,1,25,9,35,920,63,LAVOISIER (AVENUE),,,Plein jour,En agglomération,Giratoire,Normale,Autre collision,,,,,,,,,,,1,2,6,1.0,6
201200043197,0012-01-26 10:20:00,12,1,26,10,20,920,63,"119, MONTBRISON (RUE DU",,,Plein jour,En agglomération,Hors intersection,Normale,Deux véhicules - arrière,,,,,,,,,,,1,2,1,1.0,2
201200043198,0012-01-26 10:30:00,12,1,26,10,30,920,63,"282, BONAPARTE (AVENUE N",,,Plein jour,En agglomération,Hors intersection,Normale,Deux véhicules - arrière,,,,,,,,,,,1,2,1,1.0,2
201200043199,0012-01-31 08:10:00,12,1,31,8,10,920,63,JUIN (AVENUE DU MARECHAL,,,Nuit avec éclairage allumé,En agglomération,Intersection en X,Normale,Deux véhicules - côté,,,,,,,,,,,5,2,2,1.0,3
201200043200,0012-02-01 13:00:00,12,2,1,13,0,920,63,GIQUEL / IMPRESSIONNISTE,,,Plein jour,En agglomération,Place,Normale,Deux véhicules - côté,,,,,,,,,,,1,2,7,1.0,3
201200043201,0012-02-01 16:05:00,12,2,1,16,5,920,63,"37, AV DE FOUILLEUSE",,,Plein jour,En agglomération,Hors intersection,Normale,Autre collision,,,,,,,,,,,1,2,1,1.0,6
201200043202,0012-02-02 16:20:00,12,2,2,16,20,920,63,"106, AV ALBERT 1ER",,,Plein jour,En agglomération,Hors intersection,Normale,Trois véhicules et plus - en chaîne,,,,,,,,,,,1,2,1,1.0,4
201200043203,0012-02-09 08:25:00,12,2,9,8,25,920,63,1940 / DEGREMONT,,,Plein jour,En agglomération,Intersection en T,Normale,Deux véhicules - côté,,,,,,,,,,,1,2,3,1.0,3
201200043204,0012-02-14 13:50:00,12,2,14,13,50,920,63,1940 / MAISTRASSE,,,Plein jour,En agglomération,Intersection en T,Normale,Deux véhicules - côté,,,,,,,,,,,1,2,3,1.0,3
201200043205,0012-02-15 20:55:00,12,2,15,20,55,920,63,AV DE LA REPUBLIQUE,,,Crépuscule ou aube,En agglomération,Hors intersection,Pluie légère,Deux véhicules - arrière,,,,,,,,,,,2,2,1,2.0,2
201200043206,0012-02-17 20:15:00,12,2,17,20,15,920,63,AV PAUL DOUMER,,,Nuit avec éclairage allumé,En agglomération,Hors intersection,Normale,Autre collision,,,,,,,,,,,5,2,1,1.0,6
201200043207,0012-03-08 08:25:00,12,3,8,8,25,920,63,MONTBRISON (RUE DU LIEUT,48.51983,2.11872,Plein jour,En agglomération,Hors intersection,Normale,Deux véhicules - côté,,,,,,,,,,,1,2,1,1.0,3
201200043208,0012-03-12 15:53:00,12,3,12,15,53,920,63,DOUMER (AVENUE PAUL) EST,48.52727,2.10644,Plein jour,En agglomération,Intersection en T,Normale,Deux véhicules - côté,,,,,,,,,,,1,2,3,1.0,3
201200043209,0012-03-15 22:50:00,12,3,15,22,50,920,63,"274, BONAPARTE (AVENUE N",48.52474,2.10037,Nuit avec éclairage allumé,En agglomération,Hors intersection,Normale,Deux véhicules - arrière,,,,,,,,,,,5,2,1,1.0,2
201200043210,0012-03-21 08:50:00,12,3,21,8,50,920,63,"13-15, COLMAR (AVENUE DE",,,Plein jour,En agglomération,Hors intersection,Normale,Deux véhicules - côté,,,,,,,,,,,1,2,1,1.0,3
201200043211,0012-03-23 03:35:00,12,3,23,3,35,920,63,"28, DANTON (RUE)",,,Nuit avec éclairage allumé,En agglomération,Hors intersection,Normale,Autre collision,,,,,,,,,,,5,2,1,1.0,6
201200043212,0012-03-30 15:40:00,12,3,30,15,40,920,63,BONAPARTE (AVENUE NAPOLE,,,Plein jour,En agglomération,Intersection en X,Normale,Deux véhicules - côté,,,,,,,,,,,1,2,2,1.0,3
201200043213,0012-04-02 18:25:00,12,4,2,18,25,920,63,"n?ant, BONS RAISINS (RUE",,,Plein jour,En agglomération,Hors intersection,Normale,Autre collision,,,,,,,,,,,1,2,1,1.0,6
201200043214,0012-04-04 09:45:00,12,4,4,9,45,920,63,"54, SOLFERINO (BOULEVARD",,,Plein jour,En agglomération,Hors intersection,Normale,Deux véhicules - côté,,,,,,,,,,,1,2,1,1.0,3
201200043215,0012-04-04 09:12:00,12,4,4,9,12,920,63,"8, HUGO (AVENUE VICTOR)",,,Plein jour,En agglomération,Hors intersection,Normale,Deux véhicules - arrière,,,,,,,,,,,1,2,1,1.0,2
201200043216,0012-04-04 18:40:00,12,4,4,18,40,920,63,"14, FOUILLEUSE (AVENUE D",,,Plein jour,En agglomération,Intersection en T,Normale,Deux véhicules - côté,,,,,,,,,,,1,2,3,1.0,3
201200043217,0012-04-07 19:45:00,12,4,7,19,45,920,63,"140, DOUMER (AVENUE PAUL",,,Crépuscule ou aube,En agglomération,Hors intersection,Normale,Autre collision,,,,,,,,,,,2,2,1,1.0,6
201200043218,0012-04-11 13:00:00,12,4,11,13,0,920,63,RICHELIEU (PLACE),,,Plein jour,En agglomération,Hors intersection,Normale,Deux véhicules - côté,,,,,,,,,,,1,2,1,1.0,3
201200043219,0012-04-19 16:35:00,12,4,19,16,35,920,63,"40, DEUX GARES (RUE DES)",,,Plein jour,En agglomération,Hors intersection,Normale,Trois véhicules et plus - en chaîne,,,,,,,,,,,1,2,1,1.0,4
201200043220,0012-04-26 04:25:00,12,4,26,4,25,920,63,CHATOU (AVENUE DE),,,Nuit avec éclairage allumé,En agglomération,Hors intersection,Normale,Autre collision,,,,,,,,,,,5,2,1,1.0,6
201200043221,0012-05-09 18:35:00,12,5,9,18,35,920,63,"34, HOPITAL STELL (BOULE",,,Plein jour,En agglomération,Hors intersection,Normale,Deux véhicules - arrière,,,,,,,,,,,1,2,1,1.0,2
201200043222,0012-05-23 18:15:00,12,5,23,18,15,920,63,ESTIENNE D'ORVES (RUE D',,,Plein jour,En agglomération,Hors intersection,Normale,Autre collision,,,,,,,,,,,1,2,1,1.0,6
201200043223,0012-05-30 12:00:00,12,5,30,12,0,920,63,RICHELIEU (BOULEVARD),,,Plein jour,En agglomération,Hors intersection,Normale,Autre collision,,,,,,,,,,,1,2,1,1.0,6
201200043224,0012-06-08 09:25:00,12,6,8,9,25,920,63,GAMBETTA (RUE),,,Plein jour,En agglomération,Intersection en T,Normale,Deux véhicules - côté,,,,,,,,,,,1,2,3,1.0,3
201200043225,0012-06-09 14:35:00,12,6,9,14,35,920,63,"149, DIX-HUIT JUIN 1940",,,Plein jour,En agglomération,Hors intersection,Normale,Deux véhicules - frontale,,,,,,,,,,,1,2,1,1.0,1
201200043226,0012-06-10 18:40:00,12,6,10,18,40,920,63,"58, EMPEREUR (ROUTE DE L",,,Plein jour,En agglomération,Hors intersection,Pluie légère,Autre collision,,,,,,,,,,,1,2,1,2.0,6
201200043227,0012-06-14 08:30:00,12,6,14,8,30,920,63,COLMAR (AVENUE DE),,,Plein jour,En agglomération,Intersection en X,Normale,Deux véhicules - côté,,,,,,,,,,,1,2,2,1.0,3
201200043228,0012-06-15 17:40:00,12,6,15,17,40,920,63,BONAPARTE (AVENUE NAPOLE,,,Plein jour,En agglomération,Intersection en X,Normale,Trois véhicules et plus - en chaîne,,,,,,,,,,,1,2,2,1.0,4
201200043229,0012-06-23 12:30:00,12,6,23,12,30,920,63,"75, FOUILLEUSE (AVENUE D",,,Plein jour,En agglomération,Hors intersection,Normale,Autre collision,,,,,,,,,,,1,2,1,1.0,6
201200043230,0012-06-24 14:50:00,12,6,24,14,50,920,63,HOPITAL STELL (BOULEVARD,,,Plein jour,En agglomération,Intersection en X,Pluie forte,Deux véhicules - côté,,,,,,,,,,,1,2,2,3.0,3
201200043231,0012-06-25 13:30:00,12,6,25,13,30,920,63,"142, BROSSOLETTE (RUE PI",,,Plein jour,En agglomération,Hors intersection,Normale,Deux véhicules - arrière,,,,,,,,,,,1,2,1,1.0,2
201200043232,0012-06-25 20:20:00,12,6,25,20,20,920,63,"71, ALBERT 1ER (AVENUE)",,,Crépuscule ou aube,En agglomération,Hors intersection,Normale,Deux véhicules - arrière,,,,,,,,,,,2,2,1,1.0,2
201200043233,0012-06-26 17:00:00,12,6,26,17,0,920,63,"228, DOUMER (AVENUE PAUL",,,Plein jour,En agglomération,Hors intersection,Normale,Deux véhicules - côté,,,,,,,,,,,1,2,1,1.0,3
201200043234,0012-06-26 19:45:00,12,6,26,19,45,920,63,"61, MONT VALERIEN (AVENU",,,Plein jour,En agglomération,Intersection en X,Normale,Deux véhicules - frontale,,,,,,,,,,,1,2,2,1.0,1
201200043235,0012-06-30 22:15:00,12,6,30,22,15,920,63,"229 bis, BONAPARTE (AVEN",,,Nuit avec éclairage allumé,En agglomération,Hors intersection,Normale,Deux véhicules - côté,,,,,,,,,,,5,2,1,1.0,3
201200043236,0012-07-04 13:45:00,12,7,4,13,45,920,63,"15, GALLIENI (RUE)",,,Plein jour,En agglomération,Hors intersection,Normale,Deux véhicules - côté,,,,,,,,,,,1,2,1,1.0,3
201200043237,0012-07-11 09:05:00,12,7,11,9,5,920,63,"74, DIX-HUIT JUIN 1940 (",,,Plein jour,En agglomération,Hors intersection,Normale,Deux véhicules - côté,,,,,,,,,,,1,2,1,1.0,3
201200043238,0012-07-13 18:50:00,12,7,13,18,50,920,63,"101, ROSTAND (BOULEVARD",,,Plein jour,En agglomération,Hors intersection,Pluie légère,Autre collision,,,,,,,,,,,1,2,1,2.0,6
201200043239,0012-07-15 14:55:00,12,7,15,14,55,920,63,HUGO (AVENUE VICTOR),,,Plein jour,En agglomération,Intersection en X,Normale,Deux véhicules - côté,,,,,,,,,,,1,2,2,1.0,3
201200043240,0012-07-17 19:20:00,12,7,17,19,20,920,63,"146, DOUMER (AVENUE PAUL",,,Plein jour,En agglomération,Hors intersection,Normale,Autre collision,,,,,,,,,,,1,2,1,1.0,6
201200043241,0012-07-25 15:35:00,12,7,25,15,35,920,63,BONAPARTE (AVENUE NAPOLE,,,Plein jour,En agglomération,Intersection en T,Normale,Deux véhicules - côté,,,,,,,,,,,1,2,3,1.0,3
201200043242,0012-08-03 18:40:00,12,8,3,18,40,920,63,"73, GALLIENI (RUE)",,,Plein jour,En agglomération,Hors intersection,Normale,Autre collision,,,,,,,,,,,1,2,1,1.0,6
201200043243,0012-08-28 19:10:00,12,8,28,19,10,920,63,"96, MASSENA (RUE)",,,Plein jour,En agglomération,Hors intersection,Normale,Deux véhicules - côté,,,,,,,,,,,1,2,1,1.0,3
201200043244,0012-08-29 15:05:00,12,8,29,15,5,920,63,"75, DIX-HUIT JUIN 1940 (",,,Plein jour,En agglomération,Hors intersection,Normale,Deux véhicules - côté,,,,,,,,,,,1,2,1,1.0,3
201200043245,0012-08-31 08:00:00,12,8,31,8,0,920,63,"21, COLMAR (AVENUE DE)",,,Plein jour,En agglomération,Hors intersection,Normale,Autre collision,,,,,,,,,,,1,2,1,1.0,6
201200043246,0012-09-03 09:40:00,12,9,3,9,40,920,63,DIX-HUIT JUIN 1940 (AVEN,,,Plein jour,En agglomération,Intersection en X,Normale,Deux véhicules - côté,,,,,,,,,,,1,2,2,1.0,3
201200043247,0012-09-17 16:00:00,12,9,17,16,0,920,63,DOUMER (AVENUE PAUL) EST,,,Plein jour,En agglomération,Intersection en T,Normale,Deux véhicules - côté,,,,,,,,,,,1,2,3,1.0,3
201200043248,0012-09-20 01:45:00,12,9,20,1,45,920,63,COLMAR (AVENUE DE),,,Nuit avec éclairage allumé,En agglomération,Intersection en T,Normale,Deux véhicules - côté,,,,,,,,,,,5,2,3,1.0,3
201200043249,0012-09-21 18:25:00,12,9,21,18,25,920,63,"n?ant, HOPITAL STELL (BO",,,Crépuscule ou aube,En agglomération,Hors intersection,Pluie légère,Deux véhicules - côté,,,,,,,,,,,2,2,1,2.0,3
201200043250,0012-09-21 18:00:00,12,9,21,18,0,920,63,"17, DIX-HUIT JUIN 1940 (",,,Crépuscule ou aube,En agglomération,Hors intersection,Pluie légère,Autre collision,,,,,,,,,,,2,2,1,2.0,6
201200043251,0012-09-21 20:30:00,12,9,21,20,30,920,63,"40, VOLTAIRE (RUE)",,,Crépuscule ou aube,En agglomération,Hors intersection,Pluie légère,Sans collision,,,,,,,,,,,2,2,1,2.0,7
201200043252,0012-09-26 16:40:00,12,9,26,16,40,920,63,"n?ant, HUGO (AVENUE VICT",,,Plein jour,En agglomération,Hors intersection,Pluie légère,Autre collision,,,,,,,,,,,1,2,1,2.0,6
201200043253,0012-09-29 16:35:00,12,9,29,16,35,920,63,"58, FOUILLEUSE (AVENUE D",,,Plein jour,Hors agglomération,Hors intersection,Normale,Trois véhicules et plus - collisions multiples,,,,,,,,,,,1,1,1,1.0,5
201200043254,0012-10-05 14:00:00,12,10,5,14,0,920,63,"50, HUGO (AVENUE VICTOR)",,,Plein jour,En agglomération,Intersection en T,Normale,Autre collision,,,,,,,,,,,1,2,3,1.0,6
201200043255,0012-10-06 20:50:00,12,10,6,20,50,920,63,"64, ESTIENNE D'ORVES (RU",,,Nuit sans éclairage public,En agglomération,Hors intersection,Pluie légère,Autre collision,,,,,,,,,,,3,2,1,2.0,6
201200043256,0012-10-11 19:55:00,12,10,11,19,55,920,63,COLMAR (AVENUE DE),,,Crépuscule ou aube,En agglomération,Intersection en X,Pluie légère,Autre collision,,,,,,,,,,,2,2,2,2.0,6
201200043257,0012-10-17 20:15:00,12,10,17,20,15,920,63,"1, BLERIOT (RUE LOUIS)",,,Crépuscule ou aube,En agglomération,Hors intersection,Normale,Sans collision,,,,,,,,,,,2,2,1,1.0,7
201200043258,0012-10-22 09:00:00,12,10,22,9,0,920,63,BRETAGNE (RUE DE),,,Plein jour,En agglomération,Intersection en X,Normale,Deux véhicules - côté,,,,,,,,,,,1,2,2,1.0,3
201200043259,0012-10-23 17:50:00,12,10,23,17,50,920,63,"n?ant, RICHELIEU (BOULEV",,,Plein jour,En agglomération,Hors intersection,Normale,Sans collision,,,,,,,,,,,1,2,1,1.0,7
201200043260,0012-10-26 13:40:00,12,10,26,13,40,920,63,BESCHE (PLACE LOUIS-FRAN,,,Plein jour,En agglomération,Hors intersection,Normale,Sans collision,,,,,,,,,,,1,2,1,1.0,7
201200043261,0012-10-26 20:20:00,12,10,26,20,20,920,63,"85, ESTIENNE D'ORVES (RU",,,Nuit avec éclairage allumé,En agglomération,Hors intersection,Normale,Deux véhicules - frontale,,,,,,,,,,,5,2,1,1.0,1
201200043262,0012-10-26 20:25:00,12,10,26,20,25,920,63,"13, HOPITAL STELL (BOULE",,,Nuit avec éclairage allumé,En agglomération,Hors intersection,Normale,Sans collision,,,,,,,,,,,5,2,1,1.0,7
201200043263,0012-10-31 10:25:00,12,10,31,10,25,920,63,"1, ALBERT 1ER (AVENUE)",,,Plein jour,En agglomération,Hors intersection,Normale,Autre collision,,,,,,,,,,,1,2,1,1.0,6
201200043264,0012-10-30 17:00:00,12,10,30,17,0,920,63,"19, PERRET (RUE AUGUSTE)",,,Plein jour,En agglomération,Hors intersection,Normale,Sans collision,,,,,,,,,,,1,2,1,1.0,7
201200043265,0012-11-09 13:00:00,12,11,9,13,0,920,63,CHATOU (PONT DE),,,Plein jour,En agglomération,Hors intersection,Normale,Autre collision,,,,,,,,,,,1,2,1,1.0,6
201200043266,0012-11-11 03:10:00,12,11,11,3,10,920,63,EMPEREUR (ROUTE DE L') E,,,Nuit avec éclairage allumé,En agglomération,Intersection en T,Pluie légère,Autre collision,,,,,,,,,,,5,2,3,2.0,6
201200043267,0012-11-12 09:05:00,12,11,12,9,5,920,63,"1, LABICHE (RUE EUGENE)",,,Plein jour,En agglomération,Hors intersection,Normale,Sans collision,,,,,,,,,,,1,2,1,1.0,7
201200043268,0012-11-19 12:25:00,12,11,19,12,25,920,63,"n?ant, REGNAULT (RUE HEN",,,Plein jour,En agglomération,Hors intersection,Normale,Deux véhicules - côté,,,,,,,,,,,1,2,1,1.0,3
201200043269,0012-11-23 17:00:00,12,11,23,17,0,920,63,"172, DIX-HUIT JUIN 1940",,,Crépuscule ou aube,En agglomération,Intersection en T,Normale,Deux véhicules - côté,,,,,,,,,,,2,2,3,1.0,3
201200043270,0012-12-01 13:45:00,12,12,1,13,45,920,63,"5, HUGO (AVENUE VICTOR)",,,Plein jour,En agglomération,Hors intersection,Normale,Deux véhicules - arrière,,,,,,,,,,,1,2,1,1.0,2
201200043271,0012-12-04 08:05:00,12,12,4,8,5,920,63,"10, PERRET (RUE AUGUSTE)",,,Nuit avec éclairage allumé,En agglomération,Hors intersection,Pluie légère,Sans collision,,,,,,,,,,,5,2,1,2.0,7
201200043272,0012-12-05 23:35:00,12,12,5,23,35,920,63,"70, HUGO (AVENUE VICTOR)",,,Nuit avec éclairage allumé,En agglomération,Hors intersection,Normale,Deux véhicules - côté,,,,,,,,,,,5,2,1,1.0,3
201200043273,0012-12-08 16:05:00,12,12,8,16,5,920,63,"9, JUIN (AVENUE DU MAREC",,,Plein jour,En agglomération,Hors intersection,Normale,Deux véhicules - frontale,,,,,,,,,,,1,2,1,1.0,1
201200043274,0012-12-10 19:10:00,12,12,10,19,10,920,63,"60, GALLIENI (RUE)",,,Nuit avec éclairage allumé,En agglomération,Hors intersection,Normale,Deux véhicules - côté,,,,,,,,,,,5,2,1,1.0,3
201200043275,0012-12-18 08:20:00,12,12,18,8,20,920,63,"23, MAUREPAS (RUE DE)",,,Crépuscule ou aube,En agglomération,Hors intersection,Pluie légère,Sans collision,,,,,,,,,,,2,2,1,2.0,7
201200043276,0012-12-19 20:00:00,12,12,19,20,0,920,63,"7, HUIT MAI 1945 (PLACE",,,Nuit avec éclairage allumé,En agglomération,Hors intersection,Pluie forte,Autre collision,,,,,,,,,,,5,2,1,3.0,6
201200043277,0012-12-20 21:05:00,12,12,20,21,5,920,63,DEUX GARES (RUE DES),,,Nuit avec éclairage allumé,En agglomération,Hors intersection,Pluie légère,Sans collision,,,,,,,,,,,5,2,1,2.0,7
201200043278,0012-12-22 14:00:00,12,12,22,14,0,920,63,"56, FOUILLEUSE (AVENUE D",,,Plein jour,En agglomération,Intersection en T,Normale,Autre collision,,,,,,,,,,,1,2,3,1.0,6
201200043279,0012-12-27 22:00:00,12,12,27,22,0,920,63,"8, GALLIENI (RUE)",,,Nuit avec éclairage allumé,En agglomération,Hors intersection,Normale,Deux véhicules - frontale,,,,,,,,,,,5,2,1,1.0,1
201200043280,0012-12-30 00:10:00,12,12,30,0,10,920,63,"14, ROOSEVELT (BOULEVARD",,,Nuit avec éclairage allumé,En agglomération,Hors intersection,Normale,Autre collision,,,,,,,,,,,5,2,1,1.0,6
201200043281,0012-12-31 11:55:00,12,12,31,11,55,920,63,"3, RICHELIEU (PLACE)",,,Plein jour,En agglomération,Hors intersection,Normale,Autre collision,,,,,,,,,,,1,2,1,1.0,6
201200043282,0012-01-03 17:50:00,12,1,3,17,50,920,64,"15, FRANCIS CHAVETON",,,Crépuscule ou aube,En agglomération,Hors intersection,Pluie forte,Trois véhicules et plus - en chaîne,,,,,,,,,,,2,2,1,3.0,4
201200043283,0012-01-05 07:15:00,12,1,5,7,15,920,64,CARNOT,,,Crépuscule ou aube,En agglomération,Intersection en T,Pluie légère,Deux véhicules - côté,,,,,,,,,,,2,2,3,2.0,3
201200043284,0012-01-06 08:20:00,12,1,6,8,20,920,64,CAMP CANADIEN,,,Crépuscule ou aube,En agglomération,Intersection en T,Normale,Deux véhicules - côté,,,,,,,,,,,2,2,3,1.0,3
201200043285,0012-01-07 15:45:00,12,1,7,15,45,920,64,MARCEL DASSAULT,,,Plein jour,En agglomération,Intersection en T,Normale,Deux véhicules - côté,,,,,,,,,,,1,2,3,1.0,3
201200043286,0012-01-07 18:30:00,12,1,7,18,30,920,33,DIX NEUF JANVIER,,,Nuit avec éclairage allumé,En agglomération,Intersection en X,Normale,Deux véhicules - côté,,,,,,,,,,,5,2,2,1.0,3
201200043287,0012-01-18 17:00:00,12,1,18,17,0,920,64,"VAV 87, REPUBLIQUE",,,Crépuscule ou aube,En agglomération,Hors intersection,Pluie légère,Deux véhicules - arrière,,,,,,,,,,,2,2,1,2.0,2
201200043288,0012-01-20 19:30:00,12,1,20,19,30,920,64,MARECHAL FOCH,,,Crépuscule ou aube,En agglomération,Intersection en X,Pluie légère,Deux véhicules - côté,,,,,,,,,,,2,2,2,2.0,3
201200043289,0012-01-22 19:50:00,12,1,22,19,50,920,64,"65, MARCEL DASSAULT",,,Nuit avec éclairage allumé,En agglomération,Hors intersection,Normale,Deux véhicules - côté,,,,,,,,,,,5,2,1,1.0,3
201200043290,0012-01-23 09:05:00,12,1,23,9,5,920,64,"40, MONT VALERIEN",,,Plein jour,En agglomération,Hors intersection,Normale,Deux véhicules - arrière,,,,,,,,,,,1,2,1,1.0,2
201200043291,0012-01-25 13:30:00,12,1,25,13,30,920,64,ROUTE DE PARIS A VERSAIL,,,Plein jour,Hors agglomération,Intersection en T,Pluie légère,Deux véhicules - côté,,,,,,,,,,,1,1,3,2.0,3
201200043292,0012-01-30 20:00:00,12,1,30,20,0,920,64,"12, DAILLY",,,Nuit avec éclairage allumé,En agglomération,Hors intersection,Normale,Autre collision,,,,,,,,,,,5,2,1,1.0,6
201200043293,0012-02-10 08:05:00,12,2,10,8,5,920,64,"147, AV DU MARECHAL FOCH",,,Plein jour,En agglomération,Hors intersection,Normale,Deux véhicules - arrière,,,,,,,,,,,1,2,1,1.0,2
201200043294,0012-02-14 13:15:00,12,2,14,13,15,920,64,"71, AV DU MARECHAL FOCH",,,Plein jour,En agglomération,Hors intersection,Normale,Deux véhicules - côté,,,,,,,,,,,1,2,1,1.0,3
201200043295,0012-02-15 18:35:00,12,2,15,18,35,920,33,GRANDE RUE,,,Crépuscule ou aube,En agglomération,Hors intersection,Normale,Deux véhicules - arrière,,,,,,,,,,,2,2,1,1.0,2
201200043296,0012-02-21 21:00:00,12,2,21,21,0,920,64,R DAILLY,,,Nuit avec éclairage allumé,En agglomération,Hors intersection,Normale,Deux véhicules - côté,,,,,,,,,,,5,2,1,1.0,3
201200043297,0012-02-27 18:50:00,12,2,27,18,50,920,64,R DES GATE CEPS,,,Nuit avec éclairage allumé,En agglomération,Hors intersection,Normale,Autre collision,,,,,,,,,,,5,2,1,1.0,6
201200043298,0012-03-02 17:50:00,12,3,2,17,50,920,64,"12 bis, DAILLY",,,Crépuscule ou aube,En agglomération,Hors intersection,Normale,Deux véhicules - côté,,,,,,,,,,,2,2,1,1.0,3
201200043299,0012-03-02 17:55:00,12,3,2,17,55,920,64,"63, MARCEL DASSAULT",,,Crépuscule ou aube,En agglomération,Hors intersection,Normale,Deux véhicules - côté,,,,,,,,,,,2,2,1,1.0,3
201200043300,0012-03-12 13:25:00,12,3,12,13,25,920,64,"FACE AU 55, MARCEL DASSA",,,Plein jour,En agglomération,Hors intersection,Normale,Trois véhicules et plus - en chaîne,,,,,,,,,,,1,2,1,1.0,4
201200043301,0012-03-19 19:15:00,12,3,19,19,15,920,64,"02, MONT VALERIEN",,,Crépuscule ou aube,En agglomération,Hors intersection,Normale,Deux véhicules - arrière,,,,,,,,,,,2,2,1,1.0,2
201200043302,0012-03-23 09:10:00,12,3,23,9,10,920,64,"65, MARCEL DASSAULT",,,Plein jour,En agglomération,Hors intersection,Normale,Deux véhicules - côté,,,,,,,,,,,1,2,1,1.0,3
201200043303,0012-03-26 08:55:00,12,3,26,8,55,920,64,"102, PORTE JAUNE",,,Plein jour,En agglomération,Hors intersection,Normale,Trois véhicules et plus - en chaîne,,,,,,,,,,,1,2,1,1.0,4
201200043304,0012-03-28 10:15:00,12,3,28,10,15,920,64,"16, COMMANDANT LAREINTY",,,Plein jour,En agglomération,Hors intersection,Normale,Autre collision,,,,,,,,,,,1,2,1,1.0,6
201200043305,0012-03-28 12:05:00,12,3,28,12,5,920,47,"02, PASTEUR",,,Plein jour,En agglomération,Hors intersection,Normale,Autre collision,,,,,,,,,,,1,2,1,1.0,6
201200043306,0012-03-29 13:40:00,12,3,29,13,40,920,64,REPUBLIQUE,,,Plein jour,En agglomération,Intersection en X,Normale,Deux véhicules - côté,,,,,,,,,,,1,2,2,1.0,3
201200043307,0012-04-05 21:50:00,12,4,5,21,50,920,33,RAYMOND POINCARE,,,Nuit avec éclairage allumé,En agglomération,Intersection en T,Normale,Sans collision,,,,,,,,,,,5,2,3,1.0,7
201200043308,0012-04-07 19:30:00,12,4,7,19,30,920,76,JARDY,,,Crépuscule ou aube,En agglomération,Intersection en T,Normale,Deux véhicules - côté,,,,,,,,,,,2,2,3,1.0,3
201200043309,0012-04-08 12:25:00,12,4,8,12,25,920,64,"35, REPUBLIQUE",,,Plein jour,En agglomération,Autre intersection,Normale,Autre collision,,,,,,,,,,,1,2,9,1.0,6
201200043310,0012-04-10 18:35:00,12,4,10,18,35,920,64,"27, DAILLY",,,Plein jour,En agglomération,Hors intersection,Pluie forte,Sans collision,,,,,,,,,,,1,2,1,3.0,7
201200043311,0012-04-12 15:00:00,12,4,12,15,0,920,33,GARE,,,Plein jour,En agglomération,Place,Normale,Trois véhicules et plus - collisions multiples,,,,,,,,,,,1,2,7,1.0,5
201200043312,0012-04-17 02:20:00,12,4,17,2,20,920,64,PLACE CLEMENCEAU,,,Nuit avec éclairage allumé,En agglomération,Hors intersection,Normale,Sans collision,,,,,,,,,,,5,2,1,1.0,7
201200043313,0012-04-17 12:40:00,12,4,17,12,40,920,64,"98, REPUBLIQUE",,,Plein jour,En agglomération,Hors intersection,Pluie légère,Deux véhicules - arrière,,,,,,,,,,,1,2,1,2.0,2
201200043314,0012-04-18 13:30:00,12,4,18,13,30,920,64,MONT VALERIEN,,,Plein jour,En agglomération,Intersection en T,Normale,Deux véhicules - côté,,,,,,,,,,,1,2,3,1.0,3
201200043315,0012-04-18 19:50:00,12,4,18,19,50,920,33,RAYMOND POINCARE,,,Crépuscule ou aube,En agglomération,Hors intersection,Normale,Autre collision,,,,,,,,,,,2,2,1,1.0,6
201200043316,0012-04-20 14:10:00,12,4,20,14,10,920,64,"10, BERNARD PALISSY",,,Plein jour,En agglomération,Hors intersection,Normale,Autre collision,,,,,,,,,,,1,2,1,1.0,6
201200043317,0012-04-24 15:50:00,12,4,24,15,50,920,64,"01, DANTAN",,,Plein jour,En agglomération,Hors intersection,Normale,Autre collision,,,,,,,,,,,1,2,1,1.0,6
201200043318,0012-05-03 17:00:00,12,5,3,17,0,920,76,AV LA CELLE SAINT-CLOUD,,,Plein jour,En agglomération,Intersection en X,Normale,Deux véhicules - côté,,,,,,,,,,,1,2,2,1.0,3
201200043319,0012-05-04 17:30:00,12,5,4,17,30,920,33,"153, BUZENVAL",,,Plein jour,En agglomération,Hors intersection,Normale,Autre collision,,,,,,,,,,,1,2,1,1.0,6
201200043320,0012-05-07 18:00:00,12,5,7,18,0,920,64,"109 bi, R DE BUZENVAL",,,Plein jour,En agglomération,Hors intersection,Normale,Deux véhicules - côté,,,,,,,,,,,1,2,1,1.0,3