accident_id,datetime,annee,mois,jour,heure,minute,departement,commune_insee,adresse,latitude,longitude,luminosite,agglomeration,intersection,meteo,collision,nb_vehicules,nb_usagers,nb_indemnes,nb_tues,nb_blesses_hosp,nb_blesses_legers,age_cond_1,age_cond_2,veh_type_cond_1,veh_type_cond_2,lum_code,agg_code,int_code,atm_code,col_code
201200043321,0012-05-12 19:05:00,12,5,12,19,5,920,64,"15, BD SENARD",,,Plein jour,En agglomération,Hors intersection,Normale,Sans collision,,,,,,,,,,,1,2,1,1.0,7
201200043322,0012-05-15 17:20:00,12,5,15,17,20,920,64,R DAILLY,,,Plein jour,En agglomération,Intersection en X,Normale,Deux véhicules - arrière,,,,,,,,,,,1,2,2,1.0,2
201200043323,0012-05-17 00:35:00,12,5,17,0,35,920,33,R SYLVAIN VIGNERAS,,,Nuit avec éclairage allumé,En agglomération,Hors intersection,Normale,Sans collision,,,,,,,,,,,5,2,1,1.0,7
201200043324,0012-05-17 12:15:00,12,5,17,12,15,920,33,"104, GENERAL DE GAULLE",,,Plein jour,En agglomération,Hors intersection,Normale,Sans collision,,,,,,,,,,,1,2,1,1.0,7
201200043325,0012-05-17 18:20:00,12,5,17,18,20,920,47,"face 82B, RAYMOND POINCA",,,Plein jour,En agglomération,Hors intersection,Normale,Deux véhicules - côté,,,,,,,,,,,1,2,1,1.0,3
201200043326,0012-05-22 19:00:00,12,5,22,19,0,920,64,"07, JULLES PELTIER",,,Plein jour,En agglomération,Hors intersection,Normale,Deux véhicules - côté,,,,,,,,,,,1,2,1,1.0,3
201200043327,0012-05-24 08:55:00,12,5,24,8,55,920,33,R DE LA PORTE JAUNE,,,Plein jour,En agglomération,Intersection en X,Normale,Deux véhicules - côté,,,,,,,,,,,1,2,2,1.0,3
201200043328,0012-05-25 10:10:00,12,5,25,10,10,920,64,"18, QUAI DU CARNOT",,,Plein jour,En agglomération,Hors intersection,Normale,Deux véhicules - côté,,,,,,,,,,,1,2,1,1.0,3
201200043329,0012-05-30 09:40:00,12,5,30,9,40,920,76,BD DE LA REPUBLIQUE,,,Plein jour,En agglomération,Intersection en X,Normale,Deux véhicules - côté,,,,,,,,,,,1,2,2,1.0,3
201200043330,0012-06-02 20:20:00,12,6,2,20,20,920,47,"07, YVES CARIOU",,,Plein jour,En agglomération,Hors intersection,Normale,Deux véhicules - côté,,,,,,,,,,,1,2,1,1.0,3
201200043331,0012-06-03 15:40:00,12,6,3,15,40,920,76,AUTOROUTE OUEST,,,Plein jour,Hors agglomération,Autre intersection,Normale,Deux véhicules - côté,,,,,,,,,,,1,1,9,1.0,3
201200043332,0012-06-05 14:30:00,12,6,5,14,30,920,64,"v a v 31, DAILLY",,,Plein jour,En agglomération,Hors intersection,Normale,Sans collision,,,,,,,,,,,1,2,1,1.0,7
201200043333,0012-06-06 09:00:00,12,6,6,9,0,920,33,"15bis, GENERAL DE GAULLE",,,Plein jour,En agglomération,Hors intersection,Normale,Deux véhicules - côté,,,,,,,,,,,1,2,1,1.0,3
201200043334,0012-06-06 17:50:00,12,6,6,17,50,920,76,PROF VICTOR PAUCHET,,,Plein jour,En agglomération,Giratoire,Pluie légère,Sans collision,,,,,,,,,,,1,2,6,2.0,7
201200043335,0012-06-07 13:55:00,12,6,7,13,55,920,33,"62 ter, DIX NEUF JANVIER",,,Plein jour,En agglomération,Hors intersection,Pluie forte,Autre collision,,,,,,,,,,,1,2,1,3.0,6
201200043336,0012-06-07 16:55:00,12,6,7,16,55,920,64,"1, MAGENTA PLACE",,,Plein jour,En agglomération,Hors intersection,Normale,Autre collision,,,,,,,,,,,1,2,1,1.0,6
201200043337,0012-06-08 19:35:00,12,6,8,19,35,920,47,HARAS DE JARDY,,,Plein jour,En agglomération,Hors intersection,Normale,Deux véhicules - arrière,,,,,,,,,,,1,2,1,1.0,2
201200043338,0012-06-10 18:00:00,12,6,10,18,0,920,76,"21, GARCHES",,,Plein jour,En agglomération,Hors intersection,Pluie forte,Sans collision,,,,,,,,,,,1,2,1,3.0,7
201200043339,0012-06-14 09:15:00,12,6,14,9,15,920,76,REPUBLIQUE,,,Plein jour,En agglomération,Place,Normale,Deux véhicules - côté,,,,,,,,,,,1,2,7,1.0,3
201200043340,0012-06-15 09:00:00,12,6,15,9,0,920,64,DAILLY,,,Plein jour,En agglomération,Intersection en X,Temps couvert,Sans collision,,,,,,,,,,,1,2,2,8.0,7
201200043341,0012-06-15 21:50:00,12,6,15,21,50,920,76,GARCHES,,,Nuit avec éclairage allumé,En agglomération,Hors intersection,Pluie légère,Sans collision,,,,,,,,,,,5,2,1,2.0,7
201200043342,0012-06-17 12:50:00,12,6,17,12,50,920,64,"38bis, MONT VALERIEN",,,Plein jour,En agglomération,Hors intersection,Normale,Autre collision,,,,,,,,,,,1,2,1,1.0,6
201200043343,0012-06-22 10:30:00,12,6,22,10,30,920,64,"64, MARCEL DASSAULT",,,Plein jour,En agglomération,Hors intersection,Normale,Deux véhicules - côté,,,,,,,,,,,1,2,1,1.0,3
201200043344,0012-06-26 00:20:00,12,6,26,0,20,920,64,GOUNOD,,,Nuit avec éclairage allumé,En agglomération,Hors intersection,Normale,Sans collision,,,,,,,,,,,5,2,1,1.0,7
201200043345,0012-06-26 14:20:00,12,6,26,14,20,920,76,"134, REPUBLIQUE",,,Plein jour,En agglomération,Hors intersection,Normale,Sans collision,,,,,,,,,,,1,2,1,1.0,7
201200043346,0012-06-29 08:45:00,12,6,29,8,45,920,64,"78, MARCEL DASSAULT",,,Plein jour,En agglomération,Hors intersection,Pluie légère,Sans collision,,,,,,,,,,,1,2,1,2.0,7
201200043347,0012-06-29 15:50:00,12,6,29,15,50,920,64,SENARD,,,Plein jour,En agglomération,Intersection en T,Normale,Deux véhicules - côté,,,,,,,,,,,1,2,3,1.0,3
201200043348,0012-06-30 13:50:00,12,6,30,13,50,920,33,"38, SURESNES",,,Plein jour,En agglomération,Hors intersection,Normale,Sans collision,,,,,,,,,,,1,2,1,1.0,7
201200043349,0012-07-01 14:05:00,12,7,1,14,5,920,64,"78, MARCEL DASSAULT",,,Plein jour,En agglomération,Hors intersection,Normale,Trois véhicules et plus - en chaîne,,,,,,,,,,,1,2,1,1.0,4
201200043350,0012-07-01 21:15:00,12,7,1,21,15,920,33,"02, SUISSES",,,Crépuscule ou aube,En agglomération,Hors intersection,Normale,Deux véhicules - frontale,,,,,,,,,,,2,2,1,1.0,1
201200043351,0012-07-06 13:40:00,12,7,6,13,40,920,64,"65, MARCEL DASSAULT",,,Plein jour,En agglomération,Hors intersection,Normale,Deux véhicules - côté,,,,,,,,,,,1,2,1,1.0,3
201200043352,0012-07-06 20:20:00,12,7,6,20,20,920,64,"28, PASTEUR",,,Plein jour,En agglomération,Hors intersection,Normale,Deux véhicules - côté,,,,,,,,,,,1,2,1,1.0,3
201200043353,0012-07-11 07:55:00,12,7,11,7,55,920,64,"30, PASTEUR",,,Plein jour,En agglomération,Intersection en X,Pluie légère,Deux véhicules - côté,,,,,,,,,,,1,2,2,2.0,3
201200043354,0012-07-11 13:40:00,12,7,11,13,40,920,33,"104, RAYMOND POINCARE",,,Plein jour,En agglomération,Hors intersection,Normale,Autre collision,,,,,,,,,,,1,2,1,1.0,6
201200043355,0012-07-11 16:00:00,12,7,11,16,0,920,76,JARDY,,,Plein jour,En agglomération,Intersection en T,Normale,Trois véhicules et plus - en chaîne,,,,,,,,,,,1,2,3,1.0,4
201200043356,0012-07-13 11:45:00,12,7,13,11,45,920,76,"08, J. SALMONLEGAGNEUR",,,Plein jour,En agglomération,Hors intersection,Normale,Autre collision,,,,,,,,,,,1,2,1,1.0,6
201200043357,0012-07-21 16:50:00,12,7,21,16,50,920,64,CALVAIRE,,,Plein jour,En agglomération,Intersection en T,Normale,Trois véhicules et plus - collisions multiples,,,,,,,,,,,1,2,3,1.0,5
201200043358,0012-07-21 21:50:00,12,7,21,21,50,920,76,"41, PROF VICTOR PAUCHET",,,Nuit avec éclairage allumé,En agglomération,Hors intersection,Normale,Deux véhicules - frontale,,,,,,,,,,,5,2,1,1.0,1
201200043359,0012-07-22 20:20:00,12,7,22,20,20,920,64,PASTEUR,,,Plein jour,En agglomération,Intersection en T,Normale,Deux véhicules - côté,,,,,,,,,,,1,2,3,1.0,3
201200043360,0012-07-25 18:05:00,12,7,25,18,5,920,76,NAPOLEON III,,,Plein jour,En agglomération,Hors intersection,Normale,Deux véhicules - arrière,,,,,,,,,,,1,2,1,1.0,2
201200043361,0012-07-25 23:20:00,12,7,25,23,20,920,33,"15, MARECHAL LECLERC",,,Nuit avec éclairage allumé,En agglomération,Hors intersection,Normale,Sans collision,,,,,,,,,,,5,2,1,1.0,7
201200043362,0012-07-31 18:25:00,12,7,31,18,25,920,76,"85, REPUBLIQUE",,,Plein jour,En agglomération,Hors intersection,Normale,Autre collision,,,,,,,,,,,1,2,1,1.0,6
201200043363,0012-08-03 08:20:00,12,8,3,8,20,920,64,MARCEL DASSAULT,,,Plein jour,En agglomération,Hors intersection,Normale,Trois véhicules et plus - en chaîne,,,,,,,,,,,1,2,1,1.0,4
201200043364,0012-08-04 19:40:00,12,8,4,19,40,920,64,"59, REPUBLIQUE",,,Plein jour,En agglomération,Autre intersection,Normale,Sans collision,,,,,,,,,,,1,2,9,1.0,7
201200043365,0012-08-05 16:05:00,12,8,5,16,5,920,76,JARDY,,,Plein jour,En agglomération,Intersection en X,Normale,Deux véhicules - frontale,,,,,,,,,,,1,2,2,1.0,1
201200043366,0012-08-18 22:00:00,12,8,18,22,0,920,64,"26, MONT VALERIEN",,,Nuit avec éclairage allumé,En agglomération,Hors intersection,Normale,Sans collision,,,,,,,,,,,5,2,1,1.0,7
201200043367,0012-08-23 10:30:00,12,8,23,10,30,920,64,MARECHAL JUIN,,,Plein jour,En agglomération,Hors intersection,Normale,Sans collision,,,,,,,,,,,1,2,1,1.0,7
201200043368,0012-08-23 20:30:00,12,8,23,20,30,920,76,JARDY,,,Nuit avec éclairage allumé,En agglomération,Hors intersection,Normale,Autre collision,,,,,,,,,,,5,2,1,1.0,6
201200043369,0012-08-25 00:15:00,12,8,25,0,15,920,64,"52, BERNARD PALISSY",,,Nuit avec éclairage allumé,En agglomération,Hors intersection,Normale,Autre collision,,,,,,,,,,,5,2,1,1.0,6
201200043370,0012-09-06 08:45:00,12,9,6,8,45,920,64,"220, REPUBLIQUE",,,Plein jour,En agglomération,Hors intersection,Normale,Deux véhicules - arrière,,,,,,,,,,,1,2,1,1.0,2
201200043371,0012-09-12 08:40:00,12,9,12,8,40,920,64,"56, GOUNOD",,,Plein jour,En agglomération,Hors intersection,Normale,Autre collision,,,,,,,,,,,1,2,1,1.0,6
201200043372,0012-09-13 16:15:00,12,9,13,16,15,920,64,MARECHAL JUIN,,,Plein jour,En agglomération,Hors intersection,Normale,Trois véhicules et plus - en chaîne,,,,,,,,,,,1,2,1,1.0,4
201200043373,0012-09-13 19:30:00,12,9,13,19,30,920,64,"64 BIS, REPUBLIQUE",,,Plein jour,En agglomération,Hors intersection,Normale,Deux véhicules - côté,,,,,,,,,,,1,2,1,1.0,3
201200043374,0012-09-21 19:50:00,12,9,21,19,50,920,64,MONT VALERIEN,,,Nuit avec éclairage allumé,En agglomération,Hors intersection,Pluie légère,Autre collision,,,,,,,,,,,5,2,1,2.0,6
201200043375,0012-09-24 08:45:00,12,9,24,8,45,920,64,"74, REPUBLIQUE",,,Plein jour,En agglomération,Hors intersection,Pluie forte,Autre collision,,,,,,,,,,,1,2,1,3.0,6
201200043376,0012-09-26 14:00:00,12,9,26,14,0,920,64,"150, REPUBLIQUE",,,Plein jour,En agglomération,Hors intersection,Pluie forte,Sans collision,,,,,,,,,,,1,2,1,3.0,7
201200043377,0012-09-28 22:40:00,12,9,28,22,40,920,64,PORTE JAUNE,,,Nuit avec éclairage allumé,En agglomération,Autre intersection,Normale,Deux véhicules - arrière,,,,,,,,,,,5,2,9,1.0,2
201200043378,0012-09-29 12:50:00,12,9,29,12,50,920,76,REPUBLIQUE,,,Plein jour,En agglomération,Giratoire,Normale,Deux véhicules - arrière,,,,,,,,,,,1,2,6,1.0,2
201200043379,0012-10-01 08:20:00,12,10,1,8,20,920,64,REPUBLIQUE.,,,Plein jour,En agglomération,Intersection en X,Normale,Autre collision,,,,,,,,,,,1,2,2,1.0,6
201200043380,0012-10-01 18:45:00,12,10,1,18,45,920,64,"30, REPUBLIQUE",,,Plein jour,En agglomération,Hors intersection,Normale,Deux véhicules - côté,,,,,,,,,,,1,2,1,1.0,3
201200043381,0012-10-03 10:00:00,12,10,3,10,0,920,47,JARDY,,,Plein jour,En agglomération,Hors intersection,Normale,Deux véhicules - arrière,,,,,,,,,,,1,2,1,1.0,2
201200043382,0012-10-04 08:50:00,12,10,4,8,50,920,64,MONT VALERIEN,,,Plein jour,En agglomération,Hors intersection,Pluie légère,Sans collision,,,,,,,,,,,1,2,1,2.0,7
201200043383,0012-10-04 14:20:00,12,10,4,14,20,920,64,CAMP CANADIEN.,,,Plein jour,En agglomération,Intersection en Y,Normale,Deux véhicules - arrière,,,,,,,,,,,1,2,4,1.0,2
201200043384,0012-10-05 22:30:00,12,10,5,22,30,920,64,REPUBLIQUE,,,Nuit avec éclairage allumé,En agglomération,Intersection en X,Normale,Sans collision,,,,,,,,,,,5,2,2,1.0,7
201200043385,0012-10-11 14:30:00,12,10,11,14,30,920,64,REPUBLIQUE,,,Plein jour,En agglomération,Intersection en X,Pluie légère,Sans collision,,,,,,,,,,,1,2,2,2.0,7
201200043386,0012-10-13 16:50:00,12,10,13,16,50,920,33,"226, GRANDE RUE",,,Plein jour,En agglomération,Hors intersection,Temps couvert,Autre collision,,,,,,,,,,,1,2,1,8.0,6
201200043387,0012-10-18 15:30:00,12,10,18,15,30,920,64,"144, REPUBLIQUE",,,Plein jour,En agglomération,Hors intersection,Normale,Deux véhicules - côté,,,,,,,,,,,1,2,1,1.0,3
201200043388,0012-10-19 08:45:00,12,10,19,8,45,920,64,CHEVRILLON,,,Plein jour,En agglomération,Intersection en Y,Pluie légère,Deux véhicules - arrière,,,,,,,,,,,1,2,4,2.0,2
201200043389,0012-10-19 10:40:00,12,10,19,10,40,920,76,JARDY,,,Plein jour,En agglomération,Hors intersection,Temps couvert,Deux véhicules - arrière,,,,,,,,,,,1,2,1,8.0,2
201200043390,0012-10-19 19:38:00,12,10,19,19,38,920,64,"16, CALVAIRE",,,Nuit avec éclairage allumé,En agglomération,Intersection en T,Pluie légère,Autre collision,,,,,,,,,,,5,2,3,2.0,6
201200043391,0012-10-24 10:30:00,12,10,24,10,30,920,64,"60, GOUNOD",,,Plein jour,En agglomération,Hors intersection,Normale,Autre collision,,,,,,,,,,,1,2,1,1.0,6
201200043392,0012-10-25 08:20:00,12,10,25,8,20,920,64,"13, SURESNES",,,Plein jour,En agglomération,Hors intersection,Normale,Autre collision,,,,,,,,,,,1,2,1,1.0,6
201200043393,0012-10-26 08:40:00,12,10,26,8,40,920,64,"5, LOUIS LOUCHEUR",,,Plein jour,En agglomération,Hors intersection,Normale,Autre collision,,,,,,,,,,,1,2,1,1.0,6
201200043394,0012-10-27 20:00:00,12,10,27,20,0,920,64,"26, PASTEUR",,,Nuit avec éclairage allumé,En agglomération,Hors intersection,Normale,Deux véhicules - côté,,,,,,,,,,,5,2,1,1.0,3
201200043395,0012-10-31 13:30:00,12,10,31,13,30,920,64,"30, PASTEUR",,,Plein jour,En agglomération,Hors intersection,Normale,Deux véhicules - côté,,,,,,,,,,,1,2,1,1.0,3
201200043396,0012-10-31 16:23:00,12,10,31,16,23,920,64,"2055, MARCEL DASSAULT",,,Plein jour,En agglomération,Hors intersection,Normale,Deux véhicules - côté,,,,,,,,,,,1,2,1,1.0,3
201200043397,0012-11-03 14:50:00,12,11,3,14,50,920,76,"101, REPUBLIQUE",,,Plein jour,En agglomération,Hors intersection,Normale,Autre collision,,,,,,,,,,,1,2,1,1.0,6
201200043398,0012-11-04 20:50:00,12,11,4,20,50,920,64,MARCEL DASSAULT,,,Nuit avec éclairage allumé,En agglomération,Hors intersection,Normale,Trois véhicules et plus - en chaîne,,,,,,,,,,,5,2,1,1.0,4
201200043399,0012-11-19 17:35:00,12,11,19,17,35,920,64,"20, PORTE JAUNE",,,Nuit avec éclairage allumé,En agglomération,Hors intersection,Normale,Autre collision,,,,,,,,,,,5,2,1,1.0,6
201200043400,0012-11-27 17:30:00,12,11,27,17,30,920,64,REPUBLIQUE,,,Nuit avec éclairage allumé,En agglomération,Intersection en T,Normale,Deux véhicules - côté,,,,,,,,,,,5,2,3,1.0,3
201200043401,0012-11-27 20:40:00,12,11,27,20,40,920,33,RAYMOND POINCARE,,,Nuit avec éclairage allumé,En agglomération,Hors intersection,Normale,Sans collision,,,,,,,,,,,5,2,1,1.0,7
201200043402,0012-11-30 07:25:00,12,11,30,7,25,920,64,"65, MARCEL DASSAULT",,,Nuit avec éclairage allumé,En agglomération,Hors intersection,Normale,Deux véhicules - côté,,,,,,,,,,,5,2,1,1.0,3
201200043403,0012-11-30 18:55:00,12,11,30,18,55,920,76,REPUBLIQUE,,,Nuit avec éclairage allumé,En agglomération,Intersection en X,Normale,Sans collision,,,,,,,,,,,5,2,2,1.0,7
201200043404,0012-12-02 07:35:00,12,12,2,7,35,920,64,JULLES PELLETIER,,,Crépuscule ou aube,En agglomération,Hors intersection,Autre,Sans collision,,,,,,,,,,,2,2,1,9.0,7
201200043405,0012-12-02 15:00:00,12,12,2,15,0,920,64,MARECHAL JUIN,,,Plein jour,En agglomération,Hors intersection,Normale,Sans collision,,,,,,,,,,,1,2,1,1.0,7
201200043406,0012-12-04 20:50:00,12,12,4,20,50,920,64,"34, GOUNOD",,,Nuit avec éclairage allumé,En agglomération,Hors intersection,Normale,Deux véhicules - côté,,,,,,,,,,,5,2,1,1.0,3
201200043407,0012-12-06 07:40:00,12,12,6,7,40,920,64,DE LATTRE DE TASSIGNY,,,Crépuscule ou aube,En agglomération,Autre intersection,Pluie légère,Deux véhicules - côté,,,,,,,,,,,2,2,9,2.0,3
201200043408,0012-12-06 21:45:00,12,12,6,21,45,920,33,"FACE AU 36, GENERAL DE G",,,Nuit avec éclairage allumé,En agglomération,Hors intersection,Normale,Deux véhicules - arrière,,,,,,,,,,,5,2,1,1.0,2
201200043409,0012-12-07 18:45:00,12,12,7,18,45,920,33,"157, BUZENVAL",,,Nuit avec éclairage allumé,En agglomération,Hors intersection,Normale,Autre collision,,,,,,,,,,,5,2,1,1.0,6
201200043410,0012-12-08 21:25:00,12,12,8,21,25,920,64,"08, PASTEUR",,,Nuit avec éclairage allumé,En agglomération,Hors intersection,Normale,Deux véhicules - côté,,,,,,,,,,,5,2,1,1.0,3
201200043411,0012-12-14 08:55:00,12,12,14,8,55,920,64,MARCEL DASSAULT,,,Plein jour,En agglomération,Hors intersection,Pluie légère,Deux véhicules - côté,,,,,,,,,,,1,2,1,2.0,3
201200043412,0012-12-15 15:00:00,12,12,15,15,0,920,64,REPUBLIQUE,,,Plein jour,En agglomération,Intersection en X,Normale,Autre collision,,,,,,,,,,,1,2,2,1.0,6
201200043413,0012-12-22 01:05:00,12,12,22,1,5,920,64,"210, REPUBLIQUE",,,Nuit avec éclairage allumé,En agglomération,Hors intersection,Normale,Deux véhicules - arrière,,,,,,,,,,,5,2,1,1.0,2
201200043414,0012-12-31 11:55:00,12,12,31,11,55,920,64,GOUNOD,,,Plein jour,En agglomération,Hors intersection,Normale,Sans collision,,,,,,,,,,,1,2,1,1.0,7
201200043415,0012-01-02 06:00:00,12,1,2,6,0,920,72,"., SEVRES (PONT DE)",,,Nuit avec éclairage allumé,En agglomération,Hors intersection,Pluie légère,Autre collision,,,,,,,,,,,5,2,1,2.0,6
201200043416,0012-01-05 13:15:00,12,1,5,13,15,920,72,SEVRES (PONT DE),,,Plein jour,En agglomération,Hors intersection,Vent fort / tempête,Autre collision,,,,,,,,,,,1,2,1,6.0,6
201200043417,0012-01-18 18:50:00,12,1,18,18,50,920,72,"11-13, GRANDE RUE",,,Nuit avec éclairage allumé,En agglomération,Hors intersection,Normale,Autre collision,,,,,,,,,,,5,2,1,1.0,6
201200043418,0012-02-03 19:15:00,12,2,3,19,15,920,77,"01, R DE MARNES",,,Nuit avec éclairage allumé,En agglomération,Hors intersection,Pluie légère,Trois véhicules et plus - en chaîne,,,,,,,,,,,5,2,1,2.0,4
201200043419,0012-02-06 16:15:00,12,2,6,16,15,920,77,"01, R DE MARNES",,,Plein jour,En agglomération,Hors intersection,Normale,Autre collision,,,,,,,,,,,1,2,1,1.0,6
201200043420,0012-02-09 09:15:00,12,2,9,9,15,920,77,"95, R DE VERSAILLES",,,Plein jour,En agglomération,Hors intersection,Temps couvert,Sans collision,,,,,,,,,,,1,2,1,8.0,7
201200043421,0012-02-11 00:45:00,12,2,11,0,45,920,72,"34, RTE DU PAVE DES GARD",,,Nuit avec éclairage allumé,En agglomération,Hors intersection,Normale,Sans collision,,,,,,,,,,,5,2,1,1.0,7
201200043422,0012-02-13 19:50:00,12,2,13,19,50,920,72,"176, GRANDE RUE",,,Plein jour,En agglomération,Hors intersection,Normale,Autre collision,,,,,,,,,,,1,2,1,1.0,6
201200043423,0012-02-18 20:40:00,12,2,18,20,40,920,72,GRANDE RUE,,,Nuit avec éclairage allumé,En agglomération,Hors intersection,Pluie forte,Deux véhicules - arrière,,,,,,,,,,,5,2,1,3.0,2
201200043424,0012-02-20 07:35:00,12,2,20,7,35,920,22,RTE DU PAVE DES GARDES,,,Nuit avec éclairage allumé,En agglomération,Hors intersection,Normale,Sans collision,,,,,,,,,,,5,2,1,1.0,7
201200043425,0012-02-20 13:25:00,12,2,20,13,25,920,72,AV DE LA DIVISION LECLER,,,Plein jour,En agglomération,Hors intersection,Normale,Autre collision,,,,,,,,,,,1,2,1,1.0,6
201200043426,0012-02-21 19:10:00,12,2,21,19,10,920,72,GRANDE RUE,,,Nuit avec éclairage allumé,En agglomération,Hors intersection,Normale,Deux véhicules - arrière,,,,,,,,,,,5,2,1,1.0,2
201200043427,0012-03-02 17:00:00,12,3,2,17,0,920,72,"48, TROYON (RUE)",,,Plein jour,En agglomération,Hors intersection,Normale,Autre collision,,,,,,,,,,,1,2,1,1.0,6
201200043428,0012-03-02 20:45:00,12,3,2,20,45,920,22,"01, PASSERELLE (RUE DE L",,,Nuit avec éclairage allumé,En agglomération,Hors intersection,Normale,Deux véhicules - arrière,,,,,,,,,,,5,2,1,1.0,2
201200043429,0012-03-14 12:30:00,12,3,14,12,30,920,22,"27, CARNOT (RUE)",,,Plein jour,En agglomération,Hors intersection,Normale,Autre collision,,,,,,,,,,,1,2,1,1.0,6
201200043430,0012-03-18 14:55:00,12,3,18,14,55,920,72,"14, VILLE D'AVRAY (RUE D",,,Plein jour,En agglomération,Hors intersection,Pluie forte,Deux véhicules - arrière,,,,,,,,,,,1,2,1,3.0,2
201200043431,0012-03-29 23:00:00,12,3,29,23,0,920,22,"1227, SALENGRO (AVENUE R",,,Nuit avec éclairage allumé,En agglomération,Hors intersection,Normale,Deux véhicules - frontale,,,,,,,,,,,5,2,1,1.0,1
201200043432,0012-03-31 13:58:00,12,3,31,13,58,920,72,"144, GRANDE RUE",,,Plein jour,En agglomération,Hors intersection,Normale,Deux véhicules - côté,,,,,,,,,,,1,2,1,1.0,3
201200043433,0012-04-03 16:15:00,12,4,3,16,15,920,72,"., LECLERC (AVENUE DE LA",,,Plein jour,En agglomération,Intersection en T,Normale,Deux véhicules - côté,,,,,,,,,,,1,2,3,1.0,3
201200043434,0012-04-08 21:20:00,12,4,8,21,20,920,72,"168, GRANDE RUE",,,Nuit avec éclairage allumé,En agglomération,Intersection en T,Normale,Deux véhicules - frontale,,,,,,,,,,,5,2,3,1.0,1
201200043435,0012-04-16 14:50:00,12,4,16,14,50,920,72,"7, DIDEROT (RUE)",,,Plein jour,En agglomération,Hors intersection,Normale,Autre collision,,,,,,,,,,,1,2,1,1.0,6
201200043436,0012-04-16 19:30:00,12,4,16,19,30,920,72,"19, GARENNE (RUE DE LA)",,,Plein jour,En agglomération,Hors intersection,Normale,Autre collision,,,,,,,,,,,1,2,1,1.0,6
201200043437,0012-04-24 11:05:00,12,4,24,11,5,920,72,"25, EUROPE (AVENUE DE L'",,,Plein jour,En agglomération,Hors intersection,Normale,Autre collision,,,,,,,,,,,1,2,1,1.0,6
201200043438,0012-04-28 14:10:00,12,4,28,14,10,920,72,"., SEVRES (PONT DE)",,,Plein jour,En agglomération,Hors intersection,Pluie forte,Autre collision,,,,,,,,,,,1,2,1,3.0,6
201200043439,0012-04-28 07:45:00,12,4,28,7,45,920,72,"., MANUFACTURE NATIONALE",,,Plein jour,En agglomération,Hors intersection,Normale,Deux véhicules - arrière,,,,,,,,,,,1,2,1,1.0,2
201200043440,0012-05-04 20:45:00,12,5,4,20,45,920,22,"1467, ROGER SALENGRO",,,Plein jour,En agglomération,Hors intersection,Normale,Autre collision,,,,,,,,,,,1,2,1,1.0,6
201200043441,0012-05-05 19:00:00,12,5,5,19,0,920,77,"03, R DE LA RONCE",,,Crépuscule ou aube,En agglomération,Hors intersection,Pluie forte,Deux véhicules - côté,,,,,,,,,,,2,2,1,3.0,3
201200043442,0012-05-10 11:05:00,12,5,10,11,5,920,72,GRANDE RUE,,,Plein jour,En agglomération,Intersection en X,Normale,Deux véhicules - côté,,,,,,,,,,,1,2,2,1.0,3
201200043443,0012-05-18 09:25:00,12,5,18,9,25,920,22,"1748, ROGER SALENGRO",,,Crépuscule ou aube,En agglomération,Hors intersection,Normale,Deux véhicules - côté,,,,,,,,,,,2,2,1,1.0,3
201200043444,0012-05-18 11:20:00,12,5,18,11,20,920,22,"508, ROGER SALENGRO",,,Plein jour,En agglomération,Intersection en T,Normale,Deux véhicules - côté,,,,,,,,,,,1,2,3,1.0,3
201200043445,0012-06-05 14:15:00,12,6,5,14,15,920,72,"37, GRANDE RUE",,,Plein jour,En agglomération,Hors intersection,Normale,Autre collision,,,,,,,,,,,1,2,1,1.0,6
201200043446,0012-06-13 17:55:00,12,6,13,17,55,920,22,"37, SALENGRO (AVENUE ROG",,,Plein jour,En agglomération,Hors intersection,Pluie forte,Trois véhicules et plus - en chaîne,,,,,,,,,,,1,2,1,3.0,4
201200043447,0012-06-18 16:35:00,12,6,18,16,35,920,72,"., VILLE D'AVRAY (RUE DE",,,Plein jour,En agglomération,Hors intersection,Normale,Deux véhicules - frontale,,,,,,,,,,,1,2,1,1.0,1
201200043448,0012-06-24 23:30:00,12,6,24,23,30,920,22,"1332, SALENGRO (AVENUE R",,,Nuit avec éclairage allumé,En agglomération,Hors intersection,Normale,Deux véhicules - côté,,,,,,,,,,,5,2,1,1.0,3
201200043449,0012-06-26 03:25:00,12,6,26,3,25,920,77,"58, ST CLOUD (RUE DE)",,,Nuit avec éclairage allumé,En agglomération,Hors intersection,Pluie légère,Autre collision,,,,,,,,,,,5,2,1,2.0,6
201200043450,0012-06-27 21:35:00,12,6,27,21,35,920,77,"95, VERSAILLES (RUE DE)",,,Crépuscule ou aube,En agglomération,Hors intersection,Normale,Autre collision,,,,,,,,,,,2,2,1,1.0,6
201200043451,0012-07-03 21:40:00,12,7,3,21,40,920,77,"209, VERSAILLES (RUE DE)",,,Nuit avec éclairage allumé,En agglomération,Hors intersection,Normale,Deux véhicules - arrière,,,,,,,,,,,5,2,1,1.0,2
201200043452,0012-07-05 12:00:00,12,7,5,12,0,920,77,"57, VERSAILLES (RUE DE)",,,Plein jour,En agglomération,Hors intersection,Normale,Sans collision,,,,,,,,,,,1,2,1,1.0,7
201200043453,0012-07-12 19:30:00,12,7,12,19,30,920,72,"76, PAVE DES GARDES (ROU",,,Plein jour,En agglomération,Hors intersection,Pluie forte,Autre collision,,,,,,,,,,,1,2,1,3.0,6