accident_id,datetime,annee,mois,jour,heure,minute,departement,commune_insee,adresse,latitude,longitude,luminosite,agglomeration,intersection,meteo,collision,nb_vehicules,nb_usagers,nb_indemnes,nb_tues,nb_blesses_hosp,nb_blesses_legers,age_cond_1,age_cond_2,veh_type_cond_1,veh_type_cond_2,lum_code,agg_code,int_code,atm_code,col_code
201200043454,0012-07-18 10:30:00,12,7,18,10,30,920,22,"1969, SALENGRO (AVENUE R",,,Plein jour,En agglomération,Hors intersection,Normale,Autre collision,,,,,,,,,,,1,2,1,1.0,6
201200043455,0012-07-29 01:35:00,12,7,29,1,35,920,22,"., PAVE DES GARDES (ROUT",,,Nuit avec éclairage allumé,En agglomération,Hors intersection,Normale,Deux véhicules - arrière,,,,,,,,,,,5,2,1,1.0,2
201200043456,0012-08-01 17:40:00,12,8,1,17,40,920,72,"., SAINT CLOUD (RUE DE)",,,Plein jour,En agglomération,Hors intersection,Normale,Deux véhicules - arrière,,,,,,,,,,,1,2,1,1.0,2
201200043457,0012-09-05 11:35:00,12,9,5,11,35,920,22,PAVE DE MEUDON (RUE DU),,,Plein jour,En agglomération,Intersection en T,Normale,Deux véhicules - frontale,,,,,,,,,,,1,2,3,1.0,1
201200043458,0012-09-06 18:45:00,12,9,6,18,45,920,72,"., LECLERC (AVENUE DE LA",,,Plein jour,En agglomération,Intersection en T,Normale,Autre collision,,,,,,,,,,,1,2,3,1.0,6
201200043459,0012-09-11 08:20:00,12,9,11,8,20,920,77,"23, ST CLOUD (RUE DE)",,,Plein jour,En agglomération,Hors intersection,Normale,Deux véhicules - côté,,,,,,,,,,,1,2,1,1.0,3
201200043460,0012-09-17 20:30:00,12,9,17,20,30,920,22,"1989, SALENGRO (AVENUE R",,,Crépuscule ou aube,En agglomération,Intersection en X,Normale,Deux véhicules - côté,,,,,,,,,,,2,2,2,1.0,3
201200043461,0012-09-21 17:15:00,12,9,21,17,15,920,77,"02, SEVRES (RUE DE)",,,Plein jour,En agglomération,Hors intersection,Pluie légère,Autre collision,,,,,,,,,,,1,2,1,2.0,6
201200043462,0012-09-22 17:20:00,12,9,22,17,20,920,72,"19, LECLERC (AVENUE DE L",,,Plein jour,En agglomération,Intersection en Y,Normale,Deux véhicules - côté,,,,,,,,,,,1,2,4,1.0,3
201200043463,0012-09-23 17:05:00,12,9,23,17,5,920,22,"1044, SALENGRO (AVENUE R",,,Plein jour,En agglomération,Hors intersection,Normale,Deux véhicules - côté,,,,,,,,,,,1,2,1,1.0,3
201200043464,0012-09-26 23:45:00,12,9,26,23,45,920,72,"01, GRANDE RUE",,,Nuit avec éclairage allumé,En agglomération,Hors intersection,Pluie forte,Autre collision,,,,,,,,,,,5,2,1,3.0,6
201200043465,0012-09-29 00:50:00,12,9,29,0,50,920,72,"32, GRANDE RUE",,,Nuit avec éclairage allumé,En agglomération,Hors intersection,Normale,Autre collision,,,,,,,,,,,5,2,1,1.0,6
201200043466,0012-10-02 17:00:00,12,10,2,17,0,920,72,"10, EUROPE (AVENUE DE L'",,,Plein jour,En agglomération,Hors intersection,Normale,Deux véhicules - arrière,,,,,,,,,,,1,2,1,1.0,2
201200043467,0012-10-08 14:05:00,12,10,8,14,5,920,72,"., BRUYERES (CARREFOUR D",,,Plein jour,En agglomération,Giratoire,Pluie forte,Sans collision,,,,,,,,,,,1,2,6,3.0,7
201200043468,0012-10-11 09:35:00,12,10,11,9,35,920,72,"., BRUYERES (CARREFOUR D",,,Plein jour,En agglomération,Hors intersection,Normale,Deux véhicules - arrière,,,,,,,,,,,1,2,1,1.0,2
201200043469,0012-10-12 01:40:00,12,10,12,1,40,920,72,"., SEVRES (PONT DE)",,,Nuit avec éclairage allumé,En agglomération,Hors intersection,Pluie légère,Autre collision,,,,,,,,,,,5,2,1,2.0,6
201200043470,0012-10-15 18:40:00,12,10,15,18,40,920,72,"03, DAMMOUSE (RUE ALBERT",,,Plein jour,En agglomération,Hors intersection,Normale,Sans collision,,,,,,,,,,,1,2,1,1.0,7
201200043471,0012-10-16 11:45:00,12,10,16,11,45,920,22,"2012, SALENGRO (AVENUE R",,,Plein jour,En agglomération,Hors intersection,Normale,Autre collision,,,,,,,,,,,1,2,1,1.0,6
201200043472,0012-10-21 11:30:00,12,10,21,11,30,920,22,"508, SALENGRO (AVENUE RO",,,Plein jour,En agglomération,Hors intersection,Normale,Autre collision,,,,,,,,,,,1,2,1,1.0,6
201200043473,0012-10-19 18:40:00,12,10,19,18,40,920,72,"., GAMBETTA (AVENUE)",,,Crépuscule ou aube,En agglomération,Intersection en X,Pluie légère,Deux véhicules - côté,,,,,,,,,,,2,2,2,2.0,3
201200043474,0012-10-29 13:40:00,12,10,29,13,40,920,72,"02, EUROPE (AVENUE DE L'",,,Plein jour,En agglomération,Hors intersection,Normale,Deux véhicules - arrière,,,,,,,,,,,1,2,1,1.0,2
201200043475,0012-11-16 16:30:00,12,11,16,16,30,920,22,"2012, SALENGRO (AVENUE R",,,Plein jour,En agglomération,Hors intersection,Normale,Autre collision,,,,,,,,,,,1,2,1,1.0,6
201200043476,0012-11-18 14:45:00,12,11,18,14,45,920,72,SEVRES (PONT DE),,,Plein jour,En agglomération,Hors intersection,Pluie légère,Autre collision,,,,,,,,,,,1,2,1,2.0,6
201200043477,0012-11-22 11:45:00,12,11,22,11,45,920,22,"1536, SALENGRO (AVENUE R",,,Plein jour,En agglomération,Hors intersection,Normale,Deux véhicules - côté,,,,,,,,,,,1,2,1,1.0,3
201200043478,0012-11-23 18:10:00,12,11,23,18,10,920,72,"., BRANCAS (RUE)",,,Nuit avec éclairage allumé,En agglomération,Hors intersection,Pluie légère,Autre collision,,,,,,,,,,,5,2,1,2.0,6
201200043479,0012-11-24 22:40:00,12,11,24,22,40,920,22,"1316, SALENGRO (AVENUE R",,,Nuit avec éclairage allumé,En agglomération,Hors intersection,Normale,Deux véhicules - arrière,,,,,,,,,,,5,2,1,1.0,2
201200043480,0012-11-26 15:50:00,12,11,26,15,50,920,22,"144, SALENGRO (AVENUE RO",,,Plein jour,En agglomération,Hors intersection,Normale,Deux véhicules - arrière,,,,,,,,,,,1,2,1,1.0,2
201200043481,0012-12-02 11:15:00,12,12,2,11,15,920,72,"., SEVRES (PONT DE)",,,Plein jour,En agglomération,Hors intersection,Normale,Sans collision,,,,,,,,,,,1,2,1,1.0,7
201200043482,0012-12-02 17:15:00,12,12,2,17,15,920,72,"., BRUYERES (CARREFOUR D",,,Nuit avec éclairage allumé,En agglomération,Intersection en X,Normale,Deux véhicules - côté,,,,,,,,,,,5,2,2,1.0,3
201200043483,0012-12-19 09:30:00,12,12,19,9,30,920,22,"1791, SALENGRO (AVENUE R",,,Plein jour,En agglomération,Hors intersection,Normale,Autre collision,,,,,,,,,,,1,2,1,1.0,6
201200043484,0012-12-19 09:30:00,12,12,19,9,30,920,72,"10, LEDERMANN (RUE DU DO",,,Plein jour,En agglomération,Hors intersection,Normale,Autre collision,,,,,,,,,,,1,2,1,1.0,6
201200043485,0012-12-20 11:30:00,12,12,20,11,30,920,72,"126, VILLE D'AVRAY (RUE",,,Plein jour,En agglomération,Hors intersection,Pluie forte,Autre collision,,,,,,,,,,,1,2,1,3.0,6
201200043486,0012-12-20 14:40:00,12,12,20,14,40,920,72,"., BRUYERES (RUE DES)",,,Plein jour,En agglomération,Intersection en T,Pluie légère,Deux véhicules - côté,,,,,,,,,,,1,2,3,2.0,3
201200043487,0012-12-25 11:30:00,12,12,25,11,30,920,72,"., SEVRES (PONT DE)",,,Plein jour,En agglomération,Hors intersection,Normale,Autre collision,,,,,,,,,,,1,2,1,1.0,6
201200043488,0012-12-27 00:50:00,12,12,27,0,50,920,72,"., SEVRES (PONT DE)",,,Nuit avec éclairage allumé,En agglomération,Hors intersection,Pluie légère,Autre collision,,,,,,,,,,,5,2,1,2.0,6
201200043489,0012-12-27 13:25:00,12,12,27,13,25,920,72,"., SEVRES (PONT DE)",,,Plein jour,En agglomération,Hors intersection,Pluie légère,Autre collision,,,,,,,,,,,1,2,1,2.0,6
201200043490,0012-12-28 16:40:00,12,12,28,16,40,920,22,"., PAVE DES GARDES (ROUT",,,Plein jour,En agglomération,Hors intersection,Pluie légère,Autre collision,,,,,,,,,,,1,2,1,2.0,6
201200043491,0012-01-25 19:30:00,12,1,25,19,30,920,73,"3, CARNOT (RUE)",,,Nuit avec éclairage allumé,En agglomération,Intersection en T,Temps couvert,Autre collision,,,,,,,,,,,5,2,3,8.0,6
201200043492,0012-02-17 19:30:00,12,2,17,19,30,920,73,CRIOLLA / NOUVELLES,,,Nuit avec éclairage allumé,En agglomération,Intersection en X,Pluie légère,Sans collision,,,,,,,,,,,5,2,2,2.0,7
201200043493,0012-02-20 12:15:00,12,2,20,12,15,920,73,FOUILLEUSE / MAISTRASSE,,,Plein jour,En agglomération,Intersection en T,Normale,Deux véhicules - arrière,,,,,,,,,,,1,2,3,1.0,2
201200043494,0012-02-23 23:35:00,12,2,23,23,35,920,73,R DES BAS ROGERS,,,Nuit avec éclairage allumé,En agglomération,Hors intersection,Normale,Deux véhicules - arrière,,,,,,,,,,,5,2,1,1.0,2
201200043495,0012-03-09 02:35:00,12,3,9,2,35,920,73,"49, DE LATTRE DE TASSIGN",,,Nuit avec éclairage allumé,En agglomération,Intersection en X,Normale,Deux véhicules - côté,,,,,,,,,,,5,2,2,1.0,3
201200043496,0012-03-20 09:00:00,12,3,20,9,0,920,73,"35, GALLIENI (QUAI)",,,Plein jour,En agglomération,Hors intersection,Normale,Deux véhicules - côté,,,,,,,,,,,1,2,1,1.0,3
201200043497,0012-03-23 16:50:00,12,3,23,16,50,920,73,"10-12, SEVRES (RUE DE)",,,Plein jour,En agglomération,Hors intersection,Normale,Autre collision,,,,,,,,,,,1,2,1,1.0,6
201200043498,0012-03-26 09:00:00,12,3,26,9,0,920,73,"36, SELLIER (BOULEVARD H",,,Plein jour,En agglomération,Hors intersection,Normale,Autre collision,,,,,,,,,,,1,2,1,1.0,6
201200043499,0012-03-30 12:00:00,12,3,30,12,0,920,73,"10, BLUM (QUAI LEON)",,,Plein jour,En agglomération,Intersection en T,Normale,Deux véhicules - arrière,,,,,,,,,,,1,2,3,1.0,2
201200043500,0012-04-03 16:00:00,12,4,3,16,0,920,73,"40, SELLIER (BOULEVARD H",,,Plein jour,En agglomération,Intersection en T,Normale,Deux véhicules - côté,,,,,,,,,,,1,2,3,1.0,3
201200043501,0012-04-11 10:30:00,12,4,11,10,30,920,73,"29, GALLIENI (QUAI)",,,Plein jour,En agglomération,Intersection en T,Normale,Deux véhicules - arrière,,,,,,,,,,,1,2,3,1.0,2
201200043502,0012-04-13 22:50:00,12,4,13,22,50,920,73,"41, SELLIER (BOULEVARD H",,,Nuit avec éclairage allumé,En agglomération,Hors intersection,Normale,Deux véhicules - côté,,,,,,,,,,,5,2,1,1.0,3
201200043503,0012-04-26 09:10:00,12,4,26,9,10,920,73,"02, VAILLANT (AVENUE EDO",,,Plein jour,En agglomération,Hors intersection,Normale,Deux véhicules - frontale,,,,,,,,,,,1,2,1,1.0,1
201200043504,0012-05-08 12:10:00,12,5,8,12,10,920,73,"11, BLUM (QUAI LEON)",,,Plein jour,En agglomération,Intersection en X,Pluie légère,Deux véhicules - arrière,,,,,,,,,,,1,2,2,2.0,2
201200043505,0012-05-31 08:45:00,12,5,31,8,45,920,73,"6, R DU RATRAIT",,,Plein jour,En agglomération,Hors intersection,Normale,Autre collision,,,,,,,,,,,1,2,1,1.0,6
201200043506,0012-06-07 17:30:00,12,6,7,17,30,920,73,"58, VERDUN (RUE DE)",,,Plein jour,En agglomération,Intersection en T,Normale,Autre collision,,,,,,,,,,,1,2,3,1.0,6
201200043507,0012-06-08 22:55:00,12,6,8,22,55,920,73,"53, DE LATTRE DE TASSIGN",,,Nuit avec éclairage allumé,En agglomération,Intersection en X,Pluie forte,Trois véhicules et plus - collisions multiples,,,,,,,,,,,5,2,2,3.0,5
201200043508,0012-06-13 19:25:00,12,6,13,19,25,920,73,"169, SELLIER (BOULEVARD",,,Plein jour,En agglomération,Hors intersection,Temps couvert,Deux véhicules - frontale,,,,,,,,,,,1,2,1,8.0,1
201200043509,0012-06-15 22:25:00,12,6,15,22,25,920,73,"30, SELLIER (BOULEVARD H",,,Nuit avec éclairage allumé,En agglomération,Hors intersection,Pluie légère,Deux véhicules - arrière,,,,,,,,,,,5,2,1,2.0,2
201200043510,0012-06-22 12:50:00,12,6,22,12,50,920,73,"29, DE GAULLE (AVENUE GE",,,Plein jour,En agglomération,Intersection en X,Normale,Deux véhicules - côté,,,,,,,,,,,1,2,2,1.0,3
201200043511,0012-06-28 12:45:00,12,6,28,12,45,920,73,"15, GALLIENI (QUAI)",,,Plein jour,En agglomération,Intersection en Y,Normale,Trois véhicules et plus - en chaîne,,,,,,,,,,,1,2,4,1.0,4
201200043512,0012-06-28 18:00:00,12,6,28,18,0,920,73,"72, FUSILLES DE LA RESIS",,,Plein jour,En agglomération,Hors intersection,Normale,Deux véhicules - arrière,,,,,,,,,,,1,2,1,1.0,2
201200043513,0012-07-02 08:55:00,12,7,2,8,55,920,73,"32, SELLIER (BOULEVARD H",,,Plein jour,En agglomération,Intersection en X,Normale,Deux véhicules - côté,,,,,,,,,,,1,2,2,1.0,3
201200043514,0012-07-25 12:45:00,12,7,25,12,45,920,73,"148, SELLIER (BOULEVARD",,,Plein jour,En agglomération,Hors intersection,Normale,Deux véhicules - arrière,,,,,,,,,,,1,2,1,1.0,2
201200043515,0012-08-07 17:40:00,12,8,7,17,40,920,73,"126, SELLIER (BOULEVARD",,,Plein jour,En agglomération,Hors intersection,Normale,Deux véhicules - arrière,,,,,,,,,,,1,2,1,1.0,2
201200043516,0012-08-14 19:55:00,12,8,14,19,55,920,73,"64, SELLIER (BOULEVARD H",,,Plein jour,En agglomération,Hors intersection,Normale,Autre collision,,,,,,,,,,,1,2,1,1.0,6
201200043517,0012-08-18 15:00:00,12,8,18,15,0,920,73,"18, FERBER (RUE DU CAPIT",,,Plein jour,En agglomération,Intersection en X,Normale,Deux véhicules - arrière,,,,,,,,,,,1,2,2,1.0,2
201200043518,0012-08-23 09:40:00,12,8,23,9,40,920,73,"147, SELLIER (BOULEVARD",,,Plein jour,En agglomération,Hors intersection,Normale,Sans collision,,,,,,,,,,,1,2,1,1.0,7
201200043519,0012-08-30 18:20:00,12,8,30,18,20,920,73,"47, SELLIER (BOULEVARD H",,,Plein jour,En agglomération,Intersection en X,Normale,Deux véhicules - arrière,,,,,,,,,,,1,2,2,1.0,2
201200043520,0012-09-04 22:55:00,12,9,4,22,55,920,73,"28, SELLIER (BOULEVARD H",,,Nuit avec éclairage allumé,En agglomération,Hors intersection,Normale,Deux véhicules - côté,,,,,,,,,,,5,2,1,1.0,3
201200043521,0012-09-11 18:40:00,12,9,11,18,40,920,73,"152, SELLIER (BOULEVARD",,,Crépuscule ou aube,En agglomération,Hors intersection,Normale,Sans collision,,,,,,,,,,,2,2,1,1.0,7
201200043522,0012-09-15 08:20:00,12,9,15,8,20,920,73,"09, BLUM (QUAI LEON)",,,Plein jour,En agglomération,Hors intersection,Normale,Autre collision,,,,,,,,,,,1,2,1,1.0,6
201200043523,0012-09-16 12:30:00,12,9,16,12,30,920,73,"35, GALLIENI (QUAI)",,,Plein jour,En agglomération,Hors intersection,Normale,Deux véhicules - arrière,,,,,,,,,,,1,2,1,1.0,2
201200043524,0012-09-18 18:15:00,12,9,18,18,15,920,73,"8, JAURES (AVENUE JEAN)",,,Nuit avec éclairage allumé,En agglomération,Hors intersection,Normale,Deux véhicules - côté,,,,,,,,,,,5,2,1,1.0,3
201200043525,0012-09-26 08:15:00,12,9,26,8,15,920,73,"10, BLUM (QUAI LEON)",,,Plein jour,En agglomération,Hors intersection,Normale,Deux véhicules - arrière,,,,,,,,,,,1,2,1,1.0,2
201200043526,0012-09-26 11:40:00,12,9,26,11,40,920,73,"31, POMPIDOU (AVENUE GEO",,,Plein jour,En agglomération,Hors intersection,Normale,Deux véhicules - côté,,,,,,,,,,,1,2,1,1.0,3
201200043527,0012-09-28 17:15:00,12,9,28,17,15,920,73,"16, LANDES (AVENUE DES)",,,Plein jour,En agglomération,Hors intersection,Normale,Sans collision,,,,,,,,,,,1,2,1,1.0,7
201200043528,0012-10-16 21:00:00,12,10,16,21,0,920,63,"60-62, HOUTRAITS",,,Nuit avec éclairage allumé,En agglomération,Hors intersection,Normale,Autre collision,,,,,,,,,,,5,2,1,1.0,6
201200043529,0012-10-17 07:30:00,12,10,17,7,30,920,73,"13, POMPIDOU (AVENUE GEO",,,Nuit avec éclairage allumé,En agglomération,Intersection en X,Pluie légère,Autre collision,,,,,,,,,,,5,2,2,2.0,6
201200043530,0012-10-17 08:50:00,12,10,17,8,50,920,73,"135 Bis, SELLIER (BOULEV",,,Plein jour,En agglomération,Hors intersection,Normale,Deux véhicules - arrière,,,,,,,,,,,1,2,1,1.0,2
201200043531,0012-10-18 07:40:00,12,10,18,7,40,920,73,"5, BAS ROGERS (RUE DES)",,,Crépuscule ou aube,En agglomération,Intersection en X,Pluie légère,Deux véhicules - côté,,,,,,,,,,,2,2,2,2.0,3
201200043532,0012-10-19 13:05:00,12,10,19,13,5,920,73,"43, ROOSVELT (AVENUE FRA",,,Plein jour,En agglomération,Intersection en Y,Pluie légère,Sans collision,,,,,,,,,,,1,2,4,2.0,7
201200043533,0012-10-22 20:50:00,12,10,22,20,50,920,73,"17, SELLIER (BOULEVARD H",,,Nuit avec éclairage allumé,En agglomération,Hors intersection,Normale,Deux véhicules - arrière,,,,,,,,,,,5,2,1,1.0,2
201200043534,0012-10-23 16:45:00,12,10,23,16,45,920,73,"15, CRIOLLA (AVENUE DE L",,,Plein jour,En agglomération,Hors intersection,Normale,Deux véhicules - côté,,,,,,,,,,,1,2,1,1.0,3
201200043535,0012-10-23 17:15:00,12,10,23,17,15,920,73,"56, ROOSVELT (AVENUE FRA",,,Plein jour,En agglomération,Hors intersection,Normale,Sans collision,,,,,,,,,,,1,2,1,1.0,7
201200043536,0012-10-25 11:25:00,12,10,25,11,25,920,73,"47, DE LATTRE DE TASSIGN",,,Plein jour,En agglomération,Intersection en X,Normale,Deux véhicules - côté,,,,,,,,,,,1,2,2,1.0,3
201200043537,0012-10-26 07:00:00,12,10,26,7,0,920,73,"22, GALLIENI (QUAI).",,,Nuit avec éclairage allumé,En agglomération,Intersection en X,Normale,Deux véhicules - arrière,,,,,,,,,,,5,2,2,1.0,2
201200043538,0012-11-03 01:00:00,12,11,3,1,0,920,73,"15, MONT VALERIEN (RUE D",,,Nuit avec éclairage allumé,En agglomération,Intersection en X,Autre,Deux véhicules - côté,,,,,,,,,,,5,2,2,9.0,3
201200043539,0012-11-13 08:25:00,12,11,13,8,25,920,73,"17, SELLIER (BOULEVARD H",,,Plein jour,En agglomération,Hors intersection,Pluie légère,Autre collision,,,,,,,,,,,1,2,1,2.0,6
201200043540,0012-12-02 17:55:00,12,12,2,17,55,920,73,"01, CARNOT (RUE)",,,Plein jour,En agglomération,Intersection en X,Normale,Sans collision,,,,,,,,,,,1,2,2,1.0,7
201200043541,0012-12-03 07:20:00,12,12,3,7,20,920,73,"64, SELLIER (BOULEVARD H",,,Nuit avec éclairage allumé,En agglomération,Hors intersection,Pluie légère,Autre collision,,,,,,,,,,,5,2,1,2.0,6
201200043542,0012-12-03 13:55:00,12,12,3,13,55,920,73,"16, RATRAIT (RUE DU)",,,Plein jour,En agglomération,Hors intersection,Pluie légère,Autre collision,,,,,,,,,,,1,2,1,2.0,6
201200043543,0012-12-18 00:01:00,12,12,18,0,1,920,73,"5, DASSAULT (QUAI MARCEL",,,Nuit avec éclairage allumé,En agglomération,Hors intersection,Normale,Deux véhicules - côté,,,,,,,,,,,5,2,1,1.0,3
201200043544,0012-12-19 08:10:00,12,12,19,8,10,920,73,"25, GALLIENI (QUAI)",,,Plein jour,En agglomération,Hors intersection,Normale,Deux véhicules - arrière,,,,,,,,,,,1,2,1,1.0,2
201200043545,0012-12-20 13:50:00,12,12,20,13,50,920,73,"9, ROUGET-DE-L'ISLE (RUE",,,Plein jour,En agglomération,Hors intersection,Pluie légère,Deux véhicules - côté,,,,,,,,,,,1,2,1,2.0,3
201200043546,0012-12-22 00:40:00,12,12,22,0,40,920,73,"96, BAS ROGERS (RUE DES)",,,Nuit avec éclairage allumé,En agglomération,Hors intersection,Normale,Autre collision,,,,,,,,,,,5,2,1,1.0,6
201200043547,0012-12-24 16:05:00,12,12,24,16,5,920,73,"1, PEGUY (RUE CHARLES)",,,Plein jour,En agglomération,Hors intersection,Normale,Sans collision,,,,,,,,,,,1,2,1,1.0,7
201200043548,0012-12-25 16:10:00,12,12,25,16,10,920,73,"01, PENN (ALLEE WILLIAM)",,,Plein jour,En agglomération,Autre intersection,Normale,Autre collision,,,,,,,,,,,1,2,9,1.0,6
201200043549,0012-12-29 15:05:00,12,12,29,15,5,920,73,"5, FIZEAU (RUE)",,,Plein jour,En agglomération,Hors intersection,Normale,Autre collision,,,,,,,,,,,1,2,1,1.0,6
201200043550,0012-01-04 13:00:00,12,1,4,13,0,920,75,"47, VICTOR HUGO (AVENUE)",48.82437,3.45699,Plein jour,En agglomération,Intersection en X,Normale,Autre collision,,,,,,,,,,,1,2,2,1.0,6
201200043551,0012-01-06 08:55:00,12,1,6,8,55,920,75,"45, LYCEE (BOULEVARD DU)",,,Plein jour,En agglomération,Intersection en Y,Normale,Autre collision,,,,,,,,,,,1,2,4,1.0,6
201200043552,0012-01-17 23:50:00,12,1,17,23,50,920,75,"33, RAYMOND MARCHERON (R",,,Nuit avec éclairage allumé,En agglomération,Intersection en T,Normale,Autre collision,,,,,,,,,,,5,2,3,1.0,6
201200043553,0012-01-17 17:35:00,12,1,17,17,35,920,46,"79, PIERRE LAROUSSE (AVE",,,Crépuscule ou aube,En agglomération,Hors intersection,Normale,Autre collision,,,,,,,,,,,2,2,1,1.0,6
201200043554,0012-01-19 20:00:00,12,1,19,20,0,920,46,"., GABRIEL PERI",,,Nuit avec éclairage allumé,En agglomération,Intersection en X,Pluie légère,Deux véhicules - côté,,,,,,,,,,,5,2,2,2.0,3
201200043555,0012-01-20 18:10:00,12,1,20,18,10,920,46,"74, PIERRE BROSSOLETTE",,,Nuit avec éclairage allumé,En agglomération,Hors intersection,Pluie légère,Autre collision,,,,,,,,,,,5,2,1,2.0,6
201200043556,0012-01-20 19:35:00,12,1,20,19,35,920,46,"., CHAUVELOT (RUE)",,,Nuit avec éclairage allumé,En agglomération,Intersection en Y,Normale,Autre collision,,,,,,,,,,,5,2,4,1.0,6
201200043557,0012-01-24 07:45:00,12,1,24,7,45,920,75,"05 bis, LARMEROUX (RUE)",,,Nuit avec éclairage allumé,En agglomération,Hors intersection,Normale,Deux véhicules - côté,,,,,,,,,,,5,2,1,1.0,3
201200043558,0012-01-25 08:35:00,12,1,25,8,35,920,46,"06/12, PIERRE BROSSOLETT",,,Plein jour,En agglomération,Hors intersection,Pluie légère,Autre collision,,,,,,,,,,,1,2,1,2.0,6
201200043559,0012-01-25 12:15:00,12,1,25,12,15,920,46,"., Charles de gaulle",,,Plein jour,En agglomération,Intersection en X,Normale,Deux véhicules - côté,,,,,,,,,,,1,2,2,1.0,3
201200043560,0012-02-02 08:20:00,12,2,2,8,20,920,46,BROSSOLETTE / PERI,,,Plein jour,En agglomération,Intersection en X,Normale,Autre collision,,,,,,,,,,,1,2,2,1.0,6
201200043561,0012-02-09 03:30:00,12,2,9,3,30,920,46,STALINGRAD / BARBUSSE,,,Nuit avec éclairage allumé,En agglomération,Giratoire,Autre,Sans collision,,,,,,,,,,,5,2,6,9.0,7
201200043562,0012-02-25 18:35:00,12,2,25,18,35,920,75,R DU MOULIN,,,Nuit avec éclairage allumé,En agglomération,Hors intersection,Pluie légère,Deux véhicules - frontale,,,,,,,,,,,5,2,1,2.0,1
201200043563,0012-02-26 19:20:00,12,2,26,19,20,920,46,FABIEN / GARMANTS,,,Nuit avec éclairage allumé,En agglomération,Intersection en X,Normale,Deux véhicules - côté,,,,,,,,,,,5,2,2,1.0,3
201200043564,0012-02-29 07:10:00,12,2,29,7,10,920,46,BROSSOLETTE / DUMONT,,,Crépuscule ou aube,En agglomération,Intersection en X,Normale,Deux véhicules - côté,,,,,,,,,,,2,2,2,1.0,3
201200043565,0012-03-05 14:30:00,12,3,5,14,30,920,46,"64, PIERRE BROSSOLETTE",,,Plein jour,En agglomération,Hors intersection,Autre,Deux véhicules - côté,,,,,,,,,,,1,2,1,9.0,3
201200043566,0012-03-15 00:15:00,12,3,15,0,15,920,46,".., Paul vaillant coutur",,,Nuit avec éclairage allumé,En agglomération,Intersection en X,Normale,Deux véhicules - côté,,,,,,,,,,,5,2,2,1.0,3
201200043567,0012-03-19 20:30:00,12,3,19,20,30,920,75,"26/32, JEAN BLEUZEN (RUE",,,Nuit avec éclairage allumé,En agglomération,Hors intersection,Normale,Autre collision,,,,,,,,,,,5,2,1,1.0,6
201200043568,0012-03-22 15:45:00,12,3,22,15,45,920,75,"24, Antoine Fratacci",,,Plein jour,En agglomération,Hors intersection,Normale,Deux véhicules - côté,,,,,,,,,,,1,2,1,1.0,3
201200043569,0012-03-24 19:25:00,12,3,24,19,25,920,46,"41, GABRIEL CRIE (RUE)",,,Nuit avec éclairage allumé,En agglomération,Hors intersection,Normale,Autre collision,,,,,,,,,,,5,2,1,1.0,6
201200043570,0012-03-30 17:40:00,12,3,30,17,40,920,46,"173, GABRIEL PERI",,,Plein jour,En agglomération,Hors intersection,Normale,Autre collision,,,,,,,,,,,1,2,1,1.0,6
201200043571,0012-04-11 15:35:00,12,4,11,15,35,920,46,"210, PIERRE BROSSOLETTE",,,Plein jour,En agglomération,Hors intersection,Normale,Trois véhicules et plus - collisions multiples,,,,,,,,,,,1,2,1,1.0,5
201200043572,0012-04-13 16:50:00,12,4,13,16,50,920,75,"..., RAYMOND MARCHERON (",,,Plein jour,En agglomération,Intersection en X,Normale,Autre collision,,,,,,,,,,,1,2,2,1.0,6
201200043573,0012-04-14 00:40:00,12,4,14,0,40,920,46,"., PIERRE LAROUSSE (AVEN",,,Nuit avec éclairage allumé,En agglomération,Intersection en T,Normale,Deux véhicules - côté,,,,,,,,,,,5,2,3,1.0,3
201200043574,0012-05-03 08:30:00,12,5,3,8,30,920,75,"10, R JEAN BLEUZEN",,,Plein jour,En agglomération,Hors intersection,Normale,Autre collision,,,,,,,,,,,1,2,1,1.0,6
201200043575,0012-05-04 19:35:00,12,5,4,19,35,920,75,BD DU LYCEE,,,Plein jour,En agglomération,Intersection en X,Vent fort / tempête,Autre collision,,,,,,,,,,,1,2,2,6.0,6
201200043576,0012-05-09 20:55:00,12,5,9,20,55,920,75,R RAYMOND MARCHERON,,,Crépuscule ou aube,En agglomération,Intersection en X,Normale,Autre collision,,,,,,,,,,,2,2,2,1.0,6
201200043577,0012-05-16 09:15:00,12,5,16,9,15,920,46,"140, PIERRE BROSSOLETTE",,,Plein jour,En agglomération,Hors intersection,Normale,Autre collision,,,,,,,,,,,1,2,1,1.0,6
201200043578,0012-05-15 17:25:00,12,5,15,17,25,920,46,".., GABRIEL PERI",,,Plein jour,En agglomération,Intersection en X,Pluie légère,Autre collision,,,,,,,,,,,1,2,2,2.0,6
201200043579,0012-05-18 18:40:00,12,5,18,18,40,920,46,"164, PIERRE BROSSOLETTE",,,Plein jour,En agglomération,Hors intersection,Normale,Deux véhicules - côté,,,,,,,,,,,1,2,1,1.0,3
201200043580,0012-05-21 15:00:00,12,5,21,15,0,920,46,"41, AV PIERRE LAROUSSE",,,Plein jour,En agglomération,Hors intersection,Pluie forte,Autre collision,,,,,,,,,,,1,2,1,3.0,6
201200043581,0012-05-27 19:50:00,12,5,27,19,50,920,46,R SALVADOR ALLENDE,,,Plein jour,En agglomération,Hors intersection,Normale,Autre collision,,,,,,,,,,,1,2,1,1.0,6
201200043582,0012-05-28 04:10:00,12,5,28,4,10,920,46,"126, PIERRE BROSSOLETTE",,,Nuit avec éclairage allumé,En agglomération,Hors intersection,Normale,Autre collision,,,,,,,,,,,5,2,1,1.0,6