accident_id,datetime,annee,mois,jour,heure,minute,departement,commune_insee,adresse,latitude,longitude,luminosite,agglomeration,intersection,meteo,collision,nb_vehicules,nb_usagers,nb_indemnes,nb_tues,nb_blesses_hosp,nb_blesses_legers,age_cond_1,age_cond_2,veh_type_cond_1,veh_type_cond_2,lum_code,agg_code,int_code,atm_code,col_code
201200043583,0012-06-03 11:35:00,12,6,3,11,35,920,46,"., PIERRE BROSSOLETTE",,,Plein jour,En agglomération,Intersection en X,Normale,Autre collision,,,,,,,,,,,1,2,2,1.0,6
201200043584,0012-05-31 16:35:00,12,5,31,16,35,920,46,R GAMBETTA,,,Plein jour,En agglomération,Intersection en X,Temps éblouissant,Autre collision,,,,,,,,,,,1,2,2,7.0,6
201200043585,0012-06-14 13:35:00,12,6,14,13,35,920,75,"., JEAN JAURES (RUE)",,,Plein jour,En agglomération,Giratoire,Normale,Autre collision,,,,,,,,,,,1,2,6,1.0,6
201200043586,0012-06-13 18:25:00,12,6,13,18,25,920,75,".., JEAN BLEUZEN",,,Plein jour,En agglomération,Intersection en X,Pluie forte,Sans collision,,,,,,,,,,,1,2,2,3.0,7
201200043587,0012-06-21 14:10:00,12,6,21,14,10,920,46,"., HENRI BARBUSSE (BOULE",,,Plein jour,En agglomération,Intersection en T,Normale,Deux véhicules - côté,,,,,,,,,,,1,2,3,1.0,3
201200043588,0012-06-28 19:50:00,12,6,28,19,50,920,46,".., HENRI BARBUSSE (BOUL",,,Plein jour,En agglomération,Giratoire,Normale,Deux véhicules - arrière,,,,,,,,,,,1,2,6,1.0,2
201200043589,0012-07-01 11:55:00,12,7,1,11,55,920,75,"108, JEAN BLEUZEN (RUE)",,,Plein jour,En agglomération,Hors intersection,Normale,Deux véhicules - côté,,,,,,,,,,,1,2,1,1.0,3
201200043590,0012-06-29 18:30:00,12,6,29,18,30,920,46,"33, ALEXIS MARTIN",,,Plein jour,En agglomération,Hors intersection,Normale,Deux véhicules - côté,,,,,,,,,,,1,2,1,1.0,3
201200043591,0012-07-02 16:40:00,12,7,2,16,40,920,75,"33, Antoine Fratacci",,,Plein jour,En agglomération,Hors intersection,Normale,Sans collision,,,,,,,,,,,1,2,1,1.0,7
201200043592,0012-07-12 07:45:00,12,7,12,7,45,920,46,"., DOUZE FEVRIER 1934 (A",,,Plein jour,En agglomération,Intersection en X,Normale,Deux véhicules - arrière,,,,,,,,,,,1,2,2,1.0,2
201200043593,0012-07-13 18:00:00,12,7,13,18,0,920,75,"87, JEAN BLEUZEN (RUE)",,,Crépuscule ou aube,En agglomération,Hors intersection,Pluie légère,Autre collision,,,,,,,,,,,2,2,1,2.0,6
201200043594,0012-07-13 10:20:00,12,7,13,10,20,920,46,"., DOUZE FEVRIER 1934 (A",,,Plein jour,En agglomération,Intersection en X,Normale,Deux véhicules - côté,,,,,,,,,,,1,2,2,1.0,3
201200043595,0012-09-09 09:15:00,12,9,9,9,15,920,46,"28, DE STALINGRAD",,,Plein jour,En agglomération,Hors intersection,Normale,Deux véhicules - côté,,,,,,,,,,,1,2,1,1.0,3
201200043596,0012-09-13 17:30:00,12,9,13,17,30,920,46,"., GABRIEL PERI (BOULEVA",,,Plein jour,En agglomération,Intersection en X,Normale,Deux véhicules - côté,,,,,,,,,,,1,2,2,1.0,3
201200043597,0012-09-14 23:40:00,12,9,14,23,40,920,75,"., ERNEST LAVAL (RUE)",,,Nuit avec éclairage allumé,En agglomération,Giratoire,Normale,Autre collision,,,,,,,,,,,5,2,6,1.0,6
201200043598,0012-09-24 09:05:00,12,9,24,9,5,920,75,"38, RAYMOND MARCHERON (R",,,Plein jour,En agglomération,Hors intersection,Pluie légère,Sans collision,,,,,,,,,,,1,2,1,2.0,7
201200043599,0012-09-24 12:15:00,12,9,24,12,15,920,46,"., GABRIEL PERI",,,Plein jour,En agglomération,Intersection en T,Pluie légère,Deux véhicules - arrière,,,,,,,,,,,1,2,3,2.0,2
201200043600,0012-09-28 19:40:00,12,9,28,19,40,920,46,"., CHAUVELOT (RUE)",,,Nuit avec éclairage allumé,En agglomération,Intersection en X,Normale,Deux véhicules - côté,,,,,,,,,,,5,2,2,1.0,3
201200043601,0012-09-29 14:30:00,12,9,29,14,30,920,75,"., LYCEE (BOULEVARD DU)",,,Plein jour,En agglomération,Intersection en Y,Normale,Deux véhicules - côté,,,,,,,,,,,1,2,4,1.0,3
201200043602,0012-10-04 12:00:00,12,10,4,12,0,920,75,"., LATTRE DE TASSIGNY (P",,,Plein jour,En agglomération,Place,Normale,Autre collision,,,,,,,,,,,1,2,7,1.0,6
201200043603,0012-10-08 09:15:00,12,10,8,9,15,920,75,"2, Antoine Fratacci",,,Plein jour,En agglomération,Hors intersection,Pluie légère,Autre collision,,,,,,,,,,,1,2,1,2.0,6
201200043604,0012-10-08 16:20:00,12,10,8,16,20,920,75,"., DE L'INSURRECTION",,,Plein jour,En agglomération,Giratoire,Normale,Deux véhicules - arrière,,,,,,,,,,,1,2,6,1.0,2
201200043605,0012-10-10 12:50:00,12,10,10,12,50,920,46,"76, CAMELINAT",,,Plein jour,En agglomération,Intersection en Y,Pluie légère,Autre collision,,,,,,,,,,,1,2,4,2.0,6
201200043606,0012-10-16 10:15:00,12,10,16,10,15,920,75,"40, RAYMOND MARCHERON (R",,,Plein jour,En agglomération,Hors intersection,Normale,Sans collision,,,,,,,,,,,1,2,1,1.0,7
201200043607,0012-10-18 07:45:00,12,10,18,7,45,920,75,"., MARCEL MARTINIE (AVEN",,,Nuit avec éclairage allumé,En agglomération,Intersection en X,Normale,Deux véhicules - côté,,,,,,,,,,,5,2,2,1.0,3
201200043608,0012-10-24 10:16:00,12,10,24,10,16,920,75,"05, LYCEE (BOULEVARD DU)",,,Plein jour,En agglomération,Hors intersection,Normale,Autre collision,,,,,,,,,,,1,2,1,1.0,6
201200043609,0012-10-24 14:35:00,12,10,24,14,35,920,46,"., AUGUSTIN DUMONT",,,Plein jour,En agglomération,Intersection en T,Normale,Deux véhicules - côté,,,,,,,,,,,1,2,3,1.0,3
201200043610,0012-10-25 10:05:00,12,10,25,10,5,920,46,"15, GABRIEL PERI",,,Plein jour,En agglomération,Hors intersection,Normale,Autre collision,,,,,,,,,,,1,2,1,1.0,6
201200043611,0012-10-26 09:30:00,12,10,26,9,30,920,46,"10, Avenue Pierre Larous",,,Plein jour,En agglomération,Hors intersection,Temps couvert,Deux véhicules - frontale,,,,,,,,,,,1,2,1,8.0,1
201200043612,0012-10-29 06:50:00,12,10,29,6,50,920,75,"3, LYCEE (BOULEVARD DU)",,,Nuit avec éclairage allumé,En agglomération,Intersection à plus de 4 branches,Normale,Autre collision,,,,,,,,,,,5,2,5,1.0,6
201200043613,0012-11-01 11:10:00,12,11,1,11,10,920,46,"226, PIERRE BROSSOLETTE",,,Plein jour,En agglomération,Hors intersection,Normale,Sans collision,,,,,,,,,,,1,2,1,1.0,7
201200043614,0012-11-02 20:25:00,12,11,2,20,25,920,46,"06/12, PIERRE BROSSOLETT",,,Nuit avec éclairage allumé,En agglomération,Hors intersection,Pluie légère,Autre collision,,,,,,,,,,,5,2,1,2.0,6
201200043615,0012-11-05 19:10:00,12,11,5,19,10,920,46,"44, AUGUSTIN DUMONT",,,Nuit avec éclairage allumé,En agglomération,Intersection en T,Normale,Deux véhicules - côté,,,,,,,,,,,5,2,3,1.0,3
201200043616,0012-11-13 10:20:00,12,11,13,10,20,920,46,"., PAUL BERT (RUE)",,,Plein jour,En agglomération,Intersection en T,Pluie légère,Sans collision,,,,,,,,,,,1,2,3,2.0,7
201200043617,0012-11-18 19:00:00,12,11,18,19,0,920,75,"49, LYCEE (BOULEVARD DU)",,,Nuit avec éclairage allumé,En agglomération,Hors intersection,Normale,Trois véhicules et plus - en chaîne,,,,,,,,,,,5,2,1,1.0,4
201200043618,0012-11-22 09:35:00,12,11,22,9,35,920,46,"., Charles de gaulle",,,Plein jour,En agglomération,Intersection en T,Normale,Deux véhicules - côté,,,,,,,,,,,1,2,3,1.0,3
201200043619,0012-12-04 08:00:00,12,12,4,8,0,920,46,"., PIERRE LAROUSSE (AVEN",,,Crépuscule ou aube,En agglomération,Intersection en X,Pluie forte,Autre collision,,,,,,,,,,,2,2,2,3.0,6
201200043620,0012-12-10 12:25:00,12,12,10,12,25,920,75,"36, PASTEUR (AVENUE)",,,Plein jour,En agglomération,Hors intersection,Normale,Autre collision,,,,,,,,,,,1,2,1,1.0,6
201200043621,0012-12-12 10:05:00,12,12,12,10,5,920,75,"14, ERNEST LAVAL (RUE)",,,Plein jour,En agglomération,Hors intersection,Normale,Sans collision,,,,,,,,,,,1,2,1,1.0,7
201200043622,0012-12-20 14:00:00,12,12,20,14,0,920,46,"., PAUL BERT (RUE)",,,Plein jour,En agglomération,Hors intersection,Pluie légère,Autre collision,,,,,,,,,,,1,2,1,2.0,6
201200043623,0012-01-19 12:30:00,12,1,19,12,30,920,78,"28, GEORGES POMPIDOU (AV",,,Plein jour,En agglomération,Hors intersection,Normale,Deux véhicules - frontale,,,,,,,,,,,1,2,1,1.0,1
201200043624,0012-02-07 23:35:00,12,2,7,23,35,920,78,"65, BD GALLIENI",,,Nuit avec éclairage allumé,En agglomération,Hors intersection,Neige / grêle,Sans collision,,,,,,,,,,,5,2,1,4.0,7
201200043625,0012-02-09 19:40:00,12,2,9,19,40,920,78,QU DU MOULIN DE CAGE,,,Nuit avec éclairage allumé,En agglomération,Hors intersection,Normale,Deux véhicules - côté,,,,,,,,,,,5,2,1,1.0,3
201200043626,0012-02-21 10:30:00,12,2,21,10,30,920,78,BD GALLIENI,,,Plein jour,En agglomération,Hors intersection,Normale,Deux véhicules - arrière,,,,,,,,,,,1,2,1,1.0,2
201200043627,0012-03-10 16:00:00,12,3,10,16,0,920,78,VERDUN (AVENUE) (PAIRS 9,,,Plein jour,En agglomération,Intersection en X,Normale,Deux véhicules - côté,,,,,,,,,,,1,2,2,1.0,3
201200043628,0012-03-17 18:50:00,12,3,17,18,50,920,78,"0, MOULIN CAGE (QUAI)",,,Nuit avec éclairage allumé,En agglomération,Hors intersection,Pluie forte,Sans collision,,,,,,,,,,,5,2,1,3.0,7
201200043629,0012-04-04 12:00:00,12,4,4,12,0,920,78,"0, MOULIN CAGE (QUAI)",,,Plein jour,En agglomération,Hors intersection,Normale,Deux véhicules - côté,,,,,,,,,,,1,2,1,1.0,3
201200043630,0012-04-04 22:35:00,12,4,4,22,35,920,78,GALLIENI (BD) (1 A 79 ET,,,Nuit sans éclairage public,En agglomération,Intersection en X,Normale,Deux véhicules - côté,,,,,,,,,,,3,2,2,1.0,3
201200043631,0012-04-12 13:25:00,12,4,12,13,25,920,78,"0, PAIX (AVENUE)",,,Plein jour,En agglomération,Hors intersection,Normale,Sans collision,,,,,,,,,,,1,2,1,1.0,7
201200043632,0012-04-27 12:25:00,12,4,27,12,25,920,78,"0, MOULIN CAGE (QUAI)",,,Plein jour,En agglomération,Hors intersection,Normale,Trois véhicules et plus - collisions multiples,,,,,,,,,,,1,2,1,1.0,5
201200043633,0012-04-27 14:50:00,12,4,27,14,50,920,78,CHARLES DE GAULLE (BD)(7,,,Plein jour,En agglomération,Hors intersection,Normale,Deux véhicules - arrière,,,,,,,,,,,1,2,1,1.0,2
201200043634,0012-04-29 21:00:00,12,4,29,21,0,920,78,"0, GALLIENI (BD) (1 A 79",,,Nuit avec éclairage allumé,En agglomération,Intersection en X,Normale,Autre collision,,,,,,,,,,,5,2,2,1.0,6
201200043635,0012-05-16 10:20:00,12,5,16,10,20,920,78,MARECHAL LECLERC (AVENUE,,,Plein jour,En agglomération,Intersection en T,Normale,Sans collision,,,,,,,,,,,1,2,3,1.0,7
201200043636,0012-05-31 11:10:00,12,5,31,11,10,920,78,VERDUN (AVENUE) (IMPAIRS,,,Plein jour,En agglomération,Intersection en X,Normale,Deux véhicules - côté,,,,,,,,,,,1,2,2,1.0,3
201200043637,0012-06-07 13:55:00,12,6,7,13,55,920,78,"0, CHARLES DE GAULLE (PL",,,Plein jour,En agglomération,Hors intersection,Pluie légère,Deux véhicules - arrière,,,,,,,,,,,1,2,1,2.0,2
201200043638,0012-06-15 07:55:00,12,6,15,7,55,920,78,"03, HAUT DE LA NOUE (RUE",,,Plein jour,En agglomération,Hors intersection,Pluie légère,Autre collision,,,,,,,,,,,1,2,1,2.0,6
201200043639,0012-06-18 15:15:00,12,6,18,15,15,920,78,GALLIENI (BD) (1 A 79 ET,,,Plein jour,En agglomération,Hors intersection,Normale,Sans collision,,,,,,,,,,,1,2,1,1.0,7
201200043640,0012-07-04 10:40:00,12,7,4,10,40,920,78,"0, 8 MAI 1945 (RUE)",,,Plein jour,En agglomération,Hors intersection,Normale,Sans collision,,,,,,,,,,,1,2,1,1.0,7
201200043641,0012-08-02 09:10:00,12,8,2,9,10,920,78,CHARLES DE GAULLE (BD) (,,,Plein jour,En agglomération,Hors intersection,Normale,Autre collision,,,,,,,,,,,1,2,1,1.0,6
201200043642,0012-08-08 20:30:00,12,8,8,20,30,920,78,"89, CHARLES DE GAULLE (B",,,Nuit avec éclairage allumé,En agglomération,Hors intersection,Normale,Deux véhicules - frontale,,,,,,,,,,,5,2,1,1.0,1
201200043643,0012-08-17 14:30:00,12,8,17,14,30,920,78,GALLIENI (BD) (1 A 79 ET,,,Plein jour,En agglomération,Intersection en T,Normale,Deux véhicules - côté,,,,,,,,,,,1,2,3,1.0,3
201200043644,0012-08-22 17:25:00,12,8,22,17,25,920,78,"0, VERDUN (AVENUE) (IMPA",,,Plein jour,En agglomération,Autre intersection,Normale,Deux véhicules - arrière,,,,,,,,,,,1,2,9,1.0,2
201200043645,0012-08-23 09:55:00,12,8,23,9,55,920,78,"35, ASNIERES (QUAI)",,,Plein jour,En agglomération,Hors intersection,Normale,Deux véhicules - côté,,,,,,,,,,,1,2,1,1.0,3
201200043646,0012-08-23 21:30:00,12,8,23,21,30,920,78,"15, JEAN JAURES (RUE) (N",,,Nuit avec éclairage allumé,En agglomération,Hors intersection,Normale,Sans collision,,,,,,,,,,,5,2,1,1.0,7
201200043647,0012-09-12 22:34:00,12,9,12,22,34,920,78,GALLIENI (BD) (1 A 79 ET,,,Nuit avec éclairage allumé,En agglomération,Autre intersection,Normale,Deux véhicules - côté,,,,,,,,,,,5,2,9,1.0,3
201200043648,0012-09-22 10:30:00,12,9,22,10,30,920,78,"5, DUPONT DU CHAMBON (RU",,,Plein jour,En agglomération,Hors intersection,Normale,Autre collision,,,,,,,,,,,1,2,1,1.0,6
201200043649,0012-10-04 08:25:00,12,10,4,8,25,920,78,"0, CHARLES DE GAULLE -BD",,,Plein jour,En agglomération,Intersection en X,Pluie forte,Deux véhicules - côté,,,,,,,,,,,1,2,2,3.0,3
201200043650,0012-10-05 12:15:00,12,10,5,12,15,920,78,"270, CHARLES DE GAULLE (",,,Plein jour,En agglomération,Hors intersection,Normale,Deux véhicules - arrière,,,,,,,,,,,1,2,1,1.0,2
201200043651,0012-10-10 12:30:00,12,10,10,12,30,920,78,"0, CHARLES DE GAULLE (BD",,,Plein jour,En agglomération,Intersection en X,Normale,Autre collision,,,,,,,,,,,1,2,2,1.0,6
201200043652,0012-10-26 01:50:00,12,10,26,1,50,920,78,"203, ASNIERES (QUAI)",,,Nuit avec éclairage allumé,En agglomération,Hors intersection,Normale,Sans collision,,,,,,,,,,,5,2,1,1.0,7
201200043653,0012-11-05 16:00:00,12,11,5,16,0,920,78,"N?ant, VERDUN (AVENUE) (",,,Plein jour,En agglomération,Hors intersection,Pluie légère,Deux véhicules - côté,,,,,,,,,,,1,2,1,2.0,3
201200043654,0012-11-09 17:50:00,12,11,9,17,50,920,78,"4, DUPONT DU CHAMBON (RU",,,Crépuscule ou aube,En agglomération,Hors intersection,Pluie légère,Autre collision,,,,,,,,,,,2,2,1,2.0,6
201200043655,0012-12-10 07:05:00,12,12,10,7,5,920,78,VERDUN (AVENUE) (IMPAIRS,,,Crépuscule ou aube,En agglomération,Intersection en X,Normale,Deux véhicules - côté,,,,,,,,,,,2,2,2,1.0,3
201200043656,0012-12-14 12:45:00,12,12,14,12,45,920,78,"n?ant, GALLIENI (BD) (10",,,Plein jour,En agglomération,Hors intersection,Pluie légère,Deux véhicules - côté,,,,,,,,,,,1,2,1,2.0,3
201200043657,0012-01-09 02:05:00,12,1,9,2,5,920,62,"1, Rue F?lix EBOUE",,,Nuit avec éclairage non allumé,En agglomération,Hors intersection,Normale,Sans collision,,,,,,,,,,,4,2,1,1.0,7
201200043658,0012-01-10 10:30:00,12,1,10,10,30,920,62,BOULEVARD CIRCULAIRE,,,Plein jour,En agglomération,Hors intersection,Normale,Sans collision,,,,,,,,,,,1,2,1,1.0,7
201200043659,0012-01-17 15:30:00,12,1,17,15,30,920,62,BOULEVARD CIRCULAIRE,,,Plein jour,En agglomération,Hors intersection,Normale,Deux véhicules - arrière,,,,,,,,,,,1,2,1,1.0,2
201200043660,0012-02-12 20:20:00,12,2,12,20,20,920,26,GAMBETTA / CIRCULAIRE,,,Plein jour,Hors agglomération,Intersection en X,Normale,Deux véhicules - côté,,,,,,,,,,,1,1,2,1.0,3
201200043661,0012-02-17 20:45:00,12,2,17,20,45,920,62,RPT DE LA DEFENSE,,,Nuit avec éclairage allumé,En agglomération,Intersection en T,Normale,Deux véhicules - côté,,,,,,,,,,,5,2,3,1.0,3
201200043662,0012-02-23 09:15:00,12,2,23,9,15,920,26,BD CIRCULAIRE,,,Plein jour,En agglomération,Hors intersection,Normale,Trois véhicules et plus - collisions multiples,,,,,,,,,,,1,2,1,1.0,5
201200043663,0012-03-07 18:00:00,12,3,7,18,0,920,62,"1, CARPEAUX (PLACE)",,,Plein jour,En agglomération,Hors intersection,Pluie légère,Trois véhicules et plus - collisions multiples,,,,,,,,,,,1,2,1,2.0,5
201200043664,0012-03-13 09:20:00,12,3,13,9,20,920,26,BOULEVARD CIRCULAIRE,,,Plein jour,En agglomération,Autre intersection,Normale,Trois véhicules et plus - en chaîne,,,,,,,,,,,1,2,9,1.0,4
201200043665,0012-05-15 19:30:00,12,5,15,19,30,920,62,BOULEVARD CIRCULAIRE,,,Plein jour,En agglomération,Hors intersection,Pluie légère,Deux véhicules - arrière,,,,,,,,,,,1,2,1,2.0,2
201200043666,0012-03-22 23:10:00,12,3,22,23,10,920,26,BOULEVARD CIRCULAIRE,,,Nuit avec éclairage allumé,En agglomération,Intersection en T,Normale,Deux véhicules - côté,,,,,,,,,,,5,2,3,1.0,3
201200043667,0012-04-17 17:55:00,12,4,17,17,55,920,62,"1, Rue F?lix EBOUE",,,Plein jour,En agglomération,Hors intersection,Pluie légère,Deux véhicules - côté,,,,,,,,,,,1,2,1,2.0,3
201200043668,0012-04-01 06:40:00,12,4,1,6,40,920,62,"1, GENERAL DE GAULLE (AV",,,Crépuscule ou aube,En agglomération,Hors intersection,Normale,Autre collision,,,,,,,,,,,2,2,1,1.0,6
201200043669,0012-04-03 19:00:00,12,4,3,19,0,920,62,BOULEVARD CIRCULAIRE,,,Plein jour,En agglomération,Hors intersection,Normale,Trois véhicules et plus - en chaîne,,,,,,,,,,,1,2,1,1.0,4
201200043670,0012-04-09 22:00:00,12,4,9,22,0,920,62,", GENERAL DE GAULLE (AVE",,,Nuit avec éclairage allumé,En agglomération,Hors intersection,Pluie légère,Sans collision,,,,,,,,,,,5,2,1,2.0,7
201200043671,0012-04-14 12:15:00,12,4,14,12,15,920,62,"1, BOULEVARD PIERRE GAUD",,,Plein jour,En agglomération,Hors intersection,Normale,Sans collision,,,,,,,,,,,1,2,1,1.0,7
201200043672,0012-04-24 00:10:00,12,4,24,0,10,920,26,"1, BOULEVARD CIRCULAIRE",,,Nuit avec éclairage allumé,En agglomération,Intersection en T,Pluie légère,Deux véhicules - côté,,,,,,,,,,,5,2,3,2.0,3
201200043673,0012-05-09 13:10:00,12,5,9,13,10,920,26,"1, BUREAU VERITAS",,,Plein jour,En agglomération,Hors intersection,Normale,Deux véhicules - arrière,,,,,,,,,,,1,2,1,1.0,2
201200043674,0012-05-18 20:50:00,12,5,18,20,50,920,26,"1, DIVISION LECLERC (AVE",,,Crépuscule ou aube,En agglomération,Hors intersection,Normale,Trois véhicules et plus - collisions multiples,,,,,,,,,,,2,2,1,1.0,5
201200043675,0012-05-24 12:30:00,12,5,24,12,30,920,62,"1, RUE JACQUES VILLON",,,Plein jour,Hors agglomération,Hors intersection,Normale,Autre collision,,,,,,,,,,,1,1,1,1.0,6
201200043676,0012-06-09 08:20:00,12,6,9,8,20,920,26,"1, BOULEVARD CIRCULAIRE",,,Crépuscule ou aube,En agglomération,Hors intersection,Normale,Autre collision,,,,,,,,,,,2,2,1,1.0,6
201200043677,0012-06-21 18:35:00,12,6,21,18,35,920,62,BOULEVARD CIRCULAIRE,,,Plein jour,En agglomération,Hors intersection,Normale,Deux véhicules - arrière,,,,,,,,,,,1,2,1,1.0,2
201200043678,0012-06-25 16:20:00,12,6,25,16,20,920,26,"1, DIVISION LECLERC (AVE",,,Plein jour,En agglomération,Hors intersection,Normale,Autre collision,,,,,,,,,,,1,2,1,1.0,6
201200043679,0012-06-25 18:15:00,12,6,25,18,15,920,26,"20, ANDRE PROTHIN (AVENU",,,Plein jour,En agglomération,Hors intersection,Normale,Autre collision,,,,,,,,,,,1,2,1,1.0,6
201200043680,0012-07-09 14:25:00,12,7,9,14,25,920,26,BOULEVARD CIRCULAIRE,,,Plein jour,En agglomération,Autre intersection,Normale,Deux véhicules - côté,,,,,,,,,,,1,2,9,1.0,3
201200043681,0012-07-20 13:35:00,12,7,20,13,35,920,62,BOULEVARD CIRCULAIRE,,,Plein jour,En agglomération,Hors intersection,Normale,Sans collision,,,,,,,,,,,1,2,1,1.0,7
201200043682,0012-08-03 12:25:00,12,8,3,12,25,920,50,RN 314,,,Plein jour,En agglomération,Hors intersection,Normale,Sans collision,,,,,,,,,,,1,2,1,1.0,7
201200043683,0012-08-25 16:40:00,12,8,25,16,40,920,26,BOULEVARD CIRCULAIRE,,,Plein jour,En agglomération,Intersection en X,Normale,Deux véhicules - côté,,,,,,,,,,,1,2,2,1.0,3
201200043684,0012-08-25 19:40:00,12,8,25,19,40,920,62,BOULEVARD CIRCULAIRE,,,Plein jour,En agglomération,Hors intersection,Normale,Sans collision,,,,,,,,,,,1,2,1,1.0,7
201200043685,0012-09-07 17:30:00,12,9,7,17,30,920,26,BOULEVARD CIRCULAIRE,,,Plein jour,En agglomération,Hors intersection,Normale,Autre collision,,,,,,,,,,,1,2,1,1.0,6
201200043686,0012-09-11 16:40:00,12,9,11,16,40,920,26,BOULEVARD CIRCULAIRE,,,Plein jour,En agglomération,Hors intersection,Pluie légère,Sans collision,,,,,,,,,,,1,2,1,2.0,7
201200043687,0012-09-25 02:10:00,12,9,25,2,10,920,62,BOULEVARD CIRCULAIRE,,,Nuit avec éclairage allumé,En agglomération,Hors intersection,Normale,Autre collision,,,,,,,,,,,5,2,1,1.0,6
201200043688,0012-10-11 18:25:00,12,10,11,18,25,920,62,BOULEVARD CIRCULAIRE,,,Crépuscule ou aube,En agglomération,Hors intersection,Pluie légère,Autre collision,,,,,,,,,,,2,2,1,2.0,6
201200043689,0012-10-19 22:30:00,12,10,19,22,30,920,26,BOULEVARD CIRCULAIRE,,,Nuit avec éclairage allumé,En agglomération,Hors intersection,Normale,Autre collision,,,,,,,,,,,5,2,1,1.0,6
201200043690,0012-10-20 07:55:00,12,10,20,7,55,920,26,"1, RUE MICHEL ANGE",,,Crépuscule ou aube,En agglomération,Hors intersection,Normale,Autre collision,,,,,,,,,,,2,2,1,1.0,6
201200043691,0012-10-24 00:35:00,12,10,24,0,35,920,62,Rue F?lix EBOUE,,,Nuit sans éclairage public,En agglomération,Hors intersection,Normale,Autre collision,,,,,,,,,,,3,2,1,1.0,6
201200043692,0012-11-01 13:20:00,12,11,1,13,20,920,26,"2, BOULEVARD DE NEUILLY",,,Plein jour,En agglomération,Intersection en Y,Normale,Sans collision,,,,,,,,,,,1,2,4,1.0,7
201200043693,0012-11-04 19:34:00,12,11,4,19,34,920,26,BOULEVARD CIRCULAIRE,,,Nuit avec éclairage allumé,En agglomération,Intersection en T,Normale,Deux véhicules - côté,,,,,,,,,,,5,2,3,1.0,3
201200043694,0012-10-30 05:50:00,12,10,30,5,50,920,62,"77, GENERAL DE GAULLE (E",,,Crépuscule ou aube,En agglomération,Hors intersection,Normale,Sans collision,,,,,,,,,,,2,2,1,1.0,7
201200043695,0012-11-27 05:30:00,12,11,27,5,30,920,26,BOULEVARD CIRCULAIRE,,,Nuit sans éclairage public,En agglomération,Hors intersection,Normale,Sans collision,,,,,,,,,,,3,2,1,1.0,7
201200043696,0012-11-28 17:45:00,12,11,28,17,45,920,26,"09, ANDRE PROTHIN (AVENU",,,Nuit avec éclairage allumé,En agglomération,Intersection en T,Normale,Deux véhicules - côté,,,,,,,,,,,5,2,3,1.0,3
201200043697,0012-12-13 23:30:00,12,12,13,23,30,920,62,"1, Rue F?lix EBOUE",,,Nuit avec éclairage allumé,En agglomération,Hors intersection,Temps couvert,Autre collision,,,,,,,,,,,5,2,1,8.0,6
201200043698,0012-01-05 15:30:00,12,1,5,15,30,930,1,BARBUSSE / ECOLES,,,Plein jour,En agglomération,Intersection en T,Temps couvert,Deux véhicules - côté,,,,,,,,,,,1,2,3,8.0,3
201200043699,0012-01-08 15:40:00,12,1,8,15,40,930,1,"136, R LEOPOLD RECHOSSIE",,,Plein jour,En agglomération,Hors intersection,Normale,Autre collision,,,,,,,,,,,1,2,1,1.0,6
201200043700,0012-01-11 13:10:00,12,1,11,13,10,930,1,"135, AV JEAN JAURES",,,Plein jour,En agglomération,Hors intersection,Normale,Deux véhicules - arrière,,,,,,,,,,,1,2,1,1.0,2
201200043701,0012-01-18 13:30:00,12,1,18,13,30,930,1,MAZOYER / HUGO,,,Plein jour,En agglomération,Intersection en T,Temps couvert,Deux véhicules - côté,,,,,,,,,,,1,2,3,8.0,3
201200043702,0012-01-21 13:10:00,12,1,21,13,10,930,1,"100, AV DE LA REPUBLIQUE",,,Plein jour,En agglomération,Hors intersection,Pluie légère,Autre collision,,,,,,,,,,,1,2,1,2.0,6
201200043703,0012-01-23 12:45:00,12,1,23,12,45,930,1,"115, R DES CITES",,,Plein jour,En agglomération,Hors intersection,Normale,Deux véhicules - arrière,,,,,,,,,,,1,2,1,1.0,2
201200043704,0012-01-24 00:55:00,12,1,24,0,55,930,1,BD FELIX FAURE,,,Nuit avec éclairage allumé,En agglomération,Hors intersection,Pluie légère,Autre collision,,,,,,,,,,,5,2,1,2.0,6
201200043705,0012-01-24 11:40:00,12,1,24,11,40,930,1,AV DE LA REPUBLIQUE,,,Plein jour,En agglomération,Hors intersection,Normale,Autre collision,,,,,,,,,,,1,2,1,1.0,6
201200043706,0012-01-31 16:05:00,12,1,31,16,5,930,1,R DES GARDINOUX,,,Plein jour,En agglomération,Hors intersection,Normale,Deux véhicules - côté,,,,,,,,,,,1,2,1,1.0,3
201200043707,0012-02-04 16:25:00,12,2,4,16,25,930,1,"27 , R DANIELLE CASANOV",48.919,2.39049,Plein jour,En agglomération,Hors intersection,Normale,Autre collision,,,,,,,,,,,1,2,1,1.0,6
201200043708,0012-02-09 16:50:00,12,2,9,16,50,930,1,BARBUSSE / DELALAIN,48.91029,2.39104,Plein jour,En agglomération,Intersection en T,Normale,Autre collision,,,,,,,,,,,1,2,3,1.0,6
201200043709,0012-02-19 00:10:00,12,2,19,0,10,930,1,"13, CDT L'HERMINIER",48.9179,2.38686,Nuit avec éclairage allumé,En agglomération,Hors intersection,Pluie forte,Autre collision,,,,,,,,,,,5,2,1,3.0,6
201200043710,0012-02-21 05:30:00,12,2,21,5,30,930,1,"44, R DANIELLE CASANOVA",48.9186,2.39232,Nuit avec éclairage allumé,En agglomération,Hors intersection,Normale,Deux véhicules - côté,,,,,,,,,,,5,2,1,1.0,3
201200043711,0012-02-21 11:50:00,12,2,21,11,50,930,1,"0, PORT (RUE DU)  (PAIR)",,,Plein jour,En agglomération,Hors intersection,Normale,Deux véhicules - frontale,,,,,,,,,,,1,2,1,1.0,1