accident_id,datetime,annee,mois,jour,heure,minute,departement,commune_insee,adresse,latitude,longitude,luminosite,agglomeration,intersection,meteo,collision,nb_vehicules,nb_usagers,nb_indemnes,nb_tues,nb_blesses_hosp,nb_blesses_legers,age_cond_1,age_cond_2,veh_type_cond_1,veh_type_cond_2,lum_code,agg_code,int_code,atm_code,col_code
201200043712,0012-02-23 16:50:00,12,2,23,16,50,930,1,"113, BD FELIX FAURE",,,Plein jour,En agglomération,Hors intersection,Pluie légère,Sans collision,,,,,,,,,,,1,2,1,2.0,7
201200043713,0012-02-24 12:45:00,12,2,24,12,45,930,1,"213, AV JEAN JAURES",,,Plein jour,En agglomération,Hors intersection,Normale,Autre collision,,,,,,,,,,,1,2,1,1.0,6
201200043714,0012-03-07 16:30:00,12,3,7,16,30,930,1,"50, R DANIELLE CASANOVA",,,Plein jour,En agglomération,Hors intersection,Pluie légère,Deux véhicules - côté,,,,,,,,,,,1,2,1,2.0,3
201200043715,0012-03-09 13:40:00,12,3,9,13,40,930,1,"55, HENRI BARBUSSE (RUE)",48.9063,2.38982,Plein jour,En agglomération,Hors intersection,Normale,Autre collision,,,,,,,,,,,1,2,1,1.0,6
201200043716,0012-03-13 18:35:00,12,3,13,18,35,930,1,"01, REPUBLIQUE (AVE DE L",48.9139,2.38211,Plein jour,En agglomération,Hors intersection,Normale,Deux véhicules - arrière,,,,,,,,,,,1,2,1,1.0,2
201200043717,0012-03-14 20:00:00,12,3,14,20,0,930,1,"156, R DANIELLE CASANOVA",48.9152,2.40135,Nuit avec éclairage allumé,En agglomération,Hors intersection,Normale,Sans collision,,,,,,,,,,,5,2,1,1.0,7
201200043718,0012-03-15 01:10:00,12,3,15,1,10,930,1,"0, COTTIN (PLACE)",,,Nuit avec éclairage non allumé,En agglomération,Giratoire,Normale,Autre collision,,,,,,,,,,,4,2,6,1.0,6
201200043719,0012-03-19 17:45:00,12,3,19,17,45,930,1,"44, R LEOPOLD RECHOSSIER",48.9145,2.38971,Plein jour,En agglomération,Hors intersection,Normale,Autre collision,,,,,,,,,,,1,2,1,1.0,6
201200043720,0012-03-20 11:50:00,12,3,20,11,50,930,1,"57, VICTOR HUGO (AVE)  =",,,Plein jour,Hors agglomération,Hors intersection,Normale,Autre collision,,,,,,,,,,,1,1,1,1.0,6
201200043721,0012-03-10 23:45:00,12,3,10,23,45,930,1,"104, FELIX FAURE (BLD) =",48.9069,2.37988,Nuit avec éclairage allumé,En agglomération,Hors intersection,Normale,Deux véhicules - côté,,,,,,,,,,,5,2,1,1.0,3
201200043722,0012-04-01 19:35:00,12,4,1,19,35,930,1,142 R HENRI BARBUSSE,48.91197,2.39132,Crépuscule ou aube,En agglomération,Hors intersection,Normale,Autre collision,,,,,,,,,,,2,2,1,1.0,6
201200043723,0012-04-05 20:00:00,12,4,5,20,0,930,1,"45, R DES CITES",48.905,2.38705,Plein jour,En agglomération,Hors intersection,Normale,Autre collision,,,,,,,,,,,1,2,1,1.0,6
201200043724,0012-04-07 19:25:00,12,4,7,19,25,930,1,"63, AV DE LA REPUBLIQUE",48.9092,2.38662,Crépuscule ou aube,En agglomération,Hors intersection,Temps couvert,Deux véhicules - côté,,,,,,,,,,,2,2,1,8.0,3
201200043725,0012-04-20 00:40:00,12,4,20,0,40,930,1,"0, FELIX FAURE (BLD)  =>",,,Nuit avec éclairage allumé,En agglomération,Hors intersection,Temps couvert,Trois véhicules et plus - en chaîne,,,,,,,,,,,5,2,1,8.0,4
201200043726,0012-04-25 12:25:00,12,4,25,12,25,930,1,"X, GARE (RUE DE LA )",,,Plein jour,En agglomération,Hors intersection,Pluie légère,Autre collision,,,,,,,,,,,1,2,1,2.0,6
201200043727,0012-04-29 20:30:00,12,4,29,20,30,930,1,"10, REPUBLIQUE (AVE DE L",,,Crépuscule ou aube,En agglomération,Intersection en T,Normale,Deux véhicules - côté,,,,,,,,,,,2,2,3,1.0,3
201200043728,0012-05-07 10:45:00,12,5,7,10,45,930,1,"X, REPUBLIQUE (AVE DE LA",48.9109,2.38505,Plein jour,En agglomération,Intersection en T,Normale,Autre collision,,,,,,,,,,,1,2,3,1.0,6
201200043729,0012-05-09 16:25:00,12,5,9,16,25,930,1,"209, JEAN JAURES  (AVE)",,,Plein jour,En agglomération,Hors intersection,Normale,Trois véhicules et plus - en chaîne,,,,,,,,,,,1,2,1,1.0,4
201200043730,0012-05-10 18:30:00,12,5,10,18,30,930,1,"52, LANDY (RUE DU) 34/29",,,Plein jour,En agglomération,Hors intersection,Normale,Autre collision,,,,,,,,,,,1,2,1,1.0,6
201200043731,0012-05-11 12:45:00,12,5,11,12,45,930,1,"209, JEAN JAURES  (AVE)",,,Plein jour,En agglomération,Hors intersection,Pluie légère,Autre collision,,,,,,,,,,,1,2,1,2.0,6
201200043732,0012-05-14 12:25:00,12,5,14,12,25,930,1,"98, VICTOR HUGO (AVE)  =",,,Plein jour,En agglomération,Hors intersection,Normale,Autre collision,,,,,,,,,,,1,2,1,1.0,6
201200043733,0012-05-14 13:45:00,12,5,14,13,45,930,1,"13, LEOPOLD RECHOSSIERE",48.9145,2.3883,Plein jour,En agglomération,Hors intersection,Normale,Deux véhicules - arrière,,,,,,,,,,,1,2,1,1.0,2
201200043734,0012-05-15 07:00:00,12,5,15,7,0,930,1,"43-45, JEAN JAURES (AVE)",,,Plein jour,En agglomération,Hors intersection,Normale,Deux véhicules - côté,,,,,,,,,,,1,2,1,1.0,3
201200043735,0012-05-15 18:25:00,12,5,15,18,25,930,1,"122, DANIELLE CASANOVA (",48.9159,2.39887,Plein jour,En agglomération,Hors intersection,Normale,Autre collision,,,,,,,,,,,1,2,1,1.0,6
201200043736,0012-05-19 08:20:00,12,5,19,8,20,930,1,"56, HENRI BARBUSSE (RUE)",,,Plein jour,En agglomération,Hors intersection,Normale,Autre collision,,,,,,,,,,,1,2,1,1.0,6
201200043737,0012-05-22 11:50:00,12,5,22,11,50,930,1,"142, REPUBLIQUE (AVE DE",48.90461,2.39158,Plein jour,En agglomération,Hors intersection,Normale,Autre collision,,,,,,,,,,,1,2,1,1.0,6
201200043738,0012-05-22 16:55:00,12,5,22,16,55,930,1,"0, LEOPOLD RECHOSSIERE (",48.915,2.38612,Plein jour,En agglomération,Intersection à plus de 4 branches,Normale,Autre collision,,,,,,,,,,,1,2,5,1.0,6
201200043739,0012-05-23 20:05:00,12,5,23,20,5,930,1,"39, REPUBLIQUE (AVE DE L",48.9109,2.38496,Plein jour,En agglomération,Hors intersection,Normale,Deux véhicules - côté,,,,,,,,,,,1,2,1,1.0,3
201200043740,0012-05-25 15:45:00,12,5,25,15,45,930,1,"118, VICTOR HUGO (AVE)",48.9108,2.37912,Plein jour,En agglomération,Hors intersection,Normale,Deux véhicules - arrière,,,,,,,,,,,1,2,1,1.0,2
201200043741,0012-05-26 00:20:00,12,5,26,0,20,930,1,"25, PONT BLANC.CHARLES T",,,Nuit avec éclairage allumé,En agglomération,Hors intersection,Normale,Autre collision,,,,,,,,,,,5,2,1,1.0,6
201200043742,0012-05-27 12:15:00,12,5,27,12,15,930,1,"207 BIS, JEAN JAURES  (A",,,Plein jour,En agglomération,Hors intersection,Normale,Deux véhicules - côté,,,,,,,,,,,1,2,1,1.0,3
201200043743,0012-05-27 20:25:00,12,5,27,20,25,930,1,"43, REPUBLIQUE (AVE DE L",48.906,2.38974,Plein jour,En agglomération,Intersection en X,Normale,Deux véhicules - côté,,,,,,,,,,,1,2,2,1.0,3
201200043744,0012-06-01 16:30:00,12,6,1,16,30,930,1,"50, VICTOR HUGO (AVE)  =",,,Plein jour,En agglomération,Hors intersection,Normale,Autre collision,,,,,,,,,,,1,2,1,1.0,6
201200043745,0012-06-06 20:20:00,12,6,6,20,20,930,1,"52, REPUBLIQUE (AVE DE L",,,Crépuscule ou aube,En agglomération,Hors intersection,Pluie légère,Autre collision,,,,,,,,,,,2,2,1,2.0,6
201200043746,0012-06-07 06:40:00,12,6,7,6,40,930,1,"151-153, JEAN JAURES  (A",,,Plein jour,En agglomération,Hors intersection,Normale,Autre collision,,,,,,,,,,,1,2,1,1.0,6
201200043747,0012-06-07 19:20:00,12,6,7,19,20,930,1,"98, REPUBLIQUE (AVE DE L",48.9069,2.38884,Plein jour,En agglomération,Hors intersection,Normale,Autre collision,,,,,,,,,,,1,2,1,1.0,6
201200043748,0012-06-12 15:25:00,12,6,12,15,25,930,1,"174, JEAN JAURES (AVE)",,,Plein jour,En agglomération,Hors intersection,Normale,Autre collision,,,,,,,,,,,1,2,1,1.0,6
201200043749,0012-06-15 17:30:00,12,6,15,17,30,930,1,"48, LAUTREAMONT (RUE)",48.9211,2.3996,Plein jour,En agglomération,Hors intersection,Normale,Deux véhicules - frontale,,,,,,,,,,,1,2,1,1.0,1
201200043750,0012-06-18 15:50:00,12,6,18,15,50,930,1,"26, LOPEZ ET JULES MARTI",48.9147,2.39939,Plein jour,En agglomération,Hors intersection,Normale,Autre collision,,,,,,,,,,,1,2,1,1.0,6
201200043751,0012-06-19 08:40:00,12,6,19,8,40,930,1,"17, LUCIEN LEFRANC (QUAI",,,Plein jour,En agglomération,Hors intersection,Normale,Autre collision,,,,,,,,,,,1,2,1,1.0,6
201200043752,0012-06-21 03:50:00,12,6,21,3,50,930,1,"0, SAINT DENIS (RUE DE)",,,Nuit avec éclairage allumé,En agglomération,Intersection en T,Normale,Sans collision,,,,,,,,,,,5,2,3,1.0,7
201200043753,0012-06-22 01:26:00,12,6,22,1,26,930,1,R COMMANDANT L'HERMINIE,,,Nuit avec éclairage allumé,En agglomération,Intersection à plus de 4 branches,Normale,Autre collision,,,,,,,,,,,5,2,5,1.0,6
201200043754,0012-06-22 07:55:00,12,6,22,7,55,930,1,"0, REPUBLIQUE (AVE DE LA",,,Plein jour,En agglomération,Intersection en T,Normale,Autre collision,,,,,,,,,,,1,2,3,1.0,6
201200043755,0012-06-25 16:25:00,12,6,25,16,25,930,1,171 KARMAN / BESNARD,48.9124,2.38519,Plein jour,En agglomération,Intersection en Y,Normale,Autre collision,,,,,,,,,,,1,2,4,1.0,6
201200043756,0012-06-25 19:25:00,12,6,25,19,25,930,1,"155, VICTOR HUGO (AVE)",,,Plein jour,En agglomération,Autre intersection,Normale,Autre collision,,,,,,,,,,,1,2,9,1.0,6
201200043757,0012-06-28 17:07:00,12,6,28,17,7,930,1,5 R DU CDT L'HERMINIER,48.9167,2.38655,Plein jour,En agglomération,Hors intersection,Normale,Autre collision,,,,,,,,,,,1,2,1,1.0,6
201200043758,0012-06-29 21:40:00,12,6,29,21,40,930,1,"0, JEAN JAURES (AVE) 55",,,Nuit avec éclairage allumé,En agglomération,Intersection en T,Normale,Deux véhicules - frontale,,,,,,,,,,,5,2,3,1.0,1
201200043759,0012-06-30 15:35:00,12,6,30,15,35,930,1,"99, ANDRE KARMAN (RUE)",,,Plein jour,En agglomération,Intersection en X,Normale,Deux véhicules - côté,,,,,,,,,,,1,2,2,1.0,3
201200043760,0012-07-03 06:30:00,12,7,3,6,30,930,1,"35, R DU MOUTIER",48.9151,2.37956,Crépuscule ou aube,En agglomération,Hors intersection,Normale,Deux véhicules - côté,,,,,,,,,,,2,2,1,1.0,3
201200043761,0012-07-04 09:05:00,12,7,4,9,5,930,1,"221, BD FELIX FAURE",48.9025,2.38454,Plein jour,En agglomération,Hors intersection,Normale,Autre collision,,,,,,,,,,,1,2,1,1.0,6
201200043762,0012-07-10 09:55:00,12,7,10,9,55,930,1,"151, JEAN JAURES (AVE)",,,Plein jour,En agglomération,Hors intersection,Normale,Deux véhicules - arrière,,,,,,,,,,,1,2,1,1.0,2
201200043763,0012-07-11 07:10:00,12,7,11,7,10,930,1,"54, LANDY (RUE DU) 34/29",,,Crépuscule ou aube,En agglomération,Hors intersection,Pluie légère,Autre collision,,,,,,,,,,,2,2,1,2.0,6
201200043764,0012-07-11 14:35:00,12,7,11,14,35,930,1,"116, PONT BLANC.CHARLES",48.92172,2.39451,Plein jour,En agglomération,Hors intersection,Normale,Autre collision,,,,,,,,,,,1,2,1,1.0,6
201200043765,0012-07-15 04:30:00,12,7,15,4,30,930,1,"01, REPUBLIQUE (AVE DE L",,,Nuit avec éclairage allumé,En agglomération,Intersection en X,Normale,Deux véhicules - côté,,,,,,,,,,,5,2,2,1.0,3
201200043766,0012-07-20 20:30:00,12,7,20,20,30,930,1,"166, AV VICTOR HUGO",48.91366,2.3805,Plein jour,En agglomération,Intersection en T,Normale,Deux véhicules - côté,,,,,,,,,,,1,2,3,1.0,3
201200043767,0012-07-22 07:55:00,12,7,22,7,55,930,1,"101, JEAN JAURES (AVE) 5",,,Plein jour,En agglomération,Hors intersection,Normale,Deux véhicules - arrière,,,,,,,,,,,1,2,1,1.0,2
201200043768,0012-07-23 15:30:00,12,7,23,15,30,930,1,"39, R HEURTAULT",48.9149,2.37686,Plein jour,En agglomération,Hors intersection,Normale,Autre collision,,,,,,,,,,,1,2,1,1.0,6
201200043769,0012-07-26 15:20:00,12,7,26,15,20,930,1,"X, AV DE LA REPUBLIQUE",48.9101,2.38572,Plein jour,En agglomération,Hors intersection,Normale,Sans collision,,,,,,,,,,,1,2,1,1.0,7
201200043770,0012-07-27 14:30:00,12,7,27,14,30,930,1,"151, JEAN JAURES  (AVE)",,,Plein jour,En agglomération,Hors intersection,Normale,Deux véhicules - arrière,,,,,,,,,,,1,2,1,1.0,2
201200043771,0012-07-29 02:17:00,12,7,29,2,17,930,1,"0, JEAN JAURES  (AVE)  1",,,Nuit avec éclairage allumé,En agglomération,Intersection en X,Normale,Deux véhicules - arrière,,,,,,,,,,,5,2,2,1.0,2
201200043772,0012-07-30 07:05:00,12,7,30,7,5,930,1,"53/55, R DE LA HAIE COQ",48.9067,2.37293,Crépuscule ou aube,En agglomération,Hors intersection,Temps couvert,Deux véhicules - côté,,,,,,,,,,,2,2,1,8.0,3
201200043773,0012-07-31 20:45:00,12,7,31,20,45,930,1,"1, R SADI CARNOT",48.9066,2.38875,Plein jour,En agglomération,Hors intersection,Normale,Autre collision,,,,,,,,,,,1,2,1,1.0,6
201200043774,0012-08-03 08:15:00,12,8,3,8,15,930,1,"03, JEAN JAURES (AVE)  =",,,Plein jour,En agglomération,Hors intersection,Normale,Autre collision,,,,,,,,,,,1,2,1,1.0,6
201200043775,0012-08-03 15:19:00,12,8,3,15,19,930,1,"174, AV JEAN JAURES",48.91252,2.40171,Plein jour,En agglomération,Hors intersection,Pluie légère,Autre collision,,,,,,,,,,,1,2,1,2.0,6
201200043776,0012-08-04 19:20:00,12,8,4,19,20,930,1,"75, AV VICTOR HUGO",,,Crépuscule ou aube,En agglomération,Hors intersection,Normale,Autre collision,,,,,,,,,,,2,2,1,1.0,6
201200043777,0012-08-06 16:05:00,12,8,6,16,5,930,1,"131-135, JEAN JAURES (AV",,,Plein jour,En agglomération,Hors intersection,Normale,Autre collision,,,,,,,,,,,1,2,1,1.0,6
201200043778,0012-08-10 09:15:00,12,8,10,9,15,930,1,PORT (RUE DU)  (PAIR),,,Plein jour,En agglomération,Intersection en X,Normale,Deux véhicules - côté,,,,,,,,,,,1,2,2,1.0,3
201200043779,0012-08-14 18:45:00,12,8,14,18,45,930,1,"42, LANDY (RUE DU) 34/29",48.9153,2.36941,Plein jour,En agglomération,Hors intersection,Normale,Autre collision,,,,,,,,,,,1,2,1,1.0,6
201200043780,0012-08-15 13:25:00,12,8,15,13,25,930,1,"169, VICTOR HUGO (AVE)",,,Plein jour,En agglomération,Hors intersection,Normale,Deux véhicules - côté,,,,,,,,,,,1,2,1,1.0,3
201200043781,0012-08-17 19:15:00,12,8,17,19,15,930,1,"5, BORDIER (RUE)  => 10/",48.9032,2.38788,Plein jour,En agglomération,Hors intersection,Normale,Autre collision,,,,,,,,,,,1,2,1,1.0,6
201200043782,0012-08-20 20:40:00,12,8,20,20,40,930,1,"73, R DU GOULET",48.9093,2.378,Plein jour,En agglomération,Hors intersection,Normale,Autre collision,,,,,,,,,,,1,2,1,1.0,6
201200043783,0012-08-24 13:30:00,12,8,24,13,30,930,1,"150, DANIELLE CASANOVA (",,,Plein jour,En agglomération,Hors intersection,Normale,Autre collision,,,,,,,,,,,1,2,1,1.0,6
201200043784,0012-08-24 15:50:00,12,8,24,15,50,930,1,"10, R HEMET",48.9164,2.38994,Plein jour,En agglomération,Hors intersection,Normale,Autre collision,,,,,,,,,,,1,2,1,1.0,6
201200043785,0012-08-26 11:45:00,12,8,26,11,45,930,1,"26 bis, EDOUARD VAILLANT",,,Plein jour,En agglomération,Hors intersection,Normale,Deux véhicules - côté,,,,,,,,,,,1,2,1,1.0,3
201200043786,0012-09-01 19:55:00,12,9,1,19,55,930,1,"120, REPUBLIQUE (AVE DE",,,Plein jour,En agglomération,Intersection en T,Normale,Deux véhicules - côté,,,,,,,,,,,1,2,3,1.0,3
201200043787,0012-09-03 14:45:00,12,9,3,14,45,930,1,FERNAND GRENIER (RUE),,,Plein jour,En agglomération,Intersection en T,Normale,Deux véhicules - côté,,,,,,,,,,,1,2,3,1.0,3
201200043788,0012-09-03 18:43:00,12,9,3,18,43,930,1,"144, REPUBLIQUE (AVE DE",,,Plein jour,En agglomération,Intersection en X,Temps couvert,Autre collision,,,,,,,,,,,1,2,2,8.0,6
201200043789,0012-09-09 15:16:00,12,9,9,15,16,930,1,"27, JEAN JAURES (AVE) 55",,,Plein jour,En agglomération,Autre intersection,Normale,Autre collision,,,,,,,,,,,1,2,9,1.0,6
201200043790,0012-09-11 14:50:00,12,9,11,14,50,930,1,"66, PONT BLANC.CHARLES T",,,Plein jour,En agglomération,Hors intersection,Pluie légère,Autre collision,,,,,,,,,,,1,2,1,2.0,6
201200043791,0012-09-12 21:10:00,12,9,12,21,10,930,1,"191, JEAN JAURES  (AVE)",,,Nuit avec éclairage allumé,En agglomération,Hors intersection,Normale,Deux véhicules - côté,,,,,,,,,,,5,2,1,1.0,3
201200043792,0012-09-19 09:45:00,12,9,19,9,45,930,1,"0, PRESIDENT ROOSEVELT (",,,Plein jour,En agglomération,Intersection en T,Normale,Deux véhicules - côté,,,,,,,,,,,1,2,3,1.0,3
201200043793,0012-09-19 19:30:00,12,9,19,19,30,930,1,"75, MOTTE (RUE DE LA)",,,Plein jour,En agglomération,Hors intersection,Normale,Autre collision,,,,,,,,,,,1,2,1,1.0,6
201200043794,0012-09-23 17:35:00,12,9,23,17,35,930,1,"0, WALDECK ROCHET (RUE)",,,Plein jour,En agglomération,Hors intersection,Normale,Autre collision,,,,,,,,,,,1,2,1,1.0,6
201200043795,0012-09-29 08:35:00,12,9,29,8,35,930,1,"211, JEAN JAURES  (AVE)",,,Plein jour,En agglomération,Autre intersection,Normale,Trois véhicules et plus - en chaîne,,,,,,,,,,,1,2,9,1.0,4
201200043796,0012-09-30 02:25:00,12,9,30,2,25,930,1,"0, VICTOR HUGO (AVE)  13",,,Nuit avec éclairage allumé,En agglomération,Hors intersection,Normale,Autre collision,,,,,,,,,,,5,2,1,1.0,6
201200043797,0012-09-30 16:55:00,12,9,30,16,55,930,1,"111, REPUBLIQUE (AVE DE",,,Plein jour,En agglomération,Hors intersection,Normale,Autre collision,,,,,,,,,,,1,2,1,1.0,6
201200043798,0012-10-02 12:30:00,12,10,2,12,30,930,1,"0, SAINT DENIS (RUE DE)",48.9215,2.3751,Plein jour,Hors agglomération,Giratoire,Normale,Deux véhicules - arrière,,,,,,,,,,,1,1,6,1.0,2
201200043799,0012-10-03 11:50:00,12,10,3,11,50,930,1,"56, MOTTE (RUE DE LA)",48.9113,2.3976,Plein jour,En agglomération,Intersection en T,Pluie légère,Deux véhicules - côté,,,,,,,,,,,1,2,3,2.0,3
201200043800,0012-10-04 12:00:00,12,10,4,12,0,930,1,"43, REPUBLIQUE (AVE DE L",48.9106,2.3852,Plein jour,En agglomération,Intersection en X,Temps couvert,Autre collision,,,,,,,,,,,1,2,2,8.0,6
201200043801,0012-10-11 15:30:00,12,10,11,15,30,930,1,"85, FELIX FAURE (BLD) =>",48.906,2.3806,Plein jour,En agglomération,Hors intersection,Temps couvert,Deux véhicules - frontale,,,,,,,,,,,1,2,1,8.0,1
201200043802,0012-10-15 09:00:00,12,10,15,9,0,930,1,"0, EDOUARD POISSON  (RUE",48.9115,2.3804,Plein jour,En agglomération,Intersection en X,Normale,Autre collision,,,,,,,,,,,1,2,2,1.0,6
201200043803,0012-10-20 17:40:00,12,10,20,17,40,930,1,"75, REPUBLIQUE (AVE DE L",,,Plein jour,En agglomération,Hors intersection,Pluie légère,Deux véhicules - côté,,,,,,,,,,,1,2,1,2.0,3
201200043804,0012-10-22 12:00:00,12,10,22,12,0,930,1,"109, HENRI BARBUSSE (RUE",,,Plein jour,En agglomération,Hors intersection,Normale,Autre collision,,,,,,,,,,,1,2,1,1.0,6
201200043805,0012-10-22 15:30:00,12,10,22,15,30,930,1,"44, DANIELLE CASANOVA (R",,,Plein jour,En agglomération,Hors intersection,Normale,Deux véhicules - côté,,,,,,,,,,,1,2,1,1.0,3
201200043806,0012-10-30 08:45:00,12,10,30,8,45,930,1,REPUBLIQUE (AVE DE LA ),,,Plein jour,En agglomération,Intersection en T,Normale,Deux véhicules - côté,,,,,,,,,,,1,2,3,1.0,3
201200043807,0012-10-30 12:00:00,12,10,30,12,0,930,1,"179, DANIELLE CASANOVA (",,,Plein jour,En agglomération,Hors intersection,Normale,Autre collision,,,,,,,,,,,1,2,1,1.0,6
201200043808,0012-10-30 16:10:00,12,10,30,16,10,930,1,"03, HAIE COQ (RUE DE LA",,,Plein jour,En agglomération,Hors intersection,Temps couvert,Deux véhicules - arrière,,,,,,,,,,,1,2,1,8.0,2
201200043809,0012-11-03 20:55:00,12,11,3,20,55,930,1,"84b, REPUBLIQUE (AVE DE",,,Nuit avec éclairage allumé,En agglomération,Hors intersection,Normale,Autre collision,,,,,,,,,,,5,2,1,1.0,6
201200043810,0012-11-06 22:05:00,12,11,6,22,5,930,1,"59, SAINT DENIS (RUE DE)",48.92203,2.37328,Nuit avec éclairage allumé,En agglomération,Hors intersection,Normale,Autre collision,,,,,,,,,,,5,2,1,1.0,6
201200043811,0012-11-08 09:40:00,12,11,8,9,40,930,1,"105, VICTOR HUGO (AVE)",,,Plein jour,En agglomération,Hors intersection,Normale,Autre collision,,,,,,,,,,,1,2,1,1.0,6
201200043812,0012-11-12 08:20:00,12,11,12,8,20,930,1,"0, SAINT DENIS (RUE DE)",48.9212,2.376,Plein jour,En agglomération,Giratoire,Normale,Deux véhicules - arrière,,,,,,,,,,,1,2,6,1.0,2
201200043813,0012-11-18 23:55:00,12,11,18,23,55,930,1,"245, JEAN JAURES (AVE)",,,Nuit avec éclairage allumé,En agglomération,Hors intersection,Normale,Deux véhicules - arrière,,,,,,,,,,,5,2,1,1.0,2
201200043814,0012-11-19 12:45:00,12,11,19,12,45,930,1,"17, LUCIEN LEFRANC (QUAI",,,Plein jour,En agglomération,Hors intersection,Normale,Deux véhicules - côté,,,,,,,,,,,1,2,1,1.0,3
201200043815,0012-11-22 21:00:00,12,11,22,21,0,930,1,"163, DANIELLE CASANOVA (",,,Nuit avec éclairage allumé,En agglomération,Hors intersection,Normale,Autre collision,,,,,,,,,,,5,2,1,1.0,6
201200043816,0012-11-24 14:25:00,12,11,24,14,25,930,1,"193, JEAN JAURES  (AVE)",,,Plein jour,En agglomération,Hors intersection,Normale,Deux véhicules - côté,,,,,,,,,,,1,2,1,1.0,3
201200043817,0012-11-27 12:45:00,12,11,27,12,45,930,1,"0, VILLEBOIS-MAREUIL (RU",,,Plein jour,En agglomération,Intersection en T,Pluie légère,Autre collision,,,,,,,,,,,1,2,3,2.0,6
201200043818,0012-11-28 22:20:00,12,11,28,22,20,930,1,"0, REPUBLIQUE (AVE DE LA",,,Nuit avec éclairage allumé,En agglomération,Intersection en Y,Pluie légère,Deux véhicules - côté,,,,,,,,,,,5,2,4,2.0,3
201200043819,0012-11-29 07:40:00,12,11,29,7,40,930,1,"125, VICTOR HUGO (AVE)",,,Crépuscule ou aube,En agglomération,Hors intersection,Pluie légère,Sans collision,,,,,,,,,,,2,2,1,2.0,7
201200043820,0012-11-30 11:35:00,12,11,30,11,35,930,1,"1, REPUBLIQUE (AVE DE LA",,,Plein jour,En agglomération,Hors intersection,Temps couvert,Autre collision,,,,,,,,,,,1,2,1,8.0,6
201200043821,0012-12-02 14:35:00,12,12,2,14,35,930,1,"172, JEAN JAURES  (AVE)",48.91134,2.40038,Plein jour,En agglomération,Intersection en X,Normale,Deux véhicules - frontale,,,,,,,,,,,1,2,2,1.0,1
201200043822,0012-12-03 09:55:00,12,12,3,9,55,930,1,"05, HENRI BARBUSSE (RUE)",48.90251,2.38861,Plein jour,En agglomération,Hors intersection,Pluie légère,Autre collision,,,,,,,,,,,1,2,1,2.0,6
201200043823,0012-12-04 14:45:00,12,12,4,14,45,930,1,"18, PONT BLANC.CHARLES T",48.91528,2.39229,Plein jour,En agglomération,Hors intersection,Normale,Autre collision,,,,,,,,,,,1,2,1,1.0,6
201200043824,0012-12-05 15:30:00,12,12,5,15,30,930,1,"87, FELIX FAURE (BLD) =>",48.90645,2.38032,Plein jour,En agglomération,Hors intersection,Pluie légère,Autre collision,,,,,,,,,,,1,2,1,2.0,6
201200043825,0012-12-06 18:10:00,12,12,6,18,10,930,1,"01, SCHAEFFER (RUE)",48.91528,2.3788,Nuit avec éclairage allumé,En agglomération,Hors intersection,Normale,Deux véhicules - côté,,,,,,,,,,,5,2,1,1.0,3
201200043826,0012-12-06 18:48:00,12,12,6,18,48,930,1,"136, REPUBLIQUE (AVE DE",,,Nuit avec éclairage allumé,En agglomération,Hors intersection,Normale,Autre collision,,,,,,,,,,,5,2,1,1.0,6
201200043827,0012-12-11 10:35:00,12,12,11,10,35,930,1,"145, VICTOR HUGO (AVE)",48.91006,2.37873,Plein jour,En agglomération,Hors intersection,Normale,Deux véhicules - arrière,,,,,,,,,,,1,2,1,1.0,2
201200043828,0012-12-12 10:50:00,12,12,12,10,50,930,1,"198, ANDRE KARMAN (RUE)",48.91454,2.38572,Plein jour,En agglomération,Intersection en X,Normale,Deux véhicules - côté,,,,,,,,,,,1,2,2,1.0,3
201200043829,0012-12-13 00:18:00,12,12,13,0,18,930,1,"67-69, VICTOR HUGO (AVE)",,,Nuit avec éclairage allumé,En agglomération,Intersection en T,Normale,Deux véhicules - arrière,,,,,,,,,,,5,2,3,1.0,2
201200043830,0012-12-14 15:05:00,12,12,14,15,5,930,1,"0, ANDRE KARMAN (RUE)  1",48.9074,2.38468,Plein jour,En agglomération,Intersection en T,Pluie forte,Deux véhicules - côté,,,,,,,,,,,1,2,3,3.0,3
201200043831,0012-12-14 17:00:00,12,12,14,17,0,930,1,"65, LANDY (RUE DU) 34/29",,,Nuit avec éclairage allumé,En agglomération,Hors intersection,Pluie légère,Autre collision,,,,,,,,,,,5,2,1,2.0,6
201200043832,0012-12-14 22:05:00,12,12,14,22,5,930,1,"120, FELIX FAURE (BLD) 1",48.90812,2.37852,Nuit avec éclairage allumé,En agglomération,Hors intersection,Pluie légère,Autre collision,,,,,,,,,,,5,2,1,2.0,6
201200043833,0012-12-15 11:40:00,12,12,15,11,40,930,1,"102, HENRI BARBUSSE (RUE",48.90863,2.39052,Plein jour,En agglomération,Hors intersection,Normale,Deux véhicules - côté,,,,,,,,,,,1,2,1,1.0,3
201200043834,0012-12-19 18:35:00,12,12,19,18,35,930,1,"0, PRESIDENT ROOSEVELT (",,,Nuit avec éclairage allumé,En agglomération,Intersection en X,Pluie légère,Deux véhicules - côté,,,,,,,,,,,5,2,2,2.0,3
201200043835,0012-12-23 01:30:00,12,12,23,1,30,930,1,"156, DANIELLE CASANOVA (",48.91491,2.40302,Nuit avec éclairage non allumé,En agglomération,Hors intersection,Autre,Deux véhicules - côté,,,,,,,,,,,4,2,1,9.0,3
201200043836,0012-12-25 18:40:00,12,12,25,18,40,930,1,"85, REPUBLIQUE (AVE DE L",,,Nuit avec éclairage allumé,En agglomération,Hors intersection,Pluie légère,Sans collision,,,,,,,,,,,5,2,1,2.0,7
201200043837,0012-12-26 21:50:00,12,12,26,21,50,930,1,CITES (RUE DES)  125/134,,,Nuit avec éclairage allumé,En agglomération,Hors intersection,Pluie forte,Deux véhicules - côté,,,,,,,,,,,5,2,1,3.0,3