accident_id,datetime,annee,mois,jour,heure,minute,departement,commune_insee,adresse,latitude,longitude,luminosite,agglomeration,intersection,meteo,collision,nb_vehicules,nb_usagers,nb_indemnes,nb_tues,nb_blesses_hosp,nb_blesses_legers,age_cond_1,age_cond_2,veh_type_cond_1,veh_type_cond_2,lum_code,agg_code,int_code,atm_code,col_code
201200043838,0012-12-27 00:01:00,12,12,27,0,1,930,1,"199, VICTOR HUGO (AVE)",,,Nuit sans éclairage public,En agglomération,Intersection à plus de 4 branches,Pluie forte,Autre collision,,,,,,,,,,,3,2,5,3.0,6
201200043839,0012-01-11 13:50:00,12,1,11,13,50,930,71,AV DUMONT D'URVILLE,,,Plein jour,En agglomération,Hors intersection,Normale,Autre collision,,,,,,,,,,,1,2,1,1.0,6
201200043840,0012-01-04 15:50:00,12,1,4,15,50,930,5,BD ANDRE CITROEN,,,Plein jour,En agglomération,Hors intersection,Temps couvert,Deux véhicules - arrière,,,,,,,,,,,1,2,1,8.0,2
201200043841,0012-01-11 20:30:00,12,1,11,20,30,930,71,LIVRY / GARE,,,Nuit avec éclairage allumé,En agglomération,Place,Normale,Autre collision,,,,,,,,,,,5,2,7,1.0,6
201200043842,0012-01-05 12:10:00,12,1,5,12,10,930,5,MITRY [CD115] (ROUTE DE),,,Plein jour,En agglomération,Hors intersection,Pluie légère,Deux véhicules - arrière,,,,,,,,,,,1,2,1,2.0,2
201200043843,0012-01-15 16:35:00,12,1,15,16,35,930,71,AV JOHN FITZGERALD KENNE,,,Plein jour,Hors agglomération,Hors intersection,Normale,Trois véhicules et plus - en chaîne,,,,,,,,,,,1,1,1,1.0,4
201200043844,0012-01-21 03:15:00,12,1,21,3,15,930,71,AV JOHN FITZGERALD KENNE,,,Nuit avec éclairage allumé,En agglomération,Hors intersection,Pluie légère,Deux véhicules - frontale,,,,,,,,,,,5,2,1,2.0,1
201200043845,0012-01-10 17:06:00,12,1,10,17,6,930,5,"74 BIS, PL DES ETANGS",,,Plein jour,En agglomération,Hors intersection,Normale,Autre collision,,,,,,,,,,,1,2,1,1.0,6
201200043846,0012-01-27 16:30:00,12,1,27,16,30,930,71,TASSIGNY / MICHELET,,,Plein jour,En agglomération,Intersection en X,Normale,Deux véhicules - côté,,,,,,,,,,,1,2,2,1.0,3
201200043847,0012-01-11 23:15:00,12,1,11,23,15,930,5,BD MARC CHAGALL,,,Nuit avec éclairage allumé,En agglomération,Hors intersection,Normale,Sans collision,,,,,,,,,,,5,2,1,1.0,7
201200043848,0012-01-12 18:45:00,12,1,12,18,45,930,5,"144, RTE DE MITRY",,,Nuit avec éclairage non allumé,En agglomération,Hors intersection,Temps couvert,Sans collision,,,,,,,,,,,4,2,1,8.0,7
201200043849,0012-02-09 14:00:00,12,2,9,14,0,930,71,JOHN F. KENNEDY (AVENUE),48.9335,2.51607,Plein jour,En agglomération,Intersection à plus de 4 branches,Normale,Deux véhicules - côté,,,,,,,,,,,1,2,5,1.0,3
201200043850,0012-01-20 10:25:00,12,1,20,10,25,930,5,RTE DE MITRY,,,Plein jour,En agglomération,Hors intersection,Pluie légère,Deux véhicules - arrière,,,,,,,,,,,1,2,1,2.0,2
201200043851,0012-02-09 11:40:00,12,2,9,11,40,930,71,"12, HOCHE (AVENUE)",48.9329,2.53573,Plein jour,En agglomération,Hors intersection,Normale,Autre collision,,,,,,,,,,,1,2,1,1.0,6
201200043852,0012-01-22 07:30:00,12,1,22,7,30,930,5,"53, R JULES PRINCET",,,Crépuscule ou aube,En agglomération,Hors intersection,Normale,Sans collision,,,,,,,,,,,2,2,1,1.0,7
201200043853,0012-02-14 19:30:00,12,2,14,19,30,930,71,JOHN F. KENNEDY (AVENUE),,,Nuit avec éclairage allumé,En agglomération,Intersection en X,Pluie légère,Autre collision,,,,,,,,,,,5,2,2,2.0,6
201200043854,0012-01-25 09:00:00,12,1,25,9,0,930,5,BD KENNEDY,,,Plein jour,En agglomération,Hors intersection,Pluie légère,Deux véhicules - frontale,,,,,,,,,,,1,2,1,2.0,1
201200043855,0012-03-02 06:30:00,12,3,2,6,30,930,71,AV JOHN F. KENNEDY,48.9385,2.51309,Nuit avec éclairage allumé,En agglomération,Hors intersection,Pluie légère,Deux véhicules - frontale,,,,,,,,,,,5,2,1,2.0,1
201200043856,0012-01-27 07:25:00,12,1,27,7,25,930,5,DUCLOS / GARENNE,,,Crépuscule ou aube,En agglomération,Intersection en X,Normale,Autre collision,,,,,,,,,,,2,2,2,1.0,6
201200043857,0012-03-09 09:20:00,12,3,9,9,20,930,71,DE LATTRE DE TASSIGNY (A,48.9433,2.5248,Plein jour,En agglomération,Intersection en X,Normale,Deux véhicules - côté,,,,,,,,,,,1,2,2,1.0,3
201200043858,0012-01-27 13:15:00,12,1,27,13,15,930,5,R JACQUES DUCLOS,,,Plein jour,En agglomération,Hors intersection,Normale,Deux véhicules - frontale,,,,,,,,,,,1,2,1,1.0,1
201200043859,0012-03-11 15:00:00,12,3,11,15,0,930,71,AULNAY (RUE D'),48.9399,2.51527,Plein jour,En agglomération,Hors intersection,Normale,Deux véhicules - côté,,,,,,,,,,,1,2,1,1.0,3
201200043860,0012-01-28 11:15:00,12,1,28,11,15,930,5,FRANCE / MOLL,,,Plein jour,En agglomération,Intersection en X,Normale,Sans collision,,,,,,,,,,,1,2,2,1.0,7
201200043861,0012-03-11 21:15:00,12,3,11,21,15,930,71,"61, LIEGEARD (AVENUE)",48.9284,2.51876,Nuit avec éclairage allumé,En agglomération,Intersection en X,Normale,Autre collision,,,,,,,,,,,5,2,2,1.0,6
201200043862,0012-02-01 20:30:00,12,2,1,20,30,930,5,NONNEVILLE / EGALITE,48.9276,2.51108,Nuit avec éclairage allumé,En agglomération,Intersection en X,Normale,Deux véhicules - côté,,,,,,,,,,,5,2,2,1.0,3
201200043863,0012-03-14 14:30:00,12,3,14,14,30,930,71,"88 BIS, HOCHE (AVENUE)",48.9302,2.5287,Plein jour,En agglomération,Intersection en Y,Normale,Deux véhicules - frontale,,,,,,,,,,,1,2,4,1.0,1
201200043864,0012-02-04 14:15:00,12,2,4,14,15,930,5,MATISSE / POISSONS,48.9573,2.50403,Plein jour,En agglomération,Intersection en T,Normale,Deux véhicules - côté,,,,,,,,,,,1,2,3,1.0,3
201200043865,0012-03-27 20:40:00,12,3,27,20,40,930,71,BOUGAINVILLE (ALLEE),,,Nuit avec éclairage allumé,En agglomération,Intersection en X,Normale,Deux véhicules - côté,,,,,,,,,,,5,2,2,1.0,3
201200043866,0012-03-30 15:30:00,12,3,30,15,30,930,71,"42, LUCIEN GELOT (BOULEV",,,Plein jour,En agglomération,Hors intersection,Normale,Deux véhicules - arrière,,,,,,,,,,,1,2,1,1.0,2
201200043867,0012-02-05 19:00:00,12,2,5,19,0,930,5,R PAUL CEZANNE,48.95112,2.48076,Nuit sans éclairage public,En agglomération,Hors intersection,Normale,Autre collision,,,,,,,,,,,3,2,1,1.0,6
201200043868,0012-02-07 07:45:00,12,2,7,7,45,930,5,BD MARC CHAGALL,48.95342,2.50411,Plein jour,En agglomération,Hors intersection,Normale,Deux véhicules - arrière,,,,,,,,,,,1,2,1,1.0,2
201200043869,0012-04-06 16:55:00,12,4,6,16,55,930,71,PAUL BERT (RUE),48.942,2.5206,Plein jour,En agglomération,Intersection en X,Normale,Autre collision,,,,,,,,,,,1,2,2,1.0,6
201200043870,0012-02-07 13:55:00,12,2,7,13,55,930,5,PETITS PONTS / PARE,48.9495,2.51986,Plein jour,En agglomération,Intersection en X,Normale,Deux véhicules - côté,,,,,,,,,,,1,2,2,1.0,3
201200043871,0012-02-09 08:15:00,12,2,9,8,15,930,5,RTE DE MITRY,48.94541,2.50949,Plein jour,En agglomération,Hors intersection,Normale,Autre collision,,,,,,,,,,,1,2,1,1.0,6
201200043872,0012-04-18 18:30:00,12,4,18,18,30,930,71,DUMONT D'URVILLE (AVENUE,48.9464,2.52213,Plein jour,En agglomération,Hors intersection,Temps couvert,Autre collision,,,,,,,,,,,1,2,1,8.0,6
201200043873,0012-02-09 16:05:00,12,2,9,16,5,930,5,AV RAOUL DUFY,48.95938,2.50317,Plein jour,En agglomération,Hors intersection,Normale,Deux véhicules - côté,,,,,,,,,,,1,2,1,1.0,3
201200043874,0012-04-25 08:45:00,12,4,25,8,45,930,71,HENRI DUNANT (AVENUE),48.936,2.5209,Plein jour,En agglomération,Intersection en X,Normale,Deux véhicules - côté,,,,,,,,,,,1,2,2,1.0,3
201200043875,0012-02-11 13:50:00,12,2,11,13,50,930,5,DEGAS / DELACROIX,48.9542,2.49891,Plein jour,En agglomération,Intersection en Y,Normale,Deux véhicules - côté,,,,,,,,,,,1,2,4,1.0,3
201200043876,0012-04-30 15:40:00,12,4,30,15,40,930,71,GABRIEL PERI (RUE),48.9407,2.53187,Plein jour,En agglomération,Intersection en T,Normale,Deux véhicules - côté,,,,,,,,,,,1,2,3,1.0,3
201200043877,0012-02-13 09:10:00,12,2,13,9,10,930,5,DOCTEUR FLEMING (RUE DU),48.9538,2.51035,Plein jour,En agglomération,Autre intersection,Normale,Sans collision,,,,,,,,,,,1,2,9,1.0,7
201200043878,0012-05-11 11:30:00,12,5,11,11,30,930,71,"27, WESTINGHOUSE (BOULEV",,,Plein jour,En agglomération,Hors intersection,Pluie légère,Autre collision,,,,,,,,,,,1,2,1,2.0,6
201200043879,0012-02-16 10:10:00,12,2,16,10,10,930,5,CHATEAU (ROND-POINT),48.9402,2.49478,Plein jour,En agglomération,Giratoire,Temps couvert,Autre collision,,,,,,,,,,,1,2,6,8.0,6
201200043880,0012-05-15 20:00:00,12,5,15,20,0,930,71,MARCHE (AVENUE DU),48.9391,2.53206,Plein jour,En agglomération,Hors intersection,Normale,Autre collision,,,,,,,,,,,1,2,1,1.0,6
201200043881,0012-02-16 12:20:00,12,2,16,12,20,930,5,HONORE SOHIER (RUE),48.9417,2.48845,Plein jour,En agglomération,Hors intersection,Normale,Deux véhicules - arrière,,,,,,,,,,,1,2,1,1.0,2
201200043882,0012-05-16 16:00:00,12,5,16,16,0,930,71,WESTINGHOUSE (BOULEVARD),,,Plein jour,En agglomération,Intersection en X,Normale,Deux véhicules - côté,,,,,,,,,,,1,2,2,1.0,3
201200043883,0012-02-17 22:05:00,12,2,17,22,5,930,5,CLOCHER (AVENUE DU),48.9299,2.50191,Nuit avec éclairage allumé,En agglomération,Giratoire,Pluie légère,Deux véhicules - frontale,,,,,,,,,,,5,2,6,2.0,1
201200043884,0012-05-17 00:36:00,12,5,17,0,36,930,71,"27, GENERAL LECLERC (AVE",,,Nuit avec éclairage allumé,En agglomération,Hors intersection,Normale,Deux véhicules - arrière,,,,,,,,,,,5,2,1,1.0,2
201200043885,0012-02-19 10:20:00,12,2,19,10,20,930,5,JUIN / VALLES,48.9358,2.50292,Plein jour,En agglomération,Intersection en T,Normale,Autre collision,,,,,,,,,,,1,2,3,1.0,6
201200043886,0012-02-20 22:15:00,12,2,20,22,15,930,5,DUCLOS / BLANCHE,48.9462,2.49341,Nuit avec éclairage allumé,En agglomération,Intersection en T,Normale,Deux véhicules - côté,,,,,,,,,,,5,2,3,1.0,3
201200043887,0012-05-26 09:55:00,12,5,26,9,55,930,71,"12, JOHN F. KENNEDY (AVE",,,Plein jour,En agglomération,Hors intersection,Normale,Deux véhicules - arrière,,,,,,,,,,,1,2,1,1.0,2
201200043888,0012-02-21 08:30:00,12,2,21,8,30,930,5,BD GEORGES BRAQUE,,,Plein jour,En agglomération,Hors intersection,Normale,Autre collision,,,,,,,,,,,1,2,1,1.0,6
201200043889,0012-02-22 08:50:00,12,2,22,8,50,930,5,NONNEVILLE / CHEVALIER,48.9267,2.50877,Plein jour,En agglomération,Intersection en X,Normale,Deux véhicules - côté,,,,,,,,,,,1,2,2,1.0,3
201200043890,0012-05-26 14:15:00,12,5,26,14,15,930,71,GABRIEL PERI (RUE),48.9412,2.53215,Plein jour,En agglomération,Hors intersection,Normale,Autre collision,,,,,,,,,,,1,2,1,1.0,6
201200043891,0012-02-23 11:30:00,12,2,23,11,30,930,5,LEFEVRE / COUTANT,48.9388,2.489,Plein jour,En agglomération,Giratoire,Normale,Deux véhicules - arrière,,,,,,,,,,,1,2,6,1.0,2
201200043892,0012-05-26 22:20:00,12,5,26,22,20,930,71,EDOUARD VAILLANT (AVENUE,48.9415,2.51848,Nuit avec éclairage non allumé,En agglomération,Intersection en X,Normale,Autre collision,,,,,,,,,,,4,2,2,1.0,6
201200043893,0012-06-01 23:30:00,12,6,1,23,30,930,71,COMMANDANT CHARCOT,48.9354,2.52003,Nuit avec éclairage allumé,En agglomération,Hors intersection,Normale,Deux véhicules - côté,,,,,,,,,,,5,2,1,1.0,3
201200043894,0012-02-25 16:00:00,12,2,25,16,0,930,5,R DU DOCTEUR FLEMING,48.9539,2.51044,Plein jour,En agglomération,Hors intersection,Normale,Autre collision,,,,,,,,,,,1,2,1,1.0,6
201200043895,0012-06-07 16:05:00,12,6,7,16,5,930,71,"14, GABRIEL (RUE)",48.9329,2.53125,Plein jour,En agglomération,Hors intersection,Normale,Deux véhicules - côté,,,,,,,,,,,1,2,1,1.0,3
201200043896,0012-06-12 17:00:00,12,6,12,17,0,930,71,"106, AULNAY (RUE D')",48.9397,2.51263,Plein jour,En agglomération,Intersection en X,Normale,Deux véhicules - frontale,,,,,,,,,,,1,2,2,1.0,1
201200043897,0012-03-05 17:20:00,12,3,5,17,20,930,5,GASPARD MONGE (RUE),48.944,2.48666,Plein jour,En agglomération,Hors intersection,Pluie légère,Deux véhicules - côté,,,,,,,,,,,1,2,1,2.0,3
201200043898,0012-06-16 09:00:00,12,6,16,9,0,930,71,"113, GENERAL DE GAULLE (",48.9453,2.54713,Plein jour,En agglomération,Hors intersection,Pluie légère,Autre collision,,,,,,,,,,,1,2,1,2.0,6
201200043899,0012-03-07 09:58:00,12,3,7,9,58,930,5,"19, MOULIN DE LA VILLE (",48.9485,2.49323,Plein jour,En agglomération,Hors intersection,Normale,Autre collision,,,,,,,,,,,1,2,1,1.0,6
201200043900,0012-06-19 20:00:00,12,6,19,20,0,930,71,"74, GABRIEL PERI (RUE)",,,Plein jour,En agglomération,Intersection en T,Normale,Deux véhicules - côté,,,,,,,,,,,1,2,3,1.0,3
201200043901,0012-03-09 06:45:00,12,3,9,6,45,930,5,R PAUL CEZANNE,48.9537,2.50037,Crépuscule ou aube,En agglomération,Hors intersection,Normale,Sans collision,,,,,,,,,,,2,2,1,1.0,7
201200043902,0012-06-20 23:50:00,12,6,20,23,50,930,71,JOHN F. KENNEDY (AVENUE),,,Nuit avec éclairage allumé,En agglomération,Intersection en X,Normale,Deux véhicules - frontale,,,,,,,,,,,5,2,2,1.0,1
201200043903,0012-03-10 09:00:00,12,3,10,9,0,930,5,"57, BRUNETIERE (RUE)",48.9398,2.4862,Plein jour,En agglomération,Hors intersection,Normale,Autre collision,,,,,,,,,,,1,2,1,1.0,6
201200043904,0012-06-25 10:20:00,12,6,25,10,20,930,71,AV DE LA GARENNE DE FONT,48.9405,2.51189,Plein jour,En agglomération,Hors intersection,Normale,Deux véhicules - frontale,,,,,,,,,,,1,2,1,1.0,1
201200043905,0012-03-12 16:50:00,12,3,12,16,50,930,5,"14, ROMAIN ROLLAND (AVEN",48.9193,2.49191,Plein jour,En agglomération,Intersection en T,Normale,Deux véhicules - frontale,,,,,,,,,,,1,2,3,1.0,1
201200043906,0012-06-25 17:16:00,12,6,25,17,16,930,71,JOHN F. KENNEDY (AVENUE),,,Plein jour,En agglomération,Intersection en X,Normale,Deux véhicules - côté,,,,,,,,,,,1,2,2,1.0,3
201200043907,0012-07-05 18:50:00,12,7,5,18,50,930,71,AV DE VERDUN,48.9289,2.53227,Plein jour,En agglomération,Intersection en T,Pluie légère,Deux véhicules - côté,,,,,,,,,,,1,2,3,2.0,3
201200043908,0012-03-19 08:20:00,12,3,19,8,20,930,5,PIERRE JOUHET (AVENUE),,,Plein jour,En agglomération,Intersection en Y,Normale,Deux véhicules - frontale,,,,,,,,,,,1,2,4,1.0,1
201200043909,0012-07-06 15:00:00,12,7,6,15,0,930,71,HENRI BARBUSSE (AVENUE),48.9349,2.53536,Plein jour,En agglomération,Hors intersection,Normale,Autre collision,,,,,,,,,,,1,2,1,1.0,6
201200043910,0012-07-06 16:00:00,12,7,6,16,0,930,71,"10, MARTIN LUTHER KING (",,,Plein jour,En agglomération,Giratoire,Pluie légère,Deux véhicules - frontale,,,,,,,,,,,1,2,6,2.0,1
201200043911,0012-03-19 20:00:00,12,3,19,20,0,930,5,ANATOLE FRANCE (AVENUE),,,Nuit avec éclairage allumé,En agglomération,Intersection en T,Normale,Deux véhicules - côté,,,,,,,,,,,5,2,3,1.0,3
201200043912,0012-07-12 02:20:00,12,7,12,2,20,930,71,BALLANGER ROBERT (AVENUE,,,Nuit avec éclairage allumé,En agglomération,Hors intersection,Normale,Sans collision,,,,,,,,,,,5,2,1,1.0,7
201200043913,0012-03-22 12:15:00,12,3,22,12,15,930,5,RAOUL DUFY (AVENUE),,,Plein jour,En agglomération,Hors intersection,Normale,Deux véhicules - arrière,,,,,,,,,,,1,2,1,1.0,2
201200043914,0012-03-26 19:00:00,12,3,26,19,0,930,5,", MOULIN DE LA VILLE (CH",,,Plein jour,En agglomération,Intersection en T,Normale,Deux véhicules - arrière,,,,,,,,,,,1,2,3,1.0,2
201200043915,0012-07-26 16:40:00,12,7,26,16,40,930,71,DE LATTRE DE TASSIGNY (A,48.9405,2.52373,Plein jour,En agglomération,Hors intersection,Normale,Deux véhicules - arrière,,,,,,,,,,,1,2,1,1.0,2
201200043916,0012-03-27 15:36:00,12,3,27,15,36,930,5,JULES VALLES (RUE),,,Plein jour,En agglomération,Hors intersection,Temps éblouissant,Trois véhicules et plus - collisions multiples,,,,,,,,,,,1,2,1,7.0,5
201200043917,0012-03-28 10:15:00,12,3,28,10,15,930,5,ONZE NOVEMBRE (RUE DU),,,Plein jour,En agglomération,Passage à niveau,Normale,Autre collision,,,,,,,,,,,1,2,8,1.0,6
201200043918,0012-03-28 17:50:00,12,3,28,17,50,930,5,RAOUL DUFY (AVENUE),,,Plein jour,En agglomération,Intersection en T,Normale,Deux véhicules - frontale,,,,,,,,,,,1,2,3,1.0,1
201200043919,0012-08-04 15:50:00,12,8,4,15,50,930,71,RONSARD (AVENUE),48.9497,2.53596,Plein jour,En agglomération,Hors intersection,Normale,Sans collision,,,,,,,,,,,1,2,1,1.0,7
201200043920,0012-04-01 13:00:00,12,4,1,13,0,930,5,PAUL CEZANNE (RUE),,,Plein jour,En agglomération,Hors intersection,Normale,Deux véhicules - côté,,,,,,,,,,,1,2,1,1.0,3
201200043921,0012-08-07 16:35:00,12,8,7,16,35,930,71,WESTINGHOUSE (BOULEVARD),,,Plein jour,En agglomération,Hors intersection,Normale,Trois véhicules et plus - en chaîne,,,,,,,,,,,1,2,1,1.0,4
201200043922,0012-04-05 14:20:00,12,4,5,14,20,930,5,SUZANNE LENGLEN (AVENUE),48.9525,2.51216,Plein jour,En agglomération,Hors intersection,Pluie légère,Autre collision,,,,,,,,,,,1,2,1,2.0,6
201200043923,0012-08-23 13:25:00,12,8,23,13,25,930,71,"11, GABRIEL PERI (RUE)",48.9388,2.53095,Plein jour,En agglomération,Hors intersection,Normale,Autre collision,,,,,,,,,,,1,2,1,1.0,6
201200043924,0012-04-09 22:50:00,12,4,9,22,50,930,5,HUIT MAI (RUE DU),48.9482,2.50913,Nuit avec éclairage allumé,En agglomération,Hors intersection,Pluie légère,Autre collision,,,,,,,,,,,5,2,1,2.0,6
201200043925,0012-08-31 15:30:00,12,8,31,15,30,930,71,"37, AULNAY (BOULEVARD D'",48.94,2.51962,Plein jour,En agglomération,Hors intersection,Normale,Autre collision,,,,,,,,,,,1,2,1,1.0,6
201200043926,0012-04-11 08:55:00,12,4,11,8,55,930,5,LOUISE MICHEL (RUE),48.9317,2.49984,Plein jour,En agglomération,Hors intersection,Normale,Deux véhicules - arrière,,,,,,,,,,,1,2,1,1.0,2
201200043927,0012-09-19 17:50:00,12,9,19,17,50,930,71,ANDRE TOUTAIN (AVENUE),,,Plein jour,En agglomération,Hors intersection,Normale,Autre collision,,,,,,,,,,,1,2,1,1.0,6
201200043928,0012-04-11 15:40:00,12,4,11,15,40,930,5,RAOUL DUFY (AVENUE),,,Plein jour,En agglomération,Hors intersection,Normale,Deux véhicules - côté,,,,,,,,,,,1,2,1,1.0,3
201200043929,0012-09-20 07:50:00,12,9,20,7,50,930,71,COQUELICOTS (RUE DES),,,Plein jour,En agglomération,Intersection en Y,Normale,Deux véhicules - côté,,,,,,,,,,,1,2,4,1.0,3
201200043930,0012-04-16 10:00:00,12,4,16,10,0,930,5,BD MARC CHAGALL,48.95307,2.5015,Plein jour,En agglomération,Autre intersection,Normale,Deux véhicules - côté,,,,,,,,,,,1,2,9,1.0,3
201200043931,0012-09-23 20:50:00,12,9,23,20,50,930,71,BALLANGER ROBERT (AVENUE,,,Nuit avec éclairage allumé,En agglomération,Hors intersection,Normale,Sans collision,,,,,,,,,,,5,2,1,1.0,7
201200043932,0012-09-25 16:20:00,12,9,25,16,20,930,71,", SALVADOR ALLENDE (AVEN",,,Plein jour,En agglomération,Giratoire,Normale,Deux véhicules - côté,,,,,,,,,,,1,2,6,1.0,3
201200043933,0012-04-23 20:55:00,12,4,23,20,55,930,5,R JACQUES DUCLOS,48.94711,2.49221,Plein jour,En agglomération,Hors intersection,Normale,Deux véhicules - arrière,,,,,,,,,,,1,2,1,1.0,2
201200043934,0012-09-30 13:50:00,12,9,30,13,50,930,71,DOCTEUR SCHAFFNER (AVENU,,,Plein jour,En agglomération,Intersection en X,Normale,Trois véhicules et plus - collisions multiples,,,,,,,,,,,1,2,2,1.0,5
201200043935,0012-10-04 09:45:00,12,10,4,9,45,930,71,ANDRE ROUSSEAU (AVENUE),,,Plein jour,En agglomération,Hors intersection,Pluie légère,Autre collision,,,,,,,,,,,1,2,1,2.0,6
201200043936,0012-04-29 18:15:00,12,4,29,18,15,930,5,AV DE NONNEVILLE,48.9267,2.50877,Plein jour,En agglomération,Intersection en X,Normale,Deux véhicules - côté,,,,,,,,,,,1,2,2,1.0,3
201200043937,0012-10-10 07:35:00,12,10,10,7,35,930,71,WESTINGHOUSE (BOULEVARD),48.9276,2.5193,Crépuscule ou aube,En agglomération,Intersection en X,Pluie légère,Deux véhicules - côté,,,,,,,,,,,2,2,2,2.0,3
201200043938,0012-05-04 13:20:00,12,5,4,13,20,930,5,"4, JEAN CHARCOT [CD115]",,,Plein jour,En agglomération,Hors intersection,Pluie légère,Autre collision,,,,,,,,,,,1,2,1,2.0,6
201200043939,0012-05-11 11:34:00,12,5,11,11,34,930,5,COQUELICOTS (RUE DES),48.942,2.50588,Plein jour,En agglomération,Hors intersection,Pluie légère,Autre collision,,,,,,,,,,,1,2,1,2.0,6
201200043940,0012-10-13 18:20:00,12,10,13,18,20,930,71,AULNAY (RUE D'),,,Plein jour,En agglomération,Intersection en X,Pluie légère,Deux véhicules - frontale,,,,,,,,,,,1,2,2,2.0,1
201200043941,0012-05-16 06:10:00,12,5,16,6,10,930,5,RAOUL DUFY (AVENUE),,,Plein jour,En agglomération,Intersection en T,Normale,Deux véhicules - arrière,,,,,,,,,,,1,2,3,1.0,2
201200043942,0012-10-15 17:05:00,12,10,15,17,5,930,71,MICHELET (RUE),48.9429,2.5264,Plein jour,En agglomération,Intersection en T,Normale,Autre collision,,,,,,,,,,,1,2,3,1.0,6
201200043943,0012-05-17 17:05:00,12,5,17,17,5,930,5,MITRY [CD115] (ROUTE DE),,,Plein jour,En agglomération,Giratoire,Normale,Trois véhicules et plus - en chaîne,,,,,,,,,,,1,2,6,1.0,4
201200043944,0012-10-17 18:00:00,12,10,17,18,0,930,71,SALVADOR ALLENDE (AVENUE,48.9477,2.528,Crépuscule ou aube,En agglomération,Hors intersection,Pluie légère,Autre collision,,,,,,,,,,,2,2,1,2.0,6
201200043945,0012-05-19 04:50:00,12,5,19,4,50,930,5,MOULIN DE LA VILLE (CHEM,,,Nuit avec éclairage allumé,En agglomération,Intersection en X,Normale,Autre collision,,,,,,,,,,,5,2,2,1.0,6
201200043946,0012-10-20 12:15:00,12,10,20,12,15,930,71,PETITS PONTS (ROUTE DES),,,Plein jour,En agglomération,Hors intersection,Pluie légère,Autre collision,,,,,,,,,,,1,2,1,2.0,6
201200043947,0012-11-02 16:30:00,12,11,2,16,30,930,71,"29, GENERAL LECLERC (AVE",48.93929,2.52595,Plein jour,En agglomération,Hors intersection,Pluie légère,Autre collision,,,,,,,,,,,1,2,1,2.0,6
201200043948,0012-05-22 20:10:00,12,5,22,20,10,930,5,PETITS PONTS (ROUTE DES),48.9315,2.48875,Crépuscule ou aube,En agglomération,Hors intersection,Normale,Deux véhicules - côté,,,,,,,,,,,2,2,1,1.0,3
201200043949,0012-11-14 08:40:00,12,11,14,8,40,930,71,"30, AULNAY (RUE D')",48.94016,2.52156,Plein jour,En agglomération,Intersection en T,Normale,Deux véhicules - côté,,,,,,,,,,,1,2,3,1.0,3
201200043950,0012-05-26 14:50:00,12,5,26,14,50,930,5,SEVRAN (CD44) (RUE DE),,,Plein jour,En agglomération,Hors intersection,Normale,Deux véhicules - arrière,,,,,,,,,,,1,2,1,1.0,2
201200043951,0012-11-14 09:20:00,12,11,14,9,20,930,71,ERNEST PIVOT (AVENUE),48.93005,2.52968,Plein jour,En agglomération,Giratoire,Pluie légère,Deux véhicules - côté,,,,,,,,,,,1,2,6,2.0,3
201200043952,0012-05-28 19:20:00,12,5,28,19,20,930,5,"104, ARTHUR CHEVALIER (R",48.9251,2.5114,Plein jour,En agglomération,Hors intersection,Normale,Deux véhicules - arrière,,,,,,,,,,,1,2,1,1.0,2
201200043953,0012-11-15 11:05:00,12,11,15,11,5,930,71,AUGUSTE CRETIER (PLACE),,,Plein jour,En agglomération,Hors intersection,Temps couvert,Autre collision,,,,,,,,,,,1,2,1,8.0,6
201200043954,0012-06-03 12:50:00,12,6,3,12,50,930,5,"8, LIBERTE (RUE DE LA)",48.9265,2.51028,Plein jour,En agglomération,Hors intersection,Temps couvert,Deux véhicules - côté,,,,,,,,,,,1,2,1,8.0,3
201200043955,0012-11-18 11:30:00,12,11,18,11,30,930,71,JOHN F. KENNEDY (AVENUE),48.93726,2.51421,Plein jour,En agglomération,Hors intersection,Pluie légère,Deux véhicules - côté,,,,,,,,,,,1,2,1,2.0,3
201200043956,0012-11-23 17:20:00,12,11,23,17,20,930,71,"1bis, GASTON BUSSIERE (P",,,Nuit avec éclairage allumé,En agglomération,Hors intersection,Pluie légère,Autre collision,,,,,,,,,,,5,2,1,2.0,6
201200043957,0012-06-08 06:05:00,12,6,8,6,5,930,5,MARC CHAGALL (BOULEVARD),,,Crépuscule ou aube,En agglomération,Intersection en T,Normale,Deux véhicules - côté,,,,,,,,,,,2,2,3,1.0,3
201200043958,0012-11-29 09:40:00,12,11,29,9,40,930,71,30 BERLIOZ HECTOR (AVEN,,,Plein jour,En agglomération,Hors intersection,Normale,Autre collision,,,,,,,,,,,1,2,1,1.0,6
201200043959,0012-06-09 19:00:00,12,6,9,19,0,930,71,IRENE ET FREDERIC JOLIOT,48.9291,2.51332,Plein jour,En agglomération,Hors intersection,Normale,Deux véhicules - frontale,,,,,,,,,,,1,2,1,1.0,1
201200043960,0012-06-11 07:30:00,12,6,11,7,30,930,5,MARECHAL JUIN (AVENUE DU,48.9397,2.5083,Plein jour,En agglomération,Intersection en T,Pluie légère,Sans collision,,,,,,,,,,,1,2,3,2.0,7
201200043961,0012-06-11 14:25:00,12,6,11,14,25,930,5,LOUISE MICHEL (RUE),48.9317,2.49991,Plein jour,En agglomération,Hors intersection,Normale,Trois véhicules et plus - en chaîne,,,,,,,,,,,1,2,1,1.0,4
201200043962,0012-06-12 21:40:00,12,6,12,21,40,930,5,"22, SEVERINE (RUE)",48.9268,2.4874,Plein jour,En agglomération,Intersection en X,Normale,Deux véhicules - côté,,,,,,,,,,,1,2,2,1.0,3
201200043963,0012-06-13 14:35:00,12,6,13,14,35,930,5,EDGAR DEGAS (RUE),48.956,2.49631,Plein jour,En agglomération,Intersection en X,Normale,Deux véhicules - côté,,,,,,,,,,,1,2,2,1.0,3