accident_id,datetime,annee,mois,jour,heure,minute,departement,commune_insee,adresse,latitude,longitude,luminosite,agglomeration,intersection,meteo,collision,nb_vehicules,nb_usagers,nb_indemnes,nb_tues,nb_blesses_hosp,nb_blesses_legers,age_cond_1,age_cond_2,veh_type_cond_1,veh_type_cond_2,lum_code,agg_code,int_code,atm_code,col_code
201200043964,0012-06-14 23:45:00,12,6,14,23,45,930,5,PAUL CEZANNE (RUE),,,Nuit avec éclairage allumé,En agglomération,Giratoire,Pluie légère,Deux véhicules - arrière,,,,,,,,,,,5,2,6,2.0,2
201200043965,0012-06-20 18:50:00,12,6,20,18,50,930,5,25 AV DE SAVIGNY,48.9505,2.51095,Plein jour,En agglomération,Hors intersection,Normale,Autre collision,,,,,,,,,,,1,2,1,1.0,6
201200043966,0012-06-22 13:50:00,12,6,22,13,50,930,5,R HENRI MATISSE,48.9571,2.50365,Plein jour,En agglomération,Hors intersection,Normale,Sans collision,,,,,,,,,,,1,2,1,1.0,7
201200043967,0012-06-23 13:04:00,12,6,23,13,4,930,5,R ROBERT BREMOND,48.9581,2.46518,Plein jour,Hors agglomération,Hors intersection,Normale,Sans collision,,,,,,,,,,,1,1,1,1.0,7
201200043968,0012-06-23 20:30:00,12,6,23,20,30,930,5,ATHENES (ALLEE D'),48.9499,2.4913,Plein jour,En agglomération,Hors intersection,Normale,Autre collision,,,,,,,,,,,1,2,1,1.0,6
201200043969,0012-06-28 06:45:00,12,6,28,6,45,930,5,AV DE SAVIGNY,48.9505,2.51094,Plein jour,En agglomération,Hors intersection,Normale,Deux véhicules - frontale,,,,,,,,,,,1,2,1,1.0,1
201200043970,0012-06-28 18:50:00,12,6,28,18,50,930,5,JACQUES DUCLOS [CD44] (R,,,Plein jour,En agglomération,Hors intersection,Normale,Trois véhicules et plus - en chaîne,,,,,,,,,,,1,2,1,1.0,4
201200043971,0012-06-22 18:00:00,12,6,22,18,0,930,5,R EDGAR DEGAS,48.9557,2.49671,Plein jour,En agglomération,Hors intersection,Normale,Autre collision,,,,,,,,,,,1,2,1,1.0,6
201200043972,0012-06-29 14:10:00,12,6,29,14,10,930,5,49 R DE LA DIVISION LECL,48.9262,2.48623,Plein jour,En agglomération,Hors intersection,Normale,Autre collision,,,,,,,,,,,1,2,1,1.0,6
201200043973,0012-06-30 20:00:00,12,6,30,20,0,930,5,R MICHEL ANGE,48.9561,2.48866,Crépuscule ou aube,En agglomération,Hors intersection,Normale,Autre collision,,,,,,,,,,,2,2,1,1.0,6
201200043974,0012-07-05 18:30:00,12,7,5,18,30,930,5,KENNEDY [RN370] (BOULEVA,,,Plein jour,En agglomération,Hors intersection,Pluie forte,Autre collision,,,,,,,,,,,1,2,1,3.0,6
201200043975,0012-07-06 17:00:00,12,7,6,17,0,930,5,GEORGES BRAQUE (BOULEVAR,,,Plein jour,En agglomération,Hors intersection,Pluie légère,Sans collision,,,,,,,,,,,1,2,1,2.0,7
201200043976,0012-07-08 12:30:00,12,7,8,12,30,930,5,AV JEAN JAURES,48.9267,2.4968,Plein jour,En agglomération,Intersection en T,Temps couvert,Deux véhicules - côté,,,,,,,,,,,1,2,3,8.0,3
201200043977,0012-07-10 18:00:00,12,7,10,18,0,930,5,MOULIN DE LA VILLE (CHEM,48.9481,2.49288,Plein jour,En agglomération,Hors intersection,Normale,Autre collision,,,,,,,,,,,1,2,1,1.0,6
201200043978,0012-07-13 06:20:00,12,7,13,6,20,930,5,JACQUES DUCLOS [CD44] (R,48.9497,2.48848,Crépuscule ou aube,En agglomération,Intersection en X,Pluie légère,Deux véhicules - côté,,,,,,,,,,,2,2,2,2.0,3
201200043979,0012-07-18 21:10:00,12,7,18,21,10,930,5,"19, TOURAINE (AVENUE DE)",48.9297,2.50854,Crépuscule ou aube,En agglomération,Hors intersection,Normale,Autre collision,,,,,,,,,,,2,2,1,1.0,6
201200043980,0012-07-19 15:00:00,12,7,19,15,0,930,5,GEORGES BRAQUE (BOULEVAR,48.9582,2.47798,Plein jour,En agglomération,Hors intersection,Normale,Deux véhicules - arrière,,,,,,,,,,,1,2,1,1.0,2
201200043981,0012-07-26 17:50:00,12,7,26,17,50,930,5,RAOUL DUFY (AVENUE),,,Plein jour,En agglomération,Intersection en T,Normale,Deux véhicules - côté,,,,,,,,,,,1,2,3,1.0,3
201200043982,0012-07-26 17:25:00,12,7,26,17,25,930,5,BALAGNY (RUE DE),,,Plein jour,En agglomération,Hors intersection,Normale,Deux véhicules - arrière,,,,,,,,,,,1,2,1,1.0,2
201200043983,0012-07-28 19:30:00,12,7,28,19,30,930,5,LOUISE MICHEL (RUE),,,Plein jour,En agglomération,Intersection en X,Normale,Deux véhicules - arrière,,,,,,,,,,,1,2,2,1.0,2
201200043984,0012-08-02 17:40:00,12,8,2,17,40,930,5,SUZANNE LENGLEN (AVENUE),48.9505,2.5148,Plein jour,En agglomération,Hors intersection,Normale,Autre collision,,,,,,,,,,,1,2,1,1.0,6
201200043985,0012-08-08 19:15:00,12,8,8,19,15,930,5,GAMBETTA (AVENUE),48.9375,2.48742,Plein jour,En agglomération,Intersection en X,Normale,Deux véhicules - côté,,,,,,,,,,,1,2,2,1.0,3
201200043986,0012-08-12 12:55:00,12,8,12,12,55,930,5,"09, JEAN JAURES (AVENUE)",48.9268,2.49635,Plein jour,En agglomération,Hors intersection,Normale,Deux véhicules - côté,,,,,,,,,,,1,2,1,1.0,3
201200043987,0012-08-14 04:00:00,12,8,14,4,0,930,5,PAUL CEZANNE (RUE),,,Nuit avec éclairage allumé,En agglomération,Hors intersection,Normale,Deux véhicules - arrière,,,,,,,,,,,5,2,1,1.0,2
201200043988,0012-08-16 16:20:00,12,8,16,16,20,930,71,MITRY [CD115] (ROUTE DE),48.9502,2.52292,Plein jour,En agglomération,Hors intersection,Normale,Deux véhicules - arrière,,,,,,,,,,,1,2,1,1.0,2
201200043989,0012-08-17 09:20:00,12,8,17,9,20,930,5,"12, HENRI MATISSE (RUE)",48.956,2.50162,Plein jour,En agglomération,Intersection en X,Normale,Autre collision,,,,,,,,,,,1,2,2,1.0,6
201200043990,0012-08-30 19:00:00,12,8,30,19,0,930,5,EDGAR DEGAS (RUE),48.9557,2.49671,Plein jour,En agglomération,Hors intersection,Normale,Autre collision,,,,,,,,,,,1,2,1,1.0,6
201200043991,0012-08-31 15:10:00,12,8,31,15,10,930,5,EUROPE (CARREFOUR DE L'),,,Plein jour,Hors agglomération,Hors intersection,Normale,Deux véhicules - côté,,,,,,,,,,,1,1,1,1.0,3
201200043992,0012-09-06 14:15:00,12,9,6,14,15,930,5,"NEANT, MARC CHAGALL (BOU",,,Plein jour,En agglomération,Intersection en T,Normale,Deux véhicules - côté,,,,,,,,,,,1,2,3,1.0,3
201200043993,0012-09-08 16:30:00,12,9,8,16,30,930,5,JACQUES DUCLOS [CD44] (R,,,Plein jour,En agglomération,Hors intersection,Normale,Autre collision,,,,,,,,,,,1,2,1,1.0,6
201200043994,0012-09-11 10:00:00,12,9,11,10,0,930,5,"1, MARCEL (RUE)",,,Plein jour,En agglomération,Hors intersection,Pluie légère,Autre collision,,,,,,,,,,,1,2,1,2.0,6
201200043995,0012-09-11 05:50:00,12,9,11,5,50,930,5,CLEMENT ADER (RUE),,,Nuit avec éclairage allumé,En agglomération,Giratoire,Pluie légère,Deux véhicules - côté,,,,,,,,,,,5,2,6,2.0,3
201200043996,0012-09-19 09:30:00,12,9,19,9,30,930,5,"02, LOUIS COUTANT (RUE)",,,Plein jour,En agglomération,Intersection en X,Temps éblouissant,Deux véhicules - côté,,,,,,,,,,,1,2,2,7.0,3
201200043997,0012-09-22 17:30:00,12,9,22,17,30,930,5,HENRI MATISSE (RUE),,,Plein jour,En agglomération,Hors intersection,Normale,Sans collision,,,,,,,,,,,1,2,1,1.0,7
201200043998,0012-09-25 14:30:00,12,9,25,14,30,930,5,"39, JEAN CHARCOT [CD115]",,,Plein jour,En agglomération,Hors intersection,Normale,Deux véhicules - arrière,,,,,,,,,,,1,2,1,1.0,2
201200043999,0012-09-26 14:30:00,12,9,26,14,30,930,5,HOTEL DE VILLE (BOULEVAR,,,Plein jour,En agglomération,Hors intersection,Normale,Autre collision,,,,,,,,,,,1,2,1,1.0,6
201200044000,0012-09-29 14:30:00,12,9,29,14,30,930,5,MARC CHAGALL (BOULEVARD),,,Plein jour,Hors agglomération,Hors intersection,Normale,Sans collision,,,,,,,,,,,1,1,1,1.0,7
201200044001,0012-09-29 19:30:00,12,9,29,19,30,930,5,ROMAIN ROLLAND (AVENUE),,,Plein jour,En agglomération,Intersection en X,Normale,Deux véhicules - côté,,,,,,,,,,,1,2,2,1.0,3
201200044002,0012-10-03 14:40:00,12,10,3,14,40,930,5,CAMILLE PELLETAN (RUE),,,Plein jour,En agglomération,Autre intersection,Temps couvert,Autre collision,,,,,,,,,,,1,2,9,8.0,6
201200044003,0012-10-03 15:00:00,12,10,3,15,0,930,5,CLAUDE DEBUSSY (RUE),48.9524,2.5087,Plein jour,En agglomération,Hors intersection,Pluie légère,Autre collision,,,,,,,,,,,1,2,1,2.0,6
201200044004,0012-10-08 17:30:00,12,10,8,17,30,930,5,JULIEN MIRA (RUE),48.9319,2.4921,Plein jour,En agglomération,Hors intersection,Pluie légère,Deux véhicules - côté,,,,,,,,,,,1,2,1,2.0,3
201200044005,0012-10-09 07:50:00,12,10,9,7,50,930,5,PAUL CEZANNE (RUE),48.9524,2.4906,Plein jour,En agglomération,Intersection en X,Pluie légère,Deux véhicules - côté,,,,,,,,,,,1,2,2,2.0,3
201200044006,0012-10-10 08:10:00,12,10,10,8,10,930,5,"116, MITRY [CD115] (RUE",,,Crépuscule ou aube,En agglomération,Intersection en T,Pluie légère,Deux véhicules - arrière,,,,,,,,,,,2,2,3,2.0,2
201200044007,0012-10-13 00:50:00,12,10,13,0,50,930,5,"52, ARTHUR CHEVALIER (RU",48.928,2.508,Nuit avec éclairage allumé,En agglomération,Hors intersection,Normale,Deux véhicules - frontale,,,,,,,,,,,5,2,1,1.0,1
201200044008,0012-10-14 21:10:00,12,10,14,21,10,930,5,MITRY [CD115] (ROUTE DE),,,Nuit avec éclairage allumé,En agglomération,Intersection en X,Pluie forte,Deux véhicules - côté,,,,,,,,,,,5,2,2,3.0,3
201200044009,0012-10-15 18:00:00,12,10,15,18,0,930,5,SEVRAN (CD44) (RUE DE),48.9402,2.5021,Plein jour,En agglomération,Intersection en X,Normale,Deux véhicules - côté,,,,,,,,,,,1,2,2,1.0,3
201200044010,0012-11-02 19:20:00,12,11,2,19,20,930,5,JEAN CHARCOT [CD115] (RU,48.9358,2.49388,Nuit avec éclairage allumé,En agglomération,Intersection à plus de 4 branches,Normale,Deux véhicules - côté,,,,,,,,,,,5,2,5,1.0,3
201200044011,0012-11-05 19:20:00,12,11,5,19,20,930,5,"12, PROGRES (RUE DES)",48.94319,2.49797,Nuit avec éclairage allumé,En agglomération,Intersection en X,Normale,Deux véhicules - frontale,,,,,,,,,,,5,2,2,1.0,1
201200044012,0012-11-06 01:30:00,12,11,6,1,30,930,5,"42 bis, JULES PRINCET [C",,,Nuit avec éclairage allumé,En agglomération,Hors intersection,Normale,Autre collision,,,,,,,,,,,5,2,1,1.0,6
201200044013,0012-11-08 00:20:00,12,11,8,0,20,930,5,ANATOLE FRANCE (AVENUE),48.93903,2.49555,Nuit avec éclairage allumé,En agglomération,Hors intersection,Normale,Deux véhicules - côté,,,,,,,,,,,5,2,1,1.0,3
201200044014,0012-11-12 10:20:00,12,11,12,10,20,930,5,JEAN CHARCOT [CD115] (RU,,,Plein jour,En agglomération,Intersection en T,Normale,Deux véhicules - côté,,,,,,,,,,,1,2,3,1.0,3
201200044015,0012-11-12 18:50:00,12,11,12,18,50,930,5,ROBERT SCHUMAN (CARREFOU,48.9495,2.5171,Nuit avec éclairage allumé,En agglomération,Hors intersection,Normale,Deux véhicules - côté,,,,,,,,,,,5,2,1,1.0,3
201200044016,0012-11-13 07:50:00,12,11,13,7,50,930,5,STRASBOURG (BOULEVARD DE,48.924,2.4863,Plein jour,En agglomération,Intersection en X,Pluie légère,Deux véhicules - côté,,,,,,,,,,,1,2,2,2.0,3
201200044017,0012-11-15 18:30:00,12,11,15,18,30,930,5,"54, SEVIGNE (AVENUE DE)",48.92253,2.50952,Plein jour,En agglomération,Hors intersection,Normale,Autre collision,,,,,,,,,,,1,2,1,1.0,6
201200044018,0012-11-19 12:55:00,12,11,19,12,55,930,5,"77, JACQUES DUCLOS [CD44",,,Plein jour,En agglomération,Hors intersection,Pluie légère,Deux véhicules - arrière,,,,,,,,,,,1,2,1,2.0,2
201200044019,0012-11-22 16:50:00,12,11,22,16,50,930,5,"6, LEON (RUE)",,,Plein jour,En agglomération,Hors intersection,Normale,Sans collision,,,,,,,,,,,1,2,1,1.0,7
201200044020,0012-11-24 10:00:00,12,11,24,10,0,930,5,PAUL CEZANNE (RUE),,,Plein jour,En agglomération,Hors intersection,Normale,Deux véhicules - arrière,,,,,,,,,,,1,2,1,1.0,2
201200044021,0012-11-25 14:35:00,12,11,25,14,35,930,5,EUGENE DELACROIX (RUE),,,Plein jour,En agglomération,Hors intersection,Normale,Autre collision,,,,,,,,,,,1,2,1,1.0,6
201200044022,0012-11-26 08:55:00,12,11,26,8,55,930,5,PIERRE SEMARD (AVENUE),,,Plein jour,En agglomération,Hors intersection,Normale,Deux véhicules - côté,,,,,,,,,,,1,2,1,1.0,3
201200044023,0012-11-27 10:10:00,12,11,27,10,10,930,5,"17, JACQUES DUCLOS [CD44",,,Plein jour,En agglomération,Hors intersection,Normale,Autre collision,,,,,,,,,,,1,2,1,1.0,6
201200044024,0012-11-29 13:00:00,12,11,29,13,0,930,5,CALMETTE ET GUERIN (RUE),,,Plein jour,En agglomération,Hors intersection,Normale,Deux véhicules - côté,,,,,,,,,,,1,2,1,1.0,3
201200044025,0012-11-29 19:15:00,12,11,29,19,15,930,5,NONNEVILLE (AVENUE DE),,,Nuit avec éclairage allumé,En agglomération,Hors intersection,Normale,Deux véhicules - arrière,,,,,,,,,,,5,2,1,1.0,2
201200044026,0012-12-06 05:40:00,12,12,6,5,40,930,5,RAOUL DUFY (AVENUE),,,Nuit avec éclairage allumé,En agglomération,Intersection en T,Autre,Deux véhicules - arrière,,,,,,,,,,,5,2,3,9.0,2
201200044027,0012-12-04 18:00:00,12,12,4,18,0,930,5,SUZANNE LENGLEN (AVENUE),48.9512,2.51392,Nuit avec éclairage allumé,En agglomération,Hors intersection,Pluie légère,Sans collision,,,,,,,,,,,5,2,1,2.0,7
201200044028,0012-12-09 13:00:00,12,12,9,13,0,930,5,STRASBOURG (BOULEVARD DE,,,Plein jour,En agglomération,Hors intersection,Normale,Autre collision,,,,,,,,,,,1,2,1,1.0,6
201200044029,0012-12-09 16:10:00,12,12,9,16,10,930,5,MAURICE UTRILLO (RUE),48.95445,2.50619,Plein jour,En agglomération,Intersection en X,Normale,Deux véhicules - côté,,,,,,,,,,,1,2,2,1.0,3
201200044030,0012-12-11 21:15:00,12,12,11,21,15,930,5,"53, PREFET CHALEIL RUE D",48.9397,2.50792,Nuit avec éclairage allumé,En agglomération,Intersection en T,Normale,Deux véhicules - côté,,,,,,,,,,,5,2,3,1.0,3
201200044031,0012-01-01 16:30:00,12,1,1,16,30,930,7,"4, AV SAINT-PIERRE",,,Plein jour,En agglomération,Hors intersection,Pluie légère,Deux véhicules - frontale,,,,,,,,,,,1,2,1,2.0,1
201200044032,0012-01-02 17:50:00,12,1,2,17,50,930,7,"159, AV PAUL VAILLANT CO",,,Crépuscule ou aube,En agglomération,Hors intersection,Pluie légère,Deux véhicules - côté,,,,,,,,,,,2,2,1,2.0,3
201200044033,0012-01-03 17:50:00,12,1,3,17,50,930,7,AV PAUL VAILLANT COUTURI,,,Nuit avec éclairage allumé,En agglomération,Hors intersection,Pluie légère,Autre collision,,,,,,,,,,,5,2,1,2.0,6
201200044034,0012-01-04 07:00:00,12,1,4,7,0,930,7,AV GAMBETTA,,,Nuit avec éclairage allumé,En agglomération,Passage à niveau,Temps couvert,Autre collision,,,,,,,,,,,5,2,8,8.0,6
201200044035,0012-01-09 17:40:00,12,1,9,17,40,930,7,"12, AV CAMELINAT",,,Nuit avec éclairage allumé,En agglomération,Hors intersection,Normale,Autre collision,,,,,,,,,,,5,2,1,1.0,6
201200044036,0012-01-21 19:20:00,12,1,21,19,20,930,7,QUEBEC / ROME,,,Nuit avec éclairage allumé,En agglomération,Intersection en X,Pluie légère,Deux véhicules - côté,,,,,,,,,,,5,2,2,2.0,3
201200044037,0012-01-24 14:40:00,12,1,24,14,40,930,7,AV PAUL VAILLANT COUTURI,,,Plein jour,En agglomération,Hors intersection,Pluie légère,Deux véhicules - arrière,,,,,,,,,,,1,2,1,2.0,2
201200044038,0012-01-24 19:40:00,12,1,24,19,40,930,7,AV ARISTIDE BRIAND,,,Nuit avec éclairage allumé,En agglomération,Hors intersection,Pluie légère,Autre collision,,,,,,,,,,,5,2,1,2.0,6
201200044039,0012-01-28 23:45:00,12,1,28,23,45,930,7,DIVISION LECLERC,,,Nuit avec éclairage allumé,En agglomération,Giratoire,Normale,Sans collision,,,,,,,,,,,5,2,6,1.0,7
201200044040,0012-02-02 17:30:00,12,2,2,17,30,930,7,"32, AV ALBERT EINSTEIN",48.9422,2.47532,Crépuscule ou aube,En agglomération,Hors intersection,Autre,Deux véhicules - côté,,,,,,,,,,,2,2,1,9.0,3
201200044041,0012-02-03 15:00:00,12,2,3,15,0,930,7,MATHILDE EMILIE / LAROQU,48.92274,2.47138,Plein jour,En agglomération,Intersection en X,Normale,Deux véhicules - arrière,,,,,,,,,,,1,2,2,1.0,2
201200044042,0012-02-06 16:30:00,12,2,6,16,30,930,7,79 AV HENRI BARBUSSE,48.9395,2.46183,Plein jour,En agglomération,Hors intersection,Temps couvert,Autre collision,,,,,,,,,,,1,2,1,8.0,6
201200044043,0012-02-07 12:20:00,12,2,7,12,20,930,7,GIRAUD / PAQUERETTES,48.9444,2.45566,Plein jour,En agglomération,Intersection en X,Normale,Deux véhicules - côté,,,,,,,,,,,1,2,2,1.0,3
201200044044,0012-02-12 21:00:00,12,2,12,21,0,930,7,"31, ""PIERRE SEMARD (RUE",,,Nuit avec éclairage allumé,En agglomération,Hors intersection,Normale,Autre collision,,,,,,,,,,,5,2,1,1.0,6
201200044045,0012-02-13 11:40:00,12,2,13,11,40,930,7,"184, 8 MAI 45 (AVENUE DU",,,Plein jour,En agglomération,Hors intersection,Temps couvert,Deux véhicules - arrière,,,,,,,,,,,1,2,1,8.0,2
201200044046,0012-02-14 10:40:00,12,2,14,10,40,930,7,"172, ""PAUL VAILLANT COUT",,,Plein jour,En agglomération,Hors intersection,Pluie légère,Deux véhicules - frontale,,,,,,,,,,,1,2,1,2.0,1
201200044047,0012-02-26 19:20:00,12,2,26,19,20,930,7,8 MAI 45 (AVENUE DU 1 AU,,,Crépuscule ou aube,En agglomération,Hors intersection,Normale,Sans collision,,,,,,,,,,,2,2,1,1.0,7
201200044048,0012-03-04 16:00:00,12,3,4,16,0,930,7,"110, DIVISION LECLERC (A",48.9472,2.45901,Plein jour,En agglomération,Hors intersection,Pluie légère,Autre collision,,,,,,,,,,,1,2,1,2.0,6
201200044049,0012-03-17 11:50:00,12,3,17,11,50,930,7,"88, AV PAUL VAILLANT COU",,,Plein jour,En agglomération,Hors intersection,Normale,Deux véhicules - frontale,,,,,,,,,,,1,2,1,1.0,1
201200044050,0012-03-20 17:10:00,12,3,20,17,10,930,7,"12, CHARLES FLOQUET (AVE",48.9387,2.45967,Plein jour,En agglomération,Hors intersection,Normale,Autre collision,,,,,,,,,,,1,2,1,1.0,6
201200044051,0012-03-30 12:50:00,12,3,30,12,50,930,7,MARCEL CACHIN (AVENUE),48.9234,2.46601,Plein jour,En agglomération,Hors intersection,Normale,Autre collision,,,,,,,,,,,1,2,1,1.0,6
201200044052,0012-04-01 18:25:00,12,4,1,18,25,930,7,PL DE CHAMPAGNE,48.9256,2.47609,Plein jour,En agglomération,Hors intersection,Normale,Autre collision,,,,,,,,,,,1,2,1,1.0,6
201200044053,0012-04-07 00:05:00,12,4,7,0,5,930,7,DESCARTES (CIMETIERE),48.9502,2.45456,Nuit avec éclairage non allumé,En agglomération,Intersection en X,Normale,Trois véhicules et plus - collisions multiples,,,,,,,,,,,4,2,2,1.0,5
201200044054,0012-04-16 19:30:00,12,4,16,19,30,930,7,AUDRAN (RUE),48.9407,2.46314,Plein jour,En agglomération,Intersection en X,Normale,Deux véhicules - côté,,,,,,,,,,,1,2,2,1.0,3
201200044055,0012-05-02 15:45:00,12,5,2,15,45,930,7,COSMONAUTES (AVENUE DES),,,Plein jour,En agglomération,Intersection en T,Pluie légère,Autre collision,,,,,,,,,,,1,2,3,2.0,6
201200044056,0012-05-09 14:10:00,12,5,9,14,10,930,7,"48, MARCEL LEGRAND (AVEN",48.9408,2.4393,Plein jour,En agglomération,Hors intersection,Normale,Autre collision,,,,,,,,,,,1,2,1,1.0,6
201200044057,0012-05-11 16:25:00,12,5,11,16,25,930,7,HENRI BARBUSSE (AVENUE),48.9407,2.46314,Plein jour,En agglomération,Intersection en X,Normale,Autre collision,,,,,,,,,,,1,2,2,1.0,6
201200044058,0012-05-11 17:55:00,12,5,11,17,55,930,7,TOURAINE (RUE DE),48.926,2.47414,Plein jour,En agglomération,Hors intersection,Normale,Autre collision,,,,,,,,,,,1,2,1,1.0,6
201200044059,0012-05-12 15:05:00,12,5,12,15,5,930,7,GABRIEL PERI (PLACE),48.9392,2.46356,Plein jour,En agglomération,Hors intersection,Normale,Autre collision,,,,,,,,,,,1,2,1,1.0,6
201200044060,0012-05-15 19:00:00,12,5,15,19,0,930,7,"""REPUBLIQUE (AVENUE DE L",48.9357,2.46819,Plein jour,En agglomération,Intersection en T,Normale,Deux véhicules - côté,,,,,,,,,,,1,2,3,1.0,3
201200044061,0012-05-22 15:45:00,12,5,22,15,45,930,7,GABRIEL PERI (PLACE),48.9387,2.46426,Plein jour,En agglomération,Hors intersection,Normale,Deux véhicules - arrière,,,,,,,,,,,1,2,1,1.0,2
201200044062,0012-05-23 17:20:00,12,5,23,17,20,930,7,MAURICE THOREZ (RUE),48.9254,2.47554,Plein jour,En agglomération,Hors intersection,Normale,Deux véhicules - côté,,,,,,,,,,,1,2,1,1.0,3
201200044063,0012-05-24 12:35:00,12,5,24,12,35,930,7,", CHARLES FLOQUET (AVENU",48.9405,2.44584,Plein jour,En agglomération,Hors intersection,Normale,Autre collision,,,,,,,,,,,1,2,1,1.0,6
201200044064,0012-05-29 18:40:00,12,5,29,18,40,930,7,"188, BEL ABBES (AVENUE D",48.9276,2.48036,Plein jour,En agglomération,Hors intersection,Normale,Deux véhicules - côté,,,,,,,,,,,1,2,1,1.0,3
201200044065,0012-06-04 16:35:00,12,6,4,16,35,930,7,ARISTIDE BRIAND (AVENUE,,,Plein jour,En agglomération,Hors intersection,Normale,Autre collision,,,,,,,,,,,1,2,1,1.0,6
201200044066,0012-06-04 20:28:00,12,6,4,20,28,930,7,"73, ARISTIDE BRIAND (AVE",48.94333,2.44303,Plein jour,En agglomération,Intersection en T,Temps couvert,Deux véhicules - côté,,,,,,,,,,,1,2,3,8.0,3
201200044067,0012-06-10 03:30:00,12,6,10,3,30,930,7,"22, CLAUDE DEBUSSY (RUE)",48.9392,2.46611,Nuit avec éclairage allumé,En agglomération,Hors intersection,Normale,Autre collision,,,,,,,,,,,5,2,1,1.0,6
201200044068,0012-06-12 03:00:00,12,6,12,3,0,930,7,PAIX (AVENUE DE LA),48.9342,2.45939,Nuit avec éclairage allumé,En agglomération,Hors intersection,Normale,Autre collision,,,,,,,,,,,5,2,1,1.0,6
201200044069,0012-06-12 12:30:00,12,6,12,12,30,930,7,AMBROISE CROIZAT (AVENUE,48.934,2.47116,Plein jour,En agglomération,Intersection en X,Pluie légère,Deux véhicules - côté,,,,,,,,,,,1,2,2,2.0,3
201200044070,0012-06-12 12:50:00,12,6,12,12,50,930,7,CHARLES FLOQUET (AVENUE),48.9405,2.4472,Plein jour,En agglomération,Hors intersection,Pluie légère,Deux véhicules - arrière,,,,,,,,,,,1,2,1,2.0,2
201200044071,0012-06-17 11:40:00,12,6,17,11,40,930,7,PABLO NERUDA (ROND-POINT,,,Plein jour,En agglomération,Giratoire,Normale,Deux véhicules - côté,,,,,,,,,,,1,2,6,1.0,3
201200044072,0012-06-21 12:55:00,12,6,21,12,55,930,7,1 AV PVC,48.9266,2.47024,Plein jour,En agglomération,Hors intersection,Pluie légère,Autre collision,,,,,,,,,,,1,2,1,2.0,6
201200044073,0012-06-22 23:35:00,12,6,22,23,35,930,7,1 AV PVC,48.9271,2.4724,Nuit avec éclairage non allumé,En agglomération,Hors intersection,Normale,Deux véhicules - côté,,,,,,,,,,,4,2,1,1.0,3
201200044074,0012-07-08 21:24:00,12,7,8,21,24,930,7,R EUGENE VARLIN,48.92856,2.48095,Plein jour,En agglomération,Giratoire,Normale,Deux véhicules - côté,,,,,,,,,,,1,2,6,1.0,3
201200044075,0012-07-13 05:45:00,12,7,13,5,45,930,7,", 8 MAI 45 (AVENUE DU",,,Crépuscule ou aube,En agglomération,Intersection en T,Pluie légère,Deux véhicules - côté,,,,,,,,,,,2,2,3,2.0,3
201200044076,0012-07-16 14:15:00,12,7,16,14,15,930,7,"30, ARISTIDE BRIAND (AVE",48.9424,2.43783,Plein jour,En agglomération,Hors intersection,Normale,Sans collision,,,,,,,,,,,1,2,1,1.0,7
201200044077,0012-07-17 15:00:00,12,7,17,15,0,930,7,"37, ""PIERRE SEMARD (RUE",48.9342,2.47671,Plein jour,En agglomération,Hors intersection,Normale,Deux véhicules - côté,,,,,,,,,,,1,2,1,1.0,3
201200044078,0012-07-23 19:00:00,12,7,23,19,0,930,7,"""PIERRE SEMARD (RUE """"CO",,,Plein jour,En agglomération,Autre intersection,Normale,Deux véhicules - arrière,,,,,,,,,,,1,2,9,1.0,2
201200044079,0012-08-17 06:00:00,12,8,17,6,0,930,7,AV ALBERT EINSTEIN,48.9419,2.47566,Crépuscule ou aube,En agglomération,Intersection en X,Normale,Sans collision,,,,,,,,,,,2,2,2,1.0,7
201200044080,0012-09-19 17:40:00,12,9,19,17,40,930,7,MAURICE AUDIN (RUE),,,Plein jour,En agglomération,Hors intersection,Normale,Autre collision,,,,,,,,,,,1,2,1,1.0,6
201200044081,0012-09-27 12:50:00,12,9,27,12,50,930,7,"""PAUL VAILLANT COUTURIER",,,Plein jour,En agglomération,Hors intersection,Pluie légère,Deux véhicules - côté,,,,,,,,,,,1,2,1,2.0,3
201200044082,0012-09-28 16:25:00,12,9,28,16,25,930,7,"10, QUEBEC (AVENUE DU)",,,Plein jour,En agglomération,Hors intersection,Normale,Autre collision,,,,,,,,,,,1,2,1,1.0,6
201200044083,0012-10-08 21:20:00,12,10,8,21,20,930,7,ARISTIDE BRIAND (AVENUE,,,Nuit avec éclairage allumé,En agglomération,Intersection en X,Pluie forte,Deux véhicules - côté,,,,,,,,,,,5,2,2,3.0,3
201200044084,0012-10-13 20:00:00,12,10,13,20,0,930,7,"144, ARISTIDE BRIAND (AV",48.9453,2.4513,Nuit avec éclairage allumé,En agglomération,Hors intersection,Pluie légère,Deux véhicules - frontale,,,,,,,,,,,5,2,1,2.0,1
201200044085,0012-10-16 13:40:00,12,10,16,13,40,930,7,"""DESCARTES (AVENUE """"DU",,,Plein jour,En agglomération,Hors intersection,Normale,Deux véhicules - arrière,,,,,,,,,,,1,2,1,1.0,2
201200044086,0012-10-17 00:45:00,12,10,17,0,45,930,7,ABBE NIORT (RUE DE L'),,,Nuit sans éclairage public,En agglomération,Hors intersection,Normale,Deux véhicules - arrière,,,,,,,,,,,3,2,1,1.0,2
201200044087,0012-10-26 14:45:00,12,10,26,14,45,930,7,"153, PASTEUR (AVENUE)",,,Plein jour,En agglomération,Hors intersection,Normale,Deux véhicules - arrière,,,,,,,,,,,1,2,1,1.0,2
201200044088,0012-10-28 19:45:00,12,10,28,19,45,930,7,DEFENSE DU BOURGET (AVEN,,,Nuit avec éclairage allumé,En agglomération,Intersection en T,Normale,Deux véhicules - côté,,,,,,,,,,,5,2,3,1.0,3
201200044089,0012-10-29 14:10:00,12,10,29,14,10,930,7,8 MAI 45 (AVENUE DU 1 AU,,,Plein jour,En agglomération,Intersection en X,Normale,Autre collision,,,,,,,,,,,1,2,2,1.0,6