accident_id,datetime,annee,mois,jour,heure,minute,departement,commune_insee,adresse,latitude,longitude,luminosite,agglomeration,intersection,meteo,collision,nb_vehicules,nb_usagers,nb_indemnes,nb_tues,nb_blesses_hosp,nb_blesses_legers,age_cond_1,age_cond_2,veh_type_cond_1,veh_type_cond_2,lum_code,agg_code,int_code,atm_code,col_code
201200044338,0012-08-15 19:35:00,12,8,15,19,35,930,14,GAGARINE (BOULEVARD),48.9062,2.53823,Plein jour,En agglomération,Hors intersection,Normale,Autre collision,,,,,,,,,,,1,2,1,1.0,6
201200044339,0012-09-01 20:00:00,12,9,1,20,0,930,47,"24, PAUL BERT  (RUE)",,,Plein jour,En agglomération,Hors intersection,Normale,Autre collision,,,,,,,,,,,1,2,1,1.0,6
201200044340,0012-09-02 21:00:00,12,9,2,21,0,930,47,MUGUETS  (AVENUE DES),,,Nuit avec éclairage allumé,En agglomération,Intersection en X,Normale,Deux véhicules - côté,,,,,,,,,,,5,2,2,1.0,3
201200044341,0012-09-04 16:00:00,12,9,4,16,0,930,47,"28, HENRI BARBUSSE  (RUE",,,Plein jour,En agglomération,Intersection en X,Normale,Deux véhicules - côté,,,,,,,,,,,1,2,2,1.0,3
201200044342,0012-09-05 16:40:00,12,9,5,16,40,930,14,CHARMILLES (ALLEE DES),,,Plein jour,En agglomération,Intersection en X,Normale,Deux véhicules - côté,,,,,,,,,,,1,2,2,1.0,3
201200044343,0012-09-20 15:35:00,12,9,20,15,35,930,47,GABRIEL PERI  (AVENUE),,,Plein jour,En agglomération,Intersection en T,Normale,Deux véhicules - côté,,,,,,,,,,,1,2,3,1.0,3
201200044344,0012-09-21 21:00:00,12,9,21,21,0,930,47,FRENES (AVENUE DES),,,Nuit avec éclairage allumé,En agglomération,Intersection en Y,Pluie légère,Autre collision,,,,,,,,,,,5,2,4,2.0,6
201200044345,0012-09-27 13:35:00,12,9,27,13,35,930,47,"41, AMPERE (AVENUE)",,,Plein jour,En agglomération,Giratoire,Pluie légère,Deux véhicules - frontale,,,,,,,,,,,1,2,6,2.0,1
201200044346,0012-10-02 13:35:00,12,10,2,13,35,930,14,"31, VEUVE LINDET GIRARD",,,Plein jour,En agglomération,Hors intersection,Normale,Deux véhicules - arrière,,,,,,,,,,,1,2,1,1.0,2
201200044347,0012-10-04 12:40:00,12,10,4,12,40,930,14,"1, MAURICE AUDIN (ALLEE)",48.9085,2.5418,Plein jour,En agglomération,Hors intersection,Pluie légère,Autre collision,,,,,,,,,,,1,2,1,2.0,6
201200044348,0012-10-09 09:20:00,12,10,9,9,20,930,14,GAGNY (ALLEE DE),48.9106,2.5496,Plein jour,En agglomération,Hors intersection,Pluie légère,Trois véhicules et plus - collisions multiples,,,,,,,,,,,1,2,1,2.0,5
201200044349,0012-10-10 11:05:00,12,10,10,11,5,930,47,"201, JEAN JAURES (AVENUE",48.8986,2.5491,Plein jour,En agglomération,Hors intersection,Pluie légère,Deux véhicules - côté,,,,,,,,,,,1,2,1,2.0,3
201200044350,0012-10-10 18:20:00,12,10,10,18,20,930,14,"116, PAUL DUPONT (AVENUE",48.9071,2.5266,Plein jour,En agglomération,Hors intersection,Normale,Autre collision,,,,,,,,,,,1,2,1,1.0,6
201200044351,0012-10-11 18:10:00,12,10,11,18,10,930,14,FREDERIC LADRETTE (ALLEE,48.9073,2.5433,Crépuscule ou aube,En agglomération,Intersection en T,Temps couvert,Deux véhicules - côté,,,,,,,,,,,2,2,3,8.0,3
201200044352,0012-10-14 01:00:00,12,10,14,1,0,930,14,"201, MONTFERMEIL (ALLEE",,,Nuit avec éclairage allumé,En agglomération,Hors intersection,Normale,Deux véhicules - côté,,,,,,,,,,,5,2,1,1.0,3
201200044353,0012-10-14 09:30:00,12,10,14,9,30,930,47,GENERAL LECLERC  (RUE DU,,,Plein jour,En agglomération,Intersection en T,Pluie légère,Trois véhicules et plus - collisions multiples,,,,,,,,,,,1,2,3,2.0,5
201200044354,0012-10-16 19:30:00,12,10,16,19,30,930,14,STRATEGIQUE (ROUTE),,,Nuit sans éclairage public,Hors agglomération,Intersection en Y,Normale,Autre collision,,,,,,,,,,,3,1,4,1.0,6
201200044355,0012-10-19 14:40:00,12,10,19,14,40,930,47,HARDY  (BOULEVARD),,,Plein jour,En agglomération,Hors intersection,Normale,Deux véhicules - côté,,,,,,,,,,,1,2,1,1.0,3
201200044356,0012-10-20 18:20:00,12,10,20,18,20,930,14,MAURICE AUDIN (ALLEE),,,Plein jour,En agglomération,Hors intersection,Pluie légère,Deux véhicules - arrière,,,,,,,,,,,1,2,1,2.0,2
201200044357,0012-10-27 11:15:00,12,10,27,11,15,930,47,JEAN JAURES (AVENUE),,,Plein jour,En agglomération,Hors intersection,Normale,Autre collision,,,,,,,,,,,1,2,1,1.0,6
201200044358,0012-11-06 09:00:00,12,11,6,9,0,930,47,JEAN JAURES (AVENUE),,,Plein jour,En agglomération,Hors intersection,Autre,Deux véhicules - côté,,,,,,,,,,,1,2,1,9.0,3
201200044359,0012-11-13 20:00:00,12,11,13,20,0,930,47,NOTRE DAMES DES ANGES  (,48.90141,2.5539,Nuit avec éclairage allumé,En agglomération,Intersection en T,Temps couvert,Deux véhicules - côté,,,,,,,,,,,5,2,3,8.0,3
201200044360,0012-11-16 12:30:00,12,11,16,12,30,930,47,DAGUERRE  (AVENUE),48.90762,2.58614,Plein jour,En agglomération,Hors intersection,Normale,Deux véhicules - frontale,,,,,,,,,,,1,2,1,1.0,1
201200044361,0012-11-23 15:55:00,12,11,23,15,55,930,47,JEAN JAURES (AVENUE),,,Plein jour,En agglomération,Intersection en X,Temps couvert,Deux véhicules - côté,,,,,,,,,,,1,2,2,8.0,3
201200044362,0012-11-24 13:50:00,12,11,24,13,50,930,14,"0, GAGNY (ALLEE DE)",,,Plein jour,En agglomération,Intersection en Y,Normale,Autre collision,,,,,,,,,,,1,2,4,1.0,6
201200044363,0012-11-26 11:00:00,12,11,26,11,0,930,47,"84, JEAN JAURES (AVENUE)",,,Plein jour,En agglomération,Autre intersection,Normale,Autre collision,,,,,,,,,,,1,2,9,1.0,6
201200044364,0012-11-28 16:30:00,12,11,28,16,30,930,47,JEAN JAURES (AVENUE),,,Nuit avec éclairage allumé,En agglomération,Intersection en X,Normale,Deux véhicules - côté,,,,,,,,,,,5,2,2,1.0,3
201200044365,0012-11-30 16:35:00,12,11,30,16,35,930,14,"1, GAGARINE (BOULEVARD)",,,Plein jour,En agglomération,Hors intersection,Normale,Autre collision,,,,,,,,,,,1,2,1,1.0,6
201200044366,0012-12-01 17:35:00,12,12,1,17,35,930,14,"4, POSTES (CHEMIN DES)",48.90441,2.52203,Nuit avec éclairage allumé,En agglomération,Intersection en T,Normale,Autre collision,,,,,,,,,,,5,2,3,1.0,6
201200044367,0012-12-06 21:05:00,12,12,6,21,5,930,47,JEAN JAURES (AVENUE),48.8985,2.55189,Nuit avec éclairage allumé,En agglomération,Intersection en X,Temps couvert,Deux véhicules - arrière,,,,,,,,,,,5,2,2,8.0,2
201200044368,0012-12-12 11:00:00,12,12,12,11,0,930,47,"07, BARGUE  (BOULEVARD)",48.90287,2.56189,Plein jour,En agglomération,Hors intersection,Normale,Autre collision,,,,,,,,,,,1,2,1,1.0,6
201200044369,0012-12-20 19:40:00,12,12,20,19,40,930,14,MAURICE AUDIN (ALLEE),,,Nuit avec éclairage allumé,En agglomération,Hors intersection,Pluie légère,Autre collision,,,,,,,,,,,5,2,1,2.0,6
201200044370,0012-12-13 08:40:00,12,12,13,8,40,930,14,SEVIGNE (AVENUE DE),,,Plein jour,En agglomération,Hors intersection,Autre,Deux véhicules - côté,,,,,,,,,,,1,2,1,9.0,3
201200044371,0012-12-17 19:55:00,12,12,17,19,55,930,14,SEVIGNE (AVENUE DE),48.91145,2.5495,Nuit avec éclairage allumé,En agglomération,Intersection en X,Pluie légère,Autre collision,,,,,,,,,,,5,2,2,2.0,6
201200044372,0012-12-19 17:00:00,12,12,19,17,0,930,14,COUBRON (ALLEE DE),,,Crépuscule ou aube,En agglomération,Hors intersection,Pluie légère,Autre collision,,,,,,,,,,,2,2,1,2.0,6
201200044373,0012-12-21 14:36:00,12,12,21,14,36,930,14,GAGNY (ALLEE DE),,,Plein jour,En agglomération,Intersection en X,Temps couvert,Trois véhicules et plus - collisions multiples,,,,,,,,,,,1,2,2,8.0,5
201200044374,0012-12-24 06:20:00,12,12,24,6,20,930,14,STRATEGIQUE (ROUTE),,,Nuit sans éclairage public,Hors agglomération,Hors intersection,Normale,Sans collision,,,,,,,,,,,3,1,1,1.0,7
201200044375,0012-12-29 16:30:00,12,12,29,16,30,930,47,MARGUERITES  (AVENUES DE,,,Plein jour,En agglomération,Intersection en X,Normale,Autre collision,,,,,,,,,,,1,2,2,1.0,6
201200044376,0012-01-23 06:30:00,12,1,23,6,30,930,27,PASTEUR / FRANCE,,,Plein jour,En agglomération,Intersection en X,Normale,Deux véhicules - côté,,,,,,,,,,,1,2,2,1.0,3
201200044377,0012-07-11 20:35:00,12,7,11,20,35,930,30,PERI (PLACE GABRIEL),,,Plein jour,En agglomération,Hors intersection,Normale,Deux véhicules - arrière,,,,,,,,,,,1,2,1,1.0,2
201200044378,0012-02-18 13:30:00,12,2,18,13,30,930,30,AV DU MARECHAL LECLERC D,,,Plein jour,En agglomération,Hors intersection,Temps couvert,Deux véhicules - arrière,,,,,,,,,,,1,2,1,8.0,2
201200044379,0012-03-31 21:28:00,12,3,31,21,28,930,27,"101, AV PAUL VAILLANT CO",,,Nuit avec éclairage non allumé,En agglomération,Hors intersection,Normale,Trois véhicules et plus - collisions multiples,,,,,,,,,,,4,2,1,1.0,5
201200044380,0012-04-11 12:55:00,12,4,11,12,55,930,27,R VOLTAIRE,48.9242,2.41151,Plein jour,En agglomération,Intersection en T,Normale,Deux véhicules - côté,,,,,,,,,,,1,2,3,1.0,3
201200044381,0012-05-03 09:55:00,12,5,3,9,55,930,27,"0, HUIT-MAI-1945 (PLACE",,,Plein jour,En agglomération,Giratoire,Normale,Deux véhicules - côté,,,,,,,,,,,1,2,6,1.0,3
201200044382,0012-05-31 17:55:00,12,5,31,17,55,930,27,QUINET (RUE EDGAR),48.9314,2.39802,Plein jour,En agglomération,Hors intersection,Normale,Autre collision,,,,,,,,,,,1,2,1,1.0,6
201200044383,0012-05-13 14:10:00,12,5,13,14,10,930,27,"0, SAINT-DENIS (RUE DE)",,,Plein jour,En agglomération,Giratoire,Normale,Deux véhicules - côté,,,,,,,,,,,1,2,6,1.0,3
201200044384,0012-05-13 20:45:00,12,5,13,20,45,930,27,"51, CONVENTION (RUE DE L",,,Crépuscule ou aube,En agglomération,Autre intersection,Normale,Deux véhicules - arrière,,,,,,,,,,,2,2,9,1.0,2
201200044385,0012-04-19 14:00:00,12,4,19,14,0,930,27,"82, PASTEUR (BOULEVARD)",,,Plein jour,En agglomération,Hors intersection,Temps éblouissant,Deux véhicules - arrière,,,,,,,,,,,1,2,1,7.0,2
201200044386,0012-06-02 17:40:00,12,6,2,17,40,930,1,"45, ZOLA (RUE EMILE)",48.9221,2.38789,Plein jour,En agglomération,Hors intersection,Normale,Deux véhicules - arrière,,,,,,,,,,,1,2,1,1.0,2
201200044387,0012-06-14 12:30:00,12,6,14,12,30,930,70,"62, ZOLA (RUE EMILE)",48.9016,2.32629,Plein jour,En agglomération,Hors intersection,Normale,Deux véhicules - frontale,,,,,,,,,,,1,2,1,1.0,1
201200044388,0012-05-16 20:30:00,12,5,16,20,30,930,30,HUIT-MAI-1945 (AVENUE DU,,,Plein jour,En agglomération,Hors intersection,Normale,Deux véhicules - côté,,,,,,,,,,,1,2,1,1.0,3
201200044389,0012-09-27 13:50:00,12,9,27,13,50,930,13,"121, LECLERC (AVENU DE L",,,Plein jour,En agglomération,Hors intersection,Normale,Deux véhicules - arrière,,,,,,,,,,,1,2,1,1.0,2
201200044390,0012-02-24 16:50:00,12,2,24,16,50,930,13,"108, AV DE LA DIVISION L",,,Plein jour,En agglomération,Hors intersection,Normale,Deux véhicules - côté,,,,,,,,,,,1,2,1,1.0,3
201200044391,0012-09-25 15:05:00,12,9,25,15,5,930,30,DE GAULLE (AVENUE DU GEN,,,Plein jour,En agglomération,Hors intersection,Temps couvert,Autre collision,,,,,,,,,,,1,2,1,8.0,6
201200044392,0012-09-28 12:35:00,12,9,28,12,35,930,27,JAURES (AVENUE JEAN),,,Plein jour,En agglomération,Hors intersection,Normale,Deux véhicules - côté,,,,,,,,,,,1,2,1,1.0,3
201200044393,0012-09-06 20:30:00,12,9,6,20,30,930,27,BARBUSSE (AVENUE HENRI),,,Crépuscule ou aube,En agglomération,Hors intersection,Normale,Autre collision,,,,,,,,,,,2,2,1,1.0,6
201200044394,0012-09-06 20:00:00,12,9,6,20,0,930,27,"27, CONVENTION (RUE DE L",,,Plein jour,En agglomération,Hors intersection,Normale,Deux véhicules - côté,,,,,,,,,,,1,2,1,1.0,3
201200044395,0012-09-06 15:30:00,12,9,6,15,30,930,27,vieux ch?ne(rond point),,,Plein jour,En agglomération,Giratoire,Normale,Autre collision,,,,,,,,,,,1,2,6,1.0,6
201200044396,0012-09-09 15:35:00,12,9,9,15,35,930,27,LECLERC (AVENUE DU GENER,,,Plein jour,En agglomération,Hors intersection,Normale,Trois véhicules et plus - en chaîne,,,,,,,,,,,1,2,1,1.0,4
201200044397,0012-11-20 12:40:00,12,11,20,12,40,930,27,LECLERC (PLACE DU GENERA,,,Plein jour,En agglomération,Hors intersection,Normale,Deux véhicules - côté,,,,,,,,,,,1,2,1,1.0,3
201200044398,0012-01-04 18:55:00,12,1,4,18,55,930,27,BD PASTEUR,,,Nuit avec éclairage allumé,En agglomération,Hors intersection,Normale,Autre collision,,,,,,,,,,,5,2,1,1.0,6
201200044399,0012-01-06 04:25:00,12,1,6,4,25,930,27,"114, AV JEAN MERMOZ",,,Nuit avec éclairage allumé,En agglomération,Hors intersection,Normale,Sans collision,,,,,,,,,,,5,2,1,1.0,7
201200044400,0012-01-09 08:40:00,12,1,9,8,40,930,30,AV LOUIS LARIVIERE,,,Plein jour,En agglomération,Hors intersection,Temps couvert,Autre collision,,,,,,,,,,,1,2,1,8.0,6
201200044401,0012-01-11 17:20:00,12,1,11,17,20,930,27,"25, AV JEAN MERMOZ",,,Nuit avec éclairage allumé,En agglomération,Hors intersection,Normale,Deux véhicules - côté,,,,,,,,,,,5,2,1,1.0,3
201200044402,0012-01-15 12:40:00,12,1,15,12,40,930,13,8 MAI 194 / LINDBERGH,,,Plein jour,En agglomération,Intersection en X,Normale,Deux véhicules - côté,,,,,,,,,,,1,2,2,1.0,3
201200044403,0012-01-17 12:15:00,12,1,17,12,15,930,13,LECLERC / CAVILLON,,,Plein jour,En agglomération,Intersection en X,Normale,Autre collision,,,,,,,,,,,1,2,2,1.0,6
201200044404,0012-01-18 22:00:00,12,1,18,22,0,930,27,R DE LA CONVENTION,,,Nuit avec éclairage allumé,En agglomération,Hors intersection,Pluie légère,Deux véhicules - côté,,,,,,,,,,,5,2,1,2.0,3
201200044405,0012-01-20 09:35:00,12,1,20,9,35,930,27,BD PASTEUR,,,Plein jour,En agglomération,Hors intersection,Normale,Autre collision,,,,,,,,,,,1,2,1,1.0,6
201200044406,0012-01-27 16:25:00,12,1,27,16,25,930,27,AV ROGER SALENGRO,,,Plein jour,En agglomération,Hors intersection,Normale,Autre collision,,,,,,,,,,,1,2,1,1.0,6
201200044407,0012-01-31 10:30:00,12,1,31,10,30,930,27,COUTURIER / RATEAU,,,Plein jour,En agglomération,Intersection en T,Normale,Autre collision,,,,,,,,,,,1,2,3,1.0,6
201200044408,0012-02-07 20:30:00,12,2,7,20,30,930,27,CONVENTION (RUE DE LA),,,Nuit avec éclairage allumé,Hors agglomération,Hors intersection,Normale,Autre collision,,,,,,,,,,,5,1,1,1.0,6
201200044409,0012-02-12 14:36:00,12,2,12,14,36,930,27,LECLERC (PLACE DU GENERA,48.93,2.38561,Plein jour,En agglomération,Giratoire,Normale,Deux véhicules - arrière,,,,,,,,,,,1,2,6,1.0,2
201200044410,0012-02-15 16:40:00,12,2,15,16,40,930,27,PASTEUR (BOULEVARD) DE 4,,,Plein jour,En agglomération,Hors intersection,Temps couvert,Autre collision,,,,,,,,,,,1,2,1,8.0,6
201200044411,0012-02-18 01:15:00,12,2,18,1,15,930,27,CREVECOEUR / PASTEUR,,,Nuit avec éclairage allumé,En agglomération,Intersection en X,Normale,Deux véhicules - côté,,,,,,,,,,,5,2,2,1.0,3
201200044412,0012-03-06 19:00:00,12,3,6,19,0,930,27,AV ROGER SALENGRO,,,Nuit avec éclairage allumé,En agglomération,Hors intersection,Normale,Autre collision,,,,,,,,,,,5,2,1,1.0,6
201200044413,0012-03-10 18:03:00,12,3,10,18,3,930,30,LARIVIERE (RUE LOUIS),48.9532,2.4164,Plein jour,En agglomération,Hors intersection,Normale,Autre collision,,,,,,,,,,,1,2,1,1.0,6
201200044414,0012-03-12 09:15:00,12,3,12,9,15,930,13,R DE L'ABBE NIORT,48.9404,2.43151,Plein jour,En agglomération,Hors intersection,Normale,Deux véhicules - côté,,,,,,,,,,,1,2,1,1.0,3
201200044415,0012-03-13 18:30:00,12,3,13,18,30,930,30,"27, CHARDAVOINE (RUE ALB",48.9534,2.41349,Plein jour,En agglomération,Hors intersection,Normale,Autre collision,,,,,,,,,,,1,2,1,1.0,6
201200044416,0012-03-22 19:50:00,12,3,22,19,50,930,1,"22, VALMY (RUE DE)",48.9216,2.37924,Nuit avec éclairage allumé,En agglomération,Hors intersection,Normale,Autre collision,,,,,,,,,,,5,2,1,1.0,6
201200044417,0012-04-01 19:15:00,12,4,1,19,15,930,27,R DE GENEVE,48.926,2.3771,Plein jour,En agglomération,Giratoire,Normale,Trois véhicules et plus - collisions multiples,,,,,,,,,,,1,2,6,1.0,5
201200044418,0012-04-04 21:50:00,12,4,4,21,50,930,30,AV DU 8 MAI 1945,48.95062,2.44003,Nuit avec éclairage allumé,En agglomération,Intersection en T,Normale,Autre collision,,,,,,,,,,,5,2,3,1.0,6
201200044419,0012-04-03 01:15:00,12,4,3,1,15,930,27,R DE SAINT-DENIS,48.9296,2.38473,Nuit avec éclairage allumé,En agglomération,Giratoire,Normale,Deux véhicules - côté,,,,,,,,,,,5,2,6,1.0,3
201200044420,0012-04-08 21:00:00,12,4,8,21,0,930,13,LECLERC (AVENU DE LA DIV,,,Nuit avec éclairage allumé,En agglomération,Autre intersection,Pluie légère,Trois véhicules et plus - collisions multiples,,,,,,,,,,,5,2,9,2.0,5
201200044421,0012-04-09 11:35:00,12,4,9,11,35,930,27,"53, PASTEUR (BOULEVARD)",48.92309,2.38393,Plein jour,En agglomération,Intersection en X,Normale,Deux véhicules - côté,,,,,,,,,,,1,2,2,1.0,3
201200044422,0012-04-18 16:35:00,12,4,18,16,35,930,27,MERMOZ (AVENUE JEAN),,,Plein jour,En agglomération,Hors intersection,Autre,Deux véhicules - arrière,,,,,,,,,,,1,2,1,9.0,2
201200044423,0012-04-22 21:00:00,12,4,22,21,0,930,27,"68, MERMOZ (AVENUE JEAN)",,,Crépuscule ou aube,En agglomération,Hors intersection,Normale,Deux véhicules - arrière,,,,,,,,,,,2,2,1,1.0,2
201200044424,0012-04-25 18:30:00,12,4,25,18,30,930,27,SAINT-DENIS (RUE DE),,,Plein jour,En agglomération,Autre intersection,Pluie légère,Deux véhicules - frontale,,,,,,,,,,,1,2,9,2.0,1
201200044425,0012-05-04 11:20:00,12,5,4,11,20,930,27,"0, VIEUX CH?NE(ROND POIN",,,Plein jour,En agglomération,Giratoire,Normale,Deux véhicules - côté,,,,,,,,,,,1,2,6,1.0,3
201200044426,0012-05-06 19:45:00,12,5,6,19,45,930,27,BLERIOT (AVENUE LOUIS),48.934,2.40865,Plein jour,En agglomération,Hors intersection,Pluie légère,Autre collision,,,,,,,,,,,1,2,1,2.0,6
201200044427,0012-05-07 10:50:00,12,5,7,10,50,930,27,"20, MICHELET (AVENUE)",48.9277,2.38555,Plein jour,En agglomération,Hors intersection,Normale,Autre collision,,,,,,,,,,,1,2,1,1.0,6
201200044428,0012-05-09 07:47:00,12,5,9,7,47,930,13,PRESSENSE (AVENUE FRANIS,48.9328,2.42478,Plein jour,En agglomération,Hors intersection,Pluie légère,Autre collision,,,,,,,,,,,1,2,1,2.0,6
201200044429,0012-05-10 12:08:00,12,5,10,12,8,930,13,BERTEAUX (RUE MAURICE),48.9324,2.41163,Plein jour,En agglomération,Hors intersection,Autre,Autre collision,,,,,,,,,,,1,2,1,9.0,6
201200044430,0012-05-14 22:00:00,12,5,14,22,0,930,13,"29, DRAMARD (RUE CAMILLE",48.9337,2.42874,Nuit avec éclairage allumé,En agglomération,Hors intersection,Normale,Autre collision,,,,,,,,,,,5,2,1,1.0,6
201200044431,0012-05-17 19:10:00,12,5,17,19,10,930,27,JOLLIOT-CURIE (RUE FREDE,48.9259,2.38077,Plein jour,En agglomération,Hors intersection,Normale,Autre collision,,,,,,,,,,,1,2,1,1.0,6
201200044432,0012-05-19 16:45:00,12,5,19,16,45,930,27,"161, VAILLANT-COUTURIER",,,Plein jour,En agglomération,Hors intersection,Pluie légère,Trois véhicules et plus - en chaîne,,,,,,,,,,,1,2,1,2.0,4
201200044433,0012-05-24 08:05:00,12,5,24,8,5,930,27,"63, MERMOZ (AVENUE JEAN)",48.9324,2.40551,Plein jour,En agglomération,Hors intersection,Normale,Autre collision,,,,,,,,,,,1,2,1,1.0,6
201200044434,0012-05-28 17:24:00,12,5,28,17,24,930,27,"30, PASTEUR (BOULEVARD)",48.9218,2.38341,Plein jour,En agglomération,Intersection en X,Normale,Autre collision,,,,,,,,,,,1,2,2,1.0,6
201200044435,0012-05-28 21:13:00,12,5,28,21,13,930,13,WILSON (RUE DU PRESIDENT,48.9383,2.42459,Crépuscule ou aube,En agglomération,Hors intersection,Normale,Deux véhicules - côté,,,,,,,,,,,2,2,1,1.0,3
201200044436,0012-05-29 14:40:00,12,5,29,14,40,930,27,"1-3, MERMOZ (AVENUE JEAN",,,Plein jour,Hors agglomération,Hors intersection,Normale,Deux véhicules - côté,,,,,,,,,,,1,1,1,1.0,3
201200044437,0012-05-30 17:05:00,12,5,30,17,5,930,27,"101, VAILLANT-COUTURIER",,,Plein jour,En agglomération,Hors intersection,Normale,Autre collision,,,,,,,,,,,1,2,1,1.0,6
201200044438,0012-06-02 10:32:00,12,6,2,10,32,930,27,SAINT-DENIS (RUE DE),,,Plein jour,En agglomération,Passage à niveau,Normale,Deux véhicules - côté,,,,,,,,,,,1,2,8,1.0,3
201200044439,0012-06-03 19:10:00,12,6,3,19,10,930,29,"01, COLBERT (RUE)",48.9232,2.4132,Plein jour,En agglomération,Hors intersection,Normale,Deux véhicules - frontale,,,,,,,,,,,1,2,1,1.0,1
201200044440,0012-06-03 20:15:00,12,6,3,20,15,930,27,"43, CHEVALIER DE LA BARR",48.9289,2.39342,Plein jour,En agglomération,Hors intersection,Normale,Autre collision,,,,,,,,,,,1,2,1,1.0,6
201200044441,0012-06-06 19:00:00,12,6,6,19,0,930,1,"22, VALMY (RUE DE)",48.9223,2.38068,Plein jour,En agglomération,Hors intersection,Normale,Autre collision,,,,,,,,,,,1,2,1,1.0,6
201200044442,0012-06-11 19:00:00,12,6,11,19,0,930,27,"0, HUGO (AVENUE VICTOR)",48.9249,2.38762,Plein jour,En agglomération,Hors intersection,Normale,Autre collision,,,,,,,,,,,1,2,1,1.0,6
201200044443,0012-06-13 14:00:00,12,6,13,14,0,930,27,", SALENGRO (AVENUE ROGER",,,Plein jour,En agglomération,Hors intersection,Normale,Deux véhicules - arrière,,,,,,,,,,,1,2,1,1.0,2
201200044444,0012-06-13 14:08:00,12,6,13,14,8,930,27,"29, VERLAINE (RUE PAUL)",48.933,2.39355,Plein jour,En agglomération,Hors intersection,Normale,Autre collision,,,,,,,,,,,1,2,1,1.0,6
201200044445,0012-06-16 13:45:00,12,6,16,13,45,930,27,SAINT-DENIS (RUE DE),,,Plein jour,En agglomération,Hors intersection,Pluie légère,Deux véhicules - arrière,,,,,,,,,,,1,2,1,2.0,2
201200044446,0012-06-16 18:55:00,12,6,16,18,55,930,27,VERLAINE (RUE PAUL),48.9321,2.39057,Plein jour,En agglomération,Hors intersection,Normale,Autre collision,,,,,,,,,,,1,2,1,1.0,6
201200044447,0012-06-19 13:20:00,12,6,19,13,20,930,27,"86, BARBUSSE (AVENUE HEN",48.9321,2.39629,Plein jour,En agglomération,Hors intersection,Normale,Autre collision,,,,,,,,,,,1,2,1,1.0,6
201200044448,0012-06-20 19:30:00,12,6,20,19,30,930,27,1 AV LENINE,,,Plein jour,En agglomération,Hors intersection,Normale,Autre collision,,,,,,,,,,,1,2,1,1.0,6
201200044449,0012-06-28 09:40:00,12,6,28,9,40,930,13,JAURES (AVENUE JEAN) DE,,,Plein jour,En agglomération,Hors intersection,Normale,Autre collision,,,,,,,,,,,1,2,1,1.0,6
201200044450,0012-07-20 20:40:00,12,7,20,20,40,930,13,LECLERC (AVENU DE LA DIV,,,Plein jour,En agglomération,Hors intersection,Normale,Autre collision,,,,,,,,,,,1,2,1,1.0,6
201200044451,0012-07-22 20:45:00,12,7,22,20,45,930,27,"167, VAILLANT-COUTURIER",,,Crépuscule ou aube,En agglomération,Hors intersection,Normale,Deux véhicules - arrière,,,,,,,,,,,2,2,1,1.0,2
201200044452,0012-07-29 00:50:00,12,7,29,0,50,930,30,"94, HUIT-MAI-1945 (AVENU",,,Nuit avec éclairage allumé,En agglomération,Hors intersection,Normale,Autre collision,,,,,,,,,,,5,2,1,1.0,6
201200044453,0012-07-30 08:15:00,12,7,30,8,15,930,27,VAILLANT-COUTURIER (AVEN,,,Plein jour,En agglomération,Hors intersection,Normale,Trois véhicules et plus - en chaîne,,,,,,,,,,,1,2,1,1.0,4
201200044454,0012-08-03 15:35:00,12,8,3,15,35,930,27,AV HENRI BARBUSSE,,,Plein jour,En agglomération,Hors intersection,Normale,Autre collision,,,,,,,,,,,1,2,1,1.0,6
201200044455,0012-08-05 00:38:00,12,8,5,0,38,930,29,R DU COMMANDANT ROLLAND,48.9338,2.4444,Nuit avec éclairage allumé,En agglomération,Hors intersection,Normale,Sans collision,,,,,,,,,,,5,2,1,1.0,7
201200044456,0012-08-05 19:55:00,12,8,5,19,55,930,30,"23, R ALBERT CHARDAVOINE",48.9526,2.4136,Crépuscule ou aube,En agglomération,Hors intersection,Normale,Autre collision,,,,,,,,,,,2,2,1,1.0,6
201200044457,0012-08-16 13:30:00,12,8,16,13,30,930,27,REPUBLIQUE (RUE DE LA),48.9271,2.38911,Plein jour,En agglomération,Intersection en T,Normale,Autre collision,,,,,,,,,,,1,2,3,1.0,6
201200044458,0012-08-17 15:45:00,12,8,17,15,45,930,27,"133, VAILLANT-COUTURIER",48.9248,2.41504,Plein jour,En agglomération,Intersection en X,Normale,Deux véhicules - côté,,,,,,,,,,,1,2,2,1.0,3
201200044459,0012-08-20 06:40:00,12,8,20,6,40,930,27,AV WALDECK ROCHET,48.9395,2.40724,Crépuscule ou aube,En agglomération,Hors intersection,Normale,Autre collision,,,,,,,,,,,2,2,1,1.0,6
201200044460,0012-08-30 10:30:00,12,8,30,10,30,930,27,"36, PASTEUR (BOULEVARD)",48.9223,2.38363,Plein jour,En agglomération,Hors intersection,Normale,Autre collision,,,,,,,,,,,1,2,1,1.0,6
201200044461,0012-08-31 19:00:00,12,8,31,19,0,930,30,AV DU GENERAL DE GAULLE,48.9497,2.41497,Plein jour,En agglomération,Intersection en X,Normale,Autre collision,,,,,,,,,,,1,2,2,1.0,6
201200044462,0012-09-04 11:55:00,12,9,4,11,55,930,27,RASPAIL (RUE),,,Plein jour,En agglomération,Autre intersection,Normale,Sans collision,,,,,,,,,,,1,2,9,1.0,7
201200044463,0012-09-04 18:10:00,12,9,4,18,10,930,27,RASPAIL (RUE),,,Plein jour,En agglomération,Intersection en T,Normale,Autre collision,,,,,,,,,,,1,2,3,1.0,6
201200044464,0012-09-06 09:10:00,12,9,6,9,10,930,13,ELISE DEROCHE (Avenue),,,Plein jour,En agglomération,Hors intersection,Normale,Autre collision,,,,,,,,,,,1,2,1,1.0,6