accident_id,datetime,annee,mois,jour,heure,minute,departement,commune_insee,adresse,latitude,longitude,luminosite,agglomeration,intersection,meteo,collision,nb_vehicules,nb_usagers,nb_indemnes,nb_tues,nb_blesses_hosp,nb_blesses_legers,age_cond_1,age_cond_2,veh_type_cond_1,veh_type_cond_2,lum_code,agg_code,int_code,atm_code,col_code
201200044716,0012-03-28 11:25:00,12,3,28,11,25,930,6,"195/197, MARCEL ETIENNE",48.8565,2.41935,Plein jour,En agglomération,Hors intersection,Normale,Deux véhicules - côté,,,,,,,,,,,1,2,1,1.0,3
201200044717,0012-04-11 16:30:00,12,4,11,16,30,930,45,"FACE 141, R DE PARIS",48.88004,2.41705,Plein jour,En agglomération,Intersection en T,Normale,Autre collision,,,,,,,,,,,1,2,3,1.0,6
201200044718,0012-04-11 20:00:00,12,4,11,20,0,930,63,"70, BD EDOUARD BRANLY",48.87348,2.44031,Crépuscule ou aube,En agglomération,Hors intersection,Normale,Sans collision,,,,,,,,,,,2,2,1,1.0,7
201200044719,0012-04-12 12:45:00,12,4,12,12,45,930,45,R DE PARIS,48.88066,2.41901,Plein jour,En agglomération,Autre intersection,Normale,Sans collision,,,,,,,,,,,1,2,9,1.0,7
201200044720,0012-04-15 21:45:00,12,4,15,21,45,930,6,AV DE LA REPUBLIQUE,,,Nuit avec éclairage allumé,En agglomération,Intersection en X,Normale,Deux véhicules - frontale,,,,,,,,,,,5,2,2,1.0,1
201200044721,0012-05-04 04:20:00,12,5,4,4,20,930,6,GAL LECLERC AV. DU,48.8669,2.42033,Nuit avec éclairage allumé,En agglomération,Hors intersection,Normale,Autre collision,,,,,,,,,,,5,2,1,1.0,6
201200044722,0012-05-05 23:20:00,12,5,5,23,20,930,63,"41, NOISY ROUTE DE",,,Nuit avec éclairage allumé,En agglomération,Hors intersection,Pluie légère,Deux véhicules - côté,,,,,,,,,,,5,2,1,2.0,3
201200044723,0012-05-12 12:30:00,12,5,12,12,30,930,63,BRANLY BD EDOUARD,48.8745,2.44053,Plein jour,Hors agglomération,Intersection en T,Normale,Deux véhicules - côté,,,,,,,,,,,1,1,3,1.0,3
201200044724,0012-05-12 18:15:00,12,5,12,18,15,930,45,PARIS RUE DE,,,Plein jour,En agglomération,Intersection en X,Normale,Deux véhicules - arrière,,,,,,,,,,,1,2,2,1.0,2
201200044725,0012-05-12 19:00:00,12,5,12,19,0,930,45,"81 BIS, PASTEUR AV.",,,Plein jour,En agglomération,Autre intersection,Normale,Deux véhicules - arrière,,,,,,,,,,,1,2,9,1.0,2
201200044726,0012-05-14 20:15:00,12,5,14,20,15,930,63,KERAUTRET AVENUE PIERRE,,,Plein jour,En agglomération,Hors intersection,Normale,Deux véhicules - côté,,,,,,,,,,,1,2,1,1.0,3
201200044727,0012-05-15 17:05:00,12,5,15,17,5,930,6,CARNOT RUE SADI,48.8724,2.42145,Plein jour,En agglomération,Intersection en T,Pluie légère,Autre collision,,,,,,,,,,,1,2,3,2.0,6
201200044728,0012-05-17 03:10:00,12,5,17,3,10,930,61,VAILLANT AVENUE EDOUARD,48.8846,2.41098,Nuit avec éclairage allumé,En agglomération,Hors intersection,Normale,Autre collision,,,,,,,,,,,5,2,1,1.0,6
201200044729,0012-05-18 19:00:00,12,5,18,19,0,930,45,JAURES PLACE JEAN,,,Plein jour,En agglomération,Intersection en X,Normale,Autre collision,,,,,,,,,,,1,2,2,1.0,6
201200044730,0012-05-20 18:20:00,12,5,20,18,20,930,6,CHATEAU RUE DU,48.863,2.41539,Plein jour,En agglomération,Hors intersection,Normale,Deux véhicules - côté,,,,,,,,,,,1,2,1,1.0,3
201200044731,0012-05-23 17:20:00,12,5,23,17,20,930,6,REPUBLIQUE AVENUE DE LA,,,Plein jour,Hors agglomération,Hors intersection,Normale,Trois véhicules et plus - collisions multiples,,,,,,,,,,,1,1,1,1.0,5
201200044732,0012-05-26 19:15:00,12,5,26,19,15,930,6,GALLIENI  AV.,48.8606,2.41547,Plein jour,En agglomération,Hors intersection,Normale,Autre collision,,,,,,,,,,,1,2,1,1.0,6
201200044733,0012-05-27 22:30:00,12,5,27,22,30,930,61,"67, JOINEAU ANDRE RUE",48.8836,2.40332,Nuit avec éclairage allumé,En agglomération,Hors intersection,Normale,Autre collision,,,,,,,,,,,5,2,1,1.0,6
201200044734,0012-05-28 20:30:00,12,5,28,20,30,930,45,"115, PARIS RUE DE",48.88,2.41653,Plein jour,En agglomération,Hors intersection,Normale,Deux véhicules - côté,,,,,,,,,,,1,2,1,1.0,3
201200044735,0012-05-30 20:16:00,12,5,30,20,16,930,45,"62, TAPIS VERT RUE DU",48.8833,2.42061,Crépuscule ou aube,En agglomération,Hors intersection,Pluie forte,Sans collision,,,,,,,,,,,2,2,1,3.0,7
201200044736,0012-06-01 10:00:00,12,6,1,10,0,930,6,RIGONDES RUE DES,48.87357,2.43367,Plein jour,En agglomération,Intersection en X,Normale,Deux véhicules - côté,,,,,,,,,,,1,2,2,1.0,3
201200044737,0012-06-01 09:50:00,12,6,1,9,50,930,6,"181, PASTEUR AV.",,,Plein jour,En agglomération,Autre intersection,Normale,Sans collision,,,,,,,,,,,1,2,9,1.0,7
201200044738,0012-06-04 10:00:00,12,6,4,10,0,930,53,"48-52, LEMOINE RUE JEAN",48.879,2.44687,Plein jour,En agglomération,Hors intersection,Pluie légère,Deux véhicules - frontale,,,,,,,,,,,1,2,1,2.0,1
201200044739,0012-06-05 18:30:00,12,6,5,18,30,930,63,BARBUSSE HENRI BOULEVARD,48.8799,2.44119,Plein jour,En agglomération,Intersection en X,Normale,Deux véhicules - frontale,,,,,,,,,,,1,2,2,1.0,1
201200044740,0012-06-07 18:35:00,12,6,7,18,35,930,63,REPUBLIQUE RUE DE LA,48.8804,2.43658,Plein jour,En agglomération,Hors intersection,Normale,Sans collision,,,,,,,,,,,1,2,1,1.0,7
201200044741,0012-06-15 15:45:00,12,6,15,15,45,930,63,BRANLY BD EDOUARD,48.8731,2.44019,Plein jour,En agglomération,Intersection en X,Normale,Deux véhicules - arrière,,,,,,,,,,,1,2,2,1.0,2
201200044742,0012-06-21 20:45:00,12,6,21,20,45,930,63,"6, GUYNEMER RUE DU CAPIT",,,Crépuscule ou aube,En agglomération,Intersection en T,Normale,Autre collision,,,,,,,,,,,2,2,3,1.0,6
201200044743,0012-06-24 04:25:00,12,6,24,4,25,930,45,HAUTECLOQUE / GIRAUD,48.8814,2.42782,Nuit avec éclairage allumé,En agglomération,Intersection en T,Normale,Autre collision,,,,,,,,,,,5,2,3,1.0,6
201200044744,0012-06-25 03:00:00,12,6,25,3,0,930,63,LENINE AVENUE,,,Nuit avec éclairage allumé,En agglomération,Intersection en T,Normale,Deux véhicules - côté,,,,,,,,,,,5,2,3,1.0,3
201200044745,0012-06-26 13:50:00,12,6,26,13,50,930,6,43 R CHARLES DELESCLUZE,48.8675,2.42454,Plein jour,En agglomération,Hors intersection,Pluie légère,Sans collision,,,,,,,,,,,1,2,1,2.0,7
201200044746,0012-07-01 21:40:00,12,7,1,21,40,930,63,R VASSOU,48.88607,2.42681,Crépuscule ou aube,En agglomération,Intersection en T,Normale,Autre collision,,,,,,,,,,,2,2,3,1.0,6
201200044747,0012-07-02 09:00:00,12,7,2,9,0,930,63,"1, R DE LA LIBERTE",48.884,2.42932,Plein jour,En agglomération,Hors intersection,Normale,Autre collision,,,,,,,,,,,1,2,1,1.0,6
201200044748,0012-07-16 19:45:00,12,7,16,19,45,930,45,"8, ROMAINVILLE RUE DE",48.8769,2.41463,Crépuscule ou aube,En agglomération,Hors intersection,Normale,Autre collision,,,,,,,,,,,2,2,1,1.0,6
201200044749,0012-07-18 18:45:00,12,7,18,18,45,930,63,BRANLY BD EDOUARD,48.8723,2.43991,Plein jour,En agglomération,Hors intersection,Normale,Deux véhicules - frontale,,,,,,,,,,,1,2,1,1.0,1
201200044750,0012-07-20 19:15:00,12,7,20,19,15,930,45,BD DE LA LIBERTE,48.8798,2.41706,Plein jour,En agglomération,Intersection en X,Normale,Autre collision,,,,,,,,,,,1,2,2,1.0,6
201200044751,0012-07-21 08:45:00,12,7,21,8,45,930,63,METZ AVENUE DE,,,Crépuscule ou aube,En agglomération,Hors intersection,Normale,Autre collision,,,,,,,,,,,2,2,1,1.0,6
201200044752,0012-07-23 17:15:00,12,7,23,17,15,930,61,R D'ESTIENNE D'ORVES,48.8855,2.40369,Plein jour,En agglomération,Hors intersection,Normale,Autre collision,,,,,,,,,,,1,2,1,1.0,6
201200044753,0012-07-25 19:40:00,12,7,25,19,40,930,63,"178, NOISY ROUTE DE",,,Plein jour,En agglomération,Hors intersection,Normale,Deux véhicules - côté,,,,,,,,,,,1,2,1,1.0,3
201200044754,0012-09-05 14:10:00,12,9,5,14,10,930,6,"02, CARNOT RUE SADI",,,Plein jour,En agglomération,Hors intersection,Normale,Deux véhicules - frontale,,,,,,,,,,,1,2,1,1.0,1
201200044755,0012-09-07 11:10:00,12,9,7,11,10,930,63,NOISY ROUTE DE,,,Plein jour,En agglomération,Hors intersection,Normale,Autre collision,,,,,,,,,,,1,2,1,1.0,6
201200044756,0012-09-13 07:40:00,12,9,13,7,40,930,63,"106, REPUBLIQUE RUE DE L",,,Plein jour,En agglomération,Autre intersection,Temps couvert,Autre collision,,,,,,,,,,,1,2,9,8.0,6
201200044757,0012-09-24 19:30:00,12,9,24,19,30,930,6,", ROSES AVENUE DES",,,Crépuscule ou aube,En agglomération,Hors intersection,Normale,Autre collision,,,,,,,,,,,2,2,1,1.0,6
201200044758,0012-09-25 18:00:00,12,9,25,18,0,930,6,"24, GAL DE GAULLE AV. DU",,,Plein jour,En agglomération,Hors intersection,Normale,Autre collision,,,,,,,,,,,1,2,1,1.0,6
201200044759,0012-09-26 20:51:00,12,9,26,20,51,930,6,"103, STALINGRAD AV.",,,Nuit avec éclairage allumé,En agglomération,Autre intersection,Pluie légère,Sans collision,,,,,,,,,,,5,2,9,2.0,7
201200044760,0012-09-30 20:15:00,12,9,30,20,15,930,45,"131, PARIS RUE DE",,,Nuit avec éclairage allumé,En agglomération,Hors intersection,Normale,Autre collision,,,,,,,,,,,5,2,1,1.0,6
201200044761,0012-10-04 06:45:00,12,10,4,6,45,930,6,"78, GAL DE GAULLE AV. DU",48.8638,2.4167,Nuit avec éclairage allumé,En agglomération,Hors intersection,Pluie forte,Sans collision,,,,,,,,,,,5,2,1,3.0,7
201200044762,0012-10-04 13:50:00,12,10,4,13,50,930,63,CURIE PIERRE RUE,48.87931,2.43598,Plein jour,En agglomération,Hors intersection,Normale,Autre collision,,,,,,,,,,,1,2,1,1.0,6
201200044763,0012-10-05 03:55:00,12,10,5,3,55,930,45,LIBERTE BD DE LA,48.88048,2.42193,Nuit avec éclairage allumé,En agglomération,Intersection en X,Normale,Deux véhicules - côté,,,,,,,,,,,5,2,2,1.0,3
201200044764,0012-10-08 08:30:00,12,10,8,8,30,930,45,PASTEUR AV.,,,Nuit avec éclairage allumé,En agglomération,Hors intersection,Pluie légère,Sans collision,,,,,,,,,,,5,2,1,2.0,7
201200044765,0012-10-11 08:00:00,12,10,11,8,0,930,63,"156, METZ AVENUE DE",,,Plein jour,En agglomération,Hors intersection,Normale,Autre collision,,,,,,,,,,,1,2,1,1.0,6
201200044766,0012-10-13 17:10:00,12,10,13,17,10,930,61,"22, ESTIENNE D'ORVES RUE",48.8857,2.4008,Plein jour,En agglomération,Hors intersection,Normale,Deux véhicules - côté,,,,,,,,,,,1,2,1,1.0,3
201200044767,0012-10-18 16:40:00,12,10,18,16,40,930,61,"46, JAURES AVENUE JEAN",48.8883,2.4083,Plein jour,En agglomération,Hors intersection,Normale,Autre collision,,,,,,,,,,,1,2,1,1.0,6
201200044768,0012-10-19 15:30:00,12,10,19,15,30,930,63,"101, BARBUSSE HENRI BOUL",,,Plein jour,En agglomération,Hors intersection,Pluie légère,Autre collision,,,,,,,,,,,1,2,1,2.0,6
201200044769,0012-10-22 12:25:00,12,10,22,12,25,930,45,"4bis, MOULIN JEAN RUE",,,Plein jour,En agglomération,Hors intersection,Normale,Autre collision,,,,,,,,,,,1,2,1,1.0,6
201200044770,0012-10-30 15:00:00,12,10,30,15,0,930,6,"206, MARCEL ETIENNE RUE",,,Plein jour,En agglomération,Hors intersection,Normale,Deux véhicules - frontale,,,,,,,,,,,1,2,1,1.0,1
201200044771,0012-11-01 14:30:00,12,11,1,14,30,930,6,"199, ROBESPIERRE RUE",48.85799,2.42157,Plein jour,En agglomération,Hors intersection,Normale,Autre collision,,,,,,,,,,,1,2,1,1.0,6
201200044772,0012-11-21 00:35:00,12,11,21,0,35,930,61,"10, JOINEAU ANDRE RUE",,,Nuit avec éclairage allumé,En agglomération,Hors intersection,Normale,Deux véhicules - côté,,,,,,,,,,,5,2,1,1.0,3
201200044773,0012-11-26 20:20:00,12,11,26,20,20,930,6,GAMBETTA AV.,,,Nuit avec éclairage allumé,En agglomération,Intersection en X,Normale,Deux véhicules - côté,,,,,,,,,,,5,2,2,1.0,3
201200044774,0012-11-27 13:40:00,12,11,27,13,40,930,63,"95, KERAUTRET AVENUE PIE",,,Plein jour,En agglomération,Hors intersection,Pluie légère,Autre collision,,,,,,,,,,,1,2,1,2.0,6
201200044775,0012-12-04 21:50:00,12,12,4,21,50,930,61,"43, PERI GABRIEL RUE",48.88717,2.40802,Nuit avec éclairage allumé,En agglomération,Hors intersection,Pluie légère,Deux véhicules - côté,,,,,,,,,,,5,2,1,2.0,3
201200044776,0012-12-06 18:30:00,12,12,6,18,30,930,45,"114, PARIS RUE DE",48.87965,2.41579,Nuit avec éclairage allumé,En agglomération,Hors intersection,Normale,Sans collision,,,,,,,,,,,5,2,1,1.0,7
201200044777,0012-12-07 12:10:00,12,12,7,12,10,930,63,"34, NOISY ROUTE DE",,,Plein jour,En agglomération,Hors intersection,Pluie légère,Autre collision,,,,,,,,,,,1,2,1,2.0,6
201200044778,0012-12-08 14:10:00,12,12,8,14,10,930,6,"26, GAL DE GAULLE AV. DU",48.8643,2.41698,Plein jour,En agglomération,Hors intersection,Normale,Autre collision,,,,,,,,,,,1,2,1,1.0,6
201200044779,0012-12-10 09:00:00,12,12,10,9,0,930,63,"99, PARAT RUE DU DOCTEUR",48.89322,2.43739,Plein jour,En agglomération,Intersection en Y,Normale,Autre collision,,,,,,,,,,,1,2,4,1.0,6
201200044780,0012-12-11 15:40:00,12,12,11,15,40,930,63,BRANLY BD EDOUARD,48.87355,2.44027,Plein jour,En agglomération,Hors intersection,Normale,Deux véhicules - arrière,,,,,,,,,,,1,2,1,1.0,2
201200044781,0012-12-11 20:00:00,12,12,11,20,0,930,6,RASPAIL AVENUE,,,Nuit avec éclairage allumé,En agglomération,Hors intersection,Normale,Autre collision,,,,,,,,,,,5,2,1,1.0,6
201200044782,0012-12-13 17:31:00,12,12,13,17,31,930,63,BRAZZA VILLA DE,,,Nuit avec éclairage allumé,En agglomération,Intersection en T,Pluie légère,Autre collision,,,,,,,,,,,5,2,3,2.0,6
201200044783,0012-05-05 10:45:00,12,5,5,10,45,930,63,"23, BENFLEET RUE DE",48.8802,2.43756,Plein jour,En agglomération,Intersection en T,Normale,Deux véhicules - côté,,,,,,,,,,,1,2,3,1.0,3
201200044784,0012-05-26 04:05:00,12,5,26,4,5,930,61,"09, JOINEAU ANDRE RUE",48.8838,2.40334,Nuit avec éclairage allumé,En agglomération,Hors intersection,Normale,Sans collision,,,,,,,,,,,5,2,1,1.0,7
201200044785,0012-11-06 18:40:00,12,11,6,18,40,930,63,CURIE PIERRE RUE,,,Nuit avec éclairage allumé,En agglomération,Hors intersection,Normale,Autre collision,,,,,,,,,,,5,2,1,1.0,6
201200044786,0012-11-09 19:00:00,12,11,9,19,0,930,63,"201, NOISY ROUTE DE",,,Nuit avec éclairage allumé,En agglomération,Intersection en X,Pluie légère,Trois véhicules et plus - collisions multiples,,,,,,,,,,,5,2,2,2.0,5
201200044787,0012-06-06 22:20:00,12,6,6,22,20,930,6,LENINE RUE,48.869,2.42391,Nuit avec éclairage allumé,En agglomération,Hors intersection,Normale,Sans collision,,,,,,,,,,,5,2,1,1.0,7
201200044788,0012-11-16 16:30:00,12,11,16,16,30,930,61,"35, JAURES AVENUE JEAN",,,Plein jour,En agglomération,Hors intersection,Temps couvert,Autre collision,,,,,,,,,,,1,2,1,8.0,6
201200044789,0012-11-16 17:30:00,12,11,16,17,30,930,63,"0, REPUBLIQUE RUE DE LA",,,Nuit avec éclairage allumé,En agglomération,Hors intersection,Pluie légère,Deux véhicules - frontale,,,,,,,,,,,5,2,1,2.0,1
201200044790,0012-01-01 04:40:00,12,1,1,4,40,930,46,SALENGRO / BLUM,,,Nuit avec éclairage allumé,En agglomération,Intersection en X,Normale,Deux véhicules - arrière,,,,,,,,,,,5,2,2,1.0,2
201200044791,0012-01-04 15:40:00,12,1,4,15,40,930,46,LECLERC / THOMAS,,,Plein jour,En agglomération,Intersection en X,Normale,Autre collision,,,,,,,,,,,1,2,2,1.0,6
201200044792,0012-01-05 15:00:00,12,1,5,15,0,930,15,JAURES / VAUJOURS,,,Plein jour,En agglomération,Intersection en T,Normale,Deux véhicules - côté,,,,,,,,,,,1,2,3,1.0,3
201200044793,0012-01-06 09:45:00,12,1,6,9,45,930,46,CHE DES POSTES,,,Plein jour,En agglomération,Hors intersection,Normale,Sans collision,,,,,,,,,,,1,2,1,1.0,7
201200044794,0012-01-06 19:05:00,12,1,6,19,5,930,46,BERT / GERARD,,,Nuit avec éclairage allumé,En agglomération,Intersection en X,Normale,Deux véhicules - côté,,,,,,,,,,,5,2,2,1.0,3
201200044795,0012-01-16 16:50:00,12,1,16,16,50,930,46,R DU DOCTEUR ROUX,,,Plein jour,Hors agglomération,Hors intersection,Normale,Sans collision,,,,,,,,,,,1,1,1,1.0,7
201200044796,0012-01-20 14:40:00,12,1,20,14,40,930,46,SCHUMANN / COULON,,,Plein jour,En agglomération,Intersection en X,Pluie légère,Deux véhicules - côté,,,,,,,,,,,1,2,2,2.0,3
201200044797,0012-01-24 07:50:00,12,1,24,7,50,930,46,ARISTIDE BRIAND,,,Plein jour,En agglomération,Hors intersection,Normale,Trois véhicules et plus - collisions multiples,,,,,,,,,,,1,2,1,1.0,5
201200044798,0012-01-25 20:40:00,12,1,25,20,40,930,46,AUBRAC / SCHUMAN,,,Nuit avec éclairage allumé,En agglomération,Intersection en T,Pluie légère,Deux véhicules - côté,,,,,,,,,,,5,2,3,2.0,3
201200044799,0012-01-29 20:00:00,12,1,29,20,0,930,46,BRIAND / GUTENBERG,,,Nuit avec éclairage allumé,En agglomération,Intersection en Y,Normale,Deux véhicules - côté,,,,,,,,,,,5,2,4,1.0,3
201200044800,0012-02-05 18:15:00,12,2,5,18,15,930,46,BOSQUETS / FERRER,48.9264,2.54088,Nuit avec éclairage allumé,En agglomération,Giratoire,Normale,Sans collision,,,,,,,,,,,5,2,6,1.0,7
201200044801,0012-02-08 15:00:00,12,2,8,15,0,930,46,AV WINSTON CHURCHILL,48.9149,2.53455,Plein jour,En agglomération,Hors intersection,Normale,Deux véhicules - frontale,,,,,,,,,,,1,2,1,1.0,1
201200044802,0012-02-10 13:15:00,12,2,10,13,15,930,46,POMMIERS ALLEE DES,48.911,2.53655,Plein jour,En agglomération,Intersection en T,Normale,Deux véhicules - côté,,,,,,,,,,,1,2,3,1.0,3
201200044803,0012-02-17 15:00:00,12,2,17,15,0,930,46,SCHUMAN / L'EUROPE,48.9271,2.55057,Plein jour,En agglomération,Giratoire,Pluie légère,Sans collision,,,,,,,,,,,1,2,6,2.0,7
201200044804,0012-02-20 10:15:00,12,2,20,10,15,930,46,JAURES / CAMUS,48.91886,2.5281,Plein jour,En agglomération,Intersection en X,Normale,Deux véhicules - côté,,,,,,,,,,,1,2,2,1.0,3
201200044805,0012-02-22 10:50:00,12,2,22,10,50,930,46,AV GALLIENI / FABIEN,48.9152,2.51297,Plein jour,En agglomération,Intersection en X,Normale,Deux véhicules - côté,,,,,,,,,,,1,2,2,1.0,3
201200044806,0012-03-01 13:18:00,12,3,1,13,18,930,46,"32, ROBERT SCHUMANN BOUL",48.9279,2.54887,Plein jour,En agglomération,Hors intersection,Normale,Deux véhicules - côté,,,,,,,,,,,1,2,1,1.0,3
201200044807,0012-03-03 12:15:00,12,3,3,12,15,930,46,PL DE LA LIBERATION,48.9228,2.54447,Plein jour,En agglomération,Hors intersection,Normale,Deux véhicules - côté,,,,,,,,,,,1,2,1,1.0,3
201200044808,0012-03-09 22:35:00,12,3,9,22,35,930,46,"1, AV ARISTIDE BRIAND",48.9103,2.51011,Nuit avec éclairage allumé,En agglomération,Hors intersection,Normale,Deux véhicules - côté,,,,,,,,,,,5,2,1,1.0,3
201200044809,0012-03-18 21:05:00,12,3,18,21,5,930,46,POSTES / CHURCHILL,,,Nuit avec éclairage allumé,En agglomération,Intersection en X,Pluie légère,Deux véhicules - côté,,,,,,,,,,,5,2,2,2.0,3
201200044810,0012-04-01 20:10:00,12,4,1,20,10,930,46,"49, ROGER SALENGRO BOULE",,,Plein jour,En agglomération,Hors intersection,Normale,Deux véhicules - côté,,,,,,,,,,,1,2,1,1.0,3
201200044811,0012-04-03 10:00:00,12,4,3,10,0,930,46,AV DU CONSUL GENERAL NOR,48.91647,2.53162,Plein jour,En agglomération,Intersection en X,Normale,Autre collision,,,,,,,,,,,1,2,2,1.0,6
201200044812,0012-04-06 15:45:00,12,4,6,15,45,930,46,JEAN JAURES BOULEVARD,48.9225,2.52424,Plein jour,En agglomération,Intersection à plus de 4 branches,Normale,Deux véhicules - côté,,,,,,,,,,,1,2,5,1.0,3
201200044813,0012-04-14 17:10:00,12,4,14,17,10,930,74,R ALEXANDRE BOUCHER,,,Plein jour,En agglomération,Intersection en X,Temps couvert,Autre collision,,,,,,,,,,,1,2,2,8.0,6
201200044814,0012-04-17 17:00:00,12,4,17,17,0,930,46,LUCIEN MICHARD ALLEE,48.9096,2.53349,Plein jour,En agglomération,Intersection en X,Pluie légère,Deux véhicules - côté,,,,,,,,,,,1,2,2,2.0,3
201200044815,0012-04-22 06:15:00,12,4,22,6,15,930,46,ROGER SALENGRO BOULEVARD,,,Crépuscule ou aube,En agglomération,Intersection en X,Normale,Deux véhicules - côté,,,,,,,,,,,2,2,2,1.0,3
201200044816,0012-04-25 20:30:00,12,4,25,20,30,930,46,JEAN JACQUES ROUSSEAU AV,48.9297,2.54077,Plein jour,En agglomération,Intersection en X,Pluie légère,Deux véhicules - côté,,,,,,,,,,,1,2,2,2.0,3
201200044817,0012-04-27 16:30:00,12,4,27,16,30,930,46,MARX DORMOY BOULEVARD,,,Plein jour,En agglomération,Intersection en T,Normale,Deux véhicules - côté,,,,,,,,,,,1,2,3,1.0,3
201200044818,0012-04-30 15:40:00,12,4,30,15,40,930,74,"255, MEAUX RUE DE",,,Plein jour,En agglomération,Intersection en T,Normale,Autre collision,,,,,,,,,,,1,2,3,1.0,6
201200044819,0012-05-09 14:25:00,12,5,9,14,25,930,46,FERNAND PELOUTIER AVENUE,48.9229,2.51558,Plein jour,En agglomération,Intersection en X,Normale,Deux véhicules - côté,,,,,,,,,,,1,2,2,1.0,3
201200044820,0012-05-10 08:50:00,12,5,10,8,50,930,15,SALENGRO RUE ROGER,48.9174,2.57295,Plein jour,En agglomération,Intersection en X,Normale,Deux véhicules - côté,,,,,,,,,,,1,2,2,1.0,3
201200044821,0012-05-14 10:45:00,12,5,14,10,45,930,15,"27, LARCHE RUE RAOUL",48.9138,2.57902,Plein jour,En agglomération,Hors intersection,Normale,Autre collision,,,,,,,,,,,1,2,1,1.0,6
201200044822,0012-05-17 13:05:00,12,5,17,13,5,930,46,"72-78, ROGER SALENGRO BO",,,Plein jour,En agglomération,Hors intersection,Normale,Deux véhicules - côté,,,,,,,,,,,1,2,1,1.0,3
201200044823,0012-05-17 21:00:00,12,5,17,21,0,930,46,ARISTIDE BRIAND AVENUE,,,Crépuscule ou aube,En agglomération,Intersection en X,Normale,Deux véhicules - côté,,,,,,,,,,,2,2,2,1.0,3
201200044824,0012-05-23 13:35:00,12,5,23,13,35,930,46,VAUJOURS RUE DE,48.9228,2.55001,Plein jour,En agglomération,Hors intersection,Normale,Autre collision,,,,,,,,,,,1,2,1,1.0,6
201200044825,0012-05-24 18:00:00,12,5,24,18,0,930,46,"62, MARECHAL LECLERC AVE",,,Plein jour,En agglomération,Hors intersection,Normale,Autre collision,,,,,,,,,,,1,2,1,1.0,6
201200044826,0012-05-26 14:10:00,12,5,26,14,10,930,46,ARISTIDE BRIAND AVENUE,,,Plein jour,En agglomération,Hors intersection,Normale,Deux véhicules - arrière,,,,,,,,,,,1,2,1,1.0,2
201200044827,0012-05-26 22:40:00,12,5,26,22,40,930,46,"10, LIBERATION PLACE DE",,,Nuit avec éclairage allumé,En agglomération,Hors intersection,Normale,Sans collision,,,,,,,,,,,5,2,1,1.0,7
201200044828,0012-05-29 17:00:00,12,5,29,17,0,930,15,RTE BOIS DE BERNOUILLE,48.9217,2.57252,Plein jour,Hors agglomération,Hors intersection,Normale,Deux véhicules - frontale,,,,,,,,,,,1,1,1,1.0,1
201200044829,0012-06-01 15:40:00,12,6,1,15,40,770,83,LUCIE AUBRAC ALLEE,48.8537,2.60052,Plein jour,En agglomération,Hors intersection,Normale,Sans collision,,,,,,,,,,,1,2,1,1.0,7
201200044830,0012-06-02 11:20:00,12,6,2,11,20,930,46,ARISTIDE BRIAND AVENUE,,,Plein jour,En agglomération,Hors intersection,Normale,Deux véhicules - arrière,,,,,,,,,,,1,2,1,1.0,2
201200044831,0012-06-04 10:35:00,12,6,4,10,35,930,46,"24, VAUBAN AVENUE",48.9128,2.51826,Plein jour,En agglomération,Hors intersection,Temps couvert,Trois véhicules et plus - collisions multiples,,,,,,,,,,,1,2,1,8.0,5
201200044832,0012-06-06 18:05:00,12,6,6,18,5,930,74,"160, MEAUX RUE DE",48.8895,2.57636,Plein jour,En agglomération,Hors intersection,Normale,Autre collision,,,,,,,,,,,1,2,1,1.0,6
201200044833,0012-06-13 17:15:00,12,6,13,17,15,930,46,"37BIS, TURGOT",48.9156,2.51731,Plein jour,En agglomération,Hors intersection,Normale,Autre collision,,,,,,,,,,,1,2,1,1.0,6
201200044834,0012-06-18 19:50:00,12,6,18,19,50,930,46,LEON BLUM CITE,48.90793,2.53175,Plein jour,En agglomération,Giratoire,Normale,Autre collision,,,,,,,,,,,1,2,6,1.0,6
201200044835,0012-06-21 18:40:00,12,6,21,18,40,930,46,"66, ARISTIDE BRIAND AVEN",,,Plein jour,En agglomération,Hors intersection,Normale,Trois véhicules et plus - en chaîne,,,,,,,,,,,1,2,1,1.0,4
201200044836,0012-06-26 08:10:00,12,6,26,8,10,930,46,127 CHE DES POSTES,48.9086,2.53541,Plein jour,En agglomération,Hors intersection,Normale,Deux véhicules - côté,,,,,,,,,,,1,2,1,1.0,3
201200044837,0012-06-26 16:15:00,12,6,26,16,15,930,46,ARISTIDE BRIAND AVENUE,,,Plein jour,En agglomération,Intersection en X,Normale,Deux véhicules - côté,,,,,,,,,,,1,2,2,1.0,3
201200044838,0012-06-28 16:55:00,12,6,28,16,55,930,46,"79, CONSUL GENERAL NORDL",,,Plein jour,En agglomération,Hors intersection,Normale,Deux véhicules - côté,,,,,,,,,,,1,2,1,1.0,3
201200044839,0012-06-30 15:15:00,12,6,30,15,15,930,46,ALL DE L'EST,48.9308,2.5559,Plein jour,En agglomération,Hors intersection,Normale,Autre collision,,,,,,,,,,,1,2,1,1.0,6
201200044840,0012-07-06 19:20:00,12,7,6,19,20,930,74,Route Nationale 3,,,Plein jour,Hors agglomération,Hors intersection,Pluie forte,Deux véhicules - côté,,,,,,,,,,,1,1,1,3.0,3
201200044841,0012-07-12 15:15:00,12,7,12,15,15,930,74,Route Nationale 3,,,Plein jour,Hors agglomération,Hors intersection,Pluie légère,Autre collision,,,,,,,,,,,1,1,1,2.0,6
201200044842,0012-07-13 07:25:00,12,7,13,7,25,930,74,DE GAULLE AVENUE DU GENE,48.9398,2.57105,Plein jour,En agglomération,Hors intersection,Pluie légère,Sans collision,,,,,,,,,,,1,2,1,2.0,7