accident_id,datetime,annee,mois,jour,heure,minute,departement,commune_insee,adresse,latitude,longitude,luminosite,agglomeration,intersection,meteo,collision,nb_vehicules,nb_usagers,nb_indemnes,nb_tues,nb_blesses_hosp,nb_blesses_legers,age_cond_1,age_cond_2,veh_type_cond_1,veh_type_cond_2,lum_code,agg_code,int_code,atm_code,col_code
201200045473,0012-01-18 07:45:00,12,1,18,7,45,930,66,MONTFORT / BARRES,,,Nuit avec éclairage allumé,En agglomération,Intersection en X,Normale,Deux véhicules - côté,,,,,,,,,,,5,2,2,1.0,3
201200045474,0012-01-18 12:50:00,12,1,18,12,50,930,66,"02, AV DE STALINGRAD",,,Plein jour,En agglomération,Hors intersection,Temps couvert,Autre collision,,,,,,,,,,,1,2,1,8.0,6
201200045475,0012-01-20 13:30:00,12,1,20,13,30,930,66,BD DE LA COMMUNE DE PARI,,,Plein jour,En agglomération,Hors intersection,Normale,Autre collision,,,,,,,,,,,1,2,1,1.0,6
201200045476,0012-01-20 21:00:00,12,1,20,21,0,930,66,RIMET / L'OLYMPISME,,,Nuit avec éclairage allumé,En agglomération,Intersection en T,Pluie légère,Deux véhicules - côté,,,,,,,,,,,5,2,3,2.0,3
201200045477,0012-01-24 17:15:00,12,1,24,17,15,930,66,WILSON / SAULNIER,,,Crépuscule ou aube,En agglomération,Intersection en T,Pluie forte,Sans collision,,,,,,,,,,,2,2,3,3.0,7
201200045478,0012-01-26 13:30:00,12,1,26,13,30,930,39,CHATELIER / PAUL,,,Plein jour,En agglomération,Intersection en T,Pluie légère,Deux véhicules - côté,,,,,,,,,,,1,2,3,2.0,3
201200045479,0012-01-29 05:05:00,12,1,29,5,5,930,66,MITTERRAND / PRESSENCE,,,Nuit avec éclairage allumé,En agglomération,Intersection en X,Normale,Deux véhicules - côté,,,,,,,,,,,5,2,2,1.0,3
201200045480,0012-01-30 22:45:00,12,1,30,22,45,930,66,AV DU PRESIDENT WILSON,,,Nuit avec éclairage allumé,En agglomération,Hors intersection,Normale,Deux véhicules - côté,,,,,,,,,,,5,2,1,1.0,3
201200045481,0012-01-31 17:55:00,12,1,31,17,55,930,66,"25, LE ROY DES BARRES",,,Plein jour,En agglomération,Hors intersection,Temps couvert,Autre collision,,,,,,,,,,,1,2,1,8.0,6
201200045482,0012-02-05 18:00:00,12,2,5,18,0,930,66,LANDY / COTREL,48.91449,2.34048,Crépuscule ou aube,En agglomération,Intersection en T,Normale,Deux véhicules - côté,,,,,,,,,,,2,2,3,1.0,3
201200045483,0012-02-09 07:25:00,12,2,9,7,25,930,59,GUYNEMER / LENINE,48.9478,2.35724,Crépuscule ou aube,En agglomération,Giratoire,Normale,Autre collision,,,,,,,,,,,2,2,6,1.0,6
201200045484,0012-02-10 15:00:00,12,2,10,15,0,930,66,AV DU STADE DE FRANCE,48.9198,2.36194,Plein jour,En agglomération,Hors intersection,Normale,Autre collision,,,,,,,,,,,1,2,1,1.0,6
201200045485,0012-02-13 14:00:00,12,2,13,14,0,930,66,JOLIOT CURIE IRENE ET FR,,,Plein jour,En agglomération,Hors intersection,Normale,Autre collision,,,,,,,,,,,1,2,1,1.0,6
201200045486,0012-02-16 12:35:00,12,2,16,12,35,930,66,FAURE FELIX (BOULEVARD),48.9388,2.35886,Plein jour,En agglomération,Hors intersection,Normale,Autre collision,,,,,,,,,,,1,2,1,1.0,6
201200045487,0012-02-17 17:45:00,12,2,17,17,45,930,66,"285, WILSON (AVENUE DU P",,,Plein jour,En agglomération,Hors intersection,Pluie légère,Trois véhicules et plus - en chaîne,,,,,,,,,,,1,2,1,2.0,4
201200045488,0012-02-21 06:50:00,12,2,21,6,50,930,66,STALINGRAD / LENINE,,,Crépuscule ou aube,En agglomération,Intersection en X,Normale,Deux véhicules - côté,,,,,,,,,,,2,2,2,1.0,3
201200045489,0012-02-23 12:15:00,12,2,23,12,15,930,66,SEMBAT / GEYTER,48.9327,2.35185,Plein jour,En agglomération,Intersection en T,Normale,Deux véhicules - côté,,,,,,,,,,,1,2,3,1.0,3
201200045490,0012-02-23 15:30:00,12,2,23,15,30,930,66,DIDEROT / MASSENET,48.936,2.37755,Plein jour,En agglomération,Intersection en T,Pluie légère,Deux véhicules - côté,,,,,,,,,,,1,2,3,2.0,3
201200045491,0012-02-24 06:55:00,12,2,24,6,55,930,66,FRANCE / SAULNIER,,,Nuit avec éclairage allumé,En agglomération,Intersection en X,Pluie légère,Trois véhicules et plus - collisions multiples,,,,,,,,,,,5,2,2,2.0,5
201200045492,0012-02-25 02:34:00,12,2,25,2,34,930,66,WILSON / PROUDHON,,,Nuit avec éclairage allumé,En agglomération,Intersection en X,Normale,Autre collision,,,,,,,,,,,5,2,2,1.0,6
201200045493,0012-03-01 19:25:00,12,3,1,19,25,930,66,"133, AV DU PRESIDENT WIL",48.9084,2.35795,Nuit avec éclairage allumé,En agglomération,Hors intersection,Normale,Deux véhicules - côté,,,,,,,,,,,5,2,1,1.0,3
201200045494,0012-03-02 18:50:00,12,3,2,18,50,930,66,"""STRASBOURG, NR 1 A 71 E",48.9364,2.37018,Nuit avec éclairage allumé,En agglomération,Hors intersection,Normale,Autre collision,,,,,,,,,,,5,2,1,1.0,6
201200045495,0012-03-03 10:45:00,12,3,3,10,45,930,66,"379, WILSON (AVENUE DU P",,,Plein jour,En agglomération,Hors intersection,Normale,Sans collision,,,,,,,,,,,1,2,1,1.0,7
201200045496,0012-03-04 20:45:00,12,3,4,20,45,930,66,"52, AV DU PRESIDENT WILS",,,Nuit avec éclairage allumé,En agglomération,Hors intersection,Pluie légère,Sans collision,,,,,,,,,,,5,2,1,2.0,7
201200045497,0012-03-06 16:45:00,12,3,6,16,45,930,66,"2, BD DE LA LIBERATION",,,Plein jour,En agglomération,Hors intersection,Pluie légère,Deux véhicules - côté,,,,,,,,,,,1,2,1,2.0,3
201200045498,0012-03-08 17:45:00,12,3,8,17,45,930,66,MITERRAND FRANCOIS (AVEN,48.9182,2.35473,Plein jour,En agglomération,Intersection en X,Normale,Deux véhicules - côté,,,,,,,,,,,1,2,2,1.0,3
201200045499,0012-03-10 03:40:00,12,3,10,3,40,930,66,"285, AV DU PRESIDENT WIL",48.9191,2.35719,Nuit avec éclairage allumé,En agglomération,Hors intersection,Normale,Sans collision,,,,,,,,,,,5,2,1,1.0,7
201200045500,0012-03-11 13:30:00,12,3,11,13,30,930,66,"70, CROISAT AMBROISE RD",48.9317,2.34941,Plein jour,En agglomération,Hors intersection,Normale,Trois véhicules et plus - en chaîne,,,,,,,,,,,1,2,1,1.0,4
201200045501,0012-03-10 21:20:00,12,3,10,21,20,930,66,"50, WILSON (AVENUE DU PR",,,Nuit avec éclairage allumé,En agglomération,Hors intersection,Normale,Autre collision,,,,,,,,,,,5,2,1,1.0,6
201200045502,0012-03-12 12:50:00,12,3,12,12,50,930,66,LENINE (AVENUE) NR 2 A 2,48.9424,2.36468,Plein jour,En agglomération,Hors intersection,Normale,Deux véhicules - arrière,,,,,,,,,,,1,2,1,1.0,2
201200045503,0012-03-12 19:25:00,12,3,12,19,25,930,66,COUTURIER / LENINE,,,Nuit avec éclairage non allumé,En agglomération,Giratoire,Normale,Trois véhicules et plus - collisions multiples,,,,,,,,,,,4,2,6,1.0,5
201200045504,0012-03-14 09:15:00,12,3,14,9,15,930,66,"7, AMPERE",48.9222,2.33931,Plein jour,En agglomération,Hors intersection,Normale,Deux véhicules - côté,,,,,,,,,,,1,2,1,1.0,3
201200045505,0012-03-16 18:00:00,12,3,16,18,0,930,66,R HENRI DELAUNAY,48.9261,2.35955,Plein jour,En agglomération,Hors intersection,Normale,Deux véhicules - frontale,,,,,,,,,,,1,2,1,1.0,1
201200045506,0012-03-16 20:30:00,12,3,16,20,30,930,66,FRANCE ANATOLE (BOULEVAR,,,Nuit avec éclairage allumé,En agglomération,Hors intersection,Normale,Deux véhicules - côté,,,,,,,,,,,5,2,1,1.0,3
201200045507,0012-03-16 21:00:00,12,3,16,21,0,930,66,"""STALINGRAD (AVENUE), NR",48.9453,2.36328,Nuit avec éclairage allumé,En agglomération,Hors intersection,Normale,Autre collision,,,,,,,,,,,5,2,1,1.0,6
201200045508,0012-03-18 14:45:00,12,3,18,14,45,930,66,GENERAL LECLERC (PLACE),48.9442,2.35695,Plein jour,En agglomération,Giratoire,Pluie légère,Deux véhicules - côté,,,,,,,,,,,1,2,6,2.0,3
201200045509,0012-03-19 18:00:00,12,3,19,18,0,930,66,SEINE (QUAI DE ),48.938,2.34216,Crépuscule ou aube,En agglomération,Hors intersection,Normale,Deux véhicules - côté,,,,,,,,,,,2,2,1,1.0,3
201200045510,0012-03-20 18:20:00,12,3,20,18,20,930,66,CASANOVA DANIELLE NR 52-,48.9266,2.3661,Plein jour,En agglomération,Intersection en X,Normale,Deux véhicules - côté,,,,,,,,,,,1,2,2,1.0,3
201200045511,0012-03-21 08:10:00,12,3,21,8,10,930,66,CARNOT (BOULEVARD),48.9386,2.35586,Plein jour,En agglomération,Hors intersection,Normale,Autre collision,,,,,,,,,,,1,2,1,1.0,6
201200045512,0012-03-26 18:20:00,12,3,26,18,20,930,66,"260, WILSON (AVENUE DU P",,,Plein jour,En agglomération,Intersection en X,Normale,Deux véhicules - côté,,,,,,,,,,,1,2,2,1.0,3
201200045513,0012-03-26 17:00:00,12,3,26,17,0,930,66,WILSON / MITTERRAND,48.9182,2.35723,Plein jour,En agglomération,Intersection en X,Normale,Deux véhicules - côté,,,,,,,,,,,1,2,2,1.0,3
201200045514,0012-03-28 11:30:00,12,3,28,11,30,930,66,"22, BD ANATOLE FRANCE",48.929,2.35473,Plein jour,En agglomération,Hors intersection,Normale,Deux véhicules - côté,,,,,,,,,,,1,2,1,1.0,3
201200045515,0012-03-28 21:45:00,12,3,28,21,45,930,66,LANDY / JAURES,,,Nuit avec éclairage non allumé,En agglomération,Intersection en T,Normale,Deux véhicules - côté,,,,,,,,,,,4,2,3,1.0,3
201200045516,0012-03-31 19:30:00,12,3,31,19,30,930,66,"72, R AMBROISE CROIZAT",,,Plein jour,En agglomération,Hors intersection,Normale,Deux véhicules - côté,,,,,,,,,,,1,2,1,1.0,3
201200045517,0012-04-01 16:00:00,12,4,1,16,0,930,66,"03, R THOREZ MAURICE",48.94244,2.34903,Plein jour,En agglomération,Intersection à plus de 4 branches,Normale,Autre collision,,,,,,,,,,,1,2,5,1.0,6
201200045518,0012-04-01 19:40:00,12,4,1,19,40,930,66,R DE MONTMORENCY,48.9436,2.36912,Plein jour,En agglomération,Intersection en X,Normale,Deux véhicules - côté,,,,,,,,,,,1,2,2,1.0,3
201200045519,0012-04-03 10:30:00,12,4,3,10,30,930,66,BD LIBERATION,,,Plein jour,En agglomération,Intersection en T,Normale,Deux véhicules - côté,,,,,,,,,,,1,2,3,1.0,3
201200045520,0012-04-03 14:30:00,12,4,3,14,30,930,66,"70, BD ANATOLE FRANCE",,,Plein jour,En agglomération,Autre intersection,Normale,Deux véhicules - côté,,,,,,,,,,,1,2,9,1.0,3
201200045521,0012-04-05 13:35:00,12,4,5,13,35,930,66,EDOUARD VAILLANT,48.9375,2.36203,Plein jour,En agglomération,Intersection en T,Temps couvert,Deux véhicules - côté,,,,,,,,,,,1,2,3,8.0,3
201200045522,0012-04-11 08:45:00,12,4,11,8,45,930,66,"18, AV JEAN MOULIN",48.9399,2.36272,Plein jour,En agglomération,Intersection en T,Normale,Deux véhicules - côté,,,,,,,,,,,1,2,3,1.0,3
201200045523,0012-04-11 15:15:00,12,4,11,15,15,930,66,R FRANCIS DE PRESSENSE,48.91968,2.36162,Plein jour,En agglomération,Intersection à plus de 4 branches,Normale,Sans collision,,,,,,,,,,,1,2,5,1.0,7
201200045524,0012-04-13 08:15:00,12,4,13,8,15,930,66,R GUYNEMER,48.94761,2.36058,Plein jour,En agglomération,Hors intersection,Normale,Sans collision,,,,,,,,,,,1,2,1,1.0,7
201200045525,0012-04-14 11:30:00,12,4,14,11,30,930,66,AV DU PRESIDENT WILSON,48.91412,2.3582,Plein jour,En agglomération,Hors intersection,Normale,Deux véhicules - frontale,,,,,,,,,,,1,2,1,1.0,1
201200045526,0012-04-15 19:45:00,12,4,15,19,45,930,66,R AMBROISE CROIZAT,48.9351,2.34678,Plein jour,En agglomération,Hors intersection,Normale,Deux véhicules - côté,,,,,,,,,,,1,2,1,1.0,3
201200045527,0012-04-18 18:14:00,12,4,18,18,14,930,66,"000.1, WILSON (AVENUE DU",,,Plein jour,En agglomération,Hors intersection,Normale,Deux véhicules - arrière,,,,,,,,,,,1,2,1,1.0,2
201200045528,0012-04-23 11:40:00,12,4,23,11,40,930,66,"13, ""SEMBAT MARCEL (BD),",48.9311,2.35436,Plein jour,En agglomération,Intersection en X,Pluie forte,Autre collision,,,,,,,,,,,1,2,2,3.0,6
201200045529,0012-04-25 09:00:00,12,4,25,9,0,930,66,"""LANDY RD 20, NR IMPAIRS",,,Plein jour,En agglomération,Hors intersection,Pluie légère,Deux véhicules - arrière,,,,,,,,,,,1,2,1,2.0,2
201200045530,0012-04-27 11:00:00,12,4,27,11,0,930,66,CACHIN MARCEL (AVENUE),,,Plein jour,En agglomération,Hors intersection,Normale,Autre collision,,,,,,,,,,,1,2,1,1.0,6
201200045531,0012-05-02 08:00:00,12,5,2,8,0,930,66,", SAINT OUEN (QUAI DE )",,,Plein jour,Hors agglomération,Hors intersection,Normale,Deux véhicules - frontale,,,,,,,,,,,1,1,1,1.0,1
201200045532,0012-05-05 10:00:00,12,5,5,10,0,930,66,"379, WILSON (AVENUE DU P",,,Plein jour,En agglomération,Intersection en Y,Normale,Deux véhicules - côté,,,,,,,,,,,1,2,4,1.0,3
201200045533,0012-05-05 05:30:00,12,5,5,5,30,930,66,CROISAT AMBROISE RD 29 B,,,Crépuscule ou aube,En agglomération,Hors intersection,Normale,Deux véhicules - frontale,,,,,,,,,,,2,2,1,1.0,1
201200045534,0012-05-06 17:45:00,12,5,6,17,45,930,66,GENERAL DE GAULLE,,,Plein jour,En agglomération,Hors intersection,Normale,Autre collision,,,,,,,,,,,1,2,1,1.0,6
201200045535,0012-05-08 21:00:00,12,5,8,21,0,930,66,BRICHE NR 2 A 38,,,Plein jour,En agglomération,Intersection en X,Normale,Deux véhicules - côté,,,,,,,,,,,1,2,2,1.0,3
201200045536,0012-05-09 20:00:00,12,5,9,20,0,930,66,R LORRAINE,48.9249,2.37143,Plein jour,En agglomération,Hors intersection,Normale,Autre collision,,,,,,,,,,,1,2,1,1.0,6
201200045537,0012-05-12 16:50:00,12,5,12,16,50,930,66,"01, COURNEUVE (ROUTE)",,,Plein jour,En agglomération,Intersection en T,Normale,Deux véhicules - arrière,,,,,,,,,,,1,2,3,1.0,2
201200045538,0012-05-13 20:05:00,12,5,13,20,5,930,66,"73, ""LANDY RD 20, NR IMP",,,Plein jour,En agglomération,Hors intersection,Normale,Autre collision,,,,,,,,,,,1,2,1,1.0,6
201200045539,0012-05-14 14:20:00,12,5,14,14,20,930,66,CROISAT AMBROISE RD 29 B,,,Plein jour,En agglomération,Hors intersection,Normale,Deux véhicules - côté,,,,,,,,,,,1,2,1,1.0,3
201200045540,0012-05-14 15:50:00,12,5,14,15,50,930,66,CACHIN MARCEL (AVENUE),,,Plein jour,En agglomération,Intersection à plus de 4 branches,Temps éblouissant,Autre collision,,,,,,,,,,,1,2,5,7.0,6
201200045541,0012-05-15 20:00:00,12,5,15,20,0,930,66,LENINE (AVENUE) NR 28 A,,,Plein jour,En agglomération,Hors intersection,Normale,Deux véhicules - côté,,,,,,,,,,,1,2,1,1.0,3
201200045542,0012-05-23 16:00:00,12,5,23,16,0,930,66,"16, ELUARD PAUL - AUTRES",48.9391,2.34721,Plein jour,En agglomération,Intersection en T,Normale,Autre collision,,,,,,,,,,,1,2,3,1.0,6
201200045543,0012-05-25 14:45:00,12,5,25,14,45,930,66,FRUITIERS (CHEMIN),48.9182,2.35459,Plein jour,En agglomération,Intersection en X,Normale,Deux véhicules - côté,,,,,,,,,,,1,2,2,1.0,3
201200045544,0012-05-26 18:55:00,12,5,26,18,55,930,66,FAURE FELIX (BOULEVARD),48.9387,2.3592,Plein jour,En agglomération,Intersection en X,Normale,Deux véhicules - côté,,,,,,,,,,,1,2,2,1.0,3
201200045545,0012-05-26 16:00:00,12,5,26,16,0,930,66,"24, GARCIA CHRISTINO",48.9166,2.36406,Plein jour,En agglomération,Hors intersection,Normale,Sans collision,,,,,,,,,,,1,2,1,1.0,7
201200045546,0012-05-28 14:00:00,12,5,28,14,0,930,66,GENERAL DE GAULLE,,,Plein jour,En agglomération,Intersection en T,Normale,Deux véhicules - côté,,,,,,,,,,,1,2,3,1.0,3
201200045547,0012-05-29 09:10:00,12,5,29,9,10,930,66,"110, CROISAT AMBROISE RD",,,Plein jour,En agglomération,Hors intersection,Normale,Deux véhicules - arrière,,,,,,,,,,,1,2,1,1.0,2
201200045548,0012-05-29 15:30:00,12,5,29,15,30,930,66,"15, ""MERMOZ JEAN, NR 15""",48.9418,2.35402,Plein jour,En agglomération,Hors intersection,Normale,Autre collision,,,,,,,,,,,1,2,1,1.0,6
201200045549,0012-05-30 12:15:00,12,5,30,12,15,930,1,PRESSENCE FRANCIS (AVENU,48.922,2.36738,Plein jour,En agglomération,Hors intersection,Normale,Autre collision,,,,,,,,,,,1,2,1,1.0,6
201200045550,0012-05-31 12:40:00,12,5,31,12,40,930,66,"19, RESISTANCE (PLACE)",48.9324,2.35488,Plein jour,En agglomération,Hors intersection,Normale,Autre collision,,,,,,,,,,,1,2,1,1.0,6
201200045551,0012-05-31 09:40:00,12,5,31,9,40,930,66,FORT DE LA BRICHE,,,Plein jour,Hors agglomération,Hors intersection,Normale,Deux véhicules - frontale,,,,,,,,,,,1,1,1,1.0,1
201200045552,0012-05-31 13:50:00,12,5,31,13,50,930,66,"73, WILSON (AVENUE DU PR",48.9046,2.35826,Plein jour,En agglomération,Hors intersection,Normale,Deux véhicules - côté,,,,,,,,,,,1,2,1,1.0,3
201200045553,0012-06-01 11:15:00,12,6,1,11,15,930,66,FORT DE LA BRICHE,48.9443,2.34222,Plein jour,En agglomération,Intersection en X,Normale,Deux véhicules - côté,,,,,,,,,,,1,2,2,1.0,3
201200045554,0012-06-01 23:30:00,12,6,1,23,30,930,66,FRANCE ANATOLE (BOULEVAR,,,Nuit avec éclairage allumé,En agglomération,Hors intersection,Normale,Deux véhicules - frontale,,,,,,,,,,,5,2,1,1.0,1
201200045555,0012-06-03 22:35:00,12,6,3,22,35,930,66,CACHIN MARCEL (AVENUE),,,Nuit avec éclairage allumé,En agglomération,Hors intersection,Pluie légère,Trois véhicules et plus - en chaîne,,,,,,,,,,,5,2,1,2.0,4
201200045556,0012-06-05 21:30:00,12,6,5,21,30,930,66,FRANCE ANATOLE (BOULEVAR,48.9268,2.35219,Nuit avec éclairage allumé,En agglomération,Hors intersection,Pluie légère,Deux véhicules - arrière,,,,,,,,,,,5,2,1,2.0,2
201200045557,0012-06-06 19:20:00,12,6,6,19,20,930,66,"65, CASANOVA DANIELLE NR",48.9239,2.36906,Plein jour,En agglomération,Hors intersection,Normale,Deux véhicules - côté,,,,,,,,,,,1,2,1,1.0,3
201200045558,0012-06-03 16:45:00,12,6,3,16,45,930,66,GORKI MAXIME,,,Plein jour,En agglomération,Hors intersection,Normale,Deux véhicules - côté,,,,,,,,,,,1,2,1,1.0,3
201200045559,0012-06-08 09:30:00,12,6,8,9,30,930,66,"17, VOLTAIRE",48.9348,2.37744,Plein jour,En agglomération,Hors intersection,Normale,Autre collision,,,,,,,,,,,1,2,1,1.0,6
201200045560,0012-06-08 12:50:00,12,6,8,12,50,930,39,PAUL MARCEL (BOULEVARD),,,Plein jour,En agglomération,Intersection en T,Normale,Autre collision,,,,,,,,,,,1,2,3,1.0,6
201200045561,0012-06-09 11:25:00,12,6,9,11,25,930,66,MOULIN JEAN (AVENUE) NR,48.9399,2.36278,Plein jour,En agglomération,Hors intersection,Normale,Deux véhicules - frontale,,,,,,,,,,,1,2,1,1.0,1
201200045562,0012-06-09 16:40:00,12,6,9,16,40,930,39,MECHIN,,,Plein jour,En agglomération,Hors intersection,Normale,Deux véhicules - frontale,,,,,,,,,,,1,2,1,1.0,1
201200045563,0012-06-11 11:30:00,12,6,11,11,30,930,66,ELUARD PAUL NR 2 A 36 ET,48.9386,2.35042,Plein jour,En agglomération,Hors intersection,Temps couvert,Deux véhicules - arrière,,,,,,,,,,,1,2,1,8.0,2
201200045564,0012-06-12 13:10:00,12,6,12,13,10,930,66,"""STALINGRAND (AV), NR 2-",,,Plein jour,En agglomération,Autre intersection,Temps couvert,Sans collision,,,,,,,,,,,1,2,9,8.0,7
201200045565,0012-06-12 18:00:00,12,6,12,18,0,930,66,"06, AMPERE",48.9221,2.33911,Plein jour,En agglomération,Hors intersection,Pluie légère,Sans collision,,,,,,,,,,,1,2,1,2.0,7
201200045566,0012-06-15 20:30:00,12,6,15,20,30,930,66,WILSON (AVENUE DU PRESID,48.9182,2.35789,Nuit avec éclairage allumé,En agglomération,Intersection en X,Pluie forte,Autre collision,,,,,,,,,,,5,2,2,3.0,6
201200045567,0012-06-17 23:05:00,12,6,17,23,5,930,66,STADE DE FRANCE (AVENUE,,,Nuit avec éclairage allumé,En agglomération,Hors intersection,Normale,Autre collision,,,,,,,,,,,5,2,1,1.0,6
201200045568,0012-06-18 00:25:00,12,6,18,0,25,930,66,"64, FRANCE ANATOLE ENTRE",,,Nuit avec éclairage allumé,En agglomération,Hors intersection,Normale,Deux véhicules - côté,,,,,,,,,,,5,2,1,1.0,3
201200045569,0012-06-18 09:30:00,12,6,18,9,30,930,66,SAULNIER JULES,48.9255,2.35346,Plein jour,En agglomération,Autre intersection,Normale,Deux véhicules - arrière,,,,,,,,,,,1,2,9,1.0,2
201200045570,0012-06-26 18:00:00,12,6,26,18,0,930,39,2 BD MARCEL PAUL,,,Plein jour,En agglomération,Hors intersection,Normale,Trois véhicules et plus - en chaîne,,,,,,,,,,,1,2,1,1.0,4
201200045571,0012-06-27 18:00:00,12,6,27,18,0,930,66,"7, FORT DE LA BRICHE",,,Plein jour,En agglomération,Hors intersection,Normale,Autre collision,,,,,,,,,,,1,2,1,1.0,6
201200045572,0012-06-28 09:00:00,12,6,28,9,0,930,66,"03, BRICHE NR 2 A 38",,,Plein jour,Hors agglomération,Autre intersection,Normale,Deux véhicules - côté,,,,,,,,,,,1,1,9,1.0,3
201200045573,0012-07-01 21:50:00,12,7,1,21,50,930,66,RTE COURNEUVE,,,Crépuscule ou aube,En agglomération,Hors intersection,Normale,Deux véhicules - arrière,,,,,,,,,,,2,2,1,1.0,2
201200045574,0012-07-02 09:30:00,12,7,2,9,30,930,66,"07, LIBERATION RD14 (BOU",,,Plein jour,En agglomération,Hors intersection,Normale,Sans collision,,,,,,,,,,,1,2,1,1.0,7
201200045575,0012-07-02 21:00:00,12,7,2,21,0,930,66,"112, CROIZAT AMBROISE RD",,,Crépuscule ou aube,En agglomération,Hors intersection,Normale,Deux véhicules - arrière,,,,,,,,,,,2,2,1,1.0,2
201200045576,0012-07-06 08:00:00,12,7,6,8,0,930,66,"34, LIBERATION RD14 (BOU",,,Plein jour,En agglomération,Hors intersection,Normale,Deux véhicules - côté,,,,,,,,,,,1,2,1,1.0,3
201200045577,0012-07-07 20:45:00,12,7,7,20,45,930,66,"133, WILSON (AVENUE DU P",,,Crépuscule ou aube,En agglomération,Hors intersection,Pluie légère,Deux véhicules - côté,,,,,,,,,,,2,2,1,2.0,3
201200045578,0012-07-07 20:25:00,12,7,7,20,25,930,66,FRANCE ANATOLE ENTREE A8,,,Plein jour,En agglomération,Hors intersection,Pluie légère,Sans collision,,,,,,,,,,,1,2,1,2.0,7
201200045579,0012-07-12 08:55:00,12,7,12,8,55,930,66,JAURES JEAN,,,Plein jour,En agglomération,Intersection en X,Normale,Deux véhicules - côté,,,,,,,,,,,1,2,2,1.0,3
201200045580,0012-07-13 12:00:00,12,7,13,12,0,930,66,"53, ""STALINGRAND (AV), N",,,Plein jour,Hors agglomération,Hors intersection,Pluie forte,Deux véhicules - arrière,,,,,,,,,,,1,1,1,3.0,2
201200045581,0012-07-13 16:45:00,12,7,13,16,45,930,66,"1, LENINE (AVENUE) NR 2",48.93704,2.3681,Plein jour,En agglomération,Hors intersection,Normale,Deux véhicules - arrière,,,,,,,,,,,1,2,1,1.0,2
201200045582,0012-07-29 15:10:00,12,7,29,15,10,930,66,"5, OWENS JESSE",,,Plein jour,En agglomération,Intersection en X,Normale,Autre collision,,,,,,,,,,,1,2,2,1.0,6
201200045583,0012-08-03 18:45:00,12,8,3,18,45,930,66,"40, ""STALINGRAND (AV), N",,,Plein jour,En agglomération,Hors intersection,Normale,Deux véhicules - côté,,,,,,,,,,,1,2,1,1.0,3
201200045584,0012-08-08 12:45:00,12,8,8,12,45,930,66,PROUDHON,,,Plein jour,En agglomération,Intersection en X,Normale,Deux véhicules - côté,,,,,,,,,,,1,2,2,1.0,3
201200045585,0012-08-09 13:30:00,12,8,9,13,30,930,66,"14, MOULIN JEAN (AVE) NR",,,Plein jour,En agglomération,Intersection en T,Normale,Deux véhicules - arrière,,,,,,,,,,,1,2,3,1.0,2
201200045586,0012-08-13 15:40:00,12,8,13,15,40,930,66,"17, HENAFF EUGENE",,,Plein jour,En agglomération,Hors intersection,Normale,Autre collision,,,,,,,,,,,1,2,1,1.0,6
201200045587,0012-08-14 18:00:00,12,8,14,18,0,930,66,MICHELS CHARLES,,,Plein jour,En agglomération,Hors intersection,Normale,Deux véhicules - côté,,,,,,,,,,,1,2,1,1.0,3
201200045588,0012-08-16 18:00:00,12,8,16,18,0,930,66,"141, ""PERI GABRIEL, NR 1",48.9425,2.35679,Plein jour,En agglomération,Intersection en X,Normale,Deux véhicules - côté,,,,,,,,,,,1,2,2,1.0,3
201200045589,0012-08-19 01:40:00,12,8,19,1,40,930,59,"12, R JEAN PIERRE TIMBAU",48.9519,2.35648,Nuit avec éclairage allumé,En agglomération,Hors intersection,Normale,Autre collision,,,,,,,,,,,5,2,1,1.0,6
201200045590,0012-08-21 09:30:00,12,8,21,9,30,930,66,AV LENINE,,,Plein jour,En agglomération,Hors intersection,Normale,Deux véhicules - arrière,,,,,,,,,,,1,2,1,1.0,2
201200045591,0012-08-21 14:00:00,12,8,21,14,0,930,66,"381, WILSON (AVENUE DU P",,,Plein jour,En agglomération,Hors intersection,Normale,Deux véhicules - côté,,,,,,,,,,,1,2,1,1.0,3
201200045592,0012-09-01 05:50:00,12,9,1,5,50,930,39,"2, PAUL MARCEL (BOULEVAR",,,Crépuscule ou aube,En agglomération,Hors intersection,Normale,Sans collision,,,,,,,,,,,2,2,1,1.0,7
201200045593,0012-09-03 17:20:00,12,9,3,17,20,930,66,"02, STADE DE FRANCE (AVE",,,Plein jour,En agglomération,Hors intersection,Normale,Deux véhicules - arrière,,,,,,,,,,,1,2,1,1.0,2
201200045594,0012-09-06 14:40:00,12,9,6,14,40,930,66,"154, WILSON (AVENUE DU P",,,Plein jour,En agglomération,Intersection en T,Normale,Deux véhicules - côté,,,,,,,,,,,1,2,3,1.0,3
201200045595,0012-09-06 15:35:00,12,9,6,15,35,930,66,CASANOVA DANIELLE NR 2 A,,,Plein jour,En agglomération,Passage à niveau,Normale,Autre collision,,,,,,,,,,,1,2,8,1.0,6
201200045596,0012-09-08 12:16:00,12,9,8,12,16,930,66,STADE DE FRANCE (AVENUE,,,Plein jour,En agglomération,Intersection en X,Normale,Deux véhicules - côté,,,,,,,,,,,1,2,2,1.0,3
201200045597,0012-09-10 15:30:00,12,9,10,15,30,930,66,GALLIENI (PASSAGE),,,Plein jour,En agglomération,Hors intersection,Normale,Autre collision,,,,,,,,,,,1,2,1,1.0,6
201200045598,0012-09-15 01:40:00,12,9,15,1,40,930,66,WILSON (AVENUE DU PRESID,,,Nuit avec éclairage allumé,En agglomération,Hors intersection,Normale,Deux véhicules - arrière,,,,,,,,,,,5,2,1,1.0,2