accident_id,datetime,annee,mois,jour,heure,minute,departement,commune_insee,adresse,latitude,longitude,luminosite,agglomeration,intersection,meteo,collision,nb_vehicules,nb_usagers,nb_indemnes,nb_tues,nb_blesses_hosp,nb_blesses_legers,age_cond_1,age_cond_2,veh_type_cond_1,veh_type_cond_2,lum_code,agg_code,int_code,atm_code,col_code
201200045599,0012-09-15 08:30:00,12,9,15,8,30,930,66,"""LANDY RD 20, NR PAIRS 2",,,Plein jour,En agglomération,Intersection en T,Normale,Deux véhicules - côté,,,,,,,,,,,1,2,3,1.0,3
201200045600,0012-09-15 16:15:00,12,9,15,16,15,930,66,"31, FRANCE ANATOLE (BOUL",,,Plein jour,En agglomération,Intersection en Y,Normale,Deux véhicules - côté,,,,,,,,,,,1,2,4,1.0,3
201200045601,0012-09-16 11:50:00,12,9,16,11,50,930,66,"11, CHARRONNERIE",,,Plein jour,En agglomération,Hors intersection,Normale,Autre collision,,,,,,,,,,,1,2,1,1.0,6
201200045602,0012-09-16 11:15:00,12,9,16,11,15,930,66,STADE DE FRANCE (AVENUE,,,Plein jour,En agglomération,Hors intersection,Normale,Autre collision,,,,,,,,,,,1,2,1,1.0,6
201200045603,0012-09-16 11:05:00,12,9,16,11,5,930,66,"130 BIS, CASANOVA DANIEL",,,Plein jour,En agglomération,Hors intersection,Normale,Deux véhicules - arrière,,,,,,,,,,,1,2,1,1.0,2
201200045604,0012-09-16 18:15:00,12,9,16,18,15,930,66,GERMINAL (PASSAGE),,,Plein jour,En agglomération,Hors intersection,Normale,Autre collision,,,,,,,,,,,1,2,1,1.0,6
201200045605,0012-09-17 19:20:00,12,9,17,19,20,930,66,"242, FRANCE ANATOLE (BOU",,,Plein jour,En agglomération,Hors intersection,Normale,Deux véhicules - côté,,,,,,,,,,,1,2,1,1.0,3
201200045606,0012-09-17 16:45:00,12,9,17,16,45,930,66,", HUGUES CLOVIS",,,Plein jour,En agglomération,Intersection en T,Normale,Deux véhicules - côté,,,,,,,,,,,1,2,3,1.0,3
201200045607,0012-09-22 16:10:00,12,9,22,16,10,930,66,"31, COLONEL FABIEN (AVEN",,,Plein jour,En agglomération,Hors intersection,Normale,Deux véhicules - arrière,,,,,,,,,,,1,2,1,1.0,2
201200045608,0012-09-21 15:00:00,12,9,21,15,0,930,66,POULBOT FRANCISQUE,,,Plein jour,En agglomération,Hors intersection,Pluie légère,Deux véhicules - côté,,,,,,,,,,,1,2,1,2.0,3
201200045609,0012-09-24 08:00:00,12,9,24,8,0,930,66,GUYNEMER,,,Plein jour,En agglomération,Hors intersection,Pluie légère,Deux véhicules - côté,,,,,,,,,,,1,2,1,2.0,3
201200045610,0012-09-24 08:30:00,12,9,24,8,30,930,66,"39, CASANOVA DANIELLE NR",,,Plein jour,En agglomération,Hors intersection,Pluie légère,Autre collision,,,,,,,,,,,1,2,1,2.0,6
201200045611,0012-09-24 23:30:00,12,9,24,23,30,930,66,CROIZAT AMBROISE RD 29 B,,,Nuit sans éclairage public,En agglomération,Hors intersection,Pluie légère,Deux véhicules - arrière,,,,,,,,,,,3,2,1,2.0,2
201200045612,0012-09-27 18:00:00,12,9,27,18,0,930,66,COLONEL FABIEN (AVENUE),,,Plein jour,En agglomération,Hors intersection,Normale,Autre collision,,,,,,,,,,,1,2,1,1.0,6
201200045613,0012-09-27 20:00:00,12,9,27,20,0,930,66,"43-45, FILLETTES",,,Nuit avec éclairage allumé,En agglomération,Hors intersection,Normale,Autre collision,,,,,,,,,,,5,2,1,1.0,6
201200045614,0012-09-28 12:25:00,12,9,28,12,25,930,66,"6, ""GUESDE JULES (BD), N",,,Plein jour,En agglomération,Hors intersection,Normale,Trois véhicules et plus - collisions multiples,,,,,,,,,,,1,2,1,1.0,5
201200045615,0012-09-29 18:15:00,12,9,29,18,15,930,66,"""STALINGRAND (AV), NR 2-",,,Plein jour,En agglomération,Hors intersection,Normale,Deux véhicules - arrière,,,,,,,,,,,1,2,1,1.0,2
201200045616,0012-10-04 08:45:00,12,10,4,8,45,930,66,LIBERATION RD14 (BOULEVA,48.92397,2.34257,Plein jour,En agglomération,Intersection en X,Pluie légère,Deux véhicules - côté,,,,,,,,,,,1,2,2,2.0,3
201200045617,0012-10-04 09:35:00,12,10,4,9,35,930,66,"""STRASBOURG, NR 36 ET SU",48.93718,2.37196,Plein jour,En agglomération,Intersection en X,Pluie légère,Deux véhicules - côté,,,,,,,,,,,1,2,2,2.0,3
201200045618,0012-10-05 09:30:00,12,10,5,9,30,930,66,SAINT OUEN (QUAI DE ),,,Plein jour,En agglomération,Hors intersection,Normale,Trois véhicules et plus - en chaîne,,,,,,,,,,,1,2,1,1.0,4
201200045619,0012-10-08 11:05:00,12,10,8,11,5,930,66,FORT DE LA BRICHE,,,Plein jour,En agglomération,Hors intersection,Pluie légère,Autre collision,,,,,,,,,,,1,2,1,2.0,6
201200045620,0012-10-09 05:55:00,12,10,9,5,55,930,66,FORT DE LA BRICHE (CHEMI,,,Nuit avec éclairage allumé,En agglomération,Hors intersection,Pluie légère,Deux véhicules - côté,,,,,,,,,,,5,2,1,2.0,3
201200045621,0012-10-09 11:20:00,12,10,9,11,20,930,66,LIBERATION RD14 (BOULEVA,,,Plein jour,En agglomération,Hors intersection,Pluie légère,Sans collision,,,,,,,,,,,1,2,1,2.0,7
201200045622,0012-10-11 17:35:00,12,10,11,17,35,930,66,LIBERATION RD14 (BOULEVA,,,Plein jour,En agglomération,Hors intersection,Temps couvert,Autre collision,,,,,,,,,,,1,2,1,8.0,6
201200045623,0012-10-12 11:50:00,12,10,12,11,50,930,66,METALLURGIE (AVENUE),,,Plein jour,En agglomération,Hors intersection,Normale,Deux véhicules - côté,,,,,,,,,,,1,2,1,1.0,3
201200045624,0012-10-15 10:00:00,12,10,15,10,0,930,66,SAULNIER JULES,,,Plein jour,En agglomération,Hors intersection,Normale,Deux véhicules - côté,,,,,,,,,,,1,2,1,1.0,3
201200045625,0012-10-15 10:05:00,12,10,15,10,5,930,66,ELUARD PAUL - AUTRES,,,Plein jour,En agglomération,Hors intersection,Normale,Deux véhicules - côté,,,,,,,,,,,1,2,1,1.0,3
201200045626,0012-10-15 12:30:00,12,10,15,12,30,930,66,CROISAT AMBROISE RD 29 B,,,Plein jour,En agglomération,Hors intersection,Normale,Autre collision,,,,,,,,,,,1,2,1,1.0,6
201200045627,0012-10-17 18:10:00,12,10,17,18,10,930,66,"15, CHARRONNERIE",48.938,2.351,Plein jour,En agglomération,Hors intersection,Pluie légère,Autre collision,,,,,,,,,,,1,2,1,2.0,6
201200045628,0012-10-18 12:15:00,12,10,18,12,15,930,66,FORT DE LA BRICHE,,,Plein jour,En agglomération,Hors intersection,Normale,Deux véhicules - côté,,,,,,,,,,,1,2,1,1.0,3
201200045629,0012-10-18 14:15:00,12,10,18,14,15,930,66,DOURDIN GASTON,,,Plein jour,En agglomération,Hors intersection,Normale,Autre collision,,,,,,,,,,,1,2,1,1.0,6
201200045630,0012-10-18 17:00:00,12,10,18,17,0,930,66,FRANCE ANATOLE (BOULEVAR,,,Plein jour,Hors agglomération,Hors intersection,Pluie légère,Deux véhicules - côté,,,,,,,,,,,1,1,1,2.0,3
201200045631,0012-10-20 17:40:00,12,10,20,17,40,930,66,FINOT DOCTEUR,,,Plein jour,Hors agglomération,Hors intersection,Pluie légère,Sans collision,,,,,,,,,,,1,1,1,2.0,7
201200045632,0012-10-22 19:00:00,12,10,22,19,0,930,66,GENERAL LECLERC (PLACE),,,Nuit avec éclairage allumé,En agglomération,Intersection en X,Normale,Deux véhicules - côté,,,,,,,,,,,5,2,2,1.0,3
201200045633,0012-10-23 13:09:00,12,10,23,13,9,930,39,PONT DE L'ILE SAINT DENI,,,Plein jour,En agglomération,Hors intersection,Normale,Deux véhicules - côté,,,,,,,,,,,1,2,1,1.0,3
201200045634,0012-10-23 16:00:00,12,10,23,16,0,930,66,LENINE (AVENUE) NR 28 A,,,Plein jour,En agglomération,Intersection en X,Normale,Deux véhicules - côté,,,,,,,,,,,1,2,2,1.0,3
201200045635,0012-10-24 13:15:00,12,10,24,13,15,930,66,"47, ""BARBUSSE HENRI, NR",,,Plein jour,En agglomération,Hors intersection,Normale,Deux véhicules - arrière,,,,,,,,,,,1,2,1,1.0,2
201200045636,0012-10-26 14:15:00,12,10,26,14,15,930,66,"32, LIBERATION RD14 (BOU",,,Plein jour,En agglomération,Hors intersection,Normale,Sans collision,,,,,,,,,,,1,2,1,1.0,7
201200045637,0012-10-31 17:45:00,12,10,31,17,45,930,66,CROISAT AMBROISE RD 29 B,,,Nuit sans éclairage public,En agglomération,Hors intersection,Normale,Deux véhicules - côté,,,,,,,,,,,3,2,1,1.0,3
201200045638,0012-11-03 19:50:00,12,11,3,19,50,930,66,FRANC MOISIN (AVENUE),,,Nuit sans éclairage public,En agglomération,Intersection en X,Normale,Deux véhicules - frontale,,,,,,,,,,,3,2,2,1.0,1
201200045639,0012-11-05 11:30:00,12,11,5,11,30,930,66,ELUARD PAUL - AUTRES,48.93855,2.35078,Plein jour,Hors agglomération,Hors intersection,Normale,Deux véhicules - côté,,,,,,,,,,,1,1,1,1.0,3
201200045640,0012-11-09 08:00:00,12,11,9,8,0,930,66,"31, LENINE (AVENUE) NR 2",,,Plein jour,En agglomération,Hors intersection,Normale,Autre collision,,,,,,,,,,,1,2,1,1.0,6
201200045641,0012-11-10 16:00:00,12,11,10,16,0,930,66,GENERAL DE GAULLE,48.9255,2.3648,Plein jour,En agglomération,Intersection en T,Normale,Deux véhicules - côté,,,,,,,,,,,1,2,3,1.0,3
201200045642,0012-11-12 10:50:00,12,11,12,10,50,930,66,"""STALINGRAND (AV), NR 2-",,,Plein jour,En agglomération,Hors intersection,Normale,Deux véhicules - frontale,,,,,,,,,,,1,2,1,1.0,1
201200045643,0012-11-12 19:00:00,12,11,12,19,0,930,66,DE GEYTER PIERRE (SQUARE,48.9313,2.3526,Plein jour,En agglomération,Hors intersection,Normale,Deux véhicules - côté,,,,,,,,,,,1,2,1,1.0,3
201200045644,0012-11-13 07:05:00,12,11,13,7,5,930,39,"05, MECHIN",,,Crépuscule ou aube,En agglomération,Autre intersection,Pluie légère,Deux véhicules - côté,,,,,,,,,,,2,2,9,2.0,3
201200045645,0012-11-13 09:30:00,12,11,13,9,30,930,66,"19, SEMBAT MARCEL (BD),",48.93128,2.35364,Plein jour,En agglomération,Intersection en T,Pluie légère,Deux véhicules - côté,,,,,,,,,,,1,2,3,2.0,3
201200045646,0012-11-15 11:00:00,12,11,15,11,0,930,66,"""STALINGRAD (AVENUE), NR",,,Plein jour,En agglomération,Hors intersection,Normale,Sans collision,,,,,,,,,,,1,2,1,1.0,7
201200045647,0012-11-15 16:50:00,12,11,15,16,50,930,66,"64, PERI GABRIEL, NR 2",48.93444,2.35587,Nuit avec éclairage allumé,En agglomération,Hors intersection,Normale,Autre collision,,,,,,,,,,,5,2,1,1.0,6
201200045648,0012-11-18 11:00:00,12,11,18,11,0,930,66,"54, MICHELS CHARLES",,,Plein jour,En agglomération,Hors intersection,Pluie légère,Deux véhicules - côté,,,,,,,,,,,1,2,1,2.0,3
201200045649,0012-11-19 17:05:00,12,11,19,17,5,930,66,"272, WILSON (AVENUE DU P",,,Nuit avec éclairage allumé,En agglomération,Hors intersection,Normale,Deux véhicules - arrière,,,,,,,,,,,5,2,1,1.0,2
201200045650,0012-11-19 19:57:00,12,11,19,19,57,930,72,"117, STALINGRAD (Avenue)",,,Nuit avec éclairage allumé,En agglomération,Hors intersection,Normale,Trois véhicules et plus - collisions multiples,,,,,,,,,,,5,2,1,1.0,5
201200045651,0012-11-21 18:40:00,12,11,21,18,40,930,66,"126, CASANOVA DANIELLE N",,,Nuit avec éclairage allumé,En agglomération,Intersection en X,Normale,Deux véhicules - côté,,,,,,,,,,,5,2,2,1.0,3
201200045652,0012-11-22 18:50:00,12,11,22,18,50,930,66,"08, MOULIN JEAN (AVE) NR",,,Nuit sans éclairage public,En agglomération,Intersection en T,Normale,Deux véhicules - côté,,,,,,,,,,,3,2,3,1.0,3
201200045653,0012-11-25 06:30:00,12,11,25,6,30,930,66,"114, CROISAT AMBROISE RD",,,Nuit avec éclairage allumé,En agglomération,Hors intersection,Pluie légère,Trois véhicules et plus - collisions multiples,,,,,,,,,,,5,2,1,2.0,5
201200045654,0012-11-26 00:10:00,12,11,26,0,10,930,66,ROLLAND ROMAIN (AVENUE),,,Nuit avec éclairage allumé,En agglomération,Hors intersection,Normale,Deux véhicules - côté,,,,,,,,,,,5,2,1,1.0,3
201200045655,0012-11-30 18:50:00,12,11,30,18,50,930,66,MOULINS GEMEAUX,,,Nuit avec éclairage allumé,En agglomération,Intersection en T,Normale,Deux véhicules - côté,,,,,,,,,,,5,2,3,1.0,3
201200045656,0012-12-01 01:55:00,12,12,1,1,55,930,66,CASANOVA DANIELLE NR 2 A,48.9298,2.36175,Nuit avec éclairage allumé,En agglomération,Intersection en T,Normale,Deux véhicules - frontale,,,,,,,,,,,5,2,3,1.0,1
201200045657,0012-12-03 08:45:00,12,12,3,8,45,930,66,LAMAZE DOCTEUR,,,Plein jour,En agglomération,Hors intersection,Pluie légère,Deux véhicules - côté,,,,,,,,,,,1,2,1,2.0,3
201200045658,0012-12-04 10:15:00,12,12,4,10,15,930,66,DESNOS ROBERT,,,Plein jour,En agglomération,Hors intersection,Pluie légère,Deux véhicules - arrière,,,,,,,,,,,1,2,1,2.0,2
201200045659,0012-12-04 22:45:00,12,12,4,22,45,930,66,LENINE (AVENUE) NR 28 A,,,Nuit avec éclairage allumé,En agglomération,Hors intersection,Pluie légère,Deux véhicules - côté,,,,,,,,,,,5,2,1,2.0,3
201200045660,0012-12-05 16:25:00,12,12,5,16,25,930,66,"""PERI GABRIEL, NR 2  A 1",48.93201,2.35585,Plein jour,En agglomération,Hors intersection,Normale,Autre collision,,,,,,,,,,,1,2,1,1.0,6
201200045661,0012-12-06 10:35:00,12,12,6,10,35,930,66,JOLIOT CURIE IRENE ET FR,48.93371,2.37098,Plein jour,En agglomération,Intersection en X,Normale,Deux véhicules - côté,,,,,,,,,,,1,2,2,1.0,3
201200045662,0012-12-11 15:30:00,12,12,11,15,30,930,66,COMMUNE DE PARIS (BOULEV,48.93706,2.36264,Plein jour,En agglomération,Hors intersection,Normale,Deux véhicules - arrière,,,,,,,,,,,1,2,1,1.0,2
201200045663,0012-12-11 18:30:00,12,12,11,18,30,930,66,"170, DU LANDY RUE",48.91405,2.34555,Nuit avec éclairage allumé,En agglomération,Autre intersection,Normale,Deux véhicules - côté,,,,,,,,,,,5,2,9,1.0,3
201200045664,0012-12-12 13:50:00,12,12,12,13,50,930,66,VAILLANT COUTURIER PAUL,48.92982,2.36152,Plein jour,En agglomération,Intersection en X,Normale,Deux véhicules - côté,,,,,,,,,,,1,2,2,1.0,3
201200045665,0012-12-12 17:50:00,12,12,12,17,50,930,66,"238, FRANCE ANATOLE (BOU",,,Nuit avec éclairage allumé,En agglomération,Hors intersection,Normale,Deux véhicules - côté,,,,,,,,,,,5,2,1,1.0,3
201200045666,0012-12-17 13:30:00,12,12,17,13,30,930,66,DU BAILLY (RUE),48.91494,2.35732,Plein jour,En agglomération,Hors intersection,Normale,Autre collision,,,,,,,,,,,1,2,1,1.0,6
201200045667,0012-12-17 13:30:00,12,12,17,13,30,930,66,ROLLAND ROMAIN (AVENUE),,,Plein jour,En agglomération,Hors intersection,Normale,Autre collision,,,,,,,,,,,1,2,1,1.0,6
201200045668,0012-12-18 09:21:00,12,12,18,9,21,930,66,PRESSENCE FRANCIS (AVENU,,,Plein jour,En agglomération,Autre intersection,Pluie légère,Autre collision,,,,,,,,,,,1,2,9,2.0,6
201200045669,0012-12-20 17:15:00,12,12,20,17,15,930,66,"47, ""PERI GABRIEL, NR 2",,,Plein jour,En agglomération,Hors intersection,Temps couvert,Autre collision,,,,,,,,,,,1,2,1,8.0,6
201200045670,0012-12-27 10:15:00,12,12,27,10,15,930,66,"""POULLAIN AUGUSTE, NR 1",,,Plein jour,En agglomération,Hors intersection,Pluie légère,Autre collision,,,,,,,,,,,1,2,1,2.0,6
201200045671,0012-12-29 09:20:00,12,12,29,9,20,930,66,"18, ""SEMBAT MARCEL (BD),",,,Plein jour,En agglomération,Hors intersection,Normale,Autre collision,,,,,,,,,,,1,2,1,1.0,6
201200045672,0012-12-29 22:45:00,12,12,29,22,45,930,66,"""LANDY RD 20, NR IMPAIRS",,,Nuit avec éclairage allumé,En agglomération,Intersection en T,Pluie légère,Deux véhicules - côté,,,,,,,,,,,5,2,3,2.0,3
201200045673,0012-12-30 10:00:00,12,12,30,10,0,930,66,"32, COMMUNE DE PARIS (BO",,,Plein jour,En agglomération,Hors intersection,Normale,Autre collision,,,,,,,,,,,1,2,1,1.0,6
201200045674,0012-01-04 12:55:00,12,1,4,12,55,930,70,"9, R DULCIE SEPTEMBER",,,Plein jour,En agglomération,Hors intersection,Normale,Deux véhicules - arrière,,,,,,,,,,,1,2,1,1.0,2
201200045675,0012-01-05 11:35:00,12,1,5,11,35,930,70,"74, BD JEAN JAURES",,,Plein jour,En agglomération,Hors intersection,Pluie légère,Trois véhicules et plus - en chaîne,,,,,,,,,,,1,2,1,2.0,4
201200045676,0012-01-06 07:52:00,12,1,6,7,52,930,70,PL DE LA REPUBLIQUE,,,Crépuscule ou aube,En agglomération,Hors intersection,Normale,Deux véhicules - côté,,,,,,,,,,,2,2,1,1.0,3
201200045677,0012-01-08 18:20:00,12,1,8,18,20,930,70,"41, AV GABRIEL PERI",,,Nuit avec éclairage allumé,En agglomération,Hors intersection,Normale,Autre collision,,,,,,,,,,,5,2,1,1.0,6
201200045678,0012-01-10 00:20:00,12,1,10,0,20,930,70,"80, AV GABRIEL PERI",,,Nuit avec éclairage allumé,En agglomération,Hors intersection,Normale,Autre collision,,,,,,,,,,,5,2,1,1.0,6
201200045679,0012-01-13 23:55:00,12,1,13,23,55,930,70,JAURES / DHALENNE,,,Nuit avec éclairage allumé,En agglomération,Intersection en X,Normale,Deux véhicules - côté,,,,,,,,,,,5,2,2,1.0,3
201200045680,0012-01-14 15:40:00,12,1,14,15,40,930,70,"85, AV MICHELET",,,Plein jour,En agglomération,Hors intersection,Normale,Deux véhicules - côté,,,,,,,,,,,1,2,1,1.0,3
201200045681,0012-01-19 14:20:00,12,1,19,14,20,930,70,BAUER / JAURES,,,Plein jour,En agglomération,Intersection en X,Normale,Deux véhicules - arrière,,,,,,,,,,,1,2,2,1.0,2
201200045682,0012-01-20 13:00:00,12,1,20,13,0,930,70,"28, AV DU CAPITAINE GLAR",,,Plein jour,En agglomération,Hors intersection,Pluie légère,Deux véhicules - côté,,,,,,,,,,,1,2,1,2.0,3
201200045683,0012-01-21 18:40:00,12,1,21,18,40,930,70,"136, AV MICHELET",,,Crépuscule ou aube,En agglomération,Hors intersection,Temps couvert,Deux véhicules - côté,,,,,,,,,,,2,2,1,8.0,3
201200045684,0012-01-23 14:10:00,12,1,23,14,10,930,70,"53, R GAMBETTA",,,Plein jour,En agglomération,Hors intersection,Normale,Autre collision,,,,,,,,,,,1,2,1,1.0,6
201200045685,0012-02-02 19:00:00,12,2,2,19,0,930,70,"93, AV GABRIEL PERI",48.9043,2.33124,Nuit avec éclairage allumé,En agglomération,Hors intersection,Normale,Deux véhicules - côté,,,,,,,,,,,5,2,1,1.0,3
201200045686,0012-02-07 18:10:00,12,2,7,18,10,930,70,"65, R DU DOCTEUR BAUER",,,Nuit avec éclairage allumé,En agglomération,Hors intersection,Autre,Deux véhicules - côté,,,,,,,,,,,5,2,1,9.0,3
201200045687,0012-02-10 13:20:00,12,2,10,13,20,930,70,565 R ARDOIN,48.912,2.32476,Plein jour,En agglomération,Hors intersection,Normale,Autre collision,,,,,,,,,,,1,2,1,1.0,6
201200045688,0012-02-10 16:45:00,12,2,10,16,45,930,70,R CHARLES SCHMIDT,48.9041,2.33338,Plein jour,En agglomération,Hors intersection,Normale,Autre collision,,,,,,,,,,,1,2,1,1.0,6
201200045689,0012-03-16 19:15:00,12,3,16,19,15,930,70,GABRIEL-PERI (AV),,,Crépuscule ou aube,En agglomération,Hors intersection,Normale,Autre collision,,,,,,,,,,,2,2,1,1.0,6
201200045690,0012-03-17 20:00:00,12,3,17,20,0,930,70,"107, MICHELET (AVE) : DU",48.9054,2.34411,Nuit avec éclairage allumé,En agglomération,Hors intersection,Pluie légère,Deux véhicules - côté,,,,,,,,,,,5,2,1,2.0,3
201200045691,0012-03-17 20:45:00,12,3,17,20,45,930,70,"87, AV GABRIEL PERI",,,Nuit avec éclairage allumé,En agglomération,Hors intersection,Pluie légère,Deux véhicules - arrière,,,,,,,,,,,5,2,1,2.0,2
201200045692,0012-03-21 09:55:00,12,3,21,9,55,930,70,BD VICTOR HUGO,,,Plein jour,En agglomération,Hors intersection,Normale,Autre collision,,,,,,,,,,,1,2,1,1.0,6
201200045693,0012-03-24 22:35:00,12,3,24,22,35,930,70,PERI / GARIBALDI,,,Nuit avec éclairage allumé,En agglomération,Intersection en Y,Normale,Deux véhicules - côté,,,,,,,,,,,5,2,4,1.0,3
201200045694,0012-03-28 10:50:00,12,3,28,10,50,930,70,"16, AV GABRIEL PERI",,,Plein jour,En agglomération,Hors intersection,Normale,Deux véhicules - arrière,,,,,,,,,,,1,2,1,1.0,2
201200045695,0012-03-29 09:40:00,12,3,29,9,40,930,70,", ALEXANDRE-BACHELET (RU",48.909,2.33473,Plein jour,En agglomération,Autre intersection,Normale,Deux véhicules - côté,,,,,,,,,,,1,2,9,1.0,3
201200045696,0012-04-06 09:40:00,12,4,6,9,40,930,70,PL DU CAPITAINE GLARNER,48.90726,2.32633,Plein jour,En agglomération,Place,Normale,Deux véhicules - arrière,,,,,,,,,,,1,2,7,1.0,2
201200045697,0012-04-06 18:15:00,12,4,6,18,15,930,70,AV GABRIEL PERI,48.90638,2.33193,Plein jour,En agglomération,Hors intersection,Normale,Autre collision,,,,,,,,,,,1,2,1,1.0,6
201200045698,0012-04-06 20:00:00,12,4,6,20,0,930,70,BD JEAN-JAURES,48.91287,2.33488,Nuit avec éclairage allumé,En agglomération,Place,Normale,Deux véhicules - côté,,,,,,,,,,,5,2,7,1.0,3
201200045699,0012-04-13 20:10:00,12,4,13,20,10,930,70,"132, BD VICTOR-HUGO",48.90552,2.32336,Crépuscule ou aube,En agglomération,Hors intersection,Pluie légère,Deux véhicules - arrière,,,,,,,,,,,2,2,1,2.0,2
201200045700,0012-05-03 20:10:00,12,5,3,20,10,930,70,BLANQUI (RUE),48.9059,2.33809,Plein jour,En agglomération,Intersection en X,Normale,Deux véhicules - côté,,,,,,,,,,,1,2,2,1.0,3
201200045701,0012-05-04 17:45:00,12,5,4,17,45,930,70,GABRIEL-PERI (AV),,,Plein jour,En agglomération,Hors intersection,Pluie légère,Deux véhicules - frontale,,,,,,,,,,,1,2,1,2.0,1
201200045702,0012-05-04 17:20:00,12,5,4,17,20,930,70,"ANGLE, GODILLOT(RUE)",,,Plein jour,En agglomération,Intersection en T,Normale,Trois véhicules et plus - collisions multiples,,,,,,,,,,,1,2,3,1.0,5
201200045703,0012-05-06 15:30:00,12,5,6,15,30,930,70,EUGENE-BERTHOUD(RUE),48.9057,2.34657,Plein jour,Hors agglomération,Hors intersection,Normale,Autre collision,,,,,,,,,,,1,1,1,1.0,6
201200045704,0012-05-12 18:15:00,12,5,12,18,15,930,70,"110, ROSIERS(DES) : APRE",48.9032,2.34034,Plein jour,En agglomération,Intersection en X,Normale,Deux véhicules - côté,,,,,,,,,,,1,2,2,1.0,3
201200045705,0012-05-17 12:30:00,12,5,17,12,30,930,70,ALBERT-DHALENNE (RUE),,,Plein jour,En agglomération,Intersection en T,Normale,Autre collision,,,,,,,,,,,1,2,3,1.0,6
201200045706,0012-05-18 07:10:00,12,5,18,7,10,930,70,"00, BABINSKI (RUE DU DR)",48.9011,2.33348,Plein jour,En agglomération,Hors intersection,Normale,Autre collision,,,,,,,,,,,1,2,1,1.0,6
201200045707,0012-05-23 18:40:00,12,5,23,18,40,930,70,GABRIEL-PERI (AV),,,Plein jour,En agglomération,Intersection en T,Normale,Autre collision,,,,,,,,,,,1,2,3,1.0,6
201200045708,0012-05-30 13:00:00,12,5,30,13,0,930,70,DOCTEUR BAUER(RUE DU) :N,,,Plein jour,En agglomération,Hors intersection,Normale,Autre collision,,,,,,,,,,,1,2,1,1.0,6
201200045709,0012-06-03 07:15:00,12,6,3,7,15,930,70,"27, MICHELET(AV):N?1AU 1",48.9113,2.34422,Plein jour,En agglomération,Hors intersection,Pluie légère,Autre collision,,,,,,,,,,,1,2,1,2.0,6
201200045710,0012-06-05 16:15:00,12,6,5,16,15,930,70,"01, BLANQUI (RUE)",48.90777,2.34084,Plein jour,En agglomération,Intersection en X,Normale,Autre collision,,,,,,,,,,,1,2,2,1.0,6
201200045711,0012-06-06 15:00:00,12,6,6,15,0,930,70,"17 bis, GABRIEL-PERI (AV",,,Plein jour,En agglomération,Hors intersection,Normale,Deux véhicules - côté,,,,,,,,,,,1,2,1,1.0,3
201200045712,0012-06-06 16:30:00,12,6,6,16,30,930,70,NOETHER EMMY (RUE),48.9029,2.32247,Plein jour,En agglomération,Hors intersection,Temps couvert,Autre collision,,,,,,,,,,,1,2,1,8.0,6
201200045713,0012-06-07 00:25:00,12,6,7,0,25,930,70,"130, MICHELET(AV):N?1AU",,,Nuit avec éclairage allumé,En agglomération,Hors intersection,Normale,Deux véhicules - côté,,,,,,,,,,,5,2,1,1.0,3
201200045714,0012-06-12 08:55:00,12,6,12,8,55,930,70,"63, MICHELET(AV):N?1AU 1",,,Plein jour,En agglomération,Hors intersection,Pluie légère,Autre collision,,,,,,,,,,,1,2,1,2.0,6
201200045715,0012-06-13 23:40:00,12,6,13,23,40,930,70,"44, CHARLES SCHMIDT(RUE)",48.9036,2.3336,Nuit avec éclairage allumé,En agglomération,Hors intersection,Normale,Autre collision,,,,,,,,,,,5,2,1,1.0,6
201200045716,0012-06-14 10:00:00,12,6,14,10,0,930,70,"12, CAPITAINE-GLARNER AV",48.9061,2.32748,Plein jour,En agglomération,Hors intersection,Normale,Autre collision,,,,,,,,,,,1,2,1,1.0,6
201200045717,0012-06-15 21:15:00,12,6,15,21,15,930,70,"136, LANDY(RUE):N? 1 AU",,,Crépuscule ou aube,En agglomération,Hors intersection,Pluie légère,Deux véhicules - côté,,,,,,,,,,,2,2,1,2.0,3
201200045718,0012-06-03 02:40:00,12,6,3,2,40,930,70,"2, VICTOR-HUGO (BD)",,,Nuit avec éclairage allumé,En agglomération,Giratoire,Pluie légère,Autre collision,,,,,,,,,,,5,2,6,2.0,6
201200045719,0012-06-27 16:10:00,12,6,27,16,10,930,70,DOCTEUR BAUER(RUE DU) :N,,,Plein jour,En agglomération,Hors intersection,Normale,Autre collision,,,,,,,,,,,1,2,1,1.0,6
201200045720,0012-06-28 18:10:00,12,6,28,18,10,930,70,AV MICHELET,,,Plein jour,En agglomération,Hors intersection,Normale,Deux véhicules - frontale,,,,,,,,,,,1,2,1,1.0,1
201200045721,0012-06-29 21:00:00,12,6,29,21,0,930,70,"25, GABRIEL-PERI (AV)",,,Nuit avec éclairage allumé,En agglomération,Hors intersection,Normale,Deux véhicules - côté,,,,,,,,,,,5,2,1,1.0,3
201200045722,0012-07-04 19:46:00,12,7,4,19,46,930,70,R PIERRE-DREYFUS,48.9064,2.31941,Plein jour,En agglomération,Intersection en T,Normale,Autre collision,,,,,,,,,,,1,2,3,1.0,6
201200045723,0012-07-05 13:45:00,12,7,5,13,45,930,70,AV MICHELET,48.9105,2.34422,Plein jour,En agglomération,Intersection en X,Normale,Deux véhicules - arrière,,,,,,,,,,,1,2,2,1.0,2
201200045724,0012-07-08 17:15:00,12,7,8,17,15,930,70,"39/41,BD  VICTOR-HUGO",,,Plein jour,En agglomération,Hors intersection,Pluie légère,Trois véhicules et plus - collisions multiples,,,,,,,,,,,1,2,1,2.0,5
201200045725,0012-07-14 12:05:00,12,7,14,12,5,930,70,EMILE-CORDON(RUE),48.9134,2.34335,Plein jour,En agglomération,Hors intersection,Normale,Autre collision,,,,,,,,,,,1,2,1,1.0,6