accident_id,datetime,annee,mois,jour,heure,minute,departement,commune_insee,adresse,latitude,longitude,luminosite,agglomeration,intersection,meteo,collision,nb_vehicules,nb_usagers,nb_indemnes,nb_tues,nb_blesses_hosp,nb_blesses_legers,age_cond_1,age_cond_2,veh_type_cond_1,veh_type_cond_2,lum_code,agg_code,int_code,atm_code,col_code
201200045851,0012-06-08 19:15:00,12,6,8,19,15,930,78,BALLANGER (BD ROBERT),,,Plein jour,En agglomération,Hors intersection,Normale,Autre collision,,,,,,,,,,,1,2,1,1.0,6
201200045852,0012-06-08 23:20:00,12,6,8,23,20,930,78,DAGUERRE (RUE),48.9503,2.55638,Nuit avec éclairage allumé,En agglomération,Intersection en X,Pluie forte,Autre collision,,,,,,,,,,,5,2,2,3.0,6
201200045853,0012-06-09 17:35:00,12,6,9,17,35,930,78,BALLANGER (BD ROBERT),,,Plein jour,En agglomération,Giratoire,Normale,Deux véhicules - arrière,,,,,,,,,,,1,2,6,1.0,2
201200045854,0012-06-12 09:15:00,12,6,12,9,15,930,78,DELATTRE DE TASSIGNY (AV,48.9599,2.54357,Plein jour,En agglomération,Hors intersection,Normale,Autre collision,,,,,,,,,,,1,2,1,1.0,6
201200045855,0012-06-17 02:50:00,12,6,17,2,50,930,78,VAUBAN (AVENUE),48.96454,2.55277,Nuit avec éclairage allumé,Hors agglomération,Giratoire,Normale,Autre collision,,,,,,,,,,,5,1,6,1.0,6
201200045856,0012-06-22 18:15:00,12,6,22,18,15,930,78,CLEMENCEAU,,,Plein jour,En agglomération,Giratoire,Normale,Deux véhicules - arrière,,,,,,,,,,,1,2,6,1.0,2
201200045857,0012-06-29 15:10:00,12,6,29,15,10,930,78,46BIS AV EMILE DAMBEL,48.9543,2.54859,Plein jour,En agglomération,Hors intersection,Normale,Autre collision,,,,,,,,,,,1,2,1,1.0,6
201200045858,0012-07-03 11:45:00,12,7,3,11,45,930,73,"81, R D'ALSACE",48.9388,2.57961,Plein jour,En agglomération,Hors intersection,Normale,Deux véhicules - frontale,,,,,,,,,,,1,2,1,1.0,1
201200045859,0012-07-04 16:25:00,12,7,4,16,25,930,78,BD ROBERT BALLANGER,,,Plein jour,En agglomération,Hors intersection,Normale,Deux véhicules - côté,,,,,,,,,,,1,2,1,1.0,3
201200045860,0012-07-20 19:40:00,12,7,20,19,40,930,73,AV GILBERT BERGER,48.9503,2.57848,Plein jour,En agglomération,Intersection en T,Normale,Deux véhicules - frontale,,,,,,,,,,,1,2,3,1.0,1
201200045861,0012-07-23 18:55:00,12,7,23,18,55,930,78,AV GEORGES CLEMENCEAU,,,Plein jour,En agglomération,Intersection en X,Normale,Deux véhicules - côté,,,,,,,,,,,1,2,2,1.0,3
201200045862,0012-07-24 09:00:00,12,7,24,9,0,930,73,R DE NORMANDIE,48.9428,2.58736,Plein jour,En agglomération,Intersection en X,Normale,Deux véhicules - côté,,,,,,,,,,,1,2,2,1.0,3
201200045863,0012-08-03 17:00:00,12,8,3,17,0,930,73,R DE NORMANDIE,48.9428,2.58737,Plein jour,En agglomération,Intersection en X,Normale,Deux véhicules - côté,,,,,,,,,,,1,2,2,1.0,3
201200045864,0012-08-04 18:00:00,12,8,4,18,0,930,73,"52, AV EDOUARD VAILLANT",48.9517,2.57776,Plein jour,En agglomération,Hors intersection,Normale,Autre collision,,,,,,,,,,,1,2,1,1.0,6
201200045865,0012-08-11 00:45:00,12,8,11,0,45,930,73,AV DU GENERAL POUDEROUX,48.965,2.56953,Nuit avec éclairage allumé,En agglomération,Hors intersection,Normale,Deux véhicules - arrière,,,,,,,,,,,5,2,1,1.0,2
201200045866,0012-08-18 20:20:00,12,8,18,20,20,930,73,DEQUET (RUE LOUIS),48.95757,2.57949,Plein jour,En agglomération,Intersection en T,Normale,Deux véhicules - côté,,,,,,,,,,,1,2,3,1.0,3
201200045867,0012-08-22 11:25:00,12,8,22,11,25,930,78,AV DE LAPLAINE DE FRANCE,48.9761,2.50297,Plein jour,En agglomération,Hors intersection,Normale,Sans collision,,,,,,,,,,,1,2,1,1.0,7
201200045868,0012-08-23 16:15:00,12,8,23,16,15,930,73,AV KALIFAT,48.9547,2.58497,Plein jour,En agglomération,Intersection en X,Normale,Sans collision,,,,,,,,,,,1,2,2,1.0,7
201200045869,0012-08-26 18:30:00,12,8,26,18,30,930,73,AV DU GENERAL DE GAULLE,48.94505,2.56764,Plein jour,En agglomération,Intersection en X,Normale,Deux véhicules - côté,,,,,,,,,,,1,2,2,1.0,3
201200045870,0012-09-02 11:00:00,12,9,2,11,0,930,78,CHEMIN DEPARTEMENTAL,,,Plein jour,En agglomération,Hors intersection,Normale,Autre collision,,,,,,,,,,,1,2,1,1.0,6
201200045871,0012-09-05 11:10:00,12,9,5,11,10,930,78,DE GAULLE (AVENUE CHARLE,,,Plein jour,En agglomération,Giratoire,Normale,Autre collision,,,,,,,,,,,1,2,6,1.0,6
201200045872,0012-09-08 09:49:00,12,9,8,9,49,930,78,BALLANGER (BD ROBERT),,,Plein jour,En agglomération,Hors intersection,Normale,Deux véhicules - arrière,,,,,,,,,,,1,2,1,1.0,2
201200045873,0012-09-11 15:10:00,12,9,11,15,10,930,78,BALLANGER (BD ROBERT),,,Plein jour,En agglomération,Hors intersection,Pluie légère,Deux véhicules - arrière,,,,,,,,,,,1,2,1,2.0,2
201200045874,0012-09-11 18:40:00,12,9,11,18,40,930,73,NATIONS (AVENUE DES),,,Plein jour,En agglomération,Hors intersection,Pluie légère,Deux véhicules - arrière,,,,,,,,,,,1,2,1,2.0,2
201200045875,0012-09-11 16:45:00,12,9,11,16,45,930,78,"164, BALLANGER (BD ROBER",,,Plein jour,En agglomération,Hors intersection,Pluie légère,Deux véhicules - arrière,,,,,,,,,,,1,2,1,2.0,2
201200045876,0012-09-15 22:50:00,12,9,15,22,50,930,78,BALLANGER (BD ROBERT),,,Nuit avec éclairage allumé,En agglomération,Hors intersection,Normale,Autre collision,,,,,,,,,,,5,2,1,1.0,6
201200045877,0012-09-30 19:10:00,12,9,30,19,10,930,73,"05, LILLE (RUE DE)",,,Plein jour,En agglomération,Hors intersection,Normale,Autre collision,,,,,,,,,,,1,2,1,1.0,6
201200045878,0012-11-02 21:30:00,12,11,2,21,30,930,78,DE GAULLE (AVENUE CHARLE,48.95694,2.55471,Nuit avec éclairage allumé,En agglomération,Hors intersection,Pluie légère,Autre collision,,,,,,,,,,,5,2,1,2.0,6
201200045879,0012-11-08 15:00:00,12,11,8,15,0,930,78,BALLANGER (BD ROBERT),,,Plein jour,En agglomération,Hors intersection,Normale,Deux véhicules - côté,,,,,,,,,,,1,2,1,1.0,3
201200045880,0012-11-11 15:30:00,12,11,11,15,30,930,78,BALLANGER (BD ROBERT),,,Plein jour,En agglomération,Hors intersection,Normale,Sans collision,,,,,,,,,,,1,2,1,1.0,7
201200045881,0012-11-14 13:40:00,12,11,14,13,40,930,73,RESISTANCE (RUE DE LA),,,Plein jour,En agglomération,Intersection en X,Normale,Autre collision,,,,,,,,,,,1,2,2,1.0,6
201200045882,0012-11-16 14:35:00,12,11,16,14,35,930,78,BALLANGER (BD ROBERT),,,Plein jour,En agglomération,Hors intersection,Normale,Deux véhicules - côté,,,,,,,,,,,1,2,1,1.0,3
201200045883,0012-11-18 15:10:00,12,11,18,15,10,930,78,CLEMENCEAU (AVENUE GEORG,,,Plein jour,En agglomération,Hors intersection,Pluie légère,Deux véhicules - arrière,,,,,,,,,,,1,2,1,2.0,2
201200045884,0012-11-27 08:25:00,12,11,27,8,25,930,78,GARE (AVENUE DE LA),,,Plein jour,En agglomération,Intersection en X,Normale,Autre collision,,,,,,,,,,,1,2,2,1.0,6
201200045885,0012-11-29 11:00:00,12,11,29,11,0,930,73,RESISTANCE (RUE DE LA),,,Plein jour,En agglomération,Hors intersection,Temps couvert,Autre collision,,,,,,,,,,,1,2,1,8.0,6
201200045886,0012-11-29 17:45:00,12,11,29,17,45,930,78,"0.000, BALLANGER (BD ROB",,,Nuit avec éclairage allumé,En agglomération,Intersection en T,Normale,Autre collision,,,,,,,,,,,5,2,3,1.0,6
201200045887,0012-12-03 12:30:00,12,12,3,12,30,930,78,CLEMENCEAU (AVENUE GEORG,48.95816,2.5584,Plein jour,En agglomération,Intersection en X,Normale,Deux véhicules - côté,,,,,,,,,,,1,2,2,1.0,3
201200045888,0012-12-06 14:25:00,12,12,6,14,25,930,73,"30, ROISSY (ROUTE DE)",48.98131,2.55573,Plein jour,En agglomération,Hors intersection,Temps couvert,Autre collision,,,,,,,,,,,1,2,1,8.0,6
201200045889,0012-12-07 08:40:00,12,12,7,8,40,930,78,LECLERC (AVENUE DU GENER,48.95359,2.55643,Plein jour,En agglomération,Intersection en X,Neige / grêle,Trois véhicules et plus - collisions multiples,,,,,,,,,,,1,2,2,4.0,5
201200045890,0012-12-07 20:00:00,12,12,7,20,0,930,78,BALLANGER (BD ROBERT),,,Nuit avec éclairage allumé,En agglomération,Hors intersection,Pluie légère,Deux véhicules - arrière,,,,,,,,,,,5,2,1,2.0,2
201200045891,0012-12-15 17:45:00,12,12,15,17,45,930,73,DE GAULLE (RUE CHARLES),,,Crépuscule ou aube,En agglomération,Hors intersection,Pluie forte,Trois véhicules et plus - en chaîne,,,,,,,,,,,2,2,1,3.0,4
201200045892,0012-12-16 20:10:00,12,12,16,20,10,930,78,TOURAINE (RUE DE),,,Nuit avec éclairage allumé,En agglomération,Intersection en X,Pluie légère,Deux véhicules - côté,,,,,,,,,,,5,2,2,2.0,3
201200045893,0012-12-28 17:25:00,12,12,28,17,25,930,78,DE GAULLE (AVENUE CHARLE,,,Nuit avec éclairage allumé,En agglomération,Intersection en X,Temps couvert,Deux véhicules - côté,,,,,,,,,,,5,2,2,8.0,3
201200045894,0012-03-29 15:45:00,12,3,29,15,45,940,2,BLANQUI / CHARENTON,48.8143,2.41176,Plein jour,En agglomération,Intersection à plus de 4 branches,Normale,Deux véhicules - côté,,,,,,,,,,,1,2,5,1.0,3
201200045895,0012-01-06 19:30:00,12,1,6,19,30,940,2,SEINE / SOLADIER,48.8106,2.41928,Nuit avec éclairage allumé,En agglomération,Intersection en T,Normale,Autre collision,,,,,,,,,,,5,2,3,1.0,6
201200045896,0012-01-08 15:50:00,12,1,8,15,50,940,2,"19, R CHARLES DE GAULLE",48.8146,2.41451,Plein jour,En agglomération,Hors intersection,Normale,Autre collision,,,,,,,,,,,1,2,1,1.0,6
201200045897,0012-01-17 09:40:00,12,1,17,9,40,940,2,CARNOT / DOLET,48.7957,2.42499,Plein jour,En agglomération,Giratoire,Normale,Autre collision,,,,,,,,,,,1,2,6,1.0,6
201200045898,0012-01-18 15:30:00,12,1,18,15,30,940,2,DIJON / TOULON,48.7864,2.42942,Plein jour,En agglomération,Intersection en X,Normale,Deux véhicules - côté,,,,,,,,,,,1,2,2,1.0,3
201200045899,0012-01-19 13:40:00,12,1,19,13,40,940,2,"1, CRS BEETHOVEN",48.7926,2.43011,Plein jour,En agglomération,Hors intersection,Normale,Deux véhicules - côté,,,,,,,,,,,1,2,1,1.0,3
201200045900,0012-01-24 08:30:00,12,1,24,8,30,940,2,1; QU DE LA REVOLUTION,48.7862,2.42248,Plein jour,En agglomération,Hors intersection,Temps couvert,Autre collision,,,,,,,,,,,1,2,1,8.0,6
201200045901,0012-01-24 20:30:00,12,1,24,20,30,940,2,"1, R EMILE ZOLA",48.7983,2.42069,Nuit avec éclairage allumé,En agglomération,Hors intersection,Pluie légère,Autre collision,,,,,,,,,,,5,2,1,2.0,6
201200045902,0012-04-10 13:55:00,12,4,10,13,55,940,2,", JEAN BAPTISTE CLEMENT",,,Plein jour,En agglomération,Hors intersection,Pluie forte,Deux véhicules - frontale,,,,,,,,,,,1,2,1,3.0,1
201200045903,0012-04-13 17:15:00,12,4,13,17,15,940,2,VOLTA (R),,,Plein jour,En agglomération,Intersection en X,Normale,Deux véhicules - côté,,,,,,,,,,,1,2,2,1.0,3
201200045904,0012-02-03 18:55:00,12,2,3,18,55,940,2,"71, R ETIENNE DOLET",48.7932,2.42554,Nuit avec éclairage allumé,En agglomération,Hors intersection,Normale,Deux véhicules - côté,,,,,,,,,,,5,2,1,1.0,3
201200045905,0012-03-13 20:10:00,12,3,13,20,10,940,2,GAULLE / VERON,48.8146,2.41384,Crépuscule ou aube,En agglomération,Intersection en X,Normale,Autre collision,,,,,,,,,,,2,2,2,1.0,6
201200045906,0012-03-14 17:15:00,12,3,14,17,15,940,2,"1, CHE LATERAL",48.8144,2.41691,Plein jour,En agglomération,Hors intersection,Normale,Deux véhicules - côté,,,,,,,,,,,1,2,1,1.0,3
201200045907,0012-05-01 13:25:00,12,5,1,13,25,940,2,EMILE ZOLA (R),,,Plein jour,En agglomération,Intersection en X,Normale,Deux véhicules - côté,,,,,,,,,,,1,2,2,1.0,3
201200045908,0012-06-02 15:55:00,12,6,2,15,55,940,2,"137, VERON (R)",,,Plein jour,En agglomération,Hors intersection,Normale,Deux véhicules - côté,,,,,,,,,,,1,2,1,1.0,3
201200045909,0012-06-16 16:20:00,12,6,16,16,20,940,2,"36, VAILLANT COUTURIER (",,,Plein jour,En agglomération,Hors intersection,Normale,Autre collision,,,,,,,,,,,1,2,1,1.0,6
201200045910,0012-06-18 16:25:00,12,6,18,16,25,940,2,"54, ETIENNE DOLET (R)",,,Plein jour,En agglomération,Hors intersection,Normale,Deux véhicules - arrière,,,,,,,,,,,1,2,1,1.0,2
201200045911,0012-06-26 17:00:00,12,6,26,17,0,940,2,"sans, BLANQUI (QU)",,,Plein jour,En agglomération,Hors intersection,Normale,Deux véhicules - côté,,,,,,,,,,,1,2,1,1.0,3
201200045912,0012-06-26 21:15:00,12,6,26,21,15,940,2,CARNOT/VERDUN,,,Plein jour,En agglomération,Intersection à plus de 4 branches,Normale,Deux véhicules - côté,,,,,,,,,,,1,2,5,1.0,3
201200045913,0012-06-27 13:25:00,12,6,27,13,25,940,2,"37, EMILE ZOLA (R)",,,Plein jour,En agglomération,Hors intersection,Normale,Autre collision,,,,,,,,,,,1,2,1,1.0,6
201200045914,0012-06-29 13:45:00,12,6,29,13,45,940,2,"1, VILLENEUVE ST GEORGES",,,Plein jour,En agglomération,Giratoire,Normale,Deux véhicules - côté,,,,,,,,,,,1,2,6,1.0,3
201200045915,0012-07-10 18:50:00,12,7,10,18,50,940,2,"8, ALOUETTES (R DES)",,,Plein jour,En agglomération,Hors intersection,Normale,Autre collision,,,,,,,,,,,1,2,1,1.0,6
201200045916,0012-07-11 19:35:00,12,7,11,19,35,940,2,GENERAL MALLERET JOINVIL,,,Plein jour,En agglomération,Intersection en T,Normale,Autre collision,,,,,,,,,,,1,2,3,1.0,6
201200045917,0012-07-11 20:15:00,12,7,11,20,15,940,2,"18, UNION (R DE L)",,,Plein jour,En agglomération,Hors intersection,Normale,Sans collision,,,,,,,,,,,1,2,1,1.0,7
201200045918,0012-07-12 06:40:00,12,7,12,6,40,940,2,ETIENNE DOLET (R),,,Plein jour,En agglomération,Intersection en T,Normale,Deux véhicules - côté,,,,,,,,,,,1,2,3,1.0,3
201200045919,0012-07-28 12:45:00,12,7,28,12,45,940,2,"58, MARCEL BOURDARIAS (R",,,Plein jour,En agglomération,Hors intersection,Normale,Deux véhicules - côté,,,,,,,,,,,1,2,1,1.0,3
201200045920,0012-08-28 18:05:00,12,8,28,18,5,940,2,", MARCEL BOURDARIAS (R)",,,Plein jour,En agglomération,Intersection en X,Normale,Deux véhicules - côté,,,,,,,,,,,1,2,2,1.0,3
201200045921,0012-09-02 15:15:00,12,9,2,15,15,940,2,VAILLANT COUTURIER (R),,,Plein jour,En agglomération,Intersection en X,Normale,Deux véhicules - côté,,,,,,,,,,,1,2,2,1.0,3
201200045922,0012-09-04 12:15:00,12,9,4,12,15,940,2,VILLENEUVE ST GEORGES (C,,,Plein jour,En agglomération,Intersection en T,Normale,Deux véhicules - côté,,,,,,,,,,,1,2,3,1.0,3
201200045923,0012-09-10 07:40:00,12,9,10,7,40,940,2,"169, VAILLANT COUTURIER",,,Plein jour,En agglomération,Hors intersection,Pluie légère,Deux véhicules - côté,,,,,,,,,,,1,2,1,2.0,3
201200045924,0012-09-12 12:00:00,12,9,12,12,0,940,2,JEAN BAPTISTE CLEMENT (Q,,,Plein jour,En agglomération,Intersection en T,Normale,Trois véhicules et plus - collisions multiples,,,,,,,,,,,1,2,3,1.0,5
201200045925,0012-09-15 22:00:00,12,9,15,22,0,940,2,GENERAL CHARLES DE GAULL,,,Nuit avec éclairage allumé,En agglomération,Intersection en X,Normale,Deux véhicules - côté,,,,,,,,,,,5,2,2,1.0,3
201200045926,0012-10-07 13:30:00,12,10,7,13,30,940,2,71 R VAILLANT COUTURIER,,,Plein jour,En agglomération,Hors intersection,Normale,Deux véhicules - côté,,,,,,,,,,,1,2,1,1.0,3
201200045927,0012-10-11 16:45:00,12,10,11,16,45,940,2,GARE (PL DE LA),,,Plein jour,En agglomération,Intersection en T,Normale,Autre collision,,,,,,,,,,,1,2,3,1.0,6
201200045928,0012-10-19 07:40:00,12,10,19,7,40,940,2,EMILE ZOLA (R),,,Plein jour,En agglomération,Intersection en X,Temps couvert,Deux véhicules - frontale,,,,,,,,,,,1,2,2,8.0,1
201200045929,0012-10-27 20:45:00,12,10,27,20,45,940,2,VAILLANT COUTURIER (R),,,Nuit avec éclairage allumé,En agglomération,Hors intersection,Normale,Autre collision,,,,,,,,,,,5,2,1,1.0,6
201200045930,0012-10-31 14:30:00,12,10,31,14,30,940,2,CARNOT (BD),,,Plein jour,En agglomération,Intersection en T,Normale,Deux véhicules - côté,,,,,,,,,,,1,2,3,1.0,3
201200045931,0012-11-06 11:50:00,12,11,6,11,50,940,2,VILLENEUVE ST GEORGES (C,,,Plein jour,En agglomération,Intersection en T,Normale,Deux véhicules - côté,,,,,,,,,,,1,2,3,1.0,3
201200045932,0012-11-07 12:20:00,12,11,7,12,20,940,2,GENERAL CHARLES DE GAULL,,,Plein jour,En agglomération,Hors intersection,Normale,Autre collision,,,,,,,,,,,1,2,1,1.0,6
201200045933,0012-11-10 12:50:00,12,11,10,12,50,940,2,VAILLANT COUTURIER (R),,,Plein jour,En agglomération,Hors intersection,Normale,Autre collision,,,,,,,,,,,1,2,1,1.0,6
201200045934,0012-11-13 07:40:00,12,11,13,7,40,940,2,BLANQUI (QU),,,Plein jour,En agglomération,Intersection en X,Temps couvert,Deux véhicules - côté,,,,,,,,,,,1,2,2,8.0,3
201200045935,0012-11-26 18:15:00,12,11,26,18,15,940,2,"30, EMILE ZOLA (R)",,,Nuit avec éclairage allumé,En agglomération,Hors intersection,Normale,Autre collision,,,,,,,,,,,5,2,1,1.0,6
201200045936,0012-12-10 13:55:00,12,12,10,13,55,940,2,JULES GUESDE (R),,,Plein jour,En agglomération,Hors intersection,Normale,Autre collision,,,,,,,,,,,1,2,1,1.0,6
201200045937,0012-12-22 14:30:00,12,12,22,14,30,940,2,"158, VAILLANT COUTURIER",,,Plein jour,En agglomération,Hors intersection,Pluie légère,Autre collision,,,,,,,,,,,1,2,1,2.0,6
201200045938,0012-12-28 10:40:00,12,12,28,10,40,940,2,"160, VAILLANT COUTURIER",,,Plein jour,En agglomération,Hors intersection,Pluie légère,Autre collision,,,,,,,,,,,1,2,1,2.0,6
201200045939,0012-12-30 12:10:00,12,12,30,12,10,940,2,"04, VILLIERS (SEN DE)",,,Plein jour,En agglomération,Hors intersection,Normale,Deux véhicules - frontale,,,,,,,,,,,1,2,1,1.0,1
201200045940,0012-10-01 18:30:00,12,10,1,18,30,940,4,LECLERC/FFI,48.7544,2.506,Plein jour,En agglomération,Intersection en T,Normale,Deux véhicules - frontale,,,,,,,,,,,1,2,3,1.0,1
201200045941,0012-10-02 16:20:00,12,10,2,16,20,940,71,"12, PARIS (R DE)",,,Plein jour,En agglomération,Hors intersection,Normale,Autre collision,,,,,,,,,,,1,2,1,1.0,6
201200045942,0012-10-03 19:45:00,12,10,3,19,45,940,4,"0, FFI (ALL DES)",,,Nuit avec éclairage allumé,En agglomération,Hors intersection,Pluie légère,Deux véhicules - côté,,,,,,,,,,,5,2,1,2.0,3
201200045943,0012-10-06 06:00:00,12,10,6,6,0,940,48,PARIS/VALLON,48.7275,2.53934,Crépuscule ou aube,Hors agglomération,Intersection en X,Normale,Trois véhicules et plus - en chaîne,,,,,,,,,,,2,1,2,1.0,4
201200045944,0012-10-07 02:30:00,12,10,7,2,30,940,4,"., FFI (ALL DES)",,,Nuit avec éclairage allumé,En agglomération,Hors intersection,Normale,Autre collision,,,,,,,,,,,5,2,1,1.0,6
201200045945,0012-10-07 21:00:00,12,10,7,21,0,940,71,LESIGNY (RTE DE),,,Nuit avec éclairage allumé,En agglomération,Hors intersection,Normale,Autre collision,,,,,,,,,,,5,2,1,1.0,6
201200045946,0012-10-10 07:00:00,12,10,10,7,0,940,75,TASSIGNY/DAGORNO,48.7275,2.53101,Nuit avec éclairage allumé,En agglomération,Intersection en T,Pluie légère,Deux véhicules - arrière,,,,,,,,,,,5,2,3,2.0,2
201200045947,0012-10-11 19:25:00,12,10,11,19,25,940,75,TASSIGNY/CAVAILLES,48.7313,2.52392,Nuit sans éclairage public,Hors agglomération,Intersection en T,Pluie forte,Trois véhicules et plus - en chaîne,,,,,,,,,,,3,1,3,3.0,4
201200045948,0012-10-12 07:50:00,12,10,12,7,50,940,4,BREVANNES (R DE),,,Crépuscule ou aube,En agglomération,Hors intersection,Temps couvert,Autre collision,,,,,,,,,,,2,2,1,8.0,6
201200045949,0012-10-15 11:45:00,12,10,15,11,45,940,4,LECLERC/DE GAULLE,48.7551,2.50528,Plein jour,En agglomération,Intersection en T,Normale,Autre collision,,,,,,,,,,,1,2,3,1.0,6
201200045950,0012-10-17 09:40:00,12,10,17,9,40,940,48,"15, BELLE IMAGE (AV DE L",,,Plein jour,En agglomération,Hors intersection,Pluie légère,Autre collision,,,,,,,,,,,1,2,1,2.0,6
201200045951,0012-10-17 11:20:00,12,10,17,11,20,940,71,"125, BOISSY (R DE)",,,Plein jour,En agglomération,Hors intersection,Pluie légère,Deux véhicules - arrière,,,,,,,,,,,1,2,1,2.0,2
201200045952,0012-10-17 14:25:00,12,10,17,14,25,940,71,"52, QUEUE EN BRIE (RTE D",,,Plein jour,En agglomération,Hors intersection,Normale,Autre collision,,,,,,,,,,,1,2,1,1.0,6
201200045953,0012-10-17 20:40:00,12,10,17,20,40,940,44,VALENTON (AV DE),,,Nuit avec éclairage allumé,En agglomération,Autre intersection,Pluie légère,Sans collision,,,,,,,,,,,5,2,9,2.0,7
201200045954,0012-10-23 08:15:00,12,10,23,8,15,940,44,VALENTON (AV DE),,,Crépuscule ou aube,En agglomération,Hors intersection,Normale,Autre collision,,,,,,,,,,,2,2,1,1.0,6
201200045955,0012-10-26 16:56:00,12,10,26,16,56,940,48,RTE DE PARIS,48.7276,2.54185,Plein jour,Hors agglomération,Hors intersection,Normale,Deux véhicules - arrière,,,,,,,,,,,1,1,1,1.0,2
201200045956,0012-11-01 11:45:00,12,11,1,11,45,940,48,"0, BUISSONS (AV DES)",,,Plein jour,En agglomération,Hors intersection,Temps couvert,Deux véhicules - arrière,,,,,,,,,,,1,2,1,8.0,2
201200045957,0012-11-02 19:15:00,12,11,2,19,15,940,71,BOISSY (R DE),,,Nuit sans éclairage public,En agglomération,Intersection en T,Pluie légère,Deux véhicules - côté,,,,,,,,,,,3,2,3,2.0,3
201200045958,0012-11-03 11:50:00,12,11,3,11,50,940,47,"158, VERDUN (R DE)",,,Plein jour,En agglomération,Hors intersection,Pluie légère,Sans collision,,,,,,,,,,,1,2,1,2.0,7
201200045959,0012-01-05 17:15:00,12,1,5,17,15,940,44,PASTEUR / VARLIN,48.7467,2.48875,Nuit avec éclairage allumé,En agglomération,Intersection en T,Normale,Deux véhicules - frontale,,,,,,,,,,,5,2,3,1.0,1
201200045960,0012-11-07 21:25:00,12,11,7,21,25,940,70,"2, LIBERATION (R DE LA)",,,Nuit avec éclairage allumé,En agglomération,Hors intersection,Normale,Deux véhicules - côté,,,,,,,,,,,5,2,1,1.0,3
201200045961,0012-01-09 15:30:00,12,1,9,15,30,940,71,R DU GENERAL LECLERC,48.7778,2.51156,Plein jour,En agglomération,Hors intersection,Normale,Sans collision,,,,,,,,,,,1,2,1,1.0,7
201200045962,0012-01-09 21:40:00,12,1,9,21,40,940,71,R DES FONTAINES,48.7727,2.5157,Nuit avec éclairage allumé,En agglomération,Hors intersection,Normale,Autre collision,,,,,,,,,,,5,2,1,1.0,6
201200045963,0012-01-10 08:00:00,12,1,10,8,0,940,48,CHE DE BOISSY A MAROLLES,48.7477,2.54984,Nuit sans éclairage public,Hors agglomération,Hors intersection,Temps couvert,Sans collision,,,,,,,,,,,3,1,1,8.0,7
201200045964,0012-01-11 11:55:00,12,1,11,11,55,940,4,R SIMONE,48.7516,2.51961,Plein jour,En agglomération,Hors intersection,Normale,Autre collision,,,,,,,,,,,1,2,1,1.0,6
201200045965,0012-01-11 14:00:00,12,1,11,14,0,940,44,"36, AV GABRIEL PERI",48.7525,2.48599,Plein jour,En agglomération,Hors intersection,Normale,Deux véhicules - côté,,,,,,,,,,,1,2,1,1.0,3
201200045966,0012-01-11 14:00:00,12,1,11,14,0,940,44,"18, AV JEAN MONNET",48.7577,2.48207,Plein jour,En agglomération,Hors intersection,Normale,Trois véhicules et plus - collisions multiples,,,,,,,,,,,1,2,1,1.0,5
201200045967,0012-11-11 22:20:00,12,11,11,22,20,940,56,"., BRIE COMTE ROBERT (RT",,,Nuit sans éclairage public,Hors agglomération,Hors intersection,Normale,Sans collision,,,,,,,,,,,3,1,1,1.0,7
201200045968,0012-03-12 18:15:00,12,3,12,18,15,940,70,"7, RTE DE PARIS",48.7175,2.57059,Plein jour,En agglomération,Hors intersection,Normale,Deux véhicules - arrière,,,,,,,,,,,1,2,1,1.0,2
201200045969,0012-11-13 13:45:00,12,11,13,13,45,940,71,17 R DE LA CITE VERTE,,,Plein jour,En agglomération,Hors intersection,Normale,Sans collision,,,,,,,,,,,1,2,1,1.0,7
201200045970,0012-01-13 16:35:00,12,1,13,16,35,940,4,"5, AV DU GENERAL LECLERC",48.7518,2.50675,Plein jour,En agglomération,Hors intersection,Normale,Deux véhicules - côté,,,,,,,,,,,1,2,1,1.0,3
201200045971,0012-11-14 11:55:00,12,11,14,11,55,940,71,"10, BONNEUIL (AV DE)",,,Plein jour,En agglomération,Hors intersection,Normale,Sans collision,,,,,,,,,,,1,2,1,1.0,7
201200045972,0012-11-15 07:40:00,12,11,15,7,40,940,71,BONNEUIL (RTE DE),,,Plein jour,En agglomération,Hors intersection,Normale,Deux véhicules - côté,,,,,,,,,,,1,2,1,1.0,3
201200045973,0012-01-16 08:25:00,12,1,16,8,25,940,75,DE LATTRE DE TASSIGNY,48.7274,2.53254,Plein jour,Hors agglomération,Hors intersection,Normale,Deux véhicules - côté,,,,,,,,,,,1,1,1,1.0,3
201200045974,0012-01-18 18:15:00,12,1,18,18,15,940,70,"09, RTE DE PARIS",48.7183,2.5691,Nuit avec éclairage allumé,En agglomération,Hors intersection,Pluie légère,Trois véhicules et plus - collisions multiples,,,,,,,,,,,5,2,1,2.0,5
201200045975,0012-11-19 11:40:00,12,11,19,11,40,940,44,"14, VERDUN (AV DE)",,,Plein jour,En agglomération,Autre intersection,Normale,Autre collision,,,,,,,,,,,1,2,9,1.0,6
201200045976,0012-11-20 16:00:00,12,11,20,16,0,940,71,GENERAL LECLERC (R DU),,,Plein jour,En agglomération,Autre intersection,Normale,Deux véhicules - arrière,,,,,,,,,,,1,2,9,1.0,2
201200045977,0012-11-21 10:10:00,12,11,21,10,10,940,44,PASTEUR (R),,,Plein jour,En agglomération,Hors intersection,Pluie légère,Autre collision,,,,,,,,,,,1,2,1,2.0,6
201200045978,0012-11-22 16:25:00,12,11,22,16,25,940,71,"24, PENDANTS (R DES)",,,Plein jour,En agglomération,Hors intersection,Normale,Autre collision,,,,,,,,,,,1,2,1,1.0,6