accident_id,datetime,annee,mois,jour,heure,minute,departement,commune_insee,adresse,latitude,longitude,luminosite,agglomeration,intersection,meteo,collision,nb_vehicules,nb_usagers,nb_indemnes,nb_tues,nb_blesses_hosp,nb_blesses_legers,age_cond_1,age_cond_2,veh_type_cond_1,veh_type_cond_2,lum_code,agg_code,int_code,atm_code,col_code
201200045979,0012-11-23 09:30:00,12,11,23,9,30,940,71,"00, PONT DE CHENNEVIERES",,,Plein jour,En agglomération,Intersection en T,Normale,Deux véhicules - côté,,,,,,,,,,,1,2,3,1.0,3
201200045980,0012-11-23 18:20:00,12,11,23,18,20,940,70,"70, MAIRIE (R DE LA)",,,Nuit avec éclairage allumé,En agglomération,Hors intersection,Temps couvert,Autre collision,,,,,,,,,,,5,2,1,8.0,6
201200045981,0012-11-23 17:50:00,12,11,23,17,50,940,75,DAGORNO/TASSIGNY,48.7275,2.53101,Nuit avec éclairage allumé,En agglomération,Intersection en T,Pluie légère,Autre collision,,,,,,,,,,,5,2,3,2.0,6
201200045982,0012-11-24 19:55:00,12,11,24,19,55,940,44,"38, GABRIEL PERI (AV)",,,Nuit avec éclairage allumé,En agglomération,Hors intersection,Normale,Deux véhicules - arrière,,,,,,,,,,,5,2,1,1.0,2
201200045983,0012-11-24 19:55:00,12,11,24,19,55,940,44,PERI/RUELLE DE PARIS,,,Nuit avec éclairage allumé,En agglomération,Intersection en X,Normale,Autre collision,,,,,,,,,,,5,2,2,1.0,6
201200045984,0012-01-26 06:15:00,12,1,26,6,15,940,4,AV DU MARECHAL DE LATTRE,48.7367,2.51855,Nuit avec éclairage allumé,Hors agglomération,Hors intersection,Pluie légère,Trois véhicules et plus - collisions multiples,,,,,,,,,,,5,1,1,2.0,5
201200045985,0012-01-26 07:50:00,12,1,26,7,50,940,71,CHAMPIGNY / PARIS,48.7746,2.51093,Plein jour,En agglomération,Intersection à plus de 4 branches,Pluie légère,Deux véhicules - côté,,,,,,,,,,,1,2,5,2.0,3
201200045986,0012-01-27 17:35:00,12,1,27,17,35,940,48,"50, AV DE GROSBOIS",48.7286,2.54034,Plein jour,En agglomération,Hors intersection,Normale,Autre collision,,,,,,,,,,,1,2,1,1.0,6
201200045987,0012-02-01 18:40:00,12,2,1,18,40,940,44,"55, AV DE VALENTON",48.7435,2.50372,Nuit avec éclairage allumé,En agglomération,Hors intersection,Normale,Deux véhicules - arrière,,,,,,,,,,,5,2,1,1.0,2
201200045988,0012-12-03 17:20:00,12,12,3,17,20,940,71,"2, VAL DE MARNE (ALL DU)",,,Nuit avec éclairage allumé,En agglomération,Autre intersection,Pluie légère,Autre collision,,,,,,,,,,,5,2,9,2.0,6
201200045989,0012-02-04 18:00:00,12,2,4,18,0,940,75,"10, R DE REVEILLON",48.7219,2.53597,Crépuscule ou aube,En agglomération,Hors intersection,Normale,Sans collision,,,,,,,,,,,2,2,1,1.0,7
201200045990,0012-12-05 07:45:00,12,12,5,7,45,940,4,"13, HUIT MAI 1945 (R DU)",,,Nuit avec éclairage allumé,En agglomération,Hors intersection,Normale,Sans collision,,,,,,,,,,,5,2,1,1.0,7
201200045991,0012-12-05 14:45:00,12,12,5,14,45,940,44,"02, ROGER SALENGRO (R)",,,Plein jour,En agglomération,Hors intersection,Normale,Autre collision,,,,,,,,,,,1,2,1,1.0,6
201200045992,0012-12-10 13:25:00,12,12,10,13,25,940,4,DE LATTRE DE TASSIGNY,48.7314,2.52366,Plein jour,En agglomération,Hors intersection,Temps couvert,Deux véhicules - frontale,,,,,,,,,,,1,2,1,8.0,1
201200045993,0012-02-10 09:20:00,12,2,10,9,20,940,75,"37, R DE MANDRES",48.718,2.53524,Plein jour,En agglomération,Hors intersection,Normale,Sans collision,,,,,,,,,,,1,2,1,1.0,7
201200045994,0012-12-11 17:15:00,12,12,11,17,15,940,70,RTE DE PARIS,48.7167,2.57202,Nuit sans éclairage public,En agglomération,Hors intersection,Normale,Trois véhicules et plus - en chaîne,,,,,,,,,,,3,2,1,1.0,4
201200045995,0012-02-11 10:05:00,12,2,11,10,5,940,44,8 MAI 1945/SABLIERE,48.7531,2.49413,Plein jour,En agglomération,Intersection en T,Normale,Deux véhicules - côté,,,,,,,,,,,1,2,3,1.0,3
201200045996,0012-02-12 00:45:00,12,2,12,0,45,940,75,"25, R D'YERRES",48.7213,2.52889,Nuit avec éclairage allumé,En agglomération,Hors intersection,Normale,Sans collision,,,,,,,,,,,5,2,1,1.0,7
201200045997,0012-02-14 09:50:00,12,2,14,9,50,940,4,"26, R DE SUCY",48.7518,2.51874,Plein jour,En agglomération,Hors intersection,Normale,Deux véhicules - côté,,,,,,,,,,,1,2,1,1.0,3
201200045998,0012-12-14 07:45:00,12,12,14,7,45,940,4,SUCY (R DE),,,Nuit avec éclairage allumé,En agglomération,Autre intersection,Normale,Deux véhicules - arrière,,,,,,,,,,,5,2,9,1.0,2
201200045999,0012-12-14 15:05:00,12,12,14,15,5,940,44,LECLERC/POMPIDOU,48.7448,2.51175,Plein jour,En agglomération,Intersection en X,Pluie légère,Autre collision,,,,,,,,,,,1,2,2,2.0,6
201200046000,0012-12-15 17:00:00,12,12,15,17,0,940,71,"0, GEORGES POMPIDOU (AV)",,,Nuit avec éclairage allumé,En agglomération,Hors intersection,Pluie légère,Deux véhicules - côté,,,,,,,,,,,5,2,1,2.0,3
201200046001,0012-02-16 19:20:00,12,2,16,19,20,940,71,R DE BOISSY,48.7643,2.52552,Nuit avec éclairage allumé,En agglomération,Intersection en Y,Normale,Deux véhicules - côté,,,,,,,,,,,5,2,4,1.0,3
201200046002,0012-12-17 08:40:00,12,12,17,8,40,940,4,"1, SUCY (R DE)",,,Plein jour,En agglomération,Hors intersection,Temps couvert,Autre collision,,,,,,,,,,,1,2,1,8.0,6
201200046003,0012-12-17 15:00:00,12,12,17,15,0,940,56,BRIE (R DE),,,Plein jour,En agglomération,Giratoire,Temps couvert,Autre collision,,,,,,,,,,,1,2,6,8.0,6
201200046004,0012-02-20 07:15:00,12,2,20,7,15,940,44,DESCARTES / TULIPIERS,48.7412,2.47836,Plein jour,En agglomération,Intersection en X,Normale,Deux véhicules - côté,,,,,,,,,,,1,2,2,1.0,3
201200046005,0012-02-25 21:40:00,12,2,25,21,40,940,4,LECLERC / DE GAULLE,48.7551,2.50528,Nuit avec éclairage allumé,En agglomération,Intersection en T,Pluie légère,Deux véhicules - côté,,,,,,,,,,,5,2,3,2.0,3
201200046006,0012-12-27 20:40:00,12,12,27,20,40,940,70,LESIGNY (R DE),,,Nuit sans éclairage public,Hors agglomération,Hors intersection,Pluie légère,Sans collision,,,,,,,,,,,3,1,1,2.0,7
201200046007,0012-02-28 21:50:00,12,2,28,21,50,940,71,"4 BIS, R DE VILLENEUVE",48.7699,2.50813,Nuit avec éclairage allumé,En agglomération,Hors intersection,Normale,Deux véhicules - côté,,,,,,,,,,,5,2,1,1.0,3
201200046008,0012-12-28 20:55:00,12,12,28,20,55,940,71,MONTALEAU (R DE),,,Nuit avec éclairage allumé,En agglomération,Intersection en X,Normale,Deux véhicules - côté,,,,,,,,,,,5,2,2,1.0,3
201200046009,0012-02-29 16:55:00,12,2,29,16,55,940,4,3 AV DU GENERAL LECLERC,48.7528,2.50658,Plein jour,En agglomération,Hors intersection,Normale,Autre collision,,,,,,,,,,,1,2,1,1.0,6
201200046010,0012-12-31 11:45:00,12,12,31,11,45,940,4,"0, CHARLES DE GAULLE (AV",,,Plein jour,En agglomération,Hors intersection,Normale,Autre collision,,,,,,,,,,,1,2,1,1.0,6
201200046011,0012-03-01 08:20:00,12,3,1,8,20,940,71,R DE PARIS,48.7731,2.49872,Plein jour,En agglomération,Hors intersection,Temps couvert,Autre collision,,,,,,,,,,,1,2,1,8.0,6
201200046012,0012-03-05 07:40:00,12,3,5,7,40,940,75,R DE REVEILLON,48.7221,2.53429,Plein jour,En agglomération,Hors intersection,Normale,Autre collision,,,,,,,,,,,1,2,1,1.0,6
201200046013,0012-03-08 12:30:00,12,3,8,12,30,940,71,"9 TER, R MAURICE BERTEAU",48.7734,2.51774,Plein jour,En agglomération,Hors intersection,Normale,Deux véhicules - côté,,,,,,,,,,,1,2,1,1.0,3
201200046014,0012-03-09 19:45:00,12,3,9,19,45,940,70,RTE DE PARIS,48.7207,2.56493,Nuit avec éclairage allumé,Hors agglomération,Hors intersection,Normale,Deux véhicules - arrière,,,,,,,,,,,5,1,1,1.0,2
201200046015,0012-03-12 09:00:00,12,3,12,9,0,940,56,RTE DE BRIE COMTE ROBERT,48.6962,2.55535,Plein jour,Hors agglomération,Hors intersection,Normale,Sans collision,,,,,,,,,,,1,1,1,1.0,7
201200046016,0012-03-15 10:40:00,12,3,15,10,40,940,71,"69, RTE DE LA QUEUE EN B",48.7611,2.53285,Plein jour,En agglomération,Hors intersection,Normale,Autre collision,,,,,,,,,,,1,2,1,1.0,6
201200046017,0012-03-16 23:40:00,12,3,16,23,40,940,75,TASSIGNY / DAGORNO,48.7275,2.53101,Nuit avec éclairage allumé,En agglomération,Intersection en T,Normale,Deux véhicules - côté,,,,,,,,,,,5,2,3,1.0,3
201200046018,0012-03-17 19:00:00,12,3,17,19,0,940,75,AV DU MARECHAL DE LATTRE,48.735,2.51979,Plein jour,En agglomération,Hors intersection,Normale,Deux véhicules - arrière,,,,,,,,,,,1,2,1,1.0,2
201200046019,0012-03-18 10:45:00,12,3,18,10,45,940,71,"7BIS, PL DE LA GARE",48.7709,2.50857,Plein jour,En agglomération,Hors intersection,Normale,Deux véhicules - côté,,,,,,,,,,,1,2,1,1.0,3
201200046020,0012-03-19 17:10:00,12,3,19,17,10,940,71,"5, R DE CHAMPIGNY",48.7721,2.50961,Plein jour,En agglomération,Hors intersection,Normale,Autre collision,,,,,,,,,,,1,2,1,1.0,6
201200046021,0012-03-23 15:50:00,12,3,23,15,50,940,71,HOUPIED / GARE,48.7717,2.50821,Plein jour,En agglomération,Intersection en X,Normale,Autre collision,,,,,,,,,,,1,2,2,1.0,6
201200046022,0012-03-26 16:10:00,12,3,26,16,10,940,44,AV DESCARTES,48.7344,2.49674,Plein jour,Hors agglomération,Hors intersection,Normale,Trois véhicules et plus - collisions multiples,,,,,,,,,,,1,1,1,1.0,5
201200046023,0012-03-28 18:54:00,12,3,28,18,54,940,44,"13, R DU TERTRE",48.7473,2.49433,Plein jour,En agglomération,Hors intersection,Normale,Autre collision,,,,,,,,,,,1,2,1,1.0,6
201200046024,0012-03-31 18:20:00,12,3,31,18,20,940,71,DRU / PIPLE,48.7626,2.52013,Plein jour,En agglomération,Intersection en Y,Temps couvert,Deux véhicules - côté,,,,,,,,,,,1,2,4,8.0,3
201200046025,0012-06-22 23:28:00,12,6,22,23,28,940,48,"., BRUYERES (AV DES)",,,Nuit sans éclairage public,Hors agglomération,Hors intersection,Normale,Deux véhicules - frontale,,,,,,,,,,,3,1,1,1.0,1
201200046026,0012-04-02 10:10:00,12,4,2,10,10,940,4,DE LATTRE DE TASSIGNY,48.7388,2.51678,Plein jour,Hors agglomération,Hors intersection,Normale,Deux véhicules - côté,,,,,,,,,,,1,1,1,1.0,3
201200046027,0012-04-05 08:50:00,12,4,5,8,50,940,71,ALBERT SARRAULT (AV),,,Plein jour,En agglomération,Hors intersection,Normale,Deux véhicules - côté,,,,,,,,,,,1,2,1,1.0,3
201200046028,0012-05-24 08:05:00,12,5,24,8,5,940,4,"24, PARIS (R DE)",,,Plein jour,En agglomération,Hors intersection,Normale,Autre collision,,,,,,,,,,,1,2,1,1.0,6
201200046029,0012-04-12 19:20:00,12,4,12,19,20,940,47,"26, BRIE (R DE)",,,Plein jour,En agglomération,Hors intersection,Normale,Deux véhicules - côté,,,,,,,,,,,1,2,1,1.0,3
201200046030,0012-04-17 12:00:00,12,4,17,12,0,940,71,"54, GENERAL LECLERC (R D",,,Plein jour,En agglomération,Hors intersection,Normale,Deux véhicules - arrière,,,,,,,,,,,1,2,1,1.0,2
201200046031,0012-04-23 16:40:00,12,4,23,16,40,940,71,BONNEUIL (RTE DE),,,Plein jour,En agglomération,Hors intersection,Pluie légère,Deux véhicules - arrière,,,,,,,,,,,1,2,1,2.0,2
201200046032,0012-04-24 07:50:00,12,4,24,7,50,940,70,"18, GENERAL LECLERC (AV",,,Plein jour,En agglomération,Hors intersection,Pluie légère,Sans collision,,,,,,,,,,,1,2,1,2.0,7
201200046033,0012-07-14 23:50:00,12,7,14,23,50,940,70,PARIS/LIBERATION,48.7199,2.56629,Nuit avec éclairage allumé,En agglomération,Intersection en X,Normale,Autre collision,,,,,,,,,,,5,2,2,1.0,6
201200046034,0012-08-05 01:30:00,12,8,5,1,30,940,4,"7, CHARLES DE GAULLE (AV",,,Nuit sans éclairage public,En agglomération,Hors intersection,Normale,Deux véhicules - arrière,,,,,,,,,,,3,2,1,1.0,2
201200046035,0012-05-01 12:20:00,12,5,1,12,20,940,48,40 ARPENTS (AV DES),,,Plein jour,En agglomération,Autre intersection,Normale,Deux véhicules - côté,,,,,,,,,,,1,2,9,1.0,3
201200046036,0012-05-03 09:20:00,12,5,3,9,20,940,4,LECLERC/ DE GAULLE,48.7551,2.50528,Plein jour,En agglomération,Intersection en T,Normale,Deux véhicules - arrière,,,,,,,,,,,1,2,3,1.0,2
201200046037,0012-05-05 20:15:00,12,5,5,20,15,940,48,DE LATTRE DE TASSIGNY,48.7277,2.54548,Plein jour,Hors agglomération,Hors intersection,Pluie forte,Deux véhicules - frontale,,,,,,,,,,,1,1,1,3.0,1
201200046038,0012-05-09 11:50:00,12,5,9,11,50,940,44,"., ALBERT GARRY (R)",,,Plein jour,En agglomération,Giratoire,Normale,Deux véhicules - côté,,,,,,,,,,,1,2,6,1.0,3
201200046039,0012-05-28 14:40:00,12,5,28,14,40,940,71,"44, GRAND VAL (R DU)",,,Plein jour,En agglomération,Hors intersection,Normale,Autre collision,,,,,,,,,,,1,2,1,1.0,6
201200046040,0012-05-31 16:20:00,12,5,31,16,20,940,4,LECLERC/VALENTON,48.7469,2.51012,Plein jour,En agglomération,Intersection en X,Normale,Trois véhicules et plus - collisions multiples,,,,,,,,,,,1,2,2,1.0,5
201200046041,0012-06-01 18:00:00,12,6,1,18,0,940,44,"0, ALBERT GARRY (R)",,,Plein jour,En agglomération,Hors intersection,Normale,Deux véhicules - frontale,,,,,,,,,,,1,2,1,1.0,1
201200046042,0012-06-11 08:30:00,12,6,11,8,30,940,4,LACARRIERE (R),,,Plein jour,En agglomération,Hors intersection,Pluie légère,Autre collision,,,,,,,,,,,1,2,1,2.0,6
201200046043,0012-06-14 19:00:00,12,6,14,19,0,940,71,"65, QUEUE EN BRIE (RTE D",,,Plein jour,En agglomération,Hors intersection,Normale,Trois véhicules et plus - en chaîne,,,,,,,,,,,1,2,1,1.0,4
201200046044,0012-06-19 16:50:00,12,6,19,16,50,940,44,"38, GABRIEL PERI (AV)",,,Plein jour,En agglomération,Hors intersection,Normale,Deux véhicules - côté,,,,,,,,,,,1,2,1,1.0,3
201200046045,0012-06-15 13:25:00,12,6,15,13,25,940,44,"2, PASTEUR (R)",,,Plein jour,En agglomération,Hors intersection,Normale,Autre collision,,,,,,,,,,,1,2,1,1.0,6
201200046046,0012-06-27 16:35:00,12,6,27,16,35,940,71,"1 bis, QUEUE EN BRIE (RT",,,Plein jour,En agglomération,Hors intersection,Normale,Trois véhicules et plus - en chaîne,,,,,,,,,,,1,2,1,1.0,4
201200046047,0012-07-02 16:45:00,12,7,2,16,45,940,71,PARIS (R DE),,,Plein jour,En agglomération,Hors intersection,Normale,Sans collision,,,,,,,,,,,1,2,1,1.0,7
201200046048,0012-07-02 17:20:00,12,7,2,17,20,940,71,BOISSY (R DE),,,Plein jour,En agglomération,Intersection en T,Normale,Deux véhicules - côté,,,,,,,,,,,1,2,3,1.0,3
201200046049,0012-07-06 21:10:00,12,7,6,21,10,940,71,"85, BOISSY (R DE)",,,Crépuscule ou aube,En agglomération,Intersection en T,Pluie légère,Deux véhicules - côté,,,,,,,,,,,2,2,3,2.0,3
201200046050,0012-07-09 20:30:00,12,7,9,20,30,940,44,"., VALENTON (AV DE)",,,Plein jour,En agglomération,Hors intersection,Normale,Trois véhicules et plus - en chaîne,,,,,,,,,,,1,2,1,1.0,4
201200046051,0012-07-13 18:35:00,12,7,13,18,35,940,48,BRUYERES (AV DES),,,Plein jour,Hors agglomération,Hors intersection,Pluie légère,Autre collision,,,,,,,,,,,1,1,1,2.0,6
201200046052,0012-07-21 20:15:00,12,7,21,20,15,940,47,"34, FRANCOIS COPPEE (R)",,,Plein jour,En agglomération,Hors intersection,Normale,Deux véhicules - arrière,,,,,,,,,,,1,2,1,1.0,2
201200046053,0012-07-29 14:50:00,12,7,29,14,50,940,71,BREVANNES (R DE),,,Plein jour,En agglomération,Hors intersection,Normale,Autre collision,,,,,,,,,,,1,2,1,1.0,6
201200046054,0012-08-05 21:54:00,12,8,5,21,54,940,4,CLOSEAU (AV),,,Nuit avec éclairage allumé,En agglomération,Intersection en T,Temps couvert,Sans collision,,,,,,,,,,,5,2,3,8.0,7
201200046055,0012-06-28 17:00:00,12,6,28,17,0,940,48,RTE DE PARIS,48.7277,2.54545,Plein jour,Hors agglomération,Hors intersection,Normale,Deux véhicules - frontale,,,,,,,,,,,1,1,1,1.0,1
201200046056,0012-08-29 13:50:00,12,8,29,13,50,940,56,"43, BRIE COMTE ROBERT (R",,,Plein jour,En agglomération,Autre intersection,Normale,Deux véhicules - côté,,,,,,,,,,,1,2,9,1.0,3
201200046057,0012-09-07 13:55:00,12,9,7,13,55,940,71,BOISSY (R DE),,,Plein jour,En agglomération,Intersection en T,Normale,Deux véhicules - côté,,,,,,,,,,,1,2,3,1.0,3
201200046058,0012-09-07 17:30:00,12,9,7,17,30,940,4,LECLERC/VALENTON,48.7469,2.51012,Plein jour,En agglomération,Intersection en X,Normale,Autre collision,,,,,,,,,,,1,2,2,1.0,6
201200046059,0012-09-08 16:15:00,12,9,8,16,15,940,70,MANDRES/LIBERATION,48.7199,2.56629,Plein jour,En agglomération,Intersection en X,Normale,Sans collision,,,,,,,,,,,1,2,2,1.0,7
201200046060,0012-09-12 16:30:00,12,9,12,16,30,940,48,UZELLES (AV DES),,,Plein jour,En agglomération,Hors intersection,Normale,Autre collision,,,,,,,,,,,1,2,1,1.0,6
201200046061,0012-09-14 08:35:00,12,9,14,8,35,940,44,"24, MARIUS DANTZ (AV)",,,Plein jour,En agglomération,Hors intersection,Normale,Deux véhicules - arrière,,,,,,,,,,,1,2,1,1.0,2
201200046062,0012-09-18 14:40:00,12,9,18,14,40,940,4,LECLERC/DE GAULLE,48.7591,2.50051,Plein jour,En agglomération,Intersection en T,Normale,Deux véhicules - côté,,,,,,,,,,,1,2,3,1.0,3
201200046063,0012-09-19 09:45:00,12,9,19,9,45,940,71,GENERAL LECLERC (R DU),,,Plein jour,En agglomération,Hors intersection,Temps éblouissant,Deux véhicules - frontale,,,,,,,,,,,1,2,1,7.0,1
201200046064,0012-09-19 12:30:00,12,9,19,12,30,940,4,PARKING GARE ROUTIERE,48.7534,2.50598,Plein jour,En agglomération,Hors intersection,Normale,Autre collision,,,,,,,,,,,1,2,1,1.0,6
201200046065,0012-09-23 14:50:00,12,9,23,14,50,940,71,"106, GENERAL LECLERC (R",,,Plein jour,En agglomération,Autre intersection,Normale,Deux véhicules - côté,,,,,,,,,,,1,2,9,1.0,3
201200046066,0012-09-24 08:50:00,12,9,24,8,50,940,4,"184, SUCY (R DE)",,,Plein jour,En agglomération,Hors intersection,Pluie légère,Deux véhicules - arrière,,,,,,,,,,,1,2,1,2.0,2
201200046067,0012-09-26 14:25:00,12,9,26,14,25,940,71,CITE VERTE (R DE LA),,,Plein jour,En agglomération,Hors intersection,Temps couvert,Deux véhicules - côté,,,,,,,,,,,1,2,1,8.0,3
201200046068,0012-01-11 20:10:00,12,1,11,20,10,940,17,"69, AV DE LA REPUBLIQUE",48.8222,2.5106,Nuit avec éclairage allumé,En agglomération,Hors intersection,Normale,Autre collision,,,,,,,,,,,5,2,1,1.0,6
201200046069,0012-01-13 18:15:00,12,1,13,18,15,940,17,"4, AV MARX DORMOY",48.8123,2.51588,Nuit avec éclairage allumé,En agglomération,Hors intersection,Normale,Autre collision,,,,,,,,,,,5,2,1,1.0,6
201200046070,0012-01-19 08:10:00,12,1,19,8,10,940,17,R ALEXANDRE FOURNY,48.8188,2.52141,Crépuscule ou aube,En agglomération,Hors intersection,Pluie légère,Autre collision,,,,,,,,,,,2,2,1,2.0,6
201200046071,0012-01-23 19:30:00,12,1,23,19,30,940,17,VOI SONIA DELAUNAY,48.8127,2.53115,Nuit avec éclairage allumé,En agglomération,Hors intersection,Normale,Autre collision,,,,,,,,,,,5,2,1,1.0,6
201200046072,0012-01-24 02:25:00,12,1,24,2,25,940,17,BD DE STALINGRAD,48.82,2.50106,Nuit avec éclairage allumé,En agglomération,Hors intersection,Normale,Deux véhicules - arrière,,,,,,,,,,,5,2,1,1.0,2
201200046073,0012-01-24 10:45:00,12,1,24,10,45,940,17,"41, BD DU CHATEAU",48.8114,2.54337,Plein jour,En agglomération,Hors intersection,Pluie légère,Autre collision,,,,,,,,,,,1,2,1,2.0,6
201200046074,0012-01-24 19:30:00,12,1,24,19,30,940,17,R JEAN JAURES,48.8156,2.50427,Nuit avec éclairage allumé,En agglomération,Hors intersection,Pluie légère,Deux véhicules - côté,,,,,,,,,,,5,2,1,2.0,3
201200046075,0012-01-26 18:55:00,12,1,26,18,55,940,17,R EUGENE VARLIN,48.8261,2.51937,Nuit avec éclairage allumé,En agglomération,Hors intersection,Pluie légère,Deux véhicules - côté,,,,,,,,,,,5,2,1,2.0,3
201200046076,0012-01-28 09:18:00,12,1,28,9,18,940,17,R DU PLESSIS TREVISE,48.8115,2.55274,Plein jour,En agglomération,Hors intersection,Pluie légère,Deux véhicules - côté,,,,,,,,,,,1,2,1,2.0,3
201200046077,0012-01-31 17:45:00,12,1,31,17,45,940,17,"128, AV DU GENERAL LECLE",48.8279,2.51179,Crépuscule ou aube,En agglomération,Hors intersection,Normale,Deux véhicules - côté,,,,,,,,,,,2,2,1,1.0,3
201200046078,0012-02-02 18:20:00,12,2,2,18,20,940,17,BERNAU / CROIZAT,48.8172,2.52755,Nuit avec éclairage allumé,En agglomération,Giratoire,Normale,Autre collision,,,,,,,,,,,5,2,6,1.0,6
201200046079,0012-02-09 17:20:00,12,2,9,17,20,940,17,"370, AV MAURICE THOREZ",48.8148,2.53789,Plein jour,En agglomération,Hors intersection,Normale,Autre collision,,,,,,,,,,,1,2,1,1.0,6
201200046080,0012-02-10 21:15:00,12,2,10,21,15,940,17,STALINGRAD / ALLIES,48.8296,2.49314,Nuit avec éclairage allumé,En agglomération,Intersection en X,Normale,Autre collision,,,,,,,,,,,5,2,2,1.0,6
201200046081,0012-02-13 06:50:00,12,2,13,6,50,940,17,"392, AV MAURICE THOREZ",48.8146,2.53778,Nuit avec éclairage allumé,En agglomération,Hors intersection,Normale,Deux véhicules - frontale,,,,,,,,,,,5,2,1,1.0,1
201200046082,0012-02-16 06:15:00,12,2,16,6,15,940,17,TALAMONI / DIMITROV,48.8137,2.51025,Nuit avec éclairage allumé,En agglomération,Intersection en X,Normale,Deux véhicules - côté,,,,,,,,,,,5,2,2,1.0,3
201200046083,0012-02-16 13:30:00,12,2,16,13,30,940,17,BOURSICAUD / CROIZAT,48.8142,2.52713,Plein jour,En agglomération,Giratoire,Normale,Deux véhicules - arrière,,,,,,,,,,,1,2,6,1.0,2
201200046084,0012-02-16 22:40:00,12,2,16,22,40,940,17,MARAIS / GAULLE,48.8271,2.51794,Nuit avec éclairage allumé,En agglomération,Intersection en X,Normale,Deux véhicules - côté,,,,,,,,,,,5,2,2,1.0,3
201200046085,0012-02-16 22:50:00,12,2,16,22,50,940,17,DE GAULLE/OHRESSER,48.8247,2.50001,Nuit avec éclairage allumé,En agglomération,Intersection en T,Normale,Deux véhicules - côté,,,,,,,,,,,5,2,3,1.0,3
201200046086,0012-02-17 14:05:00,12,2,17,14,5,940,17,PARKING LIDL R DE BERNAU,48.8164,2.53286,Plein jour,En agglomération,Hors intersection,Normale,Autre collision,,,,,,,,,,,1,2,1,1.0,6
201200046087,0012-02-17 17:30:00,12,2,17,17,30,940,17,SAVU / PATAY,48.8277,2.49641,Plein jour,En agglomération,Intersection en X,Normale,Autre collision,,,,,,,,,,,1,2,2,1.0,6
201200046088,0012-02-18 10:20:00,12,2,18,10,20,940,17,R EUGENE VARLIN,48.8261,2.51974,Plein jour,En agglomération,Hors intersection,Normale,Deux véhicules - côté,,,,,,,,,,,1,2,1,1.0,3
201200046089,0012-02-20 07:15:00,12,2,20,7,15,940,17,THOREZ / GAITE,48.807,2.53562,Plein jour,En agglomération,Intersection en T,Normale,Deux véhicules - côté,,,,,,,,,,,1,2,3,1.0,3
201200046090,0012-02-20 18:05:00,12,2,20,18,5,940,17,GUITTARD / JAURES,48.8146,2.50798,Plein jour,Hors agglomération,Intersection en X,Normale,Deux véhicules - côté,,,,,,,,,,,1,1,2,1.0,3
201200046091,0012-02-23 22:45:00,12,2,23,22,45,940,17,"162, BD DE STALINGRAD",48.823,2.49719,Nuit avec éclairage allumé,En agglomération,Hors intersection,Normale,Deux véhicules - côté,,,,,,,,,,,5,2,1,1.0,3
201200046092,0012-03-02 19:20:00,12,3,2,19,20,940,17,AV FRANCOIS MITTERRAND,48.8158,2.51373,Nuit avec éclairage allumé,En agglomération,Hors intersection,Normale,Trois véhicules et plus - en chaîne,,,,,,,,,,,5,2,1,1.0,4
201200046093,0012-03-04 18:00:00,12,3,4,18,0,940,17,LECLERC / MARAIS,48.8294,2.5176,Crépuscule ou aube,Hors agglomération,Intersection en T,Normale,Autre collision,,,,,,,,,,,2,1,3,1.0,6
201200046094,0012-03-06 08:50:00,12,3,6,8,50,940,17,THOMAS / VINCON,48.8143,2.5116,Plein jour,En agglomération,Intersection en T,Normale,Deux véhicules - arrière,,,,,,,,,,,1,2,3,1.0,2
201200046095,0012-03-08 13:00:00,12,3,8,13,0,940,17,ALLENDE / PINSONS,48.8087,2.55052,Plein jour,En agglomération,Intersection en T,Normale,Deux véhicules - côté,,,,,,,,,,,1,2,3,1.0,3
201200046096,0012-03-08 19:40:00,12,3,8,19,40,940,17,"41, SALENGRO/GORKI",48.8195,2.48652,Nuit avec éclairage allumé,En agglomération,Intersection en T,Normale,Autre collision,,,,,,,,,,,5,2,3,1.0,6
201200046097,0012-03-12 21:00:00,12,3,12,21,0,940,17,"20, R JEAN JAURES",48.8156,2.50446,Nuit avec éclairage allumé,En agglomération,Hors intersection,Normale,Deux véhicules - côté,,,,,,,,,,,5,2,1,1.0,3
201200046098,0012-03-15 09:10:00,12,3,15,9,10,940,17,DELAUNAY / THOREZ,48.8117,2.53644,Plein jour,En agglomération,Giratoire,Normale,Deux véhicules - côté,,,,,,,,,,,1,2,6,1.0,3
201200046099,0012-03-16 11:35:00,12,3,16,11,35,940,17,"28, AV GENERAL DE GAULLE",48.821,2.4873,Plein jour,En agglomération,Hors intersection,Normale,Autre collision,,,,,,,,,,,1,2,1,1.0,6
201200046100,0012-03-21 16:25:00,12,3,21,16,25,940,17,MOQUET / L'ETANG,48.8224,2.51613,Plein jour,En agglomération,Intersection en T,Normale,Autre collision,,,,,,,,,,,1,2,3,1.0,6
201200046101,0012-03-26 21:10:00,12,3,26,21,10,940,17,DE GAULLE / STALINGRAD,48.8236,2.49645,Nuit avec éclairage allumé,En agglomération,Intersection en X,Normale,Autre collision,,,,,,,,,,,5,2,2,1.0,6
201200046102,0012-03-27 13:10:00,12,3,27,13,10,940,17,"244, AV DU GENERAL DE GA",48.8272,2.50813,Plein jour,En agglomération,Intersection en X,Normale,Deux véhicules - arrière,,,,,,,,,,,1,2,2,1.0,2