accident_id,datetime,annee,mois,jour,heure,minute,departement,commune_insee,adresse,latitude,longitude,luminosite,agglomeration,intersection,meteo,collision,nb_vehicules,nb_usagers,nb_indemnes,nb_tues,nb_blesses_hosp,nb_blesses_legers,age_cond_1,age_cond_2,veh_type_cond_1,veh_type_cond_2,lum_code,agg_code,int_code,atm_code,col_code
201200046488,0012-02-22 19:00:00,12,2,22,19,0,940,28,AV DU GENERAL DE GAULLE,48.7922,2.44601,Crépuscule ou aube,Hors agglomération,Hors intersection,Normale,Trois véhicules et plus - en chaîne,,,,,,,,,,,2,1,1,1.0,4
201200046489,0012-03-05 19:05:00,12,3,5,19,5,940,28,RTE DE LA POMPADOUR,48.7667,2.47212,Crépuscule ou aube,En agglomération,Hors intersection,Pluie légère,Deux véhicules - arrière,,,,,,,,,,,2,2,1,2.0,2
201200046490,0012-03-08 16:15:00,12,3,8,16,15,940,11,ROSTAND / RESISTANCE,48.7668,2.4843,Plein jour,En agglomération,Intersection en X,Normale,Autre collision,,,,,,,,,,,1,2,2,1.0,6
201200046491,0012-03-08 17:00:00,12,3,8,17,0,940,28,RTE DE CHOISY,48.7839,2.44738,Plein jour,En agglomération,Hors intersection,Normale,Deux véhicules - arrière,,,,,,,,,,,1,2,1,1.0,2
201200046492,0012-03-12 16:25:00,12,3,12,16,25,940,28,R DE MESLY,48.7904,2.46081,Plein jour,En agglomération,Hors intersection,Normale,Sans collision,,,,,,,,,,,1,2,1,1.0,7
201200046493,0012-03-13 13:10:00,12,3,13,13,10,940,28,SULLY / SARRAZINS,48.7681,2.47283,Plein jour,En agglomération,Intersection en X,Normale,Deux véhicules - arrière,,,,,,,,,,,1,2,2,1.0,2
201200046494,0012-03-16 10:50:00,12,3,16,10,50,940,28,FRANCE LIBRE/DE GAULLE,48.782,2.45475,Plein jour,En agglomération,Intersection en T,Normale,Autre collision,,,,,,,,,,,1,2,3,1.0,6
201200046495,0012-03-16 20:35:00,12,3,16,20,35,940,11,R RODOLPHE HOTTINGER,48.7582,2.48486,Crépuscule ou aube,En agglomération,Hors intersection,Normale,Sans collision,,,,,,,,,,,2,2,1,1.0,7
201200046496,0012-03-15 17:00:00,12,3,15,17,0,940,28,POMPADOUR / POUILLON,48.7667,2.47189,Plein jour,En agglomération,Giratoire,Normale,Deux véhicules - arrière,,,,,,,,,,,1,2,6,1.0,2
201200046497,0012-03-17 14:15:00,12,3,17,14,15,940,28,CAR POMPADOUR,48.7746,2.43934,Plein jour,En agglomération,Giratoire,Pluie légère,Deux véhicules - côté,,,,,,,,,,,1,2,6,2.0,3
201200046498,0012-03-16 19:45:00,12,3,16,19,45,940,28,SAVAR / PINGOT,48.7833,2.46396,Nuit avec éclairage allumé,En agglomération,Intersection en T,Normale,Deux véhicules - côté,,,,,,,,,,,5,2,3,1.0,3
201200046499,0012-03-19 09:10:00,12,3,19,9,10,940,28,MAIRE / TASSIGNY,48.7953,2.45905,Plein jour,En agglomération,Intersection à plus de 4 branches,Normale,Deux véhicules - côté,,,,,,,,,,,1,2,5,1.0,3
201200046500,0012-03-20 08:00:00,12,3,20,8,0,940,28,GAULLE / MONTAIGUT,48.7907,2.44563,Plein jour,En agglomération,Intersection en T,Normale,Deux véhicules - côté,,,,,,,,,,,1,2,3,1.0,3
201200046501,0012-03-21 16:10:00,12,3,21,16,10,940,28,POMPADOUR/MARAIS,48.7732,2.43494,Plein jour,En agglomération,Intersection en T,Normale,Deux véhicules - arrière,,,,,,,,,,,1,2,3,1.0,2
201200046502,0012-03-25 20:05:00,12,3,25,20,5,940,28,"02, R LIONEL TERRAY",48.7743,2.46761,Crépuscule ou aube,En agglomération,Hors intersection,Normale,Deux véhicules - frontale,,,,,,,,,,,2,2,1,1.0,1
201200046503,0012-03-27 07:45:00,12,3,27,7,45,940,28,"06, R MAURICE DEMENITROU",48.7889,2.4547,Plein jour,En agglomération,Hors intersection,Normale,Autre collision,,,,,,,,,,,1,2,1,1.0,6
201200046504,0012-03-26 13:10:00,12,3,26,13,10,940,11,SEMARD / POMPADOUR,48.7648,2.48042,Plein jour,En agglomération,Intersection en X,Normale,Deux véhicules - arrière,,,,,,,,,,,1,2,2,1.0,2
201200046505,0012-03-30 20:25:00,12,3,30,20,25,940,28,AV BERNARD HALPERN,48.7745,2.4612,Nuit avec éclairage non allumé,Hors agglomération,Hors intersection,Normale,Sans collision,,,,,,,,,,,4,1,1,1.0,7
201200046506,0012-03-30 08:10:00,12,3,30,8,10,940,28,"21, R DE MESLY",48.7918,2.46005,Plein jour,En agglomération,Hors intersection,Normale,Deux véhicules - frontale,,,,,,,,,,,1,2,1,1.0,1
201200046507,0012-03-31 18:55:00,12,3,31,18,55,940,28,R DU CANAL,48.7704,2.4608,Plein jour,En agglomération,Hors intersection,Normale,Autre collision,,,,,,,,,,,1,2,1,1.0,6
201200046508,0012-04-02 13:15:00,12,4,2,13,15,940,69,A4,,,Plein jour,Hors agglomération,Hors intersection,Normale,Deux véhicules - arrière,,,,,,,,,,,1,1,1,1.0,2
201200046509,0012-04-05 09:40:00,12,4,5,9,40,940,28,"0, LAFERRIERE(AVENUE)",,,Plein jour,En agglomération,Intersection en X,Normale,Deux véhicules - côté,,,,,,,,,,,1,2,2,1.0,3
201200046510,0012-04-08 11:08:00,12,4,8,11,8,940,28,"19, VERDUN.(AVENUE DE)",,,Plein jour,En agglomération,Hors intersection,Normale,Deux véhicules - côté,,,,,,,,,,,1,2,1,1.0,3
201200046511,0012-04-11 17:50:00,12,4,11,17,50,940,11,"0, SEMARD(RUE PIERRE)",,,Plein jour,En agglomération,Hors intersection,Normale,Deux véhicules - arrière,,,,,,,,,,,1,2,1,1.0,2
201200046512,0012-04-14 16:15:00,12,4,14,16,15,940,28,"0, MONTAIGUT(BOULVARD DU",,,Plein jour,En agglomération,Hors intersection,Normale,Autre collision,,,,,,,,,,,1,2,1,1.0,6
201200046513,0012-04-16 22:05:00,12,4,16,22,5,940,28,"nc, MARAIS(CHEMIN DES)",,,Nuit avec éclairage allumé,En agglomération,Autre intersection,Normale,Deux véhicules - côté,,,,,,,,,,,5,2,9,1.0,3
201200046514,0012-04-19 22:55:00,12,4,19,22,55,940,28,"97, CHERET(RUE ET IMPASS",,,Nuit avec éclairage allumé,En agglomération,Hors intersection,Normale,Autre collision,,,,,,,,,,,5,2,1,1.0,6
201200046515,0012-04-20 16:30:00,12,4,20,16,30,940,28,"0, MITTERAND (Rue Fran?o",,,Plein jour,En agglomération,Hors intersection,Normale,Deux véhicules - frontale,,,,,,,,,,,1,2,1,1.0,1
201200046516,0012-04-27 14:10:00,12,4,27,14,10,940,28,"NC, CASALIS.(AVE DU DR P",,,Plein jour,En agglomération,Hors intersection,Normale,Autre collision,,,,,,,,,,,1,2,1,1.0,6
201200046517,0012-04-28 18:30:00,12,4,28,18,30,940,28,"NC, CHOISY(ROUTE DE)",,,Plein jour,En agglomération,Hors intersection,Pluie légère,Trois véhicules et plus - collisions multiples,,,,,,,,,,,1,2,1,2.0,5
201200046518,0012-05-03 12:30:00,12,5,3,12,30,940,28,"0, CHOISY(ROUTE DE)",,,Plein jour,En agglomération,Hors intersection,Normale,Autre collision,,,,,,,,,,,1,2,1,1.0,6
201200046519,0012-04-30 16:45:00,12,4,30,16,45,940,28,"0, TASSIGNY(AVE DU MAREC",,,Plein jour,En agglomération,Hors intersection,Normale,Autre collision,,,,,,,,,,,1,2,1,1.0,6
201200046520,0012-05-01 18:00:00,12,5,1,18,0,940,28,"118, LAFERRIERE(AVENUE)",,,Plein jour,En agglomération,Hors intersection,Normale,Deux véhicules - arrière,,,,,,,,,,,1,2,1,1.0,2
201200046521,0012-05-01 18:54:00,12,5,1,18,54,940,28,"23/25, BRIE(RUE DE)",,,Plein jour,En agglomération,Hors intersection,Normale,Autre collision,,,,,,,,,,,1,2,1,1.0,6
201200046522,0012-05-10 12:30:00,12,5,10,12,30,940,28,"64, GAULLE(AVENUE DU GEN",,,Plein jour,En agglomération,Hors intersection,Normale,Autre collision,,,,,,,,,,,1,2,1,1.0,6
201200046523,0012-05-10 17:40:00,12,5,10,17,40,940,28,R JULIETTE SAVAR,48.775,2.46882,Plein jour,En agglomération,Hors intersection,Normale,Autre collision,,,,,,,,,,,1,2,1,1.0,6
201200046524,0012-05-11 11:05:00,12,5,11,11,5,940,28,FOCH/CHOISY,48.7746,2.43934,Plein jour,En agglomération,Intersection à plus de 4 branches,Pluie légère,Deux véhicules - côté,,,,,,,,,,,1,2,5,2.0,3
201200046525,0012-05-12 15:40:00,12,5,12,15,40,940,28,"52, BROSSOLETTE(AVENUE P",,,Plein jour,En agglomération,Hors intersection,Normale,Deux véhicules - côté,,,,,,,,,,,1,2,1,1.0,3
201200046526,0012-05-15 07:55:00,12,5,15,7,55,940,28,"0, CHOISY(ROUTE DE)",,,Plein jour,En agglomération,Hors intersection,Normale,Autre collision,,,,,,,,,,,1,2,1,1.0,6
201200046527,0012-05-15 17:00:00,12,5,15,17,0,940,28,RTE POMPADOUR/CHE POMPAD,,,Plein jour,En agglomération,Giratoire,Normale,Deux véhicules - côté,,,,,,,,,,,1,2,6,1.0,3
201200046528,0012-05-15 11:55:00,12,5,15,11,55,940,28,"NC, POMPADOUR(ROUTE DE L",,,Plein jour,En agglomération,Hors intersection,Normale,Deux véhicules - arrière,,,,,,,,,,,1,2,1,1.0,2
201200046529,0012-05-15 15:00:00,12,5,15,15,0,940,28,"0, PETIT BOIS.(RUE ET PL",,,Plein jour,En agglomération,Hors intersection,Normale,Autre collision,,,,,,,,,,,1,2,1,1.0,6
201200046530,0012-05-16 14:00:00,12,5,16,14,0,940,11,"0, LONGS RIDEAUX (rue de",,,Plein jour,En agglomération,Hors intersection,Normale,Autre collision,,,,,,,,,,,1,2,1,1.0,6
201200046531,0012-05-16 09:00:00,12,5,16,9,0,940,28,"0, CHOISY(ROUTE DE)",,,Plein jour,En agglomération,Hors intersection,Normale,Autre collision,,,,,,,,,,,1,2,1,1.0,6
201200046532,0012-05-17 22:25:00,12,5,17,22,25,940,28,FOCH/MALFOURCHES,48.7802,2.4377,Nuit avec éclairage allumé,En agglomération,Intersection en X,Normale,Deux véhicules - arrière,,,,,,,,,,,5,2,2,1.0,2
201200046533,0012-05-16 08:00:00,12,5,16,8,0,940,28,"63, CASALIS.(AVE DU DR P",,,Plein jour,En agglomération,Hors intersection,Normale,Autre collision,,,,,,,,,,,1,2,1,1.0,6
201200046534,0012-05-20 07:00:00,12,5,20,7,0,940,28,"nc, HALPERN.(AVENUE BERN",,,Crépuscule ou aube,Hors agglomération,Hors intersection,Normale,Sans collision,,,,,,,,,,,2,1,1,1.0,7
201200046535,0012-05-22 15:20:00,12,5,22,15,20,940,28,POMPADOUR/FOCH,48.7742,2.43882,Plein jour,En agglomération,Intersection à plus de 4 branches,Normale,Autre collision,,,,,,,,,,,1,2,5,1.0,6
201200046536,0012-05-23 15:00:00,12,5,23,15,0,940,28,"0, MOULIN BERSON.(RUE DU",,,Plein jour,En agglomération,Hors intersection,Normale,Deux véhicules - côté,,,,,,,,,,,1,2,1,1.0,3
201200046537,0012-05-19 13:35:00,12,5,19,13,35,940,28,"0, JOLY(RUE DE)",,,Plein jour,En agglomération,Hors intersection,Normale,Autre collision,,,,,,,,,,,1,2,1,1.0,6
201200046538,0012-05-24 20:35:00,12,5,24,20,35,940,28,"06, DOUCET.(RUE HENRI)",,,Plein jour,En agglomération,Hors intersection,Normale,Autre collision,,,,,,,,,,,1,2,1,1.0,6
201200046539,0012-05-25 01:50:00,12,5,25,1,50,940,28,"NC, PASTEUR VALERY RADOT",,,Nuit avec éclairage allumé,En agglomération,Hors intersection,Normale,Autre collision,,,,,,,,,,,5,2,1,1.0,6
201200046540,0012-05-30 17:50:00,12,5,30,17,50,940,28,"00, MECHES.(RUE DES)",,,Plein jour,En agglomération,Hors intersection,Normale,Deux véhicules - arrière,,,,,,,,,,,1,2,1,1.0,2
201200046541,0012-06-01 05:50:00,12,6,1,5,50,940,28,AV BERNARD HALPERN,,,Crépuscule ou aube,En agglomération,Hors intersection,Normale,Sans collision,,,,,,,,,,,2,2,1,1.0,7
201200046542,0012-06-02 17:30:00,12,6,2,17,30,940,28,"0, FRANCE LIBRE(AVENUE D",,,Plein jour,En agglomération,Hors intersection,Normale,Autre collision,,,,,,,,,,,1,2,1,1.0,6
201200046543,0012-06-03 09:45:00,12,6,3,9,45,940,28,"0, MONTAIGUT(BOULVARD DU",,,Plein jour,En agglomération,Hors intersection,Normale,Autre collision,,,,,,,,,,,1,2,1,1.0,6
201200046544,0012-05-13 01:30:00,12,5,13,1,30,940,28,48 R DES MECHES,,,Nuit avec éclairage allumé,En agglomération,Hors intersection,Normale,Deux véhicules - côté,,,,,,,,,,,5,2,1,1.0,3
201200046545,0012-06-07 15:15:00,12,6,7,15,15,940,28,"NC, GENETS.(IMPASSE DES)",,,Plein jour,En agglomération,Hors intersection,Normale,Deux véhicules - côté,,,,,,,,,,,1,2,1,1.0,3
201200046546,0012-06-06 07:10:00,12,6,6,7,10,940,28,"00, RESISTANCE ET DEPORT",,,Plein jour,En agglomération,Giratoire,Normale,Deux véhicules - côté,,,,,,,,,,,1,2,6,1.0,3
201200046547,0012-06-09 20:50:00,12,6,9,20,50,940,28,"00, DUHAMEL(RUE GEORGES)",,,Plein jour,En agglomération,Hors intersection,Normale,Deux véhicules - côté,,,,,,,,,,,1,2,1,1.0,3
201200046548,0012-06-11 16:20:00,12,6,11,16,20,940,11,MOULIN(RUE JEAN),,,Plein jour,En agglomération,Intersection en T,Normale,Deux véhicules - arrière,,,,,,,,,,,1,2,3,1.0,2
201200046549,0012-06-13 16:30:00,12,6,13,16,30,940,11,"0, SEMARD(RUE PIERRE)",,,Plein jour,En agglomération,Hors intersection,Normale,Autre collision,,,,,,,,,,,1,2,1,1.0,6
201200046550,0012-06-13 08:35:00,12,6,13,8,35,940,28,"40, VERDUN.(AVENUE DE)",,,Plein jour,En agglomération,Hors intersection,Normale,Trois véhicules et plus - collisions multiples,,,,,,,,,,,1,2,1,1.0,5
201200046551,0012-06-15 15:20:00,12,6,15,15,20,940,11,"0, SEMARD(RUE PIERRE)",,,Plein jour,En agglomération,Hors intersection,Pluie légère,Autre collision,,,,,,,,,,,1,2,1,2.0,6
201200046552,0012-06-16 12:28:00,12,6,16,12,28,940,28,"0, ARCOS.(RUE RENE)",,,Plein jour,En agglomération,Intersection en T,Pluie légère,Deux véhicules - côté,,,,,,,,,,,1,2,3,2.0,3
201200046553,0012-06-16 13:00:00,12,6,16,13,0,940,28,"NC, CHAMPEVAL(AVE JEAN-B",,,Plein jour,En agglomération,Intersection en T,Pluie légère,Deux véhicules - côté,,,,,,,,,,,1,2,3,2.0,3
201200046554,0012-06-21 09:45:00,12,6,21,9,45,940,28,"NC, UTRILLO(RUE MAURICE)",,,Plein jour,En agglomération,Hors intersection,Normale,Deux véhicules - côté,,,,,,,,,,,1,2,1,1.0,3
201200046555,0012-06-21 16:10:00,12,6,21,16,10,940,28,AV DU MARECHAL FOCH,48.7782,2.43826,Plein jour,En agglomération,Hors intersection,Normale,Deux véhicules - côté,,,,,,,,,,,1,2,1,1.0,3
201200046556,0012-06-21 19:15:00,12,6,21,19,15,940,28,A86 EXT/AV POMPADOUR,48.7743,2.43879,Plein jour,Hors agglomération,Giratoire,Normale,Deux véhicules - côté,,,,,,,,,,,1,1,6,1.0,3
201200046557,0012-06-25 15:15:00,12,6,25,15,15,940,28,"0, PARIS.(RUE DE)",,,Plein jour,En agglomération,Giratoire,Normale,Deux véhicules - côté,,,,,,,,,,,1,2,6,1.0,3
201200046558,0012-06-25 09:00:00,12,6,25,9,0,940,28,"0, GAULLE(AVENUE DU GENE",,,Plein jour,En agglomération,Intersection en T,Normale,Deux véhicules - côté,,,,,,,,,,,1,2,3,1.0,3
201200046559,0012-06-24 06:30:00,12,6,24,6,30,940,28,GAULLE(AVENUE DU GENERAL,,,Crépuscule ou aube,En agglomération,Giratoire,Pluie légère,Autre collision,,,,,,,,,,,2,2,6,2.0,6
201200046560,0012-06-25 01:10:00,12,6,25,1,10,940,28,HALPERN.(AVENUE BERNARD),,,Nuit avec éclairage allumé,Hors agglomération,Hors intersection,Normale,Autre collision,,,,,,,,,,,5,1,1,1.0,6
201200046561,0012-06-26 09:15:00,12,6,26,9,15,940,28,"00, POMPADOUR(ROUTE DE L",,,Plein jour,En agglomération,Giratoire,Normale,Deux véhicules - côté,,,,,,,,,,,1,2,6,1.0,3
201200046562,0012-06-29 10:45:00,12,6,29,10,45,940,28,CHOISY(ROUTE DE),,,Plein jour,En agglomération,Hors intersection,Normale,Deux véhicules - arrière,,,,,,,,,,,1,2,1,1.0,2
201200046563,0012-07-04 10:05:00,12,7,4,10,5,940,28,"0, RENOIR.(RUE AUGUSTE)",,,Plein jour,En agglomération,Hors intersection,Normale,Autre collision,,,,,,,,,,,1,2,1,1.0,6
201200046564,0012-07-08 05:40:00,12,7,8,5,40,940,28,"0, TASSIGNY(AVE DU MAREC",,,Nuit avec éclairage allumé,En agglomération,Hors intersection,Pluie légère,Autre collision,,,,,,,,,,,5,2,1,2.0,6
201200046565,0012-07-07 22:30:00,12,7,7,22,30,940,28,"0, CASALIS.(AVE DU DR PA",,,Nuit avec éclairage allumé,En agglomération,Hors intersection,Normale,Trois véhicules et plus - en chaîne,,,,,,,,,,,5,2,1,1.0,4
201200046566,0012-06-04 08:30:00,12,6,4,8,30,940,28,MITTERRAND/ROSTAND,,,Plein jour,En agglomération,Intersection en X,Normale,Autre collision,,,,,,,,,,,1,2,2,1.0,6
201200046567,0012-07-12 18:50:00,12,7,12,18,50,940,28,"00, POMPADOUR(ROUTE DE L",,,Plein jour,En agglomération,Hors intersection,Pluie légère,Deux véhicules - arrière,,,,,,,,,,,1,2,1,2.0,2
201200046568,0012-07-18 20:00:00,12,7,18,20,0,940,28,"0, DUHAMEL(RUE GEORGES)",,,Plein jour,En agglomération,Hors intersection,Normale,Autre collision,,,,,,,,,,,1,2,1,1.0,6
201200046569,0012-07-20 19:10:00,12,7,20,19,10,940,11,BOISSY/BICENTENAIRE,,,Plein jour,En agglomération,Intersection en T,Normale,Deux véhicules - côté,,,,,,,,,,,1,2,3,1.0,3
201200046570,0012-07-20 12:00:00,12,7,20,12,0,940,11,"98, PARIS(AVENUE DE)",,,Plein jour,En agglomération,Hors intersection,Normale,Deux véhicules - arrière,,,,,,,,,,,1,2,1,1.0,2
201200046571,0012-07-20 00:40:00,12,7,20,0,40,940,28,"0, MECHES.(RUE DES)",,,Nuit sans éclairage public,En agglomération,Intersection en T,Normale,Deux véhicules - arrière,,,,,,,,,,,3,2,3,1.0,2
201200046572,0012-07-24 18:15:00,12,7,24,18,15,940,28,"142, LECLERC.(RUE DU GEN",,,Plein jour,En agglomération,Hors intersection,Normale,Deux véhicules - arrière,,,,,,,,,,,1,2,1,1.0,2
201200046573,0012-07-25 10:35:00,12,7,25,10,35,940,28,"6, ALLENDE.(PLACE SALVAD",,,Plein jour,En agglomération,Hors intersection,Normale,Autre collision,,,,,,,,,,,1,2,1,1.0,6
201200046574,0012-07-27 14:55:00,12,7,27,14,55,940,11,"NC, ROSTAND.(RUE JEAN)",,,Plein jour,En agglomération,Hors intersection,Normale,Deux véhicules - côté,,,,,,,,,,,1,2,1,1.0,3
201200046575,0012-07-30 01:15:00,12,7,30,1,15,940,28,"NC, HALPERN.(AVENUE BERN",,,Nuit sans éclairage public,En agglomération,Hors intersection,Normale,Deux véhicules - frontale,,,,,,,,,,,3,2,1,1.0,1
201200046576,0012-08-02 20:25:00,12,8,2,20,25,940,28,"0, Duvauchelle (rue Domi",,,Plein jour,En agglomération,Hors intersection,Normale,Autre collision,,,,,,,,,,,1,2,1,1.0,6
201200046577,0012-08-05 17:10:00,12,8,5,17,10,940,28,"0, POMPADOUR(ROUTE DE LA",,,Plein jour,En agglomération,Hors intersection,Normale,Deux véhicules - arrière,,,,,,,,,,,1,2,1,1.0,2
201200046578,0012-08-11 00:10:00,12,8,11,0,10,940,11,"00, CATALAS.(RUE JEAN)",,,Nuit avec éclairage allumé,En agglomération,Hors intersection,Normale,Sans collision,,,,,,,,,,,5,2,1,1.0,7
201200046579,0012-08-26 23:00:00,12,8,26,23,0,940,28,"00, SAVAR.(RUE JULIETTE)",,,Nuit avec éclairage allumé,En agglomération,Hors intersection,Normale,Deux véhicules - frontale,,,,,,,,,,,5,2,1,1.0,1
201200046580,0012-08-27 16:50:00,12,8,27,16,50,940,28,FOCH/FONTAINE ST CHRISTO,48.7802,2.43777,Plein jour,En agglomération,Intersection en X,Normale,Deux véhicules - arrière,,,,,,,,,,,1,2,2,1.0,2
201200046581,0012-08-29 08:50:00,12,8,29,8,50,940,28,"0, LAFERRIERE(AVENUE)",,,Plein jour,En agglomération,Hors intersection,Normale,Autre collision,,,,,,,,,,,1,2,1,1.0,6
201200046582,0012-08-29 13:15:00,12,8,29,13,15,940,28,", GAULLE(AVENUE DU GENER",,,Plein jour,En agglomération,Intersection en T,Normale,Deux véhicules - côté,,,,,,,,,,,1,2,3,1.0,3
201200046583,0012-08-30 08:20:00,12,8,30,8,20,940,11,"00, DIX NEUF MARS 1962(R",,,Plein jour,En agglomération,Hors intersection,Normale,Deux véhicules - frontale,,,,,,,,,,,1,2,1,1.0,1
201200046584,0012-09-09 10:00:00,12,9,9,10,0,940,28,GABIN.(RUE JEAN),,,Plein jour,En agglomération,Hors intersection,Normale,Autre collision,,,,,,,,,,,1,2,1,1.0,6
201200046585,0012-09-10 18:40:00,12,9,10,18,40,940,28,"0, CASALIS.(AVE DU DR PA",,,Plein jour,En agglomération,Hors intersection,Normale,Autre collision,,,,,,,,,,,1,2,1,1.0,6
201200046586,0012-09-07 08:40:00,12,9,7,8,40,940,28,"0, HALPERN.(AVENUE BERNA",,,Plein jour,En agglomération,Hors intersection,Normale,Deux véhicules - côté,,,,,,,,,,,1,2,1,1.0,3
201200046587,0012-09-12 19:00:00,12,9,12,19,0,940,11,"0, ROSTAND.(RUE JEAN)",,,Plein jour,En agglomération,Giratoire,Normale,Deux véhicules - arrière,,,,,,,,,,,1,2,6,1.0,2
201200046588,0012-09-13 13:35:00,12,9,13,13,35,940,11,"0, GAULLE(CARREFOUR CHAR",,,Plein jour,En agglomération,Hors intersection,Temps couvert,Deux véhicules - arrière,,,,,,,,,,,1,2,1,8.0,2
201200046589,0012-09-17 17:30:00,12,9,17,17,30,940,11,"125, STAINS(ROUTE DE)",,,Plein jour,En agglomération,Hors intersection,Normale,Autre collision,,,,,,,,,,,1,2,1,1.0,6
201200046590,0012-09-17 20:20:00,12,9,17,20,20,940,28,"0, GABIN.(RUE JEAN)",,,Nuit avec éclairage allumé,En agglomération,Hors intersection,Normale,Autre collision,,,,,,,,,,,5,2,1,1.0,6
201200046591,0012-09-20 08:00:00,12,9,20,8,0,940,28,"03, BROSSOLETTE(AVENUE P",,,Plein jour,En agglomération,Hors intersection,Normale,Deux véhicules - arrière,,,,,,,,,,,1,2,1,1.0,2
201200046592,0012-09-21 11:50:00,12,9,21,11,50,940,28,"NC, CHOISY(ROUTE DE)",,,Plein jour,En agglomération,Hors intersection,Normale,Autre collision,,,,,,,,,,,1,2,1,1.0,6
201200046593,0012-09-22 12:30:00,12,9,22,12,30,940,28,OUDRY.(BOULVARD JEAN BAP,,,Plein jour,En agglomération,Hors intersection,Normale,Deux véhicules - côté,,,,,,,,,,,1,2,1,1.0,3
201200046594,0012-09-21 10:40:00,12,9,21,10,40,940,28,MATISSE(RUE HENRI),,,Plein jour,En agglomération,Hors intersection,Normale,Deux véhicules - côté,,,,,,,,,,,1,2,1,1.0,3
201200046595,0012-09-21 09:35:00,12,9,21,9,35,940,28,"0, EGLISE.(PLACE DE L')",,,Plein jour,En agglomération,Hors intersection,Normale,Deux véhicules - côté,,,,,,,,,,,1,2,1,1.0,3
201200046596,0012-09-21 11:30:00,12,9,21,11,30,940,28,"01, ROSTAND (rue Jean)",,,Plein jour,En agglomération,Hors intersection,Normale,Deux véhicules - arrière,,,,,,,,,,,1,2,1,1.0,2
201200046597,0012-09-24 14:15:00,12,9,24,14,15,940,28,", EDISON(RUE THOMAS)",,,Nuit avec éclairage allumé,En agglomération,Intersection en T,Pluie légère,Deux véhicules - côté,,,,,,,,,,,5,2,3,2.0,3
201200046598,0012-09-24 12:15:00,12,9,24,12,15,940,28,"0, PONT DE CRETEIL.",,,Plein jour,En agglomération,Hors intersection,Normale,Autre collision,,,,,,,,,,,1,2,1,1.0,6
201200046599,0012-09-26 13:35:00,12,9,26,13,35,940,28,"0, CHOISY(ROUTE DE)",,,Plein jour,En agglomération,Hors intersection,Pluie légère,Deux véhicules - arrière,,,,,,,,,,,1,2,1,2.0,2
201200046600,0012-09-27 09:15:00,12,9,27,9,15,940,28,"01, TASSIGNY(AVE DU MARE",,,Plein jour,En agglomération,Hors intersection,Normale,Deux véhicules - arrière,,,,,,,,,,,1,2,1,1.0,2
201200046601,0012-09-27 17:20:00,12,9,27,17,20,940,28,"00, MITTERAND (Rue Fran?",,,Plein jour,En agglomération,Hors intersection,Normale,Autre collision,,,,,,,,,,,1,2,1,1.0,6
201200046602,0012-09-28 08:40:00,12,9,28,8,40,940,28,"00, POMPADOUR(ROUTE DE L",,,Plein jour,En agglomération,Hors intersection,Normale,Autre collision,,,,,,,,,,,1,2,1,1.0,6
201200046603,0012-09-28 15:45:00,12,9,28,15,45,940,11,"00, SEMARD(RUE PIERRE)",,,Plein jour,En agglomération,Hors intersection,Normale,Deux véhicules - arrière,,,,,,,,,,,1,2,1,1.0,2
201200046604,0012-10-03 16:30:00,12,10,3,16,30,940,11,"0, BOISSY.(AVENUE DE)",,,Plein jour,En agglomération,Hors intersection,Normale,Trois véhicules et plus - collisions multiples,,,,,,,,,,,1,2,1,1.0,5
201200046605,0012-10-05 17:10:00,12,10,5,17,10,940,11,"98, PARIS(AVENUE DE)",,,Plein jour,En agglomération,Hors intersection,Normale,Deux véhicules - arrière,,,,,,,,,,,1,2,1,1.0,2
201200046606,0012-10-09 09:10:00,12,10,9,9,10,940,11,"00, SEMARD(RUE PIERRE)",,,Plein jour,En agglomération,Hors intersection,Normale,Autre collision,,,,,,,,,,,1,2,1,1.0,6
201200046607,0012-10-10 13:10:00,12,10,10,13,10,940,28,"NC, MANET(RUE EDOUARD)",,,Plein jour,Hors agglomération,Hors intersection,Pluie légère,Deux véhicules - côté,,,,,,,,,,,1,1,1,2.0,3
201200046608,0012-10-13 23:15:00,12,10,13,23,15,940,28,CHOISY/FOCH,48.7746,2.43934,Nuit avec éclairage allumé,En agglomération,Giratoire,Pluie légère,Deux véhicules - côté,,,,,,,,,,,5,2,6,2.0,3
201200046609,0012-10-15 15:00:00,12,10,15,15,0,940,28,FOCH/BRETELLE A86,48.7777,2.43837,Plein jour,Hors agglomération,Intersection en T,Normale,Deux véhicules - arrière,,,,,,,,,,,1,1,3,1.0,2
201200046610,0012-10-17 22:00:00,12,10,17,22,0,940,28,TASSIGNY(AVE DU MARECHAL,,,Nuit avec éclairage allumé,En agglomération,Hors intersection,Normale,Autre collision,,,,,,,,,,,5,2,1,1.0,6
201200046611,0012-10-18 07:10:00,12,10,18,7,10,940,28,"00, HALPERN.(AVENUE BERN",,,Crépuscule ou aube,Hors agglomération,Hors intersection,Normale,Autre collision,,,,,,,,,,,2,1,1,1.0,6
201200046612,0012-10-17 08:25:00,12,10,17,8,25,940,11,"0, PARIS(AVENUE DE)",,,Plein jour,En agglomération,Hors intersection,Normale,Autre collision,,,,,,,,,,,1,2,1,1.0,6
201200046613,0012-10-20 17:45:00,12,10,20,17,45,940,11,"0, SEMARD(RUE PIERRE)",,,Plein jour,En agglomération,Hors intersection,Pluie légère,Trois véhicules et plus - en chaîne,,,,,,,,,,,1,2,1,2.0,4
201200046614,0012-10-19 09:43:00,12,10,19,9,43,940,11,"0, VERDUN.(AVENUE DE)",,,Plein jour,En agglomération,Hors intersection,Normale,Autre collision,,,,,,,,,,,1,2,1,1.0,6
201200046615,0012-10-20 01:00:00,12,10,20,1,0,940,11,"0S, SEMARD(RUE PIERRE)",,,Nuit avec éclairage allumé,En agglomération,Hors intersection,Pluie légère,Deux véhicules - côté,,,,,,,,,,,5,2,1,2.0,3
201200046616,0012-10-23 18:13:00,12,10,23,18,13,940,28,"00, ARCOS.(RUE RENE)",,,Plein jour,En agglomération,Hors intersection,Normale,Autre collision,,,,,,,,,,,1,2,1,1.0,6