accident_id,datetime,annee,mois,jour,heure,minute,departement,commune_insee,adresse,latitude,longitude,luminosite,agglomeration,intersection,meteo,collision,nb_vehicules,nb_usagers,nb_indemnes,nb_tues,nb_blesses_hosp,nb_blesses_legers,age_cond_1,age_cond_2,veh_type_cond_1,veh_type_cond_2,lum_code,agg_code,int_code,atm_code,col_code
201200046996,0012-03-19 10:40:00,12,3,19,10,40,940,73,MARIN / ALOUETTES,48.754,2.38634,Plein jour,En agglomération,Intersection en Y,Normale,Deux véhicules - côté,,,,,,,,,,,1,2,4,1.0,3
201200046997,0012-07-03 12:35:00,12,7,3,12,35,940,73,"38, GUSTAVE LEVEILLE (R)",,,Plein jour,En agglomération,Hors intersection,Normale,Autre collision,,,,,,,,,,,1,2,1,1.0,6
201200046998,0012-03-21 20:05:00,12,3,21,20,5,940,38,"124, BD PAUL VAILLANT CO",48.7766,2.3402,Nuit avec éclairage allumé,En agglomération,Hors intersection,Normale,Sans collision,,,,,,,,,,,5,2,1,1.0,7
201200046999,0012-07-06 12:10:00,12,7,6,12,10,940,34,PV COUTURIER/DEPORTATION,,,Plein jour,En agglomération,Intersection à plus de 4 branches,Normale,Trois véhicules et plus - en chaîne,,,,,,,,,,,1,2,5,1.0,4
201200047000,0012-07-06 13:45:00,12,7,6,13,45,940,65,PORTE DE PARAY MIN,,,Plein jour,En agglomération,Hors intersection,Normale,Sans collision,,,,,,,,,,,1,2,1,1.0,7
201200047001,0012-07-06 20:20:00,12,7,6,20,20,940,65,EUROPE (AV DE L),,,Plein jour,En agglomération,Hors intersection,Normale,Deux véhicules - côté,,,,,,,,,,,1,2,1,1.0,3
201200047002,0012-07-07 17:10:00,12,7,7,17,10,940,73,LUXEMBOURG (AV DU),,,Plein jour,En agglomération,Hors intersection,Pluie légère,Autre collision,,,,,,,,,,,1,2,1,2.0,6
201200047003,0012-07-05 17:00:00,12,7,5,17,0,940,65,"3, REPUBLIQUE (AV DE LA)",,,Plein jour,En agglomération,Hors intersection,Pluie légère,Autre collision,,,,,,,,,,,1,2,1,2.0,6
201200047004,0012-07-07 21:10:00,12,7,7,21,10,940,73,RN 186,48.7536,2.37121,Crépuscule ou aube,Hors agglomération,Hors intersection,Pluie légère,Sans collision,,,,,,,,,,,2,1,1,2.0,7
201200047005,0012-07-08 02:15:00,12,7,8,2,15,940,73,LUXEMBOURG (AV DU),,,Nuit avec éclairage allumé,Hors agglomération,Hors intersection,Pluie forte,Autre collision,,,,,,,,,,,5,1,1,3.0,6
201200047006,0012-03-23 18:30:00,12,3,23,18,30,940,73,RPT D'ESPAGNE,48.7553,2.37488,Plein jour,En agglomération,Hors intersection,Normale,Deux véhicules - côté,,,,,,,,,,,1,2,1,1.0,3
201200047007,0012-07-09 11:10:00,12,7,9,11,10,940,65,CHARLES LINDBERGH (AV),,,Plein jour,En agglomération,Hors intersection,Normale,Deux véhicules - arrière,,,,,,,,,,,1,2,1,1.0,2
201200047008,0012-07-11 20:35:00,12,7,11,20,35,940,38,BICETRE (R DE),,,Plein jour,En agglomération,Hors intersection,Normale,Autre collision,,,,,,,,,,,1,2,1,1.0,6
201200047009,0012-07-13 15:15:00,12,7,13,15,15,940,73,LORRAINE (R DE),,,Plein jour,En agglomération,Autre intersection,Normale,Deux véhicules - côté,,,,,,,,,,,1,2,9,1.0,3
201200047010,0012-07-14 17:45:00,12,7,14,17,45,940,34,OTAGES (CHE DES),,,Plein jour,En agglomération,Hors intersection,Normale,Autre collision,,,,,,,,,,,1,2,1,1.0,6
201200047011,0012-03-29 10:20:00,12,3,29,10,20,940,73,MARIN/RD86,48.7553,2.38551,Plein jour,En agglomération,Intersection en Y,Normale,Deux véhicules - côté,,,,,,,,,,,1,2,4,1.0,3
201200047012,0012-03-29 16:25:00,12,3,29,16,25,940,21,"88, AV DU GENERAL DE GAU",48.7717,2.34483,Plein jour,En agglomération,Hors intersection,Normale,Deux véhicules - côté,,,,,,,,,,,1,2,1,1.0,3
201200047013,0012-07-16 21:00:00,12,7,16,21,0,940,73,FONTAINEBLEAU (AV DE),,,Plein jour,En agglomération,Hors intersection,Normale,Sans collision,,,,,,,,,,,1,2,1,1.0,7
201200047014,0012-04-01 20:20:00,12,4,1,20,20,940,21,BERRY (R DU),,,Nuit sans éclairage public,En agglomération,Hors intersection,Normale,Sans collision,,,,,,,,,,,3,2,1,1.0,7
201200047015,0012-04-04 13:20:00,12,4,4,13,20,940,73,BAS MARIN (R DU),,,Plein jour,Hors agglomération,Intersection en T,Normale,Deux véhicules - frontale,,,,,,,,,,,1,1,3,1.0,1
201200047016,0012-07-25 22:50:00,12,7,25,22,50,940,38,COLONEL FABIEN (R DU),,,Nuit avec éclairage allumé,En agglomération,Hors intersection,Normale,Deux véhicules - frontale,,,,,,,,,,,5,2,1,1.0,1
201200047017,0012-07-26 17:40:00,12,7,26,17,40,940,38,VANEL (R),,,Plein jour,En agglomération,Hors intersection,Normale,Deux véhicules - frontale,,,,,,,,,,,1,2,1,1.0,1
201200047018,0012-04-10 15:30:00,12,4,10,15,30,940,38,BICETRE (R DE),,,Plein jour,En agglomération,Hors intersection,Pluie légère,Deux véhicules - côté,,,,,,,,,,,1,2,1,2.0,3
201200047019,0012-04-10 18:55:00,12,4,10,18,55,940,21,JEAN MERMOZ (BD),,,Crépuscule ou aube,En agglomération,Hors intersection,Pluie légère,Deux véhicules - arrière,,,,,,,,,,,2,2,1,2.0,2
201200047020,0012-07-30 09:00:00,12,7,30,9,0,940,21,boulevard delta,,,Plein jour,En agglomération,Autre intersection,Normale,Autre collision,,,,,,,,,,,1,2,9,1.0,6
201200047021,0012-04-11 16:00:00,12,4,11,16,0,940,73,JEAN JAURES (R),,,Plein jour,En agglomération,Intersection en X,Normale,Deux véhicules - frontale,,,,,,,,,,,1,2,2,1.0,1
201200047022,0012-04-12 12:25:00,12,4,12,12,25,940,38,"18, HENRI BARBUSSE (AV)",,,Plein jour,En agglomération,Hors intersection,Normale,Autre collision,,,,,,,,,,,1,2,1,1.0,6
201200047023,0012-08-02 02:50:00,12,8,2,2,50,940,65,RUE DU VIADUC,,,Nuit avec éclairage allumé,Hors agglomération,Intersection en X,Normale,Deux véhicules - côté,,,,,,,,,,,5,1,2,1.0,3
201200047024,0012-08-02 17:40:00,12,8,2,17,40,940,73,"., rond point d'Espagne",,,Plein jour,En agglomération,Intersection en X,Normale,Deux véhicules - côté,,,,,,,,,,,1,2,2,1.0,3
201200047025,0012-04-14 15:15:00,12,4,14,15,15,940,73,GENERAL DE GAULLE (AV DU,,,Plein jour,En agglomération,Intersection en T,Normale,Trois véhicules et plus - collisions multiples,,,,,,,,,,,1,2,3,1.0,5
201200047026,0012-08-06 16:50:00,12,8,6,16,50,940,21,BOULEVARD CIRCULAIRE,,,Plein jour,En agglomération,Hors intersection,Normale,Deux véhicules - côté,,,,,,,,,,,1,2,1,1.0,3
201200047027,0012-10-01 03:40:00,12,10,1,3,40,940,65,RN 186,48.7538,2.36051,Nuit avec éclairage allumé,Hors agglomération,Hors intersection,Normale,Autre collision,,,,,,,,,,,5,1,1,1.0,6
201200047028,0012-10-01 21:15:00,12,10,1,21,15,940,65,Rue du Limousin,,,Nuit sans éclairage public,En agglomération,Autre intersection,Normale,Autre collision,,,,,,,,,,,3,2,9,1.0,6
201200047029,0012-10-02 07:00:00,12,10,2,7,0,940,73,TASSIGNY/GRIGNON,,,Nuit avec éclairage allumé,En agglomération,Intersection en X,Pluie légère,Deux véhicules - frontale,,,,,,,,,,,5,2,2,2.0,1
201200047030,0012-10-03 17:10:00,12,10,3,17,10,940,65,PEPINIERES Av (MIN DE RU,,,Plein jour,En agglomération,Intersection en X,Pluie forte,Deux véhicules - côté,,,,,,,,,,,1,2,2,3.0,3
201200047031,0012-10-04 20:05:00,12,10,4,20,5,940,34,Roosevelt (ROND POINT),,,Nuit avec éclairage allumé,En agglomération,Hors intersection,Pluie forte,Deux véhicules - côté,,,,,,,,,,,5,2,1,3.0,3
201200047032,0012-10-04 08:30:00,12,10,4,8,30,940,21,PLACE MARECHAL DE LATTRE,,,Plein jour,En agglomération,Hors intersection,Pluie forte,Autre collision,,,,,,,,,,,1,2,1,3.0,6
201200047033,0012-10-04 13:20:00,12,10,4,13,20,940,73,BAS MARIN (R DU),,,Plein jour,En agglomération,Intersection en T,Normale,Deux véhicules - côté,,,,,,,,,,,1,2,3,1.0,3
201200047034,0012-10-05 15:15:00,12,10,5,15,15,940,73,GEORGES HALGOULT (R),,,Plein jour,En agglomération,Hors intersection,Normale,Deux véhicules - côté,,,,,,,,,,,1,2,1,1.0,3
201200047035,0012-10-10 13:30:00,12,10,10,13,30,940,21,"100, RUE PAUL HOCHART",,,Plein jour,En agglomération,Hors intersection,Pluie légère,Deux véhicules - arrière,,,,,,,,,,,1,2,1,2.0,2
201200047036,0012-10-12 09:15:00,12,10,12,9,15,940,65,RUE DE NORMANDIE,,,Plein jour,Hors agglomération,Hors intersection,Normale,Autre collision,,,,,,,,,,,1,1,1,1.0,6
201200047037,0012-10-12 16:50:00,12,10,12,16,50,940,65,CHARLES LINDBERGH (AV),,,Plein jour,Hors agglomération,Hors intersection,Normale,Trois véhicules et plus - collisions multiples,,,,,,,,,,,1,1,1,1.0,5
201200047038,0012-10-14 05:00:00,12,10,14,5,0,940,73,FONTAINEBLEAU (AV DE),,,Nuit avec éclairage allumé,En agglomération,Hors intersection,Brouillard / fumée,Trois véhicules et plus - collisions multiples,,,,,,,,,,,5,2,1,5.0,5
201200047039,0012-10-19 07:40:00,12,10,19,7,40,940,65,RN 186,48.7548,2.34813,Crépuscule ou aube,Hors agglomération,Hors intersection,Temps couvert,Deux véhicules - arrière,,,,,,,,,,,2,1,1,8.0,2
201200047040,0012-10-21 22:40:00,12,10,21,22,40,940,38,"06, MADELEINE (R)",,,Nuit avec éclairage allumé,En agglomération,Hors intersection,Normale,Sans collision,,,,,,,,,,,5,2,1,1.0,7
201200047041,0012-10-25 12:35:00,12,10,25,12,35,940,34,"4, ALBERT ROPER (R)",,,Plein jour,En agglomération,Intersection en T,Normale,Autre collision,,,,,,,,,,,1,2,3,1.0,6
201200047042,0012-10-25 18:30:00,12,10,25,18,30,940,65,RN 186,48.7539,2.36739,Nuit sans éclairage public,Hors agglomération,Hors intersection,Normale,Trois véhicules et plus - collisions multiples,,,,,,,,,,,3,1,1,1.0,5
201200047043,0012-10-26 16:20:00,12,10,26,16,20,940,34,"05, HENRI BARBUSSE (R)",,,Plein jour,En agglomération,Hors intersection,Pluie légère,Autre collision,,,,,,,,,,,1,2,1,2.0,6
201200047044,0012-10-29 10:30:00,12,10,29,10,30,940,38,GENERAL DE GAULLE (AV DU,,,Plein jour,En agglomération,Hors intersection,Normale,Deux véhicules - côté,,,,,,,,,,,1,2,1,1.0,3
201200047045,0012-11-05 17:30:00,12,11,5,17,30,940,34,"52, PASTEUR (BD)",,,Nuit sans éclairage public,En agglomération,Hors intersection,Pluie légère,Autre collision,,,,,,,,,,,3,2,1,2.0,6
201200047046,0012-11-07 12:30:00,12,11,7,12,30,940,65,CIRCULAIRE (boulevard),,,Plein jour,En agglomération,Hors intersection,Normale,Autre collision,,,,,,,,,,,1,2,1,1.0,6
201200047047,0012-11-08 23:50:00,12,11,8,23,50,940,73,"02, HELENE MULLER (R)",,,Nuit avec éclairage allumé,En agglomération,Hors intersection,Normale,Autre collision,,,,,,,,,,,5,2,1,1.0,6
201200047048,0012-11-09 13:00:00,12,11,9,13,0,940,65,RN 186,48.7539,2.36562,Plein jour,En agglomération,Hors intersection,Normale,Autre collision,,,,,,,,,,,1,2,1,1.0,6
201200047049,0012-11-09 18:25:00,12,11,9,18,25,940,73,"92, RENE PANHARD (AV)",,,Nuit avec éclairage allumé,En agglomération,Hors intersection,Pluie légère,Autre collision,,,,,,,,,,,5,2,1,2.0,6
201200047050,0012-11-09 19:00:00,12,11,9,19,0,940,73,VERSAILLES (AV DE),,,Nuit avec éclairage allumé,En agglomération,Giratoire,Pluie légère,Deux véhicules - côté,,,,,,,,,,,5,2,6,2.0,3
201200047051,0012-11-10 16:15:00,12,11,10,16,15,940,38,FLOUQUET (AV),,,Plein jour,En agglomération,Intersection en T,Temps couvert,Deux véhicules - côté,,,,,,,,,,,1,2,3,8.0,3
201200047052,0012-11-13 08:00:00,12,11,13,8,0,940,73,GENERAL DE GAULLE (AV DU,,,Plein jour,En agglomération,Intersection en T,Pluie légère,Deux véhicules - arrière,,,,,,,,,,,1,2,3,2.0,2
201200047053,0012-11-15 11:45:00,12,11,15,11,45,940,73,Boulevard du Nord,,,Plein jour,En agglomération,Hors intersection,Normale,Deux véhicules - frontale,,,,,,,,,,,1,2,1,1.0,1
201200047054,0012-11-16 20:05:00,12,11,16,20,5,940,73,"5, VINCENT VAN GOGH (PL)",,,Nuit avec éclairage allumé,En agglomération,Hors intersection,Normale,Autre collision,,,,,,,,,,,5,2,1,1.0,6
201200047055,0012-11-17 13:35:00,12,11,17,13,35,940,73,REPUBLIQUE (VLA DE LA),,,Plein jour,En agglomération,Intersection en X,Normale,Deux véhicules - côté,,,,,,,,,,,1,2,2,1.0,3
201200047056,0012-11-19 09:35:00,12,11,19,9,35,940,21,STALINGRAD (AV DE),,,Plein jour,Hors agglomération,Hors intersection,Normale,Sans collision,,,,,,,,,,,1,1,1,1.0,7
201200047057,0012-11-21 13:00:00,12,11,21,13,0,940,21,"12, GENERAL DE GAULLE (A",,,Plein jour,En agglomération,Autre intersection,Pluie légère,Trois véhicules et plus - collisions multiples,,,,,,,,,,,1,2,9,2.0,5
201200047058,0012-11-23 09:35:00,12,11,23,9,35,940,34,"17, DOCTEUR CHARCOT (R D",,,Plein jour,Hors agglomération,Hors intersection,Normale,Sans collision,,,,,,,,,,,1,1,1,1.0,7
201200047059,0012-11-27 12:20:00,12,11,27,12,20,940,21,GENERAL DE GAULLE (AV DU,,,Plein jour,En agglomération,Giratoire,Pluie légère,Autre collision,,,,,,,,,,,1,2,6,2.0,6
201200047060,0012-11-29 19:40:00,12,11,29,19,40,940,73,boulevard du midi,,,Nuit sans éclairage public,En agglomération,Hors intersection,Normale,Deux véhicules - côté,,,,,,,,,,,3,2,1,1.0,3
201200047061,0012-12-02 10:10:00,12,12,2,10,10,940,21,BOULEVARD CIRCULAIRE,,,Plein jour,Hors agglomération,Hors intersection,Autre,Autre collision,,,,,,,,,,,1,1,1,9.0,6
201200047062,0012-12-03 11:20:00,12,12,3,11,20,940,38,PAUL VAILLANT COUTURIER,,,Plein jour,En agglomération,Intersection en X,Pluie légère,Deux véhicules - frontale,,,,,,,,,,,1,2,2,2.0,1
201200047063,0012-12-05 16:25:00,12,12,5,16,25,940,21,STALINGRAD (AV DE),,,Crépuscule ou aube,En agglomération,Hors intersection,Pluie forte,Sans collision,,,,,,,,,,,2,2,1,3.0,7
201200047064,0012-12-05 19:35:00,12,12,5,19,35,940,38,PAUL VAILLANT COUTURIER,,,Nuit avec éclairage allumé,En agglomération,Autre intersection,Pluie légère,Deux véhicules - frontale,,,,,,,,,,,5,2,9,2.0,1
201200047065,0012-12-06 10:15:00,12,12,6,10,15,940,38,FLOUQUET (AV),,,Plein jour,En agglomération,Intersection en X,Normale,Autre collision,,,,,,,,,,,1,2,2,1.0,6
201200047066,0012-12-11 02:45:00,12,12,11,2,45,940,38,BICETRE (R DE),,,Nuit avec éclairage allumé,En agglomération,Intersection en X,Pluie légère,Deux véhicules - côté,,,,,,,,,,,5,2,2,2.0,3
201200047067,0012-12-12 10:50:00,12,12,12,10,50,940,65,AVENUE DE FLANDRE,,,Plein jour,En agglomération,Hors intersection,Normale,Deux véhicules - arrière,,,,,,,,,,,1,2,1,1.0,2
201200047068,0012-12-12 13:00:00,12,12,12,13,0,940,73,STALINGRAD (BD DE),,,Plein jour,En agglomération,Hors intersection,Normale,Sans collision,,,,,,,,,,,1,2,1,1.0,7
201200047069,0012-12-12 15:45:00,12,12,12,15,45,940,34,PASTEUR (BD),,,Plein jour,En agglomération,Intersection en X,Normale,Deux véhicules - côté,,,,,,,,,,,1,2,2,1.0,3
201200047070,0012-12-18 07:40:00,12,12,18,7,40,940,65,CHARLES LINDBERGH (AV),,,Plein jour,En agglomération,Autre intersection,Pluie légère,Deux véhicules - côté,,,,,,,,,,,1,2,9,2.0,3
201200047071,0012-12-20 10:00:00,12,12,20,10,0,940,21,GEORGES GUYNEMER (AV),,,Plein jour,En agglomération,Hors intersection,Pluie légère,Deux véhicules - arrière,,,,,,,,,,,1,2,1,2.0,2
201200047072,0012-12-20 17:50:00,12,12,20,17,50,940,38,"40, BICETRE (R DE)",,,Crépuscule ou aube,En agglomération,Hors intersection,Pluie légère,Autre collision,,,,,,,,,,,2,2,1,2.0,6
201200047073,0012-12-26 19:15:00,12,12,26,19,15,940,21,GEORGES GUYNEMER (AV),,,Nuit avec éclairage allumé,En agglomération,Hors intersection,Pluie légère,Deux véhicules - arrière,,,,,,,,,,,5,2,1,2.0,2
201200047074,0012-01-02 14:09:00,12,1,2,14,9,940,41,"09, R DU 19 MARS 1962",48.8094,2.37433,Plein jour,En agglomération,Hors intersection,Normale,Autre collision,,,,,,,,,,,1,2,1,1.0,6
201200047075,0012-01-11 17:30:00,12,1,11,17,30,940,41,"140, BD DE STALINGRAD",48.8038,2.37749,Crépuscule ou aube,En agglomération,Hors intersection,Normale,Deux véhicules - côté,,,,,,,,,,,2,2,1,1.0,3
201200047076,0012-01-11 22:55:00,12,1,11,22,55,940,41,"23 BIS, AV PIERRE SEMARD",48.8201,2.37976,Nuit avec éclairage allumé,En agglomération,Hors intersection,Normale,Deux véhicules - côté,,,,,,,,,,,5,2,1,1.0,3
201200047077,0012-01-24 11:40:00,12,1,24,11,40,940,41,"19, R GALILEE",48.8148,2.40229,Plein jour,En agglomération,Hors intersection,Normale,Deux véhicules - côté,,,,,,,,,,,1,2,1,1.0,3
201200047078,0012-01-28 15:00:00,12,1,28,15,0,940,41,MOLIERE/PAPIN,48.8138,2.39543,Plein jour,En agglomération,Intersection en X,Normale,Deux véhicules - côté,,,,,,,,,,,1,2,2,1.0,3
201200047079,0012-01-31 11:00:00,12,1,31,11,0,940,41,GALLEU / BARBUSSE,48.8106,2.37997,Plein jour,En agglomération,Intersection à plus de 4 branches,Normale,Autre collision,,,,,,,,,,,1,2,5,1.0,6
201200047080,0012-02-02 14:50:00,12,2,2,14,50,940,41,CALMETTE / HUON,48.8032,2.38594,Plein jour,En agglomération,Intersection en X,Temps éblouissant,Autre collision,,,,,,,,,,,1,2,2,7.0,6
201200047081,0012-02-04 07:20:00,12,2,4,7,20,940,41,BOYER / BRUNESEAU,48.8251,2.38877,Nuit avec éclairage allumé,Hors agglomération,Intersection en T,Normale,Trois véhicules et plus - en chaîne,,,,,,,,,,,5,1,3,1.0,4
201200047082,0012-02-09 09:50:00,12,2,9,9,50,940,41,MICHELET / MONMOUSSEAU,48.8079,2.37769,Plein jour,En agglomération,Intersection en T,Normale,Autre collision,,,,,,,,,,,1,2,3,1.0,6
201200047083,0012-02-11 19:15:00,12,2,11,19,15,940,41,GALLEU / BARBUSSE,48.8106,2.37997,Nuit avec éclairage allumé,En agglomération,Intersection en X,Temps couvert,Trois véhicules et plus - collisions multiples,,,,,,,,,,,5,2,2,8.0,5
201200047084,0012-02-15 21:55:00,12,2,15,21,55,940,41,CURIE / LANGEVIN,48.8145,2.37393,Nuit avec éclairage allumé,En agglomération,Intersection en T,Pluie légère,Deux véhicules - côté,,,,,,,,,,,5,2,3,2.0,3
201200047085,0012-02-18 23:50:00,12,2,18,23,50,940,41,"03, QU MARCEL BOYER",48.8248,2.38935,Nuit avec éclairage allumé,En agglomération,Hors intersection,Pluie légère,Autre collision,,,,,,,,,,,5,2,1,2.0,6
201200047086,0012-02-20 14:30:00,12,2,20,14,30,940,41,"12, AV DE LA REPUBLIQUE",48.8057,2.39337,Plein jour,En agglomération,Hors intersection,Normale,Deux véhicules - côté,,,,,,,,,,,1,2,1,1.0,3
201200047087,0012-02-21 14:20:00,12,2,21,14,20,940,41,"7, AV DE LA REPUBLIQUE",48.8052,2.39397,Plein jour,En agglomération,Hors intersection,Normale,Autre collision,,,,,,,,,,,1,2,1,1.0,6
201200047088,0012-02-27 02:05:00,12,2,27,2,5,940,41,"209, AV MAURICE THOREZ",48.8118,2.38209,Nuit avec éclairage allumé,En agglomération,Hors intersection,Normale,Sans collision,,,,,,,,,,,5,2,1,1.0,7
201200047089,0012-02-27 18:55:00,12,2,27,18,55,940,41,"74, AV DE VERDUN",48.8086,2.37357,Crépuscule ou aube,En agglomération,Hors intersection,Normale,Autre collision,,,,,,,,,,,2,2,1,1.0,6
201200047090,0012-03-01 20:20:00,12,3,1,20,20,940,41,GOSNAT / MARAT,48.8111,2.38394,Nuit avec éclairage allumé,En agglomération,Intersection en T,Normale,Deux véhicules - côté,,,,,,,,,,,5,2,3,1.0,3
201200047091,0012-02-28 08:10:00,12,2,28,8,10,940,41,"02, BD DU COLONEL FABIEN",48.8146,2.40854,Plein jour,En agglomération,Hors intersection,Normale,Deux véhicules - côté,,,,,,,,,,,1,2,1,1.0,3
201200047092,0012-02-29 12:00:00,12,2,29,12,0,940,41,"22, QU MARCEL BOYER",48.8232,2.39147,Plein jour,En agglomération,Hors intersection,Normale,Autre collision,,,,,,,,,,,1,2,1,1.0,6
201200047093,0012-03-05 19:30:00,12,3,5,19,30,940,41,"25, R CARNOT",48.8081,2.37054,Nuit avec éclairage allumé,En agglomération,Hors intersection,Pluie légère,Sans collision,,,,,,,,,,,5,2,1,2.0,7
201200047094,0012-03-08 12:50:00,12,3,8,12,50,940,41,"19, AV PIERRE SEMARD",48.8203,2.37966,Plein jour,En agglomération,Hors intersection,Normale,Deux véhicules - côté,,,,,,,,,,,1,2,1,1.0,3
201200047095,0012-03-12 15:30:00,12,3,12,15,30,940,41,"27, R VICTOR HUGO",48.8212,2.3899,Plein jour,En agglomération,Hors intersection,Normale,Sans collision,,,,,,,,,,,1,2,1,1.0,7
201200047096,0012-03-14 11:35:00,12,3,14,11,35,940,41,"97, AV GEORGES GOSNAT",48.8118,2.38485,Plein jour,En agglomération,Hors intersection,Normale,Autre collision,,,,,,,,,,,1,2,1,1.0,6
201200047097,0012-03-18 19:50:00,12,3,18,19,50,940,41,QU MARCEL BOYER,48.8238,2.39077,Nuit avec éclairage allumé,En agglomération,Hors intersection,Pluie légère,Deux véhicules - côté,,,,,,,,,,,5,2,1,2.0,3
201200047098,0012-03-18 11:00:00,12,3,18,11,0,940,41,"97 BIS, AV GEORGES GOSNA",48.8119,2.38507,Plein jour,En agglomération,Hors intersection,Normale,Autre collision,,,,,,,,,,,1,2,1,1.0,6
201200047099,0012-03-15 20:30:00,12,3,15,20,30,940,41,"122, R MARCEL HARTMANN",48.8087,2.38115,Nuit avec éclairage allumé,En agglomération,Hors intersection,Normale,Sans collision,,,,,,,,,,,5,2,1,1.0,7
201200047100,0012-03-30 20:40:00,12,3,30,20,40,940,41,"146, BD DE STALINGRAD",48.8041,2.37723,Crépuscule ou aube,En agglomération,Hors intersection,Normale,Autre collision,,,,,,,,,,,2,2,1,1.0,6
201200047101,0012-03-31 21:50:00,12,3,31,21,50,940,41,"33, R JEAN JACQUES ROUSS",48.8159,2.39615,Nuit avec éclairage allumé,En agglomération,Hors intersection,Normale,Autre collision,,,,,,,,,,,5,2,1,1.0,6
201200047102,0012-04-02 15:15:00,12,4,2,15,15,940,41,"23, AMEDEE HUON (R)",,,Plein jour,En agglomération,Hors intersection,Normale,Autre collision,,,,,,,,,,,1,2,1,1.0,6
201200047103,0012-03-28 01:40:00,12,3,28,1,40,940,41,"88, R MOLIERE",48.8174,2.39152,Nuit avec éclairage allumé,En agglomération,Hors intersection,Normale,Deux véhicules - côté,,,,,,,,,,,5,2,1,1.0,3
201200047104,0012-04-06 23:15:00,12,4,6,23,15,940,41,"13, PAUL VAILLANT COUTUR",,,Nuit avec éclairage allumé,En agglomération,Intersection en X,Normale,Trois véhicules et plus - collisions multiples,,,,,,,,,,,5,2,2,1.0,5
201200047105,0012-04-15 08:35:00,12,4,15,8,35,940,41,"19, VERDUN (AV DE)",,,Plein jour,En agglomération,Hors intersection,Normale,Deux véhicules - arrière,,,,,,,,,,,1,2,1,1.0,2
201200047106,0012-04-21 19:30:00,12,4,21,19,30,940,41,"88, VERDUN (AV DE)",,,Plein jour,En agglomération,Hors intersection,Normale,Autre collision,,,,,,,,,,,1,2,1,1.0,6
201200047107,0012-04-18 13:40:00,12,4,18,13,40,940,41,"60, AUGUSTE DESHAIES (QU",,,Plein jour,En agglomération,Intersection en T,Pluie légère,Deux véhicules - côté,,,,,,,,,,,1,2,3,2.0,3
201200047108,0012-04-24 19:50:00,12,4,24,19,50,940,41,"13, SAINT JUST (R)",,,Crépuscule ou aube,En agglomération,Autre intersection,Normale,Autre collision,,,,,,,,,,,2,2,9,1.0,6
201200047109,0012-04-26 18:15:00,12,4,26,18,15,940,41,"1, FRANCOIS MITTERAND",,,Plein jour,En agglomération,Hors intersection,Pluie légère,Deux véhicules - côté,,,,,,,,,,,1,2,1,2.0,3
201200047110,0012-09-27 08:55:00,12,9,27,8,55,940,41,"12, MARCEL BOYER (QU)",,,Plein jour,En agglomération,Hors intersection,Pluie légère,Autre collision,,,,,,,,,,,1,2,1,2.0,6
201200047111,0012-05-03 16:01:00,12,5,3,16,1,940,41,"10, MOISE (R)",,,Plein jour,En agglomération,Intersection en X,Normale,Deux véhicules - côté,,,,,,,,,,,1,2,2,1.0,3
201200047112,0012-04-29 20:30:00,12,4,29,20,30,940,41,"65, MOLIERE (R)",,,Plein jour,En agglomération,Intersection en X,Normale,Autre collision,,,,,,,,,,,1,2,2,1.0,6
201200047113,0012-05-10 10:50:00,12,5,10,10,50,940,41,"13, BARBES (R)",,,Plein jour,En agglomération,Intersection en X,Normale,Deux véhicules - côté,,,,,,,,,,,1,2,2,1.0,3
201200047114,0012-05-13 06:45:00,12,5,13,6,45,940,41,"73, VERDUN (AV DE)",,,Plein jour,En agglomération,Hors intersection,Normale,Deux véhicules - arrière,,,,,,,,,,,1,2,1,1.0,2
201200047115,0012-05-14 19:10:00,12,5,14,19,10,940,41,"79, VERDUN (AV DE)",,,Plein jour,En agglomération,Intersection en X,Normale,Deux véhicules - arrière,,,,,,,,,,,1,2,2,1.0,2
201200047116,0012-04-17 14:30:00,12,4,17,14,30,940,41,"12, MARCEL BOYER (QU)",,,Plein jour,En agglomération,Hors intersection,Pluie forte,Deux véhicules - arrière,,,,,,,,,,,1,2,1,3.0,2
201200047117,0012-05-14 07:45:00,12,5,14,7,45,940,41,"11, HENRI BARBUSSE (AV)",,,Plein jour,En agglomération,Intersection en X,Normale,Deux véhicules - côté,,,,,,,,,,,1,2,2,1.0,3
201200047118,0012-05-15 11:10:00,12,5,15,11,10,940,41,"75, PAUL VAILLANT COUTUR",,,Plein jour,En agglomération,Autre intersection,Temps couvert,Deux véhicules - côté,,,,,,,,,,,1,2,9,8.0,3
201200047119,0012-05-23 15:15:00,12,5,23,15,15,940,41,"87, MARAT (R)",,,Plein jour,En agglomération,Hors intersection,Normale,Deux véhicules - côté,,,,,,,,,,,1,2,1,1.0,3
201200047120,0012-05-23 14:40:00,12,5,23,14,40,940,41,"64, GEORGES GOSNAT (AV)",,,Plein jour,En agglomération,Hors intersection,Normale,Sans collision,,,,,,,,,,,1,2,1,1.0,7
201200047121,0012-05-29 13:10:00,12,5,29,13,10,940,41,"07, BARBES (R)",,,Plein jour,En agglomération,Hors intersection,Normale,Autre collision,,,,,,,,,,,1,2,1,1.0,6
201200047122,0012-06-01 09:35:00,12,6,1,9,35,940,41,"42, VICTOR HUGO (R)",,,Plein jour,En agglomération,Hors intersection,Normale,Autre collision,,,,,,,,,,,1,2,1,1.0,6