accident_id,datetime,annee,mois,jour,heure,minute,departement,commune_insee,adresse,latitude,longitude,luminosite,agglomeration,intersection,meteo,collision,nb_vehicules,nb_usagers,nb_indemnes,nb_tues,nb_blesses_hosp,nb_blesses_legers,age_cond_1,age_cond_2,veh_type_cond_1,veh_type_cond_2,lum_code,agg_code,int_code,atm_code,col_code
201200047378,0012-11-21 15:45:00,12,11,21,15,45,940,52,", GAMBETTA (BD)",,,Plein jour,En agglomération,Hors intersection,Temps couvert,Deux véhicules - côté,,,,,,,,,,,1,2,1,8.0,3
201200047379,0012-11-22 09:10:00,12,11,22,9,10,940,58,"167, ALSACE LORRAINE (BD",,,Plein jour,En agglomération,Hors intersection,Normale,Trois véhicules et plus - collisions multiples,,,,,,,,,,,1,2,1,1.0,5
201200047380,0012-11-23 11:50:00,12,11,23,11,50,940,42,"38, GENERAL GALLIENI (AV",,,Plein jour,En agglomération,Hors intersection,Pluie légère,Autre collision,,,,,,,,,,,1,2,1,2.0,6
201200047381,0012-11-23 18:35:00,12,11,23,18,35,940,58,GENERAL DE GAULLE (AV DU,,,Nuit avec éclairage allumé,En agglomération,Hors intersection,Pluie légère,Autre collision,,,,,,,,,,,5,2,1,2.0,6
201200047382,0012-12-04 12:10:00,12,12,4,12,10,940,15,"177, PASTEUR (BD)",,,Plein jour,En agglomération,Intersection en X,Temps couvert,Autre collision,,,,,,,,,,,1,2,2,8.0,6
201200047383,0012-12-12 17:40:00,12,12,12,17,40,940,52,CHARLES DE GAULLE (GRAND,,,Crépuscule ou aube,En agglomération,Hors intersection,Autre,Trois véhicules et plus - collisions multiples,,,,,,,,,,,2,2,1,9.0,5
201200047384,0012-12-13 08:00:00,12,12,13,8,0,940,42,PIERRE MENDES FRANCE (AV,,,Plein jour,En agglomération,Hors intersection,Normale,Autre collision,,,,,,,,,,,1,2,1,1.0,6
201200047385,0012-12-14 13:15:00,12,12,14,13,15,940,52,"148, STRASBOURG (BD DE)",,,Plein jour,Hors agglomération,Hors intersection,Pluie forte,Autre collision,,,,,,,,,,,1,1,1,3.0,6
201200047386,0012-12-18 10:50:00,12,12,18,10,50,940,52,STRASBOURG (BD DE),,,Plein jour,En agglomération,Hors intersection,Normale,Deux véhicules - côté,,,,,,,,,,,1,2,1,1.0,3
201200047387,0012-12-20 08:20:00,12,12,20,8,20,940,52,STRASBOURG - PL DU GENER,,,Crépuscule ou aube,En agglomération,Hors intersection,Pluie légère,Deux véhicules - côté,,,,,,,,,,,2,2,1,2.0,3
201200047388,0012-12-20 11:30:00,12,12,20,11,30,940,52,L'EUROPE (PL DE),,,Plein jour,En agglomération,Autre intersection,Pluie légère,Sans collision,,,,,,,,,,,1,2,9,2.0,7
201200047389,0012-12-27 19:00:00,12,12,27,19,0,940,52,"2 bis, STRASBOURG (BD DE",,,Nuit avec éclairage allumé,En agglomération,Hors intersection,Vent fort / tempête,Autre collision,,,,,,,,,,,5,2,1,6.0,6
201200047390,0012-12-28 11:15:00,12,12,28,11,15,940,58,ONZE NOVEMBRE (AV DU),,,Plein jour,En agglomération,Intersection en T,Pluie légère,Autre collision,,,,,,,,,,,1,2,3,2.0,6
201200047391,0012-01-03 16:00:00,12,1,3,16,0,940,68,CORNEILLES / RASPAIL,48.7858,2.49219,Plein jour,En agglomération,Intersection en X,Normale,Deux véhicules - côté,,,,,,,,,,,1,2,2,1.0,3
201200047392,0012-01-05 19:50:00,12,1,5,19,50,940,68,FOCH/GABRIELLE.,48.8042,2.4869,Nuit avec éclairage allumé,En agglomération,Intersection en T,Normale,Autre collision,,,,,,,,,,,5,2,3,1.0,6
201200047393,0012-01-11 11:40:00,12,1,11,11,40,940,68,QUINET / ADAM,48.7917,2.49446,Plein jour,En agglomération,Intersection en X,Normale,Deux véhicules - côté,,,,,,,,,,,1,2,2,1.0,3
201200047394,0012-01-14 12:30:00,12,1,14,12,30,940,68,MIDI / ROCHER,48.8004,2.49991,Plein jour,En agglomération,Intersection en X,Normale,Deux véhicules - côté,,,,,,,,,,,1,2,2,1.0,3
201200047395,0012-01-14 09:00:00,12,1,14,9,0,940,68,CONDE/PERI,48.8089,2.48623,Plein jour,En agglomération,Intersection en T,Normale,Autre collision,,,,,,,,,,,1,2,3,1.0,6
201200047396,0012-01-16 08:00:00,12,1,16,8,0,940,68,R DU PETIT BEAUBOURG,48.8142,2.47323,Plein jour,En agglomération,Hors intersection,Normale,Autre collision,,,,,,,,,,,1,2,1,1.0,6
201200047397,0012-01-16 09:45:00,12,1,16,9,45,940,68,BD DE CRETEIL,48.7993,2.47254,Plein jour,En agglomération,Intersection en T,Normale,Deux véhicules - côté,,,,,,,,,,,1,2,3,1.0,3
201200047398,0012-02-03 17:45:00,12,2,3,17,45,940,68,SOLFERINO / CRETEIL,48.798,2.49319,Crépuscule ou aube,En agglomération,Intersection en T,Normale,Deux véhicules - arrière,,,,,,,,,,,2,2,3,1.0,2
201200047399,0012-02-20 08:45:00,12,2,20,8,45,940,68,ANATOLE FRANCE/PLATEAU,48.8083,2.50053,Plein jour,En agglomération,Intersection en X,Normale,Deux véhicules - côté,,,,,,,,,,,1,2,2,1.0,3
201200047400,0012-02-21 09:35:00,12,2,21,9,35,940,68,"116, AV DU BAC",48.7915,2.51937,Plein jour,En agglomération,Hors intersection,Normale,Sans collision,,,,,,,,,,,1,2,1,1.0,7
201200047401,0012-02-22 11:10:00,12,2,22,11,10,940,68,"63, AV DU BAC",48.7948,2.51066,Plein jour,En agglomération,Hors intersection,Normale,Trois véhicules et plus - en chaîne,,,,,,,,,,,1,2,1,1.0,4
201200047402,0012-03-05 14:50:00,12,3,5,14,50,940,68,CHOLET / HOWE,48.793,2.48284,Plein jour,En agglomération,Intersection en X,Normale,Deux véhicules - côté,,,,,,,,,,,1,2,2,1.0,3
201200047403,0012-03-09 22:30:00,12,3,9,22,30,940,68,TASSIGNY / RESERVOIR,48.8068,2.49625,Nuit avec éclairage allumé,En agglomération,Intersection en X,Normale,Deux véhicules - côté,,,,,,,,,,,5,2,2,1.0,3
201200047404,0012-03-15 15:25:00,12,3,15,15,25,940,68,RADIGUET / THIERS,48.8031,2.51918,Plein jour,En agglomération,Intersection à plus de 4 branches,Normale,Deux véhicules - côté,,,,,,,,,,,1,2,5,1.0,3
201200047405,0012-03-20 09:05:00,12,3,20,9,5,940,68,CLOS / CAFFIN,48.7933,2.50252,Plein jour,En agglomération,Intersection en X,Normale,Deux véhicules - côté,,,,,,,,,,,1,2,2,1.0,3
201200047406,0012-03-22 17:05:00,12,3,22,17,5,940,68,MUN / ROUX,48.7872,2.48853,Plein jour,En agglomération,Intersection en X,Normale,Deux véhicules - côté,,,,,,,,,,,1,2,2,1.0,3
201200047407,0012-03-26 10:50:00,12,3,26,10,50,940,68,CHAMPIGNY / NOVEMBRE,48.8078,2.50909,Plein jour,En agglomération,Intersection en X,Normale,Deux véhicules - arrière,,,,,,,,,,,1,2,2,1.0,2
201200047408,0012-03-27 17:45:00,12,3,27,17,45,940,68,"58, BD DU GENERAL GIRAUD",48.7951,2.47688,Plein jour,En agglomération,Hors intersection,Normale,Autre collision,,,,,,,,,,,1,2,1,1.0,6
201200047409,0012-03-27 22:40:00,12,3,27,22,40,940,68,"96, BAC/PCE STALINGRAD",48.7927,2.51671,Nuit avec éclairage allumé,En agglomération,Intersection en X,Normale,Deux véhicules - arrière,,,,,,,,,,,5,2,2,1.0,2
201200047410,0012-03-29 11:40:00,12,3,29,11,40,940,68,MOULIN / BAC,48.7979,2.50284,Plein jour,En agglomération,Place,Normale,Deux véhicules - arrière,,,,,,,,,,,1,2,7,1.0,2
201200047411,0012-04-06 15:45:00,12,4,6,15,45,940,68,DOCTEUR ROUX (R DU),,,Plein jour,En agglomération,Hors intersection,Normale,Deux véhicules - côté,,,,,,,,,,,1,2,1,1.0,3
201200047412,0012-04-08 21:15:00,12,4,8,21,15,940,68,MARNE (BD DE LA),,,Nuit avec éclairage allumé,En agglomération,Hors intersection,Pluie légère,Deux véhicules - côté,,,,,,,,,,,5,2,1,2.0,3
201200047413,0012-04-11 12:40:00,12,4,11,12,40,940,68,"20, PIERRE BROSSOLETTE (",,,Plein jour,En agglomération,Hors intersection,Normale,Autre collision,,,,,,,,,,,1,2,1,1.0,6
201200047414,0012-04-11 18:10:00,12,4,11,18,10,940,68,CHAMPIGNY (BD DE),,,Plein jour,En agglomération,Hors intersection,Pluie légère,Deux véhicules - côté,,,,,,,,,,,1,2,1,2.0,3
201200047415,0012-04-13 07:50:00,12,4,13,7,50,940,68,LOUIS BLANC (AV),,,Plein jour,En agglomération,Hors intersection,Normale,Deux véhicules - côté,,,,,,,,,,,1,2,1,1.0,3
201200047416,0012-04-21 17:05:00,12,4,21,17,5,940,68,GENERAL GIRAUD (BD DU),,,Plein jour,En agglomération,Hors intersection,Normale,Deux véhicules - arrière,,,,,,,,,,,1,2,1,1.0,2
201200047417,0012-04-25 13:10:00,12,4,25,13,10,940,68,"179, CRETEIL (BD DE)",,,Plein jour,En agglomération,Hors intersection,Pluie légère,Deux véhicules - côté,,,,,,,,,,,1,2,1,2.0,3
201200047418,0012-04-25 18:20:00,12,4,25,18,20,940,68,"31, PIE (QU DE LA)",,,Plein jour,En agglomération,Hors intersection,Pluie légère,Deux véhicules - côté,,,,,,,,,,,1,2,1,2.0,3
201200047419,0012-04-28 04:25:00,12,4,28,4,25,940,68,"38, CONDE (AV DE)",,,Nuit avec éclairage allumé,En agglomération,Hors intersection,Autre,Autre collision,,,,,,,,,,,5,2,1,9.0,6
201200047420,0012-05-01 11:10:00,12,5,1,11,10,940,68,"0, RIMINI (PL DE)",,,Plein jour,En agglomération,Place,Normale,Autre collision,,,,,,,,,,,1,2,7,1.0,6
201200047421,0012-05-02 14:15:00,12,5,2,14,15,940,68,BAC/VIOLLET LE DUC,,,Plein jour,En agglomération,Intersection en X,Pluie légère,Trois véhicules et plus - collisions multiples,,,,,,,,,,,1,2,2,2.0,5
201200047422,0012-05-03 12:35:00,12,5,3,12,35,940,68,"44, AV DE CONDE",,,Plein jour,En agglomération,Hors intersection,Pluie légère,Autre collision,,,,,,,,,,,1,2,1,2.0,6
201200047423,0012-05-03 11:00:00,12,5,3,11,0,940,68,BEAUCE/L'ERMITAGE,,,Plein jour,En agglomération,Intersection en X,Temps couvert,Deux véhicules - côté,,,,,,,,,,,1,2,2,8.0,3
201200047424,0012-05-04 18:30:00,12,5,4,18,30,940,68,"91, BD RABELAIS",,,Plein jour,En agglomération,Hors intersection,Pluie légère,Trois véhicules et plus - collisions multiples,,,,,,,,,,,1,2,1,2.0,5
201200047425,0012-05-05 07:30:00,12,5,5,7,30,940,68,R DU PONT DE CRETEIL,,,Plein jour,En agglomération,Hors intersection,Autre,Sans collision,,,,,,,,,,,1,2,1,9.0,7
201200047426,0012-05-11 17:15:00,12,5,11,17,15,940,68,CRETEIL/GIRAUD,,,Plein jour,En agglomération,Intersection en Y,Normale,Deux véhicules - côté,,,,,,,,,,,1,2,4,1.0,3
201200047427,0012-05-17 04:05:00,12,5,17,4,5,940,68,"120, AV DE MARINVILLE",48.8057,2.48311,Nuit avec éclairage allumé,En agglomération,Hors intersection,Normale,Autre collision,,,,,,,,,,,5,2,1,1.0,6
201200047428,0012-05-17 22:45:00,12,5,17,22,45,940,68,"38, R DES COTEAUX",,,Nuit avec éclairage allumé,En agglomération,Hors intersection,Normale,Autre collision,,,,,,,,,,,5,2,1,1.0,6
201200047429,0012-05-21 12:02:00,12,5,21,12,2,940,68,FALONNIERES/MOULIN,,,Plein jour,En agglomération,Intersection en X,Pluie forte,Deux véhicules - côté,,,,,,,,,,,1,2,2,3.0,3
201200047430,0012-05-22 15:40:00,12,5,22,15,40,940,68,CRETEIL/GIRAUD,,,Plein jour,En agglomération,Intersection en Y,Normale,Deux véhicules - côté,,,,,,,,,,,1,2,4,1.0,3
201200047431,0012-05-24 10:02:00,12,5,24,10,2,940,68,MARINVILLE/CAVAIGNAC,,,Plein jour,En agglomération,Intersection en X,Normale,Deux véhicules - côté,,,,,,,,,,,1,2,2,1.0,3
201200047432,0012-05-24 18:15:00,12,5,24,18,15,940,68,VILLIERS/PARC,,,Plein jour,En agglomération,Intersection en T,Normale,Autre collision,,,,,,,,,,,1,2,3,1.0,6
201200047433,0012-05-25 17:00:00,12,5,25,17,0,940,68,CAVELL/FAIDHERBE,,,Plein jour,En agglomération,Intersection en X,Normale,Deux véhicules - côté,,,,,,,,,,,1,2,2,1.0,3
201200047434,0012-05-29 21:45:00,12,5,29,21,45,940,68,"43, QU WINSTON CHURCHILL",,,Nuit sans éclairage public,En agglomération,Hors intersection,Normale,Autre collision,,,,,,,,,,,3,2,1,1.0,6
201200047435,0012-05-31 20:55:00,12,5,31,20,55,940,68,LAUZIERE/CARNOT,,,Crépuscule ou aube,En agglomération,Intersection à plus de 4 branches,Normale,Deux véhicules - côté,,,,,,,,,,,2,2,5,1.0,3
201200047436,0012-06-02 17:55:00,12,6,2,17,55,940,68,CONDE (AV DE),,,Plein jour,En agglomération,Hors intersection,Normale,Deux véhicules - côté,,,,,,,,,,,1,2,1,1.0,3
201200047437,0012-06-08 19:50:00,12,6,8,19,50,940,68,MISS CAVELL (AV),,,Plein jour,En agglomération,Hors intersection,Normale,Deux véhicules - côté,,,,,,,,,,,1,2,1,1.0,3
201200047438,0012-06-10 06:05:00,12,6,10,6,5,940,68,"123, WINSTON CHURCHILL (",,,Plein jour,En agglomération,Hors intersection,Normale,Autre collision,,,,,,,,,,,1,2,1,1.0,6
201200047439,0012-06-18 17:40:00,12,6,18,17,40,940,68,"03BIS, FOCH (AV)",,,Plein jour,En agglomération,Hors intersection,Normale,Deux véhicules - côté,,,,,,,,,,,1,2,1,1.0,3
201200047440,0012-06-19 21:30:00,12,6,19,21,30,940,68,BUFFON (R DE),,,Crépuscule ou aube,En agglomération,Intersection en X,Pluie légère,Autre collision,,,,,,,,,,,2,2,2,2.0,6
201200047441,0012-06-20 06:35:00,12,6,20,6,35,940,68,BAC (AV DU),,,Plein jour,En agglomération,Hors intersection,Normale,Deux véhicules - côté,,,,,,,,,,,1,2,1,1.0,3
201200047442,0012-06-26 16:40:00,12,6,26,16,40,940,68,"60, CRETEIL (BD DE)",,,Plein jour,En agglomération,Hors intersection,Normale,Autre collision,,,,,,,,,,,1,2,1,1.0,6
201200047443,0012-07-01 18:50:00,12,7,1,18,50,940,68,CONDE (AV DE),,,Plein jour,En agglomération,Hors intersection,Normale,Deux véhicules - frontale,,,,,,,,,,,1,2,1,1.0,1
201200047444,0012-07-04 08:00:00,12,7,4,8,0,940,68,"0, CHAMPIGNY (BD DE)",,,Plein jour,En agglomération,Hors intersection,Normale,Deux véhicules - côté,,,,,,,,,,,1,2,1,1.0,3
201200047445,0012-07-05 12:25:00,12,7,5,12,25,940,68,"16, FOCH (AV)",,,Plein jour,En agglomération,Hors intersection,Normale,Autre collision,,,,,,,,,,,1,2,1,1.0,6
201200047446,0012-07-09 20:25:00,12,7,9,20,25,940,68,POTAGER (AV DU),,,Crépuscule ou aube,En agglomération,Intersection en X,Normale,Deux véhicules - côté,,,,,,,,,,,2,2,2,1.0,3
201200047447,0012-07-10 17:10:00,12,7,10,17,10,940,68,"87, FOCH (AV)",,,Plein jour,En agglomération,Hors intersection,Normale,Deux véhicules - côté,,,,,,,,,,,1,2,1,1.0,3
201200047448,0012-07-11 06:15:00,12,7,11,6,15,940,68,MARNE (BD DE LA),,,Plein jour,En agglomération,Intersection en X,Normale,Deux véhicules - côté,,,,,,,,,,,1,2,2,1.0,3
201200047449,0012-07-11 17:10:00,12,7,11,17,10,940,68,"104, MARNE (BD DE LA)",,,Plein jour,En agglomération,Hors intersection,Normale,Sans collision,,,,,,,,,,,1,2,1,1.0,7
201200047450,0012-07-12 20:50:00,12,7,12,20,50,940,68,CHAMPIGNY (BD DE),,,Crépuscule ou aube,En agglomération,Hors intersection,Pluie légère,Deux véhicules - côté,,,,,,,,,,,2,2,1,2.0,3
201200047451,0012-07-12 19:00:00,12,7,12,19,0,940,68,"02, POTAGER (AV DU)",,,Plein jour,En agglomération,Hors intersection,Pluie légère,Autre collision,,,,,,,,,,,1,2,1,2.0,6
201200047452,0012-07-13 11:25:00,12,7,13,11,25,940,68,"136, CRETEIL (BD DE)",,,Plein jour,En agglomération,Hors intersection,Normale,Autre collision,,,,,,,,,,,1,2,1,1.0,6
201200047453,0012-07-23 17:00:00,12,7,23,17,0,940,68,BAC (AV DU),,,Plein jour,En agglomération,Intersection en T,Normale,Deux véhicules - côté,,,,,,,,,,,1,2,3,1.0,3
201200047454,0012-07-23 19:05:00,12,7,23,19,5,940,68,PONT DE CRETEIL (R DU),,,Plein jour,En agglomération,Hors intersection,Normale,Deux véhicules - arrière,,,,,,,,,,,1,2,1,1.0,2
201200047455,0012-07-25 19:05:00,12,7,25,19,5,940,68,"01, CONDE (AV DE)",,,Plein jour,En agglomération,Hors intersection,Normale,Deux véhicules - frontale,,,,,,,,,,,1,2,1,1.0,1
201200047456,0012-08-10 19:10:00,12,8,10,19,10,940,68,PL JEAN MOULIN,,,Plein jour,En agglomération,Giratoire,Normale,Deux véhicules - côté,,,,,,,,,,,1,2,6,1.0,3
201200047457,0012-08-14 16:55:00,12,8,14,16,55,940,68,GARIBALDI (R),,,Plein jour,En agglomération,Hors intersection,Normale,Autre collision,,,,,,,,,,,1,2,1,1.0,6
201200047458,0012-08-16 14:40:00,12,8,16,14,40,940,68,"20, FOUR (R DU)",,,Plein jour,En agglomération,Hors intersection,Normale,Autre collision,,,,,,,,,,,1,2,1,1.0,6
201200047459,0012-08-16 17:10:00,12,8,16,17,10,940,68,VICTOR HUGO (AV),,,Plein jour,En agglomération,Intersection en X,Normale,Autre collision,,,,,,,,,,,1,2,2,1.0,6
201200047460,0012-08-17 17:40:00,12,8,17,17,40,940,68,GEORGES CLEMENCEAU (R),,,Plein jour,En agglomération,Intersection en X,Normale,Deux véhicules - côté,,,,,,,,,,,1,2,2,1.0,3
201200047461,0012-08-20 02:10:00,12,8,20,2,10,940,68,LOUIS BLANC (AV),,,Nuit avec éclairage allumé,En agglomération,Hors intersection,Normale,Deux véhicules - côté,,,,,,,,,,,5,2,1,1.0,3
201200047462,0012-08-24 12:40:00,12,8,24,12,40,940,68,AUGUSTE MARIN (AV),,,Plein jour,En agglomération,Intersection en X,Normale,Deux véhicules - côté,,,,,,,,,,,1,2,2,1.0,3
201200047463,0012-08-25 03:20:00,12,8,25,3,20,940,68,"3, VARENNE (R DE LA)",,,Nuit avec éclairage allumé,En agglomération,Hors intersection,Pluie légère,Sans collision,,,,,,,,,,,5,2,1,2.0,7
201200047464,0012-08-31 15:30:00,12,8,31,15,30,940,68,"9, GENERAL LECLERC (AV D",,,Plein jour,En agglomération,Hors intersection,Normale,Autre collision,,,,,,,,,,,1,2,1,1.0,6
201200047465,0012-08-31 22:40:00,12,8,31,22,40,940,68,"87, CENTENAIRE (AV DU)",,,Nuit avec éclairage non allumé,En agglomération,Hors intersection,Normale,Autre collision,,,,,,,,,,,4,2,1,1.0,6
201200047466,0012-09-04 10:05:00,12,9,4,10,5,940,68,MAURICE BERTEAUX (BD),,,Plein jour,En agglomération,Hors intersection,Normale,Deux véhicules - côté,,,,,,,,,,,1,2,1,1.0,3
201200047467,0012-09-09 14:50:00,12,9,9,14,50,940,68,SAINT LOUIS (AV),,,Plein jour,En agglomération,Intersection en X,Normale,Deux véhicules - côté,,,,,,,,,,,1,2,2,1.0,3
201200047468,0012-09-14 08:50:00,12,9,14,8,50,940,68,"0, RABELAIS (BD)",,,Plein jour,En agglomération,Hors intersection,Normale,Autre collision,,,,,,,,,,,1,2,1,1.0,6
201200047469,0012-09-16 02:50:00,12,9,16,2,50,940,68,"44 TER, BELLECHASSE (BD",,,Nuit avec éclairage allumé,En agglomération,Hors intersection,Normale,Autre collision,,,,,,,,,,,5,2,1,1.0,6
201200047470,0012-09-14 13:40:00,12,9,14,13,40,940,68,", GAMBETTA (AV)",,,Plein jour,En agglomération,Hors intersection,Normale,Autre collision,,,,,,,,,,,1,2,1,1.0,6
201200047471,0012-09-14 22:00:00,12,9,14,22,0,940,68,CRETEIL (BD DE),,,Nuit avec éclairage allumé,En agglomération,Intersection en X,Pluie légère,Deux véhicules - côté,,,,,,,,,,,5,2,2,2.0,3
201200047472,0012-09-21 09:40:00,12,9,21,9,40,940,68,EDOUARD VALLERAND (R),,,Plein jour,En agglomération,Intersection en X,Normale,Deux véhicules - côté,,,,,,,,,,,1,2,2,1.0,3
201200047473,0012-10-02 08:50:00,12,10,2,8,50,940,68,JEAN JAURES (AV),,,Plein jour,En agglomération,Intersection en X,Normale,Deux véhicules - arrière,,,,,,,,,,,1,2,2,1.0,2
201200047474,0012-10-06 12:55:00,12,10,6,12,55,940,68,CRETEIL (BD DE),,,Plein jour,En agglomération,Hors intersection,Normale,Deux véhicules - arrière,,,,,,,,,,,1,2,1,1.0,2
201200047475,0012-10-08 09:10:00,12,10,8,9,10,940,68,"6 BIS, CRETEIL (BD DE)",,,Plein jour,En agglomération,Hors intersection,Pluie légère,Deux véhicules - arrière,,,,,,,,,,,1,2,1,2.0,2
201200047476,0012-10-08 15:50:00,12,10,8,15,50,940,68,"3 BIS, ANDRE BOLLIER (R)",,,Plein jour,En agglomération,Hors intersection,Pluie légère,Autre collision,,,,,,,,,,,1,2,1,2.0,6
201200047477,0012-10-16 09:35:00,12,10,16,9,35,940,68,"21, DIDEROT (AV)",,,Plein jour,En agglomération,Hors intersection,Pluie légère,Autre collision,,,,,,,,,,,1,2,1,2.0,6
201200047478,0012-10-17 14:00:00,12,10,17,14,0,940,68,"46, RABELAIS (BD)",,,Plein jour,En agglomération,Hors intersection,Pluie légère,Trois véhicules et plus - collisions multiples,,,,,,,,,,,1,2,1,2.0,5
201200047479,0012-10-18 08:20:00,12,10,18,8,20,940,68,PONT DE CRETEIL (R DU),,,Crépuscule ou aube,En agglomération,Hors intersection,Pluie légère,Autre collision,,,,,,,,,,,2,2,1,2.0,6
201200047480,0012-10-18 22:10:00,12,10,18,22,10,940,68,CRETEIL (BD DE),,,Nuit sans éclairage public,En agglomération,Hors intersection,Normale,Deux véhicules - frontale,,,,,,,,,,,3,2,1,1.0,1
201200047481,0012-10-23 10:15:00,12,10,23,10,15,940,68,"185, CRETEIL (BD DE)",,,Plein jour,En agglomération,Hors intersection,Normale,Deux véhicules - côté,,,,,,,,,,,1,2,1,1.0,3
201200047482,0012-10-23 10:20:00,12,10,23,10,20,940,68,"2, MAURICE BERTEAUX (BD)",,,Plein jour,En agglomération,Hors intersection,Normale,Autre collision,,,,,,,,,,,1,2,1,1.0,6
201200047483,0012-10-26 19:50:00,12,10,26,19,50,940,68,"29, SAPINS (AV DES)",,,Nuit avec éclairage allumé,En agglomération,Hors intersection,Normale,Autre collision,,,,,,,,,,,5,2,1,1.0,6
201200047484,0012-10-27 11:50:00,12,10,27,11,50,940,68,BONNEUIL (AV DE),,,Plein jour,En agglomération,Intersection en X,Normale,Deux véhicules - côté,,,,,,,,,,,1,2,2,1.0,3
201200047485,0012-10-28 17:55:00,12,10,28,17,55,940,68,CARNOT (AV),,,Plein jour,En agglomération,Hors intersection,Normale,Autre collision,,,,,,,,,,,1,2,1,1.0,6
201200047486,0012-10-30 20:20:00,12,10,30,20,20,940,68,BONNEUIL (AV DE),,,Nuit avec éclairage allumé,En agglomération,Hors intersection,Normale,Deux véhicules - arrière,,,,,,,,,,,5,2,1,1.0,2
201200047487,0012-11-01 20:05:00,12,11,1,20,5,940,68,VARENNE (R DE LA),,,Nuit avec éclairage allumé,En agglomération,Intersection en X,Pluie légère,Deux véhicules - côté,,,,,,,,,,,5,2,2,2.0,3
201200047488,0012-11-03 20:00:00,12,11,3,20,0,940,68,CRETEIL (BD DE),,,Nuit avec éclairage allumé,En agglomération,Giratoire,Normale,Deux véhicules - côté,,,,,,,,,,,5,2,6,1.0,3
201200047489,0012-11-04 22:05:00,12,11,4,22,5,940,68,ALMA (AV DE L),,,Nuit avec éclairage allumé,En agglomération,Intersection en X,Normale,Deux véhicules - côté,,,,,,,,,,,5,2,2,1.0,3
201200047490,0012-11-05 17:40:00,12,11,5,17,40,940,68,"15, MESNIL (AV DU)",,,Nuit avec éclairage allumé,En agglomération,Hors intersection,Pluie légère,Deux véhicules - côté,,,,,,,,,,,5,2,1,2.0,3
201200047491,0012-11-06 06:20:00,12,11,6,6,20,940,68,CHEVALIER (R),,,Nuit avec éclairage allumé,En agglomération,Intersection en T,Pluie légère,Deux véhicules - côté,,,,,,,,,,,5,2,3,2.0,3
201200047492,0012-11-10 12:00:00,12,11,10,12,0,940,68,REITER (R),,,Plein jour,En agglomération,Intersection en X,Normale,Deux véhicules - côté,,,,,,,,,,,1,2,2,1.0,3
201200047493,0012-11-13 13:55:00,12,11,13,13,55,940,68,ALMA - PONT DE BONNEUIL,,,Plein jour,En agglomération,Intersection en X,Normale,Deux véhicules - côté,,,,,,,,,,,1,2,2,1.0,3
201200047494,0012-11-15 08:25:00,12,11,15,8,25,940,68,"30, CHAMPIGNY (BD DE)",,,Plein jour,En agglomération,Hors intersection,Normale,Deux véhicules - côté,,,,,,,,,,,1,2,1,1.0,3
201200047495,0012-11-16 17:10:00,12,11,16,17,10,940,68,CHAMPIGNY (BD DE),,,Nuit avec éclairage allumé,Hors agglomération,Hors intersection,Normale,Deux véhicules - côté,,,,,,,,,,,5,1,1,1.0,3
201200047496,0012-11-16 15:15:00,12,11,16,15,15,940,68,VASSAL (R),,,Plein jour,En agglomération,Intersection en X,Normale,Deux véhicules - côté,,,,,,,,,,,1,2,2,1.0,3
201200047497,0012-11-20 18:45:00,12,11,20,18,45,940,68,CRETEIL (BD DE),,,Nuit avec éclairage allumé,En agglomération,Intersection en T,Normale,Deux véhicules - côté,,,,,,,,,,,5,2,3,1.0,3
201200047498,0012-11-21 14:35:00,12,11,21,14,35,940,68,MISS CAVELL (AV),,,Plein jour,En agglomération,Intersection en X,Normale,Deux véhicules - côté,,,,,,,,,,,1,2,2,1.0,3
201200047499,0012-11-24 15:30:00,12,11,24,15,30,940,68,"10, FOUR (R DU)",,,Plein jour,En agglomération,Hors intersection,Normale,Autre collision,,,,,,,,,,,1,2,1,1.0,6
201200047500,0012-11-26 13:50:00,12,11,26,13,50,940,68,R PONT DE CRETEIL/LEROUX,,,Plein jour,En agglomération,Intersection en X,Normale,Deux véhicules - côté,,,,,,,,,,,1,2,2,1.0,3
201200047501,0012-11-28 13:15:00,12,11,28,13,15,940,68,PAUL DEROULEDE (R),,,Plein jour,En agglomération,Intersection en X,Normale,Deux véhicules - côté,,,,,,,,,,,1,2,2,1.0,3
201200047502,0012-12-01 10:00:00,12,12,1,10,0,940,68,FOCH (AV),,,Plein jour,En agglomération,Hors intersection,Pluie légère,Deux véhicules - côté,,,,,,,,,,,1,2,1,2.0,3
201200047503,0012-12-01 20:40:00,12,12,1,20,40,940,68,"01, RABELAIS (BD)",,,Nuit avec éclairage allumé,En agglomération,Hors intersection,Autre,Deux véhicules - côté,,,,,,,,,,,5,2,1,9.0,3
201200047504,0012-12-02 10:40:00,12,12,2,10,40,940,68,CHAMPIGNY (BD DE),,,Plein jour,En agglomération,Hors intersection,Normale,Deux véhicules - côté,,,,,,,,,,,1,2,1,1.0,3
201200047505,0012-12-02 11:10:00,12,12,2,11,10,940,68,MIDI (AV DU),,,Plein jour,En agglomération,Intersection en X,Normale,Deux véhicules - côté,,,,,,,,,,,1,2,2,1.0,3
201200047506,0012-12-03 09:55:00,12,12,3,9,55,940,68,"35, CHAMPIGNY (BD DE)",,,Plein jour,En agglomération,Hors intersection,Pluie légère,Deux véhicules - côté,,,,,,,,,,,1,2,1,2.0,3
201200047507,0012-12-04 23:30:00,12,12,4,23,30,940,68,BAC (AV DU),,,Nuit avec éclairage allumé,En agglomération,Intersection en X,Pluie légère,Deux véhicules - côté,,,,,,,,,,,5,2,2,2.0,3