accident_id,datetime,annee,mois,jour,heure,minute,departement,commune_insee,adresse,latitude,longitude,luminosite,agglomeration,intersection,meteo,collision,nb_vehicules,nb_usagers,nb_indemnes,nb_tues,nb_blesses_hosp,nb_blesses_legers,age_cond_1,age_cond_2,veh_type_cond_1,veh_type_cond_2,lum_code,agg_code,int_code,atm_code,col_code
201200047633,0012-10-09 07:00:00,12,10,9,7,0,940,78,"0, WINSTON CHURCHILL (AV",,,Nuit avec éclairage allumé,En agglomération,Intersection en T,Pluie légère,Deux véhicules - côté,,,,,,,,,,,5,2,3,2.0,3
201200047634,0012-10-11 19:25:00,12,10,11,19,25,940,78,"0, CHOISY (AV DE)",,,Nuit avec éclairage allumé,En agglomération,Hors intersection,Pluie forte,Autre collision,,,,,,,,,,,5,2,1,3.0,6
201200047635,0012-10-08 15:00:00,12,10,8,15,0,940,78,"1, CROSNES (R DE)",,,Plein jour,Hors agglomération,Hors intersection,Normale,Autre collision,,,,,,,,,,,1,1,1,1.0,6
201200047636,0012-10-14 11:05:00,12,10,14,11,5,940,74,"0, VASCO DE GAMA ( avenu",,,Plein jour,En agglomération,Hors intersection,Pluie forte,Deux véhicules - frontale,,,,,,,,,,,1,2,1,3.0,1
201200047637,0012-10-02 10:10:00,12,10,2,10,10,940,77,REPUBLIQUE (AV DE LA),,,Plein jour,En agglomération,Hors intersection,Pluie légère,Sans collision,,,,,,,,,,,1,2,1,2.0,7
201200047638,0012-10-18 14:30:00,12,10,18,14,30,940,77,"1, VICTOR HUGO (AV)",,,Plein jour,En agglomération,Hors intersection,Normale,Deux véhicules - frontale,,,,,,,,,,,1,2,1,1.0,1
201200047639,0012-10-19 09:00:00,12,10,19,9,0,940,77,"., REPUBLIQUE (AV DE LA)",,,Plein jour,En agglomération,Intersection en T,Temps couvert,Deux véhicules - côté,,,,,,,,,,,1,2,3,8.0,3
201200047640,0012-10-20 08:30:00,12,10,20,8,30,940,78,PARIS/JACQUARD,48.7459,2.44662,Plein jour,En agglomération,Intersection en T,Pluie légère,Trois véhicules et plus - en chaîne,,,,,,,,,,,1,2,3,2.0,4
201200047641,0012-10-21 06:00:00,12,10,21,6,0,940,78,PARIS/CARNOT,48.733,2.44681,Nuit avec éclairage allumé,En agglomération,Intersection en T,Pluie légère,Autre collision,,,,,,,,,,,5,2,3,2.0,6
201200047642,0012-10-19 17:30:00,12,10,19,17,30,940,78,"14, PRESIDENT KRUGER (R",,,Plein jour,En agglomération,Hors intersection,Pluie légère,Autre collision,,,,,,,,,,,1,2,1,2.0,6
201200047643,0012-10-07 13:03:00,12,10,7,13,3,940,78,PARIS/ORME SAINTE-MARIE,48.739,2.44684,Plein jour,En agglomération,Intersection en T,Normale,Deux véhicules - arrière,,,,,,,,,,,1,2,3,1.0,2
201200047644,0012-10-23 22:45:00,12,10,23,22,45,940,78,PARIS/ZOLA,48.7356,2.44665,Nuit avec éclairage allumé,En agglomération,Intersection en X,Normale,Sans collision,,,,,,,,,,,5,2,2,1.0,7
201200047645,0012-10-25 19:30:00,12,10,25,19,30,940,78,"24, ANATOLE FRANCE (AV)",,,Nuit avec éclairage allumé,En agglomération,Hors intersection,Normale,Autre collision,,,,,,,,,,,5,2,1,1.0,6
201200047646,0012-10-25 13:25:00,12,10,25,13,25,940,77,1 AV DE LA REPUBLIQUE,,,Plein jour,En agglomération,Hors intersection,Normale,Autre collision,,,,,,,,,,,1,2,1,1.0,6
201200047647,0012-10-27 23:35:00,12,10,27,23,35,940,78,R DE PARIS,48.7304,2.44686,Nuit avec éclairage allumé,En agglomération,Hors intersection,Normale,Autre collision,,,,,,,,,,,5,2,1,1.0,6
201200047648,0012-10-25 08:20:00,12,10,25,8,20,940,77,"1, MOLIERE (PL)",,,Plein jour,En agglomération,Hors intersection,Normale,Sans collision,,,,,,,,,,,1,2,1,1.0,7
201200047649,0012-11-02 13:15:00,12,11,2,13,15,940,77,"51, SADI CARNOT (AV)",,,Plein jour,En agglomération,Intersection en X,Pluie légère,Deux véhicules - côté,,,,,,,,,,,1,2,2,2.0,3
201200047650,0012-09-24 12:45:00,12,9,24,12,45,940,77,"0, PASTEUR (AV)",,,Plein jour,En agglomération,Intersection en X,Normale,Deux véhicules - côté,,,,,,,,,,,1,2,2,1.0,3
201200047651,0012-11-03 14:40:00,12,11,3,14,40,940,77,"0, REPUBLIQUE (AV DE LA)",,,Plein jour,En agglomération,Intersection en X,Normale,Deux véhicules - arrière,,,,,,,,,,,1,2,2,1.0,2
201200047652,0012-11-05 14:50:00,12,11,5,14,50,940,78,PARIS/ORME SAINTE-MARIE,48.739,2.44684,Plein jour,En agglomération,Intersection en T,Normale,Deux véhicules - arrière,,,,,,,,,,,1,2,3,1.0,2
201200047653,0012-10-24 14:25:00,12,10,24,14,25,940,77,"0, LATERAL (CHE)",,,Plein jour,En agglomération,Hors intersection,Normale,Sans collision,,,,,,,,,,,1,2,1,1.0,7
201200047654,0012-11-12 07:45:00,12,11,12,7,45,940,78,MELUN/MELUN,48.7245,2.44508,Plein jour,En agglomération,Intersection en Y,Normale,Deux véhicules - arrière,,,,,,,,,,,1,2,4,1.0,2
201200047655,0012-11-14 13:50:00,12,11,14,13,50,940,78,APPEL 18 JUIN/CHURCHILL,48.7551,2.44413,Plein jour,En agglomération,Intersection en Y,Normale,Deux véhicules - arrière,,,,,,,,,,,1,2,4,1.0,2
201200047656,0012-11-20 15:00:00,12,11,20,15,0,940,78,"24, PL PIERRE SEMARD",48.7306,2.44685,Plein jour,En agglomération,Hors intersection,Normale,Autre collision,,,,,,,,,,,1,2,1,1.0,6
201200047657,0012-11-20 07:15:00,12,11,20,7,15,940,1,"1, QUAI MAGNE",,,Plein jour,En agglomération,Hors intersection,Normale,Autre collision,,,,,,,,,,,1,2,1,1.0,6
201200047658,0012-11-22 07:03:00,12,11,22,7,3,940,78,PARIS/BELLE PLACE,48.7241,2.44478,Plein jour,En agglomération,Intersection en T,Normale,Deux véhicules - arrière,,,,,,,,,,,1,2,3,1.0,2
201200047659,0012-11-23 17:55:00,12,11,23,17,55,940,78,AV DU 8 MAI 1945,48.7288,2.44641,Nuit avec éclairage allumé,En agglomération,Hors intersection,Pluie légère,Deux véhicules - arrière,,,,,,,,,,,5,2,1,2.0,2
201200047660,0012-11-23 17:45:00,12,11,23,17,45,940,78,AV DE L'APPEL DU 18 JUIN,48.7592,2.44313,Nuit avec éclairage allumé,En agglomération,Hors intersection,Pluie légère,Deux véhicules - côté,,,,,,,,,,,5,2,1,2.0,3
201200047661,0012-11-23 15:20:00,12,11,23,15,20,940,78,"20, PL PIERRE SEMARD",48.7305,2.44686,Plein jour,En agglomération,Hors intersection,Pluie légère,Autre collision,,,,,,,,,,,1,2,1,2.0,6
201200047662,0012-11-22 08:25:00,12,11,22,8,25,940,77,VERDUN (COUR DE),,,Plein jour,Hors agglomération,Hors intersection,Pluie légère,Autre collision,,,,,,,,,,,1,1,1,2.0,6
201200047663,0012-11-26 18:10:00,12,11,26,18,10,940,77,"1, HUIT MAI 1945 (R DU)",,,Nuit sans éclairage public,En agglomération,Hors intersection,Normale,Deux véhicules - frontale,,,,,,,,,,,3,2,1,1.0,1
201200047664,0012-11-28 06:50:00,12,11,28,6,50,940,74,GUY MOQUET (AV),,,Nuit avec éclairage allumé,En agglomération,Giratoire,Normale,Deux véhicules - côté,,,,,,,,,,,5,2,6,1.0,3
201200047665,0012-11-30 17:40:00,12,11,30,17,40,940,77,"23, PAUL PAINLEVE (AV)",,,Nuit avec éclairage allumé,En agglomération,Hors intersection,Normale,Autre collision,,,,,,,,,,,5,2,1,1.0,6
201200047666,0012-11-30 11:50:00,12,11,30,11,50,940,78,PARIS/SEMARD,48.7292,2.44665,Plein jour,En agglomération,Intersection en Y,Normale,Deux véhicules - côté,,,,,,,,,,,1,2,4,1.0,3
201200047667,0012-10-31 13:25:00,12,10,31,13,25,940,78,"0, ALBERT EINSTEIN (PL)",,,Plein jour,En agglomération,Hors intersection,Normale,Autre collision,,,,,,,,,,,1,2,1,1.0,6
201200047668,0012-12-08 13:00:00,12,12,8,13,0,940,78,"31, ANATOLE FRANCE (AV)",,,Plein jour,En agglomération,Hors intersection,Normale,Autre collision,,,,,,,,,,,1,2,1,1.0,6
201200047669,0012-12-10 07:30:00,12,12,10,7,30,940,74,"01, JULIEN DURANTON (ave",,,Nuit avec éclairage allumé,En agglomération,Hors intersection,Temps couvert,Autre collision,,,,,,,,,,,5,2,1,8.0,6
201200047670,0012-12-12 14:40:00,12,12,12,14,40,940,78,"105, PRESIDENT JOHN FITZ",,,Plein jour,En agglomération,Hors intersection,Normale,Autre collision,,,,,,,,,,,1,2,1,1.0,6
201200047671,0012-12-15 15:05:00,12,12,15,15,5,940,78,22 R DE PARIS,48.7305,2.44686,Plein jour,En agglomération,Hors intersection,Normale,Autre collision,,,,,,,,,,,1,2,1,1.0,6
201200047672,0012-12-13 09:40:00,12,12,13,9,40,940,78,"0, THIMONNIER (R)",,,Plein jour,En agglomération,Hors intersection,Neige / grêle,Sans collision,,,,,,,,,,,1,2,1,4.0,7
201200047673,0012-12-21 07:20:00,12,12,21,7,20,940,78,PARIS/WILSON,48.7396,2.44683,Nuit avec éclairage allumé,En agglomération,Intersection en X,Normale,Deux véhicules - côté,,,,,,,,,,,5,2,2,1.0,3
201200047674,0012-12-21 10:30:00,12,12,21,10,30,940,54,"106, VICTOIRE (AV DE LA)",,,Plein jour,En agglomération,Hors intersection,Normale,Deux véhicules - arrière,,,,,,,,,,,1,2,1,1.0,2
201200047675,0012-12-21 13:30:00,12,12,21,13,30,940,78,198 R DE PARIS/WILSON,48.7396,2.44683,Plein jour,En agglomération,Intersection en T,Normale,Deux véhicules - arrière,,,,,,,,,,,1,2,3,1.0,2
201200047676,0012-12-21 15:10:00,12,12,21,15,10,940,78,"16, EUROPE (AV DE L)",,,Plein jour,Hors agglomération,Hors intersection,Normale,Deux véhicules - arrière,,,,,,,,,,,1,1,1,1.0,2
201200047677,0012-12-22 16:40:00,12,12,22,16,40,940,74,"20, JULIEN DURANTON (ave",,,Crépuscule ou aube,En agglomération,Hors intersection,Pluie légère,Deux véhicules - arrière,,,,,,,,,,,2,2,1,2.0,2
201200047678,0012-12-24 23:00:00,12,12,24,23,0,940,78,"413, CROSNES (R DE)",,,Nuit avec éclairage allumé,En agglomération,Hors intersection,Normale,Deux véhicules - côté,,,,,,,,,,,5,2,1,1.0,3
201200047679,0012-01-08 19:10:00,12,1,8,19,10,940,67,FOCH / GAMBETTA,48.8449,2.42094,Nuit avec éclairage allumé,En agglomération,Intersection en X,Normale,Deux véhicules - côté,,,,,,,,,,,5,2,2,1.0,3
201200047680,0012-01-14 14:50:00,12,1,14,14,50,940,67,GAULLE / LAC,48.8413,2.41757,Plein jour,En agglomération,Intersection en T,Normale,Autre collision,,,,,,,,,,,1,2,3,1.0,6
201200047681,0012-01-17 19:40:00,12,1,17,19,40,940,67,AV DU GENERAL DE GAULLE,48.8382,2.41769,Nuit avec éclairage allumé,En agglomération,Hors intersection,Normale,Autre collision,,,,,,,,,,,5,2,1,1.0,6
201200047682,0012-01-21 07:00:00,12,1,21,7,0,940,80,"123, AV DE LA REPUBLIQUE",48.852,2.43794,Nuit avec éclairage allumé,En agglomération,Hors intersection,Normale,Sans collision,,,,,,,,,,,5,2,1,1.0,7
201200047683,0012-01-25 18:40:00,12,1,25,18,40,940,67,GAULLE / MOUCHOTTE,48.8376,2.41795,Nuit avec éclairage allumé,En agglomération,Intersection en X,Pluie légère,Autre collision,,,,,,,,,,,5,2,2,2.0,6
201200047684,0012-01-25 20:10:00,12,1,25,20,10,940,80,NOGENT / MARIGNY,48.8446,2.43875,Nuit avec éclairage allumé,En agglomération,Intersection en X,Pluie légère,Deux véhicules - côté,,,,,,,,,,,5,2,2,2.0,3
201200047685,0012-02-07 07:50:00,12,2,7,7,50,940,67,"39, AV DU GENERAL DE GAU",48.8432,2.41762,Plein jour,En agglomération,Hors intersection,Autre,Autre collision,,,,,,,,,,,1,2,1,9.0,6
201200047686,0012-02-07 18:50:00,12,2,7,18,50,940,80,REPUBLIQUE / MIRABEAU,48.8514,2.43698,Nuit avec éclairage allumé,En agglomération,Intersection en X,Normale,Autre collision,,,,,,,,,,,5,2,2,1.0,6
201200047687,0012-02-10 14:10:00,12,2,10,14,10,940,80,REPUBLIQUE / AUBERT,48.8475,2.43083,Plein jour,En agglomération,Intersection en X,Normale,Autre collision,,,,,,,,,,,1,2,2,1.0,6
201200047688,0012-02-15 19:30:00,12,2,15,19,30,940,80,PARIS / MARIGNY,48.8446,2.43875,Nuit avec éclairage allumé,En agglomération,Intersection en X,Autre,Deux véhicules - côté,,,,,,,,,,,5,2,2,9.0,3
201200047689,0012-02-17 10:50:00,12,2,17,10,50,940,80,VIGNERONS / PARIS,48.8452,2.43155,Plein jour,En agglomération,Intersection en X,Pluie légère,Autre collision,,,,,,,,,,,1,2,2,2.0,6
201200047690,0012-02-29 08:25:00,12,2,29,8,25,940,80,"91, R DEFRANCE",48.8483,2.45237,Plein jour,En agglomération,Hors intersection,Normale,Sans collision,,,,,,,,,,,1,2,1,1.0,7
201200047691,0012-03-07 11:15:00,12,3,7,11,15,940,80,FONTENAY / SILVESTRI,48.8478,2.44287,Plein jour,En agglomération,Intersection en T,Normale,Deux véhicules - côté,,,,,,,,,,,1,2,3,1.0,3
201200047692,0012-03-18 11:20:00,12,3,18,11,20,940,67,PL GENERAL LECLERC/FAYS,48.8465,2.41843,Plein jour,En agglomération,Intersection en T,Normale,Sans collision,,,,,,,,,,,1,2,3,1.0,7
201200047693,0012-03-27 11:45:00,12,3,27,11,45,940,67,"113, AV PARIS/PREVOYANCE",48.8463,2.42021,Plein jour,En agglomération,Intersection en T,Normale,Autre collision,,,,,,,,,,,1,2,3,1.0,6
201200047694,0012-04-12 00:35:00,12,4,12,0,35,940,67,"28, ETANG (CHS DE L)",,,Nuit avec éclairage allumé,En agglomération,Hors intersection,Normale,Autre collision,,,,,,,,,,,5,2,1,1.0,6
201200047695,0012-04-18 20:00:00,12,4,18,20,0,940,80,"26, REPUBLIQUE (AV DE LA",,,Crépuscule ou aube,En agglomération,Hors intersection,Pluie légère,Autre collision,,,,,,,,,,,2,2,1,2.0,6
201200047696,0012-04-20 22:15:00,12,4,20,22,15,940,80,"16, PARIS (AV DE)",,,Nuit avec éclairage allumé,En agglomération,Hors intersection,Pluie légère,Sans collision,,,,,,,,,,,5,2,1,2.0,7
201200047697,0012-04-24 07:30:00,12,4,24,7,30,940,80,"., CHATEAU (AV DU)",,,Plein jour,En agglomération,Intersection en T,Normale,Autre collision,,,,,,,,,,,1,2,3,1.0,6
201200047698,0012-05-01 21:20:00,12,5,1,21,20,940,67,"47, GENERAL DE GAULLE (A",,,Nuit avec éclairage allumé,En agglomération,Hors intersection,Normale,Autre collision,,,,,,,,,,,5,2,1,1.0,6
201200047699,0012-05-10 14:10:00,12,5,10,14,10,940,80,FONTENAY (R DE),,,Plein jour,En agglomération,Intersection en T,Normale,Deux véhicules - côté,,,,,,,,,,,1,2,3,1.0,3
201200047700,0012-05-12 15:20:00,12,5,12,15,20,940,80,PARIS (AV DE),,,Plein jour,En agglomération,Intersection en T,Normale,Deux véhicules - côté,,,,,,,,,,,1,2,3,1.0,3
201200047701,0012-05-14 08:35:00,12,5,14,8,35,940,67,DAUMESNIL (AV),,,Plein jour,En agglomération,Intersection en T,Normale,Deux véhicules - côté,,,,,,,,,,,1,2,3,1.0,3
201200047702,0012-05-15 11:10:00,12,5,15,11,10,940,67,PL DU GENERAL LECLERC,,,Plein jour,En agglomération,Hors intersection,Normale,Deux véhicules - côté,,,,,,,,,,,1,2,1,1.0,3
201200047703,0012-05-15 17:25:00,12,5,15,17,25,940,67,DAUMESNIL (AV),,,Plein jour,En agglomération,Intersection en X,Pluie légère,Deux véhicules - côté,,,,,,,,,,,1,2,2,2.0,3
201200047704,0012-05-16 13:10:00,12,5,16,13,10,940,80,"211, FONTENAY (R DE)",,,Plein jour,En agglomération,Intersection à plus de 4 branches,Normale,Autre collision,,,,,,,,,,,1,2,5,1.0,6
201200047705,0012-05-20 18:50:00,12,5,20,18,50,940,80,"24, LIBERATION/PERI",,,Plein jour,En agglomération,Intersection en T,Normale,Autre collision,,,,,,,,,,,1,2,3,1.0,6
201200047706,0012-05-26 11:50:00,12,5,26,11,50,940,80,"., FONTENAY (R DE)",,,Plein jour,En agglomération,Intersection en X,Normale,Autre collision,,,,,,,,,,,1,2,2,1.0,6
201200047707,0012-05-31 11:15:00,12,5,31,11,15,940,67,"4, JOFFRE (AV)",,,Plein jour,En agglomération,Hors intersection,Normale,Autre collision,,,,,,,,,,,1,2,1,1.0,6
201200047708,0012-05-31 15:05:00,12,5,31,15,5,940,80,"30, MINIMES (AV DES)",,,Plein jour,En agglomération,Hors intersection,Normale,Deux véhicules - frontale,,,,,,,,,,,1,2,1,1.0,1
201200047709,0012-06-06 11:50:00,12,6,6,11,50,940,80,"31, FOCH (AV)",,,Plein jour,En agglomération,Hors intersection,Normale,Autre collision,,,,,,,,,,,1,2,1,1.0,6
201200047710,0012-06-10 19:25:00,12,6,10,19,25,940,67,"., LAGNY (R DE)",,,Crépuscule ou aube,En agglomération,Intersection en T,Pluie légère,Deux véhicules - côté,,,,,,,,,,,2,2,3,2.0,3
201200047711,0012-06-23 10:05:00,12,6,23,10,5,940,67,GENERAL DE GAULLE (AV DU,,,Plein jour,En agglomération,Intersection en X,Normale,Deux véhicules - côté,,,,,,,,,,,1,2,2,1.0,3
201200047712,0012-06-26 09:45:00,12,6,26,9,45,940,80,"93, DIDEROT (R)",,,Plein jour,En agglomération,Hors intersection,Pluie légère,Autre collision,,,,,,,,,,,1,2,1,2.0,6
201200047713,0012-06-29 12:00:00,12,6,29,12,0,940,80,"18, LOUIS BESQUEL (R)",,,Plein jour,En agglomération,Hors intersection,Normale,Autre collision,,,,,,,,,,,1,2,1,1.0,6
201200047714,0012-07-02 15:45:00,12,7,2,15,45,940,80,"., REPUBLIQUE (AV DE LA)",,,Plein jour,En agglomération,Intersection en X,Normale,Deux véhicules - côté,,,,,,,,,,,1,2,2,1.0,3
201200047715,0012-07-04 14:00:00,12,7,4,14,0,940,80,"125, FONTENAY (R DE)",,,Plein jour,En agglomération,Hors intersection,Pluie légère,Deux véhicules - côté,,,,,,,,,,,1,2,1,2.0,3
201200047716,0012-07-19 06:20:00,12,7,19,6,20,940,67,"68, MINIMES (AV DES)",,,Plein jour,En agglomération,Hors intersection,Normale,Autre collision,,,,,,,,,,,1,2,1,1.0,6
201200047717,0012-07-23 10:00:00,12,7,23,10,0,940,80,"., FONTENAY (R DE)",,,Plein jour,En agglomération,Intersection en X,Normale,Autre collision,,,,,,,,,,,1,2,2,1.0,6
201200047718,0012-07-23 17:30:00,12,7,23,17,30,940,67,"., GAMBETTA (AV)",,,Plein jour,En agglomération,Intersection en T,Normale,Autre collision,,,,,,,,,,,1,2,3,1.0,6
201200047719,0012-08-01 20:30:00,12,8,1,20,30,940,80,FRANCE (R DE),,,Plein jour,En agglomération,Intersection à plus de 4 branches,Normale,Deux véhicules - frontale,,,,,,,,,,,1,2,5,1.0,1
201200047720,0012-08-17 19:25:00,12,8,17,19,25,940,67,"113, PARIS (av. de)",,,Plein jour,En agglomération,Intersection en X,Normale,Sans collision,,,,,,,,,,,1,2,2,1.0,7
201200047721,0012-09-02 10:15:00,12,9,2,10,15,940,67,"7, FOCH (AV)",,,Plein jour,En agglomération,Hors intersection,Normale,Autre collision,,,,,,,,,,,1,2,1,1.0,6
201200047722,0012-09-04 08:50:00,12,9,4,8,50,940,80,"64, AUBERT (AV)",,,Plein jour,En agglomération,Hors intersection,Normale,Deux véhicules - côté,,,,,,,,,,,1,2,1,1.0,3
201200047723,0012-09-04 16:15:00,12,9,4,16,15,940,56,"., GUYANE (Bd. de la)",,,Plein jour,En agglomération,Intersection en T,Normale,Deux véhicules - côté,,,,,,,,,,,1,2,3,1.0,3
201200047724,0012-09-07 14:45:00,12,9,7,14,45,940,67,"05, JOFFRE (AV)",,,Plein jour,En agglomération,Intersection en T,Normale,Deux véhicules - côté,,,,,,,,,,,1,2,3,1.0,3
201200047725,0012-09-10 09:55:00,12,9,10,9,55,940,67,"., COMMANDANT RENE MOUCH",,,Plein jour,En agglomération,Intersection en X,Normale,Deux véhicules - côté,,,,,,,,,,,1,2,2,1.0,3
201200047726,0012-09-13 19:25:00,12,9,13,19,25,940,80,"15, PARIS (AV DE)",,,Plein jour,En agglomération,Hors intersection,Normale,Autre collision,,,,,,,,,,,1,2,1,1.0,6
201200047727,0012-09-16 22:10:00,12,9,16,22,10,940,80,"., TROIS TERRITOIRES (R",,,Nuit avec éclairage allumé,En agglomération,Intersection en X,Normale,Deux véhicules - côté,,,,,,,,,,,5,2,2,1.0,3
201200047728,0012-09-15 14:50:00,12,9,15,14,50,940,67,"40, SAINTE MARIE (AV)",,,Plein jour,En agglomération,Hors intersection,Normale,Autre collision,,,,,,,,,,,1,2,1,1.0,6
201200047729,0012-09-29 00:15:00,12,9,29,0,15,940,80,"146, PARIS (AV DE)",,,Nuit avec éclairage allumé,En agglomération,Intersection en T,Normale,Autre collision,,,,,,,,,,,5,2,3,1.0,6
201200047730,0012-10-03 08:10:00,12,10,3,8,10,940,80,"30, RAYMOND DU TEMPLE (R",,,Plein jour,En agglomération,Intersection en X,Normale,Autre collision,,,,,,,,,,,1,2,2,1.0,6
201200047731,0012-10-09 15:40:00,12,10,9,15,40,940,80,"., CHARLES SILVESTRI (R)",,,Plein jour,En agglomération,Intersection en X,Normale,Autre collision,,,,,,,,,,,1,2,2,1.0,6
201200047732,0012-10-12 15:15:00,12,10,12,15,15,940,80,"04, ANTOINE QUINSON (AV)",,,Plein jour,En agglomération,Hors intersection,Normale,Autre collision,,,,,,,,,,,1,2,1,1.0,6
201200047733,0012-10-23 12:30:00,12,10,23,12,30,940,67,"03, GENERAL DE GAULLE (A",,,Plein jour,En agglomération,Intersection en T,Normale,Autre collision,,,,,,,,,,,1,2,3,1.0,6
201200047734,0012-10-24 22:50:00,12,10,24,22,50,940,80,PARIS (AV DE),,,Nuit avec éclairage allumé,En agglomération,Intersection en T,Normale,Deux véhicules - frontale,,,,,,,,,,,5,2,3,1.0,1
201200047735,0012-10-25 16:30:00,12,10,25,16,30,940,67,"05, VICTOR HUGO (AV)",,,Plein jour,En agglomération,Intersection en T,Normale,Deux véhicules - arrière,,,,,,,,,,,1,2,3,1.0,2
201200047736,0012-11-02 11:50:00,12,11,2,11,50,940,67,"., GENERAL LECLERC (CENT",,,Plein jour,En agglomération,Place,Pluie légère,Deux véhicules - côté,,,,,,,,,,,1,2,7,2.0,3
201200047737,0012-11-07 10:20:00,12,11,7,10,20,940,80,PARIS (AV DE),,,Plein jour,En agglomération,Hors intersection,Normale,Autre collision,,,,,,,,,,,1,2,1,1.0,6
201200047738,0012-11-17 13:05:00,12,11,17,13,5,940,67,"62, MINIMES (AV DES)",,,Plein jour,En agglomération,Hors intersection,Pluie légère,Deux véhicules - frontale,,,,,,,,,,,1,2,1,2.0,1
201200047739,0012-11-17 17:11:00,12,11,17,17,11,940,80,"1, PARIS (AV DE)",,,Nuit avec éclairage allumé,En agglomération,Intersection en X,Brouillard / fumée,Autre collision,,,,,,,,,,,5,2,2,5.0,6
201200047740,0012-11-19 15:55:00,12,11,19,15,55,940,80,"., FONTENAY (R DE)",,,Plein jour,En agglomération,Intersection en X,Normale,Deux véhicules - côté,,,,,,,,,,,1,2,2,1.0,3
201200047741,0012-11-26 08:50:00,12,11,26,8,50,940,80,"., MINIMES (AV DES)",,,Plein jour,En agglomération,Intersection en T,Normale,Deux véhicules - côté,,,,,,,,,,,1,2,3,1.0,3
201200047742,0012-11-28 22:35:00,12,11,28,22,35,940,67,GAMBETTA (AV),,,Nuit sans éclairage public,En agglomération,Intersection en X,Pluie légère,Autre collision,,,,,,,,,,,3,2,2,2.0,6
201200047743,0012-12-19 12:30:00,12,12,19,12,30,940,80,"., PIERRE BROSSOLETTE (A",,,Plein jour,En agglomération,Intersection en X,Normale,Deux véhicules - côté,,,,,,,,,,,1,2,2,1.0,3
201200047744,0012-12-22 18:00:00,12,12,22,18,0,940,80,"70, FONTENAY (R DE)",,,Nuit avec éclairage allumé,En agglomération,Intersection en T,Pluie légère,Autre collision,,,,,,,,,,,5,2,3,2.0,6
201200047745,0012-12-22 23:30:00,12,12,22,23,30,940,80,"., FONTENAY (R DE)",,,Nuit avec éclairage allumé,En agglomération,Intersection en X,Pluie légère,Deux véhicules - côté,,,,,,,,,,,5,2,2,2.0,3
201200047746,0012-12-31 20:40:00,12,12,31,20,40,940,67,COMMANDANT RENE MOUCHOTT,,,Nuit avec éclairage allumé,En agglomération,Intersection en X,Normale,Deux véhicules - côté,,,,,,,,,,,5,2,2,1.0,3
201200047747,0012-01-02 21:50:00,12,1,2,21,50,940,81,JAURES / PERI,48.7941,2.40055,Nuit avec éclairage allumé,En agglomération,Intersection en X,Normale,Deux véhicules - côté,,,,,,,,,,,5,2,2,1.0,3
201200047748,0012-01-05 09:15:00,12,1,5,9,15,940,81,"41, AV DE L'ABBE ROGER D",48.7897,2.38979,Plein jour,En agglomération,Hors intersection,Pluie légère,Autre collision,,,,,,,,,,,1,2,1,2.0,6
201200047749,0012-01-07 22:20:00,12,1,7,22,20,940,81,PASTEUR / ROUSSEAU,48.8009,2.40563,Nuit avec éclairage allumé,En agglomération,Intersection en T,Normale,Deux véhicules - côté,,,,,,,,,,,5,2,3,1.0,3
201200047750,0012-01-08 10:20:00,12,1,8,10,20,940,81,FRANCE / PASTEUR,48.8046,2.4053,Plein jour,En agglomération,Intersection en X,Normale,Deux véhicules - frontale,,,,,,,,,,,1,2,2,1.0,1
201200047751,0012-01-11 17:30:00,12,1,11,17,30,940,81,"27, AV MAXIMILIEN ROBESP",48.7898,2.38866,Crépuscule ou aube,En agglomération,Hors intersection,Normale,Autre collision,,,,,,,,,,,2,2,1,1.0,6
201200047752,0012-01-19 12:06:00,12,1,19,12,6,940,81,MANOUCHIAN / BERTHELOT,48.7907,2.40452,Plein jour,En agglomération,Intersection en T,Pluie légère,Deux véhicules - côté,,,,,,,,,,,1,2,3,2.0,3
201200047753,0012-01-20 08:20:00,12,1,20,8,20,940,81,"153, R JULIAN GRIMAU",48.7785,2.37565,Plein jour,En agglomération,Hors intersection,Normale,Deux véhicules - arrière,,,,,,,,,,,1,2,1,1.0,2
201200047754,0012-01-21 13:30:00,12,1,21,13,30,940,81,FRANCE / SALMON,48.8018,2.40296,Plein jour,En agglomération,Intersection en T,Pluie légère,Deux véhicules - côté,,,,,,,,,,,1,2,3,2.0,3
201200047755,0012-01-23 19:30:00,12,1,23,19,30,940,81,PARKING CONFORAMA,48.8001,2.38124,Nuit avec éclairage allumé,En agglomération,Hors intersection,Normale,Autre collision,,,,,,,,,,,5,2,1,1.0,6
201200047756,0012-02-01 18:00:00,12,2,1,18,0,940,81,AV DU PRESIDENT SALVADOR,48.7955,2.40735,Crépuscule ou aube,En agglomération,Hors intersection,Normale,Deux véhicules - arrière,,,,,,,,,,,2,2,1,1.0,2
201200047757,0012-02-02 14:35:00,12,2,2,14,35,940,22,STALINGRAD/A86,48.7727,2.40008,Plein jour,Hors agglomération,Intersection en X,Normale,Deux véhicules - arrière,,,,,,,,,,,1,1,2,1.0,2
201200047758,0012-02-02 18:15:00,12,2,2,18,15,940,81,FRANCE / D'IVRY,48.8014,2.40251,Nuit avec éclairage allumé,En agglomération,Intersection à plus de 4 branches,Normale,Deux véhicules - côté,,,,,,,,,,,5,2,5,1.0,3
201200047759,0012-02-04 14:10:00,12,2,4,14,10,940,81,HENAFF / GUESDE,48.7947,2.41863,Plein jour,En agglomération,Intersection en X,Normale,Deux véhicules - côté,,,,,,,,,,,1,2,2,1.0,3
201200047760,0012-02-06 16:00:00,12,2,6,16,0,940,81,JUILLET 1940 / GROULT,48.7872,2.39623,Plein jour,En agglomération,Intersection en T,Temps couvert,Autre collision,,,,,,,,,,,1,2,3,8.0,6