accident_id,datetime,annee,mois,jour,heure,minute,departement,commune_insee,adresse,latitude,longitude,luminosite,agglomeration,intersection,meteo,collision,nb_vehicules,nb_usagers,nb_indemnes,nb_tues,nb_blesses_hosp,nb_blesses_legers,age_cond_1,age_cond_2,veh_type_cond_1,veh_type_cond_2,lum_code,agg_code,int_code,atm_code,col_code
201200048015,0012-10-25 13:15:00,12,10,25,13,15,950,18,Quai de BEZONS,48.9368,2.2456,Plein jour,En agglomération,Intersection en T,Normale,Deux véhicules - côté,,,,,,,,,,,1,2,3,1.0,3
201200048016,0012-10-25 07:20:00,12,10,25,7,20,950,18,BD DU GENERAL LECLERC,48.9399,2.2281,Plein jour,En agglomération,Hors intersection,Normale,Autre collision,,,,,,,,,,,1,2,1,1.0,6
201200048017,0012-10-26 08:20:00,12,10,26,8,20,950,18,R DES CELTES,48.9555,2.2332,Plein jour,En agglomération,Hors intersection,Normale,Autre collision,,,,,,,,,,,1,2,1,1.0,6
201200048018,0012-10-28 16:49:00,12,10,28,16,49,950,176,RD 121,48.9585,2.1926,Plein jour,Hors agglomération,Hors intersection,Normale,Deux véhicules - arrière,,,,,,,,,,,1,1,1,1.0,2
201200048019,0012-10-27 13:05:00,12,10,27,13,5,950,176,BD JOFFRE,48.9646,2.1999,Plein jour,En agglomération,Intersection en X,Temps éblouissant,Autre collision,,,,,,,,,,,1,2,2,7.0,6
201200048020,0012-10-29 11:00:00,12,10,29,11,0,950,18,AV DU MARECHAL FOCH,48.9437,2.2538,Plein jour,En agglomération,Intersection en T,Normale,Deux véhicules - arrière,,,,,,,,,,,1,2,3,1.0,2
201200048021,0012-10-29 04:30:00,12,10,29,4,30,950,18,BD GALLIENI,48.9427,2.2429,Nuit avec éclairage allumé,En agglomération,Intersection en X,Normale,Deux véhicules - côté,,,,,,,,,,,5,2,2,1.0,3
201200048022,0012-10-29 19:05:00,12,10,29,19,5,950,18,BD DE LA RESISTANCE,48.9503,2.2254,Nuit avec éclairage allumé,En agglomération,Intersection en T,Normale,Autre collision,,,,,,,,,,,5,2,3,1.0,6
201200048023,0012-10-31 16:58:00,12,10,31,16,58,950,582,RTE DU FORT,48.9683,2.2342,Plein jour,En agglomération,Intersection en Y,Normale,Deux véhicules - frontale,,,,,,,,,,,1,2,4,1.0,1
201200048024,0012-11-02 22:55:00,12,11,2,22,55,950,18,AV DE VERDUN,48.9501,2.2443,Nuit avec éclairage allumé,En agglomération,Intersection en X,Normale,Deux véhicules - côté,,,,,,,,,,,5,2,2,1.0,3
201200048025,0012-11-05 12:20:00,12,11,5,12,20,950,18,AV JEAN JAURES,48.9413,2.2124,Plein jour,En agglomération,Hors intersection,Normale,Deux véhicules - frontale,,,,,,,,,,,1,2,1,1.0,1
201200048026,0012-11-06 09:40:00,12,11,6,9,40,950,176,BD JOFFRE,48.9696,2.1946,Plein jour,En agglomération,Intersection en X,Normale,Autre collision,,,,,,,,,,,1,2,2,1.0,6
201200048027,0012-11-09 18:10:00,12,11,9,18,10,950,18,AV JEAN JAURES,48.9412,2.2138,Crépuscule ou aube,En agglomération,Hors intersection,Normale,Autre collision,,,,,,,,,,,2,2,1,1.0,6
201200048028,0012-11-10 19:06:00,12,11,10,19,6,950,18,BD DE LA RESISTANCE,48.9517,2.2344,Nuit avec éclairage allumé,En agglomération,Intersection en T,Temps couvert,Autre collision,,,,,,,,,,,5,2,3,8.0,6
201200048029,0012-11-11 18:55:00,12,11,11,18,55,950,582,BD CHARLES DE GAULLE,48.9725,2.2552,Nuit avec éclairage allumé,En agglomération,Hors intersection,Temps couvert,Autre collision,,,,,,,,,,,5,2,1,8.0,6
201200048030,0012-10-29 16:50:00,12,10,29,16,50,950,582,AV DAMIETTE,48.9693,2.2565,Plein jour,En agglomération,Giratoire,Normale,Trois véhicules et plus - collisions multiples,,,,,,,,,,,1,2,6,1.0,5
201200048031,0012-11-15 08:15:00,12,11,15,8,15,950,18,R FREDERIC JOLIOT CURIE,48.9574,2.2845,Plein jour,En agglomération,Hors intersection,Normale,Autre collision,,,,,,,,,,,1,2,1,1.0,6
201200048032,0012-11-14 20:20:00,12,11,14,20,20,950,18,R DU TEMPLE,48.9493,2.2472,Nuit avec éclairage allumé,En agglomération,Intersection en X,Normale,Deux véhicules - côté,,,,,,,,,,,5,2,2,1.0,3
201200048033,0012-11-16 21:45:00,12,11,16,21,45,950,18,BD GALLIENI,48.9428,2.2429,Nuit avec éclairage allumé,En agglomération,Intersection en X,Normale,Deux véhicules - côté,,,,,,,,,,,5,2,2,1.0,3
201200048034,0012-11-17 04:20:00,12,11,17,4,20,950,18,AV DU MARECHAL JOFFRE,48.9577,2.2397,Nuit sans éclairage public,En agglomération,Hors intersection,Brouillard / fumée,Autre collision,,,,,,,,,,,3,2,1,5.0,6
201200048035,0012-11-24 19:25:00,12,11,24,19,25,950,18,RTE D'ENGHIEN,48.9568,2.2841,Nuit avec éclairage non allumé,En agglomération,Intersection en X,Normale,Deux véhicules - côté,,,,,,,,,,,4,2,2,1.0,3
201200048036,0012-11-20 08:00:00,12,11,20,8,0,950,18,RTE DE CORMEILLES,48.9553,2.2321,Plein jour,En agglomération,Intersection en X,Normale,Sans collision,,,,,,,,,,,1,2,2,1.0,7
201200048037,0012-11-20 20:20:00,12,11,20,20,20,950,18,QU DE BEZONS,48.9429,2.2572,Nuit avec éclairage allumé,Hors agglomération,Hors intersection,Normale,Deux véhicules - arrière,,,,,,,,,,,5,1,1,1.0,2
201200048038,0012-11-23 16:50:00,12,11,23,16,50,950,18,QU DE BEZONS,48.9309,2.2354,Plein jour,En agglomération,Hors intersection,Pluie forte,Trois véhicules et plus - en chaîne,,,,,,,,,,,1,2,1,3.0,4
201200048039,0012-11-23 20:55:00,12,11,23,20,55,950,18,R DE LA GRANDE CEINTURE,48.9494,2.2604,Nuit avec éclairage allumé,En agglomération,Hors intersection,Pluie légère,Deux véhicules - frontale,,,,,,,,,,,5,2,1,2.0,1
201200048040,0012-11-20 10:30:00,12,11,20,10,30,950,582,BD GABRIEL PERI,48.9681,2.2626,Plein jour,En agglomération,Hors intersection,Pluie légère,Autre collision,,,,,,,,,,,1,2,1,2.0,6
201200048041,0012-11-24 03:50:00,12,11,24,3,50,950,18,AV DE STALINGRAD,48.9529,2.2691,Nuit avec éclairage allumé,En agglomération,Hors intersection,Pluie légère,Sans collision,,,,,,,,,,,5,2,1,2.0,7
201200048042,0012-11-27 11:45:00,12,11,27,11,45,950,18,R PAUL VAILLANT COUTURIE,48.9443,2.2511,Plein jour,En agglomération,Intersection en X,Normale,Autre collision,,,,,,,,,,,1,2,2,1.0,6
201200048043,0012-11-27 13:15:00,12,11,27,13,15,950,582,R DU PUITS GOHIER,48.9708,2.2465,Plein jour,Hors agglomération,Hors intersection,Pluie légère,Deux véhicules - frontale,,,,,,,,,,,1,1,1,2.0,1
201200048044,0012-11-30 08:35:00,12,11,30,8,35,950,176,BD JOFFRE,48.9667,2.1984,Plein jour,En agglomération,Hors intersection,Normale,Deux véhicules - arrière,,,,,,,,,,,1,2,1,1.0,2
201200048045,0012-11-29 13:50:00,12,11,29,13,50,950,18,R DE MALCOUTURE,48.9577,2.2383,Plein jour,En agglomération,Intersection en X,Normale,Deux véhicules - côté,,,,,,,,,,,1,2,2,1.0,3
201200048046,0012-12-02 11:50:00,12,12,2,11,50,950,582,R DE LA REPUBLIQUE,48.9712,2.2631,Plein jour,En agglomération,Intersection en Y,Normale,Autre collision,,,,,,,,,,,1,2,4,1.0,6
201200048047,0012-12-05 13:00:00,12,12,5,13,0,950,582,BD PRESIDENT JF KENNEDY,48.9664,2.2692,Plein jour,En agglomération,Intersection en X,Normale,Deux véhicules - côté,,,,,,,,,,,1,2,2,1.0,3
201200048048,0012-12-04 08:20:00,12,12,4,8,20,950,582,BD MAURICE BERTEAUX,48.9685,2.2667,Crépuscule ou aube,En agglomération,Intersection en T,Pluie légère,Deux véhicules - côté,,,,,,,,,,,2,2,3,2.0,3
201200048049,0012-12-08 17:35:00,12,12,8,17,35,950,18,RTE D'ENGHIEN,48.9559,2.2782,Nuit sans éclairage public,En agglomération,Intersection en T,Pluie légère,Deux véhicules - côté,,,,,,,,,,,3,2,3,2.0,3
201200048050,0012-12-10 08:00:00,12,12,10,8,0,950,18,R DE LAFOSSE AUX LOUPS,48.9478,2.2096,Crépuscule ou aube,En agglomération,Hors intersection,Normale,Autre collision,,,,,,,,,,,2,2,1,1.0,6
201200048051,0012-12-12 11:54:00,12,12,12,11,54,950,18,PL CARNOT,48.9488,2.2512,Plein jour,En agglomération,Place,Normale,Deux véhicules - côté,,,,,,,,,,,1,2,7,1.0,3
201200048052,0012-12-11 07:30:00,12,12,11,7,30,950,582,RTE DU FORT,48.9679,2.2337,Crépuscule ou aube,En agglomération,Intersection en Y,Normale,Deux véhicules - côté,,,,,,,,,,,2,2,4,1.0,3
201200048053,0012-12-13 21:35:00,12,12,13,21,35,950,18,R DES ERABLES,48.9468,2.2178,Nuit sans éclairage public,En agglomération,Hors intersection,Pluie légère,Sans collision,,,,,,,,,,,3,2,1,2.0,7
201200048054,0012-12-16 21:00:00,12,12,16,21,0,950,176,BD GEOGES CLEMENCEAU,48.9739,2.1886,Nuit avec éclairage allumé,En agglomération,Intersection en T,Temps couvert,Sans collision,,,,,,,,,,,5,2,3,8.0,7
201200048055,0012-12-19 18:57:00,12,12,19,18,57,950,18,QUAI DE BEZONS,48.9367,2.2456,Nuit avec éclairage allumé,Hors agglomération,Intersection en T,Normale,Trois véhicules et plus - en chaîne,,,,,,,,,,,5,1,3,1.0,4
201200048056,0012-12-19 19:50:00,12,12,19,19,50,950,18,R HENRI BARBUSSE,48.9401,2.2451,Nuit avec éclairage allumé,En agglomération,Intersection en X,Pluie légère,Deux véhicules - arrière,,,,,,,,,,,5,2,2,2.0,2
201200048057,0012-12-19 15:40:00,12,12,19,15,40,950,18,R AMBROISE THOMAS,48.9371,2.2371,Plein jour,En agglomération,Intersection en X,Pluie légère,Deux véhicules - côté,,,,,,,,,,,1,2,2,2.0,3
201200048058,0012-12-25 15:54:00,12,12,25,15,54,950,18,AV JEAN JAURES,48.9409,2.2168,Plein jour,En agglomération,Intersection en X,Normale,Deux véhicules - côté,,,,,,,,,,,1,2,2,1.0,3
201200048059,0012-12-26 20:13:00,12,12,26,20,13,950,18,MARTYRS DE CHATEAUBRIANT,48.9515,2.2111,Nuit avec éclairage allumé,En agglomération,Hors intersection,Pluie forte,Autre collision,,,,,,,,,,,5,2,1,3.0,6
201200048060,0012-12-21 18:10:00,12,12,21,18,10,950,176,R EMY-LES-PRES,48.9717,2.2036,Nuit avec éclairage allumé,En agglomération,Hors intersection,Pluie légère,Autre collision,,,,,,,,,,,5,2,1,2.0,6
201200048061,0012-12-28 20:56:00,12,12,28,20,56,950,18,AV JEAN  JAURES,48.9399,2.2352,Nuit avec éclairage allumé,En agglomération,Hors intersection,Normale,Deux véhicules - côté,,,,,,,,,,,5,2,1,1.0,3
201200048062,0012-12-31 16:15:00,12,12,31,16,15,950,18,RTE D'ENGHIEN,48.9565,2.2824,Plein jour,En agglomération,Hors intersection,Normale,Autre collision,,,,,,,,,,,1,2,1,1.0,6
201200048063,0012-11-06 07:30:00,12,11,6,7,30,950,63,R EDOUARD VAILLANT,48.9274,2.2169,Plein jour,En agglomération,Intersection en T,Normale,Deux véhicules - frontale,,,,,,,,,,,1,2,3,1.0,1
201200048064,0012-01-04 08:00:00,12,1,4,8,0,950,63,QUAI VOLTAIRE,48.9271,2.2282,Plein jour,Hors agglomération,Hors intersection,Normale,Deux véhicules - côté,,,,,,,,,,,1,1,1,1.0,3
201200048065,0012-02-01 07:55:00,12,2,1,7,55,950,63,PL LENINE,48.9222,2.2179,Crépuscule ou aube,En agglomération,Hors intersection,Normale,Deux véhicules - côté,,,,,,,,,,,2,2,1,1.0,3
201200048066,0012-02-23 23:50:00,12,2,23,23,50,950,63,R DENIS PAPIN,48.9389,2.2049,Nuit avec éclairage allumé,En agglomération,Hors intersection,Normale,Deux véhicules - côté,,,,,,,,,,,5,2,1,1.0,3
201200048067,0012-02-28 17:00:00,12,2,28,17,0,950,63,R PROFESSEUR ROUX,48.9322,2.2132,Plein jour,En agglomération,Hors intersection,Normale,Autre collision,,,,,,,,,,,1,2,1,1.0,6
201200048068,0012-03-02 18:40:00,12,3,2,18,40,950,63,AV GABRIEL PERI,48.9304,2.2127,Nuit avec éclairage allumé,En agglomération,Hors intersection,Normale,Trois véhicules et plus - collisions multiples,,,,,,,,,,,5,2,1,1.0,5
201200048069,0012-03-13 16:55:00,12,3,13,16,55,950,63,R DES FRERES BONNEFF,48.9292,2.2116,Plein jour,En agglomération,Hors intersection,Normale,Autre collision,,,,,,,,,,,1,2,1,1.0,6
201200048070,0012-03-29 22:10:00,12,3,29,22,10,950,63,R EDOUARD VAILLANT,48.9265,2.2137,Nuit avec éclairage allumé,En agglomération,Hors intersection,Normale,Deux véhicules - côté,,,,,,,,,,,5,2,1,1.0,3
201200048071,0012-05-25 18:40:00,12,5,25,18,40,950,63,QUAI VOLTAIRE,48.9256,2.2257,Plein jour,Hors agglomération,Hors intersection,Normale,Deux véhicules - côté,,,,,,,,,,,1,1,1,1.0,3
201200048072,0012-06-07 09:00:00,12,6,7,9,0,950,63,R DE LA PAIX,48.9277,2.2207,Plein jour,En agglomération,Hors intersection,Normale,Deux véhicules - frontale,,,,,,,,,,,1,2,1,1.0,1
201200048073,0012-06-29 22:40:00,12,6,29,22,40,950,63,R JULIUS ET ETHEL ROSENB,48.9234,2.2174,Nuit avec éclairage allumé,Hors agglomération,Hors intersection,Normale,Deux véhicules - côté,,,,,,,,,,,5,1,1,1.0,3
201200048074,0012-06-21 20:20:00,12,6,21,20,20,950,63,R JEAN CARRASSO,48.9196,2.2144,Plein jour,Hors agglomération,Hors intersection,Normale,Deux véhicules - côté,,,,,,,,,,,1,1,1,1.0,3
201200048075,0012-07-31 19:40:00,12,7,31,19,40,950,63,R MAURICE BERTEAUX,48.9308,2.2073,Plein jour,En agglomération,Hors intersection,Normale,Deux véhicules - frontale,,,,,,,,,,,1,2,1,1.0,1
201200048076,0012-08-03 20:10:00,12,8,3,20,10,950,63,AV GABRIEL PERI,49.9335,2.2097,Plein jour,En agglomération,Hors intersection,Normale,Deux véhicules - côté,,,,,,,,,,,1,2,1,1.0,3
201200048077,0012-08-02 19:00:00,12,8,2,19,0,950,63,R EMILE ZOLA,48.9226,2.2172,Plein jour,En agglomération,Intersection en Y,Normale,Autre collision,,,,,,,,,,,1,2,4,1.0,6
201200048078,0012-08-21 11:00:00,12,8,21,11,0,950,63,R AMPERE,48.9353,2.2079,Plein jour,En agglomération,Hors intersection,Normale,Autre collision,,,,,,,,,,,1,2,1,1.0,6
201200048079,0012-09-06 23:20:00,12,9,6,23,20,950,63,R GEORGES GENTIL,48.9303,2.2127,Nuit avec éclairage allumé,En agglomération,Intersection en T,Normale,Deux véhicules - côté,,,,,,,,,,,5,2,3,1.0,3
201200048080,0012-09-12 16:40:00,12,9,12,16,40,950,63,R CLAUDE BERNARD,48.9241,2.2087,Plein jour,En agglomération,Hors intersection,Normale,Autre collision,,,,,,,,,,,1,2,1,1.0,6
201200048081,0012-10-29 18:10:00,12,10,29,18,10,950,63,AV GABRIEL PERI,48.9289,2.2142,Nuit avec éclairage allumé,En agglomération,Intersection en T,Normale,Deux véhicules - frontale,,,,,,,,,,,5,2,3,1.0,1
201200048082,0012-12-18 15:35:00,12,12,18,15,35,950,63,R DE PONTOISE,48.9272,2.2159,Plein jour,En agglomération,Hors intersection,Normale,Deux véhicules - côté,,,,,,,,,,,1,2,1,1.0,3
201200048083,0012-01-11 14:45:00,12,1,11,14,45,950,500,R DES  PATIS,49.0528,2.0775,Plein jour,En agglomération,Hors intersection,Normale,Deux véhicules - frontale,,,,,,,,,,,1,2,1,1.0,1
201200048084,0012-03-15 16:35:00,12,3,15,16,35,950,127,AV DE LA CONSTELLATION,49.0478,2.0312,Plein jour,En agglomération,Hors intersection,Temps éblouissant,Autre collision,,,,,,,,,,,1,2,1,7.0,6
201200048085,0012-03-06 10:20:00,12,3,6,10,20,950,218,BD JACQUES DUCLOS,49.0133,2.09019,Plein jour,Hors agglomération,Hors intersection,Normale,Deux véhicules - arrière,,,,,,,,,,,1,1,1,1.0,2
201200048086,0012-12-29 19:00:00,12,12,29,19,0,950,572,R DU  MAIL,49.0476,2.1048,Nuit avec éclairage allumé,En agglomération,Hors intersection,Pluie forte,Deux véhicules - frontale,,,,,,,,,,,5,2,1,3.0,1
201200048087,0012-01-25 17:15:00,12,1,25,17,15,950,476,R PASTEUR,49.0621,2.0674,Plein jour,En agglomération,Hors intersection,Normale,Autre collision,,,,,,,,,,,1,2,1,1.0,6
201200048088,0012-02-10 06:25:00,12,2,10,6,25,950,218,AV FERNAND CHATELAIN,49.0244,2.1122,Nuit avec éclairage allumé,En agglomération,Giratoire,Normale,Autre collision,,,,,,,,,,,5,2,6,1.0,6
201200048089,0012-02-22 22:55:00,12,2,22,22,55,950,572,RN 184,49.0324,2.1076,Nuit sans éclairage public,Hors agglomération,Hors intersection,Temps couvert,Autre collision,,,,,,,,,,,3,1,1,8.0,6
201200048090,0012-01-16 10:30:00,12,1,16,10,30,950,488,AV DU GENERAL LECLERC,49.0227,2.1429,Plein jour,En agglomération,Hors intersection,Normale,Autre collision,,,,,,,,,,,1,2,1,1.0,6
201200048091,0012-01-27 07:55:00,12,1,27,7,55,950,218,R SALVADOR ALLENDE,49.0197,2.1028,Crépuscule ou aube,En agglomération,Hors intersection,Pluie légère,Autre collision,,,,,,,,,,,2,2,1,2.0,6
201200048092,0012-02-22 06:00:00,12,2,22,6,0,950,572,R MARCEL DASSAULT,49.0436,2.1307,Nuit avec éclairage allumé,Hors agglomération,Intersection en Y,Normale,Deux véhicules - côté,,,,,,,,,,,5,1,4,1.0,3
201200048093,0012-02-28 05:00:00,12,2,28,5,0,950,218,BD JACQUES DUCLOS,49.0183,2.0962,Nuit avec éclairage allumé,En agglomération,Hors intersection,Normale,Deux véhicules - arrière,,,,,,,,,,,5,2,1,1.0,2
201200048094,0012-03-24 10:10:00,12,3,24,10,10,950,127,BD DE L'OISE,49.0407,2.0743,Plein jour,En agglomération,Intersection en T,Normale,Deux véhicules - côté,,,,,,,,,,,1,2,3,1.0,3
201200048095,0012-05-13 15:45:00,12,5,13,15,45,950,572,CHS JULES CESAR,49.0377,2.1109,Plein jour,En agglomération,Hors intersection,Normale,Autre collision,,,,,,,,,,,1,2,1,1.0,6
201200048096,0012-05-16 07:25:00,12,5,16,7,25,950,488,CHE DU PARC,49.0167,2.1745,Plein jour,Hors agglomération,Intersection en X,Normale,Trois véhicules et plus - collisions multiples,,,,,,,,,,,1,1,2,1.0,5
201200048097,0012-05-04 17:00:00,12,5,4,17,0,950,572,AV DU VERT GALANT,49.0493,2.1345,Plein jour,En agglomération,Hors intersection,Pluie légère,Deux véhicules - frontale,,,,,,,,,,,1,2,1,2.0,1
201200048098,0012-05-17 08:50:00,12,5,17,8,50,950,127,BD DE L'HAUTIL,49.0329,2.0789,Plein jour,En agglomération,Intersection en X,Normale,Deux véhicules - côté,,,,,,,,,,,1,2,2,1.0,3
201200048099,0012-06-05 17:30:00,12,6,5,17,30,950,476,R DES BEAUX SOLEILS,49.0518,2.0728,Plein jour,En agglomération,Hors intersection,Normale,Deux véhicules - côté,,,,,,,,,,,1,2,1,1.0,3
201200048100,0012-06-17 20:00:00,12,6,17,20,0,950,127,R DES TOULEUSES POURPRES,49.0297,2.0775,Plein jour,En agglomération,Hors intersection,Normale,Autre collision,,,,,,,,,,,1,2,1,1.0,6
201200048101,0012-07-18 15:30:00,12,7,18,15,30,950,572,AV DES BELLEVUES,49.0332,2.1238,Plein jour,En agglomération,Hors intersection,Normale,Autre collision,,,,,,,,,,,1,2,1,1.0,6
201200048102,0012-08-16 08:45:00,12,8,16,8,45,950,127,BD DE LA PAIX,49.0534,2.03189,Plein jour,En agglomération,Hors intersection,Normale,Autre collision,,,,,,,,,,,1,2,1,1.0,6
201200048103,0012-09-02 20:15:00,12,9,2,20,15,950,572,AV GENERAL DE GAULLE,49.0449,2.1074,Plein jour,En agglomération,Hors intersection,Normale,Autre collision,,,,,,,,,,,1,2,1,1.0,6
201200048104,0012-09-14 12:00:00,12,9,14,12,0,950,127,BD DU PORT,49.0374,2.0729,Plein jour,En agglomération,Intersection à plus de 4 branches,Normale,Deux véhicules - côté,,,,,,,,,,,1,2,5,1.0,3
201200048105,0012-09-19 11:15:00,12,9,19,11,15,950,572,R LOUIS DELAGE,49.0337,2.1174,Plein jour,En agglomération,Hors intersection,Normale,Deux véhicules - côté,,,,,,,,,,,1,2,1,1.0,3
201200048106,0012-09-28 10:30:00,12,9,28,10,30,950,218,AV DU GROS CHENE,49.0281,2.1056,Plein jour,En agglomération,Hors intersection,Normale,Autre collision,,,,,,,,,,,1,2,1,1.0,6
201200048107,0012-10-01 11:25:00,12,10,1,11,25,950,127,BD DE L'OISE,49.0474,2.05189,Plein jour,En agglomération,Intersection en X,Normale,Deux véhicules - arrière,,,,,,,,,,,1,2,2,1.0,2
201200048108,0012-10-19 09:00:00,12,10,19,9,0,950,500,BD JEAN JAURES,49.0514,2.1004,Plein jour,En agglomération,Intersection en X,Normale,Autre collision,,,,,,,,,,,1,2,2,1.0,6
201200048109,0012-10-31 23:40:00,12,10,31,23,40,950,127,BD MOULIN A VENT,49.0524,2.02389,Nuit avec éclairage allumé,En agglomération,Intersection en X,Normale,Deux véhicules - côté,,,,,,,,,,,5,2,2,1.0,3
201200048110,0012-11-05 21:20:00,12,11,5,21,20,950,572,AV DE PARIS,49.0386,2.1174,Nuit avec éclairage allumé,En agglomération,Hors intersection,Pluie légère,Autre collision,,,,,,,,,,,5,2,1,2.0,6
201200048111,0012-12-01 21:05:00,12,12,1,21,5,950,218,AV JEAN JAURES,49.0179,2.0968,Nuit avec éclairage allumé,En agglomération,Hors intersection,Pluie légère,Autre collision,,,,,,,,,,,5,2,1,2.0,6
201200048112,0012-11-04 16:45:00,12,11,4,16,45,950,500,AV KENNEDY,49.0629,2.0899,Plein jour,En agglomération,Hors intersection,Normale,Autre collision,,,,,,,,,,,1,2,1,1.0,6
201200048113,0012-11-08 14:45:00,12,11,8,14,45,950,218,BD DE COMMUNE DE PARIS,49.0194,2.1023,Plein jour,En agglomération,Intersection en X,Normale,Deux véhicules - frontale,,,,,,,,,,,1,2,2,1.0,1
201200048114,0012-11-13 18:00:00,12,11,13,18,0,950,218,BD CHARLES DE GAULLE,49.0231,2.1105,Nuit avec éclairage allumé,En agglomération,Hors intersection,Normale,Autre collision,,,,,,,,,,,5,2,1,1.0,6
201200048115,0012-11-29 07:45:00,12,11,29,7,45,950,127,RN 14,49.0551,2.0527,Nuit sans éclairage public,Hors agglomération,Hors intersection,Pluie légère,Trois véhicules et plus - en chaîne,,,,,,,,,,,3,1,1,2.0,4
201200048116,0012-01-13 15:50:00,12,1,13,15,50,950,197,RTE DE SAINT DENIS,48.9608,2.3259,Plein jour,En agglomération,Hors intersection,Normale,Autre collision,,,,,,,,,,,1,2,1,1.0,6
201200048117,0012-03-24 17:15:00,12,3,24,17,15,950,427,AV GENERAL DE GAULLE,48.9737,2.3492,Plein jour,En agglomération,Intersection en X,Normale,Deux véhicules - côté,,,,,,,,,,,1,2,2,1.0,3
201200048118,0012-03-30 01:20:00,12,3,30,1,20,950,427,AV MAURICE UTRILLO,48.9779,2.3622,Nuit sans éclairage public,En agglomération,Hors intersection,Normale,Sans collision,,,,,,,,,,,3,2,1,1.0,7
201200048119,0012-03-27 08:00:00,12,3,27,8,0,950,197,R DE LA BARRE,48.9715,2.3226,Plein jour,En agglomération,Hors intersection,Normale,Autre collision,,,,,,,,,,,1,2,1,1.0,6
201200048120,0012-04-18 17:30:00,12,4,18,17,30,950,427,AV DE LA GARE,48.9751,2.3376,Plein jour,En agglomération,Hors intersection,Normale,Autre collision,,,,,,,,,,,1,2,1,1.0,6
201200048121,0012-05-24 18:00:00,12,5,24,18,0,950,427,R DE VILLETANEUSE,48.9682,2.3455,Plein jour,En agglomération,Hors intersection,Normale,Autre collision,,,,,,,,,,,1,2,1,1.0,6
201200048122,0012-07-21 04:05:00,12,7,21,4,5,950,427,R D'EPINAY,48.9638,2.3354,Nuit avec éclairage allumé,En agglomération,Hors intersection,Normale,Sans collision,,,,,,,,,,,5,2,1,1.0,7
201200048123,0012-08-17 21:40:00,12,8,17,21,40,950,197,R HAUTE,48.9772,2.3274,Crépuscule ou aube,En agglomération,Intersection en X,Normale,Deux véhicules - côté,,,,,,,,,,,2,2,2,1.0,3
201200048124,0012-09-17 14:00:00,12,9,17,14,0,950,427,R JULES FERRY,48.9554,2.3333,Plein jour,En agglomération,Intersection en T,Normale,Deux véhicules - côté,,,,,,,,,,,1,2,3,1.0,3
201200048125,0012-02-18 20:50:00,12,2,18,20,50,950,555,AV MATHILDE,48.9741,2.2938,Nuit avec éclairage allumé,En agglomération,Hors intersection,Pluie légère,Deux véhicules - arrière,,,,,,,,,,,5,2,1,2.0,2
201200048126,0012-04-12 19:05:00,12,4,12,19,5,950,598,AV DE PARIS,48.9845,2.2988,Nuit avec éclairage allumé,En agglomération,Hors intersection,Normale,Deux véhicules - arrière,,,,,,,,,,,5,2,1,1.0,2
201200048127,0012-11-18 11:36:00,12,11,18,11,36,950,598,AV DE PARIS,48.9905,2.2899,Plein jour,En agglomération,Hors intersection,Pluie forte,Autre collision,,,,,,,,,,,1,2,1,3.0,6
201200048128,0012-11-19 18:30:00,12,11,19,18,30,950,428,AV DE LA FONTAINE RENE,48.9938,2.3191,Nuit avec éclairage allumé,En agglomération,Hors intersection,Normale,Trois véhicules et plus - en chaîne,,,,,,,,,,,5,2,1,1.0,4
201200048129,0012-12-14 16:20:00,12,12,14,16,20,950,598,R DES DURES TERRES,48.9901,2.2956,Plein jour,En agglomération,Hors intersection,Temps couvert,Autre collision,,,,,,,,,,,1,2,1,8.0,6
201200048130,0012-01-02 19:50:00,12,1,2,19,50,950,491,CHS JULES CESAR,48.9999,2.2263,Nuit avec éclairage allumé,En agglomération,Intersection en T,Normale,Deux véhicules - frontale,,,,,,,,,,,5,2,3,1.0,1
201200048131,0012-01-09 08:25:00,12,1,9,8,25,950,491,CHS JULES CESAR,48.9964,2.2373,Plein jour,En agglomération,Intersection en Y,Normale,Deux véhicules - côté,,,,,,,,,,,1,2,4,1.0,3
201200048132,0012-01-17 11:40:00,12,1,17,11,40,950,219,R DE L'EGLISE,48.9893,2.2592,Plein jour,En agglomération,Hors intersection,Normale,Autre collision,,,,,,,,,,,1,2,1,1.0,6
201200048133,0012-01-17 12:30:00,12,1,17,12,30,950,219,R DE L'EGLISE,48.9905,2.2594,Plein jour,En agglomération,Hors intersection,Normale,Autre collision,,,,,,,,,,,1,2,1,1.0,6
201200048134,0012-01-25 10:10:00,12,1,25,10,10,950,203,RTE DE MARGENCY,48.9951,2.2835,Plein jour,En agglomération,Hors intersection,Normale,Autre collision,,,,,,,,,,,1,2,1,1.0,6
201200048135,0012-02-01 23:40:00,12,2,1,23,40,950,491,CHAUSSEEE JULES CESAR,48.9959,2.2386,Nuit avec éclairage allumé,En agglomération,Intersection en T,Normale,Deux véhicules - frontale,,,,,,,,,,,5,2,3,1.0,1
201200048136,0012-02-03 14:20:00,12,2,3,14,20,950,203,PL MAX ERNST,48.9932,2.2819,Plein jour,En agglomération,Hors intersection,Normale,Autre collision,,,,,,,,,,,1,2,1,1.0,6
201200048137,0012-02-04 10:05:00,12,2,4,10,5,950,491,CHS JULES CESAR,48.9984,2.2302,Plein jour,En agglomération,Intersection en T,Normale,Autre collision,,,,,,,,,,,1,2,3,1.0,6
201200048138,0012-02-04 12:35:00,12,2,4,12,35,950,219,ALL DE LA CHAPELLE,48.9849,2.2534,Plein jour,En agglomération,Hors intersection,Normale,Sans collision,,,,,,,,,,,1,2,1,1.0,7