accident_id,datetime,annee,mois,jour,heure,minute,departement,commune_insee,adresse,latitude,longitude,luminosite,agglomeration,intersection,meteo,collision,nb_vehicules,nb_usagers,nb_indemnes,nb_tues,nb_blesses_hosp,nb_blesses_legers,age_cond_1,age_cond_2,veh_type_cond_1,veh_type_cond_2,lum_code,agg_code,int_code,atm_code,col_code
201200048139,0012-02-04 19:15:00,12,2,4,19,15,950,219,R JEAN PHILIPPE RAMEAU,48.9984,2.2498,Nuit avec éclairage allumé,En agglomération,Intersection en T,Normale,Deux véhicules - frontale,,,,,,,,,,,5,2,3,1.0,1
201200048140,0012-02-05 11:45:00,12,2,5,11,45,950,491,R PASTEUR,48.9973,2.2396,Plein jour,En agglomération,Hors intersection,Normale,Sans collision,,,,,,,,,,,1,2,1,1.0,7
201200048141,0012-02-12 10:55:00,12,2,12,10,55,950,252,AV DES MARAIS,48.9906,2.2228,Plein jour,En agglomération,Hors intersection,Normale,Autre collision,,,,,,,,,,,1,2,1,1.0,6
201200048142,0012-02-12 14:45:00,12,2,12,14,45,950,219,R JEAN JAURES,48.9846,2.2578,Plein jour,En agglomération,Hors intersection,Normale,Sans collision,,,,,,,,,,,1,2,1,1.0,7
201200048143,0012-02-26 16:35:00,12,2,26,16,35,950,252,R CHARLES BURGER,48.9941,2.2342,Plein jour,En agglomération,Intersection en T,Normale,Deux véhicules - arrière,,,,,,,,,,,1,2,3,1.0,2
201200048144,0012-02-29 16:50:00,12,2,29,16,50,950,219,R DE LA PETITE BAPAUME,48.9938,2.2517,Plein jour,En agglomération,Hors intersection,Normale,Autre collision,,,,,,,,,,,1,2,1,1.0,6
201200048145,0012-03-05 13:00:00,12,3,5,13,0,950,252,PL DE LA GARE,48.9937,2.2356,Plein jour,En agglomération,Hors intersection,Normale,Autre collision,,,,,,,,,,,1,2,1,1.0,6
201200048146,0012-03-12 15:10:00,12,3,12,15,10,950,252,R DU CHEMIN NEUF,48.9789,2.2325,Plein jour,En agglomération,Hors intersection,Normale,Deux véhicules - arrière,,,,,,,,,,,1,2,1,1.0,2
201200048147,0012-03-16 16:40:00,12,3,16,16,40,950,252,R DE LA STATION,48.9861,2.2311,Plein jour,En agglomération,Hors intersection,Normale,Autre collision,,,,,,,,,,,1,2,1,1.0,6
201200048148,0012-03-25 11:20:00,12,3,25,11,20,950,219,BD DE CERNAY,48.9812,2.2478,Plein jour,En agglomération,Hors intersection,Normale,Trois véhicules et plus - en chaîne,,,,,,,,,,,1,2,1,1.0,4
201200048149,0012-03-27 17:20:00,12,3,27,17,20,950,252,BD DU BEL-AIR,48.9858,2.2379,Plein jour,En agglomération,Hors intersection,Normale,Trois véhicules et plus - en chaîne,,,,,,,,,,,1,2,1,1.0,4
201200048150,0012-04-02 03:05:00,12,4,2,3,5,950,252,R DE CORMEILLES,48.9846,2.2255,Nuit avec éclairage non allumé,En agglomération,Hors intersection,Normale,Sans collision,,,,,,,,,,,4,2,1,1.0,7
201200048151,0012-04-04 08:25:00,12,4,4,8,25,950,252,CHE DE LA MARE EPINEUSE,48.9913,2.2065,Plein jour,En agglomération,Intersection en T,Normale,Deux véhicules - côté,,,,,,,,,,,1,2,3,1.0,3
201200048152,0012-04-28 17:40:00,12,4,28,17,40,950,203,R DU DOCTEUR ROUX,48.9991,2.2716,Plein jour,En agglomération,Hors intersection,Normale,Deux véhicules - frontale,,,,,,,,,,,1,2,1,1.0,1
201200048153,0012-05-03 09:45:00,12,5,3,9,45,950,203,AV DE PARIS,48.9924,2.2844,Plein jour,En agglomération,Hors intersection,Normale,Autre collision,,,,,,,,,,,1,2,1,1.0,6
201200048154,0012-05-11 18:05:00,12,5,11,18,5,950,252,CHS JULES CESAR,48.9999,2.2259,Plein jour,En agglomération,Intersection en T,Normale,Deux véhicules - côté,,,,,,,,,,,1,2,3,1.0,3
201200048155,0012-05-12 11:15:00,12,5,12,11,15,950,219,R DE TANGER,48.9941,2.2609,Plein jour,En agglomération,Intersection en Y,Normale,Deux véhicules - frontale,,,,,,,,,,,1,2,4,1.0,1
201200048156,0012-05-14 15:35:00,12,5,14,15,35,950,252,BD RHIN ET DANUBE,48.9928,2.2196,Plein jour,En agglomération,Hors intersection,Normale,Deux véhicules - arrière,,,,,,,,,,,1,2,1,1.0,2
201200048157,0012-05-16 07:35:00,12,5,16,7,35,950,219,AV 1ère ARMEE FRANCAISE,48.9931,2.2641,Plein jour,En agglomération,Hors intersection,Normale,Deux véhicules - arrière,,,,,,,,,,,1,2,1,1.0,2
201200048158,0012-05-19 15:25:00,12,5,19,15,25,950,252,BD RHIN ET DANUBE,48.9925,2.2209,Plein jour,En agglomération,Hors intersection,Normale,Deux véhicules - côté,,,,,,,,,,,1,2,1,1.0,3
201200048159,0012-05-22 05:40:00,12,5,22,5,40,950,426,R DE PARIS,49.0165,2.2889,Nuit avec éclairage allumé,En agglomération,Hors intersection,Normale,Autre collision,,,,,,,,,,,5,2,1,1.0,6
201200048160,0012-06-02 13:15:00,12,6,2,13,15,950,219,AV GEORGES POMPIDOU,48.9866,2.2474,Plein jour,En agglomération,Hors intersection,Normale,Deux véhicules - côté,,,,,,,,,,,1,2,1,1.0,3
201200048161,0012-06-02 20:00:00,12,6,2,20,0,950,203,CHS JULES CESAR,48.9826,2.2781,Plein jour,En agglomération,Hors intersection,Normale,Sans collision,,,,,,,,,,,1,2,1,1.0,7
201200048162,0012-06-11 08:50:00,12,6,11,8,50,950,252,AV DES MARAIS,48.9967,2.2199,Plein jour,En agglomération,Hors intersection,Normale,Deux véhicules - arrière,,,,,,,,,,,1,2,1,1.0,2
201200048163,0012-06-14 17:35:00,12,6,14,17,35,950,252,BD DU BEL-AIR,48.9866,2.2353,Plein jour,En agglomération,Intersection en Y,Normale,Deux véhicules - côté,,,,,,,,,,,1,2,4,1.0,3
201200048164,0012-06-17 17:50:00,12,6,17,17,50,950,203,BD DE LA REPUBLIQUE,48.9867,2.2795,Plein jour,En agglomération,Hors intersection,Normale,Deux véhicules - côté,,,,,,,,,,,1,2,1,1.0,3
201200048165,0012-06-18 17:30:00,12,6,18,17,30,950,203,R GAMBETTA,48.9975,2.2652,Plein jour,En agglomération,Intersection en X,Normale,Deux véhicules - côté,,,,,,,,,,,1,2,2,1.0,3
201200048166,0012-06-19 14:08:00,12,6,19,14,8,950,203,R TARBE DES SABLONS,48.9951,2.2718,Plein jour,En agglomération,Hors intersection,Normale,Deux véhicules - arrière,,,,,,,,,,,1,2,1,1.0,2
201200048167,0012-06-26 19:10:00,12,6,26,19,10,950,574,MONTMORENCY,49.0078,2.2697,Plein jour,En agglomération,Hors intersection,Normale,Autre collision,,,,,,,,,,,1,2,1,1.0,6
201200048168,0012-06-29 16:25:00,12,6,29,16,25,950,219,R RAOUL DAUTRY,48.9809,2.2673,Plein jour,En agglomération,Hors intersection,Normale,Deux véhicules - côté,,,,,,,,,,,1,2,1,1.0,3
201200048169,0012-07-01 16:10:00,12,7,1,16,10,950,252,BD DU BEL-AIR,48.9875,2.2333,Plein jour,En agglomération,Hors intersection,Normale,Deux véhicules - côté,,,,,,,,,,,1,2,1,1.0,3
201200048170,0012-07-03 16:55:00,12,7,3,16,55,950,574,RTE DE MONTMORENCY,49.0082,2.2691,Plein jour,En agglomération,Hors intersection,Normale,Autre collision,,,,,,,,,,,1,2,1,1.0,6
201200048171,0012-07-04 12:50:00,12,7,4,12,50,950,219,R DU COSMOS,48.9891,2.2499,Plein jour,En agglomération,Intersection en T,Normale,Autre collision,,,,,,,,,,,1,2,3,1.0,6
201200048172,0012-07-22 17:30:00,12,7,22,17,30,950,491,CHS JULES CESAR,48.9997,2.2264,Plein jour,En agglomération,Hors intersection,Normale,Deux véhicules - côté,,,,,,,,,,,1,2,1,1.0,3
201200048173,0012-07-26 22:30:00,12,7,26,22,30,950,203,AV VOLTAIRE,48.9941,2.2796,Nuit avec éclairage allumé,En agglomération,Intersection en X,Normale,Deux véhicules - côté,,,,,,,,,,,5,2,2,1.0,3
201200048174,0012-08-03 09:40:00,12,8,3,9,40,950,252,R DE L'HOSTELLERIE,48.9803,2.2319,Plein jour,En agglomération,Hors intersection,Normale,Autre collision,,,,,,,,,,,1,2,1,1.0,6
201200048175,0012-08-03 18:05:00,12,8,3,18,5,950,219,R DE STALINGRAD,48.9865,2.2569,Plein jour,En agglomération,Hors intersection,Normale,Trois véhicules et plus - collisions multiples,,,,,,,,,,,1,2,1,1.0,5
201200048176,0012-08-08 18:25:00,12,8,8,18,25,950,252,CHE DE LA MARE EPINEUSE,48.9902,2.2049,Plein jour,En agglomération,Hors intersection,Normale,Autre collision,,,,,,,,,,,1,2,1,1.0,6
201200048177,0012-08-10 11:30:00,12,8,10,11,30,950,491,CHAUSSEE JULES CESAR,48.9959,2.2384,Plein jour,En agglomération,Intersection en X,Normale,Deux véhicules - côté,,,,,,,,,,,1,2,2,1.0,3
201200048178,0012-08-16 07:50:00,12,8,16,7,50,950,582,AV MARECHAL DELATTRE,48.9841,2.2365,Plein jour,En agglomération,Giratoire,Normale,Autre collision,,,,,,,,,,,1,2,6,1.0,6
201200048179,0012-08-20 18:00:00,12,8,20,18,0,950,426,R DE PARIS,49.0231,2.2954,Plein jour,En agglomération,Hors intersection,Normale,Deux véhicules - côté,,,,,,,,,,,1,2,1,1.0,3
201200048180,0012-09-03 09:10:00,12,9,3,9,10,950,252,CH VERT DES GRATTE BOEUF,48.9904,2.2153,Plein jour,En agglomération,Hors intersection,Normale,Deux véhicules - frontale,,,,,,,,,,,1,2,1,1.0,1
201200048181,0012-09-03 20:40:00,12,9,3,20,40,950,252,CH VERT DES GRATTE BOEUF,48.9909,2.2156,Crépuscule ou aube,En agglomération,Intersection en T,Normale,Deux véhicules - frontale,,,,,,,,,,,2,2,3,1.0,1
201200048182,0012-09-08 19:20:00,12,9,8,19,20,950,252,R FRANCOIS PLASSON,48.9939,2.2382,Plein jour,En agglomération,Intersection en Y,Normale,Deux véhicules - côté,,,,,,,,,,,1,2,4,1.0,3
201200048183,0012-09-10 20:10:00,12,9,10,20,10,950,219,R DU SYNDICAT,48.9951,2.2508,Crépuscule ou aube,En agglomération,Intersection en T,Normale,Autre collision,,,,,,,,,,,2,2,3,1.0,6
201200048184,0012-09-16 12:03:00,12,9,16,12,3,950,203,BD DE CERNAY,48.9821,2.2462,Plein jour,En agglomération,Hors intersection,Normale,Deux véhicules - côté,,,,,,,,,,,1,2,1,1.0,3
201200048185,0012-09-16 19:00:00,12,9,16,19,0,950,203,RTE DE SAINT LEU,48.9962,2.2722,Plein jour,En agglomération,Hors intersection,Normale,Autre collision,,,,,,,,,,,1,2,1,1.0,6
201200048186,0012-09-20 18:20:00,12,9,20,18,20,950,219,AV GEORGES POMPIDOU,48.9882,2.2486,Plein jour,En agglomération,Hors intersection,Temps couvert,Trois véhicules et plus - collisions multiples,,,,,,,,,,,1,2,1,8.0,5
201200048187,0012-09-23 11:46:00,12,9,23,11,46,950,203,RTE DE MONTMORENCY,49.0035,2.2811,Plein jour,En agglomération,Giratoire,Normale,Deux véhicules - côté,,,,,,,,,,,1,2,6,1.0,3
201200048188,0012-09-25 20:10:00,12,9,25,20,10,950,252,BD DU BEL-AIR,48.9861,2.2371,Crépuscule ou aube,En agglomération,Hors intersection,Normale,Deux véhicules - côté,,,,,,,,,,,2,2,1,1.0,3
201200048189,0012-10-01 09:00:00,12,10,1,9,0,950,574,AV GENERAL LECLERC,49.0074,2.2573,Plein jour,En agglomération,Hors intersection,Normale,Autre collision,,,,,,,,,,,1,2,1,1.0,6
201200048190,0012-10-02 08:55:00,12,10,2,8,55,950,219,R DU GRAND GRIL,48.9775,2.2714,Plein jour,En agglomération,Intersection en T,Temps couvert,Deux véhicules - arrière,,,,,,,,,,,1,2,3,8.0,2
201200048191,0012-10-02 16:30:00,12,10,2,16,30,950,203,CHAUSSEE JULES CESAR,48.9869,2.2656,Plein jour,En agglomération,Intersection en X,Normale,Deux véhicules - côté,,,,,,,,,,,1,2,2,1.0,3
201200048192,0012-10-09 16:40:00,12,10,9,16,40,950,219,AV DE LA MAIRIE,48.98899,2.2559,Plein jour,En agglomération,Giratoire,Normale,Autre collision,,,,,,,,,,,1,2,6,1.0,6
201200048193,0012-10-11 17:40:00,12,10,11,17,40,950,426,BD  ARMAND HAYEM,49.0056,2.2815,Plein jour,En agglomération,Hors intersection,Normale,Autre collision,,,,,,,,,,,1,2,1,1.0,6
201200048194,0012-10-17 17:25:00,12,10,17,17,25,950,219,AV GEORGES POMPIDOU,48.9873,2.2481,Plein jour,En agglomération,Hors intersection,Normale,Deux véhicules - arrière,,,,,,,,,,,1,2,1,1.0,2
201200048195,0012-10-18 08:14:00,12,10,18,8,14,950,252,BD DU  BEL-AIR,48.9849,2.2397,Crépuscule ou aube,En agglomération,Hors intersection,Pluie légère,Trois véhicules et plus - en chaîne,,,,,,,,,,,2,2,1,2.0,4
201200048196,0012-10-18 22:55:00,12,10,18,22,55,950,203,CARR CHARLES DE GAULLE,48.9949,2.2757,Nuit avec éclairage allumé,En agglomération,Giratoire,Pluie légère,Deux véhicules - côté,,,,,,,,,,,5,2,6,2.0,3
201200048197,0012-10-19 20:05:00,12,10,19,20,5,950,574,BD ARMAND HAYEM,49.0114,2.2812,Nuit avec éclairage allumé,En agglomération,Intersection en X,Normale,Deux véhicules - côté,,,,,,,,,,,5,2,2,1.0,3
201200048198,0012-10-23 18:20:00,12,10,23,18,20,950,219,RTE SAINT LEU,48.9937,2.2572,Plein jour,En agglomération,Hors intersection,Normale,Autre collision,,,,,,,,,,,1,2,1,1.0,6
201200048199,0012-10-24 16:45:00,12,10,24,16,45,950,252,R DU  CAPITAINE DREYFUS,48.9785,2.2343,Plein jour,En agglomération,Hors intersection,Normale,Sans collision,,,,,,,,,,,1,2,1,1.0,7
201200048200,0012-10-25 08:30:00,12,10,25,8,30,950,574,R DE LA POSTE,49.0067,2.2616,Plein jour,En agglomération,Hors intersection,Normale,Autre collision,,,,,,,,,,,1,2,1,1.0,6
201200048201,0012-10-26 02:10:00,12,10,26,2,10,950,252,R DU GENERAL LECLERC,48.9865,2.2201,Nuit avec éclairage allumé,En agglomération,Intersection en T,Normale,Autre collision,,,,,,,,,,,5,2,3,1.0,6
201200048202,0012-10-29 20:35:00,12,10,29,20,35,950,491,R GABRIEL PERI,48.9983,2.2459,Nuit avec éclairage allumé,En agglomération,Hors intersection,Normale,Deux véhicules - côté,,,,,,,,,,,5,2,1,1.0,3
201200048203,0012-11-06 16:30:00,12,11,6,16,30,950,252,R DU GENERAL LECLERC,48.9866,2.2199,Plein jour,En agglomération,Hors intersection,Normale,Autre collision,,,,,,,,,,,1,2,1,1.0,6
201200048204,0012-11-11 19:25:00,12,11,11,19,25,950,219,R DU STAND,48.9966,2.2515,Nuit avec éclairage allumé,En agglomération,Hors intersection,Normale,Deux véhicules - arrière,,,,,,,,,,,5,2,1,1.0,2
201200048205,0012-11-12 15:30:00,12,11,12,15,30,950,252,R DU GENERAL LECLERC,48.9848,2.2254,Plein jour,En agglomération,Hors intersection,Normale,Autre collision,,,,,,,,,,,1,2,1,1.0,6
201200048206,0012-11-26 08:25:00,12,11,26,8,25,950,252,BD MAURICE BERTEAUX,48.9849,2.2274,Plein jour,En agglomération,Hors intersection,Normale,Deux véhicules - arrière,,,,,,,,,,,1,2,1,1.0,2
201200048207,0012-11-29 18:20:00,12,11,29,18,20,950,219,R DU SYNDICAT,48.9974,2.2537,Nuit avec éclairage allumé,En agglomération,Intersection en X,Normale,Autre collision,,,,,,,,,,,5,2,2,1.0,6
201200048208,0012-12-05 17:45:00,12,12,5,17,45,950,252,R DE L'ORME ST EDME,48.9903,2.2382,Crépuscule ou aube,En agglomération,Hors intersection,Pluie forte,Autre collision,,,,,,,,,,,2,2,1,3.0,6
201200048209,0012-12-12 10:30:00,12,12,12,10,30,950,252,R DU GENERAL LECLERC,48.9843,2.2268,Plein jour,En agglomération,Intersection en T,Normale,Autre collision,,,,,,,,,,,1,2,3,1.0,6
201200048210,0012-12-13 14:30:00,12,12,13,14,30,950,491,CHSEE JULES CESAR,48.9965,2.2367,Plein jour,En agglomération,Hors intersection,Pluie légère,Autre collision,,,,,,,,,,,1,2,1,2.0,6
201200048211,0012-12-18 17:50:00,12,12,18,17,50,950,219,R DU STAND,48.9977,2.2481,Nuit avec éclairage allumé,Hors agglomération,Hors intersection,Normale,Deux véhicules - côté,,,,,,,,,,,5,1,1,1.0,3
201200048212,0012-12-19 00:15:00,12,12,19,0,15,950,203,AV DE L' EUROPE,48.9916,2.2753,Nuit avec éclairage allumé,En agglomération,Hors intersection,Normale,Autre collision,,,,,,,,,,,5,2,1,1.0,6
201200048213,0012-12-19 07:20:00,12,12,19,7,20,950,219,R DE SANNOIS,48.9848,2.2563,Nuit avec éclairage allumé,En agglomération,Hors intersection,Normale,Autre collision,,,,,,,,,,,5,2,1,1.0,6
201200048214,0012-12-19 15:15:00,12,12,19,15,15,950,252,R DU GENERAL LECLERC,48.9866,2.2196,Plein jour,En agglomération,Hors intersection,Pluie légère,Deux véhicules - côté,,,,,,,,,,,1,2,1,2.0,3
201200048215,0012-12-20 00:10:00,12,12,20,0,10,950,252,AV DES MARAIS,48.9961,2.2203,Nuit avec éclairage allumé,En agglomération,Giratoire,Pluie légère,Sans collision,,,,,,,,,,,5,2,6,2.0,7
201200048216,0012-12-24 09:34:00,12,12,24,9,34,950,252,R DES  MARE DES NOUES,48.9889,2.2406,Plein jour,En agglomération,Hors intersection,Normale,Autre collision,,,,,,,,,,,1,2,1,1.0,6
201200048217,0012-01-06 23:25:00,12,1,6,23,25,950,252,CHE VERTGRATTES-BOEUFS,48.9915,2.2161,Nuit avec éclairage allumé,En agglomération,Hors intersection,Normale,Deux véhicules - arrière,,,,,,,,,,,5,2,1,1.0,2
201200048218,0012-03-27 11:35:00,12,3,27,11,35,950,574,R JEAN MERMOZ,49.0011,2.2591,Plein jour,En agglomération,Hors intersection,Normale,Deux véhicules - frontale,,,,,,,,,,,1,2,1,1.0,1
201200048219,0012-04-08 08:30:00,12,4,8,8,30,950,252,R GENERAL LECLERC,48.9868,2.2177,Plein jour,En agglomération,Hors intersection,Normale,Autre collision,,,,,,,,,,,1,2,1,1.0,6
201200048220,0012-05-01 12:55:00,12,5,1,12,55,950,252,BD DU BEL-AIR,48.9863,2.2364,Plein jour,En agglomération,Intersection en X,Normale,Autre collision,,,,,,,,,,,1,2,2,1.0,6
201200048221,0012-05-20 11:35:00,12,5,20,11,35,950,203,R DU GENERAL LECLERC,48.9809,2.2706,Plein jour,En agglomération,Hors intersection,Normale,Deux véhicules - côté,,,,,,,,,,,1,2,1,1.0,3
201200048222,0012-05-21 10:25:00,12,5,21,10,25,950,219,PRESIDENT GEORGES POMPID,48.9881,2.2486,Plein jour,En agglomération,Hors intersection,Normale,Autre collision,,,,,,,,,,,1,2,1,1.0,6
201200048223,0012-05-30 17:30:00,12,5,30,17,30,950,252,BD MAURICE BERTEAUX,48.9851,2.2276,Plein jour,En agglomération,Intersection en Y,Normale,Deux véhicules - côté,,,,,,,,,,,1,2,4,1.0,3
201200048224,0012-07-02 18:30:00,12,7,2,18,30,950,219,R DE LA REPUBLIQUE,48.9882,2.2616,Plein jour,En agglomération,Intersection en T,Normale,Deux véhicules - côté,,,,,,,,,,,1,2,3,1.0,3
201200048225,0012-06-23 23:15:00,12,6,23,23,15,950,252,BD RHIN ET DANUBE,48.9903,2.2279,Nuit avec éclairage allumé,En agglomération,Intersection en X,Normale,Deux véhicules - côté,,,,,,,,,,,5,2,2,1.0,3
201200048226,0012-05-12 10:40:00,12,5,12,10,40,950,252,R DU GENERAL LECLERC,48.9873,2.2135,Plein jour,En agglomération,Intersection en T,Normale,Deux véhicules - arrière,,,,,,,,,,,1,2,3,1.0,2
201200048227,0012-08-19 18:15:00,12,8,19,18,15,950,582,R DE LA SABERNAUDE,48.9796,2.2451,Plein jour,En agglomération,Intersection en X,Normale,Deux véhicules - côté,,,,,,,,,,,1,2,2,1.0,3
201200048228,0012-10-27 01:23:00,12,10,27,1,23,950,252,BD RHIN ET DANUBE,48.9886,2.2303,Nuit avec éclairage allumé,En agglomération,Intersection en X,Pluie légère,Deux véhicules - côté,,,,,,,,,,,5,2,2,2.0,3
201200048229,0012-11-10 00:20:00,12,11,10,0,20,950,252,R DE L'ORME ST EDME,48.9892,2.2377,Nuit avec éclairage allumé,En agglomération,Hors intersection,Pluie légère,Autre collision,,,,,,,,,,,5,2,1,2.0,6
201200048230,0012-11-13 09:00:00,12,11,13,9,0,950,491,CHAUSSEE JULES CESAR,48.9951,2.2408,Plein jour,En agglomération,Hors intersection,Normale,Trois véhicules et plus - en chaîne,,,,,,,,,,,1,2,1,1.0,4
201200048231,0012-12-17 23:05:00,12,12,17,23,5,950,252,BD DU  BEL-AIR,48.9863,2.2364,Nuit avec éclairage allumé,En agglomération,Hors intersection,Normale,Autre collision,,,,,,,,,,,5,2,1,1.0,6
201200048232,0012-01-10 21:00:00,12,1,10,21,0,950,268,AV DE STALINGRAD,48.9664,2.4093,Nuit avec éclairage allumé,En agglomération,Intersection en X,Temps couvert,Trois véhicules et plus - collisions multiples,,,,,,,,,,,5,2,2,8.0,5
201200048233,0012-01-12 14:15:00,12,1,12,14,15,950,268,AV DE STALINGRAD,48.9676,2.4106,Plein jour,En agglomération,Intersection en X,Normale,Deux véhicules - côté,,,,,,,,,,,1,2,2,1.0,3
201200048234,0012-01-24 16:55:00,12,1,24,16,55,950,268,R CALMETTE,48.9724,2.4098,Plein jour,En agglomération,Intersection en X,Pluie légère,Autre collision,,,,,,,,,,,1,2,2,2.0,6
201200048235,0012-02-19 13:10:00,12,2,19,13,10,950,268,RD 84A,48.9585,2.4102,Plein jour,En agglomération,Hors intersection,Normale,Sans collision,,,,,,,,,,,1,2,1,1.0,7
201200048236,0012-02-22 19:45:00,12,2,22,19,45,950,268,BD DE LA MUETTE,48.9772,2.4121,Nuit avec éclairage allumé,En agglomération,Intersection en T,Normale,Deux véhicules - côté,,,,,,,,,,,5,2,3,1.0,3
201200048237,0012-02-22 17:15:00,12,2,22,17,15,950,268,AV DES MORILLONS,48.9655,2.3929,Plein jour,En agglomération,Hors intersection,Normale,Trois véhicules et plus - collisions multiples,,,,,,,,,,,1,2,1,1.0,5
201200048238,0012-01-11 15:37:00,12,1,11,15,37,950,268,DE GAULLE (AVENUE DU GEN,48.9762,2.3943,Plein jour,En agglomération,Hors intersection,Normale,Autre collision,,,,,,,,,,,1,2,1,1.0,6
201200048239,0012-05-03 15:00:00,12,5,3,15,0,950,268,AV GENERAL DE GAULLE,48.9761,2.3945,Plein jour,En agglomération,Hors intersection,Temps couvert,Deux véhicules - côté,,,,,,,,,,,1,2,1,8.0,3
201200048240,0012-04-27 13:00:00,12,4,27,13,0,950,268,AV DU GENERAL DE GAULLE,48.9753,2.3971,Plein jour,En agglomération,Hors intersection,Temps couvert,Autre collision,,,,,,,,,,,1,2,1,8.0,6
201200048241,0012-05-17 18:50:00,12,5,17,18,50,950,268,AV DU HUIT MAI 1945,48.9741,2.4047,Plein jour,En agglomération,Hors intersection,Pluie légère,Autre collision,,,,,,,,,,,1,2,1,2.0,6
201200048242,0012-05-04 20:55:00,12,5,4,20,55,950,268,R VICTOR BALTARD,48.9721,2.3969,Nuit avec éclairage allumé,En agglomération,Hors intersection,Normale,Autre collision,,,,,,,,,,,5,2,1,1.0,6
201200048243,0012-05-25 21:50:00,12,5,25,21,50,950,268,AV GENERAL DE GAULLE,48.9745,2.3986,Plein jour,En agglomération,Hors intersection,Normale,Deux véhicules - côté,,,,,,,,,,,1,2,1,1.0,3
201200048244,0012-05-31 18:50:00,12,5,31,18,50,950,268,RPT LOUIS DELGRES,48.9614,2.4013,Plein jour,En agglomération,Giratoire,Normale,Sans collision,,,,,,,,,,,1,2,6,1.0,7
201200048245,0012-06-19 11:35:00,12,6,19,11,35,950,268,AV DE STALINGRAD,48.9644,2.4063,Plein jour,En agglomération,Hors intersection,Normale,Trois véhicules et plus - collisions multiples,,,,,,,,,,,1,2,1,1.0,5
201200048246,0012-06-20 18:00:00,12,6,20,18,0,950,268,AV GENERAL DE GAULLE,48.9761,2.3944,Plein jour,En agglomération,Hors intersection,Normale,Deux véhicules - côté,,,,,,,,,,,1,2,1,1.0,3
201200048247,0012-07-08 08:00:00,12,7,8,8,0,950,268,BD DE LA MUETTE,48.9734,2.4175,Plein jour,En agglomération,Hors intersection,Pluie légère,Autre collision,,,,,,,,,,,1,2,1,2.0,6
201200048248,0012-07-05 00:35:00,12,7,5,0,35,950,268,AV DU GENERAL DE GAULLE,48.9741,2.3989,Nuit avec éclairage allumé,En agglomération,Hors intersection,Pluie légère,Autre collision,,,,,,,,,,,5,2,1,2.0,6
201200048249,0012-08-07 18:00:00,12,8,7,18,0,950,268,AV DE STALINGRAD,48.9666,2.4093,Plein jour,En agglomération,Intersection en X,Normale,Deux véhicules - frontale,,,,,,,,,,,1,2,2,1.0,1
201200048250,0012-08-30 11:50:00,12,8,30,11,50,950,268,R JEAN-JACQUES ROUSSEAU,48.9731,2.3953,Plein jour,En agglomération,Intersection en T,Normale,Autre collision,,,,,,,,,,,1,2,3,1.0,6
201200048251,0012-08-31 16:50:00,12,8,31,16,50,950,268,R J-FRANCOIS CHALGRIN,48.9712,2.4015,Plein jour,En agglomération,Hors intersection,Normale,Autre collision,,,,,,,,,,,1,2,1,1.0,6
201200048252,0012-08-28 15:35:00,12,8,28,15,35,950,268,AV GENERAL DE GAULLE,48.9761,2.3944,Plein jour,En agglomération,Intersection en T,Temps éblouissant,Trois véhicules et plus - en chaîne,,,,,,,,,,,1,2,3,7.0,4
201200048253,0012-10-14 13:40:00,12,10,14,13,40,950,268,AV DE STALINGRAD,48.9753,2.4212,Plein jour,En agglomération,Hors intersection,Pluie forte,Deux véhicules - côté,,,,,,,,,,,1,2,1,3.0,3
201200048254,0012-10-20 09:10:00,12,10,20,9,10,950,268,AV DE STALINGRAD,48.9665,2.4092,Plein jour,En agglomération,Intersection en X,Temps couvert,Deux véhicules - côté,,,,,,,,,,,1,2,2,8.0,3
201200048255,0012-11-13 17:50:00,12,11,13,17,50,950,268,R JACQUES DECOUR,48.9747,2.4147,Crépuscule ou aube,En agglomération,Hors intersection,Normale,Deux véhicules - côté,,,,,,,,,,,2,2,1,1.0,3
201200048256,0012-11-23 05:35:00,12,11,23,5,35,950,268,AV DE STALINGRAD,48.9665,2.4093,Nuit avec éclairage allumé,En agglomération,Hors intersection,Normale,Deux véhicules - côté,,,,,,,,,,,5,2,1,1.0,3
201200048257,0012-12-10 07:15:00,12,12,10,7,15,950,268,AV DE STALINGRAD,48.9631,2.4037,Crépuscule ou aube,En agglomération,Intersection en Y,Pluie légère,Deux véhicules - arrière,,,,,,,,,,,2,2,4,2.0,2
201200048258,0012-12-08 17:30:00,12,12,8,17,30,950,268,AV DE  STALINGRAD,48.9665,2.4096,Nuit avec éclairage allumé,En agglomération,Intersection en X,Normale,Deux véhicules - côté,,,,,,,,,,,5,2,2,1.0,3
201200048259,0012-03-11 18:00:00,12,3,11,18,0,950,280,R RAYMOND LAPCHIN,49.0274,2.4702,Plein jour,En agglomération,Hors intersection,Normale,Autre collision,,,,,,,,,,,1,2,1,1.0,6
201200048260,0012-04-12 09:00:00,12,4,12,9,0,950,280,AV DE LA GARE,49.0204,2.4657,Plein jour,En agglomération,Hors intersection,Normale,Deux véhicules - arrière,,,,,,,,,,,1,2,1,1.0,2
201200048261,0012-04-12 11:00:00,12,4,12,11,0,950,280,RTE DE LA GARE,49.0181,2.4672,Plein jour,Hors agglomération,Hors intersection,Normale,Deux véhicules - côté,,,,,,,,,,,1,1,1,1.0,3
201200048262,0012-04-14 19:35:00,12,4,14,19,35,950,277,CHE DE DUGNY,48.9964,2.4616,Plein jour,Hors agglomération,Hors intersection,Normale,Sans collision,,,,,,,,,,,1,1,1,1.0,7