accident_id,datetime,annee,mois,jour,heure,minute,departement,commune_insee,adresse,latitude,longitude,luminosite,agglomeration,intersection,meteo,collision,nb_vehicules,nb_usagers,nb_indemnes,nb_tues,nb_blesses_hosp,nb_blesses_legers,age_cond_1,age_cond_2,veh_type_cond_1,veh_type_cond_2,lum_code,agg_code,int_code,atm_code,col_code
201200048263,0012-04-15 12:15:00,12,4,15,12,15,950,280,BD GENERAL DE GAULLE,49.0275,2.4734,Plein jour,En agglomération,Hors intersection,Normale,Deux véhicules - arrière,,,,,,,,,,,1,2,1,1.0,2
201200048264,0012-07-19 21:15:00,12,7,19,21,15,950,280,R MICHEL  LOUISE,49.0309,2.4726,Plein jour,En agglomération,Intersection en X,Normale,Deux véhicules - côté,,,,,,,,,,,1,2,2,1.0,3
201200048265,0012-07-25 14:45:00,12,7,25,14,45,950,277,AV PIERRE SALVI,48.9903,2.4356,Plein jour,En agglomération,Hors intersection,Normale,Autre collision,,,,,,,,,,,1,2,1,1.0,6
201200048266,0012-07-24 18:40:00,12,7,24,18,40,950,277,PL JEAN JAURES,48.9853,2.4395,Plein jour,En agglomération,Hors intersection,Normale,Deux véhicules - arrière,,,,,,,,,,,1,2,1,1.0,2
201200048267,0012-05-11 12:15:00,12,5,11,12,15,950,280,AV MARCEAU,49.0267,2.4631,Plein jour,En agglomération,Hors intersection,Normale,Autre collision,,,,,,,,,,,1,2,1,1.0,6
201200048268,0012-07-31 17:40:00,12,7,31,17,40,950,277,AV RAYMOND RAMBERT,48.9838,2.4383,Plein jour,En agglomération,Hors intersection,Normale,Autre collision,,,,,,,,,,,1,2,1,1.0,6
201200048269,0012-08-18 20:10:00,12,8,18,20,10,950,19,PL GABRIEL PERI,48.9859,2.4194,Plein jour,En agglomération,Place,Normale,Deux véhicules - côté,,,,,,,,,,,1,2,7,1.0,3
201200048270,0012-08-20 15:00:00,12,8,20,15,0,950,280,AV DE LA GARE,49.0194,2.4657,Plein jour,En agglomération,Hors intersection,Normale,Sans collision,,,,,,,,,,,1,2,1,1.0,7
201200048271,0012-08-27 18:40:00,12,8,27,18,40,950,280,AV ALBERT SARRAUT,49.0381,2.4546,Plein jour,En agglomération,Hors intersection,Normale,Autre collision,,,,,,,,,,,1,2,1,1.0,6
201200048272,0012-09-15 16:30:00,12,9,15,16,30,950,280,AV DE LA GARE,49.0183,2.4667,Plein jour,Hors agglomération,Hors intersection,Normale,Trois véhicules et plus - collisions multiples,,,,,,,,,,,1,1,1,1.0,5
201200048273,0012-09-23 10:45:00,12,9,23,10,45,950,277,RD 317,48.9808,2.4671,Plein jour,Hors agglomération,Hors intersection,Normale,Deux véhicules - arrière,,,,,,,,,,,1,1,1,1.0,2
201200048274,0012-09-27 14:00:00,12,9,27,14,0,950,277,R DE LA MALMAISON,48.9831,2.4525,Plein jour,En agglomération,Hors intersection,Pluie légère,Deux véhicules - côté,,,,,,,,,,,1,2,1,2.0,3
201200048275,0012-10-17 13:55:00,12,10,17,13,55,950,19,AV CHARLES VAILLANT,48.9858,2.4096,Plein jour,En agglomération,Hors intersection,Pluie forte,Deux véhicules - côté,,,,,,,,,,,1,2,1,3.0,3
201200048276,0012-10-08 07:57:00,12,10,8,7,57,950,277,R DE PARIS,48.9846,2.4431,Plein jour,En agglomération,Hors intersection,Pluie légère,Autre collision,,,,,,,,,,,1,2,1,2.0,6
201200048277,0012-09-08 10:50:00,12,9,8,10,50,950,280,RTE GOUSAINVILLE  ROISSY,49.0115,2.4785,Plein jour,Hors agglomération,Hors intersection,Normale,Deux véhicules - côté,,,,,,,,,,,1,1,1,1.0,3
201200048278,0012-10-24 18:20:00,12,10,24,18,20,950,277,ALL RENOIR,48.9857,2.4303,Plein jour,En agglomération,Hors intersection,Normale,Autre collision,,,,,,,,,,,1,2,1,1.0,6
201200048279,0012-09-12 15:40:00,12,9,12,15,40,950,277,AV MAURICE MEYER,48.9984,2.4299,Plein jour,En agglomération,Hors intersection,Normale,Deux véhicules - côté,,,,,,,,,,,1,2,1,1.0,3
201200048280,0012-11-23 15:00:00,12,11,23,15,0,950,19,R ROGER DEHASQUE,48.9806,2.4238,Plein jour,En agglomération,Hors intersection,Pluie forte,Autre collision,,,,,,,,,,,1,2,1,3.0,6
201200048281,0012-11-28 14:23:00,12,11,28,14,23,950,277,R DE  PARIS,48.9846,2.4429,Plein jour,En agglomération,Hors intersection,Temps couvert,Deux véhicules - côté,,,,,,,,,,,1,2,1,8.0,3
201200048282,0012-12-15 19:00:00,12,12,15,19,0,950,280,R DU  MARCHE,49.0363,2.4633,Nuit avec éclairage allumé,En agglomération,Hors intersection,Pluie forte,Autre collision,,,,,,,,,,,5,2,1,3.0,6
201200048283,0012-12-01 17:00:00,12,12,1,17,0,950,280,R AMBROISE CROIZAT,49.0251,2.4492,Plein jour,Hors agglomération,Hors intersection,Normale,Deux véhicules - frontale,,,,,,,,,,,1,1,1,1.0,1
201200048284,0012-01-06 09:00:00,12,1,6,9,0,950,280,RTE DE LAGARE AU THILLAY,49.0103,2.4726,Plein jour,En agglomération,Hors intersection,Normale,Deux véhicules - côté,,,,,,,,,,,1,2,1,1.0,3
201200048285,0012-01-17 11:15:00,12,1,17,11,15,950,280,BD VAILLANT COUTURIER,49.0325,2.4732,Plein jour,En agglomération,Hors intersection,Normale,Sans collision,,,,,,,,,,,1,2,1,1.0,7
201200048286,0012-01-19 14:55:00,12,1,19,14,55,950,19,R JAURES JEAN,48.9881,2.4194,Plein jour,En agglomération,Hors intersection,Pluie légère,Autre collision,,,,,,,,,,,1,2,1,2.0,6
201200048287,0012-01-23 22:00:00,12,1,23,22,0,950,280,R LUCIEN MATHERON,49.0248,2.4638,Nuit avec éclairage allumé,En agglomération,Intersection en X,Pluie légère,Deux véhicules - côté,,,,,,,,,,,5,2,2,2.0,3
201200048288,0012-01-26 08:10:00,12,1,26,8,10,950,277,R DE  PARIS,48.9846,2.4432,Crépuscule ou aube,En agglomération,Hors intersection,Pluie légère,Deux véhicules - arrière,,,,,,,,,,,2,2,1,2.0,2
201200048289,0012-02-03 18:38:00,12,2,3,18,38,950,277,AV MAURICE MEYER,49.0001,2.4286,Crépuscule ou aube,En agglomération,Intersection en X,Normale,Deux véhicules - frontale,,,,,,,,,,,2,2,2,1.0,1
201200048290,0012-02-09 17:25:00,12,2,9,17,25,950,280,BD PAUL VAILL COUTURIER,49.0361,2.4781,Plein jour,En agglomération,Hors intersection,Normale,Sans collision,,,,,,,,,,,1,2,1,1.0,7
201200048291,0012-02-15 12:40:00,12,2,15,12,40,950,277,R DE PARIS,48.9863,2.4487,Plein jour,En agglomération,Hors intersection,Normale,Autre collision,,,,,,,,,,,1,2,1,1.0,6
201200048292,0012-02-10 12:10:00,12,2,10,12,10,950,280,IMP DU BASSIN,49.0132,2.4671,Plein jour,Hors agglomération,Hors intersection,Normale,Deux véhicules - arrière,,,,,,,,,,,1,1,1,1.0,2
201200048293,0012-03-24 16:15:00,12,3,24,16,15,950,277,AV GEORGES POMPIDOU,49.9905,2.4306,Plein jour,En agglomération,Hors intersection,Normale,Autre collision,,,,,,,,,,,1,2,1,1.0,6
201200048294,0012-04-13 09:00:00,12,4,13,9,0,950,19,R JEAN LAUGERE,48.9944,2.4164,Plein jour,En agglomération,Hors intersection,Normale,Autre collision,,,,,,,,,,,1,2,1,1.0,6
201200048295,0012-04-16 15:30:00,12,4,16,15,30,950,277,RD 317,49.9926,2.4778,Plein jour,Hors agglomération,Hors intersection,Normale,Sans collision,,,,,,,,,,,1,1,1,1.0,7
201200048296,0012-03-20 17:35:00,12,3,20,17,35,950,277,PL DU HUIT MAI 45,48.9871,2.4478,Plein jour,En agglomération,Hors intersection,Normale,Autre collision,,,,,,,,,,,1,2,1,1.0,6
201200048297,0012-05-05 15:10:00,12,5,5,15,10,950,280,RTE DE LA GARE,49.0181,2.4672,Plein jour,Hors agglomération,Hors intersection,Normale,Autre collision,,,,,,,,,,,1,1,1,1.0,6
201200048298,0012-05-07 16:55:00,12,5,7,16,55,950,19,R JEAN JAURES,48.9892,2.4185,Plein jour,En agglomération,Hors intersection,Normale,Autre collision,,,,,,,,,,,1,2,1,1.0,6
201200048299,0012-07-18 15:15:00,12,7,18,15,15,950,277,R D'ARNOUVILLE,48.9833,2.4355,Plein jour,En agglomération,Hors intersection,Normale,Autre collision,,,,,,,,,,,1,2,1,1.0,6
201200048300,0012-05-24 02:04:00,12,5,24,2,4,950,277,RD 370,48.9639,2.4703,Nuit avec éclairage allumé,Hors agglomération,Hors intersection,Normale,Deux véhicules - côté,,,,,,,,,,,5,1,1,1.0,3
201200048301,0012-05-09 14:15:00,12,5,9,14,15,950,277,AV RAMBERT RAYMOND,48.9841,2.4399,Plein jour,En agglomération,Hors intersection,Normale,Trois véhicules et plus - en chaîne,,,,,,,,,,,1,2,1,1.0,4
201200048302,0012-06-14 09:55:00,12,6,14,9,55,950,280,AV DEMOISELLES,49.0261,2.4551,Plein jour,En agglomération,Intersection en T,Normale,Deux véhicules - côté,,,,,,,,,,,1,2,3,1.0,3
201200048303,0012-06-23 19:15:00,12,6,23,19,15,950,19,R JEAN JAURES,48.9931,2.4165,Plein jour,En agglomération,Hors intersection,Normale,Autre collision,,,,,,,,,,,1,2,1,1.0,6
201200048304,0012-06-29 16:40:00,12,6,29,16,40,950,277,RD 317,48.9809,2.4673,Plein jour,En agglomération,Hors intersection,Normale,Deux véhicules - arrière,,,,,,,,,,,1,2,1,1.0,2
201200048305,0012-07-01 21:30:00,12,7,1,21,30,950,277,R NUNGESSER ET COLI,48.9842,2.4402,Plein jour,En agglomération,Intersection en X,Normale,Deux véhicules - côté,,,,,,,,,,,1,2,2,1.0,3
201200048306,0012-06-28 08:00:00,12,6,28,8,0,950,277,R NUNGESSER ET COLI,48.9795,2.4516,Plein jour,Hors agglomération,Hors intersection,Normale,Autre collision,,,,,,,,,,,1,1,1,1.0,6
201200048307,0012-07-11 10:45:00,12,7,11,10,45,950,277,AV MARECHAL JUIN,48.9926,2.4544,Plein jour,En agglomération,Hors intersection,Normale,Autre collision,,,,,,,,,,,1,2,1,1.0,6
201200048308,0012-06-29 17:45:00,12,6,29,17,45,950,280,BD ROGER SALENGRO,49.0335,2.4727,Plein jour,En agglomération,Hors intersection,Normale,Autre collision,,,,,,,,,,,1,2,1,1.0,6
201200048309,0012-08-31 17:45:00,12,8,31,17,45,950,19,AV PIERRE LIZART,48.9884,2.4064,Plein jour,En agglomération,Hors intersection,Normale,Deux véhicules - frontale,,,,,,,,,,,1,2,1,1.0,1
201200048310,0012-10-18 10:05:00,12,10,18,10,5,950,280,RD 47,49.0127,2.4707,Plein jour,En agglomération,Hors intersection,Normale,Autre collision,,,,,,,,,,,1,2,1,1.0,6
201200048311,0012-09-15 02:30:00,12,9,15,2,30,950,277,R D'ARSONVAL,48.9861,2.4598,Nuit avec éclairage allumé,En agglomération,Hors intersection,Normale,Autre collision,,,,,,,,,,,5,2,1,1.0,6
201200048312,0012-09-09 18:50:00,12,9,9,18,50,950,277,AV FRANCOIS MITTERAND,48.9855,2.4302,Plein jour,En agglomération,Hors intersection,Normale,Autre collision,,,,,,,,,,,1,2,1,1.0,6
201200048313,0012-10-05 16:00:00,12,10,5,16,0,950,280,AV DE LA GARE,49.0201,2.4656,Plein jour,En agglomération,Hors intersection,Pluie légère,Autre collision,,,,,,,,,,,1,2,1,2.0,6
201200048314,0012-09-25 08:45:00,12,9,25,8,45,950,19,AV DE LA REPUBLIQUE,48.9809,2.4262,Plein jour,En agglomération,Hors intersection,Normale,Autre collision,,,,,,,,,,,1,2,1,1.0,6
201200048315,0012-10-22 18:50:00,12,10,22,18,50,950,280,AV ALBERT SARRAUT,49.0311,2.4594,Crépuscule ou aube,En agglomération,Hors intersection,Normale,Autre collision,,,,,,,,,,,2,2,1,1.0,6
201200048316,0012-10-25 08:15:00,12,10,25,8,15,950,280,BD MARCEL DASSAUT,49.0378,2.4663,Plein jour,En agglomération,Hors intersection,Normale,Deux véhicules - arrière,,,,,,,,,,,1,2,1,1.0,2
201200048317,0012-10-25 08:45:00,12,10,25,8,45,950,277,AV GEORGES POMPIDOU,48.9899,2.4294,Plein jour,En agglomération,Hors intersection,Normale,Autre collision,,,,,,,,,,,1,2,1,1.0,6
201200048318,0012-11-25 16:00:00,12,11,25,16,0,950,280,R CLEMENT MATHERON,49.0348,2.4588,Plein jour,En agglomération,Hors intersection,Normale,Autre collision,,,,,,,,,,,1,2,1,1.0,6
201200048319,0012-12-04 19:40:00,12,12,4,19,40,950,277,AV GABRIEL PERI,48.9931,2.4263,Nuit avec éclairage allumé,En agglomération,Hors intersection,Pluie légère,Autre collision,,,,,,,,,,,5,2,1,2.0,6
201200048320,0012-11-27 18:35:00,12,11,27,18,35,950,280,AV ALBERT SARRAUT,49.0294,2.4605,Nuit avec éclairage allumé,En agglomération,Hors intersection,Pluie légère,Autre collision,,,,,,,,,,,5,2,1,2.0,6
201200048321,0012-12-17 07:15:00,12,12,17,7,15,950,277,PL JAURES JEAN,48.9854,2.4401,Plein jour,En agglomération,Hors intersection,Normale,Autre collision,,,,,,,,,,,1,2,1,1.0,6
201200048322,0012-12-28 22:40:00,12,12,28,22,40,950,277,AV GEORGES KERDAVID,48.9933,2.4424,Nuit avec éclairage allumé,En agglomération,Hors intersection,Normale,Deux véhicules - frontale,,,,,,,,,,,5,2,1,1.0,1
201200048323,0012-01-13 16:25:00,12,1,13,16,25,950,306,R DE LA MARNE,48.9973,2.1756,Plein jour,En agglomération,Hors intersection,Normale,Autre collision,,,,,,,,,,,1,2,1,1.0,6
201200048324,0012-01-17 17:33:00,12,1,17,17,33,950,424,BD VICTOR BORDIER,48.9924,2.1983,Plein jour,En agglomération,Giratoire,Normale,Autre collision,,,,,,,,,,,1,2,6,1.0,6
201200048325,0012-02-06 06:45:00,12,2,6,6,45,950,306,RTE DE CONFLANS,49.0032,2.1335,Nuit sans éclairage public,Hors agglomération,Hors intersection,Normale,Trois véhicules et plus - collisions multiples,,,,,,,,,,,3,1,1,1.0,5
201200048326,0012-02-18 10:35:00,12,2,18,10,35,950,257,R MARCELIN BERTHELOT,48.9801,2.1807,Plein jour,En agglomération,Hors intersection,Normale,Autre collision,,,,,,,,,,,1,2,1,1.0,6
201200048327,0012-02-24 00:40:00,12,2,24,0,40,950,424,PL DE LA GARE,49.0071,2.1975,Nuit avec éclairage allumé,En agglomération,Hors intersection,Normale,Deux véhicules - côté,,,,,,,,,,,5,2,1,1.0,3
201200048328,0012-03-03 19:15:00,12,3,3,19,15,950,424,R  FORTUNE CHARLOT,48.9902,2.1845,Plein jour,En agglomération,Hors intersection,Normale,Autre collision,,,,,,,,,,,1,2,1,1.0,6
201200048329,0012-03-17 20:00:00,12,3,17,20,0,950,424,BD DE PONTOISE,48.9891,2.1819,Crépuscule ou aube,En agglomération,Hors intersection,Pluie légère,Trois véhicules et plus - en chaîne,,,,,,,,,,,2,2,1,2.0,4
201200048330,0012-03-30 19:30:00,12,3,30,19,30,950,424,BD VICTOR BORDIER,48.9933,2.1969,Plein jour,En agglomération,Hors intersection,Normale,Autre collision,,,,,,,,,,,1,2,1,1.0,6
201200048331,0012-04-16 14:55:00,12,4,16,14,55,950,306,R DE LA MARNE,48.9998,2.1804,Plein jour,En agglomération,Hors intersection,Normale,Autre collision,,,,,,,,,,,1,2,1,1.0,6
201200048332,0012-04-21 16:15:00,12,4,21,16,15,950,306,RTE DE CONFLANS,49.0033,2.1332,Plein jour,Hors agglomération,Hors intersection,Normale,Deux véhicules - arrière,,,,,,,,,,,1,1,1,1.0,2
201200048333,0012-04-28 23:12:00,12,4,28,23,12,950,424,BD VICTOR BORDIER,49.9963,2.1905,Nuit avec éclairage allumé,En agglomération,Intersection en X,Normale,Deux véhicules - côté,,,,,,,,,,,5,2,2,1.0,3
201200048334,0012-05-01 20:40:00,12,5,1,20,40,950,306,MAIL JEAN BAPT POQUELIN,49.0032,2.1265,Crépuscule ou aube,En agglomération,Hors intersection,Normale,Deux véhicules - frontale,,,,,,,,,,,2,2,1,1.0,1
201200048335,0012-05-31 19:10:00,12,5,31,19,10,950,306,R MOLIERE,48.9916,2.1721,Plein jour,En agglomération,Hors intersection,Normale,Autre collision,,,,,,,,,,,1,2,1,1.0,6
201200048336,0012-06-08 18:05:00,12,6,8,18,5,950,306,CHE DE L'ORME BRULE,49.0039,2.1471,Plein jour,En agglomération,Hors intersection,Normale,Deux véhicules - côté,,,,,,,,,,,1,2,1,1.0,3
201200048337,0012-06-12 14:10:00,12,6,12,14,10,950,424,R DU GENERAL DE GAULLE,49.0034,2.1981,Plein jour,En agglomération,Intersection en Y,Normale,Deux véhicules - côté,,,,,,,,,,,1,2,4,1.0,3
201200048338,0012-06-14 09:30:00,12,6,14,9,30,950,306,CHE DES EPIGNEAUX,48.9949,2.1731,Plein jour,En agglomération,Intersection à plus de 4 branches,Normale,Deux véhicules - côté,,,,,,,,,,,1,2,5,1.0,3
201200048339,0012-06-19 10:20:00,12,6,19,10,20,950,424,BD DE PONTOISE,48.9908,2.1819,Plein jour,En agglomération,Intersection en X,Normale,Deux véhicules - côté,,,,,,,,,,,1,2,2,1.0,3
201200048340,0012-06-19 12:00:00,12,6,19,12,0,950,424,BD DE  PONTOISE,48.9868,2.1818,Plein jour,En agglomération,Hors intersection,Normale,Deux véhicules - arrière,,,,,,,,,,,1,2,1,1.0,2
201200048341,0012-06-22 15:55:00,12,6,22,15,55,950,424,BD DE PONTOISE,48.9864,2.1818,Plein jour,En agglomération,Hors intersection,Normale,Deux véhicules - côté,,,,,,,,,,,1,2,1,1.0,3
201200048342,0012-06-25 20:20:00,12,6,25,20,20,950,306,BD DU 11 NOVEMBRE 1918,48.9888,2.1654,Plein jour,En agglomération,Hors intersection,Normale,Deux véhicules - côté,,,,,,,,,,,1,2,1,1.0,3
201200048343,0012-06-30 14:25:00,12,6,30,14,25,950,424,AV DES FRANCES,49.0029,2.2079,Plein jour,En agglomération,Hors intersection,Normale,Trois véhicules et plus - collisions multiples,,,,,,,,,,,1,2,1,1.0,5
201200048344,0012-07-02 14:55:00,12,7,2,14,55,950,257,AV DES LILAS,48.9631,2.1818,Plein jour,En agglomération,Hors intersection,Normale,Deux véhicules - côté,,,,,,,,,,,1,2,1,1.0,3
201200048345,0012-07-05 15:42:00,12,7,5,15,42,950,306,BD DU 8 MAI 1945,48.9987,2.1821,Plein jour,En agglomération,Hors intersection,Normale,Deux véhicules - côté,,,,,,,,,,,1,2,1,1.0,3
201200048346,0012-07-26 17:45:00,12,7,26,17,45,950,306,PETIT CHEMIN PIERRELAYE,49.0134,2.1352,Plein jour,En agglomération,Hors intersection,Normale,Deux véhicules - frontale,,,,,,,,,,,1,2,1,1.0,1
201200048347,0012-07-27 15:40:00,12,7,27,15,40,950,424,AV ARISTIDE MAILLOL,48.9952,2.2003,Plein jour,En agglomération,Hors intersection,Pluie légère,Autre collision,,,,,,,,,,,1,2,1,2.0,6
201200048348,0012-09-07 17:30:00,12,9,7,17,30,950,306,AV DE LA GARE,49.0041,2.1292,Plein jour,En agglomération,Hors intersection,Normale,Autre collision,,,,,,,,,,,1,2,1,1.0,6
201200048349,0012-09-21 11:00:00,12,9,21,11,0,950,306,R DE LA MARNE,48.9998,2.1803,Plein jour,En agglomération,Hors intersection,Normale,Deux véhicules - côté,,,,,,,,,,,1,2,1,1.0,3
201200048350,0012-10-15 08:50:00,12,10,15,8,50,950,424,R GENERAL DE GAULLE,48.9897,2.1911,Plein jour,En agglomération,Hors intersection,Normale,Autre collision,,,,,,,,,,,1,2,1,1.0,6
201200048351,0012-10-17 15:40:00,12,10,17,15,40,950,306,BD DU HAVRE,49.0006,2.1822,Plein jour,Hors agglomération,Intersection à plus de 4 branches,Normale,Deux véhicules - côté,,,,,,,,,,,1,1,5,1.0,3
201200048352,0012-11-13 16:40:00,12,11,13,16,40,950,424,AV ARISTIDE MAILLOL,48.9952,2.2003,Plein jour,En agglomération,Hors intersection,Normale,Autre collision,,,,,,,,,,,1,2,1,1.0,6
201200048353,0012-11-14 08:40:00,12,11,14,8,40,950,424,AV ARISTIDE MAILLOL,48.9953,2.1999,Plein jour,En agglomération,Hors intersection,Normale,Autre collision,,,,,,,,,,,1,2,1,1.0,6
201200048354,0012-11-22 18:05:00,12,11,22,18,5,950,424,BD VICTOR BORDIER,48.9943,2.1947,Nuit avec éclairage allumé,En agglomération,Intersection en X,Normale,Deux véhicules - côté,,,,,,,,,,,5,2,2,1.0,3
201200048355,0012-11-24 13:40:00,12,11,24,13,40,950,424,BD VICTOR BORDIER,48.9936,2.1959,Plein jour,En agglomération,Hors intersection,Normale,Autre collision,,,,,,,,,,,1,2,1,1.0,6
201200048356,0012-12-13 08:00:00,12,12,13,8,0,950,306,R DE GAILLON,48.9909,2.1529,Crépuscule ou aube,En agglomération,Hors intersection,Normale,Autre collision,,,,,,,,,,,2,2,1,1.0,6
201200048357,0012-12-21 21:00:00,12,12,21,21,0,950,306,CHE DES BOEUFS,49.0124,2.1324,Nuit sans éclairage public,En agglomération,Hors intersection,Normale,Autre collision,,,,,,,,,,,3,2,1,1.0,6
201200048358,0012-01-25 15:10:00,12,1,25,15,10,950,306,BD DU 8 MAI 1945,48.9984,2.1821,Plein jour,En agglomération,Hors intersection,Pluie légère,Trois véhicules et plus - collisions multiples,,,,,,,,,,,1,2,1,2.0,5
201200048359,0012-01-03 18:35:00,12,1,3,18,35,950,487,R JEAN CATELAS,49.1547,2.2761,Nuit avec éclairage allumé,En agglomération,Hors intersection,Pluie légère,Autre collision,,,,,,,,,,,5,2,1,2.0,6
201200048360,0012-01-03 18:00:00,12,1,3,18,0,950,313,R DU PATIS,49.1117,2.2125,Nuit avec éclairage allumé,En agglomération,Intersection en Y,Pluie forte,Autre collision,,,,,,,,,,,5,2,4,3.0,6
201200048361,0012-01-12 08:30:00,12,1,12,8,30,950,436,RTE DE L'ISLE ADAM,49.1336,2.2701,Plein jour,En agglomération,Intersection en T,Normale,Deux véhicules - côté,,,,,,,,,,,1,2,3,1.0,3
201200048362,0012-02-20 07:40:00,12,2,20,7,40,950,487,ELIE ET CORENTIN QUIDEAU,49.1455,2.2577,Plein jour,Hors agglomération,Hors intersection,Normale,Deux véhicules - arrière,,,,,,,,,,,1,1,1,1.0,2
201200048363,0012-02-19 16:10:00,12,2,19,16,10,950,52,AV CARNOT,49.1416,2.2839,Plein jour,En agglomération,Intersection en Y,Temps éblouissant,Sans collision,,,,,,,,,,,1,2,4,7.0,7
201200048364,0012-02-27 15:40:00,12,2,27,15,40,950,313,RN 184,49.1051,2.2609,Plein jour,Hors agglomération,Hors intersection,Normale,Deux véhicules - côté,,,,,,,,,,,1,1,1,1.0,3
201200048365,0012-03-28 12:20:00,12,3,28,12,20,950,313,AV DE PARIS,49.1121,2.2195,Plein jour,En agglomération,Intersection en T,Normale,Deux véhicules - côté,,,,,,,,,,,1,2,3,1.0,3
201200048366,0012-03-23 12:50:00,12,3,23,12,50,950,313,R DE PONTOISE,48.1081,2.2219,Plein jour,En agglomération,Hors intersection,Normale,Autre collision,,,,,,,,,,,1,2,1,1.0,6
201200048367,0012-04-02 17:30:00,12,4,2,17,30,950,487,RD 4,49.1547,2.2603,Plein jour,Hors agglomération,Hors intersection,Normale,Deux véhicules - côté,,,,,,,,,,,1,1,1,1.0,3
201200048368,0012-04-10 18:05:00,12,4,10,18,5,950,313,VOIE AUX VACHES,49.1184,2.2414,Plein jour,Hors agglomération,Hors intersection,Temps couvert,Autre collision,,,,,,,,,,,1,1,1,8.0,6
201200048369,0012-04-11 08:25:00,12,4,11,8,25,950,313,GRANDE RUE,49.1121,2.2174,Plein jour,En agglomération,Intersection en X,Normale,Deux véhicules - côté,,,,,,,,,,,1,2,2,1.0,3
201200048370,0012-04-13 17:20:00,12,4,13,17,20,950,313,AV MICHEL PONIATOWSKI,49.1219,2.2443,Plein jour,Hors agglomération,Hors intersection,Normale,Trois véhicules et plus - en chaîne,,,,,,,,,,,1,1,1,1.0,4
201200048371,0012-05-27 18:35:00,12,5,27,18,35,950,452,RD 85,49.1326,2.2981,Plein jour,Hors agglomération,Hors intersection,Normale,Deux véhicules - frontale,,,,,,,,,,,1,1,1,1.0,1
201200048372,0012-05-24 17:30:00,12,5,24,17,30,950,52,R DE SENLIS,,,Plein jour,Hors agglomération,Intersection en Y,Normale,Deux véhicules - côté,,,,,,,,,,,1,1,4,1.0,3
201200048373,0012-05-24 17:30:00,12,5,24,17,30,950,487,R GAMBETTA,49.1457,2.3015,Plein jour,En agglomération,Hors intersection,Normale,Autre collision,,,,,,,,,,,1,2,1,1.0,6
201200048374,0012-05-31 17:45:00,12,5,31,17,45,950,313,R DE LA CAPITAINERIE,49.1129,2.2133,Plein jour,En agglomération,Intersection en X,Normale,Deux véhicules - côté,,,,,,,,,,,1,2,2,1.0,3
201200048375,0012-05-27 15:20:00,12,5,27,15,20,950,313,ALL DES MARRONNIERS,49.1133,2.2319,Plein jour,En agglomération,Hors intersection,Normale,Deux véhicules - arrière,,,,,,,,,,,1,2,1,1.0,2
201200048376,0012-06-17 11:45:00,12,6,17,11,45,950,313,R SAINT LAZARE,49.1081,2.2175,Plein jour,En agglomération,Hors intersection,Normale,Deux véhicules - arrière,,,,,,,,,,,1,2,1,1.0,2
201200048377,0012-06-26 08:40:00,12,6,26,8,40,950,52,BD LEON BLUM,49.1449,2.2861,Plein jour,En agglomération,Giratoire,Pluie légère,Deux véhicules - frontale,,,,,,,,,,,1,2,6,2.0,1
201200048378,0012-07-04 13:30:00,12,7,4,13,30,950,313,RN 184,,,Plein jour,Hors agglomération,Hors intersection,Normale,Sans collision,,,,,,,,,,,1,1,1,1.0,7
201200048379,0012-07-09 23:25:00,12,7,9,23,25,950,487,AV GASTON VERMEIRE,49.1514,2.2753,Nuit avec éclairage allumé,En agglomération,Hors intersection,Normale,Autre collision,,,,,,,,,,,5,2,1,1.0,6
201200048380,0012-07-16 10:05:00,12,7,16,10,5,950,313,R DE  PONTOISE,49.1089,2.2224,Plein jour,En agglomération,Intersection en X,Normale,Autre collision,,,,,,,,,,,1,2,2,1.0,6
201200048381,0012-07-25 18:35:00,12,7,25,18,35,950,313,RD 922,49.1259,2.2518,Plein jour,Hors agglomération,Hors intersection,Normale,Deux véhicules - arrière,,,,,,,,,,,1,1,1,1.0,2
201200048382,0012-08-05 07:50:00,12,8,5,7,50,950,313,AV DE PARIS,49.1083,2.2329,Plein jour,En agglomération,Hors intersection,Normale,Deux véhicules - arrière,,,,,,,,,,,1,2,1,1.0,2
201200048383,0012-09-04 18:15:00,12,9,4,18,15,950,487,R JEAN ZAY,49.1513,2.2696,Plein jour,En agglomération,Hors intersection,Normale,Autre collision,,,,,,,,,,,1,2,1,1.0,6
201200048384,0012-08-29 21:40:00,12,8,29,21,40,950,504,R DE LA REPUBLIQUE,49.1151,2.2845,Nuit avec éclairage allumé,En agglomération,Hors intersection,Normale,Autre collision,,,,,,,,,,,5,2,1,1.0,6
201200048385,0012-09-07 14:15:00,12,9,7,14,15,950,313,BD DE TILSIT,49.1246,2.2483,Plein jour,Hors agglomération,Hors intersection,Normale,Autre collision,,,,,,,,,,,1,1,1,1.0,6
201200048386,0012-09-15 15:25:00,12,9,15,15,25,950,313,R CHANTEPIE MANCIER,49.1136,2.2224,Plein jour,En agglomération,Intersection en T,Normale,Autre collision,,,,,,,,,,,1,2,3,1.0,6
201200048387,0012-10-22 23:45:00,12,10,22,23,45,950,487,AV JACQUES VOGT,49.1563,2.2657,Nuit avec éclairage allumé,En agglomération,Hors intersection,Brouillard / fumée,Sans collision,,,,,,,,,,,5,2,1,5.0,7
201200048388,0012-10-25 10:40:00,12,10,25,10,40,950,313,BD DE TILSIT,49.1258,2.2465,Plein jour,Hors agglomération,Hors intersection,Normale,Deux véhicules - côté,,,,,,,,,,,1,1,1,1.0,3