accident_id,datetime,annee,mois,jour,heure,minute,departement,commune_insee,adresse,latitude,longitude,luminosite,agglomeration,intersection,meteo,collision,nb_vehicules,nb_usagers,nb_indemnes,nb_tues,nb_blesses_hosp,nb_blesses_legers,age_cond_1,age_cond_2,veh_type_cond_1,veh_type_cond_2,lum_code,agg_code,int_code,atm_code,col_code
201200048514,0012-04-23 10:00:00,12,4,23,10,0,201,4,SARTENE ANCIENNE ROUTE,41.9306,8.78478,Plein jour,Hors agglomération,Hors intersection,Normale,Deux véhicules - côté,,,,,,,,,,,1,1,1,1.0,3
201200048515,0012-04-30 18:40:00,12,4,30,18,40,201,4,"SANS, SEBASTIANU COSTA B",,,Plein jour,En agglomération,Hors intersection,Pluie légère,Autre collision,,,,,,,,,,,1,2,1,2.0,6
201200048516,0012-05-04 18:15:00,12,5,4,18,15,201,4,"37, NAPOLEON COURS AVANT",41.9248,8.73788,Plein jour,En agglomération,Hors intersection,Normale,Deux véhicules - côté,,,,,,,,,,,1,2,1,1.0,3
201200048517,0012-05-07 21:25:00,12,5,7,21,25,201,4,"SANS, ROSSINI PASCAL BD",41.91479,8.72995,Nuit avec éclairage allumé,En agglomération,Hors intersection,Normale,Autre collision,,,,,,,,,,,5,2,1,1.0,6
201200048518,0012-05-10 12:50:00,12,5,10,12,50,201,4,VAZZIO HAUTS DU HLM,,,Plein jour,Hors agglomération,Hors intersection,Normale,Autre collision,,,,,,,,,,,1,1,1,1.0,6
201200048519,0012-05-12 00:10:00,12,5,12,0,10,201,4,"SANS, DIAMANT II RCE COU",,,Nuit avec éclairage allumé,En agglomération,Intersection en T,Pluie légère,Autre collision,,,,,,,,,,,5,2,3,2.0,6
201200048520,0012-05-27 02:25:00,12,5,27,2,25,201,4,"SANS, PIETRI NICOLAS AVE",,,Nuit avec éclairage allumé,En agglomération,Hors intersection,Normale,Autre collision,,,,,,,,,,,5,2,1,1.0,6
201200048521,0012-05-31 14:15:00,12,5,31,14,15,201,4,"., NATIONALE 193",41.9397,8.80502,Plein jour,Hors agglomération,Hors intersection,Normale,Deux véhicules - arrière,,,,,,,,,,,1,1,1,1.0,2
201200048522,0012-06-08 11:15:00,12,6,8,11,15,201,4,RECCO ABBE BOULEVARD,,,Plein jour,En agglomération,Hors intersection,Normale,Autre collision,,,,,,,,,,,1,2,1,1.0,6
201200048523,0012-06-08 20:59:00,12,6,8,20,59,201,4,CAMPI LOUIS BD,41.945,8.75843,Crépuscule ou aube,En agglomération,Giratoire,Normale,Deux véhicules - arrière,,,,,,,,,,,2,2,6,1.0,2
201200048524,0012-06-14 22:00:00,12,6,14,22,0,201,4,GEORGES POMPIDOU AVENUE,41.9336,8.75381,Nuit avec éclairage allumé,En agglomération,Hors intersection,Normale,Deux véhicules - arrière,,,,,,,,,,,5,2,1,1.0,2
201200048525,0012-06-13 15:26:00,12,6,13,15,26,201,4,"113, NAPOLEON COURS APRE",41.92699,8.73831,Plein jour,En agglomération,Hors intersection,Normale,Deux véhicules - côté,,,,,,,,,,,1,2,1,1.0,3
201200048526,0012-06-20 22:10:00,12,6,20,22,10,201,4,EUGENIE IMPERATRICE AVEN,,,Nuit avec éclairage allumé,En agglomération,Hors intersection,Normale,Autre collision,,,,,,,,,,,5,2,1,1.0,6
201200048527,0012-06-27 10:01:00,12,6,27,10,1,201,4,"63, NAPOLEON COURS AVANT",41.9268,8.73826,Plein jour,En agglomération,Hors intersection,Normale,Autre collision,,,,,,,,,,,1,2,1,1.0,6
201200048528,0012-06-29 10:50:00,12,6,29,10,50,201,4,SAINT ANTOINE IMMEUBLE R,41.9248,8.72696,Plein jour,Hors agglomération,Hors intersection,Normale,Deux véhicules - côté,,,,,,,,,,,1,1,1,1.0,3
201200048529,0012-07-04 12:22:00,12,7,4,12,22,201,4,MEZZAVIA ROUTE DE,,,Plein jour,En agglomération,Hors intersection,Normale,Autre collision,,,,,,,,,,,1,2,1,1.0,6
201200048530,0012-07-04 12:25:00,12,7,4,12,25,201,4,"SANS, MARECHAL LYAUTEY A",,,Plein jour,Hors agglomération,Hors intersection,Normale,Deux véhicules - frontale,,,,,,,,,,,1,1,1,1.0,1
201200048531,0012-07-12 16:45:00,12,7,12,16,45,201,4,ROUTE DU STILETTO,41.9499,8.77601,Plein jour,En agglomération,Hors intersection,Normale,Autre collision,,,,,,,,,,,1,2,1,1.0,6
201200048532,0012-07-15 03:10:00,12,7,15,3,10,201,4,ILES SANGUINAIRES ROUTE,41.9092,8.69263,Nuit avec éclairage allumé,Hors agglomération,Hors intersection,Normale,Autre collision,,,,,,,,,,,5,1,1,1.0,6
201200048533,0012-07-13 18:53:00,12,7,13,18,53,201,4,"SANS, SARTENE ANCIENNE R",41.9291,8.77085,Plein jour,Hors agglomération,Hors intersection,Normale,Deux véhicules - côté,,,,,,,,,,,1,1,1,1.0,3
201200048534,0012-07-16 23:42:00,12,7,16,23,42,201,4,RECCO ABBE BOULEVARD,,,Nuit avec éclairage allumé,En agglomération,Hors intersection,Normale,Sans collision,,,,,,,,,,,5,2,1,1.0,7
201200048535,0012-07-25 17:00:00,12,7,25,17,0,201,4,NATIONALE 194,41.9432,8.75723,Plein jour,Hors agglomération,Hors intersection,Normale,Deux véhicules - côté,,,,,,,,,,,1,1,1,1.0,3
201200048536,0012-07-25 15:20:00,12,7,25,15,20,201,4,STEPHANOPOLI RUE,,,Plein jour,Hors agglomération,Hors intersection,Normale,Autre collision,,,,,,,,,,,1,1,1,1.0,6
201200048537,0012-07-26 16:20:00,12,7,26,16,20,201,4,CALVI  ROUTE,41.9806,8.77779,Plein jour,En agglomération,Intersection en T,Normale,Deux véhicules - côté,,,,,,,,,,,1,2,3,1.0,3
201200048538,0012-07-27 22:10:00,12,7,27,22,10,201,4,"SANS, QUAI DE LA CITADEL",,,Nuit avec éclairage allumé,En agglomération,Hors intersection,Normale,Autre collision,,,,,,,,,,,5,2,1,1.0,6
201200048539,0012-07-30 05:50:00,12,7,30,5,50,201,4,"., ILES SANGUINAIRES ROU",41.90879,8.70071,Nuit avec éclairage allumé,En agglomération,Hors intersection,Normale,Autre collision,,,,,,,,,,,5,2,1,1.0,6
201200048540,0012-08-02 02:38:00,12,8,2,2,38,201,4,CALVI  ROUTE,41.9806,8.77779,Nuit avec éclairage allumé,Hors agglomération,Hors intersection,Normale,Autre collision,,,,,,,,,,,5,1,1,1.0,6
201200048541,0012-08-07 11:00:00,12,8,7,11,0,201,4,"6, LAZARET ROUTE DU",,,Plein jour,En agglomération,Hors intersection,Normale,Autre collision,,,,,,,,,,,1,2,1,1.0,6
201200048542,0012-08-11 18:00:00,12,8,11,18,0,201,4,"08, PIETRI FRANCOIS RUE",,,Plein jour,En agglomération,Intersection en T,Normale,Deux véhicules - côté,,,,,,,,,,,1,2,3,1.0,3
201200048543,0012-08-10 22:30:00,12,8,10,22,30,201,4,"SANS, PIETRINA RUE DE LA",,,Nuit avec éclairage allumé,En agglomération,Intersection en T,Normale,Deux véhicules - côté,,,,,,,,,,,5,2,3,1.0,3
201200048544,0012-08-13 21:45:00,12,8,13,21,45,201,4,1ER CONSUL AVENUE,41.9188,8.73809,Nuit avec éclairage allumé,En agglomération,Intersection en X,Normale,Deux véhicules - côté,,,,,,,,,,,5,2,2,1.0,3
201200048545,0012-08-17 01:10:00,12,8,17,1,10,201,4,PRINCE IMPERIAL CO,41.93399,8.74811,Nuit avec éclairage allumé,En agglomération,Hors intersection,Normale,Autre collision,,,,,,,,,,,5,2,1,1.0,6
201200048546,0012-08-28 09:05:00,12,8,28,9,5,201,4,"., MEZZAVIA ROUTE DE",41.9523,8.7799,Plein jour,En agglomération,Hors intersection,Normale,Autre collision,,,,,,,,,,,1,2,1,1.0,6
201200048547,0012-09-04 10:44:00,12,9,4,10,44,201,4,SARTENE ANCIENNE ROUTE,41.9299,8.78747,Plein jour,Hors agglomération,Giratoire,Normale,Deux véhicules - côté,,,,,,,,,,,1,1,6,1.0,3
201200048548,0012-09-07 09:43:00,12,9,7,9,43,201,4,PAOLI DOMINIQUE  BD,,,Plein jour,En agglomération,Hors intersection,Normale,Autre collision,,,,,,,,,,,1,2,1,1.0,6
201200048549,0012-09-08 01:05:00,12,9,8,1,5,201,4,ILES SANGUINAIRES ROUTE,41.9079,8.66475,Nuit sans éclairage public,Hors agglomération,Hors intersection,Normale,Autre collision,,,,,,,,,,,3,1,1,1.0,6
201200048550,0012-09-16 00:55:00,12,9,16,0,55,201,4,ILES SANGUINAIRES ROUTE,41.9059,8.67319,Nuit avec éclairage allumé,Hors agglomération,Hors intersection,Normale,Autre collision,,,,,,,,,,,5,1,1,1.0,6
201200048551,0012-09-13 18:50:00,12,9,13,18,50,201,4,NICOLI JEAN COURS,41.9334,8.744,Plein jour,En agglomération,Hors intersection,Normale,Autre collision,,,,,,,,,,,1,2,1,1.0,6
201200048552,0012-09-19 15:35:00,12,9,19,15,35,201,4,NAPOLEON COURS AVANT BEV,41.9189,8.73856,Plein jour,En agglomération,Hors intersection,Normale,Autre collision,,,,,,,,,,,1,2,1,1.0,6
201200048553,0012-09-22 14:45:00,12,9,22,14,45,201,4,MEZZAVIA ROUTE DE,41.9433,8.75726,Plein jour,En agglomération,Hors intersection,Normale,Sans collision,,,,,,,,,,,1,2,1,1.0,7
201200048554,0012-09-27 16:15:00,12,9,27,16,15,201,4,SEBASTIANU COSTA BD,,,Plein jour,En agglomération,Hors intersection,Normale,Autre collision,,,,,,,,,,,1,2,1,1.0,6
201200048555,0012-09-27 23:15:00,12,9,27,23,15,201,4,"SANS, CAMPO DELL ORO RTE",41.9273,8.77862,Nuit sans éclairage public,Hors agglomération,Giratoire,Normale,Sans collision,,,,,,,,,,,3,1,6,1.0,7
201200048556,0012-09-29 19:40:00,12,9,29,19,40,201,4,"SANS, NICOLI JEAN COURS",41.9336,8.74448,Plein jour,En agglomération,Hors intersection,Normale,Autre collision,,,,,,,,,,,1,2,1,1.0,6
201200048557,0012-10-05 19:20:00,12,10,5,19,20,201,4,PRINCE IMPERIAL COURS,,,Nuit avec éclairage allumé,En agglomération,Intersection en T,Normale,Deux véhicules - côté,,,,,,,,,,,5,2,3,1.0,3
201200048558,0012-10-06 23:25:00,12,10,6,23,25,201,4,"., LECLERC GENERAL COURS",,,Nuit avec éclairage allumé,En agglomération,Hors intersection,Normale,Deux véhicules - côté,,,,,,,,,,,5,2,1,1.0,3
201200048559,0012-10-22 21:40:00,12,10,22,21,40,201,4,"10/12, NAPOLEON COURS AV",,,Nuit avec éclairage allumé,En agglomération,Hors intersection,Pluie légère,Autre collision,,,,,,,,,,,5,2,1,2.0,6
201200048560,0012-10-28 06:30:00,12,10,28,6,30,201,4,MARCAGGI JEAN BAPTISTE R,,,Nuit avec éclairage allumé,En agglomération,Hors intersection,Pluie légère,Sans collision,,,,,,,,,,,5,2,1,2.0,7
201200048561,0012-11-02 16:10:00,12,11,2,16,10,201,4,"39, NAPOLEON COURS AVANT",41.92559,8.73802,Plein jour,En agglomération,Hors intersection,Normale,Deux véhicules - côté,,,,,,,,,,,1,2,1,1.0,3
201200048562,0012-11-07 20:50:00,12,11,7,20,50,201,4,"9, BONAPARTE LUCIEN  COU",41.91109,8.72193,Nuit avec éclairage allumé,En agglomération,Hors intersection,Normale,Autre collision,,,,,,,,,,,5,2,1,1.0,6
201200048563,0012-11-10 21:30:00,12,11,10,21,30,201,4,ALATA ROUTE,41.9576,8.7275,Nuit sans éclairage public,Hors agglomération,Hors intersection,Pluie forte,Autre collision,,,,,,,,,,,3,1,1,3.0,6
201200048564,0012-11-13 19:05:00,12,11,13,19,5,201,4,"., AMIRAUTE PORT BD CHAR",41.9308,8.73938,Nuit avec éclairage allumé,En agglomération,Hors intersection,Normale,Deux véhicules - arrière,,,,,,,,,,,5,2,1,1.0,2
201200048565,0012-11-19 04:30:00,12,11,19,4,30,201,4,"., NAPOLEON COURS AVANT",41.9258,8.73805,Nuit avec éclairage allumé,En agglomération,Hors intersection,Normale,Deux véhicules - arrière,,,,,,,,,,,5,2,1,1.0,2
201200048566,0012-11-17 23:25:00,12,11,17,23,25,201,4,NAPOLEON QUAI,,,Nuit avec éclairage allumé,En agglomération,Hors intersection,Normale,Deux véhicules - côté,,,,,,,,,,,5,2,1,1.0,3
201200048567,0012-11-19 21:20:00,12,11,19,21,20,201,4,MARECHAL LYAUTEY AVENUE,,,Nuit avec éclairage allumé,En agglomération,Hors intersection,Normale,Sans collision,,,,,,,,,,,5,2,1,1.0,7
201200048568,0012-11-25 16:10:00,12,11,25,16,10,201,4,"75, NAPOLEON COURS APRES",41.9257,8.73804,Plein jour,En agglomération,Hors intersection,Normale,Deux véhicules - frontale,,,,,,,,,,,1,2,1,1.0,1
201200048569,0012-12-03 08:25:00,12,12,3,8,25,201,4,"., MARECHAL JUIN AVENUE",,,Plein jour,En agglomération,Hors intersection,Normale,Deux véhicules - arrière,,,,,,,,,,,1,2,1,1.0,2
201200048570,0012-12-08 19:20:00,12,12,8,19,20,201,4,ALATA ROUTE,41.9435,8.73491,Nuit avec éclairage allumé,Hors agglomération,Hors intersection,Normale,Autre collision,,,,,,,,,,,5,1,1,1.0,6
201200048571,0012-12-12 21:00:00,12,12,12,21,0,201,4,"., DEL PELLEGRINO RUE DO",,,Nuit avec éclairage allumé,En agglomération,Intersection en X,Normale,Deux véhicules - côté,,,,,,,,,,,5,2,2,1.0,3
201200048572,0012-12-10 18:02:00,12,12,10,18,2,201,4,NAPOLEON COURS AVANT BEV,41.9227,8.73749,Nuit avec éclairage allumé,En agglomération,Hors intersection,Normale,Deux véhicules - arrière,,,,,,,,,,,5,2,1,1.0,2
201200048573,0012-12-12 12:55:00,12,12,12,12,55,201,4,ILES SANGUINAIRES ROUTE,41.9093,8.69617,Plein jour,Hors agglomération,Hors intersection,Normale,Deux véhicules - côté,,,,,,,,,,,1,1,1,1.0,3
201200048574,0012-12-13 21:50:00,12,12,13,21,50,201,4,MONTEE SAINT JEAN,,,Nuit avec éclairage allumé,En agglomération,Intersection en Y,Normale,Deux véhicules - arrière,,,,,,,,,,,5,2,4,1.0,2
201200048575,0012-02-09 17:00:00,12,2,9,17,0,690,381,"1, ANDRE LASSAGNE",,,Plein jour,En agglomération,Hors intersection,Normale,Trois véhicules et plus - en chaîne,,,,,,,,,,,1,2,1,1.0,4
201200048576,0012-02-20 10:20:00,12,2,20,10,20,690,381,"18, RUE SAINTE CATHERINE",,,Plein jour,En agglomération,Hors intersection,Normale,Autre collision,,,,,,,,,,,1,2,1,1.0,6
201200048577,0012-03-07 11:15:00,12,3,7,11,15,690,381,"32, CROIX ROUSSE (DE LA)",,,Plein jour,En agglomération,Intersection en X,Normale,Deux véhicules - côté,,,,,,,,,,,1,2,2,1.0,3
201200048578,0012-03-25 12:25:00,12,3,25,12,25,690,381,ALGERIE (D'),,,Plein jour,En agglomération,Intersection en X,Normale,Autre collision,,,,,,,,,,,1,2,2,1.0,6
201200048579,0012-03-27 09:10:00,12,3,27,9,10,690,381,DE LATTRE DE TASSIGNY,,,Plein jour,En agglomération,Hors intersection,Normale,Deux véhicules - côté,,,,,,,,,,,1,2,1,1.0,3
201200048580,0012-04-09 23:00:00,12,4,9,23,0,690,381,"33, TERME",,,Nuit avec éclairage allumé,En agglomération,Hors intersection,Normale,Autre collision,,,,,,,,,,,5,2,1,1.0,6
201200048581,0012-04-02 16:35:00,12,4,2,16,35,690,381,"24, IMBERT COLOMES",,,Plein jour,En agglomération,Intersection en T,Normale,Autre collision,,,,,,,,,,,1,2,3,1.0,6
201200048582,0012-04-05 13:29:00,12,4,5,13,29,690,381,"3, ANNONCIADE (DE L')",,,Plein jour,En agglomération,Hors intersection,Normale,Deux véhicules - côté,,,,,,,,,,,1,2,1,1.0,3
201200048583,0012-05-14 14:05:00,12,5,14,14,5,690,381,"7, JEAN MOULIN",,,Plein jour,En agglomération,Hors intersection,Normale,Trois véhicules et plus - en chaîne,,,,,,,,,,,1,2,1,1.0,4
201200048584,0012-05-25 20:00:00,12,5,25,20,0,690,381,"24, CARMELITES (DES)",,,Plein jour,En agglomération,Intersection en T,Normale,Autre collision,,,,,,,,,,,1,2,3,1.0,6
201200048585,0012-06-06 17:13:00,12,6,6,17,13,690,381,"12, RUE ROMARIN",,,Plein jour,En agglomération,Hors intersection,Normale,Deux véhicules - arrière,,,,,,,,,,,1,2,1,1.0,2
201200048586,0012-06-09 09:00:00,12,6,9,9,0,690,381,"14/16, QUAI SAINT VINCEN",,,Plein jour,En agglomération,Hors intersection,Normale,Autre collision,,,,,,,,,,,1,2,1,1.0,6
201200048587,0012-07-08 23:50:00,12,7,8,23,50,690,381,"13, PECHERIE (DE LA)",,,Nuit avec éclairage allumé,En agglomération,Hors intersection,Normale,Autre collision,,,,,,,,,,,5,2,1,1.0,6
201200048588,0012-07-17 11:55:00,12,7,17,11,55,690,381,"29, RUE DE LA MARTINIERE",,,Plein jour,En agglomération,Intersection en X,Normale,Deux véhicules - côté,,,,,,,,,,,1,2,2,1.0,3
201200048589,0012-07-27 23:30:00,12,7,27,23,30,690,381,"12, RUE BURDEAU",,,Nuit avec éclairage allumé,En agglomération,Hors intersection,Normale,Autre collision,,,,,,,,,,,5,2,1,1.0,6
201200048590,0012-07-19 05:20:00,12,7,19,5,20,690,381,"15, COURS GENERAL GIRAUD",,,Nuit avec éclairage allumé,En agglomération,Hors intersection,Normale,Autre collision,,,,,,,,,,,5,2,1,1.0,6
201200048591,0012-08-08 19:00:00,12,8,8,19,0,690,381,"1, MORAND",,,Plein jour,En agglomération,Giratoire,Normale,Deux véhicules - arrière,,,,,,,,,,,1,2,6,1.0,2
201200048592,0012-09-28 08:30:00,12,9,28,8,30,690,381,"26, MONTEE SAINT SEBASTI",,,Plein jour,En agglomération,Hors intersection,Normale,Autre collision,,,,,,,,,,,1,2,1,1.0,6
201200048593,0012-10-18 17:30:00,12,10,18,17,30,690,381,"00, DE LATTRE DE TASSIGN",,,Plein jour,En agglomération,Hors intersection,Normale,Deux véhicules - côté,,,,,,,,,,,1,2,1,1.0,3
201200048594,0012-11-02 08:45:00,12,11,2,8,45,690,381,"00, ANDRE LASSAGNE",,,Plein jour,En agglomération,Intersection à plus de 4 branches,Normale,Deux véhicules - côté,,,,,,,,,,,1,2,5,1.0,3
201200048595,0012-11-11 23:30:00,12,11,11,23,30,690,381,PLACE TOLOZAN,,,Nuit avec éclairage allumé,En agglomération,Hors intersection,Normale,Deux véhicules - frontale,,,,,,,,,,,5,2,1,1.0,1
201200048596,0012-11-12 20:50:00,12,11,12,20,50,690,381,COURS GENERAL GIRAUD,,,Nuit avec éclairage allumé,En agglomération,Intersection en T,Normale,Deux véhicules - côté,,,,,,,,,,,5,2,3,1.0,3
201200048597,0012-11-18 23:15:00,12,11,18,23,15,690,381,TUNNEL ROUTIER RUE TERME,,,Nuit avec éclairage allumé,En agglomération,Hors intersection,Normale,Deux véhicules - frontale,,,,,,,,,,,5,2,1,1.0,1
201200048598,0012-11-19 13:35:00,12,11,19,13,35,690,381,"1, JEAN MOULIN",,,Plein jour,En agglomération,Hors intersection,Normale,Deux véhicules - côté,,,,,,,,,,,1,2,1,1.0,3
201200048599,0012-11-25 21:30:00,12,11,25,21,30,690,381,JEAN MOULIN,,,Nuit avec éclairage allumé,En agglomération,Intersection en X,Pluie légère,Deux véhicules - côté,,,,,,,,,,,5,2,2,2.0,3
201200048600,0012-01-01 13:00:00,12,1,1,13,0,940,44,RN406,48.758,2.4708,Plein jour,Hors agglomération,Hors intersection,Normale,Autre collision,,,,,,,,,,,1,1,1,1.0,6
201200048601,0012-01-01 17:00:00,12,1,1,17,0,940,65,A86,48.754,2.3523,Crépuscule ou aube,Hors agglomération,Hors intersection,Pluie légère,Trois véhicules et plus - collisions multiples,,,,,,,,,,,2,1,1,2.0,5
201200048602,0012-01-01 21:30:00,12,1,1,21,30,940,44,RN406,48.7585,2.47008,Nuit avec éclairage non allumé,Hors agglomération,Hors intersection,Pluie légère,Sans collision,,,,,,,,,,,4,1,1,2.0,7
201200048603,0012-01-02 06:10:00,12,1,2,6,10,770,294,A104,,,Nuit sans éclairage public,Hors agglomération,Hors intersection,Normale,Deux véhicules - côté,,,,,,,,,,,3,1,1,1.0,3
201200048604,0012-01-02 13:35:00,12,1,2,13,35,940,73,A86,48.7665,2.37882,Plein jour,Hors agglomération,Hors intersection,Normale,Deux véhicules - côté,,,,,,,,,,,1,1,1,1.0,3
201200048605,0012-01-02 17:15:00,12,1,2,17,15,940,18,A4,48.8229,2.39616,Nuit avec éclairage allumé,Hors agglomération,Hors intersection,Pluie légère,Deux véhicules - arrière,,,,,,,,,,,5,1,1,2.0,2
201200048606,0012-01-04 05:10:00,12,1,4,5,10,750,112,A4,,,Nuit avec éclairage non allumé,Hors agglomération,Hors intersection,Normale,Sans collision,,,,,,,,,,,4,1,1,1.0,7
201200048607,0012-01-03 20:10:00,12,1,3,20,10,940,22,A86,48.7764,2.41493,Nuit sans éclairage public,Hors agglomération,Hors intersection,Pluie forte,Sans collision,,,,,,,,,,,3,1,1,3.0,7
201200048608,0012-01-04 08:32:00,12,1,4,8,32,940,17,A4,48.8265,2.51831,Plein jour,Hors agglomération,Hors intersection,Normale,Sans collision,,,,,,,,,,,1,1,1,1.0,7
201200048609,0012-01-07 14:00:00,12,1,7,14,0,940,33,A86,48.8602,2.48512,Plein jour,Hors agglomération,Hors intersection,Temps couvert,Deux véhicules - côté,,,,,,,,,,,1,1,1,8.0,3
201200048610,0012-01-09 20:00:00,12,1,9,20,0,770,449,A4,,,Nuit sans éclairage public,Hors agglomération,Hors intersection,Normale,Trois véhicules et plus - en chaîne,,,,,,,,,,,3,1,1,1.0,4
201200048611,0012-01-10 20:30:00,12,1,10,20,30,770,18,A4,,,Nuit sans éclairage public,Hors agglomération,Hors intersection,Normale,Deux véhicules - arrière,,,,,,,,,,,3,1,1,1.0,2
201200048612,0012-01-11 16:10:00,12,1,11,16,10,770,294,A104,,,Plein jour,Hors agglomération,Hors intersection,Normale,Deux véhicules - arrière,,,,,,,,,,,1,1,1,1.0,2
201200048613,0012-01-11 16:50:00,12,1,11,16,50,940,18,A4,48.8223,2.39722,Plein jour,Hors agglomération,Hors intersection,Normale,Sans collision,,,,,,,,,,,1,1,1,1.0,7
201200048614,0012-01-11 19:00:00,12,1,11,19,0,770,258,VPO.INT,,,Nuit sans éclairage public,Hors agglomération,Hors intersection,Normale,Deux véhicules - arrière,,,,,,,,,,,3,1,1,1.0,2
201200048615,0012-01-12 14:05:00,12,1,12,14,5,770,468,A4.W,,,Plein jour,Hors agglomération,Hors intersection,Normale,Deux véhicules - arrière,,,,,,,,,,,1,1,1,1.0,2
201200048616,0012-01-13 20:43:00,12,1,13,20,43,770,169,RN104,,,Nuit sans éclairage public,Hors agglomération,Hors intersection,Normale,Autre collision,,,,,,,,,,,3,1,1,1.0,6
201200048617,0012-01-14 05:00:00,12,1,14,5,0,770,249,RN104,,,Nuit sans éclairage public,Hors agglomération,Hors intersection,Normale,Deux véhicules - arrière,,,,,,,,,,,3,1,1,1.0,2
201200048618,0012-01-14 17:30:00,12,1,14,17,30,770,337,RN104,,,Plein jour,Hors agglomération,Hors intersection,Normale,Deux véhicules - arrière,,,,,,,,,,,1,1,1,1.0,2
201200048619,0012-01-15 16:35:00,12,1,15,16,35,770,294,A104,,,Plein jour,Hors agglomération,Hors intersection,Normale,Deux véhicules - côté,,,,,,,,,,,1,1,1,1.0,3
201200048620,0012-01-16 15:45:00,12,1,16,15,45,770,372,A104,,,Plein jour,Hors agglomération,Hors intersection,Normale,Trois véhicules et plus - collisions multiples,,,,,,,,,,,1,1,1,1.0,5
201200048621,0012-01-16 17:00:00,12,1,16,17,0,940,69,A4,48.8175,2.42225,Plein jour,Hors agglomération,Hors intersection,Normale,Sans collision,,,,,,,,,,,1,1,1,1.0,7
201200048622,0012-01-17 08:30:00,12,1,17,8,30,940,28,A86 EXT,48.7761,2.42962,Plein jour,Hors agglomération,Hors intersection,Normale,Trois véhicules et plus - collisions multiples,,,,,,,,,,,1,1,1,1.0,5
201200048623,0012-01-17 21:35:00,12,1,17,21,35,940,69,A86 INT,48.8171,2.45328,Nuit sans éclairage public,Hors agglomération,Hors intersection,Normale,Autre collision,,,,,,,,,,,3,1,1,1.0,6
201200048624,0012-01-18 09:30:00,12,1,18,9,30,940,81,A86 EXT,48.774,2.40504,Plein jour,Hors agglomération,Hors intersection,Normale,Deux véhicules - arrière,,,,,,,,,,,1,1,1,1.0,2
201200048625,0012-01-18 12:35:00,12,1,18,12,35,940,69,A4,48.8174,2.42226,Plein jour,Hors agglomération,Hors intersection,Normale,Deux véhicules - arrière,,,,,,,,,,,1,1,1,1.0,2
201200048626,0012-01-19 07:20:00,12,1,19,7,20,750,112,A4,,,Nuit avec éclairage allumé,Hors agglomération,Hors intersection,Pluie légère,Autre collision,,,,,,,,,,,5,1,1,2.0,6
201200048627,0012-01-19 22:50:00,12,1,19,22,50,940,44,RN406,48.758,2.47079,Nuit avec éclairage non allumé,Hors agglomération,Hors intersection,Pluie légère,Autre collision,,,,,,,,,,,4,1,1,2.0,6
201200048628,0012-01-20 07:10:00,12,1,20,7,10,770,249,RN104,,,Nuit sans éclairage public,Hors agglomération,Hors intersection,Pluie légère,Deux véhicules - côté,,,,,,,,,,,3,1,1,2.0,3
201200048629,0012-01-21 11:00:00,12,1,21,11,0,940,33,A86,48.8552,2.48932,Plein jour,Hors agglomération,Hors intersection,Normale,Autre collision,,,,,,,,,,,1,1,1,1.0,6
201200048630,0012-01-21 20:00:00,12,1,21,20,0,940,65,A86,48.754,2.3523,Nuit avec éclairage allumé,Hors agglomération,Hors intersection,Pluie légère,Trois véhicules et plus - collisions multiples,,,,,,,,,,,5,1,1,2.0,5
201200048631,0012-01-24 09:30:00,12,1,24,9,30,930,51,A4 NOISY LE GRAND,,,Plein jour,Hors agglomération,Hors intersection,Normale,Sans collision,,,,,,,,,,,1,1,1,1.0,7
201200048632,0012-01-24 17:40:00,12,1,24,17,40,940,17,A4,48.8267,2.52249,Nuit avec éclairage allumé,Hors agglomération,Hors intersection,Pluie légère,Deux véhicules - côté,,,,,,,,,,,5,1,1,2.0,3
201200048633,0012-01-24 18:00:00,12,1,24,18,0,940,69,A4,48.8172,2.42645,Nuit avec éclairage non allumé,Hors agglomération,Hors intersection,Pluie légère,Deux véhicules - arrière,,,,,,,,,,,4,1,1,2.0,2
201200048634,0012-01-25 08:20:00,12,1,25,8,20,770,294,A104,,,Plein jour,Hors agglomération,Hors intersection,Pluie légère,Sans collision,,,,,,,,,,,1,1,1,2.0,7
201200048635,0012-01-25 09:00:00,12,1,25,9,0,940,42,A4,48.8276,2.47043,Plein jour,Hors agglomération,Hors intersection,Normale,Sans collision,,,,,,,,,,,1,1,1,1.0,7
201200048636,0012-01-25 12:10:00,12,1,25,12,10,770,373,RN104,,,Plein jour,Hors agglomération,Hors intersection,Pluie légère,Deux véhicules - côté,,,,,,,,,,,1,1,1,2.0,3
201200048637,0012-01-25 17:25:00,12,1,25,17,25,770,337,RN104,,,Plein jour,Hors agglomération,Hors intersection,Pluie légère,Trois véhicules et plus - en chaîne,,,,,,,,,,,1,1,1,2.0,4
201200048638,0012-01-26 08:50:00,12,1,26,8,50,770,294,A104,,,Plein jour,Hors agglomération,Hors intersection,Pluie légère,Sans collision,,,,,,,,,,,1,1,1,2.0,7
201200048639,0012-01-26 18:15:00,12,1,26,18,15,770,373,RN104,,,Nuit sans éclairage public,Hors agglomération,Hors intersection,Normale,Sans collision,,,,,,,,,,,3,1,1,1.0,7
201200048640,0012-01-28 09:00:00,12,1,28,9,0,750,112,A4,,,Plein jour,Hors agglomération,Hors intersection,Pluie légère,Sans collision,,,,,,,,,,,1,1,1,2.0,7