accident_id,datetime,annee,mois,jour,heure,minute,departement,commune_insee,adresse,latitude,longitude,luminosite,agglomeration,intersection,meteo,collision,nb_vehicules,nb_usagers,nb_indemnes,nb_tues,nb_blesses_hosp,nb_blesses_legers,age_cond_1,age_cond_2,veh_type_cond_1,veh_type_cond_2,lum_code,agg_code,int_code,atm_code,col_code
201200048775,0012-05-29 18:20:00,12,5,29,18,20,940,73,A86 EXT,48.7536,2.37921,Plein jour,Hors agglomération,Hors intersection,Normale,Sans collision,,,,,,,,,,,1,1,1,1.0,7
201200048776,0012-05-29 19:45:00,12,5,29,19,45,770,438,A104,,,Plein jour,Hors agglomération,Hors intersection,Normale,Sans collision,,,,,,,,,,,1,1,1,1.0,7
201200048777,0012-05-29 20:35:00,12,5,29,20,35,770,337,RN104,,,Plein jour,Hors agglomération,Hors intersection,Normale,Autre collision,,,,,,,,,,,1,1,1,1.0,6
201200048778,0012-05-30 09:00:00,12,5,30,9,0,940,33,A86.INT,48.8516,2.48977,Plein jour,Hors agglomération,Hors intersection,Normale,Deux véhicules - arrière,,,,,,,,,,,1,1,1,1.0,2
201200048779,0012-05-31 16:00:00,12,5,31,16,0,940,18,A4,48.8177,2.41804,Plein jour,Hors agglomération,Hors intersection,Normale,Deux véhicules - arrière,,,,,,,,,,,1,1,1,1.0,2
201200048780,0012-05-31 16:15:00,12,5,31,16,15,940,65,A86 INT,48.754,2.35231,Plein jour,Hors agglomération,Hors intersection,Normale,Trois véhicules et plus - collisions multiples,,,,,,,,,,,1,1,1,1.0,5
201200048781,0012-06-02 01:20:00,12,6,2,1,20,940,42,A4,48.8284,2.47586,Nuit avec éclairage non allumé,Hors agglomération,Hors intersection,Normale,Deux véhicules - côté,,,,,,,,,,,4,1,1,1.0,3
201200048782,0012-06-02 05:20:00,12,6,2,5,20,940,42,A4,48.8279,2.47155,Nuit avec éclairage allumé,Hors agglomération,Hors intersection,Normale,Autre collision,,,,,,,,,,,5,1,1,1.0,6
201200048783,0012-06-03 01:30:00,12,6,3,1,30,940,46,A86 EXT,48.8143,2.44923,Nuit avec éclairage allumé,Hors agglomération,Hors intersection,Normale,Deux véhicules - arrière,,,,,,,,,,,5,1,1,1.0,2
201200048784,0012-06-03 06:55:00,12,6,3,6,55,940,17,A4,48.8279,2.50423,Plein jour,Hors agglomération,Hors intersection,Pluie légère,Deux véhicules - arrière,,,,,,,,,,,1,1,1,2.0,2
201200048785,0012-06-04 14:35:00,12,6,4,14,35,940,17,A4,48.8279,2.50423,Plein jour,Hors agglomération,Hors intersection,Normale,Deux véhicules - côté,,,,,,,,,,,1,1,1,1.0,3
201200048786,0012-06-05 08:40:00,12,6,5,8,40,940,28,RN406.W,48.778,2.44234,Plein jour,Hors agglomération,Hors intersection,Normale,Deux véhicules - côté,,,,,,,,,,,1,1,1,1.0,3
201200048787,0012-05-25 18:35:00,12,5,25,18,35,940,65,A86 INT,48.7537,2.36569,Plein jour,Hors agglomération,Hors intersection,Normale,Deux véhicules - côté,,,,,,,,,,,1,1,1,1.0,3
201200048788,0012-06-05 18:35:00,12,6,5,18,35,940,65,A86 INT,48.7537,2.36569,Plein jour,Hors agglomération,Hors intersection,Pluie légère,Deux véhicules - côté,,,,,,,,,,,1,1,1,2.0,3
201200048789,0012-06-06 07:35:00,12,6,6,7,35,770,373,RN104,,,Plein jour,Hors agglomération,Hors intersection,Normale,Deux véhicules - côté,,,,,,,,,,,1,1,1,1.0,3
201200048790,0012-06-06 15:40:00,12,6,6,15,40,940,17,A4,48.8288,2.47729,Plein jour,Hors agglomération,Hors intersection,Normale,Deux véhicules - arrière,,,,,,,,,,,1,1,1,1.0,2
201200048791,0012-06-06 17:30:00,12,6,6,17,30,940,17,A4,48.8305,2.4911,Plein jour,Hors agglomération,Hors intersection,Normale,Trois véhicules et plus - en chaîne,,,,,,,,,,,1,1,1,1.0,4
201200048792,0012-06-06 23:00:00,12,6,6,23,0,940,74,RN406.W,48.768,2.45213,Nuit sans éclairage public,Hors agglomération,Hors intersection,Normale,Deux véhicules - frontale,,,,,,,,,,,3,1,1,1.0,1
201200048793,0012-06-08 07:45:00,12,6,8,7,45,940,79,A4,48.8286,2.52715,Plein jour,Hors agglomération,Hors intersection,Normale,Trois véhicules et plus - collisions multiples,,,,,,,,,,,1,1,1,1.0,5
201200048794,0012-06-09 06:20:00,12,6,9,6,20,940,28,A86 EXT,48.7931,2.44162,Plein jour,Hors agglomération,Hors intersection,Normale,Deux véhicules - arrière,,,,,,,,,,,1,1,1,1.0,2
201200048795,0012-06-08 16:00:00,12,6,8,16,0,940,22,A86 EXT,48.7766,2.41749,Crépuscule ou aube,Hors agglomération,Hors intersection,Normale,Deux véhicules - arrière,,,,,,,,,,,2,1,1,1.0,2
201200048796,0012-06-10 20:30:00,12,6,10,20,30,940,28,A86 EXT,48.7809,2.44112,Plein jour,Hors agglomération,Hors intersection,Pluie forte,Autre collision,,,,,,,,,,,1,1,1,3.0,6
201200048797,0012-06-11 00:05:00,12,6,11,0,5,770,372,A104,,,Nuit sans éclairage public,Hors agglomération,Hors intersection,Normale,Deux véhicules - arrière,,,,,,,,,,,3,1,1,1.0,2
201200048798,0012-06-11 12:05:00,12,6,11,12,5,750,112,A4,,,Plein jour,Hors agglomération,Hors intersection,Normale,Deux véhicules - côté,,,,,,,,,,,1,1,1,1.0,3
201200048799,0012-06-11 18:50:00,12,6,11,18,50,940,28,A86 INT,48.7932,2.44123,Plein jour,Hors agglomération,Hors intersection,Normale,Autre collision,,,,,,,,,,,1,1,1,1.0,6
201200048800,0012-06-12 12:00:00,12,6,12,12,0,940,18,A4,48.8228,2.39595,Plein jour,Hors agglomération,Hors intersection,Pluie légère,Trois véhicules et plus - collisions multiples,,,,,,,,,,,1,1,1,2.0,5
201200048801,0012-06-13 08:30:00,12,6,13,8,30,940,79,A4,48.8286,2.52715,Plein jour,Hors agglomération,Hors intersection,Normale,Trois véhicules et plus - collisions multiples,,,,,,,,,,,1,1,1,1.0,5
201200048802,0012-06-14 08:20:00,12,6,14,8,20,770,83,A4.W,,,Plein jour,Hors agglomération,Hors intersection,Normale,Deux véhicules - côté,,,,,,,,,,,1,1,1,1.0,3
201200048803,0012-06-14 19:57:00,12,6,14,19,57,770,294,A104,,,Plein jour,Hors agglomération,Hors intersection,Normale,Deux véhicules - arrière,,,,,,,,,,,1,1,1,1.0,2
201200048804,0012-06-14 21:15:00,12,6,14,21,15,770,53,RN104,,,Crépuscule ou aube,Hors agglomération,Hors intersection,Normale,Autre collision,,,,,,,,,,,2,1,1,1.0,6
201200048805,0012-06-15 08:00:00,12,6,15,8,0,940,44,RN406.Y,48.7585,2.47007,Plein jour,Hors agglomération,Hors intersection,Temps couvert,Autre collision,,,,,,,,,,,1,1,1,8.0,6
201200048806,0012-06-15 09:30:00,12,6,15,9,30,940,17,A4,48.8286,2.50176,Plein jour,Hors agglomération,Hors intersection,Pluie légère,Sans collision,,,,,,,,,,,1,1,1,2.0,7
201200048807,0012-06-15 16:35:00,12,6,15,16,35,940,18,A4,48.8175,2.41871,Plein jour,Hors agglomération,Hors intersection,Normale,Deux véhicules - côté,,,,,,,,,,,1,1,1,1.0,3
201200048808,0012-06-18 04:10:00,12,6,18,4,10,750,112,A4,,,Nuit sans éclairage public,Hors agglomération,Hors intersection,Pluie forte,Autre collision,,,,,,,,,,,3,1,1,3.0,6
201200048809,0012-06-18 08:00:00,12,6,18,8,0,940,22,A86 EXT,48.7762,2.4149,Plein jour,Hors agglomération,Hors intersection,Pluie légère,Sans collision,,,,,,,,,,,1,1,1,2.0,7
201200048810,0012-06-19 09:00:00,12,6,19,9,0,940,33,A86.INT,48.8515,2.48978,Plein jour,Hors agglomération,Hors intersection,Normale,Autre collision,,,,,,,,,,,1,1,1,1.0,6
201200048811,0012-06-20 07:50:00,12,6,20,7,50,940,17,A4,48.8297,2.49791,Plein jour,Hors agglomération,Hors intersection,Normale,Trois véhicules et plus - collisions multiples,,,,,,,,,,,1,1,1,1.0,5
201200048812,0012-06-21 17:10:00,12,6,21,17,10,770,294,A104,,,Plein jour,Hors agglomération,Hors intersection,Normale,Deux véhicules - côté,,,,,,,,,,,1,1,1,1.0,3
201200048813,0012-06-21 08:45:00,12,6,21,8,45,940,69,A4,48.8174,2.43906,Plein jour,Hors agglomération,Hors intersection,Pluie légère,Sans collision,,,,,,,,,,,1,1,1,2.0,7
201200048814,0012-06-21 15:00:00,12,6,21,15,0,940,18,A4,48.8176,2.41528,Plein jour,Hors agglomération,Hors intersection,Pluie légère,Deux véhicules - arrière,,,,,,,,,,,1,1,1,2.0,2
201200048815,0012-06-21 16:45:00,12,6,21,16,45,940,44,RN406.W,48.7588,2.47012,Plein jour,Hors agglomération,Hors intersection,Pluie forte,Autre collision,,,,,,,,,,,1,1,1,3.0,6
201200048816,0012-06-21 18:50:00,12,6,21,18,50,940,22,A86 INT,48.7762,2.42558,Plein jour,Hors agglomération,Hors intersection,Normale,Autre collision,,,,,,,,,,,1,1,1,1.0,6
201200048817,0012-06-22 18:50:00,12,6,22,18,50,770,121,A104,,,Plein jour,Hors agglomération,Hors intersection,Normale,Deux véhicules - côté,,,,,,,,,,,1,1,1,1.0,3
201200048818,0012-06-22 18:45:00,12,6,22,18,45,770,373,RN104,,,Plein jour,Hors agglomération,Hors intersection,Normale,Trois véhicules et plus - en chaîne,,,,,,,,,,,1,1,1,1.0,4
201200048819,0012-06-23 12:45:00,12,6,23,12,45,770,121,A104,,,Plein jour,Hors agglomération,Hors intersection,Normale,Sans collision,,,,,,,,,,,1,1,1,1.0,7
201200048820,0012-06-24 13:00:00,12,6,24,13,0,940,17,A4,48.8278,2.50589,Plein jour,Hors agglomération,Hors intersection,Normale,Trois véhicules et plus - en chaîne,,,,,,,,,,,1,1,1,1.0,4
201200048821,0012-06-24 19:00:00,12,6,24,19,0,940,17,A4,48.8288,2.47856,Plein jour,Hors agglomération,Hors intersection,Pluie légère,Trois véhicules et plus - en chaîne,,,,,,,,,,,1,1,1,2.0,4
201200048822,0012-06-26 09:47:00,12,6,26,9,47,940,69,A4,48.8166,2.45028,Plein jour,Hors agglomération,Hors intersection,Pluie légère,Trois véhicules et plus - en chaîne,,,,,,,,,,,1,1,1,2.0,4
201200048823,0012-06-26 17:30:00,12,6,26,17,30,770,514,A104,,,Plein jour,Hors agglomération,Hors intersection,Normale,Deux véhicules - arrière,,,,,,,,,,,1,1,1,1.0,2
201200048824,0012-06-27 22:35:00,12,6,27,22,35,940,28,A86 INT,48.7761,2.42826,Nuit sans éclairage public,Hors agglomération,Hors intersection,Normale,Trois véhicules et plus - collisions multiples,,,,,,,,,,,3,1,1,1.0,5
201200048825,0012-06-28 07:45:00,12,6,28,7,45,940,69,A4,48.817,2.4461,Plein jour,Hors agglomération,Hors intersection,Normale,Sans collision,,,,,,,,,,,1,1,1,1.0,7
201200048826,0012-06-28 15:15:00,12,6,28,15,15,940,69,A4,48.8173,2.42928,Plein jour,Hors agglomération,Hors intersection,Normale,Trois véhicules et plus - en chaîne,,,,,,,,,,,1,1,1,1.0,4
201200048827,0012-06-29 19:00:00,12,6,29,19,0,940,28,A86 INT,48.787,2.44006,Plein jour,Hors agglomération,Hors intersection,Normale,Deux véhicules - côté,,,,,,,,,,,1,1,1,1.0,3
201200048828,0012-06-30 23:45:00,12,6,30,23,45,940,17,A4,48.8299,2.49647,Nuit sans éclairage public,Hors agglomération,Hors intersection,Normale,Sans collision,,,,,,,,,,,3,1,1,1.0,7
201200048829,0012-07-01 15:20:00,12,7,1,15,20,940,42,A4,48.8276,2.47043,Plein jour,Hors agglomération,Hors intersection,Normale,Deux véhicules - arrière,,,,,,,,,,,1,1,1,1.0,2
201200048830,0012-07-01 17:40:00,12,7,1,17,40,940,74,RN406.Y,48.7667,2.45465,Plein jour,Hors agglomération,Hors intersection,Normale,Deux véhicules - côté,,,,,,,,,,,1,1,1,1.0,3
201200048831,0012-07-05 08:00:00,12,7,5,8,0,770,258,A4.W,,,Plein jour,Hors agglomération,Hors intersection,Pluie légère,Deux véhicules - arrière,,,,,,,,,,,1,1,1,2.0,2
201200048832,0012-07-06 15:45:00,12,7,6,15,45,770,258,A4.W,,,Plein jour,Hors agglomération,Hors intersection,Normale,Trois véhicules et plus - en chaîne,,,,,,,,,,,1,1,1,1.0,4
201200048833,0012-07-06 20:50:00,12,7,6,20,50,770,258,A4,,,Crépuscule ou aube,Hors agglomération,Hors intersection,Normale,Autre collision,,,,,,,,,,,2,1,1,1.0,6
201200048834,0012-07-06 21:50:00,12,7,6,21,50,940,46,A86 INT,48.8143,2.44885,Nuit sans éclairage public,Hors agglomération,Hors intersection,Pluie forte,Deux véhicules - arrière,,,,,,,,,,,3,1,1,3.0,2
201200048835,0012-07-07 14:00:00,12,7,7,14,0,940,44,RN406.W,48.7588,2.47012,Plein jour,Hors agglomération,Hors intersection,Temps couvert,Autre collision,,,,,,,,,,,1,1,1,8.0,6
201200048836,0012-07-07 17:00:00,12,7,7,17,0,770,438,A104,,,Plein jour,Hors agglomération,Hors intersection,Pluie légère,Deux véhicules - arrière,,,,,,,,,,,1,1,1,2.0,2
201200048837,0012-07-07 20:50:00,12,7,7,20,50,940,44,RN406.W,48.7588,2.47012,Plein jour,Hors agglomération,Hors intersection,Normale,Deux véhicules - arrière,,,,,,,,,,,1,1,1,1.0,2
201200048838,0012-07-09 14:35:00,12,7,9,14,35,770,169,RN104,,,Plein jour,Hors agglomération,Hors intersection,Normale,Autre collision,,,,,,,,,,,1,1,1,1.0,6
201200048839,0012-07-11 14:40:00,12,7,11,14,40,940,73,A86 EXT,48.7691,2.37945,Plein jour,Hors agglomération,Hors intersection,Autre,Deux véhicules - côté,,,,,,,,,,,1,1,1,9.0,3
201200048840,0012-07-13 04:45:00,12,7,13,4,45,940,73,A86 EXT,48.7666,2.37882,Crépuscule ou aube,Hors agglomération,Hors intersection,Pluie légère,Autre collision,,,,,,,,,,,2,1,1,2.0,6
201200048841,0012-07-14 18:30:00,12,7,14,18,30,940,17,A4,48.8305,2.4939,Plein jour,Hors agglomération,Hors intersection,Normale,Trois véhicules et plus - collisions multiples,,,,,,,,,,,1,1,1,1.0,5
201200048842,0012-07-14 18:15:00,12,7,14,18,15,940,44,RN406.Y,48.7585,2.47007,Plein jour,Hors agglomération,Hors intersection,Normale,Deux véhicules - côté,,,,,,,,,,,1,1,1,1.0,3
201200048843,0012-07-15 09:40:00,12,7,15,9,40,940,79,A4,48.8286,2.52746,Plein jour,Hors agglomération,Hors intersection,Normale,Deux véhicules - arrière,,,,,,,,,,,1,1,1,1.0,2
201200048844,0012-07-15 20:05:00,12,7,15,20,5,770,449,A4,,,Plein jour,Hors agglomération,Hors intersection,Normale,Autre collision,,,,,,,,,,,1,1,1,1.0,6
201200048845,0012-07-16 19:00:00,12,7,16,19,0,940,69,A4,48.8171,2.44323,Plein jour,Hors agglomération,Hors intersection,Normale,Deux véhicules - arrière,,,,,,,,,,,1,1,1,1.0,2
201200048846,0012-07-16 20:15:00,12,7,16,20,15,940,73,A86 EXT,48.7559,2.38338,Nuit avec éclairage non allumé,Hors agglomération,Hors intersection,Normale,Autre collision,,,,,,,,,,,4,1,1,1.0,6
201200048847,0012-07-18 15:30:00,12,7,18,15,30,940,74,RN406.W,48.7651,2.46072,Plein jour,Hors agglomération,Hors intersection,Normale,Sans collision,,,,,,,,,,,1,1,1,1.0,7
201200048848,0012-07-20 07:20:00,12,7,20,7,20,770,122,RN104,,,Crépuscule ou aube,Hors agglomération,Hors intersection,Pluie légère,Sans collision,,,,,,,,,,,2,1,1,2.0,7
201200048849,0012-07-21 08:00:00,12,7,21,8,0,770,146,A4.Y,,,Crépuscule ou aube,Hors agglomération,Hors intersection,Normale,Deux véhicules - côté,,,,,,,,,,,2,1,1,1.0,3
201200048850,0012-07-21 14:10:00,12,7,21,14,10,770,121,A4,,,Plein jour,Hors agglomération,Hors intersection,Normale,Autre collision,,,,,,,,,,,1,1,1,1.0,6
201200048851,0012-07-21 19:45:00,12,7,21,19,45,940,52,A86 INT,48.8445,2.49228,Plein jour,Hors agglomération,Hors intersection,Normale,Trois véhicules et plus - collisions multiples,,,,,,,,,,,1,1,1,1.0,5
201200048852,0012-07-23 00:30:00,12,7,23,0,30,940,18,A4,48.8177,2.41524,Nuit sans éclairage public,Hors agglomération,Hors intersection,Normale,Deux véhicules - côté,,,,,,,,,,,3,1,1,1.0,3
201200048853,0012-07-24 09:30:00,12,7,24,9,30,750,112,A4,,,Plein jour,Hors agglomération,Hors intersection,Normale,Sans collision,,,,,,,,,,,1,1,1,1.0,7
201200048854,0012-07-24 10:30:00,12,7,24,10,30,940,28,A86 EXT,48.78,2.44118,Plein jour,Hors agglomération,Hors intersection,Normale,Trois véhicules et plus - en chaîne,,,,,,,,,,,1,1,1,1.0,4
201200048855,0012-07-29 10:30:00,12,7,29,10,30,930,51,A4,48.8358,2.56181,Plein jour,Hors agglomération,Hors intersection,Normale,Deux véhicules - côté,,,,,,,,,,,1,1,1,1.0,3
201200048856,0012-07-28 01:45:00,12,7,28,1,45,770,373,RN104,,,Nuit sans éclairage public,Hors agglomération,Hors intersection,Pluie légère,Sans collision,,,,,,,,,,,3,1,1,2.0,7
201200048857,0012-07-31 06:00:00,12,7,31,6,0,940,28,A86 INT,48.7761,2.42826,Crépuscule ou aube,Hors agglomération,Hors intersection,Normale,Sans collision,,,,,,,,,,,2,1,1,1.0,7
201200048858,0012-07-31 08:00:00,12,7,31,8,0,940,81,A86 INT,48.7741,2.405,Plein jour,Hors agglomération,Hors intersection,Normale,Deux véhicules - côté,,,,,,,,,,,1,1,1,1.0,3
201200048859,0012-08-01 07:50:00,12,8,1,7,50,770,53,RN104,,,Plein jour,Hors agglomération,Hors intersection,Normale,Autre collision,,,,,,,,,,,1,1,1,1.0,6
201200048860,0012-08-01 08:50:00,12,8,1,8,50,940,17,A4,48.827,2.5238,Plein jour,Hors agglomération,Hors intersection,Normale,Deux véhicules - côté,,,,,,,,,,,1,1,1,1.0,3
201200048861,0012-08-01 15:05:00,12,8,1,15,5,940,69,A4,48.8176,2.43629,Plein jour,Hors agglomération,Hors intersection,Normale,Deux véhicules - côté,,,,,,,,,,,1,1,1,1.0,3
201200048862,0012-08-01 22:35:00,12,8,1,22,35,940,17,A4,48.8279,2.50423,Nuit avec éclairage allumé,Hors agglomération,Hors intersection,Normale,Autre collision,,,,,,,,,,,5,1,1,1.0,6
201200048863,0012-08-02 17:10:00,12,8,2,17,10,770,373,RN104,,,Plein jour,Hors agglomération,Hors intersection,Normale,Deux véhicules - côté,,,,,,,,,,,1,1,1,1.0,3
201200048864,0012-08-03 17:30:00,12,8,3,17,30,770,294,A104,,,Plein jour,Hors agglomération,Hors intersection,Normale,Trois véhicules et plus - en chaîne,,,,,,,,,,,1,1,1,1.0,4
201200048865,0012-08-04 03:28:00,12,8,4,3,28,940,28,A86 EXT,48.7879,2.44032,Nuit sans éclairage public,Hors agglomération,Hors intersection,Normale,Deux véhicules - arrière,,,,,,,,,,,3,1,1,1.0,2
201200048866,0012-08-05 16:15:00,12,8,5,16,15,770,514,A104,,,Plein jour,Hors agglomération,Hors intersection,Normale,Autre collision,,,,,,,,,,,1,1,1,1.0,6
201200048867,0012-08-05 18:40:00,12,8,5,18,40,750,112,A4,,,Plein jour,Hors agglomération,Hors intersection,Pluie légère,Deux véhicules - côté,,,,,,,,,,,1,1,1,2.0,3
201200048868,0012-08-10 11:45:00,12,8,10,11,45,770,237,A4,,,Plein jour,Hors agglomération,Hors intersection,Normale,Deux véhicules - côté,,,,,,,,,,,1,1,1,1.0,3
201200048869,0012-08-10 23:00:00,12,8,10,23,0,940,28,A86 INT,48.8019,2.44753,Nuit avec éclairage allumé,Hors agglomération,Hors intersection,Normale,Trois véhicules et plus - collisions multiples,,,,,,,,,,,5,1,1,1.0,5
201200048870,0012-08-11 09:15:00,12,8,11,9,15,770,258,A4.W,,,Plein jour,Hors agglomération,Hors intersection,Normale,Sans collision,,,,,,,,,,,1,1,1,1.0,7
201200048871,0012-08-12 00:35:00,12,8,12,0,35,770,122,A5b,,,Nuit sans éclairage public,Hors agglomération,Hors intersection,Normale,Deux véhicules - arrière,,,,,,,,,,,3,1,1,1.0,2
201200048872,0012-08-18 19:50:00,12,8,18,19,50,940,46,A86 EXT,48.8055,2.44883,Plein jour,Hors agglomération,Hors intersection,Normale,Deux véhicules - arrière,,,,,,,,,,,1,1,1,1.0,2
201200048873,0012-08-18 20:15:00,12,8,18,20,15,770,296,RN104,,,Plein jour,Hors agglomération,Hors intersection,Normale,Sans collision,,,,,,,,,,,1,1,1,1.0,7
201200048874,0012-08-19 10:30:00,12,8,19,10,30,940,73,A86 EXT,48.7717,2.39356,Plein jour,Hors agglomération,Hors intersection,Normale,Autre collision,,,,,,,,,,,1,1,1,1.0,6
201200048875,0012-08-21 09:00:00,12,8,21,9,0,770,337,RN104,,,Plein jour,Hors agglomération,Hors intersection,Normale,Sans collision,,,,,,,,,,,1,1,1,1.0,7
201200048876,0012-08-21 19:00:00,12,8,21,19,0,770,122,A5b,,,Plein jour,Hors agglomération,Hors intersection,Normale,Sans collision,,,,,,,,,,,1,1,1,1.0,7
201200048877,0012-08-22 11:21:00,12,8,22,11,21,770,258,A4.W,,,Plein jour,Hors agglomération,Hors intersection,Normale,Trois véhicules et plus - collisions multiples,,,,,,,,,,,1,1,1,1.0,5
201200048878,0012-08-22 16:30:00,12,8,22,16,30,770,122,RN104,,,Plein jour,Hors agglomération,Hors intersection,Normale,Sans collision,,,,,,,,,,,1,1,1,1.0,7
201200048879,0012-08-23 16:15:00,12,8,23,16,15,940,73,A86 INT,48.7712,2.38955,Plein jour,Hors agglomération,Hors intersection,Normale,Deux véhicules - côté,,,,,,,,,,,1,1,1,1.0,3
201200048880,0012-08-26 00:25:00,12,8,26,0,25,770,237,A4,,,Nuit sans éclairage public,Hors agglomération,Hors intersection,Normale,Autre collision,,,,,,,,,,,3,1,1,1.0,6
201200048881,0012-08-26 06:30:00,12,8,26,6,30,940,74,RN406,48.7695,2.4493,Plein jour,Hors agglomération,Hors intersection,Normale,Autre collision,,,,,,,,,,,1,1,1,1.0,6
201200048882,0012-08-26 13:30:00,12,8,26,13,30,770,438,A104,,,Plein jour,Hors agglomération,Hors intersection,Normale,Sans collision,,,,,,,,,,,1,1,1,1.0,7
201200048883,0012-08-27 10:20:00,12,8,27,10,20,940,17,A4,48.8279,2.50451,Plein jour,Hors agglomération,Hors intersection,Normale,Deux véhicules - côté,,,,,,,,,,,1,1,1,1.0,3
201200048884,0012-08-27 23:40:00,12,8,27,23,40,940,79,A4,48.8271,2.52486,Nuit avec éclairage allumé,Hors agglomération,Hors intersection,Normale,Deux véhicules - frontale,,,,,,,,,,,5,1,1,1.0,1
201200048885,0012-08-28 16:50:00,12,8,28,16,50,940,33,A86.INT,48.8505,2.49092,Plein jour,Hors agglomération,Hors intersection,Normale,Deux véhicules - côté,,,,,,,,,,,1,1,1,1.0,3
201200048886,0012-08-28 18:40:00,12,8,28,18,40,940,81,A86 EXT,48.774,2.40505,Plein jour,Hors agglomération,Hors intersection,Normale,Trois véhicules et plus - collisions multiples,,,,,,,,,,,1,1,1,1.0,5
201200048887,0012-08-28 19:50:00,12,8,28,19,50,940,81,A86 INT,48.7746,2.41037,Plein jour,Hors agglomération,Hors intersection,Normale,Deux véhicules - côté,,,,,,,,,,,1,1,1,1.0,3
201200048888,0012-08-31 17:20:00,12,8,31,17,20,940,28,A86 EXT,48.7871,2.44033,Plein jour,Hors agglomération,Hors intersection,Normale,Deux véhicules - côté,,,,,,,,,,,1,1,1,1.0,3
201200048889,0012-08-31 19:55:00,12,8,31,19,55,940,28,A86 EXT,48.776,2.42827,Plein jour,Hors agglomération,Hors intersection,Normale,Deux véhicules - arrière,,,,,,,,,,,1,1,1,1.0,2
201200048890,0012-09-01 19:45:00,12,9,1,19,45,940,15,A4,48.83,2.52898,Plein jour,Hors agglomération,Hors intersection,Normale,Deux véhicules - côté,,,,,,,,,,,1,1,1,1.0,3
201200048891,0012-09-02 17:00:00,12,9,2,17,0,930,51,A4,,,Plein jour,Hors agglomération,Hors intersection,Normale,Autre collision,,,,,,,,,,,1,1,1,1.0,6
201200048892,0012-09-03 07:30:00,12,9,3,7,30,930,51,A4,,,Plein jour,Hors agglomération,Hors intersection,Normale,Trois véhicules et plus - collisions multiples,,,,,,,,,,,1,1,1,1.0,5
201200048893,0012-09-04 07:00:00,12,9,4,7,0,770,438,A104,,,Plein jour,Hors agglomération,Hors intersection,Normale,Deux véhicules - côté,,,,,,,,,,,1,1,1,1.0,3
201200048894,0012-09-04 15:30:00,12,9,4,15,30,940,46,A86 EXT,48.7989,2.44547,Plein jour,Hors agglomération,Hors intersection,Normale,Trois véhicules et plus - collisions multiples,,,,,,,,,,,1,1,1,1.0,5
201200048895,0012-09-04 17:10:00,12,9,4,17,10,750,112,A4,,,Plein jour,Hors agglomération,Hors intersection,Normale,Trois véhicules et plus - collisions multiples,,,,,,,,,,,1,1,1,1.0,5
201200048896,0012-09-05 10:10:00,12,9,5,10,10,940,18,A4,48.8175,2.41529,Plein jour,Hors agglomération,Hors intersection,Normale,Trois véhicules et plus - en chaîne,,,,,,,,,,,1,1,1,1.0,4
201200048897,0012-09-09 20:00:00,12,9,9,20,0,770,58,A4,,,Plein jour,Hors agglomération,Hors intersection,Normale,Deux véhicules - côté,,,,,,,,,,,1,1,1,1.0,3
201200048898,0012-09-09 23:50:00,12,9,9,23,50,770,59,A104,,,Nuit sans éclairage public,Hors agglomération,Hors intersection,Normale,Autre collision,,,,,,,,,,,3,1,1,1.0,6
201200048899,0012-09-10 06:00:00,12,9,10,6,0,930,51,A4,,,Crépuscule ou aube,Hors agglomération,Hors intersection,Normale,Deux véhicules - arrière,,,,,,,,,,,2,1,1,1.0,2
201200048900,0012-09-10 07:40:00,12,9,10,7,40,940,18,A4,48.8182,2.41118,Crépuscule ou aube,Hors agglomération,Hors intersection,Normale,Deux véhicules - arrière,,,,,,,,,,,2,1,1,1.0,2
201200048901,0012-09-11 17:55:00,12,9,11,17,55,940,44,RN406.W,48.7588,2.47012,Plein jour,Hors agglomération,Hors intersection,Pluie légère,Autre collision,,,,,,,,,,,1,1,1,2.0,6
201200048902,0012-09-12 07:40:00,12,9,12,7,40,940,73,A86 INT,48.7566,2.38355,Plein jour,Hors agglomération,Hors intersection,Normale,Deux véhicules - arrière,,,,,,,,,,,1,1,1,1.0,2
201200048903,0012-09-13 09:30:00,12,9,13,9,30,940,18,A4,48.8175,2.41529,Plein jour,Hors agglomération,Hors intersection,Normale,Deux véhicules - côté,,,,,,,,,,,1,1,1,1.0,3
201200048904,0012-09-13 09:00:00,12,9,13,9,0,770,337,VPO.INT,,,Plein jour,Hors agglomération,Autre intersection,Normale,Sans collision,,,,,,,,,,,1,1,9,1.0,7
201200048905,0012-09-13 09:45:00,12,9,13,9,45,930,51,A4,,,Plein jour,Hors agglomération,Hors intersection,Normale,Autre collision,,,,,,,,,,,1,1,1,1.0,6
201200048906,0012-09-14 09:15:00,12,9,14,9,15,940,28,A86 INT,48.787,2.44006,Plein jour,Hors agglomération,Hors intersection,Normale,Sans collision,,,,,,,,,,,1,1,1,1.0,7
201200048907,0012-09-14 18:30:00,12,9,14,18,30,940,46,A86 INT,48.8094,2.44884,Plein jour,Hors agglomération,Hors intersection,Normale,Trois véhicules et plus - en chaîne,,,,,,,,,,,1,1,1,1.0,4