accident_id,datetime,annee,mois,jour,heure,minute,departement,commune_insee,adresse,latitude,longitude,luminosite,agglomeration,intersection,meteo,collision,nb_vehicules,nb_usagers,nb_indemnes,nb_tues,nb_blesses_hosp,nb_blesses_legers,age_cond_1,age_cond_2,veh_type_cond_1,veh_type_cond_2,lum_code,agg_code,int_code,atm_code,col_code
201200048908,0012-09-16 00:55:00,12,9,16,0,55,770,83,A4.W,,,Nuit sans éclairage public,Hors agglomération,Hors intersection,Normale,Sans collision,,,,,,,,,,,3,1,1,1.0,7
201200048909,0012-09-16 07:15:00,12,9,16,7,15,940,52,A4,48.8264,2.46634,Crépuscule ou aube,Hors agglomération,Hors intersection,Normale,Deux véhicules - arrière,,,,,,,,,,,2,1,1,1.0,2
201200048910,0012-09-16 09:05:00,12,9,16,9,5,770,258,A4.Y,,,Plein jour,Hors agglomération,Autre intersection,Normale,Autre collision,,,,,,,,,,,1,1,9,1.0,6
201200048911,0012-09-16 11:25:00,12,9,16,11,25,770,146,RN104.EXT,,,Plein jour,Hors agglomération,Hors intersection,Normale,Deux véhicules - arrière,,,,,,,,,,,1,1,1,1.0,2
201200048912,0012-09-17 08:40:00,12,9,17,8,40,940,46,A86 EXT,48.8072,2.44891,Plein jour,Hors agglomération,Hors intersection,Normale,Autre collision,,,,,,,,,,,1,1,1,1.0,6
201200048913,0012-09-17 09:00:00,12,9,17,9,0,770,514,A104,,,Plein jour,Hors agglomération,Hors intersection,Normale,Deux véhicules - côté,,,,,,,,,,,1,1,1,1.0,3
201200048914,0012-09-17 18:30:00,12,9,17,18,30,930,51,A4,,,Plein jour,Hors agglomération,Hors intersection,Normale,Deux véhicules - côté,,,,,,,,,,,1,1,1,1.0,3
201200048915,0012-09-18 11:15:00,12,9,18,11,15,940,11,RN406.Y,48.7591,2.48367,Plein jour,Hors agglomération,Hors intersection,Normale,Autre collision,,,,,,,,,,,1,1,1,1.0,6
201200048916,0012-09-19 17:30:00,12,9,19,17,30,750,112,A86 EXT,,,Plein jour,Hors agglomération,Hors intersection,Normale,Deux véhicules - côté,,,,,,,,,,,1,1,1,1.0,3
201200048917,0012-09-20 09:00:00,12,9,20,9,0,940,73,A86 INT,48.769,2.3792,Plein jour,Hors agglomération,Hors intersection,Normale,Deux véhicules - côté,,,,,,,,,,,1,1,1,1.0,3
201200048918,0012-09-20 10:37:00,12,9,20,10,37,940,73,A86 EXT,48.7691,2.37945,Plein jour,Hors agglomération,Hors intersection,Normale,Deux véhicules - côté,,,,,,,,,,,1,1,1,1.0,3
201200048919,0012-09-20 17:05:00,12,9,20,17,5,940,73,A86 INT,48.7554,2.38266,Plein jour,Hors agglomération,Hors intersection,Normale,Autre collision,,,,,,,,,,,1,1,1,1.0,6
201200048920,0012-09-21 17:30:00,12,9,21,17,30,940,22,A86 EXT,48.7764,2.42159,Plein jour,Hors agglomération,Hors intersection,Pluie légère,Deux véhicules - côté,,,,,,,,,,,1,1,1,2.0,3
201200048921,0012-09-21 18:50:00,12,9,21,18,50,940,28,A86 INT,48.7763,2.43207,Crépuscule ou aube,Hors agglomération,Hors intersection,Pluie légère,Deux véhicules - côté,,,,,,,,,,,2,1,1,2.0,3
201200048922,0012-09-21 19:00:00,12,9,21,19,0,940,44,RN406.W,48.7576,2.47199,Crépuscule ou aube,Hors agglomération,Hors intersection,Pluie légère,Autre collision,,,,,,,,,,,2,1,1,2.0,6
201200048923,0012-09-21 20:10:00,12,9,21,20,10,930,51,A4,,,Nuit sans éclairage public,Hors agglomération,Hors intersection,Pluie légère,Deux véhicules - arrière,,,,,,,,,,,3,1,1,2.0,2
201200048924,0012-09-22 10:30:00,12,9,22,10,30,940,28,A86 EXT,48.7853,2.44045,Plein jour,Hors agglomération,Hors intersection,Normale,Deux véhicules - côté,,,,,,,,,,,1,1,1,1.0,3
201200048925,0012-09-22 12:30:00,12,9,22,12,30,940,81,A86 EXT,48.7737,2.4024,Plein jour,Hors agglomération,Hors intersection,Normale,Trois véhicules et plus - collisions multiples,,,,,,,,,,,1,1,1,1.0,5
201200048926,0012-09-24 04:20:00,12,9,24,4,20,750,112,A4,,,Nuit avec éclairage non allumé,Hors agglomération,Hors intersection,Pluie légère,Autre collision,,,,,,,,,,,4,1,1,2.0,6
201200048927,0012-09-24 08:40:00,12,9,24,8,40,770,514,A104,,,Plein jour,Hors agglomération,Hors intersection,Pluie forte,Deux véhicules - côté,,,,,,,,,,,1,1,1,3.0,3
201200048928,0012-09-27 09:00:00,12,9,27,9,0,940,28,A86 EXT,48.7818,2.44102,Plein jour,Hors agglomération,Hors intersection,Pluie légère,Deux véhicules - côté,,,,,,,,,,,1,1,1,2.0,3
201200048929,0012-09-28 08:35:00,12,9,28,8,35,940,73,A86 EXT,48.7704,2.38431,Plein jour,Hors agglomération,Hors intersection,Normale,Deux véhicules - arrière,,,,,,,,,,,1,1,1,1.0,2
201200048930,0012-09-28 09:00:00,12,9,28,9,0,930,51,A4,,,Plein jour,Hors agglomération,Hors intersection,Normale,Deux véhicules - côté,,,,,,,,,,,1,1,1,1.0,3
201200048931,0012-10-01 11:15:00,12,10,1,11,15,940,81,A86 INT,48.774,2.40368,Plein jour,Hors agglomération,Hors intersection,Normale,Trois véhicules et plus - en chaîne,,,,,,,,,,,1,1,1,1.0,4
201200048932,0012-10-01 22:05:00,12,10,1,22,5,770,337,RN104,,,Nuit sans éclairage public,Hors agglomération,Hors intersection,Normale,Deux véhicules - arrière,,,,,,,,,,,3,1,1,1.0,2
201200048933,0012-10-02 08:20:00,12,10,2,8,20,940,69,A4,48.8175,2.44048,Plein jour,Hors agglomération,Hors intersection,Pluie légère,Deux véhicules - côté,,,,,,,,,,,1,1,1,2.0,3
201200048934,0012-10-02 13:40:00,12,10,2,13,40,940,73,A86 EXT,48.77,2.38169,Plein jour,Hors agglomération,Hors intersection,Normale,Autre collision,,,,,,,,,,,1,1,1,1.0,6
201200048935,0012-10-02 15:45:00,12,10,2,15,45,770,122,RN104,,,Plein jour,Hors agglomération,Hors intersection,Normale,Sans collision,,,,,,,,,,,1,1,1,1.0,7
201200048936,0012-10-03 18:02:00,12,10,3,18,2,940,28,A86 EXT,48.7762,2.43396,Plein jour,Hors agglomération,Hors intersection,Pluie légère,Deux véhicules - côté,,,,,,,,,,,1,1,1,2.0,3
201200048937,0012-10-04 05:45:00,12,10,4,5,45,940,73,A86 EXT,48.7674,2.37871,Nuit avec éclairage allumé,Hors agglomération,Hors intersection,Pluie légère,Autre collision,,,,,,,,,,,5,1,1,2.0,6
201200048938,0012-10-04 08:00:00,12,10,4,8,0,940,28,A86 EXT,48.7835,2.44074,Plein jour,Hors agglomération,Hors intersection,Pluie légère,Trois véhicules et plus - collisions multiples,,,,,,,,,,,1,1,1,2.0,5
201200048939,0012-10-04 16:40:00,12,10,4,16,40,940,69,A86 EXT,48.8165,2.45348,Plein jour,Hors agglomération,Hors intersection,Normale,Deux véhicules - côté,,,,,,,,,,,1,1,1,1.0,3
201200048940,0012-10-04 18:05:00,12,10,4,18,5,940,46,A86 EXT,48.8046,2.44874,Crépuscule ou aube,Hors agglomération,Hors intersection,Normale,Deux véhicules - arrière,,,,,,,,,,,2,1,1,1.0,2
201200048941,0012-10-05 23:45:00,12,10,5,23,45,940,73,A86 EXT,48.7666,2.37882,Nuit sans éclairage public,Hors agglomération,Hors intersection,Normale,Autre collision,,,,,,,,,,,3,1,1,1.0,6
201200048942,0012-10-05 15:35:00,12,10,5,15,35,770,169,RN104,,,Plein jour,Hors agglomération,Hors intersection,Normale,Deux véhicules - côté,,,,,,,,,,,1,1,1,1.0,3
201200048943,0012-10-05 23:30:00,12,10,5,23,30,770,495,A5b,,,Nuit sans éclairage public,Hors agglomération,Hors intersection,Normale,Trois véhicules et plus - collisions multiples,,,,,,,,,,,3,1,1,1.0,5
201200048944,0012-10-06 18:15:00,12,10,6,18,15,770,249,RN104,,,Crépuscule ou aube,Hors agglomération,Hors intersection,Pluie légère,Sans collision,,,,,,,,,,,2,1,1,2.0,7
201200048945,0012-10-07 13:20:00,12,10,7,13,20,770,169,RN104,,,Plein jour,Hors agglomération,Autre intersection,Normale,Sans collision,,,,,,,,,,,1,1,9,1.0,7
201200048946,0012-10-08 18:30:00,12,10,8,18,30,770,53,RN104,,,Plein jour,Hors agglomération,Hors intersection,Pluie légère,Deux véhicules - côté,,,,,,,,,,,1,1,1,2.0,3
201200048947,0012-10-09 08:00:00,12,10,9,8,0,770,249,RN104,,,Plein jour,Hors agglomération,Hors intersection,Pluie légère,Trois véhicules et plus - en chaîne,,,,,,,,,,,1,1,1,2.0,4
201200048948,0012-10-09 09:05:00,12,10,9,9,5,770,517,A104,,,Plein jour,Hors agglomération,Hors intersection,Pluie légère,Deux véhicules - arrière,,,,,,,,,,,1,1,1,2.0,2
201200048949,0012-10-09 18:07:00,12,10,9,18,7,940,28,A86 EXT,48.7906,2.44082,Plein jour,Hors agglomération,Hors intersection,Normale,Deux véhicules - côté,,,,,,,,,,,1,1,1,1.0,3
201200048950,0012-10-11 08:28:00,12,10,11,8,28,940,46,A86 EXT,48.8152,2.45002,Plein jour,Hors agglomération,Hors intersection,Normale,Deux véhicules - côté,,,,,,,,,,,1,1,1,1.0,3
201200048951,0012-10-11 16:30:00,12,10,11,16,30,770,121,A104,,,Plein jour,Hors agglomération,Hors intersection,Temps couvert,Deux véhicules - arrière,,,,,,,,,,,1,1,1,8.0,2
201200048952,0012-10-12 03:30:00,12,10,12,3,30,940,69,A4,48.8175,2.4228,Nuit avec éclairage allumé,Hors agglomération,Hors intersection,Pluie légère,Deux véhicules - arrière,,,,,,,,,,,5,1,1,2.0,2
201200048953,0012-10-12 18:25:00,12,10,12,18,25,940,73,A86 INT,48.771,2.38823,Crépuscule ou aube,Hors agglomération,Hors intersection,Normale,Deux véhicules - arrière,,,,,,,,,,,2,1,1,1.0,2
201200048954,0012-10-13 21:55:00,12,10,13,21,55,770,249,RN104,,,Nuit sans éclairage public,Hors agglomération,Hors intersection,Normale,Deux véhicules - arrière,,,,,,,,,,,3,1,1,1.0,2
201200048955,0012-10-14 02:40:00,12,10,14,2,40,940,28,A86 INT,48.7949,2.44206,Nuit sans éclairage public,Hors agglomération,Hors intersection,Temps couvert,Autre collision,,,,,,,,,,,3,1,1,8.0,6
201200048956,0012-10-14 07:55:00,12,10,14,7,55,770,121,A104,,,Crépuscule ou aube,Hors agglomération,Hors intersection,Pluie légère,Sans collision,,,,,,,,,,,2,1,1,2.0,7
201200048957,0012-10-15 06:00:00,12,10,15,6,0,940,44,RN406.W,48.7588,2.47012,Plein jour,Hors agglomération,Hors intersection,Pluie légère,Autre collision,,,,,,,,,,,1,1,1,2.0,6
201200048958,0012-10-17 06:40:00,12,10,17,6,40,770,146,A4.Y,,,Nuit sans éclairage public,Hors agglomération,Hors intersection,Normale,Trois véhicules et plus - collisions multiples,,,,,,,,,,,3,1,1,1.0,5
201200048959,0012-10-19 13:50:00,12,10,19,13,50,940,18,A4,48.8229,2.39618,Plein jour,Hors agglomération,Hors intersection,Normale,Trois véhicules et plus - en chaîne,,,,,,,,,,,1,1,1,1.0,4
201200048960,0012-10-20 10:05:00,12,10,20,10,5,940,22,A86 EXT,48.7762,2.42361,Plein jour,Hors agglomération,Hors intersection,Pluie légère,Autre collision,,,,,,,,,,,1,1,1,2.0,6
201200048961,0012-10-21 08:30:00,12,10,21,8,30,750,112,A4,,,Plein jour,Hors agglomération,Hors intersection,Pluie légère,Autre collision,,,,,,,,,,,1,1,1,2.0,6
201200048962,0012-10-22 08:30:00,12,10,22,8,30,770,122,RN104,,,Plein jour,Hors agglomération,Hors intersection,Normale,Deux véhicules - côté,,,,,,,,,,,1,1,1,1.0,3
201200048963,0012-10-22 15:48:00,12,10,22,15,48,770,373,RN104,,,Plein jour,Hors agglomération,Hors intersection,Normale,Trois véhicules et plus - collisions multiples,,,,,,,,,,,1,1,1,1.0,5
201200048964,0012-10-22 16:20:00,12,10,22,16,20,940,73,A86 INT,48.7633,2.38087,Plein jour,Hors agglomération,Hors intersection,Normale,Deux véhicules - arrière,,,,,,,,,,,1,1,1,1.0,2
201200048965,0012-10-22 19:35:00,12,10,22,19,35,770,449,A4,,,Nuit sans éclairage public,Hors agglomération,Hors intersection,Normale,Deux véhicules - côté,,,,,,,,,,,3,1,1,1.0,3
201200048966,0012-10-23 06:30:00,12,10,23,6,30,770,83,A4.W,,,Nuit sans éclairage public,Hors agglomération,Hors intersection,Normale,Deux véhicules - côté,,,,,,,,,,,3,1,1,1.0,3
201200048967,0012-10-23 08:15:00,12,10,23,8,15,770,373,RN104,,,Plein jour,Hors agglomération,Hors intersection,Normale,Deux véhicules - côté,,,,,,,,,,,1,1,1,1.0,3
201200048968,0012-10-23 17:15:00,12,10,23,17,15,940,28,A86 EXT,48.8037,2.44853,Plein jour,Hors agglomération,Hors intersection,Normale,Deux véhicules - côté,,,,,,,,,,,1,1,1,1.0,3
201200048969,0012-10-24 11:15:00,12,10,24,11,15,940,28,RN406.Y,48.7833,2.44031,Plein jour,Hors agglomération,Hors intersection,Normale,Trois véhicules et plus - collisions multiples,,,,,,,,,,,1,1,1,1.0,5
201200048970,0012-10-24 12:37:00,12,10,24,12,37,940,17,A4,48.8279,2.50424,Plein jour,Hors agglomération,Hors intersection,Normale,Deux véhicules - côté,,,,,,,,,,,1,1,1,1.0,3
201200048971,0012-10-25 13:30:00,12,10,25,13,30,940,74,RN406.Y,48.7682,2.45128,Plein jour,Hors agglomération,Hors intersection,Normale,Trois véhicules et plus - collisions multiples,,,,,,,,,,,1,1,1,1.0,5
201200048972,0012-10-25 18:40:00,12,10,25,18,40,930,51,A4,,,Nuit sans éclairage public,Hors agglomération,Hors intersection,Normale,Deux véhicules - côté,,,,,,,,,,,3,1,1,1.0,3
201200048973,0012-10-25 19:45:00,12,10,25,19,45,770,258,A4.W,,,Nuit avec éclairage non allumé,Hors agglomération,Hors intersection,Normale,Trois véhicules et plus - en chaîne,,,,,,,,,,,4,1,1,1.0,4
201200048974,0012-10-26 18:50:00,12,10,26,18,50,770,121,A4,,,Plein jour,Hors agglomération,Hors intersection,Normale,Trois véhicules et plus - en chaîne,,,,,,,,,,,1,1,1,1.0,4
201200048975,0012-10-27 12:30:00,12,10,27,12,30,770,337,A4,,,Plein jour,Hors agglomération,Hors intersection,Normale,Deux véhicules - côté,,,,,,,,,,,1,1,1,1.0,3
201200048976,0012-10-27 17:11:00,12,10,27,17,11,940,33,A86.INT,48.861,2.48434,Plein jour,Hors agglomération,Hors intersection,Normale,Trois véhicules et plus - collisions multiples,,,,,,,,,,,1,1,1,1.0,5
201200048977,0012-10-29 07:50:00,12,10,29,7,50,770,363,A104,,,Crépuscule ou aube,Hors agglomération,Hors intersection,Normale,Sans collision,,,,,,,,,,,2,1,1,1.0,7
201200048978,0012-10-29 12:50:00,12,10,29,12,50,770,372,A104,,,Plein jour,Hors agglomération,Hors intersection,Normale,Autre collision,,,,,,,,,,,1,1,1,1.0,6
201200048979,0012-10-31 10:50:00,12,10,31,10,50,940,69,A4,48.8176,2.43629,Plein jour,Hors agglomération,Hors intersection,Normale,Deux véhicules - arrière,,,,,,,,,,,1,1,1,1.0,2
201200048980,0012-10-31 15:00:00,12,10,31,15,0,930,51,A4,,,Plein jour,Hors agglomération,Hors intersection,Normale,Deux véhicules - arrière,,,,,,,,,,,1,1,1,1.0,2
201200048981,0012-11-01 18:00:00,12,11,1,18,0,770,384,A5b,,,Nuit sans éclairage public,Hors agglomération,Hors intersection,Normale,Deux véhicules - côté,,,,,,,,,,,3,1,1,1.0,3
201200048982,0012-11-03 12:05:00,12,11,3,12,5,940,73,A86 INT,48.769,2.3792,Plein jour,Hors agglomération,Hors intersection,Pluie légère,Deux véhicules - côté,,,,,,,,,,,1,1,1,2.0,3
201200048983,0012-11-04 03:23:00,12,11,4,3,23,770,53,RN104,,,Nuit sans éclairage public,Hors agglomération,Autre intersection,Brouillard / fumée,Autre collision,,,,,,,,,,,3,1,9,5.0,6
201200048984,0012-11-05 21:50:00,12,11,5,21,50,940,73,A86 EXT,48.7691,2.37945,Nuit sans éclairage public,Hors agglomération,Hors intersection,Pluie légère,Autre collision,,,,,,,,,,,3,1,1,2.0,6
201200048985,0012-11-06 20:15:00,12,11,6,20,15,940,81,A86 EXT,48.7737,2.40242,Nuit avec éclairage non allumé,Hors agglomération,Hors intersection,Normale,Trois véhicules et plus - en chaîne,,,,,,,,,,,4,1,1,1.0,4
201200048986,0012-11-08 07:45:00,12,11,8,7,45,940,17,A4,48.8288,2.47729,Nuit avec éclairage allumé,Hors agglomération,Hors intersection,Normale,Trois véhicules et plus - collisions multiples,,,,,,,,,,,5,1,1,1.0,5
201200048987,0012-11-08 20:30:00,12,11,8,20,30,940,18,A4,48.8249,2.39323,Nuit avec éclairage allumé,Hors agglomération,Hors intersection,Normale,Trois véhicules et plus - en chaîne,,,,,,,,,,,5,1,1,1.0,4
201200048988,0012-11-05 16:45:00,12,11,5,16,45,940,33,A86.INT,48.8588,2.48667,Plein jour,Hors agglomération,Hors intersection,Pluie légère,Deux véhicules - côté,,,,,,,,,,,1,1,1,2.0,3
201200048989,0012-11-09 19:50:00,12,11,9,19,50,750,112,A4,,,Nuit sans éclairage public,Hors agglomération,Hors intersection,Pluie légère,Deux véhicules - côté,,,,,,,,,,,3,1,1,2.0,3
201200048990,0012-11-10 06:50:00,12,11,10,6,50,940,28,RN406.W,48.7815,2.44124,Nuit avec éclairage allumé,Hors agglomération,Hors intersection,Normale,Sans collision,,,,,,,,,,,5,1,1,1.0,7
201200048991,0012-11-11 20:20:00,12,11,11,20,20,770,249,RN104,,,Nuit sans éclairage public,Hors agglomération,Hors intersection,Normale,Trois véhicules et plus - collisions multiples,,,,,,,,,,,3,1,1,1.0,5
201200048992,0012-11-12 08:45:00,12,11,12,8,45,770,55,A104,,,Plein jour,Hors agglomération,Hors intersection,Normale,Deux véhicules - arrière,,,,,,,,,,,1,1,1,1.0,2
201200048993,0012-11-13 08:40:00,12,11,13,8,40,940,42,A4,48.8277,2.47022,Plein jour,Hors agglomération,Hors intersection,Normale,Deux véhicules - arrière,,,,,,,,,,,1,1,1,1.0,2
201200048994,0012-11-14 08:00:00,12,11,14,8,0,770,249,RN104,,,Plein jour,Hors agglomération,Hors intersection,Normale,Sans collision,,,,,,,,,,,1,1,1,1.0,7
201200048995,0012-11-14 18:15:00,12,11,14,18,15,770,146,A4.Y,,,Nuit sans éclairage public,Hors agglomération,Hors intersection,Normale,Autre collision,,,,,,,,,,,3,1,1,1.0,6
201200048996,0012-11-15 14:50:00,12,11,15,14,50,770,294,A104,,,Plein jour,Hors agglomération,Hors intersection,Normale,Deux véhicules - côté,,,,,,,,,,,1,1,1,1.0,3
201200048997,0012-11-16 18:15:00,12,11,16,18,15,770,373,RN104,,,Nuit sans éclairage public,Hors agglomération,Hors intersection,Normale,Trois véhicules et plus - en chaîne,,,,,,,,,,,3,1,1,1.0,4
201200048998,0012-11-18 13:15:00,12,11,18,13,15,940,44,RN406.W,48.7588,2.47012,Plein jour,Hors agglomération,Hors intersection,Pluie forte,Autre collision,,,,,,,,,,,1,1,1,3.0,6
201200048999,0012-11-18 16:00:00,12,11,18,16,0,940,73,A86 EXT,48.7734,2.40114,Plein jour,Hors agglomération,Hors intersection,Temps couvert,Trois véhicules et plus - en chaîne,,,,,,,,,,,1,1,1,8.0,4
201200049000,0012-11-19 09:35:00,12,11,19,9,35,940,17,A4,48.8266,2.51552,Plein jour,Hors agglomération,Hors intersection,Normale,Deux véhicules - arrière,,,,,,,,,,,1,1,1,1.0,2
201200049001,0012-11-20 18:50:00,12,11,20,18,50,940,73,A86 EXT,48.7734,2.40114,Nuit sans éclairage public,Hors agglomération,Hors intersection,Pluie légère,Trois véhicules et plus - en chaîne,,,,,,,,,,,3,1,1,2.0,4
201200049002,0012-11-21 18:30:00,12,11,21,18,30,940,17,A4,48.829,2.47865,Nuit avec éclairage allumé,Hors agglomération,Hors intersection,Normale,Deux véhicules - côté,,,,,,,,,,,5,1,1,1.0,3
201200049003,0012-11-22 17:32:00,12,11,22,17,32,940,18,A4,48.8181,2.41094,Nuit avec éclairage allumé,Hors agglomération,Hors intersection,Pluie légère,Trois véhicules et plus - collisions multiples,,,,,,,,,,,5,1,1,2.0,5
201200049004,0012-11-24 03:00:00,12,11,24,3,0,770,141,A4,,,Nuit sans éclairage public,Hors agglomération,Hors intersection,Pluie légère,Deux véhicules - arrière,,,,,,,,,,,3,1,1,2.0,2
201200049005,0012-11-24 23:35:00,12,11,24,23,35,770,384,A5b,,,Nuit sans éclairage public,Hors agglomération,Hors intersection,Normale,Deux véhicules - arrière,,,,,,,,,,,3,1,1,1.0,2
201200049006,0012-11-26 07:40:00,12,11,26,7,40,940,15,A4,48.83,2.52898,Plein jour,Hors agglomération,Hors intersection,Normale,Deux véhicules - arrière,,,,,,,,,,,1,1,1,1.0,2
201200049007,0012-11-27 07:10:00,12,11,27,7,10,940,65,A86 INT,48.7536,2.36033,Nuit avec éclairage allumé,Hors agglomération,Hors intersection,Pluie légère,Trois véhicules et plus - en chaîne,,,,,,,,,,,5,1,1,2.0,4
201200049008,0012-11-27 17:42:00,12,11,27,17,42,770,438,A104,,,Nuit avec éclairage non allumé,Hors agglomération,Hors intersection,Pluie légère,Autre collision,,,,,,,,,,,4,1,1,2.0,6
201200049009,0012-11-27 19:25:00,12,11,27,19,25,750,112,A4,,,Nuit sans éclairage public,Hors agglomération,Hors intersection,Pluie légère,Deux véhicules - arrière,,,,,,,,,,,3,1,1,2.0,2
201200049010,0012-11-28 08:55:00,12,11,28,8,55,940,17,A4,48.8288,2.47729,Plein jour,Hors agglomération,Hors intersection,Normale,Deux véhicules - arrière,,,,,,,,,,,1,1,1,1.0,2
201200049011,0012-11-28 13:10:00,12,11,28,13,10,940,73,A86 EXT,48.7683,2.37891,Plein jour,Hors agglomération,Hors intersection,Normale,Autre collision,,,,,,,,,,,1,1,1,1.0,6
201200049012,0012-11-28 17:20:00,12,11,28,17,20,940,81,A86 EXT,48.7737,2.40242,Nuit sans éclairage public,Hors agglomération,Hors intersection,Normale,Trois véhicules et plus - en chaîne,,,,,,,,,,,3,1,1,1.0,4
201200049013,0012-11-30 00:01:00,12,11,30,0,1,940,52,A86.EXT,48.8414,2.49309,Nuit avec éclairage allumé,Hors agglomération,Hors intersection,Normale,Deux véhicules - côté,,,,,,,,,,,5,1,1,1.0,3
201200049014,0012-11-30 08:00:00,12,11,30,8,0,770,122,RN104,,,Crépuscule ou aube,Hors agglomération,Hors intersection,Normale,Deux véhicules - frontale,,,,,,,,,,,2,1,1,1.0,1
201200049015,0012-11-30 14:00:00,12,11,30,14,0,770,373,RN104,,,Plein jour,Hors agglomération,Hors intersection,Normale,Trois véhicules et plus - collisions multiples,,,,,,,,,,,1,1,1,1.0,5
201200049016,0012-11-30 17:05:00,12,11,30,17,5,770,122,RN104,,,Crépuscule ou aube,Hors agglomération,Hors intersection,Normale,Deux véhicules - côté,,,,,,,,,,,2,1,1,1.0,3
201200049017,0012-11-30 18:40:00,12,11,30,18,40,770,517,A104.EXT,,,Nuit sans éclairage public,Hors agglomération,Hors intersection,Normale,Trois véhicules et plus - en chaîne,,,,,,,,,,,3,1,1,1.0,4
201200049018,0012-12-01 01:00:00,12,12,1,1,0,940,28,A86,48.787,2.44006,Nuit avec éclairage allumé,Hors agglomération,Hors intersection,Normale,Autre collision,,,,,,,,,,,5,1,1,1.0,6
201200049019,0012-12-02 05:20:00,12,12,2,5,20,770,468,A104,,,Nuit sans éclairage public,Hors agglomération,Hors intersection,Normale,Autre collision,,,,,,,,,,,3,1,1,1.0,6
201200049020,0012-12-02 07:30:00,12,12,2,7,30,940,28,RN406.Y,48.7764,2.44259,Crépuscule ou aube,Hors agglomération,Hors intersection,Normale,Autre collision,,,,,,,,,,,2,1,1,1.0,6
201200049021,0012-12-02 16:45:00,12,12,2,16,45,750,112,A4,,,Plein jour,Hors agglomération,Hors intersection,Normale,Sans collision,,,,,,,,,,,1,1,1,1.0,7
201200049022,0012-12-02 20:30:00,12,12,2,20,30,770,83,A4.W,,,Nuit sans éclairage public,Hors agglomération,Hors intersection,Normale,Deux véhicules - côté,,,,,,,,,,,3,1,1,1.0,3
201200049023,0012-12-02 21:10:00,12,12,2,21,10,940,44,RN406.Y,48.7572,2.47186,Nuit sans éclairage public,Hors agglomération,Hors intersection,Normale,Autre collision,,,,,,,,,,,3,1,1,1.0,6
201200049024,0012-12-03 08:55:00,12,12,3,8,55,940,28,A86 INT,48.7957,2.44262,Crépuscule ou aube,Hors agglomération,Hors intersection,Pluie forte,Deux véhicules - arrière,,,,,,,,,,,2,1,1,3.0,2
201200049025,0012-12-04 07:45:00,12,12,4,7,45,930,51,A4,48.33676,2.54438,Crépuscule ou aube,Hors agglomération,Hors intersection,Pluie forte,Autre collision,,,,,,,,,,,2,1,1,3.0,6
201200049026,0012-12-04 09:00:00,12,12,4,9,0,750,112,A4,,,Plein jour,Hors agglomération,Hors intersection,Pluie légère,Sans collision,,,,,,,,,,,1,1,1,2.0,7
201200049027,0012-12-04 09:20:00,12,12,4,9,20,940,52,A4,48.8264,2.46637,Crépuscule ou aube,Hors agglomération,Hors intersection,Pluie forte,Deux véhicules - arrière,,,,,,,,,,,2,1,1,3.0,2
201200049028,0012-12-04 09:45:00,12,12,4,9,45,940,15,A4,48.8293,2.52808,Plein jour,Hors agglomération,Hors intersection,Pluie légère,Sans collision,,,,,,,,,,,1,1,1,2.0,7
201200049029,0012-12-04 10:10:00,12,12,4,10,10,770,83,A4.W,,,Plein jour,Hors agglomération,Hors intersection,Pluie légère,Deux véhicules - côté,,,,,,,,,,,1,1,1,2.0,3
201200049030,0012-12-04 14:30:00,12,12,4,14,30,940,81,A86 EXT,48.774,2.40772,Plein jour,Hors agglomération,Hors intersection,Normale,Deux véhicules - côté,,,,,,,,,,,1,1,1,1.0,3
201200049031,0012-12-06 09:45:00,12,12,6,9,45,940,17,A4,48.8286,2.47721,Plein jour,Hors agglomération,Hors intersection,Normale,Sans collision,,,,,,,,,,,1,1,1,1.0,7
201200049032,0012-12-07 15:45:00,12,12,7,15,45,770,258,A4.Y,,,Plein jour,Hors agglomération,Hors intersection,Pluie légère,Deux véhicules - côté,,,,,,,,,,,1,1,1,2.0,3
201200049033,0012-12-08 11:30:00,12,12,8,11,30,940,33,A86,48.8507,2.49008,Plein jour,Hors agglomération,Hors intersection,Normale,Trois véhicules et plus - en chaîne,,,,,,,,,,,1,1,1,1.0,4
201200049034,0012-12-09 07:45:00,12,12,9,7,45,770,294,A104,,,Nuit sans éclairage public,Hors agglomération,Hors intersection,Normale,Deux véhicules - arrière,,,,,,,,,,,3,1,1,1.0,2
201200049035,0012-12-10 08:00:00,12,12,10,8,0,940,69,A4,48.8173,2.42502,Nuit avec éclairage allumé,Hors agglomération,Hors intersection,Normale,Deux véhicules - côté,,,,,,,,,,,5,1,1,1.0,3
201200049036,0012-12-10 08:30:00,12,12,10,8,30,940,17,A4,48.8305,2.49111,Plein jour,Hors agglomération,Hors intersection,Normale,Autre collision,,,,,,,,,,,1,1,1,1.0,6
201200049037,0012-12-10 09:40:00,12,12,10,9,40,770,294,A104,,,Plein jour,Hors agglomération,Hors intersection,Pluie légère,Trois véhicules et plus - en chaîne,,,,,,,,,,,1,1,1,2.0,4
201200049038,0012-12-10 20:30:00,12,12,10,20,30,940,28,RN406.W,48.7729,2.44579,Nuit avec éclairage allumé,Hors agglomération,Hors intersection,Normale,Autre collision,,,,,,,,,,,5,1,1,1.0,6