accident_id,datetime,annee,mois,jour,heure,minute,departement,commune_insee,adresse,latitude,longitude,luminosite,agglomeration,intersection,meteo,collision,nb_vehicules,nb_usagers,nb_indemnes,nb_tues,nb_blesses_hosp,nb_blesses_legers,age_cond_1,age_cond_2,veh_type_cond_1,veh_type_cond_2,lum_code,agg_code,int_code,atm_code,col_code
201200049169,0012-02-11 22:30:00,12,2,11,22,30,930,10,AUTOROUTE A86,48.88045,2.45179,Nuit avec éclairage non allumé,Hors agglomération,Hors intersection,Normale,Autre collision,,,,,,,,,,,4,1,1,1.0,6
201200049170,0012-02-12 07:20:00,12,2,12,7,20,930,10,AUTOROUTE A3,48.88828,2.47412,Nuit sans éclairage public,Hors agglomération,Hors intersection,Normale,Trois véhicules et plus - collisions multiples,,,,,,,,,,,3,1,1,1.0,5
201200049171,0012-02-13 04:30:00,12,2,13,4,30,930,78,AUTOROUTE A104,48.95822,2.53255,Nuit avec éclairage non allumé,Hors agglomération,Hors intersection,Brouillard / fumée,Deux véhicules - côté,,,,,,,,,,,4,1,1,5.0,3
201200049172,0012-02-13 06:40:00,12,2,13,6,40,950,351,RN 104,,,Crépuscule ou aube,Hors agglomération,Hors intersection,Brouillard / fumée,Autre collision,,,,,,,,,,,2,1,1,5.0,6
201200049173,0012-02-15 11:00:00,12,2,15,11,0,950,241,RN 104,,,Plein jour,Hors agglomération,Hors intersection,Normale,Sans collision,,,,,,,,,,,1,1,1,1.0,7
201200049174,0012-02-16 05:40:00,12,2,16,5,40,920,36,AUTOROUTE A15,,,Nuit sans éclairage public,Hors agglomération,Hors intersection,Normale,Sans collision,,,,,,,,,,,3,1,1,1.0,7
201200049175,0012-02-16 10:00:00,12,2,16,10,0,920,78,AUTOROUTE A86,,,Plein jour,Hors agglomération,Hors intersection,Normale,Deux véhicules - côté,,,,,,,,,,,1,1,1,1.0,3
201200049176,0012-02-16 21:00:00,12,2,16,21,0,950,394,RN 184,,,Nuit sans éclairage public,Hors agglomération,Hors intersection,Normale,Deux véhicules - arrière,,,,,,,,,,,3,1,1,1.0,2
201200049177,0012-02-23 00:06:00,12,2,23,0,6,950,394,A115,,,Nuit sans éclairage public,Hors agglomération,Hors intersection,Normale,Autre collision,,,,,,,,,,,3,1,1,1.0,6
201200049178,0012-02-17 19:30:00,12,2,17,19,30,930,5,AUTOROUTE A3,48.94299,2.47788,Nuit sans éclairage public,Hors agglomération,Hors intersection,Pluie légère,Trois véhicules et plus - collisions multiples,,,,,,,,,,,3,1,1,2.0,5
201200049179,0012-02-18 11:00:00,12,2,18,11,0,930,78,AUTOROUTE A104,48.97265,2.49339,Plein jour,Hors agglomération,Hors intersection,Normale,Autre collision,,,,,,,,,,,1,1,1,1.0,6
201200049180,0012-02-18 15:45:00,12,2,18,15,45,950,394,RN 184,,,Plein jour,Hors agglomération,Hors intersection,Normale,Deux véhicules - arrière,,,,,,,,,,,1,1,1,1.0,2
201200049181,0012-02-19 12:40:00,12,2,19,12,40,950,365,RN 104,,,Plein jour,Hors agglomération,Hors intersection,Normale,Sans collision,,,,,,,,,,,1,1,1,1.0,7
201200049182,0012-02-19 21:00:00,12,2,19,21,0,950,394,A115,,,Nuit sans éclairage public,Hors agglomération,Hors intersection,Normale,Autre collision,,,,,,,,,,,3,1,1,1.0,6
201200049183,0012-02-20 06:20:00,12,2,20,6,20,950,252,A15,,,Crépuscule ou aube,Hors agglomération,Hors intersection,Normale,Deux véhicules - arrière,,,,,,,,,,,2,1,1,1.0,2
201200049184,0012-02-20 17:35:00,12,2,20,17,35,930,78,AUTOROUTE A104,48.96273,2.54822,Plein jour,Hors agglomération,Hors intersection,Normale,Deux véhicules - arrière,,,,,,,,,,,1,1,1,1.0,2
201200049185,0012-02-21 06:40:00,12,2,21,6,40,950,60,A115,,,Nuit sans éclairage public,Hors agglomération,Hors intersection,Normale,Autre collision,,,,,,,,,,,3,1,1,1.0,6
201200049186,0012-02-22 07:00:00,12,2,22,7,0,950,394,A115,,,Crépuscule ou aube,Hors agglomération,Hors intersection,Normale,Deux véhicules - arrière,,,,,,,,,,,2,1,1,1.0,2
201200049187,0012-02-23 10:30:00,12,2,23,10,30,920,36,AUTOROUTE A86,,,Plein jour,Hors agglomération,Hors intersection,Temps couvert,Deux véhicules - côté,,,,,,,,,,,1,1,1,8.0,3
201200049188,0012-02-24 06:00:00,12,2,24,6,0,950,582,A15,,,Nuit sans éclairage public,Hors agglomération,Hors intersection,Normale,Trois véhicules et plus - en chaîne,,,,,,,,,,,3,1,1,1.0,4
201200049189,0012-02-24 10:30:00,12,2,24,10,30,930,66,A1 - SAINT-DENIS,48.9299,2.3635,Plein jour,Hors agglomération,Hors intersection,Normale,Deux véhicules - côté,,,,,,,,,,,1,1,1,1.0,3
201200049190,0012-02-24 14:00:00,12,2,24,14,0,930,66,A86 - SAINT-DENIS INSE39,48.9267,2.33675,Plein jour,Hors agglomération,Hors intersection,Normale,Deux véhicules - côté,,,,,,,,,,,1,1,1,1.0,3
201200049191,0012-02-24 15:30:00,12,2,24,15,30,930,6,A3 - BAGNOLET,48.868,2.42761,Plein jour,Hors agglomération,Hors intersection,Normale,Deux véhicules - côté,,,,,,,,,,,1,1,1,1.0,3
201200049192,0012-02-24 17:30:00,12,2,24,17,30,930,66,A1 - SAINT-DENIS,48.9281,2.35794,Nuit avec éclairage allumé,Hors agglomération,Hors intersection,Normale,Deux véhicules - arrière,,,,,,,,,,,5,1,1,1.0,2
201200049193,0012-02-24 20:45:00,12,2,24,20,45,950,42,RN 104,,,Nuit sans éclairage public,Hors agglomération,Hors intersection,Normale,Autre collision,,,,,,,,,,,3,1,1,1.0,6
201200049194,0012-02-25 20:00:00,12,2,25,20,0,920,78,AUTOROUTE A86,,,Nuit sans éclairage public,Hors agglomération,Hors intersection,Pluie légère,Sans collision,,,,,,,,,,,3,1,1,2.0,7
201200049195,0012-02-25 21:20:00,12,2,25,21,20,950,424,A15,,,Nuit avec éclairage non allumé,Hors agglomération,Hors intersection,Pluie légère,Autre collision,,,,,,,,,,,4,1,1,2.0,6
201200049196,0012-02-26 08:00:00,12,2,26,8,0,950,527,A1,,,Plein jour,Hors agglomération,Hors intersection,Normale,Sans collision,,,,,,,,,,,1,1,1,1.0,7
201200049197,0012-02-26 09:00:00,12,2,26,9,0,950,572,A15,,,Plein jour,Hors agglomération,Hors intersection,Normale,Sans collision,,,,,,,,,,,1,1,1,1.0,7
201200049198,0012-02-27 05:30:00,12,2,27,5,30,930,10,A3 - BONDY,48.8895,2.47391,Nuit sans éclairage public,Hors agglomération,Hors intersection,Normale,Deux véhicules - arrière,,,,,,,,,,,3,1,1,1.0,2
201200049199,0012-02-27 18:30:00,12,2,27,18,30,930,10,A3 - BONDY,48.8893,2.47381,Plein jour,Hors agglomération,Hors intersection,Normale,Deux véhicules - côté,,,,,,,,,,,1,1,1,1.0,3
201200049200,0012-02-28 14:30:00,12,2,28,14,30,930,6,A3 - BAGNOLET,48.8659,2.42125,Plein jour,Hors agglomération,Hors intersection,Normale,Deux véhicules - arrière,,,,,,,,,,,1,1,1,1.0,2
201200049201,0012-03-01 12:05:00,12,3,1,12,5,930,8,AUTOROUTE A86,48.9123,2.43767,Plein jour,Hors agglomération,Hors intersection,Normale,Autre collision,,,,,,,,,,,1,1,1,1.0,6
201200049202,0012-03-02 04:45:00,12,3,2,4,45,920,78,AUTOROUTE A86,,,Nuit avec éclairage non allumé,Hors agglomération,Hors intersection,Pluie légère,Sans collision,,,,,,,,,,,4,1,1,2.0,7
201200049203,0012-03-03 05:25:00,12,3,3,5,25,930,10,AUTOROUTE A86,48.8913,2.47295,Nuit avec éclairage non allumé,Hors agglomération,Hors intersection,Normale,Deux véhicules - côté,,,,,,,,,,,4,1,1,1.0,3
201200049204,0012-03-03 07:20:00,12,3,3,7,20,930,8,AUTOROUTE A86,48.9086,2.45013,Crépuscule ou aube,Hors agglomération,Hors intersection,Normale,Deux véhicules - arrière,,,,,,,,,,,2,1,1,1.0,2
201200049205,0012-03-03 12:15:00,12,3,3,12,15,930,78,AUTOROUTE A104,48.9641,2.52043,Plein jour,Hors agglomération,Hors intersection,Normale,Sans collision,,,,,,,,,,,1,1,1,1.0,7
201200049206,0012-03-03 19:40:00,12,3,3,19,40,930,66,AUTOROUTE A1,48.919,2.35742,Nuit avec éclairage allumé,Hors agglomération,Hors intersection,Normale,Deux véhicules - arrière,,,,,,,,,,,5,1,1,1.0,2
201200049207,0012-03-03 20:30:00,12,3,3,20,30,950,527,AUTOROUTE A1,,,Nuit sans éclairage public,Hors agglomération,Hors intersection,Normale,Autre collision,,,,,,,,,,,3,1,1,1.0,6
201200049208,0012-03-04 16:15:00,12,3,4,16,15,930,66,AUTOROUTE A1,48.933,2.37515,Plein jour,Hors agglomération,Hors intersection,Pluie légère,Trois véhicules et plus - collisions multiples,,,,,,,,,,,1,1,1,2.0,5
201200049209,0012-03-04 18:15:00,12,3,4,18,15,930,1,AUTOROUTE A86,48.9211,2.37467,Crépuscule ou aube,Hors agglomération,Hors intersection,Pluie légère,Sans collision,,,,,,,,,,,2,1,1,2.0,7
201200049210,0012-03-04 20:30:00,12,3,4,20,30,930,8,AUTOROUTE A86,48.8989,2.46927,Nuit avec éclairage non allumé,Hors agglomération,Hors intersection,Pluie légère,Trois véhicules et plus - en chaîne,,,,,,,,,,,4,1,1,2.0,4
201200049211,0012-03-04 22:25:00,12,3,4,22,25,930,78,AUTOROUTE A104,48.9588,2.52755,Nuit avec éclairage non allumé,Hors agglomération,Hors intersection,Normale,Sans collision,,,,,,,,,,,4,1,1,1.0,7
201200049212,0012-03-04 22:30:00,12,3,4,22,30,950,18,AUTOROUTE A15,,,Nuit avec éclairage non allumé,Hors agglomération,Hors intersection,Pluie légère,Autre collision,,,,,,,,,,,4,1,1,2.0,6
201200049213,0012-03-05 00:26:00,12,3,5,0,26,950,582,AUTOROUTE A115,,,Nuit avec éclairage non allumé,Hors agglomération,Hors intersection,Normale,Trois véhicules et plus - en chaîne,,,,,,,,,,,4,1,1,1.0,4
201200049214,0012-03-05 08:20:00,12,3,5,8,20,950,582,RD 170,48.9656,2.2715,Plein jour,Hors agglomération,Hors intersection,Normale,Trois véhicules et plus - collisions multiples,,,,,,,,,,,1,1,1,1.0,5
201200049215,0012-03-05 09:05:00,12,3,5,9,5,950,500,AUTOROUTE A15,,,Plein jour,Hors agglomération,Hors intersection,Normale,Trois véhicules et plus - collisions multiples,,,,,,,,,,,1,1,1,1.0,5
201200049216,0012-03-05 09:40:00,12,3,5,9,40,950,252,AUTOROUTE A15,,,Plein jour,Hors agglomération,Hors intersection,Normale,Deux véhicules - arrière,,,,,,,,,,,1,1,1,1.0,2
201200049217,0012-03-06 11:20:00,12,3,6,11,20,950,18,AUTOROUTE A15,,,Plein jour,Hors agglomération,Hors intersection,Pluie légère,Deux véhicules - arrière,,,,,,,,,,,1,1,1,2.0,2
201200049218,0012-03-06 12:50:00,12,3,6,12,50,930,27,AUTOROUTE A86,48.9279,2.40993,Plein jour,Hors agglomération,Hors intersection,Pluie forte,Autre collision,,,,,,,,,,,1,1,1,3.0,6
201200049219,0012-03-07 15:55:00,12,3,7,15,55,930,53,AUTOROUTE A3,48.8835,2.45873,Plein jour,Hors agglomération,Hors intersection,Pluie forte,Deux véhicules - côté,,,,,,,,,,,1,1,1,3.0,3
201200049220,0012-03-07 17:40:00,12,3,7,17,40,930,27,AUTOROUTE A86,48.9236,2.38346,Plein jour,Hors agglomération,Hors intersection,Pluie forte,Autre collision,,,,,,,,,,,1,1,1,3.0,6
201200049221,0012-03-07 19:50:00,12,3,7,19,50,950,582,AUTOROUTE A15,,,Nuit sans éclairage public,Hors agglomération,Hors intersection,Pluie légère,Deux véhicules - côté,,,,,,,,,,,3,1,1,2.0,3
201200049222,0012-03-07 21:00:00,12,3,7,21,0,950,252,AUTOROUTE A15,,,Nuit avec éclairage non allumé,Hors agglomération,Hors intersection,Pluie légère,Deux véhicules - arrière,,,,,,,,,,,4,1,1,2.0,2
201200049223,0012-03-07 21:50:00,12,3,7,21,50,930,78,AUTOROUTE A104,48.9604,2.52598,Nuit sans éclairage public,Hors agglomération,Hors intersection,Autre,Autre collision,,,,,,,,,,,3,1,1,9.0,6
201200049224,0012-03-07 22:50:00,12,3,7,22,50,950,256,ROUTE NATIONALE 184,,,Nuit sans éclairage public,Hors agglomération,Hors intersection,Normale,Autre collision,,,,,,,,,,,3,1,1,1.0,6
201200049225,0012-03-08 08:45:00,12,3,8,8,45,930,1,AUTOROUTE A86,48.921,2.36956,Plein jour,Hors agglomération,Hors intersection,Normale,Deux véhicules - arrière,,,,,,,,,,,1,1,1,1.0,2
201200049226,0012-03-08 11:50:00,12,3,8,11,50,930,64,AUTOROUTE A86,48.8853,2.47174,Plein jour,Hors agglomération,Hors intersection,Normale,Deux véhicules - arrière,,,,,,,,,,,1,1,1,1.0,2
201200049227,0012-03-08 17:30:00,12,3,8,17,30,950,572,ROUTE NATIONALE 184,,,Plein jour,Hors agglomération,Hors intersection,Normale,Trois véhicules et plus - en chaîne,,,,,,,,,,,1,1,1,1.0,4
201200049228,0012-03-08 18:20:00,12,3,8,18,20,930,8,AUTOROUTE A86,48.9123,2.43767,Plein jour,Hors agglomération,Hors intersection,Normale,Sans collision,,,,,,,,,,,1,1,1,1.0,7
201200049229,0012-03-09 09:45:00,12,3,9,9,45,930,8,AUTOROUTE A86,48.9126,2.43728,Plein jour,Hors agglomération,Hors intersection,Normale,Trois véhicules et plus - en chaîne,,,,,,,,,,,1,1,1,1.0,4
201200049230,0012-03-10 12:15:00,12,3,10,12,15,950,306,A15,,,Plein jour,Hors agglomération,Hors intersection,Normale,Autre collision,,,,,,,,,,,1,1,1,1.0,6
201200049231,0012-03-10 20:00:00,12,3,10,20,0,950,18,A15,,,Nuit sans éclairage public,Hors agglomération,Hors intersection,Normale,Trois véhicules et plus - en chaîne,,,,,,,,,,,3,1,1,1.0,4
201200049232,0012-03-11 15:15:00,12,3,11,15,15,930,78,AUTOROUTE A104,48.9582,2.53141,Plein jour,Hors agglomération,Hors intersection,Normale,Deux véhicules - arrière,,,,,,,,,,,1,1,1,1.0,2
201200049233,0012-03-11 16:20:00,12,3,11,16,20,950,212,AUTOROUTE A1,,,Plein jour,Hors agglomération,Hors intersection,Normale,Sans collision,,,,,,,,,,,1,1,1,1.0,7
201200049234,0012-03-11 21:30:00,12,3,11,21,30,930,6,AUTOROUTE A3,48.8643,2.41359,Nuit avec éclairage non allumé,Hors agglomération,Hors intersection,Normale,Deux véhicules - arrière,,,,,,,,,,,4,1,1,1.0,2
201200049235,0012-03-12 12:20:00,12,3,12,12,20,950,580,AUTOROUTE A1,,,Plein jour,Hors agglomération,Hors intersection,Normale,Deux véhicules - arrière,,,,,,,,,,,1,1,1,1.0,2
201200049236,0012-03-14 08:50:00,12,3,14,8,50,950,582,RD 170,48.9654,2.2714,Plein jour,Hors agglomération,Hors intersection,Normale,Sans collision,,,,,,,,,,,1,1,1,1.0,7
201200049237,0012-03-15 07:50:00,12,3,15,7,50,930,27,AUTOROUTE A86,48.9279,2.40993,Plein jour,Hors agglomération,Hors intersection,Normale,Deux véhicules - arrière,,,,,,,,,,,1,1,1,1.0,2
201200049238,0012-03-15 09:00:00,12,3,15,9,0,930,64,AUTOROUTE A86,48.8709,2.4822,Plein jour,Hors agglomération,Hors intersection,Normale,Deux véhicules - côté,,,,,,,,,,,1,1,1,1.0,3
201200049239,0012-03-10 21:05:00,12,3,10,21,5,950,641,AUTOROUTE A1,,,Nuit sans éclairage public,Hors agglomération,Hors intersection,Normale,Trois véhicules et plus - en chaîne,,,,,,,,,,,3,1,1,1.0,4
201200049240,0012-03-16 11:00:00,12,3,16,11,0,930,8,AUTOROUTE A86,48.9123,2.43767,Plein jour,Hors agglomération,Hors intersection,Normale,Deux véhicules - arrière,,,,,,,,,,,1,1,1,1.0,2
201200049241,0012-03-16 16:00:00,12,3,16,16,0,930,63,AUTOROUTE A3,48.8774,2.44477,Plein jour,Hors agglomération,Hors intersection,Normale,Autre collision,,,,,,,,,,,1,1,1,1.0,6
201200049242,0012-03-16 17:30:00,12,3,16,17,30,950,572,ROUTE NATIONALE 184,,,Plein jour,Hors agglomération,Hors intersection,Normale,Sans collision,,,,,,,,,,,1,1,1,1.0,7
201200049243,0012-03-17 23:15:00,12,3,17,23,15,950,252,AUTOROUTE A115,,,Nuit avec éclairage non allumé,Hors agglomération,Hors intersection,Pluie légère,Deux véhicules - côté,,,,,,,,,,,4,1,1,2.0,3
201200049244,0012-03-18 00:50:00,12,3,18,0,50,930,27,AUTOROUTE A86,48.9261,2.40094,Nuit avec éclairage non allumé,Hors agglomération,Hors intersection,Pluie légère,Autre collision,,,,,,,,,,,4,1,1,2.0,6
201200049245,0012-03-18 14:25:00,12,3,18,14,25,930,8,AUTOROUTE A86,48.9123,2.43767,Plein jour,Hors agglomération,Hors intersection,Normale,Deux véhicules - arrière,,,,,,,,,,,1,1,1,1.0,2
201200049246,0012-03-19 06:40:00,12,3,19,6,40,950,582,AUTOROUTE A15,,,Plein jour,Hors agglomération,Hors intersection,Normale,Deux véhicules - arrière,,,,,,,,,,,1,1,1,1.0,2
201200049247,0012-03-20 07:30:00,12,3,20,7,30,950,18,AUTOROUTE A15,,,Crépuscule ou aube,Hors agglomération,Hors intersection,Normale,Autre collision,,,,,,,,,,,2,1,1,1.0,6
201200049248,0012-03-20 10:30:00,12,3,20,10,30,920,36,AUTOROUTE A15,,,Plein jour,Hors agglomération,Hors intersection,Normale,Deux véhicules - arrière,,,,,,,,,,,1,1,1,1.0,2
201200049249,0012-03-20 16:10:00,12,3,20,16,10,930,66,AUTOROUTE A1,48.9337,2.381,Plein jour,Hors agglomération,Hors intersection,Normale,Autre collision,,,,,,,,,,,1,1,1,1.0,6
201200049250,0012-03-21 07:55:00,12,3,21,7,55,930,64,AUTOROUTE A86,48.8839,2.46943,Plein jour,Hors agglomération,Hors intersection,Normale,Deux véhicules - côté,,,,,,,,,,,1,1,1,1.0,3
201200049251,0012-03-21 07:30:00,12,3,21,7,30,920,78,AUTOROUTE A86,,,Plein jour,Hors agglomération,Hors intersection,Normale,Autre collision,,,,,,,,,,,1,1,1,1.0,6
201200049252,0012-03-22 09:50:00,12,3,22,9,50,930,64,AUTOROUTE A86,48.8709,2.4822,Plein jour,Hors agglomération,Hors intersection,Normale,Deux véhicules - côté,,,,,,,,,,,1,1,1,1.0,3
201200049253,0012-03-23 15:20:00,12,3,23,15,20,930,64,AUTOROUTE A3,48.8838,2.46701,Plein jour,Hors agglomération,Hors intersection,Normale,Autre collision,,,,,,,,,,,1,1,1,1.0,6
201200049254,0012-03-23 20:50:00,12,3,23,20,50,950,527,AUTOROUTE A3,,,Nuit sans éclairage public,Hors agglomération,Hors intersection,Normale,Sans collision,,,,,,,,,,,3,1,1,1.0,7
201200049255,0012-03-25 15:40:00,12,3,25,15,40,930,66,AUTOROUTE A1,48.9103,2.35824,Plein jour,Hors agglomération,Hors intersection,Normale,Sans collision,,,,,,,,,,,1,1,1,1.0,7
201200049256,0012-03-25 17:00:00,12,3,25,17,0,950,42,RN 104,,,Plein jour,Hors agglomération,Hors intersection,Normale,Autre collision,,,,,,,,,,,1,1,1,1.0,6
201200049257,0012-03-24 13:15:00,12,3,24,13,15,930,66,AUTOROUTE A1,48.9148,2.35775,Plein jour,Hors agglomération,Hors intersection,Autre,Deux véhicules - arrière,,,,,,,,,,,1,1,1,9.0,2
201200049258,0012-03-26 20:00:00,12,3,26,20,0,930,8,AUTOROUTE A86,48.8989,2.46927,Nuit avec éclairage allumé,Hors agglomération,Hors intersection,Normale,Deux véhicules - côté,,,,,,,,,,,5,1,1,1.0,3
201200049259,0012-03-28 21:19:00,12,3,28,21,19,920,36,AUTOROUTE A15,,,Nuit sans éclairage public,Hors agglomération,Hors intersection,Normale,Sans collision,,,,,,,,,,,3,1,1,1.0,7
201200049260,0012-03-28 23:30:00,12,3,28,23,30,930,5,AUTOROUTE A3,48.9685,2.48022,Nuit avec éclairage non allumé,Hors agglomération,Hors intersection,Normale,Deux véhicules - côté,,,,,,,,,,,4,1,1,1.0,3
201200049261,0012-03-30 15:50:00,12,3,30,15,50,930,66,AUTOROUTE A1,48.9313,2.36916,Plein jour,Hors agglomération,Hors intersection,Normale,Autre collision,,,,,,,,,,,1,1,1,1.0,6
201200049262,0012-03-30 20:55:00,12,3,30,20,55,930,78,AUTOROUTE A104,48.9582,2.53232,Nuit sans éclairage public,Hors agglomération,Hors intersection,Normale,Autre collision,,,,,,,,,,,3,1,1,1.0,6
201200049263,0012-03-30 23:30:00,12,3,30,23,30,930,73,AUTOROUTE A104,48.9613,2.54373,Nuit sans éclairage public,Hors agglomération,Hors intersection,Normale,Trois véhicules et plus - collisions multiples,,,,,,,,,,,3,1,1,1.0,5
201200049264,0012-03-31 05:20:00,12,3,31,5,20,930,63,AUTOROUTE A3,48.881,2.45292,Nuit avec éclairage allumé,Hors agglomération,Hors intersection,Normale,Sans collision,,,,,,,,,,,5,1,1,1.0,7
201200049265,0012-03-31 20:50:00,12,3,31,20,50,930,10,AUTOROUTE A3,48.8895,2.47391,Crépuscule ou aube,Hors agglomération,Hors intersection,Normale,Autre collision,,,,,,,,,,,2,1,1,1.0,6
201200049266,0012-04-01 14:00:00,12,4,1,14,0,930,6,AUTOROUTE A3,48.867,2.4258,Plein jour,Hors agglomération,Hors intersection,Normale,Deux véhicules - côté,,,,,,,,,,,1,1,1,1.0,3
201200049267,0012-04-01 20:05:00,12,4,1,20,5,930,10,AUTOROUTE A3,48.8893,2.47381,Plein jour,Hors agglomération,Hors intersection,Normale,Deux véhicules - côté,,,,,,,,,,,1,1,1,1.0,3
201200049268,0012-04-02 07:45:00,12,4,2,7,45,950,18,AUTOROUTE A15,,,Plein jour,Hors agglomération,Hors intersection,Normale,Sans collision,,,,,,,,,,,1,1,1,1.0,7
201200049269,0012-04-03 06:50:00,12,4,3,6,50,930,13,AUTOROUTE A1,48.9407,2.42478,Crépuscule ou aube,Hors agglomération,Hors intersection,Normale,Trois véhicules et plus - collisions multiples,,,,,,,,,,,2,1,1,1.0,5
201200049270,0012-04-03 07:50:00,12,4,3,7,50,930,66,AUTOROUTE A1,48.9199,2.35735,Plein jour,Hors agglomération,Hors intersection,Normale,Deux véhicules - côté,,,,,,,,,,,1,1,1,1.0,3
201200049271,0012-04-03 08:40:00,12,4,3,8,40,930,78,AUTOROUTE A104,48.9631,2.52221,Plein jour,Hors agglomération,Hors intersection,Normale,Deux véhicules - côté,,,,,,,,,,,1,1,1,1.0,3
201200049272,0012-04-03 09:40:00,12,4,3,9,40,950,582,BD INTERCOMMUNAL PARISIS,48.9626,2.2635,Plein jour,Hors agglomération,Hors intersection,Normale,Trois véhicules et plus - en chaîne,,,,,,,,,,,1,1,1,1.0,4
201200049273,0012-04-03 12:55:00,12,4,3,12,55,930,64,AUTOROUTE A103,48.9489,2.47497,Plein jour,Hors agglomération,Hors intersection,Normale,Deux véhicules - côté,,,,,,,,,,,1,1,1,1.0,3
201200049274,0012-04-04 09:00:00,12,4,4,9,0,930,53,AUTOROUTE A104,48.88418,2.4617,Plein jour,Hors agglomération,Hors intersection,Normale,Deux véhicules - arrière,,,,,,,,,,,1,1,1,1.0,2
201200049275,0012-04-05 09:15:00,12,4,5,9,15,930,64,AUTOROUTE A103,,,Plein jour,Hors agglomération,Hors intersection,Normale,Trois véhicules et plus - collisions multiples,,,,,,,,,,,1,1,1,1.0,5
201200049276,0012-04-05 17:50:00,12,4,5,17,50,930,63,AUTOROUTE A115,48.87678,2.44344,Plein jour,Hors agglomération,Hors intersection,Normale,Autre collision,,,,,,,,,,,1,1,1,1.0,6
201200049277,0012-04-05 18:15:00,12,4,5,18,15,930,13,AUTOROUTE A1,48.9406,2.42481,Plein jour,Hors agglomération,Hors intersection,Normale,Autre collision,,,,,,,,,,,1,1,1,1.0,6
201200049278,0012-04-06 17:00:00,12,4,6,17,0,920,78,AUTOROUTE A104,,,Plein jour,Hors agglomération,Hors intersection,Normale,Deux véhicules - côté,,,,,,,,,,,1,1,1,1.0,3
201200049279,0012-04-07 18:50:00,12,4,7,18,50,920,36,AUTOROUTE A15,,,Plein jour,Hors agglomération,Hors intersection,Pluie légère,Deux véhicules - arrière,,,,,,,,,,,1,1,1,2.0,2
201200049280,0012-04-08 08:40:00,12,4,8,8,40,950,252,AUTOROUTE A15,,,Plein jour,Hors agglomération,Hors intersection,Normale,Deux véhicules - côté,,,,,,,,,,,1,1,1,1.0,3
201200049281,0012-04-08 13:20:00,12,4,8,13,20,930,5,AUTOROUTE A1,48.9629,2.47129,Plein jour,Hors agglomération,Hors intersection,Normale,Deux véhicules - côté,,,,,,,,,,,1,1,1,1.0,3
201200049282,0012-04-09 18:30:00,12,4,9,18,30,930,66,AUTOROUTE A86,48.92255,2.35516,Plein jour,Hors agglomération,Hors intersection,Pluie légère,Trois véhicules et plus - en chaîne,,,,,,,,,,,1,1,1,2.0,4
201200049283,0012-04-09 19:00:00,12,4,9,19,0,950,527,A3,,,Crépuscule ou aube,Hors agglomération,Hors intersection,Pluie forte,Deux véhicules - arrière,,,,,,,,,,,2,1,1,3.0,2
201200049284,0012-04-09 20:30:00,12,4,9,20,30,930,27,AUTOROUTE A86,48.92593,2.39972,Crépuscule ou aube,Hors agglomération,Hors intersection,Pluie légère,Autre collision,,,,,,,,,,,2,1,1,2.0,6
201200049285,0012-04-10 07:20:00,12,4,10,7,20,930,39,AUTOROUTE A1,48.9269,2.3349,Crépuscule ou aube,Hors agglomération,Hors intersection,Normale,Autre collision,,,,,,,,,,,2,1,1,1.0,6
201200049286,0012-04-10 10:10:00,12,4,10,10,10,930,27,AUTOROUTE A104,48.9348,2.39926,Plein jour,Hors agglomération,Hors intersection,Normale,Sans collision,,,,,,,,,,,1,1,1,1.0,7
201200049287,0012-04-10 18:40:00,12,4,10,18,40,930,63,AUTOROUTE A115,48.8768,2.44344,Plein jour,Hors agglomération,Hors intersection,Pluie forte,Deux véhicules - côté,,,,,,,,,,,1,1,1,3.0,3
201200049288,0012-04-10 19:35:00,12,4,10,19,35,950,18,AUTOROUTE A15,,,Plein jour,Hors agglomération,Hors intersection,Pluie légère,Deux véhicules - côté,,,,,,,,,,,1,1,1,2.0,3
201200049289,0012-04-10 20:30:00,12,4,10,20,30,950,582,A 115,,,Crépuscule ou aube,Hors agglomération,Hors intersection,Normale,Sans collision,,,,,,,,,,,2,1,1,1.0,7
201200049290,0012-04-11 05:30:00,12,4,11,5,30,930,78,AUTOROUTE A104,48.9631,2.52221,Nuit sans éclairage public,Hors agglomération,Hors intersection,Pluie légère,Trois véhicules et plus - en chaîne,,,,,,,,,,,3,1,1,2.0,4
201200049291,0012-04-11 11:30:00,12,4,11,11,30,950,277,AUTOROUTE A1,,,Plein jour,Hors agglomération,Hors intersection,Normale,Trois véhicules et plus - en chaîne,,,,,,,,,,,1,1,1,1.0,4
201200049292,0012-04-12 09:20:00,12,4,12,9,20,950,424,AUTOROUTE A15,,,Plein jour,Hors agglomération,Hors intersection,Normale,Deux véhicules - côté,,,,,,,,,,,1,1,1,1.0,3
201200049293,0012-04-10 13:45:00,12,4,10,13,45,950,582,A115,,,Plein jour,Hors agglomération,Hors intersection,Pluie légère,Autre collision,,,,,,,,,,,1,1,1,2.0,6
201200049294,0012-04-10 13:30:00,12,4,10,13,30,950,42,RN 104,,,Plein jour,Hors agglomération,Hors intersection,Pluie légère,Trois véhicules et plus - en chaîne,,,,,,,,,,,1,1,1,2.0,4
201200049295,0012-04-11 20:30:00,12,4,11,20,30,930,27,AUTOROUTE A86,48.92593,2.39972,Nuit avec éclairage non allumé,Hors agglomération,Hors intersection,Normale,Sans collision,,,,,,,,,,,4,1,1,1.0,7