accident_id,datetime,annee,mois,jour,heure,minute,departement,commune_insee,adresse,latitude,longitude,luminosite,agglomeration,intersection,meteo,collision,nb_vehicules,nb_usagers,nb_indemnes,nb_tues,nb_blesses_hosp,nb_blesses_legers,age_cond_1,age_cond_2,veh_type_cond_1,veh_type_cond_2,lum_code,agg_code,int_code,atm_code,col_code
201200049296,0012-04-11 19:30:00,12,4,11,19,30,950,527,AUTOROUTE A1,,,Plein jour,Hors agglomération,Hors intersection,Normale,Deux véhicules - arrière,,,,,,,,,,,1,1,1,1.0,2
201200049297,0012-04-13 08:15:00,12,4,13,8,15,930,10,AUTOROUTE A115,48.90495,2.47186,Plein jour,Hors agglomération,Hors intersection,Normale,Deux véhicules - arrière,,,,,,,,,,,1,1,1,1.0,2
201200049298,0012-04-13 18:00:00,12,4,13,18,0,930,5,AUTOROUTE A15,48.96295,2.47133,Plein jour,Hors agglomération,Hors intersection,Normale,Deux véhicules - côté,,,,,,,,,,,1,1,1,1.0,3
201200049299,0012-04-13 18:35:00,12,4,13,18,35,950,488,AUTOROUTE A15,,,Plein jour,Hors agglomération,Hors intersection,Normale,Deux véhicules - arrière,,,,,,,,,,,1,1,1,1.0,2
201200049300,0012-04-13 20:25:00,12,4,13,20,25,930,10,AUTOROUTE A115,48.90495,2.47186,Plein jour,Hors agglomération,Hors intersection,Pluie légère,Autre collision,,,,,,,,,,,1,1,1,2.0,6
201200049301,0012-04-13 21:15:00,12,4,13,21,15,930,39,AUTOROUTE A1,48.9183,2.35763,Nuit sans éclairage public,Hors agglomération,Hors intersection,Normale,Autre collision,,,,,,,,,,,3,1,1,1.0,6
201200049302,0012-04-14 14:40:00,12,4,14,14,40,930,53,AUTOROUTE A104,48.9592,2.53647,Plein jour,Hors agglomération,Hors intersection,Normale,Deux véhicules - côté,,,,,,,,,,,1,1,1,1.0,3
201200049303,0012-04-15 00:10:00,12,4,15,0,10,930,66,ROUTE NATIONALE 315,,,Nuit avec éclairage allumé,Hors agglomération,Hors intersection,Normale,Autre collision,,,,,,,,,,,5,1,1,1.0,6
201200049304,0012-04-15 02:00:00,12,4,15,2,0,930,5,AUTOROUTE A15,48.96243,2.47071,Nuit sans éclairage public,Hors agglomération,Hors intersection,Normale,Deux véhicules - côté,,,,,,,,,,,3,1,1,1.0,3
201200049305,0012-04-16 11:00:00,12,4,16,11,0,950,572,RN 184,,,Plein jour,Hors agglomération,Hors intersection,Normale,Deux véhicules - côté,,,,,,,,,,,1,1,1,1.0,3
201200049306,0012-04-17 14:00:00,12,4,17,14,0,930,27,AUTOROUTE A86,48.926,2.39972,Plein jour,Hors agglomération,Hors intersection,Pluie légère,Autre collision,,,,,,,,,,,1,1,1,2.0,6
201200049307,0012-04-17 16:30:00,12,4,17,16,30,930,5,AUTOROUTE A15,48.96227,2.47064,Plein jour,Hors agglomération,Hors intersection,Pluie légère,Autre collision,,,,,,,,,,,1,1,1,2.0,6
201200049308,0012-04-18 07:40:00,12,4,18,7,40,600,494,AUTOROUTE A15,,,Plein jour,Hors agglomération,Hors intersection,Normale,Deux véhicules - arrière,,,,,,,,,,,1,1,1,1.0,2
201200049309,0012-04-18 08:12:00,12,4,18,8,12,950,527,AUTOROUTE A1,,,Plein jour,Hors agglomération,Hors intersection,Normale,Trois véhicules et plus - en chaîne,,,,,,,,,,,1,1,1,1.0,4
201200049310,0012-04-18 20:15:00,12,4,18,20,15,930,53,AUTOROUTE A104,48.888,2.4739,Nuit sans éclairage public,Hors agglomération,Hors intersection,Pluie forte,Trois véhicules et plus - en chaîne,,,,,,,,,,,3,1,1,3.0,4
201200049311,0012-04-18 22:30:00,12,4,18,22,30,930,10,AUTOROUTE A115,48.904,2.47226,Nuit avec éclairage non allumé,Hors agglomération,Hors intersection,Pluie légère,Autre collision,,,,,,,,,,,4,1,1,2.0,6
201200049312,0012-04-19 08:20:00,12,4,19,8,20,930,7,AUTOROUTE A15,48.9485,2.44536,Plein jour,Hors agglomération,Hors intersection,Normale,Deux véhicules - arrière,,,,,,,,,,,1,1,1,1.0,2
201200049313,0012-04-19 18:40:00,12,4,19,18,40,930,48,AUTOROUTE A15,48.8694,2.4542,Plein jour,Hors agglomération,Hors intersection,Normale,Autre collision,,,,,,,,,,,1,1,1,1.0,6
201200049314,0012-04-22 04:50:00,12,4,22,4,50,950,306,AUTOROUTE A15,,,Nuit sans éclairage public,Hors agglomération,Hors intersection,Normale,Trois véhicules et plus - en chaîne,,,,,,,,,,,3,1,1,1.0,4
201200049315,0012-04-22 06:50:00,12,4,22,6,50,920,36,AUTOROUTE A86,,,Crépuscule ou aube,Hors agglomération,Hors intersection,Normale,Trois véhicules et plus - collisions multiples,,,,,,,,,,,2,1,1,1.0,5
201200049316,0012-04-22 13:30:00,12,4,22,13,30,950,277,AUTOROUTE A1,,,Plein jour,Hors agglomération,Hors intersection,Pluie forte,Autre collision,,,,,,,,,,,1,1,1,3.0,6
201200049317,0012-04-22 16:30:00,12,4,22,16,30,930,27,AUTOROUTE A1,48.9343,2.39527,Plein jour,Hors agglomération,Hors intersection,Normale,Autre collision,,,,,,,,,,,1,1,1,1.0,6
201200049318,0012-04-22 18:30:00,12,4,22,18,30,930,63,AUTOROUTE A115,48.8785,2.44706,Plein jour,Hors agglomération,Hors intersection,Normale,Deux véhicules - côté,,,,,,,,,,,1,1,1,1.0,3
201200049319,0012-04-23 17:15:00,12,4,23,17,15,950,252,AUTOROUTE A15,,,Plein jour,Hors agglomération,Hors intersection,Pluie forte,Deux véhicules - arrière,,,,,,,,,,,1,1,1,3.0,2
201200049320,0012-04-23 18:35:00,12,4,23,18,35,930,27,AUTOROUTE A86,48.926,2.39972,Plein jour,Hors agglomération,Hors intersection,Normale,Sans collision,,,,,,,,,,,1,1,1,1.0,7
201200049321,0012-04-23 19:05:00,12,4,23,19,5,950,582,AUTOROUTE A115,,,Plein jour,Hors agglomération,Hors intersection,Normale,Deux véhicules - arrière,,,,,,,,,,,1,1,1,1.0,2
201200049322,0012-04-24 06:20:00,12,4,24,6,20,950,252,AUTOROUTE A15,,,Crépuscule ou aube,Hors agglomération,Hors intersection,Normale,Autre collision,,,,,,,,,,,2,1,1,1.0,6
201200049323,0012-04-24 07:20:00,12,4,24,7,20,930,78,AUTOROUTE A104,48.9631,2.52221,Plein jour,Hors agglomération,Hors intersection,Pluie légère,Sans collision,,,,,,,,,,,1,1,1,2.0,7
201200049324,0012-04-24 08:05:00,12,4,24,8,5,950,527,AUTOROUTE A115,,,Plein jour,Hors agglomération,Hors intersection,Pluie légère,Autre collision,,,,,,,,,,,1,1,1,2.0,6
201200049325,0012-04-24 17:10:00,12,4,24,17,10,950,582,AUTOROUTE A15,,,Plein jour,Hors agglomération,Hors intersection,Pluie légère,Deux véhicules - arrière,,,,,,,,,,,1,1,1,2.0,2
201200049326,0012-04-25 11:40:00,12,4,25,11,40,950,252,AUTOROUTE A15,,,Plein jour,Hors agglomération,Hors intersection,Pluie forte,Autre collision,,,,,,,,,,,1,1,1,3.0,6
201200049327,0012-04-25 17:00:00,12,4,25,17,0,920,36,ROUTE NATIONALE 315,,,Plein jour,Hors agglomération,Hors intersection,Normale,Trois véhicules et plus - collisions multiples,,,,,,,,,,,1,1,1,1.0,5
201200049328,0012-04-26 23:25:00,12,4,26,23,25,950,252,AUTOROUTE A15,,,Nuit sans éclairage public,Hors agglomération,Hors intersection,Normale,Autre collision,,,,,,,,,,,3,1,1,1.0,6
201200049329,0012-04-27 13:00:00,12,4,27,13,0,950,607,AUTOROUTE A115,,,Plein jour,Hors agglomération,Hors intersection,Normale,Deux véhicules - arrière,,,,,,,,,,,1,1,1,1.0,2
201200049330,0012-04-28 04:50:00,12,4,28,4,50,950,127,AUTOROUTE A15,49.0432,2.0779,Nuit sans éclairage public,Hors agglomération,Hors intersection,Pluie forte,Autre collision,,,,,,,,,,,3,1,1,3.0,6
201200049331,0012-04-28 08:00:00,12,4,28,8,0,930,27,AUTOROUTE A86,48.926,2.39972,Plein jour,Hors agglomération,Hors intersection,Pluie légère,Deux véhicules - arrière,,,,,,,,,,,1,1,1,2.0,2
201200049332,0012-04-28 18:10:00,12,4,28,18,10,930,73,AUTOROUTE A104,48.968,2.56408,Plein jour,Hors agglomération,Hors intersection,Pluie légère,Deux véhicules - frontale,,,,,,,,,,,1,1,1,2.0,1
201200049333,0012-04-28 18:22:00,12,4,28,18,22,930,27,AUTOROUTE A86,48.926,2.39972,Plein jour,Hors agglomération,Hors intersection,Pluie légère,Autre collision,,,,,,,,,,,1,1,1,2.0,6
201200049334,0012-04-28 20:50:00,12,4,28,20,50,930,73,AUTOROUTE A104,48.968,2.56408,Plein jour,Hors agglomération,Hors intersection,Pluie légère,Sans collision,,,,,,,,,,,1,1,1,2.0,7
201200049335,0012-05-01 01:00:00,12,5,1,1,0,930,10,AUTOROUTE A3,,,Nuit sans éclairage public,Hors agglomération,Hors intersection,Pluie légère,Sans collision,,,,,,,,,,,3,1,1,2.0,7
201200049336,0012-05-01 07:50:00,12,5,1,7,50,950,277,A104,48.9733,2.4895,Plein jour,Hors agglomération,Hors intersection,Normale,Autre collision,,,,,,,,,,,1,1,1,1.0,6
201200049337,0012-05-01 09:00:00,12,5,1,9,0,930,78,AUTOROUTE A104,,,Plein jour,Hors agglomération,Hors intersection,Normale,Autre collision,,,,,,,,,,,1,1,1,1.0,6
201200049338,0012-05-01 14:50:00,12,5,1,14,50,930,6,AUTOROUTE A3,,,Plein jour,Hors agglomération,Hors intersection,Normale,Deux véhicules - côté,,,,,,,,,,,1,1,1,1.0,3
201200049339,0012-05-02 20:00:00,12,5,2,20,0,930,78,AUTOROUTE A104,,,Plein jour,Hors agglomération,Hors intersection,Pluie légère,Sans collision,,,,,,,,,,,1,1,1,2.0,7
201200049340,0012-05-02 22:20:00,12,5,2,22,20,930,78,AUTOROUTE A104,,,Nuit avec éclairage non allumé,Hors agglomération,Hors intersection,Pluie légère,Sans collision,,,,,,,,,,,4,1,1,2.0,7
201200049341,0012-05-03 16:00:00,12,5,3,16,0,930,64,AUTOROUTE A103,,,Plein jour,Hors agglomération,Hors intersection,Normale,Deux véhicules - arrière,,,,,,,,,,,1,1,1,1.0,2
201200049342,0012-05-04 02:30:00,12,5,4,2,30,930,5,AUTOROUTE A3,,,Nuit avec éclairage non allumé,Hors agglomération,Hors intersection,Normale,Deux véhicules - arrière,,,,,,,,,,,4,1,1,1.0,2
201200049343,0012-05-04 16:40:00,12,5,4,16,40,930,5,AUTOROUTE A3,,,Plein jour,Hors agglomération,Hors intersection,Normale,Autre collision,,,,,,,,,,,1,1,1,1.0,6
201200049344,0012-05-05 02:00:00,12,5,5,2,0,930,78,AUTOROUTE A104,,,Nuit avec éclairage non allumé,Hors agglomération,Hors intersection,Normale,Trois véhicules et plus - collisions multiples,,,,,,,,,,,4,1,1,1.0,5
201200049345,0012-05-05 13:04:00,12,5,5,13,4,930,53,AUTOROUTE A3,,,Plein jour,Hors agglomération,Hors intersection,Normale,Deux véhicules - arrière,,,,,,,,,,,1,1,1,1.0,2
201200049346,0012-05-06 08:05:00,12,5,6,8,5,930,78,AUTOROUTE A104,,,Plein jour,Hors agglomération,Hors intersection,Normale,Autre collision,,,,,,,,,,,1,1,1,1.0,6
201200049347,0012-05-06 09:00:00,12,5,6,9,0,930,8,AUTOROUTE A86,,,Plein jour,Hors agglomération,Hors intersection,Pluie légère,Deux véhicules - côté,,,,,,,,,,,1,1,1,2.0,3
201200049348,0012-05-06 10:15:00,12,5,6,10,15,930,27,AUTOROUTE A86,,,Plein jour,Hors agglomération,Hors intersection,Pluie légère,Autre collision,,,,,,,,,,,1,1,1,2.0,6
201200049349,0012-05-09 08:10:00,12,5,9,8,10,930,27,AUTOROUTE A86,,,Plein jour,Hors agglomération,Hors intersection,Temps couvert,Deux véhicules - arrière,,,,,,,,,,,1,1,1,8.0,2
201200049350,0012-05-09 15:00:00,12,5,9,15,0,950,572,AUTOROUTE A15,,,Plein jour,Hors agglomération,Hors intersection,Normale,Deux véhicules - arrière,,,,,,,,,,,1,1,1,1.0,2
201200049351,0012-05-11 14:00:00,12,5,11,14,0,950,394,ROUTE NATIONALE 184,,,Plein jour,Hors agglomération,Hors intersection,Normale,Autre collision,,,,,,,,,,,1,1,1,1.0,6
201200049352,0012-05-11 17:20:00,12,5,11,17,20,930,5,AUTOROUTE A1,,,Plein jour,Hors agglomération,Hors intersection,Normale,Autre collision,,,,,,,,,,,1,1,1,1.0,6
201200049353,0012-05-12 14:15:00,12,5,12,14,15,930,64,AUTOROUTE A86,,,Plein jour,Hors agglomération,Hors intersection,Normale,Trois véhicules et plus - collisions multiples,,,,,,,,,,,1,1,1,1.0,5
201200049354,0012-05-12 14:30:00,12,5,12,14,30,930,10,AUTOROUTE A3,,,Plein jour,Hors agglomération,Hors intersection,Normale,Deux véhicules - arrière,,,,,,,,,,,1,1,1,1.0,2
201200049355,0012-05-12 21:00:00,12,5,12,21,0,930,6,AUTOROUTE A3,,,Plein jour,Hors agglomération,Hors intersection,Normale,Deux véhicules - arrière,,,,,,,,,,,1,1,1,1.0,2
201200049356,0012-05-13 17:00:00,12,5,13,17,0,600,494,AUTOROUTE A1,,,Plein jour,Hors agglomération,Hors intersection,Normale,Deux véhicules - arrière,,,,,,,,,,,1,1,1,1.0,2
201200049357,0012-05-14 09:00:00,12,5,14,9,0,950,277,RD 170,48.9759,2.4824,Plein jour,Hors agglomération,Hors intersection,Normale,Deux véhicules - arrière,,,,,,,,,,,1,1,1,1.0,2
201200049358,0012-05-14 17:50:00,12,5,14,17,50,930,66,AUTOROUTE A1,,,Plein jour,Hors agglomération,Hors intersection,Normale,Deux véhicules - arrière,,,,,,,,,,,1,1,1,1.0,2
201200049359,0012-05-14 17:45:00,12,5,14,17,45,930,13,AUTOROUTE A1,,,Plein jour,Hors agglomération,Hors intersection,Normale,Trois véhicules et plus - en chaîne,,,,,,,,,,,1,1,1,1.0,4
201200049360,0012-05-15 07:20:00,12,5,15,7,20,930,73,AUTOROUTE A104,,,Plein jour,Hors agglomération,Autre intersection,Normale,Deux véhicules - côté,,,,,,,,,,,1,1,9,1.0,3
201200049361,0012-05-15 09:40:00,12,5,15,9,40,930,5,AUTOROUTE A3,,,Plein jour,Hors agglomération,Hors intersection,Normale,Deux véhicules - arrière,,,,,,,,,,,1,1,1,1.0,2
201200049362,0012-05-15 18:00:00,12,5,15,18,0,930,13,AUTOROUTE A1,,,Plein jour,Hors agglomération,Hors intersection,Normale,Trois véhicules et plus - en chaîne,,,,,,,,,,,1,1,1,1.0,4
201200049363,0012-05-18 17:30:00,12,5,18,17,30,920,78,AUTOROUTE A86,,,Plein jour,Hors agglomération,Hors intersection,Normale,Autre collision,,,,,,,,,,,1,1,1,1.0,6
201200049364,0012-05-19 16:15:00,12,5,19,16,15,930,64,AUTOROUTE A3,,,Plein jour,Hors agglomération,Hors intersection,Normale,Trois véhicules et plus - collisions multiples,,,,,,,,,,,1,1,1,1.0,5
201200049365,0012-05-19 18:20:00,12,5,19,18,20,930,27,AUTOROUTE A86,,,Plein jour,Hors agglomération,Hors intersection,Pluie légère,Autre collision,,,,,,,,,,,1,1,1,2.0,6
201200049366,0012-05-19 20:50:00,12,5,19,20,50,950,582,AUTOROUTE A115,,,Crépuscule ou aube,Hors agglomération,Hors intersection,Pluie légère,Autre collision,,,,,,,,,,,2,1,1,2.0,6
201200049367,0012-05-19 21:10:00,12,5,19,21,10,930,78,AUTOROUTE A104,,,Nuit sans éclairage public,Hors agglomération,Hors intersection,Pluie légère,Autre collision,,,,,,,,,,,3,1,1,2.0,6
201200049368,0012-05-21 00:20:00,12,5,21,0,20,930,64,AUTOROUTE A86,48.87844,2.47682,Nuit avec éclairage non allumé,Hors agglomération,Hors intersection,Pluie légère,Autre collision,,,,,,,,,,,4,1,1,2.0,6
201200049369,0012-05-21 10:15:00,12,5,21,10,15,930,66,AUTOROUTE A1,48.92812,2.35796,Plein jour,Hors agglomération,Hors intersection,Pluie légère,Trois véhicules et plus - en chaîne,,,,,,,,,,,1,1,1,2.0,4
201200049370,0012-05-21 11:00:00,12,5,21,11,0,950,351,RN 104,,,Plein jour,Hors agglomération,Hors intersection,Pluie légère,Autre collision,,,,,,,,,,,1,1,1,2.0,6
201200049371,0012-05-21 17:55:00,12,5,21,17,55,930,66,AUTOROUTE A1,48.93356,2.37965,Plein jour,Hors agglomération,Hors intersection,Pluie forte,Deux véhicules - côté,,,,,,,,,,,1,1,1,3.0,3
201200049372,0012-05-23 07:05:00,12,5,23,7,5,930,10,AUTOROUTE A3,48.88951,2.47393,Plein jour,Hors agglomération,Hors intersection,Normale,Deux véhicules - côté,,,,,,,,,,,1,1,1,1.0,3
201200049373,0012-05-23 09:15:00,12,5,23,9,15,950,18,AUTOROUTE A15,,,Plein jour,Hors agglomération,Hors intersection,Normale,Deux véhicules - côté,,,,,,,,,,,1,1,1,1.0,3
201200049374,0012-05-23 17:50:00,12,5,23,17,50,930,8,AUTOROUTE A86,48.91668,2.42953,Plein jour,Hors agglomération,Hors intersection,Normale,Deux véhicules - arrière,,,,,,,,,,,1,1,1,1.0,2
201200049375,0012-05-24 11:50:00,12,5,24,11,50,930,66,AUTOROUTE A1,48.91479,2.35795,Plein jour,Hors agglomération,Hors intersection,Normale,Deux véhicules - côté,,,,,,,,,,,1,1,1,1.0,3
201200049376,0012-05-23 20:20:00,12,5,23,20,20,930,8,AUTOROUTE A86,48.91232,2.43769,Plein jour,Hors agglomération,Hors intersection,Normale,Autre collision,,,,,,,,,,,1,1,1,1.0,6
201200049377,0012-05-24 09:50:00,12,5,24,9,50,920,36,AUTOROUTE A15,,,Plein jour,Hors agglomération,Hors intersection,Normale,Deux véhicules - arrière,,,,,,,,,,,1,1,1,1.0,2
201200049378,0012-05-24 13:20:00,12,5,24,13,20,950,604,AUTOROUTE A1,,,Plein jour,Hors agglomération,Hors intersection,Normale,Autre collision,,,,,,,,,,,1,1,1,1.0,6
201200049379,0012-05-24 15:00:00,12,5,24,15,0,950,394,ROUTE NATIONALE 184,,,Plein jour,Hors agglomération,Hors intersection,Normale,Autre collision,,,,,,,,,,,1,1,1,1.0,6
201200049380,0012-05-24 17:00:00,12,5,24,17,0,930,27,AUTOROUTE A1,48.93451,2.39759,Plein jour,Hors agglomération,Hors intersection,Normale,Trois véhicules et plus - en chaîne,,,,,,,,,,,1,1,1,1.0,4
201200049381,0012-05-24 17:45:00,12,5,24,17,45,930,10,AUTOROUTE A3,48.88951,2.47393,Plein jour,Hors agglomération,Hors intersection,Normale,Deux véhicules - côté,,,,,,,,,,,1,1,1,1.0,3
201200049382,0012-05-24 17:30:00,12,5,24,17,30,930,6,AUTOROUTE A3,48.86774,2.4277,Plein jour,Hors agglomération,Hors intersection,Normale,Deux véhicules - côté,,,,,,,,,,,1,1,1,1.0,3
201200049383,0012-05-25 10:15:00,12,5,25,10,15,930,66,AUTOROUTE A1,48.92204,2.35734,Plein jour,Hors agglomération,Hors intersection,Normale,Autre collision,,,,,,,,,,,1,1,1,1.0,6
201200049384,0012-05-25 16:10:00,12,5,25,16,10,930,27,AUTOROUTE A1,48.93694,2.40929,Plein jour,Hors agglomération,Hors intersection,Normale,Deux véhicules - arrière,,,,,,,,,,,1,1,1,1.0,2
201200049385,0012-05-25 17:15:00,12,5,25,17,15,930,7,AUTOROUTE A3,48.93217,2.48099,Plein jour,Hors agglomération,Hors intersection,Normale,Trois véhicules et plus - collisions multiples,,,,,,,,,,,1,1,1,1.0,5
201200049386,0012-05-25 18:00:00,12,5,25,18,0,930,78,AUTOROUTE A104,48.95902,2.53614,Plein jour,Hors agglomération,Hors intersection,Normale,Deux véhicules - côté,,,,,,,,,,,1,1,1,1.0,3
201200049387,0012-05-25 18:10:00,12,5,25,18,10,950,277,RD 170 B4,48.9749,2.4856,Plein jour,Hors agglomération,Hors intersection,Normale,Trois véhicules et plus - collisions multiples,,,,,,,,,,,1,1,1,1.0,5
201200049388,0012-05-25 19:30:00,12,5,25,19,30,930,10,AUTOROUTE A3,48.88951,2.47393,Plein jour,Hors agglomération,Hors intersection,Normale,Trois véhicules et plus - en chaîne,,,,,,,,,,,1,1,1,1.0,4
201200049389,0012-05-26 10:30:00,12,5,26,10,30,930,66,AUTOROUTE A86,48.92281,2.34512,Plein jour,Hors agglomération,Hors intersection,Normale,Deux véhicules - frontale,,,,,,,,,,,1,1,1,1.0,1
201200049390,0012-05-26 14:30:00,12,5,26,14,30,930,6,AUTOROUTE A3,48.86774,2.4277,Plein jour,Hors agglomération,Hors intersection,Normale,Deux véhicules - côté,,,,,,,,,,,1,1,1,1.0,3
201200049391,0012-05-29 08:20:00,12,5,29,8,20,930,64,AUTOROUTE A86,48.87085,2.48221,Plein jour,Hors agglomération,Hors intersection,Normale,Autre collision,,,,,,,,,,,1,1,1,1.0,6
201200049392,0012-05-30 14:50:00,12,5,30,14,50,930,6,AUTOROUTE A3,48.86469,2.41269,Plein jour,Hors agglomération,Hors intersection,Normale,Deux véhicules - côté,,,,,,,,,,,1,1,1,1.0,3
201200049393,0012-05-31 10:40:00,12,5,31,10,40,930,64,AUTOROUTE A86,48.87085,2.48221,Plein jour,Hors agglomération,Hors intersection,Normale,Deux véhicules - côté,,,,,,,,,,,1,1,1,1.0,3
201200049394,0012-05-31 16:00:00,12,5,31,16,0,950,607,AUTOROUTE A115,,,Plein jour,Hors agglomération,Hors intersection,Normale,Deux véhicules - côté,,,,,,,,,,,1,1,1,1.0,3
201200049395,0012-06-01 14:00:00,12,6,1,14,0,930,10,AUTOROUTE A86,48.87617,2.47313,Plein jour,Hors agglomération,Hors intersection,Normale,Sans collision,,,,,,,,,,,1,1,1,1.0,7
201200049396,0012-06-01 17:30:00,12,6,1,17,30,920,78,AUTOROUTE A86,,,Plein jour,Hors agglomération,Hors intersection,Normale,Deux véhicules - côté,,,,,,,,,,,1,1,1,1.0,3
201200049397,0012-06-02 16:30:00,12,6,2,16,30,950,500,AUTOROUTE A15,,,Plein jour,Hors agglomération,Hors intersection,Normale,Deux véhicules - côté,,,,,,,,,,,1,1,1,1.0,3
201200049398,0012-06-03 05:10:00,12,6,3,5,10,950,582,AUTOROUTE A15,,,Nuit avec éclairage non allumé,Hors agglomération,Hors intersection,Pluie forte,Autre collision,,,,,,,,,,,4,1,1,3.0,6
201200049399,0012-06-03 13:00:00,12,6,3,13,0,950,582,AUTOROUTE A15,,,Plein jour,Hors agglomération,Hors intersection,Normale,Deux véhicules - arrière,,,,,,,,,,,1,1,1,1.0,2
201200049400,0012-06-03 14:30:00,12,6,3,14,30,930,10,AUTOROUTE A3,48.88951,2.47393,Plein jour,Hors agglomération,Hors intersection,Normale,Deux véhicules - arrière,,,,,,,,,,,1,1,1,1.0,2
201200049401,0012-06-03 20:30:00,12,6,3,20,30,930,6,AUTOROUTE A3,48.86913,2.42944,Plein jour,Hors agglomération,Hors intersection,Normale,Deux véhicules - côté,,,,,,,,,,,1,1,1,1.0,3
201200049402,0012-06-03 21:20:00,12,6,3,21,20,950,306,AUTOROUTE A15,,,Crépuscule ou aube,Hors agglomération,Hors intersection,Normale,Autre collision,,,,,,,,,,,2,1,1,1.0,6
201200049403,0012-06-04 04:05:00,12,6,4,4,5,600,631,AUTOROUTE A1,,,Nuit avec éclairage non allumé,Hors agglomération,Hors intersection,Pluie légère,Deux véhicules - arrière,,,,,,,,,,,4,1,1,2.0,2
201200049404,0012-06-04 07:00:00,12,6,4,7,0,920,36,AUTOROUTE A15,,,Plein jour,Hors agglomération,Hors intersection,Normale,Deux véhicules - arrière,,,,,,,,,,,1,1,1,1.0,2
201200049405,0012-06-04 09:00:00,12,6,4,9,0,950,582,BD INTERCOMMUNAL PARISIS,48.965,2.2701,Plein jour,Hors agglomération,Hors intersection,Normale,Deux véhicules - arrière,,,,,,,,,,,1,1,1,1.0,2
201200049406,0012-06-08 12:30:00,12,6,8,12,30,930,5,AUTOROUTE A3,48.94831,2.47545,Plein jour,Hors agglomération,Hors intersection,Pluie légère,Deux véhicules - arrière,,,,,,,,,,,1,1,1,2.0,2
201200049407,0012-06-05 07:30:00,12,6,5,7,30,930,48,AUTOROUTE A3,48.87175,2.4332,Plein jour,Hors agglomération,Hors intersection,Normale,Autre collision,,,,,,,,,,,1,1,1,1.0,6
201200049408,0012-06-05 12:20:00,12,6,5,12,20,930,64,AUTOROUTE A86,48.86823,2.482,Plein jour,Hors agglomération,Hors intersection,Normale,Trois véhicules et plus - en chaîne,,,,,,,,,,,1,1,1,1.0,4
201200049409,0012-06-05 17:00:00,12,6,5,17,0,930,66,AUTOROUTE A86,48.92213,2.35879,Plein jour,Hors agglomération,Hors intersection,Normale,Deux véhicules - côté,,,,,,,,,,,1,1,1,1.0,3
201200049410,0012-06-06 10:15:00,12,6,6,10,15,930,10,AUTOROUTE A3,48.88951,2.47393,Plein jour,Hors agglomération,Hors intersection,Pluie légère,Autre collision,,,,,,,,,,,1,1,1,2.0,6
201200049411,0012-06-07 08:40:00,12,6,7,8,40,950,351,RN 104,,,Plein jour,Hors agglomération,Hors intersection,Normale,Deux véhicules - arrière,,,,,,,,,,,1,1,1,1.0,2
201200049412,0012-06-08 21:00:00,12,6,8,21,0,950,572,ROUTE NATIONALE 184,,,Plein jour,Hors agglomération,Hors intersection,Normale,Autre collision,,,,,,,,,,,1,1,1,1.0,6
201200049413,0012-06-09 05:45:00,12,6,9,5,45,930,78,AUTOROUTE A104,48.95807,2.53126,Plein jour,Hors agglomération,Hors intersection,Normale,Deux véhicules - arrière,,,,,,,,,,,1,1,1,1.0,2
201200049414,0012-06-09 20:20:00,12,6,9,20,20,930,10,AUTOROUTE A3,48.8897,2.47383,Plein jour,Hors agglomération,Hors intersection,Normale,Autre collision,,,,,,,,,,,1,1,1,1.0,6
201200049415,0012-06-10 05:30:00,12,6,10,5,30,930,64,AUTOROUTE A103,48.88706,2.47496,Crépuscule ou aube,Hors agglomération,Hors intersection,Normale,Autre collision,,,,,,,,,,,2,1,1,1.0,6
201200049416,0012-06-10 19:00:00,12,6,10,19,0,950,365,RN 104,,,Plein jour,Hors agglomération,Hors intersection,Pluie légère,Autre collision,,,,,,,,,,,1,1,1,2.0,6
201200049417,0012-06-11 18:30:00,12,6,11,18,30,930,10,AUTOROUTE A3,48.88951,2.47393,Plein jour,Hors agglomération,Hors intersection,Normale,Deux véhicules - arrière,,,,,,,,,,,1,1,1,1.0,2
201200049418,0012-06-12 07:00:00,12,6,12,7,0,930,66,AUTOROUTE A1,48.93371,2.38104,Plein jour,Hors agglomération,Hors intersection,Normale,Deux véhicules - côté,,,,,,,,,,,1,1,1,1.0,3
201200049419,0012-06-12 07:30:00,12,6,12,7,30,930,10,AUTOROUTE A3,48.88951,2.47393,Plein jour,Hors agglomération,Hors intersection,Normale,Autre collision,,,,,,,,,,,1,1,1,1.0,6
201200049420,0012-06-13 00:30:00,12,6,13,0,30,950,277,AUTOROUTE A104,48.9731,2.4881,Nuit sans éclairage public,Hors agglomération,Hors intersection,Pluie forte,Autre collision,,,,,,,,,,,3,1,1,3.0,6
201200049421,0012-06-13 05:30:00,12,6,13,5,30,930,53,AUTOROUTE A3,48.88348,2.45872,Crépuscule ou aube,Hors agglomération,Hors intersection,Normale,Autre collision,,,,,,,,,,,2,1,1,1.0,6
201200049422,0012-06-13 18:30:00,12,6,13,18,30,950,28,RN 104,,,Plein jour,Hors agglomération,Hors intersection,Temps couvert,Deux véhicules - arrière,,,,,,,,,,,1,1,1,8.0,2
201200049423,0012-06-13 18:20:00,12,6,13,18,20,920,78,AUTOROUTE A86,,,Plein jour,Hors agglomération,Hors intersection,Pluie forte,Autre collision,,,,,,,,,,,1,1,1,3.0,6
201200049424,0012-06-13 21:15:00,12,6,13,21,15,930,27,AUTOROUTE A86,48.92783,2.41019,Crépuscule ou aube,Hors agglomération,Hors intersection,Pluie légère,Deux véhicules - frontale,,,,,,,,,,,2,1,1,2.0,1