accident_id,datetime,annee,mois,jour,heure,minute,departement,commune_insee,adresse,latitude,longitude,luminosite,agglomeration,intersection,meteo,collision,nb_vehicules,nb_usagers,nb_indemnes,nb_tues,nb_blesses_hosp,nb_blesses_legers,age_cond_1,age_cond_2,veh_type_cond_1,veh_type_cond_2,lum_code,agg_code,int_code,atm_code,col_code
201200049686,0012-10-13 15:50:00,12,10,13,15,50,930,64,AUTOROUTE A86,48.88317,2.47014,Plein jour,Hors agglomération,Hors intersection,Pluie forte,Autre collision,,,,,,,,,,,1,1,1,3.0,6
201200049687,0012-10-13 23:30:00,12,10,13,23,30,930,78,AUTOROUTE A104,48.96226,2.52312,Nuit sans éclairage public,Hors agglomération,Hors intersection,Pluie légère,Sans collision,,,,,,,,,,,3,1,1,2.0,7
201200049688,0012-10-14 13:35:00,12,10,14,13,35,930,27,AUTOROUTE A1,48.93722,2.41018,Plein jour,Hors agglomération,Hors intersection,Pluie légère,Autre collision,,,,,,,,,,,1,1,1,2.0,6
201200049689,0012-10-14 14:00:00,12,10,14,14,0,950,277,A104,48.9734,2.4856,Plein jour,Hors agglomération,Hors intersection,Pluie légère,Autre collision,,,,,,,,,,,1,1,1,2.0,6
201200049690,0012-10-14 17:40:00,12,10,14,17,40,930,78,AUTOROUTE A104,48.95883,2.52753,Plein jour,Hors agglomération,Hors intersection,Pluie légère,Autre collision,,,,,,,,,,,1,1,1,2.0,6
201200049691,0012-10-14 19:10:00,12,10,14,19,10,930,78,AUTOROUTE A104,48.95848,2.53345,Nuit sans éclairage public,Hors agglomération,Hors intersection,Pluie légère,Sans collision,,,,,,,,,,,3,1,1,2.0,7
201200049692,0012-10-14 23:00:00,12,10,14,23,0,930,78,AUTOROUTE A104,48.95955,2.5267,Nuit sans éclairage public,Hors agglomération,Hors intersection,Pluie légère,Autre collision,,,,,,,,,,,3,1,1,2.0,6
201200049693,0012-10-15 00:15:00,12,10,15,0,15,930,27,AUTOROUTE A86,48.92787,2.41003,Nuit sans éclairage public,Hors agglomération,Hors intersection,Normale,Sans collision,,,,,,,,,,,3,1,1,1.0,7
201200049694,0012-10-15 09:20:00,12,10,15,9,20,930,66,AUTOROUTE A1,48.93371,2.38106,Plein jour,Hors agglomération,Hors intersection,Normale,Deux véhicules - côté,,,,,,,,,,,1,1,1,1.0,3
201200049695,0012-10-15 16:30:00,12,10,15,16,30,950,491,A115,,,Plein jour,Hors agglomération,Hors intersection,Normale,Deux véhicules - arrière,,,,,,,,,,,1,1,1,1.0,2
201200049696,0012-10-15 17:50:00,12,10,15,17,50,950,604,AUTOROUTE A1,,,Plein jour,Hors agglomération,Hors intersection,Normale,Autre collision,,,,,,,,,,,1,1,1,1.0,6
201200049697,0012-10-15 20:20:00,12,10,15,20,20,950,277,A3,,,Nuit sans éclairage public,Hors agglomération,Hors intersection,Normale,Autre collision,,,,,,,,,,,3,1,1,1.0,6
201200049698,0012-10-16 09:30:00,12,10,16,9,30,930,27,AUTOROUTE A1,48.93493,2.40031,Crépuscule ou aube,Hors agglomération,Hors intersection,Normale,Deux véhicules - arrière,,,,,,,,,,,2,1,1,1.0,2
201200049699,0012-10-15 09:45:00,12,10,15,9,45,930,1,AUTOROUTE A86,48.9209,2.37193,Plein jour,Hors agglomération,Hors intersection,Normale,Autre collision,,,,,,,,,,,1,1,1,1.0,6
201200049700,0012-10-16 10:33:00,12,10,16,10,33,930,66,AUTOROUTE A86,48.92177,2.36522,Plein jour,Hors agglomération,Hors intersection,Normale,Sans collision,,,,,,,,,,,1,1,1,1.0,7
201200049701,0012-10-17 06:20:00,12,10,17,6,20,950,252,A15,,,Nuit sans éclairage public,Hors agglomération,Hors intersection,Normale,Sans collision,,,,,,,,,,,3,1,1,1.0,7
201200049702,0012-10-17 06:50:00,12,10,17,6,50,950,572,A15,,,Nuit sans éclairage public,Hors agglomération,Hors intersection,Pluie légère,Deux véhicules - arrière,,,,,,,,,,,3,1,1,2.0,2
201200049703,0012-10-17 09:30:00,12,10,17,9,30,950,582,A115,,,Plein jour,Hors agglomération,Hors intersection,Normale,Trois véhicules et plus - en chaîne,,,,,,,,,,,1,1,1,1.0,4
201200049704,0012-10-17 15:50:00,12,10,17,15,50,930,27,AUTOROUTE A86,48.9235,2.38356,Plein jour,Hors agglomération,Hors intersection,Normale,Autre collision,,,,,,,,,,,1,1,1,1.0,6
201200049705,0012-10-17 18:45:00,12,10,17,18,45,930,48,AUTOROUTE A3,48.87311,2.43567,Nuit sans éclairage public,Hors agglomération,Hors intersection,Normale,Autre collision,,,,,,,,,,,3,1,1,1.0,6
201200049706,0012-10-18 08:40:00,12,10,18,8,40,930,64,AUTOROUTE A86,48.88389,2.46944,Plein jour,Hors agglomération,Hors intersection,Normale,Deux véhicules - arrière,,,,,,,,,,,1,1,1,1.0,2
201200049707,0012-10-18 10:00:00,12,10,18,10,0,930,63,AUTOROUTE A3,48.87847,2.44691,Plein jour,Hors agglomération,Hors intersection,Normale,Deux véhicules - arrière,,,,,,,,,,,1,1,1,1.0,2
201200049708,0012-10-18 23:00:00,12,10,18,23,0,930,66,AUTOROUTE A1,,,Nuit avec éclairage non allumé,Hors agglomération,Hors intersection,Pluie légère,Deux véhicules - arrière,,,,,,,,,,,4,1,1,2.0,2
201200049709,0012-10-19 00:30:00,12,10,19,0,30,920,36,AUTOROUTE A15,,,Nuit avec éclairage non allumé,Hors agglomération,Hors intersection,Pluie légère,Autre collision,,,,,,,,,,,4,1,1,2.0,6
201200049710,0012-10-19 09:30:00,12,10,19,9,30,930,6,AUTOROUTE A3,,,Plein jour,Hors agglomération,Hors intersection,Normale,Trois véhicules et plus - en chaîne,,,,,,,,,,,1,1,1,1.0,4
201200049711,0012-10-19 21:00:00,12,10,19,21,0,930,7,AUTOROUTE A1,,,Nuit avec éclairage non allumé,Hors agglomération,Hors intersection,Temps couvert,Trois véhicules et plus - collisions multiples,,,,,,,,,,,4,1,1,8.0,5
201200049712,0012-10-20 13:35:00,12,10,20,13,35,930,27,AUTOROUTE A1,,,Plein jour,Hors agglomération,Hors intersection,Pluie légère,Sans collision,,,,,,,,,,,1,1,1,2.0,7
201200049713,0012-10-20 17:40:00,12,10,20,17,40,930,27,AUTOROUTE A86,,,Plein jour,Hors agglomération,Hors intersection,Pluie légère,Autre collision,,,,,,,,,,,1,1,1,2.0,6
201200049714,0012-10-20 19:10:00,12,10,20,19,10,930,5,AUTOROUTE A3,,,Nuit sans éclairage public,Hors agglomération,Hors intersection,Temps couvert,Autre collision,,,,,,,,,,,3,1,1,8.0,6
201200049715,0012-10-20 21:50:00,12,10,20,21,50,950,582,A15,,,Nuit avec éclairage non allumé,Hors agglomération,Hors intersection,Pluie légère,Autre collision,,,,,,,,,,,4,1,1,2.0,6
201200049716,0012-10-21 02:05:00,12,10,21,2,5,930,66,AUTOROUTE A1,,,Nuit sans éclairage public,Hors agglomération,Hors intersection,Pluie légère,Autre collision,,,,,,,,,,,3,1,1,2.0,6
201200049717,0012-10-21 03:30:00,12,10,21,3,30,930,78,AUTOROUTE A104,,,Nuit avec éclairage non allumé,Hors agglomération,Hors intersection,Temps couvert,Deux véhicules - côté,,,,,,,,,,,4,1,1,8.0,3
201200049718,0012-10-21 04:20:00,12,10,21,4,20,930,53,AUTOROUTE A3,,,Nuit avec éclairage non allumé,Hors agglomération,Hors intersection,Pluie légère,Autre collision,,,,,,,,,,,4,1,1,2.0,6
201200049719,0012-10-21 09:10:00,12,10,21,9,10,950,256,ROUTE NATIONALE 184,,,Plein jour,Hors agglomération,Hors intersection,Pluie légère,Autre collision,,,,,,,,,,,1,1,1,2.0,6
201200049720,0012-10-21 10:30:00,12,10,21,10,30,930,8,AUTOROUTE A86,,,Plein jour,Hors agglomération,Hors intersection,Pluie légère,Autre collision,,,,,,,,,,,1,1,1,2.0,6
201200049721,0012-10-21 10:25:00,12,10,21,10,25,930,27,AUTOROUTE A86,,,Plein jour,Hors agglomération,Hors intersection,Normale,Autre collision,,,,,,,,,,,1,1,1,1.0,6
201200049722,0012-10-22 09:45:00,12,10,22,9,45,950,306,A15,,,Plein jour,Hors agglomération,Hors intersection,Normale,Deux véhicules - côté,,,,,,,,,,,1,1,1,1.0,3
201200049723,0012-10-22 16:30:00,12,10,22,16,30,930,6,AUTOROUTE A3,,,Plein jour,Hors agglomération,Hors intersection,Normale,Sans collision,,,,,,,,,,,1,1,1,1.0,7
201200049724,0012-10-23 17:50:00,12,10,23,17,50,930,5,AUTOROUTE A1,,,Plein jour,Hors agglomération,Hors intersection,Normale,Trois véhicules et plus - collisions multiples,,,,,,,,,,,1,1,1,1.0,5
201200049725,0012-10-23 18:15:00,12,10,23,18,15,920,36,AUTOROUTE A86,,,Crépuscule ou aube,Hors agglomération,Hors intersection,Normale,Trois véhicules et plus - collisions multiples,,,,,,,,,,,2,1,1,1.0,5
201200049726,0012-10-23 20:00:00,12,10,23,20,0,950,580,AUTOROUTE A1,,,Nuit sans éclairage public,Hors agglomération,Hors intersection,Normale,Deux véhicules - arrière,,,,,,,,,,,3,1,1,1.0,2
201200049727,0012-10-24 04:00:00,12,10,24,4,0,950,604,AUTOROUTE A1,,,Nuit avec éclairage non allumé,Hors agglomération,Hors intersection,Normale,Trois véhicules et plus - collisions multiples,,,,,,,,,,,4,1,1,1.0,5
201200049728,0012-10-24 07:00:00,12,10,24,7,0,930,6,AUTOROUTE A3,,,Crépuscule ou aube,Hors agglomération,Hors intersection,Normale,Autre collision,,,,,,,,,,,2,1,1,1.0,6
201200049729,0012-10-24 17:50:00,12,10,24,17,50,930,10,AUTOROUTE A3,,,Plein jour,Hors agglomération,Hors intersection,Normale,Sans collision,,,,,,,,,,,1,1,1,1.0,7
201200049730,0012-10-25 08:30:00,12,10,25,8,30,930,5,AUTOROUTE A3,,,Crépuscule ou aube,Hors agglomération,Hors intersection,Normale,Deux véhicules - côté,,,,,,,,,,,2,1,1,1.0,3
201200049731,0012-10-27 20:15:00,12,10,27,20,15,930,64,AUTOROUTE A86,,,Nuit sans éclairage public,Hors agglomération,Hors intersection,Normale,Autre collision,,,,,,,,,,,3,1,1,1.0,6
201200049732,0012-10-28 12:30:00,12,10,28,12,30,950,154,AUTOROUTE A1,,,Plein jour,Hors agglomération,Hors intersection,Normale,Autre collision,,,,,,,,,,,1,1,1,1.0,6
201200049733,0012-10-28 18:05:00,12,10,28,18,5,930,64,AUTOROUTE A86,,,Nuit sans éclairage public,Hors agglomération,Hors intersection,Normale,Trois véhicules et plus - en chaîne,,,,,,,,,,,3,1,1,1.0,4
201200049734,0012-10-29 02:00:00,12,10,29,2,0,920,78,AUTOROUTE A86,,,Nuit sans éclairage public,Hors agglomération,Hors intersection,Pluie légère,Autre collision,,,,,,,,,,,3,1,1,2.0,6
201200049735,0012-10-29 07:20:00,12,10,29,7,20,950,675,AUTOROUTE A1,,,Plein jour,Hors agglomération,Hors intersection,Normale,Trois véhicules et plus - collisions multiples,,,,,,,,,,,1,1,1,1.0,5
201200049736,0012-10-29 22:15:00,12,10,29,22,15,930,6,AUTOROUTE A3,,,Nuit avec éclairage non allumé,Hors agglomération,Hors intersection,Normale,Autre collision,,,,,,,,,,,4,1,1,1.0,6
201200049737,0012-10-30 19:05:00,12,10,30,19,5,600,612,AUTOROUTE A1,,,Nuit sans éclairage public,Hors agglomération,Hors intersection,Normale,Trois véhicules et plus - en chaîne,,,,,,,,,,,3,1,1,1.0,4
201200049738,0012-10-31 18:00:00,12,10,31,18,0,950,572,A15,,,Nuit avec éclairage non allumé,Hors agglomération,Hors intersection,Normale,Deux véhicules - côté,,,,,,,,,,,4,1,1,1.0,3
201200049739,0012-11-01 03:35:00,12,11,1,3,35,930,8,AUTOROUTE A86,48.90787,2.45266,Nuit sans éclairage public,Hors agglomération,Hors intersection,Normale,Autre collision,,,,,,,,,,,3,1,1,1.0,6
201200049740,0012-11-01 14:00:00,12,11,1,14,0,950,277,A104,48.9736,2.4863,Plein jour,Hors agglomération,Hors intersection,Normale,Autre collision,,,,,,,,,,,1,1,1,1.0,6
201200049741,0012-11-01 22:00:00,12,11,1,22,0,950,582,AUTOROUTE A15,,,Nuit sans éclairage public,Hors agglomération,Hors intersection,Normale,Deux véhicules - côté,,,,,,,,,,,3,1,1,1.0,3
201200049742,0012-11-02 13:25:00,12,11,2,13,25,930,53,AUTOROUTE A3,48.88376,2.46679,Plein jour,Hors agglomération,Hors intersection,Pluie légère,Autre collision,,,,,,,,,,,1,1,1,2.0,6
201200049743,0012-11-02 16:45:00,12,11,2,16,45,950,582,AUTOROUTE A15,,,Plein jour,Hors agglomération,Hors intersection,Normale,Sans collision,,,,,,,,,,,1,1,1,1.0,7
201200049744,0012-11-02 19:10:00,12,11,2,19,10,930,8,AUTOROUTE A86,48.90109,2.4693,Nuit avec éclairage allumé,Hors agglomération,Hors intersection,Normale,Deux véhicules - arrière,,,,,,,,,,,5,1,1,1.0,2
201200049745,0012-11-02 19:13:00,12,11,2,19,13,930,5,AUTOROUTE A3,48.94833,2.47546,Crépuscule ou aube,Hors agglomération,Hors intersection,Normale,Deux véhicules - arrière,,,,,,,,,,,2,1,1,1.0,2
201200049746,0012-11-03 08:55:00,12,11,3,8,55,950,394,AUTOROUTE A115,,,Plein jour,Hors agglomération,Hors intersection,Pluie légère,Sans collision,,,,,,,,,,,1,1,1,2.0,7
201200049747,0012-11-03 10:05:00,12,11,3,10,5,930,53,AUTOROUTE A3,48.87372,2.43677,Plein jour,Hors agglomération,Hors intersection,Pluie légère,Sans collision,,,,,,,,,,,1,1,1,2.0,7
201200049748,0012-11-03 10:00:00,12,11,3,10,0,950,582,A15,,,Plein jour,Hors agglomération,Hors intersection,Pluie légère,Deux véhicules - côté,,,,,,,,,,,1,1,1,2.0,3
201200049749,0012-11-04 13:00:00,12,11,4,13,0,950,582,A15,,,Plein jour,Hors agglomération,Hors intersection,Normale,Sans collision,,,,,,,,,,,1,1,1,1.0,7
201200049750,0012-11-04 13:15:00,12,11,4,13,15,950,203,BD INTERCOMMUNAL PARISIS,48.9775,2.2883,Plein jour,Hors agglomération,Hors intersection,Normale,Sans collision,,,,,,,,,,,1,1,1,1.0,7
201200049751,0012-11-04 17:00:00,12,11,4,17,0,950,394,ROUTE NATIONALE 184,,,Plein jour,Hors agglomération,Hors intersection,Normale,Sans collision,,,,,,,,,,,1,1,1,1.0,7
201200049752,0012-11-04 19:00:00,12,11,4,19,0,930,48,AUTOROUTE A3,48.87312,2.43594,Nuit sans éclairage public,Hors agglomération,Hors intersection,Normale,Deux véhicules - arrière,,,,,,,,,,,3,1,1,1.0,2
201200049753,0012-11-06 08:40:00,12,11,6,8,40,950,28,RN 104,,,Plein jour,Hors agglomération,Hors intersection,Normale,Trois véhicules et plus - en chaîne,,,,,,,,,,,1,1,1,1.0,4
201200049754,0012-11-06 11:30:00,12,11,6,11,30,930,10,AUTOROUTE A3,48.88925,2.47383,Plein jour,Hors agglomération,Hors intersection,Normale,Deux véhicules - arrière,,,,,,,,,,,1,1,1,1.0,2
201200049755,0012-11-06 10:30:00,12,11,6,10,30,930,29,AUTOROUTE A86,48.91885,2.4287,Plein jour,Hors agglomération,Hors intersection,Normale,Autre collision,,,,,,,,,,,1,1,1,1.0,6
201200049756,0012-11-06 18:10:00,12,11,6,18,10,930,8,AUTOROUTE A86,48.89895,2.46929,Plein jour,Hors agglomération,Hors intersection,Normale,Deux véhicules - côté,,,,,,,,,,,1,1,1,1.0,3
201200049757,0012-11-07 18:00:00,12,11,7,18,0,950,555,BD INTERCOMMUNAL PARISIS,48.9714,2.2759,Plein jour,Hors agglomération,Hors intersection,Normale,Autre collision,,,,,,,,,,,1,1,1,1.0,6
201200049758,0012-11-07 17:40:00,12,11,7,17,40,920,36,AUTOROUTE A86,,,Nuit sans éclairage public,Hors agglomération,Hors intersection,Normale,Deux véhicules - arrière,,,,,,,,,,,3,1,1,1.0,2
201200049759,0012-11-07 19:40:00,12,11,7,19,40,930,5,AUTOROUTE A3,48.96858,2.47896,Nuit sans éclairage public,Hors agglomération,Hors intersection,Normale,Deux véhicules - arrière,,,,,,,,,,,3,1,1,1.0,2
201200049760,0012-11-08 08:05:00,12,11,8,8,5,930,10,AUTOROUTE A3,48.88821,2.47421,Plein jour,Hors agglomération,Hors intersection,Normale,Deux véhicules - côté,,,,,,,,,,,1,1,1,1.0,3
201200049761,0012-11-08 15:30:00,12,11,8,15,30,930,78,AUTOROUTE A104,48.95887,2.53547,Plein jour,Hors agglomération,Hors intersection,Normale,Sans collision,,,,,,,,,,,1,1,1,1.0,7
201200049762,0012-11-09 08:40:00,12,11,9,8,40,950,682,RN 104,,,Plein jour,Hors agglomération,Hors intersection,Normale,Deux véhicules - côté,,,,,,,,,,,1,1,1,1.0,3
201200049763,0012-11-09 21:30:00,12,11,9,21,30,950,394,A115,,,Nuit avec éclairage non allumé,Hors agglomération,Hors intersection,Pluie légère,Autre collision,,,,,,,,,,,4,1,1,2.0,6
201200049764,0012-11-22 01:10:00,12,11,22,1,10,930,78,AUTOROUTE A104,,,Nuit sans éclairage public,Hors agglomération,Hors intersection,Pluie légère,Autre collision,,,,,,,,,,,3,1,1,2.0,6
201200049765,0012-11-10 08:20:00,12,11,10,8,20,930,78,AUTOROUTE A104,48.95945,2.52684,Crépuscule ou aube,Hors agglomération,Hors intersection,Normale,Deux véhicules - arrière,,,,,,,,,,,2,1,1,1.0,2
201200049766,0012-11-10 10:15:00,12,11,10,10,15,930,5,AUTOROUTE A1,48.96695,2.47763,Crépuscule ou aube,Hors agglomération,Hors intersection,Normale,Sans collision,,,,,,,,,,,2,1,1,1.0,7
201200049767,0012-11-10 16:30:00,12,11,10,16,30,600,241,AUTOROUTE A1,,,Plein jour,Hors agglomération,Hors intersection,Normale,Sans collision,,,,,,,,,,,1,1,1,1.0,7
201200049768,0012-11-10 22:20:00,12,11,10,22,20,930,63,AUTOROUTE A3,48.881,2.45286,Nuit sans éclairage public,Hors agglomération,Hors intersection,Normale,Autre collision,,,,,,,,,,,3,1,1,1.0,6
201200049769,0012-11-11 02:10:00,12,11,11,2,10,930,27,AUTOROUTE A1,48.93494,2.40026,Nuit sans éclairage public,Hors agglomération,Hors intersection,Normale,Trois véhicules et plus - en chaîne,,,,,,,,,,,3,1,1,1.0,4
201200049770,0012-11-12 22:00:00,12,11,12,22,0,930,10,AUTOROUTE A3,48.88951,2.47393,Crépuscule ou aube,Hors agglomération,Hors intersection,Normale,Deux véhicules - côté,,,,,,,,,,,2,1,1,1.0,3
201200049771,0012-11-13 10:00:00,12,11,13,10,0,950,500,A15,,,Plein jour,Hors agglomération,Hors intersection,Normale,Trois véhicules et plus - en chaîne,,,,,,,,,,,1,1,1,1.0,4
201200049772,0012-11-13 10:00:00,12,11,13,10,0,930,64,AUTOROUTE A86,48.87808,2.47675,Plein jour,Hors agglomération,Hors intersection,Normale,Trois véhicules et plus - collisions multiples,,,,,,,,,,,1,1,1,1.0,5
201200049773,0012-11-13 17:10:00,12,11,13,17,10,920,36,AUTOROUTE A86,,,Plein jour,Hors agglomération,Hors intersection,Normale,Trois véhicules et plus - en chaîne,,,,,,,,,,,1,1,1,1.0,4
201200049774,0012-11-14 07:30:00,12,11,14,7,30,930,48,AUTOROUTE A3,48.8723,2.43427,Plein jour,Hors agglomération,Hors intersection,Normale,Deux véhicules - côté,,,,,,,,,,,1,1,1,1.0,3
201200049775,0012-11-14 15:00:00,12,11,14,15,0,930,6,AUTOROUTE A3,48.86609,2.42276,Plein jour,Hors agglomération,Hors intersection,Normale,Deux véhicules - arrière,,,,,,,,,,,1,1,1,1.0,2
201200049776,0012-11-14 17:45:00,12,11,14,17,45,950,500,A15,,,Nuit sans éclairage public,Hors agglomération,Hors intersection,Normale,Trois véhicules et plus - en chaîne,,,,,,,,,,,3,1,1,1.0,4
201200049777,0012-11-15 12:10:00,12,11,15,12,10,950,219,A115,,,Plein jour,Hors agglomération,Hors intersection,Normale,Deux véhicules - côté,,,,,,,,,,,1,1,1,1.0,3
201200049778,0012-11-15 12:45:00,12,11,15,12,45,950,641,AUTOROUTE A1,,,Plein jour,Hors agglomération,Hors intersection,Normale,Autre collision,,,,,,,,,,,1,1,1,1.0,6
201200049779,0012-11-15 18:40:00,12,11,15,18,40,930,73,AUTOROUTE A104,48.96682,2.56071,Nuit sans éclairage public,Hors agglomération,Hors intersection,Normale,Autre collision,,,,,,,,,,,3,1,1,1.0,6
201200049780,0012-11-16 13:40:00,12,11,16,13,40,950,306,A15,,,Plein jour,Hors agglomération,Hors intersection,Normale,Autre collision,,,,,,,,,,,1,1,1,1.0,6
201200049781,0012-11-16 20:45:00,12,11,16,20,45,930,8,AUTOROUTE A86,48.91316,2.43523,Nuit avec éclairage allumé,Hors agglomération,Hors intersection,Normale,Trois véhicules et plus - collisions multiples,,,,,,,,,,,5,1,1,1.0,5
201200049782,0012-11-18 13:00:00,12,11,18,13,0,930,27,AUTOROUTE A1,48.93451,2.3976,Plein jour,Hors agglomération,Hors intersection,Pluie légère,Autre collision,,,,,,,,,,,1,1,1,2.0,6
201200049783,0012-11-18 13:55:00,12,11,18,13,55,950,394,A115,,,Plein jour,Hors agglomération,Hors intersection,Normale,Autre collision,,,,,,,,,,,1,1,1,1.0,6
201200049784,0012-11-18 15:00:00,12,11,18,15,0,950,252,A15,,,Plein jour,Hors agglomération,Hors intersection,Normale,Autre collision,,,,,,,,,,,1,1,1,1.0,6
201200049785,0012-11-18 15:45:00,12,11,18,15,45,950,277,AUTOROUTE A3,,,Plein jour,Hors agglomération,Hors intersection,Temps couvert,Trois véhicules et plus - en chaîne,,,,,,,,,,,1,1,1,8.0,4
201200049786,0012-11-19 08:00:00,12,11,19,8,0,950,394,ROUTE NATIONALE 184,,,Plein jour,Hors agglomération,Hors intersection,Normale,Deux véhicules - côté,,,,,,,,,,,1,1,1,1.0,3
201200049787,0012-11-20 17:30:00,12,11,20,17,30,930,48,AUTOROUTE A3,,,Nuit sans éclairage public,Hors agglomération,Hors intersection,Normale,Autre collision,,,,,,,,,,,3,1,1,1.0,6
201200049788,0012-11-20 18:15:00,12,11,20,18,15,930,10,AUTOROUTE A3,,,Nuit sans éclairage public,Hors agglomération,Hors intersection,Normale,Deux véhicules - côté,,,,,,,,,,,3,1,1,1.0,3
201200049789,0012-11-21 08:20:00,12,11,21,8,20,930,7,AUTOROUTE A1,,,Plein jour,Hors agglomération,Hors intersection,Normale,Trois véhicules et plus - en chaîne,,,,,,,,,,,1,1,1,1.0,4
201200049790,0012-11-21 10:00:00,12,11,21,10,0,930,48,AUTOROUTE A3,,,Plein jour,Hors agglomération,Hors intersection,Pluie légère,Autre collision,,,,,,,,,,,1,1,1,2.0,6
201200049791,0012-11-22 11:10:00,12,11,22,11,10,950,219,A115,,,Plein jour,Hors agglomération,Hors intersection,Normale,Autre collision,,,,,,,,,,,1,1,1,1.0,6
201200049792,0012-11-22 17:00:00,12,11,22,17,0,930,64,AUTOROUTE A103,,,Nuit sans éclairage public,Hors agglomération,Hors intersection,Normale,Deux véhicules - côté,,,,,,,,,,,3,1,1,1.0,3
201200049793,0012-11-23 14:30:00,12,11,23,14,30,930,63,AUTOROUTE A3,,,Plein jour,Hors agglomération,Hors intersection,Pluie légère,Deux véhicules - côté,,,,,,,,,,,1,1,1,2.0,3
201200049794,0012-11-23 15:00:00,12,11,23,15,0,930,27,AUTOROUTE A86,,,Plein jour,Hors agglomération,Hors intersection,Pluie légère,Sans collision,,,,,,,,,,,1,1,1,2.0,7
201200049795,0012-11-23 16:00:00,12,11,23,16,0,930,64,AUTOROUTE A103,,,Plein jour,Hors agglomération,Hors intersection,Pluie légère,Autre collision,,,,,,,,,,,1,1,1,2.0,6
201200049796,0012-11-23 17:30:00,12,11,23,17,30,950,675,AUTOROUTE A1,,,Nuit sans éclairage public,Hors agglomération,Hors intersection,Pluie forte,Deux véhicules - côté,,,,,,,,,,,3,1,1,3.0,3
201200049797,0012-11-23 22:00:00,12,11,23,22,0,930,6,AUTOROUTE A3,,,Nuit sans éclairage public,Hors agglomération,Hors intersection,Pluie légère,Sans collision,,,,,,,,,,,3,1,1,2.0,7
201200049798,0012-11-24 01:10:00,12,11,24,1,10,930,78,AUTOROUTE A104,,,Nuit avec éclairage non allumé,Hors agglomération,Hors intersection,Temps couvert,Sans collision,,,,,,,,,,,4,1,1,8.0,7
201200049799,0012-11-24 17:45:00,12,11,24,17,45,950,252,A15,,,Crépuscule ou aube,Hors agglomération,Hors intersection,Normale,Deux véhicules - côté,,,,,,,,,,,2,1,1,1.0,3
201200049800,0012-11-26 09:00:00,12,11,26,9,0,950,252,A15,,,Plein jour,Hors agglomération,Hors intersection,Normale,Autre collision,,,,,,,,,,,1,1,1,1.0,6
201200049801,0012-11-26 18:15:00,12,11,26,18,15,930,48,AUTOROUTE A3,,,Nuit avec éclairage allumé,Hors agglomération,Hors intersection,Normale,Deux véhicules - côté,,,,,,,,,,,5,1,1,1.0,3
201200049802,0012-11-26 23:15:00,12,11,26,23,15,950,365,RN 104,,,Nuit sans éclairage public,Hors agglomération,Hors intersection,Normale,Deux véhicules - arrière,,,,,,,,,,,3,1,1,1.0,2
201200049803,0012-11-27 07:00:00,12,11,27,7,0,930,64,AUTOROUTE A86,,,Crépuscule ou aube,Hors agglomération,Hors intersection,Normale,Trois véhicules et plus - en chaîne,,,,,,,,,,,2,1,1,1.0,4
201200049804,0012-11-27 14:40:00,12,11,27,14,40,950,18,A15,,,Plein jour,Hors agglomération,Hors intersection,Pluie légère,Deux véhicules - côté,,,,,,,,,,,1,1,1,2.0,3
201200049805,0012-11-27 18:05:00,12,11,27,18,5,930,66,AUTOROUTE A86,,,Nuit sans éclairage public,Hors agglomération,Hors intersection,Pluie légère,Deux véhicules - arrière,,,,,,,,,,,3,1,1,2.0,2
201200049806,0012-11-27 21:20:00,12,11,27,21,20,950,365,RN 104,,,Nuit sans éclairage public,Hors agglomération,Hors intersection,Pluie légère,Deux véhicules - arrière,,,,,,,,,,,3,1,1,2.0,2
201200049807,0012-11-28 07:45:00,12,11,28,7,45,920,78,AUTOROUTE A86,,,Crépuscule ou aube,Hors agglomération,Hors intersection,Normale,Deux véhicules - côté,,,,,,,,,,,2,1,1,1.0,3
201200049808,0012-11-28 09:20:00,12,11,28,9,20,920,36,AUTOROUTE A15,,,Plein jour,Hors agglomération,Hors intersection,Normale,Deux véhicules - côté,,,,,,,,,,,1,1,1,1.0,3
201200049809,0012-11-28 12:30:00,12,11,28,12,30,950,424,A15,,,Plein jour,Hors agglomération,Hors intersection,Normale,Autre collision,,,,,,,,,,,1,1,1,1.0,6
201200049810,0012-11-29 05:55:00,12,11,29,5,55,930,6,AUTOROUTE A3,,,Nuit sans éclairage public,Hors agglomération,Hors intersection,Pluie légère,Deux véhicules - côté,,,,,,,,,,,3,1,1,2.0,3
201200049811,0012-11-29 07:30:00,12,11,29,7,30,930,66,AUTOROUTE A1,,,Plein jour,Hors agglomération,Hors intersection,Normale,Deux véhicules - côté,,,,,,,,,,,1,1,1,1.0,3
201200049812,0012-11-29 09:05:00,12,11,29,9,5,930,7,AUTOROUTE A3,,,Plein jour,Hors agglomération,Hors intersection,Pluie légère,Deux véhicules - côté,,,,,,,,,,,1,1,1,2.0,3
201200049813,0012-11-30 02:30:00,12,11,30,2,30,930,64,AUTOROUTE A103,,,Nuit sans éclairage public,Hors agglomération,Hors intersection,Normale,Trois véhicules et plus - en chaîne,,,,,,,,,,,3,1,1,1.0,4
201200049814,0012-11-30 09:00:00,12,11,30,9,0,930,29,AUTOROUTE A86,,,Plein jour,Hors agglomération,Hors intersection,Normale,Sans collision,,,,,,,,,,,1,1,1,1.0,7