accident_id,datetime,annee,mois,jour,heure,minute,departement,commune_insee,adresse,latitude,longitude,luminosite,agglomeration,intersection,meteo,collision,nb_vehicules,nb_usagers,nb_indemnes,nb_tues,nb_blesses_hosp,nb_blesses_legers,age_cond_1,age_cond_2,veh_type_cond_1,veh_type_cond_2,lum_code,agg_code,int_code,atm_code,col_code
201200050083,0012-04-16 13:45:00,12,4,16,13,45,920,50,A86,,,Plein jour,Hors agglomération,Hors intersection,Normale,Trois véhicules et plus - en chaîne,,,,,,,,,,,1,1,1,1.0,4
201200050084,0012-04-16 16:00:00,12,4,16,16,0,920,36,RN315 Y,,,Plein jour,Hors agglomération,Hors intersection,Normale,Deux véhicules - arrière,,,,,,,,,,,1,1,1,1.0,2
201200050085,0012-04-17 17:55:00,12,4,17,17,55,920,36,A86,,,Plein jour,Hors agglomération,Hors intersection,Normale,Deux véhicules - arrière,,,,,,,,,,,1,1,1,1.0,2
201200050086,0012-04-17 23:00:00,12,4,17,23,0,920,48,N118,,,Nuit sans éclairage public,Hors agglomération,Hors intersection,Pluie légère,Autre collision,,,,,,,,,,,3,1,1,2.0,6
201200050087,0012-04-18 10:10:00,12,4,18,10,10,780,498,A13,,,Plein jour,Hors agglomération,Hors intersection,Normale,Autre collision,,,,,,,,,,,1,1,1,1.0,6
201200050088,0012-04-19 14:47:00,12,4,19,14,47,780,217,A13,,,Plein jour,Hors agglomération,Hors intersection,Normale,Sans collision,,,,,,,,,,,1,1,1,1.0,7
201200050089,0012-04-20 21:15:00,12,4,20,21,15,780,431,A13,,,Nuit sans éclairage public,Hors agglomération,Hors intersection,Pluie forte,Sans collision,,,,,,,,,,,3,1,1,3.0,7
201200050090,0012-04-21 03:05:00,12,4,21,3,5,920,36,A86,,,Nuit avec éclairage allumé,Hors agglomération,Hors intersection,Normale,Autre collision,,,,,,,,,,,5,1,1,1.0,6
201200050091,0012-04-22 17:15:00,12,4,22,17,15,780,29,A13Y,,,Plein jour,Hors agglomération,Hors intersection,Normale,Autre collision,,,,,,,,,,,1,1,1,1.0,6
201200050092,0012-04-24 09:05:00,12,4,24,9,5,920,64,A13,,,Plein jour,Hors agglomération,Hors intersection,Normale,Deux véhicules - arrière,,,,,,,,,,,1,1,1,1.0,2
201200050093,0012-04-27 20:00:00,12,4,27,20,0,780,140,A13,,,Plein jour,Hors agglomération,Hors intersection,Normale,Trois véhicules et plus - en chaîne,,,,,,,,,,,1,1,1,1.0,4
201200050094,0012-04-28 14:35:00,12,4,28,14,35,780,73,A12 Y,,,Plein jour,Hors agglomération,Hors intersection,Pluie légère,Autre collision,,,,,,,,,,,1,1,1,2.0,6
201200050095,0012-05-01 00:15:00,12,5,1,0,15,920,36,RN315 Y,,,Plein jour,Hors agglomération,Hors intersection,Pluie légère,Sans collision,,,,,,,,,,,1,1,1,2.0,7
201200050096,0012-05-01 15:35:00,12,5,1,15,35,780,238,A13,,,Plein jour,Hors agglomération,Hors intersection,Normale,Autre collision,,,,,,,,,,,1,1,1,1.0,6
201200050097,0012-05-03 09:02:00,12,5,3,9,2,780,640,A86 EXT,,,Plein jour,Hors agglomération,Hors intersection,Temps couvert,Deux véhicules - arrière,,,,,,,,,,,1,1,1,8.0,2
201200050098,0012-05-03 14:00:00,12,5,3,14,0,920,36,A86,,,Plein jour,Hors agglomération,Hors intersection,Normale,Deux véhicules - côté,,,,,,,,,,,1,1,1,1.0,3
201200050099,0012-05-03 15:37:00,12,5,3,15,37,920,25,A86,,,Plein jour,Hors agglomération,Hors intersection,Normale,Deux véhicules - arrière,,,,,,,,,,,1,1,1,1.0,2
201200050100,0012-05-05 10:25:00,12,5,5,10,25,920,51,RN13,,,Plein jour,Hors agglomération,Hors intersection,Normale,Deux véhicules - arrière,,,,,,,,,,,1,1,1,1.0,2
201200050101,0012-05-05 14:00:00,12,5,5,14,0,780,322,RN12 EXT,,,Plein jour,Hors agglomération,Hors intersection,Normale,Autre collision,,,,,,,,,,,1,1,1,1.0,6
201200050102,0012-05-05 22:00:00,12,5,5,22,0,920,36,A86,,,Nuit avec éclairage allumé,Hors agglomération,Hors intersection,Pluie forte,Autre collision,,,,,,,,,,,5,1,1,3.0,6
201200050103,0012-05-05 21:12:00,12,5,5,21,12,780,208,RN12 EXT,,,Crépuscule ou aube,Hors agglomération,Hors intersection,Pluie forte,Autre collision,,,,,,,,,,,2,1,1,3.0,6
201200050104,0012-05-06 14:10:00,12,5,6,14,10,780,73,A12 W,,,Plein jour,Hors agglomération,Hors intersection,Normale,Deux véhicules - arrière,,,,,,,,,,,1,1,1,1.0,2
201200050105,0012-05-07 19:40:00,12,5,7,19,40,920,63,A86,,,Plein jour,Hors agglomération,Hors intersection,Normale,Autre collision,,,,,,,,,,,1,1,1,1.0,6
201200050106,0012-05-08 03:30:00,12,5,8,3,30,920,64,A13,,,Nuit avec éclairage allumé,Hors agglomération,Hors intersection,Normale,Autre collision,,,,,,,,,,,5,1,1,1.0,6
201200050107,0012-05-08 13:15:00,12,5,8,13,15,780,43,A12 Y,,,Plein jour,Hors agglomération,Hors intersection,Normale,Deux véhicules - arrière,,,,,,,,,,,1,1,1,1.0,2
201200050108,0012-05-09 07:55:00,12,5,9,7,55,780,140,A13,,,Plein jour,Hors agglomération,Hors intersection,Pluie légère,Trois véhicules et plus - en chaîne,,,,,,,,,,,1,1,1,2.0,4
201200050109,0012-05-09 12:30:00,12,5,9,12,30,780,545,A12 Y,,,Plein jour,Hors agglomération,Hors intersection,Normale,Deux véhicules - arrière,,,,,,,,,,,1,1,1,1.0,2
201200050110,0012-05-10 12:38:00,12,5,10,12,38,920,25,A86,,,Plein jour,Hors agglomération,Hors intersection,Normale,Trois véhicules et plus - en chaîne,,,,,,,,,,,1,1,1,1.0,4
201200050111,0012-05-10 23:30:00,12,5,10,23,30,780,640,A86 INT,,,Nuit avec éclairage non allumé,Hors agglomération,Hors intersection,Normale,Deux véhicules - arrière,,,,,,,,,,,4,1,1,1.0,2
201200050112,0012-05-11 09:10:00,12,5,11,9,10,780,217,A13,,,Plein jour,Hors agglomération,Hors intersection,Normale,Trois véhicules et plus - en chaîne,,,,,,,,,,,1,1,1,1.0,4
201200050113,0012-05-11 12:45:00,12,5,11,12,45,920,50,A14,,,Nuit avec éclairage allumé,Hors agglomération,Hors intersection,Autre,Deux véhicules - arrière,,,,,,,,,,,5,1,1,9.0,2
201200050114,0012-05-11 19:23:00,12,5,11,19,23,920,36,RN315 W,,,Plein jour,Hors agglomération,Hors intersection,Normale,Deux véhicules - côté,,,,,,,,,,,1,1,1,1.0,3
201200050115,0012-05-12 12:00:00,12,5,12,12,0,780,362,A13,,,Plein jour,Hors agglomération,Hors intersection,Normale,Deux véhicules - arrière,,,,,,,,,,,1,1,1,1.0,2
201200050116,0012-05-13 18:50:00,12,5,13,18,50,780,291,A13,,,Plein jour,Hors agglomération,Hors intersection,Normale,Deux véhicules - arrière,,,,,,,,,,,1,1,1,1.0,2
201200050117,0012-05-13 21:00:00,12,5,13,21,0,780,646,RN12,,,Nuit avec éclairage non allumé,Hors agglomération,Hors intersection,Normale,Deux véhicules - arrière,,,,,,,,,,,4,1,1,1.0,2
201200050118,0012-05-14 08:20:00,12,5,14,8,20,920,25,A86,,,Plein jour,Hors agglomération,Hors intersection,Normale,Trois véhicules et plus - en chaîne,,,,,,,,,,,1,1,1,1.0,4
201200050119,0012-05-14 19:30:00,12,5,14,19,30,780,297,RN12,,,Plein jour,Hors agglomération,Hors intersection,Normale,Autre collision,,,,,,,,,,,1,1,1,1.0,6
201200050120,0012-05-15 07:23:00,12,5,15,7,23,780,158,A13,,,Plein jour,Hors agglomération,Hors intersection,Normale,Deux véhicules - côté,,,,,,,,,,,1,1,1,1.0,3
201200050121,0012-05-15 12:30:00,12,5,15,12,30,920,47,A13,,,Plein jour,Hors agglomération,Hors intersection,Pluie légère,Deux véhicules - côté,,,,,,,,,,,1,1,1,2.0,3
201200050122,0012-05-15 19:30:00,12,5,15,19,30,920,64,A13,,,Plein jour,Hors agglomération,Hors intersection,Normale,Deux véhicules - arrière,,,,,,,,,,,1,1,1,1.0,2
201200050123,0012-05-15 20:23:00,12,5,15,20,23,920,64,A13,,,Plein jour,Hors agglomération,Hors intersection,Normale,Deux véhicules - côté,,,,,,,,,,,1,1,1,1.0,3
201200050124,0012-05-15 23:10:00,12,5,15,23,10,780,140,A13,,,Nuit sans éclairage public,Hors agglomération,Hors intersection,Normale,Deux véhicules - arrière,,,,,,,,,,,3,1,1,1.0,2
201200050125,0012-05-16 07:30:00,12,5,16,7,30,780,43,A12 W,,,Plein jour,Hors agglomération,Hors intersection,Normale,Trois véhicules et plus - collisions multiples,,,,,,,,,,,1,1,1,1.0,5
201200050126,0012-05-19 03:05:00,12,5,19,3,5,780,646,RN12,,,Nuit avec éclairage non allumé,Hors agglomération,Hors intersection,Normale,Autre collision,,,,,,,,,,,4,1,1,1.0,6
201200050127,0012-05-20 06:35:00,12,5,20,6,35,920,50,A14,,,Nuit avec éclairage allumé,Hors agglomération,Hors intersection,Normale,Deux véhicules - arrière,,,,,,,,,,,5,1,1,1.0,2
201200050128,0012-05-21 13:50:00,12,5,21,13,50,780,524,A13,,,Plein jour,Hors agglomération,Hors intersection,Pluie forte,Deux véhicules - côté,,,,,,,,,,,1,1,1,3.0,3
201200050129,0012-05-21 18:00:00,12,5,21,18,0,780,206,A13,,,Plein jour,Hors agglomération,Hors intersection,Pluie forte,Autre collision,,,,,,,,,,,1,1,1,3.0,6
201200050130,0012-05-22 16:40:00,12,5,22,16,40,920,25,A86,,,Plein jour,Hors agglomération,Hors intersection,Pluie légère,Trois véhicules et plus - en chaîne,,,,,,,,,,,1,1,1,2.0,4
201200050131,0012-05-23 08:14:00,12,5,23,8,14,920,50,A86,,,Plein jour,Hors agglomération,Hors intersection,Normale,Trois véhicules et plus - collisions multiples,,,,,,,,,,,1,1,1,1.0,5
201200050132,0012-05-23 16:40:00,12,5,23,16,40,780,158,A13,,,Plein jour,Hors agglomération,Hors intersection,Normale,Sans collision,,,,,,,,,,,1,1,1,1.0,7
201200050133,0012-05-24 16:59:00,12,5,24,16,59,750,116,A13W,,,Plein jour,Hors agglomération,Hors intersection,Normale,Deux véhicules - arrière,,,,,,,,,,,1,1,1,1.0,2
201200050134,0012-05-25 10:40:00,12,5,25,10,40,780,362,A13,,,Plein jour,Hors agglomération,Hors intersection,Normale,Autre collision,,,,,,,,,,,1,1,1,1.0,6
201200050135,0012-05-26 19:40:00,12,5,26,19,40,780,291,A13,,,Plein jour,Hors agglomération,Hors intersection,Normale,Deux véhicules - arrière,,,,,,,,,,,1,1,1,1.0,2
201200050136,0012-05-25 21:00:00,12,5,25,21,0,780,362,A13,,,Plein jour,Hors agglomération,Hors intersection,Normale,Autre collision,,,,,,,,,,,1,1,1,1.0,6
201200050137,0012-05-26 23:25:00,12,5,26,23,25,920,50,A14,,,Nuit avec éclairage allumé,Hors agglomération,Hors intersection,Normale,Sans collision,,,,,,,,,,,5,1,1,1.0,7
201200050138,0012-05-26 04:40:00,12,5,26,4,40,780,646,RN12,,,Nuit sans éclairage public,Hors agglomération,Hors intersection,Normale,Sans collision,,,,,,,,,,,3,1,1,1.0,7
201200050139,0012-05-26 09:20:00,12,5,26,9,20,780,238,A13,,,Plein jour,Hors agglomération,Hors intersection,Normale,Trois véhicules et plus - en chaîne,,,,,,,,,,,1,1,1,1.0,4
201200050140,0012-05-26 09:05:00,12,5,26,9,5,780,238,A13,,,Plein jour,Hors agglomération,Hors intersection,Normale,Deux véhicules - arrière,,,,,,,,,,,1,1,1,1.0,2
201200050141,0012-05-26 14:30:00,12,5,26,14,30,920,4,RN315 Y,,,Plein jour,Hors agglomération,Hors intersection,Temps éblouissant,Deux véhicules - arrière,,,,,,,,,,,1,1,1,7.0,2
201200050142,0012-05-27 07:59:00,12,5,27,7,59,780,322,RN12 EXT,,,Plein jour,Hors agglomération,Hors intersection,Normale,Autre collision,,,,,,,,,,,1,1,1,1.0,6
201200050143,0012-05-27 10:30:00,12,5,27,10,30,780,362,A13,,,Plein jour,Hors agglomération,Hors intersection,Normale,Trois véhicules et plus - en chaîne,,,,,,,,,,,1,1,1,1.0,4
201200050144,0012-05-27 16:25:00,12,5,27,16,25,780,640,A86 EXT,,,Plein jour,Hors agglomération,Hors intersection,Normale,Autre collision,,,,,,,,,,,1,1,1,1.0,6
201200050145,0012-05-28 12:45:00,12,5,28,12,45,920,48,N118,,,Plein jour,Hors agglomération,Hors intersection,Temps éblouissant,Trois véhicules et plus - en chaîne,,,,,,,,,,,1,1,1,7.0,4
201200050146,0012-05-29 19:00:00,12,5,29,19,0,750,116,A13W,,,Plein jour,Hors agglomération,Hors intersection,Normale,Deux véhicules - arrière,,,,,,,,,,,1,1,1,1.0,2
201200050147,0012-05-31 00:40:00,12,5,31,0,40,780,571,A13,,,Nuit sans éclairage public,Hors agglomération,Hors intersection,Pluie légère,Autre collision,,,,,,,,,,,3,1,1,2.0,6
201200050148,0012-05-31 19:20:00,12,5,31,19,20,920,60,RN385,,,Plein jour,Hors agglomération,Hors intersection,Normale,Sans collision,,,,,,,,,,,1,1,1,1.0,7
201200050149,0012-06-02 05:27:00,12,6,2,5,27,920,64,A13,,,Crépuscule ou aube,Hors agglomération,Hors intersection,Normale,Autre collision,,,,,,,,,,,2,1,1,1.0,6
201200050150,0012-06-02 14:10:00,12,6,2,14,10,780,90,A13,,,Plein jour,Hors agglomération,Hors intersection,Temps éblouissant,Autre collision,,,,,,,,,,,1,1,1,7.0,6
201200050151,0012-06-03 04:30:00,12,6,3,4,30,780,158,A13,,,Nuit sans éclairage public,Hors agglomération,Hors intersection,Pluie forte,Autre collision,,,,,,,,,,,3,1,1,3.0,6
201200050152,0012-06-04 00:37:00,12,6,4,0,37,780,431,A13,,,Nuit sans éclairage public,Hors agglomération,Hors intersection,Pluie forte,Autre collision,,,,,,,,,,,3,1,1,3.0,6
201200050153,0012-06-05 07:00:00,12,6,5,7,0,920,50,A86,,,Plein jour,Hors agglomération,Hors intersection,Normale,Deux véhicules - arrière,,,,,,,,,,,1,1,1,1.0,2
201200050154,0012-06-05 07:45:00,12,6,5,7,45,920,64,A13,,,Plein jour,Hors agglomération,Hors intersection,Normale,Deux véhicules - arrière,,,,,,,,,,,1,1,1,1.0,2
201200050155,0012-06-06 08:00:00,12,6,6,8,0,780,551,A14,,,Plein jour,Hors agglomération,Hors intersection,Normale,Deux véhicules - arrière,,,,,,,,,,,1,1,1,1.0,2
201200050156,0012-06-06 11:15:00,12,6,6,11,15,920,50,A86,,,Plein jour,Hors agglomération,Hors intersection,Normale,Deux véhicules - arrière,,,,,,,,,,,1,1,1,1.0,2
201200050157,0012-06-06 11:45:00,12,6,6,11,45,920,50,A86,,,Plein jour,Hors agglomération,Hors intersection,Normale,Autre collision,,,,,,,,,,,1,1,1,1.0,6
201200050158,0012-06-06 17:15:00,12,6,6,17,15,780,217,A13,,,Plein jour,Hors agglomération,Hors intersection,Temps couvert,Sans collision,,,,,,,,,,,1,1,1,8.0,7
201200050159,0012-06-07 09:39:00,12,6,7,9,39,920,36,A86,,,Plein jour,Hors agglomération,Hors intersection,Normale,Deux véhicules - côté,,,,,,,,,,,1,1,1,1.0,3
201200050160,0012-06-07 14:22:00,12,6,7,14,22,920,36,A86,,,Plein jour,Hors agglomération,Hors intersection,Pluie forte,Trois véhicules et plus - en chaîne,,,,,,,,,,,1,1,1,3.0,4
201200050161,0012-06-07 16:20:00,12,6,7,16,20,920,36,RN315 Y,,,Plein jour,Hors agglomération,Hors intersection,Normale,Autre collision,,,,,,,,,,,1,1,1,1.0,6
201200050162,0012-06-07 19:11:00,12,6,7,19,11,920,36,A86,,,Plein jour,Hors agglomération,Hors intersection,Normale,Deux véhicules - arrière,,,,,,,,,,,1,1,1,1.0,2
201200050163,0012-06-08 08:49:00,12,6,8,8,49,780,571,A13,,,Plein jour,Hors agglomération,Hors intersection,Temps couvert,Deux véhicules - arrière,,,,,,,,,,,1,1,1,8.0,2
201200050164,0012-06-08 08:45:00,12,6,8,8,45,920,63,A86,,,Plein jour,Hors agglomération,Hors intersection,Temps couvert,Autre collision,,,,,,,,,,,1,1,1,8.0,6
201200050165,0012-06-10 09:55:00,12,6,10,9,55,780,466,A13,,,Plein jour,Hors agglomération,Hors intersection,Temps couvert,Autre collision,,,,,,,,,,,1,1,1,8.0,6
201200050166,0012-06-10 20:50:00,12,6,10,20,50,780,524,A13,,,Plein jour,Hors agglomération,Hors intersection,Pluie légère,Autre collision,,,,,,,,,,,1,1,1,2.0,6
201200050167,0012-06-11 08:45:00,12,6,11,8,45,920,47,A13,,,Plein jour,Hors agglomération,Hors intersection,Pluie légère,Deux véhicules - arrière,,,,,,,,,,,1,1,1,2.0,2
201200050168,0012-06-11 14:50:00,12,6,11,14,50,920,63,A86,,,Plein jour,Hors agglomération,Hors intersection,Normale,Autre collision,,,,,,,,,,,1,1,1,1.0,6
201200050169,0012-06-11 16:20:00,12,6,11,16,20,780,118,A13,,,Plein jour,Hors agglomération,Hors intersection,Normale,Trois véhicules et plus - collisions multiples,,,,,,,,,,,1,1,1,1.0,5
201200050170,0012-06-11 18:50:00,12,6,11,18,50,780,206,A13,,,Plein jour,Hors agglomération,Hors intersection,Normale,Deux véhicules - arrière,,,,,,,,,,,1,1,1,1.0,2
201200050171,0012-06-12 17:40:00,12,6,12,17,40,920,25,A86,,,Plein jour,Hors agglomération,Hors intersection,Temps couvert,Autre collision,,,,,,,,,,,1,1,1,8.0,6
201200050172,0012-06-12 17:40:00,12,6,12,17,40,920,72,N118,,,Plein jour,Hors agglomération,Hors intersection,Pluie légère,Sans collision,,,,,,,,,,,1,1,1,2.0,7
201200050173,0012-06-13 14:50:00,12,6,13,14,50,780,126,A13,,,Plein jour,Hors agglomération,Hors intersection,Normale,Trois véhicules et plus - collisions multiples,,,,,,,,,,,1,1,1,1.0,5
201200050174,0012-06-13 20:55:00,12,6,13,20,55,780,423,A12 W,,,Crépuscule ou aube,Hors agglomération,Hors intersection,Temps couvert,Autre collision,,,,,,,,,,,2,1,1,8.0,6
201200050175,0012-06-14 02:50:00,12,6,14,2,50,780,640,A86 EXT,,,Nuit avec éclairage allumé,Hors agglomération,Hors intersection,Normale,Sans collision,,,,,,,,,,,5,1,1,1.0,7
201200050176,0012-06-14 14:06:00,12,6,14,14,6,780,498,A13,,,Plein jour,Hors agglomération,Hors intersection,Normale,Deux véhicules - côté,,,,,,,,,,,1,1,1,1.0,3
201200050177,0012-06-14 16:46:00,12,6,14,16,46,780,640,A86 INT,,,Plein jour,Hors agglomération,Hors intersection,Normale,Trois véhicules et plus - en chaîne,,,,,,,,,,,1,1,1,1.0,4
201200050178,0012-06-14 17:50:00,12,6,14,17,50,780,545,RN12,,,Plein jour,Hors agglomération,Hors intersection,Normale,Deux véhicules - côté,,,,,,,,,,,1,1,1,1.0,3
201200050179,0012-06-16 12:30:00,12,6,16,12,30,920,48,N118,,,Plein jour,Hors agglomération,Hors intersection,Pluie légère,Deux véhicules - côté,,,,,,,,,,,1,1,1,2.0,3
201200050180,0012-06-16 15:30:00,12,6,16,15,30,780,640,A86 EXT,,,Plein jour,Hors agglomération,Hors intersection,Normale,Sans collision,,,,,,,,,,,1,1,1,1.0,7
201200050181,0012-06-17 00:50:00,12,6,17,0,50,780,206,A13,,,Nuit avec éclairage non allumé,Hors agglomération,Hors intersection,Temps couvert,Autre collision,,,,,,,,,,,4,1,1,8.0,6
201200050182,0012-06-18 05:05:00,12,6,18,5,5,780,498,A13,,,Nuit sans éclairage public,Hors agglomération,Hors intersection,Pluie forte,Autre collision,,,,,,,,,,,3,1,1,3.0,6
201200050183,0012-06-19 18:12:00,12,6,19,18,12,780,423,RN12,,,Plein jour,Hors agglomération,Hors intersection,Normale,Deux véhicules - côté,,,,,,,,,,,1,1,1,1.0,3
201200050184,0012-06-17 18:50:00,12,6,17,18,50,780,291,A13,,,Plein jour,Hors agglomération,Hors intersection,Normale,Deux véhicules - arrière,,,,,,,,,,,1,1,1,1.0,2
201200050185,0012-06-20 18:15:00,12,6,20,18,15,780,238,A13,,,Plein jour,Hors agglomération,Hors intersection,Normale,Trois véhicules et plus - collisions multiples,,,,,,,,,,,1,1,1,1.0,5
201200050186,0012-06-21 00:53:00,12,6,21,0,53,780,238,A13,,,Nuit sans éclairage public,Hors agglomération,Hors intersection,Normale,Deux véhicules - côté,,,,,,,,,,,3,1,1,1.0,3
201200050187,0012-06-22 07:50:00,12,6,22,7,50,780,640,A86 EXT,,,Plein jour,Hors agglomération,Hors intersection,Normale,Deux véhicules - côté,,,,,,,,,,,1,1,1,1.0,3
201200050188,0012-06-22 13:50:00,12,6,22,13,50,920,51,RN13,,,Plein jour,Hors agglomération,Hors intersection,Temps éblouissant,Autre collision,,,,,,,,,,,1,1,1,7.0,6
201200050189,0012-06-22 16:40:00,12,6,22,16,40,780,43,A12 W,,,Plein jour,Hors agglomération,Hors intersection,Normale,Deux véhicules - côté,,,,,,,,,,,1,1,1,1.0,3
201200050190,0012-06-23 11:00:00,12,6,23,11,0,920,36,RN315 Y,,,Plein jour,Hors agglomération,Hors intersection,Normale,Autre collision,,,,,,,,,,,1,1,1,1.0,6
201200050191,0012-06-24 01:55:00,12,6,24,1,55,920,36,A86,,,Nuit sans éclairage public,Hors agglomération,Hors intersection,Normale,Sans collision,,,,,,,,,,,3,1,1,1.0,7
201200050192,0012-06-25 07:00:00,12,6,25,7,0,920,47,A13,,,Plein jour,Hors agglomération,Hors intersection,Temps couvert,Trois véhicules et plus - collisions multiples,,,,,,,,,,,1,1,1,8.0,5
201200050193,0012-06-25 07:40:00,12,6,25,7,40,780,423,N12W,,,Plein jour,Hors agglomération,Hors intersection,Normale,Trois véhicules et plus - collisions multiples,,,,,,,,,,,1,1,1,1.0,5
201200050194,0012-06-25 14:40:00,12,6,25,14,40,780,43,A13W,,,Plein jour,Hors agglomération,Hors intersection,Normale,Deux véhicules - côté,,,,,,,,,,,1,1,1,1.0,3
201200050195,0012-06-26 07:45:00,12,6,26,7,45,780,640,N118,,,Plein jour,Hors agglomération,Hors intersection,Pluie forte,Sans collision,,,,,,,,,,,1,1,1,3.0,7
201200050196,0012-06-26 08:36:00,12,6,26,8,36,920,36,A86,,,Plein jour,Hors agglomération,Hors intersection,Pluie légère,Deux véhicules - frontale,,,,,,,,,,,1,1,1,2.0,1
201200050197,0012-06-27 11:45:00,12,6,27,11,45,780,524,A13,,,Plein jour,Hors agglomération,Hors intersection,Normale,Autre collision,,,,,,,,,,,1,1,1,1.0,6
201200050198,0012-06-27 19:00:00,12,6,27,19,0,780,322,RN12 EXT,,,Plein jour,Hors agglomération,Hors intersection,Normale,Deux véhicules - arrière,,,,,,,,,,,1,1,1,1.0,2
201200050199,0012-06-28 08:05:00,12,6,28,8,5,780,140,A13,,,Plein jour,Hors agglomération,Hors intersection,Normale,Deux véhicules - arrière,,,,,,,,,,,1,1,1,1.0,2
201200050200,0012-06-29 16:58:00,12,6,29,16,58,920,50,A86,,,Plein jour,Hors agglomération,Hors intersection,Normale,Deux véhicules - arrière,,,,,,,,,,,1,1,1,1.0,2
201200050201,0012-06-29 20:50:00,12,6,29,20,50,780,242,A12 Y,,,Plein jour,Hors agglomération,Hors intersection,Normale,Deux véhicules - côté,,,,,,,,,,,1,1,1,1.0,3
201200050202,0012-06-30 15:30:00,12,6,30,15,30,780,646,RN12,,,Plein jour,Hors agglomération,Hors intersection,Normale,Autre collision,,,,,,,,,,,1,1,1,1.0,6
201200050203,0012-06-30 22:55:00,12,6,30,22,55,920,64,A13,,,Nuit avec éclairage non allumé,Hors agglomération,Hors intersection,Normale,Sans collision,,,,,,,,,,,4,1,1,1.0,7
201200050204,0012-07-01 07:06:00,12,7,1,7,6,920,47,A13,,,Plein jour,Hors agglomération,Hors intersection,Normale,Autre collision,,,,,,,,,,,1,1,1,1.0,6
201200050205,0012-07-02 07:15:00,12,7,2,7,15,780,158,A13,,,Plein jour,Hors agglomération,Hors intersection,Normale,Deux véhicules - arrière,,,,,,,,,,,1,1,1,1.0,2
201200050206,0012-07-02 15:30:00,12,7,2,15,30,780,490,RN12 INT,,,Plein jour,Hors agglomération,Hors intersection,Normale,Deux véhicules - arrière,,,,,,,,,,,1,1,1,1.0,2
201200050207,0012-07-03 16:50:00,12,7,3,16,50,780,455,A13,,,Plein jour,Hors agglomération,Hors intersection,Normale,Deux véhicules - côté,,,,,,,,,,,1,1,1,1.0,3
201200050208,0012-07-03 17:55:00,12,7,3,17,55,780,524,A13,,,Plein jour,Hors agglomération,Hors intersection,Normale,Deux véhicules - arrière,,,,,,,,,,,1,1,1,1.0,2
201200050209,0012-07-04 08:55:00,12,7,4,8,55,920,25,A86,,,Plein jour,Hors agglomération,Hors intersection,Normale,Trois véhicules et plus - en chaîne,,,,,,,,,,,1,1,1,1.0,4
201200050210,0012-07-05 07:25:00,12,7,5,7,25,780,206,A13,,,Plein jour,Hors agglomération,Hors intersection,Normale,Deux véhicules - arrière,,,,,,,,,,,1,1,1,1.0,2
201200050211,0012-07-05 07:50:00,12,7,5,7,50,780,322,RN12 EXT,,,Plein jour,Hors agglomération,Hors intersection,Normale,Deux véhicules - côté,,,,,,,,,,,1,1,1,1.0,3
201200050212,0012-07-05 12:50:00,12,7,5,12,50,780,43,A13W,,,Plein jour,Hors agglomération,Hors intersection,Normale,Deux véhicules - côté,,,,,,,,,,,1,1,1,1.0,3
201200050213,0012-07-08 07:00:00,12,7,8,7,0,920,25,A86,,,Plein jour,Hors agglomération,Hors intersection,Pluie forte,Deux véhicules - arrière,,,,,,,,,,,1,1,1,3.0,2
201200050214,0012-07-09 14:35:00,12,7,9,14,35,920,62,RN1014 W,,,Plein jour,Hors agglomération,Hors intersection,Normale,Deux véhicules - arrière,,,,,,,,,,,1,1,1,1.0,2
201200050215,0012-07-10 17:50:00,12,7,10,17,50,920,63,A86,,,Plein jour,Hors agglomération,Hors intersection,Normale,Autre collision,,,,,,,,,,,1,1,1,1.0,6
201200050216,0012-07-11 09:05:00,12,7,11,9,5,920,72,N118,,,Plein jour,Hors agglomération,Hors intersection,Temps couvert,Autre collision,,,,,,,,,,,1,1,1,8.0,6
201200050217,0012-07-12 12:25:00,12,7,12,12,25,780,524,A13,,,Plein jour,Hors agglomération,Hors intersection,Normale,Autre collision,,,,,,,,,,,1,1,1,1.0,6
201200050218,0012-07-12 17:54:00,12,7,12,17,54,780,640,A86 INT,,,Plein jour,Hors agglomération,Hors intersection,Pluie légère,Deux véhicules - arrière,,,,,,,,,,,1,1,1,2.0,2
201200050219,0012-07-14 11:10:00,12,7,14,11,10,780,545,A12 Y,,,Plein jour,Hors agglomération,Hors intersection,Normale,Deux véhicules - arrière,,,,,,,,,,,1,1,1,1.0,2
201200050220,0012-07-15 10:15:00,12,7,15,10,15,780,423,RN12,,,Plein jour,Hors agglomération,Hors intersection,Normale,Deux véhicules - arrière,,,,,,,,,,,1,1,1,1.0,2
201200050221,0012-07-16 18:45:00,12,7,16,18,45,920,50,A14,,,Plein jour,Hors agglomération,Hors intersection,Normale,Sans collision,,,,,,,,,,,1,1,1,1.0,7
201200050222,0012-07-17 10:10:00,12,7,17,10,10,920,50,A14,,,Nuit avec éclairage allumé,Hors agglomération,Hors intersection,Normale,Deux véhicules - côté,,,,,,,,,,,5,1,1,1.0,3
201200050223,0012-07-18 09:00:00,12,7,18,9,0,920,51,RN13,,,Plein jour,Hors agglomération,Hors intersection,Normale,Sans collision,,,,,,,,,,,1,1,1,1.0,7
201200050224,0012-07-19 02:10:00,12,7,19,2,10,920,76,A86 DUPLEX,,,Nuit avec éclairage allumé,Hors agglomération,Hors intersection,Normale,Autre collision,,,,,,,,,,,5,1,1,1.0,6