accident_id,datetime,annee,mois,jour,heure,minute,departement,commune_insee,adresse,latitude,longitude,luminosite,agglomeration,intersection,meteo,collision,nb_vehicules,nb_usagers,nb_indemnes,nb_tues,nb_blesses_hosp,nb_blesses_legers,age_cond_1,age_cond_2,veh_type_cond_1,veh_type_cond_2,lum_code,agg_code,int_code,atm_code,col_code
201200050225,0012-07-19 10:00:00,12,7,19,10,0,780,133,A13,,,Plein jour,Hors agglomération,Hors intersection,Normale,Autre collision,,,,,,,,,,,1,1,1,1.0,6
201200050226,0012-07-19 17:40:00,12,7,19,17,40,920,50,A86,,,Plein jour,Hors agglomération,Hors intersection,Normale,Deux véhicules - arrière,,,,,,,,,,,1,1,1,1.0,2
201200050227,0012-07-20 03:00:00,12,7,20,3,0,780,640,A86 EXT,,,Nuit avec éclairage non allumé,Hors agglomération,Hors intersection,Normale,Autre collision,,,,,,,,,,,4,1,1,1.0,6
201200050228,0012-07-21 04:40:00,12,7,21,4,40,920,50,A86,,,Nuit sans éclairage public,Hors agglomération,Hors intersection,Normale,Deux véhicules - arrière,,,,,,,,,,,3,1,1,1.0,2
201200050229,0012-07-21 09:55:00,12,7,21,9,55,920,60,RN385,,,Plein jour,Hors agglomération,Hors intersection,Normale,Autre collision,,,,,,,,,,,1,1,1,1.0,6
201200050230,0012-07-22 06:15:00,12,7,22,6,15,780,646,RN12,,,Crépuscule ou aube,Hors agglomération,Hors intersection,Normale,Autre collision,,,,,,,,,,,2,1,1,1.0,6
201200050231,0012-07-23 10:15:00,12,7,23,10,15,780,140,A13,,,Plein jour,Hors agglomération,Hors intersection,Normale,Deux véhicules - arrière,,,,,,,,,,,1,1,1,1.0,2
201200050232,0012-07-23 14:30:00,12,7,23,14,30,780,466,A13,,,Plein jour,Hors agglomération,Hors intersection,Normale,Deux véhicules - côté,,,,,,,,,,,1,1,1,1.0,3
201200050233,0012-07-23 15:41:00,12,7,23,15,41,780,402,A13,,,Plein jour,Hors agglomération,Hors intersection,Normale,Trois véhicules et plus - collisions multiples,,,,,,,,,,,1,1,1,1.0,5
201200050234,0012-07-23 19:22:00,12,7,23,19,22,780,73,A12 Y,,,Plein jour,Hors agglomération,Hors intersection,Normale,Autre collision,,,,,,,,,,,1,1,1,1.0,6
201200050235,0012-07-24 13:40:00,12,7,24,13,40,920,64,A13,,,Plein jour,Hors agglomération,Hors intersection,Normale,Deux véhicules - côté,,,,,,,,,,,1,1,1,1.0,3
201200050236,0012-07-24 18:30:00,12,7,24,18,30,780,455,A13,,,Plein jour,Hors agglomération,Hors intersection,Normale,Deux véhicules - côté,,,,,,,,,,,1,1,1,1.0,3
201200050237,0012-07-25 07:30:00,12,7,25,7,30,920,64,A13,,,Plein jour,Hors agglomération,Hors intersection,Normale,Deux véhicules - côté,,,,,,,,,,,1,1,1,1.0,3
201200050238,0012-07-25 09:55:00,12,7,25,9,55,780,242,A12 W,,,Plein jour,Hors agglomération,Hors intersection,Normale,Deux véhicules - côté,,,,,,,,,,,1,1,1,1.0,3
201200050239,0012-07-25 12:50:00,12,7,25,12,50,920,64,A13,,,Plein jour,Hors agglomération,Hors intersection,Normale,Deux véhicules - arrière,,,,,,,,,,,1,1,1,1.0,2
201200050240,0012-07-26 09:00:00,12,7,26,9,0,920,25,A86,,,Plein jour,Hors agglomération,Hors intersection,Normale,Sans collision,,,,,,,,,,,1,1,1,1.0,7
201200050241,0012-07-26 10:35:00,12,7,26,10,35,780,418,A14,,,Plein jour,Hors agglomération,Hors intersection,Normale,Deux véhicules - côté,,,,,,,,,,,1,1,1,1.0,3
201200050242,0012-07-26 10:39:00,12,7,26,10,39,920,25,A86,,,Plein jour,Hors agglomération,Hors intersection,Normale,Trois véhicules et plus - collisions multiples,,,,,,,,,,,1,1,1,1.0,5
201200050243,0012-07-26 15:40:00,12,7,26,15,40,780,396,A14,,,Plein jour,Hors agglomération,Hors intersection,Normale,Autre collision,,,,,,,,,,,1,1,1,1.0,6
201200050244,0012-07-26 19:55:00,12,7,26,19,55,920,36,A86,,,Plein jour,Hors agglomération,Hors intersection,Normale,Autre collision,,,,,,,,,,,1,1,1,1.0,6
201200050245,0012-07-27 14:00:00,12,7,27,14,0,920,26,RN192,,,Plein jour,Hors agglomération,Hors intersection,Normale,Trois véhicules et plus - collisions multiples,,,,,,,,,,,1,1,1,1.0,5
201200050246,0012-07-27 15:00:00,12,7,27,15,0,780,7,A13 Y,,,Plein jour,Hors agglomération,Hors intersection,Pluie forte,Autre collision,,,,,,,,,,,1,1,1,3.0,6
201200050247,0012-07-27 19:35:00,12,7,27,19,35,920,36,A86,,,Plein jour,Hors agglomération,Hors intersection,Normale,Trois véhicules et plus - collisions multiples,,,,,,,,,,,1,1,1,1.0,5
201200050248,0012-07-28 09:00:00,12,7,28,9,0,780,217,A13,,,Plein jour,Hors agglomération,Hors intersection,Temps couvert,Autre collision,,,,,,,,,,,1,1,1,8.0,6
201200050249,0012-07-29 01:05:00,12,7,29,1,5,920,36,A86,,,Nuit avec éclairage non allumé,Hors agglomération,Hors intersection,Temps couvert,Autre collision,,,,,,,,,,,4,1,1,8.0,6
201200050250,0012-07-29 21:28:00,12,7,29,21,28,780,418,A14,,,Crépuscule ou aube,Hors agglomération,Hors intersection,Pluie légère,Autre collision,,,,,,,,,,,2,1,1,2.0,6
201200050251,0012-07-30 07:30:00,12,7,30,7,30,920,64,A13,,,Plein jour,Hors agglomération,Hors intersection,Normale,Deux véhicules - arrière,,,,,,,,,,,1,1,1,1.0,2
201200050252,0012-07-30 08:30:00,12,7,30,8,30,780,126,A13,,,Plein jour,Hors agglomération,Hors intersection,Normale,Deux véhicules - côté,,,,,,,,,,,1,1,1,1.0,3
201200050253,0012-07-30 19:47:00,12,7,30,19,47,920,12,A13,,,Plein jour,Hors agglomération,Hors intersection,Normale,Deux véhicules - arrière,,,,,,,,,,,1,1,1,1.0,2
201200050254,0012-07-31 09:43:00,12,7,31,9,43,920,36,RN315 W,,,Plein jour,Hors agglomération,Hors intersection,Normale,Deux véhicules - arrière,,,,,,,,,,,1,1,1,1.0,2
201200050255,0012-08-01 09:32:00,12,8,1,9,32,780,297,RN12,,,Plein jour,Hors agglomération,Hors intersection,Normale,Deux véhicules - côté,,,,,,,,,,,1,1,1,1.0,3
201200050256,0012-08-01 11:35:00,12,8,1,11,35,920,36,A86,,,Plein jour,Hors agglomération,Hors intersection,Normale,Sans collision,,,,,,,,,,,1,1,1,1.0,7
201200050257,0012-08-04 00:01:00,12,8,4,0,1,920,50,A86,,,Nuit avec éclairage allumé,Hors agglomération,Intersection en Y,Normale,Deux véhicules - arrière,,,,,,,,,,,5,1,4,1.0,2
201200050258,0012-08-06 06:15:00,12,8,6,6,15,920,64,A13,,,Crépuscule ou aube,Hors agglomération,Hors intersection,Normale,Autre collision,,,,,,,,,,,2,1,1,1.0,6
201200050259,0012-08-07 08:00:00,12,8,7,8,0,920,25,A86,,,Plein jour,Hors agglomération,Hors intersection,Normale,Deux véhicules - arrière,,,,,,,,,,,1,1,1,1.0,2
201200050260,0012-08-07 08:20:00,12,8,7,8,20,780,646,RN186 INT,,,Plein jour,Hors agglomération,Hors intersection,Normale,Autre collision,,,,,,,,,,,1,1,1,1.0,6
201200050261,0012-08-09 01:42:00,12,8,9,1,42,780,466,A13,,,Nuit avec éclairage non allumé,Hors agglomération,Hors intersection,Normale,Deux véhicules - côté,,,,,,,,,,,4,1,1,1.0,3
201200050262,0012-08-11 09:52:00,12,8,11,9,52,780,646,RN12,,,Plein jour,Hors agglomération,Hors intersection,Normale,Autre collision,,,,,,,,,,,1,1,1,1.0,6
201200050263,0012-08-12 18:20:00,12,8,12,18,20,780,133,A13,,,Plein jour,Hors agglomération,Hors intersection,Normale,Trois véhicules et plus - collisions multiples,,,,,,,,,,,1,1,1,1.0,5
201200050264,0012-08-13 11:29:00,12,8,13,11,29,920,48,N118,,,Plein jour,Hors agglomération,Hors intersection,Normale,Autre collision,,,,,,,,,,,1,1,1,1.0,6
201200050265,0012-08-14 14:26:00,12,8,14,14,26,780,140,A13,,,Plein jour,Hors agglomération,Hors intersection,Normale,Autre collision,,,,,,,,,,,1,1,1,1.0,6
201200050266,0012-08-15 07:00:00,12,8,15,7,0,780,217,A13,,,Crépuscule ou aube,Hors agglomération,Hors intersection,Normale,Autre collision,,,,,,,,,,,2,1,1,1.0,6
201200050267,0012-08-16 16:35:00,12,8,16,16,35,780,29,A13Y,,,Plein jour,Hors agglomération,Hors intersection,Normale,Deux véhicules - arrière,,,,,,,,,,,1,1,1,1.0,2
201200050268,0012-08-19 20:00:00,12,8,19,20,0,920,64,A13,,,Crépuscule ou aube,Hors agglomération,Hors intersection,Normale,Trois véhicules et plus - collisions multiples,,,,,,,,,,,2,1,1,1.0,5
201200050269,0012-08-20 17:45:00,12,8,20,17,45,920,50,A86,,,Plein jour,Hors agglomération,Hors intersection,Normale,Trois véhicules et plus - collisions multiples,,,,,,,,,,,1,1,1,1.0,5
201200050270,0012-08-20 20:30:00,12,8,20,20,30,920,51,RN13,,,Nuit avec éclairage allumé,Hors agglomération,Hors intersection,Normale,Autre collision,,,,,,,,,,,5,1,1,1.0,6
201200050271,0012-08-21 19:20:00,12,8,21,19,20,780,217,A13,,,Plein jour,Hors agglomération,Hors intersection,Normale,Autre collision,,,,,,,,,,,1,1,1,1.0,6
201200050272,0012-08-23 07:10:00,12,8,23,7,10,920,63,A86,,,Crépuscule ou aube,Hors agglomération,Hors intersection,Normale,Sans collision,,,,,,,,,,,2,1,1,1.0,7
201200050273,0012-08-23 11:25:00,12,8,23,11,25,920,50,A86,,,Plein jour,Hors agglomération,Hors intersection,Normale,Autre collision,,,,,,,,,,,1,1,1,1.0,6
201200050274,0012-08-24 14:00:00,12,8,24,14,0,780,29,A13W,,,Plein jour,Hors agglomération,Hors intersection,Normale,Autre collision,,,,,,,,,,,1,1,1,1.0,6
201200050275,0012-08-25 01:40:00,12,8,25,1,40,780,466,A13,,,Nuit avec éclairage allumé,Hors agglomération,Hors intersection,Normale,Autre collision,,,,,,,,,,,5,1,1,1.0,6
201200050276,0012-08-25 14:25:00,12,8,25,14,25,780,646,RN12,,,Plein jour,Hors agglomération,Hors intersection,Normale,Autre collision,,,,,,,,,,,1,1,1,1.0,6
201200050277,0012-08-29 16:45:00,12,8,29,16,45,780,29,A13Y,,,Plein jour,Hors agglomération,Hors intersection,Normale,Autre collision,,,,,,,,,,,1,1,1,1.0,6
201200050278,0012-08-30 07:39:00,12,8,30,7,39,780,242,A12 W,,,Plein jour,Hors agglomération,Hors intersection,Normale,Deux véhicules - côté,,,,,,,,,,,1,1,1,1.0,3
201200050279,0012-08-30 08:15:00,12,8,30,8,15,780,423,RN12,,,Plein jour,Hors agglomération,Intersection en Y,Normale,Deux véhicules - arrière,,,,,,,,,,,1,1,4,1.0,2
201200050280,0012-08-30 17:45:00,12,8,30,17,45,780,43,A12 Y,,,Plein jour,Hors agglomération,Hors intersection,Normale,Autre collision,,,,,,,,,,,1,1,1,1.0,6
201200050281,0012-08-30 18:00:00,12,8,30,18,0,920,48,N118,,,Plein jour,Hors agglomération,Hors intersection,Pluie légère,Deux véhicules - arrière,,,,,,,,,,,1,1,1,2.0,2
201200050282,0012-08-30 18:15:00,12,8,30,18,15,920,72,N118,,,Plein jour,Hors agglomération,Hors intersection,Pluie légère,Sans collision,,,,,,,,,,,1,1,1,2.0,7
201200050283,0012-08-31 09:07:00,12,8,31,9,7,920,62,RN1013,,,Plein jour,Hors agglomération,Hors intersection,Normale,Deux véhicules - arrière,,,,,,,,,,,1,1,1,1.0,2
201200050284,0012-08-31 09:30:00,12,8,31,9,30,780,640,A86 INT,,,Plein jour,Hors agglomération,Hors intersection,Normale,Deux véhicules - arrière,,,,,,,,,,,1,1,1,1.0,2
201200050285,0012-08-31 19:30:00,12,8,31,19,30,780,90,A13,,,Plein jour,Hors agglomération,Hors intersection,Normale,Trois véhicules et plus - collisions multiples,,,,,,,,,,,1,1,1,1.0,5
201200050286,0012-09-03 16:25:00,12,9,3,16,25,780,545,A12 Y,,,Plein jour,Hors agglomération,Hors intersection,Normale,Trois véhicules et plus - en chaîne,,,,,,,,,,,1,1,1,1.0,4
201200050287,0012-09-03 17:24:00,12,9,3,17,24,780,362,A13,,,Plein jour,Hors agglomération,Hors intersection,Temps couvert,Deux véhicules - côté,,,,,,,,,,,1,1,1,8.0,3
201200050288,0012-09-04 17:30:00,12,9,4,17,30,780,73,A12 W,,,Plein jour,Hors agglomération,Hors intersection,Normale,Deux véhicules - arrière,,,,,,,,,,,1,1,1,1.0,2
201200050289,0012-09-05 07:07:00,12,9,5,7,7,780,524,A13,,,Plein jour,Hors agglomération,Hors intersection,Normale,Sans collision,,,,,,,,,,,1,1,1,1.0,7
201200050290,0012-09-06 01:05:00,12,9,6,1,5,920,48,N118,,,Nuit avec éclairage allumé,Hors agglomération,Hors intersection,Normale,Sans collision,,,,,,,,,,,5,1,1,1.0,7
201200050291,0012-09-06 08:45:00,12,9,6,8,45,920,48,N118,,,Plein jour,Hors agglomération,Hors intersection,Normale,Deux véhicules - frontale,,,,,,,,,,,1,1,1,1.0,1
201200050292,0012-09-06 11:07:00,12,9,6,11,7,780,402,A13,,,Plein jour,Hors agglomération,Hors intersection,Normale,Deux véhicules - côté,,,,,,,,,,,1,1,1,1.0,3
201200050293,0012-09-06 14:45:00,12,9,6,14,45,920,63,A86,,,Plein jour,Hors agglomération,Hors intersection,Normale,Deux véhicules - arrière,,,,,,,,,,,1,1,1,1.0,2
201200050294,0012-09-06 14:51:00,12,9,6,14,51,920,25,A86,,,Plein jour,Hors agglomération,Hors intersection,Normale,Deux véhicules - arrière,,,,,,,,,,,1,1,1,1.0,2
201200050295,0012-09-06 18:51:00,12,9,6,18,51,780,640,A86 INT,,,Plein jour,Hors agglomération,Hors intersection,Normale,Deux véhicules - arrière,,,,,,,,,,,1,1,1,1.0,2
201200050296,0012-09-07 19:15:00,12,9,7,19,15,920,36,A86,,,Plein jour,Hors agglomération,Hors intersection,Normale,Trois véhicules et plus - en chaîne,,,,,,,,,,,1,1,1,1.0,4
201200050297,0012-09-07 08:51:00,12,9,7,8,51,780,322,RN12 EXT,,,Plein jour,Hors agglomération,Hors intersection,Normale,Trois véhicules et plus - en chaîne,,,,,,,,,,,1,1,1,1.0,4
201200050298,0012-09-07 16:00:00,12,9,7,16,0,920,36,A86,,,Plein jour,Hors agglomération,Hors intersection,Normale,Deux véhicules - côté,,,,,,,,,,,1,1,1,1.0,3
201200050299,0012-09-07 23:45:00,12,9,7,23,45,780,90,A13,,,Nuit avec éclairage allumé,Hors agglomération,Hors intersection,Normale,Autre collision,,,,,,,,,,,5,1,1,1.0,6
201200050300,0012-09-08 11:50:00,12,9,8,11,50,780,206,A13,,,Plein jour,Hors agglomération,Hors intersection,Normale,Deux véhicules - arrière,,,,,,,,,,,1,1,1,1.0,2
201200050301,0012-09-09 17:24:00,12,9,9,17,24,920,63,A86,,,Plein jour,Hors agglomération,Hors intersection,Normale,Deux véhicules - frontale,,,,,,,,,,,1,1,1,1.0,1
201200050302,0012-09-09 07:40:00,12,9,9,7,40,920,50,A14,,,Plein jour,Hors agglomération,Hors intersection,Normale,Sans collision,,,,,,,,,,,1,1,1,1.0,7
201200050303,0012-09-09 19:40:00,12,9,9,19,40,780,640,A86 EXT,,,Plein jour,Hors agglomération,Hors intersection,Normale,Deux véhicules - arrière,,,,,,,,,,,1,1,1,1.0,2
201200050304,0012-09-11 11:00:00,12,9,11,11,0,920,36,A86,,,Plein jour,Hors agglomération,Hors intersection,Temps couvert,Deux véhicules - arrière,,,,,,,,,,,1,1,1,8.0,2
201200050305,0012-09-11 15:00:00,12,9,11,15,0,780,431,A13,,,Plein jour,Hors agglomération,Hors intersection,Pluie forte,Sans collision,,,,,,,,,,,1,1,1,3.0,7
201200050306,0012-09-12 14:00:00,12,9,12,14,0,780,158,A13,,,Plein jour,Hors agglomération,Hors intersection,Normale,Sans collision,,,,,,,,,,,1,1,1,1.0,7
201200050307,0012-09-13 08:03:00,12,9,13,8,3,780,291,A13,,,Plein jour,Hors agglomération,Hors intersection,Normale,Trois véhicules et plus - en chaîne,,,,,,,,,,,1,1,1,1.0,4
201200050308,0012-09-13 08:25:00,12,9,13,8,25,920,25,A86,,,Plein jour,Hors agglomération,Hors intersection,Normale,Deux véhicules - côté,,,,,,,,,,,1,1,1,1.0,3
201200050309,0012-09-13 08:35:00,12,9,13,8,35,920,48,N118,,,Plein jour,Hors agglomération,Hors intersection,Normale,Deux véhicules - côté,,,,,,,,,,,1,1,1,1.0,3
201200050310,0012-09-13 17:40:00,12,9,13,17,40,920,25,A86,,,Plein jour,Hors agglomération,Hors intersection,Normale,Trois véhicules et plus - collisions multiples,,,,,,,,,,,1,1,1,1.0,5
201200050311,0012-09-14 15:45:00,12,9,14,15,45,780,490,RN12 EXT,,,Plein jour,Hors agglomération,Hors intersection,Normale,Autre collision,,,,,,,,,,,1,1,1,1.0,6
201200050312,0012-09-14 19:00:00,12,9,14,19,0,920,51,RN13,,,Plein jour,Hors agglomération,Hors intersection,Normale,Deux véhicules - arrière,,,,,,,,,,,1,1,1,1.0,2
201200050313,0012-09-14 20:15:00,12,9,14,20,15,920,50,A86,,,Crépuscule ou aube,Hors agglomération,Hors intersection,Normale,Trois véhicules et plus - en chaîne,,,,,,,,,,,2,1,1,1.0,4
201200050314,0012-09-15 16:20:00,12,9,15,16,20,780,29,A13Y,,,Plein jour,Hors agglomération,Hors intersection,Normale,Autre collision,,,,,,,,,,,1,1,1,1.0,6
201200050315,0012-09-16 23:30:00,12,9,16,23,30,780,646,RN12,,,Nuit avec éclairage non allumé,Hors agglomération,Hors intersection,Normale,Autre collision,,,,,,,,,,,4,1,1,1.0,6
201200050316,0012-09-17 09:40:00,12,9,17,9,40,920,51,N13,,,Plein jour,Hors agglomération,Hors intersection,Temps couvert,Deux véhicules - arrière,,,,,,,,,,,1,1,1,8.0,2
201200050317,0012-09-18 11:35:00,12,9,18,11,35,780,118,A13,,,Plein jour,Hors agglomération,Hors intersection,Normale,Deux véhicules - arrière,,,,,,,,,,,1,1,1,1.0,2
201200050318,0012-09-20 07:10:00,12,9,20,7,10,780,206,A13,,,Crépuscule ou aube,Hors agglomération,Hors intersection,Normale,Trois véhicules et plus - collisions multiples,,,,,,,,,,,2,1,1,1.0,5
201200050319,0012-09-20 14:35:00,12,9,20,14,35,780,545,A12 Y,,,Plein jour,Hors agglomération,Hors intersection,Normale,Autre collision,,,,,,,,,,,1,1,1,1.0,6
201200050320,0012-09-21 09:00:00,12,9,21,9,0,920,64,A13,,,Plein jour,Hors agglomération,Hors intersection,Normale,Deux véhicules - arrière,,,,,,,,,,,1,1,1,1.0,2
201200050321,0012-09-22 06:21:00,12,9,22,6,21,780,233,A13,,,Nuit avec éclairage non allumé,Hors agglomération,Hors intersection,Normale,Deux véhicules - arrière,,,,,,,,,,,4,1,1,1.0,2
201200050322,0012-09-23 00:55:00,12,9,23,0,55,780,362,A13,,,Nuit avec éclairage allumé,Hors agglomération,Hors intersection,Temps couvert,Deux véhicules - côté,,,,,,,,,,,5,1,1,8.0,3
201200050323,0012-09-23 05:40:00,12,9,23,5,40,780,242,A12 Y,,,Nuit sans éclairage public,Hors agglomération,Hors intersection,Normale,Trois véhicules et plus - collisions multiples,,,,,,,,,,,3,1,1,1.0,5
201200050324,0012-09-23 07:05:00,12,9,23,7,5,780,73,RN12 INT,,,Nuit sans éclairage public,Hors agglomération,Hors intersection,Normale,Deux véhicules - arrière,,,,,,,,,,,3,1,1,1.0,2
201200050325,0012-09-24 04:25:00,12,9,24,4,25,920,50,A86,,,Nuit avec éclairage allumé,Hors agglomération,Hors intersection,Pluie légère,Autre collision,,,,,,,,,,,5,1,1,2.0,6
201200050326,0012-09-24 08:20:00,12,9,24,8,20,920,50,A86,,,Plein jour,Hors agglomération,Hors intersection,Pluie légère,Sans collision,,,,,,,,,,,1,1,1,2.0,7
201200050327,0012-09-21 18:30:00,12,9,21,18,30,780,640,N118,,,Crépuscule ou aube,Hors agglomération,Hors intersection,Pluie légère,Autre collision,,,,,,,,,,,2,1,1,2.0,6
201200050328,0012-09-25 09:20:00,12,9,25,9,20,920,36,A86,,,Plein jour,Hors agglomération,Hors intersection,Temps couvert,Autre collision,,,,,,,,,,,1,1,1,8.0,6
201200050329,0012-09-25 16:45:00,12,9,25,16,45,920,72,N118,,,Plein jour,Hors agglomération,Hors intersection,Normale,Deux véhicules - arrière,,,,,,,,,,,1,1,1,1.0,2
201200050330,0012-09-26 18:45:00,12,9,26,18,45,920,47,A13,,,Plein jour,Hors agglomération,Hors intersection,Temps éblouissant,Deux véhicules - arrière,,,,,,,,,,,1,1,1,7.0,2
201200050331,0012-09-26 19:10:00,12,9,26,19,10,920,25,A86,,,Plein jour,Hors agglomération,Hors intersection,Pluie légère,Sans collision,,,,,,,,,,,1,1,1,2.0,7
201200050332,0012-09-27 07:30:00,12,9,27,7,30,780,490,RN12 INT,,,Nuit avec éclairage non allumé,Hors agglomération,Hors intersection,Pluie légère,Deux véhicules - côté,,,,,,,,,,,4,1,1,2.0,3
201200050333,0012-09-27 10:30:00,12,9,27,10,30,780,362,A13,,,Plein jour,Hors agglomération,Hors intersection,Pluie forte,Autre collision,,,,,,,,,,,1,1,1,3.0,6
201200050334,0012-09-28 06:40:00,12,9,28,6,40,920,50,A86,,,Nuit avec éclairage allumé,Hors agglomération,Hors intersection,Normale,Sans collision,,,,,,,,,,,5,1,1,1.0,7
201200050335,0012-09-28 11:55:00,12,9,28,11,55,920,50,A14,,,Plein jour,Hors agglomération,Hors intersection,Normale,Autre collision,,,,,,,,,,,1,1,1,1.0,6
201200050336,0012-09-28 19:00:00,12,9,28,19,0,780,571,A13,,,Plein jour,Hors agglomération,Hors intersection,Normale,Deux véhicules - arrière,,,,,,,,,,,1,1,1,1.0,2
201200050337,0012-09-29 02:40:00,12,9,29,2,40,780,524,A13,,,Nuit sans éclairage public,Hors agglomération,Hors intersection,Normale,Deux véhicules - arrière,,,,,,,,,,,3,1,1,1.0,2
201200050338,0012-09-29 04:40:00,12,9,29,4,40,780,524,A13,,,Nuit avec éclairage allumé,Hors agglomération,Hors intersection,Normale,Deux véhicules - arrière,,,,,,,,,,,5,1,1,1.0,2
201200050339,0012-09-30 18:10:00,12,9,30,18,10,780,362,A13,,,Plein jour,Hors agglomération,Hors intersection,Normale,Deux véhicules - côté,,,,,,,,,,,1,1,1,1.0,3
201200050340,0012-10-01 08:30:00,12,10,1,8,30,920,25,A86,,,Crépuscule ou aube,Hors agglomération,Hors intersection,Normale,Deux véhicules - côté,,,,,,,,,,,2,1,1,1.0,3
201200050341,0012-10-01 18:30:00,12,10,1,18,30,780,362,A13,,,Plein jour,Hors agglomération,Hors intersection,Normale,Deux véhicules - arrière,,,,,,,,,,,1,1,1,1.0,2
201200050342,0012-10-03 09:30:00,12,10,3,9,30,780,117,RN12,,,Plein jour,Hors agglomération,Hors intersection,Normale,Deux véhicules - arrière,,,,,,,,,,,1,1,1,1.0,2
201200050343,0012-10-03 16:45:00,12,10,3,16,45,920,50,A86,,,Nuit avec éclairage allumé,Hors agglomération,Hors intersection,Pluie légère,Deux véhicules - côté,,,,,,,,,,,5,1,1,2.0,3
201200050344,0012-10-03 20:10:00,12,10,3,20,10,780,291,A13,,,Nuit sans éclairage public,Hors agglomération,Hors intersection,Pluie légère,Autre collision,,,,,,,,,,,3,1,1,2.0,6
201200050345,0012-10-04 08:25:00,12,10,4,8,25,780,140,A13,,,Plein jour,Hors agglomération,Hors intersection,Pluie légère,Deux véhicules - côté,,,,,,,,,,,1,1,1,2.0,3
201200050346,0012-10-04 11:00:00,12,10,4,11,0,920,48,N118,,,Plein jour,Hors agglomération,Hors intersection,Normale,Deux véhicules - côté,,,,,,,,,,,1,1,1,1.0,3
201200050347,0012-10-04 12:50:00,12,10,4,12,50,920,50,A86,,,Plein jour,Hors agglomération,Hors intersection,Normale,Autre collision,,,,,,,,,,,1,1,1,1.0,6
201200050348,0012-10-06 23:54:00,12,10,6,23,54,920,72,N118,,,Nuit sans éclairage public,Hors agglomération,Hors intersection,Normale,Autre collision,,,,,,,,,,,3,1,1,1.0,6
201200050349,0012-10-06 19:00:00,12,10,6,19,0,780,640,A86 EXT,,,Nuit sans éclairage public,Hors agglomération,Hors intersection,Pluie forte,Deux véhicules - arrière,,,,,,,,,,,3,1,1,3.0,2
201200050350,0012-10-07 02:12:00,12,10,7,2,12,920,25,A86,,,Nuit sans éclairage public,Hors agglomération,Hors intersection,Temps couvert,Trois véhicules et plus - en chaîne,,,,,,,,,,,3,1,1,8.0,4
201200050351,0012-10-08 08:15:00,12,10,8,8,15,780,362,A13,,,Plein jour,Hors agglomération,Hors intersection,Pluie légère,Trois véhicules et plus - en chaîne,,,,,,,,,,,1,1,1,2.0,4
201200050352,0012-10-08 13:50:00,12,10,8,13,50,780,322,A86 EXT,,,Plein jour,Hors agglomération,Hors intersection,Pluie légère,Autre collision,,,,,,,,,,,1,1,1,2.0,6
201200050353,0012-10-08 18:30:00,12,10,8,18,30,920,50,A86,,,Plein jour,Hors agglomération,Hors intersection,Pluie légère,Deux véhicules - arrière,,,,,,,,,,,1,1,1,2.0,2
201200050354,0012-10-09 10:20:00,12,10,9,10,20,920,48,N118,,,Plein jour,Hors agglomération,Hors intersection,Temps couvert,Deux véhicules - arrière,,,,,,,,,,,1,1,1,8.0,2
201200050355,0012-10-10 21:20:00,12,10,10,21,20,780,640,N118,,,Nuit avec éclairage non allumé,Hors agglomération,Hors intersection,Pluie forte,Trois véhicules et plus - collisions multiples,,,,,,,,,,,4,1,1,3.0,5
201200050356,0012-10-10 00:48:00,12,10,10,0,48,780,646,RN12,,,Nuit sans éclairage public,Hors agglomération,Hors intersection,Pluie forte,Autre collision,,,,,,,,,,,3,1,1,3.0,6
201200050357,0012-10-11 21:20:00,12,10,11,21,20,780,402,A13,,,Nuit sans éclairage public,Hors agglomération,Hors intersection,Pluie légère,Deux véhicules - arrière,,,,,,,,,,,3,1,1,2.0,2
201200050358,0012-10-12 06:48:00,12,10,12,6,48,780,117,RN12,,,Nuit avec éclairage allumé,Hors agglomération,Hors intersection,Temps couvert,Autre collision,,,,,,,,,,,5,1,1,8.0,6
201200050359,0012-10-14 13:15:00,12,10,14,13,15,780,466,A14,,,Plein jour,Hors agglomération,Hors intersection,Pluie légère,Autre collision,,,,,,,,,,,1,1,1,2.0,6
201200050360,0012-10-14 14:35:00,12,10,14,14,35,920,50,A86,,,Plein jour,Hors agglomération,Hors intersection,Pluie légère,Sans collision,,,,,,,,,,,1,1,1,2.0,7
201200050361,0012-10-15 17:10:00,12,10,15,17,10,920,23,RN385,,,Plein jour,Hors agglomération,Hors intersection,Normale,Trois véhicules et plus - collisions multiples,,,,,,,,,,,1,1,1,1.0,5
201200050362,0012-10-16 10:00:00,12,10,16,10,0,920,50,A14,,,Plein jour,Hors agglomération,Hors intersection,Normale,Sans collision,,,,,,,,,,,1,1,1,1.0,7
201200050363,0012-10-17 08:10:00,12,10,17,8,10,920,51,RN13,,,Crépuscule ou aube,Hors agglomération,Hors intersection,Pluie légère,Autre collision,,,,,,,,,,,2,1,1,2.0,6
201200050364,0012-10-17 12:40:00,12,10,17,12,40,920,50,A14,,,Plein jour,Hors agglomération,Hors intersection,Pluie forte,Sans collision,,,,,,,,,,,1,1,1,3.0,7