accident_id,datetime,annee,mois,jour,heure,minute,departement,commune_insee,adresse,latitude,longitude,luminosite,agglomeration,intersection,meteo,collision,nb_vehicules,nb_usagers,nb_indemnes,nb_tues,nb_blesses_hosp,nb_blesses_legers,age_cond_1,age_cond_2,veh_type_cond_1,veh_type_cond_2,lum_code,agg_code,int_code,atm_code,col_code
201200050499,0012-01-12 14:40:00,12,1,12,14,40,910,174,RN 104,,,Plein jour,Hors agglomération,Hors intersection,Normale,Trois véhicules et plus - en chaîne,,,,,,,,,,,1,1,1,1.0,4
201200050500,0012-01-13 19:30:00,12,1,13,19,30,910,174,RN 104,,,Nuit sans éclairage public,Hors agglomération,Hors intersection,Normale,Trois véhicules et plus - en chaîne,,,,,,,,,,,3,1,1,1.0,4
201200050501,0012-01-14 04:30:00,12,1,14,4,30,910,432,AUTOROUTE A6,,,Nuit sans éclairage public,Hors agglomération,Hors intersection,Normale,Trois véhicules et plus - en chaîne,,,,,,,,,,,3,1,1,1.0,4
201200050502,0012-01-14 15:21:00,12,1,14,15,21,770,251,AUTOROUTE A5A,,,Plein jour,Hors agglomération,Hors intersection,Normale,Deux véhicules - côté,,,,,,,,,,,1,1,1,1.0,3
201200050503,0012-01-15 05:40:00,12,1,15,5,40,910,339,RN 104,,,Nuit sans éclairage public,Hors agglomération,Hors intersection,Normale,Deux véhicules - frontale,,,,,,,,,,,3,1,1,1.0,1
201200050504,0012-01-15 16:17:00,12,1,15,16,17,910,468,AUTOROUTE A6,,,Plein jour,Hors agglomération,Hors intersection,Normale,Sans collision,,,,,,,,,,,1,1,1,1.0,7
201200050505,0012-01-17 09:55:00,12,1,17,9,55,910,471,RN 118,,,Plein jour,Hors agglomération,Hors intersection,Normale,Trois véhicules et plus - en chaîne,,,,,,,,,,,1,1,1,1.0,4
201200050506,0012-01-17 15:30:00,12,1,17,15,30,910,471,RN 118,,,Plein jour,Hors agglomération,Hors intersection,Normale,Deux véhicules - côté,,,,,,,,,,,1,1,1,1.0,3
201200050507,0012-01-19 19:51:00,12,1,19,19,51,910,161,AUTOROUTE A6,,,Nuit sans éclairage public,Hors agglomération,Hors intersection,Pluie légère,Deux véhicules - côté,,,,,,,,,,,3,1,1,2.0,3
201200050508,0012-01-20 11:40:00,12,1,20,11,40,920,2,AUTOROUTE A10,,,Plein jour,Hors agglomération,Hors intersection,Normale,Deux véhicules - arrière,,,,,,,,,,,1,1,1,1.0,2
201200050509,0012-01-20 19:02:00,12,1,20,19,2,910,553,RN 104,,,Nuit sans éclairage public,Hors agglomération,Hors intersection,Pluie légère,Deux véhicules - côté,,,,,,,,,,,3,1,1,2.0,3
201200050510,0012-01-21 07:23:00,12,1,21,7,23,910,235,RN 104,,,Nuit sans éclairage public,Hors agglomération,Hors intersection,Normale,Sans collision,,,,,,,,,,,3,1,1,1.0,7
201200050511,0012-01-22 22:28:00,12,1,22,22,28,920,2,AUTOROUTE A86,,,Nuit sans éclairage public,Hors agglomération,Hors intersection,Normale,Trois véhicules et plus - collisions multiples,,,,,,,,,,,3,1,1,1.0,5
201200050512,0012-01-23 11:38:00,12,1,23,11,38,940,38,A6B,48.7898,2.34389,Plein jour,Hors agglomération,Hors intersection,Normale,Deux véhicules - arrière,,,,,,,,,,,1,1,1,1.0,2
201200050513,0012-01-23 19:00:00,12,1,23,19,0,910,161,AUTOROUTE A6,,,Nuit sans éclairage public,Hors agglomération,Hors intersection,Pluie légère,Deux véhicules - arrière,,,,,,,,,,,3,1,1,2.0,2
201200050514,0012-01-24 11:45:00,12,1,24,11,45,940,3,A6A,48.8111,2.33768,Plein jour,Hors agglomération,Hors intersection,Normale,Deux véhicules - arrière,,,,,,,,,,,1,1,1,1.0,2
201200050515,0012-01-24 18:08:00,12,1,24,18,8,910,689,AUTOROUTE A6,,,Nuit sans éclairage public,Hors agglomération,Hors intersection,Pluie légère,Autre collision,,,,,,,,,,,3,1,1,2.0,6
201200050516,0012-01-25 06:15:00,12,1,25,6,15,910,553,RN 104,,,Nuit sans éclairage public,Hors agglomération,Hors intersection,Normale,Deux véhicules - arrière,,,,,,,,,,,3,1,1,1.0,2
201200050517,0012-01-25 07:10:00,12,1,25,7,10,910,377,AUTOROUTE A10,,,Nuit sans éclairage public,Hors agglomération,Hors intersection,Pluie légère,Deux véhicules - côté,,,,,,,,,,,3,1,1,2.0,3
201200050518,0012-01-25 08:40:00,12,1,25,8,40,910,363,RN 104,,,Crépuscule ou aube,Hors agglomération,Hors intersection,Pluie légère,Deux véhicules - côté,,,,,,,,,,,2,1,1,2.0,3
201200050519,0012-01-26 09:00:00,12,1,26,9,0,920,2,AUTOROUTE A10,,,Plein jour,Hors agglomération,Hors intersection,Pluie légère,Sans collision,,,,,,,,,,,1,1,1,2.0,7
201200050520,0012-01-27 08:33:00,12,1,27,8,33,910,174,RN 104,,,Plein jour,Hors agglomération,Hors intersection,Normale,Trois véhicules et plus - collisions multiples,,,,,,,,,,,1,1,1,1.0,5
201200050521,0012-02-01 18:00:00,12,2,1,18,0,910,434,AUTOROUTE A6,,,Nuit avec éclairage non allumé,Hors agglomération,Hors intersection,Normale,Trois véhicules et plus - en chaîne,,,,,,,,,,,4,1,1,1.0,4
201200050522,0012-01-28 04:00:00,12,1,28,4,0,910,661,RN 188 CHEVREUSE,,,Nuit sans éclairage public,Hors agglomération,Hors intersection,Pluie légère,Sans collision,,,,,,,,,,,3,1,1,2.0,7
201200050523,0012-01-28 16:30:00,12,1,28,16,30,910,377,RN 444,,,Plein jour,Hors agglomération,Hors intersection,Pluie légère,Sans collision,,,,,,,,,,,1,1,1,2.0,7
201200050524,0012-01-28 18:09:00,12,1,28,18,9,910,521,AUTOROUTE A6,,,Nuit sans éclairage public,Hors agglomération,Hors intersection,Normale,Trois véhicules et plus - en chaîne,,,,,,,,,,,3,1,1,1.0,4
201200050525,0012-01-29 07:40:00,12,1,29,7,40,910,553,RN 104,,,Nuit sans éclairage public,Hors agglomération,Intersection en Y,Normale,Autre collision,,,,,,,,,,,3,1,4,1.0,6
201200050526,0012-01-29 08:15:00,12,1,29,8,15,910,553,RN 104,,,Nuit sans éclairage public,Hors agglomération,Hors intersection,Normale,Deux véhicules - arrière,,,,,,,,,,,3,1,1,1.0,2
201200050527,0012-01-30 15:46:00,12,1,30,15,46,770,495,AUTOROUTE A5A,,,Plein jour,Hors agglomération,Hors intersection,Temps couvert,Deux véhicules - côté,,,,,,,,,,,1,1,1,8.0,3
201200050528,0012-02-01 07:40:00,12,2,1,7,40,910,377,AUTOROUTE A10,,,Nuit sans éclairage public,Hors agglomération,Hors intersection,Normale,Deux véhicules - arrière,,,,,,,,,,,3,1,1,1.0,2
201200050529,0012-02-01 09:00:00,12,2,1,9,0,910,689,AUTOROUTE A10,,,Plein jour,Hors agglomération,Hors intersection,Normale,Trois véhicules et plus - en chaîne,,,,,,,,,,,1,1,1,1.0,4
201200050530,0012-02-02 11:03:00,12,2,2,11,3,910,521,AUTOROUTE A6,,,Plein jour,Hors agglomération,Hors intersection,Normale,Deux véhicules - côté,,,,,,,,,,,1,1,1,1.0,3
201200050531,0012-02-02 08:00:00,12,2,2,8,0,910,589,AUTOROUTE A6,,,Plein jour,Hors agglomération,Hors intersection,Normale,Trois véhicules et plus - en chaîne,,,,,,,,,,,1,1,1,1.0,4
201200050532,0012-02-07 17:55:00,12,2,7,17,55,910,553,RN 104,,,Nuit sans éclairage public,Hors agglomération,Hors intersection,Normale,Deux véhicules - arrière,,,,,,,,,,,3,1,1,1.0,2
201200050533,0012-02-03 16:21:00,12,2,3,16,21,940,34,A86,48.7563,2.3394,Plein jour,Hors agglomération,Hors intersection,Normale,Sans collision,,,,,,,,,,,1,1,1,1.0,7
201200050534,0012-02-03 17:13:00,12,2,3,17,13,910,228,RN 104,,,Plein jour,Hors agglomération,Hors intersection,Normale,Deux véhicules - arrière,,,,,,,,,,,1,1,1,1.0,2
201200050535,0012-02-04 14:05:00,12,2,4,14,5,940,34,A86,48.7618,2.315,Plein jour,Hors agglomération,Hors intersection,Normale,Deux véhicules - arrière,,,,,,,,,,,1,1,1,1.0,2
201200050536,0012-02-05 12:35:00,12,2,5,12,35,910,339,RN 104,,,Plein jour,Hors agglomération,Hors intersection,Neige / grêle,Deux véhicules - arrière,,,,,,,,,,,1,1,1,4.0,2
201200050537,0012-02-06 06:15:00,12,2,6,6,15,910,377,RN20,,,Nuit avec éclairage allumé,Hors agglomération,Hors intersection,Normale,Trois véhicules et plus - en chaîne,,,,,,,,,,,5,1,1,1.0,4
201200050538,0012-02-07 03:38:00,12,2,7,3,38,920,2,AUTOROUTE A86,,,Nuit sans éclairage public,Hors agglomération,Hors intersection,Normale,Sans collision,,,,,,,,,,,3,1,1,1.0,7
201200050539,0012-02-07 09:30:00,12,2,7,9,30,910,64,RN 118,,,Plein jour,Hors agglomération,Hors intersection,Normale,Deux véhicules - arrière,,,,,,,,,,,1,1,1,1.0,2
201200050540,0012-02-07 16:38:00,12,2,7,16,38,910,363,AUTOROUTE A10,,,Plein jour,Hors agglomération,Hors intersection,Normale,Autre collision,,,,,,,,,,,1,1,1,1.0,6
201200050541,0012-02-08 01:29:00,12,2,8,1,29,940,76,A6B,48.7934,2.34505,Nuit avec éclairage non allumé,Hors agglomération,Hors intersection,Neige / grêle,Autre collision,,,,,,,,,,,4,1,1,4.0,6
201200050542,0012-02-08 07:43:00,12,2,8,7,43,910,521,AUTOROUTE A6,,,Crépuscule ou aube,Hors agglomération,Hors intersection,Normale,Trois véhicules et plus - en chaîne,,,,,,,,,,,2,1,1,1.0,4
201200050543,0012-02-08 19:55:00,12,2,8,19,55,910,64,RN 118,,,Nuit avec éclairage allumé,Hors agglomération,Hors intersection,Normale,Sans collision,,,,,,,,,,,5,1,1,1.0,7
201200050544,0012-02-09 09:55:00,12,2,9,9,55,910,182,AUTOROUTE A6,,,Plein jour,Hors agglomération,Hors intersection,Normale,Trois véhicules et plus - en chaîne,,,,,,,,,,,1,1,1,1.0,4
201200050545,0012-02-09 14:48:00,12,2,9,14,48,910,136,AUTOROUTE A10,,,Plein jour,Hors agglomération,Hors intersection,Normale,Sans collision,,,,,,,,,,,1,1,1,1.0,7
201200050546,0012-02-17 15:24:00,12,2,17,15,24,910,136,AUTOROUTE A10,,,Plein jour,Hors agglomération,Hors intersection,Normale,Deux véhicules - côté,,,,,,,,,,,1,1,1,1.0,3
201200050547,0012-02-10 14:10:00,12,2,10,14,10,910,687,AUTOROUTE A6,,,Plein jour,Hors agglomération,Hors intersection,Normale,Deux véhicules - arrière,,,,,,,,,,,1,1,1,1.0,2
201200050548,0012-02-10 17:30:00,12,2,10,17,30,920,2,AUTOROUTE A86,,,Plein jour,Hors agglomération,Hors intersection,Normale,Trois véhicules et plus - collisions multiples,,,,,,,,,,,1,1,1,1.0,5
201200050549,0012-02-10 18:56:00,12,2,10,18,56,910,174,RN 104,,,Nuit sans éclairage public,Hors agglomération,Hors intersection,Normale,Trois véhicules et plus - en chaîne,,,,,,,,,,,3,1,1,1.0,4
201200050550,0012-02-10 21:30:00,12,2,10,21,30,910,347,RN 104,,,Nuit sans éclairage public,Hors agglomération,Hors intersection,Autre,Autre collision,,,,,,,,,,,3,1,1,9.0,6
201200050551,0012-02-11 01:00:00,12,2,11,1,0,910,689,AUTOROUTE A6B,,,Nuit sans éclairage public,Hors agglomération,Hors intersection,Normale,Deux véhicules - arrière,,,,,,,,,,,3,1,1,1.0,2
201200050552,0012-02-11 13:35:00,12,2,11,13,35,940,34,A6A,48.7553,2.33334,Plein jour,Hors agglomération,Hors intersection,Normale,Autre collision,,,,,,,,,,,1,1,1,1.0,6
201200050553,0012-02-11 14:30:00,12,2,11,14,30,940,21,A6B,48.7717,2.34513,Plein jour,Hors agglomération,Hors intersection,Normale,Trois véhicules et plus - en chaîne,,,,,,,,,,,1,1,1,1.0,4
201200050554,0012-02-11 17:20:00,12,2,11,17,20,920,2,AUTOROUTE A10,,,Plein jour,Hors agglomération,Hors intersection,Normale,Trois véhicules et plus - en chaîne,,,,,,,,,,,1,1,1,1.0,4
201200050555,0012-02-12 09:20:00,12,2,12,9,20,910,216,AUTOROUTE A6,,,Plein jour,Hors agglomération,Hors intersection,Normale,Deux véhicules - arrière,,,,,,,,,,,1,1,1,1.0,2
201200050556,0012-02-13 09:40:00,12,2,13,9,40,910,161,AUTOROUTE A6,,,Plein jour,Hors agglomération,Hors intersection,Normale,Deux véhicules - côté,,,,,,,,,,,1,1,1,1.0,3
201200050557,0012-02-15 18:40:00,12,2,15,18,40,910,64,RN 118,,,Nuit sans éclairage public,Hors agglomération,Hors intersection,Pluie légère,Sans collision,,,,,,,,,,,3,1,1,2.0,7
201200050558,0012-02-17 07:45:00,12,2,17,7,45,940,3,A6A,48.8029,2.34198,Crépuscule ou aube,Hors agglomération,Hors intersection,Normale,Trois véhicules et plus - en chaîne,,,,,,,,,,,2,1,1,1.0,4
201200050559,0012-02-17 15:40:00,12,2,17,15,40,910,687,AUTOROUTE A6,,,Plein jour,Hors agglomération,Hors intersection,Normale,Autre collision,,,,,,,,,,,1,1,1,1.0,6
201200050560,0012-02-17 17:25:00,12,2,17,17,25,920,2,AUTOROUTE A6,,,Plein jour,Hors agglomération,Hors intersection,Normale,Deux véhicules - côté,,,,,,,,,,,1,1,1,1.0,3
201200050561,0012-02-18 11:50:00,12,2,18,11,50,910,161,AUTOROUTE A6,,,Plein jour,Hors agglomération,Hors intersection,Normale,Deux véhicules - côté,,,,,,,,,,,1,1,1,1.0,3
201200050562,0012-02-20 18:26:00,12,2,20,18,26,910,136,AUTOROUTE A10,,,Nuit avec éclairage non allumé,Hors agglomération,Hors intersection,Normale,Trois véhicules et plus - collisions multiples,,,,,,,,,,,4,1,1,1.0,5
201200050563,0012-02-21 21:06:00,12,2,21,21,6,920,2,AUTOROUTE A86,,,Nuit avec éclairage allumé,Hors agglomération,Hors intersection,Normale,Sans collision,,,,,,,,,,,5,1,1,1.0,7
201200050564,0012-02-23 08:37:00,12,2,23,8,37,910,216,AUTOROUTE A6,,,Plein jour,Hors agglomération,Hors intersection,Pluie légère,Sans collision,,,,,,,,,,,1,1,1,2.0,7
201200050565,0012-02-24 13:49:00,12,2,24,13,49,910,434,AUTOROUTE A6,,,Plein jour,Hors agglomération,Hors intersection,Normale,Deux véhicules - arrière,,,,,,,,,,,1,1,1,1.0,2
201200050566,0012-01-24 17:28:00,12,1,24,17,28,910,617,RN 104,,,Plein jour,Hors agglomération,Hors intersection,Normale,Trois véhicules et plus - en chaîne,,,,,,,,,,,1,1,1,1.0,4
201200050567,0012-02-24 18:38:00,12,2,24,18,38,910,689,AUTOROUTE A6,,,Nuit sans éclairage public,Hors agglomération,Hors intersection,Normale,Trois véhicules et plus - collisions multiples,,,,,,,,,,,3,1,1,1.0,5
201200050568,0012-02-25 20:55:00,12,2,25,20,55,910,347,RN 104,,,Nuit sans éclairage public,Hors agglomération,Hors intersection,Normale,Autre collision,,,,,,,,,,,3,1,1,1.0,6
201200050569,0012-02-28 12:30:00,12,2,28,12,30,910,136,RN188 PROVINCE / A10 PAR,,,Plein jour,Hors agglomération,Hors intersection,Normale,Autre collision,,,,,,,,,,,1,1,1,1.0,6
201200050570,0012-02-28 15:40:00,12,2,28,15,40,940,21,A6B,48.7643,2.34311,Plein jour,Hors agglomération,Hors intersection,Normale,Deux véhicules - côté,,,,,,,,,,,1,1,1,1.0,3
201200050571,0012-02-29 17:00:00,12,2,29,17,0,910,549,RN 104,,,Plein jour,Hors agglomération,Hors intersection,Pluie légère,Autre collision,,,,,,,,,,,1,1,1,2.0,6
201200050572,0012-03-01 05:45:00,12,3,1,5,45,940,34,A86,48.7614,2.31687,Nuit avec éclairage allumé,Hors agglomération,Hors intersection,Normale,Autre collision,,,,,,,,,,,5,1,1,1.0,6
201200050573,0012-03-02 19:27:00,12,3,2,19,27,910,136,AUTOROUTE A10,,,Nuit sans éclairage public,Hors agglomération,Hors intersection,Normale,Trois véhicules et plus - en chaîne,,,,,,,,,,,3,1,1,1.0,4
201200050574,0012-03-04 15:00:00,12,3,4,15,0,910,617,RN 104,,,Plein jour,Hors agglomération,Hors intersection,Pluie légère,Sans collision,,,,,,,,,,,1,1,1,2.0,7
201200050575,0012-03-04 17:00:00,12,3,4,17,0,910,161,AUTOROUTE A126,,,Plein jour,Hors agglomération,Hors intersection,Pluie légère,Autre collision,,,,,,,,,,,1,1,1,2.0,6
201200050576,0012-03-04 18:55:00,12,3,4,18,55,910,471,RN 118,,,Nuit sans éclairage public,Hors agglomération,Hors intersection,Temps couvert,Trois véhicules et plus - en chaîne,,,,,,,,,,,3,1,1,8.0,4
201200050577,0012-03-04 18:01:00,12,3,4,18,1,910,434,AUTOROUTE A6,,,Crépuscule ou aube,Hors agglomération,Hors intersection,Pluie forte,Trois véhicules et plus - en chaîne,,,,,,,,,,,2,1,1,3.0,4
201200050578,0012-03-06 08:05:00,12,3,6,8,5,910,179,AUTOROUTE A6,,,Plein jour,Hors agglomération,Hors intersection,Pluie forte,Deux véhicules - arrière,,,,,,,,,,,1,1,1,3.0,2
201200050579,0012-03-07 17:51:00,12,3,7,17,51,910,161,AUTOROUTE A6,,,Crépuscule ou aube,Hors agglomération,Hors intersection,Pluie légère,Deux véhicules - côté,,,,,,,,,,,2,1,1,2.0,3
201200050580,0012-03-08 17:29:00,12,3,8,17,29,940,34,A86,48.7581,2.32646,Plein jour,Hors agglomération,Hors intersection,Normale,Trois véhicules et plus - en chaîne,,,,,,,,,,,1,1,1,1.0,4
201200050581,0012-03-09 15:12:00,12,3,9,15,12,750,113,AUTOROUTE A6B,,,Plein jour,Hors agglomération,Hors intersection,Normale,Deux véhicules - arrière,,,,,,,,,,,1,1,1,1.0,2
201200050582,0012-03-10 07:10:00,12,3,10,7,10,770,251,AUTOROUTE A5,,,Plein jour,Hors agglomération,Hors intersection,Normale,Autre collision,,,,,,,,,,,1,1,1,1.0,6
201200050583,0012-03-10 16:20:00,12,3,10,16,20,910,182,RN 104,,,Plein jour,Hors agglomération,Hors intersection,Normale,Sans collision,,,,,,,,,,,1,1,1,1.0,7
201200050584,0012-03-12 06:48:00,12,3,12,6,48,910,534,RN 118,,,Plein jour,Hors agglomération,Hors intersection,Normale,Deux véhicules - arrière,,,,,,,,,,,1,1,1,1.0,2
201200050585,0012-03-12 10:30:00,12,3,12,10,30,770,251,RN 104,,,Plein jour,Hors agglomération,Hors intersection,Normale,Deux véhicules - arrière,,,,,,,,,,,1,1,1,1.0,2
201200050586,0012-03-12 16:35:00,12,3,12,16,35,910,86,RN 104,,,Plein jour,Hors agglomération,Hors intersection,Normale,Deux véhicules - arrière,,,,,,,,,,,1,1,1,1.0,2
201200050587,0012-03-13 19:30:00,12,3,13,19,30,910,136,RN20,,,Nuit sans éclairage public,Hors agglomération,Hors intersection,Normale,Deux véhicules - côté,,,,,,,,,,,3,1,1,1.0,3
201200050588,0012-03-14 13:43:00,12,3,14,13,43,910,174,RN 104,,,Plein jour,Hors agglomération,Hors intersection,Normale,Trois véhicules et plus - collisions multiples,,,,,,,,,,,1,1,1,1.0,5
201200050589,0012-03-17 18:30:00,12,3,17,18,30,910,521,RN 104,,,Plein jour,Hors agglomération,Hors intersection,Pluie légère,Sans collision,,,,,,,,,,,1,1,1,2.0,7
201200050590,0012-03-18 15:35:00,12,3,18,15,35,940,34,A6B,48.7503,2.32841,Plein jour,Hors agglomération,Hors intersection,Pluie légère,Autre collision,,,,,,,,,,,1,1,1,2.0,6
201200050591,0012-03-19 15:25:00,12,3,19,15,25,920,2,AUTOROUTE A10,,,Plein jour,Hors agglomération,Hors intersection,Normale,Deux véhicules - côté,,,,,,,,,,,1,1,1,1.0,3
201200050592,0012-03-19 17:29:00,12,3,19,17,29,910,216,AUTOROUTE A6,,,Plein jour,Hors agglomération,Hors intersection,Normale,Deux véhicules - arrière,,,,,,,,,,,1,1,1,1.0,2
201200050593,0012-03-22 08:15:00,12,3,22,8,15,910,345,AUTOROUTE A6,,,Plein jour,Hors agglomération,Hors intersection,Normale,Deux véhicules - arrière,,,,,,,,,,,1,1,1,1.0,2
201200050594,0012-03-23 08:32:00,12,3,23,8,32,940,38,A6A,48.7872,2.34533,Plein jour,Hors agglomération,Hors intersection,Normale,Deux véhicules - côté,,,,,,,,,,,1,1,1,1.0,3
201200050595,0012-03-23 23:57:00,12,3,23,23,57,910,340,AUTOROUTE A6,,,Nuit sans éclairage public,Hors agglomération,Hors intersection,Normale,Sans collision,,,,,,,,,,,3,1,1,1.0,7
201200050596,0012-03-24 11:47:00,12,3,24,11,47,770,251,AUTOROUTE A5A,,,Plein jour,Hors agglomération,Hors intersection,Normale,Sans collision,,,,,,,,,,,1,1,1,1.0,7
201200050597,0012-03-25 18:36:00,12,3,25,18,36,940,34,A86,48.761,2.31807,Plein jour,Hors agglomération,Hors intersection,Normale,Trois véhicules et plus - en chaîne,,,,,,,,,,,1,1,1,1.0,4
201200050598,0012-03-26 08:10:00,12,3,26,8,10,910,161,AUTOROUTE A6,,,Plein jour,Hors agglomération,Hors intersection,Normale,Deux véhicules - arrière,,,,,,,,,,,1,1,1,1.0,2
201200050599,0012-03-26 14:55:00,12,3,26,14,55,910,659,AUTOROUTE A6,,,Plein jour,Hors agglomération,Hors intersection,Normale,Deux véhicules - côté,,,,,,,,,,,1,1,1,1.0,3
201200050600,0012-03-27 06:35:00,12,3,27,6,35,910,534,RN 118,,,Nuit sans éclairage public,Hors agglomération,Hors intersection,Normale,Sans collision,,,,,,,,,,,3,1,1,1.0,7
201200050601,0012-03-27 10:45:00,12,3,27,10,45,940,34,A86,48.7563,2.3394,Plein jour,Hors agglomération,Hors intersection,Normale,Trois véhicules et plus - collisions multiples,,,,,,,,,,,1,1,1,1.0,5
201200050602,0012-03-29 09:36:00,12,3,29,9,36,910,689,AUTOROUTE A6B,,,Plein jour,Hors agglomération,Hors intersection,Normale,Deux véhicules - côté,,,,,,,,,,,1,1,1,1.0,3
201200050603,0012-03-29 08:12:00,12,3,29,8,12,910,659,AUTOROUTE A6,,,Plein jour,Hors agglomération,Hors intersection,Normale,Trois véhicules et plus - collisions multiples,,,,,,,,,,,1,1,1,1.0,5
201200050604,0012-03-29 20:15:00,12,3,29,20,15,910,689,AUTOROUTE A6,,,Plein jour,Hors agglomération,Hors intersection,Normale,Deux véhicules - arrière,,,,,,,,,,,1,1,1,1.0,2
201200050605,0012-03-29 20:15:00,12,3,29,20,15,910,553,RN 104,,,Crépuscule ou aube,Hors agglomération,Hors intersection,Normale,Deux véhicules - côté,,,,,,,,,,,2,1,1,1.0,3
201200050606,0012-03-29 21:30:00,12,3,29,21,30,940,38,A6A,48.787,2.34522,Nuit sans éclairage public,Hors agglomération,Hors intersection,Normale,Deux véhicules - côté,,,,,,,,,,,3,1,1,1.0,3
201200050607,0012-04-01 18:05:00,12,4,1,18,5,910,377,AUTOROUTE A10,,,Plein jour,Hors agglomération,Hors intersection,Normale,Sans collision,,,,,,,,,,,1,1,1,1.0,7
201200050608,0012-04-02 08:40:00,12,4,2,8,40,940,38,A6A,48.7889,2.34449,Plein jour,Hors agglomération,Hors intersection,Normale,Deux véhicules - côté,,,,,,,,,,,1,1,1,1.0,3
201200050609,0012-04-02 08:55:00,12,4,2,8,55,910,589,AUTOROUTE A6,,,Plein jour,Hors agglomération,Hors intersection,Temps éblouissant,Sans collision,,,,,,,,,,,1,1,1,7.0,7
201200050610,0012-04-02 17:22:00,12,4,2,17,22,910,174,RN 104,,,Plein jour,Hors agglomération,Hors intersection,Normale,Trois véhicules et plus - collisions multiples,,,,,,,,,,,1,1,1,1.0,5
201200050611,0012-04-02 18:35:00,12,4,2,18,35,910,553,RN 104,,,Plein jour,Hors agglomération,Hors intersection,Normale,Deux véhicules - arrière,,,,,,,,,,,1,1,1,1.0,2
201200050612,0012-04-03 07:43:00,12,4,3,7,43,910,689,AUTOROUTE A6,,,Plein jour,Hors agglomération,Hors intersection,Normale,Deux véhicules - arrière,,,,,,,,,,,1,1,1,1.0,2
201200050613,0012-04-03 08:30:00,12,4,3,8,30,940,38,A6A,48.7871,2.34537,Plein jour,Hors agglomération,Hors intersection,Normale,Autre collision,,,,,,,,,,,1,1,1,1.0,6
201200050614,0012-04-04 06:57:00,12,4,4,6,57,940,65,A86,48.7552,2.34317,Plein jour,Hors agglomération,Hors intersection,Normale,Trois véhicules et plus - collisions multiples,,,,,,,,,,,1,1,1,1.0,5
201200050615,0012-04-04 09:02:00,12,4,4,9,2,910,471,RN 118,,,Plein jour,Hors agglomération,Hors intersection,Normale,Deux véhicules - arrière,,,,,,,,,,,1,1,1,1.0,2
201200050616,0012-04-04 13:45:00,12,4,4,13,45,910,659,AUTOROUTE A6,,,Plein jour,Hors agglomération,Hors intersection,Normale,Sans collision,,,,,,,,,,,1,1,1,1.0,7
201200050617,0012-04-05 19:13:00,12,4,5,19,13,940,34,A6B,48.755,2.33294,Plein jour,Hors agglomération,Hors intersection,Normale,Deux véhicules - arrière,,,,,,,,,,,1,1,1,1.0,2
201200050618,0012-04-06 15:29:00,12,4,6,15,29,910,570,RN 104,,,Plein jour,Hors agglomération,Hors intersection,Normale,Deux véhicules - arrière,,,,,,,,,,,1,1,1,1.0,2
201200050619,0012-04-06 20:33:00,12,4,6,20,33,940,43,A6B,48.807,2.34672,Plein jour,Hors agglomération,Hors intersection,Normale,Deux véhicules - arrière,,,,,,,,,,,1,1,1,1.0,2
201200050620,0012-04-07 11:45:00,12,4,7,11,45,940,34,A6B,48.7525,2.33052,Plein jour,Hors agglomération,Hors intersection,Normale,Deux véhicules - côté,,,,,,,,,,,1,1,1,1.0,3
201200050621,0012-04-07 14:58:00,12,4,7,14,58,910,174,RN 104,,,Plein jour,Hors agglomération,Hors intersection,Normale,Deux véhicules - arrière,,,,,,,,,,,1,1,1,1.0,2
201200050622,0012-04-07 15:56:00,12,4,7,15,56,910,174,RN 104,,,Plein jour,Hors agglomération,Hors intersection,Normale,Trois véhicules et plus - en chaîne,,,,,,,,,,,1,1,1,1.0,4
201200050623,0012-04-08 19:23:00,12,4,8,19,23,920,19,RN 385,,,Plein jour,Hors agglomération,Hors intersection,Normale,Deux véhicules - arrière,,,,,,,,,,,1,1,1,1.0,2
201200050624,0012-04-10 09:40:00,12,4,10,9,40,910,174,RN 104,,,Plein jour,Hors agglomération,Hors intersection,Temps couvert,Deux véhicules - frontale,,,,,,,,,,,1,1,1,8.0,1
201200050625,0012-04-10 16:00:00,12,4,10,16,0,910,689,AUTOROUTE A6A,,,Plein jour,Hors agglomération,Hors intersection,Pluie légère,Sans collision,,,,,,,,,,,1,1,1,2.0,7
201200050626,0012-04-11 10:03:00,12,4,11,10,3,920,2,AUTOROUTE A86,,,Plein jour,Hors agglomération,Hors intersection,Normale,Deux véhicules - arrière,,,,,,,,,,,1,1,1,1.0,2
201200050627,0012-04-11 16:04:00,12,4,11,16,4,910,477,AUTOROUTE A126,,,Plein jour,Hors agglomération,Hors intersection,Normale,Trois véhicules et plus - en chaîne,,,,,,,,,,,1,1,1,1.0,4
201200050628,0012-04-13 16:39:00,12,4,13,16,39,910,689,AUTOROUTE A6,,,Plein jour,Hors agglomération,Hors intersection,Normale,Deux véhicules - arrière,,,,,,,,,,,1,1,1,1.0,2
201200050629,0012-04-14 18:07:00,12,4,14,18,7,910,617,RN 104,,,Plein jour,Hors agglomération,Hors intersection,Normale,Trois véhicules et plus - collisions multiples,,,,,,,,,,,1,1,1,1.0,5
201200050630,0012-04-15 14:03:00,12,4,15,14,3,910,179,AUTOROUTE A6,,,Plein jour,Hors agglomération,Hors intersection,Normale,Sans collision,,,,,,,,,,,1,1,1,1.0,7
201200050631,0012-04-17 21:15:00,12,4,17,21,15,910,37,AUTOROUTE A6,,,Nuit sans éclairage public,Hors agglomération,Hors intersection,Pluie légère,Autre collision,,,,,,,,,,,3,1,1,2.0,6