accident_id,datetime,annee,mois,jour,heure,minute,departement,commune_insee,adresse,latitude,longitude,luminosite,agglomeration,intersection,meteo,collision,nb_vehicules,nb_usagers,nb_indemnes,nb_tues,nb_blesses_hosp,nb_blesses_legers,age_cond_1,age_cond_2,veh_type_cond_1,veh_type_cond_2,lum_code,agg_code,int_code,atm_code,col_code
201200050632,0012-04-18 13:30:00,12,4,18,13,30,910,521,AUTOROUTE A6,,,Plein jour,Hors agglomération,Hors intersection,Pluie légère,Autre collision,,,,,,,,,,,1,1,1,2.0,6
201200050633,0012-04-19 15:24:00,12,4,19,15,24,910,179,AUTOROUTE A6,,,Plein jour,Hors agglomération,Hors intersection,Pluie légère,Autre collision,,,,,,,,,,,1,1,1,2.0,6
201200050634,0012-04-20 00:30:00,12,4,20,0,30,910,136,RN20,,,Nuit sans éclairage public,Hors agglomération,Hors intersection,Normale,Deux véhicules - arrière,,,,,,,,,,,3,1,1,1.0,2
201200050635,0012-04-22 10:43:00,12,4,22,10,43,910,64,RN 118,,,Plein jour,Hors agglomération,Hors intersection,Normale,Deux véhicules - arrière,,,,,,,,,,,1,1,1,1.0,2
201200050636,0012-04-25 07:30:00,12,4,25,7,30,910,182,RN 104,,,Plein jour,Hors agglomération,Hors intersection,Pluie légère,Deux véhicules - arrière,,,,,,,,,,,1,1,1,2.0,2
201200050637,0012-04-25 08:00:00,12,4,25,8,0,910,521,RN 449,,,Plein jour,Hors agglomération,Hors intersection,Pluie légère,Deux véhicules - côté,,,,,,,,,,,1,1,1,2.0,3
201200050638,0012-04-25 13:14:00,12,4,25,13,14,940,65,A106,48.7492,2.35708,Plein jour,Hors agglomération,Hors intersection,Pluie légère,Autre collision,,,,,,,,,,,1,1,1,2.0,6
201200050639,0012-04-25 13:20:00,12,4,25,13,20,770,384,AUTOROUTE A5A,,,Plein jour,Hors agglomération,Hors intersection,Pluie forte,Sans collision,,,,,,,,,,,1,1,1,3.0,7
201200050640,0012-04-27 16:26:00,12,4,27,16,26,910,161,AUTOROUTE A6,,,Plein jour,Hors agglomération,Hors intersection,Pluie légère,Trois véhicules et plus - en chaîne,,,,,,,,,,,1,1,1,2.0,4
201200050641,0012-04-27 16:53:00,12,4,27,16,53,940,43,A6B,48.8143,2.3552,Plein jour,Hors agglomération,Hors intersection,Normale,Deux véhicules - arrière,,,,,,,,,,,1,1,1,1.0,2
201200050642,0012-04-28 14:50:00,12,4,28,14,50,910,521,RN 449,,,Plein jour,Hors agglomération,Hors intersection,Normale,Deux véhicules - côté,,,,,,,,,,,1,1,1,1.0,3
201200050643,0012-04-28 16:30:00,12,4,28,16,30,910,363,AUTOROUTE A10,,,Plein jour,Hors agglomération,Hors intersection,Pluie légère,Autre collision,,,,,,,,,,,1,1,1,2.0,6
201200050644,0012-04-28 20:15:00,12,4,28,20,15,910,86,RD 31,,,Crépuscule ou aube,Hors agglomération,Hors intersection,Pluie légère,Sans collision,,,,,,,,,,,2,1,1,2.0,7
201200050645,0012-04-30 17:17:00,12,4,30,17,17,910,661,AUTOROUTE A10,,,Plein jour,Hors agglomération,Hors intersection,Normale,Deux véhicules - côté,,,,,,,,,,,1,1,1,1.0,3
201200050646,0012-05-03 15:24:00,12,5,3,15,24,910,617,RN 104,,,Plein jour,Hors agglomération,Hors intersection,Normale,Deux véhicules - côté,,,,,,,,,,,1,1,1,1.0,3
201200050647,0012-05-03 16:46:00,12,5,3,16,46,910,340,AUTOROUTE A6,,,Plein jour,Hors agglomération,Hors intersection,Normale,Trois véhicules et plus - en chaîne,,,,,,,,,,,1,1,1,1.0,4
201200050648,0012-05-04 09:25:00,12,5,4,9,25,940,21,A6A,48.7616,2.34001,Plein jour,Hors agglomération,Hors intersection,Normale,Deux véhicules - arrière,,,,,,,,,,,1,1,1,1.0,2
201200050649,0012-05-04 09:32:00,12,5,4,9,32,910,689,AUTOROUTE A6B,,,Plein jour,Hors agglomération,Hors intersection,Normale,Trois véhicules et plus - collisions multiples,,,,,,,,,,,1,1,1,1.0,5
201200050650,0012-05-04 15:30:00,12,5,4,15,30,910,617,RN 104,,,Plein jour,Hors agglomération,Hors intersection,Pluie légère,Autre collision,,,,,,,,,,,1,1,1,2.0,6
201200050651,0012-05-04 16:15:00,12,5,4,16,15,940,43,A6B,48.807,2.34672,Plein jour,Hors agglomération,Hors intersection,Pluie légère,Deux véhicules - côté,,,,,,,,,,,1,1,1,2.0,3
201200050652,0012-05-04 20:10:00,12,5,4,20,10,940,76,A6B,48.7967,2.34395,Plein jour,Hors agglomération,Hors intersection,Pluie légère,Deux véhicules - côté,,,,,,,,,,,1,1,1,2.0,3
201200050653,0012-05-04 20:40:00,12,5,4,20,40,940,34,A6A,48.7537,2.33195,Plein jour,Hors agglomération,Hors intersection,Normale,Deux véhicules - côté,,,,,,,,,,,1,1,1,1.0,3
201200050654,0012-05-05 15:55:00,12,5,5,15,55,910,377,AUTOROUTE A10,,,Plein jour,Hors agglomération,Hors intersection,Normale,Trois véhicules et plus - en chaîne,,,,,,,,,,,1,1,1,1.0,4
201200050655,0012-02-10 10:22:00,12,2,10,10,22,940,38,A6A,48.7898,2.34422,Plein jour,Hors agglomération,Hors intersection,Normale,Deux véhicules - arrière,,,,,,,,,,,1,1,1,1.0,2
201200050656,0012-05-10 16:35:00,12,5,10,16,35,940,38,A6A,48.7876,2.34513,Plein jour,Hors agglomération,Hors intersection,Normale,Trois véhicules et plus - en chaîne,,,,,,,,,,,1,1,1,1.0,4
201200050657,0012-05-11 07:40:00,12,5,11,7,40,940,43,A6A,48.8158,2.33695,Plein jour,Hors agglomération,Hors intersection,Normale,Trois véhicules et plus - collisions multiples,,,,,,,,,,,1,1,1,1.0,5
201200050658,0012-05-12 18:49:00,12,5,12,18,49,940,34,A86,48.7598,2.3217,Plein jour,Hors agglomération,Hors intersection,Normale,Deux véhicules - arrière,,,,,,,,,,,1,1,1,1.0,2
201200050659,0012-05-12 18:58:00,12,5,12,18,58,940,3,A6B,48.8006,2.34376,Plein jour,Hors agglomération,Hors intersection,Normale,Trois véhicules et plus - en chaîne,,,,,,,,,,,1,1,1,1.0,4
201200050660,0012-05-16 15:05:00,12,5,16,15,5,940,34,A6B,48.7571,2.33487,Plein jour,Hors agglomération,Hors intersection,Normale,Deux véhicules - arrière,,,,,,,,,,,1,1,1,1.0,2
201200050661,0012-05-17 08:06:00,12,5,17,8,6,910,174,RN 104,,,Plein jour,Hors agglomération,Hors intersection,Normale,Sans collision,,,,,,,,,,,1,1,1,1.0,7
201200050662,0012-05-19 09:55:00,12,5,19,9,55,940,38,A6B,48.7881,2.34548,Plein jour,Hors agglomération,Hors intersection,Normale,Deux véhicules - arrière,,,,,,,,,,,1,1,1,1.0,2
201200050663,0012-05-20 05:50:00,12,5,20,5,50,910,589,AUTOROUTE A6,,,Crépuscule ou aube,Hors agglomération,Hors intersection,Normale,Sans collision,,,,,,,,,,,2,1,1,1.0,7
201200050664,0012-05-20 20:45:00,12,5,20,20,45,910,434,AUTOROUTE A6,,,Plein jour,Hors agglomération,Hors intersection,Pluie légère,Autre collision,,,,,,,,,,,1,1,1,2.0,6
201200050665,0012-05-21 19:10:00,12,5,21,19,10,910,235,RN 104,,,Plein jour,Hors agglomération,Hors intersection,Pluie forte,Deux véhicules - côté,,,,,,,,,,,1,1,1,3.0,3
201200050666,0012-05-22 21:15:00,12,5,22,21,15,910,689,AUTOROUTE A6B,,,Crépuscule ou aube,Hors agglomération,Hors intersection,Normale,Deux véhicules - côté,,,,,,,,,,,2,1,1,1.0,3
201200050667,0012-05-23 09:45:00,12,5,23,9,45,910,86,RN 104,,,Plein jour,Hors agglomération,Hors intersection,Normale,Deux véhicules - côté,,,,,,,,,,,1,1,1,1.0,3
201200050668,0012-02-25 10:20:00,12,2,25,10,20,910,340,RN 104,,,Plein jour,Hors agglomération,Hors intersection,Normale,Trois véhicules et plus - en chaîne,,,,,,,,,,,1,1,1,1.0,4
201200050669,0012-05-25 21:00:00,12,5,25,21,0,910,37,AUTOROUTE A6,,,Plein jour,Hors agglomération,Hors intersection,Normale,Deux véhicules - côté,,,,,,,,,,,1,1,1,1.0,3
201200050670,0012-05-26 14:30:00,12,5,26,14,30,910,86,RN 104,,,Plein jour,Hors agglomération,Hors intersection,Normale,Trois véhicules et plus - en chaîne,,,,,,,,,,,1,1,1,1.0,4
201200050671,0012-05-27 19:04:00,12,5,27,19,4,910,64,RN 118,,,Plein jour,Hors agglomération,Hors intersection,Normale,Trois véhicules et plus - en chaîne,,,,,,,,,,,1,1,1,1.0,4
201200050672,0012-05-28 19:15:00,12,5,28,19,15,910,64,RN 118,,,Plein jour,Hors agglomération,Hors intersection,Normale,Deux véhicules - côté,,,,,,,,,,,1,1,1,1.0,3
201200050673,0012-05-30 10:30:00,12,5,30,10,30,910,689,AUTOROUTE A6B,,,Plein jour,Hors agglomération,Hors intersection,Normale,Deux véhicules - côté,,,,,,,,,,,1,1,1,1.0,3
201200050674,0012-05-30 15:22:00,12,5,30,15,22,910,521,RN 104,,,Plein jour,Hors agglomération,Hors intersection,Normale,Sans collision,,,,,,,,,,,1,1,1,1.0,7
201200050675,0012-05-30 17:24:00,12,5,30,17,24,910,377,RN 188,,,Plein jour,Hors agglomération,Hors intersection,Normale,Deux véhicules - arrière,,,,,,,,,,,1,1,1,1.0,2
201200050676,0012-05-30 16:55:00,12,5,30,16,55,940,3,A6A,48.809,2.33943,Plein jour,Hors agglomération,Hors intersection,Normale,Trois véhicules et plus - en chaîne,,,,,,,,,,,1,1,1,1.0,4
201200050677,0012-05-30 18:05:00,12,5,30,18,5,910,363,RN 104,,,Plein jour,Hors agglomération,Hors intersection,Normale,Deux véhicules - côté,,,,,,,,,,,1,1,1,1.0,3
201200050678,0012-05-31 15:36:00,12,5,31,15,36,910,161,AUTOROUTE A6,,,Plein jour,Hors agglomération,Hors intersection,Normale,Deux véhicules - arrière,,,,,,,,,,,1,1,1,1.0,2
201200050679,0012-05-31 17:45:00,12,5,31,17,45,910,339,RN 104,,,Plein jour,Hors agglomération,Hors intersection,Normale,Deux véhicules - arrière,,,,,,,,,,,1,1,1,1.0,2
201200050680,0012-05-31 17:35:00,12,5,31,17,35,910,521,AUTOROUTE A6,,,Plein jour,Hors agglomération,Hors intersection,Normale,Deux véhicules - arrière,,,,,,,,,,,1,1,1,1.0,2
201200050681,0012-06-01 18:56:00,12,6,1,18,56,940,76,A6A,48.7909,2.34429,Plein jour,Hors agglomération,Hors intersection,Normale,Deux véhicules - côté,,,,,,,,,,,1,1,1,1.0,3
201200050682,0012-06-03 16:10:00,12,6,3,16,10,910,521,RN 104,,,Plein jour,Hors agglomération,Hors intersection,Normale,Deux véhicules - côté,,,,,,,,,,,1,1,1,1.0,3
201200050683,0012-06-04 23:29:00,12,6,4,23,29,940,76,A6A,48.7909,2.34429,Nuit avec éclairage allumé,Hors agglomération,Hors intersection,Normale,Deux véhicules - côté,,,,,,,,,,,5,1,1,1.0,3
201200050684,0012-06-05 07:45:00,12,6,5,7,45,910,553,RN 104,,,Plein jour,Hors agglomération,Hors intersection,Normale,Autre collision,,,,,,,,,,,1,1,1,1.0,6
201200050685,0012-06-05 13:08:00,12,6,5,13,8,910,689,AUTOROUTE A6B,,,Plein jour,Hors agglomération,Hors intersection,Normale,Sans collision,,,,,,,,,,,1,1,1,1.0,7
201200050686,0012-06-07 08:15:00,12,6,7,8,15,910,286,AUTOROUTE A6,,,Plein jour,Hors agglomération,Hors intersection,Normale,Deux véhicules - côté,,,,,,,,,,,1,1,1,1.0,3
201200050687,0012-06-07 15:35:00,12,6,7,15,35,940,38,A6A,48.7881,2.34491,Plein jour,Hors agglomération,Hors intersection,Normale,Trois véhicules et plus - collisions multiples,,,,,,,,,,,1,1,1,1.0,5
201200050688,0012-06-10 16:00:00,12,6,10,16,0,940,3,A6B,48.8018,2.34366,Plein jour,Hors agglomération,Hors intersection,Pluie légère,Trois véhicules et plus - en chaîne,,,,,,,,,,,1,1,1,2.0,4
201200050689,0012-06-10 16:15:00,12,6,10,16,15,910,468,AUTOROUTE A6,,,Plein jour,Hors agglomération,Hors intersection,Normale,Trois véhicules et plus - en chaîne,,,,,,,,,,,1,1,1,1.0,4
201200050690,0012-06-10 19:15:00,12,6,10,19,15,940,34,A6B,48.7533,2.33129,Crépuscule ou aube,Hors agglomération,Hors intersection,Pluie forte,Autre collision,,,,,,,,,,,2,1,1,3.0,6
201200050691,0012-06-10 22:05:00,12,6,10,22,5,940,34,A86,48.7562,2.34007,Nuit sans éclairage public,Hors agglomération,Hors intersection,Normale,Autre collision,,,,,,,,,,,3,1,1,1.0,6
201200050692,0012-06-11 15:21:00,12,6,11,15,21,910,534,RN 118,,,Plein jour,Hors agglomération,Hors intersection,Normale,Deux véhicules - côté,,,,,,,,,,,1,1,1,1.0,3
201200050693,0012-06-11 16:53:00,12,6,11,16,53,920,2,AUTOROUTE A10,,,Plein jour,Hors agglomération,Hors intersection,Normale,Autre collision,,,,,,,,,,,1,1,1,1.0,6
201200050694,0012-06-11 18:25:00,12,6,11,18,25,910,339,RN 104,,,Plein jour,Hors agglomération,Hors intersection,Pluie forte,Trois véhicules et plus - en chaîne,,,,,,,,,,,1,1,1,3.0,4
201200050695,0012-06-11 19:38:00,12,6,11,19,38,940,37,A6A,48.8143,2.33611,Plein jour,Hors agglomération,Hors intersection,Pluie forte,Sans collision,,,,,,,,,,,1,1,1,3.0,7
201200050696,0012-06-12 17:51:00,12,6,12,17,51,910,521,RN 449,,,Plein jour,Hors agglomération,Hors intersection,Normale,Sans collision,,,,,,,,,,,1,1,1,1.0,7
201200050697,0012-06-13 14:30:00,12,6,13,14,30,910,235,RN 104,,,Plein jour,Hors agglomération,Hors intersection,Normale,Sans collision,,,,,,,,,,,1,1,1,1.0,7
201200050698,0012-06-15 09:16:00,12,6,15,9,16,910,689,AUTOROUTE A6A,,,Plein jour,Hors agglomération,Hors intersection,Normale,Trois véhicules et plus - en chaîne,,,,,,,,,,,1,1,1,1.0,4
201200050699,0012-06-14 09:39:00,12,6,14,9,39,940,65,A106,48.7604,2.34597,Plein jour,Hors agglomération,Hors intersection,Normale,Deux véhicules - côté,,,,,,,,,,,1,1,1,1.0,3
201200050700,0012-06-14 11:30:00,12,6,14,11,30,940,38,A6B,48.7879,2.34453,Plein jour,Hors agglomération,Hors intersection,Normale,Autre collision,,,,,,,,,,,1,1,1,1.0,6
201200050701,0012-06-14 21:59:00,12,6,14,21,59,910,553,RN 104,,,Nuit sans éclairage public,Hors agglomération,Hors intersection,Normale,Deux véhicules - arrière,,,,,,,,,,,3,1,1,1.0,2
201200050702,0012-06-15 07:45:00,12,6,15,7,45,910,687,AUTOROUTE A6,,,Plein jour,Hors agglomération,Hors intersection,Pluie légère,Deux véhicules - côté,,,,,,,,,,,1,1,1,2.0,3
201200050703,0012-06-15 09:03:00,12,6,15,9,3,940,21,A6B,48.7627,2.34152,Plein jour,Hors agglomération,Hors intersection,Normale,Autre collision,,,,,,,,,,,1,1,1,1.0,6
201200050704,0012-06-15 12:00:00,12,6,15,12,0,940,37,A6A,48.816,2.33672,Plein jour,Hors agglomération,Hors intersection,Normale,Sans collision,,,,,,,,,,,1,1,1,1.0,7
201200050705,0012-06-17 13:40:00,12,6,17,13,40,910,377,BRETELLE A10 / RN20,,,Plein jour,Hors agglomération,Hors intersection,Pluie légère,Sans collision,,,,,,,,,,,1,1,1,2.0,7
201200050706,0012-06-17 08:00:00,12,6,17,8,0,910,161,AUTOROUTE A6,,,Plein jour,Hors agglomération,Hors intersection,Normale,Deux véhicules - côté,,,,,,,,,,,1,1,1,1.0,3
201200050707,0012-06-17 17:41:00,12,6,17,17,41,920,2,AUTOROUTE A6,,,Plein jour,Hors agglomération,Hors intersection,Normale,Deux véhicules - arrière,,,,,,,,,,,1,1,1,1.0,2
201200050708,0012-06-17 18:04:00,12,6,17,18,4,940,34,A6A,48.7514,2.32997,Plein jour,Hors agglomération,Hors intersection,Normale,Trois véhicules et plus - collisions multiples,,,,,,,,,,,1,1,1,1.0,5
201200050709,0012-06-17 21:35:00,12,6,17,21,35,910,521,AUTOROUTE A6,,,Plein jour,Hors agglomération,Hors intersection,Normale,Deux véhicules - arrière,,,,,,,,,,,1,1,1,1.0,2
201200050710,0012-06-18 06:50:00,12,6,18,6,50,940,21,A6A,48.7605,2.33888,Crépuscule ou aube,Hors agglomération,Hors intersection,Temps couvert,Trois véhicules et plus - en chaîne,,,,,,,,,,,2,1,1,8.0,4
201200050711,0012-06-18 07:30:00,12,6,18,7,30,940,34,A86,48.762,2.3143,Plein jour,Hors agglomération,Hors intersection,Normale,Trois véhicules et plus - en chaîne,,,,,,,,,,,1,1,1,1.0,4
201200050712,0012-06-19 07:49:00,12,6,19,7,49,910,377,RN20,,,Plein jour,Hors agglomération,Hors intersection,Normale,Deux véhicules - arrière,,,,,,,,,,,1,1,1,1.0,2
201200050713,0012-06-19 07:50:00,12,6,19,7,50,910,689,AUTOROUTE A6A,,,Plein jour,Hors agglomération,Hors intersection,Normale,Deux véhicules - arrière,,,,,,,,,,,1,1,1,1.0,2
201200050714,0012-06-19 09:02:00,12,6,19,9,2,920,2,AUTOROUTE A86,,,Plein jour,Hors agglomération,Hors intersection,Normale,Sans collision,,,,,,,,,,,1,1,1,1.0,7
201200050715,0012-06-19 13:54:00,12,6,19,13,54,940,65,A86,48.7552,2.34318,Plein jour,Hors agglomération,Hors intersection,Normale,Trois véhicules et plus - collisions multiples,,,,,,,,,,,1,1,1,1.0,5
201200050716,0012-06-19 19:29:00,12,6,19,19,29,940,3,A6A,48.8089,2.33976,Plein jour,Hors agglomération,Hors intersection,Normale,Deux véhicules - arrière,,,,,,,,,,,1,1,1,1.0,2
201200050717,0012-06-21 07:50:00,12,6,21,7,50,910,434,AUTOROUTE A6,,,Plein jour,Hors agglomération,Hors intersection,Normale,Trois véhicules et plus - en chaîne,,,,,,,,,,,1,1,1,1.0,4
201200050718,0012-06-21 07:48:00,12,6,21,7,48,910,377,AUTOROUTE A10,,,Plein jour,Hors agglomération,Hors intersection,Normale,Trois véhicules et plus - en chaîne,,,,,,,,,,,1,1,1,1.0,4
201200050719,0012-06-21 07:39:00,12,6,21,7,39,910,312,RD 444,,,Plein jour,Hors agglomération,Hors intersection,Pluie légère,Autre collision,,,,,,,,,,,1,1,1,2.0,6
201200050720,0012-06-21 10:08:00,12,6,21,10,8,910,64,RN 118,,,Plein jour,Hors agglomération,Hors intersection,Normale,Trois véhicules et plus - en chaîne,,,,,,,,,,,1,1,1,1.0,4
201200050721,0012-06-22 20:40:00,12,6,22,20,40,910,617,RN 104,,,Plein jour,Hors agglomération,Hors intersection,Normale,Deux véhicules - côté,,,,,,,,,,,1,1,1,1.0,3
201200050722,0012-06-23 05:50:00,12,6,23,5,50,920,2,AUTOROUTE A86,,,Crépuscule ou aube,Hors agglomération,Hors intersection,Normale,Sans collision,,,,,,,,,,,2,1,1,1.0,7
201200050723,0012-06-23 16:21:00,12,6,23,16,21,910,136,AUTOROUTE A126,,,Plein jour,Hors agglomération,Hors intersection,Normale,Deux véhicules - côté,,,,,,,,,,,1,1,1,1.0,3
201200050724,0012-06-24 00:21:00,12,6,24,0,21,770,251,AUTOROUTE A5A,,,Nuit sans éclairage public,Hors agglomération,Hors intersection,Normale,Deux véhicules - arrière,,,,,,,,,,,3,1,1,1.0,2
201200050725,0012-06-24 21:49:00,12,6,24,21,49,910,347,RN 104,,,Nuit sans éclairage public,Hors agglomération,Hors intersection,Temps couvert,Deux véhicules - frontale,,,,,,,,,,,3,1,1,8.0,1
201200050726,0012-06-25 17:30:00,12,6,25,17,30,910,86,RN 104,,,Plein jour,Hors agglomération,Hors intersection,Normale,Deux véhicules - côté,,,,,,,,,,,1,1,1,1.0,3
201200050727,0012-06-26 08:49:00,12,6,26,8,49,910,377,AUTOROUTE A10,,,Plein jour,Hors agglomération,Hors intersection,Normale,Deux véhicules - côté,,,,,,,,,,,1,1,1,1.0,3
201200050728,0012-06-26 09:31:00,12,6,26,9,31,910,589,AUTOROUTE A6,,,Plein jour,Hors agglomération,Hors intersection,Pluie légère,Trois véhicules et plus - en chaîne,,,,,,,,,,,1,1,1,2.0,4
201200050729,0012-06-26 19:05:00,12,6,26,19,5,910,549,RN 104,,,Plein jour,Hors agglomération,Hors intersection,Normale,Sans collision,,,,,,,,,,,1,1,1,1.0,7
201200050730,0012-06-28 19:10:00,12,6,28,19,10,910,471,RN 118,,,Plein jour,Hors agglomération,Hors intersection,Normale,Deux véhicules - côté,,,,,,,,,,,1,1,1,1.0,3
201200050731,0012-06-28 22:59:00,12,6,28,22,59,910,645,RN 385 Exterieure,,,Nuit sans éclairage public,Hors agglomération,Hors intersection,Normale,Autre collision,,,,,,,,,,,3,1,1,1.0,6
201200050732,0012-06-29 15:00:00,12,6,29,15,0,910,86,RN 104,,,Plein jour,Hors agglomération,Hors intersection,Normale,Deux véhicules - côté,,,,,,,,,,,1,1,1,1.0,3
201200050733,0012-06-30 05:30:00,12,6,30,5,30,910,689,AUTOROUTE A6B,,,Crépuscule ou aube,Hors agglomération,Hors intersection,Normale,Sans collision,,,,,,,,,,,2,1,1,1.0,7
201200050734,0012-06-30 20:53:00,12,6,30,20,53,910,161,AUTOROUTE A6,,,Plein jour,Hors agglomération,Hors intersection,Normale,Autre collision,,,,,,,,,,,1,1,1,1.0,6
201200050735,0012-06-30 21:17:00,12,6,30,21,17,940,65,A106,48.7549,2.35136,Plein jour,Hors agglomération,Hors intersection,Normale,Sans collision,,,,,,,,,,,1,1,1,1.0,7
201200050736,0012-07-02 06:38:00,12,7,2,6,38,910,161,AUTOROUTE A6,,,Crépuscule ou aube,Hors agglomération,Hors intersection,Normale,Deux véhicules - arrière,,,,,,,,,,,2,1,1,1.0,2
201200050737,0012-07-03 10:33:00,12,7,3,10,33,940,3,A6A,48.8064,2.34155,Plein jour,Hors agglomération,Hors intersection,Normale,Deux véhicules - arrière,,,,,,,,,,,1,1,1,1.0,2
201200050738,0012-07-03 14:35:00,12,7,3,14,35,910,617,RN 104,,,Plein jour,Hors agglomération,Hors intersection,Normale,Trois véhicules et plus - collisions multiples,,,,,,,,,,,1,1,1,1.0,5
201200050739,0012-07-04 07:28:00,12,7,4,7,28,770,251,AUTOROUTE A5A,,,Plein jour,Hors agglomération,Hors intersection,Normale,Autre collision,,,,,,,,,,,1,1,1,1.0,6
201200050740,0012-07-05 06:00:00,12,7,5,6,0,910,589,AUTOROUTE A6,,,Plein jour,Hors agglomération,Hors intersection,Normale,Autre collision,,,,,,,,,,,1,1,1,1.0,6
201200050741,0012-07-05 08:50:00,12,7,5,8,50,910,179,AUTOROUTE A6,,,Plein jour,Hors agglomération,Hors intersection,Normale,Trois véhicules et plus - collisions multiples,,,,,,,,,,,1,1,1,1.0,5
201200050742,0012-07-05 18:49:00,12,7,5,18,49,910,136,AUTOROUTE A10,,,Plein jour,Hors agglomération,Hors intersection,Temps couvert,Deux véhicules - côté,,,,,,,,,,,1,1,1,8.0,3
201200050743,0012-07-05 23:05:00,12,7,5,23,5,910,689,AUTOROUTE A6B,,,Nuit avec éclairage non allumé,Hors agglomération,Hors intersection,Temps couvert,Deux véhicules - arrière,,,,,,,,,,,4,1,1,8.0,2
201200050744,0012-07-05 23:45:00,12,7,5,23,45,910,617,RN 104,,,Nuit sans éclairage public,Hors agglomération,Hors intersection,Normale,Deux véhicules - côté,,,,,,,,,,,3,1,1,1.0,3
201200050745,0012-07-06 08:10:00,12,7,6,8,10,940,43,A6B,48.8159,2.35656,Plein jour,Hors agglomération,Hors intersection,Normale,Deux véhicules - côté,,,,,,,,,,,1,1,1,1.0,3
201200050746,0012-07-06 08:45:00,12,7,6,8,45,910,161,AUTOROUTE A6,,,Plein jour,Hors agglomération,Hors intersection,Pluie légère,Deux véhicules - arrière,,,,,,,,,,,1,1,1,2.0,2
201200050747,0012-07-06 11:30:00,12,7,6,11,30,910,689,AUTOROUTE A6B,,,Plein jour,Hors agglomération,Hors intersection,Pluie légère,Trois véhicules et plus - collisions multiples,,,,,,,,,,,1,1,1,2.0,5
201200050748,0012-07-07 06:59:00,12,7,7,6,59,940,43,A6B,48.8143,2.35519,Plein jour,Hors agglomération,Hors intersection,Normale,Sans collision,,,,,,,,,,,1,1,1,1.0,7
201200050749,0012-07-07 14:39:00,12,7,7,14,39,910,235,RN 104,,,Plein jour,Hors agglomération,Hors intersection,Pluie forte,Deux véhicules - frontale,,,,,,,,,,,1,1,1,3.0,1
201200050750,0012-07-07 18:50:00,12,7,7,18,50,910,468,AUTOROUTE A6,,,Plein jour,Hors agglomération,Hors intersection,Normale,Deux véhicules - arrière,,,,,,,,,,,1,1,1,1.0,2
201200050751,0012-07-08 06:02:00,12,7,8,6,2,910,340,AUTOROUTE A6,,,Crépuscule ou aube,Hors agglomération,Hors intersection,Pluie forte,Trois véhicules et plus - en chaîne,,,,,,,,,,,2,1,1,3.0,4
201200050752,0012-07-08 07:25:00,12,7,8,7,25,910,471,RN 118,,,Plein jour,Hors agglomération,Hors intersection,Normale,Deux véhicules - arrière,,,,,,,,,,,1,1,1,1.0,2
201200050753,0012-07-09 19:45:00,12,7,9,19,45,910,477,AUTOROUTE A10,,,Plein jour,Hors agglomération,Hors intersection,Normale,Deux véhicules - arrière,,,,,,,,,,,1,1,1,1.0,2
201200050754,0012-07-11 07:05:00,12,7,11,7,5,910,312,RD 444,,,Plein jour,Hors agglomération,Hors intersection,Pluie légère,Deux véhicules - côté,,,,,,,,,,,1,1,1,2.0,3
201200050755,0012-07-11 08:05:00,12,7,11,8,5,910,549,RN 104,,,Plein jour,Hors agglomération,Hors intersection,Pluie forte,Deux véhicules - côté,,,,,,,,,,,1,1,1,3.0,3
201200050756,0012-07-11 08:50:00,12,7,11,8,50,920,2,AUTOROUTE A10,,,Plein jour,Hors agglomération,Hors intersection,Pluie légère,Deux véhicules - arrière,,,,,,,,,,,1,1,1,2.0,2
201200050757,0012-07-11 09:20:00,12,7,11,9,20,910,136,AUTOROUTE A10,,,Plein jour,Hors agglomération,Hors intersection,Pluie forte,Autre collision,,,,,,,,,,,1,1,1,3.0,6
201200050758,0012-07-11 10:05:00,12,7,11,10,5,910,661,RD 188 CHEVREUSE,,,Plein jour,Hors agglomération,Hors intersection,Pluie légère,Deux véhicules - arrière,,,,,,,,,,,1,1,1,2.0,2
201200050759,0012-07-12 08:30:00,12,7,12,8,30,910,286,AUTOROUTE A6,,,Plein jour,Hors agglomération,Hors intersection,Normale,Trois véhicules et plus - en chaîne,,,,,,,,,,,1,1,1,1.0,4
201200050760,0012-07-12 13:10:00,12,7,12,13,10,910,377,AUTOROUTE A10,,,Plein jour,Hors agglomération,Hors intersection,Normale,Sans collision,,,,,,,,,,,1,1,1,1.0,7
201200050761,0012-07-13 12:02:00,12,7,13,12,2,910,136,A10 PROVINCE / RD188 PRO,,,Plein jour,Hors agglomération,Hors intersection,Pluie légère,Deux véhicules - côté,,,,,,,,,,,1,1,1,2.0,3
201200050762,0012-07-14 05:10:00,12,7,14,5,10,940,43,A6B,48.8155,2.35613,Crépuscule ou aube,Hors agglomération,Hors intersection,Pluie légère,Deux véhicules - arrière,,,,,,,,,,,2,1,1,2.0,2
201200050763,0012-07-16 18:05:00,12,7,16,18,5,920,19,RN 385,,,Plein jour,Hors agglomération,Hors intersection,Normale,Deux véhicules - côté,,,,,,,,,,,1,1,1,1.0,3
201200050764,0012-07-17 09:12:00,12,7,17,9,12,910,312,RD 444,,,Plein jour,Hors agglomération,Hors intersection,Normale,Trois véhicules et plus - collisions multiples,,,,,,,,,,,1,1,1,1.0,5
201200050765,0012-07-17 16:48:00,12,7,17,16,48,910,689,AUTOROUTE A6B,,,Plein jour,Hors agglomération,Hors intersection,Normale,Deux véhicules - côté,,,,,,,,,,,1,1,1,1.0,3