accident_id,datetime,annee,mois,jour,heure,minute,departement,commune_insee,adresse,latitude,longitude,luminosite,agglomeration,intersection,meteo,collision,nb_vehicules,nb_usagers,nb_indemnes,nb_tues,nb_blesses_hosp,nb_blesses_legers,age_cond_1,age_cond_2,veh_type_cond_1,veh_type_cond_2,lum_code,agg_code,int_code,atm_code,col_code
201200051032,0012-12-13 09:50:00,12,12,13,9,50,910,589,AUTOROUTE A6,,,Plein jour,Hors agglomération,Hors intersection,Normale,Sans collision,,,,,,,,,,,1,1,1,1.0,7
201200051033,0012-12-14 17:50:00,12,12,14,17,50,910,521,AUTOROUTE A6,,,Nuit sans éclairage public,Hors agglomération,Hors intersection,Normale,Trois véhicules et plus - en chaîne,,,,,,,,,,,3,1,1,1.0,4
201200051034,0012-12-14 06:25:00,12,12,14,6,25,910,340,AUTOROUTE A6,,,Nuit avec éclairage non allumé,Hors agglomération,Hors intersection,Pluie légère,Sans collision,,,,,,,,,,,4,1,1,2.0,7
201200051035,0012-12-14 13:34:00,12,12,14,13,34,910,340,RN 104,,,Plein jour,Hors agglomération,Hors intersection,Pluie légère,Sans collision,,,,,,,,,,,1,1,1,2.0,7
201200051036,0012-12-15 02:55:00,12,12,15,2,55,910,471,RN 118,,,Nuit sans éclairage public,Hors agglomération,Hors intersection,Pluie légère,Autre collision,,,,,,,,,,,3,1,1,2.0,6
201200051037,0012-12-17 08:34:00,12,12,17,8,34,910,216,AUTOROUTE A6,,,Plein jour,Hors agglomération,Hors intersection,Normale,Deux véhicules - arrière,,,,,,,,,,,1,1,1,1.0,2
201200051038,0012-12-17 10:01:00,12,12,17,10,1,910,136,A10 PARIS / RN188 PARIS,,,Plein jour,Hors agglomération,Hors intersection,Normale,Sans collision,,,,,,,,,,,1,1,1,1.0,7
201200051039,0012-12-17 10:40:00,12,12,17,10,40,940,38,A6A,48.7872,2.34533,Plein jour,Hors agglomération,Hors intersection,Temps couvert,Deux véhicules - arrière,,,,,,,,,,,1,1,1,8.0,2
201200051040,0012-12-17 16:23:00,12,12,17,16,23,910,235,RN 445,,,Plein jour,Hors agglomération,Hors intersection,Temps couvert,Deux véhicules - frontale,,,,,,,,,,,1,1,1,8.0,1
201200051041,0012-12-17 18:30:00,12,12,17,18,30,910,136,AUTOROUTE A126,,,Nuit sans éclairage public,Hors agglomération,Hors intersection,Normale,Trois véhicules et plus - collisions multiples,,,,,,,,,,,3,1,1,1.0,5
201200051042,0012-12-18 08:38:00,12,12,18,8,38,910,521,AUTOROUTE A6,,,Crépuscule ou aube,Hors agglomération,Hors intersection,Pluie légère,Sans collision,,,,,,,,,,,2,1,1,2.0,7
201200051043,0012-12-19 11:52:00,12,12,19,11,52,940,38,A6B,48.7897,2.34389,Plein jour,Hors agglomération,Hors intersection,Pluie légère,Sans collision,,,,,,,,,,,1,1,1,2.0,7
201200051044,0012-12-18 16:40:00,12,12,18,16,40,910,64,RN 118,,,Plein jour,Hors agglomération,Hors intersection,Normale,Autre collision,,,,,,,,,,,1,1,1,1.0,6
201200051045,0012-12-18 22:32:00,12,12,18,22,32,940,38,A6B,48.7874,2.34483,Nuit sans éclairage public,Hors agglomération,Hors intersection,Normale,Deux véhicules - côté,,,,,,,,,,,3,1,1,1.0,3
201200051046,0012-12-19 00:12:00,12,12,19,0,12,910,432,AUTOROUTE A6,,,Nuit avec éclairage non allumé,Hors agglomération,Hors intersection,Normale,Deux véhicules - côté,,,,,,,,,,,4,1,1,1.0,3
201200051047,0012-12-19 08:59:00,12,12,19,8,59,910,661,AUTOROUTE A10,,,Plein jour,Hors agglomération,Hors intersection,Pluie légère,Deux véhicules - arrière,,,,,,,,,,,1,1,1,2.0,2
201200051048,0012-12-19 18:38:00,12,12,19,18,38,920,2,AUTOROUTE A86,,,Nuit avec éclairage allumé,Hors agglomération,Hors intersection,Pluie légère,Sans collision,,,,,,,,,,,5,1,1,2.0,7
201200051049,0012-12-19 19:20:00,12,12,19,19,20,910,228,RN 449,,,Nuit sans éclairage public,Hors agglomération,Hors intersection,Pluie légère,Trois véhicules et plus - en chaîne,,,,,,,,,,,3,1,1,2.0,4
201200051050,0012-12-19 19:20:00,12,12,19,19,20,910,521,RN 449,,,Nuit sans éclairage public,Hors agglomération,Hors intersection,Pluie légère,Trois véhicules et plus - en chaîne,,,,,,,,,,,3,1,1,2.0,4
201200051051,0012-12-20 09:17:00,12,12,20,9,17,910,161,AUTOROUTE A6,,,Plein jour,Hors agglomération,Hors intersection,Pluie légère,Deux véhicules - arrière,,,,,,,,,,,1,1,1,2.0,2
201200051052,0012-12-20 17:56:00,12,12,20,17,56,940,38,A6A,48.7871,2.34522,Nuit avec éclairage non allumé,Hors agglomération,Hors intersection,Pluie légère,Deux véhicules - côté,,,,,,,,,,,4,1,1,2.0,3
201200051053,0012-12-21 08:20:00,12,12,21,8,20,940,34,A6A,48.7567,2.3349,Crépuscule ou aube,Hors agglomération,Hors intersection,Normale,Trois véhicules et plus - collisions multiples,,,,,,,,,,,2,1,1,1.0,5
201200051054,0012-12-21 16:36:00,12,12,21,16,36,940,34,A86,48.7555,2.34363,Plein jour,Hors agglomération,Hors intersection,Normale,Deux véhicules - côté,,,,,,,,,,,1,1,1,1.0,3
201200051055,0012-12-22 03:50:00,12,12,22,3,50,910,689,AUTOROUTE A6B,,,Nuit avec éclairage allumé,Hors agglomération,Hors intersection,Normale,Deux véhicules - arrière,,,,,,,,,,,5,1,1,1.0,2
201200051056,0012-12-22 14:43:00,12,12,22,14,43,910,689,AUTOROUTE A6A,,,Plein jour,Hors agglomération,Hors intersection,Normale,Trois véhicules et plus - en chaîne,,,,,,,,,,,1,1,1,1.0,4
201200051057,0012-12-22 19:10:00,12,12,22,19,10,910,521,RN 440,,,Nuit sans éclairage public,Hors agglomération,Hors intersection,Pluie légère,Sans collision,,,,,,,,,,,3,1,1,2.0,7
201200051058,0012-12-24 05:48:00,12,12,24,5,48,910,339,RN 104,,,Nuit sans éclairage public,Hors agglomération,Hors intersection,Normale,Autre collision,,,,,,,,,,,3,1,1,1.0,6
201200051059,0012-12-24 07:44:00,12,12,24,7,44,910,589,AUTOROUTE A6,,,Crépuscule ou aube,Hors agglomération,Hors intersection,Normale,Sans collision,,,,,,,,,,,2,1,1,1.0,7
201200051060,0012-12-26 13:23:00,12,12,26,13,23,940,34,A86,48.7581,2.32646,Plein jour,Hors agglomération,Hors intersection,Normale,Deux véhicules - arrière,,,,,,,,,,,1,1,1,1.0,2
201200051061,0012-12-27 09:50:00,12,12,27,9,50,910,64,RN 118,,,Plein jour,Hors agglomération,Hors intersection,Pluie légère,Sans collision,,,,,,,,,,,1,1,1,2.0,7
201200051062,0012-12-27 15:17:00,12,12,27,15,17,910,340,AUTOROUTE A6,,,Plein jour,Hors agglomération,Hors intersection,Temps couvert,Trois véhicules et plus - en chaîne,,,,,,,,,,,1,1,1,8.0,4
201200051063,0012-12-28 11:07:00,12,12,28,11,7,910,521,RN 104,,,Plein jour,Hors agglomération,Hors intersection,Pluie légère,Sans collision,,,,,,,,,,,1,1,1,2.0,7
201200051064,0012-12-28 14:29:00,12,12,28,14,29,910,617,RN 104,,,Plein jour,Hors agglomération,Hors intersection,Pluie légère,Sans collision,,,,,,,,,,,1,1,1,2.0,7
201200051065,0012-12-28 14:51:00,12,12,28,14,51,910,377,AUTOROUTE A10,,,Plein jour,Hors agglomération,Hors intersection,Normale,Autre collision,,,,,,,,,,,1,1,1,1.0,6
201200051066,0012-12-28 16:01:00,12,12,28,16,1,920,2,AUTOROUTE A10,,,Plein jour,Hors agglomération,Hors intersection,Normale,Sans collision,,,,,,,,,,,1,1,1,1.0,7
201200051067,0012-12-29 04:30:00,12,12,29,4,30,910,689,AUTOROUTE A6,,,Nuit sans éclairage public,Hors agglomération,Hors intersection,Normale,Deux véhicules - arrière,,,,,,,,,,,3,1,1,1.0,2
201200051068,0012-12-31 18:10:00,12,12,31,18,10,920,2,AUTOROUTE A10,,,Nuit sans éclairage public,Hors agglomération,Hors intersection,Normale,Deux véhicules - côté,,,,,,,,,,,3,1,1,1.0,3
201200051069,0012-01-01 01:55:00,12,1,1,1,55,202,33,"sans, ST FLORENT-ANCIENN",,,Nuit avec éclairage allumé,En agglomération,Hors intersection,Normale,Autre collision,,,,,,,,,,,5,2,1,1.0,6
201200051070,0012-01-03 20:33:00,12,1,3,20,33,202,33,"SANS, SAMPIERO CORSO - A",,,Nuit avec éclairage allumé,En agglomération,Hors intersection,Normale,Autre collision,,,,,,,,,,,5,2,1,1.0,6
201200051071,0012-01-04 18:33:00,12,1,4,18,33,202,33,"SANS, SARI - AV EMILE",,,Nuit avec éclairage allumé,En agglomération,Hors intersection,Normale,Autre collision,,,,,,,,,,,5,2,1,1.0,6
201200051072,0012-01-07 17:00:00,12,1,7,17,0,202,33,"SANS, ROUTE ROYALE",,,Crépuscule ou aube,En agglomération,Hors intersection,Normale,Deux véhicules - frontale,,,,,,,,,,,2,2,1,1.0,1
201200051073,0012-01-10 18:30:00,12,1,10,18,30,202,120,"SANS, TOUTES RUES",,,Nuit avec éclairage allumé,Hors agglomération,Hors intersection,Normale,Autre collision,,,,,,,,,,,5,1,1,1.0,6
201200051074,0012-01-12 07:03:00,12,1,12,7,3,202,37,"sans, TOUTES RUES",,,Crépuscule ou aube,En agglomération,Hors intersection,Normale,Autre collision,,,,,,,,,,,2,2,1,1.0,6
201200051075,0012-01-13 13:43:00,12,1,13,13,43,202,33,"SANS, TOUTES RUES",,,Plein jour,En agglomération,Hors intersection,Normale,Autre collision,,,,,,,,,,,1,2,1,1.0,6
201200051076,0012-01-15 20:14:00,12,1,15,20,14,202,33,"sans, SAMPIERO CORSO - A",,,Plein jour,En agglomération,Hors intersection,Normale,Deux véhicules - côté,,,,,,,,,,,1,2,1,1.0,3
201200051077,0012-01-18 19:30:00,12,1,18,19,30,202,120,"sans, TOUTES RUES",,,Plein jour,En agglomération,Hors intersection,Normale,Deux véhicules - arrière,,,,,,,,,,,1,2,1,1.0,2
201200051078,0012-01-19 23:05:00,12,1,19,23,5,202,120,"SANS, TOUTES RUES",,,Nuit avec éclairage allumé,Hors agglomération,Hors intersection,Normale,Autre collision,,,,,,,,,,,5,1,1,1.0,6
201200051079,0012-01-20 12:51:00,12,1,20,12,51,202,37,"sans, TOUTES RUES",,,Plein jour,Hors agglomération,Hors intersection,Normale,Deux véhicules - côté,,,,,,,,,,,1,1,1,1.0,3
201200051080,0012-01-23 09:50:00,12,1,23,9,50,202,37,"sans, TOUTES RUES",,,Plein jour,Hors agglomération,Hors intersection,Normale,Deux véhicules - côté,,,,,,,,,,,1,1,1,1.0,3
201200051081,0012-01-24 11:32:00,12,1,24,11,32,202,37,"SANS, TOUTES RUES",,,Plein jour,Hors agglomération,Hors intersection,Normale,Deux véhicules - arrière,,,,,,,,,,,1,1,1,1.0,2
201200051082,0012-01-26 16:32:00,12,1,26,16,32,202,33,"sans, ROUTE ROYALE",,,Plein jour,En agglomération,Hors intersection,Normale,Deux véhicules - côté,,,,,,,,,,,1,2,1,1.0,3
201200051083,0012-01-27 18:11:00,12,1,27,18,11,202,33,"sans, FAVALE - COURS",,,Nuit avec éclairage allumé,En agglomération,Hors intersection,Normale,Autre collision,,,,,,,,,,,5,2,1,1.0,6
201200051084,0012-01-28 18:50:00,12,1,28,18,50,202,37,"SANS, TOUTES RUES",,,Nuit avec éclairage allumé,Hors agglomération,Hors intersection,Pluie légère,Deux véhicules - côté,,,,,,,,,,,5,1,1,2.0,3
201200051085,0012-01-30 05:30:00,12,1,30,5,30,202,33,"sans, FRONT DE MER - ROU",,,Nuit avec éclairage allumé,En agglomération,Hors intersection,Pluie légère,Autre collision,,,,,,,,,,,5,2,1,2.0,6
201200051086,0012-02-01 11:48:00,12,2,1,11,48,202,120,"sans, TOUTES RUES",,,Plein jour,En agglomération,Hors intersection,Normale,Deux véhicules - côté,,,,,,,,,,,1,2,1,1.0,3
201200051087,0012-02-03 00:58:00,12,2,3,0,58,202,33,"SANS, FRONT DE MER - ROU",,,Nuit avec éclairage allumé,En agglomération,Hors intersection,Normale,Autre collision,,,,,,,,,,,5,2,1,1.0,6
201200051088,0012-02-04 21:45:00,12,2,4,21,45,202,120,"sans, TOUTES RUES",,,Nuit avec éclairage allumé,Hors agglomération,Hors intersection,Neige / grêle,Autre collision,,,,,,,,,,,5,1,1,4.0,6
201200051089,0012-02-10 16:32:00,12,2,10,16,32,202,33,"sans, TUNNEL - PASSERELL",,,Plein jour,En agglomération,Hors intersection,Neige / grêle,Deux véhicules - arrière,,,,,,,,,,,1,2,1,4.0,2
201200051090,0012-02-13 14:05:00,12,2,13,14,5,202,120,"SANS, TOUTES RUES",,,Plein jour,En agglomération,Hors intersection,Normale,Trois véhicules et plus - en chaîne,,,,,,,,,,,1,2,1,1.0,4
201200051091,0012-02-15 16:13:00,12,2,15,16,13,202,33,"SANS, PAOLI DU NR 21 AU",,,Plein jour,En agglomération,Hors intersection,Normale,Autre collision,,,,,,,,,,,1,2,1,1.0,6
201200051092,0012-02-18 17:14:00,12,2,18,17,14,202,33,"SANS, SALICETTI RUE",,,Crépuscule ou aube,En agglomération,Intersection en T,Normale,Deux véhicules - côté,,,,,,,,,,,2,2,3,1.0,3
201200051093,0012-02-21 14:12:00,12,2,21,14,12,202,37,TOUTES RUES,,,Plein jour,En agglomération,Hors intersection,Normale,Deux véhicules - côté,,,,,,,,,,,1,2,1,1.0,3
201200051094,0012-02-28 20:44:00,12,2,28,20,44,202,33,TOUTES RUES,,,Nuit avec éclairage allumé,En agglomération,Hors intersection,Normale,Autre collision,,,,,,,,,,,5,2,1,1.0,6
201200051095,0012-02-28 19:40:00,12,2,28,19,40,202,37,TOUTES RUES,,,Nuit sans éclairage public,En agglomération,Hors intersection,Normale,Trois véhicules et plus - en chaîne,,,,,,,,,,,3,2,1,1.0,4
201200051096,0012-02-29 16:55:00,12,2,29,16,55,202,33,TOUTES RUES,,,Plein jour,En agglomération,Giratoire,Normale,Deux véhicules - côté,,,,,,,,,,,1,2,6,1.0,3
201200051097,0012-03-03 04:56:00,12,3,3,4,56,202,33,ROUTE ROYALE,,,Nuit sans éclairage public,En agglomération,Intersection en X,Normale,Deux véhicules - côté,,,,,,,,,,,3,2,2,1.0,3
201200051098,0012-03-06 18:45:00,12,3,6,18,45,202,37,TOUTES RUES,,,Nuit sans éclairage public,En agglomération,Hors intersection,Pluie forte,Deux véhicules - côté,,,,,,,,,,,3,2,1,3.0,3
201200051099,0012-03-06 18:50:00,12,3,6,18,50,202,37,TOUTES RUES,,,Nuit sans éclairage public,En agglomération,Hors intersection,Pluie forte,Deux véhicules - arrière,,,,,,,,,,,3,2,1,3.0,2
201200051100,0012-03-10 14:35:00,12,3,10,14,35,202,37,TOUTES RUES,,,Plein jour,En agglomération,Hors intersection,Normale,Deux véhicules - arrière,,,,,,,,,,,1,2,1,1.0,2
201200051101,0012-03-08 17:05:00,12,3,8,17,5,202,33,"SANS, TOUTES RUES",,,Plein jour,En agglomération,Hors intersection,Normale,Deux véhicules - côté,,,,,,,,,,,1,2,1,1.0,3
201200051102,0012-03-08 16:22:00,12,3,8,16,22,202,120,"sans, TOUTES RUES",,,Plein jour,En agglomération,Hors intersection,Normale,Deux véhicules - côté,,,,,,,,,,,1,2,1,1.0,3
201200051103,0012-03-11 07:40:00,12,3,11,7,40,202,33,"SANS, AGLIANI - CHEMIN D",,,Plein jour,En agglomération,Hors intersection,Normale,Autre collision,,,,,,,,,,,1,2,1,1.0,6
201200051104,0012-03-14 10:10:00,12,3,14,10,10,202,33,AGLIANI - CHEMIN D',,,Plein jour,En agglomération,Hors intersection,Normale,Deux véhicules - arrière,,,,,,,,,,,1,2,1,1.0,2
201200051105,0012-03-14 10:35:00,12,3,14,10,35,202,33,TOUTES RUES,,,Plein jour,En agglomération,Hors intersection,Normale,Deux véhicules - arrière,,,,,,,,,,,1,2,1,1.0,2
201200051106,0012-03-23 21:25:00,12,3,23,21,25,202,33,"SANS, ROUTE ROYALE",,,Nuit avec éclairage allumé,En agglomération,Hors intersection,Normale,Trois véhicules et plus - collisions multiples,,,,,,,,,,,5,2,1,1.0,5
201200051107,0012-03-23 23:25:00,12,3,23,23,25,202,33,"SANS, VEZZANI - RUE CESA",,,Nuit avec éclairage allumé,En agglomération,Hors intersection,Pluie légère,Autre collision,,,,,,,,,,,5,2,1,2.0,6
201200051108,0012-03-24 20:51:00,12,3,24,20,51,202,120,"SANS, TOUTES RUES",,,Nuit avec éclairage allumé,En agglomération,Hors intersection,Normale,Autre collision,,,,,,,,,,,5,2,1,1.0,6
201200051109,0012-03-26 06:40:00,12,3,26,6,40,202,33,"SANS, COL DE TEGHIME",,,Crépuscule ou aube,Hors agglomération,Hors intersection,Normale,Deux véhicules - frontale,,,,,,,,,,,2,1,1,1.0,1
201200051110,0012-03-26 13:49:00,12,3,26,13,49,202,120,"SANS, TOUTES RUES",,,Plein jour,En agglomération,Hors intersection,Normale,Deux véhicules - côté,,,,,,,,,,,1,2,1,1.0,3
201200051111,0012-03-26 16:32:00,12,3,26,16,32,202,33,"SANS, ROUTE ROYALE",,,Plein jour,En agglomération,Hors intersection,Normale,Deux véhicules - côté,,,,,,,,,,,1,2,1,1.0,3
201200051112,0012-03-26 17:51:00,12,3,26,17,51,202,120,"sans, TOUTES RUES",,,Plein jour,En agglomération,Hors intersection,Normale,Deux véhicules - côté,,,,,,,,,,,1,2,1,1.0,3
201200051113,0012-03-28 13:13:00,12,3,28,13,13,202,120,"SANS, TOUTES RUES",,,Plein jour,Hors agglomération,Hors intersection,Pluie légère,Deux véhicules - frontale,,,,,,,,,,,1,1,1,2.0,1
201200051114,0012-04-02 13:50:00,12,4,2,13,50,202,33,"SANS, FRONT DE MER - ROU",,,Plein jour,En agglomération,Hors intersection,Normale,Trois véhicules et plus - en chaîne,,,,,,,,,,,1,2,1,1.0,4
201200051115,0012-04-05 15:40:00,12,4,5,15,40,202,33,193 - RN,,,Plein jour,En agglomération,Hors intersection,Normale,Trois véhicules et plus - en chaîne,,,,,,,,,,,1,2,1,1.0,4
201200051116,0012-04-06 21:43:00,12,4,6,21,43,202,33,"SANS, AV DE LA LIBERATIO",,,Nuit avec éclairage allumé,En agglomération,Hors intersection,Normale,Deux véhicules - frontale,,,,,,,,,,,5,2,1,1.0,1
201200051117,0012-04-07 02:08:00,12,4,7,2,8,202,37,"sans, TOUTES RUES",,,Nuit avec éclairage allumé,Hors agglomération,Hors intersection,Normale,Sans collision,,,,,,,,,,,5,1,1,1.0,7
201200051118,0012-04-10 13:00:00,12,4,10,13,0,202,33,TOUTES RUES,,,Plein jour,En agglomération,Intersection en X,Normale,Deux véhicules - côté,,,,,,,,,,,1,2,2,1.0,3
201200051119,0012-04-11 05:05:00,12,4,11,5,5,202,33,AV DE LA LIBERATION,,,Nuit avec éclairage allumé,En agglomération,Intersection en T,Pluie légère,Deux véhicules - côté,,,,,,,,,,,5,2,3,2.0,3
201200051120,0012-04-12 08:25:00,12,4,12,8,25,202,33,ST FLORENT-ANCIENNE RT D,,,Plein jour,Hors agglomération,Hors intersection,Normale,Deux véhicules - frontale,,,,,,,,,,,1,1,1,1.0,1
201200051121,0012-04-13 10:45:00,12,4,13,10,45,202,120,"SANS, TOUTES RUES",,,Plein jour,En agglomération,Hors intersection,Normale,Deux véhicules - arrière,,,,,,,,,,,1,2,1,1.0,2
201200051122,0012-04-14 20:04:00,12,4,14,20,4,202,33,"sans, ROUTE ROYALE",,,Nuit avec éclairage allumé,En agglomération,Hors intersection,Normale,Deux véhicules - côté,,,,,,,,,,,5,2,1,1.0,3
201200051123,0012-04-19 07:35:00,12,4,19,7,35,202,33,"SANS, TOUTES RUES",,,Plein jour,En agglomération,Hors intersection,Normale,Deux véhicules - côté,,,,,,,,,,,1,2,1,1.0,3
201200051124,0012-04-20 15:07:00,12,4,20,15,7,202,120,"SANS, TOUTES RUES",,,Plein jour,Hors agglomération,Hors intersection,Normale,Deux véhicules - côté,,,,,,,,,,,1,1,1,1.0,3
201200051125,0012-04-22 07:12:00,12,4,22,7,12,202,37,"SANS, TOUTES RUES",,,Plein jour,Hors agglomération,Hors intersection,Normale,Autre collision,,,,,,,,,,,1,1,1,1.0,6
201200051126,0012-04-27 16:00:00,12,4,27,16,0,202,120,"SANS, TOUTES RUES",,,Plein jour,Hors agglomération,Hors intersection,Normale,Deux véhicules - arrière,,,,,,,,,,,1,1,1,1.0,2
201200051127,0012-04-16 20:05:00,12,4,16,20,5,202,33,SEBASTIANI  - AVENUE,,,Crépuscule ou aube,En agglomération,Intersection en X,Normale,Autre collision,,,,,,,,,,,2,2,2,1.0,6
201200051128,0012-04-23 09:20:00,12,4,23,9,20,202,33,TOUTES RUES,,,Plein jour,En agglomération,Hors intersection,Normale,Autre collision,,,,,,,,,,,1,2,1,1.0,6
201200051129,0012-04-23 22:49:00,12,4,23,22,49,202,33,AV DE LA LIBERATION,,,Nuit avec éclairage allumé,En agglomération,Hors intersection,Normale,Deux véhicules - côté,,,,,,,,,,,5,2,1,1.0,3
201200051130,0012-05-01 10:50:00,12,5,1,10,50,202,37,"SANS, TOUTES RUES",,,Plein jour,En agglomération,Hors intersection,Pluie légère,Autre collision,,,,,,,,,,,1,2,1,2.0,6
201200051131,0012-05-12 19:49:00,12,5,12,19,49,202,33,AV DE LA LIBERATION,,,Plein jour,En agglomération,Hors intersection,Normale,Deux véhicules - côté,,,,,,,,,,,1,2,1,1.0,3
201200051132,0012-05-13 20:40:00,12,5,13,20,40,202,120,TOUTES RUES,,,Crépuscule ou aube,Hors agglomération,Hors intersection,Normale,Sans collision,,,,,,,,,,,2,1,1,1.0,7
201200051133,0012-05-18 11:10:00,12,5,18,11,10,202,120,"SANS, TOUTES RUES",,,Plein jour,En agglomération,Hors intersection,Normale,Autre collision,,,,,,,,,,,1,2,1,1.0,6
201200051134,0012-05-18 17:03:00,12,5,18,17,3,202,37,"SANS, TOUTES RUES",,,Plein jour,En agglomération,Hors intersection,Normale,Sans collision,,,,,,,,,,,1,2,1,1.0,7
201200051135,0012-05-20 15:48:00,12,5,20,15,48,202,33,TOUTES RUES,,,Plein jour,Hors agglomération,Hors intersection,Normale,Deux véhicules - frontale,,,,,,,,,,,1,1,1,1.0,1
201200051136,0012-05-20 17:45:00,12,5,20,17,45,202,33,"sans, ROUTE ROYALE",,,Plein jour,En agglomération,Hors intersection,Normale,Deux véhicules - arrière,,,,,,,,,,,1,2,1,1.0,2
201200051137,0012-05-22 16:20:00,12,5,22,16,20,202,37,"SANS, TOUTES RUES",,,Plein jour,Hors agglomération,Hors intersection,Normale,Trois véhicules et plus - en chaîne,,,,,,,,,,,1,1,1,1.0,4
201200051138,0012-05-22 19:05:00,12,5,22,19,5,202,33,"sans, CAP - ROUTE DU CAP",,,Nuit avec éclairage allumé,Hors agglomération,Hors intersection,Normale,Sans collision,,,,,,,,,,,5,1,1,1.0,7
201200051139,0012-05-23 11:40:00,12,5,23,11,40,202,33,"SANS, CAPITAINE THEN",,,Plein jour,En agglomération,Hors intersection,Normale,Autre collision,,,,,,,,,,,1,2,1,1.0,6
201200051140,0012-05-24 08:30:00,12,5,24,8,30,202,33,"SANS, ABATUCCI - RUE",,,Plein jour,En agglomération,Hors intersection,Normale,Autre collision,,,,,,,,,,,1,2,1,1.0,6
201200051141,0012-05-24 12:28:00,12,5,24,12,28,202,37,"SANS, TOUTES RUES",,,Plein jour,Hors agglomération,Intersection en T,Normale,Deux véhicules - côté,,,,,,,,,,,1,1,3,1.0,3
201200051142,0012-05-26 01:31:00,12,5,26,1,31,202,33,FRONT DE MER - ROUTE DU,,,Nuit avec éclairage allumé,En agglomération,Hors intersection,Pluie légère,Autre collision,,,,,,,,,,,5,2,1,2.0,6
201200051143,0012-06-01 08:45:00,12,6,1,8,45,202,37,"sans, TOUTES RUES",,,Plein jour,Hors agglomération,Hors intersection,Pluie légère,Deux véhicules - frontale,,,,,,,,,,,1,1,1,2.0,1
201200051144,0012-06-01 14:14:00,12,6,1,14,14,202,33,"SANS, TOUTES RUES",,,Plein jour,En agglomération,Hors intersection,Normale,Deux véhicules - arrière,,,,,,,,,,,1,2,1,1.0,2
201200051145,0012-06-03 19:45:00,12,6,3,19,45,202,33,"35, PAOLI DU NR 21 AU 45",,,Nuit avec éclairage allumé,En agglomération,Hors intersection,Normale,Deux véhicules - côté,,,,,,,,,,,5,2,1,1.0,3
201200051146,0012-06-04 08:45:00,12,6,4,8,45,202,33,"SANS, AV DE LA LIBERATIO",,,Plein jour,En agglomération,Hors intersection,Normale,Deux véhicules - côté,,,,,,,,,,,1,2,1,1.0,3
201200051147,0012-06-06 20:40:00,12,6,6,20,40,202,33,"SANS, AV DE LA LIBERATIO",,,Nuit avec éclairage allumé,En agglomération,Hors intersection,Normale,Deux véhicules - arrière,,,,,,,,,,,5,2,1,1.0,2
201200051148,0012-06-06 11:05:00,12,6,6,11,5,202,33,"SANS, 193 - RN",,,Plein jour,En agglomération,Hors intersection,Normale,Deux véhicules - arrière,,,,,,,,,,,1,2,1,1.0,2
201200051149,0012-06-08 09:59:00,12,6,8,9,59,202,33,"sans, VEZZANI - RUE CESA",,,Plein jour,En agglomération,Hors intersection,Normale,Deux véhicules - côté,,,,,,,,,,,1,2,1,1.0,3
201200051150,0012-06-11 21:40:00,12,6,11,21,40,202,33,"SANS, AV DE LA LIBERATIO",,,Nuit avec éclairage allumé,En agglomération,Hors intersection,Normale,Autre collision,,,,,,,,,,,5,2,1,1.0,6
201200051151,0012-06-13 20:24:00,12,6,13,20,24,202,120,", TOUTES RUES",,,Crépuscule ou aube,En agglomération,Hors intersection,Normale,Autre collision,,,,,,,,,,,2,2,1,1.0,6
201200051152,0012-06-16 11:00:00,12,6,16,11,0,202,120,"SANS, TOUTES RUES",,,Plein jour,En agglomération,Hors intersection,Pluie légère,Deux véhicules - côté,,,,,,,,,,,1,2,1,2.0,3
201200051153,0012-06-18 22:00:00,12,6,18,22,0,202,120,"SANS, TOUTES RUES",,,Nuit avec éclairage non allumé,Hors agglomération,Hors intersection,Normale,Autre collision,,,,,,,,,,,4,1,1,1.0,6
201200051154,0012-06-19 10:44:00,12,6,19,10,44,202,33,"sans, FRONT DE MER - ROU",,,Plein jour,En agglomération,Hors intersection,Normale,Trois véhicules et plus - collisions multiples,,,,,,,,,,,1,2,1,1.0,5
201200051155,0012-06-21 18:33:00,12,6,21,18,33,202,33,"SANS, SEBASTIANI  - AVEN",,,Plein jour,En agglomération,Hors intersection,Normale,Autre collision,,,,,,,,,,,1,2,1,1.0,6
201200051156,0012-06-22 21:20:00,12,6,22,21,20,202,33,"SANS, TOUTES RUES",,,Nuit avec éclairage allumé,En agglomération,Hors intersection,Normale,Autre collision,,,,,,,,,,,5,2,1,1.0,6
201200051157,0012-06-24 13:25:00,12,6,24,13,25,202,37,"sans, TOUTES RUES",,,Plein jour,En agglomération,Intersection en X,Normale,Deux véhicules - côté,,,,,,,,,,,1,2,2,1.0,3
201200051158,0012-06-26 13:28:00,12,6,26,13,28,202,33,"SANS, CAPITAINE THEN",,,Plein jour,En agglomération,Hors intersection,Normale,Autre collision,,,,,,,,,,,1,2,1,1.0,6
201200051159,0012-06-27 18:40:00,12,6,27,18,40,202,33,"sans, 193 - RN",,,Plein jour,En agglomération,Hors intersection,Normale,Deux véhicules - arrière,,,,,,,,,,,1,2,1,1.0,2
201200051160,0012-06-28 12:18:00,12,6,28,12,18,202,33,"SANS, TOUTES RUES",,,Plein jour,En agglomération,Hors intersection,Normale,Deux véhicules - côté,,,,,,,,,,,1,2,1,1.0,3
201200051161,0012-06-29 13:51:00,12,6,29,13,51,202,33,"SANS, VOIE RAPIDE",,,Plein jour,En agglomération,Hors intersection,Normale,Autre collision,,,,,,,,,,,1,2,1,1.0,6