accident_id,datetime,annee,mois,jour,heure,minute,departement,commune_insee,adresse,latitude,longitude,luminosite,agglomeration,intersection,meteo,collision,nb_vehicules,nb_usagers,nb_indemnes,nb_tues,nb_blesses_hosp,nb_blesses_legers,age_cond_1,age_cond_2,veh_type_cond_1,veh_type_cond_2,lum_code,agg_code,int_code,atm_code,col_code
201200051682,0012-12-13 19:30:00,12,12,13,19,30,690,383,"0, RUE SERVIENT",,,Nuit avec éclairage allumé,En agglomération,Intersection en X,Pluie légère,Deux véhicules - côté,,,,,,,,,,,5,2,2,2.0,3
201200051683,0012-12-14 16:30:00,12,12,14,16,30,690,386,"0, RUE NEY",,,Plein jour,En agglomération,Intersection en X,Pluie légère,Autre collision,,,,,,,,,,,1,2,2,2.0,6
201200051684,0012-12-17 09:30:00,12,12,17,9,30,690,386,"25, BOULEVARD DES BELGES",,,Plein jour,En agglomération,Hors intersection,Normale,Deux véhicules - arrière,,,,,,,,,,,1,2,1,1.0,2
201200051685,0012-12-17 16:25:00,12,12,17,16,25,690,383,"0, RUE DU LAC",,,Plein jour,En agglomération,Intersection en X,Normale,Deux véhicules - côté,,,,,,,,,,,1,2,2,1.0,3
201200051686,0012-12-18 09:55:00,12,12,18,9,55,690,383,"47, AVENUE LACASSAGNE",,,Plein jour,En agglomération,Hors intersection,Temps couvert,Autre collision,,,,,,,,,,,1,2,1,8.0,6
201200051687,0012-12-20 17:20:00,12,12,20,17,20,690,383,COURS LAFAYETTE,,,Nuit avec éclairage allumé,En agglomération,Intersection en T,Pluie légère,Deux véhicules - côté,,,,,,,,,,,5,2,3,2.0,3
201200051688,0012-12-20 15:00:00,12,12,20,15,0,690,386,"0, RUE DUQUESNE",,,Plein jour,En agglomération,Hors intersection,Pluie légère,Autre collision,,,,,,,,,,,1,2,1,2.0,6
201200051689,0012-12-23 10:10:00,12,12,23,10,10,690,383,AVENUE LACASSAGNE,,,Plein jour,En agglomération,Hors intersection,Normale,Deux véhicules - côté,,,,,,,,,,,1,2,1,1.0,3
201200051690,0012-12-26 19:17:00,12,12,26,19,17,690,383,"138, AVENUE MARECHAL DE",,,Nuit avec éclairage allumé,En agglomération,Hors intersection,Normale,Autre collision,,,,,,,,,,,5,2,1,1.0,6
201200051691,0012-12-22 11:00:00,12,12,22,11,0,690,383,"27, RUE TURBIL",,,Plein jour,En agglomération,Hors intersection,Normale,Autre collision,,,,,,,,,,,1,2,1,1.0,6
201200051692,0012-12-26 18:25:00,12,12,26,18,25,690,386,"0, AVENUE MARECHAL DE SA",,,Nuit avec éclairage allumé,En agglomération,Intersection en X,Normale,Deux véhicules - côté,,,,,,,,,,,5,2,2,1.0,3
201200051693,0012-12-28 14:20:00,12,12,28,14,20,690,383,"206, AVENUE FELIX FAURE",,,Plein jour,En agglomération,Hors intersection,Normale,Autre collision,,,,,,,,,,,1,2,1,1.0,6
201200051694,0012-12-29 18:30:00,12,12,29,18,30,690,386,"243, COURS LAFAYETTE",,,Nuit avec éclairage allumé,En agglomération,Hors intersection,Normale,Deux véhicules - côté,,,,,,,,,,,5,2,1,1.0,3
201200051695,0012-01-08 04:25:00,12,1,8,4,25,690,384,AVENUE DE BIRMINGHAM,,,Nuit avec éclairage allumé,En agglomération,Hors intersection,Normale,Autre collision,,,,,,,,,,,5,2,1,1.0,6
201200051696,0012-01-11 18:40:00,12,1,11,18,40,690,384,"77, RUE DE CUIRE",,,Nuit avec éclairage allumé,En agglomération,Intersection en T,Normale,Deux véhicules - côté,,,,,,,,,,,5,2,3,1.0,3
201200051697,0012-01-13 08:00:00,12,1,13,8,0,690,384,"face 75, QUAI JOSEPH GIL",,,Nuit avec éclairage allumé,En agglomération,Hors intersection,Normale,Autre collision,,,,,,,,,,,5,2,1,1.0,6
201200051698,0012-01-26 17:30:00,12,1,26,17,30,690,384,"1, RUE CHAZIERE",,,Crépuscule ou aube,En agglomération,Intersection en X,Normale,Autre collision,,,,,,,,,,,2,2,2,1.0,6
201200051699,0012-03-02 22:10:00,12,3,2,22,10,690,384,"161, BOULEVARD DE LA CRO",,,Nuit avec éclairage allumé,En agglomération,Hors intersection,Normale,Autre collision,,,,,,,,,,,5,2,1,1.0,6
201200051700,0012-03-09 14:55:00,12,3,9,14,55,690,384,"137, BOULEVARD DE LA CRO",,,Plein jour,En agglomération,Hors intersection,Normale,Autre collision,,,,,,,,,,,1,2,1,1.0,6
201200051701,0012-03-11 00:35:00,12,3,11,0,35,690,384,"12, COURS D HERBOUVILLE",,,Nuit avec éclairage allumé,En agglomération,Hors intersection,Normale,Trois véhicules et plus - en chaîne,,,,,,,,,,,5,2,1,1.0,4
201200051702,0012-04-05 17:40:00,12,4,5,17,40,690,384,"28, BOULEVARD DE LA CROI",,,Plein jour,En agglomération,Hors intersection,Normale,Autre collision,,,,,,,,,,,1,2,1,1.0,6
201200051703,0012-04-11 15:00:00,12,4,11,15,0,690,384,"5, PLACE CAMILLE FLAMMAR",,,Plein jour,En agglomération,Hors intersection,Normale,Autre collision,,,,,,,,,,,1,2,1,1.0,6
201200051704,0012-04-14 21:45:00,12,4,14,21,45,690,384,"19, RUE DE BELFORT",,,Nuit avec éclairage allumé,En agglomération,Intersection en X,Pluie légère,Deux véhicules - côté,,,,,,,,,,,5,2,2,2.0,3
201200051705,0012-04-24 08:45:00,12,4,24,8,45,690,384,"31, RUE HENON",,,Plein jour,En agglomération,Intersection en X,Normale,Autre collision,,,,,,,,,,,1,2,2,1.0,6
201200051706,0012-04-28 00:50:00,12,4,28,0,50,690,384,"113, RUE HENON",,,Nuit avec éclairage allumé,En agglomération,Hors intersection,Normale,Deux véhicules - côté,,,,,,,,,,,5,2,1,1.0,3
201200051707,0012-05-14 18:00:00,12,5,14,18,0,690,384,"35, GRANDE RUE DE LA CRO",,,Plein jour,En agglomération,Hors intersection,Normale,Autre collision,,,,,,,,,,,1,2,1,1.0,6
201200051708,0012-05-14 10:05:00,12,5,14,10,5,690,384,"37, COURS D HERBOUVILLE",,,Plein jour,En agglomération,Hors intersection,Normale,Autre collision,,,,,,,,,,,1,2,1,1.0,6
201200051709,0012-06-13 18:40:00,12,6,13,18,40,690,384,AVENUE DE BIRMINGHAM,,,Plein jour,En agglomération,Hors intersection,Normale,Autre collision,,,,,,,,,,,1,2,1,1.0,6
201200051710,0012-06-14 20:50:00,12,6,14,20,50,690,384,"60, QUAI JOSEPH GILLET",,,Crépuscule ou aube,En agglomération,Hors intersection,Normale,Deux véhicules - côté,,,,,,,,,,,2,2,1,1.0,3
201200051711,0012-06-27 15:40:00,12,6,27,15,40,690,384,"36, RUE PHILIPPE DE LASS",,,Plein jour,En agglomération,Hors intersection,Normale,Autre collision,,,,,,,,,,,1,2,1,1.0,6
201200051712,0012-06-28 14:50:00,12,6,28,14,50,690,384,"53, RUE PHILIPPE DE LASS",,,Plein jour,En agglomération,Hors intersection,Normale,Deux véhicules - côté,,,,,,,,,,,1,2,1,1.0,3
201200051713,0012-06-30 10:45:00,12,6,30,10,45,690,384,"82, RUE HENON",,,Plein jour,En agglomération,Hors intersection,Normale,Autre collision,,,,,,,,,,,1,2,1,1.0,6
201200051714,0012-07-06 08:30:00,12,7,6,8,30,690,384,"57, QUAI JOSEPH GILLET",,,Plein jour,En agglomération,Hors intersection,Normale,Deux véhicules - côté,,,,,,,,,,,1,2,1,1.0,3
201200051715,0012-07-11 20:35:00,12,7,11,20,35,690,384,"01, QUAI JOSEPH GILLET",,,Plein jour,En agglomération,Hors intersection,Normale,Deux véhicules - côté,,,,,,,,,,,1,2,1,1.0,3
201200051716,0012-07-19 08:40:00,12,7,19,8,40,690,384,"00, MONTEE DE LA BOUCLE",,,Plein jour,En agglomération,Hors intersection,Normale,Trois véhicules et plus - en chaîne,,,,,,,,,,,1,2,1,1.0,4
201200051717,0012-07-16 18:10:00,12,7,16,18,10,690,384,"face 12, COURS D HERBOUV",,,Plein jour,En agglomération,Hors intersection,Normale,Trois véhicules et plus - en chaîne,,,,,,,,,,,1,2,1,1.0,4
201200051718,0012-08-21 05:20:00,12,8,21,5,20,690,384,"29, BOULEVARD DE LA CROI",,,Nuit avec éclairage non allumé,En agglomération,Intersection en X,Normale,Deux véhicules - côté,,,,,,,,,,,4,2,2,1.0,3
201200051719,0012-09-05 20:10:00,12,9,5,20,10,690,384,"67, RUE HENRI GORJUS",,,Crépuscule ou aube,En agglomération,Intersection en T,Normale,Autre collision,,,,,,,,,,,2,2,3,1.0,6
201200051720,0012-09-19 11:20:00,12,9,19,11,20,690,384,"63, RUE PHILIPPE DE LASS",,,Plein jour,En agglomération,Hors intersection,Normale,Autre collision,,,,,,,,,,,1,2,1,1.0,6
201200051721,0012-09-23 13:25:00,12,9,23,13,25,690,384,"1, RUE AIME BOUSSANGE",,,Plein jour,En agglomération,Hors intersection,Normale,Deux véhicules - frontale,,,,,,,,,,,1,2,1,1.0,1
201200051722,0012-09-23 17:20:00,12,9,23,17,20,690,384,"00, CHEMIN DE SERIN A LA",,,Plein jour,En agglomération,Hors intersection,Normale,Autre collision,,,,,,,,,,,1,2,1,1.0,6
201200051723,0012-09-24 07:00:00,12,9,24,7,0,690,384,QUAI JOSEPH GILLET,,,Nuit sans éclairage public,En agglomération,Intersection en Y,Normale,Deux véhicules - côté,,,,,,,,,,,3,2,4,1.0,3
201200051724,0012-09-25 08:00:00,12,9,25,8,0,690,384,"70, QUAI JOSEPH GILLET",,,Plein jour,En agglomération,Hors intersection,Normale,Autre collision,,,,,,,,,,,1,2,1,1.0,6
201200051725,0012-10-05 10:15:00,12,10,5,10,15,690,384,"73, BOULEVARD DE LA CROI",,,Plein jour,En agglomération,Hors intersection,Normale,Autre collision,,,,,,,,,,,1,2,1,1.0,6
201200051726,0012-10-10 14:50:00,12,10,10,14,50,690,384,"155, BOULEVARD DE LA CRO",,,Plein jour,En agglomération,Hors intersection,Normale,Autre collision,,,,,,,,,,,1,2,1,1.0,6
201200051727,0012-10-12 16:00:00,12,10,12,16,0,690,384,"53, RUE DELEUVRE",,,Plein jour,En agglomération,Hors intersection,Normale,Autre collision,,,,,,,,,,,1,2,1,1.0,6
201200051728,0012-10-12 15:55:00,12,10,12,15,55,690,384,"47, RUE HENRI GORJUS",,,Plein jour,En agglomération,Hors intersection,Normale,Autre collision,,,,,,,,,,,1,2,1,1.0,6
201200051729,0012-10-23 17:00:00,12,10,23,17,0,690,384,"2, RUE DU CHARIOT D OR",,,Plein jour,En agglomération,Hors intersection,Normale,Autre collision,,,,,,,,,,,1,2,1,1.0,6
201200051730,0012-11-21 18:30:00,12,11,21,18,30,690,384,"57, MONTEE DE LA BOUCLE",,,Nuit avec éclairage allumé,En agglomération,Hors intersection,Pluie légère,Deux véhicules - arrière,,,,,,,,,,,5,2,1,2.0,2
201200051731,0012-12-17 18:40:00,12,12,17,18,40,690,384,RUE HENRI LACHIEZE REY,,,Nuit avec éclairage allumé,En agglomération,Hors intersection,Normale,Deux véhicules - arrière,,,,,,,,,,,5,2,1,1.0,2
201200051732,0012-01-02 10:30:00,12,1,2,10,30,330,366,AUTOROUTE A 10,,,Plein jour,Hors agglomération,Hors intersection,Normale,Deux véhicules - arrière,,,,,,,,,,,1,1,1,1.0,2
201200051733,0012-01-08 11:20:00,12,1,8,11,20,330,249,ROCADE A 630,,,Plein jour,Hors agglomération,Hors intersection,Pluie légère,Autre collision,,,,,,,,,,,1,1,1,2.0,6
201200051734,0012-01-10 09:25:00,12,1,10,9,25,330,63,ROCADE A 630,,,Plein jour,Hors agglomération,Hors intersection,Normale,Deux véhicules - côté,,,,,,,,,,,1,1,1,1.0,3
201200051735,0012-01-11 07:25:00,12,1,11,7,25,330,65,ROUTE NATIONALE 230,,,Nuit sans éclairage public,Hors agglomération,Hors intersection,Normale,Deux véhicules - côté,,,,,,,,,,,3,1,1,1.0,3
201200051736,0012-01-11 16:45:00,12,1,11,16,45,330,249,ROUTE NATIONALE 230,,,Plein jour,Hors agglomération,Hors intersection,Normale,Deux véhicules - arrière,,,,,,,,,,,1,1,1,1.0,2
201200051737,0012-01-15 14:20:00,12,1,15,14,20,330,39,ROCADE A 631,,,Plein jour,Hors agglomération,Hors intersection,Normale,Autre collision,,,,,,,,,,,1,1,1,1.0,6
201200051738,0012-01-19 19:00:00,12,1,19,19,0,330,249,ROCADE A 630,,,Nuit avec éclairage allumé,Hors agglomération,Hors intersection,Normale,Deux véhicules - arrière,,,,,,,,,,,5,1,1,1.0,2
201200051739,0012-01-24 17:40:00,12,1,24,17,40,330,167,ROUTE NATIONALE 230,,,Plein jour,Hors agglomération,Hors intersection,Normale,Trois véhicules et plus - en chaîne,,,,,,,,,,,1,1,1,1.0,4
201200051740,0012-01-30 09:00:00,12,1,30,9,0,330,318,ROCADE A 630,,,Plein jour,Hors agglomération,Hors intersection,Normale,Trois véhicules et plus - collisions multiples,,,,,,,,,,,1,1,1,1.0,5
201200051741,0012-02-02 13:45:00,12,2,2,13,45,330,281,ROCADE A 630,,,Plein jour,Hors agglomération,Hors intersection,Normale,Deux véhicules - arrière,,,,,,,,,,,1,1,1,1.0,2
201200051742,0012-02-02 14:15:00,12,2,2,14,15,330,143,AUTOROUTE A 10,,,Plein jour,Hors agglomération,Hors intersection,Normale,Autre collision,,,,,,,,,,,1,1,1,1.0,6
201200051743,0012-02-05 04:55:00,12,2,5,4,55,330,119,ROUTE NATIONALE 230,,,Nuit avec éclairage allumé,Hors agglomération,Hors intersection,Neige / grêle,Deux véhicules - arrière,,,,,,,,,,,5,1,1,4.0,2
201200051744,0012-02-10 03:20:00,12,2,10,3,20,330,249,ROCADE A 630,,,Nuit avec éclairage allumé,Hors agglomération,Hors intersection,Normale,Autre collision,,,,,,,,,,,5,1,1,1.0,6
201200051745,0012-02-12 07:50:00,12,2,12,7,50,330,80,AUTOROUTE A 62,,,Crépuscule ou aube,Hors agglomération,Hors intersection,Normale,Autre collision,,,,,,,,,,,2,1,1,1.0,6
201200051746,0012-02-13 09:25:00,12,2,13,9,25,330,39,ROCADE A 630,,,Plein jour,Hors agglomération,Hors intersection,Normale,Deux véhicules - côté,,,,,,,,,,,1,1,1,1.0,3
201200051747,0012-02-16 13:25:00,12,2,16,13,25,330,550,ROCADE A 630,,,Plein jour,Hors agglomération,Hors intersection,Normale,Deux véhicules - arrière,,,,,,,,,,,1,1,1,1.0,2
201200051748,0012-02-17 17:55:00,12,2,17,17,55,330,90,AUTOROUTE A 63,,,Plein jour,Hors agglomération,Hors intersection,Normale,Trois véhicules et plus - en chaîne,,,,,,,,,,,1,1,1,1.0,4
201200051749,0012-02-17 21:00:00,12,2,17,21,0,330,550,ROCADE A 630,,,Nuit avec éclairage allumé,Hors agglomération,Hors intersection,Normale,Deux véhicules - côté,,,,,,,,,,,5,1,1,1.0,3
201200051750,0012-02-20 17:45:00,12,2,20,17,45,330,96,AUTOROUTE A 10,,,Plein jour,Hors agglomération,Hors intersection,Normale,Autre collision,,,,,,,,,,,1,1,1,1.0,6
201200051751,0012-02-21 06:50:00,12,2,21,6,50,330,63,ROCADE A 630,,,Nuit avec éclairage allumé,Hors agglomération,Hors intersection,Normale,Sans collision,,,,,,,,,,,5,1,1,1.0,7
201200051752,0012-02-22 02:55:00,12,2,22,2,55,330,249,ROCADE A 630,,,Nuit avec éclairage allumé,Hors agglomération,Hors intersection,Normale,Sans collision,,,,,,,,,,,5,1,1,1.0,7
201200051753,0012-02-23 07:35:00,12,2,23,7,35,330,249,ROUTE NATIONALE 230,,,Plein jour,Hors agglomération,Hors intersection,Normale,Deux véhicules - arrière,,,,,,,,,,,1,1,1,1.0,2
201200051754,0012-02-23 21:50:00,12,2,23,21,50,330,192,AUTOROUTE A 63,,,Nuit avec éclairage allumé,Hors agglomération,Hors intersection,Normale,Deux véhicules - côté,,,,,,,,,,,5,1,1,1.0,3
201200051755,0012-02-24 09:15:00,12,2,24,9,15,330,63,ROCADE A 630,,,Plein jour,Hors agglomération,Hors intersection,Pluie légère,Autre collision,,,,,,,,,,,1,1,1,2.0,6
201200051756,0012-03-02 17:15:00,12,3,2,17,15,330,39,ROCADE A 630,,,Plein jour,Hors agglomération,Hors intersection,Normale,Deux véhicules - arrière,,,,,,,,,,,1,1,1,1.0,2
201200051757,0012-03-03 04:00:00,12,3,3,4,0,330,80,AUTOROUTE A 62,,,Nuit sans éclairage public,Hors agglomération,Hors intersection,Normale,Deux véhicules - arrière,,,,,,,,,,,3,1,1,1.0,2
201200051758,0012-03-03 23:00:00,12,3,3,23,0,330,448,AUTOROUTE A 62,,,Nuit sans éclairage public,Hors agglomération,Hors intersection,Normale,Autre collision,,,,,,,,,,,3,1,1,1.0,6
201200051759,0012-03-13 07:45:00,12,3,13,7,45,330,119,ROUTE NATIONALE 230,,,Crépuscule ou aube,Hors agglomération,Hors intersection,Normale,Deux véhicules - arrière,,,,,,,,,,,2,1,1,1.0,2
201200051760,0012-03-04 10:45:00,12,3,4,10,45,330,63,ROCADE A 630,,,Plein jour,Hors agglomération,Hors intersection,Pluie légère,Autre collision,,,,,,,,,,,1,1,1,2.0,6
201200051761,0012-03-04 12:35:00,12,3,4,12,35,330,249,ROCADE A 630,,,Plein jour,Hors agglomération,Hors intersection,Pluie légère,Deux véhicules - côté,,,,,,,,,,,1,1,1,2.0,3
201200051762,0012-03-04 14:10:00,12,3,4,14,10,330,550,ROCADE A 630,,,Plein jour,Hors agglomération,Hors intersection,Pluie légère,Autre collision,,,,,,,,,,,1,1,1,2.0,6
201200051763,0012-03-05 15:00:00,12,3,5,15,0,330,80,AUTOROUTE A 62,,,Plein jour,Hors agglomération,Hors intersection,Normale,Autre collision,,,,,,,,,,,1,1,1,1.0,6
201200051764,0012-03-05 16:30:00,12,3,5,16,30,330,162,ROCADE A 630,,,Plein jour,Hors agglomération,Hors intersection,Normale,Deux véhicules - arrière,,,,,,,,,,,1,1,1,1.0,2
201200051765,0012-03-06 13:45:00,12,3,6,13,45,330,550,ROCADE A 630,,,Plein jour,Hors agglomération,Hors intersection,Normale,Deux véhicules - côté,,,,,,,,,,,1,1,1,1.0,3
201200051766,0012-03-07 04:40:00,12,3,7,4,40,330,39,ROCADE A 630,,,Nuit avec éclairage allumé,Hors agglomération,Hors intersection,Brouillard / fumée,Deux véhicules - côté,,,,,,,,,,,5,1,1,5.0,3
201200051767,0012-03-07 06:50:00,12,3,7,6,50,330,397,AUTOROUTE A 10,,,Nuit avec éclairage allumé,Hors agglomération,Hors intersection,Normale,Trois véhicules et plus - collisions multiples,,,,,,,,,,,5,1,1,1.0,5
201200051768,0012-03-08 16:15:00,12,3,8,16,15,330,63,ROCADE A 630,,,Plein jour,Hors agglomération,Hors intersection,Normale,Trois véhicules et plus - en chaîne,,,,,,,,,,,1,1,1,1.0,4
201200051769,0012-03-12 15:25:00,12,3,12,15,25,330,318,ROCADE A 630,,,Plein jour,Hors agglomération,Hors intersection,Normale,Trois véhicules et plus - en chaîne,,,,,,,,,,,1,1,1,1.0,4
201200051770,0012-03-16 16:15:00,12,3,16,16,15,330,75,ROCADE A 630,,,Plein jour,Hors agglomération,Hors intersection,Normale,Deux véhicules - arrière,,,,,,,,,,,1,1,1,1.0,2
201200051771,0012-03-16 17:10:00,12,3,16,17,10,330,80,AUTOROUTE A 62,,,Plein jour,Hors agglomération,Hors intersection,Normale,Trois véhicules et plus - en chaîne,,,,,,,,,,,1,1,1,1.0,4
201200051772,0012-03-16 22:25:00,12,3,16,22,25,330,65,ROUTE NATIONALE 230,,,Nuit avec éclairage allumé,Hors agglomération,Hors intersection,Normale,Trois véhicules et plus - en chaîne,,,,,,,,,,,5,1,1,1.0,4
201200051773,0012-03-18 06:20:00,12,3,18,6,20,330,80,AUTOROUTE A 62,,,Nuit sans éclairage public,Hors agglomération,Hors intersection,Pluie légère,Deux véhicules - arrière,,,,,,,,,,,3,1,1,2.0,2
201200051774,0012-03-19 06:45:00,12,3,19,6,45,330,249,ROCADE A 630,,,Plein jour,Hors agglomération,Hors intersection,Normale,Autre collision,,,,,,,,,,,1,1,1,1.0,6
201200051775,0012-03-24 15:20:00,12,3,24,15,20,330,65,ROUTE NATIONALE 230,,,Plein jour,Hors agglomération,Hors intersection,Normale,Autre collision,,,,,,,,,,,1,1,1,1.0,6
201200051776,0012-03-27 08:20:00,12,3,27,8,20,330,249,ROCADE A 630,,,Plein jour,Hors agglomération,Hors intersection,Normale,Deux véhicules - côté,,,,,,,,,,,1,1,1,1.0,3
201200051777,0012-03-28 22:25:00,12,3,28,22,25,330,249,ROUTE NATIONALE 230,,,Nuit avec éclairage allumé,Hors agglomération,Hors intersection,Normale,Deux véhicules - arrière,,,,,,,,,,,5,1,1,1.0,2
201200051778,0012-03-29 16:00:00,12,3,29,16,0,330,192,AUTOROUTE A 63,,,Plein jour,Hors agglomération,Hors intersection,Normale,Autre collision,,,,,,,,,,,1,1,1,1.0,6
201200051779,0012-03-31 19:30:00,12,3,31,19,30,330,192,AUTOROUTE A 63,,,Plein jour,Hors agglomération,Hors intersection,Normale,Autre collision,,,,,,,,,,,1,1,1,1.0,6
201200051780,0012-04-04 12:10:00,12,4,4,12,10,330,39,ROCADE A 630,,,Plein jour,Hors agglomération,Hors intersection,Normale,Autre collision,,,,,,,,,,,1,1,1,1.0,6
201200051781,0012-04-04 16:30:00,12,4,4,16,30,330,39,ROCADE A 630,,,Plein jour,Hors agglomération,Hors intersection,Normale,Trois véhicules et plus - collisions multiples,,,,,,,,,,,1,1,1,1.0,5
201200051782,0012-04-04 23:40:00,12,4,4,23,40,330,249,ROUTE NATIONALE 230,,,Nuit avec éclairage allumé,Hors agglomération,Hors intersection,Normale,Trois véhicules et plus - collisions multiples,,,,,,,,,,,5,1,1,1.0,5
201200051783,0012-04-06 20:20:00,12,4,6,20,20,330,80,AUTOROUTE A 62,,,Nuit sans éclairage public,Hors agglomération,Hors intersection,Neige / grêle,Sans collision,,,,,,,,,,,3,1,1,4.0,7
201200051784,0012-04-08 08:10:00,12,4,8,8,10,330,397,AUTOROUTE A 10,,,Nuit avec éclairage allumé,Hors agglomération,Hors intersection,Normale,Autre collision,,,,,,,,,,,5,1,1,1.0,6
201200051785,0012-04-09 17:35:00,12,4,9,17,35,330,550,ROCADE A 630,,,Plein jour,Hors agglomération,Hors intersection,Normale,Sans collision,,,,,,,,,,,1,1,1,1.0,7
201200051786,0012-04-13 07:20:00,12,4,13,7,20,330,448,AUTOROUTE A 62,,,Crépuscule ou aube,Hors agglomération,Hors intersection,Normale,Autre collision,,,,,,,,,,,2,1,1,1.0,6
201200051787,0012-04-16 16:05:00,12,4,16,16,5,330,192,AUTOROUTE A 63,,,Plein jour,Hors agglomération,Hors intersection,Normale,Trois véhicules et plus - en chaîne,,,,,,,,,,,1,1,1,1.0,4
201200051788,0012-04-18 07:55:00,12,4,18,7,55,330,63,ROCADE A 630,,,Plein jour,Hors agglomération,Hors intersection,Temps éblouissant,Trois véhicules et plus - en chaîne,,,,,,,,,,,1,1,1,7.0,4
201200051789,0012-04-23 09:40:00,12,4,23,9,40,330,63,ROCADE A 630,,,Plein jour,Hors agglomération,Hors intersection,Pluie légère,Deux véhicules - arrière,,,,,,,,,,,1,1,1,2.0,2
201200051790,0012-04-20 05:40:00,12,4,20,5,40,330,39,ROCADE A 630,,,Crépuscule ou aube,Hors agglomération,Hors intersection,Pluie légère,Deux véhicules - arrière,,,,,,,,,,,2,1,1,2.0,2
201200051791,0012-04-24 07:50:00,12,4,24,7,50,330,474,AUTOROUTE A 62,,,Plein jour,Hors agglomération,Hors intersection,Pluie légère,Autre collision,,,,,,,,,,,1,1,1,2.0,6
201200051792,0012-05-06 01:05:00,12,5,6,1,5,330,63,ROCADE A 630,,,Nuit avec éclairage allumé,Hors agglomération,Hors intersection,Normale,Deux véhicules - arrière,,,,,,,,,,,5,1,1,1.0,2
201200051793,0012-05-09 10:20:00,12,5,9,10,20,330,192,AUTOROUTE A 63,,,Plein jour,Hors agglomération,Hors intersection,Normale,Trois véhicules et plus - en chaîne,,,,,,,,,,,1,1,1,1.0,4
201200051794,0012-05-11 18:30:00,12,5,11,18,30,330,249,ROUTE NATIONALE 230,,,Plein jour,Hors agglomération,Hors intersection,Normale,Trois véhicules et plus - en chaîne,,,,,,,,,,,1,1,1,1.0,4
201200051795,0012-05-19 04:10:00,12,5,19,4,10,330,122,AUTOROUTE A 63,,,Nuit sans éclairage public,Hors agglomération,Hors intersection,Normale,Autre collision,,,,,,,,,,,3,1,1,1.0,6
201200051796,0012-05-19 15:55:00,12,5,19,15,55,330,192,AUTOROUTE A 63,,,Plein jour,Hors agglomération,Hors intersection,Pluie légère,Trois véhicules et plus - en chaîne,,,,,,,,,,,1,1,1,2.0,4
201200051797,0012-05-19 18:40:00,12,5,19,18,40,330,487,AUTOROUTE A 10,,,Plein jour,Hors agglomération,Hors intersection,Pluie légère,Autre collision,,,,,,,,,,,1,1,1,2.0,6
201200051798,0012-05-20 20:10:00,12,5,20,20,10,330,249,ROCADE A 630,,,Plein jour,Hors agglomération,Hors intersection,Pluie légère,Autre collision,,,,,,,,,,,1,1,1,2.0,6
201200051799,0012-05-23 06:30:00,12,5,23,6,30,330,249,ROCADE A 630,,,Crépuscule ou aube,Hors agglomération,Hors intersection,Pluie légère,Autre collision,,,,,,,,,,,2,1,1,2.0,6
201200051800,0012-05-21 14:15:00,12,5,21,14,15,330,167,ROUTE NATIONALE 230,,,Plein jour,Hors agglomération,Hors intersection,Pluie légère,Autre collision,,,,,,,,,,,1,1,1,2.0,6
201200051801,0012-05-22 14:30:00,12,5,22,14,30,330,249,ROUTE NATIONALE 230,,,Plein jour,Hors agglomération,Hors intersection,Normale,Deux véhicules - arrière,,,,,,,,,,,1,1,1,1.0,2
201200051802,0012-05-25 07:50:00,12,5,25,7,50,330,550,ROCADE A 630,,,Plein jour,Hors agglomération,Hors intersection,Normale,Autre collision,,,,,,,,,,,1,1,1,1.0,6
201200051803,0012-05-25 08:30:00,12,5,25,8,30,330,75,ROCADE A 630,,,Plein jour,Hors agglomération,Hors intersection,Normale,Deux véhicules - arrière,,,,,,,,,,,1,1,1,1.0,2
201200051804,0012-05-29 07:18:00,12,5,29,7,18,330,75,ROCADE A 630,,,Plein jour,Hors agglomération,Hors intersection,Normale,Deux véhicules - arrière,,,,,,,,,,,1,1,1,1.0,2
201200051805,0012-05-29 17:55:00,12,5,29,17,55,330,63,ROCADE A 630,,,Plein jour,Hors agglomération,Hors intersection,Normale,Deux véhicules - côté,,,,,,,,,,,1,1,1,1.0,3
201200051806,0012-05-29 20:10:00,12,5,29,20,10,330,167,ROUTE NATIONALE 230,,,Plein jour,Hors agglomération,Hors intersection,Normale,Deux véhicules - arrière,,,,,,,,,,,1,1,1,1.0,2
201200051807,0012-05-30 07:20:00,12,5,30,7,20,330,167,ROUTE NATIONALE 230,,,Plein jour,Hors agglomération,Hors intersection,Normale,Deux véhicules - côté,,,,,,,,,,,1,1,1,1.0,3
201200051808,0012-06-01 09:35:00,12,6,1,9,35,330,119,ROUTE NATIONALE 230,,,Plein jour,Hors agglomération,Hors intersection,Normale,Deux véhicules - côté,,,,,,,,,,,1,1,1,1.0,3
201200051809,0012-06-08 17:00:00,12,6,8,17,0,330,65,ROUTE NATIONALE 230,,,Plein jour,Hors agglomération,Hors intersection,Normale,Trois véhicules et plus - en chaîne,,,,,,,,,,,1,1,1,1.0,4
201200051810,0012-06-09 11:15:00,12,6,9,11,15,330,249,ROCADE A 630,,,Plein jour,Hors agglomération,Hors intersection,Normale,Deux véhicules - arrière,,,,,,,,,,,1,1,1,1.0,2
201200051811,0012-06-09 13:55:00,12,6,9,13,55,330,143,AUTOROUTE A 10,,,Plein jour,Hors agglomération,Hors intersection,Pluie légère,Autre collision,,,,,,,,,,,1,1,1,2.0,6
201200051812,0012-06-10 13:00:00,12,6,10,13,0,330,249,ROCADE A 630,,,Plein jour,Hors agglomération,Hors intersection,Pluie légère,Autre collision,,,,,,,,,,,1,1,1,2.0,6