accident_id,datetime,annee,mois,jour,heure,minute,departement,commune_insee,adresse,latitude,longitude,luminosite,agglomeration,intersection,meteo,collision,nb_vehicules,nb_usagers,nb_indemnes,nb_tues,nb_blesses_hosp,nb_blesses_legers,age_cond_1,age_cond_2,veh_type_cond_1,veh_type_cond_2,lum_code,agg_code,int_code,atm_code,col_code
201200052071,0012-11-05 22:19:00,12,11,5,22,19,570,269,Autoroute   A31,,,Nuit sans éclairage public,Hors agglomération,Hors intersection,Normale,Trois véhicules et plus - collisions multiples,,,,,,,,,,,3,1,1,1.0,5
201200052072,0012-11-26 09:50:00,12,11,26,9,50,570,463,Autoroute A31,,,Plein jour,Hors agglomération,Hors intersection,Pluie légère,Autre collision,,,,,,,,,,,1,1,1,2.0,6
201200052073,0012-11-30 14:21:00,12,11,30,14,21,570,463,RN 431,,,Plein jour,Hors agglomération,Hors intersection,Normale,Trois véhicules et plus - collisions multiples,,,,,,,,,,,1,1,1,1.0,5
201200052074,0012-01-01 04:50:00,12,1,1,4,50,690,387,"86, AVENUE JEAN JAURES",,,Nuit avec éclairage allumé,En agglomération,Hors intersection,Normale,Autre collision,,,,,,,,,,,5,2,1,1.0,6
201200052075,0012-01-01 13:20:00,12,1,1,13,20,690,387,"24, RUE DE LA MADELEINE",,,Plein jour,En agglomération,Hors intersection,Normale,Autre collision,,,,,,,,,,,1,2,1,1.0,6
201200052076,0012-01-05 09:10:00,12,1,5,9,10,690,387,"118, RUE DE GERLAND",,,Plein jour,En agglomération,Hors intersection,Pluie légère,Autre collision,,,,,,,,,,,1,2,1,2.0,6
201200052077,0012-01-07 13:20:00,12,1,7,13,20,690,387,"0, RUE JABOULAY",,,Plein jour,En agglomération,Intersection en X,Pluie légère,Deux véhicules - côté,,,,,,,,,,,1,2,2,2.0,3
201200052078,0012-01-09 19:10:00,12,1,9,19,10,690,387,"0, BOULEVARD YVES FARGE",,,Nuit avec éclairage allumé,En agglomération,Intersection en T,Normale,Deux véhicules - côté,,,,,,,,,,,5,2,3,1.0,3
201200052079,0012-01-09 18:00:00,12,1,9,18,0,690,387,"14, PLACE GABRIEL PERI",,,Nuit avec éclairage allumé,En agglomération,Hors intersection,Normale,Autre collision,,,,,,,,,,,5,2,1,1.0,6
201200052080,0012-01-14 15:30:00,12,1,14,15,30,690,387,"181, AVENUE JEAN JAURES",,,Plein jour,En agglomération,Hors intersection,Normale,Deux véhicules - côté,,,,,,,,,,,1,2,1,1.0,3
201200052081,0012-01-18 14:55:00,12,1,18,14,55,690,387,"2, AVENUE TONY GARNIER",,,Plein jour,En agglomération,Hors intersection,Normale,Autre collision,,,,,,,,,,,1,2,1,1.0,6
201200052082,0012-01-19 07:50:00,12,1,19,7,50,690,387,"229, GRANDE RUE DE LA GU",,,Crépuscule ou aube,En agglomération,Hors intersection,Normale,Autre collision,,,,,,,,,,,2,2,1,1.0,6
201200052083,0012-01-23 21:50:00,12,1,23,21,50,690,387,"0, QUAI CLAUDE BERNARD",,,Nuit avec éclairage allumé,En agglomération,Intersection en X,Normale,Deux véhicules - côté,,,,,,,,,,,5,2,2,1.0,3
201200052084,0012-01-20 06:10:00,12,1,20,6,10,690,387,BOULEVARD CHAMBAUD DE LA,,,Nuit avec éclairage allumé,En agglomération,Hors intersection,Pluie légère,Autre collision,,,,,,,,,,,5,2,1,2.0,6
201200052085,0012-01-26 14:10:00,12,1,26,14,10,690,387,"25, RUE CLAUDE VEYRON",,,Plein jour,En agglomération,Hors intersection,Normale,Deux véhicules - côté,,,,,,,,,,,1,2,1,1.0,3
201200052086,0012-01-27 12:07:00,12,1,27,12,7,690,387,"87, RUE CROIX BARRET",,,Plein jour,En agglomération,Intersection en X,Normale,Autre collision,,,,,,,,,,,1,2,2,1.0,6
201200052087,0012-01-31 15:19:00,12,1,31,15,19,690,387,AVENUE JEAN JAURES,,,Plein jour,En agglomération,Hors intersection,Neige / grêle,Autre collision,,,,,,,,,,,1,2,1,4.0,6
201200052088,0012-02-03 17:00:00,12,2,3,17,0,690,387,"0, AVENUE TONY GARNIER",,,Plein jour,En agglomération,Intersection en T,Normale,Autre collision,,,,,,,,,,,1,2,3,1.0,6
201200052089,0012-02-04 17:55:00,12,2,4,17,55,690,387,"158, AVENUE BERTHELOT",,,Crépuscule ou aube,En agglomération,Hors intersection,Normale,Autre collision,,,,,,,,,,,2,2,1,1.0,6
201200052090,0012-02-06 17:20:00,12,2,6,17,20,690,387,"106, COURS GAMBETTA",,,Nuit avec éclairage allumé,En agglomération,Hors intersection,Normale,Deux véhicules - frontale,,,,,,,,,,,5,2,1,1.0,1
201200052091,0012-02-08 00:30:00,12,2,8,0,30,690,387,"0, BOULEVARD CHAMBAUD DE",,,Nuit avec éclairage allumé,En agglomération,Hors intersection,Normale,Sans collision,,,,,,,,,,,5,2,1,1.0,7
201200052092,0012-02-09 12:45:00,12,2,9,12,45,690,387,"0, RUE BANCEL",,,Plein jour,En agglomération,Intersection en X,Normale,Deux véhicules - côté,,,,,,,,,,,1,2,2,1.0,3
201200052093,0012-02-10 22:05:00,12,2,10,22,5,690,387,"14, AVENUE TONY GARNIER",,,Nuit avec éclairage allumé,En agglomération,Hors intersection,Vent fort / tempête,Autre collision,,,,,,,,,,,5,2,1,6.0,6
201200052094,0012-02-13 16:05:00,12,2,13,16,5,690,387,RUE CHALOPIN,,,Plein jour,En agglomération,Intersection en T,Normale,Deux véhicules - côté,,,,,,,,,,,1,2,3,1.0,3
201200052095,0012-02-14 23:10:00,12,2,14,23,10,690,387,"0, QUAI CLAUDE BERNARD",,,Nuit avec éclairage allumé,En agglomération,Intersection en X,Pluie légère,Deux véhicules - côté,,,,,,,,,,,5,2,2,2.0,3
201200052096,0012-02-18 20:55:00,12,2,18,20,55,690,387,COURS GAMBETTA,,,Nuit avec éclairage non allumé,En agglomération,Hors intersection,Normale,Deux véhicules - frontale,,,,,,,,,,,4,2,1,1.0,1
201200052097,0012-02-24 10:29:00,12,2,24,10,29,690,387,"0, RUE JABOULAY",,,Plein jour,En agglomération,Intersection en X,Pluie légère,Autre collision,,,,,,,,,,,1,2,2,2.0,6
201200052098,0012-02-23 16:05:00,12,2,23,16,5,690,387,"ignor?, RUE SAINT MICHEL",,,Plein jour,En agglomération,Intersection en T,Normale,Deux véhicules - côté,,,,,,,,,,,1,2,3,1.0,3
201200052099,0012-02-22 19:55:00,12,2,22,19,55,690,387,"0, RUE GARIBALDI",,,Nuit avec éclairage allumé,En agglomération,Intersection en X,Normale,Autre collision,,,,,,,,,,,5,2,2,1.0,6
201200052100,0012-02-24 22:15:00,12,2,24,22,15,690,387,"67, ROUTE DE VIENNE",,,Nuit avec éclairage allumé,En agglomération,Hors intersection,Normale,Autre collision,,,,,,,,,,,5,2,1,1.0,6
201200052101,0012-02-28 23:10:00,12,2,28,23,10,690,387,"0, QUAI CLAUDE BERNARD",,,Nuit avec éclairage allumé,En agglomération,Intersection en X,Normale,Deux véhicules - côté,,,,,,,,,,,5,2,2,1.0,3
201200052102,0012-02-29 12:00:00,12,2,29,12,0,690,387,"0, RUE DE L UNIVERSITE",,,Plein jour,En agglomération,Intersection en X,Normale,Autre collision,,,,,,,,,,,1,2,2,1.0,6
201200052103,0012-03-02 21:30:00,12,3,2,21,30,690,387,RUE CHALLEMEL LACOUR,,,Nuit avec éclairage allumé,En agglomération,Intersection en X,Normale,Autre collision,,,,,,,,,,,5,2,2,1.0,6
201200052104,0012-03-05 22:30:00,12,3,5,22,30,690,387,"0, AVENUE TONY GARNIER",,,Nuit avec éclairage allumé,En agglomération,Intersection en X,Pluie forte,Deux véhicules - côté,,,,,,,,,,,5,2,2,3.0,3
201200052105,0012-03-05 16:20:00,12,3,5,16,20,690,387,"157, AVENUE BERTHELOT",,,Plein jour,En agglomération,Hors intersection,Normale,Autre collision,,,,,,,,,,,1,2,1,1.0,6
201200052106,0012-03-15 00:50:00,12,3,15,0,50,690,387,"ignor?, QUAI CLAUDE BERN",,,Nuit avec éclairage allumé,En agglomération,Intersection en T,Normale,Autre collision,,,,,,,,,,,5,2,3,1.0,6
201200052107,0012-03-22 10:20:00,12,3,22,10,20,690,387,"0, AVENUE TONY GARNIER",,,Plein jour,En agglomération,Intersection en X,Normale,Deux véhicules - côté,,,,,,,,,,,1,2,2,1.0,3
201200052108,0012-03-21 09:15:00,12,3,21,9,15,690,387,"124, AVENUE BERTHELOT",,,Plein jour,En agglomération,Hors intersection,Normale,Autre collision,,,,,,,,,,,1,2,1,1.0,6
201200052109,0012-03-15 12:25:00,12,3,15,12,25,690,387,"102, BOULEVARD YVES FARG",,,Plein jour,En agglomération,Intersection en T,Normale,Deux véhicules - côté,,,,,,,,,,,1,2,3,1.0,3
201200052110,0012-03-26 08:35:00,12,3,26,8,35,690,387,"0, BOULEVARD CHAMBAUD DE",,,Plein jour,En agglomération,Hors intersection,Normale,Deux véhicules - côté,,,,,,,,,,,1,2,1,1.0,3
201200052111,0012-03-29 06:55:00,12,3,29,6,55,690,387,"0, AVENUE JEAN JAURES",,,Nuit avec éclairage allumé,En agglomération,Intersection en T,Normale,Deux véhicules - côté,,,,,,,,,,,5,2,3,1.0,3
201200052112,0012-04-06 06:00:00,12,4,6,6,0,690,383,QUAI VICTOR AUGAGNEUR,,,Nuit avec éclairage allumé,En agglomération,Intersection en X,Normale,Autre collision,,,,,,,,,,,5,2,2,1.0,6
201200052113,0012-03-29 18:10:00,12,3,29,18,10,690,387,"0, AVENUE JEAN JAURES",,,Plein jour,En agglomération,Intersection en X,Normale,Deux véhicules - côté,,,,,,,,,,,1,2,2,1.0,3
201200052114,0012-03-29 19:35:00,12,3,29,19,35,690,387,"0, RUE JABOULAY",,,Plein jour,En agglomération,Hors intersection,Normale,Autre collision,,,,,,,,,,,1,2,1,1.0,6
201200052115,0012-04-03 16:15:00,12,4,3,16,15,690,387,"0, AVENUE JEAN JAURES",,,Plein jour,En agglomération,Intersection en X,Normale,Autre collision,,,,,,,,,,,1,2,2,1.0,6
201200052116,0012-04-03 20:50:00,12,4,3,20,50,690,387,"0, RUE MARC BLOCH",,,Nuit avec éclairage allumé,En agglomération,Intersection en X,Pluie légère,Deux véhicules - arrière,,,,,,,,,,,5,2,2,2.0,2
201200052117,0012-04-05 11:15:00,12,4,5,11,15,690,387,"IGNORE, PONT PASTEUR",,,Plein jour,En agglomération,Intersection à plus de 4 branches,Normale,Deux véhicules - arrière,,,,,,,,,,,1,2,5,1.0,2
201200052118,0012-04-11 14:20:00,12,4,11,14,20,690,387,"ignore, AVENUE TONY GARN",,,Plein jour,En agglomération,Intersection en X,Normale,Deux véhicules - arrière,,,,,,,,,,,1,2,2,1.0,2
201200052119,0012-04-16 16:30:00,12,4,16,16,30,690,387,"0, AVENUE JEAN JAURES",,,Plein jour,En agglomération,Intersection en X,Normale,Deux véhicules - frontale,,,,,,,,,,,1,2,2,1.0,1
201200052120,0012-04-06 22:00:00,12,4,6,22,0,690,387,"155, RUE MARCEL MERIEUX",,,Nuit avec éclairage allumé,En agglomération,Intersection en T,Pluie légère,Deux véhicules - côté,,,,,,,,,,,5,2,3,2.0,3
201200052121,0012-04-08 21:30:00,12,4,8,21,30,690,387,"0, RUE DE GERLAND",,,Nuit avec éclairage allumé,En agglomération,Intersection en X,Normale,Deux véhicules - côté,,,,,,,,,,,5,2,2,1.0,3
201200052122,0012-04-18 21:25:00,12,4,18,21,25,690,387,"0, GRANDE RUE DE LA GUIL",,,Nuit avec éclairage allumé,En agglomération,Intersection en X,Normale,Deux véhicules - côté,,,,,,,,,,,5,2,2,1.0,3
201200052123,0012-04-26 20:30:00,12,4,26,20,30,690,387,"54, COURS GAMBETTA",,,Plein jour,En agglomération,Hors intersection,Vent fort / tempête,Autre collision,,,,,,,,,,,1,2,1,6.0,6
201200052124,0012-04-20 17:10:00,12,4,20,17,10,690,387,"face 19, AVENUE TONY GAR",,,Plein jour,En agglomération,Hors intersection,Temps couvert,Deux véhicules - arrière,,,,,,,,,,,1,2,1,8.0,2
201200052125,0012-04-26 16:45:00,12,4,26,16,45,690,387,"11, AVENUE LECLERC",,,Plein jour,En agglomération,Hors intersection,Normale,Deux véhicules - côté,,,,,,,,,,,1,2,1,1.0,3
201200052126,0012-04-24 11:10:00,12,4,24,11,10,690,387,"12, AVENUE TONY GARNIER",,,Plein jour,En agglomération,Hors intersection,Normale,Deux véhicules - arrière,,,,,,,,,,,1,2,1,1.0,2
201200052127,0012-05-01 15:20:00,12,5,1,15,20,690,387,"1, BOULEVARD DES TCHECOS",,,Plein jour,En agglomération,Hors intersection,Normale,Autre collision,,,,,,,,,,,1,2,1,1.0,6
201200052128,0012-05-15 23:45:00,12,5,15,23,45,690,387,"0, AVENUE DU PONT PASTEU",,,Nuit avec éclairage allumé,En agglomération,Intersection en X,Normale,Deux véhicules - côté,,,,,,,,,,,5,2,2,1.0,3
201200052129,0012-05-11 19:30:00,12,5,11,19,30,690,387,"8, PLACE RASPAIL",,,Plein jour,En agglomération,Hors intersection,Normale,Deux véhicules - arrière,,,,,,,,,,,1,2,1,1.0,2
201200052130,0012-05-11 10:55:00,12,5,11,10,55,690,387,"12, AVENUE JEAN JAURES",,,Plein jour,En agglomération,Hors intersection,Normale,Deux véhicules - côté,,,,,,,,,,,1,2,1,1.0,3
201200052131,0012-05-12 10:35:00,12,5,12,10,35,690,387,"91, ROUTE DE VIENNE",,,Plein jour,En agglomération,Hors intersection,Pluie légère,Autre collision,,,,,,,,,,,1,2,1,2.0,6
201200052132,0012-05-12 20:20:00,12,5,12,20,20,690,387,"0, BOULEVARD CHAMBAUD DE",,,Crépuscule ou aube,En agglomération,Hors intersection,Normale,Autre collision,,,,,,,,,,,2,2,1,1.0,6
201200052133,0012-05-15 17:50:00,12,5,15,17,50,690,387,"56, AVENUE LECLERC",,,Plein jour,En agglomération,Hors intersection,Normale,Autre collision,,,,,,,,,,,1,2,1,1.0,6
201200052134,0012-05-17 08:50:00,12,5,17,8,50,690,387,", AVENUE BERTHELOT",,,Plein jour,En agglomération,Hors intersection,Normale,Trois véhicules et plus - en chaîne,,,,,,,,,,,1,2,1,1.0,4
201200052135,0012-05-22 18:00:00,12,5,22,18,0,690,387,"0, GRANDE RUE DE LA GUIL",,,Plein jour,En agglomération,Intersection en X,Normale,Autre collision,,,,,,,,,,,1,2,2,1.0,6
201200052136,0012-05-25 16:20:00,12,5,25,16,20,690,387,"0, BOULEVARD YVES FARGE",,,Plein jour,En agglomération,Hors intersection,Normale,Deux véhicules - côté,,,,,,,,,,,1,2,1,1.0,3
201200052137,0012-05-28 17:25:00,12,5,28,17,25,690,387,"00, RUE JABOULAY",,,Plein jour,En agglomération,Intersection en T,Normale,Deux véhicules - côté,,,,,,,,,,,1,2,3,1.0,3
201200052138,0012-05-26 22:45:00,12,5,26,22,45,690,387,"0, QUAI CLAUDE BERNARD",,,Nuit avec éclairage allumé,En agglomération,Hors intersection,Normale,Autre collision,,,,,,,,,,,5,2,1,1.0,6
201200052139,0012-06-02 06:05:00,12,6,2,6,5,690,387,"0, QUAI CLAUDE BERNARD",,,Plein jour,En agglomération,Intersection en X,Normale,Deux véhicules - côté,,,,,,,,,,,1,2,2,1.0,3
201200052140,0012-05-24 18:25:00,12,5,24,18,25,690,387,"12, RUE ANDRE BOLLIER",,,Plein jour,En agglomération,Hors intersection,Normale,Autre collision,,,,,,,,,,,1,2,1,1.0,6
201200052141,0012-05-29 23:50:00,12,5,29,23,50,690,387,"26, AVENUE BERTHELOT",,,Nuit avec éclairage allumé,En agglomération,Intersection en X,Normale,Deux véhicules - arrière,,,,,,,,,,,5,2,2,1.0,2
201200052142,0012-05-29 10:30:00,12,5,29,10,30,690,387,"0, AVENUE TONY GARNIER",,,Plein jour,En agglomération,Hors intersection,Normale,Deux véhicules - arrière,,,,,,,,,,,1,2,1,1.0,2
201200052143,0012-05-31 11:55:00,12,5,31,11,55,690,387,"IGNORE, AVENUE JEAN JAUR",,,Plein jour,En agglomération,Intersection en T,Normale,Deux véhicules - côté,,,,,,,,,,,1,2,3,1.0,3
201200052144,0012-06-03 10:45:00,12,6,3,10,45,690,387,AVENUE JEAN JAURES,,,Plein jour,En agglomération,Hors intersection,Pluie forte,Autre collision,,,,,,,,,,,1,2,1,3.0,6
201200052145,0012-06-04 17:35:00,12,6,4,17,35,690,387,"IGNORE, BOULEVARD CHAMBA",,,Plein jour,En agglomération,Hors intersection,Normale,Trois véhicules et plus - en chaîne,,,,,,,,,,,1,2,1,1.0,4
201200052146,0012-06-16 23:10:00,12,6,16,23,10,690,387,"41, AVENUE DEBOURG",,,Nuit avec éclairage allumé,En agglomération,Hors intersection,Normale,Autre collision,,,,,,,,,,,5,2,1,1.0,6
201200052147,0012-06-23 15:35:00,12,6,23,15,35,690,387,"36, RUE DE MARSEILLE",,,Plein jour,En agglomération,Hors intersection,Normale,Autre collision,,,,,,,,,,,1,2,1,1.0,6
201200052148,0012-07-01 08:30:00,12,7,1,8,30,690,387,"0, AVENUE DEBOURG",,,Plein jour,En agglomération,Intersection en X,Pluie forte,Autre collision,,,,,,,,,,,1,2,2,3.0,6
201200052149,0012-07-05 16:05:00,12,7,5,16,5,690,387,"0, AVENUE JEAN JAURES",,,Plein jour,En agglomération,Intersection en X,Normale,Deux véhicules - côté,,,,,,,,,,,1,2,2,1.0,3
201200052150,0012-07-06 19:40:00,12,7,6,19,40,690,387,"0, QUAI CLAUDE BERNARD",,,Plein jour,En agglomération,Hors intersection,Normale,Sans collision,,,,,,,,,,,1,2,1,1.0,7
201200052151,0012-07-08 17:40:00,12,7,8,17,40,690,387,"0, RUE JANGOT",,,Plein jour,En agglomération,Intersection en X,Normale,Deux véhicules - côté,,,,,,,,,,,1,2,2,1.0,3
201200052152,0012-07-16 09:20:00,12,7,16,9,20,690,387,"0, RUE DOMER",,,Plein jour,En agglomération,Hors intersection,Normale,Deux véhicules - arrière,,,,,,,,,,,1,2,1,1.0,2
201200052153,0012-06-27 09:15:00,12,6,27,9,15,690,387,"20, RUE DE LA MADELEINE",,,Plein jour,En agglomération,Intersection en T,Normale,Autre collision,,,,,,,,,,,1,2,3,1.0,6
201200052154,0012-07-12 20:45:00,12,7,12,20,45,690,387,"94, AVENUE JEAN JAURES",,,Plein jour,En agglomération,Hors intersection,Normale,Deux véhicules - côté,,,,,,,,,,,1,2,1,1.0,3
201200052155,0012-07-16 18:15:00,12,7,16,18,15,690,387,"11, AVENUE LECLERC",,,Plein jour,En agglomération,Autre intersection,Normale,Deux véhicules - côté,,,,,,,,,,,1,2,9,1.0,3
201200052156,0012-07-18 19:55:00,12,7,18,19,55,690,387,"0, AVENUE LECLERC",,,Plein jour,En agglomération,Hors intersection,Normale,Deux véhicules - côté,,,,,,,,,,,1,2,1,1.0,3
201200052157,0012-07-19 13:15:00,12,7,19,13,15,690,387,"0, QUAI CLAUDE BERNARD",,,Plein jour,En agglomération,Intersection en T,Normale,Autre collision,,,,,,,,,,,1,2,3,1.0,6
201200052158,0012-07-22 12:10:00,12,7,22,12,10,690,387,"0, RUE DE L UNIVERSITE",,,Plein jour,En agglomération,Intersection en X,Normale,Autre collision,,,,,,,,,,,1,2,2,1.0,6
201200052159,0012-07-24 18:00:00,12,7,24,18,0,690,387,"331, RUE GARIBALDI",,,Plein jour,En agglomération,Hors intersection,Normale,Autre collision,,,,,,,,,,,1,2,1,1.0,6
201200052160,0012-07-24 10:50:00,12,7,24,10,50,690,387,"0, RUE PASTEUR",,,Plein jour,En agglomération,Intersection en X,Normale,Deux véhicules - côté,,,,,,,,,,,1,2,2,1.0,3
201200052161,0012-07-21 15:30:00,12,7,21,15,30,690,387,"00, COURS GAMBETTA",,,Plein jour,En agglomération,Intersection en X,Normale,Deux véhicules - côté,,,,,,,,,,,1,2,2,1.0,3
201200052162,0012-07-25 10:10:00,12,7,25,10,10,690,387,AVENUE JEAN JAURES,,,Plein jour,En agglomération,Hors intersection,Normale,Deux véhicules - arrière,,,,,,,,,,,1,2,1,1.0,2
201200052163,0012-07-26 17:15:00,12,7,26,17,15,690,387,"16, RUE DE LA THIBAUDIER",,,Plein jour,En agglomération,Intersection en X,Normale,Deux véhicules - côté,,,,,,,,,,,1,2,2,1.0,3
201200052164,0012-07-28 18:15:00,12,7,28,18,15,690,387,QUAI CLAUDE BERNARD,,,Plein jour,En agglomération,Intersection en X,Normale,Deux véhicules - côté,,,,,,,,,,,1,2,2,1.0,3
201200052165,0012-07-31 18:20:00,12,7,31,18,20,690,387,AVENUE FELIX FAURE,,,Plein jour,En agglomération,Autre intersection,Normale,Autre collision,,,,,,,,,,,1,2,9,1.0,6
201200052166,0012-08-09 19:15:00,12,8,9,19,15,690,387,"0, RUE RAULIN",,,Plein jour,En agglomération,Intersection en X,Normale,Autre collision,,,,,,,,,,,1,2,2,1.0,6
201200052167,0012-08-15 11:35:00,12,8,15,11,35,690,387,"IGNORE, RUE CHALOPIN",,,Plein jour,En agglomération,Intersection en X,Normale,Trois véhicules et plus - collisions multiples,,,,,,,,,,,1,2,2,1.0,5
201200052168,0012-08-24 21:05:00,12,8,24,21,5,690,387,"ignore, RUE SAINT JEAN D",,,Nuit sans éclairage public,En agglomération,Hors intersection,Pluie forte,Autre collision,,,,,,,,,,,3,2,1,3.0,6
201200052169,0012-08-30 09:10:00,12,8,30,9,10,690,387,"290, AVENUE JEAN JAURES",,,Plein jour,En agglomération,Intersection en T,Pluie forte,Autre collision,,,,,,,,,,,1,2,3,3.0,6
201200052170,0012-08-31 23:05:00,12,8,31,23,5,690,387,"0, RUE CAVENNE",,,Nuit avec éclairage allumé,En agglomération,Intersection en X,Normale,Autre collision,,,,,,,,,,,5,2,2,1.0,6
201200052171,0012-08-31 22:00:00,12,8,31,22,0,690,387,BOULEVARD YVES FARGE,,,Nuit avec éclairage allumé,En agglomération,Intersection en X,Pluie légère,Deux véhicules - frontale,,,,,,,,,,,5,2,2,2.0,1
201200052172,0012-09-01 04:50:00,12,9,1,4,50,690,387,"19, AVENUE TONY GARNIER",,,Nuit avec éclairage allumé,En agglomération,Hors intersection,Normale,Deux véhicules - arrière,,,,,,,,,,,5,2,1,1.0,2
201200052173,0012-09-03 16:15:00,12,9,3,16,15,690,387,RUE DU BEGUIN,,,Plein jour,En agglomération,Autre intersection,Normale,Autre collision,,,,,,,,,,,1,2,9,1.0,6
201200052174,0012-09-08 17:30:00,12,9,8,17,30,690,387,"0, RUE SEBASTIEN GRYPHE",,,Plein jour,En agglomération,Intersection en T,Normale,Autre collision,,,,,,,,,,,1,2,3,1.0,6
201200052175,0012-09-09 18:50:00,12,9,9,18,50,690,387,"0, AVENUE BERTHELOT",,,Plein jour,En agglomération,Intersection en X,Normale,Deux véhicules - côté,,,,,,,,,,,1,2,2,1.0,3
201200052176,0012-09-10 14:00:00,12,9,10,14,0,690,387,"IGNORE, RUE BENJAMIN DEL",,,Plein jour,En agglomération,Intersection en T,Normale,Deux véhicules - côté,,,,,,,,,,,1,2,3,1.0,3
201200052177,0012-09-12 10:30:00,12,9,12,10,30,690,387,"18, COURS GAMBETTA",,,Plein jour,En agglomération,Hors intersection,Pluie forte,Autre collision,,,,,,,,,,,1,2,1,3.0,6
201200052178,0012-09-14 08:25:00,12,9,14,8,25,690,387,"0, AVENUE JEAN JAURES",,,Plein jour,En agglomération,Intersection en X,Normale,Autre collision,,,,,,,,,,,1,2,2,1.0,6
201200052179,0012-09-16 18:50:00,12,9,16,18,50,690,387,RUE DE GERLAND,,,Plein jour,En agglomération,Intersection en X,Normale,Trois véhicules et plus - en chaîne,,,,,,,,,,,1,2,2,1.0,4
201200052180,0012-09-21 12:25:00,12,9,21,12,25,690,387,"0, RUE PRE GAUDRY",,,Plein jour,En agglomération,Hors intersection,Normale,Deux véhicules - arrière,,,,,,,,,,,1,2,1,1.0,2
201200052181,0012-09-28 17:45:00,12,9,28,17,45,690,387,RUE SEBASTIEN GRYPHE,,,Plein jour,En agglomération,Intersection en X,Normale,Deux véhicules - côté,,,,,,,,,,,1,2,2,1.0,3
201200052182,0012-10-01 22:40:00,12,10,1,22,40,690,387,QUAI CLAUDE BERNARD,,,Nuit avec éclairage allumé,En agglomération,Passage à niveau,Normale,Autre collision,,,,,,,,,,,5,2,8,1.0,6
201200052183,0012-10-01 15:05:00,12,10,1,15,5,690,387,"88 bis, COURS GAMBETTA",,,Plein jour,En agglomération,Intersection en X,Normale,Deux véhicules - côté,,,,,,,,,,,1,2,2,1.0,3
201200052184,0012-10-02 11:35:00,12,10,2,11,35,690,387,"IGNORE, RUE CHEVREUL",,,Plein jour,En agglomération,Intersection en X,Normale,Deux véhicules - côté,,,,,,,,,,,1,2,2,1.0,3
201200052185,0012-10-09 19:10:00,12,10,9,19,10,690,387,"90, BOULEVARD DES TCHECO",,,Plein jour,En agglomération,Hors intersection,Normale,Autre collision,,,,,,,,,,,1,2,1,1.0,6
201200052186,0012-10-06 11:20:00,12,10,6,11,20,690,387,"63, AVENUE JEAN JAURES",,,Plein jour,En agglomération,Hors intersection,Normale,Sans collision,,,,,,,,,,,1,2,1,1.0,7
201200052187,0012-09-09 09:00:00,12,9,9,9,0,690,387,AVENUE LECLERC,,,Plein jour,En agglomération,Hors intersection,Normale,Autre collision,,,,,,,,,,,1,2,1,1.0,6
201200052188,0012-10-16 09:10:00,12,10,16,9,10,690,387,"0, RUE MARC BLOCH",,,Plein jour,En agglomération,Intersection en X,Normale,Deux véhicules - côté,,,,,,,,,,,1,2,2,1.0,3
201200052189,0012-10-17 22:45:00,12,10,17,22,45,690,387,"97, GRANDE RUE DE LA GUI",,,Nuit avec éclairage allumé,En agglomération,Hors intersection,Vent fort / tempête,Trois véhicules et plus - collisions multiples,,,,,,,,,,,5,2,1,6.0,5
201200052190,0012-10-16 16:35:00,12,10,16,16,35,690,387,"124, COURS GAMBETTA",,,Plein jour,En agglomération,Hors intersection,Pluie légère,Deux véhicules - frontale,,,,,,,,,,,1,2,1,2.0,1
201200052191,0012-10-18 10:05:00,12,10,18,10,5,690,387,"37, RUE FELIX BRUN",,,Plein jour,En agglomération,Hors intersection,Vent fort / tempête,Deux véhicules - frontale,,,,,,,,,,,1,2,1,6.0,1
201200052192,0012-10-26 19:05:00,12,10,26,19,5,690,387,"78, AVENUE JEAN JAURES",,,Nuit avec éclairage non allumé,En agglomération,Intersection en X,Autre,Autre collision,,,,,,,,,,,4,2,2,9.0,6
201200052193,0012-10-24 22:50:00,12,10,24,22,50,690,387,"0, AVENUE BERTHELOT",,,Nuit avec éclairage allumé,En agglomération,Intersection en X,Normale,Deux véhicules - côté,,,,,,,,,,,5,2,2,1.0,3
201200052194,0012-10-26 14:40:00,12,10,26,14,40,690,387,"42, RUE DE L UNIVERSITE",,,Plein jour,En agglomération,Hors intersection,Pluie légère,Autre collision,,,,,,,,,,,1,2,1,2.0,6
201200052195,0012-11-03 05:10:00,12,11,3,5,10,690,387,"110, AVENUE BERTHELOT",,,Nuit sans éclairage public,En agglomération,Hors intersection,Normale,Autre collision,,,,,,,,,,,3,2,1,1.0,6
201200052196,0012-11-04 20:00:00,12,11,4,20,0,690,387,PLACE JEAN MACE,,,Nuit avec éclairage allumé,En agglomération,Intersection en X,Pluie forte,Autre collision,,,,,,,,,,,5,2,2,3.0,6
201200052197,0012-11-07 12:15:00,12,11,7,12,15,690,387,"37, RUE DE L UNIVERSITE",,,Plein jour,En agglomération,Intersection en X,Normale,Autre collision,,,,,,,,,,,1,2,2,1.0,6
201200052198,0012-11-04 03:25:00,12,11,4,3,25,690,387,"6, QUAI CLAUDE BERNARD",,,Nuit avec éclairage allumé,En agglomération,Hors intersection,Temps couvert,Trois véhicules et plus - en chaîne,,,,,,,,,,,5,2,1,8.0,4