accident_id,datetime,annee,mois,jour,heure,minute,departement,commune_insee,adresse,latitude,longitude,luminosite,agglomeration,intersection,meteo,collision,nb_vehicules,nb_usagers,nb_indemnes,nb_tues,nb_blesses_hosp,nb_blesses_legers,age_cond_1,age_cond_2,veh_type_cond_1,veh_type_cond_2,lum_code,agg_code,int_code,atm_code,col_code
201200053334,0012-11-23 11:35:00,12,11,23,11,35,130,106,A7-SENS LYON VERS MARSEI,43.3905,5.35105,Plein jour,Hors agglomération,Hors intersection,Normale,Deux véhicules - côté,,,,,,,,,,,1,1,1,1.0,3
201200053335,0012-11-24 02:20:00,12,11,24,2,20,130,71,A51-SENS AIX EN PROVENCE,43.4177,5.36573,Nuit sans éclairage public,Hors agglomération,Hors intersection,Normale,Autre collision,,,,,,,,,,,3,1,1,1.0,6
201200053336,0012-11-25 04:10:00,12,11,25,4,10,130,26,A55-SENS MARTIGUES*VERS,43.3744,5.17906,Nuit sans éclairage public,Hors agglomération,Hors intersection,Normale,Deux véhicules - arrière,,,,,,,,,,,3,1,1,1.0,2
201200053337,0012-11-25 16:42:00,12,11,25,16,42,130,1,A5116CD-AIX-CENTRE*VERS,43.5168,5.43149,Plein jour,Hors agglomération,Hors intersection,Normale,Autre collision,,,,,,,,,,,1,1,1,1.0,6
201200053338,0012-11-25 19:15:00,12,11,25,19,15,130,71,A51-SENS AIX EN PROVENCE,43.4097,5.36378,Nuit sans éclairage public,Hors agglomération,Hors intersection,Normale,Trois véhicules et plus - collisions multiples,,,,,,,,,,,3,1,1,1.0,5
201200053339,0012-11-26 18:40:00,12,11,26,18,40,130,55,AXE LITTORAL SENS NORD -,43.3003,5.36391,Nuit sans éclairage public,Hors agglomération,Hors intersection,Pluie légère,Sans collision,,,,,,,,,,,3,1,1,2.0,7
201200053340,0012-11-25 21:30:00,12,11,25,21,30,130,19,A51-SENS AIX EN*PROVENCE,43.4234,5.37352,Nuit sans éclairage public,Hors agglomération,Hors intersection,Normale,Sans collision,,,,,,,,,,,3,1,1,1.0,7
201200053341,0012-11-28 14:30:00,12,11,28,14,30,130,88,A55-SENS MARSEILLE*VERS,43.3916,5.25762,Plein jour,Hors agglomération,Hors intersection,Pluie forte,Autre collision,,,,,,,,,,,1,1,1,3.0,6
201200053342,0012-11-27 10:17:00,12,11,27,10,17,130,5,A50-SENS AUBAGNE VERS*MA,43.2852,5.51719,Plein jour,Hors agglomération,Hors intersection,Pluie légère,Trois véhicules et plus - en chaîne,,,,,,,,,,,1,1,1,2.0,4
201200053343,0012-11-27 22:00:00,12,11,27,22,0,130,19,A51-SENS AIX EN PROVENCE,43.4244,5.37546,Nuit sans éclairage public,Hors agglomération,Hors intersection,Pluie forte,Deux véhicules - côté,,,,,,,,,,,3,1,1,3.0,3
201200053344,0012-12-03 07:21:00,12,12,3,7,21,130,106,A7-Sens Lyon vers*Marsei,,,Plein jour,Hors agglomération,Hors intersection,Normale,Trois véhicules et plus - collisions multiples,,,,,,,,,,,1,1,1,1.0,5
201200053345,0012-11-28 19:00:00,12,11,28,19,0,130,71,A7-SENS LYON VERS*MARSEI,43.406,5.29277,Nuit sans éclairage public,Hors agglomération,Hors intersection,Normale,Deux véhicules - arrière,,,,,,,,,,,3,1,1,1.0,2
201200053346,0012-12-03 04:50:00,12,12,3,4,50,130,117,A7-SENS MARSEILLE VERS L,43.4616,5.23484,Nuit sans éclairage public,Hors agglomération,Hors intersection,Normale,Trois véhicules et plus - collisions multiples,,,,,,,,,,,3,1,1,1.0,5
201200053347,0012-12-04 18:22:00,12,12,4,18,22,130,55,A55-SENS MARTIGUES VERS,43.3319,5.35416,Nuit avec éclairage non allumé,Hors agglomération,Hors intersection,Normale,Deux véhicules - arrière,,,,,,,,,,,4,1,1,1.0,2
201200053348,0012-12-05 08:00:00,12,12,5,8,0,130,55,A7-SENS LYON VERS MARSEI,43.3346,5.37741,Plein jour,Hors agglomération,Hors intersection,Normale,Deux véhicules - arrière,,,,,,,,,,,1,1,1,1.0,2
201200053349,0012-12-08 07:30:00,12,12,8,7,30,130,88,A55-SENS MARSEILLE VERS,43.3914,5.26862,Crépuscule ou aube,Hors agglomération,Hors intersection,Temps couvert,Sans collision,,,,,,,,,,,2,1,1,8.0,7
201200053350,0012-12-09 00:15:00,12,12,9,0,15,130,19,A51-SENS AIX EN PROVENCE,43.4244,5.37546,Nuit sans éclairage public,Hors agglomération,Hors intersection,Normale,Autre collision,,,,,,,,,,,3,1,1,1.0,6
201200053351,0012-12-09 01:00:00,12,12,9,1,0,130,5,A50-SENS MARSEILLE VERS,43.2872,5.53884,Nuit sans éclairage public,Hors agglomération,Hors intersection,Normale,Deux véhicules - arrière,,,,,,,,,,,3,1,1,1.0,2
201200053352,0012-12-11 18:00:00,12,12,11,18,0,130,106,A7-SENS MARSEILLE VERS L,43.3905,5.35105,Nuit avec éclairage allumé,Hors agglomération,Hors intersection,Normale,Trois véhicules et plus - en chaîne,,,,,,,,,,,5,1,1,1.0,4
201200053353,0012-12-12 17:30:00,12,12,12,17,30,130,71,A7-SENS LYON VERS MARSEI,43.4027,5.34558,Nuit sans éclairage public,Hors agglomération,Hors intersection,Normale,Trois véhicules et plus - en chaîne,,,,,,,,,,,3,1,1,1.0,4
201200053354,0012-12-12 18:30:00,12,12,12,18,30,130,55,A50-SENS AUBAGNE VERS MA,43.2925,5.47762,Nuit sans éclairage public,Hors agglomération,Hors intersection,Normale,Deux véhicules - arrière,,,,,,,,,,,3,1,1,1.0,2
201200053355,0012-12-12 19:00:00,12,12,12,19,0,130,55,A7-SENS LYON VERS MARSEI,43.3654,5.36058,Nuit sans éclairage public,Hors agglomération,Hors intersection,Normale,Deux véhicules - arrière,,,,,,,,,,,3,1,1,1.0,2
201200053356,0012-12-13 19:15:00,12,12,13,19,15,130,55,A50-SENS MARSEILLE VERS,43.2854,5.42546,Nuit sans éclairage public,Hors agglomération,Hors intersection,Normale,Deux véhicules - arrière,,,,,,,,,,,3,1,1,1.0,2
201200053357,0012-12-14 14:50:00,12,12,14,14,50,130,71,A55 - SENS MARSEILLE VER,43.3994,5.29219,Plein jour,Hors agglomération,Hors intersection,Normale,Sans collision,,,,,,,,,,,1,1,1,1.0,7
201200053358,0012-12-14 17:25:00,12,12,14,17,25,130,55,A7-SENS MARSEILLE VERS L,43.3673,5.36074,Nuit sans éclairage public,Hors agglomération,Hors intersection,Pluie légère,Trois véhicules et plus - en chaîne,,,,,,,,,,,3,1,1,2.0,4
201200053359,0012-12-14 18:20:00,12,12,14,18,20,130,55,A50-SENS MARSEILLE VERS,43.2847,5.40959,Nuit avec éclairage allumé,Hors agglomération,Hors intersection,Pluie légère,Trois véhicules et plus - collisions multiples,,,,,,,,,,,5,1,1,2.0,5
201200053360,0012-12-15 00:25:00,12,12,15,0,25,130,15,A51-SENS AIX EN PROVENCE,43.4641,5.4069,Nuit sans éclairage public,Hors agglomération,Autre intersection,Normale,Trois véhicules et plus - en chaîne,,,,,,,,,,,3,1,9,1.0,4
201200053361,0012-12-15 10:42:00,12,12,15,10,42,130,55,A557-LIAISON A7 MARSEILL,,,Plein jour,Hors agglomération,Hors intersection,Normale,Autre collision,,,,,,,,,,,1,1,1,1.0,6
201200053362,0012-12-18 10:10:00,12,12,18,10,10,130,55,A55-SENS MARSEILLE VERS,43.3159,5.36489,Plein jour,Hors agglomération,Hors intersection,Normale,Sans collision,,,,,,,,,,,1,1,1,1.0,7
201200053363,0012-12-18 10:15:00,12,12,18,10,15,130,70,A50-SENS AUBAGNE VERS MA,43.2861,5.5103,Plein jour,Hors agglomération,Hors intersection,Normale,Trois véhicules et plus - en chaîne,,,,,,,,,,,1,1,1,1.0,4
201200053364,0012-12-18 15:30:00,12,12,18,15,30,130,106,A51-SENS AIX EN PROVENCE,43.4027,5.3565,Plein jour,Hors agglomération,Hors intersection,Normale,Deux véhicules - arrière,,,,,,,,,,,1,1,1,1.0,2
201200053365,0012-12-18 18:20:00,12,12,18,18,20,130,55,A7-SENS LYON VERS MARSEI,43.3036,5.37487,Nuit sans éclairage public,Hors agglomération,Hors intersection,Normale,Trois véhicules et plus - en chaîne,,,,,,,,,,,3,1,1,1.0,4
201200053366,0012-12-19 08:40:00,12,12,19,8,40,130,55,A7-SENS LYON VERS MARSEI,43.3457,5.37367,Plein jour,Hors agglomération,Hors intersection,Normale,Trois véhicules et plus - en chaîne,,,,,,,,,,,1,1,1,1.0,4
201200053367,0012-12-21 07:50:00,12,12,21,7,50,130,55,A50-SENS AUBAGNE VERS MA,43.2871,5.43793,Crépuscule ou aube,Hors agglomération,Hors intersection,Normale,Autre collision,,,,,,,,,,,2,1,1,1.0,6
201200053368,0012-12-22 09:50:00,12,12,22,9,50,130,26,A55-SENS MARSEILLE VERS,43.3748,5.17795,Plein jour,Hors agglomération,Hors intersection,Normale,Autre collision,,,,,,,,,,,1,1,1,1.0,6
201200053369,0012-12-21 02:20:00,12,12,21,2,20,130,85,A50-SENS TOULON VERS AUB,43.2664,5.58729,Nuit sans éclairage public,Hors agglomération,Hors intersection,Normale,Sans collision,,,,,,,,,,,3,1,1,1.0,7
201200053370,0012-12-21 16:00:00,12,12,21,16,0,130,26,A55-SENS MARTIGUES VERS,43.3736,5.18368,Plein jour,Hors agglomération,Hors intersection,Normale,Sans collision,,,,,,,,,,,1,1,1,1.0,7
201200053371,0012-12-21 18:10:00,12,12,21,18,10,130,1,A51-SENS MARSEILLE VERS,43.5272,5.42681,Nuit sans éclairage public,Hors agglomération,Hors intersection,Normale,Deux véhicules - arrière,,,,,,,,,,,3,1,1,1.0,2
201200053372,0012-12-22 16:30:00,12,12,22,16,30,130,117,A7-SENS MARSEILLE VERS L,43.424,5.26578,Plein jour,Hors agglomération,Hors intersection,Normale,Trois véhicules et plus - en chaîne,,,,,,,,,,,1,1,1,1.0,4
201200053373,0012-12-21 16:30:00,12,12,21,16,30,130,117,A7-SENS LYON VERS MARSEI,43.424,5.26577,Plein jour,Hors agglomération,Hors intersection,Normale,Trois véhicules et plus - collisions multiples,,,,,,,,,,,1,1,1,1.0,5
201200053374,0012-12-17 18:15:00,12,12,17,18,15,130,117,A7-SENS MARSEILLE VERS L,43.4617,5.23483,Nuit sans éclairage public,Hors agglomération,Hors intersection,Normale,Deux véhicules - arrière,,,,,,,,,,,3,1,1,1.0,2
201200053375,0012-12-22 09:13:00,12,12,22,9,13,130,15,A51-SENS AIX EN PROVENCE,43.4351,5.39555,Crépuscule ou aube,Hors agglomération,Hors intersection,Normale,Sans collision,,,,,,,,,,,2,1,1,1.0,7
201200053376,0012-12-25 21:30:00,12,12,25,21,30,130,26,A55-SENS MARTIGUES VERS,43.3842,5.15174,Nuit sans éclairage public,Hors agglomération,Hors intersection,Normale,Deux véhicules - arrière,,,,,,,,,,,3,1,1,1.0,2
201200053377,0012-12-26 07:50:00,12,12,26,7,50,130,88,A55-SENS MARTIGUES VERS,43.3872,5.24241,Plein jour,Hors agglomération,Hors intersection,Normale,Deux véhicules - frontale,,,,,,,,,,,1,1,1,1.0,1
201200053378,0012-12-26 12:35:00,12,12,26,12,35,130,55,A55-SENS MARTIGUES VERS,43.3364,5.3514,Plein jour,Hors agglomération,Hors intersection,Normale,Deux véhicules - arrière,,,,,,,,,,,1,1,1,1.0,2
201200053379,0012-12-26 18:50:00,12,12,26,18,50,130,55,A7-SENS LYON VERS MARSEI,43.3042,5.37498,Nuit sans éclairage public,Hors agglomération,Hors intersection,Normale,Trois véhicules et plus - en chaîne,,,,,,,,,,,3,1,1,1.0,4
201200053380,0012-12-27 12:30:00,12,12,27,12,30,130,5,A50-SENS MARSEILLE VERS,43.2883,5.54706,Plein jour,Hors agglomération,Hors intersection,Normale,Autre collision,,,,,,,,,,,1,1,1,1.0,6
201200053381,0012-12-29 18:30:00,12,12,29,18,30,130,55,A50-SENS AUBAGNE VERS MA,43.2937,5.47179,Nuit sans éclairage public,Hors agglomération,Hors intersection,Normale,Deux véhicules - arrière,,,,,,,,,,,3,1,1,1.0,2
201200053382,0012-10-31 11:30:00,12,10,31,11,30,130,70,A52-SENS PONT DE L'ETOIL,43.3942,5.58291,Plein jour,Hors agglomération,Hors intersection,Pluie légère,Trois véhicules et plus - en chaîne,,,,,,,,,,,1,1,1,2.0,4
201200053383,0012-09-27 19:20:00,12,9,27,19,20,130,55,A7-SENS LYON VER* MARSEI,43.3036,5.37487,Plein jour,Hors agglomération,Hors intersection,Normale,Deux véhicules - arrière,,,,,,,,,,,1,1,1,1.0,2
201200053384,0012-11-13 12:22:00,12,11,13,12,22,130,56,A55-SENS MARSEILLE*VERS,43.4012,5.04322,Plein jour,Hors agglomération,Hors intersection,Normale,Deux véhicules - côté,,,,,,,,,,,1,1,1,1.0,3
201200053385,0012-01-03 18:10:00,12,1,3,18,10,130,22,A50-SENS AUBAGNE VERS TO,,,Crépuscule ou aube,Hors agglomération,Hors intersection,Normale,Sans collision,,,,,,,,,,,2,1,1,1.0,7
201200053386,0012-01-17 11:20:00,12,1,17,11,20,130,55,A55-SENS MARSEILLE VERS,43.3319,5.35416,Plein jour,Hors agglomération,Hors intersection,Normale,Sans collision,,,,,,,,,,,1,1,1,1.0,7
201200053387,0012-01-23 12:15:00,12,1,23,12,15,130,211,A50-Sens Aubagne vers Ma,,,Plein jour,Hors agglomération,Hors intersection,Normale,Deux véhicules - arrière,,,,,,,,,,,1,1,1,1.0,2
201200053388,0012-02-01 06:10:00,12,2,1,6,10,130,55,A7-SENS MARSEILLE VERS L,43.3754,5.3602,Nuit sans éclairage public,Hors agglomération,Hors intersection,Pluie légère,Deux véhicules - arrière,,,,,,,,,,,3,1,1,2.0,2
201200053389,0012-02-02 02:05:00,12,2,2,2,5,130,55,A50-SENS MARSEILLE VERS,43.287,5.50546,Nuit sans éclairage public,Hors agglomération,Hors intersection,Pluie légère,Autre collision,,,,,,,,,,,3,1,1,2.0,6
201200053390,0012-02-15 03:25:00,12,2,15,3,25,130,5,A50-SENS AUBAGNE VERS MA,,,Nuit sans éclairage public,Hors agglomération,Hors intersection,Normale,Sans collision,,,,,,,,,,,3,1,1,1.0,7
201200053391,0012-02-21 09:50:00,12,2,21,9,50,130,55,AXE LITTORAL SENS NORD -,,,Plein jour,Hors agglomération,Hors intersection,Normale,Trois véhicules et plus - en chaîne,,,,,,,,,,,1,1,1,1.0,4
201200053392,0012-03-13 21:35:00,12,3,13,21,35,130,55,A7-SENS LYON VERS MARSEI,43.3407,5.37665,Nuit sans éclairage public,Hors agglomération,Hors intersection,Normale,Deux véhicules - côté,,,,,,,,,,,3,1,1,1.0,3
201200053393,0012-03-28 07:50:00,12,3,28,7,50,130,55,A7-SENS LYON VERS MARSEI,43.3388,5.37688,Plein jour,Hors agglomération,Hors intersection,Normale,Deux véhicules - arrière,,,,,,,,,,,1,1,1,1.0,2
201200053394,0012-04-01 00:50:00,12,4,1,0,50,130,55,A50-SENS MARSEILLE VERS,43.2868,5.43618,Nuit sans éclairage public,Hors agglomération,Hors intersection,Normale,Trois véhicules et plus - collisions multiples,,,,,,,,,,,3,1,1,1.0,5
201200053395,0012-04-04 11:00:00,12,4,4,11,0,130,26,A55-SENS MARSEILLE VERS,,,Plein jour,Hors agglomération,Hors intersection,Temps couvert,Deux véhicules - arrière,,,,,,,,,,,1,1,1,8.0,2
201200053396,0012-04-12 06:35:00,12,4,12,6,35,130,15,A515CD-GARDANNE VERS A51,,,Plein jour,Hors agglomération,Hors intersection,Normale,Sans collision,,,,,,,,,,,1,1,1,1.0,7
201200053397,0012-04-14 21:40:00,12,4,14,21,40,130,55,TUNNEL JOLIETTE VERS A.5,,,Nuit avec éclairage allumé,Hors agglomération,Hors intersection,Normale,Deux véhicules - arrière,,,,,,,,,,,5,1,1,1.0,2
201200053398,0012-04-14 12:50:00,12,4,14,12,50,130,211,A50-Sens Aubagne vers Ma,,,Plein jour,Hors agglomération,Hors intersection,Normale,Deux véhicules - arrière,,,,,,,,,,,1,1,1,1.0,2
201200053399,0012-04-18 07:15:00,12,4,18,7,15,130,71,A7-SENS MARSEILLE VER$ L,,,Plein jour,Hors agglomération,Hors intersection,Normale,Trois véhicules et plus - en chaîne,,,,,,,,,,,1,1,1,1.0,4
201200053400,0012-05-12 11:10:00,12,5,12,11,10,130,1,A51-SENS AIX EN PROVENC*,,,Plein jour,Hors agglomération,Hors intersection,Normale,Autre collision,,,,,,,,,,,1,1,1,1.0,6
201200053401,0012-05-20 21:50:00,12,5,20,21,50,130,85,A50-SENS AUBAGNE VERS T*,,,Nuit sans éclairage public,Hors agglomération,Hors intersection,Pluie forte,Sans collision,,,,,,,,,,,3,1,1,3.0,7
201200053402,0012-05-26 21:20:00,12,5,26,21,20,130,71,A55 - SENS MARSEILLE VE*,,,Nuit sans éclairage public,Hors agglomération,Hors intersection,Normale,Autre collision,,,,,,,,,,,3,1,1,1.0,6
201200053403,0012-06-18 07:10:00,12,6,18,7,10,130,71,A7-SENS MARSEILLE VERS L,,,Plein jour,Hors agglomération,Hors intersection,Normale,Trois véhicules et plus - en chaîne,,,,,,,,,,,1,1,1,1.0,4
201200053404,0012-06-19 16:00:00,12,6,19,16,0,130,55,A557-LIAISON A7 MARSEILL,43.3198,5.3709,Plein jour,Hors agglomération,Hors intersection,Normale,Sans collision,,,,,,,,,,,1,1,1,1.0,7
201200053405,0012-06-20 09:00:00,12,6,20,9,0,130,15,A51-SENS MARSEILLE VERS,,,Plein jour,Hors agglomération,Hors intersection,Temps couvert,Trois véhicules et plus - en chaîne,,,,,,,,,,,1,1,1,8.0,4
201200053406,0012-06-22 07:29:00,12,6,22,7,29,130,55,A7-SENS LYON VERS MARSEI,43.3817,5.35182,Plein jour,Hors agglomération,Hors intersection,Normale,Autre collision,,,,,,,,,,,1,1,1,1.0,6
201200053407,0012-06-26 09:17:00,12,6,26,9,17,130,15,A51-SENS MARSEILLE VERS,,,Plein jour,Hors agglomération,Hors intersection,Normale,Deux véhicules - arrière,,,,,,,,,,,1,1,1,1.0,2
201200053408,0012-06-28 16:55:00,12,6,28,16,55,130,55,A55-SENS MARSEILLE VERS,43.369,5.32511,Plein jour,Hors agglomération,Hors intersection,Normale,Deux véhicules - arrière,,,,,,,,,,,1,1,1,1.0,2
201200053409,0012-07-08 21:25:00,12,7,8,21,25,130,26,A55-SENS MARSEILLE VERS,,,Plein jour,Hors agglomération,Hors intersection,Normale,Autre collision,,,,,,,,,,,1,1,1,1.0,6
201200053410,0012-07-08 23:40:00,12,7,8,23,40,130,106,A7-SENS LYON VERS MARSEI,,,Nuit sans éclairage public,Hors agglomération,Hors intersection,Normale,Deux véhicules - côté,,,,,,,,,,,3,1,1,1.0,3
201200053411,0012-07-11 01:10:00,12,7,11,1,10,130,55,A50-SENS AUBAGNE VERS MA,43.2907,5.48694,Nuit sans éclairage public,Hors agglomération,Hors intersection,Normale,Sans collision,,,,,,,,,,,3,1,1,1.0,7
201200053412,0012-07-20 02:30:00,12,7,20,2,30,130,55,A7-SENS MARSEILLE VERS L,43.37,5.36108,Nuit sans éclairage public,Hors agglomération,Hors intersection,Normale,Autre collision,,,,,,,,,,,3,1,1,1.0,6
201200053413,0012-07-22 04:15:00,12,7,22,4,15,130,19,A51-SENS MARSEILLE VERS,,,Nuit sans éclairage public,Hors agglomération,Hors intersection,Normale,Trois véhicules et plus - collisions multiples,,,,,,,,,,,3,1,1,1.0,5
201200053414,0012-07-24 20:50:00,12,7,24,20,50,130,55,A50-SENS MARSEILLE VERS,43.2845,5.41231,Crépuscule ou aube,Hors agglomération,Hors intersection,Normale,Deux véhicules - arrière,,,,,,,,,,,2,1,1,1.0,2
201200053415,0012-07-25 03:11:00,12,7,25,3,11,130,117,A7-SENS MARSEILLE VERS L,,,Nuit sans éclairage public,Hors agglomération,Hors intersection,Normale,Deux véhicules - frontale,,,,,,,,,,,3,1,1,1.0,1
201200053416,0012-07-30 09:40:00,12,7,30,9,40,130,55,A7-SENS LYON VERS MARSEI,43.3304,5.37788,Plein jour,Hors agglomération,Hors intersection,Normale,Trois véhicules et plus - en chaîne,,,,,,,,,,,1,1,1,1.0,4
201200053417,0012-08-14 10:29:00,12,8,14,10,29,130,56,A55-SENS MARSEILL* VERS,,,Plein jour,Hors agglomération,Hors intersection,Normale,Deux véhicules - arrière,,,,,,,,,,,1,1,1,1.0,2
201200053418,0012-08-16 20:45:00,12,8,16,20,45,130,55,A7-SENS MARSEILL* VERS L,43.3537,5.36482,Plein jour,Hors agglomération,Hors intersection,Normale,Trois véhicules et plus - collisions multiples,,,,,,,,,,,1,1,1,1.0,5
201200053419,0012-08-25 20:47:00,12,8,25,20,47,130,55,TUNNEL PRADO CAR?NAG*,43.2838,5.4025,Nuit avec éclairage allumé,Hors agglomération,Hors intersection,Normale,Deux véhicules - côté,,,,,,,,,,,5,1,1,1.0,3
201200053420,0012-08-28 03:20:00,12,8,28,3,20,130,19,A51-SENS AIX EN PROVENC*,,,Nuit sans éclairage public,Hors agglomération,Hors intersection,Normale,Deux véhicules - arrière,,,,,,,,,,,3,1,1,1.0,2
201200053421,0012-09-11 23:26:00,12,9,11,23,26,130,55,A50-SENS AUBAGNE VE*S MA,43.2943,5.45994,Nuit avec éclairage allumé,Hors agglomération,Hors intersection,Normale,Deux véhicules - arrière,,,,,,,,,,,5,1,1,1.0,2
201200053422,0012-09-16 15:40:00,12,9,16,15,40,130,55,A55-SENS MARSEILLE VER*,43.3299,5.35516,Plein jour,Hors agglomération,Hors intersection,Normale,Autre collision,,,,,,,,,,,1,1,1,1.0,6
201200053423,0012-09-19 18:45:00,12,9,19,18,45,130,56,A55-SENS MARSEILLE VER*,,,Plein jour,Hors agglomération,Hors intersection,Normale,Deux véhicules - arrière,,,,,,,,,,,1,1,1,1.0,2
201200053424,0012-09-21 22:18:00,12,9,21,22,18,130,55,TVPCM-SENS SAINT VICTOR,,,Nuit avec éclairage allumé,Hors agglomération,Hors intersection,Normale,Deux véhicules - côté,,,,,,,,,,,5,1,1,1.0,3
201200053425,0012-09-24 11:05:00,12,9,24,11,5,130,56,A55-SENS MARSEILL* VERS,,,Plein jour,Hors agglomération,Hors intersection,Normale,Deux véhicules - côté,,,,,,,,,,,1,1,1,1.0,3
201200053426,0012-09-27 08:45:00,12,9,27,8,45,130,5,A50-SENS AUBAGNE VER* MA,,,Plein jour,Hors agglomération,Hors intersection,Normale,Deux véhicules - arrière,,,,,,,,,,,1,1,1,1.0,2
201200053427,0012-09-29 07:10:00,12,9,29,7,10,130,117,A7-SENS MARSEILLE*VERS L,,,Nuit sans éclairage public,Hors agglomération,Hors intersection,Pluie légère,Autre collision,,,,,,,,,,,3,1,1,2.0,6
201200053428,0012-10-03 11:00:00,12,10,3,11,0,130,71,A55 - SENS MARSEILLE VER,,,Plein jour,Hors agglomération,Hors intersection,Normale,Trois véhicules et plus - en chaîne,,,,,,,,,,,1,1,1,1.0,4
201200053429,0012-10-04 19:49:00,12,10,4,19,49,130,81,A7-SENS MARSEILLE VERS L,,,Nuit sans éclairage public,Hors agglomération,Hors intersection,Normale,Trois véhicules et plus - en chaîne,,,,,,,,,,,3,1,1,1.0,4
201200053430,0012-10-06 06:00:00,12,10,6,6,0,130,55,A50-SENS AUBAGNE VERS MA,43.2934,5.45656,Nuit avec éclairage allumé,Hors agglomération,Hors intersection,Normale,Autre collision,,,,,,,,,,,5,1,1,1.0,6
201200053431,0012-10-07 15:00:00,12,10,7,15,0,130,5,A52-SENS TOULON VERS PON,43.2783,5.58534,Plein jour,Hors agglomération,Hors intersection,Normale,Deux véhicules - arrière,,,,,,,,,,,1,1,1,1.0,2
201200053432,0012-10-08 19:35:00,12,10,8,19,35,130,214,A7-SENS LYON VERS MARSEI,43.3314,5.37776,Nuit sans éclairage public,Hors agglomération,Hors intersection,Normale,Deux véhicules - arrière,,,,,,,,,,,3,1,1,1.0,2
201200053433,0012-10-10 16:30:00,12,10,10,16,30,130,88,A55-SENS MARSEILLE*VERS,,,Plein jour,Hors agglomération,Hors intersection,Normale,Trois véhicules et plus - en chaîne,,,,,,,,,,,1,1,1,1.0,4
201200053434,0012-10-12 21:45:00,12,10,12,21,45,130,56,A55-SENS*MARSEILLE VERS,,,Nuit sans éclairage public,Hors agglomération,Hors intersection,Normale,Deux véhicules - arrière,,,,,,,,,,,3,1,1,1.0,2
201200053435,0012-10-12 13:45:00,12,10,12,13,45,130,106,A7-SENS LYON VERS*MARSEI,,,Plein jour,Hors agglomération,Hors intersection,Normale,Deux véhicules - côté,,,,,,,,,,,1,1,1,1.0,3
201200053436,0012-10-18 15:30:00,12,10,18,15,30,130,55,S10CM-SENS MARSEILLE*VER,43.2837,5.40227,Plein jour,Hors agglomération,Hors intersection,Normale,Autre collision,,,,,,,,,,,1,1,1,1.0,6
201200053437,0012-10-18 17:05:00,12,10,18,17,5,130,5,A50-SENS MARSEILLE*VERS,,,Plein jour,Hors agglomération,Hors intersection,Normale,Deux véhicules - arrière,,,,,,,,,,,1,1,1,1.0,2
201200053438,0012-10-19 14:05:00,12,10,19,14,5,130,55,A557-LIAISON A7*MARSEILL,43.3235,5.3777,Plein jour,Hors agglomération,Hors intersection,Vent fort / tempête,Autre collision,,,,,,,,,,,1,1,1,6.0,6
201200053439,0012-10-19 16:20:00,12,10,19,16,20,130,71,A7-SENS MARSEILLE VERS L,43.4121,5.28208,Plein jour,Hors agglomération,Hors intersection,Normale,Deux véhicules - arrière,,,,,,,,,,,1,1,1,1.0,2
201200053440,0012-10-24 18:55:00,12,10,24,18,55,130,55,A50-SENS MARSEILLE VERS,43.2903,5.4479,Nuit sans éclairage public,Hors agglomération,Hors intersection,Normale,Deux véhicules - côté,,,,,,,,,,,3,1,1,1.0,3
201200053441,0012-10-26 14:50:00,12,10,26,14,50,130,71,A7-SENS LYON VERS MARSE*,,,Plein jour,Hors agglomération,Hors intersection,Pluie forte,Deux véhicules - arrière,,,,,,,,,,,1,1,1,3.0,2
201200053442,0012-11-01 08:00:00,12,11,1,8,0,130,15,A51-SENS MARSEILLE VER*,43.4648,5.40707,Plein jour,Hors agglomération,Hors intersection,Normale,Sans collision,,,,,,,,,,,1,1,1,1.0,7
201200053443,0012-11-09 07:00:00,12,11,9,7,0,130,71,A51-SENS MARSEILLE VERS,43.4096,5.36375,Plein jour,Hors agglomération,Hors intersection,Normale,Autre collision,,,,,,,,,,,1,1,1,1.0,6
201200053444,0012-11-12 00:01:00,12,11,12,0,1,130,71,A51-SENS AIX*EN PROVENCE,43.4199,5.36759,Nuit sans éclairage public,Hors agglomération,Hors intersection,Temps couvert,Autre collision,,,,,,,,,,,3,1,1,8.0,6
201200053445,0012-11-17 05:15:00,12,11,17,5,15,130,117,A7-SENS LYON VER* MARSEI,43.4363,5.2534,Nuit sans éclairage public,Hors agglomération,Hors intersection,Normale,Autre collision,,,,,,,,,,,3,1,1,1.0,6
201200053446,0012-11-25 06:05:00,12,11,25,6,5,130,55,A55-SENS MARSEILLE*VERS,43.3434,5.34741,Nuit sans éclairage public,Hors agglomération,Hors intersection,Pluie légère,Autre collision,,,,,,,,,,,3,1,1,2.0,6
201200053447,0012-11-23 18:00:00,12,11,23,18,0,130,5,A50-SENS AUBAGNE VERS *A,43.2849,5.5201,Nuit sans éclairage public,Hors agglomération,Hors intersection,Normale,Deux véhicules - côté,,,,,,,,,,,3,1,1,1.0,3
201200053448,0012-11-27 10:00:00,12,11,27,10,0,130,19,A51-SENS MARSEILLE*VERS,43.4203,5.36808,Plein jour,Hors agglomération,Hors intersection,Pluie légère,Autre collision,,,,,,,,,,,1,1,1,2.0,6
201200053449,0012-11-30 16:20:00,12,11,30,16,20,130,55,A7-SENS LYON VERS*MARSEI,43.3781,5.35647,Plein jour,Hors agglomération,Hors intersection,Normale,Deux véhicules - arrière,,,,,,,,,,,1,1,1,1.0,2
201200053450,0012-12-02 02:40:00,12,12,2,2,40,130,70,A50-SENS AUBAGNE VERS M*,43.2859,5.51143,Nuit sans éclairage public,Hors agglomération,Hors intersection,Normale,Autre collision,,,,,,,,,,,3,1,1,1.0,6