accident_id,datetime,annee,mois,jour,heure,minute,departement,commune_insee,adresse,latitude,longitude,luminosite,agglomeration,intersection,meteo,collision,nb_vehicules,nb_usagers,nb_indemnes,nb_tues,nb_blesses_hosp,nb_blesses_legers,age_cond_1,age_cond_2,veh_type_cond_1,veh_type_cond_2,lum_code,agg_code,int_code,atm_code,col_code
201200053708,0012-10-27 21:30:00,12,10,27,21,30,750,102,"16, RUE SAINT FIACRE",,,Nuit sans éclairage public,En agglomération,Hors intersection,Normale,Autre collision,,,,,,,,,,,3,2,1,1.0,6
201200053709,0012-10-29 12:25:00,12,10,29,12,25,750,102,"69, RUE DE RICHELIEU",,,Plein jour,En agglomération,Intersection en T,Normale,Deux véhicules - arrière,,,,,,,,,,,1,2,3,1.0,2
201200053710,0012-11-04 23:00:00,12,11,4,23,0,750,104,"03, BOULEVARD BEAUMARCHA",,,Nuit avec éclairage allumé,En agglomération,Place,Normale,Autre collision,,,,,,,,,,,5,2,7,1.0,6
201200053711,0012-11-07 04:55:00,12,11,7,4,55,750,102,"29, RUE DU QUATRE SEPTEM",,,Nuit avec éclairage allumé,En agglomération,Intersection en X,Normale,Deux véhicules - côté,,,,,,,,,,,5,2,2,1.0,3
201200053712,0012-11-12 09:30:00,12,11,12,9,30,750,102,"186, RUE SAINT DENIS",,,Plein jour,En agglomération,Intersection en T,Normale,Autre collision,,,,,,,,,,,1,2,3,1.0,6
201200053713,0012-11-15 19:00:00,12,11,15,19,0,750,102,"66, RUE SAINTE ANNE",,,Nuit avec éclairage allumé,En agglomération,Intersection en X,Normale,Sans collision,,,,,,,,,,,5,2,2,1.0,7
201200053714,0012-11-16 19:00:00,12,11,16,19,0,750,102,"38, AVENUE DE L OPERA",,,Nuit avec éclairage allumé,En agglomération,Intersection en X,Normale,Deux véhicules - côté,,,,,,,,,,,5,2,2,1.0,3
201200053715,0012-11-20 19:55:00,12,11,20,19,55,750,103,"07, RUE DE BRETAGNE",,,Nuit avec éclairage allumé,En agglomération,Hors intersection,Normale,Deux véhicules - côté,,,,,,,,,,,5,2,1,1.0,3
201200053716,0012-11-22 08:00:00,12,11,22,8,0,750,102,"59, RUE DE RICHELIEU",,,Plein jour,En agglomération,Intersection en T,Normale,Deux véhicules - arrière,,,,,,,,,,,1,2,3,1.0,2
201200053717,0012-11-29 20:35:00,12,11,29,20,35,750,102,"95, BOULEVARD DE SEBASTO",,,Nuit avec éclairage allumé,En agglomération,Hors intersection,Normale,Deux véhicules - arrière,,,,,,,,,,,5,2,1,1.0,2
201200053718,0012-12-01 21:00:00,12,12,1,21,0,750,102,"12, RUE DE LA BOURSE",,,Nuit avec éclairage allumé,En agglomération,Intersection en T,Normale,Deux véhicules - côté,,,,,,,,,,,5,2,3,1.0,3
201200053719,0012-12-05 17:45:00,12,12,5,17,45,750,102,"36, RUE ETIENNE MARCEL",,,Nuit avec éclairage allumé,En agglomération,Intersection à plus de 4 branches,Pluie légère,Autre collision,,,,,,,,,,,5,2,5,2.0,6
201200053720,0012-12-11 07:00:00,12,12,11,7,0,750,102,"32, RUE ETIENNE MARCEL",,,Crépuscule ou aube,En agglomération,Intersection en X,Normale,Deux véhicules - côté,,,,,,,,,,,2,2,2,1.0,3
201200053721,0012-12-11 13:00:00,12,12,11,13,0,750,102,"25, RUE POISSONNIERE",,,Plein jour,En agglomération,Hors intersection,Normale,Autre collision,,,,,,,,,,,1,2,1,1.0,6
201200053722,0012-12-12 14:45:00,12,12,12,14,45,750,102,"17, RUE DE LA PAIX",,,Plein jour,En agglomération,Intersection en X,Normale,Deux véhicules - côté,,,,,,,,,,,1,2,2,1.0,3
201200053723,0012-12-13 20:35:00,12,12,13,20,35,750,102,"32, RUE ETIENNE MARCEL",,,Nuit avec éclairage allumé,En agglomération,Intersection en X,Normale,Autre collision,,,,,,,,,,,5,2,2,1.0,6
201200053724,0012-12-18 14:50:00,12,12,18,14,50,750,102,"127, RUE MONTMARTRE",,,Plein jour,En agglomération,Intersection en T,Normale,Autre collision,,,,,,,,,,,1,2,3,1.0,6
201200053725,0012-01-08 02:30:00,12,1,8,2,30,750,103,"245, RUE SAINT MARTIN",,,Nuit avec éclairage allumé,En agglomération,Intersection en X,Normale,Deux véhicules - côté,,,,,,,,,,,5,2,2,1.0,3
201200053726,0012-01-09 17:20:00,12,1,9,17,20,750,103,"92, BOULEVARD DE SEBASTO",,,Nuit avec éclairage allumé,En agglomération,Intersection en X,Normale,Autre collision,,,,,,,,,,,5,2,2,1.0,6
201200053727,0012-01-13 21:00:00,12,1,13,21,0,750,103,"25, BOULEVARD SAINT MAR",,,Nuit avec éclairage allumé,En agglomération,Hors intersection,Normale,Deux véhicules - arrière,,,,,,,,,,,5,2,1,1.0,2
201200053728,0012-01-15 18:00:00,12,1,15,18,0,750,103,"91, BOULEVARD BEAUMARCHA",,,Nuit avec éclairage allumé,En agglomération,Intersection en T,Normale,Autre collision,,,,,,,,,,,5,2,3,1.0,6
201200053729,0012-01-19 11:40:00,12,1,19,11,40,750,103,"42, BOULEVARD DE SEBASTO",,,Plein jour,En agglomération,Intersection en X,Pluie légère,Sans collision,,,,,,,,,,,1,2,2,2.0,7
201200053730,0012-01-20 12:35:00,12,1,20,12,35,750,103,"51, BOULEVARD BEAUMARCHA",,,Plein jour,En agglomération,Hors intersection,Pluie légère,Sans collision,,,,,,,,,,,1,2,1,2.0,7
201200053731,0012-01-20 15:25:00,12,1,20,15,25,750,102,"23, BOULEVARD DE BONNE N",,,Plein jour,En agglomération,Intersection en T,Pluie légère,Sans collision,,,,,,,,,,,1,2,3,2.0,7
201200053732,0012-01-24 13:54:00,12,1,24,13,54,750,103,"17, RUE COMMINES",,,Plein jour,En agglomération,Intersection en X,Pluie légère,Deux véhicules - arrière,,,,,,,,,,,1,2,2,2.0,2
201200053733,0012-02-02 02:10:00,12,2,2,2,10,750,103,"21, RUE REAUMUR",,,Nuit avec éclairage allumé,En agglomération,Intersection en T,Normale,Deux véhicules - côté,,,,,,,,,,,5,2,3,1.0,3
201200053734,0012-02-03 21:55:00,12,2,3,21,55,750,103,"117, RUE DE TURENNE",,,Nuit avec éclairage allumé,En agglomération,Hors intersection,Neige / grêle,Sans collision,,,,,,,,,,,5,2,1,4.0,7
201200053735,0012-02-06 16:20:00,12,2,6,16,20,750,103,"178, RUE DU TEMPLE",,,Plein jour,En agglomération,Hors intersection,Temps couvert,Deux véhicules - côté,,,,,,,,,,,1,2,1,8.0,3
201200053736,0012-02-09 13:00:00,12,2,9,13,0,750,103,"9, RUE REAUMUR",,,Plein jour,En agglomération,Hors intersection,Normale,Deux véhicules - côté,,,,,,,,,,,1,2,1,1.0,3
201200053737,0012-02-10 14:40:00,12,2,10,14,40,750,102,RUE DU QUATRE SEPTEMBRE,,,Plein jour,En agglomération,Intersection en X,Normale,Deux véhicules - côté,,,,,,,,,,,1,2,2,1.0,3
201200053738,0012-02-12 16:40:00,12,2,12,16,40,750,103,"60, BOULEVARD DE SEBASTO",,,Plein jour,En agglomération,Intersection en X,Normale,Deux véhicules - côté,,,,,,,,,,,1,2,2,1.0,3
201200053739,0012-02-13 18:05:00,12,2,13,18,5,750,103,"61, BOULEVARD BEAUMARCHA",,,Crépuscule ou aube,En agglomération,Intersection en X,Pluie légère,Deux véhicules - côté,,,,,,,,,,,2,2,2,2.0,3
201200053740,0012-02-21 08:30:00,12,2,21,8,30,750,111,"47, BOULEVARD BEAUMARCHA",,,Plein jour,En agglomération,Intersection en Y,Normale,Autre collision,,,,,,,,,,,1,2,4,1.0,6
201200053741,0012-02-21 18:10:00,12,2,21,18,10,750,104,"12, RUE DES JARDINS SAIN",,,Nuit avec éclairage allumé,En agglomération,Hors intersection,Normale,Deux véhicules - côté,,,,,,,,,,,5,2,1,1.0,3
201200053742,0012-02-27 14:40:00,12,2,27,14,40,750,103,"84, BOULEVARD DE SEBASTO",,,Plein jour,En agglomération,Intersection en X,Normale,Autre collision,,,,,,,,,,,1,2,2,1.0,6
201200053743,0012-03-02 04:15:00,12,3,2,4,15,750,103,"72, RUE DES ARCHIVES",,,Nuit avec éclairage allumé,En agglomération,Intersection en X,Normale,Autre collision,,,,,,,,,,,5,2,2,1.0,6
201200053744,0012-03-02 23:10:00,12,3,2,23,10,750,103,"90, BOULEVARD DE SEBASTO",,,Nuit avec éclairage allumé,En agglomération,Intersection en X,Normale,Deux véhicules - côté,,,,,,,,,,,5,2,2,1.0,3
201200053745,0012-03-03 14:35:00,12,3,3,14,35,750,103,"128, RUE DE TURENNE",,,Plein jour,En agglomération,Hors intersection,Normale,Autre collision,,,,,,,,,,,1,2,1,1.0,6
201200053746,0012-03-04 18:15:00,12,3,4,18,15,750,103,"325, RUE SAINT MARTIN",,,Nuit avec éclairage allumé,En agglomération,Intersection en T,Pluie légère,Sans collision,,,,,,,,,,,5,2,3,2.0,7
201200053747,0012-03-05 18:25:00,12,3,5,18,25,750,103,"59, RUE BEAUBOURG",,,Crépuscule ou aube,En agglomération,Intersection en X,Pluie légère,Sans collision,,,,,,,,,,,2,2,2,2.0,7
201200053748,0012-03-08 16:40:00,12,3,8,16,40,750,103,"72, RUE REAUMUR",,,Crépuscule ou aube,En agglomération,Intersection en X,Normale,Autre collision,,,,,,,,,,,2,2,2,1.0,6
201200053749,0012-03-13 08:05:00,12,3,13,8,5,750,103,"51, RUE DE TURENNE",,,Plein jour,En agglomération,Intersection en X,Normale,Deux véhicules - arrière,,,,,,,,,,,1,2,2,1.0,2
201200053750,0012-03-13 20:50:00,12,3,13,20,50,750,103,"254, RUE SAINT MARTIN",,,Nuit avec éclairage allumé,En agglomération,Intersection en X,Normale,Deux véhicules - côté,,,,,,,,,,,5,2,2,1.0,3
201200053751,0012-03-14 09:10:00,12,3,14,9,10,750,103,"357, RUE SAINT MARTIN",,,Plein jour,En agglomération,Intersection en X,Normale,Autre collision,,,,,,,,,,,1,2,2,1.0,6
201200053752,0012-03-18 16:00:00,12,3,18,16,0,750,102,"27, BOULEVARD POISSONNIE",,,Plein jour,En agglomération,Intersection en X,Temps couvert,Sans collision,,,,,,,,,,,1,2,2,8.0,7
201200053753,0012-03-18 22:35:00,12,3,18,22,35,750,103,"89, RUE DE TURBIGO",,,Nuit avec éclairage allumé,En agglomération,Intersection en X,Normale,Deux véhicules - arrière,,,,,,,,,,,5,2,2,1.0,2
201200053754,0012-03-20 23:00:00,12,3,20,23,0,750,103,"157, RUE SAINT MARTIN",,,Nuit avec éclairage allumé,En agglomération,Intersection en T,Normale,Autre collision,,,,,,,,,,,5,2,3,1.0,6
201200053755,0012-03-23 17:45:00,12,3,23,17,45,750,103,"70, RUE DE TURENNE",,,Plein jour,En agglomération,Intersection en T,Normale,Deux véhicules - côté,,,,,,,,,,,1,2,3,1.0,3
201200053756,0012-03-30 21:50:00,12,3,30,21,50,750,103,"50, RUE NOTRE DAME DE NA",,,Nuit avec éclairage allumé,En agglomération,Intersection en X,Normale,Autre collision,,,,,,,,,,,5,2,2,1.0,6
201200053757,0012-03-31 11:00:00,12,3,31,11,0,750,103,"258, RUE SAINT MARTIN",,,Plein jour,En agglomération,Hors intersection,Normale,Deux véhicules - côté,,,,,,,,,,,1,2,1,1.0,3
201200053758,0012-04-03 12:55:00,12,4,3,12,55,750,103,"13, PLACE DE LA REPUBLIQ",,,Plein jour,En agglomération,Place,Normale,Deux véhicules - côté,,,,,,,,,,,1,2,7,1.0,3
201200053759,0012-04-04 08:45:00,12,4,4,8,45,750,103,"72, RUE REAUMUR",,,Plein jour,En agglomération,Intersection en X,Normale,Sans collision,,,,,,,,,,,1,2,2,1.0,7
201200053760,0012-04-04 14:25:00,12,4,4,14,25,750,103,"30, RUE CHAPON",,,Plein jour,En agglomération,Intersection en X,Temps couvert,Autre collision,,,,,,,,,,,1,2,2,8.0,6
201200053761,0012-04-10 12:20:00,12,4,10,12,20,750,103,"13, BOULEVARD SAINT MART",,,Plein jour,En agglomération,Hors intersection,Pluie légère,Deux véhicules - côté,,,,,,,,,,,1,2,1,2.0,3
201200053762,0012-04-19 15:10:00,12,4,19,15,10,750,103,"109, RUE DE TURENNE",,,Plein jour,En agglomération,Intersection à plus de 4 branches,Normale,Autre collision,,,,,,,,,,,1,2,5,1.0,6
201200053763,0012-04-19 23:10:00,12,4,19,23,10,750,103,"8, RUE DE BEAUCE",,,Nuit avec éclairage allumé,En agglomération,Hors intersection,Normale,Autre collision,,,,,,,,,,,5,2,1,1.0,6
201200053764,0012-04-21 20:30:00,12,4,21,20,30,750,103,"180, RUE DU TEMPLE",,,Nuit avec éclairage allumé,En agglomération,Place,Normale,Autre collision,,,,,,,,,,,5,2,7,1.0,6
201200053765,0012-04-21 22:30:00,12,4,21,22,30,750,103,"207, RUE DU TEMPLE",,,Nuit avec éclairage allumé,En agglomération,Intersection en X,Temps couvert,Deux véhicules - côté,,,,,,,,,,,5,2,2,8.0,3
201200053766,0012-05-02 08:45:00,12,5,2,8,45,750,103,"50, RUE DE TURBIGO",,,Plein jour,En agglomération,Intersection à plus de 4 branches,Normale,Deux véhicules - côté,,,,,,,,,,,1,2,5,1.0,3
201200053767,0012-05-04 13:10:00,12,5,4,13,10,750,103,"45, BOULEVARD BEAUMARCHA",,,Plein jour,En agglomération,Hors intersection,Temps couvert,Autre collision,,,,,,,,,,,1,2,1,8.0,6
201200053768,0012-05-04 20:15:00,12,5,4,20,15,750,103,"90, BOULEVARD DE SEBASTO",,,Plein jour,En agglomération,Intersection en X,Normale,Deux véhicules - côté,,,,,,,,,,,1,2,2,1.0,3
201200053769,0012-05-13 01:55:00,12,5,13,1,55,750,103,"41, RUE REAUMUR",,,Nuit avec éclairage allumé,En agglomération,Intersection en T,Normale,Deux véhicules - arrière,,,,,,,,,,,5,2,3,1.0,2
201200053770,0012-05-19 20:05:00,12,5,19,20,5,750,103,"71, RUE DE TURENNE",,,Crépuscule ou aube,En agglomération,Intersection en Y,Temps couvert,Autre collision,,,,,,,,,,,2,2,4,8.0,6
201200053771,0012-05-21 10:40:00,12,5,21,10,40,750,103,"77, RUE DE TURENNE",,,Plein jour,En agglomération,Intersection en Y,Pluie légère,Autre collision,,,,,,,,,,,1,2,4,2.0,6
201200053772,0012-05-22 17:55:00,12,5,22,17,55,750,103,"24, RUE DE TURENNE",,,Plein jour,En agglomération,Intersection en X,Normale,Autre collision,,,,,,,,,,,1,2,2,1.0,6
201200053773,0012-05-23 14:15:00,12,5,23,14,15,750,103,"86, RUE VIEILLE DU TEMPL",,,Plein jour,En agglomération,Intersection en X,Normale,Autre collision,,,,,,,,,,,1,2,2,1.0,6
201200053774,0012-05-25 18:50:00,12,5,25,18,50,750,103,"160, RUE DU TEMPLE",,,Plein jour,En agglomération,Intersection en T,Normale,Deux véhicules - côté,,,,,,,,,,,1,2,3,1.0,3
201200053775,0012-05-30 11:15:00,12,5,30,11,15,750,103,"01, RUE DES FILLES DU CA",,,Plein jour,En agglomération,Intersection à plus de 4 branches,Normale,Deux véhicules - côté,,,,,,,,,,,1,2,5,1.0,3
201200053776,0012-06-02 13:50:00,12,6,2,13,50,750,103,"1, BOULEVARD DES FILLES",,,Plein jour,En agglomération,Intersection en T,Normale,Deux véhicules - côté,,,,,,,,,,,1,2,3,1.0,3
201200053777,0012-06-05 13:30:00,12,6,5,13,30,750,103,"03, RUE BERANGE",,,Plein jour,En agglomération,Intersection à plus de 4 branches,Normale,Autre collision,,,,,,,,,,,1,2,5,1.0,6
201200053778,0012-06-07 14:15:00,12,6,7,14,15,750,103,"201, RUE DU TEMPLE",,,Plein jour,En agglomération,Intersection en T,Pluie forte,Deux véhicules - arrière,,,,,,,,,,,1,2,3,3.0,2
201200053779,0012-06-08 12:42:00,12,6,8,12,42,750,103,"18, RUE DU GRENIER SAINT",,,Plein jour,En agglomération,Hors intersection,Normale,Deux véhicules - frontale,,,,,,,,,,,1,2,1,1.0,1
201200053780,0012-06-13 10:00:00,12,6,13,10,0,750,103,"01, RUE DE LA PERLE",,,Plein jour,En agglomération,Intersection en Y,Normale,Sans collision,,,,,,,,,,,1,2,4,1.0,7
201200053781,0012-06-14 18:10:00,12,6,14,18,10,750,103,"162, RUE DU TEMPLE",,,Plein jour,En agglomération,Hors intersection,Normale,Autre collision,,,,,,,,,,,1,2,1,1.0,6
201200053782,0012-06-18 23:30:00,12,6,18,23,30,750,103,"20, RUE DU GRENIER SAINT",,,Nuit avec éclairage allumé,En agglomération,Hors intersection,Normale,Autre collision,,,,,,,,,,,5,2,1,1.0,6
201200053783,0012-06-21 16:50:00,12,6,21,16,50,750,109,"65 bis, RUE LA FAYETTE",,,Plein jour,En agglomération,Intersection en Y,Normale,Deux véhicules - arrière,,,,,,,,,,,1,2,4,1.0,2
201200053784,0012-06-22 01:20:00,12,6,22,1,20,750,103,"65, RUE DE BRETAGNE",,,Nuit avec éclairage allumé,En agglomération,Intersection en X,Normale,Deux véhicules - côté,,,,,,,,,,,5,2,2,1.0,3
201200053785,0012-06-22 18:15:00,12,6,22,18,15,750,103,"67, RUE DU TEMPLE",,,Plein jour,En agglomération,Intersection en X,Normale,Autre collision,,,,,,,,,,,1,2,2,1.0,6
201200053786,0012-06-24 17:25:00,12,6,24,17,25,750,103,"8, RUE DES FILLES DU CAL",,,Plein jour,En agglomération,Hors intersection,Pluie légère,Deux véhicules - côté,,,,,,,,,,,1,2,1,2.0,3
201200053787,0012-06-26 09:00:00,12,6,26,9,0,750,101,SOUTERRAIN GRANDE BOUCLE,,,Plein jour,En agglomération,Hors intersection,Normale,Autre collision,,,,,,,,,,,1,2,1,1.0,6
201200053788,0012-07-01 23:05:00,12,7,1,23,5,750,103,"58, BOULEVARD DE SEBASTO",,,Nuit avec éclairage allumé,En agglomération,Intersection en T,Normale,Sans collision,,,,,,,,,,,5,2,3,1.0,7
201200053789,0012-07-05 09:30:00,12,7,5,9,30,750,103,"115, RUE VIEILLE DU TEMP",,,Plein jour,En agglomération,Hors intersection,Normale,Deux véhicules - côté,,,,,,,,,,,1,2,1,1.0,3
201200053790,0012-07-07 16:25:00,12,7,7,16,25,750,103,"95, RUE DE TURENNE",,,Plein jour,En agglomération,Intersection en X,Pluie légère,Deux véhicules - côté,,,,,,,,,,,1,2,2,2.0,3
201200053791,0012-07-09 09:00:00,12,7,9,9,0,750,103,"57, RUE DE TURBIGO",,,Plein jour,En agglomération,Intersection en T,Normale,Deux véhicules - côté,,,,,,,,,,,1,2,3,1.0,3
201200053792,0012-07-09 14:00:00,12,7,9,14,0,750,103,"3, PLACE DE LA REPUBLIQU",,,Plein jour,En agglomération,Place,Normale,Deux véhicules - arrière,,,,,,,,,,,1,2,7,1.0,2
201200053793,0012-07-10 18:00:00,12,7,10,18,0,750,102,"83, BOULEVARD DE SEBASTO",,,Plein jour,En agglomération,Intersection en X,Normale,Deux véhicules - côté,,,,,,,,,,,1,2,2,1.0,3
201200053794,0012-07-11 19:50:00,12,7,11,19,50,750,103,"13, RUE VOLTA",,,Plein jour,En agglomération,Intersection en X,Normale,Deux véhicules - côté,,,,,,,,,,,1,2,2,1.0,3
201200053795,0012-07-22 02:35:00,12,7,22,2,35,750,103,"67, RUE BEAUBOURG",,,Nuit avec éclairage allumé,En agglomération,Intersection en X,Normale,Deux véhicules - côté,,,,,,,,,,,5,2,2,1.0,3
201200053796,0012-07-28 06:20:00,12,7,28,6,20,750,101,RUE SAINTE ANNE,,,Plein jour,En agglomération,Intersection en X,Normale,Deux véhicules - côté,,,,,,,,,,,1,2,2,1.0,3
201200053797,0012-08-04 17:30:00,12,8,4,17,30,750,103,"359, RUE SAINT MARTIN",,,Plein jour,En agglomération,Intersection à plus de 4 branches,Normale,Autre collision,,,,,,,,,,,1,2,5,1.0,6
201200053798,0012-08-21 12:15:00,12,8,21,12,15,750,103,"37, RUE REAUMUR",,,Plein jour,En agglomération,Hors intersection,Normale,Deux véhicules - arrière,,,,,,,,,,,1,2,1,1.0,2
201200053799,0012-08-22 19:00:00,12,8,22,19,0,750,103,"43, RUE DES ARCHIVES",,,Plein jour,En agglomération,Intersection en X,Normale,Sans collision,,,,,,,,,,,1,2,2,1.0,7
201200053800,0012-08-24 06:10:00,12,8,24,6,10,750,103,"100, BOULEVARD DE SEBAST",,,Crépuscule ou aube,En agglomération,Intersection en T,Normale,Autre collision,,,,,,,,,,,2,2,3,1.0,6
201200053801,0012-08-25 18:55:00,12,8,25,18,55,750,103,"35, RUE BEAUBOURG",,,Plein jour,En agglomération,Intersection en T,Normale,Deux véhicules - côté,,,,,,,,,,,1,2,3,1.0,3
201200053802,0012-09-04 10:05:00,12,9,4,10,5,750,104,"37, RUE DE RIVOLI",,,Plein jour,En agglomération,Intersection en X,Normale,Deux véhicules - côté,,,,,,,,,,,1,2,2,1.0,3
201200053803,0012-09-05 17:40:00,12,9,5,17,40,750,104,"16, RUE DE FOURCY",,,Plein jour,En agglomération,Intersection en T,Normale,Autre collision,,,,,,,,,,,1,2,3,1.0,6
201200053804,0012-09-06 11:55:00,12,9,6,11,55,750,103,"21, RUE REAUMUR",,,Plein jour,En agglomération,Intersection en X,Normale,Sans collision,,,,,,,,,,,1,2,2,1.0,7
201200053805,0012-09-09 03:15:00,12,9,9,3,15,750,101,"1, SOUTERRAIN TUILERIES",,,Nuit avec éclairage allumé,En agglomération,Hors intersection,Normale,Deux véhicules - arrière,,,,,,,,,,,5,2,1,1.0,2
201200053806,0012-09-10 11:20:00,12,9,10,11,20,750,103,"50, RUE DE TURBIGO",,,Plein jour,En agglomération,Intersection à plus de 4 branches,Normale,Deux véhicules - côté,,,,,,,,,,,1,2,5,1.0,3
201200053807,0012-09-13 19:40:00,12,9,13,19,40,750,103,"55, RUE DE TURBIGO",,,Plein jour,En agglomération,Intersection à plus de 4 branches,Normale,Deux véhicules - côté,,,,,,,,,,,1,2,5,1.0,3
201200053808,0012-09-16 08:40:00,12,9,16,8,40,750,103,"88, BOULEVARD DE SEBASTO",,,Plein jour,En agglomération,Intersection en X,Normale,Deux véhicules - côté,,,,,,,,,,,1,2,2,1.0,3
201200053809,0012-09-17 01:35:00,12,9,17,1,35,750,103,"92, BOULEVARD DE SEBASTO",,,Nuit avec éclairage allumé,En agglomération,Intersection en X,Normale,Deux véhicules - côté,,,,,,,,,,,5,2,2,1.0,3
201200053810,0012-09-17 17:20:00,12,9,17,17,20,750,104,"113, RUE SAINT ANTOINE",,,Plein jour,En agglomération,Intersection en X,Normale,Autre collision,,,,,,,,,,,1,2,2,1.0,6
201200053811,0012-09-18 11:30:00,12,9,18,11,30,750,101,"19, AVENUE DE L OPERA",,,Plein jour,En agglomération,Intersection à plus de 4 branches,Normale,Autre collision,,,,,,,,,,,1,2,5,1.0,6
201200053812,0012-09-20 09:20:00,12,9,20,9,20,750,103,"6, RUE NOTRE DAME DE NAZ",,,Plein jour,En agglomération,Intersection en T,Normale,Autre collision,,,,,,,,,,,1,2,3,1.0,6
201200053813,0012-09-20 05:15:00,12,9,20,5,15,750,103,RUE DES FRANCS BOURGEOIS,,,Nuit avec éclairage allumé,En agglomération,Intersection en X,Normale,Deux véhicules - côté,,,,,,,,,,,5,2,2,1.0,3
201200053814,0012-09-30 04:00:00,12,9,30,4,0,750,103,"9, BOULEVARD SAINT DENIS",,,Nuit avec éclairage allumé,En agglomération,Intersection en X,Normale,Autre collision,,,,,,,,,,,5,2,2,1.0,6
201200053815,0012-09-30 09:35:00,12,9,30,9,35,750,103,"25, RUE NOTRE DAME DE NA",,,Plein jour,En agglomération,Hors intersection,Normale,Autre collision,,,,,,,,,,,1,2,1,1.0,6
201200053816,0012-09-30 16:40:00,12,9,30,16,40,750,103,RUE DE POITOU,,,Plein jour,En agglomération,Intersection en X,Normale,Autre collision,,,,,,,,,,,1,2,2,1.0,6
201200053817,0012-10-05 15:15:00,12,10,5,15,15,750,103,"149, RUE SAINT MARTIN",,,Plein jour,En agglomération,Intersection en X,Normale,Sans collision,,,,,,,,,,,1,2,2,1.0,7
201200053818,0012-10-06 16:45:00,12,10,6,16,45,750,103,"04bis-06, RUE AUX OURS",,,Plein jour,En agglomération,Intersection en T,Pluie légère,Deux véhicules - arrière,,,,,,,,,,,1,2,3,2.0,2
201200053819,0012-10-09 21:15:00,12,10,9,21,15,750,103,"43, RUE REAUMUR",,,Nuit avec éclairage allumé,En agglomération,Intersection en X,Pluie légère,Autre collision,,,,,,,,,,,5,2,2,2.0,6
201200053820,0012-10-11 15:20:00,12,10,11,15,20,750,103,"45, RUE DE TURBIGO",,,Plein jour,En agglomération,Intersection à plus de 4 branches,Normale,Sans collision,,,,,,,,,,,1,2,5,1.0,7
201200053821,0012-10-19 07:55:00,12,10,19,7,55,750,103,"92, BOULEVARD DE SEBASTO",,,Plein jour,En agglomération,Intersection en X,Normale,Trois véhicules et plus - collisions multiples,,,,,,,,,,,1,2,2,1.0,5
201200053822,0012-10-22 15:55:00,12,10,22,15,55,750,103,"17, BOULEVARD DU TEMPLE",,,Plein jour,En agglomération,Hors intersection,Normale,Deux véhicules - côté,,,,,,,,,,,1,2,1,1.0,3
201200053823,0012-10-23 08:50:00,12,10,23,8,50,750,103,"43, RUE REAUMUR",,,Plein jour,En agglomération,Intersection en X,Temps couvert,Deux véhicules - côté,,,,,,,,,,,1,2,2,8.0,3
201200053824,0012-10-25 12:30:00,12,10,25,12,30,750,110,"1, BOULEVARD SAINT MARTI",,,Plein jour,En agglomération,Intersection en X,Normale,Deux véhicules - côté,,,,,,,,,,,1,2,2,1.0,3
201200053825,0012-10-29 14:15:00,12,10,29,14,15,750,103,"25, BOULEVARD SAINT MART",,,Plein jour,En agglomération,Intersection en T,Normale,Autre collision,,,,,,,,,,,1,2,3,1.0,6
201200053826,0012-11-02 10:00:00,12,11,2,10,0,750,103,"8, RUE SAINT CLAUDE",,,Plein jour,En agglomération,Intersection en T,Pluie légère,Sans collision,,,,,,,,,,,1,2,3,2.0,7
201200053827,0012-11-03 18:35:00,12,11,3,18,35,750,103,"4bis, RUE AUX OURS",,,Nuit avec éclairage allumé,En agglomération,Intersection en T,Normale,Sans collision,,,,,,,,,,,5,2,3,1.0,7
201200053828,0012-11-04 18:05:00,12,11,4,18,5,750,103,"55, RUE DE BRETAGNE",,,Nuit avec éclairage allumé,En agglomération,Intersection en X,Temps couvert,Autre collision,,,,,,,,,,,5,2,2,8.0,6
201200053829,0012-11-04 19:10:00,12,11,4,19,10,750,104,"3, RUE DES FRANCS BOURGE",,,Nuit avec éclairage allumé,En agglomération,Intersection en X,Normale,Sans collision,,,,,,,,,,,5,2,2,1.0,7
201200053830,0012-11-05 09:10:00,12,11,5,9,10,750,103,"9, PLACE DE LA REPUBLIQU",,,Plein jour,En agglomération,Hors intersection,Temps couvert,Trois véhicules et plus - en chaîne,,,,,,,,,,,1,2,1,8.0,4
201200053831,0012-11-12 18:10:00,12,11,12,18,10,750,103,"332, RUE SAINT MARTIN",,,Nuit avec éclairage allumé,En agglomération,Intersection à plus de 4 branches,Normale,Deux véhicules - côté,,,,,,,,,,,5,2,5,1.0,3
201200053832,0012-11-15 14:35:00,12,11,15,14,35,750,103,"01, RUE BLONDEL",,,Plein jour,En agglomération,Intersection en X,Normale,Autre collision,,,,,,,,,,,1,2,2,1.0,6
201200053833,0012-11-17 18:35:00,12,11,17,18,35,750,103,"58, BOULEVARD DE SEBASTO",,,Nuit avec éclairage allumé,En agglomération,Intersection en X,Normale,Autre collision,,,,,,,,,,,5,2,2,1.0,6
201200053834,0012-11-19 11:15:00,12,11,19,11,15,750,103,"70, RUE DE TURBIGO",,,Plein jour,En agglomération,Intersection en Y,Normale,Deux véhicules - arrière,,,,,,,,,,,1,2,4,1.0,2
201200053835,0012-11-22 12:10:00,12,11,22,12,10,750,103,"66, RUE RAMBUTEAU",,,Plein jour,En agglomération,Intersection en X,Normale,Autre collision,,,,,,,,,,,1,2,2,1.0,6