accident_id,datetime,annee,mois,jour,heure,minute,departement,commune_insee,adresse,latitude,longitude,luminosite,agglomeration,intersection,meteo,collision,nb_vehicules,nb_usagers,nb_indemnes,nb_tues,nb_blesses_hosp,nb_blesses_legers,age_cond_1,age_cond_2,veh_type_cond_1,veh_type_cond_2,lum_code,agg_code,int_code,atm_code,col_code
201200054093,0012-08-18 06:15:00,12,8,18,6,15,750,105,"65, BOULEVARD SAINT GERM",,,Plein jour,En agglomération,Hors intersection,Normale,Autre collision,,,,,,,,,,,1,2,1,1.0,6
201200054094,0012-08-18 17:40:00,12,8,18,17,40,750,105,"6, RUE GAY LUSSAC",,,Plein jour,En agglomération,Intersection en Y,Normale,Deux véhicules - côté,,,,,,,,,,,1,2,4,1.0,3
201200054095,0012-08-21 23:25:00,12,8,21,23,25,750,105,"40, BOULEVARD SAINT MARC",,,Nuit avec éclairage allumé,En agglomération,Hors intersection,Normale,Trois véhicules et plus - en chaîne,,,,,,,,,,,5,2,1,1.0,4
201200054096,0012-08-21 21:52:00,12,8,21,21,52,750,105,"84, BOULEVARD SAINT GERM",,,Nuit avec éclairage allumé,En agglomération,Intersection à plus de 4 branches,Normale,Autre collision,,,,,,,,,,,5,2,5,1.0,6
201200054097,0012-08-23 03:15:00,12,8,23,3,15,750,105,RUE DU CARDINAL LEMOINE,,,Nuit avec éclairage allumé,En agglomération,Intersection en X,Normale,Autre collision,,,,,,,,,,,5,2,2,1.0,6
201200054098,0012-08-30 13:25:00,12,8,30,13,25,750,105,"2, RUE SANTEUIL",,,Plein jour,En agglomération,Hors intersection,Normale,Autre collision,,,,,,,,,,,1,2,1,1.0,6
201200054099,0012-09-02 03:05:00,12,9,2,3,5,750,105,"60, BOULEVARD SAINT MICH",,,Nuit avec éclairage allumé,En agglomération,Intersection en X,Normale,Autre collision,,,,,,,,,,,5,2,2,1.0,6
201200054100,0012-09-03 16:55:00,12,9,3,16,55,750,105,AVENUE DE L OBSERVATOIRE,,,Plein jour,En agglomération,Intersection à plus de 4 branches,Normale,Autre collision,,,,,,,,,,,1,2,5,1.0,6
201200054101,0012-09-07 11:00:00,12,9,7,11,0,750,105,PLACE DU PANTHEON,,,Plein jour,En agglomération,Place,Normale,Autre collision,,,,,,,,,,,1,2,7,1.0,6
201200054102,0012-09-16 13:15:00,12,9,16,13,15,750,105,RUE SAINT JACQUES,,,Plein jour,En agglomération,Intersection en X,Normale,Deux véhicules - côté,,,,,,,,,,,1,2,2,1.0,3
201200054103,0012-09-17 21:50:00,12,9,17,21,50,750,105,"1, RUE DES FOSSES SAINT",,,Nuit avec éclairage allumé,En agglomération,Intersection en Y,Normale,Autre collision,,,,,,,,,,,5,2,4,1.0,6
201200054104,0012-09-19 09:05:00,12,9,19,9,5,750,105,"2, RUE MONGE",,,Plein jour,En agglomération,Intersection en X,Normale,Autre collision,,,,,,,,,,,1,2,2,1.0,6
201200054105,0012-09-20 07:30:00,12,9,20,7,30,750,105,"38, RUE GAY LUSSAC",,,Plein jour,En agglomération,Intersection en X,Normale,Autre collision,,,,,,,,,,,1,2,2,1.0,6
201200054106,0012-09-20 13:12:00,12,9,20,13,12,750,105,"14, BOULEVARD SAINT GERM",,,Plein jour,En agglomération,Intersection en X,Normale,Deux véhicules - côté,,,,,,,,,,,1,2,2,1.0,3
201200054107,0012-09-21 18:00:00,12,9,21,18,0,750,105,"65, BOULEVARD SAINT GERM",,,Plein jour,En agglomération,Intersection à plus de 4 branches,Pluie légère,Deux véhicules - côté,,,,,,,,,,,1,2,5,2.0,3
201200054108,0012-09-21 21:47:00,12,9,21,21,47,750,105,"33, BOULEVARD SAINT GERM",,,Nuit avec éclairage allumé,En agglomération,Intersection à plus de 4 branches,Normale,Sans collision,,,,,,,,,,,5,2,5,1.0,7
201200054109,0012-09-27 08:50:00,12,9,27,8,50,750,105,"34 bis, BOULEVARD SAINT",,,Crépuscule ou aube,En agglomération,Intersection en T,Temps couvert,Autre collision,,,,,,,,,,,2,2,3,8.0,6
201200054110,0012-09-27 09:20:00,12,9,27,9,20,750,105,"1, RUE D ULM",,,Plein jour,En agglomération,Hors intersection,Normale,Deux véhicules - côté,,,,,,,,,,,1,2,1,1.0,3
201200054111,0012-09-28 02:06:00,12,9,28,2,6,750,105,"63, BOULEVARD SAINT MICH",,,Nuit sans éclairage public,En agglomération,Intersection en X,Normale,Autre collision,,,,,,,,,,,3,2,2,1.0,6
201200054112,0012-09-28 14:30:00,12,9,28,14,30,750,105,"103, BOULEVARD SAINT MIC",,,Plein jour,En agglomération,Intersection en X,Normale,Autre collision,,,,,,,,,,,1,2,2,1.0,6
201200054113,0012-09-29 17:35:00,12,9,29,17,35,750,105,"63, RUE BUFFON",,,Plein jour,En agglomération,Hors intersection,Normale,Deux véhicules - côté,,,,,,,,,,,1,2,1,1.0,3
201200054114,0012-09-30 00:45:00,12,9,30,0,45,750,105,"37, QUAI DE MONTEBELLO",,,Nuit avec éclairage allumé,En agglomération,Hors intersection,Normale,Deux véhicules - côté,,,,,,,,,,,5,2,1,1.0,3
201200054115,0012-09-30 07:25:00,12,9,30,7,25,750,105,"1, RUE DES FOSSES SAINT",,,Crépuscule ou aube,En agglomération,Intersection en T,Normale,Autre collision,,,,,,,,,,,2,2,3,1.0,6
201200054116,0012-09-30 15:20:00,12,9,30,15,20,750,105,"1, QUAI DE MONTEBELLO",,,Plein jour,En agglomération,Intersection en T,Normale,Deux véhicules - arrière,,,,,,,,,,,1,2,3,1.0,2
201200054117,0012-10-02 11:55:00,12,10,2,11,55,750,105,"32, RUE DU CARDINAL LEMO",,,Plein jour,En agglomération,Intersection en X,Normale,Deux véhicules - arrière,,,,,,,,,,,1,2,2,1.0,2
201200054118,0012-10-03 09:35:00,12,10,3,9,35,750,105,AVENUE DE L OBSERVATOIRE,,,Plein jour,En agglomération,Intersection en T,Temps couvert,Deux véhicules - côté,,,,,,,,,,,1,2,3,8.0,3
201200054119,0012-10-03 12:00:00,12,10,3,12,0,750,105,"9, QUAI SAINT MICHEL",,,Plein jour,En agglomération,Intersection en T,Temps couvert,Deux véhicules - arrière,,,,,,,,,,,1,2,3,8.0,2
201200054120,0012-10-04 15:50:00,12,10,4,15,50,750,105,"20, RUE GEOFFROY SAINT H",,,Plein jour,En agglomération,Intersection en X,Normale,Autre collision,,,,,,,,,,,1,2,2,1.0,6
201200054121,0012-10-07 02:59:00,12,10,7,2,59,750,105,"51, BOULEVARD SAINT MICH",,,Nuit avec éclairage allumé,En agglomération,Intersection en T,Normale,Autre collision,,,,,,,,,,,5,2,3,1.0,6
201200054122,0012-10-08 07:40:00,12,10,8,7,40,750,105,"23, QUAI SAINT BERNARD",,,Crépuscule ou aube,En agglomération,Hors intersection,Pluie légère,Trois véhicules et plus - en chaîne,,,,,,,,,,,2,2,1,2.0,4
201200054123,0012-10-08 16:05:00,12,10,8,16,5,750,105,"36, RUE GEOFFROY SAINT H",,,Plein jour,En agglomération,Intersection en T,Normale,Sans collision,,,,,,,,,,,1,2,3,1.0,7
201200054124,0012-10-08 20:45:00,12,10,8,20,45,750,105,"5, BOULEVARD SAINT MICHE",,,Nuit sans éclairage public,En agglomération,Intersection en T,Normale,Autre collision,,,,,,,,,,,3,2,3,1.0,6
201200054125,0012-10-09 07:55:00,12,10,9,7,55,750,105,"8, RUE GAY LUSSAC",,,Plein jour,En agglomération,Intersection à plus de 4 branches,Pluie légère,Sans collision,,,,,,,,,,,1,2,5,2.0,7
201200054126,0012-10-10 10:35:00,12,10,10,10,35,750,105,"67, RUE SAINT JACQUES",,,Plein jour,En agglomération,Hors intersection,Normale,Sans collision,,,,,,,,,,,1,2,1,1.0,7
201200054127,0012-10-11 20:45:00,12,10,11,20,45,750,105,"151, RUE SAINT JACQUES",,,Nuit avec éclairage allumé,En agglomération,Intersection en X,Pluie forte,Deux véhicules - côté,,,,,,,,,,,5,2,2,3.0,3
201200054128,0012-10-12 20:55:00,12,10,12,20,55,750,105,RUE DE LA CLEF,,,Nuit avec éclairage allumé,En agglomération,Intersection en X,Pluie légère,Autre collision,,,,,,,,,,,5,2,2,2.0,6
201200054129,0012-10-15 11:00:00,12,10,15,11,0,750,105,"53, BOULEVARD SAINT MICH",,,Plein jour,En agglomération,Intersection en T,Normale,Deux véhicules - côté,,,,,,,,,,,1,2,3,1.0,3
201200054130,0012-10-16 08:13:00,12,10,16,8,13,750,105,"13, PLACE DU PANTHEON",,,Plein jour,En agglomération,Hors intersection,Normale,Sans collision,,,,,,,,,,,1,2,1,1.0,7
201200054131,0012-10-16 09:45:00,12,10,16,9,45,750,105,"ANGLE, RUE GEOFFROY SAIN",,,Plein jour,En agglomération,Intersection en X,Temps couvert,Deux véhicules - côté,,,,,,,,,,,1,2,2,8.0,3
201200054132,0012-10-20 17:20:00,12,10,20,17,20,750,105,"77, RUE MONGE",,,Crépuscule ou aube,En agglomération,Intersection en X,Normale,Autre collision,,,,,,,,,,,2,2,2,1.0,6
201200054133,0012-10-25 12:00:00,12,10,25,12,0,750,105,"127, BOULEVARD SAINT MIC",,,Plein jour,En agglomération,Intersection en T,Normale,Deux véhicules - côté,,,,,,,,,,,1,2,3,1.0,3
201200054134,0012-10-26 17:40:00,12,10,26,17,40,750,105,"17, BOULEVARD SAINT MICH",,,Plein jour,En agglomération,Intersection en T,Temps couvert,Autre collision,,,,,,,,,,,1,2,3,8.0,6
201200054135,0012-10-26 19:05:00,12,10,26,19,5,750,105,"32 bis, RUE SAINT JACQUE",,,Nuit avec éclairage allumé,En agglomération,Hors intersection,Pluie légère,Autre collision,,,,,,,,,,,5,2,1,2.0,6
201200054136,0012-10-27 21:55:00,12,10,27,21,55,750,105,RUE SAINT JACQUES,,,Nuit avec éclairage allumé,En agglomération,Intersection en X,Temps couvert,Sans collision,,,,,,,,,,,5,2,2,8.0,7
201200054137,0012-10-30 10:40:00,12,10,30,10,40,750,105,"12, AVENUE DES GOBELINS",,,Plein jour,En agglomération,Hors intersection,Normale,Deux véhicules - arrière,,,,,,,,,,,1,2,1,1.0,2
201200054138,0012-10-30 17:55:00,12,10,30,17,55,750,105,BOULEVARD SAINT GERMAIN,,,Nuit avec éclairage allumé,En agglomération,Intersection en X,Normale,Deux véhicules - côté,,,,,,,,,,,5,2,2,1.0,3
201200054139,0012-10-30 23:50:00,12,10,30,23,50,750,105,"101, RUE MONGE",,,Nuit avec éclairage allumé,En agglomération,Intersection en X,Normale,Deux véhicules - arrière,,,,,,,,,,,5,2,2,1.0,2
201200054140,0012-10-31 14:15:00,12,10,31,14,15,750,105,"6, RUE DES CARMES",,,Plein jour,En agglomération,Intersection en T,Normale,Deux véhicules - côté,,,,,,,,,,,1,2,3,1.0,3
201200054141,0012-11-05 11:50:00,12,11,5,11,50,750,105,"6, PLACE DU PANTHEON",,,Plein jour,En agglomération,Hors intersection,Normale,Autre collision,,,,,,,,,,,1,2,1,1.0,6
201200054142,0012-11-07 19:12:00,12,11,7,19,12,750,105,"05, RUE BROCA",,,Nuit avec éclairage allumé,En agglomération,Intersection en X,Normale,Autre collision,,,,,,,,,,,5,2,2,1.0,6
201200054143,0012-11-09 01:25:00,12,11,9,1,25,750,105,RUE MONGE,,,Nuit avec éclairage non allumé,En agglomération,Intersection à plus de 4 branches,Normale,Autre collision,,,,,,,,,,,4,2,5,1.0,6
201200054144,0012-11-10 14:20:00,12,11,10,14,20,750,105,"93, BOULEVARD DE PORT RO",,,Plein jour,En agglomération,Hors intersection,Normale,Autre collision,,,,,,,,,,,1,2,1,1.0,6
201200054145,0012-11-12 11:05:00,12,11,12,11,5,750,105,"1, PONT SAINT MICHEL",,,Plein jour,En agglomération,Intersection à plus de 4 branches,Normale,Deux véhicules - côté,,,,,,,,,,,1,2,5,1.0,3
201200054146,0012-11-12 18:55:00,12,11,12,18,55,750,105,"15, RUE MONGE",,,Nuit avec éclairage allumé,En agglomération,Intersection à plus de 4 branches,Normale,Deux véhicules - côté,,,,,,,,,,,5,2,5,1.0,3
201200054147,0012-11-16 10:45:00,12,11,16,10,45,750,105,"80, BOULEVARD SAINT MARC",,,Plein jour,En agglomération,Hors intersection,Normale,Deux véhicules - côté,,,,,,,,,,,1,2,1,1.0,3
201200054148,0012-11-17 13:28:00,12,11,17,13,28,750,105,"23, AVENUE DES GOBELINS",,,Plein jour,En agglomération,Intersection à plus de 4 branches,Normale,Deux véhicules - côté,,,,,,,,,,,1,2,5,1.0,3
201200054149,0012-11-17 15:05:00,12,11,17,15,5,750,105,"2, RUE DU PETIT PONT",,,Plein jour,En agglomération,Intersection en X,Normale,Deux véhicules - arrière,,,,,,,,,,,1,2,2,1.0,2
201200054150,0012-11-24 01:39:00,12,11,24,1,39,750,105,"86, RUE MONGE",,,Nuit sans éclairage public,En agglomération,Intersection en T,Normale,Deux véhicules - arrière,,,,,,,,,,,3,2,3,1.0,2
201200054151,0012-11-27 09:15:00,12,11,27,9,15,750,105,RUE CLAUDE BERNARD,,,Plein jour,En agglomération,Intersection en X,Normale,Sans collision,,,,,,,,,,,1,2,2,1.0,7
201200054152,0012-11-28 15:25:00,12,11,28,15,25,750,105,"3, QUAI DE LA TOURNELLE",,,Plein jour,En agglomération,Hors intersection,Temps couvert,Autre collision,,,,,,,,,,,1,2,1,8.0,6
201200054153,0012-11-29 09:46:00,12,11,29,9,46,750,105,RUE BERTHOLLET,,,Plein jour,En agglomération,Intersection en T,Normale,Autre collision,,,,,,,,,,,1,2,3,1.0,6
201200054154,0012-11-30 00:20:00,12,11,30,0,20,750,105,"39, RUE GAY LUSSAC",,,Nuit avec éclairage allumé,En agglomération,Hors intersection,Normale,Autre collision,,,,,,,,,,,5,2,1,1.0,6
201200054155,0012-11-30 22:10:00,12,11,30,22,10,750,105,"143, BOULEVARD SAINT MIC",,,Nuit avec éclairage allumé,En agglomération,Hors intersection,Normale,Autre collision,,,,,,,,,,,5,2,1,1.0,6
201200054156,0012-12-01 17:30:00,12,12,1,17,30,750,105,RUE DES ECOLES,,,Crépuscule ou aube,En agglomération,Intersection à plus de 4 branches,Normale,Deux véhicules - côté,,,,,,,,,,,2,2,5,1.0,3
201200054157,0012-12-04 09:30:00,12,12,4,9,30,750,105,"13, PLACE VALHUBERT",,,Plein jour,En agglomération,Place,Pluie légère,Autre collision,,,,,,,,,,,1,2,7,2.0,6
201200054158,0012-12-09 14:30:00,12,12,9,14,30,750,105,"64, BOULEVARD DE PORT RO",,,Plein jour,En agglomération,Intersection en X,Normale,Deux véhicules - côté,,,,,,,,,,,1,2,2,1.0,3
201200054159,0012-12-09 19:55:00,12,12,9,19,55,750,105,"92, BOULEVARD SAINT MARC",,,Nuit avec éclairage allumé,En agglomération,Intersection à plus de 4 branches,Pluie légère,Autre collision,,,,,,,,,,,5,2,5,2.0,6
201200054160,0012-12-14 19:15:00,12,12,14,19,15,750,105,"74, RUE MONGE",,,Nuit avec éclairage allumé,En agglomération,Intersection en X,Pluie légère,Autre collision,,,,,,,,,,,5,2,2,2.0,6
201200054161,0012-12-19 19:41:00,12,12,19,19,41,750,105,"68, BOULEVARD DE PORT RO",,,Nuit avec éclairage allumé,En agglomération,Intersection en X,Pluie légère,Autre collision,,,,,,,,,,,5,2,2,2.0,6
201200054162,0012-12-24 16:17:00,12,12,24,16,17,750,105,"32, BOULEVARD SAINT MARC",,,Plein jour,En agglomération,Intersection en T,Normale,Deux véhicules - côté,,,,,,,,,,,1,2,3,1.0,3
201200054163,0012-01-02 20:05:00,12,1,2,20,5,750,106,"18-20, BOULEVARD SAINT M",,,Nuit avec éclairage allumé,En agglomération,Intersection en T,Normale,Deux véhicules - côté,,,,,,,,,,,5,2,3,1.0,3
201200054164,0012-01-04 13:30:00,12,1,4,13,30,750,106,"1, RUE RACINE",,,Plein jour,En agglomération,Intersection à plus de 4 branches,Normale,Sans collision,,,,,,,,,,,1,2,5,1.0,7
201200054165,0012-01-04 15:00:00,12,1,4,15,0,750,106,"127, BOULEVARD RASPAIL",,,Plein jour,En agglomération,Intersection à plus de 4 branches,Normale,Sans collision,,,,,,,,,,,1,2,5,1.0,7
201200054166,0012-01-05 21:55:00,12,1,5,21,55,750,106,"108, BOULEVARD SAINT GER",,,Nuit avec éclairage allumé,En agglomération,Intersection en X,Normale,Deux véhicules - côté,,,,,,,,,,,5,2,2,1.0,3
201200054167,0012-01-07 01:40:00,12,1,7,1,40,750,106,"87, BOULEVARD RASPAIL",,,Nuit avec éclairage allumé,En agglomération,Intersection à plus de 4 branches,Normale,Deux véhicules - arrière,,,,,,,,,,,5,2,5,1.0,2
201200054168,0012-01-10 10:30:00,12,1,10,10,30,750,106,"24, RUE DAUPHINE",,,Plein jour,En agglomération,Intersection en T,Normale,Deux véhicules - côté,,,,,,,,,,,1,2,3,1.0,3
201200054169,0012-01-12 06:40:00,12,1,12,6,40,750,106,"4, PLACE EDMOND ROSTAND",,,Nuit avec éclairage allumé,En agglomération,Place,Normale,Deux véhicules - frontale,,,,,,,,,,,5,2,7,1.0,1
201200054170,0012-01-13 13:40:00,12,1,13,13,40,750,107,"61, RUE DE SEVRES",,,Plein jour,En agglomération,Intersection en X,Normale,Deux véhicules - côté,,,,,,,,,,,1,2,2,1.0,3
201200054171,0012-01-17 08:40:00,12,1,17,8,40,750,106,"15, RUE DE VAUGIRARD",,,Plein jour,En agglomération,Intersection en X,Normale,Deux véhicules - arrière,,,,,,,,,,,1,2,2,1.0,2
201200054172,0012-01-17 08:44:00,12,1,17,8,44,750,106,"26, BOULEVARD SAINT MICH",,,Plein jour,En agglomération,Intersection à plus de 4 branches,Normale,Deux véhicules - arrière,,,,,,,,,,,1,2,5,1.0,2
201200054173,0012-01-20 16:09:00,12,1,20,16,9,750,106,"51, QUAI DES GRANDS AUGU",,,Plein jour,En agglomération,Intersection en T,Pluie légère,Sans collision,,,,,,,,,,,1,2,3,2.0,7
201200054174,0012-01-27 13:35:00,12,1,27,13,35,750,106,"44, BOULEVARD SAINT MICH",,,Plein jour,En agglomération,Intersection en X,Normale,Autre collision,,,,,,,,,,,1,2,2,1.0,6
201200054175,0012-01-29 01:35:00,12,1,29,1,35,750,106,"13, RUE DES BEAUX ARTS",,,Nuit avec éclairage allumé,En agglomération,Hors intersection,Normale,Sans collision,,,,,,,,,,,5,2,1,1.0,7
201200054176,0012-01-29 12:20:00,12,1,29,12,20,750,106,"110, RUE DE VAUGIRARD",,,Plein jour,En agglomération,Hors intersection,Normale,Autre collision,,,,,,,,,,,1,2,1,1.0,6
201200054177,0012-01-31 09:10:00,12,1,31,9,10,750,106,"1, RUE DE CONDE",,,Plein jour,En agglomération,Intersection en Y,Normale,Deux véhicules - côté,,,,,,,,,,,1,2,4,1.0,3
201200054178,0012-02-05 21:10:00,12,2,5,21,10,750,106,"66, BOULEVARD SAINT MICH",,,Nuit avec éclairage allumé,En agglomération,Intersection en X,Temps couvert,Deux véhicules - côté,,,,,,,,,,,5,2,2,8.0,3
201200054179,0012-02-06 13:27:00,12,2,6,13,27,750,106,"16, RUE D ASSAS",,,Plein jour,En agglomération,Intersection en X,Normale,Autre collision,,,,,,,,,,,1,2,2,1.0,6
201200054180,0012-02-07 09:00:00,12,2,7,9,0,750,106,"115, RUE DE RENNES",,,Plein jour,En agglomération,Intersection à plus de 4 branches,Normale,Deux véhicules - côté,,,,,,,,,,,1,2,5,1.0,3
201200054181,0012-02-10 10:10:00,12,2,10,10,10,750,106,"112, BOULEVARD SAINT GER",,,Plein jour,En agglomération,Intersection en T,Normale,Deux véhicules - arrière,,,,,,,,,,,1,2,3,1.0,2
201200054182,0012-02-10 12:40:00,12,2,10,12,40,750,106,"80, BOULEVARD RASPAIL",,,Plein jour,En agglomération,Intersection à plus de 4 branches,Normale,Autre collision,,,,,,,,,,,1,2,5,1.0,6
201200054183,0012-02-03 07:10:00,12,2,3,7,10,750,106,"107, BOULEVARD SAINT GER",,,Crépuscule ou aube,En agglomération,Intersection en X,Normale,Deux véhicules - côté,,,,,,,,,,,2,2,2,1.0,3
201200054184,0012-02-13 10:20:00,12,2,13,10,20,750,106,"23, QUAI MALAQUAIS",,,Plein jour,En agglomération,Hors intersection,Normale,Deux véhicules - côté,,,,,,,,,,,1,2,1,1.0,3
201200054185,0012-02-21 12:43:00,12,2,21,12,43,750,106,"24, RUE DU FOUR",,,Plein jour,En agglomération,Intersection en T,Normale,Autre collision,,,,,,,,,,,1,2,3,1.0,6
201200054186,0012-03-01 11:55:00,12,3,1,11,55,750,106,"35, BOULEVARD SAINT MICH",,,Plein jour,En agglomération,Hors intersection,Normale,Autre collision,,,,,,,,,,,1,2,1,1.0,6
201200054187,0012-03-02 11:40:00,12,3,2,11,40,750,106,"139, RUE DE SEVRES",,,Plein jour,En agglomération,Intersection en X,Temps couvert,Autre collision,,,,,,,,,,,1,2,2,8.0,6
201200054188,0012-03-04 16:40:00,12,3,4,16,40,750,106,"18, BOULEVARD SAINT MICH",,,Plein jour,En agglomération,Intersection en T,Pluie légère,Deux véhicules - côté,,,,,,,,,,,1,2,3,2.0,3
201200054189,0012-03-05 09:15:00,12,3,5,9,15,750,106,"107, METRO NOTRE DAME DE",,,Plein jour,En agglomération,Hors intersection,Normale,Sans collision,,,,,,,,,,,1,2,1,1.0,7
201200054190,0012-03-05 14:30:00,12,3,5,14,30,750,106,"35, RUE DU FOUR",,,Plein jour,En agglomération,Intersection à plus de 4 branches,Normale,Deux véhicules - côté,,,,,,,,,,,1,2,5,1.0,3
201200054191,0012-03-06 10:35:00,12,3,6,10,35,750,106,"21, QUAI MALAQUAIS",,,Plein jour,En agglomération,Intersection en T,Pluie légère,Sans collision,,,,,,,,,,,1,2,3,2.0,7
201200054192,0012-03-06 13:58:00,12,3,6,13,58,750,106,"20, BOULEVARD SAINT MICH",,,Plein jour,En agglomération,Intersection en T,Pluie légère,Autre collision,,,,,,,,,,,1,2,3,2.0,6
201200054193,0012-03-07 14:35:00,12,3,7,14,35,750,106,"93, BOULEVARD DU MONTPAR",,,Plein jour,En agglomération,Hors intersection,Pluie légère,Autre collision,,,,,,,,,,,1,2,1,2.0,6
201200054194,0012-03-08 19:30:00,12,3,8,19,30,750,106,"27, RUE D ASSAS",,,Nuit sans éclairage public,En agglomération,Hors intersection,Normale,Autre collision,,,,,,,,,,,3,2,1,1.0,6
201200054195,0012-03-09 08:30:00,12,3,9,8,30,750,106,QUAI DES GRANDS AUGUSTIN,,,Plein jour,En agglomération,Intersection à plus de 4 branches,Normale,Deux véhicules - côté,,,,,,,,,,,1,2,5,1.0,3
201200054196,0012-03-14 16:45:00,12,3,14,16,45,750,106,"155, BOULEVARD SAINT GER",,,Plein jour,En agglomération,Hors intersection,Normale,Autre collision,,,,,,,,,,,1,2,1,1.0,6
201200054197,0012-03-22 20:45:00,12,3,22,20,45,750,106,"35, RUE DE VAUGIRARD",,,Nuit avec éclairage allumé,En agglomération,Hors intersection,Normale,Deux véhicules - frontale,,,,,,,,,,,5,2,1,1.0,1
201200054198,0012-03-26 11:55:00,12,3,26,11,55,750,113,"146, BOULEVARD DE L HOPI",,,Plein jour,En agglomération,Place,Normale,Autre collision,,,,,,,,,,,1,2,7,1.0,6
201200054199,0012-03-27 22:10:00,12,3,27,22,10,750,106,"123, RUE DE RENNES",,,Nuit avec éclairage allumé,En agglomération,Intersection à plus de 4 branches,Normale,Deux véhicules - arrière,,,,,,,,,,,5,2,5,1.0,2
201200054200,0012-03-28 11:35:00,12,3,28,11,35,750,106,"68, RUE DE VAUGIRARD",,,Plein jour,En agglomération,Intersection en X,Normale,Autre collision,,,,,,,,,,,1,2,2,1.0,6
201200054201,0012-03-30 03:50:00,12,3,30,3,50,750,106,"112, BOULEVARD RASPAIL",,,Nuit avec éclairage allumé,En agglomération,Hors intersection,Normale,Autre collision,,,,,,,,,,,5,2,1,1.0,6
201200054202,0012-03-31 16:40:00,12,3,31,16,40,750,106,"22, BOULEVARD SAINT MICH",,,Plein jour,En agglomération,Intersection en X,Temps couvert,Autre collision,,,,,,,,,,,1,2,2,8.0,6
201200054203,0012-04-04 11:40:00,12,4,4,11,40,750,106,"53, RUE DE VAUGIRARD",,,Plein jour,En agglomération,Intersection en X,Normale,Autre collision,,,,,,,,,,,1,2,2,1.0,6
201200054204,0012-04-05 10:40:00,12,4,5,10,40,750,106,"35, RUE DU DRAGON",,,Plein jour,En agglomération,Place,Normale,Autre collision,,,,,,,,,,,1,2,7,1.0,6
201200054205,0012-04-07 20:30:00,12,4,7,20,30,750,113,QUAI D AUSTERLITZ,,,Nuit avec éclairage non allumé,En agglomération,Intersection à plus de 4 branches,Normale,Autre collision,,,,,,,,,,,4,2,5,1.0,6
201200054206,0012-04-16 11:20:00,12,4,16,11,20,750,106,"117, BOULEVARD DU MONTPA",,,Plein jour,En agglomération,Place,Normale,Autre collision,,,,,,,,,,,1,2,7,1.0,6
201200054207,0012-04-16 12:55:00,12,4,16,12,55,750,106,"58, RUE DE RENNES",,,Plein jour,En agglomération,Hors intersection,Normale,Deux véhicules - côté,,,,,,,,,,,1,2,1,1.0,3
201200054208,0012-04-16 14:20:00,12,4,16,14,20,750,106,"167, RUE DE RENNES",,,Plein jour,En agglomération,Intersection en Y,Normale,Autre collision,,,,,,,,,,,1,2,4,1.0,6
201200054209,0012-04-16 19:10:00,12,4,16,19,10,750,106,"83, BOULEVARD DU MONTPAR",,,Plein jour,En agglomération,Intersection en X,Normale,Autre collision,,,,,,,,,,,1,2,2,1.0,6
201200054210,0012-04-17 00:20:00,12,4,17,0,20,750,106,"173, BOULEVARD SAINT GER",,,Nuit avec éclairage allumé,En agglomération,Hors intersection,Normale,Autre collision,,,,,,,,,,,5,2,1,1.0,6
201200054211,0012-04-18 11:40:00,12,4,18,11,40,750,106,"131, BOULEVARD RASPAIL",,,Plein jour,En agglomération,Intersection en Y,Pluie légère,Deux véhicules - côté,,,,,,,,,,,1,2,4,2.0,3
201200054212,0012-04-18 21:10:00,12,4,18,21,10,750,106,"91, RUE DU CHERCHE MIDI",,,Nuit avec éclairage allumé,En agglomération,Hors intersection,Pluie forte,Deux véhicules - côté,,,,,,,,,,,5,2,1,3.0,3
201200054213,0012-04-19 15:40:00,12,4,19,15,40,750,106,"43, RUE DU CHERCHE MIDI",,,Plein jour,En agglomération,Intersection en T,Normale,Autre collision,,,,,,,,,,,1,2,3,1.0,6
201200054214,0012-04-20 00:30:00,12,4,20,0,30,750,106,"15 bis, RUE DE VAUGIRARD",,,Nuit avec éclairage allumé,En agglomération,Intersection en T,Normale,Autre collision,,,,,,,,,,,5,2,3,1.0,6
201200054215,0012-04-20 11:50:00,12,4,20,11,50,750,106,"3, PLACE DU DIX HUIT JUI",,,Plein jour,En agglomération,Place,Pluie légère,Deux véhicules - côté,,,,,,,,,,,1,2,7,2.0,3
201200054216,0012-04-20 17:40:00,12,4,20,17,40,750,106,"88, BOULEVARD RASPAIL",,,Plein jour,En agglomération,Intersection à plus de 4 branches,Temps couvert,Deux véhicules - arrière,,,,,,,,,,,1,2,5,8.0,2
201200054217,0012-04-21 16:25:00,12,4,21,16,25,750,106,"35, QUAI DES GRANDS AUGU",,,Plein jour,En agglomération,Intersection en T,Pluie légère,Deux véhicules - côté,,,,,,,,,,,1,2,3,2.0,3
201200054218,0012-04-22 16:08:00,12,4,22,16,8,750,106,QUAI DE CONTI,,,Plein jour,En agglomération,Hors intersection,Pluie légère,Sans collision,,,,,,,,,,,1,2,1,2.0,7
201200054219,0012-04-22 21:35:00,12,4,22,21,35,750,106,"13, QUAI MALAQUAIS",,,Nuit avec éclairage allumé,En agglomération,Hors intersection,Normale,Deux véhicules - côté,,,,,,,,,,,5,2,1,1.0,3
201200054220,0012-04-23 01:15:00,12,4,23,1,15,750,106,"55, RUE DE RENNES",,,Nuit avec éclairage allumé,En agglomération,Intersection à plus de 4 branches,Pluie légère,Deux véhicules - arrière,,,,,,,,,,,5,2,5,2.0,2