accident_id,datetime,annee,mois,jour,heure,minute,departement,commune_insee,adresse,latitude,longitude,luminosite,agglomeration,intersection,meteo,collision,nb_vehicules,nb_usagers,nb_indemnes,nb_tues,nb_blesses_hosp,nb_blesses_legers,age_cond_1,age_cond_2,veh_type_cond_1,veh_type_cond_2,lum_code,agg_code,int_code,atm_code,col_code
201200054221,0012-04-24 09:25:00,12,4,24,9,25,750,106,"70, RUE DE RENNES",,,Plein jour,En agglomération,Intersection en X,Temps couvert,Deux véhicules - arrière,,,,,,,,,,,1,2,2,8.0,2
201200054222,0012-04-26 13:30:00,12,4,26,13,30,750,106,BOULEVARD RASPAIL,,,Plein jour,En agglomération,Intersection à plus de 4 branches,Normale,Deux véhicules - côté,,,,,,,,,,,1,2,5,1.0,3
201200054223,0012-04-27 09:45:00,12,4,27,9,45,750,106,"02, RUE BLAISE DESGOFFE",,,Plein jour,En agglomération,Intersection en X,Pluie légère,Autre collision,,,,,,,,,,,1,2,2,2.0,6
201200054224,0012-04-30 15:30:00,12,4,30,15,30,750,106,"23bis, BOULEVARD DU MONT",,,Plein jour,En agglomération,Intersection à plus de 4 branches,Normale,Trois véhicules et plus - collisions multiples,,,,,,,,,,,1,2,5,1.0,5
201200054225,0012-04-30 16:41:00,12,4,30,16,41,750,106,"33, RUE DE SEINE",,,Plein jour,En agglomération,Hors intersection,Normale,Sans collision,,,,,,,,,,,1,2,1,1.0,7
201200054226,0012-05-06 19:12:00,12,5,6,19,12,750,106,"7, PLACE SAINT SULPICE",,,Plein jour,En agglomération,Place,Normale,Autre collision,,,,,,,,,,,1,2,7,1.0,6
201200054227,0012-05-07 00:02:00,12,5,7,0,2,750,106,"117, BOULEVARD DU MONTPA",,,Nuit avec éclairage allumé,En agglomération,Intersection à plus de 4 branches,Normale,Deux véhicules - arrière,,,,,,,,,,,5,2,5,1.0,2
201200054228,0012-05-07 10:25:00,12,5,7,10,25,750,106,RUE DE RENNES,,,Plein jour,En agglomération,Intersection en X,Normale,Deux véhicules - côté,,,,,,,,,,,1,2,2,1.0,3
201200054229,0012-05-07 14:15:00,12,5,7,14,15,750,106,"20, RUE DE VAUGIRARD",,,Plein jour,En agglomération,Intersection en T,Normale,Deux véhicules - côté,,,,,,,,,,,1,2,3,1.0,3
201200054230,0012-05-07 16:50:00,12,5,7,16,50,750,106,"66, BOULEVARD SAINT MICH",,,Plein jour,En agglomération,Intersection en X,Normale,Deux véhicules - côté,,,,,,,,,,,1,2,2,1.0,3
201200054231,0012-05-09 00:50:00,12,5,9,0,50,750,106,"43, BOULEVARD RASPAIL",,,Nuit avec éclairage allumé,En agglomération,Intersection à plus de 4 branches,Normale,Autre collision,,,,,,,,,,,5,2,5,1.0,6
201200054232,0012-05-10 08:55:00,12,5,10,8,55,750,106,BOULEVARD RASPAIL,,,Plein jour,En agglomération,Intersection à plus de 4 branches,Normale,Autre collision,,,,,,,,,,,1,2,5,1.0,6
201200054233,0012-05-13 20:30:00,12,5,13,20,30,750,106,"35, RUE SAINT ANDRE DES",,,Crépuscule ou aube,En agglomération,Intersection en T,Normale,Autre collision,,,,,,,,,,,2,2,3,1.0,6
201200054234,0012-05-14 16:38:00,12,5,14,16,38,750,106,"21, RUE SAINT SULPICE",,,Plein jour,En agglomération,Intersection en X,Normale,Autre collision,,,,,,,,,,,1,2,2,1.0,6
201200054235,0012-05-15 17:05:00,12,5,15,17,5,750,106,RUE AUGUSTE COMTE,,,Plein jour,En agglomération,Intersection en X,Normale,Sans collision,,,,,,,,,,,1,2,2,1.0,7
201200054236,0012-05-21 20:00:00,12,5,21,20,0,750,106,RUE MICHELET,,,Crépuscule ou aube,En agglomération,Intersection à plus de 4 branches,Pluie légère,Deux véhicules - côté,,,,,,,,,,,2,2,5,2.0,3
201200054237,0012-05-21 22:30:00,12,5,21,22,30,750,106,"28, RUE BONAPARTE",,,Nuit avec éclairage allumé,En agglomération,Intersection en X,Pluie légère,Autre collision,,,,,,,,,,,5,2,2,2.0,6
201200054238,0012-05-23 18:30:00,12,5,23,18,30,750,106,"15 bis, RUE DE VAUGIRARD",,,Plein jour,En agglomération,Hors intersection,Normale,Autre collision,,,,,,,,,,,1,2,1,1.0,6
201200054239,0012-05-26 08:15:00,12,5,26,8,15,750,106,"25, QUAI DE CONTI",,,Plein jour,En agglomération,Intersection en T,Temps éblouissant,Deux véhicules - arrière,,,,,,,,,,,1,2,3,7.0,2
201200054240,0012-05-28 15:06:00,12,5,28,15,6,750,106,RUE DANTON,,,Plein jour,En agglomération,Hors intersection,Normale,Sans collision,,,,,,,,,,,1,2,1,1.0,7
201200054241,0012-05-29 12:45:00,12,5,29,12,45,750,106,"11, QUAI DE CONTI",,,Plein jour,En agglomération,Intersection en T,Normale,Deux véhicules - arrière,,,,,,,,,,,1,2,3,1.0,2
201200054242,0012-06-07 16:45:00,12,6,7,16,45,750,106,RUE DE SEVRES,,,Plein jour,En agglomération,Hors intersection,Normale,Sans collision,,,,,,,,,,,1,2,1,1.0,7
201200054243,0012-06-12 16:55:00,12,6,12,16,55,750,106,"9, RUE DES SAINTS PERES",,,Plein jour,En agglomération,Hors intersection,Temps couvert,Deux véhicules - côté,,,,,,,,,,,1,2,1,8.0,3
201200054244,0012-06-14 14:55:00,12,6,14,14,55,750,106,"45, RUE JACOB",,,Plein jour,En agglomération,Hors intersection,Normale,Deux véhicules - arrière,,,,,,,,,,,1,2,1,1.0,2
201200054245,0012-06-15 05:35:00,12,6,15,5,35,750,106,"15 bis, RUE DE VAUGIRARD",,,Crépuscule ou aube,En agglomération,Intersection en T,Pluie forte,Autre collision,,,,,,,,,,,2,2,3,3.0,6
201200054246,0012-06-15 08:30:00,12,6,15,8,30,750,106,"85, BOULEVARD RASPAIL",,,Plein jour,En agglomération,Intersection en X,Pluie légère,Autre collision,,,,,,,,,,,1,2,2,2.0,6
201200054247,0012-06-17 21:20:00,12,6,17,21,20,750,106,BOULEVARD DU MONTPARNASS,,,Nuit sans éclairage public,En agglomération,Intersection à plus de 4 branches,Normale,Deux véhicules - côté,,,,,,,,,,,3,2,5,1.0,3
201200054248,0012-06-18 15:20:00,12,6,18,15,20,750,115,"09, BOULEVARD DU MONTPAR",,,Plein jour,En agglomération,Hors intersection,Normale,Autre collision,,,,,,,,,,,1,2,1,1.0,6
201200054249,0012-06-19 10:35:00,12,6,19,10,35,750,106,"13 bis, QUAI MALAQUAIS",,,Plein jour,En agglomération,Hors intersection,Normale,Autre collision,,,,,,,,,,,1,2,1,1.0,6
201200054250,0012-06-20 14:40:00,12,6,20,14,40,750,106,BOULEVARD SAINT MICHEL,,,Plein jour,En agglomération,Intersection à plus de 4 branches,Normale,Autre collision,,,,,,,,,,,1,2,5,1.0,6
201200054251,0012-06-21 12:00:00,12,6,21,12,0,750,106,"45, BOULEVARD RASPAIL",,,Plein jour,En agglomération,Place,Temps couvert,Deux véhicules - côté,,,,,,,,,,,1,2,7,8.0,3
201200054252,0012-06-21 15:20:00,12,6,21,15,20,750,106,"123, BOULEVARD SAINT GER",,,Plein jour,En agglomération,Intersection en X,Pluie légère,Deux véhicules - arrière,,,,,,,,,,,1,2,2,2.0,2
201200054253,0012-06-22 09:40:00,12,6,22,9,40,750,106,"48, RUE D ASSAS",,,Plein jour,En agglomération,Intersection en X,Temps couvert,Autre collision,,,,,,,,,,,1,2,2,8.0,6
201200054254,0012-06-22 16:10:00,12,6,22,16,10,750,106,"26, RUE DU FOUR",,,Plein jour,En agglomération,Hors intersection,Normale,Autre collision,,,,,,,,,,,1,2,1,1.0,6
201200054255,0012-06-25 13:20:00,12,6,25,13,20,750,106,"50, RUE DE VAUGIRARD",,,Plein jour,En agglomération,Hors intersection,Normale,Autre collision,,,,,,,,,,,1,2,1,1.0,6
201200054256,0012-06-27 13:50:00,12,6,27,13,50,750,106,"8, BOULEVARD SAINT MICHE",,,Plein jour,En agglomération,Intersection en X,Temps couvert,Autre collision,,,,,,,,,,,1,2,2,8.0,6
201200054257,0012-06-28 15:45:00,12,6,28,15,45,750,106,"45, BOULEVARD RASPAIL",,,Plein jour,En agglomération,Intersection à plus de 4 branches,Normale,Deux véhicules - arrière,,,,,,,,,,,1,2,5,1.0,2
201200054258,0012-07-03 02:15:00,12,7,3,2,15,750,106,BOULEVARD SAINT MICHEL,,,Nuit avec éclairage allumé,En agglomération,Intersection en X,Normale,Autre collision,,,,,,,,,,,5,2,2,1.0,6
201200054259,0012-07-03 12:30:00,12,7,3,12,30,750,106,"5BIS, RUE SAINT PLACIDE",,,Plein jour,En agglomération,Hors intersection,Normale,Deux véhicules - arrière,,,,,,,,,,,1,2,1,1.0,2
201200054260,0012-07-05 14:35:00,12,7,5,14,35,750,106,"72, RUE NOTRE DAME DES C",,,Plein jour,En agglomération,Intersection en T,Normale,Deux véhicules - côté,,,,,,,,,,,1,2,3,1.0,3
201200054261,0012-07-05 20:05:00,12,7,5,20,5,750,106,"83, BOULEVARD SAINT GERM",,,Plein jour,En agglomération,Hors intersection,Pluie légère,Sans collision,,,,,,,,,,,1,2,1,2.0,7
201200054262,0012-07-06 14:36:00,12,7,6,14,36,750,106,"1, RUE BREA",,,Plein jour,En agglomération,Intersection à plus de 4 branches,Normale,Autre collision,,,,,,,,,,,1,2,5,1.0,6
201200054263,0012-07-06 17:05:00,12,7,6,17,5,750,106,"135, RUE DE SEVRES",,,Plein jour,En agglomération,Hors intersection,Pluie légère,Deux véhicules - frontale,,,,,,,,,,,1,2,1,2.0,1
201200054264,0012-07-07 11:00:00,12,7,7,11,0,750,106,RUE DE RENNES,,,Plein jour,En agglomération,Intersection en X,Pluie légère,Deux véhicules - frontale,,,,,,,,,,,1,2,2,2.0,1
201200054265,0012-07-10 01:30:00,12,7,10,1,30,750,106,"81, BOULEVARD RASPAIL",,,Nuit avec éclairage allumé,En agglomération,Intersection en X,Normale,Sans collision,,,,,,,,,,,5,2,2,1.0,7
201200054266,0012-07-13 22:55:00,12,7,13,22,55,750,106,"19, BOULEVARD DU MONTPAR",,,Nuit avec éclairage allumé,En agglomération,Intersection en X,Pluie forte,Deux véhicules - côté,,,,,,,,,,,5,2,2,3.0,3
201200054267,0012-07-16 21:20:00,12,7,16,21,20,750,106,"112, RUE DE RENNES",,,Crépuscule ou aube,En agglomération,Intersection à plus de 4 branches,Normale,Deux véhicules - arrière,,,,,,,,,,,2,2,5,1.0,2
201200054268,0012-07-23 12:32:00,12,7,23,12,32,750,106,"0, PLACE DE L INSTITUT",,,Plein jour,En agglomération,Intersection en T,Normale,Sans collision,,,,,,,,,,,1,2,3,1.0,7
201200054269,0012-07-23 19:24:00,12,7,23,19,24,750,106,"64, RUE DE RENNES",,,Plein jour,En agglomération,Intersection à plus de 4 branches,Normale,Deux véhicules - côté,,,,,,,,,,,1,2,5,1.0,3
201200054270,0012-07-24 16:20:00,12,7,24,16,20,750,106,RUE DU CHERCHE MIDI,,,Plein jour,En agglomération,Hors intersection,Normale,Deux véhicules - arrière,,,,,,,,,,,1,2,1,1.0,2
201200054271,0012-07-25 08:30:00,12,7,25,8,30,750,106,"25, QUAI DE CONTI",,,Plein jour,En agglomération,Hors intersection,Normale,Deux véhicules - arrière,,,,,,,,,,,1,2,1,1.0,2
201200054272,0012-07-26 16:10:00,12,7,26,16,10,750,106,"78, RUE D ASSAS",,,Plein jour,En agglomération,Intersection en X,Normale,Autre collision,,,,,,,,,,,1,2,2,1.0,6
201200054273,0012-07-28 18:25:00,12,7,28,18,25,750,106,"24, RUE D ASSAS",,,Plein jour,En agglomération,Intersection en X,Normale,Deux véhicules - côté,,,,,,,,,,,1,2,2,1.0,3
201200054274,0012-07-31 17:35:00,12,7,31,17,35,750,106,"60, BOULEVARD SAINT MICH",,,Plein jour,En agglomération,Intersection en X,Normale,Deux véhicules - côté,,,,,,,,,,,1,2,2,1.0,3
201200054275,0012-08-03 09:56:00,12,8,3,9,56,750,106,"95, BOULEVARD RASPAIL",,,Plein jour,En agglomération,Intersection à plus de 4 branches,Normale,Autre collision,,,,,,,,,,,1,2,5,1.0,6
201200054276,0012-08-13 17:20:00,12,8,13,17,20,750,106,"66, BOULEVARD SAINT MICH",,,Plein jour,En agglomération,Intersection en X,Normale,Deux véhicules - côté,,,,,,,,,,,1,2,2,1.0,3
201200054277,0012-08-19 16:20:00,12,8,19,16,20,750,106,"10, BOULEVARD SAINT MICH",,,Plein jour,En agglomération,Hors intersection,Normale,Autre collision,,,,,,,,,,,1,2,1,1.0,6
201200054278,0012-08-23 04:20:00,12,8,23,4,20,750,106,"15, RUE MAZARINE",,,Nuit avec éclairage allumé,En agglomération,Intersection en X,Normale,Deux véhicules - côté,,,,,,,,,,,5,2,2,1.0,3
201200054279,0012-08-24 19:19:00,12,8,24,19,19,750,106,"17, RUE DE SEVRES",,,Plein jour,En agglomération,Hors intersection,Temps couvert,Autre collision,,,,,,,,,,,1,2,1,8.0,6
201200054280,0012-09-07 12:45:00,12,9,7,12,45,750,105,RUE SAINT JACQUES,,,Plein jour,En agglomération,Intersection en T,Normale,Deux véhicules - côté,,,,,,,,,,,1,2,3,1.0,3
201200054281,0012-09-10 23:40:00,12,9,10,23,40,750,106,BOULEVARD SAINT MICHEL,,,Nuit sans éclairage public,En agglomération,Intersection en T,Normale,Sans collision,,,,,,,,,,,3,2,3,1.0,7
201200054282,0012-09-14 08:40:00,12,9,14,8,40,750,106,"127, BOULEVARD DU MONTPA",,,Plein jour,En agglomération,Intersection en X,Normale,Autre collision,,,,,,,,,,,1,2,2,1.0,6
201200054283,0012-09-14 16:15:00,12,9,14,16,15,750,106,"14, BOULEVARD SAINT MICH",,,Plein jour,En agglomération,Hors intersection,Normale,Sans collision,,,,,,,,,,,1,2,1,1.0,7
201200054284,0012-09-15 15:25:00,12,9,15,15,25,750,106,"88, BOULEVARD SAINT MICH",,,Plein jour,En agglomération,Place,Normale,Deux véhicules - arrière,,,,,,,,,,,1,2,7,1.0,2
201200054285,0012-09-16 18:40:00,12,9,16,18,40,750,106,"66, RUE DE SEINE",,,Plein jour,En agglomération,Intersection en X,Normale,Autre collision,,,,,,,,,,,1,2,2,1.0,6
201200054286,0012-09-17 15:20:00,12,9,17,15,20,750,106,"56, RUE DE RENNES",,,Plein jour,En agglomération,Intersection en Y,Normale,Autre collision,,,,,,,,,,,1,2,4,1.0,6
201200054287,0012-09-24 16:40:00,12,9,24,16,40,750,106,"49, RUE SAINT PLACIDE",,,Plein jour,En agglomération,Hors intersection,Normale,Autre collision,,,,,,,,,,,1,2,1,1.0,6
201200054288,0012-09-28 13:15:00,12,9,28,13,15,750,106,"6, CARREFOUR ODEON",,,Plein jour,En agglomération,Intersection en T,Normale,Autre collision,,,,,,,,,,,1,2,3,1.0,6
201200054289,0012-09-28 15:25:00,12,9,28,15,25,750,107,"258, BOULEVARD SAINT GER",,,Plein jour,En agglomération,Intersection en X,Normale,Deux véhicules - côté,,,,,,,,,,,1,2,2,1.0,3
201200054290,0012-09-29 00:16:00,12,9,29,0,16,750,106,"16, RUE DE L ANCIENNE CO",,,Nuit avec éclairage allumé,En agglomération,Hors intersection,Normale,Autre collision,,,,,,,,,,,5,2,1,1.0,6
201200054291,0012-09-29 07:15:00,12,9,29,7,15,750,106,"80, RUE BONAPARTE",,,Crépuscule ou aube,En agglomération,Intersection en T,Normale,Sans collision,,,,,,,,,,,2,2,3,1.0,7
201200054292,0012-09-29 11:15:00,12,9,29,11,15,750,106,RUE DE RENNES,,,Plein jour,En agglomération,Intersection en Y,Normale,Autre collision,,,,,,,,,,,1,2,4,1.0,6
201200054293,0012-10-03 12:50:00,12,10,3,12,50,750,106,"0, RUE DU CHERCHE MIDI",,,Plein jour,En agglomération,Intersection en X,Normale,Sans collision,,,,,,,,,,,1,2,2,1.0,7
201200054294,0012-10-03 16:10:00,12,10,3,16,10,750,106,RUE D ASSAS,,,Plein jour,En agglomération,Intersection en X,Pluie légère,Deux véhicules - frontale,,,,,,,,,,,1,2,2,2.0,1
201200054295,0012-10-06 19:35:00,12,10,6,19,35,750,106,"29, BOULEVARD DU MONTPAR",,,Nuit avec éclairage allumé,En agglomération,Intersection à plus de 4 branches,Pluie forte,Sans collision,,,,,,,,,,,5,2,5,3.0,7
201200054296,0012-10-09 09:15:00,12,10,9,9,15,750,106,"5, RUE JOSEPH BARA",,,Plein jour,En agglomération,Hors intersection,Pluie légère,Autre collision,,,,,,,,,,,1,2,1,2.0,6
201200054297,0012-10-09 17:40:00,12,10,9,17,40,750,106,"29, RUE DU CHERCHE MIDI",,,Plein jour,En agglomération,Intersection à plus de 4 branches,Temps couvert,Autre collision,,,,,,,,,,,1,2,5,8.0,6
201200054298,0012-10-09 19:00:00,12,10,9,19,0,750,106,BOULEVARD DU MONTPARNASS,,,Nuit avec éclairage allumé,En agglomération,Intersection à plus de 4 branches,Normale,Deux véhicules - côté,,,,,,,,,,,5,2,5,1.0,3
201200054299,0012-10-10 12:47:00,12,10,10,12,47,750,106,"740, RUE D ASSAS",,,Plein jour,En agglomération,Intersection en X,Normale,Autre collision,,,,,,,,,,,1,2,2,1.0,6
201200054300,0012-10-12 11:55:00,12,10,12,11,55,750,106,"78, RUE BONAPARTE",,,Plein jour,En agglomération,Place,Normale,Deux véhicules - côté,,,,,,,,,,,1,2,7,1.0,3
201200054301,0012-10-12 15:45:00,12,10,12,15,45,750,106,"87, BOULEVARD DU MONTPAR",,,Plein jour,En agglomération,Intersection en X,Normale,Deux véhicules - côté,,,,,,,,,,,1,2,2,1.0,3
201200054302,0012-10-16 09:30:00,12,10,16,9,30,750,106,"59, RUE D ASSAS",,,Plein jour,En agglomération,Intersection en X,Temps couvert,Sans collision,,,,,,,,,,,1,2,2,8.0,7
201200054303,0012-10-16 12:30:00,12,10,16,12,30,750,106,"13, QUAI DE CONTI",,,Plein jour,En agglomération,Intersection en T,Normale,Deux véhicules - côté,,,,,,,,,,,1,2,3,1.0,3
201200054304,0012-10-20 10:00:00,12,10,20,10,0,750,106,"58, BOULEVARD SAINT MICH",,,Plein jour,En agglomération,Place,Pluie forte,Autre collision,,,,,,,,,,,1,2,7,3.0,6
201200054305,0012-10-23 12:25:00,12,10,23,12,25,750,114,"71, BOULEVARD DU MONTPAR",,,Plein jour,En agglomération,Place,Normale,Autre collision,,,,,,,,,,,1,2,7,1.0,6
201200054306,0012-10-28 02:14:00,12,10,28,2,14,750,106,"41, RUE DE VAUGIRARD",,,Nuit avec éclairage allumé,En agglomération,Intersection en X,Normale,Autre collision,,,,,,,,,,,5,2,2,1.0,6
201200054307,0012-10-28 21:05:00,12,10,28,21,5,750,106,"82, BOULEVARD RASPAIL",,,Nuit avec éclairage allumé,En agglomération,Intersection à plus de 4 branches,Normale,Deux véhicules - arrière,,,,,,,,,,,5,2,5,1.0,2
201200054308,0012-10-30 23:27:00,12,10,30,23,27,750,106,"26, BOULEVARD SAINT MICH",,,Nuit avec éclairage allumé,En agglomération,Intersection à plus de 4 branches,Normale,Deux véhicules - côté,,,,,,,,,,,5,2,5,1.0,3
201200054309,0012-10-31 12:10:00,12,10,31,12,10,750,106,RUE DE VAUGIRARD,,,Plein jour,En agglomération,Intersection en X,Normale,Deux véhicules - côté,,,,,,,,,,,1,2,2,1.0,3
201200054310,0012-10-31 17:10:00,12,10,31,17,10,750,106,"79 Bis, RUE DE VAUGIRARD",,,Nuit avec éclairage allumé,En agglomération,Intersection en X,Normale,Sans collision,,,,,,,,,,,5,2,2,1.0,7
201200054311,0012-11-08 15:15:00,12,11,8,15,15,750,106,"18, BOULEVARD SAINT MICH",,,Plein jour,En agglomération,Intersection en T,Normale,Autre collision,,,,,,,,,,,1,2,3,1.0,6
201200054312,0012-11-09 23:40:00,12,11,9,23,40,750,106,"55, BOULEVARD DU MONTPAR",,,Nuit avec éclairage allumé,En agglomération,Hors intersection,Pluie légère,Autre collision,,,,,,,,,,,5,2,1,2.0,6
201200054313,0012-11-12 18:50:00,12,11,12,18,50,750,106,"25, RUE DE L ANCIENNE CO",,,Nuit avec éclairage allumé,En agglomération,Intersection en X,Normale,Autre collision,,,,,,,,,,,5,2,2,1.0,6
201200054314,0012-11-13 17:46:00,12,11,13,17,46,750,106,"16, RUE D ASSAS",,,Nuit avec éclairage allumé,En agglomération,Intersection en X,Pluie légère,Autre collision,,,,,,,,,,,5,2,2,2.0,6
201200054315,0012-11-14 13:50:00,12,11,14,13,50,750,106,"23, QUAI MALAQUAIS",,,Plein jour,En agglomération,Intersection en T,Normale,Autre collision,,,,,,,,,,,1,2,3,1.0,6
201200054316,0012-11-15 11:45:00,12,11,15,11,45,750,106,"15, RUE DE VAUGIRARD",,,Plein jour,En agglomération,Intersection en T,Normale,Deux véhicules - côté,,,,,,,,,,,1,2,3,1.0,3
201200054317,0012-11-15 13:40:00,12,11,15,13,40,750,106,"35, RUE DE L ABBE GREGOI",,,Plein jour,En agglomération,Hors intersection,Normale,Deux véhicules - côté,,,,,,,,,,,1,2,1,1.0,3
201200054318,0012-11-16 05:47:00,12,11,16,5,47,750,106,PLACE SAINT MICHEL,,,Nuit avec éclairage allumé,En agglomération,Place,Normale,Deux véhicules - côté,,,,,,,,,,,5,2,7,1.0,3
201200054319,0012-11-19 08:15:00,12,11,19,8,15,750,106,"114, RUE DE VAUGIRARD",,,Plein jour,En agglomération,Intersection en T,Normale,Deux véhicules - côté,,,,,,,,,,,1,2,3,1.0,3
201200054320,0012-11-19 16:25:00,12,11,19,16,25,750,106,"66, BOULEVARD SAINT MICH",,,Plein jour,En agglomération,Intersection en Y,Normale,Autre collision,,,,,,,,,,,1,2,4,1.0,6
201200054321,0012-11-19 20:23:00,12,11,19,20,23,750,106,"23, QUAI DE CONTI",,,Nuit avec éclairage allumé,En agglomération,Place,Normale,Deux véhicules - arrière,,,,,,,,,,,5,2,7,1.0,2
201200054322,0012-11-22 12:35:00,12,11,22,12,35,750,106,"112, RUE DE RENNES",,,Plein jour,En agglomération,Intersection en X,Normale,Deux véhicules - arrière,,,,,,,,,,,1,2,2,1.0,2
201200054323,0012-11-23 22:20:00,12,11,23,22,20,750,106,"22, BOULEVARD SAINT MICH",,,Nuit avec éclairage allumé,En agglomération,Intersection en X,Pluie légère,Autre collision,,,,,,,,,,,5,2,2,2.0,6
201200054324,0012-11-24 13:33:00,12,11,24,13,33,750,106,"4, PLACE EDMOND ROSTAND",,,Plein jour,En agglomération,Place,Normale,Deux véhicules - côté,,,,,,,,,,,1,2,7,1.0,3
201200054325,0012-11-24 20:35:00,12,11,24,20,35,750,106,"119, RUE DE RENNES",,,Nuit avec éclairage allumé,En agglomération,Intersection en X,Normale,Deux véhicules - arrière,,,,,,,,,,,5,2,2,1.0,2
201200054326,0012-11-27 06:20:00,12,11,27,6,20,750,106,"110, QUAI DE CONTI",,,Nuit avec éclairage allumé,En agglomération,Hors intersection,Pluie légère,Deux véhicules - arrière,,,,,,,,,,,5,2,1,2.0,2
201200054327,0012-11-27 13:25:00,12,11,27,13,25,750,106,"39, RUE DE VAUGIRARD",,,Plein jour,En agglomération,Hors intersection,Pluie légère,Autre collision,,,,,,,,,,,1,2,1,2.0,6
201200054328,0012-11-30 13:30:00,12,11,30,13,30,750,106,"123, BOULEVARD SAINT GER",,,Plein jour,En agglomération,Intersection en X,Normale,Trois véhicules et plus - en chaîne,,,,,,,,,,,1,2,2,1.0,4
201200054329,0012-12-01 01:30:00,12,12,1,1,30,750,106,RUE BONAPARTE,,,Nuit avec éclairage allumé,En agglomération,Intersection en X,Normale,Deux véhicules - côté,,,,,,,,,,,5,2,2,1.0,3
201200054330,0012-12-03 07:50:00,12,12,3,7,50,750,106,RUE DE RENNES,,,Crépuscule ou aube,En agglomération,Intersection à plus de 4 branches,Pluie légère,Deux véhicules - côté,,,,,,,,,,,2,2,5,2.0,3
201200054331,0012-12-06 17:50:00,12,12,6,17,50,750,106,RUE CASSETTE,,,Nuit avec éclairage allumé,En agglomération,Hors intersection,Normale,Autre collision,,,,,,,,,,,5,2,1,1.0,6
201200054332,0012-12-13 13:25:00,12,12,13,13,25,750,106,"84, BOULEVARD SAINT MICH",,,Plein jour,En agglomération,Intersection en T,Normale,Autre collision,,,,,,,,,,,1,2,3,1.0,6
201200054333,0012-12-14 17:45:00,12,12,14,17,45,750,106,"133, RUE DE SEVRES",,,Nuit avec éclairage allumé,En agglomération,Intersection en T,Pluie légère,Autre collision,,,,,,,,,,,5,2,3,2.0,6
201200054334,0012-12-16 17:03:00,12,12,16,17,3,750,106,"90, BOULEVARD RASPAIL",,,Nuit avec éclairage allumé,En agglomération,Intersection en X,Normale,Deux véhicules - côté,,,,,,,,,,,5,2,2,1.0,3
201200054335,0012-12-20 09:50:00,12,12,20,9,50,750,106,"101, RUE DE SEVRES",,,Plein jour,En agglomération,Hors intersection,Pluie légère,Sans collision,,,,,,,,,,,1,2,1,2.0,7
201200054336,0012-12-22 01:15:00,12,12,22,1,15,750,106,"16, RUE SAINT SULPICE",,,Nuit avec éclairage allumé,En agglomération,Intersection en X,Normale,Deux véhicules - côté,,,,,,,,,,,5,2,2,1.0,3
201200054337,0012-01-01 17:25:00,12,1,1,17,25,750,107,"2, PLACE DU PALAIS BOURB",,,Nuit avec éclairage allumé,En agglomération,Place,Pluie légère,Autre collision,,,,,,,,,,,5,2,7,2.0,6
201200054338,0012-01-03 13:15:00,12,1,3,13,15,750,107,"38, RUE DE SEVRES",,,Plein jour,En agglomération,Intersection en X,Vent fort / tempête,Autre collision,,,,,,,,,,,1,2,2,6.0,6
201200054339,0012-01-03 15:05:00,12,1,3,15,5,750,107,QUAI ANATOLE FRANCE,,,Plein jour,En agglomération,Intersection en Y,Temps couvert,Deux véhicules - côté,,,,,,,,,,,1,2,4,8.0,3
201200054340,0012-01-04 23:30:00,12,1,4,23,30,750,107,AVENUE DE SEGUR,,,Nuit avec éclairage allumé,En agglomération,Intersection en X,Normale,Deux véhicules - côté,,,,,,,,,,,5,2,2,1.0,3
201200054341,0012-01-06 09:45:00,12,1,6,9,45,750,107,"38, AVENUE DUQUESNE",,,Plein jour,En agglomération,Intersection à plus de 4 branches,Normale,Sans collision,,,,,,,,,,,1,2,5,1.0,7
201200054342,0012-01-06 18:10:00,12,1,6,18,10,750,107,RUE DE L UNIVERSITE,,,Nuit avec éclairage allumé,En agglomération,Intersection en X,Normale,Autre collision,,,,,,,,,,,5,2,2,1.0,6
201200054343,0012-01-09 18:00:00,12,1,9,18,0,750,107,QUAI D ORSAY,,,Nuit avec éclairage allumé,En agglomération,Intersection en T,Pluie légère,Deux véhicules - arrière,,,,,,,,,,,5,2,3,2.0,2
201200054344,0012-01-14 17:00:00,12,1,14,17,0,750,107,"44, BOULEVARD DES INVALI",,,Plein jour,En agglomération,Hors intersection,Normale,Autre collision,,,,,,,,,,,1,2,1,1.0,6
201200054345,0012-01-15 23:00:00,12,1,15,23,0,750,107,VOIE EXPRESS RIVE GAUCHE,,,Nuit avec éclairage allumé,En agglomération,Hors intersection,Normale,Autre collision,,,,,,,,,,,5,2,1,1.0,6
201200054346,0012-01-16 13:45:00,12,1,16,13,45,750,107,"46, RUE DU BAC",,,Plein jour,En agglomération,Intersection en T,Normale,Autre collision,,,,,,,,,,,1,2,3,1.0,6
201200054347,0012-01-17 09:20:00,12,1,17,9,20,750,107,"71, AVENUE DE SUFFREN",,,Plein jour,En agglomération,Hors intersection,Normale,Deux véhicules - côté,,,,,,,,,,,1,2,1,1.0,3
201200054348,0012-01-17 19:40:00,12,1,17,19,40,750,107,"1, PLACE VAUBAN",,,Nuit avec éclairage allumé,En agglomération,Place,Normale,Deux véhicules - côté,,,,,,,,,,,5,2,7,1.0,3