accident_id,datetime,annee,mois,jour,heure,minute,departement,commune_insee,adresse,latitude,longitude,luminosite,agglomeration,intersection,meteo,collision,nb_vehicules,nb_usagers,nb_indemnes,nb_tues,nb_blesses_hosp,nb_blesses_legers,age_cond_1,age_cond_2,veh_type_cond_1,veh_type_cond_2,lum_code,agg_code,int_code,atm_code,col_code
201200054478,0012-09-13 18:20:00,12,9,13,18,20,750,107,"37, RUE DE BABYLONE",,,Plein jour,En agglomération,Hors intersection,Normale,Autre collision,,,,,,,,,,,1,2,1,1.0,6
201200054479,0012-09-17 15:05:00,12,9,17,15,5,750,107,PLACE DE BRETEUIL,,,Plein jour,En agglomération,Place,Normale,Autre collision,,,,,,,,,,,1,2,7,1.0,6
201200054480,0012-09-20 10:00:00,12,9,20,10,0,750,107,"1, AVENUE JOSEPH BOUVARD",,,Plein jour,En agglomération,Intersection à plus de 4 branches,Normale,Deux véhicules - côté,,,,,,,,,,,1,2,5,1.0,3
201200054481,0012-09-21 11:00:00,12,9,21,11,0,750,107,"11, RUE DE CONSTANTINE",,,Plein jour,En agglomération,Intersection en X,Normale,Deux véhicules - côté,,,,,,,,,,,1,2,2,1.0,3
201200054482,0012-09-23 16:50:00,12,9,23,16,50,750,107,"37, QUAI D ORSAY",,,Plein jour,En agglomération,Intersection en T,Normale,Deux véhicules - côté,,,,,,,,,,,1,2,3,1.0,3
201200054483,0012-09-25 18:10:00,12,9,25,18,10,750,107,"50, AVENUE BOSQUET",,,Plein jour,En agglomération,Intersection en T,Normale,Autre collision,,,,,,,,,,,1,2,3,1.0,6
201200054484,0012-09-26 21:35:00,12,9,26,21,35,750,107,QUAI D ORSAY,,,Nuit avec éclairage non allumé,En agglomération,Intersection en T,Pluie légère,Deux véhicules - côté,,,,,,,,,,,4,2,3,2.0,3
201200054485,0012-09-27 14:25:00,12,9,27,14,25,750,107,"52, RUE DE SEVRES",,,Plein jour,En agglomération,Intersection en T,Normale,Sans collision,,,,,,,,,,,1,2,3,1.0,7
201200054486,0012-09-28 17:50:00,12,9,28,17,50,750,107,"38, RUE DU BAC",,,Plein jour,En agglomération,Intersection à plus de 4 branches,Normale,Deux véhicules - côté,,,,,,,,,,,1,2,5,1.0,3
201200054487,0012-09-28 17:05:00,12,9,28,17,5,750,107,QUAI D ORSAY,,,Plein jour,En agglomération,Intersection à plus de 4 branches,Normale,Deux véhicules - côté,,,,,,,,,,,1,2,5,1.0,3
201200054488,0012-09-29 01:05:00,12,9,29,1,5,750,107,QUAI D ORSAY,,,Nuit avec éclairage allumé,En agglomération,Intersection en T,Normale,Deux véhicules - arrière,,,,,,,,,,,5,2,3,1.0,2
201200054489,0012-09-29 13:25:00,12,9,29,13,25,750,107,"233, BOULEVARD SAINT GER",,,Plein jour,En agglomération,Hors intersection,Normale,Trois véhicules et plus - en chaîne,,,,,,,,,,,1,2,1,1.0,4
201200054490,0012-09-30 17:05:00,12,9,30,17,5,750,107,"57, QUAI BRANLY",,,Plein jour,En agglomération,Hors intersection,Normale,Autre collision,,,,,,,,,,,1,2,1,1.0,6
201200054491,0012-10-02 12:10:00,12,10,2,12,10,750,107,"39, AVENUE DE BRETEUIL",,,Plein jour,En agglomération,Intersection en X,Normale,Autre collision,,,,,,,,,,,1,2,2,1.0,6
201200054492,0012-10-03 19:00:00,12,10,3,19,0,750,107,"56, BOULEVARD DES INVALI",,,Nuit avec éclairage allumé,En agglomération,Place,Pluie légère,Deux véhicules - arrière,,,,,,,,,,,5,2,7,2.0,2
201200054493,0012-10-05 22:00:00,12,10,5,22,0,750,107,"36, BOULEVARD DES INVALI",,,Crépuscule ou aube,En agglomération,Hors intersection,Normale,Sans collision,,,,,,,,,,,2,2,1,1.0,7
201200054494,0012-10-06 18:45:00,12,10,6,18,45,750,107,"36, BOULEVARD DES INVALI",,,Nuit avec éclairage allumé,En agglomération,Place,Pluie légère,Deux véhicules - côté,,,,,,,,,,,5,2,7,2.0,3
201200054495,0012-10-06 19:10:00,12,10,6,19,10,750,107,"37, QUAI BRANLY",,,Nuit avec éclairage allumé,En agglomération,Hors intersection,Pluie légère,Deux véhicules - arrière,,,,,,,,,,,5,2,1,2.0,2
201200054496,0012-10-06 20:40:00,12,10,6,20,40,750,107,"13, BOULEVARD RASPAIL",,,Nuit avec éclairage allumé,En agglomération,Hors intersection,Pluie légère,Sans collision,,,,,,,,,,,5,2,1,2.0,7
201200054497,0012-10-06 23:00:00,12,10,6,23,0,750,107,"35, AVENUE BOSQUET",,,Nuit avec éclairage allumé,En agglomération,Intersection à plus de 4 branches,Pluie légère,Autre collision,,,,,,,,,,,5,2,5,2.0,6
201200054498,0012-10-07 21:25:00,12,10,7,21,25,750,107,"71, QUAI BRANLY",,,Nuit avec éclairage allumé,En agglomération,Intersection à plus de 4 branches,Normale,Deux véhicules - côté,,,,,,,,,,,5,2,5,1.0,3
201200054499,0012-10-09 08:10:00,12,10,9,8,10,750,107,"37, AVENUE BOSQUET",,,Plein jour,En agglomération,Intersection à plus de 4 branches,Pluie légère,Sans collision,,,,,,,,,,,1,2,5,2.0,7
201200054500,0012-10-09 15:35:00,12,10,9,15,35,750,107,"67 BIS, QUAI BRANLY",,,Plein jour,En agglomération,Hors intersection,Normale,Deux véhicules - côté,,,,,,,,,,,1,2,1,1.0,3
201200054501,0012-10-10 10:05:00,12,10,10,10,5,750,107,"17, AVENUE DE SEGUR",,,Plein jour,En agglomération,Intersection en Y,Pluie légère,Deux véhicules - côté,,,,,,,,,,,1,2,4,2.0,3
201200054502,0012-10-15 12:45:00,12,10,15,12,45,750,107,AVENUE BOSQUET,,,Plein jour,En agglomération,Intersection en X,Normale,Autre collision,,,,,,,,,,,1,2,2,1.0,6
201200054503,0012-10-16 15:00:00,12,10,16,15,0,750,107,"242, BOULEVARD SAINT GER",,,Plein jour,En agglomération,Intersection en Y,Temps couvert,Deux véhicules - côté,,,,,,,,,,,1,2,4,8.0,3
201200054504,0012-10-16 16:20:00,12,10,16,16,20,750,107,AVENUE DU MARECHAL GALLI,,,Plein jour,En agglomération,Intersection en X,Normale,Deux véhicules - arrière,,,,,,,,,,,1,2,2,1.0,2
201200054505,0012-10-16 17:40:00,12,10,16,17,40,750,107,"28, AVENUE DE TOURVILLE",,,Plein jour,En agglomération,Intersection en Y,Normale,Deux véhicules - frontale,,,,,,,,,,,1,2,4,1.0,1
201200054506,0012-10-17 19:31:00,12,10,17,19,31,750,107,"171, RUE DE L UNIVERSITE",,,Nuit sans éclairage public,En agglomération,Intersection en X,Pluie légère,Autre collision,,,,,,,,,,,3,2,2,2.0,6
201200054507,0012-10-19 16:35:00,12,10,19,16,35,750,107,RUE MAURICE DE LA SIZERA,,,Plein jour,En agglomération,Hors intersection,Pluie légère,Autre collision,,,,,,,,,,,1,2,1,2.0,6
201200054508,0012-10-19 23:00:00,12,10,19,23,0,750,107,AVENUE DU MARECHAL GALLI,,,Nuit avec éclairage allumé,En agglomération,Intersection en X,Pluie légère,Deux véhicules - côté,,,,,,,,,,,5,2,2,2.0,3
201200054509,0012-10-21 02:00:00,12,10,21,2,0,750,107,RUE DE GRENELLE,,,Nuit avec éclairage allumé,En agglomération,Intersection en T,Pluie légère,Autre collision,,,,,,,,,,,5,2,3,2.0,6
201200054510,0012-10-23 09:59:00,12,10,23,9,59,750,107,"16, RUE SURCOUF",,,Plein jour,En agglomération,Intersection en X,Temps couvert,Autre collision,,,,,,,,,,,1,2,2,8.0,6
201200054511,0012-10-23 10:39:00,12,10,23,10,39,750,107,"1, BOULEVARD DE LA TOUR",,,Plein jour,En agglomération,Intersection en X,Normale,Trois véhicules et plus - collisions multiples,,,,,,,,,,,1,2,2,1.0,5
201200054512,0012-10-23 13:00:00,12,10,23,13,0,750,107,"1, AVENUE DU MARECHAL GA",,,Plein jour,En agglomération,Place,Normale,Deux véhicules - côté,,,,,,,,,,,1,2,7,1.0,3
201200054513,0012-10-23 22:05:00,12,10,23,22,5,750,107,QUAI D ORSAY,,,Nuit avec éclairage allumé,En agglomération,Intersection à plus de 4 branches,Normale,Deux véhicules - côté,,,,,,,,,,,5,2,5,1.0,3
201200054514,0012-10-26 16:10:00,12,10,26,16,10,750,107,"89, RUE SAINT DOMINIQUE",,,Plein jour,En agglomération,Intersection en T,Temps couvert,Deux véhicules - arrière,,,,,,,,,,,1,2,3,8.0,2
201200054515,0012-10-26 17:30:00,12,10,26,17,30,750,107,"125, RUE DE GRENELLE",,,Nuit avec éclairage allumé,En agglomération,Place,Pluie légère,Deux véhicules - arrière,,,,,,,,,,,5,2,7,2.0,2
201200054516,0012-10-27 18:30:00,12,10,27,18,30,750,107,"88, RUE DE SEVRES",,,Crépuscule ou aube,En agglomération,Intersection en T,Normale,Deux véhicules - côté,,,,,,,,,,,2,2,3,1.0,3
201200054517,0012-10-28 13:10:00,12,10,28,13,10,750,107,"35, QUAI D ORSAY",,,Plein jour,En agglomération,Hors intersection,Normale,Autre collision,,,,,,,,,,,1,2,1,1.0,6
201200054518,0012-10-30 22:50:00,12,10,30,22,50,750,107,"13, BOULEVARD DES INVALI",,,Nuit avec éclairage allumé,En agglomération,Intersection en X,Normale,Autre collision,,,,,,,,,,,5,2,2,1.0,6
201200054519,0012-11-02 11:20:00,12,11,2,11,20,750,107,"43, RUE DU BAC",,,Plein jour,En agglomération,Hors intersection,Pluie légère,Autre collision,,,,,,,,,,,1,2,1,2.0,6
201200054520,0012-11-04 22:35:00,12,11,4,22,35,750,107,"65, QUAI BRANLY",,,Nuit avec éclairage allumé,En agglomération,Intersection à plus de 4 branches,Normale,Deux véhicules - côté,,,,,,,,,,,5,2,5,1.0,3
201200054521,0012-11-05 14:50:00,12,11,5,14,50,750,107,"0, RUE DUROC",,,Plein jour,En agglomération,Intersection en T,Pluie légère,Autre collision,,,,,,,,,,,1,2,3,2.0,6
201200054522,0012-11-06 18:15:00,12,11,6,18,15,750,107,"72, RUE DE SEVRES",,,Nuit avec éclairage allumé,En agglomération,Hors intersection,Temps couvert,Deux véhicules - côté,,,,,,,,,,,5,2,1,8.0,3
201200054523,0012-11-07 15:30:00,12,11,7,15,30,750,107,"64, RUE DE SEVRES",,,Plein jour,En agglomération,Intersection en T,Normale,Autre collision,,,,,,,,,,,1,2,3,1.0,6
201200054524,0012-11-07 20:30:00,12,11,7,20,30,750,107,"37, AVENUE BOSQUET",,,Nuit avec éclairage allumé,En agglomération,Intersection à plus de 4 branches,Normale,Autre collision,,,,,,,,,,,5,2,5,1.0,6
201200054525,0012-11-09 11:05:00,12,11,9,11,5,750,107,"41, QUAI D ORSAY",,,Plein jour,En agglomération,Intersection à plus de 4 branches,Normale,Deux véhicules - côté,,,,,,,,,,,1,2,5,1.0,3
201200054526,0012-11-09 23:15:00,12,11,9,23,15,750,107,VOIE EXPRESS RIVE GAUCHE,,,Nuit avec éclairage allumé,En agglomération,Hors intersection,Pluie légère,Autre collision,,,,,,,,,,,5,2,1,2.0,6
201200054527,0012-11-10 01:20:00,12,11,10,1,20,750,107,PLACE DE LA RESISTANCE,,,Nuit avec éclairage allumé,En agglomération,Place,Pluie légère,Deux véhicules - arrière,,,,,,,,,,,5,2,7,2.0,2
201200054528,0012-11-12 16:00:00,12,11,12,16,0,750,107,"1, PLACE DE LA RESISTANC",,,Plein jour,En agglomération,Place,Normale,Deux véhicules - arrière,,,,,,,,,,,1,2,7,1.0,2
201200054529,0012-11-14 15:15:00,12,11,14,15,15,750,107,"11bis, BOULEVARD RASPAIL",,,Plein jour,En agglomération,Intersection à plus de 4 branches,Temps couvert,Autre collision,,,,,,,,,,,1,2,5,8.0,6
201200054530,0012-11-16 16:50:00,12,11,16,16,50,750,107,"62, RUE DE BABYLONE",,,Crépuscule ou aube,En agglomération,Intersection en T,Normale,Deux véhicules - côté,,,,,,,,,,,2,2,3,1.0,3
201200054531,0012-11-18 15:55:00,12,11,18,15,55,750,107,RUE DE BABYLONE,,,Plein jour,En agglomération,Intersection en X,Temps couvert,Autre collision,,,,,,,,,,,1,2,2,8.0,6
201200054532,0012-11-21 09:50:00,12,11,21,9,50,750,107,"1, PLACE LE CORBUSIER",,,Plein jour,En agglomération,Place,Pluie légère,Deux véhicules - côté,,,,,,,,,,,1,2,7,2.0,3
201200054533,0012-11-22 10:25:00,12,11,22,10,25,750,107,"48, RUE DES SAINTS PERES",,,Plein jour,En agglomération,Intersection en X,Temps couvert,Sans collision,,,,,,,,,,,1,2,2,8.0,7
201200054534,0012-11-23 12:50:00,12,11,23,12,50,750,107,AVENUE DE SAXE,,,Plein jour,En agglomération,Intersection à plus de 4 branches,Pluie légère,Sans collision,,,,,,,,,,,1,2,5,2.0,7
201200054535,0012-11-23 23:15:00,12,11,23,23,15,750,107,"73, QUAI BRANLY",,,Nuit avec éclairage allumé,En agglomération,Intersection en X,Pluie légère,Deux véhicules - arrière,,,,,,,,,,,5,2,2,2.0,2
201200054536,0012-11-26 13:15:00,12,11,26,13,15,750,107,"39, AVENUE DE SEGUR",,,Plein jour,En agglomération,Intersection en T,Normale,Sans collision,,,,,,,,,,,1,2,3,1.0,7
201200054537,0012-11-27 13:05:00,12,11,27,13,5,750,107,AVENUE DE LOWENDAL,,,Plein jour,En agglomération,Place,Pluie légère,Autre collision,,,,,,,,,,,1,2,7,2.0,6
201200054538,0012-11-27 13:25:00,12,11,27,13,25,750,107,"40, AVENUE RAPP",,,Plein jour,En agglomération,Intersection en T,Pluie légère,Sans collision,,,,,,,,,,,1,2,3,2.0,7
201200054539,0012-11-27 13:35:00,12,11,27,13,35,750,107,PLACE VAUBAN,,,Plein jour,En agglomération,Place,Pluie légère,Trois véhicules et plus - collisions multiples,,,,,,,,,,,1,2,7,2.0,5
201200054540,0012-11-30 07:55:00,12,11,30,7,55,750,107,QUAI ANATOLE FRANCE,,,Crépuscule ou aube,En agglomération,Intersection en Y,Normale,Deux véhicules - côté,,,,,,,,,,,2,2,4,1.0,3
201200054541,0012-12-02 18:10:00,12,12,2,18,10,750,107,"1, QUAI D ORSAY",,,Nuit avec éclairage allumé,En agglomération,Intersection à plus de 4 branches,Normale,Autre collision,,,,,,,,,,,5,2,5,1.0,6
201200054542,0012-12-03 20:00:00,12,12,3,20,0,750,107,PONT ROYAL,,,Nuit avec éclairage allumé,En agglomération,Hors intersection,Normale,Deux véhicules - arrière,,,,,,,,,,,5,2,1,1.0,2
201200054543,0012-12-04 15:10:00,12,12,4,15,10,750,107,"29, RUE DE CONSTANTINE",,,Plein jour,En agglomération,Intersection en T,Normale,Deux véhicules - côté,,,,,,,,,,,1,2,3,1.0,3
201200054544,0012-12-06 10:00:00,12,12,6,10,0,750,107,"35, AVENUE DE LA MOTTE P",,,Plein jour,En agglomération,Hors intersection,Normale,Sans collision,,,,,,,,,,,1,2,1,1.0,7
201200054545,0012-12-12 07:55:00,12,12,12,7,55,750,107,"35, QUAI D ORSAY",,,Crépuscule ou aube,En agglomération,Hors intersection,Normale,Deux véhicules - côté,,,,,,,,,,,2,2,1,1.0,3
201200054546,0012-12-12 19:45:00,12,12,12,19,45,750,107,"21, PLACE JOFFRE",,,Nuit avec éclairage allumé,En agglomération,Intersection en T,Normale,Deux véhicules - côté,,,,,,,,,,,5,2,3,1.0,3
201200054547,0012-12-14 08:30:00,12,12,14,8,30,750,107,"43, AVENUE DE LA MOTTE P",,,Nuit avec éclairage allumé,En agglomération,Place,Temps couvert,Autre collision,,,,,,,,,,,5,2,7,8.0,6
201200054548,0012-12-19 14:30:00,12,12,19,14,30,750,107,RUE EBLE,,,Plein jour,En agglomération,Intersection en X,Temps couvert,Autre collision,,,,,,,,,,,1,2,2,8.0,6
201200054549,0012-12-20 16:35:00,12,12,20,16,35,750,107,"49, BOULEVARD DE LA TOUR",,,Plein jour,En agglomération,Intersection en X,Temps couvert,Autre collision,,,,,,,,,,,1,2,2,8.0,6
201200054550,0012-12-20 22:50:00,12,12,20,22,50,750,107,RUE DE SEVRES,,,Nuit avec éclairage allumé,En agglomération,Intersection en X,Normale,Deux véhicules - côté,,,,,,,,,,,5,2,2,1.0,3
201200054551,0012-12-21 23:30:00,12,12,21,23,30,750,107,"18, BOULEVARD RASPAIL",,,Nuit avec éclairage allumé,En agglomération,Intersection à plus de 4 branches,Normale,Autre collision,,,,,,,,,,,5,2,5,1.0,6
201200054552,0012-12-24 13:00:00,12,12,24,13,0,750,107,"43, AVENUE DE SAXE",,,Plein jour,En agglomération,Hors intersection,Normale,Autre collision,,,,,,,,,,,1,2,1,1.0,6
201200054553,0012-12-26 17:20:00,12,12,26,17,20,750,107,"288, BOULEVARD SAINT GER",,,Crépuscule ou aube,En agglomération,Intersection en X,Normale,Autre collision,,,,,,,,,,,2,2,2,1.0,6
201200054554,0012-01-01 05:15:00,12,1,1,5,15,750,108,AVENUE FRANKLIN D ROOSEV,,,Nuit avec éclairage allumé,En agglomération,Place,Normale,Autre collision,,,,,,,,,,,5,2,7,1.0,6
201200054555,0012-01-02 08:55:00,12,1,2,8,55,750,108,"23, AVENUE HOCHE",,,Plein jour,En agglomération,Hors intersection,Normale,Autre collision,,,,,,,,,,,1,2,1,1.0,6
201200054556,0012-01-04 09:05:00,12,1,4,9,5,750,108,"63, AVENUE HOCHE",,,Plein jour,En agglomération,Intersection en X,Normale,Autre collision,,,,,,,,,,,1,2,2,1.0,6
201200054557,0012-01-04 10:50:00,12,1,4,10,50,750,108,"95, BOULEVARD HAUSSMANN",,,Plein jour,En agglomération,Intersection en X,Normale,Autre collision,,,,,,,,,,,1,2,2,1.0,6
201200054558,0012-01-04 20:20:00,12,1,4,20,20,750,108,PLACE DE LA CONCORDE,,,Nuit avec éclairage allumé,En agglomération,Place,Normale,Deux véhicules - côté,,,,,,,,,,,5,2,7,1.0,3
201200054559,0012-01-06 15:30:00,12,1,6,15,30,750,108,AVENUE DES CHAMPS ELYSEE,,,Plein jour,En agglomération,Place,Normale,Deux véhicules - arrière,,,,,,,,,,,1,2,7,1.0,2
201200054560,0012-01-09 08:20:00,12,1,9,8,20,750,108,"37, AVENUE DE FRIEDLAND",,,Crépuscule ou aube,En agglomération,Intersection en Y,Pluie légère,Sans collision,,,,,,,,,,,2,2,4,2.0,7
201200054561,0012-01-12 15:15:00,12,1,12,15,15,750,108,COURS ALBERT 1ER,,,Plein jour,En agglomération,Hors intersection,Normale,Sans collision,,,,,,,,,,,1,2,1,1.0,7
201200054562,0012-01-12 18:30:00,12,1,12,18,30,750,108,"1, RUE DE LA PEPINIERE",,,Nuit avec éclairage allumé,En agglomération,Intersection en X,Normale,Autre collision,,,,,,,,,,,5,2,2,1.0,6
201200054563,0012-01-13 02:15:00,12,1,13,2,15,750,108,"62, AVENUE DES CHAMPS EL",,,Nuit avec éclairage allumé,En agglomération,Intersection en X,Normale,Deux véhicules - frontale,,,,,,,,,,,5,2,2,1.0,1
201200054564,0012-01-13 09:00:00,12,1,13,9,0,750,108,PLACE DE LA CONCORDE,,,Plein jour,En agglomération,Hors intersection,Normale,Deux véhicules - arrière,,,,,,,,,,,1,2,1,1.0,2
201200054565,0012-01-13 15:30:00,12,1,13,15,30,750,108,"24, AVENUE GEORGE V",,,Plein jour,En agglomération,Intersection en Y,Normale,Autre collision,,,,,,,,,,,1,2,4,1.0,6
201200054566,0012-01-13 21:00:00,12,1,13,21,0,750,108,"23, RUE CAMBACERES",,,Nuit avec éclairage allumé,En agglomération,Intersection en X,Normale,Deux véhicules - côté,,,,,,,,,,,5,2,2,1.0,3
201200054567,0012-01-14 17:00:00,12,1,14,17,0,750,108,"39, AVENUE DES CHAMPS EL",,,Plein jour,En agglomération,Hors intersection,Normale,Sans collision,,,,,,,,,,,1,2,1,1.0,7
201200054568,0012-01-15 04:55:00,12,1,15,4,55,750,108,"128, RUE LA BOETIE",,,Nuit avec éclairage allumé,En agglomération,Hors intersection,Normale,Autre collision,,,,,,,,,,,5,2,1,1.0,6
201200054569,0012-01-15 13:00:00,12,1,15,13,0,750,108,PONT DE LA CONCORDE,,,Plein jour,En agglomération,Intersection en X,Normale,Deux véhicules - arrière,,,,,,,,,,,1,2,2,1.0,2
201200054570,0012-01-15 18:45:00,12,1,15,18,45,750,108,PLACE DE LA CONCORDE,,,Nuit avec éclairage allumé,En agglomération,Place,Normale,Autre collision,,,,,,,,,,,5,2,7,1.0,6
201200054571,0012-01-15 19:00:00,12,1,15,19,0,750,108,PLACE DE LA CONCORDE,,,Nuit avec éclairage allumé,En agglomération,Intersection en X,Normale,Deux véhicules - arrière,,,,,,,,,,,5,2,2,1.0,2
201200054572,0012-01-16 23:29:00,12,1,16,23,29,750,108,"27, AVENUE DE MARIGNY",,,Nuit avec éclairage allumé,En agglomération,Place,Normale,Deux véhicules - côté,,,,,,,,,,,5,2,7,1.0,3
201200054573,0012-01-17 13:10:00,12,1,17,13,10,750,117,BOULEVARD DE COURCELLES,,,Plein jour,En agglomération,Intersection en X,Normale,Deux véhicules - frontale,,,,,,,,,,,1,2,2,1.0,1
201200054574,0012-01-17 13:20:00,12,1,17,13,20,750,108,AVENUE MATIGNON,,,Plein jour,En agglomération,Hors intersection,Normale,Deux véhicules - arrière,,,,,,,,,,,1,2,1,1.0,2
201200054575,0012-01-18 10:50:00,12,1,18,10,50,750,108,PLACE DE LA CONCORDE,,,Plein jour,En agglomération,Hors intersection,Normale,Deux véhicules - arrière,,,,,,,,,,,1,2,1,1.0,2
201200054576,0012-01-18 14:15:00,12,1,18,14,15,750,108,"126, RUE LA BOETIE",,,Plein jour,En agglomération,Hors intersection,Normale,Autre collision,,,,,,,,,,,1,2,1,1.0,6
201200054577,0012-01-19 19:30:00,12,1,19,19,30,750,108,"122, BOULEVARD HAUSSMANN",,,Nuit avec éclairage allumé,En agglomération,Hors intersection,Pluie légère,Deux véhicules - côté,,,,,,,,,,,5,2,1,2.0,3
201200054578,0012-01-20 07:35:00,12,1,20,7,35,750,108,"1, RUE DE PONTHIEU",,,Nuit avec éclairage allumé,En agglomération,Intersection en X,Normale,Autre collision,,,,,,,,,,,5,2,2,1.0,6
201200054579,0012-01-20 12:30:00,12,1,20,12,30,750,108,"42, RUE DE ROME",,,Plein jour,En agglomération,Intersection en X,Normale,Autre collision,,,,,,,,,,,1,2,2,1.0,6
201200054580,0012-01-21 01:10:00,12,1,21,1,10,750,108,"70, AVENUE DES CHAMPS EL",,,Nuit avec éclairage allumé,En agglomération,Hors intersection,Normale,Deux véhicules - côté,,,,,,,,,,,5,2,1,1.0,3
201200054581,0012-01-24 17:20:00,12,1,24,17,20,750,108,"118, RUE LA BOETIE",,,Crépuscule ou aube,En agglomération,Hors intersection,Pluie légère,Autre collision,,,,,,,,,,,2,2,1,2.0,6
201200054582,0012-01-25 00:45:00,12,1,25,0,45,750,108,"63, AVENUE HOCHE",,,Nuit avec éclairage allumé,En agglomération,Place,Pluie légère,Deux véhicules - côté,,,,,,,,,,,5,2,7,2.0,3
201200054583,0012-01-25 09:15:00,12,1,25,9,15,750,108,"93, AVENUE DES CHAMPS EL",,,Plein jour,En agglomération,Hors intersection,Pluie légère,Sans collision,,,,,,,,,,,1,2,1,2.0,7
201200054584,0012-01-25 16:30:00,12,1,25,16,30,750,108,"38, AVENUE PIERRE 1ER DE",,,Plein jour,En agglomération,Hors intersection,Temps couvert,Deux véhicules - côté,,,,,,,,,,,1,2,1,8.0,3
201200054585,0012-01-25 21:50:00,12,1,25,21,50,750,108,"27, RUE ROYALE",,,Nuit avec éclairage allumé,En agglomération,Place,Normale,Autre collision,,,,,,,,,,,5,2,7,1.0,6
201200054586,0012-01-26 17:40:00,12,1,26,17,40,750,108,AVENUE DE MARIGNY,,,Nuit avec éclairage allumé,En agglomération,Hors intersection,Normale,Deux véhicules - arrière,,,,,,,,,,,5,2,1,1.0,2
201200054587,0012-01-26 13:20:00,12,1,26,13,20,750,108,PONT ALEXANDRE III,,,Plein jour,En agglomération,Intersection à plus de 4 branches,Pluie forte,Deux véhicules - côté,,,,,,,,,,,1,2,5,3.0,3
201200054588,0012-01-27 19:50:00,12,1,27,19,50,750,108,"9, RUE ROQUEPINE",,,Nuit avec éclairage allumé,En agglomération,Hors intersection,Normale,Deux véhicules - arrière,,,,,,,,,,,5,2,1,1.0,2
201200054589,0012-01-28 04:33:00,12,1,28,4,33,750,108,"48, AVENUE DE WAGRAM",,,Nuit avec éclairage allumé,En agglomération,Place,Pluie légère,Autre collision,,,,,,,,,,,5,2,7,2.0,6
201200054590,0012-01-29 12:30:00,12,1,29,12,30,750,108,PLACE DE LA CONCORDE,,,Plein jour,En agglomération,Place,Normale,Trois véhicules et plus - collisions multiples,,,,,,,,,,,1,2,7,1.0,5
201200054591,0012-01-29 14:50:00,12,1,29,14,50,750,108,"43 bis, BOULEVARD DES BA",,,Plein jour,En agglomération,Intersection en X,Normale,Autre collision,,,,,,,,,,,1,2,2,1.0,6
201200054592,0012-01-30 11:30:00,12,1,30,11,30,750,108,PLACE DE LA CONCORDE,,,Plein jour,En agglomération,Place,Normale,Deux véhicules - côté,,,,,,,,,,,1,2,7,1.0,3
201200054593,0012-01-31 14:40:00,12,1,31,14,40,750,108,PLACE DE LA CONCORDE,,,Plein jour,En agglomération,Place,Normale,Deux véhicules - côté,,,,,,,,,,,1,2,7,1.0,3
201200054594,0012-02-01 01:00:00,12,2,1,1,0,750,108,"42, AVENUE GEORGE V",,,Nuit avec éclairage allumé,En agglomération,Place,Normale,Autre collision,,,,,,,,,,,5,2,7,1.0,6
201200054595,0012-02-01 16:44:00,12,2,1,16,44,750,108,"128, BOULEVARD HAUSSMANN",,,Plein jour,En agglomération,Hors intersection,Normale,Deux véhicules - arrière,,,,,,,,,,,1,2,1,1.0,2
201200054596,0012-02-01 20:15:00,12,2,1,20,15,750,108,"24, COURS ALBERT 1ER",,,Nuit avec éclairage allumé,En agglomération,Hors intersection,Neige / grêle,Sans collision,,,,,,,,,,,5,2,1,4.0,7
201200054597,0012-02-01 23:00:00,12,2,1,23,0,750,108,AVENUE GEORGE V,,,Nuit avec éclairage allumé,En agglomération,Place,Normale,Deux véhicules - côté,,,,,,,,,,,5,2,7,1.0,3
201200054598,0012-02-07 08:55:00,12,2,7,8,55,750,108,"29, RUE DU ROCHER",,,Plein jour,En agglomération,Intersection à plus de 4 branches,Normale,Autre collision,,,,,,,,,,,1,2,5,1.0,6
201200054599,0012-02-08 00:05:00,12,2,8,0,5,750,108,RUE DE COURCELLES,,,Nuit avec éclairage allumé,En agglomération,Intersection à plus de 4 branches,Neige / grêle,Autre collision,,,,,,,,,,,5,2,5,4.0,6
201200054600,0012-02-09 23:40:00,12,2,9,23,40,750,108,"32, RUE PASQUIER",,,Nuit avec éclairage allumé,En agglomération,Intersection en X,Normale,Autre collision,,,,,,,,,,,5,2,2,1.0,6
201200054601,0012-02-10 10:55:00,12,2,10,10,55,750,108,"94, AVENUE DES CHAMPS EL",,,Plein jour,En agglomération,Intersection en X,Normale,Deux véhicules - arrière,,,,,,,,,,,1,2,2,1.0,2
201200054602,0012-02-10 11:58:00,12,2,10,11,58,750,108,"69, RUE D AMSTERDAM",,,Plein jour,En agglomération,Hors intersection,Normale,Autre collision,,,,,,,,,,,1,2,1,1.0,6
201200054603,0012-02-11 00:10:00,12,2,11,0,10,750,108,AVENUE DE MARIGNY,,,Nuit avec éclairage allumé,En agglomération,Intersection en X,Normale,Deux véhicules - frontale,,,,,,,,,,,5,2,2,1.0,1
201200054604,0012-02-13 17:40:00,12,2,13,17,40,750,108,"29, RUE DE BERRI",,,Nuit avec éclairage allumé,En agglomération,Hors intersection,Pluie légère,Autre collision,,,,,,,,,,,5,2,1,2.0,6
201200054605,0012-02-13 18:30:00,12,2,13,18,30,750,108,"FF11615, PLACE CHARLES D",,,Nuit avec éclairage allumé,En agglomération,Place,Normale,Deux véhicules - arrière,,,,,,,,,,,5,2,7,1.0,2