accident_id,datetime,annee,mois,jour,heure,minute,departement,commune_insee,adresse,latitude,longitude,luminosite,agglomeration,intersection,meteo,collision,nb_vehicules,nb_usagers,nb_indemnes,nb_tues,nb_blesses_hosp,nb_blesses_legers,age_cond_1,age_cond_2,veh_type_cond_1,veh_type_cond_2,lum_code,agg_code,int_code,atm_code,col_code
201200054606,0012-02-14 19:30:00,12,2,14,19,30,750,108,"11, PLACE DE NARVIK",,,Nuit avec éclairage allumé,En agglomération,Place,Pluie légère,Autre collision,,,,,,,,,,,5,2,7,2.0,6
201200054607,0012-02-15 09:00:00,12,2,15,9,0,750,108,"67, BOULEVARD MALESHERBE",,,Plein jour,En agglomération,Intersection en X,Pluie légère,Deux véhicules - côté,,,,,,,,,,,1,2,2,2.0,3
201200054608,0012-02-15 10:30:00,12,2,15,10,30,750,108,"96, BOULEVARD HAUSSMANN",,,Plein jour,En agglomération,Intersection en X,Normale,Autre collision,,,,,,,,,,,1,2,2,1.0,6
201200054609,0012-02-16 14:35:00,12,2,16,14,35,750,117,"75, AVENUE NIEL",,,Plein jour,En agglomération,Hors intersection,Normale,Autre collision,,,,,,,,,,,1,2,1,1.0,6
201200054610,0012-02-17 12:00:00,12,2,17,12,0,750,108,"131, AVENUE DES CHAMPS E",,,Plein jour,En agglomération,Hors intersection,Normale,Sans collision,,,,,,,,,,,1,2,1,1.0,7
201200054611,0012-02-17 19:10:00,12,2,17,19,10,750,108,AVENUE DE MARIGNY,,,Nuit avec éclairage allumé,En agglomération,Intersection à plus de 4 branches,Pluie légère,Autre collision,,,,,,,,,,,5,2,5,2.0,6
201200054612,0012-02-18 01:15:00,12,2,18,1,15,750,108,"37, RUE TRONCHET",,,Nuit avec éclairage allumé,En agglomération,Intersection à plus de 4 branches,Pluie légère,Autre collision,,,,,,,,,,,5,2,5,2.0,6
201200054613,0012-02-22 08:30:00,12,2,22,8,30,750,108,"4, AVENUE DE WAGRAM",,,Plein jour,En agglomération,Place,Normale,Deux véhicules - côté,,,,,,,,,,,1,2,7,1.0,3
201200054614,0012-02-22 09:50:00,12,2,22,9,50,750,108,AVENUE DES CHAMPS ELYSEE,,,Plein jour,En agglomération,Place,Normale,Deux véhicules - arrière,,,,,,,,,,,1,2,7,1.0,2
201200054615,0012-02-22 21:35:00,12,2,22,21,35,750,108,"12, RUE DE LA TREMOILLE",,,Nuit avec éclairage allumé,En agglomération,Intersection en X,Normale,Deux véhicules - côté,,,,,,,,,,,5,2,2,1.0,3
201200054616,0012-02-23 20:00:00,12,2,23,20,0,750,108,AVENUE DES CHAMPS ELYSEE,,,Nuit avec éclairage allumé,En agglomération,Intersection en X,Normale,Sans collision,,,,,,,,,,,5,2,2,1.0,7
201200054617,0012-02-24 16:45:00,12,2,24,16,45,750,108,RUE DE L ARCADE,,,Plein jour,En agglomération,Intersection en X,Normale,Autre collision,,,,,,,,,,,1,2,2,1.0,6
201200054618,0012-02-26 04:45:00,12,2,26,4,45,750,108,"32, AVENUE DES CHAMPS EL",,,Nuit avec éclairage allumé,En agglomération,Hors intersection,Normale,Deux véhicules - côté,,,,,,,,,,,5,2,1,1.0,3
201200054619,0012-02-27 13:00:00,12,2,27,13,0,750,108,"46, RUE DU FAUBOURG SAIN",,,Plein jour,En agglomération,Intersection en T,Normale,Deux véhicules - côté,,,,,,,,,,,1,2,3,1.0,3
201200054620,0012-02-27 16:15:00,12,2,27,16,15,750,108,PLACE DE CLICHY,,,Plein jour,En agglomération,Place,Normale,Autre collision,,,,,,,,,,,1,2,7,1.0,6
201200054621,0012-02-28 14:55:00,12,2,28,14,55,750,108,"93, BOULEVARD HAUSSMANN",,,Plein jour,En agglomération,Intersection en X,Normale,Autre collision,,,,,,,,,,,1,2,2,1.0,6
201200054622,0012-02-29 13:10:00,12,2,29,13,10,750,108,"5, RUE ROYALE",,,Plein jour,En agglomération,Hors intersection,Normale,Deux véhicules - côté,,,,,,,,,,,1,2,1,1.0,3
201200054623,0012-02-29 14:45:00,12,2,29,14,45,750,108,"29, AVENUE DE FRIEDLAND",,,Plein jour,En agglomération,Intersection en X,Normale,Autre collision,,,,,,,,,,,1,2,2,1.0,6
201200054624,0012-03-02 16:10:00,12,3,2,16,10,750,108,"3, AVENUE DE FRIEDLAND",,,Plein jour,En agglomération,Hors intersection,Temps couvert,Autre collision,,,,,,,,,,,1,2,1,8.0,6
201200054625,0012-03-04 17:15:00,12,3,4,17,15,750,108,COURS LA REINE,,,Plein jour,En agglomération,Hors intersection,Pluie légère,Sans collision,,,,,,,,,,,1,2,1,2.0,7
201200054626,0012-03-07 11:05:00,12,3,7,11,5,750,108,"29, BOULEVARD MALESHERBE",,,Plein jour,En agglomération,Hors intersection,Normale,Autre collision,,,,,,,,,,,1,2,1,1.0,6
201200054627,0012-03-07 14:30:00,12,3,7,14,30,750,108,"55, BOULEVARD MALESHERBE",,,Plein jour,En agglomération,Intersection en X,Pluie légère,Sans collision,,,,,,,,,,,1,2,2,2.0,7
201200054628,0012-03-07 18:20:00,12,3,7,18,20,750,108,"51, AVENUE HOCHE",,,Nuit avec éclairage allumé,En agglomération,Hors intersection,Pluie légère,Deux véhicules - côté,,,,,,,,,,,5,2,1,2.0,3
201200054629,0012-03-08 08:15:00,12,3,8,8,15,750,108,"07, RUE SAINT FLORENTIN",,,Plein jour,En agglomération,Hors intersection,Normale,Deux véhicules - côté,,,,,,,,,,,1,2,1,1.0,3
201200054630,0012-03-08 08:44:00,12,3,8,8,44,750,108,"6, ROND POINT CHAMPS ELY",,,Plein jour,En agglomération,Intersection à plus de 4 branches,Normale,Deux véhicules - frontale,,,,,,,,,,,1,2,5,1.0,1
201200054631,0012-03-09 01:10:00,12,3,9,1,10,750,108,"56, RUE DE ROME",,,Nuit avec éclairage allumé,En agglomération,Intersection à plus de 4 branches,Normale,Deux véhicules - frontale,,,,,,,,,,,5,2,5,1.0,1
201200054632,0012-03-09 09:30:00,12,3,9,9,30,750,108,"01, AVENUE MATIGNON",,,Plein jour,En agglomération,Place,Normale,Deux véhicules - côté,,,,,,,,,,,1,2,7,1.0,3
201200054633,0012-03-11 19:10:00,12,3,11,19,10,750,108,VOIE GEORGES POMPIDOU,,,Nuit avec éclairage allumé,En agglomération,Hors intersection,Normale,Deux véhicules - arrière,,,,,,,,,,,5,2,1,1.0,2
201200054634,0012-03-12 18:30:00,12,3,12,18,30,750,108,"56, RUE DE MIROMESNIL",,,Crépuscule ou aube,En agglomération,Intersection à plus de 4 branches,Normale,Autre collision,,,,,,,,,,,2,2,5,1.0,6
201200054635,0012-03-12 19:30:00,12,3,12,19,30,750,108,"73, RUE DE ROME",,,Nuit avec éclairage allumé,En agglomération,Hors intersection,Normale,Deux véhicules - arrière,,,,,,,,,,,5,2,1,1.0,2
201200054636,0012-03-13 07:50:00,12,3,13,7,50,750,108,"73, AVENUE FRANKLIN D RO",,,Plein jour,En agglomération,Intersection en T,Normale,Autre collision,,,,,,,,,,,1,2,3,1.0,6
201200054637,0012-03-13 14:40:00,12,3,13,14,40,750,108,AVENUE WINSTON CHURCHILL,,,Plein jour,En agglomération,Place,Normale,Deux véhicules - côté,,,,,,,,,,,1,2,7,1.0,3
201200054638,0012-03-13 17:00:00,12,3,13,17,0,750,108,"22, RUE DU FAUBOURG SAIN",,,Plein jour,En agglomération,Intersection en X,Normale,Autre collision,,,,,,,,,,,1,2,2,1.0,6
201200054639,0012-03-14 10:00:00,12,3,14,10,0,750,108,AVENUE DE FRIEDLAND,,,Plein jour,En agglomération,Place,Normale,Deux véhicules - arrière,,,,,,,,,,,1,2,7,1.0,2
201200054640,0012-03-14 19:30:00,12,3,14,19,30,750,108,"30, AVENUE FRANKLIN D RO",,,Nuit avec éclairage allumé,En agglomération,Intersection en X,Normale,Autre collision,,,,,,,,,,,5,2,2,1.0,6
201200054641,0012-03-15 10:00:00,12,3,15,10,0,750,108,BOULEVARD DE COURCELLES,,,Plein jour,En agglomération,Hors intersection,Normale,Deux véhicules - côté,,,,,,,,,,,1,2,1,1.0,3
201200054642,0012-03-18 14:40:00,12,3,18,14,40,750,108,AVENUE DE MARIGNY,,,Plein jour,En agglomération,Intersection en X,Pluie légère,Sans collision,,,,,,,,,,,1,2,2,2.0,7
201200054643,0012-03-18 18:00:00,12,3,18,18,0,750,108,"57, BOULEVARD DES BATIGN",,,Plein jour,En agglomération,Hors intersection,Normale,Sans collision,,,,,,,,,,,1,2,1,1.0,7
201200054644,0012-03-19 09:30:00,12,3,19,9,30,750,108,"32, RUE DES MATHURINS",,,Plein jour,En agglomération,Intersection en X,Normale,Deux véhicules - côté,,,,,,,,,,,1,2,2,1.0,3
201200054645,0012-03-19 11:00:00,12,3,19,11,0,750,108,"6, RUE DES SAUSSAIES",,,Plein jour,En agglomération,Hors intersection,Normale,Deux véhicules - arrière,,,,,,,,,,,1,2,1,1.0,2
201200054646,0012-03-20 10:00:00,12,3,20,10,0,750,117,"16, AVENUE DE LA GRANDE",,,Plein jour,En agglomération,Intersection en Y,Normale,Deux véhicules - côté,,,,,,,,,,,1,2,4,1.0,3
201200054647,0012-03-20 12:15:00,12,3,20,12,15,750,108,PLACE GABRIEL PERI,,,Plein jour,En agglomération,Place,Normale,Deux véhicules - arrière,,,,,,,,,,,1,2,7,1.0,2
201200054648,0012-03-24 06:20:00,12,3,24,6,20,750,108,"21 bis, RUE LORD BYRON",,,Crépuscule ou aube,En agglomération,Intersection en X,Normale,Autre collision,,,,,,,,,,,2,2,2,1.0,6
201200054649,0012-03-25 18:35:00,12,3,25,18,35,750,108,"4, PLACE DE LA CONCORDE",,,Plein jour,En agglomération,Place,Normale,Sans collision,,,,,,,,,,,1,2,7,1.0,7
201200054650,0012-03-25 05:31:00,12,3,25,5,31,750,108,"44, AVENUE DES CHAMPS EL",,,Nuit avec éclairage allumé,En agglomération,Hors intersection,Normale,Deux véhicules - côté,,,,,,,,,,,5,2,1,1.0,3
201200054651,0012-03-25 23:15:00,12,3,25,23,15,750,108,"118, AVENUE DES CHAMPS E",,,Nuit avec éclairage allumé,En agglomération,Intersection en T,Normale,Autre collision,,,,,,,,,,,5,2,3,1.0,6
201200054652,0012-03-27 18:00:00,12,3,27,18,0,750,108,"1, AVENUE DE FRIEDLAND",,,Plein jour,En agglomération,Intersection en X,Normale,Deux véhicules - côté,,,,,,,,,,,1,2,2,1.0,3
201200054653,0012-03-28 10:45:00,12,3,28,10,45,750,108,PLACE DE LA CONCORDE,,,Plein jour,En agglomération,Place,Normale,Deux véhicules - côté,,,,,,,,,,,1,2,7,1.0,3
201200054654,0012-03-28 12:45:00,12,3,28,12,45,750,108,"54, RUE DE COURCELLES",,,Plein jour,En agglomération,Hors intersection,Normale,Trois véhicules et plus - en chaîne,,,,,,,,,,,1,2,1,1.0,4
201200054655,0012-03-29 04:21:00,12,3,29,4,21,750,108,"30, AVENUE PIERRE 1ER DE",,,Nuit avec éclairage allumé,En agglomération,Intersection en X,Normale,Autre collision,,,,,,,,,,,5,2,2,1.0,6
201200054656,0012-03-29 12:20:00,12,3,29,12,20,750,108,"36, AVENUE GEORGE V",,,Plein jour,En agglomération,Hors intersection,Normale,Deux véhicules - frontale,,,,,,,,,,,1,2,1,1.0,1
201200054657,0012-04-04 10:05:00,12,4,4,10,5,750,108,"06, PLACE DE LA MADELEIN",,,Plein jour,En agglomération,Place,Normale,Deux véhicules - côté,,,,,,,,,,,1,2,7,1.0,3
201200054658,0012-04-04 10:10:00,12,4,4,10,10,750,108,"5, AVENUE MONTAIGNE",,,Plein jour,En agglomération,Intersection en T,Normale,Autre collision,,,,,,,,,,,1,2,3,1.0,6
201200054659,0012-04-04 09:30:00,12,4,4,9,30,750,108,"45, RUE DE LISBONNE",,,Plein jour,En agglomération,Hors intersection,Normale,Deux véhicules - côté,,,,,,,,,,,1,2,1,1.0,3
201200054660,0012-04-05 18:00:00,12,4,5,18,0,750,108,"02, RUE ROYALE",,,Plein jour,En agglomération,Place,Normale,Autre collision,,,,,,,,,,,1,2,7,1.0,6
201200054661,0012-04-06 04:00:00,12,4,6,4,0,750,108,VOIE GEORGES POMPIDOU,,,Nuit avec éclairage allumé,En agglomération,Hors intersection,Normale,Autre collision,,,,,,,,,,,5,2,1,1.0,6
201200054662,0012-04-08 10:00:00,12,4,8,10,0,750,108,AVENUE DES CHAMPS ELYSEE,,,Plein jour,En agglomération,Intersection en T,Normale,Deux véhicules - côté,,,,,,,,,,,1,2,3,1.0,3
201200054663,0012-04-12 08:30:00,12,4,12,8,30,750,116,VOIE GEORGES POMPIDOU,,,Plein jour,En agglomération,Hors intersection,Normale,Autre collision,,,,,,,,,,,1,2,1,1.0,6
201200054664,0012-04-12 10:10:00,12,4,12,10,10,750,108,"07, PLACE DE L ALMA",,,Plein jour,En agglomération,Place,Normale,Deux véhicules - côté,,,,,,,,,,,1,2,7,1.0,3
201200054665,0012-04-15 22:15:00,12,4,15,22,15,750,108,ROND POINT CHAMPS ELYSEE,,,Nuit avec éclairage allumé,En agglomération,Place,Normale,Deux véhicules - côté,,,,,,,,,,,5,2,7,1.0,3
201200054666,0012-04-16 08:10:00,12,4,16,8,10,750,108,PLACE DE LA MADELEINE,,,Plein jour,En agglomération,Place,Normale,Deux véhicules - côté,,,,,,,,,,,1,2,7,1.0,3
201200054667,0012-04-17 05:26:00,12,4,17,5,26,750,108,"132, BOULEVARD HAUSSMANN",,,Nuit avec éclairage allumé,En agglomération,Hors intersection,Normale,Autre collision,,,,,,,,,,,5,2,1,1.0,6
201200054668,0012-04-17 20:10:00,12,4,17,20,10,750,108,"62, RUE DE COURCELLES",,,Crépuscule ou aube,En agglomération,Intersection en T,Normale,Deux véhicules - arrière,,,,,,,,,,,2,2,3,1.0,2
201200054669,0012-04-18 09:00:00,12,4,18,9,0,750,117,"26, PLACE GENERAL CATROU",,,Plein jour,En agglomération,Place,Normale,Autre collision,,,,,,,,,,,1,2,7,1.0,6
201200054670,0012-04-18 11:10:00,12,4,18,11,10,750,108,"2, RUE JOSEPH SANSBOEUF",,,Plein jour,En agglomération,Intersection en X,Pluie légère,Sans collision,,,,,,,,,,,1,2,2,2.0,7
201200054671,0012-04-24 20:30:00,12,4,24,20,30,750,108,COURS ALBERT 1ER,,,Plein jour,En agglomération,Intersection à plus de 4 branches,Normale,Trois véhicules et plus - en chaîne,,,,,,,,,,,1,2,5,1.0,4
201200054672,0012-04-25 13:50:00,12,4,25,13,50,750,108,"1, PONT DE L ALMA",,,Plein jour,En agglomération,Hors intersection,Pluie forte,Deux véhicules - arrière,,,,,,,,,,,1,2,1,3.0,2
201200054673,0012-04-26 09:05:00,12,4,26,9,5,750,108,AVENUE DES CHAMPS ELYSEE,,,Plein jour,En agglomération,Place,Normale,Deux véhicules - côté,,,,,,,,,,,1,2,7,1.0,3
201200054674,0012-04-26 16:25:00,12,4,26,16,25,750,108,"80, AVENUE MARCEAU",,,Plein jour,En agglomération,Hors intersection,Normale,Deux véhicules - arrière,,,,,,,,,,,1,2,1,1.0,2
201200054675,0012-04-27 12:00:00,12,4,27,12,0,750,108,"3, RUE DU GENERAL FOY",,,Plein jour,En agglomération,Hors intersection,Temps couvert,Deux véhicules - côté,,,,,,,,,,,1,2,1,8.0,3
201200054676,0012-04-27 16:30:00,12,4,27,16,30,750,108,"40, AVENUE GEORGE V",,,Plein jour,En agglomération,Place,Normale,Deux véhicules - côté,,,,,,,,,,,1,2,7,1.0,3
201200054677,0012-05-01 09:20:00,12,5,1,9,20,750,108,AVENUE DE FRIEDLAND,,,Plein jour,En agglomération,Hors intersection,Normale,Autre collision,,,,,,,,,,,1,2,1,1.0,6
201200054678,0012-05-01 11:30:00,12,5,1,11,30,750,108,"26, AVENUE DES CHAMPS EL",,,Plein jour,En agglomération,Hors intersection,Normale,Deux véhicules - arrière,,,,,,,,,,,1,2,1,1.0,2
201200054679,0012-05-01 18:40:00,12,5,1,18,40,750,108,"3, BOULEVARD DE COURCELL",,,Plein jour,En agglomération,Intersection à plus de 4 branches,Normale,Deux véhicules - côté,,,,,,,,,,,1,2,5,1.0,3
201200054680,0012-05-02 19:35:00,12,5,2,19,35,750,108,PLACE DE LA CONCORDE,,,Plein jour,En agglomération,Place,Pluie forte,Autre collision,,,,,,,,,,,1,2,7,3.0,6
201200054681,0012-05-03 00:55:00,12,5,3,0,55,750,108,"7, PLACE SAINT AUGUSTIN",,,Nuit avec éclairage allumé,En agglomération,Place,Pluie légère,Autre collision,,,,,,,,,,,5,2,7,2.0,6
201200054682,0012-05-04 13:20:00,12,5,4,13,20,750,108,PLACE DE LA CONCORDE,,,Plein jour,En agglomération,Place,Normale,Deux véhicules - côté,,,,,,,,,,,1,2,7,1.0,3
201200054683,0012-05-04 13:40:00,12,5,4,13,40,750,108,"235, RUE DU FAUBOURG SAI",,,Plein jour,En agglomération,Hors intersection,Temps couvert,Deux véhicules - côté,,,,,,,,,,,1,2,1,8.0,3
201200054684,0012-05-06 05:40:00,12,5,6,5,40,750,108,"25, AVENUE DES CHAMPS EL",,,Nuit avec éclairage allumé,En agglomération,Hors intersection,Pluie forte,Autre collision,,,,,,,,,,,5,2,1,3.0,6
201200054685,0012-05-08 13:20:00,12,5,8,13,20,750,108,"91, AVENUE DES CHAMPS EL",,,Plein jour,En agglomération,Intersection en X,Temps couvert,Autre collision,,,,,,,,,,,1,2,2,8.0,6
201200054686,0012-05-09 18:10:00,12,5,9,18,10,750,108,AVENUE DES CHAMPS ELYSEE,,,Plein jour,En agglomération,Hors intersection,Normale,Deux véhicules - arrière,,,,,,,,,,,1,2,1,1.0,2
201200054687,0012-05-10 10:20:00,12,5,10,10,20,750,108,"53, RUE DE COURCELLES",,,Plein jour,En agglomération,Hors intersection,Normale,Trois véhicules et plus - en chaîne,,,,,,,,,,,1,2,1,1.0,4
201200054688,0012-05-10 12:00:00,12,5,10,12,0,750,108,"47, RUE DU FAUBOURG SAIN",,,Plein jour,En agglomération,Hors intersection,Normale,Autre collision,,,,,,,,,,,1,2,1,1.0,6
201200054689,0012-05-10 19:30:00,12,5,10,19,30,750,108,"11, PLACE SAINT AUGUSTIN",,,Plein jour,En agglomération,Place,Normale,Deux véhicules - côté,,,,,,,,,,,1,2,7,1.0,3
201200054690,0012-05-11 23:45:00,12,5,11,23,45,750,108,AVENUE DE FRIEDLAND,,,Nuit avec éclairage allumé,En agglomération,Intersection en X,Normale,Autre collision,,,,,,,,,,,5,2,2,1.0,6
201200054691,0012-05-12 05:20:00,12,5,12,5,20,750,108,RUE LA BOETIE,,,Crépuscule ou aube,En agglomération,Intersection en X,Normale,Autre collision,,,,,,,,,,,2,2,2,1.0,6
201200054692,0012-05-12 09:30:00,12,5,12,9,30,750,108,AVENUE DES CHAMPS ELYSEE,,,Plein jour,En agglomération,Hors intersection,Normale,Deux véhicules - arrière,,,,,,,,,,,1,2,1,1.0,2
201200054693,0012-05-12 12:45:00,12,5,12,12,45,750,108,"15, RUE DE ROME",,,Plein jour,En agglomération,Hors intersection,Normale,Autre collision,,,,,,,,,,,1,2,1,1.0,6
201200054694,0012-05-12 18:10:00,12,5,12,18,10,750,108,"37, AVENUE MONTAIGNE",,,Plein jour,En agglomération,Hors intersection,Normale,Deux véhicules - côté,,,,,,,,,,,1,2,1,1.0,3
201200054695,0012-05-12 18:30:00,12,5,12,18,30,750,108,"09, RUE DU FAUBOURG SAIN",,,Plein jour,En agglomération,Intersection en X,Normale,Deux véhicules - côté,,,,,,,,,,,1,2,2,1.0,3
201200054696,0012-05-13 16:30:00,12,5,13,16,30,750,108,PLACE CHARLES DE GAULLE,,,Plein jour,En agglomération,Place,Normale,Autre collision,,,,,,,,,,,1,2,7,1.0,6
201200054697,0012-05-15 07:40:00,12,5,15,7,40,750,108,"1, RUE ROYALE",,,Plein jour,En agglomération,Place,Normale,Autre collision,,,,,,,,,,,1,2,7,1.0,6
201200054698,0012-05-15 17:00:00,12,5,15,17,0,750,108,"130, RUE DU FAUBOURG SAI",,,Plein jour,En agglomération,Intersection à plus de 4 branches,Temps couvert,Deux véhicules - côté,,,,,,,,,,,1,2,5,8.0,3
201200054699,0012-05-16 00:46:00,12,5,16,0,46,750,108,"21, RUE CAMBACERES",,,Nuit avec éclairage allumé,En agglomération,Intersection en X,Normale,Deux véhicules - côté,,,,,,,,,,,5,2,2,1.0,3
201200054700,0012-05-15 13:25:00,12,5,15,13,25,750,108,COURS ALBERT 1ER,,,Plein jour,En agglomération,Hors intersection,Temps couvert,Sans collision,,,,,,,,,,,1,2,1,8.0,7
201200054701,0012-05-16 14:55:00,12,5,16,14,55,750,108,AVENUE DES CHAMPS ELYSEE,,,Plein jour,En agglomération,Place,Normale,Deux véhicules - côté,,,,,,,,,,,1,2,7,1.0,3
201200054702,0012-05-18 11:05:00,12,5,18,11,5,750,108,"57, BOULEVARD DES BATIGN",,,Plein jour,En agglomération,Hors intersection,Normale,Autre collision,,,,,,,,,,,1,2,1,1.0,6
201200054703,0012-05-22 08:00:00,12,5,22,8,0,750,108,"52, AVENUE DES CHAMPS EL",,,Plein jour,En agglomération,Intersection en X,Normale,Autre collision,,,,,,,,,,,1,2,2,1.0,6
201200054704,0012-05-22 09:00:00,12,5,22,9,0,750,108,"12, AVENUE GEORGE V",,,Plein jour,En agglomération,Hors intersection,Normale,Autre collision,,,,,,,,,,,1,2,1,1.0,6
201200054705,0012-05-23 11:45:00,12,5,23,11,45,750,108,"9, RUE DE MIROMESNIL",,,Plein jour,En agglomération,Hors intersection,Normale,Deux véhicules - côté,,,,,,,,,,,1,2,1,1.0,3
201200054706,0012-05-23 23:05:00,12,5,23,23,5,750,108,AVENUE DE MARIGNY,,,Nuit avec éclairage allumé,En agglomération,Intersection en X,Normale,Deux véhicules - côté,,,,,,,,,,,5,2,2,1.0,3
201200054707,0012-05-24 18:00:00,12,5,24,18,0,750,108,"8 bis, AVENUE PERCIER",,,Plein jour,En agglomération,Hors intersection,Normale,Autre collision,,,,,,,,,,,1,2,1,1.0,6
201200054708,0012-05-24 19:30:00,12,5,24,19,30,750,108,COURS LA REINE,,,Plein jour,En agglomération,Hors intersection,Normale,Deux véhicules - côté,,,,,,,,,,,1,2,1,1.0,3
201200054709,0012-05-24 19:59:00,12,5,24,19,59,750,108,"33, AVENUE HOCHE",,,Plein jour,En agglomération,Hors intersection,Normale,Autre collision,,,,,,,,,,,1,2,1,1.0,6
201200054710,0012-05-25 15:40:00,12,5,25,15,40,750,108,"72, RUE PIERRE CHARRON",,,Plein jour,En agglomération,Intersection en X,Normale,Autre collision,,,,,,,,,,,1,2,2,1.0,6
201200054711,0012-05-27 12:30:00,12,5,27,12,30,750,108,"122, RUE LA BOETIE",,,Plein jour,En agglomération,Hors intersection,Normale,Autre collision,,,,,,,,,,,1,2,1,1.0,6
201200054712,0012-05-30 00:25:00,12,5,30,0,25,750,108,"142, BOULEVARD HAUSSMANN",,,Nuit avec éclairage allumé,En agglomération,Intersection en T,Normale,Deux véhicules - arrière,,,,,,,,,,,5,2,3,1.0,2
201200054713,0012-05-30 09:00:00,12,5,30,9,0,750,108,PLACE CHARLES DE GAULLE,,,Plein jour,En agglomération,Place,Normale,Deux véhicules - arrière,,,,,,,,,,,1,2,7,1.0,2
201200054714,0012-05-30 15:39:00,12,5,30,15,39,750,108,PLACE DE LA CONCORDE,,,Plein jour,En agglomération,Place,Normale,Deux véhicules - côté,,,,,,,,,,,1,2,7,1.0,3
201200054715,0012-05-30 18:55:00,12,5,30,18,55,750,108,AVENUE DE MARIGNY,,,Plein jour,En agglomération,Intersection en T,Normale,Deux véhicules - arrière,,,,,,,,,,,1,2,3,1.0,2
201200054716,0012-05-31 19:00:00,12,5,31,19,0,750,108,"49, RUE DE COURCELLES",,,Plein jour,En agglomération,Hors intersection,Normale,Deux véhicules - côté,,,,,,,,,,,1,2,1,1.0,3
201200054717,0012-05-31 19:25:00,12,5,31,19,25,750,108,"2, AVENUE DE MESSINE",,,Plein jour,En agglomération,Intersection à plus de 4 branches,Normale,Autre collision,,,,,,,,,,,1,2,5,1.0,6
201200054718,0012-05-31 13:00:00,12,5,31,13,0,750,108,VOIE GEORGES POMPIDOU,,,Plein jour,En agglomération,Hors intersection,Normale,Deux véhicules - côté,,,,,,,,,,,1,2,1,1.0,3
201200054719,0012-06-03 02:30:00,12,6,3,2,30,750,108,"15, AVENUE GEORGE V",,,Nuit avec éclairage allumé,En agglomération,Intersection en Y,Pluie forte,Sans collision,,,,,,,,,,,5,2,4,3.0,7
201200054720,0012-06-02 13:05:00,12,6,2,13,5,750,108,AVENUE WINSTON CHURCHILL,,,Plein jour,En agglomération,Hors intersection,Normale,Trois véhicules et plus - en chaîne,,,,,,,,,,,1,2,1,1.0,4
201200054721,0012-06-04 09:15:00,12,6,4,9,15,750,108,"32, AVENUE GEORGE V",,,Plein jour,En agglomération,Intersection en X,Normale,Deux véhicules - côté,,,,,,,,,,,1,2,2,1.0,3
201200054722,0012-06-05 10:15:00,12,6,5,10,15,750,116,"71, AVENUE MARCEAU",,,Plein jour,En agglomération,Intersection à plus de 4 branches,Normale,Sans collision,,,,,,,,,,,1,2,5,1.0,7
201200054723,0012-06-05 18:35:00,12,6,5,18,35,750,108,RUE DE CONSTANTINOPLE,,,Plein jour,En agglomération,Intersection en T,Pluie légère,Deux véhicules - côté,,,,,,,,,,,1,2,3,2.0,3
201200054724,0012-06-08 14:05:00,12,6,8,14,5,750,108,VOIE GEORGES POMPIDOU,,,Plein jour,En agglomération,Hors intersection,Temps couvert,Autre collision,,,,,,,,,,,1,2,1,8.0,6
201200054725,0012-06-08 21:20:00,12,6,8,21,20,750,108,"33, RUE DU COLISEE",,,Nuit avec éclairage allumé,En agglomération,Intersection en X,Normale,Deux véhicules - côté,,,,,,,,,,,5,2,2,1.0,3
201200054726,0012-06-10 11:35:00,12,6,10,11,35,750,108,"05, RUE ROQUEPINE",,,Plein jour,En agglomération,Intersection en X,Normale,Autre collision,,,,,,,,,,,1,2,2,1.0,6
201200054727,0012-06-12 09:30:00,12,6,12,9,30,750,108,"8, RUE FRANCOIS 1ER",,,Plein jour,En agglomération,Hors intersection,Pluie légère,Deux véhicules - côté,,,,,,,,,,,1,2,1,2.0,3
201200054728,0012-06-12 14:30:00,12,6,12,14,30,750,108,PLACE DE LA MADELEINE,,,Plein jour,En agglomération,Hors intersection,Normale,Deux véhicules - côté,,,,,,,,,,,1,2,1,1.0,3
201200054729,0012-06-13 21:21:00,12,6,13,21,21,750,108,"51, RUE FRANCOIS 1ER",,,Nuit avec éclairage allumé,En agglomération,Intersection en T,Normale,Deux véhicules - arrière,,,,,,,,,,,5,2,3,1.0,2
201200054730,0012-06-14 14:30:00,12,6,14,14,30,750,108,RUE DE ROME,,,Plein jour,En agglomération,Intersection à plus de 4 branches,Normale,Autre collision,,,,,,,,,,,1,2,5,1.0,6
201200054731,0012-06-15 09:30:00,12,6,15,9,30,750,116,"2, AVENUE FOCH",,,Plein jour,En agglomération,Intersection en X,Pluie légère,Sans collision,,,,,,,,,,,1,2,2,2.0,7
201200054732,0012-06-16 18:35:00,12,6,16,18,35,750,108,"1, RUE BALZAC",,,Plein jour,En agglomération,Intersection en X,Normale,Autre collision,,,,,,,,,,,1,2,2,1.0,6
201200054733,0012-06-17 04:50:00,12,6,17,4,50,750,108,"109, BOULEVARD HAUSSMANN",,,Nuit avec éclairage allumé,En agglomération,Hors intersection,Normale,Autre collision,,,,,,,,,,,5,2,1,1.0,6
201200054734,0012-06-17 06:45:00,12,6,17,6,45,750,108,"5, PLACE SAINT AUGUSTIN",,,Crépuscule ou aube,En agglomération,Place,Normale,Sans collision,,,,,,,,,,,2,2,7,1.0,7
201200054735,0012-06-18 00:04:00,12,6,18,0,4,750,108,RUE CAMBACERES,,,Nuit avec éclairage allumé,En agglomération,Intersection en X,Normale,Deux véhicules - côté,,,,,,,,,,,5,2,2,1.0,3
201200054736,0012-06-18 09:30:00,12,6,18,9,30,750,108,"97, RUE DU FAUBOURG SAIN",,,Plein jour,En agglomération,Intersection à plus de 4 branches,Normale,Deux véhicules - côté,,,,,,,,,,,1,2,5,1.0,3
201200054737,0012-06-18 10:05:00,12,6,18,10,5,750,108,PLACE DE LA CONCORDE,,,Plein jour,En agglomération,Place,Normale,Deux véhicules - arrière,,,,,,,,,,,1,2,7,1.0,2