accident_id,datetime,annee,mois,jour,heure,minute,departement,commune_insee,adresse,latitude,longitude,luminosite,agglomeration,intersection,meteo,collision,nb_vehicules,nb_usagers,nb_indemnes,nb_tues,nb_blesses_hosp,nb_blesses_legers,age_cond_1,age_cond_2,veh_type_cond_1,veh_type_cond_2,lum_code,agg_code,int_code,atm_code,col_code
201200054738,0012-06-23 03:10:00,12,6,23,3,10,750,108,"115, AVENUE DES CHAMPS E",,,Nuit avec éclairage allumé,En agglomération,Intersection en X,Normale,Autre collision,,,,,,,,,,,5,2,2,1.0,6
201200054739,0012-06-23 13:10:00,12,6,23,13,10,750,108,"35, BOULEVARD MALESHERBE",,,Crépuscule ou aube,En agglomération,Hors intersection,Normale,Deux véhicules - arrière,,,,,,,,,,,2,2,1,1.0,2
201200054740,0012-06-23 15:05:00,12,6,23,15,5,750,108,PLACE DE LA CONCORDE,,,Plein jour,En agglomération,Place,Normale,Deux véhicules - côté,,,,,,,,,,,1,2,7,1.0,3
201200054741,0012-06-24 04:20:00,12,6,24,4,20,750,108,"77, AVENUE DES CHAMPS EL",,,Nuit avec éclairage allumé,En agglomération,Hors intersection,Normale,Autre collision,,,,,,,,,,,5,2,1,1.0,6
201200054742,0012-06-24 22:00:00,12,6,24,22,0,750,108,"19, PLACE DE LA MADELEIN",,,Nuit avec éclairage allumé,En agglomération,Place,Normale,Sans collision,,,,,,,,,,,5,2,7,1.0,7
201200054743,0012-06-25 07:28:00,12,6,25,7,28,750,108,"154, SOUTERRAIN ETOILE",,,Plein jour,En agglomération,Hors intersection,Normale,Deux véhicules - côté,,,,,,,,,,,1,2,1,1.0,3
201200054744,0012-06-25 09:00:00,12,6,25,9,0,750,108,"4, AVENUE GEORGE V",,,Plein jour,En agglomération,Hors intersection,Normale,Deux véhicules - arrière,,,,,,,,,,,1,2,1,1.0,2
201200054745,0012-06-25 12:45:00,12,6,25,12,45,750,108,AVENUE DES CHAMPS ELYSEE,,,Plein jour,En agglomération,Intersection en X,Normale,Deux véhicules - côté,,,,,,,,,,,1,2,2,1.0,3
201200054746,0012-06-25 11:45:00,12,6,25,11,45,750,108,"10, PLACE DE LA MADELEIN",,,Plein jour,En agglomération,Place,Normale,Sans collision,,,,,,,,,,,1,2,7,1.0,7
201200054747,0012-06-25 18:25:00,12,6,25,18,25,750,108,"109, BOULEVARD HAUSSMANN",,,Plein jour,En agglomération,Hors intersection,Normale,Autre collision,,,,,,,,,,,1,2,1,1.0,6
201200054748,0012-06-26 11:20:00,12,6,26,11,20,750,108,"2, PLACE DE LA CONCORDE",,,Plein jour,En agglomération,Hors intersection,Temps couvert,Sans collision,,,,,,,,,,,1,2,1,8.0,7
201200054749,0012-06-27 10:15:00,12,6,27,10,15,750,108,"135, AVENUE DES CHAMPS E",,,Plein jour,En agglomération,Intersection en X,Normale,Autre collision,,,,,,,,,,,1,2,2,1.0,6
201200054750,0012-06-28 18:15:00,12,6,28,18,15,750,108,AVENUE DE FRIEDLAND,,,Plein jour,En agglomération,Intersection en T,Normale,Deux véhicules - arrière,,,,,,,,,,,1,2,3,1.0,2
201200054751,0012-06-29 12:48:00,12,6,29,12,48,750,108,"9, RUE DU FAUBOURG SAINT",,,Plein jour,En agglomération,Hors intersection,Normale,Deux véhicules - arrière,,,,,,,,,,,1,2,1,1.0,2
201200054752,0012-06-29 20:41:00,12,6,29,20,41,750,108,PLACE DE LA CONCORDE,,,Nuit avec éclairage allumé,En agglomération,Hors intersection,Normale,Autre collision,,,,,,,,,,,5,2,1,1.0,6
201200054753,0012-07-01 00:01:00,12,7,1,0,1,750,108,"23, AVENUE GEORGE V",,,Nuit avec éclairage allumé,En agglomération,Intersection en Y,Normale,Deux véhicules - côté,,,,,,,,,,,5,2,4,1.0,3
201200054754,0012-07-02 12:15:00,12,7,2,12,15,750,108,"21, PLACE DE LA MADELEIN",,,Plein jour,En agglomération,Place,Normale,Autre collision,,,,,,,,,,,1,2,7,1.0,6
201200054755,0012-07-02 14:55:00,12,7,2,14,55,750,108,AVENUE DES CHAMPS ELYSEE,,,Plein jour,En agglomération,Intersection en T,Normale,Deux véhicules - côté,,,,,,,,,,,1,2,3,1.0,3
201200054756,0012-07-03 23:45:00,12,7,3,23,45,750,108,"24, AVENUE DE WAGRAM",,,Nuit avec éclairage allumé,En agglomération,Intersection en Y,Normale,Autre collision,,,,,,,,,,,5,2,4,1.0,6
201200054757,0012-07-04 15:45:00,12,7,4,15,45,750,108,VOIE GEORGES POMPIDOU,,,Plein jour,En agglomération,Hors intersection,Normale,Deux véhicules - côté,,,,,,,,,,,1,2,1,1.0,3
201200054758,0012-07-05 10:40:00,12,7,5,10,40,750,108,"32, AVENUE PIERRE 1ER DE",,,Plein jour,En agglomération,Intersection en X,Normale,Sans collision,,,,,,,,,,,1,2,2,1.0,7
201200054759,0012-07-05 13:30:00,12,7,5,13,30,750,108,AVENUE DES CHAMPS ELYSEE,,,Plein jour,En agglomération,Place,Normale,Autre collision,,,,,,,,,,,1,2,7,1.0,6
201200054760,0012-07-05 16:10:00,12,7,5,16,10,750,108,"23, RUE TRONCHET",,,Plein jour,En agglomération,Hors intersection,Normale,Deux véhicules - côté,,,,,,,,,,,1,2,1,1.0,3
201200054761,0012-07-06 16:40:00,12,7,6,16,40,750,108,"39, RUE DE CONSTANTINOPL",,,Plein jour,En agglomération,Intersection en T,Pluie légère,Sans collision,,,,,,,,,,,1,2,3,2.0,7
201200054762,0012-07-07 02:30:00,12,7,7,2,30,750,108,"29, RUE D ARTOIS",,,Nuit avec éclairage allumé,En agglomération,Intersection en X,Normale,Deux véhicules - arrière,,,,,,,,,,,5,2,2,1.0,2
201200054763,0012-07-07 13:00:00,12,7,7,13,0,750,108,"02, PLACE DE LA CONCORDE",,,Plein jour,En agglomération,Place,Normale,Autre collision,,,,,,,,,,,1,2,7,1.0,6
201200054764,0012-07-07 19:40:00,12,7,7,19,40,750,108,"9, BOULEVARD DES BATIGNO",,,Plein jour,En agglomération,Hors intersection,Temps couvert,Sans collision,,,,,,,,,,,1,2,1,8.0,7
201200054765,0012-07-09 18:40:00,12,7,9,18,40,750,108,"113, RUE DU FAUBOURG SAI",,,Plein jour,En agglomération,Intersection en X,Normale,Deux véhicules - côté,,,,,,,,,,,1,2,2,1.0,3
201200054766,0012-07-10 15:05:00,12,7,10,15,5,750,108,AVENUE DES CHAMPS ELYSEE,,,Plein jour,En agglomération,Intersection en T,Normale,Deux véhicules - arrière,,,,,,,,,,,1,2,3,1.0,2
201200054767,0012-07-10 20:20:00,12,7,10,20,20,750,108,"35, AVENUE DE FRIEDLAND",,,Plein jour,En agglomération,Intersection en Y,Normale,Deux véhicules - arrière,,,,,,,,,,,1,2,4,1.0,2
201200054768,0012-07-10 22:42:00,12,7,10,22,42,750,108,RUE SAINT LAZARE,,,Nuit avec éclairage allumé,En agglomération,Intersection à plus de 4 branches,Normale,Autre collision,,,,,,,,,,,5,2,5,1.0,6
201200054769,0012-07-11 10:20:00,12,7,11,10,20,750,108,"68, BOULEVARD MALESHERBE",,,Plein jour,En agglomération,Intersection en X,Normale,Deux véhicules - arrière,,,,,,,,,,,1,2,2,1.0,2
201200054770,0012-07-11 14:35:00,12,7,11,14,35,750,108,"57, RUE DE PONTHIEU",,,Plein jour,En agglomération,Hors intersection,Normale,Deux véhicules - côté,,,,,,,,,,,1,2,1,1.0,3
201200054771,0012-07-12 19:34:00,12,7,12,19,34,750,108,"7, AVENUE MATIGNON",,,Plein jour,En agglomération,Intersection en X,Pluie légère,Deux véhicules - côté,,,,,,,,,,,1,2,2,2.0,3
201200054772,0012-07-12 22:30:00,12,7,12,22,30,750,108,"42, AVENUE GEORGE V",,,Nuit avec éclairage allumé,En agglomération,Hors intersection,Pluie légère,Deux véhicules - côté,,,,,,,,,,,5,2,1,2.0,3
201200054773,0012-07-13 22:55:00,12,7,13,22,55,750,108,AVENUE DES CHAMPS ELYSEE,,,Nuit avec éclairage allumé,En agglomération,Place,Pluie forte,Autre collision,,,,,,,,,,,5,2,7,3.0,6
201200054774,0012-07-16 08:25:00,12,7,16,8,25,750,108,RUE DU FAUBOURG SAINT HO,,,Plein jour,En agglomération,Intersection en T,Normale,Deux véhicules - côté,,,,,,,,,,,1,2,3,1.0,3
201200054775,0012-07-16 13:30:00,12,7,16,13,30,750,108,AVENUE DES CHAMPS ELYSEE,,,Plein jour,En agglomération,Hors intersection,Normale,Deux véhicules - arrière,,,,,,,,,,,1,2,1,1.0,2
201200054776,0012-07-17 16:20:00,12,7,17,16,20,750,108,"21, AVENUE FRANKLIN D RO",,,Plein jour,En agglomération,Intersection à plus de 4 branches,Normale,Deux véhicules - côté,,,,,,,,,,,1,2,5,1.0,3
201200054777,0012-07-17 16:30:00,12,7,17,16,30,750,108,"68, RUE DE ROME",,,Plein jour,En agglomération,Intersection en T,Normale,Deux véhicules - côté,,,,,,,,,,,1,2,3,1.0,3
201200054778,0012-07-18 08:20:00,12,7,18,8,20,750,108,AVENUE DES CHAMPS ELYSEE,,,Plein jour,En agglomération,Hors intersection,Normale,Deux véhicules - arrière,,,,,,,,,,,1,2,1,1.0,2
201200054779,0012-07-18 08:50:00,12,7,18,8,50,750,108,QUAI DES TUILERIES,,,Plein jour,En agglomération,Place,Normale,Deux véhicules - côté,,,,,,,,,,,1,2,7,1.0,3
201200054780,0012-07-18 23:05:00,12,7,18,23,5,750,108,PLACE CHARLES DE GAULLE,,,Nuit avec éclairage allumé,En agglomération,Place,Normale,Deux véhicules - côté,,,,,,,,,,,5,2,7,1.0,3
201200054781,0012-07-20 00:43:00,12,7,20,0,43,750,108,"135, AVENUE DES CHAMPS E",,,Nuit avec éclairage allumé,En agglomération,Intersection à plus de 4 branches,Normale,Autre collision,,,,,,,,,,,5,2,5,1.0,6
201200054782,0012-07-20 09:05:00,12,7,20,9,5,750,116,QUAI LOUIS BLERIOT,,,Plein jour,En agglomération,Intersection en X,Normale,Deux véhicules - côté,,,,,,,,,,,1,2,2,1.0,3
201200054783,0012-07-20 12:15:00,12,7,20,12,15,750,108,"8, PLACE SAINT AUGUSTIN",,,Plein jour,En agglomération,Hors intersection,Normale,Autre collision,,,,,,,,,,,1,2,1,1.0,6
201200054784,0012-07-20 14:10:00,12,7,20,14,10,750,108,"7, RUE ROYALE",,,Plein jour,En agglomération,Hors intersection,Normale,Deux véhicules - arrière,,,,,,,,,,,1,2,1,1.0,2
201200054785,0012-07-20 21:05:00,12,7,20,21,5,750,108,"39, RUE DE LONDRES",,,Plein jour,En agglomération,Place,Normale,Deux véhicules - côté,,,,,,,,,,,1,2,7,1.0,3
201200054786,0012-07-22 10:05:00,12,7,22,10,5,750,108,"35, AVENUE HOCHE",,,Plein jour,En agglomération,Intersection à plus de 4 branches,Normale,Autre collision,,,,,,,,,,,1,2,5,1.0,6
201200054787,0012-07-22 19:45:00,12,7,22,19,45,750,108,PLACE DE LA CONCORDE,,,Plein jour,En agglomération,Place,Normale,Sans collision,,,,,,,,,,,1,2,7,1.0,7
201200054788,0012-07-23 10:40:00,12,7,23,10,40,750,108,"45, AVENUE HOCHE",,,Plein jour,En agglomération,Intersection en X,Normale,Sans collision,,,,,,,,,,,1,2,2,1.0,7
201200054789,0012-07-23 17:40:00,12,7,23,17,40,750,116,BOULEVARD PERIPHERIQUE,,,Plein jour,En agglomération,Intersection en Y,Normale,Deux véhicules - côté,,,,,,,,,,,1,2,4,1.0,3
201200054790,0012-07-23 23:25:00,12,7,23,23,25,750,108,PLACE CHARLES DE GAULLE,,,Nuit avec éclairage allumé,En agglomération,Place,Normale,Sans collision,,,,,,,,,,,5,2,7,1.0,7
201200054791,0012-07-24 04:06:00,12,7,24,4,6,750,108,AVENUE DES CHAMPS ELYSEE,,,Nuit avec éclairage non allumé,En agglomération,Hors intersection,Normale,Sans collision,,,,,,,,,,,4,2,1,1.0,7
201200054792,0012-07-24 18:40:00,12,7,24,18,40,750,108,PLACE CHARLES DE GAULLE,,,Plein jour,En agglomération,Place,Normale,Deux véhicules - côté,,,,,,,,,,,1,2,7,1.0,3
201200054793,0012-07-24 18:40:00,12,7,24,18,40,750,108,"6, BOULEVARD MALESHERBES",,,Plein jour,En agglomération,Intersection en Y,Normale,Deux véhicules - côté,,,,,,,,,,,1,2,4,1.0,3
201200054794,0012-07-25 14:00:00,12,7,25,14,0,750,108,"113, RUE DU FAUBOURG SAI",,,Plein jour,En agglomération,Intersection en X,Normale,Autre collision,,,,,,,,,,,1,2,2,1.0,6
201200054795,0012-07-25 18:50:00,12,7,25,18,50,750,108,PONT ALEXANDRE III,,,Plein jour,En agglomération,Intersection en X,Normale,Deux véhicules - côté,,,,,,,,,,,1,2,2,1.0,3
201200054796,0012-07-26 12:30:00,12,7,26,12,30,750,108,"12, AVENUE GEORGE V",,,Plein jour,En agglomération,Hors intersection,Normale,Deux véhicules - arrière,,,,,,,,,,,1,2,1,1.0,2
201200054797,0012-07-26 22:38:00,12,7,26,22,38,750,108,"73, BOULEVARD DE COURCEL",,,Nuit avec éclairage allumé,En agglomération,Intersection en X,Normale,Autre collision,,,,,,,,,,,5,2,2,1.0,6
201200054798,0012-07-28 03:15:00,12,7,28,3,15,750,108,"78, AVENUE DES CHAMPS EL",,,Nuit avec éclairage allumé,En agglomération,Intersection en T,Pluie légère,Autre collision,,,,,,,,,,,5,2,3,2.0,6
201200054799,0012-07-28 19:15:00,12,7,28,19,15,750,108,AVENUE DES CHAMPS ELYSEE,,,Plein jour,En agglomération,Intersection en X,Normale,Deux véhicules - arrière,,,,,,,,,,,1,2,2,1.0,2
201200054800,0012-07-29 15:10:00,12,7,29,15,10,750,108,PLACE DE LA CONCORDE,,,Plein jour,En agglomération,Hors intersection,Normale,Autre collision,,,,,,,,,,,1,2,1,1.0,6
201200054801,0012-07-30 10:55:00,12,7,30,10,55,750,108,PLACE DE LA CONCORDE,,,Plein jour,En agglomération,Hors intersection,Normale,Deux véhicules - côté,,,,,,,,,,,1,2,1,1.0,3
201200054802,0012-07-30 17:55:00,12,7,30,17,55,750,108,"04, RUE DE ROME",,,Plein jour,En agglomération,Intersection en Y,Normale,Autre collision,,,,,,,,,,,1,2,4,1.0,6
201200054803,0012-07-30 20:00:00,12,7,30,20,0,750,108,"11, RUE DE ROME",,,Plein jour,En agglomération,Intersection à plus de 4 branches,Normale,Deux véhicules - côté,,,,,,,,,,,1,2,5,1.0,3
201200054804,0012-08-03 15:40:00,12,8,3,15,40,750,108,"18, RUE FRANCOIS 1ER",,,Plein jour,En agglomération,Hors intersection,Temps couvert,Deux véhicules - côté,,,,,,,,,,,1,2,1,8.0,3
201200054805,0012-08-04 18:05:00,12,8,4,18,5,750,108,"30, AVENUE DES CHAMPS EL",,,Plein jour,En agglomération,Hors intersection,Normale,Autre collision,,,,,,,,,,,1,2,1,1.0,6
201200054806,0012-08-08 15:00:00,12,8,8,15,0,750,108,"2, RUE ROYALE",,,Plein jour,En agglomération,Place,Normale,Trois véhicules et plus - collisions multiples,,,,,,,,,,,1,2,7,1.0,5
201200054807,0012-08-09 14:00:00,12,8,9,14,0,750,108,RUE PASQUIER,,,Plein jour,En agglomération,Intersection en X,Normale,Deux véhicules - côté,,,,,,,,,,,1,2,2,1.0,3
201200054808,0012-08-09 18:10:00,12,8,9,18,10,750,108,"9, RUE PASQUIER",,,Plein jour,En agglomération,Hors intersection,Normale,Sans collision,,,,,,,,,,,1,2,1,1.0,7
201200054809,0012-08-11 09:10:00,12,8,11,9,10,750,108,"15, RUE ROYALE",,,Plein jour,En agglomération,Intersection en X,Normale,Sans collision,,,,,,,,,,,1,2,2,1.0,7
201200054810,0012-08-11 12:10:00,12,8,11,12,10,750,108,"16, PLACE DE LA MADELEIN",,,Plein jour,En agglomération,Hors intersection,Normale,Deux véhicules - côté,,,,,,,,,,,1,2,1,1.0,3
201200054811,0012-08-12 15:05:00,12,8,12,15,5,750,108,"27, AVENUE HOCHE",,,Plein jour,En agglomération,Intersection à plus de 4 branches,Normale,Deux véhicules - côté,,,,,,,,,,,1,2,5,1.0,3
201200054812,0012-08-13 21:45:00,12,8,13,21,45,750,108,"61, RUE DE L ARCADE",,,Nuit avec éclairage allumé,En agglomération,Intersection en X,Normale,Autre collision,,,,,,,,,,,5,2,2,1.0,6
201200054813,0012-08-16 19:40:00,12,8,16,19,40,750,108,"132, BOULEVARD HAUSSMANN",,,Plein jour,En agglomération,Intersection en Y,Normale,Autre collision,,,,,,,,,,,1,2,4,1.0,6
201200054814,0012-08-17 21:00:00,12,8,17,21,0,750,108,AVENUE DES CHAMPS ELYSEE,,,Crépuscule ou aube,En agglomération,Place,Normale,Autre collision,,,,,,,,,,,2,2,7,1.0,6
201200054815,0012-08-20 13:20:00,12,8,20,13,20,750,108,"101, AVENUE DES CHAMPS E",,,Plein jour,En agglomération,Intersection en X,Normale,Deux véhicules - côté,,,,,,,,,,,1,2,2,1.0,3
201200054816,0012-08-23 09:20:00,12,8,23,9,20,750,108,"2, RUE BALZAC",,,Plein jour,En agglomération,Intersection en X,Normale,Sans collision,,,,,,,,,,,1,2,2,1.0,7
201200054817,0012-08-24 11:15:00,12,8,24,11,15,750,108,"32, AVENUE GEORGE V",,,Plein jour,En agglomération,Intersection en X,Normale,Deux véhicules - côté,,,,,,,,,,,1,2,2,1.0,3
201200054818,0012-08-24 16:10:00,12,8,24,16,10,750,108,AVENUE WINSTON CHURCHILL,,,Plein jour,En agglomération,Hors intersection,Pluie légère,Sans collision,,,,,,,,,,,1,2,1,2.0,7
201200054819,0012-08-25 04:05:00,12,8,25,4,5,750,108,PLACE DES TERNES,,,Nuit avec éclairage allumé,En agglomération,Place,Normale,Deux véhicules - côté,,,,,,,,,,,5,2,7,1.0,3
201200054820,0012-08-25 12:45:00,12,8,25,12,45,750,108,"159, BOULEVARD HAUSSMANN",,,Plein jour,En agglomération,Intersection en X,Normale,Deux véhicules - côté,,,,,,,,,,,1,2,2,1.0,3
201200054821,0012-08-29 10:50:00,12,8,29,10,50,750,108,"25, RUE DE CONSTANTINOPL",,,Plein jour,En agglomération,Intersection en T,Normale,Deux véhicules - côté,,,,,,,,,,,1,2,3,1.0,3
201200054822,0012-08-29 15:30:00,12,8,29,15,30,750,108,"110, RUE SAINT LAZARE",,,Plein jour,En agglomération,Intersection en X,Normale,Autre collision,,,,,,,,,,,1,2,2,1.0,6
201200054823,0012-08-29 18:15:00,12,8,29,18,15,750,108,"47, AVENUE HOCHE",,,Plein jour,En agglomération,Intersection en X,Normale,Deux véhicules - côté,,,,,,,,,,,1,2,2,1.0,3
201200054824,0012-08-29 13:30:00,12,8,29,13,30,750,108,"03, AVENUE DE FRIEDLAND",,,Plein jour,En agglomération,Intersection en T,Normale,Trois véhicules et plus - collisions multiples,,,,,,,,,,,1,2,3,1.0,5
201200054825,0012-08-30 09:10:00,12,8,30,9,10,750,108,"1, PLACE DE LA CONCORDE",,,Plein jour,En agglomération,Place,Normale,Deux véhicules - arrière,,,,,,,,,,,1,2,7,1.0,2
201200054826,0012-08-30 16:45:00,12,8,30,16,45,750,108,"11, BOULEVARD MALESHERBE",,,Plein jour,En agglomération,Intersection en X,Pluie légère,Deux véhicules - côté,,,,,,,,,,,1,2,2,2.0,3
201200054827,0012-08-30 19:05:00,12,8,30,19,5,750,116,"1, PLACE DE L ALMA",,,Plein jour,En agglomération,Place,Normale,Trois véhicules et plus - collisions multiples,,,,,,,,,,,1,2,7,1.0,5
201200054828,0012-08-31 13:00:00,12,8,31,13,0,750,108,PLACE SAINT AUGUSTIN,,,Plein jour,En agglomération,Place,Normale,Deux véhicules - arrière,,,,,,,,,,,1,2,7,1.0,2
201200054829,0012-08-31 20:15:00,12,8,31,20,15,750,108,PLACE DE LA CONCORDE,,,Plein jour,En agglomération,Place,Normale,Deux véhicules - côté,,,,,,,,,,,1,2,7,1.0,3
201200054830,0012-09-03 12:00:00,12,9,3,12,0,750,108,COURS LA REINE,,,Plein jour,En agglomération,Hors intersection,Temps couvert,Deux véhicules - côté,,,,,,,,,,,1,2,1,8.0,3
201200054831,0012-09-04 03:30:00,12,9,4,3,30,750,108,BOULEVARD DES BATIGNOLLE,,,Nuit avec éclairage allumé,En agglomération,Intersection en X,Normale,Autre collision,,,,,,,,,,,5,2,2,1.0,6
201200054832,0012-09-04 10:00:00,12,9,4,10,0,750,108,"21, RUE CAMBACERES",,,Plein jour,En agglomération,Intersection en X,Normale,Deux véhicules - côté,,,,,,,,,,,1,2,2,1.0,3
201200054833,0012-09-04 19:15:00,12,9,4,19,15,750,108,PORT DE LA CONFERENCE,,,Plein jour,En agglomération,Intersection en T,Normale,Autre collision,,,,,,,,,,,1,2,3,1.0,6
201200054834,0012-09-05 02:30:00,12,9,5,2,30,750,108,"81, RUE LA BOETIE",,,Nuit avec éclairage allumé,En agglomération,Intersection en T,Normale,Autre collision,,,,,,,,,,,5,2,3,1.0,6
201200054835,0012-09-05 18:35:00,12,9,5,18,35,750,108,"44, AVENUE DES CHAMPS EL",,,Plein jour,En agglomération,Intersection en X,Normale,Autre collision,,,,,,,,,,,1,2,2,1.0,6
201200054836,0012-09-09 19:00:00,12,9,9,19,0,750,108,"45, BOULEVARD DE COURCEL",,,Crépuscule ou aube,En agglomération,Hors intersection,Normale,Deux véhicules - côté,,,,,,,,,,,2,2,1,1.0,3
201200054837,0012-09-09 23:15:00,12,9,9,23,15,750,108,ROND POINT CHAMPS ELYSEE,,,Nuit avec éclairage allumé,En agglomération,Place,Normale,Deux véhicules - côté,,,,,,,,,,,5,2,7,1.0,3
201200054838,0012-09-11 15:00:00,12,9,11,15,0,750,108,"60, RUE DE LISBONNE",,,Plein jour,En agglomération,Intersection en X,Pluie légère,Deux véhicules - côté,,,,,,,,,,,1,2,2,2.0,3
201200054839,0012-09-11 19:15:00,12,9,11,19,15,750,108,PLACE CHARLES DE GAULLE,,,Plein jour,En agglomération,Place,Normale,Deux véhicules - côté,,,,,,,,,,,1,2,7,1.0,3
201200054840,0012-09-12 11:25:00,12,9,12,11,25,750,108,"12, ROND POINT CHAMPS EL",,,Plein jour,En agglomération,Place,Pluie légère,Autre collision,,,,,,,,,,,1,2,7,2.0,6
201200054841,0012-09-12 18:10:00,12,9,12,18,10,750,108,"12, AVENUE GEORGE V",,,Plein jour,En agglomération,Hors intersection,Normale,Autre collision,,,,,,,,,,,1,2,1,1.0,6
201200054842,0012-09-13 08:00:00,12,9,13,8,0,750,108,"3, AVENUE DE FRIEDLAND",,,Plein jour,En agglomération,Intersection en T,Normale,Autre collision,,,,,,,,,,,1,2,3,1.0,6
201200054843,0012-09-13 14:45:00,12,9,13,14,45,750,108,"20, RUE TREILHARD",,,Plein jour,En agglomération,Intersection en Y,Normale,Deux véhicules - côté,,,,,,,,,,,1,2,4,1.0,3
201200054844,0012-09-13 20:30:00,12,9,13,20,30,750,108,"8, ROND POINT CHAMPS ELY",,,Nuit avec éclairage allumé,En agglomération,Place,Normale,Sans collision,,,,,,,,,,,5,2,7,1.0,7
201200054845,0012-09-16 07:25:00,12,9,16,7,25,750,108,"27, RUE ROYALE",,,Plein jour,En agglomération,Hors intersection,Normale,Autre collision,,,,,,,,,,,1,2,1,1.0,6
201200054846,0012-09-16 16:10:00,12,9,16,16,10,750,108,"77, BOULEVARD DE COURCEL",,,Plein jour,En agglomération,Intersection en Y,Normale,Autre collision,,,,,,,,,,,1,2,4,1.0,6
201200054847,0012-09-17 07:55:00,12,9,17,7,55,750,108,"29, RUE CAMBACERES",,,Plein jour,En agglomération,Hors intersection,Normale,Autre collision,,,,,,,,,,,1,2,1,1.0,6
201200054848,0012-09-17 09:25:00,12,9,17,9,25,750,108,"47, AVENUE DE FRIEDLAND",,,Plein jour,En agglomération,Intersection en X,Normale,Autre collision,,,,,,,,,,,1,2,2,1.0,6
201200054849,0012-09-17 13:00:00,12,9,17,13,0,750,108,"40, AVENUE DE FRIEDLAND",,,Plein jour,En agglomération,Hors intersection,Normale,Deux véhicules - côté,,,,,,,,,,,1,2,1,1.0,3
201200054850,0012-09-17 15:00:00,12,9,17,15,0,750,108,"2, AVENUE DE FRIEDLAND",,,Plein jour,En agglomération,Intersection à plus de 4 branches,Normale,Autre collision,,,,,,,,,,,1,2,5,1.0,6
201200054851,0012-09-17 18:50:00,12,9,17,18,50,750,108,"102, ARCADES DES CHAMPS",,,Plein jour,En agglomération,Intersection en X,Normale,Autre collision,,,,,,,,,,,1,2,2,1.0,6
201200054852,0012-09-18 01:56:00,12,9,18,1,56,750,108,RUE DE LISBONNE,,,Nuit avec éclairage allumé,En agglomération,Intersection en X,Normale,Deux véhicules - côté,,,,,,,,,,,5,2,2,1.0,3
201200054853,0012-09-19 08:40:00,12,9,19,8,40,750,108,COURS LA REINE,,,Plein jour,En agglomération,Intersection en X,Normale,Deux véhicules - côté,,,,,,,,,,,1,2,2,1.0,3
201200054854,0012-09-19 11:30:00,12,9,19,11,30,750,108,RUE DE SAINT PETERSBOURG,,,Plein jour,En agglomération,Place,Normale,Deux véhicules - côté,,,,,,,,,,,1,2,7,1.0,3
201200054855,0012-09-21 17:32:00,12,9,21,17,32,750,108,AVENUE DES CHAMPS ELYSEE,,,Plein jour,En agglomération,Intersection en Y,Pluie forte,Sans collision,,,,,,,,,,,1,2,4,3.0,7
201200054856,0012-09-21 06:00:00,12,9,21,6,0,750,108,AVENUE DES CHAMPS ELYSEE,,,Nuit avec éclairage allumé,En agglomération,Intersection en T,Normale,Deux véhicules - arrière,,,,,,,,,,,5,2,3,1.0,2
201200054857,0012-09-22 19:00:00,12,9,22,19,0,750,108,AVENUE DE FRIEDLAND,,,Plein jour,En agglomération,Place,Normale,Autre collision,,,,,,,,,,,1,2,7,1.0,6
201200054858,0012-09-23 19:50:00,12,9,23,19,50,750,117,"2, BOULEVARD DE COURCELL",,,Nuit avec éclairage allumé,En agglomération,Place,Normale,Deux véhicules - côté,,,,,,,,,,,5,2,7,1.0,3
201200054859,0012-09-24 11:10:00,12,9,24,11,10,750,108,ROND POINT CHAMPS ELYSEE,,,Plein jour,En agglomération,Intersection à plus de 4 branches,Pluie légère,Deux véhicules - frontale,,,,,,,,,,,1,2,5,2.0,1
201200054860,0012-09-25 10:50:00,12,9,25,10,50,750,108,"93, AVENUE DES CHAMPS EL",,,Plein jour,En agglomération,Hors intersection,Normale,Trois véhicules et plus - collisions multiples,,,,,,,,,,,1,2,1,1.0,5
201200054861,0012-09-25 14:00:00,12,9,25,14,0,750,108,AVENUE MONTAIGNE,,,Plein jour,En agglomération,Intersection en T,Normale,Autre collision,,,,,,,,,,,1,2,3,1.0,6
201200054862,0012-09-26 20:10:00,12,9,26,20,10,750,108,"95, AVENUE DES CHAMPS EL",,,Nuit avec éclairage allumé,En agglomération,Hors intersection,Pluie forte,Sans collision,,,,,,,,,,,5,2,1,3.0,7
201200054863,0012-09-27 11:30:00,12,9,27,11,30,750,108,"10, RUE DE MIROMESNIL",,,Plein jour,En agglomération,Hors intersection,Pluie légère,Deux véhicules - côté,,,,,,,,,,,1,2,1,2.0,3
201200054864,0012-09-27 18:10:00,12,9,27,18,10,750,108,"31, AVENUE GEORGE V",,,Plein jour,En agglomération,Hors intersection,Temps couvert,Deux véhicules - côté,,,,,,,,,,,1,2,1,8.0,3
201200054865,0012-09-28 10:30:00,12,9,28,10,30,750,108,"7, RUE ROQUEPINE",,,Plein jour,En agglomération,Intersection en X,Normale,Deux véhicules - côté,,,,,,,,,,,1,2,2,1.0,3
201200054866,0012-09-29 13:00:00,12,9,29,13,0,750,108,"73, BOULEVARD HAUSSMANN",,,Plein jour,En agglomération,Intersection en X,Normale,Autre collision,,,,,,,,,,,1,2,2,1.0,6
201200054867,0012-10-01 09:50:00,12,10,1,9,50,750,108,PLACE DE LA CONCORDE,,,Plein jour,En agglomération,Place,Normale,Deux véhicules - côté,,,,,,,,,,,1,2,7,1.0,3
201200054868,0012-10-01 12:50:00,12,10,1,12,50,750,108,"11, RUE DE LABORDE",,,Plein jour,En agglomération,Hors intersection,Normale,Autre collision,,,,,,,,,,,1,2,1,1.0,6