accident_id,datetime,annee,mois,jour,heure,minute,departement,commune_insee,adresse,latitude,longitude,luminosite,agglomeration,intersection,meteo,collision,nb_vehicules,nb_usagers,nb_indemnes,nb_tues,nb_blesses_hosp,nb_blesses_legers,age_cond_1,age_cond_2,veh_type_cond_1,veh_type_cond_2,lum_code,agg_code,int_code,atm_code,col_code
201200054869,0012-10-01 18:45:00,12,10,1,18,45,750,108,"12, AVENUE PERCIER",,,Plein jour,En agglomération,Intersection en T,Normale,Autre collision,,,,,,,,,,,1,2,3,1.0,6
201200054870,0012-10-01 23:40:00,12,10,1,23,40,750,108,ROND POINT CHAMPS ELYSEE,,,Nuit avec éclairage allumé,En agglomération,Intersection à plus de 4 branches,Pluie légère,Deux véhicules - côté,,,,,,,,,,,5,2,5,2.0,3
201200054871,0012-10-02 17:40:00,12,10,2,17,40,750,108,"47, AVENUE HOCHE",,,Plein jour,En agglomération,Intersection en X,Normale,Deux véhicules - côté,,,,,,,,,,,1,2,2,1.0,3
201200054872,0012-10-03 11:50:00,12,10,3,11,50,750,108,PLACE DE LA CONCORDE,,,Plein jour,En agglomération,Hors intersection,Normale,Autre collision,,,,,,,,,,,1,2,1,1.0,6
201200054873,0012-10-03 18:35:00,12,10,3,18,35,750,108,"43, BOULEVARD MALESHERBE",,,Crépuscule ou aube,En agglomération,Hors intersection,Pluie forte,Sans collision,,,,,,,,,,,2,2,1,3.0,7
201200054874,0012-10-03 19:25:00,12,10,3,19,25,750,108,AVENUE DES CHAMPS ELYSEE,,,Nuit avec éclairage allumé,En agglomération,Intersection en X,Pluie légère,Trois véhicules et plus - collisions multiples,,,,,,,,,,,5,2,2,2.0,5
201200054875,0012-10-04 03:00:00,12,10,4,3,0,750,108,"93, AVENUE DES CHAMPS EL",,,Nuit avec éclairage allumé,En agglomération,Hors intersection,Pluie légère,Sans collision,,,,,,,,,,,5,2,1,2.0,7
201200054876,0012-10-03 14:03:00,12,10,3,14,3,750,108,"33, AVENUE DES CHAMPS EL",,,Plein jour,En agglomération,Intersection en X,Normale,Deux véhicules - arrière,,,,,,,,,,,1,2,2,1.0,2
201200054877,0012-10-04 09:00:00,12,10,4,9,0,750,108,"22, AVENUE GEORGE V",,,Plein jour,En agglomération,Intersection en X,Pluie légère,Deux véhicules - frontale,,,,,,,,,,,1,2,2,2.0,1
201200054878,0012-10-04 09:45:00,12,10,4,9,45,750,108,"11, AVENUE GEORGE V",,,Plein jour,En agglomération,Intersection en Y,Normale,Sans collision,,,,,,,,,,,1,2,4,1.0,7
201200054879,0012-10-04 10:15:00,12,10,4,10,15,750,108,"91, AVENUE DES CHAMPS EL",,,Plein jour,En agglomération,Intersection en X,Pluie légère,Deux véhicules - arrière,,,,,,,,,,,1,2,2,2.0,2
201200054880,0012-10-04 16:45:00,12,10,4,16,45,750,108,"03, PLACE DE CLICHY",,,Plein jour,En agglomération,Place,Normale,Autre collision,,,,,,,,,,,1,2,7,1.0,6
201200054881,0012-10-04 18:30:00,12,10,4,18,30,750,108,"24, AVENUE DES CHAMPS EL",,,Plein jour,En agglomération,Hors intersection,Normale,Trois véhicules et plus - en chaîne,,,,,,,,,,,1,2,1,1.0,4
201200054882,0012-10-05 06:05:00,12,10,5,6,5,750,108,BOULEVARD DE COURCELLES,,,Nuit avec éclairage allumé,En agglomération,Intersection à plus de 4 branches,Autre,Autre collision,,,,,,,,,,,5,2,5,9.0,6
201200054883,0012-10-05 15:00:00,12,10,5,15,0,750,108,"1, PLACE CHARLES DE GAUL",,,Plein jour,En agglomération,Place,Normale,Deux véhicules - côté,,,,,,,,,,,1,2,7,1.0,3
201200054884,0012-10-07 01:56:00,12,10,7,1,56,750,108,PLACE SAINT AUGUSTIN,,,Nuit avec éclairage allumé,En agglomération,Place,Normale,Deux véhicules - frontale,,,,,,,,,,,5,2,7,1.0,1
201200054885,0012-10-08 10:32:00,12,10,8,10,32,750,117,BOULEVARD PERIPHERIQUE,,,Plein jour,En agglomération,Hors intersection,Pluie légère,Sans collision,,,,,,,,,,,1,2,1,2.0,7
201200054886,0012-10-08 13:45:00,12,10,8,13,45,750,108,"49, AVENUE GEORGE V",,,Plein jour,En agglomération,Hors intersection,Pluie légère,Autre collision,,,,,,,,,,,1,2,1,2.0,6
201200054887,0012-10-10 08:50:00,12,10,10,8,50,750,108,PLACE DE LA MADELEINE,,,Plein jour,En agglomération,Hors intersection,Pluie légère,Sans collision,,,,,,,,,,,1,2,1,2.0,7
201200054888,0012-10-10 15:50:00,12,10,10,15,50,750,108,PLACE DE LA CONCORDE,,,Plein jour,En agglomération,Place,Temps couvert,Deux véhicules - côté,,,,,,,,,,,1,2,7,8.0,3
201200054889,0012-10-11 10:30:00,12,10,11,10,30,750,108,"2, RUE DU COLISEE",,,Plein jour,En agglomération,Intersection en X,Normale,Autre collision,,,,,,,,,,,1,2,2,1.0,6
201200054890,0012-10-12 01:06:00,12,10,12,1,6,750,108,PLACE DE LA CONCORDE,,,Nuit avec éclairage allumé,En agglomération,Place,Normale,Deux véhicules - côté,,,,,,,,,,,5,2,7,1.0,3
201200054891,0012-10-13 12:40:00,12,10,13,12,40,750,108,RUE DE LA PEPINIERE,,,Plein jour,En agglomération,Intersection à plus de 4 branches,Pluie forte,Deux véhicules - arrière,,,,,,,,,,,1,2,5,3.0,2
201200054892,0012-10-13 18:30:00,12,10,13,18,30,750,108,"36, AVENUE GEORGE V",,,Nuit avec éclairage allumé,En agglomération,Hors intersection,Temps couvert,Sans collision,,,,,,,,,,,5,2,1,8.0,7
201200054893,0012-10-15 17:05:00,12,10,15,17,5,750,108,"156, PLACE CHARLES DE GA",,,Plein jour,En agglomération,Place,Normale,Deux véhicules - côté,,,,,,,,,,,1,2,7,1.0,3
201200054894,0012-10-15 23:21:00,12,10,15,23,21,750,108,"13, RUE WASHINGTON",,,Nuit avec éclairage allumé,En agglomération,Hors intersection,Normale,Autre collision,,,,,,,,,,,5,2,1,1.0,6
201200054895,0012-10-16 09:15:00,12,10,16,9,15,750,108,"11, RUE DE SAINT PETERSB",,,Plein jour,En agglomération,Intersection en X,Normale,Autre collision,,,,,,,,,,,1,2,2,1.0,6
201200054896,0012-10-16 11:00:00,12,10,16,11,0,750,108,"93, BOULEVARD MALESHERBE",,,Plein jour,En agglomération,Intersection en X,Normale,Autre collision,,,,,,,,,,,1,2,2,1.0,6
201200054897,0012-10-17 06:20:00,12,10,17,6,20,750,108,ROND POINT CHAMPS ELYSEE,,,Crépuscule ou aube,En agglomération,Place,Pluie légère,Deux véhicules - arrière,,,,,,,,,,,2,2,7,2.0,2
201200054898,0012-10-17 06:44:00,12,10,17,6,44,750,108,AVENUE DES CHAMPS ELYSEE,,,Nuit avec éclairage allumé,En agglomération,Hors intersection,Normale,Deux véhicules - arrière,,,,,,,,,,,5,2,1,1.0,2
201200054899,0012-10-17 08:47:00,12,10,17,8,47,750,108,"46, AVENUE MARCEAU",,,Plein jour,En agglomération,Intersection en X,Pluie légère,Sans collision,,,,,,,,,,,1,2,2,2.0,7
201200054900,0012-10-18 11:30:00,12,10,18,11,30,750,108,"22, RUE DU FAUBOURG SAIN",,,Plein jour,En agglomération,Intersection en X,Normale,Autre collision,,,,,,,,,,,1,2,2,1.0,6
201200054901,0012-10-18 13:40:00,12,10,18,13,40,750,108,"11, BOULEVARD MALESHERBE",,,Plein jour,En agglomération,Hors intersection,Normale,Deux véhicules - arrière,,,,,,,,,,,1,2,1,1.0,2
201200054902,0012-10-18 19:35:00,12,10,18,19,35,750,108,"158, BOULEVARD HAUSSMANN",,,Nuit avec éclairage allumé,En agglomération,Hors intersection,Pluie légère,Autre collision,,,,,,,,,,,5,2,1,2.0,6
201200054903,0012-10-19 05:05:00,12,10,19,5,5,750,108,"55, BOULEVARD HAUSSMANN",,,Nuit avec éclairage allumé,En agglomération,Intersection à plus de 4 branches,Normale,Autre collision,,,,,,,,,,,5,2,5,1.0,6
201200054904,0012-10-19 12:15:00,12,10,19,12,15,750,108,PLACE DE LA CONCORDE,,,Plein jour,En agglomération,Place,Normale,Deux véhicules - arrière,,,,,,,,,,,1,2,7,1.0,2
201200054905,0012-10-20 12:50:00,12,10,20,12,50,750,117,"118, BOULEVARD BESSIERES",,,Plein jour,En agglomération,Hors intersection,Pluie légère,Autre collision,,,,,,,,,,,1,2,1,2.0,6
201200054906,0012-10-21 02:10:00,12,10,21,2,10,750,108,"35, AVENUE DE FRIEDLAND",,,Nuit avec éclairage allumé,En agglomération,Intersection en Y,Pluie légère,Deux véhicules - côté,,,,,,,,,,,5,2,4,2.0,3
201200054907,0012-10-21 16:50:00,12,10,21,16,50,750,108,"9, RUE DE VIENNE",,,Plein jour,En agglomération,Intersection en X,Vent fort / tempête,Sans collision,,,,,,,,,,,1,2,2,6.0,7
201200054908,0012-10-21 20:15:00,12,10,21,20,15,750,108,PLACE DE LA CONCORDE,,,Nuit avec éclairage allumé,En agglomération,Place,Normale,Deux véhicules - côté,,,,,,,,,,,5,2,7,1.0,3
201200054909,0012-10-22 12:35:00,12,10,22,12,35,750,108,"14, AVENUE GEORGE V",,,Plein jour,En agglomération,Intersection en Y,Normale,Deux véhicules - côté,,,,,,,,,,,1,2,4,1.0,3
201200054910,0012-10-23 09:15:00,12,10,23,9,15,750,108,SOUTERRAIN ALMA,,,Plein jour,En agglomération,Hors intersection,Normale,Deux véhicules - arrière,,,,,,,,,,,1,2,1,1.0,2
201200054911,0012-10-24 09:10:00,12,10,24,9,10,750,108,RUE PIERRE CHARRON,,,Plein jour,En agglomération,Intersection en X,Normale,Autre collision,,,,,,,,,,,1,2,2,1.0,6
201200054912,0012-10-26 07:30:00,12,10,26,7,30,750,108,"67, BOULEVARD MALESHERBE",,,Nuit avec éclairage allumé,En agglomération,Intersection en X,Normale,Deux véhicules - frontale,,,,,,,,,,,5,2,2,1.0,1
201200054913,0012-10-26 10:10:00,12,10,26,10,10,750,108,"27, AVENUE DE FRIEDLAND",,,Plein jour,En agglomération,Hors intersection,Normale,Deux véhicules - arrière,,,,,,,,,,,1,2,1,1.0,2
201200054914,0012-10-27 05:45:00,12,10,27,5,45,750,108,"23, AVENUE DE FRIEDLAND",,,Nuit avec éclairage allumé,En agglomération,Hors intersection,Normale,Sans collision,,,,,,,,,,,5,2,1,1.0,7
201200054915,0012-10-28 01:35:00,12,10,28,1,35,750,108,PLACE CHARLES DE GAULLE,,,Nuit avec éclairage allumé,En agglomération,Place,Normale,Autre collision,,,,,,,,,,,5,2,7,1.0,6
201200054916,0012-10-28 03:25:00,12,10,28,3,25,750,108,PONT DE L ALMA,,,Nuit avec éclairage allumé,En agglomération,Hors intersection,Normale,Autre collision,,,,,,,,,,,5,2,1,1.0,6
201200054917,0012-10-28 23:35:00,12,10,28,23,35,750,108,"6, PLACE SAINT AUGUSTIN",,,Nuit avec éclairage allumé,En agglomération,Hors intersection,Pluie légère,Deux véhicules - côté,,,,,,,,,,,5,2,1,2.0,3
201200054918,0012-10-30 09:30:00,12,10,30,9,30,750,108,AVENUE DES CHAMPS ELYSEE,,,Plein jour,En agglomération,Intersection en X,Normale,Deux véhicules - arrière,,,,,,,,,,,1,2,2,1.0,2
201200054919,0012-10-30 19:15:00,12,10,30,19,15,750,108,COURS LA REINE,,,Nuit avec éclairage allumé,En agglomération,Intersection en X,Normale,Deux véhicules - arrière,,,,,,,,,,,5,2,2,1.0,2
201200054920,0012-10-31 13:00:00,12,10,31,13,0,750,108,"66, RUE DE COURCELLES",,,Plein jour,En agglomération,Intersection en Y,Normale,Autre collision,,,,,,,,,,,1,2,4,1.0,6
201200054921,0012-10-31 13:14:00,12,10,31,13,14,750,108,"235, RUE DU FAUBOURG SAI",,,Plein jour,En agglomération,Hors intersection,Normale,Deux véhicules - côté,,,,,,,,,,,1,2,1,1.0,3
201200054922,0012-11-01 07:50:00,12,11,1,7,50,750,108,AVENUE DES CHAMPS ELYSEE,,,Crépuscule ou aube,En agglomération,Place,Pluie légère,Sans collision,,,,,,,,,,,2,2,7,2.0,7
201200054923,0012-11-02 11:30:00,12,11,2,11,30,750,108,BOULEVARD MALESHERBES,,,Plein jour,En agglomération,Intersection en X,Pluie légère,Deux véhicules - arrière,,,,,,,,,,,1,2,2,2.0,2
201200054924,0012-11-03 05:50:00,12,11,3,5,50,750,108,"188, BOULEVARD HAUSSMANN",,,Nuit avec éclairage allumé,En agglomération,Intersection en X,Pluie légère,Autre collision,,,,,,,,,,,5,2,2,2.0,6
201200054925,0012-11-03 15:40:00,12,11,3,15,40,750,108,"26, AVENUE DES CHAMPS EL",,,Plein jour,En agglomération,Hors intersection,Normale,Deux véhicules - arrière,,,,,,,,,,,1,2,1,1.0,2
201200054926,0012-11-03 17:15:00,12,11,3,17,15,750,108,"79, BOULEVARD HAUSSMANN",,,Plein jour,En agglomération,Hors intersection,Normale,Deux véhicules - arrière,,,,,,,,,,,1,2,1,1.0,2
201200054927,0012-11-05 18:50:00,12,11,5,18,50,750,108,"13, RUE CHATEAUBRIAND",,,Nuit avec éclairage allumé,En agglomération,Intersection en X,Pluie légère,Autre collision,,,,,,,,,,,5,2,2,2.0,6
201200054928,0012-11-06 17:15:00,12,11,6,17,15,750,108,"30, RUE DE SAINT PETERSB",,,Plein jour,En agglomération,Intersection en Y,Normale,Autre collision,,,,,,,,,,,1,2,4,1.0,6
201200054929,0012-11-08 17:45:00,12,11,8,17,45,750,108,"20, RUE DU FAUBOURG SAIN",,,Nuit avec éclairage allumé,En agglomération,Intersection en X,Normale,Autre collision,,,,,,,,,,,5,2,2,1.0,6
201200054930,0012-11-08 05:30:00,12,11,8,5,30,750,108,"28, RUE CLEMENT MAROT",,,Nuit avec éclairage allumé,En agglomération,Intersection en T,Normale,Autre collision,,,,,,,,,,,5,2,3,1.0,6
201200054931,0012-11-08 22:15:00,12,11,8,22,15,750,108,"48 bis, AVENUE MONTAIGNE",,,Nuit avec éclairage allumé,En agglomération,Hors intersection,Normale,Deux véhicules - arrière,,,,,,,,,,,5,2,1,1.0,2
201200054932,0012-11-09 21:20:00,12,11,9,21,20,750,108,"39, AVENUE DES CHAMPS EL",,,Nuit avec éclairage allumé,En agglomération,Intersection en X,Pluie légère,Sans collision,,,,,,,,,,,5,2,2,2.0,7
201200054933,0012-11-09 22:20:00,12,11,9,22,20,750,108,PLACE DE LA CONCORDE,,,Nuit avec éclairage allumé,En agglomération,Place,Pluie légère,Deux véhicules - côté,,,,,,,,,,,5,2,7,2.0,3
201200054934,0012-11-10 02:45:00,12,11,10,2,45,750,108,"52, RUE DE ROME",,,Nuit avec éclairage allumé,En agglomération,Intersection en X,Pluie légère,Sans collision,,,,,,,,,,,5,2,2,2.0,7
201200054935,0012-11-11 05:30:00,12,11,11,5,30,750,108,"103, RUE LA BOETIE",,,Nuit avec éclairage allumé,En agglomération,Intersection en X,Normale,Autre collision,,,,,,,,,,,5,2,2,1.0,6
201200054936,0012-11-12 07:00:00,12,11,12,7,0,750,108,"91, AVENUE DES CHAMPS EL",,,Crépuscule ou aube,En agglomération,Intersection en X,Normale,Autre collision,,,,,,,,,,,2,2,2,1.0,6
201200054937,0012-11-12 11:10:00,12,11,12,11,10,750,108,AVENUE DES CHAMPS ELYSEE,,,Plein jour,En agglomération,Intersection à plus de 4 branches,Pluie légère,Deux véhicules - côté,,,,,,,,,,,1,2,5,2.0,3
201200054938,0012-11-12 16:45:00,12,11,12,16,45,750,117,"22, AVENUE DE WAGRAM",,,Crépuscule ou aube,En agglomération,Intersection en T,Normale,Deux véhicules - côté,,,,,,,,,,,2,2,3,1.0,3
201200054939,0012-11-13 10:30:00,12,11,13,10,30,750,108,PLACE DE LA CONCORDE,,,Plein jour,En agglomération,Place,Normale,Deux véhicules - côté,,,,,,,,,,,1,2,7,1.0,3
201200054940,0012-11-13 11:30:00,12,11,13,11,30,750,108,"35, AVENUE DE FRIEDLAND",,,Plein jour,En agglomération,Intersection en Y,Normale,Autre collision,,,,,,,,,,,1,2,4,1.0,6
201200054941,0012-11-10 14:00:00,12,11,10,14,0,750,108,"92, AVENUE DES CHAMPS EL",,,Plein jour,En agglomération,Hors intersection,Normale,Deux véhicules - côté,,,,,,,,,,,1,2,1,1.0,3
201200054942,0012-11-13 23:30:00,12,11,13,23,30,750,108,", RUE DE BERRI",,,Nuit avec éclairage allumé,En agglomération,Intersection en X,Normale,Deux véhicules - côté,,,,,,,,,,,5,2,2,1.0,3
201200054943,0012-11-15 13:10:00,12,11,15,13,10,750,108,"21, AVENUE DE FRIEDLAND",,,Plein jour,En agglomération,Intersection en Y,Temps couvert,Autre collision,,,,,,,,,,,1,2,4,8.0,6
201200054944,0012-11-14 22:00:00,12,11,14,22,0,750,108,"121, BOULEVARD MALESHERB",,,Nuit avec éclairage allumé,En agglomération,Intersection en X,Normale,Deux véhicules - côté,,,,,,,,,,,5,2,2,1.0,3
201200054945,0012-11-17 10:50:00,12,11,17,10,50,750,108,"103, AVENUE DES CHAMPS E",,,Plein jour,En agglomération,Intersection en T,Temps couvert,Deux véhicules - arrière,,,,,,,,,,,1,2,3,8.0,2
201200054946,0012-11-16 06:00:00,12,11,16,6,0,750,108,"94, RUE DE COURCELLES",,,Nuit avec éclairage allumé,En agglomération,Intersection à plus de 4 branches,Normale,Autre collision,,,,,,,,,,,5,2,5,1.0,6
201200054947,0012-11-18 13:00:00,12,11,18,13,0,750,108,"39, AVENUE DE FRIEDLAND",,,Plein jour,En agglomération,Hors intersection,Autre,Deux véhicules - arrière,,,,,,,,,,,1,2,1,9.0,2
201200054948,0012-11-18 18:30:00,12,11,18,18,30,750,108,AVENUE DES CHAMPS ELYSEE,,,Nuit avec éclairage allumé,En agglomération,Hors intersection,Temps couvert,Autre collision,,,,,,,,,,,5,2,1,8.0,6
201200054949,0012-11-19 08:15:00,12,11,19,8,15,750,108,"31, AVENUE GEORGE V",,,Plein jour,En agglomération,Hors intersection,Normale,Deux véhicules - côté,,,,,,,,,,,1,2,1,1.0,3
201200054950,0012-11-19 13:00:00,12,11,19,13,0,750,108,"15, AVENUE DE FRIEDLAND",,,Plein jour,En agglomération,Intersection en Y,Normale,Trois véhicules et plus - collisions multiples,,,,,,,,,,,1,2,4,1.0,5
201200054951,0012-11-20 08:30:00,12,11,20,8,30,750,108,COURS ALBERT 1ER,,,Plein jour,En agglomération,Intersection en T,Normale,Deux véhicules - côté,,,,,,,,,,,1,2,3,1.0,3
201200054952,0012-11-21 17:10:00,12,11,21,17,10,750,116,PLACE CHARLES DE GAULLE,,,Crépuscule ou aube,En agglomération,Place,Normale,Sans collision,,,,,,,,,,,2,2,7,1.0,7
201200054953,0012-11-22 01:10:00,12,11,22,1,10,750,108,COURS ALBERT 1ER,,,Nuit avec éclairage allumé,En agglomération,Hors intersection,Normale,Autre collision,,,,,,,,,,,5,2,1,1.0,6
201200054954,0012-11-22 10:15:00,12,11,22,10,15,750,108,"36, AVENUE GEORGE V",,,Plein jour,En agglomération,Hors intersection,Normale,Deux véhicules - arrière,,,,,,,,,,,1,2,1,1.0,2
201200054955,0012-11-23 15:50:00,12,11,23,15,50,750,108,"12, RUE TRONCHET",,,Plein jour,En agglomération,Hors intersection,Pluie légère,Deux véhicules - arrière,,,,,,,,,,,1,2,1,2.0,2
201200054956,0012-11-23 20:10:00,12,11,23,20,10,750,108,"25, AVENUE DES CHAMPS EL",,,Nuit avec éclairage allumé,En agglomération,Hors intersection,Normale,Deux véhicules - arrière,,,,,,,,,,,5,2,1,1.0,2
201200054957,0012-11-24 17:15:00,12,11,24,17,15,750,108,PLACE DE LA CONCORDE,,,Crépuscule ou aube,En agglomération,Hors intersection,Normale,Deux véhicules - côté,,,,,,,,,,,2,2,1,1.0,3
201200054958,0012-11-25 13:30:00,12,11,25,13,30,750,108,PLACE DE LA CONCORDE,,,Plein jour,En agglomération,Place,Normale,Deux véhicules - frontale,,,,,,,,,,,1,2,7,1.0,1
201200054959,0012-11-25 17:00:00,12,11,25,17,0,750,108,AVENUE MATIGNON,,,Nuit avec éclairage allumé,En agglomération,Hors intersection,Normale,Autre collision,,,,,,,,,,,5,2,1,1.0,6
201200054960,0012-11-26 10:20:00,12,11,26,10,20,750,108,RUE DE LA PEPINIERE,,,Plein jour,En agglomération,Intersection à plus de 4 branches,Normale,Sans collision,,,,,,,,,,,1,2,5,1.0,7
201200054961,0012-11-26 17:55:00,12,11,26,17,55,750,108,VOIE GEORGES POMPIDOU,,,Nuit avec éclairage allumé,En agglomération,Hors intersection,Normale,Deux véhicules - arrière,,,,,,,,,,,5,2,1,1.0,2
201200054962,0012-11-27 08:35:00,12,11,27,8,35,750,108,"21, RUE ROYALE",,,Plein jour,En agglomération,Hors intersection,Temps couvert,Deux véhicules - arrière,,,,,,,,,,,1,2,1,8.0,2
201200054963,0012-11-27 11:25:00,12,11,27,11,25,750,108,"10, PLACE DE LA MADELEIN",,,Plein jour,En agglomération,Hors intersection,Temps couvert,Autre collision,,,,,,,,,,,1,2,1,8.0,6
201200054964,0012-11-28 17:15:00,12,11,28,17,15,750,108,RUE PASQUIER,,,Nuit avec éclairage allumé,En agglomération,Hors intersection,Pluie légère,Autre collision,,,,,,,,,,,5,2,1,2.0,6
201200054965,0012-11-29 08:05:00,12,11,29,8,5,750,108,AVENUE WINSTON CHURCHILL,,,Plein jour,En agglomération,Hors intersection,Pluie légère,Deux véhicules - arrière,,,,,,,,,,,1,2,1,2.0,2
201200054966,0012-11-29 11:20:00,12,11,29,11,20,750,108,"10, RUE ROYALE",,,Plein jour,En agglomération,Hors intersection,Normale,Deux véhicules - arrière,,,,,,,,,,,1,2,1,1.0,2
201200054967,0012-11-29 19:50:00,12,11,29,19,50,750,108,"4, BOULEVARD MALESHERBES",,,Crépuscule ou aube,En agglomération,Intersection en Y,Normale,Deux véhicules - arrière,,,,,,,,,,,2,2,4,1.0,2
201200054968,0012-11-29 21:30:00,12,11,29,21,30,750,108,COURS LA REINE,,,Nuit avec éclairage allumé,En agglomération,Hors intersection,Normale,Autre collision,,,,,,,,,,,5,2,1,1.0,6
201200054969,0012-11-30 06:15:00,12,11,30,6,15,750,108,"40, RUE DE L ARCADE",,,Nuit avec éclairage allumé,En agglomération,Intersection en X,Normale,Deux véhicules - côté,,,,,,,,,,,5,2,2,1.0,3
201200054970,0012-12-01 02:25:00,12,12,1,2,25,750,108,"113, RUE DU FAUBOURG SAI",,,Nuit avec éclairage allumé,En agglomération,Intersection en X,Normale,Autre collision,,,,,,,,,,,5,2,2,1.0,6
201200054971,0012-12-01 06:00:00,12,12,1,6,0,750,108,PLACE DE LA CONCORDE,,,Nuit avec éclairage allumé,En agglomération,Place,Normale,Autre collision,,,,,,,,,,,5,2,7,1.0,6
201200054972,0012-12-02 00:01:00,12,12,2,0,1,750,108,"6, AVENUE DE WAGRAM",,,Nuit avec éclairage allumé,En agglomération,Intersection en X,Pluie légère,Deux véhicules - arrière,,,,,,,,,,,5,2,2,2.0,2
201200054973,0012-12-03 11:40:00,12,12,3,11,40,750,108,"126, BOULEVARD HAUSSMANN",,,Plein jour,En agglomération,Hors intersection,Pluie légère,Sans collision,,,,,,,,,,,1,2,1,2.0,7
201200054974,0012-12-03 15:05:00,12,12,3,15,5,750,108,"144, AVENUE DES CHAMPS E",,,Plein jour,En agglomération,Hors intersection,Normale,Deux véhicules - côté,,,,,,,,,,,1,2,1,1.0,3
201200054975,0012-12-04 11:45:00,12,12,4,11,45,750,108,"98, GALERIE ELYSEES LA B",,,Plein jour,En agglomération,Intersection en T,Normale,Deux véhicules - côté,,,,,,,,,,,1,2,3,1.0,3
201200054976,0012-12-04 20:50:00,12,12,4,20,50,750,108,"3, RUE DES SAUSSAIES",,,Nuit avec éclairage allumé,En agglomération,Place,Normale,Autre collision,,,,,,,,,,,5,2,7,1.0,6
201200054977,0012-12-05 18:45:00,12,12,5,18,45,750,108,BOULEVARD HAUSSMANN,,,Nuit avec éclairage allumé,En agglomération,Intersection en X,Pluie légère,Deux véhicules - côté,,,,,,,,,,,5,2,2,2.0,3
201200054978,0012-12-06 02:20:00,12,12,6,2,20,750,108,PLACE DE LA MADELEINE,,,Nuit avec éclairage allumé,En agglomération,Place,Normale,Autre collision,,,,,,,,,,,5,2,7,1.0,6
201200054979,0012-12-06 09:40:00,12,12,6,9,40,750,108,SOUTERRAIN CONCORDE,,,Plein jour,En agglomération,Hors intersection,Normale,Autre collision,,,,,,,,,,,1,2,1,1.0,6
201200054980,0012-12-06 13:50:00,12,12,6,13,50,750,108,"32, RUE WASHINGTON",,,Plein jour,En agglomération,Hors intersection,Normale,Deux véhicules - arrière,,,,,,,,,,,1,2,1,1.0,2
201200054981,0012-12-06 15:20:00,12,12,6,15,20,750,108,"02, AVENUE HOCHE",,,Plein jour,En agglomération,Hors intersection,Normale,Autre collision,,,,,,,,,,,1,2,1,1.0,6
201200054982,0012-12-06 22:20:00,12,12,6,22,20,750,108,"12, AVENUE PERCIER",,,Nuit avec éclairage allumé,En agglomération,Intersection en T,Normale,Autre collision,,,,,,,,,,,5,2,3,1.0,6
201200054983,0012-12-06 22:20:00,12,12,6,22,20,750,108,PLACE DE LA CONCORDE,,,Nuit avec éclairage allumé,En agglomération,Hors intersection,Temps couvert,Deux véhicules - côté,,,,,,,,,,,5,2,1,8.0,3
201200054984,0012-12-07 11:05:00,12,12,7,11,5,750,108,"60, RUE DE COURCELLES",,,Plein jour,En agglomération,Intersection en Y,Pluie légère,Deux véhicules - arrière,,,,,,,,,,,1,2,4,2.0,2
201200054985,0012-12-11 12:30:00,12,12,11,12,30,750,108,"17, RUE CLEMENT MAROT",,,Plein jour,En agglomération,Intersection en X,Normale,Deux véhicules - arrière,,,,,,,,,,,1,2,2,1.0,2
201200054986,0012-12-11 13:50:00,12,12,11,13,50,750,108,"115, BOULEVARD HAUSSMANN",,,Plein jour,En agglomération,Intersection à plus de 4 branches,Normale,Deux véhicules - côté,,,,,,,,,,,1,2,5,1.0,3
201200054987,0012-12-12 14:00:00,12,12,12,14,0,750,108,"93, BOULEVARD MALESHERBE",,,Plein jour,En agglomération,Hors intersection,Normale,Autre collision,,,,,,,,,,,1,2,1,1.0,6
201200054988,0012-12-12 15:30:00,12,12,12,15,30,750,108,"103, BOULEVARD MALESHERB",,,Plein jour,En agglomération,Intersection en X,Normale,Deux véhicules - côté,,,,,,,,,,,1,2,2,1.0,3
201200054989,0012-12-13 14:20:00,12,12,13,14,20,750,108,"275, RUE SAINT HONORE",,,Plein jour,En agglomération,Intersection en X,Pluie légère,Autre collision,,,,,,,,,,,1,2,2,2.0,6
201200054990,0012-12-13 19:00:00,12,12,13,19,0,750,108,AVENUE WINSTON CHURCHILL,,,Nuit avec éclairage allumé,En agglomération,Hors intersection,Pluie légère,Deux véhicules - arrière,,,,,,,,,,,5,2,1,2.0,2
201200054991,0012-12-14 07:20:00,12,12,14,7,20,750,108,AVENUE DE FRIEDLAND,,,Nuit avec éclairage allumé,En agglomération,Hors intersection,Pluie légère,Autre collision,,,,,,,,,,,5,2,1,2.0,6
201200054992,0012-12-14 08:30:00,12,12,14,8,30,750,108,RUE CHAUVEAU LAGARDE,,,Plein jour,En agglomération,Intersection en X,Pluie légère,Deux véhicules - arrière,,,,,,,,,,,1,2,2,2.0,2
201200054993,0012-12-14 19:20:00,12,12,14,19,20,750,108,AVENUE DES CHAMPS ELYSEE,,,Nuit avec éclairage allumé,En agglomération,Intersection en X,Pluie légère,Deux véhicules - côté,,,,,,,,,,,5,2,2,2.0,3
201200054994,0012-12-15 09:15:00,12,12,15,9,15,750,108,"63, BOULEVARD DES BATIGN",,,Plein jour,En agglomération,Intersection à plus de 4 branches,Normale,Autre collision,,,,,,,,,,,1,2,5,1.0,6
201200054995,0012-12-12 09:45:00,12,12,12,9,45,750,108,"56, RUE DE LONDRES",,,Plein jour,En agglomération,Hors intersection,Normale,Deux véhicules - côté,,,,,,,,,,,1,2,1,1.0,3