accident_id,datetime,annee,mois,jour,heure,minute,departement,commune_insee,adresse,latitude,longitude,luminosite,agglomeration,intersection,meteo,collision,nb_vehicules,nb_usagers,nb_indemnes,nb_tues,nb_blesses_hosp,nb_blesses_legers,age_cond_1,age_cond_2,veh_type_cond_1,veh_type_cond_2,lum_code,agg_code,int_code,atm_code,col_code
201200055125,0012-07-12 20:53:00,12,7,12,20,53,750,109,"79, RUE DE LA VICTOIRE",,,Crépuscule ou aube,En agglomération,Intersection en X,Pluie légère,Autre collision,,,,,,,,,,,2,2,2,2.0,6
201200055126,0012-07-20 01:50:00,12,7,20,1,50,750,109,"12, BOULEVARD HAUSSMANN",,,Nuit avec éclairage allumé,En agglomération,Intersection en X,Normale,Deux véhicules - côté,,,,,,,,,,,5,2,2,1.0,3
201200055127,0012-07-20 18:20:00,12,7,20,18,20,750,109,"3, RUE GODOT DE MAUROY",,,Plein jour,En agglomération,Intersection en X,Temps couvert,Sans collision,,,,,,,,,,,1,2,2,8.0,7
201200055128,0012-07-23 20:10:00,12,7,23,20,10,750,109,"75bis, BOULEVARD DE CLIC",,,Plein jour,En agglomération,Intersection en T,Normale,Deux véhicules - côté,,,,,,,,,,,1,2,3,1.0,3
201200055129,0012-07-23 18:50:00,12,7,23,18,50,750,109,"37, RUE NOTRE DAME DE LO",,,Plein jour,En agglomération,Hors intersection,Normale,Autre collision,,,,,,,,,,,1,2,1,1.0,6
201200055130,0012-07-25 13:50:00,12,7,25,13,50,750,109,RUE DU FAUBOURG POISSONN,,,Plein jour,En agglomération,Intersection en X,Normale,Autre collision,,,,,,,,,,,1,2,2,1.0,6
201200055131,0012-07-25 21:05:00,12,7,25,21,5,750,109,"19, RUE DE CHATEAUDUN",,,Crépuscule ou aube,En agglomération,Intersection en T,Normale,Sans collision,,,,,,,,,,,2,2,3,1.0,7
201200055132,0012-07-28 19:00:00,12,7,28,19,0,750,109,"13, RUE DUPERRE",,,Plein jour,En agglomération,Intersection en Y,Normale,Autre collision,,,,,,,,,,,1,2,4,1.0,6
201200055133,0012-07-31 07:30:00,12,7,31,7,30,750,109,"5, RUE AUBER",,,Plein jour,En agglomération,Place,Normale,Sans collision,,,,,,,,,,,1,2,7,1.0,7
201200055134,0012-08-15 03:00:00,12,8,15,3,0,750,109,"8, BOULEVARD MONTMARTRE",,,Nuit avec éclairage allumé,En agglomération,Hors intersection,Normale,Autre collision,,,,,,,,,,,5,2,1,1.0,6
201200055135,0012-08-17 13:00:00,12,8,17,13,0,750,109,"63, RUE DU FAUBOURG MONT",,,Plein jour,En agglomération,Hors intersection,Normale,Autre collision,,,,,,,,,,,1,2,1,1.0,6
201200055136,0012-08-17 15:20:00,12,8,17,15,20,750,109,"1, PLACE BLANCHE",,,Plein jour,En agglomération,Place,Normale,Deux véhicules - côté,,,,,,,,,,,1,2,7,1.0,3
201200055137,0012-08-18 11:50:00,12,8,18,11,50,750,109,RUE LA FAYETTE,,,Plein jour,En agglomération,Intersection à plus de 4 branches,Normale,Autre collision,,,,,,,,,,,1,2,5,1.0,6
201200055138,0012-08-18 23:05:00,12,8,18,23,5,750,109,BOULEVARD DE ROCHECHOUAR,,,Nuit avec éclairage allumé,En agglomération,Hors intersection,Normale,Autre collision,,,,,,,,,,,5,2,1,1.0,6
201200055139,0012-08-22 18:30:00,12,8,22,18,30,750,109,PLACE DIAGHILEV,,,Plein jour,En agglomération,Place,Normale,Deux véhicules - côté,,,,,,,,,,,1,2,7,1.0,3
201200055140,0012-08-23 10:20:00,12,8,23,10,20,750,109,BOULEVARD MONTMARTRE,,,Plein jour,En agglomération,Intersection en X,Normale,Autre collision,,,,,,,,,,,1,2,2,1.0,6
201200055141,0012-08-23 13:30:00,12,8,23,13,30,750,109,"79, RUE DE LA VICTOIRE",,,Plein jour,En agglomération,Intersection en X,Temps éblouissant,Autre collision,,,,,,,,,,,1,2,2,7.0,6
201200055142,0012-08-23 09:15:00,12,8,23,9,15,750,109,"17, RUE AUBER",,,Plein jour,En agglomération,Intersection à plus de 4 branches,Normale,Autre collision,,,,,,,,,,,1,2,5,1.0,6
201200055143,0012-08-25 05:35:00,12,8,25,5,35,750,109,"29, BOULEVARD DE ROCHECH",,,Nuit avec éclairage allumé,En agglomération,Hors intersection,Normale,Deux véhicules - arrière,,,,,,,,,,,5,2,1,1.0,2
201200055144,0012-08-29 09:00:00,12,8,29,9,0,750,109,"37, RUE DE CLICHY",,,Plein jour,En agglomération,Intersection en T,Normale,Deux véhicules - côté,,,,,,,,,,,1,2,3,1.0,3
201200055145,0012-08-28 15:25:00,12,8,28,15,25,750,109,"35, RUE LA FAYETTE",,,Plein jour,En agglomération,Intersection en X,Normale,Sans collision,,,,,,,,,,,1,2,2,1.0,7
201200055146,0012-08-31 19:51:00,12,8,31,19,51,750,109,"49, RUE DU FAUBOURG POIS",,,Crépuscule ou aube,En agglomération,Hors intersection,Normale,Deux véhicules - arrière,,,,,,,,,,,2,2,1,1.0,2
201200055147,0012-09-01 16:40:00,12,9,1,16,40,750,109,"82, RUE LA FAYETTE",,,Plein jour,En agglomération,Intersection à plus de 4 branches,Normale,Deux véhicules - côté,,,,,,,,,,,1,2,5,1.0,3
201200055148,0012-09-03 15:00:00,12,9,3,15,0,750,109,"61, RUE LA FAYETTE",,,Plein jour,En agglomération,Intersection en X,Normale,Deux véhicules - côté,,,,,,,,,,,1,2,2,1.0,3
201200055149,0012-09-09 15:55:00,12,9,9,15,55,750,109,"2, RUE D AMSTERDAM",,,Plein jour,En agglomération,Intersection en X,Normale,Sans collision,,,,,,,,,,,1,2,2,1.0,7
201200055150,0012-09-09 21:40:00,12,9,9,21,40,750,109,"69, BOULEVARD DE CLICHY",,,Nuit avec éclairage allumé,En agglomération,Hors intersection,Normale,Deux véhicules - arrière,,,,,,,,,,,5,2,1,1.0,2
201200055151,0012-09-10 16:25:00,12,9,10,16,25,750,109,"73, RUE BLANCHE",,,Plein jour,En agglomération,Intersection en X,Normale,Autre collision,,,,,,,,,,,1,2,2,1.0,6
201200055152,0012-09-11 09:00:00,12,9,11,9,0,750,109,"69, RUE DE DOUAI",,,Plein jour,En agglomération,Intersection en T,Normale,Sans collision,,,,,,,,,,,1,2,3,1.0,7
201200055153,0012-09-11 16:00:00,12,9,11,16,0,750,109,"54, RUE DE CLICHY",,,Plein jour,En agglomération,Intersection en T,Pluie forte,Deux véhicules - arrière,,,,,,,,,,,1,2,3,3.0,2
201200055154,0012-09-11 19:30:00,12,9,11,19,30,750,109,"17, RUE VICTOR MASSE",,,Plein jour,En agglomération,Hors intersection,Normale,Deux véhicules - arrière,,,,,,,,,,,1,2,1,1.0,2
201200055155,0012-09-13 14:20:00,12,9,13,14,20,750,109,"65, RUE DES MARTYRS",,,Plein jour,En agglomération,Intersection en Y,Normale,Deux véhicules - côté,,,,,,,,,,,1,2,4,1.0,3
201200055156,0012-09-13 18:30:00,12,9,13,18,30,750,109,"52, RUE DE LA CHAUSSEE D",,,Plein jour,En agglomération,Hors intersection,Normale,Autre collision,,,,,,,,,,,1,2,1,1.0,6
201200055157,0012-09-16 17:00:00,12,9,16,17,0,750,109,"4, PLACE DE CLICHY",,,Plein jour,En agglomération,Place,Normale,Sans collision,,,,,,,,,,,1,2,7,1.0,7
201200055158,0012-09-19 11:00:00,12,9,19,11,0,750,109,"38, RUE D AMSTERDAM",,,Plein jour,En agglomération,Intersection à plus de 4 branches,Normale,Deux véhicules - côté,,,,,,,,,,,1,2,5,1.0,3
201200055159,0012-09-23 16:25:00,12,9,23,16,25,750,102,"53, BOULEVARD DES CAPUCI",,,Plein jour,En agglomération,Intersection à plus de 4 branches,Normale,Autre collision,,,,,,,,,,,1,2,5,1.0,6
201200055160,0012-09-24 16:05:00,12,9,24,16,5,750,109,"62, RUE DU FAUBOURG MONT",,,Plein jour,En agglomération,Intersection en X,Normale,Deux véhicules - côté,,,,,,,,,,,1,2,2,1.0,3
201200055161,0012-09-25 16:00:00,12,9,25,16,0,750,109,"101, RUE SAINT LAZARE",,,Plein jour,En agglomération,Hors intersection,Normale,Autre collision,,,,,,,,,,,1,2,1,1.0,6
201200055162,0012-09-27 10:20:00,12,9,27,10,20,750,109,"5, RUE AMBROISE THOMAS",,,Plein jour,En agglomération,Hors intersection,Pluie légère,Autre collision,,,,,,,,,,,1,2,1,2.0,6
201200055163,0012-09-27 10:00:00,12,9,27,10,0,750,109,"45, BOULEVARD DE ROCHECH",,,Plein jour,En agglomération,Hors intersection,Pluie légère,Autre collision,,,,,,,,,,,1,2,1,2.0,6
201200055164,0012-09-28 13:40:00,12,9,28,13,40,750,109,"21, RUE DU FAUBOURG POIS",,,Plein jour,En agglomération,Intersection en T,Normale,Autre collision,,,,,,,,,,,1,2,3,1.0,6
201200055165,0012-09-29 16:10:00,12,9,29,16,10,750,109,"01, BOULEVARD HAUSSMANN",,,Plein jour,En agglomération,Intersection en X,Normale,Deux véhicules - côté,,,,,,,,,,,1,2,2,1.0,3
201200055166,0012-10-02 00:30:00,12,10,2,0,30,750,109,"2, PLACE DE BUDAPEST",,,Nuit avec éclairage allumé,En agglomération,Place,Pluie légère,Autre collision,,,,,,,,,,,5,2,7,2.0,6
201200055167,0012-10-03 01:30:00,12,10,3,1,30,750,109,"03, RUE LA FAYETTE",,,Nuit avec éclairage allumé,En agglomération,Hors intersection,Normale,Sans collision,,,,,,,,,,,5,2,1,1.0,7
201200055168,0012-10-04 07:55:00,12,10,4,7,55,750,104,"02, RUE DE LA CITE",,,Crépuscule ou aube,En agglomération,Place,Pluie forte,Autre collision,,,,,,,,,,,2,2,7,3.0,6
201200055169,0012-10-04 09:15:00,12,10,4,9,15,750,109,"28, BOULEVARD HAUSSMANN",,,Plein jour,En agglomération,Intersection en X,Pluie légère,Deux véhicules - arrière,,,,,,,,,,,1,2,2,2.0,2
201200055170,0012-10-04 13:25:00,12,10,4,13,25,750,109,"01, RUE DE CLICHY",,,Plein jour,En agglomération,Intersection en X,Normale,Deux véhicules - arrière,,,,,,,,,,,1,2,2,1.0,2
201200055171,0012-10-05 20:15:00,12,10,5,20,15,750,109,"2, RUE HALEVY",,,Nuit avec éclairage allumé,En agglomération,Place,Normale,Autre collision,,,,,,,,,,,5,2,7,1.0,6
201200055172,0012-10-05 20:30:00,12,10,5,20,30,750,109,"19, RUE MILTON",,,Nuit avec éclairage allumé,En agglomération,Intersection en T,Normale,Autre collision,,,,,,,,,,,5,2,3,1.0,6
201200055173,0012-10-03 22:00:00,12,10,3,22,0,750,109,RUE LAFFITTE,,,Nuit avec éclairage allumé,En agglomération,Intersection en X,Pluie forte,Deux véhicules - arrière,,,,,,,,,,,5,2,2,3.0,2
201200055174,0012-10-09 09:35:00,12,10,9,9,35,750,109,"1, RUE DE CLICHY",,,Plein jour,En agglomération,Place,Pluie légère,Deux véhicules - côté,,,,,,,,,,,1,2,7,2.0,3
201200055175,0012-10-09 17:30:00,12,10,9,17,30,750,109,"12, BOULEVARD DES CAPUCI",,,Plein jour,En agglomération,Place,Normale,Autre collision,,,,,,,,,,,1,2,7,1.0,6
201200055176,0012-10-09 19:35:00,12,10,9,19,35,750,109,"91, RUE LA FAYETTE",,,Nuit avec éclairage allumé,En agglomération,Intersection en X,Normale,Sans collision,,,,,,,,,,,5,2,2,1.0,7
201200055177,0012-10-12 19:10:00,12,10,12,19,10,750,109,"81, RUE LA FAYETTE",,,Nuit avec éclairage allumé,En agglomération,Intersection à plus de 4 branches,Normale,Deux véhicules - côté,,,,,,,,,,,5,2,5,1.0,3
201200055178,0012-10-14 12:40:00,12,10,14,12,40,750,109,"09, RUE AUBER",,,Plein jour,En agglomération,Hors intersection,Pluie forte,Deux véhicules - arrière,,,,,,,,,,,1,2,1,3.0,2
201200055179,0012-10-15 07:25:00,12,10,15,7,25,750,109,"39, RUE SAINT LAZARE",,,Plein jour,En agglomération,Hors intersection,Normale,Autre collision,,,,,,,,,,,1,2,1,1.0,6
201200055180,0012-10-16 06:10:00,12,10,16,6,10,750,109,"36, BOULEVARD HAUSSMANN",,,Nuit avec éclairage allumé,En agglomération,Hors intersection,Pluie légère,Autre collision,,,,,,,,,,,5,2,1,2.0,6
201200055181,0012-10-16 15:25:00,12,10,16,15,25,750,109,"2, PLACE D ESTIENNE D OR",,,Plein jour,En agglomération,Hors intersection,Normale,Autre collision,,,,,,,,,,,1,2,1,1.0,6
201200055182,0012-10-18 07:25:00,12,10,18,7,25,750,109,"2, PLACE LILI BOULANGER",,,Crépuscule ou aube,En agglomération,Place,Temps couvert,Deux véhicules - côté,,,,,,,,,,,2,2,7,8.0,3
201200055183,0012-10-22 21:15:00,12,10,22,21,15,750,109,"01, PLACE KOSSUTH",,,Nuit avec éclairage allumé,En agglomération,Intersection en X,Normale,Deux véhicules - côté,,,,,,,,,,,5,2,2,1.0,3
201200055184,0012-10-24 10:35:00,12,10,24,10,35,750,109,"20, RUE DE MOGADOR",,,Plein jour,En agglomération,Intersection en X,Normale,Autre collision,,,,,,,,,,,1,2,2,1.0,6
201200055185,0012-10-25 01:00:00,12,10,25,1,0,750,103,"44, RUE CHARLOT",,,Nuit avec éclairage allumé,En agglomération,Intersection en X,Normale,Sans collision,,,,,,,,,,,5,2,2,1.0,7
201200055186,0012-10-27 04:15:00,12,10,27,4,15,750,109,"07, RUE FROCHOT",,,Nuit avec éclairage allumé,En agglomération,Hors intersection,Normale,Autre collision,,,,,,,,,,,5,2,1,1.0,6
201200055187,0012-10-31 09:37:00,12,10,31,9,37,750,109,"40, RUE DE CHATEAUDUN",,,Plein jour,En agglomération,Intersection en X,Normale,Deux véhicules - côté,,,,,,,,,,,1,2,2,1.0,3
201200055188,0012-11-04 00:50:00,12,11,4,0,50,750,109,"24, RUE LE PELETIER",,,Nuit avec éclairage allumé,En agglomération,Hors intersection,Normale,Deux véhicules - arrière,,,,,,,,,,,5,2,1,1.0,2
201200055189,0012-11-07 18:20:00,12,11,7,18,20,750,109,RUE HALEVY,,,Nuit avec éclairage allumé,En agglomération,Place,Normale,Autre collision,,,,,,,,,,,5,2,7,1.0,6
201200055190,0012-11-13 18:10:00,12,11,13,18,10,750,109,"41, RUE DU FAUBOURG POIS",,,Nuit avec éclairage allumé,En agglomération,Intersection en X,Normale,Autre collision,,,,,,,,,,,5,2,2,1.0,6
201200055191,0012-11-14 22:45:00,12,11,14,22,45,750,109,"17, RUE MONCEY",,,Nuit avec éclairage allumé,En agglomération,Hors intersection,Normale,Autre collision,,,,,,,,,,,5,2,1,1.0,6
201200055192,0012-11-17 17:00:00,12,11,17,17,0,750,109,"63, BOULEVARD DE ROCHECH",,,Nuit avec éclairage allumé,En agglomération,Intersection à plus de 4 branches,Normale,Deux véhicules - côté,,,,,,,,,,,5,2,5,1.0,3
201200055193,0012-11-19 15:17:00,12,11,19,15,17,750,109,"79, RUE SAINT LAZARE",,,Plein jour,En agglomération,Intersection à plus de 4 branches,Normale,Deux véhicules - côté,,,,,,,,,,,1,2,5,1.0,3
201200055194,0012-11-19 16:30:00,12,11,19,16,30,750,109,"18, RUE LE PELETIER",,,Plein jour,En agglomération,Intersection en X,Normale,Deux véhicules - côté,,,,,,,,,,,1,2,2,1.0,3
201200055195,0012-11-21 16:37:00,12,11,21,16,37,750,109,"52, RUE DU FAUBOURG MONT",,,Crépuscule ou aube,En agglomération,Intersection en X,Normale,Autre collision,,,,,,,,,,,2,2,2,1.0,6
201200055196,0012-11-22 12:40:00,12,11,22,12,40,750,109,"57, RUE DU FAUBOURG MONT",,,Plein jour,En agglomération,Intersection en X,Normale,Autre collision,,,,,,,,,,,1,2,2,1.0,6
201200055197,0012-11-25 02:10:00,12,11,25,2,10,750,109,"82, RUE DE CLICHY",,,Nuit avec éclairage allumé,En agglomération,Hors intersection,Normale,Trois véhicules et plus - en chaîne,,,,,,,,,,,5,2,1,1.0,4
201200055198,0012-11-28 13:48:00,12,11,28,13,48,750,109,"15, RUE CHORON",,,Plein jour,En agglomération,Intersection en T,Normale,Autre collision,,,,,,,,,,,1,2,3,1.0,6
201200055199,0012-11-29 01:57:00,12,11,29,1,57,750,109,"29, RUE DE CHATEAUDUN",,,Nuit avec éclairage allumé,En agglomération,Intersection en X,Normale,Deux véhicules - arrière,,,,,,,,,,,5,2,2,1.0,2
201200055200,0012-11-29 09:30:00,12,11,29,9,30,750,109,"24, RUE DE MOGADOR",,,Plein jour,En agglomération,Intersection en X,Pluie légère,Sans collision,,,,,,,,,,,1,2,2,2.0,7
201200055201,0012-11-29 21:20:00,12,11,29,21,20,750,109,"21, BOULEVARD DE ROCHECH",,,Nuit avec éclairage allumé,En agglomération,Hors intersection,Normale,Autre collision,,,,,,,,,,,5,2,1,1.0,6
201200055202,0012-11-29 21:15:00,12,11,29,21,15,750,109,"20, RUE LA FAYETTE",,,Nuit avec éclairage allumé,En agglomération,Intersection en Y,Normale,Deux véhicules - côté,,,,,,,,,,,5,2,4,1.0,3
201200055203,0012-12-02 01:20:00,12,12,2,1,20,750,109,"45, RUE LA FAYETTE",,,Nuit avec éclairage allumé,En agglomération,Intersection à plus de 4 branches,Normale,Deux véhicules - arrière,,,,,,,,,,,5,2,5,1.0,2
201200055204,0012-12-04 06:40:00,12,12,4,6,40,750,109,BOULEVARD HAUSSMANN,,,Nuit avec éclairage allumé,En agglomération,Intersection en T,Pluie forte,Deux véhicules - arrière,,,,,,,,,,,5,2,3,3.0,2
201200055205,0012-12-03 21:30:00,12,12,3,21,30,750,109,"9, RUE AUBER",,,Nuit avec éclairage allumé,En agglomération,Intersection en Y,Normale,Deux véhicules - arrière,,,,,,,,,,,5,2,4,1.0,2
201200055206,0012-12-07 16:30:00,12,12,7,16,30,750,109,"24, RUE DES MATHURINS",,,Plein jour,En agglomération,Intersection en T,Pluie légère,Autre collision,,,,,,,,,,,1,2,3,2.0,6
201200055207,0012-12-10 18:55:00,12,12,10,18,55,750,108,"01, RUE DU HAVRE",,,Nuit avec éclairage allumé,En agglomération,Intersection à plus de 4 branches,Normale,Deux véhicules - côté,,,,,,,,,,,5,2,5,1.0,3
201200055208,0012-12-15 20:45:00,12,12,15,20,45,750,109,"2, BOULEVARD DE LA MADEL",,,Nuit avec éclairage allumé,En agglomération,Intersection à plus de 4 branches,Pluie forte,Autre collision,,,,,,,,,,,5,2,5,3.0,6
201200055209,0012-12-16 11:15:00,12,12,16,11,15,750,109,"16, BOULEVARD HAUSSMANN",,,Plein jour,En agglomération,Place,Normale,Autre collision,,,,,,,,,,,1,2,7,1.0,6
201200055210,0012-12-21 12:05:00,12,12,21,12,5,750,109,"31, RUE DU FAUBOURG POIS",,,Plein jour,En agglomération,Intersection en T,Normale,Deux véhicules - côté,,,,,,,,,,,1,2,3,1.0,3
201200055211,0012-12-21 17:00:00,12,12,21,17,0,750,109,"23, RUE DE LA ROCHEFOUCA",,,Nuit avec éclairage allumé,En agglomération,Intersection en T,Pluie légère,Autre collision,,,,,,,,,,,5,2,3,2.0,6
201200055212,0012-12-23 16:45:00,12,12,23,16,45,750,109,"46, BOULEVARD HAUSSMANN",,,Crépuscule ou aube,En agglomération,Place,Normale,Deux véhicules - côté,,,,,,,,,,,2,2,7,1.0,3
201200055213,0012-12-24 19:30:00,12,12,24,19,30,750,109,"3, RUE DE CLICHY",,,Nuit avec éclairage allumé,En agglomération,Place,Normale,Autre collision,,,,,,,,,,,5,2,7,1.0,6
201200055214,0012-12-31 05:30:00,12,12,31,5,30,750,109,"88, RUE DE CLICHY",,,Nuit avec éclairage allumé,En agglomération,Place,Normale,Deux véhicules - arrière,,,,,,,,,,,5,2,7,1.0,2
201200055215,0012-01-01 03:30:00,12,1,1,3,30,750,110,"1, RUE D ENGHIEN",,,Nuit avec éclairage allumé,En agglomération,Intersection en X,Normale,Sans collision,,,,,,,,,,,5,2,2,1.0,7
201200055216,0012-01-03 19:30:00,12,1,3,19,30,750,110,"2, BOULEVARD DE MAGENTA",,,Nuit avec éclairage allumé,En agglomération,Place,Pluie légère,Sans collision,,,,,,,,,,,5,2,7,2.0,7
201200055217,0012-01-04 16:00:00,12,1,4,16,0,750,110,BOULEVARD DE STRASBOURG,,,Plein jour,En agglomération,Hors intersection,Pluie forte,Deux véhicules - côté,,,,,,,,,,,1,2,1,3.0,3
201200055218,0012-01-05 08:05:00,12,1,5,8,5,750,110,"1, RUE PERDONNET",,,Nuit sans éclairage public,En agglomération,Intersection à plus de 4 branches,Pluie légère,Autre collision,,,,,,,,,,,3,2,5,2.0,6
201200055219,0012-01-07 22:15:00,12,1,7,22,15,750,110,"62, AVENUE CLAUDE VELLEF",,,Nuit avec éclairage allumé,En agglomération,Hors intersection,Normale,Deux véhicules - arrière,,,,,,,,,,,5,2,1,1.0,2
201200055220,0012-01-10 10:20:00,12,1,10,10,20,750,110,"145, AVENUE PARMENTIER",,,Plein jour,En agglomération,Intersection en T,Normale,Autre collision,,,,,,,,,,,1,2,3,1.0,6
201200055221,0012-01-16 07:35:00,12,1,16,7,35,750,110,"03, RUE DU HUIT MAI 1945",,,Crépuscule ou aube,En agglomération,Hors intersection,Normale,Deux véhicules - arrière,,,,,,,,,,,2,2,1,1.0,2
201200055222,0012-01-16 14:20:00,12,1,16,14,20,750,110,"22, AVENUE CLAUDE VELLEF",,,Plein jour,En agglomération,Intersection à plus de 4 branches,Normale,Deux véhicules - arrière,,,,,,,,,,,1,2,5,1.0,2
201200055223,0012-01-17 20:20:00,12,1,17,20,20,750,110,"37, BOULEVARD DE LA CHAP",,,Nuit avec éclairage allumé,En agglomération,Intersection à plus de 4 branches,Normale,Deux véhicules - côté,,,,,,,,,,,5,2,5,1.0,3
201200055224,0012-01-18 09:10:00,12,1,18,9,10,750,110,"14 bis, RUE DU BUISSON S",,,Plein jour,En agglomération,Intersection en T,Normale,Deux véhicules - arrière,,,,,,,,,,,1,2,3,1.0,2
201200055225,0012-01-20 14:45:00,12,1,20,14,45,750,110,"16, RUE DU CHATEAU D EAU",,,Plein jour,En agglomération,Intersection en X,Pluie légère,Deux véhicules - côté,,,,,,,,,,,1,2,2,2.0,3
201200055226,0012-01-21 09:50:00,12,1,21,9,50,750,110,"247, RUE LA FAYETTE",,,Plein jour,En agglomération,Intersection à plus de 4 branches,Pluie légère,Deux véhicules - arrière,,,,,,,,,,,1,2,5,2.0,2
201200055227,0012-01-21 20:35:00,12,1,21,20,35,750,110,"153, BOULEVARD DE MAGENT",,,Nuit avec éclairage allumé,En agglomération,Hors intersection,Pluie légère,Sans collision,,,,,,,,,,,5,2,1,2.0,7
201200055228,0012-01-21 21:00:00,12,1,21,21,0,750,110,"5, PLACE DE LA BATAILLE",,,Nuit avec éclairage allumé,En agglomération,Hors intersection,Pluie légère,Autre collision,,,,,,,,,,,5,2,1,2.0,6
201200055229,0012-01-22 02:00:00,12,1,22,2,0,750,110,"137, AVENUE PARMENTIER",,,Nuit avec éclairage allumé,En agglomération,Intersection en X,Normale,Autre collision,,,,,,,,,,,5,2,2,1.0,6
201200055230,0012-01-21 23:20:00,12,1,21,23,20,750,110,"37, RUE D ALSACE",,,Nuit avec éclairage allumé,En agglomération,Hors intersection,Normale,Autre collision,,,,,,,,,,,5,2,1,1.0,6
201200055231,0012-01-25 23:30:00,12,1,25,23,30,750,110,"138, BOULEVARD DE MAGENT",,,Nuit avec éclairage allumé,En agglomération,Hors intersection,Pluie légère,Autre collision,,,,,,,,,,,5,2,1,2.0,6
201200055232,0012-01-25 19:00:00,12,1,25,19,0,750,110,"57, BOULEVARD DE STRASBO",,,Plein jour,En agglomération,Hors intersection,Temps couvert,Autre collision,,,,,,,,,,,1,2,1,8.0,6
201200055233,0012-01-26 19:15:00,12,1,26,19,15,750,110,"2, RUE DU FAUBOURG SAINT",,,Nuit avec éclairage allumé,En agglomération,Intersection à plus de 4 branches,Temps couvert,Autre collision,,,,,,,,,,,5,2,5,8.0,6
201200055234,0012-01-27 21:40:00,12,1,27,21,40,750,110,"158, RUE LA FAYETTE",,,Nuit avec éclairage allumé,En agglomération,Intersection en X,Normale,Deux véhicules - frontale,,,,,,,,,,,5,2,2,1.0,1
201200055235,0012-01-29 15:20:00,12,1,29,15,20,750,110,"10, RUE D ENGHIEN",,,Plein jour,En agglomération,Hors intersection,Normale,Autre collision,,,,,,,,,,,1,2,1,1.0,6
201200055236,0012-01-30 18:00:00,12,1,30,18,0,750,110,"30, BOULEVARD DE MAGENTA",,,Crépuscule ou aube,En agglomération,Hors intersection,Normale,Autre collision,,,,,,,,,,,2,2,1,1.0,6
201200055237,0012-01-30 20:10:00,12,1,30,20,10,750,110,"52, RUE RENE BOULANGER",,,Nuit avec éclairage allumé,En agglomération,Intersection en X,Normale,Sans collision,,,,,,,,,,,5,2,2,1.0,7
201200055238,0012-02-01 12:40:00,12,2,1,12,40,750,110,"127, BOULEVARD DE MAGENT",,,Plein jour,En agglomération,Intersection à plus de 4 branches,Normale,Sans collision,,,,,,,,,,,1,2,5,1.0,7
201200055239,0012-02-03 02:30:00,12,2,3,2,30,750,111,"96, AVENUE PARMENTIER",,,Nuit avec éclairage allumé,En agglomération,Hors intersection,Normale,Sans collision,,,,,,,,,,,5,2,1,1.0,7
201200055240,0012-02-03 15:50:00,12,2,3,15,50,750,110,QUAI DE VALMY,,,Plein jour,En agglomération,Intersection en T,Temps couvert,Deux véhicules - arrière,,,,,,,,,,,1,2,3,8.0,2
201200055241,0012-02-03 17:50:00,12,2,3,17,50,750,110,"19, RUE DU FAUBOURG DU T",,,Nuit avec éclairage allumé,En agglomération,Hors intersection,Normale,Autre collision,,,,,,,,,,,5,2,1,1.0,6
201200055242,0012-02-04 19:10:00,12,2,4,19,10,750,110,"123, RUE DU FAUBOURG DU",,,Nuit avec éclairage allumé,En agglomération,Hors intersection,Normale,Autre collision,,,,,,,,,,,5,2,1,1.0,6
201200055243,0012-02-06 23:00:00,12,2,6,23,0,750,110,"01, RUE DE L AQUEDUC",,,Nuit avec éclairage allumé,En agglomération,Intersection en Y,Normale,Autre collision,,,,,,,,,,,5,2,4,1.0,6
201200055244,0012-02-07 09:55:00,12,2,7,9,55,750,110,"155, BOULEVARD DE LA VIL",,,Plein jour,En agglomération,Hors intersection,Normale,Autre collision,,,,,,,,,,,1,2,1,1.0,6
201200055245,0012-02-10 07:40:00,12,2,10,7,40,750,110,"230, RUE LA FAYETTE",,,Plein jour,En agglomération,Intersection en Y,Normale,Deux véhicules - côté,,,,,,,,,,,1,2,4,1.0,3
201200055246,0012-02-12 00:30:00,12,2,12,0,30,750,110,AVENUE PARMENTIER,,,Nuit avec éclairage allumé,En agglomération,Intersection en X,Normale,Deux véhicules - côté,,,,,,,,,,,5,2,2,1.0,3
201200055247,0012-02-12 23:45:00,12,2,12,23,45,750,110,"133, BOULEVARD DE LA VIL",,,Nuit avec éclairage allumé,En agglomération,Hors intersection,Pluie légère,Deux véhicules - arrière,,,,,,,,,,,5,2,1,2.0,2
201200055248,0012-02-14 15:30:00,12,2,14,15,30,750,110,PLACE DE LA REPUBLIQUE,,,Plein jour,En agglomération,Place,Normale,Deux véhicules - arrière,,,,,,,,,,,1,2,7,1.0,2
201200055249,0012-02-15 09:15:00,12,2,15,9,15,750,110,"21, RUE PHILIPPE DE GIRA",,,Plein jour,En agglomération,Intersection en X,Temps couvert,Deux véhicules - côté,,,,,,,,,,,1,2,2,8.0,3
201200055250,0012-02-17 11:45:00,12,2,17,11,45,750,110,"156, RUE LA FAYETTE",,,Plein jour,En agglomération,Intersection en X,Pluie légère,Autre collision,,,,,,,,,,,1,2,2,2.0,6
201200055251,0012-02-20 09:00:00,12,2,20,9,0,750,110,"83, QUAI DE VALMY",,,Plein jour,En agglomération,Intersection en X,Normale,Autre collision,,,,,,,,,,,1,2,2,1.0,6
201200055252,0012-02-22 06:00:00,12,2,22,6,0,750,110,"132, BOULEVARD DE MAGENT",,,Nuit avec éclairage allumé,En agglomération,Place,Normale,Deux véhicules - côté,,,,,,,,,,,5,2,7,1.0,3