accident_id,datetime,annee,mois,jour,heure,minute,departement,commune_insee,adresse,latitude,longitude,luminosite,agglomeration,intersection,meteo,collision,nb_vehicules,nb_usagers,nb_indemnes,nb_tues,nb_blesses_hosp,nb_blesses_legers,age_cond_1,age_cond_2,veh_type_cond_1,veh_type_cond_2,lum_code,agg_code,int_code,atm_code,col_code
201200055253,0012-01-11 21:20:00,12,1,11,21,20,750,110,"135, BOULEVARD DE MAGENT",,,Nuit avec éclairage allumé,En agglomération,Intersection en Y,Normale,Deux véhicules - côté,,,,,,,,,,,5,2,4,1.0,3
201200055254,0012-02-25 08:00:00,12,2,25,8,0,750,110,"57, BOULEVARD DE LA VILL",,,Plein jour,En agglomération,Intersection en Y,Normale,Autre collision,,,,,,,,,,,1,2,4,1.0,6
201200055255,0012-03-01 08:40:00,12,3,1,8,40,750,110,"124, BOULEVARD DE MAGENT",,,Plein jour,En agglomération,Hors intersection,Normale,Sans collision,,,,,,,,,,,1,2,1,1.0,7
201200055256,0012-03-01 16:10:00,12,3,1,16,10,750,110,"55, BOULEVARD DE MAGENTA",,,Plein jour,En agglomération,Intersection en X,Normale,Deux véhicules - côté,,,,,,,,,,,1,2,2,1.0,3
201200055257,0012-03-03 22:00:00,12,3,3,22,0,750,110,"138, BOULEVARD DE MAGENT",,,Nuit avec éclairage allumé,En agglomération,Hors intersection,Normale,Autre collision,,,,,,,,,,,5,2,1,1.0,6
201200055258,0012-03-05 23:00:00,12,3,5,23,0,750,110,"57, BOULEVARD DE LA VILL",,,Nuit avec éclairage allumé,En agglomération,Intersection en Y,Pluie légère,Autre collision,,,,,,,,,,,5,2,4,2.0,6
201200055259,0012-03-06 20:45:00,12,3,6,20,45,750,110,"19, RUE DE SAINT QUENTIN",,,Nuit avec éclairage allumé,En agglomération,Intersection en X,Normale,Sans collision,,,,,,,,,,,5,2,2,1.0,7
201200055260,0012-03-07 14:40:00,12,3,7,14,40,750,110,"214, RUE DU FAUBOURG SAI",,,Plein jour,En agglomération,Hors intersection,Pluie légère,Sans collision,,,,,,,,,,,1,2,1,2.0,7
201200055261,0012-03-07 15:30:00,12,3,7,15,30,750,110,"31, RUE DU FAUBOURG SAIN",,,Plein jour,En agglomération,Hors intersection,Pluie légère,Sans collision,,,,,,,,,,,1,2,1,2.0,7
201200055262,0012-03-08 00:10:00,12,3,8,0,10,750,110,"84, QUAI DE JEMMAPES",,,Nuit avec éclairage allumé,En agglomération,Hors intersection,Normale,Autre collision,,,,,,,,,,,5,2,1,1.0,6
201200055263,0012-03-10 14:20:00,12,3,10,14,20,750,110,"93, BOULEVARD DE STRASBO",,,Plein jour,En agglomération,Intersection en T,Normale,Autre collision,,,,,,,,,,,1,2,3,1.0,6
201200055264,0012-03-12 06:00:00,12,3,12,6,0,750,110,"127, BOULEVARD DE MAGENT",,,Nuit avec éclairage allumé,En agglomération,Intersection à plus de 4 branches,Normale,Deux véhicules - côté,,,,,,,,,,,5,2,5,1.0,3
201200055265,0012-03-14 19:30:00,12,3,14,19,30,750,110,"06, AVENUE CLAUDE VELLEF",,,Nuit avec éclairage allumé,En agglomération,Hors intersection,Normale,Autre collision,,,,,,,,,,,5,2,1,1.0,6
201200055266,0012-03-15 08:30:00,12,3,15,8,30,750,110,"2, PLACE NAPOLEON III",,,Plein jour,En agglomération,Intersection en T,Normale,Autre collision,,,,,,,,,,,1,2,3,1.0,6
201200055267,0012-03-15 17:25:00,12,3,15,17,25,750,110,"107, RUE DU FAUBOURG DU",,,Plein jour,En agglomération,Hors intersection,Normale,Deux véhicules - arrière,,,,,,,,,,,1,2,1,1.0,2
201200055268,0012-03-16 15:30:00,12,3,16,15,30,750,110,"17, RUE DES PETITS HOTEL",,,Plein jour,En agglomération,Hors intersection,Normale,Autre collision,,,,,,,,,,,1,2,1,1.0,6
201200055269,0012-03-16 17:45:00,12,3,16,17,45,750,110,"41, RUE DE DUNKERQUE",,,Plein jour,En agglomération,Intersection en X,Normale,Autre collision,,,,,,,,,,,1,2,2,1.0,6
201200055270,0012-03-17 21:05:00,12,3,17,21,5,750,110,RUE LA FAYETTE,,,Nuit avec éclairage allumé,En agglomération,Intersection en X,Temps couvert,Deux véhicules - côté,,,,,,,,,,,5,2,2,8.0,3
201200055271,0012-03-22 16:00:00,12,3,22,16,0,750,110,"80, QUAI DE JEMMAPES",,,Plein jour,En agglomération,Hors intersection,Normale,Autre collision,,,,,,,,,,,1,2,1,1.0,6
201200055272,0012-03-22 20:00:00,12,3,22,20,0,750,110,"106, RUE LA FAYETTE",,,Nuit avec éclairage allumé,En agglomération,Hors intersection,Normale,Deux véhicules - côté,,,,,,,,,,,5,2,1,1.0,3
201200055273,0012-03-23 07:40:00,12,3,23,7,40,750,110,"11, RUE JEAN POULMARCH",,,Plein jour,En agglomération,Intersection à plus de 4 branches,Normale,Autre collision,,,,,,,,,,,1,2,5,1.0,6
201200055274,0012-03-23 17:30:00,12,3,23,17,30,750,110,"29 bis, BOULEVARD DE MAG",,,Plein jour,En agglomération,Intersection à plus de 4 branches,Normale,Deux véhicules - côté,,,,,,,,,,,1,2,5,1.0,3
201200055275,0012-03-25 06:20:00,12,3,25,6,20,750,110,"158, RUE LA FAYETTE",,,Nuit avec éclairage allumé,En agglomération,Intersection en X,Normale,Autre collision,,,,,,,,,,,5,2,2,1.0,6
201200055276,0012-03-26 22:10:00,12,3,26,22,10,750,110,"188, RUE DU FAUBOURG SAI",,,Nuit avec éclairage allumé,En agglomération,Intersection en Y,Normale,Deux véhicules - côté,,,,,,,,,,,5,2,4,1.0,3
201200055277,0012-03-28 23:20:00,12,3,28,23,20,750,110,"36, BOULEVARD DE STRASBO",,,Nuit avec éclairage allumé,En agglomération,Intersection en X,Normale,Autre collision,,,,,,,,,,,5,2,2,1.0,6
201200055278,0012-03-28 07:50:00,12,3,28,7,50,750,119,PORTE DE LA VILLETTE,,,Plein jour,En agglomération,Place,Normale,Deux véhicules - arrière,,,,,,,,,,,1,2,7,1.0,2
201200055279,0012-03-28 14:25:00,12,3,28,14,25,750,110,"112, QUAI DE JEMMAPES",,,Plein jour,En agglomération,Hors intersection,Normale,Autre collision,,,,,,,,,,,1,2,1,1.0,6
201200055280,0012-03-28 16:40:00,12,3,28,16,40,750,110,QUAI DE VALMY,,,Plein jour,En agglomération,Intersection en X,Normale,Deux véhicules - côté,,,,,,,,,,,1,2,2,1.0,3
201200055281,0012-03-29 18:20:00,12,3,29,18,20,750,110,"145, BOULEVARD DE MAGENT",,,Plein jour,En agglomération,Hors intersection,Normale,Sans collision,,,,,,,,,,,1,2,1,1.0,7
201200055282,0012-03-30 10:45:00,12,3,30,10,45,750,110,"12, PLACE DE LA REPUBLIQ",,,Plein jour,En agglomération,Hors intersection,Normale,Deux véhicules - côté,,,,,,,,,,,1,2,1,1.0,3
201200055283,0012-03-31 01:00:00,12,3,31,1,0,750,110,"30, BOULEVARD DE MAGENTA",,,Nuit avec éclairage allumé,En agglomération,Intersection en X,Normale,Deux véhicules - frontale,,,,,,,,,,,5,2,2,1.0,1
201200055284,0012-03-31 05:08:00,12,3,31,5,8,750,110,"89, BOULEVARD DE MAGENTA",,,Nuit avec éclairage allumé,En agglomération,Hors intersection,Normale,Sans collision,,,,,,,,,,,5,2,1,1.0,7
201200055285,0012-04-06 19:25:00,12,4,6,19,25,750,110,BOULEVARD DE STRASBOURG,,,Plein jour,En agglomération,Intersection à plus de 4 branches,Normale,Autre collision,,,,,,,,,,,1,2,5,1.0,6
201200055286,0012-04-07 19:45:00,12,4,7,19,45,750,110,"82, QUAI DE JEMMAPES",,,Plein jour,En agglomération,Hors intersection,Temps couvert,Autre collision,,,,,,,,,,,1,2,1,8.0,6
201200055287,0012-04-08 07:50:00,12,4,8,7,50,750,110,"37, BOULEVARD DE LA CHAP",,,Crépuscule ou aube,En agglomération,Intersection à plus de 4 branches,Normale,Autre collision,,,,,,,,,,,2,2,5,1.0,6
201200055288,0012-04-10 10:05:00,12,4,10,10,5,750,110,"232, RUE DU FAUBOURG SAI",,,Plein jour,En agglomération,Intersection en X,Pluie légère,Autre collision,,,,,,,,,,,1,2,2,2.0,6
201200055289,0012-04-11 12:00:00,12,4,11,12,0,750,110,"6, RUE DE LA GRANGE AUX",,,Plein jour,En agglomération,Hors intersection,Normale,Autre collision,,,,,,,,,,,1,2,1,1.0,6
201200055290,0012-04-13 10:35:00,12,4,13,10,35,750,110,"170, RUE LA FAYETTE",,,Plein jour,En agglomération,Hors intersection,Normale,Deux véhicules - frontale,,,,,,,,,,,1,2,1,1.0,1
201200055291,0012-04-13 15:40:00,12,4,13,15,40,750,110,"35, BOULEVARD DE STRASBO",,,Plein jour,En agglomération,Hors intersection,Normale,Autre collision,,,,,,,,,,,1,2,1,1.0,6
201200055292,0012-04-13 17:00:00,12,4,13,17,0,750,110,"117, QUAI DE VALMY",,,Plein jour,En agglomération,Intersection en T,Normale,Deux véhicules - arrière,,,,,,,,,,,1,2,3,1.0,2
201200055293,0012-04-14 09:35:00,12,4,14,9,35,750,110,"209, RUE DU FAUBOURG SAI",,,Plein jour,En agglomération,Intersection en T,Normale,Deux véhicules - arrière,,,,,,,,,,,1,2,3,1.0,2
201200055294,0012-04-17 16:50:00,12,4,17,16,50,750,110,RUE DE LANCRY,,,Plein jour,En agglomération,Intersection en X,Pluie légère,Deux véhicules - côté,,,,,,,,,,,1,2,2,2.0,3
201200055295,0012-04-19 08:20:00,12,4,19,8,20,750,110,"75, BOULEVARD DE STRASBO",,,Plein jour,En agglomération,Hors intersection,Normale,Autre collision,,,,,,,,,,,1,2,1,1.0,6
201200055296,0012-04-19 20:30:00,12,4,19,20,30,750,110,"116, QUAI DE JEMMAPES",,,Nuit avec éclairage allumé,En agglomération,Hors intersection,Normale,Deux véhicules - côté,,,,,,,,,,,5,2,1,1.0,3
201200055297,0012-04-20 08:50:00,12,4,20,8,50,750,110,"193, RUE LA FAYETTE",,,Plein jour,En agglomération,Intersection à plus de 4 branches,Pluie légère,Deux véhicules - côté,,,,,,,,,,,1,2,5,2.0,3
201200055298,0012-04-21 22:30:00,12,4,21,22,30,750,110,"146, BOULEVARD DE MAGENT",,,Nuit avec éclairage allumé,En agglomération,Intersection en Y,Normale,Autre collision,,,,,,,,,,,5,2,4,1.0,6
201200055299,0012-04-22 18:50:00,12,4,22,18,50,750,110,"112, BOULEVARD DE MAGENT",,,Plein jour,En agglomération,Intersection à plus de 4 branches,Temps couvert,Autre collision,,,,,,,,,,,1,2,5,8.0,6
201200055300,0012-04-22 23:10:00,12,4,22,23,10,750,110,"34, BOULEVARD DE BONNE N",,,Nuit avec éclairage allumé,En agglomération,Intersection en T,Pluie légère,Sans collision,,,,,,,,,,,5,2,3,2.0,7
201200055301,0012-04-24 13:40:00,12,4,24,13,40,750,110,"9, BOULEVARD SAINT MARTI",,,Plein jour,En agglomération,Hors intersection,Pluie forte,Sans collision,,,,,,,,,,,1,2,1,3.0,7
201200055302,0012-04-24 16:00:00,12,4,24,16,0,750,110,"123, RUE DU FAUBOURG DU",,,Plein jour,En agglomération,Hors intersection,Pluie légère,Autre collision,,,,,,,,,,,1,2,1,2.0,6
201200055303,0012-04-24 15:15:00,12,4,24,15,15,750,110,"32, BOULEVARD DE BONNE N",,,Plein jour,En agglomération,Hors intersection,Pluie forte,Sans collision,,,,,,,,,,,1,2,1,3.0,7
201200055304,0012-04-25 07:30:00,12,4,25,7,30,750,110,"1, PLACE DE LA BATAILLE",,,Plein jour,En agglomération,Place,Pluie légère,Deux véhicules - côté,,,,,,,,,,,1,2,7,2.0,3
201200055305,0012-04-26 09:20:00,12,4,26,9,20,750,110,"177, QUAI DE VALMY",,,Plein jour,En agglomération,Intersection en X,Temps couvert,Deux véhicules - côté,,,,,,,,,,,1,2,2,8.0,3
201200055306,0012-04-28 17:50:00,12,4,28,17,50,750,110,"151, AVENUE PARMENTIER",,,Plein jour,En agglomération,Intersection en X,Temps couvert,Deux véhicules - côté,,,,,,,,,,,1,2,2,8.0,3
201200055307,0012-05-01 20:50:00,12,5,1,20,50,750,110,"14, PLACE DE LA REPUBLIQ",,,Plein jour,En agglomération,Place,Normale,Sans collision,,,,,,,,,,,1,2,7,1.0,7
201200055308,0012-05-02 08:30:00,12,5,2,8,30,750,110,"143, RUE LA FAYETTE",,,Plein jour,En agglomération,Intersection en X,Normale,Deux véhicules - côté,,,,,,,,,,,1,2,2,1.0,3
201200055309,0012-05-04 10:55:00,12,5,4,10,55,750,110,"30, BOULEVARD DE MAGENTA",,,Plein jour,En agglomération,Place,Normale,Autre collision,,,,,,,,,,,1,2,7,1.0,6
201200055310,0012-05-05 22:30:00,12,5,5,22,30,750,110,"52, BOULEVARD DE MAGENTA",,,Nuit avec éclairage allumé,En agglomération,Intersection à plus de 4 branches,Pluie légère,Autre collision,,,,,,,,,,,5,2,5,2.0,6
201200055311,0012-05-07 18:55:00,12,5,7,18,55,750,110,"153, RUE LA FAYETTE",,,Plein jour,En agglomération,Intersection en X,Normale,Autre collision,,,,,,,,,,,1,2,2,1.0,6
201200055312,0012-05-09 12:30:00,12,5,9,12,30,750,110,"119, QUAI DE VALMY",,,Plein jour,En agglomération,Hors intersection,Normale,Autre collision,,,,,,,,,,,1,2,1,1.0,6
201200055313,0012-05-10 12:10:00,12,5,10,12,10,750,110,"67, RUE DU CHATEAU D EAU",,,Plein jour,En agglomération,Intersection en X,Normale,Autre collision,,,,,,,,,,,1,2,2,1.0,6
201200055314,0012-05-12 12:20:00,12,5,12,12,20,750,110,"31, RUE DE SAMBRE ET MEU",,,Plein jour,En agglomération,Intersection en Y,Normale,Autre collision,,,,,,,,,,,1,2,4,1.0,6
201200055315,0012-05-15 14:45:00,12,5,15,14,45,750,110,"270, RUE DU FAUBOURG SAI",,,Plein jour,En agglomération,Intersection en T,Normale,Deux véhicules - arrière,,,,,,,,,,,1,2,3,1.0,2
201200055316,0012-05-15 18:30:00,12,5,15,18,30,750,110,"118, BOULEVARD DE MAGENT",,,Plein jour,En agglomération,Hors intersection,Temps couvert,Sans collision,,,,,,,,,,,1,2,1,8.0,7
201200055317,0012-05-16 08:30:00,12,5,16,8,30,750,110,"9, RUE DU CHATEAU LANDON",,,Plein jour,En agglomération,Hors intersection,Normale,Autre collision,,,,,,,,,,,1,2,1,1.0,6
201200055318,0012-05-16 14:50:00,12,5,16,14,50,750,110,"10, RUE DE MAZAGRAN",,,Plein jour,En agglomération,Hors intersection,Normale,Autre collision,,,,,,,,,,,1,2,1,1.0,6
201200055319,0012-05-16 20:20:00,12,5,16,20,20,750,118,"35, BOULEVARD DE LA CHAP",,,Plein jour,En agglomération,Place,Normale,Deux véhicules - côté,,,,,,,,,,,1,2,7,1.0,3
201200055320,0012-05-16 20:05:00,12,5,16,20,5,750,110,"43, BOULEVARD DE LA CHAP",,,Plein jour,En agglomération,Intersection à plus de 4 branches,Normale,Deux véhicules - côté,,,,,,,,,,,1,2,5,1.0,3
201200055321,0012-05-17 02:50:00,12,5,17,2,50,750,110,"177, RUE LA FAYETTE",,,Nuit avec éclairage allumé,En agglomération,Hors intersection,Normale,Deux véhicules - côté,,,,,,,,,,,5,2,1,1.0,3
201200055322,0012-05-19 19:25:00,12,5,19,19,25,750,110,"168, RUE LA FAYETTE",,,Plein jour,En agglomération,Intersection en Y,Normale,Deux véhicules - côté,,,,,,,,,,,1,2,4,1.0,3
201200055323,0012-05-24 20:30:00,12,5,24,20,30,750,110,"16, PLACE DE LA REPUBLIQ",,,Nuit avec éclairage allumé,En agglomération,Place,Normale,Deux véhicules - côté,,,,,,,,,,,5,2,7,1.0,3
201200055324,0012-05-25 17:30:00,12,5,25,17,30,750,110,"57, RUE LOUIS BLANC",,,Plein jour,En agglomération,Hors intersection,Normale,Deux véhicules - arrière,,,,,,,,,,,1,2,1,1.0,2
201200055325,0012-06-01 09:45:00,12,6,1,9,45,750,110,"101, RUE DU FAUBOURG SAI",,,Crépuscule ou aube,En agglomération,Intersection en X,Normale,Deux véhicules - côté,,,,,,,,,,,2,2,2,1.0,3
201200055326,0012-06-01 18:00:00,12,6,1,18,0,750,110,"18, AVENUE CLAUDE VELLEF",,,Plein jour,En agglomération,Hors intersection,Normale,Autre collision,,,,,,,,,,,1,2,1,1.0,6
201200055327,0012-06-03 14:00:00,12,6,3,14,0,750,110,"149, RUE DU FAUBOURG SAI",,,Plein jour,En agglomération,Hors intersection,Temps couvert,Autre collision,,,,,,,,,,,1,2,1,8.0,6
201200055328,0012-06-05 13:15:00,12,6,5,13,15,750,110,"97, BOULEVARD DE LA VILL",,,Plein jour,En agglomération,Hors intersection,Normale,Deux véhicules - côté,,,,,,,,,,,1,2,1,1.0,3
201200055329,0012-06-05 18:05:00,12,6,5,18,5,750,110,"07, BOULEVARD DE LA VILL",,,Plein jour,En agglomération,Intersection en Y,Pluie légère,Autre collision,,,,,,,,,,,1,2,4,2.0,6
201200055330,0012-06-05 22:40:00,12,6,5,22,40,750,110,"37, BOULEVARD DE LA CHAP",,,Nuit avec éclairage allumé,En agglomération,Intersection à plus de 4 branches,Pluie légère,Autre collision,,,,,,,,,,,5,2,5,2.0,6
201200055331,0012-06-06 14:45:00,12,6,6,14,45,750,110,"23, BOULEVARD DE MAGENTA",,,Plein jour,En agglomération,Intersection en T,Normale,Deux véhicules - côté,,,,,,,,,,,1,2,3,1.0,3
201200055332,0012-06-08 10:20:00,12,6,8,10,20,750,110,"41, RUE DU FAUBOURG SAIN",,,Plein jour,En agglomération,Intersection en T,Temps couvert,Deux véhicules - côté,,,,,,,,,,,1,2,3,8.0,3
201200055333,0012-06-08 15:15:00,12,6,8,15,15,750,110,"39, RUE DE LA GRANGE AUX",,,Plein jour,En agglomération,Hors intersection,Normale,Deux véhicules - côté,,,,,,,,,,,1,2,1,1.0,3
201200055334,0012-06-08 20:25:00,12,6,8,20,25,750,110,"53, RUE D HAUTEVILLE",,,Plein jour,En agglomération,Hors intersection,Normale,Autre collision,,,,,,,,,,,1,2,1,1.0,6
201200055335,0012-06-11 19:00:00,12,6,11,19,0,750,110,"01, PLACE DE LA BATAILLE",,,Plein jour,En agglomération,Place,Normale,Deux véhicules - côté,,,,,,,,,,,1,2,7,1.0,3
201200055336,0012-06-12 17:10:00,12,6,12,17,10,750,110,"154, RUE DU FAUBOURG SAI",,,Plein jour,En agglomération,Intersection en X,Normale,Deux véhicules - côté,,,,,,,,,,,1,2,2,1.0,3
201200055337,0012-06-13 14:45:00,12,6,13,14,45,750,110,"7-9, PLACE DE STALINGRAD",,,Plein jour,En agglomération,Place,Normale,Deux véhicules - côté,,,,,,,,,,,1,2,7,1.0,3
201200055338,0012-06-13 15:00:00,12,6,13,15,0,750,110,"95, RUE LA FAYETTE",,,Plein jour,En agglomération,Hors intersection,Normale,Autre collision,,,,,,,,,,,1,2,1,1.0,6
201200055339,0012-06-15 14:35:00,12,6,15,14,35,750,110,"85, QUAI DE VALMY",,,Plein jour,En agglomération,Intersection en X,Normale,Autre collision,,,,,,,,,,,1,2,2,1.0,6
201200055340,0012-06-15 05:05:00,12,6,15,5,5,750,110,"121, BOULEVARD DE MAGENT",,,Nuit avec éclairage allumé,En agglomération,Hors intersection,Pluie forte,Autre collision,,,,,,,,,,,5,2,1,3.0,6
201200055341,0012-06-16 20:00:00,12,6,16,20,0,750,110,"7, BOULEVARD DE LA VILLE",,,Plein jour,En agglomération,Hors intersection,Normale,Autre collision,,,,,,,,,,,1,2,1,1.0,6
201200055342,0012-06-17 12:00:00,12,6,17,12,0,750,110,"66, BOULEVARD DE STRASBO",,,Plein jour,En agglomération,Hors intersection,Normale,Autre collision,,,,,,,,,,,1,2,1,1.0,6
201200055343,0012-06-18 09:45:00,12,6,18,9,45,750,110,"52, RUE DU CHATEAU D EAU",,,Plein jour,En agglomération,Intersection en T,Pluie légère,Autre collision,,,,,,,,,,,1,2,3,2.0,6
201200055344,0012-06-19 09:00:00,12,6,19,9,0,750,110,"49, RUE LOUIS BLANC",,,Plein jour,En agglomération,Intersection à plus de 4 branches,Temps couvert,Autre collision,,,,,,,,,,,1,2,5,8.0,6
201200055345,0012-06-19 20:05:00,12,6,19,20,5,750,110,"95, QUAI DE VALMY",,,Plein jour,En agglomération,Hors intersection,Normale,Autre collision,,,,,,,,,,,1,2,1,1.0,6
201200055346,0012-06-20 11:00:00,12,6,20,11,0,750,110,"150, RUE LA FAYETTE",,,Plein jour,En agglomération,Intersection en X,Normale,Autre collision,,,,,,,,,,,1,2,2,1.0,6
201200055347,0012-06-20 14:15:00,12,6,20,14,15,750,110,"79, BOULEVARD DE MAGENTA",,,Plein jour,En agglomération,Intersection en X,Normale,Deux véhicules - arrière,,,,,,,,,,,1,2,2,1.0,2
201200055348,0012-06-20 23:40:00,12,6,20,23,40,750,110,QUAI DE VALMY,,,Nuit avec éclairage allumé,En agglomération,Intersection en X,Normale,Deux véhicules - côté,,,,,,,,,,,5,2,2,1.0,3
201200055349,0012-06-23 20:30:00,12,6,23,20,30,750,110,"15, BOULEVARD DE MAGENTA",,,Plein jour,En agglomération,Intersection en X,Normale,Autre collision,,,,,,,,,,,1,2,2,1.0,6
201200055350,0012-06-24 12:20:00,12,6,24,12,20,750,110,"01, AVENUE CLAUDE VELLEF",,,Plein jour,En agglomération,Hors intersection,Pluie légère,Deux véhicules - frontale,,,,,,,,,,,1,2,1,2.0,1
201200055351,0012-06-24 18:50:00,12,6,24,18,50,750,110,"168, BOULEVARD DE MAGENT",,,Plein jour,En agglomération,Intersection en X,Pluie légère,Autre collision,,,,,,,,,,,1,2,2,2.0,6
201200055352,0012-06-25 13:30:00,12,6,25,13,30,750,110,"21, BOULEVARD DE MAGENTA",,,Plein jour,En agglomération,Intersection en T,Normale,Deux véhicules - frontale,,,,,,,,,,,1,2,3,1.0,1
201200055353,0012-06-25 14:50:00,12,6,25,14,50,750,110,"36, BOULEVARD DE STRASBO",,,Plein jour,En agglomération,Hors intersection,Normale,Autre collision,,,,,,,,,,,1,2,1,1.0,6
201200055354,0012-06-27 10:45:00,12,6,27,10,45,750,110,"34, BOULEVARD DE BONNE N",,,Plein jour,En agglomération,Intersection en Y,Normale,Deux véhicules - côté,,,,,,,,,,,1,2,4,1.0,3
201200055355,0012-06-27 20:25:00,12,6,27,20,25,750,110,"28, BOULEVARD DE STRASBO",,,Plein jour,En agglomération,Hors intersection,Normale,Deux véhicules - côté,,,,,,,,,,,1,2,1,1.0,3
201200055356,0012-06-28 18:40:00,12,6,28,18,40,750,110,"45, RUE DU CHATEAU D EAU",,,Plein jour,En agglomération,Hors intersection,Normale,Autre collision,,,,,,,,,,,1,2,1,1.0,6
201200055357,0012-06-28 19:40:00,12,6,28,19,40,750,110,"3, BOULEVARD DE LA VILLE",,,Plein jour,En agglomération,Hors intersection,Normale,Autre collision,,,,,,,,,,,1,2,1,1.0,6
201200055358,0012-06-30 13:00:00,12,6,30,13,0,750,110,"7, BOULEVARD DE LA VILLE",,,Plein jour,En agglomération,Hors intersection,Normale,Autre collision,,,,,,,,,,,1,2,1,1.0,6
201200055359,0012-06-30 18:15:00,12,6,30,18,15,750,110,"116, RUE DE MAUBEUGE",,,Plein jour,En agglomération,Intersection en X,Normale,Deux véhicules - côté,,,,,,,,,,,1,2,2,1.0,3
201200055360,0012-07-01 04:40:00,12,7,1,4,40,750,110,"135, BOULEVARD DE LA VIL",,,Crépuscule ou aube,En agglomération,Hors intersection,Normale,Autre collision,,,,,,,,,,,2,2,1,1.0,6
201200055361,0012-07-01 21:50:00,12,7,1,21,50,750,110,QUAI DE VALMY,,,Crépuscule ou aube,En agglomération,Intersection en X,Normale,Deux véhicules - côté,,,,,,,,,,,2,2,2,1.0,3
201200055362,0012-07-02 12:00:00,12,7,2,12,0,750,110,"214, RUE DU FAUBOURG SAI",,,Plein jour,En agglomération,Hors intersection,Normale,Deux véhicules - côté,,,,,,,,,,,1,2,1,1.0,3
201200055363,0012-07-02 23:30:00,12,7,2,23,30,750,110,"184, RUE DU FAUBOURG SAI",,,Nuit avec éclairage allumé,En agglomération,Hors intersection,Normale,Deux véhicules - arrière,,,,,,,,,,,5,2,1,1.0,2
201200055364,0012-07-04 13:30:00,12,7,4,13,30,750,110,"43, RUE DU CHATEAU D EAU",,,Plein jour,En agglomération,Hors intersection,Normale,Deux véhicules - côté,,,,,,,,,,,1,2,1,1.0,3
201200055365,0012-07-04 14:50:00,12,7,4,14,50,750,110,"76, RUE DU CHATEAU D EAU",,,Plein jour,En agglomération,Hors intersection,Normale,Autre collision,,,,,,,,,,,1,2,1,1.0,6
201200055366,0012-07-04 19:30:00,12,7,4,19,30,750,110,"57, RUE DE LANCRY",,,Plein jour,En agglomération,Intersection en T,Normale,Deux véhicules - côté,,,,,,,,,,,1,2,3,1.0,3
201200055367,0012-07-05 17:20:00,12,7,5,17,20,750,110,"27, RUE DU CHATEAU D EAU",,,Plein jour,En agglomération,Intersection en X,Pluie forte,Sans collision,,,,,,,,,,,1,2,2,3.0,7
201200055368,0012-07-06 06:00:00,12,7,6,6,0,750,110,"138, BOULEVARD DE MAGENT",,,Crépuscule ou aube,En agglomération,Hors intersection,Normale,Autre collision,,,,,,,,,,,2,2,1,1.0,6
201200055369,0012-07-07 11:05:00,12,7,7,11,5,750,110,"37, BOULEVARD DE MAGENTA",,,Plein jour,En agglomération,Hors intersection,Normale,Deux véhicules - arrière,,,,,,,,,,,1,2,1,1.0,2
201200055370,0012-07-07 21:25:00,12,7,7,21,25,750,110,"50, RUE BICHAT",,,Crépuscule ou aube,En agglomération,Intersection à plus de 4 branches,Pluie légère,Deux véhicules - côté,,,,,,,,,,,2,2,5,2.0,3
201200055371,0012-07-10 15:20:00,12,7,10,15,20,750,110,"150, AVENUE PARMENTIER",,,Plein jour,En agglomération,Intersection en X,Normale,Autre collision,,,,,,,,,,,1,2,2,1.0,6
201200055372,0012-07-11 11:50:00,12,7,11,11,50,750,110,"21, RUE DU CHATEAU D EAU",,,Plein jour,En agglomération,Intersection en T,Normale,Autre collision,,,,,,,,,,,1,2,3,1.0,6
201200055373,0012-07-11 12:50:00,12,7,11,12,50,750,110,"18, BOULEVARD SAINT DENI",,,Plein jour,En agglomération,Intersection en T,Normale,Autre collision,,,,,,,,,,,1,2,3,1.0,6
201200055374,0012-07-11 20:30:00,12,7,11,20,30,750,110,"123, BOULEVARD DE MAGENT",,,Plein jour,En agglomération,Hors intersection,Normale,Autre collision,,,,,,,,,,,1,2,1,1.0,6
201200055375,0012-07-12 14:20:00,12,7,12,14,20,750,110,"165, BOULEVARD DE LA VIL",,,Plein jour,En agglomération,Hors intersection,Temps couvert,Autre collision,,,,,,,,,,,1,2,1,8.0,6
201200055376,0012-07-12 23:30:00,12,7,12,23,30,750,110,"67, BOULEVARD DE MAGENTA",,,Nuit avec éclairage allumé,En agglomération,Intersection à plus de 4 branches,Pluie légère,Sans collision,,,,,,,,,,,5,2,5,2.0,7
201200055377,0012-07-12 23:10:00,12,7,12,23,10,750,110,"114, BOULEVARD DE MAGENT",,,Nuit avec éclairage allumé,En agglomération,Hors intersection,Pluie légère,Autre collision,,,,,,,,,,,5,2,1,2.0,6
201200055378,0012-07-14 03:00:00,12,7,14,3,0,750,110,"32, BOULEVARD DE MAGENTA",,,Nuit avec éclairage allumé,En agglomération,Intersection en T,Pluie légère,Autre collision,,,,,,,,,,,5,2,3,2.0,6
201200055379,0012-07-16 15:50:00,12,7,16,15,50,750,110,"62, AVENUE CLAUDE VELLEF",,,Plein jour,En agglomération,Hors intersection,Normale,Deux véhicules - côté,,,,,,,,,,,1,2,1,1.0,3
201200055380,0012-07-17 15:05:00,12,7,17,15,5,750,110,"164, AVENUE PARMENTIER",,,Plein jour,En agglomération,Intersection en X,Normale,Autre collision,,,,,,,,,,,1,2,2,1.0,6