accident_id,datetime,annee,mois,jour,heure,minute,departement,commune_insee,adresse,latitude,longitude,luminosite,agglomeration,intersection,meteo,collision,nb_vehicules,nb_usagers,nb_indemnes,nb_tues,nb_blesses_hosp,nb_blesses_legers,age_cond_1,age_cond_2,veh_type_cond_1,veh_type_cond_2,lum_code,agg_code,int_code,atm_code,col_code
201200055507,0012-12-12 06:30:00,12,12,12,6,30,750,110,"145, QUAI DE VALMY",,,Nuit avec éclairage non allumé,En agglomération,Hors intersection,Normale,Sans collision,,,,,,,,,,,4,2,1,1.0,7
201200055508,0012-12-12 08:40:00,12,12,12,8,40,750,110,"36, BOULEVARD DE BONNE N",,,Plein jour,En agglomération,Hors intersection,Normale,Sans collision,,,,,,,,,,,1,2,1,1.0,7
201200055509,0012-12-12 08:40:00,12,12,12,8,40,750,110,"121, QUAI DE VALMY",,,Plein jour,En agglomération,Hors intersection,Normale,Sans collision,,,,,,,,,,,1,2,1,1.0,7
201200055510,0012-12-13 11:15:00,12,12,13,11,15,750,110,"7, RUE DES DEUX GARES",,,Plein jour,En agglomération,Hors intersection,Normale,Autre collision,,,,,,,,,,,1,2,1,1.0,6
201200055511,0012-12-13 22:40:00,12,12,13,22,40,750,119,"03, PLACE DE LA BATAILLE",,,Nuit avec éclairage allumé,En agglomération,Hors intersection,Normale,Autre collision,,,,,,,,,,,5,2,1,1.0,6
201200055512,0012-12-15 04:10:00,12,12,15,4,10,750,110,"18, RUE DU FAUBOURG POIS",,,Nuit avec éclairage allumé,En agglomération,Intersection en X,Autre,Autre collision,,,,,,,,,,,5,2,2,9.0,6
201200055513,0012-12-15 12:55:00,12,12,15,12,55,750,110,"5, BOULEVARD DE MAGENTA",,,Plein jour,En agglomération,Hors intersection,Normale,Deux véhicules - côté,,,,,,,,,,,1,2,1,1.0,3
201200055514,0012-12-16 03:10:00,12,12,16,3,10,750,110,"45, RUE LOUIS BLANC",,,Nuit avec éclairage allumé,En agglomération,Hors intersection,Normale,Autre collision,,,,,,,,,,,5,2,1,1.0,6
201200055515,0012-12-16 04:55:00,12,12,16,4,55,750,110,"27, RUE DE LA GRANGE AUX",,,Nuit avec éclairage allumé,En agglomération,Hors intersection,Normale,Autre collision,,,,,,,,,,,5,2,1,1.0,6
201200055516,0012-12-20 15:10:00,12,12,20,15,10,750,110,"129, BOULEVARD DE LA VIL",,,Plein jour,En agglomération,Intersection en X,Temps couvert,Deux véhicules - arrière,,,,,,,,,,,1,2,2,8.0,2
201200055517,0012-12-22 16:05:00,12,12,22,16,5,750,110,"133, RUE DU FAUBOURG DU",,,Nuit avec éclairage allumé,En agglomération,Hors intersection,Pluie légère,Autre collision,,,,,,,,,,,5,2,1,2.0,6
201200055518,0012-12-23 16:20:00,12,12,23,16,20,750,110,"5, BOULEVARD DE STRASBOU",,,Plein jour,En agglomération,Hors intersection,Normale,Autre collision,,,,,,,,,,,1,2,1,1.0,6
201200055519,0012-12-23 20:10:00,12,12,23,20,10,750,110,"19, BOULEVARD DE LA CHAP",,,Nuit avec éclairage allumé,En agglomération,Intersection à plus de 4 branches,Normale,Autre collision,,,,,,,,,,,5,2,5,1.0,6
201200055520,0012-12-27 19:00:00,12,12,27,19,0,750,110,"32, RUE DU FAUBOURG SAIN",,,Nuit avec éclairage allumé,En agglomération,Hors intersection,Normale,Sans collision,,,,,,,,,,,5,2,1,1.0,7
201200055521,0012-01-02 23:10:00,12,1,2,23,10,750,111,"22, AVENUE DE LA REPUBLI",,,Nuit sans éclairage public,En agglomération,Intersection en X,Normale,Deux véhicules - côté,,,,,,,,,,,3,2,2,1.0,3
201200055522,0012-01-06 10:20:00,12,1,6,10,20,750,111,"94, BOULEVARD BEAUMARCHA",,,Plein jour,En agglomération,Intersection en X,Normale,Deux véhicules - arrière,,,,,,,,,,,1,2,2,1.0,2
201200055523,0012-01-07 12:50:00,12,1,7,12,50,750,111,"90, AVENUE PARMENTIER",,,Plein jour,En agglomération,Intersection à plus de 4 branches,Normale,Deux véhicules - côté,,,,,,,,,,,1,2,5,1.0,3
201200055524,0012-01-09 08:00:00,12,1,9,8,0,750,111,ALLEE VERTE,,,Nuit avec éclairage allumé,En agglomération,Intersection en T,Pluie légère,Autre collision,,,,,,,,,,,5,2,3,2.0,6
201200055525,0012-01-09 11:35:00,12,1,9,11,35,750,111,"97, RUE DU FAUBOURG SAIN",,,Plein jour,En agglomération,Intersection à plus de 4 branches,Normale,Autre collision,,,,,,,,,,,1,2,5,1.0,6
201200055526,0012-01-10 09:55:00,12,1,10,9,55,750,111,"2, AVENUE PHILIPPE AUGUS",,,Plein jour,En agglomération,Place,Normale,Deux véhicules - côté,,,,,,,,,,,1,2,7,1.0,3
201200055527,0012-01-10 13:00:00,12,1,10,13,0,750,111,"16, RUE DE L ORILLON",,,Plein jour,En agglomération,Hors intersection,Normale,Autre collision,,,,,,,,,,,1,2,1,1.0,6
201200055528,0012-01-14 15:10:00,12,1,14,15,10,750,111,"17, AVENUE DE LA REPUBLI",,,Plein jour,En agglomération,Intersection en X,Normale,Deux véhicules - arrière,,,,,,,,,,,1,2,2,1.0,2
201200055529,0012-01-17 08:10:00,12,1,17,8,10,750,111,"36, BOULEVARD DU TEMPLE",,,Plein jour,En agglomération,Hors intersection,Normale,Deux véhicules - arrière,,,,,,,,,,,1,2,1,1.0,2
201200055530,0012-01-17 14:20:00,12,1,17,14,20,750,111,"7, PLACE LEON BLUM",,,Plein jour,En agglomération,Place,Normale,Autre collision,,,,,,,,,,,1,2,7,1.0,6
201200055531,0012-01-17 20:00:00,12,1,17,20,0,750,111,"264, BOULEVARD VOLTAIRE",,,Nuit avec éclairage allumé,En agglomération,Intersection à plus de 4 branches,Normale,Autre collision,,,,,,,,,,,5,2,5,1.0,6
201200055532,0012-01-18 16:25:00,12,1,18,16,25,750,112,"87, RUE DU FAUBOURG SAIN",,,Plein jour,En agglomération,Hors intersection,Pluie légère,Autre collision,,,,,,,,,,,1,2,1,2.0,6
201200055533,0012-01-19 00:50:00,12,1,19,0,50,750,111,"face au 82, BOULEVARD VO",,,Nuit avec éclairage allumé,En agglomération,Intersection à plus de 4 branches,Pluie légère,Deux véhicules - arrière,,,,,,,,,,,5,2,5,2.0,2
201200055534,0012-01-19 12:20:00,12,1,19,12,20,750,111,"10, RUE GUILLAUME BERTRA",,,Plein jour,En agglomération,Hors intersection,Pluie légère,Autre collision,,,,,,,,,,,1,2,1,2.0,6
201200055535,0012-01-20 14:50:00,12,1,20,14,50,750,111,"76, AVENUE PHILIPPE AUGU",,,Plein jour,En agglomération,Hors intersection,Pluie légère,Deux véhicules - côté,,,,,,,,,,,1,2,1,2.0,3
201200055536,0012-01-20 18:15:00,12,1,20,18,15,750,111,"107, BOULEVARD VOLTAIRE",,,Nuit avec éclairage allumé,En agglomération,Hors intersection,Pluie légère,Sans collision,,,,,,,,,,,5,2,1,2.0,7
201200055537,0012-01-21 21:25:00,12,1,21,21,25,750,111,"12, PLACE DE LA BASTILLE",,,Nuit avec éclairage allumé,En agglomération,Place,Pluie légère,Deux véhicules - côté,,,,,,,,,,,5,2,7,2.0,3
201200055538,0012-01-21 22:10:00,12,1,21,22,10,750,111,AVENUE DU TRONE,,,Nuit avec éclairage allumé,En agglomération,Place,Pluie légère,Deux véhicules - côté,,,,,,,,,,,5,2,7,2.0,3
201200055539,0012-01-24 18:05:00,12,1,24,18,5,750,111,"4, BOULEVARD RICHARD LEN",,,Nuit avec éclairage allumé,En agglomération,Hors intersection,Pluie forte,Sans collision,,,,,,,,,,,5,2,1,3.0,7
201200055540,0012-01-24 19:30:00,12,1,24,19,30,750,111,"60, RUE OBERKAMPF",,,Nuit avec éclairage allumé,En agglomération,Intersection en X,Pluie légère,Autre collision,,,,,,,,,,,5,2,2,2.0,6
201200055541,0012-01-24 20:15:00,12,1,24,20,15,750,111,"6, AVENUE PHILIPPE AUGUS",,,Nuit avec éclairage allumé,En agglomération,Place,Pluie légère,Autre collision,,,,,,,,,,,5,2,7,2.0,6
201200055542,0012-01-25 00:01:00,12,1,25,0,1,750,111,"199, BOULEVARD VOLTAIRE",,,Nuit avec éclairage allumé,En agglomération,Intersection à plus de 4 branches,Pluie légère,Deux véhicules - côté,,,,,,,,,,,5,2,5,2.0,3
201200055543,0012-01-25 14:15:00,12,1,25,14,15,750,111,"4, PLACE DE LA REPUBLIQU",,,Plein jour,En agglomération,Place,Temps couvert,Deux véhicules - arrière,,,,,,,,,,,1,2,7,8.0,2
201200055544,0012-01-25 15:00:00,12,1,25,15,0,750,111,"84, AVENUE DE LA REPUBLI",,,Plein jour,En agglomération,Hors intersection,Pluie légère,Deux véhicules - côté,,,,,,,,,,,1,2,1,2.0,3
201200055545,0012-01-25 15:25:00,12,1,25,15,25,750,111,"10, RUE RAMPON",,,Plein jour,En agglomération,Intersection en X,Normale,Deux véhicules - côté,,,,,,,,,,,1,2,2,1.0,3
201200055546,0012-01-26 06:35:00,12,1,26,6,35,750,111,"118, RUE JEAN PIERRE TIM",,,Crépuscule ou aube,En agglomération,Hors intersection,Normale,Sans collision,,,,,,,,,,,2,2,1,1.0,7
201200055547,0012-01-30 14:20:00,12,1,30,14,20,750,111,"134, RUE DE LA ROQUETTE",,,Plein jour,En agglomération,Place,Normale,Deux véhicules - arrière,,,,,,,,,,,1,2,7,1.0,2
201200055548,0012-01-30 19:30:00,12,1,30,19,30,750,111,"60, BOULEVARD VOLTAIRE",,,Nuit avec éclairage allumé,En agglomération,Intersection à plus de 4 branches,Normale,Autre collision,,,,,,,,,,,5,2,5,1.0,6
201200055549,0012-01-31 16:50:00,12,1,31,16,50,750,111,"26, BOULEVARD DES FILLES",,,Plein jour,En agglomération,Intersection en X,Normale,Deux véhicules - côté,,,,,,,,,,,1,2,2,1.0,3
201200055550,0012-02-01 09:20:00,12,2,1,9,20,750,111,"47, RUE DE MONTREUIL",,,Plein jour,En agglomération,Hors intersection,Normale,Deux véhicules - arrière,,,,,,,,,,,1,2,1,1.0,2
201200055551,0012-02-01 13:10:00,12,2,1,13,10,750,111,"46, RUE GODEFROY CAVAIGN",,,Plein jour,En agglomération,Hors intersection,Normale,Autre collision,,,,,,,,,,,1,2,1,1.0,6
201200055552,0012-02-03 17:50:00,12,2,3,17,50,750,111,"111, BOULEVARD DE MENILM",,,Crépuscule ou aube,En agglomération,Intersection en T,Normale,Autre collision,,,,,,,,,,,2,2,3,1.0,6
201200055553,0012-02-03 20:50:00,12,2,3,20,50,750,111,"1-3, RUE CAMILLE DESMOUL",,,Nuit avec éclairage allumé,En agglomération,Place,Normale,Autre collision,,,,,,,,,,,5,2,7,1.0,6
201200055554,0012-02-04 14:10:00,12,2,4,14,10,750,111,"48, AVENUE DE LA REPUBLI",,,Crépuscule ou aube,En agglomération,Intersection à plus de 4 branches,Normale,Deux véhicules - côté,,,,,,,,,,,2,2,5,1.0,3
201200055555,0012-02-04 20:35:00,12,2,4,20,35,750,111,"79, BOULEVARD DE BELLEVI",,,Nuit avec éclairage allumé,En agglomération,Intersection en Y,Normale,Autre collision,,,,,,,,,,,5,2,4,1.0,6
201200055556,0012-02-06 10:05:00,12,2,6,10,5,750,111,"9, BOULEVARD VOLTAIRE",,,Plein jour,En agglomération,Intersection en X,Normale,Trois véhicules et plus - collisions multiples,,,,,,,,,,,1,2,2,1.0,5
201200055557,0012-02-06 16:00:00,12,2,6,16,0,750,111,"117, RUE DU FAUBOURG SAI",,,Plein jour,En agglomération,Intersection en T,Normale,Autre collision,,,,,,,,,,,1,2,3,1.0,6
201200055558,0012-02-11 15:20:00,12,2,11,15,20,750,111,"01, PLACE LEON BLUM",,,Plein jour,En agglomération,Place,Normale,Deux véhicules - arrière,,,,,,,,,,,1,2,7,1.0,2
201200055559,0012-02-11 19:00:00,12,2,11,19,0,750,111,"369, RUE DU FAUBOURG SAI",,,Nuit avec éclairage allumé,En agglomération,Hors intersection,Normale,Deux véhicules - côté,,,,,,,,,,,5,2,1,1.0,3
201200055560,0012-02-11 20:10:00,12,2,11,20,10,750,111,"114, RUE DE CHARONNE",,,Nuit avec éclairage allumé,En agglomération,Hors intersection,Normale,Autre collision,,,,,,,,,,,5,2,1,1.0,6
201200055561,0012-02-12 00:35:00,12,2,12,0,35,750,111,"65, RUE DE LA ROQUETTE",,,Nuit avec éclairage allumé,En agglomération,Hors intersection,Normale,Autre collision,,,,,,,,,,,5,2,1,1.0,6
201200055562,0012-02-12 14:10:00,12,2,12,14,10,750,111,"46, AVENUE PHILIPPE AUGU",,,Plein jour,En agglomération,Intersection en T,Normale,Deux véhicules - côté,,,,,,,,,,,1,2,3,1.0,3
201200055563,0012-02-12 14:45:00,12,2,12,14,45,750,111,"2, RUE ALEXANDRE DUMAS",,,Plein jour,En agglomération,Intersection à plus de 4 branches,Normale,Autre collision,,,,,,,,,,,1,2,5,1.0,6
201200055564,0012-02-13 21:12:00,12,2,13,21,12,750,111,RUE DU FAUBOURG SAINT AN,,,Nuit avec éclairage allumé,En agglomération,Hors intersection,Pluie légère,Autre collision,,,,,,,,,,,5,2,1,2.0,6
201200055565,0012-02-14 10:15:00,12,2,14,10,15,750,111,"296, BOULEVARD VOLTAIRE",,,Plein jour,En agglomération,Place,Pluie légère,Deux véhicules - côté,,,,,,,,,,,1,2,7,2.0,3
201200055566,0012-02-14 21:25:00,12,2,14,21,25,750,111,"159, RUE DE CHARONNE",,,Nuit avec éclairage allumé,En agglomération,Intersection en T,Normale,Autre collision,,,,,,,,,,,5,2,3,1.0,6
201200055567,0012-02-15 11:45:00,12,2,15,11,45,750,111,"86, RUE DE CHARONNE",,,Plein jour,En agglomération,Place,Normale,Autre collision,,,,,,,,,,,1,2,7,1.0,6
201200055568,0012-02-15 17:05:00,12,2,15,17,5,750,111,"121, AVENUE LEDRU ROLLIN",,,Plein jour,En agglomération,Hors intersection,Normale,Deux véhicules - arrière,,,,,,,,,,,1,2,1,1.0,2
201200055569,0012-02-16 04:30:00,12,2,16,4,30,750,111,"78, RUE DE LA ROQUETTE",,,Nuit avec éclairage allumé,En agglomération,Intersection en T,Normale,Autre collision,,,,,,,,,,,5,2,3,1.0,6
201200055570,0012-02-16 23:10:00,12,2,16,23,10,750,111,"147, RUE DU FAUBOURG SAI",,,Nuit avec éclairage allumé,En agglomération,Intersection à plus de 4 branches,Normale,Deux véhicules - côté,,,,,,,,,,,5,2,5,1.0,3
201200055571,0012-02-17 06:40:00,12,2,17,6,40,750,111,"131, AVENUE PHILIPPE AUG",,,Nuit avec éclairage allumé,En agglomération,Intersection en X,Temps couvert,Autre collision,,,,,,,,,,,5,2,2,8.0,6
201200055572,0012-02-17 13:10:00,12,2,17,13,10,750,111,"02, BOULEVARD BEAUMARCHA",,,Plein jour,En agglomération,Place,Pluie légère,Trois véhicules et plus - en chaîne,,,,,,,,,,,1,2,7,2.0,4
201200055573,0012-02-18 09:37:00,12,2,18,9,37,750,111,"103, RUE DE CHARONNE",,,Plein jour,En agglomération,Intersection en T,Normale,Autre collision,,,,,,,,,,,1,2,3,1.0,6
201200055574,0012-02-21 21:05:00,12,2,21,21,5,750,111,"216, BOULEVARD VOLTAIRE",,,Nuit avec éclairage allumé,En agglomération,Intersection en T,Normale,Deux véhicules - côté,,,,,,,,,,,5,2,3,1.0,3
201200055575,0012-02-22 13:35:00,12,2,22,13,35,750,111,"62, AVENUE PHILIPPE AUGU",,,Plein jour,En agglomération,Intersection en X,Normale,Sans collision,,,,,,,,,,,1,2,2,1.0,7
201200055576,0012-02-24 19:30:00,12,2,24,19,30,750,111,"131 bis, RUE DE LA ROQUE",,,Plein jour,En agglomération,Intersection en X,Normale,Autre collision,,,,,,,,,,,1,2,2,1.0,6
201200055577,0012-02-25 04:30:00,12,2,25,4,30,750,111,"263, RUE DU FAUBOURG SAI",,,Nuit avec éclairage allumé,En agglomération,Intersection en T,Normale,Deux véhicules - côté,,,,,,,,,,,5,2,3,1.0,3
201200055578,0012-02-26 17:45:00,12,2,26,17,45,750,111,"13, BOULEVARD VOLTAIRE",,,Plein jour,En agglomération,Intersection en X,Normale,Deux véhicules - côté,,,,,,,,,,,1,2,2,1.0,3
201200055579,0012-02-27 08:10:00,12,2,27,8,10,750,111,"35, RUE DU MOULIN JOLY",,,Plein jour,En agglomération,Hors intersection,Normale,Deux véhicules - côté,,,,,,,,,,,1,2,1,1.0,3
201200055580,0012-03-01 11:55:00,12,3,1,11,55,750,111,"117, RUE DE CHARONNE",,,Plein jour,En agglomération,Intersection en X,Normale,Autre collision,,,,,,,,,,,1,2,2,1.0,6
201200055581,0012-03-01 17:35:00,12,3,1,17,35,750,111,"50, AVENUE DE LA REPUBLI",,,Plein jour,En agglomération,Intersection à plus de 4 branches,Normale,Deux véhicules - côté,,,,,,,,,,,1,2,5,1.0,3
201200055582,0012-03-03 19:05:00,12,3,3,19,5,750,111,"122, AVENUE PARMENTIER",,,Nuit avec éclairage allumé,En agglomération,Hors intersection,Pluie légère,Deux véhicules - côté,,,,,,,,,,,5,2,1,2.0,3
201200055583,0012-03-06 16:00:00,12,3,6,16,0,750,111,"01, RUE SAINT MAUR",,,Plein jour,En agglomération,Intersection en X,Temps couvert,Autre collision,,,,,,,,,,,1,2,2,8.0,6
201200055584,0012-03-06 18:20:00,12,3,6,18,20,750,111,"23, AVENUE DE LA REPUBLI",,,Nuit avec éclairage allumé,En agglomération,Intersection en X,Normale,Autre collision,,,,,,,,,,,5,2,2,1.0,6
201200055585,0012-03-07 15:15:00,12,3,7,15,15,750,111,"17, AVENUE PARMENTIER",,,Plein jour,En agglomération,Intersection en X,Pluie légère,Deux véhicules - côté,,,,,,,,,,,1,2,2,2.0,3
201200055586,0012-03-08 20:05:00,12,3,8,20,5,750,111,"29, BOULEVARD JULES FERR",,,Nuit avec éclairage allumé,En agglomération,Hors intersection,Normale,Deux véhicules - arrière,,,,,,,,,,,5,2,1,1.0,2
201200055587,0012-03-12 13:00:00,12,3,12,13,0,750,111,"119, RUE DE MONTREUIL",,,Plein jour,En agglomération,Intersection en T,Normale,Deux véhicules - côté,,,,,,,,,,,1,2,3,1.0,3
201200055588,0012-03-13 16:45:00,12,3,13,16,45,750,111,"41, AVENUE DE LA REPUBLI",,,Plein jour,En agglomération,Intersection à plus de 4 branches,Normale,Autre collision,,,,,,,,,,,1,2,5,1.0,6
201200055589,0012-03-13 17:40:00,12,3,13,17,40,750,111,"45, AVENUE PARMENTIER",,,Plein jour,En agglomération,Intersection en T,Normale,Deux véhicules - côté,,,,,,,,,,,1,2,3,1.0,3
201200055590,0012-03-14 09:15:00,12,3,14,9,15,750,111,"26, AVENUE DE LA REPUBLI",,,Plein jour,En agglomération,Intersection à plus de 4 branches,Normale,Deux véhicules - côté,,,,,,,,,,,1,2,5,1.0,3
201200055591,0012-03-14 22:55:00,12,3,14,22,55,750,111,"138, AVENUE PARMENTIER",,,Nuit avec éclairage allumé,En agglomération,Intersection en T,Normale,Deux véhicules - côté,,,,,,,,,,,5,2,3,1.0,3
201200055592,0012-03-16 09:35:00,12,3,16,9,35,750,111,"03, RUE SAINT AMBROISE",,,Plein jour,En agglomération,Hors intersection,Normale,Autre collision,,,,,,,,,,,1,2,1,1.0,6
201200055593,0012-03-16 17:45:00,12,3,16,17,45,750,111,"154, RUE DU CHEMIN VERT",,,Plein jour,En agglomération,Place,Normale,Deux véhicules - côté,,,,,,,,,,,1,2,7,1.0,3
201200055594,0012-03-16 21:40:00,12,3,16,21,40,750,111,"69, BOULEVARD VOLTAIRE",,,Nuit avec éclairage allumé,En agglomération,Hors intersection,Normale,Deux véhicules - côté,,,,,,,,,,,5,2,1,1.0,3
201200055595,0012-03-17 00:20:00,12,3,17,0,20,750,111,"45, BOULEVARD VOLTAIRE",,,Nuit avec éclairage allumé,En agglomération,Intersection en X,Normale,Autre collision,,,,,,,,,,,5,2,2,1.0,6
201200055596,0012-03-16 11:05:00,12,3,16,11,5,750,111,"1, AVENUE PHILIPPE AUGUS",,,Plein jour,En agglomération,Place,Normale,Deux véhicules - côté,,,,,,,,,,,1,2,7,1.0,3
201200055597,0012-03-17 13:50:00,12,3,17,13,50,750,111,"154, RUE DU CHEMIN VERT",,,Plein jour,En agglomération,Intersection à plus de 4 branches,Normale,Deux véhicules - arrière,,,,,,,,,,,1,2,5,1.0,2
201200055598,0012-03-17 21:45:00,12,3,17,21,45,750,111,"161, RUE DU FAUBOURG SAI",,,Nuit avec éclairage allumé,En agglomération,Hors intersection,Normale,Deux véhicules - côté,,,,,,,,,,,5,2,1,1.0,3
201200055599,0012-03-19 11:30:00,12,3,19,11,30,750,111,"172, BOULEVARD VOLTAIRE",,,Plein jour,En agglomération,Intersection en X,Normale,Autre collision,,,,,,,,,,,1,2,2,1.0,6
201200055600,0012-03-19 16:05:00,12,3,19,16,5,750,111,"94, AVENUE LEDRU ROLLIN",,,Plein jour,En agglomération,Hors intersection,Normale,Deux véhicules - côté,,,,,,,,,,,1,2,1,1.0,3
201200055601,0012-03-20 18:25:00,12,3,20,18,25,750,111,"14, PLACE DE LA BASTILLE",,,Plein jour,En agglomération,Place,Normale,Deux véhicules - côté,,,,,,,,,,,1,2,7,1.0,3
201200055602,0012-03-22 11:13:00,12,3,22,11,13,750,111,"02, BOULEVARD JULES FERR",,,Plein jour,En agglomération,Intersection en T,Normale,Deux véhicules - arrière,,,,,,,,,,,1,2,3,1.0,2
201200055603,0012-03-22 18:40:00,12,3,22,18,40,750,111,BOULEVARD BEAUMARCHAIS,,,Plein jour,En agglomération,Intersection en T,Normale,Deux véhicules - frontale,,,,,,,,,,,1,2,3,1.0,1
201200055604,0012-03-24 00:20:00,12,3,24,0,20,750,111,"42, AVENUE DE LA REPUBLI",,,Nuit avec éclairage allumé,En agglomération,Hors intersection,Normale,Deux véhicules - côté,,,,,,,,,,,5,2,1,1.0,3
201200055605,0012-03-24 11:35:00,12,3,24,11,35,750,111,"158, BOULEVARD VOLTAIRE",,,Plein jour,En agglomération,Intersection en T,Normale,Deux véhicules - côté,,,,,,,,,,,1,2,3,1.0,3
201200055606,0012-03-24 16:20:00,12,3,24,16,20,750,111,"02, RUE DU CHEMIN VERT",,,Plein jour,En agglomération,Intersection en T,Normale,Sans collision,,,,,,,,,,,1,2,3,1.0,7
201200055607,0012-03-25 14:35:00,12,3,25,14,35,750,111,"94, RUE DE CHARONNE",,,Plein jour,En agglomération,Intersection en T,Normale,Sans collision,,,,,,,,,,,1,2,3,1.0,7
201200055608,0012-03-26 16:15:00,12,3,26,16,15,750,111,"24, BOULEVARD RICHARD LE",,,Plein jour,En agglomération,Intersection à plus de 4 branches,Normale,Deux véhicules - côté,,,,,,,,,,,1,2,5,1.0,3
201200055609,0012-03-27 08:50:00,12,3,27,8,50,750,111,"65, AVENUE DE LA REPUBLI",,,Plein jour,En agglomération,Hors intersection,Temps éblouissant,Autre collision,,,,,,,,,,,1,2,1,7.0,6
201200055610,0012-03-27 11:55:00,12,3,27,11,55,750,111,AVENUE DE LA REPUBLIQUE,,,Plein jour,En agglomération,Intersection à plus de 4 branches,Normale,Deux véhicules - côté,,,,,,,,,,,1,2,5,1.0,3
201200055611,0012-03-27 16:00:00,12,3,27,16,0,750,111,"131, BOULEVARD RICHARD L",,,Plein jour,En agglomération,Intersection en X,Normale,Autre collision,,,,,,,,,,,1,2,2,1.0,6
201200055612,0012-03-27 17:45:00,12,3,27,17,45,750,111,"197, BOULEVARD VOLTAIRE",,,Plein jour,En agglomération,Hors intersection,Normale,Autre collision,,,,,,,,,,,1,2,1,1.0,6
201200055613,0012-03-27 18:30:00,12,3,27,18,30,750,111,"58, AVENUE PARMENTIER",,,Plein jour,En agglomération,Intersection en T,Normale,Autre collision,,,,,,,,,,,1,2,3,1.0,6
201200055614,0012-03-28 21:00:00,12,3,28,21,0,750,111,"1, AVENUE DU TRONE",,,Nuit avec éclairage allumé,En agglomération,Place,Normale,Deux véhicules - côté,,,,,,,,,,,5,2,7,1.0,3
201200055615,0012-03-29 11:15:00,12,3,29,11,15,750,111,"81, BOULEVARD DE MENILMO",,,Plein jour,En agglomération,Intersection en X,Normale,Autre collision,,,,,,,,,,,1,2,2,1.0,6
201200055616,0012-03-30 18:15:00,12,3,30,18,15,750,111,"91, AVENUE DE LA REPUBLI",,,Plein jour,En agglomération,Intersection en T,Normale,Autre collision,,,,,,,,,,,1,2,3,1.0,6
201200055617,0012-03-30 19:50:00,12,3,30,19,50,750,111,"159, BOULEVARD VOLTAIRE",,,Crépuscule ou aube,En agglomération,Hors intersection,Normale,Deux véhicules - côté,,,,,,,,,,,2,2,1,1.0,3
201200055618,0012-03-31 13:00:00,12,3,31,13,0,750,111,"122, BOULEVARD RICHARD L",,,Plein jour,En agglomération,Hors intersection,Temps couvert,Deux véhicules - côté,,,,,,,,,,,1,2,1,8.0,3
201200055619,0012-04-01 18:20:00,12,4,1,18,20,750,111,"37, BOULEVARD VOLTAIRE",,,Plein jour,En agglomération,Intersection en X,Normale,Deux véhicules - arrière,,,,,,,,,,,1,2,2,1.0,2
201200055620,0012-04-01 20:50:00,12,4,1,20,50,750,111,"5, RUE JEAN PIERRE TIMBA",,,Nuit avec éclairage allumé,En agglomération,Intersection en X,Normale,Deux véhicules - côté,,,,,,,,,,,5,2,2,1.0,3
201200055621,0012-04-03 00:05:00,12,4,3,0,5,750,111,"44, AVENUE DE LA REPUBLI",,,Nuit avec éclairage allumé,En agglomération,Intersection à plus de 4 branches,Normale,Trois véhicules et plus - collisions multiples,,,,,,,,,,,5,2,5,1.0,5
201200055622,0012-04-03 11:25:00,12,4,3,11,25,750,111,"109, BOULEVARD DE MENILM",,,Plein jour,En agglomération,Intersection en T,Normale,Deux véhicules - côté,,,,,,,,,,,1,2,3,1.0,3
201200055623,0012-04-03 13:05:00,12,4,3,13,5,750,111,"167, RUE DE LA ROQUETTE",,,Plein jour,En agglomération,Hors intersection,Normale,Deux véhicules - arrière,,,,,,,,,,,1,2,1,1.0,2
201200055624,0012-04-03 21:35:00,12,4,3,21,35,750,111,"5, BOULEVARD JULES FERRY",,,Nuit avec éclairage allumé,En agglomération,Hors intersection,Normale,Autre collision,,,,,,,,,,,5,2,1,1.0,6
201200055625,0012-04-04 11:00:00,12,4,4,11,0,750,111,"83, RUE LEON FROT",,,Plein jour,En agglomération,Hors intersection,Normale,Deux véhicules - côté,,,,,,,,,,,1,2,1,1.0,3
201200055626,0012-04-04 16:35:00,12,4,4,16,35,750,111,"238, BOULEVARD VOLTAIRE",,,Plein jour,En agglomération,Intersection en T,Normale,Sans collision,,,,,,,,,,,1,2,3,1.0,7
201200055627,0012-04-05 19:20:00,12,4,5,19,20,750,111,"90 BIS, AVENUE DE LA REP",,,Plein jour,En agglomération,Intersection en T,Normale,Deux véhicules - côté,,,,,,,,,,,1,2,3,1.0,3
201200055628,0012-04-06 07:50:00,12,4,6,7,50,750,111,"121, AVENUE LEDRU ROLLIN",,,Plein jour,En agglomération,Hors intersection,Normale,Autre collision,,,,,,,,,,,1,2,1,1.0,6
201200055629,0012-04-06 08:45:00,12,4,6,8,45,750,111,"185, RUE DU FAUBOURG SAI",,,Plein jour,En agglomération,Intersection à plus de 4 branches,Temps couvert,Deux véhicules - côté,,,,,,,,,,,1,2,5,8.0,3
201200055630,0012-04-06 19:20:00,12,4,6,19,20,750,111,"13, BOULEVARD DE BELLEVI",,,Plein jour,En agglomération,Intersection en T,Normale,Autre collision,,,,,,,,,,,1,2,3,1.0,6
201200055631,0012-04-06 21:24:00,12,4,6,21,24,750,111,"26, BOULEVARD RICHARD LE",,,Nuit avec éclairage allumé,En agglomération,Intersection à plus de 4 branches,Normale,Autre collision,,,,,,,,,,,5,2,5,1.0,6
201200055632,0012-04-09 12:15:00,12,4,9,12,15,750,111,"35, RUE DE MONTREUIL",,,Plein jour,En agglomération,Intersection en T,Normale,Sans collision,,,,,,,,,,,1,2,3,1.0,7