accident_id,datetime,annee,mois,jour,heure,minute,departement,commune_insee,adresse,latitude,longitude,luminosite,agglomeration,intersection,meteo,collision,nb_vehicules,nb_usagers,nb_indemnes,nb_tues,nb_blesses_hosp,nb_blesses_legers,age_cond_1,age_cond_2,veh_type_cond_1,veh_type_cond_2,lum_code,agg_code,int_code,atm_code,col_code
201200056014,0012-03-19 23:15:00,12,3,19,23,15,750,112,"10, BOULEVARD DIDEROT",,,Nuit avec éclairage allumé,En agglomération,Intersection en X,Normale,Deux véhicules - arrière,,,,,,,,,,,5,2,2,1.0,2
201200056015,0012-03-22 08:20:00,12,3,22,8,20,750,112,"63 bis, AVENUE LEDRU ROL",,,Plein jour,En agglomération,Hors intersection,Normale,Deux véhicules - côté,,,,,,,,,,,1,2,1,1.0,3
201200056016,0012-03-23 03:50:00,12,3,23,3,50,750,112,QUAI DE BERCY,,,Nuit avec éclairage allumé,En agglomération,Intersection à plus de 4 branches,Normale,Autre collision,,,,,,,,,,,5,2,5,1.0,6
201200056017,0012-03-23 09:45:00,12,3,23,9,45,750,112,PLACE DE LA BASTILLE,,,Plein jour,En agglomération,Place,Normale,Deux véhicules - côté,,,,,,,,,,,1,2,7,1.0,3
201200056018,0012-03-26 07:45:00,12,3,26,7,45,750,112,AVENUE DE GRAVELLE,,,Plein jour,En agglomération,Intersection en T,Normale,Sans collision,,,,,,,,,,,1,2,3,1.0,7
201200056019,0012-03-26 15:56:00,12,3,26,15,56,750,112,"98, QUAI DE LA RAPEE",,,Plein jour,En agglomération,Intersection à plus de 4 branches,Normale,Autre collision,,,,,,,,,,,1,2,5,1.0,6
201200056020,0012-03-26 18:15:00,12,3,26,18,15,750,112,"88, QUAI DE LA RAPEE",,,Plein jour,En agglomération,Hors intersection,Normale,Sans collision,,,,,,,,,,,1,2,1,1.0,7
201200056021,0012-03-28 11:10:00,12,3,28,11,10,750,112,"14, RUE DE RAMBOUILLET",,,Plein jour,En agglomération,Place,Normale,Autre collision,,,,,,,,,,,1,2,7,1.0,6
201200056022,0012-03-28 13:00:00,12,3,28,13,0,750,112,"31, AVENUE DES TERROIRS",,,Plein jour,En agglomération,Intersection en T,Normale,Autre collision,,,,,,,,,,,1,2,3,1.0,6
201200056023,0012-03-29 09:30:00,12,3,29,9,30,750,112,"1, AVENUE DE NOGENT",,,Plein jour,En agglomération,Intersection en T,Normale,Deux véhicules - côté,,,,,,,,,,,1,2,3,1.0,3
201200056024,0012-03-29 14:45:00,12,3,29,14,45,750,112,"74, RUE DU FAUBOURG SAIN",,,Plein jour,En agglomération,Hors intersection,Normale,Deux véhicules - arrière,,,,,,,,,,,1,2,1,1.0,2
201200056025,0012-03-30 00:45:00,12,3,30,0,45,750,112,"37, RUE DE REUILLY",,,Nuit avec éclairage allumé,En agglomération,Intersection en X,Normale,Autre collision,,,,,,,,,,,5,2,2,1.0,6
201200056026,0012-03-30 16:45:00,12,3,30,16,45,750,112,QUAI DE LA RAPEE,,,Plein jour,En agglomération,Intersection à plus de 4 branches,Normale,Deux véhicules - côté,,,,,,,,,,,1,2,5,1.0,3
201200056027,0012-03-30 21:25:00,12,3,30,21,25,750,112,AVENUE DE SAINT MANDE,,,Nuit avec éclairage allumé,En agglomération,Intersection à plus de 4 branches,Normale,Deux véhicules - côté,,,,,,,,,,,5,2,5,1.0,3
201200056028,0012-04-02 09:30:00,12,4,2,9,30,750,112,"54, BOULEVARD DIDEROT",,,Plein jour,En agglomération,Intersection en T,Normale,Deux véhicules - arrière,,,,,,,,,,,1,2,3,1.0,2
201200056029,0012-04-05 08:55:00,12,4,5,8,55,750,112,"56, RUE DU FAUBOURG SAIN",,,Plein jour,En agglomération,Intersection en T,Normale,Autre collision,,,,,,,,,,,1,2,3,1.0,6
201200056030,0012-04-05 15:55:00,12,4,5,15,55,750,112,"32, RUE DE LA BRECHE AUX",,,Plein jour,En agglomération,Intersection en X,Normale,Sans collision,,,,,,,,,,,1,2,2,1.0,7
201200056031,0012-04-05 13:55:00,12,4,5,13,55,750,112,"46, QUAI DE LA RAPEE",,,Plein jour,En agglomération,Hors intersection,Normale,Deux véhicules - côté,,,,,,,,,,,1,2,1,1.0,3
201200056032,0012-04-06 18:30:00,12,4,6,18,30,750,112,"12, BOULEVARD SOULT",,,Plein jour,En agglomération,Intersection en X,Normale,Sans collision,,,,,,,,,,,1,2,2,1.0,7
201200056033,0012-04-07 14:25:00,12,4,7,14,25,750,112,"64, BOULEVARD DIDEROT",,,Plein jour,En agglomération,Hors intersection,Normale,Sans collision,,,,,,,,,,,1,2,1,1.0,7
201200056034,0012-04-09 10:50:00,12,4,9,10,50,750,112,"88, AVENUE LEDRU ROLLIN",,,Plein jour,En agglomération,Intersection en Y,Normale,Autre collision,,,,,,,,,,,1,2,4,1.0,6
201200056035,0012-04-10 16:40:00,12,4,10,16,40,750,112,"159, RUE DE BERCY",,,Plein jour,En agglomération,Hors intersection,Pluie forte,Deux véhicules - arrière,,,,,,,,,,,1,2,1,3.0,2
201200056036,0012-04-11 08:45:00,12,4,11,8,45,750,112,"42, AVENUE DAUMESNIL",,,Plein jour,En agglomération,Intersection en X,Normale,Autre collision,,,,,,,,,,,1,2,2,1.0,6
201200056037,0012-04-11 19:55:00,12,4,11,19,55,750,112,"196, RUE DU FAUBOURG SAI",,,Plein jour,En agglomération,Intersection à plus de 4 branches,Normale,Deux véhicules - côté,,,,,,,,,,,1,2,5,1.0,3
201200056038,0012-04-12 16:40:00,12,4,12,16,40,750,112,"1, BOULEVARD SOULT",,,Plein jour,En agglomération,Intersection à plus de 4 branches,Normale,Autre collision,,,,,,,,,,,1,2,5,1.0,6
201200056039,0012-04-12 20:15:00,12,4,12,20,15,750,112,AVENUE COURTELINE,,,Nuit avec éclairage allumé,En agglomération,Intersection en X,Normale,Autre collision,,,,,,,,,,,5,2,2,1.0,6
201200056040,0012-04-13 20:10:00,12,4,13,20,10,750,112,RUE ELIE FAURE,,,Crépuscule ou aube,En agglomération,Intersection à plus de 4 branches,Normale,Sans collision,,,,,,,,,,,2,2,5,1.0,7
201200056041,0012-04-14 01:02:00,12,4,14,1,2,750,112,BOULEVARD PONIATOWSKI,,,Nuit avec éclairage allumé,En agglomération,Intersection en X,Normale,Deux véhicules - côté,,,,,,,,,,,5,2,2,1.0,3
201200056042,0012-04-14 17:40:00,12,4,14,17,40,750,112,RUE DU FAUBOURG SAINT AN,,,Plein jour,En agglomération,Intersection en X,Pluie légère,Deux véhicules - arrière,,,,,,,,,,,1,2,2,2.0,2
201200056043,0012-04-16 08:25:00,12,4,16,8,25,750,112,"125 bis, RUE DE REUILLY",,,Plein jour,En agglomération,Hors intersection,Normale,Deux véhicules - côté,,,,,,,,,,,1,2,1,1.0,3
201200056044,0012-04-16 22:00:00,12,4,16,22,0,750,112,AVENUE DAUMESNIL,,,Nuit avec éclairage allumé,En agglomération,Intersection en X,Normale,Sans collision,,,,,,,,,,,5,2,2,1.0,7
201200056045,0012-04-17 12:15:00,12,4,17,12,15,750,112,"45, AVENUE LEDRU ROLLIN",,,Plein jour,En agglomération,Intersection en X,Pluie légère,Autre collision,,,,,,,,,,,1,2,2,2.0,6
201200056046,0012-04-17 13:30:00,12,4,17,13,30,750,112,"44, AVENUE DAUMESNIL",,,Plein jour,En agglomération,Intersection en T,Pluie forte,Deux véhicules - côté,,,,,,,,,,,1,2,3,3.0,3
201200056047,0012-04-19 10:25:00,12,4,19,10,25,750,112,ROUTE DE CEINTURE DU LAC,,,Plein jour,En agglomération,Place,Normale,Deux véhicules - arrière,,,,,,,,,,,1,2,7,1.0,2
201200056048,0012-04-19 12:55:00,12,4,19,12,55,750,112,"237, RUE DE CHARENTON",,,Plein jour,En agglomération,Intersection en X,Normale,Deux véhicules - côté,,,,,,,,,,,1,2,2,1.0,3
201200056049,0012-04-20 15:20:00,12,4,20,15,20,750,112,"148, BOULEVARD DIDEROT",,,Plein jour,En agglomération,Intersection en T,Normale,Deux véhicules - côté,,,,,,,,,,,1,2,3,1.0,3
201200056050,0012-04-22 11:40:00,12,4,22,11,40,750,112,ROUTE DE CEINTURE DU LAC,,,Plein jour,En agglomération,Hors intersection,Normale,Autre collision,,,,,,,,,,,1,2,1,1.0,6
201200056051,0012-04-24 16:10:00,12,4,24,16,10,750,112,"22, RUE CROZATIER",,,Plein jour,En agglomération,Intersection en X,Pluie légère,Deux véhicules - côté,,,,,,,,,,,1,2,2,2.0,3
201200056052,0012-04-25 00:30:00,12,4,25,0,30,750,112,"67, BOULEVARD PONIATOWSK",,,Nuit avec éclairage allumé,En agglomération,Intersection en X,Normale,Deux véhicules - côté,,,,,,,,,,,5,2,2,1.0,3
201200056053,0012-05-01 18:15:00,12,5,1,18,15,750,112,AVENUE DAUMESNIL,,,Plein jour,En agglomération,Hors intersection,Normale,Deux véhicules - côté,,,,,,,,,,,1,2,1,1.0,3
201200056054,0012-05-03 16:19:00,12,5,3,16,19,750,112,"53, RUE DE PICPUS",,,Plein jour,En agglomération,Intersection en X,Normale,Deux véhicules - côté,,,,,,,,,,,1,2,2,1.0,3
201200056055,0012-05-03 17:35:00,12,5,3,17,35,750,112,"86, BOULEVARD DIDEROT",,,Plein jour,En agglomération,Intersection en X,Pluie légère,Deux véhicules - côté,,,,,,,,,,,1,2,2,2.0,3
201200056056,0012-05-04 00:45:00,12,5,4,0,45,750,112,PLACE EDOUARD RENARD,,,Nuit avec éclairage allumé,En agglomération,Place,Normale,Deux véhicules - arrière,,,,,,,,,,,5,2,7,1.0,2
201200056057,0012-05-04 18:15:00,12,5,4,18,15,750,112,"60, BOULEVARD DIDEROT",,,Plein jour,En agglomération,Hors intersection,Pluie légère,Autre collision,,,,,,,,,,,1,2,1,2.0,6
201200056058,0012-05-05 19:50:00,12,5,5,19,50,750,112,BOULEVARD PONIATOWSKI,,,Crépuscule ou aube,En agglomération,Intersection en Y,Pluie forte,Trois véhicules et plus - collisions multiples,,,,,,,,,,,2,2,4,3.0,5
201200056059,0012-05-06 17:25:00,12,5,6,17,25,750,112,ROUTE DE CEINTURE DU LAC,,,Plein jour,En agglomération,Intersection en Y,Normale,Deux véhicules - côté,,,,,,,,,,,1,2,4,1.0,3
201200056060,0012-05-07 17:00:00,12,5,7,17,0,750,112,"198, RUE DE CHARENTON",,,Plein jour,En agglomération,Hors intersection,Normale,Autre collision,,,,,,,,,,,1,2,1,1.0,6
201200056061,0012-05-08 17:27:00,12,5,8,17,27,750,112,QUAI DE BERCY,,,Plein jour,En agglomération,Intersection en Y,Normale,Deux véhicules - frontale,,,,,,,,,,,1,2,4,1.0,1
201200056062,0012-05-08 18:30:00,12,5,8,18,30,750,112,AVENUE DAUMESNIL,,,Plein jour,En agglomération,Intersection à plus de 4 branches,Normale,Deux véhicules - côté,,,,,,,,,,,1,2,5,1.0,3
201200056063,0012-05-09 15:45:00,12,5,9,15,45,750,112,"126, QUAI DE BERCY",,,Plein jour,En agglomération,Intersection en T,Normale,Deux véhicules - côté,,,,,,,,,,,1,2,3,1.0,3
201200056064,0012-05-10 02:40:00,12,5,10,2,40,750,112,"158, RUE DE CHARENTON",,,Nuit avec éclairage allumé,En agglomération,Place,Normale,Sans collision,,,,,,,,,,,5,2,7,1.0,7
201200056065,0012-05-10 23:50:00,12,5,10,23,50,750,112,BOULEVARD DE REUILLY,,,Nuit avec éclairage allumé,En agglomération,Intersection en X,Normale,Deux véhicules - côté,,,,,,,,,,,5,2,2,1.0,3
201200056066,0012-05-12 02:25:00,12,5,12,2,25,750,112,"97, PLACE DE LA BASTILLE",,,Nuit avec éclairage allumé,En agglomération,Place,Normale,Autre collision,,,,,,,,,,,5,2,7,1.0,6
201200056067,0012-05-12 10:15:00,12,5,12,10,15,750,112,AVENUE DE SAINT MAURICE,,,Plein jour,En agglomération,Hors intersection,Normale,Deux véhicules - côté,,,,,,,,,,,1,2,1,1.0,3
201200056068,0012-05-12 17:30:00,12,5,12,17,30,750,112,"69, RUE DE REUILLY",,,Plein jour,En agglomération,Intersection en X,Normale,Deux véhicules - côté,,,,,,,,,,,1,2,2,1.0,3
201200056069,0012-05-13 06:18:00,12,5,13,6,18,750,112,"/, VOIE GEORGES POMPIDOU",,,Plein jour,En agglomération,Hors intersection,Normale,Deux véhicules - arrière,,,,,,,,,,,1,2,1,1.0,2
201200056070,0012-05-13 10:40:00,12,5,13,10,40,750,112,QUAI DE LA RAPEE,,,Plein jour,En agglomération,Intersection à plus de 4 branches,Normale,Deux véhicules - côté,,,,,,,,,,,1,2,5,1.0,3
201200056071,0012-05-13 10:55:00,12,5,13,10,55,750,112,PLACE DE LA BASTILLE,,,Plein jour,En agglomération,Place,Normale,Autre collision,,,,,,,,,,,1,2,7,1.0,6
201200056072,0012-05-13 20:20:00,12,5,13,20,20,750,112,"86, RUE DE WATTIGNIES",,,Plein jour,En agglomération,Intersection à plus de 4 branches,Normale,Autre collision,,,,,,,,,,,1,2,5,1.0,6
201200056073,0012-05-14 14:05:00,12,5,14,14,5,750,112,AVENUE DAUMESNIL,,,Plein jour,En agglomération,Intersection en X,Normale,Autre collision,,,,,,,,,,,1,2,2,1.0,6
201200056074,0012-05-14 11:25:00,12,5,14,11,25,750,112,QUAI DE BERCY,,,Plein jour,En agglomération,Hors intersection,Normale,Sans collision,,,,,,,,,,,1,2,1,1.0,7
201200056075,0012-05-14 18:30:00,12,5,14,18,30,750,112,"250, AVENUE DAUMESNIL",,,Plein jour,En agglomération,Intersection à plus de 4 branches,Normale,Deux véhicules - côté,,,,,,,,,,,1,2,5,1.0,3
201200056076,0012-05-15 10:30:00,12,5,15,10,30,750,112,QUAI DE BERCY,,,Plein jour,En agglomération,Hors intersection,Normale,Deux véhicules - arrière,,,,,,,,,,,1,2,1,1.0,2
201200056077,0012-05-20 17:10:00,12,5,20,17,10,750,112,RUE DE BERCY,,,Plein jour,En agglomération,Intersection en X,Normale,Deux véhicules - côté,,,,,,,,,,,1,2,2,1.0,3
201200056078,0012-05-21 12:45:00,12,5,21,12,45,750,112,PLACE MAZAS,,,Plein jour,En agglomération,Hors intersection,Pluie forte,Deux véhicules - côté,,,,,,,,,,,1,2,1,3.0,3
201200056079,0012-05-21 22:35:00,12,5,21,22,35,750,112,"233, AVENUE DAUMESNIL",,,Nuit avec éclairage allumé,En agglomération,Hors intersection,Temps couvert,Autre collision,,,,,,,,,,,5,2,1,8.0,6
201200056080,0012-05-22 05:40:00,12,5,22,5,40,750,112,QUAI DE LA RAPEE,,,Crépuscule ou aube,En agglomération,Intersection à plus de 4 branches,Normale,Autre collision,,,,,,,,,,,2,2,5,1.0,6
201200056081,0012-05-23 15:20:00,12,5,23,15,20,750,112,BOULEVARD DE LA GUYANE,,,Plein jour,En agglomération,Hors intersection,Normale,Deux véhicules - côté,,,,,,,,,,,1,2,1,1.0,3
201200056082,0012-05-23 16:10:00,12,5,23,16,10,750,112,"39, RUE DE WATTIGNIES",,,Plein jour,En agglomération,Hors intersection,Normale,Autre collision,,,,,,,,,,,1,2,1,1.0,6
201200056083,0012-05-24 09:00:00,12,5,24,9,0,750,112,RUE DE PICPUS,,,Plein jour,En agglomération,Intersection en X,Normale,Autre collision,,,,,,,,,,,1,2,2,1.0,6
201200056084,0012-05-25 09:00:00,12,5,25,9,0,750,112,AVENUE DAUMESNIL,,,Plein jour,En agglomération,Intersection en T,Normale,Deux véhicules - frontale,,,,,,,,,,,1,2,3,1.0,1
201200056085,0012-05-25 13:35:00,12,5,25,13,35,750,112,"302, RUE DE CHARENTON",,,Plein jour,En agglomération,Intersection en X,Normale,Deux véhicules - frontale,,,,,,,,,,,1,2,2,1.0,1
201200056086,0012-05-27 01:40:00,12,5,27,1,40,750,112,QUAI DE LA RAPEE,,,Nuit avec éclairage allumé,En agglomération,Hors intersection,Normale,Autre collision,,,,,,,,,,,5,2,1,1.0,6
201200056087,0012-05-27 12:00:00,12,5,27,12,0,750,112,RUE BARON LE ROY,,,Plein jour,En agglomération,Intersection en T,Normale,Autre collision,,,,,,,,,,,1,2,3,1.0,6
201200056088,0012-05-29 01:50:00,12,5,29,1,50,750,112,"145, BOULEVARD DIDEROT",,,Nuit avec éclairage allumé,En agglomération,Hors intersection,Normale,Autre collision,,,,,,,,,,,5,2,1,1.0,6
201200056089,0012-05-29 14:55:00,12,5,29,14,55,750,112,"15, RUE ERARD",,,Plein jour,En agglomération,Intersection en Y,Normale,Autre collision,,,,,,,,,,,1,2,4,1.0,6
201200056090,0012-05-30 08:00:00,12,5,30,8,0,750,112,AVENUE DE NOGENT,,,Plein jour,En agglomération,Hors intersection,Normale,Deux véhicules - côté,,,,,,,,,,,1,2,1,1.0,3
201200056091,0012-05-30 06:30:00,12,5,30,6,30,750,119,"278, RUE DE BELLEVILLE",,,Plein jour,En agglomération,Intersection en X,Normale,Autre collision,,,,,,,,,,,1,2,2,1.0,6
201200056092,0012-05-30 10:40:00,12,5,30,10,40,750,112,RUE DU FAUBOURG SAINT AN,,,Plein jour,En agglomération,Intersection en T,Normale,Deux véhicules - côté,,,,,,,,,,,1,2,3,1.0,3
201200056093,0012-05-30 17:50:00,12,5,30,17,50,750,112,"83, RUE DE BERCY",,,Plein jour,En agglomération,Hors intersection,Normale,Deux véhicules - côté,,,,,,,,,,,1,2,1,1.0,3
201200056094,0012-05-31 16:05:00,12,5,31,16,5,750,112,"35, RUE JACQUES HILLAIRE",,,Plein jour,En agglomération,Intersection en T,Normale,Autre collision,,,,,,,,,,,1,2,3,1.0,6
201200056095,0012-05-31 22:30:00,12,5,31,22,30,750,112,"235, RUE DE BERCY",,,Nuit avec éclairage allumé,En agglomération,Intersection en X,Normale,Autre collision,,,,,,,,,,,5,2,2,1.0,6
201200056096,0012-06-01 20:10:00,12,6,1,20,10,750,112,QUAI DE BERCY,,,Plein jour,En agglomération,Hors intersection,Normale,Deux véhicules - arrière,,,,,,,,,,,1,2,1,1.0,2
201200056097,0012-06-02 11:35:00,12,6,2,11,35,750,112,"65, BOULEVARD DE PICPUS",,,Plein jour,En agglomération,Intersection en T,Normale,Autre collision,,,,,,,,,,,1,2,3,1.0,6
201200056098,0012-06-02 19:40:00,12,6,2,19,40,750,112,"9, GARE DE LYON",,,Plein jour,En agglomération,Hors intersection,Normale,Sans collision,,,,,,,,,,,1,2,1,1.0,7
201200056099,0012-06-03 02:15:00,12,6,3,2,15,750,112,QUAI DE LA RAPEE,,,Nuit avec éclairage allumé,En agglomération,Hors intersection,Pluie forte,Deux véhicules - frontale,,,,,,,,,,,5,2,1,3.0,1
201200056100,0012-06-04 01:40:00,12,6,4,1,40,750,112,"122, AVENUE DAUMESNIL",,,Nuit avec éclairage allumé,En agglomération,Hors intersection,Normale,Autre collision,,,,,,,,,,,5,2,1,1.0,6
201200056101,0012-06-04 19:55:00,12,6,4,19,55,750,112,AVENUE DU TREMBLAY,,,Plein jour,En agglomération,Hors intersection,Normale,Trois véhicules et plus - en chaîne,,,,,,,,,,,1,2,1,1.0,4
201200056102,0012-06-05 15:05:00,12,6,5,15,5,750,112,"100, BOULEVARD DIDEROT",,,Plein jour,En agglomération,Intersection en Y,Normale,Deux véhicules - côté,,,,,,,,,,,1,2,4,1.0,3
201200056103,0012-06-06 13:45:00,12,6,6,13,45,750,112,"/, AVENUE DU TREMBLAY",,,Plein jour,En agglomération,Intersection en X,Normale,Deux véhicules - arrière,,,,,,,,,,,1,2,2,1.0,2
201200056104,0012-06-08 01:40:00,12,6,8,1,40,750,112,BOULEVARD PONIATOWSKI,,,Nuit avec éclairage allumé,En agglomération,Intersection à plus de 4 branches,Normale,Deux véhicules - côté,,,,,,,,,,,5,2,5,1.0,3
201200056105,0012-06-10 13:00:00,12,6,10,13,0,750,112,AVENUE DAUMESNIL,,,Plein jour,En agglomération,Hors intersection,Normale,Autre collision,,,,,,,,,,,1,2,1,1.0,6
201200056106,0012-06-10 21:30:00,12,6,10,21,30,750,120,"331, RUE DES PYRENEES",,,Nuit avec éclairage allumé,En agglomération,Intersection à plus de 4 branches,Normale,Autre collision,,,,,,,,,,,5,2,5,1.0,6
201200056107,0012-06-13 17:10:00,12,6,13,17,10,750,112,AVENUE DAUMESNIL,,,Plein jour,En agglomération,Hors intersection,Normale,Deux véhicules - frontale,,,,,,,,,,,1,2,1,1.0,1
201200056108,0012-06-14 10:15:00,12,6,14,10,15,750,112,"94, AVENUE DU GENERAL MI",,,Plein jour,En agglomération,Intersection en Y,Normale,Autre collision,,,,,,,,,,,1,2,4,1.0,6
201200056109,0012-06-14 19:30:00,12,6,14,19,30,750,112,"218, RUE DU FAUBOURG SAI",,,Plein jour,En agglomération,Intersection en T,Normale,Deux véhicules - arrière,,,,,,,,,,,1,2,3,1.0,2
201200056110,0012-06-15 14:30:00,12,6,15,14,30,750,112,"86, QUAI DE LA RAPEE",,,Plein jour,En agglomération,Intersection en X,Normale,Deux véhicules - côté,,,,,,,,,,,1,2,2,1.0,3
201200056111,0012-06-16 03:55:00,12,6,16,3,55,750,112,"86, QUAI DE LA RAPEE",,,Nuit avec éclairage allumé,En agglomération,Intersection en X,Pluie légère,Deux véhicules - côté,,,,,,,,,,,5,2,2,2.0,3
201200056112,0012-06-17 14:15:00,12,6,17,14,15,750,112,"107, RUE DE REUILLY",,,Plein jour,En agglomération,Hors intersection,Normale,Deux véhicules - arrière,,,,,,,,,,,1,2,1,1.0,2
201200056113,0012-06-17 16:20:00,12,6,17,16,20,750,112,"15, AVENUE DU DOCTEUR AR",,,Plein jour,En agglomération,Intersection en X,Pluie légère,Deux véhicules - arrière,,,,,,,,,,,1,2,2,2.0,2
201200056114,0012-06-20 08:50:00,12,6,20,8,50,750,112,"106, RUE DU FAUBOURG SAI",,,Plein jour,En agglomération,Hors intersection,Normale,Autre collision,,,,,,,,,,,1,2,1,1.0,6
201200056115,0012-06-20 10:30:00,12,6,20,10,30,750,112,RUE DU GENERAL DE LANGLE,,,Plein jour,En agglomération,Intersection en Y,Normale,Deux véhicules - arrière,,,,,,,,,,,1,2,4,1.0,2
201200056116,0012-06-21 18:30:00,12,6,21,18,30,750,112,ESPLANADE SAINT LOUIS,,,Plein jour,En agglomération,Hors intersection,Normale,Autre collision,,,,,,,,,,,1,2,1,1.0,6
201200056117,0012-06-21 20:10:00,12,6,21,20,10,750,104,"3 bis, PLACE DE LA BASTI",,,Plein jour,En agglomération,Place,Normale,Deux véhicules - côté,,,,,,,,,,,1,2,7,1.0,3
201200056118,0012-06-24 11:00:00,12,6,24,11,0,750,112,AVENUE DE GRAVELLE,,,Plein jour,En agglomération,Intersection en T,Pluie légère,Deux véhicules - côté,,,,,,,,,,,1,2,3,2.0,3
201200056119,0012-06-24 19:30:00,12,6,24,19,30,750,112,"23 bis, BOULEVARD DIDERO",,,Crépuscule ou aube,En agglomération,Intersection en X,Pluie légère,Autre collision,,,,,,,,,,,2,2,2,2.0,6
201200056120,0012-06-25 01:30:00,12,6,25,1,30,750,112,"16, PLACE DE LA NATION",,,Nuit avec éclairage allumé,En agglomération,Intersection en X,Normale,Deux véhicules - côté,,,,,,,,,,,5,2,2,1.0,3
201200056121,0012-06-25 15:25:00,12,6,25,15,25,750,112,RUE DE CHARENTON,,,Plein jour,En agglomération,Intersection en X,Normale,Deux véhicules - frontale,,,,,,,,,,,1,2,2,1.0,1
201200056122,0012-06-25 17:10:00,12,6,25,17,10,750,112,"103 bis, RUE DE REUILLY",,,Plein jour,En agglomération,Hors intersection,Normale,Deux véhicules - côté,,,,,,,,,,,1,2,1,1.0,3
201200056123,0012-06-25 17:10:00,12,6,25,17,10,750,112,AVENUE DAUMESNIL,,,Plein jour,En agglomération,Hors intersection,Normale,Deux véhicules - arrière,,,,,,,,,,,1,2,1,1.0,2
201200056124,0012-06-27 13:00:00,12,6,27,13,0,750,112,"40, RUE CHALIGNY",,,Plein jour,En agglomération,Hors intersection,Normale,Autre collision,,,,,,,,,,,1,2,1,1.0,6
201200056125,0012-06-27 15:00:00,12,6,27,15,0,750,112,QUAI DE LA RAPEE,,,Plein jour,En agglomération,Intersection en Y,Normale,Deux véhicules - côté,,,,,,,,,,,1,2,4,1.0,3
201200056126,0012-06-27 18:45:00,12,6,27,18,45,750,112,RUE DE WATTIGNIES,,,Plein jour,En agglomération,Intersection en X,Normale,Autre collision,,,,,,,,,,,1,2,2,1.0,6
201200056127,0012-06-28 08:40:00,12,6,28,8,40,750,112,"., QUAI DE BERCY",,,Plein jour,En agglomération,Hors intersection,Normale,Deux véhicules - côté,,,,,,,,,,,1,2,1,1.0,3
201200056128,0012-06-28 11:00:00,12,6,28,11,0,750,112,QUAI DE BERCY,,,Plein jour,En agglomération,Hors intersection,Normale,Sans collision,,,,,,,,,,,1,2,1,1.0,7
201200056129,0012-06-28 12:05:00,12,6,28,12,5,750,112,"40, RUE JACQUES HILLAIRE",,,Plein jour,En agglomération,Hors intersection,Normale,Autre collision,,,,,,,,,,,1,2,1,1.0,6
201200056130,0012-06-28 18:10:00,12,6,28,18,10,750,112,"12, PLACE DU BATAILLON D",,,Plein jour,En agglomération,Place,Normale,Autre collision,,,,,,,,,,,1,2,7,1.0,6
201200056131,0012-06-29 07:50:00,12,6,29,7,50,750,112,"21, RUE DU FAUBOURG SAIN",,,Plein jour,En agglomération,Hors intersection,Temps couvert,Deux véhicules - côté,,,,,,,,,,,1,2,1,8.0,3
201200056132,0012-06-29 13:00:00,12,6,29,13,0,750,112,"30, RUE SIBUET",,,Plein jour,En agglomération,Intersection en T,Normale,Autre collision,,,,,,,,,,,1,2,3,1.0,6
201200056133,0012-06-30 17:55:00,12,6,30,17,55,750,112,"51, BOULEVARD DIDEROT",,,Plein jour,En agglomération,Intersection en X,Normale,Deux véhicules - frontale,,,,,,,,,,,1,2,2,1.0,1
201200056134,0012-07-01 03:30:00,12,7,1,3,30,750,112,AVENUE DAUMESNIL,,,Nuit avec éclairage allumé,En agglomération,Place,Normale,Autre collision,,,,,,,,,,,5,2,7,1.0,6
201200056135,0012-07-02 04:00:00,12,7,2,4,0,750,112,RUE LAMBLARDIE,,,Nuit avec éclairage allumé,En agglomération,Hors intersection,Normale,Autre collision,,,,,,,,,,,5,2,1,1.0,6
201200056136,0012-07-02 22:02:00,12,7,2,22,2,750,112,"7, RUE DE LYON",,,Nuit avec éclairage allumé,En agglomération,Intersection à plus de 4 branches,Normale,Autre collision,,,,,,,,,,,5,2,5,1.0,6
201200056137,0012-07-03 19:20:00,12,7,3,19,20,750,112,"188, AVENUE DAUMESNIL",,,Plein jour,En agglomération,Intersection en T,Normale,Autre collision,,,,,,,,,,,1,2,3,1.0,6
201200056138,0012-07-04 07:20:00,12,7,4,7,20,750,112,"282, AVENUE DAUMESNIL",,,Plein jour,En agglomération,Intersection à plus de 4 branches,Normale,Deux véhicules - côté,,,,,,,,,,,1,2,5,1.0,3
201200056139,0012-07-04 19:50:00,12,7,4,19,50,750,112,"269, AVENUE DAUMESNIL",,,Plein jour,En agglomération,Hors intersection,Normale,Deux véhicules - côté,,,,,,,,,,,1,2,1,1.0,3
201200056140,0012-07-06 11:10:00,12,7,6,11,10,750,112,"19, AVENUE DAUMESNIL",,,Plein jour,En agglomération,Hors intersection,Normale,Trois véhicules et plus - en chaîne,,,,,,,,,,,1,2,1,1.0,4
201200056141,0012-07-06 12:00:00,12,7,6,12,0,750,112,BOULEVARD DE BERCY,,,Plein jour,En agglomération,Place,Normale,Autre collision,,,,,,,,,,,1,2,7,1.0,6
201200056142,0012-07-09 07:20:00,12,7,9,7,20,750,112,"43, BOULEVARD DE REUILLY",,,Plein jour,En agglomération,Hors intersection,Normale,Deux véhicules - côté,,,,,,,,,,,1,2,1,1.0,3
201200056143,0012-07-09 15:20:00,12,7,9,15,20,750,112,"31, RUE PROUDHON",,,Plein jour,En agglomération,Intersection à plus de 4 branches,Normale,Deux véhicules - côté,,,,,,,,,,,1,2,5,1.0,3
201200056144,0012-07-10 08:50:00,12,7,10,8,50,750,112,"37, RUE DE REUILLY",,,Plein jour,En agglomération,Intersection en T,Normale,Autre collision,,,,,,,,,,,1,2,3,1.0,6