accident_id,datetime,annee,mois,jour,heure,minute,departement,commune_insee,adresse,latitude,longitude,luminosite,agglomeration,intersection,meteo,collision,nb_vehicules,nb_usagers,nb_indemnes,nb_tues,nb_blesses_hosp,nb_blesses_legers,age_cond_1,age_cond_2,veh_type_cond_1,veh_type_cond_2,lum_code,agg_code,int_code,atm_code,col_code
201200056657,0012-10-23 17:50:00,12,10,23,17,50,750,113,"1, BOULEVARD VINCENT AUR",,,Plein jour,En agglomération,Intersection en X,Normale,Trois véhicules et plus - collisions multiples,,,,,,,,,,,1,2,2,1.0,5
201200056658,0012-10-24 13:55:00,12,10,24,13,55,750,113,"38, RUE DE PATAY",,,Plein jour,En agglomération,Hors intersection,Normale,Autre collision,,,,,,,,,,,1,2,1,1.0,6
201200056659,0012-10-24 16:05:00,12,10,24,16,5,750,113,"25, RUE DE PATAY",,,Plein jour,En agglomération,Hors intersection,Normale,Autre collision,,,,,,,,,,,1,2,1,1.0,6
201200056660,0012-10-25 10:50:00,12,10,25,10,50,750,113,"12, RUE NEUVE TOLBIAC",,,Plein jour,En agglomération,Intersection en T,Normale,Deux véhicules - arrière,,,,,,,,,,,1,2,3,1.0,2
201200056661,0012-10-27 00:15:00,12,10,27,0,15,750,113,"48, RUE BOBILLOT",,,Nuit avec éclairage allumé,En agglomération,Hors intersection,Normale,Sans collision,,,,,,,,,,,5,2,1,1.0,7
201200056662,0012-10-27 15:35:00,12,10,27,15,35,750,113,"102, RUE DE PATAY",,,Plein jour,En agglomération,Intersection à plus de 4 branches,Normale,Deux véhicules - côté,,,,,,,,,,,1,2,5,1.0,3
201200056663,0012-10-27 20:25:00,12,10,27,20,25,750,113,"12, AVENUE D ITALIE",,,Nuit avec éclairage allumé,En agglomération,Hors intersection,Normale,Deux véhicules - côté,,,,,,,,,,,5,2,1,1.0,3
201200056664,0012-10-31 09:40:00,12,10,31,9,40,750,113,BOULEVARD PERIPHERIQUE,,,Plein jour,En agglomération,Hors intersection,Normale,Deux véhicules - côté,,,,,,,,,,,1,2,1,1.0,3
201200056665,0012-10-31 18:10:00,12,10,31,18,10,750,113,QUAI DE LA GARE,,,Nuit avec éclairage allumé,En agglomération,Intersection à plus de 4 branches,Normale,Deux véhicules - côté,,,,,,,,,,,5,2,5,1.0,3
201200056666,0012-11-01 19:40:00,12,11,1,19,40,750,113,"114, BOULEVARD AUGUSTE B",,,Nuit avec éclairage allumé,En agglomération,Hors intersection,Normale,Deux véhicules - arrière,,,,,,,,,,,5,2,1,1.0,2
201200056667,0012-11-02 19:00:00,12,11,2,19,0,750,113,"21, QUAI D AUSTERLITZ",,,Nuit avec éclairage allumé,En agglomération,Intersection en T,Normale,Deux véhicules - frontale,,,,,,,,,,,5,2,3,1.0,1
201200056668,0012-11-02 17:30:00,12,11,2,17,30,750,113,"61, AVENUE D ITALIE",,,Plein jour,En agglomération,Intersection en X,Pluie légère,Sans collision,,,,,,,,,,,1,2,2,2.0,7
201200056669,0012-11-04 06:15:00,12,11,4,6,15,750,113,RUE CHARLES LEROY,,,Crépuscule ou aube,En agglomération,Hors intersection,Normale,Sans collision,,,,,,,,,,,2,2,1,1.0,7
201200056670,0012-11-06 01:50:00,12,11,6,1,50,750,113,"01, BOULEVARD DE PORT RO",,,Nuit avec éclairage allumé,En agglomération,Hors intersection,Normale,Autre collision,,,,,,,,,,,5,2,1,1.0,6
201200056671,0012-11-07 10:10:00,12,11,7,10,10,750,113,BOULEVARD PERIPHERIQUE,,,Plein jour,En agglomération,Hors intersection,Normale,Deux véhicules - arrière,,,,,,,,,,,1,2,1,1.0,2
201200056672,0012-11-08 18:30:00,12,11,8,18,30,750,113,AVENUE DE LA PORTE D ITA,,,Nuit avec éclairage allumé,En agglomération,Intersection à plus de 4 branches,Normale,Autre collision,,,,,,,,,,,5,2,5,1.0,6
201200056673,0012-11-08 19:50:00,12,11,8,19,50,750,113,PORTE D ITALIE,,,Nuit avec éclairage allumé,En agglomération,Intersection en Y,Normale,Deux véhicules - côté,,,,,,,,,,,5,2,4,1.0,3
201200056674,0012-11-08 05:10:00,12,11,8,5,10,750,105,"40, BOULEVARD DE L HOPIT",,,Nuit avec éclairage allumé,En agglomération,Intersection en X,Normale,Autre collision,,,,,,,,,,,5,2,2,1.0,6
201200056675,0012-11-09 21:55:00,12,11,9,21,55,750,113,"53, BOULEVARD ARAGO",,,Nuit avec éclairage allumé,En agglomération,Intersection en X,Pluie légère,Deux véhicules - côté,,,,,,,,,,,5,2,2,2.0,3
201200056676,0012-11-10 01:45:00,12,11,10,1,45,750,113,"113, BOULEVARD MASSENA",,,Nuit avec éclairage allumé,En agglomération,Intersection en X,Pluie légère,Autre collision,,,,,,,,,,,5,2,2,2.0,6
201200056677,0012-11-12 15:00:00,12,11,12,15,0,750,113,"53, RUE ALBERT",,,Plein jour,En agglomération,Hors intersection,Normale,Deux véhicules - côté,,,,,,,,,,,1,2,1,1.0,3
201200056678,0012-11-12 20:00:00,12,11,12,20,0,750,113,BOULEVARD PERIPHERIQUE,,,Nuit avec éclairage allumé,En agglomération,Hors intersection,Normale,Deux véhicules - côté,,,,,,,,,,,5,2,1,1.0,3
201200056679,0012-11-13 17:35:00,12,11,13,17,35,750,113,"140, BOULEVARD DE L HOPI",,,Nuit avec éclairage allumé,En agglomération,Intersection en X,Normale,Deux véhicules - côté,,,,,,,,,,,5,2,2,1.0,3
201200056680,0012-11-13 18:20:00,12,11,13,18,20,750,113,"1, BOULEVARD DU GENERAL",,,Nuit sans éclairage public,En agglomération,Intersection en T,Normale,Deux véhicules - côté,,,,,,,,,,,3,2,3,1.0,3
201200056681,0012-11-17 11:45:00,12,11,17,11,45,750,113,"154, RUE DE TOLBIAC",,,Plein jour,En agglomération,Intersection en Y,Temps couvert,Sans collision,,,,,,,,,,,1,2,4,8.0,7
201200056682,0012-11-17 21:20:00,12,11,17,21,20,750,113,"20, BOULEVARD ARAGO",,,Nuit avec éclairage allumé,En agglomération,Hors intersection,Normale,Autre collision,,,,,,,,,,,5,2,1,1.0,6
201200056683,0012-11-19 21:30:00,12,11,19,21,30,750,113,BOULEVARD PERIPHERIQUE E,,,Nuit sans éclairage public,En agglomération,Hors intersection,Normale,Trois véhicules et plus - en chaîne,,,,,,,,,,,3,2,1,1.0,4
201200056684,0012-11-19 17:15:00,12,11,19,17,15,750,113,"61, RUE SAINT HIPPOLYTE",,,Nuit sans éclairage public,En agglomération,Hors intersection,Normale,Deux véhicules - arrière,,,,,,,,,,,3,2,1,1.0,2
201200056685,0012-11-19 20:30:00,12,11,19,20,30,750,113,"55, BOULEVARD VINCENT AU",,,Nuit avec éclairage allumé,En agglomération,Intersection en X,Normale,Autre collision,,,,,,,,,,,5,2,2,1.0,6
201200056686,0012-11-20 06:20:00,12,11,20,6,20,750,113,AVENUE DE LA PORTE D ITA,,,Nuit avec éclairage allumé,En agglomération,Hors intersection,Normale,Autre collision,,,,,,,,,,,5,2,1,1.0,6
201200056687,0012-11-20 21:15:00,12,11,20,21,15,750,113,PORTE D ITALIE,,,Nuit avec éclairage allumé,En agglomération,Intersection en Y,Normale,Deux véhicules - côté,,,,,,,,,,,5,2,4,1.0,3
201200056688,0012-11-21 18:10:00,12,11,21,18,10,750,113,"163, AVENUE D ITALIE",,,Crépuscule ou aube,En agglomération,Intersection en X,Temps couvert,Autre collision,,,,,,,,,,,2,2,2,8.0,6
201200056689,0012-11-21 13:25:00,12,11,21,13,25,750,113,"48, BOULEVARD ARAGO",,,Plein jour,En agglomération,Intersection en X,Normale,Deux véhicules - côté,,,,,,,,,,,1,2,2,1.0,3
201200056690,0012-11-21 13:15:00,12,11,21,13,15,750,113,"4, BOULEVARD DE L HOPITA",,,Plein jour,En agglomération,Hors intersection,Normale,Autre collision,,,,,,,,,,,1,2,1,1.0,6
201200056691,0012-11-26 20:40:00,12,11,26,20,40,750,113,QUAI PANHARD ET LEVASSOR,,,Nuit avec éclairage allumé,En agglomération,Intersection en T,Normale,Autre collision,,,,,,,,,,,5,2,3,1.0,6
201200056692,0012-11-27 18:35:00,12,11,27,18,35,750,113,"130, BOULEVARD MASSENA",,,Nuit avec éclairage allumé,En agglomération,Intersection en X,Pluie légère,Autre collision,,,,,,,,,,,5,2,2,2.0,6
201200056693,0012-11-27 19:20:00,12,11,27,19,20,750,113,"76, AVENUE D ITALIE",,,Nuit avec éclairage allumé,En agglomération,Intersection en X,Temps couvert,Sans collision,,,,,,,,,,,5,2,2,8.0,7
201200056694,0012-11-28 22:04:00,12,11,28,22,4,750,113,"122, RUE DE TOLBIAC",,,Nuit avec éclairage allumé,En agglomération,Intersection à plus de 4 branches,Pluie légère,Sans collision,,,,,,,,,,,5,2,5,2.0,7
201200056695,0012-11-29 14:25:00,12,11,29,14,25,750,113,"17, RUE DU MOULINET",,,Plein jour,En agglomération,Hors intersection,Normale,Autre collision,,,,,,,,,,,1,2,1,1.0,6
201200056696,0012-11-30 00:01:00,12,11,30,0,1,750,113,"12, RUE DE TOLBIAC",,,Nuit avec éclairage allumé,En agglomération,Hors intersection,Normale,Autre collision,,,,,,,,,,,5,2,1,1.0,6
201200056697,0012-11-30 07:50:00,12,11,30,7,50,750,113,"51, BOULEVARD ARAGO",,,Plein jour,En agglomération,Intersection en X,Normale,Autre collision,,,,,,,,,,,1,2,2,1.0,6
201200056698,0012-12-02 01:00:00,12,12,2,1,0,750,113,"75, RUE DE TOLBIAC",,,Nuit avec éclairage allumé,En agglomération,Intersection en X,Pluie légère,Sans collision,,,,,,,,,,,5,2,2,2.0,7
201200056699,0012-12-03 06:25:00,12,12,3,6,25,750,113,"06, RUE DE LA POTERNE DE",,,Nuit avec éclairage allumé,En agglomération,Intersection en X,Pluie légère,Autre collision,,,,,,,,,,,5,2,2,2.0,6
201200056700,0012-12-03 17:15:00,12,12,3,17,15,750,113,"84, BOULEVARD ARAGO",,,Nuit sans éclairage public,En agglomération,Intersection en X,Normale,Deux véhicules - côté,,,,,,,,,,,3,2,2,1.0,3
201200056701,0012-12-04 11:45:00,12,12,4,11,45,750,113,"51, AVENUE DES GOBELINS",,,Plein jour,En agglomération,Intersection en T,Normale,Deux véhicules - arrière,,,,,,,,,,,1,2,3,1.0,2
201200056702,0012-12-04 11:15:00,12,12,4,11,15,750,113,"11, PLACE D ITALIE",,,Plein jour,En agglomération,Place,Normale,Sans collision,,,,,,,,,,,1,2,7,1.0,7
201200056703,0012-12-04 19:40:00,12,12,4,19,40,750,113,"80, AVENUE D ITALIE",,,Nuit avec éclairage allumé,En agglomération,Intersection en X,Pluie légère,Autre collision,,,,,,,,,,,5,2,2,2.0,6
201200056704,0012-12-05 09:50:00,12,12,5,9,50,750,113,"51, AVENUE DES GOBELINS",,,Plein jour,En agglomération,Intersection en T,Normale,Autre collision,,,,,,,,,,,1,2,3,1.0,6
201200056705,0012-12-05 21:00:00,12,12,5,21,0,750,113,"25, AVENUE D ITALIE",,,Nuit avec éclairage allumé,En agglomération,Intersection en Y,Normale,Deux véhicules - côté,,,,,,,,,,,5,2,4,1.0,3
201200056706,0012-12-06 12:15:00,12,12,6,12,15,750,113,"144, BOULEVARD DE L HOPI",,,Plein jour,En agglomération,Intersection en X,Normale,Autre collision,,,,,,,,,,,1,2,2,1.0,6
201200056707,0012-12-06 20:50:00,12,12,6,20,50,750,113,QUAI D IVRY,,,Nuit avec éclairage allumé,En agglomération,Intersection à plus de 4 branches,Normale,Deux véhicules - côté,,,,,,,,,,,5,2,5,1.0,3
201200056708,0012-12-08 08:30:00,12,12,8,8,30,750,113,"47, QUAI D AUSTERLITZ",,,Plein jour,En agglomération,Hors intersection,Normale,Autre collision,,,,,,,,,,,1,2,1,1.0,6
201200056709,0012-12-09 17:35:00,12,12,9,17,35,750,113,"96, RUE DE TOLBIAC",,,Nuit avec éclairage allumé,En agglomération,Intersection à plus de 4 branches,Normale,Sans collision,,,,,,,,,,,5,2,5,1.0,7
201200056710,0012-12-09 18:00:00,12,12,9,18,0,750,113,AVENUE DE LA PORTE D ITA,,,Nuit avec éclairage allumé,En agglomération,Intersection en Y,Pluie légère,Deux véhicules - arrière,,,,,,,,,,,5,2,4,2.0,2
201200056711,0012-12-12 09:00:00,12,12,12,9,0,750,113,"14, RUE CAILLAUX",,,Plein jour,En agglomération,Intersection en T,Normale,Deux véhicules - côté,,,,,,,,,,,1,2,3,1.0,3
201200056712,0012-12-13 00:10:00,12,12,13,0,10,750,113,"73, AVENUE DES GOBELINS",,,Nuit avec éclairage allumé,En agglomération,Intersection en T,Normale,Autre collision,,,,,,,,,,,5,2,3,1.0,6
201200056713,0012-12-14 12:35:00,12,12,14,12,35,750,113,"78, AVENUE DE FRANCE",,,Plein jour,En agglomération,Intersection en X,Pluie légère,Deux véhicules - frontale,,,,,,,,,,,1,2,2,2.0,1
201200056714,0012-12-14 18:10:00,12,12,14,18,10,750,113,"37, RUE DE L ESPERANCE",,,Nuit avec éclairage allumé,En agglomération,Intersection en X,Pluie légère,Autre collision,,,,,,,,,,,5,2,2,2.0,6
201200056715,0012-12-14 23:00:00,12,12,14,23,0,750,113,"10, RUE BRUNESEAU",,,Nuit avec éclairage allumé,En agglomération,Hors intersection,Pluie légère,Trois véhicules et plus - en chaîne,,,,,,,,,,,5,2,1,2.0,4
201200056716,0012-12-15 17:10:00,12,12,15,17,10,750,113,"220, RUE DE TOLBIAC",,,Crépuscule ou aube,En agglomération,Intersection en X,Pluie légère,Deux véhicules - côté,,,,,,,,,,,2,2,2,2.0,3
201200056717,0012-12-16 19:30:00,12,12,16,19,30,750,113,"45, AVENUE DES GOBELINS",,,Nuit avec éclairage allumé,En agglomération,Intersection en T,Pluie légère,Deux véhicules - côté,,,,,,,,,,,5,2,3,2.0,3
201200056718,0012-12-17 19:25:00,12,12,17,19,25,750,113,PLACE D ITALIE,,,Nuit avec éclairage allumé,En agglomération,Place,Normale,Deux véhicules - arrière,,,,,,,,,,,5,2,7,1.0,2
201200056719,0012-12-17 21:10:00,12,12,17,21,10,750,113,"17, AVENUE DE LA PORTE D",,,Crépuscule ou aube,En agglomération,Hors intersection,Temps couvert,Autre collision,,,,,,,,,,,2,2,1,8.0,6
201200056720,0012-12-18 12:00:00,12,12,18,12,0,750,113,AVENUE DES GOBELINS,,,Plein jour,En agglomération,Intersection à plus de 4 branches,Normale,Deux véhicules - côté,,,,,,,,,,,1,2,5,1.0,3
201200056721,0012-12-19 17:45:00,12,12,19,17,45,750,113,RUE DE TOLBIAC,,,Nuit avec éclairage allumé,En agglomération,Intersection à plus de 4 branches,Pluie légère,Sans collision,,,,,,,,,,,5,2,5,2.0,7
201200056722,0012-12-19 22:30:00,12,12,19,22,30,750,113,"154, AVENUE D ITALIE",,,Nuit avec éclairage allumé,En agglomération,Intersection en X,Pluie légère,Autre collision,,,,,,,,,,,5,2,2,2.0,6
201200056723,0012-12-20 12:40:00,12,12,20,12,40,750,113,"21, AVENUE PIERRE DE COU",,,Plein jour,En agglomération,Hors intersection,Pluie légère,Deux véhicules - arrière,,,,,,,,,,,1,2,1,2.0,2
201200056724,0012-12-20 14:05:00,12,12,20,14,5,750,113,RUE BOBILLOT,,,Plein jour,En agglomération,Hors intersection,Pluie légère,Autre collision,,,,,,,,,,,1,2,1,2.0,6
201200056725,0012-12-21 20:30:00,12,12,21,20,30,750,113,"33, RUE DE TOLBIAC",,,Nuit avec éclairage allumé,En agglomération,Intersection en X,Normale,Deux véhicules - côté,,,,,,,,,,,5,2,2,1.0,3
201200056726,0012-12-21 23:05:00,12,12,21,23,5,750,113,"07, RUE DE SAINTE HELENE",,,Nuit avec éclairage allumé,En agglomération,Intersection en T,Normale,Deux véhicules - côté,,,,,,,,,,,5,2,3,1.0,3
201200056727,0012-12-23 15:00:00,12,12,23,15,0,750,113,"181, BOULEVARD VINCENT A",,,Plein jour,En agglomération,Hors intersection,Normale,Autre collision,,,,,,,,,,,1,2,1,1.0,6
201200056728,0012-12-24 18:40:00,12,12,24,18,40,750,113,RUE DE TOLBIAC,,,Nuit avec éclairage allumé,En agglomération,Intersection en X,Normale,Autre collision,,,,,,,,,,,5,2,2,1.0,6
201200056729,0012-12-25 17:45:00,12,12,25,17,45,750,113,"102, RUE DU MOULIN DES P",,,Plein jour,En agglomération,Intersection en Y,Normale,Autre collision,,,,,,,,,,,1,2,4,1.0,6
201200056730,0012-12-26 11:20:00,12,12,26,11,20,750,113,"116, RUE DE PATAY",,,Plein jour,En agglomération,Intersection en X,Normale,Autre collision,,,,,,,,,,,1,2,2,1.0,6
201200056731,0012-12-26 13:40:00,12,12,26,13,40,750,113,"68, BOULEVARD MASSENA",,,Plein jour,En agglomération,Hors intersection,Normale,Autre collision,,,,,,,,,,,1,2,1,1.0,6
201200056732,0012-12-29 02:00:00,12,12,29,2,0,750,113,BOULEVARD KELLERMANN,,,Nuit avec éclairage allumé,En agglomération,Intersection en T,Normale,Autre collision,,,,,,,,,,,5,2,3,1.0,6
201200056733,0012-12-29 14:30:00,12,12,29,14,30,750,113,"16, RUE DU DOCTEUR TUFFI",,,Plein jour,En agglomération,Intersection en X,Normale,Deux véhicules - côté,,,,,,,,,,,1,2,2,1.0,3
201200056734,0012-12-29 21:05:00,12,12,29,21,5,750,113,"111, RUE DE TOLBIAC",,,Nuit avec éclairage allumé,En agglomération,Intersection à plus de 4 branches,Normale,Deux véhicules - arrière,,,,,,,,,,,5,2,5,1.0,2
201200056735,0012-12-30 18:40:00,12,12,30,18,40,750,113,"0, RUE BAUDRICOURT",,,Nuit avec éclairage allumé,En agglomération,Intersection en T,Normale,Autre collision,,,,,,,,,,,5,2,3,1.0,6
201200056736,0012-01-03 18:35:00,12,1,3,18,35,750,114,"41, RUE DE GERGOVIE",,,Nuit avec éclairage allumé,En agglomération,Hors intersection,Pluie légère,Deux véhicules - côté,,,,,,,,,,,5,2,1,2.0,3
201200056737,0012-01-05 10:50:00,12,1,5,10,50,750,114,"253, BOULEVARD RASPAIL",,,Plein jour,En agglomération,Hors intersection,Pluie légère,Trois véhicules et plus - en chaîne,,,,,,,,,,,1,2,1,2.0,4
201200056738,0012-12-29 00:20:00,12,12,29,0,20,750,114,"7, RUE BROUSSAIS",,,Nuit avec éclairage allumé,En agglomération,Intersection en T,Pluie légère,Autre collision,,,,,,,,,,,5,2,3,2.0,6
201200056739,0012-01-06 14:45:00,12,1,6,14,45,750,114,AVENUE DU MAINE,,,Plein jour,En agglomération,Intersection en Y,Normale,Deux véhicules - côté,,,,,,,,,,,1,2,4,1.0,3
201200056740,0012-01-07 14:30:00,12,1,7,14,30,750,114,"36, BOULEVARD EDGAR QUIN",,,Plein jour,En agglomération,Hors intersection,Normale,Autre collision,,,,,,,,,,,1,2,1,1.0,6
201200056741,0012-01-07 17:00:00,12,1,7,17,0,750,114,"01, PLACE DU VINGT CINQ",,,Crépuscule ou aube,En agglomération,Place,Normale,Autre collision,,,,,,,,,,,2,2,7,1.0,6
201200056742,0012-01-09 21:05:00,12,1,9,21,5,750,114,"43, RUE RAYMOND LOSSERAN",,,Nuit avec éclairage allumé,En agglomération,Intersection en X,Normale,Deux véhicules - côté,,,,,,,,,,,5,2,2,1.0,3
201200056743,0012-01-10 15:50:00,12,1,10,15,50,750,114,"23, BOULEVARD BRUNE",,,Plein jour,En agglomération,Hors intersection,Normale,Autre collision,,,,,,,,,,,1,2,1,1.0,6
201200056744,0012-01-12 13:40:00,12,1,12,13,40,750,114,"83, BOULEVARD BRUNE",,,Plein jour,En agglomération,Intersection en X,Normale,Autre collision,,,,,,,,,,,1,2,2,1.0,6
201200056745,0012-01-15 07:25:00,12,1,15,7,25,750,114,"44, AVENUE DU GENERAL LE",,,Crépuscule ou aube,En agglomération,Intersection en T,Normale,Deux véhicules - arrière,,,,,,,,,,,2,2,3,1.0,2
201200056746,0012-01-16 15:15:00,12,1,16,15,15,750,114,"33, BOULEVARD JOURDAN",,,Plein jour,En agglomération,Hors intersection,Normale,Trois véhicules et plus - en chaîne,,,,,,,,,,,1,2,1,1.0,4
201200056747,0012-01-16 16:40:00,12,1,16,16,40,750,114,"1, PLACE DU VINGT CINQ A",,,Plein jour,En agglomération,Intersection en X,Normale,Trois véhicules et plus - en chaîne,,,,,,,,,,,1,2,2,1.0,4
201200056748,0012-01-17 16:15:00,12,1,17,16,15,750,114,"9, BOULEVARD BRUNE",,,Plein jour,En agglomération,Hors intersection,Normale,Deux véhicules - arrière,,,,,,,,,,,1,2,1,1.0,2
201200056749,0012-01-20 08:20:00,12,1,20,8,20,750,114,PORTE D ORLEANS,,,Crépuscule ou aube,En agglomération,Hors intersection,Normale,Deux véhicules - côté,,,,,,,,,,,2,2,1,1.0,3
201200056750,0012-01-20 13:58:00,12,1,20,13,58,750,114,"116, AVENUE DU MAINE",,,Plein jour,En agglomération,Intersection en T,Pluie légère,Autre collision,,,,,,,,,,,1,2,3,2.0,6
201200056751,0012-01-20 20:30:00,12,1,20,20,30,750,114,"56, BOULEVARD SAINT JACQ",,,Nuit avec éclairage allumé,En agglomération,Place,Normale,Autre collision,,,,,,,,,,,5,2,7,1.0,6
201200056752,0012-01-21 16:50:00,12,1,21,16,50,750,114,"57, AVENUE DU GENERAL LE",,,Nuit avec éclairage allumé,En agglomération,Hors intersection,Pluie légère,Trois véhicules et plus - en chaîne,,,,,,,,,,,5,2,1,2.0,4
201200056753,0012-01-24 10:35:00,12,1,24,10,35,750,114,"34, RUE DES PLANTES",,,Plein jour,En agglomération,Intersection en X,Normale,Autre collision,,,,,,,,,,,1,2,2,1.0,6
201200056754,0012-01-25 06:15:00,12,1,25,6,15,750,114,"7, RUE DELAMBRE",,,Nuit avec éclairage allumé,En agglomération,Hors intersection,Normale,Autre collision,,,,,,,,,,,5,2,1,1.0,6
201200056755,0012-01-25 13:30:00,12,1,25,13,30,750,114,"103, RUE DE LA TOMBE ISS",,,Plein jour,En agglomération,Intersection en X,Normale,Autre collision,,,,,,,,,,,1,2,2,1.0,6
201200056756,0012-01-26 09:30:00,12,1,26,9,30,750,114,AVENUE DAVID WEILL,,,Plein jour,En agglomération,Hors intersection,Autre,Autre collision,,,,,,,,,,,1,2,1,9.0,6
201200056757,0012-01-31 20:40:00,12,1,31,20,40,750,114,AVENUE DE LA PORTE DE MO,,,Nuit avec éclairage allumé,En agglomération,Hors intersection,Normale,Deux véhicules - côté,,,,,,,,,,,5,2,1,1.0,3
201200056758,0012-02-01 18:10:00,12,2,1,18,10,750,114,"73, RUE DIDOT",,,Nuit avec éclairage allumé,En agglomération,Intersection en X,Normale,Trois véhicules et plus - en chaîne,,,,,,,,,,,5,2,2,1.0,4
201200056759,0012-02-02 11:45:00,12,2,2,11,45,750,114,BOULEVARD SAINT JACQUES,,,Plein jour,En agglomération,Place,Normale,Deux véhicules - arrière,,,,,,,,,,,1,2,7,1.0,2
201200056760,0012-02-03 01:20:00,12,2,3,1,20,750,114,"27, RUE DU DEPART",,,Nuit avec éclairage allumé,En agglomération,Intersection à plus de 4 branches,Normale,Autre collision,,,,,,,,,,,5,2,5,1.0,6
201200056761,0012-02-07 20:15:00,12,2,7,20,15,750,114,"10, AVENUE GEORGES LAFEN",,,Nuit avec éclairage allumé,En agglomération,Intersection en T,Normale,Deux véhicules - côté,,,,,,,,,,,5,2,3,1.0,3
201200056762,0012-02-09 11:50:00,12,2,9,11,50,750,114,BOULEVARD SAINT JACQUES,,,Plein jour,En agglomération,Place,Normale,Autre collision,,,,,,,,,,,1,2,7,1.0,6
201200056763,0012-02-12 19:15:00,12,2,12,19,15,750,114,"72, PLACE SAINT JACQUES",,,Nuit avec éclairage allumé,En agglomération,Place,Normale,Sans collision,,,,,,,,,,,5,2,7,1.0,7
201200056764,0012-02-16 11:30:00,12,2,16,11,30,750,114,"S-51901, AVENUE DE LA PO",,,Plein jour,En agglomération,Intersection à plus de 4 branches,Normale,Deux véhicules - côté,,,,,,,,,,,1,2,5,1.0,3
201200056765,0012-02-17 11:45:00,12,2,17,11,45,750,114,"113 bis, RUE DE L OUEST",,,Plein jour,En agglomération,Intersection en X,Pluie légère,Deux véhicules - côté,,,,,,,,,,,1,2,2,2.0,3
201200056766,0012-02-18 19:55:00,12,2,18,19,55,750,114,PLACE DU VINGT CINQ AOUT,,,Nuit avec éclairage allumé,En agglomération,Place,Pluie légère,Deux véhicules - côté,,,,,,,,,,,5,2,7,2.0,3
201200056767,0012-02-23 18:35:00,12,2,23,18,35,750,114,"27, BOULEVARD ROMAIN ROL",,,Nuit avec éclairage allumé,En agglomération,Hors intersection,Pluie légère,Deux véhicules - côté,,,,,,,,,,,5,2,1,2.0,3
201200056768,0012-02-24 16:20:00,12,2,24,16,20,750,114,RUE DIDOT,,,Plein jour,En agglomération,Intersection en X,Normale,Sans collision,,,,,,,,,,,1,2,2,1.0,7
201200056769,0012-02-24 19:15:00,12,2,24,19,15,750,114,RUE CLAUDE GARAMOND,,,Nuit avec éclairage allumé,En agglomération,Intersection en X,Normale,Autre collision,,,,,,,,,,,5,2,2,1.0,6
201200056770,0012-02-28 09:00:00,12,2,28,9,0,750,114,"6, RUE DIDOT",,,Plein jour,En agglomération,Intersection en T,Normale,Autre collision,,,,,,,,,,,1,2,3,1.0,6
201200056771,0012-02-28 10:30:00,12,2,28,10,30,750,114,"201 B, RUE RAYMOND LOSSE",,,Plein jour,En agglomération,Hors intersection,Normale,Autre collision,,,,,,,,,,,1,2,1,1.0,6
201200056772,0012-02-29 14:55:00,12,2,29,14,55,750,114,"75, RUE DES PLANTES",,,Plein jour,En agglomération,Intersection en T,Normale,Autre collision,,,,,,,,,,,1,2,3,1.0,6
201200056773,0012-03-01 09:30:00,12,3,1,9,30,750,114,AVENUE DE LA PORTE DE CH,,,Plein jour,En agglomération,Intersection en Y,Normale,Autre collision,,,,,,,,,,,1,2,4,1.0,6
201200056774,0012-03-01 11:46:00,12,3,1,11,46,750,114,"43, RUE FROIDEVAUX",,,Plein jour,En agglomération,Intersection en X,Normale,Autre collision,,,,,,,,,,,1,2,2,1.0,6
201200056775,0012-03-02 09:55:00,12,3,2,9,55,750,114,"110, RUE RAYMOND LOSSERA",,,Plein jour,En agglomération,Intersection en T,Normale,Sans collision,,,,,,,,,,,1,2,3,1.0,7
201200056776,0012-03-02 10:15:00,12,3,2,10,15,750,114,"16, AVENUE PAUL APPELL",,,Plein jour,En agglomération,Intersection en T,Normale,Deux véhicules - frontale,,,,,,,,,,,1,2,3,1.0,1
201200056777,0012-03-02 13:00:00,12,3,2,13,0,750,114,"14, RUE DELAMBRE",,,Plein jour,En agglomération,Hors intersection,Normale,Autre collision,,,,,,,,,,,1,2,1,1.0,6
201200056778,0012-03-05 22:00:00,12,3,5,22,0,750,114,"1, RUE DE L OUEST",,,Nuit avec éclairage allumé,En agglomération,Intersection à plus de 4 branches,Pluie légère,Deux véhicules - côté,,,,,,,,,,,5,2,5,2.0,3
201200056779,0012-03-06 08:10:00,12,3,6,8,10,750,114,"280, BOULEVARD RASPAIL",,,Plein jour,En agglomération,Hors intersection,Pluie légère,Trois véhicules et plus - en chaîne,,,,,,,,,,,1,2,1,2.0,4
201200056780,0012-03-06 15:45:00,12,3,6,15,45,750,114,RUE DU DEPART,,,Plein jour,En agglomération,Intersection à plus de 4 branches,Normale,Autre collision,,,,,,,,,,,1,2,5,1.0,6
201200056781,0012-03-06 18:50:00,12,3,6,18,50,750,114,"27, RUE FROIDEVAUX",,,Nuit avec éclairage allumé,En agglomération,Intersection en X,Pluie légère,Deux véhicules - côté,,,,,,,,,,,5,2,2,2.0,3
201200056782,0012-03-09 15:30:00,12,3,9,15,30,750,114,RUE DE LA LEGION ETRANGE,,,Plein jour,En agglomération,Intersection à plus de 4 branches,Normale,Autre collision,,,,,,,,,,,1,2,5,1.0,6