accident_id,datetime,annee,mois,jour,heure,minute,departement,commune_insee,adresse,latitude,longitude,luminosite,agglomeration,intersection,meteo,collision,nb_vehicules,nb_usagers,nb_indemnes,nb_tues,nb_blesses_hosp,nb_blesses_legers,age_cond_1,age_cond_2,veh_type_cond_1,veh_type_cond_2,lum_code,agg_code,int_code,atm_code,col_code
201200056912,0012-08-06 09:25:00,12,8,6,9,25,750,114,"225, RUE D ALESIA",,,Plein jour,En agglomération,Intersection à plus de 4 branches,Normale,Deux véhicules - côté,,,,,,,,,,,1,2,5,1.0,3
201200056913,0012-08-06 18:00:00,12,8,6,18,0,750,114,"188, AVENUE DU MAINE",,,Plein jour,En agglomération,Intersection en Y,Normale,Autre collision,,,,,,,,,,,1,2,4,1.0,6
201200056914,0012-08-15 14:35:00,12,8,15,14,35,750,114,"178, AVENUE DU MAINE",,,Plein jour,En agglomération,Intersection en X,Normale,Deux véhicules - côté,,,,,,,,,,,1,2,2,1.0,3
201200056915,0012-08-17 04:45:00,12,8,17,4,45,750,114,"141, BOULEVARD BRUNE",,,Nuit avec éclairage allumé,En agglomération,Intersection en X,Normale,Autre collision,,,,,,,,,,,5,2,2,1.0,6
201200056916,0012-08-17 09:25:00,12,8,17,9,25,750,114,BOULEVARD BRUNE,,,Plein jour,En agglomération,Intersection à plus de 4 branches,Temps éblouissant,Deux véhicules - côté,,,,,,,,,,,1,2,5,7.0,3
201200056917,0012-08-17 19:00:00,12,8,17,19,0,750,114,"72, AVENUE DU GENERAL LE",,,Plein jour,En agglomération,Intersection en T,Normale,Sans collision,,,,,,,,,,,1,2,3,1.0,7
201200056918,0012-08-20 05:20:00,12,8,20,5,20,750,114,AVENUE DENFERT ROCHEREAU,,,Nuit avec éclairage allumé,En agglomération,Hors intersection,Normale,Autre collision,,,,,,,,,,,5,2,1,1.0,6
201200056919,0012-08-20 17:45:00,12,8,20,17,45,750,114,RUE DES PLANTES,,,Plein jour,En agglomération,Intersection en X,Temps éblouissant,Deux véhicules - côté,,,,,,,,,,,1,2,2,7.0,3
201200056920,0012-08-23 14:19:00,12,8,23,14,19,750,114,"161, AVENUE DU MAINE",,,Plein jour,En agglomération,Hors intersection,Normale,Autre collision,,,,,,,,,,,1,2,1,1.0,6
201200056921,0012-08-23 18:30:00,12,8,23,18,30,750,114,"37, RUE DAGUERRE",,,Plein jour,En agglomération,Hors intersection,Normale,Deux véhicules - côté,,,,,,,,,,,1,2,1,1.0,3
201200056922,0012-08-24 17:50:00,12,8,24,17,50,750,114,"124, AVENUE DU MAINE",,,Plein jour,En agglomération,Intersection en T,Pluie légère,Sans collision,,,,,,,,,,,1,2,3,2.0,7
201200056923,0012-08-25 16:50:00,12,8,25,16,50,750,114,"122, AVENUE DU GENERAL L",,,Plein jour,En agglomération,Intersection en X,Normale,Deux véhicules - côté,,,,,,,,,,,1,2,2,1.0,3
201200056924,0012-08-27 20:15:00,12,8,27,20,15,750,114,PLACE DU VINGT CINQ AOUT,,,Plein jour,En agglomération,Place,Normale,Autre collision,,,,,,,,,,,1,2,7,1.0,6
201200056925,0012-08-28 15:15:00,12,8,28,15,15,750,114,"3, RUE DAREAU",,,Plein jour,En agglomération,Hors intersection,Normale,Deux véhicules - arrière,,,,,,,,,,,1,2,1,1.0,2
201200056926,0012-08-28 16:10:00,12,8,28,16,10,750,114,"170, RUE D ALESIA",,,Plein jour,En agglomération,Intersection en X,Normale,Autre collision,,,,,,,,,,,1,2,2,1.0,6
201200056927,0012-08-31 15:15:00,12,8,31,15,15,750,114,BOULEVARD JOURDAN,,,Plein jour,En agglomération,Intersection en X,Normale,Deux véhicules - frontale,,,,,,,,,,,1,2,2,1.0,1
201200056928,0012-09-01 15:00:00,12,9,1,15,0,750,114,"97, AVENUE DENFERT ROCHE",,,Plein jour,En agglomération,Hors intersection,Normale,Autre collision,,,,,,,,,,,1,2,1,1.0,6
201200056929,0012-09-01 16:32:00,12,9,1,16,32,750,114,"50, AVENUE DU MAINE",,,Plein jour,En agglomération,Hors intersection,Normale,Autre collision,,,,,,,,,,,1,2,1,1.0,6
201200056930,0012-09-01 19:30:00,12,9,1,19,30,750,114,BOULEVARD PERIPHERIQUE I,,,Plein jour,En agglomération,Hors intersection,Normale,Deux véhicules - arrière,,,,,,,,,,,1,2,1,1.0,2
201200056931,0012-09-03 10:55:00,12,9,3,10,55,750,114,"208, AVENUE DU MAINE",,,Plein jour,En agglomération,Intersection en Y,Normale,Autre collision,,,,,,,,,,,1,2,4,1.0,6
201200056932,0012-09-04 18:55:00,12,9,4,18,55,750,114,"254, BOULEVARD RASPAIL",,,Plein jour,En agglomération,Intersection en Y,Normale,Deux véhicules - arrière,,,,,,,,,,,1,2,4,1.0,2
201200056933,0012-09-05 15:55:00,12,9,5,15,55,750,114,"98, AVENUE DU GENERAL LE",,,Plein jour,En agglomération,Intersection en T,Normale,Autre collision,,,,,,,,,,,1,2,3,1.0,6
201200056934,0012-09-08 03:36:00,12,9,8,3,36,750,114,"147, RUE D ALESIA",,,Nuit avec éclairage allumé,En agglomération,Intersection en T,Normale,Sans collision,,,,,,,,,,,5,2,3,1.0,7
201200056935,0012-09-08 05:45:00,12,9,8,5,45,750,114,"86, BOULEVARD DU MONTPAR",,,Nuit avec éclairage allumé,En agglomération,Hors intersection,Normale,Trois véhicules et plus - en chaîne,,,,,,,,,,,5,2,1,1.0,4
201200056936,0012-09-09 02:05:00,12,9,9,2,5,750,114,AVENUE DU MAINE,,,Nuit avec éclairage allumé,En agglomération,Hors intersection,Normale,Autre collision,,,,,,,,,,,5,2,1,1.0,6
201200056937,0012-09-10 10:40:00,12,9,10,10,40,750,114,"143, BOULEVARD BRUNE",,,Plein jour,En agglomération,Intersection en X,Normale,Deux véhicules - frontale,,,,,,,,,,,1,2,2,1.0,1
201200056938,0012-09-10 15:50:00,12,9,10,15,50,750,114,"4, RUE DE RIDDER",,,Plein jour,En agglomération,Intersection en X,Normale,Autre collision,,,,,,,,,,,1,2,2,1.0,6
201200056939,0012-09-10 18:15:00,12,9,10,18,15,750,114,"21, RUE DE L OUEST",,,Plein jour,En agglomération,Intersection en X,Normale,Autre collision,,,,,,,,,,,1,2,2,1.0,6
201200056940,0012-09-17 12:30:00,12,9,17,12,30,750,114,"1, PLACE DENFERT ROCHERE",,,Plein jour,En agglomération,Place,Normale,Autre collision,,,,,,,,,,,1,2,7,1.0,6
201200056941,0012-09-18 18:15:00,12,9,18,18,15,750,114,BOULEVARD PERIPHERIQUE E,,,Plein jour,En agglomération,Hors intersection,Normale,Deux véhicules - côté,,,,,,,,,,,1,2,1,1.0,3
201200056942,0012-09-19 12:20:00,12,9,19,12,20,750,114,RUE GAZAN,,,Plein jour,En agglomération,Intersection en T,Normale,Deux véhicules - arrière,,,,,,,,,,,1,2,3,1.0,2
201200056943,0012-09-22 12:45:00,12,9,22,12,45,750,114,"5, AVENUE DU GENERAL LEC",,,Plein jour,En agglomération,Intersection en T,Normale,Deux véhicules - côté,,,,,,,,,,,1,2,3,1.0,3
201200056944,0012-09-22 17:05:00,12,9,22,17,5,750,114,"157, RUE VERCINGETORIX",,,Plein jour,En agglomération,Hors intersection,Temps couvert,Autre collision,,,,,,,,,,,1,2,1,8.0,6
201200056945,0012-09-26 16:10:00,12,9,26,16,10,750,114,"25, RUE JEAN ZAY",,,Plein jour,En agglomération,Intersection à plus de 4 branches,Temps couvert,Deux véhicules - côté,,,,,,,,,,,1,2,5,8.0,3
201200056946,0012-09-27 08:00:00,12,9,27,8,0,750,114,"217, BOULEVARD RASPAIL",,,Plein jour,En agglomération,Intersection en Y,Pluie légère,Autre collision,,,,,,,,,,,1,2,4,2.0,6
201200056947,0012-09-27 21:00:00,12,9,27,21,0,750,114,AVENUE MAURICE D OCAGNE,,,Nuit avec éclairage allumé,En agglomération,Hors intersection,Normale,Sans collision,,,,,,,,,,,5,2,1,1.0,7
201200056948,0012-09-29 18:00:00,12,9,29,18,0,750,114,"46, RUE D ALESIA",,,Plein jour,En agglomération,Intersection à plus de 4 branches,Normale,Autre collision,,,,,,,,,,,1,2,5,1.0,6
201200056949,0012-09-30 16:45:00,12,9,30,16,45,750,114,"50, AVENUE DU MAINE",,,Plein jour,En agglomération,Hors intersection,Normale,Autre collision,,,,,,,,,,,1,2,1,1.0,6
201200056950,0012-09-30 20:30:00,12,9,30,20,30,750,114,"32, RUE DE L OUEST",,,Nuit avec éclairage allumé,En agglomération,Intersection en X,Normale,Deux véhicules - côté,,,,,,,,,,,5,2,2,1.0,3
201200056951,0012-10-01 10:30:00,12,10,1,10,30,750,114,"83, BOULEVARD ARAGO",,,Plein jour,En agglomération,Intersection en X,Normale,Autre collision,,,,,,,,,,,1,2,2,1.0,6
201200056952,0012-10-03 16:40:00,12,10,3,16,40,750,114,"124, AVENUE DU MAINE",,,Plein jour,En agglomération,Intersection en T,Pluie légère,Sans collision,,,,,,,,,,,1,2,3,2.0,7
201200056953,0012-10-03 21:25:00,12,10,3,21,25,750,114,"180, RUE D ALESIA",,,Nuit sans éclairage public,En agglomération,Intersection en T,Pluie légère,Autre collision,,,,,,,,,,,3,2,3,2.0,6
201200056954,0012-10-05 14:05:00,12,10,5,14,5,750,114,"110, BOULEVARD JOURDAN",,,Plein jour,En agglomération,Intersection à plus de 4 branches,Normale,Autre collision,,,,,,,,,,,1,2,5,1.0,6
201200056955,0012-10-05 19:10:00,12,10,5,19,10,750,114,"15, AVENUE DAVID WEILL",,,Crépuscule ou aube,En agglomération,Hors intersection,Normale,Autre collision,,,,,,,,,,,2,2,1,1.0,6
201200056956,0012-10-07 20:05:00,12,10,7,20,5,750,114,"41, RUE FROIDEVAUX",,,Nuit avec éclairage allumé,En agglomération,Intersection en X,Normale,Deux véhicules - côté,,,,,,,,,,,5,2,2,1.0,3
201200056957,0012-10-08 07:45:00,12,10,8,7,45,750,114,"37, BOULEVARD SAINT JACQ",,,Nuit sans éclairage public,En agglomération,Hors intersection,Pluie légère,Deux véhicules - côté,,,,,,,,,,,3,2,1,2.0,3
201200056958,0012-10-08 22:00:00,12,10,8,22,0,750,114,BOULEVARD PERIPHERIQUE I,,,Nuit avec éclairage allumé,En agglomération,Intersection en X,Pluie légère,Autre collision,,,,,,,,,,,5,2,2,2.0,6
201200056959,0012-10-09 08:20:00,12,10,9,8,20,750,114,RUE D ALESIA,,,Plein jour,En agglomération,Intersection à plus de 4 branches,Pluie légère,Autre collision,,,,,,,,,,,1,2,5,2.0,6
201200056960,0012-10-10 01:35:00,12,10,10,1,35,750,114,"161, AVENUE DU MAINE",,,Nuit avec éclairage allumé,En agglomération,Intersection en Y,Pluie légère,Deux véhicules - côté,,,,,,,,,,,5,2,4,2.0,3
201200056961,0012-10-10 14:05:00,12,10,10,14,5,750,114,"5, AVENUE DU GENERAL LEC",,,Plein jour,En agglomération,Intersection en T,Pluie légère,Autre collision,,,,,,,,,,,1,2,3,2.0,6
201200056962,0012-10-10 06:50:00,12,10,10,6,50,750,114,"22, RUE DE L AMIRAL MOUC",,,Nuit avec éclairage allumé,En agglomération,Hors intersection,Pluie légère,Sans collision,,,,,,,,,,,5,2,1,2.0,7
201200056963,0012-10-10 09:55:00,12,10,10,9,55,750,114,"280, BOULEVARD RASPAIL",,,Plein jour,En agglomération,Hors intersection,Temps couvert,Deux véhicules - côté,,,,,,,,,,,1,2,1,8.0,3
201200056964,0012-10-11 13:00:00,12,10,11,13,0,750,114,"0, PLACE VICTOR ET HELEN",,,Plein jour,En agglomération,Place,Normale,Deux véhicules - côté,,,,,,,,,,,1,2,7,1.0,3
201200056965,0012-10-11 18:00:00,12,10,11,18,0,750,114,"59, BOULEVARD SAINT JACQ",,,Plein jour,En agglomération,Intersection en X,Normale,Autre collision,,,,,,,,,,,1,2,2,1.0,6
201200056966,0012-10-11 19:40:00,12,10,11,19,40,750,114,"108, RUE D ALESIA",,,Nuit avec éclairage allumé,En agglomération,Intersection en X,Pluie forte,Autre collision,,,,,,,,,,,5,2,2,3.0,6
201200056967,0012-10-12 14:40:00,12,10,12,14,40,750,114,"69, AVENUE DU MAINE",,,Plein jour,En agglomération,Hors intersection,Normale,Deux véhicules - arrière,,,,,,,,,,,1,2,1,1.0,2
201200056968,0012-10-12 17:15:00,12,10,12,17,15,750,114,"12, PLACE DE LA PORTE DE",,,Plein jour,En agglomération,Hors intersection,Normale,Deux véhicules - arrière,,,,,,,,,,,1,2,1,1.0,2
201200056969,0012-10-17 10:15:00,12,10,17,10,15,750,114,"150, AVENUE DU MAINE",,,Plein jour,En agglomération,Intersection en Y,Temps couvert,Autre collision,,,,,,,,,,,1,2,4,8.0,6
201200056970,0012-10-18 20:30:00,12,10,18,20,30,750,114,"5, BOULEVARD SAINT JACQU",,,Nuit avec éclairage allumé,En agglomération,Intersection en T,Pluie légère,Deux véhicules - arrière,,,,,,,,,,,5,2,3,2.0,2
201200056971,0012-10-18 21:55:00,12,10,18,21,55,750,114,"186, AVENUE DU MAINE",,,Nuit avec éclairage allumé,En agglomération,Intersection en Y,Pluie légère,Deux véhicules - arrière,,,,,,,,,,,5,2,4,2.0,2
201200056972,0012-10-19 13:40:00,12,10,19,13,40,750,114,RUE JULIA BARTET,,,Plein jour,En agglomération,Intersection en X,Temps couvert,Deux véhicules - frontale,,,,,,,,,,,1,2,2,8.0,1
201200056973,0012-10-20 20:45:00,12,10,20,20,45,750,114,"1, AVENUE PIERRE DE COUB",,,Nuit avec éclairage allumé,En agglomération,Intersection en X,Pluie légère,Autre collision,,,,,,,,,,,5,2,2,2.0,6
201200056974,0012-10-22 10:20:00,12,10,22,10,20,750,114,RUE RAYMOND LOSSERAND,,,Plein jour,En agglomération,Intersection à plus de 4 branches,Normale,Deux véhicules - côté,,,,,,,,,,,1,2,5,1.0,3
201200056975,0012-10-22 11:45:00,12,10,22,11,45,750,114,"17, BOULEVARD EDGAR QUIN",,,Plein jour,En agglomération,Intersection en Y,Normale,Autre collision,,,,,,,,,,,1,2,4,1.0,6
201200056976,0012-10-23 13:10:00,12,10,23,13,10,750,114,RUE CHARLES DIVRY,,,Plein jour,En agglomération,Intersection en T,Normale,Deux véhicules - côté,,,,,,,,,,,1,2,3,1.0,3
201200056977,0012-10-24 07:20:00,12,10,24,7,20,750,114,RUE D ALESIA,,,Crépuscule ou aube,En agglomération,Intersection à plus de 4 branches,Normale,Autre collision,,,,,,,,,,,2,2,5,1.0,6
201200056978,0012-10-24 21:50:00,12,10,24,21,50,750,113,BOULEVARD PERIPHERIQUE,,,Nuit avec éclairage allumé,En agglomération,Hors intersection,Normale,Deux véhicules - arrière,,,,,,,,,,,5,2,1,1.0,2
201200056979,0012-10-25 14:20:00,12,10,25,14,20,750,114,"103, AVENUE DU GENERAL L",,,Plein jour,En agglomération,Hors intersection,Normale,Deux véhicules - côté,,,,,,,,,,,1,2,1,1.0,3
201200056980,0012-10-26 12:55:00,12,10,26,12,55,750,114,"56, BOULEVARD EDGAR QUIN",,,Plein jour,En agglomération,Intersection à plus de 4 branches,Normale,Autre collision,,,,,,,,,,,1,2,5,1.0,6
201200056981,0012-10-27 13:15:00,12,10,27,13,15,750,114,"2, PLACE DU VINGT CINQ A",,,Plein jour,En agglomération,Intersection à plus de 4 branches,Normale,Deux véhicules - côté,,,,,,,,,,,1,2,5,1.0,3
201200056982,0012-10-27 18:25:00,12,10,27,18,25,750,114,"02, RUE DE LA LEGION ETR",,,Nuit avec éclairage allumé,En agglomération,Hors intersection,Normale,Autre collision,,,,,,,,,,,5,2,1,1.0,6
201200056983,0012-10-29 22:10:00,12,10,29,22,10,750,114,AVENUE DE LA PORTE DE CH,,,Nuit avec éclairage allumé,En agglomération,Hors intersection,Normale,Autre collision,,,,,,,,,,,5,2,1,1.0,6
201200056984,0012-10-30 09:50:00,12,10,30,9,50,750,114,"2, BOULEVARD JOURDAN",,,Plein jour,En agglomération,Intersection en X,Normale,Autre collision,,,,,,,,,,,1,2,2,1.0,6
201200056985,0012-10-30 17:25:00,12,10,30,17,25,750,114,AVENUE DU GENERAL LECLER,,,Crépuscule ou aube,En agglomération,Intersection en T,Pluie légère,Autre collision,,,,,,,,,,,2,2,3,2.0,6
201200056986,0012-10-30 21:10:00,12,10,30,21,10,750,114,"1, BOULEVARD JOURDAN",,,Nuit avec éclairage allumé,En agglomération,Intersection en X,Normale,Deux véhicules - arrière,,,,,,,,,,,5,2,2,1.0,2
201200056987,0012-10-31 17:40:00,12,10,31,17,40,750,114,"34, RUE RAYMOND LOSSERAN",,,Crépuscule ou aube,En agglomération,Intersection en X,Normale,Autre collision,,,,,,,,,,,2,2,2,1.0,6
201200056988,0012-11-01 05:20:00,12,11,1,5,20,750,114,RUE VERCINGETORIX,,,Nuit avec éclairage allumé,En agglomération,Hors intersection,Pluie légère,Autre collision,,,,,,,,,,,5,2,1,2.0,6
201200056989,0012-11-01 19:45:00,12,11,1,19,45,750,114,"261, BOULEVARD RASPAIL",,,Nuit avec éclairage allumé,En agglomération,Hors intersection,Pluie légère,Deux véhicules - côté,,,,,,,,,,,5,2,1,2.0,3
201200056990,0012-11-02 08:40:00,12,11,2,8,40,750,114,"33, AVENUE ERNEST REYER",,,Plein jour,En agglomération,Intersection en X,Normale,Autre collision,,,,,,,,,,,1,2,2,1.0,6
201200056991,0012-11-06 12:00:00,12,11,6,12,0,750,114,"216, BOULEVARD RASPAIL",,,Plein jour,En agglomération,Hors intersection,Normale,Autre collision,,,,,,,,,,,1,2,1,1.0,6
201200056992,0012-11-09 05:00:00,12,11,9,5,0,750,114,"1, ECHANGEUR CHATILLON",,,Nuit avec éclairage allumé,En agglomération,Intersection en Y,Normale,Deux véhicules - arrière,,,,,,,,,,,5,2,4,1.0,2
201200056993,0012-11-12 19:35:00,12,11,12,19,35,750,114,"44, AVENUE DU GENERAL LE",,,Nuit avec éclairage allumé,En agglomération,Intersection en T,Normale,Deux véhicules - arrière,,,,,,,,,,,5,2,3,1.0,2
201200056994,0012-11-14 09:00:00,12,11,14,9,0,750,114,"36, RUE FRIANT",,,Plein jour,En agglomération,Hors intersection,Normale,Deux véhicules - côté,,,,,,,,,,,1,2,1,1.0,3
201200056995,0012-11-14 18:45:00,12,11,14,18,45,750,114,"6, VILLA MERIDIENNE",,,Nuit avec éclairage allumé,En agglomération,Hors intersection,Normale,Autre collision,,,,,,,,,,,5,2,1,1.0,6
201200056996,0012-11-18 14:25:00,12,11,18,14,25,750,114,RUE DE LA LEGION ETRANGE,,,Plein jour,En agglomération,Intersection en Y,Pluie légère,Deux véhicules - côté,,,,,,,,,,,1,2,4,2.0,3
201200056997,0012-11-19 07:40:00,12,11,19,7,40,750,114,"04, RUE DE CHATILLON",,,Crépuscule ou aube,En agglomération,Intersection en X,Normale,Autre collision,,,,,,,,,,,2,2,2,1.0,6
201200056998,0012-11-19 10:10:00,12,11,19,10,10,750,114,PORTE D ORLEANS,,,Plein jour,En agglomération,Intersection en Y,Normale,Autre collision,,,,,,,,,,,1,2,4,1.0,6
201200056999,0012-11-20 15:05:00,12,11,20,15,5,750,114,"244, BOULEVARD RASPAIL",,,Plein jour,En agglomération,Hors intersection,Normale,Deux véhicules - côté,,,,,,,,,,,1,2,1,1.0,3
201200057000,0012-11-17 07:00:00,12,11,17,7,0,750,114,"1, BOULEVARD JOURDAN",,,Crépuscule ou aube,En agglomération,Intersection en X,Pluie légère,Sans collision,,,,,,,,,,,2,2,2,2.0,7
201200057001,0012-11-23 11:55:00,12,11,23,11,55,750,114,RUE POINSOT,,,Plein jour,En agglomération,Intersection en T,Pluie légère,Autre collision,,,,,,,,,,,1,2,3,2.0,6
201200057002,0012-11-23 14:00:00,12,11,23,14,0,750,114,"34, AVENUE REILLE",,,Plein jour,En agglomération,Intersection en T,Pluie légère,Deux véhicules - arrière,,,,,,,,,,,1,2,3,2.0,2
201200057003,0012-11-24 13:20:00,12,11,24,13,20,750,114,PORTE DE CHATILLON,,,Plein jour,En agglomération,Hors intersection,Pluie légère,Deux véhicules - arrière,,,,,,,,,,,1,2,1,2.0,2
201200057004,0012-11-26 15:30:00,12,11,26,15,30,750,114,"11 TER, RUE D ALESIA",,,Plein jour,En agglomération,Intersection en T,Normale,Autre collision,,,,,,,,,,,1,2,3,1.0,6
201200057005,0012-11-27 17:55:00,12,11,27,17,55,750,114,"203, AVENUE DU MAINE",,,Nuit avec éclairage allumé,En agglomération,Intersection en Y,Pluie légère,Sans collision,,,,,,,,,,,5,2,4,2.0,7
201200057006,0012-11-29 07:50:00,12,11,29,7,50,750,114,RUE VERCINGETORIX,,,Crépuscule ou aube,En agglomération,Place,Pluie légère,Autre collision,,,,,,,,,,,2,2,7,2.0,6
201200057007,0012-11-29 12:20:00,12,11,29,12,20,750,114,"63, RUE D ALESIA",,,Plein jour,En agglomération,Intersection à plus de 4 branches,Normale,Sans collision,,,,,,,,,,,1,2,5,1.0,7
201200057008,0012-11-30 20:25:00,12,11,30,20,25,750,114,"36, BOULEVARD EDGAR QUIN",,,Nuit avec éclairage allumé,En agglomération,Hors intersection,Normale,Deux véhicules - arrière,,,,,,,,,,,5,2,1,1.0,2
201200057009,0012-12-05 02:00:00,12,12,5,2,0,750,114,"119, RUE VERCINGETORIX",,,Nuit avec éclairage allumé,En agglomération,Hors intersection,Normale,Autre collision,,,,,,,,,,,5,2,1,1.0,6
201200057010,0012-12-05 20:40:00,12,12,5,20,40,750,114,"34, AVENUE DU GENERAL LE",,,Nuit avec éclairage allumé,En agglomération,Hors intersection,Normale,Autre collision,,,,,,,,,,,5,2,1,1.0,6
201200057011,0012-12-06 08:30:00,12,12,6,8,30,750,114,"05, AVENUE LUCIEN DESCAV",,,Plein jour,En agglomération,Hors intersection,Normale,Deux véhicules - côté,,,,,,,,,,,1,2,1,1.0,3
201200057012,0012-12-06 16:05:00,12,12,6,16,5,750,114,"95, AVENUE DENFERT ROCHE",,,Plein jour,En agglomération,Hors intersection,Normale,Deux véhicules - côté,,,,,,,,,,,1,2,1,1.0,3
201200057013,0012-12-06 21:05:00,12,12,6,21,5,750,114,"115, RUE DIDOT",,,Nuit avec éclairage allumé,En agglomération,Intersection en T,Temps couvert,Autre collision,,,,,,,,,,,5,2,3,8.0,6
201200057014,0012-12-07 10:15:00,12,12,7,10,15,750,114,"170, RUE D ALESIA",,,Plein jour,En agglomération,Intersection en X,Pluie légère,Autre collision,,,,,,,,,,,1,2,2,2.0,6
201200057015,0012-12-08 11:30:00,12,12,8,11,30,750,114,"11, AVENUE RENE COTY",,,Plein jour,En agglomération,Intersection en X,Normale,Autre collision,,,,,,,,,,,1,2,2,1.0,6
201200057016,0012-12-10 09:30:00,12,12,10,9,30,750,114,"110, BOULEVARD BRUNE",,,Plein jour,En agglomération,Intersection à plus de 4 branches,Normale,Deux véhicules - côté,,,,,,,,,,,1,2,5,1.0,3
201200057017,0012-12-10 18:30:00,12,12,10,18,30,750,114,"161, AVENUE PAUL VAILLAN",,,Nuit avec éclairage allumé,En agglomération,Intersection en T,Temps couvert,Autre collision,,,,,,,,,,,5,2,3,8.0,6
201200057018,0012-12-12 20:04:00,12,12,12,20,4,750,114,"1, AVENUE ANDRE RIVOIRE",,,Nuit avec éclairage allumé,En agglomération,Hors intersection,Normale,Deux véhicules - côté,,,,,,,,,,,5,2,1,1.0,3
201200057019,0012-12-14 21:10:00,12,12,14,21,10,750,114,"15, AVENUE DAVID WEILL",,,Nuit avec éclairage allumé,En agglomération,Hors intersection,Normale,Autre collision,,,,,,,,,,,5,2,1,1.0,6
201200057020,0012-12-15 02:30:00,12,12,15,2,30,750,114,"35 / 39, BOULEVARD ROMAI",,,Nuit avec éclairage allumé,En agglomération,Intersection en X,Pluie forte,Autre collision,,,,,,,,,,,5,2,2,3.0,6
201200057021,0012-12-16 01:35:00,12,12,16,1,35,750,114,RUE DE LA LEGION ETRANGE,,,Nuit avec éclairage allumé,En agglomération,Intersection à plus de 4 branches,Pluie légère,Deux véhicules - côté,,,,,,,,,,,5,2,5,2.0,3
201200057022,0012-12-17 15:15:00,12,12,17,15,15,750,114,"56, AVENUE RENE COTY",,,Plein jour,En agglomération,Hors intersection,Normale,Autre collision,,,,,,,,,,,1,2,1,1.0,6
201200057023,0012-12-19 15:05:00,12,12,19,15,5,750,114,"121, RUE D ALESIA",,,Plein jour,En agglomération,Hors intersection,Pluie légère,Deux véhicules - côté,,,,,,,,,,,1,2,1,2.0,3
201200057024,0012-12-19 20:40:00,12,12,19,20,40,750,114,"15, RUE FROIDEVAUX",,,Nuit avec éclairage allumé,En agglomération,Intersection en T,Pluie légère,Deux véhicules - côté,,,,,,,,,,,5,2,3,2.0,3
201200057025,0012-12-20 16:30:00,12,12,20,16,30,750,114,"8, RUE D ODESSA",,,Plein jour,En agglomération,Hors intersection,Normale,Autre collision,,,,,,,,,,,1,2,1,1.0,6
201200057026,0012-12-20 16:30:00,12,12,20,16,30,750,114,"96, AVENUE DU MAINE",,,Plein jour,En agglomération,Intersection à plus de 4 branches,Normale,Autre collision,,,,,,,,,,,1,2,5,1.0,6
201200057027,0012-12-20 20:15:00,12,12,20,20,15,750,114,"15, AVENUE DAVID WEILL",,,Nuit sans éclairage public,En agglomération,Hors intersection,Pluie légère,Autre collision,,,,,,,,,,,3,2,1,2.0,6
201200057028,0012-12-20 21:20:00,12,12,20,21,20,750,114,"80, AVENUE DU GENERAL LE",,,Nuit avec éclairage allumé,En agglomération,Hors intersection,Normale,Autre collision,,,,,,,,,,,5,2,1,1.0,6
201200057029,0012-12-21 00:50:00,12,12,21,0,50,750,114,"203, RUE RAYMOND LOSSERA",,,Nuit avec éclairage allumé,En agglomération,Intersection à plus de 4 branches,Normale,Deux véhicules - côté,,,,,,,,,,,5,2,5,1.0,3
201200057030,0012-12-21 14:30:00,12,12,21,14,30,750,114,BOULEVARD DU MONTPARNASS,,,Plein jour,En agglomération,Hors intersection,Temps couvert,Deux véhicules - côté,,,,,,,,,,,1,2,1,8.0,3
201200057031,0012-12-21 19:45:00,12,12,21,19,45,750,115,BOULEVARD PERIPHERIQUE,,,Nuit avec éclairage allumé,En agglomération,Hors intersection,Normale,Deux véhicules - arrière,,,,,,,,,,,5,2,1,1.0,2
201200057032,0012-12-22 00:25:00,12,12,22,0,25,750,114,"77, AVENUE DU GENERAL LE",,,Nuit avec éclairage allumé,En agglomération,Place,Normale,Autre collision,,,,,,,,,,,5,2,7,1.0,6
201200057033,0012-12-22 19:10:00,12,12,22,19,10,750,114,PLACE SAINT JACQUES,,,Nuit avec éclairage allumé,En agglomération,Intersection en X,Pluie légère,Deux véhicules - frontale,,,,,,,,,,,5,2,2,2.0,1
201200057034,0012-12-30 20:13:00,12,12,30,20,13,750,114,"33, AVENUE REILLE",,,Nuit avec éclairage allumé,En agglomération,Hors intersection,Normale,Sans collision,,,,,,,,,,,5,2,1,1.0,7
201200057035,0012-01-04 09:15:00,12,1,4,9,15,750,115,"4, RUE DE LA PORTE D ISS",,,Plein jour,En agglomération,Hors intersection,Normale,Sans collision,,,,,,,,,,,1,2,1,1.0,7
201200057036,0012-01-05 15:55:00,12,1,5,15,55,750,115,"143, AVENUE EMILE ZOLA",,,Plein jour,En agglomération,Intersection à plus de 4 branches,Pluie légère,Deux véhicules - frontale,,,,,,,,,,,1,2,5,2.0,1
201200057037,0012-01-06 08:30:00,12,1,6,8,30,750,115,"1, AVENUE DE LA PORTE DE",,,Plein jour,En agglomération,Intersection en X,Normale,Deux véhicules - côté,,,,,,,,,,,1,2,2,1.0,3
201200057038,0012-01-06 17:24:00,12,1,6,17,24,750,115,"76, AVENUE EMILE ZOLA",,,Nuit avec éclairage allumé,En agglomération,Place,Normale,Autre collision,,,,,,,,,,,5,2,7,1.0,6