accident_id,datetime,annee,mois,jour,heure,minute,departement,commune_insee,adresse,latitude,longitude,luminosite,agglomeration,intersection,meteo,collision,nb_vehicules,nb_usagers,nb_indemnes,nb_tues,nb_blesses_hosp,nb_blesses_legers,age_cond_1,age_cond_2,veh_type_cond_1,veh_type_cond_2,lum_code,agg_code,int_code,atm_code,col_code
201200057039,0012-01-06 20:42:00,12,1,6,20,42,750,115,"23, RUE CAMBRONNE",,,Nuit avec éclairage allumé,En agglomération,Hors intersection,Normale,Autre collision,,,,,,,,,,,5,2,1,1.0,6
201200057040,0012-01-07 15:10:00,12,1,7,15,10,750,115,"1, RUE DE LA FEDERATION",,,Plein jour,En agglomération,Place,Normale,Deux véhicules - côté,,,,,,,,,,,1,2,7,1.0,3
201200057041,0012-01-08 00:28:00,12,1,8,0,28,750,115,BOULEVARD PASTEUR,,,Nuit avec éclairage allumé,En agglomération,Intersection à plus de 4 branches,Normale,Deux véhicules - côté,,,,,,,,,,,5,2,5,1.0,3
201200057042,0012-01-09 17:45:00,12,1,9,17,45,750,115,"135, RUE DE LA CONVENTIO",,,Nuit avec éclairage allumé,En agglomération,Intersection en X,Pluie légère,Sans collision,,,,,,,,,,,5,2,2,2.0,7
201200057043,0012-01-10 20:10:00,12,1,10,20,10,750,115,"66, AVENUE DE SUFFREN",,,Nuit avec éclairage allumé,En agglomération,Hors intersection,Normale,Autre collision,,,,,,,,,,,5,2,1,1.0,6
201200057044,0012-01-12 08:50:00,12,1,12,8,50,750,115,"40, RUE MADEMOISELLE",,,Plein jour,En agglomération,Intersection en X,Normale,Autre collision,,,,,,,,,,,1,2,2,1.0,6
201200057045,0012-01-13 08:42:00,12,1,13,8,42,750,115,"180, RUE DE LA CONVENTIO",,,Plein jour,En agglomération,Intersection en X,Normale,Trois véhicules et plus - collisions multiples,,,,,,,,,,,1,2,2,1.0,5
201200057046,0012-01-16 22:10:00,12,1,16,22,10,750,115,RUE DE VAUGIRARD,,,Nuit avec éclairage allumé,En agglomération,Intersection en X,Normale,Deux véhicules - frontale,,,,,,,,,,,5,2,2,1.0,1
201200057047,0012-01-17 15:37:00,12,1,17,15,37,750,115,"03, RUE DU GUESCLIN",,,Plein jour,En agglomération,Intersection en X,Normale,Autre collision,,,,,,,,,,,1,2,2,1.0,6
201200057048,0012-01-18 08:55:00,12,1,18,8,55,750,115,"02, RUE DE LA PORTE D IS",,,Plein jour,En agglomération,Hors intersection,Normale,Deux véhicules - arrière,,,,,,,,,,,1,2,1,1.0,2
201200057049,0012-01-19 00:30:00,12,1,19,0,30,750,115,"48, AVENUE DE LA MOTTE P",,,Nuit avec éclairage allumé,En agglomération,Intersection en X,Pluie légère,Autre collision,,,,,,,,,,,5,2,2,2.0,6
201200057050,0012-01-19 12:30:00,12,1,19,12,30,750,115,"179, RUE DE VAUGIRARD",,,Plein jour,En agglomération,Intersection en X,Pluie légère,Sans collision,,,,,,,,,,,1,2,2,2.0,7
201200057051,0012-01-19 21:20:00,12,1,19,21,20,750,115,"158, RUE DE LA CONVENTIO",,,Nuit avec éclairage allumé,En agglomération,Intersection à plus de 4 branches,Pluie légère,Autre collision,,,,,,,,,,,5,2,5,2.0,6
201200057052,0012-01-25 12:30:00,12,1,25,12,30,750,115,"123, AVENUE FELIX FAURE",,,Plein jour,En agglomération,Intersection en T,Normale,Deux véhicules - côté,,,,,,,,,,,1,2,3,1.0,3
201200057053,0012-01-26 09:00:00,12,1,26,9,0,750,115,RUE DUPLEIX,,,Plein jour,En agglomération,Hors intersection,Pluie légère,Deux véhicules - côté,,,,,,,,,,,1,2,1,2.0,3
201200057054,0012-01-26 11:15:00,12,1,26,11,15,750,115,"17, RUE CHASSELOUP LAUBA",,,Plein jour,En agglomération,Intersection en T,Normale,Autre collision,,,,,,,,,,,1,2,3,1.0,6
201200057055,0012-01-26 17:35:00,12,1,26,17,35,750,115,"4, RUE LOUIS ARMAND",,,Crépuscule ou aube,En agglomération,Intersection en X,Normale,Sans collision,,,,,,,,,,,2,2,2,1.0,7
201200057056,0012-01-26 20:50:00,12,1,26,20,50,750,115,BOULEVARD PERIPHERIQUE E,,,Nuit avec éclairage allumé,En agglomération,Intersection en Y,Normale,Deux véhicules - côté,,,,,,,,,,,5,2,4,1.0,3
201200057057,0012-01-28 12:00:00,12,1,28,12,0,750,115,"169, RUE DE LA CONVENTIO",,,Plein jour,En agglomération,Intersection en T,Pluie légère,Sans collision,,,,,,,,,,,1,2,3,2.0,7
201200057058,0012-02-01 18:30:00,12,2,1,18,30,750,115,"102, RUE DE LA CONVENTIO",,,Nuit avec éclairage allumé,En agglomération,Hors intersection,Normale,Autre collision,,,,,,,,,,,5,2,1,1.0,6
201200057059,0012-02-01 23:25:00,12,2,1,23,25,750,115,"34, RUE DU COMMERCE",,,Nuit avec éclairage allumé,En agglomération,Intersection à plus de 4 branches,Vent fort / tempête,Trois véhicules et plus - en chaîne,,,,,,,,,,,5,2,5,6.0,4
201200057060,0012-02-03 10:00:00,12,2,3,10,0,750,115,"60, RUE MADEMOISELLE",,,Plein jour,En agglomération,Intersection en T,Normale,Autre collision,,,,,,,,,,,1,2,3,1.0,6
201200057061,0012-02-03 12:50:00,12,2,3,12,50,750,115,"355, RUE DE VAUGIRARD",,,Plein jour,En agglomération,Intersection en T,Normale,Autre collision,,,,,,,,,,,1,2,3,1.0,6
201200057062,0012-02-05 15:45:00,12,2,5,15,45,750,115,"45, AVENUE FELIX FAURE",,,Plein jour,En agglomération,Intersection en X,Neige / grêle,Autre collision,,,,,,,,,,,1,2,2,4.0,6
201200057063,0012-02-07 20:20:00,12,2,7,20,20,750,115,"1, PLACE BALARD",,,Nuit avec éclairage allumé,En agglomération,Place,Normale,Autre collision,,,,,,,,,,,5,2,7,1.0,6
201200057064,0012-02-07 21:10:00,12,2,7,21,10,750,115,PORTE DE LA PLAINE,,,Nuit avec éclairage allumé,En agglomération,Place,Temps couvert,Autre collision,,,,,,,,,,,5,2,7,8.0,6
201200057065,0012-02-09 13:45:00,12,2,9,13,45,750,115,"93, RUE OLIVIER DE SERRE",,,Plein jour,En agglomération,Intersection en T,Normale,Autre collision,,,,,,,,,,,1,2,3,1.0,6
201200057066,0012-02-10 18:40:00,12,2,10,18,40,750,115,"499, BOULEVARD DU MONTPA",,,Nuit avec éclairage allumé,En agglomération,Intersection à plus de 4 branches,Normale,Sans collision,,,,,,,,,,,5,2,5,1.0,7
201200057067,0012-02-11 16:10:00,12,2,11,16,10,750,115,"face 27, QUAI DE GRENELL",,,Plein jour,En agglomération,Intersection en T,Temps éblouissant,Trois véhicules et plus - en chaîne,,,,,,,,,,,1,2,3,7.0,4
201200057068,0012-02-12 18:25:00,12,2,12,18,25,750,107,"38, AVENUE DE LA MOTTE P",,,Nuit avec éclairage allumé,En agglomération,Hors intersection,Normale,Deux véhicules - côté,,,,,,,,,,,5,2,1,1.0,3
201200057069,0012-02-14 10:30:00,12,2,14,10,30,750,115,RUE DUTOT,,,Plein jour,En agglomération,Intersection en X,Normale,Deux véhicules - côté,,,,,,,,,,,1,2,2,1.0,3
201200057070,0012-02-14 11:15:00,12,2,14,11,15,750,115,"88, RUE DE LA FEDERATION",,,Plein jour,En agglomération,Intersection en Y,Pluie légère,Autre collision,,,,,,,,,,,1,2,4,2.0,6
201200057071,0012-02-16 16:10:00,12,2,16,16,10,750,115,"6, BOULEVARD PASTEUR",,,Plein jour,En agglomération,Hors intersection,Normale,Deux véhicules - côté,,,,,,,,,,,1,2,1,1.0,3
201200057072,0012-02-16 19:06:00,12,2,16,19,6,750,115,"41, RUE DU COMMERCE",,,Nuit avec éclairage allumé,En agglomération,Hors intersection,Normale,Autre collision,,,,,,,,,,,5,2,1,1.0,6
201200057073,0012-02-20 08:55:00,12,2,20,8,55,750,115,"135, RUE DE LA CONVENTIO",,,Plein jour,En agglomération,Intersection en X,Normale,Autre collision,,,,,,,,,,,1,2,2,1.0,6
201200057074,0012-02-23 19:00:00,12,2,23,19,0,750,115,"14, AVENUE FELIX FAURE",,,Nuit avec éclairage allumé,En agglomération,Hors intersection,Normale,Sans collision,,,,,,,,,,,5,2,1,1.0,7
201200057075,0012-02-26 00:05:00,12,2,26,0,5,750,115,RUE DU COMMERCE,,,Nuit avec éclairage allumé,En agglomération,Intersection en X,Normale,Deux véhicules - côté,,,,,,,,,,,5,2,2,1.0,3
201200057076,0012-03-01 14:40:00,12,3,1,14,40,750,115,"224, RUE DE LA CROIX NIV",,,Plein jour,En agglomération,Intersection à plus de 4 branches,Normale,Autre collision,,,,,,,,,,,1,2,5,1.0,6
201200057077,0012-03-01 18:00:00,12,3,1,18,0,750,115,"160, RUE DE LA CONVENTIO",,,Nuit avec éclairage allumé,En agglomération,Intersection à plus de 4 branches,Normale,Deux véhicules - côté,,,,,,,,,,,5,2,5,1.0,3
201200057078,0012-03-02 11:20:00,12,3,2,11,20,750,115,"60, RUE DE LA CONVENTION",,,Plein jour,En agglomération,Intersection en X,Normale,Sans collision,,,,,,,,,,,1,2,2,1.0,7
201200057079,0012-03-02 17:10:00,12,3,2,17,10,750,115,"7-11, BOULEVARD GARIBALD",,,Plein jour,En agglomération,Hors intersection,Normale,Deux véhicules - côté,,,,,,,,,,,1,2,1,1.0,3
201200057080,0012-03-03 10:50:00,12,3,3,10,50,750,115,"101, RUE LECOURBE",,,Plein jour,En agglomération,Hors intersection,Normale,Trois véhicules et plus - en chaîne,,,,,,,,,,,1,2,1,1.0,4
201200057081,0012-03-03 12:30:00,12,3,3,12,30,750,115,"72, RUE DUTOT",,,Crépuscule ou aube,En agglomération,Intersection en X,Normale,Autre collision,,,,,,,,,,,2,2,2,1.0,6
201200057082,0012-03-03 12:45:00,12,3,3,12,45,750,115,"11, RUE LINOIS",,,Crépuscule ou aube,En agglomération,Intersection en T,Normale,Autre collision,,,,,,,,,,,2,2,3,1.0,6
201200057083,0012-03-03 14:20:00,12,3,3,14,20,750,115,"70, AVENUE EMILE ZOLA",,,Plein jour,En agglomération,Intersection à plus de 4 branches,Normale,Autre collision,,,,,,,,,,,1,2,5,1.0,6
201200057084,0012-03-03 23:00:00,12,3,3,23,0,750,115,"11, RUE LEON LHERMITTE",,,Nuit avec éclairage allumé,En agglomération,Intersection en T,Normale,Autre collision,,,,,,,,,,,5,2,3,1.0,6
201200057085,0012-03-04 15:20:00,12,3,4,15,20,750,115,"27, BOULEVARD VICTOR",,,Plein jour,En agglomération,Intersection en X,Pluie légère,Autre collision,,,,,,,,,,,1,2,2,2.0,6
201200057086,0012-03-05 11:05:00,12,3,5,11,5,750,115,"163, RUE DE LA CONVENTIO",,,Plein jour,En agglomération,Hors intersection,Normale,Deux véhicules - côté,,,,,,,,,,,1,2,1,1.0,3
201200057087,0012-03-05 16:45:00,12,3,5,16,45,750,115,"24, RUE DE DANTZIG",,,Plein jour,En agglomération,Hors intersection,Normale,Autre collision,,,,,,,,,,,1,2,1,1.0,6
201200057088,0012-03-06 16:15:00,12,3,6,16,15,750,115,AVENUE DU MAINE,,,Plein jour,En agglomération,Intersection en Y,Normale,Autre collision,,,,,,,,,,,1,2,4,1.0,6
201200057089,0012-03-06 16:50:00,12,3,6,16,50,750,115,"130, AVENUE EMILE ZOLA",,,Plein jour,En agglomération,Place,Normale,Autre collision,,,,,,,,,,,1,2,7,1.0,6
201200057090,0012-03-09 08:10:00,12,3,9,8,10,750,115,"243, RUE DE VAUGIRARD",,,Plein jour,En agglomération,Intersection en T,Normale,Sans collision,,,,,,,,,,,1,2,3,1.0,7
201200057091,0012-03-09 15:45:00,12,3,9,15,45,750,115,RUE DE LA CONVENTION,,,Plein jour,En agglomération,Intersection en X,Normale,Autre collision,,,,,,,,,,,1,2,2,1.0,6
201200057092,0012-03-10 07:40:00,12,3,10,7,40,750,115,BOULEVARD GARIBALDI,,,Plein jour,En agglomération,Intersection en X,Normale,Deux véhicules - arrière,,,,,,,,,,,1,2,2,1.0,2
201200057093,0012-03-13 18:10:00,12,3,13,18,10,750,115,"1, AVENUE ALBERT BARTHOL",,,Plein jour,En agglomération,Intersection en T,Normale,Deux véhicules - arrière,,,,,,,,,,,1,2,3,1.0,2
201200057094,0012-03-13 21:35:00,12,3,13,21,35,750,115,"1, RUE PEGOUD",,,Nuit avec éclairage allumé,En agglomération,Intersection en T,Pluie forte,Autre collision,,,,,,,,,,,5,2,3,3.0,6
201200057095,0012-03-14 10:25:00,12,3,14,10,25,750,115,BOULEVARD VICTOR,,,Plein jour,En agglomération,Intersection en X,Normale,Deux véhicules - côté,,,,,,,,,,,1,2,2,1.0,3
201200057096,0012-03-14 13:30:00,12,3,14,13,30,750,115,"12, RUE EUGENE GIBEZ",,,Plein jour,En agglomération,Hors intersection,Normale,Autre collision,,,,,,,,,,,1,2,1,1.0,6
201200057097,0012-03-14 14:05:00,12,3,14,14,5,750,115,"37, RUE CAMBRONNE",,,Plein jour,En agglomération,Intersection en T,Normale,Autre collision,,,,,,,,,,,1,2,3,1.0,6
201200057098,0012-03-15 04:15:00,12,3,15,4,15,750,115,"2, RUE LECOURBE",,,Nuit avec éclairage allumé,En agglomération,Place,Normale,Sans collision,,,,,,,,,,,5,2,7,1.0,7
201200057099,0012-03-15 11:30:00,12,3,15,11,30,750,115,"90, RUE CAMBRONNE",,,Plein jour,En agglomération,Intersection en Y,Normale,Autre collision,,,,,,,,,,,1,2,4,1.0,6
201200057100,0012-03-16 09:05:00,12,3,16,9,5,750,107,RUE DE L UNIVERSITE,,,Plein jour,En agglomération,Intersection en X,Normale,Deux véhicules - côté,,,,,,,,,,,1,2,2,1.0,3
201200057101,0012-03-17 22:10:00,12,3,17,22,10,750,115,RUE DE LA CROIX NIVERT,,,Nuit avec éclairage allumé,En agglomération,Intersection en X,Pluie légère,Deux véhicules - côté,,,,,,,,,,,5,2,2,2.0,3
201200057102,0012-03-18 20:15:00,12,3,18,20,15,750,115,"13, BOULEVARD GENERAL MA",,,Nuit avec éclairage allumé,En agglomération,Hors intersection,Pluie légère,Deux véhicules - frontale,,,,,,,,,,,5,2,1,2.0,1
201200057103,0012-03-20 14:15:00,12,3,20,14,15,750,115,"49, RUE DE VOUILLE",,,Plein jour,En agglomération,Intersection en X,Normale,Deux véhicules - frontale,,,,,,,,,,,1,2,2,1.0,1
201200057104,0012-03-20 14:55:00,12,3,20,14,55,750,114,"10, RUE CLAUDE GARAMOND",,,Plein jour,En agglomération,Intersection à plus de 4 branches,Normale,Deux véhicules - arrière,,,,,,,,,,,1,2,5,1.0,2
201200057105,0012-03-20 20:10:00,12,3,20,20,10,750,115,BOULEVARD VICTOR,,,Nuit avec éclairage allumé,En agglomération,Intersection en X,Normale,Sans collision,,,,,,,,,,,5,2,2,1.0,7
201200057106,0012-03-21 08:25:00,12,3,21,8,25,750,115,"371, RUE DE VAUGIRARD",,,Plein jour,En agglomération,Hors intersection,Normale,Autre collision,,,,,,,,,,,1,2,1,1.0,6
201200057107,0012-03-23 19:25:00,12,3,23,19,25,750,115,RUE EDMOND GUILLOUT,,,Nuit avec éclairage non allumé,En agglomération,Intersection en X,Normale,Autre collision,,,,,,,,,,,4,2,2,1.0,6
201200057108,0012-03-25 01:55:00,12,3,25,1,55,750,115,"298, RUE DE LA CONVENTIO",,,Nuit avec éclairage allumé,En agglomération,Intersection en X,Normale,Deux véhicules - côté,,,,,,,,,,,5,2,2,1.0,3
201200057109,0012-03-27 09:00:00,12,3,27,9,0,750,115,"66, RUE DE JAVEL",,,Plein jour,En agglomération,Hors intersection,Normale,Deux véhicules - côté,,,,,,,,,,,1,2,1,1.0,3
201200057110,0012-03-27 18:50:00,12,3,27,18,50,750,115,"7, RUE DESNOUETTES",,,Plein jour,En agglomération,Intersection en T,Normale,Deux véhicules - arrière,,,,,,,,,,,1,2,3,1.0,2
201200057111,0012-03-27 22:48:00,12,3,27,22,48,750,115,"79, BOULEVARD DE GRENELL",,,Nuit avec éclairage allumé,En agglomération,Hors intersection,Normale,Deux véhicules - côté,,,,,,,,,,,5,2,1,1.0,3
201200057112,0012-03-28 16:20:00,12,3,28,16,20,750,115,"236, RUE DE LA CONVENTIO",,,Plein jour,En agglomération,Hors intersection,Normale,Deux véhicules - côté,,,,,,,,,,,1,2,1,1.0,3
201200057113,0012-03-28 17:30:00,12,3,28,17,30,750,115,RUE LOUIS VICAT,,,Plein jour,En agglomération,Hors intersection,Normale,Autre collision,,,,,,,,,,,1,2,1,1.0,6
201200057114,0012-03-28 20:50:00,12,3,28,20,50,750,115,"63, RUE CAMBRONNE",,,Nuit avec éclairage allumé,En agglomération,Intersection en T,Normale,Deux véhicules - côté,,,,,,,,,,,5,2,3,1.0,3
201200057115,0012-03-29 14:50:00,12,3,29,14,50,750,115,RUE LECOURBE,,,Plein jour,En agglomération,Intersection à plus de 4 branches,Normale,Deux véhicules - arrière,,,,,,,,,,,1,2,5,1.0,2
201200057116,0012-03-30 19:45:00,12,3,30,19,45,750,115,"42, AVENUE ALBERT BARTHO",,,Crépuscule ou aube,En agglomération,Intersection en T,Normale,Deux véhicules - côté,,,,,,,,,,,2,2,3,1.0,3
201200057117,0012-04-06 13:45:00,12,4,6,13,45,750,115,"59, BOULEVARD LEFEBVRE",,,Plein jour,En agglomération,Intersection à plus de 4 branches,Normale,Deux véhicules - côté,,,,,,,,,,,1,2,5,1.0,3
201200057118,0012-04-08 21:45:00,12,4,8,21,45,750,115,"144, RUE DE JAVEL",,,Nuit avec éclairage allumé,En agglomération,Intersection en X,Normale,Autre collision,,,,,,,,,,,5,2,2,1.0,6
201200057119,0012-04-09 12:30:00,12,4,9,12,30,750,115,"196, RUE DE LA CONVENTIO",,,Plein jour,En agglomération,Intersection en X,Normale,Autre collision,,,,,,,,,,,1,2,2,1.0,6
201200057120,0012-04-12 18:00:00,12,4,12,18,0,750,115,"66, RUE DU THEATRE",,,Plein jour,En agglomération,Hors intersection,Normale,Autre collision,,,,,,,,,,,1,2,1,1.0,6
201200057121,0012-04-14 00:05:00,12,4,14,0,5,750,115,"56, RUE DU THEATRE",,,Nuit avec éclairage allumé,En agglomération,Intersection en X,Normale,Deux véhicules - côté,,,,,,,,,,,5,2,2,1.0,3
201200057122,0012-04-16 18:05:00,12,4,16,18,5,750,115,"87, RUE DE LOURMEL",,,Plein jour,En agglomération,Intersection en X,Normale,Deux véhicules - côté,,,,,,,,,,,1,2,2,1.0,3
201200057123,0012-04-17 20:00:00,12,4,17,20,0,750,115,PLACE DU MOULIN DE JAVEL,,,Plein jour,En agglomération,Intersection en Y,Normale,Deux véhicules - arrière,,,,,,,,,,,1,2,4,1.0,2
201200057124,0012-04-18 15:55:00,12,4,18,15,55,750,115,"347, RUE DE VAUGIRARD",,,Plein jour,En agglomération,Intersection en X,Pluie légère,Deux véhicules - côté,,,,,,,,,,,1,2,2,2.0,3
201200057125,0012-04-18 22:15:00,12,4,18,22,15,750,115,RUE DU LAOS,,,Nuit avec éclairage allumé,En agglomération,Intersection à plus de 4 branches,Pluie légère,Autre collision,,,,,,,,,,,5,2,5,2.0,6
201200057126,0012-04-23 11:20:00,12,4,23,11,20,750,115,"46, RUE DUTOT",,,Plein jour,En agglomération,Intersection en X,Pluie légère,Autre collision,,,,,,,,,,,1,2,2,2.0,6
201200057127,0012-04-24 15:15:00,12,4,24,15,15,750,115,RUE DE L ARRIVEE,,,Plein jour,En agglomération,Hors intersection,Pluie légère,Autre collision,,,,,,,,,,,1,2,1,2.0,6
201200057128,0012-04-25 16:55:00,12,4,25,16,55,750,115,QUAI D ISSY LES MOULINEA,,,Plein jour,En agglomération,Hors intersection,Pluie légère,Deux véhicules - arrière,,,,,,,,,,,1,2,1,2.0,2
201200057129,0012-04-27 19:25:00,12,4,27,19,25,750,115,"167, BOULEVARD LEFEBVRE",,,Crépuscule ou aube,En agglomération,Intersection en X,Temps couvert,Deux véhicules - arrière,,,,,,,,,,,2,2,2,8.0,2
201200057130,0012-04-29 01:50:00,12,4,29,1,50,750,115,RUE DE SEVRES,,,Nuit avec éclairage allumé,En agglomération,Intersection en X,Pluie légère,Deux véhicules - côté,,,,,,,,,,,5,2,2,2.0,3
201200057131,0012-04-30 15:10:00,12,4,30,15,10,750,115,"29, RUE HENRY FARMAN",,,Plein jour,En agglomération,Hors intersection,Normale,Autre collision,,,,,,,,,,,1,2,1,1.0,6
201200057132,0012-05-03 12:20:00,12,5,3,12,20,750,115,PLACE DES INSURGES DE VA,,,Plein jour,En agglomération,Place,Normale,Deux véhicules - côté,,,,,,,,,,,1,2,7,1.0,3
201200057133,0012-05-05 01:50:00,12,5,5,1,50,750,115,"25, RUE PAUL BARRUEL",,,Nuit avec éclairage allumé,En agglomération,Intersection en X,Normale,Sans collision,,,,,,,,,,,5,2,2,1.0,7
201200057134,0012-05-05 14:15:00,12,5,5,14,15,750,115,"85, RUE DE LA CROIX NIVE",,,Plein jour,En agglomération,Intersection à plus de 4 branches,Normale,Deux véhicules - côté,,,,,,,,,,,1,2,5,1.0,3
201200057135,0012-05-05 16:10:00,12,5,5,16,10,750,115,"01, RUE DE L ARRIVEE",,,Plein jour,En agglomération,Place,Normale,Autre collision,,,,,,,,,,,1,2,7,1.0,6
201200057136,0012-05-06 04:30:00,12,5,6,4,30,750,115,"168, RUE DE LA CONVENTIO",,,Nuit avec éclairage allumé,En agglomération,Hors intersection,Pluie forte,Deux véhicules - arrière,,,,,,,,,,,5,2,1,3.0,2
201200057137,0012-05-07 08:05:00,12,5,7,8,5,750,115,"49, RUE CASTAGNARY",,,Plein jour,En agglomération,Intersection en T,Normale,Deux véhicules - côté,,,,,,,,,,,1,2,3,1.0,3
201200057138,0012-05-08 22:00:00,12,5,8,22,0,750,115,"175, RUE DE LA CONVENTIO",,,Nuit avec éclairage allumé,En agglomération,Intersection en X,Normale,Deux véhicules - côté,,,,,,,,,,,5,2,2,1.0,3
201200057139,0012-05-09 08:55:00,12,5,9,8,55,750,115,"91-93, BOULEVARD PASTEUR",,,Plein jour,En agglomération,Intersection en T,Temps couvert,Deux véhicules - côté,,,,,,,,,,,1,2,3,8.0,3
201200057140,0012-05-10 08:40:00,12,5,10,8,40,750,115,"83, RUE DESNOUETTES",,,Plein jour,En agglomération,Intersection en T,Normale,Autre collision,,,,,,,,,,,1,2,3,1.0,6
201200057141,0012-05-11 17:45:00,12,5,11,17,45,750,115,"114, RUE LECOURBE",,,Plein jour,En agglomération,Intersection à plus de 4 branches,Normale,Deux véhicules - côté,,,,,,,,,,,1,2,5,1.0,3
201200057142,0012-05-12 09:30:00,12,5,12,9,30,750,115,"19, BOULEVARD DE GRENELL",,,Plein jour,En agglomération,Hors intersection,Normale,Sans collision,,,,,,,,,,,1,2,1,1.0,7
201200057143,0012-05-12 15:55:00,12,5,12,15,55,750,115,"10, RUE GASTON DE CAILLA",,,Plein jour,En agglomération,Intersection en X,Normale,Autre collision,,,,,,,,,,,1,2,2,1.0,6
201200057144,0012-05-12 19:05:00,12,5,12,19,5,750,115,"20, BOULEVARD PASTEUR",,,Plein jour,En agglomération,Intersection à plus de 4 branches,Normale,Autre collision,,,,,,,,,,,1,2,5,1.0,6
201200057145,0012-05-14 10:55:00,12,5,14,10,55,750,115,QUAI D ISSY LES MOULINEA,,,Plein jour,En agglomération,Hors intersection,Normale,Trois véhicules et plus - en chaîne,,,,,,,,,,,1,2,1,1.0,4
201200057146,0012-05-14 23:11:00,12,5,14,23,11,750,107,AVENUE DE SUFFREN,,,Nuit avec éclairage allumé,En agglomération,Intersection en X,Normale,Autre collision,,,,,,,,,,,5,2,2,1.0,6
201200057147,0012-05-16 13:30:00,12,5,16,13,30,750,115,"8, BOULEVARD VICTOR",,,Plein jour,En agglomération,Intersection en X,Normale,Sans collision,,,,,,,,,,,1,2,2,1.0,7
201200057148,0012-05-17 16:51:00,12,5,17,16,51,750,115,"48, RUE DE LA FEDERATION",,,Plein jour,En agglomération,Intersection en X,Normale,Deux véhicules - côté,,,,,,,,,,,1,2,2,1.0,3
201200057149,0012-05-18 10:30:00,12,5,18,10,30,750,115,"68, RUE DES ENTREPRENEUR",,,Plein jour,En agglomération,Intersection en X,Normale,Autre collision,,,,,,,,,,,1,2,2,1.0,6
201200057150,0012-05-21 09:15:00,12,5,21,9,15,750,115,PLACE BALARD,,,Plein jour,En agglomération,Place,Temps couvert,Deux véhicules - côté,,,,,,,,,,,1,2,7,8.0,3
201200057151,0012-05-21 11:30:00,12,5,21,11,30,750,115,"42, RUE DES ENTREPRENEUR",,,Plein jour,En agglomération,Intersection en T,Pluie forte,Autre collision,,,,,,,,,,,1,2,3,3.0,6
201200057152,0012-05-21 20:30:00,12,5,21,20,30,750,115,"27, RUE DE LA CONVENTION",,,Crépuscule ou aube,En agglomération,Intersection en X,Pluie légère,Deux véhicules - frontale,,,,,,,,,,,2,2,2,2.0,1
201200057153,0012-05-22 08:25:00,12,5,22,8,25,750,115,"38, AVENUE DE SUFFREN",,,Plein jour,En agglomération,Intersection en X,Normale,Deux véhicules - arrière,,,,,,,,,,,1,2,2,1.0,2
201200057154,0012-05-22 11:10:00,12,5,22,11,10,750,115,"14, RUE MIOLLIS",,,Plein jour,En agglomération,Intersection en X,Normale,Deux véhicules - côté,,,,,,,,,,,1,2,2,1.0,3
201200057155,0012-05-22 15:05:00,12,5,22,15,5,750,115,"28, RUE LECOURBE",,,Plein jour,En agglomération,Intersection en T,Normale,Autre collision,,,,,,,,,,,1,2,3,1.0,6
201200057156,0012-05-23 00:01:00,12,5,23,0,1,750,115,RUE BLOMET,,,Nuit avec éclairage allumé,En agglomération,Intersection en X,Normale,Deux véhicules - côté,,,,,,,,,,,5,2,2,1.0,3
201200057157,0012-05-24 07:10:00,12,5,24,7,10,750,115,AVENUE DE LA PORTE DE LA,,,Plein jour,En agglomération,Intersection en Y,Normale,Deux véhicules - côté,,,,,,,,,,,1,2,4,1.0,3
201200057158,0012-05-24 16:30:00,12,5,24,16,30,750,115,"45, RUE SAINT LAMBERT",,,Plein jour,En agglomération,Intersection en Y,Normale,Deux véhicules - côté,,,,,,,,,,,1,2,4,1.0,3
201200057159,0012-05-25 16:05:00,12,5,25,16,5,750,115,RUE DE L ABBE GROULT,,,Plein jour,En agglomération,Intersection en X,Normale,Deux véhicules - côté,,,,,,,,,,,1,2,2,1.0,3
201200057160,0012-05-28 18:20:00,12,5,28,18,20,750,115,"49, RUE CAMBRONNE",,,Plein jour,En agglomération,Hors intersection,Normale,Autre collision,,,,,,,,,,,1,2,1,1.0,6
201200057161,0012-05-29 17:40:00,12,5,29,17,40,750,115,RUE DE SEVRES,,,Plein jour,En agglomération,Intersection à plus de 4 branches,Normale,Deux véhicules - arrière,,,,,,,,,,,1,2,5,1.0,2
201200057162,0012-05-31 13:15:00,12,5,31,13,15,750,115,"38, RUE BALARD",,,Plein jour,En agglomération,Intersection à plus de 4 branches,Normale,Autre collision,,,,,,,,,,,1,2,5,1.0,6
201200057163,0012-05-31 23:20:00,12,5,31,23,20,750,115,"26, AVENUE DE LA PORTE D",,,Nuit avec éclairage allumé,En agglomération,Intersection en Y,Normale,Sans collision,,,,,,,,,,,5,2,4,1.0,7
201200057164,0012-06-04 18:00:00,12,6,4,18,0,750,115,"75, BOULEVARD DE GRENELL",,,Plein jour,En agglomération,Intersection en T,Normale,Sans collision,,,,,,,,,,,1,2,3,1.0,7
201200057165,0012-06-05 08:50:00,12,6,5,8,50,750,115,PONT DU GARIGLIANO,,,Plein jour,En agglomération,Intersection à plus de 4 branches,Normale,Deux véhicules - côté,,,,,,,,,,,1,2,5,1.0,3
201200057166,0012-06-05 11:30:00,12,6,5,11,30,750,115,"7, RUE DE VOUILLE",,,Plein jour,En agglomération,Intersection en T,Normale,Deux véhicules - côté,,,,,,,,,,,1,2,3,1.0,3
201200057167,0012-06-05 23:33:00,12,6,5,23,33,750,115,"11, RUE CAMBRONNE",,,Nuit avec éclairage allumé,En agglomération,Hors intersection,Pluie légère,Autre collision,,,,,,,,,,,5,2,1,2.0,6