accident_id,datetime,annee,mois,jour,heure,minute,departement,commune_insee,adresse,latitude,longitude,luminosite,agglomeration,intersection,meteo,collision,nb_vehicules,nb_usagers,nb_indemnes,nb_tues,nb_blesses_hosp,nb_blesses_legers,age_cond_1,age_cond_2,veh_type_cond_1,veh_type_cond_2,lum_code,agg_code,int_code,atm_code,col_code
201200057296,0012-10-11 14:30:00,12,10,11,14,30,750,115,"5, RUE DU THEATRE",,,Plein jour,En agglomération,Intersection en X,Pluie légère,Deux véhicules - côté,,,,,,,,,,,1,2,2,2.0,3
201200057297,0012-10-11 17:18:00,12,10,11,17,18,750,115,"39, RUE DE VOUILLE",,,Plein jour,En agglomération,Hors intersection,Normale,Autre collision,,,,,,,,,,,1,2,1,1.0,6
201200057298,0012-10-12 14:30:00,12,10,12,14,30,750,115,"55, QUAI DE GRENELLE",,,Plein jour,En agglomération,Intersection à plus de 4 branches,Normale,Deux véhicules - arrière,,,,,,,,,,,1,2,5,1.0,2
201200057299,0012-10-12 17:15:00,12,10,12,17,15,750,115,"170, RUE DE LOURMEL",,,Plein jour,En agglomération,Hors intersection,Normale,Autre collision,,,,,,,,,,,1,2,1,1.0,6
201200057300,0012-10-13 11:20:00,12,10,13,11,20,750,115,"161, RUE DE SEVRES",,,Plein jour,En agglomération,Hors intersection,Normale,Autre collision,,,,,,,,,,,1,2,1,1.0,6
201200057301,0012-10-17 14:00:00,12,10,17,14,0,750,115,"32, BOULEVARD VICTOR",,,Plein jour,En agglomération,Intersection en X,Pluie légère,Deux véhicules - côté,,,,,,,,,,,1,2,2,2.0,3
201200057302,0012-10-18 13:55:00,12,10,18,13,55,750,115,"196, RUE DE VAUGIRARD",,,Plein jour,En agglomération,Hors intersection,Normale,Autre collision,,,,,,,,,,,1,2,1,1.0,6
201200057303,0012-10-18 15:00:00,12,10,18,15,0,750,115,"1, QUAI DE GRENELLE",,,Plein jour,En agglomération,Intersection en X,Normale,Deux véhicules - arrière,,,,,,,,,,,1,2,2,1.0,2
201200057304,0012-10-18 18:00:00,12,10,18,18,0,750,115,"162, RUE DE JAVEL",,,Crépuscule ou aube,En agglomération,Intersection en X,Pluie forte,Autre collision,,,,,,,,,,,2,2,2,3.0,6
201200057305,0012-10-24 19:00:00,12,10,24,19,0,750,115,RUE DE SEVRES,,,Nuit avec éclairage allumé,En agglomération,Hors intersection,Normale,Autre collision,,,,,,,,,,,5,2,1,1.0,6
201200057306,0012-10-25 17:25:00,12,10,25,17,25,750,115,"346, RUE LECOURBE",,,Plein jour,En agglomération,Intersection en X,Normale,Autre collision,,,,,,,,,,,1,2,2,1.0,6
201200057307,0012-10-27 04:40:00,12,10,27,4,40,750,115,AVENUE ERNEST RENAN,,,Nuit avec éclairage allumé,En agglomération,Hors intersection,Normale,Sans collision,,,,,,,,,,,5,2,1,1.0,7
201200057308,0012-10-27 19:55:00,12,10,27,19,55,750,115,"92, RUE DE L ABBE GROULT",,,Nuit avec éclairage allumé,En agglomération,Intersection en X,Normale,Deux véhicules - côté,,,,,,,,,,,5,2,2,1.0,3
201200057309,0012-10-28 16:20:00,12,10,28,16,20,750,115,"59, BOULEVARD DE VAUGIRA",,,Plein jour,En agglomération,Hors intersection,Normale,Deux véhicules - côté,,,,,,,,,,,1,2,1,1.0,3
201200057310,0012-10-29 12:35:00,12,10,29,12,35,750,115,"26, BOULEVARD DE GRENELL",,,Plein jour,En agglomération,Hors intersection,Normale,Autre collision,,,,,,,,,,,1,2,1,1.0,6
201200057311,0012-10-30 20:07:00,12,10,30,20,7,750,115,"30, BOULEVARD VICTOR",,,Nuit avec éclairage allumé,En agglomération,Intersection en T,Normale,Deux véhicules - arrière,,,,,,,,,,,5,2,3,1.0,2
201200057312,0012-10-30 21:40:00,12,10,30,21,40,750,115,"226, RUE DE VAUGIRARD",,,Nuit avec éclairage allumé,En agglomération,Intersection en T,Normale,Deux véhicules - arrière,,,,,,,,,,,5,2,3,1.0,2
201200057313,0012-10-31 20:00:00,12,10,31,20,0,750,115,RUE LECOURBE,,,Nuit avec éclairage allumé,En agglomération,Intersection à plus de 4 branches,Normale,Autre collision,,,,,,,,,,,5,2,5,1.0,6
201200057314,0012-11-01 21:15:00,12,11,1,21,15,750,115,"2, PLACE FERNAND FOREST",,,Nuit avec éclairage allumé,En agglomération,Place,Pluie légère,Deux véhicules - côté,,,,,,,,,,,5,2,7,2.0,3
201200057315,0012-11-02 13:50:00,12,11,2,13,50,750,115,"42, RUE ROUELLE",,,Plein jour,En agglomération,Hors intersection,Pluie légère,Autre collision,,,,,,,,,,,1,2,1,2.0,6
201200057316,0012-11-03 18:50:00,12,11,3,18,50,750,115,"31, RUE LECOURBE",,,Nuit avec éclairage allumé,En agglomération,Intersection en T,Normale,Deux véhicules - arrière,,,,,,,,,,,5,2,3,1.0,2
201200057317,0012-11-08 12:55:00,12,11,8,12,55,750,115,"33, BOULEVARD PASTEUR",,,Plein jour,En agglomération,Intersection à plus de 4 branches,Normale,Autre collision,,,,,,,,,,,1,2,5,1.0,6
201200057318,0012-11-09 11:20:00,12,11,9,11,20,750,115,"268, RUE DE LOURMEL",,,Plein jour,En agglomération,Hors intersection,Normale,Autre collision,,,,,,,,,,,1,2,1,1.0,6
201200057319,0012-11-10 23:05:00,12,11,10,23,5,750,115,"1, RUE CAMBRONNE",,,Nuit avec éclairage allumé,En agglomération,Place,Normale,Autre collision,,,,,,,,,,,5,2,7,1.0,6
201200057320,0012-11-12 08:30:00,12,11,12,8,30,750,115,"7, RUE CHARLES LECOCQ",,,Plein jour,En agglomération,Hors intersection,Normale,Deux véhicules - côté,,,,,,,,,,,1,2,1,1.0,3
201200057321,0012-11-13 09:30:00,12,11,13,9,30,750,115,"06, RUE GASTON BOISSIER",,,Plein jour,En agglomération,Intersection en X,Normale,Sans collision,,,,,,,,,,,1,2,2,1.0,7
201200057322,0012-11-13 22:35:00,12,11,13,22,35,750,115,"71, RUE SAINT CHARLES",,,Nuit avec éclairage allumé,En agglomération,Intersection en X,Normale,Deux véhicules - arrière,,,,,,,,,,,5,2,2,1.0,2
201200057323,0012-11-16 14:30:00,12,11,16,14,30,750,115,"11, RUE DU COLONEL PIERR",,,Plein jour,En agglomération,Hors intersection,Normale,Autre collision,,,,,,,,,,,1,2,1,1.0,6
201200057324,0012-11-16 16:40:00,12,11,16,16,40,750,115,AVENUE DE BRETEUIL,,,Plein jour,En agglomération,Place,Normale,Autre collision,,,,,,,,,,,1,2,7,1.0,6
201200057325,0012-11-17 02:20:00,12,11,17,2,20,750,115,"104, RUE CAMBRONNE",,,Nuit avec éclairage allumé,En agglomération,Hors intersection,Normale,Deux véhicules - côté,,,,,,,,,,,5,2,1,1.0,3
201200057326,0012-11-18 11:40:00,12,11,18,11,40,750,115,"151, RUE SAINT CHARLES",,,Plein jour,En agglomération,Intersection en T,Pluie légère,Autre collision,,,,,,,,,,,1,2,3,2.0,6
201200057327,0012-11-18 20:50:00,12,11,18,20,50,750,115,"236, RUE DE VAUGIRARD",,,Nuit avec éclairage allumé,En agglomération,Hors intersection,Normale,Deux véhicules - côté,,,,,,,,,,,5,2,1,1.0,3
201200057328,0012-11-19 09:08:00,12,11,19,9,8,750,115,"61, RUE DE VOUILLE",,,Plein jour,En agglomération,Intersection en T,Normale,Sans collision,,,,,,,,,,,1,2,3,1.0,7
201200057329,0012-11-21 14:55:00,12,11,21,14,55,750,115,QUAI DE GRENELLE,,,Plein jour,En agglomération,Hors intersection,Normale,Trois véhicules et plus - collisions multiples,,,,,,,,,,,1,2,1,1.0,5
201200057330,0012-11-22 13:30:00,12,11,22,13,30,750,115,"6, RUE FREMICOURT",,,Plein jour,En agglomération,Hors intersection,Normale,Autre collision,,,,,,,,,,,1,2,1,1.0,6
201200057331,0012-11-24 21:20:00,12,11,24,21,20,750,115,"84 bis, RUE CASTAGNARY",,,Nuit avec éclairage allumé,En agglomération,Intersection en T,Normale,Sans collision,,,,,,,,,,,5,2,3,1.0,7
201200057332,0012-11-28 00:15:00,12,11,28,0,15,750,115,"109, RUE DE LA CONVENTIO",,,Nuit avec éclairage allumé,En agglomération,Intersection en X,Normale,Autre collision,,,,,,,,,,,5,2,2,1.0,6
201200057333,0012-11-28 13:40:00,12,11,28,13,40,750,115,QUAI D ISSY LES MOULINEA,,,Plein jour,En agglomération,Intersection à plus de 4 branches,Temps couvert,Deux véhicules - côté,,,,,,,,,,,1,2,5,8.0,3
201200057334,0012-11-28 20:20:00,12,11,28,20,20,750,115,"177, RUE SAINT CHARLES",,,Nuit avec éclairage allumé,En agglomération,Hors intersection,Normale,Autre collision,,,,,,,,,,,5,2,1,1.0,6
201200057335,0012-11-28 19:20:00,12,11,28,19,20,750,115,"2, AVENUE DE SUFFREN",,,Nuit avec éclairage allumé,En agglomération,Intersection en T,Normale,Deux véhicules - frontale,,,,,,,,,,,5,2,3,1.0,1
201200057336,0012-11-29 17:05:00,12,11,29,17,5,750,115,"375, RUE DE VAUGIRARD",,,Nuit avec éclairage allumé,En agglomération,Intersection en T,Normale,Deux véhicules - arrière,,,,,,,,,,,5,2,3,1.0,2
201200057337,0012-11-30 19:40:00,12,11,30,19,40,750,115,RUE LEBLANC,,,Nuit avec éclairage allumé,En agglomération,Intersection en X,Normale,Deux véhicules - côté,,,,,,,,,,,5,2,2,1.0,3
201200057338,0012-11-30 20:10:00,12,11,30,20,10,750,115,"91, QUAI BRANLY",,,Nuit avec éclairage allumé,En agglomération,Hors intersection,Normale,Deux véhicules - arrière,,,,,,,,,,,5,2,1,1.0,2
201200057339,0012-12-01 12:15:00,12,12,1,12,15,750,115,BOULEVARD DE GRENELLE,,,Plein jour,En agglomération,Intersection en X,Normale,Autre collision,,,,,,,,,,,1,2,2,1.0,6
201200057340,0012-12-03 19:55:00,12,12,3,19,55,750,115,RUE DES MORILLONS,,,Nuit avec éclairage allumé,En agglomération,Intersection en X,Normale,Autre collision,,,,,,,,,,,5,2,2,1.0,6
201200057341,0012-12-03 18:30:00,12,12,3,18,30,750,115,"22, RUE DE L ARRIVEE",,,Nuit avec éclairage allumé,En agglomération,Hors intersection,Normale,Autre collision,,,,,,,,,,,5,2,1,1.0,6
201200057342,0012-12-04 07:10:00,12,12,4,7,10,750,115,"1, RUE PECLET",,,Nuit avec éclairage allumé,En agglomération,Intersection en X,Pluie forte,Deux véhicules - côté,,,,,,,,,,,5,2,2,3.0,3
201200057343,0012-12-03 19:55:00,12,12,3,19,55,750,115,"26, AVENUE DE LA PORTE D",,,Nuit avec éclairage allumé,En agglomération,Intersection en Y,Normale,Deux véhicules - côté,,,,,,,,,,,5,2,4,1.0,3
201200057344,0012-12-04 22:00:00,12,12,4,22,0,750,115,RUE PETEL,,,Nuit avec éclairage allumé,En agglomération,Intersection en X,Normale,Deux véhicules - côté,,,,,,,,,,,5,2,2,1.0,3
201200057345,0012-12-07 10:30:00,12,12,7,10,30,750,115,PLACE DU MOULIN DE JAVEL,,,Plein jour,En agglomération,Intersection en X,Pluie légère,Sans collision,,,,,,,,,,,1,2,2,2.0,7
201200057346,0012-12-08 15:20:00,12,12,8,15,20,750,115,QUAI ANDRE CITROEN,,,Plein jour,En agglomération,Intersection en X,Normale,Deux véhicules - côté,,,,,,,,,,,1,2,2,1.0,3
201200057347,0012-12-09 15:30:00,12,12,9,15,30,750,115,"32, BOULEVARD DU MONTPAR",,,Plein jour,En agglomération,Intersection en X,Normale,Autre collision,,,,,,,,,,,1,2,2,1.0,6
201200057348,0012-12-11 08:45:00,12,12,11,8,45,750,115,"134, BOULEVARD DE GRENEL",,,Plein jour,En agglomération,Hors intersection,Normale,Autre collision,,,,,,,,,,,1,2,1,1.0,6
201200057349,0012-12-12 19:45:00,12,12,12,19,45,750,115,"50, BOULEVARD DE VAUGIRA",,,Nuit avec éclairage allumé,En agglomération,Intersection en T,Normale,Deux véhicules - côté,,,,,,,,,,,5,2,3,1.0,3
201200057350,0012-12-13 14:45:00,12,12,13,14,45,750,115,"10, RUE D ALLERAY",,,Plein jour,En agglomération,Hors intersection,Pluie légère,Autre collision,,,,,,,,,,,1,2,1,2.0,6
201200057351,0012-12-13 20:50:00,12,12,13,20,50,750,115,"8, BOULEVARD DE VAUGIRAR",,,Nuit avec éclairage allumé,En agglomération,Hors intersection,Pluie légère,Sans collision,,,,,,,,,,,5,2,1,2.0,7
201200057352,0012-12-15 18:00:00,12,12,15,18,0,750,115,"28, RUE BRANCION",,,Nuit avec éclairage allumé,En agglomération,Intersection en X,Pluie légère,Autre collision,,,,,,,,,,,5,2,2,2.0,6
201200057353,0012-12-15 18:15:00,12,12,15,18,15,750,115,"133, RUE FALGUIERE",,,Nuit avec éclairage allumé,En agglomération,Intersection en T,Pluie forte,Autre collision,,,,,,,,,,,5,2,3,3.0,6
201200057354,0012-12-16 12:30:00,12,12,16,12,30,750,115,RUE LOUIS VICAT,,,Plein jour,En agglomération,Intersection à plus de 4 branches,Normale,Deux véhicules - côté,,,,,,,,,,,1,2,5,1.0,3
201200057355,0012-12-16 18:35:00,12,12,16,18,35,750,115,"28, RUE DESAIX",,,Nuit avec éclairage allumé,En agglomération,Hors intersection,Pluie légère,Autre collision,,,,,,,,,,,5,2,1,2.0,6
201200057356,0012-12-18 11:40:00,12,12,18,11,40,750,115,"25, RUE DU COMMERCE",,,Plein jour,En agglomération,Intersection en X,Pluie légère,Sans collision,,,,,,,,,,,1,2,2,2.0,7
201200057357,0012-12-18 19:15:00,12,12,18,19,15,750,115,"10, AVENUE DU MAINE",,,Nuit avec éclairage allumé,En agglomération,Intersection en Y,Normale,Autre collision,,,,,,,,,,,5,2,4,1.0,6
201200057358,0012-12-19 18:20:00,12,12,19,18,20,750,115,"168, RUE DE LOURMEL",,,Nuit avec éclairage allumé,En agglomération,Hors intersection,Pluie légère,Autre collision,,,,,,,,,,,5,2,1,2.0,6
201200057359,0012-12-20 17:00:00,12,12,20,17,0,750,115,"01, PLACE DES INSURGES D",,,Crépuscule ou aube,En agglomération,Place,Pluie légère,Deux véhicules - côté,,,,,,,,,,,2,2,7,2.0,3
201200057360,0012-12-20 20:10:00,12,12,20,20,10,750,115,"03, RUE BALARD",,,Nuit avec éclairage allumé,En agglomération,Hors intersection,Pluie légère,Sans collision,,,,,,,,,,,5,2,1,2.0,7
201200057361,0012-12-21 18:55:00,12,12,21,18,55,750,115,"36, RUE MIOLLIS",,,Nuit avec éclairage allumé,En agglomération,Hors intersection,Normale,Autre collision,,,,,,,,,,,5,2,1,1.0,6
201200057362,0012-12-28 17:50:00,12,12,28,17,50,750,115,"1, RUE LINOIS",,,Nuit avec éclairage allumé,En agglomération,Intersection en X,Normale,Deux véhicules - côté,,,,,,,,,,,5,2,2,1.0,3
201200057363,0012-12-29 17:15:00,12,12,29,17,15,750,115,"121, AVENUE FELIX FAURE",,,Nuit avec éclairage allumé,En agglomération,Intersection en T,Normale,Autre collision,,,,,,,,,,,5,2,3,1.0,6
201200057364,0012-12-29 20:35:00,12,12,29,20,35,750,115,QUAI DE GRENELLE,,,Nuit avec éclairage allumé,En agglomération,Intersection en X,Pluie légère,Trois véhicules et plus - collisions multiples,,,,,,,,,,,5,2,2,2.0,5
201200057365,0012-12-31 01:10:00,12,12,31,1,10,750,115,"54, RUE DU COMMERCE",,,Nuit avec éclairage allumé,En agglomération,Intersection en X,Normale,Deux véhicules - côté,,,,,,,,,,,5,2,2,1.0,3
201200057366,0012-01-01 22:00:00,12,1,1,22,0,750,116,AVENUE DE LA PORTE DE SA,,,Nuit avec éclairage allumé,En agglomération,Hors intersection,Pluie légère,Deux véhicules - côté,,,,,,,,,,,5,2,1,2.0,3
201200057367,0012-01-01 05:30:00,12,1,1,5,30,750,116,"2, AVENUE FOCH",,,Nuit avec éclairage allumé,En agglomération,Intersection en X,Normale,Autre collision,,,,,,,,,,,5,2,2,1.0,6
201200057368,0012-01-02 19:20:00,12,1,2,19,20,750,116,ALLEE DE LONGCHAMP,,,Nuit avec éclairage allumé,En agglomération,Intersection en X,Normale,Autre collision,,,,,,,,,,,5,2,2,1.0,6
201200057369,0012-01-04 09:30:00,12,1,4,9,30,750,116,"83, BOULEVARD SUCHET",,,Plein jour,En agglomération,Intersection en T,Normale,Autre collision,,,,,,,,,,,1,2,3,1.0,6
201200057370,0012-01-04 09:45:00,12,1,4,9,45,750,116,"3, RUE DU COMMANDANT GUI",,,Plein jour,En agglomération,Hors intersection,Normale,Autre collision,,,,,,,,,,,1,2,1,1.0,6
201200057371,0012-01-05 08:15:00,12,1,5,8,15,750,116,"85, AVENUE MOZART",,,Crépuscule ou aube,En agglomération,Intersection à plus de 4 branches,Pluie légère,Autre collision,,,,,,,,,,,2,2,5,2.0,6
201200057372,0012-01-05 18:10:00,12,1,5,18,10,750,116,AVENUE DE NEUILLY,,,Nuit avec éclairage allumé,En agglomération,Intersection à plus de 4 branches,Normale,Deux véhicules - côté,,,,,,,,,,,5,2,5,1.0,3
201200057373,0012-01-06 14:45:00,12,1,6,14,45,750,116,"104, AVENUE RAYMOND POIN",,,Plein jour,En agglomération,Intersection en T,Normale,Deux véhicules - côté,,,,,,,,,,,1,2,3,1.0,3
201200057374,0012-01-06 18:00:00,12,1,6,18,0,750,116,PLACE DE COLOMBIE,,,Nuit avec éclairage allumé,En agglomération,Place,Normale,Deux véhicules - côté,,,,,,,,,,,5,2,7,1.0,3
201200057375,0012-01-06 18:00:00,12,1,6,18,0,750,116,PLACE DE LA PORTE D AUTE,,,Nuit avec éclairage allumé,En agglomération,Place,Normale,Deux véhicules - côté,,,,,,,,,,,5,2,7,1.0,3
201200057376,0012-01-07 06:15:00,12,1,7,6,15,750,116,AVENUE DU PRESIDENT WILS,,,Nuit avec éclairage allumé,En agglomération,Intersection à plus de 4 branches,Normale,Autre collision,,,,,,,,,,,5,2,5,1.0,6
201200057377,0012-01-07 13:10:00,12,1,7,13,10,750,116,ALLEE DE LONGCHAMP,,,Plein jour,En agglomération,Hors intersection,Normale,Deux véhicules - côté,,,,,,,,,,,1,2,1,1.0,3
201200057378,0012-01-07 20:00:00,12,1,7,20,0,750,116,"70, QUAI LOUIS BLERIOT",,,Nuit avec éclairage allumé,En agglomération,Intersection en X,Normale,Sans collision,,,,,,,,,,,5,2,2,1.0,7
201200057379,0012-01-11 17:10:00,12,1,11,17,10,750,116,PORTE MAILLOT,,,Plein jour,En agglomération,Intersection à plus de 4 branches,Normale,Deux véhicules - arrière,,,,,,,,,,,1,2,5,1.0,2
201200057380,0012-01-11 17:45:00,12,1,11,17,45,750,116,SOUTERRAIN MAILLOT,,,Nuit avec éclairage allumé,En agglomération,Hors intersection,Normale,Autre collision,,,,,,,,,,,5,2,1,1.0,6
201200057381,0012-01-11 20:30:00,12,1,11,20,30,750,116,BOULEVARD PERIPHERIQUE,,,Nuit avec éclairage allumé,En agglomération,Hors intersection,Normale,Trois véhicules et plus - en chaîne,,,,,,,,,,,5,2,1,1.0,4
201200057382,0012-01-12 17:45:00,12,1,12,17,45,750,116,"113, RUE DE LONGCHAMP",,,Crépuscule ou aube,En agglomération,Hors intersection,Normale,Autre collision,,,,,,,,,,,2,2,1,1.0,6
201200057383,0012-01-12 23:00:00,12,1,12,23,0,750,116,ALLEE DE LONGCHAMP,,,Nuit avec éclairage allumé,En agglomération,Intersection en X,Normale,Autre collision,,,,,,,,,,,5,2,2,1.0,6
201200057384,0012-01-13 08:05:00,12,1,13,8,5,750,108,COURS ALBERT 1ER,,,Crépuscule ou aube,En agglomération,Place,Normale,Autre collision,,,,,,,,,,,2,2,7,1.0,6
201200057385,0012-01-13 10:40:00,12,1,13,10,40,750,116,"30, AVENUE DU PRESIDENT",,,Plein jour,En agglomération,Intersection en Y,Normale,Deux véhicules - arrière,,,,,,,,,,,1,2,4,1.0,2
201200057386,0012-01-13 18:05:00,12,1,13,18,5,750,116,"79, AVENUE KLEBER",,,Nuit avec éclairage allumé,En agglomération,Intersection à plus de 4 branches,Normale,Deux véhicules - côté,,,,,,,,,,,5,2,5,1.0,3
201200057387,0012-01-14 03:30:00,12,1,14,3,30,750,108,RUE DE BERRI,,,Nuit avec éclairage allumé,En agglomération,Intersection en X,Normale,Autre collision,,,,,,,,,,,5,2,2,1.0,6
201200057388,0012-01-15 04:15:00,12,1,15,4,15,750,116,ALLEE DE LONGCHAMP,,,Nuit avec éclairage allumé,En agglomération,Hors intersection,Normale,Trois véhicules et plus - en chaîne,,,,,,,,,,,5,2,1,1.0,4
201200057389,0012-01-16 08:45:00,12,1,16,8,45,750,116,"24, RUE DE PASSY",,,Plein jour,En agglomération,Hors intersection,Normale,Deux véhicules - arrière,,,,,,,,,,,1,2,1,1.0,2
201200057390,0012-01-16 16:45:00,12,1,16,16,45,750,116,"48, RUE DE LONGCHAMP",,,Plein jour,En agglomération,Hors intersection,Normale,Autre collision,,,,,,,,,,,1,2,1,1.0,6
201200057391,0012-01-17 17:40:00,12,1,17,17,40,750,116,"38, AVENUE KLEBER",,,Plein jour,En agglomération,Hors intersection,Normale,Deux véhicules - côté,,,,,,,,,,,1,2,1,1.0,3
201200057392,0012-01-17 20:00:00,12,1,17,20,0,750,116,"1, PLACE DE LA PORTE DE",,,Nuit avec éclairage allumé,En agglomération,Place,Normale,Autre collision,,,,,,,,,,,5,2,7,1.0,6
201200057393,0012-01-18 08:20:00,12,1,18,8,20,750,116,ALLEE DE LONGCHAMP,,,Plein jour,En agglomération,Intersection en X,Normale,Trois véhicules et plus - collisions multiples,,,,,,,,,,,1,2,2,1.0,5
201200057394,0012-01-18 16:30:00,12,1,18,16,30,750,116,PLACE DE LA PORTE DE SAI,,,Plein jour,En agglomération,Place,Pluie légère,Deux véhicules - arrière,,,,,,,,,,,1,2,7,2.0,2
201200057395,0012-01-19 09:40:00,12,1,19,9,40,750,116,ALLEE DE LA REINE MARGUE,,,Plein jour,En agglomération,Hors intersection,Autre,Deux véhicules - arrière,,,,,,,,,,,1,2,1,9.0,2
201200057396,0012-01-19 22:50:00,12,1,19,22,50,750,116,ALLEE DE LA REINE MARGUE,,,Nuit avec éclairage allumé,En agglomération,Hors intersection,Normale,Deux véhicules - côté,,,,,,,,,,,5,2,1,1.0,3
201200057397,0012-01-20 07:40:00,12,1,20,7,40,750,116,ALLEE DE LONGCHAMP,,,Nuit avec éclairage allumé,En agglomération,Intersection en X,Temps couvert,Deux véhicules - frontale,,,,,,,,,,,5,2,2,8.0,1
201200057398,0012-01-20 18:10:00,12,1,20,18,10,750,116,AVENUE DE LA PORTE DE SA,,,Nuit avec éclairage allumé,En agglomération,Intersection en X,Pluie légère,Deux véhicules - arrière,,,,,,,,,,,5,2,2,2.0,2
201200057399,0012-01-20 18:30:00,12,1,20,18,30,750,116,"63, AVENUE DE VERSAILLES",,,Nuit avec éclairage allumé,En agglomération,Intersection en T,Pluie légère,Autre collision,,,,,,,,,,,5,2,3,2.0,6
201200057400,0012-01-21 15:25:00,12,1,21,15,25,750,116,"32, BOULEVARD MURAT",,,Plein jour,En agglomération,Intersection en X,Pluie légère,Deux véhicules - côté,,,,,,,,,,,1,2,2,2.0,3
201200057401,0012-01-21 20:45:00,12,1,21,20,45,750,116,PLACE CHARLES DE GAULLE,,,Nuit avec éclairage allumé,En agglomération,Place,Pluie légère,Deux véhicules - côté,,,,,,,,,,,5,2,7,2.0,3
201200057402,0012-01-23 20:50:00,12,1,23,20,50,750,116,"46, AVENUE DU PRESIDENT",,,Crépuscule ou aube,En agglomération,Intersection à plus de 4 branches,Pluie légère,Deux véhicules - côté,,,,,,,,,,,2,2,5,2.0,3
201200057403,0012-01-24 11:35:00,12,1,24,11,35,750,116,ROUTE DES TRIBUNES,,,Plein jour,En agglomération,Intersection en Y,Normale,Sans collision,,,,,,,,,,,1,2,4,1.0,7
201200057404,0012-01-24 21:10:00,12,1,24,21,10,750,116,PLACE CLEMENT ADER,,,Nuit avec éclairage allumé,En agglomération,Place,Pluie légère,Deux véhicules - frontale,,,,,,,,,,,5,2,7,2.0,1
201200057405,0012-01-25 09:45:00,12,1,25,9,45,750,116,"32, RUE DE LA POMPE",,,Plein jour,En agglomération,Intersection en T,Pluie légère,Autre collision,,,,,,,,,,,1,2,3,2.0,6
201200057406,0012-01-25 10:45:00,12,1,25,10,45,750,116,AVENUE DE L HIPPODROME,,,Plein jour,En agglomération,Hors intersection,Pluie légère,Sans collision,,,,,,,,,,,1,2,1,2.0,7
201200057407,0012-01-25 12:35:00,12,1,25,12,35,750,116,"1, RUE OCTAVE FEUILLET",,,Plein jour,En agglomération,Intersection à plus de 4 branches,Pluie légère,Deux véhicules - côté,,,,,,,,,,,1,2,5,2.0,3
201200057408,0012-01-25 11:30:00,12,1,25,11,30,750,116,AVENUE FOCH,,,Plein jour,En agglomération,Place,Pluie légère,Deux véhicules - côté,,,,,,,,,,,1,2,7,2.0,3
201200057409,0012-01-25 13:10:00,12,1,25,13,10,750,116,"144, AVENUE DE MALAKOFF",,,Plein jour,En agglomération,Hors intersection,Pluie légère,Deux véhicules - côté,,,,,,,,,,,1,2,1,2.0,3
201200057410,0012-01-26 18:00:00,12,1,26,18,0,750,116,"95, AVENUE VICTOR HUGO",,,Nuit avec éclairage allumé,En agglomération,Hors intersection,Normale,Autre collision,,,,,,,,,,,5,2,1,1.0,6
201200057411,0012-01-26 20:25:00,12,1,26,20,25,750,116,AVENUE DU MAHATMA GANDHI,,,Nuit avec éclairage allumé,En agglomération,Intersection en X,Normale,Autre collision,,,,,,,,,,,5,2,2,1.0,6
201200057412,0012-01-28 14:40:00,12,1,28,14,40,750,116,VOIE GEORGES POMPIDOU,,,Plein jour,En agglomération,Intersection en Y,Normale,Sans collision,,,,,,,,,,,1,2,4,1.0,7
201200057413,0012-01-28 16:35:00,12,1,28,16,35,750,116,"67/69, AVENUE PAUL DOUME",,,Plein jour,En agglomération,Intersection à plus de 4 branches,Pluie légère,Deux véhicules - frontale,,,,,,,,,,,1,2,5,2.0,1
201200057414,0012-01-28 21:30:00,12,1,28,21,30,750,116,BOULEVARD SUCHET,,,Nuit avec éclairage allumé,En agglomération,Intersection en X,Normale,Deux véhicules - arrière,,,,,,,,,,,5,2,2,1.0,2
201200057415,0012-01-30 12:30:00,12,1,30,12,30,750,116,"190, AVENUE DE VERSAILLE",,,Plein jour,En agglomération,Hors intersection,Normale,Autre collision,,,,,,,,,,,1,2,1,1.0,6
201200057416,0012-01-31 20:40:00,12,1,31,20,40,750,116,"92, BOULEVARD MURAT",,,Nuit avec éclairage allumé,En agglomération,Place,Normale,Deux véhicules - côté,,,,,,,,,,,5,2,7,1.0,3
201200057417,0012-02-01 09:15:00,12,2,1,9,15,750,116,"77, BOULEVARD LANNES",,,Plein jour,En agglomération,Intersection en X,Normale,Deux véhicules - côté,,,,,,,,,,,1,2,2,1.0,3
201200057418,0012-02-01 20:15:00,12,2,1,20,15,750,116,PLACE CHARLES DE GAULLE,,,Nuit avec éclairage allumé,En agglomération,Place,Normale,Deux véhicules - arrière,,,,,,,,,,,5,2,7,1.0,2
201200057419,0012-02-02 02:48:00,12,2,2,2,48,750,116,"81, BOULEVARD SUCHET",,,Nuit avec éclairage allumé,En agglomération,Hors intersection,Normale,Autre collision,,,,,,,,,,,5,2,1,1.0,6
201200057420,0012-02-02 11:05:00,12,2,2,11,5,750,116,AVENUE DE LA PORTE DE SA,,,Plein jour,En agglomération,Intersection en Y,Normale,Deux véhicules - côté,,,,,,,,,,,1,2,4,1.0,3
201200057421,0012-02-03 08:00:00,12,2,3,8,0,750,116,"46, BOULEVARD MURAT",,,Plein jour,En agglomération,Intersection en Y,Normale,Autre collision,,,,,,,,,,,1,2,4,1.0,6
201200057422,0012-02-04 18:45:00,12,2,4,18,45,750,116,"112, RUE DE LONGCHAMP",,,Nuit avec éclairage allumé,En agglomération,Intersection en X,Normale,Autre collision,,,,,,,,,,,5,2,2,1.0,6