accident_id,datetime,annee,mois,jour,heure,minute,departement,commune_insee,adresse,latitude,longitude,luminosite,agglomeration,intersection,meteo,collision,nb_vehicules,nb_usagers,nb_indemnes,nb_tues,nb_blesses_hosp,nb_blesses_legers,age_cond_1,age_cond_2,veh_type_cond_1,veh_type_cond_2,lum_code,agg_code,int_code,atm_code,col_code
201200057940,0012-01-26 08:45:00,12,1,26,8,45,750,117,"20, RUE TOULOUSE LAUTREC",,,Plein jour,En agglomération,Intersection en Y,Normale,Deux véhicules - arrière,,,,,,,,,,,1,2,4,1.0,2
201200057941,0012-01-26 09:50:00,12,1,26,9,50,750,117,"26, RUE FRAGONARD",,,Plein jour,En agglomération,Hors intersection,Normale,Autre collision,,,,,,,,,,,1,2,1,1.0,6
201200057942,0012-01-27 15:00:00,12,1,27,15,0,750,117,"47, RUE DES BATIGNOLLES",,,Plein jour,En agglomération,Intersection en X,Normale,Autre collision,,,,,,,,,,,1,2,2,1.0,6
201200057943,0012-01-28 07:00:00,12,1,28,7,0,750,117,"07, BOULEVARD DU FORT DE",,,Nuit avec éclairage allumé,En agglomération,Hors intersection,Pluie légère,Deux véhicules - arrière,,,,,,,,,,,5,2,1,2.0,2
201200057944,0012-01-28 16:13:00,12,1,28,16,13,750,117,"07, AVENUE NIEL",,,Plein jour,En agglomération,Intersection à plus de 4 branches,Normale,Autre collision,,,,,,,,,,,1,2,5,1.0,6
201200057945,0012-01-29 19:30:00,12,1,29,19,30,750,117,"127, AVENUE DE CLICHY",,,Nuit avec éclairage allumé,En agglomération,Intersection en X,Normale,Autre collision,,,,,,,,,,,5,2,2,1.0,6
201200057946,0012-01-30 17:30:00,12,1,30,17,30,750,117,"32, BOULEVARD PEREIRE",,,Plein jour,En agglomération,Intersection en X,Normale,Deux véhicules - arrière,,,,,,,,,,,1,2,2,1.0,2
201200057947,0012-01-31 16:00:00,12,1,31,16,0,750,117,"82, AVENUE DES TERNES",,,Plein jour,En agglomération,Intersection à plus de 4 branches,Temps couvert,Deux véhicules - côté,,,,,,,,,,,1,2,5,8.0,3
201200057948,0012-02-01 12:20:00,12,2,1,12,20,750,117,"6, AVENUE DE LA PORTE DE",,,Plein jour,En agglomération,Hors intersection,Normale,Deux véhicules - arrière,,,,,,,,,,,1,2,1,1.0,2
201200057949,0012-02-01 20:00:00,12,2,1,20,0,750,117,"19, RUE PUTEAUX",,,Nuit avec éclairage allumé,En agglomération,Intersection en T,Normale,Autre collision,,,,,,,,,,,5,2,3,1.0,6
201200057950,0012-02-01 21:45:00,12,2,1,21,45,750,117,"91, BOULEVARD GOUVION SA",,,Nuit avec éclairage allumé,En agglomération,Hors intersection,Normale,Autre collision,,,,,,,,,,,5,2,1,1.0,6
201200057951,0012-02-02 09:45:00,12,2,2,9,45,750,117,"100, AVENUE DE CLICHY",,,Plein jour,En agglomération,Intersection en T,Normale,Autre collision,,,,,,,,,,,1,2,3,1.0,6
201200057952,0012-02-02 18:45:00,12,2,2,18,45,750,108,BOULEVARD MALESHERBES,,,Nuit avec éclairage allumé,En agglomération,Intersection en X,Normale,Sans collision,,,,,,,,,,,5,2,2,1.0,7
201200057953,0012-02-02 22:00:00,12,2,2,22,0,750,117,"35, RUE DES BATIGNOLLES",,,Nuit avec éclairage allumé,En agglomération,Intersection en X,Autre,Deux véhicules - côté,,,,,,,,,,,5,2,2,9.0,3
201200057954,0012-02-05 09:03:00,12,2,5,9,3,750,117,"113, AVENUE DE CLICHY",,,Plein jour,En agglomération,Intersection en X,Neige / grêle,Autre collision,,,,,,,,,,,1,2,2,4.0,6
201200057955,0012-02-09 19:45:00,12,2,9,19,45,750,117,"14, BOULEVARD DES BATIGN",,,Nuit avec éclairage allumé,En agglomération,Intersection en T,Normale,Autre collision,,,,,,,,,,,5,2,3,1.0,6
201200057956,0012-02-03 17:30:00,12,2,3,17,30,750,117,"18, AVENUE NIEL",,,Plein jour,En agglomération,Hors intersection,Normale,Autre collision,,,,,,,,,,,1,2,1,1.0,6
201200057957,0012-02-10 10:10:00,12,2,10,10,10,750,117,RUE DE TOCQUEVILLE,,,Plein jour,En agglomération,Intersection en T,Normale,Autre collision,,,,,,,,,,,1,2,3,1.0,6
201200057958,0012-02-10 19:30:00,12,2,10,19,30,750,117,"59, AVENUE DES TERNES",,,Nuit avec éclairage allumé,En agglomération,Hors intersection,Normale,Deux véhicules - côté,,,,,,,,,,,5,2,1,1.0,3
201200057959,0012-02-11 06:00:00,12,2,11,6,0,750,117,"57, AVENUE DE SAINT OUEN",,,Nuit avec éclairage allumé,En agglomération,Intersection à plus de 4 branches,Normale,Deux véhicules - côté,,,,,,,,,,,5,2,5,1.0,3
201200057960,0012-02-11 14:45:00,12,2,11,14,45,750,117,"152, RUE CARDINET",,,Plein jour,En agglomération,Intersection en X,Normale,Sans collision,,,,,,,,,,,1,2,2,1.0,7
201200057961,0012-02-11 18:55:00,12,2,11,18,55,750,117,"34, AVENUE DE LA PORTE D",,,Nuit avec éclairage allumé,En agglomération,Intersection à plus de 4 branches,Normale,Autre collision,,,,,,,,,,,5,2,5,1.0,6
201200057962,0012-02-10 19:40:00,12,2,10,19,40,750,117,"1, BOULEVARD PEREIRE",,,Nuit avec éclairage allumé,En agglomération,Intersection à plus de 4 branches,Normale,Autre collision,,,,,,,,,,,5,2,5,1.0,6
201200057963,0012-02-13 14:45:00,12,2,13,14,45,750,117,"163, RUE DE ROME",,,Plein jour,En agglomération,Hors intersection,Temps couvert,Sans collision,,,,,,,,,,,1,2,1,8.0,7
201200057964,0012-02-13 19:07:00,12,2,13,19,7,750,117,"148, BOULEVARD MALESHERB",,,Nuit avec éclairage allumé,En agglomération,Intersection en T,Pluie légère,Autre collision,,,,,,,,,,,5,2,3,2.0,6
201200057965,0012-02-14 11:20:00,12,2,14,11,20,750,117,"224, RUE DE COURCELLES",,,Plein jour,En agglomération,Intersection en T,Normale,Deux véhicules - côté,,,,,,,,,,,1,2,3,1.0,3
201200057966,0012-02-15 10:00:00,12,2,15,10,0,750,117,"47, RUE BROCHANT",,,Plein jour,En agglomération,Intersection en X,Normale,Sans collision,,,,,,,,,,,1,2,2,1.0,7
201200057967,0012-02-17 00:40:00,12,2,17,0,40,750,117,"16, BOULEVARD DES BATIGN",,,Nuit sans éclairage public,En agglomération,Intersection en X,Normale,Autre collision,,,,,,,,,,,3,2,2,1.0,6
201200057968,0012-02-17 21:15:00,12,2,17,21,15,750,117,"27, PLACE SAINT FERDINAN",,,Nuit avec éclairage allumé,En agglomération,Place,Pluie légère,Autre collision,,,,,,,,,,,5,2,7,2.0,6
201200057969,0012-02-18 12:40:00,12,2,18,12,40,750,117,"191, RUE DE COURCELLES",,,Plein jour,En agglomération,Intersection à plus de 4 branches,Normale,Deux véhicules - côté,,,,,,,,,,,1,2,5,1.0,3
201200057970,0012-02-19 01:40:00,12,2,19,1,40,750,117,"0, AVENUE DE LA PORTE DE",,,Nuit avec éclairage allumé,En agglomération,Intersection à plus de 4 branches,Pluie légère,Deux véhicules - arrière,,,,,,,,,,,5,2,5,2.0,2
201200057971,0012-02-20 07:25:00,12,2,20,7,25,750,117,"50, BOULEVARD DE DOUAUMO",,,Plein jour,En agglomération,Hors intersection,Normale,Autre collision,,,,,,,,,,,1,2,1,1.0,6
201200057972,0012-02-22 11:00:00,12,2,22,11,0,750,117,"17, AVENUE DE VILLIERS",,,Plein jour,En agglomération,Intersection en X,Normale,Sans collision,,,,,,,,,,,1,2,2,1.0,7
201200057973,0012-02-22 15:16:00,12,2,22,15,16,750,117,"85, AVENUE DE VILLIERS",,,Plein jour,En agglomération,Hors intersection,Normale,Autre collision,,,,,,,,,,,1,2,1,1.0,6
201200057974,0012-02-23 14:00:00,12,2,23,14,0,750,117,"29, AVENUE NIEL",,,Plein jour,En agglomération,Intersection à plus de 4 branches,Temps couvert,Deux véhicules - côté,,,,,,,,,,,1,2,5,8.0,3
201200057975,0012-02-24 14:30:00,12,2,24,14,30,750,117,"4, AVENUE PAUL ADAM",,,Plein jour,En agglomération,Hors intersection,Normale,Sans collision,,,,,,,,,,,1,2,1,1.0,7
201200057976,0012-02-25 06:15:00,12,2,25,6,15,750,117,"95, RUE BROCHANT",,,Nuit avec éclairage allumé,En agglomération,Intersection en X,Normale,Deux véhicules - côté,,,,,,,,,,,5,2,2,1.0,3
201200057977,0012-02-26 00:50:00,12,2,26,0,50,750,117,"188, AVENUE DE CLICHY",,,Nuit avec éclairage non allumé,En agglomération,Hors intersection,Normale,Autre collision,,,,,,,,,,,4,2,1,1.0,6
201200057978,0012-02-28 07:33:00,12,2,28,7,33,750,117,BOULEVARD PERSHING,,,Crépuscule ou aube,En agglomération,Place,Normale,Deux véhicules - côté,,,,,,,,,,,2,2,7,1.0,3
201200057979,0012-02-28 16:10:00,12,2,28,16,10,750,117,"192, BOULEVARD MALESHERB",,,Plein jour,En agglomération,Intersection en X,Temps couvert,Trois véhicules et plus - en chaîne,,,,,,,,,,,1,2,2,8.0,4
201200057980,0012-02-28 19:20:00,12,2,28,19,20,750,117,"89, AVENUE DE WAGRAM",,,Nuit avec éclairage allumé,En agglomération,Hors intersection,Normale,Deux véhicules - côté,,,,,,,,,,,5,2,1,1.0,3
201200057981,0012-03-01 08:00:00,12,3,1,8,0,750,117,"99, AVENUE NIEL",,,Plein jour,En agglomération,Place,Normale,Autre collision,,,,,,,,,,,1,2,7,1.0,6
201200057982,0012-03-01 18:50:00,12,3,1,18,50,750,117,"5, RUE JACQUES KELLNER",,,Nuit avec éclairage allumé,En agglomération,Hors intersection,Normale,Deux véhicules - côté,,,,,,,,,,,5,2,1,1.0,3
201200057983,0012-03-02 11:15:00,12,3,2,11,15,750,117,"25, AVENUE DE CLICHY",,,Plein jour,En agglomération,Intersection en X,Normale,Autre collision,,,,,,,,,,,1,2,2,1.0,6
201200057984,0012-03-02 13:05:00,12,3,2,13,5,750,117,"5, BOULEVARD BERTHIER",,,Plein jour,En agglomération,Hors intersection,Normale,Deux véhicules - arrière,,,,,,,,,,,1,2,1,1.0,2
201200057985,0012-03-03 14:45:00,12,3,3,14,45,750,117,"148, RUE CARDINET",,,Plein jour,En agglomération,Place,Normale,Deux véhicules - frontale,,,,,,,,,,,1,2,7,1.0,1
201200057986,0012-03-05 12:20:00,12,3,5,12,20,750,117,"23, RUE LEGENDRE",,,Plein jour,En agglomération,Intersection en X,Normale,Autre collision,,,,,,,,,,,1,2,2,1.0,6
201200057987,0012-03-06 09:18:00,12,3,6,9,18,750,117,AVENUE DE VILLIERS,,,Plein jour,En agglomération,Intersection en X,Pluie légère,Sans collision,,,,,,,,,,,1,2,2,2.0,7
201200057988,0012-03-06 13:00:00,12,3,6,13,0,750,117,"07, AVENUE DE LA PORTE D",,,Plein jour,En agglomération,Intersection à plus de 4 branches,Temps couvert,Deux véhicules - côté,,,,,,,,,,,1,2,5,8.0,3
201200057989,0012-03-08 08:35:00,12,3,8,8,35,750,117,BOULEVARD PEREIRE,,,Plein jour,En agglomération,Intersection en X,Normale,Deux véhicules - côté,,,,,,,,,,,1,2,2,1.0,3
201200057990,0012-03-08 16:00:00,12,3,8,16,0,750,117,"07, AVENUE DE VILLIERS",,,Plein jour,En agglomération,Intersection en Y,Normale,Deux véhicules - arrière,,,,,,,,,,,1,2,4,1.0,2
201200057991,0012-03-09 23:25:00,12,3,9,23,25,750,117,"03, PLACE DU GENERAL KOE",,,Nuit avec éclairage allumé,En agglomération,Place,Normale,Sans collision,,,,,,,,,,,5,2,7,1.0,7
201200057992,0012-03-10 01:10:00,12,3,10,1,10,750,117,"60, RUE DE TOCQUEVILLE",,,Nuit avec éclairage allumé,En agglomération,Intersection en T,Normale,Sans collision,,,,,,,,,,,5,2,3,1.0,7
201200057993,0012-03-10 13:35:00,12,3,10,13,35,750,117,"30, RUE LEGENDRE",,,Plein jour,En agglomération,Hors intersection,Temps couvert,Autre collision,,,,,,,,,,,1,2,1,8.0,6
201200057994,0012-03-11 00:20:00,12,3,11,0,20,750,117,AVENUE DE SAINT OUEN,,,Nuit avec éclairage allumé,En agglomération,Intersection à plus de 4 branches,Normale,Sans collision,,,,,,,,,,,5,2,5,1.0,7
201200057995,0012-03-12 19:30:00,12,3,12,19,30,750,117,"61, AVENUE NIEL",,,Nuit avec éclairage allumé,En agglomération,Intersection à plus de 4 branches,Normale,Autre collision,,,,,,,,,,,5,2,5,1.0,6
201200057996,0012-03-13 05:50:00,12,3,13,5,50,750,117,"43, AVENUE DE SAINT OUEN",,,Nuit avec éclairage allumé,En agglomération,Intersection en T,Normale,Deux véhicules - côté,,,,,,,,,,,5,2,3,1.0,3
201200057997,0012-03-14 16:30:00,12,3,14,16,30,750,117,"1, AVENUE DE LA PORTE D",,,Plein jour,En agglomération,Intersection à plus de 4 branches,Normale,Deux véhicules - côté,,,,,,,,,,,1,2,5,1.0,3
201200057998,0012-03-14 16:40:00,12,3,14,16,40,750,117,"23, AVENUE DE CLICHY",,,Plein jour,En agglomération,Hors intersection,Normale,Autre collision,,,,,,,,,,,1,2,1,1.0,6
201200057999,0012-03-15 23:25:00,12,3,15,23,25,750,117,"171, AVENUE DE WAGRAM",,,Nuit avec éclairage allumé,En agglomération,Place,Normale,Autre collision,,,,,,,,,,,5,2,7,1.0,6
201200058000,0012-03-16 11:10:00,12,3,16,11,10,750,117,"91, RUE DE PRONY",,,Plein jour,En agglomération,Intersection à plus de 4 branches,Normale,Deux véhicules - côté,,,,,,,,,,,1,2,5,1.0,3
201200058001,0012-03-16 23:00:00,12,3,16,23,0,750,117,"88, AVENUE DE CLICHY",,,Nuit avec éclairage allumé,En agglomération,Intersection en T,Normale,Deux véhicules - côté,,,,,,,,,,,5,2,3,1.0,3
201200058002,0012-03-17 11:25:00,12,3,17,11,25,750,117,BOULEVARD PERIPHERIQUE E,,,Plein jour,En agglomération,Hors intersection,Temps couvert,Deux véhicules - côté,,,,,,,,,,,1,2,1,8.0,3
201200058003,0012-03-17 13:10:00,12,3,17,13,10,750,117,PLACE PAUL LEAUTAUD,,,Plein jour,En agglomération,Place,Temps couvert,Deux véhicules - côté,,,,,,,,,,,1,2,7,8.0,3
201200058004,0012-03-18 16:30:00,12,3,18,16,30,750,117,"35, AVENUE DE CLICHY",,,Plein jour,En agglomération,Intersection en X,Pluie légère,Deux véhicules - arrière,,,,,,,,,,,1,2,2,2.0,2
201200058005,0012-03-20 09:45:00,12,3,20,9,45,750,117,"80, AVENUE DE WAGRAM",,,Plein jour,En agglomération,Intersection à plus de 4 branches,Normale,Deux véhicules - frontale,,,,,,,,,,,1,2,5,1.0,1
201200058006,0012-03-22 14:25:00,12,3,22,14,25,750,117,"42, BOULEVARD BESSIERES",,,Plein jour,En agglomération,Intersection à plus de 4 branches,Normale,Deux véhicules - frontale,,,,,,,,,,,1,2,5,1.0,1
201200058007,0012-03-22 20:40:00,12,3,22,20,40,750,117,"45, RUE LANTIEZ",,,Nuit avec éclairage allumé,En agglomération,Intersection en T,Normale,Autre collision,,,,,,,,,,,5,2,3,1.0,6
201200058008,0012-03-24 10:35:00,12,3,24,10,35,750,117,BOULEVARD DES BATIGNOLLE,,,Plein jour,En agglomération,Intersection en X,Normale,Deux véhicules - côté,,,,,,,,,,,1,2,2,1.0,3
201200058009,0012-03-26 00:15:00,12,3,26,0,15,750,117,AVENUE DE LA PORTE DE CL,,,Nuit avec éclairage allumé,En agglomération,Intersection à plus de 4 branches,Normale,Deux véhicules - côté,,,,,,,,,,,5,2,5,1.0,3
201200058010,0012-03-26 12:10:00,12,3,26,12,10,750,117,"3, BOULEVARD DU BOIS LE",,,Plein jour,En agglomération,Hors intersection,Normale,Deux véhicules - côté,,,,,,,,,,,1,2,1,1.0,3
201200058011,0012-03-26 17:00:00,12,3,26,17,0,750,117,"8, BOULEVARD DU BOIS LE",,,Plein jour,En agglomération,Intersection à plus de 4 branches,Normale,Sans collision,,,,,,,,,,,1,2,5,1.0,7
201200058012,0012-03-26 17:35:00,12,3,26,17,35,750,117,"11 ter, RUE GEORGES BERG",,,Plein jour,En agglomération,Place,Normale,Deux véhicules - côté,,,,,,,,,,,1,2,7,1.0,3
201200058013,0012-03-26 19:45:00,12,3,26,19,45,750,117,"1, PORTE DE CHAMPERRET",,,Nuit avec éclairage allumé,En agglomération,Intersection à plus de 4 branches,Normale,Autre collision,,,,,,,,,,,5,2,5,1.0,6
201200058014,0012-03-28 17:55:00,12,3,28,17,55,750,117,"1, RUE FORTUNY",,,Plein jour,En agglomération,Intersection en X,Normale,Autre collision,,,,,,,,,,,1,2,2,1.0,6
201200058015,0012-03-28 18:55:00,12,3,28,18,55,750,117,"104, BOULEVARD BESSIERES",,,Plein jour,En agglomération,Intersection en T,Normale,Deux véhicules - côté,,,,,,,,,,,1,2,3,1.0,3
201200058016,0012-03-29 12:10:00,12,3,29,12,10,750,117,BOULEVARD PERIPHERIQUE,,,Plein jour,En agglomération,Intersection en X,Normale,Autre collision,,,,,,,,,,,1,2,2,1.0,6
201200058017,0012-03-29 11:00:00,12,3,29,11,0,750,117,"16, AVENUE DE LA GRANDE",,,Plein jour,En agglomération,Intersection en Y,Normale,Deux véhicules - arrière,,,,,,,,,,,1,2,4,1.0,2
201200058018,0012-03-29 21:15:00,12,3,29,21,15,750,117,"80, AVENUE DE LA GRANDE",,,Nuit avec éclairage allumé,En agglomération,Place,Normale,Deux véhicules - côté,,,,,,,,,,,5,2,7,1.0,3
201200058019,0012-03-30 02:25:00,12,3,30,2,25,750,117,"9, PLACE DU MARECHAL JUI",,,Nuit avec éclairage allumé,En agglomération,Place,Normale,Autre collision,,,,,,,,,,,5,2,7,1.0,6
201200058020,0012-03-30 08:30:00,12,3,30,8,30,750,117,BOULEVARD D AURELLE DE P,,,Plein jour,En agglomération,Intersection en X,Normale,Deux véhicules - arrière,,,,,,,,,,,1,2,2,1.0,2
201200058021,0012-03-31 10:10:00,12,3,31,10,10,750,116,ROUTE DE SEVRES A NEUILL,,,Plein jour,En agglomération,Hors intersection,Normale,Deux véhicules - frontale,,,,,,,,,,,1,2,1,1.0,1
201200058022,0012-03-31 13:10:00,12,3,31,13,10,750,117,"22, AVENUE DE LA GRANDE",,,Plein jour,En agglomération,Intersection en Y,Normale,Deux véhicules - côté,,,,,,,,,,,1,2,4,1.0,3
201200058023,0012-03-31 22:15:00,12,3,31,22,15,750,117,"182, AVENUE DE CLICHY",,,Nuit avec éclairage allumé,En agglomération,Hors intersection,Normale,Deux véhicules - côté,,,,,,,,,,,5,2,1,1.0,3
201200058024,0012-04-01 16:00:00,12,4,1,16,0,750,117,"174, BOULEVARD MALESHERB",,,Plein jour,En agglomération,Place,Normale,Deux véhicules - côté,,,,,,,,,,,1,2,7,1.0,3
201200058025,0012-04-01 19:20:00,12,4,1,19,20,750,117,"38, BOULEVARD DE COURCEL",,,Plein jour,En agglomération,Hors intersection,Normale,Deux véhicules - arrière,,,,,,,,,,,1,2,1,1.0,2
201200058026,0012-04-02 08:30:00,12,4,2,8,30,750,117,"27, AVENUE DE CLICHY",,,Plein jour,En agglomération,Intersection en X,Normale,Autre collision,,,,,,,,,,,1,2,2,1.0,6
201200058027,0012-04-02 08:10:00,12,4,2,8,10,750,117,"73, AVENUE NIEL",,,Plein jour,En agglomération,Hors intersection,Normale,Deux véhicules - côté,,,,,,,,,,,1,2,1,1.0,3
201200058028,0012-04-02 14:20:00,12,4,2,14,20,750,117,"8, BOULEVARD DU BOIS LE",,,Plein jour,En agglomération,Intersection en Y,Normale,Deux véhicules - côté,,,,,,,,,,,1,2,4,1.0,3
201200058029,0012-04-05 18:30:00,12,4,5,18,30,750,117,"49, AVENUE DE CLICHY",,,Plein jour,En agglomération,Intersection en Y,Normale,Autre collision,,,,,,,,,,,1,2,4,1.0,6
201200058030,0012-04-05 17:05:00,12,4,5,17,5,750,117,"01, AVENUE DE LA PORTE D",,,Plein jour,En agglomération,Intersection en X,Normale,Sans collision,,,,,,,,,,,1,2,2,1.0,7
201200058031,0012-04-06 09:08:00,12,4,6,9,8,750,117,"36, BOULEVARD GOUVION SA",,,Plein jour,En agglomération,Intersection en X,Temps couvert,Deux véhicules - côté,,,,,,,,,,,1,2,2,8.0,3
201200058032,0012-04-06 13:30:00,12,4,6,13,30,750,117,"79, AVENUE DE SAINT OUEN",,,Plein jour,En agglomération,Intersection à plus de 4 branches,Normale,Deux véhicules - côté,,,,,,,,,,,1,2,5,1.0,3
201200058033,0012-04-09 22:30:00,12,4,9,22,30,750,117,"58, RUE DE TOCQUEVILLE",,,Nuit avec éclairage allumé,En agglomération,Intersection en T,Pluie forte,Autre collision,,,,,,,,,,,5,2,3,3.0,6
201200058034,0012-04-11 10:05:00,12,4,11,10,5,750,116,"17, AVENUE DE LA GRANDE",,,Plein jour,En agglomération,Hors intersection,Normale,Deux véhicules - côté,,,,,,,,,,,1,2,1,1.0,3
201200058035,0012-04-12 09:00:00,12,4,12,9,0,750,117,"07, AVENUE DE SAINT OUEN",,,Plein jour,En agglomération,Hors intersection,Normale,Autre collision,,,,,,,,,,,1,2,1,1.0,6
201200058036,0012-04-14 21:35:00,12,4,14,21,35,750,117,"109, AVENUE DE SAINT OUE",,,Nuit avec éclairage allumé,En agglomération,Hors intersection,Normale,Deux véhicules - frontale,,,,,,,,,,,5,2,1,1.0,1
201200058037,0012-04-18 11:25:00,12,4,18,11,25,750,108,"109, BOULEVARD MALESHERB",,,Plein jour,En agglomération,Hors intersection,Normale,Autre collision,,,,,,,,,,,1,2,1,1.0,6
201200058038,0012-04-17 19:09:00,12,4,17,19,9,750,117,"46, AVENUE DE VILLIERS",,,Plein jour,En agglomération,Intersection en T,Pluie légère,Sans collision,,,,,,,,,,,1,2,3,2.0,7
201200058039,0012-04-19 12:00:00,12,4,19,12,0,750,117,"51, RUE NAVIER",,,Plein jour,En agglomération,Intersection en T,Normale,Autre collision,,,,,,,,,,,1,2,3,1.0,6
201200058040,0012-04-19 23:50:00,12,4,19,23,50,750,117,"33, AVENUE DE SAINT OUEN",,,Nuit avec éclairage allumé,En agglomération,Intersection en T,Normale,Deux véhicules - côté,,,,,,,,,,,5,2,3,1.0,3
201200058041,0012-04-20 07:25:00,12,4,20,7,25,750,117,"120, AVENUE DE VILLIERS",,,Plein jour,En agglomération,Intersection en X,Temps couvert,Deux véhicules - côté,,,,,,,,,,,1,2,2,8.0,3
201200058042,0012-04-20 12:00:00,12,4,20,12,0,750,117,"19, RUE NICOLAS CHUQUET",,,Plein jour,En agglomération,Intersection en Y,Temps couvert,Deux véhicules - côté,,,,,,,,,,,1,2,4,8.0,3
201200058043,0012-04-20 14:20:00,12,4,20,14,20,750,117,"1, BOULEVARD PERIPHERIQU",,,Plein jour,En agglomération,Intersection en Y,Normale,Deux véhicules - côté,,,,,,,,,,,1,2,4,1.0,3
201200058044,0012-04-20 15:30:00,12,4,20,15,30,750,117,"1, RUE GUSTAVE CHARPENTI",,,Plein jour,En agglomération,Intersection en X,Normale,Deux véhicules - arrière,,,,,,,,,,,1,2,2,1.0,2
201200058045,0012-04-18 22:09:00,12,4,18,22,9,750,117,"161, BOULEVARD MALESHERB",,,Nuit avec éclairage allumé,En agglomération,Intersection en T,Normale,Autre collision,,,,,,,,,,,5,2,3,1.0,6
201200058046,0012-04-22 13:10:00,12,4,22,13,10,750,117,"68, BOULEVARD DE COURCEL",,,Plein jour,En agglomération,Hors intersection,Normale,Deux véhicules - côté,,,,,,,,,,,1,2,1,1.0,3
201200058047,0012-04-23 15:30:00,12,4,23,15,30,750,117,"1, BOULEVARD PERSHING",,,Plein jour,En agglomération,Place,Normale,Autre collision,,,,,,,,,,,1,2,7,1.0,6
201200058048,0012-04-24 02:05:00,12,4,24,2,5,750,117,"127, AVENUE DE CLICHY",,,Nuit avec éclairage allumé,En agglomération,Hors intersection,Pluie légère,Autre collision,,,,,,,,,,,5,2,1,2.0,6
201200058049,0012-04-24 14:19:00,12,4,24,14,19,750,117,AVENUE DE NEUILLY,,,Plein jour,En agglomération,Hors intersection,Pluie forte,Sans collision,,,,,,,,,,,1,2,1,3.0,7
201200058050,0012-04-25 09:15:00,12,4,25,9,15,750,117,"113, AVENUE DE CLICHY",,,Plein jour,En agglomération,Intersection en X,Pluie légère,Deux véhicules - côté,,,,,,,,,,,1,2,2,2.0,3
201200058051,0012-04-25 13:17:00,12,4,25,13,17,750,117,"16, PLACE GENERAL CATROU",,,Plein jour,En agglomération,Place,Pluie légère,Deux véhicules - arrière,,,,,,,,,,,1,2,7,2.0,2
201200058052,0012-04-26 19:15:00,12,4,26,19,15,750,117,"54, BOULEVARD DES BATIGN",,,Plein jour,En agglomération,Hors intersection,Normale,Autre collision,,,,,,,,,,,1,2,1,1.0,6
201200058053,0012-04-26 19:45:00,12,4,26,19,45,750,117,BOULEVARD PERIPHERIQUE,,,Plein jour,En agglomération,Hors intersection,Normale,Autre collision,,,,,,,,,,,1,2,1,1.0,6
201200058054,0012-04-27 01:55:00,12,4,27,1,55,750,117,AVENUE DE VILLIERS,,,Nuit avec éclairage allumé,En agglomération,Intersection en X,Normale,Autre collision,,,,,,,,,,,5,2,2,1.0,6
201200058055,0012-04-27 11:10:00,12,4,27,11,10,750,117,"12, PLACE GENERAL CATROU",,,Plein jour,En agglomération,Place,Pluie légère,Deux véhicules - côté,,,,,,,,,,,1,2,7,2.0,3
201200058056,0012-04-27 20:50:00,12,4,27,20,50,750,117,"22, AVENUE DE LA PORTE D",,,Crépuscule ou aube,En agglomération,Intersection en X,Normale,Deux véhicules - côté,,,,,,,,,,,2,2,2,1.0,3
201200058057,0012-04-28 01:20:00,12,4,28,1,20,750,117,BOULEVARD DE DOUAUMONT,,,Nuit avec éclairage allumé,En agglomération,Hors intersection,Pluie légère,Sans collision,,,,,,,,,,,5,2,1,2.0,7
201200058058,0012-04-29 09:00:00,12,4,29,9,0,750,117,"52, BOULEVARD DE DOUAUMO",,,Plein jour,En agglomération,Hors intersection,Pluie forte,Autre collision,,,,,,,,,,,1,2,1,3.0,6
201200058059,0012-04-30 09:00:00,12,4,30,9,0,750,117,AVENUE DE LA PORTE D ASN,,,Plein jour,En agglomération,Intersection à plus de 4 branches,Normale,Autre collision,,,,,,,,,,,1,2,5,1.0,6
201200058060,0012-04-30 10:30:00,12,4,30,10,30,750,117,"14, RUE DU CAPORAL PEUGE",,,Plein jour,En agglomération,Hors intersection,Normale,Autre collision,,,,,,,,,,,1,2,1,1.0,6
201200058061,0012-04-30 18:10:00,12,4,30,18,10,750,117,PLACE DE LA PORTE MAILLO,,,Plein jour,En agglomération,Hors intersection,Normale,Deux véhicules - côté,,,,,,,,,,,1,2,1,1.0,3
201200058062,0012-05-01 12:51:00,12,5,1,12,51,750,117,"face 202, BOULEVARD MALE",,,Plein jour,En agglomération,Intersection en Y,Normale,Deux véhicules - côté,,,,,,,,,,,1,2,4,1.0,3
201200058063,0012-05-03 10:30:00,12,5,3,10,30,750,117,"138, BOULEVARD PEREIRE",,,Plein jour,En agglomération,Intersection à plus de 4 branches,Normale,Autre collision,,,,,,,,,,,1,2,5,1.0,6
201200058064,0012-05-03 19:10:00,12,5,3,19,10,750,117,"43, AVENUE DE SAINT OUEN",,,Plein jour,En agglomération,Intersection en X,Normale,Autre collision,,,,,,,,,,,1,2,2,1.0,6
201200058065,0012-05-04 09:20:00,12,5,4,9,20,750,117,"38, AVENUE NIEL",,,Plein jour,En agglomération,Intersection à plus de 4 branches,Normale,Deux véhicules - côté,,,,,,,,,,,1,2,5,1.0,3
201200058066,0012-05-05 21:30:00,12,5,5,21,30,750,117,"153, AVENUE DE SAINT OUE",,,Nuit avec éclairage allumé,En agglomération,Intersection à plus de 4 branches,Pluie légère,Autre collision,,,,,,,,,,,5,2,5,2.0,6
201200058067,0012-05-06 16:25:00,12,5,6,16,25,750,117,RUE DE ROME,,,Plein jour,En agglomération,Intersection en X,Normale,Autre collision,,,,,,,,,,,1,2,2,1.0,6