accident_id,datetime,annee,mois,jour,heure,minute,departement,commune_insee,adresse,latitude,longitude,luminosite,agglomeration,intersection,meteo,collision,nb_vehicules,nb_usagers,nb_indemnes,nb_tues,nb_blesses_hosp,nb_blesses_legers,age_cond_1,age_cond_2,veh_type_cond_1,veh_type_cond_2,lum_code,agg_code,int_code,atm_code,col_code
201200058068,0012-05-07 08:57:00,12,5,7,8,57,750,117,"2, RUE TOULOUSE LAUTREC",,,Plein jour,En agglomération,Hors intersection,Normale,Sans collision,,,,,,,,,,,1,2,1,1.0,7
201200058069,0012-05-07 11:00:00,12,5,7,11,0,750,117,"16, AVENUE DE LA GRANDE",,,Plein jour,En agglomération,Intersection à plus de 4 branches,Normale,Deux véhicules - côté,,,,,,,,,,,1,2,5,1.0,3
201200058070,0012-05-08 16:50:00,12,5,8,16,50,750,117,"/, RUE DE ROME",,,Plein jour,En agglomération,Intersection en X,Normale,Deux véhicules - côté,,,,,,,,,,,1,2,2,1.0,3
201200058071,0012-05-09 22:00:00,12,5,9,22,0,750,117,"07, AVENUE DE CLICHY",,,Nuit avec éclairage allumé,En agglomération,Hors intersection,Normale,Deux véhicules - côté,,,,,,,,,,,5,2,1,1.0,3
201200058072,0012-05-10 09:40:00,12,5,10,9,40,750,117,"34, AVENUE DE LA PORTE D",,,Plein jour,En agglomération,Hors intersection,Normale,Deux véhicules - côté,,,,,,,,,,,1,2,1,1.0,3
201200058073,0012-05-12 03:55:00,12,5,12,3,55,750,117,PORTE DE CLICHY,,,Nuit avec éclairage allumé,En agglomération,Intersection en Y,Normale,Trois véhicules et plus - en chaîne,,,,,,,,,,,5,2,4,1.0,4
201200058074,0012-05-13 12:38:00,12,5,13,12,38,750,117,"185, RUE DE COURCELLES",,,Plein jour,En agglomération,Intersection en T,Normale,Deux véhicules - côté,,,,,,,,,,,1,2,3,1.0,3
201200058075,0012-05-14 12:50:00,12,5,14,12,50,750,117,"159, RUE DE COURCELLES",,,Plein jour,En agglomération,Hors intersection,Normale,Autre collision,,,,,,,,,,,1,2,1,1.0,6
201200058076,0012-05-15 04:00:00,12,5,15,4,0,750,117,"51, BOULEVARD PEREIRE",,,Nuit avec éclairage allumé,En agglomération,Hors intersection,Normale,Autre collision,,,,,,,,,,,5,2,1,1.0,6
201200058077,0012-05-15 18:15:00,12,5,15,18,15,750,117,"07, AVENUE DE SAINT OUEN",,,Plein jour,En agglomération,Hors intersection,Normale,Autre collision,,,,,,,,,,,1,2,1,1.0,6
201200058078,0012-05-15 19:35:00,12,5,15,19,35,750,117,"46-48, RUE GUY MOQUET",,,Crépuscule ou aube,En agglomération,Intersection en X,Normale,Sans collision,,,,,,,,,,,2,2,2,1.0,7
201200058079,0012-05-15 22:20:00,12,5,15,22,20,750,117,"36, BOULEVARD DE REIMS",,,Nuit avec éclairage allumé,En agglomération,Hors intersection,Normale,Deux véhicules - côté,,,,,,,,,,,5,2,1,1.0,3
201200058080,0012-05-16 15:20:00,12,5,16,15,20,750,117,"02, PLACE DE LA PORTE MA",,,Plein jour,En agglomération,Place,Normale,Deux véhicules - côté,,,,,,,,,,,1,2,7,1.0,3
201200058081,0012-05-16 21:05:00,12,5,16,21,5,750,117,"102, AVENUE DE CLICHY",,,Crépuscule ou aube,En agglomération,Intersection en T,Normale,Sans collision,,,,,,,,,,,2,2,3,1.0,7
201200058082,0012-05-20 10:35:00,12,5,20,10,35,750,117,"7, PLACE GENERAL CATROUX",,,Plein jour,En agglomération,Place,Pluie légère,Deux véhicules - côté,,,,,,,,,,,1,2,7,2.0,3
201200058083,0012-05-22 15:15:00,12,5,22,15,15,750,117,"8, BOULEVARD BERTHIER",,,Plein jour,En agglomération,Hors intersection,Normale,Sans collision,,,,,,,,,,,1,2,1,1.0,7
201200058084,0012-05-23 09:35:00,12,5,23,9,35,750,117,"112, AVENUE DE CLICHY",,,Plein jour,En agglomération,Intersection en X,Normale,Autre collision,,,,,,,,,,,1,2,2,1.0,6
201200058085,0012-05-23 15:30:00,12,5,23,15,30,750,117,"32, BOULEVARD PEREIRE",,,Plein jour,En agglomération,Intersection à plus de 4 branches,Normale,Autre collision,,,,,,,,,,,1,2,5,1.0,6
201200058086,0012-05-23 19:12:00,12,5,23,19,12,750,117,AVENUE BRUNETIERE,,,Plein jour,En agglomération,Intersection en Y,Normale,Autre collision,,,,,,,,,,,1,2,4,1.0,6
201200058087,0012-05-25 14:15:00,12,5,25,14,15,750,117,"31, AVENUE DE LA PORTE D",,,Plein jour,En agglomération,Intersection en X,Normale,Deux véhicules - côté,,,,,,,,,,,1,2,2,1.0,3
201200058088,0012-05-28 18:30:00,12,5,28,18,30,750,117,"158, RUE DE COURCELLES",,,Plein jour,En agglomération,Intersection en T,Normale,Deux véhicules - côté,,,,,,,,,,,1,2,3,1.0,3
201200058089,0012-05-28 13:30:00,12,5,28,13,30,750,117,"84, RUE NOLLET",,,Plein jour,En agglomération,Intersection en X,Normale,Deux véhicules - côté,,,,,,,,,,,1,2,2,1.0,3
201200058090,0012-05-29 17:20:00,12,5,29,17,20,750,117,"6, RUE PHILIBERT DELORME",,,Plein jour,En agglomération,Intersection en Y,Normale,Autre collision,,,,,,,,,,,1,2,4,1.0,6
201200058091,0012-05-30 17:10:00,12,5,30,17,10,750,117,"107 bis, AVENUE DE SAINT",,,Plein jour,En agglomération,Hors intersection,Normale,Autre collision,,,,,,,,,,,1,2,1,1.0,6
201200058092,0012-05-30 20:10:00,12,5,30,20,10,750,117,"142, BOULEVARD PEREIRE",,,Plein jour,En agglomération,Hors intersection,Pluie légère,Deux véhicules - côté,,,,,,,,,,,1,2,1,2.0,3
201200058093,0012-05-31 11:25:00,12,5,31,11,25,750,117,"15, RUE DE LA TERRASSE",,,Plein jour,En agglomération,Intersection en X,Normale,Autre collision,,,,,,,,,,,1,2,2,1.0,6
201200058094,0012-05-31 14:30:00,12,5,31,14,30,750,117,"06, PLACE GENERAL CATROU",,,Plein jour,En agglomération,Place,Normale,Deux véhicules - côté,,,,,,,,,,,1,2,7,1.0,3
201200058095,0012-06-01 10:00:00,12,6,1,10,0,750,117,"16, PLACE GENERAL CATROU",,,Plein jour,En agglomération,Intersection en X,Normale,Deux véhicules - côté,,,,,,,,,,,1,2,2,1.0,3
201200058096,0012-06-01 10:00:00,12,6,1,10,0,750,117,"0, AVENUE DE CLICHY",,,Plein jour,En agglomération,Intersection en T,Normale,Deux véhicules - côté,,,,,,,,,,,1,2,3,1.0,3
201200058097,0012-06-01 15:10:00,12,6,1,15,10,750,117,"4, PLACE DE WAGRAM",,,Plein jour,En agglomération,Hors intersection,Normale,Autre collision,,,,,,,,,,,1,2,1,1.0,6
201200058098,0012-06-01 19:15:00,12,6,1,19,15,750,117,"53, RUE DES DAMES",,,Plein jour,En agglomération,Hors intersection,Normale,Autre collision,,,,,,,,,,,1,2,1,1.0,6
201200058099,0012-06-02 01:35:00,12,6,2,1,35,750,117,"11, BOULEVARD PERSHING",,,Nuit avec éclairage allumé,En agglomération,Hors intersection,Normale,Deux véhicules - arrière,,,,,,,,,,,5,2,1,1.0,2
201200058100,0012-06-01 13:30:00,12,6,1,13,30,750,117,"78, AVENUE DE LA GRANDE",,,Plein jour,En agglomération,Hors intersection,Normale,Sans collision,,,,,,,,,,,1,2,1,1.0,7
201200058101,0012-06-02 13:50:00,12,6,2,13,50,750,117,"136, BOULEVARD MALESHERB",,,Plein jour,En agglomération,Place,Normale,Deux véhicules - frontale,,,,,,,,,,,1,2,7,1.0,1
201200058102,0012-06-03 20:00:00,12,6,3,20,0,750,117,AVENUE DE LA PORTE DE CL,,,Plein jour,En agglomération,Intersection en Y,Normale,Sans collision,,,,,,,,,,,1,2,4,1.0,7
201200058103,0012-06-05 01:15:00,12,6,5,1,15,750,117,"5, PLACE GENERAL CATROUX",,,Nuit avec éclairage allumé,En agglomération,Place,Normale,Deux véhicules - côté,,,,,,,,,,,5,2,7,1.0,3
201200058104,0012-06-06 16:40:00,12,6,6,16,40,750,117,"87, AVENUE DE CLICHY",,,Plein jour,En agglomération,Intersection en T,Normale,Autre collision,,,,,,,,,,,1,2,3,1.0,6
201200058105,0012-06-06 19:35:00,12,6,6,19,35,750,117,"104, BOULEVARD DE COURCE",,,Plein jour,En agglomération,Intersection en T,Pluie légère,Trois véhicules et plus - collisions multiples,,,,,,,,,,,1,2,3,2.0,5
201200058106,0012-06-07 16:10:00,12,6,7,16,10,750,117,"36, BOULEVARD BESSIERES",,,Plein jour,En agglomération,Hors intersection,Normale,Sans collision,,,,,,,,,,,1,2,1,1.0,7
201200058107,0012-06-07 19:10:00,12,6,7,19,10,750,117,"119, RUE LEGENDRE",,,Plein jour,En agglomération,Intersection en X,Normale,Autre collision,,,,,,,,,,,1,2,2,1.0,6
201200058108,0012-06-08 17:30:00,12,6,8,17,30,750,117,"117, AVENUE DE VILLIERS",,,Plein jour,En agglomération,Hors intersection,Normale,Autre collision,,,,,,,,,,,1,2,1,1.0,6
201200058109,0012-06-08 21:55:00,12,6,8,21,55,750,117,AVENUE STEPHANE MALLARME,,,Nuit avec éclairage allumé,En agglomération,Place,Normale,Deux véhicules - côté,,,,,,,,,,,5,2,7,1.0,3
201200058110,0012-06-09 17:09:00,12,6,9,17,9,750,117,"28, RUE GUY MOQUET",,,Plein jour,En agglomération,Intersection à plus de 4 branches,Pluie légère,Sans collision,,,,,,,,,,,1,2,5,2.0,7
201200058111,0012-06-10 11:50:00,12,6,10,11,50,750,108,"0, RUE PIERRE CHARRON",,,Plein jour,En agglomération,Intersection en X,Normale,Deux véhicules - côté,,,,,,,,,,,1,2,2,1.0,3
201200058112,0012-06-12 09:10:00,12,6,12,9,10,750,117,"71, BOULEVARD BERTHIER",,,Plein jour,En agglomération,Intersection en X,Normale,Sans collision,,,,,,,,,,,1,2,2,1.0,7
201200058113,0012-06-12 16:05:00,12,6,12,16,5,750,117,"90, AVENUE DE CLICHY",,,Plein jour,En agglomération,Intersection en T,Normale,Deux véhicules - côté,,,,,,,,,,,1,2,3,1.0,3
201200058114,0012-06-12 17:15:00,12,6,12,17,15,750,108,"2, AVENUE DE WAGRAM",,,Plein jour,En agglomération,Intersection en X,Normale,Autre collision,,,,,,,,,,,1,2,2,1.0,6
201200058115,0012-06-13 18:25:00,12,6,13,18,25,750,117,"153, RUE DE COURCELLES",,,Plein jour,En agglomération,Hors intersection,Pluie forte,Sans collision,,,,,,,,,,,1,2,1,3.0,7
201200058116,0012-06-13 19:20:00,12,6,13,19,20,750,117,"82, AVENUE DE LA GRANDE",,,Plein jour,En agglomération,Place,Pluie légère,Sans collision,,,,,,,,,,,1,2,7,2.0,7
201200058117,0012-06-15 08:05:00,12,6,15,8,5,750,117,"18, BOULEVARD DE DOUAUMO",,,Plein jour,En agglomération,Hors intersection,Pluie légère,Sans collision,,,,,,,,,,,1,2,1,2.0,7
201200058118,0012-06-16 14:50:00,12,6,16,14,50,750,117,"135, AVENUE DE VILLIERS",,,Plein jour,En agglomération,Hors intersection,Pluie légère,Sans collision,,,,,,,,,,,1,2,1,2.0,7
201200058119,0012-06-16 22:40:00,12,6,16,22,40,750,117,AVENUE DE LA PORTE D ASN,,,Nuit avec éclairage allumé,En agglomération,Intersection en X,Normale,Deux véhicules - côté,,,,,,,,,,,5,2,2,1.0,3
201200058120,0012-06-18 10:15:00,12,6,18,10,15,750,117,BOULEVARD DE COURCELLES,,,Plein jour,En agglomération,Intersection en X,Temps couvert,Deux véhicules - frontale,,,,,,,,,,,1,2,2,8.0,1
201200058121,0012-06-18 16:45:00,12,6,18,16,45,750,117,"06, AVENUE DE LA PORTE P",,,Plein jour,En agglomération,Hors intersection,Normale,Deux véhicules - arrière,,,,,,,,,,,1,2,1,1.0,2
201200058122,0012-06-19 00:40:00,12,6,19,0,40,750,117,"145, AVENUE DE VILLIERS",,,Nuit avec éclairage allumé,En agglomération,Intersection en Y,Normale,Autre collision,,,,,,,,,,,5,2,4,1.0,6
201200058123,0012-06-19 11:15:00,12,6,19,11,15,750,117,PLACE DE LA PORTE MAILLO,,,Plein jour,En agglomération,Place,Normale,Deux véhicules - arrière,,,,,,,,,,,1,2,7,1.0,2
201200058124,0012-06-20 13:55:00,12,6,20,13,55,750,117,"36, RUE DAVY",,,Plein jour,En agglomération,Hors intersection,Normale,Deux véhicules - arrière,,,,,,,,,,,1,2,1,1.0,2
201200058125,0012-06-21 15:45:00,12,6,21,15,45,750,117,"73, RUE GUY MOQUET",,,Plein jour,En agglomération,Intersection à plus de 4 branches,Pluie forte,Sans collision,,,,,,,,,,,1,2,5,3.0,7
201200058126,0012-06-21 17:15:00,12,6,21,17,15,750,117,"58, AVENUE DE LA GRANDE",,,Plein jour,En agglomération,Hors intersection,Temps couvert,Sans collision,,,,,,,,,,,1,2,1,8.0,7
201200058127,0012-06-21 18:25:00,12,6,21,18,25,750,117,"1, PLACE PAUL LEAUTAUD",,,Plein jour,En agglomération,Place,Normale,Deux véhicules - côté,,,,,,,,,,,1,2,7,1.0,3
201200058128,0012-06-20 13:25:00,12,6,20,13,25,750,117,"24, RUE BAYEN",,,Plein jour,En agglomération,Hors intersection,Normale,Autre collision,,,,,,,,,,,1,2,1,1.0,6
201200058129,0012-06-26 08:30:00,12,6,26,8,30,750,108,"68 bis, BOULEVARD DE COU",,,Plein jour,En agglomération,Hors intersection,Pluie légère,Deux véhicules - frontale,,,,,,,,,,,1,2,1,2.0,1
201200058130,0012-06-26 08:15:00,12,6,26,8,15,750,117,"11, AVENUE DE CLICHY",,,Plein jour,En agglomération,Hors intersection,Pluie légère,Sans collision,,,,,,,,,,,1,2,1,2.0,7
201200058131,0012-06-26 10:00:00,12,6,26,10,0,750,117,"2, PLACE DE LA PORTE MAI",,,Plein jour,En agglomération,Hors intersection,Pluie légère,Sans collision,,,,,,,,,,,1,2,1,2.0,7
201200058132,0012-06-26 09:20:00,12,6,26,9,20,750,117,"48, RUE DE PRONY",,,Plein jour,En agglomération,Intersection en X,Pluie légère,Deux véhicules - côté,,,,,,,,,,,1,2,2,2.0,3
201200058133,0012-06-27 11:50:00,12,6,27,11,50,750,117,"17, PLACE GENERAL CATROU",,,Plein jour,En agglomération,Place,Normale,Autre collision,,,,,,,,,,,1,2,7,1.0,6
201200058134,0012-06-28 02:30:00,12,6,28,2,30,750,117,BOULEVARD PERSHING,,,Nuit avec éclairage allumé,En agglomération,Place,Normale,Deux véhicules - arrière,,,,,,,,,,,5,2,7,1.0,2
201200058135,0012-06-28 18:50:00,12,6,28,18,50,750,117,"30, BOULEVARD GOUVION SA",,,Plein jour,En agglomération,Intersection en X,Normale,Deux véhicules - frontale,,,,,,,,,,,1,2,2,1.0,1
201200058136,0012-06-28 19:45:00,12,6,28,19,45,750,117,"5, AVENUE DE VILLIERS",,,Plein jour,En agglomération,Intersection en Y,Normale,Deux véhicules - côté,,,,,,,,,,,1,2,4,1.0,3
201200058137,0012-06-29 09:40:00,12,6,29,9,40,750,117,"8, RUE DU CAPORAL PEUGEO",,,Plein jour,En agglomération,Intersection en X,Temps couvert,Sans collision,,,,,,,,,,,1,2,2,8.0,7
201200058138,0012-06-29 11:20:00,12,6,29,11,20,750,117,"25, BOULEVARD DE LA SOMM",,,Plein jour,En agglomération,Hors intersection,Normale,Autre collision,,,,,,,,,,,1,2,1,1.0,6
201200058139,0012-06-30 10:40:00,12,6,30,10,40,750,117,"76, AVENUE DE CLICHY",,,Plein jour,En agglomération,Intersection en T,Normale,Deux véhicules - côté,,,,,,,,,,,1,2,3,1.0,3
201200058140,0012-06-30 18:30:00,12,6,30,18,30,750,117,BOULEVARD PERIPHERIQUE I,,,Plein jour,En agglomération,Hors intersection,Normale,Deux véhicules - arrière,,,,,,,,,,,1,2,1,1.0,2
201200058141,0012-07-01 00:30:00,12,7,1,0,30,750,108,"2, PLACE DES TERNES",,,Nuit avec éclairage allumé,En agglomération,Place,Normale,Autre collision,,,,,,,,,,,5,2,7,1.0,6
201200058142,0012-07-01 08:15:00,12,7,1,8,15,750,116,RUE DE LA POMPE,,,Plein jour,En agglomération,Intersection en X,Normale,Autre collision,,,,,,,,,,,1,2,2,1.0,6
201200058143,0012-07-02 19:10:00,12,7,2,19,10,750,117,"65, BOULEVARD BESSIERES",,,Plein jour,En agglomération,Hors intersection,Normale,Autre collision,,,,,,,,,,,1,2,1,1.0,6
201200058144,0012-07-03 00:55:00,12,7,3,0,55,750,117,"151, AVENUE DE CLICHY",,,Nuit avec éclairage allumé,En agglomération,Intersection en X,Normale,Autre collision,,,,,,,,,,,5,2,2,1.0,6
201200058145,0012-07-03 17:35:00,12,7,3,17,35,750,117,RUE DE COURCELLES,,,Plein jour,En agglomération,Intersection à plus de 4 branches,Normale,Deux véhicules - côté,,,,,,,,,,,1,2,5,1.0,3
201200058146,0012-07-03 18:55:00,12,7,3,18,55,750,117,"1, PORTE DE CHAMPERRET",,,Plein jour,En agglomération,Intersection à plus de 4 branches,Normale,Autre collision,,,,,,,,,,,1,2,5,1.0,6
201200058147,0012-07-03 19:35:00,12,7,3,19,35,750,117,"232, RUE DE COURCELLES",,,Plein jour,En agglomération,Hors intersection,Normale,Deux véhicules - côté,,,,,,,,,,,1,2,1,1.0,3
201200058148,0012-07-04 17:20:00,12,7,4,17,20,750,117,RUE TRUFFAUT,,,Plein jour,En agglomération,Intersection en X,Normale,Deux véhicules - côté,,,,,,,,,,,1,2,2,1.0,3
201200058149,0012-07-04 18:40:00,12,7,4,18,40,750,108,BOULEVARD DE COURCELLES,,,Plein jour,En agglomération,Intersection à plus de 4 branches,Normale,Deux véhicules - côté,,,,,,,,,,,1,2,5,1.0,3
201200058150,0012-07-04 21:45:00,12,7,4,21,45,750,117,"31, RUE TRUFFAUT",,,Nuit avec éclairage allumé,En agglomération,Intersection en X,Normale,Deux véhicules - côté,,,,,,,,,,,5,2,2,1.0,3
201200058151,0012-07-05 11:00:00,12,7,5,11,0,750,117,"120, AVENUE DE CLICHY",,,Plein jour,En agglomération,Intersection en T,Normale,Autre collision,,,,,,,,,,,1,2,3,1.0,6
201200058152,0012-07-05 09:40:00,12,7,5,9,40,750,117,"96, AVENUE DE CLICHY",,,Plein jour,En agglomération,Intersection en X,Temps couvert,Autre collision,,,,,,,,,,,1,2,2,8.0,6
201200058153,0012-07-05 19:05:00,12,7,5,19,5,750,117,"129, RUE DE ROME",,,Plein jour,En agglomération,Hors intersection,Pluie légère,Sans collision,,,,,,,,,,,1,2,1,2.0,7
201200058154,0012-07-05 18:40:00,12,7,5,18,40,750,117,"87, AVENUE DE SAINT OUEN",,,Plein jour,En agglomération,Intersection en T,Pluie légère,Autre collision,,,,,,,,,,,1,2,3,2.0,6
201200058155,0012-07-06 08:05:00,12,7,6,8,5,750,117,"190, AVENUE DE CLICHY",,,Plein jour,En agglomération,Hors intersection,Normale,Autre collision,,,,,,,,,,,1,2,1,1.0,6
201200058156,0012-07-07 01:00:00,12,7,7,1,0,750,117,"117, RUE DE ROME",,,Nuit avec éclairage allumé,En agglomération,Hors intersection,Normale,Autre collision,,,,,,,,,,,5,2,1,1.0,6
201200058157,0012-07-07 10:05:00,12,7,7,10,5,750,117,"11, RUE GUY MOQUET",,,Plein jour,En agglomération,Intersection en X,Normale,Autre collision,,,,,,,,,,,1,2,2,1.0,6
201200058158,0012-07-08 21:00:00,12,7,8,21,0,750,117,"89, AVENUE NIEL",,,Nuit sans éclairage public,En agglomération,Intersection en Y,Normale,Deux véhicules - côté,,,,,,,,,,,3,2,4,1.0,3
201200058159,0012-07-09 08:45:00,12,7,9,8,45,750,117,"12, AVENUE DE SALONIQUE",,,Plein jour,En agglomération,Intersection en T,Normale,Sans collision,,,,,,,,,,,1,2,3,1.0,7
201200058160,0012-07-09 22:05:00,12,7,9,22,5,750,117,"7, RUE BROCHANT",,,Nuit avec éclairage allumé,En agglomération,Intersection en X,Normale,Deux véhicules - côté,,,,,,,,,,,5,2,2,1.0,3
201200058161,0012-07-10 09:00:00,12,7,10,9,0,750,117,AVENUE DE LA PORTE D ASN,,,Plein jour,En agglomération,Intersection à plus de 4 branches,Normale,Sans collision,,,,,,,,,,,1,2,5,1.0,7
201200058162,0012-07-11 08:40:00,12,7,11,8,40,750,117,"46, BOULEVARD BESSIERES",,,Plein jour,En agglomération,Hors intersection,Pluie légère,Autre collision,,,,,,,,,,,1,2,1,2.0,6
201200058163,0012-07-11 15:00:00,12,7,11,15,0,750,117,"30, BOULEVARD DES BATIGN",,,Plein jour,En agglomération,Intersection à plus de 4 branches,Pluie légère,Deux véhicules - côté,,,,,,,,,,,1,2,5,2.0,3
201200058164,0012-07-13 00:55:00,12,7,13,0,55,750,117,AVENUE DE LA PORTE D ASN,,,Nuit avec éclairage allumé,En agglomération,Intersection à plus de 4 branches,Pluie forte,Autre collision,,,,,,,,,,,5,2,5,3.0,6
201200058165,0012-07-19 18:35:00,12,7,19,18,35,750,117,"3, PLACE GENERAL CATROUX",,,Plein jour,En agglomération,Place,Normale,Deux véhicules - côté,,,,,,,,,,,1,2,7,1.0,3
201200058166,0012-07-20 16:45:00,12,7,20,16,45,750,117,AVENUE DE LA PORTE DE CL,,,Plein jour,En agglomération,Intersection à plus de 4 branches,Normale,Deux véhicules - côté,,,,,,,,,,,1,2,5,1.0,3
201200058167,0012-07-23 14:50:00,12,7,23,14,50,750,108,"65, RUE LA BOETIE",,,Plein jour,En agglomération,Intersection en T,Normale,Sans collision,,,,,,,,,,,1,2,3,1.0,7
201200058168,0012-07-23 16:55:00,12,7,23,16,55,750,117,"79, RUE DE COURCELLES",,,Plein jour,En agglomération,Intersection à plus de 4 branches,Normale,Autre collision,,,,,,,,,,,1,2,5,1.0,6
201200058169,0012-07-24 02:40:00,12,7,24,2,40,750,117,BOULEVARD PERSHING,,,Nuit avec éclairage allumé,En agglomération,Intersection en Y,Normale,Deux véhicules - côté,,,,,,,,,,,5,2,4,1.0,3
201200058170,0012-07-24 18:10:00,12,7,24,18,10,750,117,"2, PLACE DE LA PORTE MAI",,,Plein jour,En agglomération,Place,Normale,Autre collision,,,,,,,,,,,1,2,7,1.0,6
201200058171,0012-07-25 08:00:00,12,7,25,8,0,750,117,"17, AVENUE DE SAINT OUEN",,,Plein jour,En agglomération,Intersection en Y,Normale,Deux véhicules - côté,,,,,,,,,,,1,2,4,1.0,3
201200058172,0012-07-25 11:05:00,12,7,25,11,5,750,117,BOULEVARD PEREIRE,,,Plein jour,En agglomération,Intersection à plus de 4 branches,Normale,Deux véhicules - côté,,,,,,,,,,,1,2,5,1.0,3
201200058173,0012-07-25 19:35:00,12,7,25,19,35,750,117,"1, RUE ANDRE BRECHET",,,Plein jour,En agglomération,Intersection en T,Normale,Autre collision,,,,,,,,,,,1,2,3,1.0,6
201200058174,0012-07-26 10:45:00,12,7,26,10,45,750,117,"4, RUE JULES BOURDAIS",,,Plein jour,En agglomération,Hors intersection,Normale,Autre collision,,,,,,,,,,,1,2,1,1.0,6
201200058175,0012-07-27 18:10:00,12,7,27,18,10,750,117,"195, BOULEVARD MALESHERB",,,Plein jour,En agglomération,Hors intersection,Normale,Deux véhicules - côté,,,,,,,,,,,1,2,1,1.0,3
201200058176,0012-07-30 19:00:00,12,7,30,19,0,750,117,"28, BOULEVARD DE REIMS",,,Plein jour,En agglomération,Hors intersection,Normale,Trois véhicules et plus - en chaîne,,,,,,,,,,,1,2,1,1.0,4
201200058177,0012-08-01 12:10:00,12,8,1,12,10,750,117,RUE DU CAPORAL PEUGEOT,,,Plein jour,En agglomération,Place,Normale,Deux véhicules - côté,,,,,,,,,,,1,2,7,1.0,3
201200058178,0012-08-02 18:55:00,12,8,2,18,55,750,117,"97, RUE DE TOCQUEVILLE",,,Plein jour,En agglomération,Intersection en T,Normale,Deux véhicules - côté,,,,,,,,,,,1,2,3,1.0,3
201200058179,0012-08-03 12:00:00,12,8,3,12,0,750,117,"58, RUE DES BATIGNOLLES",,,Plein jour,En agglomération,Hors intersection,Normale,Deux véhicules - arrière,,,,,,,,,,,1,2,1,1.0,2
201200058180,0012-08-04 21:10:00,12,8,4,21,10,750,116,"101, BOULEVARD MURAT",,,Nuit avec éclairage allumé,En agglomération,Place,Normale,Sans collision,,,,,,,,,,,5,2,7,1.0,7
201200058181,0012-08-08 22:30:00,12,8,8,22,30,750,117,AVENUE DE LA PORTE DE SA,,,Nuit avec éclairage allumé,En agglomération,Intersection en T,Normale,Deux véhicules - côté,,,,,,,,,,,5,2,3,1.0,3
201200058182,0012-08-12 07:41:00,12,8,12,7,41,750,117,"120, BOULEVARD MALESHERB",,,Plein jour,En agglomération,Intersection en X,Normale,Autre collision,,,,,,,,,,,1,2,2,1.0,6
201200058183,0012-08-13 09:30:00,12,8,13,9,30,750,117,"62, BOULEVARD DES BATIGN",,,Plein jour,En agglomération,Intersection en T,Normale,Autre collision,,,,,,,,,,,1,2,3,1.0,6
201200058184,0012-08-13 22:55:00,12,8,13,22,55,750,117,"181 bis, AVENUE DE CLICH",,,Nuit avec éclairage allumé,En agglomération,Hors intersection,Normale,Deux véhicules - côté,,,,,,,,,,,5,2,1,1.0,3
201200058185,0012-08-16 12:55:00,12,8,16,12,55,750,117,BOULEVARD DE L YSER,,,Plein jour,En agglomération,Hors intersection,Normale,Deux véhicules - côté,,,,,,,,,,,1,2,1,1.0,3
201200058186,0012-08-21 20:30:00,12,8,21,20,30,750,117,"22, AVENUE DE LA GRANDE",,,Crépuscule ou aube,En agglomération,Intersection en T,Normale,Deux véhicules - côté,,,,,,,,,,,2,2,3,1.0,3
201200058187,0012-08-23 19:55:00,12,8,23,19,55,750,117,"99, AVENUE DE CLICHY",,,Nuit avec éclairage allumé,En agglomération,Intersection en X,Normale,Autre collision,,,,,,,,,,,5,2,2,1.0,6
201200058188,0012-08-25 21:15:00,12,8,25,21,15,750,117,"7, AVENUE DE SAINT OUEN",,,Nuit avec éclairage allumé,En agglomération,Intersection en T,Normale,Autre collision,,,,,,,,,,,5,2,3,1.0,6
201200058189,0012-08-27 18:20:00,12,8,27,18,20,750,117,"7, PORTE DE CLICHY",,,Plein jour,En agglomération,Intersection à plus de 4 branches,Normale,Deux véhicules - arrière,,,,,,,,,,,1,2,5,1.0,2
201200058190,0012-08-28 22:05:00,12,8,28,22,5,750,117,"66, AVENUE DES TERNES",,,Nuit avec éclairage allumé,En agglomération,Hors intersection,Normale,Deux véhicules - arrière,,,,,,,,,,,5,2,1,1.0,2
201200058191,0012-08-29 12:00:00,12,8,29,12,0,750,117,"2, RUE DEODAT DE SEVERAC",,,Plein jour,En agglomération,Intersection en T,Normale,Autre collision,,,,,,,,,,,1,2,3,1.0,6
201200058192,0012-08-30 13:15:00,12,8,30,13,15,750,117,"114 bis, BOULEVARD MALES",,,Plein jour,En agglomération,Intersection en X,Normale,Deux véhicules - arrière,,,,,,,,,,,1,2,2,1.0,2
201200058193,0012-08-30 15:50:00,12,8,30,15,50,750,117,"153, AVENUE DE SAINT OUE",,,Plein jour,En agglomération,Hors intersection,Normale,Autre collision,,,,,,,,,,,1,2,1,1.0,6
201200058194,0012-08-31 17:50:00,12,8,31,17,50,750,117,PLACE PAUL LEAUTAUD,,,Plein jour,En agglomération,Place,Normale,Deux véhicules - arrière,,,,,,,,,,,1,2,7,1.0,2
201200058195,0012-09-01 19:18:00,12,9,1,19,18,750,117,"62, RUE JOUFFROY D ABBAN",,,Plein jour,En agglomération,Intersection en X,Normale,Deux véhicules - côté,,,,,,,,,,,1,2,2,1.0,3
201200058196,0012-09-02 16:00:00,12,9,2,16,0,750,117,"1, RUE CAMILLE BLAISOT",,,Plein jour,En agglomération,Hors intersection,Normale,Deux véhicules - côté,,,,,,,,,,,1,2,1,1.0,3
201200058197,0012-09-03 11:50:00,12,9,3,11,50,750,117,"06, PLACE DE LA REPUBLIQ",,,Plein jour,En agglomération,Place,Normale,Autre collision,,,,,,,,,,,1,2,7,1.0,6