accident_id,datetime,annee,mois,jour,heure,minute,departement,commune_insee,adresse,latitude,longitude,luminosite,agglomeration,intersection,meteo,collision,nb_vehicules,nb_usagers,nb_indemnes,nb_tues,nb_blesses_hosp,nb_blesses_legers,age_cond_1,age_cond_2,veh_type_cond_1,veh_type_cond_2,lum_code,agg_code,int_code,atm_code,col_code
201200058325,0012-12-14 14:20:00,12,12,14,14,20,750,117,"62, AVENUE DE WAGRAM",,,Plein jour,En agglomération,Intersection en X,Pluie légère,Deux véhicules - arrière,,,,,,,,,,,1,2,2,2.0,2
201200058326,0012-12-13 21:35:00,12,12,13,21,35,750,117,BOULEVARD PERSHING,,,Nuit avec éclairage allumé,En agglomération,Intersection à plus de 4 branches,Pluie légère,Autre collision,,,,,,,,,,,5,2,5,2.0,6
201200058327,0012-12-16 10:20:00,12,12,16,10,20,750,117,"32, RUE JOUFFROY D ABBAN",,,Plein jour,En agglomération,Intersection en X,Normale,Deux véhicules - côté,,,,,,,,,,,1,2,2,1.0,3
201200058328,0012-12-17 17:00:00,12,12,17,17,0,750,117,"20, RUE EUGENE FLACHAT",,,Nuit avec éclairage allumé,En agglomération,Hors intersection,Normale,Autre collision,,,,,,,,,,,5,2,1,1.0,6
201200058329,0012-12-19 14:30:00,12,12,19,14,30,750,117,"103, RUE DE ROME",,,Plein jour,En agglomération,Intersection en X,Normale,Deux véhicules - côté,,,,,,,,,,,1,2,2,1.0,3
201200058330,0012-12-20 08:20:00,12,12,20,8,20,750,117,"01, BOULEVARD PERIPHERIQ",,,Plein jour,En agglomération,Intersection en Y,Pluie légère,Sans collision,,,,,,,,,,,1,2,4,2.0,7
201200058331,0012-12-20 08:30:00,12,12,20,8,30,750,117,AVENUE DE LA PORTE D ASN,,,Plein jour,En agglomération,Intersection en X,Pluie forte,Sans collision,,,,,,,,,,,1,2,2,3.0,7
201200058332,0012-12-22 02:55:00,12,12,22,2,55,750,117,RUE DE PRONY,,,Nuit avec éclairage allumé,En agglomération,Intersection en X,Normale,Autre collision,,,,,,,,,,,5,2,2,1.0,6
201200058333,0012-12-23 22:45:00,12,12,23,22,45,750,117,"84, AVENUE NIEL",,,Nuit avec éclairage allumé,En agglomération,Intersection en Y,Normale,Deux véhicules - côté,,,,,,,,,,,5,2,4,1.0,3
201200058334,0012-12-28 20:30:00,12,12,28,20,30,750,117,"13, RUE ANDRE BRECHET",,,Nuit avec éclairage allumé,En agglomération,Hors intersection,Pluie légère,Autre collision,,,,,,,,,,,5,2,1,2.0,6
201200058335,0012-12-29 21:15:00,12,12,29,21,15,750,117,"131, BOULEVARD PEREIRE",,,Nuit avec éclairage allumé,En agglomération,Hors intersection,Pluie légère,Deux véhicules - arrière,,,,,,,,,,,5,2,1,2.0,2
201200058336,0012-12-30 19:00:00,12,12,30,19,0,750,117,"8, RUE DE TOCQUEVILLE",,,Nuit avec éclairage allumé,En agglomération,Intersection à plus de 4 branches,Normale,Autre collision,,,,,,,,,,,5,2,5,1.0,6
201200058337,0012-12-30 20:30:00,12,12,30,20,30,750,117,"13, AVENUE DE CLICHY",,,Nuit avec éclairage allumé,En agglomération,Hors intersection,Normale,Autre collision,,,,,,,,,,,5,2,1,1.0,6
201200058338,0012-12-31 17:00:00,12,12,31,17,0,750,117,AVENUE DE LA PORTE DE CL,,,Nuit avec éclairage allumé,En agglomération,Intersection à plus de 4 branches,Normale,Deux véhicules - côté,,,,,,,,,,,5,2,5,1.0,3
201200058339,0012-01-03 18:40:00,12,1,3,18,40,750,118,"50, RUE CUSTINE",,,Nuit avec éclairage allumé,En agglomération,Intersection à plus de 4 branches,Pluie forte,Deux véhicules - côté,,,,,,,,,,,5,2,5,3.0,3
201200058340,0012-01-04 10:00:00,12,1,4,10,0,750,118,"50, RUE ORDENER",,,Plein jour,En agglomération,Intersection à plus de 4 branches,Normale,Autre collision,,,,,,,,,,,1,2,5,1.0,6
201200058341,0012-01-05 17:10:00,12,1,5,17,10,750,118,"99, BOULEVARD NEY",,,Nuit avec éclairage allumé,En agglomération,Intersection en X,Autre,Deux véhicules - côté,,,,,,,,,,,5,2,2,9.0,3
201200058342,0012-01-06 13:20:00,12,1,6,13,20,750,118,"62, RUE DE LA CHAPELLE",,,Plein jour,En agglomération,Hors intersection,Normale,Deux véhicules - côté,,,,,,,,,,,1,2,1,1.0,3
201200058343,0012-01-07 09:00:00,12,1,7,9,0,750,118,"30, AVENUE DE LA PORTE D",,,Plein jour,En agglomération,Hors intersection,Pluie légère,Autre collision,,,,,,,,,,,1,2,1,2.0,6
201200058344,0012-01-07 21:22:00,12,1,7,21,22,750,118,"20, RUE LEON",,,Nuit avec éclairage allumé,En agglomération,Intersection en T,Normale,Autre collision,,,,,,,,,,,5,2,3,1.0,6
201200058345,0012-01-09 08:50:00,12,1,9,8,50,750,118,AVENUE DE LA PORTE DE CL,,,Plein jour,En agglomération,Intersection en Y,Pluie légère,Deux véhicules - côté,,,,,,,,,,,1,2,4,2.0,3
201200058346,0012-01-09 14:45:00,12,1,9,14,45,750,118,"102, RUE CAULAINCOURT",,,Plein jour,En agglomération,Intersection à plus de 4 branches,Normale,Deux véhicules - côté,,,,,,,,,,,1,2,5,1.0,3
201200058347,0012-01-10 11:30:00,12,1,10,11,30,750,118,"56, BOULEVARD BARBES",,,Plein jour,En agglomération,Hors intersection,Normale,Autre collision,,,,,,,,,,,1,2,1,1.0,6
201200058348,0012-01-14 11:10:00,12,1,14,11,10,750,118,"02, RUE DE STEINKERQUE",,,Plein jour,En agglomération,Intersection en X,Normale,Autre collision,,,,,,,,,,,1,2,2,1.0,6
201200058349,0012-01-16 11:10:00,12,1,16,11,10,750,118,"105, RUE LAMARCK",,,Plein jour,En agglomération,Intersection en X,Normale,Deux véhicules - côté,,,,,,,,,,,1,2,2,1.0,3
201200058350,0012-01-16 15:40:00,12,1,16,15,40,750,118,"74, AVENUE DE SAINT OUEN",,,Plein jour,En agglomération,Intersection en T,Normale,Autre collision,,,,,,,,,,,1,2,3,1.0,6
201200058351,0012-01-16 20:50:00,12,1,16,20,50,750,118,"13, RUE CUSTINE",,,Nuit avec éclairage allumé,En agglomération,Hors intersection,Normale,Autre collision,,,,,,,,,,,5,2,1,1.0,6
201200058352,0012-01-16 22:45:00,12,1,16,22,45,750,118,"124, RUE LAMARCK",,,Nuit avec éclairage allumé,En agglomération,Intersection en X,Normale,Deux véhicules - côté,,,,,,,,,,,5,2,2,1.0,3
201200058353,0012-01-17 08:30:00,12,1,17,8,30,750,118,"74, BOULEVARD DE LA CHAP",,,Plein jour,En agglomération,Hors intersection,Normale,Sans collision,,,,,,,,,,,1,2,1,1.0,7
201200058354,0012-01-18 11:15:00,12,1,18,11,15,750,118,"4, AVENUE DE LA PORTE DE",,,Plein jour,En agglomération,Hors intersection,Normale,Deux véhicules - arrière,,,,,,,,,,,1,2,1,1.0,2
201200058355,0012-01-18 13:00:00,12,1,18,13,0,750,118,"136, RUE ORDENER",,,Plein jour,En agglomération,Intersection en X,Normale,Autre collision,,,,,,,,,,,1,2,2,1.0,6
201200058356,0012-01-18 20:45:00,12,1,18,20,45,750,118,"75, BOULEVARD BARBES",,,Nuit avec éclairage allumé,En agglomération,Hors intersection,Pluie légère,Autre collision,,,,,,,,,,,5,2,1,2.0,6
201200058357,0012-01-19 00:40:00,12,1,19,0,40,750,118,"22, BOULEVARD NEY",,,Nuit avec éclairage allumé,En agglomération,Intersection en T,Pluie légère,Autre collision,,,,,,,,,,,5,2,3,2.0,6
201200058358,0012-01-19 02:30:00,12,1,19,2,30,750,118,RUE DE LA CHAPELLE,,,Nuit avec éclairage allumé,En agglomération,Intersection en T,Pluie légère,Autre collision,,,,,,,,,,,5,2,3,2.0,6
201200058359,0012-01-20 14:45:00,12,1,20,14,45,750,118,"121, RUE ORDENER",,,Plein jour,En agglomération,Intersection en X,Pluie légère,Autre collision,,,,,,,,,,,1,2,2,2.0,6
201200058360,0012-01-20 18:20:00,12,1,20,18,20,750,118,"96, RUE DU POTEAU",,,Nuit avec éclairage non allumé,En agglomération,Intersection en T,Pluie légère,Autre collision,,,,,,,,,,,4,2,3,2.0,6
201200058361,0012-01-22 22:15:00,12,1,22,22,15,750,118,RUE DE LA CHAPELLE,,,Nuit avec éclairage allumé,En agglomération,Intersection en X,Pluie légère,Sans collision,,,,,,,,,,,5,2,2,2.0,7
201200058362,0012-01-22 03:20:00,12,1,22,3,20,750,118,"26, BOULEVARD BARBES",,,Nuit avec éclairage allumé,En agglomération,Hors intersection,Normale,Autre collision,,,,,,,,,,,5,2,1,1.0,6
201200058363,0012-01-22 22:35:00,12,1,22,22,35,750,118,"1, RUE MARX DORMOY",,,Nuit avec éclairage allumé,En agglomération,Intersection en T,Normale,Deux véhicules - arrière,,,,,,,,,,,5,2,3,1.0,2
201200058364,0012-01-23 11:50:00,12,1,23,11,50,750,118,"82, AVENUE DE SAINT OUEN",,,Plein jour,En agglomération,Hors intersection,Normale,Deux véhicules - côté,,,,,,,,,,,1,2,1,1.0,3
201200058365,0012-01-25 20:15:00,12,1,25,20,15,750,118,"42, RUE MARX DORMOY",,,Nuit avec éclairage allumé,En agglomération,Intersection en T,Pluie légère,Deux véhicules - côté,,,,,,,,,,,5,2,3,2.0,3
201200058366,0012-01-26 11:00:00,12,1,26,11,0,750,118,"32, RUE DE L EVANGILE",,,Plein jour,En agglomération,Intersection en X,Pluie légère,Autre collision,,,,,,,,,,,1,2,2,2.0,6
201200058367,0012-01-26 18:05:00,12,1,26,18,5,750,118,"2, RUE FREDERIC SCHNEIDE",,,Nuit avec éclairage allumé,En agglomération,Intersection en T,Autre,Autre collision,,,,,,,,,,,5,2,3,9.0,6
201200058368,0012-01-26 18:30:00,12,1,26,18,30,750,118,"236, RUE CHAMPIONNET",,,Crépuscule ou aube,En agglomération,Hors intersection,Pluie légère,Deux véhicules - côté,,,,,,,,,,,2,2,1,2.0,3
201200058369,0012-01-27 17:40:00,12,1,27,17,40,750,118,"88, BOULEVARD BARBES",,,Nuit avec éclairage allumé,En agglomération,Intersection en X,Normale,Deux véhicules - frontale,,,,,,,,,,,5,2,2,1.0,1
201200058370,0012-01-28 21:25:00,12,1,28,21,25,750,118,"56, BOULEVARD DE ROCHECH",,,Nuit avec éclairage allumé,En agglomération,Intersection en T,Normale,Autre collision,,,,,,,,,,,5,2,3,1.0,6
201200058371,0012-01-31 07:50:00,12,1,31,7,50,750,118,"221, RUE CHAMPIONNET",,,Plein jour,En agglomération,Intersection à plus de 4 branches,Normale,Autre collision,,,,,,,,,,,1,2,5,1.0,6
201200058372,0012-02-03 15:05:00,12,2,3,15,5,750,118,"156, RUE ORDENER",,,Plein jour,En agglomération,Intersection à plus de 4 branches,Normale,Autre collision,,,,,,,,,,,1,2,5,1.0,6
201200058373,0012-02-03 16:15:00,12,2,3,16,15,750,118,"12, AVENUE DE CLICHY",,,Plein jour,En agglomération,Intersection en T,Normale,Autre collision,,,,,,,,,,,1,2,3,1.0,6
201200058374,0012-02-06 11:40:00,12,2,6,11,40,750,118,"36, BOULEVARD DE ROCHECH",,,Plein jour,En agglomération,Intersection en X,Normale,Deux véhicules - côté,,,,,,,,,,,1,2,2,1.0,3
201200058375,0012-02-10 09:00:00,12,2,10,9,0,750,118,"07, RUE CHAMPIONNET",,,Plein jour,En agglomération,Intersection en T,Normale,Autre collision,,,,,,,,,,,1,2,3,1.0,6
201200058376,0012-02-10 23:00:00,12,2,10,23,0,750,118,"52, RUE MARX DORMOY",,,Nuit avec éclairage allumé,En agglomération,Hors intersection,Normale,Deux véhicules - arrière,,,,,,,,,,,5,2,1,1.0,2
201200058377,0012-02-11 20:44:00,12,2,11,20,44,750,118,"33, BOULEVARD BARBES",,,Nuit avec éclairage allumé,En agglomération,Intersection à plus de 4 branches,Normale,Deux véhicules - côté,,,,,,,,,,,5,2,5,1.0,3
201200058378,0012-02-13 15:00:00,12,2,13,15,0,750,118,"15, RUE VERSIGNY",,,Plein jour,En agglomération,Intersection en X,Normale,Autre collision,,,,,,,,,,,1,2,2,1.0,6
201200058379,0012-02-15 17:30:00,12,2,15,17,30,750,118,"19, RUE POULET",,,Plein jour,En agglomération,Intersection à plus de 4 branches,Normale,Autre collision,,,,,,,,,,,1,2,5,1.0,6
201200058380,0012-02-15 19:10:00,12,2,15,19,10,750,118,RUE DOUDEAUVILLE,,,Nuit avec éclairage allumé,En agglomération,Intersection en X,Pluie légère,Autre collision,,,,,,,,,,,5,2,2,2.0,6
201200058381,0012-02-17 11:25:00,12,2,17,11,25,750,118,"71, RUE ORDENER",,,Plein jour,En agglomération,Intersection en X,Pluie légère,Autre collision,,,,,,,,,,,1,2,2,2.0,6
201200058382,0012-02-19 12:45:00,12,2,19,12,45,750,118,BOULEVARD NEY,,,Plein jour,En agglomération,Intersection à plus de 4 branches,Normale,Deux véhicules - côté,,,,,,,,,,,1,2,5,1.0,3
201200058383,0012-02-19 18:00:00,12,2,19,18,0,750,118,"92, AVENUE DE SAINT OUEN",,,Plein jour,En agglomération,Hors intersection,Normale,Autre collision,,,,,,,,,,,1,2,1,1.0,6
201200058384,0012-02-20 12:40:00,12,2,20,12,40,750,118,"5, PLACE HEBERT",,,Plein jour,En agglomération,Place,Normale,Deux véhicules - côté,,,,,,,,,,,1,2,7,1.0,3
201200058385,0012-02-21 09:55:00,12,2,21,9,55,750,118,"48, AVENUE DE SAINT OUEN",,,Plein jour,En agglomération,Intersection en Y,Normale,Deux véhicules - côté,,,,,,,,,,,1,2,4,1.0,3
201200058386,0012-02-22 16:05:00,12,2,22,16,5,750,118,"55, RUE ORDENER",,,Plein jour,En agglomération,Intersection en X,Normale,Autre collision,,,,,,,,,,,1,2,2,1.0,6
201200058387,0012-02-22 16:30:00,12,2,22,16,30,750,118,"134, BOULEVARD DE CLICHY",,,Plein jour,En agglomération,Hors intersection,Normale,Autre collision,,,,,,,,,,,1,2,1,1.0,6
201200058388,0012-02-28 11:20:00,12,2,28,11,20,750,118,"39, RUE JOSEPH DE MAISTR",,,Plein jour,En agglomération,Intersection à plus de 4 branches,Pluie légère,Autre collision,,,,,,,,,,,1,2,5,2.0,6
201200058389,0012-03-02 18:30:00,12,3,2,18,30,750,117,BOULEVARD PERIPHERIQUE E,,,Nuit avec éclairage allumé,En agglomération,Hors intersection,Normale,Trois véhicules et plus - en chaîne,,,,,,,,,,,5,2,1,1.0,4
201200058390,0012-03-03 05:35:00,12,3,3,5,35,750,118,AVENUE DE LA PORTE DE CL,,,Crépuscule ou aube,En agglomération,Hors intersection,Normale,Autre collision,,,,,,,,,,,2,2,1,1.0,6
201200058391,0012-03-03 13:40:00,12,3,3,13,40,750,118,"45, RUE CUSTINE",,,Plein jour,En agglomération,Intersection à plus de 4 branches,Normale,Autre collision,,,,,,,,,,,1,2,5,1.0,6
201200058392,0012-03-04 19:17:00,12,3,4,19,17,750,118,"35, RUE DE L EVANGILE",,,Nuit avec éclairage allumé,En agglomération,Intersection en T,Pluie légère,Autre collision,,,,,,,,,,,5,2,3,2.0,6
201200058393,0012-03-07 07:40:00,12,3,7,7,40,750,118,"120, AVENUE DE SAINT OUE",,,Plein jour,En agglomération,Intersection en X,Normale,Autre collision,,,,,,,,,,,1,2,2,1.0,6
201200058394,0012-03-07 17:20:00,12,3,7,17,20,750,118,"58, RUE CUSTINE",,,Crépuscule ou aube,En agglomération,Intersection en T,Pluie légère,Autre collision,,,,,,,,,,,2,2,3,2.0,6
201200058395,0012-03-07 18:50:00,12,3,7,18,50,750,118,"44, RUE ORDENER",,,Nuit avec éclairage allumé,En agglomération,Intersection en X,Pluie légère,Autre collision,,,,,,,,,,,5,2,2,2.0,6
201200058396,0012-03-08 15:15:00,12,3,8,15,15,750,118,"51, RUE DE LA CHAPELLE",,,Plein jour,En agglomération,Hors intersection,Normale,Deux véhicules - côté,,,,,,,,,,,1,2,1,1.0,3
201200058397,0012-03-09 18:00:00,12,3,9,18,0,750,118,"33, RUE POULET",,,Plein jour,En agglomération,Hors intersection,Normale,Autre collision,,,,,,,,,,,1,2,1,1.0,6
201200058398,0012-03-10 23:50:00,12,3,10,23,50,750,118,RUE DE CLIGNANCOURT,,,Nuit avec éclairage allumé,En agglomération,Intersection en T,Normale,Deux véhicules - côté,,,,,,,,,,,5,2,3,1.0,3
201200058399,0012-03-09 23:20:00,12,3,9,23,20,750,118,"7, RUE DE LA CHAPELLE",,,Nuit avec éclairage allumé,En agglomération,Intersection en T,Normale,Deux véhicules - côté,,,,,,,,,,,5,2,3,1.0,3
201200058400,0012-03-11 00:01:00,12,3,11,0,1,750,118,"113, BOULEVARD NEY",,,Nuit avec éclairage allumé,En agglomération,Intersection en Y,Normale,Deux véhicules - côté,,,,,,,,,,,5,2,4,1.0,3
201200058401,0012-03-10 23:50:00,12,3,10,23,50,750,118,"6, BOULEVARD DE LA CHAPE",,,Nuit avec éclairage allumé,En agglomération,Intersection en X,Normale,Sans collision,,,,,,,,,,,5,2,2,1.0,7
201200058402,0012-03-11 03:30:00,12,3,11,3,30,750,118,BOULEVARD DE LA CHAPELLE,,,Nuit avec éclairage allumé,En agglomération,Intersection en X,Normale,Deux véhicules - côté,,,,,,,,,,,5,2,2,1.0,3
201200058403,0012-03-11 17:10:00,12,3,11,17,10,750,118,BOULEVARD NEY,,,Plein jour,En agglomération,Intersection en T,Normale,Deux véhicules - arrière,,,,,,,,,,,1,2,3,1.0,2
201200058404,0012-03-14 22:00:00,12,3,14,22,0,750,118,PORTE DE CLIGNANCOURT,,,Nuit avec éclairage allumé,En agglomération,Intersection en Y,Normale,Deux véhicules - arrière,,,,,,,,,,,5,2,4,1.0,2
201200058405,0012-03-14 23:20:00,12,3,14,23,20,750,118,RUE DE CLIGNANCOURT,,,Nuit avec éclairage allumé,En agglomération,Intersection à plus de 4 branches,Normale,Deux véhicules - côté,,,,,,,,,,,5,2,5,1.0,3
201200058406,0012-03-16 16:20:00,12,3,16,16,20,750,118,PLACE DE LA CHAPELLE,,,Plein jour,En agglomération,Place,Normale,Autre collision,,,,,,,,,,,1,2,7,1.0,6
201200058407,0012-03-16 19:25:00,12,3,16,19,25,750,118,"71, RUE ORDENER",,,Nuit avec éclairage allumé,En agglomération,Intersection à plus de 4 branches,Normale,Autre collision,,,,,,,,,,,5,2,5,1.0,6
201200058408,0012-03-17 00:30:00,12,3,17,0,30,750,118,BOULEVARD NEY,,,Nuit avec éclairage allumé,En agglomération,Intersection à plus de 4 branches,Normale,Autre collision,,,,,,,,,,,5,2,5,1.0,6
201200058409,0012-03-18 00:55:00,12,3,18,0,55,750,118,"22, BOULEVARD DE CLICHY",,,Nuit avec éclairage allumé,En agglomération,Hors intersection,Normale,Autre collision,,,,,,,,,,,5,2,1,1.0,6
201200058410,0012-03-22 15:00:00,12,3,22,15,0,750,118,"110, BOULEVARD DE CLICHY",,,Plein jour,En agglomération,Intersection en T,Normale,Autre collision,,,,,,,,,,,1,2,3,1.0,6
201200058411,0012-03-25 12:35:00,12,3,25,12,35,750,118,"98, RUE DU POTEAU",,,Plein jour,En agglomération,Hors intersection,Normale,Autre collision,,,,,,,,,,,1,2,1,1.0,6
201200058412,0012-03-26 09:45:00,12,3,26,9,45,750,118,"115 bis, RUE ORDENER",,,Plein jour,En agglomération,Intersection à plus de 4 branches,Normale,Deux véhicules - côté,,,,,,,,,,,1,2,5,1.0,3
201200058413,0012-03-27 18:30:00,12,3,27,18,30,750,118,RUE VAUVENARGUES,,,Plein jour,En agglomération,Intersection à plus de 4 branches,Normale,Deux véhicules - côté,,,,,,,,,,,1,2,5,1.0,3
201200058414,0012-03-28 09:00:00,12,3,28,9,0,750,118,"25, RUE MARCADET",,,Plein jour,En agglomération,Intersection en X,Normale,Deux véhicules - côté,,,,,,,,,,,1,2,2,1.0,3
201200058415,0012-03-28 16:10:00,12,3,28,16,10,750,118,"33, RUE STEPHENSON",,,Plein jour,En agglomération,Intersection en T,Normale,Deux véhicules - frontale,,,,,,,,,,,1,2,3,1.0,1
201200058416,0012-03-28 17:30:00,12,3,28,17,30,750,118,"170, BOULEVARD NEY",,,Plein jour,En agglomération,Hors intersection,Normale,Deux véhicules - côté,,,,,,,,,,,1,2,1,1.0,3
201200058417,0012-03-29 01:35:00,12,3,29,1,35,750,118,"000001, RUE STEPHENSON",,,Nuit avec éclairage allumé,En agglomération,Intersection en X,Normale,Autre collision,,,,,,,,,,,5,2,2,1.0,6
201200058418,0012-03-31 14:35:00,12,3,31,14,35,750,118,"96, RUE DES POISSONNIERS",,,Plein jour,En agglomération,Hors intersection,Normale,Autre collision,,,,,,,,,,,1,2,1,1.0,6
201200058419,0012-04-01 03:10:00,12,4,1,3,10,750,118,BOULEVARD DE LA CHAPELLE,,,Nuit avec éclairage allumé,En agglomération,Intersection en X,Normale,Autre collision,,,,,,,,,,,5,2,2,1.0,6
201200058420,0012-04-01 21:40:00,12,4,1,21,40,750,118,"99, RUE ORDENER",,,Nuit avec éclairage allumé,En agglomération,Intersection à plus de 4 branches,Normale,Deux véhicules - arrière,,,,,,,,,,,5,2,5,1.0,2
201200058421,0012-04-03 17:25:00,12,4,3,17,25,750,118,"122, BOULEVARD NEY",,,Plein jour,En agglomération,Hors intersection,Normale,Autre collision,,,,,,,,,,,1,2,1,1.0,6
201200058422,0012-04-06 19:35:00,12,4,6,19,35,750,118,"144, RUE DES POISSONNIER",,,Plein jour,En agglomération,Hors intersection,Normale,Deux véhicules - côté,,,,,,,,,,,1,2,1,1.0,3
201200058423,0012-04-07 22:05:00,12,4,7,22,5,750,118,"71, RUE CHAMPIONNET",,,Nuit avec éclairage allumé,En agglomération,Hors intersection,Normale,Deux véhicules - frontale,,,,,,,,,,,5,2,1,1.0,1
201200058424,0012-04-08 21:15:00,12,4,8,21,15,750,118,"70, BOULEVARD NEY",,,Nuit sans éclairage public,En agglomération,Hors intersection,Pluie légère,Deux véhicules - côté,,,,,,,,,,,3,2,1,2.0,3
201200058425,0012-04-09 16:40:00,12,4,9,16,40,750,118,"1, AVENUE DE LA PORTE D",,,Plein jour,En agglomération,Intersection en X,Pluie légère,Deux véhicules - côté,,,,,,,,,,,1,2,2,2.0,3
201200058426,0012-04-10 23:10:00,12,4,10,23,10,750,118,"40, RUE DE LA CHAPELLE",,,Nuit avec éclairage allumé,En agglomération,Intersection en T,Temps couvert,Trois véhicules et plus - en chaîne,,,,,,,,,,,5,2,3,8.0,4
201200058427,0012-04-11 09:20:00,12,4,11,9,20,750,118,"172, BOULEVARD NEY",,,Plein jour,En agglomération,Intersection en Y,Normale,Deux véhicules - côté,,,,,,,,,,,1,2,4,1.0,3
201200058428,0012-04-12 13:50:00,12,4,12,13,50,750,118,PLACE DE CLICHY,,,Plein jour,En agglomération,Place,Normale,Deux véhicules - côté,,,,,,,,,,,1,2,7,1.0,3
201200058429,0012-04-14 00:55:00,12,4,14,0,55,750,118,"78, BOULEVARD NEY",,,Nuit avec éclairage allumé,En agglomération,Hors intersection,Normale,Deux véhicules - arrière,,,,,,,,,,,5,2,1,1.0,2
201200058430,0012-04-14 00:45:00,12,4,14,0,45,750,118,"31, BOULEVARD NEY",,,Nuit avec éclairage allumé,En agglomération,Intersection en X,Normale,Autre collision,,,,,,,,,,,5,2,2,1.0,6
201200058431,0012-04-16 10:30:00,12,4,16,10,30,750,118,"30, RUE SAINT VINCENT",,,Plein jour,En agglomération,Intersection à plus de 4 branches,Normale,Autre collision,,,,,,,,,,,1,2,5,1.0,6
201200058432,0012-04-17 07:20:00,12,4,17,7,20,750,118,"47, BOULEVARD ORNANO",,,Plein jour,En agglomération,Place,Normale,Deux véhicules - côté,,,,,,,,,,,1,2,7,1.0,3
201200058433,0012-04-17 17:10:00,12,4,17,17,10,750,118,"89, RUE DUHESME",,,Plein jour,En agglomération,Intersection à plus de 4 branches,Pluie légère,Autre collision,,,,,,,,,,,1,2,5,2.0,6
201200058434,0012-04-17 05:43:00,12,4,17,5,43,750,118,"42, RUE MARX DORMOY",,,Nuit avec éclairage non allumé,En agglomération,Intersection en T,Normale,Autre collision,,,,,,,,,,,4,2,3,1.0,6
201200058435,0012-04-21 01:15:00,12,4,21,1,15,750,118,"0, BOULEVARD ORNANO",,,Nuit avec éclairage allumé,En agglomération,Intersection à plus de 4 branches,Normale,Autre collision,,,,,,,,,,,5,2,5,1.0,6
201200058436,0012-04-21 19:55:00,12,4,21,19,55,750,118,"150, BOULEVARD BARBES",,,Crépuscule ou aube,En agglomération,Intersection en Y,Normale,Deux véhicules - côté,,,,,,,,,,,2,2,4,1.0,3
201200058437,0012-04-22 12:30:00,12,4,22,12,30,750,118,"17, BOULEVARD NEY",,,Plein jour,En agglomération,Intersection en Y,Normale,Deux véhicules - côté,,,,,,,,,,,1,2,4,1.0,3
201200058438,0012-04-22 12:25:00,12,4,22,12,25,750,118,"34, RUE DU POTEAU",,,Plein jour,En agglomération,Intersection en Y,Normale,Autre collision,,,,,,,,,,,1,2,4,1.0,6
201200058439,0012-04-22 22:50:00,12,4,22,22,50,750,118,"207, RUE ORDENER",,,Nuit avec éclairage allumé,En agglomération,Intersection à plus de 4 branches,Pluie légère,Autre collision,,,,,,,,,,,5,2,5,2.0,6
201200058440,0012-04-23 16:35:00,12,4,23,16,35,750,118,AVENUE DE LA PORTE DE CL,,,Plein jour,En agglomération,Intersection à plus de 4 branches,Pluie légère,Autre collision,,,,,,,,,,,1,2,5,2.0,6
201200058441,0012-04-24 14:40:00,12,4,24,14,40,750,118,"110, BOULEVARD DE CLICHY",,,Plein jour,En agglomération,Intersection en T,Pluie légère,Deux véhicules - arrière,,,,,,,,,,,1,2,3,2.0,2
201200058442,0012-04-26 00:30:00,12,4,26,0,30,750,118,BOULEVARD NEY,,,Nuit avec éclairage allumé,En agglomération,Hors intersection,Normale,Deux véhicules - côté,,,,,,,,,,,5,2,1,1.0,3
201200058443,0012-04-28 19:05:00,12,4,28,19,5,750,118,"110, BOULEVARD DE LA CHA",,,Plein jour,En agglomération,Intersection en T,Normale,Autre collision,,,,,,,,,,,1,2,3,1.0,6
201200058444,0012-04-29 09:00:00,12,4,29,9,0,750,118,"2, RUE FRANCOEUR",,,Plein jour,En agglomération,Intersection à plus de 4 branches,Pluie forte,Autre collision,,,,,,,,,,,1,2,5,3.0,6
201200058445,0012-04-29 18:00:00,12,4,29,18,0,750,118,"44, RUE LAMARCK",,,Plein jour,En agglomération,Intersection en X,Normale,Autre collision,,,,,,,,,,,1,2,2,1.0,6
201200058446,0012-04-30 13:45:00,12,4,30,13,45,750,118,"58/60, BOULEVARD DE CLIC",,,Plein jour,En agglomération,Hors intersection,Normale,Autre collision,,,,,,,,,,,1,2,1,1.0,6
201200058447,0012-05-03 20:40:00,12,5,3,20,40,750,118,BOULEVARD NEY,,,Plein jour,En agglomération,Intersection à plus de 4 branches,Normale,Deux véhicules - côté,,,,,,,,,,,1,2,5,1.0,3
201200058448,0012-05-05 17:03:00,12,5,5,17,3,750,118,"25, RUE ORDENER",,,Plein jour,En agglomération,Intersection en T,Normale,Deux véhicules - côté,,,,,,,,,,,1,2,3,1.0,3
201200058449,0012-05-07 12:40:00,12,5,7,12,40,750,118,PORTE DE CLIGNANCOURT,,,Plein jour,En agglomération,Hors intersection,Normale,Trois véhicules et plus - en chaîne,,,,,,,,,,,1,2,1,1.0,4
201200058450,0012-05-09 11:00:00,12,5,9,11,0,750,118,"1, RUE DE LA CHAPELLE",,,Plein jour,En agglomération,Intersection en X,Temps couvert,Deux véhicules - arrière,,,,,,,,,,,1,2,2,8.0,2
201200058451,0012-05-09 12:35:00,12,5,9,12,35,750,118,"83, BOULEVARD ORNANO",,,Plein jour,En agglomération,Intersection à plus de 4 branches,Normale,Deux véhicules - côté,,,,,,,,,,,1,2,5,1.0,3