accident_id,datetime,annee,mois,jour,heure,minute,departement,commune_insee,adresse,latitude,longitude,luminosite,agglomeration,intersection,meteo,collision,nb_vehicules,nb_usagers,nb_indemnes,nb_tues,nb_blesses_hosp,nb_blesses_legers,age_cond_1,age_cond_2,veh_type_cond_1,veh_type_cond_2,lum_code,agg_code,int_code,atm_code,col_code
201200058452,0012-05-10 02:00:00,12,5,10,2,0,750,110,BOULEVARD DE MAGENTA,,,Nuit avec éclairage allumé,En agglomération,Intersection à plus de 4 branches,Normale,Deux véhicules - côté,,,,,,,,,,,5,2,5,1.0,3
201200058453,0012-05-11 12:30:00,12,5,11,12,30,750,118,"132, BOULEVARD DE CLICHY",,,Plein jour,En agglomération,Hors intersection,Normale,Autre collision,,,,,,,,,,,1,2,1,1.0,6
201200058454,0012-05-14 10:15:00,12,5,14,10,15,750,118,"33, RUE VAUVENARGUES",,,Plein jour,En agglomération,Intersection à plus de 4 branches,Temps éblouissant,Autre collision,,,,,,,,,,,1,2,5,7.0,6
201200058455,0012-05-16 21:25:00,12,5,16,21,25,750,118,"58, RUE ORDENER",,,Nuit avec éclairage allumé,En agglomération,Hors intersection,Normale,Deux véhicules - frontale,,,,,,,,,,,5,2,1,1.0,1
201200058456,0012-05-23 16:40:00,12,5,23,16,40,750,118,"ignor?, BOULEVARD NEY",,,Plein jour,En agglomération,Hors intersection,Normale,Deux véhicules - côté,,,,,,,,,,,1,2,1,1.0,3
201200058457,0012-05-24 17:15:00,12,5,24,17,15,750,118,"4, PLACE ALBERT KAHN",,,Plein jour,En agglomération,Place,Normale,Deux véhicules - côté,,,,,,,,,,,1,2,7,1.0,3
201200058458,0012-05-24 19:30:00,12,5,24,19,30,750,118,"64, RUE RAMEY",,,Plein jour,En agglomération,Intersection en X,Normale,Autre collision,,,,,,,,,,,1,2,2,1.0,6
201200058459,0012-05-25 16:50:00,12,5,25,16,50,750,118,AVENUE DE LA PORTE DE LA,,,Plein jour,En agglomération,Intersection en X,Normale,Deux véhicules - côté,,,,,,,,,,,1,2,2,1.0,3
201200058460,0012-05-25 18:00:00,12,5,25,18,0,750,118,"17, RUE BOINOD",,,Plein jour,En agglomération,Intersection en X,Normale,Autre collision,,,,,,,,,,,1,2,2,1.0,6
201200058461,0012-05-26 10:35:00,12,5,26,10,35,750,118,"10, RUE DE LA CHAPELLE",,,Plein jour,En agglomération,Intersection en Y,Normale,Autre collision,,,,,,,,,,,1,2,4,1.0,6
201200058462,0012-05-26 17:45:00,12,5,26,17,45,750,118,RUE DE JESSAINT,,,Plein jour,En agglomération,Intersection en X,Normale,Deux véhicules - arrière,,,,,,,,,,,1,2,2,1.0,2
201200058463,0012-05-26 16:08:00,12,5,26,16,8,750,118,AVENUE DE LA PORTE D AUB,,,Plein jour,En agglomération,Place,Normale,Deux véhicules - côté,,,,,,,,,,,1,2,7,1.0,3
201200058464,0012-05-27 00:20:00,12,5,27,0,20,750,118,"20, PLACE DE LA CHAPELLE",,,Nuit avec éclairage allumé,En agglomération,Place,Normale,Autre collision,,,,,,,,,,,5,2,7,1.0,6
201200058465,0012-05-29 08:00:00,12,5,29,8,0,750,118,PORTE DE LA CHAPELLE,,,Plein jour,En agglomération,Hors intersection,Normale,Deux véhicules - arrière,,,,,,,,,,,1,2,1,1.0,2
201200058466,0012-05-30 08:15:00,12,5,30,8,15,750,118,"98, RUE DANCOURT",,,Plein jour,En agglomération,Intersection en T,Normale,Deux véhicules - côté,,,,,,,,,,,1,2,3,1.0,3
201200058467,0012-05-31 14:40:00,12,5,31,14,40,750,118,"194, RUE CHAMPIONNET",,,Plein jour,En agglomération,Hors intersection,Normale,Autre collision,,,,,,,,,,,1,2,1,1.0,6
201200058468,0012-05-31 17:10:00,12,5,31,17,10,750,118,"38, AVENUE DE CLICHY",,,Plein jour,En agglomération,Intersection en X,Normale,Autre collision,,,,,,,,,,,1,2,2,1.0,6
201200058469,0012-05-31 20:17:00,12,5,31,20,17,750,118,"1, RUE FRANCOEUR",,,Crépuscule ou aube,En agglomération,Intersection à plus de 4 branches,Normale,Autre collision,,,,,,,,,,,2,2,5,1.0,6
201200058470,0012-06-01 15:55:00,12,6,1,15,55,750,118,"76, BOULEVARD BARBES",,,Plein jour,En agglomération,Intersection en X,Normale,Deux véhicules - frontale,,,,,,,,,,,1,2,2,1.0,1
201200058471,0012-06-02 12:35:00,12,6,2,12,35,750,118,"102, RUE CAULAINCOURT",,,Plein jour,En agglomération,Hors intersection,Normale,Autre collision,,,,,,,,,,,1,2,1,1.0,6
201200058472,0012-06-04 15:20:00,12,6,4,15,20,750,118,"57, RUE MYRHA",,,Plein jour,En agglomération,Hors intersection,Normale,Autre collision,,,,,,,,,,,1,2,1,1.0,6
201200058473,0012-06-04 19:20:00,12,6,4,19,20,750,118,"35, AVENUE DE LA PORTE D",,,Plein jour,En agglomération,Intersection en Y,Normale,Deux véhicules - arrière,,,,,,,,,,,1,2,4,1.0,2
201200058474,0012-06-05 18:35:00,12,6,5,18,35,750,118,"100, RUE CHAMPIONNET",,,Plein jour,En agglomération,Intersection à plus de 4 branches,Normale,Autre collision,,,,,,,,,,,1,2,5,1.0,6
201200058475,0012-06-06 22:35:00,12,6,6,22,35,750,118,"20, RUE DU DEPARTEMENT",,,Nuit avec éclairage allumé,En agglomération,Intersection en Y,Normale,Deux véhicules - côté,,,,,,,,,,,5,2,4,1.0,3
201200058476,0012-06-07 16:40:00,12,6,7,16,40,750,118,"71, RUE MARX DORMOY",,,Plein jour,En agglomération,Intersection en X,Normale,Autre collision,,,,,,,,,,,1,2,2,1.0,6
201200058477,0012-06-07 23:00:00,12,6,7,23,0,750,118,"52, RUE DE LA CHAPELLE",,,Nuit avec éclairage allumé,En agglomération,Hors intersection,Normale,Deux véhicules - côté,,,,,,,,,,,5,2,1,1.0,3
201200058478,0012-06-08 10:50:00,12,6,8,10,50,750,118,"5, RUE DE STEINKERQUE",,,Plein jour,En agglomération,Hors intersection,Normale,Autre collision,,,,,,,,,,,1,2,1,1.0,6
201200058479,0012-06-08 12:30:00,12,6,8,12,30,750,118,"29, RUE BOUCRY",,,Plein jour,En agglomération,Intersection en T,Normale,Autre collision,,,,,,,,,,,1,2,3,1.0,6
201200058480,0012-06-09 23:45:00,12,6,9,23,45,750,118,"76, BOULEVARD BARBES",,,Nuit avec éclairage allumé,En agglomération,Intersection en X,Pluie légère,Autre collision,,,,,,,,,,,5,2,2,2.0,6
201200058481,0012-06-11 09:10:00,12,6,11,9,10,750,118,"53, RUE DE LA CHAPELLE",,,Plein jour,En agglomération,Intersection en T,Pluie légère,Autre collision,,,,,,,,,,,1,2,3,2.0,6
201200058482,0012-06-11 17:00:00,12,6,11,17,0,750,118,"77, RUE ORDENER",,,Plein jour,En agglomération,Intersection à plus de 4 branches,Normale,Deux véhicules - côté,,,,,,,,,,,1,2,5,1.0,3
201200058483,0012-06-15 08:00:00,12,6,15,8,0,750,118,"22, AVENUE DE LA PORTE D",,,Plein jour,En agglomération,Hors intersection,Pluie légère,Deux véhicules - arrière,,,,,,,,,,,1,2,1,2.0,2
201200058484,0012-06-15 21:00:00,12,6,15,21,0,750,118,"07, PLACE ALBERT KAHN",,,Crépuscule ou aube,En agglomération,Place,Pluie légère,Deux véhicules - arrière,,,,,,,,,,,2,2,7,2.0,2
201200058485,0012-06-15 22:00:00,12,6,15,22,0,750,118,"64, BOULEVARD BARBES",,,Nuit avec éclairage allumé,En agglomération,Hors intersection,Pluie forte,Autre collision,,,,,,,,,,,5,2,1,3.0,6
201200058486,0012-06-16 02:20:00,12,6,16,2,20,750,118,"10, RUE CAULAINCOURT",,,Nuit avec éclairage allumé,En agglomération,Hors intersection,Pluie forte,Deux véhicules - côté,,,,,,,,,,,5,2,1,3.0,3
201200058487,0012-06-17 17:45:00,12,6,17,17,45,750,118,"43, BOULEVARD BARBES",,,Plein jour,En agglomération,Intersection en X,Normale,Deux véhicules - arrière,,,,,,,,,,,1,2,2,1.0,2
201200058488,0012-06-18 17:00:00,12,6,18,17,0,750,118,"70, BOULEVARD DE ROCHECH",,,Plein jour,En agglomération,Intersection en X,Normale,Autre collision,,,,,,,,,,,1,2,2,1.0,6
201200058489,0012-06-19 15:20:00,12,6,19,15,20,750,118,"6, AVENUE DE LA PORTE DE",,,Plein jour,En agglomération,Intersection en Y,Normale,Trois véhicules et plus - collisions multiples,,,,,,,,,,,1,2,4,1.0,5
201200058490,0012-06-20 19:46:00,12,6,20,19,46,750,118,"6, BOULEVARD NEY",,,Plein jour,En agglomération,Hors intersection,Normale,Autre collision,,,,,,,,,,,1,2,1,1.0,6
201200058491,0012-06-22 11:40:00,12,6,22,11,40,750,118,BOULEVARD DE LA CHAPELLE,,,Plein jour,En agglomération,Intersection en X,Normale,Deux véhicules - arrière,,,,,,,,,,,1,2,2,1.0,2
201200058492,0012-06-22 16:11:00,12,6,22,16,11,750,118,"02, RUE DAMREMONT",,,Plein jour,En agglomération,Intersection à plus de 4 branches,Normale,Autre collision,,,,,,,,,,,1,2,5,1.0,6
201200058493,0012-06-23 04:00:00,12,6,23,4,0,750,118,RUE DU MONT CENIS,,,Nuit avec éclairage allumé,En agglomération,Intersection en X,Normale,Deux véhicules - côté,,,,,,,,,,,5,2,2,1.0,3
201200058494,0012-06-23 14:00:00,12,6,23,14,0,750,118,"67, BOULEVARD ORNANO",,,Plein jour,En agglomération,Hors intersection,Normale,Autre collision,,,,,,,,,,,1,2,1,1.0,6
201200058495,0012-06-24 11:40:00,12,6,24,11,40,750,118,BOULEVARD PERIPHERIQUE I,,,Plein jour,En agglomération,Hors intersection,Pluie légère,Deux véhicules - arrière,,,,,,,,,,,1,2,1,2.0,2
201200058496,0012-06-25 08:25:00,12,6,25,8,25,750,118,"11, RUE DE LA CHAPELLE",,,Plein jour,En agglomération,Hors intersection,Normale,Autre collision,,,,,,,,,,,1,2,1,1.0,6
201200058497,0012-06-25 18:27:00,12,6,25,18,27,750,118,"112, RUE ORDENER",,,Plein jour,En agglomération,Intersection en X,Normale,Deux véhicules - côté,,,,,,,,,,,1,2,2,1.0,3
201200058498,0012-06-26 06:07:00,12,6,26,6,7,750,118,"2, RUE SAINTE ISAURE",,,Plein jour,En agglomération,Intersection en T,Pluie légère,Autre collision,,,,,,,,,,,1,2,3,2.0,6
201200058499,0012-06-26 07:15:00,12,6,26,7,15,750,118,"6, AVENUE DE LA PORTE DE",,,Plein jour,En agglomération,Intersection à plus de 4 branches,Pluie légère,Autre collision,,,,,,,,,,,1,2,5,2.0,6
201200058500,0012-06-28 00:15:00,12,6,28,0,15,750,118,"100, RUE CHAMPIONNET",,,Nuit avec éclairage allumé,En agglomération,Intersection à plus de 4 branches,Normale,Deux véhicules - côté,,,,,,,,,,,5,2,5,1.0,3
201200058501,0012-06-29 15:00:00,12,6,29,15,0,750,118,"37, RUE DOUDEAUVILLE",,,Plein jour,En agglomération,Intersection en T,Normale,Autre collision,,,,,,,,,,,1,2,3,1.0,6
201200058502,0012-06-29 18:40:00,12,6,29,18,40,750,118,"1, RUE DES ABBESSES",,,Plein jour,En agglomération,Intersection en X,Normale,Autre collision,,,,,,,,,,,1,2,2,1.0,6
201200058503,0012-07-01 14:10:00,12,7,1,14,10,750,118,"81, RUE CHAMPIONNET",,,Plein jour,En agglomération,Intersection à plus de 4 branches,Normale,Deux véhicules - côté,,,,,,,,,,,1,2,5,1.0,3
201200058504,0012-07-01 15:25:00,12,7,1,15,25,750,118,"107, RUE DES POISSONNIER",,,Plein jour,En agglomération,Intersection en T,Normale,Autre collision,,,,,,,,,,,1,2,3,1.0,6
201200058505,0012-07-02 00:35:00,12,7,2,0,35,750,118,"1, PORTE DE LA CHAPELLE",,,Nuit sans éclairage public,En agglomération,Intersection à plus de 4 branches,Normale,Sans collision,,,,,,,,,,,3,2,5,1.0,7
201200058506,0012-07-02 23:15:00,12,7,2,23,15,750,118,"2, BOULEVARD DE ROCHECHO",,,Nuit avec éclairage allumé,En agglomération,Intersection à plus de 4 branches,Normale,Deux véhicules - côté,,,,,,,,,,,5,2,5,1.0,3
201200058507,0012-07-06 10:00:00,12,7,6,10,0,750,118,"84, RUE CHAMPIONNET",,,Plein jour,En agglomération,Intersection à plus de 4 branches,Normale,Autre collision,,,,,,,,,,,1,2,5,1.0,6
201200058508,0012-07-07 03:15:00,12,7,7,3,15,750,118,RUE ORDENER,,,Nuit avec éclairage allumé,En agglomération,Intersection en X,Normale,Deux véhicules - arrière,,,,,,,,,,,5,2,2,1.0,2
201200058509,0012-07-07 10:35:00,12,7,7,10,35,750,118,PLACE DE LA CHAPELLE,,,Plein jour,En agglomération,Place,Normale,Autre collision,,,,,,,,,,,1,2,7,1.0,6
201200058510,0012-07-10 00:30:00,12,7,10,0,30,750,118,"74, BOULEVARD DE LA CHAP",,,Nuit avec éclairage allumé,En agglomération,Intersection en T,Normale,Autre collision,,,,,,,,,,,5,2,3,1.0,6
201200058511,0012-07-12 11:45:00,12,7,12,11,45,750,118,"79, RUE DU MONT CENIS",,,Plein jour,En agglomération,Intersection en X,Normale,Autre collision,,,,,,,,,,,1,2,2,1.0,6
201200058512,0012-07-12 16:50:00,12,7,12,16,50,750,110,"65, RUE DU FAUBOURG SAIN",,,Plein jour,En agglomération,Intersection en X,Pluie légère,Autre collision,,,,,,,,,,,1,2,2,2.0,6
201200058513,0012-07-15 11:15:00,12,7,15,11,15,750,118,"103, BOULEVARD NEY",,,Plein jour,En agglomération,Hors intersection,Normale,Autre collision,,,,,,,,,,,1,2,1,1.0,6
201200058514,0012-07-15 17:45:00,12,7,15,17,45,750,118,AVENUE DE LA PORTE DE CL,,,Plein jour,En agglomération,Intersection en Y,Normale,Deux véhicules - côté,,,,,,,,,,,1,2,4,1.0,3
201200058515,0012-07-16 14:21:00,12,7,16,14,21,750,118,"18, RUE DE LA CHAPELLE",,,Plein jour,En agglomération,Hors intersection,Normale,Deux véhicules - côté,,,,,,,,,,,1,2,1,1.0,3
201200058516,0012-07-17 21:15:00,12,7,17,21,15,750,118,"Aucun, BOULEVARD PERIPHE",,,Nuit avec éclairage allumé,En agglomération,Hors intersection,Normale,Deux véhicules - côté,,,,,,,,,,,5,2,1,1.0,3
201200058517,0012-07-18 01:05:00,12,7,18,1,5,750,118,RUE HERMEL,,,Nuit avec éclairage allumé,En agglomération,Intersection en X,Normale,Deux véhicules - côté,,,,,,,,,,,5,2,2,1.0,3
201200058518,0012-07-20 10:30:00,12,7,20,10,30,750,118,"01, AVENUE DE LA PORTE D",,,Plein jour,En agglomération,Intersection à plus de 4 branches,Normale,Deux véhicules - côté,,,,,,,,,,,1,2,5,1.0,3
201200058519,0012-07-22 09:30:00,12,7,22,9,30,750,118,"17, RUE DES SAULES",,,Plein jour,En agglomération,Hors intersection,Normale,Autre collision,,,,,,,,,,,1,2,1,1.0,6
201200058520,0012-07-23 00:01:00,12,7,23,0,1,750,118,"10, RUE CAULAINCOURT",,,Nuit avec éclairage allumé,En agglomération,Hors intersection,Normale,Autre collision,,,,,,,,,,,5,2,1,1.0,6
201200058521,0012-07-23 15:10:00,12,7,23,15,10,750,118,"34, RUE MYRHA",,,Plein jour,En agglomération,Intersection en X,Normale,Autre collision,,,,,,,,,,,1,2,2,1.0,6
201200058522,0012-07-23 22:40:00,12,7,23,22,40,750,118,BOULEVARD DE ROCHECHOUAR,,,Nuit avec éclairage allumé,En agglomération,Intersection en X,Normale,Autre collision,,,,,,,,,,,5,2,2,1.0,6
201200058523,0012-07-25 18:50:00,12,7,25,18,50,750,118,"12, AVENUE DE LA PORTE D",,,Plein jour,En agglomération,Hors intersection,Normale,Deux véhicules - côté,,,,,,,,,,,1,2,1,1.0,3
201200058524,0012-07-26 15:05:00,12,7,26,15,5,750,118,"36, BOULEVARD ORNANO",,,Plein jour,En agglomération,Intersection en Y,Normale,Sans collision,,,,,,,,,,,1,2,4,1.0,7
201200058525,0012-07-27 14:45:00,12,7,27,14,45,750,118,"43, BOULEVARD BARBES",,,Plein jour,En agglomération,Intersection en X,Pluie légère,Sans collision,,,,,,,,,,,1,2,2,2.0,7
201200058526,0012-07-28 15:05:00,12,7,28,15,5,750,118,"58, RUE HERMEL",,,Plein jour,En agglomération,Intersection en T,Normale,Deux véhicules - côté,,,,,,,,,,,1,2,3,1.0,3
201200058527,0012-07-29 17:55:00,12,7,29,17,55,750,118,"11, RUE MARCADET",,,Plein jour,En agglomération,Intersection en X,Normale,Deux véhicules - côté,,,,,,,,,,,1,2,2,1.0,3
201200058528,0012-07-30 18:30:00,12,7,30,18,30,750,118,"84, BOULEVARD NEY",,,Plein jour,En agglomération,Hors intersection,Normale,Deux véhicules - côté,,,,,,,,,,,1,2,1,1.0,3
201200058529,0012-07-31 12:15:00,12,7,31,12,15,750,118,"21, RUE POULET",,,Plein jour,En agglomération,Intersection en T,Normale,Autre collision,,,,,,,,,,,1,2,3,1.0,6
201200058530,0012-07-31 20:00:00,12,7,31,20,0,750,118,"86, RUE DE LA CHAPELLE",,,Crépuscule ou aube,En agglomération,Hors intersection,Normale,Autre collision,,,,,,,,,,,2,2,1,1.0,6
201200058531,0012-08-01 01:45:00,12,8,1,1,45,750,118,"72, BOULEVARD NEY",,,Nuit sans éclairage public,En agglomération,Hors intersection,Normale,Deux véhicules - arrière,,,,,,,,,,,3,2,1,1.0,2
201200058532,0012-08-03 02:15:00,12,8,3,2,15,750,118,RUE DES ROSES,,,Nuit avec éclairage allumé,En agglomération,Intersection en X,Normale,Autre collision,,,,,,,,,,,5,2,2,1.0,6
201200058533,0012-08-03 18:15:00,12,8,3,18,15,750,118,"34, AVENUE DE LA PORTE D",,,Plein jour,En agglomération,Intersection à plus de 4 branches,Normale,Deux véhicules - côté,,,,,,,,,,,1,2,5,1.0,3
201200058534,0012-08-07 01:35:00,12,8,7,1,35,750,118,RUE DU MONT CENIS,,,Nuit avec éclairage allumé,En agglomération,Intersection en X,Normale,Autre collision,,,,,,,,,,,5,2,2,1.0,6
201200058535,0012-08-07 16:05:00,12,8,7,16,5,750,118,"8-10, RUE ORDENER",,,Plein jour,En agglomération,Intersection en T,Normale,Autre collision,,,,,,,,,,,1,2,3,1.0,6
201200058536,0012-08-08 09:45:00,12,8,8,9,45,750,118,"52, RUE LEIBNIZ",,,Plein jour,En agglomération,Intersection en X,Normale,Autre collision,,,,,,,,,,,1,2,2,1.0,6
201200058537,0012-08-11 12:15:00,12,8,11,12,15,750,118,"221, RUE CHAMPIONNET",,,Plein jour,En agglomération,Intersection en Y,Normale,Autre collision,,,,,,,,,,,1,2,4,1.0,6
201200058538,0012-08-12 17:50:00,12,8,12,17,50,750,118,"89, RUE DE CLIGNANCOURT",,,Plein jour,En agglomération,Intersection à plus de 4 branches,Normale,Autre collision,,,,,,,,,,,1,2,5,1.0,6
201200058539,0012-08-13 11:25:00,12,8,13,11,25,750,118,"121, RUE ORDENER",,,Plein jour,En agglomération,Intersection en X,Normale,Autre collision,,,,,,,,,,,1,2,2,1.0,6
201200058540,0012-08-17 22:25:00,12,8,17,22,25,750,118,"98, RUE DES POISSONNIERS",,,Nuit avec éclairage allumé,En agglomération,Intersection en T,Normale,Autre collision,,,,,,,,,,,5,2,3,1.0,6
201200058541,0012-08-18 16:05:00,12,8,18,16,5,750,118,"32, AVENUE DE LA PORTE D",,,Plein jour,En agglomération,Intersection à plus de 4 branches,Normale,Autre collision,,,,,,,,,,,1,2,5,1.0,6
201200058542,0012-08-20 08:30:00,12,8,20,8,30,750,118,"80 bis, BOULEVARD ORNANO",,,Plein jour,En agglomération,Intersection en Y,Normale,Autre collision,,,,,,,,,,,1,2,4,1.0,6
201200058543,0012-08-21 15:40:00,12,8,21,15,40,750,118,BOULEVARD ORNANO,,,Plein jour,En agglomération,Intersection à plus de 4 branches,Normale,Autre collision,,,,,,,,,,,1,2,5,1.0,6
201200058544,0012-08-21 18:21:00,12,8,21,18,21,750,118,RUE DES ISLETTES,,,Plein jour,En agglomération,Intersection en T,Normale,Autre collision,,,,,,,,,,,1,2,3,1.0,6
201200058545,0012-08-21 19:25:00,12,8,21,19,25,750,118,"60, RUE DE LA CHAPELLE",,,Plein jour,En agglomération,Place,Normale,Deux véhicules - côté,,,,,,,,,,,1,2,7,1.0,3
201200058546,0012-08-22 04:16:00,12,8,22,4,16,750,118,"36, BOULEVARD DE ROCHECH",,,Nuit avec éclairage allumé,En agglomération,Intersection en X,Normale,Autre collision,,,,,,,,,,,5,2,2,1.0,6
201200058547,0012-08-23 05:55:00,12,8,23,5,55,750,118,RUE DE TORCY,,,Crépuscule ou aube,En agglomération,Intersection en X,Normale,Deux véhicules - côté,,,,,,,,,,,2,2,2,1.0,3
201200058548,0012-08-24 18:20:00,12,8,24,18,20,750,118,"01, PLACE ALBERT KAHN",,,Plein jour,En agglomération,Place,Pluie légère,Autre collision,,,,,,,,,,,1,2,7,2.0,6
201200058549,0012-08-27 16:55:00,12,8,27,16,55,750,118,"74, RUE DOUDEAUVILLE",,,Plein jour,En agglomération,Intersection à plus de 4 branches,Normale,Autre collision,,,,,,,,,,,1,2,5,1.0,6
201200058550,0012-08-29 00:35:00,12,8,29,0,35,750,118,"24, BOULEVARD ORNANO",,,Nuit avec éclairage allumé,En agglomération,Hors intersection,Normale,Autre collision,,,,,,,,,,,5,2,1,1.0,6
201200058551,0012-08-29 20:35:00,12,8,29,20,35,750,118,RUE LAMARCK,,,Nuit sans éclairage public,En agglomération,Intersection en X,Normale,Autre collision,,,,,,,,,,,3,2,2,1.0,6
201200058552,0012-08-29 22:00:00,12,8,29,22,0,750,118,"5, RUE CAULAINCOURT",,,Nuit avec éclairage allumé,En agglomération,Hors intersection,Normale,Autre collision,,,,,,,,,,,5,2,1,1.0,6
201200058553,0012-08-30 21:15:00,12,8,30,21,15,750,118,BOULEVARD BARBES,,,Nuit avec éclairage allumé,En agglomération,Intersection en T,Normale,Deux véhicules - côté,,,,,,,,,,,5,2,3,1.0,3
201200058554,0012-08-31 03:00:00,12,8,31,3,0,750,118,"62, AVENUE DE CLICHY",,,Nuit avec éclairage allumé,En agglomération,Intersection en Y,Normale,Autre collision,,,,,,,,,,,5,2,4,1.0,6
201200058555,0012-09-01 16:20:00,12,9,1,16,20,750,118,"2, BOULEVARD BARBES",,,Plein jour,En agglomération,Intersection à plus de 4 branches,Normale,Deux véhicules - côté,,,,,,,,,,,1,2,5,1.0,3
201200058556,0012-09-02 18:00:00,12,9,2,18,0,750,118,BOULEVARD NEY,,,Plein jour,En agglomération,Hors intersection,Normale,Autre collision,,,,,,,,,,,1,2,1,1.0,6
201200058557,0012-09-08 06:20:00,12,9,8,6,20,750,118,AVENUE DE LA PORTE DE LA,,,Nuit avec éclairage allumé,En agglomération,Hors intersection,Normale,Autre collision,,,,,,,,,,,5,2,1,1.0,6
201200058558,0012-09-09 19:25:00,12,9,9,19,25,750,118,"69, BOULEVARD NEY",,,Plein jour,En agglomération,Hors intersection,Normale,Autre collision,,,,,,,,,,,1,2,1,1.0,6
201200058559,0012-09-11 18:30:00,12,9,11,18,30,750,118,"52, AVENUE DE CLICHY",,,Plein jour,En agglomération,Intersection en Y,Temps couvert,Autre collision,,,,,,,,,,,1,2,4,8.0,6
201200058560,0012-09-11 18:00:00,12,9,11,18,0,750,118,"84, BOULEVARD NEY",,,Plein jour,En agglomération,Hors intersection,Normale,Deux véhicules - arrière,,,,,,,,,,,1,2,1,1.0,2
201200058561,0012-09-13 04:20:00,12,9,13,4,20,750,118,"92, BOULEVARD BARBES",,,Nuit avec éclairage allumé,En agglomération,Hors intersection,Pluie légère,Autre collision,,,,,,,,,,,5,2,1,2.0,6
201200058562,0012-09-13 18:00:00,12,9,13,18,0,750,118,"1, RUE DUC",,,Plein jour,En agglomération,Intersection en X,Normale,Deux véhicules - côté,,,,,,,,,,,1,2,2,1.0,3
201200058563,0012-09-14 20:35:00,12,9,14,20,35,750,118,"17, BOULEVARD BARBES",,,Nuit avec éclairage allumé,En agglomération,Intersection en X,Normale,Deux véhicules - frontale,,,,,,,,,,,5,2,2,1.0,1
201200058564,0012-09-14 20:10:00,12,9,14,20,10,750,118,"78, BOULEVARD ORNANO",,,Nuit avec éclairage allumé,En agglomération,Hors intersection,Normale,Autre collision,,,,,,,,,,,5,2,1,1.0,6
201200058565,0012-09-14 20:55:00,12,9,14,20,55,750,118,"15, BOULEVARD ORNANO",,,Nuit sans éclairage public,En agglomération,Hors intersection,Normale,Deux véhicules - arrière,,,,,,,,,,,3,2,1,1.0,2
201200058566,0012-09-16 07:00:00,12,9,16,7,0,750,118,"69, BOULEVARD BARBES",,,Nuit avec éclairage allumé,En agglomération,Intersection en X,Normale,Autre collision,,,,,,,,,,,5,2,2,1.0,6
201200058567,0012-09-16 04:45:00,12,9,16,4,45,750,119,"28, AVENUE CORENTIN CARI",,,Nuit avec éclairage allumé,En agglomération,Hors intersection,Normale,Deux véhicules - arrière,,,,,,,,,,,5,2,1,1.0,2
201200058568,0012-09-20 15:40:00,12,9,20,15,40,750,118,RUE ORDENER,,,Plein jour,En agglomération,Intersection à plus de 4 branches,Normale,Deux véhicules - côté,,,,,,,,,,,1,2,5,1.0,3
201200058569,0012-09-21 08:00:00,12,9,21,8,0,750,118,"53, RUE DE LA CHAPELLE",,,Plein jour,En agglomération,Hors intersection,Normale,Autre collision,,,,,,,,,,,1,2,1,1.0,6
201200058570,0012-09-21 15:30:00,12,9,21,15,30,750,118,"180, RUE ORDENER",,,Plein jour,En agglomération,Hors intersection,Pluie légère,Sans collision,,,,,,,,,,,1,2,1,2.0,7
201200058571,0012-09-22 12:25:00,12,9,22,12,25,750,118,"16, BOULEVARD ORNANO",,,Plein jour,En agglomération,Intersection en X,Normale,Deux véhicules - arrière,,,,,,,,,,,1,2,2,1.0,2
201200058572,0012-09-22 20:30:00,12,9,22,20,30,750,118,"61, BOULEVARD NEY",,,Nuit avec éclairage allumé,En agglomération,Hors intersection,Normale,Autre collision,,,,,,,,,,,5,2,1,1.0,6
201200058573,0012-09-23 04:00:00,12,9,23,4,0,750,118,"63, RUE DU MONT CENIS",,,Nuit avec éclairage allumé,En agglomération,Intersection en X,Normale,Deux véhicules - côté,,,,,,,,,,,5,2,2,1.0,3
201200058574,0012-09-23 06:05:00,12,9,23,6,5,750,118,AVENUE DE LA PORTE DE LA,,,Crépuscule ou aube,En agglomération,Hors intersection,Normale,Deux véhicules - arrière,,,,,,,,,,,2,2,1,1.0,2
201200058575,0012-09-23 13:50:00,12,9,23,13,50,750,118,"1, RUE VERSIGNY",,,Plein jour,En agglomération,Intersection en X,Normale,Deux véhicules - côté,,,,,,,,,,,1,2,2,1.0,3
201200058576,0012-09-23 19:20:00,12,9,23,19,20,750,118,"63, RUE DE LA CHAPELLE",,,Nuit avec éclairage allumé,En agglomération,Hors intersection,Normale,Deux véhicules - côté,,,,,,,,,,,5,2,1,1.0,3
201200058577,0012-09-24 10:30:00,12,9,24,10,30,750,118,"1, BOULEVARD ORNANO",,,Plein jour,En agglomération,Intersection en X,Pluie forte,Deux véhicules - côté,,,,,,,,,,,1,2,2,3.0,3
201200058578,0012-09-27 10:00:00,12,9,27,10,0,750,118,"0, RUE ORDENER",,,Plein jour,En agglomération,Intersection à plus de 4 branches,Pluie légère,Deux véhicules - côté,,,,,,,,,,,1,2,5,2.0,3
201200058579,0012-09-27 22:00:00,12,9,27,22,0,750,118,"100, RUE DU POTEAU",,,Nuit avec éclairage allumé,En agglomération,Intersection en Y,Normale,Autre collision,,,,,,,,,,,5,2,4,1.0,6
201200058580,0012-09-28 04:15:00,12,9,28,4,15,750,118,"22, BOULEVARD BARBES",,,Nuit avec éclairage allumé,En agglomération,Intersection à plus de 4 branches,Normale,Deux véhicules - arrière,,,,,,,,,,,5,2,5,1.0,2