accident_id,datetime,annee,mois,jour,heure,minute,departement,commune_insee,adresse,latitude,longitude,luminosite,agglomeration,intersection,meteo,collision,nb_vehicules,nb_usagers,nb_indemnes,nb_tues,nb_blesses_hosp,nb_blesses_legers,age_cond_1,age_cond_2,veh_type_cond_1,veh_type_cond_2,lum_code,agg_code,int_code,atm_code,col_code
201200058581,0012-09-28 14:40:00,12,9,28,14,40,750,118,"25, RUE HOUDON",,,Plein jour,En agglomération,Intersection en T,Normale,Autre collision,,,,,,,,,,,1,2,3,1.0,6
201200058582,0012-09-28 17:15:00,12,9,28,17,15,750,118,BOULEVARD NEY,,,Plein jour,En agglomération,Hors intersection,Normale,Deux véhicules - côté,,,,,,,,,,,1,2,1,1.0,3
201200058583,0012-09-28 21:15:00,12,9,28,21,15,750,118,"72, BOULEVARD NEY",,,Nuit avec éclairage allumé,En agglomération,Hors intersection,Normale,Deux véhicules - côté,,,,,,,,,,,5,2,1,1.0,3
201200058584,0012-09-29 16:55:00,12,9,29,16,55,750,118,"11, RUE DE LA CHAPELLE",,,Plein jour,En agglomération,Intersection en T,Normale,Autre collision,,,,,,,,,,,1,2,3,1.0,6
201200058585,0012-09-30 07:28:00,12,9,30,7,28,750,118,"68, RUE DE LA CHAPELLE",,,Crépuscule ou aube,En agglomération,Place,Normale,Autre collision,,,,,,,,,,,2,2,7,1.0,6
201200058586,0012-10-01 09:50:00,12,10,1,9,50,750,118,"9, RUE FRANCIS DE CROISS",,,Plein jour,En agglomération,Hors intersection,Normale,Autre collision,,,,,,,,,,,1,2,1,1.0,6
201200058587,0012-10-05 20:30:00,12,10,5,20,30,750,118,AVENUE DE LA PORTE DE CL,,,Nuit avec éclairage allumé,En agglomération,Intersection en Y,Normale,Deux véhicules - côté,,,,,,,,,,,5,2,4,1.0,3
201200058588,0012-10-06 16:15:00,12,10,6,16,15,750,118,"72, BOULEVARD NEY",,,Plein jour,En agglomération,Hors intersection,Pluie forte,Deux véhicules - arrière,,,,,,,,,,,1,2,1,3.0,2
201200058589,0012-10-08 17:20:00,12,10,8,17,20,750,118,"86, RUE DE CLIGNANCOURT",,,Plein jour,En agglomération,Intersection en X,Pluie légère,Autre collision,,,,,,,,,,,1,2,2,2.0,6
201200058590,0012-10-10 02:55:00,12,10,10,2,55,750,118,"82, BOULEVARD ORNANO",,,Nuit avec éclairage allumé,En agglomération,Intersection à plus de 4 branches,Pluie légère,Deux véhicules - arrière,,,,,,,,,,,5,2,5,2.0,2
201200058591,0012-10-09 23:30:00,12,10,9,23,30,750,118,RUE ORDENER,,,Nuit avec éclairage allumé,En agglomération,Intersection à plus de 4 branches,Pluie légère,Deux véhicules - côté,,,,,,,,,,,5,2,5,2.0,3
201200058592,0012-10-11 17:50:00,12,10,11,17,50,750,118,"84, RUE ORDENER",,,Plein jour,En agglomération,Intersection en T,Normale,Deux véhicules - côté,,,,,,,,,,,1,2,3,1.0,3
201200058593,0012-10-11 19:10:00,12,10,11,19,10,750,118,"73, RUE RAMEY",,,Crépuscule ou aube,En agglomération,Intersection à plus de 4 branches,Pluie légère,Autre collision,,,,,,,,,,,2,2,5,2.0,6
201200058594,0012-10-12 06:55:00,12,10,12,6,55,750,118,"28, AVENUE DE LA PORTE D",,,Nuit avec éclairage allumé,En agglomération,Hors intersection,Pluie légère,Deux véhicules - côté,,,,,,,,,,,5,2,1,2.0,3
201200058595,0012-10-12 11:20:00,12,10,12,11,20,750,118,"98, RUE DU POTEAU",,,Plein jour,En agglomération,Intersection en Y,Temps couvert,Autre collision,,,,,,,,,,,1,2,4,8.0,6
201200058596,0012-10-12 12:00:00,12,10,12,12,0,750,118,"76, RUE MARX DORMOY",,,Plein jour,En agglomération,Hors intersection,Normale,Autre collision,,,,,,,,,,,1,2,1,1.0,6
201200058597,0012-10-12 18:15:00,12,10,12,18,15,750,118,AVENUE DE LA PORTE DE MO,,,Plein jour,En agglomération,Hors intersection,Normale,Autre collision,,,,,,,,,,,1,2,1,1.0,6
201200058598,0012-10-13 11:15:00,12,10,13,11,15,750,118,"92, RUE DE LA CHAPELLE",,,Plein jour,En agglomération,Intersection en X,Pluie légère,Trois véhicules et plus - collisions multiples,,,,,,,,,,,1,2,2,2.0,5
201200058599,0012-10-14 05:45:00,12,10,14,5,45,750,118,"72, BOULEVARD NEY",,,Nuit avec éclairage allumé,En agglomération,Hors intersection,Normale,Autre collision,,,,,,,,,,,5,2,1,1.0,6
201200058600,0012-10-15 08:10:00,12,10,15,8,10,750,118,"06, RUE JEAN HENRI FABRE",,,Crépuscule ou aube,En agglomération,Hors intersection,Normale,Autre collision,,,,,,,,,,,2,2,1,1.0,6
201200058601,0012-10-15 20:50:00,12,10,15,20,50,750,118,"2, RUE HENRI HUCHARD",,,Nuit avec éclairage allumé,En agglomération,Intersection en X,Normale,Autre collision,,,,,,,,,,,5,2,2,1.0,6
201200058602,0012-10-19 16:30:00,12,10,19,16,30,750,118,"120, AVENUE DE SAINT OUE",,,Plein jour,En agglomération,Intersection en X,Pluie légère,Deux véhicules - arrière,,,,,,,,,,,1,2,2,2.0,2
201200058603,0012-10-21 23:10:00,12,10,21,23,10,750,118,"r, RUE LEON",,,Nuit avec éclairage allumé,En agglomération,Intersection en X,Normale,Deux véhicules - côté,,,,,,,,,,,5,2,2,1.0,3
201200058604,0012-10-23 07:40:00,12,10,23,7,40,750,118,"9, RUE ORDENER",,,Crépuscule ou aube,En agglomération,Intersection en T,Normale,Autre collision,,,,,,,,,,,2,2,3,1.0,6
201200058605,0012-10-25 13:15:00,12,10,25,13,15,750,118,"31, RUE CAULAINCOURT",,,Plein jour,En agglomération,Hors intersection,Normale,Deux véhicules - côté,,,,,,,,,,,1,2,1,1.0,3
201200058606,0012-10-26 20:55:00,12,10,26,20,55,750,118,"140, BOULEVARD NEY",,,Nuit avec éclairage allumé,En agglomération,Hors intersection,Normale,Autre collision,,,,,,,,,,,5,2,1,1.0,6
201200058607,0012-10-28 10:00:00,12,10,28,10,0,750,118,"25, RUE DES ABBESSES",,,Plein jour,En agglomération,Hors intersection,Normale,Autre collision,,,,,,,,,,,1,2,1,1.0,6
201200058608,0012-10-28 18:30:00,12,10,28,18,30,750,117,BOULEVARD PERIPHERIQUE I,,,Nuit avec éclairage allumé,En agglomération,Hors intersection,Normale,Deux véhicules - arrière,,,,,,,,,,,5,2,1,1.0,2
201200058609,0012-10-28 19:35:00,12,10,28,19,35,750,118,"76, RUE DU MONT CENIS",,,Nuit sans éclairage public,En agglomération,Hors intersection,Normale,Autre collision,,,,,,,,,,,3,2,1,1.0,6
201200058610,0012-10-29 10:16:00,12,10,29,10,16,750,118,"19bis, RUE DE TORCY",,,Plein jour,En agglomération,Intersection en X,Normale,Deux véhicules - côté,,,,,,,,,,,1,2,2,1.0,3
201200058611,0012-10-30 19:30:00,12,10,30,19,30,750,118,AVENUE DE SAINT OUEN,,,Nuit avec éclairage allumé,En agglomération,Intersection en X,Normale,Deux véhicules - côté,,,,,,,,,,,5,2,2,1.0,3
201200058612,0012-10-31 22:25:00,12,10,31,22,25,750,118,"93, RUE DES MARTYRS",,,Nuit avec éclairage allumé,En agglomération,Intersection en X,Normale,Autre collision,,,,,,,,,,,5,2,2,1.0,6
201200058613,0012-11-01 10:14:00,12,11,1,10,14,750,118,PLACE PIGALLE,,,Plein jour,En agglomération,Place,Normale,Autre collision,,,,,,,,,,,1,2,7,1.0,6
201200058614,0012-11-02 18:00:00,12,11,2,18,0,750,118,RUE CAULAINCOURT,,,Nuit avec éclairage allumé,En agglomération,Intersection à plus de 4 branches,Pluie légère,Autre collision,,,,,,,,,,,5,2,5,2.0,6
201200058615,0012-11-03 00:01:00,12,11,3,0,1,750,117,"37, AVENUE DE CLICHY",,,Nuit avec éclairage allumé,En agglomération,Intersection en Y,Normale,Deux véhicules - côté,,,,,,,,,,,5,2,4,1.0,3
201200058616,0012-11-03 14:15:00,12,11,3,14,15,750,118,RUE STEPHENSON,,,Plein jour,En agglomération,Intersection en T,Normale,Deux véhicules - côté,,,,,,,,,,,1,2,3,1.0,3
201200058617,0012-11-05 19:45:00,12,11,5,19,45,750,118,"90, BOULEVARD NEY",,,Nuit avec éclairage allumé,En agglomération,Hors intersection,Pluie légère,Deux véhicules - côté,,,,,,,,,,,5,2,1,2.0,3
201200058618,0012-11-06 18:30:00,12,11,6,18,30,750,118,"8, AVENUE DE LA PORTE DE",,,Nuit avec éclairage allumé,En agglomération,Intersection en T,Normale,Deux véhicules - côté,,,,,,,,,,,5,2,3,1.0,3
201200058619,0012-11-07 08:15:00,12,11,7,8,15,750,118,"60, RUE D ORSEL",,,Plein jour,En agglomération,Hors intersection,Normale,Autre collision,,,,,,,,,,,1,2,1,1.0,6
201200058620,0012-11-07 08:47:00,12,11,7,8,47,750,118,"28, RUE D ORSEL",,,Plein jour,En agglomération,Intersection en X,Normale,Deux véhicules - côté,,,,,,,,,,,1,2,2,1.0,3
201200058621,0012-11-07 08:00:00,12,11,7,8,0,750,118,"10, RUE DE LA CHAPELLE",,,Plein jour,En agglomération,Intersection en Y,Normale,Autre collision,,,,,,,,,,,1,2,4,1.0,6
201200058622,0012-11-07 17:55:00,12,11,7,17,55,750,117,AVENUE DE LA PORTE DE SA,,,Nuit avec éclairage allumé,En agglomération,Intersection en Y,Normale,Deux véhicules - côté,,,,,,,,,,,5,2,4,1.0,3
201200058623,0012-11-04 21:00:00,12,11,4,21,0,750,118,BOULEVARD NEY,,,Nuit avec éclairage allumé,En agglomération,Intersection à plus de 4 branches,Normale,Deux véhicules - côté,,,,,,,,,,,5,2,5,1.0,3
201200058624,0012-11-09 03:50:00,12,11,9,3,50,750,118,"65, BOULEVARD NEY",,,Nuit avec éclairage allumé,En agglomération,Intersection en T,Normale,Autre collision,,,,,,,,,,,5,2,3,1.0,6
201200058625,0012-11-09 10:15:00,12,11,9,10,15,750,118,"93, RUE DE LA CHAPELLE",,,Plein jour,En agglomération,Intersection à plus de 4 branches,Normale,Deux véhicules - arrière,,,,,,,,,,,1,2,5,1.0,2
201200058626,0012-11-09 14:00:00,12,11,9,14,0,750,118,BOULEVARD DE LA CHAPELLE,,,Plein jour,En agglomération,Hors intersection,Temps couvert,Autre collision,,,,,,,,,,,1,2,1,8.0,6
201200058627,0012-11-09 20:20:00,12,11,9,20,20,750,118,"112, RUE CAULAINCOURT",,,Nuit avec éclairage allumé,En agglomération,Intersection en T,Pluie légère,Deux véhicules - côté,,,,,,,,,,,5,2,3,2.0,3
201200058628,0012-11-10 17:45:00,12,11,10,17,45,750,118,"1, RUE JACQUES CARTIER",,,Nuit avec éclairage allumé,En agglomération,Intersection en Y,Pluie légère,Autre collision,,,,,,,,,,,5,2,4,2.0,6
201200058629,0012-11-11 01:55:00,12,11,11,1,55,750,118,"1, BOULEVARD ORNANO",,,Nuit avec éclairage allumé,En agglomération,Intersection à plus de 4 branches,Normale,Autre collision,,,,,,,,,,,5,2,5,1.0,6
201200058630,0012-11-11 12:10:00,12,11,11,12,10,750,118,"08, RUE MARX DORMOY",,,Plein jour,En agglomération,Hors intersection,Normale,Deux véhicules - côté,,,,,,,,,,,1,2,1,1.0,3
201200058631,0012-11-11 18:10:00,12,11,11,18,10,750,118,"71, BOULEVARD BARBES",,,Nuit avec éclairage allumé,En agglomération,Hors intersection,Normale,Deux véhicules - côté,,,,,,,,,,,5,2,1,1.0,3
201200058632,0012-11-14 18:30:00,12,11,14,18,30,750,118,"7, RUE BELLIARD",,,Nuit avec éclairage allumé,En agglomération,Hors intersection,Normale,Deux véhicules - côté,,,,,,,,,,,5,2,1,1.0,3
201200058633,0012-11-15 20:10:00,12,11,15,20,10,750,118,"26, BOULEVARD DE CLICHY",,,Nuit avec éclairage allumé,En agglomération,Intersection en Y,Normale,Sans collision,,,,,,,,,,,5,2,4,1.0,7
201200058634,0012-11-18 22:00:00,12,11,18,22,0,750,118,BOULEVARD NEY,,,Nuit avec éclairage allumé,En agglomération,Hors intersection,Normale,Autre collision,,,,,,,,,,,5,2,1,1.0,6
201200058635,0012-11-20 21:00:00,12,11,20,21,0,750,118,"7, RUE BOINOD",,,Nuit avec éclairage allumé,En agglomération,Hors intersection,Normale,Autre collision,,,,,,,,,,,5,2,1,1.0,6
201200058636,0012-11-21 10:15:00,12,11,21,10,15,750,118,"61, RUE STEPHENSON",,,Plein jour,En agglomération,Intersection en X,Pluie légère,Sans collision,,,,,,,,,,,1,2,2,2.0,7
201200058637,0012-11-22 19:30:00,12,11,22,19,30,750,118,"54, RUE DE LA CHAPELLE",,,Nuit avec éclairage allumé,En agglomération,Hors intersection,Normale,Autre collision,,,,,,,,,,,5,2,1,1.0,6
201200058638,0012-11-23 12:45:00,12,11,23,12,45,750,118,"94, RUE DES POISSONNIERS",,,Plein jour,En agglomération,Hors intersection,Pluie légère,Deux véhicules - côté,,,,,,,,,,,1,2,1,2.0,3
201200058639,0012-11-24 07:00:00,12,11,24,7,0,750,118,"160, BOULEVARD NEY",,,Nuit avec éclairage allumé,En agglomération,Intersection en T,Normale,Trois véhicules et plus - en chaîne,,,,,,,,,,,5,2,3,1.0,4
201200058640,0012-11-24 15:31:00,12,11,24,15,31,750,118,"72, BOULEVARD NEY",,,Plein jour,En agglomération,Hors intersection,Normale,Deux véhicules - arrière,,,,,,,,,,,1,2,1,1.0,2
201200058641,0012-11-26 09:55:00,12,11,26,9,55,750,118,"7, AVENUE DE LA PORTE DE",,,Plein jour,En agglomération,Hors intersection,Normale,Deux véhicules - arrière,,,,,,,,,,,1,2,1,1.0,2
201200058642,0012-11-26 16:40:00,12,11,26,16,40,750,118,RUE DAMREMONT,,,Plein jour,En agglomération,Intersection à plus de 4 branches,Normale,Deux véhicules - frontale,,,,,,,,,,,1,2,5,1.0,1
201200058643,0012-11-27 19:15:00,12,11,27,19,15,750,118,"50 bis, RUE MARX DORMOY",,,Nuit avec éclairage allumé,En agglomération,Hors intersection,Normale,Deux véhicules - côté,,,,,,,,,,,5,2,1,1.0,3
201200058644,0012-11-27 23:15:00,12,11,27,23,15,750,118,AVENUE DE LA PORTE DE CL,,,Nuit avec éclairage allumé,En agglomération,Intersection en X,Normale,Deux véhicules - côté,,,,,,,,,,,5,2,2,1.0,3
201200058645,0012-11-28 08:50:00,12,11,28,8,50,750,118,"204, RUE MARCADET",,,Plein jour,En agglomération,Intersection à plus de 4 branches,Temps couvert,Deux véhicules - arrière,,,,,,,,,,,1,2,5,8.0,2
201200058646,0012-11-28 18:15:00,12,11,28,18,15,750,118,RUE SAINT BRUNO,,,Nuit avec éclairage allumé,En agglomération,Intersection en X,Normale,Autre collision,,,,,,,,,,,5,2,2,1.0,6
201200058647,0012-11-29 13:00:00,12,11,29,13,0,750,118,"113, BOULEVARD NEY",,,Plein jour,En agglomération,Intersection en Y,Normale,Deux véhicules - arrière,,,,,,,,,,,1,2,4,1.0,2
201200058648,0012-11-30 07:00:00,12,11,30,7,0,750,118,BOULEVARD DE LA CHAPELLE,,,Nuit avec éclairage allumé,En agglomération,Intersection en X,Normale,Deux véhicules - arrière,,,,,,,,,,,5,2,2,1.0,2
201200058649,0012-11-30 10:20:00,12,11,30,10,20,750,118,METRO MARX DORMOY,,,Plein jour,En agglomération,Intersection en X,Normale,Autre collision,,,,,,,,,,,1,2,2,1.0,6
201200058650,0012-11-30 17:15:00,12,11,30,17,15,750,118,"44, RUE JOSEPH DE MAISTR",,,Crépuscule ou aube,En agglomération,Intersection en X,Normale,Deux véhicules - frontale,,,,,,,,,,,2,2,2,1.0,1
201200058651,0012-12-04 08:15:00,12,12,4,8,15,750,118,PLACE DE CLICHY,,,Plein jour,En agglomération,Place,Pluie légère,Deux véhicules - côté,,,,,,,,,,,1,2,7,2.0,3
201200058652,0012-12-05 11:30:00,12,12,5,11,30,750,118,"4, PLACE ALBERT KAHN",,,Plein jour,En agglomération,Place,Normale,Sans collision,,,,,,,,,,,1,2,7,1.0,7
201200058653,0012-12-05 12:00:00,12,12,5,12,0,750,118,"38, RUE ORDENER",,,Plein jour,En agglomération,Hors intersection,Normale,Autre collision,,,,,,,,,,,1,2,1,1.0,6
201200058654,0012-12-05 12:28:00,12,12,5,12,28,750,118,"19, RUE POULET",,,Plein jour,En agglomération,Intersection à plus de 4 branches,Normale,Deux véhicules - côté,,,,,,,,,,,1,2,5,1.0,3
201200058655,0012-12-05 13:50:00,12,12,5,13,50,750,118,"38, RUE ORDENER",,,Plein jour,En agglomération,Hors intersection,Normale,Autre collision,,,,,,,,,,,1,2,1,1.0,6
201200058656,0012-12-07 15:50:00,12,12,7,15,50,750,118,"24, BOULEVARD DE CLICHY",,,Plein jour,En agglomération,Intersection en X,Pluie légère,Autre collision,,,,,,,,,,,1,2,2,2.0,6
201200058657,0012-12-07 18:45:00,12,12,7,18,45,750,118,"81, RUE DE LA CHAPELLE",,,Crépuscule ou aube,En agglomération,Intersection en X,Pluie légère,Autre collision,,,,,,,,,,,2,2,2,2.0,6
201200058658,0012-12-07 21:30:00,12,12,7,21,30,750,118,"04, BOULEVARD BARBES",,,Nuit avec éclairage allumé,En agglomération,Intersection en T,Pluie légère,Autre collision,,,,,,,,,,,5,2,3,2.0,6
201200058659,0012-12-10 08:15:00,12,12,10,8,15,750,118,"63, RUE DES POISSONNIERS",,,Plein jour,En agglomération,Intersection à plus de 4 branches,Normale,Autre collision,,,,,,,,,,,1,2,5,1.0,6
201200058660,0012-12-10 19:10:00,12,12,10,19,10,750,118,"32, BOULEVARD DE LA CHAP",,,Nuit avec éclairage allumé,En agglomération,Intersection à plus de 4 branches,Normale,Deux véhicules - côté,,,,,,,,,,,5,2,5,1.0,3
201200058661,0012-12-12 18:50:00,12,12,12,18,50,750,118,RUE CAULAINCOURT,,,Nuit avec éclairage allumé,En agglomération,Intersection en X,Normale,Autre collision,,,,,,,,,,,5,2,2,1.0,6
201200058662,0012-12-13 17:00:00,12,12,13,17,0,750,118,"128, RUE LAMARCK",,,Crépuscule ou aube,En agglomération,Intersection en X,Pluie légère,Autre collision,,,,,,,,,,,2,2,2,2.0,6
201200058663,0012-12-14 11:00:00,12,12,14,11,0,750,117,"75, AVENUE DE SAINT OUEN",,,Plein jour,En agglomération,Hors intersection,Pluie légère,Deux véhicules - arrière,,,,,,,,,,,1,2,1,2.0,2
201200058664,0012-12-15 09:00:00,12,12,15,9,0,750,118,"85, BOULEVARD NEY",,,Plein jour,En agglomération,Intersection en T,Normale,Deux véhicules - arrière,,,,,,,,,,,1,2,3,1.0,2
201200058665,0012-12-15 18:15:00,12,12,15,18,15,750,118,AVENUE DE LA PORTE DES P,,,Nuit avec éclairage allumé,En agglomération,Intersection à plus de 4 branches,Pluie forte,Deux véhicules - côté,,,,,,,,,,,5,2,5,3.0,3
201200058666,0012-12-15 20:50:00,12,12,15,20,50,750,118,"4, BOULEVARD BARBES",,,Nuit avec éclairage allumé,En agglomération,Intersection en T,Pluie légère,Autre collision,,,,,,,,,,,5,2,3,2.0,6
201200058667,0012-12-16 12:05:00,12,12,16,12,5,750,118,RUE LOUIS PASTEUR VALERY,,,Plein jour,En agglomération,Hors intersection,Normale,Deux véhicules - côté,,,,,,,,,,,1,2,1,1.0,3
201200058668,0012-12-18 16:25:00,12,12,18,16,25,750,118,"144, BOULEVARD NEY",,,Plein jour,En agglomération,Intersection en X,Normale,Autre collision,,,,,,,,,,,1,2,2,1.0,6
201200058669,0012-12-19 09:25:00,12,12,19,9,25,750,118,"140, BOULEVARD DE CLICHY",,,Plein jour,En agglomération,Hors intersection,Normale,Autre collision,,,,,,,,,,,1,2,1,1.0,6
201200058670,0012-12-19 17:05:00,12,12,19,17,5,750,118,"121, RUE ORDENER",,,Nuit avec éclairage allumé,En agglomération,Intersection en X,Pluie légère,Autre collision,,,,,,,,,,,5,2,2,2.0,6
201200058671,0012-12-20 06:55:00,12,12,20,6,55,750,118,"40, RUE MARX DORMOY",,,Nuit avec éclairage allumé,En agglomération,Hors intersection,Pluie forte,Deux véhicules - arrière,,,,,,,,,,,5,2,1,3.0,2
201200058672,0012-12-20 12:50:00,12,12,20,12,50,750,118,"7, RUE EMILE BLEMONT",,,Plein jour,En agglomération,Intersection en T,Pluie légère,Autre collision,,,,,,,,,,,1,2,3,2.0,6
201200058673,0012-12-20 23:00:00,12,12,20,23,0,750,118,"8, AVENUE DE LA PORTE DE",,,Nuit avec éclairage allumé,En agglomération,Hors intersection,Pluie légère,Deux véhicules - frontale,,,,,,,,,,,5,2,1,2.0,1
201200058674,0012-12-21 10:30:00,12,12,21,10,30,750,118,"48, RUE DU POTEAU",,,Plein jour,En agglomération,Intersection en X,Normale,Autre collision,,,,,,,,,,,1,2,2,1.0,6
201200058675,0012-12-21 21:55:00,12,12,21,21,55,750,118,"90, RUE DE LA CHAPELLE",,,Nuit avec éclairage allumé,En agglomération,Hors intersection,Normale,Autre collision,,,,,,,,,,,5,2,1,1.0,6
201200058676,0012-12-24 00:05:00,12,12,24,0,5,750,118,"20, AVENUE DE CLICHY",,,Nuit avec éclairage allumé,En agglomération,Intersection en T,Normale,Deux véhicules - côté,,,,,,,,,,,5,2,3,1.0,3
201200058677,0012-12-25 18:00:00,12,12,25,18,0,750,118,"75, BOULEVARD BARBES",,,Nuit avec éclairage allumé,En agglomération,Hors intersection,Pluie légère,Autre collision,,,,,,,,,,,5,2,1,2.0,6
201200058678,0012-12-26 21:45:00,12,12,26,21,45,750,118,"/, BOULEVARD BARBES",,,Nuit avec éclairage allumé,En agglomération,Intersection en Y,Pluie légère,Deux véhicules - côté,,,,,,,,,,,5,2,4,2.0,3
201200058679,0012-12-29 21:50:00,12,12,29,21,50,750,118,"80, RUE ORDENER",,,Nuit avec éclairage allumé,En agglomération,Intersection à plus de 4 branches,Pluie légère,Deux véhicules - arrière,,,,,,,,,,,5,2,5,2.0,2
201200058680,0012-03-23 14:15:00,12,3,23,14,15,750,118,"35, RUE DAMREMONT",,,Plein jour,En agglomération,Hors intersection,Normale,Autre collision,,,,,,,,,,,1,2,1,1.0,6
201200058681,0012-01-01 20:15:00,12,1,1,20,15,750,119,"128, BOULEVARD MACDONALD",,,Nuit avec éclairage allumé,En agglomération,Hors intersection,Pluie légère,Autre collision,,,,,,,,,,,5,2,1,2.0,6
201200058682,0012-01-03 13:35:00,12,1,3,13,35,750,119,"9, AVENUE CORENTIN CARIO",,,Plein jour,En agglomération,Intersection en T,Normale,Autre collision,,,,,,,,,,,1,2,3,1.0,6
201200058683,0012-01-04 09:30:00,12,1,4,9,30,750,119,BOULEVARD MACDONALD,,,Plein jour,En agglomération,Intersection en Y,Normale,Sans collision,,,,,,,,,,,1,2,4,1.0,7
201200058684,0012-01-04 21:10:00,12,1,4,21,10,750,119,AVENUE JEAN JAURES,,,Nuit avec éclairage allumé,En agglomération,Intersection en X,Normale,Deux véhicules - côté,,,,,,,,,,,5,2,2,1.0,3
201200058685,0012-01-08 15:35:00,12,1,8,15,35,750,119,"104, AVENUE DE FLANDRE",,,Plein jour,En agglomération,Intersection en T,Normale,Autre collision,,,,,,,,,,,1,2,3,1.0,6
201200058686,0012-01-11 07:15:00,12,1,11,7,15,750,119,BOULEVARD DE LA VILLETTE,,,Nuit avec éclairage allumé,En agglomération,Intersection à plus de 4 branches,Normale,Deux véhicules - côté,,,,,,,,,,,5,2,5,1.0,3
201200058687,0012-01-15 11:45:00,12,1,15,11,45,750,119,"20, RUE DE JOINVILLE",,,Plein jour,En agglomération,Hors intersection,Normale,Autre collision,,,,,,,,,,,1,2,1,1.0,6
201200058688,0012-01-15 12:50:00,12,1,15,12,50,750,119,"138, BOULEVARD MACDONALD",,,Plein jour,En agglomération,Hors intersection,Normale,Autre collision,,,,,,,,,,,1,2,1,1.0,6
201200058689,0012-01-18 19:25:00,12,1,18,19,25,750,119,RUE DE CRIMEE,,,Nuit avec éclairage allumé,En agglomération,Intersection en T,Pluie légère,Deux véhicules - côté,,,,,,,,,,,5,2,3,2.0,3
201200058690,0012-01-19 09:40:00,12,1,19,9,40,750,119,"1, RUE ADOLPHE MILLE",,,Plein jour,En agglomération,Intersection en X,Normale,Autre collision,,,,,,,,,,,1,2,2,1.0,6
201200058691,0012-01-19 13:50:00,12,1,19,13,50,750,119,"87, AVENUE DE FLANDRE",,,Plein jour,En agglomération,Hors intersection,Normale,Autre collision,,,,,,,,,,,1,2,1,1.0,6
201200058692,0012-01-20 12:20:00,12,1,20,12,20,750,119,PLACE DE LA BATAILLE DE,,,Plein jour,En agglomération,Place,Pluie légère,Autre collision,,,,,,,,,,,1,2,7,2.0,6
201200058693,0012-01-20 15:50:00,12,1,20,15,50,750,119,"61, RUE ARMAND CARREL",,,Plein jour,En agglomération,Intersection en X,Pluie légère,Deux véhicules - arrière,,,,,,,,,,,1,2,2,2.0,2
201200058694,0012-01-21 05:50:00,12,1,21,5,50,750,119,BOULEVARD SERURIER,,,Nuit avec éclairage allumé,En agglomération,Hors intersection,Normale,Deux véhicules - frontale,,,,,,,,,,,5,2,1,1.0,1
201200058695,0012-01-22 21:45:00,12,1,22,21,45,750,119,RUE DE BELLEVILLE,,,Nuit avec éclairage allumé,En agglomération,Intersection en X,Normale,Deux véhicules - côté,,,,,,,,,,,5,2,2,1.0,3
201200058696,0012-01-24 18:30:00,12,1,24,18,30,750,119,"1, PLACE DE LA PORTE DE",,,Nuit avec éclairage allumé,En agglomération,Place,Pluie légère,Autre collision,,,,,,,,,,,5,2,7,2.0,6
201200058697,0012-01-24 18:36:00,12,1,24,18,36,750,119,"45, AVENUE SIMON BOLIVAR",,,Nuit avec éclairage allumé,En agglomération,Hors intersection,Pluie légère,Autre collision,,,,,,,,,,,5,2,1,2.0,6
201200058698,0012-01-27 23:20:00,12,1,27,23,20,750,119,"1, RUE MAGENTA",,,Nuit avec éclairage allumé,En agglomération,Intersection en X,Normale,Deux véhicules - côté,,,,,,,,,,,5,2,2,1.0,3
201200058699,0012-01-27 13:50:00,12,1,27,13,50,750,119,"90, AVENUE DE FLANDRE",,,Plein jour,En agglomération,Hors intersection,Normale,Autre collision,,,,,,,,,,,1,2,1,1.0,6
201200058700,0012-01-29 09:55:00,12,1,29,9,55,750,119,"9, BOULEVARD DE LA VILLE",,,Plein jour,En agglomération,Intersection à plus de 4 branches,Normale,Deux véhicules - côté,,,,,,,,,,,1,2,5,1.0,3
201200058701,0012-01-29 11:45:00,12,1,29,11,45,750,119,"207, RUE DE CRIMEE",,,Plein jour,En agglomération,Intersection en X,Temps couvert,Autre collision,,,,,,,,,,,1,2,2,8.0,6
201200058702,0012-01-30 19:40:00,12,1,30,19,40,750,119,AVENUE DE FLANDRE,,,Nuit avec éclairage allumé,En agglomération,Hors intersection,Normale,Autre collision,,,,,,,,,,,5,2,1,1.0,6
201200058703,0012-02-01 08:20:00,12,2,1,8,20,750,119,"66, AVENUE DE FLANDRE",,,Plein jour,En agglomération,Hors intersection,Normale,Sans collision,,,,,,,,,,,1,2,1,1.0,7
201200058704,0012-02-03 21:30:00,12,2,3,21,30,750,119,"186, AVENUE JEAN JAURES",,,Nuit avec éclairage allumé,En agglomération,Hors intersection,Temps couvert,Deux véhicules - côté,,,,,,,,,,,5,2,1,8.0,3
201200058705,0012-02-05 21:00:00,12,2,5,21,0,750,119,"0, BOULEVARD DE LA VILLE",,,Nuit avec éclairage allumé,En agglomération,Intersection en X,Normale,Autre collision,,,,,,,,,,,5,2,2,1.0,6
201200058706,0012-02-09 15:00:00,12,2,9,15,0,750,119,"3, RUE ADOLPHE MILLE",,,Plein jour,En agglomération,Intersection en T,Normale,Autre collision,,,,,,,,,,,1,2,3,1.0,6