accident_id,datetime,annee,mois,jour,heure,minute,departement,commune_insee,adresse,latitude,longitude,luminosite,agglomeration,intersection,meteo,collision,nb_vehicules,nb_usagers,nb_indemnes,nb_tues,nb_blesses_hosp,nb_blesses_legers,age_cond_1,age_cond_2,veh_type_cond_1,veh_type_cond_2,lum_code,agg_code,int_code,atm_code,col_code
201200058707,0012-02-13 20:10:00,12,2,13,20,10,750,119,"125, AVENUE SIMON BOLIVA",,,Nuit sans éclairage public,En agglomération,Intersection en Y,Pluie légère,Autre collision,,,,,,,,,,,3,2,4,2.0,6
201200058708,0012-02-15 15:00:00,12,2,15,15,0,750,119,"100, AVENUE DE FLANDRE",,,Plein jour,En agglomération,Intersection à plus de 4 branches,Normale,Autre collision,,,,,,,,,,,1,2,5,1.0,6
201200058709,0012-02-17 18:40:00,12,2,17,18,40,750,119,"25, AVENUE SIMON BOLIVAR",,,Nuit avec éclairage non allumé,En agglomération,Intersection en T,Pluie légère,Autre collision,,,,,,,,,,,4,2,3,2.0,6
201200058710,0012-02-19 23:25:00,12,2,19,23,25,750,119,PLACE AUGUSTE BARON,,,Nuit sans éclairage public,En agglomération,Intersection en Y,Normale,Deux véhicules - arrière,,,,,,,,,,,3,2,4,1.0,2
201200058711,0012-02-19 23:40:00,12,2,19,23,40,750,119,"654, AVENUE DE FLANDRE",,,Nuit avec éclairage allumé,En agglomération,Intersection en X,Normale,Deux véhicules - côté,,,,,,,,,,,5,2,2,1.0,3
201200058712,0012-02-20 09:30:00,12,2,20,9,30,750,119,AVENUE CORENTIN CARIOU,,,Plein jour,En agglomération,Intersection en X,Normale,Deux véhicules - côté,,,,,,,,,,,1,2,2,1.0,3
201200058713,0012-02-21 18:20:00,12,2,21,18,20,750,119,"98, AVENUE SIMON BOLIVAR",,,Nuit avec éclairage allumé,En agglomération,Intersection en X,Normale,Autre collision,,,,,,,,,,,5,2,2,1.0,6
201200058714,0012-02-22 19:10:00,12,2,22,19,10,750,119,"208, AVENUE JEAN JAURES",,,Nuit avec éclairage allumé,En agglomération,Hors intersection,Normale,Autre collision,,,,,,,,,,,5,2,1,1.0,6
201200058715,0012-02-23 14:45:00,12,2,23,14,45,750,119,"102, BOULEVARD MACDONALD",,,Plein jour,En agglomération,Intersection à plus de 4 branches,Pluie légère,Autre collision,,,,,,,,,,,1,2,5,2.0,6
201200058716,0012-02-23 18:10:00,12,2,23,18,10,750,119,"1, RUE REBEVAL",,,Crépuscule ou aube,En agglomération,Intersection en X,Normale,Deux véhicules - côté,,,,,,,,,,,2,2,2,1.0,3
201200058717,0012-02-24 08:45:00,12,2,24,8,45,750,119,RUE DAVID D ANGERS,,,Plein jour,En agglomération,Intersection en X,Temps couvert,Autre collision,,,,,,,,,,,1,2,2,8.0,6
201200058718,0012-02-24 08:55:00,12,2,24,8,55,750,119,"7, AVENUE DE LA PORTE CH",,,Plein jour,En agglomération,Intersection en X,Normale,Autre collision,,,,,,,,,,,1,2,2,1.0,6
201200058719,0012-02-26 15:15:00,12,2,26,15,15,750,119,RUE DE THIONVILLE,,,Plein jour,En agglomération,Intersection en T,Normale,Autre collision,,,,,,,,,,,1,2,3,1.0,6
201200058720,0012-03-02 17:25:00,12,3,2,17,25,750,119,"89, RUE DE L OURCQ",,,Plein jour,En agglomération,Intersection en X,Normale,Autre collision,,,,,,,,,,,1,2,2,1.0,6
201200058721,0012-03-05 20:15:00,12,3,5,20,15,750,119,"23, RUE DE BELLEVILLE",,,Nuit avec éclairage allumé,En agglomération,Intersection en T,Pluie légère,Autre collision,,,,,,,,,,,5,2,3,2.0,6
201200058722,0012-03-07 12:30:00,12,3,7,12,30,750,119,"216, AVENUE DE CRIMEE",,,Plein jour,En agglomération,Intersection en T,Normale,Autre collision,,,,,,,,,,,1,2,3,1.0,6
201200058723,0012-03-07 15:00:00,12,3,7,15,0,750,119,"160, RUE D AUBERVILLIERS",,,Plein jour,En agglomération,Hors intersection,Pluie légère,Autre collision,,,,,,,,,,,1,2,1,2.0,6
201200058724,0012-03-08 18:15:00,12,3,8,18,15,750,119,"25, AVENUE CORENTIN CARI",,,Plein jour,En agglomération,Hors intersection,Normale,Deux véhicules - côté,,,,,,,,,,,1,2,1,1.0,3
201200058725,0012-03-11 00:30:00,12,3,11,0,30,750,119,RUE SIGMUND FREUD,,,Nuit avec éclairage allumé,En agglomération,Intersection en X,Normale,Autre collision,,,,,,,,,,,5,2,2,1.0,6
201200058726,0012-03-11 00:05:00,12,3,11,0,5,750,119,RUE ANDRE DANJON,,,Nuit avec éclairage allumé,En agglomération,Intersection en X,Normale,Deux véhicules - côté,,,,,,,,,,,5,2,2,1.0,3
201200058727,0012-03-11 14:55:00,12,3,11,14,55,750,119,"1, AVENUE DE LA PORTE DE",,,Plein jour,En agglomération,Hors intersection,Normale,Autre collision,,,,,,,,,,,1,2,1,1.0,6
201200058728,0012-03-11 16:05:00,12,3,11,16,5,750,119,"58, RUE ARMAND CARREL",,,Plein jour,En agglomération,Intersection en X,Normale,Autre collision,,,,,,,,,,,1,2,2,1.0,6
201200058729,0012-03-13 08:00:00,12,3,13,8,0,750,119,"98, AVENUE SIMON BOLIVAR",,,Plein jour,En agglomération,Intersection en X,Normale,Autre collision,,,,,,,,,,,1,2,2,1.0,6
201200058730,0012-03-13 11:25:00,12,3,13,11,25,750,119,"24, RUE DU PLATEAU",,,Plein jour,En agglomération,Intersection en T,Normale,Deux véhicules - côté,,,,,,,,,,,1,2,3,1.0,3
201200058731,0012-03-14 14:45:00,12,3,14,14,45,750,119,"2, QUAI DE LA MARNE",,,Plein jour,En agglomération,Intersection en T,Normale,Deux véhicules - côté,,,,,,,,,,,1,2,3,1.0,3
201200058732,0012-03-14 16:50:00,12,3,14,16,50,750,119,"1, PLACE DE LA PORTE DE",,,Plein jour,En agglomération,Intersection en Y,Normale,Deux véhicules - arrière,,,,,,,,,,,1,2,4,1.0,2
201200058733,0012-03-14 19:00:00,12,3,14,19,0,750,119,"135, AVENUE DE FLANDRE",,,Nuit avec éclairage allumé,En agglomération,Intersection en X,Normale,Autre collision,,,,,,,,,,,5,2,2,1.0,6
201200058734,0012-03-15 10:55:00,12,3,15,10,55,750,119,"1, PLACE AUGUSTE BARON",,,Plein jour,En agglomération,Place,Normale,Deux véhicules - côté,,,,,,,,,,,1,2,7,1.0,3
201200058735,0012-03-16 14:50:00,12,3,16,14,50,750,119,"3, RUE DE TOULOUSE",,,Plein jour,En agglomération,Hors intersection,Normale,Autre collision,,,,,,,,,,,1,2,1,1.0,6
201200058736,0012-03-20 14:45:00,12,3,20,14,45,750,119,RUE DE L OURCQ,,,Plein jour,En agglomération,Intersection en T,Normale,Autre collision,,,,,,,,,,,1,2,3,1.0,6
201200058737,0012-03-24 04:25:00,12,3,24,4,25,750,118,"198, RUE D AUBERVILLIERS",,,Nuit avec éclairage allumé,En agglomération,Intersection en T,Normale,Deux véhicules - côté,,,,,,,,,,,5,2,3,1.0,3
201200058738,0012-03-27 18:50:00,12,3,27,18,50,750,119,PLACE AUGUSTE BARON,,,Plein jour,En agglomération,Place,Normale,Deux véhicules - côté,,,,,,,,,,,1,2,7,1.0,3
201200058739,0012-03-28 11:30:00,12,3,28,11,30,750,119,"210, BOULEVARD MACDONALD",,,Plein jour,En agglomération,Hors intersection,Normale,Autre collision,,,,,,,,,,,1,2,1,1.0,6
201200058740,0012-03-29 09:55:00,12,3,29,9,55,750,119,BOULEVARD MACDONALD,,,Plein jour,En agglomération,Hors intersection,Normale,Deux véhicules - côté,,,,,,,,,,,1,2,1,1.0,3
201200058741,0012-03-30 08:30:00,12,3,30,8,30,750,119,"24, RUE DE LA SOLIDARITE",,,Plein jour,En agglomération,Intersection en T,Normale,Autre collision,,,,,,,,,,,1,2,3,1.0,6
201200058742,0012-03-30 11:40:00,12,3,30,11,40,750,119,PLACE DE LA PORTE DE PAN,,,Plein jour,En agglomération,Intersection en Y,Normale,Deux véhicules - arrière,,,,,,,,,,,1,2,4,1.0,2
201200058743,0012-03-30 11:40:00,12,3,30,11,40,750,119,"136, AVENUE DE FLANDRE",,,Plein jour,En agglomération,Hors intersection,Normale,Deux véhicules - côté,,,,,,,,,,,1,2,1,1.0,3
201200058744,0012-04-02 10:25:00,12,4,2,10,25,750,119,"21, AVENUE SIMON BOLIVAR",,,Plein jour,En agglomération,Hors intersection,Normale,Autre collision,,,,,,,,,,,1,2,1,1.0,6
201200058745,0012-04-02 14:15:00,12,4,2,14,15,750,119,"32, RUE ARMAND CARREL",,,Plein jour,En agglomération,Hors intersection,Normale,Deux véhicules - arrière,,,,,,,,,,,1,2,1,1.0,2
201200058746,0012-04-03 09:10:00,12,4,3,9,10,750,119,"95, AVENUE SIMON BOLIVAR",,,Plein jour,En agglomération,Intersection en Y,Normale,Deux véhicules - côté,,,,,,,,,,,1,2,4,1.0,3
201200058747,0012-04-03 13:15:00,12,4,3,13,15,750,119,"5, RUE REBEVAL",,,Plein jour,En agglomération,Intersection en T,Normale,Deux véhicules - arrière,,,,,,,,,,,1,2,3,1.0,2
201200058748,0012-04-04 08:20:00,12,4,4,8,20,750,119,"59, RUE DE MEAUX",,,Plein jour,En agglomération,Intersection en X,Normale,Autre collision,,,,,,,,,,,1,2,2,1.0,6
201200058749,0012-04-05 07:00:00,12,4,5,7,0,750,119,"18-26, RUE GOUBET",,,Plein jour,En agglomération,Intersection en X,Normale,Deux véhicules - côté,,,,,,,,,,,1,2,2,1.0,3
201200058750,0012-04-09 18:00:00,12,4,9,18,0,750,119,"69, AVENUE SIMON BOLIVAR",,,Plein jour,En agglomération,Intersection en T,Pluie légère,Sans collision,,,,,,,,,,,1,2,3,2.0,7
201200058751,0012-04-11 16:41:00,12,4,11,16,41,750,119,"29, RUE DE MOUZAIA",,,Plein jour,En agglomération,Intersection en T,Normale,Autre collision,,,,,,,,,,,1,2,3,1.0,6
201200058752,0012-04-15 16:20:00,12,4,15,16,20,750,119,"121, AVENUE SIMON BOLIVA",,,Plein jour,En agglomération,Intersection en Y,Temps couvert,Autre collision,,,,,,,,,,,1,2,4,8.0,6
201200058753,0012-04-15 22:13:00,12,4,15,22,13,750,119,RUE FESSART,,,Nuit avec éclairage non allumé,En agglomération,Intersection en X,Normale,Deux véhicules - côté,,,,,,,,,,,4,2,2,1.0,3
201200058754,0012-04-16 10:15:00,12,4,16,10,15,750,119,"153, BOULEVARD MACDONALD",,,Plein jour,En agglomération,Hors intersection,Normale,Deux véhicules - côté,,,,,,,,,,,1,2,1,1.0,3
201200058755,0012-04-17 11:50:00,12,4,17,11,50,750,119,PORTE DE PANTIN,,,Plein jour,En agglomération,Intersection à plus de 4 branches,Pluie légère,Deux véhicules - côté,,,,,,,,,,,1,2,5,2.0,3
201200058756,0012-04-17 15:10:00,12,4,17,15,10,750,119,"40, RUE DE MOUZAIA",,,Plein jour,En agglomération,Intersection en T,Pluie légère,Autre collision,,,,,,,,,,,1,2,3,2.0,6
201200058757,0012-04-17 17:40:00,12,4,17,17,40,750,119,"61, RUE RIQUET",,,Plein jour,En agglomération,Hors intersection,Pluie légère,Autre collision,,,,,,,,,,,1,2,1,2.0,6
201200058758,0012-04-18 19:00:00,12,4,18,19,0,750,119,RUE DE BELLEVILLE,,,Plein jour,En agglomération,Intersection en T,Pluie légère,Deux véhicules - côté,,,,,,,,,,,1,2,3,2.0,3
201200058759,0012-04-19 07:35:00,12,4,19,7,35,750,119,"29, BOULEVARD D ALGERIE",,,Plein jour,En agglomération,Intersection en X,Normale,Autre collision,,,,,,,,,,,1,2,2,1.0,6
201200058760,0012-04-19 13:40:00,12,4,19,13,40,750,119,BOULEVARD D INDOCHINE,,,Plein jour,En agglomération,Intersection à plus de 4 branches,Normale,Sans collision,,,,,,,,,,,1,2,5,1.0,7
201200058761,0012-04-20 13:30:00,12,4,20,13,30,750,119,"12, RUE ARMAND CARREL",,,Plein jour,En agglomération,Intersection en X,Temps couvert,Autre collision,,,,,,,,,,,1,2,2,8.0,6
201200058762,0012-04-22 12:45:00,12,4,22,12,45,750,119,BOULEVARD DE LA VILLETTE,,,Plein jour,En agglomération,Place,Normale,Autre collision,,,,,,,,,,,1,2,7,1.0,6
201200058763,0012-04-22 18:40:00,12,4,22,18,40,750,119,"8, RUE MEYNADIER",,,Plein jour,En agglomération,Hors intersection,Normale,Trois véhicules et plus - en chaîne,,,,,,,,,,,1,2,1,1.0,4
201200058764,0012-04-22 17:30:00,12,4,22,17,30,750,119,"41, RUE DE BELLEVILLE",,,Plein jour,En agglomération,Intersection en X,Normale,Deux véhicules - arrière,,,,,,,,,,,1,2,2,1.0,2
201200058765,0012-04-23 11:05:00,12,4,23,11,5,750,119,"47, RUE DES BOIS",,,Plein jour,En agglomération,Intersection en X,Pluie forte,Trois véhicules et plus - collisions multiples,,,,,,,,,,,1,2,2,3.0,5
201200058766,0012-04-23 17:00:00,12,4,23,17,0,750,119,"139, RUE DE BELLEVILLE",,,Plein jour,En agglomération,Intersection en X,Pluie légère,Autre collision,,,,,,,,,,,1,2,2,2.0,6
201200058767,0012-04-23 18:50:00,12,4,23,18,50,750,119,RUE DE CRIMEE,,,Plein jour,En agglomération,Intersection en X,Temps couvert,Deux véhicules - côté,,,,,,,,,,,1,2,2,8.0,3
201200058768,0012-04-24 17:35:00,12,4,24,17,35,750,119,"10, AVENUE DE LA PORTE B",,,Plein jour,En agglomération,Hors intersection,Normale,Autre collision,,,,,,,,,,,1,2,1,1.0,6
201200058769,0012-04-25 08:00:00,12,4,25,8,0,750,119,"10, AVENUE JEAN JAURES",,,Plein jour,En agglomération,Intersection à plus de 4 branches,Temps couvert,Sans collision,,,,,,,,,,,1,2,5,8.0,7
201200058770,0012-04-25 15:15:00,12,4,25,15,15,750,119,RUE DE CRIMEE,,,Plein jour,En agglomération,Intersection en X,Pluie légère,Deux véhicules - côté,,,,,,,,,,,1,2,2,2.0,3
201200058771,0012-05-02 08:35:00,12,5,2,8,35,750,119,RUE DAVID D ANGERS,,,Plein jour,En agglomération,Intersection en T,Normale,Autre collision,,,,,,,,,,,1,2,3,1.0,6
201200058772,0012-05-01 22:00:00,12,5,1,22,0,750,119,"221, RUE DE BELLEVILLE",,,Nuit avec éclairage allumé,En agglomération,Intersection en X,Normale,Autre collision,,,,,,,,,,,5,2,2,1.0,6
201200058773,0012-05-12 09:30:00,12,5,12,9,30,750,119,"17, RUE DE LA VILLETTE",,,Plein jour,En agglomération,Intersection en X,Normale,Autre collision,,,,,,,,,,,1,2,2,1.0,6
201200058774,0012-05-14 15:50:00,12,5,14,15,50,750,119,"97, RUE DE MEAUX",,,Plein jour,En agglomération,Intersection en T,Normale,Autre collision,,,,,,,,,,,1,2,3,1.0,6
201200058775,0012-05-15 15:40:00,12,5,15,15,40,750,119,"185, AVENUE JEAN JAURES",,,Plein jour,En agglomération,Intersection en X,Pluie légère,Autre collision,,,,,,,,,,,1,2,2,2.0,6
201200058776,0012-05-15 17:50:00,12,5,15,17,50,750,119,"1, PLACE AUGUSTE BARON",,,Plein jour,En agglomération,Place,Normale,Sans collision,,,,,,,,,,,1,2,7,1.0,7
201200058777,0012-05-15 18:40:00,12,5,15,18,40,750,119,"54, AVENUE SIMON BOLIVAR",,,Plein jour,En agglomération,Intersection à plus de 4 branches,Normale,Sans collision,,,,,,,,,,,1,2,5,1.0,7
201200058778,0012-05-15 18:30:00,12,5,15,18,30,750,119,"186, AVENUE JEAN JAURES",,,Plein jour,En agglomération,Hors intersection,Normale,Deux véhicules - arrière,,,,,,,,,,,1,2,1,1.0,2
201200058779,0012-05-15 19:40:00,12,5,15,19,40,750,119,"102, BOULEVARD DE LA VIL",,,Plein jour,En agglomération,Hors intersection,Normale,Deux véhicules - arrière,,,,,,,,,,,1,2,1,1.0,2
201200058780,0012-05-16 07:30:00,12,5,16,7,30,750,119,"50, RUE BOTZARIS",,,Plein jour,En agglomération,Hors intersection,Normale,Autre collision,,,,,,,,,,,1,2,1,1.0,6
201200058781,0012-05-17 04:50:00,12,5,17,4,50,750,119,PLACE SKANDERBEG,,,Nuit sans éclairage public,En agglomération,Hors intersection,Normale,Deux véhicules - arrière,,,,,,,,,,,3,2,1,1.0,2
201200058782,0012-05-18 11:45:00,12,5,18,11,45,750,119,"45, RUE MANIN",,,Plein jour,En agglomération,Intersection en Y,Normale,Autre collision,,,,,,,,,,,1,2,4,1.0,6
201200058783,0012-05-21 20:00:00,12,5,21,20,0,750,119,"1, RUE ALEXANDER FLEMING",,,Plein jour,En agglomération,Intersection en Y,Pluie légère,Sans collision,,,,,,,,,,,1,2,4,2.0,7
201200058784,0012-05-24 18:55:00,12,5,24,18,55,750,119,BOULEVARD DE LA VILLETTE,,,Plein jour,En agglomération,Intersection à plus de 4 branches,Normale,Autre collision,,,,,,,,,,,1,2,5,1.0,6
201200058785,0012-05-25 12:15:00,12,5,25,12,15,750,119,"1, RUE EUGENE JUMIN",,,Plein jour,En agglomération,Hors intersection,Normale,Autre collision,,,,,,,,,,,1,2,1,1.0,6
201200058786,0012-05-26 11:45:00,12,5,26,11,45,750,119,"2, AVENUE JEAN JAURES",,,Plein jour,En agglomération,Place,Normale,Deux véhicules - côté,,,,,,,,,,,1,2,7,1.0,3
201200058787,0012-05-26 14:40:00,12,5,26,14,40,750,119,RUE BOTZARIS,,,Plein jour,En agglomération,Intersection en Y,Normale,Deux véhicules - arrière,,,,,,,,,,,1,2,4,1.0,2
201200058788,0012-05-26 17:00:00,12,5,26,17,0,750,119,RUE MANIN,,,Plein jour,En agglomération,Intersection à plus de 4 branches,Normale,Autre collision,,,,,,,,,,,1,2,5,1.0,6
201200058789,0012-05-27 14:58:00,12,5,27,14,58,750,119,"61, AVENUE DE FLANDRE",,,Plein jour,En agglomération,Intersection en X,Normale,Deux véhicules - arrière,,,,,,,,,,,1,2,2,1.0,2
201200058790,0012-05-30 08:50:00,12,5,30,8,50,750,119,"28, AVENUE DE FLANDRE",,,Plein jour,En agglomération,Intersection en X,Normale,Autre collision,,,,,,,,,,,1,2,2,1.0,6
201200058791,0012-05-29 21:45:00,12,5,29,21,45,750,119,"0, BOULEVARD DE LA VILLE",,,Nuit avec éclairage allumé,En agglomération,Intersection à plus de 4 branches,Normale,Deux véhicules - côté,,,,,,,,,,,5,2,5,1.0,3
201200058792,0012-05-30 23:40:00,12,5,30,23,40,750,120,"184, RUE DE BELLEVILLE",,,Nuit avec éclairage allumé,En agglomération,Hors intersection,Normale,Autre collision,,,,,,,,,,,5,2,1,1.0,6
201200058793,0012-05-31 20:05:00,12,5,31,20,5,750,119,"22, AVENUE DE LA PORTE D",,,Plein jour,En agglomération,Intersection en Y,Normale,Deux véhicules - côté,,,,,,,,,,,1,2,4,1.0,3
201200058794,0012-06-02 11:50:00,12,6,2,11,50,750,119,"38, AVENUE SECRETAN",,,Plein jour,En agglomération,Intersection en X,Normale,Autre collision,,,,,,,,,,,1,2,2,1.0,6
201200058795,0012-06-02 12:10:00,12,6,2,12,10,750,119,"157, RUE MANIN",,,Plein jour,En agglomération,Hors intersection,Normale,Autre collision,,,,,,,,,,,1,2,1,1.0,6
201200058796,0012-06-03 21:55:00,12,6,3,21,55,750,119,"114, BOULEVARD MACDONALD",,,Nuit avec éclairage allumé,En agglomération,Intersection en X,Normale,Sans collision,,,,,,,,,,,5,2,2,1.0,7
201200058797,0012-06-05 13:00:00,12,6,5,13,0,750,119,"66, RUE PETIT",,,Plein jour,En agglomération,Intersection en X,Normale,Deux véhicules - côté,,,,,,,,,,,1,2,2,1.0,3
201200058798,0012-06-07 19:55:00,12,6,7,19,55,750,119,BOULEVARD DE LA VILLETTE,,,Plein jour,En agglomération,Intersection à plus de 4 branches,Normale,Sans collision,,,,,,,,,,,1,2,5,1.0,7
201200058799,0012-06-08 12:10:00,12,6,8,12,10,750,119,BOULEVARD DE LA VILLETTE,,,Plein jour,En agglomération,Intersection en X,Normale,Deux véhicules - côté,,,,,,,,,,,1,2,2,1.0,3
201200058800,0012-06-08 12:35:00,12,6,8,12,35,750,119,"2, AVENUE JEAN JAURES",,,Plein jour,En agglomération,Place,Normale,Deux véhicules - arrière,,,,,,,,,,,1,2,7,1.0,2
201200058801,0012-06-10 09:45:00,12,6,10,9,45,750,119,"27 bis, RUE DE BELLEVUE",,,Plein jour,En agglomération,Hors intersection,Normale,Autre collision,,,,,,,,,,,1,2,1,1.0,6
201200058802,0012-06-11 13:20:00,12,6,11,13,20,750,119,"181, RUE DE CRIMEE",,,Plein jour,En agglomération,Hors intersection,Normale,Autre collision,,,,,,,,,,,1,2,1,1.0,6
201200058803,0012-06-14 19:45:00,12,6,14,19,45,750,119,BOULEVARD MACDONALD,,,Plein jour,En agglomération,Intersection en T,Normale,Sans collision,,,,,,,,,,,1,2,3,1.0,7
201200058804,0012-06-17 00:25:00,12,6,17,0,25,750,120,RUE DE BELLEVILLE,,,Nuit avec éclairage allumé,En agglomération,Intersection en T,Normale,Sans collision,,,,,,,,,,,5,2,3,1.0,7
201200058805,0012-06-18 13:58:00,12,6,18,13,58,750,119,"21, RUE MEYNADIER",,,Plein jour,En agglomération,Intersection en T,Normale,Autre collision,,,,,,,,,,,1,2,3,1.0,6
201200058806,0012-06-19 09:20:00,12,6,19,9,20,750,119,RUE ARCHEREAU,,,Plein jour,En agglomération,Intersection en X,Normale,Deux véhicules - côté,,,,,,,,,,,1,2,2,1.0,3
201200058807,0012-06-20 16:50:00,12,6,20,16,50,750,119,"11 TER, RUE CURIAL",,,Plein jour,En agglomération,Intersection en T,Normale,Deux véhicules - côté,,,,,,,,,,,1,2,3,1.0,3
201200058808,0012-06-21 19:20:00,12,6,21,19,20,750,119,"49, RUE DE TANGER",,,Plein jour,En agglomération,Hors intersection,Normale,Autre collision,,,,,,,,,,,1,2,1,1.0,6
201200058809,0012-06-21 20:00:00,12,6,21,20,0,750,119,"8, AVENUE SIMON BOLIVAR",,,Crépuscule ou aube,En agglomération,Hors intersection,Normale,Autre collision,,,,,,,,,,,2,2,1,1.0,6
201200058810,0012-06-22 23:40:00,12,6,22,23,40,750,119,"43, BOULEVARD SERURIER",,,Nuit avec éclairage allumé,En agglomération,Hors intersection,Normale,Autre collision,,,,,,,,,,,5,2,1,1.0,6
201200058811,0012-06-23 19:15:00,12,6,23,19,15,750,119,"39, RUE DE L OURCQ",,,Plein jour,En agglomération,Intersection à plus de 4 branches,Normale,Deux véhicules - frontale,,,,,,,,,,,1,2,5,1.0,1
201200058812,0012-06-23 20:00:00,12,6,23,20,0,750,119,"202, AVENUE JEAN JAURES",,,Plein jour,En agglomération,Hors intersection,Normale,Autre collision,,,,,,,,,,,1,2,1,1.0,6
201200058813,0012-06-25 08:20:00,12,6,25,8,20,750,119,"145, AVENUE DE FLANDRE",,,Plein jour,En agglomération,Intersection en T,Normale,Autre collision,,,,,,,,,,,1,2,3,1.0,6
201200058814,0012-06-25 09:30:00,12,6,25,9,30,750,119,"228, AVENUE JEAN JAURES",,,Plein jour,En agglomération,Intersection en X,Normale,Deux véhicules - arrière,,,,,,,,,,,1,2,2,1.0,2
201200058815,0012-05-01 10:16:00,12,5,1,10,16,750,119,"06, AVENUE CORENTIN CARI",,,Plein jour,En agglomération,Intersection en T,Normale,Deux véhicules - côté,,,,,,,,,,,1,2,3,1.0,3
201200058816,0012-06-26 08:25:00,12,6,26,8,25,750,119,"184, RUE DE CRIMEE",,,Plein jour,En agglomération,Intersection à plus de 4 branches,Pluie légère,Deux véhicules - arrière,,,,,,,,,,,1,2,5,2.0,2
201200058817,0012-06-26 10:31:00,12,6,26,10,31,750,119,"193, AVENUE JEAN JAURES",,,Plein jour,En agglomération,Hors intersection,Pluie légère,Deux véhicules - frontale,,,,,,,,,,,1,2,1,2.0,1
201200058818,0012-06-26 11:40:00,12,6,26,11,40,750,119,AVENUE JEAN JAURES,,,Plein jour,En agglomération,Intersection en T,Pluie légère,Deux véhicules - côté,,,,,,,,,,,1,2,3,2.0,3
201200058819,0012-06-28 08:05:00,12,6,28,8,5,750,119,PLACE AUGUSTE BARON,,,Plein jour,En agglomération,Hors intersection,Normale,Deux véhicules - côté,,,,,,,,,,,1,2,1,1.0,3
201200058820,0012-06-22 21:30:00,12,6,22,21,30,750,119,RUE ARCHEREAU,,,Crépuscule ou aube,En agglomération,Intersection en X,Normale,Deux véhicules - côté,,,,,,,,,,,2,2,2,1.0,3
201200058821,0012-06-30 12:20:00,12,6,30,12,20,750,119,"1, PLACE DE LA PORTE DE",,,Plein jour,En agglomération,Place,Normale,Deux véhicules - côté,,,,,,,,,,,1,2,7,1.0,3
201200058822,0012-07-01 05:50:00,12,7,1,5,50,750,119,"126, AVENUE SIMON BOLIVA",,,Nuit avec éclairage allumé,En agglomération,Intersection en Y,Normale,Autre collision,,,,,,,,,,,5,2,4,1.0,6
201200058823,0012-07-02 09:50:00,12,7,2,9,50,750,119,"68, BOULEVARD DE LA VILL",,,Plein jour,En agglomération,Intersection en Y,Normale,Deux véhicules - côté,,,,,,,,,,,1,2,4,1.0,3
201200058824,0012-07-03 23:30:00,12,7,3,23,30,750,119,"216, BOULEVARD DE LA VIL",,,Nuit avec éclairage allumé,En agglomération,Hors intersection,Normale,Deux véhicules - côté,,,,,,,,,,,5,2,1,1.0,3
201200058825,0012-07-03 14:15:00,12,7,3,14,15,750,119,"96, RUE CURIAL",,,Plein jour,En agglomération,Hors intersection,Normale,Autre collision,,,,,,,,,,,1,2,1,1.0,6
201200058826,0012-07-05 09:15:00,12,7,5,9,15,750,119,"40, RUE DE CRIMEE",,,Plein jour,En agglomération,Intersection en X,Normale,Sans collision,,,,,,,,,,,1,2,2,1.0,7
201200058827,0012-07-05 17:00:00,12,7,5,17,0,750,119,AVENUE RENE FONCK,,,Plein jour,En agglomération,Place,Pluie forte,Autre collision,,,,,,,,,,,1,2,7,3.0,6
201200058828,0012-07-07 19:50:00,12,7,7,19,50,750,119,"0, AVENUE DE LA PORTE DE",,,Plein jour,En agglomération,Place,Normale,Deux véhicules - côté,,,,,,,,,,,1,2,7,1.0,3
201200058829,0012-07-08 06:30:00,12,7,8,6,30,750,119,"133, AVENUE JEAN JAURES",,,Crépuscule ou aube,En agglomération,Intersection en X,Pluie légère,Deux véhicules - arrière,,,,,,,,,,,2,2,2,2.0,2
201200058830,0012-07-08 16:20:00,12,7,8,16,20,750,119,"86, RUE BOTZARIS",,,Plein jour,En agglomération,Intersection en X,Temps couvert,Autre collision,,,,,,,,,,,1,2,2,8.0,6
201200058831,0012-07-09 15:00:00,12,7,9,15,0,750,119,"4, AVENUE SIMON BOLIVAR",,,Plein jour,En agglomération,Intersection à plus de 4 branches,Normale,Autre collision,,,,,,,,,,,1,2,5,1.0,6
201200058832,0012-07-10 12:40:00,12,7,10,12,40,750,119,"25, BOULEVARD D INDOCHIN",,,Plein jour,En agglomération,Intersection à plus de 4 branches,Normale,Deux véhicules - côté,,,,,,,,,,,1,2,5,1.0,3
201200058833,0012-07-12 09:30:00,12,7,12,9,30,750,119,"4, RUE DE THIONVILLE",,,Plein jour,En agglomération,Intersection en T,Normale,Deux véhicules - côté,,,,,,,,,,,1,2,3,1.0,3
201200058834,0012-07-12 18:30:00,12,7,12,18,30,750,119,"84, RUE DE CRIMEE",,,Plein jour,En agglomération,Hors intersection,Pluie légère,Autre collision,,,,,,,,,,,1,2,1,2.0,6
201200058835,0012-07-13 00:15:00,12,7,13,0,15,750,119,"3, AVENUE SIMON BOLIVAR",,,Nuit sans éclairage public,En agglomération,Intersection en X,Pluie forte,Sans collision,,,,,,,,,,,3,2,2,3.0,7
201200058836,0012-07-13 11:35:00,12,7,13,11,35,750,119,"62, RUE DE L OURCQ",,,Plein jour,En agglomération,Intersection en X,Pluie légère,Autre collision,,,,,,,,,,,1,2,2,2.0,6
201200058837,0012-07-15 21:35:00,12,7,15,21,35,750,119,PLACE SKANDERBEG,,,Plein jour,En agglomération,Place,Normale,Autre collision,,,,,,,,,,,1,2,7,1.0,6