accident_id,datetime,annee,mois,jour,heure,minute,departement,commune_insee,adresse,latitude,longitude,luminosite,agglomeration,intersection,meteo,collision,nb_vehicules,nb_usagers,nb_indemnes,nb_tues,nb_blesses_hosp,nb_blesses_legers,age_cond_1,age_cond_2,veh_type_cond_1,veh_type_cond_2,lum_code,agg_code,int_code,atm_code,col_code
201200058967,0012-12-18 23:35:00,12,12,18,23,35,750,119,"59, BOULEVARD MACDONALD",,,Nuit avec éclairage allumé,En agglomération,Hors intersection,Normale,Deux véhicules - côté,,,,,,,,,,,5,2,1,1.0,3
201200058968,0012-12-19 10:00:00,12,12,19,10,0,750,119,"3, RUE DE KABYLIE",,,Plein jour,En agglomération,Intersection à plus de 4 branches,Temps couvert,Deux véhicules - côté,,,,,,,,,,,1,2,5,8.0,3
201200058969,0012-12-19 20:15:00,12,12,19,20,15,750,119,"221, AVENUE JEAN JAURES",,,Nuit avec éclairage allumé,En agglomération,Hors intersection,Pluie légère,Deux véhicules - côté,,,,,,,,,,,5,2,1,2.0,3
201200058970,0012-12-20 08:50:00,12,12,20,8,50,750,119,PLACE DE LA PORTE DE PAN,,,Plein jour,En agglomération,Place,Pluie légère,Deux véhicules - arrière,,,,,,,,,,,1,2,7,2.0,2
201200058971,0012-12-22 09:10:00,12,12,22,9,10,750,119,"293, RUE DE BELLEVILLE",,,Plein jour,En agglomération,Intersection en X,Pluie forte,Deux véhicules - frontale,,,,,,,,,,,1,2,2,3.0,1
201200058972,0012-12-22 15:15:00,12,12,22,15,15,750,119,"33, AVENUE SIMON BOLIVAR",,,Plein jour,En agglomération,Intersection en X,Pluie légère,Autre collision,,,,,,,,,,,1,2,2,2.0,6
201200058973,0012-12-23 06:35:00,12,12,23,6,35,750,119,BOULEVARD SERURIER,,,Nuit avec éclairage allumé,En agglomération,Hors intersection,Normale,Autre collision,,,,,,,,,,,5,2,1,1.0,6
201200058974,0012-12-24 04:55:00,12,12,24,4,55,750,119,PLACE DE LA PORTE DE PAN,,,Nuit avec éclairage allumé,En agglomération,Place,Normale,Deux véhicules - côté,,,,,,,,,,,5,2,7,1.0,3
201200058975,0012-12-26 15:00:00,12,12,26,15,0,750,119,"14, RUE MANIN",,,Plein jour,En agglomération,Hors intersection,Normale,Deux véhicules - arrière,,,,,,,,,,,1,2,1,1.0,2
201200058976,0012-12-27 11:10:00,12,12,27,11,10,750,119,"17, AVENUE CORENTIN CARI",,,Plein jour,En agglomération,Intersection en X,Normale,Trois véhicules et plus - collisions multiples,,,,,,,,,,,1,2,2,1.0,5
201200058977,0012-12-30 19:30:00,12,12,30,19,30,750,119,AVENUE DE LA PORTE DE LA,,,Nuit avec éclairage allumé,En agglomération,Hors intersection,Normale,Deux véhicules - côté,,,,,,,,,,,5,2,1,1.0,3
201200058978,0012-01-01 17:10:00,12,1,1,17,10,750,120,"21, RUE DE BAGNOLET",,,Nuit avec éclairage allumé,En agglomération,Intersection en T,Pluie légère,Autre collision,,,,,,,,,,,5,2,3,2.0,6
201200058979,0012-12-31 06:00:00,12,12,31,6,0,750,120,"4, CITE AUBRY",,,Nuit avec éclairage allumé,En agglomération,Hors intersection,Normale,Autre collision,,,,,,,,,,,5,2,1,1.0,6
201200058980,0012-01-03 18:55:00,12,1,3,18,55,750,120,"30, BOULEVARD DE MENILMO",,,Nuit avec éclairage allumé,En agglomération,Hors intersection,Pluie légère,Deux véhicules - côté,,,,,,,,,,,5,2,1,2.0,3
201200058981,0012-01-04 11:15:00,12,1,4,11,15,750,120,"224, RUE DES PYRENEES",,,Plein jour,En agglomération,Intersection en X,Normale,Deux véhicules - côté,,,,,,,,,,,1,2,2,1.0,3
201200058982,0012-01-04 12:25:00,12,1,4,12,25,750,120,"125, BOULEVARD MORTIER",,,Plein jour,En agglomération,Intersection en X,Normale,Deux véhicules - côté,,,,,,,,,,,1,2,2,1.0,3
201200058983,0012-01-05 13:15:00,12,1,5,13,15,750,120,"S-12417, AVENUE GAMBETTA",,,Plein jour,En agglomération,Intersection en X,Pluie légère,Deux véhicules - côté,,,,,,,,,,,1,2,2,2.0,3
201200058984,0012-01-09 17:30:00,12,1,9,17,30,750,120,"278, BOULEVARD DE BELLEV",,,Nuit avec éclairage allumé,En agglomération,Intersection en X,Pluie légère,Autre collision,,,,,,,,,,,5,2,2,2.0,6
201200058985,0012-01-10 08:20:00,12,1,10,8,20,750,120,"45, RUE PELLEPORT",,,Plein jour,En agglomération,Intersection en Y,Pluie légère,Autre collision,,,,,,,,,,,1,2,4,2.0,6
201200058986,0012-01-11 20:10:00,12,1,11,20,10,750,120,"CR82, BOULEVARD PERIPHER",,,Nuit avec éclairage allumé,En agglomération,Hors intersection,Normale,Deux véhicules - arrière,,,,,,,,,,,5,2,1,1.0,2
201200058987,0012-01-12 13:40:00,12,1,12,13,40,750,120,"18, RUE D AVRON",,,Plein jour,En agglomération,Intersection en T,Normale,Deux véhicules - arrière,,,,,,,,,,,1,2,3,1.0,2
201200058988,0012-01-12 13:35:00,12,1,12,13,35,750,120,RUE DES GLAIEULS,,,Plein jour,En agglomération,Place,Normale,Autre collision,,,,,,,,,,,1,2,7,1.0,6
201200058989,0012-01-12 20:55:00,12,1,12,20,55,750,120,"269, RUE DES PYRENEES",,,Nuit avec éclairage allumé,En agglomération,Intersection à plus de 4 branches,Pluie légère,Deux véhicules - frontale,,,,,,,,,,,5,2,5,2.0,1
201200058990,0012-01-13 11:30:00,12,1,13,11,30,750,120,"2, RUE DES PYRENEES",,,Plein jour,En agglomération,Intersection en X,Normale,Autre collision,,,,,,,,,,,1,2,2,1.0,6
201200058991,0012-01-13 14:30:00,12,1,13,14,30,750,120,"69, RUE DES PYRENEES",,,Plein jour,En agglomération,Intersection en X,Normale,Autre collision,,,,,,,,,,,1,2,2,1.0,6
201200058992,0012-01-13 15:30:00,12,1,13,15,30,750,120,"4, PLACE GAMBETTA",,,Plein jour,En agglomération,Place,Normale,Autre collision,,,,,,,,,,,1,2,7,1.0,6
201200058993,0012-01-13 17:55:00,12,1,13,17,55,750,120,"343, RUE DES PYRENEES",,,Nuit avec éclairage allumé,En agglomération,Hors intersection,Normale,Autre collision,,,,,,,,,,,5,2,1,1.0,6
201200058994,0012-01-14 03:45:00,12,1,14,3,45,750,120,"2, BOULEVARD DE BELLEVIL",,,Nuit avec éclairage allumé,En agglomération,Intersection en X,Normale,Deux véhicules - arrière,,,,,,,,,,,5,2,2,1.0,2
201200058995,0012-01-14 12:30:00,12,1,14,12,30,750,120,"XXXXXXXX, PLACE DE LA PO",,,Plein jour,En agglomération,Intersection en X,Normale,Autre collision,,,,,,,,,,,1,2,2,1.0,6
201200058996,0012-01-17 10:45:00,12,1,17,10,45,750,120,"56, RUE VITRUVE",,,Plein jour,En agglomération,Intersection en X,Autre,Sans collision,,,,,,,,,,,1,2,2,9.0,7
201200058997,0012-01-17 13:25:00,12,1,17,13,25,750,120,RUE D AVRON,,,Plein jour,En agglomération,Intersection en X,Normale,Autre collision,,,,,,,,,,,1,2,2,1.0,6
201200058998,0012-01-18 17:15:00,12,1,18,17,15,750,120,"04, BOULEVARD DE BELLEVI",,,Crépuscule ou aube,En agglomération,Hors intersection,Pluie légère,Sans collision,,,,,,,,,,,2,2,1,2.0,7
201200058999,0012-01-18 17:20:00,12,1,18,17,20,750,120,"0, RUE DES PYRENEES",,,Nuit avec éclairage allumé,En agglomération,Intersection en T,Pluie légère,Sans collision,,,,,,,,,,,5,2,3,2.0,7
201200059000,0012-01-18 19:15:00,12,1,18,19,15,750,120,"103, RUE HAXO",,,Nuit avec éclairage allumé,En agglomération,Intersection en T,Normale,Deux véhicules - arrière,,,,,,,,,,,5,2,3,1.0,2
201200059001,0012-01-19 08:45:00,12,1,19,8,45,750,120,"169, RUE DE BAGNOLET",,,Plein jour,En agglomération,Hors intersection,Normale,Autre collision,,,,,,,,,,,1,2,1,1.0,6
201200059002,0012-01-19 08:55:00,12,1,19,8,55,750,120,"111, RUE DES PYRENEES",,,Plein jour,En agglomération,Hors intersection,Normale,Deux véhicules - frontale,,,,,,,,,,,1,2,1,1.0,1
201200059003,0012-01-20 14:15:00,12,1,20,14,15,750,120,"139, RUE DE BELLEVILLE",,,Plein jour,En agglomération,Intersection en X,Pluie légère,Deux véhicules - frontale,,,,,,,,,,,1,2,2,2.0,1
201200059004,0012-01-20 18:00:00,12,1,20,18,0,750,120,RUE DES PYRENEES,,,Nuit avec éclairage allumé,En agglomération,Hors intersection,Pluie légère,Autre collision,,,,,,,,,,,5,2,1,2.0,6
201200059005,0012-01-21 16:50:00,12,1,21,16,50,750,120,PLACE DE LA PORTE DE MON,,,Crépuscule ou aube,En agglomération,Hors intersection,Pluie légère,Autre collision,,,,,,,,,,,2,2,1,2.0,6
201200059006,0012-01-23 10:35:00,12,1,23,10,35,750,120,"28, RUE D AVRON",,,Plein jour,En agglomération,Intersection en X,Normale,Autre collision,,,,,,,,,,,1,2,2,1.0,6
201200059007,0012-01-25 08:38:00,12,1,25,8,38,750,120,"3, RUE DE MENILMONTANT",,,Plein jour,En agglomération,Intersection en X,Pluie légère,Autre collision,,,,,,,,,,,1,2,2,2.0,6
201200059008,0012-01-26 10:00:00,12,1,26,10,0,750,120,"104, BOULEVARD DE MENILM",,,Plein jour,En agglomération,Intersection en T,Pluie légère,Autre collision,,,,,,,,,,,1,2,3,2.0,6
201200059009,0012-01-27 09:10:00,12,1,27,9,10,750,120,"195, RUE DES PYRENEES",,,Plein jour,En agglomération,Intersection en X,Normale,Deux véhicules - arrière,,,,,,,,,,,1,2,2,1.0,2
201200059010,0012-01-27 16:35:00,12,1,27,16,35,750,120,"Angle, RUE DES VIGNOLES",,,Plein jour,En agglomération,Intersection en X,Normale,Deux véhicules - côté,,,,,,,,,,,1,2,2,1.0,3
201200059011,0012-01-27 17:45:00,12,1,27,17,45,750,120,"36, RUE SAINT FARGEAU",,,Plein jour,En agglomération,Hors intersection,Normale,Autre collision,,,,,,,,,,,1,2,1,1.0,6
201200059012,0012-01-27 18:40:00,12,1,27,18,40,750,120,"27, RUE SAINT FARGEAU",,,Nuit avec éclairage allumé,En agglomération,Hors intersection,Normale,Autre collision,,,,,,,,,,,5,2,1,1.0,6
201200059013,0012-01-29 07:20:00,12,1,29,7,20,750,120,"284, RUE DE BELLEVILLE",,,Crépuscule ou aube,En agglomération,Intersection en T,Normale,Autre collision,,,,,,,,,,,2,2,3,1.0,6
201200059014,0012-01-29 12:00:00,12,1,29,12,0,750,120,"36, AVENUE GAMBETTA",,,Plein jour,En agglomération,Intersection en X,Normale,Deux véhicules - côté,,,,,,,,,,,1,2,2,1.0,3
201200059015,0012-01-30 10:45:00,12,1,30,10,45,750,120,"0, PORTE DE BAGNOLET",,,Plein jour,En agglomération,Intersection en Y,Normale,Deux véhicules - côté,,,,,,,,,,,1,2,4,1.0,3
201200059016,0012-01-30 18:30:00,12,1,30,18,30,750,120,"0, PLACE DE LA PORTE DE",,,Nuit avec éclairage allumé,En agglomération,Place,Normale,Deux véhicules - côté,,,,,,,,,,,5,2,7,1.0,3
201200059017,0012-02-01 09:20:00,12,2,1,9,20,750,120,"36, RUE ETIENNE DOLET",,,Plein jour,En agglomération,Intersection en T,Autre,Sans collision,,,,,,,,,,,1,2,3,9.0,7
201200059018,0012-02-01 19:45:00,12,2,1,19,45,750,120,", RUE SORBIER",,,Nuit avec éclairage allumé,En agglomération,Intersection en X,Vent fort / tempête,Autre collision,,,,,,,,,,,5,2,2,6.0,6
201200059019,0012-02-03 11:50:00,12,2,3,11,50,750,120,"223, AVENUE GAMBETTA",,,Plein jour,En agglomération,Hors intersection,Normale,Sans collision,,,,,,,,,,,1,2,1,1.0,7
201200059020,0012-02-03 19:50:00,12,2,3,19,50,750,120,"131, AVENUE GAMBETTA",,,Nuit avec éclairage allumé,En agglomération,Hors intersection,Normale,Deux véhicules - côté,,,,,,,,,,,5,2,1,1.0,3
201200059021,0012-02-04 10:50:00,12,2,4,10,50,750,120,"10, RUE DE LA REUNION",,,Plein jour,En agglomération,Hors intersection,Normale,Deux véhicules - côté,,,,,,,,,,,1,2,1,1.0,3
201200059022,0012-02-07 12:00:00,12,2,7,12,0,750,120,"292 BIS, RUE DES PYRENEE",,,Plein jour,En agglomération,Intersection à plus de 4 branches,Normale,Trois véhicules et plus - collisions multiples,,,,,,,,,,,1,2,5,1.0,5
201200059023,0012-02-09 12:30:00,12,2,9,12,30,750,120,"39, RUE PLANCHAT",,,Plein jour,En agglomération,Intersection en X,Temps éblouissant,Autre collision,,,,,,,,,,,1,2,2,7.0,6
201200059024,0012-02-10 13:06:00,12,2,10,13,6,750,120,"face au 25, AVENUE GAMBE",,,Plein jour,En agglomération,Hors intersection,Temps éblouissant,Trois véhicules et plus - en chaîne,,,,,,,,,,,1,2,1,7.0,4
201200059025,0012-02-12 00:20:00,12,2,12,0,20,750,120,"0, AVENUE DE LA PORTE DE",,,Nuit avec éclairage allumé,En agglomération,Intersection en T,Autre,Autre collision,,,,,,,,,,,5,2,3,9.0,6
201200059026,0012-02-12 01:57:00,12,2,12,1,57,750,120,"112, BOULEVARD DE BELLEV",,,Nuit avec éclairage allumé,En agglomération,Intersection en X,Normale,Autre collision,,,,,,,,,,,5,2,2,1.0,6
201200059027,0012-02-12 15:27:00,12,2,12,15,27,750,120,"41, RUE DES COURONNES",,,Plein jour,En agglomération,Intersection en X,Temps couvert,Sans collision,,,,,,,,,,,1,2,2,8.0,7
201200059028,0012-02-12 17:50:00,12,2,12,17,50,750,120,"341, RUE DES PYRENEES",,,Crépuscule ou aube,En agglomération,Intersection en X,Normale,Sans collision,,,,,,,,,,,2,2,2,1.0,7
201200059029,0012-02-16 08:35:00,12,2,16,8,35,750,120,"133, RUE PELLEPORT",,,Plein jour,En agglomération,Intersection à plus de 4 branches,Pluie légère,Autre collision,,,,,,,,,,,1,2,5,2.0,6
201200059030,0012-02-19 20:18:00,12,2,19,20,18,750,120,"7, PLACE GAMBETTA",,,Nuit sans éclairage public,En agglomération,Place,Normale,Sans collision,,,,,,,,,,,3,2,7,1.0,7
201200059031,0012-02-19 21:10:00,12,2,19,21,10,750,120,BOULEVARD PERIPHERIQUE,,,Nuit avec éclairage allumé,En agglomération,Hors intersection,Normale,Trois véhicules et plus - en chaîne,,,,,,,,,,,5,2,1,1.0,4
201200059032,0012-02-21 16:00:00,12,2,21,16,0,750,120,"62, RUE DES PYRENEES",,,Plein jour,En agglomération,Hors intersection,Normale,Autre collision,,,,,,,,,,,1,2,1,1.0,6
201200059033,0012-02-23 11:35:00,12,2,23,11,35,750,120,"203, AVENUE GAMBETTA",,,Plein jour,En agglomération,Intersection en T,Normale,Autre collision,,,,,,,,,,,1,2,3,1.0,6
201200059034,0012-02-28 02:20:00,12,2,28,2,20,750,120,"273, RUE DE BELLEVILLE",,,Nuit avec éclairage allumé,En agglomération,Intersection en X,Normale,Deux véhicules - côté,,,,,,,,,,,5,2,2,1.0,3
201200059035,0012-02-29 19:45:00,12,2,29,19,45,750,120,"105, BOULEVARD DAVOUT",,,Nuit avec éclairage allumé,En agglomération,Intersection à plus de 4 branches,Normale,Deux véhicules - arrière,,,,,,,,,,,5,2,5,1.0,2
201200059036,0012-02-29 19:55:00,12,2,29,19,55,750,120,"52, BOULEVARD DE MENILMO",,,Nuit avec éclairage allumé,En agglomération,Hors intersection,Normale,Autre collision,,,,,,,,,,,5,2,1,1.0,6
201200059037,0012-03-02 07:15:00,12,3,2,7,15,750,120,"82, BOULEVARD DAVOUT",,,Plein jour,En agglomération,Hors intersection,Normale,Deux véhicules - côté,,,,,,,,,,,1,2,1,1.0,3
201200059038,0012-03-05 10:10:00,12,3,5,10,10,750,120,RUE DE BAGNOLET,,,Plein jour,En agglomération,Hors intersection,Normale,Deux véhicules - côté,,,,,,,,,,,1,2,1,1.0,3
201200059039,0012-03-05 11:35:00,12,3,5,11,35,750,120,"4, RUE DE LA CHINE",,,Plein jour,En agglomération,Hors intersection,Normale,Autre collision,,,,,,,,,,,1,2,1,1.0,6
201200059040,0012-03-07 14:52:00,12,3,7,14,52,750,120,"0, RUE OLIVIER METRA",,,Plein jour,En agglomération,Intersection en X,Pluie légère,Deux véhicules - côté,,,,,,,,,,,1,2,2,2.0,3
201200059041,0012-03-08 13:35:00,12,3,8,13,35,750,120,"399, RUE DES PYRENEES",,,Plein jour,En agglomération,Intersection en X,Normale,Autre collision,,,,,,,,,,,1,2,2,1.0,6
201200059042,0012-03-09 15:00:00,12,3,9,15,0,750,120,"389, RUE DES PYRENEES",,,Plein jour,En agglomération,Hors intersection,Normale,Sans collision,,,,,,,,,,,1,2,1,1.0,7
201200059043,0012-03-09 19:25:00,12,3,9,19,25,750,120,"260, RUE DE BELLEVILLE",,,Nuit avec éclairage allumé,En agglomération,Hors intersection,Normale,Deux véhicules - frontale,,,,,,,,,,,5,2,1,1.0,1
201200059044,0012-03-11 20:15:00,12,3,11,20,15,750,120,"349, RUE DES PYRENEES",,,Nuit avec éclairage allumé,En agglomération,Hors intersection,Normale,Autre collision,,,,,,,,,,,5,2,1,1.0,6
201200059045,0012-03-14 15:30:00,12,3,14,15,30,750,120,"139, RUE DE BAGNOLET",,,Plein jour,En agglomération,Intersection en T,Normale,Sans collision,,,,,,,,,,,1,2,3,1.0,7
201200059046,0012-03-15 16:20:00,12,3,15,16,20,750,120,"135, RUE DES PYRENEES",,,Plein jour,En agglomération,Intersection en T,Normale,Autre collision,,,,,,,,,,,1,2,3,1.0,6
201200059047,0012-03-16 20:10:00,12,3,16,20,10,750,120,"52, RUE DES ENVIERGES",,,Nuit avec éclairage allumé,En agglomération,Hors intersection,Normale,Deux véhicules - côté,,,,,,,,,,,5,2,1,1.0,3
201200059048,0012-03-17 19:25:00,12,3,17,19,25,750,120,"20, RUE BELGRAND",,,Nuit avec éclairage allumé,En agglomération,Intersection en X,Pluie légère,Deux véhicules - arrière,,,,,,,,,,,5,2,2,2.0,2
201200059049,0012-03-19 08:45:00,12,3,19,8,45,750,120,"118, RUE DES PYRENEES",,,Plein jour,En agglomération,Intersection en X,Normale,Autre collision,,,,,,,,,,,1,2,2,1.0,6
201200059050,0012-03-20 09:25:00,12,3,20,9,25,750,120,"42, RUE DES COURONNES",,,Plein jour,En agglomération,Intersection en X,Normale,Autre collision,,,,,,,,,,,1,2,2,1.0,6
201200059051,0012-03-20 10:00:00,12,3,20,10,0,750,120,"158, RUE DE MENILMONTANT",,,Plein jour,En agglomération,Hors intersection,Normale,Deux véhicules - côté,,,,,,,,,,,1,2,1,1.0,3
201200059052,0012-03-21 14:35:00,12,3,21,14,35,750,120,"9, AVENUE DE LA PORTE DE",,,Plein jour,En agglomération,Hors intersection,Normale,Deux véhicules - frontale,,,,,,,,,,,1,2,1,1.0,1
201200059053,0012-03-21 17:30:00,12,3,21,17,30,750,120,"64, RUE DES PYRENEES",,,Plein jour,En agglomération,Hors intersection,Normale,Deux véhicules - frontale,,,,,,,,,,,1,2,1,1.0,1
201200059054,0012-03-22 11:40:00,12,3,22,11,40,750,120,"42, RUE D AVRON",,,Plein jour,En agglomération,Hors intersection,Normale,Autre collision,,,,,,,,,,,1,2,1,1.0,6
201200059055,0012-03-22 16:30:00,12,3,22,16,30,750,120,"61, RUE VITRUVE",,,Plein jour,En agglomération,Hors intersection,Normale,Autre collision,,,,,,,,,,,1,2,1,1.0,6
201200059056,0012-03-22 19:40:00,12,3,22,19,40,750,120,"0, AVENUE DU PROFESSEUR",,,Nuit avec éclairage allumé,En agglomération,Hors intersection,Normale,Deux véhicules - arrière,,,,,,,,,,,5,2,1,1.0,2
201200059057,0012-03-23 14:30:00,12,3,23,14,30,750,120,"122, BOULEVARD DE BELLEV",,,Plein jour,En agglomération,Intersection en X,Normale,Autre collision,,,,,,,,,,,1,2,2,1.0,6
201200059058,0012-03-27 21:20:00,12,3,27,21,20,750,120,"8, RUE DE BELLEVILLE",,,Nuit avec éclairage allumé,En agglomération,Hors intersection,Normale,Deux véhicules - côté,,,,,,,,,,,5,2,1,1.0,3
201200059059,0012-03-28 12:20:00,12,3,28,12,20,750,120,"124 Ter, RUE DE BAGNOLET",,,Plein jour,En agglomération,Hors intersection,Normale,Deux véhicules - côté,,,,,,,,,,,1,2,1,1.0,3
201200059060,0012-03-28 19:36:00,12,3,28,19,36,750,120,"52, RUE DES PYRENEES",,,Crépuscule ou aube,En agglomération,Hors intersection,Normale,Deux véhicules - côté,,,,,,,,,,,2,2,1,1.0,3
201200059061,0012-03-29 08:30:00,12,3,29,8,30,750,120,"124 ter, RUE DE BAGNOLET",,,Plein jour,En agglomération,Hors intersection,Normale,Autre collision,,,,,,,,,,,1,2,1,1.0,6
201200059062,0012-03-29 18:15:00,12,3,29,18,15,750,120,RUE DE TOURTILLE,,,Plein jour,En agglomération,Intersection en T,Normale,Deux véhicules - côté,,,,,,,,,,,1,2,3,1.0,3
201200059063,0012-03-29 18:45:00,12,3,29,18,45,750,120,COURS DE VINCENNES,,,Crépuscule ou aube,En agglomération,Intersection en X,Normale,Deux véhicules - arrière,,,,,,,,,,,2,2,2,1.0,2
201200059064,0012-03-30 08:10:00,12,3,30,8,10,750,120,"1, PLACE GAMBETTA",,,Plein jour,En agglomération,Place,Vent fort / tempête,Autre collision,,,,,,,,,,,1,2,7,6.0,6
201200059065,0012-04-02 20:40:00,12,4,2,20,40,750,120,"68, RUE DES ORTEAUX",,,Nuit avec éclairage allumé,En agglomération,Intersection à plus de 4 branches,Normale,Autre collision,,,,,,,,,,,5,2,5,1.0,6
201200059066,0012-04-04 14:10:00,12,4,4,14,10,750,120,"243BIS, RUE DES PYRENEES",,,Plein jour,En agglomération,Intersection en X,Pluie légère,Autre collision,,,,,,,,,,,1,2,2,2.0,6
201200059067,0012-04-04 19:05:00,12,4,4,19,5,750,120,"0, AVENUE CARTELLIER",,,Plein jour,En agglomération,Hors intersection,Pluie légère,Autre collision,,,,,,,,,,,1,2,1,2.0,6
201200059068,0012-04-05 16:04:00,12,4,5,16,4,750,120,"120, RUE D AVRON",,,Plein jour,En agglomération,Intersection en T,Normale,Autre collision,,,,,,,,,,,1,2,3,1.0,6
201200059069,0012-04-06 16:35:00,12,4,6,16,35,750,120,"28, AVENUE DU PROFESSEUR",,,Plein jour,En agglomération,Hors intersection,Normale,Autre collision,,,,,,,,,,,1,2,1,1.0,6
201200059070,0012-04-07 21:20:00,12,4,7,21,20,750,120,"167, BOULEVARD DAVOUT",,,Nuit avec éclairage allumé,En agglomération,Hors intersection,Normale,Sans collision,,,,,,,,,,,5,2,1,1.0,7
201200059071,0012-04-08 14:15:00,12,4,8,14,15,750,120,"179, RUE DE BAGNOLET",,,Plein jour,En agglomération,Intersection à plus de 4 branches,Normale,Sans collision,,,,,,,,,,,1,2,5,1.0,7
201200059072,0012-04-09 00:05:00,12,4,9,0,5,750,120,"0, ECHANGEUR BAGNOLET",,,Nuit avec éclairage allumé,En agglomération,Intersection en Y,Pluie légère,Deux véhicules - côté,,,,,,,,,,,5,2,4,2.0,3
201200059073,0012-04-10 07:30:00,12,4,10,7,30,750,120,"1, RUE DU COMMANDANT L H",,,Plein jour,En agglomération,Hors intersection,Normale,Autre collision,,,,,,,,,,,1,2,1,1.0,6
201200059074,0012-04-10 16:40:00,12,4,10,16,40,750,120,"8, BOULEVARD DE MENILMON",,,Plein jour,En agglomération,Intersection en T,Vent fort / tempête,Autre collision,,,,,,,,,,,1,2,3,6.0,6
201200059075,0012-04-11 15:38:00,12,4,11,15,38,750,120,"78, AVENUE GAMBETTA",,,Plein jour,En agglomération,Intersection en T,Normale,Deux véhicules - côté,,,,,,,,,,,1,2,3,1.0,3
201200059076,0012-04-12 06:50:00,12,4,12,6,50,750,120,"10, BOULEVARD DAVOUT",,,Plein jour,En agglomération,Intersection en X,Normale,Deux véhicules - côté,,,,,,,,,,,1,2,2,1.0,3
201200059077,0012-04-12 22:40:00,12,4,12,22,40,750,120,"62, BOULEVARD DE BELLEVI",,,Nuit avec éclairage allumé,En agglomération,Intersection en T,Normale,Autre collision,,,,,,,,,,,5,2,3,1.0,6
201200059078,0012-04-14 12:55:00,12,4,14,12,55,750,120,"65, RUE LOUIS LUMIERE",,,Plein jour,En agglomération,Hors intersection,Normale,Deux véhicules - arrière,,,,,,,,,,,1,2,1,1.0,2
201200059079,0012-04-16 18:55:00,12,4,16,18,55,750,120,"30, RUE DE BELLEVILLE",,,Plein jour,En agglomération,Hors intersection,Normale,Deux véhicules - côté,,,,,,,,,,,1,2,1,1.0,3
201200059080,0012-04-17 14:30:00,12,4,17,14,30,750,120,"360, RUE DES PYRENEES",,,Plein jour,En agglomération,Intersection en X,Pluie légère,Deux véhicules - arrière,,,,,,,,,,,1,2,2,2.0,2
201200059081,0012-04-17 23:00:00,12,4,17,23,0,750,120,"108, BOULEVARD DAVOUT",,,Nuit avec éclairage allumé,En agglomération,Intersection en X,Pluie légère,Autre collision,,,,,,,,,,,5,2,2,2.0,6
201200059082,0012-04-20 08:03:00,12,4,20,8,3,750,120,"48, RUE DES PYRENEES",,,Plein jour,En agglomération,Hors intersection,Normale,Deux véhicules - côté,,,,,,,,,,,1,2,1,1.0,3
201200059083,0012-04-20 17:50:00,12,4,20,17,50,750,120,"16, RUE DE BELLEVILLE",,,Plein jour,En agglomération,Hors intersection,Normale,Autre collision,,,,,,,,,,,1,2,1,1.0,6
201200059084,0012-04-22 14:20:00,12,4,22,14,20,750,120,"86/88, RUE DES COURONNES",,,Plein jour,En agglomération,Intersection en T,Pluie légère,Autre collision,,,,,,,,,,,1,2,3,2.0,6
201200059085,0012-04-23 08:20:00,12,4,23,8,20,750,120,"111, COURS DE VINCENNES",,,Plein jour,En agglomération,Intersection en X,Normale,Deux véhicules - côté,,,,,,,,,,,1,2,2,1.0,3
201200059086,0012-04-23 14:30:00,12,4,23,14,30,750,120,"95, RUE DES VIGNOLES",,,Plein jour,En agglomération,Intersection en T,Pluie légère,Autre collision,,,,,,,,,,,1,2,3,2.0,6
201200059087,0012-04-24 11:05:00,12,4,24,11,5,750,120,"271, RUE DES PYRENEES",,,Plein jour,En agglomération,Hors intersection,Normale,Deux véhicules - côté,,,,,,,,,,,1,2,1,1.0,3
201200059088,0012-04-26 19:40:00,12,4,26,19,40,750,120,"47, RUE BELGRAND",,,Plein jour,En agglomération,Hors intersection,Normale,Sans collision,,,,,,,,,,,1,2,1,1.0,7
201200059089,0012-04-26 13:40:00,12,4,26,13,40,750,120,"279, RUE DES PYRENEES",,,Plein jour,En agglomération,Hors intersection,Normale,Deux véhicules - arrière,,,,,,,,,,,1,2,1,1.0,2
201200059090,0012-04-29 21:20:00,12,4,29,21,20,750,120,"0, RUE JULIEN LACROIX",,,Nuit avec éclairage allumé,En agglomération,Intersection à plus de 4 branches,Normale,Deux véhicules - arrière,,,,,,,,,,,5,2,5,1.0,2
201200059091,0012-05-02 15:50:00,12,5,2,15,50,750,120,"128, RUE PELLEPORT",,,Plein jour,En agglomération,Intersection en X,Pluie légère,Autre collision,,,,,,,,,,,1,2,2,2.0,6
201200059092,0012-04-29 17:55:00,12,4,29,17,55,750,120,"15, RUE MENDELSSOHN",,,Plein jour,En agglomération,Intersection en T,Normale,Autre collision,,,,,,,,,,,1,2,3,1.0,6
201200059093,0012-05-04 17:40:00,12,5,4,17,40,750,120,"17, RUE BELGRAND",,,Plein jour,En agglomération,Intersection en X,Pluie légère,Deux véhicules - côté,,,,,,,,,,,1,2,2,2.0,3
201200059094,0012-05-07 13:35:00,12,5,7,13,35,750,120,"44, RUE DES ENVIERGES",,,Plein jour,En agglomération,Hors intersection,Normale,Autre collision,,,,,,,,,,,1,2,1,1.0,6