accident_id,datetime,annee,mois,jour,heure,minute,departement,commune_insee,adresse,latitude,longitude,luminosite,agglomeration,intersection,meteo,collision,nb_vehicules,nb_usagers,nb_indemnes,nb_tues,nb_blesses_hosp,nb_blesses_legers,age_cond_1,age_cond_2,veh_type_cond_1,veh_type_cond_2,lum_code,agg_code,int_code,atm_code,col_code
201200059095,0012-05-10 11:15:00,12,5,10,11,15,750,120,AVENUE GAMBETTA,,,Plein jour,En agglomération,Intersection en X,Normale,Deux véhicules - côté,,,,,,,,,,,1,2,2,1.0,3
201200059096,0012-05-10 22:30:00,12,5,10,22,30,750,120,"6, BOULEVARD DAVOUT",,,Nuit avec éclairage allumé,En agglomération,Hors intersection,Normale,Autre collision,,,,,,,,,,,5,2,1,1.0,6
201200059097,0012-05-11 00:10:00,12,5,11,0,10,750,120,"60, BOULEVARD MORTIER",,,Nuit avec éclairage allumé,En agglomération,Intersection en Y,Normale,Autre collision,,,,,,,,,,,5,2,4,1.0,6
201200059098,0012-05-11 10:35:00,12,5,11,10,35,750,120,"9, RUE DES GATINES",,,Plein jour,En agglomération,Hors intersection,Pluie légère,Autre collision,,,,,,,,,,,1,2,1,2.0,6
201200059099,0012-05-11 16:35:00,12,5,11,16,35,750,120,"1, RUE DE MENILMONTANT",,,Plein jour,En agglomération,Intersection en X,Normale,Deux véhicules - côté,,,,,,,,,,,1,2,2,1.0,3
201200059100,0012-05-14 09:30:00,12,5,14,9,30,750,120,BOULEVARD DAVOUT,,,Plein jour,En agglomération,Intersection en X,Normale,Deux véhicules - côté,,,,,,,,,,,1,2,2,1.0,3
201200059101,0012-05-14 13:55:00,12,5,14,13,55,750,120,"26, BOULEVARD DE MENILMO",,,Crépuscule ou aube,En agglomération,Intersection en T,Normale,Sans collision,,,,,,,,,,,2,2,3,1.0,7
201200059102,0012-05-15 05:58:00,12,5,15,5,58,750,120,"18, RUE DU COMMANDANT L",,,Crépuscule ou aube,En agglomération,Hors intersection,Normale,Autre collision,,,,,,,,,,,2,2,1,1.0,6
201200059103,0012-05-15 08:40:00,12,5,15,8,40,750,120,"33, RUE DES GATINES",,,Plein jour,En agglomération,Hors intersection,Pluie légère,Autre collision,,,,,,,,,,,1,2,1,2.0,6
201200059104,0012-05-16 08:50:00,12,5,16,8,50,750,120,"117, RUE PELLEPORT",,,Plein jour,En agglomération,Hors intersection,Normale,Deux véhicules - côté,,,,,,,,,,,1,2,1,1.0,3
201200059105,0012-05-17 11:05:00,12,5,17,11,5,750,120,"0, RUE DES PYRENEES",,,Plein jour,En agglomération,Intersection en X,Normale,Deux véhicules - côté,,,,,,,,,,,1,2,2,1.0,3
201200059106,0012-05-17 13:40:00,12,5,17,13,40,750,120,"14, RUE DE BELLEVILLE",,,Plein jour,En agglomération,Hors intersection,Normale,Autre collision,,,,,,,,,,,1,2,1,1.0,6
201200059107,0012-05-18 18:45:00,12,5,18,18,45,750,120,"4, RUE PLANCHAT",,,Plein jour,En agglomération,Intersection en Y,Normale,Deux véhicules - côté,,,,,,,,,,,1,2,4,1.0,3
201200059108,0012-05-19 15:15:00,12,5,19,15,15,750,120,RUE LOUIS LUMIERE,,,Plein jour,En agglomération,Hors intersection,Normale,Autre collision,,,,,,,,,,,1,2,1,1.0,6
201200059109,0012-05-21 14:30:00,12,5,21,14,30,750,120,"20, RUE DE LA PLAINE",,,Plein jour,En agglomération,Intersection en T,Pluie forte,Autre collision,,,,,,,,,,,1,2,3,3.0,6
201200059110,0012-05-21 16:20:00,12,5,21,16,20,750,120,"2, RUE DES PYRENEES",,,Plein jour,En agglomération,Intersection à plus de 4 branches,Pluie légère,Autre collision,,,,,,,,,,,1,2,5,2.0,6
201200059111,0012-05-23 03:35:00,12,5,23,3,35,750,120,BOULEVARD DAVOUT,,,Nuit avec éclairage allumé,En agglomération,Intersection en X,Normale,Autre collision,,,,,,,,,,,5,2,2,1.0,6
201200059112,0012-05-23 07:45:00,12,5,23,7,45,750,120,"0, AVENUE GAMBETTA",,,Plein jour,En agglomération,Intersection à plus de 4 branches,Normale,Deux véhicules - côté,,,,,,,,,,,1,2,5,1.0,3
201200059113,0012-05-23 16:50:00,12,5,23,16,50,750,120,"40, BOULEVARD DAVOUT",,,Plein jour,En agglomération,Hors intersection,Normale,Deux véhicules - arrière,,,,,,,,,,,1,2,1,1.0,2
201200059114,0012-05-23 23:15:00,12,5,23,23,15,750,120,"24, BOULEVARD DE CHARONN",,,Nuit avec éclairage allumé,En agglomération,Hors intersection,Normale,Autre collision,,,,,,,,,,,5,2,1,1.0,6
201200059115,0012-05-25 08:30:00,12,5,25,8,30,750,120,"19, COURS DE VINCENNES",,,Plein jour,En agglomération,Hors intersection,Normale,Deux véhicules - arrière,,,,,,,,,,,1,2,1,1.0,2
201200059116,0012-05-29 15:10:00,12,5,29,15,10,750,120,"158, RUE DE BAGNOLET",,,Plein jour,En agglomération,Intersection en T,Normale,Deux véhicules - côté,,,,,,,,,,,1,2,3,1.0,3
201200059117,0012-05-30 12:00:00,12,5,30,12,0,750,120,"73, RUE D AVRON",,,Plein jour,En agglomération,Intersection en T,Normale,Deux véhicules - côté,,,,,,,,,,,1,2,3,1.0,3
201200059118,0012-05-30 16:10:00,12,5,30,16,10,750,120,"112, AVENUE GAMBETTA",,,Plein jour,En agglomération,Intersection à plus de 4 branches,Normale,Autre collision,,,,,,,,,,,1,2,5,1.0,6
201200059119,0012-05-30 23:15:00,12,5,30,23,15,750,120,"05, AVENUE DU DOCTEUR GL",,,Nuit avec éclairage allumé,En agglomération,Intersection en Y,Normale,Autre collision,,,,,,,,,,,5,2,4,1.0,6
201200059120,0012-05-31 10:20:00,12,5,31,10,20,750,120,"212, RUE DE BELLEVILLE",,,Plein jour,En agglomération,Intersection en T,Normale,Deux véhicules - côté,,,,,,,,,,,1,2,3,1.0,3
201200059121,0012-05-31 12:30:00,12,5,31,12,30,750,120,"114 bis, RUE DES PYRENEE",,,Plein jour,En agglomération,Intersection en Y,Normale,Deux véhicules - côté,,,,,,,,,,,1,2,4,1.0,3
201200059122,0012-06-02 10:20:00,12,6,2,10,20,750,120,"130, RUE DE BAGNOLET",,,Plein jour,En agglomération,Hors intersection,Normale,Autre collision,,,,,,,,,,,1,2,1,1.0,6
201200059123,0012-06-02 12:16:00,12,6,2,12,16,750,120,"68, BOULEVARD DAVOUT",,,Plein jour,En agglomération,Intersection en T,Normale,Autre collision,,,,,,,,,,,1,2,3,1.0,6
201200059124,0012-06-02 13:10:00,12,6,2,13,10,750,120,"12, RUE DES PAVILLONS",,,Plein jour,En agglomération,Hors intersection,Normale,Autre collision,,,,,,,,,,,1,2,1,1.0,6
201200059125,0012-06-03 02:15:00,12,6,3,2,15,750,120,"1, PLACE AUGUSTE METIVIE",,,Nuit avec éclairage allumé,En agglomération,Place,Pluie légère,Deux véhicules - côté,,,,,,,,,,,5,2,7,2.0,3
201200059126,0012-06-04 08:15:00,12,6,4,8,15,750,120,"225, RUE DES PYRENEES",,,Plein jour,En agglomération,Intersection en X,Normale,Deux véhicules - côté,,,,,,,,,,,1,2,2,1.0,3
201200059127,0012-06-06 00:50:00,12,6,6,0,50,750,120,"0, PLACE GAMBETTA",,,Nuit avec éclairage allumé,En agglomération,Place,Pluie légère,Deux véhicules - côté,,,,,,,,,,,5,2,7,2.0,3
201200059128,0012-06-06 20:30:00,12,6,6,20,30,750,120,"2, AVENUE DE LA PORTE DE",,,Crépuscule ou aube,En agglomération,Intersection en X,Normale,Deux véhicules - côté,,,,,,,,,,,2,2,2,1.0,3
201200059129,0012-06-07 11:50:00,12,6,7,11,50,750,119,"213, RUE DE BELLEVILLE",,,Plein jour,En agglomération,Intersection en X,Pluie légère,Sans collision,,,,,,,,,,,1,2,2,2.0,7
201200059130,0012-06-10 17:45:00,12,6,10,17,45,750,120,"1, AVENUE BENOIT FRACHON",,,Plein jour,En agglomération,Intersection en T,Pluie légère,Deux véhicules - côté,,,,,,,,,,,1,2,3,2.0,3
201200059131,0012-06-10 20:15:00,12,6,10,20,15,750,120,"0, RUE DES PYRENEES",,,Plein jour,En agglomération,Intersection en X,Pluie forte,Deux véhicules - côté,,,,,,,,,,,1,2,2,3.0,3
201200059132,0012-06-11 11:00:00,12,6,11,11,0,750,120,"401, RUE DES PYRENEES",,,Plein jour,En agglomération,Intersection en X,Normale,Deux véhicules - côté,,,,,,,,,,,1,2,2,1.0,3
201200059133,0012-06-12 18:18:00,12,6,12,18,18,750,120,"88, RUE DES PYRENEES",,,Plein jour,En agglomération,Intersection en Y,Normale,Deux véhicules - arrière,,,,,,,,,,,1,2,4,1.0,2
201200059134,0012-06-14 06:30:00,12,6,14,6,30,750,120,"0, PORTE DE VINCENNES",,,Plein jour,En agglomération,Intersection en X,Normale,Deux véhicules - arrière,,,,,,,,,,,1,2,2,1.0,2
201200059135,0012-06-14 18:30:00,12,6,14,18,30,750,120,"4, BOULEVARD DAVOUT",,,Plein jour,En agglomération,Intersection en T,Normale,Autre collision,,,,,,,,,,,1,2,3,1.0,6
201200059136,0012-06-15 09:15:00,12,6,15,9,15,750,120,RUE DES PYRENEES,,,Plein jour,En agglomération,Intersection en X,Normale,Deux véhicules - côté,,,,,,,,,,,1,2,2,1.0,3
201200059137,0012-06-15 17:50:00,12,6,15,17,50,750,120,"XX-4943, AVENUE CARTELLI",,,Plein jour,En agglomération,Intersection en X,Normale,Deux véhicules - côté,,,,,,,,,,,1,2,2,1.0,3
201200059138,0012-06-15 16:35:00,12,6,15,16,35,750,120,AVENUE BENOIT FRACHON,,,Plein jour,En agglomération,Hors intersection,Normale,Deux véhicules - côté,,,,,,,,,,,1,2,1,1.0,3
201200059139,0012-06-16 08:25:00,12,6,16,8,25,750,120,"01, RUE DES COURONNES",,,Plein jour,En agglomération,Hors intersection,Pluie légère,Autre collision,,,,,,,,,,,1,2,1,2.0,6
201200059140,0012-06-17 11:28:00,12,6,17,11,28,750,120,"113, RUE DES PYRENEES",,,Plein jour,En agglomération,Intersection en X,Normale,Autre collision,,,,,,,,,,,1,2,2,1.0,6
201200059141,0012-06-18 11:40:00,12,6,18,11,40,750,120,"106, RUE DES HAIES",,,Plein jour,En agglomération,Hors intersection,Normale,Sans collision,,,,,,,,,,,1,2,1,1.0,7
201200059142,0012-06-18 19:35:00,12,6,18,19,35,750,120,"92, RUE PELLEPORT",,,Plein jour,En agglomération,Intersection à plus de 4 branches,Normale,Sans collision,,,,,,,,,,,1,2,5,1.0,7
201200059143,0012-06-19 17:35:00,12,6,19,17,35,750,120,"261, RUE DE BELLEVILLE",,,Plein jour,En agglomération,Intersection en X,Normale,Autre collision,,,,,,,,,,,1,2,2,1.0,6
201200059144,0012-06-19 20:35:00,12,6,19,20,35,750,120,"8, RUE DE NOISY LE SEC",,,Plein jour,En agglomération,Hors intersection,Pluie légère,Autre collision,,,,,,,,,,,1,2,1,2.0,6
201200059145,0012-06-20 17:20:00,12,6,20,17,20,750,120,"135, AVENUE GAMBETTA",,,Plein jour,En agglomération,Hors intersection,Normale,Autre collision,,,,,,,,,,,1,2,1,1.0,6
201200059146,0012-06-21 02:00:00,12,6,21,2,0,750,120,"97, RUE D AVRON",,,Nuit avec éclairage allumé,En agglomération,Intersection en X,Normale,Deux véhicules - arrière,,,,,,,,,,,5,2,2,1.0,2
201200059147,0012-06-21 13:28:00,12,6,21,13,28,750,120,"45ter, BOULEVARD DAVOUT",,,Plein jour,En agglomération,Hors intersection,Normale,Deux véhicules - arrière,,,,,,,,,,,1,2,1,1.0,2
201200059148,0012-06-21 16:00:00,12,6,21,16,0,750,120,"61, COURS DE VINCENNES",,,Plein jour,En agglomération,Hors intersection,Pluie forte,Sans collision,,,,,,,,,,,1,2,1,3.0,7
201200059149,0012-06-21 17:05:00,12,6,21,17,5,750,120,"0, PORTE DE VINCENNES",,,Plein jour,En agglomération,Hors intersection,Temps couvert,Autre collision,,,,,,,,,,,1,2,1,8.0,6
201200059150,0012-06-21 18:55:00,12,6,21,18,55,750,120,"24, RUE DE MENILMONTANT",,,Plein jour,En agglomération,Hors intersection,Normale,Autre collision,,,,,,,,,,,1,2,1,1.0,6
201200059151,0012-06-22 18:15:00,12,6,22,18,15,750,120,"2, BOULEVARD DE BELLEVIL",,,Plein jour,En agglomération,Intersection en X,Normale,Autre collision,,,,,,,,,,,1,2,2,1.0,6
201200059152,0012-06-25 08:20:00,12,6,25,8,20,750,120,"0, BOULEVARD MORTIER",,,Plein jour,En agglomération,Intersection en X,Normale,Autre collision,,,,,,,,,,,1,2,2,1.0,6
201200059153,0012-06-26 09:15:00,12,6,26,9,15,750,120,"2, AVENUE DE LA PORTE DE",,,Plein jour,En agglomération,Intersection en X,Pluie légère,Sans collision,,,,,,,,,,,1,2,2,2.0,7
201200059154,0012-06-26 17:00:00,12,6,26,17,0,750,120,"S515202, AVENUE CARTELLI",,,Plein jour,En agglomération,Hors intersection,Normale,Deux véhicules - arrière,,,,,,,,,,,1,2,1,1.0,2
201200059155,0012-06-26 23:35:00,12,6,26,23,35,750,120,"233, RUE DES PYRENEES",,,Nuit avec éclairage allumé,En agglomération,Intersection en X,Normale,Autre collision,,,,,,,,,,,5,2,2,1.0,6
201200059156,0012-06-28 09:25:00,12,6,28,9,25,750,120,"0, BOULEVARD DE BELLEVIL",,,Plein jour,En agglomération,Intersection en T,Temps couvert,Deux véhicules - côté,,,,,,,,,,,1,2,3,8.0,3
201200059157,0012-06-29 08:30:00,12,6,29,8,30,750,120,RUE DE BELLEVILLE,,,Plein jour,En agglomération,Intersection en X,Normale,Autre collision,,,,,,,,,,,1,2,2,1.0,6
201200059158,0012-06-29 14:05:00,12,6,29,14,5,750,120,"18, RUE BELGRAND",,,Plein jour,En agglomération,Intersection en X,Normale,Autre collision,,,,,,,,,,,1,2,2,1.0,6
201200059159,0012-06-29 13:30:00,12,6,29,13,30,750,119,"64, RUE DE BELLEVILLE",,,Plein jour,En agglomération,Intersection en X,Temps couvert,Autre collision,,,,,,,,,,,1,2,2,8.0,6
201200059160,0012-06-30 20:30:00,12,6,30,20,30,750,120,BOULEVARD PERIPHERIQUE I,,,Plein jour,En agglomération,Hors intersection,Normale,Deux véhicules - côté,,,,,,,,,,,1,2,1,1.0,3
201200059161,0012-07-01 15:45:00,12,7,1,15,45,750,120,"2, AVENUE DU PROFESSEUR",,,Plein jour,En agglomération,Hors intersection,Normale,Autre collision,,,,,,,,,,,1,2,1,1.0,6
201200059162,0012-07-01 19:55:00,12,7,1,19,55,750,120,"04, RUE OLIVIER METRA",,,Plein jour,En agglomération,Hors intersection,Normale,Autre collision,,,,,,,,,,,1,2,1,1.0,6
201200059163,0012-07-04 09:00:00,12,7,4,9,0,750,120,PLACE DE LA PORTE DE MON,,,Plein jour,En agglomération,Place,Normale,Autre collision,,,,,,,,,,,1,2,7,1.0,6
201200059164,0012-07-04 17:20:00,12,7,4,17,20,750,120,"0, RUE SORBIER",,,Plein jour,En agglomération,Hors intersection,Normale,Autre collision,,,,,,,,,,,1,2,1,1.0,6
201200059165,0012-07-05 16:50:00,12,7,5,16,50,750,120,"168, BOULEVARD MORTIER",,,Plein jour,En agglomération,Intersection à plus de 4 branches,Pluie forte,Autre collision,,,,,,,,,,,1,2,5,3.0,6
201200059166,0012-07-06 18:15:00,12,7,6,18,15,750,120,"306, RUE DE BELLEVILLE",,,Plein jour,En agglomération,Hors intersection,Pluie forte,Autre collision,,,,,,,,,,,1,2,1,3.0,6
201200059167,0012-07-06 19:10:00,12,7,6,19,10,750,120,"27, AVENUE GAMBETTA",,,Plein jour,En agglomération,Intersection en T,Normale,Sans collision,,,,,,,,,,,1,2,3,1.0,7
201200059168,0012-07-07 20:55:00,12,7,7,20,55,750,120,"0, AVENUE GAMBETTA",,,Plein jour,En agglomération,Intersection en T,Normale,Deux véhicules - arrière,,,,,,,,,,,1,2,3,1.0,2
201200059169,0012-07-08 16:25:00,12,7,8,16,25,750,120,BOULEVARD MORTIER,,,Plein jour,En agglomération,Intersection en T,Normale,Deux véhicules - côté,,,,,,,,,,,1,2,3,1.0,3
201200059170,0012-07-11 20:15:00,12,7,11,20,15,750,120,"100, RUE DE BAGNOLET",,,Plein jour,En agglomération,Hors intersection,Normale,Deux véhicules - côté,,,,,,,,,,,1,2,1,1.0,3
201200059171,0012-07-11 22:11:00,12,7,11,22,11,750,120,"127, RUE PELLEPORT",,,Crépuscule ou aube,En agglomération,Intersection à plus de 4 branches,Normale,Autre collision,,,,,,,,,,,2,2,5,1.0,6
201200059172,0012-07-12 18:00:00,12,7,12,18,0,750,120,"93, RUE PELLEPORT",,,Plein jour,En agglomération,Intersection en T,Pluie légère,Deux véhicules - côté,,,,,,,,,,,1,2,3,2.0,3
201200059173,0012-07-12 20:49:00,12,7,12,20,49,750,120,"110, RUE DE BAGNOLET",,,Crépuscule ou aube,En agglomération,Hors intersection,Pluie légère,Deux véhicules - côté,,,,,,,,,,,2,2,1,2.0,3
201200059174,0012-07-12 23:55:00,12,7,12,23,55,750,120,"341, RUE DES PYRENEES",,,Nuit avec éclairage allumé,En agglomération,Intersection en X,Pluie légère,Autre collision,,,,,,,,,,,5,2,2,2.0,6
201200059175,0012-07-13 16:40:00,12,7,13,16,40,750,120,"75, RUE DES PYRENEES",,,Plein jour,En agglomération,Intersection en T,Pluie légère,Deux véhicules - côté,,,,,,,,,,,1,2,3,2.0,3
201200059176,0012-07-13 17:40:00,12,7,13,17,40,750,120,"52, RUE DE MENILMONTANT",,,Plein jour,En agglomération,Place,Pluie légère,Autre collision,,,,,,,,,,,1,2,7,2.0,6
201200059177,0012-07-15 04:45:00,12,7,15,4,45,750,120,RUE DE MENILMONTANT,,,Nuit avec éclairage allumé,En agglomération,Intersection en T,Normale,Deux véhicules - côté,,,,,,,,,,,5,2,3,1.0,3
201200059178,0012-07-15 07:05:00,12,7,15,7,5,750,120,"186, RUE PELLEPORT",,,Plein jour,En agglomération,Hors intersection,Normale,Sans collision,,,,,,,,,,,1,2,1,1.0,7
201200059179,0012-07-17 10:00:00,12,7,17,10,0,750,120,"6, AVENUE DE LA PORTE DE",,,Plein jour,En agglomération,Intersection en T,Normale,Deux véhicules - côté,,,,,,,,,,,1,2,3,1.0,3
201200059180,0012-07-18 17:00:00,12,7,18,17,0,750,120,"54, RUE DE LA BIDASSOA",,,Plein jour,En agglomération,Intersection à plus de 4 branches,Normale,Sans collision,,,,,,,,,,,1,2,5,1.0,7
201200059181,0012-07-20 08:05:00,12,7,20,8,5,750,120,"60, AVENUE GAMBETTA",,,Plein jour,En agglomération,Intersection à plus de 4 branches,Normale,Autre collision,,,,,,,,,,,1,2,5,1.0,6
201200059182,0012-07-22 19:48:00,12,7,22,19,48,750,120,"0, BOULEVARD PERIPHERIQU",,,Plein jour,En agglomération,Hors intersection,Normale,Autre collision,,,,,,,,,,,1,2,1,1.0,6
201200059183,0012-07-24 19:20:00,12,7,24,19,20,750,120,"155, BOULEVARD DAVOUT",,,Plein jour,En agglomération,Hors intersection,Normale,Deux véhicules - arrière,,,,,,,,,,,1,2,1,1.0,2
201200059184,0012-07-25 20:35:00,12,7,25,20,35,750,120,PLACE DE LA PORTE DE MON,,,Plein jour,En agglomération,Place,Normale,Deux véhicules - côté,,,,,,,,,,,1,2,7,1.0,3
201200059185,0012-07-25 23:20:00,12,7,25,23,20,750,120,RUE BELGRAND,,,Nuit avec éclairage allumé,En agglomération,Intersection en X,Normale,Deux véhicules - côté,,,,,,,,,,,5,2,2,1.0,3
201200059186,0012-07-26 17:37:00,12,7,26,17,37,750,120,"122, RUE DE MENILMONTANT",,,Plein jour,En agglomération,Hors intersection,Normale,Deux véhicules - côté,,,,,,,,,,,1,2,1,1.0,3
201200059187,0012-07-26 18:05:00,12,7,26,18,5,750,120,"8bis, RUE BELGRAND",,,Plein jour,En agglomération,Intersection en T,Normale,Autre collision,,,,,,,,,,,1,2,3,1.0,6
201200059188,0012-07-31 11:30:00,12,7,31,11,30,750,120,"2, AVENUE DE LA PORTE DE",,,Plein jour,En agglomération,Place,Normale,Autre collision,,,,,,,,,,,1,2,7,1.0,6
201200059189,0012-07-31 15:20:00,12,7,31,15,20,750,120,"42, RUE DE BUZENVAL",,,Plein jour,En agglomération,Intersection à plus de 4 branches,Normale,Deux véhicules - côté,,,,,,,,,,,1,2,5,1.0,3
201200059190,0012-07-31 20:00:00,12,7,31,20,0,750,120,"160, BOULEVARD MORTIER",,,Plein jour,En agglomération,Intersection en T,Normale,Deux véhicules - côté,,,,,,,,,,,1,2,3,1.0,3
201200059191,0012-07-31 19:39:00,12,7,31,19,39,750,120,"7, RUE NOEL BALLAY",,,Plein jour,En agglomération,Intersection en Y,Normale,Autre collision,,,,,,,,,,,1,2,4,1.0,6
201200059192,0012-08-01 01:30:00,12,8,1,1,30,750,120,"118, RUE DE MENILMONTANT",,,Nuit avec éclairage allumé,En agglomération,Hors intersection,Normale,Deux véhicules - frontale,,,,,,,,,,,5,2,1,1.0,1
201200059193,0012-08-02 12:00:00,12,8,2,12,0,750,120,"78, RUE HAXO",,,Plein jour,En agglomération,Intersection en T,Normale,Deux véhicules - côté,,,,,,,,,,,1,2,3,1.0,3
201200059194,0012-08-03 02:00:00,12,8,3,2,0,750,120,"13, RUE LIPPMANN",,,Nuit avec éclairage allumé,En agglomération,Hors intersection,Normale,Autre collision,,,,,,,,,,,5,2,1,1.0,6
201200059195,0012-08-03 17:15:00,12,8,3,17,15,750,120,"16, BOULEVARD DE CHARONN",,,Plein jour,En agglomération,Hors intersection,Normale,Autre collision,,,,,,,,,,,1,2,1,1.0,6
201200059196,0012-08-04 19:00:00,12,8,4,19,0,750,120,RUE BELGRAND,,,Plein jour,En agglomération,Intersection en X,Normale,Deux véhicules - côté,,,,,,,,,,,1,2,2,1.0,3
201200059197,0012-08-06 17:00:00,12,8,6,17,0,750,120,BOULEVARD PERIPHERIQUE I,,,Plein jour,En agglomération,Intersection en Y,Normale,Deux véhicules - côté,,,,,,,,,,,1,2,4,1.0,3
201200059198,0012-08-06 20:40:00,12,8,6,20,40,750,120,"1, BOULEVARD DAVOUT",,,Plein jour,En agglomération,Intersection en X,Normale,Deux véhicules - côté,,,,,,,,,,,1,2,2,1.0,3
201200059199,0012-08-09 08:00:00,12,8,9,8,0,750,120,"0, RUE DES ORTEAUX",,,Plein jour,En agglomération,Intersection en X,Normale,Deux véhicules - côté,,,,,,,,,,,1,2,2,1.0,3
201200059200,0012-08-09 20:35:00,12,8,9,20,35,750,120,RUE DES PYRENEES,,,Plein jour,En agglomération,Intersection en X,Normale,Deux véhicules - côté,,,,,,,,,,,1,2,2,1.0,3
201200059201,0012-08-11 15:20:00,12,8,11,15,20,750,120,"118, RUE D AVRON",,,Plein jour,En agglomération,Intersection en T,Normale,Deux véhicules - frontale,,,,,,,,,,,1,2,3,1.0,1
201200059202,0012-08-13 00:35:00,12,8,13,0,35,750,120,"58, RUE DE TERRE NEUVE",,,Nuit avec éclairage allumé,En agglomération,Place,Normale,Sans collision,,,,,,,,,,,5,2,7,1.0,7
201200059203,0012-08-13 15:50:00,12,8,13,15,50,750,120,RUE VITRUVE,,,Plein jour,En agglomération,Intersection en X,Normale,Deux véhicules - côté,,,,,,,,,,,1,2,2,1.0,3
201200059204,0012-08-15 15:40:00,12,8,15,15,40,750,120,"4, RUE PAUL JEAN TOULET",,,Plein jour,En agglomération,Hors intersection,Normale,Deux véhicules - côté,,,,,,,,,,,1,2,1,1.0,3
201200059205,0012-08-18 02:50:00,12,8,18,2,50,750,120,RUE ORFILA,,,Nuit sans éclairage public,En agglomération,Intersection en X,Normale,Deux véhicules - côté,,,,,,,,,,,3,2,2,1.0,3
201200059206,0012-08-18 12:00:00,12,8,18,12,0,750,120,"195, RUE DES PYRENEES",,,Plein jour,En agglomération,Hors intersection,Normale,Sans collision,,,,,,,,,,,1,2,1,1.0,7
201200059207,0012-08-22 10:00:00,12,8,22,10,0,750,120,"177, RUE DE BAGNOLET",,,Plein jour,En agglomération,Hors intersection,Normale,Deux véhicules - côté,,,,,,,,,,,1,2,1,1.0,3
201200059208,0012-08-22 11:30:00,12,8,22,11,30,750,120,"67, RUE DE MENILMONTANT",,,Plein jour,En agglomération,Hors intersection,Normale,Deux véhicules - côté,,,,,,,,,,,1,2,1,1.0,3
201200059209,0012-08-24 11:00:00,12,8,24,11,0,750,120,"65, RUE DES PYRENEES",,,Plein jour,En agglomération,Intersection en X,Normale,Autre collision,,,,,,,,,,,1,2,2,1.0,6
201200059210,0012-08-27 02:00:00,12,8,27,2,0,750,120,"25, RUE DU RETRAIT",,,Nuit avec éclairage allumé,En agglomération,Hors intersection,Normale,Deux véhicules - côté,,,,,,,,,,,5,2,1,1.0,3
201200059211,0012-08-28 11:30:00,12,8,28,11,30,750,120,"76, RUE DE LAGNY",,,Plein jour,En agglomération,Intersection en X,Normale,Autre collision,,,,,,,,,,,1,2,2,1.0,6
201200059212,0012-08-28 16:00:00,12,8,28,16,0,750,120,"143, RUE DE MENILMONTANT",,,Plein jour,En agglomération,Hors intersection,Normale,Autre collision,,,,,,,,,,,1,2,1,1.0,6
201200059213,0012-08-28 20:00:00,12,8,28,20,0,750,120,"49, BOULEVARD DAVOUT",,,Crépuscule ou aube,En agglomération,Intersection en X,Normale,Deux véhicules - arrière,,,,,,,,,,,2,2,2,1.0,2
201200059214,0012-08-29 14:12:00,12,8,29,14,12,750,120,"66, RUE DES PYRENEES",,,Plein jour,En agglomération,Hors intersection,Normale,Deux véhicules - arrière,,,,,,,,,,,1,2,1,1.0,2
201200059215,0012-08-30 12:55:00,12,8,30,12,55,750,120,"100, RUE DE LAGNY",,,Plein jour,En agglomération,Hors intersection,Normale,Autre collision,,,,,,,,,,,1,2,1,1.0,6
201200059216,0012-08-30 17:00:00,12,8,30,17,0,750,120,PLACE DE LA PORTE DE MON,,,Plein jour,En agglomération,Hors intersection,Pluie légère,Autre collision,,,,,,,,,,,1,2,1,2.0,6
201200059217,0012-08-31 16:30:00,12,8,31,16,30,750,120,"37, COURS DE VINCENNES",,,Plein jour,En agglomération,Hors intersection,Normale,Deux véhicules - arrière,,,,,,,,,,,1,2,1,1.0,2
201200059218,0012-09-02 15:30:00,12,9,2,15,30,750,120,"0, RUE PELLEPORT",,,Plein jour,En agglomération,Intersection en X,Normale,Deux véhicules - côté,,,,,,,,,,,1,2,2,1.0,3
201200059219,0012-09-04 10:45:00,12,9,4,10,45,750,120,"0, RUE DE LA BIDASSOA",,,Plein jour,En agglomération,Intersection en X,Normale,Deux véhicules - côté,,,,,,,,,,,1,2,2,1.0,3
201200059220,0012-09-04 15:25:00,12,9,4,15,25,750,120,"0, RUE DES GLAIEULS",,,Plein jour,En agglomération,Hors intersection,Normale,Autre collision,,,,,,,,,,,1,2,1,1.0,6
201200059221,0012-09-06 03:37:00,12,9,6,3,37,750,120,"0, RUE BELGRAND",,,Nuit avec éclairage allumé,En agglomération,Intersection en X,Normale,Autre collision,,,,,,,,,,,5,2,2,1.0,6
201200059222,0012-09-07 18:25:00,12,9,7,18,25,750,120,"113, RUE DES PYRENEES",,,Plein jour,En agglomération,Intersection à plus de 4 branches,Normale,Deux véhicules - côté,,,,,,,,,,,1,2,5,1.0,3
201200059223,0012-09-07 19:40:00,12,9,7,19,40,750,120,"2 ter, RUE JULIEN LACROI",,,Plein jour,En agglomération,Intersection en T,Normale,Autre collision,,,,,,,,,,,1,2,3,1.0,6
201200059224,0012-09-08 18:30:00,12,9,8,18,30,750,120,"114, RUE DE BELLEVILLE",,,Plein jour,En agglomération,Intersection en T,Temps éblouissant,Autre collision,,,,,,,,,,,1,2,3,7.0,6
201200059225,0012-09-08 18:05:00,12,9,8,18,5,750,120,"50, RUE BELGRAND",,,Plein jour,En agglomération,Hors intersection,Normale,Autre collision,,,,,,,,,,,1,2,1,1.0,6