accident_id,datetime,annee,mois,jour,heure,minute,departement,commune_insee,adresse,latitude,longitude,luminosite,agglomeration,intersection,meteo,collision,nb_vehicules,nb_usagers,nb_indemnes,nb_tues,nb_blesses_hosp,nb_blesses_legers,age_cond_1,age_cond_2,veh_type_cond_1,veh_type_cond_2,lum_code,agg_code,int_code,atm_code,col_code
201200059226,0012-09-08 22:35:00,12,9,8,22,35,750,120,"128, RUE PELLEPORT",,,Nuit avec éclairage allumé,En agglomération,Hors intersection,Normale,Deux véhicules - arrière,,,,,,,,,,,5,2,1,1.0,2
201200059227,0012-09-10 18:00:00,12,9,10,18,0,750,120,"162, RUE DE BELLEVILLE",,,Crépuscule ou aube,En agglomération,Hors intersection,Normale,Deux véhicules - frontale,,,,,,,,,,,2,2,1,1.0,1
201200059228,0012-09-11 09:15:00,12,9,11,9,15,750,120,"65, BOULEVARD DAVOUT",,,Plein jour,En agglomération,Intersection en T,Temps couvert,Autre collision,,,,,,,,,,,1,2,3,8.0,6
201200059229,0012-09-12 08:50:00,12,9,12,8,50,750,120,"23, BOULEVARD DE MENILMO",,,Plein jour,En agglomération,Intersection à plus de 4 branches,Temps couvert,Deux véhicules - côté,,,,,,,,,,,1,2,5,8.0,3
201200059230,0012-09-12 16:00:00,12,9,12,16,0,750,120,AVENUE IBSEN,,,Plein jour,En agglomération,Intersection en X,Normale,Deux véhicules - arrière,,,,,,,,,,,1,2,2,1.0,2
201200059231,0012-09-14 09:05:00,12,9,14,9,5,750,120,"346, RUE DES PYRENEES",,,Plein jour,En agglomération,Intersection en X,Normale,Deux véhicules - frontale,,,,,,,,,,,1,2,2,1.0,1
201200059232,0012-09-14 08:20:00,12,9,14,8,20,750,120,"401, RUE DES PYRENEES",,,Plein jour,En agglomération,Hors intersection,Normale,Sans collision,,,,,,,,,,,1,2,1,1.0,7
201200059233,0012-09-15 21:35:00,12,9,15,21,35,750,120,"0, BOULEVARD PERIPHERIQU",,,Nuit avec éclairage allumé,En agglomération,Hors intersection,Normale,Autre collision,,,,,,,,,,,5,2,1,1.0,6
201200059234,0012-09-15 21:30:00,12,9,15,21,30,750,120,BOULEVARD MORTIER,,,Nuit avec éclairage allumé,En agglomération,Intersection en X,Normale,Deux véhicules - côté,,,,,,,,,,,5,2,2,1.0,3
201200059235,0012-09-16 01:05:00,12,9,16,1,5,750,120,"10, AVENUE DU PROFESSEUR",,,Nuit sans éclairage public,En agglomération,Hors intersection,Normale,Deux véhicules - arrière,,,,,,,,,,,3,2,1,1.0,2
201200059236,0012-09-16 22:40:00,12,9,16,22,40,750,120,"66 bis, AVENUE GAMBETTA",,,Nuit avec éclairage allumé,En agglomération,Hors intersection,Normale,Autre collision,,,,,,,,,,,5,2,1,1.0,6
201200059237,0012-09-17 06:18:00,12,9,17,6,18,750,120,"10, PLACE GAMBETTA",,,Nuit avec éclairage allumé,En agglomération,Place,Normale,Deux véhicules - côté,,,,,,,,,,,5,2,7,1.0,3
201200059238,0012-09-18 17:45:00,12,9,18,17,45,750,120,AVENUE IBSEN,,,Plein jour,En agglomération,Hors intersection,Normale,Deux véhicules - arrière,,,,,,,,,,,1,2,1,1.0,2
201200059239,0012-09-19 19:40:00,12,9,19,19,40,750,120,"34, BOULEVARD DE CHARONN",,,Plein jour,En agglomération,Intersection à plus de 4 branches,Normale,Autre collision,,,,,,,,,,,1,2,5,1.0,6
201200059240,0012-09-19 20:10:00,12,9,19,20,10,750,120,"125, AVENUE GAMBETTA",,,Nuit avec éclairage allumé,En agglomération,Intersection à plus de 4 branches,Normale,Autre collision,,,,,,,,,,,5,2,5,1.0,6
201200059241,0012-09-19 20:30:00,12,9,19,20,30,750,120,"66, RUE DE BAGNOLET",,,Nuit avec éclairage allumé,En agglomération,Hors intersection,Normale,Deux véhicules - côté,,,,,,,,,,,5,2,1,1.0,3
201200059242,0012-09-20 10:00:00,12,9,20,10,0,750,120,"75, AVENUE GAMBETTA",,,Plein jour,En agglomération,Intersection en X,Normale,Deux véhicules - côté,,,,,,,,,,,1,2,2,1.0,3
201200059243,0012-09-20 13:35:00,12,9,20,13,35,750,120,"273, RUE DES PYRENEES",,,Plein jour,En agglomération,Intersection en T,Normale,Autre collision,,,,,,,,,,,1,2,3,1.0,6
201200059244,0012-09-20 17:40:00,12,9,20,17,40,750,120,"42, RUE SORBIER",,,Plein jour,En agglomération,Intersection à plus de 4 branches,Normale,Deux véhicules - côté,,,,,,,,,,,1,2,5,1.0,3
201200059245,0012-09-22 02:50:00,12,9,22,2,50,750,120,"27, RUE DES BALKANS",,,Nuit avec éclairage allumé,En agglomération,Hors intersection,Normale,Autre collision,,,,,,,,,,,5,2,1,1.0,6
201200059246,0012-09-22 11:50:00,12,9,22,11,50,750,120,"96, BOULEVARD DE BELLEVI",,,Plein jour,En agglomération,Intersection en T,Normale,Autre collision,,,,,,,,,,,1,2,3,1.0,6
201200059247,0012-09-22 20:45:00,12,9,22,20,45,750,120,"164, BOULEVARD DAVOUT",,,Nuit sans éclairage public,En agglomération,Intersection en T,Normale,Deux véhicules - arrière,,,,,,,,,,,3,2,3,1.0,2
201200059248,0012-09-23 23:00:00,12,9,23,23,0,750,120,"199, RUE DES PYRENEES",,,Nuit avec éclairage allumé,En agglomération,Hors intersection,Pluie forte,Deux véhicules - côté,,,,,,,,,,,5,2,1,3.0,3
201200059249,0012-09-24 09:30:00,12,9,24,9,30,750,120,"0, RUE DU COMMANDANT L H",,,Plein jour,En agglomération,Intersection en X,Pluie forte,Deux véhicules - arrière,,,,,,,,,,,1,2,2,3.0,2
201200059250,0012-09-25 13:30:00,12,9,25,13,30,750,120,"28, BOULEVARD DE MENILMO",,,Plein jour,En agglomération,Intersection en T,Pluie légère,Autre collision,,,,,,,,,,,1,2,3,2.0,6
201200059251,0012-09-27 13:30:00,12,9,27,13,30,750,120,"1, RUE DE BAGNOLET",,,Plein jour,En agglomération,Intersection à plus de 4 branches,Normale,Autre collision,,,,,,,,,,,1,2,5,1.0,6
201200059252,0012-09-27 16:35:00,12,9,27,16,35,750,120,"148, RUE DE BELLEVILLE",,,Plein jour,En agglomération,Hors intersection,Normale,Deux véhicules - arrière,,,,,,,,,,,1,2,1,1.0,2
201200059253,0012-09-28 21:10:00,12,9,28,21,10,750,120,"131, AVENUE GAMBETTA",,,Nuit avec éclairage allumé,En agglomération,Hors intersection,Normale,Deux véhicules - côté,,,,,,,,,,,5,2,1,1.0,3
201200059254,0012-09-28 20:30:00,12,9,28,20,30,750,120,"02, RUE DES PYRENEES",,,Nuit avec éclairage allumé,En agglomération,Intersection à plus de 4 branches,Normale,Autre collision,,,,,,,,,,,5,2,5,1.0,6
201200059255,0012-09-29 00:49:00,12,9,29,0,49,750,120,"259, RUE DES PYRENEES",,,Nuit avec éclairage allumé,En agglomération,Intersection en X,Normale,Autre collision,,,,,,,,,,,5,2,2,1.0,6
201200059256,0012-09-29 02:00:00,12,9,29,2,0,750,120,"134, RUE DE BELLEVILLE",,,Nuit avec éclairage allumé,En agglomération,Hors intersection,Normale,Trois véhicules et plus - collisions multiples,,,,,,,,,,,5,2,1,1.0,5
201200059257,0012-09-29 12:20:00,12,9,29,12,20,750,120,RUE LOUIS LUMIERE,,,Plein jour,En agglomération,Intersection en T,Normale,Deux véhicules - côté,,,,,,,,,,,1,2,3,1.0,3
201200059258,0012-10-01 09:00:00,12,10,1,9,0,750,120,"36, RUE SAINT FARGEAU",,,Plein jour,En agglomération,Place,Normale,Autre collision,,,,,,,,,,,1,2,7,1.0,6
201200059259,0012-10-02 08:10:00,12,10,2,8,10,750,120,"27, RUE BELGRAND",,,Plein jour,En agglomération,Intersection en X,Temps couvert,Autre collision,,,,,,,,,,,1,2,2,8.0,6
201200059260,0012-10-02 14:05:00,12,10,2,14,5,750,120,AVENUE CARTELLIER,,,Plein jour,En agglomération,Intersection en T,Normale,Deux véhicules - arrière,,,,,,,,,,,1,2,3,1.0,2
201200059261,0012-10-03 04:20:00,12,10,3,4,20,750,120,"229, RUE DES PYRENEES",,,Nuit avec éclairage allumé,En agglomération,Hors intersection,Normale,Sans collision,,,,,,,,,,,5,2,1,1.0,7
201200059262,0012-10-03 21:20:00,12,10,3,21,20,750,120,BOULEVARD PERIPHERIQUE,,,Nuit avec éclairage allumé,En agglomération,Hors intersection,Pluie forte,Autre collision,,,,,,,,,,,5,2,1,3.0,6
201200059263,0012-10-04 08:50:00,12,10,4,8,50,750,120,RUE JULIEN LACROIX,,,Plein jour,En agglomération,Intersection à plus de 4 branches,Pluie légère,Deux véhicules - côté,,,,,,,,,,,1,2,5,2.0,3
201200059264,0012-10-04 09:35:00,12,10,4,9,35,750,120,"135, AVENUE GAMBETTA",,,Plein jour,En agglomération,Hors intersection,Pluie légère,Autre collision,,,,,,,,,,,1,2,1,2.0,6
201200059265,0012-10-04 15:30:00,12,10,4,15,30,750,120,"71, RUE SAINT BLAISE",,,Plein jour,En agglomération,Hors intersection,Normale,Autre collision,,,,,,,,,,,1,2,1,1.0,6
201200059266,0012-10-05 10:50:00,12,10,5,10,50,750,120,", RUE DES PYRENEES",,,Plein jour,En agglomération,Intersection en X,Normale,Autre collision,,,,,,,,,,,1,2,2,1.0,6
201200059267,0012-10-05 19:55:00,12,10,5,19,55,750,120,"28, RUE SORBIER",,,Nuit avec éclairage allumé,En agglomération,Intersection en T,Normale,Deux véhicules - côté,,,,,,,,,,,5,2,3,1.0,3
201200059268,0012-10-06 14:50:00,12,10,6,14,50,750,120,"112, RUE D AVRON",,,Plein jour,En agglomération,Intersection en X,Pluie légère,Autre collision,,,,,,,,,,,1,2,2,2.0,6
201200059269,0012-10-07 11:30:00,12,10,7,11,30,750,120,"7, AVENUE DE LA PORTE DE",,,Plein jour,En agglomération,Intersection en X,Normale,Sans collision,,,,,,,,,,,1,2,2,1.0,7
201200059270,0012-10-07 14:20:00,12,10,7,14,20,750,120,"139, RUE PELLEPORT",,,Plein jour,En agglomération,Hors intersection,Normale,Deux véhicules - arrière,,,,,,,,,,,1,2,1,1.0,2
201200059271,0012-10-07 15:55:00,12,10,7,15,55,750,120,"102-104, BOULEVARD DE BE",,,Plein jour,En agglomération,Hors intersection,Normale,Deux véhicules - côté,,,,,,,,,,,1,2,1,1.0,3
201200059272,0012-10-07 16:30:00,12,10,7,16,30,750,120,"01, BOULEVARD MORTIER",,,Plein jour,En agglomération,Place,Normale,Deux véhicules - arrière,,,,,,,,,,,1,2,7,1.0,2
201200059273,0012-10-07 18:00:00,12,10,7,18,0,750,120,"250, RUE DES PYRENEES",,,Plein jour,En agglomération,Hors intersection,Normale,Deux véhicules - arrière,,,,,,,,,,,1,2,1,1.0,2
201200059274,0012-10-08 09:40:00,12,10,8,9,40,750,120,"6, AVENUE DE LA PORTE DE",,,Plein jour,En agglomération,Intersection en T,Pluie forte,Deux véhicules - frontale,,,,,,,,,,,1,2,3,3.0,1
201200059275,0012-10-08 18:00:00,12,10,8,18,0,750,120,RUE DU CLOS,,,Plein jour,En agglomération,Intersection en T,Pluie légère,Autre collision,,,,,,,,,,,1,2,3,2.0,6
201200059276,0012-10-08 21:20:00,12,10,8,21,20,750,120,"0, BOULEVARD MORTIER",,,Nuit avec éclairage non allumé,En agglomération,Intersection en X,Temps couvert,Deux véhicules - côté,,,,,,,,,,,4,2,2,8.0,3
201200059277,0012-10-09 19:20:00,12,10,9,19,20,750,120,"00000, RUE DE BAGNOLET",,,Crépuscule ou aube,En agglomération,Intersection en X,Normale,Deux véhicules - côté,,,,,,,,,,,2,2,2,1.0,3
201200059278,0012-10-10 01:47:00,12,10,10,1,47,750,120,"155, RUE DES PYRENEES",,,Nuit avec éclairage allumé,En agglomération,Intersection en X,Pluie légère,Sans collision,,,,,,,,,,,5,2,2,2.0,7
201200059279,0012-10-11 16:35:00,12,10,11,16,35,750,120,"132, RUE PELLEPORT",,,Plein jour,En agglomération,Intersection en T,Temps couvert,Autre collision,,,,,,,,,,,1,2,3,8.0,6
201200059280,0012-10-11 19:05:00,12,10,11,19,5,750,120,"77, AVENUE GAMBETTA",,,Nuit avec éclairage allumé,En agglomération,Intersection en X,Pluie forte,Autre collision,,,,,,,,,,,5,2,2,3.0,6
201200059281,0012-10-12 17:00:00,12,10,12,17,0,750,120,"103, RUE VILLIERS DE L I",,,Plein jour,En agglomération,Intersection en T,Normale,Autre collision,,,,,,,,,,,1,2,3,1.0,6
201200059282,0012-10-12 18:20:00,12,10,12,18,20,750,120,AVENUE DE LA PORTE DE BA,,,Plein jour,En agglomération,Hors intersection,Normale,Deux véhicules - arrière,,,,,,,,,,,1,2,1,1.0,2
201200059283,0012-10-13 14:45:00,12,10,13,14,45,750,120,"274, RUE DES PYRENEES",,,Plein jour,En agglomération,Intersection en X,Pluie légère,Autre collision,,,,,,,,,,,1,2,2,2.0,6
201200059284,0012-10-14 17:15:00,12,10,14,17,15,750,120,"147, RUE DES PYRENEES",,,Plein jour,En agglomération,Hors intersection,Pluie légère,Trois véhicules et plus - collisions multiples,,,,,,,,,,,1,2,1,2.0,5
201200059285,0012-10-15 13:40:00,12,10,15,13,40,750,120,"109, BOULEVARD MORTIER",,,Plein jour,En agglomération,Hors intersection,Normale,Autre collision,,,,,,,,,,,1,2,1,1.0,6
201200059286,0012-10-15 16:10:00,12,10,15,16,10,750,120,"97, RUE DES PYRENEES",,,Plein jour,En agglomération,Hors intersection,Normale,Autre collision,,,,,,,,,,,1,2,1,1.0,6
201200059287,0012-10-17 10:00:00,12,10,17,10,0,750,120,"76, RUE DES PYRENEES",,,Plein jour,En agglomération,Hors intersection,Pluie légère,Deux véhicules - côté,,,,,,,,,,,1,2,1,2.0,3
201200059288,0012-10-17 11:38:00,12,10,17,11,38,750,120,"76, RUE DE BAGNOLET",,,Plein jour,En agglomération,Intersection en T,Pluie légère,Autre collision,,,,,,,,,,,1,2,3,2.0,6
201200059289,0012-10-19 09:15:00,12,10,19,9,15,750,120,"152, RUE DE BELLEVILLE",,,Plein jour,En agglomération,Hors intersection,Temps couvert,Autre collision,,,,,,,,,,,1,2,1,8.0,6
201200059290,0012-10-19 16:00:00,12,10,19,16,0,750,120,"120, RUE DES PYRENEES",,,Plein jour,En agglomération,Intersection en X,Pluie légère,Deux véhicules - frontale,,,,,,,,,,,1,2,2,2.0,1
201200059291,0012-10-20 17:10:00,12,10,20,17,10,750,120,"0, PLACE DE LA PORTE DE",,,Plein jour,En agglomération,Place,Pluie légère,Sans collision,,,,,,,,,,,1,2,7,2.0,7
201200059292,0012-10-21 03:50:00,12,10,21,3,50,750,120,"53, RUE DE BAGNOLET",,,Nuit avec éclairage allumé,En agglomération,Intersection en Y,Pluie légère,Autre collision,,,,,,,,,,,5,2,4,2.0,6
201200059293,0012-10-22 22:49:00,12,10,22,22,49,750,120,"4, AVENUE DE LA PORTE DE",,,Nuit avec éclairage allumé,En agglomération,Intersection en T,Normale,Deux véhicules - arrière,,,,,,,,,,,5,2,3,1.0,2
201200059294,0012-10-23 10:45:00,12,10,23,10,45,750,120,"126, RUE DE MENILMONTANT",,,Plein jour,En agglomération,Intersection en X,Normale,Autre collision,,,,,,,,,,,1,2,2,1.0,6
201200059295,0012-10-24 07:50:00,12,10,24,7,50,750,120,"135, AVENUE GAMBETTA",,,Crépuscule ou aube,En agglomération,Intersection en T,Normale,Autre collision,,,,,,,,,,,2,2,3,1.0,6
201200059296,0012-10-24 17:45:00,12,10,24,17,45,750,120,"6, RUE JULIEN LACROIX",,,Plein jour,En agglomération,Hors intersection,Normale,Sans collision,,,,,,,,,,,1,2,1,1.0,7
201200059297,0012-10-26 15:35:00,12,10,26,15,35,750,120,"940, BOULEVARD DAVOUT",,,Plein jour,En agglomération,Intersection à plus de 4 branches,Temps couvert,Deux véhicules - arrière,,,,,,,,,,,1,2,5,8.0,2
201200059298,0012-10-27 11:25:00,12,10,27,11,25,750,120,"268, RUE DE BELLEVILLE",,,Plein jour,En agglomération,Hors intersection,Normale,Autre collision,,,,,,,,,,,1,2,1,1.0,6
201200059299,0012-10-27 20:05:00,12,10,27,20,5,750,120,"0, AVENUE CARTELLIER",,,Nuit avec éclairage allumé,En agglomération,Intersection en Y,Normale,Deux véhicules - côté,,,,,,,,,,,5,2,4,1.0,3
201200059300,0012-10-28 22:05:00,12,10,28,22,5,750,120,"138, RUE D AVRON",,,Nuit sans éclairage public,En agglomération,Hors intersection,Pluie légère,Autre collision,,,,,,,,,,,3,2,1,2.0,6
201200059301,0012-10-29 20:30:00,12,10,29,20,30,750,120,"0, BOULEVARD PERIPHERIQU",,,Nuit avec éclairage allumé,En agglomération,Intersection en Y,Normale,Deux véhicules - arrière,,,,,,,,,,,5,2,4,1.0,2
201200059302,0012-10-29 20:40:00,12,10,29,20,40,750,120,"0, BOULEVARD PERIPHERIQU",,,Nuit avec éclairage allumé,En agglomération,Intersection en Y,Normale,Trois véhicules et plus - en chaîne,,,,,,,,,,,5,2,4,1.0,4
201200059303,0012-11-02 13:25:00,12,11,2,13,25,750,120,"27, RUE BELGRAND",,,Plein jour,En agglomération,Intersection en Y,Pluie légère,Deux véhicules - arrière,,,,,,,,,,,1,2,4,2.0,2
201200059304,0012-11-03 01:00:00,12,11,3,1,0,750,120,"15, RUE SAINT FARGEAU",,,Nuit avec éclairage allumé,En agglomération,Intersection en T,Normale,Deux véhicules - côté,,,,,,,,,,,5,2,3,1.0,3
201200059305,0012-11-04 21:30:00,12,11,4,21,30,750,120,"115, RUE DES PYRENEES",,,Nuit avec éclairage allumé,En agglomération,Intersection à plus de 4 branches,Normale,Deux véhicules - côté,,,,,,,,,,,5,2,5,1.0,3
201200059306,0012-11-05 09:30:00,12,11,5,9,30,750,120,"02, RUE D AVRON",,,Plein jour,En agglomération,Intersection à plus de 4 branches,Normale,Autre collision,,,,,,,,,,,1,2,5,1.0,6
201200059307,0012-11-06 17:02:00,12,11,6,17,2,750,120,"8 BIS, RUE BELGRAND",,,Plein jour,En agglomération,Intersection en Y,Normale,Autre collision,,,,,,,,,,,1,2,4,1.0,6
201200059308,0012-11-06 19:55:00,12,11,6,19,55,750,120,"45, COURS DE VINCENNES",,,Nuit avec éclairage allumé,En agglomération,Hors intersection,Normale,Deux véhicules - arrière,,,,,,,,,,,5,2,1,1.0,2
201200059309,0012-11-07 08:00:00,12,11,7,8,0,750,120,"0, PLACE DE LA PORTE DE",,,Plein jour,En agglomération,Intersection en X,Normale,Deux véhicules - côté,,,,,,,,,,,1,2,2,1.0,3
201200059310,0012-11-06 19:40:00,12,11,6,19,40,750,120,BOULEVARD PERIPHERIQUE,,,Nuit avec éclairage allumé,En agglomération,Hors intersection,Normale,Trois véhicules et plus - en chaîne,,,,,,,,,,,5,2,1,1.0,4
201200059311,0012-11-08 09:00:00,12,11,8,9,0,750,120,"140, RUE PELLEPORT",,,Plein jour,En agglomération,Hors intersection,Normale,Deux véhicules - côté,,,,,,,,,,,1,2,1,1.0,3
201200059312,0012-11-10 09:05:00,12,11,10,9,5,750,120,"96, BOULEVARD DE MENILMO",,,Plein jour,En agglomération,Hors intersection,Temps couvert,Deux véhicules - arrière,,,,,,,,,,,1,2,1,8.0,2
201200059313,0012-11-10 15:00:00,12,11,10,15,0,750,120,"angle, BOULEVARD DAVOUT",,,Plein jour,En agglomération,Intersection à plus de 4 branches,Normale,Autre collision,,,,,,,,,,,1,2,5,1.0,6
201200059314,0012-11-11 19:48:00,12,11,11,19,48,750,120,"2, PLACE GAMBETTA",,,Nuit avec éclairage allumé,En agglomération,Place,Normale,Deux véhicules - côté,,,,,,,,,,,5,2,7,1.0,3
201200059315,0012-11-12 09:20:00,12,11,12,9,20,750,112,PORTE DE VINCENNES,,,Plein jour,En agglomération,Intersection en Y,Normale,Deux véhicules - côté,,,,,,,,,,,1,2,4,1.0,3
201200059316,0012-11-13 21:10:00,12,11,13,21,10,750,120,"2, BOULEVARD DE BELLEVIL",,,Nuit avec éclairage allumé,En agglomération,Intersection à plus de 4 branches,Normale,Autre collision,,,,,,,,,,,5,2,5,1.0,6
201200059317,0012-11-13 08:30:00,12,11,13,8,30,750,120,"320, RUE DES PYRENEES",,,Plein jour,En agglomération,Hors intersection,Normale,Autre collision,,,,,,,,,,,1,2,1,1.0,6
201200059318,0012-11-14 09:30:00,12,11,14,9,30,750,120,"42 bis, RUE BELGRAND",,,Plein jour,En agglomération,Intersection en X,Normale,Autre collision,,,,,,,,,,,1,2,2,1.0,6
201200059319,0012-11-14 18:20:00,12,11,14,18,20,750,120,AVENUE IBSEN,,,Nuit avec éclairage allumé,En agglomération,Intersection en Y,Normale,Deux véhicules - côté,,,,,,,,,,,5,2,4,1.0,3
201200059320,0012-11-20 08:30:00,12,11,20,8,30,750,120,"40, RUE DURIS",,,Plein jour,En agglomération,Intersection en T,Normale,Autre collision,,,,,,,,,,,1,2,3,1.0,6
201200059321,0012-11-20 16:35:00,12,11,20,16,35,750,120,"116, AVENUE GAMBETTA",,,Crépuscule ou aube,En agglomération,Hors intersection,Normale,Autre collision,,,,,,,,,,,2,2,1,1.0,6
201200059322,0012-11-21 09:50:00,12,11,21,9,50,750,120,"83, RUE DE MENILMONTANT",,,Plein jour,En agglomération,Intersection en X,Pluie légère,Sans collision,,,,,,,,,,,1,2,2,2.0,7
201200059323,0012-11-22 12:05:00,12,11,22,12,5,750,120,"108, BOULEVARD DE MENILM",,,Plein jour,En agglomération,Hors intersection,Normale,Deux véhicules - côté,,,,,,,,,,,1,2,1,1.0,3
201200059324,0012-11-24 09:50:00,12,11,24,9,50,750,120,"0, COURS DE VINCENNES",,,Plein jour,En agglomération,Giratoire,Temps couvert,Deux véhicules - côté,,,,,,,,,,,1,2,6,8.0,3
201200059325,0012-11-24 14:30:00,12,11,24,14,30,750,120,"69, RUE D AVRON",,,Plein jour,En agglomération,Intersection en X,Normale,Deux véhicules - côté,,,,,,,,,,,1,2,2,1.0,3
201200059326,0012-11-24 17:50:00,12,11,24,17,50,750,120,BOULEVARD PERIPHERIQUE,,,Nuit avec éclairage allumé,En agglomération,Hors intersection,Normale,Deux véhicules - arrière,,,,,,,,,,,5,2,1,1.0,2
201200059327,0012-11-24 22:20:00,12,11,24,22,20,750,120,"118, RUE D AVRON",,,Nuit avec éclairage allumé,En agglomération,Intersection en T,Normale,Deux véhicules - côté,,,,,,,,,,,5,2,3,1.0,3
201200059328,0012-11-26 18:30:00,12,11,26,18,30,750,120,"81, RUE PELLEPORT",,,Nuit avec éclairage allumé,En agglomération,Hors intersection,Temps couvert,Autre collision,,,,,,,,,,,5,2,1,8.0,6
201200059329,0012-11-27 07:25:00,12,11,27,7,25,750,120,AVENUE IBSEN,,,Crépuscule ou aube,En agglomération,Hors intersection,Pluie légère,Deux véhicules - côté,,,,,,,,,,,2,2,1,2.0,3
201200059330,0012-11-28 15:10:00,12,11,28,15,10,750,120,"56, BOULEVARD DAVOUT",,,Plein jour,En agglomération,Hors intersection,Normale,Autre collision,,,,,,,,,,,1,2,1,1.0,6
201200059331,0012-11-28 20:25:00,12,11,28,20,25,750,120,"0, RUE DE LAGNY",,,Nuit avec éclairage allumé,En agglomération,Intersection en X,Normale,Deux véhicules - côté,,,,,,,,,,,5,2,2,1.0,3
201200059332,0012-11-30 11:30:00,12,11,30,11,30,750,120,"135, AVENUE GAMBETTA",,,Plein jour,En agglomération,Hors intersection,Normale,Autre collision,,,,,,,,,,,1,2,1,1.0,6
201200059333,0012-12-02 10:13:00,12,12,2,10,13,750,120,"360, RUE DES PYRENEES",,,Plein jour,En agglomération,Intersection à plus de 4 branches,Normale,Deux véhicules - côté,,,,,,,,,,,1,2,5,1.0,3
201200059334,0012-12-03 10:05:00,12,12,3,10,5,750,120,"60, RUE DE BAGNOLET",,,Plein jour,En agglomération,Intersection en X,Pluie légère,Autre collision,,,,,,,,,,,1,2,2,2.0,6
201200059335,0012-11-30 13:30:00,12,11,30,13,30,750,120,"180, RUE PELLEPORT",,,Plein jour,En agglomération,Hors intersection,Temps couvert,Sans collision,,,,,,,,,,,1,2,1,8.0,7
201200059336,0012-12-03 13:50:00,12,12,3,13,50,750,120,"78, RUE HAXO",,,Plein jour,En agglomération,Intersection en T,Pluie légère,Deux véhicules - côté,,,,,,,,,,,1,2,3,2.0,3
201200059337,0012-12-03 17:15:00,12,12,3,17,15,750,120,"24, RUE DU COMMANDANT L",,,Nuit avec éclairage allumé,En agglomération,Hors intersection,Normale,Deux véhicules - côté,,,,,,,,,,,5,2,1,1.0,3
201200059338,0012-12-04 11:10:00,12,12,4,11,10,750,120,"15, RUE DU BORREGO",,,Plein jour,En agglomération,Intersection à plus de 4 branches,Normale,Autre collision,,,,,,,,,,,1,2,5,1.0,6
201200059339,0012-12-04 13:00:00,12,12,4,13,0,750,120,"94, RUE DE BAGNOLET",,,Plein jour,En agglomération,Intersection en X,Normale,Autre collision,,,,,,,,,,,1,2,2,1.0,6
201200059340,0012-12-05 12:20:00,12,12,5,12,20,750,120,"10, RUE D AVRON",,,Plein jour,En agglomération,Intersection en T,Normale,Deux véhicules - côté,,,,,,,,,,,1,2,3,1.0,3
201200059341,0012-12-07 15:45:00,12,12,7,15,45,750,120,"16, RUE DES PYRENEES",,,Plein jour,En agglomération,Intersection en X,Normale,Deux véhicules - côté,,,,,,,,,,,1,2,2,1.0,3
201200059342,0012-12-07 17:40:00,12,12,7,17,40,750,120,"42, RUE BELGRAND",,,Nuit avec éclairage allumé,En agglomération,Intersection en X,Pluie légère,Deux véhicules - côté,,,,,,,,,,,5,2,2,2.0,3
201200059343,0012-12-08 10:40:00,12,12,8,10,40,750,120,"angle, RUE DE MENILMONTA",,,Plein jour,En agglomération,Intersection en X,Temps couvert,Autre collision,,,,,,,,,,,1,2,2,8.0,6
201200059344,0012-12-09 14:20:00,12,12,9,14,20,750,120,"8, RUE DE LA PY",,,Plein jour,En agglomération,Intersection en T,Normale,Deux véhicules - arrière,,,,,,,,,,,1,2,3,1.0,2
201200059345,0012-12-09 19:15:00,12,12,9,19,15,750,120,"198, RUE DES PYRENEES",,,Nuit avec éclairage allumé,En agglomération,Intersection en X,Pluie légère,Autre collision,,,,,,,,,,,5,2,2,2.0,6
201200059346,0012-12-10 18:40:00,12,12,10,18,40,750,120,RUE BELGRAND,,,Nuit avec éclairage allumé,En agglomération,Intersection en X,Normale,Deux véhicules - côté,,,,,,,,,,,5,2,2,1.0,3
201200059347,0012-12-11 07:50:00,12,12,11,7,50,750,120,"113, RUE DES PYRENEES",,,Crépuscule ou aube,En agglomération,Intersection à plus de 4 branches,Normale,Autre collision,,,,,,,,,,,2,2,5,1.0,6
201200059348,0012-12-08 12:15:00,12,12,8,12,15,750,120,"6, RUE LEON FRAPIE",,,Plein jour,En agglomération,Hors intersection,Normale,Deux véhicules - côté,,,,,,,,,,,1,2,1,1.0,3
201200059349,0012-12-13 11:40:00,12,12,13,11,40,750,120,RUE LOUIS LUMIERE,,,Plein jour,En agglomération,Hors intersection,Pluie légère,Autre collision,,,,,,,,,,,1,2,1,2.0,6
201200059350,0012-12-13 18:45:00,12,12,13,18,45,750,120,"360, RUE DES PYRENEES",,,Nuit avec éclairage allumé,En agglomération,Intersection en X,Pluie légère,Sans collision,,,,,,,,,,,5,2,2,2.0,7
201200059351,0012-12-14 10:45:00,12,12,14,10,45,750,120,"274, RUE DES PYRENEES",,,Plein jour,En agglomération,Intersection en X,Pluie légère,Autre collision,,,,,,,,,,,1,2,2,2.0,6
201200059352,0012-12-15 14:00:00,12,12,15,14,0,750,120,"0, RUE FRANCIS PICABIA",,,Plein jour,En agglomération,Intersection en X,Normale,Deux véhicules - côté,,,,,,,,,,,1,2,2,1.0,3