accident_id,datetime,annee,mois,jour,heure,minute,departement,commune_insee,adresse,latitude,longitude,luminosite,agglomeration,intersection,meteo,collision,nb_vehicules,nb_usagers,nb_indemnes,nb_tues,nb_blesses_hosp,nb_blesses_legers,age_cond_1,age_cond_2,veh_type_cond_1,veh_type_cond_2,lum_code,agg_code,int_code,atm_code,col_code
201200059740,0012-11-13 18:08:00,12,11,13,18,8,750,116,RUE DE MAGDEBOURG,,,Nuit avec éclairage allumé,En agglomération,Intersection à plus de 4 branches,Normale,Autre collision,,,,,,,,,,,5,2,5,1.0,6
201200059741,0012-11-16 00:35:00,12,11,16,0,35,750,118,"82, BOULEVARD DE CLICHY",,,Nuit avec éclairage allumé,En agglomération,Hors intersection,Normale,Autre collision,,,,,,,,,,,5,2,1,1.0,6
201200059742,0012-11-16 10:20:00,12,11,16,10,20,750,112,"329, RUE DE CHARENTON",,,Plein jour,En agglomération,Intersection en T,Normale,Autre collision,,,,,,,,,,,1,2,3,1.0,6
201200059743,0012-11-16 19:40:00,12,11,16,19,40,750,107,"83, AVENUE DE LA BOURDON",,,Nuit avec éclairage allumé,En agglomération,Intersection en X,Normale,Autre collision,,,,,,,,,,,5,2,2,1.0,6
201200059744,0012-11-17 05:33:00,12,11,17,5,33,750,112,QUAI DE BERCY,,,Nuit avec éclairage allumé,En agglomération,Hors intersection,Brouillard / fumée,Autre collision,,,,,,,,,,,5,2,1,5.0,6
201200059745,0012-11-17 05:40:00,12,11,17,5,40,750,108,RUE DU GENERAL FOY,,,Nuit avec éclairage allumé,En agglomération,Intersection en X,Normale,Deux véhicules - côté,,,,,,,,,,,5,2,2,1.0,3
201200059746,0012-11-18 06:36:00,12,11,18,6,36,750,106,"120, BOULEVARD SAINT GER",,,Nuit avec éclairage allumé,En agglomération,Intersection en X,Pluie légère,Deux véhicules - côté,,,,,,,,,,,5,2,2,2.0,3
201200059747,0012-11-19 09:15:00,12,11,19,9,15,750,113,"08, RUE JACQUES DESTREE",,,Plein jour,En agglomération,Hors intersection,Normale,Deux véhicules - côté,,,,,,,,,,,1,2,1,1.0,3
201200059748,0012-11-14 11:40:00,12,11,14,11,40,750,117,"73, RUE GUY MOQUET",,,Plein jour,En agglomération,Intersection à plus de 4 branches,Normale,Autre collision,,,,,,,,,,,1,2,5,1.0,6
201200059749,0012-11-20 23:40:00,12,11,20,23,40,750,109,"01, RUE HENRY MONNIER",,,Nuit avec éclairage allumé,En agglomération,Intersection à plus de 4 branches,Normale,Deux véhicules - côté,,,,,,,,,,,5,2,5,1.0,3
201200059750,0012-11-21 14:41:00,12,11,21,14,41,750,116,ROUTE DE LA MUETTE A NEU,,,Plein jour,En agglomération,Intersection en X,Normale,Deux véhicules - côté,,,,,,,,,,,1,2,2,1.0,3
201200059751,0012-11-24 22:44:00,12,11,24,22,44,750,119,RUE DE CRIMEE,,,Nuit avec éclairage allumé,En agglomération,Intersection en X,Normale,Deux véhicules - côté,,,,,,,,,,,5,2,2,1.0,3
201200059752,0012-11-25 04:35:00,12,11,25,4,35,750,112,"/, PORTE DE VINCENNES",,,Nuit avec éclairage allumé,En agglomération,Intersection en X,Normale,Autre collision,,,,,,,,,,,5,2,2,1.0,6
201200059753,0012-11-27 02:45:00,12,11,27,2,45,750,116,"20, BOULEVARD SUCHET",,,Nuit avec éclairage allumé,En agglomération,Hors intersection,Normale,Autre collision,,,,,,,,,,,5,2,1,1.0,6
201200059754,0012-11-28 14:30:00,12,11,28,14,30,750,107,QUAI BRANLY,,,Plein jour,En agglomération,Intersection en X,Normale,Deux véhicules - côté,,,,,,,,,,,1,2,2,1.0,3
201200059755,0012-12-02 01:45:00,12,12,2,1,45,750,101,"03, RUE DU LOUVRE",,,Nuit avec éclairage allumé,En agglomération,Hors intersection,Normale,Deux véhicules - arrière,,,,,,,,,,,5,2,1,1.0,2
201200059756,0012-12-02 12:55:00,12,12,2,12,55,750,110,"4, BOULEVARD DE STRASBOU",,,Plein jour,En agglomération,Hors intersection,Normale,Trois véhicules et plus - en chaîne,,,,,,,,,,,1,2,1,1.0,4
201200059757,0012-12-02 15:20:00,12,12,2,15,20,750,104,"4, QUAI DES CELESTINS",,,Plein jour,En agglomération,Hors intersection,Normale,Autre collision,,,,,,,,,,,1,2,1,1.0,6
201200059758,0012-12-03 07:10:00,12,12,3,7,10,750,110,"10, BOULEVARD DE MAGENTA",,,Crépuscule ou aube,En agglomération,Hors intersection,Pluie légère,Autre collision,,,,,,,,,,,2,2,1,2.0,6
201200059759,0012-12-04 11:55:00,12,12,4,11,55,750,117,"202, BOULEVARD MALESHERB",,,Plein jour,En agglomération,Intersection à plus de 4 branches,Normale,Autre collision,,,,,,,,,,,1,2,5,1.0,6
201200059760,0012-12-04 16:20:00,12,12,4,16,20,750,116,"58, AVENUE D IENA",,,Plein jour,En agglomération,Place,Normale,Autre collision,,,,,,,,,,,1,2,7,1.0,6
201200059761,0012-12-05 02:40:00,12,12,5,2,40,750,113,BOULEVARD PERIPHERIQUE,,,Nuit avec éclairage allumé,En agglomération,Hors intersection,Normale,Deux véhicules - côté,,,,,,,,,,,5,2,1,1.0,3
201200059762,0012-12-05 15:50:00,12,12,5,15,50,750,112,RUE MICHEL CHASLES,,,Plein jour,En agglomération,Intersection en X,Pluie légère,Autre collision,,,,,,,,,,,1,2,2,2.0,6
201200059763,0012-12-08 02:10:00,12,12,8,2,10,750,115,RUE DE LA CROIX NIVERT,,,Nuit avec éclairage allumé,En agglomération,Intersection en X,Pluie légère,Deux véhicules - côté,,,,,,,,,,,5,2,2,2.0,3
201200059764,0012-12-09 00:54:00,12,12,9,0,54,750,117,"230, RUE DE COURCELLES",,,Nuit avec éclairage allumé,En agglomération,Intersection à plus de 4 branches,Normale,Deux véhicules - côté,,,,,,,,,,,5,2,5,1.0,3
201200059765,0012-12-09 06:30:00,12,12,9,6,30,750,116,"61, AVENUE DE LA PORTE D",,,Nuit avec éclairage allumé,En agglomération,Hors intersection,Normale,Autre collision,,,,,,,,,,,5,2,1,1.0,6
201200059766,0012-12-11 07:55:00,12,12,11,7,55,750,105,"07, QUAI SAINT BERNARD",,,Crépuscule ou aube,En agglomération,Hors intersection,Normale,Trois véhicules et plus - en chaîne,,,,,,,,,,,2,2,1,1.0,4
201200059767,0012-12-11 11:55:00,12,12,11,11,55,750,107,QUAI D ORSAY,,,Plein jour,En agglomération,Hors intersection,Normale,Sans collision,,,,,,,,,,,1,2,1,1.0,7
201200059768,0012-12-12 06:10:00,12,12,12,6,10,750,115,"110, RUE DE SEVRES",,,Nuit avec éclairage allumé,En agglomération,Hors intersection,Normale,Deux véhicules - côté,,,,,,,,,,,5,2,1,1.0,3
201200059769,0012-12-13 03:30:00,12,12,13,3,30,750,116,"/, ALLEE DE LA REINE MAR",,,Nuit avec éclairage allumé,En agglomération,Hors intersection,Normale,Deux véhicules - côté,,,,,,,,,,,5,2,1,1.0,3
201200059770,0012-12-14 00:45:00,12,12,14,0,45,750,108,"133, AVENUE DES CHAMPS E",,,Nuit avec éclairage allumé,En agglomération,Hors intersection,Normale,Deux véhicules - côté,,,,,,,,,,,5,2,1,1.0,3
201200059771,0012-12-16 01:25:00,12,12,16,1,25,750,112,QUAI DE BERCY,,,Nuit avec éclairage allumé,En agglomération,Hors intersection,Temps couvert,Autre collision,,,,,,,,,,,5,2,1,8.0,6
201200059772,0012-12-16 19:27:00,12,12,16,19,27,750,113,"111, AVENUE D ITALIE",,,Nuit avec éclairage allumé,En agglomération,Intersection en X,Pluie légère,Autre collision,,,,,,,,,,,5,2,2,2.0,6
201200059773,0012-12-16 20:20:00,12,12,16,20,20,750,113,PLACE D ITALIE,,,Nuit avec éclairage allumé,En agglomération,Place,Pluie légère,Deux véhicules - côté,,,,,,,,,,,5,2,7,2.0,3
201200059774,0012-12-17 14:15:00,12,12,17,14,15,750,112,"75, BOULEVARD DIDEROT",,,Plein jour,En agglomération,Intersection en X,Normale,Deux véhicules - côté,,,,,,,,,,,1,2,2,1.0,3
201200059775,0012-12-17 19:25:00,12,12,17,19,25,750,105,"56, RUE GAY LUSSAC",,,Nuit avec éclairage allumé,En agglomération,Hors intersection,Normale,Autre collision,,,,,,,,,,,5,2,1,1.0,6
201200059776,0012-12-18 10:45:00,12,12,18,10,45,750,108,AVENUE WINSTON CHURCHILL,,,Plein jour,En agglomération,Hors intersection,Pluie légère,Deux véhicules - côté,,,,,,,,,,,1,2,1,2.0,3
201200059777,0012-12-18 18:20:00,12,12,18,18,20,750,120,"401, RUE DES PYRENEES",,,Nuit avec éclairage non allumé,En agglomération,Intersection à plus de 4 branches,Normale,Autre collision,,,,,,,,,,,4,2,5,1.0,6
201200059778,0012-12-19 11:30:00,12,12,19,11,30,750,105,"8, RUE ROYER COLLARD",,,Plein jour,En agglomération,Hors intersection,Normale,Autre collision,,,,,,,,,,,1,2,1,1.0,6
201200059779,0012-12-21 06:37:00,12,12,21,6,37,750,106,BOULEVARD SAINT GERMAIN,,,Nuit avec éclairage allumé,En agglomération,Intersection en X,Normale,Trois véhicules et plus - collisions multiples,,,,,,,,,,,5,2,2,1.0,5
201200059780,0012-12-21 08:05:00,12,12,21,8,5,750,111,"309, RUE DU FAUBOURG SAI",,,Plein jour,En agglomération,Intersection en Y,Normale,Autre collision,,,,,,,,,,,1,2,4,1.0,6
201200059781,0012-12-21 16:50:00,12,12,21,16,50,750,107,BOULEVARD RASPAIL,,,Plein jour,En agglomération,Intersection à plus de 4 branches,Normale,Autre collision,,,,,,,,,,,1,2,5,1.0,6
201200059782,0012-12-22 18:50:00,12,12,22,18,50,750,116,"19, AVENUE PAUL DOUMER",,,Nuit avec éclairage allumé,En agglomération,Intersection en X,Pluie légère,Autre collision,,,,,,,,,,,5,2,2,2.0,6
201200059783,0012-12-24 13:50:00,12,12,24,13,50,750,108,AVENUE WINSTON CHURCHILL,,,Plein jour,En agglomération,Hors intersection,Normale,Autre collision,,,,,,,,,,,1,2,1,1.0,6
201200059784,0012-12-27 17:35:00,12,12,27,17,35,750,117,RUE GUSTAVE CHARPENTIER,,,Nuit avec éclairage allumé,En agglomération,Intersection à plus de 4 branches,Normale,Autre collision,,,,,,,,,,,5,2,5,1.0,6
201200059785,0012-12-28 15:10:00,12,12,28,15,10,750,112,AVENUE DAUMESNIL,,,Plein jour,En agglomération,Intersection en X,Normale,Autre collision,,,,,,,,,,,1,2,2,1.0,6
201200059786,0012-01-01 08:20:00,12,1,1,8,20,750,113,PORTE D IVRY,,,Crépuscule ou aube,En agglomération,Hors intersection,Pluie légère,Autre collision,,,,,,,,,,,2,2,1,2.0,6
201200059787,0012-01-01 11:30:00,12,1,1,11,30,750,120,ECHANGEUR LILAS,,,Plein jour,En agglomération,Hors intersection,Normale,Autre collision,,,,,,,,,,,1,2,1,1.0,6
201200059788,0012-01-02 14:30:00,12,1,2,14,30,750,112,PORT DE BERCY,,,Plein jour,En agglomération,Hors intersection,Normale,Deux véhicules - arrière,,,,,,,,,,,1,2,1,1.0,2
201200059789,0012-01-03 07:25:00,12,1,3,7,25,750,117,PORTE D ASNIERES,,,Nuit avec éclairage allumé,En agglomération,Hors intersection,Normale,Trois véhicules et plus - en chaîne,,,,,,,,,,,5,2,1,1.0,4
201200059790,0012-01-03 10:05:00,12,1,3,10,5,750,112,PORTE DOREE,,,Plein jour,En agglomération,Hors intersection,Normale,Deux véhicules - côté,,,,,,,,,,,1,2,1,1.0,3
201200059791,0012-01-04 10:20:00,12,1,4,10,20,750,113,QUAI D IVRY,,,Plein jour,En agglomération,Hors intersection,Normale,Deux véhicules - côté,,,,,,,,,,,1,2,1,1.0,3
201200059792,0012-01-04 13:28:00,12,1,4,13,28,750,118,PORTE DE LA CHAPELLE,,,Plein jour,En agglomération,Hors intersection,Normale,Deux véhicules - arrière,,,,,,,,,,,1,2,1,1.0,2
201200059793,0012-01-04 14:50:00,12,1,4,14,50,750,116,PORTE DE PASSY,,,Plein jour,En agglomération,Hors intersection,Normale,Autre collision,,,,,,,,,,,1,2,1,1.0,6
201200059794,0012-01-04 18:00:00,12,1,4,18,0,750,117,PORTE DE CHAMPERRET,,,Nuit avec éclairage allumé,En agglomération,Hors intersection,Normale,Deux véhicules - côté,,,,,,,,,,,5,2,1,1.0,3
201200059795,0012-01-05 05:30:00,12,1,5,5,30,750,112,BOULEVARD PERIPHERIQUE E,,,Nuit avec éclairage allumé,En agglomération,Hors intersection,Vent fort / tempête,Deux véhicules - arrière,,,,,,,,,,,5,2,1,6.0,2
201200059796,0012-01-05 16:20:00,12,1,5,16,20,750,114,PORTE D ORLEANS,,,Plein jour,En agglomération,Hors intersection,Normale,Trois véhicules et plus - en chaîne,,,,,,,,,,,1,2,1,1.0,4
201200059797,0012-01-07 06:30:00,12,1,7,6,30,750,119,PORTE DE LA VILLETTE,,,Nuit avec éclairage allumé,En agglomération,Intersection en Y,Normale,Autre collision,,,,,,,,,,,5,2,4,1.0,6
201200059798,0012-01-07 15:15:00,12,1,7,15,15,750,112,PORTE DE VINCENNES,,,Plein jour,En agglomération,Hors intersection,Normale,Deux véhicules - côté,,,,,,,,,,,1,2,1,1.0,3
201200059799,0012-01-07 19:40:00,12,1,7,19,40,750,113,QUAI D IVRY,,,Nuit avec éclairage allumé,En agglomération,Hors intersection,Normale,Deux véhicules - côté,,,,,,,,,,,5,2,1,1.0,3
201200059800,0012-01-07 19:50:00,12,1,7,19,50,750,118,PORTE DE CLIGNANCOURT,,,Nuit avec éclairage non allumé,En agglomération,Hors intersection,Normale,Deux véhicules - arrière,,,,,,,,,,,4,2,1,1.0,2
201200059801,0012-01-09 21:15:00,12,1,9,21,15,750,119,PORTE DE PANTIN,,,Nuit avec éclairage allumé,En agglomération,Hors intersection,Normale,Deux véhicules - arrière,,,,,,,,,,,5,2,1,1.0,2
201200059802,0012-01-11 17:10:00,12,1,11,17,10,750,119,PORTE D AUBERVILLIERS,,,Crépuscule ou aube,En agglomération,Hors intersection,Normale,Deux véhicules - arrière,,,,,,,,,,,2,2,1,1.0,2
201200059803,0012-01-11 16:40:00,12,1,11,16,40,750,114,PORTE DE GENTILLY,,,Plein jour,En agglomération,Hors intersection,Temps couvert,Deux véhicules - côté,,,,,,,,,,,1,2,1,8.0,3
201200059804,0012-01-11 17:25:00,12,1,11,17,25,750,115,PORTE DE SEVRES,,,Plein jour,En agglomération,Hors intersection,Normale,Autre collision,,,,,,,,,,,1,2,1,1.0,6
201200059805,0012-01-12 10:55:00,12,1,12,10,55,750,112,PORTE DOREE,,,Plein jour,En agglomération,Hors intersection,Normale,Deux véhicules - côté,,,,,,,,,,,1,2,1,1.0,3
201200059806,0012-01-12 11:40:00,12,1,12,11,40,750,119,PORTE DE PANTIN,,,Plein jour,En agglomération,Hors intersection,Normale,Sans collision,,,,,,,,,,,1,2,1,1.0,7
201200059807,0012-01-12 15:00:00,12,1,12,15,0,750,119,PORTE DE PANTIN,,,Plein jour,En agglomération,Hors intersection,Normale,Sans collision,,,,,,,,,,,1,2,1,1.0,7
201200059808,0012-01-12 18:30:00,12,1,12,18,30,750,116,PORTE DE SAINT CLOUD,,,Nuit avec éclairage allumé,En agglomération,Hors intersection,Normale,Deux véhicules - arrière,,,,,,,,,,,5,2,1,1.0,2
201200059809,0012-01-12 18:30:00,12,1,12,18,30,750,120,PORTE DE VINCENNES,,,Nuit avec éclairage allumé,En agglomération,Hors intersection,Normale,Deux véhicules - côté,,,,,,,,,,,5,2,1,1.0,3
201200059810,0012-01-13 18:20:00,12,1,13,18,20,750,116,BOULEVARD MAILLOT,,,Nuit avec éclairage allumé,En agglomération,Hors intersection,Normale,Deux véhicules - arrière,,,,,,,,,,,5,2,1,1.0,2
201200059811,0012-01-13 14:40:00,12,1,13,14,40,750,120,AVENUE DE LA PORTE DES L,,,Plein jour,En agglomération,Intersection en Y,Normale,Deux véhicules - arrière,,,,,,,,,,,1,2,4,1.0,2
201200059812,0012-01-14 20:00:00,12,1,14,20,0,750,113,PORTE D ITALIE,,,Nuit avec éclairage allumé,En agglomération,Hors intersection,Normale,Deux véhicules - arrière,,,,,,,,,,,5,2,1,1.0,2
201200059813,0012-01-14 18:00:00,12,1,14,18,0,750,117,PORTE DE SAINT OUEN,,,Nuit avec éclairage allumé,En agglomération,Hors intersection,Normale,Autre collision,,,,,,,,,,,5,2,1,1.0,6
201200059814,0012-01-12 00:38:00,12,1,12,0,38,750,120,BOULEVARD PERIPHERIQUE I,,,Nuit sans éclairage public,En agglomération,Hors intersection,Normale,Sans collision,,,,,,,,,,,3,2,1,1.0,7
201200059815,0012-01-15 07:00:00,12,1,15,7,0,750,119,PORTE DE LA VILLETTE,,,Nuit avec éclairage allumé,En agglomération,Hors intersection,Normale,Trois véhicules et plus - en chaîne,,,,,,,,,,,5,2,1,1.0,4
201200059816,0012-01-15 14:15:00,12,1,15,14,15,750,112,PORTE DE SAINT MANDE,,,Plein jour,En agglomération,Hors intersection,Normale,Trois véhicules et plus - en chaîne,,,,,,,,,,,1,2,1,1.0,4
201200059817,0012-01-17 18:45:00,12,1,17,18,45,750,113,PORTE D ITALIE,,,Nuit avec éclairage allumé,En agglomération,Hors intersection,Normale,Autre collision,,,,,,,,,,,5,2,1,1.0,6
201200059818,0012-01-18 14:15:00,12,1,18,14,15,750,120,PORTE DE VINCENNES,,,Plein jour,En agglomération,Intersection en Y,Normale,Trois véhicules et plus - en chaîne,,,,,,,,,,,1,2,4,1.0,4
201200059819,0012-01-18 19:30:00,12,1,18,19,30,750,113,PONT DE BERCY,,,Nuit avec éclairage allumé,En agglomération,Hors intersection,Normale,Trois véhicules et plus - en chaîne,,,,,,,,,,,5,2,1,1.0,4
201200059820,0012-01-20 16:30:00,12,1,20,16,30,750,116,PORTE D AUTEUIL,,,Crépuscule ou aube,En agglomération,Hors intersection,Normale,Deux véhicules - côté,,,,,,,,,,,2,2,1,1.0,3
201200059821,0012-01-21 04:30:00,12,1,21,4,30,750,120,PORTE DE MONTREUIL,,,Nuit avec éclairage allumé,En agglomération,Hors intersection,Normale,Sans collision,,,,,,,,,,,5,2,1,1.0,7
201200059822,0012-01-21 09:00:00,12,1,21,9,0,750,118,ECHANGEUR CHAPELLE,,,Plein jour,En agglomération,Hors intersection,Normale,Autre collision,,,,,,,,,,,1,2,1,1.0,6
201200059823,0012-01-21 10:45:00,12,1,21,10,45,750,118,PORTE DE LA CHAPELLE,,,Plein jour,En agglomération,Hors intersection,Pluie légère,Trois véhicules et plus - en chaîne,,,,,,,,,,,1,2,1,2.0,4
201200059824,0012-01-23 13:35:00,12,1,23,13,35,750,120,PORTE DE BAGNOLET,,,Plein jour,En agglomération,Hors intersection,Normale,Autre collision,,,,,,,,,,,1,2,1,1.0,6
201200059825,0012-01-26 09:55:00,12,1,26,9,55,750,119,PORTE DE LA VILLETTE,,,Plein jour,En agglomération,Hors intersection,Pluie légère,Autre collision,,,,,,,,,,,1,2,1,2.0,6
201200059826,0012-01-26 18:30:00,12,1,26,18,30,750,112,PORTE DOREE,,,Nuit avec éclairage allumé,En agglomération,Hors intersection,Normale,Deux véhicules - côté,,,,,,,,,,,5,2,1,1.0,3
201200059827,0012-01-27 06:50:00,12,1,27,6,50,750,119,PORTE DES LILAS,,,Nuit avec éclairage allumé,En agglomération,Hors intersection,Normale,Deux véhicules - arrière,,,,,,,,,,,5,2,1,1.0,2
201200059828,0012-01-27 12:00:00,12,1,27,12,0,750,113,ECHANGEUR ITALIE,,,Plein jour,En agglomération,Hors intersection,Normale,Trois véhicules et plus - en chaîne,,,,,,,,,,,1,2,1,1.0,4
201200059829,0012-01-28 02:05:00,12,1,28,2,5,750,118,BOULEVARD PERIPHERIQUE E,,,Nuit avec éclairage allumé,En agglomération,Hors intersection,Normale,Autre collision,,,,,,,,,,,5,2,1,1.0,6
201200059830,0012-01-26 16:45:00,12,1,26,16,45,750,116,ECHANGEUR MUETTE,,,Crépuscule ou aube,En agglomération,Hors intersection,Autre,Trois véhicules et plus - en chaîne,,,,,,,,,,,2,2,1,9.0,4
201200059831,0012-01-30 09:20:00,12,1,30,9,20,750,118,ECHANGEUR CHAPELLE,,,Plein jour,En agglomération,Hors intersection,Normale,Sans collision,,,,,,,,,,,1,2,1,1.0,7
201200059832,0012-01-30 09:40:00,12,1,30,9,40,750,120,PORTE DES LILAS,,,Nuit avec éclairage allumé,En agglomération,Hors intersection,Normale,Trois véhicules et plus - en chaîne,,,,,,,,,,,5,2,1,1.0,4
201200059833,0012-01-30 14:50:00,12,1,30,14,50,750,119,PORTE DE PANTIN,,,Plein jour,En agglomération,Hors intersection,Normale,Sans collision,,,,,,,,,,,1,2,1,1.0,7
201200059834,0012-01-31 12:35:00,12,1,31,12,35,750,114,PORTE DE CHATILLON,,,Plein jour,En agglomération,Hors intersection,Normale,Deux véhicules - arrière,,,,,,,,,,,1,2,1,1.0,2
201200059835,0012-02-01 15:45:00,12,2,1,15,45,750,116,PORTE DAUPHINE,,,Plein jour,En agglomération,Hors intersection,Normale,Trois véhicules et plus - en chaîne,,,,,,,,,,,1,2,1,1.0,4
201200059836,0012-02-01 22:30:00,12,2,1,22,30,750,119,PORTE DE PANTIN,,,Nuit avec éclairage allumé,En agglomération,Intersection en Y,Normale,Deux véhicules - arrière,,,,,,,,,,,5,2,4,1.0,2
201200059837,0012-02-02 18:30:00,12,2,2,18,30,750,116,PORTE DAUPHINE,,,Nuit avec éclairage allumé,En agglomération,Hors intersection,Normale,Deux véhicules - arrière,,,,,,,,,,,5,2,1,1.0,2
201200059838,0012-02-03 09:21:00,12,2,3,9,21,750,117,PORTE DES TERNES,,,Plein jour,En agglomération,Hors intersection,Normale,Deux véhicules - côté,,,,,,,,,,,1,2,1,1.0,3
201200059839,0012-02-03 18:40:00,12,2,3,18,40,750,119,PORTE D AUBERVILLIERS,,,Nuit avec éclairage allumé,En agglomération,Hors intersection,Normale,Trois véhicules et plus - en chaîne,,,,,,,,,,,5,2,1,1.0,4
201200059840,0012-02-04 18:30:00,12,2,4,18,30,750,118,PORTE D AUBERVILLIERS,,,Nuit avec éclairage allumé,En agglomération,Hors intersection,Normale,Trois véhicules et plus - en chaîne,,,,,,,,,,,5,2,1,1.0,4
201200059841,0012-02-04 22:35:00,12,2,4,22,35,750,120,ECHANGEUR BAGNOLET,,,Nuit avec éclairage allumé,En agglomération,Hors intersection,Normale,Sans collision,,,,,,,,,,,5,2,1,1.0,7
201200059842,0012-02-05 06:30:00,12,2,5,6,30,750,119,PORTE DES LILAS,,,Nuit avec éclairage allumé,En agglomération,Hors intersection,Neige / grêle,Autre collision,,,,,,,,,,,5,2,1,4.0,6
201200059843,0012-02-08 16:15:00,12,2,8,16,15,750,119,PORTE DE LA VILLETTE,,,Plein jour,En agglomération,Hors intersection,Normale,Trois véhicules et plus - en chaîne,,,,,,,,,,,1,2,1,1.0,4
201200059844,0012-02-09 03:40:00,12,2,9,3,40,750,119,PORTE DES LILAS,,,Nuit avec éclairage allumé,En agglomération,Hors intersection,Normale,Autre collision,,,,,,,,,,,5,2,1,1.0,6
201200059845,0012-02-09 17:50:00,12,2,9,17,50,750,113,PORTE D ITALIE,,,Nuit avec éclairage allumé,En agglomération,Hors intersection,Normale,Trois véhicules et plus - en chaîne,,,,,,,,,,,5,2,1,1.0,4
201200059846,0012-02-10 14:50:00,12,2,10,14,50,750,115,PORTE DE SEVRES,,,Plein jour,En agglomération,Hors intersection,Normale,Autre collision,,,,,,,,,,,1,2,1,1.0,6
201200059847,0012-02-12 13:00:00,12,2,12,13,0,750,116,PORTE DAUPHINE,,,Plein jour,En agglomération,Hors intersection,Normale,Deux véhicules - arrière,,,,,,,,,,,1,2,1,1.0,2
201200059848,0012-02-13 17:50:00,12,2,13,17,50,750,112,PORTE DOREE,,,Nuit avec éclairage allumé,En agglomération,Hors intersection,Pluie légère,Trois véhicules et plus - en chaîne,,,,,,,,,,,5,2,1,2.0,4
201200059849,0012-02-15 09:50:00,12,2,15,9,50,750,116,PORTE DAUPHINE,,,Plein jour,En agglomération,Hors intersection,Normale,Sans collision,,,,,,,,,,,1,2,1,1.0,7
201200059850,0012-02-15 19:55:00,12,2,15,19,55,750,115,PORTE DE LA PLAINE,,,Nuit avec éclairage allumé,En agglomération,Hors intersection,Normale,Deux véhicules - côté,,,,,,,,,,,5,2,1,1.0,3
201200059851,0012-02-17 13:20:00,12,2,17,13,20,750,116,PORTE D AUTEUIL,,,Plein jour,En agglomération,Hors intersection,Normale,Trois véhicules et plus - en chaîne,,,,,,,,,,,1,2,1,1.0,4
201200059852,0012-02-19 08:05:00,12,2,19,8,5,750,113,PORTE D ITALIE,,,Plein jour,En agglomération,Hors intersection,Normale,Deux véhicules - côté,,,,,,,,,,,1,2,1,1.0,3
201200059853,0012-02-19 17:00:00,12,2,19,17,0,750,116,PORTE DE PASSY,,,Plein jour,En agglomération,Hors intersection,Normale,Trois véhicules et plus - en chaîne,,,,,,,,,,,1,2,1,1.0,4
201200059854,0012-02-20 08:45:00,12,2,20,8,45,750,116,PORTE D AUTEUIL,,,Plein jour,En agglomération,Hors intersection,Normale,Deux véhicules - côté,,,,,,,,,,,1,2,1,1.0,3
201200059855,0012-02-20 12:09:00,12,2,20,12,9,750,112,PORTE DOREE,,,Plein jour,En agglomération,Hors intersection,Normale,Autre collision,,,,,,,,,,,1,2,1,1.0,6
201200059856,0012-02-20 19:40:00,12,2,20,19,40,750,116,PORTE DAUPHINE,,,Nuit avec éclairage allumé,En agglomération,Hors intersection,Normale,Trois véhicules et plus - en chaîne,,,,,,,,,,,5,2,1,1.0,4
201200059857,0012-02-22 12:00:00,12,2,22,12,0,750,118,ECHANGEUR CHAPELLE,,,Plein jour,En agglomération,Hors intersection,Normale,Autre collision,,,,,,,,,,,1,2,1,1.0,6
201200059858,0012-02-22 18:10:00,12,2,22,18,10,750,114,PORTE D ORLEANS,,,Plein jour,En agglomération,Hors intersection,Normale,Deux véhicules - côté,,,,,,,,,,,1,2,1,1.0,3
201200059859,0012-02-23 10:00:00,12,2,23,10,0,750,118,PORTE DE SAINT OUEN,,,Plein jour,En agglomération,Hors intersection,Pluie légère,Trois véhicules et plus - en chaîne,,,,,,,,,,,1,2,1,2.0,4
201200059860,0012-02-24 07:00:00,12,2,24,7,0,750,118,PORTE DE CLIGNANCOURT,,,Crépuscule ou aube,En agglomération,Hors intersection,Normale,Trois véhicules et plus - en chaîne,,,,,,,,,,,2,2,1,1.0,4
201200059861,0012-02-24 13:00:00,12,2,24,13,0,750,120,PORTE DE BAGNOLET,,,Plein jour,En agglomération,Hors intersection,Temps éblouissant,Trois véhicules et plus - en chaîne,,,,,,,,,,,1,2,1,7.0,4
201200059862,0012-02-24 18:20:00,12,2,24,18,20,750,114,PORTE D ORLEANS,,,Nuit avec éclairage allumé,En agglomération,Hors intersection,Normale,Trois véhicules et plus - en chaîne,,,,,,,,,,,5,2,1,1.0,4
201200059863,0012-02-25 22:15:00,12,2,25,22,15,750,120,PORTE DE BAGNOLET,,,Nuit avec éclairage allumé,En agglomération,Hors intersection,Normale,Deux véhicules - côté,,,,,,,,,,,5,2,1,1.0,3
201200059864,0012-02-26 15:20:00,12,2,26,15,20,750,114,PORTE DE CHATILLON,,,Plein jour,En agglomération,Hors intersection,Normale,Deux véhicules - arrière,,,,,,,,,,,1,2,1,1.0,2
201200059865,0012-02-26 18:45:00,12,2,26,18,45,750,118,PORTE DE CLIGNANCOURT,,,Nuit avec éclairage allumé,En agglomération,Hors intersection,Normale,Deux véhicules - côté,,,,,,,,,,,5,2,1,1.0,3
201200059866,0012-02-27 17:15:00,12,2,27,17,15,750,120,PORTE DE MONTREUIL,,,Plein jour,En agglomération,Hors intersection,Normale,Autre collision,,,,,,,,,,,1,2,1,1.0,6