accident_id,datetime,annee,mois,jour,heure,minute,departement,commune_insee,adresse,latitude,longitude,luminosite,agglomeration,intersection,meteo,collision,nb_vehicules,nb_usagers,nb_indemnes,nb_tues,nb_blesses_hosp,nb_blesses_legers,age_cond_1,age_cond_2,veh_type_cond_1,veh_type_cond_2,lum_code,agg_code,int_code,atm_code,col_code
201200060391,0012-11-29 19:05:00,12,11,29,19,5,750,115,PORTE D ISSY,,,Nuit avec éclairage allumé,En agglomération,Hors intersection,Normale,Deux véhicules - arrière,,,,,,,,,,,5,2,1,1.0,2
201200060392,0012-11-30 10:20:00,12,11,30,10,20,750,120,ECHANGEUR BAGNOLET,,,Plein jour,En agglomération,Intersection en Y,Normale,Deux véhicules - côté,,,,,,,,,,,1,2,4,1.0,3
201200060393,0012-12-01 07:25:00,12,12,1,7,25,750,119,PORTE DES LILAS,,,Crépuscule ou aube,En agglomération,Hors intersection,Brouillard / fumée,Autre collision,,,,,,,,,,,2,2,1,5.0,6
201200060394,0012-12-02 13:10:00,12,12,2,13,10,750,116,PORTE D AUTEUIL,,,Plein jour,En agglomération,Hors intersection,Normale,Deux véhicules - arrière,,,,,,,,,,,1,2,1,1.0,2
201200060395,0012-12-03 12:50:00,12,12,3,12,50,750,120,ECHANGEUR BAGNOLET,,,Plein jour,En agglomération,Hors intersection,Normale,Autre collision,,,,,,,,,,,1,2,1,1.0,6
201200060396,0012-12-03 18:30:00,12,12,3,18,30,750,112,ECHANGEUR BERCY,,,Nuit avec éclairage allumé,En agglomération,Hors intersection,Normale,Deux véhicules - côté,,,,,,,,,,,5,2,1,1.0,3
201200060397,0012-12-03 23:05:00,12,12,3,23,5,750,112,BOULEVARD PERIPHERIQUE I,,,Nuit avec éclairage allumé,En agglomération,Intersection en Y,Pluie légère,Deux véhicules - côté,,,,,,,,,,,5,2,4,2.0,3
201200060398,0012-12-04 06:30:00,12,12,4,6,30,750,120,ECHANGEUR BAGNOLET,,,Nuit avec éclairage allumé,En agglomération,Hors intersection,Pluie légère,Deux véhicules - arrière,,,,,,,,,,,5,2,1,2.0,2
201200060399,0012-12-04 09:15:00,12,12,4,9,15,750,113,ECHANGEUR BERCY,,,Plein jour,En agglomération,Hors intersection,Normale,Trois véhicules et plus - en chaîne,,,,,,,,,,,1,2,1,1.0,4
201200060400,0012-12-04 13:10:00,12,12,4,13,10,750,114,PORTE DE CHATILLON,,,Plein jour,En agglomération,Hors intersection,Normale,Deux véhicules - arrière,,,,,,,,,,,1,2,1,1.0,2
201200060401,0012-12-04 18:50:00,12,12,4,18,50,750,120,PORTE DE BAGNOLET,,,Nuit avec éclairage non allumé,En agglomération,Hors intersection,Pluie légère,Sans collision,,,,,,,,,,,4,2,1,2.0,7
201200060402,0012-12-04 21:35:00,12,12,4,21,35,750,120,PORTE DES LILAS,,,Nuit avec éclairage allumé,En agglomération,Hors intersection,Normale,Deux véhicules - arrière,,,,,,,,,,,5,2,1,1.0,2
201200060403,0012-12-05 00:10:00,12,12,5,0,10,750,120,BOULEVARD PERIPHERIQUE E,,,Nuit avec éclairage allumé,En agglomération,Hors intersection,Normale,Deux véhicules - arrière,,,,,,,,,,,5,2,1,1.0,2
201200060404,0012-12-06 14:30:00,12,12,6,14,30,750,120,PORTE DE BAGNOLET,,,Plein jour,En agglomération,Hors intersection,Normale,Deux véhicules - côté,,,,,,,,,,,1,2,1,1.0,3
201200060405,0012-12-06 19:30:00,12,12,6,19,30,750,119,PORTE DU PRE SAINT GERVA,,,Nuit avec éclairage allumé,En agglomération,Hors intersection,Normale,Autre collision,,,,,,,,,,,5,2,1,1.0,6
201200060406,0012-12-07 16:35:00,12,12,7,16,35,750,114,PORTE DE VANVES,,,Nuit avec éclairage allumé,En agglomération,Hors intersection,Temps couvert,Sans collision,,,,,,,,,,,5,2,1,8.0,7
201200060407,0012-12-07 20:15:00,12,12,7,20,15,750,114,PORTE D ORLEANS,,,Nuit avec éclairage allumé,En agglomération,Hors intersection,Pluie légère,Deux véhicules - arrière,,,,,,,,,,,5,2,1,2.0,2
201200060408,0012-12-09 10:25:00,12,12,9,10,25,750,112,ECHANGEUR BERCY,,,Plein jour,En agglomération,Hors intersection,Normale,Deux véhicules - arrière,,,,,,,,,,,1,2,1,1.0,2
201200060409,0012-12-09 12:45:00,12,12,9,12,45,750,112,PORTE DE CHARENTON,,,Plein jour,En agglomération,Hors intersection,Normale,Trois véhicules et plus - en chaîne,,,,,,,,,,,1,2,1,1.0,4
201200060410,0012-12-11 16:45:00,12,12,11,16,45,750,117,PORTE DE CHAMPERRET,,,Crépuscule ou aube,En agglomération,Hors intersection,Normale,Deux véhicules - arrière,,,,,,,,,,,2,2,1,1.0,2
201200060411,0012-12-12 17:40:00,12,12,12,17,40,750,119,PORTE D AUBERVILLIERS,,,Nuit avec éclairage allumé,En agglomération,Hors intersection,Normale,Deux véhicules - arrière,,,,,,,,,,,5,2,1,1.0,2
201200060412,0012-12-13 00:01:00,12,12,13,0,1,750,119,BOULEVARD PERIPHERIQUE I,,,Nuit avec éclairage allumé,En agglomération,Hors intersection,Normale,Autre collision,,,,,,,,,,,5,2,1,1.0,6
201200060413,0012-12-14 15:30:00,12,12,14,15,30,750,120,PORTE DE MONTREUIL,,,Plein jour,En agglomération,Hors intersection,Pluie légère,Sans collision,,,,,,,,,,,1,2,1,2.0,7
201200060414,0012-12-14 18:00:00,12,12,14,18,0,750,114,PORTE DE CHATILLON,,,Nuit avec éclairage allumé,En agglomération,Hors intersection,Normale,Deux véhicules - arrière,,,,,,,,,,,5,2,1,1.0,2
201200060415,0012-12-15 03:30:00,12,12,15,3,30,750,112,ECHANGEUR BERCY,,,Nuit avec éclairage allumé,En agglomération,Intersection en Y,Pluie légère,Autre collision,,,,,,,,,,,5,2,4,2.0,6
201200060416,0012-12-16 06:40:00,12,12,16,6,40,750,117,PORTE MAILLOT,,,Nuit avec éclairage allumé,En agglomération,Intersection en Y,Normale,Autre collision,,,,,,,,,,,5,2,4,1.0,6
201200060417,0012-12-16 13:50:00,12,12,16,13,50,750,118,PORTE D AUBERVILLIERS,,,Plein jour,En agglomération,Hors intersection,Normale,Trois véhicules et plus - en chaîne,,,,,,,,,,,1,2,1,1.0,4
201200060418,0012-12-16 21:50:00,12,12,16,21,50,750,120,PORTE DE VINCENNES,,,Nuit avec éclairage allumé,En agglomération,Hors intersection,Normale,Deux véhicules - côté,,,,,,,,,,,5,2,1,1.0,3
201200060419,0012-12-17 10:45:00,12,12,17,10,45,750,119,PORTE DES LILAS,,,Plein jour,En agglomération,Hors intersection,Normale,Sans collision,,,,,,,,,,,1,2,1,1.0,7
201200060420,0012-12-17 19:10:00,12,12,17,19,10,750,115,PORTE DE LA PLAINE,,,Nuit avec éclairage allumé,En agglomération,Hors intersection,Temps couvert,Deux véhicules - arrière,,,,,,,,,,,5,2,1,8.0,2
201200060421,0012-12-18 07:40:00,12,12,18,7,40,750,115,PORTE D ISSY,,,Plein jour,En agglomération,Hors intersection,Normale,Deux véhicules - arrière,,,,,,,,,,,1,2,1,1.0,2
201200060422,0012-12-18 07:30:00,12,12,18,7,30,750,120,AVENUE DE LA PORTE DE BA,,,Crépuscule ou aube,En agglomération,Hors intersection,Normale,Sans collision,,,,,,,,,,,2,2,1,1.0,7
201200060423,0012-12-18 08:30:00,12,12,18,8,30,750,118,PORTE D AUBERVILLIERS,,,Plein jour,En agglomération,Hors intersection,Pluie légère,Deux véhicules - côté,,,,,,,,,,,1,2,1,2.0,3
201200060424,0012-12-19 16:40:00,12,12,19,16,40,750,115,QUAI D ISSY LES MOULINEA,,,Plein jour,En agglomération,Hors intersection,Normale,Deux véhicules - côté,,,,,,,,,,,1,2,1,1.0,3
201200060425,0012-12-19 17:05:00,12,12,19,17,5,750,114,PORTE DE VANVES,,,Nuit avec éclairage allumé,En agglomération,Hors intersection,Normale,Deux véhicules - côté,,,,,,,,,,,5,2,1,1.0,3
201200060426,0012-12-20 05:40:00,12,12,20,5,40,750,116,BOULEVARD PERIPHERIQUE E,,,Nuit avec éclairage allumé,En agglomération,Hors intersection,Pluie légère,Deux véhicules - arrière,,,,,,,,,,,5,2,1,2.0,2
201200060427,0012-12-20 17:15:00,12,12,20,17,15,750,117,PORTE DE SAINT OUEN,,,Nuit avec éclairage allumé,En agglomération,Hors intersection,Normale,Sans collision,,,,,,,,,,,5,2,1,1.0,7
201200060428,0012-12-20 19:10:00,12,12,20,19,10,750,114,PORTE DE CHATILLON,,,Nuit avec éclairage allumé,En agglomération,Hors intersection,Pluie légère,Sans collision,,,,,,,,,,,5,2,1,2.0,7
201200060429,0012-12-20 20:15:00,12,12,20,20,15,750,117,PORTE DE CHAMPERRET,,,Nuit avec éclairage allumé,En agglomération,Hors intersection,Normale,Deux véhicules - arrière,,,,,,,,,,,5,2,1,1.0,2
201200060430,0012-12-21 08:20:00,12,12,21,8,20,750,116,PORTE DAUPHINE,,,Plein jour,En agglomération,Hors intersection,Normale,Deux véhicules - côté,,,,,,,,,,,1,2,1,1.0,3
201200060431,0012-12-21 06:30:00,12,12,21,6,30,750,119,PORTE DE LA VILLETTE,,,Crépuscule ou aube,En agglomération,Hors intersection,Normale,Deux véhicules - arrière,,,,,,,,,,,2,2,1,1.0,2
201200060432,0012-12-21 19:25:00,12,12,21,19,25,750,116,PORTE DE SAINT CLOUD,,,Nuit avec éclairage allumé,En agglomération,Hors intersection,Normale,Autre collision,,,,,,,,,,,5,2,1,1.0,6
201200060433,0012-12-23 18:25:00,12,12,23,18,25,750,116,ECHANGEUR MUETTE,,,Nuit avec éclairage allumé,En agglomération,Hors intersection,Normale,Trois véhicules et plus - en chaîne,,,,,,,,,,,5,2,1,1.0,4
201200060434,0012-12-23 23:00:00,12,12,23,23,0,750,112,BOULEVARD PERIPHERIQUE E,,,Nuit avec éclairage allumé,En agglomération,Hors intersection,Normale,Autre collision,,,,,,,,,,,5,2,1,1.0,6
201200060435,0012-12-24 13:45:00,12,12,24,13,45,750,120,PORTE DE MONTREUIL,,,Plein jour,En agglomération,Intersection en Y,Normale,Sans collision,,,,,,,,,,,1,2,4,1.0,7
201200060436,0012-12-27 09:05:00,12,12,27,9,5,750,120,PORTE DES LILAS,,,Plein jour,En agglomération,Hors intersection,Normale,Sans collision,,,,,,,,,,,1,2,1,1.0,7
201200060437,0012-12-27 18:00:00,12,12,27,18,0,750,119,PORTE DES LILAS,,,Nuit avec éclairage allumé,En agglomération,Hors intersection,Normale,Deux véhicules - arrière,,,,,,,,,,,5,2,1,1.0,2
201200060438,0012-02-11 13:30:00,12,2,11,13,30,972,29,la d?marche,,,Plein jour,En agglomération,Hors intersection,Normale,Deux véhicules - côté,,,,,,,,,,,1,2,1,1.0,3
201200060439,0012-02-17 08:45:00,12,2,17,8,45,972,5,,,,Plein jour,Hors agglomération,Hors intersection,Temps éblouissant,Deux véhicules - côté,,,,,,,,,,,1,1,1,7.0,3
201200060440,0012-03-31 09:30:00,12,3,31,9,30,972,5,quartier choiseul,,,Plein jour,En agglomération,Hors intersection,Normale,Autre collision,,,,,,,,,,,1,2,1,1.0,6
201200060441,0012-04-27 09:15:00,12,4,27,9,15,972,29,,,,Plein jour,Hors agglomération,Hors intersection,Normale,Deux véhicules - côté,,,,,,,,,,,1,1,1,1.0,3
201200060442,0012-06-05 12:00:00,12,6,5,12,0,972,24,,,,Plein jour,Hors agglomération,Hors intersection,Normale,Deux véhicules - frontale,,,,,,,,,,,1,1,1,1.0,1
201200060443,0012-09-19 17:45:00,12,9,19,17,45,972,24,,,,Crépuscule ou aube,Hors agglomération,Hors intersection,Normale,Deux véhicules - côté,,,,,,,,,,,2,1,1,1.0,3
201200060444,0012-10-24 12:00:00,12,10,24,12,0,972,24,,,,Plein jour,Hors agglomération,Hors intersection,Normale,Deux véhicules - côté,,,,,,,,,,,1,1,1,1.0,3
201200060445,0012-11-01 14:00:00,12,11,1,14,0,972,24,,,,Plein jour,Hors agglomération,Hors intersection,Normale,Deux véhicules - côté,,,,,,,,,,,1,1,1,1.0,3
201200060446,0012-02-17 11:45:00,12,2,17,11,45,972,25,rue Bouill?,,,Plein jour,En agglomération,Hors intersection,Normale,Deux véhicules - frontale,,,,,,,,,,,1,2,1,1.0,1
201200060447,0012-03-29 22:15:00,12,3,29,22,15,972,4,,,,Nuit sans éclairage public,Hors agglomération,Hors intersection,Normale,Deux véhicules - côté,,,,,,,,,,,3,1,1,1.0,3
201200060448,0012-05-31 19:00:00,12,5,31,19,0,972,19,LES ABIMES,,,Nuit avec éclairage allumé,En agglomération,Hors intersection,Normale,Sans collision,,,,,,,,,,,5,2,1,1.0,7
201200060449,0012-07-07 21:00:00,12,7,7,21,0,972,4,DROITS DE L ENFANT,,,Nuit avec éclairage allumé,En agglomération,Hors intersection,Temps couvert,Deux véhicules - arrière,,,,,,,,,,,5,2,1,8.0,2
201200060450,0012-09-06 12:15:00,12,9,6,12,15,972,4,,,,Plein jour,Hors agglomération,Hors intersection,Pluie forte,Deux véhicules - frontale,,,,,,,,,,,1,1,1,3.0,1
201200060451,0012-06-05 16:15:00,12,6,5,16,15,972,10,,,,Plein jour,Hors agglomération,Hors intersection,Normale,Deux véhicules - frontale,,,,,,,,,,,1,1,1,1.0,1
201200060452,0012-09-10 07:15:00,12,9,10,7,15,972,32,,,,Plein jour,Hors agglomération,Hors intersection,Normale,Trois véhicules et plus - collisions multiples,,,,,,,,,,,1,1,1,1.0,5
201200060453,0012-02-13 09:15:00,12,2,13,9,15,972,23,RUE SCHOELCHER,,,Plein jour,En agglomération,Hors intersection,Normale,Deux véhicules - frontale,,,,,,,,,,,1,2,1,1.0,1
201200060454,0012-01-10 16:30:00,12,1,10,16,30,972,27,,,,Plein jour,Hors agglomération,Hors intersection,Normale,Autre collision,,,,,,,,,,,1,1,1,1.0,6
201200060455,0012-01-14 18:30:00,12,1,14,18,30,972,27,Avenue des Hibiscus,,,Nuit sans éclairage public,En agglomération,Hors intersection,Normale,Deux véhicules - côté,,,,,,,,,,,3,2,1,1.0,3
201200060456,0012-02-10 16:30:00,12,2,10,16,30,972,17,,,,Plein jour,Hors agglomération,Hors intersection,Normale,Autre collision,,,,,,,,,,,1,1,1,1.0,6
201200060457,0012-03-31 09:30:00,12,3,31,9,30,972,27,,,,Plein jour,Hors agglomération,Hors intersection,Normale,Deux véhicules - frontale,,,,,,,,,,,1,1,1,1.0,1
201200060458,0012-04-30 10:00:00,12,4,30,10,0,972,17,,,,Plein jour,Hors agglomération,Hors intersection,Normale,Deux véhicules - frontale,,,,,,,,,,,1,1,1,1.0,1
201200060459,0012-08-05 04:45:00,12,8,5,4,45,972,26,RD9,,,Nuit avec éclairage allumé,Hors agglomération,Hors intersection,Normale,Deux véhicules - frontale,,,,,,,,,,,5,1,1,1.0,1
201200060460,0012-08-11 16:00:00,12,8,11,16,0,972,27,"RN5,Quartier Deville",,,Plein jour,En agglomération,Autre intersection,Pluie légère,Deux véhicules - frontale,,,,,,,,,,,1,2,9,2.0,1
201200060461,0012-09-20 08:15:00,12,9,20,8,15,972,17,,,,Plein jour,Hors agglomération,Hors intersection,Normale,Autre collision,,,,,,,,,,,1,1,1,1.0,6
201200060462,0012-12-12 18:00:00,12,12,12,18,0,972,17,quartier mond?sir - rn5,,,Nuit sans éclairage public,En agglomération,Hors intersection,Normale,Autre collision,,,,,,,,,,,3,2,1,1.0,6
201200060463,0012-01-21 16:30:00,12,1,21,16,30,972,31,,,,Plein jour,Hors agglomération,Hors intersection,Normale,Deux véhicules - frontale,,,,,,,,,,,1,1,1,1.0,1
201200060464,0012-01-03 06:45:00,12,1,3,6,45,972,30,,,,Plein jour,Hors agglomération,Hors intersection,Normale,Deux véhicules - côté,,,,,,,,,,,1,1,1,1.0,3
201200060465,0012-02-07 20:15:00,12,2,7,20,15,972,30,,,,Nuit sans éclairage public,Hors agglomération,Hors intersection,Normale,Sans collision,,,,,,,,,,,3,1,1,1.0,7
201200060466,0012-02-11 21:00:00,12,2,11,21,0,972,30,,,,Nuit avec éclairage allumé,Hors agglomération,Hors intersection,Normale,Deux véhicules - côté,,,,,,,,,,,5,1,1,1.0,3
201200060467,0012-02-21 05:00:00,12,2,21,5,0,972,30,,,,Crépuscule ou aube,Hors agglomération,Hors intersection,Normale,Autre collision,,,,,,,,,,,2,1,1,1.0,6
201200060468,0012-04-28 01:00:00,12,4,28,1,0,972,30,,,,Nuit sans éclairage public,Hors agglomération,Hors intersection,Normale,Deux véhicules - arrière,,,,,,,,,,,3,1,1,1.0,2
201200060469,0012-05-28 07:00:00,12,5,28,7,0,972,30,,,,Plein jour,Hors agglomération,Hors intersection,Normale,Deux véhicules - frontale,,,,,,,,,,,1,1,1,1.0,1
201200060470,0012-08-29 13:00:00,12,8,29,13,0,972,30,RN1,,,Plein jour,Hors agglomération,Hors intersection,Normale,Deux véhicules - frontale,,,,,,,,,,,1,1,1,1.0,1
201200060471,0012-02-04 11:45:00,12,2,4,11,45,972,12,Route Nationale 4,,,Plein jour,En agglomération,Hors intersection,Normale,Deux véhicules - frontale,,,,,,,,,,,1,2,1,1.0,1
201200060472,0012-04-18 11:30:00,12,4,18,11,30,972,22,,,,Plein jour,Hors agglomération,Hors intersection,Normale,Deux véhicules - arrière,,,,,,,,,,,1,1,1,1.0,2
201200060473,0012-05-06 10:45:00,12,5,6,10,45,972,12,,,,Plein jour,Hors agglomération,Hors intersection,Pluie forte,Autre collision,,,,,,,,,,,1,1,1,3.0,6
201200060474,0012-07-05 19:45:00,12,7,5,19,45,972,12,RN4 route de TRINITE,,,Nuit avec éclairage allumé,En agglomération,Hors intersection,Normale,Deux véhicules - côté,,,,,,,,,,,5,2,1,1.0,3
201200060475,0012-07-05 20:45:00,12,7,5,20,45,972,22,RD1 route de la semair,,,Nuit sans éclairage public,En agglomération,Hors intersection,Normale,Deux véhicules - arrière,,,,,,,,,,,3,2,1,1.0,2
201200060476,0012-09-07 10:30:00,12,9,7,10,30,972,22,,,,Plein jour,Hors agglomération,Hors intersection,Normale,Deux véhicules - côté,,,,,,,,,,,1,1,1,1.0,3
201200060477,0012-09-24 09:15:00,12,9,24,9,15,972,22,rue courbaril,,,Plein jour,En agglomération,Hors intersection,Normale,Autre collision,,,,,,,,,,,1,2,1,1.0,6
201200060478,0012-02-20 21:45:00,12,2,20,21,45,972,22,quartier ponthalery,,,Nuit sans éclairage public,En agglomération,Hors intersection,Normale,Deux véhicules - frontale,,,,,,,,,,,3,2,1,1.0,1
201200060479,0012-01-16 18:00:00,12,1,16,18,0,972,28,,,,Plein jour,Hors agglomération,Hors intersection,Normale,Deux véhicules - côté,,,,,,,,,,,1,1,1,1.0,3
201200060480,0012-02-24 18:00:00,12,2,24,18,0,972,28,RD 15,,,Nuit sans éclairage public,En agglomération,Hors intersection,Pluie légère,Autre collision,,,,,,,,,,,3,2,1,2.0,6
201200060481,0012-04-27 09:30:00,12,4,27,9,30,972,28,Bld J?rome Mercan,,,Plein jour,En agglomération,Hors intersection,Normale,Autre collision,,,,,,,,,,,1,2,1,1.0,6
201200060482,0012-05-16 07:00:00,12,5,16,7,0,972,28,,,,Plein jour,Hors agglomération,Hors intersection,Normale,Autre collision,,,,,,,,,,,1,1,1,1.0,6
201200060483,0012-10-10 11:45:00,12,10,10,11,45,972,28,RN1 BOULEVARD MERCAN,,,Plein jour,En agglomération,Hors intersection,Normale,Deux véhicules - côté,,,,,,,,,,,1,2,1,1.0,3
201200060484,0012-03-08 14:45:00,12,3,8,14,45,972,3,Poste rue SCHOELCHER,,,Plein jour,En agglomération,Hors intersection,Normale,Deux véhicules - arrière,,,,,,,,,,,1,2,1,1.0,2
201200060485,0012-04-23 07:30:00,12,4,23,7,30,972,3,,,,Plein jour,Hors agglomération,Hors intersection,Normale,Deux véhicules - côté,,,,,,,,,,,1,1,1,1.0,3
201200060486,0012-04-28 12:30:00,12,4,28,12,30,972,14,,,,Plein jour,Hors agglomération,Hors intersection,Normale,Deux véhicules - arrière,,,,,,,,,,,1,1,1,1.0,2
201200060487,0012-05-03 19:00:00,12,5,3,19,0,972,14,rue des colibris,,,Nuit sans éclairage public,En agglomération,Hors intersection,Normale,Autre collision,,,,,,,,,,,3,2,1,1.0,6
201200060488,0012-05-23 19:00:00,12,5,23,19,0,972,14,,,,Nuit sans éclairage public,Hors agglomération,Hors intersection,Normale,Deux véhicules - arrière,,,,,,,,,,,3,1,1,1.0,2
201200060489,0012-06-12 10:00:00,12,6,12,10,0,972,14,Rue Schoelcher,,,Plein jour,En agglomération,Hors intersection,Normale,Deux véhicules - frontale,,,,,,,,,,,1,2,1,1.0,1
201200060490,0012-12-06 15:00:00,12,12,6,15,0,972,14,Quartier Vallon,,,Plein jour,En agglomération,Hors intersection,Normale,Deux véhicules - frontale,,,,,,,,,,,1,2,1,1.0,1
201200060491,0012-01-19 18:30:00,12,1,19,18,30,971,24,route Armand DAIN,,,Nuit avec éclairage allumé,En agglomération,Hors intersection,Normale,Deux véhicules - frontale,,,,,,,,,,,5,2,1,1.0,1
201200060492,0012-01-23 19:45:00,12,1,23,19,45,971,24,"Rue Joseph Pitat,",,,Nuit avec éclairage allumé,En agglomération,Intersection en X,Normale,Deux véhicules - frontale,,,,,,,,,,,5,2,2,1.0,1
201200060493,0012-03-08 11:45:00,12,3,8,11,45,971,4,,,,Plein jour,En agglomération,Hors intersection,Normale,Autre collision,,,,,,,,,,,1,2,1,1.0,6
201200060494,0012-05-04 10:45:00,12,5,4,10,45,971,24,,,,Plein jour,Hors agglomération,Hors intersection,Pluie légère,Deux véhicules - frontale,,,,,,,,,,,1,1,1,2.0,1
201200060495,0012-06-02 17:45:00,12,6,2,17,45,971,4,"RN2, BAILLIF",,,Plein jour,En agglomération,Hors intersection,Normale,Trois véhicules et plus - collisions multiples,,,,,,,,,,,1,2,1,1.0,5
201200060496,0012-06-14 07:45:00,12,6,14,7,45,971,24,,,,Plein jour,Hors agglomération,Hors intersection,Normale,Autre collision,,,,,,,,,,,1,1,1,1.0,6
201200060497,0012-06-17 19:45:00,12,6,17,19,45,971,24,ROUTE DE BOLOGNE,,,Nuit sans éclairage public,En agglomération,Hors intersection,Normale,Trois véhicules et plus - collisions multiples,,,,,,,,,,,3,2,1,1.0,5
201200060498,0012-08-10 12:45:00,12,8,10,12,45,971,4,RN 2,,,Plein jour,En agglomération,Hors intersection,Normale,Deux véhicules - frontale,,,,,,,,,,,1,2,1,1.0,1
201200060499,0012-11-13 21:15:00,12,11,13,21,15,971,4,ROUTE DU PERE LABAT,,,Nuit sans éclairage public,En agglomération,Hors intersection,Normale,Autre collision,,,,,,,,,,,3,2,1,1.0,6
201200060500,0012-11-27 19:15:00,12,11,27,19,15,971,4,RN 02 CENTRE BOURG,,,Nuit avec éclairage allumé,En agglomération,Hors intersection,Normale,Autre collision,,,,,,,,,,,5,2,1,1.0,6
201200060501,0012-01-16 06:45:00,12,1,16,6,45,971,34,,,,Plein jour,Hors agglomération,Hors intersection,Pluie légère,Deux véhicules - côté,,,,,,,,,,,1,1,1,2.0,3
201200060502,0012-03-08 10:45:00,12,3,8,10,45,971,34,RN2,,,Plein jour,En agglomération,Hors intersection,Normale,Sans collision,,,,,,,,,,,1,2,1,1.0,7
201200060503,0012-06-02 06:15:00,12,6,2,6,15,971,34,Carrefour RN2 -Thomazeau,,,Plein jour,En agglomération,Hors intersection,Normale,Deux véhicules - côté,,,,,,,,,,,1,2,1,1.0,3
201200060504,0012-08-26 17:00:00,12,8,26,17,0,971,34,BD HABISSOIS SOUVERAINS,,,Plein jour,En agglomération,Hors intersection,Normale,Deux véhicules - arrière,,,,,,,,,,,1,2,1,1.0,2
201200060505,0012-09-04 15:45:00,12,9,4,15,45,971,34,,,,Plein jour,Hors agglomération,Hors intersection,Normale,Autre collision,,,,,,,,,,,1,1,1,1.0,6
201200060506,0012-11-30 19:00:00,12,11,30,19,0,971,34,,,,Nuit sans éclairage public,Hors agglomération,Hors intersection,Normale,Autre collision,,,,,,,,,,,3,1,1,1.0,6
201200060507,0012-12-30 21:30:00,12,12,30,21,30,971,34,,,,Nuit sans éclairage public,Hors agglomération,Hors intersection,Normale,Deux véhicules - arrière,,,,,,,,,,,3,1,1,1.0,2
201200060508,0012-07-01 17:00:00,12,7,1,17,0,971,6,,,,Plein jour,Hors agglomération,Intersection en X,Normale,Deux véhicules - frontale,,,,,,,,,,,1,1,2,1.0,1
201200060509,0012-09-09 10:45:00,12,9,9,10,45,971,6,,,,Plein jour,Hors agglomération,Hors intersection,Normale,Sans collision,,,,,,,,,,,1,1,1,1.0,7
201200060510,0012-10-04 07:45:00,12,10,4,7,45,971,6,route de la L?zarde,,,Plein jour,En agglomération,Hors intersection,Normale,Deux véhicules - frontale,,,,,,,,,,,1,2,1,1.0,1
201200060511,0012-10-20 18:15:00,12,10,20,18,15,971,6,,,,Nuit sans éclairage public,Hors agglomération,Hors intersection,Normale,Autre collision,,,,,,,,,,,3,1,1,1.0,6
201200060512,0012-08-04 11:30:00,12,8,4,11,30,971,6,,,,Plein jour,Hors agglomération,Hors intersection,Normale,Autre collision,,,,,,,,,,,1,1,1,1.0,6
201200060513,0012-09-22 17:30:00,12,9,22,17,30,971,21,,,,Plein jour,Hors agglomération,Hors intersection,Normale,Deux véhicules - frontale,,,,,,,,,,,1,1,1,1.0,1
201200060514,0012-10-22 17:30:00,12,10,22,17,30,971,21,,,,Plein jour,Hors agglomération,Hors intersection,Normale,Deux véhicules - frontale,,,,,,,,,,,1,1,1,1.0,1
201200060515,0012-12-21 11:15:00,12,12,21,11,15,971,21,RUE ST JEAN,,,Plein jour,En agglomération,Hors intersection,Normale,Deux véhicules - côté,,,,,,,,,,,1,2,1,1.0,3
201200060516,0012-03-12 09:45:00,12,3,12,9,45,971,11,,,,Plein jour,Hors agglomération,Hors intersection,Normale,Autre collision,,,,,,,,,,,1,1,1,1.0,6
201200060517,0012-06-29 15:30:00,12,6,29,15,30,971,11,,,,Plein jour,Hors agglomération,Hors intersection,Normale,Trois véhicules et plus - collisions multiples,,,,,,,,,,,1,1,1,1.0,5
201200060518,0012-01-20 16:00:00,12,1,20,16,0,971,32,,,,Plein jour,En agglomération,Hors intersection,Normale,Autre collision,,,,,,,,,,,1,2,1,1.0,6
201200060519,0012-01-22 06:30:00,12,1,22,6,30,971,32,,,,Crépuscule ou aube,Hors agglomération,Hors intersection,Normale,Autre collision,,,,,,,,,,,2,1,1,1.0,6
201200060520,0012-01-25 18:30:00,12,1,25,18,30,971,9,Rue Pierre Hincelin,,,Nuit sans éclairage public,En agglomération,Hors intersection,Normale,Deux véhicules - côté,,,,,,,,,,,3,2,1,1.0,3
201200060521,0012-02-04 13:00:00,12,2,4,13,0,971,32,route de la plage,,,Plein jour,En agglomération,Hors intersection,Normale,Deux véhicules - arrière,,,,,,,,,,,1,2,1,1.0,2
201200060522,0012-04-04 17:30:00,12,4,4,17,30,971,9,blanchet,,,Plein jour,En agglomération,Hors intersection,Normale,Sans collision,,,,,,,,,,,1,2,1,1.0,7
201200060523,0012-08-11 08:45:00,12,8,11,8,45,971,9,,,,Plein jour,Hors agglomération,Hors intersection,Normale,Autre collision,,,,,,,,,,,1,1,1,1.0,6
201200060524,0012-08-13 00:30:00,12,8,13,0,30,971,9,RN1 / rue Mango a pe,,,Nuit avec éclairage allumé,En agglomération,Hors intersection,Pluie légère,Sans collision,,,,,,,,,,,5,2,1,2.0,7
201200060525,0012-09-18 08:45:00,12,9,18,8,45,971,9,,,,Plein jour,Hors agglomération,Hors intersection,Pluie forte,Deux véhicules - frontale,,,,,,,,,,,1,1,1,3.0,1