accident_id,datetime,annee,mois,jour,heure,minute,departement,commune_insee,adresse,latitude,longitude,luminosite,agglomeration,intersection,meteo,collision,nb_vehicules,nb_usagers,nb_indemnes,nb_tues,nb_blesses_hosp,nb_blesses_legers,age_cond_1,age_cond_2,veh_type_cond_1,veh_type_cond_2,lum_code,agg_code,int_code,atm_code,col_code
201200060664,0012-01-29 21:00:00,12,1,29,21,0,971,16,,,,Nuit sans éclairage public,Hors agglomération,Hors intersection,Normale,Autre collision,,,,,,,,,,,3,1,1,1.0,6
201200060665,0012-02-04 02:30:00,12,2,4,2,30,971,16,,,,Nuit avec éclairage allumé,Hors agglomération,Hors intersection,Normale,Deux véhicules - frontale,,,,,,,,,,,5,1,1,1.0,1
201200060666,0012-02-07 03:00:00,12,2,7,3,0,971,16,,,,Nuit sans éclairage public,Hors agglomération,Hors intersection,Normale,Autre collision,,,,,,,,,,,3,1,1,1.0,6
201200060667,0012-02-10 17:00:00,12,2,10,17,0,971,16,,,,Plein jour,Hors agglomération,Autre intersection,Normale,Deux véhicules - arrière,,,,,,,,,,,1,1,9,1.0,2
201200060668,0012-02-18 14:30:00,12,2,18,14,30,971,16,,,,Plein jour,Hors agglomération,Hors intersection,Normale,Trois véhicules et plus - collisions multiples,,,,,,,,,,,1,1,1,1.0,5
201200060669,0012-03-06 14:45:00,12,3,6,14,45,971,16,bosredon,,,Plein jour,En agglomération,Hors intersection,Normale,Autre collision,,,,,,,,,,,1,2,1,1.0,6
201200060670,0012-04-03 00:30:00,12,4,3,0,30,971,16,Esp?rance,,,Nuit avec éclairage allumé,En agglomération,Hors intersection,Normale,Deux véhicules - frontale,,,,,,,,,,,5,2,1,1.0,1
201200060671,0012-06-09 08:30:00,12,6,9,8,30,971,17,rue du lait,,,Plein jour,En agglomération,Hors intersection,Normale,Deux véhicules - frontale,,,,,,,,,,,1,2,1,1.0,1
201200060672,0012-06-24 17:00:00,12,6,24,17,0,971,16,,,,Plein jour,Hors agglomération,Hors intersection,Normale,Sans collision,,,,,,,,,,,1,1,1,1.0,7
201200060673,0012-06-29 21:15:00,12,6,29,21,15,971,16,,,,Nuit avec éclairage allumé,En agglomération,Hors intersection,Normale,Deux véhicules - côté,,,,,,,,,,,5,2,1,1.0,3
201200060674,0012-07-11 04:45:00,12,7,11,4,45,971,16,,,,Nuit sans éclairage public,Hors agglomération,Hors intersection,Normale,Deux véhicules - frontale,,,,,,,,,,,3,1,1,1.0,1
201200060675,0012-07-21 10:15:00,12,7,21,10,15,971,16,,,,Plein jour,Hors agglomération,Intersection en Y,Normale,Trois véhicules et plus - collisions multiples,,,,,,,,,,,1,1,4,1.0,5
201200060676,0012-10-26 09:30:00,12,10,26,9,30,971,16,Section Boisvin,,,Crépuscule ou aube,En agglomération,Hors intersection,Normale,Deux véhicules - frontale,,,,,,,,,,,2,2,1,1.0,1
201200060677,0012-11-06 18:15:00,12,11,6,18,15,971,16,,,,Nuit avec éclairage allumé,Hors agglomération,Hors intersection,Normale,Autre collision,,,,,,,,,,,5,1,1,1.0,6
201200060678,0012-11-15 23:00:00,12,11,15,23,0,971,1,,,,Nuit sans éclairage public,Hors agglomération,Hors intersection,Pluie légère,Autre collision,,,,,,,,,,,3,1,1,2.0,6
201200060679,0012-12-05 07:15:00,12,12,5,7,15,971,16,,,,Plein jour,Hors agglomération,Hors intersection,Normale,Deux véhicules - frontale,,,,,,,,,,,1,1,1,1.0,1
201200060680,0012-12-19 01:15:00,12,12,19,1,15,971,16,,,,Nuit avec éclairage allumé,Hors agglomération,Hors intersection,Normale,Deux véhicules - arrière,,,,,,,,,,,5,1,1,1.0,2
201200060681,0012-12-18 23:30:00,12,12,18,23,30,971,16,RN 6 - Section Richeval,,,Nuit avec éclairage allumé,En agglomération,Hors intersection,Normale,Deux véhicules - frontale,,,,,,,,,,,5,2,1,1.0,1
201200060682,0012-01-22 05:30:00,12,1,22,5,30,973,5,,,,Nuit sans éclairage public,Hors agglomération,Hors intersection,Pluie légère,Deux véhicules - frontale,,,,,,,,,,,3,1,1,2.0,1
201200060683,0012-02-03 08:45:00,12,2,3,8,45,973,5,,,,Plein jour,Hors agglomération,Hors intersection,Pluie légère,Deux véhicules - frontale,,,,,,,,,,,1,1,1,2.0,1
201200060684,0012-02-12 08:45:00,12,2,12,8,45,973,5,,,,Plein jour,Hors agglomération,Hors intersection,Normale,Sans collision,,,,,,,,,,,1,1,1,1.0,7
201200060685,0012-03-01 20:00:00,12,3,1,20,0,973,5,,,,Nuit sans éclairage public,Hors agglomération,Hors intersection,Normale,Deux véhicules - frontale,,,,,,,,,,,3,1,1,1.0,1
201200060686,0012-05-09 06:45:00,12,5,9,6,45,973,5,,,,Plein jour,Hors agglomération,Hors intersection,Normale,Deux véhicules - frontale,,,,,,,,,,,1,1,1,1.0,1
201200060687,0012-05-23 21:00:00,12,5,23,21,0,973,5,,,,Nuit sans éclairage public,Hors agglomération,Hors intersection,Normale,Trois véhicules et plus - collisions multiples,,,,,,,,,,,3,1,1,1.0,5
201200060688,0012-06-17 00:45:00,12,6,17,0,45,973,5,,,,Nuit avec éclairage non allumé,Hors agglomération,Giratoire,Normale,Sans collision,,,,,,,,,,,4,1,6,1.0,7
201200060689,0012-06-29 17:45:00,12,6,29,17,45,973,5,,,,Plein jour,Hors agglomération,Hors intersection,Normale,Deux véhicules - arrière,,,,,,,,,,,1,1,1,1.0,2
201200060690,0012-07-18 05:00:00,12,7,18,5,0,973,5,,,,Nuit sans éclairage public,Hors agglomération,Hors intersection,Normale,Autre collision,,,,,,,,,,,3,1,1,1.0,6
201200060691,0012-08-09 17:30:00,12,8,9,17,30,973,5,,,,Plein jour,Hors agglomération,Hors intersection,Normale,Autre collision,,,,,,,,,,,1,1,1,1.0,6
201200060692,0012-08-10 17:15:00,12,8,10,17,15,973,5,PK 28,,,Plein jour,En agglomération,Hors intersection,Normale,Trois véhicules et plus - en chaîne,,,,,,,,,,,1,2,1,1.0,4
201200060693,0012-10-05 13:00:00,12,10,5,13,0,973,5,,,,Plein jour,Hors agglomération,Hors intersection,Normale,Deux véhicules - arrière,,,,,,,,,,,1,1,1,1.0,2
201200060694,0012-10-29 18:45:00,12,10,29,18,45,973,5,Bourg de macouria 97355,,,Nuit sans éclairage public,En agglomération,Place,Normale,Deux véhicules - côté,,,,,,,,,,,3,2,7,1.0,3
201200060695,0012-11-23 18:30:00,12,11,23,18,30,973,13,,,,Nuit sans éclairage public,Hors agglomération,Hors intersection,Normale,Deux véhicules - frontale,,,,,,,,,,,3,1,1,1.0,1
201200060696,0012-03-06 11:45:00,12,3,6,11,45,973,4,avenue de france,,,Nuit avec éclairage allumé,En agglomération,Hors intersection,Pluie forte,Autre collision,,,,,,,,,,,5,2,1,3.0,6
201200060697,0012-03-09 06:30:00,12,3,9,6,30,973,4,,,,Crépuscule ou aube,Hors agglomération,Hors intersection,Pluie légère,Deux véhicules - frontale,,,,,,,,,,,2,1,1,2.0,1
201200060698,0012-03-09 14:15:00,12,3,9,14,15,973,4,avenue de Pariacabo,,,Plein jour,En agglomération,Hors intersection,Normale,Deux véhicules - frontale,,,,,,,,,,,1,2,1,1.0,1
201200060699,0012-04-06 17:15:00,12,4,6,17,15,973,4,,,,Plein jour,Hors agglomération,Hors intersection,Pluie forte,Deux véhicules - frontale,,,,,,,,,,,1,1,1,3.0,1
201200060700,0012-04-13 07:00:00,12,4,13,7,0,973,4,,,,Plein jour,Hors agglomération,Hors intersection,Normale,Deux véhicules - frontale,,,,,,,,,,,1,1,1,1.0,1
201200060701,0012-05-23 11:45:00,12,5,23,11,45,973,4,,,,Plein jour,Hors agglomération,Intersection en X,Normale,Trois véhicules et plus - en chaîne,,,,,,,,,,,1,1,2,1.0,4
201200060702,0012-08-10 08:30:00,12,8,10,8,30,973,4,rue Duidiglo,,,Nuit avec éclairage allumé,En agglomération,Intersection en T,Normale,Deux véhicules - côté,,,,,,,,,,,5,2,3,1.0,3
201200060703,0012-11-11 02:00:00,12,11,11,2,0,973,4,Avenue G?n?ral de Gaulle,,,Nuit avec éclairage allumé,En agglomération,Hors intersection,Normale,Deux véhicules - frontale,,,,,,,,,,,5,2,1,1.0,1
201200060704,0012-12-11 07:00:00,12,12,11,7,0,973,4,Avenue de Pariacabo,,,Plein jour,En agglomération,Hors intersection,Normale,Deux véhicules - côté,,,,,,,,,,,1,2,1,1.0,3
201200060705,0012-06-30 11:30:00,12,6,30,11,30,973,12,Rue bonose vernet,,,Plein jour,En agglomération,Hors intersection,Normale,Autre collision,,,,,,,,,,,1,2,1,1.0,6
201200060706,0012-11-07 17:30:00,12,11,7,17,30,973,12,carrefour Rue Cluny,,,Plein jour,En agglomération,Hors intersection,Normale,Autre collision,,,,,,,,,,,1,2,1,1.0,6
201200060707,0012-04-13 16:00:00,12,4,13,16,0,973,3,,,,Plein jour,Hors agglomération,Hors intersection,Normale,Autre collision,,,,,,,,,,,1,1,1,1.0,6
201200060708,0012-06-04 09:15:00,12,6,4,9,15,973,3,,,,Plein jour,Hors agglomération,Hors intersection,Normale,Deux véhicules - frontale,,,,,,,,,,,1,1,1,1.0,1
201200060709,0012-01-19 14:00:00,12,1,19,14,0,973,1,,,,Plein jour,Hors agglomération,Hors intersection,Normale,Sans collision,,,,,,,,,,,1,1,1,1.0,7
201200060710,0012-01-24 17:45:00,12,1,24,17,45,973,1,,,,Plein jour,Hors agglomération,Hors intersection,Pluie légère,Autre collision,,,,,,,,,,,1,1,1,2.0,6
201200060711,0012-03-29 08:30:00,12,3,29,8,30,973,1,,,,Plein jour,Hors agglomération,Hors intersection,Normale,Sans collision,,,,,,,,,,,1,1,1,1.0,7
201200060712,0012-02-14 16:45:00,12,2,14,16,45,973,10,,,,Plein jour,Hors agglomération,Hors intersection,Pluie forte,Sans collision,,,,,,,,,,,1,1,1,3.0,7
201200060713,0012-05-25 19:30:00,12,5,25,19,30,973,10,,,,Nuit sans éclairage public,Hors agglomération,Hors intersection,Normale,Sans collision,,,,,,,,,,,3,1,1,1.0,7
201200060714,0012-07-08 09:15:00,12,7,8,9,15,973,10,,,,Plein jour,En agglomération,Hors intersection,Normale,Trois véhicules et plus - collisions multiples,,,,,,,,,,,1,2,1,1.0,5
201200060715,0012-02-05 02:30:00,12,2,5,2,30,973,11,"22, rue hectore Rivierez",,,Nuit sans éclairage public,En agglomération,Hors intersection,Pluie forte,Autre collision,,,,,,,,,,,3,2,1,3.0,6
201200060716,0012-02-24 14:30:00,12,2,24,14,30,973,11,,,,Plein jour,Hors agglomération,Hors intersection,Normale,Sans collision,,,,,,,,,,,1,1,1,1.0,7
201200060717,0012-04-14 15:45:00,12,4,14,15,45,973,11,All?e La Fontaine/Camus,,,Plein jour,En agglomération,Hors intersection,Normale,Deux véhicules - côté,,,,,,,,,,,1,2,1,1.0,3
201200060718,0012-09-17 10:15:00,12,9,17,10,15,973,11,rue Simon,,,Plein jour,En agglomération,Hors intersection,Normale,Deux véhicules - côté,,,,,,,,,,,1,2,1,1.0,3
201200060719,0012-09-26 05:30:00,12,9,26,5,30,973,11,avenue Paul Castaing,,,Crépuscule ou aube,En agglomération,Hors intersection,Normale,Deux véhicules - frontale,,,,,,,,,,,2,2,1,1.0,1
201200060720,0012-10-15 20:00:00,12,10,15,20,0,973,11,,,,Nuit sans éclairage public,Hors agglomération,Hors intersection,Normale,Deux véhicules - arrière,,,,,,,,,,,3,1,1,1.0,2
201200060721,0012-11-09 06:00:00,12,11,9,6,0,973,11,,,,Crépuscule ou aube,Hors agglomération,Hors intersection,Normale,Deux véhicules - frontale,,,,,,,,,,,2,1,1,1.0,1
201200060722,0012-11-09 20:15:00,12,11,9,20,15,973,11,,,,Nuit sans éclairage public,Hors agglomération,Hors intersection,Normale,Autre collision,,,,,,,,,,,3,1,1,1.0,6
201200060723,0012-11-30 17:45:00,12,11,30,17,45,973,11,avenue Paul Castaing,,,Plein jour,En agglomération,Hors intersection,Normale,Autre collision,,,,,,,,,,,1,2,1,1.0,6
201200060724,0012-12-19 19:30:00,12,12,19,19,30,973,11,All?e du lac bleu,,,Nuit avec éclairage allumé,En agglomération,Hors intersection,Normale,Deux véhicules - côté,,,,,,,,,,,5,2,1,1.0,3
201200060725,0012-12-25 12:15:00,12,12,25,12,15,973,11,rue du Lt Colonel Tourte,,,Plein jour,En agglomération,Hors intersection,Normale,Deux véhicules - côté,,,,,,,,,,,1,2,1,1.0,3
201200060726,0012-01-03 11:30:00,12,1,3,11,30,973,6,,,,Plein jour,Hors agglomération,Hors intersection,Normale,Deux véhicules - côté,,,,,,,,,,,1,1,1,1.0,3
201200060727,0012-02-09 21:00:00,12,2,9,21,0,973,6,,,,Nuit sans éclairage public,Hors agglomération,Hors intersection,Normale,Sans collision,,,,,,,,,,,3,1,1,1.0,7
201200060728,0012-02-15 20:45:00,12,2,15,20,45,973,6,,,,Nuit sans éclairage public,Hors agglomération,Hors intersection,Normale,Deux véhicules - arrière,,,,,,,,,,,3,1,1,1.0,2
201200060729,0012-06-16 09:15:00,12,6,16,9,15,973,6,,,,Plein jour,Hors agglomération,Hors intersection,Normale,Sans collision,,,,,,,,,,,1,1,1,1.0,7
201200060730,0012-10-09 16:45:00,12,10,9,16,45,973,6,,,,Plein jour,Hors agglomération,Hors intersection,Normale,Deux véhicules - arrière,,,,,,,,,,,1,1,1,1.0,2
201200060731,0012-12-18 18:30:00,12,12,18,18,30,973,6,,,,Plein jour,Hors agglomération,Hors intersection,Normale,Deux véhicules - frontale,,,,,,,,,,,1,1,1,1.0,1
201200060732,0012-10-19 19:00:00,12,10,19,19,0,973,53,AVENUE LEONARD DOMERGER,,,Nuit avec éclairage allumé,En agglomération,Hors intersection,Normale,Autre collision,,,,,,,,,,,5,2,1,1.0,6
201200060733,0012-11-03 20:30:00,12,11,3,20,30,973,53,rue Difou passy,,,Nuit avec éclairage allumé,En agglomération,Hors intersection,Normale,Autre collision,,,,,,,,,,,5,2,1,1.0,6
201200060734,0012-12-04 21:00:00,12,12,4,21,0,973,53,Route de Sophie,,,Nuit sans éclairage public,En agglomération,Hors intersection,Normale,Deux véhicules - frontale,,,,,,,,,,,3,2,1,1.0,1
201200060735,0012-01-23 05:45:00,12,1,23,5,45,974,8,rue Andre LETOULLEC,,,Plein jour,En agglomération,Hors intersection,Normale,Deux véhicules - côté,,,,,,,,,,,1,2,1,1.0,3
201200060736,0012-03-23 08:00:00,12,3,23,8,0,974,8,rue Mahatma GANDHI,,,Plein jour,En agglomération,Intersection en T,Normale,Deux véhicules - frontale,,,,,,,,,,,1,2,3,1.0,1
201200060737,0012-09-15 10:00:00,12,9,15,10,0,974,8,Angle Guevara/Michelet,,,Plein jour,En agglomération,Hors intersection,Normale,Autre collision,,,,,,,,,,,1,2,1,1.0,6
201200060738,0012-12-07 17:30:00,12,12,7,17,30,974,8,Rue leconte delisle,,,Plein jour,En agglomération,Hors intersection,Normale,Deux véhicules - côté,,,,,,,,,,,1,2,1,1.0,3
201200060739,0012-02-03 23:00:00,12,2,3,23,0,974,20,,,,Nuit sans éclairage public,Hors agglomération,Hors intersection,Normale,Deux véhicules - arrière,,,,,,,,,,,3,1,1,1.0,2
201200060740,0012-03-02 13:30:00,12,3,2,13,30,974,20,chemin La Croix,,,Plein jour,En agglomération,Hors intersection,Normale,Deux véhicules - côté,,,,,,,,,,,1,2,1,1.0,3
201200060741,0012-03-11 04:15:00,12,3,11,4,15,974,20,,,,Nuit sans éclairage public,Hors agglomération,Hors intersection,Pluie légère,Sans collision,,,,,,,,,,,3,1,1,2.0,7
201200060742,0012-05-02 20:00:00,12,5,2,20,0,974,18,,,,Nuit avec éclairage allumé,Hors agglomération,Hors intersection,Normale,Deux véhicules - arrière,,,,,,,,,,,5,1,1,1.0,2
201200060743,0012-05-22 08:30:00,12,5,22,8,30,974,18,,,,Plein jour,Hors agglomération,Hors intersection,Temps couvert,Deux véhicules - frontale,,,,,,,,,,,1,1,1,8.0,1
201200060744,0012-06-17 02:15:00,12,6,17,2,15,974,18,,,,Nuit sans éclairage public,Hors agglomération,Hors intersection,Pluie légère,Deux véhicules - arrière,,,,,,,,,,,3,1,1,2.0,2
201200060745,0012-08-01 15:45:00,12,8,1,15,45,974,20,Rue Marchande,,,Plein jour,En agglomération,Hors intersection,Normale,Autre collision,,,,,,,,,,,1,2,1,1.0,6
201200060746,0012-08-05 07:30:00,12,8,5,7,30,974,18,,,,Plein jour,Hors agglomération,Hors intersection,Temps éblouissant,Deux véhicules - arrière,,,,,,,,,,,1,1,1,7.0,2
201200060747,0012-08-14 04:30:00,12,8,14,4,30,974,18,,,,Nuit sans éclairage public,Hors agglomération,Hors intersection,Temps couvert,Autre collision,,,,,,,,,,,3,1,1,8.0,6
201200060748,0012-08-17 19:30:00,12,8,17,19,30,974,18,,,,Nuit avec éclairage allumé,En agglomération,Hors intersection,Normale,Deux véhicules - frontale,,,,,,,,,,,5,2,1,1.0,1
201200060749,0012-09-07 22:15:00,12,9,7,22,15,974,18,,,,Nuit sans éclairage public,Hors agglomération,Hors intersection,Normale,Autre collision,,,,,,,,,,,3,1,1,1.0,6
201200060750,0012-09-21 09:30:00,12,9,21,9,30,974,98,rue ds freres wright,,,Plein jour,En agglomération,Hors intersection,Normale,Autre collision,,,,,,,,,,,1,2,1,1.0,6
201200060751,0012-09-24 14:15:00,12,9,24,14,15,974,18,,,,Plein jour,Hors agglomération,Hors intersection,Normale,Trois véhicules et plus - collisions multiples,,,,,,,,,,,1,1,1,1.0,5
201200060752,0012-10-12 20:00:00,12,10,12,20,0,974,20,Rue Bras Pistolet,,,Nuit sans éclairage public,En agglomération,Hors intersection,Normale,Deux véhicules - frontale,,,,,,,,,,,3,2,1,1.0,1
201200060753,0012-10-17 10:30:00,12,10,17,10,30,974,20,Rue Pierre MENDES FRANCE,,,Plein jour,En agglomération,Hors intersection,Normale,Autre collision,,,,,,,,,,,1,2,1,1.0,6
201200060754,0012-11-02 14:30:00,12,11,2,14,30,974,18,,,,Nuit sans éclairage public,Hors agglomération,Hors intersection,Normale,Autre collision,,,,,,,,,,,3,1,1,1.0,6
201200060755,0012-11-17 17:00:00,12,11,17,17,0,974,18,,,,Plein jour,Hors agglomération,Hors intersection,Normale,Trois véhicules et plus - collisions multiples,,,,,,,,,,,1,1,1,1.0,5
201200060756,0012-12-23 22:45:00,12,12,23,22,45,974,18,,,,Nuit sans éclairage public,Hors agglomération,Hors intersection,Normale,Autre collision,,,,,,,,,,,3,1,1,1.0,6
201200060757,0012-01-01 11:30:00,12,1,1,11,30,974,10,Chem. Deroland STE ANNE,,,Plein jour,En agglomération,Hors intersection,Normale,Sans collision,,,,,,,,,,,1,2,1,1.0,7
201200060758,0012-02-08 16:30:00,12,2,8,16,30,974,10,,,,Nuit sans éclairage public,Hors agglomération,Hors intersection,Normale,Autre collision,,,,,,,,,,,3,1,1,1.0,6
201200060759,0012-03-24 10:30:00,12,3,24,10,30,974,10,RN2,,,Plein jour,En agglomération,Hors intersection,Normale,Autre collision,,,,,,,,,,,1,2,1,1.0,6
201200060760,0012-04-25 13:15:00,12,4,25,13,15,974,10,RUE JEAN MONNET,,,Plein jour,En agglomération,Hors intersection,Normale,Deux véhicules - arrière,,,,,,,,,,,1,2,1,1.0,2
201200060761,0012-10-20 20:00:00,12,10,20,20,0,974,10,36 CH MORANGE - STE ANNE,,,Nuit avec éclairage allumé,Hors agglomération,Hors intersection,Normale,Autre collision,,,,,,,,,,,5,1,1,1.0,6
201200060762,0012-08-12 14:45:00,12,8,12,14,45,974,2,,,,Plein jour,Hors agglomération,Hors intersection,Normale,Deux véhicules - frontale,,,,,,,,,,,1,1,1,1.0,1
201200060763,0012-10-18 04:30:00,12,10,18,4,30,974,2,,,,Nuit sans éclairage public,Hors agglomération,Hors intersection,Pluie forte,Autre collision,,,,,,,,,,,3,1,1,3.0,6
201200060764,0012-10-31 14:15:00,12,10,31,14,15,974,2,,,,Plein jour,Hors agglomération,Hors intersection,Normale,Deux véhicules - arrière,,,,,,,,,,,1,1,1,1.0,2
201200060765,0012-01-29 12:15:00,12,1,29,12,15,974,19,,,,Plein jour,Hors agglomération,Hors intersection,Normale,Autre collision,,,,,,,,,,,1,1,1,1.0,6
201200060766,0012-05-16 18:15:00,12,5,16,18,15,974,19,Ravine Glissante,,,Nuit avec éclairage allumé,En agglomération,Hors intersection,Normale,Deux véhicules - arrière,,,,,,,,,,,5,2,1,1.0,2
201200060767,0012-05-17 11:45:00,12,5,17,11,45,974,19,,,,Plein jour,Hors agglomération,Hors intersection,Normale,Sans collision,,,,,,,,,,,1,1,1,1.0,7
201200060768,0012-09-13 12:15:00,12,9,13,12,15,974,19,,,,Plein jour,Hors agglomération,Hors intersection,Normale,Deux véhicules - côté,,,,,,,,,,,1,1,1,1.0,3
201200060769,0012-04-21 15:30:00,12,4,21,15,30,974,21,,,,Plein jour,Hors agglomération,Hors intersection,Normale,Deux véhicules - frontale,,,,,,,,,,,1,1,1,1.0,1
201200060770,0012-06-15 22:45:00,12,6,15,22,45,974,21,,,,Nuit sans éclairage public,Hors agglomération,Hors intersection,Normale,Sans collision,,,,,,,,,,,3,1,1,1.0,7
201200060771,0012-09-01 02:45:00,12,9,1,2,45,974,21,,,,Nuit sans éclairage public,Hors agglomération,Hors intersection,Normale,Sans collision,,,,,,,,,,,3,1,1,1.0,7
201200060772,0012-10-29 17:00:00,12,10,29,17,0,974,21,chemin plateau,,,Plein jour,En agglomération,Hors intersection,Normale,Deux véhicules - frontale,,,,,,,,,,,1,2,1,1.0,1
201200060773,0012-12-29 15:30:00,12,12,29,15,30,974,21,rue du G?n?ral de gaulle,,,Plein jour,En agglomération,Hors intersection,Normale,Autre collision,,,,,,,,,,,1,2,1,1.0,6
201200060774,0012-01-04 10:15:00,12,1,4,10,15,974,15,Route de Savanna,,,Plein jour,En agglomération,Hors intersection,Normale,Autre collision,,,,,,,,,,,1,2,1,1.0,6
201200060775,0012-02-19 05:45:00,12,2,19,5,45,974,15,,,,Crépuscule ou aube,Hors agglomération,Hors intersection,Normale,Sans collision,,,,,,,,,,,2,1,1,1.0,7
201200060776,0012-03-10 07:15:00,12,3,10,7,15,974,15,,,,Plein jour,Hors agglomération,Hors intersection,Normale,Deux véhicules - côté,,,,,,,,,,,1,1,1,1.0,3
201200060777,0012-03-10 21:30:00,12,3,10,21,30,974,15,Rue Montrouge / RD4,,,Nuit sans éclairage public,En agglomération,Hors intersection,Normale,Autre collision,,,,,,,,,,,3,2,1,1.0,6
201200060778,0012-04-24 16:00:00,12,4,24,16,0,974,15,Rue Jacob Delaye,,,Plein jour,En agglomération,Intersection en Y,Pluie légère,Deux véhicules - côté,,,,,,,,,,,1,2,4,2.0,3
201200060779,0012-04-25 18:00:00,12,4,25,18,0,974,15,,,,Nuit sans éclairage public,Hors agglomération,Hors intersection,Normale,Sans collision,,,,,,,,,,,3,1,1,1.0,7
201200060780,0012-05-26 04:15:00,12,5,26,4,15,974,15,,,,Nuit sans éclairage public,Hors agglomération,Hors intersection,Normale,Sans collision,,,,,,,,,,,3,1,1,1.0,7
201200060781,0012-06-02 00:30:00,12,6,2,0,30,974,15,rue de la baie,,,Nuit avec éclairage allumé,En agglomération,Hors intersection,Normale,Deux véhicules - frontale,,,,,,,,,,,5,2,1,1.0,1
201200060782,0012-08-12 03:00:00,12,8,12,3,0,974,15,RN1A,,,Nuit avec éclairage allumé,En agglomération,Hors intersection,Normale,Trois véhicules et plus - en chaîne,,,,,,,,,,,5,2,1,1.0,4
201200060783,0012-09-28 07:30:00,12,9,28,7,30,974,15,,,,Plein jour,Hors agglomération,Hors intersection,Normale,Deux véhicules - arrière,,,,,,,,,,,1,1,1,1.0,2
201200060784,0012-09-30 00:45:00,12,9,30,0,45,974,15,,,,Nuit sans éclairage public,Hors agglomération,Hors intersection,Normale,Deux véhicules - frontale,,,,,,,,,,,3,1,1,1.0,1
201200060785,0012-10-16 11:45:00,12,10,16,11,45,974,15,,,,Plein jour,Hors agglomération,Hors intersection,Normale,Autre collision,,,,,,,,,,,1,1,1,1.0,6
201200060786,0012-10-21 06:45:00,12,10,21,6,45,974,15,,,,Crépuscule ou aube,Hors agglomération,Hors intersection,Normale,Autre collision,,,,,,,,,,,2,1,1,1.0,6
201200060787,0012-10-18 16:15:00,12,10,18,16,15,974,15,carrefour Suffren/Parny,,,Plein jour,En agglomération,Intersection en X,Normale,Deux véhicules - côté,,,,,,,,,,,1,2,2,1.0,3
201200060788,0012-10-30 17:00:00,12,10,30,17,0,974,15,,,,Plein jour,Hors agglomération,Hors intersection,Normale,Deux véhicules - frontale,,,,,,,,,,,1,1,1,1.0,1
201200060789,0012-11-26 18:15:00,12,11,26,18,15,974,15,,,,Crépuscule ou aube,Hors agglomération,Hors intersection,Normale,Trois véhicules et plus - en chaîne,,,,,,,,,,,2,1,1,1.0,4
201200060790,0012-12-16 20:45:00,12,12,16,20,45,974,15,CHEMIN DE LA POUDRIERE,,,Nuit sans éclairage public,Hors agglomération,Hors intersection,Normale,Deux véhicules - frontale,,,,,,,,,,,3,1,1,1.0,1
201200060791,0012-02-12 14:45:00,12,2,12,14,45,974,55,,,,Plein jour,Hors agglomération,Hors intersection,Autre,Deux véhicules - côté,,,,,,,,,,,1,1,1,9.0,3
201200060792,0012-02-15 12:15:00,12,2,15,12,15,974,15,,,,Plein jour,Hors agglomération,Hors intersection,Normale,Deux véhicules - frontale,,,,,,,,,,,1,1,1,1.0,1
201200060793,0012-02-29 10:30:00,12,2,29,10,30,974,96,,,,Plein jour,Hors agglomération,Hors intersection,Pluie légère,Deux véhicules - frontale,,,,,,,,,,,1,1,1,2.0,1
201200060794,0012-03-04 07:30:00,12,3,4,7,30,974,15,,,,Plein jour,Hors agglomération,Hors intersection,Normale,Autre collision,,,,,,,,,,,1,1,1,1.0,6
201200060795,0012-03-26 16:30:00,12,3,26,16,30,974,55,,,,Plein jour,Hors agglomération,Hors intersection,Normale,Trois véhicules et plus - en chaîne,,,,,,,,,,,1,1,1,1.0,4
201200060796,0012-04-22 00:15:00,12,4,22,0,15,974,55,,,,Nuit avec éclairage allumé,En agglomération,Hors intersection,Normale,Deux véhicules - frontale,,,,,,,,,,,5,2,1,1.0,1
201200060797,0012-05-26 00:01:00,12,5,26,0,1,974,55,,,,Nuit sans éclairage public,Hors agglomération,Hors intersection,Normale,Autre collision,,,,,,,,,,,3,1,1,1.0,6
201200060798,0012-05-31 20:45:00,12,5,31,20,45,974,15,rue de la croix du sud,,,Nuit avec éclairage non allumé,En agglomération,Hors intersection,Normale,Autre collision,,,,,,,,,,,4,2,1,1.0,6
201200060799,0012-07-06 19:15:00,12,7,6,19,15,974,15,,,,Nuit sans éclairage public,Hors agglomération,Hors intersection,Normale,Autre collision,,,,,,,,,,,3,1,1,1.0,6
201200060800,0012-10-01 10:15:00,12,10,1,10,15,974,15,"avenue de bourbon, ermit",,,Plein jour,En agglomération,Hors intersection,Normale,Deux véhicules - frontale,,,,,,,,,,,1,2,1,1.0,1
201200060801,0012-11-27 21:15:00,12,11,27,21,15,974,15,,,,Nuit sans éclairage public,Hors agglomération,Hors intersection,Normale,Deux véhicules - frontale,,,,,,,,,,,3,1,1,1.0,1