accident_id,datetime,annee,mois,jour,heure,minute,departement,commune_insee,adresse,latitude,longitude,luminosite,agglomeration,intersection,meteo,collision,nb_vehicules,nb_usagers,nb_indemnes,nb_tues,nb_blesses_hosp,nb_blesses_legers,age_cond_1,age_cond_2,veh_type_cond_1,veh_type_cond_2,lum_code,agg_code,int_code,atm_code,col_code
201200060941,0012-12-12 07:15:00,12,12,12,7,15,973,9,,,,Plein jour,En agglomération,Intersection en T,Normale,Deux véhicules - côté,,,,,,,,,,,1,2,3,1.0,3
201200060942,0012-12-20 15:15:00,12,12,20,15,15,973,9,,,,Plein jour,Hors agglomération,Hors intersection,Normale,Deux véhicules - côté,,,,,,,,,,,1,1,1,1.0,3
201200060943,0012-12-20 13:00:00,12,12,20,13,0,973,9,Avenue Gaston Monnervill,,,Plein jour,En agglomération,Hors intersection,Pluie forte,Autre collision,,,,,,,,,,,1,2,1,3.0,6
201200060944,0012-04-08 21:45:00,12,4,8,21,45,974,40,RD4 rue Leconte Delisle,,,Nuit sans éclairage public,En agglomération,Hors intersection,Normale,Deux véhicules - frontale,,,,,,,,,,,3,2,1,1.0,1
201200060945,0012-05-12 00:45:00,12,5,12,0,45,974,40,,,,Nuit sans éclairage public,Hors agglomération,Hors intersection,Normale,Autre collision,,,,,,,,,,,3,1,1,1.0,6
201200060946,0012-09-07 09:45:00,12,9,7,9,45,974,40,Chemin boutique rouge,,,Plein jour,En agglomération,Hors intersection,Normale,Autre collision,,,,,,,,,,,1,2,1,1.0,6
201200060947,0012-10-17 13:30:00,12,10,17,13,30,974,40,Chemin Paul Robert,,,Plein jour,En agglomération,Hors intersection,Normale,Deux véhicules - côté,,,,,,,,,,,1,2,1,1.0,3
201200060948,0012-08-26 21:15:00,12,8,26,21,15,974,13,,,,Nuit sans éclairage public,Hors agglomération,Hors intersection,Normale,Deux véhicules - frontale,,,,,,,,,,,3,1,1,1.0,1
201200060949,0012-11-09 18:30:00,12,11,9,18,30,974,13,,,,Crépuscule ou aube,Hors agglomération,Hors intersection,Normale,Deux véhicules - côté,,,,,,,,,,,2,1,1,1.0,3
201200060950,0012-11-24 10:30:00,12,11,24,10,30,974,48,CD11 - chemin moutouviri,,,Plein jour,En agglomération,Hors intersection,Normale,Deux véhicules - côté,,,,,,,,,,,1,2,1,1.0,3
201200060951,0012-12-29 06:30:00,12,12,29,6,30,974,13,,,,Plein jour,Hors agglomération,Hors intersection,Normale,Autre collision,,,,,,,,,,,1,1,1,1.0,6
201200060952,0012-02-11 14:45:00,12,2,11,14,45,973,4,,,,Plein jour,Hors agglomération,Hors intersection,Normale,Deux véhicules - côté,,,,,,,,,,,1,1,1,1.0,3
201200060953,0012-02-26 18:30:00,12,2,26,18,30,973,4,Avenue Polycarpe,,,Crépuscule ou aube,En agglomération,Hors intersection,Normale,Deux véhicules - côté,,,,,,,,,,,2,2,1,1.0,3
201200060954,0012-02-28 12:30:00,12,2,28,12,30,973,4,avenue pariacabo,,,Plein jour,En agglomération,Hors intersection,Pluie légère,Deux véhicules - frontale,,,,,,,,,,,1,2,1,2.0,1
201200060955,0012-09-17 07:15:00,12,9,17,7,15,973,4,,,,Plein jour,Hors agglomération,Hors intersection,Normale,Deux véhicules - frontale,,,,,,,,,,,1,1,1,1.0,1
201200060956,0012-01-11 05:00:00,12,1,11,5,0,973,7,,,,Nuit sans éclairage public,Hors agglomération,Hors intersection,Pluie légère,Deux véhicules - frontale,,,,,,,,,,,3,1,1,2.0,1
201200060957,0012-01-27 07:30:00,12,1,27,7,30,973,7,,,,Plein jour,En agglomération,Hors intersection,Normale,Deux véhicules - côté,,,,,,,,,,,1,2,1,1.0,3
201200060958,0012-01-31 15:15:00,12,1,31,15,15,973,7,,,,Plein jour,Hors agglomération,Hors intersection,Pluie forte,Deux véhicules - côté,,,,,,,,,,,1,1,1,3.0,3
201200060959,0012-03-19 11:15:00,12,3,19,11,15,973,7,RN2,,,Plein jour,En agglomération,Hors intersection,Normale,Autre collision,,,,,,,,,,,1,2,1,1.0,6
201200060960,0012-03-03 21:45:00,12,3,3,21,45,973,7,,,,Nuit sans éclairage public,Hors agglomération,Hors intersection,Normale,Trois véhicules et plus - collisions multiples,,,,,,,,,,,3,1,1,1.0,5
201200060961,0012-03-10 04:00:00,12,3,10,4,0,973,7,RN1,,,Nuit sans éclairage public,En agglomération,Hors intersection,Normale,Deux véhicules - frontale,,,,,,,,,,,3,2,1,1.0,1
201200060962,0012-03-27 15:45:00,12,3,27,15,45,973,7,RN2,,,Plein jour,En agglomération,Hors intersection,Normale,Deux véhicules - côté,,,,,,,,,,,1,2,1,1.0,3
201200060963,0012-04-05 15:15:00,12,4,5,15,15,973,7,,,,Plein jour,Hors agglomération,Hors intersection,Normale,Deux véhicules - frontale,,,,,,,,,,,1,1,1,1.0,1
201200060964,0012-04-22 20:30:00,12,4,22,20,30,973,7,RN 4,,,Nuit sans éclairage public,En agglomération,Hors intersection,Normale,Deux véhicules - frontale,,,,,,,,,,,3,2,1,1.0,1
201200060965,0012-04-28 05:30:00,12,4,28,5,30,973,7,,,,Nuit sans éclairage public,Hors agglomération,Hors intersection,Pluie légère,Autre collision,,,,,,,,,,,3,1,1,2.0,6
201200060966,0012-05-27 20:00:00,12,5,27,20,0,973,7,,,,Nuit sans éclairage public,Hors agglomération,Hors intersection,Normale,Sans collision,,,,,,,,,,,3,1,1,1.0,7
201200060967,0012-06-09 15:45:00,12,6,9,15,45,973,7,,,,Plein jour,Hors agglomération,Hors intersection,Normale,Deux véhicules - frontale,,,,,,,,,,,1,1,1,1.0,1
201200060968,0012-07-25 18:00:00,12,7,25,18,0,973,7,PK4.2,,,Plein jour,En agglomération,Hors intersection,Normale,Deux véhicules - frontale,,,,,,,,,,,1,2,1,1.0,1
201200060969,0012-08-02 22:30:00,12,8,2,22,30,973,7,,,,Nuit sans éclairage public,Hors agglomération,Hors intersection,Normale,Deux véhicules - côté,,,,,,,,,,,3,1,1,1.0,3
201200060970,0012-09-07 15:30:00,12,9,7,15,30,973,7,,,,Plein jour,Hors agglomération,Hors intersection,Normale,Sans collision,,,,,,,,,,,1,1,1,1.0,7
201200060971,0012-09-10 10:00:00,12,9,10,10,0,973,7,,,,Plein jour,Hors agglomération,Hors intersection,Normale,Autre collision,,,,,,,,,,,1,1,1,1.0,6
201200060972,0012-09-25 17:30:00,12,9,25,17,30,973,7,,,,Plein jour,Hors agglomération,Hors intersection,Normale,Deux véhicules - côté,,,,,,,,,,,1,1,1,1.0,3
201200060973,0012-10-26 09:15:00,12,10,26,9,15,973,7,route de Paramana,,,Plein jour,En agglomération,Hors intersection,Normale,Sans collision,,,,,,,,,,,1,2,1,1.0,7
201200060974,0012-10-30 17:00:00,12,10,30,17,0,973,7,RN2 - PK11 vers PK12,,,Plein jour,En agglomération,Hors intersection,Normale,Trois véhicules et plus - collisions multiples,,,,,,,,,,,1,2,1,1.0,5
201200060975,0012-11-22 13:45:00,12,11,22,13,45,973,7,rte de la distillerie,,,Plein jour,En agglomération,Hors intersection,Normale,Autre collision,,,,,,,,,,,1,2,1,1.0,6
201200060976,0012-11-24 06:00:00,12,11,24,6,0,973,7,,,,Nuit sans éclairage public,Hors agglomération,Hors intersection,Normale,Sans collision,,,,,,,,,,,3,1,1,1.0,7
201200060977,0012-12-05 17:15:00,12,12,5,17,15,973,7,COGNEAU LAMIRANDE,,,Nuit sans éclairage public,En agglomération,Hors intersection,Normale,Autre collision,,,,,,,,,,,3,2,1,1.0,6
201200060978,0012-01-09 21:30:00,12,1,9,21,30,972,22,RD1,,,Nuit avec éclairage allumé,En agglomération,Hors intersection,Normale,Trois véhicules et plus - collisions multiples,,,,,,,,,,,5,2,1,1.0,5
201200060979,0012-02-10 13:00:00,12,2,10,13,0,974,15,,,,Plein jour,Hors agglomération,Autre intersection,Normale,Deux véhicules - frontale,,,,,,,,,,,1,1,9,1.0,1
201200060980,0012-03-14 23:30:00,12,3,14,23,30,974,15,Rue Cendragon CD8,,,Nuit sans éclairage public,En agglomération,Hors intersection,Pluie légère,Autre collision,,,,,,,,,,,3,2,1,2.0,6
201200060981,0012-05-10 19:45:00,12,5,10,19,45,974,56,Chemin ligne Berthaud,,,Nuit sans éclairage public,En agglomération,Hors intersection,Normale,Autre collision,,,,,,,,,,,3,2,1,1.0,6
201200060982,0012-05-15 18:30:00,12,5,15,18,30,974,56,RD10 - Route de l'Eperon,,,Nuit avec éclairage allumé,En agglomération,Hors intersection,Normale,Autre collision,,,,,,,,,,,5,2,1,1.0,6
201200060983,0012-07-09 10:15:00,12,7,9,10,15,974,15,,,,Plein jour,Hors agglomération,Hors intersection,Normale,Autre collision,,,,,,,,,,,1,1,1,1.0,6
201200060984,0012-07-15 07:45:00,12,7,15,7,45,974,15,,,,Plein jour,Hors agglomération,Hors intersection,Normale,Autre collision,,,,,,,,,,,1,1,1,1.0,6
201200060985,0012-08-31 07:45:00,12,8,31,7,45,974,15,Rte du Vieux Flamboyant,,,Plein jour,En agglomération,Hors intersection,Normale,Autre collision,,,,,,,,,,,1,2,1,1.0,6
201200060986,0012-10-28 10:00:00,12,10,28,10,0,974,15,Rue Auguste Vinson CD6,,,Plein jour,En agglomération,Hors intersection,Pluie légère,Deux véhicules - frontale,,,,,,,,,,,1,2,1,2.0,1
201200060987,0012-09-17 10:15:00,12,9,17,10,15,974,4,chemin de ligne,,,Plein jour,En agglomération,Hors intersection,Normale,Deux véhicules - frontale,,,,,,,,,,,1,2,1,1.0,1
201200060988,0012-01-05 09:30:00,12,1,5,9,30,974,13,ROUTES DES COLIMACONS,,,Plein jour,En agglomération,Hors intersection,Normale,Deux véhicules - frontale,,,,,,,,,,,1,2,1,1.0,1
201200060989,0012-09-23 05:00:00,12,9,23,5,0,974,13,,,,Nuit sans éclairage public,Hors agglomération,Hors intersection,Normale,Autre collision,,,,,,,,,,,3,1,1,1.0,6
201200060990,0012-08-14 06:45:00,12,8,14,6,45,971,32,,,,Nuit sans éclairage public,Hors agglomération,Hors intersection,Normale,Deux véhicules - côté,,,,,,,,,,,3,1,1,1.0,3
201200060991,0012-11-12 17:30:00,12,11,12,17,30,971,9,30 RUE HINCELIN,,,Nuit avec éclairage allumé,En agglomération,Hors intersection,Pluie légère,Deux véhicules - frontale,,,,,,,,,,,5,2,1,2.0,1
201200060992,0012-05-07 17:15:00,12,5,7,17,15,974,14,,,,Plein jour,Hors agglomération,Hors intersection,Normale,Deux véhicules - frontale,,,,,,,,,,,1,1,1,1.0,1
201200060993,0012-06-01 18:00:00,12,6,1,18,0,974,14,route de cilaos,,,Plein jour,En agglomération,Hors intersection,Normale,Autre collision,,,,,,,,,,,1,2,1,1.0,6
201200060994,0012-06-08 17:30:00,12,6,8,17,30,974,14,15 rue st philippe,,,Nuit avec éclairage allumé,En agglomération,Hors intersection,Normale,Deux véhicules - frontale,,,,,,,,,,,5,2,1,1.0,1
201200060995,0012-07-22 19:45:00,12,7,22,19,45,974,14,,,,Nuit sans éclairage public,Hors agglomération,Hors intersection,Normale,Trois véhicules et plus - en chaîne,,,,,,,,,,,3,1,1,1.0,4
201200060996,0012-08-30 13:15:00,12,8,30,13,15,974,14,Avenue Pasteur,,,Plein jour,En agglomération,Hors intersection,Normale,Deux véhicules - côté,,,,,,,,,,,1,2,1,1.0,3
201200060997,0012-06-05 17:00:00,12,6,5,17,0,974,10,,,,Plein jour,En agglomération,Giratoire,Normale,Deux véhicules - côté,,,,,,,,,,,1,2,6,1.0,3
201200060998,0012-08-02 19:15:00,12,8,2,19,15,974,10,,,,Nuit avec éclairage allumé,Hors agglomération,Hors intersection,Normale,Deux véhicules - côté,,,,,,,,,,,5,1,1,1.0,3
201200060999,0012-08-19 19:30:00,12,8,19,19,30,974,10,,,,Nuit sans éclairage public,Hors agglomération,Hors intersection,Normale,Autre collision,,,,,,,,,,,3,1,1,1.0,6
201200061000,0012-09-15 16:45:00,12,9,15,16,45,974,10,,,,Plein jour,Hors agglomération,Hors intersection,Pluie légère,Deux véhicules - frontale,,,,,,,,,,,1,1,1,2.0,1
201200061001,0012-09-15 20:00:00,12,9,15,20,0,974,10,,,,Nuit sans éclairage public,Hors agglomération,Hors intersection,Normale,Sans collision,,,,,,,,,,,3,1,1,1.0,7
201200061002,0012-09-17 06:45:00,12,9,17,6,45,974,10,,,,Plein jour,Hors agglomération,Hors intersection,Normale,Deux véhicules - frontale,,,,,,,,,,,1,1,1,1.0,1
201200061003,0012-11-20 07:30:00,12,11,20,7,30,974,10,,,,Plein jour,Hors agglomération,Hors intersection,Normale,Autre collision,,,,,,,,,,,1,1,1,1.0,6
201200061004,0012-11-22 20:00:00,12,11,22,20,0,974,10,Route Nationale 02,,,Nuit sans éclairage public,En agglomération,Hors intersection,Normale,Deux véhicules - frontale,,,,,,,,,,,3,2,1,1.0,1
201200061005,0012-07-05 09:00:00,12,7,5,9,0,972,34,,,,Plein jour,Hors agglomération,Hors intersection,Normale,Autre collision,,,,,,,,,,,1,1,1,1.0,6
201200061006,0012-07-30 08:00:00,12,7,30,8,0,972,29,RN2,,,Plein jour,En agglomération,Hors intersection,Pluie forte,Deux véhicules - arrière,,,,,,,,,,,1,2,1,3.0,2
201200061007,0012-07-31 12:30:00,12,7,31,12,30,972,29,fond lahaye,,,Plein jour,En agglomération,Hors intersection,Normale,Deux véhicules - arrière,,,,,,,,,,,1,2,1,1.0,2
201200061008,0012-08-25 13:30:00,12,8,25,13,30,972,29,st georges,,,Plein jour,En agglomération,Hors intersection,Normale,Autre collision,,,,,,,,,,,1,2,1,1.0,6
201200061009,0012-09-13 07:45:00,12,9,13,7,45,972,34,,,,Plein jour,Hors agglomération,Hors intersection,Normale,Sans collision,,,,,,,,,,,1,1,1,1.0,7
201200061010,0012-09-30 15:15:00,12,9,30,15,15,972,34,,,,Plein jour,Hors agglomération,Hors intersection,Normale,Sans collision,,,,,,,,,,,1,1,1,1.0,7
201200061011,0012-04-17 13:30:00,12,4,17,13,30,972,18,,,,Plein jour,Hors agglomération,Hors intersection,Pluie forte,Sans collision,,,,,,,,,,,1,1,1,3.0,7
201200061012,0012-05-22 08:30:00,12,5,22,8,30,972,18,route de savane petit,,,Plein jour,En agglomération,Hors intersection,Normale,Deux véhicules - côté,,,,,,,,,,,1,2,1,1.0,3
201200061013,0012-06-12 11:45:00,12,6,12,11,45,972,25,,,,Plein jour,Hors agglomération,Hors intersection,Normale,Deux véhicules - côté,,,,,,,,,,,1,1,1,1.0,3
201200061014,0012-08-11 11:30:00,12,8,11,11,30,972,25,RD10,,,Plein jour,Hors agglomération,Hors intersection,Normale,Autre collision,,,,,,,,,,,1,1,1,1.0,6
201200061015,0012-10-25 06:15:00,12,10,25,6,15,972,18,,,,Crépuscule ou aube,Hors agglomération,Hors intersection,Normale,Autre collision,,,,,,,,,,,2,1,1,1.0,6
201200061016,0012-04-28 11:15:00,12,4,28,11,15,972,27,,,,Plein jour,Hors agglomération,Hors intersection,Normale,Trois véhicules et plus - collisions multiples,,,,,,,,,,,1,1,1,1.0,5
201200061017,0012-04-29 21:00:00,12,4,29,21,0,972,17,,,,Nuit sans éclairage public,Hors agglomération,Hors intersection,Normale,Deux véhicules - arrière,,,,,,,,,,,3,1,1,1.0,2
201200061018,0012-05-10 18:30:00,12,5,10,18,30,972,17,,,,Nuit sans éclairage public,Hors agglomération,Hors intersection,Pluie légère,Deux véhicules - frontale,,,,,,,,,,,3,1,1,2.0,1
201200061019,0012-05-19 17:45:00,12,5,19,17,45,972,17,,,,Plein jour,Hors agglomération,Hors intersection,Normale,Deux véhicules - côté,,,,,,,,,,,1,1,1,1.0,3
201200061020,0012-05-20 21:00:00,12,5,20,21,0,972,17,,,,Nuit sans éclairage public,Hors agglomération,Hors intersection,Normale,Sans collision,,,,,,,,,,,3,1,1,1.0,7
201200061021,0012-05-24 08:30:00,12,5,24,8,30,972,17,,,,Plein jour,Hors agglomération,Hors intersection,Pluie légère,Autre collision,,,,,,,,,,,1,1,1,2.0,6
201200061022,0012-06-17 14:30:00,12,6,17,14,30,972,27,,,,Plein jour,Hors agglomération,Hors intersection,Normale,Deux véhicules - côté,,,,,,,,,,,1,1,1,1.0,3
201200061023,0012-07-07 14:15:00,12,7,7,14,15,972,27,,,,Plein jour,Hors agglomération,Hors intersection,Pluie légère,Trois véhicules et plus - collisions multiples,,,,,,,,,,,1,1,1,2.0,5
201200061024,0012-07-29 09:15:00,12,7,29,9,15,972,26,,,,Plein jour,Hors agglomération,Hors intersection,Normale,Deux véhicules - arrière,,,,,,,,,,,1,1,1,1.0,2
201200061025,0012-08-11 06:15:00,12,8,11,6,15,972,20,RD18A quartier defarges,,,Plein jour,En agglomération,Hors intersection,Normale,Deux véhicules - frontale,,,,,,,,,,,1,2,1,1.0,1
201200061026,0012-09-30 15:15:00,12,9,30,15,15,972,17,"RN 5, station Esso",,,Plein jour,En agglomération,Hors intersection,Normale,Deux véhicules - arrière,,,,,,,,,,,1,2,1,1.0,2
201200061027,0012-10-22 16:15:00,12,10,22,16,15,972,27,,,,Plein jour,Hors agglomération,Hors intersection,Normale,Autre collision,,,,,,,,,,,1,1,1,1.0,6
201200061028,0012-11-24 09:00:00,12,11,24,9,0,972,17,,,,Plein jour,Hors agglomération,Intersection en T,Normale,Deux véhicules - côté,,,,,,,,,,,1,1,3,1.0,3
201200061029,0012-04-25 13:30:00,12,4,25,13,30,972,10,,,,Plein jour,Hors agglomération,Hors intersection,Normale,Autre collision,,,,,,,,,,,1,1,1,1.0,6
201200061030,0012-04-25 20:30:00,12,4,25,20,30,972,32,RN6 Station Esso,,,Nuit sans éclairage public,En agglomération,Hors intersection,Normale,Deux véhicules - côté,,,,,,,,,,,3,2,1,1.0,3
201200061031,0012-05-17 11:00:00,12,5,17,11,0,972,10,,,,Plein jour,En agglomération,Hors intersection,Temps couvert,Deux véhicules - côté,,,,,,,,,,,1,2,1,8.0,3
201200061032,0012-12-08 19:15:00,12,12,8,19,15,972,10,,,,Nuit sans éclairage public,Hors agglomération,Hors intersection,Normale,Deux véhicules - frontale,,,,,,,,,,,3,1,1,1.0,1
201200061033,0012-03-23 22:45:00,12,3,23,22,45,972,21,,,,Nuit sans éclairage public,Hors agglomération,Hors intersection,Normale,Trois véhicules et plus - en chaîne,,,,,,,,,,,3,1,1,1.0,4
201200061034,0012-05-31 09:45:00,12,5,31,9,45,972,21,,,,Plein jour,Hors agglomération,Hors intersection,Normale,Deux véhicules - arrière,,,,,,,,,,,1,1,1,1.0,2
201200061035,0012-07-26 15:15:00,12,7,26,15,15,972,21,quartier m?decin,,,Plein jour,En agglomération,Hors intersection,Normale,Deux véhicules - frontale,,,,,,,,,,,1,2,1,1.0,1
201200061036,0012-09-09 20:15:00,12,9,9,20,15,972,21,,,,Nuit sans éclairage public,Hors agglomération,Hors intersection,Normale,Deux véhicules - côté,,,,,,,,,,,3,1,1,1.0,3
201200061037,0012-03-15 13:00:00,12,3,15,13,0,972,7,,,,Plein jour,Hors agglomération,Hors intersection,Normale,Autre collision,,,,,,,,,,,1,1,1,1.0,6
201200061038,0012-04-22 04:45:00,12,4,22,4,45,972,7,,,,Nuit sans éclairage public,Hors agglomération,Hors intersection,Pluie légère,Sans collision,,,,,,,,,,,3,1,1,2.0,7
201200061039,0012-04-24 21:30:00,12,4,24,21,30,972,7,,,,Nuit sans éclairage public,Hors agglomération,Hors intersection,Normale,Sans collision,,,,,,,,,,,3,1,1,1.0,7
201200061040,0012-04-26 18:45:00,12,4,26,18,45,972,23,,,,Crépuscule ou aube,Hors agglomération,Hors intersection,Normale,Deux véhicules - côté,,,,,,,,,,,2,1,1,1.0,3
201200061041,0012-06-10 22:45:00,12,6,10,22,45,972,7,RD5 quartier Lourdes,,,Nuit sans éclairage public,En agglomération,Hors intersection,Pluie légère,Deux véhicules - frontale,,,,,,,,,,,3,2,1,2.0,1
201200061042,0012-06-10 07:45:00,12,6,10,7,45,972,23,Route du Fran?ois,,,Plein jour,En agglomération,Hors intersection,Normale,Deux véhicules - frontale,,,,,,,,,,,1,2,1,1.0,1
201200061043,0012-07-20 17:45:00,12,7,20,17,45,972,7,,,,Plein jour,Hors agglomération,Hors intersection,Normale,Deux véhicules - arrière,,,,,,,,,,,1,1,1,1.0,2
201200061044,0012-09-07 08:15:00,12,9,7,8,15,972,7,RN5 - Champigny,,,Nuit sans éclairage public,En agglomération,Hors intersection,Normale,Autre collision,,,,,,,,,,,3,2,1,1.0,6
201200061045,0012-09-30 06:45:00,12,9,30,6,45,972,7,Quartier SYNDIC,,,Plein jour,En agglomération,Hors intersection,Normale,Deux véhicules - frontale,,,,,,,,,,,1,2,1,1.0,1
201200061046,0012-10-11 23:00:00,12,10,11,23,0,972,7,,,,Nuit sans éclairage public,Hors agglomération,Hors intersection,Pluie légère,Deux véhicules - frontale,,,,,,,,,,,3,1,1,2.0,1
201200061047,0012-11-03 09:00:00,12,11,3,9,0,972,23,,,,Plein jour,Hors agglomération,Hors intersection,Normale,Deux véhicules - frontale,,,,,,,,,,,1,1,1,1.0,1
201200061048,0012-11-09 12:30:00,12,11,9,12,30,972,23,,,,Plein jour,Hors agglomération,Hors intersection,Normale,Deux véhicules - frontale,,,,,,,,,,,1,1,1,1.0,1
201200061049,0012-11-26 15:30:00,12,11,26,15,30,972,7,,,,Plein jour,Hors agglomération,Hors intersection,Normale,Trois véhicules et plus - en chaîne,,,,,,,,,,,1,1,1,1.0,4
201200061050,0012-09-02 18:45:00,12,9,2,18,45,972,16,carrefour RN1 / mairie,,,Nuit avec éclairage allumé,En agglomération,Hors intersection,Normale,Trois véhicules et plus - en chaîne,,,,,,,,,,,5,2,1,1.0,4
201200061051,0012-11-09 21:00:00,12,11,9,21,0,972,3,Parking salle des f?tes,,,Nuit avec éclairage allumé,En agglomération,Hors intersection,Normale,Autre collision,,,,,,,,,,,5,2,1,1.0,6
201200061052,0012-03-14 11:00:00,12,3,14,11,0,972,22,,,,Plein jour,Hors agglomération,Hors intersection,Normale,Trois véhicules et plus - collisions multiples,,,,,,,,,,,1,1,1,1.0,5
201200061053,0012-04-14 13:30:00,12,4,14,13,30,972,22,,,,Plein jour,Hors agglomération,Hors intersection,Pluie forte,Deux véhicules - côté,,,,,,,,,,,1,1,1,3.0,3
201200061054,0012-06-15 16:45:00,12,6,15,16,45,972,22,,,,Plein jour,Hors agglomération,Hors intersection,Normale,Trois véhicules et plus - collisions multiples,,,,,,,,,,,1,1,1,1.0,5
201200061055,0012-12-04 08:00:00,12,12,4,8,0,972,22,,,,Plein jour,Hors agglomération,Hors intersection,Normale,Deux véhicules - frontale,,,,,,,,,,,1,1,1,1.0,1
201200061056,0012-10-28 06:30:00,12,10,28,6,30,974,13,,,,Plein jour,Hors agglomération,Hors intersection,Normale,Deux véhicules - côté,,,,,,,,,,,1,1,1,1.0,3
201200061057,0012-12-03 13:00:00,12,12,3,13,0,974,12,,,,Plein jour,Hors agglomération,Hors intersection,Pluie forte,Deux véhicules - frontale,,,,,,,,,,,1,1,1,3.0,1
201200061058,0012-04-21 19:45:00,12,4,21,19,45,974,22,PK 12,,,Nuit avec éclairage allumé,En agglomération,Hors intersection,Normale,Deux véhicules - côté,,,,,,,,,,,5,2,1,1.0,3
201200061059,0012-06-07 14:45:00,12,6,7,14,45,974,22,rue Rolland GARROS,,,Plein jour,En agglomération,Passage à niveau,Normale,Autre collision,,,,,,,,,,,1,2,8,1.0,6
201200061060,0012-06-05 18:00:00,12,6,5,18,0,974,22,chemin mazeau,,,Plein jour,En agglomération,Hors intersection,Normale,Deux véhicules - frontale,,,,,,,,,,,1,2,1,1.0,1
201200061061,0012-06-22 16:15:00,12,6,22,16,15,974,22,,,,Plein jour,Hors agglomération,Hors intersection,Pluie légère,Sans collision,,,,,,,,,,,1,1,1,2.0,7
201200061062,0012-07-08 21:30:00,12,7,8,21,30,974,22,,,,Nuit avec éclairage allumé,Hors agglomération,Hors intersection,Normale,Deux véhicules - côté,,,,,,,,,,,5,1,1,1.0,3
201200061063,0012-11-11 14:45:00,12,11,11,14,45,974,22,,,,Plein jour,Hors agglomération,Hors intersection,Normale,Deux véhicules - frontale,,,,,,,,,,,1,1,1,1.0,1
201200061064,0012-01-09 09:25:00,12,1,9,9,25,971,5,RUE ARMAND LIGNIERES,,,Plein jour,En agglomération,Hors intersection,Normale,Autre collision,,,,,,,,,,,1,2,1,1.0,6
201200061065,0012-01-12 17:20:00,12,1,12,17,20,971,5,"300, PAUL LACAVE (AVENUE",,,Plein jour,En agglomération,Intersection en T,Normale,Deux véhicules - frontale,,,,,,,,,,,1,2,3,1.0,1
201200061066,0012-01-19 10:30:00,12,1,19,10,30,971,5,BD GERTY ARCHIMEDE,,,Plein jour,En agglomération,Hors intersection,Normale,Deux véhicules - côté,,,,,,,,,,,1,2,1,1.0,3
201200061067,0012-02-04 06:00:00,12,2,4,6,0,971,5,"32, COURS NOLIVOS ( RUE",,,Nuit avec éclairage allumé,En agglomération,Intersection en X,Normale,Deux véhicules - côté,,,,,,,,,,,5,2,2,1.0,3
201200061068,0012-02-04 20:20:00,12,2,4,20,20,971,5,CHARLES DE GAULLE (BD DU,,,Nuit avec éclairage allumé,En agglomération,Hors intersection,Pluie légère,Autre collision,,,,,,,,,,,5,2,1,2.0,6
201200061069,0012-02-19 20:55:00,12,2,19,20,55,971,5,FELIX EBOUE (BOULVARD G.,,,Nuit avec éclairage allumé,En agglomération,Intersection en X,Normale,Deux véhicules - côté,,,,,,,,,,,5,2,2,1.0,3
201200061070,0012-02-21 01:30:00,12,2,21,1,30,971,5,"605, PINTADE",,,Nuit avec éclairage allumé,En agglomération,Hors intersection,Normale,Deux véhicules - côté,,,,,,,,,,,5,2,1,1.0,3
201200061071,0012-02-22 01:40:00,12,2,22,1,40,971,5,FELIX EBOUE (BOULVARD G.,,,Nuit avec éclairage allumé,En agglomération,Intersection en T,Normale,Deux véhicules - frontale,,,,,,,,,,,5,2,3,1.0,1
201200061072,0012-03-02 11:15:00,12,3,2,11,15,971,5,CIRCONVALLATION (CH. DE,,,Plein jour,En agglomération,Intersection en T,Normale,Deux véhicules - côté,,,,,,,,,,,1,2,3,1.0,3
201200061073,0012-03-16 18:54:00,12,3,16,18,54,971,5,CHARLES DE GAULLE (BD DU,,,Nuit sans éclairage public,En agglomération,Intersection en T,Normale,Deux véhicules - côté,,,,,,,,,,,3,2,3,1.0,3
201200061074,0012-03-19 05:50:00,12,3,19,5,50,971,5,GOUVERNEUR DU LYON (AVE),,,Plein jour,En agglomération,Hors intersection,Pluie légère,Deux véhicules - côté,,,,,,,,,,,1,2,1,2.0,3
201200061075,0012-04-25 13:00:00,12,4,25,13,0,971,5,BARBES (RUE),,,Plein jour,En agglomération,Intersection en T,Normale,Autre collision,,,,,,,,,,,1,2,3,1.0,6
201200061076,0012-05-08 12:00:00,12,5,8,12,0,971,5,"13, FELIX EBOUE (BOULVAR",,,Plein jour,En agglomération,Intersection en X,Normale,Deux véhicules - côté,,,,,,,,,,,1,2,2,1.0,3
201200061077,0012-05-15 11:15:00,12,5,15,11,15,971,5,GASTON FEUILLARD(AVENUE),,,Plein jour,En agglomération,Giratoire,Normale,Deux véhicules - arrière,,,,,,,,,,,1,2,6,1.0,2
201200061078,0012-05-24 17:50:00,12,5,24,17,50,971,5,CHARLES DE GAULLE (BD DU,,,Plein jour,En agglomération,Giratoire,Normale,Sans collision,,,,,,,,,,,1,2,6,1.0,7