accident_id,datetime,annee,mois,jour,heure,minute,departement,commune_insee,adresse,latitude,longitude,luminosite,agglomeration,intersection,meteo,collision,nb_vehicules,nb_usagers,nb_indemnes,nb_tues,nb_blesses_hosp,nb_blesses_legers,age_cond_1,age_cond_2,veh_type_cond_1,veh_type_cond_2,lum_code,agg_code,int_code,atm_code,col_code
201200061079,0012-07-03 19:05:00,12,7,3,19,5,971,5,ROCADE NORD,,,Nuit avec éclairage allumé,Hors agglomération,Hors intersection,Pluie légère,Autre collision,,,,,,,,,,,5,1,1,2.0,6
201200061080,0012-08-14 08:55:00,12,8,14,8,55,971,5,LARDENOY (RUE DE ),,,Plein jour,En agglomération,Hors intersection,Pluie légère,Sans collision,,,,,,,,,,,1,2,1,2.0,7
201200061081,0012-08-31 23:20:00,12,8,31,23,20,971,5,"35, BD GERTY ARCHIMEDE",,,Nuit avec éclairage allumé,En agglomération,Hors intersection,Normale,Deux véhicules - arrière,,,,,,,,,,,5,2,1,1.0,2
201200061082,0012-09-24 08:40:00,12,9,24,8,40,971,5,"000, CHARLES DE GAULLE (",,,Plein jour,En agglomération,Intersection en T,Normale,Deux véhicules - côté,,,,,,,,,,,1,2,3,1.0,3
201200061083,0012-10-09 18:55:00,12,10,9,18,55,971,5,CIRCONVALLATION,,,Nuit avec éclairage allumé,En agglomération,Hors intersection,Normale,Autre collision,,,,,,,,,,,5,2,1,1.0,6
201200061084,0012-10-15 12:25:00,12,10,15,12,25,971,5,"000, SAINT-CLAUDE (AVENU",,,Plein jour,En agglomération,Hors intersection,Normale,Deux véhicules - arrière,,,,,,,,,,,1,2,1,1.0,2
201200061085,0012-11-02 23:00:00,12,11,2,23,0,971,5,CHARLES DE GAULLE (BOULE,,,Nuit avec éclairage allumé,En agglomération,Autre intersection,Normale,Autre collision,,,,,,,,,,,5,2,9,1.0,6
201200061086,0012-11-16 19:15:00,12,11,16,19,15,971,5,"229, SAINT-CLAUDE (AVENU",,,Nuit avec éclairage allumé,En agglomération,Hors intersection,Pluie légère,Deux véhicules - côté,,,,,,,,,,,5,2,1,2.0,3
201200061087,0012-11-19 20:47:00,12,11,19,20,47,971,5,PERES DOMINICAINS(AVENUE,,,Nuit avec éclairage allumé,En agglomération,Intersection en T,Normale,Deux véhicules - côté,,,,,,,,,,,5,2,3,1.0,3
201200061088,0012-11-30 14:00:00,12,11,30,14,0,971,5,BD GERTY ARCHIMEDE,,,Plein jour,En agglomération,Hors intersection,Normale,Autre collision,,,,,,,,,,,1,2,1,1.0,6
201200061089,0012-11-30 18:15:00,12,11,30,18,15,971,5,GASTON FEUILLARD(AVENUE),,,Nuit avec éclairage allumé,En agglomération,Hors intersection,Normale,Deux véhicules - arrière,,,,,,,,,,,5,2,1,1.0,2
201200061090,0012-12-04 08:00:00,12,12,4,8,0,971,5,"35, CLOVIS RENAISON (RUE",,,Plein jour,En agglomération,Hors intersection,Normale,Autre collision,,,,,,,,,,,1,2,1,1.0,6
201200061091,0012-12-05 19:10:00,12,12,5,19,10,971,5,GASTON FEUILLARD(AVENUE),,,Nuit avec éclairage allumé,En agglomération,Hors intersection,Normale,Deux véhicules - côté,,,,,,,,,,,5,2,1,1.0,3
201200061092,0012-12-09 23:40:00,12,12,9,23,40,971,5,"RD, BOLOGNE (ROUTE DE)",,,Nuit avec éclairage allumé,En agglomération,Hors intersection,Normale,Deux véhicules - frontale,,,,,,,,,,,5,2,1,1.0,1
201200061093,0012-12-12 19:45:00,12,12,12,19,45,971,5,BD GERTY ARCHIMEDE,,,Nuit avec éclairage allumé,En agglomération,Hors intersection,Normale,Deux véhicules - arrière,,,,,,,,,,,5,2,1,1.0,2
201200061094,0012-12-30 13:10:00,12,12,30,13,10,971,5,"11, PERE LABAT (RUE DU)",,,Plein jour,En agglomération,Intersection en T,Normale,Autre collision,,,,,,,,,,,1,2,3,1.0,6
201200061095,0012-10-19 17:30:00,12,10,19,17,30,971,5,"333, GOUVERNEUR DU LYON",,,Plein jour,En agglomération,Hors intersection,Normale,Deux véhicules - côté,,,,,,,,,,,1,2,1,1.0,3
201200061096,0012-01-05 18:10:00,12,1,5,18,10,971,7,GERMAIN ST RUF (AVENUE ),,,Nuit avec éclairage allumé,En agglomération,Intersection en Y,Normale,Trois véhicules et plus - collisions multiples,,,,,,,,,,,5,2,4,1.0,5
201200061097,0012-02-02 17:40:00,12,2,2,17,40,971,7,FLAMBOYANTS ( ALLEE DES,,,Plein jour,En agglomération,Intersection en T,Normale,Deux véhicules - frontale,,,,,,,,,,,1,2,3,1.0,1
201200061098,0012-03-16 07:00:00,12,3,16,7,0,971,7,DELGRES ( BOULEVARD ),,,Plein jour,En agglomération,Hors intersection,Normale,Sans collision,,,,,,,,,,,1,2,1,1.0,7
201200061099,0012-03-19 07:15:00,12,3,19,7,15,971,7,DUMANOIR ( ALLEE ),,,Plein jour,En agglomération,Hors intersection,Normale,Deux véhicules - côté,,,,,,,,,,,1,2,1,1.0,3
201200061100,0012-03-24 22:50:00,12,3,24,22,50,971,7,PAUL LACAVE ( AVENUE ),,,Nuit avec éclairage allumé,En agglomération,Hors intersection,Normale,Autre collision,,,,,,,,,,,5,2,1,1.0,6
201200061101,0012-04-15 01:00:00,12,4,15,1,0,971,7,EMBOUCHURE ( RUE DE L' ),,,Nuit avec éclairage allumé,En agglomération,Hors intersection,Normale,Trois véhicules et plus - collisions multiples,,,,,,,,,,,5,2,1,1.0,5
201200061102,0012-04-19 08:50:00,12,4,19,8,50,971,7,"13 bis, PAUL LACAVE ( AV",,,Plein jour,En agglomération,Intersection en X,Normale,Autre collision,,,,,,,,,,,1,2,2,1.0,6
201200061103,0012-05-17 12:00:00,12,5,17,12,0,971,7,GAMBETTA ( RUE ),,,Plein jour,En agglomération,Intersection en X,Pluie légère,Deux véhicules - côté,,,,,,,,,,,1,2,2,2.0,3
201200061104,0012-05-21 19:15:00,12,5,21,19,15,971,7,PAUL LACAVE ( AVENUE ),,,Nuit avec éclairage non allumé,En agglomération,Intersection en Y,Normale,Deux véhicules - côté,,,,,,,,,,,4,2,4,1.0,3
201200061105,0012-05-24 05:45:00,12,5,24,5,45,971,7,DELGRES ( BOULEVARD ),,,Plein jour,En agglomération,Intersection en T,Normale,Sans collision,,,,,,,,,,,1,2,3,1.0,7
201200061106,0012-06-22 11:30:00,12,6,22,11,30,971,7,AMEDEE FENGAROL ( RUE ),,,Plein jour,En agglomération,Intersection en X,Normale,Autre collision,,,,,,,,,,,1,2,2,1.0,6
201200061107,0012-07-27 19:00:00,12,7,27,19,0,971,7,FLAMBOYANTS ( ALLEE DES,,,Crépuscule ou aube,En agglomération,Hors intersection,Normale,Sans collision,,,,,,,,,,,2,2,1,1.0,7
201200061108,0012-09-08 11:10:00,12,9,8,11,10,971,7,DUMANOIR ( ALLEE ),,,Plein jour,En agglomération,Hors intersection,Normale,Autre collision,,,,,,,,,,,1,2,1,1.0,6
201200061109,0012-11-10 16:45:00,12,11,10,16,45,971,7,SAINT RUFF (AVENUE),,,Plein jour,En agglomération,Intersection en T,Normale,Autre collision,,,,,,,,,,,1,2,3,1.0,6
201200061110,0012-03-05 19:50:00,12,3,5,19,50,971,7,DELGRES ( BOULEVARD ),,,Nuit avec éclairage allumé,En agglomération,Intersection en X,Normale,Deux véhicules - frontale,,,,,,,,,,,5,2,2,1.0,1
201200061111,0012-08-07 13:00:00,12,8,7,13,0,971,7,DUMANOIR ( ALLEE ),,,Plein jour,En agglomération,Intersection en T,Normale,Deux véhicules - côté,,,,,,,,,,,1,2,3,1.0,3
201200061112,0012-08-18 10:45:00,12,8,18,10,45,971,7,", FRONT DE MER ( BOULEVA",,,Plein jour,En agglomération,Intersection en T,Normale,Deux véhicules - côté,,,,,,,,,,,1,2,3,1.0,3
201200061113,0012-11-26 12:15:00,12,11,26,12,15,971,7,SAINT RUFF (AVENUE),,,Plein jour,En agglomération,Passage à niveau,Normale,Deux véhicules - côté,,,,,,,,,,,1,2,8,1.0,3
201200061114,0012-12-01 21:30:00,12,12,1,21,30,971,7,DELGRES ( BOULEVARD ),,,Nuit avec éclairage non allumé,En agglomération,Hors intersection,Normale,Autre collision,,,,,,,,,,,4,2,1,1.0,6
201200061115,0012-01-04 08:00:00,12,1,4,8,0,971,13,"00, SECTEUR GRAND BOIS",,,Plein jour,Hors agglomération,Intersection en T,Normale,Deux véhicules - côté,,,,,,,,,,,1,1,3,1.0,3
201200061116,0012-01-03 14:45:00,12,1,3,14,45,971,1,"00, LE RAIZET(SECTEUR)",,,Plein jour,En agglomération,Intersection en T,Normale,Deux véhicules - frontale,,,,,,,,,,,1,2,3,1.0,1
201200061117,0012-01-20 21:40:00,12,1,20,21,40,971,1,"00, HIBISCUS",,,Nuit avec éclairage allumé,En agglomération,Hors intersection,Normale,Sans collision,,,,,,,,,,,5,2,1,1.0,7
201200061118,0012-01-21 22:10:00,12,1,21,22,10,971,1,"RD126, Fr?d?ric JALTON",,,Nuit avec éclairage allumé,En agglomération,Intersection en Y,Pluie légère,Deux véhicules - côté,,,,,,,,,,,5,2,4,2.0,3
201200061119,0012-01-25 05:47:00,12,1,25,5,47,971,1,"D101, CHAZEAU",,,Crépuscule ou aube,Hors agglomération,Hors intersection,Brouillard / fumée,Autre collision,,,,,,,,,,,2,1,1,5.0,6
201200061120,0012-01-25 12:35:00,12,1,25,12,35,971,13,"D103, SECTION COCOYER",,,Plein jour,Hors agglomération,Hors intersection,Normale,Sans collision,,,,,,,,,,,1,1,1,1.0,7
201200061121,0012-01-28 21:10:00,12,1,28,21,10,971,13,"RN4, Morne Salines",,,Nuit sans éclairage public,Hors agglomération,Hors intersection,Normale,Sans collision,,,,,,,,,,,3,1,1,1.0,7
201200061122,0012-01-28 22:20:00,12,1,28,22,20,971,1,"RD102, ROUTE DE BOISVINS",,,Nuit sans éclairage public,Hors agglomération,Hors intersection,Pluie légère,Sans collision,,,,,,,,,,,3,1,1,2.0,7
201200061123,0012-01-28 03:14:00,12,1,28,3,14,971,1,"RN11, PETIT PEROU",,,Nuit avec éclairage allumé,Hors agglomération,Autre intersection,Normale,Sans collision,,,,,,,,,,,5,1,9,1.0,7
201200061124,0012-02-09 21:25:00,12,2,9,21,25,971,13,"RN4, SECTION MARE-GAILLA",,,Nuit avec éclairage non allumé,En agglomération,Hors intersection,Normale,Trois véhicules et plus - collisions multiples,,,,,,,,,,,4,2,1,1.0,5
201200061125,0012-02-13 05:50:00,12,2,13,5,50,971,13,"RN4, SECTION MARE-GAILLA",,,Nuit avec éclairage non allumé,En agglomération,Hors intersection,Normale,Autre collision,,,,,,,,,,,4,2,1,1.0,6
201200061126,0012-02-14 07:45:00,12,2,14,7,45,971,1,"25, BOISRIPEAUX",,,Plein jour,En agglomération,Hors intersection,Normale,Sans collision,,,,,,,,,,,1,2,1,1.0,7
201200061127,0012-02-08 13:05:00,12,2,8,13,5,971,13,"RN4, RN4 - SECTION RIVIE",,,Plein jour,Hors agglomération,Intersection en T,Normale,Deux véhicules - côté,,,,,,,,,,,1,1,3,1.0,3
201200061128,0012-02-15 01:00:00,12,2,15,1,0,971,20,"RN1, Secteur Pont de la",,,Nuit avec éclairage allumé,Hors agglomération,Hors intersection,Normale,Deux véhicules - arrière,,,,,,,,,,,5,1,1,1.0,2
201200061129,0012-02-17 13:22:00,12,2,17,13,22,971,1,"00, CARAQUE",,,Plein jour,Hors agglomération,Intersection en T,Normale,Deux véhicules - côté,,,,,,,,,,,1,1,3,1.0,3
201200061130,0012-02-17 17:00:00,12,2,17,17,0,971,1,"00, BAZIN",,,Plein jour,Hors agglomération,Hors intersection,Normale,Autre collision,,,,,,,,,,,1,1,1,1.0,6
201200061131,0012-02-18 18:00:00,12,2,18,18,0,971,1,"RD103, BESSON",,,Crépuscule ou aube,Hors agglomération,Hors intersection,Normale,Deux véhicules - frontale,,,,,,,,,,,2,1,1,1.0,1
201200061132,0012-02-19 22:00:00,12,2,19,22,0,971,1,"RN5, ROUTE DES ABYMES",,,Nuit sans éclairage public,En agglomération,Hors intersection,Normale,Trois véhicules et plus - en chaîne,,,,,,,,,,,3,2,1,1.0,4
201200061133,0012-01-22 16:35:00,12,1,22,16,35,971,7,GALBAS (CHEMIN DES ),,,Plein jour,En agglomération,Intersection en T,Normale,Autre collision,,,,,,,,,,,1,2,3,1.0,6
201200061134,0012-02-20 07:40:00,12,2,20,7,40,971,1,"RD102, ROUTE DE BOISVINS",,,Plein jour,En agglomération,Intersection en T,Normale,Deux véhicules - côté,,,,,,,,,,,1,2,3,1.0,3
201200061135,0012-02-21 11:30:00,12,2,21,11,30,971,20,"00, FELIX EDINVAL",,,Plein jour,En agglomération,Hors intersection,Normale,Sans collision,,,,,,,,,,,1,2,1,1.0,7
201200061136,0012-02-22 11:40:00,12,2,22,11,40,971,13,"RD 119, GENERAL DE GAULL",,,Plein jour,En agglomération,Autre intersection,Normale,Deux véhicules - côté,,,,,,,,,,,1,2,9,1.0,3
201200061137,0012-02-23 14:45:00,12,2,23,14,45,971,1,"RD129, DUGAZON",,,Plein jour,Hors agglomération,Hors intersection,Normale,Deux véhicules - arrière,,,,,,,,,,,1,1,1,1.0,2
201200061138,0012-02-23 12:15:00,12,2,23,12,15,971,13,"RN4, RN4 - SECTION RIVIE",,,Plein jour,En agglomération,Hors intersection,Normale,Deux véhicules - côté,,,,,,,,,,,1,2,1,1.0,3
201200061139,0012-02-17 11:30:00,12,2,17,11,30,971,1,"00, BAIMBRIDGE",,,Plein jour,Hors agglomération,Intersection en T,Normale,Sans collision,,,,,,,,,,,1,1,3,1.0,7
201200061140,0012-02-26 14:20:00,12,2,26,14,20,971,1,"00, CARAQUE",,,Plein jour,En agglomération,Intersection en T,Normale,Deux véhicules - frontale,,,,,,,,,,,1,2,3,1.0,1
201200061141,0012-03-02 21:00:00,12,3,2,21,0,971,13,"RN4, RN4 - SECTION RIVIE",,,Nuit avec éclairage allumé,En agglomération,Hors intersection,Normale,Trois véhicules et plus - collisions multiples,,,,,,,,,,,5,2,1,1.0,5
201200061142,0012-03-10 22:12:00,12,3,10,22,12,971,13,"68, SECTION MARE-GAILLAR",,,Nuit avec éclairage non allumé,En agglomération,Hors intersection,Normale,Sans collision,,,,,,,,,,,4,2,1,1.0,7
201200061143,0012-03-20 06:40:00,12,3,20,6,40,971,1,"00, LE RAIZET(SECTEUR)",,,Plein jour,En agglomération,Intersection en X,Normale,Sans collision,,,,,,,,,,,1,2,2,1.0,7
201200061144,0012-03-17 16:00:00,12,3,17,16,0,971,13,"606, SECTION BELLEVUE",,,Plein jour,Hors agglomération,Hors intersection,Normale,Sans collision,,,,,,,,,,,1,1,1,1.0,7
201200061145,0012-03-18 19:50:00,12,3,18,19,50,971,1,"00, CHAUVEL",,,Nuit avec éclairage allumé,Hors agglomération,Hors intersection,Normale,Sans collision,,,,,,,,,,,5,1,1,1.0,7
201200061146,0012-03-24 15:00:00,12,3,24,15,0,971,1,"00, LE RAIZET(SECTEUR)",,,Plein jour,En agglomération,Place,Normale,Sans collision,,,,,,,,,,,1,2,7,1.0,7
201200061147,0012-03-25 20:00:00,12,3,25,20,0,971,1,"00, BEAUSOLEIL",,,Nuit sans éclairage public,Hors agglomération,Hors intersection,Normale,Trois véhicules et plus - collisions multiples,,,,,,,,,,,3,1,1,1.0,5
201200061148,0012-03-06 11:55:00,12,3,6,11,55,971,1,"00, BEAUSOLEIL",,,Plein jour,En agglomération,Hors intersection,Normale,Sans collision,,,,,,,,,,,1,2,1,1.0,7
201200061149,0012-03-26 14:20:00,12,3,26,14,20,971,1,"00, MORNE LACROSSE",,,Plein jour,En agglomération,Hors intersection,Normale,Sans collision,,,,,,,,,,,1,2,1,1.0,7
201200061150,0012-03-28 20:00:00,12,3,28,20,0,971,20,"00, VATABLE",,,Nuit avec éclairage allumé,En agglomération,Intersection en T,Normale,Deux véhicules - côté,,,,,,,,,,,5,2,3,1.0,3
201200061151,0012-04-04 23:34:00,12,4,4,23,34,971,13,"RN4, Morne Salines",,,Nuit sans éclairage public,Hors agglomération,Hors intersection,Normale,Deux véhicules - frontale,,,,,,,,,,,3,1,1,1.0,1
201200061152,0012-04-05 21:27:00,12,4,5,21,27,971,13,"RN4, RN4 - SECTION RIVIE",,,Nuit avec éclairage allumé,Hors agglomération,Hors intersection,Normale,Deux véhicules - côté,,,,,,,,,,,5,1,1,1.0,3
201200061153,0012-04-05 20:40:00,12,4,5,20,40,971,13,"RD104, SECTEUR GRAND BOI",,,Nuit avec éclairage allumé,Hors agglomération,Hors intersection,Normale,Sans collision,,,,,,,,,,,5,1,1,1.0,7
201200061154,0012-04-03 19:00:00,12,4,3,19,0,971,1,"RN5, RN05",,,Nuit avec éclairage allumé,En agglomération,Autre intersection,Normale,Deux véhicules - côté,,,,,,,,,,,5,2,9,1.0,3
201200061155,0012-04-10 14:25:00,12,4,10,14,25,971,1,"00, RESIDENCE MARIE-GALA",,,Plein jour,En agglomération,Intersection en X,Normale,Deux véhicules - côté,,,,,,,,,,,1,2,2,1.0,3
201200061156,0012-03-27 15:19:00,12,3,27,15,19,971,20,"00, FREBAULT",,,Plein jour,En agglomération,Hors intersection,Normale,Sans collision,,,,,,,,,,,1,2,1,1.0,7
201200061157,0012-04-15 22:34:00,12,4,15,22,34,971,20,"00, ACHILLE RENE BOISNEU",,,Nuit avec éclairage allumé,En agglomération,Intersection en T,Pluie légère,Deux véhicules - côté,,,,,,,,,,,5,2,3,2.0,3
201200061158,0012-01-16 18:05:00,12,1,16,18,5,971,1,"00, CARAQUE",,,Crépuscule ou aube,Hors agglomération,Hors intersection,Normale,Sans collision,,,,,,,,,,,2,1,1,1.0,7
201200061159,0012-04-21 22:20:00,12,4,21,22,20,971,1,"RN5, PERRIN",,,Nuit sans éclairage public,Hors agglomération,Hors intersection,Pluie forte,Deux véhicules - frontale,,,,,,,,,,,3,1,1,3.0,1
201200061160,0012-04-25 17:45:00,12,4,25,17,45,971,20,"RD 103, CHANZY (BOULEVAR",,,Plein jour,En agglomération,Hors intersection,Normale,Autre collision,,,,,,,,,,,1,2,1,1.0,6
201200061161,0012-04-25 18:00:00,12,4,25,18,0,971,20,"RD 103, CHANZY (BOULEVAR",,,Plein jour,En agglomération,Hors intersection,Normale,Autre collision,,,,,,,,,,,1,2,1,1.0,6
201200061162,0012-04-20 03:49:00,12,4,20,3,49,971,1,"RN5, MORNE VERGAIN",,,Nuit avec éclairage allumé,En agglomération,Hors intersection,Pluie légère,Deux véhicules - arrière,,,,,,,,,,,5,2,1,2.0,2
201200061163,0012-04-26 09:00:00,12,4,26,9,0,971,1,"RD129, DUGAZON DE BOURGO",,,Plein jour,Hors agglomération,Hors intersection,Normale,Deux véhicules - côté,,,,,,,,,,,1,1,1,1.0,3
201200061164,0012-04-29 04:03:00,12,4,29,4,3,971,13,"RN4, RN4 - SECTION RIVIE",,,Nuit avec éclairage allumé,Hors agglomération,Hors intersection,Pluie légère,Deux véhicules - arrière,,,,,,,,,,,5,1,1,2.0,2
201200061165,0012-05-03 16:15:00,12,5,3,16,15,971,13,"RN 4, SECTION MARE-GAILL",,,Plein jour,En agglomération,Hors intersection,Normale,Sans collision,,,,,,,,,,,1,2,1,1.0,7
201200061166,0012-05-01 22:45:00,12,5,1,22,45,971,1,"RD 129, PETIT PEROU",,,Nuit sans éclairage public,Hors agglomération,Hors intersection,Pluie légère,Sans collision,,,,,,,,,,,3,1,1,2.0,7
201200061167,0012-05-02 21:09:00,12,5,2,21,9,971,1,"RD 126, QUATRE CHEMINS",,,Nuit avec éclairage allumé,En agglomération,Hors intersection,Normale,Deux véhicules - côté,,,,,,,,,,,5,2,1,1.0,3
201200061168,0012-04-27 14:55:00,12,4,27,14,55,971,1,"00, PERRIN",,,Plein jour,Hors agglomération,Hors intersection,Pluie légère,Deux véhicules - côté,,,,,,,,,,,1,1,1,2.0,3
201200061169,0012-05-10 11:25:00,12,5,10,11,25,971,1,"RD 126, POINTE D'OR",,,Plein jour,En agglomération,Hors intersection,Pluie légère,Deux véhicules - côté,,,,,,,,,,,1,2,1,2.0,3
201200061170,0012-05-12 22:00:00,12,5,12,22,0,971,13,"RN4, Morne Salines",,,Nuit avec éclairage allumé,En agglomération,Hors intersection,Normale,Sans collision,,,,,,,,,,,5,2,1,1.0,7
201200061171,0012-05-14 13:30:00,12,5,14,13,30,971,1,"RD 126, QUATRE CHEMINS",,,Plein jour,En agglomération,Hors intersection,Normale,Deux véhicules - arrière,,,,,,,,,,,1,2,1,1.0,2
201200061172,0012-04-20 23:05:00,12,4,20,23,5,971,1,"RN 5, RN05",,,Nuit sans éclairage public,Hors agglomération,Hors intersection,Normale,Deux véhicules - arrière,,,,,,,,,,,3,1,1,1.0,2
201200061173,0012-05-18 01:20:00,12,5,18,1,20,971,1,"RD 103, BESSON",,,Nuit avec éclairage non allumé,Hors agglomération,Hors intersection,Pluie légère,Autre collision,,,,,,,,,,,4,1,1,2.0,6
201200061174,0012-05-20 22:50:00,12,5,20,22,50,971,13,"00, SECTION LEROUX",,,Nuit avec éclairage allumé,Hors agglomération,Hors intersection,Normale,Sans collision,,,,,,,,,,,5,1,1,1.0,7
201200061175,0012-05-26 00:15:00,12,5,26,0,15,971,1,"RD 129, BOULEVARD DES HE",,,Nuit avec éclairage allumé,En agglomération,Hors intersection,Normale,Autre collision,,,,,,,,,,,5,2,1,1.0,6
201200061176,0012-05-27 05:50:00,12,5,27,5,50,971,1,"RN5, VIEUX BOURG",,,Plein jour,En agglomération,Hors intersection,Normale,Deux véhicules - côté,,,,,,,,,,,1,2,1,1.0,3
201200061177,0012-05-28 12:50:00,12,5,28,12,50,971,1,"00, ROUTE DE BOULIQUI",,,Plein jour,Hors agglomération,Hors intersection,Normale,Sans collision,,,,,,,,,,,1,1,1,1.0,7
201200061178,0012-05-30 05:45:00,12,5,30,5,45,971,1,"RD 102, ROUTE DE BOISVIN",,,Crépuscule ou aube,Hors agglomération,Hors intersection,Normale,Autre collision,,,,,,,,,,,2,1,1,1.0,6
201200061179,0012-05-20 00:53:00,12,5,20,0,53,971,1,"RD 103, CHAUVEL",,,Nuit avec éclairage allumé,En agglomération,Hors intersection,Normale,Deux véhicules - côté,,,,,,,,,,,5,2,1,1.0,3
201200061180,0012-05-31 21:10:00,12,5,31,21,10,971,13,"RN 4, SECTEUR DAMPIERRE",,,Nuit avec éclairage allumé,Hors agglomération,Hors intersection,Normale,Deux véhicules - frontale,,,,,,,,,,,5,1,1,1.0,1
201200061181,0012-06-03 03:00:00,12,6,3,3,0,971,20,"RN1, Secteur Pont de la",,,Nuit avec éclairage allumé,Hors agglomération,Hors intersection,Normale,Sans collision,,,,,,,,,,,5,1,1,1.0,7
201200061182,0012-06-02 23:25:00,12,6,2,23,25,971,13,"RN4, Morne Salines",,,Nuit sans éclairage public,En agglomération,Hors intersection,Normale,Trois véhicules et plus - collisions multiples,,,,,,,,,,,3,2,1,1.0,5
201200061183,0012-06-04 07:20:00,12,6,4,7,20,971,20,"00, ALEXANDRE ISAAC",,,Plein jour,En agglomération,Intersection en X,Normale,Deux véhicules - côté,,,,,,,,,,,1,2,2,1.0,3
201200061184,0012-06-05 09:10:00,12,6,5,9,10,971,13,"00, MONTAUBAN (SECTEUR)",,,Plein jour,En agglomération,Hors intersection,Normale,Deux véhicules - arrière,,,,,,,,,,,1,2,1,1.0,2
201200061185,0012-05-04 16:20:00,12,5,4,16,20,971,13,"00, Section Port Blanc",,,Plein jour,Hors agglomération,Hors intersection,Pluie légère,Deux véhicules - côté,,,,,,,,,,,1,1,1,2.0,3
201200061186,0012-06-09 05:27:00,12,6,9,5,27,971,1,"RD 103, CENTRE HOSPITALI",,,Plein jour,En agglomération,Autre intersection,Normale,Deux véhicules - côté,,,,,,,,,,,1,2,9,1.0,3
201200061187,0012-06-10 14:25:00,12,6,10,14,25,971,13,"RN4, RN4 - SECTION RIVIE",,,Plein jour,Hors agglomération,Hors intersection,Normale,Deux véhicules - côté,,,,,,,,,,,1,1,1,1.0,3
201200061188,0012-05-22 18:30:00,12,5,22,18,30,971,13,"RN4, RN4 - SECTION RIVIE",,,Plein jour,En agglomération,Hors intersection,Normale,Deux véhicules - côté,,,,,,,,,,,1,2,1,1.0,3
201200061189,0012-06-20 15:45:00,12,6,20,15,45,971,13,"00, SECTION LABROUSSE",,,Plein jour,En agglomération,Hors intersection,Normale,Deux véhicules - frontale,,,,,,,,,,,1,2,1,1.0,1
201200061190,0012-06-23 13:00:00,12,6,23,13,0,971,20,"00, CARENAGE",,,Plein jour,En agglomération,Hors intersection,Normale,Sans collision,,,,,,,,,,,1,2,1,1.0,7
201200061191,0012-06-23 19:00:00,12,6,23,19,0,971,1,"RD 101, CHAZEAU",,,Nuit sans éclairage public,Hors agglomération,Hors intersection,Normale,Deux véhicules - frontale,,,,,,,,,,,3,1,1,1.0,1
201200061192,0012-06-29 17:15:00,12,6,29,17,15,971,1,"RD 103, COCOYER",,,Plein jour,Hors agglomération,Intersection en Y,Normale,Deux véhicules - côté,,,,,,,,,,,1,1,4,1.0,3
201200061193,0012-07-01 07:00:00,12,7,1,7,0,971,1,"RN 11, RN11",,,Plein jour,Hors agglomération,Hors intersection,Normale,Deux véhicules - arrière,,,,,,,,,,,1,1,1,1.0,2
201200061194,0012-07-01 07:50:00,12,7,1,7,50,971,13,"1879, RN4 - SECTION RIVI",,,Plein jour,Hors agglomération,Hors intersection,Normale,Deux véhicules - arrière,,,,,,,,,,,1,1,1,1.0,2
201200061195,0012-05-27 00:24:00,12,5,27,0,24,971,13,"00, SECTION LABROUSSE",,,Nuit sans éclairage public,Hors agglomération,Hors intersection,Normale,Autre collision,,,,,,,,,,,3,1,1,1.0,6
201200061196,0012-07-04 14:10:00,12,7,4,14,10,971,13,"00, SECTION LABROUSSE",,,Plein jour,Hors agglomération,Hors intersection,Normale,Deux véhicules - côté,,,,,,,,,,,1,1,1,1.0,3
201200061197,0012-06-27 23:37:00,12,6,27,23,37,971,1,"RD 125, PAPYRUS",,,Nuit avec éclairage allumé,En agglomération,Intersection en X,Normale,Deux véhicules - côté,,,,,,,,,,,5,2,2,1.0,3
201200061198,0012-07-11 17:45:00,12,7,11,17,45,971,1,"RD 103, COCOYER",,,Plein jour,Hors agglomération,Intersection en T,Normale,Deux véhicules - côté,,,,,,,,,,,1,1,3,1.0,3
201200061199,0012-07-16 07:40:00,12,7,16,7,40,971,13,"RN 4, SECTION MATHURIN",,,Plein jour,Hors agglomération,Hors intersection,Normale,Deux véhicules - côté,,,,,,,,,,,1,1,1,1.0,3
201200061200,0012-07-16 18:20:00,12,7,16,18,20,971,13,"12, RN4 - SECTION RIVIER",,,Plein jour,En agglomération,Hors intersection,Normale,Deux véhicules - frontale,,,,,,,,,,,1,2,1,1.0,1
201200061201,0012-07-26 22:15:00,12,7,26,22,15,971,20,"RD 125, FAIDHERBE (BOULE",,,Nuit avec éclairage allumé,En agglomération,Intersection en T,Normale,Deux véhicules - côté,,,,,,,,,,,5,2,3,1.0,3
201200061202,0012-07-24 11:20:00,12,7,24,11,20,971,1,"RD 125, AUTO GUADELOUPE",,,Plein jour,En agglomération,Hors intersection,Normale,Autre collision,,,,,,,,,,,1,2,1,1.0,6
201200061203,0012-07-29 16:30:00,12,7,29,16,30,971,13,"RN4, RN4 - SECTION RIVIE",,,Plein jour,Hors agglomération,Hors intersection,Normale,Deux véhicules - frontale,,,,,,,,,,,1,1,1,1.0,1
201200061204,0012-07-27 20:51:00,12,7,27,20,51,971,1,"RN 1, RN1 ROCADE DE CHAU",,,Crépuscule ou aube,Hors agglomération,Hors intersection,Normale,Trois véhicules et plus - collisions multiples,,,,,,,,,,,2,1,1,1.0,5
201200061205,0012-08-01 22:05:00,12,8,1,22,5,971,1,"RD 103, CHAUVEL",,,Nuit avec éclairage allumé,En agglomération,Hors intersection,Normale,Deux véhicules - côté,,,,,,,,,,,5,2,1,1.0,3
201200061206,0012-06-19 17:54:00,12,6,19,17,54,971,13,"RN 4, SECTION MARE-GAILL",,,Crépuscule ou aube,En agglomération,Intersection en T,Normale,Deux véhicules - côté,,,,,,,,,,,2,2,3,1.0,3