accident_id,datetime,annee,mois,jour,heure,minute,departement,commune_insee,adresse,latitude,longitude,luminosite,agglomeration,intersection,meteo,collision,nb_vehicules,nb_usagers,nb_indemnes,nb_tues,nb_blesses_hosp,nb_blesses_legers,age_cond_1,age_cond_2,veh_type_cond_1,veh_type_cond_2,lum_code,agg_code,int_code,atm_code,col_code
201200061335,0012-06-01 07:15:00,12,6,1,7,15,972,9,"RD 59, VICTOR LAMON (AVE",,,Plein jour,En agglomération,Hors intersection,Normale,Deux véhicules - frontale,,,,,,,,,,,1,2,1,1.0,1
201200061336,0012-06-03 06:00:00,12,6,3,6,0,972,9,"A1, AUTOROUTE (A1)",,,Plein jour,Hors agglomération,Hors intersection,Normale,Deux véhicules - arrière,,,,,,,,,,,1,1,1,1.0,2
201200061337,0012-06-06 22:25:00,12,6,6,22,25,972,9,"RN1, MAURICE BISHOP (AVE",,,Nuit avec éclairage allumé,En agglomération,Hors intersection,Normale,Autre collision,,,,,,,,,,,5,2,1,1.0,6
201200061338,0012-06-09 08:57:00,12,6,9,8,57,972,9,"A1, AUTOROUTE (A1)",,,Plein jour,Hors agglomération,Hors intersection,Normale,Autre collision,,,,,,,,,,,1,1,1,1.0,6
201200061339,0012-06-10 17:54:00,12,6,10,17,54,972,9,"RN3, BALATA (ROUTE DE)",,,Plein jour,Hors agglomération,Hors intersection,Normale,Autre collision,,,,,,,,,,,1,1,1,1.0,6
201200061340,0012-06-11 12:05:00,12,6,11,12,5,972,9,"RD 45, PROFESSEUR RAYMON",,,Plein jour,Hors agglomération,Hors intersection,Normale,Sans collision,,,,,,,,,,,1,1,1,1.0,7
201200061341,0012-06-16 10:00:00,12,6,16,10,0,972,9,"RN1, MAURICE BISHOP (AVE",,,Plein jour,En agglomération,Intersection en T,Normale,Deux véhicules - côté,,,,,,,,,,,1,2,3,1.0,3
201200061342,0012-06-16 07:40:00,12,6,16,7,40,972,9,"RD47, RAVINE VILAINE (CH",,,Plein jour,Hors agglomération,Hors intersection,Normale,Deux véhicules - côté,,,,,,,,,,,1,1,1,1.0,3
201200061343,0012-06-17 20:45:00,12,6,17,20,45,972,9,"RN 01, MAURICE BISHOP (A",,,Nuit avec éclairage allumé,En agglomération,Hors intersection,Normale,Autre collision,,,,,,,,,,,5,2,1,1.0,6
201200061344,0012-06-18 21:00:00,12,6,18,21,0,972,9,"RN1,MAURICE (AVE",,,Nuit avec éclairage allumé,En agglomération,Intersection en X,Normale,Deux véhicules - côté,,,,,,,,,,,5,2,2,1.0,3
201200061345,0012-07-01 01:31:00,12,7,1,1,31,972,9,"ROCADE, RD 41",,,Nuit avec éclairage allumé,En agglomération,Hors intersection,Temps couvert,Autre collision,,,,,,,,,,,5,2,1,8.0,6
201200061346,0012-07-05 10:40:00,12,7,5,10,40,972,9,"Comm, GODISSARD (BOULEVA",,,Plein jour,En agglomération,Hors intersection,Normale,Autre collision,,,,,,,,,,,1,2,1,1.0,6
201200061347,0012-07-08 09:18:00,12,7,8,9,18,972,9,"RN4, FOLIE (ROUTE DE LA)",,,Plein jour,En agglomération,Hors intersection,Normale,Autre collision,,,,,,,,,,,1,2,1,1.0,6
201200061348,0012-07-10 13:08:00,12,7,10,13,8,972,9,"Comm, ROUTOUTOU (RUE DU)",,,Plein jour,En agglomération,Hors intersection,Normale,Autre collision,,,,,,,,,,,1,2,1,1.0,6
201200061349,0012-07-10 17:30:00,12,7,10,17,30,972,9,"Rocade, RD 41",,,Plein jour,En agglomération,Hors intersection,Normale,Autre collision,,,,,,,,,,,1,2,1,1.0,6
201200061350,0012-07-13 18:40:00,12,7,13,18,40,972,9,"RN1, MAURICE BISHOP (AVE",,,Nuit avec éclairage allumé,En agglomération,Intersection en T,Normale,Deux véhicules - côté,,,,,,,,,,,5,2,3,1.0,3
201200061351,0012-07-14 19:50:00,12,7,14,19,50,972,9,"RN1, MAURICE BISHOP (AVE",,,Nuit avec éclairage allumé,En agglomération,Hors intersection,Normale,Deux véhicules - côté,,,,,,,,,,,5,2,1,1.0,3
201200061352,0012-07-15 13:40:00,12,7,15,13,40,972,9,"RD 13A, JAMBETTE (ROUTE",,,Plein jour,Hors agglomération,Hors intersection,Normale,Autre collision,,,,,,,,,,,1,1,1,1.0,6
201200061353,0012-07-27 10:40:00,12,7,27,10,40,972,9,"RD40, SOLEIL LEVANT (BOU",,,Plein jour,En agglomération,Hors intersection,Normale,Autre collision,,,,,,,,,,,1,2,1,1.0,6
201200061354,0012-07-30 16:55:00,12,7,30,16,55,972,9,"Comm, BATOUALA (RUE DU)",,,Plein jour,En agglomération,Hors intersection,Normale,Autre collision,,,,,,,,,,,1,2,1,1.0,6
201200061355,0012-08-01 19:20:00,12,8,1,19,20,972,9,"RD13,",,,Nuit avec éclairage allumé,En agglomération,Giratoire,Normale,Autre collision,,,,,,,,,,,5,2,6,1.0,6
201200061356,0012-08-06 10:00:00,12,8,6,10,0,972,9,"RD 42, CHEVALIER SAINTE-",,,Plein jour,En agglomération,Hors intersection,Normale,Autre collision,,,,,,,,,,,1,2,1,1.0,6
201200061357,0012-08-09 18:53:00,12,8,9,18,53,972,20,"RN3, BALATA (ROUTE DE)",,,Nuit sans éclairage public,Hors agglomération,Hors intersection,Normale,Autre collision,,,,,,,,,,,3,1,1,1.0,6
201200061358,0012-08-12 21:54:00,12,8,12,21,54,972,9,"RN1, MAURICE BISHOP (AVE",,,Nuit avec éclairage allumé,En agglomération,Hors intersection,Normale,Deux véhicules - côté,,,,,,,,,,,5,2,1,1.0,3
201200061359,0012-08-14 11:25:00,12,8,14,11,25,972,9,"RN1, MAURICE BISHOP (AVE",,,Plein jour,En agglomération,Hors intersection,Normale,Deux véhicules - côté,,,,,,,,,,,1,2,1,1.0,3
201200061360,0012-08-14 21:26:00,12,8,14,21,26,972,9,"RD 42, BOUILLE (RUE)",,,Nuit avec éclairage allumé,En agglomération,Hors intersection,Temps couvert,Deux véhicules - côté,,,,,,,,,,,5,2,1,8.0,3
201200061361,0012-08-16 09:50:00,12,8,16,9,50,972,9,"RD 41,",,,Plein jour,En agglomération,Hors intersection,Normale,Trois véhicules et plus - en chaîne,,,,,,,,,,,1,2,1,1.0,4
201200061362,0012-08-19 17:45:00,12,8,19,17,45,972,9,"RN4, REDOUTE l'Entraide",,,Crépuscule ou aube,En agglomération,Autre intersection,Normale,Deux véhicules - côté,,,,,,,,,,,2,2,9,1.0,3
201200061363,0012-08-20 17:40:00,12,8,20,17,40,972,9,"RD 13 A, JAMBETTE",,,Plein jour,Hors agglomération,Intersection en X,Normale,Deux véhicules - côté,,,,,,,,,,,1,1,2,1.0,3
201200061364,0012-08-25 22:20:00,12,8,25,22,20,972,9,"RD 13A, JAMBETTE",,,Nuit avec éclairage allumé,Hors agglomération,Hors intersection,Normale,Deux véhicules - frontale,,,,,,,,,,,5,1,1,1.0,1
201200061365,0012-08-26 02:10:00,12,8,26,2,10,972,9,"RN4, FOLIE (ROUTE DE LA)",,,Nuit avec éclairage allumé,En agglomération,Hors intersection,Normale,Sans collision,,,,,,,,,,,5,2,1,1.0,7
201200061366,0012-08-26 05:59:00,12,8,26,5,59,972,9,"RN1, MAURICE BISHOP",,,Crépuscule ou aube,En agglomération,Hors intersection,Normale,Sans collision,,,,,,,,,,,2,2,1,1.0,7
201200061367,0012-08-29 23:30:00,12,8,29,23,30,972,9,JULES MONNEROT,,,Nuit avec éclairage allumé,En agglomération,Hors intersection,Normale,Autre collision,,,,,,,,,,,5,2,1,1.0,6
201200061368,0012-08-31 11:25:00,12,8,31,11,25,972,9,"RD 47, RAVINE VILAINE",,,Plein jour,Hors agglomération,Giratoire,Normale,Deux véhicules - côté,,,,,,,,,,,1,1,6,1.0,3
201200061369,0012-09-03 11:55:00,12,9,3,11,55,972,9,"Comm, REPUBLIQUE (RUE DE",,,Plein jour,En agglomération,Hors intersection,Normale,Autre collision,,,,,,,,,,,1,2,1,1.0,6
201200061370,0012-09-03 18:00:00,12,9,3,18,0,972,9,"Comm, NELSON MANDELA (BO",,,Plein jour,En agglomération,Hors intersection,Normale,Autre collision,,,,,,,,,,,1,2,1,1.0,6
201200061371,0012-09-06 15:35:00,12,9,6,15,35,972,9,"RN04, REDOUTE (ROUTE DE",,,Plein jour,En agglomération,Hors intersection,Normale,Deux véhicules - côté,,,,,,,,,,,1,2,1,1.0,3
201200061372,0012-09-09 16:37:00,12,9,9,16,37,972,9,"RN1, AUTOROUTE (A1)",,,Plein jour,En agglomération,Hors intersection,Normale,Deux véhicules - arrière,,,,,,,,,,,1,2,1,1.0,2
201200061373,0012-09-11 17:05:00,12,9,11,17,5,972,9,"Comm, CENTRE (BOULEVARD",,,Plein jour,En agglomération,Hors intersection,Normale,Deux véhicules - frontale,,,,,,,,,,,1,2,1,1.0,1
201200061374,0012-09-16 02:45:00,12,9,16,2,45,972,9,"7RD 48, RELIGIEUSES",,,Nuit avec éclairage allumé,En agglomération,Intersection en X,Normale,Autre collision,,,,,,,,,,,5,2,2,1.0,6
201200061375,0012-09-16 17:45:00,12,9,16,17,45,972,9,"6RD 42, CHEVALIER SAINTE",,,Plein jour,En agglomération,Intersection en X,Normale,Autre collision,,,,,,,,,,,1,2,2,1.0,6
201200061376,0012-09-17 15:55:00,12,9,17,15,55,972,9,"3Comm, ANTOINE VITEZ (AV",,,Plein jour,En agglomération,Intersection en X,Pluie légère,Deux véhicules - frontale,,,,,,,,,,,1,2,2,2.0,1
201200061377,0012-09-22 19:45:00,12,9,22,19,45,972,9,"3RN4, REDOUTE",,,Nuit sans éclairage public,En agglomération,Hors intersection,Normale,Deux véhicules - frontale,,,,,,,,,,,3,2,1,1.0,1
201200061378,0012-09-28 04:50:00,12,9,28,4,50,972,9,"7Comm, ROUTE DU PORT",,,Nuit avec éclairage allumé,En agglomération,Intersection en X,Normale,Autre collision,,,,,,,,,,,5,2,2,1.0,6
201200061379,0012-10-01 17:14:00,12,10,1,17,14,972,9,"RD 41, Bretelle Sortie R",,,Plein jour,En agglomération,Hors intersection,Normale,Trois véhicules et plus - en chaîne,,,,,,,,,,,1,2,1,1.0,4
201200061380,0012-10-07 20:10:00,12,10,7,20,10,972,9,"RN4, REDOUTE (ROUTE DE L",,,Nuit avec éclairage allumé,En agglomération,Hors intersection,Normale,Deux véhicules - frontale,,,,,,,,,,,5,2,1,1.0,1
201200061381,0012-10-08 07:20:00,12,10,8,7,20,972,9,"RN1, MAURICE BISHOP (AVE",,,Plein jour,En agglomération,Hors intersection,Normale,Autre collision,,,,,,,,,,,1,2,1,1.0,6
201200061382,0012-10-09 19:00:00,12,10,9,19,0,972,9,"RN1, MAURICE BISHOP (AVE",,,Nuit avec éclairage allumé,En agglomération,Hors intersection,Normale,Deux véhicules - côté,,,,,,,,,,,5,2,1,1.0,3
201200061383,0012-10-13 13:25:00,12,10,13,13,25,972,9,"RN2, MARNE (BOULEVARD DE",,,Plein jour,En agglomération,Hors intersection,Temps couvert,Autre collision,,,,,,,,,,,1,2,1,8.0,6
201200061384,0012-10-15 16:50:00,12,10,15,16,50,972,9,"RN01, MAURICE BISHOP (AV",,,Plein jour,En agglomération,Hors intersection,Normale,Deux véhicules - arrière,,,,,,,,,,,1,2,1,1.0,2
201200061385,0012-10-17 22:05:00,12,10,17,22,5,972,9,"RD 49, ENTRAIDE (ROUTE D",,,Nuit avec éclairage allumé,En agglomération,Hors intersection,Normale,Deux véhicules - frontale,,,,,,,,,,,5,2,1,1.0,1
201200061386,0012-10-17 15:45:00,12,10,17,15,45,972,9,"Comm, LEOPOLD SEDAR SENG",,,Plein jour,En agglomération,Intersection en X,Normale,Deux véhicules - côté,,,,,,,,,,,1,2,2,1.0,3
201200061387,0012-10-19 09:30:00,12,10,19,9,30,972,9,"RD 41, RD 41",,,Plein jour,En agglomération,Hors intersection,Normale,Autre collision,,,,,,,,,,,1,2,1,1.0,6
201200061388,0012-10-26 18:36:00,12,10,26,18,36,972,9,"RD41, RD 41",,,Crépuscule ou aube,Hors agglomération,Hors intersection,Normale,Deux véhicules - côté,,,,,,,,,,,2,1,1,1.0,3
201200061389,0012-10-28 14:21:00,12,10,28,14,21,972,9,"RD 13, CHATEAUBOEUF (ROU",,,Plein jour,En agglomération,Hors intersection,Normale,Deux véhicules - arrière,,,,,,,,,,,1,2,1,1.0,2
201200061390,0012-10-31 20:34:00,12,10,31,20,34,972,9,"Comm, GOUVERNEUR PONTON",,,Nuit avec éclairage allumé,En agglomération,Intersection en X,Normale,Deux véhicules - côté,,,,,,,,,,,5,2,2,1.0,3
201200061391,0012-11-04 20:45:00,12,11,4,20,45,972,9,"Comm, ROUTOUTOU (RUE DU)",,,Nuit avec éclairage allumé,En agglomération,Hors intersection,Normale,Autre collision,,,,,,,,,,,5,2,1,1.0,6
201200061392,0012-11-08 19:40:00,12,11,8,19,40,972,9,"RN1, MAURICE BISHOP (AVE",,,Nuit avec éclairage allumé,En agglomération,Intersection en T,Normale,Deux véhicules - côté,,,,,,,,,,,5,2,3,1.0,3
201200061393,0012-11-10 06:00:00,12,11,10,6,0,972,9,"Comm, ALFASSA (BOULEVARD",,,Plein jour,En agglomération,Hors intersection,Pluie légère,Sans collision,,,,,,,,,,,1,2,1,2.0,7
201200061394,0012-11-10 00:27:00,12,11,10,0,27,972,9,"RD 41, RD 41",,,Nuit avec éclairage allumé,En agglomération,Hors intersection,Temps couvert,Sans collision,,,,,,,,,,,5,2,1,8.0,7
201200061395,0012-11-15 16:30:00,12,11,15,16,30,972,9,"RN1, MAURICE BISHOP (AVE",,,Plein jour,En agglomération,Hors intersection,Normale,Deux véhicules - côté,,,,,,,,,,,1,2,1,1.0,3
201200061396,0012-11-16 09:20:00,12,11,16,9,20,972,9,"Comm, HUBERT RENE GAMESS",,,Plein jour,En agglomération,Hors intersection,Normale,Autre collision,,,,,,,,,,,1,2,1,1.0,6
201200061397,0012-11-16 13:30:00,12,11,16,13,30,972,9,"RN 03, REDOUTE (ROUTE DE",,,Plein jour,En agglomération,Hors intersection,Normale,Deux véhicules - côté,,,,,,,,,,,1,2,1,1.0,3
201200061398,0012-11-16 22:10:00,12,11,16,22,10,972,9,"RD 13, CHATEAUBOEUF (ROU",,,Nuit avec éclairage allumé,En agglomération,Hors intersection,Normale,Deux véhicules - côté,,,,,,,,,,,5,2,1,1.0,3
201200061399,0012-11-22 07:00:00,12,11,22,7,0,972,9,"Comm, MARIE-THERESE GERT",,,Plein jour,En agglomération,Hors intersection,Normale,Autre collision,,,,,,,,,,,1,2,1,1.0,6
201200061400,0012-11-26 18:28:00,12,11,26,18,28,972,9,"Comm, PATRICE LUMUMBA (R",,,Nuit avec éclairage allumé,En agglomération,Hors intersection,Normale,Autre collision,,,,,,,,,,,5,2,1,1.0,6
201200061401,0012-11-27 16:50:00,12,11,27,16,50,972,9,"RD 43, CONDORCET (AVENUE",,,Plein jour,En agglomération,Hors intersection,Normale,Autre collision,,,,,,,,,,,1,2,1,1.0,6
201200061402,0012-11-29 15:15:00,12,11,29,15,15,972,9,"RN1, MAURICE BISHOP (AVE",,,Plein jour,En agglomération,Hors intersection,Normale,Autre collision,,,,,,,,,,,1,2,1,1.0,6
201200061403,0012-12-03 09:10:00,12,12,3,9,10,972,9,"RN 1, GENERAL DE GAULLE",,,Plein jour,En agglomération,Hors intersection,Normale,Autre collision,,,,,,,,,,,1,2,1,1.0,6
201200061404,0012-12-05 18:20:00,12,12,5,18,20,972,9,"RD 41, RD 41",,,Nuit avec éclairage allumé,Hors agglomération,Hors intersection,Normale,Deux véhicules - arrière,,,,,,,,,,,5,1,1,1.0,2
201200061405,0012-12-07 16:45:00,12,12,7,16,45,972,9,"Comm, COMMERCE (RUE DU)",,,Plein jour,En agglomération,Hors intersection,Normale,Autre collision,,,,,,,,,,,1,2,1,1.0,6
201200061406,0012-12-11 14:24:00,12,12,11,14,24,972,9,"RD 41, RD 41",,,Plein jour,En agglomération,Hors intersection,Normale,Trois véhicules et plus - collisions multiples,,,,,,,,,,,1,2,1,1.0,5
201200061407,0012-12-15 00:58:00,12,12,15,0,58,972,9,"RN1, GENERAL DE GAULLE (",,,Nuit avec éclairage allumé,En agglomération,Intersection en X,Normale,Deux véhicules - côté,,,,,,,,,,,5,2,2,1.0,3
201200061408,0012-12-20 10:20:00,12,12,20,10,20,972,9,"Comm, ALLEGRE (BOULEVARD",,,Plein jour,En agglomération,Hors intersection,Normale,Autre collision,,,,,,,,,,,1,2,1,1.0,6
201200061409,0012-12-21 17:33:00,12,12,21,17,33,972,9,"RN 04, FOLIE (ROUTE DE L",,,Plein jour,En agglomération,Hors intersection,Normale,Sans collision,,,,,,,,,,,1,2,1,1.0,7
201200061410,0012-12-24 16:31:00,12,12,24,16,31,972,9,"RN1, AUTOROUTE (A1)",,,Plein jour,Hors agglomération,Hors intersection,Normale,Deux véhicules - arrière,,,,,,,,,,,1,1,1,1.0,2
201200061411,0012-12-25 13:26:00,12,12,25,13,26,972,9,"RN1, AUTOROUTE (A1)",,,Plein jour,Hors agglomération,Hors intersection,Normale,Sans collision,,,,,,,,,,,1,1,1,1.0,7
201200061412,0012-12-25 19:08:00,12,12,25,19,8,972,9,"Comm, MARAT (RUE)",,,Nuit avec éclairage allumé,En agglomération,Hors intersection,Normale,Deux véhicules - côté,,,,,,,,,,,5,2,1,1.0,3
201200061413,0012-12-31 09:30:00,12,12,31,9,30,972,9,"Comm, REPUBLIQUE (RUE DE",,,Nuit avec éclairage allumé,En agglomération,Hors intersection,Normale,Sans collision,,,,,,,,,,,5,2,1,1.0,7
201200061414,0012-01-09 15:39:00,12,1,9,15,39,972,13,ROUTE DEPARTEMENTALE 15,,,Plein jour,Hors agglomération,Hors intersection,Normale,Sans collision,,,,,,,,,,,1,1,1,1.0,7
201200061415,0012-01-18 23:50:00,12,1,18,23,50,972,13,AUTOROUTE A1,,,Nuit avec éclairage allumé,Hors agglomération,Hors intersection,Normale,Deux véhicules - arrière,,,,,,,,,,,5,1,1,1.0,2
201200061416,0012-01-19 16:30:00,12,1,19,16,30,972,13,ROUTE NATIONALE 1,,,Plein jour,Hors agglomération,Hors intersection,Normale,Deux véhicules - frontale,,,,,,,,,,,1,1,1,1.0,1
201200061417,0012-01-20 14:30:00,12,1,20,14,30,972,13,AUTOROUTE A1,,,Plein jour,Hors agglomération,Hors intersection,Normale,Deux véhicules - côté,,,,,,,,,,,1,1,1,1.0,3
201200061418,0012-01-25 06:26:00,12,1,25,6,26,972,13,PETIT MANOIR,,,Plein jour,En agglomération,Hors intersection,Normale,Autre collision,,,,,,,,,,,1,2,1,1.0,6
201200061419,0012-01-27 16:40:00,12,1,27,16,40,972,13,MORNE PITAULT (ROUTE DE),,,Plein jour,Hors agglomération,Hors intersection,Normale,Deux véhicules - côté,,,,,,,,,,,1,1,1,1.0,3
201200061420,0012-01-28 13:10:00,12,1,28,13,10,972,13,BASSE GONDEAU (CHEMIN RU,,,Plein jour,Hors agglomération,Hors intersection,Normale,Autre collision,,,,,,,,,,,1,1,1,1.0,6
201200061421,0012-02-09 17:45:00,12,2,9,17,45,972,13,ROUTE DEPARTEMENTALE 3 B,,,Plein jour,En agglomération,Hors intersection,Normale,Autre collision,,,,,,,,,,,1,2,1,1.0,6
201200061422,0012-02-13 05:15:00,12,2,13,5,15,972,13,ROUTE DEPARTEMENTALE 15,,,Crépuscule ou aube,Hors agglomération,Hors intersection,Normale,Deux véhicules - frontale,,,,,,,,,,,2,1,1,1.0,1
201200061423,0012-02-17 19:19:00,12,2,17,19,19,972,13,"8, ROUTE DEPARTEMENTALE",,,Crépuscule ou aube,Hors agglomération,Hors intersection,Normale,Autre collision,,,,,,,,,,,2,1,1,1.0,6
201200061424,0012-02-17 19:49:00,12,2,17,19,49,972,13,AUTOROUTE A1,,,Nuit avec éclairage allumé,Hors agglomération,Hors intersection,Normale,Deux véhicules - arrière,,,,,,,,,,,5,1,1,1.0,2
201200061425,0012-02-20 20:00:00,12,2,20,20,0,972,13,ROUTE DEPARTEMENTALE 15,,,Nuit avec éclairage allumé,Hors agglomération,Hors intersection,Normale,Trois véhicules et plus - collisions multiples,,,,,,,,,,,5,1,1,1.0,5
201200061426,0012-02-23 17:00:00,12,2,23,17,0,972,13,ROUTE DEPARTEMENTALE 3,,,Plein jour,Hors agglomération,Hors intersection,Normale,Autre collision,,,,,,,,,,,1,1,1,1.0,6
201200061427,0012-02-23 22:35:00,12,2,23,22,35,972,13,AUTOROUTE A1,,,Nuit avec éclairage non allumé,Hors agglomération,Hors intersection,Normale,Deux véhicules - côté,,,,,,,,,,,4,1,1,1.0,3
201200061428,0012-03-05 19:20:00,12,3,5,19,20,972,13,GEORGES GRATIANT,,,Nuit avec éclairage allumé,Hors agglomération,Autre intersection,Normale,Deux véhicules - arrière,,,,,,,,,,,5,1,9,1.0,2
201200061429,0012-03-09 10:45:00,12,3,9,10,45,972,13,ZONE DE FRET,,,Plein jour,Hors agglomération,Hors intersection,Normale,Deux véhicules - arrière,,,,,,,,,,,1,1,1,1.0,2
201200061430,0012-03-13 13:30:00,12,3,13,13,30,972,13,PLACE D'ARMES,,,Plein jour,Hors agglomération,Hors intersection,Normale,Autre collision,,,,,,,,,,,1,1,1,1.0,6
201200061431,0012-04-04 13:15:00,12,4,4,13,15,972,13,ROUTE DEPARTEMENTALE 3,,,Plein jour,Hors agglomération,Hors intersection,Normale,Autre collision,,,,,,,,,,,1,1,1,1.0,6
201200061432,0012-04-08 14:45:00,12,4,8,14,45,972,13,AUTOROUTE A1,,,Plein jour,Hors agglomération,Hors intersection,Normale,Sans collision,,,,,,,,,,,1,1,1,1.0,7
201200061433,0012-04-13 12:15:00,12,4,13,12,15,972,13,FOUR A CHAUX (CHEMIN DU),,,Plein jour,En agglomération,Hors intersection,Normale,Autre collision,,,,,,,,,,,1,2,1,1.0,6
201200061434,0012-04-15 23:20:00,12,4,15,23,20,972,13,ERNEST ANDRE (RUE),,,Nuit avec éclairage allumé,En agglomération,Hors intersection,Normale,Deux véhicules - frontale,,,,,,,,,,,5,2,1,1.0,1
201200061435,0012-04-17 14:45:00,12,4,17,14,45,972,13,ROUTE NATIONALE 1,,,Plein jour,Hors agglomération,Hors intersection,Normale,Deux véhicules - côté,,,,,,,,,,,1,1,1,1.0,3
201200061436,0012-04-20 07:20:00,12,4,20,7,20,972,13,ROUTE NATIONALE 5,,,Plein jour,Hors agglomération,Hors intersection,Pluie forte,Trois véhicules et plus - en chaîne,,,,,,,,,,,1,1,1,3.0,4
201200061437,0012-04-22 22:04:00,12,4,22,22,4,972,13,AUTOROUTE A1,,,Nuit avec éclairage allumé,Hors agglomération,Hors intersection,Normale,Deux véhicules - arrière,,,,,,,,,,,5,1,1,1.0,2
201200061438,0012-05-01 20:15:00,12,5,1,20,15,972,7,,,,Nuit sans éclairage public,Hors agglomération,Hors intersection,Normale,Trois véhicules et plus - collisions multiples,,,,,,,,,,,3,1,1,1.0,5
201200061439,0012-05-04 21:15:00,12,5,4,21,15,972,13,AUTOROUTE A1,,,Nuit sans éclairage public,Hors agglomération,Hors intersection,Normale,Autre collision,,,,,,,,,,,3,1,1,1.0,6
201200061440,0012-05-12 10:40:00,12,5,12,10,40,972,13,ROUTE DEPARTEMENTALE 3,,,Plein jour,Hors agglomération,Hors intersection,Normale,Autre collision,,,,,,,,,,,1,1,1,1.0,6
201200061441,0012-05-15 16:20:00,12,5,15,16,20,972,13,ROUTE DEPARTEMENTALE 3,,,Plein jour,Hors agglomération,Hors intersection,Normale,Deux véhicules - frontale,,,,,,,,,,,1,1,1,1.0,1
201200061442,0012-05-18 16:55:00,12,5,18,16,55,972,13,"5, RUE DU 24 MARS 1961",,,Plein jour,En agglomération,Hors intersection,Normale,Autre collision,,,,,,,,,,,1,2,1,1.0,6
201200061443,0012-05-27 14:50:00,12,5,27,14,50,972,13,"1244, MORNE PITAULT (ROU",,,Plein jour,Hors agglomération,Hors intersection,Normale,Deux véhicules - frontale,,,,,,,,,,,1,1,1,1.0,1
201200061444,0012-05-27 21:15:00,12,5,27,21,15,972,13,MAHAULT,,,Nuit avec éclairage non allumé,Hors agglomération,Hors intersection,Normale,Deux véhicules - arrière,,,,,,,,,,,4,1,1,1.0,2
201200061445,0012-06-03 14:30:00,12,6,3,14,30,972,13,AUTOROUTE A1,,,Plein jour,Hors agglomération,Hors intersection,Normale,Sans collision,,,,,,,,,,,1,1,1,1.0,7
201200061446,0012-06-08 19:20:00,12,6,8,19,20,972,13,AUTOROUTE A1,,,Nuit avec éclairage non allumé,Hors agglomération,Hors intersection,Normale,Trois véhicules et plus - en chaîne,,,,,,,,,,,4,1,1,1.0,4
201200061447,0012-06-10 10:00:00,12,6,10,10,0,972,13,ROUTE DEPARTEMENTALE 14,,,Plein jour,Hors agglomération,Hors intersection,Normale,Autre collision,,,,,,,,,,,1,1,1,1.0,6
201200061448,0012-06-16 22:35:00,12,6,16,22,35,972,13,ROUTE NATIONALE 5,,,Nuit sans éclairage public,Hors agglomération,Hors intersection,Normale,Autre collision,,,,,,,,,,,3,1,1,1.0,6
201200061449,0012-06-23 22:49:00,12,6,23,22,49,972,13,ROUTE DEPARTEMENTALE 14,,,Nuit sans éclairage public,Hors agglomération,Hors intersection,Normale,Deux véhicules - frontale,,,,,,,,,,,3,1,1,1.0,1
201200061450,0012-07-03 17:25:00,12,7,3,17,25,972,13,AUTOROUTE A1,,,Plein jour,Hors agglomération,Hors intersection,Normale,Autre collision,,,,,,,,,,,1,1,1,1.0,6
201200061451,0012-07-12 22:30:00,12,7,12,22,30,972,13,AUTOROUTE A1,,,Nuit sans éclairage public,Hors agglomération,Hors intersection,Normale,Deux véhicules - arrière,,,,,,,,,,,3,1,1,1.0,2
201200061452,0012-07-20 20:15:00,12,7,20,20,15,972,13,ROUTE DEPARTEMENTALE 3 B,,,Nuit avec éclairage allumé,Hors agglomération,Hors intersection,Normale,Deux véhicules - frontale,,,,,,,,,,,5,1,1,1.0,1
201200061453,0012-07-28 09:20:00,12,7,28,9,20,972,13,BASSE GONDEAU (CHEMIN RU,,,Plein jour,Hors agglomération,Hors intersection,Normale,Autre collision,,,,,,,,,,,1,1,1,1.0,6
201200061454,0012-07-28 14:58:00,12,7,28,14,58,972,13,ROUTE NATIONALE 5,,,Plein jour,Hors agglomération,Hors intersection,Normale,Deux véhicules - côté,,,,,,,,,,,1,1,1,1.0,3
201200061455,0012-07-31 08:23:00,12,7,31,8,23,972,13,ROUTE DEPARTEMENTALE 3,,,Plein jour,En agglomération,Intersection en T,Normale,Autre collision,,,,,,,,,,,1,2,3,1.0,6
201200061456,0012-08-02 07:40:00,12,8,2,7,40,972,13,PLACE D'ARMES,,,Plein jour,En agglomération,Hors intersection,Normale,Autre collision,,,,,,,,,,,1,2,1,1.0,6
201200061457,0012-08-04 15:30:00,12,8,4,15,30,972,13,SCHOELCHER (RUE),,,Plein jour,En agglomération,Intersection en T,Normale,Deux véhicules - frontale,,,,,,,,,,,1,2,3,1.0,1
201200061458,0012-08-09 08:45:00,12,8,9,8,45,972,13,EMMANUEL COURANT (RUE),,,Plein jour,En agglomération,Intersection en T,Normale,Autre collision,,,,,,,,,,,1,2,3,1.0,6
201200061459,0012-08-14 21:45:00,12,8,14,21,45,972,13,ROUTE DEPARTEMENTALE 3,,,Nuit sans éclairage public,Hors agglomération,Hors intersection,Normale,Sans collision,,,,,,,,,,,3,1,1,1.0,7
201200061460,0012-08-17 20:15:00,12,8,17,20,15,972,13,"AUTOROUTE A1,",,,Nuit sans éclairage public,Hors agglomération,Hors intersection,Normale,Trois véhicules et plus - en chaîne,,,,,,,,,,,3,1,1,1.0,4
201200061461,0012-08-19 20:25:00,12,8,19,20,25,972,13,ROUTE DEPARTEMENTALE 3,,,Nuit avec éclairage allumé,Hors agglomération,Intersection en X,Normale,Deux véhicules - côté,,,,,,,,,,,5,1,2,1.0,3
201200061462,0012-08-24 06:30:00,12,8,24,6,30,972,13,ROUTE NATIONALE 5,,,Plein jour,Hors agglomération,Hors intersection,Normale,Sans collision,,,,,,,,,,,1,1,1,1.0,7
201200061463,0012-08-28 17:40:00,12,8,28,17,40,972,13,LA MAUGEE (CHEMIN),,,Plein jour,Hors agglomération,Hors intersection,Normale,Deux véhicules - arrière,,,,,,,,,,,1,1,1,1.0,2
201200061464,0012-08-31 03:50:00,12,8,31,3,50,972,13,AUTOROUTE A1,,,Nuit avec éclairage non allumé,Hors agglomération,Hors intersection,Normale,Deux véhicules - côté,,,,,,,,,,,4,1,1,1.0,3