accident_id,datetime,annee,mois,jour,heure,minute,departement,commune_insee,adresse,latitude,longitude,luminosite,agglomeration,intersection,meteo,collision,nb_vehicules,nb_usagers,nb_indemnes,nb_tues,nb_blesses_hosp,nb_blesses_legers,age_cond_1,age_cond_2,veh_type_cond_1,veh_type_cond_2,lum_code,agg_code,int_code,atm_code,col_code
201200061465,0012-09-07 12:06:00,12,9,7,12,6,972,13,ROUTE DEPARTEMENTALE 14,,,Plein jour,Hors agglomération,Hors intersection,Normale,Autre collision,,,,,,,,,,,1,1,1,1.0,6
201200061466,0012-09-07 19:00:00,12,9,7,19,0,972,13,ROUTE NATIONALE 1,,,Nuit sans éclairage public,Hors agglomération,Hors intersection,Normale,Deux véhicules - arrière,,,,,,,,,,,3,1,1,1.0,2
201200061467,0012-09-11 15:46:00,12,9,11,15,46,972,13,ROUTE DEPARTEMENTALE 3,,,Plein jour,Hors agglomération,Hors intersection,Normale,Autre collision,,,,,,,,,,,1,1,1,1.0,6
201200061468,0012-09-21 17:00:00,12,9,21,17,0,972,13,ROUTE NATIONALE 1,,,Plein jour,Hors agglomération,Hors intersection,Normale,Deux véhicules - arrière,,,,,,,,,,,1,1,1,1.0,2
201200061469,0012-09-28 12:30:00,12,9,28,12,30,972,13,ROUTE DEPARTEMENTALE 14,,,Plein jour,Hors agglomération,Hors intersection,Normale,Deux véhicules - côté,,,,,,,,,,,1,1,1,1.0,3
201200061470,0012-09-30 20:55:00,12,9,30,20,55,972,13,ROUTE DEPARTEMENTALE 3,,,Nuit avec éclairage allumé,Hors agglomération,Hors intersection,Normale,Deux véhicules - frontale,,,,,,,,,,,5,1,1,1.0,1
201200061471,0012-10-01 07:05:00,12,10,1,7,5,972,13,NELSON MANDELA,,,Plein jour,En agglomération,Hors intersection,Normale,Autre collision,,,,,,,,,,,1,2,1,1.0,6
201200061472,0012-10-15 11:45:00,12,10,15,11,45,972,13,ROUTE NATIONALE 1,,,Plein jour,Hors agglomération,Hors intersection,Normale,Autre collision,,,,,,,,,,,1,1,1,1.0,6
201200061473,0012-10-15 13:25:00,12,10,15,13,25,972,13,ROUTE DEPARTEMENTALE 3,,,Plein jour,Hors agglomération,Intersection en T,Normale,Deux véhicules - côté,,,,,,,,,,,1,1,3,1.0,3
201200061474,0012-10-17 19:00:00,12,10,17,19,0,972,13,"32, NELSON MANDELA",,,Nuit avec éclairage allumé,En agglomération,Hors intersection,Normale,Autre collision,,,,,,,,,,,5,2,1,1.0,6
201200061475,0012-10-21 11:19:00,12,10,21,11,19,972,13,"12, MARTIN LUTHER KING (",,,Plein jour,En agglomération,Intersection en X,Normale,Deux véhicules - côté,,,,,,,,,,,1,2,2,1.0,3
201200061476,0012-10-23 07:07:00,12,10,23,7,7,972,13,ROUTE NATIONALE 1,,,Plein jour,Hors agglomération,Hors intersection,Normale,Deux véhicules - côté,,,,,,,,,,,1,1,1,1.0,3
201200061477,0012-10-28 03:12:00,12,10,28,3,12,972,13,ROUTE DEPARTEMENTALE 3,,,Nuit avec éclairage allumé,Hors agglomération,Hors intersection,Normale,Deux véhicules - frontale,,,,,,,,,,,5,1,1,1.0,1
201200061478,0012-10-28 14:00:00,12,10,28,14,0,972,13,ROUTE NATIONALE 1,,,Plein jour,Hors agglomération,Giratoire,Normale,Deux véhicules - arrière,,,,,,,,,,,1,1,6,1.0,2
201200061479,0012-10-28 22:30:00,12,10,28,22,30,972,13,AUTOROUTE A1,,,Nuit avec éclairage allumé,Hors agglomération,Hors intersection,Normale,Deux véhicules - arrière,,,,,,,,,,,5,1,1,1.0,2
201200061480,0012-11-02 16:10:00,12,11,2,16,10,972,13,ROUTE DEPARTEMENTALE 3,,,Plein jour,Hors agglomération,Hors intersection,Normale,Autre collision,,,,,,,,,,,1,1,1,1.0,6
201200061481,0012-11-09 11:25:00,12,11,9,11,25,972,13,ROUTE DEPARTEMENTALE 14,,,Plein jour,Hors agglomération,Hors intersection,Normale,Autre collision,,,,,,,,,,,1,1,1,1.0,6
201200061482,0012-11-09 16:10:00,12,11,9,16,10,972,13,PLACE D'ARMES,,,Plein jour,Hors agglomération,Hors intersection,Normale,Deux véhicules - côté,,,,,,,,,,,1,1,1,1.0,3
201200061483,0012-11-10 05:43:00,12,11,10,5,43,972,13,"29, SCHOELCHER (RUE)",,,Crépuscule ou aube,En agglomération,Hors intersection,Normale,Autre collision,,,,,,,,,,,2,2,1,1.0,6
201200061484,0012-11-11 07:20:00,12,11,11,7,20,972,13,"20, FERNAND GUILLON (BOU",,,Plein jour,En agglomération,Hors intersection,Normale,Autre collision,,,,,,,,,,,1,2,1,1.0,6
201200061485,0012-11-15 22:00:00,12,11,15,22,0,972,13,AUTOROUTE A1,,,Nuit avec éclairage allumé,Hors agglomération,Hors intersection,Normale,Autre collision,,,,,,,,,,,5,1,1,1.0,6
201200061486,0012-11-16 23:15:00,12,11,16,23,15,972,13,"32, NELSON MANDELA",,,Nuit avec éclairage allumé,En agglomération,Hors intersection,Normale,Autre collision,,,,,,,,,,,5,2,1,1.0,6
201200061487,0012-11-18 20:00:00,12,11,18,20,0,972,13,ROUTE NATIONALE 5,,,Nuit avec éclairage allumé,Hors agglomération,Hors intersection,Normale,Deux véhicules - arrière,,,,,,,,,,,5,1,1,1.0,2
201200061488,0012-11-19 15:34:00,12,11,19,15,34,972,13,ROUTE DEPARTEMENTALE 3,,,Plein jour,Hors agglomération,Hors intersection,Normale,Deux véhicules - côté,,,,,,,,,,,1,1,1,1.0,3
201200061489,0012-11-23 01:00:00,12,11,23,1,0,972,13,ROUTE NATIONALE 6,,,Nuit sans éclairage public,Hors agglomération,Hors intersection,Normale,Deux véhicules - frontale,,,,,,,,,,,3,1,1,1.0,1
201200061490,0012-11-25 18:10:00,12,11,25,18,10,972,13,AUTOROUTE A1,,,Nuit avec éclairage allumé,Hors agglomération,Hors intersection,Normale,Deux véhicules - arrière,,,,,,,,,,,5,1,1,1.0,2
201200061491,0012-11-25 20:00:00,12,11,25,20,0,972,13,MORNE PITAULT (ROUTE DE),,,Nuit sans éclairage public,Hors agglomération,Hors intersection,Normale,Autre collision,,,,,,,,,,,3,1,1,1.0,6
201200061492,0012-11-30 10:00:00,12,11,30,10,0,972,13,ACAJOU PROLONGEE,,,Plein jour,Hors agglomération,Hors intersection,Normale,Autre collision,,,,,,,,,,,1,1,1,1.0,6
201200061493,0012-11-30 14:15:00,12,11,30,14,15,972,13,ROUTE DEPARTEMENTALE 3,,,Plein jour,Hors agglomération,Hors intersection,Normale,Deux véhicules - frontale,,,,,,,,,,,1,1,1,1.0,1
201200061494,0012-12-02 03:57:00,12,12,2,3,57,972,13,AUTOROUTE A1,,,Nuit avec éclairage allumé,Hors agglomération,Hors intersection,Normale,Deux véhicules - arrière,,,,,,,,,,,5,1,1,1.0,2
201200061495,0012-12-09 04:50:00,12,12,9,4,50,972,13,AUTOROUTE A1,,,Nuit avec éclairage allumé,Hors agglomération,Hors intersection,Normale,Autre collision,,,,,,,,,,,5,1,1,1.0,6
201200061496,0012-12-11 08:40:00,12,12,11,8,40,972,13,ROUTE DEPARTEMENTALE 14,,,Plein jour,Hors agglomération,Giratoire,Normale,Autre collision,,,,,,,,,,,1,1,6,1.0,6
201200061497,0012-12-15 07:55:00,12,12,15,7,55,972,13,ROUTE DEPARTEMENTALE 3,,,Plein jour,Hors agglomération,Hors intersection,Pluie légère,Deux véhicules - frontale,,,,,,,,,,,1,1,1,2.0,1
201200061498,0012-12-16 00:41:00,12,12,16,0,41,972,13,ROUTE DEPARTEMENTALE 3,,,Nuit sans éclairage public,Hors agglomération,Hors intersection,Normale,Sans collision,,,,,,,,,,,3,1,1,1.0,7
201200061499,0012-12-16 19:06:00,12,12,16,19,6,972,13,ROUTE DEPARTEMENTALE 15,,,Nuit sans éclairage public,Hors agglomération,Hors intersection,Normale,Trois véhicules et plus - collisions multiples,,,,,,,,,,,3,1,1,1.0,5
201200061500,0012-12-16 22:20:00,12,12,16,22,20,972,13,ROUTE DEPARTEMENTALE 14,,,Nuit avec éclairage allumé,Hors agglomération,Hors intersection,Normale,Autre collision,,,,,,,,,,,5,1,1,1.0,6
201200061501,0012-12-19 17:05:00,12,12,19,17,5,972,13,ROUTE NATIONALE 5,,,Plein jour,Hors agglomération,Hors intersection,Normale,Trois véhicules et plus - en chaîne,,,,,,,,,,,1,1,1,1.0,4
201200061502,0012-12-20 14:45:00,12,12,20,14,45,972,13,ROUTE NATIONALE 1,,,Plein jour,Hors agglomération,Hors intersection,Normale,Trois véhicules et plus - en chaîne,,,,,,,,,,,1,1,1,1.0,4
201200061503,0012-12-23 21:41:00,12,12,23,21,41,972,13,ROUTE NATIONALE 5,,,Nuit avec éclairage allumé,Hors agglomération,Hors intersection,Normale,Deux véhicules - côté,,,,,,,,,,,5,1,1,1.0,3
201200061504,0012-12-24 20:19:00,12,12,24,20,19,972,13,AUTOROUTE A1,,,Nuit avec éclairage allumé,Hors agglomération,Hors intersection,Normale,Deux véhicules - arrière,,,,,,,,,,,5,1,1,1.0,2
201200061505,0012-12-26 17:41:00,12,12,26,17,41,972,13,"0, FERNAND GUILLON (BOUL",,,Plein jour,En agglomération,Intersection en T,Normale,Deux véhicules - arrière,,,,,,,,,,,1,2,3,1.0,2
201200061506,0012-12-28 13:45:00,12,12,28,13,45,973,2,"559, MADELEINE (ROUTE DE",,,Plein jour,En agglomération,Hors intersection,Pluie légère,Deux véhicules - côté,,,,,,,,,,,1,2,1,2.0,3
201200061507,0012-01-02 07:19:00,12,1,2,7,19,973,2,ARON (ANDRE),,,Plein jour,Hors agglomération,Hors intersection,Normale,Trois véhicules et plus - collisions multiples,,,,,,,,,,,1,1,1,1.0,5
201200061508,0012-01-03 11:10:00,12,1,3,11,10,973,2,"700, BADUEL (ROUTE DE)",,,Plein jour,Hors agglomération,Hors intersection,Pluie légère,Deux véhicules - arrière,,,,,,,,,,,1,1,1,2.0,2
201200061509,0012-01-04 11:45:00,12,1,4,11,45,973,2,CONSTANT CHLORE(RUE),,,Plein jour,En agglomération,Intersection en X,Normale,Deux véhicules - côté,,,,,,,,,,,1,2,2,1.0,3
201200061510,0012-01-06 11:18:00,12,1,6,11,18,973,2,CABASSOU (ROUTE DE),,,Plein jour,Hors agglomération,Intersection en X,Normale,Deux véhicules - côté,,,,,,,,,,,1,1,2,1.0,3
201200061511,0012-01-08 06:18:00,12,1,8,6,18,973,2,"1315, MADELEINE (ROUTE D",,,Nuit avec éclairage allumé,En agglomération,Hors intersection,Normale,Deux véhicules - côté,,,,,,,,,,,5,2,1,1.0,3
201200061512,0012-01-09 19:25:00,12,1,9,19,25,973,2,"107, LIBERTE (AVENUE DE",,,Nuit avec éclairage allumé,En agglomération,Giratoire,Normale,Deux véhicules - côté,,,,,,,,,,,5,2,6,1.0,3
201200061513,0012-01-11 17:32:00,12,1,11,17,32,973,2,BADUEL (ROUTE DE),,,Plein jour,En agglomération,Intersection en T,Normale,Deux véhicules - côté,,,,,,,,,,,1,2,3,1.0,3
201200061514,0012-01-13 08:40:00,12,1,13,8,40,973,2,"2106, MADELEINE (ROUTE D",,,Plein jour,En agglomération,Hors intersection,Normale,Deux véhicules - côté,,,,,,,,,,,1,2,1,1.0,3
201200061515,0012-01-12 13:40:00,12,1,12,13,40,973,2,CHARLERY (GUSTAVE),,,Plein jour,En agglomération,Hors intersection,Normale,Autre collision,,,,,,,,,,,1,2,1,1.0,6
201200061516,0012-01-13 16:30:00,12,1,13,16,30,973,2,MADELEINE (ROUTE DE LA),,,Plein jour,En agglomération,Hors intersection,Normale,Deux véhicules - arrière,,,,,,,,,,,1,2,1,1.0,2
201200061517,0012-01-13 17:45:00,12,1,13,17,45,973,2,"107, KET TAI (CARREFOUR)",,,Plein jour,En agglomération,Hors intersection,Normale,Deux véhicules - arrière,,,,,,,,,,,1,2,1,1.0,2
201200061518,0012-01-11 13:13:00,12,1,11,13,13,973,2,"3, DAMAS (LEON GONTRAN)",,,Plein jour,En agglomération,Intersection en X,Normale,Deux véhicules - côté,,,,,,,,,,,1,2,2,1.0,3
201200061519,0012-01-20 12:10:00,12,1,20,12,10,973,2,"601, BADUEL (ROUTE DE)",,,Plein jour,Hors agglomération,Hors intersection,Normale,Deux véhicules - côté,,,,,,,,,,,1,1,1,1.0,3
201200061520,0012-01-27 15:00:00,12,1,27,15,0,973,2,"2925, MONTABO (ROUTE DE)",,,Plein jour,En agglomération,Hors intersection,Normale,Deux véhicules - côté,,,,,,,,,,,1,2,1,1.0,3
201200061521,0012-01-29 17:10:00,12,1,29,17,10,973,2,"21, REPUBLIQUE (BD DE LA",,,Plein jour,En agglomération,Hors intersection,Temps couvert,Deux véhicules - arrière,,,,,,,,,,,1,2,1,8.0,2
201200061522,0012-01-31 17:15:00,12,1,31,17,15,973,2,KET TAI (CARREFOUR),,,Plein jour,En agglomération,Hors intersection,Normale,Deux véhicules - côté,,,,,,,,,,,1,2,1,1.0,3
201200061523,0012-02-02 08:30:00,12,2,2,8,30,973,2,"2753, MONTABO (ROUTE DE)",,,Plein jour,Hors agglomération,Hors intersection,Normale,Deux véhicules - côté,,,,,,,,,,,1,1,1,1.0,3
201200061524,0012-02-02 10:44:00,12,2,2,10,44,973,2,"5181, BADUEL (ROUTE DE)",,,Plein jour,Hors agglomération,Hors intersection,Normale,Deux véhicules - côté,,,,,,,,,,,1,1,1,1.0,3
201200061525,0012-02-02 11:44:00,12,2,2,11,44,973,2,"132, MONTABO (ROUTE DE)",,,Plein jour,Hors agglomération,Hors intersection,Normale,Deux véhicules - côté,,,,,,,,,,,1,1,1,1.0,3
201200061526,0012-02-03 18:03:00,12,2,3,18,3,973,2,MADELEINE (ROUTE DE LA),,,Plein jour,En agglomération,Hors intersection,Pluie légère,Deux véhicules - côté,,,,,,,,,,,1,2,1,2.0,3
201200061527,0012-02-05 21:40:00,12,2,5,21,40,973,2,"2109, MADELEINE (ROUTE D",,,Nuit avec éclairage allumé,En agglomération,Hors intersection,Pluie légère,Deux véhicules - côté,,,,,,,,,,,5,2,1,2.0,3
201200061528,0012-02-03 09:30:00,12,2,3,9,30,973,2,"12, DE GAULLE (AVENUE)",,,Plein jour,En agglomération,Hors intersection,Normale,Autre collision,,,,,,,,,,,1,2,1,1.0,6
201200061529,0012-12-19 11:20:00,12,12,19,11,20,973,2,"312, MADELEINE (ROUTE DE",,,Plein jour,En agglomération,Hors intersection,Normale,Autre collision,,,,,,,,,,,1,2,1,1.0,6
201200061530,0012-02-09 20:20:00,12,2,9,20,20,973,2,"8, FLAMBOYANTS (RUE DES)",,,Nuit avec éclairage allumé,En agglomération,Hors intersection,Normale,Deux véhicules - frontale,,,,,,,,,,,5,2,1,1.0,1
201200061531,0012-02-09 21:00:00,12,2,9,21,0,973,2,"178, CESAIRE (CITE)",,,Nuit avec éclairage allumé,En agglomération,Intersection en T,Normale,Deux véhicules - frontale,,,,,,,,,,,5,2,3,1.0,1
201200061532,0012-02-14 12:50:00,12,2,14,12,50,973,2,"5, REBARD (CITE)",,,Plein jour,En agglomération,Intersection en T,Pluie forte,Deux véhicules - côté,,,,,,,,,,,1,2,3,3.0,3
201200061533,0012-02-03 12:55:00,12,2,3,12,55,973,2,"1452, RABAN (ROUTE DE)",,,Plein jour,En agglomération,Intersection en X,Normale,Deux véhicules - arrière,,,,,,,,,,,1,2,2,1.0,2
201200061534,0012-02-15 13:00:00,12,2,15,13,0,973,2,"62, LALLOUETTE",,,Plein jour,En agglomération,Intersection en X,Normale,Deux véhicules - côté,,,,,,,,,,,1,2,2,1.0,3
201200061535,0012-02-15 13:25:00,12,2,15,13,25,973,2,"02, BRUTUS (CITE)",,,Plein jour,Hors agglomération,Hors intersection,Normale,Deux véhicules - côté,,,,,,,,,,,1,1,1,1.0,3
201200061536,0012-02-15 16:10:00,12,2,15,16,10,973,2,"46, CATAYEE (JUSTIN)",,,Plein jour,En agglomération,Intersection en X,Normale,Deux véhicules - côté,,,,,,,,,,,1,2,2,1.0,3
201200061537,0012-02-19 08:53:00,12,2,19,8,53,973,2,"16, DERBES (GEORGES)",,,Plein jour,En agglomération,Intersection en X,Pluie légère,Deux véhicules - côté,,,,,,,,,,,1,2,2,2.0,3
201200061538,0012-02-20 23:30:00,12,2,20,23,30,973,2,COLOMB (CHRISTOPHE),,,Nuit avec éclairage allumé,En agglomération,Intersection en X,Normale,Deux véhicules - côté,,,,,,,,,,,5,2,2,1.0,3
201200061539,0012-02-15 08:25:00,12,2,15,8,25,973,2,"117, ZEPHIR (ROCADE)",,,Plein jour,En agglomération,Hors intersection,Normale,Deux véhicules - côté,,,,,,,,,,,1,2,1,1.0,3
201200061540,0012-02-21 22:30:00,12,2,21,22,30,973,2,HEDER (AVENUE LEOPOLD),,,Nuit sans éclairage public,En agglomération,Hors intersection,Normale,Deux véhicules - arrière,,,,,,,,,,,3,2,1,1.0,2
201200061541,0012-02-24 19:10:00,12,2,24,19,10,973,2,FLAMBOYANTS (RUE DES),,,Nuit avec éclairage non allumé,En agglomération,Hors intersection,Normale,Deux véhicules - côté,,,,,,,,,,,4,2,1,1.0,3
201200061542,0012-02-25 10:38:00,12,2,25,10,38,973,2,"1235, RABAN (ROUTE DE)",,,Plein jour,Hors agglomération,Hors intersection,Normale,Deux véhicules - arrière,,,,,,,,,,,1,1,1,1.0,2
201200061543,0012-02-29 16:40:00,12,2,29,16,40,973,2,"12, BOUDINOT (AUGUSTE) C",,,Plein jour,En agglomération,Hors intersection,Normale,Deux véhicules - côté,,,,,,,,,,,1,2,1,1.0,3
201200061544,0012-02-29 12:53:00,12,2,29,12,53,973,2,"2109, MADELEINE (ROUTE D",,,Plein jour,Hors agglomération,Intersection en T,Normale,Deux véhicules - côté,,,,,,,,,,,1,1,3,1.0,3
201200061545,0012-03-02 06:38:00,12,3,2,6,38,973,2,ROUTE NATIONALE II,,,Plein jour,Hors agglomération,Hors intersection,Normale,Deux véhicules - côté,,,,,,,,,,,1,1,1,1.0,3
201200061546,0012-03-02 07:38:00,12,3,2,7,38,973,2,"2371, BADUEL (ROUTE DE)",,,Plein jour,Hors agglomération,Hors intersection,Normale,Deux véhicules - côté,,,,,,,,,,,1,1,1,1.0,3
201200061547,0012-03-03 13:55:00,12,3,3,13,55,973,2,ROUTE NATIONALE 1,,,Plein jour,Hors agglomération,Hors intersection,Normale,Autre collision,,,,,,,,,,,1,1,1,1.0,6
201200061548,0012-03-03 15:45:00,12,3,3,15,45,973,2,VIRGILE (AVENUE),,,Plein jour,En agglomération,Hors intersection,Normale,Autre collision,,,,,,,,,,,1,2,1,1.0,6
201200061549,0012-03-06 11:40:00,12,3,6,11,40,973,2,GALMOT (AVENUE),,,Plein jour,En agglomération,Hors intersection,Pluie légère,Autre collision,,,,,,,,,,,1,2,1,2.0,6
201200061550,0012-03-06 13:20:00,12,3,6,13,20,973,2,"4082, MONTABO (ROUTE DE)",,,Plein jour,En agglomération,Hors intersection,Normale,Deux véhicules - côté,,,,,,,,,,,1,2,1,1.0,3
201200061551,0012-03-06 13:55:00,12,3,6,13,55,973,2,"11, CONSTANT CHLORE(RUE)",,,Plein jour,En agglomération,Hors intersection,Normale,Deux véhicules - côté,,,,,,,,,,,1,2,1,1.0,3
201200061552,0012-03-07 18:08:00,12,3,7,18,8,973,2,"2.5, BADUEL (ROUTE DE)",,,Plein jour,En agglomération,Hors intersection,Pluie forte,Deux véhicules - côté,,,,,,,,,,,1,2,1,3.0,3
201200061553,0012-03-08 07:20:00,12,3,8,7,20,973,2,HEDER (place),,,Plein jour,En agglomération,Hors intersection,Normale,Deux véhicules - côté,,,,,,,,,,,1,2,1,1.0,3
201200061554,0012-03-09 12:05:00,12,3,9,12,5,973,2,"603, MADELEINE (ROUTE DE",,,Plein jour,Hors agglomération,Hors intersection,Normale,Deux véhicules - côté,,,,,,,,,,,1,1,1,1.0,3
201200061555,0012-03-10 06:30:00,12,3,10,6,30,973,2,MARINGOUINS (ROND-POINT),,,Plein jour,En agglomération,Hors intersection,Normale,Deux véhicules - côté,,,,,,,,,,,1,2,1,1.0,3
201200061556,0012-03-14 12:10:00,12,3,14,12,10,973,2,"2788, MADELEINE (ROUTE D",,,Plein jour,En agglomération,Hors intersection,Normale,Deux véhicules - côté,,,,,,,,,,,1,2,1,1.0,3
201200061557,0012-03-14 12:33:00,12,3,14,12,33,973,2,"378, MADELEINE (ROUTE DE",,,Plein jour,En agglomération,Hors intersection,Normale,Deux véhicules - côté,,,,,,,,,,,1,2,1,1.0,3
201200061558,0012-03-15 16:10:00,12,3,15,16,10,973,2,"2, BOUDINOT (AUGUSTE) CI",,,Plein jour,En agglomération,Intersection en T,Normale,Deux véhicules - côté,,,,,,,,,,,1,2,3,1.0,3
201200061559,0012-03-16 17:40:00,12,3,16,17,40,973,2,"88, LIBERTE (AVENUE DE L",,,Plein jour,En agglomération,Hors intersection,Pluie légère,Deux véhicules - côté,,,,,,,,,,,1,2,1,2.0,3
201200061560,0012-03-18 11:30:00,12,3,18,11,30,973,2,"15, CONSTANT CHLORE(RUE)",,,Plein jour,En agglomération,Intersection à plus de 4 branches,Normale,Deux véhicules - arrière,,,,,,,,,,,1,2,5,1.0,2
201200061561,0012-03-20 08:52:00,12,3,20,8,52,973,2,"42, ROUGET DE L ' ISLE",,,Plein jour,En agglomération,Hors intersection,Normale,Deux véhicules - côté,,,,,,,,,,,1,2,1,1.0,3
201200061562,0012-03-21 11:08:00,12,3,21,11,8,973,2,"6, PICHEVIN (DAVID)",,,Plein jour,En agglomération,Intersection en X,Normale,Deux véhicules - côté,,,,,,,,,,,1,2,2,1.0,3
201200061563,0012-03-21 18:09:00,12,3,21,18,9,973,2,MANGO (ROUTE),,,Plein jour,En agglomération,Hors intersection,Normale,Deux véhicules - arrière,,,,,,,,,,,1,2,1,1.0,2
201200061564,0012-03-22 10:20:00,12,3,22,10,20,973,2,"41, CESAIRE (CITE)",,,Plein jour,Hors agglomération,Intersection en X,Normale,Deux véhicules - côté,,,,,,,,,,,1,1,2,1.0,3
201200061565,0012-03-22 19:43:00,12,3,22,19,43,973,2,MARAN (RENE) CITE THEMIR,,,Nuit avec éclairage non allumé,Hors agglomération,Hors intersection,Normale,Autre collision,,,,,,,,,,,4,1,1,1.0,6
201200061566,0012-03-23 12:20:00,12,3,23,12,20,973,2,"1036, ZEPHIR (ROCADE)",,,Plein jour,En agglomération,Hors intersection,Normale,Deux véhicules - côté,,,,,,,,,,,1,2,1,1.0,3
201200061567,0012-03-24 12:15:00,12,3,24,12,15,973,2,"55, THEMIRE (CITE)",,,Plein jour,En agglomération,Intersection en T,Normale,Deux véhicules - arrière,,,,,,,,,,,1,2,3,1.0,2
201200061568,0012-03-25 15:22:00,12,3,25,15,22,973,2,"36, BADUEL (ROUTE DE)",,,Plein jour,En agglomération,Intersection en X,Normale,Deux véhicules - côté,,,,,,,,,,,1,2,2,1.0,3
201200061569,0012-03-26 08:54:00,12,3,26,8,54,973,2,"1436, BADUEL (ROUTE DE)",,,Plein jour,Hors agglomération,Hors intersection,Normale,Deux véhicules - côté,,,,,,,,,,,1,1,1,1.0,3
201200061570,0012-03-13 08:28:00,12,3,13,8,28,973,2,"2371, BADUEL (ROUTE DE)",,,Plein jour,En agglomération,Intersection en T,Normale,Trois véhicules et plus - collisions multiples,,,,,,,,,,,1,2,3,1.0,5
201200061571,0012-03-23 08:30:00,12,3,23,8,30,973,2,LIBERTE (AVENUE DE LA),,,Plein jour,En agglomération,Hors intersection,Pluie forte,Autre collision,,,,,,,,,,,1,2,1,3.0,6
201200061572,0012-03-30 16:20:00,12,3,30,16,20,973,2,"1850, MADELEINE (ROUTE D",,,Plein jour,En agglomération,Hors intersection,Normale,Deux véhicules - côté,,,,,,,,,,,1,2,1,1.0,3
201200061573,0012-04-02 07:10:00,12,4,2,7,10,973,2,"859, ZEPHIR (ROCADE)",,,Plein jour,Hors agglomération,Hors intersection,Normale,Deux véhicules - arrière,,,,,,,,,,,1,1,1,1.0,2
201200061574,0012-03-27 14:15:00,12,3,27,14,15,973,2,"26, MALOUET",,,Plein jour,En agglomération,Hors intersection,Normale,Deux véhicules - arrière,,,,,,,,,,,1,2,1,1.0,2
201200061575,0012-04-03 23:15:00,12,4,3,23,15,973,2,DAMAS (LEON GONTRAN),,,Nuit avec éclairage allumé,En agglomération,Intersection en X,Normale,Deux véhicules - côté,,,,,,,,,,,5,2,2,1.0,3
201200061576,0012-04-04 10:50:00,12,4,4,10,50,973,2,"27, ESTREES (AVENUE D')",,,Plein jour,En agglomération,Hors intersection,Normale,Deux véhicules - côté,,,,,,,,,,,1,2,1,1.0,3
201200061577,0012-04-04 15:30:00,12,4,4,15,30,973,2,MADELEINE (ROUTE DE LA),,,Plein jour,En agglomération,Intersection en Y,Normale,Deux véhicules - côté,,,,,,,,,,,1,2,4,1.0,3
201200061578,0012-04-05 08:20:00,12,4,5,8,20,973,2,"103, BADUEL (ROUTE DE)",,,Plein jour,En agglomération,Hors intersection,Pluie légère,Trois véhicules et plus - en chaîne,,,,,,,,,,,1,2,1,2.0,4
201200061579,0012-04-05 20:15:00,12,4,5,20,15,973,2,CRIQUE FOUILLEE (ROND PO,,,Nuit avec éclairage allumé,En agglomération,Hors intersection,Normale,Deux véhicules - côté,,,,,,,,,,,5,2,1,1.0,3
201200061580,0012-04-07 20:05:00,12,4,7,20,5,973,2,"337, ZEPHIR (ROCADE)",,,Nuit avec éclairage allumé,En agglomération,Hors intersection,Pluie légère,Deux véhicules - côté,,,,,,,,,,,5,2,1,2.0,3
201200061581,0012-04-07 20:15:00,12,4,7,20,15,973,2,"1296, MADELEINE (ROUTE D",,,Nuit avec éclairage allumé,En agglomération,Intersection en X,Normale,Deux véhicules - côté,,,,,,,,,,,5,2,2,1.0,3
201200061582,0012-04-10 17:20:00,12,4,10,17,20,973,2,"2788, MADELEINE (ROUTE D",,,Plein jour,En agglomération,Hors intersection,Normale,Deux véhicules - côté,,,,,,,,,,,1,2,1,1.0,3
201200061583,0012-04-16 17:20:00,12,4,16,17,20,973,2,"11, DAMAS (LEON GONTRAN)",,,Crépuscule ou aube,En agglomération,Intersection en X,Pluie légère,Autre collision,,,,,,,,,,,2,2,2,2.0,6
201200061584,0012-04-18 23:15:00,12,4,18,23,15,973,2,JUBELIN (BOULEVARD),,,Nuit avec éclairage allumé,En agglomération,Giratoire,Pluie forte,Deux véhicules - côté,,,,,,,,,,,5,2,6,3.0,3
201200061585,0012-04-19 09:50:00,12,4,19,9,50,973,2,"1121, BADUEL (ROUTE DE)",,,Plein jour,En agglomération,Hors intersection,Normale,Autre collision,,,,,,,,,,,1,2,1,1.0,6
201200061586,0012-04-20 10:20:00,12,4,20,10,20,973,2,"68, KET TAI (CARREFOUR)",,,Plein jour,En agglomération,Intersection à plus de 4 branches,Normale,Deux véhicules - côté,,,,,,,,,,,1,2,5,1.0,3
201200061587,0012-04-22 22:45:00,12,4,22,22,45,973,2,FELIX EBOUE(ROCADE),6.0,2.0,Nuit avec éclairage allumé,En agglomération,Intersection en X,Normale,Deux véhicules - frontale,,,,,,,,,,,5,2,2,1.0,1
201200061588,0012-04-28 19:05:00,12,4,28,19,5,973,2,"1264, BADUEL (ROUTE DE)",,,Nuit avec éclairage allumé,En agglomération,Hors intersection,Normale,Deux véhicules - arrière,,,,,,,,,,,5,2,1,1.0,2
201200061589,0012-05-02 07:43:00,12,5,2,7,43,973,2,"1132, MONTABO (ROUTE DE)",,,Plein jour,En agglomération,Hors intersection,Normale,Deux véhicules - côté,,,,,,,,,,,1,2,1,1.0,3
201200061590,0012-05-11 13:20:00,12,5,11,13,20,973,2,"2304, BADUEL (ROUTE DE)",,,Plein jour,Hors agglomération,Hors intersection,Normale,Deux véhicules - côté,,,,,,,,,,,1,1,1,1.0,3
201200061591,0012-05-16 16:50:00,12,5,16,16,50,973,2,"23, NEGRES MARONS (RUE D",,,Plein jour,En agglomération,Intersection en X,Normale,Deux véhicules - côté,,,,,,,,,,,1,2,2,1.0,3
201200061592,0012-05-18 14:45:00,12,5,18,14,45,973,2,"1850, MADELEINE (ROUTE D",,,Plein jour,En agglomération,Hors intersection,Normale,Deux véhicules - côté,,,,,,,,,,,1,2,1,1.0,3
201200061593,0012-05-19 16:00:00,12,5,19,16,0,973,2,"37, LIBERTE (AVENUE DE L",,,Plein jour,En agglomération,Hors intersection,Normale,Deux véhicules - côté,,,,,,,,,,,1,2,1,1.0,3