accident_id,datetime,annee,mois,jour,heure,minute,departement,commune_insee,adresse,latitude,longitude,luminosite,agglomeration,intersection,meteo,collision,nb_vehicules,nb_usagers,nb_indemnes,nb_tues,nb_blesses_hosp,nb_blesses_legers,age_cond_1,age_cond_2,veh_type_cond_1,veh_type_cond_2,lum_code,agg_code,int_code,atm_code,col_code
201200061858,0012-11-09 11:15:00,12,11,9,11,15,974,9,"Ignor?, DE LA GARE(RUE)",,,Plein jour,En agglomération,Hors intersection,Normale,Deux véhicules - arrière,,,,,,,,,,,1,2,1,1.0,2
201200061859,0012-11-10 13:55:00,12,11,10,13,55,974,9,"Ignor?, Salazie (route d",,,Plein jour,Hors agglomération,Hors intersection,Normale,Sans collision,,,,,,,,,,,1,1,1,1.0,7
201200061860,0012-11-10 15:25:00,12,11,10,15,25,974,9,"Ignor?, MAUNIER(RUE)",,,Plein jour,En agglomération,Hors intersection,Normale,Sans collision,,,,,,,,,,,1,2,1,1.0,7
201200061861,0012-11-26 15:25:00,12,11,26,15,25,974,9,"200, DU LYCEE(RUE)",,,Plein jour,En agglomération,Hors intersection,Normale,Deux véhicules - côté,,,,,,,,,,,1,2,1,1.0,3
201200061862,0012-12-19 14:00:00,12,12,19,14,0,974,9,"125, CAMBUSTON (rue de)",,,Plein jour,En agglomération,Hors intersection,Normale,Autre collision,,,,,,,,,,,1,2,1,1.0,6
201200061863,0012-12-25 20:00:00,12,12,25,20,0,974,9,ILE DE FRANCE(AVENUE),,,Nuit avec éclairage allumé,En agglomération,Intersection en T,Pluie légère,Deux véhicules - côté,,,,,,,,,,,5,2,3,2.0,3
201200061864,0012-12-28 14:30:00,12,12,28,14,30,974,9,"0, MAUNIER(RUE)",,,Plein jour,En agglomération,Hors intersection,Normale,Autre collision,,,,,,,,,,,1,2,1,1.0,6
201200061865,0012-06-21 18:00:00,12,6,21,18,0,974,9,LIMITES (CHEMIN),,,Crépuscule ou aube,En agglomération,Hors intersection,Normale,Autre collision,,,,,,,,,,,2,2,1,1.0,6
201200061866,0012-04-01 17:30:00,12,4,1,17,30,974,9,ILE DE FRANCE(AVENUE),,,Plein jour,En agglomération,Hors intersection,Normale,Autre collision,,,,,,,,,,,1,2,1,1.0,6
201200061867,0012-02-23 06:50:00,12,2,23,6,50,974,9,1 SARABE (CHEMIN),,,Plein jour,En agglomération,Hors intersection,Normale,Deux véhicules - frontale,,,,,,,,,,,1,2,1,1.0,1
201200061868,0012-04-03 23:00:00,12,4,3,23,0,974,9,DE FLORIS (RUELLE),,,Nuit avec éclairage allumé,En agglomération,Hors intersection,Normale,Autre collision,,,,,,,,,,,5,2,1,1.0,6
201200061869,0012-07-27 21:15:00,12,7,27,21,15,974,9,"707, RN2 SENS STE SUZANN",,,Nuit sans éclairage public,Hors agglomération,Hors intersection,Normale,Autre collision,,,,,,,,,,,3,1,1,1.0,6
201200061870,0012-06-06 18:45:00,12,6,6,18,45,974,9,LAGOURGUE(CHEMIN),,,Nuit sans éclairage public,En agglomération,Hors intersection,Normale,Autre collision,,,,,,,,,,,3,2,1,1.0,6
201200061871,0012-08-12 10:40:00,12,8,12,10,40,974,9,PARC DU COLOSSE,,,Plein jour,En agglomération,Hors intersection,Normale,Deux véhicules - frontale,,,,,,,,,,,1,2,1,1.0,1
201200061872,0012-02-17 17:10:00,12,2,17,17,10,974,9,DU LYCEE (RUE),,,Plein jour,En agglomération,Intersection en X,Pluie forte,Deux véhicules - frontale,,,,,,,,,,,1,2,2,3.0,1
201200061873,0012-11-04 14:40:00,12,11,4,14,40,974,9,"Ignor?, BEL OMBRE (chemi",,,Plein jour,En agglomération,Intersection en T,Normale,Trois véhicules et plus - collisions multiples,,,,,,,,,,,1,2,3,1.0,5
201200061874,0012-01-01 02:35:00,12,1,1,2,35,974,11,MACE (ROUTE GABRIEL),,,Nuit avec éclairage allumé,En agglomération,Hors intersection,Normale,Deux véhicules - frontale,,,,,,,,,,,5,2,1,1.0,1
201200061875,0012-01-04 15:30:00,12,1,4,15,30,974,11,CANAL (CHEMIN DU GRAND),,,Plein jour,En agglomération,Hors intersection,Normale,Deux véhicules - arrière,,,,,,,,,,,1,2,1,1.0,2
201200061876,0012-01-14 00:05:00,12,1,14,0,5,974,11,RN2/111,,,Nuit sans éclairage public,Hors agglomération,Autre intersection,Normale,Deux véhicules - arrière,,,,,,,,,,,3,1,9,1.0,2
201200061877,0012-01-15 01:35:00,12,1,15,1,35,974,11,"2, RUISSEAU BLANC (CHEMI",,,Nuit avec éclairage allumé,En agglomération,Hors intersection,Normale,Deux véhicules - côté,,,,,,,,,,,5,2,1,1.0,3
201200061878,0012-01-20 10:05:00,12,1,20,10,5,974,11,CAMELIAS (RUE DES),,,Plein jour,En agglomération,Hors intersection,Normale,Deux véhicules - côté,,,,,,,,,,,1,2,1,1.0,3
201200061879,0012-01-20 18:25:00,12,1,20,18,25,974,11,"., LANCASTEL (BOULEVARD)",,,Plein jour,En agglomération,Hors intersection,Normale,Deux véhicules - côté,,,,,,,,,,,1,2,1,1.0,3
201200061880,0012-01-21 00:12:00,12,1,21,0,12,974,11,POMPIDOU (AVENUE GEORGES,,,Nuit avec éclairage allumé,Hors agglomération,Hors intersection,Normale,Deux véhicules - arrière,,,,,,,,,,,5,1,1,1.0,2
201200061881,0012-01-22 07:54:00,12,1,22,7,54,974,11,"3, TOPAZES(ALLEE DES)",,,Nuit avec éclairage allumé,En agglomération,Hors intersection,Autre,Sans collision,,,,,,,,,,,5,2,1,9.0,7
201200061882,0012-01-28 06:45:00,12,1,28,6,45,974,11,MACE (BOULEVARD GABRIEL),,,Plein jour,En agglomération,Hors intersection,Normale,Deux véhicules - frontale,,,,,,,,,,,1,2,1,1.0,1
201200061883,0012-01-29 00:50:00,12,1,29,0,50,974,11,NEUF (CHEMIN),,,Nuit avec éclairage allumé,Hors agglomération,Hors intersection,Normale,Sans collision,,,,,,,,,,,5,1,1,1.0,7
201200061884,0012-01-29 14:30:00,12,1,29,14,30,974,11,"1, KARTING (DU)",,,Plein jour,Hors agglomération,Hors intersection,Normale,Autre collision,,,,,,,,,,,1,1,1,1.0,6
201200061885,0012-02-03 07:00:00,12,2,3,7,0,974,11,RUISSEAU DES NOIRS (RUE),,,Plein jour,En agglomération,Autre intersection,Normale,Deux véhicules - côté,,,,,,,,,,,1,2,9,1.0,3
201200061886,0012-02-08 15:57:00,12,2,8,15,57,974,11,"35, PALMISTES (CHEMIN DE",,,Plein jour,En agglomération,Hors intersection,Normale,Sans collision,,,,,,,,,,,1,2,1,1.0,7
201200061887,0012-02-10 16:30:00,12,2,10,16,30,974,11,JAURES (BOULEVARD JEAN),,,Plein jour,En agglomération,Hors intersection,Autre,Autre collision,,,,,,,,,,,1,2,1,9.0,6
201200061888,0012-02-12 16:00:00,12,2,12,16,0,974,11,RN2/043,,,Plein jour,Hors agglomération,Hors intersection,Vent fort / tempête,Deux véhicules - arrière,,,,,,,,,,,1,1,1,6.0,2
201200061889,0012-02-15 19:30:00,12,2,15,19,30,974,11,"33, EUCALYPTUS (ROUTE DE",,,Nuit avec éclairage non allumé,En agglomération,Hors intersection,Normale,Deux véhicules - côté,,,,,,,,,,,4,2,1,1.0,3
201200061890,0012-02-20 15:45:00,12,2,20,15,45,974,11,RAMBAUD (LEOPOLD),,,Plein jour,En agglomération,Hors intersection,Normale,Deux véhicules - arrière,,,,,,,,,,,1,2,1,1.0,2
201200061891,0012-02-27 17:00:00,12,2,27,17,0,974,11,MONTAGNE (ROUTE DE LA),,,Plein jour,Hors agglomération,Autre intersection,Normale,Deux véhicules - frontale,,,,,,,,,,,1,1,9,1.0,1
201200061892,0012-03-04 00:25:00,12,3,4,0,25,974,11,BOSQUET (RUE DU),,,Nuit avec éclairage allumé,En agglomération,Hors intersection,Normale,Autre collision,,,,,,,,,,,5,2,1,1.0,6
201200061893,0012-03-06 19:47:00,12,3,6,19,47,974,11,LITTORAL (ROUTE 2 DU),,,Nuit avec éclairage allumé,Hors agglomération,Hors intersection,Normale,Autre collision,,,,,,,,,,,5,1,1,1.0,6
201200061894,0012-03-11 16:28:00,12,3,11,16,28,974,11,PONT (RUE DU),,,Plein jour,En agglomération,Autre intersection,Normale,Autre collision,,,,,,,,,,,1,2,9,1.0,6
201200061895,0012-03-14 20:30:00,12,3,14,20,30,974,11,JOFFRE (BOULEVARD),,,Nuit avec éclairage allumé,En agglomération,Hors intersection,Autre,Deux véhicules - arrière,,,,,,,,,,,5,2,1,9.0,2
201200061896,0012-03-20 17:30:00,12,3,20,17,30,974,11,"95, PASTEUR (RUE)",,,Plein jour,En agglomération,Hors intersection,Normale,Sans collision,,,,,,,,,,,1,2,1,1.0,7
201200061897,0012-03-24 12:34:00,12,3,24,12,34,974,11,"85, MACE (ROUTE GABRIEL)",,,Plein jour,Hors agglomération,Hors intersection,Normale,Deux véhicules - arrière,,,,,,,,,,,1,1,1,1.0,2
201200061898,0012-04-13 23:40:00,12,4,13,23,40,974,11,VICTOIRE (AVENUE DE LA),,,Nuit avec éclairage allumé,En agglomération,Autre intersection,Normale,Autre collision,,,,,,,,,,,5,2,9,1.0,6
201200061899,0012-04-14 09:30:00,12,4,14,9,30,974,11,PROVIDENCE (BOULEVARD DE,,,Plein jour,En agglomération,Hors intersection,Normale,Sans collision,,,,,,,,,,,1,2,1,1.0,7
201200061900,0012-04-17 18:30:00,12,4,17,18,30,974,11,SAINT-BERNARD (CHEMIN DE,,,Plein jour,Hors agglomération,Intersection en Y,Normale,Deux véhicules - frontale,,,,,,,,,,,1,1,4,1.0,1
201200061901,0012-04-26 12:15:00,12,4,26,12,15,974,11,EST (QUAI),,,Plein jour,Hors agglomération,Hors intersection,Normale,Autre collision,,,,,,,,,,,1,1,1,1.0,6
201200061902,0012-04-28 23:15:00,12,4,28,23,15,974,11,MONTAGNE (ROUTE DE LA),,,Nuit sans éclairage public,Hors agglomération,Hors intersection,Normale,Autre collision,,,,,,,,,,,3,1,1,1.0,6
201200061903,0012-04-30 21:35:00,12,4,30,21,35,974,11,LITTORAL (ROUTE 3 DU),,,Nuit sans éclairage public,Hors agglomération,Hors intersection,Normale,Sans collision,,,,,,,,,,,3,1,1,1.0,7
201200061904,0012-05-05 02:20:00,12,5,5,2,20,974,11,LITTORAL (ROUTE 1 DU),,,Nuit sans éclairage public,Hors agglomération,Hors intersection,Normale,Sans collision,,,,,,,,,,,3,1,1,1.0,7
201200061905,0012-05-06 03:20:00,12,5,6,3,20,974,11,LATTRE DE TASSIGNY (AVEN,,,Nuit avec éclairage allumé,En agglomération,Hors intersection,Normale,Sans collision,,,,,,,,,,,5,2,1,1.0,7
201200061906,0012-05-10 19:00:00,12,5,10,19,0,974,11,"91, GOYAVIERS (ROUTE DE)",,,Nuit sans éclairage public,Hors agglomération,Hors intersection,Normale,Deux véhicules - frontale,,,,,,,,,,,3,1,1,1.0,1
201200061907,0012-05-12 17:20:00,12,5,12,17,20,974,11,"69, EST (DE L')",,,Plein jour,En agglomération,Hors intersection,Normale,Sans collision,,,,,,,,,,,1,2,1,1.0,7
201200061908,0012-05-12 20:30:00,12,5,12,20,30,974,11,JAURES (BLD 2 JEAN),,,Nuit avec éclairage allumé,En agglomération,Giratoire,Pluie légère,Autre collision,,,,,,,,,,,5,2,6,2.0,6
201200061909,0012-05-13 15:45:00,12,5,13,15,45,974,11,"15, JAURES (BLD 1 JEAN)",,,Plein jour,En agglomération,Hors intersection,Normale,Autre collision,,,,,,,,,,,1,2,1,1.0,6
201200061910,0012-05-17 01:50:00,12,5,17,1,50,974,11,LANCASTEL (BOULEVARD),,,Nuit avec éclairage allumé,En agglomération,Hors intersection,Normale,Deux véhicules - frontale,,,,,,,,,,,5,2,1,1.0,1
201200061911,0012-05-18 09:40:00,12,5,18,9,40,974,11,"01, NOTRE DAME DE LA TRI",,,Plein jour,En agglomération,Giratoire,Normale,Autre collision,,,,,,,,,,,1,2,6,1.0,6
201200061912,0012-05-20 18:48:00,12,5,20,18,48,974,11,FRANCOIS (RUE GEORGES),,,Nuit avec éclairage allumé,En agglomération,Hors intersection,Normale,Autre collision,,,,,,,,,,,5,2,1,1.0,6
201200061913,0012-05-21 19:40:00,12,5,21,19,40,974,11,GOYAVIERS (ROUTE DE),,,Nuit avec éclairage allumé,Hors agglomération,Hors intersection,Normale,Sans collision,,,,,,,,,,,5,1,1,1.0,7
201200061914,0012-05-27 02:40:00,12,5,27,2,40,974,11,JAURES (BOULEVARD JEAN),,,Nuit avec éclairage allumé,En agglomération,Hors intersection,Normale,Sans collision,,,,,,,,,,,5,2,1,1.0,7
201200061915,0012-05-27 22:31:00,12,5,27,22,31,974,11,LATTRE DE TASSIGNY (AVEN,,,Nuit avec éclairage allumé,En agglomération,Giratoire,Normale,Trois véhicules et plus - collisions multiples,,,,,,,,,,,5,2,6,1.0,5
201200061916,0012-05-28 07:45:00,12,5,28,7,45,974,11,LITTORAL (ROUTE 2 DU),,,Plein jour,Hors agglomération,Hors intersection,Normale,Autre collision,,,,,,,,,,,1,1,1,1.0,6
201200061917,0012-05-29 11:15:00,12,5,29,11,15,974,11,MALARTIC (RUE),,,Plein jour,En agglomération,Intersection en X,Normale,Deux véhicules - côté,,,,,,,,,,,1,2,2,1.0,3
201200061918,0012-06-02 14:43:00,12,6,2,14,43,974,11,RUISSEAU BLANC (CHEMIN D,,,Plein jour,En agglomération,Autre intersection,Normale,Trois véhicules et plus - collisions multiples,,,,,,,,,,,1,2,9,1.0,5
201200061919,0012-06-04 08:40:00,12,6,4,8,40,974,11,DECAEN (DE L'AMIRAL),,,Plein jour,En agglomération,Hors intersection,Autre,Deux véhicules - frontale,,,,,,,,,,,1,2,1,9.0,1
201200061920,0012-06-05 19:00:00,12,6,5,19,0,974,11,"., LANCASTEL (BOULEVARD)",,,Nuit avec éclairage non allumé,En agglomération,Hors intersection,Normale,Autre collision,,,,,,,,,,,4,2,1,1.0,6
201200061921,0012-06-08 11:30:00,12,6,8,11,30,974,11,JAURES (BOULEVARD JEAN),,,Plein jour,En agglomération,Intersection en X,Normale,Deux véhicules - frontale,,,,,,,,,,,1,2,2,1.0,1
201200061922,0012-06-09 18:35:00,12,6,9,18,35,974,11,COCOTIERS (ALLEE DES),,,Nuit avec éclairage allumé,En agglomération,Giratoire,Normale,Deux véhicules - côté,,,,,,,,,,,5,2,6,1.0,3
201200061923,0012-06-13 14:10:00,12,6,13,14,10,974,11,GIMART (AVENUE STANISLAS,,,Plein jour,En agglomération,Intersection en T,Normale,Deux véhicules - côté,,,,,,,,,,,1,2,3,1.0,3
201200061924,0012-06-16 18:00:00,12,6,16,18,0,974,11,3RN2/092,,,Crépuscule ou aube,En agglomération,Hors intersection,Normale,Deux véhicules - arrière,,,,,,,,,,,2,2,1,1.0,2
201200061925,0012-06-22 08:30:00,12,6,22,8,30,974,11,GIMART (AV STANISLAS),,,Plein jour,En agglomération,Intersection en X,Pluie légère,Deux véhicules - frontale,,,,,,,,,,,1,2,2,2.0,1
201200061926,0012-06-23 14:45:00,12,6,23,14,45,974,11,1 MONTHYON (RUE),,,Plein jour,En agglomération,Hors intersection,Pluie légère,Autre collision,,,,,,,,,,,1,2,1,2.0,6
201200061927,0012-06-24 17:30:00,12,6,24,17,30,974,11,5 LITTORAL (ROUTE 1 DU),,,Plein jour,En agglomération,Hors intersection,Normale,Autre collision,,,,,,,,,,,1,2,1,1.0,6
201200061928,0012-06-25 06:15:00,12,6,25,6,15,974,11,3PALMIERS (ROUTE DES),,,Crépuscule ou aube,En agglomération,Intersection en X,Pluie légère,Deux véhicules - frontale,,,,,,,,,,,2,2,2,2.0,1
201200061929,0012-06-26 15:50:00,12,6,26,15,50,974,11,1JAURES (BOULEVARD JEAN),,,Plein jour,En agglomération,Hors intersection,Normale,Autre collision,,,,,,,,,,,1,2,1,1.0,6
201200061930,0012-07-06 10:41:00,12,7,6,10,41,974,11,7MONTHYON (RUE),,,Plein jour,En agglomération,Hors intersection,Normale,Autre collision,,,,,,,,,,,1,2,1,1.0,6
201200061931,0012-07-06 11:14:00,12,7,6,11,14,974,11,7 JAURES (BLD 1 JEAN),,,Plein jour,En agglomération,Hors intersection,Normale,Autre collision,,,,,,,,,,,1,2,1,1.0,6
201200061932,0012-07-07 01:00:00,12,7,7,1,0,974,11,2RN2/043,,,Nuit avec éclairage allumé,En agglomération,Hors intersection,Normale,Deux véhicules - frontale,,,,,,,,,,,5,2,1,1.0,1
201200061933,0012-07-07 20:15:00,12,7,7,20,15,974,11,3LECLERC (DU MARECHAL),,,Nuit avec éclairage allumé,En agglomération,Hors intersection,Neige / grêle,Deux véhicules - frontale,,,,,,,,,,,5,2,1,4.0,1
201200061934,0012-07-19 09:27:00,12,7,19,9,27,974,11,"27, MONTHYON (RUE)",,,Plein jour,En agglomération,Hors intersection,Normale,Deux véhicules - côté,,,,,,,,,,,1,2,1,1.0,3
201200061935,0012-07-22 21:30:00,12,7,22,21,30,974,11,MAZAGRAN (RUE),,,Nuit avec éclairage allumé,En agglomération,Intersection en X,Normale,Autre collision,,,,,,,,,,,5,2,2,1.0,6
201200061936,0012-07-23 07:15:00,12,7,23,7,15,974,11,LITTORAL (ROUTE 1 DU),,,Plein jour,Hors agglomération,Hors intersection,Normale,Deux véhicules - arrière,,,,,,,,,,,1,1,1,1.0,2
201200061937,0012-07-25 01:20:00,12,7,25,1,20,974,11,"0, LABOURDONNAIS",,,Nuit avec éclairage allumé,En agglomération,Intersection en X,Normale,Deux véhicules - côté,,,,,,,,,,,5,2,2,1.0,3
201200061938,0012-07-26 18:20:00,12,7,26,18,20,974,11,LANCASTEL (BOULEVARD),,,Nuit avec éclairage allumé,En agglomération,Hors intersection,Normale,Autre collision,,,,,,,,,,,5,2,1,1.0,6
201200061939,0012-07-30 16:00:00,12,7,30,16,0,974,11,RN2/043,,,Plein jour,Hors agglomération,Hors intersection,Normale,Autre collision,,,,,,,,,,,1,1,1,1.0,6
201200061940,0012-08-01 17:55:00,12,8,1,17,55,974,11,RIVIERE DES PLUIES (ROUT,,,Plein jour,En agglomération,Intersection en X,Normale,Deux véhicules - côté,,,,,,,,,,,1,2,2,1.0,3
201200061941,0012-08-01 21:50:00,12,8,1,21,50,974,11,LECONTE DE LISLE (AVENUE,,,Nuit avec éclairage allumé,En agglomération,Intersection en X,Normale,Deux véhicules - côté,,,,,,,,,,,5,2,2,1.0,3
201200061942,0012-08-02 16:15:00,12,8,2,16,15,974,11,BEARN (RUE DU),,,Plein jour,En agglomération,Autre intersection,Normale,Deux véhicules - côté,,,,,,,,,,,1,2,9,1.0,3
201200061943,0012-08-02 06:25:00,12,8,2,6,25,974,11,LECLERC (DU MARECHAL),,,Nuit avec éclairage allumé,En agglomération,Hors intersection,Normale,Deux véhicules - côté,,,,,,,,,,,5,2,1,1.0,3
201200061944,0012-08-04 17:10:00,12,8,4,17,10,974,11,MACE (BOULEVARD GABRIEL),,,Plein jour,En agglomération,Intersection en Y,Normale,Deux véhicules - côté,,,,,,,,,,,1,2,4,1.0,3
201200061945,0012-08-04 21:05:00,12,8,4,21,5,974,11,MARIE (RUE SAINTE),,,Nuit avec éclairage allumé,En agglomération,Autre intersection,Normale,Deux véhicules - côté,,,,,,,,,,,5,2,9,1.0,3
201200061946,0012-08-05 00:10:00,12,8,5,0,10,974,11,LITTORAL (ROUTE 3 DU),,,Nuit sans éclairage public,Hors agglomération,Hors intersection,Normale,Sans collision,,,,,,,,,,,3,1,1,1.0,7
201200061947,0012-08-07 17:40:00,12,8,7,17,40,974,11,"120, PASTEUR (RUE)",,,Plein jour,En agglomération,Hors intersection,Normale,Sans collision,,,,,,,,,,,1,2,1,1.0,7
201200061948,0012-08-08 10:40:00,12,8,8,10,40,974,11,"59, PALMIERS (CHEMIN DES",,,Plein jour,En agglomération,Hors intersection,Normale,Autre collision,,,,,,,,,,,1,2,1,1.0,6
201200061949,0012-08-09 09:05:00,12,8,9,9,5,974,11,JAURES (BOULEVARD JEAN),,,Plein jour,En agglomération,Giratoire,Normale,Autre collision,,,,,,,,,,,1,2,6,1.0,6
201200061950,0012-08-10 17:00:00,12,8,10,17,0,974,11,"37, MOUFIA (ROUTE DE)",,,Plein jour,En agglomération,Hors intersection,Autre,Autre collision,,,,,,,,,,,1,2,1,9.0,6
201200061951,0012-08-11 20:45:00,12,8,11,20,45,974,11,JAURES (BLD 1 JEAN),,,Nuit avec éclairage allumé,En agglomération,Hors intersection,Normale,Autre collision,,,,,,,,,,,5,2,1,1.0,6
201200061952,0012-08-12 16:00:00,12,8,12,16,0,974,11,MACE (BOULEVARD GABRIEL),,,Plein jour,En agglomération,Hors intersection,Normale,Deux véhicules - frontale,,,,,,,,,,,1,2,1,1.0,1
201200061953,0012-08-17 15:10:00,12,8,17,15,10,974,11,LANCASTEL (BOULEVARD),,,Plein jour,En agglomération,Hors intersection,Normale,Autre collision,,,,,,,,,,,1,2,1,1.0,6
201200061954,0012-08-22 19:10:00,12,8,22,19,10,974,11,MONTAGNE (ROUTE DE LA),,,Nuit avec éclairage allumé,Hors agglomération,Intersection en T,Normale,Sans collision,,,,,,,,,,,5,1,3,1.0,7
201200061955,0012-08-24 19:50:00,12,8,24,19,50,974,11,JAURES (BOULEVARD JEAN),,,Nuit avec éclairage allumé,En agglomération,Hors intersection,Normale,Deux véhicules - arrière,,,,,,,,,,,5,2,1,1.0,2
201200061956,0012-08-27 08:35:00,12,8,27,8,35,974,11,"38, EUCALYPTUS (ROUTE DE",,,Plein jour,Hors agglomération,Hors intersection,Normale,Autre collision,,,,,,,,,,,1,1,1,1.0,6
201200061957,0012-08-31 16:00:00,12,8,31,16,0,974,11,NONGE (AVENUE EUDOXIE),,,Plein jour,En agglomération,Intersection en T,Normale,Deux véhicules - côté,,,,,,,,,,,1,2,3,1.0,3
201200061958,0012-09-01 02:47:00,12,9,1,2,47,974,11,"21, BOIS ROUGE (CHEMIN D",,,Nuit avec éclairage allumé,En agglomération,Hors intersection,Normale,Deux véhicules - frontale,,,,,,,,,,,5,2,1,1.0,1
201200061959,0012-06-03 11:10:00,12,6,3,11,10,974,11,"17, MARTINIQUE (RUE DE L",,,Plein jour,En agglomération,Intersection en X,Normale,Deux véhicules - côté,,,,,,,,,,,1,2,2,1.0,3
201200061960,0012-09-04 12:25:00,12,9,4,12,25,974,11,"135, MONTHYON (RUE)",,,Plein jour,En agglomération,Autre intersection,Normale,Deux véhicules - côté,,,,,,,,,,,1,2,9,1.0,3
201200061961,0012-09-10 13:55:00,12,9,10,13,55,974,11,"0, MALRAUX (AVENUE ANDRE",,,Plein jour,En agglomération,Intersection en Y,Normale,Autre collision,,,,,,,,,,,1,2,4,1.0,6
201200061962,0012-09-10 18:20:00,12,9,10,18,20,974,11,"59, GARROS (ROLAND)",,,Nuit avec éclairage allumé,En agglomération,Autre intersection,Normale,Autre collision,,,,,,,,,,,5,2,9,1.0,6
201200061963,0012-09-10 07:00:00,12,9,10,7,0,974,11,"103, BRULE (ROUTE DU)",,,Plein jour,Hors agglomération,Hors intersection,Normale,Deux véhicules - côté,,,,,,,,,,,1,1,1,1.0,3
201200061964,0012-09-15 15:13:00,12,9,15,15,13,974,11,CAZAMIAN (RUE DES FRERES,,,Plein jour,En agglomération,Hors intersection,Normale,Autre collision,,,,,,,,,,,1,2,1,1.0,6
201200061965,0012-09-19 10:20:00,12,9,19,10,20,974,11,4JAURES (BLD 2 JEAN),,,Plein jour,En agglomération,Hors intersection,Normale,Autre collision,,,,,,,,,,,1,2,1,1.0,6
201200061966,0012-09-19 15:20:00,12,9,19,15,20,974,11,"288, LECONTE DE LISLE (A",,,Plein jour,En agglomération,Hors intersection,Normale,Autre collision,,,,,,,,,,,1,2,1,1.0,6
201200061967,0012-09-19 19:35:00,12,9,19,19,35,974,11,2LECLERC (DU MARECHAL),,,Nuit avec éclairage allumé,En agglomération,Hors intersection,Autre,Autre collision,,,,,,,,,,,5,2,1,9.0,6
201200061968,0012-09-23 01:17:00,12,9,23,1,17,974,11,1RN2/111,,,Nuit avec éclairage allumé,En agglomération,Hors intersection,Normale,Autre collision,,,,,,,,,,,5,2,1,1.0,6
201200061969,0012-09-23 10:38:00,12,9,23,10,38,974,11,RIVIERE DES PLUIES (RTE),,,Plein jour,En agglomération,Hors intersection,Normale,Autre collision,,,,,,,,,,,1,2,1,1.0,6
201200061970,0012-09-26 21:00:00,12,9,26,21,0,974,11,"662, HUBERT DELISLE (AV)",,,Nuit avec éclairage allumé,En agglomération,Hors intersection,Normale,Autre collision,,,,,,,,,,,5,2,1,1.0,6
201200061971,0012-09-27 11:45:00,12,9,27,11,45,974,11,"612, ND DE LA TRINITE",,,Plein jour,En agglomération,Hors intersection,Normale,Autre collision,,,,,,,,,,,1,2,1,1.0,6
201200061972,0012-09-30 20:39:00,12,9,30,20,39,974,11,"74, GIMART (AV STANILAS)",,,Nuit avec éclairage allumé,En agglomération,Hors intersection,Autre,Autre collision,,,,,,,,,,,5,2,1,9.0,6
201200061973,0012-10-02 17:30:00,12,10,2,17,30,974,11,"32, LECONTE DE LISLE (AV",,,Plein jour,En agglomération,Hors intersection,Autre,Deux véhicules - frontale,,,,,,,,,,,1,2,1,9.0,1
201200061974,0012-10-03 15:20:00,12,10,3,15,20,974,11,"6103, RUISSEAU DES NOIRS",,,Plein jour,En agglomération,Hors intersection,Normale,Autre collision,,,,,,,,,,,1,2,1,1.0,6
201200061975,0012-10-04 10:00:00,12,10,4,10,0,974,11,1LECLERC (DU MARECHAL),,,Plein jour,En agglomération,Intersection en X,Pluie légère,Autre collision,,,,,,,,,,,1,2,2,2.0,6
201200061976,0012-10-04 13:18:00,12,10,4,13,18,974,11,3PARIS (RUE DE),,,Plein jour,En agglomération,Intersection en X,Pluie légère,Deux véhicules - frontale,,,,,,,,,,,1,2,2,2.0,1
201200061977,0012-10-11 10:50:00,12,10,11,10,50,974,11,3 GASPARIN (LUCIEN),,,Plein jour,En agglomération,Hors intersection,Normale,Autre collision,,,,,,,,,,,1,2,1,1.0,6
201200061978,0012-10-11 18:10:00,12,10,11,18,10,974,11,6PARIS (RUE DE),,,Plein jour,En agglomération,Intersection en X,Pluie légère,Autre collision,,,,,,,,,,,1,2,2,2.0,6
201200061979,0012-10-13 06:50:00,12,10,13,6,50,974,11,4 MACE (BD GABRIEL),,,Plein jour,En agglomération,Hors intersection,Normale,Trois véhicules et plus - en chaîne,,,,,,,,,,,1,2,1,1.0,4
201200061980,0012-10-13 17:00:00,12,10,13,17,0,974,11,1 JAURES (BD JEAN),,,Plein jour,En agglomération,Intersection en X,Pluie légère,Autre collision,,,,,,,,,,,1,2,2,2.0,6
201200061981,0012-10-22 17:00:00,12,10,22,17,0,974,11,BAILLY (CHEMIN),,,Plein jour,En agglomération,Hors intersection,Normale,Deux véhicules - côté,,,,,,,,,,,1,2,1,1.0,3
201200061982,0012-10-24 08:18:00,12,10,24,8,18,974,11,"1, LATTRE DE TASSIGNY (A",,,Plein jour,En agglomération,Intersection en X,Normale,Deux véhicules - côté,,,,,,,,,,,1,2,2,1.0,3
201200061983,0012-10-25 08:18:00,12,10,25,8,18,974,11,JAURES (BLD 1 JEAN),,,Plein jour,En agglomération,Intersection en X,Normale,Autre collision,,,,,,,,,,,1,2,2,1.0,6
201200061984,0012-10-26 15:37:00,12,10,26,15,37,974,11,"20/22, PAYET (RUE ROGER)",,,Plein jour,En agglomération,Autre intersection,Normale,Deux véhicules - côté,,,,,,,,,,,1,2,9,1.0,3
201200061985,0012-11-08 07:11:00,12,11,8,7,11,974,11,AUBER (RUE JULES),,,Plein jour,En agglomération,Intersection en X,Normale,Deux véhicules - côté,,,,,,,,,,,1,2,2,1.0,3
201200061986,0012-11-13 10:10:00,12,11,13,10,10,974,11,JACOB,,,Plein jour,En agglomération,Intersection en X,Normale,Deux véhicules - côté,,,,,,,,,,,1,2,2,1.0,3
201200061987,0012-11-19 07:50:00,12,11,19,7,50,974,11,NANTIER (RUE DIDIER),,,Plein jour,En agglomération,Intersection en X,Normale,Deux véhicules - frontale,,,,,,,,,,,1,2,2,1.0,1