accident_id,datetime,annee,mois,jour,heure,minute,departement,commune_insee,adresse,latitude,longitude,luminosite,agglomeration,intersection,meteo,collision,nb_vehicules,nb_usagers,nb_indemnes,nb_tues,nb_blesses_hosp,nb_blesses_legers,age_cond_1,age_cond_2,veh_type_cond_1,veh_type_cond_2,lum_code,agg_code,int_code,atm_code,col_code
201200061988,0012-11-18 19:35:00,12,11,18,19,35,974,11,RN2/111,,,Nuit sans éclairage public,Hors agglomération,Hors intersection,Normale,Deux véhicules - arrière,,,,,,,,,,,3,1,1,1.0,2
201200061989,0012-11-15 12:20:00,12,11,15,12,20,974,11,"20, KERVEGUEN(GABRIEL D)",,,Plein jour,En agglomération,Hors intersection,Normale,Deux véhicules - côté,,,,,,,,,,,1,2,1,1.0,3
201200061990,0012-11-26 12:39:00,12,11,26,12,39,974,11,OCEAN (BOULEVARD DE L'),,,Plein jour,En agglomération,Hors intersection,Normale,Autre collision,,,,,,,,,,,1,2,1,1.0,6
201200061991,0012-12-04 17:14:00,12,12,4,17,14,974,11,KARTING (DU),,,Plein jour,En agglomération,Hors intersection,Normale,Autre collision,,,,,,,,,,,1,2,1,1.0,6
201200061992,0012-12-16 03:25:00,12,12,16,3,25,974,11,"61, RAMBAUD (LEOPOLD)",,,Nuit avec éclairage allumé,En agglomération,Hors intersection,Normale,Autre collision,,,,,,,,,,,5,2,1,1.0,6
201200061993,0012-12-19 13:30:00,12,12,19,13,30,974,11,"23, EUCALYPTUS (ROUTE DE",,,Plein jour,Hors agglomération,Hors intersection,Temps couvert,Deux véhicules - frontale,,,,,,,,,,,1,1,1,8.0,1
201200061994,0012-01-02 14:00:00,12,1,2,14,0,974,16,"SANS, RECHERCHANT(RUE AD",,,Plein jour,Hors agglomération,Hors intersection,Normale,Deux véhicules - côté,,,,,,,,,,,1,1,1,1.0,3
201200061995,0012-01-03 00:05:00,12,1,3,0,5,974,16,"SANS, AXEL DORSEUIL(RUEL",,,Nuit sans éclairage public,En agglomération,Hors intersection,Normale,Autre collision,,,,,,,,,,,3,2,1,1.0,6
201200061996,0012-01-04 06:35:00,12,1,4,6,35,974,16,RN02,,,Plein jour,Hors agglomération,Hors intersection,Normale,Sans collision,,,,,,,,,,,1,1,1,1.0,7
201200061997,0012-01-05 02:50:00,12,1,5,2,50,974,16,"SANS, BOEUF(CHEMIN)",,,Nuit sans éclairage public,Hors agglomération,Hors intersection,Normale,Sans collision,,,,,,,,,,,3,1,1,1.0,7
201200061998,0012-01-06 09:30:00,12,1,6,9,30,974,16,RN 01,,,Plein jour,Hors agglomération,Hors intersection,Normale,Deux véhicules - côté,,,,,,,,,,,1,1,1,1.0,3
201200061999,0012-01-09 16:20:00,12,1,9,16,20,974,16,ROND POINT DE LA BALANCE,,,Plein jour,Hors agglomération,Hors intersection,Normale,Sans collision,,,,,,,,,,,1,1,1,1.0,7
201200062000,0012-01-10 07:45:00,12,1,10,7,45,974,16,RN03,,,Plein jour,Hors agglomération,Hors intersection,Normale,Sans collision,,,,,,,,,,,1,1,1,1.0,7
201200062001,0012-01-13 16:25:00,12,1,13,16,25,974,16,RN03,,,Plein jour,Hors agglomération,Hors intersection,Normale,Sans collision,,,,,,,,,,,1,1,1,1.0,7
201200062002,0012-01-13 14:40:00,12,1,13,14,40,974,16,"SANS, ENTRE DEUX(route d",,,Plein jour,En agglomération,Hors intersection,Normale,Deux véhicules - côté,,,,,,,,,,,1,2,1,1.0,3
201200062003,0012-01-15 02:50:00,12,1,15,2,50,974,16,"1, BOIS NOIRS(ALLEE DES)",,,Nuit sans éclairage public,Hors agglomération,Hors intersection,Normale,Sans collision,,,,,,,,,,,3,1,1,1.0,7
201200062004,0012-01-15 08:28:00,12,1,15,8,28,974,16,"182, LEBLOND(RUE M. ET A",,,Plein jour,En agglomération,Hors intersection,Vent fort / tempête,Sans collision,,,,,,,,,,,1,2,1,6.0,7
201200062005,0012-01-16 20:10:00,12,1,16,20,10,974,16,RN03,,,Nuit sans éclairage public,Hors agglomération,Hors intersection,Pluie légère,Sans collision,,,,,,,,,,,3,1,1,2.0,7
201200062006,0012-01-19 11:15:00,12,1,19,11,15,974,16,RN03,,,Plein jour,Hors agglomération,Hors intersection,Pluie légère,Sans collision,,,,,,,,,,,1,1,1,2.0,7
201200062007,0012-01-20 15:35:00,12,1,20,15,35,974,16,"57, BABET (RUE A)",,,Plein jour,En agglomération,Hors intersection,Normale,Deux véhicules - côté,,,,,,,,,,,1,2,1,1.0,3
201200062008,0012-01-20 18:15:00,12,1,20,18,15,974,16,"15, LORION(RUE LUC)",,,Crépuscule ou aube,En agglomération,Hors intersection,Normale,Trois véhicules et plus - en chaîne,,,,,,,,,,,2,2,1,1.0,4
201200062009,0012-01-20 21:05:00,12,1,20,21,5,974,16,"SANS, PRESBYTERE(RUE)",,,Nuit avec éclairage allumé,En agglomération,Intersection en X,Normale,Deux véhicules - côté,,,,,,,,,,,5,2,2,1.0,3
201200062010,0012-01-20 23:30:00,12,1,20,23,30,974,16,RN03,,,Nuit sans éclairage public,Hors agglomération,Hors intersection,Normale,Sans collision,,,,,,,,,,,3,1,1,1.0,7
201200062011,0012-01-22 18:40:00,12,1,22,18,40,974,16,"SANS, JEAN XXIII(RUE)",,,Crépuscule ou aube,Hors agglomération,Hors intersection,Normale,Sans collision,,,,,,,,,,,2,1,1,1.0,7
201200062012,0012-01-23 08:25:00,12,1,23,8,25,974,16,"SANS, DE LA ZONE(ALLEE)",,,Plein jour,Hors agglomération,Hors intersection,Normale,Sans collision,,,,,,,,,,,1,1,1,1.0,7
201200062013,0012-01-24 07:30:00,12,1,24,7,30,974,16,"sans, MAC DONALD(ROND PO",,,Plein jour,En agglomération,Giratoire,Temps éblouissant,Sans collision,,,,,,,,,,,1,2,6,7.0,7
201200062014,0012-01-26 15:40:00,12,1,26,15,40,974,16,DEJEAN (RUE GABRIEL),,,Plein jour,En agglomération,Intersection en X,Normale,Deux véhicules - côté,,,,,,,,,,,1,2,2,1.0,3
201200062015,0012-01-26 16:50:00,12,1,26,16,50,974,16,"SANS, BONS ENFANTS(RUE)",,,Plein jour,En agglomération,Hors intersection,Normale,Sans collision,,,,,,,,,,,1,2,1,1.0,7
201200062016,0012-01-27 06:03:00,12,1,27,6,3,974,16,RN02,,,Crépuscule ou aube,En agglomération,Hors intersection,Normale,Deux véhicules - frontale,,,,,,,,,,,2,2,1,1.0,1
201200062017,0012-01-30 00:05:00,12,1,30,0,5,974,16,"SANS, ANCIENNE RN 1",,,Nuit sans éclairage public,Hors agglomération,Hors intersection,Normale,Sans collision,,,,,,,,,,,3,1,1,1.0,7
201200062018,0012-01-31 07:45:00,12,1,31,7,45,974,16,RN03,,,Plein jour,Hors agglomération,Hors intersection,Normale,Sans collision,,,,,,,,,,,1,1,1,1.0,7
201200062019,0012-02-03 09:30:00,12,2,3,9,30,974,16,RN03,,,Plein jour,Hors agglomération,Hors intersection,Normale,Sans collision,,,,,,,,,,,1,1,1,1.0,7
201200062020,0012-02-04 17:17:00,12,2,4,17,17,974,16,"SANS, ANCIENNE RN2",,,Plein jour,Hors agglomération,Hors intersection,Normale,Deux véhicules - frontale,,,,,,,,,,,1,1,1,1.0,1
201200062021,0012-02-04 18:10:00,12,2,4,18,10,974,16,"4, KICHENIN VAILLANT(IMP",,,Crépuscule ou aube,Hors agglomération,Hors intersection,Normale,Sans collision,,,,,,,,,,,2,1,1,1.0,7
201200062022,0012-02-09 15:14:00,12,2,9,15,14,974,16,"SANS, ANCIENNE RN 1",,,Plein jour,Hors agglomération,Hors intersection,Normale,Deux véhicules - arrière,,,,,,,,,,,1,1,1,1.0,2
201200062023,0012-02-10 20:04:00,12,2,10,20,4,974,16,RN02,,,Nuit sans éclairage public,Hors agglomération,Hors intersection,Normale,Sans collision,,,,,,,,,,,3,1,1,1.0,7
201200062024,0012-02-11 06:35:00,12,2,11,6,35,974,16,"66, VIGOUREUX(RUE VICTOR",,,Crépuscule ou aube,En agglomération,Hors intersection,Normale,Deux véhicules - côté,,,,,,,,,,,2,2,1,1.0,3
201200062025,0012-02-12 06:55:00,12,2,12,6,55,974,16,RN03,,,Plein jour,Hors agglomération,Hors intersection,Pluie légère,Sans collision,,,,,,,,,,,1,1,1,2.0,7
201200062026,0012-02-12 21:05:00,12,2,12,21,5,974,16,"SANS, LENORMAND(CHEMIN)",,,Nuit sans éclairage public,Hors agglomération,Hors intersection,Normale,Deux véhicules - frontale,,,,,,,,,,,3,1,1,1.0,1
201200062027,0012-02-14 17:15:00,12,2,14,17,15,974,16,"127, AUGUSTIN ARCHAMBAUD",,,Plein jour,En agglomération,Hors intersection,Normale,Deux véhicules - côté,,,,,,,,,,,1,2,1,1.0,3
201200062028,0012-02-16 16:00:00,12,2,16,16,0,974,16,"SANS, CROIX DE JUBILE (C",,,Plein jour,En agglomération,Hors intersection,Normale,Deux véhicules - côté,,,,,,,,,,,1,2,1,1.0,3
201200062029,0012-02-17 07:30:00,12,2,17,7,30,974,16,"SANS, HUBERT DE LISLE(BO",,,Plein jour,En agglomération,Intersection en X,Normale,Deux véhicules - côté,,,,,,,,,,,1,2,2,1.0,3
201200062030,0012-02-17 20:00:00,12,2,17,20,0,974,16,"69, HIPPOLYTE  PIOT (RUE",,,Nuit sans éclairage public,En agglomération,Hors intersection,Normale,Deux véhicules - frontale,,,,,,,,,,,3,2,1,1.0,1
201200062031,0012-02-19 05:15:00,12,2,19,5,15,974,16,"55, PERE MAITRE(RUE DU)",,,Nuit sans éclairage public,Hors agglomération,Hors intersection,Normale,Deux véhicules - arrière,,,,,,,,,,,3,1,1,1.0,2
201200062032,0012-02-21 09:20:00,12,2,21,9,20,974,16,"SANS, LEBLOND(RUE M. ET",,,Plein jour,En agglomération,Hors intersection,Normale,Deux véhicules - côté,,,,,,,,,,,1,2,1,1.0,3
201200062033,0012-02-22 07:10:00,12,2,22,7,10,974,16,"129, VIGOUREUX(RUE VICTO",,,Plein jour,En agglomération,Hors intersection,Normale,Sans collision,,,,,,,,,,,1,2,1,1.0,7
201200062034,0012-02-22 17:40:00,12,2,22,17,40,974,16,"SANS, DE LA ZONE(ALLEE)",,,Crépuscule ou aube,Hors agglomération,Hors intersection,Normale,Deux véhicules - côté,,,,,,,,,,,2,1,1,1.0,3
201200062035,0012-02-23 17:00:00,12,2,23,17,0,974,16,RN03,,,Crépuscule ou aube,Hors agglomération,Hors intersection,Pluie légère,Sans collision,,,,,,,,,,,2,1,1,2.0,7
201200062036,0012-02-23 18:00:00,12,2,23,18,0,974,16,RN 01,,,Nuit sans éclairage public,Hors agglomération,Hors intersection,Normale,Sans collision,,,,,,,,,,,3,1,1,1.0,7
201200062037,0012-02-24 18:30:00,12,2,24,18,30,974,16,"45, AMIRAL LACAZE(RUE)",,,Nuit sans éclairage public,En agglomération,Hors intersection,Normale,Sans collision,,,,,,,,,,,3,2,1,1.0,7
201200062038,0012-02-29 03:10:00,12,2,29,3,10,974,16,"SANS, ANCIENNE NATIONALE",,,Nuit sans éclairage public,Hors agglomération,Hors intersection,Normale,Sans collision,,,,,,,,,,,3,1,1,1.0,7
201200062039,0012-02-29 13:20:00,12,2,29,13,20,974,16,RN03,,,Plein jour,Hors agglomération,Hors intersection,Normale,Autre collision,,,,,,,,,,,1,1,1,1.0,6
201200062040,0012-03-01 05:45:00,12,3,1,5,45,974,16,"141, PRESIDENT MITTERAND",,,Nuit sans éclairage public,En agglomération,Hors intersection,Normale,Deux véhicules - frontale,,,,,,,,,,,3,2,1,1.0,1
201200062041,0012-03-02 03:45:00,12,3,2,3,45,974,16,"SANS, AUGUSTIN ARCHAMBAU",,,Nuit sans éclairage public,En agglomération,Hors intersection,Normale,Sans collision,,,,,,,,,,,3,2,1,1.0,7
201200062042,0012-03-02 18:20:00,12,3,2,18,20,974,16,"60, LENORMAND(CHEMIN)",,,Nuit sans éclairage public,Hors agglomération,Hors intersection,Normale,Deux véhicules - arrière,,,,,,,,,,,3,1,1,1.0,2
201200062043,0012-03-02 20:45:00,12,3,2,20,45,974,16,"SANS, HIPPOLYTE  PIOT (R",,,Nuit sans éclairage public,Hors agglomération,Hors intersection,Normale,Sans collision,,,,,,,,,,,3,1,1,1.0,7
201200062044,0012-03-02 23:15:00,12,3,2,23,15,974,16,"SANS, ANCIENNE RN 1",,,Nuit sans éclairage public,Hors agglomération,Hors intersection,Normale,Deux véhicules - côté,,,,,,,,,,,3,1,1,1.0,3
201200062045,0012-03-03 22:40:00,12,3,3,22,40,974,16,"SANS, CAYENNE (RUE)",,,Nuit avec éclairage allumé,En agglomération,Intersection en X,Normale,Deux véhicules - côté,,,,,,,,,,,5,2,2,1.0,3
201200062046,0012-03-05 13:50:00,12,3,5,13,50,974,16,CD 26,,,Plein jour,Hors agglomération,Hors intersection,Normale,Deux véhicules - frontale,,,,,,,,,,,1,1,1,1.0,1
201200062047,0012-03-06 06:15:00,12,3,6,6,15,974,16,"SANS, FOUR A CHAUX(RUE D",,,Crépuscule ou aube,Hors agglomération,Intersection en X,Normale,Deux véhicules - côté,,,,,,,,,,,2,1,2,1.0,3
201200062048,0012-03-07 12:10:00,12,3,7,12,10,974,16,RN03,,,Plein jour,Hors agglomération,Hors intersection,Normale,Deux véhicules - arrière,,,,,,,,,,,1,1,1,1.0,2
201200062049,0012-03-10 18:30:00,12,3,10,18,30,974,16,"SANS, FLAMBOYANTS(ALLEE",,,Nuit sans éclairage public,En agglomération,Hors intersection,Normale,Sans collision,,,,,,,,,,,3,2,1,1.0,7
201200062050,0012-03-11 13:50:00,12,3,11,13,50,974,16,"SANS, ANCIENNE RN2",,,Plein jour,Hors agglomération,Hors intersection,Normale,Sans collision,,,,,,,,,,,1,1,1,1.0,7
201200062051,0012-03-13 09:55:00,12,3,13,9,55,974,16,"SANS, AUGUSTIN ARCHAMBAU",,,Plein jour,Hors agglomération,Hors intersection,Normale,Deux véhicules - côté,,,,,,,,,,,1,1,1,1.0,3
201200062052,0012-03-15 19:40:00,12,3,15,19,40,974,16,RN03,,,Nuit sans éclairage public,Hors agglomération,Hors intersection,Pluie forte,Sans collision,,,,,,,,,,,3,1,1,3.0,7
201200062053,0012-03-17 16:15:00,12,3,17,16,15,974,16,RN03,,,Plein jour,Hors agglomération,Hors intersection,Pluie forte,Sans collision,,,,,,,,,,,1,1,1,3.0,7
201200062054,0012-03-18 18:40:00,12,3,18,18,40,974,16,"SANS, CAYENNE (RUE)",,,Nuit sans éclairage public,En agglomération,Hors intersection,Normale,Sans collision,,,,,,,,,,,3,2,1,1.0,7
201200062055,0012-03-19 08:15:00,12,3,19,8,15,974,16,"SANS, AHON ANTONIN(CHEMI",,,Plein jour,En agglomération,Hors intersection,Normale,Trois véhicules et plus - en chaîne,,,,,,,,,,,1,2,1,1.0,4
201200062056,0012-03-21 09:50:00,12,3,21,9,50,974,16,"SANS, BABET (RUE A)",,,Plein jour,En agglomération,Hors intersection,Normale,Deux véhicules - arrière,,,,,,,,,,,1,2,1,1.0,2
201200062057,0012-03-22 14:45:00,12,3,22,14,45,974,16,"SANS, ANCIENNE RN 1",,,Plein jour,Hors agglomération,Hors intersection,Normale,Sans collision,,,,,,,,,,,1,1,1,1.0,7
201200062058,0012-03-23 17:40:00,12,3,23,17,40,974,16,RN03,,,Crépuscule ou aube,Hors agglomération,Hors intersection,Normale,Sans collision,,,,,,,,,,,2,1,1,1.0,7
201200062059,0012-03-23 18:35:00,12,3,23,18,35,974,16,"SANS, STEPHANE(CHEMIN)",,,Nuit sans éclairage public,Hors agglomération,Intersection en T,Normale,Deux véhicules - côté,,,,,,,,,,,3,1,3,1.0,3
201200062060,0012-03-24 18:15:00,12,3,24,18,15,974,16,"SANS, PRESBYTERE(RUE)",,,Nuit avec éclairage allumé,En agglomération,Intersection en X,Normale,Deux véhicules - côté,,,,,,,,,,,5,2,2,1.0,3
201200062061,0012-03-24 21:05:00,12,3,24,21,5,974,16,"SANS, RECHERCHANT(RUE AD",,,Nuit sans éclairage public,Hors agglomération,Hors intersection,Normale,Sans collision,,,,,,,,,,,3,1,1,1.0,7
201200062062,0012-03-25 10:30:00,12,3,25,10,30,974,16,"SANS, BOIS NOIRS(ALLEE D",,,Plein jour,Hors agglomération,Hors intersection,Normale,Deux véhicules - côté,,,,,,,,,,,1,1,1,1.0,3
201200062063,0012-03-25 14:35:00,12,3,25,14,35,974,16,"SANS, ANCIENNE RN2",,,Plein jour,Hors agglomération,Hors intersection,Normale,Deux véhicules - arrière,,,,,,,,,,,1,1,1,1.0,2
201200062064,0012-03-25 17:25:00,12,3,25,17,25,974,16,"SANS, CD 29",,,Plein jour,Hors agglomération,Hors intersection,Normale,Sans collision,,,,,,,,,,,1,1,1,1.0,7
201200062065,0012-03-25 18:55:00,12,3,25,18,55,974,16,"SANS, HUBERT DE LISLE(BO",,,Nuit sans éclairage public,En agglomération,Hors intersection,Normale,Sans collision,,,,,,,,,,,3,2,1,1.0,7
201200062066,0012-03-27 21:50:00,12,3,27,21,50,974,16,RN 01,,,Nuit avec éclairage non allumé,Hors agglomération,Hors intersection,Pluie forte,Sans collision,,,,,,,,,,,4,1,1,3.0,7
201200062067,0012-03-28 08:05:00,12,3,28,8,5,974,16,RN03,,,Plein jour,Hors agglomération,Hors intersection,Pluie forte,Sans collision,,,,,,,,,,,1,1,1,3.0,7
201200062068,0012-03-29 19:05:00,12,3,29,19,5,974,16,"SANS, GAGARINE(RUE Y.)",,,Nuit sans éclairage public,Hors agglomération,Intersection en T,Normale,Deux véhicules - côté,,,,,,,,,,,3,1,3,1.0,3
201200062069,0012-03-31 16:00:00,12,3,31,16,0,974,16,"60, CAUMONT",,,Plein jour,En agglomération,Hors intersection,Normale,Sans collision,,,,,,,,,,,1,2,1,1.0,7
201200062070,0012-04-03 15:40:00,12,4,3,15,40,974,16,"sans, PONT BASSIN 18",,,Plein jour,Hors agglomération,Hors intersection,Normale,Sans collision,,,,,,,,,,,1,1,1,1.0,7
201200062071,0012-04-04 14:35:00,12,4,4,14,35,974,16,"51, AUGUSTIN ARCHAMBAUD(",,,Plein jour,En agglomération,Hors intersection,Normale,Deux véhicules - côté,,,,,,,,,,,1,2,1,1.0,3
201200062072,0012-04-05 08:00:00,12,4,5,8,0,974,16,"SANS, LORION(RUE LUC)",,,Plein jour,En agglomération,Intersection en T,Normale,Deux véhicules - côté,,,,,,,,,,,1,2,3,1.0,3
201200062073,0012-04-07 12:40:00,12,4,7,12,40,974,16,"165, LEBLOND(RUE M. ET A",,,Plein jour,En agglomération,Hors intersection,Normale,Deux véhicules - arrière,,,,,,,,,,,1,2,1,1.0,2
201200062074,0012-04-08 13:40:00,12,4,8,13,40,974,16,"SANS, LIGNE DES BAMBOUS(",,,Plein jour,En agglomération,Hors intersection,Normale,Deux véhicules - frontale,,,,,,,,,,,1,2,1,1.0,1
201200062075,0012-04-09 17:15:00,12,4,9,17,15,974,16,"sans, LIGNE DES BAMBOUS(",,,Plein jour,Hors agglomération,Hors intersection,Normale,Deux véhicules - côté,,,,,,,,,,,1,1,1,1.0,3
201200062076,0012-04-10 16:40:00,12,4,10,16,40,974,16,"sans, DU LYCEE(RUE)",,,Plein jour,En agglomération,Hors intersection,Normale,Sans collision,,,,,,,,,,,1,2,1,1.0,7
201200062077,0012-04-11 00:01:00,12,4,11,0,1,974,16,"SANS, RN03",,,Nuit avec éclairage allumé,Hors agglomération,Hors intersection,Normale,Autre collision,,,,,,,,,,,5,1,1,1.0,6
201200062078,0012-04-11 12:10:00,12,4,11,12,10,974,16,"137, LEBLOND(RUE M. ET A",,,Plein jour,En agglomération,Hors intersection,Normale,Deux véhicules - côté,,,,,,,,,,,1,2,1,1.0,3
201200062079,0012-04-12 09:00:00,12,4,12,9,0,974,16,"SANS, RN03",,,Plein jour,Hors agglomération,Hors intersection,Normale,Deux véhicules - arrière,,,,,,,,,,,1,1,1,1.0,2
201200062080,0012-04-12 18:04:00,12,4,12,18,4,974,16,RN 01,,,Nuit sans éclairage public,Hors agglomération,Hors intersection,Normale,Sans collision,,,,,,,,,,,3,1,1,1.0,7
201200062081,0012-04-13 17:45:00,12,4,13,17,45,974,16,"SANS, LORION(RUE LUC)",,,Plein jour,En agglomération,Intersection en T,Normale,Autre collision,,,,,,,,,,,1,2,3,1.0,6
201200062082,0012-04-13 18:00:00,12,4,13,18,0,974,16,FOUR A CHAUX(RUE DU),,,Plein jour,En agglomération,Hors intersection,Normale,Sans collision,,,,,,,,,,,1,2,1,1.0,7
201200062083,0012-04-15 01:55:00,12,4,15,1,55,974,16,"32, DES ASSISES(CHEMIN)",,,Nuit avec éclairage non allumé,En agglomération,Hors intersection,Normale,Deux véhicules - frontale,,,,,,,,,,,4,2,1,1.0,1
201200062084,0012-04-15 18:40:00,12,4,15,18,40,974,16,"109, GENERAL DE GAULLE(A",,,Plein jour,En agglomération,Hors intersection,Normale,Deux véhicules - arrière,,,,,,,,,,,1,2,1,1.0,2
201200062085,0012-04-19 17:55:00,12,4,19,17,55,974,16,"sans, RECHERCHANT(RUE AD",,,Plein jour,Hors agglomération,Hors intersection,Normale,Sans collision,,,,,,,,,,,1,1,1,1.0,7
201200062086,0012-04-20 17:00:00,12,4,20,17,0,974,16,"SANS, LEBLOND(RUE M. ET",,,Plein jour,En agglomération,Hors intersection,Normale,Deux véhicules - côté,,,,,,,,,,,1,2,1,1.0,3
201200062087,0012-04-21 01:35:00,12,4,21,1,35,974,16,"462, BOEUF(CHEMIN)",,,Nuit avec éclairage allumé,En agglomération,Hors intersection,Normale,Sans collision,,,,,,,,,,,5,2,1,1.0,7
201200062088,0012-04-21 10:50:00,12,4,21,10,50,974,16,"SANS, CD 29",,,Plein jour,En agglomération,Hors intersection,Normale,Deux véhicules - arrière,,,,,,,,,,,1,2,1,1.0,2
201200062089,0012-04-22 08:00:00,12,4,22,8,0,974,16,"SANS, RN03",,,Plein jour,Hors agglomération,Hors intersection,Normale,Sans collision,,,,,,,,,,,1,1,1,1.0,7
201200062090,0012-04-24 09:55:00,12,4,24,9,55,974,16,"SANS, HUBERT DE LISLE(BO",,,Plein jour,En agglomération,Hors intersection,Normale,Sans collision,,,,,,,,,,,1,2,1,1.0,7
201200062091,0012-04-23 14:00:00,12,4,23,14,0,974,16,"SANS, LORION(RUE LUC)",,,Plein jour,En agglomération,Intersection en T,Normale,Deux véhicules - côté,,,,,,,,,,,1,2,3,1.0,3
201200062092,0012-04-24 15:00:00,12,4,24,15,0,974,16,"370, BOEUF(CHEMIN)",,,Plein jour,En agglomération,Hors intersection,Normale,Deux véhicules - frontale,,,,,,,,,,,1,2,1,1.0,1
201200062093,0012-04-26 13:30:00,12,4,26,13,30,974,16,"5, AUGUSTIN ARCHAMBAUD(R",,,Plein jour,En agglomération,Hors intersection,Normale,Sans collision,,,,,,,,,,,1,2,1,1.0,7
201200062094,0012-04-28 03:00:00,12,4,28,3,0,974,16,"106, PRESIDENT MITTERAND",,,Nuit avec éclairage allumé,En agglomération,Hors intersection,Normale,Autre collision,,,,,,,,,,,5,2,1,1.0,6
201200062095,0012-04-12 10:00:00,12,4,12,10,0,974,16,"SANS, BABET (RUE A)",,,Plein jour,En agglomération,Hors intersection,Normale,Sans collision,,,,,,,,,,,1,2,1,1.0,7
201200062096,0012-05-02 09:55:00,12,5,2,9,55,974,16,"09, CROIX JUBILE (RUE DE",,,Plein jour,En agglomération,Hors intersection,Normale,Deux véhicules - arrière,,,,,,,,,,,1,2,1,1.0,2
201200062097,0012-05-02 13:05:00,12,5,2,13,5,974,16,"43, SAPAN (CHEMIN)",,,Plein jour,En agglomération,Hors intersection,Normale,Sans collision,,,,,,,,,,,1,2,1,1.0,7
201200062098,0012-05-02 21:15:00,12,5,2,21,15,974,16,"135, GANDHI (RUE DU MAHA",,,Nuit avec éclairage allumé,En agglomération,Hors intersection,Normale,Sans collision,,,,,,,,,,,5,2,1,1.0,7
201200062099,0012-05-03 07:40:00,12,5,3,7,40,974,16,ARCHAMBAUD (RUE),,,Plein jour,En agglomération,Hors intersection,Normale,Autre collision,,,,,,,,,,,1,2,1,1.0,6
201200062100,0012-05-05 00:45:00,12,5,5,0,45,974,16,CAYENNE (RUE DE LA),,,Nuit sans éclairage public,En agglomération,Intersection en X,Normale,Deux véhicules - arrière,,,,,,,,,,,3,2,2,1.0,2
201200062101,0012-05-05 12:10:00,12,5,5,12,10,974,16,RN1 (ROUTE NATIONALE),,,Plein jour,En agglomération,Hors intersection,Normale,Sans collision,,,,,,,,,,,1,2,1,1.0,7
201200062102,0012-05-05 18:45:00,12,5,5,18,45,974,16,ISAUTIER (RUE FRANCOIS),,,Crépuscule ou aube,En agglomération,Autre intersection,Normale,Deux véhicules - arrière,,,,,,,,,,,2,2,9,1.0,2
201200062103,0012-05-08 04:15:00,12,5,8,4,15,974,16,"24, DIAGONALE(CHEMIN)",,,Nuit avec éclairage allumé,Hors agglomération,Hors intersection,Normale,Sans collision,,,,,,,,,,,5,1,1,1.0,7
201200062104,0012-05-05 21:05:00,12,5,5,21,5,974,16,RN3 (3),,,Nuit sans éclairage public,En agglomération,Hors intersection,Normale,Sans collision,,,,,,,,,,,3,2,1,1.0,7
201200062105,0012-05-05 22:10:00,12,5,5,22,10,974,16,SOURCE (ALLEE DE LA),,,Nuit avec éclairage allumé,En agglomération,Hors intersection,Normale,Sans collision,,,,,,,,,,,5,2,1,1.0,7
201200062106,0012-05-09 10:20:00,12,5,9,10,20,974,16,DELISLES (ROUTE),,,Plein jour,En agglomération,Autre intersection,Normale,Deux véhicules - côté,,,,,,,,,,,1,2,9,1.0,3
201200062107,0012-05-12 04:30:00,12,5,12,4,30,974,16,"28, CONCESSION CONDE (CH",,,Nuit avec éclairage allumé,En agglomération,Hors intersection,Normale,Sans collision,,,,,,,,,,,5,2,1,1.0,7
201200062108,0012-05-13 08:07:00,12,5,13,8,7,974,16,"SANS, DELISLES (ROUTE HU",,,Plein jour,En agglomération,Intersection en T,Normale,Autre collision,,,,,,,,,,,1,2,3,1.0,6
201200062109,0012-05-21 12:16:00,12,5,21,12,16,974,16,LASSAY (CHEMIN),,,Plein jour,En agglomération,Autre intersection,Normale,Deux véhicules - arrière,,,,,,,,,,,1,2,9,1.0,2
201200062110,0012-05-21 18:20:00,12,5,21,18,20,974,16,DELISLES (ROUTE HUBERT),,,Crépuscule ou aube,En agglomération,Autre intersection,Normale,Deux véhicules - arrière,,,,,,,,,,,2,2,9,1.0,2
201200062111,0012-05-23 16:40:00,12,5,23,16,40,974,16,MAHY (RUE FRANCOIS DE),,,Plein jour,En agglomération,Autre intersection,Normale,Deux véhicules - côté,,,,,,,,,,,1,2,9,1.0,3
201200062112,0012-05-26 10:42:00,12,5,26,10,42,974,16,PRESBYTERE (RUE DU),,,Plein jour,En agglomération,Intersection en T,Normale,Deux véhicules - côté,,,,,,,,,,,1,2,3,1.0,3
201200062113,0012-05-26 20:50:00,12,5,26,20,50,974,16,RN3 (1),,,Nuit sans éclairage public,En agglomération,Hors intersection,Pluie forte,Sans collision,,,,,,,,,,,3,2,1,3.0,7
201200062114,0012-05-28 22:45:00,12,5,28,22,45,974,16,"14, DELISLES (ROUTE HUBE",,,Nuit avec éclairage allumé,En agglomération,Hors intersection,Normale,Autre collision,,,,,,,,,,,5,2,1,1.0,6
201200062115,0012-06-02 01:30:00,12,6,2,1,30,974,16,"SANS, BADAMIER (CHEMIN)",,,Nuit avec éclairage allumé,En agglomération,Hors intersection,Normale,Sans collision,,,,,,,,,,,5,2,1,1.0,7
201200062116,0012-06-02 10:50:00,12,6,2,10,50,974,16,RN3 (1),,,Plein jour,En agglomération,Hors intersection,Normale,Sans collision,,,,,,,,,,,1,2,1,1.0,7
201200062117,0012-06-02 11:45:00,12,6,2,11,45,974,16,"SANS, FIL (CHEMIN DE)",,,Plein jour,En agglomération,Autre intersection,Normale,Sans collision,,,,,,,,,,,1,2,9,1.0,7
201200062118,0012-06-04 05:55:00,12,6,4,5,55,974,16,DESSERTE (ALLEE DE),,,Crépuscule ou aube,En agglomération,Intersection en T,Normale,Deux véhicules - côté,,,,,,,,,,,2,2,3,1.0,3
201200062119,0012-06-04 14:50:00,12,6,4,14,50,974,16,"SANS, PASTEUR (RUE)",,,Plein jour,En agglomération,Hors intersection,Normale,Deux véhicules - côté,,,,,,,,,,,1,2,1,1.0,3